Latitude (decimal degrees):	50.508
Longitude (decimal degrees):	30.799
Elevation (m):	131
Radiation database:	PVGIS-SARAH3


Slope: 42 deg. 
Azimuth: 0 deg. 
Nominal power of the PV system (c-Si) (kWp):	1.0
System losses (%):	10.0
time,P,G(i),H_sun,T2m,WS10m,Int
20230101:0010,0.0,0.0,0.0,6.59,4.34,0.0
20230101:0110,0.0,0.0,0.0,7.21,4.34,0.0
20230101:0210,0.0,0.0,0.0,7.64,4.28,0.0
20230101:0310,0.0,0.0,0.0,7.88,4.28,0.0
20230101:0410,0.0,0.0,0.0,7.85,4.14,0.0
20230101:0510,0.0,0.0,0.0,7.8,4.21,0.0
20230101:0610,0.0,0.0,0.0,7.68,4.28,0.0
20230101:0710,203.56,234.73,7.53,8.6,4.21,0.0
20230101:0810,377.18,420.12,12.61,9.24,4.48,0.0
20230101:0910,311.04,350.56,15.68,10.39,4.69,0.0
20230101:1010,246.82,283.38,16.45,11.45,4.76,0.0
20230101:1110,507.77,571.56,14.84,12.17,4.76,0.0
20230101:1210,474.91,535.51,11.02,12.26,4.55,0.0
20230101:1310,95.1,121.78,5.32,11.96,4.48,0.0
20230101:1410,0.0,0.0,0.0,11.63,4.55,0.0
20230101:1510,0.0,0.0,0.0,11.32,4.55,0.0
20230101:1610,0.0,0.0,0.0,10.96,4.55,0.0
20230101:1710,0.0,0.0,0.0,10.54,4.41,0.0
20230101:1810,0.0,0.0,0.0,10.08,4.28,0.0
20230101:1910,0.0,0.0,0.0,10.29,4.41,0.0
20230101:2010,0.0,0.0,0.0,9.92,4.34,0.0
20230101:2110,0.0,0.0,0.0,9.53,4.34,0.0
20230101:2210,0.0,0.0,0.0,9.14,4.41,0.0
20230101:2310,0.0,0.0,0.0,8.92,4.41,0.0
20230102:0010,0.0,0.0,0.0,8.83,4.34,0.0
20230102:0110,0.0,0.0,0.0,8.31,3.93,0.0
20230102:0210,0.0,0.0,0.0,7.71,3.72,0.0
20230102:0310,0.0,0.0,0.0,7.23,3.38,0.0
20230102:0410,0.0,0.0,0.0,6.7,3.17,0.0
20230102:0510,0.0,0.0,0.0,6.33,3.17,0.0
20230102:0610,0.0,0.0,0.0,5.96,3.03,0.0
20230102:0710,136.85,162.85,7.56,6.01,2.76,0.0
20230102:0810,467.0,520.79,12.66,7.0,2.21,0.0
20230102:0910,564.5,637.42,15.75,8.32,2.21,0.0
20230102:1010,642.77,735.2,16.53,9.28,2.21,0.0
20230102:1110,594.3,679.84,14.95,9.89,2.0,0.0
20230102:1210,473.77,541.44,11.14,9.9,1.24,0.0
20230102:1310,214.94,251.15,5.44,9.6,1.45,0.0
20230102:1410,0.0,0.0,0.0,8.25,2.0,0.0
20230102:1510,0.0,0.0,0.0,7.09,2.14,0.0
20230102:1610,0.0,0.0,0.0,6.45,2.21,0.0
20230102:1710,0.0,0.0,0.0,6.17,2.41,0.0
20230102:1810,0.0,0.0,0.0,6.09,2.55,0.0
20230102:1910,0.0,0.0,0.0,5.78,2.62,0.0
20230102:2010,0.0,0.0,0.0,5.61,2.62,0.0
20230102:2110,0.0,0.0,0.0,5.44,2.69,0.0
20230102:2210,0.0,0.0,0.0,5.33,2.83,0.0
20230102:2310,0.0,0.0,0.0,5.22,2.83,0.0
20230103:0010,0.0,0.0,0.0,5.11,2.76,0.0
20230103:0110,0.0,0.0,0.0,4.95,2.76,0.0
20230103:0210,0.0,0.0,0.0,4.81,2.83,0.0
20230103:0310,0.0,0.0,0.0,4.65,2.97,0.0
20230103:0410,0.0,0.0,0.0,4.51,3.03,0.0
20230103:0510,0.0,0.0,0.0,4.49,3.1,0.0
20230103:0610,0.0,0.0,0.0,4.61,3.31,0.0
20230103:0710,300.85,334.05,7.6,5.04,3.45,0.0
20230103:0810,566.25,624.85,12.72,6.23,3.79,0.0
20230103:0910,618.91,690.63,15.82,7.45,3.52,0.0
20230103:1010,671.98,753.0,16.63,8.63,4.28,0.0
20230103:1110,140.67,168.75,15.06,9.27,5.66,0.0
20230103:1210,464.12,515.63,11.26,9.22,4.62,0.0
20230103:1310,5.1,15.24,5.57,8.89,4.34,0.0
20230103:1410,0.0,0.0,0.0,8.19,4.21,0.0
20230103:1510,0.0,0.0,0.0,7.67,4.21,0.0
20230103:1610,0.0,0.0,0.0,7.45,4.34,0.0
20230103:1710,0.0,0.0,0.0,7.06,4.41,0.0
20230103:1810,0.0,0.0,0.0,6.56,4.48,0.0
20230103:1910,0.0,0.0,0.0,6.06,4.28,0.0
20230103:2010,0.0,0.0,0.0,5.56,4.34,0.0
20230103:2110,0.0,0.0,0.0,5.14,4.41,0.0
20230103:2210,0.0,0.0,0.0,4.93,4.62,0.0
20230103:2310,0.0,0.0,0.0,4.69,4.83,0.0
20230104:0010,0.0,0.0,0.0,4.67,4.9,0.0
20230104:0110,0.0,0.0,0.0,4.58,4.76,0.0
20230104:0210,0.0,0.0,0.0,4.63,4.76,0.0
20230104:0310,0.0,0.0,0.0,4.62,4.76,0.0
20230104:0410,0.0,0.0,0.0,4.58,4.76,0.0
20230104:0510,0.0,0.0,0.0,4.26,4.69,0.0
20230104:0610,0.0,0.0,0.0,3.98,4.62,0.0
20230104:0710,100.68,123.35,7.65,3.68,4.28,0.0
20230104:0810,171.72,196.82,12.79,3.77,4.48,0.0
20230104:0910,49.24,69.03,15.91,3.73,4.41,0.0
20230104:1010,91.07,113.99,16.73,3.62,4.62,0.0
20230104:1110,319.64,349.43,15.18,3.5,4.34,0.0
20230104:1210,55.84,75.89,11.39,3.36,4.34,0.0
20230104:1310,74.27,95.47,5.71,2.95,3.24,0.0
20230104:1410,0.0,0.0,0.0,2.46,2.62,0.0
20230104:1510,0.0,0.0,0.0,1.77,1.66,0.0
20230104:1610,0.0,0.0,0.0,1.24,1.45,0.0
20230104:1710,0.0,0.0,0.0,0.72,1.72,0.0
20230104:1810,0.0,0.0,0.0,0.96,2.0,0.0
20230104:1910,0.0,0.0,0.0,0.86,2.34,0.0
20230104:2010,0.0,0.0,0.0,0.95,2.55,0.0
20230104:2110,0.0,0.0,0.0,0.9,2.83,0.0
20230104:2210,0.0,0.0,0.0,1.05,3.31,0.0
20230104:2310,0.0,0.0,0.0,1.03,3.59,0.0
20230105:0010,0.0,0.0,0.0,0.99,3.86,0.0
20230105:0110,0.0,0.0,0.0,1.07,4.14,0.0
20230105:0210,0.0,0.0,0.0,1.18,4.41,0.0
20230105:0310,0.0,0.0,0.0,1.31,4.76,0.0
20230105:0410,0.0,0.0,0.0,1.52,5.03,0.0
20230105:0510,0.0,0.0,0.0,1.72,5.17,0.0
20230105:0610,0.0,0.0,0.0,2.08,5.31,0.0
20230105:0710,12.27,25.1,7.7,3.01,4.9,0.0
20230105:0810,236.47,262.93,12.86,3.73,5.03,0.0
20230105:0910,47.46,67.24,16.0,4.58,5.24,0.0
20230105:1010,248.45,277.61,16.85,5.32,4.97,0.0
20230105:1110,15.48,29.59,15.3,5.84,4.83,0.0
20230105:1210,31.53,49.31,11.53,6.13,4.9,0.0
20230105:1310,9.45,21.52,5.85,6.22,4.76,0.0
20230105:1410,0.0,0.0,0.0,6.26,4.41,0.0
20230105:1510,0.0,0.0,0.0,6.34,4.21,0.0
20230105:1610,0.0,0.0,0.0,6.35,4.07,0.0
20230105:1710,0.0,0.0,0.0,6.03,4.21,0.0
20230105:1810,0.0,0.0,0.0,5.95,4.41,0.0
20230105:1910,0.0,0.0,0.0,6.22,4.41,0.0
20230105:2010,0.0,0.0,0.0,6.25,4.69,0.0
20230105:2110,0.0,0.0,0.0,6.13,4.9,0.0
20230105:2210,0.0,0.0,0.0,5.83,4.83,0.0
20230105:2310,0.0,0.0,0.0,5.52,4.9,0.0
20230106:0010,0.0,0.0,0.0,5.16,4.62,0.0
20230106:0110,0.0,0.0,0.0,4.84,4.0,0.0
20230106:0210,0.0,0.0,0.0,4.05,3.66,0.0
20230106:0310,0.0,0.0,0.0,2.36,4.21,0.0
20230106:0410,0.0,0.0,0.0,0.69,4.21,0.0
20230106:0510,0.0,0.0,0.0,-0.2,4.55,0.0
20230106:0610,0.0,0.0,0.0,-0.91,4.9,0.0
20230106:0710,148.24,169.77,7.77,-0.55,4.28,0.0
20230106:0810,66.24,85.74,12.94,-1.12,4.55,0.0
20230106:0910,36.73,53.79,16.1,-1.59,4.41,0.0
20230106:1010,30.44,46.62,16.96,-1.8,4.21,0.0
20230106:1110,22.01,36.76,15.44,-1.87,4.34,0.0
20230106:1210,25.09,40.34,11.67,-2.21,4.41,0.0
20230106:1310,2.66,10.76,6.0,-2.76,4.21,0.0
20230106:1410,0.0,0.0,0.0,-3.35,4.28,0.0
20230106:1510,0.0,0.0,0.0,-3.99,4.34,0.0
20230106:1610,0.0,0.0,0.0,-4.63,4.21,0.0
20230106:1710,0.0,0.0,0.0,-5.26,4.21,0.0
20230106:1810,0.0,0.0,0.0,-5.72,4.0,0.0
20230106:1910,0.0,0.0,0.0,-5.84,3.59,0.0
20230106:2010,0.0,0.0,0.0,-6.31,3.31,0.0
20230106:2110,0.0,0.0,0.0,-6.74,2.97,0.0
20230106:2210,0.0,0.0,0.0,-7.17,2.69,0.0
20230106:2310,0.0,0.0,0.0,-7.51,2.34,0.0
20230107:0010,0.0,0.0,0.0,-7.77,2.14,0.0
20230107:0110,0.0,0.0,0.0,-7.93,1.86,0.0
20230107:0210,0.0,0.0,0.0,-8.05,1.59,0.0
20230107:0310,0.0,0.0,0.0,-8.04,1.59,0.0
20230107:0410,0.0,0.0,0.0,-8.19,2.14,0.0
20230107:0510,0.0,0.0,0.0,-8.28,2.07,0.0
20230107:0610,0.0,0.0,0.0,-8.18,2.21,0.0
20230107:0710,219.95,235.98,7.83,-8.26,2.34,0.0
20230107:0810,307.53,322.87,13.03,-7.88,2.34,0.0
20230107:0910,387.16,404.68,16.21,-7.35,2.28,0.0
20230107:1010,247.21,264.64,17.09,-6.81,2.21,0.0
20230107:1110,334.03,352.26,15.58,-6.41,2.14,0.0
20230107:1210,323.25,341.24,11.82,-6.26,2.21,0.0
20230107:1310,58.85,76.18,6.15,-6.4,2.21,0.0
20230107:1410,0.0,0.0,0.0,-6.79,2.14,0.0
20230107:1510,0.0,0.0,0.0,-7.22,2.34,0.0
20230107:1610,0.0,0.0,0.0,-7.77,2.62,0.0
20230107:1710,0.0,0.0,0.0,-8.29,2.76,0.0
20230107:1810,0.0,0.0,0.0,-8.76,2.76,0.0
20230107:1910,0.0,0.0,0.0,-9.42,2.69,0.0
20230107:2010,0.0,0.0,0.0,-9.73,2.76,0.0
20230107:2110,0.0,0.0,0.0,-9.85,2.83,0.0
20230107:2210,0.0,0.0,0.0,-10.04,2.76,0.0
20230107:2310,0.0,0.0,0.0,-10.21,2.69,0.0
20230108:0010,0.0,0.0,0.0,-10.22,2.69,0.0
20230108:0110,0.0,0.0,0.0,-10.35,2.83,0.0
20230108:0210,0.0,0.0,0.0,-10.45,2.69,0.0
20230108:0310,0.0,0.0,0.0,-10.58,2.69,0.0
20230108:0410,0.0,0.0,0.0,-10.63,2.69,0.0
20230108:0510,0.0,0.0,0.0,-10.62,2.76,0.0
20230108:0610,0.0,0.0,0.0,-10.6,2.83,0.0
20230108:0710,96.21,112.52,7.91,-10.17,3.31,0.0
20230108:0810,244.48,257.85,13.12,-9.07,3.66,0.0
20230108:0910,265.12,279.75,16.33,-7.79,3.79,0.0
20230108:1010,223.88,240.4,17.22,-6.78,3.93,0.0
20230108:1110,236.95,254.01,15.72,-5.84,3.93,0.0
20230108:1210,103.81,122.32,11.97,-5.57,3.72,0.0
20230108:1310,289.96,308.92,6.31,-5.57,3.66,0.0
20230108:1410,0.0,0.0,0.0,-6.05,3.24,0.0
20230108:1510,0.0,0.0,0.0,-6.64,3.45,0.0
20230108:1610,0.0,0.0,0.0,-6.85,3.66,0.0
20230108:1710,0.0,0.0,0.0,-7.19,3.66,0.0
20230108:1810,0.0,0.0,0.0,-7.28,3.66,0.0
20230108:1910,0.0,0.0,0.0,-7.92,3.66,0.0
20230108:2010,0.0,0.0,0.0,-7.83,3.79,0.0
20230108:2110,0.0,0.0,0.0,-7.69,3.86,0.0
20230108:2210,0.0,0.0,0.0,-7.43,3.79,0.0
20230108:2310,0.0,0.0,0.0,-7.05,4.0,0.0
20230109:0010,0.0,0.0,0.0,-6.63,4.07,0.0
20230109:0110,0.0,0.0,0.0,-6.29,4.07,0.0
20230109:0210,0.0,0.0,0.0,-5.96,4.14,0.0
20230109:0310,0.0,0.0,0.0,-5.72,4.28,0.0
20230109:0410,0.0,0.0,0.0,-5.51,4.48,0.0
20230109:0510,0.0,0.0,0.0,-5.3,4.41,0.0
20230109:0610,0.0,0.0,0.0,-5.05,4.48,0.0
20230109:0710,13.53,26.0,7.99,-5.06,4.48,0.0
20230109:0810,43.82,60.96,13.23,-4.64,4.69,0.0
20230109:0910,40.44,57.38,16.45,-4.09,4.69,0.0
20230109:1010,18.47,32.27,17.36,-3.61,4.76,0.0
20230109:1110,20.67,34.96,15.88,-3.24,4.69,0.0
20230109:1210,10.62,22.41,12.14,-2.88,4.83,0.0
20230109:1310,50.12,67.87,6.48,-2.61,4.69,0.0
20230109:1410,0.0,0.0,0.0,-2.18,5.93,0.0
20230109:1510,0.0,0.0,0.0,-1.71,5.66,0.0
20230109:1610,0.0,0.0,0.0,-1.44,5.59,0.0
20230109:1710,0.0,0.0,0.0,-1.15,5.72,0.0
20230109:1810,0.0,0.0,0.0,-0.99,5.86,0.0
20230109:1910,0.0,0.0,0.0,-1.52,5.86,0.0
20230109:2010,0.0,0.0,0.0,-1.49,5.79,0.0
20230109:2110,0.0,0.0,0.0,-1.74,5.86,0.0
20230109:2210,0.0,0.0,0.0,-2.14,5.93,0.0
20230109:2310,0.0,0.0,0.0,-2.63,5.79,0.0
20230110:0010,0.0,0.0,0.0,-3.05,5.52,0.0
20230110:0110,0.0,0.0,0.0,-3.34,5.17,0.0
20230110:0210,0.0,0.0,0.0,-3.61,5.1,0.0
20230110:0310,0.0,0.0,0.0,-3.87,5.24,0.0
20230110:0410,0.0,0.0,0.0,-4.24,5.45,0.0
20230110:0510,0.0,0.0,0.0,-4.57,5.59,0.0
20230110:0610,0.0,0.0,0.0,-4.89,5.72,0.0
20230110:0710,80.81,98.97,8.08,-5.16,5.1,0.0
20230110:0810,113.86,132.58,13.34,-4.85,5.79,0.0
20230110:0910,174.2,193.02,16.58,-4.21,5.86,0.0
20230110:1010,214.6,233.82,17.51,-3.37,5.66,0.0
20230110:1110,308.42,327.9,16.04,-2.7,5.45,0.0
20230110:1210,349.48,369.86,12.3,-2.46,5.1,0.0
20230110:1310,261.53,282.88,6.65,-2.6,4.76,0.0
20230110:1410,0.0,0.0,0.0,-3.19,5.24,0.0
20230110:1510,0.0,0.0,0.0,-3.48,5.38,0.0
20230110:1610,0.0,0.0,0.0,-3.45,5.45,0.0
20230110:1710,0.0,0.0,0.0,-3.27,5.72,0.0
20230110:1810,0.0,0.0,0.0,-3.29,5.24,0.0
20230110:1910,0.0,0.0,0.0,-3.76,5.03,0.0
20230110:2010,0.0,0.0,0.0,-4.15,4.97,0.0
20230110:2110,0.0,0.0,0.0,-4.6,5.1,0.0
20230110:2210,0.0,0.0,0.0,-5.06,5.1,0.0
20230110:2310,0.0,0.0,0.0,-5.48,5.03,0.0
20230111:0010,0.0,0.0,0.0,-5.85,4.97,0.0
20230111:0110,0.0,0.0,0.0,-6.14,4.76,0.0
20230111:0210,0.0,0.0,0.0,-6.39,4.62,0.0
20230111:0310,0.0,0.0,0.0,-6.58,4.55,0.0
20230111:0410,0.0,0.0,0.0,-6.7,4.48,0.0
20230111:0510,0.0,0.0,0.0,-6.79,4.34,0.0
20230111:0610,0.0,0.0,0.0,-6.87,4.28,0.0
20230111:0710,181.16,197.14,8.18,-7.94,4.14,0.0
20230111:0810,187.5,203.19,13.45,-7.74,4.41,0.0
20230111:0910,328.15,342.04,16.71,-7.15,4.55,0.0
20230111:1010,277.85,293.48,17.66,-6.46,4.48,0.0
20230111:1110,176.69,194.62,16.2,-5.8,4.14,0.0
20230111:1210,127.02,145.5,12.48,-5.41,3.79,0.0
20230111:1310,56.75,74.18,6.83,-5.38,3.52,0.0
20230111:1410,0.0,0.0,0.0,-5.59,3.03,0.0
20230111:1510,0.0,0.0,0.0,-5.9,3.1,0.0
20230111:1610,0.0,0.0,0.0,-6.06,3.31,0.0
20230111:1710,0.0,0.0,0.0,-6.06,3.59,0.0
20230111:1810,0.0,0.0,0.0,-6.13,3.59,0.0
20230111:1910,0.0,0.0,0.0,-7.28,3.1,0.0
20230111:2010,0.0,0.0,0.0,-7.52,3.1,0.0
20230111:2110,0.0,0.0,0.0,-7.59,3.17,0.0
20230111:2210,0.0,0.0,0.0,-7.59,3.17,0.0
20230111:2310,0.0,0.0,0.0,-7.53,2.97,0.0
20230112:0010,0.0,0.0,0.0,-7.55,2.62,0.0
20230112:0110,0.0,0.0,0.0,-7.43,2.41,0.0
20230112:0210,0.0,0.0,0.0,-7.42,2.48,0.0
20230112:0310,0.0,0.0,0.0,-7.25,2.55,0.0
20230112:0410,0.0,0.0,0.0,-7.1,2.83,0.0
20230112:0510,0.0,0.0,0.0,-7.13,2.97,0.0
20230112:0610,0.0,0.0,0.0,-7.22,2.97,0.0
20230112:0710,153.88,171.05,8.28,-7.35,3.24,0.0
20230112:0810,69.81,87.86,13.58,-6.22,3.38,0.0
20230112:0910,82.01,101.11,16.86,-5.03,3.24,0.0
20230112:1010,41.18,58.27,17.83,-3.93,3.17,0.0
20230112:1110,53.31,71.72,16.38,-2.95,3.31,0.0
20230112:1210,131.51,151.84,12.66,-2.59,3.24,0.0
20230112:1310,2.66,10.76,7.01,-2.73,2.97,0.0
20230112:1410,0.0,0.0,0.0,-3.49,2.62,0.0
20230112:1510,0.0,0.0,0.0,-4.3,2.48,0.0
20230112:1610,0.0,0.0,0.0,-4.77,2.55,0.0
20230112:1710,0.0,0.0,0.0,-4.86,2.62,0.0
20230112:1810,0.0,0.0,0.0,-4.83,2.76,0.0
20230112:1910,0.0,0.0,0.0,-6.02,2.9,0.0
20230112:2010,0.0,0.0,0.0,-6.17,2.83,0.0
20230112:2110,0.0,0.0,0.0,-6.15,2.34,0.0
20230112:2210,0.0,0.0,0.0,-6.18,2.0,0.0
20230112:2310,0.0,0.0,0.0,-6.29,2.07,0.0
20230113:0010,0.0,0.0,0.0,-6.29,2.21,0.0
20230113:0110,0.0,0.0,0.0,-6.35,2.34,0.0
20230113:0210,0.0,0.0,0.0,-6.32,2.48,0.0
20230113:0310,0.0,0.0,0.0,-6.33,2.55,0.0
20230113:0410,0.0,0.0,0.0,-6.39,2.62,0.0
20230113:0510,0.0,0.0,0.0,-6.29,2.55,0.0
20230113:0610,0.0,0.0,0.0,-6.16,2.48,0.0
20230113:0710,10.11,21.52,8.39,-5.92,2.55,0.0
20230113:0810,18.6,32.27,13.71,-5.04,2.9,0.0
20230113:0910,70.28,89.48,17.01,-3.7,3.1,0.0
20230113:1010,50.67,69.03,17.99,-2.38,3.1,0.0
20230113:1110,50.46,69.03,16.56,-1.51,2.97,0.0
20230113:1210,41.38,59.17,12.85,-0.94,2.83,0.0
20230113:1310,6.63,17.03,7.2,-0.84,2.48,0.0
20230113:1410,0.0,0.0,0.0,-1.11,2.14,0.0
20230113:1510,0.0,0.0,0.0,-1.96,2.34,0.0
20230113:1610,0.0,0.0,0.0,-2.31,2.62,0.0
20230113:1710,0.0,0.0,0.0,-2.71,2.9,0.0
20230113:1810,0.0,0.0,0.0,-2.91,3.03,0.0
20230113:1910,0.0,0.0,0.0,-2.73,3.17,0.0
20230113:2010,0.0,0.0,0.0,-2.49,2.9,0.0
20230113:2110,0.0,0.0,0.0,-2.28,2.55,0.0
20230113:2210,0.0,0.0,0.0,-2.14,2.41,0.0
20230113:2310,0.0,0.0,0.0,-2.03,2.41,0.0
20230114:0010,0.0,0.0,0.0,-2.04,2.48,0.0
20230114:0110,0.0,0.0,0.0,-1.94,2.48,0.0
20230114:0210,0.0,0.0,0.0,-1.92,2.55,0.0
20230114:0310,0.0,0.0,0.0,-1.91,2.62,0.0
20230114:0410,0.0,0.0,0.0,-1.86,2.69,0.0
20230114:0510,0.0,0.0,0.0,-1.86,2.62,0.0
20230114:0610,0.0,0.9,1.58,-1.86,2.48,0.0
20230114:0710,1.64,8.97,8.51,-1.84,2.0,0.0
20230114:0810,53.94,72.78,13.85,-1.48,2.07,0.0
20230114:0910,62.7,82.48,17.17,-1.08,2.14,0.0
20230114:1010,34.14,51.1,18.17,-0.66,2.07,0.0
20230114:1110,55.04,74.41,16.74,-0.33,2.07,0.0
20230114:1210,11.8,24.21,13.04,-0.2,2.07,0.0
20230114:1310,2.61,10.76,7.39,-0.13,2.0,0.0
20230114:1410,0.0,0.0,0.0,-0.64,1.72,0.0
20230114:1510,0.0,0.0,0.0,-1.2,1.86,0.0
20230114:1610,0.0,0.0,0.0,-1.47,2.0,0.0
20230114:1710,0.0,0.0,0.0,-1.68,2.14,0.0
20230114:1810,0.0,0.0,0.0,-1.63,2.14,0.0
20230114:1910,0.0,0.0,0.0,-2.13,1.86,0.0
20230114:2010,0.0,0.0,0.0,-2.12,1.79,0.0
20230114:2110,0.0,0.0,0.0,-2.07,1.72,0.0
20230114:2210,0.0,0.0,0.0,-1.99,1.72,0.0
20230114:2310,0.0,0.0,0.0,-1.88,1.79,0.0
20230115:0010,0.0,0.0,0.0,-1.84,1.86,0.0
20230115:0110,0.0,0.0,0.0,-1.9,1.86,0.0
20230115:0210,0.0,0.0,0.0,-1.78,1.93,0.0
20230115:0310,0.0,0.0,0.0,-1.84,2.0,0.0
20230115:0410,0.0,0.0,0.0,-1.88,2.0,0.0
20230115:0510,0.0,0.0,0.0,-1.83,2.14,0.0
20230115:0610,0.0,0.9,1.68,-1.74,2.48,0.0
20230115:0710,141.5,162.75,8.64,-1.73,2.41,0.0
20230115:0810,135.06,156.6,13.99,-1.14,2.76,0.0
20230115:0910,62.6,82.48,17.33,-0.58,2.76,0.0
20230115:1010,37.22,54.69,18.35,-0.09,2.83,0.0
20230115:1110,31.65,48.41,16.94,0.34,3.17,0.0
20230115:1210,5.96,16.14,13.24,0.63,3.45,0.0
20230115:1310,8.46,19.72,7.59,0.53,3.03,0.0
20230115:1410,0.0,0.0,0.0,-0.02,3.31,0.0
20230115:1510,0.0,0.0,0.0,-0.4,3.66,0.0
20230115:1610,0.0,0.0,0.0,-0.66,3.52,0.0
20230115:1710,0.0,0.0,0.0,-0.45,3.24,0.0
20230115:1810,0.0,0.0,0.0,-0.73,3.24,0.0
20230115:1910,0.0,0.0,0.0,-1.2,3.72,0.0
20230115:2010,0.0,0.0,0.0,-1.22,3.86,0.0
20230115:2110,0.0,0.0,0.0,-1.32,3.66,0.0
20230115:2210,0.0,0.0,0.0,-1.29,3.52,0.0
20230115:2310,0.0,0.0,0.0,-1.22,3.52,0.0
20230116:0010,0.0,0.0,0.0,-1.06,3.66,0.0
20230116:0110,0.0,0.0,0.0,-0.95,3.72,0.0
20230116:0210,0.0,0.0,0.0,-0.98,3.66,0.0
20230116:0310,0.0,0.0,0.0,-0.83,3.59,0.0
20230116:0410,0.0,0.0,0.0,-0.73,3.59,0.0
20230116:0510,0.0,0.0,0.0,-0.68,3.45,0.0
20230116:0610,0.0,0.9,1.8,-0.6,3.31,0.0
20230116:0710,9.81,21.52,8.77,-0.43,3.1,0.0
20230116:0810,27.83,43.93,14.14,0.04,2.76,0.0
20230116:0910,47.51,66.34,17.5,0.59,3.1,0.0
20230116:1010,23.92,39.45,18.54,0.95,2.97,0.0
20230116:1110,32.25,49.31,17.13,1.41,2.97,0.0
20230116:1210,17.97,32.27,13.44,1.6,2.83,0.0
20230116:1310,7.15,17.93,7.79,1.57,3.17,0.0
20230116:1410,0.0,0.0,0.0,1.48,3.17,0.0
20230116:1510,0.0,0.0,0.0,1.37,3.17,0.0
20230116:1610,0.0,0.0,0.0,1.43,3.31,0.0
20230116:1710,0.0,0.0,0.0,1.6,3.52,0.0
20230116:1810,0.0,0.0,0.0,1.8,3.72,0.0
20230116:1910,0.0,0.0,0.0,1.87,4.55,0.0
20230116:2010,0.0,0.0,0.0,2.11,4.83,0.0
20230116:2110,0.0,0.0,0.0,2.25,5.03,0.0
20230116:2210,0.0,0.0,0.0,2.28,5.24,0.0
20230116:2310,0.0,0.0,0.0,2.22,5.45,0.0
20230117:0010,0.0,0.0,0.0,2.22,5.52,0.0
20230117:0110,0.0,0.0,0.0,2.34,5.52,0.0
20230117:0210,0.0,0.0,0.0,2.55,5.66,0.0
20230117:0310,0.0,0.0,0.0,2.76,5.72,0.0
20230117:0410,0.0,0.0,0.0,2.92,5.79,0.0
20230117:0510,0.0,0.0,0.0,3.06,5.79,0.0
20230117:0610,0.0,0.9,1.92,3.26,5.79,0.0
20230117:0710,2.04,9.86,8.91,3.62,6.07,0.0
20230117:0810,22.86,38.55,14.3,3.79,6.0,0.0
20230117:0910,79.4,101.69,17.68,3.76,6.0,0.0
20230117:1010,77.81,100.05,18.73,3.65,5.93,0.0
20230117:1110,22.86,38.55,17.34,3.83,5.72,0.0
20230117:1210,125.13,149.16,13.65,4.2,5.66,0.0
20230117:1310,1.1,8.07,8.0,4.59,5.59,0.0
20230117:1410,0.0,0.0,0.0,5.01,5.38,0.0
20230117:1510,0.0,0.0,0.0,5.42,5.45,0.0
20230117:1610,0.0,0.0,0.0,5.7,5.38,0.0
20230117:1710,0.0,0.0,0.0,5.91,5.1,0.0
20230117:1810,0.0,0.0,0.0,5.91,4.62,0.0
20230117:1910,0.0,0.0,0.0,6.36,4.55,0.0
20230117:2010,0.0,0.0,0.0,6.38,3.86,0.0
20230117:2110,0.0,0.0,0.0,6.16,3.31,0.0
20230117:2210,0.0,0.0,0.0,5.71,3.45,0.0
20230117:2310,0.0,0.0,0.0,5.47,3.72,0.0
20230118:0010,0.0,0.0,0.0,5.22,3.45,0.0
20230118:0110,0.0,0.0,0.0,5.23,3.45,0.0
20230118:0210,0.0,0.0,0.0,5.31,3.86,0.0
20230118:0310,0.0,0.0,0.0,5.52,4.28,0.0
20230118:0410,0.0,0.0,0.0,5.74,4.76,0.0
20230118:0510,0.0,0.0,0.0,6.03,5.17,0.0
20230118:0610,0.0,0.9,2.04,6.4,5.45,0.0
20230118:0710,10.06,22.41,9.05,6.86,5.79,0.0
20230118:0810,28.34,45.72,14.47,7.37,6.0,0.0
20230118:0910,10.0,22.41,17.87,7.83,6.07,0.0
20230118:1010,45.05,65.45,18.93,8.3,5.93,0.0
20230118:1110,75.85,99.88,17.55,8.77,5.79,0.0
20230118:1210,76.5,100.46,13.86,9.18,5.66,0.0
20230118:1310,61.77,84.08,8.21,9.3,5.59,0.0
20230118:1410,0.0,0.0,0.0,9.37,5.59,0.0
20230118:1510,0.0,0.0,0.0,9.39,5.66,0.0
20230118:1610,0.0,0.0,0.0,9.41,5.66,0.0
20230118:1710,0.0,0.0,0.0,9.43,5.59,0.0
20230118:1810,0.0,0.0,0.0,9.2,5.52,0.0
20230118:1910,0.0,0.0,0.0,8.82,4.83,0.0
20230118:2010,0.0,0.0,0.0,8.34,4.28,0.0
20230118:2110,0.0,0.0,0.0,7.69,3.86,0.0
20230118:2210,0.0,0.0,0.0,6.95,3.45,0.0
20230118:2310,0.0,0.0,0.0,6.09,2.97,0.0
20230119:0010,0.0,0.0,0.0,5.48,2.62,0.0
20230119:0110,0.0,0.0,0.0,4.49,2.34,0.0
20230119:0210,0.0,0.0,0.0,3.47,2.14,0.0
20230119:0310,0.0,0.0,0.0,2.52,1.86,0.0
20230119:0410,0.0,0.0,0.0,1.8,1.79,0.0
20230119:0510,0.0,0.0,0.0,1.61,2.0,0.0
20230119:0610,0.0,3.59,2.18,2.06,2.14,0.0
20230119:0710,121.77,145.47,9.2,3.05,2.62,0.0
20230119:0810,41.16,60.07,14.64,4.06,2.97,0.0
20230119:0910,41.69,60.96,18.06,5.41,3.52,0.0
20230119:1010,21.77,37.65,19.14,6.73,3.79,0.0
20230119:1110,33.48,52.0,17.77,8.11,4.9,0.0
20230119:1210,15.9,30.48,14.08,9.0,4.0,0.0
20230119:1310,8.04,19.72,8.43,9.3,4.07,0.0
20230119:1410,0.0,0.0,0.0,9.22,4.07,0.0
20230119:1510,0.0,0.0,0.0,8.94,4.07,0.0
20230119:1610,0.0,0.0,0.0,8.41,4.14,0.0
20230119:1710,0.0,0.0,0.0,8.3,4.34,0.0
20230119:1810,0.0,0.0,0.0,8.33,4.62,0.0
20230119:1910,0.0,0.0,0.0,7.97,4.69,0.0
20230119:2010,0.0,0.0,0.0,7.8,4.83,0.0
20230119:2110,0.0,0.0,0.0,7.63,4.69,0.0
20230119:2210,0.0,0.0,0.0,7.37,4.48,0.0
20230119:2310,0.0,0.0,0.0,7.09,4.28,0.0
20230120:0010,0.0,0.0,0.0,6.7,4.07,0.0
20230120:0110,0.0,0.0,0.0,6.27,3.86,0.0
20230120:0210,0.0,0.0,0.0,6.03,3.79,0.0
20230120:0310,0.0,0.0,0.0,5.82,3.59,0.0
20230120:0410,0.0,0.0,0.0,5.81,3.45,0.0
20230120:0510,0.0,0.0,0.0,5.64,3.31,0.0
20230120:0610,0.0,1.79,2.31,5.4,3.24,0.0
20230120:0710,177.95,206.18,9.36,6.24,3.45,0.0
20230120:0810,57.18,78.84,14.82,7.21,3.79,0.0
20230120:0910,315.76,353.44,18.26,8.09,3.93,0.0
20230120:1010,85.04,110.32,19.36,8.95,3.1,0.0
20230120:1110,317.55,358.74,17.99,9.58,3.17,0.0
20230120:1210,302.53,341.7,14.31,9.85,3.86,0.0
20230120:1310,343.26,387.74,8.65,9.48,3.52,0.0
20230120:1410,0.0,0.0,0.0,8.33,3.38,0.0
20230120:1510,0.0,0.0,0.0,6.71,3.45,0.0
20230120:1610,0.0,0.0,0.0,5.66,3.59,0.0
20230120:1710,0.0,0.0,0.0,4.88,3.72,0.0
20230120:1810,0.0,0.0,0.0,4.32,3.86,0.0
20230120:1910,0.0,0.0,0.0,3.77,4.21,0.0
20230120:2010,0.0,0.0,0.0,3.42,4.28,0.0
20230120:2110,0.0,0.0,0.0,2.82,4.14,0.0
20230120:2210,0.0,0.0,0.0,2.3,4.14,0.0
20230120:2310,0.0,0.0,0.0,1.75,4.0,0.0
20230121:0010,0.0,0.0,0.0,1.2,3.93,0.0
20230121:0110,0.0,0.0,0.0,0.82,3.93,0.0
20230121:0210,0.0,0.0,0.0,0.58,3.93,0.0
20230121:0310,0.0,0.0,0.0,0.37,3.86,0.0
20230121:0410,0.0,0.0,0.0,0.19,3.86,0.0
20230121:0510,0.0,0.0,0.0,0.02,3.93,0.0
20230121:0610,0.0,1.79,2.46,-0.08,3.93,0.0
20230121:0710,2.6,10.76,9.53,0.06,3.86,0.0
20230121:0810,55.69,75.18,15.0,0.64,4.21,0.0
20230121:0910,55.52,75.31,18.46,1.46,4.9,0.0
20230121:1010,223.9,249.6,19.58,1.93,4.14,0.0
20230121:1110,36.0,53.79,18.22,2.41,3.72,0.0
20230121:1210,25.96,42.14,14.54,2.65,3.52,0.0
20230121:1310,2.05,9.86,8.88,2.71,3.24,0.0
20230121:1410,0.0,0.9,1.68,2.62,3.1,0.0
20230121:1510,0.0,0.0,0.0,2.51,3.24,0.0
20230121:1610,0.0,0.0,0.0,2.62,3.17,0.0
20230121:1710,0.0,0.0,0.0,2.78,2.97,0.0
20230121:1810,0.0,0.0,0.0,2.97,2.76,0.0
20230121:1910,0.0,0.0,0.0,1.91,2.69,0.0
20230121:2010,0.0,0.0,0.0,2.05,2.55,0.0
20230121:2110,0.0,0.0,0.0,2.05,2.41,0.0
20230121:2210,0.0,0.0,0.0,1.67,2.28,0.0
20230121:2310,0.0,0.0,0.0,1.85,2.14,0.0
20230122:0010,0.0,0.0,0.0,1.88,2.07,0.0
20230122:0110,0.0,0.0,0.0,1.68,2.14,0.0
20230122:0210,0.0,0.0,0.0,1.77,2.07,0.0
20230122:0310,0.0,0.0,0.0,1.77,2.14,0.0
20230122:0410,0.0,0.0,0.0,1.79,2.28,0.0
20230122:0510,0.0,0.0,0.0,1.77,2.34,0.0
20230122:0610,0.0,1.79,2.61,1.68,2.48,0.0
20230122:0710,40.8,58.98,9.7,1.76,2.41,0.0
20230122:0810,75.93,97.52,15.2,2.15,2.48,0.0
20230122:0910,159.34,184.6,18.68,2.64,3.03,0.0
20230122:1010,67.37,88.76,19.8,2.85,3.31,0.0
20230122:1110,16.42,30.48,18.45,2.97,2.97,0.0
20230122:1210,15.02,28.69,14.77,2.93,2.62,0.0
20230122:1310,10.28,22.41,9.11,2.82,2.48,0.0
20230122:1410,0.0,0.9,1.9,2.45,2.07,0.0
20230122:1510,0.0,0.0,0.0,1.96,2.14,0.0
20230122:1610,0.0,0.0,0.0,1.71,2.28,0.0
20230122:1710,0.0,0.0,0.0,1.59,2.48,0.0
20230122:1810,0.0,0.0,0.0,1.36,2.48,0.0
20230122:1910,0.0,0.0,0.0,0.87,2.41,0.0
20230122:2010,0.0,0.0,0.0,0.66,2.41,0.0
20230122:2110,0.0,0.0,0.0,0.45,2.28,0.0
20230122:2210,0.0,0.0,0.0,0.27,2.07,0.0
20230122:2310,0.0,0.0,0.0,0.01,1.86,0.0
20230123:0010,0.0,0.0,0.0,-0.14,1.72,0.0
20230123:0110,0.0,0.0,0.0,-0.36,1.79,0.0
20230123:0210,0.0,0.0,0.0,-0.52,1.93,0.0
20230123:0310,0.0,0.0,0.0,-0.66,2.0,0.0
20230123:0410,0.0,0.0,0.0,-1.0,2.0,0.0
20230123:0510,0.0,0.0,0.0,-1.11,1.93,0.0
20230123:0610,0.0,2.69,2.77,-1.06,2.0,0.0
20230123:0710,66.05,85.7,9.88,-0.66,2.14,0.0
20230123:0810,62.4,82.31,15.4,-0.23,2.28,0.0
20230123:0910,48.41,67.24,18.89,0.09,2.41,0.0
20230123:1010,30.86,47.52,20.03,0.34,2.55,0.0
20230123:1110,45.84,64.55,18.69,0.75,2.62,0.0
20230123:1210,14.48,27.79,15.01,0.9,2.55,0.0
20230123:1310,11.72,24.21,9.35,1.04,2.48,0.0
20230123:1410,0.0,0.9,2.13,0.86,2.14,0.0
20230123:1510,0.0,0.0,0.0,0.37,2.0,0.0
20230123:1610,0.0,0.0,0.0,0.07,2.14,0.0
20230123:1710,0.0,0.0,0.0,-0.15,2.28,0.0
20230123:1810,0.0,0.0,0.0,-0.34,2.28,0.0
20230123:1910,0.0,0.0,0.0,-0.85,2.07,0.0
20230123:2010,0.0,0.0,0.0,-1.11,1.79,0.0
20230123:2110,0.0,0.0,0.0,-1.48,1.72,0.0
20230123:2210,0.0,0.0,0.0,-1.87,1.79,0.0
20230123:2310,0.0,0.0,0.0,-2.28,1.86,0.0
20230124:0010,0.0,0.0,0.0,-2.66,2.0,0.0
20230124:0110,0.0,0.0,0.0,-2.9,2.07,0.0
20230124:0210,0.0,0.0,0.0,-3.26,2.0,0.0
20230124:0310,0.0,0.0,0.0,-3.25,1.79,0.0
20230124:0410,0.0,0.0,0.0,-3.54,1.79,0.0
20230124:0510,0.0,0.0,0.0,-3.71,1.79,0.0
20230124:0610,0.0,3.59,2.94,-4.05,1.86,0.0
20230124:0710,74.25,93.4,10.06,-3.36,2.0,0.0
20230124:0810,179.85,201.66,15.6,-2.42,1.86,0.0
20230124:0910,71.11,91.45,19.12,-1.31,1.72,0.0
20230124:1010,42.81,60.96,20.27,-0.33,1.66,0.0
20230124:1110,48.36,67.24,18.94,0.15,1.66,0.0
20230124:1210,28.54,44.83,15.26,0.29,1.72,0.0
20230124:1310,17.36,31.38,9.59,0.22,1.72,0.0
20230124:1410,0.0,1.79,2.36,-0.09,1.52,0.0
20230124:1510,0.0,0.0,0.0,-0.67,1.66,0.0
20230124:1610,0.0,0.0,0.0,-1.05,1.52,0.0
20230124:1710,0.0,0.0,0.0,-1.69,1.38,0.0
20230124:1810,0.0,0.0,0.0,-2.25,1.52,0.0
20230124:1910,0.0,0.0,0.0,-1.49,1.66,0.0
20230124:2010,0.0,0.0,0.0,-1.28,1.72,0.0
20230124:2110,0.0,0.0,0.0,-1.41,1.59,0.0
20230124:2210,0.0,0.0,0.0,-1.41,1.72,0.0
20230124:2310,0.0,0.0,0.0,-1.56,1.66,0.0
20230125:0010,0.0,0.0,0.0,-1.61,1.45,0.0
20230125:0110,0.0,0.0,0.0,-1.69,1.86,0.0
20230125:0210,0.0,0.0,0.0,-1.85,2.21,0.0
20230125:0310,0.0,0.0,0.0,-1.92,2.0,0.0
20230125:0410,0.0,0.0,0.0,-2.05,1.72,0.0
20230125:0510,0.0,0.0,0.0,-2.09,1.38,0.0
20230125:0610,0.0,3.59,3.11,-2.22,1.38,0.0
20230125:0710,43.55,61.22,10.25,-2.25,0.76,0.0
20230125:0810,57.08,76.2,15.81,-2.12,0.9,0.0
20230125:0910,62.82,82.48,19.35,-1.92,0.76,0.0
20230125:1010,41.43,59.17,20.52,-1.72,0.55,0.0
20230125:1110,35.05,52.0,19.19,-1.73,0.41,0.0
20230125:1210,16.79,30.48,15.51,-1.61,0.48,0.0
20230125:1310,7.91,18.83,9.83,-1.59,0.62,0.0
20230125:1410,0.0,1.79,2.6,-1.7,0.83,0.0
20230125:1510,0.0,0.0,0.0,-1.81,0.83,0.0
20230125:1610,0.0,0.0,0.0,-1.89,0.55,0.0
20230125:1710,0.0,0.0,0.0,-1.95,0.48,0.0
20230125:1810,0.0,0.0,0.0,-2.0,0.69,0.0
20230125:1910,0.0,0.0,0.0,-2.43,0.69,0.0
20230125:2010,0.0,0.0,0.0,-2.43,1.03,0.0
20230125:2110,0.0,0.0,0.0,-2.52,1.17,0.0
20230125:2210,0.0,0.0,0.0,-2.55,1.17,0.0
20230125:2310,0.0,0.0,0.0,-2.67,0.97,0.0
20230126:0010,0.0,0.0,0.0,-2.64,1.1,0.0
20230126:0110,0.0,0.0,0.0,-2.78,1.38,0.0
20230126:0210,0.0,0.0,0.0,-2.74,1.52,0.0
20230126:0310,0.0,0.0,0.0,-2.77,1.17,0.0
20230126:0410,0.0,0.0,0.0,-2.85,0.9,0.0
20230126:0510,0.0,0.0,0.0,-2.86,0.9,0.0
20230126:0610,0.0,4.48,3.29,-2.88,0.97,0.0
20230126:0710,38.03,55.16,10.45,-2.16,1.1,0.0
20230126:0810,72.66,92.71,16.03,-1.91,1.52,0.0
20230126:0910,68.66,88.76,19.59,-1.58,1.59,0.0
20230126:1010,78.7,99.51,20.77,-1.31,1.79,0.0
20230126:1110,405.67,437.1,19.44,-1.07,2.07,0.0
20230126:1210,54.36,73.51,15.76,-0.86,2.21,0.0
20230126:1310,27.94,43.93,10.08,-0.83,2.0,0.0
20230126:1410,0.0,1.79,2.84,-0.92,1.79,0.0
20230126:1510,0.0,0.0,0.0,-1.24,1.59,0.0
20230126:1610,0.0,0.0,0.0,-1.37,1.72,0.0
20230126:1710,0.0,0.0,0.0,-1.46,1.86,0.0
20230126:1810,0.0,0.0,0.0,-1.63,1.93,0.0
20230126:1910,0.0,0.0,0.0,-2.05,1.93,0.0
20230126:2010,0.0,0.0,0.0,-2.37,2.0,0.0
20230126:2110,0.0,0.0,0.0,-2.38,2.0,0.0
20230126:2210,0.0,0.0,0.0,-2.5,2.0,0.0
20230126:2310,0.0,0.0,0.0,-2.47,1.93,0.0
20230127:0010,0.0,0.0,0.0,-2.4,2.0,0.0
20230127:0110,0.0,0.0,0.0,-2.32,2.0,0.0
20230127:0210,0.0,0.0,0.0,-2.34,2.28,0.0
20230127:0310,0.0,0.0,0.0,-2.39,2.07,0.0
20230127:0410,0.0,0.0,0.0,-2.45,2.14,0.0
20230127:0510,0.0,0.0,0.0,-2.53,2.34,0.0
20230127:0610,0.0,2.69,3.47,-2.62,2.48,0.0
20230127:0710,3.73,12.55,10.65,-2.15,2.28,0.0
20230127:0810,39.94,57.38,16.25,-1.93,2.14,0.0
20230127:0910,92.55,113.65,19.83,-1.83,2.14,0.0
20230127:1010,239.76,263.61,21.02,-1.67,2.21,0.0
20230127:1110,73.76,94.14,19.7,-1.55,2.14,0.0
20230127:1210,60.09,79.45,16.02,-1.49,1.93,0.0
20230127:1310,72.39,92.15,10.33,-1.58,1.79,0.0
20230127:1410,0.0,2.69,3.08,-1.74,1.93,0.0
20230127:1510,0.0,0.0,0.0,-2.02,1.86,0.0
20230127:1610,0.0,0.0,0.0,-2.18,1.86,0.0
20230127:1710,0.0,0.0,0.0,-2.25,2.28,0.0
20230127:1810,0.0,0.0,0.0,-2.39,2.48,0.0
20230127:1910,0.0,0.0,0.0,-2.55,2.55,0.0
20230127:2010,0.0,0.0,0.0,-2.58,2.83,0.0
20230127:2110,0.0,0.0,0.0,-2.61,2.62,0.0
20230127:2210,0.0,0.0,0.0,-2.69,2.28,0.0
20230127:2310,0.0,0.0,0.0,-2.67,2.34,0.0
20230128:0010,0.0,0.0,0.0,-2.75,2.48,0.0
20230128:0110,0.0,0.0,0.0,-2.76,2.76,0.0
20230128:0210,0.0,0.0,0.0,-2.84,2.83,0.0
20230128:0310,0.0,0.0,0.0,-2.88,3.17,0.0
20230128:0410,0.0,0.0,0.0,-3.0,3.03,0.0
20230128:0510,0.0,0.0,0.0,-3.18,2.62,0.0
20230128:0610,0.34,6.28,3.66,-3.38,2.48,0.0
20230128:0710,59.28,77.9,10.86,-2.86,2.55,0.0
20230128:0810,88.73,109.07,16.48,-2.46,2.76,0.0
20230128:0910,121.23,143.02,20.08,-1.81,2.76,0.0
20230128:1010,319.42,344.95,21.28,-1.34,2.83,0.0
20230128:1110,770.63,843.65,19.97,-0.86,2.9,0.0
20230128:1210,633.39,684.38,16.28,-0.5,3.03,0.0
20230128:1310,425.34,457.88,10.58,-0.63,3.03,0.0
20230128:1410,1.63,8.97,3.33,-1.08,2.48,0.0
20230128:1510,0.0,0.0,0.0,-2.07,2.34,0.0
20230128:1610,0.0,0.0,0.0,-2.53,2.21,0.0
20230128:1710,0.0,0.0,0.0,-3.2,2.21,0.0
20230128:1810,0.0,0.0,0.0,-3.64,2.14,0.0
20230128:1910,0.0,0.0,0.0,-2.45,2.14,0.0
20230128:2010,0.0,0.0,0.0,-2.46,2.14,0.0
20230128:2110,0.0,0.0,0.0,-2.63,2.14,0.0
20230128:2210,0.0,0.0,0.0,-2.71,2.14,0.0
20230128:2310,0.0,0.0,0.0,-2.87,2.28,0.0
20230129:0010,0.0,0.0,0.0,-2.8,2.62,0.0
20230129:0110,0.0,0.0,0.0,-2.92,3.24,0.0
20230129:0210,0.0,0.0,0.0,-2.95,3.52,0.0
20230129:0310,0.0,0.0,0.0,-2.95,2.9,0.0
20230129:0410,0.0,0.0,0.0,-3.07,2.9,0.0
20230129:0510,0.0,0.0,0.0,-3.17,2.48,0.0
20230129:0610,156.04,182.34,3.86,-3.18,2.0,0.0
20230129:0710,171.58,193.19,11.08,-2.62,1.79,0.0
20230129:0810,359.88,385.26,16.72,-1.65,3.1,0.0
20230129:0910,135.08,157.46,20.33,-1.1,3.03,0.0
20230129:1010,115.77,138.19,21.55,-0.52,3.24,0.0
20230129:1110,65.92,86.07,20.24,-0.36,3.52,0.0
20230129:1210,60.06,79.79,16.55,-0.3,3.24,0.0
20230129:1310,35.98,53.15,10.84,-0.36,2.9,0.0
20230129:1410,0.0,3.59,3.58,-0.67,2.0,0.0
20230129:1510,0.0,0.0,0.0,-1.09,1.66,0.0
20230129:1610,0.0,0.0,0.0,-1.41,1.38,0.0
20230129:1710,0.0,0.0,0.0,-1.52,1.31,0.0
20230129:1810,0.0,0.0,0.0,-1.87,1.52,0.0
20230129:1910,0.0,0.0,0.0,-2.03,2.0,0.0
20230129:2010,0.0,0.0,0.0,-2.43,2.34,0.0
20230129:2110,0.0,0.0,0.0,-2.85,2.14,0.0
20230129:2210,0.0,0.0,0.0,-3.32,2.07,0.0
20230129:2310,0.0,0.0,0.0,-3.56,2.21,0.0
20230130:0010,0.0,0.0,0.0,-3.51,2.28,0.0
20230130:0110,0.0,0.0,0.0,-3.15,2.41,0.0
20230130:0210,0.0,0.0,0.0,-2.82,2.55,0.0
20230130:0310,0.0,0.0,0.0,-2.49,2.62,0.0
20230130:0410,0.0,0.0,0.0,-2.13,2.69,0.0
20230130:0510,0.0,0.0,0.0,-1.91,2.83,0.0
20230130:0610,4.86,14.34,4.06,-1.69,2.97,0.0
20230130:0710,99.24,120.01,11.3,-1.18,3.45,0.0
20230130:0810,60.16,79.79,16.96,-0.5,4.07,0.0
20230130:0910,105.9,128.15,20.59,0.18,4.55,0.0
20230130:1010,22.47,37.65,21.82,0.73,4.48,0.0
20230130:1110,52.35,71.72,20.52,1.01,4.62,0.0
20230130:1210,40.15,58.27,16.82,1.4,4.41,0.0
20230130:1310,12.37,25.1,11.11,1.58,4.07,0.0
20230130:1410,0.0,5.38,3.83,1.5,3.66,0.0
20230130:1510,0.0,0.0,0.0,1.19,3.86,0.0
20230130:1610,0.0,0.0,0.0,1.03,4.14,0.0
20230130:1710,0.0,0.0,0.0,0.92,4.34,0.0
20230130:1810,0.0,0.0,0.0,0.68,4.41,0.0
20230130:1910,0.0,0.0,0.0,-0.26,4.21,0.0
20230130:2010,0.0,0.0,0.0,-0.52,4.0,0.0
20230130:2110,0.0,0.0,0.0,-0.76,3.86,0.0
20230130:2210,0.0,0.0,0.0,-0.84,3.86,0.0
20230130:2310,0.0,0.0,0.0,-0.88,3.72,0.0
20230131:0010,0.0,0.0,0.0,-0.86,3.45,0.0
20230131:0110,0.0,0.0,0.0,-0.93,3.17,0.0
20230131:0210,0.0,0.0,0.0,-0.96,2.9,0.0
20230131:0310,0.0,0.0,0.0,-1.05,2.62,0.0
20230131:0410,0.0,0.0,0.0,-1.07,2.41,0.0
20230131:0510,0.0,0.0,0.0,-1.14,2.28,0.0
20230131:0610,31.57,48.62,4.27,-0.88,2.21,0.0
20230131:0710,4.24,13.45,11.52,-0.43,1.79,0.0
20230131:0810,262.31,289.23,17.21,0.43,1.79,0.0
20230131:0910,67.73,88.76,20.86,1.4,2.0,0.0
20230131:1010,46.37,65.45,22.1,1.82,1.93,0.0
20230131:1110,59.23,79.79,20.8,2.44,2.69,0.0
20230131:1210,36.0,53.79,17.1,2.16,1.93,0.0
20230131:1310,23.77,39.45,11.37,2.09,2.0,0.0
20230131:1410,0.0,4.48,4.08,1.45,1.93,0.0
20230131:1510,0.0,0.0,0.0,0.78,2.0,0.0
20230131:1610,0.0,0.0,0.0,0.31,2.07,0.0
20230131:1710,0.0,0.0,0.0,0.08,2.14,0.0
20230131:1810,0.0,0.0,0.0,-0.46,2.28,0.0
20230131:1910,0.0,0.0,0.0,-0.86,2.34,0.0
20230131:2010,0.0,0.0,0.0,-1.04,2.41,0.0
20230131:2110,0.0,0.0,0.0,-1.23,2.48,0.0
20230131:2210,0.0,0.0,0.0,-1.32,2.41,0.0
20230131:2310,0.0,0.0,0.0,-1.38,2.28,0.0
20230201:0010,0.0,0.0,0.0,-1.59,2.21,0.0
20230201:0110,0.0,0.0,0.0,-1.48,2.21,0.0
20230201:0210,0.0,0.0,0.0,-1.28,2.28,0.0
20230201:0310,0.0,0.0,0.0,-1.03,2.14,0.0
20230201:0410,0.0,0.0,0.0,-0.97,1.93,0.0
20230201:0510,0.0,0.0,0.0,-0.86,1.93,0.0
20230201:0610,54.57,74.64,4.48,-1.0,2.21,0.0
20230201:0710,279.49,305.76,11.76,-0.53,2.21,0.0
20230201:0810,223.55,247.77,17.46,0.22,3.45,0.0
20230201:0910,736.8,802.98,21.13,0.83,3.86,0.0
20230201:1010,404.76,436.18,22.38,1.45,4.55,0.0
20230201:1110,63.65,84.27,21.08,1.75,4.34,0.0
20230201:1210,93.31,115.67,17.38,1.67,3.59,0.0
20230201:1310,124.36,147.4,11.64,1.75,3.86,0.0
20230201:1410,0.0,4.48,4.34,1.38,3.1,0.0
20230201:1510,0.0,0.0,0.0,0.97,2.9,0.0
20230201:1610,0.0,0.0,0.0,0.63,2.83,0.0
20230201:1710,0.0,0.0,0.0,0.27,2.97,0.0
20230201:1810,0.0,0.0,0.0,-0.3,3.03,0.0
20230201:1910,0.0,0.0,0.0,-0.49,2.83,0.0
20230201:2010,0.0,0.0,0.0,-0.42,2.97,0.0
20230201:2110,0.0,0.0,0.0,-0.4,2.9,0.0
20230201:2210,0.0,0.0,0.0,-0.46,3.03,0.0
20230201:2310,0.0,0.0,0.0,-0.36,3.03,0.0
20230202:0010,0.0,0.0,0.0,-0.6,2.97,0.0
20230202:0110,0.0,0.0,0.0,-0.88,2.83,0.0
20230202:0210,0.0,0.0,0.0,-1.41,2.76,0.0
20230202:0310,0.0,0.0,0.0,-1.58,2.83,0.0
20230202:0410,0.0,0.0,0.0,-1.16,2.62,0.0
20230202:0510,0.0,0.0,0.0,-1.23,2.48,0.0
20230202:0610,32.24,49.28,4.7,-1.12,2.34,0.0
20230202:0710,340.25,369.15,12.0,-0.59,2.28,0.0
20230202:0810,414.0,447.21,17.72,0.32,2.62,0.0
20230202:0910,293.14,321.03,21.4,1.09,3.1,0.0
20230202:1010,124.4,148.65,22.67,1.96,3.03,0.0
20230202:1110,170.17,196.5,21.37,2.88,2.76,0.0
20230202:1210,171.01,197.19,17.66,3.0,2.28,0.0
20230202:1310,25.94,42.14,11.91,2.69,2.14,0.0
20230202:1410,152.77,182.65,4.6,2.21,2.21,0.0
20230202:1510,0.0,0.0,0.0,1.17,2.34,0.0
20230202:1610,0.0,0.0,0.0,0.66,2.48,0.0
20230202:1710,0.0,0.0,0.0,0.4,2.69,0.0
20230202:1810,0.0,0.0,0.0,0.38,2.76,0.0
20230202:1910,0.0,0.0,0.0,0.17,2.28,0.0
20230202:2010,0.0,0.0,0.0,-0.29,2.21,0.0
20230202:2110,0.0,0.0,0.0,-0.91,2.21,0.0
20230202:2210,0.0,0.0,0.0,-1.34,2.21,0.0
20230202:2310,0.0,0.0,0.0,-1.67,2.28,0.0
20230203:0010,0.0,0.0,0.0,-1.35,2.07,0.0
20230203:0110,0.0,0.0,0.0,-0.81,1.93,0.0
20230203:0210,0.0,0.0,0.0,-0.46,1.72,0.0
20230203:0310,0.0,0.0,0.0,-0.45,1.79,0.0
20230203:0410,0.0,0.0,0.0,-0.31,1.86,0.0
20230203:0510,0.0,0.0,0.0,-0.36,2.0,0.0
20230203:0610,0.0,4.48,4.92,-0.29,2.07,0.0
20230203:0710,4.8,14.34,12.24,0.09,2.14,0.0
20230203:0810,389.07,422.14,17.98,0.54,2.21,0.0
20230203:0910,92.53,114.86,21.68,0.75,2.41,0.0
20230203:1010,475.62,515.09,22.96,0.88,2.83,0.0
20230203:1110,74.66,95.93,21.66,0.9,2.97,0.0
20230203:1210,27.7,43.93,17.95,0.99,2.9,0.0
20230203:1310,26.18,42.14,12.19,0.95,2.83,0.0
20230203:1410,0.71,7.17,4.86,0.47,2.83,0.0
20230203:1510,0.0,0.0,0.0,-0.32,2.76,0.0
20230203:1610,0.0,0.0,0.0,-1.15,2.9,0.0
20230203:1710,0.0,0.0,0.0,-1.76,2.83,0.0
20230203:1810,0.0,0.0,0.0,-2.05,2.83,0.0
20230203:1910,0.0,0.0,0.0,-1.3,2.9,0.0
20230203:2010,0.0,0.0,0.0,-1.27,2.62,0.0
20230203:2110,0.0,0.0,0.0,-1.27,2.48,0.0
20230203:2210,0.0,0.0,0.0,-1.32,2.28,0.0
20230203:2310,0.0,0.0,0.0,-1.43,2.14,0.0
20230204:0010,0.0,0.0,0.0,-1.48,1.93,0.0
20230204:0110,0.0,0.0,0.0,-1.55,1.86,0.0
20230204:0210,0.0,0.0,0.0,-1.88,1.79,0.0
20230204:0310,0.0,0.0,0.0,-1.83,1.79,0.0
20230204:0410,0.0,0.0,0.0,-2.1,1.86,0.0
20230204:0510,0.0,0.0,0.0,-2.2,1.93,0.0
20230204:0610,13.27,26.03,5.15,-2.4,2.21,0.0
20230204:0710,204.22,225.87,12.49,-2.66,2.69,0.0
20230204:0810,406.9,433.75,18.25,-2.48,2.83,0.0
20230204:0910,120.58,142.21,21.97,-2.14,3.52,0.0
20230204:1010,53.0,71.72,23.26,-1.71,3.59,0.0
20230204:1110,55.4,74.41,21.96,-1.34,3.79,0.0
20230204:1210,33.52,50.21,18.24,-1.46,3.79,0.0
20230204:1310,153.38,174.83,12.46,-1.69,3.86,0.0
20230204:1410,64.73,85.17,5.12,-2.15,3.86,0.0
20230204:1510,0.0,0.0,0.0,-2.85,3.66,0.0
20230204:1610,0.0,0.0,0.0,-3.38,3.66,0.0
20230204:1710,0.0,0.0,0.0,-3.81,3.45,0.0
20230204:1810,0.0,0.0,0.0,-4.15,3.1,0.0
20230204:1910,0.0,0.0,0.0,-4.14,2.83,0.0
20230204:2010,0.0,0.0,0.0,-4.16,2.9,0.0
20230204:2110,0.0,0.0,0.0,-4.11,2.97,0.0
20230204:2210,0.0,0.0,0.0,-4.19,3.31,0.0
20230204:2310,0.0,0.0,0.0,-4.3,3.38,0.0
20230205:0010,0.0,0.0,0.0,-4.31,3.45,0.0
20230205:0110,0.0,0.0,0.0,-4.34,3.38,0.0
20230205:0210,0.0,0.0,0.0,-4.27,3.31,0.0
20230205:0310,0.0,0.0,0.0,-4.11,3.45,0.0
20230205:0410,0.0,0.0,0.0,-4.01,3.52,0.0
20230205:0510,0.0,0.0,0.0,-3.79,3.93,0.0
20230205:0610,3.21,11.65,5.39,-3.53,3.86,0.0
20230205:0710,450.24,476.09,12.74,-3.07,4.28,0.0
20230205:0810,620.7,658.18,18.53,-2.45,4.28,0.0
20230205:0910,146.06,168.06,22.26,-1.8,4.34,0.0
20230205:1010,806.7,873.12,23.56,-1.19,4.34,0.0
20230205:1110,80.3,101.31,22.26,-0.4,4.28,0.0
20230205:1210,36.49,53.79,18.53,-0.21,4.48,0.0
20230205:1310,30.97,47.52,12.74,-0.16,4.14,0.0
20230205:1410,3.69,12.55,5.39,-0.52,4.0,0.0
20230205:1510,0.0,0.0,0.0,-1.19,3.86,0.0
20230205:1610,0.0,0.0,0.0,-1.81,3.79,0.0
20230205:1710,0.0,0.0,0.0,-2.04,3.72,0.0
20230205:1810,0.0,0.0,0.0,-2.08,3.66,0.0
20230205:1910,0.0,0.0,0.0,-2.08,3.52,0.0
20230205:2010,0.0,0.0,0.0,-2.08,3.52,0.0
20230205:2110,0.0,0.0,0.0,-2.15,3.52,0.0
20230205:2210,0.0,0.0,0.0,-2.12,3.52,0.0
20230205:2310,0.0,0.0,0.0,-2.28,3.38,0.0
20230206:0010,0.0,0.0,0.0,-2.45,3.31,0.0
20230206:0110,0.0,0.0,0.0,-2.74,3.1,0.0
20230206:0210,0.0,0.0,0.0,-3.04,3.03,0.0
20230206:0310,0.0,0.0,0.0,-3.26,3.1,0.0
20230206:0410,0.0,0.0,0.0,-3.27,3.03,0.0
20230206:0510,0.0,0.0,0.0,-3.27,3.24,0.0
20230206:0610,16.66,30.18,5.63,-3.29,3.24,0.0
20230206:0710,0.0,0.0,0.0,-2.79,3.59,0.0
20230206:0810,228.19,249.2,18.81,-2.51,4.69,0.0
20230206:0910,280.07,302.26,22.56,-2.09,4.69,0.0
20230206:1010,542.81,576.58,23.87,-1.8,4.28,0.0
20230206:1110,46.44,64.55,22.57,-1.65,4.21,0.0
20230206:1210,35.92,52.89,18.82,-1.5,4.34,0.0
20230206:1310,40.75,58.27,13.03,-1.64,4.21,0.0
20230206:1410,3.72,12.55,5.66,-1.98,3.59,0.0
20230206:1510,0.0,0.0,0.0,-2.98,3.17,0.0
20230206:1610,0.0,0.0,0.0,-3.92,3.1,0.0
20230206:1710,0.0,0.0,0.0,-4.51,2.9,0.0
20230206:1810,0.0,0.0,0.0,-4.88,2.83,0.0
20230206:1910,0.0,0.0,0.0,-4.99,2.41,0.0
20230206:2010,0.0,0.0,0.0,-5.35,2.07,0.0
20230206:2110,0.0,0.0,0.0,-5.62,1.72,0.0
20230206:2210,0.0,0.0,0.0,-5.62,1.59,0.0
20230206:2310,0.0,0.0,0.0,-5.59,1.52,0.0
20230207:0010,0.0,0.0,0.0,-5.21,1.52,0.0
20230207:0110,0.0,0.0,0.0,-4.57,1.72,0.0
20230207:0210,0.0,0.0,0.0,-4.19,1.45,0.0
20230207:0310,0.0,0.0,0.0,-3.89,1.38,0.0
20230207:0410,0.0,0.0,0.0,-4.02,1.45,0.0
20230207:0510,0.0,0.0,0.0,-4.0,1.79,0.0
20230207:0610,56.96,76.02,5.88,-4.15,2.07,0.0
20230207:0710,240.25,261.81,13.27,-3.48,2.41,0.0
20230207:0810,715.33,770.79,19.09,-3.14,2.83,0.0
20230207:0910,294.64,317.87,22.86,-2.64,3.03,0.0
20230207:1010,260.9,283.97,24.18,-2.41,3.24,0.0
20230207:1110,113.03,134.53,22.88,-2.23,3.59,0.0
20230207:1210,160.77,182.48,19.12,-2.03,3.79,0.0
20230207:1310,43.28,60.96,13.31,-2.2,3.79,0.0
20230207:1410,101.53,123.89,5.93,-2.76,3.31,0.0
20230207:1510,0.0,0.0,0.0,-3.64,3.31,0.0
20230207:1610,0.0,0.0,0.0,-4.2,3.45,0.0
20230207:1710,0.0,0.0,0.0,-4.48,3.72,0.0
20230207:1810,0.0,0.0,0.0,-4.82,3.72,0.0
20230207:1910,0.0,0.0,0.0,-4.69,3.17,0.0
20230207:2010,0.0,0.0,0.0,-4.92,3.1,0.0
20230207:2110,0.0,0.0,0.0,-5.23,3.03,0.0
20230207:2210,0.0,0.0,0.0,-5.59,2.83,0.0
20230207:2310,0.0,0.0,0.0,-6.01,2.69,0.0
20230208:0010,0.0,0.0,0.0,-6.41,2.69,0.0
20230208:0110,0.0,0.0,0.0,-6.62,2.83,0.0
20230208:0210,0.0,0.0,0.0,-6.89,2.9,0.0
20230208:0310,0.0,0.0,0.0,-7.19,2.9,0.0
20230208:0410,0.0,0.0,0.0,-7.43,2.9,0.0
20230208:0510,0.0,0.0,0.0,-7.6,3.03,0.0
20230208:0610,149.35,170.54,6.13,-7.71,2.97,0.0
20230208:0710,550.79,575.73,13.54,-7.61,2.97,0.0
20230208:0810,732.63,776.33,19.38,-7.26,2.69,0.0
20230208:0910,427.5,449.45,23.17,-6.68,2.21,0.0
20230208:1010,873.84,956.87,24.49,-5.91,2.14,0.0
20230208:1110,477.71,505.35,23.19,-5.18,2.28,0.0
20230208:1210,342.31,364.0,19.43,-4.69,2.41,0.0
20230208:1310,252.33,272.65,13.6,-4.69,2.48,0.0
20230208:1410,52.55,70.86,6.2,-5.07,2.62,0.0
20230208:1510,0.0,0.0,0.0,-5.95,2.21,0.0
20230208:1610,0.0,0.0,0.0,-6.81,2.28,0.0
20230208:1710,0.0,0.0,0.0,-7.63,2.28,0.0
20230208:1810,0.0,0.0,0.0,-8.28,2.21,0.0
20230208:1910,0.0,0.0,0.0,-9.43,1.86,0.0
20230208:2010,0.0,0.0,0.0,-9.91,1.72,0.0
20230208:2110,0.0,0.0,0.0,-10.84,1.86,0.0
20230208:2210,0.0,0.0,0.0,-11.87,2.0,0.0
20230208:2310,0.0,0.0,0.0,-12.45,2.07,0.0
20230209:0010,0.0,0.0,0.0,-12.45,2.0,0.0
20230209:0110,0.0,0.0,0.0,-11.88,1.86,0.0
20230209:0210,0.0,0.0,0.0,-11.44,1.79,0.0
20230209:0310,0.0,0.0,0.0,-11.38,1.72,0.0
20230209:0410,0.0,0.0,0.0,-11.4,1.72,0.0
20230209:0510,0.0,0.0,0.0,-11.78,1.72,0.0
20230209:0610,49.19,65.78,6.39,-10.83,1.59,0.0
20230209:0710,203.82,218.19,13.82,-11.11,2.07,0.0
20230209:0810,382.27,401.18,19.68,-7.18,2.21,0.0
20230209:0910,424.25,451.34,23.48,-4.06,2.21,0.0
20230209:1010,868.64,964.41,24.81,-2.45,2.34,0.0
20230209:1110,583.33,629.85,23.51,-1.55,2.41,0.0
20230209:1210,406.69,437.86,19.73,-1.07,2.34,0.0
20230209:1310,339.07,367.45,13.89,-0.94,2.28,0.0
20230209:1410,93.18,115.78,6.48,-1.58,1.59,0.0
20230209:1510,0.0,0.0,0.0,-3.21,1.72,0.0
20230209:1610,0.0,0.0,0.0,-5.57,1.79,0.0
20230209:1710,0.0,0.0,0.0,-7.31,2.0,0.0
20230209:1810,0.0,0.0,0.0,-8.32,2.14,0.0
20230209:1910,0.0,0.0,0.0,-9.12,2.48,0.0
20230209:2010,0.0,0.0,0.0,-9.2,2.55,0.0
20230209:2110,0.0,0.0,0.0,-9.47,2.62,0.0
20230209:2210,0.0,0.0,0.0,-9.21,2.62,0.0
20230209:2310,0.0,0.0,0.0,-9.4,2.62,0.0
20230210:0010,0.0,0.0,0.0,-9.85,2.55,0.0
20230210:0110,0.0,0.0,0.0,-10.34,2.55,0.0
20230210:0210,0.0,0.0,0.0,-10.68,2.48,0.0
20230210:0310,0.0,0.0,0.0,-10.91,2.48,0.0
20230210:0410,0.0,0.0,0.0,-11.1,2.55,0.0
20230210:0510,0.0,0.0,0.0,-11.02,2.62,0.0
20230210:0610,213.26,233.09,6.65,-10.58,2.76,0.0
20230210:0710,507.69,528.12,14.1,-8.35,2.9,0.0
20230210:0810,737.95,784.0,19.98,-5.08,3.52,0.0
20230210:0910,644.89,687.18,23.8,-2.75,3.79,0.0
20230210:1010,879.84,964.17,25.13,-1.15,3.93,0.0
20230210:1110,573.93,615.83,23.83,-0.09,4.07,0.0
20230210:1210,422.31,453.21,20.04,0.45,4.21,0.0
20230210:1310,106.75,128.82,14.18,0.55,4.07,0.0
20230210:1410,109.3,133.25,6.75,-0.02,3.59,0.0
20230210:1510,0.0,0.0,0.0,-1.23,3.52,0.0
20230210:1610,0.0,0.0,0.0,-2.1,3.38,0.0
20230210:1710,0.0,0.0,0.0,-2.38,3.31,0.0
20230210:1810,0.0,0.0,0.0,-2.35,3.24,0.0
20230210:1910,0.0,0.0,0.0,-2.13,3.31,0.0
20230210:2010,0.0,0.0,0.0,-1.73,3.24,0.0
20230210:2110,0.0,0.0,0.0,-1.51,2.83,0.0
20230210:2210,0.0,0.0,0.0,-1.34,2.48,0.0
20230210:2310,0.0,0.0,0.0,-1.46,2.62,0.0
20230211:0010,0.0,0.0,0.0,-1.35,2.48,0.0
20230211:0110,0.0,0.0,0.0,-1.57,2.14,0.0
20230211:0210,0.0,0.0,0.0,-1.66,2.21,0.0
20230211:0310,0.0,0.0,0.0,-1.74,2.34,0.0
20230211:0410,0.0,0.0,0.0,-1.85,2.14,0.0
20230211:0510,0.0,0.0,0.0,-1.54,2.28,0.0
20230211:0610,52.54,71.82,6.92,-1.28,2.41,0.0
20230211:0710,6.62,17.03,14.38,-0.72,2.41,0.0
20230211:0810,86.16,107.6,20.29,-0.23,3.1,0.0
20230211:0910,90.93,112.96,24.12,0.54,4.0,0.0
20230211:1010,56.34,76.2,25.46,1.41,4.48,0.0
20230211:1110,92.09,114.76,24.15,1.98,4.9,0.0
20230211:1210,52.04,71.72,20.35,2.24,4.62,0.0
20230211:1310,101.23,123.94,14.48,2.25,4.21,0.0
20230211:1410,50.6,70.43,7.03,1.89,4.69,0.0
20230211:1510,0.0,0.0,0.0,1.48,4.69,0.0
20230211:1610,0.0,0.0,0.0,1.06,4.9,0.0
20230211:1710,0.0,0.0,0.0,0.68,5.1,0.0
20230211:1810,0.0,0.0,0.0,0.59,5.24,0.0
20230211:1910,0.0,0.0,0.0,0.7,4.9,0.0
20230211:2010,0.0,0.0,0.0,0.72,4.76,0.0
20230211:2110,0.0,0.0,0.0,0.89,4.83,0.0
20230211:2210,0.0,0.0,0.0,1.06,4.76,0.0
20230211:2310,0.0,0.0,0.0,1.1,4.83,0.0
20230212:0010,0.0,0.0,0.0,1.11,5.03,0.0
20230212:0110,0.0,0.0,0.0,1.31,5.52,0.0
20230212:0210,0.0,0.0,0.0,0.64,6.14,0.0
20230212:0310,0.0,0.0,0.0,-0.85,6.14,0.0
20230212:0410,0.0,0.0,0.0,-1.95,5.72,0.0
20230212:0510,0.0,0.0,0.0,-2.42,5.38,0.0
20230212:0610,97.85,119.44,7.19,-2.91,5.17,0.0
20230212:0710,326.88,348.91,14.67,-2.32,5.17,0.0
20230212:0810,711.59,752.55,20.59,-2.2,5.79,0.0
20230212:0910,784.04,835.6,24.44,-1.78,5.79,0.0
20230212:1010,848.76,912.85,25.79,-1.21,5.66,0.0
20230212:1110,780.56,837.6,24.48,-0.6,5.59,0.0
20230212:1210,639.92,681.48,20.67,-0.26,5.59,0.0
20230212:1310,481.54,512.51,14.77,-0.2,5.72,0.0
20230212:1410,147.0,172.12,7.31,-0.53,5.24,0.0
20230212:1510,0.0,0.0,0.0,-1.25,5.03,0.0
20230212:1610,0.0,0.0,0.0,-1.83,4.76,0.0
20230212:1710,0.0,0.0,0.0,-2.3,4.34,0.0
20230212:1810,0.0,0.0,0.0,-2.66,4.0,0.0
20230212:1910,0.0,0.0,0.0,-2.39,3.79,0.0
20230212:2010,0.0,0.0,0.0,-2.6,3.59,0.0
20230212:2110,0.0,0.0,0.0,-2.69,3.38,0.0
20230212:2210,0.0,0.0,0.0,-2.93,3.17,0.0
20230212:2310,0.0,0.0,0.0,-3.17,3.03,0.0
20230213:0010,0.0,0.0,0.0,-3.46,2.83,0.0
20230213:0110,0.0,0.0,0.0,-3.5,2.69,0.0
20230213:0210,0.0,0.0,0.0,-3.68,2.62,0.0
20230213:0310,0.0,0.0,0.0,-3.97,2.55,0.0
20230213:0410,0.0,0.0,0.0,-4.2,2.76,0.0
20230213:0510,0.0,0.0,0.0,-3.96,3.03,0.0
20230213:0610,48.79,67.11,7.47,-3.15,3.03,0.0
20230213:0710,194.39,216.89,14.97,-1.43,3.38,0.0
20230213:0810,698.04,753.03,20.91,-0.34,4.0,0.0
20230213:0910,102.93,125.33,24.77,0.17,3.93,0.0
20230213:1010,236.57,262.35,26.13,0.78,4.48,0.0
20230213:1110,131.51,155.49,24.81,1.03,3.72,0.0
20230213:1210,37.73,55.58,20.98,1.49,3.45,0.0
20230213:1310,7.13,17.93,15.07,1.99,3.38,0.0
20230213:1410,13.02,26.0,7.59,2.03,3.66,0.0
20230213:1510,0.0,0.0,0.0,2.1,3.72,0.0
20230213:1610,0.0,0.0,0.0,2.06,3.79,0.0
20230213:1710,0.0,0.0,0.0,2.11,3.79,0.0
20230213:1810,0.0,0.0,0.0,2.19,3.86,0.0
20230213:1910,0.0,0.0,0.0,2.31,4.07,0.0
20230213:2010,0.0,0.0,0.0,2.29,4.34,0.0
20230213:2110,0.0,0.0,0.0,2.45,4.62,0.0
20230213:2210,0.0,0.0,0.0,2.5,4.76,0.0
20230213:2310,0.0,0.0,0.0,2.44,5.1,0.0
20230214:0010,0.0,0.0,0.0,2.27,5.24,0.0
20230214:0110,0.0,0.0,0.0,2.06,5.38,0.0
20230214:0210,0.0,0.0,0.0,1.84,5.45,0.0
20230214:0310,0.0,0.0,0.0,1.59,5.38,0.0
20230214:0410,0.0,0.0,0.0,1.4,5.38,0.0
20230214:0510,0.0,0.0,0.0,1.42,5.38,0.0
20230214:0610,174.19,202.23,7.75,1.53,5.24,0.0
20230214:0710,468.39,504.85,15.27,2.0,5.1,0.0
20230214:0810,281.36,308.98,21.23,2.29,4.97,0.0
20230214:0910,83.36,105.79,25.1,2.97,6.41,0.0
20230214:1010,117.85,142.32,26.47,3.36,7.24,0.0
20230214:1110,78.24,100.41,25.14,3.28,7.03,0.0
20230214:1210,21.46,36.76,21.3,3.21,6.55,0.0
20230214:1310,265.08,292.32,15.37,2.59,5.38,0.0
20230214:1410,3.08,11.65,7.87,2.34,5.52,0.0
20230214:1510,0.0,0.0,0.0,1.49,5.1,0.0
20230214:1610,0.0,0.0,0.0,1.01,5.03,0.0
20230214:1710,0.0,0.0,0.0,0.8,5.1,0.0
20230214:1810,0.0,0.0,0.0,0.65,5.17,0.0
20230214:1910,0.0,0.0,0.0,1.3,4.62,0.0
20230214:2010,0.0,0.0,0.0,1.11,4.48,0.0
20230214:2110,0.0,0.0,0.0,0.88,4.28,0.0
20230214:2210,0.0,0.0,0.0,0.42,4.21,0.0
20230214:2310,0.0,0.0,0.0,0.09,4.21,0.0
20230215:0010,0.0,0.0,0.0,-0.12,4.28,0.0
20230215:0110,0.0,0.0,0.0,-0.43,4.21,0.0
20230215:0210,0.0,0.0,0.0,-0.39,4.48,0.0
20230215:0310,0.0,0.0,0.0,-0.54,4.55,0.0
20230215:0410,0.0,0.0,0.0,-0.67,4.55,0.0
20230215:0510,0.0,0.0,0.0,-0.78,4.41,0.0
20230215:0610,59.99,79.87,8.04,-0.89,3.93,0.0
20230215:0710,546.55,587.75,15.57,0.26,4.14,0.0
20230215:0810,698.51,754.77,21.55,0.66,4.48,0.0
20230215:0910,807.77,883.52,25.44,1.19,4.55,0.0
20230215:1010,841.14,925.9,26.81,1.84,4.62,0.0
20230215:1110,805.42,883.13,25.48,2.09,4.76,0.0
20230215:1210,728.28,793.05,21.62,2.4,4.9,0.0
20230215:1310,521.99,564.35,15.67,2.32,4.76,0.0
20230215:1410,67.9,89.39,8.15,1.95,4.07,0.0
20230215:1510,0.0,0.0,0.0,0.85,3.52,0.0
20230215:1610,0.0,0.0,0.0,-0.2,3.31,0.0
20230215:1710,0.0,0.0,0.0,-0.8,3.24,0.0
20230215:1810,0.0,0.0,0.0,-1.23,3.1,0.0
20230215:1910,0.0,0.0,0.0,-0.29,3.31,0.0
20230215:2010,0.0,0.0,0.0,-0.5,3.03,0.0
20230215:2110,0.0,0.0,0.0,-0.96,2.62,0.0
20230215:2210,0.0,0.0,0.0,-1.52,2.21,0.0
20230215:2310,0.0,0.0,0.0,-2.31,1.86,0.0
20230216:0010,0.0,0.0,0.0,-2.95,1.45,0.0
20230216:0110,0.0,0.0,0.0,-2.9,1.03,0.0
20230216:0210,0.0,0.0,0.0,-2.53,0.76,0.0
20230216:0310,0.0,0.0,0.0,-2.34,0.55,0.0
20230216:0410,0.0,0.0,0.0,-2.26,0.62,0.0
20230216:0510,0.0,0.0,0.0,-2.08,0.83,0.0
20230216:0610,21.97,36.76,8.33,-1.87,1.03,0.0
20230216:0710,78.33,99.1,15.88,-1.16,1.03,0.0
20230216:0810,134.17,158.13,21.88,-0.01,1.1,0.0
20230216:0910,139.65,164.85,25.78,1.15,1.24,0.0
20230216:1010,154.38,180.69,27.15,1.82,1.52,0.0
20230216:1110,107.31,131.53,25.82,2.46,1.86,0.0
20230216:1210,221.29,249.95,21.94,2.77,2.07,0.0
20230216:1310,91.27,114.07,15.97,2.36,1.86,0.0
20230216:1410,19.38,34.07,8.43,1.88,2.07,0.0
20230216:1510,0.0,0.0,0.0,1.15,2.34,0.0
20230216:1610,0.0,0.0,0.0,0.53,2.41,0.0
20230216:1710,0.0,0.0,0.0,0.01,2.62,0.0
20230216:1810,0.0,0.0,0.0,-0.16,2.62,0.0
20230216:1910,0.0,0.0,0.0,0.0,2.62,0.0
20230216:2010,0.0,0.0,0.0,-0.19,2.55,0.0
20230216:2110,0.0,0.0,0.0,0.0,2.34,0.0
20230216:2210,0.0,0.0,0.0,0.0,2.07,0.0
20230216:2310,0.0,0.0,0.0,0.0,1.66,0.0
20230217:0010,0.0,0.0,0.0,0.04,1.24,0.0
20230217:0110,0.0,0.0,0.0,-0.16,1.03,0.0
20230217:0210,0.0,0.0,0.0,-0.25,0.83,0.0
20230217:0310,0.0,0.0,0.0,-0.07,0.69,0.0
20230217:0410,0.0,0.0,0.0,-0.14,0.69,0.0
20230217:0510,0.0,0.0,0.0,-0.33,0.76,0.0
20230217:0610,26.2,42.07,8.62,-0.17,0.9,0.0
20230217:0710,49.95,69.03,16.19,0.14,1.17,0.0
20230217:0810,82.17,104.0,22.21,0.48,1.38,0.0
20230217:0910,99.92,122.82,26.13,0.48,1.52,0.0
20230217:1010,72.09,93.24,27.5,0.62,1.45,0.0
20230217:1110,107.04,130.6,26.16,0.87,1.1,0.0
20230217:1210,50.55,69.93,22.27,1.02,1.17,0.0
20230217:1310,55.43,75.31,16.28,1.09,1.45,0.0
20230217:1410,22.39,37.65,8.72,1.11,1.52,0.0
20230217:1510,0.0,0.0,0.0,0.57,1.59,0.0
20230217:1610,0.0,0.0,0.0,0.13,2.0,0.0
20230217:1710,0.0,0.0,0.0,-0.12,2.34,0.0
20230217:1810,0.0,0.0,0.0,-0.23,2.62,0.0
20230217:1910,0.0,0.0,0.0,-0.68,2.55,0.0
20230217:2010,0.0,0.0,0.0,-0.48,2.97,0.0
20230217:2110,0.0,0.0,0.0,-0.32,3.45,0.0
20230217:2210,0.0,0.0,0.0,-0.14,3.72,0.0
20230217:2310,0.0,0.0,0.0,0.11,4.0,0.0
20230218:0010,0.0,0.0,0.0,0.48,4.14,0.0
20230218:0110,0.0,0.0,0.0,0.77,4.34,0.0
20230218:0210,0.0,0.0,0.0,0.93,4.28,0.0
20230218:0310,0.0,0.0,0.0,0.99,4.34,0.0
20230218:0410,0.0,0.0,0.0,1.03,4.48,0.0
20230218:0510,0.0,0.0,0.0,1.37,4.62,0.0
20230218:0610,248.56,282.4,8.92,2.87,4.69,0.0
20230218:0710,13.53,26.9,16.51,4.48,4.97,0.0
20230218:0810,472.65,514.38,22.54,5.32,6.07,0.0
20230218:0910,309.91,343.27,26.47,5.67,6.14,0.0
20230218:1010,658.93,725.64,27.86,6.27,5.66,0.0
20230218:1110,292.74,327.01,26.5,6.55,5.59,0.0
20230218:1210,35.39,53.79,22.59,6.04,6.28,0.0
20230218:1310,33.14,51.1,16.58,5.72,6.41,0.0
20230218:1410,67.92,90.29,9.0,4.98,6.07,0.0
20230218:1510,0.0,0.0,0.0,4.28,5.66,0.0
20230218:1610,0.0,0.0,0.0,4.09,5.52,0.0
20230218:1710,0.0,0.0,0.0,4.06,5.45,0.0
20230218:1810,0.0,0.0,0.0,3.86,5.17,0.0
20230218:1910,0.0,0.0,0.0,3.6,4.97,0.0
20230218:2010,0.0,0.0,0.0,3.09,4.48,0.0
20230218:2110,0.0,0.0,0.0,2.31,4.14,0.0
20230218:2210,0.0,0.0,0.0,2.03,3.93,0.0
20230218:2310,0.0,0.0,0.0,1.92,3.79,0.0
20230219:0010,0.0,0.0,0.0,1.81,3.72,0.0
20230219:0110,0.0,0.0,0.0,1.84,3.79,0.0
20230219:0210,0.0,0.0,0.0,2.14,3.93,0.0
20230219:0310,0.0,0.0,0.0,1.96,4.0,0.0
20230219:0410,0.0,0.0,0.0,1.92,4.0,0.0
20230219:0510,0.0,0.0,0.0,1.66,4.07,0.0
20230219:0610,275.71,310.46,9.22,1.91,4.21,0.0
20230219:0710,536.75,586.32,16.83,2.79,3.45,0.0
20230219:0810,279.17,308.29,22.88,3.13,4.83,0.0
20230219:0910,403.37,438.2,26.83,3.37,5.45,0.0
20230219:1010,147.36,173.59,28.21,3.79,5.66,0.0
20230219:1110,235.74,265.02,26.85,4.2,5.45,0.0
20230219:1210,97.65,121.69,22.92,4.29,4.9,0.0
20230219:1310,91.52,114.97,16.89,4.36,4.62,0.0
20230219:1410,28.52,45.44,9.29,4.11,3.86,0.0
20230219:1510,0.0,0.0,0.0,3.27,3.31,0.0
20230219:1610,0.0,0.0,0.0,2.43,3.38,0.0
20230219:1710,0.0,0.0,0.0,1.65,3.38,0.0
20230219:1810,0.0,0.0,0.0,0.78,3.66,0.0
20230219:1910,0.0,0.0,0.0,0.6,4.41,0.0
20230219:2010,0.0,0.0,0.0,0.23,4.14,0.0
20230219:2110,0.0,0.0,0.0,-0.2,4.0,0.0
20230219:2210,0.0,0.0,0.0,-0.65,4.0,0.0
20230219:2310,0.0,0.0,0.0,-0.96,4.21,0.0
20230220:0010,0.0,0.0,0.0,-1.17,4.34,0.0
20230220:0110,0.0,0.0,0.0,-1.36,4.62,0.0
20230220:0210,0.0,0.0,0.0,-1.58,4.76,0.0
20230220:0310,0.0,0.0,0.0,-1.81,4.83,0.0
20230220:0410,0.0,0.0,0.0,-1.88,5.03,0.0
20230220:0510,0.0,0.0,0.0,-1.6,5.17,0.0
20230220:0610,286.9,317.56,9.53,-1.01,4.97,0.0
20230220:0710,541.77,577.78,17.16,0.05,5.52,0.0
20230220:0810,736.17,782.74,23.22,0.58,7.72,0.0
20230220:0910,811.04,871.3,27.18,1.31,7.45,0.0
20230220:1010,848.55,922.22,28.57,1.71,6.34,0.0
20230220:1110,777.77,842.19,27.2,2.36,6.55,0.0
20230220:1210,541.18,581.41,23.25,2.76,6.41,0.0
20230220:1310,92.87,115.63,17.2,2.71,4.69,0.0
20230220:1410,60.08,80.84,9.58,2.5,4.48,0.0
20230220:1510,0.0,0.0,0.0,1.79,4.28,0.0
20230220:1610,0.0,0.0,0.0,1.16,4.34,0.0
20230220:1710,0.0,0.0,0.0,1.09,4.41,0.0
20230220:1810,0.0,0.0,0.0,0.97,4.34,0.0
20230220:1910,0.0,0.0,0.0,0.72,4.28,0.0
20230220:2010,0.0,0.0,0.0,0.79,4.83,0.0
20230220:2110,0.0,0.0,0.0,1.02,5.1,0.0
20230220:2210,0.0,0.0,0.0,1.33,5.38,0.0
20230220:2310,0.0,0.0,0.0,2.36,6.14,0.0
20230221:0010,0.0,0.0,0.0,4.0,6.83,0.0
20230221:0110,0.0,0.0,0.0,4.1,6.97,0.0
20230221:0210,0.0,0.0,0.0,4.42,7.52,0.0
20230221:0310,0.0,0.0,0.0,4.21,7.17,0.0
20230221:0410,0.0,0.0,0.0,3.71,6.76,0.0
20230221:0510,0.0,0.0,0.0,3.59,6.48,0.0
20230221:0610,283.8,319.58,9.84,3.63,6.41,0.0
20230221:0710,215.69,242.91,17.49,4.04,6.55,0.0
20230221:0810,272.28,301.76,23.57,4.29,6.48,0.0
20230221:0910,77.52,100.41,27.54,5.12,6.28,0.0
20230221:1010,119.64,145.73,28.93,5.71,6.28,0.0
20230221:1110,140.73,168.1,27.55,6.09,6.41,0.0
20230221:1210,61.05,82.48,23.58,5.18,6.07,0.0
20230221:1310,303.46,335.38,17.5,4.97,5.66,0.0
20230221:1410,284.99,322.34,9.86,5.09,7.31,0.0
20230221:1510,0.0,0.0,0.0,4.6,6.69,0.0
20230221:1610,0.0,0.0,0.0,3.5,7.17,0.0
20230221:1710,0.0,0.0,0.0,2.67,6.41,0.0
20230221:1810,0.0,0.0,0.0,1.93,6.07,0.0
20230221:1910,0.0,0.0,0.0,1.72,5.86,0.0
20230221:2010,0.0,0.0,0.0,1.29,5.66,0.0
20230221:2110,0.0,0.0,0.0,0.66,4.97,0.0
20230221:2210,0.0,0.0,0.0,0.18,4.55,0.0
20230221:2310,0.0,0.0,0.0,-0.34,4.07,0.0
20230222:0010,0.0,0.0,0.0,-0.78,3.93,0.0
20230222:0110,0.0,0.0,0.0,-1.29,3.52,0.0
20230222:0210,0.0,0.0,0.0,-1.92,3.72,0.0
20230222:0310,0.0,0.0,0.0,-2.51,3.52,0.0
20230222:0410,0.0,0.0,0.0,-2.97,3.31,0.0
20230222:0510,0.0,0.0,0.0,-3.31,2.97,0.0
20230222:0610,42.58,60.01,10.16,-3.35,2.83,0.0
20230222:0710,280.87,302.85,17.82,-3.15,3.52,0.0
20230222:0810,373.75,398.19,23.92,-2.95,3.52,0.0
20230222:0910,473.22,503.57,27.9,-2.6,3.52,0.0
20230222:1010,356.03,382.01,29.29,-2.33,3.45,0.0
20230222:1110,165.65,188.62,27.9,-1.93,3.52,0.0
20230222:1210,29.65,45.72,23.92,-1.8,3.66,0.0
20230222:1310,97.83,118.8,17.81,-1.87,3.72,0.0
20230222:1410,183.57,208.68,10.15,-2.12,3.52,0.0
20230222:1510,0.0,0.0,0.0,-2.44,3.17,0.0
20230222:1610,0.0,0.0,0.0,-2.83,2.9,0.0
20230222:1710,0.0,0.0,0.0,-3.25,2.83,0.0
20230222:1810,0.0,0.0,0.0,-3.66,2.76,0.0
20230222:1910,0.0,0.0,0.0,-3.22,2.34,0.0
20230222:2010,0.0,0.0,0.0,-3.51,2.41,0.0
20230222:2110,0.0,0.0,0.0,-4.11,2.34,0.0
20230222:2210,0.0,0.0,0.0,-4.58,2.48,0.0
20230222:2310,0.0,0.0,0.0,-5.16,2.48,0.0
20230223:0010,0.0,0.0,0.0,-5.68,2.48,0.0
20230223:0110,0.0,0.0,0.0,-6.14,2.48,0.0
20230223:0210,0.0,0.0,0.0,-6.61,2.48,0.0
20230223:0310,0.0,0.0,0.0,-7.01,2.48,0.0
20230223:0410,0.0,0.0,0.0,-7.38,2.34,0.0
20230223:0510,0.0,1.79,1.76,-7.58,2.14,0.0
20230223:0610,316.72,342.78,10.48,-7.27,2.0,0.0
20230223:0710,573.59,611.18,18.15,-6.05,1.72,0.0
20230223:0810,754.58,826.25,24.27,-5.05,1.38,0.0
20230223:0910,860.03,969.81,28.27,-3.95,1.1,0.0
20230223:1010,883.91,1014.73,29.66,-2.9,0.83,0.0
20230223:1110,835.99,954.49,28.25,-2.08,0.83,0.0
20230223:1210,751.62,849.09,24.25,-1.58,0.69,0.0
20230223:1310,591.57,657.85,18.12,-1.4,0.41,0.0
20230223:1410,333.03,372.47,10.44,-1.57,0.76,0.0
20230223:1510,0.0,1.79,1.72,-2.19,1.24,0.0
20230223:1610,0.0,0.0,0.0,-3.34,1.72,0.0
20230223:1710,0.0,0.0,0.0,-4.15,1.93,0.0
20230223:1810,0.0,0.0,0.0,-4.58,2.28,0.0
20230223:1910,0.0,0.0,0.0,-4.43,2.62,0.0
20230223:2010,0.0,0.0,0.0,-4.27,2.9,0.0
20230223:2110,0.0,0.0,0.0,-4.04,3.03,0.0
20230223:2210,0.0,0.0,0.0,-3.77,3.24,0.0
20230223:2310,0.0,0.0,0.0,-3.54,3.38,0.0
20230224:0010,0.0,0.0,0.0,-3.36,3.66,0.0
20230224:0110,0.0,0.0,0.0,-3.14,3.86,0.0
20230224:0210,0.0,0.0,0.0,-2.6,4.14,0.0
20230224:0310,0.0,0.0,0.0,-2.18,4.41,0.0
20230224:0410,0.0,0.0,0.0,-1.93,4.62,0.0
20230224:0510,0.0,1.79,2.07,-1.82,4.9,0.0
20230224:0610,5.43,15.24,10.8,-1.24,5.24,0.0
20230224:0710,90.22,111.5,18.49,-0.44,4.9,0.0
20230224:0810,90.28,112.07,24.63,0.33,5.24,0.0
20230224:0910,100.93,123.72,28.64,1.4,5.72,0.0
20230224:1010,123.73,148.35,30.03,2.85,6.0,0.0
20230224:1110,86.19,109.38,28.61,4.2,6.0,0.0
20230224:1210,195.33,223.61,24.58,4.77,5.52,0.0
20230224:1310,74.9,97.5,18.43,4.84,4.69,0.0
20230224:1410,40.7,59.65,10.73,4.52,4.34,0.0
20230224:1510,0.0,0.9,1.99,3.77,4.41,0.0
20230224:1610,0.0,0.0,0.0,3.19,4.62,0.0
20230224:1710,0.0,0.0,0.0,3.05,4.69,0.0
20230224:1810,0.0,0.0,0.0,2.98,4.69,0.0
20230224:1910,0.0,0.0,0.0,2.39,4.34,0.0
20230224:2010,0.0,0.0,0.0,2.56,4.34,0.0
20230224:2110,0.0,0.0,0.0,2.63,4.41,0.0
20230224:2210,0.0,0.0,0.0,2.74,4.34,0.0
20230224:2310,0.0,0.0,0.0,2.82,4.21,0.0
20230225:0010,0.0,0.0,0.0,2.67,3.93,0.0
20230225:0110,0.0,0.0,0.0,2.31,3.72,0.0
20230225:0210,0.0,0.0,0.0,1.83,3.59,0.0
20230225:0310,0.0,0.0,0.0,1.59,3.59,0.0
20230225:0410,0.0,0.0,0.0,1.51,3.66,0.0
20230225:0510,0.0,2.69,2.38,1.49,3.79,0.0
20230225:0610,36.15,53.91,11.13,2.09,4.07,0.0
20230225:0710,86.81,109.55,18.84,3.3,4.9,0.0
20230225:0810,193.46,221.39,24.99,4.5,5.79,0.0
20230225:0910,140.66,168.12,29.01,5.95,5.79,0.0
20230225:1010,705.94,785.64,30.4,7.6,5.59,0.0
20230225:1110,743.21,834.93,28.97,8.95,5.45,0.0
20230225:1210,267.81,305.21,24.92,9.82,5.38,0.0
20230225:1310,79.23,104.4,18.74,10.34,5.17,0.0
20230225:1410,18.57,34.07,11.02,10.19,4.76,0.0
20230225:1510,0.0,1.79,2.27,9.48,4.55,0.0
20230225:1610,0.0,0.0,0.0,8.32,4.34,0.0
20230225:1710,0.0,0.0,0.0,7.31,4.21,0.0
20230225:1810,0.0,0.0,0.0,5.59,5.1,0.0
20230225:1910,0.0,0.0,0.0,3.9,4.21,0.0
20230225:2010,0.0,0.0,0.0,3.01,3.1,0.0
20230225:2110,0.0,0.0,0.0,2.54,3.1,0.0
20230225:2210,0.0,0.0,0.0,2.31,3.38,0.0
20230225:2310,0.0,0.0,0.0,2.0,3.24,0.0
20230226:0010,0.0,0.0,0.0,1.65,3.31,0.0
20230226:0110,0.0,0.0,0.0,1.09,3.59,0.0
20230226:0210,0.0,0.0,0.0,0.86,3.59,0.0
20230226:0310,0.0,0.0,0.0,0.8,3.59,0.0
20230226:0410,0.0,0.0,0.0,0.69,3.52,0.0
20230226:0510,0.0,2.69,2.7,0.77,3.52,0.0
20230226:0610,40.98,59.25,11.45,1.35,3.38,0.0
20230226:0710,68.45,89.65,19.18,2.04,3.1,0.0
20230226:0810,113.85,138.12,25.35,2.84,4.34,0.0
20230226:0910,263.0,293.82,29.38,3.53,3.93,0.0
20230226:1010,410.09,450.94,30.77,4.31,3.79,0.0
20230226:1110,297.81,332.31,29.33,4.8,3.59,0.0
20230226:1210,246.14,277.87,25.26,4.93,3.31,0.0
20230226:1310,180.97,209.55,19.06,4.99,3.03,0.0
20230226:1410,79.92,103.52,11.31,4.92,2.34,0.0
20230226:1510,0.0,1.79,2.54,4.25,1.66,0.0
20230226:1610,0.0,0.0,0.0,3.42,1.72,0.0
20230226:1710,0.0,0.0,0.0,2.7,1.79,0.0
20230226:1810,0.0,0.0,0.0,2.04,1.86,0.0
20230226:1910,0.0,0.0,0.0,1.74,1.79,0.0
20230226:2010,0.0,0.0,0.0,1.45,1.79,0.0
20230226:2110,0.0,0.0,0.0,1.39,2.07,0.0
20230226:2210,0.0,0.0,0.0,1.21,2.41,0.0
20230226:2310,0.0,0.0,0.0,0.75,2.55,0.0
20230227:0010,0.0,0.0,0.0,0.23,2.62,0.0
20230227:0110,0.0,0.0,0.0,-0.26,2.48,0.0
20230227:0210,0.0,0.0,0.0,-0.77,2.28,0.0
20230227:0310,0.0,0.0,0.0,-0.9,2.21,0.0
20230227:0410,0.0,0.0,0.0,-1.12,2.21,0.0
20230227:0510,0.0,1.79,3.02,-1.33,2.48,0.0
20230227:0610,4.27,13.45,11.79,-1.28,2.83,0.0
20230227:0710,36.6,53.79,19.53,-1.04,3.03,0.0
20230227:0810,95.53,117.44,25.71,-0.33,3.59,0.0
20230227:0910,426.31,460.94,29.76,0.51,3.45,0.0
20230227:1010,317.81,348.79,31.15,1.08,2.97,0.0
20230227:1110,287.43,317.46,29.69,1.55,3.03,0.0
20230227:1210,127.6,152.04,25.59,1.61,3.1,0.0
20230227:1310,80.09,101.88,19.37,1.46,3.17,0.0
20230227:1410,46.63,65.53,11.6,1.09,3.17,0.0
20230227:1510,0.0,2.69,2.81,0.56,2.9,0.0
20230227:1610,0.0,0.0,0.0,-0.1,2.69,0.0
20230227:1710,0.0,0.0,0.0,-0.59,2.62,0.0
20230227:1810,0.0,0.0,0.0,-0.92,2.41,0.0
20230227:1910,0.0,0.0,0.0,-1.22,2.48,0.0
20230227:2010,0.0,0.0,0.0,-1.29,2.83,0.0
20230227:2110,0.0,0.0,0.0,-1.46,2.9,0.0
20230227:2210,0.0,0.0,0.0,-1.6,2.41,0.0
20230227:2310,0.0,0.0,0.0,-1.69,2.41,0.0
20230228:0010,0.0,0.0,0.0,-1.86,2.34,0.0
20230228:0110,0.0,0.0,0.0,-1.96,2.28,0.0
20230228:0210,0.0,0.0,0.0,-2.11,2.34,0.0
20230228:0310,0.0,0.0,0.0,-2.22,2.28,0.0
20230228:0410,0.0,0.0,0.0,-2.33,2.34,0.0
20230228:0510,0.0,4.48,3.34,-2.37,2.34,0.0
20230228:0610,38.41,55.58,12.12,-2.27,2.48,0.0
20230228:0710,74.79,95.03,19.88,-1.81,3.1,0.0
20230228:0810,175.41,198.73,26.08,-1.56,3.38,0.0
20230228:0910,186.1,210.11,30.13,-1.39,3.38,0.0
20230228:1010,137.37,160.83,31.53,-0.7,3.31,0.0
20230228:1110,615.78,667.24,30.05,-0.01,3.38,0.0
20230228:1210,525.6,565.99,25.93,0.3,3.72,0.0
20230228:1310,567.01,611.12,19.68,0.35,3.93,0.0
20230228:1410,336.76,373.0,11.88,0.34,3.93,0.0
20230228:1510,0.72,7.17,3.08,0.14,3.24,0.0
20230228:1610,0.0,0.0,0.0,-0.83,2.76,0.0
20230228:1710,0.0,0.0,0.0,-1.71,2.83,0.0
20230228:1810,0.0,0.0,0.0,-2.11,3.03,0.0
20230228:1910,0.0,0.0,0.0,-1.91,3.38,0.0
20230228:2010,0.0,0.0,0.0,-2.03,3.66,0.0
20230228:2110,0.0,0.0,0.0,-2.17,3.93,0.0
20230228:2210,0.0,0.0,0.0,-2.28,4.07,0.0
20230228:2310,0.0,0.0,0.0,-2.36,4.14,0.0
20230301:0010,0.0,0.0,0.0,-2.45,4.07,0.0
20230301:0110,0.0,0.0,0.0,-2.23,4.14,0.0
20230301:0210,0.0,0.0,0.0,-2.02,4.14,0.0
20230301:0310,0.0,0.0,0.0,-1.78,4.28,0.0
20230301:0410,0.0,0.0,0.0,-1.64,4.41,0.0
20230301:0510,0.0,5.38,3.67,-1.38,4.48,0.0
20230301:0610,81.7,102.77,12.46,-0.85,3.86,0.0
20230301:0710,197.87,221.95,20.24,0.0,4.21,0.0
20230301:0810,240.61,266.36,26.45,0.51,4.41,0.0
20230301:0910,289.04,316.6,30.51,1.31,5.59,0.0
20230301:1010,312.15,342.28,31.9,2.16,5.03,0.0
20230301:1110,51.89,71.72,30.42,2.85,4.9,0.0
20230301:1210,19.3,34.07,26.27,2.81,4.48,0.0
20230301:1310,53.46,73.51,19.99,2.99,4.41,0.0
20230301:1410,45.99,65.25,12.17,2.82,3.24,0.0
20230301:1510,0.3,6.28,3.36,2.07,2.76,0.0
20230301:1610,0.0,0.0,0.0,0.86,2.34,0.0
20230301:1710,0.0,0.0,0.0,-0.08,2.14,0.0
20230301:1810,0.0,0.0,0.0,-0.51,2.0,0.0
20230301:1910,0.0,0.0,0.0,-0.52,2.07,0.0
20230301:2010,0.0,0.0,0.0,-0.56,2.21,0.0
20230301:2110,0.0,0.0,0.0,-0.83,2.41,0.0
20230301:2210,0.0,0.0,0.0,-1.06,2.55,0.0
20230301:2310,0.0,0.0,0.0,-1.46,2.69,0.0
20230302:0010,0.0,0.0,0.0,-1.77,2.83,0.0
20230302:0110,0.0,0.0,0.0,-1.74,3.03,0.0
20230302:0210,0.0,0.0,0.0,-1.44,3.38,0.0
20230302:0310,0.0,0.0,0.0,-1.18,3.52,0.0
20230302:0410,0.0,0.0,0.0,-1.35,3.59,0.0
20230302:0510,4.27,13.45,4.0,-1.48,3.52,0.0
20230302:0610,325.98,359.51,12.8,-0.86,3.17,0.0
20230302:0710,578.97,625.81,20.59,0.71,3.79,0.0
20230302:0810,736.71,808.76,26.83,2.17,3.93,0.0
20230302:0910,846.91,947.57,30.9,3.17,3.79,0.0
20230302:1010,865.66,976.17,32.29,3.98,3.72,0.0
20230302:1110,832.41,937.02,30.78,4.53,3.72,0.0
20230302:1210,682.73,756.8,26.61,4.81,3.79,0.0
20230302:1310,520.25,572.34,20.3,4.86,3.79,0.0
20230302:1410,289.14,328.59,12.46,4.63,3.31,0.0
20230302:1510,3.05,11.65,3.63,3.59,2.41,0.0
20230302:1610,0.0,0.0,0.0,2.12,2.28,0.0
20230302:1710,0.0,0.0,0.0,1.3,2.21,0.0
20230302:1810,0.0,0.0,0.0,1.01,2.21,0.0
20230302:1910,0.0,0.0,0.0,0.35,2.41,0.0
20230302:2010,0.0,0.0,0.0,0.15,2.34,0.0
20230302:2110,0.0,0.0,0.0,0.16,2.28,0.0
20230302:2210,0.0,0.0,0.0,0.26,2.21,0.0
20230302:2310,0.0,0.0,0.0,0.29,2.14,0.0
20230303:0010,0.0,0.0,0.0,0.41,2.21,0.0
20230303:0110,0.0,0.0,0.0,0.38,2.41,0.0
20230303:0210,0.0,0.0,0.0,0.5,2.55,0.0
20230303:0310,0.0,0.0,0.0,0.02,2.41,0.0
20230303:0410,0.0,0.0,0.0,0.0,2.48,0.0
20230303:0510,0.0,4.48,4.33,-0.16,2.48,0.0
20230303:0610,52.86,72.18,13.14,0.19,2.34,0.0
20230303:0710,153.64,178.3,20.95,1.47,3.66,0.0
20230303:0810,148.21,173.56,27.2,1.9,3.45,0.0
20230303:0910,346.3,380.18,31.28,2.57,3.59,0.0
20230303:1010,311.43,344.67,32.67,3.21,3.66,0.0
20230303:1110,194.45,223.23,31.15,3.87,3.93,0.0
20230303:1210,112.5,137.51,26.95,4.09,4.14,0.0
20230303:1310,22.84,38.55,20.62,3.85,3.93,0.0
20230303:1410,28.87,45.72,12.75,3.57,4.14,0.0
20230303:1510,0.0,4.48,3.9,3.16,3.72,0.0
20230303:1610,0.0,0.0,0.0,2.47,3.59,0.0
20230303:1710,0.0,0.0,0.0,2.13,3.59,0.0
20230303:1810,0.0,0.0,0.0,1.81,3.72,0.0
20230303:1910,0.0,0.0,0.0,1.96,3.79,0.0
20230303:2010,0.0,0.0,0.0,1.37,3.72,0.0
20230303:2110,0.0,0.0,0.0,0.76,3.52,0.0
20230303:2210,0.0,0.0,0.0,0.23,3.31,0.0
20230303:2310,0.0,0.0,0.0,-0.36,3.17,0.0
20230304:0010,0.0,0.0,0.0,-0.68,3.24,0.0
20230304:0110,0.0,0.0,0.0,-0.89,3.17,0.0
20230304:0210,0.0,0.0,0.0,-0.96,3.45,0.0
20230304:0310,0.0,0.0,0.0,-0.81,3.66,0.0
20230304:0410,0.0,0.0,0.0,-0.58,3.86,0.0
20230304:0510,1.16,8.07,4.66,-0.38,4.28,0.0
20230304:0610,21.06,35.86,13.49,0.04,4.48,0.0
20230304:0710,303.56,330.4,21.31,0.79,4.97,0.0
20230304:0810,265.83,292.59,27.58,1.46,5.79,0.0
20230304:0910,202.98,229.63,31.67,2.17,6.07,0.0
20230304:1010,123.47,147.93,33.05,2.52,6.21,0.0
20230304:1110,574.98,618.74,31.52,2.55,6.48,0.0
20230304:1210,173.56,199.23,27.29,2.49,6.76,0.0
20230304:1310,38.49,56.48,20.93,1.96,6.28,0.0
20230304:1410,82.8,104.82,13.04,1.6,5.93,0.0
20230304:1510,0.0,5.38,4.17,1.3,5.86,0.0
20230304:1610,0.0,0.0,0.0,1.19,5.52,0.0
20230304:1710,0.0,0.0,0.0,0.94,5.45,0.0
20230304:1810,0.0,0.0,0.0,0.44,5.45,0.0
20230304:1910,0.0,0.0,0.0,0.87,5.66,0.0
20230304:2010,0.0,0.0,0.0,0.93,5.93,0.0
20230304:2110,0.0,0.0,0.0,0.73,6.0,0.0
20230304:2210,0.0,0.0,0.0,-0.1,5.93,0.0
20230304:2310,0.0,0.0,0.0,-0.89,5.1,0.0
20230305:0010,0.0,0.0,0.0,-1.58,5.17,0.0
20230305:0110,0.0,0.0,0.0,-2.25,5.1,0.0
20230305:0210,0.0,0.0,0.0,-2.68,5.1,0.0
20230305:0310,0.0,0.0,0.0,-2.95,5.17,0.0
20230305:0410,0.0,0.0,0.0,-3.13,5.17,0.0
20230305:0510,1.66,8.97,5.0,-3.21,5.03,0.0
20230305:0610,289.43,316.09,13.84,-2.6,4.76,0.0
20230305:0710,598.63,634.57,21.68,-1.63,5.45,0.0
20230305:0810,680.91,721.87,27.96,-0.75,6.83,0.0
20230305:0910,761.56,816.99,32.06,-0.03,6.28,0.0
20230305:1010,801.46,868.74,33.44,0.81,5.79,0.0
20230305:1110,331.79,361.13,31.88,1.51,5.66,0.0
20230305:1210,251.21,278.45,27.63,1.79,5.24,0.0
20230305:1310,113.11,136.6,21.24,1.78,4.48,0.0
20230305:1410,25.35,41.24,13.33,1.64,3.79,0.0
20230305:1510,0.31,6.28,4.44,0.89,2.76,0.0
20230305:1610,0.0,0.0,0.0,-0.35,2.21,0.0
20230305:1710,0.0,0.0,0.0,-0.96,2.14,0.0
20230305:1810,0.0,0.0,0.0,-1.52,2.14,0.0
20230305:1910,0.0,0.0,0.0,-1.97,2.28,0.0
20230305:2010,0.0,0.0,0.0,-2.41,2.34,0.0
20230305:2110,0.0,0.0,0.0,-2.67,2.41,0.0
20230305:2210,0.0,0.0,0.0,-2.94,2.41,0.0
20230305:2310,0.0,0.0,0.0,-3.1,2.55,0.0
20230306:0010,0.0,0.0,0.0,-2.97,2.69,0.0
20230306:0110,0.0,0.0,0.0,-2.44,2.69,0.0
20230306:0210,0.0,0.0,0.0,-2.1,2.14,0.0
20230306:0310,0.0,0.0,0.0,-2.08,1.86,0.0
20230306:0410,0.0,0.0,0.0,-1.93,2.07,0.0
20230306:0510,1.17,8.07,5.34,-1.89,2.34,0.0
20230306:0610,169.99,194.58,14.19,-1.49,2.62,0.0
20230306:0710,104.57,126.6,22.04,-0.54,3.93,0.0
20230306:0810,354.26,383.76,28.34,0.23,3.86,0.0
20230306:0910,495.62,536.92,32.45,1.1,3.66,0.0
20230306:1010,208.67,236.43,33.83,1.76,3.52,0.0
20230306:1110,433.97,472.83,32.25,2.11,3.59,0.0
20230306:1210,409.29,446.0,27.97,2.51,3.79,0.0
20230306:1310,556.87,608.55,21.55,2.5,3.38,0.0
20230306:1410,346.26,389.33,13.61,1.96,1.93,0.0
20230306:1510,12.76,26.73,4.71,1.68,1.03,0.0
20230306:1610,0.0,0.0,0.0,0.29,1.72,0.0
20230306:1710,0.0,0.0,0.0,-1.36,1.86,0.0
20230306:1810,0.0,0.0,0.0,-2.08,2.0,0.0
20230306:1910,0.0,0.0,0.0,-2.37,1.93,0.0
20230306:2010,0.0,0.0,0.0,-1.68,2.0,0.0
20230306:2110,0.0,0.0,0.0,-1.22,2.28,0.0
20230306:2210,0.0,0.0,0.0,-0.96,2.48,0.0
20230306:2310,0.0,0.0,0.0,-1.05,2.76,0.0
20230307:0010,0.0,0.0,0.0,-0.99,2.83,0.0
20230307:0110,0.0,0.0,0.0,-1.01,2.83,0.0
20230307:0210,0.0,0.0,0.0,-1.14,2.9,0.0
20230307:0310,0.0,0.0,0.0,-1.17,2.97,0.0
20230307:0410,0.0,0.0,0.0,-0.91,3.03,0.0
20230307:0510,0.32,6.28,5.68,-0.27,3.1,0.0
20230307:0610,28.52,44.83,14.54,0.62,3.1,0.0
20230307:0710,44.96,63.65,22.41,1.12,2.76,0.0
20230307:0810,86.87,109.38,28.72,2.02,3.45,0.0
20230307:0910,203.01,231.2,32.84,2.82,4.07,0.0
20230307:1010,70.28,92.34,34.21,4.13,3.86,0.0
20230307:1110,517.66,572.82,32.62,5.1,3.31,0.0
20230307:1210,27.1,43.93,28.31,5.27,2.83,0.0
20230307:1310,64.88,86.96,21.86,5.29,2.34,0.0
20230307:1410,56.04,77.21,13.9,5.25,2.0,0.0
20230307:1510,3.56,12.55,4.98,4.4,1.24,0.0
20230307:1610,0.0,0.0,0.0,2.91,0.69,0.0
20230307:1710,0.0,0.0,0.0,1.46,1.03,0.0
20230307:1810,0.0,0.0,0.0,-1.65,1.86,0.0
20230307:1910,0.0,0.0,0.0,-1.81,1.79,0.0
20230307:2010,0.0,0.0,0.0,-1.52,1.93,0.0
20230307:2110,0.0,0.0,0.0,-1.39,2.14,0.0
20230307:2210,0.0,0.0,0.0,-1.05,2.28,0.0
20230307:2310,0.0,0.0,0.0,-0.84,2.55,0.0
20230308:0010,0.0,0.0,0.0,-0.47,2.76,0.0
20230308:0110,0.0,0.0,0.0,-0.38,3.03,0.0
20230308:0210,0.0,0.0,0.0,0.09,3.24,0.0
20230308:0310,0.0,0.0,0.0,0.38,3.38,0.0
20230308:0410,0.0,0.0,0.0,0.36,3.52,0.0
20230308:0510,1.15,8.07,6.03,0.42,3.59,0.0
20230308:0610,122.83,147.1,14.9,1.47,3.66,0.0
20230308:0710,199.47,227.19,22.78,3.06,3.38,0.0
20230308:0810,288.78,322.73,29.11,5.02,3.93,0.0
20230308:0910,207.63,239.63,33.24,6.42,4.07,0.0
20230308:1010,123.5,151.51,34.6,7.81,4.41,0.0
20230308:1110,137.47,166.96,32.99,8.63,4.76,0.0
20230308:1210,744.08,838.18,28.66,9.22,5.17,0.0
20230308:1310,399.11,446.63,22.17,9.5,5.17,0.0
20230308:1410,327.58,377.63,14.19,9.19,3.79,0.0
20230308:1510,8.7,20.62,5.25,8.41,3.17,0.0
20230308:1610,0.0,0.0,0.0,6.21,2.97,0.0
20230308:1710,0.0,0.0,0.0,4.97,2.55,0.0
20230308:1810,0.0,0.0,0.0,3.53,2.28,0.0
20230308:1910,0.0,0.0,0.0,2.18,1.93,0.0
20230308:2010,0.0,0.0,0.0,0.89,2.0,0.0
20230308:2110,0.0,0.0,0.0,-0.34,1.66,0.0
20230308:2210,0.0,0.0,0.0,-0.73,1.72,0.0
20230308:2310,0.0,0.0,0.0,-0.68,2.0,0.0
20230309:0010,0.0,0.0,0.0,0.27,2.48,0.0
20230309:0110,0.0,0.0,0.0,0.97,2.97,0.0
20230309:0210,0.0,0.0,0.0,1.27,3.38,0.0
20230309:0310,0.0,0.0,0.0,1.33,3.59,0.0
20230309:0410,0.0,0.0,0.0,1.61,3.52,0.0
20230309:0510,8.38,19.72,6.37,2.23,3.66,0.0
20230309:0610,132.92,158.89,15.25,3.5,4.07,0.0
20230309:0710,471.36,517.75,23.15,5.66,4.69,0.0
20230309:0810,231.52,265.48,29.5,7.32,3.79,0.0
20230309:0910,762.98,869.92,33.63,8.85,3.93,0.0
20230309:1010,380.06,431.27,34.99,10.68,4.0,0.0
20230309:1110,131.74,163.35,33.36,12.22,4.28,0.0
20230309:1210,43.17,64.55,29.0,13.09,4.21,0.0
20230309:1310,36.4,56.48,22.48,12.73,3.03,0.0
20230309:1410,32.05,51.1,14.47,12.02,3.24,0.0
20230309:1510,2.4,10.76,5.52,11.08,3.38,0.0
20230309:1610,0.0,0.0,0.0,9.88,3.31,0.0
20230309:1710,0.0,0.0,0.0,9.21,2.97,0.0
20230309:1810,0.0,0.0,0.0,8.27,2.34,0.0
20230309:1910,0.0,0.0,0.0,6.64,1.1,0.0
20230309:2010,0.0,0.0,0.0,5.85,1.79,0.0
20230309:2110,0.0,0.0,0.0,4.76,2.34,0.0
20230309:2210,0.0,0.0,0.0,3.33,3.03,0.0
20230309:2310,0.0,0.0,0.0,1.53,3.72,0.0
20230310:0010,0.0,0.0,0.0,0.2,3.79,0.0
20230310:0110,0.0,0.0,0.0,-0.3,3.52,0.0
20230310:0210,0.0,0.0,0.0,-0.51,3.24,0.0
20230310:0310,0.0,0.0,0.0,-0.6,2.97,0.0
20230310:0410,0.0,0.0,0.0,-0.7,2.69,0.0
20230310:0510,0.32,6.28,6.72,-0.83,2.21,0.0
20230310:0610,202.52,229.4,15.61,-0.58,2.07,0.0
20230310:0710,369.85,405.42,23.53,0.39,1.38,0.0
20230310:0810,173.09,200.32,29.89,1.53,1.24,0.0
20230310:0910,318.16,355.72,34.03,2.88,1.17,0.0
20230310:1010,271.04,306.59,35.39,4.02,1.45,0.0
20230310:1110,252.77,287.05,33.73,5.16,2.48,0.0
20230310:1210,91.92,116.55,29.34,5.81,3.31,0.0
20230310:1310,109.48,135.55,22.79,6.44,3.66,0.0
20230310:1410,318.65,364.12,14.76,6.91,3.52,0.0
20230310:1510,8.79,20.62,5.79,6.51,2.76,0.0
20230310:1610,0.0,0.0,0.0,5.34,2.9,0.0
20230310:1710,0.0,0.0,0.0,4.91,3.59,0.0
20230310:1810,0.0,0.0,0.0,4.52,4.14,0.0
20230310:1910,0.0,0.0,0.0,3.06,4.21,0.0
20230310:2010,0.0,0.0,0.0,2.97,4.34,0.0
20230310:2110,0.0,0.0,0.0,3.05,4.34,0.0
20230310:2210,0.0,0.0,0.0,3.16,4.34,0.0
20230310:2310,0.0,0.0,0.0,3.34,4.14,0.0
20230311:0010,0.0,0.0,0.0,3.31,4.0,0.0
20230311:0110,0.0,0.0,0.0,3.16,3.93,0.0
20230311:0210,0.0,0.0,0.0,3.02,4.07,0.0
20230311:0310,0.0,0.0,0.0,3.0,4.21,0.0
20230311:0410,0.0,0.0,0.0,3.04,4.34,0.0
20230311:0510,0.3,6.28,7.07,3.29,4.34,0.0
20230311:0610,49.91,69.93,15.97,4.28,4.48,0.0
20230311:0710,265.55,297.64,23.9,4.8,3.86,0.0
20230311:0810,97.05,121.93,30.28,5.76,4.28,0.0
20230311:0910,78.66,102.2,34.43,6.15,4.41,0.0
20230311:1010,95.03,120.13,35.78,6.93,6.28,0.0
20230311:1110,30.67,48.41,34.1,6.82,5.17,0.0
20230311:1210,87.4,112.07,29.68,7.03,4.69,0.0
20230311:1310,21.02,36.76,23.1,7.07,4.28,0.0
20230311:1410,6.31,17.03,15.04,7.31,3.79,0.0
20230311:1510,1.07,8.07,6.06,7.55,3.38,0.0
20230311:1610,0.0,0.0,0.0,7.62,2.97,0.0
20230311:1710,0.0,0.0,0.0,7.74,2.62,0.0
20230311:1810,0.0,0.0,0.0,7.78,2.14,0.0
20230311:1910,0.0,0.0,0.0,7.67,1.24,0.0
20230311:2010,0.0,0.0,0.0,7.32,1.24,0.0
20230311:2110,0.0,0.0,0.0,7.24,2.0,0.0
20230311:2210,0.0,0.0,0.0,7.45,3.1,0.0
20230311:2310,0.0,0.0,0.0,7.13,3.93,0.0
20230312:0010,0.0,0.0,0.0,6.43,4.28,0.0
20230312:0110,0.0,0.0,0.0,5.35,5.72,0.0
20230312:0210,0.0,0.0,0.0,2.52,6.9,0.0
20230312:0310,0.0,0.0,0.0,0.34,6.62,0.0
20230312:0410,0.0,0.0,0.0,-0.52,6.14,0.0
20230312:0510,39.37,58.99,7.42,-0.92,5.79,0.0
20230312:0610,34.26,51.1,16.33,-0.93,6.41,0.0
20230312:0710,31.87,48.41,24.28,-0.66,7.24,0.0
20230312:0810,290.51,314.79,30.67,-0.52,7.24,0.0
20230312:0910,202.09,226.7,34.83,0.31,8.0,0.0
20230312:1010,326.51,354.73,36.17,1.52,7.79,0.0
20230312:1110,408.35,440.81,34.47,2.61,7.66,0.0
20230312:1210,594.94,639.74,30.02,2.99,7.1,0.0
20230312:1310,106.8,130.6,23.41,3.22,6.69,0.0
20230312:1410,43.9,62.76,15.33,2.69,5.52,0.0
20230312:1510,42.52,65.96,6.33,2.47,5.93,0.0
20230312:1610,0.0,0.0,0.0,1.46,5.45,0.0
20230312:1710,0.0,0.0,0.0,0.83,5.59,0.0
20230312:1810,0.0,0.0,0.0,0.38,5.45,0.0
20230312:1910,0.0,0.0,0.0,-0.05,5.24,0.0
20230312:2010,0.0,0.0,0.0,-0.41,4.9,0.0
20230312:2110,0.0,0.0,0.0,-0.7,4.55,0.0
20230312:2210,0.0,0.0,0.0,-1.03,4.21,0.0
20230312:2310,0.0,0.0,0.0,-1.37,4.0,0.0
20230313:0010,0.0,0.0,0.0,-1.71,3.72,0.0
20230313:0110,0.0,0.0,0.0,-2.06,3.38,0.0
20230313:0210,0.0,0.0,0.0,-2.36,3.03,0.0
20230313:0310,0.0,0.0,0.0,-2.64,2.62,0.0
20230313:0410,0.0,0.0,0.0,-2.87,2.28,0.0
20230313:0510,122.23,159.73,7.77,-2.77,2.34,0.0
20230313:0610,366.04,401.66,16.7,-1.15,2.41,0.0
20230313:0710,499.88,542.33,24.66,0.72,2.97,0.0
20230313:0810,602.79,660.32,31.06,2.65,3.52,0.0
20230313:0910,483.56,531.15,35.23,4.11,3.86,0.0
20230313:1010,560.19,619.02,36.56,5.22,4.07,0.0
20230313:1110,804.8,906.01,34.85,6.15,4.34,0.0
20230313:1210,382.29,423.89,30.36,6.96,5.24,0.0
20230313:1310,242.2,275.32,23.72,7.1,5.17,0.0
20230313:1410,76.47,100.01,15.61,6.34,3.79,0.0
20230313:1510,12.74,26.0,6.6,5.89,3.52,0.0
20230313:1610,0.0,0.0,0.0,5.18,3.45,0.0
20230313:1710,0.0,0.0,0.0,4.74,3.79,0.0
20230313:1810,0.0,0.0,0.0,4.77,4.14,0.0
20230313:1910,0.0,0.0,0.0,4.19,4.34,0.0
20230313:2010,0.0,0.0,0.0,4.03,4.48,0.0
20230313:2110,0.0,0.0,0.0,3.81,4.48,0.0
20230313:2210,0.0,0.0,0.0,3.68,4.55,0.0
20230313:2310,0.0,0.0,0.0,3.63,4.69,0.0
20230314:0010,0.0,0.0,0.0,3.52,4.62,0.0
20230314:0110,0.0,0.0,0.0,3.24,4.55,0.0
20230314:0210,0.0,0.0,0.0,3.03,4.69,0.0
20230314:0310,0.0,0.0,0.0,2.92,4.83,0.0
20230314:0410,0.0,0.0,0.0,2.6,4.97,0.0
20230314:0510,122.33,162.32,8.12,2.33,5.03,0.0
20230314:0610,118.31,143.14,17.06,3.25,4.48,0.0
20230314:0710,138.86,165.51,25.03,5.2,5.79,0.0
20230314:0810,772.75,854.84,31.45,6.84,6.48,0.0
20230314:0910,861.6,967.73,35.63,8.48,6.69,0.0
20230314:1010,880.64,998.32,36.96,9.95,6.76,0.0
20230314:1110,860.4,977.11,35.22,10.98,6.9,0.0
20230314:1210,729.42,821.06,30.7,11.52,6.97,0.0
20230314:1310,507.27,568.58,24.03,11.68,6.76,0.0
20230314:1410,342.61,395.31,15.89,11.33,6.14,0.0
20230314:1510,75.68,113.19,6.86,10.49,6.0,0.0
20230314:1610,0.0,0.0,0.0,9.37,6.14,0.0
20230314:1710,0.0,0.0,0.0,8.48,6.21,0.0
20230314:1810,0.0,0.0,0.0,7.75,6.21,0.0
20230314:1910,0.0,0.0,0.0,6.98,5.86,0.0
20230314:2010,0.0,0.0,0.0,6.31,5.66,0.0
20230314:2110,0.0,0.0,0.0,5.63,5.45,0.0
20230314:2210,0.0,0.0,0.0,5.01,5.31,0.0
20230314:2310,0.0,0.0,0.0,4.41,5.03,0.0
20230315:0010,0.0,0.0,0.0,3.85,4.83,0.0
20230315:0110,0.0,0.0,0.0,3.28,4.48,0.0
20230315:0210,0.0,0.0,0.0,2.67,4.07,0.0
20230315:0310,0.0,0.0,0.0,2.01,3.86,0.0
20230315:0410,0.0,0.0,0.0,1.45,3.72,0.0
20230315:0510,88.77,119.33,8.48,1.29,3.66,0.0
20230315:0610,347.27,384.79,17.43,2.3,3.72,0.0
20230315:0710,522.43,571.93,25.41,4.17,4.14,0.0
20230315:0810,761.4,855.7,31.85,5.99,3.79,0.0
20230315:0910,848.91,974.47,36.03,7.9,3.79,0.0
20230315:1010,880.15,1018.07,37.35,9.43,4.21,0.0
20230315:1110,570.27,642.66,35.59,10.37,4.83,0.0
20230315:1210,241.85,280.48,31.03,10.86,4.48,0.0
20230315:1310,121.67,151.52,24.33,11.15,3.66,0.0
20230315:1410,42.87,63.65,16.17,10.79,3.17,0.0
20230315:1510,80.67,119.6,7.13,9.78,3.45,0.0
20230315:1610,0.0,0.0,0.0,8.38,3.52,0.0
20230315:1710,0.0,0.0,0.0,7.12,3.31,0.0
20230315:1810,0.0,0.0,0.0,6.09,3.1,0.0
20230315:1910,0.0,0.0,0.0,6.07,2.83,0.0
20230315:2010,0.0,0.0,0.0,5.92,2.69,0.0
20230315:2110,0.0,0.0,0.0,5.78,2.41,0.0
20230315:2210,0.0,0.0,0.0,5.56,2.28,0.0
20230315:2310,0.0,0.0,0.0,5.34,2.07,0.0
20230316:0010,0.0,0.0,0.0,5.06,1.93,0.0
20230316:0110,0.0,0.0,0.0,4.84,1.66,0.0
20230316:0210,0.0,0.0,0.0,4.47,1.45,0.0
20230316:0310,0.0,0.0,0.0,4.05,1.38,0.0
20230316:0410,0.0,0.0,0.0,3.72,1.52,0.0
20230316:0510,2.54,10.76,8.83,3.42,1.93,0.0
20230316:0610,29.64,46.62,17.79,3.33,2.41,0.0
20230316:0710,62.93,84.27,25.79,3.66,2.21,0.0
20230316:0810,89.33,112.96,32.24,3.86,2.55,0.0
20230316:0910,93.33,117.44,36.43,4.35,2.83,0.0
20230316:1010,70.83,93.24,37.75,4.68,2.76,0.0
20230316:1110,66.68,88.76,35.96,4.9,2.97,0.0
20230316:1210,29.37,46.62,31.37,5.25,3.38,0.0
20230316:1310,22.66,38.55,24.64,5.33,3.72,0.0
20230316:1410,25.63,42.14,16.45,5.2,3.72,0.0
20230316:1510,64.83,95.29,7.39,5.0,4.07,0.0
20230316:1610,0.0,0.0,0.0,4.63,4.28,0.0
20230316:1710,0.0,0.0,0.0,4.25,4.34,0.0
20230316:1810,0.0,0.0,0.0,3.85,4.34,0.0
20230316:1910,0.0,0.0,0.0,2.66,4.21,0.0
20230316:2010,0.0,0.0,0.0,2.31,4.28,0.0
20230316:2110,0.0,0.0,0.0,2.06,4.34,0.0
20230316:2210,0.0,0.0,0.0,1.9,4.28,0.0
20230316:2310,0.0,0.0,0.0,1.76,4.14,0.0
20230317:0010,0.0,0.0,0.0,1.68,4.07,0.0
20230317:0110,0.0,0.0,0.0,1.62,4.28,0.0
20230317:0210,0.0,0.0,0.0,1.54,4.48,0.0
20230317:0310,0.0,0.0,0.0,1.44,4.41,0.0
20230317:0410,0.0,0.0,0.0,1.24,4.34,0.0
20230317:0510,1.6,8.97,9.19,1.23,4.21,0.0
20230317:0610,49.8,69.03,18.16,1.44,4.48,0.0
20230317:0710,87.81,110.27,26.17,2.17,5.17,0.0
20230317:0810,118.89,143.44,32.64,2.71,4.69,0.0
20230317:0910,128.75,154.2,36.83,3.26,4.48,0.0
20230317:1010,87.05,110.27,38.14,3.83,4.34,0.0
20230317:1110,75.27,97.72,36.33,4.1,4.14,0.0
20230317:1210,54.76,75.31,31.71,4.2,4.28,0.0
20230317:1310,39.53,58.27,24.94,4.55,4.34,0.0
20230317:1410,23.46,39.45,16.73,4.88,4.48,0.0
20230317:1510,14.87,28.69,7.66,4.78,3.52,0.0
20230317:1610,0.0,0.0,0.0,4.47,3.17,0.0
20230317:1710,0.0,0.0,0.0,4.25,3.1,0.0
20230317:1810,0.0,0.0,0.0,3.95,2.9,0.0
20230317:1910,0.0,0.0,0.0,3.47,2.28,0.0
20230317:2010,0.0,0.0,0.0,3.01,2.21,0.0
20230317:2110,0.0,0.0,0.0,2.76,2.14,0.0
20230317:2210,0.0,0.0,0.0,2.6,2.07,0.0
20230317:2310,0.0,0.0,0.0,2.31,2.0,0.0
20230318:0010,0.0,0.0,0.0,2.23,2.14,0.0
20230318:0110,0.0,0.0,0.0,2.21,2.28,0.0
20230318:0210,0.0,0.0,0.0,2.31,2.41,0.0
20230318:0310,0.0,0.0,0.0,2.3,2.48,0.0
20230318:0410,0.0,0.0,0.0,2.13,2.55,0.0
20230318:0510,5.32,15.24,9.55,2.14,2.69,0.0
20230318:0610,78.4,100.56,18.52,2.5,2.97,0.0
20230318:0710,142.83,169.15,26.56,3.57,3.45,0.0
20230318:0810,292.62,327.56,33.03,4.77,3.45,0.0
20230318:0910,173.55,203.68,37.24,5.73,3.31,0.0
20230318:1010,176.91,208.16,38.54,6.58,3.03,0.0
20230318:1110,338.62,382.54,36.7,7.45,2.83,0.0
20230318:1210,570.67,645.7,32.04,8.16,2.62,0.0
20230318:1310,531.48,601.42,25.25,8.68,2.62,0.0
20230318:1410,164.3,197.18,17.01,8.55,2.48,0.0
20230318:1510,95.95,138.97,7.92,7.97,2.0,0.0
20230318:1610,0.0,0.0,0.0,6.47,2.14,0.0
20230318:1710,0.0,0.0,0.0,4.93,2.34,0.0
20230318:1810,0.0,0.0,0.0,3.7,2.34,0.0
20230318:1910,0.0,0.0,0.0,3.4,2.0,0.0
20230318:2010,0.0,0.0,0.0,2.65,1.93,0.0
20230318:2110,0.0,0.0,0.0,2.03,1.79,0.0
20230318:2210,0.0,0.0,0.0,1.06,1.66,0.0
20230318:2310,0.0,0.0,0.0,0.28,1.59,0.0
20230319:0010,0.0,0.0,0.0,-0.11,1.38,0.0
20230319:0110,0.0,0.0,0.0,-0.02,1.1,0.0
20230319:0210,0.0,0.0,0.0,-0.49,1.17,0.0
20230319:0310,0.0,0.0,0.0,-0.77,1.1,0.0
20230319:0410,0.0,0.0,0.0,-0.99,1.1,0.0
20230319:0510,59.01,81.02,9.9,-0.79,1.03,0.0
20230319:0610,170.85,198.71,18.89,1.62,0.76,0.0
20230319:0710,305.34,343.09,26.94,3.14,0.62,0.0
20230319:0810,387.28,437.79,33.43,4.98,0.55,0.0
20230319:0910,472.39,537.28,37.64,6.25,0.9,0.0
20230319:1010,773.19,915.79,38.93,7.14,1.03,0.0
20230319:1110,821.0,984.92,37.07,7.78,0.97,0.0
20230319:1210,741.64,880.06,32.38,8.27,0.83,0.0
20230319:1310,580.97,675.4,25.55,8.46,0.69,0.0
20230319:1410,343.66,402.02,17.29,8.34,0.55,0.0
20230319:1510,103.54,149.24,8.18,7.93,0.76,0.0
20230319:1610,0.0,0.0,0.0,6.76,1.52,0.0
20230319:1710,0.0,0.0,0.0,4.74,1.93,0.0
20230319:1810,0.0,0.0,0.0,3.01,1.93,0.0
20230319:1910,0.0,0.0,0.0,1.73,1.72,0.0
20230319:2010,0.0,0.0,0.0,0.59,1.86,0.0
20230319:2110,0.0,0.0,0.0,-0.01,1.72,0.0
20230319:2210,0.0,0.0,0.0,0.92,1.17,0.0
20230319:2310,0.0,0.0,0.0,1.85,0.55,0.0
20230320:0010,0.0,0.0,0.0,1.46,0.55,0.0
20230320:0110,0.0,0.0,0.0,0.97,0.34,0.0
20230320:0210,0.0,0.0,0.0,0.56,0.28,0.0
20230320:0310,0.0,0.0,0.0,0.17,0.41,0.0
20230320:0410,0.0,0.0,0.0,-0.4,0.76,0.0
20230320:0510,116.86,150.19,10.26,-1.16,0.21,0.0
20230320:0610,409.48,462.61,19.26,1.27,0.07,0.0
20230320:0710,615.36,700.28,27.32,3.14,0.55,0.0
20230320:0810,726.86,847.24,33.82,5.69,0.9,0.0
20230320:0910,826.43,980.6,38.04,7.36,1.38,0.0
20230320:1010,849.06,1007.92,39.32,8.19,1.79,0.0
20230320:1110,811.43,958.51,37.43,8.61,1.79,0.0
20230320:1210,727.42,846.47,32.71,8.77,1.86,0.0
20230320:1310,584.74,669.38,25.85,8.65,1.86,0.0
20230320:1410,342.13,397.44,17.57,8.2,1.31,0.0
20230320:1510,71.33,103.8,8.44,7.52,1.45,0.0
20230320:1610,0.0,0.0,0.0,6.5,1.79,0.0
20230320:1710,0.0,0.0,0.0,5.47,1.79,0.0
20230320:1810,0.0,0.0,0.0,4.51,2.0,0.0
20230320:1910,0.0,0.0,0.0,3.91,1.72,0.0
20230320:2010,0.0,0.0,0.0,2.99,2.0,0.0
20230320:2110,0.0,0.0,0.0,2.35,2.0,0.0
20230320:2210,0.0,0.0,0.0,1.89,2.21,0.0
20230320:2310,0.0,0.0,0.0,1.65,2.21,0.0
20230321:0010,0.0,0.0,0.0,1.59,2.21,0.0
20230321:0110,0.0,0.0,0.0,1.49,2.07,0.0
20230321:0210,0.0,0.0,0.0,1.22,2.0,0.0
20230321:0310,0.0,0.0,0.0,1.01,1.93,0.0
20230321:0410,0.0,0.0,0.0,0.66,2.0,0.0
20230321:0510,127.45,163.32,10.62,0.94,1.72,0.0
20230321:0610,399.52,449.21,19.63,3.42,1.45,0.0
20230321:0710,0.0,0.0,0.0,5.63,1.31,0.0
20230321:0810,0.0,0.0,0.0,7.81,1.31,0.0
20230321:0910,817.78,977.25,38.44,9.75,1.59,0.0
20230321:1010,834.99,1004.6,39.72,11.32,1.86,0.0
20230321:1110,792.71,953.63,37.8,12.53,1.79,0.0
20230321:1210,573.51,673.16,33.05,13.32,1.66,0.0
20230321:1310,368.11,429.4,26.15,13.64,1.52,0.0
20230321:1410,137.19,171.7,17.84,13.55,1.38,0.0
20230321:1510,58.89,88.74,8.7,12.71,1.38,0.0
20230321:1610,0.0,0.0,0.0,10.94,1.59,0.0
20230321:1710,0.0,0.0,0.0,9.26,1.93,0.0
20230321:1810,0.0,0.0,0.0,8.01,1.52,0.0
20230321:1910,0.0,0.0,0.0,6.87,2.0,0.0
20230321:2010,0.0,0.0,0.0,6.06,2.07,0.0
20230321:2110,0.0,0.0,0.0,5.45,2.14,0.0
20230321:2210,0.0,0.0,0.0,5.05,2.14,0.0
20230321:2310,0.0,0.0,0.0,4.97,2.0,0.0
20230322:0010,0.0,0.0,0.0,4.75,2.0,0.0
20230322:0110,0.0,0.0,0.0,4.5,2.07,0.0
20230322:0210,0.0,0.0,0.0,4.08,2.21,0.0
20230322:0310,0.0,0.0,0.0,3.94,2.14,0.0
20230322:0410,0.0,0.0,0.0,3.48,2.21,0.0
20230322:0510,39.11,58.11,10.98,3.9,1.93,0.0
20230322:0610,178.92,210.15,20.0,5.98,2.07,0.0
20230322:0710,0.0,0.0,0.0,7.93,2.21,0.0
20230322:0810,629.47,725.18,34.62,9.47,2.07,0.0
20230322:0910,633.5,737.39,38.85,11.04,2.07,0.0
20230322:1010,233.87,276.74,40.11,11.95,1.66,0.0
20230322:1110,170.54,207.09,38.17,12.38,1.86,0.0
20230322:1210,418.79,483.45,33.38,12.36,2.07,0.0
20230322:1310,351.78,405.56,26.45,11.95,2.21,0.0
20230322:1410,247.66,293.57,18.11,11.6,1.86,0.0
20230322:1510,83.29,121.54,8.96,11.05,1.45,0.0
20230322:1610,0.0,0.0,0.0,9.84,1.66,0.0
20230322:1710,0.0,0.0,0.0,8.43,1.86,0.0
20230322:1810,0.0,0.0,0.0,7.37,1.86,0.0
20230322:1910,0.0,0.0,0.0,6.84,1.86,0.0
20230322:2010,0.0,0.0,0.0,6.12,1.86,0.0
20230322:2110,0.0,0.0,0.0,5.81,1.79,0.0
20230322:2210,0.0,0.0,0.0,5.81,1.79,0.0
20230322:2310,0.0,0.0,0.0,5.38,1.93,0.0
20230323:0010,0.0,0.0,0.0,5.75,2.0,0.0
20230323:0110,0.0,0.0,0.0,5.72,2.21,0.0
20230323:0210,0.0,0.0,0.0,5.74,2.34,0.0
20230323:0310,0.0,0.0,0.0,6.09,2.41,0.0
20230323:0410,0.0,0.9,1.87,6.43,2.41,0.0
20230323:0510,2.98,11.65,11.34,6.9,2.41,0.0
20230323:0610,35.68,54.69,20.36,8.31,2.41,0.0
20230323:0710,219.07,255.53,28.46,9.51,2.83,0.0
20230323:0810,327.93,376.71,35.01,11.39,3.17,0.0
20230323:0910,354.14,408.65,39.25,12.77,3.31,0.0
20230323:1010,340.39,395.43,40.5,13.97,3.45,0.0
20230323:1110,453.76,525.02,38.53,14.72,3.66,0.0
20230323:1210,249.93,295.46,33.71,14.9,3.59,0.0
20230323:1310,205.59,246.49,26.75,14.87,3.1,0.0
20230323:1410,276.3,329.59,18.39,15.19,3.24,0.0
20230323:1510,95.58,140.6,9.22,14.5,2.83,0.0
20230323:1610,0.0,0.0,0.0,13.01,2.76,0.0
20230323:1710,0.0,0.0,0.0,11.64,2.9,0.0
20230323:1810,0.0,0.0,0.0,11.09,3.03,0.0
20230323:1910,0.0,0.0,0.0,11.4,2.97,0.0
20230323:2010,0.0,0.0,0.0,10.96,3.1,0.0
20230323:2110,0.0,0.0,0.0,10.46,3.17,0.0
20230323:2210,0.0,0.0,0.0,10.04,3.31,0.0
20230323:2310,0.0,0.0,0.0,9.74,3.45,0.0
20230324:0010,0.0,0.0,0.0,9.58,3.59,0.0
20230324:0110,0.0,0.0,0.0,9.33,3.59,0.0
20230324:0210,0.0,0.0,0.0,8.94,3.59,0.0
20230324:0310,0.0,0.0,0.0,8.85,3.38,0.0
20230324:0410,0.0,0.9,2.23,8.91,3.1,0.0
20230324:0510,5.08,15.24,11.69,9.29,2.9,0.0
20230324:0610,168.86,202.6,20.73,10.07,2.55,0.0
20230324:0710,125.83,156.72,28.85,11.56,2.76,0.0
20230324:0810,145.77,180.1,35.41,13.54,3.03,0.0
20230324:0910,316.8,371.47,39.65,15.09,3.03,0.0
20230324:1010,430.58,504.04,40.9,16.08,2.97,0.0
20230324:1110,282.36,335.69,38.9,16.95,3.03,0.0
20230324:1210,478.3,560.84,34.04,17.28,3.24,0.0
20230324:1310,136.72,172.74,27.04,17.67,3.52,0.0
20230324:1410,35.52,56.48,18.66,17.49,2.97,0.0
20230324:1510,45.4,70.85,9.48,16.37,2.34,0.0
20230324:1610,0.0,0.0,0.0,14.97,2.21,0.0
20230324:1710,0.0,0.0,0.0,14.21,1.86,0.0
20230324:1810,0.0,0.0,0.0,13.46,1.59,0.0
20230324:1910,0.0,0.0,0.0,12.52,1.45,0.0
20230324:2010,0.0,0.0,0.0,11.89,2.14,0.0
20230324:2110,0.0,0.0,0.0,11.97,2.76,0.0
20230324:2210,0.0,0.0,0.0,12.46,3.31,0.0
20230324:2310,0.0,0.0,0.0,12.76,3.72,0.0
20230325:0010,0.0,0.0,0.0,12.82,3.79,0.0
20230325:0110,0.0,0.0,0.0,12.7,3.66,0.0
20230325:0210,0.0,0.0,0.0,12.34,3.52,0.0
20230325:0310,0.0,0.0,0.0,11.88,3.72,0.0
20230325:0410,0.0,0.9,2.58,11.46,3.59,0.0
20230325:0510,27.02,44.83,12.05,11.18,3.31,0.0
20230325:0610,49.66,71.72,21.1,11.54,3.38,0.0
20230325:0710,93.86,121.93,29.23,12.49,3.52,0.0
20230325:0810,265.37,309.62,35.8,12.93,3.93,0.0
20230325:0910,157.45,192.69,40.05,13.43,3.86,0.0
20230325:1010,135.21,168.55,41.29,13.81,3.59,0.0
20230325:1110,125.32,157.79,39.26,14.03,3.38,0.0
20230325:1210,113.7,145.24,34.37,14.52,3.1,0.0
20230325:1310,39.76,60.96,27.34,14.65,2.28,0.0
20230325:1410,179.56,220.7,18.93,14.6,1.03,0.0
20230325:1510,16.72,32.27,9.74,14.88,0.9,0.0
20230325:1610,0.0,0.0,0.0,13.41,1.79,0.0
20230325:1710,0.0,0.0,0.0,12.15,1.86,0.0
20230325:1810,0.0,0.0,0.0,11.65,1.86,0.0
20230325:1910,0.0,0.0,0.0,11.07,1.79,0.0
20230325:2010,0.0,0.0,0.0,10.93,2.41,0.0
20230325:2110,0.0,0.0,0.0,11.09,3.38,0.0
20230325:2210,0.0,0.0,0.0,10.94,3.79,0.0
20230325:2310,0.0,0.0,0.0,10.64,3.79,0.0
20230326:0010,0.0,0.0,0.0,10.47,3.66,0.0
20230326:0110,0.0,0.0,0.0,10.27,3.31,0.0
20230326:0210,0.0,0.0,0.0,9.95,3.72,0.0
20230326:0310,0.0,0.0,0.0,9.52,4.34,0.0
20230326:0410,0.0,1.79,2.93,9.19,3.59,0.0
20230326:0510,90.23,120.44,12.41,9.02,2.55,0.0
20230326:0610,175.37,208.99,21.46,9.47,2.83,0.0
20230326:0710,499.58,564.17,29.61,9.69,3.38,0.0
20230326:0810,445.86,506.31,36.2,10.77,3.52,0.0
20230326:0910,464.78,531.09,40.45,11.67,3.45,0.0
20230326:1010,398.45,458.42,41.68,12.55,3.31,0.0
20230326:1110,298.28,347.25,39.63,13.03,3.24,0.0
20230326:1210,419.92,483.33,34.69,13.39,3.31,0.0
20230326:1310,304.92,354.16,27.63,13.43,3.17,0.0
20230326:1410,109.63,139.4,19.2,12.16,3.24,0.0
20230326:1510,17.01,32.27,9.99,11.78,2.28,0.0
20230326:1610,0.0,0.0,0.0,10.8,2.9,0.0
20230326:1710,0.0,0.0,0.0,9.69,2.62,0.0
20230326:1810,0.0,0.0,0.0,8.73,2.55,0.0
20230326:1910,0.0,0.0,0.0,7.5,2.41,0.0
20230326:2010,0.0,0.0,0.0,6.75,2.48,0.0
20230326:2110,0.0,0.0,0.0,6.23,2.48,0.0
20230326:2210,0.0,0.0,0.0,5.78,2.62,0.0
20230326:2310,0.0,0.0,0.0,5.37,2.62,0.0
20230327:0010,0.0,0.0,0.0,4.97,2.48,0.0
20230327:0110,0.0,0.0,0.0,4.53,2.34,0.0
20230327:0210,0.0,0.0,0.0,4.14,2.41,0.0
20230327:0310,0.0,0.0,0.0,3.82,2.34,0.0
20230327:0410,0.0,5.38,3.29,3.53,2.28,0.0
20230327:0510,187.6,236.97,12.76,4.24,1.79,0.0
20230327:0610,438.83,498.62,21.83,6.5,1.86,0.0
20230327:0710,514.98,584.27,29.99,8.28,2.07,0.0
20230327:0810,667.05,769.54,36.59,10.17,2.62,0.0
20230327:0910,673.03,790.12,40.85,11.11,1.86,0.0
20230327:1010,415.73,480.87,42.07,12.47,2.34,0.0
20230327:1110,199.95,239.89,39.99,13.2,2.55,0.0
20230327:1210,102.09,131.79,35.02,13.39,2.34,0.0
20230327:1310,271.33,318.04,27.92,13.39,2.41,0.0
20230327:1410,147.97,182.96,19.47,13.23,2.48,0.0
20230327:1510,53.67,79.68,10.25,12.48,2.83,0.0
20230327:1610,0.0,0.0,0.0,11.44,3.31,0.0
20230327:1710,0.0,0.0,0.0,10.8,3.79,0.0
20230327:1810,0.0,0.0,0.0,10.48,4.0,0.0
20230327:1910,0.0,0.0,0.0,10.66,3.59,0.0
20230327:2010,0.0,0.0,0.0,10.42,3.45,0.0
20230327:2110,0.0,0.0,0.0,10.16,3.86,0.0
20230327:2210,0.0,0.0,0.0,9.91,4.28,0.0
20230327:2310,0.0,0.0,0.0,9.21,4.07,0.0
20230328:0010,0.0,0.0,0.0,8.89,3.79,0.0
20230328:0110,0.0,0.0,0.0,8.64,3.31,0.0
20230328:0210,0.0,0.0,0.0,8.32,2.9,0.0
20230328:0310,0.0,0.0,0.0,7.92,2.76,0.0
20230328:0410,0.0,2.69,3.64,7.42,2.62,0.0
20230328:0510,10.02,22.41,13.12,7.32,2.62,0.0
20230328:0610,50.63,71.72,22.19,7.49,2.55,0.0
20230328:0710,178.21,210.45,30.36,8.37,3.66,0.0
20230328:0810,89.24,114.76,36.98,8.31,3.79,0.0
20230328:0910,99.23,125.51,41.25,8.05,3.79,0.0
20230328:1010,165.36,196.23,42.46,7.6,4.41,0.0
20230328:1110,172.2,203.32,40.35,7.15,3.86,0.0
20230328:1210,90.56,115.65,35.34,6.91,2.9,0.0
20230328:1310,95.29,121.03,28.22,6.98,1.79,0.0
20230328:1410,169.67,203.1,19.73,6.93,0.34,0.0
20230328:1510,48.97,71.54,10.5,6.44,2.28,0.0
20230328:1610,0.0,0.0,0.0,4.4,5.03,0.0
20230328:1710,0.0,0.0,0.0,1.83,6.41,0.0
20230328:1810,0.0,0.0,0.0,0.03,7.38,0.0
20230328:1910,0.0,0.0,0.0,-0.58,8.14,0.0
20230328:2010,0.0,0.0,0.0,-0.79,8.41,0.0
20230328:2110,0.0,0.0,0.0,-0.74,7.86,0.0
20230328:2210,0.0,0.0,0.0,-0.64,7.72,0.0
20230328:2310,0.0,0.0,0.0,-0.64,7.31,0.0
20230329:0010,0.0,0.0,0.0,-0.6,6.97,0.0
20230329:0110,0.0,0.0,0.0,-0.63,6.97,0.0
20230329:0210,0.0,0.0,0.0,-0.7,6.69,0.0
20230329:0310,0.0,0.0,0.0,-0.86,7.24,0.0
20230329:0410,0.0,2.69,3.99,-1.19,7.03,0.0
20230329:0510,5.44,15.24,13.47,-1.38,6.9,0.0
20230329:0610,41.54,59.17,22.56,-1.26,7.38,0.0
20230329:0710,123.41,145.97,30.74,-0.44,6.76,0.0
20230329:0810,119.77,142.55,37.37,0.07,6.83,0.0
20230329:0910,138.65,162.27,41.65,0.4,6.9,0.0
20230329:1010,104.08,126.41,42.84,0.47,7.38,0.0
20230329:1110,109.82,132.69,40.71,0.99,7.17,0.0
20230329:1210,125.95,149.72,35.66,1.44,7.31,0.0
20230329:1310,106.02,129.1,28.5,1.69,6.97,0.0
20230329:1410,33.86,51.1,20.0,1.49,7.1,0.0
20230329:1510,8.43,19.72,10.76,1.16,6.34,0.0
20230329:1610,0.0,0.0,0.0,0.78,5.79,0.0
20230329:1710,0.0,0.0,0.0,0.26,5.17,0.0
20230329:1810,0.0,0.0,0.0,-0.13,4.69,0.0
20230329:1910,0.0,0.0,0.0,0.11,4.55,0.0
20230329:2010,0.0,0.0,0.0,-0.46,4.48,0.0
20230329:2110,0.0,0.0,0.0,-1.0,4.21,0.0
20230329:2210,0.0,0.0,0.0,-1.45,3.86,0.0
20230329:2310,0.0,0.0,0.0,-1.77,3.72,0.0
20230330:0010,0.0,0.0,0.0,-2.02,3.66,0.0
20230330:0110,0.0,0.0,0.0,-2.16,3.52,0.0
20230330:0210,0.0,0.0,0.0,-2.41,3.31,0.0
20230330:0310,0.0,0.0,0.0,-2.63,3.1,0.0
20230330:0410,5.49,15.24,4.34,-2.88,2.83,0.0
20230330:0510,206.63,249.71,13.83,-2.25,2.76,0.0
20230330:0610,465.9,506.04,22.92,-1.05,3.24,0.0
20230330:0710,674.02,730.52,31.12,0.73,4.28,0.0
20230330:0810,840.7,927.66,37.76,1.98,4.55,0.0
20230330:0910,932.27,1053.1,42.05,3.12,4.0,0.0
20230330:1010,954.93,1089.96,43.23,4.28,3.93,0.0
20230330:1110,910.47,1034.72,41.06,5.17,4.14,0.0
20230330:1210,809.56,912.29,35.98,5.81,4.0,0.0
20230330:1310,618.18,688.2,28.79,6.13,3.86,0.0
20230330:1410,389.65,442.77,20.26,6.17,3.45,0.0
20230330:1510,133.08,185.93,11.01,5.79,2.83,0.0
20230330:1610,0.0,0.0,0.0,4.75,2.0,0.0
20230330:1710,0.0,0.0,0.0,3.38,1.72,0.0
20230330:1810,0.0,0.0,0.0,1.81,1.31,0.0
20230330:1910,0.0,0.0,0.0,1.09,1.31,0.0
20230330:2010,0.0,0.0,0.0,2.13,0.83,0.0
20230330:2110,0.0,0.0,0.0,1.81,0.14,0.0
20230330:2210,0.0,0.0,0.0,-0.58,1.1,0.0
20230330:2310,0.0,0.0,0.0,-1.53,1.45,0.0
20230331:0010,0.0,0.0,0.0,-1.62,1.72,0.0
20230331:0110,0.0,0.0,0.0,-0.81,2.0,0.0
20230331:0210,0.0,0.0,0.0,0.1,2.14,0.0
20230331:0310,0.0,0.0,0.0,0.82,2.14,0.0
20230331:0410,0.0,3.59,4.69,1.08,2.14,0.0
20230331:0510,26.82,43.03,14.18,1.76,2.07,0.0
20230331:0610,49.29,69.03,23.28,3.13,2.14,0.0
20230331:0710,150.39,178.66,31.49,4.76,2.21,0.0
20230331:0810,393.28,441.2,38.15,6.0,2.28,0.0
20230331:0910,181.78,214.01,42.45,6.8,2.41,0.0
20230331:1010,159.25,190.06,43.62,7.18,2.62,0.0
20230331:1110,166.88,197.99,41.42,6.94,2.69,0.0
20230331:1210,144.53,173.76,36.3,6.69,2.69,0.0
20230331:1310,87.45,112.07,29.08,6.37,2.62,0.0
20230331:1410,81.21,105.24,20.53,6.1,2.07,0.0
20230331:1510,35.48,54.19,11.26,5.93,2.34,0.0
20230331:1610,0.0,0.83,1.74,5.62,2.55,0.0
20230331:1710,0.0,0.0,0.0,5.69,2.76,0.0
20230331:1810,0.0,0.0,0.0,5.92,2.83,0.0
20230331:1910,0.0,0.0,0.0,6.43,2.48,0.0
20230331:2010,0.0,0.0,0.0,6.58,2.62,0.0
20230331:2110,0.0,0.0,0.0,6.61,2.76,0.0
20230331:2210,0.0,0.0,0.0,6.19,2.69,0.0
20230331:2310,0.0,0.0,0.0,5.66,2.62,0.0
20230401:0010,0.0,0.0,0.0,5.1,2.55,0.0
20230401:0110,0.0,0.0,0.0,4.74,2.62,0.0
20230401:0210,0.0,0.0,0.0,4.56,2.69,0.0
20230401:0310,0.0,0.0,0.0,4.2,2.69,0.0
20230401:0410,0.0,4.48,5.04,3.91,2.69,0.0
20230401:0510,5.81,16.14,14.53,4.87,2.41,0.0
20230401:0610,38.28,57.38,23.64,6.82,3.03,0.0
20230401:0710,261.79,299.2,31.87,8.08,3.72,0.0
20230401:0810,341.25,388.07,38.54,9.99,4.07,0.0
20230401:0910,437.21,497.08,42.84,11.54,4.55,0.0
20230401:1010,639.96,733.52,44.0,12.34,4.62,0.0
20230401:1110,483.88,552.25,41.77,12.83,4.76,0.0
20230401:1210,322.41,371.49,36.62,13.0,4.76,0.0
20230401:1310,213.4,252.63,29.36,13.31,4.83,0.0
20230401:1410,65.76,90.55,20.79,12.9,3.79,0.0
20230401:1510,11.0,24.21,11.51,12.43,3.93,0.0
20230401:1610,0.0,0.83,1.99,11.45,3.86,0.0
20230401:1710,0.0,0.0,0.0,10.23,3.93,0.0
20230401:1810,0.0,0.0,0.0,9.61,4.0,0.0
20230401:1910,0.0,0.0,0.0,9.25,3.52,0.0
20230401:2010,0.0,0.0,0.0,8.66,3.59,0.0
20230401:2110,0.0,0.0,0.0,8.5,3.79,0.0
20230401:2210,0.0,0.0,0.0,8.35,3.72,0.0
20230401:2310,0.0,0.0,0.0,8.2,3.45,0.0
20230402:0010,0.0,0.0,0.0,8.1,3.17,0.0
20230402:0110,0.0,0.0,0.0,8.02,2.97,0.0
20230402:0210,0.0,0.0,0.0,7.9,2.76,0.0
20230402:0310,0.0,0.0,0.0,7.82,2.69,0.0
20230402:0410,0.0,3.59,5.39,7.74,2.62,0.0
20230402:0510,5.71,16.14,14.88,7.73,2.62,0.0
20230402:0610,18.07,33.17,24.0,7.94,2.41,0.0
20230402:0710,56.81,78.89,32.24,8.19,2.83,0.0
20230402:0810,84.99,110.27,38.93,8.52,3.17,0.0
20230402:0910,116.86,145.24,43.23,8.63,2.62,0.0
20230402:1010,76.67,101.31,44.38,8.91,2.9,0.0
20230402:1110,75.07,99.51,42.13,8.84,2.83,0.0
20230402:1210,59.06,81.58,36.94,8.63,2.55,0.0
20230402:1310,81.64,106.69,29.65,8.53,2.48,0.0
20230402:1410,30.36,48.41,21.05,8.5,2.34,0.0
20230402:1510,15.95,30.48,11.76,8.28,2.34,0.0
20230402:1610,0.0,0.83,2.23,8.14,2.48,0.0
20230402:1710,0.0,0.0,0.0,7.77,2.62,0.0
20230402:1810,0.0,0.0,0.0,7.41,2.69,0.0
20230402:1910,0.0,0.0,0.0,7.36,2.62,0.0
20230402:2010,0.0,0.0,0.0,6.87,2.55,0.0
20230402:2110,0.0,0.0,0.0,6.64,2.14,0.0
20230402:2210,0.0,0.0,0.0,6.44,1.79,0.0
20230402:2310,0.0,0.0,0.0,6.25,1.79,0.0
20230403:0010,0.0,0.0,0.0,6.1,1.86,0.0
20230403:0110,0.0,0.0,0.0,5.88,1.93,0.0
20230403:0210,0.0,0.0,0.0,5.81,2.07,0.0
20230403:0310,0.0,0.0,0.0,5.77,2.28,0.0
20230403:0410,1.53,8.97,5.73,5.81,2.41,0.0
20230403:0510,59.06,81.1,15.23,6.01,2.55,0.0
20230403:0610,100.98,126.72,24.35,6.38,2.55,0.0
20230403:0710,157.2,187.26,32.61,6.86,2.9,0.0
20230403:0810,166.51,197.76,39.31,7.46,3.17,0.0
20230403:0910,261.54,299.87,43.63,8.04,3.79,0.0
20230403:1010,100.48,127.31,44.76,8.74,3.38,0.0
20230403:1110,117.5,146.13,42.48,9.07,2.9,0.0
20230403:1210,79.78,104.89,37.25,9.28,2.97,0.0
20230403:1310,56.64,78.89,29.93,8.82,2.97,0.0
20230403:1410,33.47,52.0,21.31,8.05,3.38,0.0
20230403:1510,7.52,18.83,12.0,7.21,3.79,0.0
20230403:1610,0.0,1.65,2.48,6.33,4.0,0.0
20230403:1710,0.0,0.0,0.0,5.52,4.0,0.0
20230403:1810,0.0,0.0,0.0,4.91,3.93,0.0
20230403:1910,0.0,0.0,0.0,4.12,3.93,0.0
20230403:2010,0.0,0.0,0.0,3.68,3.31,0.0
20230403:2110,0.0,0.0,0.0,3.35,3.24,0.0
20230403:2210,0.0,0.0,0.0,3.05,3.31,0.0
20230403:2310,0.0,0.0,0.0,2.83,3.31,0.0
20230404:0010,0.0,0.0,0.0,2.66,3.1,0.0
20230404:0110,0.0,0.0,0.0,2.51,3.03,0.0
20230404:0210,0.0,0.0,0.0,2.35,3.03,0.0
20230404:0310,0.0,0.0,0.0,2.21,2.9,0.0
20230404:0410,1.58,8.97,6.07,2.14,2.9,0.0
20230404:0510,11.64,24.21,15.57,2.3,3.03,0.0
20230404:0610,45.42,64.55,24.71,2.69,3.03,0.0
20230404:0710,88.2,111.17,32.98,2.77,3.17,0.0
20230404:0810,141.77,168.55,39.7,3.53,2.83,0.0
20230404:0910,138.76,165.86,44.02,4.18,2.69,0.0
20230404:1010,161.78,190.96,45.14,4.98,2.69,0.0
20230404:1110,168.34,198.83,42.83,6.12,2.76,0.0
20230404:1210,125.33,153.31,37.56,6.91,2.69,0.0
20230404:1310,40.45,60.07,30.21,7.53,2.69,0.0
20230404:1410,60.1,82.48,21.56,7.87,2.97,0.0
20230404:1510,41.29,61.52,12.25,7.76,2.83,0.0
20230404:1610,0.0,1.65,2.73,7.4,2.28,0.0
20230404:1710,0.0,0.0,0.0,6.7,2.07,0.0
20230404:1810,0.0,0.0,0.0,6.08,2.34,0.0
20230404:1910,0.0,0.0,0.0,4.67,2.83,0.0
20230404:2010,0.0,0.0,0.0,4.07,2.62,0.0
20230404:2110,0.0,0.0,0.0,3.96,2.62,0.0
20230404:2210,0.0,0.0,0.0,3.84,2.97,0.0
20230404:2310,0.0,0.0,0.0,3.91,3.17,0.0
20230405:0010,0.0,0.0,0.0,3.94,3.17,0.0
20230405:0110,0.0,0.0,0.0,3.98,3.03,0.0
20230405:0210,0.0,0.0,0.0,4.04,3.03,0.0
20230405:0310,0.0,0.0,0.0,4.16,2.97,0.0
20230405:0410,0.0,5.38,6.42,4.28,2.9,0.0
20230405:0510,7.02,17.93,15.92,4.56,2.9,0.0
20230405:0610,16.23,30.48,25.06,5.18,3.17,0.0
20230405:0710,51.12,71.72,33.34,5.77,3.86,0.0
20230405:0810,127.85,156.0,40.08,7.33,3.86,0.0
20230405:0910,95.41,121.93,44.4,9.28,4.14,0.0
20230405:1010,215.29,253.62,45.52,11.22,4.28,0.0
20230405:1110,172.82,208.69,43.17,12.41,3.93,0.0
20230405:1210,160.03,195.01,37.87,12.74,3.59,0.0
20230405:1310,265.49,309.6,30.48,12.39,3.17,0.0
20230405:1410,145.0,178.58,21.82,12.31,3.38,0.0
20230405:1510,18.36,34.07,12.5,12.24,3.93,0.0
20230405:1610,0.0,4.96,2.97,11.17,4.14,0.0
20230405:1710,0.0,0.0,0.0,10.32,4.28,0.0
20230405:1810,0.0,0.0,0.0,9.92,4.48,0.0
20230405:1910,0.0,0.0,0.0,8.92,4.14,0.0
20230405:2010,0.0,0.0,0.0,9.0,4.28,0.0
20230405:2110,0.0,0.0,0.0,9.12,4.34,0.0
20230405:2210,0.0,0.0,0.0,9.31,4.21,0.0
20230405:2310,0.0,0.0,0.0,9.17,4.0,0.0
20230406:0010,0.0,0.0,0.0,9.18,4.0,0.0
20230406:0110,0.0,0.0,0.0,9.19,4.21,0.0
20230406:0210,0.0,0.0,0.0,9.03,4.41,0.0
20230406:0310,0.0,0.0,0.0,8.88,4.41,0.0
20230406:0410,0.0,5.38,6.76,8.81,4.34,0.0
20230406:0510,32.59,51.1,16.26,8.88,4.34,0.0
20230406:0610,82.32,107.58,25.41,9.35,4.34,0.0
20230406:0710,179.64,213.76,33.71,10.35,4.21,0.0
20230406:0810,350.08,399.32,40.46,11.47,5.03,0.0
20230406:0910,91.05,118.34,44.79,12.11,6.07,0.0
20230406:1010,78.03,104.0,45.89,12.32,5.72,0.0
20230406:1110,81.12,107.58,43.52,12.39,4.41,0.0
20230406:1210,144.95,178.17,38.18,12.58,4.14,0.0
20230406:1310,60.25,84.27,30.76,12.97,4.14,0.0
20230406:1410,77.26,103.6,22.07,13.07,4.0,0.0
20230406:1510,26.24,43.93,12.74,11.67,4.28,0.0
20230406:1610,0.0,1.65,3.22,10.65,3.45,0.0
20230406:1710,0.0,0.0,0.0,9.82,3.03,0.0
20230406:1810,0.0,0.0,0.0,9.35,2.9,0.0
20230406:1910,0.0,0.0,0.0,8.92,2.97,0.0
20230406:2010,0.0,0.0,0.0,8.4,2.83,0.0
20230406:2110,0.0,0.0,0.0,7.94,2.76,0.0
20230406:2210,0.0,0.0,0.0,7.57,2.69,0.0
20230406:2310,0.0,0.0,0.0,7.14,2.69,0.0
20230407:0010,0.0,0.0,0.0,6.77,2.55,0.0
20230407:0110,0.0,0.0,0.0,6.41,2.34,0.0
20230407:0210,0.0,0.0,0.0,5.91,2.07,0.0
20230407:0310,0.0,0.0,0.0,5.6,1.79,0.0
20230407:0410,6.37,17.03,7.09,5.63,1.52,0.0
20230407:0510,127.96,159.91,16.6,6.05,1.38,0.0
20230407:0610,402.13,457.2,25.76,6.64,1.52,0.0
20230407:0710,591.95,676.5,34.07,6.67,1.31,0.0
20230407:0810,704.67,825.06,40.83,7.35,1.03,0.0
20230407:0910,735.83,869.34,45.17,7.96,1.1,0.0
20230407:1010,815.65,976.42,46.27,8.66,1.31,0.0
20230407:1110,770.31,915.35,43.86,9.47,1.45,0.0
20230407:1210,707.37,835.16,38.48,10.32,1.38,0.0
20230407:1310,499.58,579.44,31.03,10.7,1.17,0.0
20230407:1410,220.08,263.09,22.33,10.95,0.76,0.0
20230407:1510,46.53,68.75,12.98,10.93,0.28,0.0
20230407:1610,0.0,2.48,3.46,10.5,0.83,0.0
20230407:1710,0.0,0.0,0.0,9.43,1.86,0.0
20230407:1810,0.0,0.0,0.0,8.55,2.14,0.0
20230407:1910,0.0,0.0,0.0,8.54,1.93,0.0
20230407:2010,0.0,0.0,0.0,8.36,2.07,0.0
20230407:2110,0.0,0.0,0.0,8.1,2.28,0.0
20230407:2210,0.0,0.0,0.0,7.93,2.28,0.0
20230407:2310,0.0,0.0,0.0,7.72,2.62,0.0
20230408:0010,0.0,0.0,0.0,7.12,2.62,0.0
20230408:0110,0.0,0.0,0.0,6.58,2.55,0.0
20230408:0210,0.0,0.0,0.0,6.36,2.55,0.0
20230408:0310,0.0,0.0,0.0,6.29,2.41,0.0
20230408:0410,0.28,6.28,7.43,6.39,2.21,0.0
20230408:0510,54.86,76.53,16.93,7.16,2.14,0.0
20230408:0610,177.98,211.19,26.1,8.77,2.83,0.0
20230408:0710,346.67,396.6,34.43,9.69,2.21,0.0
20230408:0810,630.65,733.13,41.21,11.2,2.21,0.0
20230408:0910,774.8,925.74,45.56,12.97,2.28,0.0
20230408:1010,384.43,449.07,46.64,14.08,2.34,0.0
20230408:1110,383.18,447.91,44.2,14.67,2.55,0.0
20230408:1210,320.27,376.14,38.79,15.06,2.62,0.0
20230408:1310,22.22,39.45,31.31,15.07,2.48,0.0
20230408:1410,37.51,58.27,22.58,14.6,2.07,0.0
20230408:1510,93.67,131.3,13.22,13.67,1.59,0.0
20230408:1610,3.76,13.23,3.7,12.49,1.31,0.0
20230408:1710,0.0,0.0,0.0,11.2,1.03,0.0
20230408:1810,0.0,0.0,0.0,10.07,0.62,0.0
20230408:1910,0.0,0.0,0.0,8.27,1.45,0.0
20230408:2010,0.0,0.0,0.0,7.65,1.38,0.0
20230408:2110,0.0,0.0,0.0,7.85,1.1,0.0
20230408:2210,0.0,0.0,0.0,7.34,0.97,0.0
20230408:2310,0.0,0.0,0.0,5.44,1.31,0.0
20230409:0010,0.0,0.0,0.0,4.67,1.24,0.0
20230409:0110,0.0,0.0,0.0,4.72,1.03,0.0
20230409:0210,0.0,0.0,0.0,4.34,1.03,0.0
20230409:0310,0.0,0.0,0.0,4.21,1.03,0.0
20230409:0410,0.68,7.17,7.76,4.61,0.97,0.0
20230409:0510,209.77,258.52,17.27,6.15,1.31,0.0
20230409:0610,420.74,482.22,26.45,7.81,1.24,0.0
20230409:0710,540.82,625.22,34.78,9.84,1.31,0.0
20230409:0810,726.47,864.76,41.58,11.82,1.59,0.0
20230409:0910,715.01,851.35,45.94,13.75,2.28,0.0
20230409:1010,841.36,1016.1,47.01,14.74,2.83,0.0
20230409:1110,699.62,831.09,44.54,15.02,2.76,0.0
20230409:1210,671.42,799.64,39.09,14.55,1.93,0.0
20230409:1310,109.64,140.75,31.58,14.21,2.14,0.0
20230409:1410,31.11,50.21,22.83,13.22,2.83,0.0
20230409:1510,48.63,71.29,13.46,11.96,2.28,0.0
20230409:1610,1.94,9.92,3.94,11.39,2.76,0.0
20230409:1710,0.0,0.0,0.0,10.41,2.55,0.0
20230409:1810,0.0,0.0,0.0,9.65,2.41,0.0
20230409:1910,0.0,0.0,0.0,8.68,2.07,0.0
20230409:2010,0.0,0.0,0.0,8.5,2.21,0.0
20230409:2110,0.0,0.0,0.0,7.94,2.41,0.0
20230409:2210,0.0,0.0,0.0,7.71,2.41,0.0
20230409:2310,0.0,0.0,0.0,7.72,2.34,0.0
20230410:0010,0.0,0.0,0.0,7.66,2.34,0.0
20230410:0110,0.0,0.0,0.0,7.6,2.41,0.0
20230410:0210,0.0,0.0,0.0,7.58,2.55,0.0
20230410:0310,0.0,0.0,0.0,7.47,2.62,0.0
20230410:0410,0.65,7.17,8.09,7.5,2.55,0.0
20230410:0510,8.1,19.72,17.6,7.96,2.34,0.0
20230410:0610,55.01,77.1,26.79,8.93,2.69,0.0
20230410:0710,183.14,218.0,35.14,10.01,2.76,0.0
20230410:0810,135.25,166.75,41.95,10.86,2.69,0.0
20230410:0910,327.13,378.63,46.31,12.08,3.17,0.0
20230410:1010,238.16,281.22,47.37,12.78,3.31,0.0
20230410:1110,240.34,284.13,44.88,13.18,3.17,0.0
20230410:1210,108.23,138.06,39.39,12.72,3.17,0.0
20230410:1310,419.66,482.68,31.84,13.22,3.52,0.0
20230410:1410,203.54,244.62,23.08,13.17,3.1,0.0
20230410:1510,125.91,179.75,13.7,13.25,3.1,0.0
20230410:1610,3.29,12.4,4.18,12.27,2.69,0.0
20230410:1710,0.0,0.0,0.0,10.82,2.62,0.0
20230410:1810,0.0,0.0,0.0,9.58,2.69,0.0
20230410:1910,0.0,0.0,0.0,9.09,2.62,0.0
20230410:2010,0.0,0.0,0.0,8.24,2.41,0.0
20230410:2110,0.0,0.0,0.0,7.33,2.34,0.0
20230410:2210,0.0,0.0,0.0,6.56,2.34,0.0
20230410:2310,0.0,0.0,0.0,5.84,2.34,0.0
20230411:0010,0.0,0.0,0.0,5.22,2.34,0.0
20230411:0110,0.0,0.0,0.0,4.73,2.41,0.0
20230411:0210,0.0,0.0,0.0,4.42,2.55,0.0
20230411:0310,0.0,0.0,0.0,4.16,2.62,0.0
20230411:0410,34.13,69.71,8.42,4.28,2.62,0.0
20230411:0510,231.57,283.07,17.93,6.0,2.48,0.0
20230411:0610,479.62,544.08,27.13,8.24,2.97,0.0
20230411:0710,545.84,619.23,35.49,10.54,3.79,0.0
20230411:0810,779.93,906.1,42.32,12.13,4.0,0.0
20230411:0910,701.06,816.47,46.69,13.59,4.07,0.0
20230411:1010,676.24,789.77,47.74,14.68,4.21,0.0
20230411:1110,355.28,413.18,45.21,15.12,4.62,0.0
20230411:1210,486.9,562.4,39.69,15.16,4.48,0.0
20230411:1310,496.95,574.32,32.11,15.08,4.21,0.0
20230411:1410,236.31,283.17,23.32,14.38,2.97,0.0
20230411:1510,109.98,153.31,13.94,13.8,2.97,0.0
20230411:1610,0.05,5.79,4.42,12.75,2.9,0.0
20230411:1710,0.0,0.0,0.0,11.68,2.83,0.0
20230411:1810,0.0,0.0,0.0,11.0,2.69,0.0
20230411:1910,0.0,0.0,0.0,10.29,2.9,0.0
20230411:2010,0.0,0.0,0.0,9.69,2.83,0.0
20230411:2110,0.0,0.0,0.0,8.89,2.9,0.0
20230411:2210,0.0,0.0,0.0,8.34,2.9,0.0
20230411:2310,0.0,0.0,0.0,7.99,3.1,0.0
20230412:0010,0.0,0.0,0.0,7.68,3.45,0.0
20230412:0110,0.0,0.0,0.0,7.27,3.59,0.0
20230412:0210,0.0,0.0,0.0,7.24,3.52,0.0
20230412:0310,0.0,0.0,0.0,7.25,3.52,0.0
20230412:0410,1.07,8.07,8.75,7.34,3.45,0.0
20230412:0510,8.74,20.62,18.26,7.54,3.38,0.0
20230412:0610,24.55,41.24,27.46,7.78,3.24,0.0
20230412:0710,60.75,83.38,35.84,8.5,3.45,0.0
20230412:0810,72.75,96.82,42.68,8.69,3.31,0.0
20230412:0910,104.44,131.79,47.06,9.04,3.31,0.0
20230412:1010,132.3,162.27,48.1,9.32,3.31,0.0
20230412:1110,143.45,174.82,45.54,9.8,3.03,0.0
20230412:1210,118.83,147.93,39.98,9.8,3.31,0.0
20230412:1310,96.62,123.72,32.38,9.99,3.38,0.0
20230412:1410,38.46,58.27,23.57,9.9,3.38,0.0
20230412:1510,23.57,40.34,14.18,9.83,3.38,0.0
20230412:1610,3.84,13.23,4.66,9.71,3.31,0.0
20230412:1710,0.0,0.0,0.0,9.59,3.17,0.0
20230412:1810,0.0,0.0,0.0,9.51,2.9,0.0
20230412:1910,0.0,0.0,0.0,9.36,3.59,0.0
20230412:2010,0.0,0.0,0.0,9.14,3.17,0.0
20230412:2110,0.0,0.0,0.0,8.99,2.69,0.0
20230412:2210,0.0,0.0,0.0,8.81,2.14,0.0
20230412:2310,0.0,0.0,0.0,8.63,1.93,0.0
20230413:0010,0.0,0.0,0.0,8.48,2.07,0.0
20230413:0110,0.0,0.0,0.0,8.38,1.93,0.0
20230413:0210,0.0,0.0,0.0,8.3,1.59,0.0
20230413:0310,0.0,0.0,0.0,8.18,1.45,0.0
20230413:0410,38.99,64.79,9.07,8.2,1.52,0.0
20230413:0510,22.98,39.45,18.58,8.55,1.45,0.0
20230413:0610,275.14,319.0,27.79,9.27,1.59,0.0
20230413:0710,284.47,330.11,36.18,10.85,2.14,0.0
20230413:0810,207.26,246.42,43.04,11.52,2.34,0.0
20230413:0910,244.02,286.94,47.43,11.23,2.14,0.0
20230413:1010,200.53,238.85,48.46,11.12,2.28,0.0
20230413:1110,48.14,69.93,45.87,11.18,2.21,0.0
20230413:1210,113.59,143.44,40.28,11.28,1.93,0.0
20230413:1310,64.46,88.76,32.64,11.3,1.1,0.0
20230413:1410,90.68,118.21,23.81,11.22,1.17,0.0
20230413:1510,19.85,35.86,14.41,11.06,1.66,0.0
20230413:1610,0.0,3.31,4.9,10.79,2.14,0.0
20230413:1710,0.0,0.0,0.0,10.37,2.55,0.0
20230413:1810,0.0,0.0,0.0,9.99,2.55,0.0
20230413:1910,0.0,0.0,0.0,9.39,2.62,0.0
20230413:2010,0.0,0.0,0.0,8.91,2.69,0.0
20230413:2110,0.0,0.0,0.0,8.33,2.48,0.0
20230413:2210,0.0,0.0,0.0,7.98,2.21,0.0
20230413:2310,0.0,0.0,0.0,7.74,2.21,0.0
20230414:0010,0.0,0.0,0.0,7.47,2.21,0.0
20230414:0110,0.0,0.0,0.0,7.46,2.21,0.0
20230414:0210,0.0,0.0,0.0,7.48,2.28,0.0
20230414:0310,0.0,0.0,0.0,7.46,2.34,0.0
20230414:0410,1.51,8.97,9.39,7.45,2.41,0.0
20230414:0510,23.1,39.45,18.9,7.65,2.34,0.0
20230414:0610,40.33,60.07,28.12,8.07,2.48,0.0
20230414:0710,141.59,171.77,36.53,8.45,3.03,0.0
20230414:0810,201.89,237.03,43.4,8.52,2.9,0.0
20230414:0910,179.28,213.08,47.8,8.91,2.83,0.0
20230414:1010,200.25,236.13,48.82,9.11,2.69,0.0
20230414:1110,87.7,113.86,46.2,9.95,3.59,0.0
20230414:1210,98.95,126.41,40.57,10.4,3.93,0.0
20230414:1310,87.68,113.86,32.9,10.09,3.93,0.0
20230414:1410,89.02,115.12,24.06,9.58,3.79,0.0
20230414:1510,34.82,53.79,14.65,9.05,3.72,0.0
20230414:1610,4.89,14.88,5.14,8.4,3.93,0.0
20230414:1710,0.0,0.0,0.0,7.85,3.93,0.0
20230414:1810,0.0,0.0,0.0,7.56,3.79,0.0
20230414:1910,0.0,0.0,0.0,7.8,3.52,0.0
20230414:2010,0.0,0.0,0.0,7.43,3.52,0.0
20230414:2110,0.0,0.0,0.0,7.29,3.66,0.0
20230414:2210,0.0,0.0,0.0,7.07,3.66,0.0
20230414:2310,0.0,0.0,0.0,6.98,3.66,0.0
20230415:0010,0.0,0.0,0.0,6.72,3.66,0.0
20230415:0110,0.0,0.0,0.0,6.3,3.72,0.0
20230415:0210,0.0,0.0,0.0,5.57,3.66,0.0
20230415:0310,0.0,0.0,0.0,4.94,3.66,0.0
20230415:0410,1.55,8.97,9.7,4.85,3.86,0.0
20230415:0510,12.77,26.0,19.22,5.66,5.31,0.0
20230415:0610,99.4,124.62,28.45,6.31,5.31,0.0
20230415:0710,74.61,97.72,36.86,6.15,5.38,0.0
20230415:0810,106.81,132.69,43.76,6.49,5.17,0.0
20230415:0910,121.53,148.82,48.16,7.13,5.31,0.0
20230415:1010,113.8,140.75,49.17,7.52,5.31,0.0
20230415:1110,132.73,161.37,46.52,7.97,5.31,0.0
20230415:1210,90.07,115.65,40.85,8.62,5.31,0.0
20230415:1310,48.84,69.93,33.16,8.79,5.24,0.0
20230415:1410,15.23,29.59,24.3,8.98,5.31,0.0
20230415:1510,5.67,16.14,14.88,8.88,5.1,0.0
20230415:1610,0.4,6.61,5.37,8.7,4.62,0.0
20230415:1710,0.0,0.0,0.0,8.47,4.69,0.0
20230415:1810,0.0,0.0,0.0,8.41,4.76,0.0
20230415:1910,0.0,0.0,0.0,6.83,3.72,0.0
20230415:2010,0.0,0.0,0.0,6.37,3.52,0.0
20230415:2110,0.0,0.0,0.0,6.37,3.59,0.0
20230415:2210,0.0,0.0,0.0,6.42,3.79,0.0
20230415:2310,0.0,0.0,0.0,6.51,3.79,0.0
20230416:0010,0.0,0.0,0.0,6.71,3.79,0.0
20230416:0110,0.0,0.0,0.0,6.98,3.66,0.0
20230416:0210,0.0,0.0,0.0,7.17,3.59,0.0
20230416:0310,0.0,0.0,0.0,7.12,3.66,0.0
20230416:0410,1.98,9.86,10.02,7.18,3.72,0.0
20230416:0510,13.99,27.79,19.53,7.31,3.72,0.0
20230416:0610,65.06,87.86,28.77,7.66,4.0,0.0
20230416:0710,111.92,138.96,37.2,7.64,4.28,0.0
20230416:0810,135.77,164.96,44.11,7.95,3.79,0.0
20230416:0910,135.53,164.96,48.53,8.36,3.86,0.0
20230416:1010,144.98,175.72,49.52,9.12,3.86,0.0
20230416:1110,94.95,121.93,46.85,10.2,3.86,0.0
20230416:1210,81.78,107.58,41.14,10.66,4.07,0.0
20230416:1310,60.05,83.38,33.42,10.99,4.14,0.0
20230416:1410,34.48,53.79,24.53,10.99,3.79,0.0
20230416:1510,20.59,36.76,15.11,10.91,3.52,0.0
20230416:1610,5.86,16.54,5.61,10.61,2.83,0.0
20230416:1710,0.0,0.0,0.0,10.04,2.21,0.0
20230416:1810,0.0,0.0,0.0,9.11,2.0,0.0
20230416:1910,0.0,0.0,0.0,8.01,1.66,0.0
20230416:2010,0.0,0.0,0.0,7.85,1.72,0.0
20230416:2110,0.0,0.0,0.0,7.81,1.86,0.0
20230416:2210,0.0,0.0,0.0,7.84,2.07,0.0
20230416:2310,0.0,0.0,0.0,7.8,2.28,0.0
20230417:0010,0.0,0.0,0.0,7.54,2.41,0.0
20230417:0110,0.0,0.0,0.0,7.35,2.62,0.0
20230417:0210,0.0,0.0,0.0,6.99,2.55,0.0
20230417:0310,0.0,0.0,0.0,6.74,2.34,0.0
20230417:0410,1.99,9.86,10.32,6.49,2.34,0.0
20230417:0510,26.14,43.03,19.84,6.77,2.34,0.0
20230417:0610,206.28,240.42,29.08,7.35,2.69,0.0
20230417:0710,333.74,377.98,37.53,7.51,2.76,0.0
20230417:0810,500.34,567.23,44.46,8.89,2.97,0.0
20230417:0910,426.61,487.52,48.88,10.66,3.24,0.0
20230417:1010,458.15,526.56,49.87,12.33,3.59,0.0
20230417:1110,779.15,916.17,47.17,13.51,3.72,0.0
20230417:1210,542.24,627.69,41.42,14.41,3.79,0.0
20230417:1310,525.37,608.44,33.67,14.8,3.79,0.0
20230417:1410,256.27,305.66,24.77,14.78,3.86,0.0
20230417:1510,120.95,167.87,15.34,14.28,3.38,0.0
20230417:1610,14.4,28.94,5.84,13.08,3.24,0.0
20230417:1710,0.0,0.0,0.0,11.7,3.24,0.0
20230417:1810,0.0,0.0,0.0,10.77,3.38,0.0
20230417:1910,0.0,0.0,0.0,9.95,3.1,0.0
20230417:2010,0.0,0.0,0.0,9.29,3.03,0.0
20230417:2110,0.0,0.0,0.0,8.78,2.97,0.0
20230417:2210,0.0,0.0,0.0,8.12,2.97,0.0
20230417:2310,0.0,0.0,0.0,7.41,2.9,0.0
20230418:0010,0.0,0.0,0.0,6.99,2.76,0.0
20230418:0110,0.0,0.0,0.0,6.65,2.62,0.0
20230418:0210,0.0,0.0,0.0,6.32,2.48,0.0
20230418:0310,0.0,0.0,0.0,5.96,2.55,0.0
20230418:0410,3.0,11.65,10.63,5.94,2.41,0.0
20230418:0510,42.93,62.76,20.15,6.68,2.07,0.0
20230418:0610,205.2,239.57,29.4,7.45,2.41,0.0
20230418:0710,267.22,309.16,37.86,10.37,3.45,0.0
20230418:0810,407.95,466.7,44.8,10.94,3.17,0.0
20230418:0910,395.79,455.24,49.24,11.47,2.97,0.0
20230418:1010,350.56,404.96,50.22,11.69,2.97,0.0
20230418:1110,180.63,217.52,47.48,12.31,3.24,0.0
20230418:1210,146.18,179.3,41.71,11.87,3.24,0.0
20230418:1310,117.85,147.93,33.92,11.46,3.17,0.0
20230418:1410,27.07,44.83,25.01,10.81,2.69,0.0
20230418:1510,34.55,53.79,15.57,10.35,2.21,0.0
20230418:1610,15.26,29.77,6.07,9.88,1.86,0.0
20230418:1710,0.0,0.0,0.0,9.07,1.86,0.0
20230418:1810,0.0,0.0,0.0,7.99,2.28,0.0
20230418:1910,0.0,0.0,0.0,8.02,2.55,0.0
20230418:2010,0.0,0.0,0.0,7.65,2.55,0.0
20230418:2110,0.0,0.0,0.0,7.37,2.28,0.0
20230418:2210,0.0,0.0,0.0,7.01,2.21,0.0
20230418:2310,0.0,0.0,0.0,6.43,2.14,0.0
20230419:0010,0.0,0.0,0.0,6.2,2.07,0.0
20230419:0110,0.0,0.0,0.0,5.58,2.14,0.0
20230419:0210,0.0,0.0,0.0,5.3,2.14,0.0
20230419:0310,0.0,0.0,0.0,4.93,2.21,0.0
20230419:0410,41.93,62.79,10.93,5.16,2.14,0.0
20230419:0510,196.4,237.18,20.45,6.92,2.34,0.0
20230419:0610,474.2,539.25,29.71,8.78,2.83,0.0
20230419:0710,644.67,739.72,38.19,10.56,3.03,0.0
20230419:0810,747.24,875.75,45.14,12.48,3.1,0.0
20230419:0910,758.76,896.44,49.59,14.2,3.52,0.0
20230419:1010,725.69,856.38,50.56,15.48,4.0,0.0
20230419:1110,593.61,692.89,47.8,16.38,4.62,0.0
20230419:1210,85.99,114.76,41.98,16.05,4.28,0.0
20230419:1310,46.4,69.03,34.17,15.58,3.72,0.0
20230419:1410,33.79,53.79,25.24,14.96,3.93,0.0
20230419:1510,31.71,51.1,15.8,14.19,3.86,0.0
20230419:1610,15.59,30.59,6.3,13.52,3.52,0.0
20230419:1710,0.0,0.0,0.0,12.51,3.24,0.0
20230419:1810,0.0,0.0,0.0,12.03,3.59,0.0
20230419:1910,0.0,0.0,0.0,10.63,3.66,0.0
20230419:2010,0.0,0.0,0.0,9.67,3.17,0.0
20230419:2110,0.0,0.0,0.0,8.73,2.9,0.0
20230419:2210,0.0,0.0,0.0,7.99,2.9,0.0
20230419:2310,0.0,0.0,0.0,7.67,2.9,0.0
20230420:0010,0.0,0.0,0.0,7.4,2.9,0.0
20230420:0110,0.0,0.0,0.0,7.44,2.9,0.0
20230420:0210,0.0,0.0,0.0,7.67,2.97,0.0
20230420:0310,0.0,0.83,1.86,7.45,3.17,0.0
20230420:0410,2.47,10.76,11.23,7.02,3.38,0.0
20230420:0510,45.27,65.45,20.75,7.03,3.59,0.0
20230420:0610,30.6,48.41,30.02,7.12,3.79,0.0
20230420:0710,82.93,107.58,38.51,7.92,4.83,0.0
20230420:0810,145.84,175.72,45.48,8.25,4.97,0.0
20230420:0910,132.29,161.37,49.94,8.58,4.97,0.0
20230420:1010,86.58,112.07,50.9,8.98,4.62,0.0
20230420:1110,77.99,103.1,48.11,10.04,4.21,0.0
20230420:1210,147.81,180.2,42.26,11.11,4.21,0.0
20230420:1310,116.82,146.13,34.42,10.74,4.21,0.0
20230420:1410,30.76,49.31,25.47,10.92,3.86,0.0
20230420:1510,22.71,39.45,16.03,11.01,3.52,0.0
20230420:1610,17.71,33.07,6.53,10.96,3.17,0.0
20230420:1710,0.0,0.0,0.0,10.44,2.69,0.0
20230420:1810,0.0,0.0,0.0,9.71,2.41,0.0
20230420:1910,0.0,0.0,0.0,8.63,2.28,0.0
20230420:2010,0.0,0.0,0.0,7.82,2.21,0.0
20230420:2110,0.0,0.0,0.0,7.15,1.93,0.0
20230420:2210,0.0,0.0,0.0,6.65,2.14,0.0
20230420:2310,0.0,0.0,0.0,6.39,2.48,0.0
20230421:0010,0.0,0.0,0.0,6.22,2.76,0.0
20230421:0110,0.0,0.0,0.0,6.19,2.76,0.0
20230421:0210,0.0,0.0,0.0,6.14,2.55,0.0
20230421:0310,0.0,0.83,2.16,5.85,2.28,0.0
20230421:0410,5.19,15.24,11.53,6.01,1.93,0.0
20230421:0510,153.56,187.15,21.05,7.23,1.79,0.0
20230421:0610,497.5,567.86,30.32,8.7,2.41,0.0
20230421:0710,327.26,373.89,38.82,9.85,3.45,0.0
20230421:0810,422.74,478.16,45.82,10.38,4.97,0.0
20230421:0910,421.75,477.12,50.28,10.58,5.52,0.0
20230421:1010,215.23,252.72,51.24,10.73,5.17,0.0
20230421:1110,617.47,700.66,48.42,11.11,5.24,0.0
20230421:1210,476.45,541.53,42.53,11.67,4.62,0.0
20230421:1310,249.34,291.57,34.67,12.42,4.34,0.0
20230421:1410,181.67,219.26,25.7,12.69,3.86,0.0
20230421:1510,57.52,81.46,16.25,12.66,2.97,0.0
20230421:1610,16.97,32.25,6.76,11.92,2.07,0.0
20230421:1710,0.0,0.0,0.0,10.89,2.07,0.0
20230421:1810,0.0,0.0,0.0,9.87,2.34,0.0
20230421:1910,0.0,0.0,0.0,9.24,2.07,0.0
20230421:2010,0.0,0.0,0.0,8.87,2.41,0.0
20230421:2110,0.0,0.0,0.0,8.27,2.55,0.0
20230421:2210,0.0,0.0,0.0,7.68,2.69,0.0
20230421:2310,0.0,0.0,0.0,7.12,2.69,0.0
20230422:0010,0.0,0.0,0.0,6.46,2.62,0.0
20230422:0110,0.0,0.0,0.0,5.82,2.48,0.0
20230422:0210,0.0,0.0,0.0,5.23,2.41,0.0
20230422:0310,0.0,0.83,2.46,4.8,2.28,0.0
20230422:0410,54.06,98.98,11.82,5.22,2.14,0.0
20230422:0510,184.84,223.33,21.34,7.58,2.14,0.0
20230422:0610,467.79,535.65,30.62,9.8,2.55,0.0
20230422:0710,480.32,552.47,39.13,11.47,2.48,0.0
20230422:0810,671.7,788.25,46.14,12.86,2.62,0.0
20230422:0910,856.88,1032.97,50.63,14.52,3.03,0.0
20230422:1010,247.4,294.78,51.57,15.31,3.52,0.0
20230422:1110,516.52,603.91,48.72,15.68,3.52,0.0
20230422:1210,205.61,248.37,42.81,15.76,3.59,0.0
20230422:1310,177.15,216.44,34.91,15.64,3.52,0.0
20230422:1410,238.35,286.51,25.93,15.15,2.97,0.0
20230422:1510,135.74,192.29,16.47,14.49,2.41,0.0
20230422:1610,19.99,36.38,6.99,13.55,2.21,0.0
20230422:1710,0.0,0.0,0.0,12.29,2.34,0.0
20230422:1810,0.0,0.0,0.0,11.41,2.34,0.0
20230422:1910,0.0,0.0,0.0,10.68,2.0,0.0
20230422:2010,0.0,0.0,0.0,8.99,2.0,0.0
20230422:2110,0.0,0.0,0.0,7.59,2.0,0.0
20230422:2210,0.0,0.0,0.0,6.89,1.93,0.0
20230422:2310,0.0,0.0,0.0,6.56,1.93,0.0
20230423:0010,0.0,0.0,0.0,6.37,1.86,0.0
20230423:0110,0.0,0.0,0.0,6.22,1.72,0.0
20230423:0210,0.0,0.0,0.0,6.15,1.72,0.0
20230423:0310,0.0,1.65,2.75,6.45,1.59,0.0
20230423:0410,6.89,17.93,12.1,7.55,1.1,0.0
20230423:0510,90.84,117.84,21.63,9.4,0.55,0.0
20230423:0610,318.41,375.09,30.91,11.69,0.34,0.0
20230423:0710,646.56,793.02,39.44,13.61,0.0,0.0
20230423:0810,758.64,956.04,46.47,15.21,0.28,0.0
20230423:0910,739.54,929.42,50.96,16.36,0.55,0.0
20230423:1010,561.11,678.77,51.9,16.64,1.1,0.0
20230423:1110,554.76,668.46,49.02,17.16,1.45,0.0
20230423:1210,673.19,821.78,43.07,17.27,1.38,0.0
20230423:1310,552.62,663.58,35.16,17.0,1.38,0.0
20230423:1410,336.99,408.49,26.16,16.71,1.45,0.0
20230423:1510,139.29,202.36,16.69,16.19,1.31,0.0
20230423:1610,17.91,33.9,7.21,15.23,1.59,0.0
20230423:1710,0.0,0.0,0.0,13.45,2.0,0.0
20230423:1810,0.0,0.0,0.0,11.2,2.07,0.0
20230423:1910,0.0,0.0,0.0,9.64,1.93,0.0
20230423:2010,0.0,0.0,0.0,8.54,1.86,0.0
20230423:2110,0.0,0.0,0.0,7.8,1.86,0.0
20230423:2210,0.0,0.0,0.0,6.62,2.07,0.0
20230423:2310,0.0,0.0,0.0,5.74,2.21,0.0
20230424:0010,0.0,0.0,0.0,5.35,2.14,0.0
20230424:0110,0.0,0.0,0.0,4.83,2.14,0.0
20230424:0210,0.0,0.0,0.0,4.37,2.07,0.0
20230424:0310,0.0,3.31,3.04,3.85,2.0,0.0
20230424:0410,57.75,101.73,12.39,4.92,1.59,0.0
20230424:0510,262.92,322.28,21.91,8.98,1.31,0.0
20230424:0610,471.81,550.49,31.2,11.79,1.52,0.0
20230424:0710,658.41,778.85,39.75,13.94,2.07,0.0
20230424:0810,757.12,908.9,46.79,15.87,2.76,0.0
20230424:0910,689.54,823.62,51.3,17.06,3.31,0.0
20230424:1010,426.87,504.54,52.23,17.48,3.17,0.0
20230424:1110,427.74,506.28,49.32,17.66,2.97,0.0
20230424:1210,295.77,352.8,43.34,17.6,2.97,0.0
20230424:1310,369.64,436.74,35.4,17.45,2.97,0.0
20230424:1410,359.48,433.39,26.38,16.95,2.55,0.0
20230424:1510,140.28,203.41,16.91,16.27,2.28,0.0
20230424:1610,22.39,39.69,7.43,15.12,2.14,0.0
20230424:1710,0.0,0.0,0.0,13.31,2.48,0.0
20230424:1810,0.0,0.0,0.0,11.99,2.55,0.0
20230424:1910,0.0,0.0,0.0,11.31,2.34,0.0
20230424:2010,0.0,0.0,0.0,10.47,2.41,0.0
20230424:2110,0.0,0.0,0.0,9.68,2.41,0.0
20230424:2210,0.0,0.0,0.0,9.1,2.41,0.0
20230424:2310,0.0,0.0,0.0,8.66,2.41,0.0
20230425:0010,0.0,0.0,0.0,8.08,2.34,0.0
20230425:0110,0.0,0.0,0.0,7.5,2.28,0.0
20230425:0210,0.0,0.0,0.0,6.9,2.14,0.0
20230425:0310,0.0,2.48,3.32,6.3,2.07,0.0
20230425:0410,61.98,103.89,12.66,6.88,1.72,0.0
20230425:0510,270.08,331.44,22.19,9.84,1.79,0.0
20230425:0610,476.47,554.27,31.49,12.1,2.0,0.0
20230425:0710,648.88,768.96,40.05,14.5,2.07,0.0
20230425:0810,792.06,954.29,47.11,16.09,2.9,0.0
20230425:0910,817.73,993.08,51.63,16.67,2.97,0.0
20230425:1010,651.02,779.34,52.55,17.27,2.9,0.0
20230425:1110,423.93,501.77,49.62,17.64,2.97,0.0
20230425:1210,384.07,455.06,43.6,17.89,2.9,0.0
20230425:1310,434.65,514.25,35.63,18.01,2.9,0.0
20230425:1410,341.23,412.6,26.61,17.81,2.69,0.0
20230425:1510,141.08,206.41,17.13,17.47,2.14,0.0
20230425:1610,22.26,39.69,7.66,16.24,2.0,0.0
20230425:1710,0.0,0.0,0.0,14.22,2.62,0.0
20230425:1810,0.0,0.0,0.0,12.71,2.83,0.0
20230425:1910,0.0,0.0,0.0,12.37,2.48,0.0
20230425:2010,0.0,0.0,0.0,11.41,2.41,0.0
20230425:2110,0.0,0.0,0.0,10.73,2.41,0.0
20230425:2210,0.0,0.0,0.0,9.95,2.41,0.0
20230425:2310,0.0,0.0,0.0,9.15,2.41,0.0
20230426:0010,0.0,0.0,0.0,8.51,2.41,0.0
20230426:0110,0.0,0.0,0.0,8.19,2.62,0.0
20230426:0210,0.0,0.0,0.0,8.08,2.62,0.0
20230426:0310,0.0,2.48,3.6,8.08,2.62,0.0
20230426:0410,4.0,13.45,12.94,8.42,2.34,0.0
20230426:0510,25.81,43.03,22.46,9.26,2.21,0.0
20230426:0610,142.66,174.34,31.77,10.27,2.76,0.0
20230426:0710,307.69,355.09,40.34,11.26,3.31,0.0
20230426:0810,670.06,772.81,47.42,12.51,4.14,0.0
20230426:0910,456.05,524.82,51.95,13.54,4.48,0.0
20230426:1010,228.88,272.52,52.87,14.76,4.83,0.0
20230426:1110,227.47,271.19,49.91,14.55,4.0,0.0
20230426:1210,175.05,212.5,43.86,13.72,3.52,0.0
20230426:1310,33.99,53.79,35.87,13.73,3.17,0.0
20230426:1410,40.71,61.86,26.83,13.74,2.76,0.0
20230426:1510,23.81,41.24,17.35,13.65,2.76,0.0
20230426:1610,19.39,35.55,7.88,13.26,2.62,0.0
20230426:1710,0.0,0.0,0.0,12.46,2.48,0.0
20230426:1810,0.0,0.0,0.0,11.73,2.34,0.0
20230426:1910,0.0,0.0,0.0,11.33,2.14,0.0
20230426:2010,0.0,0.0,0.0,11.0,1.93,0.0
20230426:2110,0.0,0.0,0.0,10.41,1.66,0.0
20230426:2210,0.0,0.0,0.0,10.12,1.24,0.0
20230426:2310,0.0,0.0,0.0,9.73,1.1,0.0
20230427:0010,0.0,0.0,0.0,9.74,1.17,0.0
20230427:0110,0.0,0.0,0.0,9.34,1.86,0.0
20230427:0210,0.0,0.0,0.0,8.76,2.55,0.0
20230427:0310,0.0,2.48,3.88,8.12,2.62,0.0
20230427:0410,4.03,13.45,13.21,7.5,3.17,0.0
20230427:0510,17.45,32.27,22.73,7.12,3.1,0.0
20230427:0610,48.41,69.03,32.05,6.98,3.17,0.0
20230427:0710,113.69,140.75,40.63,7.06,3.1,0.0
20230427:0810,172.07,203.51,47.73,7.17,3.38,0.0
20230427:0910,215.26,249.36,52.28,7.02,4.0,0.0
20230427:1010,125.49,153.31,53.19,7.16,4.07,0.0
20230427:1110,110.51,137.17,50.2,7.21,4.41,0.0
20230427:1210,88.98,113.86,44.12,7.17,4.55,0.0
20230427:1310,91.47,116.55,36.1,7.15,4.62,0.0
20230427:1410,43.67,63.65,27.05,7.35,5.24,0.0
20230427:1510,20.24,35.86,17.56,7.69,5.17,0.0
20230427:1610,14.82,28.94,8.1,7.86,4.41,0.0
20230427:1710,0.0,0.0,0.0,7.95,3.86,0.0
20230427:1810,0.0,0.0,0.0,8.02,3.66,0.0
20230427:1910,0.0,0.0,0.0,8.26,3.52,0.0
20230427:2010,0.0,0.0,0.0,8.26,3.45,0.0
20230427:2110,0.0,0.0,0.0,8.27,3.52,0.0
20230427:2210,0.0,0.0,0.0,8.27,3.59,0.0
20230427:2310,0.0,0.0,0.0,8.19,3.52,0.0
20230428:0010,0.0,0.0,0.0,8.05,3.52,0.0
20230428:0110,0.0,0.0,0.0,7.72,3.52,0.0
20230428:0210,0.0,0.0,0.0,7.34,3.66,0.0
20230428:0310,0.0,2.48,4.15,6.87,3.79,0.0
20230428:0410,63.66,89.12,13.47,6.77,3.72,0.0
20230428:0510,188.69,225.19,23.0,7.37,3.93,0.0
20230428:0610,470.05,529.59,32.32,8.63,4.28,0.0
20230428:0710,679.85,768.22,40.92,9.7,4.76,0.0
20230428:0810,746.32,849.25,48.04,11.02,5.72,0.0
20230428:0910,902.71,1044.36,52.59,11.81,5.86,0.0
20230428:1010,605.97,690.53,53.5,12.3,5.79,0.0
20230428:1110,869.26,1007.25,50.49,12.57,5.66,0.0
20230428:1210,774.04,887.02,44.38,12.55,5.72,0.0
20230428:1310,584.27,662.4,36.33,12.09,5.59,0.0
20230428:1410,386.03,448.19,27.26,11.59,5.31,0.0
20230428:1510,147.35,206.45,17.78,11.24,4.76,0.0
20230428:1610,26.95,44.65,8.32,10.7,4.0,0.0
20230428:1710,0.0,0.0,0.0,9.62,3.59,0.0
20230428:1810,0.0,0.0,0.0,8.72,3.31,0.0
20230428:1910,0.0,0.0,0.0,8.27,3.31,0.0
20230428:2010,0.0,0.0,0.0,7.59,3.38,0.0
20230428:2110,0.0,0.0,0.0,7.0,3.31,0.0
20230428:2210,0.0,0.0,0.0,6.38,3.17,0.0
20230428:2310,0.0,0.0,0.0,5.72,3.17,0.0
20230429:0010,0.0,0.0,0.0,5.14,3.03,0.0
20230429:0110,0.0,0.0,0.0,4.57,2.9,0.0
20230429:0210,0.0,0.0,0.0,4.03,2.76,0.0
20230429:0310,3.49,12.4,4.41,3.59,2.62,0.0
20230429:0410,64.8,116.16,13.73,4.22,2.41,0.0
20230429:0510,295.32,353.64,23.26,6.08,2.76,0.0
20230429:0610,520.55,589.24,32.58,7.98,3.17,0.0
20230429:0710,695.35,793.51,41.2,9.57,3.66,0.0
20230429:0810,850.11,990.16,48.33,10.78,3.93,0.0
20230429:0910,905.01,1070.08,52.91,11.8,3.86,0.0
20230429:1010,916.11,1088.32,53.81,12.49,3.93,0.0
20230429:1110,862.46,1019.08,50.77,13.16,4.0,0.0
20230429:1210,778.79,911.62,44.63,13.49,3.93,0.0
20230429:1310,584.81,675.27,36.56,13.57,3.86,0.0
20230429:1410,375.93,442.87,27.48,13.35,3.72,0.0
20230429:1510,150.43,213.6,17.99,12.94,3.24,0.0
20230429:1610,24.08,41.34,8.53,12.03,2.55,0.0
20230429:1710,0.0,0.0,0.0,10.54,2.34,0.0
20230429:1810,0.0,0.0,0.0,9.15,2.48,0.0
20230429:1910,0.0,0.0,0.0,8.77,2.48,0.0
20230429:2010,0.0,0.0,0.0,7.8,2.48,0.0
20230429:2110,0.0,0.0,0.0,7.05,2.48,0.0
20230429:2210,0.0,0.0,0.0,6.47,2.48,0.0
20230429:2310,0.0,0.0,0.0,6.11,2.55,0.0
20230430:0010,0.0,0.0,0.0,5.83,2.55,0.0
20230430:0110,0.0,0.0,0.0,5.51,2.55,0.0
20230430:0210,0.0,0.0,0.0,5.26,2.48,0.0
20230430:0310,0.0,3.31,4.67,4.89,2.62,0.0
20230430:0410,50.82,72.07,13.99,5.68,2.55,0.0
20230430:0510,54.53,76.2,23.51,7.75,2.62,0.0
20230430:0610,94.31,121.03,32.85,9.75,3.66,0.0
20230430:0710,169.69,203.01,41.47,10.16,4.69,0.0
20230430:0810,159.83,192.75,48.63,10.7,4.9,0.0
20230430:0910,308.19,354.69,53.22,11.17,4.97,0.0
20230430:1010,267.67,310.92,54.11,11.48,4.97,0.0
20230430:1110,388.16,443.52,51.05,11.65,4.9,0.0
20230430:1210,333.93,383.48,44.88,11.63,4.55,0.0
20230430:1310,296.13,342.07,36.79,11.72,4.28,0.0
20230430:1410,217.02,257.34,27.69,11.48,3.59,0.0
20230430:1510,103.44,135.26,18.2,11.29,3.24,0.0
20230430:1610,24.9,42.17,8.75,10.81,2.76,0.0
20230430:1710,0.0,0.0,0.0,10.11,2.21,0.0
20230430:1810,0.0,0.0,0.0,9.36,2.0,0.0
20230430:1910,0.0,0.0,0.0,8.72,1.52,0.0
20230430:2010,0.0,0.0,0.0,7.99,0.97,0.0
20230430:2110,0.0,0.0,0.0,8.56,0.76,0.0
20230430:2210,0.0,0.0,0.0,5.66,1.66,0.0
20230430:2310,0.0,0.0,0.0,4.91,1.93,0.0
20230501:0010,0.0,0.0,0.0,4.66,2.14,0.0
20230501:0110,0.0,0.0,0.0,4.85,2.41,0.0
20230501:0210,0.0,0.0,0.0,5.55,3.03,0.0
20230501:0310,0.78,7.44,4.93,6.31,3.79,0.0
20230501:0410,75.9,118.07,14.24,7.27,4.34,0.0
20230501:0510,281.67,337.49,23.76,8.48,4.76,0.0
20230501:0610,515.32,580.11,33.1,9.68,5.52,0.0
20230501:0710,691.32,782.94,41.74,11.19,5.66,0.0
20230501:0810,848.12,975.87,48.92,12.16,5.93,0.0
20230501:0910,901.7,1047.27,53.52,12.64,5.93,0.0
20230501:1010,922.8,1077.7,54.42,12.99,5.79,0.0
20230501:1110,846.97,985.17,51.33,13.29,5.45,0.0
20230501:1210,756.11,874.13,45.12,13.57,5.1,0.0
20230501:1310,589.44,676.29,37.01,13.58,4.83,0.0
20230501:1410,389.97,458.28,27.9,13.47,4.55,0.0
20230501:1510,149.54,211.87,18.41,13.02,3.86,0.0
20230501:1610,23.41,40.52,8.96,12.14,2.69,0.0
20230501:1710,0.0,0.0,0.0,10.58,2.34,0.0
20230501:1810,0.0,0.0,0.0,9.14,2.28,0.0
20230501:1910,0.0,0.0,0.0,8.88,2.14,0.0
20230501:2010,0.0,0.0,0.0,7.19,2.07,0.0
20230501:2110,0.0,0.0,0.0,5.73,2.0,0.0
20230501:2210,0.0,0.0,0.0,4.98,1.86,0.0
20230501:2310,0.0,0.0,0.0,4.78,1.66,0.0
20230502:0010,0.0,0.0,0.0,4.85,1.38,0.0
20230502:0110,0.0,0.0,0.0,4.4,1.38,0.0
20230502:0210,0.0,0.0,0.0,3.09,1.66,0.0
20230502:0310,5.08,14.88,5.18,2.33,1.86,0.0
20230502:0410,72.1,119.69,14.49,3.8,1.52,0.0
20230502:0510,277.24,335.07,24.01,8.21,1.72,0.0
20230502:0610,506.2,584.8,33.36,10.59,2.14,0.0
20230502:0710,0.0,0.0,0.0,12.14,2.48,0.0
20230502:0810,808.47,965.98,49.2,13.64,2.76,0.0
20230502:0910,864.24,1049.25,53.82,14.71,2.76,0.0
20230502:1010,876.68,1071.68,54.71,15.54,2.76,0.0
20230502:1110,808.78,979.02,51.6,16.19,2.9,0.0
20230502:1210,732.51,874.94,45.37,16.66,3.17,0.0
20230502:1310,571.7,673.65,37.23,16.93,3.31,0.0
20230502:1410,374.59,450.34,28.11,16.98,3.24,0.0
20230502:1510,145.8,207.06,18.61,16.66,2.97,0.0
20230502:1610,23.02,40.52,9.17,15.39,2.9,0.0
20230502:1710,0.0,0.0,0.0,13.63,3.24,0.0
20230502:1810,0.0,0.0,0.0,12.38,3.52,0.0
20230502:1910,0.0,0.0,0.0,12.48,3.52,0.0
20230502:2010,0.0,0.0,0.0,11.87,3.38,0.0
20230502:2110,0.0,0.0,0.0,11.22,3.24,0.0
20230502:2210,0.0,0.0,0.0,10.57,3.17,0.0
20230502:2310,0.0,0.0,0.0,10.08,3.17,0.0
20230503:0010,0.0,0.0,0.0,9.72,3.17,0.0
20230503:0110,0.0,0.0,0.0,9.4,3.17,0.0
20230503:0210,0.0,0.0,0.0,9.15,3.17,0.0
20230503:0310,0.0,4.13,5.43,8.9,3.24,0.0
20230503:0410,70.73,97.82,14.73,9.57,3.17,0.0
20230503:0510,268.68,327.14,24.25,11.27,3.03,0.0
20230503:0610,494.21,570.5,33.6,13.08,3.72,0.0
20230503:0710,642.75,747.76,42.27,14.68,3.93,0.0
20230503:0810,653.77,768.19,49.48,16.32,4.21,0.0
20230503:0910,848.62,1021.26,54.12,17.71,4.41,0.0
20230503:1010,862.63,1044.64,55.0,18.77,4.55,0.0
20230503:1110,809.87,977.49,51.87,19.67,4.62,0.0
20230503:1210,690.09,825.8,45.61,20.33,4.48,0.0
20230503:1310,497.92,592.8,37.45,20.71,4.14,0.0
20230503:1410,277.39,339.48,28.32,20.72,3.59,0.0
20230503:1510,110.26,149.67,18.82,20.09,2.28,0.0
20230503:1610,31.7,52.09,9.38,18.7,1.45,0.0
20230503:1710,0.0,0.0,0.0,16.83,1.38,0.0
20230503:1810,0.0,0.0,0.0,14.86,1.59,0.0
20230503:1910,0.0,0.0,0.0,14.03,2.69,0.0
20230503:2010,0.0,0.0,0.0,13.14,2.76,0.0
20230503:2110,0.0,0.0,0.0,12.33,2.69,0.0
20230503:2210,0.0,0.0,0.0,11.73,2.62,0.0
20230503:2310,0.0,0.0,0.0,10.87,2.55,0.0
20230504:0010,0.0,0.0,0.0,10.39,2.41,0.0
20230504:0110,0.0,0.0,0.0,9.91,2.41,0.0
20230504:0210,0.0,0.0,0.0,9.52,2.41,0.0
20230504:0310,0.0,4.13,5.67,9.31,2.28,0.0
20230504:0410,30.89,49.31,14.97,9.82,1.93,0.0
20230504:0510,157.57,193.28,24.49,10.96,2.14,0.0
20230504:0610,328.16,383.54,33.84,12.53,1.86,0.0
20230504:0710,523.05,618.96,42.53,14.1,1.24,0.0
20230504:0810,605.99,740.29,49.76,15.56,0.48,0.0
20230504:0910,699.03,879.43,54.41,16.61,0.28,0.0
20230504:1010,618.57,761.02,55.29,17.39,0.83,0.0
20230504:1110,585.25,711.61,52.13,17.98,1.38,0.0
20230504:1210,432.76,519.21,45.85,18.27,1.52,0.0
20230504:1310,430.4,515.44,37.67,18.33,1.66,0.0
20230504:1410,268.55,326.1,28.52,17.61,2.21,0.0
20230504:1510,68.61,95.52,19.02,16.46,3.03,0.0
20230504:1610,32.4,52.09,9.59,14.88,3.93,0.0
20230504:1710,0.0,0.0,0.0,13.19,4.07,0.0
20230504:1810,0.0,0.0,0.0,11.74,3.72,0.0
20230504:1910,0.0,0.0,0.0,10.8,3.52,0.0
20230504:2010,0.0,0.0,0.0,10.11,3.24,0.0
20230504:2110,0.0,0.0,0.0,9.67,2.76,0.0
20230504:2210,0.0,0.0,0.0,9.37,2.48,0.0
20230504:2310,0.0,0.0,0.0,8.96,2.14,0.0
20230505:0010,0.0,0.0,0.0,8.81,2.14,0.0
20230505:0110,0.0,0.0,0.0,8.56,2.41,0.0
20230505:0210,0.0,0.0,0.0,8.19,2.69,0.0
20230505:0310,0.0,4.13,5.91,7.86,2.76,0.0
20230505:0410,5.7,16.14,15.2,7.97,2.9,0.0
20230505:0510,47.26,68.14,24.72,8.5,2.97,0.0
20230505:0610,411.07,468.55,34.08,9.32,2.9,0.0
20230505:0710,533.12,608.07,42.78,9.79,2.83,0.0
20230505:0810,647.19,750.29,50.03,11.23,2.83,0.0
20230505:0910,838.89,999.1,54.69,12.55,2.97,0.0
20230505:1010,852.99,1021.47,55.58,13.72,3.17,0.0
20230505:1110,800.61,955.64,52.39,14.28,3.03,0.0
20230505:1210,583.82,684.88,46.08,14.68,2.76,0.0
20230505:1310,353.35,413.67,37.88,14.7,2.69,0.0
20230505:1410,290.23,346.37,28.73,14.72,2.62,0.0
20230505:1510,140.94,192.06,19.22,14.48,2.55,0.0
20230505:1610,33.2,52.92,9.79,13.87,1.79,0.0
20230505:1710,0.0,0.0,0.0,12.65,1.72,0.0
20230505:1810,0.0,0.0,0.0,10.9,2.0,0.0
20230505:1910,0.0,0.0,0.0,10.24,2.83,0.0
20230505:2010,0.0,0.0,0.0,9.43,3.03,0.0
20230505:2110,0.0,0.0,0.0,8.62,3.1,0.0
20230505:2210,0.0,0.0,0.0,7.85,2.97,0.0
20230505:2310,0.0,0.0,0.0,7.1,2.83,0.0
20230506:0010,0.0,0.0,0.0,6.37,2.9,0.0
20230506:0110,0.0,0.0,0.0,5.89,2.97,0.0
20230506:0210,0.0,0.0,0.0,5.27,3.03,0.0
20230506:0310,0.0,4.96,6.15,4.87,3.24,0.0
20230506:0410,85.44,126.63,15.42,5.13,3.59,0.0
20230506:0510,300.39,356.32,24.94,5.96,3.72,0.0
20230506:0610,524.46,588.91,34.31,7.25,3.86,0.0
20230506:0710,705.28,798.83,43.02,8.53,4.0,0.0
20230506:0810,835.81,964.52,50.29,9.74,4.14,0.0
20230506:0910,898.19,1051.7,54.97,10.64,4.07,0.0
20230506:1010,910.46,1073.74,55.86,11.31,3.93,0.0
20230506:1110,847.38,994.5,52.65,11.77,3.79,0.0
20230506:1210,755.41,877.45,46.31,12.01,3.72,0.0
20230506:1310,589.75,676.97,38.09,12.06,3.72,0.0
20230506:1410,390.46,456.98,28.93,11.85,3.79,0.0
20230506:1510,155.48,218.53,19.42,11.46,3.52,0.0
20230506:1610,28.26,46.3,9.99,10.88,2.69,0.0
20230506:1710,0.0,0.0,0.0,9.77,2.07,0.0
20230506:1810,0.0,0.0,0.0,8.44,2.21,0.0
20230506:1910,0.0,0.0,0.0,7.67,2.14,0.0
20230506:2010,0.0,0.0,0.0,7.1,2.34,0.0
20230506:2110,0.0,0.0,0.0,6.72,2.9,0.0
20230506:2210,0.0,0.0,0.0,6.16,3.31,0.0
20230506:2310,0.0,0.0,0.0,5.8,3.38,0.0
20230507:0010,0.0,0.0,0.0,5.56,3.31,0.0
20230507:0110,0.0,0.0,0.0,5.46,3.1,0.0
20230507:0210,0.0,0.0,0.0,5.47,2.55,0.0
20230507:0310,0.0,4.96,6.37,5.38,2.28,0.0
20230507:0410,6.38,17.03,15.64,5.43,2.48,0.0
20230507:0510,47.1,67.24,25.16,5.82,2.97,0.0
20230507:0610,153.92,183.61,34.54,6.67,3.31,0.0
20230507:0710,221.3,257.05,43.26,7.8,3.17,0.0
20230507:0810,359.65,408.87,50.55,9.16,3.86,0.0
20230507:0910,369.18,421.01,55.25,10.05,4.14,0.0
20230507:1010,228.69,268.07,56.13,10.66,4.0,0.0
20230507:1110,293.95,340.13,52.91,11.0,3.72,0.0
20230507:1210,178.4,213.75,46.54,11.14,3.72,0.0
20230507:1310,139.42,171.24,38.3,11.24,3.86,0.0
20230507:1410,77.54,103.1,29.12,11.12,3.79,0.0
20230507:1510,28.54,46.62,19.61,10.84,3.52,0.0
20230507:1610,13.37,27.29,10.2,10.38,2.76,0.0
20230507:1710,0.0,0.0,0.0,9.63,2.41,0.0
20230507:1810,0.0,0.0,0.0,8.73,2.48,0.0
20230507:1910,0.0,0.0,0.0,8.7,3.38,0.0
20230507:2010,0.0,0.0,0.0,8.52,3.52,0.0
20230507:2110,0.0,0.0,0.0,8.31,3.52,0.0
20230507:2210,0.0,0.0,0.0,7.99,3.38,0.0
20230507:2310,0.0,0.0,0.0,7.64,3.1,0.0
20230508:0010,0.0,0.0,0.0,7.3,3.03,0.0
20230508:0110,0.0,0.0,0.0,6.85,3.03,0.0
20230508:0210,0.0,0.0,0.0,6.4,3.03,0.0
20230508:0310,0.0,4.96,6.6,6.18,3.17,0.0
20230508:0410,12.05,25.1,15.86,6.22,3.17,0.0
20230508:0510,52.44,73.51,25.38,6.82,3.59,0.0
20230508:0610,250.83,287.96,34.76,7.55,3.79,0.0
20230508:0710,567.47,640.89,43.49,9.01,3.86,0.0
20230508:0810,721.27,826.19,50.8,10.11,4.14,0.0
20230508:0910,740.61,849.42,55.52,11.12,5.03,0.0
20230508:1010,648.71,742.11,56.4,11.68,5.03,0.0
20230508:1110,642.28,734.24,53.16,11.56,4.83,0.0
20230508:1210,640.27,731.06,46.76,11.26,4.41,0.0
20230508:1310,446.7,508.31,38.51,11.14,4.21,0.0
20230508:1410,301.38,351.05,29.32,11.21,4.41,0.0
20230508:1510,152.09,203.9,19.81,10.72,4.07,0.0
20230508:1610,38.04,57.88,10.39,10.32,3.52,0.0
20230508:1710,0.0,0.0,0.0,9.5,2.76,0.0
20230508:1810,0.0,0.0,0.0,8.34,2.34,0.0
20230508:1910,0.0,0.0,0.0,8.13,2.48,0.0
20230508:2010,0.0,0.0,0.0,7.24,2.55,0.0
20230508:2110,0.0,0.0,0.0,6.65,2.62,0.0
20230508:2210,0.0,0.0,0.0,6.08,2.69,0.0
20230508:2310,0.0,0.0,0.0,5.73,2.62,0.0
20230509:0010,0.0,0.0,0.0,5.4,2.55,0.0
20230509:0110,0.0,0.0,0.0,5.02,2.48,0.0
20230509:0210,0.0,0.0,0.0,4.47,2.48,0.0
20230509:0310,0.09,5.79,6.81,4.18,2.48,0.0
20230509:0410,14.15,27.79,16.07,5.16,2.28,0.0
20230509:0510,102.83,129.09,25.59,6.95,2.9,0.0
20230509:0610,335.95,383.09,34.97,8.7,3.17,0.0
20230509:0710,633.03,725.61,43.72,10.5,3.31,0.0
20230509:0810,605.13,692.73,51.05,11.83,4.48,0.0
20230509:0910,763.07,887.68,55.79,12.49,4.41,0.0
20230509:1010,366.48,422.8,56.67,12.38,4.07,0.0
20230509:1110,421.03,484.94,53.4,12.63,3.86,0.0
20230509:1210,414.79,477.79,46.98,12.41,3.38,0.0
20230509:1310,181.35,218.41,38.71,12.54,3.31,0.0
20230509:1410,217.06,258.42,29.51,12.28,3.31,0.0
20230509:1510,155.63,217.61,20.0,12.08,3.31,0.0
20230509:1610,39.18,59.53,10.59,11.56,2.83,0.0
20230509:1710,0.0,1.65,1.65,10.23,2.55,0.0
20230509:1810,0.0,0.0,0.0,8.73,2.55,0.0
20230509:1910,0.0,0.0,0.0,9.21,2.34,0.0
20230509:2010,0.0,0.0,0.0,8.38,2.28,0.0
20230509:2110,0.0,0.0,0.0,7.66,2.21,0.0
20230509:2210,0.0,0.0,0.0,7.09,2.21,0.0
20230509:2310,0.0,0.0,0.0,6.58,2.21,0.0
20230510:0010,0.0,0.0,0.0,6.47,2.14,0.0
20230510:0110,0.0,0.0,0.0,6.24,2.07,0.0
20230510:0210,0.0,0.0,0.0,5.97,2.0,0.0
20230510:0310,0.08,5.79,7.02,5.94,1.93,0.0
20230510:0410,54.19,75.7,16.28,6.49,1.79,0.0
20230510:0510,250.93,298.63,25.79,7.74,2.0,0.0
20230510:0610,297.08,342.74,35.18,9.21,2.14,0.0
20230510:0710,638.6,740.37,43.94,10.76,2.34,0.0
20230510:0810,702.05,818.86,51.29,12.24,3.24,0.0
20230510:0910,766.14,902.57,56.05,13.0,3.45,0.0
20230510:1010,437.58,507.97,56.93,13.22,3.03,0.0
20230510:1110,540.61,629.57,53.65,13.5,2.97,0.0
20230510:1210,245.55,291.06,47.2,13.45,2.62,0.0
20230510:1310,452.24,525.72,38.91,13.27,2.41,0.0
20230510:1410,120.15,151.72,29.7,13.14,2.55,0.0
20230510:1510,153.1,208.03,20.19,12.92,2.62,0.0
20230510:1610,29.38,47.96,10.79,12.34,2.07,0.0
20230510:1710,0.0,1.65,1.85,11.04,1.93,0.0
20230510:1810,0.0,0.0,0.0,9.64,2.07,0.0
20230510:1910,0.0,0.0,0.0,9.17,1.93,0.0
20230510:2010,0.0,0.0,0.0,7.86,1.72,0.0
20230510:2110,0.0,0.0,0.0,6.88,1.72,0.0
20230510:2210,0.0,0.0,0.0,6.19,1.72,0.0
20230510:2310,0.0,0.0,0.0,5.82,1.79,0.0
20230511:0010,0.0,0.0,0.0,5.69,1.86,0.0
20230511:0110,0.0,0.0,0.0,5.75,1.93,0.0
20230511:0210,0.0,0.0,0.0,5.98,2.0,0.0
20230511:0310,6.56,17.36,7.23,6.4,1.93,0.0
20230511:0410,7.5,18.83,16.48,7.66,1.86,0.0
20230511:0510,104.7,132.65,25.99,9.24,1.66,0.0
20230511:0610,459.5,531.8,35.39,10.77,1.86,0.0
20230511:0710,632.66,742.21,44.16,12.68,2.14,0.0
20230511:0810,657.97,777.66,51.53,13.89,2.48,0.0
20230511:0910,575.45,678.12,56.3,14.65,2.62,0.0
20230511:1010,609.67,722.06,57.19,15.34,2.76,0.0
20230511:1110,494.77,582.16,53.88,15.61,2.76,0.0
20230511:1210,618.74,732.35,47.42,15.49,2.62,0.0
20230511:1310,214.81,259.24,39.11,15.47,2.34,0.0
20230511:1410,262.03,315.02,29.89,15.45,2.21,0.0
20230511:1510,154.4,219.99,20.38,15.05,2.0,0.0
20230511:1610,33.1,52.92,10.98,14.4,1.66,0.0
20230511:1710,0.0,3.31,2.05,13.08,1.86,0.0
20230511:1810,0.0,0.0,0.0,11.45,2.0,0.0
20230511:1910,0.0,0.0,0.0,10.18,1.86,0.0
20230511:2010,0.0,0.0,0.0,8.79,1.93,0.0
20230511:2110,0.0,0.0,0.0,7.55,2.0,0.0
20230511:2210,0.0,0.0,0.0,6.58,2.0,0.0
20230511:2310,0.0,0.0,0.0,5.89,2.0,0.0
20230512:0010,0.0,0.0,0.0,5.4,1.93,0.0
20230512:0110,0.0,0.0,0.0,5.17,1.86,0.0
20230512:0210,0.0,0.0,0.0,4.81,1.86,0.0
20230512:0310,20.91,36.38,7.43,4.96,1.66,0.0
20230512:0410,80.13,132.75,16.67,7.48,0.97,0.0
20230512:0510,285.96,351.79,26.18,11.04,0.9,0.0
20230512:0610,484.72,574.79,35.59,13.39,0.9,0.0
20230512:0710,648.69,785.0,44.37,15.23,1.03,0.0
20230512:0810,751.1,922.51,51.76,16.61,1.59,0.0
20230512:0910,809.04,1004.14,56.55,17.35,1.86,0.0
20230512:1010,741.35,911.03,57.44,17.89,2.07,0.0
20230512:1110,641.37,781.99,54.12,18.31,1.79,0.0
20230512:1210,392.19,471.94,47.63,18.79,1.52,0.0
20230512:1310,494.1,596.57,39.3,18.86,1.45,0.0
20230512:1410,363.46,445.73,30.08,18.77,1.59,0.0
20230512:1510,151.41,220.73,20.56,18.36,1.52,0.0
20230512:1610,31.24,51.26,11.17,17.38,1.03,0.0
20230512:1710,0.0,1.65,2.25,15.76,0.83,0.0
20230512:1810,0.0,0.0,0.0,13.67,1.24,0.0
20230512:1910,0.0,0.0,0.0,15.51,0.62,0.0
20230512:2010,0.0,0.0,0.0,14.79,0.62,0.0
20230512:2110,0.0,0.0,0.0,13.19,1.1,0.0
20230512:2210,0.0,0.0,0.0,10.39,1.52,0.0
20230512:2310,0.0,0.0,0.0,8.67,1.79,0.0
20230513:0010,0.0,0.0,0.0,7.88,1.72,0.0
20230513:0110,0.0,0.0,0.0,7.3,1.72,0.0
20230513:0210,0.0,0.0,0.0,6.88,1.72,0.0
20230513:0310,20.05,35.55,7.63,6.77,1.66,0.0
20230513:0410,78.6,133.97,16.86,9.41,1.03,0.0
20230513:0510,285.11,354.75,26.37,13.33,0.9,0.0
20230513:0610,480.31,575.45,35.78,15.87,1.03,0.0
20230513:0710,642.55,777.32,44.58,17.52,1.72,0.0
20230513:0810,754.37,924.52,51.98,18.8,2.41,0.0
20230513:0910,777.31,958.84,56.79,19.26,2.55,0.0
20230513:1010,730.55,901.0,57.69,19.66,2.34,0.0
20230513:1110,607.97,741.57,54.35,20.0,2.14,0.0
20230513:1210,614.27,750.45,47.84,20.19,1.93,0.0
20230513:1310,451.6,546.71,39.49,20.25,1.66,0.0
20230513:1410,275.71,339.9,30.26,20.12,1.45,0.0
20230513:1510,149.32,217.7,20.74,19.82,1.31,0.0
20230513:1610,40.38,62.84,11.35,18.87,0.97,0.0
20230513:1710,0.0,3.31,2.45,17.13,1.17,0.0
20230513:1810,0.0,0.0,0.0,15.39,1.24,0.0
20230513:1910,0.0,0.0,0.0,14.69,1.38,0.0
20230513:2010,0.0,0.0,0.0,12.33,1.86,0.0
20230513:2110,0.0,0.0,0.0,11.02,2.0,0.0
20230513:2210,0.0,0.0,0.0,10.08,2.07,0.0
20230513:2310,0.0,0.0,0.0,9.6,2.07,0.0
20230514:0010,0.0,0.0,0.0,9.26,2.14,0.0
20230514:0110,0.0,0.0,0.0,8.87,2.21,0.0
20230514:0210,0.0,0.0,0.0,8.63,2.21,0.0
20230514:0310,0.4,6.61,7.82,8.83,2.07,0.0
20230514:0410,7.36,18.83,17.04,10.75,1.52,0.0
20230514:0510,255.29,315.62,26.55,14.76,1.45,0.0
20230514:0610,454.47,544.54,35.96,16.98,1.38,0.0
20230514:0710,622.07,752.55,44.78,19.17,2.21,0.0
20230514:0810,739.38,910.88,52.2,20.86,2.69,0.0
20230514:0910,249.69,307.33,57.03,22.0,2.97,0.0
20230514:1010,372.49,453.71,57.93,22.44,2.62,0.0
20230514:1110,445.49,544.39,54.58,22.69,2.21,0.0
20230514:1210,186.53,235.58,48.04,22.68,1.86,0.0
20230514:1310,358.31,438.99,39.68,22.76,1.66,0.0
20230514:1410,185.53,235.21,30.44,22.71,1.59,0.0
20230514:1510,101.11,137.8,20.92,22.26,1.45,0.0
20230514:1610,42.67,66.15,11.54,20.85,1.03,0.0
20230514:1710,0.0,4.96,2.64,19.09,1.17,0.0
20230514:1810,0.0,0.0,0.0,17.24,1.24,0.0
20230514:1910,0.0,0.0,0.0,18.93,0.14,0.0
20230514:2010,0.0,0.0,0.0,17.65,0.76,0.0
20230514:2110,0.0,0.0,0.0,16.25,0.83,0.0
20230514:2210,0.0,0.0,0.0,15.33,0.62,0.0
20230514:2310,0.0,0.0,0.0,14.28,0.62,0.0
20230515:0010,0.0,0.0,0.0,13.39,0.62,0.0
20230515:0110,0.0,0.0,0.0,12.62,0.55,0.0
20230515:0210,0.0,0.0,0.0,11.99,0.55,0.0
20230515:0310,1.12,8.27,8.0,11.54,0.48,0.0
20230515:0410,93.27,137.12,17.22,12.2,0.28,0.0
20230515:0510,269.8,338.37,26.73,15.4,0.48,0.0
20230515:0610,462.15,562.5,36.15,18.53,0.76,0.0
20230515:0710,616.1,766.79,44.97,20.59,0.83,0.0
20230515:0810,699.38,881.03,52.41,22.34,1.52,0.0
20230515:0910,766.39,965.07,57.26,23.3,2.55,0.0
20230515:1010,638.26,789.92,58.17,23.4,2.76,0.0
20230515:1110,616.47,759.74,54.8,23.53,2.9,0.0
20230515:1210,599.53,733.89,48.24,23.83,3.31,0.0
20230515:1310,489.47,594.57,39.87,23.88,3.52,0.0
20230515:1410,284.97,353.71,30.62,23.71,3.38,0.0
20230515:1510,146.04,204.85,21.1,22.78,2.48,0.0
20230515:1610,42.58,66.15,11.72,21.61,2.69,0.0
20230515:1710,0.0,4.13,2.83,19.98,3.1,0.0
20230515:1810,0.0,0.0,0.0,18.8,3.24,0.0
20230515:1910,0.0,0.0,0.0,17.92,2.76,0.0
20230515:2010,0.0,0.0,0.0,16.86,2.76,0.0
20230515:2110,0.0,0.0,0.0,16.04,2.76,0.0
20230515:2210,0.0,0.0,0.0,15.47,2.69,0.0
20230515:2310,0.0,0.0,0.0,14.77,2.48,0.0
20230516:0010,0.0,0.0,0.0,14.14,2.41,0.0
20230516:0110,0.0,0.0,0.0,13.7,2.48,0.0
20230516:0210,0.0,0.0,0.0,13.18,2.55,0.0
20230516:0310,0.37,6.61,8.18,13.02,2.55,0.0
20230516:0410,7.23,18.83,17.39,13.7,2.55,0.0
20230516:0510,25.82,43.93,26.9,14.58,2.62,0.0
20230516:0610,69.71,95.93,36.32,15.02,2.97,0.0
20230516:0710,90.63,119.24,45.16,14.28,3.38,0.0
20230516:0810,137.84,172.13,52.62,14.67,3.45,0.0
20230516:0910,224.8,269.26,57.49,15.25,3.93,0.0
20230516:1010,180.65,220.54,58.4,15.7,3.86,0.0
20230516:1110,171.45,210.68,55.02,16.15,3.86,0.0
20230516:1210,158.48,196.34,48.44,16.27,3.72,0.0
20230516:1310,87.29,116.55,40.05,16.6,3.86,0.0
20230516:1410,50.65,74.41,30.8,16.74,3.1,0.0
20230516:1510,40.07,61.86,21.28,16.9,2.97,0.0
20230516:1610,5.14,15.71,11.9,16.64,3.1,0.0
20230516:1710,0.0,1.65,3.02,16.12,3.17,0.0
20230516:1810,0.0,0.0,0.0,15.47,3.31,0.0
20230516:1910,0.0,0.0,0.0,15.22,3.1,0.0
20230516:2010,0.0,0.0,0.0,14.96,3.24,0.0
20230516:2110,0.0,0.0,0.0,14.65,3.38,0.0
20230516:2210,0.0,0.0,0.0,14.4,3.45,0.0
20230516:2310,0.0,0.0,0.0,13.99,3.31,0.0
20230517:0010,0.0,0.0,0.0,13.93,3.1,0.0
20230517:0110,0.0,0.0,0.0,13.71,2.83,0.0
20230517:0210,0.0,0.0,0.0,13.78,2.62,0.0
20230517:0310,0.36,6.61,8.35,13.76,2.48,0.0
20230517:0410,7.8,19.72,17.56,14.34,2.48,0.0
20230517:0510,48.75,71.72,27.06,15.02,2.28,0.0
20230517:0610,190.91,233.06,36.49,16.21,2.62,0.0
20230517:0710,441.35,518.76,45.34,17.2,3.52,0.0
20230517:0810,351.4,418.28,52.82,19.03,3.93,0.0
20230517:0910,365.13,436.56,57.71,20.11,4.07,0.0
20230517:1010,400.09,478.32,58.63,20.56,4.14,0.0
20230517:1110,264.45,320.3,55.23,19.58,3.38,0.0
20230517:1210,307.82,370.03,48.63,19.83,3.45,0.0
20230517:1310,198.56,245.03,40.23,19.84,3.38,0.0
20230517:1410,146.7,186.18,30.97,19.57,3.03,0.0
20230517:1510,141.11,191.53,21.45,19.9,2.83,0.0
20230517:1610,45.08,68.63,12.08,19.52,2.34,0.0
20230517:1710,0.0,2.48,3.21,18.67,2.28,0.0
20230517:1810,0.0,0.0,0.0,17.49,2.34,0.0
20230517:1910,0.0,0.0,0.0,16.79,2.28,0.0
20230517:2010,0.0,0.0,0.0,16.08,2.55,0.0
20230517:2110,0.0,0.0,0.0,15.41,2.76,0.0
20230517:2210,0.0,0.0,0.0,14.78,2.69,0.0
20230517:2310,0.0,0.0,0.0,14.23,2.55,0.0
20230518:0010,0.0,0.0,0.0,13.64,2.34,0.0
20230518:0110,0.0,0.0,0.0,12.71,2.14,0.0
20230518:0210,0.0,0.0,0.0,11.68,2.07,0.0
20230518:0310,28.21,46.3,8.52,11.07,1.86,0.0
20230518:0410,90.13,139.51,17.72,12.82,1.38,0.0
20230518:0510,273.5,342.13,27.22,16.02,1.52,0.0
20230518:0610,462.16,556.13,36.65,18.35,1.66,0.0
20230518:0710,614.29,755.31,45.51,20.43,1.45,0.0
20230518:0810,726.47,914.4,53.02,22.04,1.66,0.0
20230518:0910,790.15,1006.23,57.93,23.04,2.0,0.0
20230518:1010,795.0,1016.15,58.85,23.7,2.07,0.0
20230518:1110,749.16,951.49,55.44,24.18,2.07,0.0
20230518:1210,658.24,821.85,48.83,24.47,2.28,0.0
20230518:1310,523.57,644.81,40.41,24.46,2.34,0.0
20230518:1410,354.36,443.59,31.14,24.31,2.48,0.0
20230518:1510,149.35,219.88,21.62,23.82,2.28,0.0
20230518:1610,37.63,60.36,12.25,22.73,1.86,0.0
20230518:1710,1.79,9.92,3.39,21.2,2.0,0.0
20230518:1810,0.0,0.0,0.0,19.56,2.07,0.0
20230518:1910,0.0,0.0,0.0,17.92,1.93,0.0
20230518:2010,0.0,0.0,0.0,16.11,2.07,0.0
20230518:2110,0.0,0.0,0.0,15.24,2.21,0.0
20230518:2210,0.0,0.0,0.0,14.85,2.34,0.0
20230518:2310,0.0,0.0,0.0,14.79,2.41,0.0
20230519:0010,0.0,0.0,0.0,14.93,2.48,0.0
20230519:0110,0.0,0.0,0.0,15.22,2.48,0.0
20230519:0210,0.0,0.0,0.0,15.46,2.62,0.0
20230519:0310,0.7,7.44,8.68,15.54,2.83,0.0
20230519:0410,7.72,19.72,17.88,16.05,2.83,0.0
20230519:0510,19.96,36.76,27.38,16.65,2.76,0.0
20230519:0610,73.39,101.31,36.81,17.78,2.76,0.0
20230519:0710,282.53,338.43,45.68,17.47,2.55,0.0
20230519:0810,522.3,620.58,53.2,18.6,3.38,0.0
20230519:0910,558.62,668.95,58.14,19.77,3.52,0.0
20230519:1010,753.15,918.3,59.07,20.12,3.52,0.0
20230519:1110,511.81,612.64,55.64,20.24,3.52,0.0
20230519:1210,694.22,836.33,49.01,20.89,4.0,0.0
20230519:1310,555.79,662.96,40.58,21.14,4.34,0.0
20230519:1410,357.67,435.78,31.31,20.81,4.41,0.0
20230519:1510,151.53,215.01,21.78,20.5,3.86,0.0
20230519:1610,34.19,55.4,12.42,19.98,3.1,0.0
20230519:1710,3.14,12.4,3.57,19.0,2.9,0.0
20230519:1810,0.0,0.0,0.0,17.8,2.97,0.0
20230519:1910,0.0,0.0,0.0,16.84,3.24,0.0
20230519:2010,0.0,0.0,0.0,16.23,3.17,0.0
20230519:2110,0.0,0.0,0.0,15.77,3.1,0.0
20230519:2210,0.0,0.0,0.0,15.2,2.97,0.0
20230519:2310,0.0,0.0,0.0,14.66,2.9,0.0
20230520:0010,0.0,0.0,0.0,14.3,2.97,0.0
20230520:0110,0.0,0.0,0.0,13.96,2.97,0.0
20230520:0210,0.0,0.0,0.0,13.53,2.97,0.0
20230520:0310,0.72,7.44,8.84,13.44,3.03,0.0
20230520:0410,95.91,141.2,18.03,14.21,3.1,0.0
20230520:0510,275.49,339.49,27.52,15.31,3.86,0.0
20230520:0610,476.22,558.22,36.96,16.68,4.07,0.0
20230520:0710,646.09,757.42,45.84,17.52,4.76,0.0
20230520:0810,765.24,911.34,53.39,18.59,4.83,0.0
20230520:0910,834.67,1009.16,58.34,19.53,4.69,0.0
20230520:1010,841.63,1024.28,59.28,20.27,4.55,0.0
20230520:1110,796.98,965.87,55.84,20.79,4.62,0.0
20230520:1210,711.02,853.34,49.19,21.05,4.69,0.0
20230520:1310,559.61,666.01,40.75,21.07,4.69,0.0
20230520:1410,369.49,449.65,31.47,20.84,4.76,0.0
20230520:1510,155.47,225.27,21.95,20.35,4.62,0.0
20230520:1610,36.96,58.71,12.59,19.58,3.86,0.0
20230520:1710,2.26,10.75,3.74,18.29,3.52,0.0
20230520:1810,0.0,0.0,0.0,16.92,3.52,0.0
20230520:1910,0.0,0.0,0.0,16.33,3.93,0.0
20230520:2010,0.0,0.0,0.0,15.4,3.86,0.0
20230520:2110,0.0,0.0,0.0,14.47,3.72,0.0
20230520:2210,0.0,0.0,0.0,13.56,3.79,0.0
20230520:2310,0.0,0.0,0.0,12.73,3.72,0.0
20230521:0010,0.0,0.0,0.0,11.95,3.59,0.0
20230521:0110,0.0,0.0,0.0,11.2,3.31,0.0
20230521:0210,0.0,0.0,0.0,10.49,3.03,0.0
20230521:0310,31.11,49.61,8.99,10.11,2.9,0.0
20230521:0410,88.03,142.28,18.17,10.84,2.97,0.0
20230521:0510,293.19,356.76,27.67,12.24,3.86,0.0
20230521:0610,498.16,575.23,37.11,13.74,4.34,0.0
20230521:0710,605.43,701.03,46.0,14.94,4.69,0.0
20230521:0810,656.22,767.98,53.56,15.95,4.62,0.0
20230521:0910,829.9,994.51,58.54,16.92,4.28,0.0
20230521:1010,850.58,1029.1,59.48,17.82,4.07,0.0
20230521:1110,750.44,902.16,56.04,18.47,3.93,0.0
20230521:1210,600.19,713.99,49.37,18.89,3.79,0.0
20230521:1310,539.07,640.14,40.92,19.25,3.72,0.0
20230521:1410,265.48,322.55,31.63,19.15,3.66,0.0
20230521:1510,160.02,231.57,22.11,18.98,3.66,0.0
20230521:1610,34.47,55.4,12.75,18.39,2.97,0.0
20230521:1710,4.62,14.88,3.92,17.18,2.48,0.0
20230521:1810,0.0,0.0,0.0,15.59,2.62,0.0
20230521:1910,0.0,0.0,0.0,14.74,2.62,0.0
20230521:2010,0.0,0.0,0.0,13.85,2.69,0.0
20230521:2110,0.0,0.0,0.0,13.09,2.76,0.0
20230521:2210,0.0,0.0,0.0,12.43,2.76,0.0
20230521:2310,0.0,0.0,0.0,11.86,2.76,0.0
20230522:0010,0.0,0.0,0.0,11.3,2.76,0.0
20230522:0110,0.0,0.0,0.0,10.79,2.69,0.0
20230522:0210,0.0,0.0,0.0,10.37,2.62,0.0
20230522:0310,31.07,49.61,9.13,10.26,2.48,0.0
20230522:0410,94.1,144.3,18.31,11.42,2.21,0.0
20230522:0510,287.53,353.54,27.8,13.53,2.69,0.0
20230522:0610,486.36,572.28,37.25,15.64,2.83,0.0
20230522:0710,651.8,777.2,46.15,17.56,2.97,0.0
20230522:0810,754.28,916.09,53.73,19.37,3.31,0.0
20230522:0910,813.55,996.1,58.73,20.59,3.93,0.0
20230522:1010,744.99,911.86,59.68,21.11,3.66,0.0
20230522:1110,770.61,947.99,56.23,21.49,3.45,0.0
20230522:1210,693.13,845.68,49.55,21.82,3.31,0.0
20230522:1310,562.27,679.5,41.08,21.98,3.31,0.0
20230522:1410,376.06,463.04,31.79,21.86,3.31,0.0
20230522:1510,158.24,231.08,22.27,21.37,3.24,0.0
20230522:1610,34.74,56.23,12.92,20.59,2.9,0.0
20230522:1710,4.56,14.88,4.08,19.02,2.97,0.0
20230522:1810,0.0,0.0,0.0,17.48,3.59,0.0
20230522:1910,0.0,0.0,0.0,16.68,2.97,0.0
20230522:2010,0.0,0.0,0.0,15.84,3.17,0.0
20230522:2110,0.0,0.0,0.0,15.27,3.03,0.0
20230522:2210,0.0,0.0,0.0,14.76,2.62,0.0
20230522:2310,0.0,0.0,0.0,13.91,2.41,0.0
20230523:0010,0.0,0.0,0.0,13.22,2.34,0.0
20230523:0110,0.0,0.0,0.0,12.57,2.21,0.0
20230523:0210,0.0,0.0,0.0,12.12,2.14,0.0
20230523:0310,30.76,49.61,9.27,12.16,1.86,0.0
20230523:0410,99.98,141.27,18.44,13.45,1.66,0.0
20230523:0510,238.41,293.77,27.93,15.34,1.72,0.0
20230523:0610,281.26,338.46,37.38,17.37,1.72,0.0
20230523:0710,620.75,753.94,46.3,19.35,1.93,0.0
20230523:0810,736.6,911.0,53.89,20.8,2.34,0.0
20230523:0910,638.33,788.32,58.91,21.77,2.21,0.0
20230523:1010,509.98,625.7,59.88,22.41,2.07,0.0
20230523:1110,544.31,671.56,56.41,22.7,1.86,0.0
20230523:1210,431.76,530.46,49.72,22.99,1.59,0.0
20230523:1310,38.05,60.96,41.24,22.99,1.24,0.0
20230523:1410,303.6,374.63,31.94,21.53,2.21,0.0
20230523:1510,157.98,229.04,22.42,19.52,2.69,0.0
20230523:1610,50.58,75.24,13.08,19.33,1.52,0.0
20230523:1710,5.06,15.71,4.25,18.76,1.38,0.0
20230523:1810,0.0,0.0,0.0,17.66,1.79,0.0
20230523:1910,0.0,0.0,0.0,17.96,1.59,0.0
20230523:2010,0.0,0.0,0.0,16.48,1.66,0.0
20230523:2110,0.0,0.0,0.0,15.48,1.59,0.0
20230523:2210,0.0,0.0,0.0,14.86,1.38,0.0
20230523:2310,0.0,0.0,0.0,14.36,1.24,0.0
20230524:0010,0.0,0.0,0.0,14.43,1.03,0.0
20230524:0110,0.0,0.0,0.0,14.7,0.9,0.0
20230524:0210,0.0,0.0,0.0,13.98,0.97,0.0
20230524:0310,1.1,8.27,9.41,13.19,0.97,0.0
20230524:0410,97.9,143.46,18.57,14.85,0.55,0.0
20230524:0510,249.99,314.36,28.06,17.54,0.76,0.0
20230524:0610,454.67,554.81,37.51,19.48,0.9,0.0
20230524:0710,584.5,731.11,46.43,21.09,0.48,0.0
20230524:0810,466.83,578.28,54.05,22.28,0.83,0.0
20230524:0910,507.96,632.3,59.09,23.2,1.17,0.0
20230524:1010,358.37,443.2,60.07,23.93,1.59,0.0
20230524:1110,163.8,210.68,56.6,24.39,1.93,0.0
20230524:1210,610.3,760.51,49.89,24.3,2.0,0.0
20230524:1310,525.83,649.78,41.4,24.39,2.0,0.0
20230524:1410,285.18,355.58,32.1,23.59,2.21,0.0
20230524:1510,153.65,216.92,22.57,21.72,1.86,0.0
20230524:1610,49.96,75.24,13.23,21.61,1.03,0.0
20230524:1710,3.56,13.23,4.41,20.48,1.93,0.0
20230524:1810,0.0,0.0,0.0,18.72,2.28,0.0
20230524:1910,0.0,0.0,0.0,18.98,1.72,0.0
20230524:2010,0.0,0.0,0.0,17.61,1.72,0.0
20230524:2110,0.0,0.0,0.0,16.16,1.79,0.0
20230524:2210,0.0,0.0,0.0,15.17,1.72,0.0
20230524:2310,0.0,0.0,0.0,14.65,1.79,0.0
20230525:0010,0.0,0.0,0.0,14.21,1.86,0.0
20230525:0110,0.0,0.0,0.0,13.75,1.93,0.0
20230525:0210,0.0,0.0,0.0,13.34,2.0,0.0
20230525:0310,30.53,49.61,9.53,13.61,1.86,0.0
20230525:0410,99.72,139.29,18.69,16.33,1.52,0.0
20230525:0510,268.5,340.67,28.18,19.13,1.72,0.0
20230525:0610,439.17,533.66,37.63,21.1,2.0,0.0
20230525:0710,610.05,745.21,46.57,22.46,2.69,0.0
20230525:0810,640.65,788.16,54.2,23.19,2.97,0.0
20230525:0910,286.58,352.55,59.26,23.1,2.76,0.0
20230525:1010,202.6,254.97,60.25,23.78,2.69,0.0
20230525:1110,79.37,111.17,56.77,24.14,2.48,0.0
20230525:1210,289.6,358.17,50.05,24.26,2.41,0.0
20230525:1310,344.08,422.96,41.55,24.57,2.62,0.0
20230525:1410,316.26,394.29,32.25,24.21,2.69,0.0
20230525:1510,153.53,217.67,22.72,23.68,2.9,0.0
20230525:1610,50.37,76.07,13.38,23.08,2.48,0.0
20230525:1710,7.01,19.02,4.57,21.8,2.07,0.0
20230525:1810,0.0,0.0,0.0,20.52,2.28,0.0
20230525:1910,0.0,0.0,0.0,19.27,1.72,0.0
20230525:2010,0.0,0.0,0.0,17.88,1.86,0.0
20230525:2110,0.0,0.0,0.0,17.18,2.0,0.0
20230525:2210,0.0,0.0,0.0,16.75,2.14,0.0
20230525:2310,0.0,0.0,0.0,16.37,2.21,0.0
20230526:0010,0.0,0.0,0.0,15.96,2.21,0.0
20230526:0110,0.0,0.0,0.0,15.61,2.14,0.0
20230526:0210,0.0,0.0,0.0,15.18,2.14,0.0
20230526:0310,33.67,53.75,9.65,15.11,1.93,0.0
20230526:0410,94.25,144.86,18.8,16.86,1.66,0.0
20230526:0510,272.7,345.41,28.29,19.01,2.0,0.0
20230526:0610,461.2,559.28,37.75,20.78,2.14,0.0
20230526:0710,620.53,762.07,46.69,22.34,2.28,0.0
20230526:0810,547.54,672.64,54.35,23.72,2.69,0.0
20230526:0910,295.5,364.85,59.43,24.27,2.9,0.0
20230526:1010,273.83,339.82,60.43,24.58,2.83,0.0
20230526:1110,346.25,426.39,56.94,24.76,2.83,0.0
20230526:1210,438.36,537.92,50.21,25.04,2.97,0.0
20230526:1310,271.87,337.07,41.7,24.97,3.03,0.0
20230526:1410,345.31,431.53,32.39,24.88,3.03,0.0
20230526:1510,72.07,102.79,22.87,24.65,2.9,0.0
20230526:1610,52.83,79.38,13.53,24.0,2.21,0.0
20230526:1710,8.57,21.5,4.72,22.47,1.72,0.0
20230526:1810,0.0,0.0,0.0,20.36,1.79,0.0
20230526:1910,0.0,0.0,0.0,20.07,0.97,0.0
20230526:2010,0.0,0.0,0.0,20.02,0.28,0.0
20230526:2110,0.0,0.0,0.0,17.16,1.17,0.0
20230526:2210,0.0,0.0,0.0,16.46,1.31,0.0
20230526:2310,0.0,0.0,0.0,15.34,1.52,0.0
20230527:0010,0.0,0.0,0.0,14.25,2.07,0.0
20230527:0110,0.0,0.0,0.0,14.1,2.28,0.0
20230527:0210,0.0,0.0,0.0,14.06,2.41,0.0
20230527:0310,1.08,8.27,9.77,14.61,2.41,0.0
20230527:0410,94.27,145.28,18.91,16.5,2.21,0.0
20230527:0510,262.37,329.74,28.4,18.77,2.48,0.0
20230527:0610,257.13,314.09,37.86,20.57,2.55,0.0
20230527:0710,465.54,560.54,46.81,21.88,3.38,0.0
20230527:0810,686.08,839.12,54.48,23.03,3.79,0.0
20230527:0910,792.05,980.72,59.59,23.63,4.07,0.0
20230527:1010,600.55,733.84,60.6,24.35,4.28,0.0
20230527:1110,635.1,768.52,57.11,22.77,4.62,0.0
20230527:1210,57.09,83.38,50.36,21.13,4.28,0.0
20230527:1310,483.17,579.67,41.85,20.85,3.17,0.0
20230527:1410,319.23,391.14,32.53,21.54,3.52,0.0
20230527:1510,146.42,196.09,23.01,21.74,3.72,0.0
20230527:1610,33.93,55.4,13.68,21.54,3.79,0.0
20230527:1710,9.78,23.15,4.88,20.55,3.31,0.0
20230527:1810,0.0,0.0,0.0,19.35,2.9,0.0
20230527:1910,0.0,0.0,0.0,18.43,3.38,0.0
20230527:2010,0.0,0.0,0.0,17.67,3.93,0.0
20230527:2110,0.0,0.0,0.0,16.78,4.41,0.0
20230527:2210,0.0,0.0,0.0,15.92,4.48,0.0
20230527:2310,0.0,0.0,0.0,15.03,4.14,0.0
20230528:0010,0.0,0.0,0.0,14.32,3.72,0.0
20230528:0110,0.0,0.0,0.0,13.58,3.66,0.0
20230528:0210,0.0,0.0,0.0,12.9,3.59,0.0
20230528:0310,20.76,37.21,9.88,12.54,3.59,0.0
20230528:0410,105.96,148.71,19.02,12.97,3.66,0.0
20230528:0510,283.33,345.92,28.5,13.85,4.14,0.0
20230528:0610,484.71,564.22,37.96,15.03,4.07,0.0
20230528:0710,658.89,772.11,46.93,15.85,3.93,0.0
20230528:0810,777.91,927.19,54.61,17.14,4.14,0.0
20230528:0910,856.78,1036.74,59.74,18.14,4.21,0.0
20230528:1010,858.6,1047.29,60.76,18.87,3.93,0.0
20230528:1110,815.87,994.77,57.27,19.39,3.66,0.0
20230528:1210,725.32,876.7,50.51,19.7,3.45,0.0
20230528:1310,574.78,687.9,41.99,19.87,3.31,0.0
20230528:1410,384.88,468.92,32.67,19.76,3.31,0.0
20230528:1510,164.56,235.69,23.15,19.37,3.17,0.0
20230528:1610,37.76,59.53,13.82,18.8,2.97,0.0
20230528:1710,9.38,22.32,5.02,17.68,2.55,0.0
20230528:1810,0.0,0.0,0.0,16.17,2.55,0.0
20230528:1910,0.0,0.0,0.0,15.08,2.48,0.0
20230528:2010,0.0,0.0,0.0,14.09,2.62,0.0
20230528:2110,0.0,0.0,0.0,13.27,2.55,0.0
20230528:2210,0.0,0.0,0.0,12.5,2.48,0.0
20230528:2310,0.0,0.0,0.0,11.8,2.48,0.0
20230529:0010,0.0,0.0,0.0,11.23,2.41,0.0
20230529:0110,0.0,0.0,0.0,10.67,2.34,0.0
20230529:0210,0.0,0.83,1.54,10.14,2.28,0.0
20230529:0310,32.45,51.26,9.98,10.18,2.07,0.0
20230529:0410,96.33,148.24,19.11,11.77,1.86,0.0
20230529:0510,288.29,356.44,28.59,13.97,2.21,0.0
20230529:0610,485.96,574.78,38.06,15.9,2.41,0.0
20230529:0710,651.82,782.11,47.03,16.97,2.21,0.0
20230529:0810,764.0,938.99,54.74,18.61,2.28,0.0
20230529:0910,829.46,1038.05,59.89,19.68,2.28,0.0
20230529:1010,829.24,1043.84,60.92,20.39,2.21,0.0
20230529:1110,794.66,996.18,57.43,20.94,2.21,0.0
20230529:1210,705.85,873.7,50.66,21.28,2.14,0.0
20230529:1310,562.29,686.4,42.13,21.44,2.07,0.0
20230529:1410,378.1,467.98,32.81,21.4,2.07,0.0
20230529:1510,163.66,236.98,23.28,21.1,2.07,0.0
20230529:1610,36.72,58.71,13.96,20.56,2.07,0.0
20230529:1710,9.29,22.32,5.17,19.3,2.0,0.0
20230529:1810,0.0,0.0,0.0,17.58,2.28,0.0
20230529:1910,0.0,0.0,0.0,16.44,2.14,0.0
20230529:2010,0.0,0.0,0.0,15.04,2.21,0.0
20230529:2110,0.0,0.0,0.0,13.74,2.14,0.0
20230529:2210,0.0,0.0,0.0,12.63,2.14,0.0
20230529:2310,0.0,0.0,0.0,11.77,2.14,0.0
20230530:0010,0.0,0.0,0.0,11.02,2.14,0.0
20230530:0110,0.0,0.0,0.0,10.44,2.07,0.0
20230530:0210,0.0,0.83,1.64,9.83,2.14,0.0
20230530:0310,2.87,11.58,10.08,10.11,1.93,0.0
20230530:0410,105.8,149.73,19.2,13.09,1.66,0.0
20230530:0510,279.3,348.25,28.68,15.74,1.72,0.0
20230530:0610,475.63,571.36,38.15,18.1,1.86,0.0
20230530:0710,639.83,773.84,47.14,19.58,2.55,0.0
20230530:0810,754.55,927.88,54.86,20.89,2.97,0.0
20230530:0910,821.89,1026.62,60.03,21.7,2.97,0.0
20230530:1010,825.52,1037.19,61.08,22.37,2.9,0.0
20230530:1110,791.29,990.8,57.58,22.92,2.9,0.0
20230530:1210,704.16,869.73,50.8,23.28,3.03,0.0
20230530:1310,559.52,682.91,42.26,23.45,3.03,0.0
20230530:1410,376.06,467.02,32.94,23.43,3.03,0.0
20230530:1510,162.88,236.36,23.41,23.14,2.9,0.0
20230530:1610,39.69,62.84,14.09,22.53,2.34,0.0
20230530:1710,10.3,23.98,5.3,21.16,1.93,0.0
20230530:1810,0.0,0.0,0.0,19.37,2.21,0.0
20230530:1910,0.0,0.0,0.0,18.16,2.41,0.0
20230530:2010,0.0,0.0,0.0,17.06,2.48,0.0
20230530:2110,0.0,0.0,0.0,16.18,2.55,0.0
20230530:2210,0.0,0.0,0.0,15.41,2.48,0.0
20230530:2310,0.0,0.0,0.0,14.68,2.41,0.0
20230531:0010,0.0,0.0,0.0,13.95,2.34,0.0
20230531:0110,0.0,0.0,0.0,13.42,2.48,0.0
20230531:0210,0.0,0.83,1.74,13.01,2.55,0.0
20230531:0310,36.07,56.23,10.17,13.24,2.41,0.0
20230531:0410,97.85,148.93,19.29,14.91,2.83,0.0
20230531:0510,253.87,311.3,28.77,16.13,4.0,0.0
20230531:0610,481.69,566.23,38.24,17.06,4.07,0.0
20230531:0710,653.35,771.04,47.23,17.92,4.28,0.0
20230531:0810,765.44,919.12,54.97,19.24,4.34,0.0
20230531:0910,809.54,982.11,60.16,20.12,4.48,0.0
20230531:1010,831.51,1016.08,61.22,20.45,4.21,0.0
20230531:1110,799.51,977.32,57.73,20.88,3.93,0.0
20230531:1210,709.03,858.14,50.94,21.12,3.86,0.0
20230531:1310,559.88,670.62,42.39,21.11,3.86,0.0
20230531:1410,379.42,463.75,33.07,20.98,3.72,0.0
20230531:1510,165.31,237.17,23.54,20.57,3.52,0.0
20230531:1610,36.86,58.71,14.22,20.01,3.17,0.0
20230531:1710,11.01,24.81,5.44,18.92,2.14,0.0
20230531:1810,0.0,0.0,0.0,17.26,1.79,0.0
20230531:1910,0.0,0.0,0.0,15.67,1.52,0.0
20230531:2010,0.0,0.0,0.0,16.97,0.9,0.0
20230531:2110,0.0,0.0,0.0,16.52,0.21,0.0
20230531:2210,0.0,0.0,0.0,15.96,0.69,0.0
20230531:2310,0.0,0.0,0.0,13.57,1.38,0.0
20230601:0010,0.0,0.0,0.0,11.32,1.79,0.0
20230601:0110,0.0,0.0,0.0,10.27,2.07,0.0
20230601:0210,0.0,0.83,1.84,9.89,2.21,0.0
20230601:0310,30.34,48.78,10.26,10.49,2.0,0.0
20230601:0410,87.36,143.86,19.37,13.64,1.59,0.0
20230601:0510,279.99,353.51,28.84,17.42,1.79,0.0
20230601:0610,477.18,576.24,38.32,19.43,2.0,0.0
20230601:0710,633.13,771.52,47.32,20.24,2.14,0.0
20230601:0810,739.16,921.0,55.07,21.46,2.14,0.0
20230601:0910,810.17,1030.08,60.29,22.45,2.07,0.0
20230601:1010,804.67,1030.21,61.37,23.24,1.93,0.0
20230601:1110,767.91,979.3,57.87,23.93,1.93,0.0
20230601:1210,678.76,851.13,51.07,24.41,2.14,0.0
20230601:1310,543.51,672.14,42.52,24.66,2.21,0.0
20230601:1410,367.19,460.84,33.19,24.75,2.34,0.0
20230601:1510,160.92,236.37,23.67,24.52,2.34,0.0
20230601:1610,37.39,60.36,14.35,23.99,1.93,0.0
20230601:1710,10.78,24.81,5.57,22.58,1.72,0.0
20230601:1810,0.0,0.0,0.0,20.64,2.21,0.0
20230601:1910,0.0,0.0,0.0,19.43,2.28,0.0
20230601:2010,0.0,0.0,0.0,18.18,2.41,0.0
20230601:2110,0.0,0.0,0.0,17.19,2.48,0.0
20230601:2210,0.0,0.0,0.0,16.45,2.55,0.0
20230601:2310,0.0,0.0,0.0,15.9,2.55,0.0
20230602:0010,0.0,0.0,0.0,15.42,2.55,0.0
20230602:0110,0.0,0.0,0.0,15.05,2.62,0.0
20230602:0210,0.0,0.83,1.93,14.8,2.62,0.0
20230602:0310,26.97,45.48,10.34,15.13,2.48,0.0
20230602:0410,81.78,141.41,19.45,16.97,2.28,0.0
20230602:0510,278.75,354.47,28.92,19.58,2.69,0.0
20230602:0610,473.95,573.78,38.39,21.75,3.03,0.0
20230602:0710,624.58,764.62,47.4,23.22,2.97,0.0
20230602:0810,725.19,902.2,55.17,24.81,3.38,0.0
20230602:0910,791.86,993.21,60.41,25.88,4.0,0.0
20230602:1010,795.39,997.45,61.5,26.52,4.41,0.0
20230602:1110,679.32,843.5,58.0,27.06,4.55,0.0
20230602:1210,563.68,693.85,51.2,27.4,4.69,0.0
20230602:1310,148.79,194.71,42.64,27.66,4.62,0.0
20230602:1410,29.58,51.1,33.31,27.55,4.41,0.0
20230602:1510,39.06,62.76,23.79,25.63,4.21,0.0
20230602:1610,9.19,22.32,14.47,21.26,3.86,0.0
20230602:1710,12.07,26.46,5.7,20.09,0.69,0.0
20230602:1810,0.0,0.0,0.0,19.36,1.86,0.0
20230602:1910,0.0,0.0,0.0,17.28,2.28,0.0
20230602:2010,0.0,0.0,0.0,16.84,2.0,0.0
20230602:2110,0.0,0.0,0.0,16.63,2.14,0.0
20230602:2210,0.0,0.0,0.0,16.08,2.48,0.0
20230602:2310,0.0,0.0,0.0,15.8,2.55,0.0
20230603:0010,0.0,0.0,0.0,15.01,3.93,0.0
20230603:0110,0.0,0.0,0.0,13.03,5.03,0.0
20230603:0210,0.0,0.83,2.01,11.09,4.97,0.0
20230603:0310,1.97,9.92,10.41,10.12,4.48,0.0
20230603:0410,9.87,22.41,19.51,10.17,4.28,0.0
20230603:0510,212.73,253.19,28.98,10.54,4.83,0.0
20230603:0610,511.53,580.97,38.46,11.26,5.45,0.0
20230603:0710,685.79,782.06,47.48,12.74,5.72,0.0
20230603:0810,797.66,923.16,55.27,14.29,6.0,0.0
20230603:0910,879.27,1032.17,60.52,15.5,6.07,0.0
20230603:1010,873.35,1032.45,61.63,16.52,5.86,0.0
20230603:1110,830.24,982.77,58.13,17.56,5.72,0.0
20230603:1210,723.3,849.28,51.33,17.95,5.66,0.0
20230603:1310,576.05,672.96,42.76,18.08,5.52,0.0
20230603:1410,388.47,464.52,33.43,17.92,5.31,0.0
20230603:1510,170.62,240.37,23.9,17.59,4.9,0.0
20230603:1610,38.14,59.53,14.59,17.02,4.21,0.0
20230603:1710,12.36,26.46,5.82,16.22,3.1,0.0
20230603:1810,0.0,0.0,0.0,14.92,2.28,0.0
20230603:1910,0.0,0.0,0.0,13.52,2.41,0.0
20230603:2010,0.0,0.0,0.0,12.41,2.28,0.0
20230603:2110,0.0,0.0,0.0,11.31,2.14,0.0
20230603:2210,0.0,0.0,0.0,10.06,1.93,0.0
20230603:2310,0.0,0.0,0.0,9.11,1.59,0.0
20230604:0010,0.0,0.0,0.0,9.03,1.38,0.0
20230604:0110,0.0,0.0,0.0,8.96,1.24,0.0
20230604:0210,0.0,0.83,2.09,8.75,1.24,0.0
20230604:0310,26.37,43.82,10.48,9.6,0.97,0.0
20230604:0410,82.18,143.6,19.58,10.69,0.41,0.0
20230604:0510,297.19,373.73,29.04,13.65,0.48,0.0
20230604:0610,496.09,594.24,38.53,14.9,0.9,0.0
20230604:0710,647.37,787.93,47.55,15.25,0.76,0.0
20230604:0810,765.38,945.1,55.35,16.38,1.38,0.0
20230604:0910,834.66,1040.69,60.63,17.41,1.86,0.0
20230604:1010,832.94,1045.84,61.75,18.35,1.79,0.0
20230604:1110,768.12,954.77,58.26,18.91,1.86,0.0
20230604:1210,703.22,861.02,51.45,19.11,2.07,0.0
20230604:1310,565.17,682.9,42.88,19.55,2.14,0.0
20230604:1410,385.25,472.18,33.54,19.73,2.21,0.0
20230604:1510,170.78,243.78,24.02,19.3,2.21,0.0
20230604:1610,38.41,60.36,14.7,18.86,2.34,0.0
20230604:1710,11.65,25.63,5.94,17.88,2.28,0.0
20230604:1810,0.0,0.0,0.0,16.36,2.41,0.0
20230604:1910,0.0,0.0,0.0,16.52,2.55,0.0
20230604:2010,0.0,0.0,0.0,15.43,2.83,0.0
20230604:2110,0.0,0.0,0.0,15.03,2.9,0.0
20230604:2210,0.0,0.0,0.0,14.1,2.83,0.0
20230604:2310,0.0,0.0,0.0,13.47,2.55,0.0
20230605:0010,0.0,0.0,0.0,12.7,2.28,0.0
20230605:0110,0.0,0.0,0.0,11.81,2.07,0.0
20230605:0210,0.0,0.83,2.16,10.86,1.93,0.0
20230605:0310,39.34,59.53,10.54,10.51,1.66,0.0
20230605:0410,88.01,144.68,19.63,13.17,1.17,0.0
20230605:0510,286.02,360.06,29.1,15.4,1.1,0.0
20230605:0610,481.48,581.91,38.58,17.48,1.1,0.0
20230605:0710,603.59,735.27,47.61,18.7,1.45,0.0
20230605:0810,565.71,690.22,55.43,20.01,1.79,0.0
20230605:0910,648.74,801.68,60.73,20.78,1.93,0.0
20230605:1010,446.43,543.48,61.87,21.33,2.07,0.0
20230605:1110,417.1,508.3,58.38,21.8,2.07,0.0
20230605:1210,544.19,666.59,51.56,21.86,2.0,0.0
20230605:1310,287.31,352.6,42.99,21.97,1.86,0.0
20230605:1410,286.25,354.2,33.65,21.83,1.79,0.0
20230605:1510,168.39,235.27,24.13,21.56,1.45,0.0
20230605:1610,52.14,77.72,14.82,21.14,1.03,0.0
20230605:1710,12.66,27.29,6.05,20.11,1.03,0.0
20230605:1810,0.0,0.0,0.0,18.76,1.45,0.0
20230605:1910,0.0,0.0,0.0,18.39,1.17,0.0
20230605:2010,0.0,0.0,0.0,17.13,1.31,0.0
20230605:2110,0.0,0.0,0.0,16.41,1.31,0.0
20230605:2210,0.0,0.0,0.0,16.38,1.1,0.0
20230605:2310,0.0,0.0,0.0,17.05,0.69,0.0
20230606:0010,0.0,0.0,0.0,16.55,0.83,0.0
20230606:0110,0.0,0.0,0.0,14.74,1.24,0.0
20230606:0210,0.0,0.83,2.22,13.64,1.52,0.0
20230606:0310,35.3,55.4,10.6,13.51,1.45,0.0
20230606:0410,103.79,140.23,19.69,15.51,0.83,0.0
20230606:0510,182.32,228.77,29.15,17.89,0.76,0.0
20230606:0610,463.17,568.28,38.63,19.66,0.69,0.0
20230606:0710,0.0,0.0,0.0,20.81,0.62,0.0
20230606:0810,573.18,718.83,55.5,22.1,0.76,0.0
20230606:0910,611.72,776.42,60.82,23.18,0.83,0.0
20230606:1010,560.6,705.01,61.98,23.65,1.1,0.0
20230606:1110,429.01,531.94,58.49,23.94,1.38,0.0
20230606:1210,407.3,504.29,51.67,24.36,1.52,0.0
20230606:1310,357.06,442.39,43.09,24.48,1.45,0.0
20230606:1410,281.23,353.89,33.75,24.52,1.24,0.0
20230606:1510,165.31,232.26,24.23,24.09,0.76,0.0
20230606:1610,58.35,85.99,14.92,23.26,0.62,0.0
20230606:1710,15.4,31.42,6.16,22.72,1.31,0.0
20230606:1810,0.0,0.0,0.0,21.2,1.79,0.0
20230606:1910,0.0,0.0,0.0,19.88,1.86,0.0
20230606:2010,0.0,0.0,0.0,18.71,2.07,0.0
20230606:2110,0.0,0.0,0.0,17.86,2.07,0.0
20230606:2210,0.0,0.0,0.0,17.07,1.93,0.0
20230606:2310,0.0,0.0,0.0,16.51,1.45,0.0
20230607:0010,0.0,0.0,0.0,17.83,0.83,0.0
20230607:0110,0.0,0.0,0.0,17.64,0.41,0.0
20230607:0210,0.0,0.83,2.28,17.16,0.55,0.0
20230607:0310,1.87,9.92,10.65,16.16,0.83,0.0
20230607:0410,62.82,89.06,19.73,16.69,0.62,0.0
20230607:0510,58.92,85.17,29.19,19.2,0.9,0.0
20230607:0610,193.73,241.73,38.68,20.27,1.38,0.0
20230607:0710,316.94,388.25,47.73,22.18,1.79,0.0
20230607:0810,435.44,536.84,55.57,23.37,1.59,0.0
20230607:0910,622.83,788.14,60.91,24.51,1.45,0.0
20230607:1010,587.71,743.7,62.08,24.87,1.31,0.0
20230607:1110,225.97,284.58,58.6,24.45,1.59,0.0
20230607:1210,366.57,450.38,51.78,23.69,2.07,0.0
20230607:1310,144.25,186.48,43.2,23.36,2.76,0.0
20230607:1410,96.23,130.0,33.85,22.43,2.97,0.0
20230607:1510,67.29,95.93,24.33,22.09,2.9,0.0
20230607:1610,33.2,54.57,15.02,21.78,2.48,0.0
20230607:1710,0.32,6.61,6.26,21.08,1.86,0.0
20230607:1810,0.0,0.0,0.0,20.13,1.72,0.0
20230607:1910,0.0,0.0,0.0,19.35,2.14,0.0
20230607:2010,0.0,0.0,0.0,18.79,2.07,0.0
20230607:2110,0.0,0.0,0.0,18.19,1.79,0.0
20230607:2210,0.0,0.0,0.0,17.66,1.66,0.0
20230607:2310,0.0,0.0,0.0,17.27,1.79,0.0
20230608:0010,0.0,0.0,0.0,17.0,1.86,0.0
20230608:0110,0.0,0.0,0.0,16.79,1.86,0.0
20230608:0210,0.0,0.83,2.33,16.41,1.86,0.0
20230608:0310,1.87,9.92,10.7,16.12,1.86,0.0
20230608:0410,9.53,22.41,19.77,16.05,1.86,0.0
20230608:0510,47.64,70.83,29.23,16.35,1.79,0.0
20230608:0610,128.03,163.17,38.72,16.68,1.79,0.0
20230608:0710,338.45,404.85,47.77,17.82,2.0,0.0
20230608:0810,154.57,194.55,55.63,18.54,2.21,0.0
20230608:0910,162.67,204.41,60.98,19.19,2.14,0.0
20230608:1010,124.27,161.37,62.18,20.3,1.93,0.0
20230608:1110,181.27,227.72,58.7,21.15,2.14,0.0
20230608:1210,371.09,451.66,51.88,22.19,2.34,0.0
20230608:1310,464.5,566.37,43.29,22.96,2.41,0.0
20230608:1410,317.3,393.36,33.95,23.15,2.48,0.0
20230608:1510,164.64,237.82,24.43,23.18,2.41,0.0
20230608:1610,43.65,67.8,15.12,22.72,1.86,0.0
20230608:1710,16.1,32.25,6.36,21.53,1.17,0.0
20230608:1810,0.0,0.0,0.0,20.13,1.72,0.0
20230608:1910,0.0,0.0,0.0,19.42,2.21,0.0
20230608:2010,0.0,0.0,0.0,19.07,2.21,0.0
20230608:2110,0.0,0.0,0.0,18.7,2.28,0.0
20230608:2210,0.0,0.0,0.0,18.43,2.21,0.0
20230608:2310,0.0,0.0,0.0,18.12,2.14,0.0
20230609:0010,0.0,0.0,0.0,17.56,2.14,0.0
20230609:0110,0.0,0.0,0.0,17.16,2.14,0.0
20230609:0210,0.0,0.83,2.38,16.76,2.14,0.0
20230609:0310,36.76,57.88,10.74,16.8,2.0,0.0
20230609:0410,98.96,147.91,19.81,17.83,1.86,0.0
20230609:0510,260.92,330.98,29.26,19.32,2.0,0.0
20230609:0610,443.86,540.19,38.75,20.95,1.86,0.0
20230609:0710,588.08,724.88,47.81,22.95,2.0,0.0
20230609:0810,675.24,846.96,55.68,24.44,2.21,0.0
20230609:0910,686.15,864.23,61.06,25.17,2.48,0.0
20230609:1010,700.66,885.27,62.27,25.69,2.62,0.0
20230609:1110,556.99,692.62,58.8,25.91,2.76,0.0
20230609:1210,581.36,723.77,51.97,25.99,2.62,0.0
20230609:1310,417.77,517.57,43.39,26.03,2.28,0.0
20230609:1410,356.02,448.94,34.04,25.76,2.14,0.0
20230609:1510,163.65,239.49,24.52,25.63,1.86,0.0
20230609:1610,39.83,63.67,15.22,24.87,1.38,0.0
20230609:1710,14.72,30.59,6.46,23.83,1.72,0.0
20230609:1810,0.0,0.0,0.0,22.25,2.14,0.0
20230609:1910,0.0,0.0,0.0,21.15,1.86,0.0
20230609:2010,0.0,0.0,0.0,19.52,2.0,0.0
20230609:2110,0.0,0.0,0.0,18.29,2.07,0.0
20230609:2210,0.0,0.0,0.0,17.27,2.28,0.0
20230609:2310,0.0,0.0,0.0,16.69,2.34,0.0
20230610:0010,0.0,0.0,0.0,16.39,2.34,0.0
20230610:0110,0.0,0.0,0.0,16.02,2.28,0.0
20230610:0210,0.0,0.83,2.42,15.46,2.21,0.0
20230610:0310,1.88,9.92,10.77,15.74,1.93,0.0
20230610:0410,103.03,142.13,19.84,17.63,1.72,0.0
20230610:0510,220.9,278.03,29.29,19.58,1.52,0.0
20230610:0610,375.43,459.89,38.78,21.49,1.31,0.0
20230610:0710,403.11,491.57,47.85,23.01,2.41,0.0
20230610:0810,590.77,726.91,55.73,24.02,2.97,0.0
20230610:0910,570.2,700.68,61.12,24.69,3.52,0.0
20230610:1010,171.89,220.54,62.35,25.9,3.86,0.0
20230610:1110,565.81,695.3,58.89,25.85,4.14,0.0
20230610:1210,601.64,729.79,52.06,23.68,4.28,0.0
20230610:1310,31.53,52.89,43.48,24.04,3.79,0.0
20230610:1410,22.55,41.24,34.13,23.93,3.59,0.0
20230610:1510,21.32,39.45,24.61,22.87,3.45,0.0
20230610:1610,24.16,43.0,15.31,21.71,3.24,0.0
20230610:1710,12.64,27.29,6.55,20.56,3.38,0.0
20230610:1810,0.0,0.0,0.0,19.46,3.1,0.0
20230610:1910,0.0,0.0,0.0,17.81,3.93,0.0
20230610:2010,0.0,0.0,0.0,17.0,3.86,0.0
20230610:2110,0.0,0.0,0.0,16.43,4.07,0.0
20230610:2210,0.0,0.0,0.0,15.89,4.41,0.0
20230610:2310,0.0,0.0,0.0,15.34,4.62,0.0
20230611:0010,0.0,0.0,0.0,14.6,4.69,0.0
20230611:0110,0.0,0.0,0.0,13.88,4.62,0.0
20230611:0210,0.0,0.83,2.45,13.25,4.62,0.0
20230611:0310,1.92,9.92,10.8,12.9,4.62,0.0
20230611:0410,9.71,22.41,19.86,12.96,4.41,0.0
20230611:0510,25.32,43.03,29.31,13.22,4.9,0.0
20230611:0610,53.13,76.2,38.81,13.47,5.38,0.0
20230611:0710,78.1,104.89,47.88,14.19,5.45,0.0
20230611:0810,169.35,206.2,55.77,14.54,5.86,0.0
20230611:0910,198.67,238.48,61.18,14.53,6.0,0.0
20230611:1010,126.39,158.68,62.43,14.43,6.21,0.0
20230611:1110,89.29,117.44,58.97,14.35,6.41,0.0
20230611:1210,94.17,122.82,52.15,14.22,6.41,0.0
20230611:1310,77.55,104.0,43.56,13.68,6.28,0.0
20230611:1410,29.57,48.41,34.22,14.01,6.41,0.0
20230611:1510,92.52,121.27,24.69,14.36,6.34,0.0
20230611:1610,33.22,52.89,15.39,14.17,5.93,0.0
20230611:1710,14.98,29.77,6.63,13.57,4.9,0.0
20230611:1810,0.0,0.0,0.0,13.03,4.83,0.0
20230611:1910,0.0,0.0,0.0,11.29,4.62,0.0
20230611:2010,0.0,0.0,0.0,10.93,4.14,0.0
20230611:2110,0.0,0.0,0.0,10.81,3.79,0.0
20230611:2210,0.0,0.0,0.0,10.88,3.66,0.0
20230611:2310,0.0,0.0,0.0,11.05,3.66,0.0
20230612:0010,0.0,0.0,0.0,11.29,3.59,0.0
20230612:0110,0.0,0.0,0.0,11.36,3.52,0.0
20230612:0210,0.0,0.83,2.48,11.48,3.45,0.0
20230612:0310,1.94,9.92,10.82,11.71,3.45,0.0
20230612:0410,47.98,69.93,19.88,12.08,3.45,0.0
20230612:0510,43.98,65.45,29.33,12.79,3.45,0.0
20230612:0610,59.3,83.38,38.82,13.4,3.52,0.0
20230612:0710,254.36,300.22,47.9,13.5,3.31,0.0
20230612:0810,425.98,494.06,55.81,14.45,4.14,0.0
20230612:0910,0.0,0.0,0.0,15.12,4.14,0.0
20230612:1010,146.21,181.99,62.5,15.66,4.14,0.0
20230612:1110,106.73,138.06,59.05,15.91,4.14,0.0
20230612:1210,67.13,93.24,52.23,16.0,4.28,0.0
20230612:1310,79.02,106.69,43.64,15.64,4.0,0.0
20230612:1410,62.68,87.86,34.29,15.18,3.79,0.0
20230612:1510,77.05,104.0,24.77,14.46,3.45,0.0
20230612:1610,39.18,60.07,15.47,13.88,2.83,0.0
20230612:1710,14.35,28.94,6.71,13.59,2.62,0.0
20230612:1810,0.0,0.0,0.0,13.38,2.48,0.0
20230612:1910,0.0,0.0,0.0,13.33,2.76,0.0
20230612:2010,0.0,0.0,0.0,13.51,2.62,0.0
20230612:2110,0.0,0.0,0.0,13.68,2.62,0.0
20230612:2210,0.0,0.0,0.0,13.73,2.76,0.0
20230612:2310,0.0,0.0,0.0,13.65,2.9,0.0
20230613:0010,0.0,0.0,0.0,13.49,3.03,0.0
20230613:0110,0.0,0.0,0.0,13.14,3.17,0.0
20230613:0210,0.0,1.65,2.51,12.73,3.17,0.0
20230613:0310,1.93,9.92,10.84,12.6,3.24,0.0
20230613:0410,9.73,22.41,19.89,12.46,3.17,0.0
20230613:0510,201.6,244.12,29.34,12.53,2.83,0.0
20230613:0610,297.36,348.1,38.84,12.74,2.69,0.0
20230613:0710,432.6,504.13,47.92,15.28,3.66,0.0
20230613:0810,431.12,505.8,55.83,15.69,3.1,0.0
20230613:0910,444.54,524.6,61.28,16.5,2.97,0.0
20230613:1010,385.76,457.53,62.56,17.11,2.83,0.0
20230613:1110,352.1,419.28,59.12,17.45,2.62,0.0
20230613:1210,233.58,283.63,52.31,17.94,2.55,0.0
20230613:1310,275.31,331.66,43.72,18.22,2.41,0.0
20230613:1410,233.31,285.15,34.37,18.47,2.28,0.0
20230613:1510,168.36,222.08,24.85,18.5,2.0,0.0
20230613:1610,62.27,89.23,15.55,18.21,1.72,0.0
20230613:1710,14.02,28.94,6.79,17.74,1.72,0.0
20230613:1810,0.0,0.0,0.0,16.81,1.86,0.0
20230613:1910,0.0,0.0,0.0,15.94,1.86,0.0
20230613:2010,0.0,0.0,0.0,15.59,1.86,0.0
20230613:2110,0.0,0.0,0.0,15.26,1.93,0.0
20230613:2210,0.0,0.0,0.0,14.81,2.0,0.0
20230613:2310,0.0,0.0,0.0,14.38,2.0,0.0
20230614:0010,0.0,0.0,0.0,14.03,1.93,0.0
20230614:0110,0.0,0.0,0.0,13.88,1.93,0.0
20230614:0210,0.0,1.65,2.52,13.71,2.0,0.0
20230614:0310,32.5,52.09,10.85,14.0,1.86,0.0
20230614:0410,76.61,136.37,19.9,14.98,1.79,0.0
20230614:0510,260.44,324.95,29.35,15.87,2.07,0.0
20230614:0610,466.51,555.98,38.84,17.13,2.21,0.0
20230614:0710,586.08,704.52,47.93,19.15,2.48,0.0
20230614:0810,723.3,888.44,55.86,20.56,2.55,0.0
20230614:0910,744.34,920.71,61.32,21.86,2.97,0.0
20230614:1010,503.35,611.87,62.62,22.35,3.03,0.0
20230614:1110,435.06,529.16,59.19,22.43,2.69,0.0
20230614:1210,393.64,479.25,52.38,22.25,2.28,0.0
20230614:1310,472.63,575.74,43.79,22.46,2.28,0.0
20230614:1410,273.48,338.71,34.44,22.44,2.21,0.0
20230614:1510,99.25,134.06,24.92,22.31,2.07,0.0
20230614:1610,28.64,50.8,15.62,21.77,1.79,0.0
20230614:1710,16.77,33.07,6.86,20.87,1.93,0.0
20230614:1810,0.0,0.0,0.0,19.74,2.21,0.0
20230614:1910,0.0,0.0,0.0,19.72,2.28,0.0
20230614:2010,0.0,0.0,0.0,19.24,2.14,0.0
20230614:2110,0.0,0.0,0.0,18.83,2.07,0.0
20230614:2210,0.0,0.0,0.0,18.34,1.93,0.0
20230614:2310,0.0,0.0,0.0,17.98,1.93,0.0
20230615:0010,0.0,0.0,0.0,17.72,2.0,0.0
20230615:0110,0.0,0.0,0.0,17.3,2.07,0.0
20230615:0210,0.0,1.65,2.53,17.43,2.0,0.0
20230615:0310,1.85,9.92,10.85,17.55,1.86,0.0
20230615:0410,101.66,139.29,19.9,17.98,1.79,0.0
20230615:0510,242.47,305.23,29.35,18.61,1.79,0.0
20230615:0610,441.84,532.11,38.84,19.28,2.14,0.0
20230615:0710,615.13,745.14,47.94,20.39,2.48,0.0
20230615:0810,659.78,808.32,55.87,21.39,2.62,0.0
20230615:0910,385.15,467.73,61.35,22.7,3.31,0.0
20230615:1010,561.15,686.82,62.67,23.48,3.24,0.0
20230615:1110,680.27,845.69,59.25,23.96,2.83,0.0
20230615:1210,516.7,636.42,52.44,24.45,2.48,0.0
20230615:1310,146.62,190.21,43.85,24.33,2.34,0.0
20230615:1410,243.29,304.83,34.51,24.26,2.34,0.0
20230615:1510,169.45,238.47,24.98,24.1,2.34,0.0
20230615:1610,40.24,65.58,15.68,23.1,1.72,0.0
20230615:1710,18.45,35.55,6.93,22.39,1.59,0.0
20230615:1810,0.0,0.0,0.0,21.35,1.72,0.0
20230615:1910,0.0,0.0,0.0,20.51,1.52,0.0
20230615:2010,0.0,0.0,0.0,19.44,1.66,0.0
20230615:2110,0.0,0.0,0.0,18.36,1.79,0.0
20230615:2210,0.0,0.0,0.0,17.73,1.66,0.0
20230615:2310,0.0,0.0,0.0,16.98,1.72,0.0
20230616:0010,0.0,0.0,0.0,16.49,1.72,0.0
20230616:0110,0.0,0.0,0.0,16.09,1.66,0.0
20230616:0210,0.0,1.65,2.54,15.35,1.66,0.0
20230616:0310,36.95,57.88,10.85,15.63,1.24,0.0
20230616:0410,97.92,133.63,19.9,18.35,0.83,0.0
20230616:0510,260.96,337.98,29.34,20.53,0.83,0.0
20230616:0610,442.12,548.07,38.84,22.62,0.97,0.0
20230616:0710,526.07,654.93,47.94,23.97,1.31,0.0
20230616:0810,699.5,884.92,55.88,24.73,1.93,0.0
20230616:0910,776.54,993.08,61.38,25.27,2.28,0.0
20230616:1010,752.38,959.84,62.71,25.5,2.34,0.0
20230616:1110,741.06,945.67,59.31,26.01,2.28,0.0
20230616:1210,661.57,834.55,52.5,26.19,2.21,0.0
20230616:1310,536.71,668.76,43.91,26.3,2.21,0.0
20230616:1410,369.58,466.52,34.57,26.26,2.28,0.0
20230616:1510,169.3,244.16,25.05,25.89,2.48,0.0
20230616:1610,37.3,62.9,15.74,25.03,2.07,0.0
20230616:1710,16.52,33.07,6.99,23.63,2.28,0.0
20230616:1810,0.0,0.0,0.0,22.17,2.48,0.0
20230616:1910,0.0,0.0,0.0,21.43,2.28,0.0
20230616:2010,0.0,0.0,0.0,20.28,2.34,0.0
20230616:2110,0.0,0.0,0.0,19.26,2.28,0.0
20230616:2210,0.0,0.0,0.0,18.27,2.21,0.0
20230616:2310,0.0,0.0,0.0,17.38,2.28,0.0
20230617:0010,0.0,0.0,0.0,16.59,2.28,0.0
20230617:0110,0.0,0.0,0.0,15.88,2.21,0.0
20230617:0210,2.32,10.75,2.54,15.12,2.07,0.0
20230617:0310,37.72,58.71,10.85,15.28,1.79,0.0
20230617:0410,86.7,141.95,19.89,17.83,1.38,0.0
20230617:0510,265.26,342.4,29.33,20.45,1.45,0.0
20230617:0610,457.01,564.89,38.83,22.77,1.38,0.0
20230617:0710,604.16,751.31,47.93,24.16,1.93,0.0
20230617:0810,514.55,638.15,55.88,25.51,2.48,0.0
20230617:0910,577.93,718.92,61.39,26.39,3.24,0.0
20230617:1010,610.29,763.82,62.75,26.71,3.1,0.0
20230617:1110,617.93,775.66,59.36,26.78,2.83,0.0
20230617:1210,434.14,539.51,52.55,26.82,2.55,0.0
20230617:1310,408.16,506.78,43.97,26.83,2.55,0.0
20230617:1410,367.97,464.24,34.62,26.81,2.69,0.0
20230617:1510,172.37,243.22,25.1,26.32,2.41,0.0
20230617:1610,51.24,79.95,15.8,25.56,2.21,0.0
20230617:1710,12.93,28.11,7.04,24.51,2.14,0.0
20230617:1810,0.0,0.0,0.0,23.25,2.28,0.0
20230617:1910,0.0,0.0,0.0,22.56,2.28,0.0
20230617:2010,0.0,0.0,0.0,21.72,2.28,0.0
20230617:2110,0.0,0.0,0.0,21.22,2.28,0.0
20230617:2210,0.0,0.0,0.0,20.8,2.21,0.0
20230617:2310,0.0,0.0,0.0,20.26,2.07,0.0
20230618:0010,0.0,0.0,0.0,19.84,2.0,0.0
20230618:0110,0.0,0.0,0.0,19.31,2.07,0.0
20230618:0210,2.25,10.75,2.53,18.88,2.07,0.0
20230618:0310,1.83,9.92,10.84,18.94,1.86,0.0
20230618:0410,9.94,23.31,19.88,19.58,1.52,0.0
20230618:0510,72.09,101.31,29.32,20.95,1.45,0.0
20230618:0610,228.68,285.48,38.82,22.56,1.31,0.0
20230618:0710,378.27,467.83,47.92,23.5,1.1,0.0
20230618:0810,646.3,826.76,55.88,24.91,1.03,0.0
20230618:0910,691.33,894.74,61.41,26.0,1.24,0.0
20230618:1010,371.66,466.92,62.78,27.04,1.59,0.0
20230618:1110,581.08,737.83,59.4,27.36,1.86,0.0
20230618:1210,472.02,593.17,52.6,27.37,1.79,0.0
20230618:1310,390.99,490.11,44.02,27.53,1.79,0.0
20230618:1410,352.47,448.08,34.68,27.41,1.86,0.0
20230618:1510,170.67,248.29,25.15,27.21,2.0,0.0
20230618:1610,54.94,84.83,15.85,26.39,1.66,0.0
20230618:1710,19.36,37.21,7.09,25.31,1.79,0.0
20230618:1810,0.0,0.0,0.0,23.66,2.0,0.0
20230618:1910,0.0,0.0,0.0,22.34,1.79,0.0
20230618:2010,0.0,0.0,0.0,20.94,1.93,0.0
20230618:2110,0.0,0.0,0.0,19.95,2.07,0.0
20230618:2210,0.0,0.0,0.0,19.3,2.21,0.0
20230618:2310,0.0,0.0,0.0,19.08,2.34,0.0
20230619:0010,0.0,0.0,0.0,18.99,2.41,0.0
20230619:0110,0.0,0.0,0.0,18.75,2.34,0.0
20230619:0210,2.26,10.75,2.52,18.46,2.28,0.0
20230619:0310,1.83,9.92,10.82,18.52,2.07,0.0
20230619:0410,9.32,22.41,19.86,19.86,1.72,0.0
20230619:0510,82.47,113.86,29.3,22.04,2.28,0.0
20230619:0610,347.6,425.92,38.8,23.29,2.62,0.0
20230619:0710,583.39,719.39,47.9,24.62,2.69,0.0
20230619:0810,698.79,881.35,55.87,25.94,2.55,0.0
20230619:0910,771.42,990.75,61.41,26.79,2.48,0.0
20230619:1010,777.75,1004.62,62.8,27.32,2.41,0.0
20230619:1110,688.28,880.39,59.43,27.36,2.21,0.0
20230619:1210,592.04,751.18,52.65,27.38,1.79,0.0
20230619:1310,498.53,629.65,44.07,27.39,1.38,0.0
20230619:1410,362.74,464.29,34.72,27.51,1.24,0.0
20230619:1510,169.95,248.62,25.2,27.53,1.17,0.0
20230619:1610,27.37,52.66,15.9,27.05,0.83,0.0
20230619:1710,19.84,38.04,7.14,26.31,0.34,0.0
20230619:1810,0.0,0.0,0.0,23.93,1.03,0.0
20230619:1910,0.0,0.0,0.0,22.34,1.38,0.0
20230619:2010,0.0,0.0,0.0,20.76,1.52,0.0
20230619:2110,0.0,0.0,0.0,20.22,1.31,0.0
20230619:2210,0.0,0.0,0.0,19.32,1.24,0.0
20230619:2310,0.0,0.0,0.0,18.41,1.24,0.0
20230620:0010,0.0,0.0,0.0,17.99,1.1,0.0
20230620:0110,0.0,0.0,0.0,17.46,1.1,0.0
20230620:0210,1.86,9.92,2.5,16.84,1.1,0.0
20230620:0310,38.65,60.36,10.8,17.31,0.83,0.0
20230620:0410,100.92,144.04,19.83,19.29,1.03,0.0
20230620:0510,153.16,196.66,29.27,21.33,1.72,0.0
20230620:0610,417.09,511.54,38.77,23.12,2.21,0.0
20230620:0710,579.47,711.86,47.88,24.05,2.69,0.0
20230620:0810,692.49,867.9,55.86,25.37,2.69,0.0
20230620:0910,759.67,970.17,61.41,26.2,2.48,0.0
20230620:1010,770.22,990.85,62.81,26.89,2.41,0.0
20230620:1110,464.72,580.95,59.46,27.23,2.34,0.0
20230620:1210,176.22,227.96,52.68,27.16,2.14,0.0
20230620:1310,105.32,142.55,44.11,25.47,2.48,0.0
20230620:1410,30.16,51.1,34.77,23.65,2.41,0.0
20230620:1510,35.93,58.27,25.24,22.79,1.17,0.0
20230620:1610,5.74,17.03,15.94,22.62,1.17,0.0
20230620:1710,8.62,21.5,7.17,21.59,2.34,0.0
20230620:1810,0.0,0.0,0.0,20.47,1.17,0.0
20230620:1910,0.0,0.0,0.0,20.37,1.72,0.0
20230620:2010,0.0,0.0,0.0,19.69,1.93,0.0
20230620:2110,0.0,0.0,0.0,19.05,2.0,0.0
20230620:2210,0.0,0.0,0.0,18.59,1.93,0.0
20230620:2310,0.0,0.0,0.0,18.19,1.79,0.0
20230621:0010,0.0,0.0,0.0,17.92,1.66,0.0
20230621:0110,0.0,0.0,0.0,17.66,1.79,0.0
20230621:0210,1.85,9.92,2.48,17.48,1.79,0.0
20230621:0310,1.85,9.92,10.77,17.7,1.66,0.0
20230621:0410,9.38,22.41,19.8,18.89,2.0,0.0
20230621:0510,65.57,93.24,29.24,20.3,2.48,0.0
20230621:0610,405.88,494.16,38.74,21.74,2.28,0.0
20230621:0710,589.96,723.16,47.86,22.72,2.34,0.0
20230621:0810,669.93,833.39,55.84,23.78,2.48,0.0
20230621:0910,646.73,809.24,61.4,24.8,2.48,0.0
20230621:1010,486.44,604.66,62.82,25.86,2.41,0.0
20230621:1110,486.68,606.18,59.49,26.41,2.41,0.0
20230621:1210,510.51,636.32,52.72,26.68,2.41,0.0
20230621:1310,480.16,595.7,44.14,26.47,2.48,0.0
20230621:1410,357.93,450.78,34.8,26.44,2.48,0.0
20230621:1510,171.59,247.4,25.28,25.96,2.21,0.0
20230621:1610,29.23,55.49,15.97,25.62,1.38,0.0
20230621:1710,17.6,34.73,7.21,24.77,1.03,0.0
20230621:1810,0.0,0.0,0.0,23.38,1.52,0.0
20230621:1910,0.0,0.0,0.0,21.38,1.66,0.0
20230621:2010,0.0,0.0,0.0,19.99,1.59,0.0
20230621:2110,0.0,0.0,0.0,19.21,1.45,0.0
20230621:2210,0.0,0.0,0.0,18.93,1.31,0.0
20230621:2310,0.0,0.0,0.0,18.53,1.24,0.0
20230622:0010,0.0,0.0,0.0,18.12,1.17,0.0
20230622:0110,0.0,0.0,0.0,17.65,1.17,0.0
20230622:0210,2.28,10.75,2.45,17.29,1.17,0.0
20230622:0310,7.21,19.02,10.74,16.93,1.24,0.0
20230622:0410,94.31,143.84,19.77,19.22,0.76,0.0
20230622:0510,253.97,331.85,29.21,22.01,0.76,0.0
20230622:0610,435.98,546.35,38.71,24.23,0.76,0.0
20230622:0710,576.73,740.52,47.82,25.89,0.41,0.0
20230622:0810,610.1,792.14,55.81,26.79,0.55,0.0
20230622:0910,491.84,626.37,61.39,27.21,0.97,0.0
20230622:1010,751.79,990.48,62.83,27.57,1.31,0.0
20230622:1110,731.77,957.5,59.5,28.11,1.52,0.0
20230622:1210,588.21,750.17,52.74,28.42,1.79,0.0
20230622:1310,442.56,556.49,44.17,28.42,2.0,0.0
20230622:1410,168.01,219.61,34.83,28.35,2.0,0.0
20230622:1510,172.42,245.43,25.31,28.08,2.07,0.0
20230622:1610,19.47,37.65,16.0,27.39,1.66,0.0
20230622:1710,19.87,38.04,7.24,26.19,1.59,0.0
20230622:1810,0.0,0.0,0.0,24.62,1.86,0.0
20230622:1910,0.0,0.0,0.0,23.46,2.07,0.0
20230622:2010,0.0,0.0,0.0,22.23,2.07,0.0
20230622:2110,0.0,0.0,0.0,21.29,2.0,0.0
20230622:2210,0.0,0.0,0.0,20.46,2.07,0.0
20230622:2310,0.0,0.0,0.0,19.94,2.14,0.0
20230623:0010,0.0,0.0,0.0,19.66,2.21,0.0
20230623:0110,0.0,0.0,0.0,19.54,2.28,0.0
20230623:0210,1.82,9.92,2.41,19.59,2.28,0.0
20230623:0310,3.12,12.4,10.7,19.97,2.14,0.0
20230623:0410,98.6,140.15,19.73,21.69,1.86,0.0
20230623:0510,242.27,315.12,29.17,23.81,2.21,0.0
20230623:0610,427.17,528.78,38.67,25.61,2.62,0.0
20230623:0710,572.42,710.44,47.79,26.59,2.9,0.0
20230623:0810,645.96,809.69,55.78,27.43,3.24,0.0
20230623:0910,711.11,900.78,61.36,27.88,3.31,0.0
20230623:1010,674.35,854.71,62.82,28.38,3.24,0.0
20230623:1110,480.05,600.92,59.52,28.45,2.97,0.0
20230623:1210,487.92,610.76,52.76,28.53,2.83,0.0
20230623:1310,286.02,361.4,44.2,29.07,2.69,0.0
20230623:1410,217.84,279.91,34.86,29.11,2.97,0.0
20230623:1510,128.38,174.23,25.34,28.72,3.38,0.0
20230623:1610,45.49,75.47,16.03,27.75,2.48,0.0
20230623:1710,18.59,36.38,7.26,26.9,1.45,0.0
20230623:1810,0.0,0.0,0.0,25.67,1.72,0.0
20230623:1910,0.0,0.0,0.0,24.37,1.72,0.0
20230623:2010,0.0,0.0,0.0,23.02,1.86,0.0
20230623:2110,0.0,0.0,0.0,21.8,1.72,0.0
20230623:2210,0.0,0.0,0.0,21.23,1.24,0.0
20230623:2310,0.0,0.0,0.0,20.86,1.17,0.0
20230624:0010,0.0,0.0,0.0,21.95,0.48,0.0
20230624:0110,0.0,0.0,0.0,20.48,0.97,0.0
20230624:0210,1.81,9.92,2.37,20.02,1.1,0.0
20230624:0310,1.41,9.1,10.66,20.18,0.83,0.0
20230624:0410,8.68,21.52,19.69,20.63,0.69,0.0
20230624:0510,48.78,73.51,29.12,20.67,0.97,0.0
20230624:0610,92.84,125.51,38.63,20.85,1.52,0.0
20230624:0710,168.69,216.26,47.74,24.14,1.79,0.0
20230624:0810,320.38,397.94,55.74,25.22,2.0,0.0
20230624:0910,136.98,180.2,61.34,25.6,1.86,0.0
20230624:1010,261.04,328.59,62.81,26.25,1.93,0.0
20230624:1110,535.9,666.64,59.52,26.09,2.62,0.0
20230624:1210,646.7,795.63,52.78,23.89,3.03,0.0
20230624:1310,125.83,165.86,44.22,24.52,2.9,0.0
20230624:1410,186.73,237.61,34.88,24.58,2.48,0.0
20230624:1510,163.29,220.1,25.36,24.73,2.41,0.0
20230624:1610,14.58,30.48,16.05,24.62,2.14,0.0
20230624:1710,0.0,5.79,7.28,24.2,1.24,0.0
20230624:1810,0.0,0.0,0.0,23.24,1.31,0.0
20230624:1910,0.0,0.0,0.0,22.39,1.93,0.0
20230624:2010,0.0,0.0,0.0,21.79,2.14,0.0
20230624:2110,0.0,0.0,0.0,21.33,2.28,0.0
20230624:2210,0.0,0.0,0.0,20.89,2.28,0.0
20230624:2310,0.0,0.0,0.0,20.23,2.0,0.0
20230625:0010,0.0,0.0,0.0,19.6,1.72,0.0
20230625:0110,0.0,0.0,0.0,18.99,1.59,0.0
20230625:0210,1.43,9.1,2.33,18.37,1.38,0.0
20230625:0310,1.43,9.1,10.61,18.26,1.31,0.0
20230625:0410,8.68,21.52,19.64,20.57,1.03,0.0
20230625:0510,38.88,61.86,29.07,22.34,1.03,0.0
20230625:0610,157.2,202.97,38.58,23.8,1.03,0.0
20230625:0710,234.17,289.69,47.7,21.35,1.66,0.0
20230625:0810,172.54,219.65,55.7,22.57,1.31,0.0
20230625:0910,232.78,292.07,61.3,23.69,1.31,0.0
20230625:1010,294.8,368.4,62.79,24.72,1.24,0.0
20230625:1110,187.05,239.66,59.52,25.34,1.31,0.0
20230625:1210,58.77,86.96,52.79,24.89,1.45,0.0
20230625:1310,113.51,150.62,44.24,23.3,3.03,0.0
20230625:1410,127.53,164.94,34.9,20.93,3.93,0.0
20230625:1510,72.42,101.31,25.38,20.51,2.97,0.0
20230625:1610,67.03,95.75,16.06,20.44,2.55,0.0
20230625:1710,18.07,34.73,7.29,20.01,1.31,0.0
20230625:1810,0.0,0.0,0.0,19.02,2.34,0.0
20230625:1910,0.0,0.0,0.0,18.45,2.21,0.0
20230625:2010,0.0,0.0,0.0,18.01,2.41,0.0
20230625:2110,0.0,0.0,0.0,17.51,2.41,0.0
20230625:2210,0.0,0.0,0.0,17.08,2.34,0.0
20230625:2310,0.0,0.0,0.0,16.67,2.48,0.0
20230626:0010,0.0,0.0,0.0,16.42,2.83,0.0
20230626:0110,0.0,0.0,0.0,16.37,3.1,0.0
20230626:0210,1.46,9.1,2.28,16.38,3.24,0.0
20230626:0310,1.87,9.92,10.56,16.46,3.52,0.0
20230626:0410,20.66,37.65,19.58,16.74,4.14,0.0
20230626:0510,122.04,156.21,29.02,17.3,4.83,0.0
20230626:0610,124.82,159.58,38.52,18.12,5.31,0.0
20230626:0710,159.6,199.03,47.64,18.29,4.62,0.0
20230626:0810,195.25,239.64,55.65,18.92,5.03,0.0
20230626:0910,418.8,494.78,61.26,19.35,5.52,0.0
20230626:1010,303.91,363.78,62.76,19.97,5.86,0.0
20230626:1110,625.89,742.61,59.51,20.61,5.93,0.0
20230626:1210,94.33,126.41,52.79,20.61,5.72,0.0
20230626:1310,554.9,655.34,44.24,20.31,5.31,0.0
20230626:1410,322.23,388.87,34.91,20.11,4.69,0.0
20230626:1510,181.53,244.22,25.39,19.92,4.21,0.0
20230626:1610,42.27,70.65,16.07,19.51,3.52,0.0
20230626:1710,20.69,38.04,7.29,18.87,2.55,0.0
20230626:1810,0.0,0.0,0.0,17.98,1.93,0.0
20230626:1910,0.0,0.0,0.0,16.75,2.07,0.0
20230626:2010,0.0,0.0,0.0,15.94,2.07,0.0
20230626:2110,0.0,0.0,0.0,15.12,2.0,0.0
20230626:2210,0.0,0.0,0.0,14.48,1.93,0.0
20230626:2310,0.0,0.0,0.0,13.95,2.14,0.0
20230627:0010,0.0,0.0,0.0,13.64,2.21,0.0
20230627:0110,0.0,0.0,0.0,13.38,2.21,0.0
20230627:0210,1.5,9.1,2.22,13.2,2.07,0.0
20230627:0310,2.8,11.58,10.5,13.58,2.07,0.0
20230627:0410,92.11,123.27,19.53,14.63,3.17,0.0
20230627:0510,251.85,313.25,28.96,15.76,3.24,0.0
20230627:0610,434.72,513.67,38.46,17.01,3.38,0.0
20230627:0710,596.32,704.24,47.59,17.94,3.79,0.0
20230627:0810,710.49,850.51,55.59,18.76,3.86,0.0
20230627:0910,740.87,893.62,61.21,19.28,3.93,0.0
20230627:1010,686.61,827.09,62.73,20.0,4.07,0.0
20230627:1110,691.5,835.41,59.49,20.39,3.86,0.0
20230627:1210,673.44,812.92,52.79,20.7,3.59,0.0
20230627:1310,505.63,607.87,44.25,20.7,2.9,0.0
20230627:1410,256.62,315.53,34.92,21.17,2.69,0.0
20230627:1510,171.32,226.27,25.4,21.22,2.28,0.0
20230627:1610,69.96,100.24,16.08,20.86,1.66,0.0
20230627:1710,14.42,29.77,7.29,20.1,0.41,0.0
20230627:1810,0.0,0.0,0.0,18.8,1.45,0.0
20230627:1910,0.0,0.0,0.0,17.8,1.24,0.0
20230627:2010,0.0,0.0,0.0,17.33,1.1,0.0
20230627:2110,0.0,0.0,0.0,16.88,1.24,0.0
20230627:2210,0.0,0.0,0.0,16.64,1.31,0.0
20230627:2310,0.0,0.0,0.0,16.54,1.24,0.0
20230628:0010,0.0,0.0,0.0,16.5,1.38,0.0
20230628:0110,0.0,0.0,0.0,16.33,2.14,0.0
20230628:0210,1.46,9.1,2.16,16.27,3.24,0.0
20230628:0310,1.46,9.1,10.44,16.29,3.86,0.0
20230628:0410,100.58,142.41,19.46,16.38,4.07,0.0
20230628:0510,243.92,302.38,28.9,16.78,4.69,0.0
20230628:0610,396.64,466.69,38.4,17.55,4.97,0.0
20230628:0710,555.09,650.85,47.52,18.71,5.38,0.0
20230628:0810,634.39,749.6,55.53,19.58,5.59,0.0
20230628:0910,600.32,711.43,61.16,20.1,5.66,0.0
20230628:1010,538.89,639.2,62.69,20.8,5.93,0.0
20230628:1110,440.75,523.42,59.47,21.01,5.93,0.0
20230628:1210,466.29,552.8,52.78,21.19,6.0,0.0
20230628:1310,387.77,460.93,44.25,20.94,5.72,0.0
20230628:1410,381.71,460.61,34.92,21.09,5.72,0.0
20230628:1510,184.68,256.69,25.4,20.85,4.97,0.0
20230628:1610,63.76,91.48,16.08,20.6,4.9,0.0
20230628:1710,21.26,38.86,7.29,19.61,4.21,0.0
20230628:1810,0.0,0.0,0.0,18.62,3.52,0.0
20230628:1910,0.0,0.0,0.0,17.6,3.72,0.0
20230628:2010,0.0,0.0,0.0,17.09,3.79,0.0
20230628:2110,0.0,0.0,0.0,16.65,4.0,0.0
20230628:2210,0.0,0.0,0.0,16.12,4.28,0.0
20230628:2310,0.0,0.0,0.0,15.56,4.28,0.0
20230629:0010,0.0,0.0,0.0,14.88,4.28,0.0
20230629:0110,0.0,0.0,0.0,14.19,4.14,0.0
20230629:0210,1.09,8.27,2.09,13.77,4.21,0.0
20230629:0310,1.49,9.1,10.37,13.63,3.93,0.0
20230629:0410,49.14,71.72,19.4,13.63,3.31,0.0
20230629:0510,43.61,65.45,28.83,14.39,3.17,0.0
20230629:0610,135.6,170.4,38.33,15.57,3.1,0.0
20230629:0710,299.48,354.92,47.46,16.43,3.45,0.0
20230629:0810,361.08,427.24,55.47,17.37,3.52,0.0
20230629:0910,443.24,524.5,61.1,17.84,3.52,0.0
20230629:1010,609.51,725.97,62.64,18.87,4.07,0.0
20230629:1110,365.3,432.6,59.44,17.6,3.66,0.0
20230629:1210,454.01,537.88,52.76,19.08,4.0,0.0
20230629:1310,286.56,344.07,44.24,19.41,4.14,0.0
20230629:1410,344.48,410.93,34.92,17.97,4.76,0.0
20230629:1510,184.15,245.45,25.39,18.48,5.17,0.0
20230629:1610,55.18,80.48,16.07,18.77,4.41,0.0
20230629:1710,5.07,15.71,7.28,18.66,4.07,0.0
20230629:1810,0.0,0.0,0.0,17.96,3.79,0.0
20230629:1910,0.0,0.0,0.0,16.72,4.14,0.0
20230629:2010,0.0,0.0,0.0,16.23,4.0,0.0
20230629:2110,0.0,0.0,0.0,15.94,3.45,0.0
20230629:2210,0.0,0.0,0.0,15.76,3.24,0.0
20230629:2310,0.0,0.0,0.0,15.87,3.52,0.0
20230630:0010,0.0,0.0,0.0,15.83,3.86,0.0
20230630:0110,0.0,0.0,0.0,15.75,4.21,0.0
20230630:0210,1.07,8.27,2.02,15.62,4.21,0.0
20230630:0310,21.04,38.04,10.3,15.92,4.21,0.0
20230630:0410,82.26,132.73,19.32,16.69,3.66,0.0
20230630:0510,208.33,257.72,28.76,17.85,5.93,0.0
20230630:0610,355.33,421.17,38.26,18.98,5.52,0.0
20230630:0710,633.48,749.87,47.38,20.36,5.24,0.0
20230630:0810,757.51,907.72,55.39,21.55,5.72,0.0
20230630:0910,804.8,972.9,61.03,22.6,6.07,0.0
20230630:1010,776.41,940.04,62.59,23.33,6.28,0.0
20230630:1110,0.0,0.0,0.0,23.64,6.21,0.0
20230630:1210,240.52,296.17,52.74,23.37,5.66,0.0
20230630:1310,54.21,80.69,44.23,23.52,5.38,0.0
20230630:1410,97.62,130.89,34.91,21.71,4.97,0.0
20230630:1510,78.49,108.48,25.38,20.92,3.72,0.0
20230630:1610,44.33,68.09,16.06,20.96,3.72,0.0
20230630:1710,20.5,38.04,7.26,20.72,3.86,0.0
20230630:1810,0.0,0.0,0.0,20.2,3.59,0.0
20230630:1910,0.0,0.0,0.0,19.6,3.03,0.0
20230630:2010,0.0,0.0,0.0,18.98,3.03,0.0
20230630:2110,0.0,0.0,0.0,18.52,2.83,0.0
20230630:2210,0.0,0.0,0.0,17.9,2.62,0.0
20230630:2310,0.0,0.0,0.0,17.5,2.76,0.0
20230701:0010,0.0,0.0,0.0,17.27,2.83,0.0
20230701:0110,0.0,0.0,0.0,16.91,2.76,0.0
20230701:0210,0.69,7.44,1.94,16.65,2.69,0.0
20230701:0310,11.73,25.63,10.22,16.78,2.48,0.0
20230701:0410,89.2,136.58,19.25,17.99,2.14,0.0
20230701:0510,250.17,321.61,28.68,19.61,2.21,0.0
20230701:0610,444.56,541.25,38.19,21.25,2.14,0.0
20230701:0710,606.04,741.3,47.31,22.85,2.69,0.0
20230701:0810,690.9,853.1,55.32,24.0,3.31,0.0
20230701:0910,694.49,862.73,60.96,24.76,3.45,0.0
20230701:1010,608.96,752.32,62.53,25.13,3.52,0.0
20230701:1110,369.74,454.44,59.37,25.43,3.59,0.0
20230701:1210,517.01,635.08,52.72,25.75,3.59,0.0
20230701:1310,403.6,495.29,44.21,25.57,3.31,0.0
20230701:1410,264.18,329.84,34.89,25.16,3.24,0.0
20230701:1510,134.8,178.52,25.37,23.98,2.69,0.0
20230701:1610,65.26,94.71,16.04,22.89,1.72,0.0
20230701:1710,9.12,22.32,7.24,22.23,0.28,0.0
20230701:1810,0.0,0.0,0.0,21.46,1.24,0.0
20230701:1910,0.0,0.0,0.0,20.12,2.0,0.0
20230701:2010,0.0,0.0,0.0,19.52,2.28,0.0
20230701:2110,0.0,0.0,0.0,19.19,2.28,0.0
20230701:2210,0.0,0.0,0.0,18.65,2.14,0.0
20230701:2310,0.0,0.0,0.0,18.36,2.14,0.0
20230702:0010,0.0,0.0,0.0,18.14,2.07,0.0
20230702:0110,0.0,0.0,0.0,17.74,1.86,0.0
20230702:0210,0.34,6.61,1.86,17.31,1.93,0.0
20230702:0310,1.44,9.1,10.14,17.48,1.66,0.0
20230702:0410,85.11,133.38,19.17,19.06,1.31,0.0
20230702:0510,122.46,160.35,28.6,20.89,1.17,0.0
20230702:0610,314.66,388.98,38.1,22.7,1.17,0.0
20230702:0710,569.5,708.74,47.22,24.17,1.59,0.0
20230702:0810,680.34,858.96,55.24,25.56,2.14,0.0
20230702:0910,747.5,952.46,60.88,26.33,2.55,0.0
20230702:1010,697.2,879.5,62.46,26.76,3.1,0.0
20230702:1110,545.41,677.27,59.32,26.95,3.38,0.0
20230702:1210,487.29,603.2,52.68,27.0,3.24,0.0
20230702:1310,341.54,423.9,44.18,26.65,2.76,0.0
20230702:1410,352.96,443.41,34.87,26.72,2.76,0.0
20230702:1510,148.1,198.43,25.35,26.63,2.9,0.0
20230702:1610,57.93,90.16,16.02,25.57,2.28,0.0
20230702:1710,20.05,38.04,7.21,24.69,2.14,0.0
20230702:1810,0.0,0.0,0.0,22.62,2.48,0.0
20230702:1910,0.0,0.0,0.0,21.12,1.86,0.0
20230702:2010,0.0,0.0,0.0,20.64,1.66,0.0
20230702:2110,0.0,0.0,0.0,20.11,1.79,0.0
20230702:2210,0.0,0.0,0.0,19.54,1.86,0.0
20230702:2310,0.0,0.0,0.0,19.14,1.86,0.0
20230703:0010,0.0,0.0,0.0,18.81,1.93,0.0
20230703:0110,0.0,0.0,0.0,18.88,1.93,0.0
20230703:0210,0.33,6.61,1.77,18.77,2.14,0.0
20230703:0310,1.42,9.1,10.06,19.04,2.28,0.0
20230703:0410,8.73,21.52,19.08,19.8,2.34,0.0
20230703:0510,25.73,44.83,28.52,20.49,2.9,0.0
20230703:0610,371.2,449.47,38.02,21.12,2.76,0.0
20230703:0710,333.49,405.14,47.14,21.05,2.0,0.0
20230703:0810,709.71,890.15,55.15,22.57,1.79,0.0
20230703:0910,635.37,797.08,60.79,23.95,1.86,0.0
20230703:1010,725.56,922.68,62.39,24.82,2.07,0.0
20230703:1110,672.53,846.61,59.26,25.61,2.48,0.0
20230703:1210,143.92,188.27,52.64,25.9,2.62,0.0
20230703:1310,520.01,644.28,44.15,26.03,2.48,0.0
20230703:1410,99.68,136.27,34.84,26.02,2.28,0.0
20230703:1510,171.33,233.74,25.32,25.75,2.07,0.0
20230703:1610,61.94,91.52,15.99,25.31,1.72,0.0
20230703:1710,0.63,7.44,7.17,24.25,1.59,0.0
20230703:1810,0.0,0.0,0.0,22.96,1.93,0.0
20230703:1910,0.0,0.0,0.0,22.16,2.34,0.0
20230703:2010,0.0,0.0,0.0,21.25,2.34,0.0
20230703:2110,0.0,0.0,0.0,20.45,2.14,0.0
20230703:2210,0.0,0.0,0.0,19.49,2.07,0.0
20230703:2310,0.0,0.0,0.0,18.89,1.93,0.0
20230704:0010,0.0,0.0,0.0,17.8,1.79,0.0
20230704:0110,0.0,0.0,0.0,16.69,1.66,0.0
20230704:0210,0.03,5.79,1.68,16.18,1.52,0.0
20230704:0310,35.39,56.23,9.97,16.67,1.17,0.0
20230704:0410,69.47,125.15,18.99,18.67,0.62,0.0
20230704:0510,253.79,334.23,28.43,21.25,0.62,0.0
20230704:0610,439.79,548.7,37.93,23.13,0.76,0.0
20230704:0710,597.51,761.7,47.05,23.95,0.41,0.0
20230704:0810,699.05,914.17,55.06,24.95,0.48,0.0
20230704:0910,746.58,992.32,60.7,25.82,0.55,0.0
20230704:1010,772.62,1038.32,62.31,26.49,0.55,0.0
20230704:1110,723.55,962.84,59.2,27.02,0.55,0.0
20230704:1210,651.26,854.2,52.6,27.32,0.48,0.0
20230704:1310,543.85,698.8,44.12,27.58,0.62,0.0
20230704:1410,376.15,482.53,34.81,27.58,0.9,0.0
20230704:1510,173.89,240.3,25.29,27.39,1.24,0.0
20230704:1610,51.69,84.62,15.95,26.94,1.52,0.0
20230704:1710,19.32,37.21,7.13,25.7,1.72,0.0
20230704:1810,0.0,0.0,0.0,24.06,2.21,0.0
20230704:1910,0.0,0.0,0.0,22.92,2.34,0.0
20230704:2010,0.0,0.0,0.0,21.99,2.41,0.0
20230704:2110,0.0,0.0,0.0,21.1,2.41,0.0
20230704:2210,0.0,0.0,0.0,20.38,2.55,0.0
20230704:2310,0.0,0.0,0.0,19.84,2.48,0.0
20230705:0010,0.0,0.0,0.0,19.37,2.41,0.0
20230705:0110,0.0,0.0,0.0,18.94,2.34,0.0
20230705:0210,0.0,4.96,1.59,18.49,2.21,0.0
20230705:0310,1.04,8.27,9.87,18.37,2.0,0.0
20230705:0410,8.13,20.62,18.9,19.81,1.59,0.0
20230705:0510,16.72,33.17,28.34,22.26,1.79,0.0
20230705:0610,76.25,107.58,37.84,24.2,1.93,0.0
20230705:0710,0.0,0.0,0.0,24.32,0.9,0.0
20230705:0810,324.17,406.44,54.96,25.98,1.17,0.0
20230705:0910,163.34,213.37,60.6,27.14,1.17,0.0
20230705:1010,234.28,300.59,62.22,27.68,0.69,0.0
20230705:1110,397.6,505.95,59.13,27.85,0.69,0.0
20230705:1210,590.48,757.58,52.55,27.75,1.17,0.0
20230705:1310,362.93,457.54,44.08,27.51,1.1,0.0
20230705:1410,368.28,469.28,34.77,27.25,1.31,0.0
20230705:1510,172.73,239.04,25.25,26.94,1.52,0.0
20230705:1610,62.28,95.2,15.91,26.37,1.59,0.0
20230705:1710,19.39,37.21,7.09,25.05,1.86,0.0
20230705:1810,0.0,0.0,0.0,23.83,2.14,0.0
20230705:1910,0.0,0.0,0.0,23.1,2.41,0.0
20230705:2010,0.0,0.0,0.0,22.52,2.41,0.0
20230705:2110,0.0,0.0,0.0,21.82,2.21,0.0
20230705:2210,0.0,0.0,0.0,21.35,2.14,0.0
20230705:2310,0.0,0.0,0.0,20.86,2.14,0.0
20230706:0010,0.0,0.0,0.0,20.38,2.28,0.0
20230706:0110,0.0,0.0,0.0,19.95,2.21,0.0
20230706:0210,0.0,4.96,1.48,19.62,2.0,0.0
20230706:0310,1.03,8.27,9.77,19.72,1.79,0.0
20230706:0410,8.08,20.62,18.8,20.8,1.66,0.0
20230706:0510,118.6,156.79,28.24,22.6,1.86,0.0
20230706:0610,362.05,447.72,37.74,24.38,2.0,0.0
20230706:0710,540.93,672.68,46.85,25.64,2.07,0.0
20230706:0810,674.59,857.19,54.85,27.32,2.28,0.0
20230706:0910,726.25,941.31,60.5,28.71,2.14,0.0
20230706:1010,729.99,952.49,62.13,29.62,2.14,0.0
20230706:1110,684.11,890.78,59.06,30.26,2.0,0.0
20230706:1210,647.15,843.64,52.49,30.94,1.66,0.0
20230706:1310,522.57,672.23,44.03,30.92,1.45,0.0
20230706:1410,334.82,433.29,34.73,30.49,1.17,0.0
20230706:1510,170.43,236.81,25.21,26.86,0.34,0.0
20230706:1610,29.16,50.21,15.86,25.19,0.62,0.0
20230706:1710,2.16,10.75,7.03,24.26,1.38,0.0
20230706:1810,0.0,0.0,0.0,23.54,0.62,0.0
20230706:1910,0.0,0.0,0.0,24.03,1.52,0.0
20230706:2010,0.0,0.0,0.0,22.94,1.24,0.0
20230706:2110,0.0,0.0,0.0,22.05,1.31,0.0
20230706:2210,0.0,0.0,0.0,21.4,1.31,0.0
20230706:2310,0.0,0.0,0.0,21.56,0.83,0.0
20230707:0010,0.0,0.0,0.0,20.83,2.07,0.0
20230707:0110,0.0,0.0,0.0,20.51,2.83,0.0
20230707:0210,0.0,4.13,1.38,20.26,2.28,0.0
20230707:0310,6.03,17.36,9.67,20.13,1.79,0.0
20230707:0410,8.11,20.62,18.7,20.29,2.34,0.0
20230707:0510,80.52,111.17,28.14,21.17,2.21,0.0
20230707:0610,285.9,353.35,37.64,22.5,1.38,0.0
20230707:0710,444.4,547.13,46.75,23.7,1.66,0.0
20230707:0810,421.62,522.28,54.75,24.42,1.52,0.0
20230707:0910,335.84,415.14,60.39,24.3,2.0,0.0
20230707:1010,505.87,616.03,62.03,23.14,3.24,0.0
20230707:1110,522.84,629.99,58.98,22.71,4.41,0.0
20230707:1210,370.3,445.44,52.43,22.38,4.76,0.0
20230707:1310,362.2,437.49,43.98,23.16,4.55,0.0
20230707:1410,22.61,41.24,34.68,23.52,4.07,0.0
20230707:1510,28.08,48.41,25.16,23.69,3.86,0.0
20230707:1610,25.35,44.83,15.81,23.42,3.59,0.0
20230707:1710,18.41,35.55,6.98,22.94,3.59,0.0
20230707:1810,0.0,0.0,0.0,22.23,3.72,0.0
20230707:1910,0.0,0.0,0.0,20.64,4.07,0.0
20230707:2010,0.0,0.0,0.0,20.26,4.0,0.0
20230707:2110,0.0,0.0,0.0,19.93,3.93,0.0
20230707:2210,0.0,0.0,0.0,19.67,4.21,0.0
20230707:2310,0.0,0.0,0.0,19.18,4.41,0.0
20230708:0010,0.0,0.0,0.0,18.77,4.55,0.0
20230708:0110,0.0,0.0,0.0,18.48,4.28,0.0
20230708:0210,0.0,0.0,0.0,18.08,4.21,0.0
20230708:0310,1.05,8.27,9.56,17.84,4.55,0.0
20230708:0410,8.24,20.62,18.59,17.76,4.97,0.0
20230708:0510,17.12,33.17,28.03,18.2,4.69,0.0
20230708:0610,47.97,71.72,37.53,18.68,5.1,0.0
20230708:0710,82.43,112.07,46.64,19.28,6.0,0.0
20230708:0810,119.18,154.2,54.63,19.46,4.83,0.0
20230708:0910,107.02,140.75,60.28,20.2,5.31,0.0
20230708:1010,120.66,156.89,61.92,21.14,5.52,0.0
20230708:1110,114.98,150.62,58.89,21.43,5.38,0.0
20230708:1210,129.68,167.65,52.36,21.75,5.38,0.0
20230708:1310,85.15,116.55,43.92,21.83,4.69,0.0
20230708:1410,77.28,107.58,34.63,22.42,5.45,0.0
20230708:1510,103.06,138.17,25.11,22.48,5.17,0.0
20230708:1610,26.23,45.72,15.75,22.17,4.97,0.0
20230708:1710,0.0,4.96,6.91,21.52,4.83,0.0
20230708:1810,0.0,0.0,0.0,20.84,4.83,0.0
20230708:1910,0.0,0.0,0.0,19.62,4.21,0.0
20230708:2010,0.0,0.0,0.0,19.28,4.41,0.0
20230708:2110,0.0,0.0,0.0,18.91,4.55,0.0
20230708:2210,0.0,0.0,0.0,18.47,4.41,0.0
20230708:2310,0.0,0.0,0.0,17.99,4.21,0.0
20230709:0010,0.0,0.0,0.0,17.67,4.34,0.0
20230709:0110,0.0,0.0,0.0,17.24,4.34,0.0
20230709:0210,0.0,0.0,0.0,16.89,4.28,0.0
20230709:0310,1.06,8.27,9.45,16.7,4.28,0.0
20230709:0410,74.31,125.09,18.48,17.15,4.07,0.0
20230709:0510,249.89,316.86,27.93,18.19,4.41,0.0
20230709:0610,415.47,493.47,37.42,19.53,4.9,0.0
20230709:0710,602.4,714.4,46.53,20.88,5.31,0.0
20230709:0810,724.74,871.22,54.52,21.95,5.38,0.0
20230709:0910,780.6,944.09,60.16,22.91,6.14,0.0
20230709:1010,767.58,929.68,61.81,23.34,6.28,0.0
20230709:1110,716.21,864.93,58.8,23.46,6.14,0.0
20230709:1210,674.88,811.51,52.28,23.01,5.59,0.0
20230709:1310,530.6,633.5,43.85,22.83,5.66,0.0
20230709:1410,397.92,483.19,34.57,22.84,5.86,0.0
20230709:1510,188.24,260.01,25.05,22.52,5.31,0.0
20230709:1610,51.03,82.86,15.69,22.11,4.41,0.0
20230709:1710,18.57,35.55,6.84,21.41,3.79,0.0
20230709:1810,0.0,0.0,0.0,20.5,3.38,0.0
20230709:1910,0.0,0.0,0.0,19.88,2.62,0.0
20230709:2010,0.0,0.0,0.0,18.88,2.55,0.0
20230709:2110,0.0,0.0,0.0,18.28,2.69,0.0
20230709:2210,0.0,0.0,0.0,17.79,2.9,0.0
20230709:2310,0.0,0.0,0.0,17.65,2.97,0.0
20230710:0010,0.0,0.0,0.0,17.17,3.03,0.0
20230710:0110,0.0,0.0,0.0,16.72,3.1,0.0
20230710:0210,0.0,0.0,0.0,16.33,3.1,0.0
20230710:0310,31.45,51.26,9.33,16.45,2.9,0.0
20230710:0410,62.9,118.13,18.37,17.27,2.69,0.0
20230710:0510,256.28,329.39,27.81,18.49,3.31,0.0
20230710:0610,458.25,549.08,37.31,19.72,3.38,0.0
20230710:0710,629.27,754.56,46.41,20.72,3.79,0.0
20230710:0810,731.68,886.79,54.39,21.69,4.28,0.0
20230710:0910,740.83,901.97,60.03,22.37,4.62,0.0
20230710:1010,726.41,881.51,61.69,22.69,5.17,0.0
20230710:1110,792.16,959.57,58.69,21.06,4.76,0.0
20230710:1210,468.99,560.76,52.2,21.99,4.9,0.0
20230710:1310,471.07,565.07,43.78,22.26,4.28,0.0
20230710:1410,23.5,42.14,34.5,21.88,4.62,0.0
20230710:1510,128.19,167.13,24.98,20.64,4.28,0.0
20230710:1610,67.69,98.01,15.62,19.83,3.03,0.0
20230710:1710,18.14,34.73,6.77,19.44,2.9,0.0
20230710:1810,0.0,0.0,0.0,18.48,2.62,0.0
20230710:1910,0.0,0.0,0.0,17.95,2.97,0.0
20230710:2010,0.0,0.0,0.0,17.36,2.97,0.0
20230710:2110,0.0,0.0,0.0,16.82,2.76,0.0
20230710:2210,0.0,0.0,0.0,16.41,2.62,0.0
20230710:2310,0.0,0.0,0.0,15.81,2.55,0.0
20230711:0010,0.0,0.0,0.0,15.38,2.62,0.0
20230711:0110,0.0,0.0,0.0,15.15,2.83,0.0
20230711:0210,0.0,0.0,0.0,14.83,2.83,0.0
20230711:0310,29.69,48.78,9.21,14.81,2.69,0.0
20230711:0410,63.11,117.82,18.25,15.58,2.9,0.0
20230711:0510,259.5,331.48,27.7,16.61,2.83,0.0
20230711:0610,312.12,373.14,37.2,17.83,2.97,0.0
20230711:0710,633.58,753.83,46.29,18.74,3.59,0.0
20230711:0810,666.29,799.65,54.27,19.44,3.66,0.0
20230711:0910,722.96,877.19,59.9,19.97,3.59,0.0
20230711:1010,732.41,892.11,61.56,20.55,3.66,0.0
20230711:1110,449.21,538.28,58.59,20.84,3.79,0.0
20230711:1210,539.9,646.36,52.11,20.7,3.79,0.0
20230711:1310,375.76,450.03,43.7,20.7,3.72,0.0
20230711:1410,309.0,375.07,34.43,20.76,3.79,0.0
20230711:1510,186.46,248.94,24.91,20.35,3.79,0.0
20230711:1610,52.2,83.39,15.55,19.74,3.59,0.0
20230711:1710,18.19,34.73,6.69,18.97,2.97,0.0
20230711:1810,0.0,0.0,0.0,17.99,2.48,0.0
20230711:1910,0.0,0.0,0.0,17.22,2.28,0.0
20230711:2010,0.0,0.0,0.0,16.37,2.28,0.0
20230711:2110,0.0,0.0,0.0,15.79,2.34,0.0
20230711:2210,0.0,0.0,0.0,15.44,2.14,0.0
20230711:2310,0.0,0.0,0.0,14.93,2.07,0.0
20230712:0010,0.0,0.0,0.0,14.6,2.07,0.0
20230712:0110,0.0,0.0,0.0,14.32,2.07,0.0
20230712:0210,0.0,0.0,0.0,14.39,2.07,0.0
20230712:0310,29.08,47.96,9.09,14.32,2.0,0.0
20230712:0410,65.24,117.94,18.13,15.22,2.0,0.0
20230712:0510,253.55,322.72,27.58,16.37,2.41,0.0
20230712:0610,459.72,547.86,37.08,17.46,2.62,0.0
20230712:0710,625.47,747.94,46.17,17.89,2.62,0.0
20230712:0810,690.15,833.48,54.14,18.96,3.03,0.0
20230712:0910,762.79,932.58,59.76,19.34,3.03,0.0
20230712:1010,707.26,862.53,61.43,19.33,2.83,0.0
20230712:1110,653.3,793.94,58.47,20.09,2.9,0.0
20230712:1210,504.77,610.23,52.01,20.21,2.21,0.0
20230712:1310,504.65,617.0,43.62,20.6,1.24,0.0
20230712:1410,353.05,437.3,34.35,21.04,0.76,0.0
20230712:1510,188.06,262.62,24.83,21.22,0.48,0.0
20230712:1610,61.41,93.31,15.47,21.1,0.48,0.0
20230712:1710,17.44,33.9,6.6,20.11,1.45,0.0
20230712:1810,0.0,0.0,0.0,19.31,1.86,0.0
20230712:1910,0.0,0.0,0.0,19.52,1.38,0.0
20230712:2010,0.0,0.0,0.0,18.83,1.86,0.0
20230712:2110,0.0,0.0,0.0,18.33,2.14,0.0
20230712:2210,0.0,0.0,0.0,18.25,2.34,0.0
20230712:2310,0.0,0.0,0.0,18.12,2.34,0.0
20230713:0010,0.0,0.0,0.0,18.24,2.21,0.0
20230713:0110,0.0,0.0,0.0,18.5,2.28,0.0
20230713:0210,0.0,0.0,0.0,18.78,2.34,0.0
20230713:0310,26.45,45.48,8.96,18.89,2.48,0.0
20230713:0410,85.13,127.11,18.01,19.2,2.83,0.0
20230713:0510,107.13,141.18,27.46,19.7,2.97,0.0
20230713:0610,272.62,331.93,36.95,20.75,3.03,0.0
20230713:0710,329.46,400.87,46.04,22.02,2.48,0.0
20230713:0810,488.84,594.56,54.0,22.86,2.9,0.0
20230713:0910,427.78,521.04,59.61,23.73,3.38,0.0
20230713:1010,200.88,253.16,61.29,24.42,3.38,0.0
20230713:1110,729.65,908.68,58.35,24.74,3.38,0.0
20230713:1210,654.5,807.58,51.91,25.22,3.52,0.0
20230713:1310,202.3,256.23,43.53,25.78,3.24,0.0
20230713:1410,316.07,395.66,34.27,26.25,2.76,0.0
20230713:1510,177.44,249.37,24.75,26.51,2.34,0.0
20230713:1610,43.1,75.33,15.38,26.17,1.59,0.0
20230713:1710,7.37,19.84,6.5,25.4,1.24,0.0
20230713:1810,0.0,0.0,0.0,24.07,1.45,0.0
20230713:1910,0.0,0.0,0.0,25.11,0.55,0.0
20230713:2010,0.0,0.0,0.0,24.07,0.69,0.0
20230713:2110,0.0,0.0,0.0,21.71,1.31,0.0
20230713:2210,0.0,0.0,0.0,20.65,1.79,0.0
20230713:2310,0.0,0.0,0.0,20.37,2.14,0.0
20230714:0010,0.0,0.0,0.0,20.14,2.55,0.0
20230714:0110,0.0,0.0,0.0,20.1,2.62,0.0
20230714:0210,0.0,0.0,0.0,19.88,2.69,0.0
20230714:0310,0.66,7.44,8.83,19.91,3.1,0.0
20230714:0410,7.54,19.72,17.88,20.1,3.38,0.0
20230714:0510,16.23,32.27,27.33,20.53,3.03,0.0
20230714:0610,38.61,60.96,36.82,20.55,3.52,0.0
20230714:0710,158.04,200.15,45.91,21.37,4.0,0.0
20230714:0810,228.69,281.94,53.86,22.44,4.76,0.0
20230714:0910,469.87,565.4,59.47,23.44,5.31,0.0
20230714:1010,807.55,983.68,61.14,23.71,5.93,0.0
20230714:1110,775.7,944.89,58.22,24.24,5.79,0.0
20230714:1210,492.33,592.8,51.8,24.15,5.45,0.0
20230714:1310,189.82,239.04,43.44,24.51,5.59,0.0
20230714:1410,248.1,307.55,34.18,24.64,5.59,0.0
20230714:1510,172.92,231.84,24.66,24.03,5.1,0.0
20230714:1610,43.93,75.39,15.29,23.24,4.14,0.0
20230714:1710,17.25,33.9,6.4,22.39,3.45,0.0
20230714:1810,0.0,0.0,0.0,21.35,2.97,0.0
20230714:1910,0.0,0.0,0.0,20.68,2.55,0.0
20230714:2010,0.0,0.0,0.0,20.01,2.34,0.0
20230714:2110,0.0,0.0,0.0,19.19,2.41,0.0
20230714:2210,0.0,0.0,0.0,18.7,2.55,0.0
20230714:2310,0.0,0.0,0.0,18.37,2.69,0.0
20230715:0010,0.0,0.0,0.0,17.94,2.76,0.0
20230715:0110,0.0,0.0,0.0,17.43,2.69,0.0
20230715:0210,0.0,0.0,0.0,16.91,2.69,0.0
20230715:0310,0.69,7.44,8.69,16.77,2.55,0.0
20230715:0410,66.59,94.09,17.75,17.72,2.34,0.0
20230715:0510,227.38,289.13,27.2,19.24,2.9,0.0
20230715:0610,419.67,506.74,36.69,20.75,2.9,0.0
20230715:0710,596.49,720.49,45.77,21.71,3.31,0.0
20230715:0810,733.23,902.05,53.71,22.96,3.52,0.0
20230715:0910,770.84,952.43,59.31,23.52,4.0,0.0
20230715:1010,707.91,869.9,60.99,23.51,4.07,0.0
20230715:1110,519.97,630.99,58.09,23.6,4.07,0.0
20230715:1210,673.92,825.31,51.69,23.95,3.86,0.0
20230715:1310,516.08,627.42,43.33,24.17,3.66,0.0
20230715:1410,329.56,406.66,34.09,24.47,3.79,0.0
20230715:1510,185.91,260.06,24.56,24.13,3.45,0.0
20230715:1610,57.84,89.98,15.19,23.73,2.69,0.0
20230715:1710,15.41,31.42,6.3,22.64,2.07,0.0
20230715:1810,0.0,0.0,0.0,21.28,2.0,0.0
20230715:1910,0.0,0.0,0.0,20.27,2.28,0.0
20230715:2010,0.0,0.0,0.0,19.12,1.86,0.0
20230715:2110,0.0,0.0,0.0,17.99,1.45,0.0
20230715:2210,0.0,0.0,0.0,17.8,1.31,0.0
20230715:2310,0.0,0.0,0.0,16.44,1.66,0.0
20230716:0010,0.0,0.0,0.0,15.61,1.79,0.0
20230716:0110,0.0,0.0,0.0,14.91,1.93,0.0
20230716:0210,0.0,0.0,0.0,14.52,2.0,0.0
20230716:0310,12.46,26.46,8.55,14.6,1.86,0.0
20230716:0410,70.39,119.01,17.61,17.12,1.31,0.0
20230716:0510,240.42,314.37,27.07,20.44,1.31,0.0
20230716:0610,432.22,532.27,36.56,22.21,1.45,0.0
20230716:0710,593.66,740.45,45.63,23.24,1.31,0.0
20230716:0810,706.31,901.74,53.56,24.58,1.45,0.0
20230716:0910,725.84,933.82,59.15,25.55,1.66,0.0
20230716:1010,778.13,1002.68,60.83,26.38,2.28,0.0
20230716:1110,760.88,974.47,57.95,26.84,2.55,0.0
20230716:1210,670.91,850.77,51.57,26.64,2.14,0.0
20230716:1310,517.23,650.06,43.23,26.79,1.59,0.0
20230716:1410,354.49,451.29,33.98,27.05,1.03,0.0
20230716:1510,181.17,260.47,24.46,26.97,0.41,0.0
20230716:1610,40.82,73.41,15.08,26.76,0.21,0.0
20230716:1710,15.76,32.25,6.19,25.25,0.48,0.0
20230716:1810,0.0,0.0,0.0,23.16,1.1,0.0
20230716:1910,0.0,0.0,0.0,21.65,1.24,0.0
20230716:2010,0.0,0.0,0.0,21.41,1.03,0.0
20230716:2110,0.0,0.0,0.0,21.65,0.69,0.0
20230716:2210,0.0,0.0,0.0,21.14,0.07,0.0
20230716:2310,0.0,0.0,0.0,20.44,0.28,0.0
20230717:0010,0.0,0.0,0.0,19.73,0.41,0.0
20230717:0110,0.0,0.0,0.0,19.21,0.28,0.0
20230717:0210,0.0,0.0,0.0,18.76,0.21,0.0
20230717:0310,0.33,6.61,8.41,18.44,0.34,0.0
20230717:0410,52.23,77.33,17.48,18.8,0.28,0.0
20230717:0510,221.54,290.62,26.93,21.82,0.41,0.0
20230717:0610,382.48,478.21,36.42,24.23,0.76,0.0
20230717:0710,433.08,546.87,45.49,25.62,0.34,0.0
20230717:0810,605.54,787.36,53.41,27.09,0.48,0.0
20230717:0910,513.05,664.29,58.99,28.26,0.41,0.0
20230717:1010,615.95,819.5,60.67,28.97,0.21,0.0
20230717:1110,563.58,747.47,57.8,29.79,0.07,0.0
20230717:1210,230.49,300.31,51.44,30.2,0.21,0.0
20230717:1310,516.38,674.39,43.11,30.43,0.34,0.0
20230717:1410,363.18,472.37,33.88,30.34,0.69,0.0
20230717:1510,174.3,253.19,24.36,30.24,0.9,0.0
20230717:1610,56.3,86.35,14.97,29.43,1.1,0.0
20230717:1710,12.66,28.11,6.07,28.05,1.24,0.0
20230717:1810,0.0,0.0,0.0,26.47,1.66,0.0
20230717:1910,0.0,0.0,0.0,24.83,1.52,0.0
20230717:2010,0.0,0.0,0.0,23.69,1.59,0.0
20230717:2110,0.0,0.0,0.0,22.85,1.72,0.0
20230717:2210,0.0,0.0,0.0,22.22,1.93,0.0
20230717:2310,0.0,0.0,0.0,21.88,2.14,0.0
20230718:0010,0.0,0.0,0.0,21.66,2.28,0.0
20230718:0110,0.0,0.0,0.0,21.6,2.41,0.0
20230718:0210,0.0,0.0,0.0,21.44,2.41,0.0
20230718:0310,0.32,6.61,8.26,21.0,1.86,0.0
20230718:0410,6.93,18.83,17.33,20.71,0.48,0.0
20230718:0510,22.82,41.24,26.79,21.43,1.45,0.0
20230718:0610,139.58,180.52,36.28,22.45,2.21,0.0
20230718:0710,378.47,463.14,45.34,23.87,2.48,0.0
20230718:0810,207.49,260.39,53.25,23.9,3.1,0.0
20230718:0910,149.7,192.75,58.82,23.4,2.97,0.0
20230718:1010,794.69,989.53,60.5,24.05,3.79,0.0
20230718:1110,203.02,256.2,57.65,25.52,4.48,0.0
20230718:1210,660.33,809.45,51.31,26.97,5.45,0.0
20230718:1310,480.04,584.38,42.99,27.53,6.34,0.0
20230718:1410,251.56,313.88,33.76,26.75,6.76,0.0
20230718:1510,182.75,256.04,24.25,25.36,5.72,0.0
20230718:1610,40.83,72.17,14.86,24.41,4.76,0.0
20230718:1710,14.78,30.59,5.95,23.35,4.21,0.0
20230718:1810,0.0,0.0,0.0,22.21,3.93,0.0
20230718:1910,0.0,0.0,0.0,21.4,3.59,0.0
20230718:2010,0.0,0.0,0.0,20.4,3.1,0.0
20230718:2110,0.0,0.0,0.0,19.51,2.76,0.0
20230718:2210,0.0,0.0,0.0,18.68,2.55,0.0
20230718:2310,0.0,0.0,0.0,17.9,2.28,0.0
20230719:0010,0.0,0.0,0.0,17.2,2.21,0.0
20230719:0110,0.0,0.0,0.0,16.67,2.28,0.0
20230719:0210,0.0,0.0,0.0,16.24,2.28,0.0
20230719:0310,24.85,43.0,8.11,16.21,2.14,0.0
20230719:0410,61.39,112.11,17.19,17.4,1.93,0.0
20230719:0510,243.13,315.04,26.65,19.12,2.28,0.0
20230719:0610,439.0,531.69,36.14,20.46,2.34,0.0
20230719:0710,561.92,680.55,45.19,21.39,2.69,0.0
20230719:0810,415.15,501.88,53.09,22.37,3.38,0.0
20230719:0910,678.15,831.48,58.64,22.92,3.66,0.0
20230719:1010,510.94,621.16,60.32,23.41,3.72,0.0
20230719:1110,420.76,511.93,57.49,23.58,3.45,0.0
20230719:1210,484.33,591.28,51.17,23.78,2.97,0.0
20230719:1310,344.3,421.85,42.87,23.73,2.48,0.0
20230719:1410,257.18,319.97,33.65,23.35,2.14,0.0
20230719:1510,176.72,238.52,24.13,22.99,1.66,0.0
20230719:1610,37.67,68.68,14.74,22.66,1.38,0.0
20230719:1710,14.89,30.59,5.82,21.75,1.17,0.0
20230719:1810,0.0,0.0,0.0,20.42,0.97,0.0
20230719:1910,0.0,0.0,0.0,18.78,1.24,0.0
20230719:2010,0.0,0.0,0.0,19.58,0.76,0.0
20230719:2110,0.0,0.0,0.0,17.34,1.31,0.0
20230719:2210,0.0,0.0,0.0,15.71,1.72,0.0
20230719:2310,0.0,0.0,0.0,15.2,1.72,0.0
20230720:0010,0.0,0.0,0.0,14.99,1.72,0.0
20230720:0110,0.0,0.0,0.0,14.75,1.72,0.0
20230720:0210,0.0,0.0,0.0,14.58,1.79,0.0
20230720:0310,4.68,14.88,7.96,15.06,1.93,0.0
20230720:0410,66.89,113.85,17.04,16.86,1.86,0.0
20230720:0510,239.65,310.28,26.51,18.72,2.07,0.0
20230720:0610,433.66,523.65,35.99,19.34,2.0,0.0
20230720:0710,590.29,727.44,45.04,21.91,1.59,0.0
20230720:0810,703.69,887.3,52.92,23.44,1.72,0.0
20230720:0910,739.48,942.6,58.46,24.57,1.93,0.0
20230720:1010,713.18,911.4,60.14,25.5,1.93,0.0
20230720:1110,720.66,925.92,57.32,26.13,1.79,0.0
20230720:1210,652.85,832.84,51.02,26.36,1.52,0.0
20230720:1310,527.06,660.78,42.74,26.62,1.72,0.0
20230720:1410,327.73,412.36,33.52,26.69,2.14,0.0
20230720:1510,33.2,55.58,24.0,26.38,2.21,0.0
20230720:1610,4.58,15.24,14.61,25.55,2.0,0.0
20230720:1710,12.4,27.29,5.68,23.8,2.0,0.0
20230720:1810,0.0,0.0,0.0,22.23,1.93,0.0
20230720:1910,0.0,0.0,0.0,19.73,1.79,0.0
20230720:2010,0.0,0.0,0.0,18.56,1.93,0.0
20230720:2110,0.0,0.0,0.0,17.74,2.34,0.0
20230720:2210,0.0,0.0,0.0,17.44,2.69,0.0
20230720:2310,0.0,0.0,0.0,16.95,3.03,0.0
20230721:0010,0.0,0.0,0.0,16.51,3.24,0.0
20230721:0110,0.0,0.0,0.0,16.11,3.38,0.0
20230721:0210,0.0,0.0,0.0,15.72,3.31,0.0
20230721:0310,0.35,6.61,7.8,15.51,3.24,0.0
20230721:0410,33.61,53.79,16.89,16.03,4.0,0.0
20230721:0510,180.25,224.75,26.36,16.9,4.55,0.0
20230721:0610,244.86,295.07,35.84,18.17,4.28,0.0
20230721:0710,449.17,528.69,44.88,18.51,4.41,0.0
20230721:0810,664.37,791.98,52.75,19.43,4.34,0.0
20230721:0910,765.79,929.51,58.28,20.39,4.07,0.0
20230721:1010,726.96,887.04,59.95,21.19,3.72,0.0
20230721:1110,500.8,604.55,57.15,22.24,3.72,0.0
20230721:1210,362.45,439.04,50.87,22.58,3.52,0.0
20230721:1310,332.24,403.72,42.6,23.14,3.72,0.0
20230721:1410,340.66,418.23,33.39,23.23,3.45,0.0
20230721:1510,179.59,244.52,23.87,23.27,2.97,0.0
20230721:1610,48.29,79.21,14.47,22.96,2.34,0.0
20230721:1710,12.53,27.29,5.54,22.01,1.52,0.0
20230721:1810,0.0,0.0,0.0,20.33,1.45,0.0
20230721:1910,0.0,0.0,0.0,19.13,1.52,0.0
20230721:2010,0.0,0.0,0.0,17.94,1.45,0.0
20230721:2110,0.0,0.0,0.0,17.45,1.31,0.0
20230721:2210,0.0,0.0,0.0,18.54,0.9,0.0
20230721:2310,0.0,0.0,0.0,18.34,0.21,0.0
20230722:0010,0.0,0.0,0.0,17.95,0.55,0.0
20230722:0110,0.0,0.0,0.0,16.03,1.17,0.0
20230722:0210,0.0,0.0,0.0,15.6,1.52,0.0
20230722:0310,0.03,5.79,7.65,16.09,1.72,0.0
20230722:0410,16.5,32.27,16.74,17.39,1.86,0.0
20230722:0510,15.05,30.48,26.21,18.95,2.07,0.0
20230722:0610,40.92,63.65,35.69,19.8,2.14,0.0
20230722:0710,59.49,85.17,44.72,17.78,2.55,0.0
20230722:0810,95.92,127.31,52.58,17.96,2.41,0.0
20230722:0910,77.91,106.69,58.08,18.11,2.55,0.0
20230722:1010,77.91,106.69,59.76,18.16,2.76,0.0
20230722:1110,67.09,94.14,56.97,18.36,3.79,0.0
20230722:1210,42.09,64.55,50.71,18.11,4.14,0.0
20230722:1310,31.8,52.0,42.46,18.1,4.21,0.0
20230722:1410,36.91,58.27,33.25,18.1,4.07,0.0
20230722:1510,27.5,46.62,23.74,17.97,3.24,0.0
20230722:1610,23.22,41.24,14.34,18.29,1.86,0.0
20230722:1710,9.34,22.32,5.39,18.12,0.0,0.0
20230722:1810,0.0,0.0,0.0,17.71,1.59,0.0
20230722:1910,0.0,0.0,0.0,17.49,0.48,0.0
20230722:2010,0.0,0.0,0.0,17.47,0.97,0.0
20230722:2110,0.0,0.0,0.0,17.37,2.14,0.0
20230722:2210,0.0,0.0,0.0,17.14,2.76,0.0
20230722:2310,0.0,0.0,0.0,16.88,2.83,0.0
20230723:0010,0.0,0.0,0.0,16.5,2.69,0.0
20230723:0110,0.0,0.0,0.0,15.81,2.55,0.0
20230723:0210,0.0,0.0,0.0,15.31,2.62,0.0
20230723:0310,0.04,5.79,7.48,15.27,2.41,0.0
20230723:0410,81.19,116.81,16.58,15.98,2.62,0.0
20230723:0510,177.57,222.69,26.05,17.33,3.38,0.0
20230723:0610,244.42,295.72,35.53,18.59,3.59,0.0
20230723:0710,417.76,495.8,44.55,18.68,3.17,0.0
20230723:0810,608.62,728.62,52.4,19.69,3.59,0.0
20230723:0910,763.16,928.14,57.89,20.69,4.0,0.0
20230723:1010,805.27,988.36,59.56,21.19,3.86,0.0
20230723:1110,331.06,400.88,56.78,22.14,4.0,0.0
20230723:1210,213.15,264.67,50.54,22.47,3.79,0.0
20230723:1310,547.73,661.24,42.31,22.59,3.59,0.0
20230723:1410,389.13,476.72,33.11,22.51,3.24,0.0
20230723:1510,183.99,255.22,23.6,22.42,3.17,0.0
20230723:1610,38.51,68.51,14.19,21.94,2.69,0.0
20230723:1710,12.02,26.46,5.24,20.99,2.0,0.0
20230723:1810,0.0,0.0,0.0,19.88,1.66,0.0
20230723:1910,0.0,0.0,0.0,18.17,1.59,0.0
20230723:2010,0.0,0.0,0.0,17.34,1.17,0.0
20230723:2110,0.0,0.0,0.0,17.48,0.97,0.0
20230723:2210,0.0,0.0,0.0,15.14,1.59,0.0
20230723:2310,0.0,0.0,0.0,14.33,1.93,0.0
20230724:0010,0.0,0.0,0.0,14.22,2.14,0.0
20230724:0110,0.0,0.0,0.0,14.21,2.21,0.0
20230724:0210,0.0,0.0,0.0,14.31,2.34,0.0
20230724:0310,0.04,5.79,7.32,14.99,2.48,0.0
20230724:0410,77.48,115.61,16.42,16.6,2.48,0.0
20230724:0510,226.86,291.02,25.9,18.66,2.55,0.0
20230724:0610,423.15,510.07,35.37,20.83,3.17,0.0
20230724:0710,594.75,718.39,44.39,21.89,3.31,0.0
20230724:0810,715.45,878.26,52.21,23.72,3.86,0.0
20230724:0910,813.48,1012.11,57.69,24.94,4.41,0.0
20230724:1010,814.92,1019.61,59.35,25.65,4.34,0.0
20230724:1110,735.17,915.71,56.59,26.45,4.28,0.0
20230724:1210,592.47,730.61,50.37,26.83,4.14,0.0
20230724:1310,470.07,577.2,42.15,27.08,4.14,0.0
20230724:1410,371.03,463.0,32.96,27.2,4.07,0.0
20230724:1510,179.38,255.12,23.45,26.93,3.31,0.0
20230724:1610,34.09,64.34,14.04,25.85,2.9,0.0
20230724:1710,10.66,24.81,5.08,24.57,2.9,0.0
20230724:1810,0.0,0.0,0.0,23.49,2.97,0.0
20230724:1910,0.0,0.0,0.0,22.61,3.1,0.0
20230724:2010,0.0,0.0,0.0,22.03,3.24,0.0
20230724:2110,0.0,0.0,0.0,21.56,3.31,0.0
20230724:2210,0.0,0.0,0.0,20.98,3.31,0.0
20230724:2310,0.0,0.0,0.0,20.47,3.24,0.0
20230725:0010,0.0,0.0,0.0,20.16,3.17,0.0
20230725:0110,0.0,0.0,0.0,19.97,3.24,0.0
20230725:0210,0.0,0.0,0.0,19.65,3.38,0.0
20230725:0310,0.01,5.79,7.15,19.57,3.31,0.0
20230725:0410,75.34,113.62,16.26,20.07,3.17,0.0
20230725:0510,221.54,287.87,25.74,21.54,3.1,0.0
20230725:0610,359.92,438.93,35.21,23.35,3.45,0.0
20230725:0710,426.64,521.06,44.21,24.95,3.31,0.0
20230725:0810,408.72,503.58,52.03,26.5,3.45,0.0
20230725:0910,672.91,842.86,57.48,27.94,4.0,0.0
20230725:1010,606.83,757.22,59.14,29.06,4.62,0.0
20230725:1110,715.89,900.52,56.39,29.55,4.76,0.0
20230725:1210,169.15,220.87,50.2,29.88,4.69,0.0
20230725:1310,448.78,558.56,41.99,30.1,4.34,0.0
20230725:1410,374.38,474.28,32.81,29.8,3.66,0.0
20230725:1510,171.91,245.58,23.3,29.23,3.24,0.0
20230725:1610,41.97,72.21,13.88,25.85,2.69,0.0
20230725:1710,11.18,25.63,4.92,25.04,0.41,0.0
20230725:1810,0.0,0.0,0.0,24.13,2.0,0.0
20230725:1910,0.0,0.0,0.0,25.11,3.24,0.0
20230725:2010,0.0,0.0,0.0,24.71,3.45,0.0
20230725:2110,0.0,0.0,0.0,24.11,3.1,0.0
20230725:2210,0.0,0.0,0.0,23.35,2.83,0.0
20230725:2310,0.0,0.0,0.0,22.62,2.83,0.0
20230726:0010,0.0,0.0,0.0,22.32,2.83,0.0
20230726:0110,0.0,0.0,0.0,22.29,2.76,0.0
20230726:0210,0.0,0.0,0.0,22.29,3.31,0.0
20230726:0310,19.66,37.21,6.98,22.76,4.34,0.0
20230726:0410,60.53,107.17,16.1,23.46,4.28,0.0
20230726:0510,161.05,209.9,25.58,24.41,3.72,0.0
20230726:0610,394.01,480.59,35.05,25.19,5.03,0.0
20230726:0710,523.54,631.24,44.04,24.22,4.83,0.0
20230726:0810,637.55,774.27,51.84,24.74,5.1,0.0
20230726:0910,125.3,164.96,57.28,24.73,4.48,0.0
20230726:1010,228.25,285.32,58.93,24.87,3.86,0.0
20230726:1110,694.51,860.48,56.19,24.84,3.59,0.0
20230726:1210,172.0,219.98,50.01,24.85,3.1,0.0
20230726:1310,519.62,639.02,41.82,24.47,2.34,0.0
20230726:1410,362.87,452.43,32.65,24.23,1.79,0.0
20230726:1510,172.14,237.74,23.14,23.74,1.66,0.0
20230726:1610,43.63,73.1,13.72,23.16,1.66,0.0
20230726:1710,2.62,11.58,4.75,22.5,1.59,0.0
20230726:1810,0.0,0.0,0.0,21.88,1.31,0.0
20230726:1910,0.0,0.0,0.0,20.62,0.76,0.0
20230726:2010,0.0,0.0,0.0,20.11,0.34,0.0
20230726:2110,0.0,0.0,0.0,20.18,0.76,0.0
20230726:2210,0.0,0.0,0.0,19.97,0.9,0.0
20230726:2310,0.0,0.0,0.0,19.85,0.69,0.0
20230727:0010,0.0,0.0,0.0,19.74,0.28,0.0
20230727:0110,0.0,0.0,0.0,19.65,0.97,0.0
20230727:0210,0.0,0.0,0.0,19.58,1.24,0.0
20230727:0310,0.0,4.96,6.81,19.44,1.52,0.0
20230727:0410,5.85,17.03,15.93,19.6,1.45,0.0
20230727:0510,14.3,29.59,25.41,20.11,1.17,0.0
20230727:0610,50.27,75.31,34.88,20.62,0.97,0.0
20230727:0710,94.65,127.31,43.86,20.19,1.31,0.0
20230727:0810,150.88,191.86,51.64,20.25,2.07,0.0
20230727:0910,366.37,442.17,57.06,20.91,2.83,0.0
20230727:1010,636.41,772.85,58.7,22.56,4.07,0.0
20230727:1110,327.54,398.38,55.98,23.4,4.34,0.0
20230727:1210,426.64,516.61,49.82,23.71,3.93,0.0
20230727:1310,359.44,436.09,41.65,23.9,4.14,0.0
20230727:1410,101.46,136.27,32.48,23.29,4.76,0.0
20230727:1510,147.24,194.65,22.98,22.38,4.55,0.0
20230727:1610,44.49,73.18,13.55,21.63,3.93,0.0
20230727:1710,0.32,6.61,4.57,20.69,4.0,0.0
20230727:1810,0.0,0.0,0.0,19.84,4.48,0.0
20230727:1910,0.0,0.0,0.0,17.95,4.55,0.0
20230727:2010,0.0,0.0,0.0,17.59,4.41,0.0
20230727:2110,0.0,0.0,0.0,17.21,4.76,0.0
20230727:2210,0.0,0.0,0.0,16.72,4.76,0.0
20230727:2310,0.0,0.0,0.0,16.29,4.97,0.0
20230728:0010,0.0,0.0,0.0,15.94,5.17,0.0
20230728:0110,0.0,0.0,0.0,15.6,4.97,0.0
20230728:0210,0.0,0.0,0.0,15.32,4.69,0.0
20230728:0310,0.0,4.96,6.63,15.22,4.69,0.0
20230728:0410,6.01,17.03,15.76,15.29,4.34,0.0
20230728:0510,31.48,51.1,25.25,15.68,4.69,0.0
20230728:0610,252.3,301.09,34.71,16.81,4.9,0.0
20230728:0710,624.34,726.92,43.68,18.16,6.14,0.0
20230728:0810,743.42,879.16,51.44,19.51,6.0,0.0
20230728:0910,670.5,798.52,56.84,20.51,5.59,0.0
20230728:1010,741.68,892.28,58.48,21.38,5.52,0.0
20230728:1110,814.43,985.94,55.77,22.19,5.72,0.0
20230728:1210,727.85,874.95,49.63,22.58,5.66,0.0
20230728:1310,563.09,671.81,41.47,22.74,5.52,0.0
20230728:1410,353.28,429.44,32.31,22.64,5.03,0.0
20230728:1510,175.47,237.94,22.81,22.14,3.79,0.0
20230728:1610,32.27,60.35,13.38,21.72,2.76,0.0
20230728:1710,9.22,22.32,4.39,20.64,1.79,0.0
20230728:1810,0.0,0.0,0.0,18.89,1.45,0.0
20230728:1910,0.0,0.0,0.0,18.22,1.17,0.0
20230728:2010,0.0,0.0,0.0,18.83,0.9,0.0
20230728:2110,0.0,0.0,0.0,16.53,1.38,0.0
20230728:2210,0.0,0.0,0.0,15.42,1.79,0.0
20230728:2310,0.0,0.0,0.0,15.48,1.72,0.0
20230729:0010,0.0,0.0,0.0,15.94,1.72,0.0
20230729:0110,0.0,0.0,0.0,16.57,2.28,0.0
20230729:0210,0.0,0.0,0.0,16.93,2.41,0.0
20230729:0310,0.0,4.96,6.45,17.13,2.28,0.0
20230729:0410,7.65,19.72,15.59,17.6,2.14,0.0
20230729:0510,236.82,307.15,25.08,18.66,2.55,0.0
20230729:0610,296.11,358.08,34.54,19.94,2.9,0.0
20230729:0710,579.63,695.32,43.5,20.89,3.45,0.0
20230729:0810,653.47,793.91,51.24,21.39,3.24,0.0
20230729:0910,679.44,831.24,56.62,22.05,3.38,0.0
20230729:1010,529.92,644.63,58.24,22.67,3.17,0.0
20230729:1110,603.53,741.44,55.54,23.66,3.1,0.0
20230729:1210,439.7,536.02,49.43,24.02,3.1,0.0
20230729:1310,434.85,528.77,41.28,23.96,3.24,0.0
20230729:1410,289.33,356.98,32.14,23.59,3.38,0.0
20230729:1510,172.34,235.33,22.63,23.37,3.45,0.0
20230729:1610,32.11,60.06,13.2,23.01,2.62,0.0
20230729:1710,8.05,20.67,4.2,22.16,2.14,0.0
20230729:1810,0.0,0.0,0.0,20.93,1.86,0.0
20230729:1910,0.0,0.0,0.0,19.92,1.93,0.0
20230729:2010,0.0,0.0,0.0,18.77,1.79,0.0
20230729:2110,0.0,0.0,0.0,17.85,1.66,0.0
20230729:2210,0.0,0.0,0.0,17.23,1.66,0.0
20230729:2310,0.0,0.0,0.0,17.04,1.45,0.0
20230730:0010,0.0,0.0,0.0,17.53,1.1,0.0
20230730:0110,0.0,0.0,0.0,18.51,0.69,0.0
20230730:0210,0.0,0.0,0.0,18.07,0.48,0.0
20230730:0310,13.41,28.11,6.27,17.78,0.55,0.0
20230730:0410,54.83,101.35,15.42,17.94,0.48,0.0
20230730:0510,229.28,301.55,24.9,20.06,0.9,0.0
20230730:0610,416.53,510.59,34.36,21.54,1.45,0.0
20230730:0710,577.87,710.42,43.31,22.13,1.72,0.0
20230730:0810,706.65,890.67,51.04,23.31,1.72,0.0
20230730:0910,186.47,237.08,56.39,23.98,1.72,0.0
20230730:1010,92.74,127.31,58.01,24.46,1.72,0.0
20230730:1110,433.76,534.28,55.32,23.68,1.79,0.0
20230730:1210,381.67,468.35,49.22,23.65,2.0,0.0
20230730:1310,60.63,88.76,41.09,23.95,2.41,0.0
20230730:1410,54.82,81.58,31.95,23.45,2.34,0.0
20230730:1510,129.47,172.82,22.45,23.17,2.55,0.0
20230730:1610,49.56,77.67,13.02,22.46,2.34,0.0
20230730:1710,7.01,19.02,4.01,21.64,1.93,0.0
20230730:1810,0.0,0.0,0.0,20.7,1.86,0.0
20230730:1910,0.0,0.0,0.0,20.91,1.72,0.0
20230730:2010,0.0,0.0,0.0,20.36,1.66,0.0
20230730:2110,0.0,0.0,0.0,19.94,1.52,0.0
20230730:2210,0.0,0.0,0.0,19.37,1.59,0.0
20230730:2310,0.0,0.0,0.0,18.98,1.79,0.0
20230731:0010,0.0,0.0,0.0,18.83,2.0,0.0
20230731:0110,0.0,0.0,0.0,18.57,2.14,0.0
20230731:0210,0.0,0.0,0.0,18.31,1.93,0.0
20230731:0310,0.0,4.13,6.09,18.34,1.72,0.0
20230731:0410,5.33,16.14,15.24,18.73,2.41,0.0
20230731:0510,23.04,41.24,24.73,19.76,2.34,0.0
20230731:0610,68.36,96.82,34.18,20.98,2.21,0.0
20230731:0710,104.43,138.06,43.12,19.6,2.07,0.0
20230731:0810,359.38,434.92,50.83,20.48,1.93,0.0
20230731:0910,266.62,327.95,56.16,21.67,1.93,0.0
20230731:1010,206.69,259.93,57.76,22.81,1.38,0.0
20230731:1110,270.97,336.8,55.09,23.5,1.45,0.0
20230731:1210,428.52,529.93,49.01,24.36,1.52,0.0
20230731:1310,204.91,259.35,40.89,24.42,1.38,0.0
20230731:1410,133.65,175.57,31.76,24.32,1.31,0.0
20230731:1510,70.02,100.22,22.26,23.81,1.17,0.0
20230731:1610,12.8,27.79,12.83,23.18,1.38,0.0
20230731:1710,3.07,12.4,3.81,22.22,1.45,0.0
20230731:1810,0.0,0.0,0.0,21.59,1.52,0.0
20230731:1910,0.0,0.0,0.0,20.33,1.31,0.0
20230731:2010,0.0,0.0,0.0,19.69,1.45,0.0
20230731:2110,0.0,0.0,0.0,19.39,1.38,0.0
20230731:2210,0.0,0.0,0.0,18.89,1.38,0.0
20230731:2310,0.0,0.0,0.0,18.27,1.38,0.0
20230801:0010,0.0,0.0,0.0,17.79,1.38,0.0
20230801:0110,0.0,0.0,0.0,17.36,1.24,0.0
20230801:0210,0.0,0.0,0.0,16.9,1.24,0.0
20230801:0310,13.49,28.11,5.9,16.77,1.1,0.0
20230801:0410,68.24,99.88,15.06,18.06,0.55,0.0
20230801:0510,212.7,277.05,24.56,19.5,0.41,0.0
20230801:0610,395.33,487.79,34.0,20.76,0.41,0.0
20230801:0710,546.17,672.9,42.93,22.0,1.31,0.0
20230801:0810,628.63,786.99,50.61,23.11,1.45,0.0
20230801:0910,743.46,949.6,55.92,23.96,1.66,0.0
20230801:1010,678.97,858.85,57.52,24.41,1.86,0.0
20230801:1110,718.81,913.32,54.85,24.93,2.0,0.0
20230801:1210,619.35,777.53,48.79,25.22,1.86,0.0
20230801:1310,503.82,625.54,40.69,25.34,1.79,0.0
20230801:1410,358.75,448.91,31.57,25.31,2.0,0.0
20230801:1510,173.69,246.39,22.07,24.98,2.14,0.0
20230801:1610,32.63,59.58,12.63,24.48,1.59,0.0
20230801:1710,5.4,16.54,3.61,23.7,1.45,0.0
20230801:1810,0.0,0.0,0.0,22.39,2.0,0.0
20230801:1910,0.0,0.0,0.0,21.74,2.21,0.0
20230801:2010,0.0,0.0,0.0,20.97,2.34,0.0
20230801:2110,0.0,0.0,0.0,20.5,2.28,0.0
20230801:2210,0.0,0.0,0.0,19.93,2.14,0.0
20230801:2310,0.0,0.0,0.0,19.36,1.93,0.0
20230802:0010,0.0,0.0,0.0,18.71,1.86,0.0
20230802:0110,0.0,0.0,0.0,18.33,1.93,0.0
20230802:0210,0.0,0.0,0.0,17.99,1.86,0.0
20230802:0310,0.0,4.13,5.71,17.65,1.66,0.0
20230802:0410,61.23,102.71,14.88,18.97,1.52,0.0
20230802:0510,218.53,285.87,24.38,21.02,1.93,0.0
20230802:0610,375.6,460.16,33.82,22.71,2.07,0.0
20230802:0710,544.11,666.76,42.74,24.04,2.62,0.0
20230802:0810,636.81,789.27,50.4,25.17,3.03,0.0
20230802:0910,643.6,801.0,55.68,25.91,3.31,0.0
20230802:1010,578.73,717.8,57.26,26.19,3.31,0.0
20230802:1110,632.04,786.92,54.6,26.67,3.52,0.0
20230802:1210,596.75,738.31,48.56,26.75,3.66,0.0
20230802:1310,401.3,493.99,40.48,26.96,3.66,0.0
20230802:1410,117.85,158.05,31.37,26.97,3.52,0.0
20230802:1510,127.41,172.7,21.87,25.73,3.03,0.0
20230802:1610,30.93,51.96,12.43,22.79,2.97,0.0
20230802:1710,4.48,14.88,3.4,21.73,0.97,0.0
20230802:1810,0.0,0.0,0.0,21.46,1.17,0.0
20230802:1910,0.0,0.0,0.0,20.77,1.86,0.0
20230802:2010,0.0,0.0,0.0,20.41,2.0,0.0
20230802:2110,0.0,0.0,0.0,19.93,2.14,0.0
20230802:2210,0.0,0.0,0.0,19.5,2.0,0.0
20230802:2310,0.0,0.0,0.0,19.08,1.86,0.0
20230803:0010,0.0,0.0,0.0,18.76,1.66,0.0
20230803:0110,0.0,0.0,0.0,18.39,1.79,0.0
20230803:0210,0.0,0.0,0.0,18.15,1.86,0.0
20230803:0310,0.0,4.13,5.52,17.93,1.79,0.0
20230803:0410,15.08,30.48,14.7,18.61,2.55,0.0
20230803:0510,68.88,96.82,24.2,19.58,2.62,0.0
20230803:0610,140.57,180.08,33.64,20.54,2.34,0.0
20230803:0710,450.32,540.4,42.54,20.98,2.97,0.0
20230803:0810,676.36,832.15,50.18,21.96,2.55,0.0
20230803:0910,715.14,897.4,55.44,22.85,2.07,0.0
20230803:1010,604.36,752.76,57.0,23.88,2.07,0.0
20230803:1110,557.71,694.27,54.35,24.7,2.0,0.0
20230803:1210,499.23,620.96,48.33,25.39,1.79,0.0
20230803:1310,438.43,543.99,40.27,25.79,1.79,0.0
20230803:1410,309.04,388.35,31.17,25.98,1.86,0.0
20230803:1510,167.64,238.2,21.67,25.87,1.72,0.0
20230803:1610,28.57,54.37,12.22,25.28,1.45,0.0
20230803:1710,3.48,13.23,3.19,24.04,1.86,0.0
20230803:1810,0.0,0.0,0.0,22.58,2.21,0.0
20230803:1910,0.0,0.0,0.0,21.72,2.41,0.0
20230803:2010,0.0,0.0,0.0,21.08,2.55,0.0
20230803:2110,0.0,0.0,0.0,20.66,2.55,0.0
20230803:2210,0.0,0.0,0.0,20.32,2.62,0.0
20230803:2310,0.0,0.0,0.0,20.11,2.76,0.0
20230804:0010,0.0,0.0,0.0,19.92,2.76,0.0
20230804:0110,0.0,0.0,0.0,19.81,2.69,0.0
20230804:0210,0.0,0.0,0.0,19.62,2.69,0.0
20230804:0310,0.0,3.31,5.33,19.63,2.48,0.0
20230804:0410,53.76,80.55,14.51,20.25,2.14,0.0
20230804:0510,214.88,282.62,24.01,21.86,1.93,0.0
20230804:0610,411.46,506.75,33.45,23.52,1.93,0.0
20230804:0710,571.58,709.19,42.34,25.0,2.07,0.0
20230804:0810,682.04,871.58,49.96,26.33,1.66,0.0
20230804:0910,763.79,1000.67,55.19,27.53,1.59,0.0
20230804:1010,761.92,1001.7,56.74,28.58,1.72,0.0
20230804:1110,734.89,961.4,54.1,29.51,1.93,0.0
20230804:1210,657.31,845.65,48.1,30.17,2.28,0.0
20230804:1310,506.68,640.93,40.05,30.49,2.48,0.0
20230804:1410,338.53,433.78,30.95,30.58,2.34,0.0
20230804:1510,159.59,231.11,21.46,30.5,1.86,0.0
20230804:1610,32.66,59.28,12.01,29.89,0.83,0.0
20230804:1710,2.94,12.4,2.97,28.09,1.38,0.0
20230804:1810,0.0,0.0,0.0,26.8,1.86,0.0
20230804:1910,0.0,0.0,0.0,26.15,2.14,0.0
20230804:2010,0.0,0.0,0.0,25.41,2.48,0.0
20230804:2110,0.0,0.0,0.0,24.88,2.69,0.0
20230804:2210,0.0,0.0,0.0,24.22,2.69,0.0
20230804:2310,0.0,0.0,0.0,23.74,2.55,0.0
20230805:0010,0.0,0.0,0.0,23.26,2.41,0.0
20230805:0110,0.0,0.0,0.0,22.73,2.34,0.0
20230805:0210,0.0,0.0,0.0,22.34,2.21,0.0
20230805:0310,0.0,4.13,5.13,21.83,2.21,0.0
20230805:0410,56.89,98.79,14.33,22.29,2.0,0.0
20230805:0510,217.33,289.33,23.83,23.94,2.28,0.0
20230805:0610,411.43,509.26,33.26,25.53,2.55,0.0
20230805:0710,573.78,712.29,42.13,26.85,2.9,0.0
20230805:0810,693.81,875.02,49.73,28.26,3.38,0.0
20230805:0910,786.11,1001.7,54.94,29.21,4.07,0.0
20230805:1010,783.56,999.94,56.47,29.71,4.21,0.0
20230805:1110,750.72,954.4,53.84,30.08,4.28,0.0
20230805:1210,675.47,848.99,47.85,30.23,4.48,0.0
20230805:1310,554.25,688.92,39.82,30.12,4.69,0.0
20230805:1410,359.08,452.96,30.74,29.9,4.69,0.0
20230805:1510,163.95,236.96,21.25,29.5,4.14,0.0
20230805:1610,30.44,55.98,11.79,28.66,3.45,0.0
20230805:1710,1.7,9.92,2.74,27.33,3.52,0.0
20230805:1810,0.0,0.0,0.0,26.37,3.79,0.0
20230805:1910,0.0,0.0,0.0,25.64,3.59,0.0
20230805:2010,0.0,0.0,0.0,25.09,3.66,0.0
20230805:2110,0.0,0.0,0.0,24.6,3.59,0.0
20230805:2210,0.0,0.0,0.0,24.07,3.45,0.0
20230805:2310,0.0,0.0,0.0,23.54,3.31,0.0
20230806:0010,0.0,0.0,0.0,23.05,3.17,0.0
20230806:0110,0.0,0.0,0.0,22.66,3.24,0.0
20230806:0210,0.0,0.0,0.0,22.38,3.31,0.0
20230806:0310,0.0,5.79,4.93,22.19,3.24,0.0
20230806:0410,62.14,100.01,14.14,22.71,3.31,0.0
20230806:0510,210.61,277.6,23.64,24.08,3.31,0.0
20230806:0610,400.68,492.0,33.07,25.81,4.07,0.0
20230806:0710,577.1,706.49,41.93,27.34,4.97,0.0
20230806:0810,698.39,867.77,49.5,28.84,5.31,0.0
20230806:0910,796.57,1005.19,54.68,30.16,5.66,0.0
20230806:1010,789.01,997.73,56.2,31.31,6.14,0.0
20230806:1110,762.89,962.97,53.57,32.22,6.55,0.0
20230806:1210,683.58,856.02,47.61,32.88,7.03,0.0
20230806:1310,553.19,688.4,39.59,33.15,7.38,0.0
20230806:1410,357.2,454.16,30.52,32.99,6.83,0.0
20230806:1510,161.19,235.01,21.03,32.32,6.28,0.0
20230806:1610,32.72,58.71,11.57,31.34,5.93,0.0
20230806:1710,0.92,8.27,2.51,30.27,5.66,0.0
20230806:1810,0.0,0.0,0.0,29.49,5.66,0.0
20230806:1910,0.0,0.0,0.0,29.07,6.07,0.0
20230806:2010,0.0,0.0,0.0,28.52,6.07,0.0
20230806:2110,0.0,0.0,0.0,27.97,5.79,0.0
20230806:2210,0.0,0.0,0.0,27.36,5.52,0.0
20230806:2310,0.0,0.0,0.0,26.75,5.24,0.0
20230807:0010,0.0,0.0,0.0,26.22,5.1,0.0
20230807:0110,0.0,0.0,0.0,25.75,4.83,0.0
20230807:0210,0.0,0.0,0.0,24.92,4.41,0.0
20230807:0310,10.16,23.98,4.73,23.78,3.59,0.0
20230807:0410,58.09,87.61,13.95,22.04,3.38,0.0
20230807:0510,184.05,237.65,23.45,21.59,3.93,0.0
20230807:0610,188.96,236.45,32.87,22.18,3.59,0.0
20230807:0710,271.6,334.98,41.72,25.67,5.24,0.0
20230807:0810,631.91,764.59,49.27,24.02,5.03,0.0
20230807:0910,467.58,559.53,54.42,21.78,4.55,0.0
20230807:1010,96.6,130.0,55.93,22.08,4.41,0.0
20230807:1110,263.87,321.8,53.3,22.34,5.17,0.0
20230807:1210,509.84,609.04,47.35,21.81,4.55,0.0
20230807:1310,164.04,206.6,39.35,21.22,4.48,0.0
20230807:1410,77.52,107.58,30.29,21.7,4.97,0.0
20230807:1510,124.75,166.72,20.8,21.95,4.62,0.0
20230807:1610,43.11,67.53,11.34,21.85,3.79,0.0
20230807:1710,0.65,7.44,2.27,21.42,2.97,0.0
20230807:1810,0.0,0.0,0.0,20.95,2.55,0.0
20230807:1910,0.0,0.0,0.0,19.15,2.83,0.0
20230807:2010,0.0,0.0,0.0,18.57,2.62,0.0
20230807:2110,0.0,0.0,0.0,17.99,2.41,0.0
20230807:2210,0.0,0.0,0.0,17.51,2.41,0.0
20230807:2310,0.0,0.0,0.0,17.04,2.21,0.0
20230808:0010,0.0,0.0,0.0,16.61,2.14,0.0
20230808:0110,0.0,0.0,0.0,16.17,2.0,0.0
20230808:0210,0.0,0.0,0.0,15.7,1.93,0.0
20230808:0310,2.31,10.75,4.53,15.24,1.86,0.0
20230808:0410,49.42,94.51,13.76,16.11,1.52,0.0
20230808:0510,233.28,302.82,23.26,17.97,1.79,0.0
20230808:0610,264.03,320.88,32.68,19.0,1.79,0.0
20230808:0710,431.12,515.13,41.51,18.86,2.14,0.0
20230808:0810,699.62,853.65,49.03,19.88,2.55,0.0
20230808:0910,436.29,526.03,54.15,20.7,2.55,0.0
20230808:1010,398.7,482.35,55.64,21.1,2.41,0.0
20230808:1110,327.06,397.63,53.03,21.49,2.41,0.0
20230808:1210,426.53,516.14,47.1,21.65,2.41,0.0
20230808:1310,397.74,481.52,39.11,21.73,2.28,0.0
20230808:1410,200.56,250.63,30.06,21.53,2.21,0.0
20230808:1510,85.51,117.65,20.57,21.11,1.72,0.0
20230808:1610,40.36,63.45,11.11,20.35,1.45,0.0
20230808:1710,0.0,3.31,2.03,19.34,1.72,0.0
20230808:1810,0.0,0.0,0.0,18.59,1.59,0.0
20230808:1910,0.0,0.0,0.0,16.94,1.79,0.0
20230808:2010,0.0,0.0,0.0,16.71,1.66,0.0
20230808:2110,0.0,0.0,0.0,16.5,1.79,0.0
20230808:2210,0.0,0.0,0.0,16.28,1.86,0.0
20230808:2310,0.0,0.0,0.0,16.06,2.14,0.0
20230809:0010,0.0,0.0,0.0,15.89,2.34,0.0
20230809:0110,0.0,0.0,0.0,15.63,2.34,0.0
20230809:0210,0.0,0.0,0.0,15.15,2.21,0.0
20230809:0310,2.77,11.58,4.33,14.77,2.14,0.0
20230809:0410,51.15,94.22,13.56,15.34,2.0,0.0
20230809:0510,237.43,305.64,23.07,16.66,2.21,0.0
20230809:0610,450.61,538.76,32.48,17.96,2.34,0.0
20230809:0710,608.12,730.05,41.29,18.69,2.41,0.0
20230809:0810,697.02,850.61,48.79,19.89,2.55,0.0
20230809:0910,793.95,990.9,53.88,20.83,2.41,0.0
20230809:1010,770.74,963.78,55.36,21.79,2.48,0.0
20230809:1110,677.58,840.95,52.75,22.11,2.21,0.0
20230809:1210,477.53,584.18,46.83,22.52,1.86,0.0
20230809:1310,392.47,480.2,38.87,22.61,1.52,0.0
20230809:1410,331.28,412.25,29.82,22.66,1.03,0.0
20230809:1510,140.57,190.84,20.34,22.52,0.9,0.0
20230809:1610,40.84,64.53,10.87,21.97,1.17,0.0
20230809:1710,0.0,3.31,1.79,20.67,1.52,0.0
20230809:1810,0.0,0.0,0.0,18.8,1.79,0.0
20230809:1910,0.0,0.0,0.0,17.53,1.59,0.0
20230809:2010,0.0,0.0,0.0,16.54,1.59,0.0
20230809:2110,0.0,0.0,0.0,16.12,1.45,0.0
20230809:2210,0.0,0.0,0.0,15.59,1.38,0.0
20230809:2310,0.0,0.0,0.0,15.64,1.17,0.0
20230810:0010,0.0,0.0,0.0,15.59,1.03,0.0
20230810:0110,0.0,0.0,0.0,14.35,1.24,0.0
20230810:0210,0.0,0.0,0.0,13.27,1.59,0.0
20230810:0310,0.0,2.48,4.13,12.81,1.66,0.0
20230810:0410,52.08,94.39,13.37,13.89,1.38,0.0
20230810:0510,190.43,243.14,22.88,17.34,1.1,0.0
20230810:0610,427.43,519.76,32.28,19.38,1.17,0.0
20230810:0710,591.44,723.4,41.08,20.51,1.59,0.0
20230810:0810,670.15,827.52,48.55,21.73,2.21,0.0
20230810:0910,710.78,879.79,53.61,22.55,2.9,0.0
20230810:1010,682.25,842.18,55.07,23.13,3.17,0.0
20230810:1110,711.85,881.08,52.46,23.44,3.24,0.0
20230810:1210,632.68,775.37,46.56,23.7,3.31,0.0
20230810:1310,413.56,501.74,38.61,23.82,3.45,0.0
20230810:1410,285.4,352.76,29.58,23.88,3.52,0.0
20230810:1510,148.88,203.32,20.1,23.48,3.1,0.0
20230810:1610,38.45,61.48,10.63,22.52,2.41,0.0
20230810:1710,0.0,4.13,1.54,21.52,2.41,0.0
20230810:1810,0.0,0.0,0.0,20.64,2.55,0.0
20230810:1910,0.0,0.0,0.0,19.0,2.83,0.0
20230810:2010,0.0,0.0,0.0,18.57,2.83,0.0
20230810:2110,0.0,0.0,0.0,18.08,2.69,0.0
20230810:2210,0.0,0.0,0.0,17.73,2.48,0.0
20230810:2310,0.0,0.0,0.0,17.21,2.48,0.0
20230811:0010,0.0,0.0,0.0,16.86,2.48,0.0
20230811:0110,0.0,0.0,0.0,16.51,2.28,0.0
20230811:0210,0.0,0.0,0.0,16.28,2.14,0.0
20230811:0310,6.19,17.36,3.92,16.0,2.14,0.0
20230811:0410,59.91,92.06,13.17,16.39,2.14,0.0
20230811:0510,119.87,155.3,22.68,17.46,2.9,0.0
20230811:0610,425.93,507.42,32.08,18.83,3.31,0.0
20230811:0710,511.12,610.27,40.86,20.68,3.52,0.0
20230811:0810,506.4,608.63,48.3,21.79,3.66,0.0
20230811:0910,478.79,578.06,53.34,22.53,3.66,0.0
20230811:1010,643.88,784.95,54.77,23.48,4.21,0.0
20230811:1110,259.21,319.57,52.17,23.93,4.21,0.0
20230811:1210,315.65,385.31,46.29,24.19,4.21,0.0
20230811:1310,418.58,506.55,38.35,24.28,4.21,0.0
20230811:1410,185.56,234.58,29.33,24.01,4.14,0.0
20230811:1510,102.88,140.48,19.85,23.58,3.72,0.0
20230811:1610,36.63,59.52,10.38,22.9,3.17,0.0
20230811:1710,0.0,0.83,1.28,21.82,2.97,0.0
20230811:1810,0.0,0.0,0.0,20.67,2.97,0.0
20230811:1910,0.0,0.0,0.0,19.92,2.34,0.0
20230811:2010,0.0,0.0,0.0,19.22,2.48,0.0
20230811:2110,0.0,0.0,0.0,18.72,2.69,0.0
20230811:2210,0.0,0.0,0.0,18.38,2.97,0.0
20230811:2310,0.0,0.0,0.0,18.14,3.24,0.0
20230812:0010,0.0,0.0,0.0,17.83,3.31,0.0
20230812:0110,0.0,0.0,0.0,17.48,3.45,0.0
20230812:0210,0.0,0.0,0.0,17.13,3.59,0.0
20230812:0310,6.16,17.36,3.71,16.86,3.66,0.0
20230812:0410,46.29,90.98,12.97,17.14,3.79,0.0
20230812:0510,225.87,290.22,22.48,18.06,4.14,0.0
20230812:0610,191.04,235.16,31.87,19.28,4.69,0.0
20230812:0710,207.4,253.62,40.64,19.99,6.21,0.0
20230812:0810,327.16,390.57,48.05,20.91,6.07,0.0
20230812:0910,605.22,720.23,53.06,21.88,6.21,0.0
20230812:1010,388.34,465.37,54.47,22.89,6.28,0.0
20230812:1110,468.97,561.36,51.87,23.51,6.21,0.0
20230812:1210,163.81,208.42,46.01,23.97,6.14,0.0
20230812:1310,358.1,431.5,38.09,23.98,5.86,0.0
20230812:1410,184.91,233.07,29.08,23.63,4.9,0.0
20230812:1510,104.21,142.09,19.6,23.03,3.86,0.0
20230812:1610,26.07,45.61,10.13,22.47,3.59,0.0
20230812:1710,0.0,0.0,0.0,21.63,3.17,0.0
20230812:1810,0.0,0.0,0.0,20.87,3.03,0.0
20230812:1910,0.0,0.0,0.0,19.89,2.55,0.0
20230812:2010,0.0,0.0,0.0,18.96,2.62,0.0
20230812:2110,0.0,0.0,0.0,18.47,2.62,0.0
20230812:2210,0.0,0.0,0.0,17.89,2.76,0.0
20230812:2310,0.0,0.0,0.0,17.48,2.83,0.0
20230813:0010,0.0,0.0,0.0,17.3,2.83,0.0
20230813:0110,0.0,0.0,0.0,16.9,2.76,0.0
20230813:0210,0.0,0.0,0.0,16.56,2.69,0.0
20230813:0310,0.0,4.96,3.5,16.2,2.69,0.0
20230813:0410,53.85,92.27,12.77,16.61,2.62,0.0
20230813:0510,225.03,290.51,22.29,18.08,2.69,0.0
20230813:0610,438.63,526.26,31.67,19.8,2.97,0.0
20230813:0710,602.8,722.79,40.41,21.04,3.66,0.0
20230813:0810,610.05,734.67,47.8,22.18,4.28,0.0
20230813:0910,637.44,775.14,52.77,23.08,4.14,0.0
20230813:1010,692.07,851.6,54.17,23.97,3.93,0.0
20230813:1110,653.34,804.88,51.57,24.83,3.79,0.0
20230813:1210,513.97,628.39,45.73,25.41,3.72,0.0
20230813:1310,528.62,648.78,37.82,25.8,3.31,0.0
20230813:1410,344.66,430.11,28.82,25.91,3.03,0.0
20230813:1510,154.22,219.78,19.35,25.69,2.48,0.0
20230813:1610,30.06,51.26,9.87,24.81,1.45,0.0
20230813:1710,0.0,0.0,0.0,23.04,1.17,0.0
20230813:1810,0.0,0.0,0.0,22.78,0.69,0.0
20230813:1910,0.0,0.0,0.0,22.58,0.41,0.0
20230813:2010,0.0,0.0,0.0,21.2,0.9,0.0
20230813:2110,0.0,0.0,0.0,20.02,1.03,0.0
20230813:2210,0.0,0.0,0.0,19.62,0.9,0.0
20230813:2310,0.0,0.0,0.0,19.14,0.83,0.0
20230814:0010,0.0,0.0,0.0,18.56,0.83,0.0
20230814:0110,0.0,0.0,0.0,17.84,0.97,0.0
20230814:0210,0.0,0.0,0.0,16.79,1.1,0.0
20230814:0310,0.0,2.48,3.29,16.35,1.1,0.0
20230814:0410,48.55,89.57,12.57,16.69,0.9,0.0
20230814:0510,223.55,294.13,22.08,19.71,0.69,0.0
20230814:0610,423.45,524.03,31.46,22.38,0.9,0.0
20230814:0710,579.79,720.61,40.19,23.72,1.52,0.0
20230814:0810,690.98,881.21,47.55,25.2,1.52,0.0
20230814:0910,760.26,992.17,52.49,26.36,1.45,0.0
20230814:1010,762.3,999.71,53.87,27.29,1.52,0.0
20230814:1110,726.82,951.12,51.27,28.04,1.45,0.0
20230814:1210,641.04,828.97,45.44,28.55,1.31,0.0
20230814:1310,521.48,666.02,37.55,28.81,1.1,0.0
20230814:1410,339.98,437.59,28.55,28.88,0.9,0.0
20230814:1510,149.98,220.85,19.09,28.72,0.69,0.0
20230814:1610,28.32,49.61,9.61,27.8,1.17,0.0
20230814:1710,0.0,0.0,0.0,26.03,2.0,0.0
20230814:1810,0.0,0.0,0.0,24.25,2.21,0.0
20230814:1910,0.0,0.0,0.0,23.28,2.34,0.0
20230814:2010,0.0,0.0,0.0,22.41,2.41,0.0
20230814:2110,0.0,0.0,0.0,21.78,2.41,0.0
20230814:2210,0.0,0.0,0.0,21.22,2.34,0.0
20230814:2310,0.0,0.0,0.0,20.73,2.21,0.0
20230815:0010,0.0,0.0,0.0,20.19,2.14,0.0
20230815:0110,0.0,0.0,0.0,19.7,2.07,0.0
20230815:0210,0.0,0.0,0.0,19.04,1.93,0.0
20230815:0310,0.0,1.65,3.08,18.29,1.72,0.0
20230815:0410,51.19,89.5,12.36,18.7,1.17,0.0
20230815:0510,211.97,281.41,21.88,21.85,0.62,0.0
20230815:0610,406.0,509.01,31.25,24.02,0.41,0.0
20230815:0710,554.73,709.35,39.96,25.8,0.34,0.0
20230815:0810,659.71,868.1,47.29,27.62,0.48,0.0
20230815:0910,707.11,946.85,52.2,29.02,0.62,0.0
20230815:1010,700.08,944.19,53.55,29.99,0.55,0.0
20230815:1110,689.42,924.21,50.96,30.3,0.69,0.0
20230815:1210,601.85,791.81,45.15,30.5,0.69,0.0
20230815:1310,465.65,602.26,37.27,30.66,0.55,0.0
20230815:1410,334.97,436.12,28.29,30.56,0.62,0.0
20230815:1510,145.24,214.65,18.83,30.27,1.38,0.0
20230815:1610,27.52,48.78,9.34,29.06,1.79,0.0
20230815:1710,0.0,0.0,0.0,27.25,2.28,0.0
20230815:1810,0.0,0.0,0.0,25.86,2.34,0.0
20230815:1910,0.0,0.0,0.0,25.4,2.28,0.0
20230815:2010,0.0,0.0,0.0,24.49,2.28,0.0
20230815:2110,0.0,0.0,0.0,23.73,2.28,0.0
20230815:2210,0.0,0.0,0.0,22.97,2.14,0.0
20230815:2310,0.0,0.0,0.0,22.21,1.93,0.0
20230816:0010,0.0,0.0,0.0,21.39,1.79,0.0
20230816:0110,0.0,0.0,0.0,20.5,1.72,0.0
20230816:0210,0.0,0.0,0.0,19.7,1.66,0.0
20230816:0310,0.0,1.65,2.86,19.1,1.72,0.0
20230816:0410,29.34,49.31,12.16,19.69,1.52,0.0
20230816:0510,163.65,213.97,21.68,21.84,1.72,0.0
20230816:0610,389.59,480.01,31.03,23.67,1.79,0.0
20230816:0710,560.69,695.58,39.73,25.52,2.21,0.0
20230816:0810,685.74,868.45,47.03,26.87,2.41,0.0
20230816:0910,753.03,965.39,51.9,27.88,2.76,0.0
20230816:1010,760.58,978.97,53.24,28.63,2.9,0.0
20230816:1110,729.01,936.57,50.65,28.98,2.76,0.0
20230816:1210,642.35,814.31,44.85,29.21,2.83,0.0
20230816:1310,522.29,653.37,36.99,29.12,2.97,0.0
20230816:1410,339.45,429.7,28.01,28.73,3.1,0.0
20230816:1510,147.85,216.04,18.56,28.01,3.1,0.0
20230816:1610,25.96,46.3,9.07,26.97,2.55,0.0
20230816:1710,0.0,0.0,0.0,25.42,2.55,0.0
20230816:1810,0.0,0.0,0.0,24.02,2.62,0.0
20230816:1910,0.0,0.0,0.0,23.09,2.41,0.0
20230816:2010,0.0,0.0,0.0,22.18,2.34,0.0
20230816:2110,0.0,0.0,0.0,21.4,2.34,0.0
20230816:2210,0.0,0.0,0.0,20.71,2.34,0.0
20230816:2310,0.0,0.0,0.0,20.09,2.21,0.0
20230817:0010,0.0,0.0,0.0,19.53,2.14,0.0
20230817:0110,0.0,0.0,0.0,18.98,2.14,0.0
20230817:0210,0.0,0.0,0.0,18.47,2.07,0.0
20230817:0310,0.0,1.65,2.65,18.05,2.07,0.0
20230817:0410,46.45,87.31,11.95,18.5,1.86,0.0
20230817:0510,222.84,291.18,21.47,20.05,2.14,0.0
20230817:0610,429.51,522.91,30.82,21.86,2.28,0.0
20230817:0710,588.08,725.03,39.49,23.63,2.14,0.0
20230817:0810,676.19,845.72,46.77,25.21,2.62,0.0
20230817:0910,743.38,940.18,51.61,26.28,3.03,0.0
20230817:1010,763.58,972.18,52.92,26.87,3.03,0.0
20230817:1110,718.28,910.88,50.33,27.46,3.03,0.0
20230817:1210,638.89,802.05,44.55,27.81,3.03,0.0
20230817:1310,529.08,657.98,36.7,27.97,3.03,0.0
20230817:1410,342.83,432.16,27.74,27.78,3.03,0.0
20230817:1510,147.53,215.07,18.28,27.39,2.97,0.0
20230817:1610,25.4,45.48,8.79,26.47,2.41,0.0
20230817:1710,0.0,0.0,0.0,24.99,2.48,0.0
20230817:1810,0.0,0.0,0.0,23.63,2.62,0.0
20230817:1910,0.0,0.0,0.0,22.7,2.62,0.0
20230817:2010,0.0,0.0,0.0,21.91,2.55,0.0
20230817:2110,0.0,0.0,0.0,21.18,2.41,0.0
20230817:2210,0.0,0.0,0.0,20.5,2.14,0.0
20230817:2310,0.0,0.0,0.0,19.79,1.93,0.0
20230818:0010,0.0,0.0,0.0,19.07,1.86,0.0
20230818:0110,0.0,0.0,0.0,18.39,1.86,0.0
20230818:0210,0.0,0.0,0.0,17.79,1.79,0.0
20230818:0310,0.0,0.83,2.43,17.35,1.93,0.0
20230818:0410,51.27,85.56,11.74,17.98,1.72,0.0
20230818:0510,187.28,243.05,21.26,20.27,1.86,0.0
20230818:0610,242.16,299.56,30.6,22.37,2.07,0.0
20230818:0710,486.98,596.93,39.26,24.28,2.34,0.0
20230818:0810,688.74,860.59,46.5,25.82,3.03,0.0
20230818:0910,665.89,834.92,51.31,26.82,3.24,0.0
20230818:1010,687.41,869.37,52.6,27.4,3.03,0.0
20230818:1110,653.02,826.97,50.01,28.13,2.83,0.0
20230818:1210,566.99,712.43,44.24,28.46,2.69,0.0
20230818:1310,419.81,523.8,36.41,28.62,2.62,0.0
20230818:1410,265.49,337.43,27.46,28.35,2.76,0.0
20230818:1510,145.12,212.92,18.01,27.86,2.62,0.0
20230818:1610,25.34,45.48,8.51,26.92,2.21,0.0
20230818:1710,0.0,0.0,0.0,25.37,2.21,0.0
20230818:1810,0.0,0.0,0.0,24.0,2.34,0.0
20230818:1910,0.0,0.0,0.0,23.07,2.0,0.0
20230818:2010,0.0,0.0,0.0,22.12,1.93,0.0
20230818:2110,0.0,0.0,0.0,21.45,1.93,0.0
20230818:2210,0.0,0.0,0.0,20.68,1.93,0.0
20230818:2310,0.0,0.0,0.0,20.01,1.86,0.0
20230819:0010,0.0,0.0,0.0,19.45,1.79,0.0
20230819:0110,0.0,0.0,0.0,18.94,1.79,0.0
20230819:0210,0.0,0.0,0.0,18.53,1.79,0.0
20230819:0310,0.0,0.83,2.21,18.22,1.72,0.0
20230819:0410,49.97,80.8,11.53,18.8,1.38,0.0
20230819:0510,200.68,263.72,21.06,21.39,1.31,0.0
20230819:0610,400.52,494.87,30.39,23.36,1.31,0.0
20230819:0710,556.0,694.45,39.02,25.22,1.52,0.0
20230819:0810,670.7,857.64,46.23,26.98,1.72,0.0
20230819:0910,714.22,925.76,51.0,28.36,1.93,0.0
20230819:1010,591.05,756.32,52.27,29.57,2.14,0.0
20230819:1110,624.94,803.29,49.68,30.03,2.21,0.0
20230819:1210,596.89,763.33,43.93,30.57,2.34,0.0
20230819:1310,467.47,591.67,36.12,30.68,2.28,0.0
20230819:1410,324.55,417.28,27.17,30.54,2.14,0.0
20230819:1510,137.96,204.85,17.72,30.12,1.79,0.0
20230819:1610,24.43,44.65,8.23,28.98,1.52,0.0
20230819:1710,0.0,0.0,0.0,27.41,2.0,0.0
20230819:1810,0.0,0.0,0.0,25.75,2.14,0.0
20230819:1910,0.0,0.0,0.0,25.2,2.21,0.0
20230819:2010,0.0,0.0,0.0,24.34,2.14,0.0
20230819:2110,0.0,0.0,0.0,23.6,2.07,0.0
20230819:2210,0.0,0.0,0.0,22.76,1.79,0.0
20230819:2310,0.0,0.0,0.0,21.7,1.59,0.0
20230820:0010,0.0,0.0,0.0,20.85,1.45,0.0
20230820:0110,0.0,0.0,0.0,20.27,1.38,0.0
20230820:0210,0.0,0.0,0.0,20.09,1.24,0.0
20230820:0310,0.0,0.83,2.0,20.01,1.03,0.0
20230820:0410,47.91,78.33,11.32,20.57,0.76,0.0
20230820:0510,194.68,258.85,20.85,22.77,0.34,0.0
20230820:0610,391.8,493.37,30.17,25.18,0.41,0.0
20230820:0710,543.29,691.95,38.78,26.9,0.76,0.0
20230820:0810,585.32,756.76,45.96,28.71,0.97,0.0
20230820:0910,392.51,502.54,50.7,30.05,0.9,0.0
20230820:1010,677.35,910.01,51.94,30.85,0.69,0.0
20230820:1110,617.98,826.04,49.35,31.4,0.48,0.0
20230820:1210,306.03,395.81,43.61,31.64,0.55,0.0
20230820:1310,484.17,627.67,35.82,31.66,0.83,0.0
20230820:1410,243.96,318.55,26.88,31.45,1.1,0.0
20230820:1510,133.32,196.59,17.44,29.86,2.62,0.0
20230820:1610,0.27,6.61,7.94,28.18,2.55,0.0
20230820:1710,0.0,0.0,0.0,26.54,2.55,0.0
20230820:1810,0.0,0.0,0.0,25.32,1.93,0.0
20230820:1910,0.0,0.0,0.0,25.54,1.59,0.0
20230820:2010,0.0,0.0,0.0,24.41,1.59,0.0
20230820:2110,0.0,0.0,0.0,23.34,1.72,0.0
20230820:2210,0.0,0.0,0.0,22.46,1.79,0.0
20230820:2310,0.0,0.0,0.0,21.92,1.79,0.0
20230821:0010,0.0,0.0,0.0,21.44,1.86,0.0
20230821:0110,0.0,0.0,0.0,21.1,1.79,0.0
20230821:0210,0.0,0.0,0.0,20.68,1.79,0.0
20230821:0310,0.0,0.83,1.78,20.23,1.66,0.0
20230821:0410,47.07,80.47,11.11,20.5,1.31,0.0
20230821:0510,191.62,253.8,20.63,23.1,1.24,0.0
20230821:0610,352.28,437.55,29.95,24.85,1.45,0.0
20230821:0710,541.31,674.16,38.54,26.17,2.0,0.0
20230821:0810,667.36,843.97,45.69,27.26,2.48,0.0
20230821:0910,674.36,856.19,50.39,28.33,2.9,0.0
20230821:1010,694.56,885.08,51.61,29.08,3.17,0.0
20230821:1110,525.46,658.88,49.02,29.12,3.1,0.0
20230821:1210,77.46,111.17,43.29,29.1,2.97,0.0
20230821:1310,480.02,599.53,35.51,29.24,2.97,0.0
20230821:1410,154.67,203.55,26.59,28.75,2.97,0.0
20230821:1510,131.25,192.54,17.15,28.23,2.83,0.0
20230821:1610,22.14,41.34,7.65,27.69,1.72,0.0
20230821:1710,0.0,0.0,0.0,26.66,1.1,0.0
20230821:1810,0.0,0.0,0.0,25.57,0.62,0.0
20230821:1910,0.0,0.0,0.0,23.98,1.52,0.0
20230821:2010,0.0,0.0,0.0,22.81,1.52,0.0
20230821:2110,0.0,0.0,0.0,22.0,1.52,0.0
20230821:2210,0.0,0.0,0.0,21.6,1.59,0.0
20230821:2310,0.0,0.0,0.0,21.12,1.79,0.0
20230822:0010,0.0,0.0,0.0,20.95,1.86,0.0
20230822:0110,0.0,0.0,0.0,21.35,2.76,0.0
20230822:0210,0.0,0.0,0.0,21.66,3.66,0.0
20230822:0310,0.0,0.83,1.55,21.38,3.72,0.0
20230822:0410,46.83,79.45,10.9,21.28,4.07,0.0
20230822:0510,212.62,276.55,20.42,21.55,5.03,0.0
20230822:0610,420.45,503.04,29.72,22.07,5.38,0.0
20230822:0710,603.62,716.0,38.29,21.69,5.59,0.0
20230822:0810,734.83,883.13,45.41,22.38,5.66,0.0
20230822:0910,801.03,974.74,50.08,23.47,5.79,0.0
20230822:1010,812.6,992.75,51.28,24.62,6.28,0.0
20230822:1110,766.38,935.63,48.68,25.36,6.21,0.0
20230822:1210,652.98,791.88,42.97,25.69,5.93,0.0
20230822:1310,516.7,624.24,35.2,25.78,5.66,0.0
20230822:1410,321.72,398.2,26.29,25.71,5.45,0.0
20230822:1510,137.87,200.03,16.85,25.22,4.83,0.0
20230822:1610,21.95,40.52,7.35,24.33,3.59,0.0
20230822:1710,0.0,0.0,0.0,23.18,3.03,0.0
20230822:1810,0.0,0.0,0.0,21.99,2.48,0.0
20230822:1910,0.0,0.0,0.0,20.75,2.41,0.0
20230822:2010,0.0,0.0,0.0,19.92,2.21,0.0
20230822:2110,0.0,0.0,0.0,19.31,2.0,0.0
20230822:2210,0.0,0.0,0.0,18.61,1.93,0.0
20230822:2310,0.0,0.0,0.0,18.06,1.93,0.0
20230823:0010,0.0,0.0,0.0,17.45,2.14,0.0
20230823:0110,0.0,0.0,0.0,17.07,2.14,0.0
20230823:0210,0.0,0.0,0.0,16.81,2.21,0.0
20230823:0310,0.0,0.0,0.0,16.48,2.14,0.0
20230823:0410,38.48,61.46,10.68,16.74,1.79,0.0
20230823:0510,213.07,275.95,20.21,18.83,1.86,0.0
20230823:0610,389.03,469.95,29.5,20.42,2.21,0.0
20230823:0710,583.0,704.93,38.05,21.33,2.76,0.0
20230823:0810,699.87,856.35,45.13,22.37,3.38,0.0
20230823:0910,664.99,811.26,49.76,23.01,3.93,0.0
20230823:1010,579.54,703.47,50.94,23.51,4.14,0.0
20230823:1110,571.89,694.38,48.34,23.54,3.93,0.0
20230823:1210,500.61,606.86,42.64,24.07,3.79,0.0
20230823:1310,449.4,544.98,34.89,24.05,3.45,0.0
20230823:1410,267.98,333.45,25.99,24.19,3.24,0.0
20230823:1510,135.31,195.59,16.55,23.99,2.9,0.0
20230823:1610,20.19,38.04,7.05,23.36,1.86,0.0
20230823:1710,0.0,0.0,0.0,22.29,1.38,0.0
20230823:1810,0.0,0.0,0.0,20.77,1.24,0.0
20230823:1910,0.0,0.0,0.0,19.45,2.0,0.0
20230823:2010,0.0,0.0,0.0,18.51,1.93,0.0
20230823:2110,0.0,0.0,0.0,17.5,1.86,0.0
20230823:2210,0.0,0.0,0.0,16.51,1.79,0.0
20230823:2310,0.0,0.0,0.0,15.95,1.72,0.0
20230824:0010,0.0,0.0,0.0,15.77,1.59,0.0
20230824:0110,0.0,0.0,0.0,15.39,1.59,0.0
20230824:0210,0.0,0.0,0.0,14.95,1.66,0.0
20230824:0310,0.0,0.0,0.0,14.53,1.72,0.0
20230824:0410,45.94,79.41,10.47,14.91,1.52,0.0
20230824:0510,214.79,278.68,19.99,18.27,1.1,0.0
20230824:0610,427.44,521.86,29.27,20.79,1.31,0.0
20230824:0710,597.79,733.79,37.8,21.75,1.79,0.0
20230824:0810,678.68,843.62,44.85,23.1,2.28,0.0
20230824:0910,715.89,893.64,49.44,23.97,2.83,0.0
20230824:1010,618.8,765.95,50.59,24.49,2.9,0.0
20230824:1110,475.4,583.44,48.0,24.66,2.69,0.0
20230824:1210,267.1,331.66,42.31,25.04,2.62,0.0
20230824:1310,487.87,599.24,34.57,24.95,2.48,0.0
20230824:1410,288.88,360.98,25.68,24.64,2.41,0.0
20230824:1510,135.51,198.23,16.25,24.31,2.28,0.0
20230824:1610,18.33,35.55,6.75,23.54,1.72,0.0
20230824:1710,0.0,0.0,0.0,22.59,1.52,0.0
20230824:1810,0.0,0.0,0.0,20.92,1.24,0.0
20230824:1910,0.0,0.0,0.0,20.26,1.03,0.0
20230824:2010,0.0,0.0,0.0,18.48,1.66,0.0
20230824:2110,0.0,0.0,0.0,17.6,2.0,0.0
20230824:2210,0.0,0.0,0.0,17.27,2.0,0.0
20230824:2310,0.0,0.0,0.0,17.11,2.07,0.0
20230825:0010,0.0,0.0,0.0,16.9,2.14,0.0
20230825:0110,0.0,0.0,0.0,16.63,1.86,0.0
20230825:0210,0.0,0.0,0.0,16.14,2.07,0.0
20230825:0310,0.0,0.0,0.0,16.24,2.07,0.0
20230825:0410,1.83,9.86,10.25,16.83,1.86,0.0
20230825:0510,160.99,208.61,19.77,19.04,1.66,0.0
20230825:0610,325.82,396.95,29.04,21.09,1.66,0.0
20230825:0710,567.79,692.36,37.55,22.29,2.28,0.0
20230825:0810,607.06,749.13,44.56,23.64,2.41,0.0
20230825:0910,708.72,886.6,49.12,24.62,2.83,0.0
20230825:1010,677.93,845.23,50.25,25.2,3.1,0.0
20230825:1110,563.13,694.05,47.65,25.66,3.31,0.0
20230825:1210,346.64,426.26,41.97,25.65,3.03,0.0
20230825:1310,416.55,510.04,34.25,25.81,3.24,0.0
20230825:1410,33.34,55.58,25.37,25.63,2.69,0.0
20230825:1510,96.88,138.64,15.94,25.12,1.72,0.0
20230825:1610,17.64,34.73,6.44,24.36,1.17,0.0
20230825:1710,0.0,0.0,0.0,23.33,1.03,0.0
20230825:1810,0.0,0.0,0.0,22.13,1.17,0.0
20230825:1910,0.0,0.0,0.0,20.95,1.31,0.0
20230825:2010,0.0,0.0,0.0,19.92,1.24,0.0
20230825:2110,0.0,0.0,0.0,19.09,1.38,0.0
20230825:2210,0.0,0.0,0.0,18.59,1.86,0.0
20230825:2310,0.0,0.0,0.0,18.08,1.79,0.0
20230826:0010,0.0,0.0,0.0,17.97,1.79,0.0
20230826:0110,0.0,0.0,0.0,17.92,1.79,0.0
20230826:0210,0.0,0.0,0.0,17.82,1.93,0.0
20230826:0310,0.0,0.0,0.0,17.85,1.93,0.0
20230826:0410,35.59,58.98,10.03,18.48,1.72,0.0
20230826:0510,136.06,178.94,19.55,20.45,1.52,0.0
20230826:0610,326.84,400.03,28.81,22.21,1.72,0.0
20230826:0710,376.11,459.88,37.29,24.02,2.21,0.0
20230826:0810,677.55,855.23,44.28,25.78,2.14,0.0
20230826:0910,731.04,937.7,48.8,27.21,2.28,0.0
20230826:1010,592.86,749.18,49.9,28.14,2.48,0.0
20230826:1110,231.01,294.32,47.3,28.52,2.55,0.0
20230826:1210,297.33,373.69,41.64,28.76,2.62,0.0
20230826:1310,319.41,400.41,33.93,28.77,2.41,0.0
20230826:1410,139.54,186.12,25.05,28.82,1.86,0.0
20230826:1510,117.43,175.55,15.63,28.79,1.03,0.0
20230826:1610,15.55,32.25,6.13,27.73,0.76,0.0
20230826:1710,0.0,0.0,0.0,26.03,0.55,0.0
20230826:1810,0.0,0.0,0.0,24.81,0.62,0.0
20230826:1910,0.0,0.0,0.0,23.4,1.45,0.0
20230826:2010,0.0,0.0,0.0,22.72,1.31,0.0
20230826:2110,0.0,0.0,0.0,23.22,0.83,0.0
20230826:2210,0.0,0.0,0.0,22.97,0.41,0.0
20230826:2310,0.0,0.0,0.0,22.69,0.28,0.0
20230827:0010,0.0,0.0,0.0,22.29,0.21,0.0
20230827:0110,0.0,0.0,0.0,21.47,0.9,0.0
20230827:0210,0.0,0.0,0.0,20.21,1.1,0.0
20230827:0310,0.0,0.0,0.0,20.24,0.97,0.0
20230827:0410,39.93,69.16,9.81,21.0,0.41,0.0
20230827:0510,133.3,177.89,19.33,22.3,0.34,0.0
20230827:0610,381.02,478.67,28.58,24.87,0.34,0.0
20230827:0710,551.39,691.26,37.04,25.98,1.45,0.0
20230827:0810,661.62,843.61,43.99,27.44,1.93,0.0
20230827:0910,705.09,909.94,48.47,28.59,2.14,0.0
20230827:1010,394.3,496.65,49.55,29.63,2.34,0.0
20230827:1110,465.37,588.27,46.94,30.4,2.48,0.0
20230827:1210,243.42,312.17,41.29,30.73,2.34,0.0
20230827:1310,476.69,605.05,33.6,30.77,2.0,0.0
20230827:1410,299.03,386.86,24.74,30.38,1.52,0.0
20230827:1510,27.11,48.41,15.32,29.93,1.17,0.0
20230827:1610,0.27,6.61,5.81,28.93,1.1,0.0
20230827:1710,0.0,0.0,0.0,27.63,1.52,0.0
20230827:1810,0.0,0.0,0.0,26.24,1.79,0.0
20230827:1910,0.0,0.0,0.0,25.19,0.76,0.0
20230827:2010,0.0,0.0,0.0,23.91,1.24,0.0
20230827:2110,0.0,0.0,0.0,23.24,1.66,0.0
20230827:2210,0.0,0.0,0.0,22.57,1.66,0.0
20230827:2310,0.0,0.0,0.0,22.07,1.72,0.0
20230828:0010,0.0,0.0,0.0,21.91,1.93,0.0
20230828:0110,0.0,0.0,0.0,21.94,1.86,0.0
20230828:0210,0.0,0.0,0.0,21.6,1.79,0.0
20230828:0310,0.0,0.0,0.0,21.3,2.14,0.0
20230828:0410,24.49,43.97,9.6,21.44,1.79,0.0
20230828:0510,107.77,146.06,19.11,23.09,1.52,0.0
20230828:0610,332.13,412.03,28.35,25.31,1.86,0.0
20230828:0710,493.05,621.74,36.78,27.56,1.24,0.0
20230828:0810,545.35,702.89,43.7,29.3,0.97,0.0
20230828:0910,656.06,874.3,48.14,30.75,0.76,0.0
20230828:1010,690.01,940.26,49.19,31.87,0.48,0.0
20230828:1110,648.19,874.46,46.59,32.66,0.62,0.0
20230828:1210,569.93,749.7,40.95,32.82,1.03,0.0
20230828:1310,459.02,591.76,33.27,32.9,1.52,0.0
20230828:1410,288.54,378.15,24.42,32.76,1.45,0.0
20230828:1510,88.71,133.82,15.0,32.38,1.45,0.0
20230828:1610,10.26,24.81,5.49,31.13,1.52,0.0
20230828:1710,0.0,0.0,0.0,29.6,1.86,0.0
20230828:1810,0.0,0.0,0.0,28.04,2.07,0.0
20230828:1910,0.0,0.0,0.0,26.92,2.0,0.0
20230828:2010,0.0,0.0,0.0,25.97,2.07,0.0
20230828:2110,0.0,0.0,0.0,25.14,2.0,0.0
20230828:2210,0.0,0.0,0.0,24.26,1.93,0.0
20230828:2310,0.0,0.0,0.0,23.23,1.72,0.0
20230829:0010,0.0,0.0,0.0,22.3,1.38,0.0
20230829:0110,0.0,0.0,0.0,22.38,1.03,0.0
20230829:0210,0.0,0.0,0.0,21.82,1.03,0.0
20230829:0310,0.0,0.0,0.0,20.24,1.59,0.0
20230829:0410,31.72,54.43,9.37,20.22,1.38,0.0
20230829:0510,174.86,232.3,18.89,23.25,0.83,0.0
20230829:0610,373.42,468.44,28.11,25.96,0.9,0.0
20230829:0710,540.89,677.69,36.52,27.24,1.93,0.0
20230829:0810,662.79,850.53,43.4,29.13,2.14,0.0
20230829:0910,717.96,938.3,47.81,30.66,2.21,0.0
20230829:1010,726.29,952.57,48.84,31.76,2.48,0.0
20230829:1110,705.44,919.83,46.23,32.51,2.83,0.0
20230829:1210,575.41,736.51,40.6,32.79,3.03,0.0
20230829:1310,448.76,569.69,32.93,32.92,3.1,0.0
20230829:1410,292.61,378.71,24.09,32.29,3.24,0.0
20230829:1510,109.28,167.13,14.68,31.42,2.62,0.0
20230829:1610,7.68,20.67,5.17,30.04,2.41,0.0
20230829:1710,0.0,0.0,0.0,28.39,2.62,0.0
20230829:1810,0.0,0.0,0.0,27.26,2.55,0.0
20230829:1910,0.0,0.0,0.0,26.99,2.76,0.0
20230829:2010,0.0,0.0,0.0,26.22,2.62,0.0
20230829:2110,0.0,0.0,0.0,25.52,2.55,0.0
20230829:2210,0.0,0.0,0.0,24.98,2.48,0.0
20230829:2310,0.0,0.0,0.0,24.56,2.48,0.0
20230830:0010,0.0,0.0,0.0,24.21,2.69,0.0
20230830:0110,0.0,0.0,0.0,23.88,2.83,0.0
20230830:0210,0.0,0.0,0.0,23.57,2.9,0.0
20230830:0310,0.0,0.0,0.0,23.32,2.9,0.0
20230830:0410,0.9,8.07,9.15,23.36,2.83,0.0
20230830:0510,59.86,88.11,18.67,24.55,2.62,0.0
20230830:0610,164.25,211.84,27.87,26.21,3.1,0.0
20230830:0710,260.91,326.69,36.26,27.41,3.03,0.0
20230830:0810,508.87,634.5,43.1,28.86,3.24,0.0
20230830:0910,628.87,794.24,47.47,30.06,3.72,0.0
20230830:1010,674.06,853.78,48.48,30.82,4.34,0.0
20230830:1110,664.35,838.66,45.86,31.2,4.69,0.0
20230830:1210,598.41,747.28,40.25,31.09,5.03,0.0
20230830:1310,452.41,560.33,32.6,30.59,5.24,0.0
20230830:1410,262.74,335.1,23.76,30.18,5.38,0.0
20230830:1510,110.66,168.49,14.36,29.24,4.41,0.0
20230830:1610,11.0,25.63,4.85,28.09,4.34,0.0
20230830:1710,0.0,0.0,0.0,26.65,4.28,0.0
20230830:1810,0.0,0.0,0.0,25.63,4.28,0.0
20230830:1910,0.0,0.0,0.0,24.74,4.0,0.0
20230830:2010,0.0,0.0,0.0,24.09,4.0,0.0
20230830:2110,0.0,0.0,0.0,23.59,3.93,0.0
20230830:2210,0.0,0.0,0.0,23.15,3.79,0.0
20230830:2310,0.0,0.0,0.0,22.51,3.59,0.0
20230831:0010,0.0,0.0,0.0,21.93,3.52,0.0
20230831:0110,0.0,0.0,0.0,21.23,3.24,0.0
20230831:0210,0.0,0.0,0.0,20.47,2.97,0.0
20230831:0310,0.0,0.0,0.0,19.81,2.9,0.0
20230831:0410,0.94,8.07,8.93,19.5,2.76,0.0
20230831:0510,182.46,237.31,18.44,20.42,2.62,0.0
20230831:0610,381.44,460.69,27.63,22.05,3.31,0.0
20230831:0710,439.62,531.14,35.99,23.29,3.24,0.0
20230831:0810,700.84,869.52,42.81,24.81,3.24,0.0
20230831:0910,757.43,952.95,47.14,26.0,3.38,0.0
20230831:1010,560.52,693.14,48.11,26.95,3.72,0.0
20230831:1110,351.83,434.28,45.5,27.46,4.14,0.0
20230831:1210,146.77,192.14,39.89,27.3,4.07,0.0
20230831:1310,62.03,91.45,32.25,26.97,4.07,0.0
20230831:1410,221.25,280.09,23.43,25.98,3.79,0.0
20230831:1510,118.16,179.61,14.04,25.39,3.17,0.0
20230831:1610,7.93,20.67,4.52,24.71,2.28,0.0
20230831:1710,0.0,0.0,0.0,23.84,1.79,0.0
20230831:1810,0.0,0.0,0.0,23.22,1.59,0.0
20230831:1910,0.0,0.0,0.0,22.99,2.48,0.0
20230831:2010,0.0,0.0,0.0,22.1,2.76,0.0
20230831:2110,0.0,0.0,0.0,21.46,2.69,0.0
20230831:2210,0.0,0.0,0.0,20.95,2.69,0.0
20230831:2310,0.0,0.0,0.0,20.41,2.55,0.0
20230901:0010,0.0,0.0,0.0,19.91,2.28,0.0
20230901:0110,0.0,0.0,0.0,19.42,2.41,0.0
20230901:0210,0.0,0.0,0.0,19.18,2.62,0.0
20230901:0310,0.0,0.0,0.0,18.88,2.55,0.0
20230901:0410,0.95,8.07,8.71,18.7,2.34,0.0
20230901:0510,47.01,70.83,18.21,19.21,2.83,0.0
20230901:0610,247.75,301.06,27.39,20.16,3.31,0.0
20230901:0710,579.34,690.11,35.73,20.07,3.52,0.0
20230901:0810,515.36,616.2,42.5,21.12,3.66,0.0
20230901:0910,609.62,738.37,46.8,22.25,3.66,0.0
20230901:1010,546.25,662.07,47.75,23.13,3.66,0.0
20230901:1110,469.01,568.24,45.13,23.91,3.72,0.0
20230901:1210,555.45,675.27,39.53,24.39,3.72,0.0
20230901:1310,463.44,560.94,31.91,24.51,3.93,0.0
20230901:1410,296.65,366.16,23.1,22.78,3.79,0.0
20230901:1510,91.5,133.16,13.71,22.04,3.38,0.0
20230901:1610,3.54,13.23,4.19,21.62,3.03,0.0
20230901:1710,0.0,0.0,0.0,21.07,3.1,0.0
20230901:1810,0.0,0.0,0.0,20.68,3.03,0.0
20230901:1910,0.0,0.0,0.0,19.96,2.55,0.0
20230901:2010,0.0,0.0,0.0,19.44,2.55,0.0
20230901:2110,0.0,0.0,0.0,18.87,2.62,0.0
20230901:2210,0.0,0.0,0.0,18.26,2.41,0.0
20230901:2310,0.0,0.0,0.0,17.62,2.14,0.0
20230902:0010,0.0,0.0,0.0,16.95,1.93,0.0
20230902:0110,0.0,0.0,0.0,16.2,1.93,0.0
20230902:0210,0.0,0.0,0.0,15.41,1.86,0.0
20230902:0310,0.0,0.0,0.0,14.58,1.72,0.0
20230902:0410,1.87,9.86,8.48,14.44,1.38,0.0
20230902:0510,171.68,221.01,17.99,16.72,0.76,0.0
20230902:0610,372.89,452.25,27.15,18.78,0.69,0.0
20230902:0710,588.78,716.93,35.46,19.6,1.45,0.0
20230902:0810,683.55,850.55,42.2,20.99,1.52,0.0
20230902:0910,555.11,681.61,46.46,22.09,1.86,0.0
20230902:1010,421.31,513.75,47.38,23.01,2.28,0.0
20230902:1110,218.97,273.75,44.76,23.5,2.28,0.0
20230902:1210,446.19,546.44,39.17,23.44,1.79,0.0
20230902:1310,437.75,536.36,31.56,23.29,1.59,0.0
20230902:1410,174.95,223.67,22.76,23.18,1.52,0.0
20230902:1510,35.91,58.27,13.37,22.94,1.38,0.0
20230902:1610,7.51,19.84,3.86,22.3,1.24,0.0
20230902:1710,0.0,0.0,0.0,21.29,1.31,0.0
20230902:1810,0.0,0.0,0.0,20.11,1.24,0.0
20230902:1910,0.0,0.0,0.0,18.59,1.66,0.0
20230902:2010,0.0,0.0,0.0,18.58,1.38,0.0
20230902:2110,0.0,0.0,0.0,18.59,1.03,0.0
20230902:2210,0.0,0.0,0.0,18.48,0.76,0.0
20230902:2310,0.0,0.0,0.0,18.39,0.41,0.0
20230903:0010,0.0,0.0,0.0,18.43,0.14,0.0
20230903:0110,0.0,0.0,0.0,18.46,0.21,0.0
20230903:0210,0.0,0.0,0.0,18.27,0.76,0.0
20230903:0310,0.0,0.0,0.0,18.18,1.1,0.0
20230903:0410,0.96,8.07,8.26,17.98,1.24,0.0
20230903:0510,29.6,49.31,17.76,17.94,1.1,0.0
20230903:0610,175.05,218.35,26.91,18.83,1.31,0.0
20230903:0710,230.63,281.87,35.19,19.26,1.66,0.0
20230903:0810,209.14,258.47,41.89,20.17,2.0,0.0
20230903:0910,152.8,194.55,46.11,20.98,2.34,0.0
20230903:1010,174.42,219.42,47.01,21.16,2.62,0.0
20230903:1110,183.68,230.62,44.38,21.61,2.41,0.0
20230903:1210,593.91,723.74,38.81,22.01,2.48,0.0
20230903:1310,329.93,399.62,31.21,22.31,2.76,0.0
20230903:1410,271.8,336.58,22.42,22.11,2.9,0.0
20230903:1510,62.96,93.16,13.04,21.55,2.62,0.0
20230903:1610,4.51,14.88,3.52,20.92,2.07,0.0
20230903:1710,0.0,0.0,0.0,19.88,1.93,0.0
20230903:1810,0.0,0.0,0.0,19.23,1.93,0.0
20230903:1910,0.0,0.0,0.0,18.55,2.21,0.0
20230903:2010,0.0,0.0,0.0,18.27,2.21,0.0
20230903:2110,0.0,0.0,0.0,17.95,2.34,0.0
20230903:2210,0.0,0.0,0.0,17.65,2.48,0.0
20230903:2310,0.0,0.0,0.0,17.23,2.48,0.0
20230904:0010,0.0,0.0,0.0,16.88,2.55,0.0
20230904:0110,0.0,0.0,0.0,16.53,2.55,0.0
20230904:0210,0.0,0.0,0.0,16.31,2.55,0.0
20230904:0310,0.0,0.0,0.0,15.99,2.55,0.0
20230904:0410,11.41,25.1,8.03,16.02,2.55,0.0
20230904:0510,60.27,85.86,17.53,16.63,2.55,0.0
20230904:0610,366.99,436.18,26.66,18.3,2.97,0.0
20230904:0710,328.75,391.71,34.92,19.48,3.38,0.0
20230904:0810,510.72,610.97,41.59,21.18,3.59,0.0
20230904:0910,555.47,669.23,45.77,22.16,3.79,0.0
20230904:1010,401.66,485.01,46.64,22.98,3.72,0.0
20230904:1110,398.34,481.59,44.01,23.68,4.0,0.0
20230904:1210,156.92,200.96,38.44,24.04,4.41,0.0
20230904:1310,363.65,438.93,30.86,23.83,4.41,0.0
20230904:1410,147.2,189.9,22.08,23.44,4.34,0.0
20230904:1510,105.16,159.96,12.7,22.63,3.86,0.0
20230904:1610,3.53,13.23,3.18,21.8,3.72,0.0
20230904:1710,0.0,0.0,0.0,20.93,3.72,0.0
20230904:1810,0.0,0.0,0.0,20.12,3.72,0.0
20230904:1910,0.0,0.0,0.0,19.27,3.66,0.0
20230904:2010,0.0,0.0,0.0,18.46,3.45,0.0
20230904:2110,0.0,0.0,0.0,17.81,3.24,0.0
20230904:2210,0.0,0.0,0.0,17.18,3.17,0.0
20230904:2310,0.0,0.0,0.0,16.65,3.17,0.0
20230905:0010,0.0,0.0,0.0,16.17,3.1,0.0
20230905:0110,0.0,0.0,0.0,15.65,3.03,0.0
20230905:0210,0.0,0.0,0.0,15.18,3.03,0.0
20230905:0310,0.0,0.0,0.0,14.78,3.03,0.0
20230905:0410,32.59,59.33,7.8,14.61,2.97,0.0
20230905:0510,215.25,273.3,17.29,15.61,2.9,0.0
20230905:0610,443.67,522.99,26.42,17.36,3.45,0.0
20230905:0710,616.76,731.18,34.65,18.79,3.66,0.0
20230905:0810,747.28,901.11,41.28,20.46,4.21,0.0
20230905:0910,789.55,960.64,45.42,21.63,4.62,0.0
20230905:1010,822.86,1010.31,46.27,22.46,4.55,0.0
20230905:1110,748.9,915.88,43.63,23.03,4.34,0.0
20230905:1210,651.39,790.21,38.07,23.33,4.14,0.0
20230905:1310,511.26,615.91,30.51,23.37,4.0,0.0
20230905:1410,307.18,380.09,21.74,23.08,3.86,0.0
20230905:1510,104.72,159.69,12.36,22.47,3.17,0.0
20230905:1610,3.09,12.4,2.84,21.24,2.34,0.0
20230905:1710,0.0,0.0,0.0,19.7,2.21,0.0
20230905:1810,0.0,0.0,0.0,18.52,2.0,0.0
20230905:1910,0.0,0.0,0.0,17.44,2.07,0.0
20230905:2010,0.0,0.0,0.0,16.37,1.86,0.0
20230905:2110,0.0,0.0,0.0,15.23,1.72,0.0
20230905:2210,0.0,0.0,0.0,14.2,1.66,0.0
20230905:2310,0.0,0.0,0.0,13.52,1.72,0.0
20230906:0010,0.0,0.0,0.0,13.04,1.79,0.0
20230906:0110,0.0,0.0,0.0,12.72,1.93,0.0
20230906:0210,0.0,0.0,0.0,12.6,2.0,0.0
20230906:0310,0.0,0.0,0.0,12.53,2.0,0.0
20230906:0410,28.99,51.93,7.57,12.79,1.86,0.0
20230906:0510,190.96,242.78,17.06,14.75,1.52,0.0
20230906:0610,258.39,312.02,26.17,17.84,1.66,0.0
20230906:0710,568.53,684.16,34.37,19.49,2.14,0.0
20230906:0810,637.83,777.28,40.97,21.1,2.55,0.0
20230906:0910,781.55,972.12,45.07,22.32,2.97,0.0
20230906:1010,710.91,878.79,45.89,23.33,3.24,0.0
20230906:1110,446.75,541.18,43.25,23.35,3.24,0.0
20230906:1210,547.17,663.92,37.7,23.33,3.24,0.0
20230906:1310,137.87,178.58,30.15,23.1,2.9,0.0
20230906:1410,213.5,268.42,21.39,23.09,3.03,0.0
20230906:1510,86.96,131.25,12.02,22.55,2.34,0.0
20230906:1610,1.78,9.92,2.5,21.8,2.28,0.0
20230906:1710,0.0,0.0,0.0,21.03,2.14,0.0
20230906:1810,0.0,0.0,0.0,20.33,2.28,0.0
20230906:1910,0.0,0.0,0.0,19.93,2.55,0.0
20230906:2010,0.0,0.0,0.0,19.54,2.69,0.0
20230906:2110,0.0,0.0,0.0,19.26,2.62,0.0
20230906:2210,0.0,0.0,0.0,18.83,2.55,0.0
20230906:2310,0.0,0.0,0.0,18.43,2.41,0.0
20230907:0010,0.0,0.0,0.0,17.91,2.48,0.0
20230907:0110,0.0,0.0,0.0,17.65,2.62,0.0
20230907:0210,0.0,0.0,0.0,16.97,2.69,0.0
20230907:0310,0.0,0.0,0.0,16.28,2.76,0.0
20230907:0410,31.11,58.58,7.34,15.63,2.69,0.0
20230907:0510,219.63,279.36,16.83,15.96,2.97,0.0
20230907:0610,447.47,528.04,25.92,16.86,2.9,0.0
20230907:0710,618.33,734.38,34.09,18.01,3.03,0.0
20230907:0810,737.87,892.45,40.65,19.36,3.31,0.0
20230907:0910,813.26,994.29,44.72,20.38,3.79,0.0
20230907:1010,813.98,998.22,45.51,21.13,3.93,0.0
20230907:1110,753.21,918.33,42.86,21.6,3.93,0.0
20230907:1210,642.68,775.33,37.33,21.82,3.79,0.0
20230907:1310,504.49,604.55,29.79,21.77,3.59,0.0
20230907:1410,297.68,366.64,21.04,21.42,3.45,0.0
20230907:1510,98.7,150.74,11.68,20.77,3.1,0.0
20230907:1610,1.41,9.1,2.16,19.61,2.28,0.0
20230907:1710,0.0,0.0,0.0,18.15,2.21,0.0
20230907:1810,0.0,0.0,0.0,16.95,2.14,0.0
20230907:1910,0.0,0.0,0.0,15.94,2.14,0.0
20230907:2010,0.0,0.0,0.0,14.97,1.86,0.0
20230907:2110,0.0,0.0,0.0,13.77,1.66,0.0
20230907:2210,0.0,0.0,0.0,12.69,1.45,0.0
20230907:2310,0.0,0.0,0.0,12.78,1.1,0.0
20230908:0010,0.0,0.0,0.0,13.26,0.83,0.0
20230908:0110,0.0,0.0,0.0,11.84,1.1,0.0
20230908:0210,0.0,0.0,0.0,11.51,1.1,0.0
20230908:0310,0.0,0.0,0.0,10.98,1.24,0.0
20230908:0410,30.72,57.51,7.11,10.88,1.31,0.0
20230908:0510,223.37,282.63,16.59,12.85,0.83,0.0
20230908:0610,439.24,522.96,25.67,16.14,1.38,0.0
20230908:0710,612.94,734.05,33.82,17.24,1.93,0.0
20230908:0810,731.96,891.02,40.34,18.65,2.48,0.0
20230908:0910,793.02,978.2,44.36,19.67,2.69,0.0
20230908:1010,798.8,989.16,45.13,20.51,2.83,0.0
20230908:1110,734.83,900.91,42.48,21.19,3.1,0.0
20230908:1210,637.4,771.73,36.95,21.59,3.24,0.0
20230908:1310,513.19,615.38,29.43,21.75,3.52,0.0
20230908:1410,302.11,372.26,20.69,21.59,3.66,0.0
20230908:1510,94.83,146.37,11.33,21.08,3.17,0.0
20230908:1610,0.0,2.48,1.81,19.93,2.55,0.0
20230908:1710,0.0,0.0,0.0,18.44,2.34,0.0
20230908:1810,0.0,0.0,0.0,17.36,2.41,0.0
20230908:1910,0.0,0.0,0.0,16.67,2.55,0.0
20230908:2010,0.0,0.0,0.0,15.98,2.48,0.0
20230908:2110,0.0,0.0,0.0,15.54,2.41,0.0
20230908:2210,0.0,0.0,0.0,15.14,2.41,0.0
20230908:2310,0.0,0.0,0.0,14.65,2.41,0.0
20230909:0010,0.0,0.0,0.0,14.19,2.41,0.0
20230909:0110,0.0,0.0,0.0,13.79,2.34,0.0
20230909:0210,0.0,0.0,0.0,13.37,2.28,0.0
20230909:0310,0.0,0.0,0.0,12.97,2.28,0.0
20230909:0410,28.62,53.55,6.88,12.8,2.28,0.0
20230909:0510,210.39,264.92,16.36,13.8,2.48,0.0
20230909:0610,437.14,511.15,25.42,15.15,2.97,0.0
20230909:0710,626.81,738.42,33.54,16.4,3.1,0.0
20230909:0810,726.6,868.53,40.02,17.76,3.52,0.0
20230909:0910,720.36,862.06,44.01,18.73,4.07,0.0
20230909:1010,815.31,985.98,44.75,19.07,4.21,0.0
20230909:1110,757.22,911.78,42.09,19.16,3.93,0.0
20230909:1210,634.75,756.75,36.57,19.39,3.66,0.0
20230909:1310,498.42,590.41,29.06,19.35,3.52,0.0
20230909:1410,295.2,359.97,20.33,18.93,3.31,0.0
20230909:1510,91.14,139.05,10.98,18.32,3.03,0.0
20230909:1610,0.0,2.48,1.46,17.33,2.28,0.0
20230909:1710,0.0,0.0,0.0,15.96,2.21,0.0
20230909:1810,0.0,0.0,0.0,14.88,2.21,0.0
20230909:1910,0.0,0.0,0.0,14.05,2.14,0.0
20230909:2010,0.0,0.0,0.0,13.15,2.0,0.0
20230909:2110,0.0,0.0,0.0,12.2,1.79,0.0
20230909:2210,0.0,0.0,0.0,11.0,1.52,0.0
20230909:2310,0.0,0.0,0.0,10.55,1.31,0.0
20230910:0010,0.0,0.0,0.0,10.27,1.17,0.0
20230910:0110,0.0,0.0,0.0,9.96,1.1,0.0
20230910:0210,0.0,0.0,0.0,9.61,1.1,0.0
20230910:0310,0.0,0.0,0.0,9.18,1.1,0.0
20230910:0410,28.56,54.71,6.65,8.81,1.1,0.0
20230910:0510,222.55,278.34,16.12,10.34,0.62,0.0
20230910:0610,442.55,526.2,25.16,13.73,0.48,0.0
20230910:0710,606.51,736.9,33.25,15.3,0.41,0.0
20230910:0810,723.63,901.22,39.7,16.75,0.69,0.0
20230910:0910,775.67,982.84,43.65,17.79,0.76,0.0
20230910:1010,783.58,999.95,44.37,18.63,0.76,0.0
20230910:1110,713.97,901.85,41.7,19.29,0.69,0.0
20230910:1210,616.15,764.82,36.2,19.79,0.69,0.0
20230910:1310,485.52,592.59,28.7,19.93,0.76,0.0
20230910:1410,290.61,361.34,19.98,19.81,0.83,0.0
20230910:1510,86.52,134.28,10.63,19.42,0.97,0.0
20230910:1610,0.0,0.0,0.0,18.68,1.03,0.0
20230910:1710,0.0,0.0,0.0,17.19,1.17,0.0
20230910:1810,0.0,0.0,0.0,16.13,0.9,0.0
20230910:1910,0.0,0.0,0.0,14.12,1.45,0.0
20230910:2010,0.0,0.0,0.0,13.29,1.45,0.0
20230910:2110,0.0,0.0,0.0,13.15,1.31,0.0
20230910:2210,0.0,0.0,0.0,12.93,1.17,0.0
20230910:2310,0.0,0.0,0.0,12.67,1.1,0.0
20230911:0010,0.0,0.0,0.0,12.48,1.03,0.0
20230911:0110,0.0,0.0,0.0,12.46,0.9,0.0
20230911:0210,0.0,0.0,0.0,11.95,0.97,0.0
20230911:0310,0.0,0.0,0.0,10.71,1.17,0.0
20230911:0410,6.81,17.93,6.42,9.74,1.45,0.0
20230911:0510,104.43,135.87,15.88,11.71,0.97,0.0
20230911:0610,350.3,415.66,24.91,15.43,1.17,0.0
20230911:0710,575.61,693.9,32.97,16.41,0.9,0.0
20230911:0810,672.13,826.67,39.38,17.83,1.1,0.0
20230911:0910,743.39,932.67,43.29,19.35,1.24,0.0
20230911:1010,762.88,965.4,43.98,20.14,1.24,0.0
20230911:1110,437.33,530.17,41.31,20.35,1.31,0.0
20230911:1210,135.34,174.64,35.81,20.58,1.17,0.0
20230911:1310,292.0,355.78,28.33,20.51,0.97,0.0
20230911:1410,147.01,189.14,19.62,20.39,0.9,0.0
20230911:1510,34.31,56.5,10.28,20.11,0.76,0.0
20230911:1610,0.0,0.0,0.0,19.42,0.97,0.0
20230911:1710,0.0,0.0,0.0,17.62,1.1,0.0
20230911:1810,0.0,0.0,0.0,16.22,1.1,0.0
20230911:1910,0.0,0.0,0.0,14.06,1.86,0.0
20230911:2010,0.0,0.0,0.0,13.09,1.86,0.0
20230911:2110,0.0,0.0,0.0,12.38,1.93,0.0
20230911:2210,0.0,0.0,0.0,11.76,1.86,0.0
20230911:2310,0.0,0.0,0.0,11.22,1.86,0.0
20230912:0010,0.0,0.0,0.0,10.77,1.72,0.0
20230912:0110,0.0,0.0,0.0,10.47,1.72,0.0
20230912:0210,0.0,0.0,0.0,10.2,1.66,0.0
20230912:0310,0.0,0.0,0.0,9.88,1.72,0.0
20230912:0410,19.61,37.64,6.18,9.73,1.66,0.0
20230912:0510,206.32,259.44,15.64,12.04,1.1,0.0
20230912:0610,420.46,499.64,24.65,15.75,1.24,0.0
20230912:0710,585.7,708.15,32.68,17.8,1.24,0.0
20230912:0810,704.13,873.57,39.05,19.96,1.52,0.0
20230912:0910,764.04,965.73,42.93,21.58,1.66,0.0
20230912:1010,763.74,974.83,43.6,22.69,1.52,0.0
20230912:1110,701.79,891.93,40.92,23.38,1.31,0.0
20230912:1210,599.51,754.13,35.43,23.78,0.97,0.0
20230912:1310,463.78,575.86,27.96,23.89,0.83,0.0
20230912:1410,268.49,341.02,19.26,23.75,0.83,0.0
20230912:1510,75.91,121.46,9.93,23.22,1.1,0.0
20230912:1610,0.0,0.0,0.0,21.7,1.93,0.0
20230912:1710,0.0,0.0,0.0,19.84,2.21,0.0
20230912:1810,0.0,0.0,0.0,18.51,2.34,0.0
20230912:1910,0.0,0.0,0.0,17.56,2.41,0.0
20230912:2010,0.0,0.0,0.0,16.74,2.41,0.0
20230912:2110,0.0,0.0,0.0,16.07,2.28,0.0
20230912:2210,0.0,0.0,0.0,15.45,2.21,0.0
20230912:2310,0.0,0.0,0.0,14.87,2.14,0.0
20230913:0010,0.0,0.0,0.0,14.3,2.07,0.0
20230913:0110,0.0,0.0,0.0,13.72,2.07,0.0
20230913:0210,0.0,0.0,0.0,13.16,2.07,0.0
20230913:0310,0.0,0.0,0.0,12.71,2.14,0.0
20230913:0410,16.66,33.3,5.95,12.47,2.14,0.0
20230913:0510,188.25,238.49,15.4,13.98,1.79,0.0
20230913:0610,402.7,476.83,24.39,16.75,2.14,0.0
20230913:0710,576.27,689.48,32.4,18.65,2.28,0.0
20230913:0810,696.27,851.68,38.73,20.84,2.62,0.0
20230913:0910,769.57,957.8,42.56,22.58,2.9,0.0
20230913:1010,772.01,965.51,43.21,23.86,3.1,0.0
20230913:1110,710.47,882.22,40.53,24.59,3.24,0.0
20230913:1210,605.9,744.14,35.05,24.9,3.17,0.0
20230913:1310,465.02,567.32,27.59,24.9,3.03,0.0
20230913:1410,282.98,356.79,18.9,24.64,2.9,0.0
20230913:1510,63.86,102.52,9.57,23.63,2.55,0.0
20230913:1610,0.0,0.0,0.0,22.02,2.83,0.0
20230913:1710,0.0,0.0,0.0,20.72,3.1,0.0
20230913:1810,0.0,0.0,0.0,19.92,3.17,0.0
20230913:1910,0.0,0.0,0.0,19.46,3.17,0.0
20230913:2010,0.0,0.0,0.0,18.82,3.17,0.0
20230913:2110,0.0,0.0,0.0,18.34,3.31,0.0
20230913:2210,0.0,0.0,0.0,17.82,3.31,0.0
20230913:2310,0.0,0.0,0.0,17.34,3.17,0.0
20230914:0010,0.0,0.0,0.0,16.97,2.97,0.0
20230914:0110,0.0,0.0,0.0,16.43,2.62,0.0
20230914:0210,0.0,0.0,0.0,16.18,2.55,0.0
20230914:0310,0.0,0.0,0.0,15.82,2.55,0.0
20230914:0410,0.0,4.48,5.71,15.49,2.28,0.0
20230914:0510,116.81,153.22,15.16,15.99,2.14,0.0
20230914:0610,402.95,476.35,24.13,17.28,2.69,0.0
20230914:0710,559.66,666.7,32.11,19.14,2.76,0.0
20230914:0810,685.66,832.19,38.4,20.55,2.97,0.0
20230914:0910,652.02,795.19,42.2,21.72,2.97,0.0
20230914:1010,766.66,952.46,42.82,22.72,3.03,0.0
20230914:1110,720.92,889.96,40.14,23.73,3.38,0.0
20230914:1210,585.38,713.48,34.66,24.36,3.45,0.0
20230914:1310,185.98,235.13,27.22,24.86,3.31,0.0
20230914:1410,123.61,164.31,18.54,24.97,3.17,0.0
20230914:1510,7.92,20.62,9.22,24.24,2.55,0.0
20230914:1610,0.0,0.0,0.0,22.39,2.34,0.0
20230914:1710,0.0,0.0,0.0,20.29,2.14,0.0
20230914:1810,0.0,0.0,0.0,19.16,2.34,0.0
20230914:1910,0.0,0.0,0.0,18.67,1.93,0.0
20230914:2010,0.0,0.0,0.0,18.36,1.66,0.0
20230914:2110,0.0,0.0,0.0,18.18,1.72,0.0
20230914:2210,0.0,0.0,0.0,17.79,1.86,0.0
20230914:2310,0.0,0.0,0.0,17.46,1.59,0.0
20230915:0010,0.0,0.0,0.0,17.13,1.31,0.0
20230915:0110,0.0,0.0,0.0,16.83,2.41,0.0
20230915:0210,0.0,0.0,0.0,16.6,3.17,0.0
20230915:0310,0.0,0.0,0.0,16.27,3.03,0.0
20230915:0410,0.98,8.07,5.47,16.07,3.24,0.0
20230915:0510,15.28,30.48,14.91,16.29,3.59,0.0
20230915:0610,88.67,118.16,23.87,16.95,4.62,0.0
20230915:0710,87.66,117.44,31.82,17.81,4.83,0.0
20230915:0810,287.4,341.89,38.07,18.79,4.9,0.0
20230915:0910,483.47,570.01,41.84,19.43,4.48,0.0
20230915:1010,60.51,86.96,42.43,19.84,4.28,0.0
20230915:1110,137.62,175.72,39.74,20.17,4.55,0.0
20230915:1210,93.56,125.51,34.28,20.33,4.62,0.0
20230915:1310,40.91,63.65,26.84,20.24,4.55,0.0
20230915:1410,18.96,35.86,18.18,19.89,4.14,0.0
20230915:1510,18.35,34.96,8.86,19.27,3.93,0.0
20230915:1610,0.0,0.0,0.0,18.56,3.79,0.0
20230915:1710,0.0,0.0,0.0,18.03,3.59,0.0
20230915:1810,0.0,0.0,0.0,17.66,3.45,0.0
20230915:1910,0.0,0.0,0.0,17.03,2.76,0.0
20230915:2010,0.0,0.0,0.0,16.84,2.55,0.0
20230915:2110,0.0,0.0,0.0,16.67,2.28,0.0
20230915:2210,0.0,0.0,0.0,16.52,2.07,0.0
20230915:2310,0.0,0.0,0.0,16.37,1.93,0.0
20230916:0010,0.0,0.0,0.0,16.05,1.79,0.0
20230916:0110,0.0,0.0,0.0,15.9,1.72,0.0
20230916:0210,0.0,0.0,0.0,15.73,1.72,0.0
20230916:0310,0.0,0.0,0.0,15.45,1.79,0.0
20230916:0410,0.0,4.48,5.24,15.36,1.79,0.0
20230916:0510,38.83,60.07,14.67,15.51,2.0,0.0
20230916:0610,98.1,128.67,23.6,15.87,2.0,0.0
20230916:0710,173.43,213.44,31.52,16.14,1.79,0.0
20230916:0810,149.73,188.08,37.74,17.22,1.72,0.0
20230916:0910,156.01,196.25,41.47,18.26,1.59,0.0
20230916:1010,117.04,152.41,42.04,18.94,1.24,0.0
20230916:1110,345.92,417.65,39.34,19.32,1.1,0.0
20230916:1210,297.57,360.75,33.89,19.81,1.1,0.0
20230916:1310,360.78,435.57,26.47,19.88,1.17,0.0
20230916:1410,123.61,161.37,17.82,19.87,1.45,0.0
20230916:1510,61.96,101.32,8.5,19.66,1.66,0.0
20230916:1610,0.0,0.0,0.0,18.89,1.52,0.0
20230916:1710,0.0,0.0,0.0,18.07,1.72,0.0
20230916:1810,0.0,0.0,0.0,17.19,1.86,0.0
20230916:1910,0.0,0.0,0.0,16.85,2.0,0.0
20230916:2010,0.0,0.0,0.0,16.41,2.0,0.0
20230916:2110,0.0,0.0,0.0,15.98,1.86,0.0
20230916:2210,0.0,0.0,0.0,15.54,1.72,0.0
20230916:2310,0.0,0.0,0.0,15.17,1.72,0.0
20230917:0010,0.0,0.0,0.0,14.71,1.66,0.0
20230917:0110,0.0,0.0,0.0,14.45,1.59,0.0
20230917:0210,0.0,0.0,0.0,14.1,1.66,0.0
20230917:0310,0.0,0.0,0.0,13.85,1.59,0.0
20230917:0410,3.34,12.55,5.0,13.86,1.52,0.0
20230917:0510,101.37,134.17,14.42,14.5,1.45,0.0
20230917:0610,314.98,373.77,23.34,15.94,1.66,0.0
20230917:0710,600.9,719.63,31.23,17.07,1.72,0.0
20230917:0810,718.36,881.13,37.41,18.68,1.86,0.0
20230917:0910,770.75,959.58,41.1,20.16,2.07,0.0
20230917:1010,764.66,948.73,41.65,21.3,2.62,0.0
20230917:1110,675.34,826.85,38.95,21.61,2.76,0.0
20230917:1210,540.63,653.12,33.5,21.79,2.69,0.0
20230917:1310,430.74,518.98,26.1,21.77,2.55,0.0
20230917:1410,233.32,292.97,17.45,21.76,2.48,0.0
20230917:1510,58.2,96.87,8.15,21.17,2.0,0.0
20230917:1610,0.0,0.0,0.0,19.67,2.34,0.0
20230917:1710,0.0,0.0,0.0,18.11,2.69,0.0
20230917:1810,0.0,0.0,0.0,17.23,2.83,0.0
20230917:1910,0.0,0.0,0.0,16.63,2.83,0.0
20230917:2010,0.0,0.0,0.0,16.03,2.83,0.0
20230917:2110,0.0,0.0,0.0,15.56,2.83,0.0
20230917:2210,0.0,0.0,0.0,15.15,2.76,0.0
20230917:2310,0.0,0.0,0.0,14.77,2.69,0.0
20230918:0010,0.0,0.0,0.0,14.39,2.55,0.0
20230918:0110,0.0,0.0,0.0,13.98,2.41,0.0
20230918:0210,0.0,0.0,0.0,13.54,2.28,0.0
20230918:0310,0.0,0.0,0.0,13.05,2.14,0.0
20230918:0410,0.0,5.38,4.76,12.71,2.07,0.0
20230918:0510,90.92,121.33,14.18,13.63,1.66,0.0
20230918:0610,419.82,496.41,23.07,16.04,1.86,0.0
20230918:0710,598.18,718.33,30.93,18.16,1.93,0.0
20230918:0810,711.94,878.62,37.08,20.38,2.0,0.0
20230918:0910,775.59,977.82,40.73,22.25,2.07,0.0
20230918:1010,780.73,985.45,41.26,23.54,2.48,0.0
20230918:1110,707.18,881.44,38.55,24.04,2.69,0.0
20230918:1210,549.13,673.24,33.11,24.26,2.55,0.0
20230918:1310,451.99,552.58,25.72,24.23,2.34,0.0
20230918:1410,253.58,321.78,17.09,24.0,2.14,0.0
20230918:1510,57.22,97.7,7.79,22.92,1.79,0.0
20230918:1610,0.0,0.0,0.0,20.99,2.41,0.0
20230918:1710,0.0,0.0,0.0,19.32,2.62,0.0
20230918:1810,0.0,0.0,0.0,18.24,2.76,0.0
20230918:1910,0.0,0.0,0.0,17.41,2.76,0.0
20230918:2010,0.0,0.0,0.0,16.75,2.9,0.0
20230918:2110,0.0,0.0,0.0,16.22,2.9,0.0
20230918:2210,0.0,0.0,0.0,15.76,2.83,0.0
20230918:2310,0.0,0.0,0.0,15.3,2.69,0.0
20230919:0010,0.0,0.0,0.0,14.87,2.62,0.0
20230919:0110,0.0,0.0,0.0,14.5,2.62,0.0
20230919:0210,0.0,0.0,0.0,14.17,2.62,0.0
20230919:0310,0.0,0.0,0.0,13.89,2.62,0.0
20230919:0410,13.48,32.15,4.52,13.65,2.62,0.0
20230919:0510,205.56,260.05,13.93,14.53,2.48,0.0
20230919:0610,436.16,514.47,22.81,16.7,2.62,0.0
20230919:0710,621.04,738.0,30.64,18.7,3.31,0.0
20230919:0810,735.62,890.69,36.75,20.75,3.79,0.0
20230919:0910,803.91,983.72,40.36,22.3,4.48,0.0
20230919:1010,804.58,982.63,40.86,23.27,5.24,0.0
20230919:1110,731.23,886.47,38.15,23.87,5.52,0.0
20230919:1210,608.13,730.25,32.72,24.19,5.59,0.0
20230919:1310,455.9,546.84,25.34,24.25,5.45,0.0
20230919:1410,255.95,322.01,16.72,23.93,4.55,0.0
20230919:1510,52.08,89.61,7.43,22.88,3.93,0.0
20230919:1610,0.0,0.0,0.0,21.29,3.52,0.0
20230919:1710,0.0,0.0,0.0,19.91,3.24,0.0
20230919:1810,0.0,0.0,0.0,18.99,3.38,0.0
20230919:1910,0.0,0.0,0.0,18.39,3.24,0.0
20230919:2010,0.0,0.0,0.0,18.03,3.45,0.0
20230919:2110,0.0,0.0,0.0,17.88,3.52,0.0
20230919:2210,0.0,0.0,0.0,17.73,3.38,0.0
20230919:2310,0.0,0.0,0.0,17.43,3.1,0.0
20230920:0010,0.0,0.0,0.0,17.12,3.17,0.0
20230920:0110,0.0,0.0,0.0,16.98,3.31,0.0
20230920:0210,0.0,0.0,0.0,16.65,3.52,0.0
20230920:0310,0.0,0.0,0.0,16.31,3.66,0.0
20230920:0410,0.0,2.69,4.28,16.12,3.66,0.0
20230920:0510,10.15,23.31,13.68,16.07,3.66,0.0
20230920:0610,66.13,92.34,22.54,16.5,3.45,0.0
20230920:0710,121.92,155.9,30.34,16.96,3.17,0.0
20230920:0810,345.34,407.36,36.41,18.2,3.79,0.0
20230920:0910,134.91,172.13,39.99,19.38,4.21,0.0
20230920:1010,271.93,326.76,40.47,19.7,4.21,0.0
20230920:1110,146.45,185.5,37.75,19.8,4.0,0.0
20230920:1210,98.91,131.79,32.33,20.57,4.55,0.0
20230920:1310,43.73,67.24,24.97,20.76,4.0,0.0
20230920:1410,7.52,19.72,16.36,20.39,3.03,0.0
20230920:1510,27.84,49.91,7.07,19.67,2.62,0.0
20230920:1610,0.0,0.0,0.0,19.29,2.34,0.0
20230920:1710,0.0,0.0,0.0,18.7,1.93,0.0
20230920:1810,0.0,0.0,0.0,18.14,1.72,0.0
20230920:1910,0.0,0.0,0.0,17.94,1.38,0.0
20230920:2010,0.0,0.0,0.0,17.23,1.52,0.0
20230920:2110,0.0,0.0,0.0,16.76,1.66,0.0
20230920:2210,0.0,0.0,0.0,16.4,1.52,0.0
20230920:2310,0.0,0.0,0.0,16.22,1.17,0.0
20230921:0010,0.0,0.0,0.0,15.57,1.03,0.0
20230921:0110,0.0,0.0,0.0,15.04,1.1,0.0
20230921:0210,0.0,0.0,0.0,14.62,1.17,0.0
20230921:0310,0.0,0.0,0.0,14.45,1.1,0.0
20230921:0410,0.59,7.17,4.04,14.27,0.97,0.0
20230921:0510,49.6,73.28,13.43,15.41,0.55,0.0
20230921:0610,284.79,342.73,22.27,16.93,0.62,0.0
20230921:0710,556.06,670.55,30.04,18.39,1.31,0.0
20230921:0810,675.56,838.21,36.07,20.11,1.24,0.0
20230921:0910,556.93,687.46,39.62,21.5,1.1,0.0
20230921:1010,447.17,547.93,40.07,22.41,1.24,0.0
20230921:1110,73.63,104.0,37.35,22.98,1.52,0.0
20230921:1210,61.47,89.65,31.94,23.48,1.79,0.0
20230921:1310,123.21,162.25,24.59,23.79,2.0,0.0
20230921:1410,153.62,200.58,15.99,23.85,2.0,0.0
20230921:1510,35.23,63.73,6.71,23.28,1.79,0.0
20230921:1610,0.0,0.0,0.0,21.74,2.62,0.0
20230921:1710,0.0,0.0,0.0,20.62,3.31,0.0
20230921:1810,0.0,0.0,0.0,19.85,3.66,0.0
20230921:1910,0.0,0.0,0.0,19.05,3.31,0.0
20230921:2010,0.0,0.0,0.0,18.33,3.17,0.0
20230921:2110,0.0,0.0,0.0,17.58,3.1,0.0
20230921:2210,0.0,0.0,0.0,16.98,3.03,0.0
20230921:2310,0.0,0.0,0.0,16.39,2.9,0.0
20230922:0010,0.0,0.0,0.0,15.87,2.76,0.0
20230922:0110,0.0,0.0,0.0,15.36,2.76,0.0
20230922:0210,0.0,0.0,0.0,14.92,2.76,0.0
20230922:0310,0.0,0.0,0.0,14.59,2.76,0.0
20230922:0410,6.34,18.99,3.8,14.29,2.76,0.0
20230922:0510,179.05,228.15,13.18,15.02,2.69,0.0
20230922:0610,401.61,472.34,22.0,16.89,3.1,0.0
20230922:0710,495.91,584.61,29.74,18.95,3.52,0.0
20230922:0810,628.83,753.26,35.74,20.7,3.79,0.0
20230922:0910,775.37,948.73,39.25,22.22,4.07,0.0
20230922:1010,686.56,835.3,39.68,23.42,4.41,0.0
20230922:1110,526.67,634.68,36.96,24.18,4.62,0.0
20230922:1210,527.54,635.4,31.55,24.46,4.62,0.0
20230922:1310,427.68,515.55,24.21,24.34,4.48,0.0
20230922:1410,228.64,289.91,15.63,23.83,4.21,0.0
20230922:1510,54.97,99.91,6.35,22.68,3.52,0.0
20230922:1610,0.0,0.0,0.0,21.11,3.52,0.0
20230922:1710,0.0,0.0,0.0,19.95,3.52,0.0
20230922:1810,0.0,0.0,0.0,19.16,3.52,0.0
20230922:1910,0.0,0.0,0.0,18.93,3.17,0.0
20230922:2010,0.0,0.0,0.0,18.4,3.1,0.0
20230922:2110,0.0,0.0,0.0,18.1,3.17,0.0
20230922:2210,0.0,0.0,0.0,17.71,3.1,0.0
20230922:2310,0.0,0.0,0.0,17.33,2.97,0.0
20230923:0010,0.0,0.0,0.0,16.86,2.83,0.0
20230923:0110,0.0,0.0,0.0,16.42,2.83,0.0
20230923:0210,0.0,0.0,0.0,16.07,2.83,0.0
20230923:0310,0.0,0.0,0.0,15.83,2.83,0.0
20230923:0410,2.8,11.65,3.55,15.68,2.76,0.0
20230923:0510,154.12,199.08,12.93,16.28,2.76,0.0
20230923:0610,387.5,458.05,21.73,17.95,3.1,0.0
20230923:0710,557.42,659.57,29.44,19.82,3.86,0.0
20230923:0810,668.6,804.52,35.4,21.51,4.07,0.0
20230923:0910,758.51,928.24,38.87,22.94,4.21,0.0
20230923:1010,757.55,930.78,39.28,23.92,4.34,0.0
20230923:1110,695.93,850.1,36.56,24.51,4.48,0.0
20230923:1210,575.12,695.85,31.16,24.84,4.48,0.0
20230923:1310,361.22,437.57,23.83,24.88,4.48,0.0
20230923:1410,189.83,244.27,15.26,24.72,4.21,0.0
20230923:1510,43.92,81.93,5.99,23.73,3.31,0.0
20230923:1610,0.0,0.0,0.0,22.19,3.31,0.0
20230923:1710,0.0,0.0,0.0,21.1,3.52,0.0
20230923:1810,0.0,0.0,0.0,20.38,3.59,0.0
20230923:1910,0.0,0.0,0.0,20.08,3.59,0.0
20230923:2010,0.0,0.0,0.0,19.58,3.38,0.0
20230923:2110,0.0,0.0,0.0,19.05,3.03,0.0
20230923:2210,0.0,0.0,0.0,18.51,2.9,0.0
20230923:2310,0.0,0.0,0.0,17.99,2.83,0.0
20230924:0010,0.0,0.0,0.0,17.53,2.76,0.0
20230924:0110,0.0,0.0,0.0,17.08,2.69,0.0
20230924:0210,0.0,0.0,0.0,16.62,2.55,0.0
20230924:0310,0.0,0.0,0.0,16.18,2.48,0.0
20230924:0410,2.31,10.76,3.31,15.79,2.48,0.0
20230924:0510,166.1,214.03,12.67,16.35,2.34,0.0
20230924:0610,395.19,469.13,21.45,18.17,2.55,0.0
20230924:0710,569.83,682.31,29.13,20.29,2.83,0.0
20230924:0810,685.07,839.19,35.06,22.25,2.9,0.0
20230924:0910,738.93,919.5,38.5,23.87,3.03,0.0
20230924:1010,736.05,921.92,38.89,25.08,3.03,0.0
20230924:1110,673.63,839.76,36.16,25.79,2.97,0.0
20230924:1210,559.79,692.25,30.77,26.04,2.55,0.0
20230924:1310,413.5,510.05,23.46,25.99,2.14,0.0
20230924:1410,209.14,271.07,14.89,25.63,2.0,0.0
20230924:1510,27.93,55.36,5.63,24.3,2.0,0.0
20230924:1610,0.0,0.0,0.0,22.41,2.34,0.0
20230924:1710,0.0,0.0,0.0,20.96,2.48,0.0
20230924:1810,0.0,0.0,0.0,19.89,2.41,0.0
20230924:1910,0.0,0.0,0.0,19.37,2.07,0.0
20230924:2010,0.0,0.0,0.0,18.36,2.0,0.0
20230924:2110,0.0,0.0,0.0,17.36,1.93,0.0
20230924:2210,0.0,0.0,0.0,16.31,1.79,0.0
20230924:2310,0.0,0.0,0.0,15.49,1.45,0.0
20230925:0010,0.0,0.0,0.0,14.56,1.59,0.0
20230925:0110,0.0,0.0,0.0,13.94,1.59,0.0
20230925:0210,0.0,0.0,0.0,13.55,1.52,0.0
20230925:0310,0.0,0.0,0.0,13.28,1.52,0.0
20230925:0410,1.43,8.97,3.06,13.2,1.38,0.0
20230925:0510,153.93,198.39,12.42,14.43,0.9,0.0
20230925:0610,372.57,447.84,21.18,17.55,0.69,0.0
20230925:0710,540.52,657.78,28.83,19.9,1.1,0.0
20230925:0810,659.06,818.09,34.72,21.99,1.66,0.0
20230925:0910,717.9,903.33,38.12,23.55,2.0,0.0
20230925:1010,719.89,913.17,38.49,24.68,1.93,0.0
20230925:1110,661.17,839.2,35.76,25.41,1.52,0.0
20230925:1210,550.87,689.93,30.38,25.81,1.38,0.0
20230925:1310,405.84,502.66,23.08,25.85,1.59,0.0
20230925:1410,201.85,262.32,14.53,25.54,1.86,0.0
20230925:1510,22.65,46.63,5.27,24.26,1.93,0.0
20230925:1610,0.0,0.0,0.0,22.3,2.41,0.0
20230925:1710,0.0,0.0,0.0,20.81,2.69,0.0
20230925:1810,0.0,0.0,0.0,19.78,2.9,0.0
20230925:1910,0.0,0.0,0.0,19.27,3.03,0.0
20230925:2010,0.0,0.0,0.0,18.92,2.76,0.0
20230925:2110,0.0,0.0,0.0,18.34,2.48,0.0
20230925:2210,0.0,0.0,0.0,17.95,2.21,0.0
20230925:2310,0.0,0.0,0.0,17.66,2.0,0.0
20230926:0010,0.0,0.0,0.0,17.4,2.0,0.0
20230926:0110,0.0,0.0,0.0,17.04,2.14,0.0
20230926:0210,0.0,0.0,0.0,16.81,2.34,0.0
20230926:0310,0.0,0.0,0.0,16.63,2.34,0.0
20230926:0410,0.0,1.79,2.82,16.52,2.21,0.0
20230926:0510,17.89,34.07,12.16,16.86,1.93,0.0
20230926:0610,103.12,135.26,20.9,17.78,2.28,0.0
20230926:0710,272.89,326.22,28.52,17.98,2.28,0.0
20230926:0810,689.44,840.85,34.38,19.53,2.21,0.0
20230926:0910,755.29,935.89,37.75,20.98,2.41,0.0
20230926:1010,747.22,929.15,38.1,22.17,2.55,0.0
20230926:1110,690.94,853.92,35.36,22.93,2.62,0.0
20230926:1210,477.69,579.53,29.99,23.37,2.55,0.0
20230926:1310,403.54,490.34,22.7,23.47,2.48,0.0
20230926:1410,213.17,272.91,14.16,23.16,2.48,0.0
20230926:1510,19.33,41.04,4.91,22.25,2.07,0.0
20230926:1610,0.0,0.0,0.0,20.68,2.28,0.0
20230926:1710,0.0,0.0,0.0,19.43,2.41,0.0
20230926:1810,0.0,0.0,0.0,18.49,2.41,0.0
20230926:1910,0.0,0.0,0.0,17.25,2.41,0.0
20230926:2010,0.0,0.0,0.0,16.42,2.28,0.0
20230926:2110,0.0,0.0,0.0,15.69,2.14,0.0
20230926:2210,0.0,0.0,0.0,14.98,2.14,0.0
20230926:2310,0.0,0.0,0.0,14.35,2.07,0.0
20230927:0010,0.0,0.0,0.0,13.76,2.07,0.0
20230927:0110,0.0,0.0,0.0,13.23,2.0,0.0
20230927:0210,0.0,0.0,0.0,12.74,1.93,0.0
20230927:0310,0.0,0.0,0.0,12.28,2.0,0.0
20230927:0410,0.61,7.17,2.57,11.9,2.07,0.0
20230927:0510,187.81,236.62,11.91,12.36,1.79,0.0
20230927:0610,420.76,493.57,20.63,14.43,1.79,0.0
20230927:0710,603.48,719.37,28.22,15.99,1.66,0.0
20230927:0810,715.92,876.31,34.03,18.18,1.79,0.0
20230927:0910,775.45,965.86,37.37,19.93,2.0,0.0
20230927:1010,771.31,967.38,37.7,21.02,1.93,0.0
20230927:1110,695.63,866.09,34.96,21.71,1.79,0.0
20230927:1210,564.52,692.33,29.6,22.15,1.66,0.0
20230927:1310,433.31,527.87,22.33,22.21,1.59,0.0
20230927:1410,232.88,296.85,13.8,21.9,1.59,0.0
20230927:1510,18.47,40.06,4.55,20.92,1.59,0.0
20230927:1610,0.0,0.0,0.0,19.22,2.14,0.0
20230927:1710,0.0,0.0,0.0,17.77,2.28,0.0
20230927:1810,0.0,0.0,0.0,16.74,2.21,0.0
20230927:1910,0.0,0.0,0.0,16.03,2.28,0.0
20230927:2010,0.0,0.0,0.0,15.32,2.21,0.0
20230927:2110,0.0,0.0,0.0,14.67,2.0,0.0
20230927:2210,0.0,0.0,0.0,13.97,1.93,0.0
20230927:2310,0.0,0.0,0.0,13.2,1.79,0.0
20230928:0010,0.0,0.0,0.0,12.48,1.79,0.0
20230928:0110,0.0,0.0,0.0,11.91,1.79,0.0
20230928:0210,0.0,0.0,0.0,11.45,1.79,0.0
20230928:0310,0.0,0.0,0.0,11.07,1.72,0.0
20230928:0410,0.0,5.38,2.33,10.74,1.79,0.0
20230928:0510,185.0,232.88,11.65,11.55,1.38,0.0
20230928:0610,410.09,484.98,20.35,15.16,1.24,0.0
20230928:0710,582.99,703.94,27.91,17.39,1.1,0.0
20230928:0810,688.9,857.59,33.69,19.71,1.1,0.0
20230928:0910,737.76,937.91,37.0,21.74,1.17,0.0
20230928:1010,742.04,947.49,37.31,23.39,1.45,0.0
20230928:1110,677.61,853.75,34.56,24.43,1.79,0.0
20230928:1210,544.21,674.14,29.21,24.88,1.79,0.0
20230928:1310,419.4,516.2,21.95,24.79,1.79,0.0
20230928:1410,216.54,280.13,13.43,24.38,1.72,0.0
20230928:1510,15.66,36.15,4.2,22.99,1.86,0.0
20230928:1610,0.0,0.0,0.0,21.0,2.21,0.0
20230928:1710,0.0,0.0,0.0,19.4,2.28,0.0
20230928:1810,0.0,0.0,0.0,18.19,2.28,0.0
20230928:1910,0.0,0.0,0.0,17.28,2.21,0.0
20230928:2010,0.0,0.0,0.0,16.43,2.21,0.0
20230928:2110,0.0,0.0,0.0,15.7,2.14,0.0
20230928:2210,0.0,0.0,0.0,14.98,2.14,0.0
20230928:2310,0.0,0.0,0.0,14.26,2.07,0.0
20230929:0010,0.0,0.0,0.0,13.46,2.0,0.0
20230929:0110,0.0,0.0,0.0,12.69,1.86,0.0
20230929:0210,0.0,0.0,0.0,12.0,1.79,0.0
20230929:0310,0.0,0.0,0.0,11.46,1.72,0.0
20230929:0410,0.0,1.79,2.08,11.08,1.66,0.0
20230929:0510,180.11,227.36,11.39,11.82,1.31,0.0
20230929:0610,408.93,486.06,20.07,15.48,0.9,0.0
20230929:0710,578.08,700.79,27.6,17.82,0.97,0.0
20230929:0810,688.58,859.67,33.35,20.23,1.1,0.0
20230929:0910,718.8,908.12,36.62,22.29,1.45,0.0
20230929:1010,741.78,940.66,36.91,23.66,1.86,0.0
20230929:1110,672.6,853.88,34.16,24.09,1.24,0.0
20230929:1210,536.54,673.47,28.82,24.17,0.62,0.0
20230929:1310,414.39,515.57,21.58,24.03,0.48,0.0
20230929:1410,207.21,269.37,13.07,23.67,0.69,0.0
20230929:1510,12.02,29.8,3.84,22.66,1.31,0.0
20230929:1610,0.0,0.0,0.0,20.8,1.93,0.0
20230929:1710,0.0,0.0,0.0,19.01,2.14,0.0
20230929:1810,0.0,0.0,0.0,17.68,2.14,0.0
20230929:1910,0.0,0.0,0.0,16.69,2.28,0.0
20230929:2010,0.0,0.0,0.0,15.9,2.21,0.0
20230929:2110,0.0,0.0,0.0,15.21,2.14,0.0
20230929:2210,0.0,0.0,0.0,14.49,2.07,0.0
20230929:2310,0.0,0.0,0.0,13.64,1.86,0.0
20230930:0010,0.0,0.0,0.0,12.79,1.66,0.0
20230930:0110,0.0,0.0,0.0,12.71,1.38,0.0
20230930:0210,0.0,0.0,0.0,12.75,1.17,0.0
20230930:0310,0.0,0.0,0.0,12.8,1.1,0.0
20230930:0410,0.0,0.9,1.83,12.33,1.17,0.0
20230930:0510,164.49,209.08,11.13,12.09,1.17,0.0
20230930:0610,393.23,467.81,19.79,15.49,0.76,0.0
20230930:0710,567.91,689.2,27.29,18.07,0.9,0.0
20230930:0810,677.42,846.7,33.0,20.54,1.03,0.0
20230930:0910,736.4,933.36,36.24,22.61,1.52,0.0
20230930:1010,731.49,924.59,36.52,23.88,2.0,0.0
20230930:1110,641.69,800.61,33.77,24.41,2.07,0.0
20230930:1210,364.44,446.42,28.44,24.57,1.86,0.0
20230930:1310,349.04,429.45,21.2,24.48,1.59,0.0
20230930:1410,202.23,263.08,12.71,24.09,1.31,0.0
20230930:1510,9.38,25.36,3.49,22.85,1.79,0.0
20230930:1610,0.0,0.0,0.0,20.79,2.21,0.0
20230930:1710,0.0,0.0,0.0,19.21,2.21,0.0
20230930:1810,0.0,0.0,0.0,18.1,2.34,0.0
20230930:1910,0.0,0.0,0.0,17.16,2.48,0.0
20230930:2010,0.0,0.0,0.0,16.56,2.48,0.0
20230930:2110,0.0,0.0,0.0,16.13,2.41,0.0
20230930:2210,0.0,0.0,0.0,15.78,2.34,0.0
20230930:2310,0.0,0.0,0.0,15.54,2.28,0.0
20231001:0010,0.0,0.0,0.0,15.43,2.07,0.0
20231001:0110,0.0,0.0,0.0,15.18,1.86,0.0
20231001:0210,0.0,0.0,0.0,14.88,1.79,0.0
20231001:0310,0.0,0.0,0.0,14.87,2.07,0.0
20231001:0410,0.0,0.9,1.58,14.7,2.62,0.0
20231001:0510,85.95,116.99,10.87,15.08,2.97,0.0
20231001:0610,193.77,234.04,19.51,16.0,4.0,0.0
20231001:0710,61.46,86.96,26.98,16.77,4.69,0.0
20231001:0810,62.79,88.76,32.66,17.45,4.55,0.0
20231001:0910,69.07,95.93,35.87,17.2,4.34,0.0
20231001:1010,146.57,183.15,36.12,16.92,4.55,0.0
20231001:1110,64.71,90.55,33.37,16.25,4.34,0.0
20231001:1210,506.96,588.07,28.05,16.27,3.93,0.0
20231001:1310,339.4,397.62,20.83,16.65,3.66,0.0
20231001:1410,112.59,147.72,12.35,16.93,3.31,0.0
20231001:1510,11.8,30.59,3.13,16.69,2.55,0.0
20231001:1610,0.0,0.0,0.0,16.06,2.41,0.0
20231001:1710,0.0,0.0,0.0,15.47,2.41,0.0
20231001:1810,0.0,0.0,0.0,15.09,2.28,0.0
20231001:1910,0.0,0.0,0.0,14.37,2.34,0.0
20231001:2010,0.0,0.0,0.0,14.25,2.34,0.0
20231001:2110,0.0,0.0,0.0,14.06,2.55,0.0
20231001:2210,0.0,0.0,0.0,14.03,2.62,0.0
20231001:2310,0.0,0.0,0.0,13.66,2.62,0.0
20231002:0010,0.0,0.0,0.0,13.03,2.62,0.0
20231002:0110,0.0,0.0,0.0,12.69,2.76,0.0
20231002:0210,0.0,0.0,0.0,12.33,2.9,0.0
20231002:0310,0.0,0.0,0.0,12.04,2.97,0.0
20231002:0410,0.0,0.0,0.0,11.98,3.03,0.0
20231002:0510,40.31,61.37,10.61,12.17,2.97,0.0
20231002:0610,233.97,275.27,19.23,13.03,3.45,0.0
20231002:0710,245.06,286.74,26.67,13.61,4.55,0.0
20231002:0810,310.5,359.65,32.31,14.09,4.48,0.0
20231002:0910,309.5,360.18,35.49,15.02,4.83,0.0
20231002:1010,549.21,634.16,35.73,15.75,4.97,0.0
20231002:1110,572.28,662.51,32.97,16.42,5.03,0.0
20231002:1210,402.62,466.42,27.67,16.81,4.9,0.0
20231002:1310,401.34,466.85,20.46,16.71,4.55,0.0
20231002:1410,209.54,260.93,11.99,16.49,4.14,0.0
20231002:1510,4.38,15.53,2.78,16.03,3.45,0.0
20231002:1610,0.0,0.0,0.0,15.22,2.76,0.0
20231002:1710,0.0,0.0,0.0,14.65,2.48,0.0
20231002:1810,0.0,0.0,0.0,14.1,2.28,0.0
20231002:1910,0.0,0.0,0.0,13.5,2.28,0.0
20231002:2010,0.0,0.0,0.0,13.17,2.07,0.0
20231002:2110,0.0,0.0,0.0,12.97,1.86,0.0
20231002:2210,0.0,0.0,0.0,12.73,1.72,0.0
20231002:2310,0.0,0.0,0.0,12.3,1.59,0.0
20231003:0010,0.0,0.0,0.0,12.08,1.24,0.0
20231003:0110,0.0,0.0,0.0,11.56,1.38,0.0
20231003:0210,0.0,0.0,0.0,11.4,1.45,0.0
20231003:0310,0.0,0.0,0.0,11.29,1.52,0.0
20231003:0410,0.0,0.0,0.0,10.84,1.45,0.0
20231003:0510,125.56,162.13,10.35,11.03,1.31,0.0
20231003:0610,284.04,333.08,18.94,12.69,1.38,0.0
20231003:0710,560.01,653.35,26.35,12.81,1.66,0.0
20231003:0810,671.79,801.22,31.97,14.68,1.79,0.0
20231003:0910,695.19,837.05,35.12,16.14,2.0,0.0
20231003:1010,731.39,888.77,35.33,17.28,2.14,0.0
20231003:1110,680.76,821.83,32.58,17.83,2.21,0.0
20231003:1210,565.85,672.88,27.28,18.15,2.41,0.0
20231003:1310,405.08,480.74,20.09,18.74,2.62,0.0
20231003:1410,196.51,249.88,11.63,18.8,2.21,0.0
20231003:1510,1.37,8.97,2.43,18.14,2.07,0.0
20231003:1610,0.0,0.0,0.0,16.98,2.69,0.0
20231003:1710,0.0,0.0,0.0,16.12,2.97,0.0
20231003:1810,0.0,0.0,0.0,15.55,3.17,0.0
20231003:1910,0.0,0.0,0.0,14.26,2.97,0.0
20231003:2010,0.0,0.0,0.0,13.69,2.97,0.0
20231003:2110,0.0,0.0,0.0,13.34,3.1,0.0
20231003:2210,0.0,0.0,0.0,13.09,3.17,0.0
20231003:2310,0.0,0.0,0.0,12.91,3.31,0.0
20231004:0010,0.0,0.0,0.0,12.79,3.45,0.0
20231004:0110,0.0,0.0,0.0,12.72,3.52,0.0
20231004:0210,0.0,0.0,0.0,12.62,3.59,0.0
20231004:0310,0.0,0.0,0.0,12.61,3.79,0.0
20231004:0410,0.0,0.0,0.0,12.54,3.93,0.0
20231004:0510,169.52,214.87,10.09,13.0,4.0,0.0
20231004:0610,50.49,73.51,18.66,14.5,3.79,0.0
20231004:0710,175.06,213.17,26.04,16.09,4.55,0.0
20231004:0810,271.83,322.5,31.62,18.0,4.69,0.0
20231004:0910,171.78,213.09,34.74,19.25,4.83,0.0
20231004:1010,87.87,118.34,34.94,19.16,4.97,0.0
20231004:1110,172.96,213.98,32.19,18.47,3.66,0.0
20231004:1210,320.97,379.25,26.9,18.66,3.72,0.0
20231004:1310,133.68,169.87,19.72,18.91,3.59,0.0
20231004:1410,79.78,110.53,11.27,18.89,3.31,0.0
20231004:1510,0.0,1.79,2.08,17.79,2.69,0.0
20231004:1610,0.0,0.0,0.0,16.54,2.41,0.0
20231004:1710,0.0,0.0,0.0,15.43,2.48,0.0
20231004:1810,0.0,0.0,0.0,14.74,2.55,0.0
20231004:1910,0.0,0.0,0.0,14.21,2.69,0.0
20231004:2010,0.0,0.0,0.0,13.48,2.55,0.0
20231004:2110,0.0,0.0,0.0,12.89,2.76,0.0
20231004:2210,0.0,0.0,0.0,12.59,2.9,0.0
20231004:2310,0.0,0.0,0.0,12.31,2.76,0.0
20231005:0010,0.0,0.0,0.0,12.02,2.83,0.0
20231005:0110,0.0,0.0,0.0,11.74,2.9,0.0
20231005:0210,0.0,0.0,0.0,11.4,2.9,0.0
20231005:0310,0.0,0.0,0.0,11.12,2.83,0.0
20231005:0410,0.0,0.0,0.0,10.74,2.83,0.0
20231005:0510,166.03,209.3,9.82,10.92,2.76,0.0
20231005:0610,409.91,471.7,18.37,12.32,2.97,0.0
20231005:0710,576.52,660.34,25.73,13.41,4.07,0.0
20231005:0810,653.69,759.43,31.27,14.71,3.93,0.0
20231005:0910,401.27,465.83,34.37,15.79,3.86,0.0
20231005:1010,553.54,645.99,34.55,16.44,3.79,0.0
20231005:1110,550.46,643.39,31.8,16.92,3.72,0.0
20231005:1210,322.68,378.64,26.52,17.02,3.52,0.0
20231005:1310,402.83,471.92,19.35,17.04,3.45,0.0
20231005:1410,202.67,254.89,10.92,16.81,3.17,0.0
20231005:1510,0.0,0.9,1.73,15.85,2.48,0.0
20231005:1610,0.0,0.0,0.0,14.58,2.48,0.0
20231005:1710,0.0,0.0,0.0,13.84,2.69,0.0
20231005:1810,0.0,0.0,0.0,13.61,2.97,0.0
20231005:1910,0.0,0.0,0.0,12.92,3.1,0.0
20231005:2010,0.0,0.0,0.0,13.29,3.38,0.0
20231005:2110,0.0,0.0,0.0,13.64,3.72,0.0
20231005:2210,0.0,0.0,0.0,13.81,3.86,0.0
20231005:2310,0.0,0.0,0.0,14.0,4.0,0.0
20231006:0010,0.0,0.0,0.0,14.11,4.14,0.0
20231006:0110,0.0,0.0,0.0,14.05,4.34,0.0
20231006:0210,0.0,0.0,0.0,13.43,4.55,0.0
20231006:0310,0.0,0.0,0.0,12.86,4.9,0.0
20231006:0410,0.0,0.0,0.0,12.43,5.45,0.0
20231006:0510,71.34,98.47,9.56,11.96,5.31,0.0
20231006:0610,418.45,475.6,18.09,12.19,5.45,0.0
20231006:0710,416.64,471.54,25.41,12.87,5.86,0.0
20231006:0810,608.88,691.04,30.93,13.47,6.21,0.0
20231006:0910,716.21,819.24,33.99,14.04,6.55,0.0
20231006:1010,657.84,751.93,34.16,14.47,6.48,0.0
20231006:1110,649.09,742.25,31.41,14.82,6.41,0.0
20231006:1210,482.7,549.01,26.14,14.69,6.34,0.0
20231006:1310,392.41,449.71,18.98,14.48,6.0,0.0
20231006:1410,177.72,221.81,10.56,14.12,5.31,0.0
20231006:1510,0.0,1.65,1.39,13.37,4.0,0.0
20231006:1610,0.0,0.0,0.0,12.38,3.52,0.0
20231006:1710,0.0,0.0,0.0,11.62,3.1,0.0
20231006:1810,0.0,0.0,0.0,10.9,2.69,0.0
20231006:1910,0.0,0.0,0.0,10.01,2.48,0.0
20231006:2010,0.0,0.0,0.0,9.41,2.41,0.0
20231006:2110,0.0,0.0,0.0,8.96,2.21,0.0
20231006:2210,0.0,0.0,0.0,8.57,2.28,0.0
20231006:2310,0.0,0.0,0.0,8.3,2.55,0.0
20231007:0010,0.0,0.0,0.0,8.43,2.9,0.0
20231007:0110,0.0,0.0,0.0,8.96,3.24,0.0
20231007:0210,0.0,0.0,0.0,9.35,3.66,0.0
20231007:0310,0.0,0.0,0.0,9.87,4.0,0.0
20231007:0410,0.0,0.0,0.0,10.35,4.55,0.0
20231007:0510,15.07,29.59,9.3,10.9,5.03,0.0
20231007:0610,9.17,21.52,17.8,11.5,5.52,0.0
20231007:0710,42.22,62.76,25.1,10.59,6.28,0.0
20231007:0810,22.76,39.45,30.58,10.83,6.41,0.0
20231007:0910,65.63,89.65,33.62,11.26,6.41,0.0
20231007:1010,79.12,104.89,33.77,11.69,6.34,0.0
20231007:1110,55.09,78.0,31.02,12.08,6.21,0.0
20231007:1210,131.13,162.45,25.76,12.9,6.34,0.0
20231007:1310,200.87,238.74,18.62,14.45,6.69,0.0
20231007:1410,54.14,78.78,10.21,15.78,6.9,0.0
20231007:1510,0.0,0.0,0.0,16.45,7.1,0.0
20231007:1610,0.0,0.0,0.0,16.79,7.24,0.0
20231007:1710,0.0,0.0,0.0,16.68,7.17,0.0
20231007:1810,0.0,0.0,0.0,16.31,6.83,0.0
20231007:1910,0.0,0.0,0.0,15.96,6.14,0.0
20231007:2010,0.0,0.0,0.0,15.55,6.0,0.0
20231007:2110,0.0,0.0,0.0,14.95,5.86,0.0
20231007:2210,0.0,0.0,0.0,14.15,5.31,0.0
20231007:2310,0.0,0.0,0.0,13.17,4.9,0.0
20231008:0010,0.0,0.0,0.0,12.23,4.62,0.0
20231008:0110,0.0,0.0,0.0,11.41,4.55,0.0
20231008:0210,0.0,0.0,0.0,10.81,4.55,0.0
20231008:0310,0.0,0.0,0.0,10.23,4.55,0.0
20231008:0410,0.0,0.0,0.0,9.87,4.76,0.0
20231008:0510,4.52,14.34,9.03,9.56,4.9,0.0
20231008:0610,134.79,163.97,17.52,9.48,5.31,0.0
20231008:0710,70.23,94.14,24.78,9.47,6.21,0.0
20231008:0810,378.74,423.42,30.23,9.8,6.69,0.0
20231008:0910,559.88,623.66,33.25,10.3,6.97,0.0
20231008:1010,321.43,364.14,33.39,10.89,7.03,0.0
20231008:1110,615.61,689.85,30.63,11.51,6.97,0.0
20231008:1210,495.56,554.08,25.38,11.64,7.03,0.0
20231008:1310,395.35,445.0,18.26,11.4,7.38,0.0
20231008:1410,133.82,168.68,9.86,10.82,7.03,0.0
20231008:1510,0.0,0.0,0.0,10.13,6.62,0.0
20231008:1610,0.0,0.0,0.0,9.43,6.76,0.0
20231008:1710,0.0,0.0,0.0,8.84,6.9,0.0
20231008:1810,0.0,0.0,0.0,8.28,6.48,0.0
20231008:1910,0.0,0.0,0.0,7.34,6.9,0.0
20231008:2010,0.0,0.0,0.0,6.59,6.76,0.0
20231008:2110,0.0,0.0,0.0,6.28,6.62,0.0
20231008:2210,0.0,0.0,0.0,5.94,6.9,0.0
20231008:2310,0.0,0.0,0.0,5.49,6.69,0.0
20231009:0010,0.0,0.0,0.0,5.26,6.48,0.0
20231009:0110,0.0,0.0,0.0,5.34,6.48,0.0
20231009:0210,0.0,0.0,0.0,5.61,6.21,0.0
20231009:0310,0.0,0.0,0.0,5.77,6.21,0.0
20231009:0410,0.0,0.0,0.0,5.68,6.0,0.0
20231009:0510,17.61,32.27,8.76,5.55,5.79,0.0
20231009:0610,124.19,150.18,17.23,5.9,6.9,0.0
20231009:0710,578.42,630.02,24.47,6.3,7.38,0.0
20231009:0810,731.26,806.08,29.89,7.23,7.1,0.0
20231009:0910,728.65,808.7,32.87,8.05,6.83,0.0
20231009:1010,783.43,877.02,33.0,8.94,6.69,0.0
20231009:1110,667.16,744.86,30.24,9.88,6.55,0.0
20231009:1210,230.09,265.61,25.01,10.23,6.0,0.0
20231009:1310,87.27,113.17,17.9,10.22,5.38,0.0
20231009:1410,92.47,121.54,9.52,10.04,4.34,0.0
20231009:1510,0.0,0.0,0.0,9.5,3.38,0.0
20231009:1610,0.0,0.0,0.0,9.03,2.9,0.0
20231009:1710,0.0,0.0,0.0,8.2,2.48,0.0
20231009:1810,0.0,0.0,0.0,7.37,2.34,0.0
20231009:1910,0.0,0.0,0.0,5.87,2.55,0.0
20231009:2010,0.0,0.0,0.0,5.35,2.69,0.0
20231009:2110,0.0,0.0,0.0,5.04,2.76,0.0
20231009:2210,0.0,0.0,0.0,4.75,2.76,0.0
20231009:2310,0.0,0.0,0.0,4.49,2.62,0.0
20231010:0010,0.0,0.0,0.0,4.24,2.83,0.0
20231010:0110,0.0,0.0,0.0,4.18,3.03,0.0
20231010:0210,0.0,0.0,0.0,4.3,3.03,0.0
20231010:0310,0.0,0.0,0.0,4.3,2.97,0.0
20231010:0410,0.0,0.0,0.0,4.38,2.97,0.0
20231010:0510,163.2,200.68,8.5,4.62,2.97,0.0
20231010:0610,425.59,473.46,16.94,5.53,3.31,0.0
20231010:0710,637.75,707.47,24.15,6.05,4.0,0.0
20231010:0810,743.45,832.19,29.54,7.37,4.83,0.0
20231010:0910,773.86,871.85,32.5,8.26,5.1,0.0
20231010:1010,438.84,489.31,32.62,8.79,5.17,0.0
20231010:1110,93.03,119.24,29.86,9.37,5.38,0.0
20231010:1210,90.56,116.55,24.64,9.38,5.31,0.0
20231010:1310,89.14,114.78,17.54,9.28,5.03,0.0
20231010:1410,99.49,129.21,9.17,8.98,4.34,0.0
20231010:1510,0.0,0.0,0.0,8.18,3.17,0.0
20231010:1610,0.0,0.0,0.0,7.01,2.48,0.0
20231010:1710,0.0,0.0,0.0,6.24,2.0,0.0
20231010:1810,0.0,0.0,0.0,5.36,1.79,0.0
20231010:1910,0.0,0.0,0.0,4.27,1.86,0.0
20231010:2010,0.0,0.0,0.0,3.11,1.45,0.0
20231010:2110,0.0,0.0,0.0,4.49,0.76,0.0
20231010:2210,0.0,0.0,0.0,3.55,0.97,0.0
20231010:2310,0.0,0.0,0.0,2.66,1.1,0.0
20231011:0010,0.0,0.0,0.0,2.54,1.1,0.0
20231011:0110,0.0,0.0,0.0,2.11,1.31,0.0
20231011:0210,0.0,0.0,0.0,2.41,1.38,0.0
20231011:0310,0.0,0.0,0.0,3.27,1.52,0.0
20231011:0410,0.0,0.0,0.0,3.8,1.79,0.0
20231011:0510,180.44,221.05,8.23,4.32,2.0,0.0
20231011:0610,422.83,474.19,16.65,5.8,2.21,0.0
20231011:0710,601.82,676.08,23.84,6.49,2.48,0.0
20231011:0810,704.44,802.42,29.2,8.28,3.03,0.0
20231011:0910,769.6,883.85,32.13,9.73,3.72,0.0
20231011:1010,744.15,852.63,32.23,10.67,4.21,0.0
20231011:1110,648.26,736.41,29.48,11.31,4.55,0.0
20231011:1210,456.55,515.72,24.27,11.9,4.76,0.0
20231011:1310,348.83,398.54,17.19,12.16,4.76,0.0
20231011:1410,202.58,250.78,8.83,11.74,4.07,0.0
20231011:1510,0.0,0.0,0.0,10.72,3.93,0.0
20231011:1610,0.0,0.0,0.0,10.05,4.07,0.0
20231011:1710,0.0,0.0,0.0,10.23,4.48,0.0
20231011:1810,0.0,0.0,0.0,10.42,4.76,0.0
20231011:1910,0.0,0.0,0.0,10.76,4.76,0.0
20231011:2010,0.0,0.0,0.0,10.89,4.83,0.0
20231011:2110,0.0,0.0,0.0,11.14,4.97,0.0
20231011:2210,0.0,0.0,0.0,11.42,5.1,0.0
20231011:2310,0.0,0.0,0.0,11.46,5.1,0.0
20231012:0010,0.0,0.0,0.0,11.29,5.17,0.0
20231012:0110,0.0,0.0,0.0,10.97,5.1,0.0
20231012:0210,0.0,0.0,0.0,10.69,4.9,0.0
20231012:0310,0.0,0.0,0.0,10.49,4.83,0.0
20231012:0410,0.0,0.0,0.0,10.3,4.9,0.0
20231012:0510,95.76,127.14,7.96,10.42,5.03,0.0
20231012:0610,268.41,309.49,16.37,11.42,4.69,0.0
20231012:0710,537.24,608.68,23.52,12.86,5.03,0.0
20231012:0810,665.69,764.77,28.85,14.69,5.38,0.0
20231012:0910,715.86,833.34,31.76,16.7,5.66,0.0
20231012:1010,778.94,917.46,31.85,18.29,5.86,0.0
20231012:1110,498.13,579.86,29.1,19.15,5.86,0.0
20231012:1210,340.02,399.51,23.9,19.83,5.86,0.0
20231012:1310,156.14,194.99,16.83,19.77,5.24,0.0
20231012:1410,86.75,120.18,8.49,19.28,5.1,0.0
20231012:1510,0.0,0.0,0.0,18.29,4.9,0.0
20231012:1610,0.0,0.0,0.0,17.58,4.9,0.0
20231012:1710,0.0,0.0,0.0,17.04,4.83,0.0
20231012:1810,0.0,0.0,0.0,16.57,4.62,0.0
20231012:1910,0.0,0.0,0.0,16.53,4.41,0.0
20231012:2010,0.0,0.0,0.0,16.33,4.14,0.0
20231012:2110,0.0,0.0,0.0,16.1,3.86,0.0
20231012:2210,0.0,0.0,0.0,15.09,3.45,0.0
20231012:2310,0.0,0.0,0.0,14.14,2.97,0.0
20231013:0010,0.0,0.0,0.0,14.0,2.69,0.0
20231013:0110,0.0,0.0,0.0,13.87,2.48,0.0
20231013:0210,0.0,0.0,0.0,13.67,2.41,0.0
20231013:0310,0.0,0.0,0.0,13.38,2.34,0.0
20231013:0410,0.0,0.0,0.0,13.18,2.34,0.0
20231013:0510,32.65,52.77,7.7,13.11,2.34,0.0
20231013:0610,246.99,290.97,16.08,13.32,2.21,0.0
20231013:0710,312.79,363.19,23.21,13.79,2.48,0.0
20231013:0810,590.94,687.94,28.51,14.29,2.83,0.0
20231013:0910,279.69,327.79,31.4,14.48,3.03,0.0
20231013:1010,655.68,770.2,31.47,14.74,2.9,0.0
20231013:1110,593.13,694.63,28.72,15.0,2.62,0.0
20231013:1210,418.81,487.32,23.53,15.13,2.28,0.0
20231013:1310,316.1,371.71,16.48,15.1,2.0,0.0
20231013:1410,110.32,146.66,8.15,14.88,1.66,0.0
20231013:1510,0.0,0.0,0.0,14.27,0.76,0.0
20231013:1610,0.0,0.0,0.0,13.56,0.55,0.0
20231013:1710,0.0,0.0,0.0,10.82,1.72,0.0
20231013:1810,0.0,0.0,0.0,9.52,1.93,0.0
20231013:1910,0.0,0.0,0.0,8.79,2.21,0.0
20231013:2010,0.0,0.0,0.0,8.12,2.14,0.0
20231013:2110,0.0,0.0,0.0,8.12,2.28,0.0
20231013:2210,0.0,0.0,0.0,8.66,2.48,0.0
20231013:2310,0.0,0.0,0.0,9.26,2.62,0.0
20231014:0010,0.0,0.0,0.0,10.03,2.62,0.0
20231014:0110,0.0,0.0,0.0,10.28,2.83,0.0
20231014:0210,0.0,0.0,0.0,10.25,2.97,0.0
20231014:0310,0.0,0.0,0.0,10.49,3.1,0.0
20231014:0410,0.0,0.0,0.0,10.57,3.31,0.0
20231014:0510,144.15,184.77,7.43,11.16,3.52,0.0
20231014:0610,375.09,431.46,15.79,12.76,3.52,0.0
20231014:0710,603.96,694.5,22.89,13.87,3.93,0.0
20231014:0810,673.57,783.19,28.17,15.98,4.62,0.0
20231014:0910,712.51,838.24,31.03,17.8,4.9,0.0
20231014:1010,684.26,808.02,31.09,19.26,5.1,0.0
20231014:1110,594.83,700.87,28.35,20.27,5.1,0.0
20231014:1210,417.64,491.58,23.17,20.8,4.97,0.0
20231014:1310,135.15,172.47,16.14,20.88,4.69,0.0
20231014:1410,39.61,63.02,7.82,20.21,4.41,0.0
20231014:1510,0.0,0.0,0.0,19.04,4.41,0.0
20231014:1610,0.0,0.0,0.0,18.05,4.48,0.0
20231014:1710,0.0,0.0,0.0,17.47,4.48,0.0
20231014:1810,0.0,0.0,0.0,17.14,4.55,0.0
20231014:1910,0.0,0.0,0.0,16.92,4.28,0.0
20231014:2010,0.0,0.0,0.0,16.57,4.34,0.0
20231014:2110,0.0,0.0,0.0,16.29,4.48,0.0
20231014:2210,0.0,0.0,0.0,15.86,4.48,0.0
20231014:2310,0.0,0.0,0.0,15.48,4.34,0.0
20231015:0010,0.0,0.0,0.0,15.28,4.21,0.0
20231015:0110,0.0,0.0,0.0,14.84,4.0,0.0
20231015:0210,0.0,0.0,0.0,14.44,3.79,0.0
20231015:0310,0.0,0.0,0.0,14.04,3.66,0.0
20231015:0410,0.0,0.0,0.0,13.55,3.52,0.0
20231015:0510,120.84,159.13,7.16,13.29,3.24,0.0
20231015:0610,283.34,332.07,15.5,14.25,2.76,0.0
20231015:0710,240.07,284.15,22.58,15.41,2.9,0.0
20231015:0810,23.49,41.24,27.82,16.24,3.45,0.0
20231015:0910,36.53,57.38,30.67,16.12,3.45,0.0
20231015:1010,25.02,43.03,30.72,15.36,3.17,0.0
20231015:1110,19.47,35.86,27.98,14.84,3.17,0.0
20231015:1210,14.1,28.69,22.81,14.49,3.1,0.0
20231015:1310,10.27,23.31,15.79,13.96,2.69,0.0
20231015:1410,1.0,8.07,7.49,13.49,2.14,0.0
20231015:1510,0.0,0.0,0.0,12.88,2.28,0.0
20231015:1610,0.0,0.0,0.0,12.1,2.28,0.0
20231015:1710,0.0,0.0,0.0,11.78,2.14,0.0
20231015:1810,0.0,0.0,0.0,11.51,2.62,0.0
20231015:1910,0.0,0.0,0.0,10.63,3.52,0.0
20231015:2010,0.0,0.0,0.0,9.93,3.59,0.0
20231015:2110,0.0,0.0,0.0,9.24,3.38,0.0
20231015:2210,0.0,0.0,0.0,8.79,2.97,0.0
20231015:2310,0.0,0.0,0.0,8.56,2.55,0.0
20231016:0010,0.0,0.0,0.0,8.5,2.48,0.0
20231016:0110,0.0,0.0,0.0,8.36,2.9,0.0
20231016:0210,0.0,0.0,0.0,8.08,3.03,0.0
20231016:0310,0.0,0.0,0.0,7.73,2.97,0.0
20231016:0410,0.0,0.0,0.0,7.36,2.97,0.0
20231016:0510,0.27,6.28,6.89,7.11,3.1,0.0
20231016:0610,51.47,72.45,15.21,7.02,3.66,0.0
20231016:0710,127.32,154.45,22.26,6.79,4.21,0.0
20231016:0810,155.72,185.08,27.48,7.19,4.28,0.0
20231016:0910,607.35,675.96,30.3,8.4,5.24,0.0
20231016:1010,79.26,104.0,30.35,9.1,5.59,0.0
20231016:1110,111.64,139.39,27.61,9.4,5.72,0.0
20231016:1210,19.34,34.96,22.45,9.62,6.34,0.0
20231016:1310,28.03,45.72,15.45,9.53,6.07,0.0
20231016:1410,2.94,11.65,7.16,9.05,4.9,0.0
20231016:1510,0.0,0.0,0.0,8.37,4.69,0.0
20231016:1610,0.0,0.0,0.0,8.35,4.69,0.0
20231016:1710,0.0,0.0,0.0,8.33,4.83,0.0
20231016:1810,0.0,0.0,0.0,8.09,4.83,0.0
20231016:1910,0.0,0.0,0.0,6.91,4.83,0.0
20231016:2010,0.0,0.0,0.0,6.64,4.69,0.0
20231016:2110,0.0,0.0,0.0,6.41,4.62,0.0
20231016:2210,0.0,0.0,0.0,6.14,4.55,0.0
20231016:2310,0.0,0.0,0.0,5.94,4.41,0.0
20231017:0010,0.0,0.0,0.0,5.83,4.34,0.0
20231017:0110,0.0,0.0,0.0,5.6,4.28,0.0
20231017:0210,0.0,0.0,0.0,5.51,4.28,0.0
20231017:0310,0.0,0.0,0.0,5.31,4.28,0.0
20231017:0410,0.0,0.0,0.0,5.03,4.28,0.0
20231017:0510,147.0,183.41,6.62,5.07,4.14,0.0
20231017:0610,410.41,454.51,14.92,5.68,4.48,0.0
20231017:0710,311.65,346.52,21.95,6.34,5.1,0.0
20231017:0810,570.13,627.69,27.14,6.91,5.52,0.0
20231017:0910,654.26,726.53,29.94,7.73,5.52,0.0
20231017:1010,680.16,760.46,29.98,8.55,5.31,0.0
20231017:1110,387.32,432.8,27.24,9.18,5.24,0.0
20231017:1210,219.65,253.93,22.1,9.83,5.38,0.0
20231017:1310,320.4,363.38,15.11,9.87,4.97,0.0
20231017:1410,77.19,105.27,6.84,9.55,3.79,0.0
20231017:1510,0.0,0.0,0.0,8.91,3.03,0.0
20231017:1610,0.0,0.0,0.0,8.3,2.62,0.0
20231017:1710,0.0,0.0,0.0,7.48,2.48,0.0
20231017:1810,0.0,0.0,0.0,6.65,2.55,0.0
20231017:1910,0.0,0.0,0.0,5.35,2.69,0.0
20231017:2010,0.0,0.0,0.0,5.05,2.69,0.0
20231017:2110,0.0,0.0,0.0,4.72,2.76,0.0
20231017:2210,0.0,0.0,0.0,4.47,2.76,0.0
20231017:2310,0.0,0.0,0.0,4.22,2.76,0.0
20231018:0010,0.0,0.0,0.0,3.99,2.76,0.0
20231018:0110,0.0,0.0,0.0,3.76,2.69,0.0
20231018:0210,0.0,0.0,0.0,3.57,2.69,0.0
20231018:0310,0.0,0.0,0.0,3.43,2.62,0.0
20231018:0410,0.0,0.0,0.0,3.4,2.62,0.0
20231018:0510,31.85,50.11,6.35,3.56,2.55,0.0
20231018:0610,108.49,133.53,14.63,4.84,2.41,0.0
20231018:0710,363.62,403.21,21.64,5.42,2.97,0.0
20231018:0810,530.07,589.81,26.8,6.61,3.24,0.0
20231018:0910,555.39,621.91,29.58,7.88,3.52,0.0
20231018:1010,81.64,106.69,29.61,8.9,3.79,0.0
20231018:1110,46.31,67.24,26.88,9.5,4.9,0.0
20231018:1210,13.82,27.79,21.75,9.62,5.03,0.0
20231018:1310,33.23,52.0,14.78,9.59,4.55,0.0
20231018:1410,4.53,14.34,6.52,9.27,3.45,0.0
20231018:1510,0.0,0.0,0.0,8.92,2.97,0.0
20231018:1610,0.0,0.0,0.0,8.36,2.83,0.0
20231018:1710,0.0,0.0,0.0,7.88,2.97,0.0
20231018:1810,0.0,0.0,0.0,7.54,2.97,0.0
20231018:1910,0.0,0.0,0.0,7.3,2.34,0.0
20231018:2010,0.0,0.0,0.0,6.98,2.48,0.0
20231018:2110,0.0,0.0,0.0,7.01,2.69,0.0
20231018:2210,0.0,0.0,0.0,6.95,2.83,0.0
20231018:2310,0.0,0.0,0.0,6.68,2.83,0.0
20231019:0010,0.0,0.0,0.0,6.46,2.76,0.0
20231019:0110,0.0,0.0,0.0,6.22,2.69,0.0
20231019:0210,0.0,0.0,0.0,6.33,2.62,0.0
20231019:0310,0.0,0.0,0.0,6.14,2.55,0.0
20231019:0410,0.0,0.0,0.0,6.22,2.55,0.0
20231019:0510,124.74,159.31,6.08,5.95,2.48,0.0
20231019:0610,64.65,87.07,14.35,6.62,2.28,0.0
20231019:0710,157.0,186.27,21.32,7.04,2.76,0.0
20231019:0810,271.75,309.75,26.46,8.0,2.55,0.0
20231019:0910,607.12,693.43,29.22,9.23,2.41,0.0
20231019:1010,546.46,624.19,29.24,10.34,2.48,0.0
20231019:1110,465.31,531.01,26.52,10.95,2.34,0.0
20231019:1210,385.78,441.08,21.4,11.26,2.14,0.0
20231019:1310,136.12,167.31,14.45,11.24,2.07,0.0
20231019:1410,59.49,85.4,6.2,10.64,1.72,0.0
20231019:1510,0.0,0.0,0.0,9.4,2.28,0.0
20231019:1610,0.0,0.0,0.0,8.59,2.48,0.0
20231019:1710,0.0,0.0,0.0,8.16,2.62,0.0
20231019:1810,0.0,0.0,0.0,8.1,2.62,0.0
20231019:1910,0.0,0.0,0.0,7.93,2.76,0.0
20231019:2010,0.0,0.0,0.0,8.07,2.62,0.0
20231019:2110,0.0,0.0,0.0,8.04,2.55,0.0
20231019:2210,0.0,0.0,0.0,7.95,2.41,0.0
20231019:2310,0.0,0.0,0.0,7.91,2.14,0.0
20231020:0010,0.0,0.0,0.0,8.38,2.14,0.0
20231020:0110,0.0,0.0,0.0,8.77,2.14,0.0
20231020:0210,0.0,0.0,0.0,9.09,2.21,0.0
20231020:0310,0.0,0.0,0.0,9.33,2.34,0.0
20231020:0410,0.0,0.0,0.0,9.49,2.34,0.0
20231020:0510,1.94,9.86,5.82,9.6,2.21,0.0
20231020:0610,5.64,16.14,14.06,9.77,2.14,0.0
20231020:0710,27.88,45.72,21.01,10.12,2.0,0.0
20231020:0810,42.88,63.65,26.13,10.59,2.21,0.0
20231020:0910,54.51,77.1,28.87,10.69,2.28,0.0
20231020:1010,40.47,60.96,28.88,11.12,2.14,0.0
20231020:1110,26.94,44.83,26.16,11.62,1.79,0.0
20231020:1210,27.61,45.72,21.06,11.95,1.45,0.0
20231020:1310,21.1,37.65,14.12,12.37,1.1,0.0
20231020:1410,1.9,9.86,5.89,12.52,1.17,0.0
20231020:1510,0.0,0.0,0.0,12.33,1.52,0.0
20231020:1610,0.0,0.0,0.0,12.2,1.45,0.0
20231020:1710,0.0,0.0,0.0,12.12,1.38,0.0
20231020:1810,0.0,0.0,0.0,12.06,1.45,0.0
20231020:1910,0.0,0.0,0.0,11.68,1.52,0.0
20231020:2010,0.0,0.0,0.0,11.86,1.59,0.0
20231020:2110,0.0,0.0,0.0,11.78,1.72,0.0
20231020:2210,0.0,0.0,0.0,11.91,1.72,0.0
20231020:2310,0.0,0.0,0.0,11.95,1.72,0.0
20231021:0010,0.0,0.0,0.0,12.1,1.59,0.0
20231021:0110,0.0,0.0,0.0,12.2,1.45,0.0
20231021:0210,0.0,0.0,0.0,12.32,1.31,0.0
20231021:0310,0.0,0.0,0.0,12.08,1.24,0.0
20231021:0410,0.0,0.0,0.0,12.39,0.55,0.0
20231021:0510,0.0,5.38,5.55,11.42,1.79,0.0
20231021:0610,5.0,15.24,13.77,11.85,2.07,0.0
20231021:0710,25.56,43.03,20.7,11.22,2.97,0.0
20231021:0810,143.51,175.87,25.79,11.97,2.9,0.0
20231021:0910,40.95,61.86,28.51,12.65,3.24,0.0
20231021:1010,30.41,49.31,28.52,13.1,3.66,0.0
20231021:1110,50.1,72.62,25.8,12.99,3.86,0.0
20231021:1210,11.62,25.1,20.72,12.79,3.93,0.0
20231021:1310,11.01,24.21,13.79,12.36,3.79,0.0
20231021:1410,0.24,6.28,5.58,11.75,3.45,0.0
20231021:1510,0.0,0.0,0.0,11.03,3.38,0.0
20231021:1610,0.0,0.0,0.0,10.72,3.52,0.0
20231021:1710,0.0,0.0,0.0,10.34,3.45,0.0
20231021:1810,0.0,0.0,0.0,10.24,3.52,0.0
20231021:1910,0.0,0.0,0.0,9.72,3.59,0.0
20231021:2010,0.0,0.0,0.0,9.55,3.59,0.0
20231021:2110,0.0,0.0,0.0,9.3,3.52,0.0
20231021:2210,0.0,0.0,0.0,9.12,3.52,0.0
20231021:2310,0.0,0.0,0.0,9.06,3.45,0.0
20231022:0010,0.0,0.0,0.0,9.21,3.31,0.0
20231022:0110,0.0,0.0,0.0,9.18,3.03,0.0
20231022:0210,0.0,0.0,0.0,9.13,2.97,0.0
20231022:0310,0.0,0.0,0.0,9.23,3.03,0.0
20231022:0410,0.0,0.0,0.0,9.11,3.1,0.0
20231022:0510,1.95,9.86,5.28,9.24,3.24,0.0
20231022:0610,19.96,35.86,13.48,10.19,3.24,0.0
20231022:0710,63.14,86.96,20.39,11.08,3.31,0.0
20231022:0810,105.82,134.75,25.46,11.98,3.52,0.0
20231022:0910,75.07,101.31,28.16,13.53,4.07,0.0
20231022:1010,48.07,70.83,28.16,15.14,4.9,0.0
20231022:1110,78.8,106.69,25.45,16.34,4.62,0.0
20231022:1210,56.68,81.58,20.38,17.32,4.69,0.0
20231022:1310,307.63,362.88,13.47,17.47,4.07,0.0
20231022:1410,110.29,150.42,5.27,16.91,3.72,0.0
20231022:1510,0.0,0.0,0.0,15.93,3.66,0.0
20231022:1610,0.0,0.0,0.0,15.85,3.59,0.0
20231022:1710,0.0,0.0,0.0,15.87,3.52,0.0
20231022:1810,0.0,0.0,0.0,16.03,3.52,0.0
20231022:1910,0.0,0.0,0.0,15.02,3.17,0.0
20231022:2010,0.0,0.0,0.0,14.86,3.1,0.0
20231022:2110,0.0,0.0,0.0,14.67,3.17,0.0
20231022:2210,0.0,0.0,0.0,14.33,3.24,0.0
20231022:2310,0.0,0.0,0.0,13.96,3.24,0.0
20231023:0010,0.0,0.0,0.0,13.64,3.31,0.0
20231023:0110,0.0,0.0,0.0,13.38,3.52,0.0
20231023:0210,0.0,0.0,0.0,13.35,3.93,0.0
20231023:0310,0.0,0.0,0.0,13.8,4.48,0.0
20231023:0410,0.0,0.0,0.0,14.03,4.97,0.0
20231023:0510,29.12,49.29,5.01,14.11,5.38,0.0
20231023:0610,335.73,386.6,13.19,13.98,5.66,0.0
20231023:0710,284.41,328.3,20.08,14.39,5.86,0.0
20231023:0810,351.41,401.11,25.12,14.73,7.38,0.0
20231023:0910,311.64,358.75,27.81,15.06,7.45,0.0
20231023:1010,76.91,104.0,27.81,15.56,7.86,0.0
20231023:1110,26.43,44.83,25.1,15.75,7.45,0.0
20231023:1210,33.72,53.79,20.05,15.62,6.9,0.0
20231023:1310,4.89,15.24,13.16,15.34,5.66,0.0
20231023:1410,84.64,118.17,4.97,14.72,5.52,0.0
20231023:1510,0.0,0.0,0.0,14.18,4.97,0.0
20231023:1610,0.0,0.0,0.0,13.79,4.62,0.0
20231023:1710,0.0,0.0,0.0,13.38,4.41,0.0
20231023:1810,0.0,0.0,0.0,12.97,4.14,0.0
20231023:1910,0.0,0.0,0.0,12.53,4.07,0.0
20231023:2010,0.0,0.0,0.0,12.21,3.72,0.0
20231023:2110,0.0,0.0,0.0,11.85,3.45,0.0
20231023:2210,0.0,0.0,0.0,11.45,3.31,0.0
20231023:2310,0.0,0.0,0.0,10.95,3.17,0.0
20231024:0010,0.0,0.0,0.0,10.64,3.1,0.0
20231024:0110,0.0,0.0,0.0,10.33,3.24,0.0
20231024:0210,0.0,0.0,0.0,10.0,3.24,0.0
20231024:0310,0.0,0.0,0.0,9.64,3.03,0.0
20231024:0410,0.0,0.0,0.0,9.11,2.76,0.0
20231024:0510,83.24,114.12,4.74,8.63,2.62,0.0
20231024:0610,361.83,412.22,12.91,9.17,2.41,0.0
20231024:0710,520.79,585.37,19.77,10.02,3.86,0.0
20231024:0810,688.9,783.16,24.79,11.35,4.62,0.0
20231024:0910,667.93,765.28,27.47,12.31,4.21,0.0
20231024:1010,432.12,493.16,27.46,13.11,3.93,0.0
20231024:1110,467.49,535.26,24.76,13.54,3.52,0.0
20231024:1210,407.68,468.94,19.72,13.67,2.76,0.0
20231024:1310,226.42,269.02,12.84,13.53,1.66,0.0
20231024:1410,56.6,84.13,4.67,13.1,0.41,0.0
20231024:1510,0.0,0.0,0.0,12.59,0.9,0.0
20231024:1610,0.0,0.0,0.0,11.78,1.45,0.0
20231024:1710,0.0,0.0,0.0,11.12,1.59,0.0
20231024:1810,0.0,0.0,0.0,10.87,1.72,0.0
20231024:1910,0.0,0.0,0.0,10.06,1.79,0.0
20231024:2010,0.0,0.0,0.0,9.56,1.93,0.0
20231024:2110,0.0,0.0,0.0,9.43,2.07,0.0
20231024:2210,0.0,0.0,0.0,9.24,2.14,0.0
20231024:2310,0.0,0.0,0.0,9.11,2.34,0.0
20231025:0010,0.0,0.0,0.0,9.07,2.76,0.0
20231025:0110,0.0,0.0,0.0,9.14,3.24,0.0
20231025:0210,0.0,0.0,0.0,9.19,3.24,0.0
20231025:0310,0.0,0.0,0.0,9.2,3.52,0.0
20231025:0410,0.0,0.0,0.0,9.45,4.0,0.0
20231025:0510,0.0,3.59,4.47,9.66,4.14,0.0
20231025:0610,18.58,34.07,12.62,10.05,4.48,0.0
20231025:0710,12.5,26.0,19.46,9.42,5.03,0.0
20231025:0810,22.19,38.55,24.47,9.45,5.24,0.0
20231025:0910,19.34,34.96,27.12,9.53,5.38,0.0
20231025:1010,19.33,34.96,27.11,9.6,5.38,0.0
20231025:1110,15.85,30.48,24.42,9.65,5.1,0.0
20231025:1210,10.53,23.31,19.39,9.77,4.97,0.0
20231025:1310,4.51,14.34,12.54,9.78,4.83,0.0
20231025:1410,0.0,3.59,4.38,9.78,4.55,0.0
20231025:1510,0.0,0.0,0.0,9.79,4.21,0.0
20231025:1610,0.0,0.0,0.0,9.84,3.72,0.0
20231025:1710,0.0,0.0,0.0,9.92,3.03,0.0
20231025:1810,0.0,0.0,0.0,10.01,2.55,0.0
20231025:1910,0.0,0.0,0.0,9.89,2.48,0.0
20231025:2010,0.0,0.0,0.0,9.98,2.21,0.0
20231025:2110,0.0,0.0,0.0,9.88,2.07,0.0
20231025:2210,0.0,0.0,0.0,9.93,1.72,0.0
20231025:2310,0.0,0.0,0.0,10.2,1.1,0.0
20231026:0010,0.0,0.0,0.0,10.65,1.1,0.0
20231026:0110,0.0,0.0,0.0,11.37,1.79,0.0
20231026:0210,0.0,0.0,0.0,11.99,2.83,0.0
20231026:0310,0.0,0.0,0.0,12.16,3.45,0.0
20231026:0410,0.0,0.0,0.0,12.08,3.66,0.0
20231026:0510,0.0,3.59,4.21,11.89,3.45,0.0
20231026:0610,3.91,13.45,12.34,11.78,3.45,0.0
20231026:0710,140.93,172.3,19.15,11.87,3.1,0.0
20231026:0810,213.34,251.04,24.14,12.05,2.9,0.0
20231026:0910,156.96,190.77,26.78,12.38,3.17,0.0
20231026:1010,472.41,538.8,26.76,12.64,3.52,0.0
20231026:1110,188.92,225.47,24.08,13.07,3.31,0.0
20231026:1210,89.51,117.43,19.07,13.54,2.62,0.0
20231026:1310,21.65,38.55,12.23,13.78,1.45,0.0
20231026:1410,0.0,3.59,4.09,13.39,1.31,0.0
20231026:1510,0.0,0.0,0.0,12.42,1.79,0.0
20231026:1610,0.0,0.0,0.0,11.99,1.93,0.0
20231026:1710,0.0,0.0,0.0,11.78,2.28,0.0
20231026:1810,0.0,0.0,0.0,11.72,2.55,0.0
20231026:1910,0.0,0.0,0.0,11.38,2.69,0.0
20231026:2010,0.0,0.0,0.0,11.35,2.69,0.0
20231026:2110,0.0,0.0,0.0,11.24,2.69,0.0
20231026:2210,0.0,0.0,0.0,11.28,2.62,0.0
20231026:2310,0.0,0.0,0.0,11.46,2.55,0.0
20231027:0010,0.0,0.0,0.0,11.43,2.62,0.0
20231027:0110,0.0,0.0,0.0,11.53,2.62,0.0
20231027:0210,0.0,0.0,0.0,11.68,2.69,0.0
20231027:0310,0.0,0.0,0.0,11.85,2.69,0.0
20231027:0410,0.0,0.0,0.0,11.8,2.48,0.0
20231027:0510,58.63,86.46,3.94,11.48,2.14,0.0
20231027:0610,166.75,200.81,12.05,11.61,2.14,0.0
20231027:0710,360.32,411.54,18.85,12.42,3.17,0.0
20231027:0810,683.61,790.28,23.81,13.35,3.72,0.0
20231027:0910,548.39,631.77,26.45,14.47,3.72,0.0
20231027:1010,619.22,721.87,26.42,15.17,3.31,0.0
20231027:1110,638.57,753.53,23.75,15.53,2.41,0.0
20231027:1210,292.23,343.71,18.75,15.98,2.0,0.0
20231027:1310,32.12,52.0,11.93,15.85,1.86,0.0
20231027:1410,0.0,5.38,3.8,14.84,2.14,0.0
20231027:1510,0.0,0.0,0.0,14.07,2.62,0.0
20231027:1610,0.0,0.0,0.0,13.68,2.9,0.0
20231027:1710,0.0,0.0,0.0,13.62,3.17,0.0
20231027:1810,0.0,0.0,0.0,13.53,3.24,0.0
20231027:1910,0.0,0.0,0.0,13.41,3.38,0.0
20231027:2010,0.0,0.0,0.0,12.99,3.59,0.0
20231027:2110,0.0,0.0,0.0,12.99,3.93,0.0
20231027:2210,0.0,0.0,0.0,13.06,3.86,0.0
20231027:2310,0.0,0.0,0.0,13.1,3.72,0.0
20231028:0010,0.0,0.0,0.0,13.17,3.72,0.0
20231028:0110,0.0,0.0,0.0,13.35,4.07,0.0
20231028:0210,0.0,0.0,0.0,13.87,4.69,0.0
20231028:0310,0.0,0.0,0.0,14.37,5.93,0.0
20231028:0410,0.0,0.0,0.0,13.83,6.97,0.0
20231028:0510,0.0,2.69,3.68,12.93,8.28,0.0
20231028:0610,51.34,73.43,11.77,11.86,9.66,0.0
20231028:0710,43.05,63.65,18.55,10.6,10.55,0.0
20231028:0810,75.8,100.41,23.49,10.23,10.97,0.0
20231028:0910,17.9,33.17,26.11,10.11,10.55,0.0
20231028:1010,33.21,52.0,26.09,10.08,10.34,0.0
20231028:1110,77.43,102.2,23.42,10.13,9.79,0.0
20231028:1210,78.4,103.2,18.44,10.17,8.21,0.0
20231028:1310,14.47,28.69,11.63,10.04,6.76,0.0
20231028:1410,0.25,6.28,3.52,9.85,6.83,0.0
20231028:1510,0.0,0.0,0.0,9.67,6.21,0.0
20231028:1610,0.0,0.0,0.0,9.67,5.72,0.0
20231028:1710,0.0,0.0,0.0,9.56,5.31,0.0
20231028:1810,0.0,0.0,0.0,9.56,4.97,0.0
20231028:1910,0.0,0.0,0.0,9.58,4.83,0.0
20231028:2010,0.0,0.0,0.0,9.35,4.21,0.0
20231028:2110,0.0,0.0,0.0,9.13,3.52,0.0
20231028:2210,0.0,0.0,0.0,9.28,2.97,0.0
20231028:2310,0.0,0.0,0.0,9.42,2.55,0.0
20231029:0010,0.0,0.0,0.0,9.46,2.28,0.0
20231029:0110,0.0,0.0,0.0,9.28,2.07,0.0
20231029:0210,0.0,0.0,0.0,9.22,2.07,0.0
20231029:0310,0.0,0.0,0.0,9.02,2.0,0.0
20231029:0410,0.0,0.0,0.0,8.81,1.93,0.0
20231029:0510,3.99,13.45,3.41,8.69,1.72,0.0
20231029:0610,5.66,16.14,11.49,9.01,1.38,0.0
20231029:0710,23.59,40.34,18.25,9.63,2.69,0.0
20231029:0810,224.86,261.39,23.17,10.09,2.55,0.0
20231029:0910,284.86,327.33,25.78,10.74,2.69,0.0
20231029:1010,100.6,128.89,25.75,11.45,2.83,0.0
20231029:1110,113.42,143.13,23.1,12.07,2.97,0.0
20231029:1210,31.22,50.21,18.13,12.49,2.62,0.0
20231029:1310,300.96,350.44,11.34,12.51,2.21,0.0
20231029:1410,0.0,2.69,3.25,12.12,1.1,0.0
20231029:1510,0.0,0.0,0.0,10.89,1.72,0.0
20231029:1610,0.0,0.0,0.0,9.85,1.93,0.0
20231029:1710,0.0,0.0,0.0,9.23,1.93,0.0
20231029:1810,0.0,0.0,0.0,8.59,2.21,0.0
20231029:1910,0.0,0.0,0.0,8.03,2.28,0.0
20231029:2010,0.0,0.0,0.0,8.01,2.41,0.0
20231029:2110,0.0,0.0,0.0,8.29,2.76,0.0
20231029:2210,0.0,0.0,0.0,8.81,3.1,0.0
20231029:2310,0.0,0.0,0.0,9.07,3.31,0.0
20231030:0010,0.0,0.0,0.0,9.33,3.31,0.0
20231030:0110,0.0,0.0,0.0,9.43,3.31,0.0
20231030:0210,0.0,0.0,0.0,9.45,3.31,0.0
20231030:0310,0.0,0.0,0.0,9.46,3.45,0.0
20231030:0410,0.0,0.0,0.0,9.42,3.52,0.0
20231030:0510,2.93,11.65,3.15,9.46,3.66,0.0
20231030:0610,118.97,147.5,11.21,10.29,3.66,0.0
20231030:0710,444.79,504.49,17.95,11.73,3.38,0.0
20231030:0810,179.95,215.74,22.85,13.43,3.79,0.0
20231030:0910,244.44,287.38,25.45,14.76,3.93,0.0
20231030:1010,416.29,480.93,25.42,15.89,3.93,0.0
20231030:1110,257.65,304.07,22.78,16.44,3.52,0.0
20231030:1210,546.95,635.3,17.83,16.86,4.07,0.0
20231030:1310,257.8,306.43,11.06,16.98,3.86,0.0
20231030:1410,38.75,63.71,2.97,16.34,3.66,0.0
20231030:1510,0.0,0.0,0.0,15.04,3.45,0.0
20231030:1610,0.0,0.0,0.0,14.39,3.45,0.0
20231030:1710,0.0,0.0,0.0,14.21,3.45,0.0
20231030:1810,0.0,0.0,0.0,13.87,3.45,0.0
20231030:1910,0.0,0.0,0.0,13.54,3.31,0.0
20231030:2010,0.0,0.0,0.0,12.93,3.17,0.0
20231030:2110,0.0,0.0,0.0,12.53,3.1,0.0
20231030:2210,0.0,0.0,0.0,12.24,2.97,0.0
20231030:2310,0.0,0.0,0.0,11.88,2.83,0.0
20231031:0010,0.0,0.0,0.0,11.44,2.55,0.0
20231031:0110,0.0,0.0,0.0,10.98,2.34,0.0
20231031:0210,0.0,0.0,0.0,10.68,2.41,0.0
20231031:0310,0.0,0.0,0.0,10.57,2.41,0.0
20231031:0410,0.0,0.0,0.0,10.33,2.41,0.0
20231031:0510,0.25,6.28,2.88,10.26,2.48,0.0
20231031:0610,22.71,39.45,10.93,10.94,2.48,0.0
20231031:0710,249.24,289.91,17.65,12.2,2.34,0.0
20231031:0810,674.17,786.02,22.54,13.83,3.03,0.0
20231031:0910,500.11,578.44,25.12,15.4,3.45,0.0
20231031:1010,690.75,812.72,25.1,16.74,3.86,0.0
20231031:1110,656.7,771.5,22.46,17.6,4.07,0.0
20231031:1210,508.56,592.95,17.53,18.03,4.07,0.0
20231031:1310,337.98,399.28,10.77,17.88,3.86,0.0
20231031:1410,0.57,7.17,2.71,17.14,3.93,0.0
20231031:1510,0.0,0.0,0.0,16.2,4.07,0.0
20231031:1610,0.0,0.0,0.0,15.68,4.34,0.0
20231031:1710,0.0,0.0,0.0,15.33,4.55,0.0
20231031:1810,0.0,0.0,0.0,15.05,4.69,0.0
20231031:1910,0.0,0.0,0.0,14.88,4.76,0.0
20231031:2010,0.0,0.0,0.0,14.55,4.76,0.0
20231031:2110,0.0,0.0,0.0,14.16,4.62,0.0
20231031:2210,0.0,0.0,0.0,13.71,4.48,0.0
20231031:2310,0.0,0.0,0.0,13.37,4.34,0.0
20231101:0010,0.0,0.0,0.0,13.09,4.28,0.0
20231101:0110,0.0,0.0,0.0,13.07,4.21,0.0
20231101:0210,0.0,0.0,0.0,13.1,4.14,0.0
20231101:0310,0.0,0.0,0.0,13.33,4.0,0.0
20231101:0410,0.0,0.0,0.0,13.29,3.66,0.0
20231101:0510,1.0,8.07,2.62,13.34,3.31,0.0
20231101:0610,75.84,101.91,10.65,13.58,3.03,0.0
20231101:0710,69.72,95.41,17.35,14.19,3.31,0.0
20231101:0810,69.72,95.93,22.23,15.1,3.45,0.0
20231101:0910,48.71,71.72,24.8,15.36,3.1,0.0
20231101:1010,73.6,100.41,24.77,15.14,3.03,0.0
20231101:1110,36.12,56.48,22.15,14.25,2.9,0.0
20231101:1210,54.62,78.0,17.23,13.35,3.1,0.0
20231101:1310,34.14,53.73,10.5,12.74,3.31,0.0
20231101:1410,0.0,1.79,2.45,12.19,3.31,0.0
20231101:1510,0.0,0.0,0.0,11.74,3.59,0.0
20231101:1610,0.0,0.0,0.0,11.28,3.93,0.0
20231101:1710,0.0,0.0,0.0,10.78,4.14,0.0
20231101:1810,0.0,0.0,0.0,10.28,4.07,0.0
20231101:1910,0.0,0.0,0.0,10.04,3.38,0.0
20231101:2010,0.0,0.0,0.0,9.92,3.31,0.0
20231101:2110,0.0,0.0,0.0,9.74,3.31,0.0
20231101:2210,0.0,0.0,0.0,9.67,3.31,0.0
20231101:2310,0.0,0.0,0.0,9.58,3.31,0.0
20231102:0010,0.0,0.0,0.0,9.52,3.17,0.0
20231102:0110,0.0,0.0,0.0,9.31,3.31,0.0
20231102:0210,0.0,0.0,0.0,9.13,3.59,0.0
20231102:0310,0.0,0.0,0.0,8.92,3.52,0.0
20231102:0410,0.0,0.0,0.0,8.82,3.31,0.0
20231102:0510,19.82,37.42,2.36,8.65,2.97,0.0
20231102:0610,312.56,356.74,10.37,8.68,2.48,0.0
20231102:0710,539.86,609.92,17.06,8.79,2.48,0.0
20231102:0810,682.15,781.99,21.92,9.42,2.62,0.0
20231102:0910,777.4,908.41,24.48,10.58,2.62,0.0
20231102:1010,727.49,846.2,24.46,11.51,2.83,0.0
20231102:1110,408.33,464.63,21.84,12.3,3.45,0.0
20231102:1210,341.97,392.53,16.94,12.68,2.69,0.0
20231102:1310,138.46,171.23,10.22,12.65,1.24,0.0
20231102:1410,0.0,3.59,2.19,12.37,0.9,0.0
20231102:1510,0.0,0.0,0.0,11.45,1.72,0.0
20231102:1610,0.0,0.0,0.0,10.67,1.93,0.0
20231102:1710,0.0,0.0,0.0,10.27,2.0,0.0
20231102:1810,0.0,0.0,0.0,9.84,2.0,0.0
20231102:1910,0.0,0.0,0.0,8.57,2.34,0.0
20231102:2010,0.0,0.0,0.0,8.08,2.41,0.0
20231102:2110,0.0,0.0,0.0,7.62,2.34,0.0
20231102:2210,0.0,0.0,0.0,7.1,2.34,0.0
20231102:2310,0.0,0.0,0.0,6.7,2.41,0.0
20231103:0010,0.0,0.0,0.0,6.23,2.55,0.0
20231103:0110,0.0,0.0,0.0,5.94,2.69,0.0
20231103:0210,0.0,0.0,0.0,5.75,2.83,0.0
20231103:0310,0.0,0.0,0.0,5.66,2.9,0.0
20231103:0410,0.0,0.0,0.0,5.48,2.97,0.0
20231103:0510,1.54,8.97,2.1,5.34,3.03,0.0
20231103:0610,317.26,356.57,10.1,5.98,3.1,0.0
20231103:0710,523.8,582.97,16.77,7.17,3.24,0.0
20231103:0810,677.08,760.97,21.61,8.72,4.21,0.0
20231103:0910,757.48,856.37,24.17,10.2,5.38,0.0
20231103:1010,752.99,856.67,24.14,11.0,5.03,0.0
20231103:1110,685.02,777.2,21.54,11.54,4.9,0.0
20231103:1210,565.25,637.71,16.65,11.61,4.76,0.0
20231103:1310,250.11,289.62,9.96,11.18,4.76,0.0
20231103:1410,0.63,7.17,1.94,10.23,4.9,0.0
20231103:1510,0.0,0.0,0.0,9.28,4.97,0.0
20231103:1610,0.0,0.0,0.0,8.74,5.03,0.0
20231103:1710,0.0,0.0,0.0,8.34,4.97,0.0
20231103:1810,0.0,0.0,0.0,8.02,4.97,0.0
20231103:1910,0.0,0.0,0.0,7.95,4.97,0.0
20231103:2010,0.0,0.0,0.0,8.16,4.62,0.0
20231103:2110,0.0,0.0,0.0,8.77,4.48,0.0
20231103:2210,0.0,0.0,0.0,9.42,4.34,0.0
20231103:2310,0.0,0.0,0.0,9.8,4.34,0.0
20231104:0010,0.0,0.0,0.0,10.02,4.76,0.0
20231104:0110,0.0,0.0,0.0,10.23,4.48,0.0
20231104:0210,0.0,0.0,0.0,10.45,4.28,0.0
20231104:0310,0.0,0.0,0.0,10.62,4.14,0.0
20231104:0410,0.0,0.0,0.0,10.84,4.07,0.0
20231104:0510,0.0,0.9,1.84,11.01,4.14,0.0
20231104:0610,5.02,15.24,9.83,11.26,4.28,0.0
20231104:0710,17.75,33.17,16.48,11.37,3.79,0.0
20231104:0810,23.35,40.34,21.31,11.62,3.59,0.0
20231104:0910,18.39,34.07,23.86,11.82,3.03,0.0
20231104:1010,19.03,34.96,23.83,12.34,2.69,0.0
20231104:1110,23.92,41.24,21.24,12.93,4.76,0.0
20231104:1210,22.48,39.45,16.37,13.0,3.52,0.0
20231104:1310,7.26,18.83,9.7,13.23,3.93,0.0
20231104:1410,0.0,0.9,1.69,13.72,4.48,0.0
20231104:1510,0.0,0.0,0.0,14.1,4.69,0.0
20231104:1610,0.0,0.0,0.0,14.42,4.83,0.0
20231104:1710,0.0,0.0,0.0,14.78,4.83,0.0
20231104:1810,0.0,0.0,0.0,15.04,4.76,0.0
20231104:1910,0.0,0.0,0.0,15.1,5.72,0.0
20231104:2010,0.0,0.0,0.0,15.66,6.76,0.0
20231104:2110,0.0,0.0,0.0,15.81,6.76,0.0
20231104:2210,0.0,0.0,0.0,15.61,6.76,0.0
20231104:2310,0.0,0.0,0.0,15.49,6.97,0.0
20231105:0010,0.0,0.0,0.0,15.46,6.48,0.0
20231105:0110,0.0,0.0,0.0,15.17,5.31,0.0
20231105:0210,0.0,0.0,0.0,14.18,3.72,0.0
20231105:0310,0.0,0.0,0.0,12.41,3.59,0.0
20231105:0410,0.0,0.0,0.0,10.59,4.14,0.0
20231105:0510,0.0,1.79,1.59,9.4,3.86,0.0
20231105:0610,276.54,316.76,9.56,9.02,3.24,0.0
20231105:0710,422.5,476.4,16.19,9.57,2.62,0.0
20231105:0810,325.7,371.86,21.01,10.53,2.07,0.0
20231105:0910,428.47,491.15,23.55,11.51,1.79,0.0
20231105:1010,604.69,704.59,23.53,12.43,1.86,0.0
20231105:1110,643.73,750.44,20.95,13.01,2.34,0.0
20231105:1210,526.45,605.3,16.1,13.19,2.83,0.0
20231105:1310,294.3,343.27,9.44,12.93,2.62,0.0
20231105:1410,0.0,1.79,1.45,12.17,2.97,0.0
20231105:1510,0.0,0.0,0.0,11.32,3.17,0.0
20231105:1610,0.0,0.0,0.0,10.96,3.72,0.0
20231105:1710,0.0,0.0,0.0,11.03,4.14,0.0
20231105:1810,0.0,0.0,0.0,11.13,4.21,0.0
20231105:1910,0.0,0.0,0.0,10.93,4.34,0.0
20231105:2010,0.0,0.0,0.0,11.38,4.34,0.0
20231105:2110,0.0,0.0,0.0,11.71,4.55,0.0
20231105:2210,0.0,0.0,0.0,11.14,4.41,0.0
20231105:2310,0.0,0.0,0.0,11.03,4.28,0.0
20231106:0010,0.0,0.0,0.0,11.07,4.0,0.0
20231106:0110,0.0,0.0,0.0,11.16,3.86,0.0
20231106:0210,0.0,0.0,0.0,11.25,3.59,0.0
20231106:0310,0.0,0.0,0.0,11.05,3.79,0.0
20231106:0410,0.0,0.0,0.0,10.48,4.07,0.0
20231106:0510,0.0,0.0,0.0,9.74,3.93,0.0
20231106:0610,297.47,340.02,9.29,9.71,3.86,0.0
20231106:0710,505.56,571.97,15.91,10.58,3.1,0.0
20231106:0810,646.25,736.89,20.71,11.65,3.86,0.0
20231106:0910,493.6,558.45,23.25,12.68,4.83,0.0
20231106:1010,619.41,700.92,23.23,13.49,6.34,0.0
20231106:1110,204.26,240.97,20.66,13.72,5.72,0.0
20231106:1210,71.84,97.28,15.83,13.4,4.97,0.0
20231106:1310,7.26,18.83,9.19,13.12,4.76,0.0
20231106:1410,0.0,0.0,0.0,12.69,4.62,0.0
20231106:1510,0.0,0.0,0.0,12.11,4.9,0.0
20231106:1610,0.0,0.0,0.0,11.47,5.03,0.0
20231106:1710,0.0,0.0,0.0,11.06,4.9,0.0
20231106:1810,0.0,0.0,0.0,10.9,4.76,0.0
20231106:1910,0.0,0.0,0.0,10.35,4.41,0.0
20231106:2010,0.0,0.0,0.0,10.02,4.48,0.0
20231106:2110,0.0,0.0,0.0,9.77,4.48,0.0
20231106:2210,0.0,0.0,0.0,9.64,4.41,0.0
20231106:2310,0.0,0.0,0.0,9.33,4.28,0.0
20231107:0010,0.0,0.0,0.0,9.11,4.14,0.0
20231107:0110,0.0,0.0,0.0,8.96,4.14,0.0
20231107:0210,0.0,0.0,0.0,8.89,4.21,0.0
20231107:0310,0.0,0.0,0.0,8.74,4.07,0.0
20231107:0410,0.0,0.0,0.0,8.61,3.86,0.0
20231107:0510,0.0,0.0,0.0,8.24,3.59,0.0
20231107:0610,290.27,330.63,9.02,8.32,3.45,0.0
20231107:0710,501.36,562.89,15.62,9.3,3.31,0.0
20231107:0810,651.65,736.34,20.42,10.38,4.28,0.0
20231107:0910,722.98,825.97,22.95,11.42,4.41,0.0
20231107:1010,736.17,846.5,22.93,12.43,4.41,0.0
20231107:1110,652.5,747.86,20.38,13.09,4.21,0.0
20231107:1210,366.08,418.41,15.56,13.4,3.79,0.0
20231107:1310,241.89,284.68,8.94,13.11,2.97,0.0
20231107:1410,0.0,0.0,0.0,12.01,2.69,0.0
20231107:1510,0.0,0.0,0.0,10.8,2.9,0.0
20231107:1610,0.0,0.0,0.0,10.23,3.1,0.0
20231107:1710,0.0,0.0,0.0,9.9,3.24,0.0
20231107:1810,0.0,0.0,0.0,9.73,3.31,0.0
20231107:1910,0.0,0.0,0.0,9.56,3.03,0.0
20231107:2010,0.0,0.0,0.0,9.36,2.69,0.0
20231107:2110,0.0,0.0,0.0,8.8,2.55,0.0
20231107:2210,0.0,0.0,0.0,8.31,2.34,0.0
20231107:2310,0.0,0.0,0.0,7.67,2.14,0.0
20231108:0010,0.0,0.0,0.0,7.11,2.0,0.0
20231108:0110,0.0,0.0,0.0,6.31,1.72,0.0
20231108:0210,0.0,0.0,0.0,5.4,1.66,0.0
20231108:0310,0.0,0.0,0.0,5.04,1.52,0.0
20231108:0410,0.0,0.0,0.0,5.12,1.31,0.0
20231108:0510,0.0,0.0,0.0,5.36,1.38,0.0
20231108:0610,8.81,20.62,8.75,6.13,1.38,0.0
20231108:0710,32.03,50.21,15.35,7.31,1.59,0.0
20231108:0810,50.45,71.72,20.13,7.98,1.59,0.0
20231108:0910,31.12,49.31,22.65,8.25,1.24,0.0
20231108:1010,25.18,42.14,22.64,8.27,1.03,0.0
20231108:1110,11.9,25.1,20.1,8.39,1.31,0.0
20231108:1210,7.47,18.83,15.3,8.3,1.59,0.0
20231108:1310,4.56,14.34,8.7,8.23,1.59,0.0
20231108:1410,0.0,0.0,0.0,8.08,1.66,0.0
20231108:1510,0.0,0.0,0.0,7.87,1.66,0.0
20231108:1610,0.0,0.0,0.0,7.75,2.0,0.0
20231108:1710,0.0,0.0,0.0,7.69,2.14,0.0
20231108:1810,0.0,0.0,0.0,7.69,2.34,0.0
20231108:1910,0.0,0.0,0.0,7.78,3.03,0.0
20231108:2010,0.0,0.0,0.0,7.69,3.24,0.0
20231108:2110,0.0,0.0,0.0,7.39,3.17,0.0
20231108:2210,0.0,0.0,0.0,6.98,3.1,0.0
20231108:2310,0.0,0.0,0.0,6.45,3.24,0.0
20231109:0010,0.0,0.0,0.0,6.07,2.97,0.0
20231109:0110,0.0,0.0,0.0,5.84,2.76,0.0
20231109:0210,0.0,0.0,0.0,5.94,3.72,0.0
20231109:0310,0.0,0.0,0.0,6.16,3.45,0.0
20231109:0410,0.0,0.0,0.0,6.53,3.59,0.0
20231109:0510,0.0,0.0,0.0,6.56,3.72,0.0
20231109:0610,105.94,131.41,8.49,6.58,3.59,0.0
20231109:0710,68.83,91.38,15.07,6.6,4.07,0.0
20231109:0810,175.47,204.33,19.84,6.76,4.41,0.0
20231109:0910,417.82,460.71,22.36,7.27,5.17,0.0
20231109:1010,189.02,219.55,22.36,7.86,5.17,0.0
20231109:1110,11.92,25.1,19.83,8.27,5.03,0.0
20231109:1210,6.86,17.93,15.05,8.57,4.97,0.0
20231109:1310,1.5,8.97,8.46,8.47,4.0,0.0
20231109:1410,0.0,0.0,0.0,8.24,3.38,0.0
20231109:1510,0.0,0.0,0.0,7.96,2.83,0.0
20231109:1610,0.0,0.0,0.0,7.78,2.83,0.0
20231109:1710,0.0,0.0,0.0,7.79,2.62,0.0
20231109:1810,0.0,0.0,0.0,7.69,2.21,0.0
20231109:1910,0.0,0.0,0.0,6.56,1.79,0.0
20231109:2010,0.0,0.0,0.0,6.08,1.79,0.0
20231109:2110,0.0,0.0,0.0,5.74,1.79,0.0
20231109:2210,0.0,0.0,0.0,5.38,1.79,0.0
20231109:2310,0.0,0.0,0.0,4.84,1.86,0.0
20231110:0010,0.0,0.0,0.0,4.42,1.93,0.0
20231110:0110,0.0,0.0,0.0,4.07,2.14,0.0
20231110:0210,0.0,0.0,0.0,3.9,2.28,0.0
20231110:0310,0.0,0.0,0.0,3.69,2.41,0.0
20231110:0410,0.0,0.0,0.0,3.49,2.48,0.0
20231110:0510,0.0,0.0,0.0,3.39,2.62,0.0
20231110:0610,257.92,290.52,8.23,3.81,2.76,0.0
20231110:0710,494.25,544.56,14.8,4.78,2.9,0.0
20231110:0810,495.6,547.33,19.56,6.51,3.72,0.0
20231110:0910,241.31,274.96,22.08,7.99,4.21,0.0
20231110:1010,673.59,756.53,22.08,9.16,4.62,0.0
20231110:1110,627.11,703.08,19.56,9.89,4.83,0.0
20231110:1210,229.31,263.72,14.8,10.2,4.76,0.0
20231110:1310,156.25,187.39,8.23,10.04,4.55,0.0
20231110:1410,0.0,0.0,0.0,9.39,4.34,0.0
20231110:1510,0.0,0.0,0.0,8.87,4.34,0.0
20231110:1610,0.0,0.0,0.0,8.69,4.28,0.0
20231110:1710,0.0,0.0,0.0,8.49,4.14,0.0
20231110:1810,0.0,0.0,0.0,8.41,4.14,0.0
20231110:1910,0.0,0.0,0.0,7.7,4.41,0.0
20231110:2010,0.0,0.0,0.0,7.71,4.41,0.0
20231110:2110,0.0,0.0,0.0,7.62,4.41,0.0
20231110:2210,0.0,0.0,0.0,7.63,4.48,0.0
20231110:2310,0.0,0.0,0.0,7.74,4.62,0.0
20231111:0010,0.0,0.0,0.0,7.73,4.9,0.0
20231111:0110,0.0,0.0,0.0,7.59,5.1,0.0
20231111:0210,0.0,0.0,0.0,7.58,5.17,0.0
20231111:0310,0.0,0.0,0.0,7.76,5.03,0.0
20231111:0410,0.0,0.0,0.0,7.96,4.83,0.0
20231111:0510,0.0,0.0,0.0,8.04,4.9,0.0
20231111:0610,8.1,19.72,7.98,8.04,5.1,0.0
20231111:0710,22.39,38.55,14.53,7.79,5.31,0.0
20231111:0810,33.52,52.0,19.28,7.89,4.76,0.0
20231111:0910,77.19,101.31,21.79,8.13,5.79,0.0
20231111:1010,63.44,86.07,21.8,7.86,5.24,0.0
20231111:1110,36.64,55.58,19.3,7.55,4.9,0.0
20231111:1210,32.12,50.21,14.56,7.21,4.83,0.0
20231111:1310,18.88,34.07,8.01,7.0,4.69,0.0
20231111:1410,0.0,0.0,0.0,6.94,4.34,0.0
20231111:1510,0.0,0.0,0.0,7.16,3.79,0.0
20231111:1610,0.0,0.0,0.0,7.58,3.03,0.0
20231111:1710,0.0,0.0,0.0,8.11,2.9,0.0
20231111:1810,0.0,0.0,0.0,8.55,2.9,0.0
20231111:1910,0.0,0.0,0.0,8.61,3.1,0.0
20231111:2010,0.0,0.0,0.0,8.58,2.34,0.0
20231111:2110,0.0,0.0,0.0,8.66,1.79,0.0
20231111:2210,0.0,0.0,0.0,8.76,1.1,0.0
20231111:2310,0.0,0.0,0.0,8.84,0.97,0.0
20231112:0010,0.0,0.0,0.0,8.82,1.31,0.0
20231112:0110,0.0,0.0,0.0,8.73,1.52,0.0
20231112:0210,0.0,0.0,0.0,8.6,1.79,0.0
20231112:0310,0.0,0.0,0.0,8.46,2.0,0.0
20231112:0410,0.0,0.0,0.0,8.24,2.34,0.0
20231112:0510,0.0,0.0,0.0,7.99,2.76,0.0
20231112:0610,4.57,14.34,7.72,7.71,3.17,0.0
20231112:0710,11.33,24.21,14.26,7.22,3.03,0.0
20231112:0810,31.33,49.31,19.0,7.2,3.03,0.0
20231112:0910,72.44,95.93,21.52,7.28,3.45,0.0
20231112:1010,99.67,125.23,21.53,7.29,4.41,0.0
20231112:1110,88.57,113.1,19.04,7.17,4.83,0.0
20231112:1210,71.63,94.44,14.32,6.98,5.03,0.0
20231112:1310,8.79,20.62,7.79,6.7,5.31,0.0
20231112:1410,0.0,0.0,0.0,6.4,5.38,0.0
20231112:1510,0.0,0.0,0.0,6.41,5.52,0.0
20231112:1610,0.0,0.0,0.0,6.49,6.07,0.0
20231112:1710,0.0,0.0,0.0,6.49,6.55,0.0
20231112:1810,0.0,0.0,0.0,6.39,6.34,0.0
20231112:1910,0.0,0.0,0.0,6.71,6.0,0.0
20231112:2010,0.0,0.0,0.0,6.67,5.66,0.0
20231112:2110,0.0,0.0,0.0,6.57,5.72,0.0
20231112:2210,0.0,0.0,0.0,6.4,5.72,0.0
20231112:2310,0.0,0.0,0.0,6.36,5.79,0.0
20231113:0010,0.0,0.0,0.0,6.3,5.86,0.0
20231113:0110,0.0,0.0,0.0,6.24,5.52,0.0
20231113:0210,0.0,0.0,0.0,6.16,5.1,0.0
20231113:0310,0.0,0.0,0.0,6.12,4.83,0.0
20231113:0410,0.0,0.0,0.0,5.95,4.69,0.0
20231113:0510,0.0,0.0,0.0,5.8,4.55,0.0
20231113:0610,127.44,153.68,7.47,5.71,4.41,0.0
20231113:0710,192.95,221.31,14.0,6.08,4.34,0.0
20231113:0810,159.1,186.62,18.73,6.59,5.93,0.0
20231113:0910,282.0,315.29,21.24,7.02,5.52,0.0
20231113:1010,332.71,370.59,21.26,7.65,4.69,0.0
20231113:1110,182.98,212.86,18.79,8.04,5.24,0.0
20231113:1210,58.48,80.4,14.09,7.97,4.76,0.0
20231113:1310,12.63,26.0,7.58,7.62,4.14,0.0
20231113:1410,0.0,0.0,0.0,7.04,3.79,0.0
20231113:1510,0.0,0.0,0.0,6.58,3.79,0.0
20231113:1610,0.0,0.0,0.0,6.23,3.93,0.0
20231113:1710,0.0,0.0,0.0,5.81,3.86,0.0
20231113:1810,0.0,0.0,0.0,5.5,3.66,0.0
20231113:1910,0.0,0.0,0.0,5.04,3.38,0.0
20231113:2010,0.0,0.0,0.0,4.6,3.17,0.0
20231113:2110,0.0,0.0,0.0,4.26,2.97,0.0
20231113:2210,0.0,0.0,0.0,3.95,2.83,0.0
20231113:2310,0.0,0.0,0.0,3.54,2.9,0.0
20231114:0010,0.0,0.0,0.0,3.12,2.83,0.0
20231114:0110,0.0,0.0,0.0,2.7,2.76,0.0
20231114:0210,0.0,0.0,0.0,2.47,2.62,0.0
20231114:0310,0.0,0.0,0.0,2.21,2.41,0.0
20231114:0410,0.0,0.0,0.0,1.86,2.34,0.0
20231114:0510,0.0,0.0,0.0,1.58,2.34,0.0
20231114:0610,16.5,30.48,7.22,2.03,2.48,0.0
20231114:0710,52.63,72.52,13.74,2.78,2.76,0.0
20231114:0810,33.41,51.1,18.47,3.77,2.9,0.0
20231114:0910,83.45,106.91,20.98,4.99,3.38,0.0
20231114:1010,19.02,34.07,21.0,5.6,3.52,0.0
20231114:1110,10.75,23.31,18.54,6.1,4.34,0.0
20231114:1210,8.24,19.72,13.86,5.13,4.62,0.0
20231114:1310,2.03,9.86,7.37,4.41,4.34,0.0
20231114:1410,0.0,0.0,0.0,4.7,3.66,0.0
20231114:1510,0.0,0.0,0.0,5.52,3.52,0.0
20231114:1610,0.0,0.0,0.0,6.27,3.86,0.0
20231114:1710,0.0,0.0,0.0,6.7,3.86,0.0
20231114:1810,0.0,0.0,0.0,7.08,3.93,0.0
20231114:1910,0.0,0.0,0.0,6.98,3.72,0.0
20231114:2010,0.0,0.0,0.0,7.13,3.72,0.0
20231114:2110,0.0,0.0,0.0,7.28,4.0,0.0
20231114:2210,0.0,0.0,0.0,7.43,4.34,0.0
20231114:2310,0.0,0.0,0.0,7.43,4.55,0.0
20231115:0010,0.0,0.0,0.0,7.46,4.48,0.0
20231115:0110,0.0,0.0,0.0,7.57,4.34,0.0
20231115:0210,0.0,0.0,0.0,7.74,3.79,0.0
20231115:0310,0.0,0.0,0.0,7.87,3.59,0.0
20231115:0410,0.0,0.0,0.0,7.91,3.72,0.0
20231115:0510,0.0,0.0,0.0,7.76,3.45,0.0
20231115:0610,39.23,58.53,6.97,7.68,3.72,0.0
20231115:0710,208.79,239.28,13.48,7.17,3.52,0.0
20231115:0810,286.54,323.06,18.2,8.08,3.31,0.0
20231115:0910,666.5,754.58,20.72,8.98,3.38,0.0
20231115:1010,493.21,554.04,20.75,9.85,3.52,0.0
20231115:1110,46.8,68.14,18.3,10.53,3.31,0.0
20231115:1210,140.42,170.23,13.64,10.61,2.76,0.0
20231115:1310,71.99,96.36,7.17,10.32,2.28,0.0
20231115:1410,0.0,0.0,0.0,9.22,2.21,0.0
20231115:1510,0.0,0.0,0.0,8.32,2.28,0.0
20231115:1610,0.0,0.0,0.0,7.69,2.41,0.0
20231115:1710,0.0,0.0,0.0,7.41,2.48,0.0
20231115:1810,0.0,0.0,0.0,6.95,2.48,0.0
20231115:1910,0.0,0.0,0.0,7.22,2.62,0.0
20231115:2010,0.0,0.0,0.0,7.02,2.55,0.0
20231115:2110,0.0,0.0,0.0,6.72,2.48,0.0
20231115:2210,0.0,0.0,0.0,6.5,2.48,0.0
20231115:2310,0.0,0.0,0.0,6.37,2.41,0.0
20231116:0010,0.0,0.0,0.0,6.54,2.28,0.0
20231116:0110,0.0,0.0,0.0,6.63,2.14,0.0
20231116:0210,0.0,0.0,0.0,6.74,2.0,0.0
20231116:0310,0.0,0.0,0.0,6.91,2.21,0.0
20231116:0410,0.0,0.0,0.0,6.92,2.69,0.0
20231116:0510,0.0,0.0,0.0,6.85,3.72,0.0
20231116:0610,93.82,118.43,6.73,6.56,4.14,0.0
20231116:0710,39.96,59.17,13.23,6.31,4.28,0.0
20231116:0810,86.94,110.89,17.95,6.06,4.0,0.0
20231116:0910,30.12,47.52,20.46,5.33,4.07,0.0
20231116:1010,27.16,43.93,20.5,5.03,4.48,0.0
20231116:1110,24.96,41.24,18.07,4.71,4.83,0.0
20231116:1210,8.91,20.62,13.43,4.39,4.55,0.0
20231116:1310,14.94,28.69,6.98,3.98,4.34,0.0
20231116:1410,0.0,0.0,0.0,3.39,4.21,0.0
20231116:1510,0.0,0.0,0.0,2.74,3.86,0.0
20231116:1610,0.0,0.0,0.0,2.49,4.83,0.0
20231116:1710,0.0,0.0,0.0,2.71,5.1,0.0
20231116:1810,0.0,0.0,0.0,2.98,4.97,0.0
20231116:1910,0.0,0.0,0.0,2.98,4.55,0.0
20231116:2010,0.0,0.0,0.0,2.99,4.41,0.0
20231116:2110,0.0,0.0,0.0,2.86,4.28,0.0
20231116:2210,0.0,0.0,0.0,2.71,3.93,0.0
20231116:2310,0.0,0.0,0.0,2.56,3.66,0.0
20231117:0010,0.0,0.0,0.0,2.26,3.45,0.0
20231117:0110,0.0,0.0,0.0,2.15,3.38,0.0
20231117:0210,0.0,0.0,0.0,1.95,3.17,0.0
20231117:0310,0.0,0.0,0.0,1.93,2.69,0.0
20231117:0410,0.0,0.0,0.0,1.8,2.28,0.0
20231117:0510,0.0,0.0,0.0,1.73,1.79,0.0
20231117:0610,3.63,12.55,6.49,1.71,1.72,0.0
20231117:0710,46.43,65.49,12.98,2.16,2.07,0.0
20231117:0810,39.87,58.27,17.69,2.45,2.07,0.0
20231117:0910,35.09,52.89,20.21,2.87,1.79,0.0
20231117:1010,42.86,61.86,20.26,3.16,1.38,0.0
20231117:1110,21.37,36.76,17.84,3.51,0.9,0.0
20231117:1210,23.54,39.45,13.22,3.8,0.83,0.0
20231117:1310,10.21,22.41,6.79,3.87,1.24,0.0
20231117:1410,0.0,0.0,0.0,3.65,1.38,0.0
20231117:1510,0.0,0.0,0.0,3.34,1.66,0.0
20231117:1610,0.0,0.0,0.0,2.99,1.93,0.0
20231117:1710,0.0,0.0,0.0,2.91,2.21,0.0
20231117:1810,0.0,0.0,0.0,2.88,2.28,0.0
20231117:1910,0.0,0.0,0.0,2.44,2.21,0.0
20231117:2010,0.0,0.0,0.0,2.53,2.07,0.0
20231117:2110,0.0,0.0,0.0,2.55,2.28,0.0
20231117:2210,0.0,0.0,0.0,2.52,2.41,0.0
20231117:2310,0.0,0.0,0.0,2.46,2.34,0.0
20231118:0010,0.0,0.0,0.0,2.4,2.41,0.0
20231118:0110,0.0,0.0,0.0,2.17,2.55,0.0
20231118:0210,0.0,0.0,0.0,2.09,2.62,0.0
20231118:0310,0.0,0.0,0.0,2.05,2.76,0.0
20231118:0410,0.0,0.0,0.0,2.06,2.62,0.0
20231118:0510,0.0,0.0,0.0,2.02,2.83,0.0
20231118:0610,4.18,13.45,6.26,1.99,3.17,0.0
20231118:0710,45.05,63.75,12.74,1.62,3.59,0.0
20231118:0810,160.21,184.44,17.45,1.86,3.86,0.0
20231118:0910,235.21,261.74,19.96,2.27,4.0,0.0
20231118:1010,120.82,144.75,20.02,2.52,4.14,0.0
20231118:1110,43.1,61.86,17.62,2.54,4.14,0.0
20231118:1210,27.49,43.93,13.02,2.59,4.21,0.0
20231118:1310,20.85,35.89,6.61,2.39,4.28,0.0
20231118:1410,0.0,0.0,0.0,2.07,4.0,0.0
20231118:1510,0.0,0.0,0.0,1.72,3.66,0.0
20231118:1610,0.0,0.0,0.0,1.34,3.45,0.0
20231118:1710,0.0,0.0,0.0,0.98,3.45,0.0
20231118:1810,0.0,0.0,0.0,0.57,3.31,0.0
20231118:1910,0.0,0.0,0.0,-0.47,3.86,0.0
20231118:2010,0.0,0.0,0.0,-0.88,3.93,0.0
20231118:2110,0.0,0.0,0.0,-1.28,3.52,0.0
20231118:2210,0.0,0.0,0.0,-1.59,3.17,0.0
20231118:2310,0.0,0.0,0.0,-1.82,3.03,0.0
20231119:0010,0.0,0.0,0.0,-1.9,3.24,0.0
20231119:0110,0.0,0.0,0.0,-2.02,3.38,0.0
20231119:0210,0.0,0.0,0.0,-2.18,3.31,0.0
20231119:0310,0.0,0.0,0.0,-2.17,3.31,0.0
20231119:0410,0.0,0.0,0.0,-2.28,3.03,0.0
20231119:0510,0.0,0.0,0.0,-2.36,2.83,0.0
20231119:0610,18.68,32.67,6.02,-2.3,2.9,0.0
20231119:0710,157.82,178.89,12.5,-2.1,3.03,0.0
20231119:0810,174.65,196.65,17.2,-1.7,2.83,0.0
20231119:0910,179.87,202.94,19.72,-0.92,2.83,0.0
20231119:1010,83.16,104.38,19.79,-0.39,2.83,0.0
20231119:1110,53.38,72.62,17.41,-0.07,2.97,0.0
20231119:1210,58.01,77.48,12.82,0.03,3.17,0.0
20231119:1310,9.14,20.62,6.43,-0.21,3.24,0.0
20231119:1410,0.0,0.0,0.0,-0.63,3.1,0.0
20231119:1510,0.0,0.0,0.0,-0.9,3.24,0.0
20231119:1610,0.0,0.0,0.0,-1.21,3.1,0.0
20231119:1710,0.0,0.0,0.0,-1.38,2.83,0.0
20231119:1810,0.0,0.0,0.0,-1.52,2.48,0.0
20231119:1910,0.0,0.0,0.0,-2.0,2.55,0.0
20231119:2010,0.0,0.0,0.0,-2.15,2.76,0.0
20231119:2110,0.0,0.0,0.0,-2.25,2.9,0.0
20231119:2210,0.0,0.0,0.0,-2.34,2.97,0.0
20231119:2310,0.0,0.0,0.0,-2.41,2.9,0.0
20231120:0010,0.0,0.0,0.0,-2.38,2.9,0.0
20231120:0110,0.0,0.0,0.0,-2.35,2.83,0.0
20231120:0210,0.0,0.0,0.0,-2.3,2.83,0.0
20231120:0310,0.0,0.0,0.0,-2.28,2.9,0.0
20231120:0410,0.0,0.0,0.0,-2.27,2.9,0.0
20231120:0510,0.0,0.0,0.0,-2.26,2.9,0.0
20231120:0610,3.18,11.65,5.79,-2.32,2.9,0.0
20231120:0710,367.72,393.04,12.27,-2.2,2.83,0.0
20231120:0810,558.95,597.68,16.96,-1.75,2.97,0.0
20231120:0910,375.91,402.97,19.48,-1.15,3.1,0.0
20231120:1010,328.47,354.52,19.56,-0.49,3.31,0.0
20231120:1110,280.46,305.29,17.2,-0.18,3.24,0.0
20231120:1210,68.93,88.99,12.63,-0.14,3.24,0.0
20231120:1310,13.18,26.0,6.26,-0.3,3.03,0.0
20231120:1410,0.0,0.0,0.0,-0.84,2.48,0.0
20231120:1510,0.0,0.0,0.0,-1.36,2.41,0.0
20231120:1610,0.0,0.0,0.0,-1.52,2.34,0.0
20231120:1710,0.0,0.0,0.0,-1.83,2.14,0.0
20231120:1810,0.0,0.0,0.0,-1.92,1.93,0.0
20231120:1910,0.0,0.0,0.0,-1.91,1.72,0.0
20231120:2010,0.0,0.0,0.0,-2.2,1.59,0.0
20231120:2110,0.0,0.0,0.0,-2.66,1.45,0.0
20231120:2210,0.0,0.0,0.0,-2.72,1.38,0.0
20231120:2310,0.0,0.0,0.0,-2.8,1.38,0.0
20231121:0010,0.0,0.0,0.0,-3.34,1.31,0.0
20231121:0110,0.0,0.0,0.0,-3.53,1.31,0.0
20231121:0210,0.0,0.0,0.0,-3.44,1.03,0.0
20231121:0310,0.0,0.0,0.0,-2.92,0.83,0.0
20231121:0410,0.0,0.0,0.0,-2.57,0.62,0.0
20231121:0510,0.0,0.0,0.0,-2.7,0.69,0.0
20231121:0610,88.47,108.62,5.57,-3.78,1.1,0.0
20231121:0710,215.95,238.82,12.03,-2.32,1.03,0.0
20231121:0810,513.74,557.68,16.73,-1.87,1.03,0.0
20231121:0910,115.43,137.71,19.25,-1.32,1.03,0.0
20231121:1010,102.74,124.82,19.35,-0.92,0.97,0.0
20231121:1110,146.98,170.17,17.0,-0.71,0.9,0.0
20231121:1210,43.92,62.06,12.45,-0.62,1.03,0.0
20231121:1310,5.41,15.24,6.1,-0.77,1.31,0.0
20231121:1410,0.0,0.0,0.0,-1.09,1.17,0.0
20231121:1510,0.0,0.0,0.0,-1.28,1.31,0.0
20231121:1610,0.0,0.0,0.0,-1.51,1.52,0.0
20231121:1710,0.0,0.0,0.0,-1.45,1.66,0.0
20231121:1810,0.0,0.0,0.0,-1.62,1.66,0.0
20231121:1910,0.0,0.0,0.0,-1.29,1.79,0.0
20231121:2010,0.0,0.0,0.0,-1.15,1.93,0.0
20231121:2110,0.0,0.0,0.0,-1.12,1.86,0.0
20231121:2210,0.0,0.0,0.0,-1.09,1.79,0.0
20231121:2310,0.0,0.0,0.0,-1.17,1.93,0.0
20231122:0010,0.0,0.0,0.0,-1.36,2.28,0.0
20231122:0110,0.0,0.0,0.0,-1.61,2.76,0.0
20231122:0210,0.0,0.0,0.0,-1.85,2.97,0.0
20231122:0310,0.0,0.0,0.0,-2.11,3.03,0.0
20231122:0410,0.0,0.0,0.0,-2.44,3.24,0.0
20231122:0510,0.0,0.0,0.0,-2.8,3.38,0.0
20231122:0610,3.2,11.65,5.35,-3.09,3.45,0.0
20231122:0710,36.17,52.89,11.81,-3.07,3.17,0.0
20231122:0810,63.26,82.22,16.5,-3.16,3.17,0.0
20231122:0910,41.86,59.17,19.03,-3.27,3.1,0.0
20231122:1010,32.21,48.41,19.13,-3.16,3.24,0.0
20231122:1110,21.39,35.86,16.8,-3.1,3.31,0.0
20231122:1210,16.23,29.59,12.27,-3.18,3.1,0.0
20231122:1310,2.15,9.86,5.94,-3.23,2.97,0.0
20231122:1410,0.0,0.0,0.0,-3.49,2.69,0.0
20231122:1510,0.0,0.0,0.0,-3.83,2.69,0.0
20231122:1610,0.0,0.0,0.0,-4.25,2.83,0.0
20231122:1710,0.0,0.0,0.0,-4.85,2.9,0.0
20231122:1810,0.0,0.0,0.0,-5.1,3.1,0.0
20231122:1910,0.0,0.0,0.0,-5.36,3.31,0.0
20231122:2010,0.0,0.0,0.0,-5.62,3.03,0.0
20231122:2110,0.0,0.0,0.0,-5.71,2.9,0.0
20231122:2210,0.0,0.0,0.0,-5.82,3.24,0.0
20231122:2310,0.0,0.0,0.0,-5.9,2.97,0.0
20231123:0010,0.0,0.0,0.0,-5.87,2.76,0.0
20231123:0110,0.0,0.0,0.0,-5.9,2.28,0.0
20231123:0210,0.0,0.0,0.0,-5.84,2.48,0.0
20231123:0310,0.0,0.0,0.0,-5.87,2.21,0.0
20231123:0410,0.0,0.0,0.0,-5.8,2.41,0.0
20231123:0510,0.0,0.0,0.0,-5.85,2.69,0.0
20231123:0610,6.21,16.14,5.13,-6.01,2.76,0.0
20231123:0710,36.57,52.89,11.59,-5.29,3.03,0.0
20231123:0810,67.25,85.88,16.28,-4.71,4.07,0.0
20231123:0910,47.85,65.45,18.81,-4.19,4.62,0.0
20231123:1010,78.65,98.21,18.93,-3.5,4.76,0.0
20231123:1110,52.46,70.83,16.61,-2.7,4.55,0.0
20231123:1210,46.94,64.89,12.1,-2.02,4.62,0.0
20231123:1310,0.0,5.38,5.79,-1.56,5.1,0.0
20231123:1410,0.0,0.0,0.0,-1.34,5.45,0.0
20231123:1510,0.0,0.0,0.0,-0.99,5.86,0.0
20231123:1610,0.0,0.0,0.0,-0.42,6.21,0.0
20231123:1710,0.0,0.0,0.0,0.39,6.48,0.0
20231123:1810,0.0,0.0,0.0,1.21,6.76,0.0
20231123:1910,0.0,0.0,0.0,1.75,6.62,0.0
20231123:2010,0.0,0.0,0.0,2.71,6.83,0.0
20231123:2110,0.0,0.0,0.0,3.23,6.97,0.0
20231123:2210,0.0,0.0,0.0,3.52,6.97,0.0
20231123:2310,0.0,0.0,0.0,3.66,6.97,0.0
20231124:0010,0.0,0.0,0.0,3.88,6.9,0.0
20231124:0110,0.0,0.0,0.0,3.78,7.03,0.0
20231124:0210,0.0,0.0,0.0,3.59,7.31,0.0
20231124:0310,0.0,0.0,0.0,3.55,7.31,0.0
20231124:0410,0.0,0.0,0.0,3.62,7.17,0.0
20231124:0510,0.0,0.0,0.0,3.38,6.97,0.0
20231124:0610,75.62,97.52,4.92,3.42,6.55,0.0
20231124:0710,8.91,20.62,11.37,4.39,6.21,0.0
20231124:0810,581.11,628.41,16.06,4.78,6.48,0.0
20231124:0910,96.86,120.72,18.6,5.07,6.69,0.0
20231124:1010,506.18,547.32,18.73,5.15,6.9,0.0
20231124:1110,460.05,497.59,16.43,4.76,6.34,0.0
20231124:1210,374.08,407.25,11.94,4.44,5.45,0.0
20231124:1310,16.24,30.29,5.65,3.71,4.69,0.0
20231124:1410,0.0,0.0,0.0,2.64,4.48,0.0
20231124:1510,0.0,0.0,0.0,1.98,4.48,0.0
20231124:1610,0.0,0.0,0.0,1.56,4.55,0.0
20231124:1710,0.0,0.0,0.0,1.21,4.48,0.0
20231124:1810,0.0,0.0,0.0,1.0,4.28,0.0
20231124:1910,0.0,0.0,0.0,1.09,4.14,0.0
20231124:2010,0.0,0.0,0.0,0.62,4.0,0.0
20231124:2110,0.0,0.0,0.0,0.31,4.14,0.0
20231124:2210,0.0,0.0,0.0,0.04,4.07,0.0
20231124:2310,0.0,0.0,0.0,-0.28,3.72,0.0
20231125:0010,0.0,0.0,0.0,-0.72,3.24,0.0
20231125:0110,0.0,0.0,0.0,-1.15,2.97,0.0
20231125:0210,0.0,0.0,0.0,-1.37,2.83,0.0
20231125:0310,0.0,0.0,0.0,-1.6,2.69,0.0
20231125:0410,0.0,0.0,0.0,-1.82,2.41,0.0
20231125:0510,0.0,0.0,0.0,-2.05,2.14,0.0
20231125:0610,144.38,167.22,4.71,-2.44,1.86,0.0
20231125:0710,435.24,469.49,11.16,-1.15,1.86,0.0
20231125:0810,553.52,601.92,15.85,0.24,2.07,0.0
20231125:0910,494.46,540.06,18.39,1.25,1.79,0.0
20231125:1010,679.47,758.82,18.53,2.0,1.66,0.0
20231125:1110,585.23,647.71,16.25,2.36,1.66,0.0
20231125:1210,300.79,332.61,11.78,2.3,1.31,0.0
20231125:1310,57.66,77.74,5.51,1.92,1.24,0.0
20231125:1410,0.0,0.0,0.0,0.91,1.66,0.0
20231125:1510,0.0,0.0,0.0,-0.3,1.66,0.0
20231125:1610,0.0,0.0,0.0,-1.63,1.52,0.0
20231125:1710,0.0,0.0,0.0,-2.13,1.52,0.0
20231125:1810,0.0,0.0,0.0,-2.46,1.45,0.0
20231125:1910,0.0,0.0,0.0,-0.77,0.62,0.0
20231125:2010,0.0,0.0,0.0,-0.9,0.34,0.0
20231125:2110,0.0,0.0,0.0,-1.1,0.62,0.0
20231125:2210,0.0,0.0,0.0,-2.53,1.1,0.0
20231125:2310,0.0,0.0,0.0,-3.23,1.45,0.0
20231126:0010,0.0,0.0,0.0,-3.26,1.52,0.0
20231126:0110,0.0,0.0,0.0,-2.91,1.72,0.0
20231126:0210,0.0,0.0,0.0,-2.85,1.66,0.0
20231126:0310,0.0,0.0,0.0,-2.37,1.72,0.0
20231126:0410,0.0,0.0,0.0,-1.82,2.07,0.0
20231126:0510,0.0,0.0,0.0,-1.61,2.34,0.0
20231126:0610,3.71,12.55,4.5,-1.45,2.69,0.0
20231126:0710,33.39,50.21,10.95,-0.81,2.76,0.0
20231126:0810,150.63,173.09,15.64,-0.2,3.17,0.0
20231126:0910,65.72,86.07,18.19,0.34,3.93,0.0
20231126:1010,41.14,59.17,18.34,0.46,4.48,0.0
20231126:1110,27.78,43.93,16.08,0.57,4.76,0.0
20231126:1210,15.23,28.69,11.63,0.46,5.24,0.0
20231126:1310,2.6,10.76,5.38,0.15,5.72,0.0
20231126:1410,0.0,0.0,0.0,-0.16,5.93,0.0
20231126:1510,0.0,0.0,0.0,-0.39,6.07,0.0
20231126:1610,0.0,0.0,0.0,-0.58,6.69,0.0
20231126:1710,0.0,0.0,0.0,-0.69,6.97,0.0
20231126:1810,0.0,0.0,0.0,-0.79,7.31,0.0
20231126:1910,0.0,0.0,0.0,-0.82,6.48,0.0
20231126:2010,0.0,0.0,0.0,-0.91,6.34,0.0
20231126:2110,0.0,0.0,0.0,-1.09,6.69,0.0
20231126:2210,0.0,0.0,0.0,-1.39,6.97,0.0
20231126:2310,0.0,0.0,0.0,-1.74,6.9,0.0
20231127:0010,0.0,0.0,0.0,-2.16,7.45,0.0
20231127:0110,0.0,0.0,0.0,-2.45,7.59,0.0
20231127:0210,0.0,0.0,0.0,-2.61,8.0,0.0
20231127:0310,0.0,0.0,0.0,-2.67,9.03,0.0
20231127:0410,0.0,0.0,0.0,-2.82,8.97,0.0
20231127:0510,0.0,0.0,0.0,-2.97,8.76,0.0
20231127:0610,3.75,12.55,4.3,-3.08,9.1,0.0
20231127:0710,16.96,30.48,10.75,-2.86,9.93,0.0
20231127:0810,39.39,56.48,15.44,-2.54,9.52,0.0
20231127:0910,71.67,91.14,18.0,-2.28,9.17,0.0
20231127:1010,44.21,61.86,18.16,-2.26,8.69,0.0
20231127:1110,55.77,74.41,15.92,-2.19,8.55,0.0
20231127:1210,14.74,27.79,11.49,-2.24,8.07,0.0
20231127:1310,3.73,12.55,5.26,-2.39,7.79,0.0
20231127:1410,0.0,0.0,0.0,-2.76,7.45,0.0
20231127:1510,0.0,0.0,0.0,-3.06,7.1,0.0
20231127:1610,0.0,0.0,0.0,-3.35,6.69,0.0
20231127:1710,0.0,0.0,0.0,-3.61,6.34,0.0
20231127:1810,0.0,0.0,0.0,-3.78,6.0,0.0
20231127:1910,0.0,0.0,0.0,-3.7,5.38,0.0
20231127:2010,0.0,0.0,0.0,-3.88,5.17,0.0
20231127:2110,0.0,0.0,0.0,-4.1,4.76,0.0
20231127:2210,0.0,0.0,0.0,-4.2,4.76,0.0
20231127:2310,0.0,0.0,0.0,-4.22,4.28,0.0
20231128:0010,0.0,0.0,0.0,-4.2,4.14,0.0
20231128:0110,0.0,0.0,0.0,-4.26,4.07,0.0
20231128:0210,0.0,0.0,0.0,-4.14,4.14,0.0
20231128:0310,0.0,0.0,0.0,-3.96,3.72,0.0
20231128:0410,0.0,0.0,0.0,-3.74,3.24,0.0
20231128:0510,0.0,0.0,0.0,-3.4,3.17,0.0
20231128:0610,2.66,10.76,4.11,-2.9,3.38,0.0
20231128:0710,77.57,97.01,10.55,-2.4,2.97,0.0
20231128:0810,160.05,181.36,15.25,-1.94,2.97,0.0
20231128:0910,197.02,219.18,17.81,-1.39,3.45,0.0
20231128:1010,216.5,239.28,17.99,-1.0,3.31,0.0
20231128:1110,198.94,221.48,15.76,-0.78,3.24,0.0
20231128:1210,218.55,241.06,11.35,-0.78,3.24,0.0
20231128:1310,84.72,105.17,5.14,-1.47,3.1,0.0
20231128:1410,0.0,0.0,0.0,-2.44,3.59,0.0
20231128:1510,0.0,0.0,0.0,-2.73,4.0,0.0
20231128:1610,0.0,0.0,0.0,-2.37,4.14,0.0
20231128:1710,0.0,0.0,0.0,-2.06,4.14,0.0
20231128:1810,0.0,0.0,0.0,-1.8,4.07,0.0
20231128:1910,0.0,0.0,0.0,-1.72,4.28,0.0
20231128:2010,0.0,0.0,0.0,-1.25,4.34,0.0
20231128:2110,0.0,0.0,0.0,-0.39,4.55,0.0
20231128:2210,0.0,0.0,0.0,0.56,5.24,0.0
20231128:2310,0.0,0.0,0.0,1.01,5.66,0.0
20231129:0010,0.0,0.0,0.0,1.23,5.93,0.0
20231129:0110,0.0,0.0,0.0,1.3,6.07,0.0
20231129:0210,0.0,0.0,0.0,1.16,5.93,0.0
20231129:0310,0.0,0.0,0.0,1.09,5.66,0.0
20231129:0410,0.0,0.0,0.0,1.01,5.17,0.0
20231129:0510,0.0,0.0,0.0,0.9,4.62,0.0
20231129:0610,0.0,4.48,3.92,0.78,3.93,0.0
20231129:0710,13.09,26.0,10.36,0.98,2.97,0.0
20231129:0810,20.16,34.96,15.06,1.33,2.14,0.0
20231129:0910,32.96,50.21,17.63,1.76,2.21,0.0
20231129:1010,36.11,53.79,17.82,1.84,3.93,0.0
20231129:1110,61.44,81.54,15.61,1.15,4.97,0.0
20231129:1210,3.67,12.55,11.23,-0.02,5.79,0.0
20231129:1310,0.33,6.28,5.03,-1.07,6.0,0.0
20231129:1410,0.0,0.0,0.0,-1.93,5.79,0.0
20231129:1510,0.0,0.0,0.0,-2.47,5.86,0.0
20231129:1610,0.0,0.0,0.0,-2.81,5.93,0.0
20231129:1710,0.0,0.0,0.0,-2.95,6.0,0.0
20231129:1810,0.0,0.0,0.0,-3.0,6.07,0.0
20231129:1910,0.0,0.0,0.0,-2.86,5.72,0.0
20231129:2010,0.0,0.0,0.0,-2.94,5.86,0.0
20231129:2110,0.0,0.0,0.0,-3.01,6.14,0.0
20231129:2210,0.0,0.0,0.0,-3.15,5.66,0.0
20231129:2310,0.0,0.0,0.0,-3.3,5.79,0.0
20231130:0010,0.0,0.0,0.0,-3.46,5.93,0.0
20231130:0110,0.0,0.0,0.0,-3.69,5.72,0.0
20231130:0210,0.0,0.0,0.0,-3.96,5.24,0.0
20231130:0310,0.0,0.0,0.0,-4.08,4.97,0.0
20231130:0410,0.0,0.0,0.0,-4.22,4.55,0.0
20231130:0510,0.0,0.0,0.0,-4.12,4.41,0.0
20231130:0610,20.49,34.66,3.73,-4.13,4.07,0.0
20231130:0710,154.04,173.11,10.17,-3.89,4.62,0.0
20231130:0810,208.82,228.06,14.87,-3.27,5.24,0.0
20231130:0910,156.51,177.17,17.46,-2.51,4.9,0.0
20231130:1010,173.56,194.88,17.66,-1.65,4.83,0.0
20231130:1110,137.09,158.56,15.47,-1.08,4.28,0.0
20231130:1210,440.53,469.89,11.1,-0.94,3.72,0.0
20231130:1310,0.0,4.48,4.93,-1.22,3.59,0.0
20231130:1410,0.0,0.0,0.0,-2.0,3.52,0.0
20231130:1510,0.0,0.0,0.0,-2.49,3.31,0.0
20231130:1610,0.0,0.0,0.0,-2.92,3.38,0.0
20231130:1710,0.0,0.0,0.0,-3.04,3.45,0.0
20231130:1810,0.0,0.0,0.0,-3.15,3.38,0.0
20231130:1910,0.0,0.0,0.0,-3.03,3.1,0.0
20231130:2010,0.0,0.0,0.0,-3.26,3.03,0.0
20231130:2110,0.0,0.0,0.0,-3.01,3.1,0.0
20231130:2210,0.0,0.0,0.0,-2.39,3.1,0.0
20231130:2310,0.0,0.0,0.0,-2.01,3.1,0.0
20231201:0010,0.0,0.0,0.0,-1.76,3.1,0.0
20231201:0110,0.0,0.0,0.0,-1.61,2.9,0.0
20231201:0210,0.0,0.0,0.0,-1.52,2.9,0.0
20231201:0310,0.0,0.0,0.0,-1.36,2.62,0.0
20231201:0410,0.0,0.0,0.0,-1.13,2.14,0.0
20231201:0510,0.0,0.0,0.0,-0.9,1.79,0.0
20231201:0610,0.73,7.17,3.55,-0.71,1.52,0.0
20231201:0710,15.27,28.69,9.99,-0.29,1.52,0.0
20231201:0810,37.15,54.69,14.7,0.06,1.66,0.0
20231201:0910,159.68,182.94,17.29,0.4,3.1,0.0
20231201:1010,148.38,171.73,17.51,0.56,2.76,0.0
20231201:1110,34.73,52.0,15.34,0.61,3.03,0.0
20231201:1210,55.74,75.01,10.99,0.39,2.76,0.0
20231201:1310,15.16,28.54,4.83,0.04,2.14,0.0
20231201:1410,0.0,0.0,0.0,-0.48,1.72,0.0
20231201:1510,0.0,0.0,0.0,-1.06,1.59,0.0
20231201:1610,0.0,0.0,0.0,-1.57,1.59,0.0
20231201:1710,0.0,0.0,0.0,-1.86,1.59,0.0
20231201:1810,0.0,0.0,0.0,-2.18,1.72,0.0
20231201:1910,0.0,0.0,0.0,-2.43,1.59,0.0
20231201:2010,0.0,0.0,0.0,-2.56,1.66,0.0
20231201:2110,0.0,0.0,0.0,-2.45,1.38,0.0
20231201:2210,0.0,0.0,0.0,-2.47,1.03,0.0
20231201:2310,0.0,0.0,0.0,-2.69,0.76,0.0
20231202:0010,0.0,0.0,0.0,-2.69,0.83,0.0
20231202:0110,0.0,0.0,0.0,-2.58,0.69,0.0
20231202:0210,0.0,0.0,0.0,-2.7,0.9,0.0
20231202:0310,0.0,0.0,0.0,-2.6,1.03,0.0
20231202:0410,0.0,0.0,0.0,-2.52,1.1,0.0
20231202:0510,0.0,0.0,0.0,-2.45,1.31,0.0
20231202:0610,0.0,2.69,3.37,-2.39,1.38,0.0
20231202:0710,5.46,15.24,9.81,-2.28,2.07,0.0
20231202:0810,21.99,36.76,14.53,-1.92,1.86,0.0
20231202:0910,12.58,25.1,17.13,-1.65,2.0,0.0
20231202:1010,10.53,22.41,17.36,-1.47,2.21,0.0
20231202:1110,87.68,108.28,15.21,-1.33,2.83,0.0
20231202:1210,26.47,42.14,10.88,-1.19,3.24,0.0
20231202:1310,0.0,4.48,4.74,-1.08,3.66,0.0
20231202:1410,0.0,0.0,0.0,-1.23,3.1,0.0
20231202:1510,0.0,0.0,0.0,-1.18,3.31,0.0
20231202:1610,0.0,0.0,0.0,-1.06,3.38,0.0
20231202:1710,0.0,0.0,0.0,-0.94,3.31,0.0
20231202:1810,0.0,0.0,0.0,-0.8,3.38,0.0
20231202:1910,0.0,0.0,0.0,-1.26,3.86,0.0
20231202:2010,0.0,0.0,0.0,-1.05,3.86,0.0
20231202:2110,0.0,0.0,0.0,-0.85,3.72,0.0
20231202:2210,0.0,0.0,0.0,-0.6,3.24,0.0
20231202:2310,0.0,0.0,0.0,-0.4,2.69,0.0
20231203:0010,0.0,0.0,0.0,-0.29,2.55,0.0
20231203:0110,0.0,0.0,0.0,-0.12,2.41,0.0
20231203:0210,0.0,0.0,0.0,0.09,1.59,0.0
20231203:0310,0.0,0.0,0.0,0.29,1.72,0.0
20231203:0410,0.0,0.0,0.0,0.58,2.0,0.0
20231203:0510,0.0,0.0,0.0,1.12,2.76,0.0
20231203:0610,11.31,23.77,3.2,2.16,3.79,0.0
20231203:0710,17.98,32.27,9.64,1.56,3.79,0.0
20231203:0810,73.04,93.97,14.36,1.75,5.86,0.0
20231203:0910,27.1,43.03,16.97,0.12,7.03,0.0
20231203:1010,10.51,22.41,17.22,-1.03,6.83,0.0
20231203:1110,7.92,18.83,15.09,-1.64,6.83,0.0
20231203:1210,3.73,12.55,10.78,-2.19,6.76,0.0
20231203:1310,0.0,4.48,4.66,-2.71,6.0,0.0
20231203:1410,0.0,0.0,0.0,-3.07,5.52,0.0
20231203:1510,0.0,0.0,0.0,-3.23,5.31,0.0
20231203:1610,0.0,0.0,0.0,-3.32,5.17,0.0
20231203:1710,0.0,0.0,0.0,-3.36,4.9,0.0
20231203:1810,0.0,0.0,0.0,-3.39,4.55,0.0
20231203:1910,0.0,0.0,0.0,-2.71,3.93,0.0
20231203:2010,0.0,0.0,0.0,-2.77,3.79,0.0
20231203:2110,0.0,0.0,0.0,-2.74,3.59,0.0
20231203:2210,0.0,0.0,0.0,-2.95,3.45,0.0
20231203:2310,0.0,0.0,0.0,-3.18,3.31,0.0
20231204:0010,0.0,0.0,0.0,-3.44,3.31,0.0
20231204:0110,0.0,0.0,0.0,-3.77,3.31,0.0
20231204:0210,0.0,0.0,0.0,-4.0,3.59,0.0
20231204:0310,0.0,0.0,0.0,-4.14,3.66,0.0
20231204:0410,0.0,0.0,0.0,-4.07,3.66,0.0
20231204:0510,0.0,0.0,0.0,-3.91,3.1,0.0
20231204:0610,0.0,3.59,3.04,-3.72,2.21,0.0
20231204:0710,26.71,42.14,9.48,-3.11,2.14,0.0
20231204:0810,45.74,63.65,14.2,-2.4,2.69,0.0
20231204:0910,28.89,44.83,16.82,-1.88,4.0,0.0
20231204:1010,15.42,28.69,17.09,-1.89,4.21,0.0
20231204:1110,16.91,30.48,14.97,-2.52,4.41,0.0
20231204:1210,49.42,67.24,10.68,-3.05,3.79,0.0
20231204:1310,0.0,4.48,4.58,-3.2,3.24,0.0
20231204:1410,0.0,0.0,0.0,-3.29,3.1,0.0
20231204:1510,0.0,0.0,0.0,-3.38,3.1,0.0
20231204:1610,0.0,0.0,0.0,-3.42,3.24,0.0
20231204:1710,0.0,0.0,0.0,-3.27,3.31,0.0
20231204:1810,0.0,0.0,0.0,-3.21,3.24,0.0
20231204:1910,0.0,0.0,0.0,-2.9,3.24,0.0
20231204:2010,0.0,0.0,0.0,-2.67,3.17,0.0
20231204:2110,0.0,0.0,0.0,-2.56,3.17,0.0
20231204:2210,0.0,0.0,0.0,-2.51,3.1,0.0
20231204:2310,0.0,0.0,0.0,-2.59,3.1,0.0
20231205:0010,0.0,0.0,0.0,-2.75,3.1,0.0
20231205:0110,0.0,0.0,0.0,-2.94,3.24,0.0
20231205:0210,0.0,0.0,0.0,-3.23,2.97,0.0
20231205:0310,0.0,0.0,0.0,-3.53,2.76,0.0
20231205:0410,0.0,0.0,0.0,-4.22,2.21,0.0
20231205:0510,0.0,0.0,0.0,-4.68,1.79,0.0
20231205:0610,0.0,4.48,2.87,-5.97,1.66,0.0
20231205:0710,107.76,126.62,9.32,-5.42,1.24,0.0
20231205:0810,38.93,55.58,14.05,-5.2,1.38,0.0
20231205:0910,56.77,75.31,16.68,-3.84,1.45,0.0
20231205:1010,46.56,64.55,16.96,-2.66,1.52,0.0
20231205:1110,125.09,146.21,14.87,-2.24,1.86,0.0
20231205:1210,214.44,236.25,10.6,-1.99,2.21,0.0
20231205:1310,1.64,8.97,4.51,-2.15,2.14,0.0
20231205:1410,0.0,0.0,0.0,-2.8,2.41,0.0
20231205:1510,0.0,0.0,0.0,-3.46,2.62,0.0
20231205:1610,0.0,0.0,0.0,-3.8,2.69,0.0
20231205:1710,0.0,0.0,0.0,-3.94,2.76,0.0
20231205:1810,0.0,0.0,0.0,-3.82,2.83,0.0
20231205:1910,0.0,0.0,0.0,-3.57,2.97,0.0
20231205:2010,0.0,0.0,0.0,-3.33,2.97,0.0
20231205:2110,0.0,0.0,0.0,-3.31,3.03,0.0
20231205:2210,0.0,0.0,0.0,-3.19,3.17,0.0
20231205:2310,0.0,0.0,0.0,-3.14,3.24,0.0
20231206:0010,0.0,0.0,0.0,-3.19,3.24,0.0
20231206:0110,0.0,0.0,0.0,-3.14,3.17,0.0
20231206:0210,0.0,0.0,0.0,-3.16,3.1,0.0
20231206:0310,0.0,0.0,0.0,-3.21,3.1,0.0
20231206:0410,0.0,0.0,0.0,-3.31,3.03,0.0
20231206:0510,0.0,0.0,0.0,-3.45,2.97,0.0
20231206:0610,0.0,4.48,2.72,-3.78,2.9,0.0
20231206:0710,33.51,49.69,9.17,-3.62,2.9,0.0
20231206:0810,56.24,74.68,13.91,-3.24,3.31,0.0
20231206:0910,54.04,72.62,16.55,-2.55,3.38,0.0
20231206:1010,46.45,64.55,16.85,-1.78,3.66,0.0
20231206:1110,32.76,49.31,14.77,-1.68,3.17,0.0
20231206:1210,21.24,35.86,10.52,-1.79,2.97,0.0
20231206:1310,0.74,7.17,4.45,-2.12,2.76,0.0
20231206:1410,0.0,0.0,0.0,-3.04,2.76,0.0
20231206:1510,0.0,0.0,0.0,-3.84,2.83,0.0
20231206:1610,0.0,0.0,0.0,-4.38,2.69,0.0
20231206:1710,0.0,0.0,0.0,-4.92,2.48,0.0
20231206:1810,0.0,0.0,0.0,-5.48,2.48,0.0
20231206:1910,0.0,0.0,0.0,-5.53,2.69,0.0
20231206:2010,0.0,0.0,0.0,-5.63,2.69,0.0
20231206:2110,0.0,0.0,0.0,-5.96,2.62,0.0
20231206:2210,0.0,0.0,0.0,-6.24,2.62,0.0
20231206:2310,0.0,0.0,0.0,-6.73,2.69,0.0
20231207:0010,0.0,0.0,0.0,-7.24,2.69,0.0
20231207:0110,0.0,0.0,0.0,-7.57,2.69,0.0
20231207:0210,0.0,0.0,0.0,-7.86,2.76,0.0
20231207:0310,0.0,0.0,0.0,-8.04,2.83,0.0
20231207:0410,0.0,0.0,0.0,-8.09,2.9,0.0
20231207:0510,0.0,0.0,0.0,-7.95,2.62,0.0
20231207:0610,0.0,2.69,2.57,-7.92,2.55,0.0
20231207:0710,5.65,15.24,9.02,-7.85,2.69,0.0
20231207:0810,18.03,31.38,13.77,-6.85,2.97,0.0
20231207:0910,85.28,104.08,16.42,-5.72,3.38,0.0
20231207:1010,72.56,91.4,16.73,-5.02,3.03,0.0
20231207:1110,15.62,28.69,14.68,-4.49,3.1,0.0
20231207:1210,22.26,36.76,10.44,-4.12,3.1,0.0
20231207:1310,0.0,4.48,4.4,-3.96,3.24,0.0
20231207:1410,0.0,0.0,0.0,-3.94,2.83,0.0
20231207:1510,0.0,0.0,0.0,-3.88,2.55,0.0
20231207:1610,0.0,0.0,0.0,-3.73,2.69,0.0
20231207:1710,0.0,0.0,0.0,-3.56,2.9,0.0
20231207:1810,0.0,0.0,0.0,-3.39,2.83,0.0
20231207:1910,0.0,0.0,0.0,-3.74,2.69,0.0
20231207:2010,0.0,0.0,0.0,-3.58,2.48,0.0
20231207:2110,0.0,0.0,0.0,-3.38,2.41,0.0
20231207:2210,0.0,0.0,0.0,-3.19,2.41,0.0
20231207:2310,0.0,0.0,0.0,-3.06,2.28,0.0
20231208:0010,0.0,0.0,0.0,-2.9,2.34,0.0
20231208:0110,0.0,0.0,0.0,-2.8,2.48,0.0
20231208:0210,0.0,0.0,0.0,-2.69,2.62,0.0
20231208:0310,0.0,0.0,0.0,-2.61,2.62,0.0
20231208:0410,0.0,0.0,0.0,-2.57,2.69,0.0
20231208:0510,0.0,0.0,0.0,-2.6,2.76,0.0
20231208:0610,0.0,2.69,2.42,-2.65,2.76,0.0
20231208:0710,14.03,26.9,8.88,-2.35,2.97,0.0
20231208:0810,44.87,62.76,13.64,-2.07,3.45,0.0
20231208:0910,19.77,34.07,16.3,-1.84,3.38,0.0
20231208:1010,16.84,30.48,16.63,-1.87,2.83,0.0
20231208:1110,7.3,17.93,14.59,-1.92,2.55,0.0
20231208:1210,29.65,45.72,10.38,-1.91,2.55,0.0
20231208:1310,0.0,4.48,4.35,-2.05,2.21,0.0
20231208:1410,0.0,0.0,0.0,-2.33,2.21,0.0
20231208:1510,0.0,0.0,0.0,-2.58,2.14,0.0
20231208:1610,0.0,0.0,0.0,-2.73,2.14,0.0
20231208:1710,0.0,0.0,0.0,-3.08,2.21,0.0
20231208:1810,0.0,0.0,0.0,-3.34,1.86,0.0
20231208:1910,0.0,0.0,0.0,-3.56,1.59,0.0
20231208:2010,0.0,0.0,0.0,-3.48,1.17,0.0
20231208:2110,0.0,0.0,0.0,-3.45,1.24,0.0
20231208:2210,0.0,0.0,0.0,-3.46,1.24,0.0
20231208:2310,0.0,0.0,0.0,-3.38,1.17,0.0
20231209:0010,0.0,0.0,0.0,-3.38,1.17,0.0
20231209:0110,0.0,0.0,0.0,-3.32,1.1,0.0
20231209:0210,0.0,0.0,0.0,-3.42,1.17,0.0
20231209:0310,0.0,0.0,0.0,-3.55,1.24,0.0
20231209:0410,0.0,0.0,0.0,-3.53,1.24,0.0
20231209:0510,0.0,0.0,0.0,-3.59,1.17,0.0
20231209:0610,0.0,1.79,2.29,-3.7,1.24,0.0
20231209:0710,34.47,50.83,8.75,-3.58,1.17,0.0
20231209:0810,37.71,54.69,13.51,-3.05,1.31,0.0
20231209:0910,25.1,40.34,16.19,-2.69,1.17,0.0
20231209:1010,18.32,32.27,16.53,-2.35,1.03,0.0
20231209:1110,22.01,36.76,14.51,-2.19,1.1,0.0
20231209:1210,4.86,14.34,10.32,-2.07,1.38,0.0
20231209:1310,0.0,3.59,4.31,-2.25,1.59,0.0
20231209:1410,0.0,0.0,0.0,-2.66,1.45,0.0
20231209:1510,0.0,0.0,0.0,-2.97,1.72,0.0
20231209:1610,0.0,0.0,0.0,-3.36,1.79,0.0
20231209:1710,0.0,0.0,0.0,-3.81,1.72,0.0
20231209:1810,0.0,0.0,0.0,-4.28,1.72,0.0
20231209:1910,0.0,0.0,0.0,-4.52,1.72,0.0
20231209:2010,0.0,0.0,0.0,-4.74,1.79,0.0
20231209:2110,0.0,0.0,0.0,-4.9,1.72,0.0
20231209:2210,0.0,0.0,0.0,-5.01,1.52,0.0
20231209:2310,0.0,0.0,0.0,-5.04,1.31,0.0
20231210:0010,0.0,0.0,0.0,-5.02,1.17,0.0
20231210:0110,0.0,0.0,0.0,-5.02,0.97,0.0
20231210:0210,0.0,0.0,0.0,-5.0,1.24,0.0
20231210:0310,0.0,0.0,0.0,-4.97,1.59,0.0
20231210:0410,0.0,0.0,0.0,-4.95,1.79,0.0
20231210:0510,0.0,0.0,0.0,-4.9,1.79,0.0
20231210:0610,0.0,1.79,2.15,-4.8,1.66,0.0
20231210:0710,38.61,55.16,8.62,-4.47,1.38,0.0
20231210:0810,29.15,44.83,13.39,-3.94,1.79,0.0
20231210:0910,37.79,54.69,16.08,-3.31,1.93,0.0
20231210:1010,26.64,42.14,16.45,-2.64,1.79,0.0
20231210:1110,22.02,36.76,14.44,-2.15,1.72,0.0
20231210:1210,3.17,11.65,10.27,-1.79,1.79,0.0
20231210:1310,0.0,3.59,4.27,-1.6,1.86,0.0
20231210:1410,0.0,0.0,0.0,-1.68,1.45,0.0
20231210:1510,0.0,0.0,0.0,-1.9,1.59,0.0
20231210:1610,0.0,0.0,0.0,-1.84,1.93,0.0
20231210:1710,0.0,0.0,0.0,-1.8,2.14,0.0
20231210:1810,0.0,0.0,0.0,-1.69,2.28,0.0
20231210:1910,0.0,0.0,0.0,-1.95,2.28,0.0
20231210:2010,0.0,0.0,0.0,-1.75,2.28,0.0
20231210:2110,0.0,0.0,0.0,-1.59,2.41,0.0
20231210:2210,0.0,0.0,0.0,-1.39,2.62,0.0
20231210:2310,0.0,0.0,0.0,-1.22,2.62,0.0
20231211:0010,0.0,0.0,0.0,-1.06,2.62,0.0
20231211:0110,0.0,0.0,0.0,-0.95,2.55,0.0
20231211:0210,0.0,0.0,0.0,-0.85,2.34,0.0
20231211:0310,0.0,0.0,0.0,-0.95,2.34,0.0
20231211:0410,0.0,0.0,0.0,-0.8,2.41,0.0
20231211:0510,0.0,0.0,0.0,-0.81,2.48,0.0
20231211:0610,0.0,1.79,2.03,-0.76,2.69,0.0
20231211:0710,4.25,13.45,8.5,-0.6,2.83,0.0
20231211:0810,9.8,21.52,13.28,-0.34,3.1,0.0
20231211:0910,18.85,33.17,15.98,-0.02,3.38,0.0
20231211:1010,21.05,35.86,16.36,0.03,3.03,0.0
20231211:1110,39.59,57.38,14.38,0.06,3.38,0.0
20231211:1210,8.48,19.72,10.23,0.0,2.97,0.0
20231211:1310,0.0,3.59,4.25,-0.09,2.69,0.0
20231211:1410,0.0,0.0,0.0,-0.43,2.55,0.0
20231211:1510,0.0,0.0,0.0,-0.71,2.55,0.0
20231211:1610,0.0,0.0,0.0,-0.95,2.62,0.0
20231211:1710,0.0,0.0,0.0,-1.07,2.55,0.0
20231211:1810,0.0,0.0,0.0,-0.89,2.48,0.0
20231211:1910,0.0,0.0,0.0,-0.33,2.55,0.0
20231211:2010,0.0,0.0,0.0,-0.15,2.41,0.0
20231211:2110,0.0,0.0,0.0,-0.12,2.34,0.0
20231211:2210,0.0,0.0,0.0,-0.17,2.34,0.0
20231211:2310,0.0,0.0,0.0,-0.38,2.41,0.0
20231212:0010,0.0,0.0,0.0,-0.6,2.55,0.0
20231212:0110,0.0,0.0,0.0,-1.04,2.62,0.0
20231212:0210,0.0,0.0,0.0,-1.6,2.62,0.0
20231212:0310,0.0,0.0,0.0,-1.74,2.62,0.0
20231212:0410,0.0,0.0,0.0,-1.56,2.69,0.0
20231212:0510,0.0,0.0,0.0,-1.68,2.69,0.0
20231212:0610,0.0,0.9,1.9,-1.7,2.83,0.0
20231212:0710,31.14,47.39,8.39,-1.41,3.1,0.0
20231212:0810,111.4,132.2,13.17,-1.35,3.45,0.0
20231212:0910,294.51,317.77,15.89,-1.25,3.24,0.0
20231212:1010,141.3,163.22,16.29,-1.01,2.97,0.0
20231212:1110,27.17,43.03,14.33,-0.71,2.83,0.0
20231212:1210,25.6,41.24,10.19,-0.45,2.9,0.0
20231212:1310,193.97,218.72,4.23,-0.43,2.55,0.0
20231212:1410,0.0,0.0,0.0,-0.59,2.55,0.0
20231212:1510,0.0,0.0,0.0,-0.68,2.69,0.0
20231212:1610,0.0,0.0,0.0,-0.71,2.62,0.0
20231212:1710,0.0,0.0,0.0,-0.85,2.55,0.0
20231212:1810,0.0,0.0,0.0,-0.96,2.41,0.0
20231212:1910,0.0,0.0,0.0,-1.26,2.41,0.0
20231212:2010,0.0,0.0,0.0,-1.29,2.41,0.0
20231212:2110,0.0,0.0,0.0,-0.98,2.41,0.0
20231212:2210,0.0,0.0,0.0,-0.85,2.28,0.0
20231212:2310,0.0,0.0,0.0,-0.77,2.21,0.0
20231213:0010,0.0,0.0,0.0,-0.63,2.21,0.0
20231213:0110,0.0,0.0,0.0,-0.45,2.28,0.0
20231213:0210,0.0,0.0,0.0,-0.27,2.28,0.0
20231213:0310,0.0,0.0,0.0,-0.19,2.34,0.0
20231213:0410,0.0,0.0,0.0,-0.08,2.34,0.0
20231213:0510,0.0,0.0,0.0,0.12,2.41,0.0
20231213:0610,0.0,0.9,1.79,0.3,2.41,0.0
20231213:0710,26.99,42.88,8.28,0.35,2.62,0.0
20231213:0810,37.05,54.69,13.08,0.75,2.48,0.0
20231213:0910,46.55,65.45,15.81,1.11,2.34,0.0
20231213:1010,17.26,31.38,16.22,1.4,2.62,0.0
20231213:1110,20.12,34.96,14.28,1.75,2.48,0.0
20231213:1210,112.33,134.72,10.16,1.72,2.34,0.0
20231213:1310,193.02,219.66,4.22,1.59,2.41,0.0
20231213:1410,0.0,0.0,0.0,1.23,2.62,0.0
20231213:1510,0.0,0.0,0.0,1.06,2.83,0.0
20231213:1610,0.0,0.0,0.0,1.07,3.03,0.0
20231213:1710,0.0,0.0,0.0,1.13,3.17,0.0
20231213:1810,0.0,0.0,0.0,1.21,3.31,0.0
20231213:1910,0.0,0.0,0.0,0.7,3.79,0.0
20231213:2010,0.0,0.0,0.0,0.7,4.14,0.0
20231213:2110,0.0,0.0,0.0,0.64,4.55,0.0
20231213:2210,0.0,0.0,0.0,0.53,4.76,0.0
20231213:2310,0.0,0.0,0.0,0.41,5.03,0.0
20231214:0010,0.0,0.0,0.0,0.29,5.03,0.0
20231214:0110,0.0,0.0,0.0,0.13,5.17,0.0
20231214:0210,0.0,0.0,0.0,-0.06,5.24,0.0
20231214:0310,0.0,0.0,0.0,-0.26,5.24,0.0
20231214:0410,0.0,0.0,0.0,-0.35,5.31,0.0
20231214:0510,0.0,0.0,0.0,-0.43,5.38,0.0
20231214:0610,0.0,0.9,1.68,-0.49,5.24,0.0
20231214:0710,4.25,13.45,8.18,-0.52,5.59,0.0
20231214:0810,11.14,23.31,12.99,-0.31,5.24,0.0
20231214:0910,27.09,43.03,15.73,0.06,4.9,0.0
20231214:1010,30.09,46.62,16.17,0.55,4.55,0.0
20231214:1110,7.17,17.93,14.24,1.1,3.86,0.0
20231214:1210,26.11,42.14,10.14,1.48,3.17,0.0
20231214:1310,0.0,3.59,4.21,1.6,1.93,0.0
20231214:1410,0.0,0.0,0.0,1.41,1.24,0.0
20231214:1510,0.0,0.0,0.0,1.29,2.0,0.0
20231214:1610,0.0,0.0,0.0,0.99,2.69,0.0
20231214:1710,0.0,0.0,0.0,0.51,3.24,0.0
20231214:1810,0.0,0.0,0.0,0.06,3.79,0.0
20231214:1910,0.0,0.0,0.0,-1.75,4.28,0.0
20231214:2010,0.0,0.0,0.0,-2.7,4.48,0.0
20231214:2110,0.0,0.0,0.0,-3.42,4.28,0.0
20231214:2210,0.0,0.0,0.0,-3.98,4.14,0.0
20231214:2310,0.0,0.0,0.0,-4.41,3.72,0.0
20231215:0010,0.0,0.0,0.0,-4.78,3.66,0.0
20231215:0110,0.0,0.0,0.0,-5.1,4.0,0.0
20231215:0210,0.0,0.0,0.0,-5.45,3.79,0.0
20231215:0310,0.0,0.0,0.0,-5.63,3.59,0.0
20231215:0410,0.0,0.0,0.0,-5.66,3.45,0.0
20231215:0510,0.0,0.0,0.0,-5.56,3.24,0.0
20231215:0610,0.0,0.9,1.58,-5.26,3.17,0.0
20231215:0710,8.04,18.83,8.08,-4.21,2.9,0.0
20231215:0810,49.77,67.71,12.9,-3.27,2.69,0.0
20231215:0910,39.99,57.38,15.66,-2.03,3.17,0.0
20231215:1010,29.54,45.72,16.12,-1.08,3.31,0.0
20231215:1110,20.36,34.96,14.21,-0.41,3.59,0.0
20231215:1210,10.47,22.41,10.13,-0.37,4.0,0.0
20231215:1310,0.0,3.59,4.21,-0.94,4.14,0.0
20231215:1410,0.0,0.0,0.0,-2.18,4.0,0.0
20231215:1510,0.0,0.0,0.0,-3.04,4.07,0.0
20231215:1610,0.0,0.0,0.0,-3.74,3.93,0.0
20231215:1710,0.0,0.0,0.0,-3.69,3.72,0.0
20231215:1810,0.0,0.0,0.0,-3.57,3.45,0.0
20231215:1910,0.0,0.0,0.0,-2.8,3.45,0.0
20231215:2010,0.0,0.0,0.0,-2.85,3.31,0.0
20231215:2110,0.0,0.0,0.0,-2.94,3.03,0.0
20231215:2210,0.0,0.0,0.0,-3.28,2.76,0.0
20231215:2310,0.0,0.0,0.0,-3.7,2.62,0.0
20231216:0010,0.0,0.0,0.0,-3.92,2.48,0.0
20231216:0110,0.0,0.0,0.0,-3.7,2.34,0.0
20231216:0210,0.0,0.0,0.0,-3.15,2.41,0.0
20231216:0310,0.0,0.0,0.0,-2.55,2.48,0.0
20231216:0410,0.0,0.0,0.0,-2.27,2.07,0.0
20231216:0510,0.0,0.0,0.0,-2.49,2.14,0.0
20231216:0610,0.0,0.9,1.48,-2.13,2.41,0.0
20231216:0710,28.9,44.89,7.99,-1.0,2.62,0.0
20231216:0810,56.32,75.47,12.83,-0.44,2.9,0.0
20231216:0910,128.01,150.46,15.6,0.24,2.83,0.0
20231216:1010,51.57,70.83,16.07,0.61,2.9,0.0
20231216:1110,33.89,51.1,14.18,0.94,2.9,0.0
20231216:1210,11.73,24.21,10.12,0.92,2.76,0.0
20231216:1310,0.0,3.59,4.22,0.77,2.69,0.0
20231216:1410,0.0,0.0,0.0,0.62,3.1,0.0
20231216:1510,0.0,0.0,0.0,0.66,3.52,0.0
20231216:1610,0.0,0.0,0.0,0.74,3.79,0.0
20231216:1710,0.0,0.0,0.0,0.84,3.86,0.0
20231216:1810,0.0,0.0,0.0,0.86,3.72,0.0
20231216:1910,0.0,0.0,0.0,1.07,3.66,0.0
20231216:2010,0.0,0.0,0.0,1.28,3.72,0.0
20231216:2110,0.0,0.0,0.0,1.49,3.79,0.0
20231216:2210,0.0,0.0,0.0,1.62,3.93,0.0
20231216:2310,0.0,0.0,0.0,1.68,3.79,0.0
20231217:0010,0.0,0.0,0.0,1.56,3.52,0.0
20231217:0110,0.0,0.0,0.0,1.54,3.66,0.0
20231217:0210,0.0,0.0,0.0,1.62,3.72,0.0
20231217:0310,0.0,0.0,0.0,1.64,3.72,0.0
20231217:0410,0.0,0.0,0.0,1.7,4.07,0.0
20231217:0510,0.0,0.0,0.0,1.83,4.34,0.0
20231217:0610,0.0,0.9,1.39,2.08,4.55,0.0
20231217:0710,54.55,73.92,7.91,2.33,4.83,0.0
20231217:0810,8.36,19.72,12.76,2.53,4.83,0.0
20231217:0910,144.26,168.14,15.55,2.7,4.76,0.0
20231217:1010,23.7,39.45,16.04,2.93,4.9,0.0
20231217:1110,205.98,231.22,14.17,3.12,4.83,0.0
20231217:1210,16.4,30.48,10.12,3.31,4.76,0.0
20231217:1310,2.04,9.86,4.24,3.47,4.55,0.0
20231217:1410,0.0,0.0,0.0,3.53,4.41,0.0
20231217:1510,0.0,0.0,0.0,3.62,4.34,0.0
20231217:1610,0.0,0.0,0.0,3.66,4.0,0.0
20231217:1710,0.0,0.0,0.0,3.67,3.72,0.0
20231217:1810,0.0,0.0,0.0,3.67,3.52,0.0
20231217:1910,0.0,0.0,0.0,3.5,3.31,0.0
20231217:2010,0.0,0.0,0.0,3.59,3.59,0.0
20231217:2110,0.0,0.0,0.0,3.85,4.0,0.0
20231217:2210,0.0,0.0,0.0,3.99,3.93,0.0
20231217:2310,0.0,0.0,0.0,3.98,4.0,0.0
20231218:0010,0.0,0.0,0.0,4.07,4.34,0.0
20231218:0110,0.0,0.0,0.0,4.14,4.48,0.0
20231218:0210,0.0,0.0,0.0,4.26,4.55,0.0
20231218:0310,0.0,0.0,0.0,4.38,4.62,0.0
20231218:0410,0.0,0.0,0.0,4.47,4.62,0.0
20231218:0510,0.0,0.0,0.0,4.47,4.48,0.0
20231218:0610,0.0,0.0,0.0,4.44,4.34,0.0
20231218:0710,65.68,86.59,7.84,4.48,4.28,0.0
20231218:0810,45.62,65.06,12.69,4.46,4.14,0.0
20231218:0910,149.69,175.12,15.5,4.49,4.0,0.0
20231218:1010,19.86,34.96,16.01,4.42,3.79,0.0
20231218:1110,6.42,17.03,14.16,4.51,3.79,0.0
20231218:1210,3.03,11.65,10.13,4.72,3.66,0.0
20231218:1310,74.23,96.17,4.26,4.54,3.59,0.0
20231218:1410,0.0,0.0,0.0,4.36,3.52,0.0
20231218:1510,0.0,0.0,0.0,4.28,3.45,0.0
20231218:1610,0.0,0.0,0.0,4.24,3.24,0.0
20231218:1710,0.0,0.0,0.0,4.2,3.03,0.0
20231218:1810,0.0,0.0,0.0,4.05,2.9,0.0
20231218:1910,0.0,0.0,0.0,3.85,2.62,0.0
20231218:2010,0.0,0.0,0.0,3.73,2.62,0.0
20231218:2110,0.0,0.0,0.0,3.84,2.62,0.0
20231218:2210,0.0,0.0,0.0,3.93,2.69,0.0
20231218:2310,0.0,0.0,0.0,3.97,2.62,0.0
20231219:0010,0.0,0.0,0.0,4.0,2.62,0.0
20231219:0110,0.0,0.0,0.0,4.0,2.62,0.0
20231219:0210,0.0,0.0,0.0,4.06,2.69,0.0
20231219:0310,0.0,0.0,0.0,4.07,2.69,0.0
20231219:0410,0.0,0.0,0.0,4.12,2.69,0.0
20231219:0510,0.0,0.0,0.0,4.15,2.69,0.0
20231219:0610,0.0,0.0,0.0,4.23,2.9,0.0
20231219:0710,65.07,85.88,7.77,4.11,3.1,0.0
20231219:0810,32.56,50.21,12.64,4.37,3.52,0.0
20231219:0910,36.37,54.69,15.47,4.7,3.86,0.0
20231219:1010,24.18,40.34,15.99,4.93,3.86,0.0
20231219:1110,29.41,46.62,14.16,5.05,3.93,0.0
20231219:1210,16.92,31.38,10.14,5.28,3.93,0.0
20231219:1310,105.43,129.87,4.29,5.45,3.93,0.0
20231219:1410,0.0,0.0,0.0,5.32,3.86,0.0
20231219:1510,0.0,0.0,0.0,5.17,3.79,0.0
20231219:1610,0.0,0.0,0.0,5.34,3.72,0.0
20231219:1710,0.0,0.0,0.0,5.41,3.59,0.0
20231219:1810,0.0,0.0,0.0,5.44,3.38,0.0
20231219:1910,0.0,0.0,0.0,5.27,3.03,0.0
20231219:2010,0.0,0.0,0.0,5.25,2.97,0.0
20231219:2110,0.0,0.0,0.0,5.35,3.1,0.0
20231219:2210,0.0,0.0,0.0,5.61,3.17,0.0
20231219:2310,0.0,0.0,0.0,5.64,3.59,0.0
20231220:0010,0.0,0.0,0.0,5.41,3.93,0.0
20231220:0110,0.0,0.0,0.0,4.6,4.07,0.0
20231220:0210,0.0,0.0,0.0,4.19,3.93,0.0
20231220:0310,0.0,0.0,0.0,4.07,3.79,0.0
20231220:0410,0.0,0.0,0.0,3.91,3.59,0.0
20231220:0510,0.0,0.0,0.0,3.52,3.38,0.0
20231220:0610,0.0,0.0,0.0,3.02,3.24,0.0
20231220:0710,3.05,11.65,7.71,3.57,3.24,0.0
20231220:0810,44.84,64.18,12.59,4.36,3.31,0.0
20231220:0910,654.6,729.88,15.43,5.38,2.83,0.0
20231220:1010,622.7,693.89,15.98,5.99,2.9,0.0
20231220:1110,589.5,656.52,14.16,6.46,2.9,0.0
20231220:1210,392.29,433.76,10.16,6.5,3.31,0.0
20231220:1310,119.83,145.52,4.32,5.81,2.97,0.0
20231220:1410,0.0,0.0,0.0,4.85,2.83,0.0
20231220:1510,0.0,0.0,0.0,4.14,2.9,0.0
20231220:1610,0.0,0.0,0.0,3.68,2.97,0.0
20231220:1710,0.0,0.0,0.0,3.3,3.03,0.0
20231220:1810,0.0,0.0,0.0,3.28,3.17,0.0
20231220:1910,0.0,0.0,0.0,3.98,3.1,0.0
20231220:2010,0.0,0.0,0.0,3.89,3.03,0.0
20231220:2110,0.0,0.0,0.0,3.75,3.1,0.0
20231220:2210,0.0,0.0,0.0,3.66,3.31,0.0
20231220:2310,0.0,0.0,0.0,3.4,3.59,0.0
20231221:0010,0.0,0.0,0.0,2.88,3.45,0.0
20231221:0110,0.0,0.0,0.0,2.7,3.38,0.0
20231221:0210,0.0,0.0,0.0,2.95,3.38,0.0
20231221:0310,0.0,0.0,0.0,2.99,3.31,0.0
20231221:0410,0.0,0.0,0.0,2.76,3.17,0.0
20231221:0510,0.0,0.0,0.0,2.66,3.1,0.0
20231221:0610,0.0,0.0,0.0,2.64,2.9,0.0
20231221:0710,350.95,384.87,7.65,3.27,3.03,0.0
20231221:0810,130.9,155.19,12.55,3.87,3.17,0.0
20231221:0910,681.92,758.17,15.41,4.52,2.97,0.0
20231221:1010,661.19,727.4,15.97,4.99,4.21,0.0
20231221:1110,371.84,407.46,14.17,5.06,3.93,0.0
20231221:1210,263.51,293.86,10.19,4.92,3.03,0.0
20231221:1310,67.8,89.22,4.37,4.35,2.55,0.0
20231221:1410,0.0,0.0,0.0,3.37,2.62,0.0
20231221:1510,0.0,0.0,0.0,2.52,2.9,0.0
20231221:1610,0.0,0.0,0.0,2.14,3.17,0.0
20231221:1710,0.0,0.0,0.0,1.82,3.59,0.0
20231221:1810,0.0,0.0,0.0,1.78,4.07,0.0
20231221:1910,0.0,0.0,0.0,1.4,4.0,0.0
20231221:2010,0.0,0.0,0.0,1.48,4.21,0.0
20231221:2110,0.0,0.0,0.0,1.39,4.41,0.0
20231221:2210,0.0,0.0,0.0,1.4,4.55,0.0
20231221:2310,0.0,0.0,0.0,1.46,4.55,0.0
20231222:0010,0.0,0.0,0.0,1.46,4.55,0.0
20231222:0110,0.0,0.0,0.0,1.61,4.76,0.0
20231222:0210,0.0,0.0,0.0,1.54,4.97,0.0
20231222:0310,0.0,0.0,0.0,1.49,5.03,0.0
20231222:0410,0.0,0.0,0.0,1.42,4.83,0.0
20231222:0510,0.0,0.0,0.0,1.47,4.62,0.0
20231222:0610,0.0,0.0,0.0,1.53,4.41,0.0
20231222:0710,26.41,42.39,7.6,1.69,4.21,0.0
20231222:0810,63.98,84.46,12.52,2.32,4.14,0.0
20231222:0910,20.77,35.86,15.4,2.67,4.07,0.0
20231222:1010,11.61,24.21,15.97,2.85,4.07,0.0
20231222:1110,20.75,35.86,14.2,2.82,3.72,0.0
20231222:1210,15.05,28.69,10.23,2.49,3.24,0.0
20231222:1310,4.17,13.45,4.42,2.18,2.76,0.0
20231222:1410,0.0,0.0,0.0,1.96,2.34,0.0
20231222:1510,0.0,0.0,0.0,2.0,2.41,0.0
20231222:1610,0.0,0.0,0.0,2.13,2.41,0.0
20231222:1710,0.0,0.0,0.0,2.19,2.76,0.0
20231222:1810,0.0,0.0,0.0,1.82,2.83,0.0
20231222:1910,0.0,0.0,0.0,1.27,3.17,0.0
20231222:2010,0.0,0.0,0.0,0.47,3.24,0.0
20231222:2110,0.0,0.0,0.0,-0.34,3.24,0.0
20231222:2210,0.0,0.0,0.0,-0.86,3.45,0.0
20231222:2310,0.0,0.0,0.0,-0.82,3.72,0.0
20231223:0010,0.0,0.0,0.0,-0.48,3.93,0.0
20231223:0110,0.0,0.0,0.0,0.09,3.93,0.0
20231223:0210,0.0,0.0,0.0,0.3,3.86,0.0
20231223:0310,0.0,0.0,0.0,0.3,3.79,0.0
20231223:0410,0.0,0.0,0.0,0.27,3.79,0.0
20231223:0510,0.0,0.0,0.0,0.22,3.66,0.0
20231223:0610,0.0,0.0,0.0,0.26,3.59,0.0
20231223:0710,13.85,26.9,7.56,0.0,3.45,0.0
20231223:0810,99.36,120.77,12.49,0.5,3.52,0.0
20231223:0910,355.79,384.82,15.39,1.14,3.24,0.0
20231223:1010,216.09,240.35,15.98,1.61,4.76,0.0
20231223:1110,48.1,67.24,14.22,1.72,4.34,0.0
20231223:1210,47.19,65.95,10.28,1.51,3.59,0.0
20231223:1310,23.03,38.21,4.47,0.83,3.24,0.0
20231223:1410,0.0,0.0,0.0,-0.02,2.97,0.0
20231223:1510,0.0,0.0,0.0,-0.53,2.9,0.0
20231223:1610,0.0,0.0,0.0,-1.13,3.1,0.0
20231223:1710,0.0,0.0,0.0,-1.33,3.52,0.0
20231223:1810,0.0,0.0,0.0,-1.47,3.72,0.0
20231223:1910,0.0,0.0,0.0,-1.28,3.86,0.0
20231223:2010,0.0,0.0,0.0,-1.13,4.14,0.0
20231223:2110,0.0,0.0,0.0,-1.09,4.21,0.0
20231223:2210,0.0,0.0,0.0,-1.26,4.07,0.0
20231223:2310,0.0,0.0,0.0,-1.57,4.0,0.0
20231224:0010,0.0,0.0,0.0,-1.66,4.0,0.0
20231224:0110,0.0,0.0,0.0,-1.12,4.21,0.0
20231224:0210,0.0,0.0,0.0,-0.86,4.21,0.0
20231224:0310,0.0,0.0,0.0,-0.77,4.34,0.0
20231224:0410,0.0,0.0,0.0,-0.72,4.69,0.0
20231224:0510,0.0,0.0,0.0,-0.66,4.83,0.0
20231224:0610,0.0,0.0,0.0,-0.46,4.83,0.0
20231224:0710,34.13,50.93,7.53,0.02,4.69,0.0
20231224:0810,51.55,70.54,12.48,0.28,4.0,0.0
20231224:0910,41.98,60.07,15.39,0.34,5.24,0.0
20231224:1010,17.37,31.38,16.0,0.48,6.07,0.0
20231224:1110,59.47,79.21,14.26,0.77,6.62,0.0
20231224:1210,20.24,34.96,10.33,0.79,5.03,0.0
20231224:1310,1.14,8.07,4.54,0.69,5.72,0.0
20231224:1410,0.0,0.0,0.0,0.22,5.17,0.0
20231224:1510,0.0,0.0,0.0,0.22,5.03,0.0
20231224:1610,0.0,0.0,0.0,0.26,4.76,0.0
20231224:1710,0.0,0.0,0.0,0.2,4.34,0.0
20231224:1810,0.0,0.0,0.0,0.11,4.07,0.0
20231224:1910,0.0,0.0,0.0,-0.02,4.07,0.0
20231224:2010,0.0,0.0,0.0,-0.19,3.66,0.0
20231224:2110,0.0,0.0,0.0,-0.34,3.1,0.0
20231224:2210,0.0,0.0,0.0,-0.64,2.62,0.0
20231224:2310,0.0,0.0,0.0,-0.77,2.62,0.0
20231225:0010,0.0,0.0,0.0,-0.86,2.69,0.0
20231225:0110,0.0,0.0,0.0,-0.92,2.9,0.0
20231225:0210,0.0,0.0,0.0,-1.12,3.52,0.0
20231225:0310,0.0,0.0,0.0,-1.22,4.07,0.0
20231225:0410,0.0,0.0,0.0,-1.02,4.0,0.0
20231225:0510,0.0,0.0,0.0,-0.47,4.69,0.0
20231225:0610,0.0,0.0,0.0,0.29,4.97,0.0
20231225:0710,23.48,38.77,7.51,0.86,4.97,0.0
20231225:0810,159.58,182.96,12.46,2.24,5.1,0.0
20231225:0910,381.42,414.12,15.39,4.16,5.24,0.0
20231225:1010,18.3,33.17,16.03,5.8,5.59,0.0
20231225:1110,187.31,215.15,14.3,6.73,5.66,0.0
20231225:1210,493.85,541.51,10.39,6.91,5.24,0.0
20231225:1310,80.27,103.31,4.61,6.56,4.55,0.0
20231225:1410,0.0,0.0,0.0,5.73,4.0,0.0
20231225:1510,0.0,0.0,0.0,5.76,4.41,0.0
20231225:1610,0.0,0.0,0.0,6.05,4.14,0.0
20231225:1710,0.0,0.0,0.0,6.09,4.62,0.0
20231225:1810,0.0,0.0,0.0,6.28,5.31,0.0
20231225:1910,0.0,0.0,0.0,6.29,5.1,0.0
20231225:2010,0.0,0.0,0.0,6.57,5.72,0.0
20231225:2110,0.0,0.0,0.0,6.26,6.34,0.0
20231225:2210,0.0,0.0,0.0,5.7,6.55,0.0
20231225:2310,0.0,0.0,0.0,5.41,6.48,0.0
20231226:0010,0.0,0.0,0.0,5.06,6.55,0.0
20231226:0110,0.0,0.0,0.0,4.84,6.55,0.0
20231226:0210,0.0,0.0,0.0,4.5,6.41,0.0
20231226:0310,0.0,0.0,0.0,4.24,6.21,0.0
20231226:0410,0.0,0.0,0.0,3.93,5.93,0.0
20231226:0510,0.0,0.0,0.0,3.5,5.59,0.0
20231226:0610,0.0,0.0,0.0,3.25,5.24,0.0
20231226:0710,262.7,290.75,7.49,3.82,4.97,0.0
20231226:0810,541.45,587.46,12.46,4.25,4.83,0.0
20231226:0910,656.92,721.28,15.41,5.0,4.41,0.0
20231226:1010,645.11,714.37,16.06,5.71,3.66,0.0
20231226:1110,372.92,412.13,14.35,6.43,3.38,0.0
20231226:1210,75.28,97.98,10.45,6.73,3.24,0.0
20231226:1310,2.48,10.76,4.68,6.43,2.14,0.0
20231226:1410,0.0,0.0,0.0,5.96,2.48,0.0
20231226:1510,0.0,0.0,0.0,6.61,3.79,0.0
20231226:1610,0.0,0.0,0.0,7.88,5.45,0.0
20231226:1710,0.0,0.0,0.0,8.64,5.86,0.0
20231226:1810,0.0,0.0,0.0,9.05,6.0,0.0
20231226:1910,0.0,0.0,0.0,8.95,5.72,0.0
20231226:2010,0.0,0.0,0.0,8.94,5.45,0.0
20231226:2110,0.0,0.0,0.0,8.49,5.17,0.0
20231226:2210,0.0,0.0,0.0,8.05,5.24,0.0
20231226:2310,0.0,0.0,0.0,7.56,5.52,0.0
20231227:0010,0.0,0.0,0.0,7.17,5.79,0.0
20231227:0110,0.0,0.0,0.0,6.9,5.66,0.0
20231227:0210,0.0,0.0,0.0,6.52,5.59,0.0
20231227:0310,0.0,0.0,0.0,6.39,5.72,0.0
20231227:0410,0.0,0.0,0.0,6.2,5.72,0.0
20231227:0510,0.0,0.0,0.0,5.96,5.79,0.0
20231227:0610,0.0,0.0,0.0,5.62,6.34,0.0
20231227:0710,4.1,13.45,7.47,5.01,7.31,0.0
20231227:0810,33.39,51.1,12.47,4.33,8.0,0.0
20231227:0910,27.31,43.93,15.43,4.18,8.07,0.0
20231227:1010,28.85,45.72,16.1,3.98,7.93,0.0
20231227:1110,14.93,28.69,14.41,4.25,6.14,0.0
20231227:1210,3.57,12.55,10.52,4.42,7.1,0.0
20231227:1310,0.69,7.17,4.77,3.53,6.76,0.0
20231227:1410,0.0,0.0,0.0,2.8,6.62,0.0
20231227:1510,0.0,0.0,0.0,2.31,6.21,0.0
20231227:1610,0.0,0.0,0.0,1.75,6.28,0.0
20231227:1710,0.0,0.0,0.0,1.54,5.86,0.0
20231227:1810,0.0,0.0,0.0,1.49,5.45,0.0
20231227:1910,0.0,0.0,0.0,1.52,5.17,0.0
20231227:2010,0.0,0.0,0.0,1.65,5.17,0.0
20231227:2110,0.0,0.0,0.0,1.65,5.03,0.0
20231227:2210,0.0,0.0,0.0,1.58,4.76,0.0
20231227:2310,0.0,0.0,0.0,1.35,4.41,0.0
20231228:0010,0.0,0.0,0.0,1.18,4.28,0.0
20231228:0110,0.0,0.0,0.0,1.22,4.21,0.0
20231228:0210,0.0,0.0,0.0,1.49,4.21,0.0
20231228:0310,0.0,0.0,0.0,1.72,4.14,0.0
20231228:0410,0.0,0.0,0.0,1.73,3.79,0.0
20231228:0510,0.0,0.0,0.0,1.48,3.52,0.0
20231228:0610,0.0,0.0,0.0,1.05,3.17,0.0
20231228:0710,121.89,144.1,7.47,1.07,3.03,0.0
20231228:0810,185.77,210.1,12.48,1.61,2.55,0.0
20231228:0910,342.2,372.61,15.46,2.09,2.97,0.0
20231228:1010,85.8,108.06,16.15,2.69,3.38,0.0
20231228:1110,160.65,185.5,14.48,3.01,3.03,0.0
20231228:1210,420.89,460.31,10.6,3.13,2.41,0.0
20231228:1310,39.08,57.1,4.86,2.77,2.28,0.0
20231228:1410,0.0,0.0,0.0,1.82,2.76,0.0
20231228:1510,0.0,0.0,0.0,1.63,3.17,0.0
20231228:1610,0.0,0.0,0.0,1.51,3.45,0.0
20231228:1710,0.0,0.0,0.0,1.66,3.52,0.0
20231228:1810,0.0,0.0,0.0,1.66,3.66,0.0
20231228:1910,0.0,0.0,0.0,2.04,3.59,0.0
20231228:2010,0.0,0.0,0.0,2.06,3.59,0.0
20231228:2110,0.0,0.0,0.0,2.77,3.59,0.0
20231228:2210,0.0,0.0,0.0,3.53,3.59,0.0
20231228:2310,0.0,0.0,0.0,3.94,3.52,0.0
20231229:0010,0.0,0.0,0.0,4.36,3.45,0.0
20231229:0110,0.0,0.0,0.0,4.6,3.31,0.0
20231229:0210,0.0,0.0,0.0,4.76,3.1,0.0
20231229:0310,0.0,0.0,0.0,4.46,2.9,0.0
20231229:0410,0.0,0.0,0.0,3.93,2.9,0.0
20231229:0510,0.0,0.0,0.0,2.88,2.97,0.0
20231229:0610,0.0,0.0,0.0,2.35,2.97,0.0
20231229:0710,113.72,136.73,7.47,2.94,2.9,0.0
20231229:0810,423.88,463.78,12.5,3.85,2.76,0.0
20231229:0910,621.16,689.88,15.5,5.19,2.83,0.0
20231229:1010,358.57,396.95,16.21,6.09,3.03,0.0
20231229:1110,421.4,466.55,14.55,6.91,3.17,0.0
20231229:1210,282.73,316.79,10.69,6.92,3.1,0.0
20231229:1310,258.56,293.45,4.96,6.69,3.03,0.0
20231229:1410,0.0,0.0,0.0,5.59,3.03,0.0
20231229:1510,0.0,0.0,0.0,4.88,3.1,0.0
20231229:1610,0.0,0.0,0.0,4.74,3.38,0.0
20231229:1710,0.0,0.0,0.0,5.26,3.52,0.0
20231229:1810,0.0,0.0,0.0,5.82,3.59,0.0
20231229:1910,0.0,0.0,0.0,6.2,3.66,0.0
20231229:2010,0.0,0.0,0.0,6.05,3.79,0.0
20231229:2110,0.0,0.0,0.0,5.6,3.72,0.0
20231229:2210,0.0,0.0,0.0,5.2,3.79,0.0
20231229:2310,0.0,0.0,0.0,4.95,4.0,0.0
20231230:0010,0.0,0.0,0.0,5.02,3.93,0.0
20231230:0110,0.0,0.0,0.0,4.76,3.72,0.0
20231230:0210,0.0,0.0,0.0,4.31,3.59,0.0
20231230:0310,0.0,0.0,0.0,4.26,3.59,0.0
20231230:0410,0.0,0.0,0.0,4.4,3.45,0.0
20231230:0510,0.0,0.0,0.0,4.01,3.38,0.0
20231230:0610,0.0,0.0,0.0,4.0,3.45,0.0
20231230:0710,128.64,152.97,7.48,4.41,3.59,0.0
20231230:0810,360.16,395.8,12.52,5.08,3.45,0.0
20231230:0910,86.6,110.34,15.55,6.03,2.97,0.0
20231230:1010,20.31,35.86,16.27,6.87,3.24,0.0
20231230:1110,131.63,158.57,14.63,7.61,3.38,0.0
20231230:1210,100.59,125.37,10.79,7.84,4.14,0.0
20231230:1310,151.7,180.1,5.06,7.89,4.34,0.0
20231230:1410,0.0,0.0,0.0,7.61,4.41,0.0
20231230:1510,0.0,0.0,0.0,7.33,4.55,0.0
20231230:1610,0.0,0.0,0.0,7.36,4.83,0.0
20231230:1710,0.0,0.0,0.0,7.48,5.17,0.0
20231230:1810,0.0,0.0,0.0,7.61,5.52,0.0
20231230:1910,0.0,0.0,0.0,7.43,5.66,0.0
20231230:2010,0.0,0.0,0.0,6.68,5.86,0.0
20231230:2110,0.0,0.0,0.0,5.91,5.79,0.0
20231230:2210,0.0,0.0,0.0,5.47,5.52,0.0
20231230:2310,0.0,0.0,0.0,5.12,5.24,0.0
20231231:0010,0.0,0.0,0.0,4.99,5.03,0.0
20231231:0110,0.0,0.0,0.0,4.88,4.83,0.0
20231231:0210,0.0,0.0,0.0,4.76,4.76,0.0
20231231:0310,0.0,0.0,0.0,4.69,4.69,0.0
20231231:0410,0.0,0.0,0.0,4.51,4.55,0.0
20231231:0510,0.0,0.0,0.0,4.35,4.34,0.0
20231231:0610,0.0,0.0,0.0,3.98,4.14,0.0
20231231:0710,152.64,177.47,7.5,3.91,4.0,0.0
20231231:0810,526.98,573.9,12.56,4.25,4.14,0.0
20231231:0910,100.0,123.45,15.6,4.43,5.59,0.0
20231231:1010,148.29,173.64,16.34,4.52,5.17,0.0
20231231:1110,559.6,608.95,14.72,4.54,4.69,0.0
20231231:1210,194.69,220.76,10.89,4.37,4.62,0.0
20231231:1310,114.77,138.53,5.17,3.89,4.41,0.0
20231231:1410,0.0,0.0,0.0,3.23,3.59,0.0
20231231:1510,0.0,0.0,0.0,2.67,3.31,0.0
20231231:1610,0.0,0.0,0.0,2.25,3.17,0.0
20231231:1710,0.0,0.0,0.0,1.93,2.9,0.0
20231231:1810,0.0,0.0,0.0,1.29,2.41,0.0
20231231:1910,0.0,0.0,0.0,0.92,2.28,0.0
20231231:2010,0.0,0.0,0.0,0.34,2.07,0.0
20231231:2110,0.0,0.0,0.0,-0.07,1.86,0.0
20231231:2210,0.0,0.0,0.0,-0.54,1.72,0.0
20231231:2310,0.0,0.0,0.0,-1.27,1.31,0.0

P: PV system power (W)
G(i): Global irradiance on the inclined plane (plane of the array) (W/m2)
H_sun: Sun height (degree)
T2m: 2-m air temperature (degree Celsius)
WS10m: 10-m total wind speed (m/s)
Int: 1 means solar radiation values are reconstructed



PVGIS (c) European Union, 2001-2025