Latitude (decimal degrees):	51.494
Longitude (decimal degrees):	31.293
Elevation (m):	125
Radiation database:	PVGIS-ERA5


Slope: 43 deg. 
Azimuth: 0 deg. 
Nominal power of the PV system (c-Si) (kWp):	1.0
System losses (%):	10.0
time,P,G(i),H_sun,T2m,WS10m,Int
20230101:0030,0.0,0.0,0.0,5.93,4.9,0.0
20230101:0130,0.0,0.0,0.0,6.46,4.69,0.0
20230101:0230,0.0,0.0,0.0,6.94,4.9,0.0
20230101:0330,0.0,0.0,0.0,7.58,4.97,0.0
20230101:0430,0.0,0.0,0.0,7.96,4.9,0.0
20230101:0530,0.0,0.0,0.0,7.82,5.1,0.0
20230101:0630,4.98,14.97,2.66,7.56,5.03,0.0
20230101:0730,109.87,134.65,8.71,8.08,4.76,0.0
20230101:0830,285.8,319.26,13.02,8.49,5.03,0.0
20230101:0930,433.77,479.1,15.24,9.36,5.38,0.0
20230101:1030,429.28,475.97,15.17,10.32,5.52,0.0
20230101:1130,184.76,215.86,12.82,11.0,5.52,0.0
20230101:1230,126.12,153.9,8.4,11.24,5.38,0.0
20230101:1330,3.06,11.95,2.26,11.02,5.38,0.0
20230101:1430,0.0,0.0,0.0,10.64,5.24,0.0
20230101:1530,0.0,0.0,0.0,10.14,5.24,0.0
20230101:1630,0.0,0.0,0.0,9.95,5.31,0.0
20230101:1730,0.0,0.0,0.0,9.58,5.24,0.0
20230101:1830,0.0,0.0,0.0,9.47,5.1,0.0
20230101:1930,0.0,0.0,0.0,9.28,5.38,0.0
20230101:2030,0.0,0.0,0.0,9.33,5.38,0.0
20230101:2130,0.0,0.0,0.0,9.17,5.52,0.0
20230101:2230,0.0,0.0,0.0,8.99,5.66,0.0
20230101:2330,0.0,0.0,0.0,8.77,5.52,0.0
20230102:0030,0.0,0.0,0.0,8.48,5.17,0.0
20230102:0130,0.0,0.0,0.0,8.1,4.83,0.0
20230102:0230,0.0,0.0,0.0,7.64,4.48,0.0
20230102:0330,0.0,0.0,0.0,7.21,4.07,0.0
20230102:0430,0.0,0.0,0.0,6.87,3.93,0.0
20230102:0530,0.0,0.0,0.0,6.56,3.79,0.0
20230102:0630,62.41,84.4,2.69,6.49,3.59,0.0
20230102:0730,225.47,254.88,8.75,5.93,3.17,0.0
20230102:0830,317.76,353.83,13.08,6.83,2.76,0.0
20230102:0930,399.76,445.95,15.32,7.9,2.48,0.0
20230102:1030,332.9,373.63,15.27,8.78,2.62,0.0
20230102:1130,145.26,173.41,12.93,9.15,2.34,0.0
20230102:1230,132.43,159.88,8.52,8.94,1.66,0.0
20230102:1330,63.63,86.79,2.39,8.54,1.52,0.0
20230102:1430,0.0,0.0,0.0,7.19,2.14,0.0
20230102:1530,0.0,0.0,0.0,5.81,2.21,0.0
20230102:1630,0.0,0.0,0.0,5.74,2.34,0.0
20230102:1730,0.0,0.0,0.0,5.49,2.62,0.0
20230102:1830,0.0,0.0,0.0,5.37,3.03,0.0
20230102:1930,0.0,0.0,0.0,5.23,3.03,0.0
20230102:2030,0.0,0.0,0.0,5.24,3.31,0.0
20230102:2130,0.0,0.0,0.0,5.12,3.66,0.0
20230102:2230,0.0,0.0,0.0,5.02,3.66,0.0
20230102:2330,0.0,0.0,0.0,4.95,3.72,0.0
20230103:0030,0.0,0.0,0.0,5.13,3.86,0.0
20230103:0130,0.0,0.0,0.0,5.09,3.86,0.0
20230103:0230,0.0,0.0,0.0,4.9,3.93,0.0
20230103:0330,0.0,0.0,0.0,4.68,3.93,0.0
20230103:0430,0.0,0.0,0.0,4.49,3.93,0.0
20230103:0530,0.0,0.0,0.0,4.35,4.07,0.0
20230103:0630,24.5,40.61,2.72,4.47,4.07,0.0
20230103:0730,167.97,193.73,8.8,4.77,3.86,0.0
20230103:0830,312.9,345.06,13.14,5.71,4.28,0.0
20230103:0930,362.23,398.02,15.4,6.93,5.17,0.0
20230103:1030,228.68,258.92,15.37,8.07,5.59,0.0
20230103:1130,99.58,124.37,13.04,8.65,4.62,0.0
20230103:1230,87.78,111.78,8.64,8.79,5.59,0.0
20230103:1330,24.88,41.7,2.52,8.45,5.59,0.0
20230103:1430,0.0,0.0,0.0,7.97,5.45,0.0
20230103:1530,0.0,0.0,0.0,7.25,5.38,0.0
20230103:1630,0.0,0.0,0.0,6.68,5.59,0.0
20230103:1730,0.0,0.0,0.0,6.1,5.72,0.0
20230103:1830,0.0,0.0,0.0,5.64,5.79,0.0
20230103:1930,0.0,0.0,0.0,5.12,5.52,0.0
20230103:2030,0.0,0.0,0.0,4.93,5.66,0.0
20230103:2130,0.0,0.0,0.0,4.81,5.86,0.0
20230103:2230,0.0,0.0,0.0,4.84,6.07,0.0
20230103:2330,0.0,0.0,0.0,4.84,6.14,0.0
20230104:0030,0.0,0.0,0.0,4.89,6.14,0.0
20230104:0130,0.0,0.0,0.0,4.83,6.07,0.0
20230104:0230,0.0,0.0,0.0,4.41,5.86,0.0
20230104:0330,0.0,0.0,0.0,4.22,5.72,0.0
20230104:0430,0.0,0.0,0.0,3.69,5.59,0.0
20230104:0530,0.0,0.0,0.0,3.19,5.72,0.0
20230104:0630,2.8,11.19,2.76,2.54,5.52,0.0
20230104:0730,34.22,51.52,8.85,2.45,5.38,0.0
20230104:0830,73.26,93.81,13.21,2.32,5.79,0.0
20230104:0930,197.7,220.57,15.49,2.37,5.66,0.0
20230104:1030,141.09,163.39,15.48,2.45,5.45,0.0
20230104:1130,145.89,168.2,13.17,2.41,5.17,0.0
20230104:1230,113.01,134.69,8.78,2.23,4.69,0.0
20230104:1330,20.4,35.29,2.66,1.96,4.14,0.0
20230104:1430,0.0,0.0,0.0,1.55,3.66,0.0
20230104:1530,0.0,0.0,0.0,1.0,2.97,0.0
20230104:1630,0.0,0.0,0.0,0.55,2.41,0.0
20230104:1730,0.0,0.0,0.0,-0.27,2.0,0.0
20230104:1830,0.0,0.0,0.0,-0.91,2.07,0.0
20230104:1930,0.0,0.0,0.0,-0.89,2.0,0.0
20230104:2030,0.0,0.0,0.0,-0.44,2.07,0.0
20230104:2130,0.0,0.0,0.0,-0.01,2.62,0.0
20230104:2230,0.0,0.0,0.0,0.29,3.17,0.0
20230104:2330,0.0,0.0,0.0,0.62,3.66,0.0
20230105:0030,0.0,0.0,0.0,0.66,3.86,0.0
20230105:0130,0.0,0.0,0.0,0.51,4.41,0.0
20230105:0230,0.0,0.0,0.0,0.44,4.97,0.0
20230105:0330,0.0,0.0,0.0,0.51,5.24,0.0
20230105:0430,0.0,0.0,0.0,0.77,5.52,0.0
20230105:0530,0.0,0.0,0.0,1.02,5.52,0.0
20230105:0630,0.53,6.78,2.8,0.97,5.52,0.0
20230105:0730,12.15,24.71,8.91,1.2,4.97,0.0
20230105:0830,14.16,27.47,13.3,1.87,4.62,0.0
20230105:0930,13.27,26.4,15.59,2.83,4.55,0.0
20230105:1030,11.69,24.39,15.59,3.8,4.76,0.0
20230105:1130,6.99,17.88,13.3,4.6,4.9,0.0
20230105:1230,1.96,9.77,8.91,5.02,4.97,0.0
20230105:1330,0.0,2.81,2.8,5.1,4.69,0.0
20230105:1430,0.0,0.0,0.0,4.91,4.34,0.0
20230105:1530,0.0,0.0,0.0,5.02,4.34,0.0
20230105:1630,0.0,0.0,0.0,5.24,4.28,0.0
20230105:1730,0.0,0.0,0.0,5.18,4.0,0.0
20230105:1830,0.0,0.0,0.0,5.1,3.86,0.0
20230105:1930,0.0,0.0,0.0,5.14,3.86,0.0
20230105:2030,0.0,0.0,0.0,5.06,3.45,0.0
20230105:2130,0.0,0.0,0.0,4.66,2.97,0.0
20230105:2230,0.0,0.0,0.0,3.74,2.9,0.0
20230105:2330,0.0,0.0,0.0,2.25,3.72,0.0
20230106:0030,0.0,0.0,0.0,0.83,4.34,0.0
20230106:0130,0.0,0.0,0.0,-0.13,4.55,0.0
20230106:0230,0.0,0.0,0.0,-0.57,4.83,0.0
20230106:0330,0.0,0.0,0.0,-1.15,5.24,0.0
20230106:0430,0.0,0.0,0.0,-2.17,5.45,0.0
20230106:0530,0.0,0.0,0.0,-3.29,5.38,0.0
20230106:0630,4.51,13.69,2.85,-4.22,5.03,0.0
20230106:0730,51.88,69.17,8.98,-3.61,4.9,0.0
20230106:0830,76.09,94.49,13.38,-3.8,4.48,0.0
20230106:0930,194.29,212.22,15.7,-3.84,4.34,0.0
20230106:1030,243.67,261.27,15.72,-3.89,4.41,0.0
20230106:1130,163.65,181.68,13.43,-4.24,4.83,0.0
20230106:1230,49.74,66.81,9.06,-4.87,4.76,0.0
20230106:1330,37.56,53.8,2.95,-5.66,4.55,0.0
20230106:1430,0.0,0.0,0.0,-6.63,4.28,0.0
20230106:1530,0.0,0.0,0.0,-7.45,4.41,0.0
20230106:1630,0.0,0.0,0.0,-8.42,4.34,0.0
20230106:1730,0.0,0.0,0.0,-9.24,4.14,0.0
20230106:1830,0.0,0.0,0.0,-9.9,3.86,0.0
20230106:1930,0.0,0.0,0.0,-10.01,3.31,0.0
20230106:2030,0.0,0.0,0.0,-10.34,2.97,0.0
20230106:2130,0.0,0.0,0.0,-10.58,2.62,0.0
20230106:2230,0.0,0.0,0.0,-10.78,2.41,0.0
20230106:2330,0.0,0.0,0.0,-10.87,2.14,0.0
20230107:0030,0.0,0.0,0.0,-10.92,1.86,0.0
20230107:0130,0.0,0.0,0.0,-11.01,2.0,0.0
20230107:0230,0.0,0.0,0.0,-11.0,1.86,0.0
20230107:0330,0.0,0.0,0.0,-11.01,1.72,0.0
20230107:0430,0.0,0.0,0.0,-11.05,2.07,0.0
20230107:0530,0.0,0.0,0.0,-11.13,2.48,0.0
20230107:0630,101.0,117.98,2.91,-11.2,2.55,0.0
20230107:0730,296.18,307.36,9.06,-11.31,2.07,0.0
20230107:0830,451.98,463.72,13.48,-10.8,2.34,0.0
20230107:0930,534.52,550.07,15.82,-10.18,2.55,0.0
20230107:1030,575.52,595.48,15.85,-9.66,2.41,0.0
20230107:1130,500.23,517.54,13.58,-9.24,2.21,0.0
20230107:1230,340.67,354.72,9.21,-9.01,2.21,0.0
20230107:1330,104.63,122.49,3.11,-9.15,2.48,0.0
20230107:1430,0.0,0.0,0.0,-9.72,2.21,0.0
20230107:1530,0.0,0.0,0.0,-10.3,2.34,0.0
20230107:1630,0.0,0.0,0.0,-10.8,2.62,0.0
20230107:1730,0.0,0.0,0.0,-11.38,2.97,0.0
20230107:1830,0.0,0.0,0.0,-11.93,2.97,0.0
20230107:1930,0.0,0.0,0.0,-12.58,2.76,0.0
20230107:2030,0.0,0.0,0.0,-12.89,2.9,0.0
20230107:2130,0.0,0.0,0.0,-13.12,2.83,0.0
20230107:2230,0.0,0.0,0.0,-13.25,2.62,0.0
20230107:2330,0.0,0.0,0.0,-13.15,2.76,0.0
20230108:0030,0.0,0.0,0.0,-12.92,2.83,0.0
20230108:0130,0.0,0.0,0.0,-12.78,2.97,0.0
20230108:0230,0.0,0.0,0.0,-12.7,2.76,0.0
20230108:0330,0.0,0.0,0.0,-12.9,2.62,0.0
20230108:0430,0.0,0.0,0.0,-13.0,2.69,0.0
20230108:0530,0.0,0.0,0.0,-13.05,2.76,0.0
20230108:0630,167.17,182.26,2.98,-13.03,2.9,0.0
20230108:0730,418.83,425.13,9.14,-12.52,3.31,0.0
20230108:0830,593.04,603.49,13.58,-11.26,3.72,0.0
20230108:0930,686.13,706.12,15.94,-9.8,3.86,0.0
20230108:1030,655.16,676.13,15.99,-8.53,4.0,0.0
20230108:1130,587.25,606.88,13.73,-7.64,3.86,0.0
20230108:1230,409.27,424.58,9.37,-7.15,3.72,0.0
20230108:1330,164.25,183.12,3.27,-7.21,3.66,0.0
20230108:1430,0.0,0.0,0.0,-7.99,3.31,0.0
20230108:1530,0.0,0.0,0.0,-8.56,3.52,0.0
20230108:1630,0.0,0.0,0.0,-8.66,3.72,0.0
20230108:1730,0.0,0.0,0.0,-9.03,3.79,0.0
20230108:1830,0.0,0.0,0.0,-9.18,3.86,0.0
20230108:1930,0.0,0.0,0.0,-9.62,3.86,0.0
20230108:2030,0.0,0.0,0.0,-9.49,4.0,0.0
20230108:2130,0.0,0.0,0.0,-9.46,4.07,0.0
20230108:2230,0.0,0.0,0.0,-9.41,4.21,0.0
20230108:2330,0.0,0.0,0.0,-9.32,4.41,0.0
20230109:0030,0.0,0.0,0.0,-8.87,4.55,0.0
20230109:0130,0.0,0.0,0.0,-8.43,3.93,0.0
20230109:0230,0.0,0.0,0.0,-7.95,4.28,0.0
20230109:0330,0.0,0.0,0.0,-7.47,4.76,0.0
20230109:0430,0.0,0.0,0.0,-7.1,4.97,0.0
20230109:0530,0.0,0.0,0.0,-6.79,4.83,0.0
20230109:0630,1.71,8.96,3.05,-6.43,4.97,0.0
20230109:0730,6.7,16.81,9.24,-6.44,5.03,0.0
20230109:0830,15.05,27.7,13.69,-6.15,5.17,0.0
20230109:0930,13.75,26.22,16.07,-5.71,5.31,0.0
20230109:1030,22.4,36.74,16.13,-5.33,5.38,0.0
20230109:1130,16.23,29.38,13.88,-4.83,5.66,0.0
20230109:1230,14.44,27.14,9.53,-4.49,5.66,0.0
20230109:1330,2.34,10.14,3.43,-4.22,5.59,0.0
20230109:1430,0.0,0.0,0.0,-4.15,5.31,0.0
20230109:1530,0.0,0.0,0.0,-3.9,5.93,0.0
20230109:1630,0.0,0.0,0.0,-3.62,6.07,0.0
20230109:1730,0.0,0.0,0.0,-3.27,6.76,0.0
20230109:1830,0.0,0.0,0.0,-2.83,6.62,0.0
20230109:1930,0.0,0.0,0.0,-3.03,6.69,0.0
20230109:2030,0.0,0.0,0.0,-2.65,6.76,0.0
20230109:2130,0.0,0.0,0.0,-2.46,6.83,0.0
20230109:2230,0.0,0.0,0.0,-2.55,6.83,0.0
20230109:2330,0.0,0.0,0.0,-2.81,6.76,0.0
20230110:0030,0.0,0.0,0.0,-3.11,6.62,0.0
20230110:0130,0.0,0.0,0.0,-3.39,6.34,0.0
20230110:0230,0.0,0.0,0.0,-3.79,6.21,0.0
20230110:0330,0.0,0.0,0.0,-4.12,6.34,0.0
20230110:0430,0.0,0.0,0.0,-4.6,6.41,0.0
20230110:0530,0.0,0.0,0.0,-5.07,6.41,0.0
20230110:0630,23.46,37.95,3.13,-5.35,6.34,0.0
20230110:0730,101.89,120.19,9.33,-5.25,5.93,0.0
20230110:0830,240.52,256.95,13.81,-4.99,6.48,0.0
20230110:0930,371.28,386.74,16.2,-4.6,6.48,0.0
20230110:1030,398.02,414.48,16.28,-4.04,6.48,0.0
20230110:1130,309.21,326.06,14.05,-3.63,6.41,0.0
20230110:1230,243.11,260.98,9.7,-3.44,6.07,0.0
20230110:1330,68.48,87.3,3.6,-3.56,5.59,0.0
20230110:1430,0.0,0.0,0.0,-3.94,6.0,0.0
20230110:1530,0.0,0.0,0.0,-4.23,6.0,0.0
20230110:1630,0.0,0.0,0.0,-4.42,6.0,0.0
20230110:1730,0.0,0.0,0.0,-4.44,6.14,0.0
20230110:1830,0.0,0.0,0.0,-4.6,6.21,0.0
20230110:1930,0.0,0.0,0.0,-4.75,6.34,0.0
20230110:2030,0.0,0.0,0.0,-5.01,6.14,0.0
20230110:2130,0.0,0.0,0.0,-5.32,5.31,0.0
20230110:2230,0.0,0.0,0.0,-5.78,5.59,0.0
20230110:2330,0.0,0.0,0.0,-6.21,5.86,0.0
20230111:0030,0.0,0.0,0.0,-6.55,5.86,0.0
20230111:0130,0.0,0.0,0.0,-6.8,5.59,0.0
20230111:0230,0.0,0.0,0.0,-7.09,5.38,0.0
20230111:0330,0.0,0.0,0.0,-7.3,5.24,0.0
20230111:0430,0.0,0.0,0.0,-7.41,5.1,0.0
20230111:0530,0.0,0.0,0.0,-7.43,5.03,0.0
20230111:0630,34.7,50.34,3.22,-7.42,4.9,0.0
20230111:0730,86.16,103.01,9.44,-7.96,5.1,0.0
20230111:0830,232.7,246.77,13.94,-7.75,5.24,0.0
20230111:0930,328.83,340.63,16.35,-7.28,5.17,0.0
20230111:1030,438.62,451.88,16.44,-6.77,4.97,0.0
20230111:1130,455.41,470.63,14.21,-6.11,4.83,0.0
20230111:1230,268.56,284.5,9.88,-5.59,4.62,0.0
20230111:1330,42.43,59.1,3.78,-5.51,4.21,0.0
20230111:1430,0.0,0.0,0.0,-5.81,3.38,0.0
20230111:1530,0.0,0.0,0.0,-5.88,3.66,0.0
20230111:1630,0.0,0.0,0.0,-5.88,4.07,0.0
20230111:1730,0.0,0.0,0.0,-5.85,3.86,0.0
20230111:1830,0.0,0.0,0.0,-5.75,3.59,0.0
20230111:1930,0.0,0.0,0.0,-6.42,3.66,0.0
20230111:2030,0.0,0.0,0.0,-6.54,3.93,0.0
20230111:2130,0.0,0.0,0.0,-6.63,3.86,0.0
20230111:2230,0.0,0.0,0.0,-6.73,3.72,0.0
20230111:2330,0.0,0.0,0.0,-6.82,3.66,0.0
20230112:0030,0.0,0.0,0.0,-7.12,3.31,0.0
20230112:0130,0.0,0.0,0.0,-7.27,3.17,0.0
20230112:0230,0.0,0.0,0.0,-7.51,3.31,0.0
20230112:0330,0.0,0.0,0.0,-7.65,3.72,0.0
20230112:0430,0.0,0.0,0.0,-7.49,4.28,0.0
20230112:0530,0.0,0.0,0.0,-7.48,4.48,0.0
20230112:0630,133.01,151.81,3.31,-7.43,4.41,0.0
20230112:0730,332.58,346.38,9.55,-7.49,3.93,0.0
20230112:0830,453.14,468.03,14.07,-6.33,4.76,0.0
20230112:0930,429.06,446.17,16.5,-5.14,4.41,0.0
20230112:1030,486.21,508.02,16.61,-3.95,4.48,0.0
20230112:1130,438.14,459.81,14.39,-3.43,4.14,0.0
20230112:1230,294.25,313.68,10.06,-3.07,4.21,0.0
20230112:1330,97.58,117.77,3.96,-3.16,3.66,0.0
20230112:1430,0.0,0.0,-3.48,-3.81,2.97,0.0
20230112:1530,0.0,0.0,0.0,-4.53,2.83,0.0
20230112:1630,0.0,0.0,0.0,-5.14,2.97,0.0
20230112:1730,0.0,0.0,0.0,-5.31,3.31,0.0
20230112:1830,0.0,0.0,0.0,-5.3,3.52,0.0
20230112:1930,0.0,0.0,0.0,-6.46,3.52,0.0
20230112:2030,0.0,0.0,0.0,-6.71,3.31,0.0
20230112:2130,0.0,0.0,0.0,-6.92,2.97,0.0
20230112:2230,0.0,0.0,0.0,-6.79,2.69,0.0
20230112:2330,0.0,0.0,0.0,-6.74,2.76,0.0
20230113:0030,0.0,0.0,0.0,-6.75,2.97,0.0
20230113:0130,0.0,0.0,0.0,-6.65,3.03,0.0
20230113:0230,0.0,0.0,0.0,-6.48,3.17,0.0
20230113:0330,0.0,0.0,0.0,-6.52,3.03,0.0
20230113:0430,0.0,0.0,0.0,-6.5,2.97,0.0
20230113:0530,0.0,0.0,0.0,-6.43,3.03,0.0
20230113:0630,90.72,109.77,3.41,-6.26,3.03,0.0
20230113:0730,228.3,244.13,9.67,-6.18,3.86,0.0
20230113:0830,360.66,376.3,14.21,-5.41,4.07,0.0
20230113:0930,441.37,460.61,16.65,-4.22,4.21,0.0
20230113:1030,391.48,411.53,16.78,-3.31,3.79,0.0
20230113:1130,335.25,355.9,14.57,-2.52,3.52,0.0
20230113:1230,155.51,175.68,10.24,-1.89,3.24,0.0
20230113:1330,65.65,84.97,4.15,-1.81,2.83,0.0
20230113:1430,0.0,0.0,-3.3,-2.08,2.83,0.0
20230113:1530,0.0,0.0,0.0,-2.3,3.17,0.0
20230113:1630,0.0,0.0,0.0,-2.47,3.52,0.0
20230113:1730,0.0,0.0,0.0,-2.84,3.72,0.0
20230113:1830,0.0,0.0,0.0,-3.03,3.79,0.0
20230113:1930,0.0,0.0,0.0,-3.29,3.86,0.0
20230113:2030,0.0,0.0,0.0,-3.24,3.66,0.0
20230113:2130,0.0,0.0,0.0,-3.11,3.03,0.0
20230113:2230,0.0,0.0,0.0,-2.98,3.03,0.0
20230113:2330,0.0,0.0,0.0,-2.86,3.24,0.0
20230114:0030,0.0,0.0,0.0,-2.81,3.31,0.0
20230114:0130,0.0,0.0,0.0,-2.63,3.24,0.0
20230114:0230,0.0,0.0,0.0,-2.64,3.45,0.0
20230114:0330,0.0,0.0,0.0,-2.71,3.45,0.0
20230114:0430,0.0,0.0,0.0,-2.61,3.38,0.0
20230114:0530,0.0,0.0,0.0,-2.51,3.31,0.0
20230114:0630,1.62,8.92,3.52,-2.44,3.24,0.0
20230114:0730,15.23,28.37,9.8,-2.36,2.9,0.0
20230114:0830,35.16,51.86,14.35,-1.98,2.97,0.0
20230114:0930,47.14,65.03,16.82,-1.53,3.24,0.0
20230114:1030,106.62,126.78,16.96,-1.16,3.03,0.0
20230114:1130,67.64,86.91,14.76,-0.62,3.24,0.0
20230114:1230,79.58,98.92,10.44,-0.49,2.97,0.0
20230114:1330,11.19,23.3,4.35,-0.62,2.62,0.0
20230114:1430,0.0,0.0,-3.1,-1.07,2.41,0.0
20230114:1530,0.0,0.0,0.0,-1.52,2.48,0.0
20230114:1630,0.0,0.0,0.0,-1.57,2.62,0.0
20230114:1730,0.0,0.0,0.0,-1.72,2.76,0.0
20230114:1830,0.0,0.0,0.0,-1.82,2.76,0.0
20230114:1930,0.0,0.0,0.0,-2.32,2.48,0.0
20230114:2030,0.0,0.0,0.0,-2.27,2.41,0.0
20230114:2130,0.0,0.0,0.0,-2.3,2.28,0.0
20230114:2230,0.0,0.0,0.0,-2.22,2.34,0.0
20230114:2330,0.0,0.0,0.0,-2.2,2.34,0.0
20230115:0030,0.0,0.0,0.0,-2.22,2.41,0.0
20230115:0130,0.0,0.0,0.0,-2.15,2.41,0.0
20230115:0230,0.0,0.0,0.0,-2.11,2.48,0.0
20230115:0330,0.0,0.0,0.0,-2.08,2.55,0.0
20230115:0430,0.0,0.0,0.0,-2.08,2.55,0.0
20230115:0530,0.0,0.0,0.0,-2.05,2.83,0.0
20230115:0630,0.83,7.36,3.64,-2.0,3.24,0.0
20230115:0730,23.37,38.27,9.93,-2.06,2.9,0.0
20230115:0830,29.33,45.16,14.51,-1.51,3.59,0.0
20230115:0930,38.7,55.97,16.99,-1.22,3.59,0.0
20230115:1030,51.36,69.83,17.15,-0.71,4.14,0.0
20230115:1130,73.63,93.15,14.96,-0.43,4.28,0.0
20230115:1230,43.4,61.19,10.64,0.0,4.69,0.0
20230115:1330,23.19,38.24,4.54,-0.16,4.21,0.0
20230115:1430,0.0,0.0,-2.91,-0.77,4.14,0.0
20230115:1530,0.0,0.0,0.0,-1.09,4.34,0.0
20230115:1630,0.0,0.0,0.0,-1.22,4.07,0.0
20230115:1730,0.0,0.0,0.0,-1.45,3.93,0.0
20230115:1830,0.0,0.0,0.0,-1.68,4.28,0.0
20230115:1930,0.0,0.0,0.0,-1.77,4.76,0.0
20230115:2030,0.0,0.0,0.0,-1.94,4.69,0.0
20230115:2130,0.0,0.0,0.0,-1.96,4.48,0.0
20230115:2230,0.0,0.0,0.0,-1.8,4.41,0.0
20230115:2330,0.0,0.0,0.0,-1.65,4.55,0.0
20230116:0030,0.0,0.0,0.0,-1.54,4.76,0.0
20230116:0130,0.0,0.0,0.0,-1.46,4.76,0.0
20230116:0230,0.0,0.0,0.0,-1.4,4.62,0.0
20230116:0330,0.0,0.0,0.0,-1.31,4.48,0.0
20230116:0430,0.0,0.0,0.0,-1.24,4.41,0.0
20230116:0530,0.0,0.0,0.0,-1.18,4.41,0.0
20230116:0630,2.06,9.77,3.76,-1.03,4.28,0.0
20230116:0730,12.89,25.55,10.07,-1.07,3.86,0.0
20230116:0830,35.77,52.88,14.67,-0.66,3.72,0.0
20230116:0930,78.71,99.0,17.17,-0.15,3.86,0.0
20230116:1030,51.29,70.12,17.34,0.55,4.97,0.0
20230116:1130,36.08,53.46,15.16,0.79,4.34,0.0
20230116:1230,20.24,34.84,10.84,0.86,4.07,0.0
20230116:1330,5.49,15.43,4.75,0.74,3.72,0.0
20230116:1430,0.0,0.0,-2.71,0.59,3.66,0.0
20230116:1530,0.0,0.0,0.0,0.44,3.66,0.0
20230116:1630,0.0,0.0,0.0,0.44,3.72,0.0
20230116:1730,0.0,0.0,0.0,0.54,3.86,0.0
20230116:1830,0.0,0.0,0.0,0.63,4.07,0.0
20230116:1930,0.0,0.0,0.0,0.71,4.69,0.0
20230116:2030,0.0,0.0,0.0,0.9,5.1,0.0
20230116:2130,0.0,0.0,0.0,1.08,5.38,0.0
20230116:2230,0.0,0.0,0.0,1.16,5.72,0.0
20230116:2330,0.0,0.0,0.0,1.22,5.93,0.0
20230117:0030,0.0,0.0,0.0,1.23,6.14,0.0
20230117:0130,0.0,0.0,0.0,1.28,6.21,0.0
20230117:0230,0.0,0.0,0.0,1.3,6.14,0.0
20230117:0330,0.0,0.0,0.0,1.43,6.21,0.0
20230117:0430,0.0,0.0,0.0,1.66,6.28,0.0
20230117:0530,0.0,0.0,0.0,1.91,6.48,0.0
20230117:0630,1.31,8.44,3.89,2.17,6.62,0.0
20230117:0730,6.83,17.52,10.22,2.58,6.9,0.0
20230117:0830,8.56,20.02,14.83,2.92,7.1,0.0
20230117:0930,10.92,23.28,17.35,2.99,7.17,0.0
20230117:1030,18.64,33.18,17.54,2.93,6.97,0.0
20230117:1130,7.99,19.22,15.36,2.98,6.55,0.0
20230117:1230,7.33,18.28,11.05,3.1,6.28,0.0
20230117:1330,0.32,6.33,4.95,3.3,6.21,0.0
20230117:1430,0.0,0.0,-2.51,3.48,6.14,0.0
20230117:1530,0.0,0.0,0.0,3.74,6.21,0.0
20230117:1630,0.0,0.0,0.0,4.05,6.34,0.0
20230117:1730,0.0,0.0,0.0,4.45,6.28,0.0
20230117:1830,0.0,0.0,0.0,4.75,5.93,0.0
20230117:1930,0.0,0.0,0.0,5.08,6.21,0.0
20230117:2030,0.0,0.0,0.0,5.25,5.72,0.0
20230117:2130,0.0,0.0,0.0,5.22,4.97,0.0
20230117:2230,0.0,0.0,0.0,5.16,4.69,0.0
20230117:2330,0.0,0.0,0.0,5.18,4.48,0.0
20230118:0030,0.0,0.0,0.0,5.27,4.28,0.0
20230118:0130,0.0,0.0,0.0,5.26,4.21,0.0
20230118:0230,0.0,0.0,0.0,5.19,4.14,0.0
20230118:0330,0.0,0.0,0.0,5.07,4.41,0.0
20230118:0430,0.0,0.0,0.0,5.05,5.03,0.0
20230118:0530,0.0,0.0,0.0,5.19,5.59,0.0
20230118:0630,2.75,11.19,4.02,5.38,6.07,0.0
20230118:0730,13.7,27.24,10.37,5.77,6.69,0.0
20230118:0830,21.12,36.74,15.01,6.24,6.9,0.0
20230118:0930,23.93,40.26,17.55,6.7,7.24,0.0
20230118:1030,18.11,33.09,17.74,7.13,7.45,0.0
20230118:1130,13.79,27.51,15.58,7.37,7.31,0.0
20230118:1230,7.53,18.86,11.26,7.62,7.24,0.0
20230118:1330,1.99,9.9,5.17,7.82,7.17,0.0
20230118:1430,0.0,0.0,-2.3,8.0,6.97,0.0
20230118:1530,0.0,0.0,0.0,8.24,6.97,0.0
20230118:1630,0.0,0.0,0.0,8.45,7.1,0.0
20230118:1730,0.0,0.0,0.0,8.63,7.03,0.0
20230118:1830,0.0,0.0,0.0,8.72,7.03,0.0
20230118:1930,0.0,0.0,0.0,8.51,6.55,0.0
20230118:2030,0.0,0.0,0.0,8.5,6.21,0.0
20230118:2130,0.0,0.0,0.0,8.19,5.66,0.0
20230118:2230,0.0,0.0,0.0,7.62,5.03,0.0
20230118:2330,0.0,0.0,0.0,6.78,4.14,0.0
20230119:0030,0.0,0.0,0.0,5.61,3.59,0.0
20230119:0130,0.0,0.0,0.0,4.56,3.24,0.0
20230119:0230,0.0,0.0,0.0,3.33,2.69,0.0
20230119:0330,0.0,0.0,0.0,1.93,2.41,0.0
20230119:0430,0.0,0.0,0.0,1.11,2.07,0.0
20230119:0530,0.0,0.0,-3.5,1.07,1.86,0.0
20230119:0630,5.58,15.61,4.16,1.61,2.07,0.0
20230119:0730,29.5,46.33,10.53,2.66,2.69,0.0
20230119:0830,44.78,64.07,15.19,3.6,2.34,0.0
20230119:0930,72.61,94.66,17.75,4.28,2.62,0.0
20230119:1030,77.67,100.29,17.96,4.93,3.24,0.0
20230119:1130,65.4,87.24,15.8,5.71,4.0,0.0
20230119:1230,49.48,69.48,11.48,6.64,4.41,0.0
20230119:1330,8.83,20.71,5.38,7.34,4.55,0.0
20230119:1430,0.0,0.0,-2.09,7.71,4.62,0.0
20230119:1530,0.0,0.0,0.0,7.91,4.69,0.0
20230119:1630,0.0,0.0,0.0,7.94,4.83,0.0
20230119:1730,0.0,0.0,0.0,7.8,4.9,0.0
20230119:1830,0.0,0.0,0.0,7.77,4.97,0.0
20230119:1930,0.0,0.0,0.0,7.94,4.9,0.0
20230119:2030,0.0,0.0,0.0,7.68,5.17,0.0
20230119:2130,0.0,0.0,0.0,7.23,5.31,0.0
20230119:2230,0.0,0.0,0.0,7.07,5.24,0.0
20230119:2330,0.0,0.0,0.0,7.08,5.1,0.0
20230120:0030,0.0,0.0,0.0,6.83,5.03,0.0
20230120:0130,0.0,0.0,0.0,6.6,4.76,0.0
20230120:0230,0.0,0.0,0.0,6.07,4.48,0.0
20230120:0330,0.0,0.0,0.0,5.89,4.34,0.0
20230120:0430,0.0,0.0,0.0,5.8,4.21,0.0
20230120:0530,0.0,0.0,-3.37,5.68,3.93,0.0
20230120:0630,11.37,24.12,4.31,5.64,3.79,0.0
20230120:0730,76.86,99.34,10.7,5.91,3.93,0.0
20230120:0830,133.88,159.89,15.37,6.6,4.14,0.0
20230120:0930,210.75,240.53,17.95,7.45,4.21,0.0
20230120:1030,267.03,300.83,18.17,8.23,4.07,0.0
20230120:1130,293.39,328.82,16.02,8.78,4.14,0.0
20230120:1230,163.92,192.43,11.71,8.89,4.28,0.0
20230120:1330,93.31,118.55,5.6,8.47,4.14,0.0
20230120:1430,0.0,0.0,-1.87,7.56,4.07,0.0
20230120:1530,0.0,0.0,0.0,5.84,4.07,0.0
20230120:1630,0.0,0.0,0.0,4.87,4.14,0.0
20230120:1730,0.0,0.0,0.0,4.2,4.28,0.0
20230120:1830,0.0,0.0,0.0,3.6,4.34,0.0
20230120:1930,0.0,0.0,0.0,3.1,4.55,0.0
20230120:2030,0.0,0.0,0.0,2.84,4.55,0.0
20230120:2130,0.0,0.0,0.0,2.42,4.48,0.0
20230120:2230,0.0,0.0,0.0,1.83,4.41,0.0
20230120:2330,0.0,0.0,0.0,1.24,4.41,0.0
20230121:0030,0.0,0.0,0.0,0.78,4.48,0.0
20230121:0130,0.0,0.0,0.0,0.37,4.48,0.0
20230121:0230,0.0,0.0,0.0,0.08,4.41,0.0
20230121:0330,0.0,0.0,0.0,-0.05,4.28,0.0
20230121:0430,0.0,0.0,0.0,-0.21,4.14,0.0
20230121:0530,0.0,0.0,-3.23,-0.46,4.14,0.0
20230121:0630,23.83,39.08,4.46,-0.56,4.21,0.0
20230121:0730,123.56,144.78,10.87,-0.31,4.41,0.0
20230121:0830,357.71,383.53,15.57,0.29,4.28,0.0
20230121:0930,569.6,607.4,18.16,0.98,5.24,0.0
20230121:1030,462.27,493.82,18.4,1.83,5.38,0.0
20230121:1130,402.18,431.84,16.25,2.34,5.1,0.0
20230121:1230,206.35,230.34,11.94,2.75,4.83,0.0
20230121:1330,40.89,59.06,5.83,2.62,3.86,0.0
20230121:1430,0.0,0.0,-1.65,2.35,3.38,0.0
20230121:1530,0.0,0.0,0.0,2.09,3.45,0.0
20230121:1630,0.0,0.0,0.0,2.04,3.52,0.0
20230121:1730,0.0,0.0,0.0,2.07,3.45,0.0
20230121:1830,0.0,0.0,0.0,2.18,3.31,0.0
20230121:1930,0.0,0.0,0.0,0.89,3.17,0.0
20230121:2030,0.0,0.0,0.0,1.0,3.1,0.0
20230121:2130,0.0,0.0,0.0,1.12,2.97,0.0
20230121:2230,0.0,0.0,0.0,1.17,2.76,0.0
20230121:2330,0.0,0.0,0.0,1.26,2.55,0.0
20230122:0030,0.0,0.0,0.0,1.23,2.41,0.0
20230122:0130,0.0,0.0,0.0,1.13,2.41,0.0
20230122:0230,0.0,0.0,0.0,1.13,2.48,0.0
20230122:0330,0.0,0.0,0.0,1.15,2.55,0.0
20230122:0430,0.0,0.0,0.0,1.01,2.48,0.0
20230122:0530,0.0,0.0,-3.09,0.91,2.55,0.0
20230122:0630,2.74,11.01,4.63,0.86,2.62,0.0
20230122:0730,44.53,62.69,11.05,1.1,2.41,0.0
20230122:0830,32.92,50.1,15.77,1.61,2.55,0.0
20230122:0930,89.18,110.3,18.38,1.89,2.34,0.0
20230122:1030,102.11,123.79,18.63,2.24,2.48,0.0
20230122:1130,70.98,91.66,16.49,2.47,2.41,0.0
20230122:1230,71.81,92.25,12.17,2.55,2.28,0.0
20230122:1330,24.59,40.36,6.06,2.46,1.93,0.0
20230122:1430,0.0,0.0,-1.42,2.01,2.0,0.0
20230122:1530,0.0,0.0,0.0,1.03,2.21,0.0
20230122:1630,0.0,0.0,0.0,0.47,2.34,0.0
20230122:1730,0.0,0.0,0.0,0.11,2.48,0.0
20230122:1830,0.0,0.0,0.0,0.03,2.62,0.0
20230122:1930,0.0,0.0,0.0,0.2,2.41,0.0
20230122:2030,0.0,0.0,0.0,-0.26,2.55,0.0
20230122:2130,0.0,0.0,0.0,-0.6,2.48,0.0
20230122:2230,0.0,0.0,0.0,-0.79,2.34,0.0
20230122:2330,0.0,0.0,0.0,-0.88,2.14,0.0
20230123:0030,0.0,0.0,0.0,-1.05,2.07,0.0
20230123:0130,0.0,0.0,0.0,-1.44,2.0,0.0
20230123:0230,0.0,0.0,0.0,-1.55,2.07,0.0
20230123:0330,0.0,0.0,0.0,-2.02,2.28,0.0
20230123:0430,0.0,0.0,0.0,-2.11,2.34,0.0
20230123:0530,0.0,0.0,-2.94,-2.25,2.34,0.0
20230123:0630,71.92,91.92,4.79,-1.99,2.28,0.0
20230123:0730,177.11,198.72,11.24,-1.29,2.07,0.0
20230123:0830,283.52,307.1,15.98,-0.51,2.62,0.0
20230123:0930,330.93,357.18,18.6,0.05,2.62,0.0
20230123:1030,369.8,398.45,18.86,0.52,2.9,0.0
20230123:1130,254.55,279.06,16.73,0.95,3.03,0.0
20230123:1230,226.98,251.03,12.41,1.05,2.97,0.0
20230123:1330,80.91,102.04,6.29,1.1,2.97,0.0
20230123:1430,0.0,0.0,-1.2,0.58,2.28,0.0
20230123:1530,0.0,0.0,0.0,-0.25,2.28,0.0
20230123:1630,0.0,0.0,0.0,-0.84,2.28,0.0
20230123:1730,0.0,0.0,0.0,-1.66,2.34,0.0
20230123:1830,0.0,0.0,0.0,-2.19,2.34,0.0
20230123:1930,0.0,0.0,0.0,-2.19,2.28,0.0
20230123:2030,0.0,0.0,0.0,-2.57,2.07,0.0
20230123:2130,0.0,0.0,0.0,-3.26,2.07,0.0
20230123:2230,0.0,0.0,0.0,-3.59,2.0,0.0
20230123:2330,0.0,0.0,0.0,-3.98,2.07,0.0
20230124:0030,0.0,0.0,0.0,-4.43,2.14,0.0
20230124:0130,0.0,0.0,0.0,-4.67,2.21,0.0
20230124:0230,0.0,0.0,0.0,-4.96,2.21,0.0
20230124:0330,0.0,0.0,0.0,-5.18,2.07,0.0
20230124:0430,0.0,0.0,0.0,-5.25,1.93,0.0
20230124:0530,0.0,0.0,-2.78,-5.5,1.93,0.0
20230124:0630,196.21,217.9,4.97,-5.63,1.93,0.0
20230124:0730,450.22,478.26,11.43,-4.48,1.79,0.0
20230124:0830,589.91,635.37,16.19,-2.93,1.66,0.0
20230124:0930,687.15,754.62,18.83,-1.65,1.52,0.0
20230124:1030,668.05,735.82,19.1,-0.59,1.52,0.0
20230124:1130,570.32,622.86,16.97,0.1,1.59,0.0
20230124:1230,399.68,433.6,12.65,0.39,1.66,0.0
20230124:1330,217.05,243.77,6.53,0.25,1.66,0.0
20230124:1430,0.0,0.0,-0.97,-0.51,1.72,0.0
20230124:1530,0.0,0.0,0.0,-1.93,1.93,0.0
20230124:1630,0.0,0.0,0.0,-3.11,1.66,0.0
20230124:1730,0.0,0.0,0.0,-3.97,1.52,0.0
20230124:1830,0.0,0.0,0.0,-4.63,1.66,0.0
20230124:1930,0.0,0.0,0.0,-3.92,1.66,0.0
20230124:2030,0.0,0.0,0.0,-3.46,1.59,0.0
20230124:2130,0.0,0.0,0.0,-2.75,1.59,0.0
20230124:2230,0.0,0.0,0.0,-2.62,1.45,0.0
20230124:2330,0.0,0.0,0.0,-2.49,1.17,0.0
20230125:0030,0.0,0.0,0.0,-2.39,1.52,0.0
20230125:0130,0.0,0.0,0.0,-2.51,2.21,0.0
20230125:0230,0.0,0.0,0.0,-2.58,1.86,0.0
20230125:0330,0.0,0.0,0.0,-2.6,1.45,0.0
20230125:0430,0.0,0.0,0.0,-2.62,1.24,0.0
20230125:0530,0.0,0.0,-2.62,-2.69,1.17,0.0
20230125:0630,17.17,30.79,5.15,-2.73,1.17,0.0
20230125:0730,34.88,51.59,11.63,-2.81,0.34,0.0
20230125:0830,67.84,87.24,16.41,-2.59,0.41,0.0
20230125:0930,118.32,139.55,19.07,-2.35,0.41,0.0
20230125:1030,86.61,107.49,19.35,-1.98,0.14,0.0
20230125:1130,78.03,98.53,17.22,-1.74,0.21,0.0
20230125:1230,82.49,102.56,12.9,-1.53,0.41,0.0
20230125:1330,13.41,26.22,6.77,-1.44,0.41,0.0
20230125:1430,0.0,0.0,-0.73,-1.48,0.34,0.0
20230125:1530,0.0,0.0,0.0,-1.66,0.69,0.0
20230125:1630,0.0,0.0,0.0,-2.05,1.38,0.0
20230125:1730,0.0,0.0,0.0,-2.15,1.66,0.0
20230125:1830,0.0,0.0,0.0,-2.31,1.66,0.0
20230125:1930,0.0,0.0,0.0,-3.01,1.45,0.0
20230125:2030,0.0,0.0,0.0,-2.99,1.66,0.0
20230125:2130,0.0,0.0,0.0,-3.1,1.79,0.0
20230125:2230,0.0,0.0,0.0,-3.29,1.79,0.0
20230125:2330,0.0,0.0,0.0,-3.58,1.86,0.0
20230126:0030,0.0,0.0,0.0,-3.55,2.07,0.0
20230126:0130,0.0,0.0,0.0,-3.72,1.86,0.0
20230126:0230,0.0,0.0,0.0,-3.8,1.59,0.0
20230126:0330,0.0,0.0,0.0,-3.64,1.66,0.0
20230126:0430,0.0,0.0,0.0,-3.79,1.66,0.0
20230126:0530,0.0,0.0,-2.45,-3.56,1.86,0.0
20230126:0630,72.09,91.46,5.33,-3.81,1.86,0.0
20230126:0730,101.55,120.99,11.84,-3.11,1.93,0.0
20230126:0830,99.32,119.52,16.63,-2.55,2.0,0.0
20230126:0930,150.71,172.11,19.31,-2.24,2.07,0.0
20230126:1030,104.02,125.18,19.6,-1.77,2.41,0.0
20230126:1130,101.7,122.65,17.48,-1.64,2.55,0.0
20230126:1230,63.38,82.36,13.16,-1.59,2.55,0.0
20230126:1330,15.86,29.24,7.02,-1.63,2.48,0.0
20230126:1430,0.0,0.0,-0.49,-1.75,2.07,0.0
20230126:1530,0.0,0.0,0.0,-1.96,1.52,0.0
20230126:1630,0.0,0.0,0.0,-2.02,1.59,0.0
20230126:1730,0.0,0.0,0.0,-2.04,1.79,0.0
20230126:1830,0.0,0.0,0.0,-2.07,2.14,0.0
20230126:1930,0.0,0.0,0.0,-2.3,2.41,0.0
20230126:2030,0.0,0.0,0.0,-2.41,2.34,0.0
20230126:2130,0.0,0.0,0.0,-2.44,2.28,0.0
20230126:2230,0.0,0.0,0.0,-2.61,2.21,0.0
20230126:2330,0.0,0.0,0.0,-2.63,2.21,0.0
20230127:0030,0.0,0.0,0.0,-2.69,2.21,0.0
20230127:0130,0.0,0.0,0.0,-2.72,2.14,0.0
20230127:0230,0.0,0.0,0.0,-3.14,2.0,0.0
20230127:0330,0.0,0.0,0.0,-3.29,1.86,0.0
20230127:0430,0.0,0.0,0.0,-3.25,1.86,0.0
20230127:0530,0.0,0.0,-2.27,-3.24,1.93,0.0
20230127:0630,61.04,79.91,5.53,-3.3,2.0,0.0
20230127:0730,110.28,130.26,12.05,-2.48,2.55,0.0
20230127:0830,116.46,137.42,16.86,-1.89,2.41,0.0
20230127:0930,134.45,155.95,19.56,-1.43,2.34,0.0
20230127:1030,158.7,181.06,19.86,-1.2,2.21,0.0
20230127:1130,103.33,124.68,17.74,-0.9,2.07,0.0
20230127:1230,61.36,80.82,13.41,-1.01,1.93,0.0
20230127:1330,37.44,54.47,7.27,-1.12,1.86,0.0
20230127:1430,0.0,0.0,-0.25,-1.36,1.72,0.0
20230127:1530,0.0,0.0,0.0,-1.78,1.45,0.0
20230127:1630,0.0,0.0,0.0,-2.01,1.59,0.0
20230127:1730,0.0,0.0,0.0,-2.41,1.72,0.0
20230127:1830,0.0,0.0,0.0,-2.65,1.79,0.0
20230127:1930,0.0,0.0,0.0,-2.45,2.07,0.0
20230127:2030,0.0,0.0,0.0,-2.52,2.41,0.0
20230127:2130,0.0,0.0,0.0,-2.9,2.28,0.0
20230127:2230,0.0,0.0,0.0,-3.02,2.28,0.0
20230127:2330,0.0,0.0,0.0,-3.29,2.21,0.0
20230128:0030,0.0,0.0,0.0,-3.46,2.14,0.0
20230128:0130,0.0,0.0,0.0,-3.86,2.28,0.0
20230128:0230,0.0,0.0,0.0,-4.34,2.62,0.0
20230128:0330,0.0,0.0,0.0,-4.63,2.83,0.0
20230128:0430,0.0,0.0,0.0,-4.74,2.97,0.0
20230128:0530,0.0,0.0,-2.09,-4.87,3.03,0.0
20230128:0630,62.61,80.96,5.73,-4.99,3.03,0.0
20230128:0730,199.38,218.91,12.27,-3.02,3.31,0.0
20230128:0830,304.42,325.4,17.1,-2.24,3.79,0.0
20230128:0930,353.77,376.56,19.81,-1.56,3.79,0.0
20230128:1030,533.71,567.71,20.13,-1.07,3.72,0.0
20230128:1130,574.34,614.66,18.01,-0.34,3.66,0.0
20230128:1230,453.3,484.88,13.67,0.09,3.72,0.0
20230128:1330,248.83,274.6,7.52,0.09,3.79,0.0
20230128:1430,0.0,0.0,-0.01,-0.74,3.1,0.0
20230128:1530,0.0,0.0,0.0,-2.11,2.97,0.0
20230128:1630,0.0,0.0,0.0,-3.06,2.83,0.0
20230128:1730,0.0,0.0,0.0,-3.71,2.69,0.0
20230128:1830,0.0,0.0,0.0,-4.15,2.55,0.0
20230128:1930,0.0,0.0,0.0,-3.05,2.21,0.0
20230128:2030,0.0,0.0,0.0,-3.09,1.93,0.0
20230128:2130,0.0,0.0,0.0,-3.13,2.0,0.0
20230128:2230,0.0,0.0,0.0,-3.07,2.0,0.0
20230128:2330,0.0,0.0,0.0,-3.01,2.28,0.0
20230129:0030,0.0,0.0,0.0,-3.12,1.93,0.0
20230129:0130,0.0,0.0,0.0,-3.16,2.14,0.0
20230129:0230,0.0,0.0,0.0,-3.39,2.0,0.0
20230129:0330,0.0,0.0,0.0,-3.53,2.07,0.0
20230129:0430,0.0,0.0,0.0,-3.73,2.0,0.0
20230129:0530,0.0,0.0,-1.9,-3.77,1.72,0.0
20230129:0630,57.05,75.57,5.93,-3.74,1.24,0.0
20230129:0730,129.54,150.01,12.49,-2.55,1.66,0.0
20230129:0830,220.01,241.32,17.35,-2.0,1.86,0.0
20230129:0930,223.3,246.15,20.07,-1.29,1.79,0.0
20230129:1030,197.66,220.28,20.4,-0.52,2.69,0.0
20230129:1130,82.78,103.59,18.28,-0.16,2.9,0.0
20230129:1230,56.84,76.03,13.94,-0.09,2.9,0.0
20230129:1330,33.85,50.66,7.78,-0.01,3.1,0.0
20230129:1430,0.0,3.85,0.24,-0.4,2.21,0.0
20230129:1530,0.0,0.0,0.0,-1.29,1.86,0.0
20230129:1630,0.0,0.0,0.0,-1.88,1.72,0.0
20230129:1730,0.0,0.0,0.0,-2.46,1.79,0.0
20230129:1830,0.0,0.0,0.0,-3.08,2.0,0.0
20230129:1930,0.0,0.0,0.0,-3.02,2.41,0.0
20230129:2030,0.0,0.0,0.0,-3.39,2.34,0.0
20230129:2130,0.0,0.0,0.0,-3.85,2.34,0.0
20230129:2230,0.0,0.0,0.0,-4.17,2.55,0.0
20230129:2330,0.0,0.0,0.0,-4.0,2.62,0.0
20230130:0030,0.0,0.0,0.0,-3.74,2.76,0.0
20230130:0130,0.0,0.0,0.0,-3.76,2.9,0.0
20230130:0230,0.0,0.0,0.0,-3.9,2.97,0.0
20230130:0330,0.0,0.0,0.0,-4.01,3.1,0.0
20230130:0430,0.0,0.0,0.0,-3.18,3.31,0.0
20230130:0530,0.0,0.0,-1.71,-2.62,3.31,0.0
20230130:0630,35.24,51.95,6.14,-2.25,3.79,0.0
20230130:0730,79.82,99.65,12.72,-1.49,4.41,0.0
20230130:0830,115.88,136.96,17.6,-0.68,5.31,0.0
20230130:0930,98.03,119.0,20.34,-0.23,5.38,0.0
20230130:1030,86.62,107.26,20.67,0.05,5.45,0.0
20230130:1130,68.34,88.14,18.55,0.24,5.52,0.0
20230130:1230,24.4,39.91,14.21,0.4,5.52,0.0
20230130:1330,9.91,21.71,8.04,0.52,6.0,0.0
20230130:1430,0.0,2.62,0.49,0.47,5.1,0.0
20230130:1530,0.0,0.0,0.0,0.47,5.24,0.0
20230130:1630,0.0,0.0,0.0,0.58,5.52,0.0
20230130:1730,0.0,0.0,0.0,0.54,5.66,0.0
20230130:1830,0.0,0.0,0.0,0.44,5.72,0.0
20230130:1930,0.0,0.0,0.0,-0.33,5.38,0.0
20230130:2030,0.0,0.0,0.0,-0.49,5.1,0.0
20230130:2130,0.0,0.0,0.0,-0.61,4.9,0.0
20230130:2230,0.0,0.0,0.0,-0.66,4.83,0.0
20230130:2330,0.0,0.0,0.0,-0.7,4.62,0.0
20230131:0030,0.0,0.0,0.0,-0.75,4.34,0.0
20230131:0130,0.0,0.0,0.0,-0.8,3.93,0.0
20230131:0230,0.0,0.0,0.0,-0.84,3.52,0.0
20230131:0330,0.0,0.0,0.0,-0.99,3.17,0.0
20230131:0430,0.0,0.0,0.0,-0.95,2.97,0.0
20230131:0530,0.0,0.0,-1.51,-0.82,2.83,0.0
20230131:0630,20.37,34.91,6.36,-0.77,2.62,0.0
20230131:0730,49.47,67.95,12.96,-0.37,2.21,0.0
20230131:0830,90.75,112.17,17.85,0.33,2.41,0.0
20230131:0930,106.64,128.99,20.61,1.1,2.76,0.0
20230131:1030,133.56,156.28,20.95,1.6,3.17,0.0
20230131:1130,63.42,83.72,18.83,1.71,3.66,0.0
20230131:1230,80.34,100.78,14.48,1.69,2.83,0.0
20230131:1330,58.56,78.12,8.3,1.45,2.55,0.0
20230131:1430,0.0,3.73,0.74,1.1,2.48,0.0
20230131:1530,0.0,0.0,0.0,0.71,2.48,0.0
20230131:1630,0.0,0.0,0.0,0.3,2.55,0.0
20230131:1730,0.0,0.0,0.0,-0.41,2.62,0.0
20230131:1830,0.0,0.0,0.0,-1.01,2.62,0.0
20230131:1930,0.0,0.0,0.0,-1.89,2.55,0.0
20230131:2030,0.0,0.0,0.0,-2.02,2.48,0.0
20230131:2130,0.0,0.0,0.0,-2.18,2.55,0.0
20230131:2230,0.0,0.0,0.0,-2.39,2.41,0.0
20230131:2330,0.0,0.0,0.0,-2.81,2.34,0.0
20230201:0030,0.0,0.0,0.0,-2.98,2.28,0.0
20230201:0130,0.0,0.0,0.0,-3.05,2.34,0.0
20230201:0230,0.0,0.0,0.0,-2.54,2.41,0.0
20230201:0330,0.0,0.0,0.0,-2.01,2.34,0.0
20230201:0430,0.0,0.0,0.0,-1.63,2.14,0.0
20230201:0530,0.0,0.0,-1.3,-1.91,2.21,0.0
20230201:0630,109.13,130.81,6.58,-1.87,2.48,0.0
20230201:0730,147.63,168.73,13.2,-1.32,2.48,0.0
20230201:0830,151.84,173.81,18.11,-0.33,3.86,0.0
20230201:0930,239.06,262.47,20.89,0.49,4.55,0.0
20230201:1030,265.11,290.09,21.23,1.12,4.55,0.0
20230201:1130,204.84,228.03,19.11,1.52,5.1,0.0
20230201:1230,128.21,150.48,14.76,1.49,5.24,0.0
20230201:1330,34.66,51.81,8.57,1.28,4.41,0.0
20230201:1430,0.0,3.48,0.99,0.78,4.14,0.0
20230201:1530,0.0,0.0,0.0,0.38,4.07,0.0
20230201:1630,0.0,0.0,0.0,0.33,4.0,0.0
20230201:1730,0.0,0.0,0.0,0.25,3.72,0.0
20230201:1830,0.0,0.0,0.0,0.15,3.59,0.0
20230201:1930,0.0,0.0,0.0,-0.67,3.1,0.0
20230201:2030,0.0,0.0,0.0,-0.51,3.03,0.0
20230201:2130,0.0,0.0,0.0,-0.49,2.9,0.0
20230201:2230,0.0,0.0,0.0,-0.69,2.9,0.0
20230201:2330,0.0,0.0,0.0,-0.76,2.97,0.0
20230202:0030,0.0,0.0,0.0,-0.94,3.1,0.0
20230202:0130,0.0,0.0,0.0,-0.89,3.17,0.0
20230202:0230,0.0,0.0,0.0,-0.92,3.24,0.0
20230202:0330,0.0,0.0,0.0,-0.75,3.17,0.0
20230202:0430,0.0,0.0,0.0,-0.47,3.03,0.0
20230202:0530,0.0,0.0,-1.09,-0.49,2.83,0.0
20230202:0630,25.52,41.08,6.81,-0.74,2.69,0.0
20230202:0730,102.43,123.88,13.45,-0.08,3.38,0.0
20230202:0830,100.57,122.54,18.38,0.77,3.86,0.0
20230202:0930,124.87,148.48,21.17,1.25,3.52,0.0
20230202:1030,103.75,126.81,21.52,1.82,3.72,0.0
20230202:1130,75.75,97.16,19.4,1.96,3.38,0.0
20230202:1230,47.05,66.04,15.04,1.69,2.97,0.0
20230202:1330,22.61,37.95,8.83,1.46,2.9,0.0
20230202:1430,0.32,6.29,1.25,1.12,2.69,0.0
20230202:1530,0.0,0.0,0.0,-0.04,2.76,0.0
20230202:1630,0.0,0.0,0.0,-0.31,2.97,0.0
20230202:1730,0.0,0.0,0.0,-0.5,3.03,0.0
20230202:1830,0.0,0.0,0.0,-0.61,2.69,0.0
20230202:1930,0.0,0.0,0.0,-0.8,2.41,0.0
20230202:2030,0.0,0.0,0.0,-1.3,2.21,0.0
20230202:2130,0.0,0.0,0.0,-1.76,2.07,0.0
20230202:2230,0.0,0.0,0.0,-3.08,2.21,0.0
20230202:2330,0.0,0.0,0.0,-4.0,2.14,0.0
20230203:0030,0.0,0.0,0.0,-3.32,2.07,0.0
20230203:0130,0.0,0.0,0.0,-2.88,1.93,0.0
20230203:0230,0.0,0.0,0.0,-2.51,1.86,0.0
20230203:0330,0.0,0.0,0.0,-2.53,1.93,0.0
20230203:0430,0.0,0.0,0.0,-2.28,2.07,0.0
20230203:0530,0.0,0.0,-0.87,-1.59,2.07,0.0
20230203:0630,53.78,72.69,7.04,-1.2,2.14,0.0
20230203:0730,103.42,124.09,13.7,-1.51,2.0,0.0
20230203:0830,143.61,165.6,18.65,-0.59,2.28,0.0
20230203:0930,168.09,191.26,21.45,0.0,2.28,0.0
20230203:1030,149.97,173.14,21.82,0.53,2.55,0.0
20230203:1130,71.88,91.88,19.69,0.82,2.9,0.0
20230203:1230,56.63,76.12,15.32,0.69,2.34,0.0
20230203:1330,50.15,68.96,9.11,0.73,2.34,0.0
20230203:1430,1.54,8.83,1.51,0.36,1.93,0.0
20230203:1530,0.0,0.0,0.0,-0.58,2.21,0.0
20230203:1630,0.0,0.0,0.0,-1.08,2.34,0.0
20230203:1730,0.0,0.0,0.0,-1.48,2.41,0.0
20230203:1830,0.0,0.0,0.0,-2.06,2.62,0.0
20230203:1930,0.0,0.0,0.0,-2.32,2.76,0.0
20230203:2030,0.0,0.0,0.0,-2.75,2.62,0.0
20230203:2130,0.0,0.0,0.0,-2.67,2.69,0.0
20230203:2230,0.0,0.0,0.0,-2.41,2.69,0.0
20230203:2330,0.0,0.0,0.0,-2.43,2.62,0.0
20230204:0030,0.0,0.0,0.0,-2.42,2.69,0.0
20230204:0130,0.0,0.0,0.0,-2.64,2.62,0.0
20230204:0230,0.0,0.0,0.0,-3.06,2.62,0.0
20230204:0330,0.0,0.0,0.0,-3.1,2.62,0.0
20230204:0430,0.0,0.0,0.0,-3.1,2.62,0.0
20230204:0530,0.0,0.0,-0.65,-3.19,2.69,0.0
20230204:0630,22.36,36.97,7.28,-3.28,2.62,0.0
20230204:0730,66.81,85.35,13.96,-2.89,3.79,0.0
20230204:0830,93.29,113.4,18.93,-2.6,4.0,0.0
20230204:0930,262.72,283.59,21.75,-2.28,4.07,0.0
20230204:1030,337.63,360.68,22.11,-2.0,4.21,0.0
20230204:1130,238.08,259.6,19.99,-1.81,4.34,0.0
20230204:1230,180.4,201.1,15.61,-2.02,4.34,0.0
20230204:1330,77.5,97.05,9.38,-2.42,4.28,0.0
20230204:1430,3.05,11.41,1.77,-2.94,4.0,0.0
20230204:1530,0.0,0.0,0.0,-3.58,3.31,0.0
20230204:1630,0.0,0.0,0.0,-4.22,3.1,0.0
20230204:1730,0.0,0.0,0.0,-4.7,3.1,0.0
20230204:1830,0.0,0.0,0.0,-4.88,3.24,0.0
20230204:1930,0.0,0.0,0.0,-4.46,3.52,0.0
20230204:2030,0.0,0.0,0.0,-4.5,3.38,0.0
20230204:2130,0.0,0.0,0.0,-4.34,3.24,0.0
20230204:2230,0.0,0.0,0.0,-4.27,3.17,0.0
20230204:2330,0.0,0.0,0.0,-4.19,3.24,0.0
20230205:0030,0.0,0.0,0.0,-3.95,3.17,0.0
20230205:0130,0.0,0.0,0.0,-3.93,3.31,0.0
20230205:0230,0.0,0.0,0.0,-3.69,3.24,0.0
20230205:0330,0.0,0.0,0.0,-3.41,3.03,0.0
20230205:0430,0.0,0.0,0.0,-3.26,3.1,0.0
20230205:0530,0.0,0.0,-0.42,-3.14,3.31,0.0
20230205:0630,19.71,33.84,7.53,-3.06,3.17,0.0
20230205:0730,76.29,95.64,14.22,-2.59,4.41,0.0
20230205:0830,165.55,186.11,19.21,-2.06,4.41,0.0
20230205:0930,289.81,311.14,22.04,-1.44,4.48,0.0
20230205:1030,374.71,399.76,22.42,-0.75,4.41,0.0
20230205:1130,299.05,321.58,20.29,-0.34,4.62,0.0
20230205:1230,189.95,211.74,15.9,-0.4,4.69,0.0
20230205:1330,120.27,141.7,9.66,-0.61,4.48,0.0
20230205:1430,2.01,9.68,2.04,-0.98,4.0,0.0
20230205:1530,0.0,0.0,0.0,-1.66,3.59,0.0
20230205:1630,0.0,0.0,0.0,-2.07,3.59,0.0
20230205:1730,0.0,0.0,0.0,-2.23,3.79,0.0
20230205:1830,0.0,0.0,0.0,-2.34,3.86,0.0
20230205:1930,0.0,0.0,0.0,-2.22,3.72,0.0
20230205:2030,0.0,0.0,0.0,-2.3,3.59,0.0
20230205:2130,0.0,0.0,0.0,-2.54,3.38,0.0
20230205:2230,0.0,0.0,0.0,-2.74,3.31,0.0
20230205:2330,0.0,0.0,0.0,-3.02,3.31,0.0
20230206:0030,0.0,0.0,0.0,-3.23,3.17,0.0
20230206:0130,0.0,0.0,0.0,-3.62,3.1,0.0
20230206:0230,0.0,0.0,0.0,-3.77,3.24,0.0
20230206:0330,0.0,0.0,0.0,-3.89,3.45,0.0
20230206:0430,0.0,0.0,0.0,-3.99,3.45,0.0
20230206:0530,0.0,0.0,-0.18,-4.03,3.38,0.0
20230206:0630,34.43,50.66,7.78,-4.26,3.17,0.0
20230206:0730,80.8,100.29,14.49,-3.19,3.52,0.0
20230206:0830,260.21,280.89,19.5,-2.75,3.86,0.0
20230206:0930,625.98,665.26,22.34,-2.27,4.0,0.0
20230206:1030,413.63,439.37,22.72,-1.95,4.0,0.0
20230206:1130,294.11,316.33,20.59,-1.88,4.14,0.0
20230206:1230,184.85,206.06,16.19,-1.87,4.07,0.0
20230206:1330,166.39,188.0,9.94,-2.05,3.93,0.0
20230206:1430,40.99,60.89,2.3,-2.55,3.38,0.0
20230206:1530,0.0,0.0,0.0,-3.5,2.9,0.0
20230206:1630,0.0,0.0,0.0,-4.6,2.55,0.0
20230206:1730,0.0,0.0,0.0,-5.35,2.48,0.0
20230206:1830,0.0,0.0,0.0,-6.0,2.48,0.0
20230206:1930,0.0,0.0,0.0,-6.57,1.86,0.0
20230206:2030,0.0,0.0,0.0,-4.95,1.38,0.0
20230206:2130,0.0,0.0,0.0,-4.01,1.17,0.0
20230206:2230,0.0,0.0,0.0,-3.41,0.83,0.0
20230206:2330,0.0,0.0,0.0,-3.36,0.55,0.0
20230207:0030,0.0,0.0,0.0,-3.29,0.28,0.0
20230207:0130,0.0,0.0,0.0,-3.31,0.55,0.0
20230207:0230,0.0,0.0,0.0,-3.76,0.97,0.0
20230207:0330,0.0,0.0,0.0,-5.56,1.59,0.0
20230207:0430,0.0,0.0,0.0,-6.08,2.07,0.0
20230207:0530,0.0,5.0,0.06,-5.81,2.41,0.0
20230207:0630,83.99,103.03,8.03,-5.48,2.69,0.0
20230207:0730,267.41,286.47,14.77,-4.74,3.03,0.0
20230207:0830,434.4,457.65,19.79,-4.16,3.45,0.0
20230207:0930,389.22,411.21,22.65,-3.74,3.59,0.0
20230207:1030,413.49,436.46,23.03,-3.47,3.72,0.0
20230207:1130,286.73,307.48,20.9,-3.24,3.93,0.0
20230207:1230,176.45,196.63,16.49,-3.28,4.0,0.0
20230207:1330,75.54,94.62,10.22,-3.45,4.0,0.0
20230207:1430,13.77,27.24,2.57,-3.93,3.86,0.0
20230207:1530,0.0,0.0,0.0,-4.36,3.38,0.0
20230207:1630,0.0,0.0,0.0,-4.85,3.45,0.0
20230207:1730,0.0,0.0,0.0,-5.2,3.59,0.0
20230207:1830,0.0,0.0,0.0,-5.51,3.59,0.0
20230207:1930,0.0,0.0,0.0,-5.36,3.31,0.0
20230207:2030,0.0,0.0,0.0,-5.7,3.24,0.0
20230207:2130,0.0,0.0,0.0,-5.98,3.03,0.0
20230207:2230,0.0,0.0,0.0,-6.32,2.83,0.0
20230207:2330,0.0,0.0,0.0,-6.64,2.62,0.0
20230208:0030,0.0,0.0,0.0,-6.99,2.62,0.0
20230208:0130,0.0,0.0,0.0,-7.26,2.83,0.0
20230208:0230,0.0,0.0,0.0,-7.39,3.03,0.0
20230208:0330,0.0,0.0,0.0,-7.55,2.97,0.0
20230208:0430,0.0,0.0,0.0,-7.7,2.83,0.0
20230208:0530,0.25,5.98,0.3,-7.95,2.9,0.0
20230208:0630,53.9,70.86,8.29,-8.18,2.83,0.0
20230208:0730,153.03,170.73,15.05,-8.09,2.28,0.0
20230208:0830,271.28,288.57,20.09,-7.68,2.0,0.0
20230208:0930,438.36,461.5,22.96,-7.11,1.72,0.0
20230208:1030,537.69,570.28,23.35,-6.38,1.66,0.0
20230208:1130,592.22,631.5,21.21,-5.81,1.66,0.0
20230208:1230,457.03,483.42,16.79,-5.44,1.86,0.0
20230208:1330,343.88,367.17,10.5,-5.47,1.93,0.0
20230208:1430,105.26,131.24,2.84,-5.89,2.07,0.0
20230208:1530,0.0,0.0,0.0,-7.41,2.07,0.0
20230208:1630,0.0,0.0,0.0,-8.95,2.21,0.0
20230208:1730,0.0,0.0,0.0,-10.12,2.21,0.0
20230208:1830,0.0,0.0,0.0,-9.95,1.93,0.0
20230208:1930,0.0,0.0,0.0,-11.36,1.93,0.0
20230208:2030,0.0,0.0,0.0,-12.58,2.21,0.0
20230208:2130,0.0,0.0,0.0,-13.55,2.41,0.0
20230208:2230,0.0,0.0,0.0,-14.08,2.48,0.0
20230208:2330,0.0,0.0,0.0,-14.24,2.55,0.0
20230209:0030,0.0,0.0,0.0,-14.2,2.48,0.0
20230209:0130,0.0,0.0,0.0,-13.71,2.41,0.0
20230209:0230,0.0,0.0,0.0,-12.84,2.21,0.0
20230209:0330,0.0,0.0,0.0,-12.14,2.14,0.0
20230209:0430,0.0,0.0,0.0,-11.6,2.07,0.0
20230209:0530,1.13,7.79,0.55,-11.01,2.07,0.0
20230209:0630,133.78,150.75,8.56,-10.79,2.0,0.0
20230209:0730,305.22,318.94,15.33,-9.29,2.34,0.0
20230209:0830,333.52,351.21,20.39,-6.39,2.55,0.0
20230209:0930,348.03,369.59,23.28,-4.17,2.62,0.0
20230209:1030,536.61,570.77,23.67,-3.2,2.62,0.0
20230209:1130,560.85,599.83,21.52,-2.17,2.62,0.0
20230209:1230,430.93,459.75,17.09,-1.75,2.69,0.0
20230209:1330,314.41,340.97,10.79,-1.66,2.62,0.0
20230209:1430,81.25,106.49,3.11,-2.27,1.93,0.0
20230209:1530,0.0,0.0,0.0,-3.45,2.14,0.0
20230209:1630,0.0,0.0,0.0,-4.34,2.14,0.0
20230209:1730,0.0,0.0,0.0,-4.83,2.21,0.0
20230209:1830,0.0,0.0,0.0,-4.98,2.28,0.0
20230209:1930,0.0,0.0,0.0,-4.68,2.55,0.0
20230209:2030,0.0,0.0,0.0,-4.4,2.76,0.0
20230209:2130,0.0,0.0,0.0,-4.38,3.03,0.0
20230209:2230,0.0,0.0,0.0,-4.34,2.97,0.0
20230209:2330,0.0,0.0,0.0,-4.93,2.9,0.0
20230210:0030,0.0,0.0,0.0,-5.48,2.83,0.0
20230210:0130,0.0,0.0,0.0,-6.04,2.9,0.0
20230210:0230,0.0,0.0,0.0,-6.48,2.9,0.0
20230210:0330,0.0,0.0,0.0,-6.87,2.9,0.0
20230210:0430,0.0,0.0,0.0,-6.68,3.1,0.0
20230210:0530,1.32,8.24,0.81,-7.0,3.31,0.0
20230210:0630,280.85,300.34,8.83,-7.16,3.52,0.0
20230210:0730,528.5,551.36,15.62,-6.15,3.66,0.0
20230210:0830,703.04,740.76,20.7,-4.56,4.41,0.0
20230210:0930,777.36,828.23,23.6,-3.08,4.76,0.0
20230210:1030,789.74,846.45,23.99,-1.85,4.9,0.0
20230210:1130,699.09,746.34,21.84,-0.94,5.03,0.0
20230210:1230,502.69,533.71,17.39,-0.46,5.1,0.0
20230210:1330,318.32,344.51,11.08,-0.3,4.83,0.0
20230210:1430,95.13,122.01,3.39,-0.84,4.55,0.0
20230210:1530,0.0,0.0,0.0,-1.76,4.28,0.0
20230210:1630,0.0,0.0,0.0,-2.41,4.0,0.0
20230210:1730,0.0,0.0,0.0,-2.29,3.93,0.0
20230210:1830,0.0,0.0,0.0,-1.82,3.93,0.0
20230210:1930,0.0,0.0,0.0,-1.4,3.79,0.0
20230210:2030,0.0,0.0,0.0,-1.2,3.72,0.0
20230210:2130,0.0,0.0,0.0,-1.53,3.1,0.0
20230210:2230,0.0,0.0,0.0,-2.14,3.03,0.0
20230210:2330,0.0,0.0,0.0,-2.57,3.17,0.0
20230211:0030,0.0,0.0,0.0,-2.75,2.9,0.0
20230211:0130,0.0,0.0,0.0,-3.09,2.97,0.0
20230211:0230,0.0,0.0,0.0,-3.29,3.1,0.0
20230211:0330,0.0,0.0,0.0,-3.13,2.97,0.0
20230211:0430,0.0,0.0,0.0,-2.87,2.97,0.0
20230211:0530,0.68,7.05,1.07,-2.54,3.17,0.0
20230211:0630,18.84,32.91,9.11,-2.14,3.38,0.0
20230211:0730,48.37,66.75,15.91,-1.42,3.1,0.0
20230211:0830,89.43,110.38,21.01,-0.76,4.55,0.0
20230211:0930,127.46,150.25,23.92,-0.16,4.62,0.0
20230211:1030,156.61,180.46,24.32,0.66,5.24,0.0
20230211:1130,128.01,151.26,22.16,1.37,5.79,0.0
20230211:1230,86.95,108.16,17.7,1.54,5.93,0.0
20230211:1330,31.76,48.57,11.37,1.34,5.38,0.0
20230211:1430,14.64,28.85,3.66,1.28,5.52,0.0
20230211:1530,0.0,0.0,0.0,0.95,5.72,0.0
20230211:1630,0.0,0.0,0.0,0.64,6.0,0.0
20230211:1730,0.0,0.0,0.0,0.34,6.14,0.0
20230211:1830,0.0,0.0,0.0,0.2,6.14,0.0
20230211:1930,0.0,0.0,0.0,0.18,5.52,0.0
20230211:2030,0.0,0.0,0.0,0.29,5.52,0.0
20230211:2130,0.0,0.0,0.0,0.52,5.52,0.0
20230211:2230,0.0,0.0,0.0,0.75,5.52,0.0
20230211:2330,0.0,0.0,0.0,0.86,5.79,0.0
20230212:0030,0.0,0.0,0.0,0.86,6.69,0.0
20230212:0130,0.0,0.0,0.0,-0.35,7.59,0.0
20230212:0230,0.0,0.0,0.0,-1.88,7.24,0.0
20230212:0330,0.0,0.0,0.0,-2.57,6.62,0.0
20230212:0430,0.0,0.0,0.0,-3.05,6.21,0.0
20230212:0530,1.61,8.87,1.33,-3.43,6.07,0.0
20230212:0630,224.45,245.64,9.39,-3.81,5.79,0.0
20230212:0730,382.4,401.67,16.21,-3.28,5.52,0.0
20230212:0830,516.54,538.64,21.33,-2.99,6.76,0.0
20230212:0930,621.51,650.82,24.25,-2.35,6.83,0.0
20230212:1030,738.62,781.51,24.65,-1.78,6.41,0.0
20230212:1130,756.07,802.57,22.49,-1.4,6.21,0.0
20230212:1230,561.07,591.02,18.01,-1.15,6.21,0.0
20230212:1330,367.26,392.26,11.66,-1.16,6.14,0.0
20230212:1430,111.86,139.42,3.94,-1.59,5.72,0.0
20230212:1530,0.0,0.0,0.0,-2.31,5.45,0.0
20230212:1630,0.0,0.0,0.0,-3.1,4.97,0.0
20230212:1730,0.0,0.0,0.0,-3.68,4.48,0.0
20230212:1830,0.0,0.0,0.0,-4.2,3.93,0.0
20230212:1930,0.0,0.0,0.0,-3.91,3.79,0.0
20230212:2030,0.0,0.0,0.0,-3.97,3.59,0.0
20230212:2130,0.0,0.0,0.0,-4.11,3.38,0.0
20230212:2230,0.0,0.0,0.0,-4.51,3.24,0.0
20230212:2330,0.0,0.0,0.0,-4.95,3.1,0.0
20230213:0030,0.0,0.0,0.0,-5.03,2.97,0.0
20230213:0130,0.0,0.0,0.0,-5.39,2.9,0.0
20230213:0230,0.0,0.0,0.0,-5.52,2.69,0.0
20230213:0330,0.0,0.0,0.0,-5.93,2.69,0.0
20230213:0430,0.0,0.0,0.0,-4.93,3.03,0.0
20230213:0530,1.38,8.43,1.6,-3.83,3.59,0.0
20230213:0630,42.65,59.95,9.67,-3.07,3.72,0.0
20230213:0730,78.08,97.4,16.52,-1.63,3.93,0.0
20230213:0830,118.38,138.62,21.65,-0.86,4.34,0.0
20230213:0930,98.04,118.95,24.58,0.0,5.86,0.0
20230213:1030,97.04,118.58,24.99,0.68,4.76,0.0
20230213:1130,78.47,99.74,22.81,1.36,4.62,0.0
20230213:1230,70.22,90.66,18.32,1.85,4.69,0.0
20230213:1330,21.0,36.05,11.95,2.01,4.41,0.0
20230213:1430,2.92,11.37,4.21,1.94,4.48,0.0
20230213:1530,0.0,0.0,0.0,1.83,4.55,0.0
20230213:1630,0.0,0.0,0.0,1.79,4.55,0.0
20230213:1730,0.0,0.0,0.0,1.8,4.76,0.0
20230213:1830,0.0,0.0,0.0,1.88,4.97,0.0
20230213:1930,0.0,0.0,0.0,1.82,5.03,0.0
20230213:2030,0.0,0.0,0.0,1.77,5.24,0.0
20230213:2130,0.0,0.0,0.0,1.75,5.31,0.0
20230213:2230,0.0,0.0,0.0,1.68,5.59,0.0
20230213:2330,0.0,0.0,0.0,1.59,5.72,0.0
20230214:0030,0.0,0.0,0.0,1.44,5.72,0.0
20230214:0130,0.0,0.0,0.0,1.11,5.72,0.0
20230214:0230,0.0,0.0,0.0,0.95,5.79,0.0
20230214:0330,0.0,0.0,0.0,1.19,5.79,0.0
20230214:0430,0.0,0.0,0.0,1.46,5.66,0.0
20230214:0530,0.28,6.2,1.88,1.49,5.52,0.0
20230214:0630,88.62,110.36,9.96,1.45,5.38,0.0
20230214:0730,164.81,187.51,16.83,1.84,5.59,0.0
20230214:0830,418.74,446.61,21.97,2.06,6.62,0.0
20230214:0930,359.56,385.5,24.92,2.42,7.38,0.0
20230214:1030,425.77,452.57,25.32,2.11,7.59,0.0
20230214:1130,326.33,350.82,23.14,2.04,7.45,0.0
20230214:1230,232.51,256.06,18.63,2.08,6.9,0.0
20230214:1330,217.48,242.99,12.25,2.14,5.93,0.0
20230214:1430,64.16,88.0,4.49,1.94,6.83,0.0
20230214:1530,0.0,0.0,0.0,1.34,6.34,0.0
20230214:1630,0.0,0.0,0.0,1.2,6.34,0.0
20230214:1730,0.0,0.0,0.0,0.99,6.07,0.0
20230214:1830,0.0,0.0,0.0,0.83,5.79,0.0
20230214:1930,0.0,0.0,0.0,0.46,5.1,0.0
20230214:2030,0.0,0.0,0.0,-0.06,5.03,0.0
20230214:2130,0.0,0.0,0.0,-0.32,4.9,0.0
20230214:2230,0.0,0.0,0.0,-0.53,4.62,0.0
20230214:2330,0.0,0.0,0.0,-0.43,4.55,0.0
20230215:0030,0.0,0.0,0.0,-0.34,4.69,0.0
20230215:0130,0.0,0.0,0.0,-0.39,4.9,0.0
20230215:0230,0.0,0.0,0.0,-0.49,4.97,0.0
20230215:0330,0.0,0.0,0.0,-0.71,4.97,0.0
20230215:0430,0.0,0.0,0.0,-0.96,4.76,0.0
20230215:0530,3.1,11.55,2.16,-1.36,4.48,0.0
20230215:0630,288.03,313.6,10.26,-2.03,4.07,0.0
20230215:0730,563.64,599.6,17.14,-1.38,4.21,0.0
20230215:0830,696.54,747.74,22.3,-0.55,4.41,0.0
20230215:0930,744.49,806.18,25.26,0.4,4.48,0.0
20230215:1030,780.63,849.19,25.67,1.22,4.83,0.0
20230215:1130,682.13,736.44,23.47,1.89,5.17,0.0
20230215:1230,594.57,639.33,18.95,2.16,5.31,0.0
20230215:1330,378.92,411.42,12.54,2.24,5.24,0.0
20230215:1430,126.64,157.28,4.77,1.78,4.34,0.0
20230215:1530,0.0,0.0,-3.91,0.43,3.79,0.0
20230215:1630,0.0,0.0,0.0,-0.79,3.52,0.0
20230215:1730,0.0,0.0,0.0,-1.51,3.38,0.0
20230215:1830,0.0,0.0,0.0,-2.08,3.03,0.0
20230215:1930,0.0,0.0,0.0,-1.96,3.1,0.0
20230215:2030,0.0,0.0,0.0,-2.71,2.62,0.0
20230215:2130,0.0,0.0,0.0,-3.51,2.21,0.0
20230215:2230,0.0,0.0,0.0,-4.13,1.79,0.0
20230215:2330,0.0,0.0,0.0,-4.08,1.24,0.0
20230216:0030,0.0,0.0,0.0,-3.88,1.03,0.0
20230216:0130,0.0,0.0,0.0,-3.4,0.69,0.0
20230216:0230,0.0,0.0,0.0,-3.23,0.48,0.0
20230216:0330,0.0,0.0,0.0,-3.51,0.76,0.0
20230216:0430,0.0,0.0,0.0,-3.52,1.03,0.0
20230216:0530,27.11,45.89,2.44,-3.49,1.31,0.0
20230216:0630,56.25,74.81,10.56,-3.08,1.45,0.0
20230216:0730,149.18,170.75,17.45,-1.95,1.45,0.0
20230216:0830,191.83,215.39,22.63,-1.16,1.52,0.0
20230216:0930,145.13,168.44,25.6,-0.15,1.72,0.0
20230216:1030,229.63,254.27,26.01,0.26,2.0,0.0
20230216:1130,148.84,172.31,23.81,1.04,2.28,0.0
20230216:1230,73.32,93.58,19.26,1.06,2.28,0.0
20230216:1330,25.28,40.95,12.84,0.83,2.48,0.0
20230216:1430,14.94,29.06,5.05,0.33,2.62,0.0
20230216:1530,0.0,0.0,-3.64,-0.2,2.97,0.0
20230216:1630,0.0,0.0,0.0,-0.77,3.03,0.0
20230216:1730,0.0,0.0,0.0,-1.04,3.1,0.0
20230216:1830,0.0,0.0,0.0,-1.35,3.24,0.0
20230216:1930,0.0,0.0,0.0,-0.76,3.38,0.0
20230216:2030,0.0,0.0,0.0,-0.96,3.52,0.0
20230216:2130,0.0,0.0,0.0,-1.15,3.59,0.0
20230216:2230,0.0,0.0,0.0,-1.19,3.59,0.0
20230216:2330,0.0,0.0,0.0,-1.37,3.59,0.0
20230217:0030,0.0,0.0,0.0,-1.47,3.66,0.0
20230217:0130,0.0,0.0,0.0,-1.48,3.66,0.0
20230217:0230,0.0,0.0,0.0,-1.59,3.45,0.0
20230217:0330,0.0,0.0,0.0,-1.68,3.38,0.0
20230217:0430,0.0,0.0,0.0,-1.82,3.31,0.0
20230217:0530,4.7,14.65,2.73,-1.88,3.45,0.0
20230217:0630,20.52,34.95,10.86,-1.81,3.72,0.0
20230217:0730,57.96,76.91,17.78,-1.59,4.34,0.0
20230217:0830,96.99,117.84,22.97,-1.35,4.07,0.0
20230217:0930,151.71,173.69,25.95,-0.93,3.86,0.0
20230217:1030,190.31,212.75,26.36,-0.46,3.72,0.0
20230217:1130,145.34,168.42,24.14,-0.07,3.59,0.0
20230217:1230,130.46,152.73,19.58,0.24,3.45,0.0
20230217:1330,54.05,73.19,13.14,0.31,3.45,0.0
20230217:1430,9.56,21.32,5.34,0.18,3.52,0.0
20230217:1530,0.0,0.0,-3.37,-0.27,2.97,0.0
20230217:1630,0.0,0.0,0.0,-0.65,3.24,0.0
20230217:1730,0.0,0.0,0.0,-0.96,3.52,0.0
20230217:1830,0.0,0.0,0.0,-1.12,3.79,0.0
20230217:1930,0.0,0.0,0.0,-1.87,3.66,0.0
20230217:2030,0.0,0.0,0.0,-1.72,4.0,0.0
20230217:2130,0.0,0.0,0.0,-1.63,4.28,0.0
20230217:2230,0.0,0.0,0.0,-1.6,4.9,0.0
20230217:2330,0.0,0.0,0.0,-1.38,5.1,0.0
20230218:0030,0.0,0.0,0.0,-1.16,5.38,0.0
20230218:0130,0.0,0.0,0.0,-0.92,5.72,0.0
20230218:0230,0.0,0.0,0.0,-0.5,5.79,0.0
20230218:0330,0.0,0.0,0.0,0.0,5.59,0.0
20230218:0430,0.0,0.0,0.0,0.4,5.31,0.0
20230218:0530,0.0,4.01,3.02,0.58,5.17,0.0
20230218:0630,5.61,15.61,11.17,0.72,5.17,0.0
20230218:0730,31.48,48.18,18.1,1.43,4.97,0.0
20230218:0830,103.38,125.75,23.31,3.4,5.93,0.0
20230218:0930,360.67,391.26,26.3,4.09,6.55,0.0
20230218:1030,246.64,274.64,26.71,4.15,6.76,0.0
20230218:1130,135.06,160.35,24.48,3.99,6.69,0.0
20230218:1230,171.11,196.13,19.9,3.99,6.55,0.0
20230218:1330,68.15,89.29,13.44,3.83,6.41,0.0
20230218:1430,14.5,28.26,5.62,3.34,6.28,0.0
20230218:1530,0.0,0.0,-3.1,3.08,6.34,0.0
20230218:1630,0.0,0.0,0.0,2.8,6.48,0.0
20230218:1730,0.0,0.0,0.0,2.71,6.48,0.0
20230218:1830,0.0,0.0,0.0,2.74,6.0,0.0
20230218:1930,0.0,0.0,0.0,2.71,5.79,0.0
20230218:2030,0.0,0.0,0.0,2.32,5.31,0.0
20230218:2130,0.0,0.0,0.0,1.68,4.97,0.0
20230218:2230,0.0,0.0,0.0,1.21,4.76,0.0
20230218:2330,0.0,0.0,0.0,1.37,4.62,0.0
20230219:0030,0.0,0.0,0.0,1.56,4.55,0.0
20230219:0130,0.0,0.0,0.0,1.66,4.55,0.0
20230219:0230,0.0,0.0,0.0,1.61,4.69,0.0
20230219:0330,0.0,0.0,0.0,1.4,4.83,0.0
20230219:0430,0.0,0.0,0.0,1.38,4.76,0.0
20230219:0530,7.42,18.76,3.32,1.34,4.83,0.0
20230219:0630,46.09,64.84,11.48,1.45,4.83,0.0
20230219:0730,196.84,220.84,18.43,1.9,4.9,0.0
20230219:0830,340.0,366.93,23.66,2.6,5.59,0.0
20230219:0930,336.81,363.83,26.65,2.82,7.52,0.0
20230219:1030,263.91,290.94,27.06,3.31,7.38,0.0
20230219:1130,334.85,364.01,24.82,3.58,6.83,0.0
20230219:1230,255.01,282.42,20.22,4.16,6.62,0.0
20230219:1330,101.45,124.78,13.74,3.62,6.0,0.0
20230219:1430,24.47,40.78,5.9,2.91,5.1,0.0
20230219:1530,0.0,0.0,-2.83,2.05,4.28,0.0
20230219:1630,0.0,0.0,0.0,1.01,4.0,0.0
20230219:1730,0.0,0.0,0.0,0.38,4.34,0.0
20230219:1830,0.0,0.0,0.0,0.25,4.76,0.0
20230219:1930,0.0,0.0,0.0,-0.08,4.48,0.0
20230219:2030,0.0,0.0,0.0,-0.71,4.34,0.0
20230219:2130,0.0,0.0,0.0,-1.38,4.41,0.0
20230219:2230,0.0,0.0,0.0,-1.7,4.69,0.0
20230219:2330,0.0,0.0,0.0,-1.83,4.97,0.0
20230220:0030,0.0,0.0,0.0,-2.02,5.1,0.0
20230220:0130,0.0,0.0,0.0,-2.22,5.31,0.0
20230220:0230,0.0,0.0,0.0,-2.4,5.45,0.0
20230220:0330,0.0,0.0,0.0,-2.32,5.59,0.0
20230220:0430,0.0,0.0,0.0,-1.85,5.86,0.0
20230220:0530,7.55,18.64,3.62,-1.33,6.07,0.0
20230220:0630,58.29,77.47,11.8,-0.85,5.66,0.0
20230220:0730,161.34,183.17,18.76,0.09,5.72,0.0
20230220:0830,370.82,394.6,24.01,0.74,8.07,0.0
20230220:0930,194.33,218.55,27.01,1.63,9.03,0.0
20230220:1030,275.23,300.34,27.42,1.82,8.0,0.0
20230220:1130,332.03,358.87,25.17,2.4,7.59,0.0
20230220:1230,108.75,131.74,20.55,2.75,7.31,0.0
20230220:1330,55.76,75.71,14.05,2.27,5.93,0.0
20230220:1430,34.83,52.9,6.19,2.02,5.17,0.0
20230220:1530,0.0,0.0,-2.56,1.29,4.41,0.0
20230220:1630,0.0,0.0,0.0,0.53,4.14,0.0
20230220:1730,0.0,0.0,0.0,0.31,4.34,0.0
20230220:1830,0.0,0.0,0.0,0.39,4.55,0.0
20230220:1930,0.0,0.0,0.0,0.18,3.86,0.0
20230220:2030,0.0,0.0,0.0,0.16,4.28,0.0
20230220:2130,0.0,0.0,0.0,0.21,4.9,0.0
20230220:2230,0.0,0.0,0.0,0.47,5.1,0.0
20230220:2330,0.0,0.0,0.0,0.72,5.17,0.0
20230221:0030,0.0,0.0,0.0,1.9,6.48,0.0
20230221:0130,0.0,0.0,0.0,3.28,7.93,0.0
20230221:0230,0.0,0.0,0.0,3.27,8.14,0.0
20230221:0330,0.0,0.0,0.0,2.88,8.14,0.0
20230221:0430,0.0,0.0,0.0,2.83,7.79,0.0
20230221:0530,5.14,15.53,3.93,2.91,7.52,0.0
20230221:0630,61.06,81.37,12.12,2.87,7.38,0.0
20230221:0730,235.44,259.7,19.1,3.11,8.07,0.0
20230221:0830,309.57,336.87,24.36,3.55,7.52,0.0
20230221:0930,420.24,454.95,27.37,4.38,6.9,0.0
20230221:1030,428.37,465.84,27.78,5.13,6.97,0.0
20230221:1130,358.51,392.69,25.51,5.5,6.97,0.0
20230221:1230,275.02,304.15,20.87,4.69,6.97,0.0
20230221:1330,168.48,195.02,14.35,5.14,6.41,0.0
20230221:1430,48.83,70.44,6.47,4.07,6.76,0.0
20230221:1530,0.0,0.0,-2.29,2.74,6.41,0.0
20230221:1630,0.0,0.0,0.0,1.87,5.52,0.0
20230221:1730,0.0,0.0,0.0,1.14,5.17,0.0
20230221:1830,0.0,0.0,0.0,0.26,4.55,0.0
20230221:1930,0.0,0.0,0.0,0.06,4.55,0.0
20230221:2030,0.0,0.0,0.0,-0.53,4.41,0.0
20230221:2130,0.0,0.0,0.0,-1.35,4.41,0.0
20230221:2230,0.0,0.0,0.0,-2.25,4.34,0.0
20230221:2330,0.0,0.0,0.0,-3.27,4.34,0.0
20230222:0030,0.0,0.0,0.0,-4.17,4.21,0.0
20230222:0130,0.0,0.0,0.0,-4.92,4.07,0.0
20230222:0230,0.0,0.0,0.0,-5.38,3.79,0.0
20230222:0330,0.0,0.0,0.0,-5.45,3.66,0.0
20230222:0430,0.0,0.0,0.0,-5.43,4.0,0.0
20230222:0530,10.92,23.05,4.24,-5.59,3.93,0.0
20230222:0630,50.68,68.09,12.44,-5.57,4.0,0.0
20230222:0730,158.11,176.84,19.44,-5.72,3.66,0.0
20230222:0830,196.92,216.53,24.71,-5.28,3.31,0.0
20230222:0930,301.13,321.03,27.74,-4.81,3.38,0.0
20230222:1030,321.55,342.66,28.14,-4.21,3.52,0.0
20230222:1130,299.05,320.36,25.86,-3.76,3.72,0.0
20230222:1230,245.52,266.12,21.2,-3.51,3.93,0.0
20230222:1330,146.36,167.05,14.65,-3.53,3.93,0.0
20230222:1430,42.26,60.24,6.75,-3.79,3.93,0.0
20230222:1530,0.0,0.0,-2.02,-4.3,3.79,0.0
20230222:1630,0.0,0.0,0.0,-4.78,3.59,0.0
20230222:1730,0.0,0.0,0.0,-5.19,3.45,0.0
20230222:1830,0.0,0.0,0.0,-5.66,3.38,0.0
20230222:1930,0.0,0.0,0.0,-5.68,3.31,0.0
20230222:2030,0.0,0.0,0.0,-6.49,3.52,0.0
20230222:2130,0.0,0.0,0.0,-7.26,3.17,0.0
20230222:2230,0.0,0.0,0.0,-7.72,2.83,0.0
20230222:2330,0.0,0.0,0.0,-8.01,2.48,0.0
20230223:0030,0.0,0.0,0.0,-8.23,2.34,0.0
20230223:0130,0.0,0.0,0.0,-8.4,2.34,0.0
20230223:0230,0.0,0.0,0.0,-8.5,2.34,0.0
20230223:0330,0.0,0.0,0.0,-8.6,2.28,0.0
20230223:0430,0.0,0.0,-4.41,-8.7,2.21,0.0
20230223:0530,117.39,146.55,4.55,-8.79,2.14,0.0
20230223:0630,360.56,380.5,12.77,-8.25,2.55,0.0
20230223:0730,595.92,626.98,19.78,-6.79,2.55,0.0
20230223:0830,765.34,825.39,25.07,-5.48,2.28,0.0
20230223:0930,836.78,921.91,28.1,-4.15,2.0,0.0
20230223:1030,837.92,932.41,28.5,-2.99,1.79,0.0
20230223:1130,773.5,853.8,26.21,-2.13,1.93,0.0
20230223:1230,636.65,693.38,21.53,-1.63,1.86,0.0
20230223:1330,429.74,466.51,14.96,-1.52,1.59,0.0
20230223:1430,175.56,207.32,7.04,-1.75,1.52,0.0
20230223:1530,0.0,0.0,-1.74,-2.67,1.66,0.0
20230223:1630,0.0,0.0,0.0,-4.18,2.28,0.0
20230223:1730,0.0,0.0,0.0,-5.17,2.34,0.0
20230223:1830,0.0,0.0,0.0,-5.69,2.55,0.0
20230223:1930,0.0,0.0,0.0,-5.57,2.83,0.0
20230223:2030,0.0,0.0,0.0,-5.44,3.03,0.0
20230223:2130,0.0,0.0,0.0,-5.14,3.31,0.0
20230223:2230,0.0,0.0,0.0,-4.66,3.66,0.0
20230223:2330,0.0,0.0,0.0,-4.09,3.93,0.0
20230224:0030,0.0,0.0,0.0,-3.71,4.21,0.0
20230224:0130,0.0,0.0,0.0,-3.51,4.62,0.0
20230224:0230,0.0,0.0,0.0,-3.23,4.9,0.0
20230224:0330,0.0,0.0,0.0,-2.92,5.1,0.0
20230224:0430,0.0,0.0,-4.1,-2.71,5.38,0.0
20230224:0530,17.52,31.5,4.87,-2.43,5.66,0.0
20230224:0630,97.43,118.12,13.1,-1.84,5.79,0.0
20230224:0730,101.4,122.75,20.13,-0.93,5.72,0.0
20230224:0830,184.16,206.8,25.43,0.11,6.48,0.0
20230224:0930,290.88,315.85,28.47,1.22,7.31,0.0
20230224:1030,288.55,314.72,28.87,2.22,6.69,0.0
20230224:1130,279.97,306.69,26.56,2.81,6.41,0.0
20230224:1230,158.69,183.03,21.85,3.06,6.34,0.0
20230224:1330,63.01,83.53,15.26,2.33,5.03,0.0
20230224:1430,16.33,30.28,7.33,1.89,5.17,0.0
20230224:1530,0.0,0.0,-1.47,1.71,5.31,0.0
20230224:1630,0.0,0.0,0.0,1.87,5.45,0.0
20230224:1730,0.0,0.0,0.0,2.05,5.59,0.0
20230224:1830,0.0,0.0,0.0,2.18,5.66,0.0
20230224:1930,0.0,0.0,0.0,1.54,5.1,0.0
20230224:2030,0.0,0.0,0.0,1.6,4.9,0.0
20230224:2130,0.0,0.0,0.0,1.79,4.9,0.0
20230224:2230,0.0,0.0,0.0,2.04,4.9,0.0
20230224:2330,0.0,0.0,0.0,2.24,4.83,0.0
20230225:0030,0.0,0.0,0.0,2.3,4.62,0.0
20230225:0130,0.0,0.0,0.0,2.26,4.41,0.0
20230225:0230,0.0,0.0,0.0,2.11,4.14,0.0
20230225:0330,0.0,0.0,0.0,1.84,3.93,0.0
20230225:0430,0.0,0.0,-3.79,1.33,4.0,0.0
20230225:0530,57.63,82.06,5.19,0.81,4.21,0.0
20230225:0630,177.71,202.6,13.43,1.22,4.62,0.0
20230225:0730,201.56,226.74,20.48,2.44,5.03,0.0
20230225:0830,192.5,219.37,25.8,3.5,5.45,0.0
20230225:0930,343.94,375.93,28.85,4.83,6.97,0.0
20230225:1030,378.6,414.85,29.24,6.32,7.1,0.0
20230225:1130,303.28,337.99,26.91,7.71,7.24,0.0
20230225:1230,309.79,345.43,22.18,8.07,6.41,0.0
20230225:1330,226.93,259.49,15.57,8.15,5.79,0.0
20230225:1430,84.18,111.59,7.61,7.63,5.45,0.0
20230225:1530,0.0,0.0,-1.2,6.94,5.24,0.0
20230225:1630,0.0,0.0,0.0,6.14,5.24,0.0
20230225:1730,0.0,0.0,0.0,6.01,5.1,0.0
20230225:1830,0.0,0.0,0.0,5.4,5.59,0.0
20230225:1930,0.0,0.0,0.0,3.31,5.79,0.0
20230225:2030,0.0,0.0,0.0,2.2,4.41,0.0
20230225:2130,0.0,0.0,0.0,1.9,4.28,0.0
20230225:2230,0.0,0.0,0.0,1.79,4.48,0.0
20230225:2330,0.0,0.0,0.0,1.82,4.55,0.0
20230226:0030,0.0,0.0,0.0,1.74,4.48,0.0
20230226:0130,0.0,0.0,0.0,1.84,4.69,0.0
20230226:0230,0.0,0.0,0.0,1.81,5.03,0.0
20230226:0330,0.0,0.0,0.0,1.57,5.17,0.0
20230226:0430,0.0,0.0,-3.47,1.43,4.97,0.0
20230226:0530,22.52,39.42,5.51,1.31,4.69,0.0
20230226:0630,37.5,55.27,13.77,1.64,4.62,0.0
20230226:0730,246.92,272.97,20.83,1.81,3.86,0.0
20230226:0830,427.66,460.35,26.17,2.86,5.45,0.0
20230226:0930,360.52,392.56,29.22,3.75,5.72,0.0
20230226:1030,208.3,236.24,29.61,4.7,5.45,0.0
20230226:1130,165.76,191.93,27.27,4.63,5.17,0.0
20230226:1230,206.19,233.04,22.51,4.65,5.03,0.0
20230226:1330,130.83,156.07,15.87,4.76,4.9,0.0
20230226:1430,67.18,90.97,7.9,4.52,3.59,0.0
20230226:1530,0.0,0.0,-0.93,3.71,2.41,0.0
20230226:1630,0.0,0.0,0.0,2.18,2.21,0.0
20230226:1730,0.0,0.0,0.0,0.67,2.28,0.0
20230226:1830,0.0,0.0,0.0,-0.11,2.28,0.0
20230226:1930,0.0,0.0,0.0,0.75,2.41,0.0
20230226:2030,0.0,0.0,0.0,0.02,2.62,0.0
20230226:2130,0.0,0.0,0.0,-0.74,2.48,0.0
20230226:2230,0.0,0.0,0.0,-1.52,2.48,0.0
20230226:2330,0.0,0.0,0.0,-2.07,2.41,0.0
20230227:0030,0.0,0.0,0.0,-2.45,2.28,0.0
20230227:0130,0.0,0.0,0.0,-3.06,2.07,0.0
20230227:0230,0.0,0.0,0.0,-3.49,1.72,0.0
20230227:0330,0.0,0.0,0.0,-3.95,1.59,0.0
20230227:0430,0.0,0.0,-3.15,-3.61,1.45,0.0
20230227:0530,26.27,42.18,5.84,-3.19,1.66,0.0
20230227:0630,82.79,103.08,14.11,-2.52,2.41,0.0
20230227:0730,218.2,241.29,21.19,-1.91,2.9,0.0
20230227:0830,347.99,375.44,26.54,-1.28,2.9,0.0
20230227:0930,512.15,551.86,29.6,-0.72,2.97,0.0
20230227:1030,473.21,511.81,29.98,0.01,2.76,0.0
20230227:1130,421.27,456.23,27.62,0.37,2.48,0.0
20230227:1230,286.6,314.3,22.84,0.49,2.48,0.0
20230227:1330,111.38,134.11,16.18,0.44,2.76,0.0
20230227:1430,45.6,64.74,8.18,0.17,2.97,0.0
20230227:1530,0.0,0.0,-0.65,-0.23,3.03,0.0
20230227:1630,0.0,0.0,0.0,-0.98,2.62,0.0
20230227:1730,0.0,0.0,0.0,-1.51,2.62,0.0
20230227:1830,0.0,0.0,0.0,-1.91,2.55,0.0
20230227:1930,0.0,0.0,0.0,-2.08,2.76,0.0
20230227:2030,0.0,0.0,0.0,-2.21,3.1,0.0
20230227:2130,0.0,0.0,0.0,-2.5,2.97,0.0
20230227:2230,0.0,0.0,0.0,-2.76,2.48,0.0
20230227:2330,0.0,0.0,0.0,-2.94,2.48,0.0
20230228:0030,0.0,0.0,0.0,-3.08,2.34,0.0
20230228:0130,0.0,0.0,0.0,-3.19,2.41,0.0
20230228:0230,0.0,0.0,0.0,-3.28,2.28,0.0
20230228:0330,0.0,0.0,0.0,-3.38,2.21,0.0
20230228:0430,0.0,0.0,-2.83,-3.41,2.07,0.0
20230228:0530,19.22,33.55,6.17,-3.36,2.41,0.0
20230228:0630,83.04,102.86,14.45,-3.13,3.03,0.0
20230228:0730,105.96,126.48,21.55,-2.67,3.38,0.0
20230228:0830,167.96,190.1,26.91,-2.27,3.45,0.0
20230228:0930,350.25,375.78,29.98,-1.58,3.52,0.0
20230228:1030,387.06,415.94,30.35,-0.49,4.0,0.0
20230228:1130,394.27,423.41,27.98,0.08,4.41,0.0
20230228:1230,375.64,403.96,23.18,0.52,4.62,0.0
20230228:1330,264.91,290.83,16.49,0.78,4.69,0.0
20230228:1430,138.23,166.77,8.47,0.54,4.69,0.0
20230228:1530,0.0,0.0,-0.38,-0.35,3.86,0.0
20230228:1630,0.0,0.0,0.0,-1.78,3.79,0.0
20230228:1730,0.0,0.0,0.0,-2.36,4.07,0.0
20230228:1830,0.0,0.0,0.0,-2.6,4.28,0.0
20230228:1930,0.0,0.0,0.0,-2.23,4.69,0.0
20230228:2030,0.0,0.0,0.0,-2.29,4.76,0.0
20230228:2130,0.0,0.0,0.0,-2.29,4.9,0.0
20230228:2230,0.0,0.0,0.0,-2.4,4.9,0.0
20230228:2330,0.0,0.0,0.0,-2.12,4.9,0.0
20230301:0030,0.0,0.0,0.0,-1.64,5.03,0.0
20230301:0130,0.0,0.0,0.0,-1.14,5.17,0.0
20230301:0230,0.0,0.0,0.0,-0.86,5.31,0.0
20230301:0330,0.0,0.0,0.0,-0.68,5.45,0.0
20230301:0430,0.0,0.0,-2.51,-0.48,5.45,0.0
20230301:0530,8.53,19.75,6.5,-0.34,5.52,0.0
20230301:0630,33.7,50.63,14.8,0.02,4.41,0.0
20230301:0730,97.26,119.02,21.91,0.68,4.62,0.0
20230301:0830,193.81,218.33,27.29,1.52,6.48,0.0
20230301:0930,196.14,221.65,30.36,2.64,6.07,0.0
20230301:1030,331.81,360.67,30.73,2.82,5.45,0.0
20230301:1130,393.07,424.89,28.33,3.03,5.31,0.0
20230301:1230,181.11,206.89,23.51,3.06,5.1,0.0
20230301:1330,154.67,179.5,16.79,2.59,4.76,0.0
20230301:1430,74.84,98.72,8.76,2.35,4.07,0.0
20230301:1530,0.0,0.0,-0.11,1.54,3.17,0.0
20230301:1630,0.0,0.0,0.0,0.56,2.76,0.0
20230301:1730,0.0,0.0,0.0,-0.06,2.69,0.0
20230301:1830,0.0,0.0,0.0,-0.39,2.83,0.0
20230301:1930,0.0,0.0,0.0,-0.54,3.1,0.0
20230301:2030,0.0,0.0,0.0,-1.26,3.03,0.0
20230301:2130,0.0,0.0,0.0,-2.08,2.97,0.0
20230301:2230,0.0,0.0,0.0,-2.64,3.03,0.0
20230301:2330,0.0,0.0,0.0,-2.84,3.31,0.0
20230302:0030,0.0,0.0,0.0,-2.58,3.72,0.0
20230302:0130,0.0,0.0,0.0,-2.24,4.21,0.0
20230302:0230,0.0,0.0,0.0,-1.9,4.41,0.0
20230302:0330,0.0,0.0,0.0,-2.01,4.41,0.0
20230302:0430,0.0,0.0,-2.18,-2.14,4.28,0.0
20230302:0530,90.8,117.53,6.84,-2.12,4.07,0.0
20230302:0630,268.64,294.02,15.15,-1.33,3.52,0.0
20230302:0730,470.11,503.62,22.27,0.29,4.07,0.0
20230302:0830,501.35,539.65,27.66,1.65,4.21,0.0
20230302:0930,324.71,355.06,30.74,2.57,3.93,0.0
20230302:1030,250.03,278.6,31.1,3.11,4.07,0.0
20230302:1130,202.36,229.6,28.69,3.38,4.41,0.0
20230302:1230,132.77,157.7,23.84,3.56,4.69,0.0
20230302:1330,67.51,88.88,17.1,3.51,4.69,0.0
20230302:1430,21.75,37.14,9.04,3.33,4.41,0.0
20230302:1530,0.0,3.28,0.17,2.87,3.59,0.0
20230302:1630,0.0,0.0,0.0,2.31,3.45,0.0
20230302:1730,0.0,0.0,0.0,1.97,3.45,0.0
20230302:1830,0.0,0.0,0.0,1.88,3.59,0.0
20230302:1930,0.0,0.0,0.0,1.31,3.45,0.0
20230302:2030,0.0,0.0,0.0,1.34,3.45,0.0
20230302:2130,0.0,0.0,0.0,1.28,3.38,0.0
20230302:2230,0.0,0.0,0.0,1.07,3.24,0.0
20230302:2330,0.0,0.0,0.0,0.92,3.38,0.0
20230303:0030,0.0,0.0,0.0,0.71,3.52,0.0
20230303:0130,0.0,0.0,0.0,0.68,3.59,0.0
20230303:0230,0.0,0.0,0.0,0.52,3.59,0.0
20230303:0330,0.0,0.0,0.0,0.33,3.59,0.0
20230303:0430,0.0,0.0,-1.85,0.17,3.66,0.0
20230303:0530,19.92,34.93,7.17,0.24,3.66,0.0
20230303:0630,126.38,149.53,15.5,0.52,3.31,0.0
20230303:0730,262.46,288.49,22.64,1.62,4.69,0.0
20230303:0830,337.07,367.63,28.04,2.59,4.76,0.0
20230303:0930,285.2,315.04,31.13,3.53,4.9,0.0
20230303:1030,296.32,326.81,31.48,4.07,5.24,0.0
20230303:1130,192.87,220.76,29.05,4.67,5.38,0.0
20230303:1230,166.79,193.42,24.17,5.02,5.38,0.0
20230303:1330,70.77,92.71,17.41,5.2,5.38,0.0
20230303:1430,32.87,51.43,9.33,4.71,4.34,0.0
20230303:1530,0.0,3.73,0.44,3.94,3.79,0.0
20230303:1630,0.0,0.0,0.0,3.12,3.59,0.0
20230303:1730,0.0,0.0,0.0,2.06,3.59,0.0
20230303:1830,0.0,0.0,0.0,0.85,3.45,0.0
20230303:1930,0.0,0.0,0.0,0.57,3.31,0.0
20230303:2030,0.0,0.0,0.0,-0.3,3.59,0.0
20230303:2130,0.0,0.0,0.0,-0.64,3.93,0.0
20230303:2230,0.0,0.0,0.0,-1.07,3.79,0.0
20230303:2330,0.0,0.0,0.0,-1.53,3.38,0.0
20230304:0030,0.0,0.0,0.0,-2.07,3.45,0.0
20230304:0130,0.0,0.0,0.0,-2.35,3.66,0.0
20230304:0230,0.0,0.0,0.0,-2.11,4.14,0.0
20230304:0330,0.0,0.0,0.0,-1.45,4.34,0.0
20230304:0430,0.0,0.0,-1.52,-1.01,4.48,0.0
20230304:0530,53.44,74.86,7.51,-0.76,5.1,0.0
20230304:0630,72.91,93.15,15.85,-0.43,5.45,0.0
20230304:0730,67.47,87.72,23.01,0.2,7.17,0.0
20230304:0830,273.29,297.29,28.43,0.54,6.97,0.0
20230304:0930,145.06,168.67,31.52,1.08,7.52,0.0
20230304:1030,115.71,138.51,31.86,0.92,7.31,0.0
20230304:1130,93.42,115.37,29.41,0.98,7.72,0.0
20230304:1230,110.16,131.68,24.51,1.2,7.93,0.0
20230304:1330,47.56,66.47,17.71,1.49,7.93,0.0
20230304:1430,38.32,56.86,9.61,1.33,6.69,0.0
20230304:1530,0.04,5.61,0.71,1.05,6.83,0.0
20230304:1630,0.0,0.0,0.0,0.55,6.48,0.0
20230304:1730,0.0,0.0,0.0,0.29,6.34,0.0
20230304:1830,0.0,0.0,0.0,0.02,6.69,0.0
20230304:1930,0.0,0.0,0.0,0.37,7.24,0.0
20230304:2030,0.0,0.0,0.0,-0.04,7.72,0.0
20230304:2130,0.0,0.0,0.0,-0.76,6.62,0.0
20230304:2230,0.0,0.0,0.0,-1.74,6.41,0.0
20230304:2330,0.0,0.0,0.0,-2.55,6.14,0.0
20230305:0030,0.0,0.0,0.0,-3.32,6.14,0.0
20230305:0130,0.0,0.0,0.0,-3.67,6.28,0.0
20230305:0230,0.0,0.0,0.0,-3.79,6.48,0.0
20230305:0330,0.0,0.0,0.0,-3.73,6.55,0.0
20230305:0430,0.0,0.0,-1.18,-3.71,6.48,0.0
20230305:0530,140.32,169.97,7.86,-3.46,6.28,0.0
20230305:0630,186.57,208.1,16.21,-2.6,5.38,0.0
20230305:0730,233.22,255.18,23.38,-1.29,6.83,0.0
20230305:0830,290.25,312.63,28.81,-0.66,7.59,0.0
20230305:0930,269.76,293.73,31.91,-0.04,7.38,0.0
20230305:1030,306.52,330.92,32.24,0.35,6.9,0.0
20230305:1130,305.47,330.96,29.77,0.82,6.62,0.0
20230305:1230,213.02,236.94,24.84,1.05,6.41,0.0
20230305:1330,285.5,311.5,18.02,0.93,5.79,0.0
20230305:1430,197.01,230.07,9.9,0.88,5.1,0.0
20230305:1530,0.72,7.17,0.98,-0.01,4.0,0.0
20230305:1630,0.0,0.0,0.0,-1.59,3.45,0.0
20230305:1730,0.0,0.0,0.0,-2.61,3.31,0.0
20230305:1830,0.0,0.0,0.0,-3.15,3.31,0.0
20230305:1930,0.0,0.0,0.0,-3.26,3.45,0.0
20230305:2030,0.0,0.0,0.0,-3.58,3.24,0.0
20230305:2130,0.0,0.0,0.0,-3.89,3.17,0.0
20230305:2230,0.0,0.0,0.0,-4.14,3.1,0.0
20230305:2330,0.0,0.0,0.0,-4.4,3.1,0.0
20230306:0030,0.0,0.0,0.0,-4.6,3.24,0.0
20230306:0130,0.0,0.0,0.0,-4.31,3.24,0.0
20230306:0230,0.0,0.0,0.0,-3.91,3.24,0.0
20230306:0330,0.0,0.0,0.0,-3.33,3.03,0.0
20230306:0430,0.0,0.0,-0.84,-3.27,2.62,0.0
20230306:0530,101.01,127.12,8.2,-3.67,2.48,0.0
20230306:0630,232.12,254.75,16.57,-3.22,2.62,0.0
20230306:0730,476.22,505.97,23.76,-1.78,3.66,0.0
20230306:0830,716.78,775.4,29.2,-0.57,3.79,0.0
20230306:0930,809.08,886.94,32.3,0.59,4.14,0.0
20230306:1030,757.52,829.84,32.63,1.5,4.14,0.0
20230306:1130,667.17,725.99,30.13,1.99,4.28,0.0
20230306:1230,425.71,460.32,25.17,2.21,4.62,0.0
20230306:1330,256.07,283.31,18.33,2.06,4.76,0.0
20230306:1430,169.34,200.78,10.18,1.52,4.21,0.0
20230306:1530,1.4,8.56,1.26,0.54,2.9,0.0
20230306:1630,0.0,0.0,0.0,-1.37,2.55,0.0
20230306:1730,0.0,0.0,0.0,-2.47,2.55,0.0
20230306:1830,0.0,0.0,0.0,-2.95,2.62,0.0
20230306:1930,0.0,0.0,0.0,-3.23,2.62,0.0
20230306:2030,0.0,0.0,0.0,-3.36,2.76,0.0
20230306:2130,0.0,0.0,0.0,-3.34,2.9,0.0
20230306:2230,0.0,0.0,0.0,-3.1,2.97,0.0
20230306:2330,0.0,0.0,0.0,-2.93,2.97,0.0
20230307:0030,0.0,0.0,0.0,-2.53,3.17,0.0
20230307:0130,0.0,0.0,0.0,-2.29,3.66,0.0
20230307:0230,0.0,0.0,0.0,-1.89,4.07,0.0
20230307:0330,0.0,0.0,0.0,-1.5,3.93,0.0
20230307:0430,0.0,0.0,-0.5,-1.08,4.07,0.0
20230307:0530,31.5,48.25,8.55,-0.71,4.28,0.0
20230307:0630,93.92,115.6,16.93,0.07,4.21,0.0
20230307:0730,125.57,148.92,24.13,0.81,4.48,0.0
20230307:0830,107.37,130.6,29.59,1.59,5.45,0.0
20230307:0930,239.61,265.56,32.69,2.0,6.0,0.0
20230307:1030,269.66,298.23,33.01,3.46,5.45,0.0
20230307:1130,295.52,326.12,30.49,4.22,4.83,0.0
20230307:1230,331.91,363.32,25.5,4.54,4.48,0.0
20230307:1330,289.16,320.75,18.63,4.46,4.41,0.0
20230307:1430,153.2,185.89,10.47,4.03,3.17,0.0
20230307:1530,1.71,9.23,1.53,2.99,2.14,0.0
20230307:1630,0.0,0.0,0.0,1.31,2.07,0.0
20230307:1730,0.0,0.0,0.0,-0.33,2.0,0.0
20230307:1830,0.0,0.0,0.0,-1.48,1.93,0.0
20230307:1930,0.0,0.0,0.0,-1.41,1.86,0.0
20230307:2030,0.0,0.0,0.0,-1.05,2.0,0.0
20230307:2130,0.0,0.0,0.0,-0.52,2.21,0.0
20230307:2230,0.0,0.0,0.0,-0.18,2.48,0.0
20230307:2330,0.0,0.0,0.0,-0.08,2.9,0.0
20230308:0030,0.0,0.0,0.0,0.1,3.31,0.0
20230308:0130,0.0,0.0,0.0,0.25,3.59,0.0
20230308:0230,0.0,0.0,0.0,0.35,4.0,0.0
20230308:0330,0.0,0.0,0.0,0.43,4.41,0.0
20230308:0430,0.0,0.0,-0.16,0.43,4.83,0.0
20230308:0530,58.96,80.28,8.9,0.42,4.83,0.0
20230308:0630,136.45,159.77,17.29,1.02,4.83,0.0
20230308:0730,284.99,312.85,24.51,2.11,4.41,0.0
20230308:0830,351.91,385.05,29.98,3.66,4.97,0.0
20230308:0930,448.22,490.62,33.09,5.13,5.1,0.0
20230308:1030,424.97,467.88,33.39,6.43,5.45,0.0
20230308:1130,394.57,435.19,30.85,7.12,5.72,0.0
20230308:1230,318.62,354.35,25.84,8.1,6.14,0.0
20230308:1330,321.43,359.42,18.94,8.17,5.72,0.0
20230308:1430,130.51,163.14,10.75,8.16,5.31,0.0
20230308:1530,1.27,8.47,1.8,6.66,5.24,0.0
20230308:1630,0.0,0.0,0.0,4.7,4.0,0.0
20230308:1730,0.0,0.0,0.0,3.4,2.97,0.0
20230308:1830,0.0,0.0,0.0,1.81,2.69,0.0
20230308:1930,0.0,0.0,0.0,0.36,2.62,0.0
20230308:2030,0.0,0.0,0.0,-0.49,2.69,0.0
20230308:2130,0.0,0.0,0.0,-1.03,2.48,0.0
20230308:2230,0.0,0.0,0.0,-1.57,2.34,0.0
20230308:2330,0.0,0.0,0.0,-1.92,2.34,0.0
20230309:0030,0.0,0.0,0.0,-1.77,2.55,0.0
20230309:0130,0.0,0.0,0.0,-0.73,2.9,0.0
20230309:0230,0.0,0.0,0.0,-0.07,3.52,0.0
20230309:0330,0.0,0.0,0.0,0.45,3.86,0.0
20230309:0430,0.0,4.92,0.19,1.02,4.28,0.0
20230309:0530,25.47,41.85,9.25,1.79,4.69,0.0
20230309:0630,94.19,116.85,17.65,2.69,4.76,0.0
20230309:0730,83.64,106.41,24.89,3.66,5.31,0.0
20230309:0830,278.21,307.61,30.37,4.59,5.59,0.0
20230309:0930,491.63,540.27,33.48,6.43,5.1,0.0
20230309:1030,726.85,816.12,33.78,8.22,4.9,0.0
20230309:1130,499.87,556.37,31.22,9.95,5.38,0.0
20230309:1230,206.27,239.28,26.17,10.25,4.21,0.0
20230309:1330,31.35,49.85,19.24,9.78,1.79,0.0
20230309:1430,9.36,21.63,11.04,8.46,0.28,0.0
20230309:1530,0.0,3.75,2.07,6.91,1.24,0.0
20230309:1630,0.0,0.0,0.0,5.06,3.1,0.0
20230309:1730,0.0,0.0,0.0,3.19,3.93,0.0
20230309:1830,0.0,0.0,0.0,1.63,4.34,0.0
20230309:1930,0.0,0.0,0.0,0.37,4.34,0.0
20230309:2030,0.0,0.0,0.0,-0.24,4.21,0.0
20230309:2130,0.0,0.0,0.0,-0.69,4.41,0.0
20230309:2230,0.0,0.0,0.0,-1.04,4.55,0.0
20230309:2330,0.0,0.0,0.0,-1.28,4.83,0.0
20230310:0030,0.0,0.0,0.0,-1.45,4.48,0.0
20230310:0130,0.0,0.0,0.0,-1.58,3.79,0.0
20230310:0230,0.0,0.0,0.0,-1.59,3.31,0.0
20230310:0330,0.0,0.0,0.0,-1.63,2.97,0.0
20230310:0430,1.36,8.43,0.53,-2.0,2.69,0.0
20230310:0530,152.0,183.08,9.61,-2.4,2.28,0.0
20230310:0630,388.55,420.6,18.02,-1.92,2.28,0.0
20230310:0730,601.21,654.72,25.27,-0.38,2.21,0.0
20230310:0830,737.07,820.7,30.76,0.94,2.14,0.0
20230310:0930,762.57,861.67,33.88,2.13,1.93,0.0
20230310:1030,758.34,856.29,34.17,3.18,2.28,0.0
20230310:1130,649.36,721.33,31.58,4.11,2.9,0.0
20230310:1230,418.4,458.87,26.5,4.69,3.31,0.0
20230310:1330,159.42,186.1,19.55,4.83,3.72,0.0
20230310:1430,53.62,75.34,11.32,4.69,3.79,0.0
20230310:1530,5.87,20.36,2.34,4.44,3.86,0.0
20230310:1630,0.0,0.0,0.0,3.89,4.07,0.0
20230310:1730,0.0,0.0,0.0,3.71,4.28,0.0
20230310:1830,0.0,0.0,0.0,3.58,4.83,0.0
20230310:1930,0.0,0.0,0.0,1.91,4.76,0.0
20230310:2030,0.0,0.0,0.0,1.86,5.1,0.0
20230310:2130,0.0,0.0,0.0,2.05,5.31,0.0
20230310:2230,0.0,0.0,0.0,1.88,5.31,0.0
20230310:2330,0.0,0.0,0.0,1.79,5.31,0.0
20230311:0030,0.0,0.0,0.0,1.92,5.17,0.0
20230311:0130,0.0,0.0,0.0,1.88,4.9,0.0
20230311:0230,0.0,0.0,0.0,1.84,4.83,0.0
20230311:0330,0.0,0.0,0.0,1.82,4.9,0.0
20230311:0430,2.29,10.26,0.88,1.81,5.03,0.0
20230311:0530,78.63,102.56,9.96,2.05,5.17,0.0
20230311:0630,220.08,248.03,18.39,3.17,5.24,0.0
20230311:0730,268.24,298.88,25.65,4.43,5.17,0.0
20230311:0830,304.45,338.37,31.16,5.94,5.66,0.0
20230311:0930,183.46,214.36,34.28,7.27,5.93,0.0
20230311:1030,181.85,212.68,34.55,7.69,5.66,0.0
20230311:1130,136.22,163.79,31.94,8.09,5.72,0.0
20230311:1230,108.52,133.98,26.83,8.03,5.31,0.0
20230311:1330,11.76,24.84,19.85,7.81,6.55,0.0
20230311:1430,2.74,11.24,11.6,7.29,5.93,0.0
20230311:1530,0.0,2.45,2.61,7.11,5.45,0.0
20230311:1630,0.0,0.0,0.0,7.08,4.83,0.0
20230311:1730,0.0,0.0,0.0,7.11,4.34,0.0
20230311:1830,0.0,0.0,0.0,7.21,3.79,0.0
20230311:1930,0.0,0.0,0.0,7.31,2.69,0.0
20230311:2030,0.0,0.0,0.0,7.11,2.34,0.0
20230311:2130,0.0,0.0,0.0,6.93,2.07,0.0
20230311:2230,0.0,0.0,0.0,6.73,2.0,0.0
20230311:2330,0.0,0.0,0.0,6.66,2.55,0.0
20230312:0030,0.0,0.0,0.0,6.55,2.9,0.0
20230312:0130,0.0,0.0,0.0,6.52,3.79,0.0
20230312:0230,0.0,0.0,0.0,4.86,6.34,0.0
20230312:0330,0.0,0.0,0.0,1.34,7.79,0.0
20230312:0430,0.0,2.72,1.23,-0.87,7.59,0.0
20230312:0530,11.23,23.35,10.32,-1.42,6.9,0.0
20230312:0630,42.47,60.15,18.75,-1.47,6.97,0.0
20230312:0730,57.19,76.27,26.03,-1.03,8.14,0.0
20230312:0830,115.15,136.65,31.55,-0.8,8.41,0.0
20230312:0930,182.47,205.78,34.67,-0.04,8.07,0.0
20230312:1030,391.56,418.67,34.94,1.41,8.69,0.0
20230312:1130,382.16,412.57,32.3,2.81,8.41,0.0
20230312:1230,280.34,308.7,27.16,3.42,8.0,0.0
20230312:1330,124.05,147.98,20.15,2.97,7.24,0.0
20230312:1430,124.56,152.11,11.88,2.12,5.93,0.0
20230312:1530,17.03,40.95,2.88,1.75,6.62,0.0
20230312:1630,0.0,0.0,0.0,0.69,6.48,0.0
20230312:1730,0.0,0.0,0.0,0.29,6.62,0.0
20230312:1830,0.0,0.0,0.0,-0.01,6.28,0.0
20230312:1930,0.0,0.0,0.0,-0.51,5.59,0.0
20230312:2030,0.0,0.0,0.0,-1.05,5.38,0.0
20230312:2130,0.0,0.0,0.0,-1.59,5.24,0.0
20230312:2230,0.0,0.0,0.0,-1.98,5.1,0.0
20230312:2330,0.0,0.0,0.0,-2.32,4.97,0.0
20230313:0030,0.0,0.0,0.0,-2.67,4.69,0.0
20230313:0130,0.0,0.0,0.0,-3.04,4.34,0.0
20230313:0230,0.0,0.0,0.0,-3.39,4.0,0.0
20230313:0330,0.0,0.0,0.0,-3.75,3.59,0.0
20230313:0430,2.5,10.43,1.58,-4.12,3.24,0.0
20230313:0530,205.3,239.51,10.68,-4.04,2.83,0.0
20230313:0630,460.75,495.38,19.12,-2.34,2.9,0.0
20230313:0730,665.2,719.43,26.42,-0.34,3.52,0.0
20230313:0830,808.05,888.45,31.95,1.32,4.07,0.0
20230313:0930,857.16,950.87,35.07,2.71,4.55,0.0
20230313:1030,817.29,905.69,35.33,4.02,4.97,0.0
20230313:1130,716.57,789.62,32.66,4.98,5.1,0.0
20230313:1230,403.03,441.23,27.5,5.99,6.07,0.0
20230313:1330,44.3,63.99,20.45,5.89,5.93,0.0
20230313:1430,21.27,36.83,12.17,5.34,4.62,0.0
20230313:1530,2.3,10.39,3.15,5.1,4.48,0.0
20230313:1630,0.0,0.0,0.0,4.86,4.69,0.0
20230313:1730,0.0,0.0,0.0,4.71,5.1,0.0
20230313:1830,0.0,0.0,0.0,4.74,5.24,0.0
20230313:1930,0.0,0.0,0.0,4.25,5.24,0.0
20230313:2030,0.0,0.0,0.0,4.35,5.38,0.0
20230313:2130,0.0,0.0,0.0,4.21,5.45,0.0
20230313:2230,0.0,0.0,0.0,4.08,5.59,0.0
20230313:2330,0.0,0.0,0.0,4.02,5.72,0.0
20230314:0030,0.0,0.0,0.0,3.83,5.72,0.0
20230314:0130,0.0,0.0,0.0,3.88,5.66,0.0
20230314:0230,0.0,0.0,0.0,3.8,5.59,0.0
20230314:0330,0.0,0.0,0.0,3.47,5.66,0.0
20230314:0430,2.8,11.19,1.93,3.0,5.66,0.0
20230314:0530,85.69,111.12,11.04,2.95,5.79,0.0
20230314:0630,209.3,236.9,19.5,3.61,5.1,0.0
20230314:0730,526.44,570.09,26.8,5.06,6.69,0.0
20230314:0830,725.64,794.33,32.35,6.63,7.59,0.0
20230314:0930,812.6,902.07,35.47,8.31,7.72,0.0
20230314:1030,790.87,882.91,35.71,9.71,7.72,0.0
20230314:1130,697.14,776.96,33.03,10.71,7.79,0.0
20230314:1230,567.09,629.65,27.83,11.22,7.86,0.0
20230314:1330,349.34,393.58,20.76,11.26,7.72,0.0
20230314:1430,138.6,172.91,12.45,10.83,7.1,0.0
20230314:1530,14.77,34.62,3.42,10.02,6.97,0.0
20230314:1630,0.0,0.0,0.0,9.07,7.03,0.0
20230314:1730,0.0,0.0,0.0,8.41,7.24,0.0
20230314:1830,0.0,0.0,0.0,7.97,7.31,0.0
20230314:1930,0.0,0.0,0.0,6.98,7.24,0.0
20230314:2030,0.0,0.0,0.0,6.37,7.1,0.0
20230314:2130,0.0,0.0,0.0,5.71,6.83,0.0
20230314:2230,0.0,0.0,0.0,5.09,6.55,0.0
20230314:2330,0.0,0.0,0.0,4.47,6.14,0.0
20230315:0030,0.0,0.0,0.0,3.93,5.72,0.0
20230315:0130,0.0,0.0,0.0,3.42,5.45,0.0
20230315:0230,0.0,0.0,0.0,2.84,5.1,0.0
20230315:0330,0.0,0.0,0.0,2.2,4.9,0.0
20230315:0430,3.92,13.02,2.29,1.59,4.76,0.0
20230315:0530,178.08,212.89,11.4,1.44,4.55,0.0
20230315:0630,408.49,445.36,19.87,2.44,4.55,0.0
20230315:0730,583.79,636.07,27.19,4.43,5.24,0.0
20230315:0830,702.61,778.07,32.74,6.21,5.1,0.0
20230315:0930,673.27,751.95,35.87,8.02,4.9,0.0
20230315:1030,575.42,642.11,36.1,9.47,5.03,0.0
20230315:1130,407.08,453.91,33.39,10.63,5.66,0.0
20230315:1230,215.62,249.32,28.16,10.93,5.59,0.0
20230315:1330,63.12,86.31,21.06,10.51,4.9,0.0
20230315:1430,49.08,71.52,12.72,9.84,4.41,0.0
20230315:1530,2.76,13.83,3.68,9.08,4.41,0.0
20230315:1630,0.0,0.0,0.0,8.02,4.07,0.0
20230315:1730,0.0,0.0,0.0,7.25,3.66,0.0
20230315:1830,0.0,0.0,0.0,6.52,3.17,0.0
20230315:1930,0.0,0.0,0.0,6.17,2.97,0.0
20230315:2030,0.0,0.0,0.0,5.81,2.76,0.0
20230315:2130,0.0,0.0,0.0,5.58,2.55,0.0
20230315:2230,0.0,0.0,0.0,5.4,2.34,0.0
20230315:2330,0.0,0.0,0.0,5.31,2.07,0.0
20230316:0030,0.0,0.0,0.0,4.92,1.86,0.0
20230316:0130,0.0,0.0,0.0,4.4,1.66,0.0
20230316:0230,0.0,0.0,0.0,3.54,1.38,0.0
20230316:0330,0.0,0.0,0.0,3.9,0.83,0.0
20230316:0430,3.51,16.4,2.64,3.86,0.34,0.0
20230316:0530,46.7,67.94,11.76,3.3,0.07,0.0
20230316:0630,54.14,74.41,20.24,4.17,0.62,0.0
20230316:0730,61.96,83.4,27.58,5.34,1.52,0.0
20230316:0830,84.27,108.41,33.14,6.24,2.41,0.0
20230316:0930,62.76,84.78,36.28,6.73,3.03,0.0
20230316:1030,74.27,97.65,36.49,6.51,3.24,0.0
20230316:1130,69.14,91.93,33.75,6.58,3.59,0.0
20230316:1230,50.77,71.48,28.48,6.39,3.79,0.0
20230316:1330,19.75,35.05,21.36,6.14,4.14,0.0
20230316:1430,6.96,17.95,13.0,5.87,4.21,0.0
20230316:1530,0.21,6.42,3.95,5.56,4.21,0.0
20230316:1630,0.0,0.0,0.0,5.0,4.48,0.0
20230316:1730,0.0,0.0,0.0,4.43,4.76,0.0
20230316:1830,0.0,0.0,0.0,3.71,4.76,0.0
20230316:1930,0.0,0.0,0.0,2.78,4.28,0.0
20230316:2030,0.0,0.0,0.0,2.39,4.41,0.0
20230316:2130,0.0,0.0,0.0,2.18,4.48,0.0
20230316:2230,0.0,0.0,0.0,1.98,4.48,0.0
20230316:2330,0.0,0.0,0.0,1.91,4.41,0.0
20230317:0030,0.0,0.0,0.0,1.71,4.34,0.0
20230317:0130,0.0,0.0,0.0,1.64,4.48,0.0
20230317:0230,0.0,0.0,0.0,1.52,4.76,0.0
20230317:0330,0.0,0.0,0.0,1.36,4.83,0.0
20230317:0430,3.56,12.86,3.0,1.14,4.76,0.0
20230317:0530,49.86,69.88,12.12,1.14,4.48,0.0
20230317:0630,77.69,99.21,20.61,1.55,5.45,0.0
20230317:0730,109.26,133.01,27.96,2.42,5.66,0.0
20230317:0830,138.13,163.79,33.54,3.05,5.1,0.0
20230317:0930,166.61,193.37,36.68,3.66,4.9,0.0
20230317:1030,155.12,181.62,36.88,4.1,4.69,0.0
20230317:1130,122.34,147.68,34.11,4.47,4.83,0.0
20230317:1230,124.29,149.61,28.81,4.86,4.9,0.0
20230317:1330,74.62,97.16,21.66,5.21,4.97,0.0
20230317:1430,33.92,52.13,13.28,5.28,5.1,0.0
20230317:1530,3.15,12.6,4.22,5.06,4.28,0.0
20230317:1630,0.0,0.0,0.0,4.52,3.59,0.0
20230317:1730,0.0,0.0,0.0,3.73,3.66,0.0
20230317:1830,0.0,0.0,0.0,3.27,3.93,0.0
20230317:1930,0.0,0.0,0.0,3.16,3.72,0.0
20230317:2030,0.0,0.0,0.0,2.39,3.38,0.0
20230317:2130,0.0,0.0,0.0,1.9,2.97,0.0
20230317:2230,0.0,0.0,0.0,1.59,2.69,0.0
20230317:2330,0.0,0.0,0.0,1.39,2.62,0.0
20230318:0030,0.0,0.0,0.0,1.25,2.76,0.0
20230318:0130,0.0,0.0,0.0,1.19,2.97,0.0
20230318:0230,0.0,0.0,0.0,0.97,3.24,0.0
20230318:0330,0.0,0.0,0.0,0.91,3.38,0.0
20230318:0430,7.92,23.32,3.36,0.58,3.45,0.0
20230318:0530,91.18,116.38,12.48,0.52,3.38,0.0
20230318:0630,216.17,241.73,20.99,0.94,4.0,0.0
20230318:0730,457.96,494.66,28.35,2.23,4.34,0.0
20230318:0830,640.59,699.32,33.94,3.51,4.48,0.0
20230318:0930,774.94,863.07,37.08,4.88,4.34,0.0
20230318:1030,785.49,883.12,37.26,6.35,4.21,0.0
20230318:1130,748.22,844.08,34.47,7.3,3.93,0.0
20230318:1230,653.86,733.68,29.14,7.95,3.79,0.0
20230318:1330,458.85,514.12,21.95,8.14,3.59,0.0
20230318:1430,231.15,276.22,13.56,7.9,3.45,0.0
20230318:1530,27.55,59.5,4.48,7.1,2.62,0.0
20230318:1630,0.0,0.0,0.0,5.11,2.62,0.0
20230318:1730,0.0,0.0,0.0,3.3,2.76,0.0
20230318:1830,0.0,0.0,0.0,2.16,2.69,0.0
20230318:1930,0.0,0.0,0.0,1.31,2.69,0.0
20230318:2030,0.0,0.0,0.0,0.46,2.62,0.0
20230318:2130,0.0,0.0,0.0,-0.37,2.48,0.0
20230318:2230,0.0,0.0,0.0,-1.14,2.41,0.0
20230318:2330,0.0,0.0,0.0,-1.86,2.34,0.0
20230319:0030,0.0,0.0,0.0,-2.46,2.21,0.0
20230319:0130,0.0,0.0,0.0,-2.99,2.07,0.0
20230319:0230,0.0,0.0,0.0,-3.33,2.07,0.0
20230319:0330,0.0,0.0,0.0,-3.66,2.0,0.0
20230319:0430,21.94,52.16,3.71,-3.95,1.93,0.0
20230319:0530,228.42,264.91,12.85,-3.25,1.52,0.0
20230319:0630,466.97,512.57,21.36,-0.09,1.45,0.0
20230319:0730,650.89,729.86,28.74,1.97,1.24,0.0
20230319:0830,771.52,893.61,34.34,4.04,1.1,0.0
20230319:0930,834.71,985.86,37.48,5.55,1.17,0.0
20230319:1030,839.85,989.82,37.65,6.65,1.59,0.0
20230319:1130,773.83,903.18,34.83,7.4,1.66,0.0
20230319:1230,645.79,743.36,29.47,7.87,1.45,0.0
20230319:1330,462.79,528.85,22.25,8.05,1.1,0.0
20230319:1430,232.01,280.54,13.83,7.89,0.55,0.0
20230319:1530,30.19,64.06,4.75,7.36,0.48,0.0
20230319:1630,0.0,0.0,0.0,5.91,1.24,0.0
20230319:1730,0.0,0.0,0.0,2.98,1.93,0.0
20230319:1830,0.0,0.0,0.0,1.02,2.14,0.0
20230319:1930,0.0,0.0,0.0,-0.12,2.14,0.0
20230319:2030,0.0,0.0,0.0,-0.92,2.28,0.0
20230319:2130,0.0,0.0,0.0,-1.58,2.07,0.0
20230319:2230,0.0,0.0,0.0,-1.23,1.66,0.0
20230319:2330,0.0,0.0,0.0,-0.16,1.17,0.0
20230320:0030,0.0,0.0,0.0,0.09,0.9,0.0
20230320:0130,0.0,0.0,0.0,-0.3,0.76,0.0
20230320:0230,0.0,0.0,0.0,-0.92,0.97,0.0
20230320:0330,0.0,0.0,0.0,-2.97,1.45,0.0
20230320:0430,24.01,55.31,4.07,-3.95,1.72,0.0
20230320:0530,228.28,265.61,13.21,-2.44,1.17,0.0
20230320:0630,469.61,522.92,21.74,1.21,0.69,0.0
20230320:0730,640.55,727.75,29.13,4.32,1.1,0.0
20230320:0830,749.33,869.73,34.74,6.28,1.45,0.0
20230320:0930,793.03,927.63,37.88,7.27,1.79,0.0
20230320:1030,814.56,957.23,38.04,7.96,1.93,0.0
20230320:1130,738.33,859.83,35.19,8.5,1.86,0.0
20230320:1230,505.74,574.45,29.79,8.81,1.86,0.0
20230320:1330,263.38,302.72,22.55,8.58,2.0,0.0
20230320:1430,97.89,126.09,14.11,8.03,1.66,0.0
20230320:1530,14.6,31.12,5.01,6.83,1.86,0.0
20230320:1630,0.0,0.0,0.0,5.28,2.14,0.0
20230320:1730,0.0,0.0,0.0,4.13,1.86,0.0
20230320:1830,0.0,0.0,0.0,3.33,1.72,0.0
20230320:1930,0.0,0.0,0.0,2.84,1.79,0.0
20230320:2030,0.0,0.0,0.0,1.74,1.86,0.0
20230320:2130,0.0,0.0,0.0,0.7,1.93,0.0
20230320:2230,0.0,0.0,0.0,-0.05,2.21,0.0
20230320:2330,0.0,0.0,0.0,-0.62,2.21,0.0
20230321:0030,0.0,0.0,0.0,-0.73,2.14,0.0
20230321:0130,0.0,0.0,0.0,-0.88,2.14,0.0
20230321:0230,0.0,0.0,0.0,-1.17,2.14,0.0
20230321:0330,0.0,0.0,0.0,-1.49,2.14,0.0
20230321:0430,22.62,50.09,4.43,-1.73,2.07,0.0
20230321:0530,215.27,251.91,13.57,-0.95,1.72,0.0
20230321:0630,451.6,500.5,22.11,2.61,1.66,0.0
20230321:0730,636.06,715.79,29.52,5.19,2.0,0.0
20230321:0830,749.37,864.28,35.14,7.65,2.21,0.0
20230321:0930,812.74,954.44,38.28,9.71,2.41,0.0
20230321:1030,811.83,957.15,38.43,11.27,2.69,0.0
20230321:1130,744.25,871.97,35.54,12.25,2.76,0.0
20230321:1230,613.41,709.28,30.11,12.81,2.76,0.0
20230321:1330,419.25,483.3,22.84,12.94,2.62,0.0
20230321:1430,198.43,245.22,14.38,12.81,2.34,0.0
20230321:1530,25.47,54.2,5.27,12.0,1.72,0.0
20230321:1630,0.0,0.0,-4.05,10.22,2.34,0.0
20230321:1730,0.0,0.0,0.0,8.33,2.14,0.0
20230321:1830,0.0,0.0,0.0,7.36,1.72,0.0
20230321:1930,0.0,0.0,0.0,6.18,2.21,0.0
20230321:2030,0.0,0.0,0.0,5.63,2.28,0.0
20230321:2130,0.0,0.0,0.0,5.29,2.41,0.0
20230321:2230,0.0,0.0,0.0,5.24,2.34,0.0
20230321:2330,0.0,0.0,0.0,5.16,2.28,0.0
20230322:0030,0.0,0.0,0.0,5.15,2.21,0.0
20230322:0130,0.0,0.0,0.0,5.15,2.21,0.0
20230322:0230,0.0,0.0,0.0,5.25,2.14,0.0
20230322:0330,0.0,0.0,0.0,5.04,2.07,0.0
20230322:0430,13.48,32.97,4.79,4.81,2.21,0.0
20230322:0530,120.29,151.89,13.94,5.16,2.14,0.0
20230322:0630,217.21,249.56,22.49,6.05,2.14,0.0
20230322:0730,359.62,403.74,29.91,7.58,2.28,0.0
20230322:0830,493.04,558.22,35.54,8.89,2.28,0.0
20230322:0930,627.01,722.27,38.69,10.01,2.0,0.0
20230322:1030,523.87,601.63,38.81,10.95,1.66,0.0
20230322:1130,503.26,576.8,35.9,11.37,1.93,0.0
20230322:1230,331.33,379.89,30.44,11.7,2.21,0.0
20230322:1330,240.71,280.65,23.13,11.69,2.28,0.0
20230322:1430,140.88,177.38,14.66,11.32,2.21,0.0
20230322:1530,21.49,47.34,5.54,10.69,1.93,0.0
20230322:1630,0.0,0.0,-3.79,9.25,2.07,0.0
20230322:1730,0.0,0.0,0.0,7.82,2.0,0.0
20230322:1830,0.0,0.0,0.0,6.6,1.66,0.0
20230322:1930,0.0,0.0,0.0,6.02,1.24,0.0
20230322:2030,0.0,0.0,0.0,4.96,1.59,0.0
20230322:2130,0.0,0.0,0.0,4.59,1.72,0.0
20230322:2230,0.0,0.0,0.0,4.31,2.0,0.0
20230322:2330,0.0,0.0,0.0,4.41,2.21,0.0
20230323:0030,0.0,0.0,0.0,4.68,2.34,0.0
20230323:0130,0.0,0.0,0.0,5.32,2.41,0.0
20230323:0230,0.0,0.0,0.0,5.25,2.48,0.0
20230323:0330,0.0,0.0,-4.18,5.24,2.48,0.0
20230323:0430,14.02,30.39,5.14,5.43,2.48,0.0
20230323:0530,89.74,116.56,14.3,5.81,2.48,0.0
20230323:0630,96.96,122.75,22.86,7.58,2.62,0.0
20230323:0730,202.65,235.65,30.3,8.68,3.24,0.0
20230323:0830,360.57,408.05,35.94,10.42,4.0,0.0
20230323:0930,473.22,536.83,39.09,12.3,4.48,0.0
20230323:1030,375.93,430.22,39.2,13.51,4.62,0.0
20230323:1130,365.76,419.84,36.26,13.86,4.55,0.0
20230323:1230,257.19,299.12,30.76,14.48,4.83,0.0
20230323:1330,173.61,209.39,23.43,14.64,4.9,0.0
20230323:1430,70.88,97.89,14.93,14.17,4.21,0.0
20230323:1530,17.45,35.65,5.8,13.38,4.0,0.0
20230323:1630,0.0,0.0,-3.52,12.42,3.79,0.0
20230323:1730,0.0,0.0,0.0,11.3,3.79,0.0
20230323:1830,0.0,0.0,0.0,11.08,4.0,0.0
20230323:1930,0.0,0.0,0.0,11.42,4.14,0.0
20230323:2030,0.0,0.0,0.0,11.29,4.07,0.0
20230323:2130,0.0,0.0,0.0,10.71,4.07,0.0
20230323:2230,0.0,0.0,0.0,10.17,4.07,0.0
20230323:2330,0.0,0.0,0.0,9.55,4.14,0.0
20230324:0030,0.0,0.0,0.0,9.64,4.28,0.0
20230324:0130,0.0,0.0,0.0,9.28,4.28,0.0
20230324:0230,0.0,0.0,0.0,9.05,4.28,0.0
20230324:0330,0.0,0.0,-3.82,9.1,4.07,0.0
20230324:0430,5.12,16.52,5.5,9.09,3.93,0.0
20230324:0530,99.88,130.66,14.66,9.52,3.86,0.0
20230324:0630,319.59,364.56,23.24,10.6,3.38,0.0
20230324:0730,526.93,598.05,30.68,12.49,4.21,0.0
20230324:0830,644.46,742.38,36.34,14.26,4.28,0.0
20230324:0930,483.14,554.61,39.49,15.57,4.55,0.0
20230324:1030,417.67,480.77,39.58,15.9,4.41,0.0
20230324:1130,343.15,398.18,36.61,16.14,4.28,0.0
20230324:1230,322.52,375.18,31.08,16.5,4.14,0.0
20230324:1330,193.24,233.35,23.72,16.47,3.93,0.0
20230324:1430,95.42,126.92,15.2,16.15,3.45,0.0
20230324:1530,17.1,34.92,6.06,15.48,3.03,0.0
20230324:1630,0.0,0.0,-3.26,14.04,2.76,0.0
20230324:1730,0.0,0.0,0.0,12.91,2.62,0.0
20230324:1830,0.0,0.0,0.0,12.04,2.55,0.0
20230324:1930,0.0,0.0,0.0,11.77,2.14,0.0
20230324:2030,0.0,0.0,0.0,11.36,2.34,0.0
20230324:2130,0.0,0.0,0.0,11.21,2.83,0.0
20230324:2230,0.0,0.0,0.0,11.29,3.52,0.0
20230324:2330,0.0,0.0,0.0,11.35,4.0,0.0
20230325:0030,0.0,0.0,0.0,11.57,4.55,0.0
20230325:0130,0.0,0.0,0.0,11.89,5.03,0.0
20230325:0230,0.0,0.0,0.0,12.28,4.9,0.0
20230325:0330,0.0,0.0,-3.46,12.19,4.48,0.0
20230325:0430,13.36,27.85,5.86,11.99,4.28,0.0
20230325:0530,60.56,84.46,15.03,11.83,4.0,0.0
20230325:0630,142.0,174.06,23.61,12.12,3.93,0.0
20230325:0730,198.08,235.15,31.07,13.06,4.14,0.0
20230325:0830,337.92,388.47,36.74,13.71,4.83,0.0
20230325:0930,236.08,277.06,39.89,13.92,4.9,0.0
20230325:1030,296.3,342.81,39.97,13.6,4.14,0.0
20230325:1130,132.58,165.19,36.96,13.88,4.14,0.0
20230325:1230,96.39,124.74,31.4,13.45,3.38,0.0
20230325:1330,57.18,80.88,24.01,13.29,2.9,0.0
20230325:1430,55.36,79.73,15.47,13.06,3.24,0.0
20230325:1530,12.76,28.37,6.32,12.78,2.97,0.0
20230325:1630,0.0,0.0,-3.0,12.04,2.55,0.0
20230325:1730,0.0,0.0,0.0,11.46,2.21,0.0
20230325:1830,0.0,0.0,0.0,10.8,2.14,0.0
20230325:1930,0.0,0.0,0.0,10.32,1.93,0.0
20230325:2030,0.0,0.0,0.0,9.97,1.72,0.0
20230325:2130,0.0,0.0,0.0,9.85,1.66,0.0
20230325:2230,0.0,0.0,0.0,9.76,1.86,0.0
20230325:2330,0.0,0.0,0.0,9.65,2.0,0.0
20230326:0030,0.0,0.0,0.0,9.41,1.86,0.0
20230326:0130,0.0,0.0,0.0,9.32,1.52,0.0
20230326:0230,0.0,0.0,0.0,9.24,2.28,0.0
20230326:0330,0.0,0.0,-3.1,9.15,4.0,0.0
20230326:0430,2.07,10.08,6.22,8.86,4.28,0.0
20230326:0530,66.31,91.2,15.39,8.52,3.1,0.0
20230326:0630,186.2,218.72,23.98,9.08,2.76,0.0
20230326:0730,502.35,563.18,31.46,9.86,4.07,0.0
20230326:0830,548.06,617.79,37.14,11.3,4.41,0.0
20230326:0930,406.84,460.78,40.29,12.3,4.34,0.0
20230326:1030,276.21,319.0,40.35,12.6,4.0,0.0
20230326:1130,300.16,343.98,37.32,12.23,3.93,0.0
20230326:1230,342.01,389.3,31.72,12.46,4.0,0.0
20230326:1330,213.91,252.15,24.3,12.73,3.72,0.0
20230326:1430,110.37,142.32,15.74,12.27,2.76,0.0
20230326:1530,23.48,45.17,6.58,11.81,2.83,0.0
20230326:1630,0.0,0.0,-2.74,10.61,3.31,0.0
20230326:1730,0.0,0.0,0.0,9.47,2.97,0.0
20230326:1830,0.0,0.0,0.0,8.36,2.76,0.0
20230326:1930,0.0,0.0,0.0,7.26,2.62,0.0
20230326:2030,0.0,0.0,0.0,6.43,2.83,0.0
20230326:2130,0.0,0.0,0.0,5.71,2.9,0.0
20230326:2230,0.0,0.0,0.0,5.23,2.97,0.0
20230326:2330,0.0,0.0,0.0,4.97,2.97,0.0
20230327:0030,0.0,0.0,0.0,4.54,2.83,0.0
20230327:0130,0.0,0.0,0.0,4.02,2.62,0.0
20230327:0230,0.0,0.0,0.0,3.46,2.62,0.0
20230327:0330,0.0,0.0,-2.74,3.05,2.69,0.0
20230327:0430,41.1,76.61,6.57,2.77,2.69,0.0
20230327:0530,243.79,287.0,15.75,3.72,2.41,0.0
20230327:0630,431.67,481.55,24.35,5.83,2.69,0.0
20230327:0730,537.11,599.4,31.84,7.8,3.66,0.0
20230327:0830,614.5,692.49,37.54,9.29,3.79,0.0
20230327:0930,538.16,608.96,40.69,10.51,3.59,0.0
20230327:1030,429.18,488.06,40.73,11.39,3.17,0.0
20230327:1130,267.73,310.48,37.67,11.87,2.83,0.0
20230327:1230,211.16,248.94,32.03,12.08,2.41,0.0
20230327:1330,135.07,166.78,24.58,12.22,2.21,0.0
20230327:1430,81.59,109.33,16.0,12.12,2.14,0.0
20230327:1530,24.15,43.91,6.84,11.74,2.14,0.0
20230327:1630,0.0,0.0,-2.48,10.37,2.69,0.0
20230327:1730,0.0,0.0,0.0,9.37,3.1,0.0
20230327:1830,0.0,0.0,0.0,8.76,3.59,0.0
20230327:1930,0.0,0.0,0.0,9.04,3.93,0.0
20230327:2030,0.0,0.0,0.0,9.09,4.14,0.0
20230327:2130,0.0,0.0,0.0,8.94,3.93,0.0
20230327:2230,0.0,0.0,0.0,8.63,3.86,0.0
20230327:2330,0.0,0.0,0.0,8.42,4.21,0.0
20230328:0030,0.0,0.0,0.0,8.21,4.28,0.0
20230328:0130,0.0,0.0,0.0,7.78,4.21,0.0
20230328:0230,0.0,0.0,0.0,7.44,3.79,0.0
20230328:0330,0.0,0.0,-2.39,7.09,3.66,0.0
20230328:0430,11.97,25.12,6.93,6.79,3.72,0.0
20230328:0530,41.21,60.78,16.11,6.93,3.31,0.0
20230328:0630,114.13,140.99,24.73,7.37,3.31,0.0
20230328:0730,114.67,142.14,32.23,8.87,4.21,0.0
20230328:0830,114.36,142.32,37.94,9.41,4.62,0.0
20230328:0930,127.99,157.38,41.08,9.64,4.55,0.0
20230328:1030,77.29,102.12,41.11,9.72,4.83,0.0
20230328:1130,43.79,64.25,38.02,9.17,4.69,0.0
20230328:1230,39.72,59.24,32.35,8.04,5.38,0.0
20230328:1330,17.6,32.51,24.87,7.68,5.66,0.0
20230328:1430,7.14,18.28,16.27,7.57,4.69,0.0
20230328:1530,1.49,8.92,7.09,7.28,3.86,0.0
20230328:1630,0.0,0.0,-2.22,7.01,3.17,0.0
20230328:1730,0.0,0.0,0.0,7.06,2.55,0.0
20230328:1830,0.0,0.0,0.0,6.81,1.03,0.0
20230328:1930,0.0,0.0,0.0,4.95,4.55,0.0
20230328:2030,0.0,0.0,0.0,1.97,7.1,0.0
20230328:2130,0.0,0.0,0.0,-0.13,7.38,0.0
20230328:2230,0.0,0.0,0.0,-0.97,7.52,0.0
20230328:2330,0.0,0.0,0.0,-1.17,7.59,0.0
20230329:0030,0.0,0.0,0.0,-1.32,7.93,0.0
20230329:0130,0.0,0.0,0.0,-1.46,7.59,0.0
20230329:0230,0.0,0.0,0.0,-1.47,7.52,0.0
20230329:0330,0.0,0.0,-2.03,-1.48,7.38,0.0
20230329:0430,14.19,27.15,7.29,-1.51,7.31,0.0
20230329:0530,37.18,54.41,16.47,-1.19,9.45,0.0
20230329:0630,42.43,60.2,25.1,-0.82,9.31,0.0
20230329:0730,58.24,77.62,32.61,-0.22,8.34,0.0
20230329:0830,63.04,82.94,38.33,0.15,8.14,0.0
20230329:0930,77.86,98.67,41.48,0.26,8.34,0.0
20230329:1030,78.07,99.05,41.49,0.55,8.34,0.0
20230329:1130,126.69,148.66,38.36,0.51,8.62,0.0
20230329:1230,129.73,152.55,32.66,0.57,8.34,0.0
20230329:1330,141.42,164.55,25.15,0.93,7.79,0.0
20230329:1430,62.97,83.57,16.54,1.23,7.79,0.0
20230329:1530,16.93,32.52,7.35,0.73,6.76,0.0
20230329:1630,0.0,0.0,-1.97,0.34,5.93,0.0
20230329:1730,0.0,0.0,0.0,-0.09,6.21,0.0
20230329:1830,0.0,0.0,0.0,-0.44,5.86,0.0
20230329:1930,0.0,0.0,0.0,-0.2,4.69,0.0
20230329:2030,0.0,0.0,0.0,-0.56,5.17,0.0
20230329:2130,0.0,0.0,0.0,-1.1,4.9,0.0
20230329:2230,0.0,0.0,0.0,-1.62,4.69,0.0
20230329:2330,0.0,0.0,0.0,-2.06,4.48,0.0
20230330:0030,0.0,0.0,0.0,-2.39,4.28,0.0
20230330:0130,0.0,0.0,0.0,-2.71,4.0,0.0
20230330:0230,0.0,0.0,0.0,-3.07,3.86,0.0
20230330:0330,0.0,0.0,-1.68,-3.46,3.79,0.0
20230330:0430,52.71,89.98,7.64,-3.85,3.59,0.0
20230330:0530,282.15,318.12,16.83,-3.19,3.45,0.0
20230330:0630,536.88,574.62,25.47,-1.84,3.93,0.0
20230330:0730,727.57,786.93,33.0,0.17,4.55,0.0
20230330:0830,843.44,925.82,38.73,1.59,4.97,0.0
20230330:0930,936.5,1050.01,41.88,2.86,4.55,0.0
20230330:1030,909.87,1026.28,41.87,4.01,4.28,0.0
20230330:1130,841.83,943.2,38.71,4.89,4.48,0.0
20230330:1230,705.11,781.28,32.97,5.43,4.48,0.0
20230330:1330,507.55,561.12,25.44,5.61,4.21,0.0
20230330:1430,265.86,311.98,16.8,5.5,3.93,0.0
20230330:1530,48.56,87.79,7.61,4.95,3.45,0.0
20230330:1630,0.0,0.0,-1.71,3.57,2.62,0.0
20230330:1730,0.0,0.0,0.0,1.82,2.41,0.0
20230330:1830,0.0,0.0,0.0,0.62,1.93,0.0
20230330:1930,0.0,0.0,0.0,-0.88,1.72,0.0
20230330:2030,0.0,0.0,0.0,-1.49,1.38,0.0
20230330:2130,0.0,0.0,0.0,-1.49,1.1,0.0
20230330:2230,0.0,0.0,0.0,-2.33,1.17,0.0
20230330:2330,0.0,0.0,0.0,-2.4,1.03,0.0
20230331:0030,0.0,0.0,0.0,-3.2,1.24,0.0
20230331:0130,0.0,0.0,0.0,-4.12,1.66,0.0
20230331:0230,0.0,0.0,0.0,-4.03,1.72,0.0
20230331:0330,0.0,0.0,-1.32,-3.38,1.59,0.0
20230331:0430,46.07,78.95,7.99,-2.69,1.79,0.0
20230331:0530,204.5,237.76,17.19,-0.37,1.86,0.0
20230331:0630,422.93,464.99,25.83,2.14,2.14,0.0
20230331:0730,570.77,635.07,33.38,4.63,2.28,0.0
20230331:0830,598.44,669.81,39.12,6.68,2.97,0.0
20230331:0930,600.36,673.65,42.27,7.8,3.45,0.0
20230331:1030,530.49,593.96,42.25,8.52,3.66,0.0
20230331:1130,317.32,357.28,39.06,9.07,3.79,0.0
20230331:1230,296.94,334.0,33.28,8.92,4.0,0.0
20230331:1330,95.1,120.75,25.72,8.53,4.07,0.0
20230331:1430,15.51,29.79,17.06,7.37,3.52,0.0
20230331:1530,1.74,9.36,7.86,6.02,3.1,0.0
20230331:1630,0.0,0.0,-1.45,5.0,2.9,0.0
20230331:1730,0.0,0.0,0.0,4.6,2.76,0.0
20230331:1830,0.0,0.0,0.0,4.5,2.62,0.0
20230331:1930,0.0,0.0,0.0,4.65,2.21,0.0
20230331:2030,0.0,0.0,0.0,4.82,2.21,0.0
20230331:2130,0.0,0.0,0.0,5.16,2.28,0.0
20230331:2230,0.0,0.0,0.0,5.42,2.48,0.0
20230331:2330,0.0,0.0,0.0,5.55,2.62,0.0
20230401:0030,0.0,0.0,0.0,5.34,2.55,0.0
20230401:0130,0.0,0.0,0.0,4.94,2.48,0.0
20230401:0230,0.0,0.0,0.0,4.5,2.69,0.0
20230401:0330,0.0,0.0,-0.97,4.11,2.9,0.0
20230401:0430,40.82,72.06,8.34,4.0,2.9,0.0
20230401:0530,192.22,228.87,17.55,4.92,2.83,0.0
20230401:0630,320.88,359.25,26.2,6.65,4.28,0.0
20230401:0730,451.02,501.34,33.76,7.74,4.28,0.0
20230401:0830,601.64,678.1,39.51,10.11,4.48,0.0
20230401:0930,705.51,807.49,42.66,12.74,5.24,0.0
20230401:1030,498.0,564.59,42.62,13.3,5.1,0.0
20230401:1130,290.08,334.52,39.4,13.25,4.97,0.0
20230401:1230,215.99,253.89,33.59,12.78,4.76,0.0
20230401:1330,111.88,141.46,26.0,12.57,4.28,0.0
20230401:1430,88.07,116.21,17.32,12.28,4.34,0.0
20230401:1530,24.95,43.04,8.11,11.98,4.41,0.0
20230401:1630,0.0,0.0,-1.2,11.2,4.55,0.0
20230401:1730,0.0,0.0,0.0,10.36,4.76,0.0
20230401:1830,0.0,0.0,0.0,9.69,4.9,0.0
20230401:1930,0.0,0.0,0.0,8.45,4.41,0.0
20230401:2030,0.0,0.0,0.0,8.16,4.34,0.0
20230401:2130,0.0,0.0,0.0,7.9,4.48,0.0
20230401:2230,0.0,0.0,0.0,7.91,4.55,0.0
20230401:2330,0.0,0.0,0.0,7.92,4.34,0.0
20230402:0030,0.0,0.0,0.0,7.84,4.14,0.0
20230402:0130,0.0,0.0,0.0,7.8,4.0,0.0
20230402:0230,0.0,0.0,0.0,7.72,3.66,0.0
20230402:0330,0.0,0.0,-0.62,7.61,3.52,0.0
20230402:0430,4.95,14.94,8.69,7.55,3.52,0.0
20230402:0530,20.84,36.66,17.9,7.54,3.59,0.0
20230402:0630,63.54,86.19,26.57,7.6,3.38,0.0
20230402:0730,80.65,105.36,34.14,8.3,3.45,0.0
20230402:0830,113.18,140.65,39.9,8.46,3.45,0.0
20230402:0930,122.23,150.55,43.06,8.71,3.93,0.0
20230402:1030,88.92,114.82,43.0,9.11,3.45,0.0
20230402:1130,73.18,97.61,39.74,9.46,3.24,0.0
20230402:1230,33.45,52.3,33.9,9.68,3.24,0.0
20230402:1330,20.56,36.52,26.28,9.45,2.76,0.0
20230402:1430,15.48,29.96,17.58,9.2,2.34,0.0
20230402:1530,7.8,20.4,8.37,9.03,2.0,0.0
20230402:1630,0.0,0.0,-0.94,8.78,2.0,0.0
20230402:1730,0.0,0.0,0.0,8.38,2.14,0.0
20230402:1830,0.0,0.0,0.0,8.11,2.41,0.0
20230402:1930,0.0,0.0,0.0,7.84,2.48,0.0
20230402:2030,0.0,0.0,0.0,7.61,2.69,0.0
20230402:2130,0.0,0.0,0.0,7.26,2.21,0.0
20230402:2230,0.0,0.0,0.0,6.92,1.52,0.0
20230402:2330,0.0,0.0,0.0,6.56,1.59,0.0
20230403:0030,0.0,0.0,0.0,6.24,1.86,0.0
20230403:0130,0.0,0.0,0.0,5.95,2.14,0.0
20230403:0230,0.0,0.0,0.0,5.61,2.41,0.0
20230403:0330,0.0,0.0,-0.27,5.56,2.62,0.0
20230403:0430,20.62,36.51,9.04,5.43,2.83,0.0
20230403:0530,41.78,61.27,18.25,5.99,2.9,0.0
20230403:0630,73.04,96.41,26.93,6.74,2.76,0.0
20230403:0730,133.39,161.66,34.52,7.24,3.03,0.0
20230403:0830,183.82,215.44,40.29,7.9,3.72,0.0
20230403:0930,298.16,338.65,43.45,8.36,3.59,0.0
20230403:1030,193.63,227.55,43.37,9.26,3.59,0.0
20230403:1130,244.66,281.43,40.08,9.56,3.31,0.0
20230403:1230,127.82,156.45,34.2,9.85,3.31,0.0
20230403:1330,51.22,72.69,26.55,9.13,2.97,0.0
20230403:1430,22.11,38.3,17.84,8.27,2.69,0.0
20230403:1530,6.41,17.33,8.62,7.42,3.59,0.0
20230403:1630,0.0,0.0,-0.69,6.56,3.86,0.0
20230403:1730,0.0,0.0,0.0,5.69,4.21,0.0
20230403:1830,0.0,0.0,0.0,5.03,3.93,0.0
20230403:1930,0.0,0.0,0.0,3.77,4.07,0.0
20230403:2030,0.0,0.0,0.0,3.25,3.86,0.0
20230403:2130,0.0,0.0,0.0,2.9,3.59,0.0
20230403:2230,0.0,0.0,0.0,2.61,3.52,0.0
20230403:2330,0.0,0.0,0.0,2.29,3.45,0.0
20230404:0030,0.0,0.0,0.0,2.03,3.31,0.0
20230404:0130,0.0,0.0,0.0,1.56,2.9,0.0
20230404:0230,0.0,0.0,0.0,1.13,2.97,0.0
20230404:0330,0.0,3.44,0.08,1.16,3.31,0.0
20230404:0430,19.39,34.04,9.39,1.23,3.31,0.0
20230404:0530,88.07,111.1,18.6,1.6,3.24,0.0
20230404:0630,110.64,134.39,27.29,2.44,3.24,0.0
20230404:0730,181.75,209.35,34.89,3.02,3.17,0.0
20230404:0830,322.54,358.86,40.68,4.32,2.97,0.0
20230404:0930,420.99,468.41,43.83,6.01,2.69,0.0
20230404:1030,314.2,354.63,43.74,7.34,2.62,0.0
20230404:1130,352.05,396.82,40.42,7.89,2.62,0.0
20230404:1230,283.16,321.92,34.51,8.36,2.83,0.0
20230404:1330,153.75,184.37,26.83,8.56,2.9,0.0
20230404:1430,77.91,103.5,18.1,8.43,3.03,0.0
20230404:1530,17.25,32.57,8.87,8.15,3.03,0.0
20230404:1630,0.0,0.0,-0.43,7.66,2.76,0.0
20230404:1730,0.0,0.0,0.0,6.84,2.48,0.0
20230404:1830,0.0,0.0,0.0,6.33,2.28,0.0
20230404:1930,0.0,0.0,0.0,4.71,2.76,0.0
20230404:2030,0.0,0.0,0.0,4.34,3.03,0.0
20230404:2130,0.0,0.0,0.0,4.17,2.83,0.0
20230404:2230,0.0,0.0,0.0,4.17,2.97,0.0
20230404:2330,0.0,0.0,0.0,4.18,3.17,0.0
20230405:0030,0.0,0.0,0.0,4.18,3.24,0.0
20230405:0130,0.0,0.0,0.0,4.18,3.17,0.0
20230405:0230,0.0,0.0,0.0,4.26,3.1,0.0
20230405:0330,0.0,1.89,0.43,4.33,3.1,0.0
20230405:0430,6.34,16.9,9.73,4.4,3.1,0.0
20230405:0530,33.0,50.81,18.95,4.61,2.9,0.0
20230405:0630,157.27,185.07,27.65,5.2,3.03,0.0
20230405:0730,405.62,448.91,35.26,6.19,3.66,0.0
20230405:0830,526.46,589.57,41.07,8.21,3.86,0.0
20230405:0930,519.24,587.31,44.22,10.89,3.86,0.0
20230405:1030,277.51,320.02,44.11,12.43,4.14,0.0
20230405:1130,209.2,247.06,40.76,13.12,4.21,0.0
20230405:1230,200.57,237.88,34.81,13.28,4.07,0.0
20230405:1330,95.19,123.84,27.1,13.49,3.79,0.0
20230405:1430,61.15,85.43,18.36,13.21,3.31,0.0
20230405:1530,25.67,48.6,9.12,12.7,3.31,0.0
20230405:1630,0.0,0.0,-0.18,12.03,3.38,0.0
20230405:1730,0.0,0.0,0.0,11.15,3.59,0.0
20230405:1830,0.0,0.0,0.0,10.45,3.93,0.0
20230405:1930,0.0,0.0,0.0,9.01,4.0,0.0
20230405:2030,0.0,0.0,0.0,8.53,4.28,0.0
20230405:2130,0.0,0.0,0.0,8.15,4.55,0.0
20230405:2230,0.0,0.0,0.0,8.16,4.62,0.0
20230405:2330,0.0,0.0,0.0,8.11,4.62,0.0
20230406:0030,0.0,0.0,0.0,8.16,4.69,0.0
20230406:0130,0.0,0.0,0.0,8.14,4.83,0.0
20230406:0230,0.0,0.0,0.0,7.96,4.97,0.0
20230406:0330,0.8,7.5,0.77,7.9,5.1,0.0
20230406:0430,47.95,72.62,10.08,7.97,5.17,0.0
20230406:0530,162.39,196.38,19.3,8.82,5.38,0.0
20230406:0630,186.09,219.61,28.01,10.02,5.17,0.0
20230406:0730,265.78,305.05,35.64,11.07,5.72,0.0
20230406:0830,198.77,235.46,41.45,12.26,6.07,0.0
20230406:0930,170.77,205.86,44.61,12.94,5.66,0.0
20230406:1030,292.34,337.72,44.48,13.74,5.38,0.0
20230406:1130,330.77,380.94,41.09,15.02,6.07,0.0
20230406:1230,203.61,242.47,35.11,15.88,6.48,0.0
20230406:1330,193.13,232.5,27.37,15.67,5.59,0.0
20230406:1430,114.84,149.19,18.61,15.57,5.31,0.0
20230406:1530,29.75,51.26,9.36,14.8,4.55,0.0
20230406:1630,0.0,3.61,0.07,13.89,4.28,0.0
20230406:1730,0.0,0.0,0.0,12.82,3.86,0.0
20230406:1830,0.0,0.0,0.0,11.77,3.59,0.0
20230406:1930,0.0,0.0,0.0,10.93,3.52,0.0
20230406:2030,0.0,0.0,0.0,10.33,3.1,0.0
20230406:2130,0.0,0.0,0.0,9.74,2.76,0.0
20230406:2230,0.0,0.0,0.0,9.49,2.48,0.0
20230406:2330,0.0,0.0,0.0,9.07,2.14,0.0
20230407:0030,0.0,0.0,0.0,8.57,1.93,0.0
20230407:0130,0.0,0.0,0.0,8.16,1.79,0.0
20230407:0230,0.0,0.0,0.0,7.84,1.72,0.0
20230407:0330,0.0,5.33,1.11,7.59,1.59,0.0
20230407:0430,25.02,43.16,10.42,7.57,1.24,0.0
20230407:0530,67.92,91.51,19.65,7.94,1.17,0.0
20230407:0630,149.51,180.35,28.36,8.31,1.24,0.0
20230407:0730,203.32,237.58,36.0,7.93,2.0,0.0
20230407:0830,288.42,331.33,41.83,8.73,2.14,0.0
20230407:0930,314.66,360.56,44.99,9.74,2.41,0.0
20230407:1030,295.17,341.01,44.84,10.62,2.62,0.0
20230407:1130,286.19,330.64,41.42,11.37,2.83,0.0
20230407:1230,214.14,253.15,35.41,11.88,2.55,0.0
20230407:1330,101.09,129.86,27.64,12.22,2.07,0.0
20230407:1430,56.64,80.28,18.86,12.16,1.31,0.0
20230407:1530,19.77,37.67,9.61,11.94,0.76,0.0
20230407:1630,0.0,2.87,0.32,11.37,1.45,0.0
20230407:1730,0.0,0.0,0.0,10.5,1.86,0.0
20230407:1830,0.0,0.0,0.0,9.81,2.21,0.0
20230407:1930,0.0,0.0,0.0,9.81,1.93,0.0
20230407:2030,0.0,0.0,0.0,9.17,2.07,0.0
20230407:2130,0.0,0.0,0.0,8.61,1.66,0.0
20230407:2230,0.0,0.0,0.0,7.69,1.45,0.0
20230407:2330,0.0,0.0,0.0,7.04,1.72,0.0
20230408:0030,0.0,0.0,0.0,6.65,1.79,0.0
20230408:0130,0.0,0.0,0.0,6.54,1.79,0.0
20230408:0230,0.0,0.0,0.0,6.3,2.07,0.0
20230408:0330,2.1,10.04,1.45,5.88,2.34,0.0
20230408:0430,64.55,96.71,10.76,5.71,2.55,0.0
20230408:0530,231.47,273.07,19.99,6.89,2.48,0.0
20230408:0630,401.74,453.4,28.71,8.73,3.17,0.0
20230408:0730,499.67,567.6,36.37,10.81,3.24,0.0
20230408:0830,574.24,660.4,42.21,12.66,3.38,0.0
20230408:0930,681.11,795.6,45.37,14.03,3.52,0.0
20230408:1030,732.07,864.29,45.2,15.4,3.79,0.0
20230408:1130,614.32,717.65,41.75,16.26,4.07,0.0
20230408:1230,425.2,492.76,35.7,16.45,3.86,0.0
20230408:1330,334.26,391.66,27.91,16.3,3.52,0.0
20230408:1430,140.83,179.49,19.12,15.63,3.03,0.0
20230408:1530,41.51,72.4,9.86,14.71,2.62,0.0
20230408:1630,0.09,5.9,0.57,13.37,2.41,0.0
20230408:1730,0.0,0.0,0.0,11.72,2.69,0.0
20230408:1830,0.0,0.0,0.0,10.58,2.83,0.0
20230408:1930,0.0,0.0,0.0,9.9,2.14,0.0
20230408:2030,0.0,0.0,0.0,8.79,2.14,0.0
20230408:2130,0.0,0.0,0.0,7.62,2.21,0.0
20230408:2230,0.0,0.0,0.0,6.97,2.14,0.0
20230408:2330,0.0,0.0,0.0,6.13,2.21,0.0
20230409:0030,0.0,0.0,0.0,5.44,2.21,0.0
20230409:0130,0.0,0.0,0.0,4.93,2.21,0.0
20230409:0230,0.0,0.0,0.0,4.4,2.21,0.0
20230409:0330,2.51,10.74,1.79,4.12,2.21,0.0
20230409:0430,67.39,103.69,11.09,4.41,2.0,0.0
20230409:0530,237.49,281.06,20.33,6.97,1.79,0.0
20230409:0630,467.77,533.8,29.06,9.76,2.21,0.0
20230409:0730,620.06,718.83,36.74,11.98,2.41,0.0
20230409:0830,715.64,842.39,42.59,13.91,2.97,0.0
20230409:0930,775.21,917.71,45.75,15.25,3.86,0.0
20230409:1030,734.9,862.1,45.56,15.86,4.48,0.0
20230409:1130,538.68,623.48,42.08,16.12,4.28,0.0
20230409:1230,357.9,412.83,35.99,15.67,4.07,0.0
20230409:1330,263.28,307.34,28.18,14.34,4.14,0.0
20230409:1430,123.51,159.11,19.37,13.64,3.38,0.0
20230409:1530,41.09,70.82,10.1,12.77,2.83,0.0
20230409:1630,0.0,4.92,0.82,12.14,3.31,0.0
20230409:1730,0.0,0.0,0.0,10.82,3.52,0.0
20230409:1830,0.0,0.0,0.0,10.08,3.38,0.0
20230409:1930,0.0,0.0,0.0,9.22,3.1,0.0
20230409:2030,0.0,0.0,0.0,8.51,3.03,0.0
20230409:2130,0.0,0.0,0.0,8.14,2.83,0.0
20230409:2230,0.0,0.0,0.0,7.91,2.69,0.0
20230409:2330,0.0,0.0,0.0,7.79,2.48,0.0
20230410:0030,0.0,0.0,0.0,7.72,2.41,0.0
20230410:0130,0.0,0.0,0.0,7.55,2.48,0.0
20230410:0230,0.0,0.0,0.0,7.24,2.69,0.0
20230410:0330,2.05,10.0,2.13,7.27,2.83,0.0
20230410:0430,42.03,67.91,11.42,7.5,2.83,0.0
20230410:0530,153.25,186.92,20.67,8.22,2.76,0.0
20230410:0630,359.8,406.91,29.41,9.41,3.17,0.0
20230410:0730,441.14,497.73,37.1,11.45,3.93,0.0
20230410:0830,464.45,527.5,42.96,12.66,4.28,0.0
20230410:0930,380.1,432.55,46.12,13.22,4.41,0.0
20230410:1030,427.13,484.94,45.92,13.33,4.28,0.0
20230410:1130,382.44,436.62,42.41,13.46,4.21,0.0
20230410:1230,421.07,482.33,36.29,13.68,4.0,0.0
20230410:1330,426.16,491.01,28.44,14.01,3.86,0.0
20230410:1430,210.86,259.99,19.61,14.13,3.72,0.0
20230410:1530,45.03,80.46,10.35,13.72,3.38,0.0
20230410:1630,0.56,7.05,1.07,12.44,2.83,0.0
20230410:1730,0.0,0.0,0.0,10.75,2.9,0.0
20230410:1830,0.0,0.0,0.0,9.41,2.9,0.0
20230410:1930,0.0,0.0,0.0,8.78,2.55,0.0
20230410:2030,0.0,0.0,0.0,7.77,2.62,0.0
20230410:2130,0.0,0.0,0.0,6.92,2.62,0.0
20230410:2230,0.0,0.0,0.0,6.16,2.62,0.0
20230410:2330,0.0,0.0,0.0,5.47,2.69,0.0
20230411:0030,0.0,0.0,0.0,4.77,2.55,0.0
20230411:0130,0.0,0.0,0.0,3.97,2.41,0.0
20230411:0230,0.0,0.0,0.0,3.28,2.41,0.0
20230411:0330,2.89,11.35,2.46,2.79,2.48,0.0
20230411:0430,82.63,130.15,11.76,3.02,2.48,0.0
20230411:0530,304.75,354.89,21.0,5.74,2.41,0.0
20230411:0630,512.11,579.59,29.76,8.93,2.9,0.0
20230411:0730,690.02,791.08,37.46,11.45,3.86,0.0
20230411:0830,802.66,933.28,43.34,13.2,4.62,0.0
20230411:0930,852.79,1000.18,46.5,14.36,5.1,0.0
20230411:1030,778.75,911.97,46.28,15.05,4.9,0.0
20230411:1130,644.8,747.13,42.73,15.43,4.76,0.0
20230411:1230,405.72,467.46,36.58,15.72,4.9,0.0
20230411:1330,129.98,163.17,28.71,15.62,4.97,0.0
20230411:1430,63.1,88.29,19.86,15.08,3.93,0.0
20230411:1530,27.76,46.28,10.59,14.35,3.38,0.0
20230411:1630,0.31,6.48,1.32,13.35,3.24,0.0
20230411:1730,0.0,0.0,0.0,12.05,3.17,0.0
20230411:1830,0.0,0.0,0.0,11.21,3.1,0.0
20230411:1930,0.0,0.0,0.0,10.75,3.31,0.0
20230411:2030,0.0,0.0,0.0,10.3,3.38,0.0
20230411:2130,0.0,0.0,0.0,9.8,3.38,0.0
20230411:2230,0.0,0.0,0.0,9.33,3.38,0.0
20230411:2330,0.0,0.0,0.0,8.63,3.03,0.0
20230412:0030,0.0,0.0,0.0,8.51,3.1,0.0
20230412:0130,0.0,0.0,0.0,8.45,3.31,0.0
20230412:0230,0.0,0.0,0.0,8.33,3.24,0.0
20230412:0330,0.15,5.98,2.79,8.06,3.38,0.0
20230412:0430,21.34,37.42,12.08,7.83,3.72,0.0
20230412:0530,40.51,60.2,21.33,8.01,4.07,0.0
20230412:0630,40.08,59.66,30.1,7.84,4.14,0.0
20230412:0730,54.22,75.82,37.81,8.48,4.41,0.0
20230412:0830,40.19,59.97,43.7,8.66,4.48,0.0
20230412:0930,48.65,69.74,46.87,8.8,4.34,0.0
20230412:1030,40.65,60.64,46.63,9.25,4.34,0.0
20230412:1130,47.12,68.18,43.05,9.5,4.55,0.0
20230412:1230,58.58,81.29,36.86,9.79,4.76,0.0
20230412:1330,16.96,31.97,28.97,10.08,4.62,0.0
20230412:1430,10.87,23.81,20.11,10.01,4.28,0.0
20230412:1530,4.08,13.64,10.83,10.15,4.07,0.0
20230412:1630,0.0,1.76,1.56,10.16,3.93,0.0
20230412:1730,0.0,0.0,0.0,10.05,4.21,0.0
20230412:1830,0.0,0.0,0.0,9.89,4.48,0.0
20230412:1930,0.0,0.0,0.0,8.84,4.69,0.0
20230412:2030,0.0,0.0,0.0,8.61,4.21,0.0
20230412:2130,0.0,0.0,0.0,8.45,3.86,0.0
20230412:2230,0.0,0.0,0.0,8.36,3.66,0.0
20230412:2330,0.0,0.0,0.0,8.36,3.31,0.0
20230413:0030,0.0,0.0,0.0,8.4,2.97,0.0
20230413:0130,0.0,0.0,0.0,8.4,2.76,0.0
20230413:0230,0.0,0.0,0.0,8.44,2.76,0.0
20230413:0330,0.26,6.27,3.12,8.45,2.69,0.0
20230413:0430,13.59,27.42,12.41,8.65,2.83,0.0
20230413:0530,48.78,70.03,21.66,8.93,3.03,0.0
20230413:0630,126.17,155.44,30.44,9.48,3.1,0.0
20230413:0730,147.9,180.25,38.16,11.02,3.66,0.0
20230413:0830,134.31,165.46,44.07,11.3,4.07,0.0
20230413:0930,157.62,190.75,47.24,11.24,3.66,0.0
20230413:1030,224.0,261.52,46.98,11.47,4.0,0.0
20230413:1130,219.38,257.48,43.37,11.71,3.79,0.0
20230413:1230,160.88,194.34,37.15,12.07,4.14,0.0
20230413:1330,74.94,100.38,29.23,11.97,4.14,0.0
20230413:1430,51.7,74.05,20.35,11.39,3.66,0.0
20230413:1530,23.17,40.03,11.07,11.05,3.59,0.0
20230413:1630,0.0,4.26,1.81,10.46,3.45,0.0
20230413:1730,0.0,0.0,0.0,9.79,3.59,0.0
20230413:1830,0.0,0.0,0.0,9.13,3.72,0.0
20230413:1930,0.0,0.0,0.0,8.14,4.21,0.0
20230413:2030,0.0,0.0,0.0,7.73,4.14,0.0
20230413:2130,0.0,0.0,0.0,7.36,4.0,0.0
20230413:2230,0.0,0.0,0.0,7.16,3.79,0.0
20230413:2330,0.0,0.0,0.0,7.02,3.52,0.0
20230414:0030,0.0,0.0,0.0,6.92,3.52,0.0
20230414:0130,0.0,0.0,0.0,6.85,3.59,0.0
20230414:0230,0.0,0.0,0.0,6.88,3.66,0.0
20230414:0330,0.0,5.41,3.44,6.94,3.66,0.0
20230414:0430,11.4,24.63,12.73,7.02,3.72,0.0
20230414:0530,31.81,49.85,21.99,7.18,3.72,0.0
20230414:0630,35.14,53.82,30.77,7.39,3.59,0.0
20230414:0730,85.5,110.25,38.51,7.59,3.45,0.0
20230414:0830,244.64,281.47,44.44,8.26,3.24,0.0
20230414:0930,201.2,236.46,47.6,9.7,3.79,0.0
20230414:1030,170.82,203.84,47.33,10.39,4.14,0.0
20230414:1130,151.67,183.85,43.69,10.36,3.59,0.0
20230414:1230,100.6,128.06,37.43,10.02,3.52,0.0
20230414:1330,71.85,96.0,29.49,9.19,3.45,0.0
20230414:1430,42.27,62.54,20.6,8.79,3.45,0.0
20230414:1530,9.07,21.14,11.31,8.31,3.52,0.0
20230414:1630,0.0,4.06,2.05,7.81,3.59,0.0
20230414:1730,0.0,0.0,0.0,7.35,3.45,0.0
20230414:1830,0.0,0.0,0.0,7.06,3.31,0.0
20230414:1930,0.0,0.0,0.0,7.55,3.24,0.0
20230414:2030,0.0,0.0,0.0,7.23,3.86,0.0
20230414:2130,0.0,0.0,0.0,6.49,4.0,0.0
20230414:2230,0.0,0.0,0.0,6.4,4.07,0.0
20230414:2330,0.0,0.0,0.0,6.33,3.93,0.0
20230415:0030,0.0,0.0,0.0,6.07,3.79,0.0
20230415:0130,0.0,0.0,0.0,5.75,3.79,0.0
20230415:0230,0.0,0.0,0.0,5.41,4.21,0.0
20230415:0330,5.23,15.25,3.76,4.81,4.62,0.0
20230415:0430,74.71,111.5,13.05,4.52,4.83,0.0
20230415:0530,253.09,291.38,22.31,4.95,5.52,0.0
20230415:0630,338.24,374.08,31.1,5.82,6.28,0.0
20230415:0730,424.45,464.77,38.86,6.12,6.48,0.0
20230415:0830,483.29,530.62,44.8,7.02,6.55,0.0
20230415:0930,513.31,565.32,47.97,7.78,6.41,0.0
20230415:1030,380.02,421.22,47.68,8.53,6.28,0.0
20230415:1130,289.75,327.65,44.0,8.79,6.21,0.0
20230415:1230,308.57,347.08,37.71,9.2,6.34,0.0
20230415:1330,194.63,227.26,29.74,9.47,6.34,0.0
20230415:1430,68.79,92.64,20.84,9.43,6.21,0.0
20230415:1530,15.51,29.96,11.55,9.12,6.14,0.0
20230415:1630,0.0,5.57,2.29,8.82,5.17,0.0
20230415:1730,0.0,0.0,0.0,8.48,4.97,0.0
20230415:1830,0.0,0.0,0.0,8.39,5.17,0.0
20230415:1930,0.0,0.0,0.0,7.2,4.83,0.0
20230415:2030,0.0,0.0,0.0,6.89,4.62,0.0
20230415:2130,0.0,0.0,0.0,6.37,4.28,0.0
20230415:2230,0.0,0.0,0.0,5.88,4.21,0.0
20230415:2330,0.0,0.0,0.0,5.79,4.07,0.0
20230416:0030,0.0,0.0,0.0,5.84,3.93,0.0
20230416:0130,0.0,0.0,0.0,5.84,4.0,0.0
20230416:0230,0.0,0.0,0.0,5.89,4.21,0.0
20230416:0330,0.0,2.13,4.08,5.93,4.28,0.0
20230416:0430,4.58,14.27,13.37,6.04,4.28,0.0
20230416:0530,20.85,36.49,22.63,6.26,4.28,0.0
20230416:0630,40.46,59.79,31.43,6.54,4.14,0.0
20230416:0730,57.49,78.95,39.2,6.49,4.76,0.0
20230416:0830,72.79,96.0,45.15,6.79,4.83,0.0
20230416:0930,123.03,150.3,48.33,7.13,4.14,0.0
20230416:1030,219.04,251.36,48.02,7.74,3.86,0.0
20230416:1130,215.77,249.0,44.31,8.51,4.14,0.0
20230416:1230,133.71,162.94,37.99,9.37,4.62,0.0
20230416:1330,89.8,115.84,30.0,9.87,4.48,0.0
20230416:1430,72.29,97.68,21.08,10.36,3.93,0.0
20230416:1530,18.86,35.36,11.78,10.75,3.31,0.0
20230416:1630,0.55,7.01,2.54,10.52,2.55,0.0
20230416:1730,0.0,0.0,0.0,10.0,2.21,0.0
20230416:1830,0.0,0.0,0.0,9.44,2.28,0.0
20230416:1930,0.0,0.0,0.0,8.16,2.0,0.0
20230416:2030,0.0,0.0,0.0,8.1,2.14,0.0
20230416:2130,0.0,0.0,0.0,8.06,2.28,0.0
20230416:2230,0.0,0.0,0.0,8.09,2.34,0.0
20230416:2330,0.0,0.0,0.0,8.01,2.48,0.0
20230417:0030,0.0,0.0,0.0,8.01,2.62,0.0
20230417:0130,0.0,0.0,0.0,7.82,2.76,0.0
20230417:0230,0.0,0.0,0.0,7.6,2.69,0.0
20230417:0330,2.64,11.07,4.4,7.22,2.69,0.0
20230417:0430,33.18,55.05,13.68,6.95,2.76,0.0
20230417:0530,89.46,115.73,22.94,7.02,2.69,0.0
20230417:0630,374.34,419.55,31.76,7.26,2.97,0.0
20230417:0730,599.54,678.06,39.54,9.21,3.17,0.0
20230417:0830,709.68,818.24,45.51,10.86,3.24,0.0
20230417:0930,854.36,1007.99,48.69,12.35,3.66,0.0
20230417:1030,845.96,999.35,48.36,13.52,3.93,0.0
20230417:1130,775.46,909.68,44.62,14.26,4.0,0.0
20230417:1230,650.04,754.08,38.27,14.77,4.07,0.0
20230417:1330,478.54,553.57,30.25,14.93,4.14,0.0
20230417:1430,258.59,317.84,21.32,14.85,4.07,0.0
20230417:1530,60.38,108.62,12.02,14.33,3.52,0.0
20230417:1630,3.28,12.42,2.78,12.96,3.31,0.0
20230417:1730,0.0,0.0,0.0,10.91,3.38,0.0
20230417:1830,0.0,0.0,0.0,9.67,3.59,0.0
20230417:1930,0.0,0.0,0.0,8.72,3.24,0.0
20230417:2030,0.0,0.0,0.0,7.9,3.24,0.0
20230417:2130,0.0,0.0,0.0,7.19,3.24,0.0
20230417:2230,0.0,0.0,0.0,6.63,3.17,0.0
20230417:2330,0.0,0.0,0.0,6.03,3.03,0.0
20230418:0030,0.0,0.0,0.0,5.48,2.97,0.0
20230418:0130,0.0,0.0,0.0,5.08,2.9,0.0
20230418:0230,0.0,0.0,0.0,4.74,2.83,0.0
20230418:0330,10.78,23.24,4.71,4.6,2.69,0.0
20230418:0430,76.86,104.27,13.99,4.91,2.69,0.0
20230418:0530,196.16,230.75,23.26,6.37,2.69,0.0
20230418:0630,388.21,438.7,32.08,8.17,2.9,0.0
20230418:0730,506.62,573.49,39.88,10.51,3.66,0.0
20230418:0830,579.72,663.22,45.86,12.04,3.93,0.0
20230418:0930,574.03,660.71,49.04,13.25,4.14,0.0
20230418:1030,531.94,611.68,48.7,13.89,4.48,0.0
20230418:1130,441.56,507.5,44.93,14.4,4.62,0.0
20230418:1230,304.69,354.91,38.54,14.6,4.41,0.0
20230418:1330,212.35,253.14,30.5,14.39,4.14,0.0
20230418:1430,112.75,144.39,21.55,13.9,3.38,0.0
20230418:1530,27.14,47.57,12.25,13.04,2.48,0.0
20230418:1630,1.1,8.24,3.02,11.76,1.86,0.0
20230418:1730,0.0,0.0,0.0,10.75,2.07,0.0
20230418:1830,0.0,0.0,0.0,9.99,2.28,0.0
20230418:1930,0.0,0.0,0.0,9.9,2.9,0.0
20230418:2030,0.0,0.0,0.0,9.24,2.76,0.0
20230418:2130,0.0,0.0,0.0,9.05,3.17,0.0
20230418:2230,0.0,0.0,0.0,8.79,3.31,0.0
20230418:2330,0.0,0.0,0.0,8.27,3.03,0.0
20230419:0030,0.0,0.0,0.0,7.37,3.03,0.0
20230419:0130,0.0,0.0,0.0,6.73,3.03,0.0
20230419:0230,0.0,0.0,-3.87,6.34,3.24,0.0
20230419:0330,9.09,20.98,5.02,5.7,3.38,0.0
20230419:0430,93.94,140.36,14.29,5.88,3.45,0.0
20230419:0530,288.81,335.8,23.56,7.41,3.86,0.0
20230419:0630,479.55,537.58,32.4,9.07,4.41,0.0
20230419:0730,569.4,642.87,40.21,11.35,4.69,0.0
20230419:0830,704.18,808.38,46.21,12.71,4.62,0.0
20230419:0930,792.27,921.74,49.39,14.07,4.97,0.0
20230419:1030,803.57,937.2,49.04,15.13,5.52,0.0
20230419:1130,364.29,418.88,45.23,16.21,6.41,0.0
20230419:1230,161.14,197.99,38.81,16.07,6.14,0.0
20230419:1330,220.77,261.63,30.75,15.48,5.45,0.0
20230419:1430,130.14,167.18,21.79,15.1,5.17,0.0
20230419:1530,55.13,90.98,12.48,14.61,4.69,0.0
20230419:1630,4.4,14.34,3.25,13.8,4.55,0.0
20230419:1730,0.0,0.0,0.0,12.31,4.48,0.0
20230419:1830,0.0,0.0,0.0,11.23,4.28,0.0
20230419:1930,0.0,0.0,0.0,9.98,4.14,0.0
20230419:2030,0.0,0.0,0.0,8.95,3.59,0.0
20230419:2130,0.0,0.0,0.0,7.97,3.31,0.0
20230419:2230,0.0,0.0,0.0,7.68,3.38,0.0
20230419:2330,0.0,0.0,0.0,7.67,3.45,0.0
20230420:0030,0.0,0.0,0.0,7.95,3.59,0.0
20230420:0130,0.0,0.0,0.0,8.53,3.72,0.0
20230420:0230,0.0,0.0,-3.56,8.85,3.86,0.0
20230420:0330,3.33,12.34,5.32,8.76,4.0,0.0
20230420:0430,24.69,41.54,14.59,8.66,4.21,0.0
20230420:0530,47.85,68.74,23.87,8.45,4.28,0.0
20230420:0630,87.45,112.64,32.71,8.33,4.21,0.0
20230420:0730,130.9,159.58,40.54,9.27,5.38,0.0
20230420:0830,161.03,192.69,46.55,10.32,5.1,0.0
20230420:0930,204.37,239.29,49.74,11.62,5.31,0.0
20230420:1030,337.54,385.06,49.37,12.8,5.72,0.0
20230420:1130,592.36,671.16,45.53,14.05,6.69,0.0
20230420:1230,371.8,424.53,39.08,15.45,7.31,0.0
20230420:1330,204.0,243.27,30.99,15.81,7.59,0.0
20230420:1430,73.65,100.82,22.02,15.53,6.21,0.0
20230420:1530,48.78,73.39,12.71,14.79,5.24,0.0
20230420:1630,4.51,14.55,3.49,13.97,4.34,0.0
20230420:1730,0.0,0.0,0.0,12.77,3.38,0.0
20230420:1830,0.0,0.0,0.0,11.14,3.24,0.0
20230420:1930,0.0,0.0,0.0,10.11,2.9,0.0
20230420:2030,0.0,0.0,0.0,8.73,2.28,0.0
20230420:2130,0.0,0.0,0.0,7.15,1.66,0.0
20230420:2230,0.0,0.0,0.0,7.03,0.97,0.0
20230420:2330,0.0,0.0,0.0,6.94,0.9,0.0
20230421:0030,0.0,0.0,0.0,4.07,1.93,0.0
20230421:0130,0.0,0.0,0.0,3.42,2.14,0.0
20230421:0230,0.0,0.0,-3.25,3.47,2.48,0.0
20230421:0330,13.72,27.09,5.62,3.74,2.83,0.0
20230421:0430,88.19,122.71,14.89,4.94,2.97,0.0
20230421:0530,256.63,298.7,24.17,7.11,3.17,0.0
20230421:0630,342.79,388.06,33.02,9.17,3.79,0.0
20230421:0730,435.61,493.6,40.87,10.85,3.59,0.0
20230421:0830,496.08,565.8,46.89,11.95,3.59,0.0
20230421:0930,455.91,522.05,50.08,12.84,3.66,0.0
20230421:1030,518.95,597.83,49.7,13.5,3.52,0.0
20230421:1130,404.73,466.86,45.83,14.2,3.24,0.0
20230421:1230,351.95,408.38,39.35,14.26,3.38,0.0
20230421:1330,253.72,298.98,31.24,14.7,4.34,0.0
20230421:1430,139.34,175.37,22.25,14.67,4.34,0.0
20230421:1530,53.03,77.7,12.94,13.96,3.52,0.0
20230421:1630,7.19,18.73,3.73,13.14,3.31,0.0
20230421:1730,0.0,0.0,0.0,11.83,3.24,0.0
20230421:1830,0.0,0.0,0.0,10.72,3.17,0.0
20230421:1930,0.0,0.0,0.0,10.36,2.97,0.0
20230421:2030,0.0,0.0,0.0,9.68,3.17,0.0
20230421:2130,0.0,0.0,0.0,8.75,3.1,0.0
20230421:2230,0.0,0.0,0.0,7.79,2.97,0.0
20230421:2330,0.0,0.0,0.0,6.78,2.83,0.0
20230422:0030,0.0,0.0,0.0,5.94,2.76,0.0
20230422:0130,0.0,0.0,0.0,5.23,2.69,0.0
20230422:0230,0.0,0.0,-2.95,4.69,2.76,0.0
20230422:0330,11.61,24.34,5.92,4.31,2.83,0.0
20230422:0430,103.77,153.71,15.18,5.21,2.76,0.0
20230422:0530,321.71,374.67,24.46,7.57,2.76,0.0
20230422:0630,481.17,545.85,33.33,10.11,3.1,0.0
20230422:0730,649.83,749.24,41.19,12.07,3.17,0.0
20230422:0830,794.68,937.9,47.23,13.91,3.52,0.0
20230422:0930,745.85,873.38,50.43,15.27,4.28,0.0
20230422:1030,588.08,682.1,50.02,15.76,4.34,0.0
20230422:1130,429.34,497.32,46.13,15.76,4.0,0.0
20230422:1230,300.64,351.64,39.61,15.56,3.86,0.0
20230422:1330,170.68,208.32,31.48,15.52,3.66,0.0
20230422:1430,149.5,189.18,22.48,15.12,2.97,0.0
20230422:1530,47.96,76.6,13.17,14.62,2.48,0.0
20230422:1630,4.57,14.63,3.96,13.63,2.21,0.0
20230422:1730,0.0,0.0,0.0,12.32,2.41,0.0
20230422:1830,0.0,0.0,0.0,11.18,2.34,0.0
20230422:1930,0.0,0.0,0.0,10.23,2.21,0.0
20230422:2030,0.0,0.0,0.0,9.57,2.14,0.0
20230422:2130,0.0,0.0,0.0,9.16,2.0,0.0
20230422:2230,0.0,0.0,0.0,8.92,1.93,0.0
20230422:2330,0.0,0.0,0.0,8.67,1.86,0.0
20230423:0030,0.0,0.0,0.0,8.21,1.79,0.0
20230423:0130,0.0,0.0,0.0,7.84,1.66,0.0
20230423:0230,0.0,0.0,-2.65,7.61,1.45,0.0
20230423:0330,9.63,21.89,6.21,7.43,1.31,0.0
20230423:0430,65.56,100.42,15.47,8.06,0.83,0.0
20230423:0530,212.59,257.21,24.76,10.46,0.55,0.0
20230423:0630,370.39,432.87,33.63,12.88,0.83,0.0
20230423:0730,448.44,525.91,41.5,14.6,1.1,0.0
20230423:0830,593.28,707.74,47.56,16.01,1.52,0.0
20230423:0930,613.25,733.39,50.76,16.68,1.86,0.0
20230423:1030,531.62,632.42,50.35,16.82,1.66,0.0
20230423:1130,520.2,620.66,46.42,17.1,1.52,0.0
20230423:1230,306.02,365.03,39.88,17.24,1.24,0.0
20230423:1330,236.66,286.25,31.72,17.11,1.03,0.0
20230423:1430,130.05,168.96,22.71,16.99,0.9,0.0
20230423:1530,54.83,89.64,13.4,16.4,0.48,0.0
20230423:1630,5.21,15.78,4.19,15.53,0.34,0.0
20230423:1730,0.0,0.0,0.0,14.18,0.48,0.0
20230423:1830,0.0,0.0,0.0,12.29,1.1,0.0
20230423:1930,0.0,0.0,0.0,11.4,1.45,0.0
20230423:2030,0.0,0.0,0.0,9.34,1.72,0.0
20230423:2130,0.0,0.0,0.0,7.77,1.93,0.0
20230423:2230,0.0,0.0,0.0,6.69,2.07,0.0
20230423:2330,0.0,0.0,0.0,5.93,2.0,0.0
20230424:0030,0.0,0.0,0.0,5.42,1.93,0.0
20230424:0130,0.0,0.0,0.0,5.02,1.93,0.0
20230424:0230,0.0,0.0,-2.35,4.29,2.0,0.0
20230424:0330,13.27,26.52,6.5,3.79,2.07,0.0
20230424:0430,110.78,164.67,15.76,5.21,1.52,0.0
20230424:0530,327.62,388.44,25.04,9.63,1.24,0.0
20230424:0630,531.35,622.99,33.92,12.99,1.45,0.0
20230424:0730,690.04,818.18,41.82,15.16,2.55,0.0
20230424:0830,703.04,831.43,47.89,16.56,3.52,0.0
20230424:0930,709.71,841.33,51.1,16.9,3.72,0.0
20230424:1030,707.44,837.17,50.67,17.21,3.86,0.0
20230424:1130,631.63,743.04,46.71,17.34,3.72,0.0
20230424:1230,577.72,678.76,40.14,17.32,3.38,0.0
20230424:1330,420.66,495.23,31.96,17.34,3.03,0.0
20230424:1430,200.68,253.29,22.94,17.14,2.69,0.0
20230424:1530,56.05,93.5,13.62,16.28,1.59,0.0
20230424:1630,6.26,17.42,4.42,15.15,2.07,0.0
20230424:1730,0.0,0.0,0.0,13.09,2.83,0.0
20230424:1830,0.0,0.0,0.0,11.52,2.97,0.0
20230424:1930,0.0,0.0,0.0,10.87,2.62,0.0
20230424:2030,0.0,0.0,0.0,9.85,2.48,0.0
20230424:2130,0.0,0.0,0.0,8.77,2.48,0.0
20230424:2230,0.0,0.0,0.0,7.97,2.48,0.0
20230424:2330,0.0,0.0,0.0,7.41,2.55,0.0
20230425:0030,0.0,0.0,0.0,6.98,2.55,0.0
20230425:0130,0.0,0.0,0.0,6.55,2.48,0.0
20230425:0230,0.0,0.0,-2.06,6.11,2.41,0.0
20230425:0330,14.1,27.79,6.78,5.68,2.34,0.0
20230425:0430,107.96,159.75,16.04,6.57,1.86,0.0
20230425:0530,321.08,378.94,25.33,9.76,2.0,0.0
20230425:0630,523.95,606.35,34.22,12.33,2.28,0.0
20230425:0730,674.27,798.61,42.12,14.85,2.34,0.0
20230425:0830,736.27,877.89,48.21,16.29,3.1,0.0
20230425:0930,758.65,909.51,51.43,16.95,3.17,0.0
20230425:1030,715.75,857.42,50.98,17.46,2.97,0.0
20230425:1130,680.55,813.68,47.0,17.7,2.9,0.0
20230425:1230,516.97,609.68,40.39,17.8,2.83,0.0
20230425:1330,348.79,412.09,32.19,17.63,2.83,0.0
20230425:1430,229.49,287.69,23.16,17.2,2.69,0.0
20230425:1530,60.24,103.62,13.85,16.75,2.28,0.0
20230425:1630,4.98,15.41,4.65,15.85,1.86,0.0
20230425:1730,0.0,0.0,0.0,13.87,2.62,0.0
20230425:1830,0.0,0.0,0.0,12.15,2.76,0.0
20230425:1930,0.0,0.0,0.0,11.73,2.28,0.0
20230425:2030,0.0,0.0,0.0,10.46,2.41,0.0
20230425:2130,0.0,0.0,0.0,9.4,2.41,0.0
20230425:2230,0.0,0.0,0.0,8.64,2.48,0.0
20230425:2330,0.0,0.0,0.0,8.0,2.48,0.0
20230426:0030,0.0,0.0,0.0,7.65,2.41,0.0
20230426:0130,0.0,0.0,0.0,7.06,2.55,0.0
20230426:0230,0.0,0.0,-1.77,6.71,2.55,0.0
20230426:0330,15.57,29.79,7.06,6.51,2.62,0.0
20230426:0430,110.5,161.97,16.32,7.79,2.48,0.0
20230426:0530,285.15,336.21,25.61,10.57,3.03,0.0
20230426:0630,473.6,540.4,34.51,12.11,3.79,0.0
20230426:0730,524.11,603.88,42.43,13.69,3.17,0.0
20230426:0830,527.41,605.74,48.53,14.43,4.21,0.0
20230426:0930,416.87,476.36,51.75,14.1,5.17,0.0
20230426:1030,341.59,391.21,51.3,13.44,4.83,0.0
20230426:1130,381.94,435.75,47.28,14.01,5.17,0.0
20230426:1230,215.12,254.05,40.65,15.2,5.93,0.0
20230426:1330,122.85,154.73,32.42,15.31,5.24,0.0
20230426:1430,83.54,112.63,23.39,14.68,4.34,0.0
20230426:1530,52.46,84.76,14.07,14.05,3.79,0.0
20230426:1630,6.26,17.34,4.88,13.74,3.24,0.0
20230426:1730,0.0,0.0,0.0,12.38,2.9,0.0
20230426:1830,0.0,0.0,0.0,11.23,2.69,0.0
20230426:1930,0.0,0.0,0.0,11.58,2.48,0.0
20230426:2030,0.0,0.0,0.0,10.68,2.55,0.0
20230426:2130,0.0,0.0,0.0,10.4,2.34,0.0
20230426:2230,0.0,0.0,0.0,10.21,2.14,0.0
20230426:2330,0.0,0.0,0.0,9.92,2.14,0.0
20230427:0030,0.0,0.0,0.0,9.59,2.21,0.0
20230427:0130,0.0,0.0,0.0,9.35,1.93,0.0
20230427:0230,0.0,0.0,-1.48,9.3,1.59,0.0
20230427:0330,9.74,22.17,7.34,9.07,1.31,0.0
20230427:0430,35.08,54.43,16.59,9.49,0.69,0.0
20230427:0530,50.86,72.77,25.88,9.87,1.03,0.0
20230427:0630,73.18,97.7,34.79,9.89,1.59,0.0
20230427:0730,70.46,94.66,42.73,9.58,2.07,0.0
20230427:0830,87.25,113.26,48.85,9.42,2.48,0.0
20230427:0930,78.31,103.36,52.08,9.47,2.76,0.0
20230427:1030,105.53,132.77,51.6,9.21,3.17,0.0
20230427:1130,158.08,188.13,47.56,8.93,3.66,0.0
20230427:1230,94.7,120.25,40.9,8.54,4.21,0.0
20230427:1330,118.31,145.05,32.66,8.05,4.48,0.0
20230427:1430,73.07,97.74,23.61,7.94,4.76,0.0
20230427:1530,17.47,32.37,14.29,7.87,5.03,0.0
20230427:1630,0.99,7.91,5.11,7.77,4.55,0.0
20230427:1730,0.0,0.0,0.0,7.74,4.48,0.0
20230427:1830,0.0,0.0,0.0,7.79,4.21,0.0
20230427:1930,0.0,0.0,0.0,8.08,4.0,0.0
20230427:2030,0.0,0.0,0.0,8.03,3.93,0.0
20230427:2130,0.0,0.0,0.0,7.94,3.93,0.0
20230427:2230,0.0,0.0,0.0,7.75,3.79,0.0
20230427:2330,0.0,0.0,0.0,7.6,3.72,0.0
20230428:0030,0.0,0.0,0.0,7.23,3.66,0.0
20230428:0130,0.0,0.0,0.0,6.64,3.79,0.0
20230428:0230,0.0,0.0,-1.21,6.15,3.93,0.0
20230428:0330,18.12,32.95,7.61,5.71,4.0,0.0
20230428:0430,99.57,136.78,16.86,6.07,3.72,0.0
20230428:0530,273.57,316.07,26.15,7.07,4.34,0.0
20230428:0630,370.28,415.08,35.07,8.57,4.76,0.0
20230428:0730,563.15,629.05,43.02,9.67,5.45,0.0
20230428:0830,616.66,692.65,49.16,10.98,5.93,0.0
20230428:0930,714.31,811.45,52.4,11.76,6.07,0.0
20230428:1030,667.44,759.59,51.91,12.37,6.07,0.0
20230428:1130,567.14,643.35,47.84,12.75,5.86,0.0
20230428:1230,334.62,381.18,41.15,12.85,5.86,0.0
20230428:1330,310.72,355.86,32.89,11.96,5.59,0.0
20230428:1430,222.6,269.55,23.83,11.83,5.59,0.0
20230428:1530,73.77,117.98,14.51,11.54,5.1,0.0
20230428:1630,11.8,25.16,5.33,10.77,4.07,0.0
20230428:1730,0.0,0.0,-3.32,9.29,3.59,0.0
20230428:1830,0.0,0.0,0.0,7.93,3.38,0.0
20230428:1930,0.0,0.0,0.0,7.38,3.59,0.0
20230428:2030,0.0,0.0,0.0,6.63,3.72,0.0
20230428:2130,0.0,0.0,0.0,5.93,3.72,0.0
20230428:2230,0.0,0.0,0.0,5.19,3.59,0.0
20230428:2330,0.0,0.0,0.0,4.52,3.45,0.0
20230429:0030,0.0,0.0,0.0,3.9,3.24,0.0
20230429:0130,0.0,0.0,0.0,3.33,3.17,0.0
20230429:0230,0.0,0.0,-0.93,2.85,3.17,0.0
20230429:0330,19.57,34.39,7.88,2.54,3.03,0.0
20230429:0430,123.23,176.16,17.12,3.54,2.62,0.0
20230429:0530,352.32,405.46,26.42,5.81,2.83,0.0
20230429:0630,545.84,614.88,35.34,8.01,3.24,0.0
20230429:0730,720.8,822.19,43.31,9.71,3.93,0.0
20230429:0830,814.31,944.08,49.46,10.9,4.07,0.0
20230429:0930,862.44,1011.69,52.71,11.87,4.07,0.0
20230429:1030,839.86,987.59,52.21,12.69,4.0,0.0
20230429:1130,772.29,902.14,48.11,13.28,4.0,0.0
20230429:1230,616.59,711.31,41.39,13.65,4.0,0.0
20230429:1330,460.0,530.68,33.11,13.76,3.93,0.0
20230429:1430,247.63,301.68,24.04,13.6,3.79,0.0
20230429:1530,75.75,118.99,14.72,13.18,3.45,0.0
20230429:1630,13.31,27.38,5.56,12.19,2.55,0.0
20230429:1730,0.0,0.0,-3.08,10.42,2.55,0.0
20230429:1830,0.0,0.0,0.0,8.71,2.69,0.0
20230429:1930,0.0,0.0,0.0,8.16,2.69,0.0
20230429:2030,0.0,0.0,0.0,7.32,2.76,0.0
20230429:2130,0.0,0.0,0.0,6.6,2.76,0.0
20230429:2230,0.0,0.0,0.0,5.98,2.83,0.0
20230429:2330,0.0,0.0,0.0,5.53,2.9,0.0
20230430:0030,0.0,0.0,0.0,5.12,2.83,0.0
20230430:0130,0.0,0.0,0.0,4.72,2.69,0.0
20230430:0230,0.0,0.0,-0.66,4.57,2.62,0.0
20230430:0330,27.98,44.84,8.14,4.36,2.69,0.0
20230430:0430,113.17,149.12,17.38,5.41,2.69,0.0
20230430:0530,232.44,271.96,26.68,7.65,2.69,0.0
20230430:0630,274.82,315.99,35.61,9.61,3.45,0.0
20230430:0730,305.03,348.8,43.59,10.4,4.9,0.0
20230430:0830,381.18,432.46,49.77,10.94,5.45,0.0
20230430:0930,350.64,398.94,53.02,11.65,5.79,0.0
20230430:1030,253.63,293.49,52.51,11.76,5.72,0.0
20230430:1130,258.01,297.43,48.38,11.81,5.66,0.0
20230430:1230,157.82,190.97,41.64,11.74,5.38,0.0
20230430:1330,124.8,154.82,33.34,11.71,5.03,0.0
20230430:1430,73.0,98.41,24.26,11.6,4.14,0.0
20230430:1530,44.42,68.18,14.94,11.43,3.59,0.0
20230430:1630,6.05,16.84,5.78,11.04,3.1,0.0
20230430:1730,0.0,0.0,-2.84,10.22,2.62,0.0
20230430:1830,0.0,0.0,0.0,9.43,2.41,0.0
20230430:1930,0.0,0.0,0.0,8.24,1.45,0.0
20230430:2030,0.0,0.0,0.0,7.64,0.9,0.0
20230430:2130,0.0,0.0,0.0,7.89,0.69,0.0
20230430:2230,0.0,0.0,0.0,5.47,1.66,0.0
20230430:2330,0.0,0.0,0.0,4.93,1.93,0.0
20230501:0030,0.0,0.0,0.0,4.67,2.28,0.0
20230501:0130,0.0,0.0,0.0,5.26,2.76,0.0
20230501:0230,0.0,0.0,-0.39,6.31,3.59,0.0
20230501:0330,20.87,36.56,8.4,6.93,4.41,0.0
20230501:0430,106.34,151.88,17.63,7.45,4.9,0.0
20230501:0530,303.38,350.91,26.93,8.43,5.59,0.0
20230501:0630,561.43,626.08,35.88,9.54,6.28,0.0
20230501:0730,693.43,778.98,43.87,11.07,6.83,0.0
20230501:0830,779.55,883.61,50.06,11.65,6.9,0.0
20230501:0930,856.14,981.07,53.33,12.17,6.76,0.0
20230501:1030,850.05,977.66,52.8,12.67,6.48,0.0
20230501:1130,804.48,923.95,48.65,13.03,6.14,0.0
20230501:1230,673.46,767.31,41.88,13.2,5.86,0.0
20230501:1330,484.24,552.31,33.56,13.16,5.66,0.0
20230501:1430,279.82,339.48,24.47,12.91,5.17,0.0
20230501:1530,71.58,123.54,15.15,12.38,4.48,0.0
20230501:1630,11.45,24.75,6.0,11.44,3.38,0.0
20230501:1730,0.0,0.0,-2.61,9.64,2.69,0.0
20230501:1830,0.0,0.0,0.0,7.98,2.48,0.0
20230501:1930,0.0,0.0,0.0,7.55,2.41,0.0
20230501:2030,0.0,0.0,0.0,6.26,2.34,0.0
20230501:2130,0.0,0.0,0.0,4.96,2.14,0.0
20230501:2230,0.0,0.0,0.0,4.15,1.79,0.0
20230501:2330,0.0,0.0,0.0,4.8,1.31,0.0
20230502:0030,0.0,0.0,0.0,5.71,1.03,0.0
20230502:0130,0.0,0.0,0.0,4.14,1.31,0.0
20230502:0230,0.0,0.0,-0.13,1.78,1.93,0.0
20230502:0330,20.66,35.57,8.65,1.27,2.07,0.0
20230502:0430,125.08,178.36,17.88,3.45,1.59,0.0
20230502:0530,344.65,402.69,27.18,8.06,1.93,0.0
20230502:0630,548.36,629.07,36.14,10.54,2.48,0.0
20230502:0730,707.59,819.67,44.15,11.95,3.31,0.0
20230502:0830,808.95,953.98,50.35,13.15,3.45,0.0
20230502:0930,853.75,1018.15,53.63,14.09,3.52,0.0
20230502:1030,842.69,1006.69,53.1,14.9,3.59,0.0
20230502:1130,776.85,919.83,48.92,15.52,3.79,0.0
20230502:1230,650.92,760.65,42.12,15.95,4.0,0.0
20230502:1330,476.0,554.78,33.78,16.16,4.14,0.0
20230502:1430,266.29,328.83,24.68,16.18,4.21,0.0
20230502:1530,77.3,122.76,15.36,15.78,3.86,0.0
20230502:1630,16.68,32.17,6.22,14.62,3.52,0.0
20230502:1730,0.0,0.0,-2.38,12.85,3.79,0.0
20230502:1830,0.0,0.0,0.0,11.48,4.14,0.0
20230502:1930,0.0,0.0,0.0,11.47,4.34,0.0
20230502:2030,0.0,0.0,0.0,10.93,4.41,0.0
20230502:2130,0.0,0.0,0.0,10.41,4.48,0.0
20230502:2230,0.0,0.0,0.0,9.99,4.41,0.0
20230502:2330,0.0,0.0,0.0,9.67,4.28,0.0
20230503:0030,0.0,0.0,0.0,9.48,4.14,0.0
20230503:0130,0.0,0.0,0.0,9.19,4.07,0.0
20230503:0230,0.03,5.7,0.12,8.85,3.93,0.0
20230503:0330,24.11,40.82,8.9,8.63,3.86,0.0
20230503:0430,113.21,158.44,18.12,9.52,3.79,0.0
20230503:0530,301.39,354.08,27.43,11.35,3.59,0.0
20230503:0630,407.6,468.42,36.39,13.3,4.34,0.0
20230503:0730,461.94,533.01,44.42,14.53,4.41,0.0
20230503:0830,485.85,563.64,50.64,15.61,4.62,0.0
20230503:0930,624.15,731.77,53.93,16.5,4.55,0.0
20230503:1030,734.06,871.45,53.38,17.58,4.55,0.0
20230503:1130,732.78,871.26,49.18,18.45,4.55,0.0
20230503:1230,648.12,765.09,42.35,18.98,4.62,0.0
20230503:1330,404.37,477.07,34.0,19.35,4.83,0.0
20230503:1430,180.17,228.69,24.89,19.23,4.34,0.0
20230503:1530,57.27,95.93,15.57,18.58,2.9,0.0
20230503:1630,11.92,25.94,6.43,17.27,2.48,0.0
20230503:1730,0.0,0.0,-2.15,15.4,3.17,0.0
20230503:1830,0.0,0.0,0.0,13.67,3.38,0.0
20230503:1930,0.0,0.0,0.0,12.54,3.1,0.0
20230503:2030,0.0,0.0,0.0,11.83,2.83,0.0
20230503:2130,0.0,0.0,0.0,11.13,2.69,0.0
20230503:2230,0.0,0.0,0.0,10.61,2.62,0.0
20230503:2330,0.0,0.0,0.0,10.18,2.55,0.0
20230504:0030,0.0,0.0,0.0,9.63,2.48,0.0
20230504:0130,0.0,0.0,0.0,9.0,2.62,0.0
20230504:0230,0.05,5.74,0.38,8.59,2.76,0.0
20230504:0330,24.64,41.48,9.14,8.5,2.9,0.0
20230504:0430,77.13,103.7,18.36,9.12,2.97,0.0
20230504:0530,165.16,199.04,27.67,9.8,3.59,0.0
20230504:0630,345.12,393.44,36.64,10.51,3.72,0.0
20230504:0730,447.01,511.65,44.68,12.24,3.24,0.0
20230504:0830,494.93,570.78,50.92,13.3,3.24,0.0
20230504:0930,404.04,468.26,54.22,14.1,2.97,0.0
20230504:1030,382.48,444.55,53.67,14.5,2.97,0.0
20230504:1130,233.12,276.8,49.43,14.87,2.97,0.0
20230504:1230,196.27,235.48,42.58,14.46,3.66,0.0
20230504:1330,166.92,202.37,34.21,13.55,4.34,0.0
20230504:1430,79.46,106.4,25.1,12.34,4.69,0.0
20230504:1530,42.72,64.21,15.78,11.23,4.41,0.0
20230504:1630,7.23,18.61,6.65,10.52,4.07,0.0
20230504:1730,0.0,0.0,-1.93,9.96,3.38,0.0
20230504:1830,0.0,0.0,0.0,9.48,3.03,0.0
20230504:1930,0.0,0.0,0.0,8.95,2.83,0.0
20230504:2030,0.0,0.0,0.0,8.61,2.34,0.0
20230504:2130,0.0,0.0,0.0,8.28,2.0,0.0
20230504:2230,0.0,0.0,0.0,8.06,1.93,0.0
20230504:2330,0.0,0.0,0.0,7.67,2.0,0.0
20230505:0030,0.0,0.0,0.0,7.55,2.28,0.0
20230505:0130,0.0,0.0,0.0,7.35,2.28,0.0
20230505:0230,0.0,2.79,0.62,7.14,2.07,0.0
20230505:0330,14.19,28.03,9.38,6.88,1.93,0.0
20230505:0430,61.89,90.21,18.59,7.24,1.79,0.0
20230505:0530,157.8,191.37,27.9,8.14,1.93,0.0
20230505:0630,272.36,313.52,36.88,9.61,1.93,0.0
20230505:0730,410.56,465.46,44.94,10.85,2.55,0.0
20230505:0830,626.27,726.04,51.2,12.18,2.55,0.0
20230505:0930,593.3,687.81,54.51,13.49,2.9,0.0
20230505:1030,550.45,639.96,53.94,14.0,2.83,0.0
20230505:1130,459.73,533.83,49.69,14.38,2.55,0.0
20230505:1230,318.06,370.35,42.81,14.44,2.48,0.0
20230505:1330,278.06,327.01,34.42,14.26,2.55,0.0
20230505:1430,192.37,239.12,25.3,14.21,2.83,0.0
20230505:1530,70.51,111.1,15.98,13.91,2.55,0.0
20230505:1630,15.78,30.82,6.86,13.23,1.79,0.0
20230505:1730,0.0,0.0,-1.7,11.82,2.21,0.0
20230505:1830,0.0,0.0,0.0,10.13,2.83,0.0
20230505:1930,0.0,0.0,0.0,8.2,3.86,0.0
20230505:2030,0.0,0.0,0.0,7.2,3.79,0.0
20230505:2130,0.0,0.0,0.0,6.35,3.72,0.0
20230505:2230,0.0,0.0,0.0,5.56,3.45,0.0
20230505:2330,0.0,0.0,0.0,4.78,3.31,0.0
20230506:0030,0.0,0.0,0.0,4.05,3.24,0.0
20230506:0130,0.0,0.0,0.0,3.51,3.24,0.0
20230506:0230,0.51,6.76,0.86,2.96,3.31,0.0
20230506:0330,24.37,40.25,9.61,2.68,3.31,0.0
20230506:0430,132.35,185.73,18.82,3.61,3.31,0.0
20230506:0530,366.26,417.59,28.13,5.18,3.86,0.0
20230506:0630,579.26,646.34,37.12,6.87,4.0,0.0
20230506:0730,742.52,840.51,45.19,8.1,4.07,0.0
20230506:0830,845.71,971.89,51.47,9.21,4.34,0.0
20230506:0930,892.47,1037.46,54.79,10.02,4.28,0.0
20230506:1030,887.17,1035.03,54.22,10.66,4.21,0.0
20230506:1130,765.65,884.83,49.94,11.2,4.0,0.0
20230506:1230,624.54,715.78,43.04,11.75,3.72,0.0
20230506:1330,466.41,534.65,34.63,11.72,3.52,0.0
20230506:1430,283.23,342.54,25.51,11.65,3.79,0.0
20230506:1530,75.37,128.89,16.18,11.12,3.93,0.0
20230506:1630,14.75,29.1,7.07,10.19,3.45,0.0
20230506:1730,0.0,0.0,-1.48,8.52,3.38,0.0
20230506:1830,0.0,0.0,0.0,6.99,3.38,0.0
20230506:1930,0.0,0.0,0.0,6.63,3.66,0.0
20230506:2030,0.0,0.0,0.0,5.89,3.52,0.0
20230506:2130,0.0,0.0,0.0,4.95,3.31,0.0
20230506:2230,0.0,0.0,0.0,4.14,3.1,0.0
20230506:2330,0.0,0.0,0.0,3.68,2.97,0.0
20230507:0030,0.0,0.0,0.0,3.27,2.83,0.0
20230507:0130,0.0,0.0,0.0,3.07,2.69,0.0
20230507:0230,0.54,6.84,1.1,3.18,2.55,0.0
20230507:0330,21.99,37.46,9.84,3.29,2.48,0.0
20230507:0430,76.08,99.07,19.05,3.75,2.62,0.0
20230507:0530,201.27,233.53,28.36,4.67,3.17,0.0
20230507:0630,335.38,375.96,37.35,6.12,3.45,0.0
20230507:0730,616.22,693.01,45.44,7.55,3.66,0.0
20230507:0830,775.41,888.71,51.74,9.19,3.93,0.0
20230507:0930,798.47,920.61,55.07,10.05,4.21,0.0
20230507:1030,795.55,919.28,54.49,10.94,4.34,0.0
20230507:1130,656.46,754.0,50.19,11.67,4.14,0.0
20230507:1230,422.55,482.51,43.26,11.93,3.86,0.0
20230507:1330,302.47,350.01,34.84,12.01,3.93,0.0
20230507:1430,198.72,239.6,25.71,11.72,4.14,0.0
20230507:1530,88.7,121.96,16.38,11.33,4.41,0.0
20230507:1630,20.96,37.17,7.27,10.54,3.93,0.0
20230507:1730,0.0,0.0,-1.26,9.59,3.72,0.0
20230507:1830,0.0,0.0,0.0,8.7,3.93,0.0
20230507:1930,0.0,0.0,0.0,8.37,3.72,0.0
20230507:2030,0.0,0.0,0.0,8.02,3.72,0.0
20230507:2130,0.0,0.0,0.0,7.6,3.59,0.0
20230507:2230,0.0,0.0,0.0,7.05,3.31,0.0
20230507:2330,0.0,0.0,0.0,6.56,3.17,0.0
20230508:0030,0.0,0.0,0.0,6.0,3.38,0.0
20230508:0130,0.0,0.0,0.0,5.7,3.72,0.0
20230508:0230,1.56,9.02,1.33,5.51,3.79,0.0
20230508:0330,38.43,57.17,10.06,5.16,3.66,0.0
20230508:0430,113.87,145.07,19.26,5.53,3.38,0.0
20230508:0530,174.1,205.34,28.58,6.3,4.21,0.0
20230508:0630,371.04,415.27,37.58,7.1,4.48,0.0
20230508:0730,492.33,551.91,45.68,8.6,4.48,0.0
20230508:0830,495.83,556.05,52.0,9.73,4.76,0.0
20230508:0930,553.72,624.58,55.34,9.94,4.69,0.0
20230508:1030,549.58,624.28,54.75,11.04,4.69,0.0
20230508:1130,372.72,426.03,50.43,11.68,4.69,0.0
20230508:1230,335.01,383.46,43.48,11.6,4.69,0.0
20230508:1330,185.69,221.51,35.05,11.7,4.83,0.0
20230508:1430,138.65,171.28,25.9,11.24,4.41,0.0
20230508:1530,70.29,98.54,16.58,11.0,4.07,0.0
20230508:1630,18.89,34.55,7.48,10.55,3.45,0.0
20230508:1730,0.0,0.0,-1.05,9.76,3.17,0.0
20230508:1830,0.0,0.0,0.0,9.0,3.17,0.0
20230508:1930,0.0,0.0,0.0,7.34,2.9,0.0
20230508:2030,0.0,0.0,0.0,6.44,2.97,0.0
20230508:2130,0.0,0.0,0.0,5.76,3.03,0.0
20230508:2230,0.0,0.0,0.0,5.15,3.17,0.0
20230508:2330,0.0,0.0,0.0,4.77,3.17,0.0
20230509:0030,0.0,0.0,0.0,4.47,3.17,0.0
20230509:0130,0.0,0.0,0.0,4.2,3.03,0.0
20230509:0230,1.69,9.22,1.56,3.88,2.97,0.0
20230509:0330,32.89,50.49,10.28,3.72,2.83,0.0
20230509:0430,126.38,170.71,19.48,5.02,2.69,0.0
20230509:0530,277.87,320.73,28.79,7.12,3.24,0.0
20230509:0630,441.0,497.12,37.8,8.82,3.59,0.0
20230509:0730,546.43,621.84,45.92,10.8,3.52,0.0
20230509:0830,605.0,690.19,52.26,11.63,4.55,0.0
20230509:0930,475.57,542.64,55.61,11.99,4.34,0.0
20230509:1030,398.45,454.59,55.02,12.14,4.07,0.0
20230509:1130,482.04,549.78,50.67,12.1,3.79,0.0
20230509:1230,320.27,369.19,43.7,12.15,3.45,0.0
20230509:1330,297.62,344.89,35.25,12.11,3.24,0.0
20230509:1430,188.35,229.68,26.1,12.07,3.24,0.0
20230509:1530,81.95,118.93,16.78,11.89,3.31,0.0
20230509:1630,19.8,35.82,7.68,11.34,2.69,0.0
20230509:1730,0.0,0.0,-0.83,9.79,2.55,0.0
20230509:1830,0.0,0.0,0.0,7.9,2.83,0.0
20230509:1930,0.0,0.0,0.0,8.36,2.48,0.0
20230509:2030,0.0,0.0,0.0,7.34,2.55,0.0
20230509:2130,0.0,0.0,0.0,6.69,2.62,0.0
20230509:2230,0.0,0.0,0.0,6.63,2.69,0.0
20230509:2330,0.0,0.0,0.0,6.39,2.69,0.0
20230510:0030,0.0,0.0,0.0,6.4,2.62,0.0
20230510:0130,0.0,0.0,0.0,6.13,2.55,0.0
20230510:0230,1.62,9.14,1.78,5.8,2.48,0.0
20230510:0330,29.52,46.89,10.49,5.57,2.34,0.0
20230510:0430,118.37,156.52,19.68,6.18,2.14,0.0
20230510:0530,269.51,314.02,29.0,7.95,2.48,0.0
20230510:0630,480.08,546.92,38.02,9.71,2.48,0.0
20230510:0730,705.06,815.69,46.15,11.34,3.17,0.0
20230510:0830,591.8,680.17,52.51,12.53,3.79,0.0
20230510:0930,428.0,492.05,55.87,12.75,3.45,0.0
20230510:1030,539.19,621.57,55.27,12.85,3.24,0.0
20230510:1130,488.4,563.78,50.91,13.21,3.1,0.0
20230510:1230,351.97,407.79,43.92,13.38,3.03,0.0
20230510:1330,288.27,337.48,35.45,13.3,2.9,0.0
20230510:1430,185.41,227.17,26.29,13.23,2.83,0.0
20230510:1530,73.58,104.19,16.97,12.94,2.76,0.0
20230510:1630,22.04,38.81,7.88,12.28,2.14,0.0
20230510:1730,0.0,0.0,-0.62,10.86,2.28,0.0
20230510:1830,0.0,0.0,0.0,9.76,2.34,0.0
20230510:1930,0.0,0.0,0.0,9.64,1.93,0.0
20230510:2030,0.0,0.0,0.0,8.76,2.0,0.0
20230510:2130,0.0,0.0,0.0,7.72,2.14,0.0
20230510:2230,0.0,0.0,0.0,6.6,2.28,0.0
20230510:2330,0.0,0.0,0.0,6.28,2.28,0.0
20230511:0030,0.0,0.0,0.0,6.66,2.28,0.0
20230511:0130,0.0,0.0,0.0,6.86,2.41,0.0
20230511:0230,1.44,8.81,1.99,6.88,2.55,0.0
20230511:0330,32.0,50.04,10.7,6.8,2.55,0.0
20230511:0430,106.36,140.39,19.89,7.66,2.41,0.0
20230511:0530,264.46,309.83,29.2,9.14,2.48,0.0
20230511:0630,517.81,594.14,38.23,11.12,2.69,0.0
20230511:0730,663.39,773.91,46.38,13.07,2.9,0.0
20230511:0830,739.63,875.55,52.75,14.18,2.9,0.0
20230511:0930,691.53,817.47,56.13,15.14,3.1,0.0
20230511:1030,670.74,795.2,55.53,15.57,2.83,0.0
20230511:1130,624.27,737.26,51.14,15.98,2.69,0.0
20230511:1230,504.95,594.25,44.13,16.07,2.21,0.0
20230511:1330,373.9,442.14,35.64,16.48,2.0,0.0
20230511:1430,218.1,272.82,26.48,16.47,1.93,0.0
20230511:1530,68.34,107.94,17.16,16.06,1.79,0.0
20230511:1630,16.52,31.97,8.08,14.48,1.38,0.0
20230511:1730,0.0,0.0,-0.41,13.13,1.93,0.0
20230511:1830,0.0,0.0,0.0,11.65,1.86,0.0
20230511:1930,0.0,0.0,0.0,10.46,1.93,0.0
20230511:2030,0.0,0.0,0.0,8.84,2.0,0.0
20230511:2130,0.0,0.0,0.0,7.53,2.14,0.0
20230511:2230,0.0,0.0,0.0,6.82,2.21,0.0
20230511:2330,0.0,0.0,0.0,6.39,2.34,0.0
20230512:0030,0.0,0.0,0.0,6.02,2.41,0.0
20230512:0130,0.0,0.0,0.0,5.62,2.41,0.0
20230512:0230,2.33,10.45,2.2,5.18,2.34,0.0
20230512:0330,26.91,43.69,10.9,5.06,2.07,0.0
20230512:0430,131.88,188.06,20.08,7.41,1.52,0.0
20230512:0530,340.08,404.18,29.4,11.22,1.45,0.0
20230512:0630,526.72,620.37,38.43,13.75,1.38,0.0
20230512:0730,663.85,803.27,46.6,15.81,1.24,0.0
20230512:0830,715.07,872.21,52.99,17.37,1.79,0.0
20230512:0930,761.2,930.08,56.38,18.25,2.41,0.0
20230512:1030,786.78,966.76,55.77,18.77,2.55,0.0
20230512:1130,706.16,861.29,51.37,19.3,2.41,0.0
20230512:1230,592.9,714.63,44.33,19.46,2.21,0.0
20230512:1330,457.29,549.73,35.84,19.51,2.07,0.0
20230512:1430,242.24,306.52,26.67,19.39,2.21,0.0
20230512:1530,73.26,124.35,17.35,18.9,2.21,0.0
20230512:1630,13.92,28.77,8.27,17.52,1.72,0.0
20230512:1730,0.0,0.0,-0.21,16.24,1.31,0.0
20230512:1830,0.0,0.0,0.0,13.96,1.31,0.0
20230512:1930,0.0,0.0,0.0,12.19,1.93,0.0
20230512:2030,0.0,0.0,0.0,10.86,1.93,0.0
20230512:2130,0.0,0.0,0.0,9.72,1.93,0.0
20230512:2230,0.0,0.0,0.0,8.98,1.86,0.0
20230512:2330,0.0,0.0,0.0,7.97,2.0,0.0
20230513:0030,0.0,0.0,0.0,7.12,2.07,0.0
20230513:0130,0.0,0.0,0.0,6.56,2.14,0.0
20230513:0230,2.63,11.02,2.41,6.21,2.21,0.0
20230513:0330,27.01,44.02,11.09,6.33,2.0,0.0
20230513:0430,131.5,189.03,20.27,9.08,1.45,0.0
20230513:0530,337.04,405.67,29.59,13.65,1.31,0.0
20230513:0630,522.65,623.29,38.63,16.27,1.38,0.0
20230513:0730,662.03,806.07,46.81,18.12,1.59,0.0
20230513:0830,705.27,869.73,53.23,19.52,1.72,0.0
20230513:0930,671.49,826.37,56.63,20.28,1.79,0.0
20230513:1030,698.58,870.29,56.02,20.6,1.52,0.0
20230513:1130,686.2,856.37,51.59,21.04,1.38,0.0
20230513:1230,535.4,653.76,44.54,21.28,1.31,0.0
20230513:1330,363.3,442.34,36.03,21.14,1.1,0.0
20230513:1430,232.06,297.81,26.86,20.81,1.03,0.0
20230513:1530,70.92,119.93,17.54,20.53,1.1,0.0
20230513:1630,16.89,33.07,8.47,19.45,0.97,0.0
20230513:1730,0.0,0.0,-0.0,17.76,1.45,0.0
20230513:1830,0.0,0.0,0.0,15.46,1.93,0.0
20230513:1930,0.0,0.0,0.0,14.12,2.28,0.0
20230513:2030,0.0,0.0,0.0,12.89,2.48,0.0
20230513:2130,0.0,0.0,0.0,11.89,2.62,0.0
20230513:2230,0.0,0.0,0.0,11.38,2.69,0.0
20230513:2330,0.0,0.0,0.0,10.89,2.83,0.0
20230514:0030,0.0,0.0,0.0,10.36,2.76,0.0
20230514:0130,0.0,0.0,0.0,9.65,2.55,0.0
20230514:0230,2.72,11.27,2.6,8.84,2.41,0.0
20230514:0330,27.22,44.63,11.28,8.43,2.0,0.0
20230514:0430,131.42,189.84,20.46,10.62,1.45,0.0
20230514:0530,337.7,407.66,29.78,14.47,1.45,0.0
20230514:0630,523.34,625.74,38.83,17.09,1.52,0.0
20230514:0730,665.02,811.49,47.02,18.84,1.72,0.0
20230514:0830,753.48,939.09,53.45,20.77,2.0,0.0
20230514:0930,752.32,935.37,56.87,22.06,2.55,0.0
20230514:1030,696.27,858.7,56.26,22.47,2.69,0.0
20230514:1130,691.0,854.36,51.81,22.55,2.55,0.0
20230514:1230,621.24,762.12,44.74,22.75,2.41,0.0
20230514:1330,447.25,544.53,36.22,22.82,2.41,0.0
20230514:1430,261.94,336.41,27.04,22.58,2.41,0.0
20230514:1530,71.97,126.73,17.72,21.99,2.07,0.0
20230514:1630,19.74,37.09,8.66,20.93,1.72,0.0
20230514:1730,0.0,4.63,0.2,19.18,2.34,0.0
20230514:1830,0.0,0.0,0.0,16.85,2.69,0.0
20230514:1930,0.0,0.0,0.0,15.68,2.55,0.0
20230514:2030,0.0,0.0,0.0,14.22,2.41,0.0
20230514:2130,0.0,0.0,0.0,12.84,2.41,0.0
20230514:2230,0.0,0.0,0.0,11.8,2.55,0.0
20230514:2330,0.0,0.0,0.0,10.98,2.55,0.0
20230515:0030,0.0,0.0,0.0,10.26,2.48,0.0
20230515:0130,0.0,0.0,0.0,9.45,2.34,0.0
20230515:0230,3.31,12.3,2.8,8.74,2.28,0.0
20230515:0330,27.62,45.12,11.47,8.48,1.93,0.0
20230515:0430,131.81,191.0,20.64,11.03,1.38,0.0
20230515:0530,337.62,407.26,29.96,14.74,1.72,0.0
20230515:0630,522.64,621.09,39.01,17.28,2.14,0.0
20230515:0730,659.92,804.19,47.22,19.54,2.0,0.0
20230515:0830,730.63,901.72,53.68,21.41,2.55,0.0
20230515:0930,715.38,881.39,57.11,22.72,3.03,0.0
20230515:1030,599.0,730.13,56.49,23.15,2.9,0.0
20230515:1130,620.45,757.58,52.03,23.14,2.9,0.0
20230515:1230,569.7,692.1,44.94,23.38,3.1,0.0
20230515:1330,453.89,550.01,36.4,23.41,3.52,0.0
20230515:1430,234.34,301.29,27.22,23.36,3.52,0.0
20230515:1530,70.53,119.58,17.9,22.78,2.97,0.0
20230515:1630,20.58,38.28,8.84,21.57,3.1,0.0
20230515:1730,0.0,5.2,0.39,19.81,3.86,0.0
20230515:1830,0.0,0.0,0.0,18.6,4.34,0.0
20230515:1930,0.0,0.0,0.0,17.9,4.07,0.0
20230515:2030,0.0,0.0,0.0,17.22,4.21,0.0
20230515:2130,0.0,0.0,0.0,16.5,4.21,0.0
20230515:2230,0.0,0.0,0.0,15.83,4.0,0.0
20230515:2330,0.0,0.0,0.0,15.01,3.59,0.0
20230516:0030,0.0,0.0,0.0,14.27,3.24,0.0
20230516:0130,0.0,0.0,0.0,13.52,3.1,0.0
20230516:0230,4.67,14.75,2.98,12.97,3.03,0.0
20230516:0330,38.96,59.55,11.64,12.8,2.97,0.0
20230516:0430,119.68,160.29,20.81,13.77,2.76,0.0
20230516:0530,162.27,201.49,30.13,15.46,3.1,0.0
20230516:0630,214.33,257.72,39.19,16.39,3.38,0.0
20230516:0730,161.36,199.36,47.42,17.13,4.28,0.0
20230516:0830,120.45,153.78,53.89,16.75,4.41,0.0
20230516:0930,145.08,180.75,57.34,16.57,4.0,0.0
20230516:1030,194.74,234.48,56.72,16.78,4.07,0.0
20230516:1130,163.28,200.86,52.24,17.25,4.41,0.0
20230516:1230,105.52,136.59,45.13,17.51,4.34,0.0
20230516:1330,69.1,95.93,36.59,17.47,3.79,0.0
20230516:1430,43.63,66.28,27.4,17.21,4.21,0.0
20230516:1530,25.72,45.42,18.08,16.56,3.72,0.0
20230516:1630,9.26,21.97,9.03,15.48,3.17,0.0
20230516:1730,0.0,4.06,0.59,15.21,3.17,0.0
20230516:1830,0.0,0.0,0.0,14.35,3.17,0.0
20230516:1930,0.0,0.0,0.0,14.04,2.83,0.0
20230516:2030,0.0,0.0,0.0,13.72,3.1,0.0
20230516:2130,0.0,0.0,0.0,13.91,3.31,0.0
20230516:2230,0.0,0.0,0.0,14.12,3.66,0.0
20230516:2330,0.0,0.0,0.0,13.8,3.66,0.0
20230517:0030,0.0,0.0,0.0,13.58,3.45,0.0
20230517:0130,0.0,0.0,0.0,14.11,3.24,0.0
20230517:0230,0.87,7.79,3.17,14.29,3.03,0.0
20230517:0330,19.84,36.27,11.82,14.25,3.03,0.0
20230517:0430,71.6,102.81,20.98,14.68,3.17,0.0
20230517:0530,96.13,126.41,30.3,15.78,3.38,0.0
20230517:0630,269.19,318.12,39.37,16.45,3.45,0.0
20230517:0730,396.63,463.64,47.61,17.97,4.0,0.0
20230517:0830,575.62,677.81,54.1,19.21,4.28,0.0
20230517:0930,508.31,599.17,57.57,20.32,4.48,0.0
20230517:1030,485.27,573.07,56.94,20.48,4.21,0.0
20230517:1130,485.78,574.73,52.45,20.81,4.14,0.0
20230517:1230,333.98,397.79,45.32,21.34,4.21,0.0
20230517:1330,213.1,261.25,36.77,21.19,4.14,0.0
20230517:1430,141.25,184.49,27.57,20.89,3.45,0.0
20230517:1530,63.46,107.83,18.26,20.51,2.55,0.0
20230517:1630,16.82,33.03,9.21,20.0,2.07,0.0
20230517:1730,0.0,5.66,0.78,18.67,1.72,0.0
20230517:1830,0.0,0.0,0.0,17.16,1.72,0.0
20230517:1930,0.0,0.0,0.0,15.69,2.07,0.0
20230517:2030,0.0,0.0,0.0,14.69,2.34,0.0
20230517:2130,0.0,0.0,0.0,14.12,2.55,0.0
20230517:2230,0.0,0.0,0.0,13.94,2.83,0.0
20230517:2330,0.0,0.0,0.0,13.68,2.83,0.0
20230518:0030,0.0,0.0,0.0,13.35,2.55,0.0
20230518:0130,0.0,0.0,0.0,12.88,2.28,0.0
20230518:0230,3.23,12.3,3.34,12.14,2.14,0.0
20230518:0330,31.47,50.41,11.98,11.84,1.86,0.0
20230518:0430,126.19,181.93,21.14,13.62,1.52,0.0
20230518:0530,331.34,402.64,30.46,16.19,1.66,0.0
20230518:0630,481.43,576.97,39.54,18.74,1.79,0.0
20230518:0730,612.22,749.29,47.79,20.5,1.66,0.0
20230518:0830,721.27,903.6,54.31,21.92,1.79,0.0
20230518:0930,727.77,917.73,57.79,22.87,1.79,0.0
20230518:1030,704.37,891.35,57.16,23.49,1.66,0.0
20230518:1130,499.28,617.32,52.65,24.04,1.31,0.0
20230518:1230,302.55,375.85,45.51,24.24,0.9,0.0
20230518:1330,246.48,308.83,36.94,24.18,0.76,0.0
20230518:1430,177.72,231.34,27.74,24.07,1.31,0.0
20230518:1530,67.66,105.75,18.43,23.62,1.66,0.0
20230518:1630,21.01,38.98,9.39,22.36,2.0,0.0
20230518:1730,0.08,5.98,0.96,20.89,2.34,0.0
20230518:1830,0.0,0.0,0.0,19.19,2.62,0.0
20230518:1930,0.0,0.0,0.0,18.15,3.24,0.0
20230518:2030,0.0,0.0,0.0,17.7,3.38,0.0
20230518:2130,0.0,0.0,0.0,17.5,3.38,0.0
20230518:2230,0.0,0.0,0.0,17.23,3.45,0.0
20230518:2330,0.0,0.0,0.0,17.04,3.59,0.0
20230519:0030,0.0,0.0,0.0,16.85,3.79,0.0
20230519:0130,0.0,0.0,0.0,16.64,3.79,0.0
20230519:0230,0.03,5.78,3.51,16.4,3.52,0.0
20230519:0330,20.52,37.42,12.15,16.18,3.24,0.0
20230519:0430,44.43,66.94,21.3,16.3,3.17,0.0
20230519:0530,90.45,120.35,30.62,16.47,3.1,0.0
20230519:0630,101.32,132.61,39.7,16.79,3.31,0.0
20230519:0730,256.16,304.01,47.97,16.94,3.1,0.0
20230519:0830,288.25,342.18,54.5,18.0,3.1,0.0
20230519:0930,460.41,541.29,58.0,18.73,3.38,0.0
20230519:1030,423.18,497.38,57.38,19.58,4.07,0.0
20230519:1130,401.54,472.44,52.85,19.95,4.41,0.0
20230519:1230,310.12,367.75,45.69,20.17,4.62,0.0
20230519:1330,252.01,303.66,37.11,19.96,4.62,0.0
20230519:1430,206.9,259.72,27.91,19.78,4.55,0.0
20230519:1530,76.35,124.35,18.6,19.62,4.41,0.0
20230519:1630,22.43,40.33,9.56,19.19,3.86,0.0
20230519:1730,0.31,6.56,1.15,18.31,3.1,0.0
20230519:1830,0.0,0.0,0.0,16.98,2.9,0.0
20230519:1930,0.0,0.0,0.0,15.97,2.97,0.0
20230519:2030,0.0,0.0,0.0,15.18,2.97,0.0
20230519:2130,0.0,0.0,0.0,14.64,3.03,0.0
20230519:2230,0.0,0.0,0.0,14.14,3.1,0.0
20230519:2330,0.0,0.0,0.0,13.67,3.17,0.0
20230520:0030,0.0,0.0,0.0,13.32,3.17,0.0
20230520:0130,0.0,0.0,0.0,12.96,3.24,0.0
20230520:0230,4.61,14.63,3.68,12.4,3.31,0.0
20230520:0330,31.01,49.92,12.3,12.39,3.38,0.0
20230520:0430,123.77,178.83,21.45,13.33,3.45,0.0
20230520:0530,331.03,393.89,30.77,14.69,4.48,0.0
20230520:0630,532.11,616.22,39.86,16.14,4.9,0.0
20230520:0730,686.28,798.8,48.14,16.93,5.52,0.0
20230520:0830,787.05,928.9,54.69,17.97,5.66,0.0
20230520:0930,831.68,992.49,58.21,18.82,5.52,0.0
20230520:1030,821.18,984.7,57.59,19.51,5.24,0.0
20230520:1130,753.75,900.63,53.05,20.03,5.03,0.0
20230520:1230,637.9,756.24,45.87,20.37,4.9,0.0
20230520:1330,475.5,563.62,37.28,20.45,4.97,0.0
20230520:1430,275.57,346.11,28.08,20.24,5.03,0.0
20230520:1530,80.16,138.06,18.77,19.7,4.97,0.0
20230520:1630,21.78,39.43,9.74,18.82,4.41,0.0
20230520:1730,0.75,7.58,1.33,17.37,4.21,0.0
20230520:1830,0.0,0.0,0.0,15.78,4.21,0.0
20230520:1930,0.0,0.0,0.0,14.72,4.48,0.0
20230520:2030,0.0,0.0,0.0,13.69,4.34,0.0
20230520:2130,0.0,0.0,0.0,12.82,4.28,0.0
20230520:2230,0.0,0.0,0.0,12.0,4.0,0.0
20230520:2330,0.0,0.0,0.0,11.07,3.31,0.0
20230521:0030,0.0,0.0,0.0,10.08,2.9,0.0
20230521:0130,0.0,0.0,0.0,9.25,2.9,0.0
20230521:0230,7.47,18.85,3.84,8.73,3.1,0.0
20230521:0330,43.29,63.69,12.45,8.98,3.31,0.0
20230521:0430,143.04,193.86,21.6,10.22,3.31,0.0
20230521:0530,313.72,368.27,30.92,11.87,4.07,0.0
20230521:0630,491.73,563.29,40.01,13.15,4.48,0.0
20230521:0730,589.67,676.99,48.3,14.36,5.17,0.0
20230521:0830,657.9,764.5,54.88,15.37,4.97,0.0
20230521:0930,670.23,786.52,58.41,16.38,4.76,0.0
20230521:1030,616.3,722.84,57.79,17.46,4.69,0.0
20230521:1130,660.94,781.33,53.24,17.99,4.41,0.0
20230521:1230,634.1,751.23,46.05,18.96,4.21,0.0
20230521:1330,406.02,481.39,37.45,19.36,4.0,0.0
20230521:1430,256.8,320.79,28.24,19.34,3.86,0.0
20230521:1530,91.01,139.82,18.93,19.03,3.86,0.0
20230521:1630,24.69,43.11,9.91,18.36,3.31,0.0
20230521:1730,0.8,7.7,1.51,17.04,2.97,0.0
20230521:1830,0.0,0.0,0.0,15.74,2.97,0.0
20230521:1930,0.0,0.0,0.0,14.24,2.9,0.0
20230521:2030,0.0,0.0,0.0,13.09,2.9,0.0
20230521:2130,0.0,0.0,0.0,12.21,2.97,0.0
20230521:2230,0.0,0.0,0.0,11.63,3.17,0.0
20230521:2330,0.0,0.0,0.0,11.18,3.24,0.0
20230522:0030,0.0,0.0,0.0,10.67,3.1,0.0
20230522:0130,0.0,0.0,0.0,10.16,2.97,0.0
20230522:0230,5.91,16.56,3.99,9.67,2.83,0.0
20230522:0330,33.32,52.21,12.6,9.83,2.62,0.0
20230522:0430,135.12,192.01,21.74,11.58,2.48,0.0
20230522:0530,342.32,408.76,31.06,14.07,2.9,0.0
20230522:0630,534.54,626.52,40.16,16.28,3.24,0.0
20230522:0730,683.48,807.33,48.46,17.85,4.21,0.0
20230522:0830,779.54,935.56,55.06,19.17,4.41,0.0
20230522:0930,725.23,873.27,58.61,20.1,4.07,0.0
20230522:1030,706.96,854.66,57.99,20.56,3.59,0.0
20230522:1130,631.71,761.18,53.42,20.82,3.24,0.0
20230522:1230,508.41,607.57,46.22,21.02,3.1,0.0
20230522:1330,382.47,458.77,37.61,21.05,2.97,0.0
20230522:1430,223.91,285.16,28.4,20.79,3.38,0.0
20230522:1530,80.36,138.13,19.09,20.4,3.79,0.0
20230522:1630,22.24,40.16,10.07,19.66,3.79,0.0
20230522:1730,1.28,8.77,1.68,17.97,3.86,0.0
20230522:1830,0.0,0.0,0.0,16.4,3.86,0.0
20230522:1930,0.0,0.0,0.0,15.8,3.59,0.0
20230522:2030,0.0,0.0,0.0,15.13,3.38,0.0
20230522:2130,0.0,0.0,0.0,14.8,3.03,0.0
20230522:2230,0.0,0.0,0.0,13.92,2.76,0.0
20230522:2330,0.0,0.0,0.0,12.99,2.69,0.0
20230523:0030,0.0,0.0,0.0,12.27,2.55,0.0
20230523:0130,0.0,0.0,0.0,11.95,2.34,0.0
20230523:0230,3.72,13.11,4.13,11.72,2.28,0.0
20230523:0330,35.47,55.37,12.73,12.54,2.0,0.0
20230523:0430,120.35,168.24,21.87,14.01,1.86,0.0
20230523:0530,258.65,313.86,31.19,15.96,2.07,0.0
20230523:0630,417.06,494.38,40.3,17.73,2.0,0.0
20230523:0730,533.81,638.5,48.62,19.6,2.34,0.0
20230523:0830,745.95,919.88,55.23,20.61,2.48,0.0
20230523:0930,768.3,959.76,58.8,21.76,2.34,0.0
20230523:1030,742.79,929.62,58.18,22.55,2.28,0.0
20230523:1130,552.12,672.81,53.61,23.02,2.34,0.0
20230523:1230,253.43,310.03,46.39,22.87,2.41,0.0
20230523:1330,289.65,353.14,37.77,22.32,2.21,0.0
20230523:1430,175.85,229.19,28.56,22.64,2.14,0.0
20230523:1530,65.32,106.69,19.25,21.62,1.72,0.0
20230523:1630,21.7,39.63,10.23,20.56,1.38,0.0
20230523:1730,0.96,8.11,1.85,19.53,0.21,0.0
20230523:1830,0.0,0.0,0.0,17.86,1.59,0.0
20230523:1930,0.0,0.0,0.0,16.85,2.28,0.0
20230523:2030,0.0,0.0,0.0,16.15,2.0,0.0
20230523:2130,0.0,0.0,0.0,15.1,1.79,0.0
20230523:2230,0.0,0.0,0.0,14.58,1.38,0.0
20230523:2330,0.0,0.0,0.0,14.37,1.17,0.0
20230524:0030,0.0,0.0,0.0,14.03,1.1,0.0
20230524:0130,0.0,0.0,0.0,13.83,1.03,0.0
20230524:0230,6.29,17.38,4.28,13.5,0.9,0.0
20230524:0330,29.92,48.93,12.87,13.74,0.62,0.0
20230524:0430,123.06,180.52,22.0,14.81,0.14,0.0
20230524:0530,318.74,394.68,31.32,17.7,0.34,0.0
20230524:0630,490.86,601.79,40.43,19.76,0.48,0.0
20230524:0730,620.65,778.12,48.76,21.13,0.55,0.0
20230524:0830,685.21,873.37,55.4,22.32,0.69,0.0
20230524:0930,684.66,874.99,58.99,23.2,0.83,0.0
20230524:1030,696.91,890.26,58.37,23.95,1.17,0.0
20230524:1130,662.64,838.27,53.78,24.51,1.45,0.0
20230524:1230,537.35,664.66,46.56,24.88,1.86,0.0
20230524:1330,340.33,418.57,37.93,25.01,2.28,0.0
20230524:1430,198.39,259.04,28.71,24.84,2.55,0.0
20230524:1530,67.02,109.32,19.41,22.51,2.83,0.0
20230524:1630,19.93,37.46,10.39,21.84,2.34,0.0
20230524:1730,0.73,7.62,2.01,21.3,0.69,0.0
20230524:1830,0.0,0.0,0.0,20.72,0.55,0.0
20230524:1930,0.0,0.0,0.0,18.54,1.03,0.0
20230524:2030,0.0,0.0,0.0,18.7,0.9,0.0
20230524:2130,0.0,0.0,0.0,15.36,2.0,0.0
20230524:2230,0.0,0.0,0.0,14.35,2.07,0.0
20230524:2330,0.0,0.0,0.0,13.73,2.0,0.0
20230525:0030,0.0,0.0,0.0,13.4,2.07,0.0
20230525:0130,0.0,0.0,-3.28,13.03,2.07,0.0
20230525:0230,6.97,18.36,4.41,12.62,2.07,0.0
20230525:0330,32.45,51.84,12.99,13.06,1.66,0.0
20230525:0430,129.3,190.01,22.12,15.99,1.24,0.0
20230525:0530,324.01,400.95,31.44,19.15,1.24,0.0
20230525:0630,472.64,575.97,40.56,21.64,1.52,0.0
20230525:0730,553.62,672.35,48.9,22.94,2.62,0.0
20230525:0830,541.85,658.59,55.56,23.66,2.83,0.0
20230525:0930,542.65,659.73,59.16,23.79,2.76,0.0
20230525:1030,598.56,734.96,58.55,23.88,2.55,0.0
20230525:1130,567.79,699.98,53.96,24.45,2.28,0.0
20230525:1230,413.91,504.72,46.72,24.64,2.21,0.0
20230525:1330,346.25,424.39,38.08,24.59,2.48,0.0
20230525:1430,163.23,215.54,28.86,24.59,2.9,0.0
20230525:1530,64.51,107.15,19.56,23.92,2.97,0.0
20230525:1630,18.86,36.15,10.55,22.77,2.41,0.0
20230525:1730,0.5,7.09,2.18,21.74,2.14,0.0
20230525:1830,0.0,0.0,0.0,20.39,2.21,0.0
20230525:1930,0.0,0.0,0.0,19.13,2.48,0.0
20230525:2030,0.0,0.0,0.0,18.33,2.41,0.0
20230525:2130,0.0,0.0,0.0,17.52,2.48,0.0
20230525:2230,0.0,0.0,0.0,16.73,2.55,0.0
20230525:2330,0.0,0.0,0.0,16.28,2.55,0.0
20230526:0030,0.0,0.0,0.0,15.45,2.55,0.0
20230526:0130,0.0,0.0,-3.14,15.02,2.34,0.0
20230526:0230,6.8,18.2,4.54,14.23,2.28,0.0
20230526:0330,32.19,51.76,13.11,14.26,1.93,0.0
20230526:0430,129.41,190.53,22.24,16.49,1.59,0.0
20230526:0530,323.61,399.84,31.56,19.39,1.59,0.0
20230526:0630,485.93,591.13,40.68,21.73,1.79,0.0
20230526:0730,580.14,710.12,49.04,23.16,2.21,0.0
20230526:0830,622.33,765.26,55.71,24.04,2.69,0.0
20230526:0930,597.58,733.64,59.34,24.53,2.83,0.0
20230526:1030,623.47,768.6,58.73,24.7,2.76,0.0
20230526:1130,551.49,678.08,54.12,25.03,2.55,0.0
20230526:1230,515.54,634.86,46.87,25.19,2.28,0.0
20230526:1330,396.57,489.06,38.23,25.43,2.21,0.0
20230526:1430,256.16,332.76,29.01,25.39,2.41,0.0
20230526:1530,74.33,129.81,19.71,25.03,2.62,0.0
20230526:1630,21.69,40.16,10.7,24.19,2.21,0.0
20230526:1730,1.83,10.04,2.34,22.7,2.21,0.0
20230526:1830,0.0,0.0,0.0,20.74,2.48,0.0
20230526:1930,0.0,0.0,0.0,19.19,2.14,0.0
20230526:2030,0.0,0.0,0.0,17.71,2.14,0.0
20230526:2130,0.0,0.0,0.0,16.37,2.21,0.0
20230526:2230,0.0,0.0,0.0,15.32,2.28,0.0
20230526:2330,0.0,0.0,0.0,14.93,2.48,0.0
20230527:0030,0.0,0.0,0.0,14.67,2.69,0.0
20230527:0130,0.0,0.0,-3.01,14.48,2.83,0.0
20230527:0230,7.46,19.22,4.66,14.43,2.9,0.0
20230527:0330,30.25,49.51,13.23,15.05,2.76,0.0
20230527:0430,126.29,187.01,22.35,16.8,2.55,0.0
20230527:0530,283.8,348.0,31.67,18.8,2.83,0.0
20230527:0630,450.71,536.89,40.8,20.47,3.24,0.0
20230527:0730,576.52,689.37,49.17,21.65,3.86,0.0
20230527:0830,672.8,812.41,55.86,22.78,4.41,0.0
20230527:0930,663.76,800.85,59.5,22.85,4.76,0.0
20230527:1030,513.54,612.21,58.9,23.21,5.17,0.0
20230527:1130,500.17,593.83,54.29,22.35,4.9,0.0
20230527:1230,446.91,532.0,47.03,22.97,4.97,0.0
20230527:1330,356.2,429.29,38.38,23.4,5.17,0.0
20230527:1430,229.68,292.28,29.15,22.86,5.45,0.0
20230527:1530,81.77,126.64,19.85,22.38,5.24,0.0
20230527:1630,25.36,44.55,10.85,21.82,4.48,0.0
20230527:1730,2.3,10.9,2.49,20.65,4.0,0.0
20230527:1830,0.0,0.0,0.0,19.1,4.21,0.0
20230527:1930,0.0,0.0,0.0,17.4,4.9,0.0
20230527:2030,0.0,0.0,0.0,16.31,5.31,0.0
20230527:2130,0.0,0.0,0.0,15.3,5.03,0.0
20230527:2230,0.0,0.0,0.0,14.39,4.55,0.0
20230527:2330,0.0,0.0,0.0,13.58,4.28,0.0
20230528:0030,0.0,0.0,0.0,12.85,4.21,0.0
20230528:0130,0.0,0.0,-2.88,12.15,4.28,0.0
20230528:0230,8.4,20.41,4.78,11.48,4.28,0.0
20230528:0330,32.42,51.39,13.34,11.33,4.21,0.0
20230528:0430,138.49,199.37,22.45,11.95,4.48,0.0
20230528:0530,350.46,413.36,31.77,13.05,4.83,0.0
20230528:0630,542.52,624.8,40.91,14.4,4.55,0.0
20230528:0730,692.72,805.85,49.29,15.36,4.62,0.0
20230528:0830,790.87,934.33,56.0,16.57,4.76,0.0
20230528:0930,835.41,997.75,59.66,17.38,4.69,0.0
20230528:1030,821.28,984.81,59.07,18.05,4.48,0.0
20230528:1130,760.58,909.53,54.45,18.54,4.21,0.0
20230528:1230,639.98,758.56,47.18,18.89,4.0,0.0
20230528:1330,483.67,573.83,38.52,19.03,3.66,0.0
20230528:1430,284.54,356.44,29.29,18.97,3.31,0.0
20230528:1530,86.85,147.15,19.99,18.7,3.24,0.0
20230528:1630,24.93,43.4,10.99,18.15,2.97,0.0
20230528:1730,2.65,11.43,2.64,16.91,2.48,0.0
20230528:1830,0.0,0.0,0.0,15.07,2.69,0.0
20230528:1930,0.0,0.0,0.0,13.76,2.62,0.0
20230528:2030,0.0,0.0,0.0,12.68,2.69,0.0
20230528:2130,0.0,0.0,0.0,11.84,2.76,0.0
20230528:2230,0.0,0.0,0.0,11.09,2.62,0.0
20230528:2330,0.0,0.0,0.0,10.33,2.55,0.0
20230529:0030,0.0,0.0,0.0,9.65,2.55,0.0
20230529:0130,0.0,0.0,-2.76,9.06,2.48,0.0
20230529:0230,8.8,20.78,4.89,8.48,2.41,0.0
20230529:0330,32.66,51.23,13.44,8.78,2.14,0.0
20230529:0430,139.93,202.01,22.55,11.38,2.0,0.0
20230529:0530,349.73,419.26,31.87,13.95,2.28,0.0
20230529:0630,534.39,630.08,41.01,16.06,2.48,0.0
20230529:0730,678.54,810.41,49.4,16.99,2.69,0.0
20230529:0830,771.48,938.76,56.13,18.15,2.76,0.0
20230529:0930,810.2,999.23,59.81,18.95,2.62,0.0
20230529:1030,793.48,983.25,59.23,19.65,2.41,0.0
20230529:1130,737.26,908.07,54.6,20.23,2.34,0.0
20230529:1230,625.9,761.96,47.32,20.65,2.21,0.0
20230529:1330,470.2,570.1,38.66,20.89,2.0,0.0
20230529:1430,278.03,354.08,29.43,20.93,1.86,0.0
20230529:1530,85.63,146.64,20.13,20.75,1.72,0.0
20230529:1630,24.71,43.52,11.14,20.36,1.59,0.0
20230529:1730,2.8,11.8,2.79,19.33,1.45,0.0
20230529:1830,0.0,0.0,0.0,17.33,2.0,0.0
20230529:1930,0.0,0.0,0.0,15.2,2.28,0.0
20230529:2030,0.0,0.0,0.0,13.69,2.41,0.0
20230529:2130,0.0,0.0,0.0,12.62,2.48,0.0
20230529:2230,0.0,0.0,0.0,11.82,2.55,0.0
20230529:2330,0.0,0.0,0.0,11.12,2.48,0.0
20230530:0030,0.0,0.0,0.0,10.46,2.41,0.0
20230530:0130,0.0,0.0,-2.64,9.75,2.34,0.0
20230530:0230,8.94,21.02,5.0,9.13,2.21,0.0
20230530:0330,33.98,52.95,13.54,9.48,1.79,0.0
20230530:0430,138.42,199.89,22.64,12.79,1.59,0.0
20230530:0530,339.4,412.38,31.96,15.84,1.59,0.0
20230530:0630,520.22,625.09,41.11,18.46,1.72,0.0
20230530:0730,660.42,803.51,49.51,19.91,2.28,0.0
20230530:0830,744.95,919.76,56.26,21.06,2.62,0.0
20230530:0930,792.55,990.83,59.96,21.86,2.62,0.0
20230530:1030,785.84,987.28,59.38,22.55,2.48,0.0
20230530:1130,726.76,907.13,54.75,23.11,2.41,0.0
20230530:1230,614.4,755.66,47.46,23.49,2.48,0.0
20230530:1330,462.95,566.11,38.8,23.67,2.55,0.0
20230530:1430,276.76,355.74,29.56,23.65,2.62,0.0
20230530:1530,84.57,145.97,20.26,23.39,2.62,0.0
20230530:1630,24.29,43.36,11.27,22.76,2.34,0.0
20230530:1730,2.89,12.05,2.93,21.32,2.28,0.0
20230530:1830,0.0,0.0,0.0,19.31,2.69,0.0
20230530:1930,0.0,0.0,0.0,17.69,2.55,0.0
20230530:2030,0.0,0.0,0.0,16.5,2.48,0.0
20230530:2130,0.0,0.0,0.0,15.27,2.48,0.0
20230530:2230,0.0,0.0,0.0,14.34,2.62,0.0
20230530:2330,0.0,0.0,0.0,14.09,3.03,0.0
20230531:0030,0.0,0.0,0.0,13.86,3.31,0.0
20230531:0130,0.0,0.0,-2.53,13.43,3.24,0.0
20230531:0230,9.46,22.05,5.09,12.91,3.45,0.0
20230531:0330,33.09,52.62,13.63,13.4,4.0,0.0
20230531:0430,122.28,171.43,22.73,14.6,4.9,0.0
20230531:0530,245.93,295.92,32.05,15.39,4.83,0.0
20230531:0630,471.7,547.53,41.2,16.42,4.55,0.0
20230531:0730,664.72,778.7,49.61,17.2,4.62,0.0
20230531:0830,768.15,913.13,56.38,18.37,4.83,0.0
20230531:0930,838.31,1010.56,60.1,19.15,4.76,0.0
20230531:1030,825.58,999.08,59.53,19.77,4.55,0.0
20230531:1130,763.88,921.44,54.89,20.21,4.28,0.0
20230531:1230,642.21,768.08,47.6,20.52,4.0,0.0
20230531:1330,484.88,579.06,38.93,20.63,3.86,0.0
20230531:1430,285.23,359.34,29.69,20.63,3.72,0.0
20230531:1530,87.88,149.23,20.39,20.38,3.59,0.0
20230531:1630,25.47,44.39,11.41,19.92,3.1,0.0
20230531:1730,3.29,12.66,3.07,18.85,1.93,0.0
20230531:1830,0.0,0.0,0.0,17.1,1.72,0.0
20230531:1930,0.0,0.0,0.0,16.17,1.03,0.0
20230531:2030,0.0,0.0,0.0,14.27,1.45,0.0
20230531:2130,0.0,0.0,0.0,12.16,2.07,0.0
20230531:2230,0.0,0.0,0.0,11.31,2.28,0.0
20230531:2330,0.0,0.0,0.0,10.87,2.41,0.0
20230601:0030,0.0,0.0,0.0,10.68,2.55,0.0
20230601:0130,0.0,0.0,-2.43,10.59,2.69,0.0
20230601:0230,9.33,21.68,5.19,10.53,2.76,0.0
20230601:0330,32.42,51.43,13.72,11.34,2.48,0.0
20230601:0430,134.96,197.78,22.81,14.17,2.21,0.0
20230601:0530,335.87,408.85,32.13,17.26,2.48,0.0
20230601:0630,514.68,615.57,41.28,19.47,2.62,0.0
20230601:0730,657.19,792.22,49.71,20.36,3.17,0.0
20230601:0830,748.86,917.75,56.49,21.67,3.38,0.0
20230601:0930,789.28,979.07,60.24,22.7,3.38,0.0
20230601:1030,777.18,969.35,59.68,23.52,3.17,0.0
20230601:1130,716.78,890.41,55.03,24.21,3.03,0.0
20230601:1230,608.51,747.74,47.73,24.71,3.03,0.0
20230601:1330,457.42,560.57,39.05,24.96,3.03,0.0
20230601:1430,270.46,349.13,29.82,25.03,3.1,0.0
20230601:1530,84.44,146.38,20.52,24.82,3.1,0.0
20230601:1630,24.59,44.02,11.53,24.27,2.48,0.0
20230601:1730,3.31,12.87,3.2,22.68,2.07,0.0
20230601:1830,0.0,0.0,0.0,20.58,2.55,0.0
20230601:1930,0.0,0.0,0.0,19.26,2.55,0.0
20230601:2030,0.0,0.0,0.0,17.99,2.76,0.0
20230601:2130,0.0,0.0,0.0,17.28,2.9,0.0
20230601:2230,0.0,0.0,0.0,17.09,2.97,0.0
20230601:2330,0.0,0.0,0.0,16.46,3.03,0.0
20230602:0030,0.0,0.0,0.0,15.91,2.97,0.0
20230602:0130,0.0,0.0,-2.33,15.35,2.97,0.0
20230602:0230,9.27,21.93,5.27,14.79,2.83,0.0
20230602:0330,31.57,51.15,13.8,15.09,2.62,0.0
20230602:0430,131.53,195.55,22.89,17.06,2.55,0.0
20230602:0530,329.18,404.33,32.2,19.6,2.97,0.0
20230602:0630,505.08,607.98,41.36,21.78,3.17,0.0
20230602:0730,642.87,784.17,49.8,23.2,3.31,0.0
20230602:0830,687.57,843.72,56.6,24.65,3.93,0.0
20230602:0930,729.71,900.86,60.36,25.54,4.41,0.0
20230602:1030,723.52,894.63,59.81,26.25,4.69,0.0
20230602:1130,667.04,819.94,55.17,26.77,4.9,0.0
20230602:1230,592.02,722.47,47.86,27.19,5.38,0.0
20230602:1330,351.75,430.67,39.18,27.5,6.07,0.0
20230602:1430,187.43,239.7,29.94,23.91,5.59,0.0
20230602:1530,72.96,108.9,20.64,22.81,4.0,0.0
20230602:1630,32.2,53.52,11.66,22.75,2.41,0.0
20230602:1730,4.42,14.8,3.33,22.19,1.45,0.0
20230602:1830,0.0,0.0,0.0,20.58,1.66,0.0
20230602:1930,0.0,0.0,0.0,18.33,1.38,0.0
20230602:2030,0.0,0.0,0.0,17.2,1.59,0.0
20230602:2130,0.0,0.0,0.0,16.36,2.21,0.0
20230602:2230,0.0,0.0,0.0,15.54,3.72,0.0
20230602:2330,0.0,0.0,0.0,13.87,4.69,0.0
20230603:0030,0.0,0.0,0.0,11.81,5.24,0.0
20230603:0130,0.0,0.0,-2.24,9.69,5.24,0.0
20230603:0230,5.31,15.57,5.36,8.82,4.83,0.0
20230603:0330,24.82,41.68,13.87,8.63,4.62,0.0
20230603:0430,94.09,134.38,22.95,9.03,5.24,0.0
20230603:0530,237.83,279.65,32.27,9.8,6.0,0.0
20230603:0630,538.87,604.91,41.44,11.02,6.48,0.0
20230603:0730,695.33,788.8,49.88,12.61,6.34,0.0
20230603:0830,769.94,881.57,56.7,14.18,7.1,0.0
20230603:0930,784.74,905.82,60.48,15.34,7.03,0.0
20230603:1030,769.38,892.34,59.94,15.95,6.9,0.0
20230603:1130,679.52,785.94,55.3,16.64,6.69,0.0
20230603:1230,519.02,598.28,47.98,16.78,6.48,0.0
20230603:1330,392.38,456.13,39.3,16.68,6.28,0.0
20230603:1430,260.87,318.38,30.06,16.7,6.0,0.0
20230603:1530,102.05,153.7,20.76,16.67,5.66,0.0
20230603:1630,31.81,51.64,11.78,16.33,4.97,0.0
20230603:1730,4.3,14.26,3.45,15.53,3.72,0.0
20230603:1830,0.0,0.0,0.0,13.91,3.1,0.0
20230603:1930,0.0,0.0,0.0,12.14,2.55,0.0
20230603:2030,0.0,0.0,0.0,11.06,2.34,0.0
20230603:2130,0.0,0.0,0.0,10.04,2.07,0.0
20230603:2230,0.0,0.0,0.0,8.84,1.79,0.0
20230603:2330,0.0,0.0,0.0,8.01,1.59,0.0
20230604:0030,0.0,0.0,0.0,7.85,1.31,0.0
20230604:0130,0.0,0.0,-2.16,6.78,1.52,0.0
20230604:0230,10.78,23.36,5.43,5.96,1.66,0.0
20230604:0330,34.44,52.99,13.94,6.93,1.31,0.0
20230604:0430,140.04,202.24,23.02,10.3,1.03,0.0
20230604:0530,346.52,417.34,32.34,13.07,1.17,0.0
20230604:0630,529.63,625.15,41.5,14.54,1.66,0.0
20230604:0730,624.51,738.47,49.96,14.84,2.07,0.0
20230604:0830,626.53,740.81,56.8,15.98,2.9,0.0
20230604:0930,545.34,646.99,60.6,16.71,2.69,0.0
20230604:1030,492.37,585.65,60.07,17.12,2.41,0.0
20230604:1130,444.82,527.73,55.42,17.67,2.41,0.0
20230604:1230,368.47,437.93,48.1,18.07,2.48,0.0
20230604:1330,248.84,300.08,39.41,18.24,2.9,0.0
20230604:1430,194.52,241.34,30.17,17.96,3.03,0.0
20230604:1530,90.43,126.77,20.87,17.83,3.03,0.0
20230604:1630,31.07,50.98,11.9,17.36,2.62,0.0
20230604:1730,3.24,12.5,3.57,16.68,2.0,0.0
20230604:1830,0.0,0.0,0.0,15.25,2.14,0.0
20230604:1930,0.0,0.0,0.0,14.58,2.21,0.0
20230604:2030,0.0,0.0,0.0,13.75,2.28,0.0
20230604:2130,0.0,0.0,0.0,13.24,2.34,0.0
20230604:2230,0.0,0.0,0.0,12.31,2.34,0.0
20230604:2330,0.0,0.0,0.0,11.45,2.21,0.0
20230605:0030,0.0,0.0,0.0,10.79,2.14,0.0
20230605:0130,0.0,0.0,-2.08,9.97,2.21,0.0
20230605:0230,10.94,23.85,5.5,9.24,2.07,0.0
20230605:0330,37.95,57.66,14.0,9.52,1.66,0.0
20230605:0430,139.08,195.18,23.08,12.68,1.38,0.0
20230605:0530,326.87,396.05,32.39,15.1,1.52,0.0
20230605:0630,499.72,596.64,41.56,17.41,1.72,0.0
20230605:0730,616.75,759.76,50.03,17.39,0.41,0.0
20230605:0830,685.82,864.04,56.88,18.78,0.41,0.0
20230605:0930,718.78,924.09,60.7,19.86,0.21,0.0
20230605:1030,683.65,873.13,60.19,20.66,0.28,0.0
20230605:1130,535.42,652.67,55.54,21.42,1.59,0.0
20230605:1230,359.06,432.87,48.21,21.87,2.48,0.0
20230605:1330,166.41,210.4,39.52,21.9,2.48,0.0
20230605:1430,144.72,188.53,30.28,21.32,2.55,0.0
20230605:1530,76.09,116.74,20.98,20.98,2.83,0.0
20230605:1630,26.78,46.19,12.01,20.57,2.69,0.0
20230605:1730,3.9,13.77,3.69,19.3,2.0,0.0
20230605:1830,0.0,0.0,0.0,17.88,1.86,0.0
20230605:1930,0.0,0.0,0.0,16.95,2.0,0.0
20230605:2030,0.0,0.0,0.0,15.97,1.86,0.0
20230605:2130,0.0,0.0,0.0,14.51,1.66,0.0
20230605:2230,0.0,0.0,0.0,14.54,1.24,0.0
20230605:2330,0.0,0.0,0.0,15.37,0.76,0.0
20230606:0030,0.0,0.0,0.0,15.05,0.62,0.0
20230606:0130,0.0,0.0,-2.01,14.8,0.76,0.0
20230606:0230,8.35,20.57,5.56,14.54,0.83,0.0
20230606:0330,33.15,53.03,14.06,14.51,0.83,0.0
20230606:0430,120.94,176.98,23.13,14.92,0.41,0.0
20230606:0530,296.93,369.81,32.45,18.97,0.55,0.0
20230606:0630,480.13,588.21,41.62,20.96,0.9,0.0
20230606:0730,623.77,775.16,50.1,20.88,0.97,0.0
20230606:0830,695.72,888.84,56.97,22.13,0.69,0.0
20230606:0930,703.27,917.52,60.8,23.08,0.21,0.0
20230606:1030,666.19,860.69,60.3,23.71,0.34,0.0
20230606:1130,586.31,735.13,55.65,24.4,1.31,0.0
20230606:1230,390.94,480.77,48.32,24.79,1.31,0.0
20230606:1330,289.51,360.03,39.63,24.74,1.31,0.0
20230606:1430,181.12,237.32,30.38,24.71,1.17,0.0
20230606:1530,89.4,138.15,21.09,24.37,0.9,0.0
20230606:1630,31.14,52.5,12.12,23.92,0.48,0.0
20230606:1730,4.53,15.0,3.8,22.43,0.83,0.0
20230606:1830,0.0,0.0,0.0,20.49,1.79,0.0
20230606:1930,0.0,0.0,0.0,19.0,2.76,0.0
20230606:2030,0.0,0.0,0.0,17.81,3.1,0.0
20230606:2130,0.0,0.0,0.0,17.05,3.24,0.0
20230606:2230,0.0,0.0,0.0,16.46,3.1,0.0
20230606:2330,0.0,0.0,0.0,15.84,2.9,0.0
20230607:0030,0.0,0.0,0.0,15.03,2.76,0.0
20230607:0130,0.0,0.0,-1.95,14.24,2.55,0.0
20230607:0230,11.38,24.84,5.62,13.39,2.48,0.0
20230607:0330,40.0,61.02,14.11,13.62,2.07,0.0
20230607:0430,133.34,192.03,23.18,15.77,1.93,0.0
20230607:0530,305.15,374.55,32.49,18.11,1.86,0.0
20230607:0630,476.05,575.76,41.67,20.46,1.72,0.0
20230607:0730,586.01,721.11,50.16,22.13,1.59,0.0
20230607:0830,633.93,795.87,57.04,23.55,1.38,0.0
20230607:0930,556.58,706.57,60.9,24.37,0.41,0.0
20230607:1030,594.92,764.5,60.4,24.64,0.28,0.0
20230607:1130,483.89,607.63,55.76,25.23,0.55,0.0
20230607:1230,372.73,462.68,48.43,25.42,0.97,0.0
20230607:1330,213.09,268.72,39.73,25.22,1.45,0.0
20230607:1430,165.04,215.7,30.49,24.91,1.72,0.0
20230607:1530,82.16,119.44,21.19,24.59,2.41,0.0
20230607:1630,32.55,54.14,12.22,23.63,2.97,0.0
20230607:1730,4.73,15.33,3.9,22.27,3.24,0.0
20230607:1830,0.0,0.0,0.0,21.08,3.17,0.0
20230607:1930,0.0,0.0,0.0,19.82,2.55,0.0
20230607:2030,0.0,0.0,0.0,19.21,2.55,0.0
20230607:2130,0.0,0.0,0.0,18.7,2.28,0.0
20230607:2230,0.0,0.0,0.0,18.21,2.07,0.0
20230607:2330,0.0,0.0,0.0,17.63,1.86,0.0
20230608:0030,0.0,0.0,0.0,17.02,1.72,0.0
20230608:0130,0.0,0.0,-1.89,16.52,1.52,0.0
20230608:0230,4.23,14.18,5.67,16.09,1.52,0.0
20230608:0330,39.14,60.61,14.15,16.03,1.31,0.0
20230608:0430,89.98,124.56,23.22,16.64,1.03,0.0
20230608:0530,176.31,220.49,32.53,17.43,1.17,0.0
20230608:0630,112.65,146.92,41.71,18.53,0.9,0.0
20230608:0730,140.55,178.77,50.21,18.0,0.9,0.0
20230608:0830,340.57,411.26,57.11,18.4,0.55,0.0
20230608:0930,227.63,280.76,60.98,19.74,0.48,0.0
20230608:1030,199.44,248.46,60.5,19.8,0.69,0.0
20230608:1130,232.79,286.71,55.86,19.93,0.83,0.0
20230608:1230,453.23,553.07,48.53,20.44,0.76,0.0
20230608:1330,390.4,479.44,39.83,21.54,0.62,0.0
20230608:1430,227.7,292.64,30.58,21.97,0.76,0.0
20230608:1530,86.44,137.14,21.29,21.95,0.97,0.0
20230608:1630,26.93,46.64,12.32,21.7,1.03,0.0
20230608:1730,2.4,11.11,4.0,21.2,1.24,0.0
20230608:1830,0.0,0.0,0.0,19.92,1.93,0.0
20230608:1930,0.0,0.0,0.0,18.87,1.86,0.0
20230608:2030,0.0,0.0,0.0,18.39,1.72,0.0
20230608:2130,0.0,0.0,0.0,18.02,1.72,0.0
20230608:2230,0.0,0.0,0.0,17.67,1.72,0.0
20230608:2330,0.0,0.0,0.0,17.0,1.79,0.0
20230609:0030,0.0,0.0,0.0,16.5,1.79,0.0
20230609:0130,0.0,0.0,-1.83,15.79,2.0,0.0
20230609:0230,8.06,20.2,5.72,15.65,1.93,0.0
20230609:0330,31.34,51.11,14.19,16.15,1.72,0.0
20230609:0430,111.34,161.26,23.25,17.59,1.79,0.0
20230609:0530,247.28,306.8,32.57,19.67,2.21,0.0
20230609:0630,433.51,520.66,41.75,21.21,2.62,0.0
20230609:0730,568.56,691.98,50.25,22.56,2.48,0.0
20230609:0830,688.45,858.12,57.17,23.82,2.41,0.0
20230609:0930,668.34,837.43,61.06,24.84,2.14,0.0
20230609:1030,538.41,666.14,60.6,25.26,1.93,0.0
20230609:1130,518.68,642.43,55.96,25.04,1.45,0.0
20230609:1230,388.01,479.27,48.62,25.18,0.83,0.0
20230609:1330,321.78,401.84,39.92,25.25,0.55,0.0
20230609:1430,216.89,284.97,30.68,25.39,0.21,0.0
20230609:1530,79.38,133.61,21.38,24.88,0.48,0.0
20230609:1630,25.22,44.88,12.41,24.34,1.52,0.0
20230609:1730,4.63,15.16,4.1,22.36,1.66,0.0
20230609:1830,0.0,0.0,0.0,20.87,0.97,0.0
20230609:1930,0.0,0.0,0.0,20.4,2.9,0.0
20230609:2030,0.0,0.0,0.0,19.3,3.1,0.0
20230609:2130,0.0,0.0,0.0,18.58,2.97,0.0
20230609:2230,0.0,0.0,0.0,17.99,2.83,0.0
20230609:2330,0.0,0.0,0.0,17.47,2.76,0.0
20230610:0030,0.0,0.0,0.0,16.84,2.97,0.0
20230610:0130,0.0,0.0,-1.79,16.54,2.97,0.0
20230610:0230,8.36,20.7,5.75,16.2,2.9,0.0
20230610:0330,37.84,59.1,14.22,16.55,2.62,0.0
20230610:0430,120.88,174.58,23.28,18.01,2.55,0.0
20230610:0530,249.3,309.39,32.6,19.95,2.69,0.0
20230610:0630,289.37,350.6,41.78,21.16,2.62,0.0
20230610:0730,416.37,493.56,50.29,20.6,4.14,0.0
20230610:0830,510.63,606.11,57.22,21.56,4.83,0.0
20230610:0930,505.77,600.89,61.14,22.44,5.1,0.0
20230610:1030,712.54,860.41,60.68,22.63,5.17,0.0
20230610:1130,586.11,702.56,56.05,23.63,5.1,0.0
20230610:1230,426.19,507.07,48.71,22.53,4.62,0.0
20230610:1330,379.11,454.93,40.01,22.68,4.69,0.0
20230610:1430,193.44,246.82,30.76,21.58,5.24,0.0
20230610:1530,63.09,99.63,21.47,21.57,4.55,0.0
20230610:1630,26.4,45.74,12.5,20.94,4.0,0.0
20230610:1730,5.21,15.98,4.19,19.63,4.07,0.0
20230610:1830,0.0,0.0,0.0,18.84,5.17,0.0
20230610:1930,0.0,0.0,0.0,17.2,5.45,0.0
20230610:2030,0.0,0.0,0.0,16.21,5.66,0.0
20230610:2130,0.0,0.0,0.0,15.25,5.79,0.0
20230610:2230,0.0,0.0,0.0,14.14,5.86,0.0
20230610:2330,0.0,0.0,0.0,13.23,5.93,0.0
20230611:0030,0.0,0.0,0.0,12.61,6.0,0.0
20230611:0130,0.0,0.0,-1.75,12.02,6.07,0.0
20230611:0230,1.05,8.11,5.79,11.56,6.21,0.0
20230611:0330,9.73,22.3,14.25,11.15,6.34,0.0
20230611:0430,51.43,74.41,23.31,10.79,6.41,0.0
20230611:0530,92.96,120.17,32.62,10.72,6.48,0.0
20230611:0630,70.96,95.51,41.81,10.95,6.14,0.0
20230611:0730,101.27,128.95,50.33,10.93,6.28,0.0
20230611:0830,151.63,182.1,57.27,10.83,6.41,0.0
20230611:0930,186.29,217.97,61.2,10.82,6.34,0.0
20230611:1030,170.34,202.0,60.76,10.69,6.07,0.0
20230611:1130,153.87,184.59,56.13,10.73,6.34,0.0
20230611:1230,130.96,160.17,48.8,11.01,6.55,0.0
20230611:1330,99.08,126.46,40.1,11.37,6.69,0.0
20230611:1430,124.98,158.66,30.85,11.43,6.48,0.0
20230611:1530,68.09,103.15,21.56,11.59,6.55,0.0
20230611:1630,21.67,38.24,12.59,11.87,6.76,0.0
20230611:1730,2.02,10.08,4.27,12.0,7.03,0.0
20230611:1830,0.0,0.0,0.0,11.97,6.28,0.0
20230611:1930,0.0,0.0,0.0,10.55,6.0,0.0
20230611:2030,0.0,0.0,0.0,10.48,5.79,0.0
20230611:2130,0.0,0.0,0.0,10.51,5.59,0.0
20230611:2230,0.0,0.0,0.0,10.59,5.17,0.0
20230611:2330,0.0,0.0,0.0,10.88,5.1,0.0
20230612:0030,0.0,0.0,0.0,11.14,4.97,0.0
20230612:0130,0.0,0.0,-1.71,11.29,4.9,0.0
20230612:0230,0.21,6.19,5.81,11.4,4.9,0.0
20230612:0330,11.89,25.37,14.27,11.63,4.76,0.0
20230612:0430,58.61,84.68,23.33,12.17,4.83,0.0
20230612:0530,104.96,134.58,32.64,12.95,4.9,0.0
20230612:0630,148.46,181.78,41.83,13.73,4.9,0.0
20230612:0730,260.1,302.28,50.36,13.71,5.38,0.0
20230612:0830,398.68,457.5,57.31,14.92,6.07,0.0
20230612:0930,401.24,462.61,61.26,16.13,5.86,0.0
20230612:1030,158.48,196.46,60.84,17.23,5.93,0.0
20230612:1130,120.72,154.32,56.21,17.24,5.59,0.0
20230612:1230,101.85,133.1,48.88,17.16,5.45,0.0
20230612:1330,70.0,96.79,40.18,16.92,5.17,0.0
20230612:1430,35.69,56.48,30.93,16.68,4.76,0.0
20230612:1530,21.26,38.6,21.64,16.3,4.34,0.0
20230612:1630,11.89,25.78,12.67,16.07,3.93,0.0
20230612:1730,0.0,3.77,4.36,15.78,3.86,0.0
20230612:1830,0.0,0.0,0.0,15.57,4.41,0.0
20230612:1930,0.0,0.0,0.0,15.13,4.0,0.0
20230612:2030,0.0,0.0,0.0,15.11,3.86,0.0
20230612:2130,0.0,0.0,0.0,14.96,3.59,0.0
20230612:2230,0.0,0.0,0.0,14.64,3.31,0.0
20230612:2330,0.0,0.0,0.0,14.05,3.17,0.0
20230613:0030,0.0,0.0,0.0,13.51,3.24,0.0
20230613:0130,0.0,0.0,-1.68,13.07,3.59,0.0
20230613:0230,3.99,13.61,5.84,12.5,3.66,0.0
20230613:0330,18.53,34.3,14.29,12.34,3.59,0.0
20230613:0430,65.09,89.93,23.34,12.36,3.38,0.0
20230613:0530,171.98,209.95,32.65,12.84,3.93,0.0
20230613:0630,452.72,519.92,41.85,13.79,4.55,0.0
20230613:0730,478.31,551.32,50.38,15.67,4.83,0.0
20230613:0830,493.17,573.41,57.35,16.67,4.83,0.0
20230613:0930,424.08,496.48,61.32,17.4,4.55,0.0
20230613:1030,353.66,417.06,60.91,18.05,4.28,0.0
20230613:1130,251.18,301.26,56.29,18.53,4.21,0.0
20230613:1230,213.76,259.92,48.95,18.59,3.86,0.0
20230613:1330,175.84,217.7,40.25,18.66,3.66,0.0
20230613:1430,122.54,158.48,31.0,18.73,3.45,0.0
20230613:1530,50.78,75.19,21.71,18.62,2.97,0.0
20230613:1630,18.51,35.08,12.74,18.26,1.79,0.0
20230613:1730,1.74,9.71,4.43,17.73,1.72,0.0
20230613:1830,0.0,0.0,0.0,17.14,2.07,0.0
20230613:1930,0.0,0.0,0.0,15.81,2.14,0.0
20230613:2030,0.0,0.0,0.0,15.57,2.14,0.0
20230613:2130,0.0,0.0,0.0,15.41,2.14,0.0
20230613:2230,0.0,0.0,0.0,15.34,2.14,0.0
20230613:2330,0.0,0.0,0.0,15.3,2.14,0.0
20230614:0030,0.0,0.0,0.0,15.18,2.0,0.0
20230614:0130,0.0,0.0,-1.66,15.0,1.72,0.0
20230614:0230,4.73,14.96,5.85,15.0,1.72,0.0
20230614:0330,23.63,41.27,14.3,15.14,2.14,0.0
20230614:0430,65.91,98.3,23.35,15.59,2.48,0.0
20230614:0530,187.91,232.01,32.66,16.03,2.9,0.0
20230614:0630,452.09,533.37,41.86,17.17,2.69,0.0
20230614:0730,607.39,725.64,50.4,19.37,3.17,0.0
20230614:0830,707.84,856.04,57.38,20.76,3.79,0.0
20230614:0930,590.15,708.66,61.36,21.72,4.0,0.0
20230614:1030,418.74,503.01,60.97,22.57,3.86,0.0
20230614:1130,248.2,304.29,56.36,22.76,3.31,0.0
20230614:1230,202.67,252.07,49.02,22.57,2.83,0.0
20230614:1330,119.31,156.86,40.32,22.59,2.55,0.0
20230614:1430,90.86,124.12,31.07,22.39,2.21,0.0
20230614:1530,67.08,96.59,21.78,22.22,2.07,0.0
20230614:1630,24.02,42.87,12.82,21.9,2.28,0.0
20230614:1730,1.77,9.88,4.5,21.13,2.34,0.0
20230614:1830,0.0,0.0,-2.82,20.16,2.62,0.0
20230614:1930,0.0,0.0,0.0,19.77,2.28,0.0
20230614:2030,0.0,0.0,0.0,19.39,2.21,0.0
20230614:2130,0.0,0.0,0.0,19.01,2.21,0.0
20230614:2230,0.0,0.0,0.0,18.68,2.21,0.0
20230614:2330,0.0,0.0,0.0,18.47,2.21,0.0
20230615:0030,0.0,0.0,0.0,18.31,2.34,0.0
20230615:0130,0.0,0.0,-1.64,18.13,2.41,0.0
20230615:0230,0.6,7.25,5.86,18.0,2.48,0.0
20230615:0330,17.14,33.2,14.31,17.92,2.55,0.0
20230615:0430,50.18,75.11,23.35,18.09,2.62,0.0
20230615:0530,53.04,77.83,32.66,18.56,2.69,0.0
20230615:0630,270.44,323.67,41.86,18.57,2.48,0.0
20230615:0730,369.84,439.51,50.41,19.54,2.83,0.0
20230615:0830,439.07,522.58,57.4,20.63,2.9,0.0
20230615:0930,563.12,676.85,61.4,21.48,3.17,0.0
20230615:1030,494.55,594.25,61.02,22.51,3.38,0.0
20230615:1130,564.03,683.87,56.42,23.06,3.24,0.0
20230615:1230,563.9,686.59,49.09,23.96,3.17,0.0
20230615:1330,426.83,520.99,40.39,24.57,3.1,0.0
20230615:1430,256.42,329.21,31.14,24.79,3.1,0.0
20230615:1530,88.24,143.94,21.85,24.72,2.83,0.0
20230615:1630,26.9,47.05,12.88,24.33,2.0,0.0
20230615:1730,5.01,15.86,4.57,23.38,1.38,0.0
20230615:1830,0.0,0.0,-2.75,21.97,1.72,0.0
20230615:1930,0.0,0.0,0.0,19.88,2.07,0.0
20230615:2030,0.0,0.0,0.0,18.34,2.14,0.0
20230615:2130,0.0,0.0,0.0,17.38,2.14,0.0
20230615:2230,0.0,0.0,0.0,16.57,2.21,0.0
20230615:2330,0.0,0.0,0.0,15.78,2.28,0.0
20230616:0030,0.0,0.0,0.0,15.0,2.21,0.0
20230616:0130,0.0,0.0,-1.63,14.41,2.14,0.0
20230616:0230,12.38,26.27,5.87,13.92,2.07,0.0
20230616:0330,32.65,52.38,14.31,14.46,1.59,0.0
20230616:0430,125.05,189.26,23.35,17.36,1.45,0.0
20230616:0530,317.2,394.53,32.66,19.77,1.59,0.0
20230616:0630,488.92,597.13,41.86,21.93,1.66,0.0
20230616:0730,617.88,768.14,50.41,23.52,1.72,0.0
20230616:0830,606.53,751.81,57.41,24.53,2.14,0.0
20230616:0930,665.14,832.62,61.43,24.88,2.21,0.0
20230616:1030,737.04,935.55,61.07,25.39,2.28,0.0
20230616:1130,681.69,859.65,56.48,26.0,2.28,0.0
20230616:1230,580.6,722.77,49.15,26.31,2.34,0.0
20230616:1330,454.5,563.04,40.45,26.35,2.48,0.0
20230616:1430,264.35,342.13,31.2,26.27,2.69,0.0
20230616:1530,96.52,159.5,21.91,25.91,2.83,0.0
20230616:1630,32.99,55.04,12.94,25.12,2.34,0.0
20230616:1730,8.08,20.82,4.63,23.64,2.14,0.0
20230616:1830,0.0,0.0,-2.7,21.79,2.34,0.0
20230616:1930,0.0,0.0,0.0,20.22,2.28,0.0
20230616:2030,0.0,0.0,0.0,18.77,2.21,0.0
20230616:2130,0.0,0.0,0.0,17.59,2.21,0.0
20230616:2230,0.0,0.0,0.0,16.65,2.28,0.0
20230616:2330,0.0,0.0,0.0,15.89,2.34,0.0
20230617:0030,0.0,0.0,0.0,15.41,2.48,0.0
20230617:0130,0.0,0.0,-1.63,14.93,2.41,0.0
20230617:0230,11.47,25.04,5.86,14.3,2.28,0.0
20230617:0330,33.83,53.85,14.3,14.68,1.86,0.0
20230617:0430,125.93,190.38,23.34,17.6,1.72,0.0
20230617:0530,320.8,399.28,32.65,20.31,1.93,0.0
20230617:0630,490.52,598.95,41.85,22.59,2.0,0.0
20230617:0730,614.87,758.59,50.41,24.19,2.55,0.0
20230617:0830,714.03,894.74,57.42,25.44,2.9,0.0
20230617:0930,614.34,764.77,61.46,26.33,3.1,0.0
20230617:1030,510.54,630.72,61.11,26.62,2.97,0.0
20230617:1130,394.68,487.65,56.53,26.79,2.76,0.0
20230617:1230,269.82,337.39,49.2,26.86,2.55,0.0
20230617:1330,180.82,232.03,40.5,26.74,2.48,0.0
20230617:1430,144.89,191.12,31.26,26.3,2.07,0.0
20230617:1530,84.4,125.29,21.97,25.98,1.86,0.0
20230617:1630,26.05,46.15,13.0,25.43,1.93,0.0
20230617:1730,5.15,16.15,4.68,24.12,2.14,0.0
20230617:1830,0.0,0.0,-2.64,22.65,2.28,0.0
20230617:1930,0.0,0.0,0.0,21.67,2.41,0.0
20230617:2030,0.0,0.0,0.0,20.73,2.21,0.0
20230617:2130,0.0,0.0,0.0,19.88,2.21,0.0
20230617:2230,0.0,0.0,0.0,18.85,2.28,0.0
20230617:2330,0.0,0.0,0.0,18.12,2.21,0.0
20230618:0030,0.0,0.0,0.0,17.88,2.21,0.0
20230618:0130,0.0,0.0,-1.63,17.56,2.28,0.0
20230618:0230,6.41,17.79,5.86,17.26,2.28,0.0
20230618:0330,36.14,57.34,14.29,17.73,1.86,0.0
20230618:0430,103.26,150.45,23.32,19.18,1.45,0.0
20230618:0530,214.91,272.24,32.63,21.68,1.24,0.0
20230618:0630,298.29,368.04,41.84,23.44,0.97,0.0
20230618:0730,370.25,452.76,50.4,24.08,1.79,0.0
20230618:0830,456.56,561.16,57.43,25.29,2.28,0.0
20230618:0930,468.05,576.64,61.48,26.28,2.62,0.0
20230618:1030,503.21,619.44,61.15,26.72,2.69,0.0
20230618:1130,448.06,551.01,56.57,27.19,2.62,0.0
20230618:1230,392.15,485.99,49.25,27.38,2.14,0.0
20230618:1330,305.59,382.3,40.56,27.48,1.72,0.0
20230618:1430,193.24,254.37,31.31,27.39,1.52,0.0
20230618:1530,78.98,120.43,22.02,27.09,1.52,0.0
20230618:1630,30.65,52.34,13.05,26.27,1.17,0.0
20230618:1730,5.46,16.72,4.73,25.19,1.52,0.0
20230618:1830,0.0,0.0,-2.6,23.36,1.93,0.0
20230618:1930,0.0,0.0,0.0,21.79,1.66,0.0
20230618:2030,0.0,0.0,0.0,20.64,2.07,0.0
20230618:2130,0.0,0.0,0.0,20.21,2.28,0.0
20230618:2230,0.0,0.0,0.0,19.88,2.55,0.0
20230618:2330,0.0,0.0,0.0,19.92,2.69,0.0
20230619:0030,0.0,0.0,0.0,19.47,2.76,0.0
20230619:0130,0.0,0.0,-1.64,19.01,2.62,0.0
20230619:0230,9.3,22.25,5.84,18.26,2.55,0.0
20230619:0330,30.67,50.7,14.27,18.33,2.21,0.0
20230619:0430,108.55,164.77,23.31,19.83,2.07,0.0
20230619:0530,275.15,344.52,32.62,21.74,2.48,0.0
20230619:0630,444.47,539.66,41.82,23.37,2.69,0.0
20230619:0730,600.46,741.64,50.39,24.84,2.48,0.0
20230619:0830,619.48,772.1,57.42,26.37,2.48,0.0
20230619:0930,665.23,843.55,61.49,27.16,2.14,0.0
20230619:1030,600.66,760.14,61.17,27.71,1.86,0.0
20230619:1130,497.06,620.27,56.61,27.96,2.0,0.0
20230619:1230,329.19,407.36,49.3,27.79,2.0,0.0
20230619:1330,290.54,359.74,40.6,25.17,1.66,0.0
20230619:1430,149.21,197.39,31.36,25.04,1.45,0.0
20230619:1530,77.35,121.67,22.06,24.78,1.79,0.0
20230619:1630,33.37,55.37,13.09,24.34,1.86,0.0
20230619:1730,6.31,18.03,4.77,23.66,1.59,0.0
20230619:1830,0.0,0.0,-2.56,22.19,1.66,0.0
20230619:1930,0.0,0.0,0.0,20.85,2.48,0.0
20230619:2030,0.0,0.0,0.0,19.92,1.93,0.0
20230619:2130,0.0,0.0,0.0,19.11,1.79,0.0
20230619:2230,0.0,0.0,0.0,18.5,2.0,0.0
20230619:2330,0.0,0.0,0.0,18.21,2.14,0.0
20230620:0030,0.0,0.0,0.0,17.82,2.0,0.0
20230620:0130,0.0,0.0,-1.66,17.39,1.72,0.0
20230620:0230,11.72,25.61,5.83,16.67,1.52,0.0
20230620:0330,38.38,60.0,14.25,17.21,0.9,0.0
20230620:0430,116.71,172.87,23.28,19.37,0.69,0.0
20230620:0530,274.49,345.17,32.59,21.21,0.97,0.0
20230620:0630,337.24,411.72,41.8,23.01,1.72,0.0
20230620:0730,483.31,588.49,50.37,23.41,2.28,0.0
20230620:0830,577.6,711.7,57.41,24.34,2.34,0.0
20230620:0930,496.01,610.12,61.49,24.49,2.14,0.0
20230620:1030,549.26,681.22,61.19,24.39,1.79,0.0
20230620:1130,412.13,508.98,56.64,24.64,1.38,0.0
20230620:1230,294.72,364.99,49.34,23.56,0.76,0.0
20230620:1330,111.79,147.99,40.64,22.0,2.21,0.0
20230620:1430,49.71,74.51,31.4,20.55,2.0,0.0
20230620:1530,49.49,74.11,22.1,19.64,3.03,0.0
20230620:1630,20.42,37.7,13.13,19.04,2.28,0.0
20230620:1730,4.89,15.41,4.81,18.67,0.83,0.0
20230620:1830,0.0,0.0,-2.52,18.42,0.21,0.0
20230620:1930,0.0,0.0,0.0,18.23,1.66,0.0
20230620:2030,0.0,0.0,0.0,18.1,1.79,0.0
20230620:2130,0.0,0.0,0.0,17.73,1.93,0.0
20230620:2230,0.0,0.0,0.0,17.63,1.93,0.0
20230620:2330,0.0,0.0,0.0,17.43,1.93,0.0
20230621:0030,0.0,0.0,0.0,17.16,2.0,0.0
20230621:0130,0.0,0.0,-1.68,16.88,2.07,0.0
20230621:0230,10.75,24.22,5.8,16.51,2.07,0.0
20230621:0330,32.89,53.16,14.22,16.86,1.93,0.0
20230621:0430,121.6,184.61,23.25,18.27,2.21,0.0
20230621:0530,308.03,382.55,32.56,20.05,2.28,0.0
20230621:0630,483.5,586.39,41.77,21.88,2.28,0.0
20230621:0730,616.41,759.3,50.35,23.01,2.14,0.0
20230621:0830,702.0,879.92,57.4,24.65,2.41,0.0
20230621:0930,686.99,860.63,61.49,25.8,2.69,0.0
20230621:1030,642.65,797.9,61.21,26.37,3.1,0.0
20230621:1130,537.86,659.64,56.67,26.62,3.38,0.0
20230621:1230,510.13,625.36,49.37,26.57,3.31,0.0
20230621:1330,364.77,449.51,40.68,26.61,2.97,0.0
20230621:1430,237.54,307.97,31.43,26.37,2.62,0.0
20230621:1530,85.52,144.07,22.14,26.17,2.48,0.0
20230621:1630,22.81,41.89,13.17,25.61,2.0,0.0
20230621:1730,6.3,18.03,4.84,24.07,1.86,0.0
20230621:1830,0.0,0.0,-2.5,22.43,2.0,0.0
20230621:1930,0.0,0.0,0.0,20.61,1.59,0.0
20230621:2030,0.0,0.0,0.0,20.45,1.17,0.0
20230621:2130,0.0,0.0,0.0,20.8,0.83,0.0
20230621:2230,0.0,0.0,0.0,20.05,0.69,0.0
20230621:2330,0.0,0.0,0.0,19.44,0.55,0.0
20230622:0030,0.0,0.0,0.0,18.91,0.55,0.0
20230622:0130,0.0,0.0,-1.7,18.03,0.9,0.0
20230622:0230,9.99,23.11,5.77,16.35,1.31,0.0
20230622:0330,31.97,51.84,14.19,15.91,1.38,0.0
20230622:0430,120.28,185.88,23.22,19.17,1.1,0.0
20230622:0530,309.47,390.83,32.53,22.12,1.31,0.0
20230622:0630,472.08,583.68,41.74,24.23,1.52,0.0
20230622:0730,574.58,725.39,50.32,25.7,1.03,0.0
20230622:0830,629.22,801.17,57.37,26.63,1.31,0.0
20230622:0930,695.13,891.39,61.48,27.4,1.93,0.0
20230622:1030,588.62,738.39,61.22,27.91,2.41,0.0
20230622:1130,551.65,688.93,56.69,28.05,2.48,0.0
20230622:1230,483.09,600.5,49.4,28.19,2.48,0.0
20230622:1330,352.01,438.88,40.71,28.31,2.62,0.0
20230622:1430,178.01,236.22,31.47,28.22,2.76,0.0
20230622:1530,86.52,142.32,22.17,27.57,2.41,0.0
20230622:1630,40.53,65.04,13.2,26.97,2.34,0.0
20230622:1730,9.33,22.91,4.87,25.72,2.28,0.0
20230622:1830,0.0,0.0,-2.47,24.06,2.34,0.0
20230622:1930,0.0,0.0,0.0,22.93,2.62,0.0
20230622:2030,0.0,0.0,0.0,22.12,2.62,0.0
20230622:2130,0.0,0.0,0.0,21.3,2.62,0.0
20230622:2230,0.0,0.0,0.0,20.57,2.55,0.0
20230622:2330,0.0,0.0,0.0,20.28,2.55,0.0
20230623:0030,0.0,0.0,0.0,19.97,2.69,0.0
20230623:0130,0.0,0.0,-1.73,19.88,2.83,0.0
20230623:0230,9.63,22.87,5.74,19.82,2.83,0.0
20230623:0330,44.63,68.28,14.15,20.31,2.76,0.0
20230623:0430,122.0,175.37,23.18,21.6,2.55,0.0
20230623:0530,276.69,347.45,32.49,23.37,3.1,0.0
20230623:0630,462.26,564.5,41.7,25.01,3.31,0.0
20230623:0730,562.4,689.41,50.28,26.07,3.59,0.0
20230623:0830,658.66,817.8,57.35,27.17,3.86,0.0
20230623:0930,594.8,731.76,61.46,27.74,4.21,0.0
20230623:1030,610.03,755.32,61.22,28.02,3.93,0.0
20230623:1130,516.99,636.95,56.7,28.03,3.59,0.0
20230623:1230,389.37,479.09,49.42,27.85,3.24,0.0
20230623:1330,322.12,400.53,40.73,27.84,2.76,0.0
20230623:1430,220.78,287.99,31.49,27.72,2.83,0.0
20230623:1530,79.17,127.94,22.2,27.36,2.97,0.0
20230623:1630,35.21,58.28,13.22,26.87,2.28,0.0
20230623:1730,8.3,21.35,4.89,26.11,1.24,0.0
20230623:1830,0.0,0.0,-2.46,24.75,1.86,0.0
20230623:1930,0.0,0.0,0.0,22.81,2.21,0.0
20230623:2030,0.0,0.0,0.0,21.62,2.21,0.0
20230623:2130,0.0,0.0,0.0,20.47,2.07,0.0
20230623:2230,0.0,0.0,0.0,19.32,1.79,0.0
20230623:2330,0.0,0.0,0.0,18.68,1.86,0.0
20230624:0030,0.0,0.0,0.0,18.4,1.79,0.0
20230624:0130,0.0,0.0,-1.77,18.42,1.72,0.0
20230624:0230,6.83,18.61,5.7,19.71,0.62,0.0
20230624:0330,27.46,46.76,14.11,18.77,1.38,0.0
20230624:0430,82.11,121.29,23.14,20.03,1.93,0.0
20230624:0530,117.38,154.48,32.44,20.49,1.93,0.0
20230624:0630,229.06,281.43,41.66,20.78,1.24,0.0
20230624:0730,360.14,437.35,50.24,23.09,1.79,0.0
20230624:0830,315.76,389.66,57.31,24.94,1.93,0.0
20230624:0930,423.46,521.04,61.44,25.55,1.86,0.0
20230624:1030,319.36,391.84,61.21,25.78,1.93,0.0
20230624:1130,364.76,448.42,56.71,25.4,1.52,0.0
20230624:1230,255.35,317.82,49.43,26.11,1.93,0.0
20230624:1330,217.68,274.12,40.75,26.1,2.14,0.0
20230624:1430,123.01,165.67,31.51,26.0,2.0,0.0
20230624:1530,62.41,99.77,22.22,25.73,1.72,0.0
20230624:1630,34.22,56.72,13.24,25.54,1.93,0.0
20230624:1730,8.3,21.23,4.9,24.56,1.59,0.0
20230624:1830,0.0,0.0,-2.45,23.01,1.72,0.0
20230624:1930,0.0,0.0,0.0,21.38,2.21,0.0
20230624:2030,0.0,0.0,0.0,20.42,2.0,0.0
20230624:2130,0.0,0.0,0.0,19.49,1.86,0.0
20230624:2230,0.0,0.0,0.0,19.06,1.79,0.0
20230624:2330,0.0,0.0,0.0,18.87,1.79,0.0
20230625:0030,0.0,0.0,0.0,18.65,1.79,0.0
20230625:0130,0.0,0.0,-1.81,18.37,1.72,0.0
20230625:0230,8.42,20.94,5.65,18.22,1.59,0.0
20230625:0330,38.27,60.16,14.06,18.56,1.31,0.0
20230625:0430,90.13,131.53,23.09,20.44,1.17,0.0
20230625:0530,201.69,257.12,32.4,22.03,1.1,0.0
20230625:0630,140.39,182.75,41.61,23.43,0.69,0.0
20230625:0730,310.77,374.85,50.19,20.0,1.72,0.0
20230625:0830,349.63,421.02,57.27,21.12,2.14,0.0
20230625:0930,442.65,535.68,61.41,21.98,2.14,0.0
20230625:1030,383.95,464.82,61.2,22.72,2.34,0.0
20230625:1130,282.96,345.87,56.71,23.08,2.69,0.0
20230625:1230,216.12,267.26,49.44,22.86,2.9,0.0
20230625:1330,161.92,204.09,40.77,20.89,2.76,0.0
20230625:1430,91.39,123.72,31.53,20.43,2.69,0.0
20230625:1530,71.27,102.58,22.23,19.79,2.34,0.0
20230625:1630,22.37,40.33,13.25,19.42,1.79,0.0
20230625:1730,2.81,11.8,4.91,18.73,1.66,0.0
20230625:1830,0.0,0.0,-2.44,18.08,2.21,0.0
20230625:1930,0.0,0.0,0.0,17.93,2.14,0.0
20230625:2030,0.0,0.0,0.0,17.2,2.34,0.0
20230625:2130,0.0,0.0,0.0,16.57,2.48,0.0
20230625:2230,0.0,0.0,0.0,16.35,2.69,0.0
20230625:2330,0.0,0.0,0.0,16.32,2.76,0.0
20230626:0030,0.0,0.0,0.0,16.28,3.1,0.0
20230626:0130,0.0,0.0,-1.86,16.26,3.38,0.0
20230626:0230,1.07,8.28,5.6,16.13,3.66,0.0
20230626:0330,19.5,36.07,14.01,16.13,3.66,0.0
20230626:0430,56.7,90.79,23.03,16.27,3.79,0.0
20230626:0530,114.8,149.83,32.34,16.72,4.34,0.0
20230626:0630,114.78,146.95,41.55,16.85,4.62,0.0
20230626:0730,154.29,191.01,50.14,16.54,4.41,0.0
20230626:0830,265.2,312.22,57.22,16.95,4.76,0.0
20230626:0930,209.57,252.25,61.38,17.62,5.31,0.0
20230626:1030,225.39,267.76,61.18,16.95,5.45,0.0
20230626:1130,180.27,218.56,56.71,16.88,5.31,0.0
20230626:1230,275.41,321.91,49.45,16.95,5.03,0.0
20230626:1330,204.87,246.69,40.78,17.52,4.76,0.0
20230626:1430,135.03,173.78,31.54,17.59,4.0,0.0
20230626:1530,59.65,92.38,22.24,17.59,3.52,0.0
20230626:1630,30.43,50.12,13.26,17.11,3.17,0.0
20230626:1730,7.61,19.59,4.92,16.56,2.83,0.0
20230626:1830,0.0,0.0,-2.45,15.63,2.34,0.0
20230626:1930,0.0,0.0,0.0,14.24,2.34,0.0
20230626:2030,0.0,0.0,0.0,13.58,2.21,0.0
20230626:2130,0.0,0.0,0.0,13.23,2.34,0.0
20230626:2230,0.0,0.0,0.0,13.18,2.69,0.0
20230626:2330,0.0,0.0,0.0,13.18,2.9,0.0
20230627:0030,0.0,0.0,0.0,13.33,2.76,0.0
20230627:0130,0.0,0.0,-1.92,13.41,2.55,0.0
20230627:0230,8.01,19.96,5.54,13.26,2.48,0.0
20230627:0330,39.75,60.61,13.95,13.24,2.48,0.0
20230627:0430,117.59,169.99,22.98,14.09,3.03,0.0
20230627:0530,280.25,338.06,32.28,15.12,3.45,0.0
20230627:0630,342.69,401.13,41.5,16.15,3.52,0.0
20230627:0730,459.65,532.85,50.09,16.05,3.72,0.0
20230627:0830,511.8,596.93,57.17,17.07,3.72,0.0
20230627:0930,555.35,651.02,61.33,17.9,3.79,0.0
20230627:1030,507.24,596.79,61.15,18.69,3.66,0.0
20230627:1130,491.09,577.93,56.7,19.25,3.45,0.0
20230627:1230,433.52,512.08,49.45,19.66,3.38,0.0
20230627:1330,328.21,392.35,40.78,20.14,3.24,0.0
20230627:1430,221.55,278.36,31.55,20.43,3.1,0.0
20230627:1530,87.4,135.2,22.25,20.5,2.83,0.0
20230627:1630,36.52,58.4,13.26,20.4,2.34,0.0
20230627:1730,9.53,22.7,4.91,19.64,1.45,0.0
20230627:1830,0.0,0.0,-2.46,18.12,1.03,0.0
20230627:1930,0.0,0.0,0.0,16.42,1.86,0.0
20230627:2030,0.0,0.0,0.0,15.34,1.79,0.0
20230627:2130,0.0,0.0,0.0,14.69,1.72,0.0
20230627:2230,0.0,0.0,0.0,14.03,1.66,0.0
20230627:2330,0.0,0.0,0.0,13.75,1.59,0.0
20230628:0030,0.0,0.0,0.0,13.95,1.66,0.0
20230628:0130,0.0,0.0,-1.98,14.22,1.66,0.0
20230628:0230,0.37,6.64,5.48,14.21,1.86,0.0
20230628:0330,10.2,23.24,13.89,14.29,2.0,0.0
20230628:0430,51.87,76.64,22.91,14.53,2.0,0.0
20230628:0530,108.21,141.12,32.22,15.26,2.34,0.0
20230628:0630,337.94,395.82,41.43,16.05,3.52,0.0
20230628:0730,499.67,581.43,50.02,17.27,4.69,0.0
20230628:0830,593.71,690.78,57.11,18.22,5.79,0.0
20230628:0930,687.81,805.35,61.28,18.99,6.41,0.0
20230628:1030,695.36,812.95,61.12,19.7,6.9,0.0
20230628:1130,654.36,761.31,56.68,19.76,7.31,0.0
20230628:1230,525.24,608.12,49.44,19.84,7.66,0.0
20230628:1330,386.95,452.47,40.78,19.64,7.66,0.0
20230628:1430,244.58,300.96,31.55,19.25,7.66,0.0
20230628:1530,89.71,140.42,22.25,18.62,6.62,0.0
20230628:1630,35.31,56.19,13.26,17.55,4.97,0.0
20230628:1730,6.2,17.42,4.9,16.83,5.1,0.0
20230628:1830,0.0,0.0,-2.47,16.02,4.83,0.0
20230628:1930,0.0,0.0,0.0,15.83,4.28,0.0
20230628:2030,0.0,0.0,0.0,15.21,4.41,0.0
20230628:2130,0.0,0.0,0.0,14.45,4.55,0.0
20230628:2230,0.0,0.0,0.0,13.94,4.48,0.0
20230628:2330,0.0,0.0,0.0,13.82,4.55,0.0
20230629:0030,0.0,0.0,0.0,13.98,4.41,0.0
20230629:0130,0.0,0.0,-2.04,14.04,4.48,0.0
20230629:0230,0.0,5.29,5.41,13.92,4.34,0.0
20230629:0330,5.42,16.02,13.82,13.93,3.79,0.0
20230629:0430,40.35,64.43,22.85,14.14,3.72,0.0
20230629:0530,139.92,175.71,32.15,14.76,3.38,0.0
20230629:0630,189.35,229.3,41.37,15.79,3.38,0.0
20230629:0730,229.64,274.71,49.96,16.38,3.38,0.0
20230629:0830,221.62,264.72,57.05,17.23,3.38,0.0
20230629:0930,223.81,266.75,61.23,17.15,3.38,0.0
20230629:1030,364.4,423.12,61.08,17.04,4.21,0.0
20230629:1130,427.81,496.91,56.65,17.95,4.41,0.0
20230629:1230,507.91,594.92,49.43,18.93,4.48,0.0
20230629:1330,404.69,478.21,40.77,19.83,4.69,0.0
20230629:1430,188.33,235.81,31.54,19.8,5.24,0.0
20230629:1530,68.54,104.68,22.24,18.18,5.38,0.0
20230629:1630,22.69,40.45,13.25,17.8,4.07,0.0
20230629:1730,6.0,17.17,4.89,17.98,4.21,0.0
20230629:1830,0.0,0.0,-2.49,17.35,4.28,0.0
20230629:1930,0.0,0.0,0.0,16.07,4.0,0.0
20230629:2030,0.0,0.0,0.0,15.63,4.28,0.0
20230629:2130,0.0,0.0,0.0,15.24,4.14,0.0
20230629:2230,0.0,0.0,0.0,14.9,4.07,0.0
20230629:2330,0.0,0.0,0.0,14.67,3.93,0.0
20230630:0030,0.0,0.0,0.0,14.65,3.86,0.0
20230630:0130,0.0,0.0,-2.11,14.7,4.0,0.0
20230630:0230,6.92,18.4,5.34,14.48,4.14,0.0
20230630:0330,26.15,44.34,13.75,14.78,4.34,0.0
20230630:0430,105.24,156.08,22.77,15.59,3.72,0.0
20230630:0530,175.53,217.72,32.08,17.11,6.34,0.0
20230630:0630,237.28,283.96,41.29,18.11,5.72,0.0
20230630:0730,325.35,382.34,49.89,18.74,5.24,0.0
20230630:0830,555.23,653.07,56.98,19.92,5.17,0.0
20230630:0930,392.79,462.13,61.16,21.35,5.86,0.0
20230630:1030,343.62,405.92,61.03,21.42,5.93,0.0
20230630:1130,486.65,572.21,56.62,21.42,5.38,0.0
20230630:1230,420.53,495.37,49.41,22.0,5.45,0.0
20230630:1330,283.83,340.48,40.76,21.34,5.31,0.0
20230630:1430,249.68,312.55,31.53,21.81,4.76,0.0
20230630:1530,81.69,127.43,22.23,21.65,4.62,0.0
20230630:1630,23.82,42.21,13.23,19.69,3.79,0.0
20230630:1730,4.8,15.25,4.87,18.35,3.86,0.0
20230630:1830,0.0,0.0,-2.52,17.7,3.31,0.0
20230630:1930,0.0,0.0,0.0,18.12,3.79,0.0
20230630:2030,0.0,0.0,0.0,17.78,3.38,0.0
20230630:2130,0.0,0.0,0.0,17.17,2.9,0.0
20230630:2230,0.0,0.0,0.0,16.55,2.83,0.0
20230630:2330,0.0,0.0,0.0,16.18,2.9,0.0
20230701:0030,0.0,0.0,0.0,15.91,2.9,0.0
20230701:0130,0.0,0.0,-2.19,15.53,2.69,0.0
20230701:0230,8.91,21.43,5.26,15.11,2.48,0.0
20230701:0330,30.65,50.08,13.67,15.4,2.48,0.0
20230701:0430,115.16,177.58,22.7,16.93,2.55,0.0
20230701:0530,306.6,378.73,32.0,18.86,2.69,0.0
20230701:0630,482.43,580.2,41.22,20.64,2.55,0.0
20230701:0730,619.62,752.52,49.81,22.41,3.1,0.0
20230701:0830,704.34,864.78,56.9,23.72,3.72,0.0
20230701:0930,673.02,820.14,61.1,24.38,4.34,0.0
20230701:1030,597.84,724.09,60.97,24.75,4.34,0.0
20230701:1130,539.98,652.0,56.59,24.82,4.28,0.0
20230701:1230,338.02,409.33,49.38,25.0,4.28,0.0
20230701:1330,218.81,272.4,40.74,24.65,4.34,0.0
20230701:1430,122.76,162.61,31.51,24.1,4.07,0.0
20230701:1530,84.06,118.29,22.21,23.21,3.31,0.0
20230701:1630,40.47,63.77,13.21,22.54,3.03,0.0
20230701:1730,6.42,18.07,4.84,21.58,2.62,0.0
20230701:1830,0.0,0.0,-2.55,20.25,2.48,0.0
20230701:1930,0.0,0.0,0.0,19.6,2.69,0.0
20230701:2030,0.0,0.0,0.0,18.88,2.76,0.0
20230701:2130,0.0,0.0,0.0,18.47,2.69,0.0
20230701:2230,0.0,0.0,0.0,18.14,2.69,0.0
20230701:2330,0.0,0.0,0.0,17.89,2.76,0.0
20230702:0030,0.0,0.0,0.0,17.75,2.69,0.0
20230702:0130,0.0,0.0,-2.27,17.49,2.48,0.0
20230702:0230,6.76,18.32,5.18,17.03,2.21,0.0
20230702:0330,29.7,49.26,13.59,17.09,1.72,0.0
20230702:0430,101.38,156.95,22.62,18.75,1.79,0.0
20230702:0530,286.93,358.23,31.92,20.21,2.14,0.0
20230702:0630,456.58,550.21,41.14,21.81,2.83,0.0
20230702:0730,560.36,678.1,49.73,23.13,3.17,0.0
20230702:0830,660.99,811.87,56.82,24.06,3.38,0.0
20230702:0930,602.85,736.11,61.02,24.79,3.79,0.0
20230702:1030,618.57,756.77,60.91,25.01,3.86,0.0
20230702:1130,515.06,625.01,56.54,25.49,4.28,0.0
20230702:1230,394.56,477.8,49.35,25.5,4.41,0.0
20230702:1330,329.83,403.39,40.72,25.29,4.21,0.0
20230702:1430,220.39,280.3,31.49,24.9,4.41,0.0
20230702:1530,88.16,129.28,22.19,25.06,4.21,0.0
20230702:1630,31.33,52.66,13.19,23.96,2.83,0.0
20230702:1730,4.48,14.92,4.81,22.46,2.76,0.0
20230702:1830,0.0,0.0,-2.59,21.14,2.69,0.0
20230702:1930,0.0,0.0,0.0,20.25,2.07,0.0
20230702:2030,0.0,0.0,0.0,19.63,2.07,0.0
20230702:2130,0.0,0.0,0.0,19.18,2.14,0.0
20230702:2230,0.0,0.0,0.0,18.63,2.14,0.0
20230702:2330,0.0,0.0,0.0,18.39,2.07,0.0
20230703:0030,0.0,0.0,0.0,18.29,2.14,0.0
20230703:0130,0.0,0.0,-2.36,18.08,2.41,0.0
20230703:0230,5.97,17.13,5.09,17.94,2.69,0.0
20230703:0330,24.65,43.03,13.51,18.03,2.62,0.0
20230703:0430,108.9,163.64,22.53,18.65,2.34,0.0
20230703:0530,260.48,323.49,31.84,19.57,2.76,0.0
20230703:0630,383.05,459.34,41.05,20.69,2.62,0.0
20230703:0730,522.11,631.75,49.64,21.83,2.21,0.0
20230703:0830,607.52,744.75,56.73,23.07,2.41,0.0
20230703:0930,666.28,827.14,60.94,23.94,2.41,0.0
20230703:1030,702.77,881.18,60.84,24.55,2.41,0.0
20230703:1130,690.46,860.63,56.49,25.15,2.9,0.0
20230703:1230,531.82,650.63,49.32,25.51,3.17,0.0
20230703:1330,392.53,479.97,40.69,25.34,3.31,0.0
20230703:1430,263.77,336.3,31.46,25.03,3.38,0.0
20230703:1530,99.41,156.58,22.16,24.58,3.24,0.0
20230703:1630,29.48,50.25,13.15,23.68,2.62,0.0
20230703:1730,6.18,17.75,4.77,22.51,2.28,0.0
20230703:1830,0.0,0.0,-2.63,21.1,2.07,0.0
20230703:1930,0.0,0.0,0.0,20.91,2.21,0.0
20230703:2030,0.0,0.0,0.0,19.78,2.21,0.0
20230703:2130,0.0,0.0,0.0,19.03,2.14,0.0
20230703:2230,0.0,0.0,0.0,18.2,2.07,0.0
20230703:2330,0.0,0.0,0.0,17.22,2.0,0.0
20230704:0030,0.0,0.0,0.0,16.14,1.86,0.0
20230704:0130,0.0,0.0,-2.45,15.25,1.59,0.0
20230704:0230,7.49,19.34,5.0,15.42,1.24,0.0
20230704:0330,30.83,50.61,13.42,16.6,0.62,0.0
20230704:0430,111.49,175.37,22.44,17.64,0.21,0.0
20230704:0530,297.71,378.06,31.75,20.95,0.34,0.0
20230704:0630,474.93,592.05,40.96,22.74,0.41,0.0
20230704:0730,606.71,765.05,49.55,23.42,0.76,0.0
20230704:0830,680.33,878.25,56.64,24.37,0.62,0.0
20230704:0930,708.72,931.59,60.85,25.13,0.41,0.0
20230704:1030,690.45,901.28,60.77,25.75,0.62,0.0
20230704:1130,650.93,842.4,56.44,26.11,0.69,0.0
20230704:1230,531.68,671.2,49.27,26.51,0.97,0.0
20230704:1330,380.59,475.62,40.65,26.6,1.1,0.0
20230704:1430,269.53,350.49,31.43,26.41,0.97,0.0
20230704:1530,100.87,168.67,22.13,26.4,1.03,0.0
20230704:1630,25.44,45.45,13.12,25.94,1.38,0.0
20230704:1730,6.2,17.91,4.73,24.58,1.93,0.0
20230704:1830,0.0,0.0,-2.69,22.77,2.48,0.0
20230704:1930,0.0,0.0,0.0,21.62,2.41,0.0
20230704:2030,0.0,0.0,0.0,20.51,2.55,0.0
20230704:2130,0.0,0.0,0.0,19.74,2.62,0.0
20230704:2230,0.0,0.0,0.0,19.2,2.76,0.0
20230704:2330,0.0,0.0,0.0,18.69,2.69,0.0
20230705:0030,0.0,0.0,0.0,18.25,2.62,0.0
20230705:0130,0.0,0.0,-2.55,18.08,2.55,0.0
20230705:0230,11.14,24.88,4.91,17.73,2.62,0.0
20230705:0330,32.11,52.38,13.32,17.79,2.07,0.0
20230705:0430,112.44,173.03,22.35,18.98,0.69,0.0
20230705:0530,294.41,374.33,31.66,21.52,0.41,0.0
20230705:0630,434.72,537.23,40.87,23.24,0.97,0.0
20230705:0730,488.92,600.59,49.45,23.67,1.66,0.0
20230705:0830,550.99,680.87,56.54,24.43,1.93,0.0
20230705:0930,584.2,729.36,60.75,25.12,2.0,0.0
20230705:1030,512.67,641.46,60.69,26.06,1.59,0.0
20230705:1130,447.28,558.08,56.37,26.38,1.66,0.0
20230705:1230,348.49,433.19,49.22,26.19,1.52,0.0
20230705:1330,248.23,311.05,40.61,25.63,2.14,0.0
20230705:1430,141.9,186.14,31.39,25.38,2.62,0.0
20230705:1530,100.25,144.02,22.09,24.99,2.55,0.0
20230705:1630,40.3,64.1,13.07,24.52,2.55,0.0
20230705:1730,6.67,18.61,4.68,23.72,2.28,0.0
20230705:1830,0.0,0.0,-2.74,22.52,2.55,0.0
20230705:1930,0.0,0.0,0.0,21.85,2.55,0.0
20230705:2030,0.0,0.0,0.0,21.07,2.62,0.0
20230705:2130,0.0,0.0,0.0,20.56,2.41,0.0
20230705:2230,0.0,0.0,0.0,19.91,2.41,0.0
20230705:2330,0.0,0.0,0.0,19.66,2.21,0.0
20230706:0030,0.0,0.0,0.0,18.93,2.28,0.0
20230706:0130,0.0,0.0,-2.65,18.53,2.21,0.0
20230706:0230,7.31,19.26,4.8,18.33,2.07,0.0
20230706:0330,35.38,56.6,13.22,18.62,2.0,0.0
20230706:0430,100.53,150.45,22.25,19.73,1.72,0.0
20230706:0530,227.36,287.41,31.56,21.37,2.0,0.0
20230706:0630,362.91,441.14,40.77,22.54,2.14,0.0
20230706:0730,495.19,605.66,49.35,24.54,2.76,0.0
20230706:0830,561.3,698.21,56.44,26.21,2.69,0.0
20230706:0930,594.83,749.92,60.65,27.51,2.41,0.0
20230706:1030,541.52,681.81,60.6,28.49,2.28,0.0
20230706:1130,551.25,696.81,56.3,28.91,2.21,0.0
20230706:1230,465.87,586.05,49.17,29.33,2.0,0.0
20230706:1330,290.69,367.32,40.56,29.43,1.93,0.0
20230706:1430,214.95,280.38,31.35,28.29,2.28,0.0
20230706:1530,76.4,121.63,22.04,26.11,1.38,0.0
20230706:1630,29.15,50.25,13.02,25.33,0.21,0.0
20230706:1730,4.06,14.3,4.62,24.82,0.9,0.0
20230706:1830,0.0,0.0,-2.81,24.08,1.17,0.0
20230706:1930,0.0,0.0,0.0,24.32,1.72,0.0
20230706:2030,0.0,0.0,0.0,22.74,2.34,0.0
20230706:2130,0.0,0.0,0.0,21.68,2.07,0.0
20230706:2230,0.0,0.0,0.0,21.03,2.28,0.0
20230706:2330,0.0,0.0,0.0,20.51,2.28,0.0
20230707:0030,0.0,0.0,0.0,20.01,2.76,0.0
20230707:0130,0.0,0.0,-2.76,19.82,2.9,0.0
20230707:0230,4.37,14.59,4.7,19.75,2.83,0.0
20230707:0330,26.54,45.78,13.12,19.69,0.97,0.0
20230707:0430,67.97,104.3,22.15,20.05,1.03,0.0
20230707:0530,226.3,283.97,31.46,20.49,2.07,0.0
20230707:0630,240.77,296.88,40.66,21.91,1.79,0.0
20230707:0730,322.61,393.3,49.24,22.86,1.79,0.0
20230707:0830,329.09,398.38,56.33,23.43,2.76,0.0
20230707:0930,304.9,368.79,60.55,22.95,2.83,0.0
20230707:1030,261.8,315.84,60.51,22.02,3.24,0.0
20230707:1130,224.55,274.55,56.23,21.79,3.52,0.0
20230707:1230,217.48,268.02,49.11,22.34,3.59,0.0
20230707:1330,236.53,291.28,40.51,23.02,2.97,0.0
20230707:1430,141.55,185.28,31.3,23.61,3.17,0.0
20230707:1530,67.7,98.52,21.99,23.75,3.24,0.0
20230707:1630,31.59,52.83,12.97,23.3,3.66,0.0
20230707:1730,2.74,11.8,4.56,22.57,4.07,0.0
20230707:1830,0.0,0.0,-2.88,21.35,4.14,0.0
20230707:1930,0.0,0.0,0.0,19.96,3.52,0.0
20230707:2030,0.0,0.0,0.0,19.49,3.66,0.0
20230707:2130,0.0,0.0,0.0,19.16,4.34,0.0
20230707:2230,0.0,0.0,0.0,18.75,4.62,0.0
20230707:2330,0.0,0.0,0.0,18.35,4.69,0.0
20230708:0030,0.0,0.0,0.0,17.9,4.55,0.0
20230708:0130,0.0,0.0,-2.88,17.57,4.76,0.0
20230708:0230,5.72,16.68,4.59,17.31,4.76,0.0
20230708:0330,35.91,56.84,13.01,17.23,4.76,0.0
20230708:0430,88.76,124.64,22.04,17.69,4.28,0.0
20230708:0530,149.94,189.33,31.35,18.46,5.1,0.0
20230708:0630,198.17,241.93,40.56,19.17,5.79,0.0
20230708:0730,231.84,278.68,49.13,19.8,6.55,0.0
20230708:0830,293.79,349.42,56.21,20.72,6.55,0.0
20230708:0930,349.61,415.81,60.43,21.59,6.62,0.0
20230708:1030,273.75,330.34,60.4,22.29,6.55,0.0
20230708:1130,331.82,397.32,56.14,22.57,6.28,0.0
20230708:1230,243.98,295.67,49.04,22.88,6.34,0.0
20230708:1330,219.12,269.87,40.45,22.91,6.07,0.0
20230708:1430,128.03,167.71,31.24,22.85,5.86,0.0
20230708:1530,100.92,138.24,21.93,22.52,5.17,0.0
20230708:1630,43.72,67.54,12.91,22.01,5.1,0.0
20230708:1730,8.39,21.11,4.49,21.2,4.97,0.0
20230708:1830,0.0,0.0,-2.96,20.29,4.62,0.0
20230708:1930,0.0,0.0,0.0,19.54,4.28,0.0
20230708:2030,0.0,0.0,0.0,18.8,4.28,0.0
20230708:2130,0.0,0.0,0.0,18.1,4.28,0.0
20230708:2230,0.0,0.0,0.0,17.32,4.21,0.0
20230708:2330,0.0,0.0,0.0,16.72,4.07,0.0
20230709:0030,0.0,0.0,0.0,16.23,4.14,0.0
20230709:0130,0.0,0.0,-2.99,15.91,4.34,0.0
20230709:0230,10.96,24.43,4.47,15.66,4.55,0.0
20230709:0330,49.06,72.17,12.9,15.68,4.48,0.0
20230709:0430,124.14,174.16,21.93,16.47,4.14,0.0
20230709:0530,272.93,332.49,31.24,17.82,4.55,0.0
20230709:0630,435.82,513.86,40.45,19.27,4.97,0.0
20230709:0730,562.45,666.69,49.02,20.87,5.24,0.0
20230709:0830,652.81,781.49,56.09,22.04,5.38,0.0
20230709:0930,640.42,766.01,60.31,22.85,6.0,0.0
20230709:1030,584.64,697.32,60.3,23.19,6.34,0.0
20230709:1130,474.18,564.53,56.05,23.33,6.34,0.0
20230709:1230,328.86,394.04,48.97,23.3,6.21,0.0
20230709:1330,335.72,403.01,40.39,22.95,6.0,0.0
20230709:1430,205.02,259.67,31.18,22.81,5.93,0.0
20230709:1530,90.61,144.71,21.87,22.31,5.31,0.0
20230709:1630,23.41,42.01,12.84,21.81,4.69,0.0
20230709:1730,4.36,14.63,4.42,20.95,4.07,0.0
20230709:1830,0.0,0.0,0.0,19.88,3.66,0.0
20230709:1930,0.0,0.0,0.0,19.01,2.97,0.0
20230709:2030,0.0,0.0,0.0,18.18,3.17,0.0
20230709:2130,0.0,0.0,0.0,17.75,3.31,0.0
20230709:2230,0.0,0.0,0.0,17.54,3.45,0.0
20230709:2330,0.0,0.0,0.0,16.82,3.38,0.0
20230710:0030,0.0,0.0,0.0,16.18,3.38,0.0
20230710:0130,0.0,0.0,-3.12,15.61,3.45,0.0
20230710:0230,6.42,17.66,4.35,15.12,3.31,0.0
20230710:0330,28.92,47.91,12.78,15.27,3.1,0.0
20230710:0430,109.11,170.81,21.82,16.36,3.03,0.0
20230710:0530,299.21,367.26,31.13,17.84,3.52,0.0
20230710:0630,486.18,576.56,40.33,19.14,3.45,0.0
20230710:0730,631.83,754.01,48.9,20.16,3.79,0.0
20230710:0830,704.14,848.03,55.97,21.23,4.28,0.0
20230710:0930,600.49,715.86,60.19,21.88,4.55,0.0
20230710:1030,535.37,632.82,60.18,21.49,4.69,0.0
20230710:1130,501.67,590.88,55.96,20.34,4.9,0.0
20230710:1230,425.65,505.42,48.89,21.34,4.62,0.0
20230710:1330,333.5,398.66,40.32,21.51,4.62,0.0
20230710:1430,175.03,220.93,31.11,19.36,4.62,0.0
20230710:1530,82.84,125.13,21.8,19.25,3.86,0.0
20230710:1630,29.46,49.3,12.77,19.21,3.93,0.0
20230710:1730,4.67,15.04,4.34,18.63,3.52,0.0
20230710:1830,0.0,0.0,0.0,17.51,3.31,0.0
20230710:1930,0.0,0.0,0.0,16.81,3.17,0.0
20230710:2030,0.0,0.0,0.0,16.14,3.17,0.0
20230710:2130,0.0,0.0,0.0,15.6,2.97,0.0
20230710:2230,0.0,0.0,0.0,15.06,2.9,0.0
20230710:2330,0.0,0.0,0.0,14.77,2.97,0.0
20230711:0030,0.0,0.0,0.0,14.4,3.1,0.0
20230711:0130,0.0,0.0,-3.24,13.79,3.17,0.0
20230711:0230,5.91,16.76,4.23,13.21,3.03,0.0
20230711:0330,29.27,47.95,12.66,13.21,2.97,0.0
20230711:0430,111.29,171.23,21.7,14.04,3.17,0.0
20230711:0530,294.79,358.47,31.01,15.18,3.03,0.0
20230711:0630,471.54,554.22,40.21,16.46,2.76,0.0
20230711:0730,524.8,614.99,48.78,17.67,3.45,0.0
20230711:0830,515.57,605.57,55.84,18.4,3.66,0.0
20230711:0930,616.29,732.19,60.05,18.68,3.52,0.0
20230711:1030,496.72,587.59,60.06,19.41,3.45,0.0
20230711:1130,287.68,344.32,55.86,19.43,3.45,0.0
20230711:1230,290.68,346.1,48.8,19.21,3.45,0.0
20230711:1330,294.14,350.46,40.24,18.93,3.52,0.0
20230711:1430,190.5,238.35,31.04,18.67,3.52,0.0
20230711:1530,76.94,116.61,21.73,18.4,3.38,0.0
20230711:1630,22.63,40.41,12.69,17.88,2.83,0.0
20230711:1730,3.86,13.61,4.25,17.47,2.34,0.0
20230711:1830,0.0,0.0,0.0,16.69,2.14,0.0
20230711:1930,0.0,0.0,0.0,15.55,2.28,0.0
20230711:2030,0.0,0.0,0.0,15.09,2.28,0.0
20230711:2130,0.0,0.0,0.0,14.62,2.28,0.0
20230711:2230,0.0,0.0,0.0,14.39,2.07,0.0
20230711:2330,0.0,0.0,0.0,14.24,1.79,0.0
20230712:0030,0.0,0.0,0.0,14.09,1.79,0.0
20230712:0130,0.0,0.0,0.0,13.86,1.86,0.0
20230712:0230,3.04,12.01,4.1,13.48,2.14,0.0
20230712:0330,22.71,39.84,12.54,13.41,2.14,0.0
20230712:0430,91.44,136.45,21.58,14.6,2.28,0.0
20230712:0530,217.7,266.84,30.89,15.64,2.48,0.0
20230712:0630,286.92,339.91,40.09,17.02,2.97,0.0
20230712:0730,474.9,555.53,48.65,17.03,3.1,0.0
20230712:0830,516.69,605.05,55.7,18.18,3.93,0.0
20230712:0930,449.51,527.98,59.92,18.92,4.55,0.0
20230712:1030,453.23,533.78,59.93,19.37,4.28,0.0
20230712:1130,345.14,408.27,55.75,19.63,4.28,0.0
20230712:1230,234.41,282.05,48.71,19.76,3.79,0.0
20230712:1330,255.26,307.98,40.16,19.65,3.1,0.0
20230712:1430,247.9,308.33,30.96,20.07,3.31,0.0
20230712:1530,104.55,159.74,21.65,20.38,3.17,0.0
20230712:1630,29.22,49.22,12.6,20.08,2.21,0.0
20230712:1730,4.97,15.57,4.16,19.14,1.66,0.0
20230712:1830,0.0,0.0,0.0,17.68,2.14,0.0
20230712:1930,0.0,0.0,0.0,16.44,2.0,0.0
20230712:2030,0.0,0.0,0.0,15.1,1.86,0.0
20230712:2130,0.0,0.0,0.0,14.26,2.14,0.0
20230712:2230,0.0,0.0,0.0,13.96,2.41,0.0
20230712:2330,0.0,0.0,0.0,14.49,2.55,0.0
20230713:0030,0.0,0.0,0.0,15.44,2.62,0.0
20230713:0130,0.0,0.0,0.0,15.86,2.55,0.0
20230713:0230,4.14,14.02,3.97,15.86,2.62,0.0
20230713:0330,30.51,50.08,12.41,16.3,2.76,0.0
20230713:0430,100.34,145.51,21.45,17.01,2.62,0.0
20230713:0530,238.43,296.5,30.77,18.88,2.76,0.0
20230713:0630,414.81,496.96,39.96,20.74,2.83,0.0
20230713:0730,240.29,293.23,48.52,22.2,3.03,0.0
20230713:0830,279.88,338.3,55.56,22.25,2.0,0.0
20230713:0930,419.59,506.39,59.77,22.79,2.0,0.0
20230713:1030,612.88,751.96,59.8,24.32,2.97,0.0
20230713:1130,594.19,726.21,55.63,25.44,3.52,0.0
20230713:1230,555.12,679.15,48.61,25.99,3.52,0.0
20230713:1330,373.96,457.78,40.07,26.2,3.52,0.0
20230713:1430,183.41,239.34,30.87,26.01,3.66,0.0
20230713:1530,88.97,143.48,21.56,25.53,3.1,0.0
20230713:1630,31.33,52.95,12.51,25.29,2.62,0.0
20230713:1730,5.39,16.56,4.06,24.34,1.86,0.0
20230713:1830,0.0,0.0,0.0,22.97,2.07,0.0
20230713:1930,0.0,0.0,0.0,22.14,2.07,0.0
20230713:2030,0.0,0.0,0.0,21.34,1.72,0.0
20230713:2130,0.0,0.0,0.0,20.54,1.72,0.0
20230713:2230,0.0,0.0,0.0,20.06,2.14,0.0
20230713:2330,0.0,0.0,0.0,19.8,2.48,0.0
20230714:0030,0.0,0.0,0.0,19.3,2.62,0.0
20230714:0130,0.0,0.0,0.0,18.73,2.76,0.0
20230714:0230,4.29,14.39,3.83,18.21,2.97,0.0
20230714:0330,25.2,43.77,12.28,18.31,2.9,0.0
20230714:0430,75.45,116.03,21.33,19.36,2.83,0.0
20230714:0530,192.03,241.67,30.64,20.2,3.38,0.0
20230714:0630,216.53,264.47,39.83,21.19,4.14,0.0
20230714:0730,238.97,290.36,48.38,21.37,4.41,0.0
20230714:0830,260.41,313.14,55.42,21.67,4.62,0.0
20230714:0930,323.73,386.33,59.62,21.96,4.9,0.0
20230714:1030,600.88,714.97,59.66,22.7,5.72,0.0
20230714:1130,519.75,615.98,55.51,23.66,6.28,0.0
20230714:1230,550.66,654.35,48.5,23.89,6.21,0.0
20230714:1330,379.56,454.77,39.97,24.16,6.14,0.0
20230714:1430,203.22,259.06,30.78,24.03,5.86,0.0
20230714:1530,74.65,114.51,21.47,23.58,5.17,0.0
20230714:1630,22.12,40.49,12.41,22.8,3.93,0.0
20230714:1730,2.89,12.05,3.96,21.72,3.52,0.0
20230714:1830,0.0,0.0,0.0,20.59,3.38,0.0
20230714:1930,0.0,0.0,0.0,19.75,3.03,0.0
20230714:2030,0.0,0.0,0.0,18.87,2.9,0.0
20230714:2130,0.0,0.0,0.0,18.24,2.76,0.0
20230714:2230,0.0,0.0,0.0,17.66,2.69,0.0
20230714:2330,0.0,0.0,0.0,16.88,2.76,0.0
20230715:0030,0.0,0.0,0.0,16.29,2.69,0.0
20230715:0130,0.0,0.0,0.0,15.79,2.69,0.0
20230715:0230,4.52,14.63,3.69,15.23,2.62,0.0
20230715:0330,26.38,44.75,12.14,15.3,2.41,0.0
20230715:0430,104.78,166.64,21.19,16.84,2.21,0.0
20230715:0530,296.61,367.79,30.51,18.77,2.55,0.0
20230715:0630,450.63,539.4,39.7,20.45,2.83,0.0
20230715:0730,604.54,725.11,48.24,21.33,3.66,0.0
20230715:0830,697.36,842.34,55.27,22.36,4.34,0.0
20230715:0930,598.07,715.89,59.47,22.96,4.83,0.0
20230715:1030,584.49,697.84,59.51,23.17,5.03,0.0
20230715:1130,630.75,757.81,55.38,23.69,5.17,0.0
20230715:1230,529.71,632.33,48.39,24.04,5.31,0.0
20230715:1330,400.41,480.9,39.87,23.91,5.1,0.0
20230715:1430,235.53,297.96,30.69,23.76,4.97,0.0
20230715:1530,102.2,162.91,21.37,23.4,4.55,0.0
20230715:1630,23.88,42.83,12.31,22.96,3.86,0.0
20230715:1730,4.24,14.47,3.85,21.9,2.62,0.0
20230715:1830,0.0,0.0,0.0,20.37,2.28,0.0
20230715:1930,0.0,0.0,0.0,18.88,2.41,0.0
20230715:2030,0.0,0.0,0.0,17.72,2.34,0.0
20230715:2130,0.0,0.0,0.0,16.72,2.41,0.0
20230715:2230,0.0,0.0,0.0,15.98,2.41,0.0
20230715:2330,0.0,0.0,0.0,15.33,2.34,0.0
20230716:0030,0.0,0.0,0.0,14.83,2.28,0.0
20230716:0130,0.0,0.0,0.0,14.15,2.21,0.0
20230716:0230,4.33,14.22,3.55,13.38,2.07,0.0
20230716:0330,26.31,44.34,12.01,13.27,1.59,0.0
20230716:0430,105.71,168.34,21.06,16.03,1.03,0.0
20230716:0530,302.16,379.21,30.37,18.85,0.83,0.0
20230716:0630,478.67,589.37,39.56,21.11,0.69,0.0
20230716:0730,616.62,771.26,48.09,22.61,1.03,0.0
20230716:0830,709.36,903.68,55.11,24.05,1.38,0.0
20230716:0930,751.67,957.97,59.31,25.12,2.14,0.0
20230716:1030,751.68,955.08,59.36,25.87,2.55,0.0
20230716:1130,642.9,803.68,55.25,26.32,2.62,0.0
20230716:1230,542.82,672.83,48.27,26.53,2.55,0.0
20230716:1330,468.98,581.79,39.76,26.59,2.34,0.0
20230716:1430,302.85,390.39,30.58,26.51,2.14,0.0
20230716:1530,102.04,169.1,21.27,26.27,2.0,0.0
20230716:1630,24.28,43.85,12.2,25.6,1.86,0.0
20230716:1730,3.78,13.77,3.73,24.14,1.93,0.0
20230716:1830,0.0,0.0,0.0,22.01,2.41,0.0
20230716:1930,0.0,0.0,0.0,20.48,2.21,0.0
20230716:2030,0.0,0.0,0.0,18.89,1.93,0.0
20230716:2130,0.0,0.0,0.0,17.63,1.72,0.0
20230716:2230,0.0,0.0,0.0,16.65,2.0,0.0
20230716:2330,0.0,0.0,0.0,15.94,1.93,0.0
20230717:0030,0.0,0.0,0.0,15.53,1.86,0.0
20230717:0130,0.0,0.0,0.0,15.57,1.66,0.0
20230717:0230,3.83,13.48,3.4,15.63,1.52,0.0
20230717:0330,25.22,43.4,11.86,15.76,1.38,0.0
20230717:0430,102.23,164.81,20.92,17.86,0.9,0.0
20230717:0530,292.07,371.08,30.24,21.63,1.03,0.0
20230717:0630,460.59,569.96,39.42,23.78,1.17,0.0
20230717:0730,601.43,755.53,47.95,24.84,1.31,0.0
20230717:0830,688.33,883.72,54.96,26.19,1.38,0.0
20230717:0930,734.03,961.31,59.14,27.3,1.24,0.0
20230717:1030,723.97,953.04,59.2,28.29,1.17,0.0
20230717:1130,655.22,852.15,55.1,29.1,1.24,0.0
20230717:1230,566.06,723.67,48.15,29.69,1.59,0.0
20230717:1330,433.85,549.82,39.65,30.03,1.86,0.0
20230717:1430,251.67,329.03,30.47,30.01,2.14,0.0
20230717:1530,99.89,149.47,21.16,29.72,2.41,0.0
20230717:1630,37.86,62.09,12.09,28.59,2.14,0.0
20230717:1730,5.32,16.6,3.61,27.07,2.28,0.0
20230717:1830,0.0,0.0,0.0,25.35,2.34,0.0
20230717:1930,0.0,0.0,0.0,24.07,2.34,0.0
20230717:2030,0.0,0.0,0.0,23.27,2.34,0.0
20230717:2130,0.0,0.0,0.0,22.55,2.34,0.0
20230717:2230,0.0,0.0,0.0,21.97,2.34,0.0
20230717:2330,0.0,0.0,0.0,21.46,2.41,0.0
20230718:0030,0.0,0.0,0.0,21.05,2.41,0.0
20230718:0130,0.0,0.0,0.0,20.69,2.41,0.0
20230718:0230,4.37,14.63,3.25,20.53,2.41,0.0
20230718:0330,24.95,43.89,11.72,20.92,2.76,0.0
20230718:0430,39.36,61.89,20.78,20.58,3.17,0.0
20230718:0530,99.67,133.01,30.09,20.36,2.07,0.0
20230718:0630,225.85,277.18,39.28,21.11,2.62,0.0
20230718:0730,198.94,245.65,47.79,21.99,3.17,0.0
20230718:0830,361.86,431.02,54.79,21.4,3.38,0.0
20230718:0930,377.15,449.14,58.97,22.21,3.72,0.0
20230718:1030,580.69,696.49,59.03,23.93,5.03,0.0
20230718:1130,602.65,723.96,54.96,25.55,6.21,0.0
20230718:1230,571.85,685.7,48.02,26.56,7.38,0.0
20230718:1330,411.89,494.12,39.53,25.91,8.34,0.0
20230718:1430,212.16,270.24,30.36,24.79,7.31,0.0
20230718:1530,95.78,156.48,21.04,24.06,6.28,0.0
20230718:1630,25.01,44.34,11.97,23.29,5.59,0.0
20230718:1730,3.58,13.32,3.48,22.13,4.97,0.0
20230718:1830,0.0,0.0,0.0,20.8,4.55,0.0
20230718:1930,0.0,0.0,0.0,19.59,3.93,0.0
20230718:2030,0.0,0.0,0.0,18.65,3.66,0.0
20230718:2130,0.0,0.0,0.0,17.81,3.38,0.0
20230718:2230,0.0,0.0,0.0,17.0,3.17,0.0
20230718:2330,0.0,0.0,0.0,16.37,3.24,0.0
20230719:0030,0.0,0.0,0.0,15.91,3.24,0.0
20230719:0130,0.0,0.0,0.0,15.53,3.31,0.0
20230719:0230,3.44,12.79,3.1,15.11,3.17,0.0
20230719:0330,25.41,43.48,11.57,14.99,2.83,0.0
20230719:0430,103.79,165.74,20.63,16.18,2.69,0.0
20230719:0530,304.16,374.65,29.95,17.98,3.31,0.0
20230719:0630,485.67,575.74,39.13,19.57,3.86,0.0
20230719:0730,462.94,543.53,47.64,20.47,4.9,0.0
20230719:0830,549.0,645.13,54.62,20.66,5.24,0.0
20230719:0930,536.56,629.01,58.79,21.37,5.86,0.0
20230719:1030,524.62,616.89,58.86,21.5,5.66,0.0
20230719:1130,489.65,577.82,54.8,21.93,5.17,0.0
20230719:1230,433.59,513.79,47.88,22.3,4.76,0.0
20230719:1330,300.78,361.99,39.41,22.6,4.76,0.0
20230719:1430,187.3,238.93,30.24,22.56,4.21,0.0
20230719:1530,75.3,124.28,20.92,22.34,3.86,0.0
20230719:1630,18.23,35.16,11.84,21.86,3.38,0.0
20230719:1730,1.84,10.0,3.35,20.94,2.62,0.0
20230719:1830,0.0,0.0,0.0,19.67,2.14,0.0
20230719:1930,0.0,0.0,0.0,18.54,2.14,0.0
20230719:2030,0.0,0.0,0.0,17.5,2.14,0.0
20230719:2130,0.0,0.0,0.0,16.4,2.14,0.0
20230719:2230,0.0,0.0,0.0,15.33,2.07,0.0
20230719:2330,0.0,0.0,0.0,14.47,2.07,0.0
20230720:0030,0.0,0.0,0.0,13.77,2.0,0.0
20230720:0130,0.0,0.0,0.0,13.2,1.93,0.0
20230720:0230,3.01,11.93,2.94,12.81,1.72,0.0
20230720:0330,25.74,43.69,11.42,13.52,1.31,0.0
20230720:0430,103.65,165.93,20.49,15.55,0.69,0.0
20230720:0530,298.43,374.72,29.8,19.1,0.97,0.0
20230720:0630,461.15,560.18,38.98,20.98,1.59,0.0
20230720:0730,606.65,747.19,47.48,21.93,1.66,0.0
20230720:0830,660.91,819.83,54.45,23.26,2.14,0.0
20230720:0930,719.45,900.94,58.61,24.19,2.48,0.0
20230720:1030,698.96,875.27,58.68,24.98,2.55,0.0
20230720:1130,539.01,661.5,54.64,25.58,2.55,0.0
20230720:1230,424.08,518.52,47.74,25.78,2.48,0.0
20230720:1330,384.51,473.34,39.28,25.84,2.28,0.0
20230720:1430,184.2,238.68,30.11,25.94,2.21,0.0
20230720:1530,85.64,122.79,20.79,25.37,2.34,0.0
20230720:1630,26.89,47.09,11.71,24.61,2.0,0.0
20230720:1730,1.47,9.3,3.21,23.25,1.93,0.0
20230720:1830,0.0,0.0,0.0,21.74,1.59,0.0
20230720:1930,0.0,0.0,0.0,18.43,1.93,0.0
20230720:2030,0.0,0.0,0.0,17.82,1.38,0.0
20230720:2130,0.0,0.0,0.0,17.34,1.86,0.0
20230720:2230,0.0,0.0,0.0,16.94,2.41,0.0
20230720:2330,0.0,0.0,0.0,16.49,2.55,0.0
20230721:0030,0.0,0.0,0.0,16.07,3.03,0.0
20230721:0130,0.0,0.0,0.0,15.22,3.17,0.0
20230721:0230,2.97,11.93,2.77,14.61,3.1,0.0
20230721:0330,25.46,43.44,11.26,14.43,3.1,0.0
20230721:0430,104.36,159.26,20.33,15.19,4.41,0.0
20230721:0530,257.08,312.28,29.65,16.35,4.55,0.0
20230721:0630,334.65,393.6,38.82,17.85,4.21,0.0
20230721:0730,452.9,527.31,47.31,18.33,4.34,0.0
20230721:0830,570.18,672.16,54.27,19.39,4.21,0.0
20230721:0930,553.05,653.83,58.42,20.44,4.21,0.0
20230721:1030,603.82,718.96,58.49,20.97,4.28,0.0
20230721:1130,520.83,617.42,54.47,21.7,4.28,0.0
20230721:1230,453.22,537.49,47.59,22.02,4.34,0.0
20230721:1330,348.65,416.89,39.14,22.2,4.41,0.0
20230721:1430,231.86,291.66,29.98,22.04,4.21,0.0
20230721:1530,85.74,133.99,20.66,21.87,3.79,0.0
20230721:1630,22.66,40.98,11.57,21.33,3.1,0.0
20230721:1730,2.61,11.48,3.06,20.4,2.41,0.0
20230721:1830,0.0,0.0,0.0,18.89,2.28,0.0
20230721:1930,0.0,0.0,0.0,17.87,2.0,0.0
20230721:2030,0.0,0.0,0.0,16.56,1.79,0.0
20230721:2130,0.0,0.0,0.0,15.25,1.72,0.0
20230721:2230,0.0,0.0,0.0,14.44,1.72,0.0
20230721:2330,0.0,0.0,0.0,14.26,1.45,0.0
20230722:0030,0.0,0.0,0.0,14.34,1.24,0.0
20230722:0130,0.0,0.0,0.0,13.77,1.38,0.0
20230722:0230,3.91,13.52,2.61,13.7,1.31,0.0
20230722:0330,37.2,57.87,11.1,14.23,1.1,0.0
20230722:0430,107.82,147.81,20.18,15.77,0.9,0.0
20230722:0530,192.54,240.75,29.5,18.73,1.59,0.0
20230722:0630,120.25,156.13,38.67,20.15,2.69,0.0
20230722:0730,159.26,199.39,47.15,18.85,2.97,0.0
20230722:0830,151.48,190.74,54.09,19.12,3.45,0.0
20230722:0930,131.58,168.02,58.22,18.93,2.97,0.0
20230722:1030,139.95,177.16,58.3,18.52,2.62,0.0
20230722:1130,111.72,144.95,54.3,18.43,3.03,0.0
20230722:1230,93.8,124.78,47.44,18.46,3.1,0.0
20230722:1330,89.67,119.81,39.0,18.33,3.24,0.0
20230722:1430,101.36,134.74,29.84,18.04,3.24,0.0
20230722:1530,39.63,66.54,20.52,17.95,3.1,0.0
20230722:1630,7.72,19.84,11.43,17.62,2.83,0.0
20230722:1730,0.0,2.62,2.91,16.84,2.76,0.0
20230722:1830,0.0,0.0,0.0,16.39,2.9,0.0
20230722:1930,0.0,0.0,0.0,16.0,2.62,0.0
20230722:2030,0.0,0.0,0.0,15.87,2.62,0.0
20230722:2130,0.0,0.0,0.0,15.88,2.21,0.0
20230722:2230,0.0,0.0,0.0,15.87,1.59,0.0
20230722:2330,0.0,0.0,0.0,15.87,1.31,0.0
20230723:0030,0.0,0.0,0.0,15.82,1.38,0.0
20230723:0130,0.0,0.0,0.0,15.33,1.45,0.0
20230723:0230,2.04,10.2,2.44,14.76,1.45,0.0
20230723:0330,26.73,45.08,10.94,14.51,1.38,0.0
20230723:0430,95.53,144.97,20.02,15.61,1.45,0.0
20230723:0530,268.69,331.71,29.34,17.12,2.21,0.0
20230723:0630,248.78,299.05,38.51,18.68,3.1,0.0
20230723:0730,478.01,560.78,46.97,18.64,3.38,0.0
20230723:0830,501.17,589.26,53.9,19.89,4.14,0.0
20230723:0930,629.08,747.15,58.02,20.82,4.48,0.0
20230723:1030,639.26,763.85,58.11,21.82,4.41,0.0
20230723:1130,666.1,800.32,54.12,22.21,4.41,0.0
20230723:1230,526.42,627.11,47.27,22.77,4.55,0.0
20230723:1330,358.8,430.49,38.85,22.87,4.41,0.0
20230723:1430,263.3,330.68,29.7,22.72,4.14,0.0
20230723:1530,96.94,157.54,20.38,22.47,4.28,0.0
20230723:1630,26.65,46.23,11.28,21.81,3.72,0.0
20230723:1730,1.88,10.08,2.75,20.7,2.83,0.0
20230723:1830,0.0,0.0,0.0,18.94,2.34,0.0
20230723:1930,0.0,0.0,0.0,17.63,2.14,0.0
20230723:2030,0.0,0.0,0.0,16.33,1.72,0.0
20230723:2130,0.0,0.0,0.0,15.03,1.52,0.0
20230723:2230,0.0,0.0,0.0,14.02,1.93,0.0
20230723:2330,0.0,0.0,0.0,13.43,2.14,0.0
20230724:0030,0.0,0.0,0.0,13.38,2.34,0.0
20230724:0130,0.0,0.0,0.0,13.54,2.55,0.0
20230724:0230,0.94,7.95,2.27,14.28,2.76,0.0
20230724:0330,22.56,39.96,10.78,15.59,2.97,0.0
20230724:0430,93.38,130.34,19.86,16.8,3.17,0.0
20230724:0530,248.73,307.29,29.18,18.48,3.31,0.0
20230724:0630,396.77,471.25,38.34,20.66,4.28,0.0
20230724:0730,571.28,679.06,46.8,21.4,4.55,0.0
20230724:0830,662.67,795.52,53.71,23.01,5.17,0.0
20230724:0930,760.09,927.0,57.82,24.45,5.38,0.0
20230724:1030,745.56,912.85,57.9,25.63,5.66,0.0
20230724:1130,692.98,846.62,53.94,26.42,5.72,0.0
20230724:1230,541.13,657.14,47.11,27.01,5.59,0.0
20230724:1330,263.67,323.16,38.69,24.69,4.69,0.0
20230724:1430,195.52,251.43,29.55,25.05,3.17,0.0
20230724:1530,102.33,151.74,20.23,25.67,3.72,0.0
20230724:1630,32.25,54.1,11.12,25.32,3.59,0.0
20230724:1730,1.58,9.55,2.59,23.34,3.1,0.0
20230724:1830,0.0,0.0,0.0,21.65,2.34,0.0
20230724:1930,0.0,0.0,0.0,21.63,2.97,0.0
20230724:2030,0.0,0.0,0.0,20.58,2.34,0.0
20230724:2130,0.0,0.0,0.0,19.47,1.72,0.0
20230724:2230,0.0,0.0,0.0,18.74,1.24,0.0
20230724:2330,0.0,0.0,0.0,18.39,1.24,0.0
20230725:0030,0.0,0.0,0.0,17.47,1.66,0.0
20230725:0130,0.0,0.0,0.0,17.54,1.86,0.0
20230725:0230,1.97,10.16,2.09,17.45,2.41,0.0
20230725:0330,31.51,51.6,10.61,17.73,2.83,0.0
20230725:0430,99.7,148.15,19.7,18.77,3.03,0.0
20230725:0530,258.93,323.37,29.02,20.72,3.17,0.0
20230725:0630,412.54,496.43,38.17,22.62,3.79,0.0
20230725:0730,544.61,658.39,46.62,23.8,3.93,0.0
20230725:0830,672.41,828.75,53.52,25.53,4.0,0.0
20230725:0930,721.46,896.72,57.61,27.16,4.62,0.0
20230725:1030,606.05,747.1,57.7,28.39,5.17,0.0
20230725:1130,458.29,563.35,53.74,28.7,5.1,0.0
20230725:1230,427.48,526.48,46.93,28.8,4.83,0.0
20230725:1330,353.94,438.38,38.53,29.12,4.69,0.0
20230725:1430,197.69,256.87,29.39,29.02,4.28,0.0
20230725:1530,55.46,84.63,20.07,27.36,3.03,0.0
20230725:1630,16.77,33.69,10.96,25.74,2.41,0.0
20230725:1730,0.6,7.38,2.42,24.28,2.21,0.0
20230725:1830,0.0,0.0,0.0,23.0,2.21,0.0
20230725:1930,0.0,0.0,0.0,23.68,3.03,0.0
20230725:2030,0.0,0.0,0.0,23.3,3.03,0.0
20230725:2130,0.0,0.0,0.0,22.87,2.83,0.0
20230725:2230,0.0,0.0,0.0,22.46,2.76,0.0
20230725:2330,0.0,0.0,0.0,21.89,2.9,0.0
20230726:0030,0.0,0.0,0.0,21.32,3.1,0.0
20230726:0130,0.0,0.0,0.0,21.17,3.38,0.0
20230726:0230,1.06,8.36,1.91,20.98,3.1,0.0
20230726:0330,20.83,38.52,10.44,21.05,3.52,0.0
20230726:0430,89.23,145.8,19.54,22.19,4.21,0.0
20230726:0530,280.86,354.85,28.86,23.82,4.62,0.0
20230726:0630,436.38,524.52,38.0,24.92,6.07,0.0
20230726:0730,516.24,613.63,46.44,23.83,6.41,0.0
20230726:0830,571.23,682.38,53.32,24.34,6.41,0.0
20230726:0930,491.19,586.89,57.4,24.61,6.21,0.0
20230726:1030,585.44,706.21,57.48,24.69,5.45,0.0
20230726:1130,474.91,571.21,53.55,25.31,5.59,0.0
20230726:1230,366.31,442.67,46.75,25.53,5.38,0.0
20230726:1330,237.77,294.93,38.36,25.45,5.03,0.0
20230726:1430,130.86,172.25,29.23,25.2,4.28,0.0
20230726:1530,71.73,103.73,19.91,24.67,3.38,0.0
20230726:1630,25.29,44.92,10.8,24.19,2.28,0.0
20230726:1730,0.56,7.25,2.24,23.4,1.17,0.0
20230726:1830,0.0,0.0,0.0,22.23,1.1,0.0
20230726:1930,0.0,0.0,0.0,21.35,1.45,0.0
20230726:2030,0.0,0.0,0.0,20.5,1.66,0.0
20230726:2130,0.0,0.0,0.0,20.12,1.66,0.0
20230726:2230,0.0,0.0,0.0,20.0,1.59,0.0
20230726:2330,0.0,0.0,0.0,19.7,1.45,0.0
20230727:0030,0.0,0.0,0.0,19.48,1.38,0.0
20230727:0130,0.0,0.0,0.0,19.28,0.97,0.0
20230727:0230,0.0,4.51,1.73,18.98,0.48,0.0
20230727:0330,16.79,32.91,10.26,19.09,0.14,0.0
20230727:0430,83.58,122.4,19.37,19.75,0.48,0.0
20230727:0530,157.67,202.96,28.69,20.6,0.62,0.0
20230727:0630,88.75,121.24,37.83,21.68,1.1,0.0
20230727:0730,59.62,86.03,46.25,20.24,1.17,0.0
20230727:0830,111.76,146.17,53.11,19.94,1.17,0.0
20230727:0930,135.7,172.8,57.18,20.27,1.52,0.0
20230727:1030,209.84,255.02,57.26,20.67,2.21,0.0
20230727:1130,296.6,353.25,53.34,21.43,3.03,0.0
20230727:1230,345.7,413.45,46.57,22.74,3.66,0.0
20230727:1330,326.95,396.5,38.19,23.52,3.66,0.0
20230727:1430,193.87,246.97,29.06,23.53,4.55,0.0
20230727:1530,75.36,114.84,19.74,21.95,3.93,0.0
20230727:1630,15.06,30.74,10.62,21.1,3.1,0.0
20230727:1730,0.33,6.64,2.06,20.47,2.97,0.0
20230727:1830,0.0,0.0,0.0,19.57,2.97,0.0
20230727:1930,0.0,0.0,0.0,17.99,3.93,0.0
20230727:2030,0.0,0.0,0.0,17.43,4.28,0.0
20230727:2130,0.0,0.0,0.0,17.14,4.34,0.0
20230727:2230,0.0,0.0,0.0,16.84,4.69,0.0
20230727:2330,0.0,0.0,0.0,16.51,4.76,0.0
20230728:0030,0.0,0.0,0.0,16.1,5.03,0.0
20230728:0130,0.0,0.0,0.0,15.71,5.17,0.0
20230728:0230,0.0,1.8,1.55,15.52,5.17,0.0
20230728:0330,6.33,17.54,10.09,15.44,5.03,0.0
20230728:0430,31.34,50.88,19.2,15.45,4.55,0.0
20230728:0530,103.05,134.06,28.52,15.56,4.83,0.0
20230728:0630,282.55,331.7,37.66,16.11,5.03,0.0
20230728:0730,452.26,523.43,46.07,17.41,6.34,0.0
20230728:0830,516.43,601.36,52.91,19.15,6.34,0.0
20230728:0930,548.94,643.99,56.95,20.4,6.0,0.0
20230728:1030,712.57,849.05,57.04,21.22,6.0,0.0
20230728:1130,643.63,764.49,53.13,22.11,6.21,0.0
20230728:1230,553.54,655.06,46.38,22.42,6.14,0.0
20230728:1330,373.83,445.29,38.01,22.46,5.93,0.0
20230728:1430,230.38,288.31,28.89,22.09,5.45,0.0
20230728:1530,101.22,153.52,19.57,21.74,4.69,0.0
20230728:1630,22.8,41.15,10.45,21.3,3.59,0.0
20230728:1730,1.1,8.44,1.87,20.16,2.48,0.0
20230728:1830,0.0,0.0,0.0,18.5,2.28,0.0
20230728:1930,0.0,0.0,0.0,17.33,2.28,0.0
20230728:2030,0.0,0.0,0.0,16.1,2.14,0.0
20230728:2130,0.0,0.0,0.0,14.99,1.79,0.0
20230728:2230,0.0,0.0,0.0,14.21,1.66,0.0
20230728:2330,0.0,0.0,0.0,13.82,1.59,0.0
20230729:0030,0.0,0.0,0.0,13.33,1.72,0.0
20230729:0130,0.0,0.0,0.0,13.1,1.86,0.0
20230729:0230,0.23,6.27,1.36,13.7,1.86,0.0
20230729:0330,24.33,42.09,9.91,14.67,1.79,0.0
20230729:0430,80.91,118.96,19.02,16.47,1.66,0.0
20230729:0530,244.8,303.99,28.35,18.09,2.14,0.0
20230729:0630,439.6,524.34,37.48,19.48,2.62,0.0
20230729:0730,504.44,600.21,45.87,20.63,3.17,0.0
20230729:0830,424.66,503.07,52.7,21.44,3.72,0.0
20230729:0930,591.46,710.11,56.72,21.98,3.66,0.0
20230729:1030,477.21,569.74,56.81,22.94,3.59,0.0
20230729:1130,471.07,561.79,52.92,22.53,3.86,0.0
20230729:1230,450.78,537.31,46.18,22.49,3.86,0.0
20230729:1330,272.23,330.72,37.83,22.83,3.59,0.0
20230729:1430,209.93,266.93,28.71,22.83,3.72,0.0
20230729:1530,76.7,125.73,19.39,22.78,3.86,0.0
20230729:1630,17.8,34.67,10.26,22.54,3.31,0.0
20230729:1730,0.66,7.46,1.68,21.54,2.76,0.0
20230729:1830,0.0,0.0,0.0,19.99,2.62,0.0
20230729:1930,0.0,0.0,0.0,19.01,2.62,0.0
20230729:2030,0.0,0.0,0.0,17.96,2.48,0.0
20230729:2130,0.0,0.0,0.0,17.1,2.34,0.0
20230729:2230,0.0,0.0,0.0,16.43,2.21,0.0
20230729:2330,0.0,0.0,0.0,15.91,2.21,0.0
20230730:0030,0.0,0.0,0.0,15.39,2.07,0.0
20230730:0130,0.0,0.0,0.0,15.21,1.93,0.0
20230730:0230,0.66,7.34,1.17,14.84,1.93,0.0
20230730:0330,23.16,40.66,9.73,14.95,1.59,0.0
20230730:0430,87.66,133.69,18.85,16.57,1.03,0.0
20230730:0530,266.55,334.53,28.17,18.74,0.62,0.0
20230730:0630,461.89,565.7,37.3,20.86,0.83,0.0
20230730:0730,571.0,707.5,45.68,21.51,0.9,0.0
20230730:0830,619.6,776.41,52.48,22.39,0.97,0.0
20230730:0930,568.51,706.89,56.49,23.28,1.17,0.0
20230730:1030,384.04,467.81,56.57,23.55,1.66,0.0
20230730:1130,263.56,323.17,52.69,22.88,1.72,0.0
20230730:1230,254.38,311.6,45.98,22.35,1.79,0.0
20230730:1330,139.81,179.81,37.64,22.1,1.72,0.0
20230730:1430,148.0,192.29,28.53,21.86,1.79,0.0
20230730:1530,66.96,101.05,19.21,21.65,1.93,0.0
20230730:1630,14.65,30.16,10.07,20.91,1.66,0.0
20230730:1730,0.0,4.84,1.48,19.97,1.52,0.0
20230730:1830,0.0,0.0,0.0,19.32,1.38,0.0
20230730:1930,0.0,0.0,0.0,18.75,1.86,0.0
20230730:2030,0.0,0.0,0.0,18.68,1.72,0.0
20230730:2130,0.0,0.0,0.0,18.37,1.66,0.0
20230730:2230,0.0,0.0,0.0,18.11,1.52,0.0
20230730:2330,0.0,0.0,0.0,17.62,1.52,0.0
20230731:0030,0.0,0.0,0.0,17.19,1.66,0.0
20230731:0130,0.0,0.0,0.0,17.14,1.38,0.0
20230731:0230,0.0,4.47,0.97,17.05,1.24,0.0
20230731:0330,22.98,40.78,9.55,17.09,0.83,0.0
20230731:0430,83.7,116.63,18.67,17.72,0.62,0.0
20230731:0530,180.43,228.34,27.99,18.74,0.55,0.0
20230731:0630,173.81,218.04,37.11,19.88,0.9,0.0
20230731:0730,248.48,303.68,45.48,20.58,1.52,0.0
20230731:0830,239.7,295.41,52.26,21.42,1.59,0.0
20230731:0930,405.3,493.15,56.25,22.09,1.52,0.0
20230731:1030,473.57,581.4,56.33,23.07,1.31,0.0
20230731:1130,557.68,693.39,52.47,23.9,1.31,0.0
20230731:1230,399.3,489.8,45.77,24.51,1.66,0.0
20230731:1330,302.68,373.38,37.44,24.48,1.93,0.0
20230731:1430,145.92,191.68,28.34,24.41,1.93,0.0
20230731:1530,70.54,103.35,19.02,22.3,1.79,0.0
20230731:1630,15.92,32.05,9.88,21.88,0.97,0.0
20230731:1730,0.18,6.27,1.28,21.41,0.41,0.0
20230731:1830,0.0,0.0,0.0,20.66,0.48,0.0
20230731:1930,0.0,0.0,0.0,19.81,1.17,0.0
20230731:2030,0.0,0.0,0.0,19.09,1.59,0.0
20230731:2130,0.0,0.0,0.0,18.58,1.72,0.0
20230731:2230,0.0,0.0,0.0,18.23,1.72,0.0
20230731:2330,0.0,0.0,0.0,17.76,1.72,0.0
20230801:0030,0.0,0.0,0.0,17.11,1.59,0.0
20230801:0130,0.0,0.0,0.0,16.44,1.45,0.0
20230801:0230,0.44,6.84,0.78,16.55,0.97,0.0
20230801:0330,24.8,43.11,9.36,17.06,0.48,0.0
20230801:0430,95.27,146.97,18.49,17.79,0.21,0.0
20230801:0530,242.4,306.85,27.81,20.22,0.34,0.0
20230801:0630,386.44,475.51,36.93,21.97,0.55,0.0
20230801:0730,478.03,585.26,45.28,23.05,1.45,0.0
20230801:0830,482.54,589.92,52.04,23.7,1.86,0.0
20230801:0930,595.83,736.62,56.01,24.14,2.14,0.0
20230801:1030,646.1,806.32,56.08,24.6,2.21,0.0
20230801:1130,615.81,768.68,52.23,25.21,2.14,0.0
20230801:1230,503.78,622.2,45.55,25.55,2.0,0.0
20230801:1330,399.86,493.42,37.24,25.5,1.93,0.0
20230801:1430,184.44,240.26,28.14,25.41,2.21,0.0
20230801:1530,68.17,111.49,18.82,23.74,2.28,0.0
20230801:1630,13.89,29.34,9.68,23.24,1.93,0.0
20230801:1730,0.0,5.41,1.07,22.57,1.1,0.0
20230801:1830,0.0,0.0,0.0,21.56,1.93,0.0
20230801:1930,0.0,0.0,0.0,20.84,2.55,0.0
20230801:2030,0.0,0.0,0.0,20.31,2.55,0.0
20230801:2130,0.0,0.0,0.0,19.47,2.55,0.0
20230801:2230,0.0,0.0,0.0,18.89,2.34,0.0
20230801:2330,0.0,0.0,0.0,18.37,2.07,0.0
20230802:0030,0.0,0.0,0.0,17.88,2.07,0.0
20230802:0130,0.0,0.0,0.0,17.42,2.14,0.0
20230802:0230,0.01,5.74,0.58,17.09,2.14,0.0
20230802:0330,19.17,35.78,9.17,16.93,1.86,0.0
20230802:0430,90.12,147.72,18.31,18.32,1.66,0.0
20230802:0530,278.37,349.82,27.63,20.64,2.21,0.0
20230802:0630,462.48,560.24,36.74,22.55,2.62,0.0
20230802:0730,577.27,700.43,45.07,23.87,3.38,0.0
20230802:0830,568.78,690.01,51.81,24.9,3.79,0.0
20230802:0930,540.86,656.94,55.76,25.42,3.93,0.0
20230802:1030,565.56,690.89,55.83,25.87,3.79,0.0
20230802:1130,527.77,645.91,52.0,26.13,3.59,0.0
20230802:1230,380.7,465.72,45.33,26.62,3.79,0.0
20230802:1330,258.62,321.49,37.03,26.66,3.86,0.0
20230802:1430,189.23,244.28,27.94,26.44,3.66,0.0
20230802:1530,69.75,105.95,18.62,25.35,3.03,0.0
20230802:1630,25.17,44.88,9.47,24.86,2.34,0.0
20230802:1730,0.0,3.98,0.85,23.48,2.28,0.0
20230802:1830,0.0,0.0,0.0,21.68,1.72,0.0
20230802:1930,0.0,0.0,0.0,21.2,1.24,0.0
20230802:2030,0.0,0.0,0.0,20.33,1.66,0.0
20230802:2130,0.0,0.0,0.0,19.54,2.0,0.0
20230802:2230,0.0,0.0,0.0,19.08,2.14,0.0
20230802:2330,0.0,0.0,0.0,18.78,2.07,0.0
20230803:0030,0.0,0.0,0.0,18.5,1.72,0.0
20230803:0130,0.0,0.0,0.0,18.16,1.24,0.0
20230803:0230,0.0,5.25,0.38,17.44,1.45,0.0
20230803:0330,19.04,35.61,8.98,17.05,1.66,0.0
20230803:0430,84.94,134.23,18.12,18.73,2.0,0.0
20230803:0530,212.94,268.0,27.45,19.97,2.07,0.0
20230803:0630,355.65,427.93,36.54,21.11,2.34,0.0
20230803:0730,424.84,505.47,44.87,21.39,2.97,0.0
20230803:0830,527.81,636.89,51.58,22.33,2.69,0.0
20230803:0930,585.3,717.09,55.51,23.28,2.34,0.0
20230803:1030,578.41,709.55,55.57,24.11,2.62,0.0
20230803:1130,583.41,715.98,51.75,24.92,2.97,0.0
20230803:1230,459.0,558.55,45.1,25.4,2.97,0.0
20230803:1330,434.69,533.06,36.82,25.51,2.76,0.0
20230803:1430,215.61,277.82,27.73,25.66,2.76,0.0
20230803:1530,88.47,142.32,18.41,25.31,2.48,0.0
20230803:1630,19.06,36.72,9.26,24.79,1.86,0.0
20230803:1730,0.0,5.29,0.63,23.57,1.86,0.0
20230803:1830,0.0,0.0,0.0,21.8,2.41,0.0
20230803:1930,0.0,0.0,0.0,20.96,2.69,0.0
20230803:2030,0.0,0.0,0.0,20.2,2.9,0.0
20230803:2130,0.0,0.0,0.0,19.74,2.97,0.0
20230803:2230,0.0,0.0,0.0,19.37,3.03,0.0
20230803:2330,0.0,0.0,0.0,19.23,3.17,0.0
20230804:0030,0.0,0.0,0.0,19.12,3.24,0.0
20230804:0130,0.0,0.0,0.0,19.28,3.31,0.0
20230804:0230,0.0,4.51,0.17,19.47,3.31,0.0
20230804:0330,20.87,38.36,8.79,19.54,3.24,0.0
20230804:0430,82.95,134.29,17.94,20.33,2.9,0.0
20230804:0530,244.07,307.7,27.26,21.96,3.03,0.0
20230804:0630,449.81,545.18,36.35,23.45,3.03,0.0
20230804:0730,544.62,665.99,44.66,24.95,2.97,0.0
20230804:0830,619.29,771.24,51.35,26.12,2.62,0.0
20230804:0930,699.3,888.53,55.25,27.23,2.41,0.0
20230804:1030,654.44,833.19,55.31,28.22,2.14,0.0
20230804:1130,654.62,838.68,51.5,28.78,1.93,0.0
20230804:1230,562.26,711.31,44.87,29.43,2.07,0.0
20230804:1330,370.62,463.92,36.6,29.61,2.41,0.0
20230804:1430,220.08,288.9,27.52,29.25,2.55,0.0
20230804:1530,75.06,129.62,18.2,28.96,1.93,0.0
20230804:1630,15.66,32.5,9.04,28.52,0.83,0.0
20230804:1730,0.0,4.22,0.41,27.15,0.48,0.0
20230804:1830,0.0,0.0,0.0,25.42,1.79,0.0
20230804:1930,0.0,0.0,0.0,24.2,1.79,0.0
20230804:2030,0.0,0.0,0.0,23.35,1.86,0.0
20230804:2130,0.0,0.0,0.0,22.81,2.07,0.0
20230804:2230,0.0,0.0,0.0,22.67,2.07,0.0
20230804:2330,0.0,0.0,0.0,22.27,2.21,0.0
20230805:0030,0.0,0.0,0.0,21.91,2.21,0.0
20230805:0130,0.0,0.0,0.0,21.48,2.21,0.0
20230805:0230,0.0,0.0,-0.03,21.22,2.14,0.0
20230805:0330,14.75,30.29,8.59,20.83,2.21,0.0
20230805:0430,85.03,141.4,17.75,21.84,2.07,0.0
20230805:0530,260.01,332.05,27.07,24.08,2.62,0.0
20230805:0630,446.58,547.9,36.15,25.81,2.97,0.0
20230805:0730,592.6,733.68,44.44,27.03,3.17,0.0
20230805:0830,688.35,864.57,51.11,28.52,3.66,0.0
20230805:0930,724.28,912.43,54.99,29.56,4.34,0.0
20230805:1030,726.83,916.3,55.04,29.99,4.55,0.0
20230805:1130,688.7,865.53,51.25,30.39,4.62,0.0
20230805:1230,594.61,739.95,44.63,30.58,4.76,0.0
20230805:1330,447.25,554.58,36.37,30.54,5.03,0.0
20230805:1430,266.87,346.86,27.3,30.27,5.24,0.0
20230805:1530,85.11,146.12,17.98,29.8,4.97,0.0
20230805:1630,15.88,32.83,8.82,28.97,4.0,0.0
20230805:1730,0.0,4.22,0.18,27.54,3.66,0.0
20230805:1830,0.0,0.0,0.0,26.0,3.52,0.0
20230805:1930,0.0,0.0,0.0,25.05,3.66,0.0
20230805:2030,0.0,0.0,0.0,24.39,3.86,0.0
20230805:2130,0.0,0.0,0.0,23.84,3.86,0.0
20230805:2230,0.0,0.0,0.0,23.29,3.72,0.0
20230805:2330,0.0,0.0,0.0,22.74,3.52,0.0
20230806:0030,0.0,0.0,0.0,22.21,3.38,0.0
20230806:0130,0.0,0.0,0.0,21.74,3.31,0.0
20230806:0230,0.0,0.0,-0.24,21.38,3.38,0.0
20230806:0330,16.48,32.7,8.4,21.25,3.38,0.0
20230806:0430,86.4,144.86,17.56,22.17,3.45,0.0
20230806:0530,275.81,349.55,26.88,23.88,3.86,0.0
20230806:0630,459.24,558.06,35.95,25.77,4.48,0.0
20230806:0730,607.21,741.69,44.23,27.52,5.31,0.0
20230806:0830,707.82,876.29,50.87,29.12,5.86,0.0
20230806:0930,758.71,947.97,54.72,30.4,6.34,0.0
20230806:1030,758.33,948.85,54.77,31.4,6.9,0.0
20230806:1130,660.8,819.91,50.98,32.18,7.31,0.0
20230806:1230,561.76,694.14,44.39,32.43,7.38,0.0
20230806:1330,434.28,538.52,36.14,32.63,7.59,0.0
20230806:1430,268.31,350.63,27.08,32.52,7.59,0.0
20230806:1530,83.7,145.66,17.76,31.94,7.24,0.0
20230806:1630,15.18,32.05,8.59,30.96,7.17,0.0
20230806:1730,0.0,0.0,-0.06,29.86,6.97,0.0
20230806:1830,0.0,0.0,0.0,29.07,7.03,0.0
20230806:1930,0.0,0.0,0.0,28.7,7.38,0.0
20230806:2030,0.0,0.0,0.0,28.07,7.17,0.0
20230806:2130,0.0,0.0,0.0,27.44,6.97,0.0
20230806:2230,0.0,0.0,0.0,26.85,6.9,0.0
20230806:2330,0.0,0.0,0.0,26.38,6.83,0.0
20230807:0030,0.0,0.0,0.0,25.99,6.76,0.0
20230807:0130,0.0,0.0,0.0,25.61,6.62,0.0
20230807:0230,0.0,0.0,-0.45,25.26,6.48,0.0
20230807:0330,12.74,27.87,8.2,25.0,6.21,0.0
20230807:0430,65.61,111.48,17.37,25.04,5.79,0.0
20230807:0530,161.05,210.42,26.69,25.39,4.83,0.0
20230807:0630,254.83,312.97,35.75,24.58,4.62,0.0
20230807:0730,319.73,386.21,44.01,24.41,5.72,0.0
20230807:0830,388.3,463.11,50.62,23.82,5.72,0.0
20230807:0930,406.44,485.31,54.46,24.52,6.21,0.0
20230807:1030,245.94,297.33,54.49,22.64,6.9,0.0
20230807:1130,272.28,327.41,50.72,21.91,5.1,0.0
20230807:1230,257.38,311.86,44.14,22.67,4.62,0.0
20230807:1330,152.43,191.58,35.91,20.86,5.03,0.0
20230807:1430,112.55,149.04,26.85,21.01,5.17,0.0
20230807:1530,36.44,61.73,17.53,20.33,5.66,0.0
20230807:1630,10.04,23.44,8.36,19.55,4.83,0.0
20230807:1730,0.0,0.0,-0.3,19.45,3.66,0.0
20230807:1830,0.0,0.0,0.0,19.0,2.97,0.0
20230807:1930,0.0,0.0,0.0,18.0,3.52,0.0
20230807:2030,0.0,0.0,0.0,17.59,3.52,0.0
20230807:2130,0.0,0.0,0.0,17.35,3.31,0.0
20230807:2230,0.0,0.0,0.0,16.86,2.97,0.0
20230807:2330,0.0,0.0,0.0,16.32,2.83,0.0
20230808:0030,0.0,0.0,0.0,15.86,2.69,0.0
20230808:0130,0.0,0.0,0.0,15.53,2.69,0.0
20230808:0230,0.0,0.0,-0.66,15.22,2.48,0.0
20230808:0330,16.4,31.84,8.0,14.95,2.41,0.0
20230808:0430,89.42,145.23,17.17,15.9,1.86,0.0
20230808:0530,282.62,349.78,26.49,17.77,2.21,0.0
20230808:0630,367.16,439.6,35.55,19.08,1.86,0.0
20230808:0730,470.99,558.87,43.78,19.3,2.9,0.0
20230808:0830,546.17,650.41,50.37,20.14,3.1,0.0
20230808:0930,524.55,625.02,54.18,20.83,3.24,0.0
20230808:1030,450.49,536.15,54.21,21.15,3.17,0.0
20230808:1130,375.15,447.13,50.45,21.32,2.9,0.0
20230808:1230,348.68,415.14,43.89,21.49,2.76,0.0
20230808:1330,246.11,300.07,35.67,21.54,2.48,0.0
20230808:1430,97.66,132.74,26.62,21.58,2.21,0.0
20230808:1530,54.4,81.7,17.3,21.2,1.79,0.0
20230808:1630,8.48,21.23,8.12,20.83,1.17,0.0
20230808:1730,0.0,0.0,-0.55,19.96,1.66,0.0
20230808:1830,0.0,0.0,0.0,18.51,2.28,0.0
20230808:1930,0.0,0.0,0.0,17.86,2.21,0.0
20230808:2030,0.0,0.0,0.0,17.3,2.07,0.0
20230808:2130,0.0,0.0,0.0,16.88,2.07,0.0
20230808:2230,0.0,0.0,0.0,16.57,2.0,0.0
20230808:2330,0.0,0.0,0.0,16.2,2.07,0.0
20230809:0030,0.0,0.0,0.0,15.83,2.21,0.0
20230809:0130,0.0,0.0,0.0,15.71,2.34,0.0
20230809:0230,0.0,0.0,-0.88,15.44,2.34,0.0
20230809:0330,17.03,32.66,7.8,14.81,2.34,0.0
20230809:0430,89.88,145.51,16.97,15.35,2.28,0.0
20230809:0530,283.29,348.32,26.29,16.79,2.69,0.0
20230809:0630,443.86,525.71,35.34,18.28,2.76,0.0
20230809:0730,583.37,694.41,43.56,18.99,2.76,0.0
20230809:0830,679.43,821.7,50.12,20.18,2.9,0.0
20230809:0930,737.49,905.04,53.9,21.05,2.83,0.0
20230809:1030,621.83,754.29,53.92,21.84,2.9,0.0
20230809:1130,602.52,732.35,50.17,22.15,2.62,0.0
20230809:1230,435.95,525.73,43.63,22.62,2.48,0.0
20230809:1330,374.79,454.36,35.42,22.58,2.34,0.0
20230809:1430,247.98,314.52,26.38,22.62,2.34,0.0
20230809:1530,84.52,142.05,17.06,22.47,1.93,0.0
20230809:1630,14.18,29.63,7.88,21.96,1.17,0.0
20230809:1730,0.0,0.0,-0.8,20.35,0.83,0.0
20230809:1830,0.0,0.0,0.0,18.99,0.9,0.0
20230809:1930,0.0,0.0,0.0,17.53,1.17,0.0
20230809:2030,0.0,0.0,0.0,15.68,1.59,0.0
20230809:2130,0.0,0.0,0.0,14.29,1.86,0.0
20230809:2230,0.0,0.0,0.0,13.6,1.93,0.0
20230809:2330,0.0,0.0,0.0,13.13,2.0,0.0
20230810:0030,0.0,0.0,0.0,12.72,1.93,0.0
20230810:0130,0.0,0.0,0.0,12.44,1.93,0.0
20230810:0230,0.0,0.0,-1.09,12.21,1.93,0.0
20230810:0330,21.28,37.83,7.59,12.08,1.93,0.0
20230810:0430,92.23,145.08,16.78,13.61,1.31,0.0
20230810:0530,276.25,342.74,26.09,17.41,1.24,0.0
20230810:0630,438.14,529.27,35.13,19.67,1.38,0.0
20230810:0730,574.6,700.34,43.33,20.77,1.79,0.0
20230810:0830,647.02,796.19,49.87,21.97,2.34,0.0
20230810:0930,683.3,842.64,53.62,22.71,2.97,0.0
20230810:1030,655.62,804.99,53.63,23.22,3.31,0.0
20230810:1130,583.84,711.75,49.89,23.55,3.52,0.0
20230810:1230,502.76,608.72,43.36,23.78,3.66,0.0
20230810:1330,390.21,472.56,35.17,23.78,3.72,0.0
20230810:1430,228.82,289.43,26.14,23.65,3.79,0.0
20230810:1530,86.84,132.15,16.82,23.21,3.72,0.0
20230810:1630,20.74,38.61,7.63,22.39,2.97,0.0
20230810:1730,0.0,0.0,-1.06,21.03,2.69,0.0
20230810:1830,0.0,0.0,0.0,19.93,2.76,0.0
20230810:1930,0.0,0.0,0.0,18.82,2.76,0.0
20230810:2030,0.0,0.0,0.0,18.46,3.1,0.0
20230810:2130,0.0,0.0,0.0,18.12,3.1,0.0
20230810:2230,0.0,0.0,0.0,17.66,2.97,0.0
20230810:2330,0.0,0.0,0.0,17.19,2.76,0.0
20230811:0030,0.0,0.0,0.0,16.63,2.83,0.0
20230811:0130,0.0,0.0,0.0,16.4,2.62,0.0
20230811:0230,0.0,0.0,-1.31,15.79,2.41,0.0
20230811:0330,15.62,30.86,7.39,15.5,2.34,0.0
20230811:0430,70.89,107.66,16.58,16.1,2.48,0.0
20230811:0530,181.26,227.5,25.89,17.17,3.24,0.0
20230811:0630,438.16,515.71,34.92,18.72,3.86,0.0
20230811:0730,423.63,501.04,43.1,20.72,3.79,0.0
20230811:0830,417.15,494.62,49.61,21.6,4.07,0.0
20230811:0930,422.23,500.69,53.34,22.22,4.48,0.0
20230811:1030,285.63,343.81,53.34,22.84,4.83,0.0
20230811:1130,214.25,265.21,49.6,22.95,4.55,0.0
20230811:1230,254.96,309.56,43.09,23.03,4.62,0.0
20230811:1330,234.15,287.24,34.91,23.22,4.62,0.0
20230811:1430,162.68,210.38,25.89,23.3,4.55,0.0
20230811:1530,75.11,116.95,16.57,23.16,4.48,0.0
20230811:1630,17.81,34.67,7.38,22.52,4.0,0.0
20230811:1730,0.0,0.0,-1.32,21.33,3.52,0.0
20230811:1830,0.0,0.0,0.0,20.05,3.45,0.0
20230811:1930,0.0,0.0,0.0,19.02,2.83,0.0
20230811:2030,0.0,0.0,0.0,18.51,3.03,0.0
20230811:2130,0.0,0.0,0.0,18.11,3.38,0.0
20230811:2230,0.0,0.0,0.0,17.84,3.72,0.0
20230811:2330,0.0,0.0,0.0,17.63,4.14,0.0
20230812:0030,0.0,0.0,0.0,17.36,4.41,0.0
20230812:0130,0.0,0.0,0.0,17.14,4.62,0.0
20230812:0230,0.0,0.0,-1.53,16.95,4.9,0.0
20230812:0330,12.36,26.52,7.18,16.95,5.17,0.0
20230812:0430,41.49,64.91,16.37,17.22,5.45,0.0
20230812:0530,101.69,133.6,25.69,17.6,4.97,0.0
20230812:0630,122.16,156.28,34.71,18.23,5.93,0.0
20230812:0730,180.28,220.3,42.87,17.97,7.72,0.0
20230812:0830,195.76,237.37,49.35,18.67,7.79,0.0
20230812:0930,225.05,270.55,53.05,19.0,6.9,0.0
20230812:1030,81.53,110.56,53.04,18.95,6.28,0.0
20230812:1130,59.03,84.54,49.31,18.1,5.66,0.0
20230812:1230,49.57,73.3,42.82,17.71,5.66,0.0
20230812:1330,17.98,34.24,34.65,17.63,5.86,0.0
20230812:1430,15.12,30.37,25.63,17.42,5.86,0.0
20230812:1530,10.16,23.41,16.32,17.34,5.59,0.0
20230812:1630,0.62,7.3,7.12,17.25,5.24,0.0
20230812:1730,0.0,0.0,-1.58,17.22,5.1,0.0
20230812:1830,0.0,0.0,0.0,17.37,4.97,0.0
20230812:1930,0.0,0.0,0.0,17.43,4.21,0.0
20230812:2030,0.0,0.0,0.0,17.41,4.07,0.0
20230812:2130,0.0,0.0,0.0,17.6,4.07,0.0
20230812:2230,0.0,0.0,0.0,17.7,4.28,0.0
20230812:2330,0.0,0.0,0.0,17.78,4.48,0.0
20230813:0030,0.0,0.0,0.0,17.79,4.48,0.0
20230813:0130,0.0,0.0,0.0,17.71,4.28,0.0
20230813:0230,0.0,0.0,-1.75,17.55,4.07,0.0
20230813:0330,13.55,28.2,6.97,17.01,4.0,0.0
20230813:0430,80.77,129.14,16.17,16.95,4.07,0.0
20230813:0530,256.88,316.31,25.48,18.01,4.14,0.0
20230813:0630,377.35,444.81,34.49,19.35,4.55,0.0
20230813:0730,449.54,526.13,42.63,20.12,5.38,0.0
20230813:0830,553.72,649.9,49.08,20.62,5.52,0.0
20230813:0930,525.3,619.06,52.76,21.2,5.24,0.0
20230813:1030,500.43,590.85,52.73,21.45,4.83,0.0
20230813:1130,403.2,476.36,49.02,22.09,4.55,0.0
20230813:1230,413.65,491.26,42.54,22.63,4.28,0.0
20230813:1330,312.44,377.36,34.39,23.6,4.28,0.0
20230813:1430,186.76,240.78,25.37,24.02,3.86,0.0
20230813:1530,64.58,111.81,16.06,23.93,3.17,0.0
20230813:1630,11.44,25.82,6.86,23.14,2.41,0.0
20230813:1730,0.0,0.0,-1.85,21.68,2.21,0.0
20230813:1830,0.0,0.0,0.0,19.98,2.21,0.0
20230813:1930,0.0,0.0,0.0,18.44,1.93,0.0
20230813:2030,0.0,0.0,0.0,16.92,2.14,0.0
20230813:2130,0.0,0.0,0.0,15.82,1.93,0.0
20230813:2230,0.0,0.0,0.0,15.58,1.59,0.0
20230813:2330,0.0,0.0,0.0,15.58,1.38,0.0
20230814:0030,0.0,0.0,0.0,14.67,1.59,0.0
20230814:0130,0.0,0.0,0.0,14.08,1.72,0.0
20230814:0230,0.0,0.0,-1.98,13.92,1.66,0.0
20230814:0330,12.56,26.56,6.76,14.25,1.45,0.0
20230814:0430,84.13,138.5,15.97,16.31,0.76,0.0
20230814:0530,269.53,339.77,25.28,19.29,0.62,0.0
20230814:0630,452.54,554.43,34.27,22.07,1.1,0.0
20230814:0730,605.0,743.26,42.39,23.4,2.28,0.0
20230814:0830,701.28,879.18,48.81,24.71,2.34,0.0
20230814:0930,724.69,919.97,52.46,25.83,2.28,0.0
20230814:1030,737.55,943.89,52.42,26.73,2.21,0.0
20230814:1130,684.1,872.76,48.72,27.56,2.07,0.0
20230814:1230,575.73,725.85,42.25,28.12,1.93,0.0
20230814:1330,435.34,545.68,34.11,28.37,1.86,0.0
20230814:1430,255.46,334.33,25.11,28.45,1.93,0.0
20230814:1530,76.77,127.85,15.79,28.17,1.72,0.0
20230814:1630,14.26,30.29,6.59,26.9,1.72,0.0
20230814:1730,0.0,0.0,-2.13,25.14,2.34,0.0
20230814:1830,0.0,0.0,0.0,23.35,2.48,0.0
20230814:1930,0.0,0.0,0.0,22.7,2.62,0.0
20230814:2030,0.0,0.0,0.0,21.88,2.62,0.0
20230814:2130,0.0,0.0,0.0,21.19,2.48,0.0
20230814:2230,0.0,0.0,0.0,20.71,2.34,0.0
20230814:2330,0.0,0.0,0.0,20.03,2.34,0.0
20230815:0030,0.0,0.0,0.0,19.52,2.14,0.0
20230815:0130,0.0,0.0,0.0,18.94,2.0,0.0
20230815:0230,0.0,0.0,-2.2,18.23,1.66,0.0
20230815:0330,10.72,24.3,6.54,17.92,1.38,0.0
20230815:0430,77.64,130.47,15.76,19.24,0.76,0.0
20230815:0530,261.12,333.35,25.07,22.11,0.76,0.0
20230815:0630,441.48,546.46,34.05,24.29,1.1,0.0
20230815:0730,576.78,729.05,42.15,26.14,1.1,0.0
20230815:0830,675.04,868.75,48.54,27.64,1.52,0.0
20230815:0930,718.2,935.14,52.16,28.56,1.66,0.0
20230815:1030,646.94,836.91,52.11,29.08,1.38,0.0
20230815:1130,622.29,807.41,48.41,29.4,1.1,0.0
20230815:1230,512.08,651.72,41.96,29.73,1.24,0.0
20230815:1330,414.14,523.95,33.84,29.68,1.45,0.0
20230815:1430,219.78,291.6,24.84,29.64,1.66,0.0
20230815:1530,66.47,119.84,15.53,29.16,1.86,0.0
20230815:1630,9.07,22.7,6.32,28.03,2.07,0.0
20230815:1730,0.0,0.0,-2.41,25.95,2.62,0.0
20230815:1830,0.0,0.0,0.0,24.14,2.69,0.0
20230815:1930,0.0,0.0,0.0,23.55,2.55,0.0
20230815:2030,0.0,0.0,0.0,22.49,2.48,0.0
20230815:2130,0.0,0.0,0.0,21.54,2.34,0.0
20230815:2230,0.0,0.0,0.0,20.62,2.14,0.0
20230815:2330,0.0,0.0,0.0,19.79,2.07,0.0
20230816:0030,0.0,0.0,0.0,19.1,2.07,0.0
20230816:0130,0.0,0.0,0.0,18.52,2.07,0.0
20230816:0230,0.0,0.0,-2.43,17.97,1.93,0.0
20230816:0330,11.12,24.84,6.33,17.5,1.93,0.0
20230816:0430,81.75,135.73,15.55,18.24,1.45,0.0
20230816:0530,269.32,339.99,24.86,20.88,1.45,0.0
20230816:0630,451.11,552.73,33.83,22.79,1.38,0.0
20230816:0730,594.55,736.42,41.9,24.31,1.93,0.0
20230816:0830,692.5,871.43,48.27,25.61,2.34,0.0
20230816:0930,745.02,945.49,51.86,26.59,2.76,0.0
20230816:1030,749.99,953.08,51.8,27.28,2.97,0.0
20230816:1130,700.99,883.83,48.1,27.68,3.1,0.0
20230816:1230,593.24,738.15,41.67,27.83,3.1,0.0
20230816:1330,438.16,542.19,33.56,27.74,3.03,0.0
20230816:1430,257.97,334.69,24.57,27.42,3.03,0.0
20230816:1530,72.47,126.48,15.26,26.85,3.1,0.0
20230816:1630,8.95,22.34,6.04,25.86,2.62,0.0
20230816:1730,0.0,0.0,-2.69,24.28,2.41,0.0
20230816:1830,0.0,0.0,0.0,22.63,2.41,0.0
20230816:1930,0.0,0.0,0.0,21.53,2.34,0.0
20230816:2030,0.0,0.0,0.0,20.57,2.34,0.0
20230816:2130,0.0,0.0,0.0,19.77,2.34,0.0
20230816:2230,0.0,0.0,0.0,19.02,2.28,0.0
20230816:2330,0.0,0.0,0.0,18.31,2.28,0.0
20230817:0030,0.0,0.0,0.0,17.7,2.28,0.0
20230817:0130,0.0,0.0,0.0,17.15,2.21,0.0
20230817:0230,0.0,0.0,-2.66,16.62,2.14,0.0
20230817:0330,11.0,24.55,6.11,16.17,2.14,0.0
20230817:0430,83.78,137.93,15.34,17.01,1.86,0.0
20230817:0530,277.35,346.62,24.65,19.71,2.07,0.0
20230817:0630,464.51,561.54,33.61,21.95,2.41,0.0
20230817:0730,611.31,750.14,41.66,23.65,2.55,0.0
20230817:0830,712.26,886.94,47.99,24.94,3.03,0.0
20230817:0930,673.6,835.62,51.55,25.77,3.45,0.0
20230817:1030,645.45,800.1,51.47,26.25,3.59,0.0
20230817:1130,636.67,787.66,47.79,26.76,3.72,0.0
20230817:1230,558.05,685.74,41.37,27.13,3.79,0.0
20230817:1330,415.03,509.92,33.27,27.23,3.72,0.0
20230817:1430,211.28,274.44,24.29,27.08,3.59,0.0
20230817:1530,67.66,113.82,14.98,26.57,3.45,0.0
20230817:1630,8.45,21.56,5.76,25.7,2.76,0.0
20230817:1730,0.0,0.0,-2.98,24.05,2.34,0.0
20230817:1830,0.0,0.0,0.0,22.44,2.28,0.0
20230817:1930,0.0,0.0,0.0,21.32,2.28,0.0
20230817:2030,0.0,0.0,0.0,20.41,2.21,0.0
20230817:2130,0.0,0.0,0.0,19.51,2.0,0.0
20230817:2230,0.0,0.0,0.0,18.57,1.93,0.0
20230817:2330,0.0,0.0,0.0,17.77,1.93,0.0
20230818:0030,0.0,0.0,0.0,17.14,2.0,0.0
20230818:0130,0.0,0.0,0.0,16.77,2.14,0.0
20230818:0230,0.0,0.0,-2.89,16.59,2.21,0.0
20230818:0330,10.39,23.69,5.9,16.47,2.34,0.0
20230818:0430,82.94,136.74,15.13,17.31,1.93,0.0
20230818:0530,271.24,340.02,24.43,20.29,2.0,0.0
20230818:0630,461.52,560.3,33.38,22.61,2.28,0.0
20230818:0730,604.86,743.71,41.41,24.51,2.69,0.0
20230818:0830,695.66,866.9,47.71,25.84,3.17,0.0
20230818:0930,740.74,932.73,51.24,26.6,3.24,0.0
20230818:1030,708.21,890.98,51.15,27.24,3.31,0.0
20230818:1130,626.13,781.32,47.47,27.68,3.31,0.0
20230818:1230,395.5,486.99,41.07,28.08,3.31,0.0
20230818:1330,236.05,297.42,32.98,28.13,3.31,0.0
20230818:1430,125.48,169.26,24.01,27.8,3.24,0.0
20230818:1530,54.39,88.94,14.7,27.32,2.97,0.0
20230818:1630,7.58,20.25,5.48,26.52,2.28,0.0
20230818:1730,0.0,0.0,-3.28,25.1,2.28,0.0
20230818:1830,0.0,0.0,0.0,23.48,2.41,0.0
20230818:1930,0.0,0.0,0.0,22.47,2.34,0.0
20230818:2030,0.0,0.0,0.0,21.67,2.34,0.0
20230818:2130,0.0,0.0,0.0,20.96,2.28,0.0
20230818:2230,0.0,0.0,0.0,20.44,2.21,0.0
20230818:2330,0.0,0.0,0.0,19.87,2.28,0.0
20230819:0030,0.0,0.0,0.0,19.49,2.34,0.0
20230819:0130,0.0,0.0,0.0,19.17,2.41,0.0
20230819:0230,0.0,0.0,-3.12,19.1,2.34,0.0
20230819:0330,8.86,21.64,5.68,18.85,2.28,0.0
20230819:0430,77.97,130.56,14.92,19.58,1.86,0.0
20230819:0530,265.44,335.02,24.22,21.66,2.07,0.0
20230819:0630,451.55,550.94,33.15,23.63,2.21,0.0
20230819:0730,593.42,737.73,41.16,25.42,2.07,0.0
20230819:0830,690.18,879.39,47.42,27.13,2.07,0.0
20230819:0930,712.16,915.47,50.92,28.63,2.28,0.0
20230819:1030,560.01,702.87,50.82,29.6,2.76,0.0
20230819:1130,526.53,656.9,47.15,29.83,2.97,0.0
20230819:1230,426.37,528.57,40.76,30.01,3.1,0.0
20230819:1330,297.23,372.75,32.69,29.84,2.9,0.0
20230819:1430,194.95,258.97,23.72,29.43,2.76,0.0
20230819:1530,56.06,103.53,14.41,29.08,2.41,0.0
20230819:1630,4.97,16.07,5.19,28.15,1.86,0.0
20230819:1730,0.0,0.0,-3.57,26.38,2.28,0.0
20230819:1830,0.0,0.0,0.0,24.78,2.34,0.0
20230819:1930,0.0,0.0,0.0,24.18,2.28,0.0
20230819:2030,0.0,0.0,0.0,23.26,2.21,0.0
20230819:2130,0.0,0.0,0.0,22.55,2.07,0.0
20230819:2230,0.0,0.0,0.0,21.7,1.93,0.0
20230819:2330,0.0,0.0,0.0,20.91,1.72,0.0
20230820:0030,0.0,0.0,0.0,20.12,1.72,0.0
20230820:0130,0.0,0.0,0.0,19.55,1.79,0.0
20230820:0230,0.0,0.0,-3.35,19.0,1.79,0.0
20230820:0330,8.35,20.86,5.46,18.49,1.66,0.0
20230820:0430,74.69,125.21,14.7,19.62,0.9,0.0
20230820:0530,243.99,312.35,24.0,22.1,0.48,0.0
20230820:0630,413.5,516.28,32.92,24.44,0.28,0.0
20230820:0730,528.28,671.67,40.9,26.45,0.41,0.0
20230820:0830,637.48,830.67,47.14,28.34,0.76,0.0
20230820:0930,700.44,936.95,50.61,29.79,0.69,0.0
20230820:1030,666.91,896.51,50.49,30.68,0.41,0.0
20230820:1130,602.69,804.26,46.82,31.2,0.21,0.0
20230820:1230,490.13,637.3,40.45,31.37,0.34,0.0
20230820:1330,353.76,451.27,32.39,30.98,1.03,0.0
20230820:1430,150.13,200.65,23.43,27.04,2.76,0.0
20230820:1530,56.86,98.25,14.12,26.52,2.34,0.0
20230820:1630,4.88,15.78,4.9,25.9,1.72,0.0
20230820:1730,0.0,0.0,0.0,24.88,1.59,0.0
20230820:1830,0.0,0.0,0.0,23.88,1.24,0.0
20230820:1930,0.0,0.0,0.0,23.08,1.45,0.0
20230820:2030,0.0,0.0,0.0,22.06,1.38,0.0
20230820:2130,0.0,0.0,0.0,21.24,1.59,0.0
20230820:2230,0.0,0.0,0.0,20.57,1.66,0.0
20230820:2330,0.0,0.0,0.0,19.98,1.72,0.0
20230821:0030,0.0,0.0,0.0,19.54,1.72,0.0
20230821:0130,0.0,0.0,0.0,19.12,1.72,0.0
20230821:0230,0.0,0.0,-3.58,18.84,1.79,0.0
20230821:0330,8.07,20.45,5.24,18.69,1.86,0.0
20230821:0430,71.95,119.71,14.49,19.48,1.59,0.0
20230821:0530,241.66,306.29,23.78,21.58,1.72,0.0
20230821:0630,430.96,526.53,32.69,23.14,1.72,0.0
20230821:0730,567.55,695.2,40.65,24.26,2.48,0.0
20230821:0830,695.15,869.09,46.85,25.5,2.76,0.0
20230821:0930,731.61,918.49,50.29,26.54,3.31,0.0
20230821:1030,708.21,886.36,50.16,27.18,3.59,0.0
20230821:1130,585.12,722.17,46.49,27.69,3.59,0.0
20230821:1230,534.43,657.92,40.13,27.8,3.45,0.0
20230821:1330,393.56,485.7,32.09,27.89,3.38,0.0
20230821:1430,231.96,303.32,23.13,27.62,3.03,0.0
20230821:1530,58.27,106.54,13.83,27.12,2.76,0.0
20230821:1630,4.68,15.45,4.6,26.07,2.14,0.0
20230821:1730,0.0,0.0,0.0,24.38,2.28,0.0
20230821:1830,0.0,0.0,0.0,22.94,2.28,0.0
20230821:1930,0.0,0.0,0.0,21.6,2.0,0.0
20230821:2030,0.0,0.0,0.0,20.92,1.86,0.0
20230821:2130,0.0,0.0,0.0,20.22,1.93,0.0
20230821:2230,0.0,0.0,0.0,20.24,1.93,0.0
20230821:2330,0.0,0.0,0.0,19.95,2.34,0.0
20230822:0030,0.0,0.0,0.0,20.16,2.41,0.0
20230822:0130,0.0,0.0,0.0,20.05,2.48,0.0
20230822:0230,0.0,0.0,-3.82,20.15,2.9,0.0
20230822:0330,5.2,15.98,5.02,19.93,3.66,0.0
20230822:0430,73.94,123.31,14.27,19.82,4.41,0.0
20230822:0530,257.84,319.65,23.56,20.27,5.45,0.0
20230822:0630,314.97,373.69,32.46,21.03,6.07,0.0
20230822:0730,371.6,436.12,40.39,21.05,6.48,0.0
20230822:0830,520.94,612.88,46.56,22.02,6.41,0.0
20230822:0930,575.99,681.27,49.96,22.94,6.62,0.0
20230822:1030,629.59,750.33,49.82,23.75,6.55,0.0
20230822:1130,604.75,722.54,46.16,24.51,6.28,0.0
20230822:1230,482.3,577.36,39.81,25.05,5.93,0.0
20230822:1330,288.8,351.36,31.78,25.11,5.86,0.0
20230822:1430,147.59,193.71,22.83,24.59,5.52,0.0
20230822:1530,52.3,87.53,13.53,24.07,4.9,0.0
20230822:1630,4.72,15.37,4.3,23.5,4.21,0.0
20230822:1730,0.0,0.0,0.0,22.43,3.52,0.0
20230822:1830,0.0,0.0,0.0,21.37,2.97,0.0
20230822:1930,0.0,0.0,0.0,20.03,2.69,0.0
20230822:2030,0.0,0.0,0.0,19.15,2.55,0.0
20230822:2130,0.0,0.0,0.0,18.19,2.55,0.0
20230822:2230,0.0,0.0,0.0,17.44,2.55,0.0
20230822:2330,0.0,0.0,0.0,16.79,2.55,0.0
20230823:0030,0.0,0.0,0.0,16.34,2.48,0.0
20230823:0130,0.0,0.0,0.0,15.94,2.48,0.0
20230823:0230,0.0,0.0,0.0,15.9,2.41,0.0
20230823:0330,5.22,15.82,4.79,16.03,2.28,0.0
20230823:0430,59.63,97.57,14.05,16.7,2.0,0.0
20230823:0530,165.43,210.48,23.34,18.36,2.41,0.0
20230823:0630,328.5,391.93,32.22,19.66,2.83,0.0
20230823:0730,423.87,500.88,40.13,20.51,3.59,0.0
20230823:0830,544.85,643.86,46.26,21.24,4.55,0.0
20230823:0930,571.64,677.24,49.64,22.09,5.03,0.0
20230823:1030,413.89,489.9,49.47,22.86,4.83,0.0
20230823:1130,489.87,582.33,45.82,22.93,4.48,0.0
20230823:1230,474.67,566.35,39.49,23.56,4.41,0.0
20230823:1330,362.53,437.25,31.47,23.94,4.21,0.0
20230823:1430,203.74,263.02,22.53,24.07,3.86,0.0
20230823:1530,54.9,94.95,13.23,23.79,3.52,0.0
20230823:1630,4.37,14.75,3.99,23.0,2.55,0.0
20230823:1730,0.0,0.0,0.0,21.49,2.28,0.0
20230823:1830,0.0,0.0,0.0,19.99,2.28,0.0
20230823:1930,0.0,0.0,0.0,18.68,2.34,0.0
20230823:2030,0.0,0.0,0.0,17.76,2.14,0.0
20230823:2130,0.0,0.0,0.0,16.66,1.86,0.0
20230823:2230,0.0,0.0,0.0,15.57,1.79,0.0
20230823:2330,0.0,0.0,0.0,14.81,2.07,0.0
20230824:0030,0.0,0.0,0.0,14.34,2.28,0.0
20230824:0130,0.0,0.0,0.0,14.16,2.41,0.0
20230824:0230,0.0,0.0,0.0,14.02,2.41,0.0
20230824:0330,6.87,18.28,4.57,13.81,2.34,0.0
20230824:0430,82.16,129.05,13.83,14.35,2.0,0.0
20230824:0530,241.84,298.33,23.12,17.05,1.86,0.0
20230824:0630,407.93,487.5,31.98,19.26,2.07,0.0
20230824:0730,535.06,643.06,39.86,20.91,2.69,0.0
20230824:0830,451.23,536.89,45.96,22.09,3.93,0.0
20230824:0930,545.46,650.35,49.31,22.46,4.21,0.0
20230824:1030,545.35,652.44,49.13,23.08,3.93,0.0
20230824:1130,485.92,581.75,45.48,23.5,3.59,0.0
20230824:1230,473.88,569.25,39.16,23.73,3.31,0.0
20230824:1330,242.11,297.48,31.15,24.1,3.38,0.0
20230824:1430,188.04,244.15,22.22,23.82,3.45,0.0
20230824:1530,43.77,83.18,12.93,23.68,3.31,0.0
20230824:1630,2.34,11.07,3.68,22.91,2.28,0.0
20230824:1730,0.0,0.0,0.0,21.59,2.0,0.0
20230824:1830,0.0,0.0,0.0,20.33,1.93,0.0
20230824:1930,0.0,0.0,0.0,18.94,1.38,0.0
20230824:2030,0.0,0.0,0.0,17.68,1.31,0.0
20230824:2130,0.0,0.0,0.0,17.3,1.17,0.0
20230824:2230,0.0,0.0,0.0,16.85,1.1,0.0
20230824:2330,0.0,0.0,0.0,16.44,1.1,0.0
20230825:0030,0.0,0.0,0.0,16.51,0.9,0.0
20230825:0130,0.0,0.0,0.0,16.51,0.83,0.0
20230825:0230,0.0,0.0,0.0,16.64,0.21,0.0
20230825:0330,4.41,14.51,4.34,16.44,0.55,0.0
20230825:0430,67.18,111.53,13.61,15.77,0.83,0.0
20230825:0530,249.93,312.99,22.89,18.21,0.55,0.0
20230825:0630,446.52,545.2,31.74,20.41,0.62,0.0
20230825:0730,585.24,720.71,39.6,21.42,1.24,0.0
20230825:0830,686.8,866.03,45.66,22.76,1.31,0.0
20230825:0930,681.77,856.2,48.97,23.86,1.72,0.0
20230825:1030,571.64,704.43,48.78,24.66,2.07,0.0
20230825:1130,562.42,692.5,45.13,24.99,2.28,0.0
20230825:1230,453.41,552.6,38.83,25.43,2.48,0.0
20230825:1330,323.35,397.32,30.83,25.59,2.48,0.0
20230825:1430,161.35,214.79,21.91,25.56,2.21,0.0
20230825:1530,48.38,89.46,12.62,25.27,1.79,0.0
20230825:1630,2.7,11.8,3.37,24.54,1.03,0.0
20230825:1730,0.0,0.0,0.0,23.03,0.76,0.0
20230825:1830,0.0,0.0,0.0,22.1,0.48,0.0
20230825:1930,0.0,0.0,0.0,19.73,1.31,0.0
20230825:2030,0.0,0.0,0.0,18.61,1.59,0.0
20230825:2130,0.0,0.0,0.0,18.53,2.07,0.0
20230825:2230,0.0,0.0,0.0,18.14,2.14,0.0
20230825:2330,0.0,0.0,0.0,17.27,2.0,0.0
20230826:0030,0.0,0.0,0.0,16.71,1.93,0.0
20230826:0130,0.0,0.0,0.0,16.27,1.72,0.0
20230826:0230,0.0,0.0,0.0,16.22,1.72,0.0
20230826:0330,4.69,14.92,4.12,15.58,1.79,0.0
20230826:0430,61.26,99.74,13.39,15.88,1.38,0.0
20230826:0530,226.9,284.24,22.66,18.69,1.17,0.0
20230826:0630,373.72,453.19,31.5,21.62,1.38,0.0
20230826:0730,526.65,644.23,39.33,23.5,2.0,0.0
20230826:0830,621.89,774.27,45.36,25.38,2.34,0.0
20230826:0930,621.55,775.2,48.64,26.79,2.9,0.0
20230826:1030,508.93,629.35,48.43,27.47,3.24,0.0
20230826:1130,361.58,447.84,44.78,27.88,3.24,0.0
20230826:1230,336.84,416.79,38.49,28.16,3.03,0.0
20230826:1330,224.86,283.97,30.51,28.39,2.83,0.0
20230826:1430,143.1,193.74,21.6,28.26,2.48,0.0
20230826:1530,44.65,83.24,12.3,27.94,2.07,0.0
20230826:1630,1.97,10.45,3.05,26.59,1.93,0.0
20230826:1730,0.0,0.0,0.0,24.83,2.41,0.0
20230826:1830,0.0,0.0,0.0,23.65,2.48,0.0
20230826:1930,0.0,0.0,0.0,22.58,1.66,0.0
20230826:2030,0.0,0.0,0.0,21.66,1.66,0.0
20230826:2130,0.0,0.0,0.0,20.96,1.59,0.0
20230826:2230,0.0,0.0,0.0,20.53,1.17,0.0
20230826:2330,0.0,0.0,0.0,21.19,0.69,0.0
20230827:0030,0.0,0.0,0.0,20.61,0.76,0.0
20230827:0130,0.0,0.0,0.0,20.3,0.41,0.0
20230827:0230,0.0,0.0,0.0,18.39,1.24,0.0
20230827:0330,6.17,17.42,3.89,17.52,1.66,0.0
20230827:0430,72.06,117.82,13.17,18.01,1.24,0.0
20230827:0530,242.33,306.32,22.44,20.88,0.9,0.0
20230827:0630,438.73,541.85,31.26,23.23,0.76,0.0
20230827:0730,588.36,730.26,39.06,24.8,1.86,0.0
20230827:0830,679.21,865.52,45.06,26.26,1.66,0.0
20230827:0930,721.86,935.69,48.3,27.43,1.59,0.0
20230827:1030,728.14,933.79,48.07,28.64,2.62,0.0
20230827:1130,657.27,831.23,44.43,29.47,3.1,0.0
20230827:1230,529.48,663.1,38.15,29.8,2.83,0.0
20230827:1330,318.39,400.28,30.18,29.7,2.41,0.0
20230827:1430,153.2,206.57,21.28,29.4,1.93,0.0
20230827:1530,48.86,79.37,11.99,28.87,1.17,0.0
20230827:1630,3.7,13.81,2.74,27.99,0.69,0.0
20230827:1730,0.0,0.0,0.0,26.39,1.24,0.0
20230827:1830,0.0,0.0,0.0,24.67,1.1,0.0
20230827:1930,0.0,0.0,0.0,23.34,1.24,0.0
20230827:2030,0.0,0.0,0.0,23.41,0.83,0.0
20230827:2130,0.0,0.0,0.0,21.9,1.17,0.0
20230827:2230,0.0,0.0,0.0,21.06,1.52,0.0
20230827:2330,0.0,0.0,0.0,20.6,1.72,0.0
20230828:0030,0.0,0.0,0.0,20.28,1.79,0.0
20230828:0130,0.0,0.0,0.0,20.19,1.31,0.0
20230828:0230,0.0,0.0,0.0,19.92,1.24,0.0
20230828:0330,7.01,18.89,3.66,19.88,1.79,0.0
20230828:0430,65.0,98.81,12.94,20.01,1.38,0.0
20230828:0530,169.23,218.05,22.21,22.25,1.17,0.0
20230828:0630,379.75,465.47,31.01,23.98,1.52,0.0
20230828:0730,549.86,693.3,38.79,26.72,1.17,0.0
20230828:0830,648.64,840.66,44.75,28.63,1.17,0.0
20230828:0930,702.19,927.41,47.96,30.07,1.24,0.0
20230828:1030,694.08,918.9,47.71,31.08,1.31,0.0
20230828:1130,646.14,846.03,44.07,31.71,1.52,0.0
20230828:1230,452.83,575.35,37.81,32.06,1.86,0.0
20230828:1330,363.92,463.01,29.85,32.03,2.07,0.0
20230828:1430,182.93,248.63,20.96,32.03,1.93,0.0
20230828:1530,41.0,78.37,11.67,31.7,2.62,0.0
20230828:1630,1.25,9.02,2.41,30.29,2.41,0.0
20230828:1730,0.0,0.0,0.0,28.71,2.48,0.0
20230828:1830,0.0,0.0,0.0,27.27,2.34,0.0
20230828:1930,0.0,0.0,0.0,25.65,2.14,0.0
20230828:2030,0.0,0.0,0.0,24.43,1.38,0.0
20230828:2130,0.0,0.0,0.0,24.77,0.62,0.0
20230828:2230,0.0,0.0,0.0,23.33,1.03,0.0
20230828:2330,0.0,0.0,0.0,21.56,1.45,0.0
20230829:0030,0.0,0.0,0.0,20.68,1.86,0.0
20230829:0130,0.0,0.0,0.0,20.19,1.72,0.0
20230829:0230,0.0,0.0,0.0,19.76,1.59,0.0
20230829:0330,4.04,14.02,3.43,19.52,1.72,0.0
20230829:0430,72.76,122.38,12.72,20.0,1.66,0.0
20230829:0530,253.18,321.36,21.98,22.94,1.93,0.0
20230829:0630,433.36,531.41,30.76,25.27,2.41,0.0
20230829:0730,559.55,681.02,38.51,25.15,3.52,0.0
20230829:0830,689.15,856.02,44.44,26.53,3.66,0.0
20230829:0930,735.55,927.78,47.62,27.9,3.59,0.0
20230829:1030,723.38,918.02,47.35,29.01,3.45,0.0
20230829:1130,667.77,844.75,43.72,29.85,3.38,0.0
20230829:1230,558.78,700.71,37.46,30.4,3.24,0.0
20230829:1330,400.95,502.74,29.52,30.64,3.17,0.0
20230829:1430,213.6,285.68,20.63,30.56,3.03,0.0
20230829:1530,49.03,95.24,11.35,30.08,3.03,0.0
20230829:1630,1.53,9.59,2.09,28.89,2.55,0.0
20230829:1730,0.0,0.0,0.0,26.96,2.76,0.0
20230829:1830,0.0,0.0,0.0,25.65,2.83,0.0
20230829:1930,0.0,0.0,0.0,24.35,3.52,0.0
20230829:2030,0.0,0.0,0.0,23.76,3.45,0.0
20230829:2130,0.0,0.0,0.0,23.29,3.31,0.0
20230829:2230,0.0,0.0,0.0,22.77,3.03,0.0
20230829:2330,0.0,0.0,0.0,22.32,2.97,0.0
20230830:0030,0.0,0.0,0.0,21.99,2.97,0.0
20230830:0130,0.0,0.0,0.0,21.84,2.97,0.0
20230830:0230,0.0,0.0,0.0,21.75,2.97,0.0
20230830:0330,3.47,13.11,3.2,21.72,2.97,0.0
20230830:0430,71.69,122.13,12.49,22.22,2.97,0.0
20230830:0530,256.74,325.97,21.74,24.05,2.97,0.0
20230830:0630,442.23,540.45,30.51,26.17,3.45,0.0
20230830:0730,590.08,730.67,38.23,27.66,3.38,0.0
20230830:0830,686.33,865.29,44.13,29.36,3.66,0.0
20230830:0930,735.57,933.64,47.27,30.64,4.34,0.0
20230830:1030,707.36,893.75,46.99,31.32,4.76,0.0
20230830:1130,605.11,756.13,43.35,31.69,5.03,0.0
20230830:1230,502.39,621.42,37.11,31.58,5.31,0.0
20230830:1330,323.6,403.3,29.18,31.06,5.52,0.0
20230830:1430,204.2,272.06,20.3,30.56,5.59,0.0
20230830:1530,45.07,87.29,11.02,29.9,5.1,0.0
20230830:1630,1.05,8.52,1.76,28.82,4.34,0.0
20230830:1730,0.0,0.0,0.0,27.32,4.0,0.0
20230830:1830,0.0,0.0,0.0,26.04,3.93,0.0
20230830:1930,0.0,0.0,0.0,24.94,3.79,0.0
20230830:2030,0.0,0.0,0.0,24.11,4.14,0.0
20230830:2130,0.0,0.0,0.0,23.46,4.28,0.0
20230830:2230,0.0,0.0,0.0,22.78,4.07,0.0
20230830:2330,0.0,0.0,0.0,22.05,3.86,0.0
20230831:0030,0.0,0.0,0.0,21.48,3.79,0.0
20230831:0130,0.0,0.0,0.0,21.14,3.79,0.0
20230831:0230,0.0,0.0,0.0,20.52,3.59,0.0
20230831:0330,3.17,12.5,2.97,19.82,3.38,0.0
20230831:0430,74.27,124.61,12.27,19.64,3.38,0.0
20230831:0530,273.38,340.03,21.51,20.68,3.52,0.0
20230831:0630,473.21,565.25,30.26,22.36,4.28,0.0
20230831:0730,629.2,761.11,37.95,23.67,4.14,0.0
20230831:0830,726.55,893.99,43.81,25.22,4.34,0.0
20230831:0930,760.09,944.95,46.92,26.47,4.55,0.0
20230831:1030,735.22,912.15,46.62,27.34,4.9,0.0
20230831:1130,647.14,796.83,42.99,27.82,5.03,0.0
20230831:1230,508.38,620.93,36.76,28.03,5.03,0.0
20230831:1330,303.74,375.61,28.84,28.02,4.97,0.0
20230831:1430,133.71,179.72,19.97,27.62,4.97,0.0
20230831:1530,31.82,58.1,10.69,26.76,4.14,0.0
20230831:1630,0.3,6.64,1.43,25.46,3.45,0.0
20230831:1730,0.0,0.0,0.0,24.05,3.24,0.0
20230831:1830,0.0,0.0,0.0,23.12,2.97,0.0
20230831:1930,0.0,0.0,0.0,22.74,1.86,0.0
20230831:2030,0.0,0.0,0.0,21.65,2.07,0.0
20230831:2130,0.0,0.0,0.0,21.05,2.62,0.0
20230831:2230,0.0,0.0,0.0,20.27,2.69,0.0
20230831:2330,0.0,0.0,0.0,19.51,2.28,0.0
20230901:0030,0.0,0.0,0.0,19.12,2.28,0.0
20230901:0130,0.0,0.0,0.0,18.85,2.55,0.0
20230901:0230,0.0,0.0,0.0,18.34,2.76,0.0
20230901:0330,3.37,12.79,2.74,18.16,2.83,0.0
20230901:0430,38.73,63.91,12.04,18.08,2.62,0.0
20230901:0530,112.68,147.98,21.27,18.75,2.69,0.0
20230901:0630,119.69,155.49,30.01,19.93,2.97,0.0
20230901:0730,179.84,222.22,37.67,19.6,3.38,0.0
20230901:0830,181.6,225.64,43.49,20.69,3.31,0.0
20230901:0930,197.3,243.97,46.57,21.73,3.38,0.0
20230901:1030,244.82,296.26,46.26,22.31,3.52,0.0
20230901:1130,332.34,397.54,42.62,23.02,3.59,0.0
20230901:1230,341.15,409.85,36.41,23.61,3.66,0.0
20230901:1330,269.71,329.07,28.5,24.07,3.93,0.0
20230901:1430,138.92,185.17,19.64,23.86,3.79,0.0
20230901:1530,33.01,62.92,10.36,23.35,3.59,0.0
20230901:1630,0.16,6.23,1.09,22.42,3.17,0.0
20230901:1730,0.0,0.0,0.0,21.57,3.24,0.0
20230901:1830,0.0,0.0,0.0,20.93,3.24,0.0
20230901:1930,0.0,0.0,0.0,19.57,2.9,0.0
20230901:2030,0.0,0.0,0.0,18.78,3.17,0.0
20230901:2130,0.0,0.0,0.0,18.06,3.17,0.0
20230901:2230,0.0,0.0,0.0,17.3,2.9,0.0
20230901:2330,0.0,0.0,0.0,16.37,2.69,0.0
20230902:0030,0.0,0.0,0.0,15.61,2.55,0.0
20230902:0130,0.0,0.0,0.0,14.92,2.41,0.0
20230902:0230,0.0,0.0,0.0,14.27,2.28,0.0
20230902:0330,2.78,11.56,2.51,13.67,2.14,0.0
20230902:0430,77.2,124.54,11.81,13.48,1.79,0.0
20230902:0530,272.36,334.19,21.04,15.87,1.31,0.0
20230902:0630,414.53,497.72,29.76,18.48,1.1,0.0
20230902:0730,526.68,633.02,37.39,19.63,2.0,0.0
20230902:0830,580.46,703.8,43.17,20.68,2.14,0.0
20230902:0930,674.74,828.93,46.22,21.33,2.34,0.0
20230902:1030,689.18,849.47,45.89,22.29,2.55,0.0
20230902:1130,602.76,735.48,42.25,22.97,2.62,0.0
20230902:1230,525.06,637.91,36.05,23.33,2.41,0.0
20230902:1330,345.87,421.57,28.16,23.52,2.34,0.0
20230902:1430,198.81,258.9,19.3,23.39,2.41,0.0
20230902:1530,42.4,81.76,10.02,22.99,2.28,0.0
20230902:1630,0.18,6.27,0.75,21.99,1.66,0.0
20230902:1730,0.0,0.0,0.0,20.49,1.79,0.0
20230902:1830,0.0,0.0,0.0,19.12,1.66,0.0
20230902:1930,0.0,0.0,0.0,17.82,1.1,0.0
20230902:2030,0.0,0.0,0.0,16.84,1.24,0.0
20230902:2130,0.0,0.0,0.0,16.01,1.31,0.0
20230902:2230,0.0,0.0,0.0,15.66,1.17,0.0
20230902:2330,0.0,0.0,0.0,15.75,0.97,0.0
20230903:0030,0.0,0.0,0.0,16.21,0.55,0.0
20230903:0130,0.0,0.0,0.0,15.94,0.41,0.0
20230903:0230,0.0,0.0,0.0,15.6,0.62,0.0
20230903:0330,1.18,8.48,2.27,14.8,0.9,0.0
20230903:0430,47.02,73.75,11.58,14.66,0.83,0.0
20230903:0530,140.87,180.3,20.8,16.62,0.48,0.0
20230903:0630,265.5,322.53,29.5,18.84,0.48,0.0
20230903:0730,442.16,537.96,37.11,19.92,0.41,0.0
20230903:0830,582.86,727.12,42.85,21.55,0.48,0.0
20230903:0930,552.14,686.65,45.86,22.45,0.55,0.0
20230903:1030,421.71,518.01,45.51,22.81,0.41,0.0
20230903:1130,339.84,416.27,41.88,22.75,0.48,0.0
20230903:1230,218.6,270.83,35.69,22.47,0.76,0.0
20230903:1330,203.28,252.83,27.81,21.94,1.1,0.0
20230903:1430,95.79,131.99,18.96,22.06,0.97,0.0
20230903:1530,30.95,59.08,9.69,21.65,1.45,0.0
20230903:1630,0.0,4.75,0.41,20.84,1.17,0.0
20230903:1730,0.0,0.0,0.0,19.44,2.0,0.0
20230903:1830,0.0,0.0,0.0,18.48,2.14,0.0
20230903:1930,0.0,0.0,0.0,18.04,2.62,0.0
20230903:2030,0.0,0.0,0.0,17.37,2.69,0.0
20230903:2130,0.0,0.0,0.0,17.14,2.69,0.0
20230903:2230,0.0,0.0,0.0,16.86,2.69,0.0
20230903:2330,0.0,0.0,0.0,16.23,2.62,0.0
20230904:0030,0.0,0.0,0.0,15.8,2.62,0.0
20230904:0130,0.0,0.0,0.0,15.34,2.62,0.0
20230904:0230,0.0,0.0,0.0,15.25,2.62,0.0
20230904:0330,1.97,10.08,2.04,15.19,2.62,0.0
20230904:0430,62.47,98.32,11.34,15.41,2.55,0.0
20230904:0530,227.84,280.12,20.56,16.54,2.69,0.0
20230904:0630,427.3,504.37,29.24,18.28,2.83,0.0
20230904:0730,610.16,726.92,36.82,19.53,3.24,0.0
20230904:0830,626.55,751.98,42.53,21.38,3.66,0.0
20230904:0930,684.99,831.71,45.5,22.36,3.93,0.0
20230904:1030,673.86,820.04,45.14,23.19,4.0,0.0
20230904:1130,570.91,688.08,41.51,23.63,4.34,0.0
20230904:1230,434.38,519.65,35.33,23.66,4.69,0.0
20230904:1330,255.6,312.03,27.46,23.37,4.97,0.0
20230904:1430,110.0,147.81,18.62,22.8,4.97,0.0
20230904:1530,33.0,56.94,9.35,22.05,4.55,0.0
20230904:1630,0.0,4.92,0.07,21.21,3.86,0.0
20230904:1730,0.0,0.0,0.0,20.16,3.59,0.0
20230904:1830,0.0,0.0,0.0,19.21,3.59,0.0
20230904:1930,0.0,0.0,0.0,17.74,3.31,0.0
20230904:2030,0.0,0.0,0.0,16.88,3.24,0.0
20230904:2130,0.0,0.0,0.0,16.2,3.24,0.0
20230904:2230,0.0,0.0,0.0,15.65,3.31,0.0
20230904:2330,0.0,0.0,0.0,15.09,3.31,0.0
20230905:0030,0.0,0.0,0.0,14.56,3.1,0.0
20230905:0130,0.0,0.0,0.0,14.03,3.1,0.0
20230905:0230,0.0,0.0,0.0,13.56,3.1,0.0
20230905:0330,1.73,9.55,1.8,13.15,3.03,0.0
20230905:0430,76.66,124.57,11.11,13.16,2.97,0.0
20230905:0530,283.15,342.65,20.32,14.85,2.97,0.0
20230905:0630,484.62,568.49,28.98,17.29,3.24,0.0
20230905:0730,643.03,765.16,36.53,19.03,3.45,0.0
20230905:0830,750.57,905.15,42.2,20.73,4.28,0.0
20230905:0930,796.04,969.63,45.14,21.75,4.48,0.0
20230905:1030,796.77,975.33,44.76,22.44,4.34,0.0
20230905:1130,740.77,903.07,41.13,22.93,4.21,0.0
20230905:1230,585.37,703.84,34.96,23.18,4.14,0.0
20230905:1330,429.56,516.99,27.1,23.07,4.0,0.0
20230905:1430,221.64,286.73,18.27,22.79,3.66,0.0
20230905:1530,39.73,81.29,9.0,22.27,2.97,0.0
20230905:1630,0.0,0.0,-0.27,20.95,1.86,0.0
20230905:1730,0.0,0.0,0.0,19.42,1.45,0.0
20230905:1830,0.0,0.0,0.0,17.89,0.83,0.0
20230905:1930,0.0,0.0,0.0,16.15,1.24,0.0
20230905:2030,0.0,0.0,0.0,14.62,1.59,0.0
20230905:2130,0.0,0.0,0.0,13.74,1.93,0.0
20230905:2230,0.0,0.0,0.0,13.17,1.86,0.0
20230905:2330,0.0,0.0,0.0,12.87,2.0,0.0
20230906:0030,0.0,0.0,0.0,12.54,2.14,0.0
20230906:0130,0.0,0.0,0.0,12.46,2.07,0.0
20230906:0230,0.0,0.0,0.0,12.34,2.07,0.0
20230906:0330,2.47,10.94,1.56,12.27,2.21,0.0
20230906:0430,56.77,87.61,10.88,12.86,2.14,0.0
20230906:0530,196.06,241.32,20.08,14.97,2.0,0.0
20230906:0630,281.59,335.48,28.72,17.88,2.41,0.0
20230906:0730,551.56,654.36,36.24,19.29,3.03,0.0
20230906:0830,667.05,804.29,41.87,21.4,3.66,0.0
20230906:0930,781.31,956.56,44.78,22.92,4.34,0.0
20230906:1030,360.08,431.07,44.38,24.16,5.38,0.0
20230906:1130,282.92,341.91,40.75,23.91,5.03,0.0
20230906:1230,192.77,239.98,34.59,24.25,5.03,0.0
20230906:1330,131.34,170.47,26.75,24.02,4.83,0.0
20230906:1430,64.73,94.13,17.92,23.64,4.14,0.0
20230906:1530,18.81,41.9,8.66,23.36,3.79,0.0
20230906:1630,0.0,0.0,-0.62,22.55,3.1,0.0
20230906:1730,0.0,0.0,0.0,21.35,2.69,0.0
20230906:1830,0.0,0.0,0.0,20.26,2.62,0.0
20230906:1930,0.0,0.0,0.0,19.47,2.76,0.0
20230906:2030,0.0,0.0,0.0,18.89,2.9,0.0
20230906:2130,0.0,0.0,0.0,18.3,3.1,0.0
20230906:2230,0.0,0.0,0.0,17.37,3.24,0.0
20230906:2330,0.0,0.0,0.0,16.61,3.17,0.0
20230907:0030,0.0,0.0,0.0,15.7,3.03,0.0
20230907:0130,0.0,0.0,0.0,14.97,3.03,0.0
20230907:0230,0.0,0.0,0.0,14.12,3.17,0.0
20230907:0330,1.14,8.36,1.33,13.32,3.1,0.0
20230907:0430,75.85,123.13,10.64,12.85,2.9,0.0
20230907:0530,287.55,346.18,19.83,13.89,2.9,0.0
20230907:0630,496.21,578.11,28.46,15.58,3.1,0.0
20230907:0730,657.51,776.73,35.94,17.04,3.31,0.0
20230907:0830,763.95,916.8,41.54,18.36,3.72,0.0
20230907:0930,814.37,985.79,44.42,19.33,4.07,0.0
20230907:1030,801.05,970.46,44.0,20.11,4.21,0.0
20230907:1130,729.49,877.48,40.37,20.61,4.21,0.0
20230907:1230,607.86,724.36,34.22,20.87,4.0,0.0
20230907:1330,431.31,514.23,26.39,20.86,3.79,0.0
20230907:1430,218.62,280.69,17.58,20.56,3.66,0.0
20230907:1530,36.51,75.97,8.31,19.91,3.38,0.0
20230907:1630,0.0,0.0,-0.97,18.6,2.55,0.0
20230907:1730,0.0,0.0,0.0,16.78,2.34,0.0
20230907:1830,0.0,0.0,0.0,15.48,2.21,0.0
20230907:1930,0.0,0.0,0.0,14.28,2.0,0.0
20230907:2030,0.0,0.0,0.0,13.16,1.72,0.0
20230907:2130,0.0,0.0,0.0,11.95,1.72,0.0
20230907:2230,0.0,0.0,0.0,11.07,1.45,0.0
20230907:2330,0.0,0.0,0.0,10.77,1.24,0.0
20230908:0030,0.0,0.0,0.0,10.04,1.38,0.0
20230908:0130,0.0,0.0,0.0,9.35,1.52,0.0
20230908:0230,0.0,0.0,0.0,8.81,1.66,0.0
20230908:0330,0.83,7.58,1.09,8.57,1.79,0.0
20230908:0430,74.47,119.29,10.4,8.72,1.72,0.0
20230908:0530,277.92,333.92,19.59,11.74,1.45,0.0
20230908:0630,477.55,560.27,28.19,15.27,1.93,0.0
20230908:0730,636.44,755.2,35.65,16.67,2.48,0.0
20230908:0830,745.53,896.25,41.21,18.16,3.24,0.0
20230908:0930,789.26,959.46,44.05,19.26,3.38,0.0
20230908:1030,777.18,944.88,43.61,20.26,3.66,0.0
20230908:1130,706.69,852.79,39.99,21.0,3.79,0.0
20230908:1230,591.18,704.73,33.85,21.51,4.14,0.0
20230908:1330,393.34,469.52,26.03,21.63,4.41,0.0
20230908:1430,164.41,213.79,17.22,21.31,4.55,0.0
20230908:1530,31.49,57.97,7.96,20.62,4.14,0.0
20230908:1630,0.0,0.0,-1.32,19.6,3.52,0.0
20230908:1730,0.0,0.0,0.0,18.09,3.1,0.0
20230908:1830,0.0,0.0,0.0,16.91,2.9,0.0
20230908:1930,0.0,0.0,0.0,15.86,2.83,0.0
20230908:2030,0.0,0.0,0.0,14.94,2.76,0.0
20230908:2130,0.0,0.0,0.0,14.22,2.69,0.0
20230908:2230,0.0,0.0,0.0,13.56,2.55,0.0
20230908:2330,0.0,0.0,0.0,12.86,2.41,0.0
20230909:0030,0.0,0.0,0.0,12.24,2.34,0.0
20230909:0130,0.0,0.0,0.0,11.82,2.41,0.0
20230909:0230,0.0,0.0,0.0,11.4,2.55,0.0
20230909:0330,0.51,6.93,0.85,11.38,2.62,0.0
20230909:0430,50.26,83.34,10.17,11.62,2.76,0.0
20230909:0530,158.54,197.0,19.34,13.31,2.9,0.0
20230909:0630,406.58,469.39,27.93,14.88,3.72,0.0
20230909:0730,607.06,704.07,35.35,15.57,4.07,0.0
20230909:0830,664.73,776.7,40.88,16.67,4.34,0.0
20230909:0930,607.74,708.88,43.69,17.25,4.55,0.0
20230909:1030,602.3,704.79,43.23,17.5,4.28,0.0
20230909:1130,678.03,801.74,39.6,17.76,3.93,0.0
20230909:1230,560.85,658.46,33.48,18.19,3.86,0.0
20230909:1330,424.93,500.65,25.67,18.2,3.66,0.0
20230909:1430,207.96,265.46,16.87,17.98,3.24,0.0
20230909:1530,33.06,70.14,7.61,17.39,2.76,0.0
20230909:1630,0.0,0.0,-1.67,16.26,2.07,0.0
20230909:1730,0.0,0.0,0.0,14.66,2.34,0.0
20230909:1830,0.0,0.0,0.0,13.47,2.41,0.0
20230909:1930,0.0,0.0,0.0,12.58,2.14,0.0
20230909:2030,0.0,0.0,0.0,11.67,1.93,0.0
20230909:2130,0.0,0.0,0.0,10.58,1.66,0.0
20230909:2230,0.0,0.0,0.0,9.99,1.31,0.0
20230909:2330,0.0,0.0,0.0,9.73,1.17,0.0
20230910:0030,0.0,0.0,0.0,9.04,1.24,0.0
20230910:0130,0.0,0.0,0.0,8.83,1.1,0.0
20230910:0230,0.0,0.0,0.0,9.08,0.97,0.0
20230910:0330,0.39,6.6,0.61,9.24,0.76,0.0
20230910:0430,73.42,118.06,9.93,9.08,0.69,0.0
20230910:0530,279.22,336.4,19.1,10.68,0.28,0.0
20230910:0630,473.98,563.57,27.66,13.71,0.21,0.0
20230910:0730,626.77,757.22,35.05,15.3,0.76,0.0
20230910:0830,723.73,895.04,40.54,16.64,0.9,0.0
20230910:0930,761.64,959.56,43.32,17.68,0.76,0.0
20230910:1030,755.97,959.8,42.84,18.57,0.62,0.0
20230910:1130,688.85,865.91,39.22,19.32,0.55,0.0
20230910:1230,494.12,602.55,33.1,19.8,0.55,0.0
20230910:1330,316.93,385.81,25.3,19.9,0.48,0.0
20230910:1430,171.18,224.07,16.51,19.75,0.55,0.0
20230910:1530,28.12,59.25,7.26,19.44,0.69,0.0
20230910:1630,0.0,0.0,-2.03,18.71,0.9,0.0
20230910:1730,0.0,0.0,0.0,17.23,1.1,0.0
20230910:1830,0.0,0.0,0.0,15.75,1.03,0.0
20230910:1930,0.0,0.0,0.0,13.72,1.52,0.0
20230910:2030,0.0,0.0,0.0,12.67,1.59,0.0
20230910:2130,0.0,0.0,0.0,11.82,1.59,0.0
20230910:2230,0.0,0.0,0.0,11.11,1.59,0.0
20230910:2330,0.0,0.0,0.0,10.72,1.45,0.0
20230911:0030,0.0,0.0,0.0,10.58,1.31,0.0
20230911:0130,0.0,0.0,0.0,10.4,1.24,0.0
20230911:0230,0.0,0.0,0.0,9.86,1.31,0.0
20230911:0330,0.58,7.05,0.37,9.05,1.52,0.0
20230911:0430,64.62,101.11,9.69,8.77,1.59,0.0
20230911:0530,232.63,280.39,18.85,11.33,1.03,0.0
20230911:0630,438.19,517.57,27.39,15.46,1.17,0.0
20230911:0730,527.0,629.87,34.75,16.82,1.1,0.0
20230911:0830,550.59,662.05,40.2,18.18,1.31,0.0
20230911:0930,498.06,597.11,42.95,18.79,1.52,0.0
20230911:1030,256.81,308.55,42.45,19.32,1.66,0.0
20230911:1130,339.19,403.56,38.83,19.2,1.72,0.0
20230911:1230,350.61,417.74,32.72,19.34,1.59,0.0
20230911:1330,305.45,369.0,24.94,19.62,1.31,0.0
20230911:1430,169.56,222.51,16.16,19.76,0.97,0.0
20230911:1530,26.44,60.78,6.91,19.45,0.83,0.0
20230911:1630,0.0,0.0,-2.38,18.65,0.76,0.0
20230911:1730,0.0,0.0,0.0,17.45,0.48,0.0
20230911:1830,0.0,0.0,0.0,16.47,0.48,0.0
20230911:1930,0.0,0.0,0.0,15.17,0.76,0.0
20230911:2030,0.0,0.0,0.0,12.9,1.24,0.0
20230911:2130,0.0,0.0,0.0,11.46,1.59,0.0
20230911:2230,0.0,0.0,0.0,10.38,1.86,0.0
20230911:2330,0.0,0.0,0.0,9.89,1.93,0.0
20230912:0030,0.0,0.0,0.0,9.49,1.93,0.0
20230912:0130,0.0,0.0,0.0,9.17,1.79,0.0
20230912:0230,0.0,0.0,0.0,8.88,1.79,0.0
20230912:0330,0.0,5.49,0.13,8.45,1.86,0.0
20230912:0430,71.34,114.52,9.45,8.31,1.79,0.0
20230912:0530,277.12,332.48,18.6,11.04,1.03,0.0
20230912:0630,473.89,560.52,27.12,15.21,1.1,0.0
20230912:0730,629.2,756.01,34.45,17.5,1.79,0.0
20230912:0830,727.9,893.83,39.87,19.42,2.07,0.0
20230912:0930,773.05,960.98,42.57,20.74,2.28,0.0
20230912:1030,738.4,917.33,42.06,21.67,2.28,0.0
20230912:1130,676.79,837.34,38.44,22.25,2.07,0.0
20230912:1230,563.22,689.65,32.34,22.62,1.79,0.0
20230912:1330,391.35,478.23,24.57,22.73,1.59,0.0
20230912:1430,192.28,254.29,15.8,22.55,1.52,0.0
20230912:1530,25.33,59.47,6.55,21.94,1.52,0.0
20230912:1630,0.0,0.0,-2.74,20.13,2.41,0.0
20230912:1730,0.0,0.0,0.0,17.93,2.69,0.0
20230912:1830,0.0,0.0,0.0,16.71,2.76,0.0
20230912:1930,0.0,0.0,0.0,15.85,2.76,0.0
20230912:2030,0.0,0.0,0.0,15.12,2.76,0.0
20230912:2130,0.0,0.0,0.0,14.47,2.69,0.0
20230912:2230,0.0,0.0,0.0,13.85,2.62,0.0
20230912:2330,0.0,0.0,0.0,13.27,2.62,0.0
20230913:0030,0.0,0.0,0.0,12.76,2.62,0.0
20230913:0130,0.0,0.0,0.0,12.3,2.62,0.0
20230913:0230,0.0,0.0,0.0,11.9,2.62,0.0
20230913:0330,0.0,0.0,-0.11,11.55,2.62,0.0
20230913:0430,68.39,111.68,9.21,11.42,2.55,0.0
20230913:0530,271.27,326.29,18.35,13.11,2.41,0.0
20230913:0630,473.94,553.35,26.85,15.87,2.76,0.0
20230913:0730,630.39,747.6,34.15,17.94,3.03,0.0
20230913:0830,731.53,884.03,39.52,20.13,3.52,0.0
20230913:0930,777.64,948.34,42.2,21.73,4.07,0.0
20230913:1030,766.81,936.58,41.67,22.72,4.28,0.0
20230913:1130,697.69,847.61,38.05,23.31,4.21,0.0
20230913:1230,573.99,691.7,31.96,23.58,3.93,0.0
20230913:1330,389.28,470.8,24.2,23.59,3.72,0.0
20230913:1430,185.66,245.71,15.44,23.26,3.59,0.0
20230913:1530,22.29,54.18,6.2,22.39,3.1,0.0
20230913:1630,0.0,0.0,-3.1,20.42,3.1,0.0
20230913:1730,0.0,0.0,0.0,18.73,3.38,0.0
20230913:1830,0.0,0.0,0.0,17.77,3.52,0.0
20230913:1930,0.0,0.0,0.0,17.01,3.66,0.0
20230913:2030,0.0,0.0,0.0,16.47,3.72,0.0
20230913:2130,0.0,0.0,0.0,15.72,3.72,0.0
20230913:2230,0.0,0.0,0.0,15.59,3.79,0.0
20230913:2330,0.0,0.0,0.0,15.17,3.93,0.0
20230914:0030,0.0,0.0,0.0,14.75,3.86,0.0
20230914:0130,0.0,0.0,0.0,14.43,3.72,0.0
20230914:0230,0.0,0.0,0.0,14.17,3.52,0.0
20230914:0330,0.0,0.0,-0.36,13.97,3.52,0.0
20230914:0430,63.32,105.82,8.97,13.59,3.66,0.0
20230914:0530,256.24,309.51,18.09,14.51,3.52,0.0
20230914:0630,413.94,478.59,26.57,16.3,4.48,0.0
20230914:0730,509.5,589.78,33.84,17.64,4.62,0.0
20230914:0830,581.16,680.34,39.18,19.19,4.69,0.0
20230914:0930,631.75,748.22,41.82,20.54,4.48,0.0
20230914:1030,608.33,724.38,41.28,21.72,4.48,0.0
20230914:1130,497.91,590.03,37.65,22.68,4.69,0.0
20230914:1230,432.67,513.78,31.58,23.18,4.69,0.0
20230914:1330,344.2,415.16,23.83,23.38,4.41,0.0
20230914:1430,137.68,185.56,15.08,23.4,4.14,0.0
20230914:1530,15.87,37.04,5.84,22.77,3.24,0.0
20230914:1630,0.0,0.0,-3.46,21.22,2.83,0.0
20230914:1730,0.0,0.0,0.0,20.04,2.9,0.0
20230914:1830,0.0,0.0,0.0,19.35,2.97,0.0
20230914:1930,0.0,0.0,0.0,18.34,2.55,0.0
20230914:2030,0.0,0.0,0.0,17.99,2.28,0.0
20230914:2130,0.0,0.0,0.0,17.56,1.59,0.0
20230914:2230,0.0,0.0,0.0,16.88,1.03,0.0
20230914:2330,0.0,0.0,0.0,16.19,1.59,0.0
20230915:0030,0.0,0.0,0.0,15.75,1.17,0.0
20230915:0130,0.0,0.0,0.0,15.36,1.38,0.0
20230915:0230,0.0,0.0,0.0,14.91,1.31,0.0
20230915:0330,0.0,0.0,-0.6,14.54,1.59,0.0
20230915:0430,40.47,69.88,8.72,14.24,2.0,0.0
20230915:0530,163.01,202.81,17.84,14.35,2.34,0.0
20230915:0630,266.75,313.62,26.3,15.27,2.62,0.0
20230915:0730,351.27,408.18,33.54,17.0,4.0,0.0
20230915:0830,301.01,353.95,38.84,18.12,4.34,0.0
20230915:0930,247.35,295.89,41.45,18.77,4.14,0.0
20230915:1030,234.46,281.45,40.89,19.24,4.0,0.0
20230915:1130,227.66,274.74,37.26,19.47,3.86,0.0
20230915:1230,155.64,194.83,31.2,19.79,4.0,0.0
20230915:1330,91.74,122.86,23.46,19.84,4.21,0.0
20230915:1430,31.41,51.96,14.72,19.73,4.14,0.0
20230915:1530,4.33,15.53,5.48,19.38,3.66,0.0
20230915:1630,0.0,0.0,-3.82,18.85,2.9,0.0
20230915:1730,0.0,0.0,0.0,18.22,2.55,0.0
20230915:1830,0.0,0.0,0.0,17.67,2.41,0.0
20230915:1930,0.0,0.0,0.0,16.7,1.79,0.0
20230915:2030,0.0,0.0,0.0,16.33,1.59,0.0
20230915:2130,0.0,0.0,0.0,16.01,1.45,0.0
20230915:2230,0.0,0.0,0.0,15.82,1.38,0.0
20230915:2330,0.0,0.0,0.0,15.46,1.38,0.0
20230916:0030,0.0,0.0,0.0,15.18,1.31,0.0
20230916:0130,0.0,0.0,0.0,14.9,1.31,0.0
20230916:0230,0.0,0.0,0.0,14.47,1.38,0.0
20230916:0330,0.0,0.0,-0.84,14.09,1.45,0.0
20230916:0430,50.07,84.94,8.48,13.66,1.52,0.0
20230916:0530,184.15,228.24,17.58,14.37,1.45,0.0
20230916:0630,220.17,262.66,26.02,15.46,1.66,0.0
20230916:0730,325.79,380.15,33.23,15.96,2.14,0.0
20230916:0830,315.04,369.93,38.49,16.68,2.07,0.0
20230916:0930,357.17,421.57,41.07,17.61,1.93,0.0
20230916:1030,266.18,318.08,40.49,18.43,1.79,0.0
20230916:1130,219.31,265.75,36.87,18.67,1.79,0.0
20230916:1230,262.59,314.28,30.81,18.79,1.86,0.0
20230916:1330,168.92,210.2,23.09,19.17,2.0,0.0
20230916:1430,61.76,90.4,14.35,19.08,2.14,0.0
20230916:1530,9.45,27.71,5.12,18.63,2.0,0.0
20230916:1630,0.0,0.0,0.0,17.77,2.0,0.0
20230916:1730,0.0,0.0,0.0,16.84,2.14,0.0
20230916:1830,0.0,0.0,0.0,15.81,2.21,0.0
20230916:1930,0.0,0.0,0.0,14.81,2.14,0.0
20230916:2030,0.0,0.0,0.0,14.22,2.07,0.0
20230916:2130,0.0,0.0,0.0,13.61,2.0,0.0
20230916:2230,0.0,0.0,0.0,13.22,1.93,0.0
20230916:2330,0.0,0.0,0.0,12.97,1.93,0.0
20230917:0030,0.0,0.0,0.0,12.67,1.93,0.0
20230917:0130,0.0,0.0,0.0,12.55,1.86,0.0
20230917:0230,0.0,0.0,0.0,12.59,1.79,0.0
20230917:0330,0.0,0.0,-1.09,12.69,1.66,0.0
20230917:0430,29.55,53.35,8.23,12.98,1.59,0.0
20230917:0530,94.3,124.47,17.33,13.89,1.72,0.0
20230917:0630,223.07,265.57,25.74,15.02,1.72,0.0
20230917:0730,345.02,403.25,32.92,15.48,1.59,0.0
20230917:0830,444.9,523.77,38.15,17.14,1.86,0.0
20230917:0930,529.2,628.31,40.69,18.65,2.28,0.0
20230917:1030,532.65,635.22,40.1,19.74,2.48,0.0
20230917:1130,258.35,311.9,36.47,20.49,2.48,0.0
20230917:1230,156.02,195.92,30.43,20.53,2.62,0.0
20230917:1330,108.91,143.14,22.72,20.36,2.76,0.0
20230917:1430,61.24,89.74,13.99,20.31,2.9,0.0
20230917:1530,7.31,21.91,4.76,19.83,2.41,0.0
20230917:1630,0.0,0.0,0.0,18.88,2.48,0.0
20230917:1730,0.0,0.0,0.0,17.64,2.76,0.0
20230917:1830,0.0,0.0,0.0,16.6,2.9,0.0
20230917:1930,0.0,0.0,0.0,15.69,2.97,0.0
20230917:2030,0.0,0.0,0.0,15.04,3.03,0.0
20230917:2130,0.0,0.0,0.0,14.43,2.97,0.0
20230917:2230,0.0,0.0,0.0,14.05,2.9,0.0
20230917:2330,0.0,0.0,0.0,13.58,2.9,0.0
20230918:0030,0.0,0.0,0.0,13.28,2.83,0.0
20230918:0130,0.0,0.0,0.0,12.99,2.76,0.0
20230918:0230,0.0,0.0,0.0,13.11,2.69,0.0
20230918:0330,0.0,0.0,-1.33,12.64,2.69,0.0
20230918:0430,55.98,94.0,7.99,12.46,2.55,0.0
20230918:0530,241.35,292.11,17.07,13.64,2.21,0.0
20230918:0630,418.64,489.1,25.46,15.96,2.48,0.0
20230918:0730,559.87,662.42,32.61,18.15,2.62,0.0
20230918:0830,672.46,813.87,37.8,20.27,2.83,0.0
20230918:0930,766.2,947.72,40.31,22.02,2.97,0.0
20230918:1030,731.74,905.03,39.7,23.52,3.17,0.0
20230918:1130,683.71,839.26,36.08,24.07,3.45,0.0
20230918:1230,550.43,668.27,30.04,24.25,3.24,0.0
20230918:1330,369.67,450.57,22.34,24.1,3.03,0.0
20230918:1430,171.09,230.29,13.62,23.73,2.62,0.0
20230918:1530,12.33,39.45,4.4,22.51,2.07,0.0
20230918:1630,0.0,0.0,0.0,20.38,2.55,0.0
20230918:1730,0.0,0.0,0.0,18.37,2.69,0.0
20230918:1830,0.0,0.0,0.0,17.15,2.83,0.0
20230918:1930,0.0,0.0,0.0,16.3,2.97,0.0
20230918:2030,0.0,0.0,0.0,15.7,3.17,0.0
20230918:2130,0.0,0.0,0.0,15.31,3.31,0.0
20230918:2230,0.0,0.0,0.0,15.0,3.38,0.0
20230918:2330,0.0,0.0,0.0,14.7,3.38,0.0
20230919:0030,0.0,0.0,0.0,14.38,3.31,0.0
20230919:0130,0.0,0.0,0.0,14.03,3.24,0.0
20230919:0230,0.0,0.0,0.0,13.66,3.1,0.0
20230919:0330,0.0,0.0,-1.58,13.28,3.1,0.0
20230919:0430,61.66,102.76,7.74,12.99,3.03,0.0
20230919:0530,262.86,317.22,16.81,14.16,2.76,0.0
20230919:0630,463.06,540.82,25.18,16.59,3.1,0.0
20230919:0730,623.63,736.69,32.29,18.7,3.79,0.0
20230919:0830,726.9,874.06,37.45,20.78,4.28,0.0
20230919:0930,783.22,951.79,39.93,22.43,4.83,0.0
20230919:1030,771.14,934.37,39.3,23.52,5.66,0.0
20230919:1130,701.09,842.56,35.68,24.02,6.07,0.0
20230919:1230,569.99,679.33,29.66,24.19,6.14,0.0
20230919:1330,385.04,463.01,21.97,24.06,6.0,0.0
20230919:1430,169.44,227.12,13.26,23.61,5.38,0.0
20230919:1530,11.13,37.39,4.04,22.47,4.48,0.0
20230919:1630,0.0,0.0,0.0,20.69,4.14,0.0
20230919:1730,0.0,0.0,0.0,19.25,4.0,0.0
20230919:1830,0.0,0.0,0.0,18.27,4.14,0.0
20230919:1930,0.0,0.0,0.0,17.36,3.86,0.0
20230919:2030,0.0,0.0,0.0,16.85,3.93,0.0
20230919:2130,0.0,0.0,0.0,16.48,4.0,0.0
20230919:2230,0.0,0.0,0.0,16.29,4.0,0.0
20230919:2330,0.0,0.0,0.0,16.05,3.86,0.0
20230920:0030,0.0,0.0,0.0,15.8,3.72,0.0
20230920:0130,0.0,0.0,0.0,15.69,3.86,0.0
20230920:0230,0.0,0.0,0.0,15.82,4.0,0.0
20230920:0330,0.0,0.0,-1.82,16.07,4.21,0.0
20230920:0430,21.07,39.07,7.49,16.14,4.28,0.0
20230920:0530,111.51,144.79,16.55,16.54,4.21,0.0
20230920:0630,214.95,258.31,24.9,17.39,3.86,0.0
20230920:0730,321.67,375.28,31.98,17.61,4.9,0.0
20230920:0830,431.32,500.33,37.1,18.68,5.38,0.0
20230920:0930,452.48,527.11,39.55,19.78,5.52,0.0
20230920:1030,446.58,521.56,38.9,20.43,5.52,0.0
20230920:1130,344.79,404.5,35.28,20.92,5.72,0.0
20230920:1230,191.48,233.08,29.27,21.03,5.79,0.0
20230920:1330,75.28,103.99,21.59,20.79,5.38,0.0
20230920:1430,33.57,56.35,12.89,20.4,4.83,0.0
20230920:1530,3.37,17.51,3.68,20.03,4.0,0.0
20230920:1630,0.0,0.0,0.0,19.37,3.79,0.0
20230920:1730,0.0,0.0,0.0,18.96,3.59,0.0
20230920:1830,0.0,0.0,0.0,18.65,3.17,0.0
20230920:1930,0.0,0.0,0.0,18.47,2.07,0.0
20230920:2030,0.0,0.0,0.0,17.71,2.0,0.0
20230920:2130,0.0,0.0,0.0,17.13,1.93,0.0
20230920:2230,0.0,0.0,0.0,16.65,1.79,0.0
20230920:2330,0.0,0.0,0.0,16.0,1.72,0.0
20230921:0030,0.0,0.0,0.0,15.27,1.59,0.0
20230921:0130,0.0,0.0,0.0,14.82,1.31,0.0
20230921:0230,0.0,0.0,0.0,14.43,1.1,0.0
20230921:0330,0.0,0.0,-2.07,13.84,1.17,0.0
20230921:0430,34.68,63.03,7.24,13.42,1.1,0.0
20230921:0530,163.74,205.13,16.29,14.6,0.55,0.0
20230921:0630,270.81,325.11,24.62,16.8,0.28,0.0
20230921:0730,432.75,517.98,31.66,17.43,0.55,0.0
20230921:0830,518.82,629.6,36.75,19.32,0.76,0.0
20230921:0930,439.29,532.55,39.17,20.87,0.76,0.0
20230921:1030,454.53,551.11,38.51,21.85,1.1,0.0
20230921:1130,460.75,559.33,34.88,22.72,1.52,0.0
20230921:1230,353.21,427.36,28.88,23.24,1.86,0.0
20230921:1330,277.17,340.3,21.22,23.28,2.07,0.0
20230921:1430,104.33,147.67,12.53,23.32,2.41,0.0
20230921:1530,5.66,24.64,3.31,22.7,1.86,0.0
20230921:1630,0.0,0.0,0.0,21.48,2.21,0.0
20230921:1730,0.0,0.0,0.0,19.9,2.76,0.0
20230921:1830,0.0,0.0,0.0,19.11,3.31,0.0
20230921:1930,0.0,0.0,0.0,18.43,3.38,0.0
20230921:2030,0.0,0.0,0.0,17.75,3.31,0.0
20230921:2130,0.0,0.0,0.0,16.89,3.1,0.0
20230921:2230,0.0,0.0,0.0,16.1,3.03,0.0
20230921:2330,0.0,0.0,0.0,15.3,3.03,0.0
20230922:0030,0.0,0.0,0.0,14.69,3.03,0.0
20230922:0130,0.0,0.0,0.0,14.21,3.1,0.0
20230922:0230,0.0,0.0,0.0,13.8,3.1,0.0
20230922:0330,0.0,0.0,-2.32,13.45,3.17,0.0
20230922:0430,57.2,96.84,7.0,13.17,3.24,0.0
20230922:0530,256.5,309.3,16.03,14.12,3.1,0.0
20230922:0630,458.27,532.06,24.33,16.23,3.66,0.0
20230922:0730,619.01,727.43,31.35,18.44,4.14,0.0
20230922:0830,718.87,859.62,36.39,20.4,4.48,0.0
20230922:0930,758.89,917.91,38.78,22.06,4.76,0.0
20230922:1030,743.83,900.8,38.11,23.35,5.17,0.0
20230922:1130,668.29,804.25,34.49,24.13,5.45,0.0
20230922:1230,537.69,642.84,28.49,24.34,5.31,0.0
20230922:1330,356.85,431.61,20.84,24.18,5.03,0.0
20230922:1430,149.6,203.86,12.16,23.66,4.62,0.0
20230922:1530,7.27,29.39,2.95,22.47,3.66,0.0
20230922:1630,0.0,0.0,0.0,20.54,3.31,0.0
20230922:1730,0.0,0.0,0.0,19.09,3.24,0.0
20230922:1830,0.0,0.0,0.0,18.14,3.31,0.0
20230922:1930,0.0,0.0,0.0,17.49,3.17,0.0
20230922:2030,0.0,0.0,0.0,17.0,3.17,0.0
20230922:2130,0.0,0.0,0.0,16.69,3.38,0.0
20230922:2230,0.0,0.0,0.0,16.65,3.52,0.0
20230922:2330,0.0,0.0,0.0,16.65,3.66,0.0
20230923:0030,0.0,0.0,0.0,16.45,3.79,0.0
20230923:0130,0.0,0.0,0.0,16.31,3.66,0.0
20230923:0230,0.0,0.0,0.0,16.01,3.59,0.0
20230923:0330,0.0,0.0,-2.57,15.77,3.59,0.0
20230923:0430,51.83,89.33,6.74,15.39,3.52,0.0
20230923:0530,240.26,292.98,15.77,16.19,3.45,0.0
20230923:0630,449.08,524.42,24.05,18.09,4.14,0.0
20230923:0730,598.06,702.86,31.03,19.87,4.9,0.0
20230923:0830,657.84,783.92,36.04,21.55,5.03,0.0
20230923:0930,634.77,761.11,38.4,22.91,5.1,0.0
20230923:1030,646.09,777.93,37.71,23.84,5.24,0.0
20230923:1130,605.7,728.39,34.09,24.59,5.31,0.0
20230923:1230,509.82,610.83,28.11,24.95,5.31,0.0
20230923:1330,344.75,418.45,20.47,24.94,5.31,0.0
20230923:1430,135.39,186.82,11.79,24.54,5.1,0.0
20230923:1530,6.01,26.53,2.59,23.48,4.07,0.0
20230923:1630,0.0,0.0,0.0,21.88,3.93,0.0
20230923:1730,0.0,0.0,0.0,20.76,4.07,0.0
20230923:1830,0.0,0.0,0.0,20.07,4.21,0.0
20230923:1930,0.0,0.0,0.0,19.66,4.14,0.0
20230923:2030,0.0,0.0,0.0,19.14,3.93,0.0
20230923:2130,0.0,0.0,0.0,18.56,3.66,0.0
20230923:2230,0.0,0.0,0.0,17.99,3.38,0.0
20230923:2330,0.0,0.0,0.0,17.47,3.38,0.0
20230924:0030,0.0,0.0,0.0,17.0,3.38,0.0
20230924:0130,0.0,0.0,0.0,16.57,3.31,0.0
20230924:0230,0.0,0.0,0.0,16.16,3.17,0.0
20230924:0330,0.0,0.0,-2.82,15.72,3.1,0.0
20230924:0430,51.64,89.84,6.49,15.33,3.03,0.0
20230924:0530,242.27,295.73,15.5,16.03,2.83,0.0
20230924:0630,442.34,518.66,23.76,17.97,3.31,0.0
20230924:0730,598.61,711.01,30.71,20.27,3.72,0.0
20230924:0830,698.43,846.87,35.69,22.25,3.79,0.0
20230924:0930,737.98,908.0,38.02,23.91,3.79,0.0
20230924:1030,720.85,890.09,37.31,25.16,3.86,0.0
20230924:1130,647.05,795.51,33.69,25.91,3.72,0.0
20230924:1230,519.02,634.34,27.72,26.15,3.24,0.0
20230924:1330,342.2,422.88,20.09,26.06,2.62,0.0
20230924:1430,137.64,192.35,11.43,25.66,2.07,0.0
20230924:1530,2.27,10.97,2.23,24.29,2.07,0.0
20230924:1630,0.0,0.0,0.0,22.02,2.62,0.0
20230924:1730,0.0,0.0,0.0,20.39,2.76,0.0
20230924:1830,0.0,0.0,0.0,19.31,2.69,0.0
20230924:1930,0.0,0.0,0.0,18.76,2.41,0.0
20230924:2030,0.0,0.0,0.0,17.92,2.28,0.0
20230924:2130,0.0,0.0,0.0,17.07,2.14,0.0
20230924:2230,0.0,0.0,0.0,16.03,1.72,0.0
20230924:2330,0.0,0.0,0.0,16.62,0.9,0.0
20230925:0030,0.0,0.0,0.0,16.36,0.76,0.0
20230925:0130,0.0,0.0,0.0,13.93,1.45,0.0
20230925:0230,0.0,0.0,0.0,13.22,1.72,0.0
20230925:0330,0.0,0.0,-3.07,12.79,1.59,0.0
20230925:0430,46.25,80.7,6.24,12.6,1.59,0.0
20230925:0530,232.86,283.39,15.24,13.98,1.66,0.0
20230925:0630,444.97,523.78,23.47,17.29,2.34,0.0
20230925:0730,588.56,700.54,30.39,19.39,2.9,0.0
20230925:0830,629.09,759.5,35.33,21.13,2.83,0.0
20230925:0930,645.1,790.02,37.63,22.34,2.41,0.0
20230925:1030,635.58,784.48,36.91,23.28,2.14,0.0
20230925:1130,593.96,730.39,33.29,23.85,2.14,0.0
20230925:1230,441.94,535.45,27.33,24.24,2.48,0.0
20230925:1330,307.62,376.67,19.72,24.01,2.9,0.0
20230925:1430,117.22,164.14,11.06,23.42,3.24,0.0
20230925:1530,1.57,9.5,1.87,22.2,3.24,0.0
20230925:1630,0.0,0.0,0.0,20.49,3.45,0.0
20230925:1730,0.0,0.0,0.0,19.39,3.45,0.0
20230925:1830,0.0,0.0,0.0,18.77,3.24,0.0
20230925:1930,0.0,0.0,0.0,18.74,3.38,0.0
20230925:2030,0.0,0.0,0.0,18.11,2.9,0.0
20230925:2130,0.0,0.0,0.0,17.48,2.55,0.0
20230925:2230,0.0,0.0,0.0,16.64,2.55,0.0
20230925:2330,0.0,0.0,0.0,15.9,2.9,0.0
20230926:0030,0.0,0.0,0.0,15.31,3.17,0.0
20230926:0130,0.0,0.0,0.0,14.81,3.17,0.0
20230926:0230,0.0,0.0,0.0,14.4,2.9,0.0
20230926:0330,0.0,0.0,-3.32,14.02,2.76,0.0
20230926:0430,32.08,60.42,5.99,13.62,2.83,0.0
20230926:0530,164.27,203.92,14.97,14.04,2.9,0.0
20230926:0630,183.43,221.5,23.18,15.26,3.17,0.0
20230926:0730,356.3,413.31,30.07,15.47,2.9,0.0
20230926:0830,607.41,714.84,34.98,16.84,3.1,0.0
20230926:0930,641.53,768.64,37.25,19.64,3.1,0.0
20230926:1030,595.82,717.47,36.51,20.68,2.69,0.0
20230926:1130,651.04,791.9,32.9,21.31,2.55,0.0
20230926:1230,511.79,616.9,26.94,21.91,2.34,0.0
20230926:1330,335.44,407.26,19.34,21.97,2.41,0.0
20230926:1430,134.47,185.19,10.7,21.6,2.55,0.0
20230926:1530,1.53,9.36,1.51,20.49,2.28,0.0
20230926:1630,0.0,0.0,0.0,18.41,2.76,0.0
20230926:1730,0.0,0.0,0.0,16.89,2.97,0.0
20230926:1830,0.0,0.0,0.0,15.74,2.9,0.0
20230926:1930,0.0,0.0,0.0,14.21,2.62,0.0
20230926:2030,0.0,0.0,0.0,13.29,2.48,0.0
20230926:2130,0.0,0.0,0.0,12.54,2.41,0.0
20230926:2230,0.0,0.0,0.0,11.91,2.34,0.0
20230926:2330,0.0,0.0,0.0,11.39,2.21,0.0
20230927:0030,0.0,0.0,0.0,10.88,2.14,0.0
20230927:0130,0.0,0.0,0.0,10.44,2.21,0.0
20230927:0230,0.0,0.0,0.0,10.1,2.21,0.0
20230927:0330,0.0,0.0,-3.57,9.85,2.14,0.0
20230927:0430,52.43,88.96,5.73,9.58,2.14,0.0
20230927:0530,251.06,299.4,14.7,10.39,1.72,0.0
20230927:0630,459.52,532.46,22.89,13.07,1.86,0.0
20230927:0730,613.36,723.42,29.75,14.79,1.93,0.0
20230927:0830,716.27,867.33,34.62,17.1,2.0,0.0
20230927:0930,750.22,920.29,36.86,18.91,2.21,0.0
20230927:1030,727.92,895.54,36.11,20.01,2.14,0.0
20230927:1130,640.21,780.63,32.5,20.74,2.07,0.0
20230927:1230,519.37,626.47,26.56,21.16,2.0,0.0
20230927:1330,343.76,417.15,18.97,21.31,2.0,0.0
20230927:1430,133.71,184.46,10.33,21.08,2.07,0.0
20230927:1530,1.04,8.29,1.15,20.02,1.79,0.0
20230927:1630,0.0,0.0,0.0,18.14,2.48,0.0
20230927:1730,0.0,0.0,0.0,16.54,2.48,0.0
20230927:1830,0.0,0.0,0.0,15.54,2.55,0.0
20230927:1930,0.0,0.0,0.0,14.73,2.62,0.0
20230927:2030,0.0,0.0,0.0,14.12,2.55,0.0
20230927:2130,0.0,0.0,0.0,13.57,2.48,0.0
20230927:2230,0.0,0.0,0.0,13.03,2.41,0.0
20230927:2330,0.0,0.0,0.0,12.52,2.28,0.0
20230928:0030,0.0,0.0,0.0,11.98,2.21,0.0
20230928:0130,0.0,0.0,0.0,11.51,2.14,0.0
20230928:0230,0.0,0.0,0.0,11.11,2.14,0.0
20230928:0330,0.0,0.0,-3.82,10.79,2.14,0.0
20230928:0430,46.34,82.08,5.48,10.51,2.14,0.0
20230928:0530,247.05,296.07,14.43,11.28,1.72,0.0
20230928:0630,451.51,526.5,22.6,14.37,1.79,0.0
20230928:0730,604.63,723.0,29.42,16.61,1.52,0.0
20230928:0830,697.31,857.76,34.26,19.05,1.52,0.0
20230928:0930,732.75,917.34,36.48,21.14,1.59,0.0
20230928:1030,714.16,896.32,35.72,22.71,1.72,0.0
20230928:1130,640.45,796.94,32.1,23.59,1.72,0.0
20230928:1230,510.38,628.32,26.17,23.86,1.38,0.0
20230928:1330,331.21,409.11,18.59,23.8,1.31,0.0
20230928:1430,126.88,178.51,9.97,23.43,1.31,0.0
20230928:1530,0.37,6.76,0.79,22.23,1.79,0.0
20230928:1630,0.0,0.0,0.0,20.07,2.48,0.0
20230928:1730,0.0,0.0,0.0,18.16,2.48,0.0
20230928:1830,0.0,0.0,0.0,16.99,2.48,0.0
20230928:1930,0.0,0.0,0.0,15.92,2.48,0.0
20230928:2030,0.0,0.0,0.0,15.15,2.41,0.0
20230928:2130,0.0,0.0,0.0,14.44,2.34,0.0
20230928:2230,0.0,0.0,0.0,13.72,2.28,0.0
20230928:2330,0.0,0.0,0.0,13.02,2.21,0.0
20230929:0030,0.0,0.0,0.0,12.25,2.0,0.0
20230929:0130,0.0,0.0,0.0,11.44,1.79,0.0
20230929:0230,0.0,0.0,0.0,10.8,1.79,0.0
20230929:0330,0.0,0.0,-4.07,10.3,1.86,0.0
20230929:0430,45.6,81.04,5.22,9.86,1.86,0.0
20230929:0530,246.5,295.96,14.17,11.06,1.17,0.0
20230929:0630,447.81,528.35,22.3,14.86,0.9,0.0
20230929:0730,598.33,725.43,29.1,17.45,0.9,0.0
20230929:0830,689.96,861.09,33.9,20.12,1.03,0.0
20230929:0930,724.96,920.81,36.09,22.09,1.1,0.0
20230929:1030,707.27,899.05,35.32,23.18,1.17,0.0
20230929:1130,629.84,796.53,31.71,23.56,0.76,0.0
20230929:1230,495.68,615.6,25.79,23.69,0.62,0.0
20230929:1330,327.79,407.54,18.22,23.52,0.48,0.0
20230929:1430,123.36,174.69,9.61,23.15,0.34,0.0
20230929:1530,0.07,5.98,0.43,21.91,0.34,0.0
20230929:1630,0.0,0.0,0.0,19.67,0.83,0.0
20230929:1730,0.0,0.0,0.0,17.42,1.31,0.0
20230929:1830,0.0,0.0,0.0,15.69,1.66,0.0
20230929:1930,0.0,0.0,0.0,14.78,2.34,0.0
20230929:2030,0.0,0.0,0.0,14.26,2.41,0.0
20230929:2130,0.0,0.0,0.0,13.84,2.34,0.0
20230929:2230,0.0,0.0,0.0,13.45,2.34,0.0
20230929:2330,0.0,0.0,0.0,12.85,2.28,0.0
20230930:0030,0.0,0.0,0.0,12.32,2.21,0.0
20230930:0130,0.0,0.0,0.0,11.66,2.14,0.0
20230930:0230,0.0,0.0,0.0,11.05,2.07,0.0
20230930:0330,0.0,0.0,-4.32,10.53,2.0,0.0
20230930:0430,44.38,79.57,4.97,10.13,2.0,0.0
20230930:0530,245.78,294.2,13.9,10.85,1.59,0.0
20230930:0630,446.24,524.15,22.01,15.09,1.38,0.0
20230930:0730,594.26,714.4,28.77,17.89,1.52,0.0
20230930:0830,694.04,853.6,33.55,20.44,1.93,0.0
20230930:0930,736.2,911.22,35.71,22.4,2.69,0.0
20230930:1030,719.17,885.61,34.92,23.52,3.31,0.0
20230930:1130,644.63,786.71,31.31,24.04,3.45,0.0
20230930:1230,496.79,599.58,25.4,24.27,3.45,0.0
20230930:1330,313.07,383.32,17.85,24.11,3.24,0.0
20230930:1430,118.72,168.34,9.24,23.48,2.48,0.0
20230930:1530,0.0,5.2,0.07,21.86,2.34,0.0
20230930:1630,0.0,0.0,0.0,19.65,2.69,0.0
20230930:1730,0.0,0.0,0.0,18.07,2.76,0.0
20230930:1830,0.0,0.0,0.0,17.19,2.9,0.0
20230930:1930,0.0,0.0,0.0,16.27,2.9,0.0
20230930:2030,0.0,0.0,0.0,15.74,2.97,0.0
20230930:2130,0.0,0.0,0.0,15.68,2.97,0.0
20230930:2230,0.0,0.0,0.0,15.52,2.97,0.0
20230930:2330,0.0,0.0,0.0,15.6,2.83,0.0
20231001:0030,0.0,0.0,0.0,15.8,2.69,0.0
20231001:0130,0.0,0.0,0.0,15.68,2.41,0.0
20231001:0230,0.0,0.0,0.0,15.29,2.21,0.0
20231001:0330,0.0,0.0,0.0,14.78,2.34,0.0
20231001:0430,22.86,46.84,4.71,14.46,2.97,0.0
20231001:0530,156.54,195.26,13.62,14.39,3.31,0.0
20231001:0630,218.88,259.08,21.72,15.51,4.07,0.0
20231001:0730,238.83,279.58,28.45,15.66,4.62,0.0
20231001:0830,209.18,247.69,33.19,15.58,4.14,0.0
20231001:0930,346.45,399.85,35.33,15.34,3.86,0.0
20231001:1030,217.61,257.97,34.52,16.02,3.93,0.0
20231001:1130,177.62,214.1,30.92,16.35,3.72,0.0
20231001:1230,257.32,302.48,25.02,16.88,3.66,0.0
20231001:1330,210.71,254.64,17.48,17.36,3.72,0.0
20231001:1430,44.17,69.39,8.88,17.51,3.79,0.0
20231001:1530,0.0,0.0,-0.28,16.87,3.17,0.0
20231001:1630,0.0,0.0,0.0,15.85,2.83,0.0
20231001:1730,0.0,0.0,0.0,15.0,2.55,0.0
20231001:1830,0.0,0.0,0.0,14.77,2.41,0.0
20231001:1930,0.0,0.0,0.0,13.98,2.41,0.0
20231001:2030,0.0,0.0,0.0,13.44,2.62,0.0
20231001:2130,0.0,0.0,0.0,13.07,2.76,0.0
20231001:2230,0.0,0.0,0.0,12.58,2.76,0.0
20231001:2330,0.0,0.0,0.0,12.1,2.69,0.0
20231002:0030,0.0,0.0,0.0,11.61,2.76,0.0
20231002:0130,0.0,0.0,0.0,11.27,2.83,0.0
20231002:0230,0.0,0.0,0.0,11.13,2.83,0.0
20231002:0330,0.0,0.0,0.0,11.14,2.97,0.0
20231002:0430,24.43,49.85,4.45,11.19,3.03,0.0
20231002:0530,141.51,176.36,13.35,11.67,2.83,0.0
20231002:0630,141.28,172.32,21.42,12.7,3.59,0.0
20231002:0730,224.33,262.21,28.12,13.19,4.55,0.0
20231002:0830,282.1,325.77,32.83,14.1,4.62,0.0
20231002:0930,245.53,287.25,34.94,14.91,4.69,0.0
20231002:1030,275.41,320.34,34.13,15.52,4.76,0.0
20231002:1130,292.73,339.57,30.52,15.98,4.83,0.0
20231002:1230,151.23,185.6,24.64,16.28,4.97,0.0
20231002:1330,111.22,142.49,17.11,16.06,4.69,0.0
20231002:1430,36.56,59.98,8.52,15.88,4.55,0.0
20231002:1530,0.0,0.0,-0.64,15.36,3.72,0.0
20231002:1630,0.0,0.0,0.0,14.91,3.1,0.0
20231002:1730,0.0,0.0,0.0,14.41,2.62,0.0
20231002:1830,0.0,0.0,0.0,14.09,2.41,0.0
20231002:1930,0.0,0.0,0.0,12.68,2.41,0.0
20231002:2030,0.0,0.0,0.0,12.44,2.41,0.0
20231002:2130,0.0,0.0,0.0,12.13,2.34,0.0
20231002:2230,0.0,0.0,0.0,11.86,2.28,0.0
20231002:2330,0.0,0.0,0.0,12.02,2.0,0.0
20231003:0030,0.0,0.0,0.0,11.7,1.72,0.0
20231003:0130,0.0,0.0,0.0,11.54,1.52,0.0
20231003:0230,0.0,0.0,0.0,11.01,1.59,0.0
20231003:0330,0.0,0.0,0.0,10.84,1.59,0.0
20231003:0430,16.35,37.23,4.2,10.95,1.59,0.0
20231003:0530,140.62,175.72,13.08,11.39,1.59,0.0
20231003:0630,190.94,227.56,21.12,12.91,1.93,0.0
20231003:0730,383.81,440.71,27.8,12.94,2.28,0.0
20231003:0830,546.59,635.9,32.47,14.39,2.41,0.0
20231003:0930,521.98,608.31,34.56,16.05,2.83,0.0
20231003:1030,488.95,570.67,33.73,17.09,3.17,0.0
20231003:1130,377.44,439.07,30.13,17.84,3.59,0.0
20231003:1230,230.62,274.87,24.26,18.12,4.07,0.0
20231003:1330,69.82,97.05,16.74,18.09,4.28,0.0
20231003:1430,33.6,56.38,8.17,17.69,4.14,0.0
20231003:1530,0.0,0.0,-0.99,17.13,3.52,0.0
20231003:1630,0.0,0.0,0.0,16.36,3.24,0.0
20231003:1730,0.0,0.0,0.0,15.74,3.38,0.0
20231003:1830,0.0,0.0,0.0,15.41,3.79,0.0
20231003:1930,0.0,0.0,0.0,14.39,3.66,0.0
20231003:2030,0.0,0.0,0.0,13.89,4.0,0.0
20231003:2130,0.0,0.0,0.0,13.64,4.21,0.0
20231003:2230,0.0,0.0,0.0,13.36,4.34,0.0
20231003:2330,0.0,0.0,0.0,13.12,4.41,0.0
20231004:0030,0.0,0.0,0.0,12.92,4.55,0.0
20231004:0130,0.0,0.0,0.0,12.81,4.62,0.0
20231004:0230,0.0,0.0,0.0,12.76,4.83,0.0
20231004:0330,0.0,0.0,0.0,12.82,5.03,0.0
20231004:0430,26.21,51.5,3.94,12.8,5.17,0.0
20231004:0530,191.36,232.39,12.81,13.23,5.24,0.0
20231004:0630,396.83,454.78,20.83,14.59,4.76,0.0
20231004:0730,565.44,648.14,27.47,15.96,5.66,0.0
20231004:0830,522.18,602.11,32.11,17.71,6.0,0.0
20231004:0930,177.86,217.05,34.18,18.49,6.07,0.0
20231004:1030,40.75,62.78,33.34,17.62,5.1,0.0
20231004:1130,174.63,211.41,29.74,16.78,4.34,0.0
20231004:1230,249.44,295.55,23.88,17.6,4.76,0.0
20231004:1330,199.95,243.2,16.37,18.0,4.62,0.0
20231004:1430,68.06,100.1,7.81,17.94,4.41,0.0
20231004:1530,0.0,0.0,-1.34,16.88,3.72,0.0
20231004:1630,0.0,0.0,0.0,15.49,3.52,0.0
20231004:1730,0.0,0.0,0.0,14.65,3.45,0.0
20231004:1830,0.0,0.0,0.0,14.28,3.52,0.0
20231004:1930,0.0,0.0,0.0,13.55,3.31,0.0
20231004:2030,0.0,0.0,0.0,12.68,3.17,0.0
20231004:2130,0.0,0.0,0.0,12.64,3.52,0.0
20231004:2230,0.0,0.0,0.0,12.51,3.59,0.0
20231004:2330,0.0,0.0,0.0,12.53,3.52,0.0
20231005:0030,0.0,0.0,0.0,12.38,3.72,0.0
20231005:0130,0.0,0.0,0.0,11.78,3.66,0.0
20231005:0230,0.0,0.0,0.0,11.12,3.45,0.0
20231005:0330,0.0,0.0,0.0,10.6,3.45,0.0
20231005:0430,34.38,65.43,3.68,10.13,3.38,0.0
20231005:0530,226.12,269.43,12.53,10.38,3.38,0.0
20231005:0630,435.49,494.69,20.53,11.81,3.66,0.0
20231005:0730,393.94,446.15,27.14,12.9,5.1,0.0
20231005:0830,582.31,666.23,31.76,14.16,4.62,0.0
20231005:0930,464.16,531.55,33.79,15.46,5.1,0.0
20231005:1030,370.33,426.93,32.95,16.12,5.1,0.0
20231005:1130,269.28,315.01,29.35,16.58,4.97,0.0
20231005:1230,327.45,380.37,23.5,16.77,4.55,0.0
20231005:1330,246.09,293.6,16.01,16.85,4.48,0.0
20231005:1430,67.24,98.86,7.45,16.52,4.21,0.0
20231005:1530,0.0,0.0,-1.69,15.45,3.45,0.0
20231005:1630,0.0,0.0,0.0,14.11,3.38,0.0
20231005:1730,0.0,0.0,0.0,13.52,3.72,0.0
20231005:1830,0.0,0.0,0.0,13.26,4.14,0.0
20231005:1930,0.0,0.0,0.0,13.25,4.21,0.0
20231005:2030,0.0,0.0,0.0,13.7,4.55,0.0
20231005:2130,0.0,0.0,0.0,13.96,4.76,0.0
20231005:2230,0.0,0.0,0.0,13.79,4.69,0.0
20231005:2330,0.0,0.0,0.0,13.58,4.62,0.0
20231006:0030,0.0,0.0,0.0,13.4,4.9,0.0
20231006:0130,0.0,0.0,0.0,13.19,5.38,0.0
20231006:0230,0.0,0.0,0.0,12.65,5.66,0.0
20231006:0330,0.0,0.0,0.0,11.97,6.14,0.0
20231006:0430,19.91,43.89,3.42,11.37,6.21,0.0
20231006:0530,173.87,210.85,12.26,11.04,5.93,0.0
20231006:0630,413.69,463.78,20.23,11.22,6.34,0.0
20231006:0730,474.9,529.22,26.81,11.76,7.1,0.0
20231006:0830,499.57,557.57,31.4,12.38,7.59,0.0
20231006:0930,583.74,653.32,33.41,12.78,7.72,0.0
20231006:1030,617.28,693.24,32.56,13.11,7.52,0.0
20231006:1130,597.76,671.68,28.96,13.36,7.45,0.0
20231006:1230,503.14,565.3,23.12,13.43,7.31,0.0
20231006:1330,312.74,360.82,15.65,13.37,6.97,0.0
20231006:1430,95.88,134.04,7.1,13.01,6.21,0.0
20231006:1530,0.0,0.0,-2.04,12.03,4.83,0.0
20231006:1630,0.0,0.0,0.0,10.92,4.34,0.0
20231006:1730,0.0,0.0,0.0,10.1,3.79,0.0
20231006:1830,0.0,0.0,0.0,9.25,3.1,0.0
20231006:1930,0.0,0.0,0.0,8.2,2.83,0.0
20231006:2030,0.0,0.0,0.0,7.54,2.69,0.0
20231006:2130,0.0,0.0,0.0,7.09,2.48,0.0
20231006:2230,0.0,0.0,0.0,6.68,2.62,0.0
20231006:2330,0.0,0.0,0.0,6.63,2.97,0.0
20231007:0030,0.0,0.0,0.0,7.1,3.17,0.0
20231007:0130,0.0,0.0,0.0,7.76,3.59,0.0
20231007:0230,0.0,0.0,0.0,8.83,4.34,0.0
20231007:0330,0.0,0.0,0.0,9.99,4.97,0.0
20231007:0430,0.55,7.0,3.16,10.66,5.45,0.0
20231007:0530,16.43,31.39,11.98,11.11,6.28,0.0
20231007:0630,22.66,39.28,19.93,10.61,6.55,0.0
20231007:0730,8.83,20.91,26.49,10.0,6.97,0.0
20231007:0830,13.9,27.96,31.04,10.39,7.24,0.0
20231007:0930,9.71,22.25,33.03,11.03,7.66,0.0
20231007:1030,16.66,31.75,32.17,11.59,7.66,0.0
20231007:1130,44.29,65.4,28.58,12.34,7.86,0.0
20231007:1230,27.03,45.17,22.75,13.5,8.14,0.0
20231007:1330,37.53,57.97,15.28,14.32,8.14,0.0
20231007:1430,14.32,30.24,6.75,14.94,8.41,0.0
20231007:1530,0.0,0.0,-2.38,15.01,8.48,0.0
20231007:1630,0.0,0.0,0.0,14.73,8.34,0.0
20231007:1730,0.0,0.0,0.0,14.61,8.28,0.0
20231007:1830,0.0,0.0,0.0,14.09,7.86,0.0
20231007:1930,0.0,0.0,0.0,14.65,7.79,0.0
20231007:2030,0.0,0.0,0.0,13.75,7.59,0.0
20231007:2130,0.0,0.0,0.0,12.56,7.1,0.0
20231007:2230,0.0,0.0,0.0,11.64,6.62,0.0
20231007:2330,0.0,0.0,0.0,10.94,6.28,0.0
20231008:0030,0.0,0.0,0.0,10.27,6.14,0.0
20231008:0130,0.0,0.0,0.0,9.69,6.0,0.0
20231008:0230,0.0,0.0,0.0,8.87,5.72,0.0
20231008:0330,0.0,0.0,0.0,8.09,5.59,0.0
20231008:0430,7.22,19.41,2.9,7.87,5.66,0.0
20231008:0530,112.77,140.91,11.7,7.92,5.66,0.0
20231008:0630,460.51,508.08,19.63,8.23,6.69,0.0
20231008:0730,582.13,637.43,26.16,8.32,7.93,0.0
20231008:0830,693.28,762.54,30.68,9.06,8.62,0.0
20231008:0930,750.98,830.84,32.65,9.69,8.83,0.0
20231008:1030,798.98,890.45,31.78,10.24,8.62,0.0
20231008:1130,711.97,790.02,28.19,10.64,8.69,0.0
20231008:1230,557.34,615.49,22.37,10.66,8.97,0.0
20231008:1330,264.23,302.36,14.92,10.17,9.03,0.0
20231008:1430,97.62,135.19,6.4,9.7,7.72,0.0
20231008:1530,0.0,0.0,-2.72,9.04,7.59,0.0
20231008:1630,0.0,0.0,0.0,8.29,8.0,0.0
20231008:1730,0.0,0.0,0.0,7.78,6.9,0.0
20231008:1830,0.0,0.0,0.0,7.58,7.17,0.0
20231008:1930,0.0,0.0,0.0,6.15,7.72,0.0
20231008:2030,0.0,0.0,0.0,5.67,7.52,0.0
20231008:2130,0.0,0.0,0.0,5.09,7.24,0.0
20231008:2230,0.0,0.0,0.0,5.01,7.1,0.0
20231008:2330,0.0,0.0,0.0,5.14,7.17,0.0
20231009:0030,0.0,0.0,0.0,5.48,7.38,0.0
20231009:0130,0.0,0.0,0.0,5.73,7.31,0.0
20231009:0230,0.0,0.0,0.0,5.9,7.17,0.0
20231009:0330,0.0,0.0,0.0,5.45,6.83,0.0
20231009:0430,24.24,49.69,2.63,4.78,6.55,0.0
20231009:0530,175.46,206.79,11.43,4.59,6.34,0.0
20231009:0630,296.0,326.34,19.33,5.14,6.34,0.0
20231009:0730,258.16,286.98,25.83,5.59,8.69,0.0
20231009:0830,290.48,321.98,30.32,6.32,8.0,0.0
20231009:0930,445.39,486.34,32.27,7.11,7.79,0.0
20231009:1030,481.74,529.03,31.39,8.26,7.66,0.0
20231009:1130,450.54,498.1,27.81,9.63,7.52,0.0
20231009:1230,245.37,280.5,22.0,10.22,7.24,0.0
20231009:1330,94.4,120.77,14.57,9.91,6.34,0.0
20231009:1430,20.36,37.16,6.06,9.48,5.24,0.0
20231009:1530,0.0,0.0,-3.06,8.92,4.41,0.0
20231009:1630,0.0,0.0,0.0,7.93,3.72,0.0
20231009:1730,0.0,0.0,0.0,7.04,3.52,0.0
20231009:1830,0.0,0.0,0.0,6.22,3.52,0.0
20231009:1930,0.0,0.0,0.0,5.19,3.59,0.0
20231009:2030,0.0,0.0,0.0,4.86,3.66,0.0
20231009:2130,0.0,0.0,0.0,4.54,3.72,0.0
20231009:2230,0.0,0.0,0.0,4.31,3.66,0.0
20231009:2330,0.0,0.0,0.0,4.26,3.52,0.0
20231010:0030,0.0,0.0,0.0,4.19,3.52,0.0
20231010:0130,0.0,0.0,0.0,4.12,3.66,0.0
20231010:0230,0.0,0.0,0.0,4.02,3.66,0.0
20231010:0330,0.0,0.0,0.0,3.73,3.52,0.0
20231010:0430,22.2,46.24,2.37,3.58,3.45,0.0
20231010:0530,151.4,181.07,11.15,3.83,3.31,0.0
20231010:0630,286.55,318.51,19.03,4.75,3.86,0.0
20231010:0730,461.05,503.44,25.5,6.01,5.45,0.0
20231010:0830,538.95,589.78,29.97,6.89,5.59,0.0
20231010:0930,635.2,699.2,31.89,7.45,5.79,0.0
20231010:1030,660.19,729.83,31.0,7.96,5.86,0.0
20231010:1130,583.07,643.38,27.43,8.47,5.72,0.0
20231010:1230,392.81,435.57,21.63,8.76,5.72,0.0
20231010:1330,241.19,277.62,14.21,8.66,5.31,0.0
20231010:1430,81.61,116.08,5.71,8.14,4.62,0.0
20231010:1530,0.0,0.0,-3.4,7.06,3.59,0.0
20231010:1630,0.0,0.0,0.0,5.55,2.69,0.0
20231010:1730,0.0,0.0,0.0,4.44,2.34,0.0
20231010:1830,0.0,0.0,0.0,3.57,2.14,0.0
20231010:1930,0.0,0.0,0.0,2.57,2.14,0.0
20231010:2030,0.0,0.0,0.0,1.58,1.86,0.0
20231010:2130,0.0,0.0,0.0,1.01,1.31,0.0
20231010:2230,0.0,0.0,0.0,0.39,1.31,0.0
20231010:2330,0.0,0.0,0.0,-0.63,1.72,0.0
20231011:0030,0.0,0.0,0.0,-0.48,1.59,0.0
20231011:0130,0.0,0.0,0.0,-0.28,1.66,0.0
20231011:0230,0.0,0.0,0.0,0.31,1.79,0.0
20231011:0330,0.0,0.0,0.0,1.05,2.0,0.0
20231011:0430,1.8,9.36,2.11,1.87,2.28,0.0
20231011:0530,140.47,168.89,10.87,2.83,2.48,0.0
20231011:0630,390.09,431.51,18.73,4.75,2.62,0.0
20231011:0730,554.54,614.0,25.17,5.66,3.1,0.0
20231011:0830,608.36,679.92,29.61,7.56,3.72,0.0
20231011:0930,702.27,792.0,31.52,8.97,4.41,0.0
20231011:1030,683.17,770.0,30.62,10.14,5.03,0.0
20231011:1130,634.25,711.5,27.05,10.89,5.59,0.0
20231011:1230,504.12,563.89,21.27,11.29,5.86,0.0
20231011:1330,296.97,341.57,13.86,11.33,6.0,0.0
20231011:1430,73.16,107.7,5.37,10.88,5.24,0.0
20231011:1530,0.0,0.0,-3.74,9.86,4.97,0.0
20231011:1630,0.0,0.0,0.0,9.14,5.17,0.0
20231011:1730,0.0,0.0,0.0,9.41,5.59,0.0
20231011:1830,0.0,0.0,0.0,9.89,6.0,0.0
20231011:1930,0.0,0.0,0.0,10.12,5.66,0.0
20231011:2030,0.0,0.0,0.0,10.4,5.79,0.0
20231011:2130,0.0,0.0,0.0,10.64,6.07,0.0
20231011:2230,0.0,0.0,0.0,11.02,6.14,0.0
20231011:2330,0.0,0.0,0.0,11.12,6.07,0.0
20231012:0030,0.0,0.0,0.0,10.9,6.07,0.0
20231012:0130,0.0,0.0,0.0,10.61,6.07,0.0
20231012:0230,0.0,0.0,0.0,10.61,5.93,0.0
20231012:0330,0.0,0.0,0.0,10.39,5.79,0.0
20231012:0430,3.86,13.29,1.85,10.29,5.79,0.0
20231012:0530,104.69,133.74,10.6,10.58,5.86,0.0
20231012:0630,217.78,253.31,18.43,11.64,6.14,0.0
20231012:0730,352.81,400.06,24.85,12.76,5.93,0.0
20231012:0830,493.88,558.56,29.26,14.29,6.69,0.0
20231012:0930,499.83,569.03,31.14,15.82,6.97,0.0
20231012:1030,438.14,502.51,30.24,17.24,7.24,0.0
20231012:1130,364.59,420.89,26.67,18.29,7.24,0.0
20231012:1230,308.65,360.51,20.9,18.68,6.69,0.0
20231012:1330,135.39,171.52,13.51,18.91,6.34,0.0
20231012:1430,19.42,37.6,5.03,18.58,6.41,0.0
20231012:1530,0.0,0.0,-4.07,17.91,6.14,0.0
20231012:1630,0.0,0.0,0.0,17.48,5.93,0.0
20231012:1730,0.0,0.0,0.0,17.28,5.59,0.0
20231012:1830,0.0,0.0,0.0,16.55,4.97,0.0
20231012:1930,0.0,0.0,0.0,15.78,4.14,0.0
20231012:2030,0.0,0.0,0.0,14.16,3.79,0.0
20231012:2130,0.0,0.0,0.0,13.88,3.66,0.0
20231012:2230,0.0,0.0,0.0,13.88,3.66,0.0
20231012:2330,0.0,0.0,0.0,13.83,3.52,0.0
20231013:0030,0.0,0.0,0.0,13.63,3.24,0.0
20231013:0130,0.0,0.0,0.0,13.33,3.1,0.0
20231013:0230,0.0,0.0,0.0,12.89,3.1,0.0
20231013:0330,0.0,0.0,0.0,12.01,2.97,0.0
20231013:0430,1.14,8.29,1.58,11.07,2.62,0.0
20231013:0530,174.72,212.7,10.32,10.32,2.34,0.0
20231013:0630,410.09,468.4,18.13,11.14,2.21,0.0
20231013:0730,572.42,655.79,24.52,12.08,2.83,0.0
20231013:0830,597.25,687.39,28.9,13.19,3.1,0.0
20231013:0930,573.97,659.65,30.77,13.95,3.59,0.0
20231013:1030,443.77,507.06,29.86,14.45,3.79,0.0
20231013:1130,356.94,409.1,26.3,14.39,3.45,0.0
20231013:1230,268.92,313.13,20.54,14.27,3.03,0.0
20231013:1330,201.12,241.97,13.16,14.19,2.76,0.0
20231013:1430,55.37,86.88,4.7,13.86,2.41,0.0
20231013:1530,0.0,0.0,0.0,12.62,1.86,0.0
20231013:1630,0.0,0.0,0.0,11.3,1.86,0.0
20231013:1730,0.0,0.0,0.0,10.08,1.86,0.0
20231013:1830,0.0,0.0,0.0,8.94,2.0,0.0
20231013:1930,0.0,0.0,0.0,8.01,2.14,0.0
20231013:2030,0.0,0.0,0.0,7.2,2.34,0.0
20231013:2130,0.0,0.0,0.0,7.21,2.62,0.0
20231013:2230,0.0,0.0,0.0,7.46,2.97,0.0
20231013:2330,0.0,0.0,0.0,8.16,3.1,0.0
20231014:0030,0.0,0.0,0.0,9.67,3.24,0.0
20231014:0130,0.0,0.0,0.0,10.67,3.66,0.0
20231014:0230,0.0,0.0,0.0,11.15,4.0,0.0
20231014:0330,0.0,0.0,0.0,11.67,4.34,0.0
20231014:0430,1.52,9.1,1.32,11.84,4.55,0.0
20231014:0530,108.97,140.03,10.04,12.11,4.69,0.0
20231014:0630,322.52,368.88,17.83,12.99,4.55,0.0
20231014:0730,540.28,612.97,24.19,13.66,5.03,0.0
20231014:0830,645.25,739.39,28.55,15.56,5.86,0.0
20231014:0930,700.12,810.94,30.4,17.21,6.14,0.0
20231014:1030,665.2,774.19,29.48,18.58,6.07,0.0
20231014:1130,524.57,609.02,25.93,19.54,6.14,0.0
20231014:1230,347.53,406.95,20.18,20.0,6.07,0.0
20231014:1330,198.99,244.29,12.82,19.97,5.72,0.0
20231014:1430,36.96,63.64,4.36,19.38,5.38,0.0
20231014:1530,0.0,0.0,0.0,18.4,5.31,0.0
20231014:1630,0.0,0.0,0.0,17.81,5.45,0.0
20231014:1730,0.0,0.0,0.0,17.42,5.59,0.0
20231014:1830,0.0,0.0,0.0,17.1,5.66,0.0
20231014:1930,0.0,0.0,0.0,17.17,5.45,0.0
20231014:2030,0.0,0.0,0.0,16.92,5.45,0.0
20231014:2130,0.0,0.0,0.0,16.41,5.31,0.0
20231014:2230,0.0,0.0,0.0,16.01,5.24,0.0
20231014:2330,0.0,0.0,0.0,15.66,5.1,0.0
20231015:0030,0.0,0.0,0.0,15.19,4.83,0.0
20231015:0130,0.0,0.0,0.0,14.72,4.55,0.0
20231015:0230,0.0,0.0,0.0,14.2,4.34,0.0
20231015:0330,0.0,0.0,0.0,13.76,4.21,0.0
20231015:0430,1.35,8.78,1.06,13.13,4.07,0.0
20231015:0530,157.9,195.73,9.76,12.86,3.93,0.0
20231015:0630,271.86,315.24,17.53,13.86,3.38,0.0
20231015:0730,265.27,306.91,23.86,14.4,3.31,0.0
20231015:0830,99.27,126.89,28.2,14.37,3.72,0.0
20231015:0930,91.89,119.22,30.03,13.73,3.1,0.0
20231015:1030,87.36,113.88,29.1,13.73,3.17,0.0
20231015:1130,99.35,126.73,25.56,13.76,3.45,0.0
20231015:1230,34.88,54.69,19.83,13.7,2.97,0.0
20231015:1330,36.8,57.08,12.48,13.4,1.93,0.0
20231015:1430,0.0,5.38,4.03,13.09,1.72,0.0
20231015:1530,0.0,0.0,0.0,12.27,1.93,0.0
20231015:1630,0.0,0.0,0.0,11.56,2.0,0.0
20231015:1730,0.0,0.0,0.0,11.29,2.21,0.0
20231015:1830,0.0,0.0,0.0,10.94,2.9,0.0
20231015:1930,0.0,0.0,0.0,9.99,3.17,0.0
20231015:2030,0.0,0.0,0.0,9.32,2.48,0.0
20231015:2130,0.0,0.0,0.0,8.85,2.07,0.0
20231015:2230,0.0,0.0,0.0,8.61,2.14,0.0
20231015:2330,0.0,0.0,0.0,8.36,2.34,0.0
20231016:0030,0.0,0.0,0.0,8.11,2.55,0.0
20231016:0130,0.0,0.0,0.0,7.86,2.76,0.0
20231016:0230,0.0,0.0,0.0,7.58,2.62,0.0
20231016:0330,0.0,0.0,0.0,7.34,2.62,0.0
20231016:0430,0.0,2.85,0.79,6.99,2.55,0.0
20231016:0530,12.64,25.95,9.48,6.79,2.76,0.0
20231016:0630,36.79,55.65,17.23,6.87,3.31,0.0
20231016:0730,71.21,94.31,23.54,6.7,3.79,0.0
20231016:0830,238.54,268.97,27.85,6.82,5.03,0.0
20231016:0930,444.24,488.85,29.66,7.81,5.31,0.0
20231016:1030,446.3,492.41,28.73,8.76,5.59,0.0
20231016:1130,414.66,458.63,25.19,9.3,5.79,0.0
20231016:1230,319.48,358.0,19.48,9.85,6.07,0.0
20231016:1330,173.56,206.36,12.14,9.86,5.86,0.0
20231016:1430,29.1,51.79,3.71,9.14,5.17,0.0
20231016:1530,0.0,0.0,0.0,7.78,4.76,0.0
20231016:1630,0.0,0.0,0.0,7.05,4.62,0.0
20231016:1730,0.0,0.0,0.0,6.71,4.83,0.0
20231016:1830,0.0,0.0,0.0,6.47,5.1,0.0
20231016:1930,0.0,0.0,0.0,6.07,5.38,0.0
20231016:2030,0.0,0.0,0.0,6.03,5.24,0.0
20231016:2130,0.0,0.0,0.0,5.7,5.1,0.0
20231016:2230,0.0,0.0,0.0,5.54,5.03,0.0
20231016:2330,0.0,0.0,0.0,5.16,4.9,0.0
20231017:0030,0.0,0.0,0.0,5.1,4.69,0.0
20231017:0130,0.0,0.0,0.0,4.57,4.62,0.0
20231017:0230,0.0,0.0,0.0,4.4,4.69,0.0
20231017:0330,0.0,0.0,0.0,4.21,4.76,0.0
20231017:0430,0.32,6.35,0.53,3.94,4.69,0.0
20231017:0530,197.72,230.89,9.2,3.84,4.55,0.0
20231017:0630,392.04,429.13,16.93,4.54,4.48,0.0
20231017:0730,504.59,547.47,23.21,5.79,6.55,0.0
20231017:0830,552.61,601.09,27.5,6.74,6.76,0.0
20231017:0930,679.98,750.37,29.29,7.58,6.14,0.0
20231017:1030,672.23,743.51,28.36,8.22,6.28,0.0
20231017:1130,562.24,620.32,24.83,8.57,6.07,0.0
20231017:1230,450.97,499.21,19.13,8.94,5.86,0.0
20231017:1330,251.7,289.87,11.8,8.96,5.59,0.0
20231017:1430,47.75,76.62,3.38,8.57,4.76,0.0
20231017:1530,0.0,0.0,0.0,7.62,4.14,0.0
20231017:1630,0.0,0.0,0.0,6.96,3.86,0.0
20231017:1730,0.0,0.0,0.0,6.2,3.59,0.0
20231017:1830,0.0,0.0,0.0,5.65,3.45,0.0
20231017:1930,0.0,0.0,0.0,5.32,3.52,0.0
20231017:2030,0.0,0.0,0.0,4.88,3.59,0.0
20231017:2130,0.0,0.0,0.0,4.49,3.72,0.0
20231017:2230,0.0,0.0,0.0,4.23,3.72,0.0
20231017:2330,0.0,0.0,0.0,3.96,3.66,0.0
20231018:0030,0.0,0.0,0.0,3.74,3.66,0.0
20231018:0130,0.0,0.0,0.0,3.49,3.66,0.0
20231018:0230,0.0,0.0,0.0,3.4,3.59,0.0
20231018:0330,0.0,0.0,0.0,3.39,3.59,0.0
20231018:0430,0.52,6.8,0.27,3.63,3.52,0.0
20231018:0530,52.46,73.15,8.92,4.1,3.45,0.0
20231018:0630,99.03,123.37,16.63,5.2,3.38,0.0
20231018:0730,154.86,182.3,22.89,5.67,4.28,0.0
20231018:0830,263.21,296.19,27.15,6.75,4.62,0.0
20231018:0930,244.76,278.28,28.93,7.76,4.83,0.0
20231018:1030,263.0,298.06,27.99,8.51,5.1,0.0
20231018:1130,198.43,229.43,24.47,8.96,6.14,0.0
20231018:1230,147.83,176.35,18.78,8.97,5.93,0.0
20231018:1330,55.04,76.93,11.47,8.84,5.79,0.0
20231018:1430,5.15,16.16,3.06,8.55,4.76,0.0
20231018:1530,0.0,0.0,0.0,8.12,4.21,0.0
20231018:1630,0.0,0.0,0.0,7.74,4.28,0.0
20231018:1730,0.0,0.0,0.0,6.95,4.14,0.0
20231018:1830,0.0,0.0,0.0,6.35,4.14,0.0
20231018:1930,0.0,0.0,0.0,6.98,3.31,0.0
20231018:2030,0.0,0.0,0.0,6.98,3.45,0.0
20231018:2130,0.0,0.0,0.0,7.08,3.59,0.0
20231018:2230,0.0,0.0,0.0,7.14,3.66,0.0
20231018:2330,0.0,0.0,0.0,7.04,3.66,0.0
20231019:0030,0.0,0.0,0.0,6.55,3.45,0.0
20231019:0130,0.0,0.0,0.0,6.16,3.31,0.0
20231019:0230,0.0,0.0,0.0,6.08,3.38,0.0
20231019:0330,0.0,0.0,0.0,5.71,3.38,0.0
20231019:0430,0.0,4.59,0.0,5.43,3.45,0.0
20231019:0530,77.36,101.97,8.64,5.67,3.38,0.0
20231019:0630,180.97,210.03,16.33,6.55,2.97,0.0
20231019:0730,276.34,310.19,22.56,7.15,3.72,0.0
20231019:0830,307.1,343.98,26.8,8.01,4.0,0.0
20231019:0930,324.14,362.51,28.57,8.91,4.34,0.0
20231019:1030,361.45,404.44,27.63,9.41,4.07,0.0
20231019:1130,221.85,255.47,24.11,9.92,4.0,0.0
20231019:1230,100.67,127.2,18.44,9.98,3.59,0.0
20231019:1330,45.16,66.1,11.14,9.91,2.76,0.0
20231019:1430,3.81,13.23,2.75,9.57,1.52,0.0
20231019:1530,0.0,0.0,0.0,8.86,1.31,0.0
20231019:1630,0.0,0.0,0.0,7.76,1.93,0.0
20231019:1730,0.0,0.0,0.0,7.16,2.14,0.0
20231019:1830,0.0,0.0,0.0,6.91,2.28,0.0
20231019:1930,0.0,0.0,0.0,6.39,2.28,0.0
20231019:2030,0.0,0.0,0.0,6.47,2.41,0.0
20231019:2130,0.0,0.0,0.0,6.59,2.69,0.0
20231019:2230,0.0,0.0,0.0,6.54,2.9,0.0
20231019:2330,0.0,0.0,0.0,6.14,3.1,0.0
20231020:0030,0.0,0.0,0.0,6.13,3.17,0.0
20231020:0130,0.0,0.0,0.0,6.12,3.1,0.0
20231020:0230,0.0,0.0,0.0,6.15,3.1,0.0
20231020:0330,0.0,0.0,0.0,6.18,3.1,0.0
20231020:0430,0.0,0.0,-0.26,6.23,2.9,0.0
20231020:0530,2.23,10.3,8.37,6.37,2.83,0.0
20231020:0630,4.47,14.13,16.03,6.65,2.83,0.0
20231020:0730,10.15,22.56,22.24,6.93,2.62,0.0
20231020:0830,16.53,31.12,26.46,7.34,2.34,0.0
20231020:0930,9.97,22.38,28.21,7.93,2.9,0.0
20231020:1030,9.42,21.63,27.27,8.09,2.48,0.0
20231020:1130,5.18,15.34,23.76,8.24,2.34,0.0
20231020:1230,6.89,17.97,18.1,8.33,2.14,0.0
20231020:1330,4.07,13.56,10.82,8.49,2.07,0.0
20231020:1430,0.0,3.66,2.44,8.62,2.14,0.0
20231020:1530,0.0,0.0,0.0,8.48,2.55,0.0
20231020:1630,0.0,0.0,0.0,8.3,2.69,0.0
20231020:1730,0.0,0.0,0.0,8.18,2.69,0.0
20231020:1830,0.0,0.0,0.0,8.13,2.97,0.0
20231020:1930,0.0,0.0,0.0,7.73,2.9,0.0
20231020:2030,0.0,0.0,0.0,7.65,3.03,0.0
20231020:2130,0.0,0.0,0.0,7.53,3.38,0.0
20231020:2230,0.0,0.0,0.0,7.48,3.66,0.0
20231020:2330,0.0,0.0,0.0,7.43,3.52,0.0
20231021:0030,0.0,0.0,0.0,7.39,3.59,0.0
20231021:0130,0.0,0.0,0.0,7.36,3.59,0.0
20231021:0230,0.0,0.0,0.0,7.27,3.93,0.0
20231021:0330,0.0,0.0,0.0,7.07,4.41,0.0
20231021:0430,0.0,0.0,-0.53,6.83,4.62,0.0
20231021:0530,4.98,14.94,8.09,6.68,4.76,0.0
20231021:0630,14.21,28.0,15.73,6.65,4.97,0.0
20231021:0730,25.01,41.56,21.92,6.43,5.24,0.0
20231021:0830,44.56,64.43,26.11,6.47,5.45,0.0
20231021:0930,56.76,78.25,27.85,6.77,5.52,0.0
20231021:1030,49.18,69.81,26.91,7.11,5.52,0.0
20231021:1130,21.74,37.68,23.4,7.35,5.59,0.0
20231021:1230,25.84,42.72,17.76,7.36,5.31,0.0
20231021:1330,15.18,29.37,10.5,7.58,5.24,0.0
20231021:1430,0.0,5.17,2.13,7.58,4.69,0.0
20231021:1530,0.0,0.0,0.0,7.48,4.83,0.0
20231021:1630,0.0,0.0,0.0,7.41,5.1,0.0
20231021:1730,0.0,0.0,0.0,7.48,5.1,0.0
20231021:1830,0.0,0.0,0.0,7.52,5.1,0.0
20231021:1930,0.0,0.0,0.0,7.0,5.24,0.0
20231021:2030,0.0,0.0,0.0,7.05,4.97,0.0
20231021:2130,0.0,0.0,0.0,7.06,4.69,0.0
20231021:2230,0.0,0.0,0.0,7.2,4.69,0.0
20231021:2330,0.0,0.0,0.0,7.36,4.62,0.0
20231022:0030,0.0,0.0,0.0,7.48,4.34,0.0
20231022:0130,0.0,0.0,0.0,7.48,4.0,0.0
20231022:0230,0.0,0.0,0.0,7.6,3.93,0.0
20231022:0330,0.0,0.0,0.0,7.63,3.86,0.0
20231022:0430,0.0,0.0,-0.79,7.65,3.79,0.0
20231022:0530,125.34,155.91,7.81,7.59,3.86,0.0
20231022:0630,97.16,122.34,15.43,8.5,3.72,0.0
20231022:0730,89.99,115.6,21.6,9.78,4.28,0.0
20231022:0830,106.69,134.12,25.77,10.79,4.21,0.0
20231022:0930,172.46,204.98,27.5,11.49,4.0,0.0
20231022:1030,184.23,218.81,26.55,12.41,4.0,0.0
20231022:1130,178.99,214.11,23.06,13.4,4.62,0.0
20231022:1230,163.6,197.51,17.43,14.32,5.24,0.0
20231022:1330,67.35,92.95,10.18,14.7,5.59,0.0
20231022:1430,1.01,8.12,1.82,14.58,4.76,0.0
20231022:1530,0.0,0.0,0.0,14.12,4.41,0.0
20231022:1630,0.0,0.0,0.0,13.82,4.21,0.0
20231022:1730,0.0,0.0,0.0,13.6,4.21,0.0
20231022:1830,0.0,0.0,0.0,13.59,4.21,0.0
20231022:1930,0.0,0.0,0.0,12.8,3.66,0.0
20231022:2030,0.0,0.0,0.0,12.69,3.59,0.0
20231022:2130,0.0,0.0,0.0,12.67,3.45,0.0
20231022:2230,0.0,0.0,0.0,12.71,3.59,0.0
20231022:2330,0.0,0.0,0.0,12.66,3.79,0.0
20231023:0030,0.0,0.0,0.0,12.48,3.86,0.0
20231023:0130,0.0,0.0,0.0,12.18,3.86,0.0
20231023:0230,0.0,0.0,0.0,12.28,4.14,0.0
20231023:0330,0.0,0.0,0.0,12.85,4.62,0.0
20231023:0430,0.0,0.0,-1.05,13.43,5.38,0.0
20231023:0530,7.56,19.31,7.53,13.63,6.34,0.0
20231023:0630,29.08,47.49,15.14,13.2,6.69,0.0
20231023:0730,31.16,50.16,21.28,13.13,6.97,0.0
20231023:0830,28.54,46.95,25.43,13.05,7.45,0.0
20231023:0930,44.95,66.44,27.14,12.74,7.72,0.0
20231023:1030,63.41,86.58,26.2,12.51,8.28,0.0
20231023:1130,94.64,120.17,22.71,12.16,8.21,0.0
20231023:1230,38.64,58.59,17.1,12.08,8.48,0.0
20231023:1330,10.37,23.26,9.87,12.0,7.86,0.0
20231023:1430,0.0,3.21,1.52,11.97,7.66,0.0
20231023:1530,0.0,0.0,0.0,11.9,7.31,0.0
20231023:1630,0.0,0.0,0.0,11.86,6.83,0.0
20231023:1730,0.0,0.0,0.0,11.78,6.14,0.0
20231023:1830,0.0,0.0,0.0,11.72,5.66,0.0
20231023:1930,0.0,0.0,0.0,11.64,5.1,0.0
20231023:2030,0.0,0.0,0.0,11.56,4.48,0.0
20231023:2130,0.0,0.0,0.0,11.43,4.0,0.0
20231023:2230,0.0,0.0,0.0,11.31,3.79,0.0
20231023:2330,0.0,0.0,0.0,11.21,3.79,0.0
20231024:0030,0.0,0.0,0.0,11.12,3.79,0.0
20231024:0130,0.0,0.0,0.0,10.83,3.93,0.0
20231024:0230,0.0,0.0,0.0,10.62,4.28,0.0
20231024:0330,0.0,0.0,0.0,10.31,4.28,0.0
20231024:0430,0.0,0.0,-1.32,9.83,4.0,0.0
20231024:0530,72.84,98.61,7.25,9.17,3.72,0.0
20231024:0630,183.42,214.28,14.84,9.13,3.52,0.0
20231024:0730,119.98,146.68,20.96,9.44,5.17,0.0
20231024:0830,107.09,133.95,25.09,9.95,5.38,0.0
20231024:0930,129.51,157.97,26.79,10.39,4.62,0.0
20231024:1030,154.73,185.59,25.85,10.98,3.93,0.0
20231024:1130,206.69,240.39,22.37,11.51,3.52,0.0
20231024:1230,88.97,114.96,16.77,11.75,2.97,0.0
20231024:1330,26.49,44.29,9.56,11.76,2.48,0.0
20231024:1430,0.0,5.35,1.22,11.53,1.59,0.0
20231024:1530,0.0,0.0,0.0,11.1,1.17,0.0
20231024:1630,0.0,0.0,0.0,10.68,0.41,0.0
20231024:1730,0.0,0.0,0.0,10.55,0.14,0.0
20231024:1830,0.0,0.0,0.0,9.71,0.76,0.0
20231024:1930,0.0,0.0,0.0,8.31,1.86,0.0
20231024:2030,0.0,0.0,0.0,7.85,1.93,0.0
20231024:2130,0.0,0.0,0.0,7.56,1.93,0.0
20231024:2230,0.0,0.0,0.0,7.4,1.86,0.0
20231024:2330,0.0,0.0,0.0,7.47,1.93,0.0
20231025:0030,0.0,0.0,0.0,7.39,2.34,0.0
20231025:0130,0.0,0.0,0.0,7.55,2.83,0.0
20231025:0230,0.0,0.0,0.0,7.48,2.83,0.0
20231025:0330,0.0,0.0,0.0,7.46,3.1,0.0
20231025:0430,0.0,0.0,-1.58,7.5,3.59,0.0
20231025:0530,9.44,21.63,6.98,7.78,4.07,0.0
20231025:0630,13.39,27.07,14.54,8.12,4.14,0.0
20231025:0730,13.91,27.73,20.64,7.87,5.1,0.0
20231025:0830,23.09,39.42,24.76,7.85,5.52,0.0
20231025:0930,20.38,36.03,26.45,7.71,5.79,0.0
20231025:1030,12.69,26.08,25.5,7.71,6.14,0.0
20231025:1130,11.12,23.94,22.04,7.65,6.14,0.0
20231025:1230,2.65,11.1,16.45,7.58,6.34,0.0
20231025:1330,0.0,5.26,9.25,7.43,6.55,0.0
20231025:1430,0.0,0.94,0.93,7.26,6.48,0.0
20231025:1530,0.0,0.0,0.0,7.13,6.41,0.0
20231025:1630,0.0,0.0,0.0,7.09,6.28,0.0
20231025:1730,0.0,0.0,0.0,7.07,6.07,0.0
20231025:1830,0.0,0.0,0.0,7.06,5.86,0.0
20231025:1930,0.0,0.0,0.0,7.42,6.21,0.0
20231025:2030,0.0,0.0,0.0,7.29,6.14,0.0
20231025:2130,0.0,0.0,0.0,7.21,5.93,0.0
20231025:2230,0.0,0.0,0.0,7.15,5.72,0.0
20231025:2330,0.0,0.0,0.0,7.08,5.38,0.0
20231026:0030,0.0,0.0,0.0,7.06,5.1,0.0
20231026:0130,0.0,0.0,0.0,7.06,4.97,0.0
20231026:0230,0.0,0.0,0.0,7.03,4.69,0.0
20231026:0330,0.0,0.0,0.0,7.03,4.28,0.0
20231026:0430,0.0,0.0,-1.84,7.02,3.79,0.0
20231026:0530,0.15,5.97,6.7,7.07,3.24,0.0
20231026:0630,4.51,14.22,14.25,7.2,2.83,0.0
20231026:0730,12.42,25.73,20.33,7.49,1.03,0.0
20231026:0830,22.67,39.02,24.42,8.05,0.48,0.0
20231026:0930,40.23,60.05,26.1,8.87,0.97,0.0
20231026:1030,60.52,82.92,25.16,9.76,1.72,0.0
20231026:1130,34.47,53.52,21.7,10.53,2.21,0.0
20231026:1230,43.45,64.02,16.13,10.96,2.07,0.0
20231026:1330,12.71,26.49,8.95,11.33,1.66,0.0
20231026:1430,0.0,3.61,0.64,11.18,1.31,0.0
20231026:1530,0.0,0.0,0.0,10.8,1.59,0.0
20231026:1630,0.0,0.0,0.0,10.54,1.86,0.0
20231026:1730,0.0,0.0,0.0,10.48,2.0,0.0
20231026:1830,0.0,0.0,0.0,10.43,2.21,0.0
20231026:1930,0.0,0.0,0.0,9.63,2.76,0.0
20231026:2030,0.0,0.0,0.0,9.67,2.9,0.0
20231026:2130,0.0,0.0,0.0,9.69,3.31,0.0
20231026:2230,0.0,0.0,0.0,9.73,3.52,0.0
20231026:2330,0.0,0.0,0.0,9.74,3.31,0.0
20231027:0030,0.0,0.0,0.0,10.0,3.17,0.0
20231027:0130,0.0,0.0,0.0,10.23,2.97,0.0
20231027:0230,0.0,0.0,0.0,10.57,2.97,0.0
20231027:0330,0.0,0.0,0.0,10.97,3.24,0.0
20231027:0430,0.0,0.0,-2.1,11.29,3.38,0.0
20231027:0530,7.38,18.91,6.43,11.44,3.17,0.0
20231027:0630,38.32,58.48,13.96,11.65,3.03,0.0
20231027:0730,171.09,203.4,20.01,11.78,4.0,0.0
20231027:0830,361.0,408.97,24.09,12.37,4.0,0.0
20231027:0930,370.19,419.59,25.76,12.92,4.34,0.0
20231027:1030,268.91,309.64,24.82,13.4,4.69,0.0
20231027:1130,272.85,314.76,21.37,14.06,4.69,0.0
20231027:1230,226.29,265.12,15.82,14.46,4.07,0.0
20231027:1330,72.67,99.25,8.65,14.27,2.28,0.0
20231027:1430,0.0,4.26,0.36,13.71,1.72,0.0
20231027:1530,0.0,0.0,0.0,12.83,2.21,0.0
20231027:1630,0.0,0.0,0.0,12.48,2.48,0.0
20231027:1730,0.0,0.0,0.0,12.45,2.9,0.0
20231027:1830,0.0,0.0,0.0,12.5,3.45,0.0
20231027:1930,0.0,0.0,0.0,11.77,3.45,0.0
20231027:2030,0.0,0.0,0.0,11.54,3.52,0.0
20231027:2130,0.0,0.0,0.0,11.48,3.86,0.0
20231027:2230,0.0,0.0,0.0,11.6,4.28,0.0
20231027:2330,0.0,0.0,0.0,11.7,4.62,0.0
20231028:0030,0.0,0.0,0.0,11.87,4.41,0.0
20231028:0130,0.0,0.0,0.0,12.03,4.34,0.0
20231028:0230,0.0,0.0,0.0,12.27,4.48,0.0
20231028:0330,0.0,0.0,0.0,12.63,4.62,0.0
20231028:0430,0.0,0.0,-2.36,13.11,5.31,0.0
20231028:0530,0.92,7.89,6.15,13.25,5.93,0.0
20231028:0630,4.25,14.05,13.66,12.58,6.21,0.0
20231028:0730,7.33,18.86,19.7,12.07,4.83,0.0
20231028:0830,20.7,36.96,23.76,11.53,4.55,0.0
20231028:0930,13.87,28.01,25.43,11.24,7.45,0.0
20231028:1030,11.08,24.03,24.48,9.4,9.93,0.0
20231028:1130,6.75,17.75,21.05,8.29,10.48,0.0
20231028:1230,4.77,14.67,15.51,7.93,9.93,0.0
20231028:1330,5.37,15.61,8.36,7.9,9.03,0.0
20231028:1430,0.0,1.11,0.08,7.93,7.93,0.0
20231028:1530,0.0,0.0,0.0,7.76,7.03,0.0
20231028:1630,0.0,0.0,0.0,7.62,6.41,0.0
20231028:1730,0.0,0.0,0.0,7.52,6.0,0.0
20231028:1830,0.0,0.0,0.0,7.47,5.72,0.0
20231028:1930,0.0,0.0,0.0,7.66,5.24,0.0
20231028:2030,0.0,0.0,0.0,7.62,5.24,0.0
20231028:2130,0.0,0.0,0.0,7.54,4.83,0.0
20231028:2230,0.0,0.0,0.0,7.45,4.83,0.0
20231028:2330,0.0,0.0,0.0,7.28,4.9,0.0
20231029:0030,0.0,0.0,0.0,7.07,4.97,0.0
20231029:0130,0.0,0.0,0.0,6.85,4.76,0.0
20231029:0230,0.0,0.0,0.0,6.57,4.28,0.0
20231029:0330,0.0,0.0,0.0,6.21,3.72,0.0
20231029:0430,0.0,0.0,-2.62,5.71,3.31,0.0
20231029:0530,93.32,119.93,5.88,5.13,2.97,0.0
20231029:0630,177.67,205.39,13.37,5.51,2.9,0.0
20231029:0730,221.48,250.17,19.39,6.33,4.14,0.0
20231029:0830,174.53,203.08,23.44,6.9,4.0,0.0
20231029:0930,258.38,291.97,25.09,7.69,4.0,0.0
20231029:1030,169.55,198.61,24.15,8.43,4.41,0.0
20231029:1130,127.54,154.67,20.73,8.63,3.86,0.0
20231029:1230,72.66,95.9,15.21,8.8,3.38,0.0
20231029:1330,19.58,35.27,8.07,8.92,3.1,0.0
20231029:1430,0.0,0.0,-0.19,8.92,2.28,0.0
20231029:1530,0.0,0.0,0.0,8.48,1.03,0.0
20231029:1630,0.0,0.0,0.0,8.21,0.21,0.0
20231029:1730,0.0,0.0,0.0,7.86,1.03,0.0
20231029:1830,0.0,0.0,0.0,7.64,1.72,0.0
20231029:1930,0.0,0.0,0.0,7.17,2.0,0.0
20231029:2030,0.0,0.0,0.0,6.72,2.41,0.0
20231029:2130,0.0,0.0,0.0,6.54,3.31,0.0
20231029:2230,0.0,0.0,0.0,6.93,3.72,0.0
20231029:2330,0.0,0.0,0.0,7.33,3.79,0.0
20231030:0030,0.0,0.0,0.0,7.89,3.86,0.0
20231030:0130,0.0,0.0,0.0,8.2,4.0,0.0
20231030:0230,0.0,0.0,0.0,8.31,4.07,0.0
20231030:0330,0.0,0.0,0.0,8.35,4.07,0.0
20231030:0430,0.0,0.0,-2.88,8.44,4.14,0.0
20231030:0530,123.44,155.06,5.61,8.51,4.21,0.0
20231030:0630,327.1,368.73,13.08,9.55,4.14,0.0
20231030:0730,494.89,556.61,19.08,11.22,4.07,0.0
20231030:0830,581.4,659.38,23.12,13.06,4.69,0.0
20231030:0930,518.64,589.44,24.76,14.65,5.03,0.0
20231030:1030,499.04,570.08,23.82,15.59,5.03,0.0
20231030:1130,328.19,378.29,20.41,16.31,5.17,0.0
20231030:1230,174.78,211.58,14.91,16.37,4.69,0.0
20231030:1330,94.69,124.95,7.79,16.24,4.83,0.0
20231030:1430,0.0,0.0,-0.46,15.59,4.21,0.0
20231030:1530,0.0,0.0,0.0,14.13,3.79,0.0
20231030:1630,0.0,0.0,0.0,13.21,3.79,0.0
20231030:1730,0.0,0.0,0.0,12.9,3.66,0.0
20231030:1830,0.0,0.0,0.0,12.79,3.66,0.0
20231030:1930,0.0,0.0,0.0,12.53,3.72,0.0
20231030:2030,0.0,0.0,0.0,11.95,3.66,0.0
20231030:2130,0.0,0.0,0.0,11.59,3.52,0.0
20231030:2230,0.0,0.0,0.0,11.2,3.17,0.0
20231030:2330,0.0,0.0,0.0,10.85,2.97,0.0
20231031:0030,0.0,0.0,0.0,10.59,2.83,0.0
20231031:0130,0.0,0.0,0.0,10.23,2.62,0.0
20231031:0230,0.0,0.0,0.0,9.86,2.41,0.0
20231031:0330,0.0,0.0,0.0,9.19,2.41,0.0
20231031:0430,0.0,0.0,-3.14,8.86,2.41,0.0
20231031:0530,28.9,47.16,5.34,9.08,2.41,0.0
20231031:0630,106.06,133.15,12.8,10.06,2.55,0.0
20231031:0730,228.58,265.12,18.78,11.24,2.69,0.0
20231031:0830,430.08,490.04,22.8,12.92,3.24,0.0
20231031:0930,521.77,599.04,24.43,14.49,3.66,0.0
20231031:1030,521.7,602.56,23.5,15.8,3.72,0.0
20231031:1130,451.32,521.53,20.1,16.71,3.86,0.0
20231031:1230,304.34,355.59,14.61,17.04,3.86,0.0
20231031:1330,144.63,181.79,7.51,16.68,4.0,0.0
20231031:1430,0.0,0.0,-0.73,15.77,4.28,0.0
20231031:1530,0.0,0.0,0.0,14.77,4.62,0.0
20231031:1630,0.0,0.0,0.0,14.49,4.9,0.0
20231031:1730,0.0,0.0,0.0,14.51,5.31,0.0
20231031:1830,0.0,0.0,0.0,14.44,5.45,0.0
20231031:1930,0.0,0.0,0.0,14.2,5.45,0.0
20231031:2030,0.0,0.0,0.0,13.87,5.45,0.0
20231031:2130,0.0,0.0,0.0,13.56,5.45,0.0
20231031:2230,0.0,0.0,0.0,13.27,5.38,0.0
20231031:2330,0.0,0.0,0.0,12.91,5.31,0.0
20231101:0030,0.0,0.0,0.0,12.59,5.17,0.0
20231101:0130,0.0,0.0,0.0,12.34,5.03,0.0
20231101:0230,0.0,0.0,0.0,12.31,4.97,0.0
20231101:0330,0.0,0.0,0.0,12.35,4.97,0.0
20231101:0430,0.0,0.0,-3.39,12.43,4.83,0.0
20231101:0530,24.91,43.14,5.07,12.58,4.48,0.0
20231101:0630,72.93,97.69,12.51,13.09,4.14,0.0
20231101:0730,175.3,208.47,18.47,13.61,4.0,0.0
20231101:0830,231.46,270.98,22.48,14.54,4.07,0.0
20231101:0930,180.85,217.26,24.11,15.21,4.07,0.0
20231101:1030,95.11,123.4,23.18,15.24,3.93,0.0
20231101:1130,48.56,70.81,19.79,14.4,3.52,0.0
20231101:1230,27.95,46.24,14.32,13.37,3.17,0.0
20231101:1330,4.7,14.8,7.24,12.79,3.17,0.0
20231101:1430,0.0,0.0,-0.99,12.21,3.38,0.0
20231101:1530,0.0,0.0,0.0,11.68,3.66,0.0
20231101:1630,0.0,0.0,0.0,11.22,3.86,0.0
20231101:1730,0.0,0.0,0.0,10.74,4.21,0.0
20231101:1830,0.0,0.0,0.0,10.22,4.34,0.0
20231101:1930,0.0,0.0,0.0,9.8,4.14,0.0
20231101:2030,0.0,0.0,0.0,9.56,4.07,0.0
20231101:2130,0.0,0.0,0.0,9.32,4.0,0.0
20231101:2230,0.0,0.0,0.0,9.06,3.93,0.0
20231101:2330,0.0,0.0,0.0,8.99,3.79,0.0
20231102:0030,0.0,0.0,0.0,8.96,3.52,0.0
20231102:0130,0.0,0.0,0.0,8.88,3.52,0.0
20231102:0230,0.0,0.0,0.0,8.79,3.59,0.0
20231102:0330,0.0,0.0,0.0,8.72,3.59,0.0
20231102:0430,0.0,0.0,-3.65,8.61,3.24,0.0
20231102:0530,11.37,24.6,4.8,8.48,2.83,0.0
20231102:0630,54.58,76.01,12.23,8.61,2.48,0.0
20231102:0730,146.35,174.68,18.17,8.96,2.97,0.0
20231102:0830,311.28,349.29,22.16,9.39,3.59,0.0
20231102:0930,411.35,458.67,23.79,10.01,4.0,0.0
20231102:1030,455.63,509.67,22.86,10.52,4.07,0.0
20231102:1130,449.13,503.95,19.49,10.92,4.14,0.0
20231102:1230,197.78,230.83,14.03,11.19,4.34,0.0
20231102:1330,85.22,112.2,6.97,11.16,3.1,0.0
20231102:1430,0.0,0.0,-1.24,10.74,1.66,0.0
20231102:1530,0.0,0.0,0.0,9.84,1.72,0.0
20231102:1630,0.0,0.0,0.0,8.54,2.07,0.0
20231102:1730,0.0,0.0,0.0,7.87,2.21,0.0
20231102:1830,0.0,0.0,0.0,7.02,2.34,0.0
20231102:1930,0.0,0.0,0.0,6.48,2.62,0.0
20231102:2030,0.0,0.0,0.0,6.19,2.62,0.0
20231102:2130,0.0,0.0,0.0,5.97,2.69,0.0
20231102:2230,0.0,0.0,0.0,5.76,2.69,0.0
20231102:2330,0.0,0.0,0.0,5.42,2.62,0.0
20231103:0030,0.0,0.0,0.0,4.88,2.62,0.0
20231103:0130,0.0,0.0,0.0,4.42,2.69,0.0
20231103:0230,0.0,0.0,0.0,4.17,2.97,0.0
20231103:0330,0.0,0.0,0.0,4.11,3.1,0.0
20231103:0430,0.0,0.0,-3.91,4.03,3.24,0.0
20231103:0530,131.32,161.58,4.53,4.1,3.31,0.0
20231103:0630,360.65,398.34,11.94,4.8,3.31,0.0
20231103:0730,538.6,594.47,17.88,6.11,3.45,0.0
20231103:0830,665.69,743.67,21.85,7.97,4.21,0.0
20231103:0930,706.12,793.9,23.48,9.45,4.83,0.0
20231103:1030,651.45,730.23,22.55,10.39,5.31,0.0
20231103:1130,481.2,536.28,19.19,10.98,5.66,0.0
20231103:1230,321.68,363.09,13.75,11.27,5.66,0.0
20231103:1330,136.33,168.22,6.7,10.97,4.97,0.0
20231103:1430,0.0,0.0,-1.49,9.92,5.17,0.0
20231103:1530,0.0,0.0,0.0,8.91,5.45,0.0
20231103:1630,0.0,0.0,0.0,8.38,5.52,0.0
20231103:1730,0.0,0.0,0.0,7.9,5.45,0.0
20231103:1830,0.0,0.0,0.0,7.37,5.45,0.0
20231103:1930,0.0,0.0,0.0,6.95,5.31,0.0
20231103:2030,0.0,0.0,0.0,6.88,5.17,0.0
20231103:2130,0.0,0.0,0.0,6.93,5.03,0.0
20231103:2230,0.0,0.0,0.0,7.4,5.1,0.0
20231103:2330,0.0,0.0,0.0,8.43,5.1,0.0
20231104:0030,0.0,0.0,0.0,9.22,5.31,0.0
20231104:0130,0.0,0.0,0.0,9.59,5.52,0.0
20231104:0230,0.0,0.0,0.0,9.83,5.24,0.0
20231104:0330,0.0,0.0,0.0,9.99,5.1,0.0
20231104:0430,0.0,0.0,0.0,10.12,5.1,0.0
20231104:0530,1.63,9.3,4.27,10.42,5.1,0.0
20231104:0630,9.66,22.16,11.66,10.81,5.1,0.0
20231104:0730,8.17,20.02,17.58,10.93,5.17,0.0
20231104:0830,9.57,22.07,21.55,11.19,4.83,0.0
20231104:0930,9.24,21.63,23.16,11.52,4.9,0.0
20231104:1030,6.76,17.97,22.25,11.66,4.62,0.0
20231104:1130,14.02,28.25,18.9,11.8,4.0,0.0
20231104:1230,9.03,21.33,13.48,12.14,4.07,0.0
20231104:1330,0.0,4.86,6.44,12.32,3.66,0.0
20231104:1430,0.0,0.0,-1.74,12.53,3.86,0.0
20231104:1530,0.0,0.0,0.0,12.92,4.62,0.0
20231104:1630,0.0,0.0,0.0,13.64,5.66,0.0
20231104:1730,0.0,0.0,0.0,14.14,6.07,0.0
20231104:1830,0.0,0.0,0.0,14.51,6.34,0.0
20231104:1930,0.0,0.0,0.0,14.35,6.07,0.0
20231104:2030,0.0,0.0,0.0,14.65,7.03,0.0
20231104:2130,0.0,0.0,0.0,15.06,8.34,0.0
20231104:2230,0.0,0.0,0.0,15.16,8.41,0.0
20231104:2330,0.0,0.0,0.0,15.17,8.48,0.0
20231105:0030,0.0,0.0,0.0,15.14,8.14,0.0
20231105:0130,0.0,0.0,0.0,15.08,7.93,0.0
20231105:0230,0.0,0.0,0.0,14.82,7.38,0.0
20231105:0330,0.0,0.0,0.0,14.22,5.31,0.0
20231105:0430,0.0,0.0,0.0,12.88,4.0,0.0
20231105:0530,2.28,10.56,4.0,10.86,4.76,0.0
20231105:0630,15.71,30.28,11.38,9.43,4.55,0.0
20231105:0730,164.84,193.69,17.29,9.3,3.45,0.0
20231105:0830,308.98,347.97,21.24,9.89,3.24,0.0
20231105:0930,650.65,748.45,22.86,10.69,2.48,0.0
20231105:1030,613.55,706.63,21.94,11.8,2.48,0.0
20231105:1130,520.27,598.1,18.61,12.29,2.0,0.0
20231105:1230,336.49,386.12,13.21,12.52,2.34,0.0
20231105:1330,128.16,160.88,6.19,12.25,2.34,0.0
20231105:1430,0.0,0.0,-1.98,11.03,2.48,0.0
20231105:1530,0.0,0.0,0.0,9.58,3.03,0.0
20231105:1630,0.0,0.0,0.0,8.96,3.38,0.0
20231105:1730,0.0,0.0,0.0,8.76,3.66,0.0
20231105:1830,0.0,0.0,0.0,8.63,3.86,0.0
20231105:1930,0.0,0.0,0.0,8.64,3.93,0.0
20231105:2030,0.0,0.0,0.0,8.97,4.0,0.0
20231105:2130,0.0,0.0,0.0,9.69,4.55,0.0
20231105:2230,0.0,0.0,0.0,10.63,5.1,0.0
20231105:2330,0.0,0.0,0.0,10.64,4.97,0.0
20231106:0030,0.0,0.0,0.0,10.61,4.9,0.0
20231106:0130,0.0,0.0,0.0,10.72,4.9,0.0
20231106:0230,0.0,0.0,0.0,10.79,4.9,0.0
20231106:0330,0.0,0.0,0.0,10.83,4.41,0.0
20231106:0430,0.0,0.0,0.0,10.64,4.41,0.0
20231106:0530,71.68,98.59,3.74,10.22,4.69,0.0
20231106:0630,121.44,148.88,11.11,9.78,4.48,0.0
20231106:0730,273.04,309.79,17.0,10.5,4.69,0.0
20231106:0830,436.72,485.63,20.94,11.29,6.28,0.0
20231106:0930,379.58,423.9,22.55,12.21,7.17,0.0
20231106:1030,207.71,240.68,21.65,12.56,7.1,0.0
20231106:1130,196.06,229.19,18.33,12.6,6.21,0.0
20231106:1230,87.86,113.79,12.94,12.94,6.41,0.0
20231106:1330,26.35,44.42,5.94,12.77,5.52,0.0
20231106:1430,0.0,0.0,-2.21,12.17,5.17,0.0
20231106:1530,0.0,0.0,0.0,11.26,5.31,0.0
20231106:1630,0.0,0.0,0.0,10.86,5.66,0.0
20231106:1730,0.0,0.0,0.0,10.41,5.79,0.0
20231106:1830,0.0,0.0,0.0,10.3,5.86,0.0
20231106:1930,0.0,0.0,0.0,9.97,5.45,0.0
20231106:2030,0.0,0.0,0.0,9.75,5.31,0.0
20231106:2130,0.0,0.0,0.0,9.79,5.24,0.0
20231106:2230,0.0,0.0,0.0,9.88,5.17,0.0
20231106:2330,0.0,0.0,0.0,9.73,5.1,0.0
20231107:0030,0.0,0.0,0.0,9.51,5.17,0.0
20231107:0130,0.0,0.0,0.0,9.03,5.17,0.0
20231107:0230,0.0,0.0,0.0,8.81,5.17,0.0
20231107:0330,0.0,0.0,0.0,8.43,4.97,0.0
20231107:0430,0.0,0.0,0.0,8.31,4.76,0.0
20231107:0530,73.29,99.64,3.48,8.1,4.41,0.0
20231107:0630,175.56,205.37,10.83,8.59,4.34,0.0
20231107:0730,351.11,392.14,16.71,9.26,4.0,0.0
20231107:0830,467.57,519.88,20.65,10.21,5.24,0.0
20231107:0930,363.29,405.47,22.25,11.25,6.62,0.0
20231107:1030,446.28,497.21,21.35,11.66,6.0,0.0
20231107:1130,452.93,508.01,18.05,12.06,5.24,0.0
20231107:1230,358.39,406.43,12.68,12.51,4.83,0.0
20231107:1330,137.21,170.68,5.7,12.28,3.93,0.0
20231107:1430,0.0,0.0,-2.44,11.15,3.45,0.0
20231107:1530,0.0,0.0,0.0,9.72,3.17,0.0
20231107:1630,0.0,0.0,0.0,9.13,3.17,0.0
20231107:1730,0.0,0.0,0.0,9.27,3.52,0.0
20231107:1830,0.0,0.0,0.0,8.9,3.66,0.0
20231107:1930,0.0,0.0,0.0,8.68,3.66,0.0
20231107:2030,0.0,0.0,0.0,8.69,3.38,0.0
20231107:2130,0.0,0.0,0.0,8.24,2.97,0.0
20231107:2230,0.0,0.0,0.0,7.75,2.62,0.0
20231107:2330,0.0,0.0,0.0,7.04,2.41,0.0
20231108:0030,0.0,0.0,0.0,6.39,2.28,0.0
20231108:0130,0.0,0.0,0.0,5.83,2.14,0.0
20231108:0230,0.0,0.0,0.0,5.18,1.93,0.0
20231108:0330,0.0,0.0,0.0,4.39,1.59,0.0
20231108:0430,0.0,0.0,0.0,3.81,1.72,0.0
20231108:0530,12.74,25.98,3.22,3.61,1.52,0.0
20231108:0630,71.63,93.84,10.56,4.61,0.97,0.0
20231108:0730,94.59,119.43,16.43,5.94,0.69,0.0
20231108:0830,85.65,110.18,20.35,7.24,1.1,0.0
20231108:0930,52.95,74.6,21.96,8.17,1.52,0.0
20231108:1030,36.67,55.88,21.07,8.38,1.72,0.0
20231108:1130,26.04,43.19,17.78,8.49,1.79,0.0
20231108:1230,13.98,27.91,12.43,8.5,2.0,0.0
20231108:1330,2.03,9.99,5.46,8.3,2.14,0.0
20231108:1430,0.0,0.0,-2.66,8.03,2.34,0.0
20231108:1530,0.0,0.0,0.0,7.69,2.14,0.0
20231108:1630,0.0,0.0,0.0,7.44,2.21,0.0
20231108:1730,0.0,0.0,0.0,7.36,2.34,0.0
20231108:1830,0.0,0.0,0.0,7.28,2.55,0.0
20231108:1930,0.0,0.0,0.0,6.68,2.83,0.0
20231108:2030,0.0,0.0,0.0,6.2,2.76,0.0
20231108:2130,0.0,0.0,0.0,6.27,2.76,0.0
20231108:2230,0.0,0.0,0.0,5.98,2.69,0.0
20231108:2330,0.0,0.0,0.0,5.67,2.97,0.0
20231109:0030,0.0,0.0,0.0,5.43,2.97,0.0
20231109:0130,0.0,0.0,0.0,5.3,3.45,0.0
20231109:0230,0.0,0.0,0.0,5.44,3.72,0.0
20231109:0330,0.0,0.0,0.0,5.85,4.0,0.0
20231109:0430,0.0,0.0,0.0,5.92,3.86,0.0
20231109:0530,1.06,8.03,2.97,6.02,3.72,0.0
20231109:0630,22.54,38.27,10.29,6.13,4.48,0.0
20231109:0730,42.35,61.53,16.15,6.04,4.55,0.0
20231109:0830,127.56,152.8,20.06,6.12,5.45,0.0
20231109:0930,122.73,148.15,21.67,6.88,5.38,0.0
20231109:1030,97.96,122.54,20.78,7.53,5.45,0.0
20231109:1130,61.8,83.72,17.51,7.89,5.72,0.0
20231109:1230,45.54,65.55,12.18,8.05,5.45,0.0
20231109:1330,4.27,13.87,5.23,8.05,4.62,0.0
20231109:1430,0.0,0.0,-2.88,7.75,3.93,0.0
20231109:1530,0.0,0.0,0.0,7.56,3.24,0.0
20231109:1630,0.0,0.0,0.0,7.33,3.03,0.0
20231109:1730,0.0,0.0,0.0,7.33,2.9,0.0
20231109:1830,0.0,0.0,0.0,7.28,2.55,0.0
20231109:1930,0.0,0.0,0.0,6.87,2.28,0.0
20231109:2030,0.0,0.0,0.0,6.55,2.34,0.0
20231109:2130,0.0,0.0,0.0,6.39,2.41,0.0
20231109:2230,0.0,0.0,0.0,6.17,2.28,0.0
20231109:2330,0.0,0.0,0.0,5.65,2.14,0.0
20231110:0030,0.0,0.0,0.0,5.33,1.93,0.0
20231110:0130,0.0,0.0,0.0,4.72,2.0,0.0
20231110:0230,0.0,0.0,0.0,4.16,2.34,0.0
20231110:0330,0.0,0.0,0.0,3.74,2.62,0.0
20231110:0430,0.0,0.0,0.0,3.44,2.83,0.0
20231110:0530,75.68,100.79,2.71,3.29,3.1,0.0
20231110:0630,150.23,175.31,10.03,3.74,3.17,0.0
20231110:0730,235.42,263.34,15.87,4.99,4.0,0.0
20231110:0830,407.17,446.7,19.78,6.29,4.21,0.0
20231110:0930,536.45,592.35,21.38,7.64,4.62,0.0
20231110:1030,477.31,528.11,20.51,8.69,5.1,0.0
20231110:1130,332.1,370.71,17.25,9.27,5.38,0.0
20231110:1230,231.02,264.31,11.93,9.48,5.17,0.0
20231110:1330,70.37,94.8,5.01,9.25,5.17,0.0
20231110:1430,0.0,0.0,-3.09,8.56,5.1,0.0
20231110:1530,0.0,0.0,0.0,7.9,5.03,0.0
20231110:1630,0.0,0.0,0.0,7.6,4.9,0.0
20231110:1730,0.0,0.0,0.0,7.25,4.62,0.0
20231110:1830,0.0,0.0,0.0,7.09,4.48,0.0
20231110:1930,0.0,0.0,0.0,6.49,4.97,0.0
20231110:2030,0.0,0.0,0.0,6.55,5.17,0.0
20231110:2130,0.0,0.0,0.0,6.61,5.31,0.0
20231110:2230,0.0,0.0,0.0,6.63,5.31,0.0
20231110:2330,0.0,0.0,0.0,6.62,5.38,0.0
20231111:0030,0.0,0.0,0.0,6.97,5.59,0.0
20231111:0130,0.0,0.0,0.0,6.95,5.72,0.0
20231111:0230,0.0,0.0,0.0,6.77,5.72,0.0
20231111:0330,0.0,0.0,0.0,6.81,5.52,0.0
20231111:0430,0.0,0.0,0.0,6.87,5.24,0.0
20231111:0530,0.65,7.2,2.46,7.07,5.17,0.0
20231111:0630,9.29,21.37,9.77,7.37,5.31,0.0
20231111:0730,35.81,54.45,15.59,7.15,5.72,0.0
20231111:0830,57.55,79.2,19.5,7.22,5.52,0.0
20231111:0930,59.73,81.76,21.1,7.69,7.59,0.0
20231111:1030,61.4,83.72,20.23,8.11,7.24,0.0
20231111:1130,51.06,72.13,16.99,7.93,5.79,0.0
20231111:1230,15.53,29.83,11.69,7.63,5.59,0.0
20231111:1330,0.52,6.87,4.79,6.89,5.31,0.0
20231111:1430,0.0,0.0,0.0,6.25,5.31,0.0
20231111:1530,0.0,0.0,0.0,6.03,5.45,0.0
20231111:1630,0.0,0.0,0.0,5.98,5.24,0.0
20231111:1730,0.0,0.0,0.0,6.16,4.69,0.0
20231111:1830,0.0,0.0,0.0,6.49,4.28,0.0
20231111:1930,0.0,0.0,0.0,6.69,3.86,0.0
20231111:2030,0.0,0.0,0.0,7.12,3.93,0.0
20231111:2130,0.0,0.0,0.0,7.37,3.72,0.0
20231111:2230,0.0,0.0,0.0,7.41,3.24,0.0
20231111:2330,0.0,0.0,0.0,7.44,2.48,0.0
20231112:0030,0.0,0.0,0.0,7.5,2.21,0.0
20231112:0130,0.0,0.0,0.0,7.55,2.34,0.0
20231112:0230,0.0,0.0,0.0,7.58,2.48,0.0
20231112:0330,0.0,0.0,0.0,7.6,2.62,0.0
20231112:0430,0.0,0.0,0.0,7.58,2.34,0.0
20231112:0530,0.0,1.38,2.21,7.53,2.14,0.0
20231112:0630,2.51,10.84,9.51,7.46,1.93,0.0
20231112:0730,4.55,14.27,15.32,7.06,3.72,0.0
20231112:0830,7.09,18.15,19.22,6.5,4.48,0.0
20231112:0930,6.6,17.39,20.83,6.15,5.31,0.0
20231112:1030,8.93,20.78,19.97,6.07,5.03,0.0
20231112:1130,5.43,15.61,16.74,5.96,5.17,0.0
20231112:1230,3.21,11.99,11.46,5.64,5.52,0.0
20231112:1330,0.0,4.82,4.57,5.21,6.0,0.0
20231112:1430,0.0,0.0,0.0,4.78,6.34,0.0
20231112:1530,0.0,0.0,0.0,4.61,6.41,0.0
20231112:1630,0.0,0.0,0.0,4.7,6.48,0.0
20231112:1730,0.0,0.0,0.0,4.99,6.48,0.0
20231112:1830,0.0,0.0,0.0,5.31,6.62,0.0
20231112:1930,0.0,0.0,0.0,5.22,6.48,0.0
20231112:2030,0.0,0.0,0.0,5.63,6.83,0.0
20231112:2130,0.0,0.0,0.0,5.85,7.17,0.0
20231112:2230,0.0,0.0,0.0,5.85,7.31,0.0
20231112:2330,0.0,0.0,0.0,5.79,6.83,0.0
20231113:0030,0.0,0.0,0.0,5.84,6.55,0.0
20231113:0130,0.0,0.0,0.0,5.91,6.62,0.0
20231113:0230,0.0,0.0,0.0,5.87,6.62,0.0
20231113:0330,0.0,0.0,0.0,5.81,6.07,0.0
20231113:0430,0.0,0.0,0.0,5.82,5.79,0.0
20231113:0530,0.83,7.54,1.97,5.82,5.66,0.0
20231113:0630,13.52,26.98,9.25,5.86,5.59,0.0
20231113:0730,32.49,50.38,15.06,6.12,5.45,0.0
20231113:0830,97.71,121.01,18.95,6.32,5.72,0.0
20231113:0930,275.7,305.65,20.56,6.61,6.14,0.0
20231113:1030,261.45,290.63,19.71,7.07,6.41,0.0
20231113:1130,201.6,229.73,16.49,7.32,6.21,0.0
20231113:1230,139.49,165.41,11.23,7.41,5.79,0.0
20231113:1330,60.91,83.66,4.36,7.1,5.03,0.0
20231113:1430,0.0,0.0,-3.69,6.34,4.41,0.0
20231113:1530,0.0,0.0,0.0,5.32,4.07,0.0
20231113:1630,0.0,0.0,0.0,5.02,4.21,0.0
20231113:1730,0.0,0.0,0.0,4.71,4.21,0.0
20231113:1830,0.0,0.0,0.0,4.52,4.28,0.0
20231113:1930,0.0,0.0,0.0,4.37,4.07,0.0
20231113:2030,0.0,0.0,0.0,3.93,3.79,0.0
20231113:2130,0.0,0.0,0.0,3.53,3.52,0.0
20231113:2230,0.0,0.0,0.0,3.69,3.52,0.0
20231113:2330,0.0,0.0,0.0,3.59,3.38,0.0
20231114:0030,0.0,0.0,0.0,3.08,3.17,0.0
20231114:0130,0.0,0.0,0.0,2.82,2.97,0.0
20231114:0230,0.0,0.0,0.0,2.61,2.9,0.0
20231114:0330,0.0,0.0,0.0,2.39,2.9,0.0
20231114:0430,0.0,0.0,0.0,2.71,2.83,0.0
20231114:0530,2.2,10.12,1.72,2.55,2.41,0.0
20231114:0630,93.31,115.58,8.99,2.53,2.55,0.0
20231114:0730,93.04,115.66,14.79,2.52,2.83,0.0
20231114:0830,149.33,174.5,18.68,3.26,3.24,0.0
20231114:0930,171.84,198.4,20.29,4.34,3.72,0.0
20231114:1030,192.95,220.35,19.45,5.13,4.0,0.0
20231114:1130,119.26,143.49,16.25,5.6,4.28,0.0
20231114:1230,39.78,58.43,11.01,5.51,4.41,0.0
20231114:1330,2.27,10.32,4.16,4.65,4.69,0.0
20231114:1430,0.0,0.0,0.0,3.91,4.83,0.0
20231114:1530,0.0,0.0,0.0,3.71,4.28,0.0
20231114:1630,0.0,0.0,0.0,3.9,3.45,0.0
20231114:1730,0.0,0.0,0.0,4.51,3.1,0.0
20231114:1830,0.0,0.0,0.0,5.32,4.0,0.0
20231114:1930,0.0,0.0,0.0,5.33,4.14,0.0
20231114:2030,0.0,0.0,0.0,4.92,3.93,0.0
20231114:2130,0.0,0.0,0.0,4.6,3.03,0.0
20231114:2230,0.0,0.0,0.0,4.35,2.21,0.0
20231114:2330,0.0,0.0,0.0,4.07,1.93,0.0
20231115:0030,0.0,0.0,0.0,3.95,1.38,0.0
20231115:0130,0.0,0.0,0.0,3.87,1.03,0.0
20231115:0230,0.0,0.0,0.0,3.84,0.34,0.0
20231115:0330,0.0,0.0,0.0,3.89,0.69,0.0
20231115:0430,0.0,0.0,0.0,4.0,1.1,0.0
20231115:0530,0.0,2.81,1.48,4.12,1.38,0.0
20231115:0630,18.67,33.26,8.74,4.43,1.24,0.0
20231115:0730,19.09,34.02,14.54,5.19,0.83,0.0
20231115:0830,29.05,46.41,18.42,5.89,0.69,0.0
20231115:0930,53.98,74.79,20.03,6.67,1.17,0.0
20231115:1030,80.85,103.5,19.2,7.24,1.59,0.0
20231115:1130,60.71,81.94,16.02,7.81,2.28,0.0
20231115:1230,46.65,66.52,10.8,8.01,2.14,0.0
20231115:1330,26.85,44.46,3.96,8.09,2.21,0.0
20231115:1430,0.0,0.0,0.0,7.62,2.28,0.0
20231115:1530,0.0,0.0,0.0,7.29,2.41,0.0
20231115:1630,0.0,0.0,0.0,7.16,2.41,0.0
20231115:1730,0.0,0.0,0.0,7.02,2.41,0.0
20231115:1830,0.0,0.0,0.0,6.9,2.48,0.0
20231115:1930,0.0,0.0,0.0,6.48,2.83,0.0
20231115:2030,0.0,0.0,0.0,6.41,2.55,0.0
20231115:2130,0.0,0.0,0.0,6.07,2.28,0.0
20231115:2230,0.0,0.0,0.0,5.71,2.21,0.0
20231115:2330,0.0,0.0,0.0,5.85,2.07,0.0
20231116:0030,0.0,0.0,0.0,6.08,1.93,0.0
20231116:0130,0.0,0.0,0.0,6.07,1.72,0.0
20231116:0230,0.0,0.0,0.0,6.13,1.59,0.0
20231116:0330,0.0,0.0,0.0,6.19,1.45,0.0
20231116:0430,0.0,0.0,0.0,6.12,1.31,0.0
20231116:0530,0.0,3.12,1.24,6.12,0.9,0.0
20231116:0630,8.51,20.2,8.5,6.1,0.55,0.0
20231116:0730,61.7,82.94,14.28,6.75,1.93,0.0
20231116:0830,101.41,125.59,18.16,6.44,1.72,0.0
20231116:0930,113.59,138.14,19.78,6.48,1.72,0.0
20231116:1030,56.67,76.91,18.96,6.15,1.86,0.0
20231116:1130,30.02,46.98,15.79,5.58,2.28,0.0
20231116:1230,7.0,17.9,10.59,4.83,3.17,0.0
20231116:1330,0.0,3.57,3.77,3.81,3.93,0.0
20231116:1430,0.0,0.0,0.0,2.97,4.21,0.0
20231116:1530,0.0,0.0,0.0,2.57,3.93,0.0
20231116:1630,0.0,0.0,0.0,2.62,5.1,0.0
20231116:1730,0.0,0.0,0.0,2.66,4.83,0.0
20231116:1830,0.0,0.0,0.0,2.53,4.34,0.0
20231116:1930,0.0,0.0,0.0,2.8,4.55,0.0
20231116:2030,0.0,0.0,0.0,2.62,4.34,0.0
20231116:2130,0.0,0.0,0.0,2.42,4.07,0.0
20231116:2230,0.0,0.0,0.0,1.99,3.79,0.0
20231116:2330,0.0,0.0,0.0,1.99,3.52,0.0
20231117:0030,0.0,0.0,0.0,1.96,3.1,0.0
20231117:0130,0.0,0.0,0.0,1.92,2.76,0.0
20231117:0230,0.0,0.0,0.0,1.76,2.55,0.0
20231117:0330,0.0,0.0,0.0,1.8,2.41,0.0
20231117:0430,0.0,0.0,0.0,1.82,2.07,0.0
20231117:0530,0.22,6.06,1.01,1.82,1.79,0.0
20231117:0630,15.49,29.19,8.25,1.89,1.59,0.0
20231117:0730,62.0,81.36,14.03,1.88,2.21,0.0
20231117:0830,55.92,75.44,17.91,1.93,1.86,0.0
20231117:0930,46.96,66.16,19.53,2.16,1.86,0.0
20231117:1030,80.56,101.42,18.72,2.46,1.93,0.0
20231117:1130,73.72,94.56,15.57,2.6,2.07,0.0
20231117:1230,33.26,50.26,10.39,2.6,2.34,0.0
20231117:1330,8.85,20.56,3.59,2.45,2.55,0.0
20231117:1430,0.0,0.0,0.0,2.28,2.62,0.0
20231117:1530,0.0,0.0,0.0,2.01,2.41,0.0
20231117:1630,0.0,0.0,0.0,1.92,2.41,0.0
20231117:1730,0.0,0.0,0.0,1.75,2.55,0.0
20231117:1830,0.0,0.0,0.0,1.74,2.55,0.0
20231117:1930,0.0,0.0,0.0,1.35,2.55,0.0
20231117:2030,0.0,0.0,0.0,1.52,2.55,0.0
20231117:2130,0.0,0.0,0.0,1.52,2.83,0.0
20231117:2230,0.0,0.0,0.0,1.4,2.9,0.0
20231117:2330,0.0,0.0,0.0,1.21,2.97,0.0
20231118:0030,0.0,0.0,0.0,1.0,3.03,0.0
20231118:0130,0.0,0.0,0.0,0.55,3.17,0.0
20231118:0230,0.0,0.0,0.0,0.43,3.38,0.0
20231118:0330,0.0,0.0,0.0,0.36,3.24,0.0
20231118:0430,0.0,0.0,0.0,0.24,3.38,0.0
20231118:0530,0.0,3.98,0.78,0.11,3.52,0.0
20231118:0630,84.68,105.07,8.01,0.04,3.93,0.0
20231118:0730,231.91,254.39,13.78,0.24,3.93,0.0
20231118:0830,341.31,365.82,17.66,0.86,4.69,0.0
20231118:0930,394.44,422.39,19.28,1.19,4.62,0.0
20231118:1030,379.66,408.06,18.49,1.52,4.55,0.0
20231118:1130,328.59,355.56,15.35,1.82,4.48,0.0
20231118:1230,207.98,232.13,10.19,1.82,4.34,0.0
20231118:1330,67.02,88.68,3.41,1.56,4.07,0.0
20231118:1430,0.0,0.0,0.0,0.72,3.52,0.0
20231118:1530,0.0,0.0,0.0,0.13,3.79,0.0
20231118:1630,0.0,0.0,0.0,-0.51,3.86,0.0
20231118:1730,0.0,0.0,0.0,-1.37,3.66,0.0
20231118:1830,0.0,0.0,0.0,-1.86,3.52,0.0
20231118:1930,0.0,0.0,0.0,-3.04,3.03,0.0
20231118:2030,0.0,0.0,0.0,-3.52,3.03,0.0
20231118:2130,0.0,0.0,0.0,-3.93,3.03,0.0
20231118:2230,0.0,0.0,0.0,-4.02,2.97,0.0
20231118:2330,0.0,0.0,0.0,-3.86,2.9,0.0
20231119:0030,0.0,0.0,0.0,-3.77,2.76,0.0
20231119:0130,0.0,0.0,0.0,-3.8,2.83,0.0
20231119:0230,0.0,0.0,0.0,-3.77,2.9,0.0
20231119:0330,0.0,0.0,0.0,-3.66,2.9,0.0
20231119:0430,0.0,0.0,0.0,-3.81,2.55,0.0
20231119:0530,0.12,5.74,0.55,-3.86,2.34,0.0
20231119:0630,104.39,123.74,7.78,-3.9,2.34,0.0
20231119:0730,275.54,294.76,13.54,-3.34,3.17,0.0
20231119:0830,411.54,435.86,17.42,-2.65,3.03,0.0
20231119:0930,431.83,459.11,19.04,-2.02,2.9,0.0
20231119:1030,446.79,475.84,18.26,-1.5,2.83,0.0
20231119:1130,342.06,366.32,15.15,-1.2,2.83,0.0
20231119:1230,206.87,228.79,10.0,-1.0,2.97,0.0
20231119:1330,73.13,94.41,3.24,-1.39,2.97,0.0
20231119:1430,0.0,0.0,0.0,-2.35,2.62,0.0
20231119:1530,0.0,0.0,0.0,-2.97,2.69,0.0
20231119:1630,0.0,0.0,0.0,-3.16,2.83,0.0
20231119:1730,0.0,0.0,0.0,-3.33,2.48,0.0
20231119:1830,0.0,0.0,0.0,-3.31,2.07,0.0
20231119:1930,0.0,0.0,0.0,-3.73,2.34,0.0
20231119:2030,0.0,0.0,0.0,-3.73,2.62,0.0
20231119:2130,0.0,0.0,0.0,-3.72,2.9,0.0
20231119:2230,0.0,0.0,0.0,-3.57,3.1,0.0
20231119:2330,0.0,0.0,0.0,-3.45,3.03,0.0
20231120:0030,0.0,0.0,0.0,-3.31,3.03,0.0
20231120:0130,0.0,0.0,0.0,-3.2,3.03,0.0
20231120:0230,0.0,0.0,0.0,-3.08,3.03,0.0
20231120:0330,0.0,0.0,0.0,-3.01,3.03,0.0
20231120:0430,0.0,0.0,0.0,-3.07,2.83,0.0
20231120:0530,0.0,3.98,0.32,-2.99,3.03,0.0
20231120:0630,33.2,49.32,7.55,-2.89,3.17,0.0
20231120:0730,95.23,114.57,13.3,-2.81,3.1,0.0
20231120:0830,165.47,185.39,17.18,-2.28,3.38,0.0
20231120:0930,178.41,198.7,18.81,-1.72,3.52,0.0
20231120:1030,217.36,238.07,18.04,-1.29,3.72,0.0
20231120:1130,126.75,146.9,14.94,-0.91,3.86,0.0
20231120:1230,76.13,95.59,9.82,-0.88,4.0,0.0
20231120:1330,22.54,37.78,3.07,-1.23,3.38,0.0
20231120:1430,0.0,0.0,0.0,-1.72,3.03,0.0
20231120:1530,0.0,0.0,0.0,-2.15,2.97,0.0
20231120:1630,0.0,0.0,0.0,-2.55,2.69,0.0
20231120:1730,0.0,0.0,0.0,-2.76,2.48,0.0
20231120:1830,0.0,0.0,0.0,-2.74,2.21,0.0
20231120:1930,0.0,0.0,0.0,-2.6,2.0,0.0
20231120:2030,0.0,0.0,0.0,-2.78,2.0,0.0
20231120:2130,0.0,0.0,0.0,-2.85,1.86,0.0
20231120:2230,0.0,0.0,0.0,-2.97,1.66,0.0
20231120:2330,0.0,0.0,0.0,-3.05,1.45,0.0
20231121:0030,0.0,0.0,0.0,-3.3,1.52,0.0
20231121:0130,0.0,0.0,0.0,-3.2,1.45,0.0
20231121:0230,0.0,0.0,0.0,-3.39,1.52,0.0
20231121:0330,0.0,0.0,0.0,-3.68,1.45,0.0
20231121:0430,0.0,0.0,0.0,-4.28,1.45,0.0
20231121:0530,0.0,5.41,0.1,-4.79,1.38,0.0
20231121:0630,151.0,171.06,7.32,-4.67,1.24,0.0
20231121:0730,206.84,228.43,13.07,-2.95,0.9,0.0
20231121:0830,362.45,390.31,16.94,-2.21,0.97,0.0
20231121:0930,356.08,384.48,18.58,-1.61,1.03,0.0
20231121:1030,293.52,319.29,17.83,-1.2,1.1,0.0
20231121:1130,178.36,200.8,14.75,-0.97,1.31,0.0
20231121:1230,70.03,89.54,9.64,-1.01,1.52,0.0
20231121:1330,30.33,47.06,2.91,-1.18,1.72,0.0
20231121:1430,0.0,0.0,0.0,-1.74,1.59,0.0
20231121:1530,0.0,0.0,0.0,-2.14,1.59,0.0
20231121:1630,0.0,0.0,0.0,-2.48,1.79,0.0
20231121:1730,0.0,0.0,0.0,-2.99,2.07,0.0
20231121:1830,0.0,0.0,0.0,-3.39,2.28,0.0
20231121:1930,0.0,0.0,0.0,-3.11,2.34,0.0
20231121:2030,0.0,0.0,0.0,-3.13,2.14,0.0
20231121:2130,0.0,0.0,0.0,-3.23,2.28,0.0
20231121:2230,0.0,0.0,0.0,-3.54,2.28,0.0
20231121:2330,0.0,0.0,0.0,-3.91,2.34,0.0
20231122:0030,0.0,0.0,0.0,-3.76,2.28,0.0
20231122:0130,0.0,0.0,0.0,-3.77,2.55,0.0
20231122:0230,0.0,0.0,0.0,-3.8,2.76,0.0
20231122:0330,0.0,0.0,0.0,-3.98,2.48,0.0
20231122:0430,0.0,0.0,0.0,-4.05,2.21,0.0
20231122:0530,0.0,0.0,-0.12,-4.1,2.14,0.0
20231122:0630,14.87,27.78,7.09,-4.09,2.14,0.0
20231122:0730,39.56,56.25,12.84,-4.1,2.07,0.0
20231122:0830,63.54,81.98,16.72,-3.85,2.28,0.0
20231122:0930,108.56,127.93,18.36,-3.67,2.48,0.0
20231122:1030,53.31,71.46,17.62,-3.53,3.03,0.0
20231122:1130,71.5,90.41,14.56,-3.63,3.31,0.0
20231122:1230,49.03,66.69,9.47,-3.73,3.59,0.0
20231122:1330,16.66,30.22,2.76,-4.14,3.66,0.0
20231122:1430,0.0,0.0,0.0,-4.66,3.38,0.0
20231122:1530,0.0,0.0,0.0,-5.29,3.17,0.0
20231122:1630,0.0,0.0,0.0,-5.39,3.38,0.0
20231122:1730,0.0,0.0,0.0,-5.5,3.52,0.0
20231122:1830,0.0,0.0,0.0,-5.55,3.59,0.0
20231122:1930,0.0,0.0,0.0,-5.79,3.59,0.0
20231122:2030,0.0,0.0,0.0,-5.82,2.76,0.0
20231122:2130,0.0,0.0,0.0,-5.78,2.69,0.0
20231122:2230,0.0,0.0,0.0,-5.82,3.17,0.0
20231122:2330,0.0,0.0,0.0,-5.85,2.83,0.0
20231123:0030,0.0,0.0,0.0,-6.1,2.55,0.0
20231123:0130,0.0,0.0,0.0,-6.01,2.62,0.0
20231123:0230,0.0,0.0,0.0,-6.16,2.76,0.0
20231123:0330,0.0,0.0,0.0,-6.15,2.76,0.0
20231123:0430,0.0,0.0,0.0,-6.22,2.9,0.0
20231123:0530,0.0,0.0,-0.33,-6.42,3.24,0.0
20231123:0630,25.12,39.78,6.87,-6.34,3.31,0.0
20231123:0730,55.44,73.12,12.62,-5.62,4.21,0.0
20231123:0830,90.58,109.86,16.49,-4.87,6.14,0.0
20231123:0930,85.74,105.12,18.15,-4.42,6.21,0.0
20231123:1030,71.5,90.4,17.42,-4.26,6.48,0.0
20231123:1130,50.22,67.95,14.37,-4.02,6.34,0.0
20231123:1230,16.8,30.19,9.3,-3.86,6.07,0.0
20231123:1330,0.12,5.75,2.62,-3.69,6.0,0.0
20231123:1430,0.0,0.0,0.0,-3.05,7.1,0.0
20231123:1530,0.0,0.0,0.0,-2.38,7.31,0.0
20231123:1630,0.0,0.0,0.0,-1.54,7.45,0.0
20231123:1730,0.0,0.0,0.0,-0.58,7.52,0.0
20231123:1830,0.0,0.0,0.0,0.42,7.59,0.0
20231123:1930,0.0,0.0,0.0,0.88,6.97,0.0
20231123:2030,0.0,0.0,0.0,1.23,7.17,0.0
20231123:2130,0.0,0.0,0.0,1.99,7.59,0.0
20231123:2230,0.0,0.0,0.0,2.76,7.86,0.0
20231123:2330,0.0,0.0,0.0,3.13,8.07,0.0
20231124:0030,0.0,0.0,0.0,3.4,8.21,0.0
20231124:0130,0.0,0.0,0.0,3.55,8.41,0.0
20231124:0230,0.0,0.0,0.0,3.29,8.62,0.0
20231124:0330,0.0,0.0,0.0,3.21,8.28,0.0
20231124:0430,0.0,0.0,0.0,3.37,7.93,0.0
20231124:0530,0.0,0.0,-0.54,3.51,7.93,0.0
20231124:0630,8.81,20.42,6.66,3.6,7.79,0.0
20231124:0730,50.18,69.43,12.4,3.98,7.1,0.0
20231124:0830,204.38,228.79,16.28,4.12,7.24,0.0
20231124:0930,435.8,467.45,17.94,4.07,7.31,0.0
20231124:1030,427.49,458.34,17.22,3.97,7.03,0.0
20231124:1130,438.09,469.68,14.19,3.85,6.97,0.0
20231124:1230,221.97,247.4,9.15,3.72,6.34,0.0
20231124:1330,58.58,79.89,2.48,2.87,5.31,0.0
20231124:1430,0.0,0.0,0.0,1.98,4.83,0.0
20231124:1530,0.0,0.0,0.0,1.39,4.9,0.0
20231124:1630,0.0,0.0,0.0,1.13,5.17,0.0
20231124:1730,0.0,0.0,0.0,1.02,5.38,0.0
20231124:1830,0.0,0.0,0.0,1.08,5.38,0.0
20231124:1930,0.0,0.0,0.0,0.55,4.97,0.0
20231124:2030,0.0,0.0,0.0,-0.05,4.62,0.0
20231124:2130,0.0,0.0,0.0,-0.32,4.83,0.0
20231124:2230,0.0,0.0,0.0,-0.59,5.03,0.0
20231124:2330,0.0,0.0,0.0,-0.73,4.97,0.0
20231125:0030,0.0,0.0,0.0,-0.83,4.48,0.0
20231125:0130,0.0,0.0,0.0,-0.76,4.0,0.0
20231125:0230,0.0,0.0,0.0,-1.05,3.45,0.0
20231125:0330,0.0,0.0,0.0,-1.45,3.1,0.0
20231125:0430,0.0,0.0,0.0,-1.56,3.31,0.0
20231125:0530,0.0,0.0,-0.75,-1.39,3.45,0.0
20231125:0630,171.8,193.96,6.45,-1.34,3.1,0.0
20231125:0730,404.66,433.37,12.19,-0.47,3.1,0.0
20231125:0830,594.66,642.7,16.07,0.37,2.97,0.0
20231125:0930,466.03,501.77,17.74,1.29,3.31,0.0
20231125:1030,401.37,434.63,17.03,1.85,2.97,0.0
20231125:1130,186.96,211.15,14.02,2.27,3.1,0.0
20231125:1230,146.75,170.27,9.0,2.2,2.76,0.0
20231125:1330,36.6,54.83,2.34,1.46,2.07,0.0
20231125:1430,0.0,0.0,0.0,0.03,2.48,0.0
20231125:1530,0.0,0.0,0.0,-1.08,2.28,0.0
20231125:1630,0.0,0.0,0.0,-2.05,2.07,0.0
20231125:1730,0.0,0.0,0.0,-2.74,1.86,0.0
20231125:1830,0.0,0.0,0.0,-3.28,1.86,0.0
20231125:1930,0.0,0.0,0.0,-3.05,1.79,0.0
20231125:2030,0.0,0.0,0.0,-2.81,1.45,0.0
20231125:2130,0.0,0.0,0.0,-2.59,1.24,0.0
20231125:2230,0.0,0.0,0.0,-2.23,0.83,0.0
20231125:2330,0.0,0.0,0.0,-2.25,0.69,0.0
20231126:0030,0.0,0.0,0.0,-3.14,1.03,0.0
20231126:0130,0.0,0.0,0.0,-3.78,1.31,0.0
20231126:0230,0.0,0.0,0.0,-4.26,1.59,0.0
20231126:0330,0.0,0.0,0.0,-4.33,1.72,0.0
20231126:0430,0.0,0.0,0.0,-3.59,1.66,0.0
20231126:0530,0.0,0.0,-0.95,-2.94,1.79,0.0
20231126:0630,15.01,28.14,6.24,-2.45,2.07,0.0
20231126:0730,64.92,84.41,11.98,-1.08,2.34,0.0
20231126:0830,70.18,90.57,15.86,-0.1,2.83,0.0
20231126:0930,77.99,98.96,17.54,0.48,3.17,0.0
20231126:1030,68.37,89.06,16.85,0.94,3.79,0.0
20231126:1130,44.7,63.22,13.86,1.02,4.55,0.0
20231126:1230,13.14,26.04,8.85,0.84,4.76,0.0
20231126:1330,0.0,3.7,2.22,0.39,5.03,0.0
20231126:1430,0.0,0.0,0.0,-0.06,5.66,0.0
20231126:1530,0.0,0.0,0.0,-0.33,5.79,0.0
20231126:1630,0.0,0.0,0.0,-0.51,6.07,0.0
20231126:1730,0.0,0.0,0.0,-0.66,6.55,0.0
20231126:1830,0.0,0.0,0.0,-0.71,6.83,0.0
20231126:1930,0.0,0.0,0.0,-0.61,7.45,0.0
20231126:2030,0.0,0.0,0.0,-0.8,7.72,0.0
20231126:2130,0.0,0.0,0.0,-0.99,7.59,0.0
20231126:2230,0.0,0.0,0.0,-1.36,8.0,0.0
20231126:2330,0.0,0.0,0.0,-1.76,8.48,0.0
20231127:0030,0.0,0.0,0.0,-2.12,8.69,0.0
20231127:0130,0.0,0.0,0.0,-2.66,9.38,0.0
20231127:0230,0.0,0.0,0.0,-2.96,10.07,0.0
20231127:0330,0.0,0.0,0.0,-3.16,10.14,0.0
20231127:0430,0.0,0.0,0.0,-3.37,10.07,0.0
20231127:0530,0.0,0.0,-1.15,-3.61,9.72,0.0
20231127:0630,11.85,23.94,6.04,-3.83,9.66,0.0
20231127:0730,40.82,57.79,11.78,-3.74,9.38,0.0
20231127:0830,67.66,86.59,15.66,-3.5,9.45,0.0
20231127:0930,84.72,104.47,17.35,-3.2,9.45,0.0
20231127:1030,90.1,110.14,16.67,-3.02,9.24,0.0
20231127:1130,72.01,91.32,13.7,-3.04,9.45,0.0
20231127:1230,30.61,46.51,8.71,-3.19,9.86,0.0
20231127:1330,2.1,9.77,2.1,-3.34,9.72,0.0
20231127:1430,0.0,0.0,0.0,-3.5,9.38,0.0
20231127:1530,0.0,0.0,0.0,-3.61,9.17,0.0
20231127:1630,0.0,0.0,0.0,-3.84,9.1,0.0
20231127:1730,0.0,0.0,0.0,-4.21,8.83,0.0
20231127:1830,0.0,0.0,0.0,-4.47,8.41,0.0
20231127:1930,0.0,0.0,0.0,-4.64,7.52,0.0
20231127:2030,0.0,0.0,0.0,-4.97,6.97,0.0
20231127:2130,0.0,0.0,0.0,-5.19,6.48,0.0
20231127:2230,0.0,0.0,0.0,-5.27,6.07,0.0
20231127:2330,0.0,0.0,0.0,-5.37,5.59,0.0
20231128:0030,0.0,0.0,0.0,-5.46,4.97,0.0
20231128:0130,0.0,0.0,0.0,-5.61,4.83,0.0
20231128:0230,0.0,0.0,0.0,-5.7,4.69,0.0
20231128:0330,0.0,0.0,0.0,-5.81,4.41,0.0
20231128:0430,0.0,0.0,0.0,-5.98,4.21,0.0
20231128:0530,0.0,0.0,-1.34,-6.26,3.86,0.0
20231128:0630,143.33,161.39,5.84,-6.77,3.59,0.0
20231128:0730,283.84,299.8,11.58,-6.51,3.31,0.0
20231128:0830,470.67,491.71,15.47,-6.37,2.9,0.0
20231128:0930,647.12,684.66,17.17,-6.11,2.55,0.0
20231128:1030,586.9,620.17,16.51,-5.56,2.48,0.0
20231128:1130,446.69,469.65,13.55,-5.5,2.41,0.0
20231128:1230,286.14,305.22,8.58,-5.25,2.55,0.0
20231128:1330,2.97,11.19,1.98,-5.25,3.03,0.0
20231128:1430,0.0,0.0,0.0,-5.27,3.45,0.0
20231128:1530,0.0,0.0,0.0,-5.64,3.72,0.0
20231128:1630,0.0,0.0,0.0,-5.7,4.0,0.0
20231128:1730,0.0,0.0,0.0,-5.07,4.28,0.0
20231128:1830,0.0,0.0,0.0,-4.48,4.55,0.0
20231128:1930,0.0,0.0,0.0,-4.11,5.1,0.0
20231128:2030,0.0,0.0,0.0,-3.66,5.24,0.0
20231128:2130,0.0,0.0,0.0,-3.09,5.38,0.0
20231128:2230,0.0,0.0,0.0,-2.22,5.66,0.0
20231128:2330,0.0,0.0,0.0,-1.04,6.14,0.0
20231129:0030,0.0,0.0,0.0,0.17,6.69,0.0
20231129:0130,0.0,0.0,0.0,0.81,7.24,0.0
20231129:0230,0.0,0.0,0.0,0.95,7.52,0.0
20231129:0330,0.0,0.0,0.0,1.0,7.45,0.0
20231129:0430,0.0,0.0,0.0,0.99,7.1,0.0
20231129:0530,0.0,0.0,-1.53,0.94,6.76,0.0
20231129:0630,7.03,17.7,5.65,0.89,6.41,0.0
20231129:0730,20.52,35.31,11.39,0.95,6.14,0.0
20231129:0830,29.92,46.46,15.28,0.86,5.38,0.0
20231129:0930,39.96,57.92,16.99,0.81,4.48,0.0
20231129:1030,41.91,60.15,16.34,0.87,3.59,0.0
20231129:1130,35.08,52.48,13.41,1.01,2.76,0.0
20231129:1230,19.49,34.07,8.46,0.83,3.17,0.0
20231129:1330,0.38,6.42,1.88,0.49,5.1,0.0
20231129:1430,0.0,0.0,0.0,-0.22,6.34,0.0
20231129:1530,0.0,0.0,0.0,-1.44,6.76,0.0
20231129:1630,0.0,0.0,0.0,-2.51,7.1,0.0
20231129:1730,0.0,0.0,0.0,-3.24,7.52,0.0
20231129:1830,0.0,0.0,0.0,-3.69,7.72,0.0
20231129:1930,0.0,0.0,0.0,-3.98,7.24,0.0
20231129:2030,0.0,0.0,0.0,-4.35,7.24,0.0
20231129:2130,0.0,0.0,0.0,-4.51,7.24,0.0
20231129:2230,0.0,0.0,0.0,-4.47,7.17,0.0
20231129:2330,0.0,0.0,0.0,-4.33,7.1,0.0
20231130:0030,0.0,0.0,0.0,-4.26,7.24,0.0
20231130:0130,0.0,0.0,0.0,-4.36,7.24,0.0
20231130:0230,0.0,0.0,0.0,-4.66,7.17,0.0
20231130:0330,0.0,0.0,0.0,-4.89,6.97,0.0
20231130:0430,0.0,0.0,0.0,-5.21,6.76,0.0
20231130:0530,0.0,0.0,-1.72,-5.45,6.41,0.0
20231130:0630,72.57,90.41,5.47,-5.62,6.0,0.0
20231130:0730,227.82,243.99,11.21,-5.52,5.52,0.0
20231130:0830,179.85,197.57,15.1,-5.15,5.59,0.0
20231130:0930,113.2,133.08,16.82,-4.77,5.72,0.0
20231130:1030,244.56,262.63,16.19,-4.11,5.38,0.0
20231130:1130,246.7,265.07,13.27,-3.49,5.38,0.0
20231130:1230,230.11,249.51,8.34,-3.12,4.83,0.0
20231130:1330,3.3,11.82,1.78,-3.4,4.41,0.0
20231130:1430,0.0,0.0,0.0,-3.59,4.41,0.0
20231130:1530,0.0,0.0,0.0,-3.38,4.34,0.0
20231130:1630,0.0,0.0,0.0,-3.22,4.21,0.0
20231130:1730,0.0,0.0,0.0,-3.37,4.14,0.0
20231130:1830,0.0,0.0,0.0,-3.92,4.0,0.0
20231130:1930,0.0,0.0,0.0,-3.94,3.86,0.0
20231130:2030,0.0,0.0,0.0,-4.09,3.38,0.0
20231130:2130,0.0,0.0,0.0,-4.54,3.52,0.0
20231130:2230,0.0,0.0,0.0,-4.25,3.52,0.0
20231130:2330,0.0,0.0,0.0,-4.15,3.52,0.0
20231201:0030,0.0,0.0,0.0,-4.08,3.45,0.0
20231201:0130,0.0,0.0,0.0,-3.83,3.52,0.0
20231201:0230,0.0,0.0,0.0,-3.67,3.38,0.0
20231201:0330,0.0,0.0,0.0,-3.48,3.17,0.0
20231201:0430,0.0,0.0,0.0,-3.31,2.9,0.0
20231201:0530,0.0,0.0,-1.9,-3.06,2.48,0.0
20231201:0630,10.64,22.47,5.28,-2.69,2.07,0.0
20231201:0730,43.39,61.18,11.03,-2.17,1.52,0.0
20231201:0830,84.33,105.07,14.93,-1.78,0.97,0.0
20231201:0930,113.65,135.75,16.66,-1.21,2.07,0.0
20231201:1030,138.83,161.68,16.04,-1.01,2.34,0.0
20231201:1130,93.92,115.14,13.14,-1.01,2.55,0.0
20231201:1230,47.4,65.59,8.23,-1.15,2.48,0.0
20231201:1330,3.21,11.73,1.69,-1.5,2.41,0.0
20231201:1430,0.0,0.0,0.0,-1.83,2.28,0.0
20231201:1530,0.0,0.0,0.0,-2.23,2.14,0.0
20231201:1630,0.0,0.0,0.0,-2.73,2.0,0.0
20231201:1730,0.0,0.0,0.0,-2.89,1.86,0.0
20231201:1830,0.0,0.0,0.0,-3.14,1.86,0.0
20231201:1930,0.0,0.0,0.0,-3.13,2.0,0.0
20231201:2030,0.0,0.0,0.0,-3.27,2.07,0.0
20231201:2130,0.0,0.0,0.0,-3.36,1.79,0.0
20231201:2230,0.0,0.0,0.0,-3.44,1.66,0.0
20231201:2330,0.0,0.0,0.0,-3.57,1.38,0.0
20231202:0030,0.0,0.0,0.0,-3.69,1.03,0.0
20231202:0130,0.0,0.0,0.0,-3.79,0.83,0.0
20231202:0230,0.0,0.0,0.0,-3.82,0.69,0.0
20231202:0330,0.0,0.0,0.0,-3.86,0.48,0.0
20231202:0430,0.0,0.0,0.0,-3.89,0.28,0.0
20231202:0530,0.0,0.0,-2.08,-3.87,0.48,0.0
20231202:0630,12.1,24.3,5.11,-3.83,0.83,0.0
20231202:0730,42.48,59.79,10.85,-3.79,1.59,0.0
20231202:0830,57.69,76.43,14.76,-3.34,1.66,0.0
20231202:0930,79.45,99.68,16.5,-2.96,1.45,0.0
20231202:1030,85.78,106.4,15.9,-2.71,1.52,0.0
20231202:1130,54.11,72.78,13.02,-2.44,2.0,0.0
20231202:1230,23.84,38.88,8.13,-2.32,2.48,0.0
20231202:1330,0.52,6.69,1.6,-2.4,2.41,0.0
20231202:1430,0.0,0.0,0.0,-2.6,2.9,0.0
20231202:1530,0.0,0.0,0.0,-2.67,3.38,0.0
20231202:1630,0.0,0.0,0.0,-2.66,3.59,0.0
20231202:1730,0.0,0.0,0.0,-2.71,3.86,0.0
20231202:1830,0.0,0.0,0.0,-2.58,4.21,0.0
20231202:1930,0.0,0.0,0.0,-3.0,4.55,0.0
20231202:2030,0.0,0.0,0.0,-2.89,5.1,0.0
20231202:2130,0.0,0.0,0.0,-2.74,5.1,0.0
20231202:2230,0.0,0.0,0.0,-2.6,5.03,0.0
20231202:2330,0.0,0.0,0.0,-2.5,5.03,0.0
20231203:0030,0.0,0.0,0.0,-2.35,4.97,0.0
20231203:0130,0.0,0.0,0.0,-2.17,5.1,0.0
20231203:0230,0.0,0.0,0.0,-1.93,4.76,0.0
20231203:0330,0.0,0.0,0.0,-1.57,3.59,0.0
20231203:0430,0.0,0.0,0.0,-1.16,3.03,0.0
20231203:0530,0.0,0.0,-2.25,-0.7,2.21,0.0
20231203:0630,6.78,17.28,4.94,-0.23,1.86,0.0
20231203:0730,35.22,52.29,10.68,-0.31,2.69,0.0
20231203:0830,91.14,111.97,14.6,0.13,4.07,0.0
20231203:0930,72.39,92.89,16.35,0.58,6.14,0.0
20231203:1030,75.7,96.0,15.77,0.22,7.45,0.0
20231203:1130,91.49,111.45,12.91,-0.95,8.07,0.0
20231203:1230,45.5,62.9,8.03,-2.35,8.28,0.0
20231203:1330,1.38,8.43,1.52,-3.4,7.86,0.0
20231203:1430,0.0,0.0,0.0,-4.03,7.24,0.0
20231203:1530,0.0,0.0,0.0,-4.26,6.9,0.0
20231203:1630,0.0,0.0,0.0,-4.45,6.83,0.0
20231203:1730,0.0,0.0,0.0,-4.6,6.62,0.0
20231203:1830,0.0,0.0,0.0,-4.84,6.28,0.0
20231203:1930,0.0,0.0,0.0,-4.34,5.31,0.0
20231203:2030,0.0,0.0,0.0,-4.54,4.9,0.0
20231203:2130,0.0,0.0,0.0,-4.74,4.48,0.0
20231203:2230,0.0,0.0,0.0,-5.02,4.34,0.0
20231203:2330,0.0,0.0,0.0,-5.4,4.28,0.0
20231204:0030,0.0,0.0,0.0,-5.85,4.21,0.0
20231204:0130,0.0,0.0,0.0,-6.23,4.07,0.0
20231204:0230,0.0,0.0,0.0,-6.68,3.93,0.0
20231204:0330,0.0,0.0,0.0,-6.9,4.0,0.0
20231204:0430,0.0,0.0,0.0,-6.84,3.79,0.0
20231204:0530,0.0,0.0,-2.41,-6.66,3.31,0.0
20231204:0630,22.62,36.79,4.77,-6.39,2.76,0.0
20231204:0730,70.89,89.09,10.52,-5.57,2.55,0.0
20231204:0830,104.75,124.36,14.45,-4.62,2.69,0.0
20231204:0930,148.94,169.28,16.21,-3.68,3.03,0.0
20231204:1030,205.76,225.45,15.64,-3.16,3.86,0.0
20231204:1130,174.25,193.14,12.8,-3.3,4.55,0.0
20231204:1230,102.07,120.9,7.94,-3.86,4.28,0.0
20231204:1330,1.62,8.87,1.45,-4.31,3.86,0.0
20231204:1430,0.0,0.0,0.0,-4.52,3.79,0.0
20231204:1530,0.0,0.0,0.0,-4.51,3.86,0.0
20231204:1630,0.0,0.0,0.0,-4.24,4.0,0.0
20231204:1730,0.0,0.0,0.0,-4.05,4.07,0.0
20231204:1830,0.0,0.0,0.0,-3.82,4.14,0.0
20231204:1930,0.0,0.0,0.0,-3.4,3.72,0.0
20231204:2030,0.0,0.0,0.0,-3.47,3.59,0.0
20231204:2130,0.0,0.0,0.0,-3.46,3.72,0.0
20231204:2230,0.0,0.0,0.0,-3.37,3.79,0.0
20231204:2330,0.0,0.0,0.0,-3.43,3.72,0.0
20231205:0030,0.0,0.0,0.0,-3.5,3.72,0.0
20231205:0130,0.0,0.0,0.0,-3.63,3.72,0.0
20231205:0230,0.0,0.0,0.0,-3.76,3.72,0.0
20231205:0330,0.0,0.0,0.0,-3.89,3.79,0.0
20231205:0430,0.0,0.0,0.0,-4.03,3.86,0.0
20231205:0530,0.0,0.0,-2.57,-4.26,3.45,0.0
20231205:0630,21.01,35.14,4.61,-4.4,3.17,0.0
20231205:0730,80.4,99.24,10.37,-4.35,3.03,0.0
20231205:0830,180.69,200.03,14.3,-4.28,2.76,0.0
20231205:0930,357.91,378.25,16.07,-4.16,2.9,0.0
20231205:1030,334.43,355.19,15.52,-4.17,2.55,0.0
20231205:1130,268.62,288.28,12.7,-4.32,2.14,0.0
20231205:1230,158.86,177.66,7.86,-5.03,2.28,0.0
20231205:1330,2.16,9.81,1.39,-5.62,2.28,0.0
20231205:1430,0.0,0.0,0.0,-6.79,2.41,0.0
20231205:1530,0.0,0.0,0.0,-7.27,2.34,0.0
20231205:1630,0.0,0.0,0.0,-8.02,2.55,0.0
20231205:1730,0.0,0.0,0.0,-8.68,2.76,0.0
20231205:1830,0.0,0.0,0.0,-8.78,2.83,0.0
20231205:1930,0.0,0.0,0.0,-8.4,2.9,0.0
20231205:2030,0.0,0.0,0.0,-7.31,3.1,0.0
20231205:2130,0.0,0.0,0.0,-6.59,3.38,0.0
20231205:2230,0.0,0.0,0.0,-5.94,3.52,0.0
20231205:2330,0.0,0.0,0.0,-5.82,3.52,0.0
20231206:0030,0.0,0.0,0.0,-5.59,3.66,0.0
20231206:0130,0.0,0.0,0.0,-5.44,3.79,0.0
20231206:0230,0.0,0.0,0.0,-5.25,3.86,0.0
20231206:0330,0.0,0.0,0.0,-5.35,3.79,0.0
20231206:0430,0.0,0.0,0.0,-5.34,3.79,0.0
20231206:0530,0.0,0.0,-2.73,-5.41,3.72,0.0
20231206:0630,64.5,82.33,4.46,-5.51,3.72,0.0
20231206:0730,255.23,272.12,10.22,-5.53,3.79,0.0
20231206:0830,325.23,342.61,14.16,-5.29,3.72,0.0
20231206:0930,374.86,393.48,15.94,-4.84,3.72,0.0
20231206:1030,340.12,359.07,15.41,-4.44,3.45,0.0
20231206:1130,279.7,298.51,12.61,-4.08,3.03,0.0
20231206:1230,195.43,214.34,7.79,-4.17,3.17,0.0
20231206:1330,1.63,8.87,1.33,-4.54,3.31,0.0
20231206:1430,0.0,0.0,0.0,-5.45,3.66,0.0
20231206:1530,0.0,0.0,0.0,-6.26,3.79,0.0
20231206:1630,0.0,0.0,0.0,-7.01,3.79,0.0
20231206:1730,0.0,0.0,0.0,-7.89,3.66,0.0
20231206:1830,0.0,0.0,0.0,-8.73,3.52,0.0
20231206:1930,0.0,0.0,0.0,-9.41,3.52,0.0
20231206:2030,0.0,0.0,0.0,-9.78,3.72,0.0
20231206:2130,0.0,0.0,0.0,-10.14,3.72,0.0
20231206:2230,0.0,0.0,0.0,-10.6,3.52,0.0
20231206:2330,0.0,0.0,0.0,-11.07,3.52,0.0
20231207:0030,0.0,0.0,0.0,-11.39,3.52,0.0
20231207:0130,0.0,0.0,0.0,-11.64,3.59,0.0
20231207:0230,0.0,0.0,0.0,-11.82,3.72,0.0
20231207:0330,0.0,0.0,0.0,-11.65,4.0,0.0
20231207:0430,0.0,0.0,0.0,-11.3,4.07,0.0
20231207:0530,0.0,0.0,-2.88,-11.05,4.07,0.0
20231207:0630,44.16,59.7,4.31,-10.73,4.0,0.0
20231207:0730,116.82,133.11,10.07,-9.72,4.14,0.0
20231207:0830,118.67,136.24,14.02,-8.4,4.07,0.0
20231207:0930,136.02,153.96,15.82,-7.23,3.72,0.0
20231207:1030,111.59,129.74,15.3,-6.48,4.07,0.0
20231207:1130,54.95,72.51,12.52,-5.91,5.1,0.0
20231207:1230,27.93,42.92,7.72,-5.62,4.83,0.0
20231207:1330,0.27,6.06,1.28,-5.51,4.14,0.0
20231207:1430,0.0,0.0,0.0,-5.4,4.28,0.0
20231207:1530,0.0,0.0,0.0,-5.32,4.34,0.0
20231207:1630,0.0,0.0,0.0,-5.14,4.41,0.0
20231207:1730,0.0,0.0,0.0,-4.92,4.41,0.0
20231207:1830,0.0,0.0,0.0,-4.73,4.41,0.0
20231207:1930,0.0,0.0,0.0,-4.76,4.0,0.0
20231207:2030,0.0,0.0,0.0,-4.42,4.0,0.0
20231207:2130,0.0,0.0,0.0,-4.1,4.0,0.0
20231207:2230,0.0,0.0,0.0,-3.82,4.0,0.0
20231207:2330,0.0,0.0,0.0,-3.63,3.93,0.0
20231208:0030,0.0,0.0,0.0,-3.49,4.0,0.0
20231208:0130,0.0,0.0,0.0,-3.38,4.14,0.0
20231208:0230,0.0,0.0,0.0,-3.33,4.28,0.0
20231208:0330,0.0,0.0,0.0,-3.3,4.41,0.0
20231208:0430,0.0,0.0,0.0,-3.33,4.48,0.0
20231208:0530,0.0,0.0,-3.03,-3.39,4.55,0.0
20231208:0630,7.95,18.74,4.16,-3.44,4.62,0.0
20231208:0730,42.3,59.62,9.94,-3.18,4.9,0.0
20231208:0830,80.1,99.91,13.89,-3.06,5.03,0.0
20231208:0930,111.48,132.01,15.71,-2.87,4.62,0.0
20231208:1030,64.78,83.85,15.21,-2.73,5.72,0.0
20231208:1130,49.3,67.37,12.44,-2.8,4.41,0.0
20231208:1230,25.68,40.93,7.66,-2.84,3.86,0.0
20231208:1330,0.33,6.24,1.23,-2.95,4.0,0.0
20231208:1430,0.0,0.0,0.0,-3.16,3.86,0.0
20231208:1530,0.0,0.0,0.0,-3.32,4.0,0.0
20231208:1630,0.0,0.0,0.0,-3.37,4.28,0.0
20231208:1730,0.0,0.0,0.0,-3.5,4.34,0.0
20231208:1830,0.0,0.0,0.0,-3.86,3.66,0.0
20231208:1930,0.0,0.0,0.0,-4.13,3.1,0.0
20231208:2030,0.0,0.0,0.0,-3.94,2.28,0.0
20231208:2130,0.0,0.0,0.0,-3.8,2.0,0.0
20231208:2230,0.0,0.0,0.0,-3.72,2.21,0.0
20231208:2330,0.0,0.0,0.0,-3.68,2.41,0.0
20231209:0030,0.0,0.0,0.0,-3.79,2.14,0.0
20231209:0130,0.0,0.0,0.0,-3.75,2.0,0.0
20231209:0230,0.0,0.0,0.0,-3.77,1.86,0.0
20231209:0330,0.0,0.0,0.0,-3.88,1.59,0.0
20231209:0430,0.0,0.0,0.0,-3.99,1.72,0.0
20231209:0530,0.0,0.0,-3.17,-4.08,2.0,0.0
20231209:0630,14.2,26.93,4.03,-4.28,2.07,0.0
20231209:0730,89.04,108.03,9.8,-4.45,1.86,0.0
20231209:0830,133.81,153.74,13.77,-4.23,1.86,0.0
20231209:0930,192.04,212.38,15.6,-3.93,2.21,0.0
20231209:1030,212.49,232.92,15.12,-3.81,2.14,0.0
20231209:1130,190.23,210.41,12.37,-3.8,1.79,0.0
20231209:1230,57.05,75.03,7.61,-3.88,1.93,0.0
20231209:1330,1.43,8.52,1.19,-4.06,2.07,0.0
20231209:1430,0.0,0.0,0.0,-4.87,2.28,0.0
20231209:1530,0.0,0.0,0.0,-5.5,2.41,0.0
20231209:1630,0.0,0.0,0.0,-5.9,2.28,0.0
20231209:1730,0.0,0.0,0.0,-5.96,2.07,0.0
20231209:1830,0.0,0.0,0.0,-6.24,2.14,0.0
20231209:1930,0.0,0.0,0.0,-6.4,2.76,0.0
20231209:2030,0.0,0.0,0.0,-6.46,2.76,0.0
20231209:2130,0.0,0.0,0.0,-6.67,2.62,0.0
20231209:2230,0.0,0.0,0.0,-6.78,2.28,0.0
20231209:2330,0.0,0.0,0.0,-7.0,2.83,0.0
20231210:0030,0.0,0.0,0.0,-6.89,2.69,0.0
20231210:0130,0.0,0.0,0.0,-6.88,1.66,0.0
20231210:0230,0.0,0.0,0.0,-6.81,1.45,0.0
20231210:0330,0.0,0.0,0.0,-6.72,2.0,0.0
20231210:0430,0.0,0.0,0.0,-6.69,2.55,0.0
20231210:0530,0.0,0.0,-3.3,-6.5,2.41,0.0
20231210:0630,15.59,28.41,3.9,-6.3,2.34,0.0
20231210:0730,41.85,58.57,9.68,-6.04,2.0,0.0
20231210:0830,72.72,91.38,13.66,-5.59,2.34,0.0
20231210:0930,113.28,132.59,15.5,-5.1,2.34,0.0
20231210:1030,87.07,106.59,15.03,-4.68,2.21,0.0
20231210:1130,66.83,85.39,12.31,-4.18,2.34,0.0
20231210:1230,43.2,60.08,7.56,-3.77,2.69,0.0
20231210:1330,0.55,6.73,1.16,-3.63,2.48,0.0
20231210:1430,0.0,0.0,0.0,-3.51,2.14,0.0
20231210:1530,0.0,0.0,0.0,-3.31,2.14,0.0
20231210:1630,0.0,0.0,0.0,-3.13,2.69,0.0
20231210:1730,0.0,0.0,0.0,-2.88,3.1,0.0
20231210:1830,0.0,0.0,0.0,-2.76,3.31,0.0
20231210:1930,0.0,0.0,0.0,-3.05,3.24,0.0
20231210:2030,0.0,0.0,0.0,-2.71,3.31,0.0
20231210:2130,0.0,0.0,0.0,-2.41,3.59,0.0
20231210:2230,0.0,0.0,0.0,-2.08,4.07,0.0
20231210:2330,0.0,0.0,0.0,-1.83,4.28,0.0
20231211:0030,0.0,0.0,0.0,-1.67,4.28,0.0
20231211:0130,0.0,0.0,0.0,-1.57,4.07,0.0
20231211:0230,0.0,0.0,0.0,-1.48,3.86,0.0
20231211:0330,0.0,0.0,0.0,-1.42,3.86,0.0
20231211:0430,0.0,0.0,0.0,-1.34,4.0,0.0
20231211:0530,0.0,0.0,-3.43,-1.23,4.21,0.0
20231211:0630,7.59,18.38,3.77,-1.19,4.28,0.0
20231211:0730,37.87,54.96,9.56,-1.5,4.21,0.0
20231211:0830,53.59,72.41,13.55,-1.16,4.34,0.0
20231211:0930,67.18,87.18,15.41,-0.7,4.41,0.0
20231211:1030,62.51,82.36,14.96,-0.33,4.41,0.0
20231211:1130,44.15,62.38,12.25,-0.17,4.21,0.0
20231211:1230,26.85,42.56,7.52,-0.22,4.0,0.0
20231211:1330,0.32,6.27,1.14,-0.38,3.79,0.0
20231211:1430,0.0,0.0,0.0,-0.6,3.79,0.0
20231211:1530,0.0,0.0,0.0,-0.81,3.79,0.0
20231211:1630,0.0,0.0,0.0,-1.14,3.79,0.0
20231211:1730,0.0,0.0,0.0,-1.52,3.79,0.0
20231211:1830,0.0,0.0,0.0,-1.47,3.66,0.0
20231211:1930,0.0,0.0,0.0,-0.8,3.86,0.0
20231211:2030,0.0,0.0,0.0,-0.7,3.72,0.0
20231211:2130,0.0,0.0,0.0,-0.36,3.66,0.0
20231211:2230,0.0,0.0,0.0,-0.21,3.66,0.0
20231211:2330,0.0,0.0,0.0,-0.23,3.66,0.0
20231212:0030,0.0,0.0,0.0,-0.27,3.79,0.0
20231212:0130,0.0,0.0,0.0,-0.23,3.93,0.0
20231212:0230,0.0,0.0,0.0,-0.57,3.93,0.0
20231212:0330,0.0,0.0,0.0,-0.69,4.0,0.0
20231212:0430,0.0,0.0,0.0,-0.51,4.14,0.0
20231212:0530,0.0,0.0,-3.55,-0.57,4.21,0.0
20231212:0630,7.41,18.17,3.65,-0.64,4.28,0.0
20231212:0730,58.95,78.14,9.45,-0.3,3.79,0.0
20231212:0830,102.05,123.58,13.45,-0.14,4.28,0.0
20231212:0930,135.72,157.83,15.32,-0.1,4.69,0.0
20231212:1030,109.57,130.7,14.89,-0.24,4.48,0.0
20231212:1130,62.2,81.72,12.2,-0.34,4.07,0.0
20231212:1230,31.05,47.37,7.49,-0.39,3.93,0.0
20231212:1330,0.18,5.94,1.12,-0.52,3.31,0.0
20231212:1430,0.0,0.0,0.0,-0.67,3.38,0.0
20231212:1530,0.0,0.0,0.0,-0.75,3.52,0.0
20231212:1630,0.0,0.0,0.0,-0.85,3.59,0.0
20231212:1730,0.0,0.0,0.0,-0.94,3.66,0.0
20231212:1830,0.0,0.0,0.0,-1.05,3.59,0.0
20231212:1930,0.0,0.0,0.0,-1.11,3.38,0.0
20231212:2030,0.0,0.0,0.0,-1.06,3.31,0.0
20231212:2130,0.0,0.0,0.0,-1.03,3.31,0.0
20231212:2230,0.0,0.0,0.0,-1.06,3.31,0.0
20231212:2330,0.0,0.0,0.0,-1.0,3.24,0.0
20231213:0030,0.0,0.0,0.0,-0.92,3.31,0.0
20231213:0130,0.0,0.0,0.0,-0.86,3.38,0.0
20231213:0230,0.0,0.0,0.0,-0.86,3.45,0.0
20231213:0330,0.0,0.0,0.0,-0.83,3.52,0.0
20231213:0430,0.0,0.0,0.0,-0.68,3.59,0.0
20231213:0530,0.0,0.0,0.0,-0.55,3.59,0.0
20231213:0630,1.88,9.45,3.54,-0.4,3.66,0.0
20231213:0730,22.03,36.89,9.35,-0.45,3.66,0.0
20231213:0830,41.03,58.76,13.36,-0.14,3.66,0.0
20231213:0930,51.57,70.55,15.24,0.15,3.66,0.0
20231213:1030,70.51,90.65,14.83,0.34,3.45,0.0
20231213:1130,37.46,55.07,12.16,0.54,3.52,0.0
20231213:1230,13.42,26.4,7.47,0.67,3.45,0.0
20231213:1330,0.0,4.3,1.12,0.68,3.17,0.0
20231213:1430,0.0,0.0,0.0,0.69,3.17,0.0
20231213:1530,0.0,0.0,0.0,0.7,3.31,0.0
20231213:1630,0.0,0.0,0.0,0.72,3.59,0.0
20231213:1730,0.0,0.0,0.0,0.74,3.93,0.0
20231213:1830,0.0,0.0,0.0,0.81,4.07,0.0
20231213:1930,0.0,0.0,0.0,0.35,4.48,0.0
20231213:2030,0.0,0.0,0.0,0.28,5.03,0.0
20231213:2130,0.0,0.0,0.0,0.07,5.31,0.0
20231213:2230,0.0,0.0,0.0,-0.26,5.31,0.0
20231213:2330,0.0,0.0,0.0,-0.6,5.52,0.0
20231214:0030,0.0,0.0,0.0,-0.85,5.52,0.0
20231214:0130,0.0,0.0,0.0,-1.19,5.59,0.0
20231214:0230,0.0,0.0,0.0,-1.51,5.66,0.0
20231214:0330,0.0,0.0,0.0,-1.84,5.66,0.0
20231214:0430,0.0,0.0,0.0,-2.08,5.93,0.0
20231214:0530,0.0,0.0,0.0,-2.25,6.07,0.0
20231214:0630,1.25,8.2,3.43,-2.36,6.07,0.0
20231214:0730,11.84,24.03,9.25,-2.68,6.97,0.0
20231214:0830,25.42,40.67,13.27,-2.46,7.17,0.0
20231214:0930,29.04,44.9,15.17,-2.17,7.31,0.0
20231214:1030,35.3,52.08,14.78,-1.83,7.17,0.0
20231214:1130,24.45,39.68,12.13,-1.43,6.62,0.0
20231214:1230,7.82,18.73,7.45,-0.9,6.0,0.0
20231214:1330,0.0,3.24,1.11,-0.45,4.9,0.0
20231214:1430,0.0,0.0,0.0,-0.2,3.59,0.0
20231214:1530,0.0,0.0,0.0,-0.09,2.62,0.0
20231214:1630,0.0,0.0,0.0,-0.02,1.72,0.0
20231214:1730,0.0,0.0,0.0,-0.19,1.17,0.0
20231214:1830,0.0,0.0,0.0,-0.45,2.48,0.0
20231214:1930,0.0,0.0,0.0,-2.9,4.76,0.0
20231214:2030,0.0,0.0,0.0,-3.6,5.93,0.0
20231214:2130,0.0,0.0,0.0,-4.25,6.62,0.0
20231214:2230,0.0,0.0,0.0,-4.62,6.62,0.0
20231214:2330,0.0,0.0,0.0,-4.89,6.28,0.0
20231215:0030,0.0,0.0,0.0,-5.2,6.21,0.0
20231215:0130,0.0,0.0,0.0,-5.76,6.69,0.0
20231215:0230,0.0,0.0,0.0,-6.28,6.69,0.0
20231215:0330,0.0,0.0,0.0,-6.52,6.28,0.0
20231215:0430,0.0,0.0,0.0,-6.71,5.66,0.0
20231215:0530,0.0,0.0,0.0,-6.59,5.03,0.0
20231215:0630,95.23,113.69,3.33,-6.02,4.83,0.0
20231215:0730,265.94,282.34,9.16,-5.31,4.55,0.0
20231215:0830,304.8,321.75,13.19,-4.39,4.76,0.0
20231215:0930,145.8,165.61,15.11,-3.03,5.17,0.0
20231215:1030,72.78,92.7,14.74,-1.86,5.59,0.0
20231215:1130,69.9,89.36,12.1,-1.19,5.93,0.0
20231215:1230,92.94,112.49,7.44,-1.38,6.14,0.0
20231215:1330,0.49,6.64,1.12,-2.21,6.41,0.0
20231215:1430,0.0,0.0,0.0,-3.12,6.34,0.0
20231215:1530,0.0,0.0,0.0,-3.6,6.14,0.0
20231215:1630,0.0,0.0,0.0,-3.68,5.86,0.0
20231215:1730,0.0,0.0,0.0,-3.46,5.45,0.0
20231215:1830,0.0,0.0,0.0,-3.2,5.38,0.0
20231215:1930,0.0,0.0,0.0,-2.61,5.59,0.0
20231215:2030,0.0,0.0,0.0,-2.76,5.45,0.0
20231215:2130,0.0,0.0,0.0,-2.88,5.45,0.0
20231215:2230,0.0,0.0,0.0,-3.16,5.24,0.0
20231215:2330,0.0,0.0,0.0,-3.35,4.83,0.0
20231216:0030,0.0,0.0,0.0,-3.67,4.34,0.0
20231216:0130,0.0,0.0,0.0,-3.98,3.93,0.0
20231216:0230,0.0,0.0,0.0,-3.93,3.93,0.0
20231216:0330,0.0,0.0,0.0,-3.58,3.79,0.0
20231216:0430,0.0,0.0,0.0,-4.02,3.31,0.0
20231216:0530,0.0,0.0,0.0,-4.13,2.97,0.0
20231216:0630,40.48,57.07,3.24,-4.7,2.76,0.0
20231216:0730,155.77,174.66,9.07,-4.11,2.69,0.0
20231216:0830,225.52,244.8,13.12,-3.53,2.83,0.0
20231216:0930,261.98,282.25,15.06,-3.08,2.83,0.0
20231216:1030,230.07,251.31,14.7,-2.01,2.83,0.0
20231216:1130,56.96,76.11,12.08,-1.39,3.1,0.0
20231216:1230,27.36,43.21,7.44,-0.92,3.72,0.0
20231216:1330,0.25,6.11,1.13,-0.5,4.34,0.0
20231216:1430,0.0,0.0,0.0,-0.2,4.69,0.0
20231216:1530,0.0,0.0,0.0,0.19,4.9,0.0
20231216:1630,0.0,0.0,0.0,0.32,5.03,0.0
20231216:1730,0.0,0.0,0.0,0.4,4.9,0.0
20231216:1830,0.0,0.0,0.0,0.41,4.62,0.0
20231216:1930,0.0,0.0,0.0,0.47,4.62,0.0
20231216:2030,0.0,0.0,0.0,0.46,4.69,0.0
20231216:2130,0.0,0.0,0.0,0.67,4.83,0.0
20231216:2230,0.0,0.0,0.0,0.9,5.17,0.0
20231216:2330,0.0,0.0,0.0,1.15,5.31,0.0
20231217:0030,0.0,0.0,0.0,1.25,5.45,0.0
20231217:0130,0.0,0.0,0.0,1.29,5.93,0.0
20231217:0230,0.0,0.0,0.0,1.35,6.0,0.0
20231217:0330,0.0,0.0,0.0,1.32,6.28,0.0
20231217:0430,0.0,0.0,0.0,1.16,6.76,0.0
20231217:0530,0.0,0.0,0.0,1.29,7.1,0.0
20231217:0630,1.16,8.12,3.15,1.55,7.45,0.0
20231217:0730,14.85,28.31,9.0,1.57,6.62,0.0
20231217:0830,32.25,49.32,13.06,1.87,6.62,0.0
20231217:0930,36.02,53.69,15.01,2.09,6.69,0.0
20231217:1030,26.68,42.89,14.67,2.35,6.69,0.0
20231217:1130,13.39,26.53,12.07,2.6,6.69,0.0
20231217:1230,3.06,11.64,7.44,2.74,6.48,0.0
20231217:1330,0.0,2.68,1.15,2.77,6.0,0.0
20231217:1430,0.0,0.0,0.0,2.74,5.79,0.0
20231217:1530,0.0,0.0,0.0,2.74,5.45,0.0
20231217:1630,0.0,0.0,0.0,2.66,4.9,0.0
20231217:1730,0.0,0.0,0.0,2.56,4.55,0.0
20231217:1830,0.0,0.0,0.0,2.46,4.34,0.0
20231217:1930,0.0,0.0,0.0,2.28,4.0,0.0
20231217:2030,0.0,0.0,0.0,2.2,4.21,0.0
20231217:2130,0.0,0.0,0.0,2.34,4.55,0.0
20231217:2230,0.0,0.0,0.0,2.54,4.69,0.0
20231217:2330,0.0,0.0,0.0,2.65,4.69,0.0
20231218:0030,0.0,0.0,0.0,2.75,4.97,0.0
20231218:0130,0.0,0.0,0.0,2.83,4.97,0.0
20231218:0230,0.0,0.0,0.0,2.96,5.1,0.0
20231218:0330,0.0,0.0,0.0,3.16,5.45,0.0
20231218:0430,0.0,0.0,0.0,3.33,5.66,0.0
20231218:0530,0.0,0.0,0.0,3.35,5.45,0.0
20231218:0630,0.0,4.73,3.07,3.27,5.17,0.0
20231218:0730,7.17,18.06,8.93,3.19,4.97,0.0
20231218:0830,13.48,26.71,13.0,3.22,4.76,0.0
20231218:0930,22.09,37.54,14.97,3.23,4.55,0.0
20231218:1030,30.43,47.49,14.65,3.2,4.21,0.0
20231218:1130,15.69,29.56,12.06,3.18,4.21,0.0
20231218:1230,5.15,15.03,7.46,3.06,3.93,0.0
20231218:1330,0.0,2.85,1.17,2.88,3.79,0.0
20231218:1430,0.0,0.0,0.0,2.73,3.72,0.0
20231218:1530,0.0,0.0,0.0,2.7,3.79,0.0
20231218:1630,0.0,0.0,0.0,2.69,3.72,0.0
20231218:1730,0.0,0.0,0.0,2.67,3.45,0.0
20231218:1830,0.0,0.0,0.0,2.58,3.24,0.0
20231218:1930,0.0,0.0,0.0,2.42,3.03,0.0
20231218:2030,0.0,0.0,0.0,2.34,2.83,0.0
20231218:2130,0.0,0.0,0.0,2.31,2.97,0.0
20231218:2230,0.0,0.0,0.0,2.35,3.03,0.0
20231218:2330,0.0,0.0,0.0,2.34,2.97,0.0
20231219:0030,0.0,0.0,0.0,2.35,2.97,0.0
20231219:0130,0.0,0.0,0.0,2.38,3.1,0.0
20231219:0230,0.0,0.0,0.0,2.45,3.24,0.0
20231219:0330,0.0,0.0,0.0,2.51,3.17,0.0
20231219:0430,0.0,0.0,0.0,2.49,3.1,0.0
20231219:0530,0.0,0.0,0.0,2.51,3.24,0.0
20231219:0630,0.0,4.86,3.0,2.61,3.59,0.0
20231219:0730,5.2,15.07,8.86,2.44,3.72,0.0
20231219:0830,11.53,24.08,12.95,2.65,4.28,0.0
20231219:0930,11.04,23.45,14.94,3.0,4.69,0.0
20231219:1030,9.18,20.91,14.63,3.26,4.83,0.0
20231219:1130,6.01,16.36,12.07,3.49,4.9,0.0
20231219:1230,2.73,11.1,7.47,3.75,5.03,0.0
20231219:1330,0.0,2.99,1.21,3.93,4.97,0.0
20231219:1430,0.0,0.0,0.0,3.98,5.03,0.0
20231219:1530,0.0,0.0,0.0,4.04,4.97,0.0
20231219:1630,0.0,0.0,0.0,4.02,4.83,0.0
20231219:1730,0.0,0.0,0.0,3.96,4.62,0.0
20231219:1830,0.0,0.0,0.0,3.82,4.28,0.0
20231219:1930,0.0,0.0,0.0,3.59,3.86,0.0
20231219:2030,0.0,0.0,0.0,3.42,3.66,0.0
20231219:2130,0.0,0.0,0.0,3.38,3.86,0.0
20231219:2230,0.0,0.0,0.0,3.42,3.72,0.0
20231219:2330,0.0,0.0,0.0,3.4,4.07,0.0
20231220:0030,0.0,0.0,0.0,3.49,4.14,0.0
20231220:0130,0.0,0.0,0.0,3.38,4.34,0.0
20231220:0230,0.0,0.0,0.0,3.29,4.62,0.0
20231220:0330,0.0,0.0,0.0,3.16,4.48,0.0
20231220:0430,0.0,0.0,0.0,3.13,4.28,0.0
20231220:0530,0.0,0.0,0.0,3.03,4.28,0.0
20231220:0630,6.81,17.45,2.93,2.9,4.14,0.0
20231220:0730,26.57,42.41,8.81,3.3,4.14,0.0
20231220:0830,52.69,72.13,12.91,3.4,4.34,0.0
20231220:0930,59.16,79.44,14.91,3.92,4.55,0.0
20231220:1030,106.3,129.34,14.63,4.29,4.21,0.0
20231220:1130,191.51,217.24,12.08,4.61,3.72,0.0
20231220:1230,53.18,72.94,7.5,4.72,3.93,0.0
20231220:1330,0.54,6.87,1.24,4.27,3.59,0.0
20231220:1430,0.0,0.0,0.0,3.82,3.31,0.0
20231220:1530,0.0,0.0,0.0,3.5,3.24,0.0
20231220:1630,0.0,0.0,0.0,3.29,3.45,0.0
20231220:1730,0.0,0.0,0.0,3.11,3.72,0.0
20231220:1830,0.0,0.0,0.0,3.0,4.07,0.0
20231220:1930,0.0,0.0,0.0,3.15,4.28,0.0
20231220:2030,0.0,0.0,0.0,3.2,4.62,0.0
20231220:2130,0.0,0.0,0.0,3.32,4.83,0.0
20231220:2230,0.0,0.0,0.0,3.03,4.83,0.0
20231220:2330,0.0,0.0,0.0,2.81,4.76,0.0
20231221:0030,0.0,0.0,0.0,2.6,4.48,0.0
20231221:0130,0.0,0.0,0.0,2.52,4.28,0.0
20231221:0230,0.0,0.0,0.0,2.64,4.34,0.0
20231221:0330,0.0,0.0,0.0,2.59,4.28,0.0
20231221:0430,0.0,0.0,0.0,2.38,4.0,0.0
20231221:0530,0.0,0.0,0.0,2.14,3.93,0.0
20231221:0630,1.72,9.23,2.87,2.11,3.93,0.0
20231221:0730,40.88,58.86,8.76,2.52,3.79,0.0
20231221:0830,122.52,145.24,12.88,2.93,3.86,0.0
20231221:0930,166.86,190.97,14.9,3.26,4.14,0.0
20231221:1030,155.61,179.41,14.63,3.49,4.83,0.0
20231221:1130,135.01,158.39,12.1,3.38,4.14,0.0
20231221:1230,57.13,76.89,7.53,3.19,3.79,0.0
20231221:1330,1.06,7.94,1.29,2.87,3.66,0.0
20231221:1430,0.0,0.0,0.0,2.36,3.31,0.0
20231221:1530,0.0,0.0,0.0,1.86,3.45,0.0
20231221:1630,0.0,0.0,0.0,1.53,3.93,0.0
20231221:1730,0.0,0.0,0.0,1.63,4.48,0.0
20231221:1830,0.0,0.0,0.0,1.52,4.83,0.0
20231221:1930,0.0,0.0,0.0,1.13,4.76,0.0
20231221:2030,0.0,0.0,0.0,1.4,5.03,0.0
20231221:2130,0.0,0.0,0.0,0.98,5.17,0.0
20231221:2230,0.0,0.0,0.0,0.67,5.24,0.0
20231221:2330,0.0,0.0,0.0,0.54,5.24,0.0
20231222:0030,0.0,0.0,0.0,0.69,5.38,0.0
20231222:0130,0.0,0.0,0.0,0.85,5.52,0.0
20231222:0230,0.0,0.0,0.0,1.03,5.66,0.0
20231222:0330,0.0,0.0,0.0,1.03,5.86,0.0
20231222:0430,0.0,0.0,0.0,1.09,5.93,0.0
20231222:0530,0.0,0.0,0.0,1.18,5.79,0.0
20231222:0630,25.41,41.07,2.82,1.07,5.52,0.0
20231222:0730,61.94,81.24,8.72,1.06,5.38,0.0
20231222:0830,91.27,111.95,12.85,1.33,5.24,0.0
20231222:0930,84.36,104.88,14.89,1.43,4.69,0.0
20231222:1030,29.71,46.33,14.64,1.42,4.48,0.0
20231222:1130,16.69,30.63,12.12,1.29,4.34,0.0
20231222:1230,5.38,15.29,7.58,1.35,4.62,0.0
20231222:1330,0.0,2.85,1.34,1.31,3.72,0.0
20231222:1430,0.0,0.0,0.0,1.22,3.38,0.0
20231222:1530,0.0,0.0,0.0,1.35,3.17,0.0
20231222:1630,0.0,0.0,0.0,1.49,2.97,0.0
20231222:1730,0.0,0.0,0.0,1.6,2.97,0.0
20231222:1830,0.0,0.0,0.0,1.6,3.03,0.0
20231222:1930,0.0,0.0,0.0,1.17,3.24,0.0
20231222:2030,0.0,0.0,0.0,0.85,3.72,0.0
20231222:2130,0.0,0.0,0.0,0.34,3.86,0.0
20231222:2230,0.0,0.0,0.0,-0.58,3.66,0.0
20231222:2330,0.0,0.0,0.0,-1.42,3.72,0.0
20231223:0030,0.0,0.0,0.0,-1.87,3.86,0.0
20231223:0130,0.0,0.0,0.0,-1.24,4.21,0.0
20231223:0230,0.0,0.0,0.0,-0.63,4.28,0.0
20231223:0330,0.0,0.0,0.0,-0.19,4.41,0.0
20231223:0430,0.0,0.0,0.0,0.01,4.62,0.0
20231223:0530,0.0,0.0,0.0,-0.01,4.48,0.0
20231223:0630,7.55,18.37,2.77,0.07,4.34,0.0
20231223:0730,33.56,50.11,8.68,-0.06,4.34,0.0
20231223:0830,170.18,191.85,12.83,0.25,4.21,0.0
20231223:0930,469.11,501.99,14.89,0.65,3.86,0.0
20231223:1030,385.88,412.76,14.65,1.07,5.03,0.0
20231223:1130,213.78,236.44,12.16,1.06,4.76,0.0
20231223:1230,208.11,231.13,7.62,0.88,3.86,0.0
20231223:1330,1.38,8.52,1.4,0.2,3.24,0.0
20231223:1430,0.0,0.0,0.0,-0.93,3.03,0.0
20231223:1530,0.0,0.0,0.0,-1.56,3.03,0.0
20231223:1630,0.0,0.0,0.0,-1.9,3.24,0.0
20231223:1730,0.0,0.0,0.0,-2.28,3.52,0.0
20231223:1830,0.0,0.0,0.0,-2.49,3.79,0.0
20231223:1930,0.0,0.0,0.0,-1.63,4.14,0.0
20231223:2030,0.0,0.0,0.0,-1.15,4.41,0.0
20231223:2130,0.0,0.0,0.0,-0.8,4.69,0.0
20231223:2230,0.0,0.0,0.0,-0.82,4.69,0.0
20231223:2330,0.0,0.0,0.0,-1.28,4.34,0.0
20231224:0030,0.0,0.0,0.0,-1.81,4.34,0.0
20231224:0130,0.0,0.0,0.0,-1.88,4.48,0.0
20231224:0230,0.0,0.0,0.0,-1.65,4.62,0.0
20231224:0330,0.0,0.0,0.0,-1.42,4.76,0.0
20231224:0430,0.0,0.0,0.0,-1.2,5.03,0.0
20231224:0530,0.0,0.0,0.0,-0.95,5.31,0.0
20231224:0630,3.96,12.97,2.73,-0.91,5.24,0.0
20231224:0730,36.77,53.81,8.66,-0.23,5.45,0.0
20231224:0830,54.41,73.46,12.82,-0.1,5.03,0.0
20231224:0930,67.59,87.22,14.89,0.04,6.62,0.0
20231224:1030,75.56,95.6,14.68,0.12,7.17,0.0
20231224:1130,90.93,110.96,12.2,0.35,7.03,0.0
20231224:1230,106.25,126.58,7.68,0.22,6.0,0.0
20231224:1330,1.57,8.87,1.47,-0.08,5.93,0.0
20231224:1430,0.0,0.0,0.0,-0.37,5.52,0.0
20231224:1530,0.0,0.0,0.0,-0.18,5.45,0.0
20231224:1630,0.0,0.0,0.0,-0.15,5.24,0.0
20231224:1730,0.0,0.0,0.0,-0.22,4.83,0.0
20231224:1830,0.0,0.0,0.0,-0.23,4.62,0.0
20231224:1930,0.0,0.0,0.0,-0.18,4.69,0.0
20231224:2030,0.0,0.0,0.0,-0.36,4.62,0.0
20231224:2130,0.0,0.0,0.0,-0.68,4.21,0.0
20231224:2230,0.0,0.0,0.0,-0.98,3.59,0.0
20231224:2330,0.0,0.0,0.0,-1.48,3.1,0.0
20231225:0030,0.0,0.0,0.0,-1.75,3.38,0.0
20231225:0130,0.0,0.0,0.0,-1.72,3.59,0.0
20231225:0230,0.0,0.0,0.0,-1.61,3.79,0.0
20231225:0330,0.0,0.0,0.0,-1.76,4.48,0.0
20231225:0430,0.0,0.0,0.0,-1.87,5.1,0.0
20231225:0530,0.0,0.0,0.0,-1.79,5.31,0.0
20231225:0630,0.0,4.86,2.7,-1.61,5.38,0.0
20231225:0730,10.09,21.85,8.64,-0.97,5.86,0.0
20231225:0830,14.84,28.07,12.82,0.16,5.17,0.0
20231225:0930,24.92,40.57,14.91,1.98,5.38,0.0
20231225:1030,62.89,82.92,14.71,4.04,5.72,0.0
20231225:1130,83.1,104.34,12.25,5.14,5.86,0.0
20231225:1230,14.01,27.6,7.74,5.34,6.0,0.0
20231225:1330,0.52,6.82,1.54,5.25,6.0,0.0
20231225:1430,0.0,0.0,0.0,4.62,5.17,0.0
20231225:1530,0.0,0.0,0.0,4.21,4.97,0.0
20231225:1630,0.0,0.0,0.0,4.26,4.83,0.0
20231225:1730,0.0,0.0,0.0,4.06,5.03,0.0
20231225:1830,0.0,0.0,0.0,4.3,5.66,0.0
20231225:1930,0.0,0.0,0.0,4.39,5.52,0.0
20231225:2030,0.0,0.0,0.0,4.81,6.0,0.0
20231225:2130,0.0,0.0,0.0,4.56,6.76,0.0
20231225:2230,0.0,0.0,0.0,4.25,7.38,0.0
20231225:2330,0.0,0.0,0.0,3.83,7.45,0.0
20231226:0030,0.0,0.0,0.0,3.94,7.59,0.0
20231226:0130,0.0,0.0,0.0,3.86,7.66,0.0
20231226:0230,0.0,0.0,0.0,3.87,7.72,0.0
20231226:0330,0.0,0.0,0.0,3.93,7.79,0.0
20231226:0430,0.0,0.0,0.0,4.19,7.72,0.0
20231226:0530,0.0,0.0,0.0,3.91,7.45,0.0
20231226:0630,37.58,55.6,2.67,3.53,7.03,0.0
20231226:0730,94.72,116.66,8.62,3.99,6.76,0.0
20231226:0830,345.35,374.02,12.82,4.08,6.34,0.0
20231226:0930,406.52,440.09,14.93,4.49,5.31,0.0
20231226:1030,509.93,550.71,14.75,4.73,5.72,0.0
20231226:1130,436.34,472.61,12.3,4.83,5.38,0.0
20231226:1230,136.67,161.11,7.81,4.76,4.34,0.0
20231226:1330,0.83,7.49,1.62,4.47,3.66,0.0
20231226:1430,0.0,0.0,0.0,3.99,2.97,0.0
20231226:1530,0.0,0.0,0.0,3.36,2.9,0.0
20231226:1630,0.0,0.0,0.0,3.61,3.72,0.0
20231226:1730,0.0,0.0,0.0,5.16,5.31,0.0
20231226:1830,0.0,0.0,0.0,7.76,7.1,0.0
20231226:1930,0.0,0.0,0.0,7.71,7.03,0.0
20231226:2030,0.0,0.0,0.0,7.73,6.28,0.0
20231226:2130,0.0,0.0,0.0,7.11,5.45,0.0
20231226:2230,0.0,0.0,0.0,6.65,5.66,0.0
20231226:2330,0.0,0.0,0.0,6.26,6.34,0.0
20231227:0030,0.0,0.0,0.0,6.21,7.03,0.0
20231227:0130,0.0,0.0,0.0,5.96,6.9,0.0
20231227:0230,0.0,0.0,0.0,5.53,6.69,0.0
20231227:0330,0.0,0.0,0.0,5.51,6.76,0.0
20231227:0430,0.0,0.0,0.0,5.08,6.62,0.0
20231227:0530,0.0,0.0,0.0,4.58,6.07,0.0
20231227:0630,45.51,64.68,2.65,3.96,6.0,0.0
20231227:0730,54.56,73.69,8.62,3.59,7.38,0.0
20231227:0830,145.53,167.48,12.83,2.82,8.34,0.0
20231227:0930,221.97,244.16,14.96,2.46,8.48,0.0
20231227:1030,200.16,222.19,14.8,2.54,8.55,0.0
20231227:1130,248.01,271.17,12.37,2.65,7.79,0.0
20231227:1230,95.04,115.89,7.89,2.42,7.66,0.0
20231227:1330,1.49,8.78,1.71,2.24,6.48,0.0
20231227:1430,0.0,0.0,0.0,1.71,5.66,0.0
20231227:1530,0.0,0.0,0.0,1.35,5.79,0.0
20231227:1630,0.0,0.0,0.0,0.89,6.07,0.0
20231227:1730,0.0,0.0,0.0,0.84,6.14,0.0
20231227:1830,0.0,0.0,0.0,1.14,6.14,0.0
20231227:1930,0.0,0.0,0.0,0.34,5.52,0.0
20231227:2030,0.0,0.0,0.0,0.6,5.79,0.0
20231227:2130,0.0,0.0,0.0,1.25,6.0,0.0
20231227:2230,0.0,0.0,0.0,1.07,5.72,0.0
20231227:2330,0.0,0.0,0.0,1.05,5.52,0.0
20231228:0030,0.0,0.0,0.0,0.92,5.17,0.0
20231228:0130,0.0,0.0,0.0,0.48,4.9,0.0
20231228:0230,0.0,0.0,0.0,0.66,4.97,0.0
20231228:0330,0.0,0.0,0.0,0.46,4.76,0.0
20231228:0430,0.0,0.0,0.0,0.46,4.48,0.0
20231228:0530,0.0,0.0,0.0,0.0,4.14,0.0
20231228:0630,45.35,63.63,2.64,0.14,4.07,0.0
20231228:0730,151.47,173.02,8.62,0.38,3.79,0.0
20231228:0830,206.06,228.42,12.85,0.77,3.1,0.0
20231228:0930,208.89,231.82,15.0,1.38,4.28,0.0
20231228:1030,163.1,186.14,14.85,1.67,4.0,0.0
20231228:1130,86.62,107.88,12.44,1.95,3.86,0.0
20231228:1230,86.87,107.69,7.97,2.09,3.24,0.0
20231228:1330,1.8,9.36,1.8,1.96,2.69,0.0
20231228:1430,0.0,0.0,0.0,1.03,2.97,0.0
20231228:1530,0.0,0.0,0.0,0.15,3.38,0.0
20231228:1630,0.0,0.0,0.0,0.49,3.86,0.0
20231228:1730,0.0,0.0,0.0,1.25,4.28,0.0
20231228:1830,0.0,0.0,0.0,1.66,4.41,0.0
20231228:1930,0.0,0.0,0.0,1.71,4.34,0.0
20231228:2030,0.0,0.0,0.0,2.23,4.34,0.0
20231228:2130,0.0,0.0,0.0,2.81,4.21,0.0
20231228:2230,0.0,0.0,0.0,3.44,4.14,0.0
20231228:2330,0.0,0.0,0.0,3.98,3.86,0.0
20231229:0030,0.0,0.0,0.0,4.05,3.72,0.0
20231229:0130,0.0,0.0,0.0,4.55,3.66,0.0
20231229:0230,0.0,0.0,0.0,4.75,3.52,0.0
20231229:0330,0.0,0.0,0.0,4.49,3.59,0.0
20231229:0430,0.0,0.0,0.0,3.7,3.66,0.0
20231229:0530,0.0,0.0,0.0,3.13,3.72,0.0
20231229:0630,34.85,52.42,2.63,2.76,3.66,0.0
20231229:0730,55.46,75.25,8.63,3.93,3.79,0.0
20231229:0830,159.35,183.64,12.88,4.7,3.79,0.0
20231229:0930,116.87,140.3,15.04,5.38,3.66,0.0
20231229:1030,232.27,259.96,14.92,5.81,3.93,0.0
20231229:1130,150.55,175.71,12.52,6.35,4.07,0.0
20231229:1230,123.37,148.01,8.06,6.46,4.21,0.0
20231229:1330,2.48,10.75,1.9,6.07,4.0,0.0
20231229:1430,0.0,0.0,0.0,4.92,3.93,0.0
20231229:1530,0.0,0.0,0.0,4.02,4.0,0.0
20231229:1630,0.0,0.0,0.0,3.59,4.07,0.0
20231229:1730,0.0,0.0,0.0,3.66,4.21,0.0
20231229:1830,0.0,0.0,0.0,4.33,4.55,0.0
20231229:1930,0.0,0.0,0.0,5.19,4.9,0.0
20231229:2030,0.0,0.0,0.0,5.53,5.17,0.0
20231229:2130,0.0,0.0,0.0,5.58,4.97,0.0
20231229:2230,0.0,0.0,0.0,5.29,4.83,0.0
20231229:2330,0.0,0.0,0.0,4.76,4.83,0.0
20231230:0030,0.0,0.0,0.0,5.09,4.76,0.0
20231230:0130,0.0,0.0,0.0,5.04,4.55,0.0
20231230:0230,0.0,0.0,0.0,5.05,4.48,0.0
20231230:0330,0.0,0.0,0.0,5.14,4.28,0.0
20231230:0430,0.0,0.0,0.0,5.35,4.21,0.0
20231230:0530,0.0,0.0,0.0,5.3,4.28,0.0
20231230:0630,1.45,8.78,2.63,5.2,4.48,0.0
20231230:0730,17.54,32.15,8.65,5.27,4.41,0.0
20231230:0830,55.09,75.64,12.91,5.59,4.41,0.0
20231230:0930,70.36,92.59,15.09,6.09,3.93,0.0
20231230:1030,79.78,102.94,14.99,6.43,3.66,0.0
20231230:1130,71.55,93.93,12.6,6.78,4.0,0.0
20231230:1230,85.8,108.84,8.16,7.06,5.03,0.0
20231230:1330,1.54,9.01,2.0,7.08,5.24,0.0
20231230:1430,0.0,0.0,0.0,6.87,5.45,0.0
20231230:1530,0.0,0.0,0.0,6.48,5.59,0.0
20231230:1630,0.0,0.0,0.0,6.56,5.79,0.0
20231230:1730,0.0,0.0,0.0,6.78,6.14,0.0
20231230:1830,0.0,0.0,0.0,6.81,6.69,0.0
20231230:1930,0.0,0.0,0.0,6.3,7.1,0.0
20231230:2030,0.0,0.0,0.0,5.31,6.48,0.0
20231230:2130,0.0,0.0,0.0,4.56,5.86,0.0
20231230:2230,0.0,0.0,0.0,4.41,6.14,0.0
20231230:2330,0.0,0.0,0.0,4.2,5.79,0.0
20231231:0030,0.0,0.0,0.0,4.15,5.72,0.0
20231231:0130,0.0,0.0,0.0,4.05,5.66,0.0
20231231:0230,0.0,0.0,0.0,3.88,5.45,0.0
20231231:0330,0.0,0.0,0.0,3.78,5.38,0.0
20231231:0430,0.0,0.0,0.0,3.46,5.17,0.0
20231231:0530,0.0,0.0,0.0,3.13,4.9,0.0
20231231:0630,58.11,78.41,2.64,2.88,4.69,0.0
20231231:0730,163.81,187.08,8.67,3.08,5.03,0.0
20231231:0830,255.86,281.07,12.95,3.34,5.03,0.0
20231231:0930,300.87,327.45,15.15,3.5,5.45,0.0
20231231:1030,255.66,281.34,15.06,3.53,5.24,0.0
20231231:1130,195.7,219.9,12.69,3.48,5.31,0.0
20231231:1230,112.07,134.18,8.26,3.43,5.31,0.0
20231231:1330,1.3,8.43,2.11,3.14,5.45,0.0
20231231:1430,0.0,0.0,0.0,2.8,5.24,0.0
20231231:1530,0.0,0.0,0.0,2.76,5.1,0.0
20231231:1630,0.0,0.0,0.0,2.62,4.9,0.0
20231231:1730,0.0,0.0,0.0,2.49,4.69,0.0
20231231:1830,0.0,0.0,0.0,2.38,4.48,0.0
20231231:1930,0.0,0.0,0.0,2.24,4.28,0.0
20231231:2030,0.0,0.0,0.0,2.11,3.93,0.0
20231231:2130,0.0,0.0,0.0,1.99,3.52,0.0
20231231:2230,0.0,0.0,0.0,1.9,3.1,0.0
20231231:2330,0.0,0.0,0.0,1.53,2.69,0.0

P: PV system power (W)
G(i): Global irradiance on the inclined plane (plane of the array) (W/m2)
H_sun: Sun height (degree)
T2m: 2-m air temperature (degree Celsius)
WS10m: 10-m total wind speed (m/s)
Int: 1 means solar radiation values are reconstructed



PVGIS (c) European Union, 2001-2025