Latitude (decimal degrees):	48.924
Longitude (decimal degrees):	24.699
Elevation (m):	250
Radiation database:	PVGIS-ERA5


Slope: 42 deg. 
Azimuth: 0 deg. 
Nominal power of the PV system (c-Si) (kWp):	1.0
System losses (%):	10.0
time,P,G(i),H_sun,T2m,WS10m,Int
20230101:0030,0.0,0.0,0.0,11.16,6.21,0.0
20230101:0130,0.0,0.0,0.0,11.05,6.21,0.0
20230101:0230,0.0,0.0,0.0,10.87,6.07,0.0
20230101:0330,0.0,0.0,0.0,11.02,6.21,0.0
20230101:0430,0.0,0.0,0.0,11.24,6.41,0.0
20230101:0530,0.0,0.0,0.0,11.5,6.48,0.0
20230101:0630,0.74,7.44,1.14,11.5,6.34,0.0
20230101:0730,132.76,161.35,8.22,11.84,6.97,0.0
20230101:0830,351.85,395.19,13.65,12.51,6.97,0.0
20230101:0930,418.49,470.45,17.04,13.45,6.69,0.0
20230101:1030,422.26,475.85,18.06,13.9,6.76,0.0
20230101:1130,335.73,381.57,16.6,14.23,6.48,0.0
20230101:1230,108.33,137.28,12.82,14.46,6.83,0.0
20230101:1330,22.49,39.6,7.06,14.19,6.07,0.0
20230101:1430,0.0,0.0,-0.27,13.59,5.31,0.0
20230101:1530,0.0,0.0,0.0,12.91,4.62,0.0
20230101:1630,0.0,0.0,0.0,12.31,4.28,0.0
20230101:1730,0.0,0.0,0.0,11.52,4.55,0.0
20230101:1830,0.0,0.0,0.0,11.31,4.9,0.0
20230101:1930,0.0,0.0,0.0,11.47,5.1,0.0
20230101:2030,0.0,0.0,0.0,11.41,4.9,0.0
20230101:2130,0.0,0.0,0.0,11.19,4.69,0.0
20230101:2230,0.0,0.0,0.0,11.08,4.62,0.0
20230101:2330,0.0,0.0,0.0,10.93,4.07,0.0
20230102:0030,0.0,0.0,0.0,10.43,2.97,0.0
20230102:0130,0.0,0.0,0.0,9.15,1.79,0.0
20230102:0230,0.0,0.0,0.0,7.28,1.66,0.0
20230102:0330,0.0,0.0,0.0,7.03,1.1,0.0
20230102:0430,0.0,0.0,0.0,4.9,1.66,0.0
20230102:0530,0.0,0.0,0.0,3.77,2.14,0.0
20230102:0630,1.13,8.11,1.16,3.61,2.34,0.0
20230102:0730,285.48,318.34,8.25,4.53,2.28,0.0
20230102:0830,463.57,516.51,13.7,6.54,1.93,0.0
20230102:0930,560.99,641.47,17.11,9.85,1.66,0.0
20230102:1030,582.72,679.0,18.14,11.93,1.24,0.0
20230102:1130,534.33,624.72,16.7,13.2,1.03,0.0
20230102:1230,408.76,473.55,12.93,13.66,1.24,0.0
20230102:1330,234.35,276.21,7.18,13.22,1.38,0.0
20230102:1430,0.0,0.0,-0.14,11.78,2.0,0.0
20230102:1530,0.0,0.0,0.0,9.91,2.28,0.0
20230102:1630,0.0,0.0,0.0,8.81,2.21,0.0
20230102:1730,0.0,0.0,0.0,8.2,2.07,0.0
20230102:1830,0.0,0.0,0.0,7.57,2.14,0.0
20230102:1930,0.0,0.0,0.0,7.06,1.52,0.0
20230102:2030,0.0,0.0,0.0,7.14,1.45,0.0
20230102:2130,0.0,0.0,0.0,6.02,1.66,0.0
20230102:2230,0.0,0.0,0.0,5.69,1.45,0.0
20230102:2330,0.0,0.0,0.0,7.26,0.69,0.0
20230103:0030,0.0,0.0,0.0,7.53,0.41,0.0
20230103:0130,0.0,0.0,0.0,6.17,1.45,0.0
20230103:0230,0.0,0.0,0.0,3.92,2.14,0.0
20230103:0330,0.0,0.0,0.0,3.75,2.9,0.0
20230103:0430,0.0,0.0,0.0,4.58,3.17,0.0
20230103:0530,0.0,0.0,0.0,5.25,3.1,0.0
20230103:0630,0.94,7.75,1.18,5.58,2.97,0.0
20230103:0730,240.51,272.55,8.28,6.84,3.1,0.0
20230103:0830,392.53,437.29,13.76,8.4,3.1,0.0
20230103:0930,437.32,489.88,17.18,9.97,3.03,0.0
20230103:1030,280.7,317.95,18.24,10.88,3.79,0.0
20230103:1130,79.28,103.6,16.81,10.96,4.62,0.0
20230103:1230,18.55,34.01,13.06,10.56,4.34,0.0
20230103:1330,15.79,30.3,7.31,9.93,4.0,0.0
20230103:1430,0.0,0.0,-0.0,9.41,3.72,0.0
20230103:1530,0.0,0.0,0.0,8.64,3.52,0.0
20230103:1630,0.0,0.0,0.0,8.09,3.59,0.0
20230103:1730,0.0,0.0,0.0,7.49,3.59,0.0
20230103:1830,0.0,0.0,0.0,7.19,3.59,0.0
20230103:1930,0.0,0.0,0.0,6.7,3.59,0.0
20230103:2030,0.0,0.0,0.0,6.47,3.45,0.0
20230103:2130,0.0,0.0,0.0,6.05,3.45,0.0
20230103:2230,0.0,0.0,0.0,5.72,3.45,0.0
20230103:2330,0.0,0.0,0.0,5.47,3.52,0.0
20230104:0030,0.0,0.0,0.0,5.11,3.59,0.0
20230104:0130,0.0,0.0,0.0,4.72,3.72,0.0
20230104:0230,0.0,0.0,0.0,3.86,3.59,0.0
20230104:0330,0.0,0.0,0.0,3.28,3.45,0.0
20230104:0430,0.0,0.0,0.0,3.05,3.31,0.0
20230104:0530,0.0,0.0,0.0,2.5,2.97,0.0
20230104:0630,0.19,6.01,1.2,2.21,2.55,0.0
20230104:0730,127.75,150.76,8.33,2.09,2.21,0.0
20230104:0830,389.3,425.88,13.82,2.88,1.93,0.0
20230104:0930,489.29,534.25,17.27,3.59,2.76,0.0
20230104:1030,511.48,560.55,18.34,4.23,2.76,0.0
20230104:1130,573.09,634.41,16.93,4.63,2.34,0.0
20230104:1230,500.74,555.91,13.19,5.14,1.93,0.0
20230104:1330,276.44,312.35,7.45,5.46,1.24,0.0
20230104:1430,0.0,4.96,0.14,4.76,0.83,0.0
20230104:1530,0.0,0.0,0.0,2.69,2.07,0.0
20230104:1630,0.0,0.0,0.0,1.49,2.21,0.0
20230104:1730,0.0,0.0,0.0,1.37,2.0,0.0
20230104:1830,0.0,0.0,0.0,1.41,2.14,0.0
20230104:1930,0.0,0.0,0.0,3.54,4.07,0.0
20230104:2030,0.0,0.0,0.0,4.78,5.31,0.0
20230104:2130,0.0,0.0,0.0,5.7,5.93,0.0
20230104:2230,0.0,0.0,0.0,6.27,7.03,0.0
20230104:2330,0.0,0.0,0.0,6.35,7.66,0.0
20230105:0030,0.0,0.0,0.0,6.15,7.45,0.0
20230105:0130,0.0,0.0,0.0,5.83,6.69,0.0
20230105:0230,0.0,0.0,0.0,6.1,6.55,0.0
20230105:0330,0.0,0.0,0.0,6.34,7.24,0.0
20230105:0430,0.0,0.0,0.0,6.5,8.0,0.0
20230105:0530,0.0,0.0,0.0,6.58,8.0,0.0
20230105:0630,1.62,9.14,1.24,6.54,7.66,0.0
20230105:0730,31.5,49.28,8.38,6.61,8.0,0.0
20230105:0830,43.02,62.7,13.89,6.86,7.93,0.0
20230105:0930,69.21,91.88,17.36,7.04,7.66,0.0
20230105:1030,156.18,183.39,18.45,7.42,7.24,0.0
20230105:1130,226.36,256.1,17.06,7.84,6.0,0.0
20230105:1230,285.55,317.24,13.32,7.86,6.62,0.0
20230105:1330,152.1,179.11,7.59,7.67,6.21,0.0
20230105:1430,0.0,4.8,0.28,7.52,6.0,0.0
20230105:1530,0.0,0.0,0.0,7.31,5.72,0.0
20230105:1630,0.0,0.0,0.0,7.1,5.52,0.0
20230105:1730,0.0,0.0,0.0,6.92,5.52,0.0
20230105:1830,0.0,0.0,0.0,6.72,5.72,0.0
20230105:1930,0.0,0.0,0.0,6.54,5.86,0.0
20230105:2030,0.0,0.0,0.0,6.3,6.34,0.0
20230105:2130,0.0,0.0,0.0,5.9,6.97,0.0
20230105:2230,0.0,0.0,0.0,5.37,7.31,0.0
20230105:2330,0.0,0.0,0.0,4.89,7.03,0.0
20230106:0030,0.0,0.0,0.0,4.52,6.97,0.0
20230106:0130,0.0,0.0,0.0,4.15,7.1,0.0
20230106:0230,0.0,0.0,0.0,3.83,7.24,0.0
20230106:0330,0.0,0.0,0.0,3.44,7.17,0.0
20230106:0430,0.0,0.0,0.0,2.95,7.1,0.0
20230106:0530,0.0,0.0,0.0,2.48,6.83,0.0
20230106:0630,0.0,3.0,1.28,2.04,6.28,0.0
20230106:0730,15.17,28.6,8.43,1.74,5.45,0.0
20230106:0830,44.72,62.95,13.97,1.58,4.48,0.0
20230106:0930,74.66,94.96,17.45,1.61,4.48,0.0
20230106:1030,166.6,189.16,18.57,1.67,4.55,0.0
20230106:1130,83.78,104.98,17.19,1.87,4.34,0.0
20230106:1230,55.39,74.91,13.47,1.91,4.07,0.0
20230106:1330,77.07,97.61,7.74,1.93,3.93,0.0
20230106:1430,0.01,5.54,0.44,1.7,2.9,0.0
20230106:1530,0.0,0.0,0.0,1.25,2.34,0.0
20230106:1630,0.0,0.0,0.0,0.98,1.59,0.0
20230106:1730,0.0,0.0,0.0,0.67,0.83,0.0
20230106:1830,0.0,0.0,0.0,1.04,0.28,0.0
20230106:1930,0.0,0.0,0.0,0.44,1.24,0.0
20230106:2030,0.0,0.0,0.0,0.35,1.66,0.0
20230106:2130,0.0,0.0,0.0,0.16,1.93,0.0
20230106:2230,0.0,0.0,0.0,0.52,2.07,0.0
20230106:2330,0.0,0.0,0.0,1.14,2.14,0.0
20230107:0030,0.0,0.0,0.0,1.39,1.93,0.0
20230107:0130,0.0,0.0,0.0,1.58,1.52,0.0
20230107:0230,0.0,0.0,0.0,2.13,1.31,0.0
20230107:0330,0.0,0.0,0.0,3.06,2.28,0.0
20230107:0430,0.0,0.0,0.0,3.8,2.97,0.0
20230107:0530,0.0,0.0,0.0,4.46,3.52,0.0
20230107:0630,0.0,2.96,1.32,4.88,3.59,0.0
20230107:0730,5.09,15.02,8.5,4.61,3.17,0.0
20230107:0830,24.62,40.81,14.05,4.96,3.1,0.0
20230107:0930,37.12,55.61,17.56,5.54,3.03,0.0
20230107:1030,168.71,194.43,18.69,5.9,2.97,0.0
20230107:1130,256.55,286.84,17.33,6.21,3.38,0.0
20230107:1230,224.3,253.01,13.62,6.24,3.38,0.0
20230107:1330,138.87,164.78,7.89,5.89,2.76,0.0
20230107:1430,0.0,3.1,0.59,5.25,2.21,0.0
20230107:1530,0.0,0.0,0.0,4.56,1.72,0.0
20230107:1630,0.0,0.0,0.0,4.11,1.52,0.0
20230107:1730,0.0,0.0,0.0,3.42,1.59,0.0
20230107:1830,0.0,0.0,0.0,3.15,1.59,0.0
20230107:1930,0.0,0.0,0.0,2.74,2.07,0.0
20230107:2030,0.0,0.0,0.0,2.58,2.28,0.0
20230107:2130,0.0,0.0,0.0,2.38,2.34,0.0
20230107:2230,0.0,0.0,0.0,2.16,2.48,0.0
20230107:2330,0.0,0.0,0.0,1.98,2.48,0.0
20230108:0030,0.0,0.0,0.0,1.7,2.48,0.0
20230108:0130,0.0,0.0,0.0,1.39,2.69,0.0
20230108:0230,0.0,0.0,0.0,0.99,2.83,0.0
20230108:0330,0.0,0.0,0.0,0.79,3.1,0.0
20230108:0430,0.0,0.0,0.0,0.75,3.31,0.0
20230108:0530,0.0,0.0,0.0,0.57,3.52,0.0
20230108:0630,1.37,8.52,1.38,0.36,3.59,0.0
20230108:0730,53.93,72.53,8.57,0.26,3.66,0.0
20230108:0830,128.87,149.94,14.14,0.78,4.41,0.0
20230108:0930,208.72,231.83,17.67,1.47,4.41,0.0
20230108:1030,120.97,143.18,18.82,2.33,4.62,0.0
20230108:1130,79.38,100.43,17.48,2.54,4.83,0.0
20230108:1230,107.94,129.72,13.77,2.83,5.1,0.0
20230108:1330,50.33,69.39,8.05,3.1,5.31,0.0
20230108:1430,0.0,4.92,0.75,2.74,4.41,0.0
20230108:1530,0.0,0.0,0.0,2.15,4.34,0.0
20230108:1630,0.0,0.0,0.0,1.73,4.14,0.0
20230108:1730,0.0,0.0,0.0,1.55,4.07,0.0
20230108:1830,0.0,0.0,0.0,1.47,4.21,0.0
20230108:1930,0.0,0.0,0.0,0.75,4.07,0.0
20230108:2030,0.0,0.0,0.0,0.56,4.21,0.0
20230108:2130,0.0,0.0,0.0,0.39,4.21,0.0
20230108:2230,0.0,0.0,0.0,0.2,4.07,0.0
20230108:2330,0.0,0.0,0.0,0.02,4.0,0.0
20230109:0030,0.0,0.0,0.0,-0.04,4.0,0.0
20230109:0130,0.0,0.0,0.0,0.28,4.07,0.0
20230109:0230,0.0,0.0,0.0,0.57,3.93,0.0
20230109:0330,0.0,0.0,0.0,0.72,3.79,0.0
20230109:0430,0.0,0.0,0.0,0.72,3.66,0.0
20230109:0530,0.0,0.0,0.0,0.68,3.52,0.0
20230109:0630,1.18,8.16,1.44,1.11,3.45,0.0
20230109:0730,130.02,152.43,8.65,1.62,3.1,0.0
20230109:0830,287.12,314.33,14.24,2.67,3.1,0.0
20230109:0930,353.67,385.12,17.79,4.13,3.59,0.0
20230109:1030,343.28,377.3,18.96,5.32,3.72,0.0
20230109:1130,143.29,169.83,17.63,6.33,3.72,0.0
20230109:1230,76.79,99.58,13.93,6.31,3.45,0.0
20230109:1330,17.52,32.21,8.22,6.01,3.45,0.0
20230109:1430,0.0,3.76,0.92,5.34,3.52,0.0
20230109:1530,0.0,0.0,0.0,4.75,3.66,0.0
20230109:1630,0.0,0.0,0.0,4.41,3.59,0.0
20230109:1730,0.0,0.0,0.0,4.17,3.31,0.0
20230109:1830,0.0,0.0,0.0,4.07,2.97,0.0
20230109:1930,0.0,0.0,0.0,3.36,3.03,0.0
20230109:2030,0.0,0.0,0.0,3.05,3.03,0.0
20230109:2130,0.0,0.0,0.0,2.56,3.03,0.0
20230109:2230,0.0,0.0,0.0,2.49,2.97,0.0
20230109:2330,0.0,0.0,0.0,2.74,2.62,0.0
20230110:0030,0.0,0.0,0.0,2.91,2.55,0.0
20230110:0130,0.0,0.0,0.0,3.01,2.69,0.0
20230110:0230,0.0,0.0,0.0,3.05,2.83,0.0
20230110:0330,0.0,0.0,0.0,3.09,2.9,0.0
20230110:0430,0.0,0.0,0.0,3.09,3.03,0.0
20230110:0530,0.0,0.0,0.0,3.1,3.17,0.0
20230110:0630,0.0,5.07,1.51,3.07,3.24,0.0
20230110:0730,14.86,28.46,8.73,3.38,3.72,0.0
20230110:0830,66.56,87.4,14.35,3.61,4.07,0.0
20230110:0930,165.5,190.27,17.92,4.05,5.31,0.0
20230110:1030,140.78,165.11,19.11,4.39,5.17,0.0
20230110:1130,57.64,77.91,17.79,4.51,5.03,0.0
20230110:1230,26.22,42.59,14.1,4.33,4.48,0.0
20230110:1330,16.59,30.63,8.39,3.76,3.72,0.0
20230110:1430,0.0,4.98,1.09,3.16,3.45,0.0
20230110:1530,0.0,0.0,0.0,2.6,2.9,0.0
20230110:1630,0.0,0.0,0.0,2.15,2.55,0.0
20230110:1730,0.0,0.0,0.0,1.98,2.28,0.0
20230110:1830,0.0,0.0,0.0,1.99,1.86,0.0
20230110:1930,0.0,0.0,0.0,1.21,2.21,0.0
20230110:2030,0.0,0.0,0.0,1.21,2.14,0.0
20230110:2130,0.0,0.0,0.0,1.12,2.07,0.0
20230110:2230,0.0,0.0,0.0,1.02,1.86,0.0
20230110:2330,0.0,0.0,0.0,0.97,1.52,0.0
20230111:0030,0.0,0.0,0.0,1.0,1.59,0.0
20230111:0130,0.0,0.0,0.0,1.08,1.79,0.0
20230111:0230,0.0,0.0,0.0,1.16,1.93,0.0
20230111:0330,0.0,0.0,0.0,1.29,2.0,0.0
20230111:0430,0.0,0.0,0.0,1.44,2.28,0.0
20230111:0530,0.0,0.0,0.0,1.52,2.69,0.0
20230111:0630,0.0,5.33,1.58,1.48,3.03,0.0
20230111:0730,20.09,34.68,8.83,1.08,4.14,0.0
20230111:0830,85.65,106.04,14.46,1.06,4.41,0.0
20230111:0930,195.99,218.82,18.05,1.31,4.48,0.0
20230111:1030,258.15,282.73,19.26,1.76,4.55,0.0
20230111:1130,253.68,278.22,17.96,2.13,4.69,0.0
20230111:1230,222.87,247.5,14.28,2.34,4.48,0.0
20230111:1330,144.9,168.35,8.57,2.33,4.28,0.0
20230111:1430,1.0,7.8,1.27,1.96,3.59,0.0
20230111:1530,0.0,0.0,0.0,0.86,3.45,0.0
20230111:1630,0.0,0.0,0.0,0.12,3.66,0.0
20230111:1730,0.0,0.0,0.0,-0.48,3.66,0.0
20230111:1830,0.0,0.0,0.0,-0.87,3.66,0.0
20230111:1930,0.0,0.0,0.0,-1.49,3.24,0.0
20230111:2030,0.0,0.0,0.0,-1.85,3.1,0.0
20230111:2130,0.0,0.0,0.0,-2.06,3.17,0.0
20230111:2230,0.0,0.0,0.0,-2.18,3.03,0.0
20230111:2330,0.0,0.0,0.0,-1.97,2.76,0.0
20230112:0030,0.0,0.0,0.0,-2.01,2.28,0.0
20230112:0130,0.0,0.0,0.0,-2.07,2.14,0.0
20230112:0230,0.0,0.0,0.0,-2.1,2.83,0.0
20230112:0330,0.0,0.0,0.0,-2.14,3.03,0.0
20230112:0430,0.0,0.0,0.0,-1.75,2.34,0.0
20230112:0530,0.0,0.0,0.0,-0.94,2.0,0.0
20230112:0630,1.99,9.64,1.66,-0.85,2.07,0.0
20230112:0730,243.55,267.32,8.93,-0.97,2.28,0.0
20230112:0830,296.4,322.59,14.58,0.15,2.07,0.0
20230112:0930,238.43,265.09,18.19,1.93,2.21,0.0
20230112:1030,149.23,174.55,19.42,3.12,2.07,0.0
20230112:1130,131.47,156.38,18.13,3.53,1.93,0.0
20230112:1230,191.42,218.17,14.46,3.6,2.0,0.0
20230112:1330,134.04,158.72,8.75,3.7,2.0,0.0
20230112:1430,1.66,9.14,1.45,3.02,2.07,0.0
20230112:1530,0.0,0.0,0.0,1.78,2.28,0.0
20230112:1630,0.0,0.0,0.0,0.72,2.14,0.0
20230112:1730,0.0,0.0,0.0,0.09,2.21,0.0
20230112:1830,0.0,0.0,0.0,-0.32,2.21,0.0
20230112:1930,0.0,0.0,0.0,-1.19,2.0,0.0
20230112:2030,0.0,0.0,0.0,-1.11,2.0,0.0
20230112:2130,0.0,0.0,0.0,-1.01,1.86,0.0
20230112:2230,0.0,0.0,0.0,-1.39,2.0,0.0
20230112:2330,0.0,0.0,0.0,-1.39,2.21,0.0
20230113:0030,0.0,0.0,0.0,-1.32,2.21,0.0
20230113:0130,0.0,0.0,0.0,-1.22,2.14,0.0
20230113:0230,0.0,0.0,0.0,-1.09,1.93,0.0
20230113:0330,0.0,0.0,0.0,-1.12,1.66,0.0
20230113:0430,0.0,0.0,0.0,-1.1,1.66,0.0
20230113:0530,0.0,0.0,0.0,-1.12,1.93,0.0
20230113:0630,1.48,8.7,1.75,-0.49,1.93,0.0
20230113:0730,247.76,272.66,9.03,-0.41,2.0,0.0
20230113:0830,435.36,472.36,14.71,0.87,1.86,0.0
20230113:0930,513.06,561.26,18.34,2.73,2.14,0.0
20230113:1030,483.69,531.3,19.59,4.25,2.28,0.0
20230113:1130,518.08,571.95,18.31,5.16,2.34,0.0
20230113:1230,452.37,501.12,14.64,5.9,2.34,0.0
20230113:1330,289.95,325.87,8.94,6.02,2.14,0.0
20230113:1430,2.54,10.8,1.64,4.75,2.34,0.0
20230113:1530,0.0,0.0,0.0,3.0,2.55,0.0
20230113:1630,0.0,0.0,0.0,1.56,2.48,0.0
20230113:1730,0.0,0.0,0.0,0.82,2.28,0.0
20230113:1830,0.0,0.0,0.0,0.17,2.21,0.0
20230113:1930,0.0,0.0,0.0,-0.18,2.07,0.0
20230113:2030,0.0,0.0,0.0,-0.49,2.07,0.0
20230113:2130,0.0,0.0,0.0,-0.78,2.14,0.0
20230113:2230,0.0,0.0,0.0,-0.88,2.07,0.0
20230113:2330,0.0,0.0,0.0,-0.92,2.0,0.0
20230114:0030,0.0,0.0,0.0,-0.82,1.93,0.0
20230114:0130,0.0,0.0,0.0,-0.56,1.86,0.0
20230114:0230,0.0,0.0,0.0,0.02,1.59,0.0
20230114:0330,0.0,0.0,0.0,0.46,1.45,0.0
20230114:0430,0.0,0.0,0.0,0.42,1.45,0.0
20230114:0530,0.0,0.0,0.0,0.12,1.66,0.0
20230114:0630,3.04,11.52,1.84,0.39,1.52,0.0
20230114:0730,200.38,224.82,9.14,-0.09,1.31,0.0
20230114:0830,193.27,218.9,14.84,1.48,0.9,0.0
20230114:0930,110.99,134.77,18.5,2.95,0.69,0.0
20230114:1030,83.39,105.77,19.76,3.67,0.62,0.0
20230114:1130,120.91,144.99,18.49,4.03,0.69,0.0
20230114:1230,34.08,51.96,14.83,4.35,0.83,0.0
20230114:1330,59.1,79.55,9.13,4.31,1.1,0.0
20230114:1430,1.65,9.14,1.83,3.96,1.31,0.0
20230114:1530,0.0,0.0,0.0,2.98,1.72,0.0
20230114:1630,0.0,0.0,0.0,1.97,1.86,0.0
20230114:1730,0.0,0.0,0.0,0.9,2.07,0.0
20230114:1830,0.0,0.0,0.0,0.13,2.07,0.0
20230114:1930,0.0,0.0,0.0,-0.47,2.07,0.0
20230114:2030,0.0,0.0,0.0,-1.14,2.0,0.0
20230114:2130,0.0,0.0,0.0,-1.53,1.86,0.0
20230114:2230,0.0,0.0,0.0,-1.8,2.0,0.0
20230114:2330,0.0,0.0,0.0,-1.78,2.0,0.0
20230115:0030,0.0,0.0,0.0,-1.65,1.93,0.0
20230115:0130,0.0,0.0,0.0,-1.31,1.86,0.0
20230115:0230,0.0,0.0,0.0,-1.29,2.14,0.0
20230115:0330,0.0,0.0,0.0,-1.16,2.28,0.0
20230115:0430,0.0,0.0,0.0,-0.89,2.34,0.0
20230115:0530,0.0,0.0,0.0,-0.86,2.48,0.0
20230115:0630,2.9,11.25,1.94,-0.38,2.48,0.0
20230115:0730,235.07,259.96,9.26,0.29,2.62,0.0
20230115:0830,396.7,430.87,14.98,1.59,2.34,0.0
20230115:0930,544.66,595.99,18.66,3.21,2.62,0.0
20230115:1030,605.06,667.35,19.94,4.67,3.1,0.0
20230115:1130,590.57,652.92,18.69,5.67,3.38,0.0
20230115:1230,436.48,481.1,15.03,6.39,3.38,0.0
20230115:1330,326.53,363.94,9.33,6.25,3.24,0.0
20230115:1430,3.09,11.79,2.02,5.22,2.9,0.0
20230115:1530,0.0,0.0,0.0,3.48,2.76,0.0
20230115:1630,0.0,0.0,0.0,2.21,2.83,0.0
20230115:1730,0.0,0.0,0.0,1.5,2.9,0.0
20230115:1830,0.0,0.0,0.0,0.97,2.9,0.0
20230115:1930,0.0,0.0,0.0,0.73,2.48,0.0
20230115:2030,0.0,0.0,0.0,0.21,2.21,0.0
20230115:2130,0.0,0.0,0.0,-0.38,2.0,0.0
20230115:2230,0.0,0.0,0.0,-0.58,1.93,0.0
20230115:2330,0.0,0.0,0.0,-0.36,2.0,0.0
20230116:0030,0.0,0.0,0.0,0.1,1.93,0.0
20230116:0130,0.0,0.0,0.0,0.32,2.0,0.0
20230116:0230,0.0,0.0,0.0,0.44,2.21,0.0
20230116:0330,0.0,0.0,0.0,0.35,2.41,0.0
20230116:0430,0.0,0.0,0.0,0.27,2.48,0.0
20230116:0530,0.0,0.0,0.0,0.27,2.55,0.0
20230116:0630,0.34,6.32,2.05,0.24,2.55,0.0
20230116:0730,27.54,43.6,9.39,0.62,2.48,0.0
20230116:0830,61.75,81.61,15.13,1.14,2.34,0.0
20230116:0930,120.03,143.04,18.83,1.86,2.62,0.0
20230116:1030,118.9,142.08,20.13,2.54,2.97,0.0
20230116:1130,102.01,125.03,18.89,2.86,3.24,0.0
20230116:1230,69.62,90.97,15.24,3.06,3.52,0.0
20230116:1330,27.94,44.48,9.53,2.94,3.72,0.0
20230116:1430,2.63,10.89,2.22,2.44,3.72,0.0
20230116:1530,0.0,0.0,0.0,1.76,3.93,0.0
20230116:1630,0.0,0.0,0.0,1.34,4.0,0.0
20230116:1730,0.0,0.0,0.0,1.01,3.86,0.0
20230116:1830,0.0,0.0,0.0,0.7,3.66,0.0
20230116:1930,0.0,0.0,0.0,0.35,3.38,0.0
20230116:2030,0.0,0.0,0.0,0.51,3.1,0.0
20230116:2130,0.0,0.0,0.0,0.77,2.83,0.0
20230116:2230,0.0,0.0,0.0,1.15,2.9,0.0
20230116:2330,0.0,0.0,0.0,1.33,3.03,0.0
20230117:0030,0.0,0.0,0.0,1.14,2.97,0.0
20230117:0130,0.0,0.0,0.0,0.64,2.83,0.0
20230117:0230,0.0,0.0,0.0,0.36,2.76,0.0
20230117:0330,0.0,0.0,0.0,0.29,2.69,0.0
20230117:0430,0.0,0.0,0.0,0.39,2.62,0.0
20230117:0530,0.0,0.0,0.0,0.13,2.55,0.0
20230117:0630,1.36,8.47,2.17,-0.04,2.55,0.0
20230117:0730,108.94,130.65,9.53,0.54,2.41,0.0
20230117:0830,269.23,296.15,15.29,1.81,2.48,0.0
20230117:0930,136.38,160.76,19.01,3.52,2.69,0.0
20230117:1030,201.41,228.53,20.32,4.45,2.76,0.0
20230117:1130,172.97,199.55,19.09,5.34,2.69,0.0
20230117:1230,520.99,578.19,15.44,6.09,2.62,0.0
20230117:1330,300.47,337.71,9.74,7.07,2.69,0.0
20230117:1430,98.11,126.17,2.43,6.44,2.62,0.0
20230117:1530,0.0,0.0,0.0,4.87,2.9,0.0
20230117:1630,0.0,0.0,0.0,3.85,2.83,0.0
20230117:1730,0.0,0.0,0.0,3.01,2.83,0.0
20230117:1830,0.0,0.0,0.0,2.43,2.97,0.0
20230117:1930,0.0,0.0,0.0,2.94,3.31,0.0
20230117:2030,0.0,0.0,0.0,3.54,4.0,0.0
20230117:2130,0.0,0.0,0.0,4.02,4.0,0.0
20230117:2230,0.0,0.0,0.0,4.2,3.79,0.0
20230117:2330,0.0,0.0,0.0,4.14,3.72,0.0
20230118:0030,0.0,0.0,0.0,4.02,3.86,0.0
20230118:0130,0.0,0.0,0.0,3.93,4.07,0.0
20230118:0230,0.0,0.0,0.0,3.67,4.34,0.0
20230118:0330,0.0,0.0,0.0,3.96,4.34,0.0
20230118:0430,0.0,0.0,0.0,4.21,4.14,0.0
20230118:0530,0.0,0.0,0.0,4.34,4.14,0.0
20230118:0630,4.08,13.4,2.29,4.42,4.14,0.0
20230118:0730,224.82,253.92,9.67,4.97,3.66,0.0
20230118:0830,296.7,329.95,15.45,6.1,3.72,0.0
20230118:0930,363.11,403.14,19.19,7.67,3.59,0.0
20230118:1030,287.86,325.01,20.52,9.24,3.79,0.0
20230118:1130,463.96,519.92,19.3,10.32,3.72,0.0
20230118:1230,344.2,388.13,15.66,11.36,3.79,0.0
20230118:1330,241.35,278.23,9.95,11.58,4.62,0.0
20230118:1430,36.89,57.49,2.64,10.91,6.07,0.0
20230118:1530,0.0,0.0,0.0,9.15,6.55,0.0
20230118:1630,0.0,0.0,0.0,7.83,6.21,0.0
20230118:1730,0.0,0.0,0.0,7.05,5.52,0.0
20230118:1830,0.0,0.0,0.0,6.58,4.97,0.0
20230118:1930,0.0,0.0,0.0,6.22,4.9,0.0
20230118:2030,0.0,0.0,0.0,5.78,3.86,0.0
20230118:2130,0.0,0.0,0.0,5.14,2.21,0.0
20230118:2230,0.0,0.0,0.0,3.93,1.86,0.0
20230118:2330,0.0,0.0,0.0,3.65,3.17,0.0
20230119:0030,0.0,0.0,0.0,3.69,2.9,0.0
20230119:0130,0.0,0.0,0.0,3.58,2.69,0.0
20230119:0230,0.0,0.0,0.0,3.89,2.14,0.0
20230119:0330,0.0,0.0,0.0,4.04,2.0,0.0
20230119:0430,0.0,0.0,0.0,3.95,2.07,0.0
20230119:0530,0.0,0.0,0.0,4.1,2.14,0.0
20230119:0630,1.6,9.05,2.41,4.2,2.21,0.0
20230119:0730,41.98,60.81,9.81,3.48,2.21,0.0
20230119:0830,163.56,190.05,15.62,4.11,2.41,0.0
20230119:0930,436.18,481.85,19.38,5.53,2.62,0.0
20230119:1030,446.87,497.78,20.73,7.34,2.62,0.0
20230119:1130,263.61,299.3,19.52,8.78,2.76,0.0
20230119:1230,148.96,177.9,15.88,9.41,2.28,0.0
20230119:1330,114.04,141.03,10.17,9.72,2.14,0.0
20230119:1430,36.16,56.33,2.85,9.38,2.28,0.0
20230119:1530,0.0,0.0,0.0,8.53,2.41,0.0
20230119:1630,0.0,0.0,0.0,7.39,2.34,0.0
20230119:1730,0.0,0.0,0.0,6.86,2.34,0.0
20230119:1830,0.0,0.0,0.0,6.88,2.62,0.0
20230119:1930,0.0,0.0,0.0,6.47,2.34,0.0
20230119:2030,0.0,0.0,0.0,6.61,2.48,0.0
20230119:2130,0.0,0.0,0.0,6.04,2.34,0.0
20230119:2230,0.0,0.0,0.0,5.78,1.17,0.0
20230119:2330,0.0,0.0,0.0,3.53,1.52,0.0
20230120:0030,0.0,0.0,0.0,2.7,2.28,0.0
20230120:0130,0.0,0.0,0.0,2.41,2.34,0.0
20230120:0230,0.0,0.0,0.0,2.07,2.41,0.0
20230120:0330,0.0,0.0,0.0,1.61,2.28,0.0
20230120:0430,0.0,0.0,0.0,1.22,2.34,0.0
20230120:0530,0.0,0.0,0.0,0.94,2.76,0.0
20230120:0630,0.0,3.41,2.55,0.71,2.62,0.0
20230120:0730,6.13,16.37,9.97,0.64,2.21,0.0
20230120:0830,7.37,18.2,15.79,0.74,1.86,0.0
20230120:0930,17.23,31.29,19.58,0.88,1.59,0.0
20230120:1030,20.32,35.14,20.94,1.09,1.38,0.0
20230120:1130,38.25,56.17,19.74,1.16,1.59,0.0
20230120:1230,23.53,39.05,16.1,1.35,1.72,0.0
20230120:1330,12.34,25.06,10.39,1.26,1.86,0.0
20230120:1430,0.41,6.5,3.07,1.11,1.66,0.0
20230120:1530,0.0,0.0,0.0,0.92,1.52,0.0
20230120:1630,0.0,0.0,0.0,0.79,1.38,0.0
20230120:1730,0.0,0.0,0.0,0.78,1.31,0.0
20230120:1830,0.0,0.0,0.0,0.82,1.1,0.0
20230120:1930,0.0,0.0,0.0,0.65,1.24,0.0
20230120:2030,0.0,0.0,0.0,0.64,0.97,0.0
20230120:2130,0.0,0.0,0.0,0.52,1.38,0.0
20230120:2230,0.0,0.0,0.0,0.45,1.52,0.0
20230120:2330,0.0,0.0,0.0,0.43,1.45,0.0
20230121:0030,0.0,0.0,0.0,0.41,1.24,0.0
20230121:0130,0.0,0.0,0.0,0.28,1.03,0.0
20230121:0230,0.0,0.0,0.0,0.28,1.1,0.0
20230121:0330,0.0,0.0,0.0,0.27,0.9,0.0
20230121:0430,0.0,0.0,0.0,0.13,0.41,0.0
20230121:0530,0.0,0.0,0.0,0.08,0.28,0.0
20230121:0630,3.67,12.65,2.69,-0.2,0.14,0.0
20230121:0730,98.39,119.15,10.13,-1.04,1.24,0.0
20230121:0830,162.11,184.3,15.98,-0.33,1.38,0.0
20230121:0930,235.98,260.43,19.78,0.39,1.31,0.0
20230121:1030,527.66,578.17,21.16,1.0,1.59,0.0
20230121:1130,702.57,784.08,19.97,1.62,1.86,0.0
20230121:1230,595.38,659.77,16.33,1.65,1.45,0.0
20230121:1330,370.37,407.89,10.62,1.31,1.1,0.0
20230121:1430,118.42,144.7,3.29,0.5,1.24,0.0
20230121:1530,0.0,0.0,0.0,-0.29,1.17,0.0
20230121:1630,0.0,0.0,0.0,0.19,0.76,0.0
20230121:1730,0.0,0.0,0.0,-0.64,0.55,0.0
20230121:1830,0.0,0.0,0.0,-1.47,1.03,0.0
20230121:1930,0.0,0.0,0.0,-4.26,1.66,0.0
20230121:2030,0.0,0.0,0.0,-3.21,1.52,0.0
20230121:2130,0.0,0.0,0.0,-3.87,1.72,0.0
20230121:2230,0.0,0.0,0.0,-3.77,1.86,0.0
20230121:2330,0.0,0.0,0.0,-3.06,2.0,0.0
20230122:0030,0.0,0.0,0.0,-1.98,1.86,0.0
20230122:0130,0.0,0.0,0.0,-1.18,1.79,0.0
20230122:0230,0.0,0.0,0.0,-0.67,1.72,0.0
20230122:0330,0.0,0.0,0.0,-0.01,1.72,0.0
20230122:0430,0.0,0.0,0.0,0.29,1.93,0.0
20230122:0530,0.0,0.0,0.0,0.9,2.07,0.0
20230122:0630,0.55,6.85,2.84,1.32,2.14,0.0
20230122:0730,16.62,30.57,10.29,1.66,3.03,0.0
20230122:0830,42.37,60.88,16.16,1.97,3.1,0.0
20230122:0930,101.76,124.32,19.99,2.54,3.31,0.0
20230122:1030,128.76,152.6,21.39,3.08,3.79,0.0
20230122:1130,160.17,184.87,20.2,3.68,4.0,0.0
20230122:1230,151.98,176.36,16.57,4.27,3.79,0.0
20230122:1330,85.54,107.54,10.85,4.64,3.59,0.0
20230122:1430,27.47,44.85,3.51,4.51,3.24,0.0
20230122:1530,0.0,0.0,0.0,4.33,3.03,0.0
20230122:1630,0.0,0.0,0.0,4.26,2.83,0.0
20230122:1730,0.0,0.0,0.0,4.3,2.76,0.0
20230122:1830,0.0,0.0,0.0,4.36,2.83,0.0
20230122:1930,0.0,0.0,0.0,4.31,2.83,0.0
20230122:2030,0.0,0.0,0.0,4.27,2.83,0.0
20230122:2130,0.0,0.0,0.0,4.2,3.03,0.0
20230122:2230,0.0,0.0,0.0,4.0,3.1,0.0
20230122:2330,0.0,0.0,0.0,3.68,3.17,0.0
20230123:0030,0.0,0.0,0.0,3.46,3.17,0.0
20230123:0130,0.0,0.0,0.0,3.23,3.31,0.0
20230123:0230,0.0,0.0,0.0,2.94,3.59,0.0
20230123:0330,0.0,0.0,0.0,2.61,3.72,0.0
20230123:0430,0.0,0.0,0.0,2.33,3.66,0.0
20230123:0530,0.0,0.0,0.0,2.04,3.45,0.0
20230123:0630,2.8,11.18,2.99,1.79,3.31,0.0
20230123:0730,27.41,43.63,10.47,2.16,3.45,0.0
20230123:0830,89.58,111.32,16.36,2.23,3.66,0.0
20230123:0930,147.03,171.09,20.2,2.45,3.86,0.0
20230123:1030,207.48,233.29,21.62,2.81,3.86,0.0
20230123:1130,218.75,244.94,20.44,3.11,3.59,0.0
20230123:1230,189.21,214.81,16.81,3.39,3.52,0.0
20230123:1330,102.4,125.37,11.09,3.33,3.45,0.0
20230123:1430,36.18,54.74,3.74,3.01,3.38,0.0
20230123:1530,0.0,0.0,0.0,2.35,2.76,0.0
20230123:1630,0.0,0.0,0.0,1.87,2.62,0.0
20230123:1730,0.0,0.0,0.0,1.59,2.55,0.0
20230123:1830,0.0,0.0,0.0,1.46,2.48,0.0
20230123:1930,0.0,0.0,0.0,1.04,2.9,0.0
20230123:2030,0.0,0.0,0.0,0.9,2.83,0.0
20230123:2130,0.0,0.0,0.0,0.77,2.48,0.0
20230123:2230,0.0,0.0,0.0,0.66,2.48,0.0
20230123:2330,0.0,0.0,0.0,0.54,2.34,0.0
20230124:0030,0.0,0.0,0.0,0.35,2.0,0.0
20230124:0130,0.0,0.0,0.0,0.27,1.86,0.0
20230124:0230,0.0,0.0,0.0,0.17,1.52,0.0
20230124:0330,0.0,0.0,0.0,-0.01,1.24,0.0
20230124:0430,0.0,0.0,0.0,0.0,1.1,0.0
20230124:0530,0.0,0.0,0.0,-0.04,1.03,0.0
20230124:0630,9.88,22.07,3.15,-0.04,0.97,0.0
20230124:0730,28.55,44.73,10.64,0.62,1.17,0.0
20230124:0830,35.46,52.89,16.56,0.94,1.31,0.0
20230124:0930,60.68,80.82,20.43,1.29,1.45,0.0
20230124:1030,51.43,70.96,21.86,1.56,1.31,0.0
20230124:1130,57.94,78.0,20.69,1.65,0.76,0.0
20230124:1230,57.69,77.59,17.05,1.87,0.62,0.0
20230124:1330,13.83,27.06,11.33,2.01,0.97,0.0
20230124:1430,1.43,8.67,3.97,1.97,1.38,0.0
20230124:1530,0.0,0.0,0.0,1.82,1.66,0.0
20230124:1630,0.0,0.0,0.0,1.59,1.66,0.0
20230124:1730,0.0,0.0,0.0,1.29,1.52,0.0
20230124:1830,0.0,0.0,0.0,1.16,1.38,0.0
20230124:1930,0.0,0.0,0.0,0.64,0.9,0.0
20230124:2030,0.0,0.0,0.0,0.36,0.9,0.0
20230124:2130,0.0,0.0,0.0,0.26,0.83,0.0
20230124:2230,0.0,0.0,0.0,0.25,0.97,0.0
20230124:2330,0.0,0.0,0.0,0.23,0.97,0.0
20230125:0030,0.0,0.0,0.0,0.1,0.76,0.0
20230125:0130,0.0,0.0,0.0,0.02,0.69,0.0
20230125:0230,0.0,0.0,0.0,-0.06,1.03,0.0
20230125:0330,0.0,0.0,0.0,-0.04,1.17,0.0
20230125:0430,0.0,0.0,0.0,-0.11,0.9,0.0
20230125:0530,0.0,0.0,0.0,-0.43,0.62,0.0
20230125:0630,0.48,6.63,3.31,-0.24,0.83,0.0
20230125:0730,38.47,55.8,10.83,-0.09,0.48,0.0
20230125:0830,38.51,56.18,16.77,0.22,0.48,0.0
20230125:0930,62.84,83.22,20.65,0.51,0.83,0.0
20230125:1030,139.28,162.94,22.1,0.91,1.31,0.0
20230125:1130,112.01,135.3,20.94,1.25,1.45,0.0
20230125:1230,69.11,89.78,17.3,1.26,1.52,0.0
20230125:1330,30.05,46.69,11.57,1.1,1.72,0.0
20230125:1430,4.8,14.39,4.2,0.85,1.79,0.0
20230125:1530,0.0,0.0,0.0,0.49,1.52,0.0
20230125:1630,0.0,0.0,0.0,0.08,1.52,0.0
20230125:1730,0.0,0.0,0.0,-0.23,1.79,0.0
20230125:1830,0.0,0.0,0.0,-0.57,2.07,0.0
20230125:1930,0.0,0.0,0.0,-1.47,2.41,0.0
20230125:2030,0.0,0.0,0.0,-1.65,2.62,0.0
20230125:2130,0.0,0.0,0.0,-1.76,2.76,0.0
20230125:2230,0.0,0.0,0.0,-2.05,2.69,0.0
20230125:2330,0.0,0.0,0.0,-2.46,2.55,0.0
20230126:0030,0.0,0.0,0.0,-2.92,2.48,0.0
20230126:0130,0.0,0.0,0.0,-3.12,2.48,0.0
20230126:0230,0.0,0.0,0.0,-2.98,2.48,0.0
20230126:0330,0.0,0.0,0.0,-3.33,2.28,0.0
20230126:0430,0.0,0.0,0.0,-3.39,2.28,0.0
20230126:0530,0.0,0.0,0.0,-3.13,2.28,0.0
20230126:0630,58.21,78.57,3.49,-3.35,2.34,0.0
20230126:0730,133.41,153.84,11.02,-2.56,2.62,0.0
20230126:0830,351.09,375.51,16.98,-2.01,2.55,0.0
20230126:0930,321.85,347.48,20.89,-0.84,2.55,0.0
20230126:1030,397.36,427.06,22.35,-0.11,2.62,0.0
20230126:1130,356.48,384.65,21.19,0.37,2.62,0.0
20230126:1230,284.37,310.62,17.56,0.69,2.34,0.0
20230126:1330,114.48,136.58,11.82,0.85,2.07,0.0
20230126:1430,65.3,86.8,4.44,0.59,2.41,0.0
20230126:1530,0.0,0.0,0.0,-0.05,2.34,0.0
20230126:1630,0.0,0.0,0.0,-1.14,2.28,0.0
20230126:1730,0.0,0.0,0.0,-1.95,2.41,0.0
20230126:1830,0.0,0.0,0.0,-2.55,2.48,0.0
20230126:1930,0.0,0.0,0.0,-3.13,2.41,0.0
20230126:2030,0.0,0.0,0.0,-3.22,2.34,0.0
20230126:2130,0.0,0.0,0.0,-3.52,2.14,0.0
20230126:2230,0.0,0.0,0.0,-3.33,2.0,0.0
20230126:2330,0.0,0.0,0.0,-3.14,1.93,0.0
20230127:0030,0.0,0.0,0.0,-2.84,2.07,0.0
20230127:0130,0.0,0.0,0.0,-2.6,2.0,0.0
20230127:0230,0.0,0.0,0.0,-2.4,2.0,0.0
20230127:0330,0.0,0.0,0.0,-2.29,1.86,0.0
20230127:0430,0.0,0.0,0.0,-2.11,1.86,0.0
20230127:0530,0.0,0.0,0.0,-1.94,2.28,0.0
20230127:0630,11.44,23.88,3.66,-1.65,2.14,0.0
20230127:0730,48.48,66.5,11.22,-1.38,3.52,0.0
20230127:0830,96.32,117.22,17.2,-1.14,3.59,0.0
20230127:0930,142.37,164.12,21.13,-0.62,3.59,0.0
20230127:1030,177.07,200.07,22.6,-0.24,3.72,0.0
20230127:1130,242.67,266.67,21.45,0.2,3.79,0.0
20230127:1230,144.01,166.51,17.82,0.62,3.79,0.0
20230127:1330,46.82,65.3,12.07,0.45,3.66,0.0
20230127:1430,7.82,18.82,4.68,0.22,3.59,0.0
20230127:1530,0.0,0.0,-3.88,-0.18,2.83,0.0
20230127:1630,0.0,0.0,0.0,-0.45,2.55,0.0
20230127:1730,0.0,0.0,0.0,-0.67,2.21,0.0
20230127:1830,0.0,0.0,0.0,-0.77,1.93,0.0
20230127:1930,0.0,0.0,0.0,-1.22,2.41,0.0
20230127:2030,0.0,0.0,0.0,-1.14,2.41,0.0
20230127:2130,0.0,0.0,0.0,-1.03,2.28,0.0
20230127:2230,0.0,0.0,0.0,-1.03,2.28,0.0
20230127:2330,0.0,0.0,0.0,-1.13,1.79,0.0
20230128:0030,0.0,0.0,0.0,-1.2,1.79,0.0
20230128:0130,0.0,0.0,0.0,-1.29,1.93,0.0
20230128:0230,0.0,0.0,0.0,-1.31,2.0,0.0
20230128:0330,0.0,0.0,0.0,-1.39,1.93,0.0
20230128:0430,0.0,0.0,0.0,-1.48,1.66,0.0
20230128:0530,0.0,0.0,0.0,-1.52,1.72,0.0
20230128:0630,8.66,20.09,3.85,-1.65,1.72,0.0
20230128:0730,26.4,41.93,11.42,-1.44,2.21,0.0
20230128:0830,32.57,49.12,17.43,-1.24,2.21,0.0
20230128:0930,97.65,119.0,21.37,-1.11,1.79,0.0
20230128:1030,103.96,125.51,22.86,-0.73,1.72,0.0
20230128:1130,72.09,92.68,21.72,-0.62,1.86,0.0
20230128:1230,64.59,84.64,18.08,-0.64,1.93,0.0
20230128:1330,28.61,44.69,12.32,-0.66,2.07,0.0
20230128:1430,11.06,23.31,4.93,-0.88,2.48,0.0
20230128:1530,0.0,0.0,-3.64,-1.15,2.76,0.0
20230128:1630,0.0,0.0,0.0,-1.35,2.55,0.0
20230128:1730,0.0,0.0,0.0,-1.53,2.48,0.0
20230128:1830,0.0,0.0,0.0,-1.74,2.48,0.0
20230128:1930,0.0,0.0,0.0,-1.54,2.62,0.0
20230128:2030,0.0,0.0,0.0,-1.66,2.48,0.0
20230128:2130,0.0,0.0,0.0,-1.79,2.55,0.0
20230128:2230,0.0,0.0,0.0,-1.83,2.62,0.0
20230128:2330,0.0,0.0,0.0,-1.95,2.55,0.0
20230129:0030,0.0,0.0,0.0,-2.06,2.55,0.0
20230129:0130,0.0,0.0,0.0,-2.14,2.55,0.0
20230129:0230,0.0,0.0,0.0,-2.23,2.55,0.0
20230129:0330,0.0,0.0,0.0,-2.11,2.55,0.0
20230129:0430,0.0,0.0,0.0,-2.06,2.48,0.0
20230129:0530,0.0,0.0,0.0,-2.07,2.48,0.0
20230129:0630,17.02,31.08,4.04,-2.02,2.48,0.0
20230129:0730,63.16,82.18,11.63,-1.4,2.69,0.0
20230129:0830,111.96,133.11,17.66,-0.85,3.24,0.0
20230129:0930,222.32,244.4,21.63,-0.58,3.38,0.0
20230129:1030,129.76,151.59,23.13,-0.23,4.21,0.0
20230129:1130,93.55,114.05,21.99,-0.26,4.21,0.0
20230129:1230,109.74,131.19,18.35,-0.32,4.28,0.0
20230129:1330,99.17,119.89,12.58,-0.34,4.41,0.0
20230129:1430,19.36,33.85,5.17,-0.7,4.21,0.0
20230129:1530,0.0,0.0,-3.41,-1.12,3.72,0.0
20230129:1630,0.0,0.0,0.0,-1.69,3.24,0.0
20230129:1730,0.0,0.0,0.0,-2.3,2.76,0.0
20230129:1830,0.0,0.0,0.0,-2.33,2.55,0.0
20230129:1930,0.0,0.0,0.0,-2.58,2.07,0.0
20230129:2030,0.0,0.0,0.0,-2.52,2.0,0.0
20230129:2130,0.0,0.0,0.0,-2.14,1.72,0.0
20230129:2230,0.0,0.0,0.0,-1.73,1.45,0.0
20230129:2330,0.0,0.0,0.0,-1.47,1.59,0.0
20230130:0030,0.0,0.0,0.0,-1.22,1.45,0.0
20230130:0130,0.0,0.0,0.0,-1.17,1.45,0.0
20230130:0230,0.0,0.0,0.0,-1.11,1.59,0.0
20230130:0330,0.0,0.0,0.0,-1.18,1.79,0.0
20230130:0430,0.0,0.0,0.0,-1.39,2.0,0.0
20230130:0530,0.0,0.0,0.0,-1.9,2.21,0.0
20230130:0630,103.67,127.76,4.23,-2.02,2.41,0.0
20230130:0730,224.11,246.88,11.85,-1.69,2.21,0.0
20230130:0830,324.89,351.2,17.9,-0.36,2.48,0.0
20230130:0930,376.93,405.69,21.88,1.01,4.07,0.0
20230130:1030,292.07,317.56,23.4,1.72,4.76,0.0
20230130:1130,256.91,282.02,22.27,1.61,4.69,0.0
20230130:1230,161.04,184.63,18.62,1.52,4.41,0.0
20230130:1330,36.02,53.46,12.84,1.14,3.93,0.0
20230130:1430,6.12,16.36,5.42,0.48,4.07,0.0
20230130:1530,0.0,0.0,-3.17,0.14,4.14,0.0
20230130:1630,0.0,0.0,0.0,-0.34,4.62,0.0
20230130:1730,0.0,0.0,0.0,-0.29,5.03,0.0
20230130:1830,0.0,0.0,0.0,-0.22,5.24,0.0
20230130:1930,0.0,0.0,0.0,-0.47,5.72,0.0
20230130:2030,0.0,0.0,0.0,-0.14,5.66,0.0
20230130:2130,0.0,0.0,0.0,-0.01,5.45,0.0
20230130:2230,0.0,0.0,0.0,0.03,5.17,0.0
20230130:2330,0.0,0.0,0.0,-0.32,4.69,0.0
20230131:0030,0.0,0.0,0.0,-0.64,4.14,0.0
20230131:0130,0.0,0.0,0.0,-0.88,3.86,0.0
20230131:0230,0.0,0.0,0.0,-0.89,3.59,0.0
20230131:0330,0.0,0.0,0.0,-0.39,3.66,0.0
20230131:0430,0.0,0.0,0.0,-0.52,3.79,0.0
20230131:0530,0.0,0.0,0.0,-0.1,4.34,0.0
20230131:0630,12.37,25.31,4.44,0.18,4.69,0.0
20230131:0730,69.99,89.94,12.07,0.97,4.69,0.0
20230131:0830,300.54,326.58,18.14,1.35,3.66,0.0
20230131:0930,422.49,453.22,22.15,1.84,4.9,0.0
20230131:1030,278.11,302.96,23.68,2.2,6.62,0.0
20230131:1130,382.71,410.63,22.55,2.25,6.34,0.0
20230131:1230,471.23,503.12,18.89,2.48,6.76,0.0
20230131:1330,187.67,211.8,13.11,2.43,6.28,0.0
20230131:1430,96.33,120.2,5.68,2.02,5.03,0.0
20230131:1530,0.0,0.0,-2.93,1.09,4.34,0.0
20230131:1630,0.0,0.0,0.0,0.38,4.07,0.0
20230131:1730,0.0,0.0,0.0,0.04,4.0,0.0
20230131:1830,0.0,0.0,0.0,-0.35,3.86,0.0
20230131:1930,0.0,0.0,0.0,-0.19,3.93,0.0
20230131:2030,0.0,0.0,0.0,-0.3,3.59,0.0
20230131:2130,0.0,0.0,0.0,-0.3,3.03,0.0
20230131:2230,0.0,0.0,0.0,-0.52,2.62,0.0
20230131:2330,0.0,0.0,0.0,-0.93,2.83,0.0
20230201:0030,0.0,0.0,0.0,-0.88,3.38,0.0
20230201:0130,0.0,0.0,0.0,-0.02,4.0,0.0
20230201:0230,0.0,0.0,0.0,0.68,4.41,0.0
20230201:0330,0.0,0.0,0.0,0.96,4.76,0.0
20230201:0430,0.0,0.0,0.0,1.2,5.31,0.0
20230201:0530,0.0,0.0,0.0,1.14,6.0,0.0
20230201:0630,29.54,46.55,4.64,1.15,5.93,0.0
20230201:0730,156.5,179.21,12.3,0.99,5.59,0.0
20230201:0830,127.29,150.48,18.39,1.75,4.69,0.0
20230201:0930,179.69,204.73,22.42,2.26,4.76,0.0
20230201:1030,443.38,475.18,23.96,2.91,6.55,0.0
20230201:1130,406.94,438.32,22.83,3.75,7.17,0.0
20230201:1230,178.34,202.54,19.17,4.05,6.76,0.0
20230201:1330,186.06,211.07,13.37,3.5,5.52,0.0
20230201:1430,93.68,117.82,5.93,3.08,4.76,0.0
20230201:1530,0.0,0.0,-2.68,2.21,4.14,0.0
20230201:1630,0.0,0.0,0.0,1.17,3.66,0.0
20230201:1730,0.0,0.0,0.0,0.62,3.52,0.0
20230201:1830,0.0,0.0,0.0,0.41,3.59,0.0
20230201:1930,0.0,0.0,0.0,1.09,4.48,0.0
20230201:2030,0.0,0.0,0.0,0.99,4.28,0.0
20230201:2130,0.0,0.0,0.0,0.9,4.21,0.0
20230201:2230,0.0,0.0,0.0,0.97,4.34,0.0
20230201:2330,0.0,0.0,0.0,1.26,4.41,0.0
20230202:0030,0.0,0.0,0.0,1.49,4.21,0.0
20230202:0130,0.0,0.0,0.0,1.54,3.72,0.0
20230202:0230,0.0,0.0,0.0,1.27,3.24,0.0
20230202:0330,0.0,0.0,0.0,0.91,2.83,0.0
20230202:0430,0.0,0.0,0.0,0.42,2.83,0.0
20230202:0530,0.0,0.0,-3.92,0.11,2.76,0.0
20230202:0630,9.62,21.29,4.86,-0.14,2.62,0.0
20230202:0730,104.86,126.76,12.53,0.57,2.83,0.0
20230202:0830,208.57,233.11,18.64,1.41,3.03,0.0
20230202:0930,241.14,267.85,22.69,2.28,3.86,0.0
20230202:1030,228.15,254.99,24.24,2.71,4.83,0.0
20230202:1130,260.09,287.01,23.12,2.78,4.76,0.0
20230202:1230,226.41,252.19,19.46,3.07,5.31,0.0
20230202:1330,110.53,133.9,13.65,3.67,4.41,0.0
20230202:1430,52.16,72.65,6.19,3.47,3.31,0.0
20230202:1530,0.0,0.0,-2.44,2.37,3.38,0.0
20230202:1630,0.0,0.0,0.0,1.85,3.93,0.0
20230202:1730,0.0,0.0,0.0,1.79,4.83,0.0
20230202:1830,0.0,0.0,0.0,1.82,5.45,0.0
20230202:1930,0.0,0.0,0.0,1.52,6.0,0.0
20230202:2030,0.0,0.0,0.0,1.29,6.55,0.0
20230202:2130,0.0,0.0,0.0,0.78,6.48,0.0
20230202:2230,0.0,0.0,0.0,0.65,6.55,0.0
20230202:2330,0.0,0.0,0.0,0.46,6.41,0.0
20230203:0030,0.0,0.0,0.0,0.19,6.07,0.0
20230203:0130,0.0,0.0,0.0,-0.04,5.72,0.0
20230203:0230,0.0,0.0,0.0,-0.36,5.59,0.0
20230203:0330,0.0,0.0,0.0,-0.79,5.59,0.0
20230203:0430,0.0,0.0,0.0,-1.26,5.45,0.0
20230203:0530,0.0,0.0,-3.72,-1.8,5.1,0.0
20230203:0630,57.44,77.71,5.08,-2.07,4.69,0.0
20230203:0730,169.96,190.89,12.77,-1.4,4.55,0.0
20230203:0830,368.87,392.96,18.91,-1.08,4.41,0.0
20230203:0930,567.63,603.85,22.97,-0.66,4.69,0.0
20230203:1030,486.39,518.8,24.54,0.1,4.97,0.0
20230203:1130,341.48,368.47,23.41,0.78,4.69,0.0
20230203:1230,342.43,370.42,19.74,1.02,4.07,0.0
20230203:1330,257.5,283.69,13.92,1.47,3.86,0.0
20230203:1430,106.03,130.22,6.45,1.31,2.76,0.0
20230203:1530,0.0,0.0,-2.19,0.33,2.41,0.0
20230203:1630,0.0,0.0,0.0,-0.74,2.41,0.0
20230203:1730,0.0,0.0,0.0,-1.21,2.28,0.0
20230203:1830,0.0,0.0,0.0,-1.09,2.14,0.0
20230203:1930,0.0,0.0,0.0,-0.57,2.21,0.0
20230203:2030,0.0,0.0,0.0,-0.67,2.21,0.0
20230203:2130,0.0,0.0,0.0,-0.66,2.34,0.0
20230203:2230,0.0,0.0,0.0,-0.64,2.41,0.0
20230203:2330,0.0,0.0,0.0,-0.64,2.48,0.0
20230204:0030,0.0,0.0,0.0,-0.65,2.55,0.0
20230204:0130,0.0,0.0,0.0,-0.65,2.34,0.0
20230204:0230,0.0,0.0,0.0,-0.58,2.07,0.0
20230204:0330,0.0,0.0,0.0,-0.55,1.86,0.0
20230204:0430,0.0,0.0,0.0,-0.46,1.66,0.0
20230204:0530,0.0,0.0,-3.51,-0.72,1.38,0.0
20230204:0630,5.8,15.82,5.3,-0.83,1.17,0.0
20230204:0730,20.51,35.1,13.02,-1.04,1.17,0.0
20230204:0830,47.09,65.51,19.17,-0.79,1.72,0.0
20230204:0930,47.92,66.43,23.25,-0.85,2.9,0.0
20230204:1030,42.28,60.02,24.83,-1.38,4.41,0.0
20230204:1130,62.93,82.3,23.71,-1.82,5.1,0.0
20230204:1230,28.79,44.69,20.03,-1.87,5.24,0.0
20230204:1330,25.36,40.66,14.2,-2.18,4.9,0.0
20230204:1430,10.23,21.92,6.71,-2.55,4.83,0.0
20230204:1530,0.0,0.0,-1.94,-2.99,4.55,0.0
20230204:1630,0.0,0.0,0.0,-3.5,4.28,0.0
20230204:1730,0.0,0.0,0.0,-4.05,4.14,0.0
20230204:1830,0.0,0.0,0.0,-4.67,4.07,0.0
20230204:1930,0.0,0.0,0.0,-5.4,3.66,0.0
20230204:2030,0.0,0.0,0.0,-5.8,3.38,0.0
20230204:2130,0.0,0.0,0.0,-5.84,3.31,0.0
20230204:2230,0.0,0.0,0.0,-5.77,3.45,0.0
20230204:2330,0.0,0.0,0.0,-5.81,3.45,0.0
20230205:0030,0.0,0.0,0.0,-5.92,3.52,0.0
20230205:0130,0.0,0.0,0.0,-6.06,3.93,0.0
20230205:0230,0.0,0.0,0.0,-6.17,4.28,0.0
20230205:0330,0.0,0.0,0.0,-6.18,4.55,0.0
20230205:0430,0.0,0.0,0.0,-6.2,4.9,0.0
20230205:0530,0.0,0.0,-3.29,-6.1,4.83,0.0
20230205:0630,35.61,51.94,5.53,-5.97,4.76,0.0
20230205:0730,102.38,121.05,13.27,-6.44,4.28,0.0
20230205:0830,185.92,204.45,19.44,-6.03,5.17,0.0
20230205:0930,480.92,501.03,23.54,-5.63,4.83,0.0
20230205:1030,419.95,439.99,25.13,-5.07,5.17,0.0
20230205:1130,296.81,316.98,24.01,-4.54,5.45,0.0
20230205:1230,288.91,308.16,20.32,-4.23,5.45,0.0
20230205:1330,224.57,243.96,14.47,-4.22,4.97,0.0
20230205:1430,61.04,79.67,6.97,-4.48,4.69,0.0
20230205:1530,0.0,0.0,-1.69,-4.96,4.41,0.0
20230205:1630,0.0,0.0,0.0,-5.47,4.21,0.0
20230205:1730,0.0,0.0,0.0,-5.96,4.07,0.0
20230205:1830,0.0,0.0,0.0,-5.9,4.07,0.0
20230205:1930,0.0,0.0,0.0,-5.84,4.21,0.0
20230205:2030,0.0,0.0,0.0,-5.96,4.0,0.0
20230205:2130,0.0,0.0,0.0,-6.05,3.79,0.0
20230205:2230,0.0,0.0,0.0,-6.11,3.72,0.0
20230205:2330,0.0,0.0,0.0,-6.13,3.79,0.0
20230206:0030,0.0,0.0,0.0,-6.18,3.79,0.0
20230206:0130,0.0,0.0,0.0,-6.26,3.79,0.0
20230206:0230,0.0,0.0,0.0,-6.33,3.66,0.0
20230206:0330,0.0,0.0,0.0,-6.4,3.45,0.0
20230206:0430,0.0,0.0,0.0,-6.39,3.17,0.0
20230206:0530,0.0,0.0,-3.07,-6.41,3.03,0.0
20230206:0630,25.15,39.95,5.77,-6.36,2.97,0.0
20230206:0730,107.69,126.53,13.52,-5.67,2.97,0.0
20230206:0830,213.24,232.1,19.72,-5.14,3.45,0.0
20230206:0930,359.28,381.71,23.84,-4.53,3.52,0.0
20230206:1030,481.21,509.72,25.44,-4.13,3.45,0.0
20230206:1130,531.99,564.68,24.32,-3.78,3.24,0.0
20230206:1230,454.43,481.14,20.62,-3.7,3.17,0.0
20230206:1330,180.43,201.09,14.76,-3.78,3.17,0.0
20230206:1430,56.58,75.09,7.24,-4.04,3.1,0.0
20230206:1530,0.0,0.0,-1.44,-4.44,3.1,0.0
20230206:1630,0.0,0.0,0.0,-5.17,2.76,0.0
20230206:1730,0.0,0.0,0.0,-5.78,2.62,0.0
20230206:1830,0.0,0.0,0.0,-6.35,2.62,0.0
20230206:1930,0.0,0.0,0.0,-6.0,2.55,0.0
20230206:2030,0.0,0.0,0.0,-6.41,2.62,0.0
20230206:2130,0.0,0.0,0.0,-6.78,2.69,0.0
20230206:2230,0.0,0.0,0.0,-6.78,2.69,0.0
20230206:2330,0.0,0.0,0.0,-7.06,2.83,0.0
20230207:0030,0.0,0.0,0.0,-6.99,2.97,0.0
20230207:0130,0.0,0.0,0.0,-6.98,2.97,0.0
20230207:0230,0.0,0.0,0.0,-7.08,3.03,0.0
20230207:0330,0.0,0.0,0.0,-7.43,3.24,0.0
20230207:0430,0.0,0.0,0.0,-7.06,3.24,0.0
20230207:0530,0.0,0.0,-2.85,-6.75,3.31,0.0
20230207:0630,59.63,78.16,6.01,-6.4,3.66,0.0
20230207:0730,177.93,196.29,13.78,-5.84,3.93,0.0
20230207:0830,200.5,220.34,20.0,-5.06,4.07,0.0
20230207:0930,229.71,250.28,24.14,-4.32,4.14,0.0
20230207:1030,247.13,268.89,25.75,-3.61,4.48,0.0
20230207:1130,226.33,248.72,24.63,-2.9,4.9,0.0
20230207:1230,209.91,232.35,20.92,-2.36,4.69,0.0
20230207:1330,156.22,177.91,15.04,-1.88,4.07,0.0
20230207:1430,51.92,70.64,7.51,-1.86,3.59,0.0
20230207:1530,0.0,0.0,-1.18,-2.35,3.31,0.0
20230207:1630,0.0,0.0,0.0,-2.45,3.38,0.0
20230207:1730,0.0,0.0,0.0,-2.62,3.03,0.0
20230207:1830,0.0,0.0,0.0,-3.1,2.55,0.0
20230207:1930,0.0,0.0,0.0,-2.93,2.21,0.0
20230207:2030,0.0,0.0,0.0,-3.03,1.93,0.0
20230207:2130,0.0,0.0,0.0,-3.36,2.21,0.0
20230207:2230,0.0,0.0,0.0,-3.9,2.9,0.0
20230207:2330,0.0,0.0,0.0,-4.28,3.1,0.0
20230208:0030,0.0,0.0,0.0,-4.69,2.97,0.0
20230208:0130,0.0,0.0,0.0,-5.13,2.69,0.0
20230208:0230,0.0,0.0,0.0,-5.53,2.41,0.0
20230208:0330,0.0,0.0,0.0,-5.82,2.28,0.0
20230208:0430,0.0,0.0,0.0,-5.97,2.07,0.0
20230208:0530,0.0,0.0,-2.62,-6.07,2.0,0.0
20230208:0630,28.66,44.03,6.25,-6.43,2.0,0.0
20230208:0730,134.86,154.13,14.05,-6.44,2.0,0.0
20230208:0830,240.04,260.23,20.29,-6.0,2.48,0.0
20230208:0930,319.27,340.58,24.44,-5.53,2.83,0.0
20230208:1030,487.58,515.47,26.06,-5.26,2.83,0.0
20230208:1130,493.91,523.38,24.94,-4.98,2.62,0.0
20230208:1230,486.34,516.45,21.22,-4.69,2.28,0.0
20230208:1330,325.66,348.6,15.33,-4.43,2.21,0.0
20230208:1430,239.41,264.94,7.78,-4.65,1.93,0.0
20230208:1530,0.0,0.0,-0.93,-5.59,1.79,0.0
20230208:1630,0.0,0.0,0.0,-7.43,1.72,0.0
20230208:1730,0.0,0.0,0.0,-8.82,1.59,0.0
20230208:1830,0.0,0.0,0.0,-9.62,1.59,0.0
20230208:1930,0.0,0.0,0.0,-12.07,2.14,0.0
20230208:2030,0.0,0.0,0.0,-12.92,2.28,0.0
20230208:2130,0.0,0.0,0.0,-13.78,2.41,0.0
20230208:2230,0.0,0.0,0.0,-14.43,2.48,0.0
20230208:2330,0.0,0.0,0.0,-14.6,2.34,0.0
20230209:0030,0.0,0.0,0.0,-14.64,2.14,0.0
20230209:0130,0.0,0.0,0.0,-14.37,1.93,0.0
20230209:0230,0.0,0.0,0.0,-14.21,1.79,0.0
20230209:0330,0.0,0.0,0.0,-15.09,1.93,0.0
20230209:0430,0.0,0.0,0.0,-16.76,2.28,0.0
20230209:0530,0.0,0.0,-2.38,-17.3,2.28,0.0
20230209:0630,235.01,249.42,6.5,-17.14,2.07,0.0
20230209:0730,526.19,532.58,14.32,-16.41,2.0,0.0
20230209:0830,732.28,760.23,20.58,-14.11,1.79,0.0
20230209:0930,843.62,903.28,24.75,-11.14,1.72,0.0
20230209:1030,871.08,959.18,26.38,-7.43,1.52,0.0
20230209:1130,828.44,921.47,25.26,-4.92,1.31,0.0
20230209:1230,714.83,790.82,21.53,-3.63,0.97,0.0
20230209:1330,528.3,576.09,15.62,-2.99,0.76,0.0
20230209:1430,268.9,298.82,8.05,-3.5,0.83,0.0
20230209:1530,0.0,0.0,-0.67,-5.96,1.24,0.0
20230209:1630,0.0,0.0,0.0,-9.2,2.07,0.0
20230209:1730,0.0,0.0,0.0,-11.92,2.41,0.0
20230209:1830,0.0,0.0,0.0,-14.08,2.14,0.0
20230209:1930,0.0,0.0,0.0,-14.44,2.07,0.0
20230209:2030,0.0,0.0,0.0,-14.88,2.14,0.0
20230209:2130,0.0,0.0,0.0,-15.09,2.21,0.0
20230209:2230,0.0,0.0,0.0,-15.48,2.28,0.0
20230209:2330,0.0,0.0,0.0,-15.91,2.34,0.0
20230210:0030,0.0,0.0,0.0,-15.83,2.21,0.0
20230210:0130,0.0,0.0,0.0,-15.09,1.93,0.0
20230210:0230,0.0,0.0,0.0,-15.01,1.93,0.0
20230210:0330,0.0,0.0,0.0,-15.45,2.0,0.0
20230210:0430,0.0,0.0,0.0,-15.59,2.07,0.0
20230210:0530,0.0,0.0,-2.14,-14.97,1.93,0.0
20230210:0630,89.97,106.26,6.76,-15.26,2.14,0.0
20230210:0730,364.38,371.26,14.6,-14.61,2.69,0.0
20230210:0830,568.3,586.85,20.88,-11.1,2.48,0.0
20230210:0930,663.32,705.33,25.07,-6.37,2.55,0.0
20230210:1030,745.06,807.71,26.71,-3.34,2.9,0.0
20230210:1130,806.92,881.18,25.58,-1.98,3.31,0.0
20230210:1230,719.74,779.67,21.84,-1.52,3.31,0.0
20230210:1330,519.76,558.2,15.91,-1.44,2.97,0.0
20230210:1430,257.3,285.67,8.32,-1.98,2.9,0.0
20230210:1530,0.0,0.0,-0.41,-3.31,2.97,0.0
20230210:1630,0.0,0.0,0.0,-4.84,3.17,0.0
20230210:1730,0.0,0.0,0.0,-5.57,3.17,0.0
20230210:1830,0.0,0.0,0.0,-5.89,3.1,0.0
20230210:1930,0.0,0.0,0.0,-5.35,3.38,0.0
20230210:2030,0.0,0.0,0.0,-5.04,3.31,0.0
20230210:2130,0.0,0.0,0.0,-4.55,3.31,0.0
20230210:2230,0.0,0.0,0.0,-3.88,3.1,0.0
20230210:2330,0.0,0.0,0.0,-3.59,3.03,0.0
20230211:0030,0.0,0.0,0.0,-3.54,3.1,0.0
20230211:0130,0.0,0.0,0.0,-3.42,3.03,0.0
20230211:0230,0.0,0.0,0.0,-3.47,2.69,0.0
20230211:0330,0.0,0.0,0.0,-3.98,2.55,0.0
20230211:0430,0.0,0.0,0.0,-4.8,2.55,0.0
20230211:0530,0.0,0.0,-1.89,-4.93,2.48,0.0
20230211:0630,85.17,105.85,7.02,-4.97,2.48,0.0
20230211:0730,111.13,131.23,14.88,-4.26,3.03,0.0
20230211:0830,221.97,244.08,21.18,-3.15,3.31,0.0
20230211:0930,657.73,705.04,25.39,-1.86,3.86,0.0
20230211:1030,726.43,784.82,27.03,-0.6,4.34,0.0
20230211:1130,660.43,709.71,25.9,0.13,4.83,0.0
20230211:1230,476.92,508.7,22.15,0.32,4.83,0.0
20230211:1330,290.03,315.26,16.2,0.41,4.41,0.0
20230211:1430,104.32,127.21,8.6,0.15,4.34,0.0
20230211:1530,0.0,0.0,-0.15,-0.25,4.48,0.0
20230211:1630,0.0,0.0,0.0,-0.41,4.9,0.0
20230211:1730,0.0,0.0,0.0,-0.41,5.38,0.0
20230211:1830,0.0,0.0,0.0,-0.36,5.45,0.0
20230211:1930,0.0,0.0,0.0,-0.36,5.59,0.0
20230211:2030,0.0,0.0,0.0,0.03,5.79,0.0
20230211:2130,0.0,0.0,0.0,0.45,5.86,0.0
20230211:2230,0.0,0.0,0.0,0.65,5.72,0.0
20230211:2330,0.0,0.0,0.0,0.8,5.45,0.0
20230212:0030,0.0,0.0,0.0,0.91,5.31,0.0
20230212:0130,0.0,0.0,0.0,1.01,5.1,0.0
20230212:0230,0.0,0.0,0.0,1.07,4.9,0.0
20230212:0330,0.0,0.0,0.0,1.2,4.69,0.0
20230212:0430,0.0,0.0,0.0,1.27,4.41,0.0
20230212:0530,0.0,0.0,-1.64,1.16,4.21,0.0
20230212:0630,34.83,52.52,7.29,0.76,3.93,0.0
20230212:0730,171.95,195.03,15.16,0.65,4.14,0.0
20230212:0830,234.89,258.75,21.48,0.31,3.93,0.0
20230212:0930,263.55,288.92,25.71,0.21,3.86,0.0
20230212:1030,404.92,434.95,27.36,0.25,3.72,0.0
20230212:1130,445.46,478.6,26.23,0.4,3.31,0.0
20230212:1230,380.45,410.82,22.46,0.54,3.03,0.0
20230212:1330,228.63,253.4,16.49,0.53,3.1,0.0
20230212:1430,163.67,189.66,8.87,0.28,3.17,0.0
20230212:1530,0.0,5.37,0.11,-0.35,2.76,0.0
20230212:1630,0.0,0.0,0.0,-1.42,2.48,0.0
20230212:1730,0.0,0.0,0.0,-1.97,2.48,0.0
20230212:1830,0.0,0.0,0.0,-2.36,2.48,0.0
20230212:1930,0.0,0.0,0.0,-2.67,2.48,0.0
20230212:2030,0.0,0.0,0.0,-2.94,2.34,0.0
20230212:2130,0.0,0.0,0.0,-3.38,2.34,0.0
20230212:2230,0.0,0.0,0.0,-4.13,2.14,0.0
20230212:2330,0.0,0.0,0.0,-4.99,2.14,0.0
20230213:0030,0.0,0.0,0.0,-5.57,2.34,0.0
20230213:0130,0.0,0.0,0.0,-5.72,2.48,0.0
20230213:0230,0.0,0.0,0.0,-6.22,2.55,0.0
20230213:0330,0.0,0.0,0.0,-6.69,2.69,0.0
20230213:0430,0.0,0.0,0.0,-6.73,2.76,0.0
20230213:0530,0.0,0.0,-1.39,-6.52,2.9,0.0
20230213:0630,62.44,81.92,7.56,-5.24,3.17,0.0
20230213:0730,56.89,74.95,15.45,-2.19,3.52,0.0
20230213:0830,54.83,73.71,21.79,-0.33,3.66,0.0
20230213:0930,119.73,141.65,26.04,1.19,3.93,0.0
20230213:1030,81.53,103.68,27.7,2.3,3.79,0.0
20230213:1130,110.48,133.57,26.56,2.82,3.79,0.0
20230213:1230,81.14,103.0,22.78,3.16,4.14,0.0
20230213:1330,62.85,82.96,16.79,3.23,4.9,0.0
20230213:1430,30.22,47.31,9.15,3.0,4.76,0.0
20230213:1530,0.0,3.31,0.37,2.75,4.55,0.0
20230213:1630,0.0,0.0,0.0,2.49,4.41,0.0
20230213:1730,0.0,0.0,0.0,2.43,4.55,0.0
20230213:1830,0.0,0.0,0.0,2.49,4.9,0.0
20230213:1930,0.0,0.0,0.0,2.65,4.97,0.0
20230213:2030,0.0,0.0,0.0,2.63,5.1,0.0
20230213:2130,0.0,0.0,0.0,2.51,5.38,0.0
20230213:2230,0.0,0.0,0.0,2.4,5.52,0.0
20230213:2330,0.0,0.0,0.0,2.42,5.66,0.0
20230214:0030,0.0,0.0,0.0,2.45,5.72,0.0
20230214:0130,0.0,0.0,0.0,2.37,5.86,0.0
20230214:0230,0.0,0.0,0.0,2.3,6.0,0.0
20230214:0330,0.0,0.0,0.0,2.2,5.86,0.0
20230214:0430,0.0,0.0,0.0,2.12,5.86,0.0
20230214:0530,0.0,0.0,-1.12,1.94,5.79,0.0
20230214:0630,12.25,25.1,7.83,1.81,5.79,0.0
20230214:0730,79.83,100.43,15.75,2.09,5.79,0.0
20230214:0830,95.81,118.16,22.11,2.28,6.14,0.0
20230214:0930,87.42,109.71,26.37,2.7,6.76,0.0
20230214:1030,91.2,113.29,28.04,2.74,6.48,0.0
20230214:1130,67.96,88.94,26.9,2.89,6.34,0.0
20230214:1230,55.34,75.44,23.1,3.12,6.28,0.0
20230214:1330,45.56,64.68,17.09,3.04,6.34,0.0
20230214:1430,12.94,26.0,9.43,3.24,6.14,0.0
20230214:1530,0.0,3.18,0.64,3.13,5.52,0.0
20230214:1630,0.0,0.0,0.0,3.02,5.31,0.0
20230214:1730,0.0,0.0,0.0,2.87,5.1,0.0
20230214:1830,0.0,0.0,0.0,2.54,4.76,0.0
20230214:1930,0.0,0.0,0.0,2.47,4.97,0.0
20230214:2030,0.0,0.0,0.0,1.85,4.48,0.0
20230214:2130,0.0,0.0,0.0,1.43,4.21,0.0
20230214:2230,0.0,0.0,0.0,1.19,4.07,0.0
20230214:2330,0.0,0.0,0.0,1.03,3.93,0.0
20230215:0030,0.0,0.0,0.0,1.01,3.72,0.0
20230215:0130,0.0,0.0,0.0,0.88,3.59,0.0
20230215:0230,0.0,0.0,0.0,0.67,3.45,0.0
20230215:0330,0.0,0.0,0.0,0.47,3.24,0.0
20230215:0430,0.0,0.0,0.0,0.39,3.1,0.0
20230215:0530,0.0,0.0,-0.86,0.34,2.97,0.0
20230215:0630,33.57,50.95,8.11,0.31,2.76,0.0
20230215:0730,75.87,96.8,16.05,0.82,3.66,0.0
20230215:0830,250.69,276.03,22.43,1.13,3.59,0.0
20230215:0930,371.12,402.14,26.7,1.84,3.59,0.0
20230215:1030,400.04,434.18,28.38,2.56,3.52,0.0
20230215:1130,476.34,519.08,27.23,3.06,3.38,0.0
20230215:1230,452.12,493.74,23.42,3.56,3.17,0.0
20230215:1330,418.03,458.39,17.39,3.68,2.83,0.0
20230215:1430,221.23,253.88,9.71,3.56,2.55,0.0
20230215:1530,0.92,7.67,0.9,2.77,1.72,0.0
20230215:1630,0.0,0.0,0.0,1.4,1.66,0.0
20230215:1730,0.0,0.0,0.0,0.36,0.97,0.0
20230215:1830,0.0,0.0,0.0,0.36,0.21,0.0
20230215:1930,0.0,0.0,0.0,-2.96,1.66,0.0
20230215:2030,0.0,0.0,0.0,-4.38,1.79,0.0
20230215:2130,0.0,0.0,0.0,-5.0,1.79,0.0
20230215:2230,0.0,0.0,0.0,-5.15,1.79,0.0
20230215:2330,0.0,0.0,0.0,-5.27,1.86,0.0
20230216:0030,0.0,0.0,0.0,-5.51,1.93,0.0
20230216:0130,0.0,0.0,0.0,-5.74,2.0,0.0
20230216:0230,0.0,0.0,0.0,-5.72,2.0,0.0
20230216:0330,0.0,0.0,0.0,-5.71,1.93,0.0
20230216:0430,0.0,0.0,0.0,-5.41,1.86,0.0
20230216:0530,0.0,0.0,-0.59,-4.98,1.72,0.0
20230216:0630,170.25,195.37,8.4,-4.23,1.52,0.0
20230216:0730,327.2,359.32,16.35,-0.08,0.76,0.0
20230216:0830,463.06,513.73,22.75,2.39,0.62,0.0
20230216:0930,541.12,606.92,27.04,4.24,1.1,0.0
20230216:1030,701.21,801.26,28.73,5.47,1.59,0.0
20230216:1130,650.07,734.45,27.57,6.71,2.34,0.0
20230216:1230,623.88,702.32,23.74,7.63,2.9,0.0
20230216:1330,484.79,540.36,17.69,7.62,3.31,0.0
20230216:1430,239.89,277.55,9.99,6.88,2.9,0.0
20230216:1530,1.85,9.55,1.16,5.11,2.9,0.0
20230216:1630,0.0,0.0,0.0,2.85,3.03,0.0
20230216:1730,0.0,0.0,0.0,1.51,3.17,0.0
20230216:1830,0.0,0.0,0.0,1.0,3.31,0.0
20230216:1930,0.0,0.0,0.0,1.26,3.52,0.0
20230216:2030,0.0,0.0,0.0,1.16,3.59,0.0
20230216:2130,0.0,0.0,0.0,1.0,3.59,0.0
20230216:2230,0.0,0.0,0.0,0.89,3.59,0.0
20230216:2330,0.0,0.0,0.0,1.1,3.66,0.0
20230217:0030,0.0,0.0,0.0,1.13,3.59,0.0
20230217:0130,0.0,0.0,0.0,1.26,3.66,0.0
20230217:0230,0.0,0.0,0.0,1.25,3.66,0.0
20230217:0330,0.0,0.0,0.0,0.96,3.59,0.0
20230217:0430,0.0,0.0,0.0,1.04,3.66,0.0
20230217:0530,0.0,0.0,-0.31,0.99,3.66,0.0
20230217:0630,105.41,129.69,8.69,1.26,3.59,0.0
20230217:0730,224.16,251.64,16.66,3.17,3.93,0.0
20230217:0830,482.39,527.7,23.08,4.82,3.86,0.0
20230217:0930,530.91,583.2,27.39,6.48,4.48,0.0
20230217:1030,612.7,679.25,29.07,7.68,4.69,0.0
20230217:1130,663.01,741.34,27.91,8.58,4.62,0.0
20230217:1230,588.88,657.43,24.06,9.11,4.48,0.0
20230217:1330,264.0,299.96,17.99,9.01,4.34,0.0
20230217:1430,58.55,80.74,10.27,7.94,4.07,0.0
20230217:1530,1.8,9.5,1.43,6.63,4.0,0.0
20230217:1630,0.0,0.0,0.0,5.63,3.59,0.0
20230217:1730,0.0,0.0,0.0,5.34,3.72,0.0
20230217:1830,0.0,0.0,0.0,5.29,4.07,0.0
20230217:1930,0.0,0.0,0.0,5.09,5.38,0.0
20230217:2030,0.0,0.0,0.0,5.27,5.66,0.0
20230217:2130,0.0,0.0,0.0,5.03,5.79,0.0
20230217:2230,0.0,0.0,0.0,5.13,6.41,0.0
20230217:2330,0.0,0.0,0.0,5.4,7.52,0.0
20230218:0030,0.0,0.0,0.0,5.81,7.52,0.0
20230218:0130,0.0,0.0,0.0,6.3,7.31,0.0
20230218:0230,0.0,0.0,0.0,6.77,7.1,0.0
20230218:0330,0.0,0.0,0.0,7.18,6.83,0.0
20230218:0430,0.0,0.0,0.0,7.42,6.62,0.0
20230218:0530,0.0,0.0,-0.03,7.41,6.48,0.0
20230218:0630,58.32,80.63,8.98,7.54,6.83,0.0
20230218:0730,209.86,240.08,16.97,8.2,7.24,0.0
20230218:0830,391.03,432.99,23.41,8.71,5.93,0.0
20230218:0930,607.58,667.27,27.73,9.2,7.86,0.0
20230218:1030,696.93,767.63,29.43,9.62,8.83,0.0
20230218:1130,693.47,762.71,28.26,9.77,9.31,0.0
20230218:1230,591.08,649.14,24.39,9.84,9.24,0.0
20230218:1330,361.29,400.74,18.29,9.73,9.03,0.0
20230218:1430,160.27,191.93,10.55,9.36,7.45,0.0
20230218:1530,2.3,10.49,1.69,8.63,6.62,0.0
20230218:1630,0.0,0.0,0.0,7.83,6.0,0.0
20230218:1730,0.0,0.0,0.0,7.44,4.76,0.0
20230218:1830,0.0,0.0,0.0,7.0,3.17,0.0
20230218:1930,0.0,0.0,0.0,7.39,4.21,0.0
20230218:2030,0.0,0.0,0.0,7.33,4.48,0.0
20230218:2130,0.0,0.0,0.0,7.67,5.24,0.0
20230218:2230,0.0,0.0,0.0,8.0,7.45,0.0
20230218:2330,0.0,0.0,0.0,7.7,7.93,0.0
20230219:0030,0.0,0.0,0.0,7.24,6.62,0.0
20230219:0130,0.0,0.0,0.0,6.58,6.0,0.0
20230219:0230,0.0,0.0,0.0,5.69,5.38,0.0
20230219:0330,0.0,0.0,0.0,5.04,4.48,0.0
20230219:0430,0.0,0.0,0.0,4.95,3.93,0.0
20230219:0530,0.0,2.48,0.25,4.81,3.38,0.0
20230219:0630,11.65,24.44,9.28,4.56,2.83,0.0
20230219:0730,50.88,71.12,17.28,4.93,3.17,0.0
20230219:0830,115.92,141.87,23.75,5.56,2.69,0.0
20230219:0930,200.25,231.9,28.08,6.6,2.55,0.0
20230219:1030,176.4,207.9,29.78,7.43,2.21,0.0
20230219:1130,261.16,295.72,28.6,7.8,2.69,0.0
20230219:1230,75.4,99.0,24.72,8.05,3.72,0.0
20230219:1330,143.04,170.1,18.6,7.59,3.38,0.0
20230219:1430,18.85,33.99,10.84,6.64,3.66,0.0
20230219:1530,0.0,1.57,1.96,4.61,3.86,0.0
20230219:1630,0.0,0.0,0.0,2.79,3.66,0.0
20230219:1730,0.0,0.0,0.0,2.01,4.07,0.0
20230219:1830,0.0,0.0,0.0,1.65,5.38,0.0
20230219:1930,0.0,0.0,0.0,1.79,4.76,0.0
20230219:2030,0.0,0.0,0.0,1.25,4.62,0.0
20230219:2130,0.0,0.0,0.0,0.88,4.48,0.0
20230219:2230,0.0,0.0,0.0,0.42,4.41,0.0
20230219:2330,0.0,0.0,0.0,-0.08,4.48,0.0
20230220:0030,0.0,0.0,0.0,-0.35,4.97,0.0
20230220:0130,0.0,0.0,0.0,-0.59,5.24,0.0
20230220:0230,0.0,0.0,0.0,-0.77,5.45,0.0
20230220:0330,0.0,0.0,0.0,-0.81,5.31,0.0
20230220:0430,0.0,0.0,0.0,-1.17,5.1,0.0
20230220:0530,0.67,7.04,0.54,-1.39,5.03,0.0
20230220:0630,220.02,248.13,9.58,-1.13,5.03,0.0
20230220:0730,465.46,499.91,17.6,0.71,4.41,0.0
20230220:0830,624.31,672.08,24.08,2.57,5.72,0.0
20230220:0930,672.21,729.21,28.44,4.13,6.28,0.0
20230220:1030,640.12,697.43,30.14,5.02,6.34,0.0
20230220:1130,705.61,770.83,28.95,5.75,6.83,0.0
20230220:1230,421.58,459.3,25.05,6.22,7.52,0.0
20230220:1330,182.52,210.49,18.9,6.18,7.31,0.0
20230220:1430,59.68,81.19,11.12,5.73,6.41,0.0
20230220:1530,2.99,11.61,2.22,5.22,6.76,0.0
20230220:1630,0.0,0.0,0.0,5.12,7.24,0.0
20230220:1730,0.0,0.0,0.0,5.06,7.79,0.0
20230220:1830,0.0,0.0,0.0,5.43,8.69,0.0
20230220:1930,0.0,0.0,0.0,6.03,9.79,0.0
20230220:2030,0.0,0.0,0.0,6.79,9.79,0.0
20230220:2130,0.0,0.0,0.0,7.35,9.45,0.0
20230220:2230,0.0,0.0,0.0,7.36,8.97,0.0
20230220:2330,0.0,0.0,0.0,7.52,8.62,0.0
20230221:0030,0.0,0.0,0.0,7.55,8.28,0.0
20230221:0130,0.0,0.0,0.0,7.49,8.0,0.0
20230221:0230,0.0,0.0,0.0,7.45,7.79,0.0
20230221:0330,0.0,0.0,0.0,7.5,7.66,0.0
20230221:0430,0.0,0.0,0.0,7.58,7.66,0.0
20230221:0530,0.23,6.19,0.83,7.56,7.72,0.0
20230221:0630,65.24,88.43,9.89,7.5,7.66,0.0
20230221:0730,217.09,246.8,17.93,8.26,7.86,0.0
20230221:0830,329.56,365.64,24.43,8.5,7.38,0.0
20230221:0930,435.38,479.17,28.79,8.83,7.24,0.0
20230221:1030,508.27,556.68,30.5,9.24,8.48,0.0
20230221:1130,548.31,599.51,29.3,9.35,9.38,0.0
20230221:1230,461.62,506.34,25.38,9.32,9.1,0.0
20230221:1330,331.01,367.13,19.21,8.96,8.48,0.0
20230221:1430,187.0,219.79,11.4,8.46,7.31,0.0
20230221:1530,33.96,59.66,2.49,7.9,7.03,0.0
20230221:1630,0.0,0.0,0.0,7.06,6.34,0.0
20230221:1730,0.0,0.0,0.0,6.75,6.07,0.0
20230221:1830,0.0,0.0,0.0,6.6,6.07,0.0
20230221:1930,0.0,0.0,0.0,5.98,5.52,0.0
20230221:2030,0.0,0.0,0.0,5.51,5.45,0.0
20230221:2130,0.0,0.0,0.0,5.01,5.24,0.0
20230221:2230,0.0,0.0,0.0,4.96,5.24,0.0
20230221:2330,0.0,0.0,0.0,4.61,5.1,0.0
20230222:0030,0.0,0.0,0.0,4.26,5.03,0.0
20230222:0130,0.0,0.0,0.0,3.88,4.97,0.0
20230222:0230,0.0,0.0,0.0,3.51,4.83,0.0
20230222:0330,0.0,0.0,0.0,3.2,4.55,0.0
20230222:0430,0.0,0.0,0.0,3.31,4.48,0.0
20230222:0530,0.32,6.32,1.12,2.97,4.21,0.0
20230222:0630,184.04,214.38,10.19,2.95,4.07,0.0
20230222:0730,435.88,476.05,18.25,3.82,3.86,0.0
20230222:0830,428.12,465.65,24.77,4.48,4.76,0.0
20230222:0930,209.3,237.6,29.16,5.09,4.55,0.0
20230222:1030,236.86,267.37,30.87,5.26,3.93,0.0
20230222:1130,336.6,371.72,29.66,5.59,3.79,0.0
20230222:1230,207.65,237.65,25.71,5.98,4.07,0.0
20230222:1330,170.07,197.49,19.52,5.99,4.28,0.0
20230222:1430,49.21,69.63,11.69,5.78,3.93,0.0
20230222:1530,14.6,32.01,2.76,5.19,3.31,0.0
20230222:1630,0.0,0.0,0.0,4.5,2.9,0.0
20230222:1730,0.0,0.0,0.0,3.66,2.55,0.0
20230222:1830,0.0,0.0,0.0,3.15,2.14,0.0
20230222:1930,0.0,0.0,0.0,2.94,0.97,0.0
20230222:2030,0.0,0.0,0.0,2.41,0.9,0.0
20230222:2130,0.0,0.0,0.0,2.1,1.24,0.0
20230222:2230,0.0,0.0,0.0,1.77,1.45,0.0
20230222:2330,0.0,0.0,0.0,1.32,1.72,0.0
20230223:0030,0.0,0.0,0.0,0.76,2.0,0.0
20230223:0130,0.0,0.0,0.0,0.43,2.21,0.0
20230223:0230,0.0,0.0,0.0,0.24,2.41,0.0
20230223:0330,0.0,0.0,0.0,-0.17,2.55,0.0
20230223:0430,0.0,0.0,0.0,-0.16,2.76,0.0
20230223:0530,0.0,4.75,1.42,-0.25,2.83,0.0
20230223:0630,57.99,78.01,10.51,-0.25,3.24,0.0
20230223:0730,156.95,179.67,18.59,0.15,4.14,0.0
20230223:0830,248.04,271.19,25.12,0.95,4.48,0.0
20230223:0930,340.32,367.58,29.52,1.65,4.76,0.0
20230223:1030,545.93,586.59,31.23,2.5,5.03,0.0
20230223:1130,324.14,353.32,30.01,3.41,5.17,0.0
20230223:1230,335.34,365.79,26.04,3.63,5.1,0.0
20230223:1330,207.27,234.51,19.83,4.02,4.97,0.0
20230223:1430,143.83,170.75,11.97,4.09,4.83,0.0
20230223:1530,40.33,66.09,3.02,3.57,4.28,0.0
20230223:1630,0.0,0.0,0.0,2.12,4.21,0.0
20230223:1730,0.0,0.0,0.0,0.96,4.07,0.0
20230223:1830,0.0,0.0,0.0,0.31,3.72,0.0
20230223:1930,0.0,0.0,0.0,-0.04,3.31,0.0
20230223:2030,0.0,0.0,0.0,-0.42,3.03,0.0
20230223:2130,0.0,0.0,0.0,-0.77,2.76,0.0
20230223:2230,0.0,0.0,0.0,-0.85,2.48,0.0
20230223:2330,0.0,0.0,0.0,-0.98,2.28,0.0
20230224:0030,0.0,0.0,0.0,-0.98,2.07,0.0
20230224:0130,0.0,0.0,0.0,-1.03,2.0,0.0
20230224:0230,0.0,0.0,0.0,-1.23,1.86,0.0
20230224:0330,0.0,0.0,0.0,-1.42,1.72,0.0
20230224:0430,0.0,0.0,0.0,-1.59,1.66,0.0
20230224:0530,3.97,12.95,1.73,-1.91,1.66,0.0
20230224:0630,142.54,167.33,10.82,-1.71,1.59,0.0
20230224:0730,316.81,350.25,18.92,2.15,1.59,0.0
20230224:0830,428.2,478.36,25.48,6.35,1.86,0.0
20230224:0930,440.38,491.98,29.89,8.24,3.03,0.0
20230224:1030,475.93,532.11,31.6,9.16,3.59,0.0
20230224:1130,422.82,473.67,30.37,9.79,4.0,0.0
20230224:1230,238.32,273.03,26.38,9.88,4.14,0.0
20230224:1330,182.78,213.72,20.13,9.38,3.66,0.0
20230224:1430,72.36,96.55,12.26,8.84,3.1,0.0
20230224:1530,17.76,35.55,3.29,7.98,3.17,0.0
20230224:1630,0.0,0.0,0.0,6.61,3.24,0.0
20230224:1730,0.0,0.0,0.0,5.41,3.31,0.0
20230224:1830,0.0,0.0,0.0,4.97,3.31,0.0
20230224:1930,0.0,0.0,0.0,5.17,3.79,0.0
20230224:2030,0.0,0.0,0.0,5.3,3.59,0.0
20230224:2130,0.0,0.0,0.0,5.55,3.45,0.0
20230224:2230,0.0,0.0,0.0,5.56,3.31,0.0
20230224:2330,0.0,0.0,0.0,5.75,3.24,0.0
20230225:0030,0.0,0.0,0.0,6.0,3.1,0.0
20230225:0130,0.0,0.0,0.0,6.24,3.03,0.0
20230225:0230,0.0,0.0,0.0,6.21,2.76,0.0
20230225:0330,0.0,0.0,0.0,5.55,2.41,0.0
20230225:0430,0.0,0.0,0.0,4.99,2.14,0.0
20230225:0530,2.67,11.03,2.03,4.66,1.86,0.0
20230225:0630,111.97,138.87,11.14,5.04,1.79,0.0
20230225:0730,226.54,258.95,19.26,6.61,1.93,0.0
20230225:0830,345.2,390.8,25.83,8.29,1.66,0.0
20230225:0930,287.19,329.88,30.26,9.28,1.31,0.0
20230225:1030,209.84,243.78,31.97,9.1,3.03,0.0
20230225:1130,101.32,127.36,30.73,7.5,4.41,0.0
20230225:1230,41.19,60.36,26.71,5.33,4.0,0.0
20230225:1330,36.95,55.09,20.44,4.27,2.9,0.0
20230225:1430,48.3,68.23,12.54,4.04,2.07,0.0
20230225:1530,15.03,32.65,3.56,4.11,1.38,0.0
20230225:1630,0.0,0.0,0.0,3.56,1.66,0.0
20230225:1730,0.0,0.0,0.0,2.81,2.55,0.0
20230225:1830,0.0,0.0,0.0,2.37,3.03,0.0
20230225:1930,0.0,0.0,0.0,1.49,2.48,0.0
20230225:2030,0.0,0.0,0.0,1.29,2.41,0.0
20230225:2130,0.0,0.0,0.0,0.6,2.07,0.0
20230225:2230,0.0,0.0,0.0,0.0,2.0,0.0
20230225:2330,0.0,0.0,0.0,-0.3,2.14,0.0
20230226:0030,0.0,0.0,0.0,-0.24,2.28,0.0
20230226:0130,0.0,0.0,0.0,-0.35,2.28,0.0
20230226:0230,0.0,0.0,0.0,-0.49,2.28,0.0
20230226:0330,0.0,0.0,0.0,-0.18,2.0,0.0
20230226:0430,0.0,0.0,0.0,0.18,1.79,0.0
20230226:0530,0.59,6.9,2.34,0.16,1.52,0.0
20230226:0630,40.67,58.76,11.47,0.41,1.38,0.0
20230226:0730,71.08,92.22,19.6,1.04,0.83,0.0
20230226:0830,152.21,177.53,26.19,1.46,2.07,0.0
20230226:0930,230.42,258.18,30.63,2.01,2.83,0.0
20230226:1030,196.54,224.16,32.35,2.56,2.97,0.0
20230226:1130,146.11,172.01,31.09,2.77,3.1,0.0
20230226:1230,150.22,175.24,27.05,2.83,3.24,0.0
20230226:1330,165.05,191.18,20.75,2.85,3.1,0.0
20230226:1430,38.22,56.51,12.82,3.07,2.83,0.0
20230226:1530,7.31,18.24,3.82,2.75,2.0,0.0
20230226:1630,0.0,0.0,0.0,2.28,1.59,0.0
20230226:1730,0.0,0.0,0.0,1.68,1.72,0.0
20230226:1830,0.0,0.0,0.0,1.27,2.0,0.0
20230226:1930,0.0,0.0,0.0,0.32,2.14,0.0
20230226:2030,0.0,0.0,0.0,0.08,2.48,0.0
20230226:2130,0.0,0.0,0.0,-0.34,2.83,0.0
20230226:2230,0.0,0.0,0.0,-0.77,2.9,0.0
20230226:2330,0.0,0.0,0.0,-1.22,2.83,0.0
20230227:0030,0.0,0.0,0.0,-1.61,2.76,0.0
20230227:0130,0.0,0.0,0.0,-1.86,2.55,0.0
20230227:0230,0.0,0.0,0.0,-2.09,2.76,0.0
20230227:0330,0.0,0.0,0.0,-2.36,2.76,0.0
20230227:0430,0.0,0.0,0.0,-2.55,2.76,0.0
20230227:0530,0.0,4.66,2.66,-2.73,2.76,0.0
20230227:0630,19.85,34.07,11.79,-2.75,2.76,0.0
20230227:0730,105.04,126.32,19.94,-2.06,3.1,0.0
20230227:0830,107.7,129.58,26.55,-1.29,3.52,0.0
20230227:0930,154.18,176.11,31.0,-0.85,3.38,0.0
20230227:1030,111.58,134.21,32.72,-0.45,3.24,0.0
20230227:1130,110.7,133.33,31.45,-0.46,3.03,0.0
20230227:1230,144.62,168.62,27.39,-0.39,2.9,0.0
20230227:1330,94.53,116.53,21.06,-0.09,2.83,0.0
20230227:1430,44.58,62.93,13.11,-0.17,2.62,0.0
20230227:1530,3.12,11.61,4.09,-0.61,2.34,0.0
20230227:1630,0.0,0.0,0.0,-1.0,1.52,0.0
20230227:1730,0.0,0.0,0.0,-1.38,1.24,0.0
20230227:1830,0.0,0.0,0.0,-1.86,1.38,0.0
20230227:1930,0.0,0.0,0.0,-2.38,1.45,0.0
20230227:2030,0.0,0.0,0.0,-2.84,1.38,0.0
20230227:2130,0.0,0.0,0.0,-2.88,1.52,0.0
20230227:2230,0.0,0.0,0.0,-2.73,1.66,0.0
20230227:2330,0.0,0.0,0.0,-2.88,2.0,0.0
20230228:0030,0.0,0.0,0.0,-2.89,1.86,0.0
20230228:0130,0.0,0.0,0.0,-3.14,1.86,0.0
20230228:0230,0.0,0.0,0.0,-3.41,1.72,0.0
20230228:0330,0.0,0.0,0.0,-3.76,1.72,0.0
20230228:0430,0.0,0.0,0.0,-4.21,1.79,0.0
20230228:0530,30.92,53.59,2.97,-4.75,1.86,0.0
20230228:0630,197.46,221.0,12.12,-5.31,1.93,0.0
20230228:0730,347.48,372.45,20.29,-4.03,1.79,0.0
20230228:0830,569.55,616.58,26.92,-2.7,1.72,0.0
20230228:0930,540.31,588.04,31.38,-1.7,1.59,0.0
20230228:1030,437.57,476.83,33.1,-0.9,1.72,0.0
20230228:1130,368.01,402.45,31.82,-0.4,1.93,0.0
20230228:1230,305.81,336.8,27.72,-0.11,1.79,0.0
20230228:1330,199.51,225.81,21.37,0.0,1.66,0.0
20230228:1430,101.72,124.53,13.39,0.0,1.45,0.0
20230228:1530,29.78,50.32,4.36,-0.14,1.17,0.0
20230228:1630,0.0,0.0,0.0,-0.75,1.03,0.0
20230228:1730,0.0,0.0,0.0,-1.35,1.1,0.0
20230228:1830,0.0,0.0,0.0,-1.81,0.97,0.0
20230228:1930,0.0,0.0,0.0,-3.36,1.24,0.0
20230228:2030,0.0,0.0,0.0,-4.32,1.45,0.0
20230228:2130,0.0,0.0,0.0,-3.35,1.17,0.0
20230228:2230,0.0,0.0,0.0,-3.12,0.83,0.0
20230228:2330,0.0,0.0,0.0,-3.01,0.48,0.0
20230301:0030,0.0,0.0,0.0,-3.29,1.03,0.0
20230301:0130,0.0,0.0,0.0,-5.6,1.59,0.0
20230301:0230,0.0,0.0,0.0,-5.37,1.45,0.0
20230301:0330,0.0,0.0,0.0,-5.7,1.52,0.0
20230301:0430,0.0,0.0,0.0,-5.94,1.59,0.0
20230301:0530,42.81,69.73,3.29,-7.19,1.86,0.0
20230301:0630,143.77,165.03,12.46,-6.49,1.72,0.0
20230301:0730,351.94,376.33,20.64,-4.0,2.07,0.0
20230301:0830,514.88,556.48,27.29,-1.25,2.28,0.0
20230301:0930,739.35,816.74,31.76,0.08,2.48,0.0
20230301:1030,772.93,860.11,33.48,1.11,2.76,0.0
20230301:1130,830.37,936.12,32.18,1.75,2.55,0.0
20230301:1230,733.88,822.08,28.06,3.04,2.48,0.0
20230301:1330,562.93,622.64,21.68,3.47,2.41,0.0
20230301:1430,318.2,358.34,13.68,3.55,2.34,0.0
20230301:1530,78.71,114.51,4.62,3.06,1.79,0.0
20230301:1630,0.0,0.0,0.0,1.7,1.86,0.0
20230301:1730,0.0,0.0,0.0,-0.28,2.28,0.0
20230301:1830,0.0,0.0,0.0,-1.98,2.41,0.0
20230301:1930,0.0,0.0,0.0,-3.51,2.07,0.0
20230301:2030,0.0,0.0,0.0,-4.4,1.79,0.0
20230301:2130,0.0,0.0,0.0,-4.99,1.59,0.0
20230301:2230,0.0,0.0,0.0,-5.06,1.45,0.0
20230301:2330,0.0,0.0,0.0,-5.1,1.59,0.0
20230302:0030,0.0,0.0,0.0,-5.14,1.59,0.0
20230302:0130,0.0,0.0,0.0,-5.3,1.45,0.0
20230302:0230,0.0,0.0,0.0,-5.04,1.24,0.0
20230302:0330,0.0,0.0,0.0,-5.43,1.38,0.0
20230302:0430,0.0,0.0,0.0,-5.21,1.45,0.0
20230302:0530,29.26,51.62,3.61,-4.41,1.31,0.0
20230302:0630,194.19,220.1,12.79,-3.46,1.03,0.0
20230302:0730,433.13,472.32,20.99,-0.59,1.1,0.0
20230302:0830,636.0,701.14,27.66,1.08,1.93,0.0
20230302:0930,807.93,916.24,32.14,2.52,2.14,0.0
20230302:1030,841.17,965.73,33.86,3.53,2.07,0.0
20230302:1130,804.65,925.84,32.55,4.67,1.93,0.0
20230302:1230,699.59,793.1,28.4,5.16,2.0,0.0
20230302:1330,543.17,607.32,21.99,5.34,2.0,0.0
20230302:1430,314.53,357.71,13.96,5.19,1.93,0.0
20230302:1530,76.64,112.75,4.89,4.42,1.59,0.0
20230302:1630,0.0,0.0,0.0,2.7,2.07,0.0
20230302:1730,0.0,0.0,0.0,0.74,2.07,0.0
20230302:1830,0.0,0.0,0.0,-0.88,1.86,0.0
20230302:1930,0.0,0.0,0.0,-2.42,1.72,0.0
20230302:2030,0.0,0.0,0.0,-3.29,1.59,0.0
20230302:2130,0.0,0.0,0.0,-3.77,1.45,0.0
20230302:2230,0.0,0.0,0.0,-4.26,1.52,0.0
20230302:2330,0.0,0.0,0.0,-4.72,1.45,0.0
20230303:0030,0.0,0.0,0.0,-4.92,1.17,0.0
20230303:0130,0.0,0.0,0.0,-4.79,0.83,0.0
20230303:0230,0.0,0.0,0.0,-4.51,0.55,0.0
20230303:0330,0.0,0.0,0.0,-4.67,0.76,0.0
20230303:0430,0.0,0.0,0.0,-5.4,1.1,0.0
20230303:0530,56.92,88.11,3.94,-5.64,1.45,0.0
20230303:0630,275.04,303.95,13.13,-4.4,1.31,0.0
20230303:0730,477.74,520.75,21.34,-0.41,1.38,0.0
20230303:0830,606.83,667.3,28.03,1.83,2.14,0.0
20230303:0930,742.04,828.28,32.53,3.32,2.9,0.0
20230303:1030,743.44,831.56,34.25,4.37,3.31,0.0
20230303:1130,323.25,358.05,32.91,5.35,4.62,0.0
20230303:1230,377.83,411.93,28.74,4.36,4.69,0.0
20230303:1330,369.78,403.55,22.3,3.52,4.48,0.0
20230303:1430,240.4,271.61,14.25,2.91,4.21,0.0
20230303:1530,64.09,95.38,5.16,2.07,3.45,0.0
20230303:1630,0.0,0.0,0.0,0.64,2.9,0.0
20230303:1730,0.0,0.0,0.0,-0.41,2.83,0.0
20230303:1830,0.0,0.0,0.0,-0.71,2.83,0.0
20230303:1930,0.0,0.0,0.0,-0.64,2.9,0.0
20230303:2030,0.0,0.0,0.0,-0.37,2.69,0.0
20230303:2130,0.0,0.0,0.0,-0.8,2.55,0.0
20230303:2230,0.0,0.0,0.0,-1.02,2.41,0.0
20230303:2330,0.0,0.0,0.0,-1.35,2.34,0.0
20230304:0030,0.0,0.0,0.0,-1.73,2.14,0.0
20230304:0130,0.0,0.0,0.0,-2.43,1.93,0.0
20230304:0230,0.0,0.0,0.0,-2.83,1.72,0.0
20230304:0330,0.0,0.0,0.0,-3.19,1.72,0.0
20230304:0430,0.0,0.0,0.0,-3.44,1.79,0.0
20230304:0530,38.09,61.78,4.27,-3.52,1.66,0.0
20230304:0630,197.58,223.71,13.47,-2.55,1.59,0.0
20230304:0730,430.55,469.79,21.7,2.49,3.03,0.0
20230304:0830,475.85,519.58,28.4,5.23,4.55,0.0
20230304:0930,452.57,494.07,32.91,6.35,6.07,0.0
20230304:1030,660.95,726.31,34.63,6.98,6.28,0.0
20230304:1130,620.74,683.15,33.28,7.81,6.55,0.0
20230304:1230,567.31,622.92,29.08,7.96,6.34,0.0
20230304:1330,457.48,503.43,22.61,7.78,6.07,0.0
20230304:1430,298.43,339.31,14.53,7.5,5.17,0.0
20230304:1530,53.85,84.58,5.42,6.58,4.62,0.0
20230304:1630,0.0,0.0,-4.25,4.72,4.07,0.0
20230304:1730,0.0,0.0,0.0,2.71,3.72,0.0
20230304:1830,0.0,0.0,0.0,1.38,3.93,0.0
20230304:1930,0.0,0.0,0.0,0.91,4.69,0.0
20230304:2030,0.0,0.0,0.0,0.99,4.97,0.0
20230304:2130,0.0,0.0,0.0,0.97,5.17,0.0
20230304:2230,0.0,0.0,0.0,0.65,4.9,0.0
20230304:2330,0.0,0.0,0.0,0.48,4.41,0.0
20230305:0030,0.0,0.0,0.0,-0.07,3.79,0.0
20230305:0130,0.0,0.0,0.0,-0.73,3.31,0.0
20230305:0230,0.0,0.0,0.0,-1.68,2.9,0.0
20230305:0330,0.0,0.0,0.0,-2.64,2.76,0.0
20230305:0430,0.0,0.0,0.0,-3.2,2.69,0.0
20230305:0530,66.47,100.21,4.6,-3.61,2.62,0.0
20230305:0630,301.02,331.51,13.81,-3.13,2.28,0.0
20230305:0730,506.73,548.21,22.06,-0.55,2.28,0.0
20230305:0830,672.29,733.55,28.78,0.98,3.17,0.0
20230305:0930,630.49,682.48,33.3,2.46,4.62,0.0
20230305:1030,485.2,527.68,35.02,3.38,4.55,0.0
20230305:1130,330.49,364.54,33.65,4.21,4.48,0.0
20230305:1230,239.07,267.87,29.42,4.29,4.21,0.0
20230305:1330,117.39,142.02,22.92,4.14,4.07,0.0
20230305:1430,89.01,112.46,14.81,3.73,3.38,0.0
20230305:1530,25.08,43.75,5.69,3.24,1.93,0.0
20230305:1630,0.0,0.0,-4.0,2.2,0.48,0.0
20230305:1730,0.0,0.0,0.0,1.02,1.24,0.0
20230305:1830,0.0,0.0,0.0,0.26,1.66,0.0
20230305:1930,0.0,0.0,0.0,-0.15,1.66,0.0
20230305:2030,0.0,0.0,0.0,-0.61,2.28,0.0
20230305:2130,0.0,0.0,0.0,-0.42,2.55,0.0
20230305:2230,0.0,0.0,0.0,-0.95,2.34,0.0
20230305:2330,0.0,0.0,0.0,-1.54,2.28,0.0
20230306:0030,0.0,0.0,0.0,-2.09,2.21,0.0
20230306:0130,0.0,0.0,0.0,-2.63,2.0,0.0
20230306:0230,0.0,0.0,0.0,-3.28,1.66,0.0
20230306:0330,0.0,0.0,0.0,-3.64,1.38,0.0
20230306:0430,0.0,0.0,0.0,-3.89,1.52,0.0
20230306:0530,25.06,42.25,4.93,-3.89,1.66,0.0
20230306:0630,114.16,136.6,14.16,-2.4,1.45,0.0
20230306:0730,363.49,396.31,22.42,0.01,1.66,0.0
20230306:0830,586.96,644.98,29.16,2.17,2.62,0.0
20230306:0930,714.18,788.21,33.69,3.47,4.07,0.0
20230306:1030,493.03,537.08,35.41,4.26,4.97,0.0
20230306:1130,502.17,547.32,34.02,4.37,4.28,0.0
20230306:1230,266.39,296.52,29.76,4.77,4.07,0.0
20230306:1330,312.33,346.64,23.23,4.92,3.66,0.0
20230306:1430,189.64,220.59,15.1,5.15,3.24,0.0
20230306:1530,37.96,60.19,5.95,4.75,2.55,0.0
20230306:1630,0.0,0.0,-3.74,3.32,2.55,0.0
20230306:1730,0.0,0.0,0.0,1.87,2.55,0.0
20230306:1830,0.0,0.0,0.0,1.17,2.28,0.0
20230306:1930,0.0,0.0,0.0,1.14,1.59,0.0
20230306:2030,0.0,0.0,0.0,0.64,1.79,0.0
20230306:2130,0.0,0.0,0.0,-0.07,1.79,0.0
20230306:2230,0.0,0.0,0.0,-0.33,1.59,0.0
20230306:2330,0.0,0.0,0.0,-0.54,1.45,0.0
20230307:0030,0.0,0.0,0.0,-0.53,1.17,0.0
20230307:0130,0.0,0.0,0.0,-0.73,1.03,0.0
20230307:0230,0.0,0.0,0.0,-1.11,1.03,0.0
20230307:0330,0.0,0.0,0.0,-1.32,1.17,0.0
20230307:0430,0.0,0.0,-4.46,-1.9,1.45,0.0
20230307:0530,22.29,39.39,5.27,-2.34,1.66,0.0
20230307:0630,90.03,111.7,14.5,-1.44,1.1,0.0
20230307:0730,285.01,317.31,22.79,1.82,0.97,0.0
20230307:0830,510.94,572.4,29.54,3.29,0.76,0.0
20230307:0930,572.62,643.43,34.08,4.72,1.24,0.0
20230307:1030,721.09,828.99,35.8,5.49,1.45,0.0
20230307:1130,685.64,780.33,34.39,6.31,2.14,0.0
20230307:1230,476.55,529.73,30.1,6.96,2.83,0.0
20230307:1330,264.35,299.25,23.54,7.11,3.24,0.0
20230307:1430,150.27,179.88,15.38,6.82,3.31,0.0
20230307:1530,54.49,82.07,6.21,6.12,2.62,0.0
20230307:1630,0.0,0.0,-3.49,4.75,2.14,0.0
20230307:1730,0.0,0.0,0.0,3.22,2.0,0.0
20230307:1830,0.0,0.0,0.0,1.78,2.14,0.0
20230307:1930,0.0,0.0,0.0,0.96,2.0,0.0
20230307:2030,0.0,0.0,0.0,-0.08,1.86,0.0
20230307:2130,0.0,0.0,0.0,-0.74,1.86,0.0
20230307:2230,0.0,0.0,0.0,-1.36,1.93,0.0
20230307:2330,0.0,0.0,0.0,-0.52,1.93,0.0
20230308:0030,0.0,0.0,0.0,0.74,2.07,0.0
20230308:0130,0.0,0.0,0.0,1.66,2.21,0.0
20230308:0230,0.0,0.0,0.0,1.91,2.28,0.0
20230308:0330,0.0,0.0,0.0,1.52,2.55,0.0
20230308:0430,0.0,0.0,-4.13,1.48,2.83,0.0
20230308:0530,48.76,75.84,5.6,1.72,3.03,0.0
20230308:0630,188.99,218.92,14.85,3.12,2.83,0.0
20230308:0730,367.48,410.92,23.15,4.56,1.24,0.0
20230308:0830,585.15,663.2,29.92,7.68,2.07,0.0
20230308:0930,579.98,645.97,34.48,8.9,4.62,0.0
20230308:1030,644.42,721.5,36.19,9.31,5.1,0.0
20230308:1130,506.76,561.91,34.76,9.67,5.03,0.0
20230308:1230,666.92,748.74,30.44,9.37,4.76,0.0
20230308:1330,483.31,538.48,23.84,9.53,4.9,0.0
20230308:1430,241.84,280.23,15.66,9.19,4.9,0.0
20230308:1530,23.76,41.18,6.48,8.35,3.45,0.0
20230308:1630,0.0,0.0,-3.23,6.94,2.83,0.0
20230308:1730,0.0,0.0,0.0,5.96,2.21,0.0
20230308:1830,0.0,0.0,0.0,5.27,2.28,0.0
20230308:1930,0.0,0.0,0.0,5.14,2.76,0.0
20230308:2030,0.0,0.0,0.0,5.08,2.62,0.0
20230308:2130,0.0,0.0,0.0,4.85,2.48,0.0
20230308:2230,0.0,0.0,0.0,4.93,2.76,0.0
20230308:2330,0.0,0.0,0.0,4.73,2.69,0.0
20230309:0030,0.0,0.0,0.0,4.02,2.55,0.0
20230309:0130,0.0,0.0,0.0,3.61,2.34,0.0
20230309:0230,0.0,0.0,0.0,3.41,2.07,0.0
20230309:0330,0.0,0.0,0.0,3.8,1.79,0.0
20230309:0430,0.0,0.0,-3.8,4.31,1.86,0.0
20230309:0530,16.52,31.09,5.94,3.93,2.21,0.0
20230309:0630,59.98,81.51,15.2,5.09,2.48,0.0
20230309:0730,95.14,120.7,23.52,7.61,3.17,0.0
20230309:0830,219.07,253.82,30.31,8.58,2.97,0.0
20230309:0930,410.93,464.1,34.87,9.64,2.41,0.0
20230309:1030,507.21,573.26,36.58,10.77,3.66,0.0
20230309:1130,427.32,481.65,35.13,11.7,5.38,0.0
20230309:1230,243.93,283.62,30.78,11.82,4.28,0.0
20230309:1330,204.13,240.61,24.15,12.05,4.14,0.0
20230309:1430,205.27,244.45,15.94,12.03,3.31,0.0
20230309:1530,21.43,40.1,6.74,11.6,4.34,0.0
20230309:1630,0.0,0.0,-2.98,10.34,4.41,0.0
20230309:1730,0.0,0.0,0.0,9.65,4.41,0.0
20230309:1830,0.0,0.0,0.0,9.26,4.55,0.0
20230309:1930,0.0,0.0,0.0,8.82,5.79,0.0
20230309:2030,0.0,0.0,0.0,7.72,5.45,0.0
20230309:2130,0.0,0.0,0.0,6.78,4.62,0.0
20230309:2230,0.0,0.0,0.0,5.9,3.52,0.0
20230309:2330,0.0,0.0,0.0,4.76,2.14,0.0
20230310:0030,0.0,0.0,0.0,3.6,0.9,0.0
20230310:0130,0.0,0.0,0.0,3.94,0.14,0.0
20230310:0230,0.0,0.0,0.0,2.09,1.1,0.0
20230310:0330,0.0,0.0,0.0,0.89,1.72,0.0
20230310:0430,0.0,0.0,-3.46,1.43,2.0,0.0
20230310:0530,34.6,56.23,6.29,2.23,2.28,0.0
20230310:0630,219.74,253.01,15.56,4.07,2.28,0.0
20230310:0730,312.01,352.99,23.89,7.77,2.28,0.0
20230310:0830,607.89,688.26,30.69,10.27,3.72,0.0
20230310:0930,788.47,907.96,35.27,12.11,4.83,0.0
20230310:1030,817.47,950.23,36.97,13.55,5.03,0.0
20230310:1130,792.13,922.12,35.5,14.35,4.97,0.0
20230310:1230,710.85,824.85,31.12,14.82,4.55,0.0
20230310:1330,539.48,621.66,24.46,14.92,4.0,0.0
20230310:1430,306.49,361.7,16.22,14.66,3.38,0.0
20230310:1530,90.26,132.46,7.0,13.77,2.83,0.0
20230310:1630,0.0,0.0,-2.72,11.69,2.9,0.0
20230310:1730,0.0,0.0,0.0,9.58,2.83,0.0
20230310:1830,0.0,0.0,0.0,8.14,2.69,0.0
20230310:1930,0.0,0.0,0.0,7.57,2.28,0.0
20230310:2030,0.0,0.0,0.0,6.39,2.21,0.0
20230310:2130,0.0,0.0,0.0,5.45,2.21,0.0
20230310:2230,0.0,0.0,0.0,4.55,2.28,0.0
20230310:2330,0.0,0.0,0.0,3.8,2.28,0.0
20230311:0030,0.0,0.0,0.0,3.26,2.14,0.0
20230311:0130,0.0,0.0,0.0,2.78,1.93,0.0
20230311:0230,0.0,0.0,0.0,2.13,1.79,0.0
20230311:0330,0.0,0.0,0.0,1.72,1.66,0.0
20230311:0430,0.0,0.0,-3.12,2.26,1.24,0.0
20230311:0530,12.37,25.24,6.63,2.87,1.03,0.0
20230311:0630,70.09,92.28,15.91,3.62,1.1,0.0
20230311:0730,141.85,169.79,24.26,5.52,0.76,0.0
20230311:0830,79.15,103.74,31.08,7.81,1.52,0.0
20230311:0930,280.27,317.89,35.67,8.13,2.62,0.0
20230311:1030,173.61,204.01,37.37,8.35,4.21,0.0
20230311:1130,199.39,230.58,35.88,8.13,3.45,0.0
20230311:1230,261.21,295.57,31.46,8.15,3.1,0.0
20230311:1330,61.67,83.94,24.76,8.11,3.45,0.0
20230311:1430,117.39,143.85,16.5,6.28,5.59,0.0
20230311:1530,13.69,29.05,7.26,4.31,5.72,0.0
20230311:1630,0.0,0.0,-2.47,3.13,5.17,0.0
20230311:1730,0.0,0.0,0.0,2.78,5.59,0.0
20230311:1830,0.0,0.0,0.0,2.01,7.17,0.0
20230311:1930,0.0,0.0,0.0,0.95,7.93,0.0
20230311:2030,0.0,0.0,0.0,-0.06,7.93,0.0
20230311:2130,0.0,0.0,0.0,-0.52,7.59,0.0
20230311:2230,0.0,0.0,0.0,-0.71,7.1,0.0
20230311:2330,0.0,0.0,0.0,-0.97,6.97,0.0
20230312:0030,0.0,0.0,0.0,-1.09,6.76,0.0
20230312:0130,0.0,0.0,0.0,-1.36,6.76,0.0
20230312:0230,0.0,0.0,0.0,-1.59,6.41,0.0
20230312:0330,0.0,0.0,0.0,-2.04,6.0,0.0
20230312:0430,0.0,0.0,-2.78,-2.24,5.52,0.0
20230312:0530,57.98,83.83,6.97,-2.41,4.9,0.0
20230312:0630,238.88,264.77,16.27,-1.71,4.83,0.0
20230312:0730,452.83,480.64,24.63,-0.68,6.55,0.0
20230312:0830,647.26,690.17,31.47,0.49,6.28,0.0
20230312:0930,661.93,710.88,36.07,1.89,6.48,0.0
20230312:1030,574.86,620.3,37.76,3.16,6.41,0.0
20230312:1130,594.96,644.09,36.25,4.22,6.69,0.0
20230312:1230,497.23,538.12,31.8,4.94,7.1,0.0
20230312:1330,488.32,530.45,25.07,5.32,7.17,0.0
20230312:1430,310.83,348.48,16.78,5.8,7.17,0.0
20230312:1530,95.31,132.83,7.52,5.38,5.24,0.0
20230312:1630,0.0,0.0,-2.22,4.11,3.79,0.0
20230312:1730,0.0,0.0,0.0,2.3,2.83,0.0
20230312:1830,0.0,0.0,0.0,1.09,2.69,0.0
20230312:1930,0.0,0.0,0.0,0.64,3.66,0.0
20230312:2030,0.0,0.0,0.0,0.3,3.31,0.0
20230312:2130,0.0,0.0,0.0,-0.17,2.83,0.0
20230312:2230,0.0,0.0,0.0,-0.49,2.55,0.0
20230312:2330,0.0,0.0,0.0,-0.96,2.41,0.0
20230313:0030,0.0,0.0,0.0,-1.26,2.55,0.0
20230313:0130,0.0,0.0,0.0,-0.98,2.55,0.0
20230313:0230,0.0,0.0,0.0,-0.47,2.55,0.0
20230313:0330,0.0,0.0,0.0,-0.1,2.48,0.0
20230313:0430,0.0,0.0,-2.44,0.06,2.41,0.0
20230313:0530,25.53,41.95,7.32,0.37,2.34,0.0
20230313:0630,89.96,112.82,16.62,1.51,2.55,0.0
20230313:0730,165.62,190.88,25.0,2.79,2.55,0.0
20230313:0830,251.31,279.48,31.86,4.06,2.83,0.0
20230313:0930,476.0,522.02,36.47,5.42,3.93,0.0
20230313:1030,709.27,789.91,38.15,6.95,4.83,0.0
20230313:1130,761.66,856.89,36.62,8.43,5.17,0.0
20230313:1230,680.58,764.69,32.14,9.32,4.76,0.0
20230313:1330,512.65,574.26,25.37,9.68,4.28,0.0
20230313:1430,326.07,374.46,17.05,9.59,3.93,0.0
20230313:1530,84.21,120.51,7.78,8.91,3.31,0.0
20230313:1630,0.0,0.0,-1.96,7.37,3.38,0.0
20230313:1730,0.0,0.0,0.0,5.93,3.31,0.0
20230313:1830,0.0,0.0,0.0,5.18,3.1,0.0
20230313:1930,0.0,0.0,0.0,5.64,3.24,0.0
20230313:2030,0.0,0.0,0.0,6.22,3.38,0.0
20230313:2130,0.0,0.0,0.0,6.45,3.1,0.0
20230313:2230,0.0,0.0,0.0,6.7,2.9,0.0
20230313:2330,0.0,0.0,0.0,6.46,2.48,0.0
20230314:0030,0.0,0.0,0.0,5.45,2.28,0.0
20230314:0130,0.0,0.0,0.0,4.42,2.28,0.0
20230314:0230,0.0,0.0,0.0,3.75,2.48,0.0
20230314:0330,0.0,0.0,0.0,3.31,2.76,0.0
20230314:0430,0.0,0.0,-2.1,3.27,3.03,0.0
20230314:0530,66.44,95.42,7.67,3.62,3.24,0.0
20230314:0630,246.45,281.65,16.98,5.11,3.38,0.0
20230314:0730,440.63,494.59,25.37,8.64,2.97,0.0
20230314:0830,640.83,733.63,32.25,11.28,3.38,0.0
20230314:0930,704.14,817.17,36.87,13.59,4.0,0.0
20230314:1030,634.55,736.37,38.55,15.1,4.21,0.0
20230314:1130,438.77,507.96,36.99,15.84,4.07,0.0
20230314:1230,215.44,257.84,32.47,15.86,4.0,0.0
20230314:1330,201.05,240.78,25.68,15.35,3.72,0.0
20230314:1430,131.17,164.85,17.33,14.89,3.59,0.0
20230314:1530,37.51,59.17,8.04,13.85,3.24,0.0
20230314:1630,0.0,0.0,-1.71,12.13,3.31,0.0
20230314:1730,0.0,0.0,0.0,10.66,3.31,0.0
20230314:1830,0.0,0.0,0.0,9.54,3.03,0.0
20230314:1930,0.0,0.0,0.0,9.15,2.55,0.0
20230314:2030,0.0,0.0,0.0,8.18,2.41,0.0
20230314:2130,0.0,0.0,0.0,7.17,2.07,0.0
20230314:2230,0.0,0.0,0.0,6.24,1.86,0.0
20230314:2330,0.0,0.0,0.0,5.51,1.86,0.0
20230315:0030,0.0,0.0,0.0,4.76,1.86,0.0
20230315:0130,0.0,0.0,0.0,3.97,1.52,0.0
20230315:0230,0.0,0.0,0.0,3.81,1.1,0.0
20230315:0330,0.0,0.0,0.0,3.48,1.1,0.0
20230315:0430,0.0,0.0,-1.75,2.71,1.24,0.0
20230315:0530,21.99,38.54,8.01,2.91,0.97,0.0
20230315:0630,28.89,45.95,17.34,4.16,0.34,0.0
20230315:0730,51.38,71.99,25.75,4.86,0.41,0.0
20230315:0830,106.39,132.69,32.64,5.69,0.83,0.0
20230315:0930,172.02,202.52,37.27,6.58,2.14,0.0
20230315:1030,214.01,246.42,38.94,7.32,4.0,0.0
20230315:1130,198.1,228.88,37.36,7.24,4.9,0.0
20230315:1230,57.75,79.16,32.81,6.11,5.17,0.0
20230315:1330,27.23,43.75,25.98,3.48,5.38,0.0
20230315:1430,13.58,26.72,17.61,1.94,5.66,0.0
20230315:1530,4.96,14.66,8.3,1.46,4.9,0.0
20230315:1630,0.0,0.0,-1.46,1.31,5.1,0.0
20230315:1730,0.0,0.0,0.0,1.09,4.62,0.0
20230315:1830,0.0,0.0,0.0,1.06,4.21,0.0
20230315:1930,0.0,0.0,0.0,0.88,3.86,0.0
20230315:2030,0.0,0.0,0.0,0.89,3.72,0.0
20230315:2130,0.0,0.0,0.0,0.81,3.66,0.0
20230315:2230,0.0,0.0,0.0,0.78,3.79,0.0
20230315:2330,0.0,0.0,0.0,0.7,3.72,0.0
20230316:0030,0.0,0.0,0.0,0.64,4.0,0.0
20230316:0130,0.0,0.0,0.0,0.58,4.21,0.0
20230316:0230,0.0,0.0,0.0,0.47,4.21,0.0
20230316:0330,0.0,0.0,0.0,0.38,4.21,0.0
20230316:0430,0.0,0.0,-1.41,0.29,4.0,0.0
20230316:0530,20.42,35.28,8.36,0.17,3.93,0.0
20230316:0630,167.27,192.59,17.7,0.28,3.86,0.0
20230316:0730,155.33,179.23,26.13,0.85,4.9,0.0
20230316:0830,325.7,355.2,33.03,1.23,4.76,0.0
20230316:0930,231.03,259.27,37.67,2.16,4.97,0.0
20230316:1030,501.87,546.31,39.34,2.37,4.48,0.0
20230316:1130,663.36,726.56,37.73,3.21,4.69,0.0
20230316:1230,640.73,698.88,33.15,3.9,5.1,0.0
20230316:1330,387.56,423.45,26.28,4.29,5.24,0.0
20230316:1430,289.28,325.33,17.88,4.31,4.41,0.0
20230316:1530,108.54,148.3,8.56,4.07,3.52,0.0
20230316:1630,0.0,0.0,-1.21,3.07,2.83,0.0
20230316:1730,0.0,0.0,0.0,1.4,2.69,0.0
20230316:1830,0.0,0.0,0.0,0.29,2.69,0.0
20230316:1930,0.0,0.0,0.0,-0.58,2.48,0.0
20230316:2030,0.0,0.0,0.0,-1.23,2.41,0.0
20230316:2130,0.0,0.0,0.0,-1.78,2.48,0.0
20230316:2230,0.0,0.0,0.0,-2.21,2.41,0.0
20230316:2330,0.0,0.0,0.0,-2.74,2.34,0.0
20230317:0030,0.0,0.0,0.0,-3.21,2.28,0.0
20230317:0130,0.0,0.0,0.0,-3.62,2.21,0.0
20230317:0230,0.0,0.0,0.0,-4.0,2.14,0.0
20230317:0330,0.0,0.0,0.0,-4.35,2.07,0.0
20230317:0430,0.0,0.0,-1.06,-4.68,2.0,0.0
20230317:0530,123.24,161.21,8.71,-4.93,1.79,0.0
20230317:0630,369.15,405.36,18.06,-2.92,1.31,0.0
20230317:0730,589.88,652.64,26.5,0.34,1.24,0.0
20230317:0830,743.93,850.44,33.42,2.42,1.1,0.0
20230317:0930,790.3,924.16,38.07,3.71,0.83,0.0
20230317:1030,749.95,863.0,39.74,4.66,1.45,0.0
20230317:1130,782.76,908.87,38.1,5.1,1.45,0.0
20230317:1230,590.43,665.65,33.48,5.55,1.52,0.0
20230317:1330,570.77,644.62,26.58,5.53,1.52,0.0
20230317:1430,322.45,367.86,18.15,5.59,1.59,0.0
20230317:1530,105.74,145.81,8.82,5.19,1.52,0.0
20230317:1630,0.0,0.0,-0.96,4.18,1.38,0.0
20230317:1730,0.0,0.0,0.0,1.86,1.38,0.0
20230317:1830,0.0,0.0,0.0,-0.18,1.38,0.0
20230317:1930,0.0,0.0,0.0,-1.53,1.79,0.0
20230317:2030,0.0,0.0,0.0,-2.51,1.86,0.0
20230317:2130,0.0,0.0,0.0,-3.22,1.93,0.0
20230317:2230,0.0,0.0,0.0,-3.45,1.79,0.0
20230317:2330,0.0,0.0,0.0,-3.52,1.59,0.0
20230318:0030,0.0,0.0,0.0,-3.7,1.45,0.0
20230318:0130,0.0,0.0,0.0,-4.07,1.38,0.0
20230318:0230,0.0,0.0,0.0,-4.68,1.52,0.0
20230318:0330,0.0,0.0,0.0,-5.09,1.79,0.0
20230318:0430,0.0,0.0,-0.71,-4.98,2.0,0.0
20230318:0530,125.0,163.29,9.07,-4.72,2.0,0.0
20230318:0630,374.36,412.02,18.42,-1.48,1.86,0.0
20230318:0730,595.4,655.02,26.88,2.31,2.62,0.0
20230318:0830,761.36,848.75,33.81,4.6,3.86,0.0
20230318:0930,859.48,971.89,38.47,6.15,4.41,0.0
20230318:1030,886.05,1011.65,40.13,7.44,4.48,0.0
20230318:1130,846.21,965.46,38.47,8.19,4.41,0.0
20230318:1230,740.39,839.42,33.82,8.79,4.07,0.0
20230318:1330,571.34,642.49,26.88,9.08,3.72,0.0
20230318:1430,349.58,400.45,18.43,8.98,3.52,0.0
20230318:1530,110.41,153.98,9.07,7.99,2.9,0.0
20230318:1630,0.0,0.0,-0.71,5.7,3.1,0.0
20230318:1730,0.0,0.0,0.0,3.59,3.24,0.0
20230318:1830,0.0,0.0,0.0,2.53,3.1,0.0
20230318:1930,0.0,0.0,0.0,2.01,3.38,0.0
20230318:2030,0.0,0.0,0.0,1.43,3.24,0.0
20230318:2130,0.0,0.0,0.0,0.82,2.97,0.0
20230318:2230,0.0,0.0,0.0,0.15,2.62,0.0
20230318:2330,0.0,0.0,0.0,-0.49,2.34,0.0
20230319:0030,0.0,0.0,0.0,-1.04,2.14,0.0
20230319:0130,0.0,0.0,0.0,-1.54,1.93,0.0
20230319:0230,0.0,0.0,0.0,-2.0,1.86,0.0
20230319:0330,0.0,0.0,0.0,-2.42,1.72,0.0
20230319:0430,0.0,0.0,-0.37,-2.88,1.59,0.0
20230319:0530,92.46,122.09,9.42,-2.94,1.45,0.0
20230319:0630,250.1,281.15,18.78,0.0,1.24,0.0
20230319:0730,418.31,461.99,27.25,2.98,1.79,0.0
20230319:0830,654.74,739.12,34.21,4.76,1.86,0.0
20230319:0930,818.22,950.8,38.88,6.72,2.14,0.0
20230319:1030,851.76,1002.0,40.53,8.57,2.34,0.0
20230319:1130,810.39,952.25,38.84,9.88,2.41,0.0
20230319:1230,711.68,825.45,34.15,10.66,2.55,0.0
20230319:1330,553.97,633.23,27.18,10.97,2.69,0.0
20230319:1430,338.53,392.85,18.7,10.87,2.76,0.0
20230319:1530,108.31,152.64,9.33,9.89,2.55,0.0
20230319:1630,0.0,0.0,-0.46,7.74,2.9,0.0
20230319:1730,0.0,0.0,0.0,5.51,2.97,0.0
20230319:1830,0.0,0.0,0.0,4.13,2.69,0.0
20230319:1930,0.0,0.0,0.0,3.3,2.55,0.0
20230319:2030,0.0,0.0,0.0,2.06,2.28,0.0
20230319:2130,0.0,0.0,0.0,1.02,2.0,0.0
20230319:2230,0.0,0.0,0.0,0.2,1.79,0.0
20230319:2330,0.0,0.0,0.0,-0.45,1.72,0.0
20230320:0030,0.0,0.0,0.0,-1.03,1.59,0.0
20230320:0130,0.0,0.0,0.0,-1.53,1.66,0.0
20230320:0230,0.0,0.0,0.0,-1.84,1.72,0.0
20230320:0330,0.0,0.0,0.0,-1.88,1.66,0.0
20230320:0430,0.0,0.0,-0.02,-1.55,1.59,0.0
20230320:0530,96.0,127.31,9.77,-1.48,1.59,0.0
20230320:0630,203.48,232.87,19.15,1.28,1.24,0.0
20230320:0730,398.83,446.06,27.63,4.38,1.03,0.0
20230320:0830,600.44,690.02,34.6,6.97,0.97,0.0
20230320:0930,645.19,760.06,39.28,9.36,0.76,0.0
20230320:1030,637.58,761.46,40.92,11.19,0.55,0.0
20230320:1130,594.92,707.93,39.21,12.39,0.69,0.0
20230320:1230,486.68,572.84,34.48,13.13,0.76,0.0
20230320:1330,353.94,414.71,27.48,13.51,0.9,0.0
20230320:1430,246.7,296.08,18.97,13.53,0.62,0.0
20230320:1530,86.11,123.86,9.58,13.19,0.21,0.0
20230320:1630,0.0,0.0,-0.21,11.63,1.24,0.0
20230320:1730,0.0,0.0,0.0,8.85,2.0,0.0
20230320:1830,0.0,0.0,0.0,6.62,2.55,0.0
20230320:1930,0.0,0.0,0.0,4.98,2.28,0.0
20230320:2030,0.0,0.0,0.0,4.07,2.28,0.0
20230320:2130,0.0,0.0,0.0,3.4,2.28,0.0
20230320:2230,0.0,0.0,0.0,2.79,2.21,0.0
20230320:2330,0.0,0.0,0.0,2.21,2.14,0.0
20230321:0030,0.0,0.0,0.0,1.79,2.07,0.0
20230321:0130,0.0,0.0,0.0,2.05,1.93,0.0
20230321:0230,0.0,0.0,0.0,2.4,1.93,0.0
20230321:0330,0.0,0.0,0.0,2.2,2.07,0.0
20230321:0430,0.19,5.99,0.33,2.11,2.0,0.0
20230321:0530,65.59,90.29,10.12,2.73,1.72,0.0
20230321:0630,201.0,233.04,19.51,4.19,1.31,0.0
20230321:0730,329.64,374.76,28.01,7.61,1.45,0.0
20230321:0830,469.46,535.17,34.99,9.96,2.0,0.0
20230321:0930,500.15,569.21,39.68,10.96,2.62,0.0
20230321:1030,353.87,405.21,41.32,11.21,2.76,0.0
20230321:1130,302.29,347.56,39.58,11.14,2.9,0.0
20230321:1230,265.08,304.78,34.82,10.99,2.9,0.0
20230321:1330,167.11,199.6,27.77,10.66,3.03,0.0
20230321:1430,178.87,214.05,19.24,10.35,2.9,0.0
20230321:1530,80.28,114.49,9.83,10.05,2.34,0.0
20230321:1630,0.0,5.0,0.04,9.15,1.66,0.0
20230321:1730,0.0,0.0,0.0,7.92,1.86,0.0
20230321:1830,0.0,0.0,0.0,6.62,2.14,0.0
20230321:1930,0.0,0.0,0.0,5.42,1.66,0.0
20230321:2030,0.0,0.0,0.0,4.61,1.52,0.0
20230321:2130,0.0,0.0,0.0,3.85,1.59,0.0
20230321:2230,0.0,0.0,0.0,3.67,1.52,0.0
20230321:2330,0.0,0.0,0.0,3.85,1.38,0.0
20230322:0030,0.0,0.0,0.0,3.89,1.38,0.0
20230322:0130,0.0,0.0,0.0,3.83,1.38,0.0
20230322:0230,0.0,0.0,0.0,3.85,1.31,0.0
20230322:0330,0.0,0.0,0.0,4.04,1.17,0.0
20230322:0430,0.0,5.07,0.68,3.95,1.1,0.0
20230322:0530,40.79,62.05,10.47,3.98,0.97,0.0
20230322:0630,184.07,216.24,19.87,5.09,0.62,0.0
20230322:0730,294.13,334.04,28.39,6.08,0.28,0.0
20230322:0830,400.15,452.07,35.39,7.79,1.17,0.0
20230322:0930,523.32,595.13,40.08,9.51,1.93,0.0
20230322:1030,536.2,614.84,41.71,11.07,2.21,0.0
20230322:1130,526.12,606.81,39.95,11.96,1.93,0.0
20230322:1230,390.88,451.56,35.15,12.65,1.38,0.0
20230322:1330,300.37,351.57,28.07,13.09,1.03,0.0
20230322:1430,284.66,338.99,19.51,13.31,0.97,0.0
20230322:1530,92.87,134.13,10.08,13.3,1.24,0.0
20230322:1630,0.04,5.75,0.28,11.87,2.07,0.0
20230322:1730,0.0,0.0,0.0,9.73,2.07,0.0
20230322:1830,0.0,0.0,0.0,7.96,1.86,0.0
20230322:1930,0.0,0.0,0.0,6.27,2.14,0.0
20230322:2030,0.0,0.0,0.0,4.72,2.14,0.0
20230322:2130,0.0,0.0,0.0,4.0,2.34,0.0
20230322:2230,0.0,0.0,0.0,3.69,2.55,0.0
20230322:2330,0.0,0.0,0.0,3.67,2.62,0.0
20230323:0030,0.0,0.0,0.0,3.76,2.69,0.0
20230323:0130,0.0,0.0,0.0,3.9,2.69,0.0
20230323:0230,0.0,0.0,0.0,3.99,2.62,0.0
20230323:0330,0.0,0.0,0.0,3.98,2.62,0.0
20230323:0430,1.33,8.52,1.03,3.73,2.55,0.0
20230323:0530,117.46,156.78,10.83,3.75,2.34,0.0
20230323:0630,235.2,271.47,20.23,6.03,1.79,0.0
20230323:0730,467.93,534.13,28.76,10.61,2.28,0.0
20230323:0830,605.15,700.58,35.78,13.2,2.97,0.0
20230323:0930,724.52,854.39,40.49,14.71,3.31,0.0
20230323:1030,716.16,848.26,42.11,15.79,3.45,0.0
20230323:1130,661.97,780.53,40.32,16.39,3.59,0.0
20230323:1230,410.39,475.32,35.47,16.65,3.93,0.0
20230323:1330,338.45,393.89,28.36,16.21,4.0,0.0
20230323:1430,249.42,298.1,19.77,15.88,3.93,0.0
20230323:1530,82.17,117.67,10.34,15.27,3.24,0.0
20230323:1630,0.72,7.44,0.53,13.6,2.97,0.0
20230323:1730,0.0,0.0,0.0,11.52,3.17,0.0
20230323:1830,0.0,0.0,0.0,10.35,3.24,0.0
20230323:1930,0.0,0.0,0.0,10.47,3.38,0.0
20230323:2030,0.0,0.0,0.0,10.21,3.45,0.0
20230323:2130,0.0,0.0,0.0,10.58,3.45,0.0
20230323:2230,0.0,0.0,0.0,11.32,3.38,0.0
20230323:2330,0.0,0.0,0.0,11.49,3.24,0.0
20230324:0030,0.0,0.0,0.0,11.35,3.1,0.0
20230324:0130,0.0,0.0,0.0,11.01,3.1,0.0
20230324:0230,0.0,0.0,0.0,10.57,3.17,0.0
20230324:0330,0.0,0.0,0.0,10.13,3.1,0.0
20230324:0430,2.23,10.4,1.38,9.81,2.9,0.0
20230324:0530,89.12,122.42,11.18,9.56,2.69,0.0
20230324:0630,336.98,390.49,20.59,10.46,2.28,0.0
20230324:0730,518.67,597.69,29.14,13.81,3.24,0.0
20230324:0830,655.91,767.63,36.17,15.83,3.72,0.0
20230324:0930,707.7,838.88,40.89,17.34,3.86,0.0
20230324:1030,739.43,883.82,42.5,18.24,3.86,0.0
20230324:1130,699.1,833.57,40.68,18.74,3.93,0.0
20230324:1230,558.08,656.52,35.8,18.94,4.0,0.0
20230324:1330,239.45,286.65,28.65,18.59,4.0,0.0
20230324:1430,98.34,129.69,20.04,17.6,3.38,0.0
20230324:1530,35.15,56.08,10.59,16.44,3.1,0.0
20230324:1630,0.7,7.44,0.78,15.21,3.03,0.0
20230324:1730,0.0,0.0,0.0,14.0,3.03,0.0
20230324:1830,0.0,0.0,0.0,13.24,2.9,0.0
20230324:1930,0.0,0.0,0.0,13.21,2.34,0.0
20230324:2030,0.0,0.0,0.0,12.61,2.55,0.0
20230324:2130,0.0,0.0,0.0,12.27,2.62,0.0
20230324:2230,0.0,0.0,0.0,11.86,2.62,0.0
20230324:2330,0.0,0.0,0.0,11.77,2.69,0.0
20230325:0030,0.0,0.0,0.0,11.51,2.69,0.0
20230325:0130,0.0,0.0,0.0,11.12,2.55,0.0
20230325:0230,0.0,0.0,0.0,10.51,2.28,0.0
20230325:0330,0.0,0.0,0.0,9.68,2.0,0.0
20230325:0430,1.74,9.46,1.72,8.96,1.52,0.0
20230325:0530,69.0,100.3,11.53,8.31,1.03,0.0
20230325:0630,111.94,141.11,20.95,9.76,0.48,0.0
20230325:0730,173.91,208.64,29.52,11.25,1.17,0.0
20230325:0830,251.89,294.91,36.57,12.51,1.31,0.0
20230325:0930,149.81,184.24,41.29,13.16,1.45,0.0
20230325:1030,246.74,290.83,42.89,12.89,1.38,0.0
20230325:1130,82.25,109.46,41.05,13.12,2.0,0.0
20230325:1230,36.98,57.11,36.13,12.31,2.07,0.0
20230325:1330,28.13,46.22,28.94,11.77,2.55,0.0
20230325:1430,19.25,35.08,20.3,11.07,3.38,0.0
20230325:1530,6.98,18.23,10.84,10.23,4.55,0.0
20230325:1630,0.0,4.22,1.02,9.44,4.21,0.0
20230325:1730,0.0,0.0,0.0,8.82,3.31,0.0
20230325:1830,0.0,0.0,0.0,8.16,2.9,0.0
20230325:1930,0.0,0.0,0.0,7.26,2.62,0.0
20230325:2030,0.0,0.0,0.0,6.58,2.55,0.0
20230325:2130,0.0,0.0,0.0,6.11,2.55,0.0
20230325:2230,0.0,0.0,0.0,5.48,2.55,0.0
20230325:2330,0.0,0.0,0.0,5.1,2.62,0.0
20230326:0030,0.0,0.0,0.0,5.19,2.76,0.0
20230326:0130,0.0,0.0,0.0,5.71,2.9,0.0
20230326:0230,0.0,0.0,0.0,6.02,2.97,0.0
20230326:0330,0.0,0.0,0.0,6.13,2.83,0.0
20230326:0430,3.4,12.33,2.07,5.76,2.69,0.0
20230326:0530,90.91,122.59,11.88,5.5,2.55,0.0
20230326:0630,320.79,365.79,21.31,6.8,2.21,0.0
20230326:0730,459.99,518.95,29.89,7.72,1.72,0.0
20230326:0830,609.06,696.26,36.96,9.61,2.41,0.0
20230326:0930,699.08,802.43,41.69,10.76,3.52,0.0
20230326:1030,562.64,640.09,43.29,11.43,3.86,0.0
20230326:1130,637.1,727.06,41.41,11.65,4.21,0.0
20230326:1230,619.71,703.95,36.45,12.0,4.62,0.0
20230326:1330,505.66,571.66,29.23,12.31,5.03,0.0
20230326:1430,248.89,291.78,20.57,12.1,5.03,0.0
20230326:1530,101.37,141.53,11.08,11.45,4.21,0.0
20230326:1630,1.23,8.48,1.26,10.57,3.52,0.0
20230326:1730,0.0,0.0,0.0,8.94,2.76,0.0
20230326:1830,0.0,0.0,0.0,7.74,2.41,0.0
20230326:1930,0.0,0.0,0.0,6.98,2.34,0.0
20230326:2030,0.0,0.0,0.0,6.12,2.41,0.0
20230326:2130,0.0,0.0,0.0,5.4,2.48,0.0
20230326:2230,0.0,0.0,0.0,4.8,2.62,0.0
20230326:2330,0.0,0.0,0.0,4.51,2.55,0.0
20230327:0030,0.0,0.0,0.0,4.01,2.41,0.0
20230327:0130,0.0,0.0,0.0,3.58,2.28,0.0
20230327:0230,0.0,0.0,0.0,3.06,2.0,0.0
20230327:0330,0.0,0.0,0.0,2.82,1.79,0.0
20230327:0430,3.4,12.39,2.42,2.94,1.79,0.0
20230327:0530,45.25,65.12,12.23,3.54,1.72,0.0
20230327:0630,93.74,118.47,21.67,5.19,1.79,0.0
20230327:0730,96.11,121.79,30.27,6.9,2.28,0.0
20230327:0830,109.36,136.63,37.35,7.78,2.41,0.0
20230327:0930,141.35,171.5,42.09,8.4,2.62,0.0
20230327:1030,168.93,201.41,43.68,8.98,2.76,0.0
20230327:1130,191.01,225.86,41.77,9.32,2.97,0.0
20230327:1230,162.07,194.37,36.78,9.56,3.1,0.0
20230327:1330,93.94,120.49,29.52,9.39,2.69,0.0
20230327:1430,36.01,55.23,20.83,8.96,2.07,0.0
20230327:1530,8.99,21.07,11.33,8.64,1.59,0.0
20230327:1630,0.0,1.82,1.51,8.14,1.1,0.0
20230327:1730,0.0,0.0,0.0,7.55,1.03,0.0
20230327:1830,0.0,0.0,0.0,7.08,3.03,0.0
20230327:1930,0.0,0.0,0.0,6.19,4.69,0.0
20230327:2030,0.0,0.0,0.0,4.03,5.72,0.0
20230327:2130,0.0,0.0,0.0,1.98,6.34,0.0
20230327:2230,0.0,0.0,0.0,1.38,7.24,0.0
20230327:2330,0.0,0.0,0.0,1.19,7.45,0.0
20230328:0030,0.0,0.0,0.0,0.96,7.79,0.0
20230328:0130,0.0,0.0,0.0,0.73,7.79,0.0
20230328:0230,0.0,0.0,0.0,0.35,7.93,0.0
20230328:0330,0.0,0.0,0.0,-0.21,7.72,0.0
20230328:0430,1.65,9.01,2.77,-0.96,7.79,0.0
20230328:0530,49.78,68.09,12.58,-1.77,7.38,0.0
20230328:0630,185.16,207.62,22.03,-2.15,7.31,0.0
20230328:0730,503.95,529.2,30.64,-1.88,8.0,0.0
20230328:0830,798.94,848.36,37.74,-0.93,8.0,0.0
20230328:0930,901.97,971.66,42.49,0.37,7.93,0.0
20230328:1030,870.39,940.48,44.07,2.02,8.83,0.0
20230328:1130,855.93,929.32,42.13,3.09,8.14,0.0
20230328:1230,724.98,784.62,37.1,3.58,7.66,0.0
20230328:1330,440.02,476.03,29.81,3.44,7.17,0.0
20230328:1430,268.91,300.31,21.09,2.88,6.83,0.0
20230328:1530,116.83,154.86,11.58,2.32,5.59,0.0
20230328:1630,1.57,8.93,1.75,1.53,5.38,0.0
20230328:1730,0.0,0.0,0.0,0.58,5.52,0.0
20230328:1830,0.0,0.0,0.0,-0.22,5.66,0.0
20230328:1930,0.0,0.0,0.0,-0.62,6.14,0.0
20230328:2030,0.0,0.0,0.0,-1.25,6.0,0.0
20230328:2130,0.0,0.0,0.0,-1.62,5.93,0.0
20230328:2230,0.0,0.0,0.0,-1.78,5.79,0.0
20230328:2330,0.0,0.0,0.0,-2.26,5.52,0.0
20230329:0030,0.0,0.0,0.0,-2.71,5.52,0.0
20230329:0130,0.0,0.0,0.0,-3.12,5.45,0.0
20230329:0230,0.0,0.0,0.0,-3.5,5.45,0.0
20230329:0330,0.0,0.0,0.0,-3.81,5.38,0.0
20230329:0430,5.52,16.99,3.11,-3.89,5.52,0.0
20230329:0530,91.69,118.39,12.93,-3.73,5.03,0.0
20230329:0630,360.72,386.2,22.39,-3.04,6.41,0.0
20230329:0730,473.22,497.21,31.01,-1.89,8.14,0.0
20230329:0830,406.95,433.45,38.13,-0.87,7.93,0.0
20230329:0930,465.11,496.2,42.89,-0.01,7.66,0.0
20230329:1030,520.3,555.17,44.46,0.75,7.72,0.0
20230329:1130,621.28,665.65,42.49,1.54,7.45,0.0
20230329:1230,459.84,494.92,37.42,2.54,7.45,0.0
20230329:1330,355.47,387.2,30.09,3.2,7.17,0.0
20230329:1430,197.24,225.9,21.35,3.65,6.9,0.0
20230329:1530,88.5,119.25,11.82,3.59,5.38,0.0
20230329:1630,2.66,10.96,1.99,3.11,4.34,0.0
20230329:1730,0.0,0.0,0.0,1.51,3.59,0.0
20230329:1830,0.0,0.0,0.0,0.3,3.52,0.0
20230329:1930,0.0,0.0,0.0,-0.27,3.24,0.0
20230329:2030,0.0,0.0,0.0,-0.92,2.97,0.0
20230329:2130,0.0,0.0,0.0,-1.47,2.76,0.0
20230329:2230,0.0,0.0,0.0,-1.92,2.69,0.0
20230329:2330,0.0,0.0,0.0,-2.28,2.62,0.0
20230330:0030,0.0,0.0,0.0,-2.64,2.48,0.0
20230330:0130,0.0,0.0,0.0,-3.16,2.28,0.0
20230330:0230,0.0,0.0,0.0,-3.56,2.21,0.0
20230330:0330,0.0,0.0,0.0,-3.88,2.28,0.0
20230330:0430,4.65,20.08,3.46,-3.96,2.34,0.0
20230330:0530,168.66,209.67,13.28,-3.16,2.21,0.0
20230330:0630,424.36,467.85,22.75,0.07,2.07,0.0
20230330:0730,638.63,710.08,31.38,3.24,2.41,0.0
20230330:0830,782.63,885.99,38.51,5.73,3.24,0.0
20230330:0930,841.17,960.47,43.29,7.26,3.93,0.0
20230330:1030,844.72,970.58,44.85,8.36,4.07,0.0
20230330:1130,748.56,853.77,42.85,9.16,4.21,0.0
20230330:1230,614.32,692.95,37.74,9.57,4.28,0.0
20230330:1330,484.3,543.74,30.37,9.5,4.21,0.0
20230330:1430,345.25,396.04,21.6,9.28,3.86,0.0
20230330:1530,123.17,170.52,12.06,8.7,2.9,0.0
20230330:1630,2.19,10.25,2.23,7.22,2.55,0.0
20230330:1730,0.0,0.0,0.0,5.59,2.69,0.0
20230330:1830,0.0,0.0,0.0,4.51,2.62,0.0
20230330:1930,0.0,0.0,0.0,4.91,2.62,0.0
20230330:2030,0.0,0.0,0.0,4.59,2.41,0.0
20230330:2130,0.0,0.0,0.0,4.63,2.28,0.0
20230330:2230,0.0,0.0,0.0,4.85,2.28,0.0
20230330:2330,0.0,0.0,0.0,4.96,2.21,0.0
20230331:0030,0.0,0.0,0.0,4.92,2.07,0.0
20230331:0130,0.0,0.0,0.0,4.82,1.86,0.0
20230331:0230,0.0,0.0,0.0,4.74,1.86,0.0
20230331:0330,0.0,0.0,0.0,4.58,2.0,0.0
20230331:0430,0.48,6.72,3.8,4.83,2.14,0.0
20230331:0530,17.7,32.38,13.62,5.29,2.55,0.0
20230331:0630,41.46,60.87,23.1,6.03,2.9,0.0
20230331:0730,74.26,97.65,31.75,6.87,2.9,0.0
20230331:0830,131.91,160.04,38.9,7.92,3.03,0.0
20230331:0930,227.0,262.91,43.68,9.16,3.45,0.0
20230331:1030,551.27,621.88,45.23,10.5,4.34,0.0
20230331:1130,370.18,420.47,43.21,12.15,5.38,0.0
20230331:1230,342.32,391.24,38.05,12.73,4.48,0.0
20230331:1330,432.96,494.94,30.66,13.03,4.0,0.0
20230331:1430,279.64,329.06,21.86,13.27,3.66,0.0
20230331:1530,111.36,157.37,12.31,12.82,3.17,0.0
20230331:1630,2.4,10.79,2.47,11.69,3.1,0.0
20230331:1730,0.0,0.0,0.0,9.56,2.97,0.0
20230331:1830,0.0,0.0,0.0,8.14,2.62,0.0
20230331:1930,0.0,0.0,0.0,7.5,2.21,0.0
20230331:2030,0.0,0.0,0.0,7.2,2.28,0.0
20230331:2130,0.0,0.0,0.0,6.89,2.28,0.0
20230331:2230,0.0,0.0,0.0,6.52,2.34,0.0
20230331:2330,0.0,0.0,0.0,6.39,2.55,0.0
20230401:0030,0.0,0.0,0.0,6.68,2.55,0.0
20230401:0130,0.0,0.0,0.0,6.7,2.41,0.0
20230401:0230,0.0,0.0,0.0,6.81,2.41,0.0
20230401:0330,0.0,0.0,0.0,6.95,2.48,0.0
20230401:0430,0.0,4.03,4.15,7.14,2.41,0.0
20230401:0530,6.58,17.48,13.97,7.28,2.14,0.0
20230401:0630,26.98,44.15,23.46,7.53,1.93,0.0
20230401:0730,116.23,143.97,32.12,8.0,1.45,0.0
20230401:0830,400.87,458.91,39.29,9.82,1.66,0.0
20230401:0930,561.27,638.69,44.08,11.38,3.38,0.0
20230401:1030,662.2,765.2,45.62,12.64,3.38,0.0
20230401:1130,532.59,615.72,43.56,13.43,2.69,0.0
20230401:1230,377.85,439.44,38.37,13.95,1.93,0.0
20230401:1330,285.2,335.43,30.94,14.04,1.59,0.0
20230401:1430,97.79,127.57,22.11,13.67,0.83,0.0
20230401:1530,48.18,73.24,12.55,12.54,1.45,0.0
20230401:1630,3.06,11.95,2.71,11.1,1.38,0.0
20230401:1730,0.0,0.0,0.0,10.04,0.9,0.0
20230401:1830,0.0,0.0,0.0,9.5,0.48,0.0
20230401:1930,0.0,0.0,0.0,7.23,1.66,0.0
20230401:2030,0.0,0.0,0.0,5.91,1.86,0.0
20230401:2130,0.0,0.0,0.0,4.97,2.0,0.0
20230401:2230,0.0,0.0,0.0,4.37,2.14,0.0
20230401:2330,0.0,0.0,0.0,4.09,2.14,0.0
20230402:0030,0.0,0.0,0.0,4.09,2.14,0.0
20230402:0130,0.0,0.0,0.0,3.81,2.21,0.0
20230402:0230,0.0,0.0,0.0,4.1,2.34,0.0
20230402:0330,0.0,0.0,0.0,4.8,2.48,0.0
20230402:0430,7.77,20.35,4.49,5.19,2.55,0.0
20230402:0530,55.97,78.31,14.31,6.29,2.62,0.0
20230402:0630,256.71,294.34,23.81,7.21,3.1,0.0
20230402:0730,283.32,320.73,32.49,8.34,4.48,0.0
20230402:0830,174.75,207.88,39.67,9.47,4.48,0.0
20230402:0930,164.06,196.79,44.47,10.01,4.34,0.0
20230402:1030,226.98,264.15,46.0,10.22,4.48,0.0
20230402:1130,430.12,483.4,43.92,10.53,4.62,0.0
20230402:1230,327.25,371.72,38.68,11.07,4.76,0.0
20230402:1330,179.11,212.26,31.21,10.99,4.76,0.0
20230402:1430,201.55,238.22,22.37,10.51,4.76,0.0
20230402:1530,65.86,93.74,12.79,10.02,4.9,0.0
20230402:1630,3.17,12.07,2.95,9.04,4.55,0.0
20230402:1730,0.0,0.0,0.0,8.0,4.28,0.0
20230402:1830,0.0,0.0,0.0,7.27,4.28,0.0
20230402:1930,0.0,0.0,0.0,6.72,4.28,0.0
20230402:2030,0.0,0.0,0.0,6.26,4.07,0.0
20230402:2130,0.0,0.0,0.0,5.85,3.72,0.0
20230402:2230,0.0,0.0,0.0,5.48,3.66,0.0
20230402:2330,0.0,0.0,0.0,5.19,3.72,0.0
20230403:0030,0.0,0.0,0.0,4.89,3.86,0.0
20230403:0130,0.0,0.0,0.0,4.57,3.93,0.0
20230403:0230,0.0,0.0,0.0,4.21,4.07,0.0
20230403:0330,0.0,0.0,0.0,3.74,4.21,0.0
20230403:0430,4.0,13.28,4.83,3.23,4.14,0.0
20230403:0530,30.64,47.83,14.65,2.77,4.41,0.0
20230403:0630,52.71,72.55,24.16,2.62,4.62,0.0
20230403:0730,124.84,149.37,32.85,2.71,4.55,0.0
20230403:0830,170.68,197.23,40.05,3.12,4.9,0.0
20230403:0930,210.68,238.78,44.86,3.47,4.97,0.0
20230403:1030,273.6,304.6,46.38,3.74,4.83,0.0
20230403:1130,164.79,192.05,44.27,4.01,4.9,0.0
20230403:1230,190.8,217.82,38.99,3.66,5.1,0.0
20230403:1330,121.98,146.78,31.49,3.42,5.38,0.0
20230403:1430,71.67,93.22,22.62,2.74,5.52,0.0
20230403:1530,25.2,41.11,13.03,2.03,5.24,0.0
20230403:1630,0.03,5.58,3.19,1.33,4.62,0.0
20230403:1730,0.0,0.0,0.0,0.79,4.07,0.0
20230403:1830,0.0,0.0,0.0,0.45,4.14,0.0
20230403:1930,0.0,0.0,0.0,0.17,3.24,0.0
20230403:2030,0.0,0.0,0.0,0.04,3.17,0.0
20230403:2130,0.0,0.0,0.0,-0.08,3.03,0.0
20230403:2230,0.0,0.0,0.0,-0.18,2.9,0.0
20230403:2330,0.0,0.0,0.0,-0.16,3.17,0.0
20230404:0030,0.0,0.0,0.0,-0.22,3.1,0.0
20230404:0130,0.0,0.0,0.0,-0.39,3.24,0.0
20230404:0230,0.0,0.0,0.0,-0.58,3.17,0.0
20230404:0330,0.0,0.0,0.0,-0.75,3.24,0.0
20230404:0430,2.47,10.49,5.17,-0.99,3.1,0.0
20230404:0530,36.1,53.21,14.99,-1.12,3.17,0.0
20230404:0630,119.4,141.98,24.51,-0.93,3.38,0.0
20230404:0730,191.01,215.34,33.22,-0.61,3.17,0.0
20230404:0830,204.61,229.69,40.43,-0.12,3.52,0.0
20230404:0930,222.64,249.4,45.25,0.26,3.72,0.0
20230404:1030,209.58,236.41,46.77,0.69,3.66,0.0
20230404:1130,167.99,193.81,44.62,1.0,3.66,0.0
20230404:1230,108.17,131.32,39.3,1.04,3.66,0.0
20230404:1330,92.86,115.09,31.76,0.8,4.0,0.0
20230404:1430,63.52,83.82,22.87,0.75,4.34,0.0
20230404:1530,19.6,34.16,13.27,0.63,4.28,0.0
20230404:1630,0.44,6.57,3.43,0.36,3.66,0.0
20230404:1730,0.0,0.0,0.0,-0.07,2.55,0.0
20230404:1830,0.0,0.0,0.0,-0.4,2.21,0.0
20230404:1930,0.0,0.0,0.0,-1.27,2.48,0.0
20230404:2030,0.0,0.0,0.0,-1.43,2.62,0.0
20230404:2130,0.0,0.0,0.0,-1.67,2.62,0.0
20230404:2230,0.0,0.0,0.0,-1.68,2.69,0.0
20230404:2330,0.0,0.0,0.0,-1.74,2.69,0.0
20230405:0030,0.0,0.0,0.0,-1.89,2.83,0.0
20230405:0130,0.0,0.0,0.0,-1.98,2.9,0.0
20230405:0230,0.0,0.0,0.0,-1.97,3.03,0.0
20230405:0330,0.0,0.0,-4.23,-2.1,2.97,0.0
20230405:0430,15.18,28.88,5.5,-2.37,2.69,0.0
20230405:0530,82.57,104.38,15.33,-2.02,2.69,0.0
20230405:0630,215.4,240.54,24.86,-1.35,3.38,0.0
20230405:0730,312.39,340.48,33.58,-0.12,3.66,0.0
20230405:0830,305.04,335.35,40.81,0.84,3.86,0.0
20230405:0930,371.52,406.63,45.64,1.48,3.79,0.0
20230405:1030,418.62,459.15,47.14,2.24,3.79,0.0
20230405:1130,445.37,488.27,44.97,3.0,3.79,0.0
20230405:1230,309.02,344.24,39.61,3.63,3.93,0.0
20230405:1330,256.62,287.75,32.04,3.81,4.14,0.0
20230405:1430,175.21,203.86,23.12,3.88,4.14,0.0
20230405:1530,61.45,83.96,13.5,3.75,4.21,0.0
20230405:1630,4.68,14.3,3.67,3.33,3.79,0.0
20230405:1730,0.0,0.0,0.0,2.61,3.38,0.0
20230405:1830,0.0,0.0,0.0,2.21,3.38,0.0
20230405:1930,0.0,0.0,0.0,0.86,3.17,0.0
20230405:2030,0.0,0.0,0.0,0.58,3.38,0.0
20230405:2130,0.0,0.0,0.0,0.24,3.86,0.0
20230405:2230,0.0,0.0,0.0,-0.05,4.21,0.0
20230405:2330,0.0,0.0,0.0,-0.38,4.41,0.0
20230406:0030,0.0,0.0,0.0,-0.76,4.76,0.0
20230406:0130,0.0,0.0,0.0,-0.86,4.9,0.0
20230406:0230,0.0,0.0,0.0,-1.02,5.17,0.0
20230406:0330,0.0,0.0,-3.89,-1.17,5.38,0.0
20230406:0430,1.01,7.75,5.84,-1.31,5.79,0.0
20230406:0530,11.31,23.44,15.67,-1.39,5.66,0.0
20230406:0630,53.15,71.86,25.2,-1.43,6.55,0.0
20230406:0730,92.06,112.72,33.94,-1.68,6.28,0.0
20230406:0830,109.33,130.98,41.19,-1.39,6.41,0.0
20230406:0930,159.62,182.25,46.03,-1.12,5.86,0.0
20230406:1030,182.97,206.97,47.52,-0.68,5.79,0.0
20230406:1130,137.0,160.29,45.31,-0.24,5.86,0.0
20230406:1230,112.22,134.69,39.92,-0.03,6.0,0.0
20230406:1330,65.8,85.96,32.31,0.1,5.86,0.0
20230406:1430,33.51,50.47,23.37,0.2,5.59,0.0
20230406:1530,12.94,25.73,13.74,0.29,5.31,0.0
20230406:1630,0.0,4.05,3.9,0.39,5.1,0.0
20230406:1730,0.0,0.0,0.0,0.49,4.83,0.0
20230406:1830,0.0,0.0,0.0,0.59,4.41,0.0
20230406:1930,0.0,0.0,0.0,-0.14,3.79,0.0
20230406:2030,0.0,0.0,0.0,0.03,3.45,0.0
20230406:2130,0.0,0.0,0.0,0.2,3.1,0.0
20230406:2230,0.0,0.0,0.0,0.34,2.76,0.0
20230406:2330,0.0,0.0,0.0,0.46,2.55,0.0
20230407:0030,0.0,0.0,0.0,0.54,2.21,0.0
20230407:0130,0.0,0.0,0.0,0.56,1.59,0.0
20230407:0230,0.0,0.0,0.0,0.51,1.03,0.0
20230407:0330,0.0,0.0,-3.55,0.42,0.76,0.0
20230407:0430,5.71,15.95,6.17,0.38,1.03,0.0
20230407:0530,33.94,51.16,16.0,0.34,1.38,0.0
20230407:0630,82.29,104.02,25.54,0.39,1.79,0.0
20230407:0730,190.23,217.6,34.29,0.76,1.72,0.0
20230407:0830,350.23,385.06,41.56,1.23,2.62,0.0
20230407:0930,528.39,581.59,46.41,1.68,3.17,0.0
20230407:1030,676.93,749.2,47.9,2.27,3.72,0.0
20230407:1130,665.6,736.01,45.65,2.86,4.0,0.0
20230407:1230,570.45,626.8,40.22,3.32,4.0,0.0
20230407:1330,518.05,570.2,32.58,3.45,3.52,0.0
20230407:1430,339.76,381.06,23.61,3.54,3.17,0.0
20230407:1530,132.2,170.48,13.98,3.29,2.62,0.0
20230407:1630,10.55,22.78,4.14,2.8,2.41,0.0
20230407:1730,0.0,0.0,0.0,1.93,2.34,0.0
20230407:1830,0.0,0.0,0.0,1.36,2.34,0.0
20230407:1930,0.0,0.0,0.0,0.47,2.62,0.0
20230407:2030,0.0,0.0,0.0,0.51,2.41,0.0
20230407:2130,0.0,0.0,0.0,0.07,2.21,0.0
20230407:2230,0.0,0.0,0.0,0.24,1.72,0.0
20230407:2330,0.0,0.0,0.0,-0.04,1.38,0.0
20230408:0030,0.0,0.0,0.0,-0.62,1.03,0.0
20230408:0130,0.0,0.0,0.0,-0.34,0.83,0.0
20230408:0230,0.0,0.0,0.0,0.04,0.69,0.0
20230408:0330,0.0,0.0,-3.21,0.11,0.69,0.0
20230408:0430,15.32,29.76,6.5,-0.01,0.76,0.0
20230408:0530,154.51,188.79,16.33,0.49,0.62,0.0
20230408:0630,218.15,248.35,25.88,1.06,0.69,0.0
20230408:0730,315.7,349.49,34.65,2.87,3.1,0.0
20230408:0830,322.07,356.12,41.93,3.8,3.72,0.0
20230408:0930,364.3,404.21,46.79,4.36,3.86,0.0
20230408:1030,493.79,548.76,48.27,4.99,3.59,0.0
20230408:1130,458.69,510.63,46.0,5.82,3.52,0.0
20230408:1230,383.87,427.63,40.52,6.19,3.38,0.0
20230408:1330,234.96,268.48,32.84,6.56,3.31,0.0
20230408:1430,133.43,161.62,23.86,6.25,3.1,0.0
20230408:1530,73.12,103.21,14.21,6.63,2.69,0.0
20230408:1630,6.78,17.65,4.37,5.84,2.14,0.0
20230408:1730,0.0,0.0,0.0,4.64,1.79,0.0
20230408:1830,0.0,0.0,0.0,3.3,1.66,0.0
20230408:1930,0.0,0.0,0.0,1.37,1.38,0.0
20230408:2030,0.0,0.0,0.0,1.84,0.9,0.0
20230408:2130,0.0,0.0,0.0,0.2,1.1,0.0
20230408:2230,0.0,0.0,0.0,-2.11,1.45,0.0
20230408:2330,0.0,0.0,0.0,-2.77,1.17,0.0
20230409:0030,0.0,0.0,0.0,-2.86,0.97,0.0
20230409:0130,0.0,0.0,0.0,-3.54,1.03,0.0
20230409:0230,0.0,0.0,0.0,-4.12,1.17,0.0
20230409:0330,0.0,0.0,-2.88,-4.48,1.24,0.0
20230409:0430,23.51,44.17,6.83,-4.56,1.24,0.0
20230409:0530,154.02,186.43,16.66,-2.48,0.9,0.0
20230409:0630,369.12,411.42,26.22,0.51,0.69,0.0
20230409:0730,573.26,647.94,35.0,3.07,0.76,0.0
20230409:0830,749.86,884.62,42.3,5.66,0.62,0.0
20230409:0930,820.61,996.73,47.17,7.62,0.55,0.0
20230409:1030,790.59,964.37,48.64,9.11,0.48,0.0
20230409:1130,706.22,842.3,46.34,9.99,0.83,0.0
20230409:1230,658.34,779.18,40.82,10.47,0.97,0.0
20230409:1330,350.96,406.34,33.11,10.82,0.83,0.0
20230409:1430,264.01,312.5,24.1,10.62,0.55,0.0
20230409:1530,100.42,135.27,14.44,10.48,0.41,0.0
20230409:1630,9.92,22.49,4.6,9.93,0.97,0.0
20230409:1730,0.0,0.0,0.0,8.41,1.72,0.0
20230409:1830,0.0,0.0,0.0,6.58,2.14,0.0
20230409:1930,0.0,0.0,0.0,5.55,2.0,0.0
20230409:2030,0.0,0.0,0.0,4.87,1.93,0.0
20230409:2130,0.0,0.0,0.0,4.48,2.07,0.0
20230409:2230,0.0,0.0,0.0,4.24,2.07,0.0
20230409:2330,0.0,0.0,0.0,4.23,2.34,0.0
20230410:0030,0.0,0.0,0.0,4.39,2.48,0.0
20230410:0130,0.0,0.0,0.0,4.24,2.55,0.0
20230410:0230,0.0,0.0,0.0,3.9,2.9,0.0
20230410:0330,0.0,0.0,-2.55,4.31,3.17,0.0
20230410:0430,1.79,9.41,7.15,4.44,3.17,0.0
20230410:0530,14.15,27.75,16.99,4.71,3.17,0.0
20230410:0630,55.31,76.25,26.55,5.1,3.03,0.0
20230410:0730,90.24,114.9,35.35,6.12,2.48,0.0
20230410:0830,89.43,114.5,42.67,7.01,2.48,0.0
20230410:0930,173.4,206.31,47.55,7.78,1.59,0.0
20230410:1030,168.24,202.27,49.01,8.98,1.03,0.0
20230410:1130,218.5,258.58,46.67,9.52,0.21,0.0
20230410:1230,191.58,228.94,41.12,10.13,0.34,0.0
20230410:1330,119.16,149.23,33.37,10.35,0.41,0.0
20230410:1430,168.42,204.06,24.34,10.19,0.97,0.0
20230410:1530,61.89,89.76,14.67,9.94,0.83,0.0
20230410:1630,9.12,21.29,4.83,9.19,0.9,0.0
20230410:1730,0.0,0.0,0.0,8.28,1.24,0.0
20230410:1830,0.0,0.0,0.0,7.41,0.76,0.0
20230410:1930,0.0,0.0,0.0,6.78,0.76,0.0
20230410:2030,0.0,0.0,0.0,6.38,0.55,0.0
20230410:2130,0.0,0.0,0.0,5.24,0.83,0.0
20230410:2230,0.0,0.0,0.0,4.09,0.97,0.0
20230410:2330,0.0,0.0,0.0,3.46,0.9,0.0
20230411:0030,0.0,0.0,0.0,3.62,0.48,0.0
20230411:0130,0.0,0.0,0.0,3.41,0.48,0.0
20230411:0230,0.0,0.0,0.0,3.14,0.62,0.0
20230411:0330,0.0,0.0,-2.22,2.9,0.55,0.0
20230411:0430,17.76,32.31,7.48,2.67,0.69,0.0
20230411:0530,85.97,111.19,17.31,3.68,0.83,0.0
20230411:0630,162.99,192.82,26.88,4.85,0.76,0.0
20230411:0730,306.5,346.14,35.69,5.53,0.97,0.0
20230411:0830,425.77,482.31,43.03,7.32,1.38,0.0
20230411:0930,507.5,578.22,47.92,9.16,2.07,0.0
20230411:1030,801.54,958.01,49.38,10.49,1.66,0.0
20230411:1130,761.71,913.46,47.01,11.92,1.45,0.0
20230411:1230,691.39,818.19,41.41,12.79,1.79,0.0
20230411:1330,545.12,634.58,33.63,13.25,2.07,0.0
20230411:1430,340.53,402.99,24.58,13.36,1.93,0.0
20230411:1530,115.26,162.17,14.9,13.08,1.66,0.0
20230411:1630,7.55,19.22,5.06,12.46,0.97,0.0
20230411:1730,0.0,0.0,0.0,10.79,0.97,0.0
20230411:1830,0.0,0.0,0.0,8.07,1.79,0.0
20230411:1930,0.0,0.0,0.0,7.62,2.55,0.0
20230411:2030,0.0,0.0,0.0,7.28,2.41,0.0
20230411:2130,0.0,0.0,0.0,6.91,2.28,0.0
20230411:2230,0.0,0.0,0.0,6.7,2.07,0.0
20230411:2330,0.0,0.0,0.0,6.35,1.86,0.0
20230412:0030,0.0,0.0,0.0,5.89,1.59,0.0
20230412:0130,0.0,0.0,0.0,5.12,1.17,0.0
20230412:0230,0.0,0.0,0.0,5.42,0.69,0.0
20230412:0330,0.0,0.0,-1.9,4.77,0.83,0.0
20230412:0430,18.37,36.13,7.8,3.98,1.1,0.0
20230412:0530,65.41,89.33,17.63,5.41,0.97,0.0
20230412:0630,36.93,55.94,27.21,7.14,1.59,0.0
20230412:0730,119.81,147.14,36.04,7.03,2.69,0.0
20230412:0830,134.43,163.29,43.39,8.03,3.79,0.0
20230412:0930,389.2,436.2,48.3,8.67,3.38,0.0
20230412:1030,406.39,457.56,49.74,10.23,3.38,0.0
20230412:1130,400.55,452.6,47.34,11.05,3.31,0.0
20230412:1230,115.92,145.09,41.71,11.35,3.31,0.0
20230412:1330,108.36,136.34,33.89,10.89,2.62,0.0
20230412:1430,134.7,166.56,24.82,10.87,2.48,0.0
20230412:1530,111.74,157.72,15.13,11.06,2.41,0.0
20230412:1630,7.82,19.51,5.29,10.78,1.66,0.0
20230412:1730,0.0,0.0,0.0,9.4,2.21,0.0
20230412:1830,0.0,0.0,0.0,8.19,2.48,0.0
20230412:1930,0.0,0.0,0.0,8.02,2.97,0.0
20230412:2030,0.0,0.0,0.0,7.61,3.03,0.0
20230412:2130,0.0,0.0,0.0,7.18,3.03,0.0
20230412:2230,0.0,0.0,0.0,6.92,3.1,0.0
20230412:2330,0.0,0.0,0.0,6.33,3.03,0.0
20230413:0030,0.0,0.0,0.0,6.34,2.76,0.0
20230413:0130,0.0,0.0,0.0,5.63,2.48,0.0
20230413:0230,0.0,0.0,0.0,5.0,2.34,0.0
20230413:0330,0.0,0.0,-1.57,4.29,2.07,0.0
20230413:0430,20.68,43.75,8.11,3.63,1.93,0.0
20230413:0530,187.4,234.8,17.95,4.91,1.24,0.0
20230413:0630,393.89,451.3,27.54,7.71,1.31,0.0
20230413:0730,581.54,662.8,36.38,9.58,2.48,0.0
20230413:0830,723.81,846.01,43.75,11.07,2.34,0.0
20230413:0930,580.22,671.56,48.67,12.47,2.76,0.0
20230413:1030,304.78,356.31,50.1,13.16,2.21,0.0
20230413:1130,339.09,393.92,47.67,13.16,1.66,0.0
20230413:1230,331.13,386.36,42.0,13.43,1.38,0.0
20230413:1330,220.41,262.59,34.15,13.72,1.24,0.0
20230413:1430,251.26,301.7,25.06,13.69,0.97,0.0
20230413:1530,119.98,168.78,15.36,13.73,0.83,0.0
20230413:1630,8.08,20.09,5.52,13.47,0.62,0.0
20230413:1730,0.0,0.0,-4.06,12.9,0.21,0.0
20230413:1830,0.0,0.0,0.0,11.12,0.9,0.0
20230413:1930,0.0,0.0,0.0,8.41,1.72,0.0
20230413:2030,0.0,0.0,0.0,7.08,1.86,0.0
20230413:2130,0.0,0.0,0.0,6.33,1.72,0.0
20230413:2230,0.0,0.0,0.0,5.37,1.86,0.0
20230413:2330,0.0,0.0,0.0,4.67,1.86,0.0
20230414:0030,0.0,0.0,0.0,3.77,1.72,0.0
20230414:0130,0.0,0.0,0.0,3.14,1.72,0.0
20230414:0230,0.0,0.0,0.0,2.73,1.79,0.0
20230414:0330,0.0,0.0,-1.26,2.4,2.0,0.0
20230414:0430,24.49,53.84,8.43,2.32,2.14,0.0
20230414:0530,203.34,253.39,18.27,4.46,1.79,0.0
20230414:0630,426.94,488.33,27.86,9.1,2.41,0.0
20230414:0730,620.53,708.36,36.71,11.56,3.79,0.0
20230414:0830,768.97,886.7,44.1,13.18,5.1,0.0
20230414:0930,860.34,1002.76,49.03,14.21,5.72,0.0
20230414:1030,873.76,1023.05,50.46,15.02,5.93,0.0
20230414:1130,804.85,938.28,48.0,15.75,6.14,0.0
20230414:1230,480.57,552.01,42.28,16.36,6.48,0.0
20230414:1330,329.93,382.33,34.41,16.07,6.28,0.0
20230414:1430,226.18,270.89,25.29,15.72,5.93,0.0
20230414:1530,84.86,117.23,15.59,15.25,5.66,0.0
20230414:1630,10.21,23.23,5.75,14.19,5.45,0.0
20230414:1730,0.0,0.0,-3.82,13.24,5.31,0.0
20230414:1830,0.0,0.0,0.0,12.5,5.31,0.0
20230414:1930,0.0,0.0,0.0,12.26,5.24,0.0
20230414:2030,0.0,0.0,0.0,11.78,5.17,0.0
20230414:2130,0.0,0.0,0.0,11.17,4.69,0.0
20230414:2230,0.0,0.0,0.0,10.5,3.72,0.0
20230414:2330,0.0,0.0,0.0,9.83,2.48,0.0
20230415:0030,0.0,0.0,0.0,9.47,1.72,0.0
20230415:0130,0.0,0.0,0.0,8.98,1.59,0.0
20230415:0230,0.0,0.0,0.0,8.49,1.59,0.0
20230415:0330,0.0,0.0,-0.94,7.93,1.72,0.0
20230415:0430,8.33,22.88,8.74,7.53,1.86,0.0
20230415:0530,72.88,99.81,18.58,7.73,2.07,0.0
20230415:0630,311.11,354.8,28.18,8.52,3.45,0.0
20230415:0730,404.33,456.62,37.05,9.71,3.24,0.0
20230415:0830,476.65,543.31,44.46,11.14,2.48,0.0
20230415:0930,647.12,760.02,49.4,12.12,1.66,0.0
20230415:1030,778.37,938.2,50.82,13.25,1.86,0.0
20230415:1130,659.45,772.9,48.32,14.09,2.62,0.0
20230415:1230,295.74,343.1,42.57,14.18,3.45,0.0
20230415:1330,112.19,141.49,34.66,12.65,3.17,0.0
20230415:1430,190.4,228.65,25.52,11.57,2.41,0.0
20230415:1530,103.62,142.44,15.81,11.45,1.66,0.0
20230415:1630,12.26,25.88,5.98,11.37,0.69,0.0
20230415:1730,0.0,0.0,-3.58,10.51,1.38,0.0
20230415:1830,0.0,0.0,0.0,8.48,2.07,0.0
20230415:1930,0.0,0.0,0.0,7.95,2.41,0.0
20230415:2030,0.0,0.0,0.0,7.44,2.41,0.0
20230415:2130,0.0,0.0,0.0,7.18,2.28,0.0
20230415:2230,0.0,0.0,0.0,6.33,2.21,0.0
20230415:2330,0.0,0.0,0.0,5.57,2.14,0.0
20230416:0030,0.0,0.0,0.0,4.97,2.14,0.0
20230416:0130,0.0,0.0,0.0,4.44,2.0,0.0
20230416:0230,0.0,0.0,0.0,3.95,1.86,0.0
20230416:0330,0.0,0.0,-0.62,4.21,1.59,0.0
20230416:0430,29.33,52.29,9.05,4.24,1.45,0.0
20230416:0530,134.02,171.4,18.88,5.6,2.0,0.0
20230416:0630,281.17,320.95,28.5,7.33,2.69,0.0
20230416:0730,488.11,549.89,37.38,9.23,3.59,0.0
20230416:0830,599.47,681.77,44.8,10.79,3.66,0.0
20230416:0930,585.46,671.57,49.76,12.17,3.66,0.0
20230416:1030,552.28,636.46,51.17,13.33,3.59,0.0
20230416:1130,578.09,667.89,48.64,14.17,3.72,0.0
20230416:1230,524.36,604.42,42.85,14.65,3.93,0.0
20230416:1330,251.46,295.34,34.91,14.81,4.28,0.0
20230416:1430,168.21,205.5,25.76,14.3,4.41,0.0
20230416:1530,63.59,89.41,16.03,13.82,4.41,0.0
20230416:1630,9.9,22.7,6.2,13.07,3.86,0.0
20230416:1730,0.0,0.0,-3.35,12.3,3.31,0.0
20230416:1830,0.0,0.0,0.0,11.59,2.97,0.0
20230416:1930,0.0,0.0,0.0,10.61,3.93,0.0
20230416:2030,0.0,0.0,0.0,10.28,3.93,0.0
20230416:2130,0.0,0.0,0.0,10.0,3.59,0.0
20230416:2230,0.0,0.0,0.0,9.74,3.45,0.0
20230416:2330,0.0,0.0,0.0,9.46,3.24,0.0
20230417:0030,0.0,0.0,0.0,9.22,3.31,0.0
20230417:0130,0.0,0.0,0.0,9.04,3.38,0.0
20230417:0230,0.0,0.0,0.0,8.84,3.66,0.0
20230417:0330,0.0,0.0,-0.31,8.7,4.0,0.0
20230417:0430,12.9,26.47,9.35,8.53,3.86,0.0
20230417:0530,29.7,47.61,19.19,8.57,3.38,0.0
20230417:0630,74.13,98.37,28.81,8.74,3.31,0.0
20230417:0730,176.21,208.95,37.7,9.36,4.34,0.0
20230417:0830,218.32,255.35,45.15,10.24,4.34,0.0
20230417:0930,257.91,298.46,50.12,10.74,4.62,0.0
20230417:1030,277.55,319.05,51.52,11.01,5.38,0.0
20230417:1130,351.29,399.44,48.96,11.05,4.97,0.0
20230417:1230,275.21,317.33,43.13,11.33,4.83,0.0
20230417:1330,195.29,230.55,35.16,11.13,4.34,0.0
20230417:1430,134.53,165.68,25.99,10.82,4.14,0.0
20230417:1530,70.22,96.61,16.26,10.44,4.0,0.0
20230417:1630,12.91,26.62,6.43,10.02,3.52,0.0
20230417:1730,0.0,0.0,-3.11,9.21,2.69,0.0
20230417:1830,0.0,0.0,0.0,8.46,2.0,0.0
20230417:1930,0.0,0.0,0.0,7.98,2.07,0.0
20230417:2030,0.0,0.0,0.0,7.65,1.66,0.0
20230417:2130,0.0,0.0,0.0,6.74,1.03,0.0
20230417:2230,0.0,0.0,0.0,6.68,0.69,0.0
20230417:2330,0.0,0.0,0.0,6.86,0.62,0.0
20230418:0030,0.0,0.0,0.0,5.94,0.83,0.0
20230418:0130,0.0,0.0,0.0,5.02,1.1,0.0
20230418:0230,0.0,0.0,0.0,4.72,1.24,0.0
20230418:0330,0.0,0.0,-0.01,4.95,1.1,0.0
20230418:0430,33.86,52.7,9.65,4.82,1.17,0.0
20230418:0530,180.51,222.8,19.49,6.18,1.03,0.0
20230418:0630,367.11,420.81,29.12,8.15,1.52,0.0
20230418:0730,496.46,568.8,38.03,8.9,1.45,0.0
20230418:0830,720.15,848.36,45.49,10.39,1.66,0.0
20230418:0930,654.89,762.16,50.47,12.17,2.62,0.0
20230418:1030,409.59,466.86,51.87,13.07,4.0,0.0
20230418:1130,260.75,304.37,49.28,12.92,4.0,0.0
20230418:1230,304.46,350.17,43.41,12.42,3.72,0.0
20230418:1330,196.26,232.16,35.41,12.06,3.79,0.0
20230418:1430,53.35,75.86,26.22,11.21,3.52,0.0
20230418:1530,23.14,41.56,16.48,10.25,2.62,0.0
20230418:1630,0.96,7.9,6.65,9.59,2.07,0.0
20230418:1730,0.0,0.0,-2.87,8.91,1.45,0.0
20230418:1830,0.0,0.0,0.0,8.38,0.55,0.0
20230418:1930,0.0,0.0,0.0,7.82,1.03,0.0
20230418:2030,0.0,0.0,0.0,7.55,1.17,0.0
20230418:2130,0.0,0.0,0.0,7.05,1.38,0.0
20230418:2230,0.0,0.0,0.0,6.33,1.52,0.0
20230418:2330,0.0,0.0,0.0,5.96,1.52,0.0
20230419:0030,0.0,0.0,0.0,5.2,1.59,0.0
20230419:0130,0.0,0.0,0.0,4.13,1.72,0.0
20230419:0230,0.0,0.0,0.0,3.85,1.45,0.0
20230419:0330,0.0,5.42,0.3,3.73,1.24,0.0
20230419:0430,39.09,60.93,9.95,3.44,1.1,0.0
20230419:0530,123.88,154.96,19.79,5.11,0.62,0.0
20230419:0630,389.02,446.57,29.42,7.28,0.83,0.0
20230419:0730,325.02,371.33,38.34,9.52,1.31,0.0
20230419:0830,181.63,214.38,45.83,10.14,2.14,0.0
20230419:0930,185.18,218.97,50.82,10.01,2.34,0.0
20230419:1030,299.68,345.09,52.21,9.98,2.34,0.0
20230419:1130,213.87,251.55,49.59,10.66,2.14,0.0
20230419:1230,169.7,204.21,43.69,10.89,2.0,0.0
20230419:1330,116.64,146.63,35.65,11.08,2.07,0.0
20230419:1430,128.76,160.4,26.44,11.11,1.93,0.0
20230419:1530,61.64,89.16,16.7,11.17,1.86,0.0
20230419:1630,8.81,20.96,6.88,10.78,1.31,0.0
20230419:1730,0.0,0.0,-2.64,10.26,1.38,0.0
20230419:1830,0.0,0.0,0.0,9.82,1.24,0.0
20230419:1930,0.0,0.0,0.0,9.12,1.17,0.0
20230419:2030,0.0,0.0,0.0,8.65,1.38,0.0
20230419:2130,0.0,0.0,0.0,8.44,1.38,0.0
20230419:2230,0.0,0.0,0.0,8.52,1.52,0.0
20230419:2330,0.0,0.0,0.0,8.35,1.66,0.0
20230420:0030,0.0,0.0,0.0,8.05,1.86,0.0
20230420:0130,0.0,0.0,0.0,7.45,2.0,0.0
20230420:0230,0.0,0.0,0.0,7.24,2.0,0.0
20230420:0330,0.0,4.13,0.6,7.17,2.0,0.0
20230420:0430,15.06,29.64,10.24,6.96,2.0,0.0
20230420:0530,58.49,82.16,20.08,7.57,1.93,0.0
20230420:0630,146.63,176.89,29.72,8.38,2.14,0.0
20230420:0730,234.41,270.6,38.66,9.39,2.9,0.0
20230420:0830,381.12,432.91,46.16,10.48,2.97,0.0
20230420:0930,577.52,661.95,51.17,11.67,3.03,0.0
20230420:1030,560.7,642.2,52.55,12.94,3.79,0.0
20230420:1130,351.9,403.73,49.9,13.74,4.07,0.0
20230420:1230,255.42,297.72,43.96,13.7,4.21,0.0
20230420:1330,178.01,213.51,35.9,13.44,4.07,0.0
20230420:1430,122.13,153.76,26.67,13.16,3.93,0.0
20230420:1530,57.65,84.15,16.92,12.56,4.0,0.0
20230420:1630,6.39,17.41,7.1,11.46,3.79,0.0
20230420:1730,0.0,0.0,-2.41,10.24,3.72,0.0
20230420:1830,0.0,0.0,0.0,9.3,3.86,0.0
20230420:1930,0.0,0.0,0.0,9.44,3.17,0.0
20230420:2030,0.0,0.0,0.0,8.59,2.07,0.0
20230420:2130,0.0,0.0,0.0,8.2,1.17,0.0
20230420:2230,0.0,0.0,0.0,7.85,2.21,0.0
20230420:2330,0.0,0.0,0.0,7.61,2.69,0.0
20230421:0030,0.0,0.0,0.0,7.36,2.69,0.0
20230421:0130,0.0,0.0,0.0,7.13,2.9,0.0
20230421:0230,0.0,0.0,0.0,6.95,3.24,0.0
20230421:0330,0.61,7.07,0.89,6.63,3.45,0.0
20230421:0430,35.38,68.04,10.53,5.99,3.17,0.0
20230421:0530,220.36,273.17,20.37,6.81,2.69,0.0
20230421:0630,430.04,487.75,30.02,8.57,3.24,0.0
20230421:0730,600.45,682.77,38.97,10.81,3.66,0.0
20230421:0830,696.46,803.88,46.49,12.31,3.79,0.0
20230421:0930,748.7,872.73,51.51,13.63,4.07,0.0
20230421:1030,687.59,798.24,52.89,14.54,4.41,0.0
20230421:1130,631.79,730.21,50.21,14.92,4.62,0.0
20230421:1230,490.45,564.1,44.23,15.09,4.55,0.0
20230421:1330,339.6,392.69,36.14,15.09,4.48,0.0
20230421:1430,276.74,328.73,26.89,14.75,4.0,0.0
20230421:1530,89.24,127.38,17.13,14.45,3.24,0.0
20230421:1630,13.51,27.78,7.32,13.45,2.41,0.0
20230421:1730,0.0,0.0,-2.18,12.2,2.14,0.0
20230421:1830,0.0,0.0,0.0,10.86,2.07,0.0
20230421:1930,0.0,0.0,0.0,9.89,2.07,0.0
20230421:2030,0.0,0.0,0.0,8.44,2.0,0.0
20230421:2130,0.0,0.0,0.0,7.17,1.86,0.0
20230421:2230,0.0,0.0,0.0,6.24,1.79,0.0
20230421:2330,0.0,0.0,0.0,5.47,1.72,0.0
20230422:0030,0.0,0.0,0.0,4.53,1.86,0.0
20230422:0130,0.0,0.0,0.0,3.81,2.14,0.0
20230422:0230,0.0,0.0,0.0,3.68,2.28,0.0
20230422:0330,1.13,8.1,1.18,3.57,2.34,0.0
20230422:0430,36.52,71.48,10.82,3.62,2.14,0.0
20230422:0530,218.6,270.64,20.66,6.08,1.79,0.0
20230422:0630,439.25,504.27,30.31,9.52,2.14,0.0
20230422:0730,558.46,641.43,39.28,11.8,2.69,0.0
20230422:0830,565.42,653.03,46.82,13.08,2.76,0.0
20230422:0930,634.44,741.83,51.86,13.79,2.69,0.0
20230422:1030,553.17,644.56,53.23,14.29,2.34,0.0
20230422:1130,549.38,641.16,50.52,14.39,2.0,0.0
20230422:1230,586.95,693.47,44.5,14.58,1.66,0.0
20230422:1330,457.2,535.74,36.38,14.85,1.72,0.0
20230422:1430,289.13,346.66,27.11,14.95,1.66,0.0
20230422:1530,99.68,139.92,17.35,14.76,1.59,0.0
20230422:1630,15.6,30.72,7.54,14.31,1.17,0.0
20230422:1730,0.0,0.0,-1.94,13.01,1.24,0.0
20230422:1830,0.0,0.0,0.0,10.97,1.31,0.0
20230422:1930,0.0,0.0,0.0,10.81,1.24,0.0
20230422:2030,0.0,0.0,0.0,9.6,1.31,0.0
20230422:2130,0.0,0.0,0.0,8.19,1.31,0.0
20230422:2230,0.0,0.0,0.0,6.28,1.52,0.0
20230422:2330,0.0,0.0,0.0,4.9,1.59,0.0
20230423:0030,0.0,0.0,0.0,4.08,1.52,0.0
20230423:0130,0.0,0.0,0.0,3.51,1.38,0.0
20230423:0230,0.0,0.0,0.0,3.03,1.31,0.0
20230423:0330,0.89,7.61,1.47,2.91,1.31,0.0
20230423:0430,37.33,70.12,11.1,3.36,1.1,0.0
20230423:0530,197.1,245.39,20.94,6.31,0.69,0.0
20230423:0630,425.56,496.24,30.6,10.32,0.83,0.0
20230423:0730,626.73,734.43,39.58,12.84,2.0,0.0
20230423:0830,695.18,821.79,47.14,14.63,2.69,0.0
20230423:0930,731.36,872.6,52.19,15.73,2.83,0.0
20230423:1030,783.72,950.31,53.56,16.42,2.48,0.0
20230423:1130,733.88,891.08,50.82,16.9,2.07,0.0
20230423:1230,657.3,795.54,44.77,17.19,1.59,0.0
20230423:1330,445.29,529.06,36.61,17.41,1.52,0.0
20230423:1430,281.43,339.31,27.33,16.26,1.86,0.0
20230423:1530,72.19,109.31,17.56,15.16,3.03,0.0
20230423:1630,16.65,32.04,7.75,13.84,2.48,0.0
20230423:1730,0.0,0.0,-1.72,12.75,1.93,0.0
20230423:1830,0.0,0.0,0.0,11.05,2.28,0.0
20230423:1930,0.0,0.0,0.0,10.56,2.34,0.0
20230423:2030,0.0,0.0,0.0,9.28,2.34,0.0
20230423:2130,0.0,0.0,0.0,8.08,2.21,0.0
20230423:2230,0.0,0.0,0.0,6.96,2.07,0.0
20230423:2330,0.0,0.0,0.0,5.87,1.93,0.0
20230424:0030,0.0,0.0,0.0,5.01,1.86,0.0
20230424:0130,0.0,0.0,0.0,4.28,1.86,0.0
20230424:0230,0.0,0.0,0.0,3.62,1.79,0.0
20230424:0330,1.86,9.51,1.76,3.01,1.79,0.0
20230424:0430,37.83,74.48,11.38,2.92,1.59,0.0
20230424:0530,225.83,280.52,21.22,6.48,1.17,0.0
20230424:0630,447.78,519.83,30.88,10.65,1.52,0.0
20230424:0730,627.49,736.1,39.88,13.05,2.0,0.0
20230424:0830,755.03,903.78,47.46,14.96,2.48,0.0
20230424:0930,801.58,972.35,52.53,16.26,2.62,0.0
20230424:1030,814.61,994.97,53.89,17.02,2.62,0.0
20230424:1130,747.42,905.06,51.12,17.58,2.62,0.0
20230424:1230,666.41,796.85,45.03,17.88,2.76,0.0
20230424:1330,535.17,633.09,36.85,18.04,2.9,0.0
20230424:1430,302.7,365.55,27.55,17.9,2.9,0.0
20230424:1530,120.79,168.02,17.77,16.39,2.21,0.0
20230424:1630,19.53,36.09,7.97,15.86,2.34,0.0
20230424:1730,0.0,0.0,-1.49,14.14,2.69,0.0
20230424:1830,0.0,0.0,0.0,12.61,2.69,0.0
20230424:1930,0.0,0.0,0.0,11.55,2.21,0.0
20230424:2030,0.0,0.0,0.0,10.14,1.93,0.0
20230424:2130,0.0,0.0,0.0,8.49,1.45,0.0
20230424:2230,0.0,0.0,0.0,7.73,1.17,0.0
20230424:2330,0.0,0.0,0.0,8.52,0.41,0.0
20230425:0030,0.0,0.0,0.0,7.79,0.55,0.0
20230425:0130,0.0,0.0,0.0,6.04,1.1,0.0
20230425:0230,0.0,0.0,0.0,5.09,1.31,0.0
20230425:0330,1.75,9.38,2.04,5.35,1.1,0.0
20230425:0430,36.61,55.62,11.65,6.05,0.83,0.0
20230425:0530,93.49,120.62,21.49,7.38,0.48,0.0
20230425:0630,101.45,129.3,31.16,9.75,0.97,0.0
20230425:0730,216.05,256.78,40.17,11.23,1.1,0.0
20230425:0830,499.85,583.74,47.77,12.56,1.38,0.0
20230425:0930,403.78,471.79,52.85,13.88,1.79,0.0
20230425:1030,192.02,232.4,54.21,14.29,1.93,0.0
20230425:1130,288.88,340.91,51.41,13.93,1.31,0.0
20230425:1230,237.19,281.99,45.29,14.03,1.24,0.0
20230425:1330,161.78,197.93,37.08,13.87,1.59,0.0
20230425:1430,184.02,224.52,27.77,13.64,1.52,0.0
20230425:1530,96.74,134.87,17.99,13.75,1.03,0.0
20230425:1630,15.43,30.35,8.19,13.01,0.62,0.0
20230425:1730,0.0,0.0,-1.26,11.66,2.62,0.0
20230425:1830,0.0,0.0,0.0,9.88,3.79,0.0
20230425:1930,0.0,0.0,0.0,9.58,3.72,0.0
20230425:2030,0.0,0.0,0.0,8.51,4.14,0.0
20230425:2130,0.0,0.0,0.0,7.61,4.21,0.0
20230425:2230,0.0,0.0,0.0,6.87,4.55,0.0
20230425:2330,0.0,0.0,0.0,6.21,4.69,0.0
20230426:0030,0.0,0.0,0.0,5.77,4.83,0.0
20230426:0130,0.0,0.0,0.0,5.6,4.83,0.0
20230426:0230,0.0,0.0,0.0,5.55,5.17,0.0
20230426:0330,0.0,1.24,2.31,5.55,5.45,0.0
20230426:0430,0.61,7.04,11.92,5.52,5.52,0.0
20230426:0530,8.08,19.59,21.76,5.53,5.72,0.0
20230426:0630,42.51,61.87,31.44,5.66,5.86,0.0
20230426:0730,26.18,42.84,40.46,5.97,5.59,0.0
20230426:0830,16.6,31.02,48.08,5.87,5.52,0.0
20230426:0930,63.78,85.68,53.18,5.73,5.66,0.0
20230426:1030,168.98,197.43,54.53,6.07,6.07,0.0
20230426:1130,225.51,257.76,51.71,6.54,6.76,0.0
20230426:1230,218.39,249.87,45.55,6.81,6.9,0.0
20230426:1330,166.34,196.33,37.31,7.41,6.0,0.0
20230426:1430,128.27,156.5,27.98,7.65,5.59,0.0
20230426:1530,55.98,78.35,18.19,7.8,4.69,0.0
20230426:1630,14.64,28.69,8.4,7.64,4.14,0.0
20230426:1730,0.0,0.0,-1.04,7.41,4.0,0.0
20230426:1830,0.0,0.0,0.0,7.0,3.72,0.0
20230426:1930,0.0,0.0,0.0,6.16,3.38,0.0
20230426:2030,0.0,0.0,0.0,5.4,3.24,0.0
20230426:2130,0.0,0.0,0.0,4.49,3.17,0.0
20230426:2230,0.0,0.0,0.0,4.39,3.24,0.0
20230426:2330,0.0,0.0,0.0,4.08,3.17,0.0
20230427:0030,0.0,0.0,0.0,3.39,3.24,0.0
20230427:0130,0.0,0.0,0.0,3.07,3.38,0.0
20230427:0230,0.0,0.0,0.0,2.78,3.52,0.0
20230427:0330,2.9,11.37,2.59,2.62,3.59,0.0
20230427:0430,48.65,72.75,12.19,2.72,3.66,0.0
20230427:0530,152.92,185.59,22.02,3.52,3.72,0.0
20230427:0630,239.36,270.99,31.71,4.41,4.28,0.0
20230427:0730,477.19,525.94,40.74,5.82,4.55,0.0
20230427:0830,468.68,516.77,48.38,6.87,5.38,0.0
20230427:0930,585.62,650.06,53.5,7.52,5.31,0.0
20230427:1030,419.75,468.94,54.85,8.27,5.45,0.0
20230427:1130,475.13,530.02,52.0,8.36,5.1,0.0
20230427:1230,446.72,498.93,45.8,8.79,4.9,0.0
20230427:1330,288.82,327.75,37.54,9.15,4.83,0.0
20230427:1430,190.22,224.84,28.19,9.12,4.62,0.0
20230427:1530,79.82,108.92,18.4,8.94,4.34,0.0
20230427:1630,18.86,34.23,8.61,8.42,3.52,0.0
20230427:1730,0.0,0.0,-0.81,7.64,3.03,0.0
20230427:1830,0.0,0.0,0.0,6.71,2.55,0.0
20230427:1930,0.0,0.0,0.0,6.2,2.76,0.0
20230427:2030,0.0,0.0,0.0,5.73,2.83,0.0
20230427:2130,0.0,0.0,0.0,5.18,2.9,0.0
20230427:2230,0.0,0.0,0.0,5.09,2.83,0.0
20230427:2330,0.0,0.0,0.0,4.37,2.76,0.0
20230428:0030,0.0,0.0,0.0,3.77,2.76,0.0
20230428:0130,0.0,0.0,0.0,3.45,2.76,0.0
20230428:0230,0.0,0.0,0.0,2.97,2.69,0.0
20230428:0330,3.87,12.98,2.85,2.67,2.48,0.0
20230428:0430,44.91,83.21,12.45,2.39,2.21,0.0
20230428:0530,241.04,293.75,22.28,4.25,2.0,0.0
20230428:0630,364.3,411.1,31.97,6.59,2.69,0.0
20230428:0730,566.29,637.32,41.02,7.49,2.9,0.0
20230428:0830,596.84,673.7,48.68,8.7,3.17,0.0
20230428:0930,502.57,569.47,53.82,9.42,3.03,0.0
20230428:1030,535.52,611.73,55.16,9.94,2.83,0.0
20230428:1130,625.54,717.55,52.28,10.52,3.03,0.0
20230428:1230,409.44,466.82,46.05,11.1,3.1,0.0
20230428:1330,418.66,477.79,37.76,11.07,2.97,0.0
20230428:1430,200.87,239.47,28.4,11.21,3.17,0.0
20230428:1530,119.81,158.03,18.61,10.77,2.76,0.0
20230428:1630,22.27,38.82,8.82,10.34,2.07,0.0
20230428:1730,0.0,0.0,-0.59,9.42,1.45,0.0
20230428:1830,0.0,0.0,0.0,7.6,1.03,0.0
20230428:1930,0.0,0.0,0.0,5.9,1.79,0.0
20230428:2030,0.0,0.0,0.0,4.76,2.14,0.0
20230428:2130,0.0,0.0,0.0,3.7,2.14,0.0
20230428:2230,0.0,0.0,0.0,3.06,1.86,0.0
20230428:2330,0.0,0.0,0.0,2.52,1.72,0.0
20230429:0030,0.0,0.0,0.0,1.97,1.66,0.0
20230429:0130,0.0,0.0,0.0,1.21,1.72,0.0
20230429:0230,0.0,0.0,0.0,0.54,1.72,0.0
20230429:0330,5.61,15.59,3.12,0.07,1.72,0.0
20230429:0430,54.77,88.58,12.7,0.5,1.52,0.0
20230429:0530,226.98,274.99,22.54,4.23,1.38,0.0
20230429:0630,400.78,455.75,32.23,7.68,2.28,0.0
20230429:0730,592.37,670.66,41.3,8.97,3.38,0.0
20230429:0830,744.89,857.47,48.98,10.4,3.72,0.0
20230429:0930,801.49,934.72,54.13,11.49,3.72,0.0
20230429:1030,794.1,929.26,55.47,12.29,3.72,0.0
20230429:1130,699.36,813.05,52.57,12.88,3.66,0.0
20230429:1230,641.98,744.68,46.3,13.18,3.45,0.0
20230429:1330,468.5,538.44,37.99,13.45,3.31,0.0
20230429:1430,308.9,364.11,28.61,13.24,3.38,0.0
20230429:1530,132.27,182.71,18.81,12.85,3.31,0.0
20230429:1630,24.46,41.84,9.03,12.19,2.62,0.0
20230429:1730,0.0,0.0,-0.37,10.75,2.41,0.0
20230429:1830,0.0,0.0,0.0,8.99,2.62,0.0
20230429:1930,0.0,0.0,0.0,8.55,2.69,0.0
20230429:2030,0.0,0.0,0.0,7.64,2.55,0.0
20230429:2130,0.0,0.0,0.0,6.85,2.34,0.0
20230429:2230,0.0,0.0,0.0,5.89,2.07,0.0
20230429:2330,0.0,0.0,0.0,4.53,1.86,0.0
20230430:0030,0.0,0.0,0.0,3.33,1.59,0.0
20230430:0130,0.0,0.0,0.0,2.93,1.31,0.0
20230430:0230,0.0,0.0,0.0,2.8,1.1,0.0
20230430:0330,4.69,14.3,3.37,2.64,0.97,0.0
20230430:0430,44.76,84.11,12.95,2.45,1.03,0.0
20230430:0530,234.81,289.23,22.79,5.44,0.83,0.0
20230430:0630,442.14,510.58,32.49,8.69,1.03,0.0
20230430:0730,624.99,730.31,41.57,10.86,1.45,0.0
20230430:0830,743.82,904.86,49.27,12.5,0.83,0.0
20230430:0930,751.79,934.95,54.44,13.83,0.34,0.0
20230430:1030,787.78,965.85,55.78,14.78,1.45,0.0
20230430:1130,739.89,887.88,52.85,15.49,2.34,0.0
20230430:1230,622.58,731.24,46.55,15.86,2.97,0.0
20230430:1330,421.59,490.74,38.21,16.17,3.52,0.0
20230430:1430,190.41,232.7,28.82,16.01,3.66,0.0
20230430:1530,67.69,99.1,19.02,15.21,3.45,0.0
20230430:1630,16.78,32.21,9.24,13.85,3.66,0.0
20230430:1730,0.0,0.0,-0.15,12.67,4.07,0.0
20230430:1830,0.0,0.0,0.0,11.84,4.21,0.0
20230430:1930,0.0,0.0,0.0,11.64,4.69,0.0
20230430:2030,0.0,0.0,0.0,11.17,4.21,0.0
20230430:2130,0.0,0.0,0.0,10.6,4.07,0.0
20230430:2230,0.0,0.0,0.0,10.12,3.86,0.0
20230430:2330,0.0,0.0,0.0,9.29,3.52,0.0
20230501:0030,0.0,0.0,0.0,8.72,3.24,0.0
20230501:0130,0.0,0.0,0.0,7.96,2.97,0.0
20230501:0230,0.0,0.0,0.0,7.12,2.69,0.0
20230501:0330,5.34,15.46,3.63,5.73,2.34,0.0
20230501:0430,48.85,85.29,13.2,5.18,2.0,0.0
20230501:0530,227.09,277.49,23.03,6.35,1.86,0.0
20230501:0630,458.09,524.3,32.74,7.91,1.66,0.0
20230501:0730,632.32,745.4,41.83,9.78,0.69,0.0
20230501:0830,732.83,889.44,49.55,11.07,0.55,0.0
20230501:0930,762.71,934.65,54.74,11.99,0.62,0.0
20230501:1030,832.65,1038.11,56.08,12.76,0.76,0.0
20230501:1130,792.41,982.75,53.12,13.57,0.76,0.0
20230501:1230,699.63,854.29,46.79,14.15,0.69,0.0
20230501:1330,558.19,666.2,38.43,14.52,0.9,0.0
20230501:1430,367.29,440.42,29.02,14.7,1.45,0.0
20230501:1530,147.62,209.23,19.22,14.54,1.93,0.0
20230501:1630,22.0,39.03,9.44,14.04,2.07,0.0
20230501:1730,0.0,5.46,0.07,12.72,2.14,0.0
20230501:1830,0.0,0.0,0.0,10.96,2.55,0.0
20230501:1930,0.0,0.0,0.0,10.53,2.76,0.0
20230501:2030,0.0,0.0,0.0,9.68,2.97,0.0
20230501:2130,0.0,0.0,0.0,9.12,3.17,0.0
20230501:2230,0.0,0.0,0.0,8.66,3.31,0.0
20230501:2330,0.0,0.0,0.0,8.19,3.24,0.0
20230502:0030,0.0,0.0,0.0,7.67,3.17,0.0
20230502:0130,0.0,0.0,0.0,7.2,3.1,0.0
20230502:0230,0.0,0.0,0.0,6.76,2.97,0.0
20230502:0330,6.05,16.58,3.88,6.25,2.69,0.0
20230502:0430,48.54,89.39,13.44,6.31,2.34,0.0
20230502:0530,235.23,290.65,23.27,8.56,1.93,0.0
20230502:0630,444.95,515.74,32.99,11.7,2.28,0.0
20230502:0730,625.16,737.6,42.09,14.77,2.28,0.0
20230502:0830,745.63,905.98,49.83,17.13,2.21,0.0
20230502:0930,789.38,979.45,55.04,18.94,2.07,0.0
20230502:1030,774.2,967.32,56.38,20.15,1.93,0.0
20230502:1130,753.88,940.82,53.39,20.81,2.0,0.0
20230502:1230,658.86,806.76,47.03,21.15,2.28,0.0
20230502:1330,489.22,590.36,38.64,21.22,2.41,0.0
20230502:1430,277.35,341.51,29.23,21.03,2.48,0.0
20230502:1530,125.61,181.36,19.42,20.27,2.34,0.0
20230502:1630,28.62,48.25,9.65,19.03,2.9,0.0
20230502:1730,0.43,6.82,0.28,16.98,3.45,0.0
20230502:1830,0.0,0.0,0.0,15.29,3.38,0.0
20230502:1930,0.0,0.0,0.0,14.39,2.48,0.0
20230502:2030,0.0,0.0,0.0,12.44,2.07,0.0
20230502:2130,0.0,0.0,0.0,10.35,1.93,0.0
20230502:2230,0.0,0.0,0.0,8.72,1.79,0.0
20230502:2330,0.0,0.0,0.0,7.76,1.66,0.0
20230503:0030,0.0,0.0,0.0,7.42,1.66,0.0
20230503:0130,0.0,0.0,0.0,7.36,1.86,0.0
20230503:0230,0.0,0.0,0.0,7.61,1.93,0.0
20230503:0330,7.93,19.47,4.12,7.89,2.14,0.0
20230503:0430,63.35,91.81,13.68,8.76,2.14,0.0
20230503:0530,161.16,198.63,23.51,10.73,2.14,0.0
20230503:0630,353.22,409.54,33.23,12.55,3.1,0.0
20230503:0730,489.51,568.96,42.35,13.7,2.55,0.0
20230503:0830,563.88,664.97,50.11,15.08,2.34,0.0
20230503:0930,676.07,814.19,55.33,16.28,2.14,0.0
20230503:1030,659.23,797.41,56.67,17.42,2.0,0.0
20230503:1130,501.79,598.65,53.66,18.01,1.72,0.0
20230503:1230,555.73,668.57,47.27,18.22,1.59,0.0
20230503:1330,368.8,440.07,38.86,18.59,1.66,0.0
20230503:1430,284.83,346.97,29.43,18.26,1.93,0.0
20230503:1530,116.73,165.58,19.62,17.5,2.97,0.0
20230503:1630,14.05,28.82,9.85,16.39,3.24,0.0
20230503:1730,0.0,4.88,0.5,14.99,3.24,0.0
20230503:1830,0.0,0.0,0.0,13.78,3.03,0.0
20230503:1930,0.0,0.0,0.0,13.06,3.38,0.0
20230503:2030,0.0,0.0,0.0,12.18,3.03,0.0
20230503:2130,0.0,0.0,0.0,11.42,2.83,0.0
20230503:2230,0.0,0.0,0.0,10.82,2.76,0.0
20230503:2330,0.0,0.0,0.0,10.3,2.69,0.0
20230504:0030,0.0,0.0,0.0,9.85,2.62,0.0
20230504:0130,0.0,0.0,0.0,9.5,2.55,0.0
20230504:0230,0.0,0.0,0.0,9.29,2.48,0.0
20230504:0330,5.49,15.88,4.36,9.04,2.62,0.0
20230504:0430,30.29,48.59,13.91,9.05,2.76,0.0
20230504:0530,53.82,75.94,23.74,9.36,3.24,0.0
20230504:0630,110.89,139.16,33.46,9.69,3.52,0.0
20230504:0730,160.68,194.49,42.6,10.73,2.69,0.0
20230504:0830,256.23,298.53,50.38,11.49,2.62,0.0
20230504:0930,266.9,312.07,55.62,12.44,2.48,0.0
20230504:1030,273.95,321.03,56.96,13.29,2.41,0.0
20230504:1130,227.24,271.32,53.93,13.94,2.34,0.0
20230504:1230,190.92,230.89,47.5,14.25,2.48,0.0
20230504:1330,119.26,151.28,39.07,14.27,2.55,0.0
20230504:1430,149.33,185.28,29.63,14.12,2.83,0.0
20230504:1530,35.7,55.98,19.81,14.0,3.1,0.0
20230504:1630,9.49,22.12,10.05,13.14,3.03,0.0
20230504:1730,0.0,2.81,0.71,12.45,3.1,0.0
20230504:1830,0.0,0.0,0.0,11.85,2.9,0.0
20230504:1930,0.0,0.0,0.0,10.93,2.14,0.0
20230504:2030,0.0,0.0,0.0,10.57,1.93,0.0
20230504:2130,0.0,0.0,0.0,10.41,1.79,0.0
20230504:2230,0.0,0.0,0.0,10.1,1.66,0.0
20230504:2330,0.0,0.0,0.0,9.97,1.45,0.0
20230505:0030,0.0,0.0,0.0,9.84,1.17,0.0
20230505:0130,0.0,0.0,0.0,9.7,1.1,0.0
20230505:0230,0.0,0.0,0.0,9.43,1.1,0.0
20230505:0330,3.58,12.77,4.59,9.2,1.17,0.0
20230505:0430,28.06,47.33,14.14,9.29,1.1,0.0
20230505:0530,78.47,106.4,23.96,9.6,1.38,0.0
20230505:0630,183.33,218.86,33.69,10.13,1.38,0.0
20230505:0730,249.02,292.08,42.84,11.28,0.48,0.0
20230505:0830,261.26,308.27,50.64,12.43,0.69,0.0
20230505:0930,400.83,469.6,55.91,13.43,0.97,0.0
20230505:1030,429.47,506.68,57.25,14.41,0.76,0.0
20230505:1130,447.05,525.5,54.19,15.14,1.31,0.0
20230505:1230,365.78,428.97,47.73,15.66,1.79,0.0
20230505:1330,453.59,533.15,39.28,15.83,2.07,0.0
20230505:1430,258.98,313.09,29.82,16.28,2.21,0.0
20230505:1530,91.61,129.52,20.01,16.05,2.34,0.0
20230505:1630,20.72,37.58,10.25,15.34,1.79,0.0
20230505:1730,0.0,4.38,0.92,14.71,1.38,0.0
20230505:1830,0.0,0.0,0.0,13.39,1.31,0.0
20230505:1930,0.0,0.0,0.0,12.62,1.52,0.0
20230505:2030,0.0,0.0,0.0,12.05,1.93,0.0
20230505:2130,0.0,0.0,0.0,11.72,2.28,0.0
20230505:2230,0.0,0.0,0.0,10.99,2.41,0.0
20230505:2330,0.0,0.0,0.0,10.49,2.41,0.0
20230506:0030,0.0,0.0,0.0,9.94,2.41,0.0
20230506:0130,0.0,0.0,0.0,9.42,2.34,0.0
20230506:0230,0.0,0.0,0.0,8.61,2.41,0.0
20230506:0330,7.72,19.18,4.82,8.02,2.34,0.0
20230506:0430,41.95,74.13,14.36,8.13,2.21,0.0
20230506:0530,175.68,219.98,24.18,9.45,2.34,0.0
20230506:0630,416.32,478.6,33.92,11.06,2.9,0.0
20230506:0730,569.34,654.45,43.08,13.19,3.59,0.0
20230506:0830,582.99,673.39,50.9,14.84,4.07,0.0
20230506:0930,585.67,678.74,56.18,15.78,4.48,0.0
20230506:1030,628.12,730.92,57.53,16.42,4.76,0.0
20230506:1130,585.84,679.26,54.45,16.74,4.9,0.0
20230506:1230,452.7,524.44,47.96,17.2,5.1,0.0
20230506:1330,349.68,407.97,39.48,17.27,5.24,0.0
20230506:1430,237.99,286.99,30.02,16.89,4.97,0.0
20230506:1530,94.3,131.84,20.2,16.53,4.55,0.0
20230506:1630,20.91,37.83,10.45,15.63,4.0,0.0
20230506:1730,0.0,3.84,1.13,14.97,4.34,0.0
20230506:1830,0.0,0.0,0.0,14.44,4.83,0.0
20230506:1930,0.0,0.0,0.0,14.38,5.1,0.0
20230506:2030,0.0,0.0,0.0,13.55,5.03,0.0
20230506:2130,0.0,0.0,0.0,12.84,4.83,0.0
20230506:2230,0.0,0.0,0.0,12.26,4.14,0.0
20230506:2330,0.0,0.0,0.0,11.72,3.45,0.0
20230507:0030,0.0,0.0,0.0,11.23,2.69,0.0
20230507:0130,0.0,0.0,0.0,10.66,2.14,0.0
20230507:0230,0.0,0.0,0.0,10.29,1.72,0.0
20230507:0330,0.0,5.04,5.05,9.95,1.17,0.0
20230507:0430,1.17,8.34,14.58,10.06,0.76,0.0
20230507:0530,4.99,15.15,24.4,10.3,0.69,0.0
20230507:0630,65.69,89.61,34.14,10.42,1.17,0.0
20230507:0730,227.07,265.81,43.31,10.22,2.28,0.0
20230507:0830,274.63,317.68,51.15,10.83,2.83,0.0
20230507:0930,167.4,201.48,56.46,11.7,2.9,0.0
20230507:1030,341.66,393.2,57.8,11.54,3.03,0.0
20230507:1130,451.93,517.66,54.7,11.91,2.97,0.0
20230507:1230,175.17,209.77,48.19,12.39,2.83,0.0
20230507:1330,82.53,109.14,39.69,12.16,2.69,0.0
20230507:1430,54.97,77.94,30.21,11.7,2.55,0.0
20230507:1530,32.35,51.75,20.39,11.2,2.55,0.0
20230507:1630,1.15,8.31,10.64,10.65,2.55,0.0
20230507:1730,0.0,0.7,1.33,9.91,2.69,0.0
20230507:1830,0.0,0.0,0.0,9.05,3.31,0.0
20230507:1930,0.0,0.0,0.0,7.66,3.66,0.0
20230507:2030,0.0,0.0,0.0,6.79,3.79,0.0
20230507:2130,0.0,0.0,0.0,6.01,3.66,0.0
20230507:2230,0.0,0.0,0.0,5.53,3.31,0.0
20230507:2330,0.0,0.0,0.0,5.23,3.03,0.0
20230508:0030,0.0,0.0,0.0,5.12,3.03,0.0
20230508:0130,0.0,0.0,0.0,4.99,3.1,0.0
20230508:0230,0.0,0.0,0.0,4.85,3.1,0.0
20230508:0330,0.0,4.67,5.27,4.66,3.17,0.0
20230508:0430,8.55,20.13,14.79,4.5,3.24,0.0
20230508:0530,27.39,44.15,24.61,4.58,3.31,0.0
20230508:0630,31.85,49.45,34.35,4.84,3.93,0.0
20230508:0730,70.68,93.14,43.54,5.01,3.1,0.0
20230508:0830,83.14,106.86,51.4,5.86,3.1,0.0
20230508:0930,105.66,131.68,56.73,6.39,3.03,0.0
20230508:1030,147.45,176.63,58.07,6.78,3.31,0.0
20230508:1130,201.22,233.2,54.95,7.23,3.59,0.0
20230508:1230,183.19,215.88,48.41,7.82,3.72,0.0
20230508:1330,114.05,141.71,39.89,8.38,3.93,0.0
20230508:1430,80.98,105.87,30.4,8.54,3.24,0.0
20230508:1530,81.9,109.49,20.58,8.46,3.1,0.0
20230508:1630,20.9,36.79,10.84,8.29,3.17,0.0
20230508:1730,0.0,4.18,1.54,7.85,2.21,0.0
20230508:1830,0.0,0.0,0.0,7.34,1.93,0.0
20230508:1930,0.0,0.0,0.0,6.79,1.45,0.0
20230508:2030,0.0,0.0,0.0,5.71,1.1,0.0
20230508:2130,0.0,0.0,0.0,5.76,0.69,0.0
20230508:2230,0.0,0.0,0.0,5.62,0.34,0.0
20230508:2330,0.0,0.0,0.0,5.2,0.21,0.0
20230509:0030,0.0,0.0,0.0,4.71,0.41,0.0
20230509:0130,0.0,0.0,0.0,4.37,0.69,0.0
20230509:0230,0.0,0.0,-3.38,3.69,0.83,0.0
20230509:0330,10.68,23.03,5.48,3.51,0.83,0.0
20230509:0430,56.61,93.73,14.99,3.97,0.62,0.0
20230509:0530,217.73,265.23,24.81,5.51,1.1,0.0
20230509:0630,420.28,478.1,34.56,7.07,1.79,0.0
20230509:0730,618.39,710.79,43.76,8.61,1.79,0.0
20230509:0830,579.39,658.47,51.64,10.22,3.03,0.0
20230509:0930,679.51,778.94,56.99,10.94,3.86,0.0
20230509:1030,486.6,555.75,58.34,11.76,3.79,0.0
20230509:1130,480.45,547.76,55.2,12.01,3.45,0.0
20230509:1230,472.58,542.43,48.63,12.2,3.1,0.0
20230509:1330,384.82,443.47,40.09,12.44,2.9,0.0
20230509:1430,178.37,216.1,30.59,12.49,2.83,0.0
20230509:1530,94.47,129.25,20.76,12.05,2.62,0.0
20230509:1630,23.58,40.64,11.03,11.51,2.34,0.0
20230509:1730,1.21,8.43,1.74,10.57,2.28,0.0
20230509:1830,0.0,0.0,0.0,9.22,2.34,0.0
20230509:1930,0.0,0.0,0.0,7.93,2.41,0.0
20230509:2030,0.0,0.0,0.0,6.82,2.34,0.0
20230509:2130,0.0,0.0,0.0,5.75,2.21,0.0
20230509:2230,0.0,0.0,0.0,4.62,2.07,0.0
20230509:2330,0.0,0.0,0.0,3.44,2.07,0.0
20230510:0030,0.0,0.0,0.0,2.48,2.07,0.0
20230510:0130,0.0,0.0,0.0,1.71,1.93,0.0
20230510:0230,0.0,0.0,-3.16,1.17,1.86,0.0
20230510:0330,11.85,24.35,5.69,0.67,1.93,0.0
20230510:0430,55.15,99.58,15.19,1.56,1.66,0.0
20230510:0530,257.53,314.13,25.01,5.66,1.72,0.0
20230510:0630,462.66,526.86,34.76,8.07,2.34,0.0
20230510:0730,653.05,747.08,43.97,9.93,3.1,0.0
20230510:0830,769.02,888.78,51.88,11.41,4.0,0.0
20230510:0930,672.88,777.06,57.25,12.34,4.41,0.0
20230510:1030,579.84,668.25,58.6,12.81,4.14,0.0
20230510:1130,494.37,567.48,55.44,13.11,3.93,0.0
20230510:1230,500.96,574.83,48.84,13.14,3.86,0.0
20230510:1330,440.37,505.34,40.28,13.3,3.93,0.0
20230510:1430,329.36,386.99,30.77,13.14,3.86,0.0
20230510:1530,148.82,203.08,20.95,12.97,3.79,0.0
20230510:1630,23.85,41.09,11.21,12.36,3.31,0.0
20230510:1730,2.23,10.46,1.94,11.09,3.17,0.0
20230510:1830,0.0,0.0,0.0,9.2,3.1,0.0
20230510:1930,0.0,0.0,0.0,8.6,3.31,0.0
20230510:2030,0.0,0.0,0.0,7.81,3.17,0.0
20230510:2130,0.0,0.0,0.0,7.1,2.97,0.0
20230510:2230,0.0,0.0,0.0,6.73,2.76,0.0
20230510:2330,0.0,0.0,0.0,6.09,2.55,0.0
20230511:0030,0.0,0.0,0.0,5.51,2.41,0.0
20230511:0130,0.0,0.0,0.0,5.0,2.34,0.0
20230511:0230,0.0,0.0,-2.94,4.29,2.28,0.0
20230511:0330,12.14,25.01,5.89,3.83,2.28,0.0
20230511:0430,56.02,98.91,15.39,4.44,2.14,0.0
20230511:0530,246.86,301.35,25.2,6.83,2.34,0.0
20230511:0630,458.52,522.07,34.96,9.25,3.17,0.0
20230511:0730,637.57,729.01,44.18,11.36,3.79,0.0
20230511:0830,768.48,891.73,52.11,13.14,4.48,0.0
20230511:0930,820.25,959.84,57.5,14.3,4.97,0.0
20230511:1030,838.96,987.46,58.86,14.88,5.03,0.0
20230511:1130,693.18,807.23,55.68,15.36,5.03,0.0
20230511:1230,612.93,711.93,49.05,15.5,4.83,0.0
20230511:1330,365.69,424.99,40.47,15.6,4.97,0.0
20230511:1430,296.18,350.07,30.96,14.94,5.38,0.0
20230511:1530,153.82,211.43,21.13,14.28,5.38,0.0
20230511:1630,28.03,46.47,11.4,13.6,4.69,0.0
20230511:1730,2.26,10.54,2.13,12.39,4.0,0.0
20230511:1830,0.0,0.0,0.0,10.83,3.59,0.0
20230511:1930,0.0,0.0,0.0,10.67,3.79,0.0
20230511:2030,0.0,0.0,0.0,9.99,3.59,0.0
20230511:2130,0.0,0.0,0.0,9.14,3.45,0.0
20230511:2230,0.0,0.0,0.0,8.34,3.31,0.0
20230511:2330,0.0,0.0,0.0,7.72,3.1,0.0
20230512:0030,0.0,0.0,0.0,7.13,2.97,0.0
20230512:0130,0.0,0.0,0.0,6.72,2.9,0.0
20230512:0230,0.0,0.0,-2.73,6.22,2.9,0.0
20230512:0330,14.5,28.32,6.09,5.77,2.83,0.0
20230512:0430,74.45,106.8,15.58,6.31,2.69,0.0
20230512:0530,213.49,256.71,25.39,7.99,2.76,0.0
20230512:0630,380.1,433.85,35.15,9.95,3.59,0.0
20230512:0730,572.0,653.35,44.39,11.74,3.93,0.0
20230512:0830,501.29,569.25,52.33,13.29,5.72,0.0
20230512:0930,544.23,615.43,57.75,13.62,6.62,0.0
20230512:1030,451.88,512.96,59.11,14.04,6.62,0.0
20230512:1130,393.56,450.36,55.91,14.21,6.07,0.0
20230512:1230,415.62,475.61,49.26,14.32,5.86,0.0
20230512:1330,364.38,419.7,40.66,14.48,5.52,0.0
20230512:1430,279.72,330.9,31.14,14.5,5.03,0.0
20230512:1530,136.14,182.8,21.31,14.36,4.62,0.0
20230512:1630,43.82,65.53,11.59,13.78,3.45,0.0
20230512:1730,3.86,13.39,2.33,12.6,2.69,0.0
20230512:1830,0.0,0.0,0.0,11.18,2.41,0.0
20230512:1930,0.0,0.0,0.0,9.86,2.41,0.0
20230512:2030,0.0,0.0,0.0,8.86,2.21,0.0
20230512:2130,0.0,0.0,0.0,7.94,2.14,0.0
20230512:2230,0.0,0.0,0.0,7.31,2.28,0.0
20230512:2330,0.0,0.0,0.0,6.88,2.48,0.0
20230513:0030,0.0,0.0,0.0,6.88,2.62,0.0
20230513:0130,0.0,0.0,0.0,6.6,2.62,0.0
20230513:0230,0.0,0.0,-2.53,6.42,2.55,0.0
20230513:0330,14.09,27.82,6.28,6.12,2.41,0.0
20230513:0430,71.75,107.59,15.76,6.62,2.21,0.0
20230513:0530,228.76,280.49,25.57,8.67,2.14,0.0
20230513:0630,380.08,437.65,35.34,11.07,2.97,0.0
20230513:0730,522.23,599.91,44.59,12.39,3.38,0.0
20230513:0830,577.83,666.78,52.55,13.68,4.0,0.0
20230513:0930,537.8,619.43,57.99,14.44,5.03,0.0
20230513:1030,665.43,770.05,59.36,14.6,4.97,0.0
20230513:1130,577.13,665.98,56.14,15.13,5.17,0.0
20230513:1230,400.87,463.73,49.47,15.64,5.24,0.0
20230513:1330,303.3,355.37,40.85,15.73,4.76,0.0
20230513:1430,135.52,170.38,31.32,15.68,4.21,0.0
20230513:1530,92.62,124.06,21.48,15.25,2.83,0.0
20230513:1630,27.78,46.43,11.77,14.81,2.28,0.0
20230513:1730,2.65,11.33,2.52,13.87,2.07,0.0
20230513:1830,0.0,0.0,0.0,12.22,2.34,0.0
20230513:1930,0.0,0.0,0.0,10.73,1.79,0.0
20230513:2030,0.0,0.0,0.0,8.92,1.79,0.0
20230513:2130,0.0,0.0,0.0,7.76,1.66,0.0
20230513:2230,0.0,0.0,0.0,7.51,1.38,0.0
20230513:2330,0.0,0.0,0.0,7.08,1.24,0.0
20230514:0030,0.0,0.0,0.0,6.71,1.24,0.0
20230514:0130,0.0,0.0,0.0,5.63,1.31,0.0
20230514:0230,0.0,0.0,-2.33,4.8,1.38,0.0
20230514:0330,13.68,27.08,6.47,4.06,1.59,0.0
20230514:0430,55.75,99.61,15.94,5.05,1.52,0.0
20230514:0530,241.86,299.98,25.75,9.32,1.79,0.0
20230514:0630,451.81,522.5,35.52,11.87,2.69,0.0
20230514:0730,625.12,723.54,44.78,13.78,3.66,0.0
20230514:0830,756.49,885.61,52.77,15.26,4.55,0.0
20230514:0930,830.79,982.48,58.23,16.46,5.1,0.0
20230514:1030,844.58,1003.59,59.6,17.4,5.38,0.0
20230514:1130,765.17,902.56,56.37,18.13,5.59,0.0
20230514:1230,637.1,744.97,49.67,18.63,5.66,0.0
20230514:1330,499.47,583.19,41.04,18.81,5.72,0.0
20230514:1430,297.07,357.0,31.49,18.73,5.72,0.0
20230514:1530,140.17,190.73,21.66,18.36,5.31,0.0
20230514:1630,42.16,64.49,11.95,17.6,4.76,0.0
20230514:1730,4.52,14.68,2.71,16.44,4.69,0.0
20230514:1830,0.0,0.0,0.0,15.49,4.69,0.0
20230514:1930,0.0,0.0,0.0,14.94,4.48,0.0
20230514:2030,0.0,0.0,0.0,14.58,4.34,0.0
20230514:2130,0.0,0.0,0.0,14.04,4.0,0.0
20230514:2230,0.0,0.0,0.0,13.4,3.79,0.0
20230514:2330,0.0,0.0,0.0,13.29,3.86,0.0
20230515:0030,0.0,0.0,0.0,13.03,3.79,0.0
20230515:0130,0.0,0.0,0.0,12.71,3.66,0.0
20230515:0230,0.0,0.0,-2.14,11.69,3.66,0.0
20230515:0330,18.71,34.4,6.65,11.21,3.86,0.0
20230515:0430,70.21,99.65,16.12,11.24,3.79,0.0
20230515:0530,189.82,235.5,25.92,12.08,3.72,0.0
20230515:0630,346.31,400.97,35.7,13.35,4.34,0.0
20230515:0730,538.45,619.0,44.97,15.2,5.1,0.0
20230515:0830,514.84,597.31,52.97,16.82,5.17,0.0
20230515:0930,588.68,688.93,58.46,17.79,5.31,0.0
20230515:1030,587.33,692.36,59.84,18.82,5.17,0.0
20230515:1130,498.03,586.6,56.59,19.77,5.03,0.0
20230515:1230,360.91,427.35,49.87,20.33,4.76,0.0
20230515:1330,195.65,240.59,41.22,20.35,4.41,0.0
20230515:1430,121.63,157.7,31.67,19.67,3.1,0.0
20230515:1530,43.9,67.21,21.83,18.93,2.0,0.0
20230515:1630,18.78,35.43,12.12,18.07,1.24,0.0
20230515:1730,0.0,3.51,2.9,17.33,0.83,0.0
20230515:1830,0.0,0.0,0.0,16.82,0.76,0.0
20230515:1930,0.0,0.0,0.0,16.91,0.69,0.0
20230515:2030,0.0,0.0,0.0,16.7,0.41,0.0
20230515:2130,0.0,0.0,0.0,14.39,1.1,0.0
20230515:2230,0.0,0.0,0.0,13.23,1.17,0.0
20230515:2330,0.0,0.0,0.0,13.46,0.83,0.0
20230516:0030,0.0,0.0,0.0,14.04,0.07,0.0
20230516:0130,0.0,0.0,0.0,13.93,0.34,0.0
20230516:0230,0.0,0.0,-1.95,13.72,0.34,0.0
20230516:0330,14.1,28.57,6.82,13.06,0.62,0.0
20230516:0430,49.45,90.56,16.29,12.8,0.69,0.0
20230516:0530,201.95,259.78,26.09,14.75,0.62,0.0
20230516:0630,301.65,360.85,35.87,16.08,1.1,0.0
20230516:0730,372.0,441.87,45.15,17.16,1.1,0.0
20230516:0830,444.94,532.78,53.18,18.1,1.03,0.0
20230516:0930,329.98,396.65,58.68,18.96,1.03,0.0
20230516:1030,304.45,370.26,60.07,19.54,0.97,0.0
20230516:1130,175.75,220.28,56.81,20.11,1.17,0.0
20230516:1230,225.42,276.88,50.06,19.92,1.66,0.0
20230516:1330,228.11,279.16,41.4,20.05,2.28,0.0
20230516:1430,220.31,271.96,31.84,20.0,2.83,0.0
20230516:1530,99.95,140.75,22.0,20.21,2.97,0.0
20230516:1630,35.59,57.14,12.3,19.91,2.62,0.0
20230516:1730,3.06,12.28,3.08,19.25,2.76,0.0
20230516:1830,0.0,0.0,0.0,18.2,3.03,0.0
20230516:1930,0.0,0.0,0.0,16.14,2.97,0.0
20230516:2030,0.0,0.0,0.0,15.77,2.76,0.0
20230516:2130,0.0,0.0,0.0,15.46,2.62,0.0
20230516:2230,0.0,0.0,0.0,14.88,2.69,0.0
20230516:2330,0.0,0.0,0.0,14.27,2.69,0.0
20230517:0030,0.0,0.0,0.0,13.84,2.9,0.0
20230517:0130,0.0,0.0,0.0,13.54,2.76,0.0
20230517:0230,0.0,0.0,-1.77,13.34,2.41,0.0
20230517:0330,7.74,19.56,6.99,13.15,2.41,0.0
20230517:0430,38.3,65.29,16.45,13.25,2.62,0.0
20230517:0530,156.39,198.32,26.25,13.93,2.69,0.0
20230517:0630,283.08,334.31,36.03,15.06,3.24,0.0
20230517:0730,483.49,563.7,45.32,16.22,3.17,0.0
20230517:0830,502.49,591.41,53.37,17.97,3.38,0.0
20230517:0930,451.17,531.97,58.9,19.3,3.52,0.0
20230517:1030,605.63,721.46,60.3,19.88,3.79,0.0
20230517:1130,569.46,677.79,57.02,20.78,4.34,0.0
20230517:1230,524.32,622.54,50.26,21.13,4.69,0.0
20230517:1330,383.54,456.21,41.57,21.28,4.97,0.0
20230517:1430,286.31,348.09,32.01,20.73,5.17,0.0
20230517:1530,106.9,150.27,22.17,20.0,4.97,0.0
20230517:1630,31.02,51.22,12.47,19.06,4.28,0.0
20230517:1730,2.2,10.63,3.26,18.08,3.52,0.0
20230517:1830,0.0,0.0,0.0,17.5,2.97,0.0
20230517:1930,0.0,0.0,0.0,17.02,0.48,0.0
20230517:2030,0.0,0.0,0.0,15.88,0.9,0.0
20230517:2130,0.0,0.0,0.0,14.45,1.24,0.0
20230517:2230,0.0,0.0,0.0,13.86,1.72,0.0
20230517:2330,0.0,0.0,0.0,13.8,2.55,0.0
20230518:0030,0.0,0.0,0.0,13.66,2.83,0.0
20230518:0130,0.0,0.0,0.0,13.45,2.83,0.0
20230518:0230,0.0,0.0,-1.6,13.18,2.48,0.0
20230518:0330,3.93,13.52,7.16,12.79,2.21,0.0
20230518:0430,23.96,41.28,16.61,12.67,2.28,0.0
20230518:0530,50.3,72.84,26.4,12.67,2.34,0.0
20230518:0630,79.42,106.03,36.19,12.75,2.62,0.0
20230518:0730,118.23,148.27,45.49,12.71,3.45,0.0
20230518:0830,171.8,207.67,53.56,13.37,3.1,0.0
20230518:0930,266.72,312.3,59.11,14.23,3.1,0.0
20230518:1030,382.49,446.51,60.52,15.27,3.17,0.0
20230518:1130,433.23,506.65,57.23,16.55,3.1,0.0
20230518:1230,398.16,467.47,50.44,17.55,3.17,0.0
20230518:1330,299.77,356.08,41.74,18.12,3.38,0.0
20230518:1430,122.67,157.92,32.17,17.84,3.66,0.0
20230518:1530,76.97,109.63,22.33,16.3,3.72,0.0
20230518:1630,13.17,27.49,12.64,15.29,3.72,0.0
20230518:1730,1.79,9.72,3.44,14.42,3.52,0.0
20230518:1830,0.0,0.0,0.0,13.55,3.38,0.0
20230518:1930,0.0,0.0,0.0,11.53,3.52,0.0
20230518:2030,0.0,0.0,0.0,11.0,3.24,0.0
20230518:2130,0.0,0.0,0.0,10.78,3.17,0.0
20230518:2230,0.0,0.0,0.0,10.57,3.03,0.0
20230518:2330,0.0,0.0,0.0,10.48,2.9,0.0
20230519:0030,0.0,0.0,0.0,10.38,2.76,0.0
20230519:0130,0.0,0.0,0.0,10.5,2.62,0.0
20230519:0230,0.0,0.0,-1.43,10.84,3.03,0.0
20230519:0330,6.98,18.27,7.32,10.97,2.9,0.0
20230519:0430,52.16,74.57,16.76,11.29,2.83,0.0
20230519:0530,92.21,120.12,26.55,11.7,2.97,0.0
20230519:0630,182.57,219.46,36.34,12.29,2.97,0.0
20230519:0730,358.2,414.03,45.65,11.91,1.93,0.0
20230519:0830,484.3,566.18,53.74,13.4,1.66,0.0
20230519:0930,555.17,661.08,59.32,14.95,1.45,0.0
20230519:1030,620.01,747.96,60.74,16.41,1.45,0.0
20230519:1130,514.2,615.09,57.43,17.85,1.79,0.0
20230519:1230,450.31,537.33,50.63,18.91,2.14,0.0
20230519:1330,466.09,561.0,41.91,19.83,1.79,0.0
20230519:1430,296.53,364.83,32.33,20.43,1.93,0.0
20230519:1530,111.57,157.66,22.5,20.53,2.21,0.0
20230519:1630,35.53,57.09,12.81,20.0,2.07,0.0
20230519:1730,3.23,12.57,3.61,18.82,2.07,0.0
20230519:1830,0.0,0.0,0.0,16.69,2.0,0.0
20230519:1930,0.0,0.0,0.0,15.67,1.66,0.0
20230519:2030,0.0,0.0,0.0,14.87,1.72,0.0
20230519:2130,0.0,0.0,0.0,13.91,1.86,0.0
20230519:2230,0.0,0.0,0.0,13.35,1.86,0.0
20230519:2330,0.0,0.0,0.0,12.73,1.86,0.0
20230520:0030,0.0,0.0,0.0,12.51,1.72,0.0
20230520:0130,0.0,0.0,0.0,11.9,1.79,0.0
20230520:0230,0.0,0.0,-1.26,11.46,1.72,0.0
20230520:0330,14.55,28.94,7.47,10.99,1.59,0.0
20230520:0430,56.44,90.14,16.9,11.71,0.9,0.0
20230520:0530,170.75,218.4,26.69,13.96,0.76,0.0
20230520:0630,247.99,297.78,36.48,15.39,1.03,0.0
20230520:0730,291.17,349.0,45.81,16.09,0.41,0.0
20230520:0830,543.77,654.19,53.92,17.42,1.1,0.0
20230520:0930,639.83,779.7,59.52,18.88,1.66,0.0
20230520:1030,623.91,759.52,60.95,19.96,1.93,0.0
20230520:1130,474.49,569.25,57.63,20.71,2.21,0.0
20230520:1230,390.09,465.91,50.81,21.3,2.62,0.0
20230520:1330,347.93,416.2,42.08,21.54,3.03,0.0
20230520:1430,238.74,295.77,32.49,21.76,3.52,0.0
20230520:1530,106.25,154.91,22.66,21.47,3.24,0.0
20230520:1630,26.42,45.77,12.97,20.71,2.62,0.0
20230520:1730,4.3,14.47,3.78,19.57,2.69,0.0
20230520:1830,0.0,0.0,0.0,17.96,2.9,0.0
20230520:1930,0.0,0.0,0.0,17.64,2.62,0.0
20230520:2030,0.0,0.0,0.0,16.39,2.9,0.0
20230520:2130,0.0,0.0,0.0,15.42,2.9,0.0
20230520:2230,0.0,0.0,0.0,14.46,2.69,0.0
20230520:2330,0.0,0.0,0.0,13.48,2.34,0.0
20230521:0030,0.0,0.0,0.0,12.18,1.93,0.0
20230521:0130,0.0,0.0,0.0,11.03,1.52,0.0
20230521:0230,0.0,0.0,-1.1,11.38,1.17,0.0
20230521:0330,16.63,31.75,7.62,11.41,0.97,0.0
20230521:0430,56.82,104.24,17.04,11.43,0.83,0.0
20230521:0530,238.52,302.43,26.83,13.31,1.24,0.0
20230521:0630,443.25,521.98,36.62,14.59,2.07,0.0
20230521:0730,608.9,722.46,45.96,16.37,2.34,0.0
20230521:0830,726.12,877.84,54.09,17.72,2.55,0.0
20230521:0930,793.25,968.8,59.71,18.86,3.03,0.0
20230521:1030,786.87,963.19,61.16,19.61,3.1,0.0
20230521:1130,769.56,943.81,57.83,20.15,2.97,0.0
20230521:1230,667.55,808.65,50.99,20.53,2.97,0.0
20230521:1330,528.81,632.92,42.24,20.63,3.17,0.0
20230521:1430,341.28,416.07,32.65,20.43,3.38,0.0
20230521:1530,145.04,207.7,22.81,19.95,3.52,0.0
20230521:1630,30.85,51.06,13.13,19.11,3.1,0.0
20230521:1730,5.74,16.74,3.95,17.75,2.97,0.0
20230521:1830,0.0,0.0,0.0,15.93,3.1,0.0
20230521:1930,0.0,0.0,0.0,15.56,3.1,0.0
20230521:2030,0.0,0.0,0.0,14.51,3.24,0.0
20230521:2130,0.0,0.0,0.0,13.59,3.17,0.0
20230521:2230,0.0,0.0,0.0,12.64,2.83,0.0
20230521:2330,0.0,0.0,0.0,11.71,2.28,0.0
20230522:0030,0.0,0.0,0.0,10.35,1.79,0.0
20230522:0130,0.0,0.0,0.0,9.91,1.17,0.0
20230522:0230,0.0,0.0,-0.95,10.49,0.9,0.0
20230522:0330,17.94,33.12,7.76,8.67,1.24,0.0
20230522:0430,58.57,106.25,17.18,9.07,1.1,0.0
20230522:0530,246.26,310.17,26.96,12.06,1.24,0.0
20230522:0630,449.82,530.56,36.76,13.91,1.59,0.0
20230522:0730,617.31,730.47,46.11,15.31,2.21,0.0
20230522:0830,739.3,891.12,54.25,16.78,2.55,0.0
20230522:0930,775.28,940.24,59.9,17.99,3.03,0.0
20230522:1030,744.48,903.31,61.36,18.76,3.03,0.0
20230522:1130,595.36,714.46,58.02,19.37,2.76,0.0
20230522:1230,630.94,763.17,51.16,19.59,2.41,0.0
20230522:1330,473.62,570.22,42.4,19.99,2.14,0.0
20230522:1430,352.44,433.18,32.81,20.14,1.79,0.0
20230522:1530,153.17,216.72,22.97,20.17,1.59,0.0
20230522:1630,30.86,51.26,13.29,19.81,1.38,0.0
20230522:1730,6.1,17.36,4.12,18.2,1.03,0.0
20230522:1830,0.0,0.0,0.0,15.91,1.38,0.0
20230522:1930,0.0,0.0,0.0,14.07,1.86,0.0
20230522:2030,0.0,0.0,0.0,12.7,1.86,0.0
20230522:2130,0.0,0.0,0.0,12.16,1.79,0.0
20230522:2230,0.0,0.0,0.0,11.44,1.72,0.0
20230522:2330,0.0,0.0,0.0,11.65,1.38,0.0
20230523:0030,0.0,0.0,0.0,12.9,0.97,0.0
20230523:0130,0.0,0.0,0.0,12.65,0.69,0.0
20230523:0230,0.0,0.0,-0.8,11.92,0.48,0.0
20230523:0330,17.27,32.58,7.9,11.24,0.69,0.0
20230523:0430,57.1,105.74,17.31,11.21,0.62,0.0
20230523:0530,242.78,308.96,27.09,13.31,0.69,0.0
20230523:0630,426.31,509.56,36.89,15.89,1.1,0.0
20230523:0730,589.61,704.89,46.25,18.25,2.34,0.0
20230523:0830,650.73,789.8,54.41,19.82,2.48,0.0
20230523:0930,750.07,927.67,60.08,20.89,2.48,0.0
20230523:1030,687.1,847.72,61.55,21.7,2.28,0.0
20230523:1130,683.04,845.98,58.2,22.08,2.07,0.0
20230523:1230,556.51,680.54,51.33,22.22,1.72,0.0
20230523:1330,471.85,576.2,42.56,22.23,1.45,0.0
20230523:1430,306.99,382.64,32.96,22.29,1.31,0.0
20230523:1530,123.78,181.35,23.12,22.07,1.45,0.0
20230523:1630,25.31,44.48,13.45,21.45,1.66,0.0
20230523:1730,5.37,16.29,4.28,20.08,1.79,0.0
20230523:1830,0.0,0.0,0.0,18.37,2.07,0.0
20230523:1930,0.0,0.0,0.0,17.05,2.28,0.0
20230523:2030,0.0,0.0,0.0,15.61,2.21,0.0
20230523:2130,0.0,0.0,0.0,14.23,2.07,0.0
20230523:2230,0.0,0.0,0.0,13.01,2.0,0.0
20230523:2330,0.0,0.0,0.0,12.36,1.86,0.0
20230524:0030,0.0,0.0,0.0,11.5,1.72,0.0
20230524:0130,0.0,0.0,0.0,10.51,1.66,0.0
20230524:0230,0.0,0.0,-0.66,9.96,1.52,0.0
20230524:0330,20.69,36.71,8.03,9.43,1.45,0.0
20230524:0430,59.73,103.31,17.43,11.32,0.9,0.0
20230524:0530,204.94,263.35,27.21,15.2,0.76,0.0
20230524:0630,330.98,398.3,37.01,17.68,1.03,0.0
20230524:0730,514.63,619.83,46.38,19.29,1.52,0.0
20230524:0830,618.77,761.5,54.56,20.99,1.52,0.0
20230524:0930,603.01,745.76,60.26,22.16,1.59,0.0
20230524:1030,404.76,492.09,61.74,22.65,1.52,0.0
20230524:1130,352.73,429.26,58.38,22.48,1.17,0.0
20230524:1230,341.67,419.03,51.49,22.53,0.97,0.0
20230524:1330,128.41,167.21,42.72,22.27,1.52,0.0
20230524:1430,116.65,152.65,33.1,20.67,2.83,0.0
20230524:1530,109.3,143.99,23.27,19.75,3.31,0.0
20230524:1630,46.14,69.79,13.6,19.19,2.83,0.0
20230524:1730,8.1,20.46,4.44,18.41,2.28,0.0
20230524:1830,0.0,0.0,0.0,17.17,2.21,0.0
20230524:1930,0.0,0.0,0.0,16.47,2.76,0.0
20230524:2030,0.0,0.0,0.0,15.15,2.41,0.0
20230524:2130,0.0,0.0,0.0,14.44,2.48,0.0
20230524:2230,0.0,0.0,0.0,13.99,2.76,0.0
20230524:2330,0.0,0.0,0.0,13.75,2.83,0.0
20230525:0030,0.0,0.0,0.0,13.34,2.83,0.0
20230525:0130,0.0,0.0,0.0,13.12,2.9,0.0
20230525:0230,0.0,0.0,-0.53,12.8,2.83,0.0
20230525:0330,17.48,32.99,8.15,12.67,2.76,0.0
20230525:0430,69.38,106.98,17.55,13.18,2.9,0.0
20230525:0530,230.59,290.24,27.32,14.62,3.59,0.0
20230525:0630,367.54,432.81,37.13,16.19,3.38,0.0
20230525:0730,548.54,647.82,46.5,17.95,3.17,0.0
20230525:0830,702.92,849.83,54.71,19.5,3.03,0.0
20230525:0930,627.68,758.26,60.43,20.98,2.97,0.0
20230525:1030,620.72,752.37,61.93,21.73,2.9,0.0
20230525:1130,611.82,742.46,58.56,22.25,3.03,0.0
20230525:1230,543.3,652.88,51.65,22.5,3.31,0.0
20230525:1330,388.76,466.23,42.87,22.58,3.66,0.0
20230525:1430,262.4,323.74,33.25,21.92,3.72,0.0
20230525:1530,105.97,149.8,23.41,20.09,3.79,0.0
20230525:1630,30.91,51.14,13.75,19.23,3.52,0.0
20230525:1730,5.54,16.45,4.59,18.35,3.86,0.0
20230525:1830,0.0,0.0,0.0,17.35,3.1,0.0
20230525:1930,0.0,0.0,0.0,17.16,2.9,0.0
20230525:2030,0.0,0.0,0.0,16.33,2.76,0.0
20230525:2130,0.0,0.0,0.0,15.37,2.76,0.0
20230525:2230,0.0,0.0,0.0,14.58,2.83,0.0
20230525:2330,0.0,0.0,0.0,13.97,2.76,0.0
20230526:0030,0.0,0.0,0.0,13.33,2.76,0.0
20230526:0130,0.0,0.0,0.0,13.14,2.9,0.0
20230526:0230,0.0,0.0,-0.4,13.03,2.97,0.0
20230526:0330,16.21,31.38,8.27,13.24,3.1,0.0
20230526:0430,70.59,105.28,17.66,13.9,3.17,0.0
20230526:0530,167.33,210.08,27.43,15.18,4.0,0.0
20230526:0630,207.24,251.03,37.24,16.46,3.59,0.0
20230526:0730,507.49,597.69,46.62,17.01,2.9,0.0
20230526:0830,662.79,800.67,54.84,19.09,2.69,0.0
20230526:0930,748.45,920.79,60.59,20.55,2.69,0.0
20230526:1030,750.61,927.31,62.1,21.6,2.83,0.0
20230526:1130,651.58,796.03,58.73,22.41,2.97,0.0
20230526:1230,526.51,634.33,51.81,22.74,3.24,0.0
20230526:1330,366.56,439.94,43.01,22.67,3.59,0.0
20230526:1430,210.39,263.01,33.39,22.23,3.45,0.0
20230526:1530,72.68,106.01,23.55,20.06,2.62,0.0
20230526:1630,34.94,56.23,13.89,19.28,1.52,0.0
20230526:1730,6.61,18.19,4.75,18.63,2.48,0.0
20230526:1830,0.0,0.0,0.0,17.46,2.62,0.0
20230526:1930,0.0,0.0,0.0,16.61,2.34,0.0
20230526:2030,0.0,0.0,0.0,16.22,2.62,0.0
20230526:2130,0.0,0.0,0.0,15.37,2.83,0.0
20230526:2230,0.0,0.0,0.0,14.66,2.97,0.0
20230526:2330,0.0,0.0,0.0,14.22,2.97,0.0
20230527:0030,0.0,0.0,0.0,14.24,2.97,0.0
20230527:0130,0.0,0.0,0.0,14.17,2.9,0.0
20230527:0230,0.0,0.0,-0.28,13.94,2.83,0.0
20230527:0330,13.79,28.2,8.38,13.81,2.9,0.0
20230527:0430,48.34,76.73,17.76,13.96,2.97,0.0
20230527:0530,163.33,208.69,27.53,14.48,3.1,0.0
20230527:0630,250.38,297.83,37.34,15.44,3.38,0.0
20230527:0730,417.45,487.26,46.74,15.94,2.97,0.0
20230527:0830,497.56,585.59,54.98,17.25,2.9,0.0
20230527:0930,555.63,657.48,60.74,18.34,3.31,0.0
20230527:1030,629.5,750.25,62.27,19.37,3.66,0.0
20230527:1130,592.69,705.47,58.9,20.0,3.79,0.0
20230527:1230,507.63,598.89,51.96,20.35,4.14,0.0
20230527:1330,441.49,520.48,43.16,20.23,4.48,0.0
20230527:1430,217.65,268.42,33.53,20.22,4.76,0.0
20230527:1530,108.03,154.14,23.69,19.52,4.83,0.0
20230527:1630,32.51,53.04,14.03,18.89,4.28,0.0
20230527:1730,6.77,18.4,4.89,17.99,3.72,0.0
20230527:1830,0.0,0.0,-3.38,16.71,3.31,0.0
20230527:1930,0.0,0.0,0.0,15.39,2.69,0.0
20230527:2030,0.0,0.0,0.0,14.37,2.55,0.0
20230527:2130,0.0,0.0,0.0,13.36,2.28,0.0
20230527:2230,0.0,0.0,0.0,12.47,2.14,0.0
20230527:2330,0.0,0.0,0.0,11.52,2.14,0.0
20230528:0030,0.0,0.0,0.0,10.78,1.93,0.0
20230528:0130,0.0,0.0,0.0,9.75,1.79,0.0
20230528:0230,0.0,0.0,-0.16,8.77,1.79,0.0
20230528:0330,20.14,35.84,8.49,8.16,1.72,0.0
20230528:0430,60.35,107.33,17.86,9.58,1.24,0.0
20230528:0530,212.24,267.87,27.63,12.58,1.17,0.0
20230528:0630,419.51,497.31,37.44,13.69,0.9,0.0
20230528:0730,595.9,716.98,46.85,14.89,0.76,0.0
20230528:0830,706.21,872.17,55.1,16.49,0.83,0.0
20230528:0930,769.89,965.71,60.89,17.92,1.1,0.0
20230528:1030,716.43,884.8,62.44,19.29,1.79,0.0
20230528:1130,726.03,901.58,59.06,20.05,1.79,0.0
20230528:1230,620.35,763.11,52.11,20.7,1.59,0.0
20230528:1330,497.65,606.3,43.3,21.09,1.45,0.0
20230528:1430,343.73,425.38,33.67,21.24,1.52,0.0
20230528:1530,149.28,214.53,23.83,21.19,1.66,0.0
20230528:1630,37.33,59.53,14.17,20.84,1.79,0.0
20230528:1730,8.85,21.7,5.04,19.79,1.79,0.0
20230528:1830,0.0,0.0,-3.23,17.92,2.34,0.0
20230528:1930,0.0,0.0,0.0,16.83,2.28,0.0
20230528:2030,0.0,0.0,0.0,15.53,2.62,0.0
20230528:2130,0.0,0.0,0.0,14.47,2.62,0.0
20230528:2230,0.0,0.0,0.0,13.41,2.34,0.0
20230528:2330,0.0,0.0,0.0,12.15,2.0,0.0
20230529:0030,0.0,0.0,0.0,11.04,1.86,0.0
20230529:0130,0.0,0.0,0.0,10.12,1.72,0.0
20230529:0230,0.0,0.0,-0.05,9.51,1.72,0.0
20230529:0330,20.3,36.17,8.59,9.11,1.72,0.0
20230529:0430,59.71,107.42,17.96,10.44,1.45,0.0
20230529:0530,240.0,304.99,27.72,14.11,1.86,0.0
20230529:0630,432.09,511.02,37.54,15.94,2.41,0.0
20230529:0730,595.29,706.18,46.95,17.64,2.83,0.0
20230529:0830,678.87,817.71,55.22,19.08,2.9,0.0
20230529:0930,735.98,899.71,61.04,20.11,2.76,0.0
20230529:1030,734.07,908.91,62.6,20.87,2.21,0.0
20230529:1130,675.94,842.93,59.22,21.55,1.45,0.0
20230529:1230,551.85,681.51,52.26,21.89,0.9,0.0
20230529:1330,460.0,565.62,43.43,22.11,0.9,0.0
20230529:1430,251.27,314.62,33.8,22.17,1.03,0.0
20230529:1530,129.03,186.52,23.96,21.97,1.1,0.0
20230529:1630,34.01,55.61,14.31,21.65,1.45,0.0
20230529:1730,8.3,20.92,5.18,20.35,1.52,0.0
20230529:1830,0.0,0.0,-3.08,18.77,2.0,0.0
20230529:1930,0.0,0.0,0.0,19.25,0.76,0.0
20230529:2030,0.0,0.0,0.0,18.52,0.34,0.0
20230529:2130,0.0,0.0,0.0,17.41,0.41,0.0
20230529:2230,0.0,0.0,0.0,15.53,1.03,0.0
20230529:2330,0.0,0.0,0.0,13.53,1.38,0.0
20230530:0030,0.0,0.0,0.0,12.44,1.38,0.0
20230530:0130,0.0,0.0,0.0,12.18,1.03,0.0
20230530:0230,0.0,4.59,0.06,11.9,0.69,0.0
20230530:0330,19.64,35.68,8.69,11.47,0.55,0.0
20230530:0430,58.03,105.23,18.05,12.58,0.28,0.0
20230530:0530,218.2,282.11,27.81,15.31,0.28,0.0
20230530:0630,339.58,410.82,37.62,17.26,0.34,0.0
20230530:0730,483.47,584.71,47.04,17.84,0.55,0.0
20230530:0830,611.91,757.09,55.33,18.95,0.62,0.0
20230530:0930,633.38,789.82,61.17,20.08,0.69,0.0
20230530:1030,605.11,751.98,62.75,20.92,0.76,0.0
20230530:1130,633.8,797.85,59.37,21.33,0.62,0.0
20230530:1230,382.01,466.07,52.4,21.76,0.69,0.0
20230530:1330,396.4,478.44,43.56,21.59,1.93,0.0
20230530:1430,216.98,270.4,33.93,21.27,2.41,0.0
20230530:1530,112.14,159.81,24.09,20.82,2.62,0.0
20230530:1630,37.31,59.37,14.44,20.34,2.41,0.0
20230530:1730,9.31,22.37,5.32,19.52,2.07,0.0
20230530:1830,0.0,0.0,-2.94,18.12,2.41,0.0
20230530:1930,0.0,0.0,0.0,17.75,2.34,0.0
20230530:2030,0.0,0.0,0.0,17.21,2.41,0.0
20230530:2130,0.0,0.0,0.0,16.16,2.55,0.0
20230530:2230,0.0,0.0,0.0,15.12,2.62,0.0
20230530:2330,0.0,0.0,0.0,14.48,2.41,0.0
20230531:0030,0.0,0.0,0.0,13.6,2.28,0.0
20230531:0130,0.0,0.0,0.0,12.72,2.28,0.0
20230531:0230,0.0,4.84,0.16,12.16,2.34,0.0
20230531:0330,20.78,37.13,8.77,11.69,2.34,0.0
20230531:0430,58.19,104.51,18.13,12.66,1.93,0.0
20230531:0530,237.02,301.78,27.89,14.72,2.28,0.0
20230531:0630,411.19,486.74,37.7,16.38,2.48,0.0
20230531:0730,586.27,695.92,47.13,17.4,2.62,0.0
20230531:0830,619.01,740.11,55.44,18.76,2.62,0.0
20230531:0930,641.62,774.23,61.3,19.67,2.48,0.0
20230531:1030,622.7,750.83,62.9,20.34,2.69,0.0
20230531:1130,606.55,730.7,59.51,20.87,2.97,0.0
20230531:1230,511.92,610.83,52.54,21.21,3.17,0.0
20230531:1330,313.92,376.71,43.69,21.36,3.24,0.0
20230531:1430,244.12,301.14,34.05,21.1,3.24,0.0
20230531:1530,144.77,206.44,24.21,20.8,3.24,0.0
20230531:1630,31.72,52.42,14.57,20.5,3.1,0.0
20230531:1730,9.54,22.7,5.45,19.37,2.28,0.0
20230531:1830,0.0,0.0,-2.8,17.66,2.41,0.0
20230531:1930,0.0,0.0,0.0,16.87,2.34,0.0
20230531:2030,0.0,0.0,0.0,15.32,2.14,0.0
20230531:2130,0.0,0.0,0.0,13.71,2.0,0.0
20230531:2230,0.0,0.0,0.0,12.42,1.79,0.0
20230531:2330,0.0,0.0,0.0,11.39,1.72,0.0
20230601:0030,0.0,0.0,0.0,10.45,1.66,0.0
20230601:0130,0.0,0.0,0.0,9.78,1.52,0.0
20230601:0230,0.0,5.09,0.25,9.31,1.45,0.0
20230601:0330,20.45,36.38,8.86,9.16,1.31,0.0
20230601:0430,57.94,106.53,18.21,11.17,0.9,0.0
20230601:0530,238.27,306.65,27.96,15.15,0.69,0.0
20230601:0630,429.67,522.76,37.78,17.69,0.48,0.0
20230601:0730,586.63,719.36,47.22,19.35,0.97,0.0
20230601:0830,689.27,870.63,55.54,21.04,0.83,0.0
20230601:0930,691.2,890.17,61.43,22.4,0.41,0.0
20230601:1030,742.4,956.94,63.04,23.29,1.03,0.0
20230601:1130,689.33,869.97,59.65,24.11,1.72,0.0
20230601:1230,612.92,759.7,52.67,24.54,2.28,0.0
20230601:1330,462.65,565.4,43.82,24.79,2.62,0.0
20230601:1430,294.25,367.89,34.17,24.67,2.76,0.0
20230601:1530,122.88,176.81,24.34,23.89,2.83,0.0
20230601:1630,28.97,49.79,14.69,23.19,2.14,0.0
20230601:1730,5.84,17.16,5.58,21.91,1.52,0.0
20230601:1830,0.0,0.0,-2.67,20.18,1.86,0.0
20230601:1930,0.0,0.0,0.0,18.74,2.28,0.0
20230601:2030,0.0,0.0,0.0,16.7,2.34,0.0
20230601:2130,0.0,0.0,0.0,15.65,2.34,0.0
20230601:2230,0.0,0.0,0.0,14.9,2.48,0.0
20230601:2330,0.0,0.0,0.0,14.38,2.48,0.0
20230602:0030,0.0,0.0,0.0,13.86,2.48,0.0
20230602:0130,0.0,0.0,0.0,13.41,2.55,0.0
20230602:0230,0.0,5.25,0.34,13.1,2.48,0.0
20230602:0330,21.46,38.16,8.94,12.86,2.41,0.0
20230602:0430,60.16,108.14,18.28,14.08,2.0,0.0
20230602:0530,234.12,302.52,28.03,17.54,1.72,0.0
20230602:0630,416.38,506.08,37.85,20.8,1.93,0.0
20230602:0730,488.58,586.79,47.3,22.61,3.31,0.0
20230602:0830,559.22,674.37,55.63,23.12,3.52,0.0
20230602:0930,626.45,761.82,61.54,23.53,3.52,0.0
20230602:1030,667.79,823.97,63.17,23.94,2.97,0.0
20230602:1130,530.74,641.69,59.79,23.18,2.97,0.0
20230602:1230,302.14,362.99,52.79,21.81,3.79,0.0
20230602:1330,162.3,203.0,43.94,20.05,3.17,0.0
20230602:1430,142.0,181.19,34.29,19.63,2.62,0.0
20230602:1530,112.13,150.88,24.45,19.69,2.83,0.0
20230602:1630,51.31,76.17,14.81,19.3,3.45,0.0
20230602:1730,10.0,23.28,5.7,18.3,3.03,0.0
20230602:1830,0.0,0.0,-2.54,17.21,2.83,0.0
20230602:1930,0.0,0.0,0.0,16.81,3.45,0.0
20230602:2030,0.0,0.0,0.0,16.0,3.59,0.0
20230602:2130,0.0,0.0,0.0,15.54,4.0,0.0
20230602:2230,0.0,0.0,0.0,14.89,4.34,0.0
20230602:2330,0.0,0.0,0.0,14.05,4.62,0.0
20230603:0030,0.0,0.0,0.0,13.23,4.48,0.0
20230603:0130,0.0,0.0,0.0,12.41,4.41,0.0
20230603:0230,0.0,0.83,0.42,11.55,4.34,0.0
20230603:0330,1.49,9.01,9.01,10.75,4.14,0.0
20230603:0430,29.53,47.7,18.34,10.19,3.79,0.0
20230603:0530,76.29,102.98,28.09,10.11,3.52,0.0
20230603:0630,238.32,278.04,37.91,10.5,3.1,0.0
20230603:0730,405.7,462.76,47.37,11.04,2.34,0.0
20230603:0830,693.32,813.99,55.72,12.31,2.28,0.0
20230603:0930,783.8,940.46,61.65,14.04,2.41,0.0
20230603:1030,829.75,1006.44,63.3,15.31,2.62,0.0
20230603:1130,795.88,961.83,59.92,16.32,2.83,0.0
20230603:1230,707.27,845.39,52.92,17.03,2.97,0.0
20230603:1330,566.42,670.68,44.06,17.49,2.97,0.0
20230603:1430,381.86,459.89,34.41,17.71,3.03,0.0
20230603:1530,168.59,236.85,24.57,17.67,2.97,0.0
20230603:1630,27.59,48.18,14.93,17.36,2.9,0.0
20230603:1730,11.18,24.85,5.82,16.64,2.34,0.0
20230603:1830,0.0,0.0,-2.41,15.12,2.21,0.0
20230603:1930,0.0,0.0,0.0,13.64,2.48,0.0
20230603:2030,0.0,0.0,0.0,12.53,2.62,0.0
20230603:2130,0.0,0.0,0.0,11.68,2.62,0.0
20230603:2230,0.0,0.0,0.0,11.13,2.55,0.0
20230603:2330,0.0,0.0,0.0,10.7,2.55,0.0
20230604:0030,0.0,0.0,0.0,10.49,2.48,0.0
20230604:0130,0.0,0.0,0.0,10.57,2.48,0.0
20230604:0230,0.0,3.51,0.49,11.09,2.62,0.0
20230604:0330,12.11,25.63,9.08,11.12,2.83,0.0
20230604:0430,36.72,61.12,18.4,11.83,2.83,0.0
20230604:0530,118.45,151.86,28.15,12.53,3.24,0.0
20230604:0630,158.48,193.22,37.97,13.58,4.0,0.0
20230604:0730,272.62,315.68,47.43,13.81,4.28,0.0
20230604:0830,480.28,550.65,55.8,14.98,4.55,0.0
20230604:0930,462.23,534.0,61.75,16.37,4.62,0.0
20230604:1030,450.85,523.04,63.42,17.41,4.34,0.0
20230604:1130,419.46,488.47,60.04,18.08,4.07,0.0
20230604:1230,504.64,590.38,53.04,18.5,3.93,0.0
20230604:1330,293.54,349.17,44.17,19.28,3.66,0.0
20230604:1430,210.65,260.28,34.52,19.32,3.03,0.0
20230604:1530,109.31,154.84,24.68,19.44,2.76,0.0
20230604:1630,34.03,56.23,15.04,19.19,2.48,0.0
20230604:1730,7.97,20.3,5.94,18.68,2.14,0.0
20230604:1830,0.0,0.0,-2.29,17.17,2.14,0.0
20230604:1930,0.0,0.0,0.0,16.52,2.34,0.0
20230604:2030,0.0,0.0,0.0,15.64,2.14,0.0
20230604:2130,0.0,0.0,0.0,14.52,1.93,0.0
20230604:2230,0.0,0.0,0.0,13.49,1.52,0.0
20230604:2330,0.0,0.0,0.0,13.77,1.03,0.0
20230605:0030,0.0,0.0,0.0,14.35,0.62,0.0
20230605:0130,0.0,0.0,0.0,13.76,0.34,0.0
20230605:0230,0.0,5.5,0.56,13.22,0.14,0.0
20230605:0330,19.18,35.27,9.14,12.73,0.0,0.0
20230605:0430,58.32,103.25,18.46,12.98,0.14,0.0
20230605:0530,225.28,288.9,28.2,15.0,0.0,0.0
20230605:0630,419.34,510.14,38.03,16.95,0.21,0.0
20230605:0730,584.63,715.68,47.49,18.07,0.69,0.0
20230605:0830,705.37,877.81,55.88,19.71,1.31,0.0
20230605:0930,722.27,902.66,61.85,21.08,1.66,0.0
20230605:1030,721.0,909.55,63.54,21.9,1.45,0.0
20230605:1130,687.17,868.24,60.16,22.53,1.24,0.0
20230605:1230,620.79,778.41,53.15,23.15,1.1,0.0
20230605:1330,413.48,508.07,44.28,23.51,0.97,0.0
20230605:1430,321.26,403.84,34.63,23.4,0.83,0.0
20230605:1530,154.27,223.57,24.79,23.46,0.76,0.0
20230605:1630,27.09,49.12,15.15,23.1,1.03,0.0
20230605:1730,10.08,23.69,6.05,21.51,1.17,0.0
20230605:1830,0.0,0.0,-2.18,19.62,1.59,0.0
20230605:1930,0.0,0.0,0.0,17.76,1.79,0.0
20230605:2030,0.0,0.0,0.0,16.09,2.14,0.0
20230605:2130,0.0,0.0,0.0,15.34,2.55,0.0
20230605:2230,0.0,0.0,0.0,14.97,2.69,0.0
20230605:2330,0.0,0.0,0.0,14.47,2.55,0.0
20230606:0030,0.0,0.0,0.0,13.75,2.28,0.0
20230606:0130,0.0,0.0,0.0,13.15,2.0,0.0
20230606:0230,0.21,6.2,0.63,12.62,1.86,0.0
20230606:0330,24.31,41.71,9.19,12.49,1.93,0.0
20230606:0430,83.88,113.88,18.51,13.9,1.72,0.0
20230606:0530,182.12,228.69,28.25,16.34,2.07,0.0
20230606:0630,273.14,328.94,38.07,18.05,2.55,0.0
20230606:0730,439.26,523.73,47.55,18.71,2.48,0.0
20230606:0830,533.31,642.9,55.94,20.48,2.55,0.0
20230606:0930,301.53,367.07,61.94,21.99,2.62,0.0
20230606:1030,259.03,318.74,63.65,22.4,2.62,0.0
20230606:1130,572.99,700.48,60.28,22.97,2.76,0.0
20230606:1230,210.84,261.64,53.26,24.25,3.17,0.0
20230606:1330,149.4,191.61,44.38,22.74,3.1,0.0
20230606:1430,99.74,133.85,34.73,21.82,2.41,0.0
20230606:1530,54.76,81.03,24.89,21.2,1.38,0.0
20230606:1630,19.27,36.4,15.26,20.36,0.41,0.0
20230606:1730,3.32,12.73,6.16,19.19,0.76,0.0
20230606:1830,0.0,0.0,-2.07,18.18,1.52,0.0
20230606:1930,0.0,0.0,0.0,16.57,2.62,0.0
20230606:2030,0.0,0.0,0.0,15.7,2.55,0.0
20230606:2130,0.0,0.0,0.0,15.21,2.28,0.0
20230606:2230,0.0,0.0,0.0,15.01,1.93,0.0
20230606:2330,0.0,0.0,0.0,14.79,1.86,0.0
20230607:0030,0.0,0.0,0.0,14.53,1.86,0.0
20230607:0130,0.0,0.0,0.0,14.46,1.93,0.0
20230607:0230,0.0,1.28,0.68,14.3,2.21,0.0
20230607:0330,4.34,14.26,9.24,14.03,2.34,0.0
20230607:0430,16.49,31.83,18.55,13.85,2.21,0.0
20230607:0530,40.82,62.18,28.29,13.81,2.14,0.0
20230607:0630,31.6,50.97,38.12,13.98,2.14,0.0
20230607:0730,44.19,66.3,47.6,14.74,1.59,0.0
20230607:0830,175.24,214.42,56.01,15.07,1.79,0.0
20230607:0930,415.38,488.63,62.02,16.02,2.21,0.0
20230607:1030,344.67,408.09,63.75,17.41,2.55,0.0
20230607:1130,268.62,320.78,60.38,18.04,2.9,0.0
20230607:1230,357.95,421.7,53.37,18.33,3.38,0.0
20230607:1330,313.01,369.91,44.49,18.62,3.86,0.0
20230607:1430,106.64,140.4,34.83,19.09,3.52,0.0
20230607:1530,89.46,125.04,24.99,18.64,2.9,0.0
20230607:1630,34.52,56.23,15.36,18.8,2.55,0.0
20230607:1730,12.67,27.12,6.26,18.41,2.0,0.0
20230607:1830,0.0,0.0,-1.96,17.58,2.14,0.0
20230607:1930,0.0,0.0,0.0,16.54,2.07,0.0
20230607:2030,0.0,0.0,0.0,15.88,1.93,0.0
20230607:2130,0.0,0.0,0.0,14.68,1.59,0.0
20230607:2230,0.0,0.0,0.0,13.72,0.97,0.0
20230607:2330,0.0,0.0,0.0,13.87,0.55,0.0
20230608:0030,0.0,0.0,0.0,13.41,0.62,0.0
20230608:0130,0.0,0.0,0.0,12.14,1.03,0.0
20230608:0230,0.0,4.67,0.73,11.78,1.03,0.0
20230608:0330,16.23,31.25,9.28,11.72,1.03,0.0
20230608:0430,53.03,91.66,18.59,13.04,0.62,0.0
20230608:0530,175.83,228.07,28.32,15.86,0.34,0.0
20230608:0630,326.5,397.3,38.15,17.71,0.07,0.0
20230608:0730,400.52,481.81,47.64,18.67,0.9,0.0
20230608:0830,532.15,645.75,56.06,19.69,1.31,0.0
20230608:0930,601.5,735.53,62.1,20.71,1.72,0.0
20230608:1030,561.21,685.26,63.85,21.57,2.0,0.0
20230608:1130,390.71,471.95,60.49,22.17,2.07,0.0
20230608:1230,258.96,318.26,53.47,22.33,1.59,0.0
20230608:1330,185.14,233.27,44.58,22.12,0.9,0.0
20230608:1430,200.54,253.98,34.92,21.84,0.34,0.0
20230608:1530,129.89,175.06,25.09,21.8,0.28,0.0
20230608:1630,47.35,73.28,15.46,21.57,0.14,0.0
20230608:1730,12.79,27.58,6.36,21.08,0.69,0.0
20230608:1830,0.0,0.0,-1.86,19.99,1.38,0.0
20230608:1930,0.0,0.0,0.0,18.09,1.31,0.0
20230608:2030,0.0,0.0,0.0,17.02,1.24,0.0
20230608:2130,0.0,0.0,0.0,15.73,1.72,0.0
20230608:2230,0.0,0.0,0.0,14.76,1.86,0.0
20230608:2330,0.0,0.0,0.0,13.8,1.72,0.0
20230609:0030,0.0,0.0,0.0,13.31,1.52,0.0
20230609:0130,0.0,0.0,0.0,13.06,1.59,0.0
20230609:0230,0.05,5.79,0.78,12.66,1.59,0.0
20230609:0330,19.43,35.51,9.32,12.38,1.52,0.0
20230609:0430,61.84,102.0,18.62,13.95,1.17,0.0
20230609:0530,186.3,238.44,28.35,16.48,1.52,0.0
20230609:0630,316.85,379.83,38.18,17.99,2.28,0.0
20230609:0730,404.3,478.16,47.67,19.42,2.83,0.0
20230609:0830,537.34,641.62,56.11,20.73,3.31,0.0
20230609:0930,377.73,451.44,62.17,22.06,3.72,0.0
20230609:1030,416.32,499.82,63.93,22.37,3.45,0.0
20230609:1130,373.77,450.86,60.58,22.92,3.45,0.0
20230609:1230,316.21,385.25,53.56,23.11,3.03,0.0
20230609:1330,274.31,335.89,44.68,23.19,2.76,0.0
20230609:1430,201.97,254.67,35.02,23.28,2.41,0.0
20230609:1530,75.16,107.35,25.18,23.33,2.69,0.0
20230609:1630,40.4,63.87,15.55,22.34,1.79,0.0
20230609:1730,12.73,27.49,6.46,21.24,1.45,0.0
20230609:1830,0.0,0.0,-1.76,20.23,1.03,0.0
20230609:1930,0.0,0.0,0.0,19.42,0.62,0.0
20230609:2030,0.0,0.0,0.0,17.58,0.97,0.0
20230609:2130,0.0,0.0,0.0,17.59,0.76,0.0
20230609:2230,0.0,0.0,0.0,17.51,0.07,0.0
20230609:2330,0.0,0.0,0.0,17.02,0.48,0.0
20230610:0030,0.0,0.0,0.0,16.26,0.76,0.0
20230610:0130,0.0,0.0,0.0,16.16,0.55,0.0
20230610:0230,0.13,6.04,0.82,15.15,0.9,0.0
20230610:0330,20.84,37.58,9.35,14.16,1.03,0.0
20230610:0430,63.34,100.13,18.65,15.73,0.48,0.0
20230610:0530,169.08,219.04,28.38,17.49,0.48,0.0
20230610:0630,321.14,391.64,38.21,18.89,0.48,0.0
20230610:0730,461.04,565.24,47.71,19.92,0.34,0.0
20230610:0830,584.87,728.48,56.15,21.37,0.76,0.0
20230610:0930,601.67,750.04,62.23,22.41,1.03,0.0
20230610:1030,571.43,709.12,64.02,22.96,1.24,0.0
20230610:1130,503.65,617.0,60.67,23.26,1.52,0.0
20230610:1230,363.79,442.78,53.65,23.47,2.0,0.0
20230610:1330,251.98,310.36,44.76,23.32,1.79,0.0
20230610:1430,168.4,212.88,35.1,21.2,2.83,0.0
20230610:1530,63.54,91.22,25.27,19.66,3.72,0.0
20230610:1630,34.9,56.03,15.64,18.81,2.28,0.0
20230610:1730,4.96,15.54,6.55,18.78,1.1,0.0
20230610:1830,0.0,0.0,-1.67,18.35,1.38,0.0
20230610:1930,0.0,0.0,0.0,18.14,2.34,0.0
20230610:2030,0.0,0.0,0.0,17.78,2.28,0.0
20230610:2130,0.0,0.0,0.0,17.3,2.34,0.0
20230610:2230,0.0,0.0,0.0,16.75,2.28,0.0
20230610:2330,0.0,0.0,0.0,16.12,2.21,0.0
20230611:0030,0.0,0.0,0.0,15.89,2.07,0.0
20230611:0130,0.0,0.0,0.0,15.58,2.0,0.0
20230611:0230,0.0,5.0,0.85,15.34,2.0,0.0
20230611:0330,11.31,24.89,9.38,15.04,2.14,0.0
20230611:0430,33.13,53.7,18.67,15.25,2.48,0.0
20230611:0530,27.04,45.81,28.4,15.38,2.9,0.0
20230611:0630,119.26,151.72,38.23,15.12,3.31,0.0
20230611:0730,199.77,241.52,47.73,15.86,2.55,0.0
20230611:0830,234.72,282.57,56.19,16.78,2.41,0.0
20230611:0930,245.24,294.76,62.29,17.31,2.76,0.0
20230611:1030,315.28,372.16,64.09,17.27,3.31,0.0
20230611:1130,244.88,292.38,60.76,17.23,3.72,0.0
20230611:1230,141.48,175.98,53.74,16.11,4.34,0.0
20230611:1330,80.94,108.63,44.85,15.22,4.48,0.0
20230611:1430,58.58,83.04,35.19,14.98,4.14,0.0
20230611:1530,58.96,84.0,25.35,14.78,4.0,0.0
20230611:1630,22.53,40.26,15.72,14.82,3.86,0.0
20230611:1730,7.76,19.68,6.63,14.59,4.14,0.0
20230611:1830,0.0,0.0,-1.59,13.96,4.21,0.0
20230611:1930,0.0,0.0,0.0,12.77,3.45,0.0
20230611:2030,0.0,0.0,0.0,12.23,3.1,0.0
20230611:2130,0.0,0.0,0.0,11.81,2.62,0.0
20230611:2230,0.0,0.0,0.0,11.36,2.55,0.0
20230611:2330,0.0,0.0,0.0,10.93,2.69,0.0
20230612:0030,0.0,0.0,0.0,10.46,2.69,0.0
20230612:0130,0.0,0.0,0.0,10.06,2.76,0.0
20230612:0230,0.0,2.48,0.88,9.73,2.83,0.0
20230612:0330,6.74,17.82,9.4,9.53,2.76,0.0
20230612:0430,23.12,39.88,18.69,9.58,2.97,0.0
20230612:0530,23.4,40.13,28.41,9.78,3.17,0.0
20230612:0630,78.64,103.9,38.24,9.97,2.9,0.0
20230612:0730,83.45,109.32,47.75,10.16,2.97,0.0
20230612:0830,85.03,111.12,56.22,10.51,2.9,0.0
20230612:0930,100.08,128.0,62.34,10.79,2.83,0.0
20230612:1030,125.11,155.7,64.16,11.13,2.97,0.0
20230612:1130,141.18,173.6,60.84,11.52,3.03,0.0
20230612:1230,100.41,128.85,53.82,11.77,3.17,0.0
20230612:1330,78.55,104.64,44.93,11.91,2.97,0.0
20230612:1430,58.99,82.63,35.27,11.98,2.97,0.0
20230612:1530,50.73,73.7,25.43,12.04,2.9,0.0
20230612:1630,20.5,36.84,15.8,12.07,2.9,0.0
20230612:1730,0.55,7.03,6.71,12.0,2.41,0.0
20230612:1830,0.0,0.0,-1.51,11.84,2.07,0.0
20230612:1930,0.0,0.0,0.0,11.33,1.45,0.0
20230612:2030,0.0,0.0,0.0,11.21,1.38,0.0
20230612:2130,0.0,0.0,0.0,11.12,1.31,0.0
20230612:2230,0.0,0.0,0.0,11.05,1.17,0.0
20230612:2330,0.0,0.0,0.0,10.96,1.17,0.0
20230613:0030,0.0,0.0,0.0,10.89,1.03,0.0
20230613:0130,0.0,0.0,0.0,10.88,1.1,0.0
20230613:0230,0.0,2.36,0.9,10.82,1.17,0.0
20230613:0330,8.12,19.97,9.42,10.84,1.17,0.0
20230613:0430,25.28,43.01,18.7,10.97,1.38,0.0
20230613:0530,36.54,56.45,28.42,11.24,1.52,0.0
20230613:0630,86.01,112.97,38.25,11.54,1.59,0.0
20230613:0730,126.03,156.88,47.76,12.05,2.41,0.0
20230613:0830,161.33,196.3,56.24,12.65,2.34,0.0
20230613:0930,208.56,249.38,62.38,13.33,2.62,0.0
20230613:1030,168.51,206.34,64.22,14.35,2.62,0.0
20230613:1130,231.75,277.01,60.91,14.81,2.55,0.0
20230613:1230,213.21,255.82,53.89,15.47,2.41,0.0
20230613:1330,344.7,406.47,45.0,15.78,1.93,0.0
20230613:1430,154.22,192.85,35.34,16.56,2.0,0.0
20230613:1530,76.83,106.66,25.5,16.68,1.66,0.0
20230613:1630,27.04,46.25,15.88,16.59,1.59,0.0
20230613:1730,2.86,11.78,6.79,16.18,1.45,0.0
20230613:1830,0.0,0.0,-1.43,15.55,1.38,0.0
20230613:1930,0.0,0.0,0.0,13.62,1.52,0.0
20230613:2030,0.0,0.0,0.0,12.97,1.52,0.0
20230613:2130,0.0,0.0,0.0,12.25,1.24,0.0
20230613:2230,0.0,0.0,0.0,11.6,1.24,0.0
20230613:2330,0.0,0.0,0.0,11.63,1.45,0.0
20230614:0030,0.0,0.0,0.0,11.05,1.52,0.0
20230614:0130,0.0,0.0,0.0,10.43,1.52,0.0
20230614:0230,0.0,5.09,0.92,9.9,1.45,0.0
20230614:0330,15.35,29.89,9.43,9.99,1.45,0.0
20230614:0430,47.06,79.4,18.7,11.74,1.24,0.0
20230614:0530,129.04,167.48,28.43,13.08,1.66,0.0
20230614:0630,211.25,253.03,38.26,14.07,2.48,0.0
20230614:0730,276.08,323.89,47.77,15.25,3.45,0.0
20230614:0830,321.97,380.13,56.26,16.16,3.1,0.0
20230614:0930,453.02,533.28,62.41,17.2,2.69,0.0
20230614:1030,407.09,482.53,64.28,18.16,2.34,0.0
20230614:1130,457.52,544.24,60.98,18.95,2.14,0.0
20230614:1230,377.81,449.27,53.96,19.57,2.0,0.0
20230614:1330,411.87,493.26,45.07,19.9,2.0,0.0
20230614:1430,290.24,356.55,35.41,20.38,1.79,0.0
20230614:1530,165.53,233.39,25.57,20.49,1.79,0.0
20230614:1630,35.62,61.29,15.95,20.51,1.86,0.0
20230614:1730,9.47,22.61,6.86,19.64,1.52,0.0
20230614:1830,0.0,0.0,-1.36,18.35,1.79,0.0
20230614:1930,0.0,0.0,0.0,16.98,1.38,0.0
20230614:2030,0.0,0.0,0.0,16.07,1.17,0.0
20230614:2130,0.0,0.0,0.0,15.09,1.17,0.0
20230614:2230,0.0,0.0,0.0,14.27,1.31,0.0
20230614:2330,0.0,0.0,0.0,14.11,1.1,0.0
20230615:0030,0.0,0.0,0.0,14.13,0.83,0.0
20230615:0130,0.0,0.0,0.0,14.02,0.48,0.0
20230615:0230,0.0,4.05,0.93,13.41,0.41,0.0
20230615:0330,14.15,28.61,9.43,12.85,0.76,0.0
20230615:0430,54.36,93.53,18.7,13.22,0.69,0.0
20230615:0530,184.22,237.89,28.42,15.6,0.97,0.0
20230615:0630,184.9,227.7,38.26,16.78,1.03,0.0
20230615:0730,335.36,399.42,47.78,16.68,0.55,0.0
20230615:0830,543.06,660.69,56.27,17.6,0.55,0.0
20230615:0930,576.49,709.25,62.44,18.94,0.62,0.0
20230615:1030,415.76,503.66,64.33,19.77,0.62,0.0
20230615:1130,526.53,641.15,61.04,20.14,1.1,0.0
20230615:1230,311.82,376.07,54.03,20.88,1.52,0.0
20230615:1330,349.85,421.04,45.14,20.81,1.72,0.0
20230615:1430,223.17,277.99,35.48,21.19,1.66,0.0
20230615:1530,107.54,144.72,25.64,21.08,1.59,0.0
20230615:1630,31.2,51.93,16.01,20.78,1.45,0.0
20230615:1730,4.56,14.92,6.92,19.83,1.45,0.0
20230615:1830,0.0,0.0,-1.3,18.77,1.79,0.0
20230615:1930,0.0,0.0,0.0,17.95,1.72,0.0
20230615:2030,0.0,0.0,0.0,17.23,1.72,0.0
20230615:2130,0.0,0.0,0.0,16.74,1.79,0.0
20230615:2230,0.0,0.0,0.0,16.39,1.86,0.0
20230615:2330,0.0,0.0,0.0,15.82,1.79,0.0
20230616:0030,0.0,0.0,0.0,15.47,1.59,0.0
20230616:0130,0.0,0.0,0.0,15.22,1.17,0.0
20230616:0230,0.0,0.62,0.93,15.03,1.1,0.0
20230616:0330,0.76,7.57,9.43,14.94,1.03,0.0
20230616:0430,14.5,29.32,18.7,15.06,1.1,0.0
20230616:0530,50.05,73.96,28.42,15.4,1.17,0.0
20230616:0630,98.8,129.58,38.25,15.79,1.31,0.0
20230616:0730,42.2,64.28,47.77,16.03,1.45,0.0
20230616:0830,56.43,81.14,56.28,16.06,1.17,0.0
20230616:0930,99.78,130.93,62.46,16.29,1.1,0.0
20230616:1030,114.57,148.06,64.37,16.66,0.83,0.0
20230616:1130,205.48,250.88,61.09,16.94,0.28,0.0
20230616:1230,121.01,156.37,54.09,17.42,0.34,0.0
20230616:1330,207.63,255.75,45.2,17.46,0.0,0.0
20230616:1430,98.52,131.05,35.54,18.12,0.28,0.0
20230616:1530,93.55,126.27,25.7,18.08,0.9,0.0
20230616:1630,34.36,55.94,16.07,18.14,1.17,0.0
20230616:1730,1.18,8.56,6.98,17.78,1.1,0.0
20230616:1830,0.0,0.0,-1.24,17.06,1.45,0.0
20230616:1930,0.0,0.0,0.0,16.28,1.59,0.0
20230616:2030,0.0,0.0,0.0,15.99,1.45,0.0
20230616:2130,0.0,0.0,0.0,15.68,1.38,0.0
20230616:2230,0.0,0.0,0.0,15.53,1.17,0.0
20230616:2330,0.0,0.0,0.0,15.29,1.24,0.0
20230617:0030,0.0,0.0,0.0,15.11,1.24,0.0
20230617:0130,0.0,0.0,0.0,14.8,1.45,0.0
20230617:0230,0.0,2.77,0.93,14.8,1.38,0.0
20230617:0330,4.36,14.35,9.42,14.78,1.24,0.0
20230617:0430,22.11,39.38,18.69,15.1,1.38,0.0
20230617:0530,73.37,100.58,28.41,15.52,1.1,0.0
20230617:0630,47.5,70.7,38.24,16.33,1.1,0.0
20230617:0730,138.91,173.98,47.77,15.39,1.79,0.0
20230617:0830,149.23,185.67,56.28,15.94,2.28,0.0
20230617:0930,268.85,321.08,62.48,16.9,1.93,0.0
20230617:1030,285.67,342.43,64.41,18.02,1.66,0.0
20230617:1130,288.35,346.68,61.14,18.92,1.59,0.0
20230617:1230,107.94,142.17,54.14,19.53,1.66,0.0
20230617:1330,125.66,162.0,45.26,19.14,2.07,0.0
20230617:1430,108.92,142.99,35.6,19.03,2.21,0.0
20230617:1530,111.05,146.79,25.76,18.87,2.9,0.0
20230617:1630,46.48,70.84,16.13,18.53,3.17,0.0
20230617:1730,9.45,22.45,7.04,17.98,2.97,0.0
20230617:1830,0.0,0.0,-1.18,17.27,2.69,0.0
20230617:1930,0.0,0.0,0.0,15.8,1.79,0.0
20230617:2030,0.0,0.0,0.0,15.26,2.14,0.0
20230617:2130,0.0,0.0,0.0,14.99,2.07,0.0
20230617:2230,0.0,0.0,0.0,14.77,1.79,0.0
20230617:2330,0.0,0.0,0.0,14.35,1.79,0.0
20230618:0030,0.0,0.0,0.0,14.07,1.79,0.0
20230618:0130,0.0,0.0,0.0,13.82,1.79,0.0
20230618:0230,0.0,4.46,0.92,13.74,1.79,0.0
20230618:0330,14.05,28.57,9.41,13.92,1.79,0.0
20230618:0430,67.49,94.8,18.67,14.61,1.72,0.0
20230618:0530,109.17,144.49,28.39,15.63,2.21,0.0
20230618:0630,182.82,224.25,38.22,16.51,2.55,0.0
20230618:0730,157.46,195.98,47.75,17.42,2.28,0.0
20230618:0830,148.35,183.98,56.28,17.55,2.14,0.0
20230618:0930,217.26,261.45,62.49,17.65,2.41,0.0
20230618:1030,205.75,249.61,64.43,17.79,2.62,0.0
20230618:1130,131.83,166.77,61.19,17.67,2.41,0.0
20230618:1230,267.65,319.96,54.19,17.52,2.28,0.0
20230618:1330,144.91,182.93,45.31,18.13,2.69,0.0
20230618:1430,67.67,94.83,35.65,18.03,2.34,0.0
20230618:1530,48.99,72.86,25.81,17.74,1.59,0.0
20230618:1630,14.67,29.81,16.18,17.56,1.24,0.0
20230618:1730,7.1,18.85,7.09,17.07,0.97,0.0
20230618:1830,0.0,0.0,-1.14,16.79,0.76,0.0
20230618:1930,0.0,0.0,0.0,16.22,0.9,0.0
20230618:2030,0.0,0.0,0.0,14.75,1.24,0.0
20230618:2130,0.0,0.0,0.0,14.14,1.17,0.0
20230618:2230,0.0,0.0,0.0,13.42,1.17,0.0
20230618:2330,0.0,0.0,0.0,13.26,0.97,0.0
20230619:0030,0.0,0.0,0.0,13.65,0.62,0.0
20230619:0130,0.0,0.0,0.0,13.37,0.76,0.0
20230619:0230,0.02,5.71,0.91,12.3,0.97,0.0
20230619:0330,27.13,45.23,9.39,12.32,0.83,0.0
20230619:0430,69.56,100.38,18.65,13.61,0.41,0.0
20230619:0530,143.91,186.01,28.37,15.18,0.48,0.0
20230619:0630,365.51,440.29,38.2,16.39,0.62,0.0
20230619:0730,517.12,626.97,47.73,18.65,0.9,0.0
20230619:0830,601.33,735.69,56.26,19.87,1.38,0.0
20230619:0930,592.55,726.8,62.49,20.68,1.45,0.0
20230619:1030,582.8,713.6,64.45,21.18,1.86,0.0
20230619:1130,466.05,562.68,61.22,21.61,2.28,0.0
20230619:1230,349.45,423.31,54.24,21.56,1.79,0.0
20230619:1330,294.87,359.88,45.36,21.53,1.86,0.0
20230619:1430,178.91,226.3,35.7,21.37,1.31,0.0
20230619:1530,119.79,164.23,25.86,21.01,1.03,0.0
20230619:1630,44.86,72.15,16.23,20.71,1.17,0.0
20230619:1730,13.73,28.82,7.14,20.22,0.9,0.0
20230619:1830,0.0,0.0,-1.09,19.02,1.72,0.0
20230619:1930,0.0,0.0,0.0,18.5,0.21,0.0
20230619:2030,0.0,0.0,0.0,17.18,0.83,0.0
20230619:2130,0.0,0.0,0.0,14.62,1.52,0.0
20230619:2230,0.0,0.0,0.0,13.86,1.45,0.0
20230619:2330,0.0,0.0,0.0,13.31,1.31,0.0
20230620:0030,0.0,0.0,0.0,12.54,1.31,0.0
20230620:0130,0.0,0.0,0.0,11.82,1.38,0.0
20230620:0230,0.28,6.37,0.89,11.19,1.38,0.0
20230620:0330,20.8,37.13,9.37,11.37,1.24,0.0
20230620:0430,53.75,98.44,18.63,13.35,0.83,0.0
20230620:0530,218.39,285.4,28.34,16.11,0.69,0.0
20230620:0630,400.02,486.23,38.18,18.06,0.69,0.0
20230620:0730,518.2,630.47,47.71,19.45,0.9,0.0
20230620:0830,584.51,720.79,56.25,20.6,0.97,0.0
20230620:0930,653.35,824.56,62.49,21.39,0.62,0.0
20230620:1030,622.18,793.61,64.47,22.29,0.21,0.0
20230620:1130,534.9,669.84,61.25,22.93,0.62,0.0
20230620:1230,335.92,413.28,54.27,23.25,1.24,0.0
20230620:1330,448.32,548.19,45.4,23.14,1.79,0.0
20230620:1430,304.05,377.39,35.74,23.31,2.21,0.0
20230620:1530,135.35,189.66,25.9,22.93,2.48,0.0
20230620:1630,36.93,65.2,16.27,22.39,2.07,0.0
20230620:1730,12.64,27.41,7.18,21.67,1.66,0.0
20230620:1830,0.0,0.0,-1.06,20.45,1.86,0.0
20230620:1930,0.0,0.0,0.0,19.35,2.14,0.0
20230620:2030,0.0,0.0,0.0,18.33,2.14,0.0
20230620:2130,0.0,0.0,0.0,17.17,2.07,0.0
20230620:2230,0.0,0.0,0.0,16.4,1.93,0.0
20230620:2330,0.0,0.0,0.0,15.59,1.86,0.0
20230621:0030,0.0,0.0,0.0,14.77,1.79,0.0
20230621:0130,0.0,0.0,0.0,13.98,1.72,0.0
20230621:0230,0.32,6.49,0.87,13.2,1.45,0.0
20230621:0330,24.64,42.33,9.34,13.59,0.97,0.0
20230621:0430,64.55,107.79,18.6,14.74,0.62,0.0
20230621:0530,215.69,281.09,28.31,17.7,0.62,0.0
20230621:0630,388.63,477.0,38.14,19.74,0.55,0.0
20230621:0730,551.23,679.34,47.68,21.24,0.97,0.0
20230621:0830,660.37,835.93,56.22,22.47,0.83,0.0
20230621:0930,660.8,840.18,62.48,23.44,0.9,0.0
20230621:1030,678.49,869.81,64.48,23.95,0.83,0.0
20230621:1130,603.12,762.42,61.28,24.45,0.97,0.0
20230621:1230,501.04,621.16,54.31,24.69,1.1,0.0
20230621:1330,489.33,609.78,45.43,24.74,1.1,0.0
20230621:1430,310.6,392.0,35.78,24.98,1.03,0.0
20230621:1530,142.84,202.19,25.94,24.76,0.83,0.0
20230621:1630,31.11,60.15,16.31,24.39,0.62,0.0
20230621:1730,14.87,30.8,7.21,23.62,0.76,0.0
20230621:1830,0.0,0.0,-1.03,21.73,1.1,0.0
20230621:1930,0.0,0.0,0.0,19.73,2.14,0.0
20230621:2030,0.0,0.0,0.0,18.45,2.28,0.0
20230621:2130,0.0,0.0,0.0,17.44,2.21,0.0
20230621:2230,0.0,0.0,0.0,16.49,2.14,0.0
20230621:2330,0.0,0.0,0.0,15.64,1.93,0.0
20230622:0030,0.0,0.0,0.0,14.78,1.72,0.0
20230622:0130,0.0,0.0,0.0,14.26,1.52,0.0
20230622:0230,0.4,6.7,0.84,13.83,1.59,0.0
20230622:0330,24.08,41.63,9.31,13.77,1.59,0.0
20230622:0430,54.02,95.07,18.56,15.61,1.17,0.0
20230622:0530,196.08,258.92,28.27,18.9,1.24,0.0
20230622:0630,391.15,478.64,38.11,21.02,1.45,0.0
20230622:0730,535.32,662.33,47.65,23.46,1.38,0.0
20230622:0830,599.62,752.55,56.2,24.66,1.45,0.0
20230622:0930,631.76,809.3,62.46,25.46,0.97,0.0
20230622:1030,583.51,751.21,64.48,26.15,0.34,0.0
20230622:1130,635.51,835.62,61.29,26.53,0.07,0.0
20230622:1230,542.24,691.66,54.33,26.99,0.62,0.0
20230622:1330,466.95,589.02,45.47,27.02,0.76,0.0
20230622:1430,278.48,357.57,35.81,27.03,0.28,0.0
20230622:1530,132.03,190.53,25.97,26.92,0.76,0.0
20230622:1630,36.73,64.3,16.34,26.3,1.31,0.0
20230622:1730,13.01,28.28,7.24,24.93,1.72,0.0
20230622:1830,0.0,0.0,-1.0,23.43,2.34,0.0
20230622:1930,0.0,0.0,0.0,22.56,2.0,0.0
20230622:2030,0.0,0.0,0.0,21.19,2.28,0.0
20230622:2130,0.0,0.0,0.0,20.09,2.14,0.0
20230622:2230,0.0,0.0,0.0,19.17,1.93,0.0
20230622:2330,0.0,0.0,0.0,18.38,1.59,0.0
20230623:0030,0.0,0.0,0.0,17.35,1.59,0.0
20230623:0130,0.0,0.0,0.0,16.63,1.59,0.0
20230623:0230,0.0,5.62,0.8,16.09,1.59,0.0
20230623:0330,19.2,35.68,9.27,15.83,1.45,0.0
20230623:0430,48.37,94.28,18.52,17.75,1.03,0.0
20230623:0530,209.51,280.93,28.23,20.92,0.83,0.0
20230623:0630,390.59,486.39,38.07,23.11,0.76,0.0
20230623:0730,532.11,667.04,47.61,25.33,1.1,0.0
20230623:0830,632.56,807.27,56.16,26.51,1.24,0.0
20230623:0930,637.1,812.08,62.43,27.35,1.59,0.0
20230623:1030,669.54,867.24,64.47,27.88,1.38,0.0
20230623:1130,641.66,833.35,61.3,28.45,1.03,0.0
20230623:1230,565.28,729.18,54.36,28.89,0.83,0.0
20230623:1330,436.83,553.59,45.49,29.23,1.17,0.0
20230623:1430,259.72,334.51,35.84,29.16,1.24,0.0
20230623:1530,118.82,171.57,26.0,27.46,2.76,0.0
20230623:1630,37.55,62.0,16.37,25.04,2.83,0.0
20230623:1730,16.68,33.32,7.26,23.85,1.79,0.0
20230623:1830,0.0,0.0,-0.98,23.09,1.1,0.0
20230623:1930,0.0,0.0,0.0,20.29,1.93,0.0
20230623:2030,0.0,0.0,0.0,19.97,1.38,0.0
20230623:2130,0.0,0.0,0.0,19.17,1.86,0.0
20230623:2230,0.0,0.0,0.0,18.58,1.03,0.0
20230623:2330,0.0,0.0,0.0,17.92,1.52,0.0
20230624:0030,0.0,0.0,0.0,17.38,1.38,0.0
20230624:0130,0.0,0.0,0.0,16.98,0.83,0.0
20230624:0230,0.11,5.99,0.76,16.5,1.31,0.0
20230624:0330,16.42,32.12,9.23,16.93,1.52,0.0
20230624:0430,44.35,77.07,18.48,18.4,1.66,0.0
20230624:0530,134.49,180.36,28.19,19.64,1.93,0.0
20230624:0630,290.41,354.36,38.02,20.67,1.93,0.0
20230624:0730,381.65,462.95,47.56,21.5,0.83,0.0
20230624:0830,385.97,466.33,56.12,22.29,1.52,0.0
20230624:0930,303.08,366.61,62.4,22.51,2.07,0.0
20230624:1030,224.41,276.49,64.46,22.09,2.55,0.0
20230624:1130,229.28,282.39,61.31,21.89,2.97,0.0
20230624:1230,241.19,295.41,54.37,22.31,3.1,0.0
20230624:1330,181.92,226.96,45.51,22.09,2.83,0.0
20230624:1430,196.45,245.24,35.86,21.46,3.24,0.0
20230624:1530,87.91,122.73,26.02,21.11,3.59,0.0
20230624:1630,33.18,55.05,16.39,20.46,2.83,0.0
20230624:1730,7.94,20.34,7.28,20.0,2.9,0.0
20230624:1830,0.0,0.0,-0.97,19.41,3.1,0.0
20230624:1930,0.0,0.0,0.0,19.0,2.69,0.0
20230624:2030,0.0,0.0,0.0,18.58,2.55,0.0
20230624:2130,0.0,0.0,0.0,18.54,2.62,0.0
20230624:2230,0.0,0.0,0.0,18.26,2.55,0.0
20230624:2330,0.0,0.0,0.0,17.84,2.69,0.0
20230625:0030,0.0,0.0,0.0,17.6,2.83,0.0
20230625:0130,0.0,0.0,0.0,17.28,2.76,0.0
20230625:0230,0.0,1.9,0.71,16.59,2.62,0.0
20230625:0330,2.5,11.12,9.18,16.24,2.69,0.0
20230625:0430,4.57,14.75,18.43,16.09,2.83,0.0
20230625:0530,11.28,24.92,28.14,16.0,2.76,0.0
20230625:0630,27.23,45.95,37.97,16.08,2.55,0.0
20230625:0730,93.96,123.86,47.52,15.86,2.48,0.0
20230625:0830,134.85,169.24,56.08,16.5,2.55,0.0
20230625:0930,276.7,328.11,62.37,17.16,2.69,0.0
20230625:1030,277.82,331.9,64.44,18.55,2.97,0.0
20230625:1130,359.38,430.49,61.31,19.64,2.69,0.0
20230625:1230,499.28,599.14,54.38,20.6,2.69,0.0
20230625:1330,412.63,492.05,45.53,21.43,3.38,0.0
20230625:1430,216.73,268.78,35.88,21.67,3.86,0.0
20230625:1530,132.72,185.84,26.04,21.33,3.66,0.0
20230625:1630,40.41,67.27,16.41,21.0,3.17,0.0
20230625:1730,10.28,23.85,7.3,20.26,2.83,0.0
20230625:1830,0.0,0.0,-0.96,19.05,2.48,0.0
20230625:1930,0.0,0.0,0.0,18.52,2.0,0.0
20230625:2030,0.0,0.0,0.0,17.2,2.28,0.0
20230625:2130,0.0,0.0,0.0,16.37,2.41,0.0
20230625:2230,0.0,0.0,0.0,16.02,2.55,0.0
20230625:2330,0.0,0.0,0.0,15.66,2.55,0.0
20230626:0030,0.0,0.0,0.0,15.43,2.55,0.0
20230626:0130,0.0,0.0,0.0,15.16,2.69,0.0
20230626:0230,0.0,5.09,0.66,14.82,2.55,0.0
20230626:0330,18.3,34.31,9.13,14.6,2.41,0.0
20230626:0430,51.46,94.72,18.38,15.5,2.28,0.0
20230626:0530,205.32,266.91,28.08,17.11,2.76,0.0
20230626:0630,355.41,424.85,37.92,18.47,3.1,0.0
20230626:0730,540.32,641.33,47.46,19.65,3.45,0.0
20230626:0830,659.43,794.33,56.02,20.85,3.52,0.0
20230626:0930,552.37,661.33,62.32,21.96,3.52,0.0
20230626:1030,619.85,748.35,64.41,22.28,3.38,0.0
20230626:1130,584.18,704.92,61.3,22.61,3.31,0.0
20230626:1230,572.25,690.83,54.39,22.8,3.31,0.0
20230626:1330,418.58,502.41,45.54,22.98,3.45,0.0
20230626:1430,283.69,349.75,35.89,22.74,3.38,0.0
20230626:1530,131.07,186.35,26.06,22.45,3.1,0.0
20230626:1630,32.95,61.73,16.42,21.95,2.48,0.0
20230626:1730,14.74,30.3,7.3,21.16,2.21,0.0
20230626:1830,0.0,0.0,-0.96,19.71,2.41,0.0
20230626:1930,0.0,0.0,0.0,18.76,2.62,0.0
20230626:2030,0.0,0.0,0.0,17.78,2.69,0.0
20230626:2130,0.0,0.0,0.0,17.03,2.69,0.0
20230626:2230,0.0,0.0,0.0,16.39,2.69,0.0
20230626:2330,0.0,0.0,0.0,16.02,2.69,0.0
20230627:0030,0.0,0.0,0.0,15.66,2.69,0.0
20230627:0130,0.0,0.0,0.0,15.66,2.69,0.0
20230627:0230,0.0,5.66,0.61,15.48,2.76,0.0
20230627:0330,16.51,32.04,9.07,15.38,2.76,0.0
20230627:0430,48.96,88.43,18.32,16.41,2.69,0.0
20230627:0530,205.44,270.44,28.02,18.43,2.41,0.0
20230627:0630,197.36,245.5,37.86,21.11,2.83,0.0
20230627:0730,256.56,311.14,47.4,20.64,2.55,0.0
20230627:0830,558.7,671.62,55.97,21.52,3.59,0.0
20230627:0930,291.9,352.28,62.27,22.59,4.41,0.0
20230627:1030,363.63,436.44,64.38,22.41,3.66,0.0
20230627:1130,239.67,290.8,61.28,21.48,3.59,0.0
20230627:1230,123.96,160.32,54.39,20.11,3.59,0.0
20230627:1330,100.19,131.45,45.55,18.14,5.03,0.0
20230627:1430,57.61,82.73,35.9,17.4,5.17,0.0
20230627:1530,57.48,83.63,26.06,17.26,4.69,0.0
20230627:1630,15.67,31.11,16.42,17.27,4.34,0.0
20230627:1730,2.09,10.38,7.31,16.93,3.59,0.0
20230627:1830,0.0,0.0,-0.96,16.54,2.97,0.0
20230627:1930,0.0,0.0,0.0,15.19,3.1,0.0
20230627:2030,0.0,0.0,0.0,15.04,3.24,0.0
20230627:2130,0.0,0.0,0.0,14.97,3.45,0.0
20230627:2230,0.0,0.0,0.0,14.63,3.66,0.0
20230627:2330,0.0,0.0,0.0,14.39,3.72,0.0
20230628:0030,0.0,0.0,0.0,13.95,3.59,0.0
20230628:0130,0.0,0.0,0.0,13.5,3.52,0.0
20230628:0230,0.25,6.33,0.55,12.94,3.45,0.0
20230628:0330,24.49,41.92,9.01,12.54,3.24,0.0
20230628:0430,58.12,98.28,18.25,13.1,3.24,0.0
20230628:0530,202.17,255.87,27.96,14.14,3.45,0.0
20230628:0630,422.32,492.72,37.8,14.97,4.41,0.0
20230628:0730,546.89,638.23,47.34,16.48,3.66,0.0
20230628:0830,603.65,708.09,55.91,17.48,3.86,0.0
20230628:0930,715.54,854.21,62.22,18.24,3.86,0.0
20230628:1030,404.04,471.44,64.33,18.99,4.28,0.0
20230628:1130,560.28,654.77,61.26,17.07,4.28,0.0
20230628:1230,345.33,403.82,54.38,17.97,4.55,0.0
20230628:1330,408.28,478.43,45.55,18.17,4.21,0.0
20230628:1430,229.85,278.88,35.91,18.2,4.9,0.0
20230628:1530,138.85,183.23,26.07,17.19,4.48,0.0
20230628:1630,60.76,90.37,16.42,17.21,3.72,0.0
20230628:1730,14.43,29.39,7.3,16.91,3.31,0.0
20230628:1830,0.0,0.0,-0.97,16.34,3.59,0.0
20230628:1930,0.0,0.0,0.0,14.84,3.59,0.0
20230628:2030,0.0,0.0,0.0,14.11,3.72,0.0
20230628:2130,0.0,0.0,0.0,13.77,3.86,0.0
20230628:2230,0.0,0.0,0.0,13.84,3.93,0.0
20230628:2330,0.0,0.0,0.0,13.77,4.07,0.0
20230629:0030,0.0,0.0,0.0,13.6,4.07,0.0
20230629:0130,0.0,0.0,0.0,13.5,4.0,0.0
20230629:0230,0.0,2.89,0.48,13.52,4.0,0.0
20230629:0330,10.84,24.1,8.94,13.85,4.28,0.0
20230629:0430,44.56,73.78,18.19,14.37,4.55,0.0
20230629:0530,171.07,220.91,27.89,14.98,5.03,0.0
20230629:0630,282.77,332.94,37.73,15.97,6.28,0.0
20230629:0730,382.34,440.83,47.27,16.41,6.14,0.0
20230629:0830,451.57,521.3,55.84,17.24,6.0,0.0
20230629:0930,664.65,774.64,62.16,18.06,5.66,0.0
20230629:1030,670.39,789.16,64.29,19.13,5.45,0.0
20230629:1130,676.03,799.49,61.23,19.84,5.38,0.0
20230629:1230,559.28,658.92,54.37,20.4,5.31,0.0
20230629:1330,470.14,553.19,45.54,20.52,5.38,0.0
20230629:1430,296.5,358.09,35.9,20.5,5.59,0.0
20230629:1530,146.88,203.89,26.06,20.26,5.31,0.0
20230629:1630,42.87,71.7,16.42,19.94,4.69,0.0
20230629:1730,14.17,29.31,7.29,19.49,4.14,0.0
20230629:1830,0.0,0.0,-0.98,18.57,4.21,0.0
20230629:1930,0.0,0.0,0.0,18.06,3.86,0.0
20230629:2030,0.0,0.0,0.0,17.22,3.86,0.0
20230629:2130,0.0,0.0,0.0,16.8,3.93,0.0
20230629:2230,0.0,0.0,0.0,16.81,3.93,0.0
20230629:2330,0.0,0.0,0.0,16.72,3.93,0.0
20230630:0030,0.0,0.0,0.0,16.49,3.86,0.0
20230630:0130,0.0,0.0,0.0,16.28,3.72,0.0
20230630:0230,0.0,4.22,0.41,15.84,3.66,0.0
20230630:0330,17.53,33.45,8.87,15.86,3.52,0.0
20230630:0430,42.01,82.93,18.11,16.45,3.45,0.0
20230630:0530,212.49,278.49,27.82,17.78,3.03,0.0
20230630:0630,385.11,460.72,37.66,19.58,3.86,0.0
20230630:0730,570.12,676.79,47.2,20.74,4.41,0.0
20230630:0830,645.38,771.49,55.77,21.9,4.9,0.0
20230630:0930,723.06,873.46,62.09,22.51,4.76,0.0
20230630:1030,597.12,715.21,64.23,22.92,4.41,0.0
20230630:1130,552.1,660.73,61.2,22.87,4.14,0.0
20230630:1230,413.21,491.92,54.35,22.99,3.86,0.0
20230630:1330,339.01,407.2,45.53,22.91,3.52,0.0
20230630:1430,212.14,265.3,35.9,22.92,3.31,0.0
20230630:1530,142.24,198.83,26.06,22.69,2.9,0.0
20230630:1630,29.64,57.33,16.41,22.64,2.62,0.0
20230630:1730,11.89,26.34,7.28,21.65,2.21,0.0
20230630:1830,0.0,0.0,-1.0,20.29,1.59,0.0
20230630:1930,0.0,0.0,0.0,19.19,2.14,0.0
20230630:2030,0.0,0.0,0.0,18.49,2.14,0.0
20230630:2130,0.0,0.0,0.0,17.62,2.34,0.0
20230630:2230,0.0,0.0,0.0,17.16,2.41,0.0
20230630:2330,0.0,0.0,0.0,16.61,2.55,0.0
20230701:0030,0.0,0.0,0.0,16.73,2.48,0.0
20230701:0130,0.0,0.0,0.0,16.26,2.48,0.0
20230701:0230,0.0,4.22,0.33,16.16,2.34,0.0
20230701:0330,17.46,33.4,8.79,16.09,2.28,0.0
20230701:0430,52.21,90.58,18.04,16.83,2.0,0.0
20230701:0530,171.12,226.98,27.75,18.95,1.66,0.0
20230701:0630,284.84,348.91,37.58,21.04,1.72,0.0
20230701:0730,358.7,434.81,47.13,22.47,1.93,0.0
20230701:0830,459.21,560.54,55.69,23.4,1.86,0.0
20230701:0930,597.61,742.3,62.01,24.25,1.86,0.0
20230701:1030,606.29,755.38,64.17,25.01,2.07,0.0
20230701:1130,546.04,675.93,61.16,25.45,1.93,0.0
20230701:1230,407.53,500.97,54.32,25.64,1.66,0.0
20230701:1330,459.66,571.42,45.52,25.5,1.31,0.0
20230701:1430,277.65,351.56,35.88,25.74,1.03,0.0
20230701:1530,131.12,182.11,26.04,24.95,1.03,0.0
20230701:1630,40.08,66.26,16.39,22.85,1.86,0.0
20230701:1730,14.95,30.72,7.26,21.92,0.55,0.0
20230701:1830,0.0,0.0,-1.03,21.23,0.62,0.0
20230701:1930,0.0,0.0,0.0,19.84,1.45,0.0
20230701:2030,0.0,0.0,0.0,18.81,1.86,0.0
20230701:2130,0.0,0.0,0.0,18.03,1.79,0.0
20230701:2230,0.0,0.0,0.0,17.62,1.79,0.0
20230701:2330,0.0,0.0,0.0,17.33,1.86,0.0
20230702:0030,0.0,0.0,0.0,17.1,1.72,0.0
20230702:0130,0.0,0.0,0.0,16.62,1.72,0.0
20230702:0230,0.0,4.84,0.25,16.22,1.72,0.0
20230702:0330,16.58,32.21,8.71,15.9,1.52,0.0
20230702:0430,43.34,79.59,17.96,16.53,1.03,0.0
20230702:0530,172.47,229.9,27.67,19.08,0.9,0.0
20230702:0630,271.68,334.81,37.5,20.91,0.83,0.0
20230702:0730,438.68,540.02,47.04,21.95,0.48,0.0
20230702:0830,574.76,734.32,55.61,23.39,0.0,0.0
20230702:0930,624.83,810.07,61.93,24.66,0.14,0.0
20230702:1030,611.02,785.07,64.1,25.4,0.41,0.0
20230702:1130,543.7,688.5,61.11,25.83,0.69,0.0
20230702:1230,411.42,505.37,54.29,25.6,2.21,0.0
20230702:1330,214.8,266.85,45.49,23.69,2.97,0.0
20230702:1430,247.85,310.26,35.87,23.76,1.66,0.0
20230702:1530,158.96,218.13,26.03,24.12,1.24,0.0
20230702:1630,55.21,86.78,16.37,23.91,2.28,0.0
20230702:1730,13.4,28.53,7.23,22.08,3.24,0.0
20230702:1830,0.0,0.0,-1.07,20.21,2.83,0.0
20230702:1930,0.0,0.0,0.0,19.26,2.28,0.0
20230702:2030,0.0,0.0,0.0,18.78,2.21,0.0
20230702:2130,0.0,0.0,0.0,18.34,2.28,0.0
20230702:2230,0.0,0.0,0.0,18.19,2.48,0.0
20230702:2330,0.0,0.0,0.0,17.99,2.48,0.0
20230703:0030,0.0,0.0,0.0,17.75,2.34,0.0
20230703:0130,0.0,0.0,0.0,17.5,2.28,0.0
20230703:0230,0.0,2.07,0.16,17.3,2.34,0.0
20230703:0330,10.34,23.69,8.62,17.22,2.34,0.0
20230703:0430,38.14,67.44,17.87,17.45,2.14,0.0
20230703:0530,110.5,150.78,27.58,17.98,2.21,0.0
20230703:0630,98.75,130.92,37.42,18.63,2.28,0.0
20230703:0730,232.82,282.58,46.96,18.81,1.79,0.0
20230703:0830,346.84,419.1,55.52,19.88,1.17,0.0
20230703:0930,478.61,588.78,61.85,20.89,0.55,0.0
20230703:1030,594.38,746.26,64.03,21.78,0.41,0.0
20230703:1130,516.14,644.45,61.06,22.49,0.28,0.0
20230703:1230,551.92,695.15,54.25,22.87,0.21,0.0
20230703:1330,418.54,516.81,45.47,23.35,0.48,0.0
20230703:1430,260.81,327.96,35.84,23.48,0.62,0.0
20230703:1530,144.64,205.52,26.0,23.33,0.62,0.0
20230703:1630,31.56,62.0,16.35,23.26,0.83,0.0
20230703:1730,11.29,25.59,7.2,22.83,0.69,0.0
20230703:1830,0.0,0.0,-1.1,21.91,0.62,0.0
20230703:1930,0.0,0.0,0.0,20.11,2.28,0.0
20230703:2030,0.0,0.0,0.0,19.13,2.41,0.0
20230703:2130,0.0,0.0,0.0,18.31,2.41,0.0
20230703:2230,0.0,0.0,0.0,17.53,2.28,0.0
20230703:2330,0.0,0.0,0.0,16.64,2.07,0.0
20230704:0030,0.0,0.0,0.0,15.9,1.86,0.0
20230704:0130,0.0,0.0,0.0,15.3,1.79,0.0
20230704:0230,0.0,4.51,0.07,14.78,1.72,0.0
20230704:0330,19.24,35.51,8.53,14.25,1.45,0.0
20230704:0430,47.29,90.04,17.78,15.5,0.9,0.0
20230704:0530,206.16,276.0,27.49,19.0,0.69,0.0
20230704:0630,326.77,403.31,37.33,21.55,0.76,0.0
20230704:0730,511.29,629.01,46.87,22.84,1.45,0.0
20230704:0830,582.4,726.91,55.43,24.33,1.45,0.0
20230704:0930,585.59,740.68,61.76,25.3,1.24,0.0
20230704:1030,480.85,598.86,63.95,25.93,1.45,0.0
20230704:1130,491.83,611.01,61.0,25.75,1.66,0.0
20230704:1230,491.32,606.47,54.21,25.71,2.07,0.0
20230704:1330,461.51,565.29,45.43,24.85,2.48,0.0
20230704:1430,309.6,383.42,35.81,24.31,3.1,0.0
20230704:1530,123.04,172.44,25.97,23.61,3.24,0.0
20230704:1630,30.08,54.05,16.31,22.88,2.41,0.0
20230704:1730,8.52,21.37,7.16,21.97,1.79,0.0
20230704:1830,0.0,0.0,-1.15,21.21,1.45,0.0
20230704:1930,0.0,0.0,0.0,20.18,2.0,0.0
20230704:2030,0.0,0.0,0.0,19.41,1.86,0.0
20230704:2130,0.0,0.0,0.0,18.56,1.1,0.0
20230704:2230,0.0,0.0,0.0,19.12,0.55,0.0
20230704:2330,0.0,0.0,0.0,17.27,1.1,0.0
20230705:0030,0.0,0.0,0.0,16.01,1.45,0.0
20230705:0130,0.0,0.0,0.0,15.85,1.31,0.0
20230705:0230,0.0,0.0,-0.03,16.34,0.97,0.0
20230705:0330,15.45,30.8,8.44,16.69,0.69,0.0
20230705:0430,48.97,81.42,17.69,17.39,0.28,0.0
20230705:0530,176.71,236.02,27.4,18.78,0.14,0.0
20230705:0630,374.1,461.62,37.24,20.44,0.41,0.0
20230705:0730,501.16,625.81,46.78,22.74,0.34,0.0
20230705:0830,618.83,782.57,55.33,23.8,0.9,0.0
20230705:0930,670.36,850.69,61.66,24.76,1.45,0.0
20230705:1030,625.14,786.99,63.86,25.5,1.86,0.0
20230705:1130,498.27,616.76,60.93,26.04,2.14,0.0
20230705:1230,371.11,457.4,54.16,25.91,2.0,0.0
20230705:1330,349.91,432.63,45.39,25.77,1.66,0.0
20230705:1430,290.24,364.82,35.78,25.86,1.93,0.0
20230705:1530,109.38,152.87,25.94,25.7,2.07,0.0
20230705:1630,43.27,70.25,16.28,24.58,1.93,0.0
20230705:1730,17.38,34.27,7.12,23.7,1.79,0.0
20230705:1830,0.0,0.0,-1.2,22.57,2.0,0.0
20230705:1930,0.0,0.0,0.0,21.51,1.86,0.0
20230705:2030,0.0,0.0,0.0,20.38,1.66,0.0
20230705:2130,0.0,0.0,0.0,19.12,1.45,0.0
20230705:2230,0.0,0.0,0.0,18.03,1.66,0.0
20230705:2330,0.0,0.0,0.0,17.31,1.66,0.0
20230706:0030,0.0,0.0,0.0,16.67,1.52,0.0
20230706:0130,0.0,0.0,0.0,16.46,1.72,0.0
20230706:0230,0.0,0.0,-0.13,16.45,1.93,0.0
20230706:0330,19.29,35.84,8.34,16.28,1.79,0.0
20230706:0430,50.09,89.11,17.6,17.37,1.24,0.0
20230706:0530,201.31,269.29,27.31,20.0,0.83,0.0
20230706:0630,363.41,452.4,37.14,22.46,0.48,0.0
20230706:0730,520.32,636.43,46.68,23.02,2.0,0.0
20230706:0830,510.38,620.64,55.23,23.9,2.62,0.0
20230706:0930,640.69,791.72,61.55,24.33,2.69,0.0
20230706:1030,660.27,823.6,63.76,25.04,2.55,0.0
20230706:1130,505.34,619.74,60.85,25.54,2.55,0.0
20230706:1230,388.65,473.27,54.1,25.51,2.76,0.0
20230706:1330,273.19,338.18,45.35,25.22,2.48,0.0
20230706:1430,139.84,182.08,35.74,23.96,2.34,0.0
20230706:1530,81.02,113.6,25.9,23.32,3.45,0.0
20230706:1630,53.35,82.16,16.23,22.22,3.66,0.0
20230706:1730,12.59,27.33,7.07,21.69,3.17,0.0
20230706:1830,0.0,0.0,-1.26,20.86,2.55,0.0
20230706:1930,0.0,0.0,0.0,21.09,3.03,0.0
20230706:2030,0.0,0.0,0.0,20.4,3.03,0.0
20230706:2130,0.0,0.0,0.0,19.72,3.17,0.0
20230706:2230,0.0,0.0,0.0,19.28,3.24,0.0
20230706:2330,0.0,0.0,0.0,18.93,3.45,0.0
20230707:0030,0.0,0.0,0.0,18.58,3.59,0.0
20230707:0130,0.0,0.0,0.0,18.08,3.59,0.0
20230707:0230,0.0,0.0,-0.24,17.53,3.31,0.0
20230707:0330,8.75,21.37,8.24,17.41,3.24,0.0
20230707:0430,26.07,44.74,17.49,17.39,3.52,0.0
20230707:0530,29.29,48.76,27.21,17.33,3.1,0.0
20230707:0630,45.27,68.23,37.04,17.39,2.83,0.0
20230707:0730,71.12,98.64,46.58,17.71,2.69,0.0
20230707:0830,49.38,73.13,55.12,17.76,3.03,0.0
20230707:0930,74.74,102.78,61.44,17.81,2.97,0.0
20230707:1030,85.04,114.73,63.66,18.18,3.45,0.0
20230707:1130,307.99,365.4,60.77,18.47,4.14,0.0
20230707:1230,251.55,301.59,54.04,19.64,4.83,0.0
20230707:1330,59.02,85.2,45.3,19.99,5.17,0.0
20230707:1430,127.38,163.29,35.69,19.11,5.03,0.0
20230707:1530,70.42,98.82,25.85,19.41,4.62,0.0
20230707:1630,28.89,49.0,16.18,19.24,4.14,0.0
20230707:1730,7.06,18.89,7.01,18.77,3.45,0.0
20230707:1830,0.0,0.0,-1.32,18.16,3.03,0.0
20230707:1930,0.0,0.0,0.0,17.34,2.62,0.0
20230707:2030,0.0,0.0,0.0,16.8,2.41,0.0
20230707:2130,0.0,0.0,0.0,16.63,2.28,0.0
20230707:2230,0.0,0.0,0.0,16.29,2.34,0.0
20230707:2330,0.0,0.0,0.0,15.78,2.48,0.0
20230708:0030,0.0,0.0,0.0,15.01,2.55,0.0
20230708:0130,0.0,0.0,0.0,14.43,2.62,0.0
20230708:0230,0.0,0.0,-0.35,14.0,2.62,0.0
20230708:0330,24.24,41.8,8.13,13.69,2.62,0.0
20230708:0430,68.57,103.76,17.39,14.26,2.48,0.0
20230708:0530,198.79,253.47,27.1,15.7,2.55,0.0
20230708:0630,344.1,409.58,36.94,17.14,3.03,0.0
20230708:0730,505.47,598.42,46.47,18.14,3.17,0.0
20230708:0830,577.72,689.98,55.01,19.22,3.45,0.0
20230708:0930,653.16,784.46,61.33,19.99,3.79,0.0
20230708:1030,587.36,701.79,63.55,20.66,3.93,0.0
20230708:1130,593.46,712.77,60.68,21.11,4.0,0.0
20230708:1230,620.06,744.78,53.97,21.6,4.21,0.0
20230708:1330,452.81,539.45,45.24,22.23,4.69,0.0
20230708:1430,337.25,410.06,35.64,22.35,4.76,0.0
20230708:1530,147.84,199.51,25.8,22.31,4.55,0.0
20230708:1630,55.77,88.37,16.13,21.69,3.24,0.0
20230708:1730,18.15,34.93,6.95,20.81,2.55,0.0
20230708:1830,0.0,0.0,-1.39,19.39,2.34,0.0
20230708:1930,0.0,0.0,0.0,18.57,1.93,0.0
20230708:2030,0.0,0.0,0.0,17.04,2.14,0.0
20230708:2130,0.0,0.0,0.0,15.97,2.07,0.0
20230708:2230,0.0,0.0,0.0,15.12,1.93,0.0
20230708:2330,0.0,0.0,0.0,14.4,1.86,0.0
20230709:0030,0.0,0.0,0.0,13.89,1.93,0.0
20230709:0130,0.0,0.0,0.0,13.41,2.0,0.0
20230709:0230,0.0,0.0,-0.46,12.9,1.93,0.0
20230709:0330,16.73,32.0,8.02,12.51,1.79,0.0
20230709:0430,43.04,84.74,17.28,13.9,1.45,0.0
20230709:0530,207.33,275.26,27.0,17.57,1.52,0.0
20230709:0630,402.42,487.51,36.83,19.6,2.0,0.0
20230709:0730,569.99,684.79,46.36,22.05,3.72,0.0
20230709:0830,676.09,820.99,54.9,23.15,4.07,0.0
20230709:0930,639.17,773.51,61.21,24.05,4.55,0.0
20230709:1030,536.91,644.21,63.44,24.46,4.83,0.0
20230709:1130,593.52,716.8,60.59,24.61,4.83,0.0
20230709:1230,521.06,625.44,53.9,24.82,4.97,0.0
20230709:1330,475.52,571.8,45.18,24.9,4.9,0.0
20230709:1430,321.9,396.68,35.58,24.94,4.83,0.0
20230709:1530,138.49,194.71,25.75,23.96,4.48,0.0
20230709:1630,27.95,58.17,16.07,23.05,3.45,0.0
20230709:1730,11.37,25.63,6.89,22.22,2.28,0.0
20230709:1830,0.0,0.0,-1.47,21.09,1.79,0.0
20230709:1930,0.0,0.0,0.0,20.17,2.41,0.0
20230709:2030,0.0,0.0,0.0,19.02,2.48,0.0
20230709:2130,0.0,0.0,0.0,18.01,2.48,0.0
20230709:2230,0.0,0.0,0.0,17.2,2.48,0.0
20230709:2330,0.0,0.0,0.0,16.48,2.55,0.0
20230710:0030,0.0,0.0,0.0,16.02,2.48,0.0
20230710:0130,0.0,0.0,0.0,15.5,2.41,0.0
20230710:0230,0.0,0.0,-0.58,14.85,2.28,0.0
20230710:0330,16.6,32.04,7.9,14.28,2.28,0.0
20230710:0430,42.8,84.66,17.17,15.03,1.86,0.0
20230710:0530,209.22,276.89,26.89,17.23,1.93,0.0
20230710:0630,397.21,478.98,36.72,19.09,2.28,0.0
20230710:0730,538.17,646.8,46.25,20.66,2.55,0.0
20230710:0830,614.79,740.14,54.78,21.73,3.38,0.0
20230710:0930,651.75,786.25,61.08,22.37,4.0,0.0
20230710:1030,670.54,811.14,63.32,22.82,4.14,0.0
20230710:1130,618.72,744.0,60.49,23.17,4.48,0.0
20230710:1230,486.88,580.41,53.82,23.29,4.9,0.0
20230710:1330,463.75,553.91,45.11,23.17,4.97,0.0
20230710:1430,317.34,387.96,35.52,23.25,4.83,0.0
20230710:1530,144.98,204.09,25.68,22.93,4.07,0.0
20230710:1630,35.42,65.34,16.0,22.44,2.97,0.0
20230710:1730,14.2,29.6,6.81,21.51,2.0,0.0
20230710:1830,0.0,0.0,-1.55,20.53,1.72,0.0
20230710:1930,0.0,0.0,0.0,19.06,2.21,0.0
20230710:2030,0.0,0.0,0.0,17.84,2.34,0.0
20230710:2130,0.0,0.0,0.0,16.88,2.34,0.0
20230710:2230,0.0,0.0,0.0,16.37,2.34,0.0
20230710:2330,0.0,0.0,0.0,15.85,2.34,0.0
20230711:0030,0.0,0.0,0.0,15.28,2.28,0.0
20230711:0130,0.0,0.0,0.0,14.86,2.14,0.0
20230711:0230,0.0,0.0,-0.7,14.63,1.93,0.0
20230711:0330,17.81,33.65,7.78,14.41,1.72,0.0
20230711:0430,48.33,81.86,17.05,15.42,1.03,0.0
20230711:0530,142.3,191.4,26.77,18.18,0.55,0.0
20230711:0630,162.55,205.35,36.61,19.82,1.03,0.0
20230711:0730,197.16,242.84,46.13,19.13,1.93,0.0
20230711:0830,292.83,353.48,54.65,19.2,1.52,0.0
20230711:0930,572.35,687.77,60.95,20.18,2.28,0.0
20230711:1030,610.03,731.58,63.19,21.8,4.07,0.0
20230711:1130,533.08,633.92,60.38,22.46,5.45,0.0
20230711:1230,525.4,613.45,53.73,20.35,6.14,0.0
20230711:1330,461.11,542.59,45.04,21.24,5.79,0.0
20230711:1430,249.16,302.03,35.45,20.02,6.28,0.0
20230711:1530,95.22,133.89,25.62,19.05,4.55,0.0
20230711:1630,28.37,56.37,15.93,19.0,2.97,0.0
20230711:1730,9.94,23.23,6.74,18.76,1.72,0.0
20230711:1830,0.0,0.0,-1.64,18.15,1.31,0.0
20230711:1930,0.0,0.0,0.0,17.4,0.97,0.0
20230711:2030,0.0,0.0,0.0,16.58,1.79,0.0
20230711:2130,0.0,0.0,0.0,15.76,1.93,0.0
20230711:2230,0.0,0.0,0.0,15.04,1.86,0.0
20230711:2330,0.0,0.0,0.0,14.3,1.72,0.0
20230712:0030,0.0,0.0,0.0,13.83,1.72,0.0
20230712:0130,0.0,0.0,0.0,13.16,1.66,0.0
20230712:0230,0.0,0.0,-0.83,12.53,1.66,0.0
20230712:0330,22.75,39.69,7.66,12.07,1.66,0.0
20230712:0430,75.22,104.27,16.94,12.65,1.31,0.0
20230712:0530,177.65,223.39,26.66,13.96,1.03,0.0
20230712:0630,394.05,474.59,36.49,16.2,0.83,0.0
20230712:0730,565.47,689.01,46.01,19.93,1.38,0.0
20230712:0830,680.41,846.23,54.52,22.1,1.79,0.0
20230712:0930,739.44,941.94,60.81,23.41,1.52,0.0
20230712:1030,746.98,967.38,63.05,24.52,1.17,0.0
20230712:1130,713.74,923.62,60.27,25.46,1.1,0.0
20230712:1230,611.73,777.13,53.64,26.21,1.17,0.0
20230712:1330,513.91,648.76,44.96,26.82,1.03,0.0
20230712:1430,316.55,402.99,35.38,27.46,1.03,0.0
20230712:1530,132.97,188.98,25.54,26.82,2.28,0.0
20230712:1630,38.67,68.72,15.85,25.75,2.0,0.0
20230712:1730,9.19,22.61,6.65,24.74,1.45,0.0
20230712:1830,0.0,0.0,-1.73,23.06,1.17,0.0
20230712:1930,0.0,0.0,0.0,21.51,1.38,0.0
20230712:2030,0.0,0.0,0.0,20.91,1.66,0.0
20230712:2130,0.0,0.0,0.0,20.5,1.86,0.0
20230712:2230,0.0,0.0,0.0,20.1,1.86,0.0
20230712:2330,0.0,0.0,0.0,19.57,2.0,0.0
20230713:0030,0.0,0.0,0.0,19.1,2.28,0.0
20230713:0130,0.0,0.0,0.0,18.94,2.41,0.0
20230713:0230,0.0,0.0,-0.96,18.54,2.55,0.0
20230713:0330,13.91,28.86,7.53,18.48,2.55,0.0
20230713:0430,45.4,84.89,16.81,18.93,2.28,0.0
20230713:0530,197.25,266.74,26.54,20.74,1.79,0.0
20230713:0630,364.87,451.25,36.37,23.15,1.52,0.0
20230713:0730,469.43,579.23,45.88,24.84,1.86,0.0
20230713:0830,532.32,672.59,54.39,25.76,0.9,0.0
20230713:0930,503.49,644.78,60.67,26.5,0.28,0.0
20230713:1030,413.83,518.8,62.91,27.0,1.38,0.0
20230713:1130,371.92,463.73,60.15,27.11,2.14,0.0
20230713:1230,227.07,286.85,53.54,27.06,2.34,0.0
20230713:1330,73.56,104.9,44.87,25.76,2.28,0.0
20230713:1430,30.42,51.41,35.3,23.37,1.52,0.0
20230713:1530,65.13,94.07,25.46,22.23,1.66,0.0
20230713:1630,30.19,54.28,15.77,21.96,1.45,0.0
20230713:1730,2.35,11.04,6.56,21.73,0.14,0.0
20230713:1830,0.0,0.0,-1.83,21.1,3.24,0.0
20230713:1930,0.0,0.0,0.0,20.1,2.62,0.0
20230713:2030,0.0,0.0,0.0,19.45,2.69,0.0
20230713:2130,0.0,0.0,0.0,18.87,2.76,0.0
20230713:2230,0.0,0.0,0.0,18.45,2.69,0.0
20230713:2330,0.0,0.0,0.0,18.19,2.69,0.0
20230714:0030,0.0,0.0,0.0,18.07,2.97,0.0
20230714:0130,0.0,0.0,0.0,18.05,3.52,0.0
20230714:0230,0.0,0.0,-1.1,17.97,3.66,0.0
20230714:0330,0.36,6.66,7.4,17.55,3.79,0.0
20230714:0430,7.75,19.9,16.69,17.24,3.93,0.0
20230714:0530,13.76,28.52,26.41,16.93,3.59,0.0
20230714:0630,14.12,28.96,36.24,16.85,3.38,0.0
20230714:0730,88.49,117.78,45.75,16.99,3.1,0.0
20230714:0830,253.48,301.49,54.25,17.79,3.59,0.0
20230714:0930,576.03,682.56,60.52,19.1,3.66,0.0
20230714:1030,667.36,804.4,62.77,20.92,3.72,0.0
20230714:1130,560.62,670.14,60.02,22.07,3.72,0.0
20230714:1230,548.05,655.1,53.43,22.42,3.79,0.0
20230714:1330,471.37,564.56,44.78,22.74,3.79,0.0
20230714:1430,353.61,432.48,35.22,22.98,3.79,0.0
20230714:1530,134.24,189.65,25.38,22.91,3.66,0.0
20230714:1630,30.48,61.45,15.68,22.33,2.76,0.0
20230714:1730,11.83,26.25,6.46,21.75,2.14,0.0
20230714:1830,0.0,0.0,-1.94,20.43,2.14,0.0
20230714:1930,0.0,0.0,0.0,19.23,2.21,0.0
20230714:2030,0.0,0.0,0.0,18.25,2.28,0.0
20230714:2130,0.0,0.0,0.0,17.3,2.34,0.0
20230714:2230,0.0,0.0,0.0,16.33,2.28,0.0
20230714:2330,0.0,0.0,0.0,15.48,2.14,0.0
20230715:0030,0.0,0.0,0.0,14.76,2.0,0.0
20230715:0130,0.0,0.0,0.0,14.01,1.86,0.0
20230715:0230,0.0,0.0,-1.24,13.28,1.59,0.0
20230715:0330,14.76,29.39,7.27,12.62,1.45,0.0
20230715:0430,38.66,77.51,16.56,13.76,1.03,0.0
20230715:0530,201.78,270.19,26.29,17.72,0.76,0.0
20230715:0630,355.9,437.35,36.12,20.5,0.76,0.0
20230715:0730,539.41,657.41,45.62,22.11,2.0,0.0
20230715:0830,659.49,821.47,54.11,23.39,1.93,0.0
20230715:0930,656.47,825.48,60.37,24.41,1.66,0.0
20230715:1030,641.43,812.9,62.62,25.01,1.31,0.0
20230715:1130,554.59,698.68,59.88,25.47,0.9,0.0
20230715:1230,494.46,619.22,53.32,25.67,0.83,0.0
20230715:1330,485.54,609.6,44.68,25.8,0.83,0.0
20230715:1430,309.75,393.03,35.12,26.07,0.62,0.0
20230715:1530,156.78,222.58,25.29,25.91,0.55,0.0
20230715:1630,29.42,61.36,15.59,25.69,0.62,0.0
20230715:1730,10.45,24.47,6.36,24.19,0.69,0.0
20230715:1830,0.0,0.0,-2.05,22.88,1.1,0.0
20230715:1930,0.0,0.0,0.0,22.86,0.97,0.0
20230715:2030,0.0,0.0,0.0,20.37,1.59,0.0
20230715:2130,0.0,0.0,0.0,18.66,2.07,0.0
20230715:2230,0.0,0.0,0.0,17.48,2.07,0.0
20230715:2330,0.0,0.0,0.0,16.42,1.93,0.0
20230716:0030,0.0,0.0,0.0,15.58,1.79,0.0
20230716:0130,0.0,0.0,0.0,14.92,1.59,0.0
20230716:0230,0.0,0.0,-1.39,14.36,1.52,0.0
20230716:0330,13.98,28.49,7.13,13.98,1.45,0.0
20230716:0430,39.29,79.12,16.43,15.53,0.97,0.0
20230716:0530,198.82,268.8,26.16,19.56,0.76,0.0
20230716:0630,387.67,480.75,35.99,22.6,1.03,0.0
20230716:0730,547.75,678.59,45.48,24.43,1.72,0.0
20230716:0830,661.39,835.36,53.96,25.9,1.93,0.0
20230716:0930,724.54,934.35,60.21,27.04,1.79,0.0
20230716:1030,735.61,965.93,62.46,27.87,1.31,0.0
20230716:1130,656.29,860.45,59.74,28.53,0.76,0.0
20230716:1230,560.09,724.15,53.2,28.86,0.55,0.0
20230716:1330,481.96,619.88,44.58,29.03,0.34,0.0
20230716:1430,327.45,422.88,35.03,29.11,0.41,0.0
20230716:1530,156.49,226.87,25.19,28.95,0.83,0.0
20230716:1630,28.35,59.76,15.49,28.4,0.97,0.0
20230716:1730,8.57,21.83,6.26,26.77,0.76,0.0
20230716:1830,0.0,0.0,-2.17,26.56,0.69,0.0
20230716:1930,0.0,0.0,0.0,24.43,1.31,0.0
20230716:2030,0.0,0.0,0.0,22.22,1.86,0.0
20230716:2130,0.0,0.0,0.0,20.78,2.0,0.0
20230716:2230,0.0,0.0,0.0,19.58,1.79,0.0
20230716:2330,0.0,0.0,0.0,18.68,1.66,0.0
20230717:0030,0.0,0.0,0.0,18.21,1.45,0.0
20230717:0130,0.0,0.0,0.0,17.67,1.45,0.0
20230717:0230,0.0,0.0,-1.53,17.06,1.52,0.0
20230717:0330,12.63,26.91,6.99,16.76,1.59,0.0
20230717:0430,39.34,78.55,16.29,17.92,1.24,0.0
20230717:0530,187.48,257.12,26.02,21.87,0.97,0.0
20230717:0630,381.01,478.83,35.85,24.87,0.83,0.0
20230717:0730,519.36,653.04,45.34,26.23,1.1,0.0
20230717:0830,639.2,825.0,53.81,27.27,0.97,0.0
20230717:0930,684.34,898.53,60.05,28.03,0.83,0.0
20230717:1030,696.16,927.58,62.29,28.54,0.55,0.0
20230717:1130,642.61,854.68,59.6,28.96,0.21,0.0
20230717:1230,584.09,769.36,53.08,29.25,0.14,0.0
20230717:1330,438.75,561.22,44.47,29.44,0.48,0.0
20230717:1430,321.48,414.98,34.92,29.4,0.55,0.0
20230717:1530,149.98,215.75,25.09,29.34,0.55,0.0
20230717:1630,38.22,69.36,15.38,28.83,0.34,0.0
20230717:1730,10.65,25.14,6.14,28.06,0.21,0.0
20230717:1830,0.0,0.0,-2.29,25.89,0.9,0.0
20230717:1930,0.0,0.0,0.0,24.57,1.93,0.0
20230717:2030,0.0,0.0,0.0,23.33,1.86,0.0
20230717:2130,0.0,0.0,0.0,22.4,2.21,0.0
20230717:2230,0.0,0.0,0.0,21.61,2.83,0.0
20230717:2330,0.0,0.0,0.0,21.17,3.66,0.0
20230718:0030,0.0,0.0,0.0,20.54,3.59,0.0
20230718:0130,0.0,0.0,0.0,20.05,2.9,0.0
20230718:0230,0.0,0.0,-1.69,19.56,3.24,0.0
20230718:0330,4.19,14.26,6.85,19.36,3.31,0.0
20230718:0430,36.51,59.05,16.15,19.68,3.17,0.0
20230718:0530,122.61,164.54,25.89,20.12,4.07,0.0
20230718:0630,303.96,367.43,35.72,20.9,4.14,0.0
20230718:0730,511.21,608.63,45.2,22.47,4.76,0.0
20230718:0830,572.72,685.77,53.66,23.48,4.83,0.0
20230718:0930,533.87,638.18,59.88,23.92,5.24,0.0
20230718:1030,619.99,742.38,62.12,23.69,5.52,0.0
20230718:1130,546.01,652.24,59.44,24.03,5.52,0.0
20230718:1230,571.64,684.79,52.95,24.08,5.38,0.0
20230718:1330,493.0,589.8,44.35,24.09,5.38,0.0
20230718:1430,316.04,386.65,34.82,23.81,5.17,0.0
20230718:1530,162.93,227.36,24.98,23.28,4.83,0.0
20230718:1630,32.18,64.7,15.27,22.81,4.21,0.0
20230718:1730,10.34,24.1,6.02,22.05,3.31,0.0
20230718:1830,0.0,0.0,-2.42,20.73,2.48,0.0
20230718:1930,0.0,0.0,0.0,19.81,2.0,0.0
20230718:2030,0.0,0.0,0.0,18.67,2.0,0.0
20230718:2130,0.0,0.0,0.0,17.71,2.21,0.0
20230718:2230,0.0,0.0,0.0,16.93,2.14,0.0
20230718:2330,0.0,0.0,0.0,16.58,2.0,0.0
20230719:0030,0.0,0.0,0.0,16.72,1.93,0.0
20230719:0130,0.0,0.0,0.0,16.72,1.86,0.0
20230719:0230,0.0,0.0,-1.84,16.45,1.86,0.0
20230719:0330,12.94,27.24,6.7,15.78,1.59,0.0
20230719:0430,38.05,76.77,16.01,16.04,1.17,0.0
20230719:0530,191.43,258.0,25.75,19.34,1.03,0.0
20230719:0630,183.0,230.21,35.58,21.45,1.59,0.0
20230719:0730,378.96,457.24,45.05,21.3,1.93,0.0
20230719:0830,391.71,472.68,53.5,22.61,2.28,0.0
20230719:0930,653.81,806.53,59.7,23.19,2.41,0.0
20230719:1030,683.0,853.53,61.94,24.19,2.21,0.0
20230719:1130,619.24,770.9,59.28,24.79,1.93,0.0
20230719:1230,529.55,655.69,52.81,25.15,1.59,0.0
20230719:1330,443.99,549.53,44.23,25.35,1.24,0.0
20230719:1430,339.73,426.5,34.7,25.58,1.52,0.0
20230719:1530,162.11,226.39,24.87,25.64,1.86,0.0
20230719:1630,40.25,70.35,15.15,25.11,1.79,0.0
20230719:1730,6.86,18.93,5.9,23.96,1.59,0.0
20230719:1830,0.0,0.0,-2.56,22.41,1.72,0.0
20230719:1930,0.0,0.0,0.0,20.31,1.72,0.0
20230719:2030,0.0,0.0,0.0,19.6,1.17,0.0
20230719:2130,0.0,0.0,0.0,18.71,1.59,0.0
20230719:2230,0.0,0.0,0.0,18.06,1.86,0.0
20230719:2330,0.0,0.0,0.0,17.41,2.0,0.0
20230720:0030,0.0,0.0,0.0,16.81,1.93,0.0
20230720:0130,0.0,0.0,0.0,16.34,1.93,0.0
20230720:0230,0.0,0.0,-2.0,15.85,1.93,0.0
20230720:0330,13.34,27.74,6.55,15.31,1.93,0.0
20230720:0430,43.09,79.84,15.86,15.72,1.38,0.0
20230720:0530,181.75,240.62,25.61,17.58,1.03,0.0
20230720:0630,360.41,441.45,35.43,19.78,0.76,0.0
20230720:0730,513.71,629.62,44.9,21.93,1.31,0.0
20230720:0830,542.65,670.94,53.34,23.71,1.38,0.0
20230720:0930,662.62,829.39,59.53,24.86,2.21,0.0
20230720:1030,635.37,770.54,61.76,23.76,4.07,0.0
20230720:1130,444.5,523.98,59.12,21.1,4.69,0.0
20230720:1230,121.72,156.87,52.67,20.86,4.14,0.0
20230720:1330,227.61,277.63,44.11,20.2,3.17,0.0
20230720:1430,220.55,271.32,34.58,20.69,3.93,0.0
20230720:1530,147.04,200.79,24.75,21.01,3.93,0.0
20230720:1630,29.58,59.23,15.03,20.96,3.86,0.0
20230720:1730,7.15,19.14,5.77,20.43,3.24,0.0
20230720:1830,0.0,0.0,-2.7,19.42,2.62,0.0
20230720:1930,0.0,0.0,0.0,18.75,2.48,0.0
20230720:2030,0.0,0.0,0.0,18.2,2.34,0.0
20230720:2130,0.0,0.0,0.0,17.56,2.14,0.0
20230720:2230,0.0,0.0,0.0,16.66,2.14,0.0
20230720:2330,0.0,0.0,0.0,15.89,2.0,0.0
20230721:0030,0.0,0.0,0.0,15.16,1.93,0.0
20230721:0130,0.0,0.0,0.0,14.55,1.86,0.0
20230721:0230,0.0,0.0,-2.16,13.93,1.72,0.0
20230721:0330,12.43,26.29,6.39,13.31,1.72,0.0
20230721:0430,39.47,77.03,15.72,13.82,1.17,0.0
20230721:0530,189.42,252.49,25.46,16.69,0.9,0.0
20230721:0630,387.22,471.38,35.29,18.15,0.69,0.0
20230721:0730,545.53,666.09,44.75,19.64,0.97,0.0
20230721:0830,655.47,826.3,53.17,20.88,0.55,0.0
20230721:0930,642.83,816.57,59.34,22.0,0.41,0.0
20230721:1030,662.09,853.79,61.57,22.67,0.28,0.0
20230721:1130,641.62,825.78,58.94,23.45,0.34,0.0
20230721:1230,532.75,668.32,52.52,23.98,0.76,0.0
20230721:1330,501.41,622.62,43.97,24.23,1.24,0.0
20230721:1430,312.74,389.97,34.45,24.41,1.66,0.0
20230721:1530,138.96,193.4,24.62,24.32,1.93,0.0
20230721:1630,39.87,64.14,14.9,23.63,1.66,0.0
20230721:1730,1.23,8.76,5.63,22.14,0.9,0.0
20230721:1830,0.0,0.0,-2.85,20.85,1.1,0.0
20230721:1930,0.0,0.0,0.0,20.91,2.28,0.0
20230721:2030,0.0,0.0,0.0,20.2,2.28,0.0
20230721:2130,0.0,0.0,0.0,19.48,1.93,0.0
20230721:2230,0.0,0.0,0.0,18.98,2.21,0.0
20230721:2330,0.0,0.0,0.0,18.06,2.62,0.0
20230722:0030,0.0,0.0,0.0,17.13,2.69,0.0
20230722:0130,0.0,0.0,0.0,16.77,2.41,0.0
20230722:0230,0.0,0.0,-2.33,16.49,2.34,0.0
20230722:0330,10.86,24.35,6.24,16.27,2.07,0.0
20230722:0430,53.08,79.92,15.57,16.32,1.52,0.0
20230722:0530,153.98,204.53,25.32,17.03,0.97,0.0
20230722:0630,268.26,328.32,35.14,18.14,0.21,0.0
20230722:0730,490.61,584.57,44.6,20.58,3.1,0.0
20230722:0830,520.75,614.83,53.0,21.69,4.97,0.0
20230722:0930,604.65,719.75,59.15,22.25,5.1,0.0
20230722:1030,704.9,850.82,61.38,23.05,5.1,0.0
20230722:1130,577.31,689.66,58.77,23.61,5.1,0.0
20230722:1230,459.38,546.14,52.36,23.3,5.24,0.0
20230722:1330,262.38,316.65,43.83,22.57,4.9,0.0
20230722:1430,278.6,341.15,34.32,22.2,3.79,0.0
20230722:1530,147.98,207.56,24.49,22.48,3.45,0.0
20230722:1630,30.62,58.36,14.76,21.57,3.93,0.0
20230722:1730,4.79,15.34,5.49,20.53,3.1,0.0
20230722:1830,0.0,0.0,-3.0,19.73,2.55,0.0
20230722:1930,0.0,0.0,0.0,18.91,2.48,0.0
20230722:2030,0.0,0.0,0.0,18.14,2.48,0.0
20230722:2130,0.0,0.0,0.0,17.71,2.34,0.0
20230722:2230,0.0,0.0,0.0,17.29,2.34,0.0
20230722:2330,0.0,0.0,0.0,17.05,2.21,0.0
20230723:0030,0.0,0.0,0.0,16.88,2.0,0.0
20230723:0130,0.0,0.0,0.0,16.42,1.93,0.0
20230723:0230,0.0,0.0,-2.5,15.7,2.0,0.0
20230723:0330,10.06,23.11,6.08,15.16,1.79,0.0
20230723:0430,36.63,74.3,15.41,15.29,1.31,0.0
20230723:0530,186.18,250.81,25.17,17.78,1.1,0.0
20230723:0630,391.27,475.81,34.99,19.46,1.45,0.0
20230723:0730,511.11,616.33,44.44,20.86,2.07,0.0
20230723:0830,616.11,748.17,52.82,21.62,2.48,0.0
20230723:0930,623.81,761.28,58.96,22.22,2.62,0.0
20230723:1030,491.98,593.72,61.18,22.57,2.62,0.0
20230723:1130,606.7,743.91,58.58,22.68,2.34,0.0
20230723:1230,531.66,646.6,52.2,23.35,2.48,0.0
20230723:1330,428.3,519.42,43.69,23.57,2.55,0.0
20230723:1430,272.23,337.83,34.18,23.6,2.34,0.0
20230723:1530,132.22,183.29,24.35,23.51,2.07,0.0
20230723:1630,32.95,62.64,14.62,23.01,1.45,0.0
20230723:1730,7.84,20.34,5.34,22.02,0.62,0.0
20230723:1830,0.0,0.0,-3.16,21.02,1.45,0.0
20230723:1930,0.0,0.0,0.0,19.39,2.14,0.0
20230723:2030,0.0,0.0,0.0,18.11,2.41,0.0
20230723:2130,0.0,0.0,0.0,17.5,2.48,0.0
20230723:2230,0.0,0.0,0.0,17.06,2.62,0.0
20230723:2330,0.0,0.0,0.0,16.69,2.69,0.0
20230724:0030,0.0,0.0,0.0,16.41,2.76,0.0
20230724:0130,0.0,0.0,0.0,16.43,2.9,0.0
20230724:0230,0.0,0.0,-2.67,16.75,3.1,0.0
20230724:0330,10.32,23.65,5.92,17.09,3.24,0.0
20230724:0430,35.96,73.4,15.26,17.97,3.24,0.0
20230724:0530,192.55,258.76,25.01,19.95,3.03,0.0
20230724:0630,387.3,471.52,34.83,22.21,3.1,0.0
20230724:0730,538.19,645.23,44.27,23.56,4.76,0.0
20230724:0830,636.39,769.09,52.65,24.64,4.97,0.0
20230724:0930,656.46,799.54,58.76,25.59,4.76,0.0
20230724:1030,637.05,778.47,60.97,26.21,4.48,0.0
20230724:1130,496.65,601.44,58.39,26.57,4.28,0.0
20230724:1230,470.51,572.77,52.03,26.82,4.07,0.0
20230724:1330,390.24,476.02,43.53,27.17,3.93,0.0
20230724:1430,295.42,369.69,34.04,27.12,3.66,0.0
20230724:1530,156.52,221.27,24.21,26.9,3.52,0.0
20230724:1630,35.92,67.39,14.48,26.26,2.69,0.0
20230724:1730,9.08,22.49,5.18,25.22,1.93,0.0
20230724:1830,0.0,0.0,-3.33,23.7,2.34,0.0
20230724:1930,0.0,0.0,0.0,22.62,2.97,0.0
20230724:2030,0.0,0.0,0.0,22.04,3.03,0.0
20230724:2130,0.0,0.0,0.0,21.63,3.1,0.0
20230724:2230,0.0,0.0,0.0,21.39,2.97,0.0
20230724:2330,0.0,0.0,0.0,21.13,3.1,0.0
20230725:0030,0.0,0.0,0.0,21.19,3.1,0.0
20230725:0130,0.0,0.0,0.0,21.19,3.66,0.0
20230725:0230,0.0,0.0,-2.85,21.21,3.86,0.0
20230725:0330,10.31,23.98,5.75,21.09,3.59,0.0
20230725:0430,38.33,72.93,15.1,21.08,3.03,0.0
20230725:0530,171.8,229.94,24.86,22.13,2.28,0.0
20230725:0630,337.81,416.47,34.68,23.77,2.41,0.0
20230725:0730,177.34,225.04,44.11,25.4,2.55,0.0
20230725:0830,261.47,321.94,52.46,25.22,3.38,0.0
20230725:0930,659.49,813.71,58.56,25.22,3.59,0.0
20230725:1030,674.14,836.27,60.76,26.54,3.79,0.0
20230725:1130,719.28,902.26,58.19,27.35,3.72,0.0
20230725:1230,550.58,680.72,51.85,28.02,3.45,0.0
20230725:1330,427.8,531.97,43.37,28.2,2.9,0.0
20230725:1430,295.15,374.92,33.89,28.34,1.86,0.0
20230725:1530,145.28,201.42,24.06,28.39,2.34,0.0
20230725:1630,44.56,75.24,14.33,27.83,2.41,0.0
20230725:1730,9.84,23.77,5.02,26.72,2.62,0.0
20230725:1830,0.0,0.0,-3.5,25.36,2.83,0.0
20230725:1930,0.0,0.0,0.0,22.9,2.48,0.0
20230725:2030,0.0,0.0,0.0,22.53,3.38,0.0
20230725:2130,0.0,0.0,0.0,22.49,4.76,0.0
20230725:2230,0.0,0.0,0.0,22.03,4.34,0.0
20230725:2330,0.0,0.0,0.0,21.34,3.86,0.0
20230726:0030,0.0,0.0,0.0,20.23,4.21,0.0
20230726:0130,0.0,0.0,0.0,18.93,3.93,0.0
20230726:0230,0.0,0.0,-3.03,18.01,2.9,0.0
20230726:0330,3.22,12.49,5.58,17.61,2.76,0.0
20230726:0430,15.42,30.8,14.94,17.33,3.03,0.0
20230726:0530,48.0,71.49,24.7,17.33,3.1,0.0
20230726:0630,171.39,212.28,34.52,17.62,2.83,0.0
20230726:0730,183.36,225.58,43.94,18.48,2.69,0.0
20230726:0830,239.86,289.93,52.28,19.3,2.0,0.0
20230726:0930,153.67,193.86,58.35,20.05,2.28,0.0
20230726:1030,120.64,156.64,60.54,20.02,2.34,0.0
20230726:1130,207.58,253.69,57.99,19.97,2.07,0.0
20230726:1230,87.59,117.61,51.67,20.11,2.0,0.0
20230726:1330,45.34,69.12,43.21,19.95,1.31,0.0
20230726:1430,73.5,102.64,33.74,19.92,0.9,0.0
20230726:1530,25.1,43.97,23.91,20.01,0.9,0.0
20230726:1630,32.92,55.14,14.17,19.63,0.41,0.0
20230726:1730,3.87,13.73,4.86,19.36,0.76,0.0
20230726:1830,0.0,0.0,0.0,18.86,1.24,0.0
20230726:1930,0.0,0.0,0.0,17.29,3.38,0.0
20230726:2030,0.0,0.0,0.0,16.41,4.62,0.0
20230726:2130,0.0,0.0,0.0,15.65,4.62,0.0
20230726:2230,0.0,0.0,0.0,14.99,4.55,0.0
20230726:2330,0.0,0.0,0.0,14.19,4.9,0.0
20230727:0030,0.0,0.0,0.0,13.69,4.69,0.0
20230727:0130,0.0,0.0,0.0,13.45,4.55,0.0
20230727:0230,0.0,0.0,0.0,13.32,4.69,0.0
20230727:0330,1.46,9.01,5.41,13.17,5.59,0.0
20230727:0430,45.66,71.25,14.78,13.15,5.59,0.0
20230727:0530,155.89,202.18,24.54,13.4,5.79,0.0
20230727:0630,173.05,209.15,34.36,13.98,7.03,0.0
20230727:0730,109.11,139.19,43.77,13.94,6.83,0.0
20230727:0830,217.96,256.85,52.09,13.96,6.28,0.0
20230727:0930,130.78,163.58,58.14,14.51,6.14,0.0
20230727:1030,218.74,258.16,60.32,14.61,5.52,0.0
20230727:1130,205.67,245.92,57.78,15.34,5.59,0.0
20230727:1230,270.97,317.23,51.49,15.98,5.72,0.0
20230727:1330,334.62,388.84,43.04,16.66,5.66,0.0
20230727:1430,233.37,280.51,33.57,17.23,5.52,0.0
20230727:1530,137.29,188.58,23.75,17.3,4.83,0.0
20230727:1630,28.23,55.15,14.0,17.44,4.55,0.0
20230727:1730,4.62,14.88,4.69,17.07,3.52,0.0
20230727:1830,0.0,0.0,0.0,16.38,3.03,0.0
20230727:1930,0.0,0.0,0.0,14.92,2.48,0.0
20230727:2030,0.0,0.0,0.0,14.51,2.55,0.0
20230727:2130,0.0,0.0,0.0,14.08,2.62,0.0
20230727:2230,0.0,0.0,0.0,13.67,2.55,0.0
20230727:2330,0.0,0.0,0.0,13.13,2.62,0.0
20230728:0030,0.0,0.0,0.0,12.88,2.76,0.0
20230728:0130,0.0,0.0,0.0,12.5,2.69,0.0
20230728:0230,0.0,0.0,-3.39,12.25,2.62,0.0
20230728:0330,8.75,20.96,5.24,11.99,2.62,0.0
20230728:0430,35.33,71.5,14.61,12.64,2.48,0.0
20230728:0530,199.93,263.45,24.38,15.05,2.41,0.0
20230728:0630,374.0,445.91,34.19,17.84,3.03,0.0
20230728:0730,496.24,584.18,43.6,19.23,4.07,0.0
20230728:0830,680.51,812.77,51.9,20.31,4.34,0.0
20230728:0930,775.83,938.4,57.93,21.34,4.76,0.0
20230728:1030,773.19,938.32,60.09,22.06,4.9,0.0
20230728:1130,614.03,736.67,57.56,22.62,4.9,0.0
20230728:1230,388.01,462.02,51.29,22.72,4.97,0.0
20230728:1330,136.73,175.33,42.87,22.42,4.9,0.0
20230728:1430,79.35,109.76,33.41,21.67,4.34,0.0
20230728:1530,51.62,78.54,23.59,20.98,3.66,0.0
20230728:1630,19.89,38.36,13.84,20.59,2.83,0.0
20230728:1730,0.06,5.91,4.51,20.19,2.28,0.0
20230728:1830,0.0,0.0,0.0,19.65,1.93,0.0
20230728:1930,0.0,0.0,0.0,18.81,1.79,0.0
20230728:2030,0.0,0.0,0.0,18.27,2.21,0.0
20230728:2130,0.0,0.0,0.0,17.83,2.69,0.0
20230728:2230,0.0,0.0,0.0,17.86,3.17,0.0
20230728:2330,0.0,0.0,0.0,17.59,3.31,0.0
20230729:0030,0.0,0.0,0.0,17.32,3.31,0.0
20230729:0130,0.0,0.0,0.0,17.06,3.24,0.0
20230729:0230,0.0,0.0,-3.58,16.79,3.1,0.0
20230729:0330,9.33,22.16,5.06,16.55,2.9,0.0
20230729:0430,46.94,80.67,14.44,16.73,2.55,0.0
20230729:0530,175.03,231.91,24.22,18.19,2.07,0.0
20230729:0630,226.25,278.42,34.02,20.29,2.14,0.0
20230729:0730,470.54,568.6,43.42,21.46,2.14,0.0
20230729:0830,492.69,598.83,51.7,23.18,2.34,0.0
20230729:0930,526.38,640.95,57.71,23.71,2.83,0.0
20230729:1030,487.69,592.47,59.86,24.24,2.97,0.0
20230729:1130,481.0,587.94,57.34,24.5,2.83,0.0
20230729:1230,444.43,541.29,51.09,24.92,2.83,0.0
20230729:1330,442.44,541.86,42.68,25.11,2.41,0.0
20230729:1430,296.59,370.35,33.23,25.37,2.28,0.0
20230729:1530,129.09,182.87,23.42,25.14,1.66,0.0
20230729:1630,36.66,64.56,13.66,24.77,0.9,0.0
20230729:1730,6.5,18.4,4.33,24.48,0.07,0.0
20230729:1830,0.0,0.0,0.0,22.47,0.83,0.0
20230729:1930,0.0,0.0,0.0,20.45,1.38,0.0
20230729:2030,0.0,0.0,0.0,20.49,0.97,0.0
20230729:2130,0.0,0.0,0.0,18.57,1.66,0.0
20230729:2230,0.0,0.0,0.0,18.26,1.93,0.0
20230729:2330,0.0,0.0,0.0,18.35,2.07,0.0
20230730:0030,0.0,0.0,0.0,18.57,2.14,0.0
20230730:0130,0.0,0.0,0.0,18.43,2.21,0.0
20230730:0230,0.0,0.0,-3.77,18.31,2.21,0.0
20230730:0330,6.6,18.15,4.88,18.25,2.14,0.0
20230730:0430,38.26,63.91,14.27,18.3,1.66,0.0
20230730:0530,140.99,188.75,24.05,19.63,1.24,0.0
20230730:0630,286.68,352.59,33.86,21.49,1.45,0.0
20230730:0730,429.09,516.62,43.24,23.09,3.52,0.0
20230730:0830,458.86,550.35,51.5,24.0,3.86,0.0
20230730:0930,549.89,666.93,57.48,24.45,3.31,0.0
20230730:1030,516.93,629.22,59.62,24.94,2.9,0.0
20230730:1130,426.52,519.61,57.11,25.31,2.83,0.0
20230730:1230,381.53,465.65,50.89,25.22,2.62,0.0
20230730:1330,240.27,298.8,42.5,24.97,2.48,0.0
20230730:1430,78.03,109.24,33.06,23.69,3.52,0.0
20230730:1530,40.23,63.14,23.24,21.16,2.62,0.0
20230730:1630,25.23,44.31,13.48,20.43,1.79,0.0
20230730:1730,3.48,13.06,4.14,20.05,1.45,0.0
20230730:1830,0.0,0.0,0.0,19.53,1.66,0.0
20230730:1930,0.0,0.0,0.0,19.37,1.45,0.0
20230730:2030,0.0,0.0,0.0,19.01,1.52,0.0
20230730:2130,0.0,0.0,0.0,18.75,1.52,0.0
20230730:2230,0.0,0.0,0.0,18.22,1.52,0.0
20230730:2330,0.0,0.0,0.0,18.05,1.52,0.0
20230731:0030,0.0,0.0,0.0,17.84,1.66,0.0
20230731:0130,0.0,0.0,0.0,17.76,1.66,0.0
20230731:0230,0.0,0.0,0.0,17.55,1.59,0.0
20230731:0330,3.31,12.65,4.7,17.26,1.59,0.0
20230731:0430,26.67,47.31,14.1,17.37,1.59,0.0
20230731:0530,100.37,135.68,23.88,18.27,1.66,0.0
20230731:0630,357.45,431.0,33.68,19.01,2.14,0.0
20230731:0730,513.89,614.9,43.06,20.48,2.69,0.0
20230731:0830,535.64,642.2,51.3,21.5,2.69,0.0
20230731:0930,586.0,713.15,57.26,22.21,2.28,0.0
20230731:1030,546.66,668.56,59.38,22.97,1.86,0.0
20230731:1130,641.43,792.42,56.88,23.33,2.21,0.0
20230731:1230,472.28,572.14,50.68,23.84,2.55,0.0
20230731:1330,337.09,408.62,42.3,23.89,2.41,0.0
20230731:1430,235.69,294.24,32.87,23.5,2.21,0.0
20230731:1530,112.34,156.35,23.06,22.52,2.55,0.0
20230731:1630,34.28,57.95,13.3,21.97,2.83,0.0
20230731:1730,3.9,13.85,3.94,21.2,1.72,0.0
20230731:1830,0.0,0.0,0.0,20.35,1.79,0.0
20230731:1930,0.0,0.0,0.0,19.73,1.59,0.0
20230731:2030,0.0,0.0,0.0,19.0,1.66,0.0
20230731:2130,0.0,0.0,0.0,18.15,1.86,0.0
20230731:2230,0.0,0.0,0.0,17.64,1.93,0.0
20230731:2330,0.0,0.0,0.0,17.39,1.79,0.0
20230801:0030,0.0,0.0,0.0,16.53,1.72,0.0
20230801:0130,0.0,0.0,0.0,15.79,1.52,0.0
20230801:0230,0.0,0.0,0.0,14.87,1.31,0.0
20230801:0330,6.14,17.2,4.52,14.35,1.1,0.0
20230801:0430,34.63,68.63,13.93,15.26,0.69,0.0
20230801:0530,186.16,249.28,23.71,17.95,0.69,0.0
20230801:0630,365.77,446.15,33.51,20.16,1.38,0.0
20230801:0730,539.43,652.45,42.87,21.83,2.62,0.0
20230801:0830,605.83,741.81,51.09,23.3,2.62,0.0
20230801:0930,707.96,885.39,57.02,24.41,2.55,0.0
20230801:1030,624.93,775.69,59.13,25.37,2.41,0.0
20230801:1130,617.8,767.05,56.64,25.84,2.48,0.0
20230801:1230,550.19,679.45,50.46,26.33,2.48,0.0
20230801:1330,458.33,565.26,42.1,26.65,2.34,0.0
20230801:1430,230.28,292.0,32.68,26.84,2.48,0.0
20230801:1530,131.78,186.7,22.87,26.34,2.21,0.0
20230801:1630,23.32,50.24,13.1,25.71,1.79,0.0
20230801:1730,4.42,14.92,3.74,24.46,1.38,0.0
20230801:1830,0.0,0.0,0.0,22.55,1.38,0.0
20230801:1930,0.0,0.0,0.0,20.9,1.66,0.0
20230801:2030,0.0,0.0,0.0,19.98,1.72,0.0
20230801:2130,0.0,0.0,0.0,19.15,1.66,0.0
20230801:2230,0.0,0.0,0.0,18.54,1.31,0.0
20230801:2330,0.0,0.0,0.0,18.06,1.24,0.0
20230802:0030,0.0,0.0,0.0,17.66,1.24,0.0
20230802:0130,0.0,0.0,0.0,17.36,1.24,0.0
20230802:0230,0.0,0.0,0.0,17.22,0.97,0.0
20230802:0330,3.03,12.11,4.33,16.59,1.17,0.0
20230802:0430,34.65,55.82,13.75,16.96,1.17,0.0
20230802:0530,36.98,58.5,23.54,18.21,1.24,0.0
20230802:0630,20.21,37.34,33.33,18.34,1.66,0.0
20230802:0730,66.96,94.14,42.68,18.29,1.24,0.0
20230802:0830,221.58,269.66,50.88,18.96,1.45,0.0
20230802:0930,332.52,395.48,56.79,19.37,2.9,0.0
20230802:1030,349.26,412.65,58.88,19.63,4.28,0.0
20230802:1130,492.82,580.82,56.4,19.67,4.0,0.0
20230802:1230,582.76,694.98,50.24,20.91,3.72,0.0
20230802:1330,440.06,524.36,41.9,22.02,3.66,0.0
20230802:1430,256.45,315.9,32.49,22.53,3.45,0.0
20230802:1530,128.04,179.3,22.68,22.42,3.03,0.0
20230802:1630,22.82,47.04,12.91,22.18,2.07,0.0
20230802:1730,2.5,11.33,3.54,21.6,1.1,0.0
20230802:1830,0.0,0.0,0.0,20.25,1.24,0.0
20230802:1930,0.0,0.0,0.0,18.68,1.52,0.0
20230802:2030,0.0,0.0,0.0,17.53,2.07,0.0
20230802:2130,0.0,0.0,0.0,16.86,2.21,0.0
20230802:2230,0.0,0.0,0.0,16.38,2.34,0.0
20230802:2330,0.0,0.0,0.0,15.96,2.41,0.0
20230803:0030,0.0,0.0,0.0,15.46,2.34,0.0
20230803:0130,0.0,0.0,0.0,15.06,2.28,0.0
20230803:0230,0.0,0.0,0.0,14.66,2.14,0.0
20230803:0330,5.39,16.0,4.15,14.23,2.0,0.0
20230803:0430,32.11,66.01,13.57,14.53,1.79,0.0
20230803:0530,187.56,250.22,23.36,17.11,1.86,0.0
20230803:0630,385.33,466.09,33.16,20.11,2.41,0.0
20230803:0730,551.11,664.51,42.49,22.34,3.17,0.0
20230803:0830,676.18,833.11,50.67,24.05,3.1,0.0
20230803:0930,742.51,934.23,56.54,25.5,2.9,0.0
20230803:1030,754.47,959.74,58.62,26.69,2.76,0.0
20230803:1130,717.0,910.05,56.15,27.65,2.83,0.0
20230803:1230,648.98,816.3,50.01,28.26,2.97,0.0
20230803:1330,513.11,637.9,41.69,28.55,3.1,0.0
20230803:1430,287.76,363.09,32.29,28.66,3.59,0.0
20230803:1530,136.29,197.62,22.48,27.84,2.69,0.0
20230803:1630,24.28,51.88,12.71,27.18,1.93,0.0
20230803:1730,2.42,11.33,3.33,25.91,1.38,0.0
20230803:1830,0.0,0.0,0.0,23.88,1.24,0.0
20230803:1930,0.0,0.0,0.0,22.51,1.17,0.0
20230803:2030,0.0,0.0,0.0,21.05,1.79,0.0
20230803:2130,0.0,0.0,0.0,20.27,1.52,0.0
20230803:2230,0.0,0.0,0.0,20.88,0.48,0.0
20230803:2330,0.0,0.0,0.0,20.25,0.76,0.0
20230804:0030,0.0,0.0,0.0,18.7,1.52,0.0
20230804:0130,0.0,0.0,0.0,18.52,1.59,0.0
20230804:0230,0.0,0.0,0.0,18.25,1.72,0.0
20230804:0330,3.32,12.69,3.96,18.16,1.66,0.0
20230804:0430,31.75,60.65,13.39,18.52,1.38,0.0
20230804:0530,148.99,205.55,23.19,20.94,1.1,0.0
20230804:0630,300.65,372.87,32.98,23.17,1.17,0.0
20230804:0730,425.75,521.64,42.3,23.5,1.31,0.0
20230804:0830,590.08,732.17,50.45,24.96,2.0,0.0
20230804:0930,490.74,605.21,56.3,26.66,2.41,0.0
20230804:1030,504.22,625.62,58.36,27.66,2.34,0.0
20230804:1130,495.51,617.84,55.9,28.67,2.34,0.0
20230804:1230,566.06,719.1,49.77,29.44,1.79,0.0
20230804:1330,412.5,523.18,41.47,30.36,1.24,0.0
20230804:1430,310.52,402.13,32.08,30.62,0.76,0.0
20230804:1530,130.78,194.29,22.28,30.71,0.41,0.0
20230804:1630,22.79,49.27,12.5,29.37,0.55,0.0
20230804:1730,1.34,9.18,3.11,28.49,1.1,0.0
20230804:1830,0.0,0.0,0.0,26.32,1.66,0.0
20230804:1930,0.0,0.0,0.0,24.81,2.0,0.0
20230804:2030,0.0,0.0,0.0,23.69,2.0,0.0
20230804:2130,0.0,0.0,0.0,22.99,1.86,0.0
20230804:2230,0.0,0.0,0.0,22.15,1.86,0.0
20230804:2330,0.0,0.0,0.0,21.56,2.07,0.0
20230805:0030,0.0,0.0,0.0,21.08,2.0,0.0
20230805:0130,0.0,0.0,0.0,20.69,2.07,0.0
20230805:0230,0.0,0.0,0.0,20.37,2.07,0.0
20230805:0330,4.17,14.26,3.77,20.12,2.21,0.0
20230805:0430,31.68,65.87,13.21,20.7,2.41,0.0
20230805:0530,179.04,245.07,23.01,22.77,2.69,0.0
20230805:0630,350.78,430.55,32.79,24.6,3.72,0.0
20230805:0730,511.25,621.78,42.1,26.51,4.69,0.0
20230805:0830,617.56,759.31,50.23,28.08,4.9,0.0
20230805:0930,696.41,864.62,56.05,29.25,5.52,0.0
20230805:1030,727.8,908.25,58.09,30.09,6.07,0.0
20230805:1130,680.15,845.25,55.64,30.55,6.0,0.0
20230805:1230,571.14,706.44,49.54,30.8,5.66,0.0
20230805:1330,481.72,594.64,41.25,30.7,5.59,0.0
20230805:1430,294.13,371.46,31.87,30.4,5.59,0.0
20230805:1530,146.39,213.04,22.07,29.73,5.45,0.0
20230805:1630,23.07,50.18,12.29,28.7,5.45,0.0
20230805:1730,2.61,11.74,2.89,27.48,5.72,0.0
20230805:1830,0.0,0.0,0.0,26.47,5.72,0.0
20230805:1930,0.0,0.0,0.0,25.71,6.0,0.0
20230805:2030,0.0,0.0,0.0,25.05,5.79,0.0
20230805:2130,0.0,0.0,0.0,24.36,5.31,0.0
20230805:2230,0.0,0.0,0.0,23.6,4.9,0.0
20230805:2330,0.0,0.0,0.0,22.87,4.83,0.0
20230806:0030,0.0,0.0,0.0,22.19,4.76,0.0
20230806:0130,0.0,0.0,0.0,21.62,4.69,0.0
20230806:0230,0.0,0.0,0.0,21.06,4.34,0.0
20230806:0330,4.2,14.35,3.57,20.53,4.07,0.0
20230806:0430,30.19,65.06,13.03,20.46,4.07,0.0
20230806:0530,187.22,253.56,22.83,21.46,4.41,0.0
20230806:0630,385.12,465.16,32.61,22.86,5.24,0.0
20230806:0730,558.48,666.14,41.9,23.97,6.14,0.0
20230806:0830,632.71,761.64,50.01,25.44,6.41,0.0
20230806:0930,660.31,803.25,55.8,26.58,5.86,0.0
20230806:1030,700.24,863.56,57.82,27.38,5.31,0.0
20230806:1130,675.68,836.03,55.37,28.27,5.03,0.0
20230806:1230,482.78,592.73,49.29,28.88,4.41,0.0
20230806:1330,256.67,319.52,41.02,27.83,3.38,0.0
20230806:1430,87.36,121.21,31.65,25.46,2.97,0.0
20230806:1530,39.72,62.88,21.85,22.31,2.34,0.0
20230806:1630,14.63,30.25,12.07,21.39,1.17,0.0
20230806:1730,0.6,7.32,2.67,20.92,1.31,0.0
20230806:1830,0.0,0.0,0.0,20.25,1.31,0.0
20230806:1930,0.0,0.0,0.0,19.48,1.59,0.0
20230806:2030,0.0,0.0,0.0,18.85,1.59,0.0
20230806:2130,0.0,0.0,0.0,18.42,1.86,0.0
20230806:2230,0.0,0.0,0.0,18.1,2.28,0.0
20230806:2330,0.0,0.0,0.0,17.69,2.76,0.0
20230807:0030,0.0,0.0,0.0,17.11,3.1,0.0
20230807:0130,0.0,0.0,0.0,16.32,3.79,0.0
20230807:0230,0.0,0.0,0.0,15.7,4.07,0.0
20230807:0330,0.0,2.65,3.38,15.12,4.34,0.0
20230807:0430,11.08,24.52,12.84,14.82,4.34,0.0
20230807:0530,60.66,85.35,22.65,14.8,4.69,0.0
20230807:0630,50.0,73.16,32.42,15.31,4.48,0.0
20230807:0730,76.49,103.68,41.7,15.29,3.79,0.0
20230807:0830,231.91,277.31,49.79,15.9,3.52,0.0
20230807:0930,308.91,363.63,55.54,17.14,4.34,0.0
20230807:1030,618.44,727.06,57.54,18.16,5.03,0.0
20230807:1130,646.49,764.63,55.1,19.66,4.83,0.0
20230807:1230,383.67,453.71,49.04,20.52,4.34,0.0
20230807:1330,375.31,442.18,40.79,19.5,4.14,0.0
20230807:1430,276.13,334.25,31.43,19.59,3.66,0.0
20230807:1530,129.51,179.4,21.63,19.69,3.93,0.0
20230807:1630,27.06,52.1,11.85,18.58,3.59,0.0
20230807:1730,2.36,10.91,2.44,17.83,3.31,0.0
20230807:1830,0.0,0.0,0.0,16.67,2.83,0.0
20230807:1930,0.0,0.0,0.0,16.15,3.59,0.0
20230807:2030,0.0,0.0,0.0,15.55,3.1,0.0
20230807:2130,0.0,0.0,0.0,14.84,2.83,0.0
20230807:2230,0.0,0.0,0.0,14.24,2.76,0.0
20230807:2330,0.0,0.0,0.0,14.14,2.69,0.0
20230808:0030,0.0,0.0,0.0,13.96,2.62,0.0
20230808:0130,0.0,0.0,0.0,13.73,2.55,0.0
20230808:0230,0.0,0.0,0.0,13.69,2.69,0.0
20230808:0330,1.95,10.0,3.18,13.49,2.76,0.0
20230808:0430,26.15,45.74,12.66,13.51,2.62,0.0
20230808:0530,112.37,151.97,22.46,14.09,2.48,0.0
20230808:0630,274.64,324.61,32.23,15.01,3.59,0.0
20230808:0730,400.75,462.26,41.5,16.09,4.55,0.0
20230808:0830,517.18,597.47,49.56,16.86,4.41,0.0
20230808:0930,621.97,729.09,55.28,17.7,4.14,0.0
20230808:1030,499.06,584.13,57.26,18.55,3.72,0.0
20230808:1130,506.88,596.26,54.82,18.82,3.03,0.0
20230808:1230,364.79,432.17,48.78,19.16,2.34,0.0
20230808:1330,400.62,477.32,40.55,19.16,2.07,0.0
20230808:1430,125.94,162.34,31.2,19.08,2.28,0.0
20230808:1530,70.24,102.24,21.41,17.55,1.59,0.0
20230808:1630,34.04,57.01,11.62,17.25,0.83,0.0
20230808:1730,2.41,11.0,2.2,17.06,1.03,0.0
20230808:1830,0.0,0.0,0.0,16.29,1.24,0.0
20230808:1930,0.0,0.0,0.0,15.39,1.79,0.0
20230808:2030,0.0,0.0,0.0,14.52,1.72,0.0
20230808:2130,0.0,0.0,0.0,13.49,1.72,0.0
20230808:2230,0.0,0.0,0.0,12.73,1.72,0.0
20230808:2330,0.0,0.0,0.0,12.31,1.79,0.0
20230809:0030,0.0,0.0,0.0,11.74,1.86,0.0
20230809:0130,0.0,0.0,0.0,11.18,1.93,0.0
20230809:0230,0.0,0.0,0.0,10.85,1.93,0.0
20230809:0330,3.96,13.48,2.98,10.55,1.93,0.0
20230809:0430,34.26,66.59,12.47,10.68,1.72,0.0
20230809:0530,195.37,255.86,22.28,13.22,1.45,0.0
20230809:0630,402.63,480.43,32.04,15.64,1.38,0.0
20230809:0730,577.7,688.92,41.29,17.29,2.0,0.0
20230809:0830,673.17,823.04,49.33,19.02,1.72,0.0
20230809:0930,642.91,789.28,55.02,20.24,1.52,0.0
20230809:1030,593.4,732.41,56.98,20.84,1.17,0.0
20230809:1130,369.29,450.4,54.54,21.44,1.03,0.0
20230809:1230,207.08,258.81,48.52,21.38,0.55,0.0
20230809:1330,241.78,297.64,40.31,21.26,0.28,0.0
20230809:1430,258.48,321.66,30.97,21.42,0.48,0.0
20230809:1530,100.95,145.8,21.18,21.4,0.76,0.0
20230809:1630,17.7,39.43,11.39,20.93,0.9,0.0
20230809:1730,1.25,8.76,1.96,19.77,1.03,0.0
20230809:1830,0.0,0.0,0.0,18.06,1.17,0.0
20230809:1930,0.0,0.0,0.0,19.26,0.62,0.0
20230809:2030,0.0,0.0,0.0,18.53,0.69,0.0
20230809:2130,0.0,0.0,0.0,17.75,0.69,0.0
20230809:2230,0.0,0.0,0.0,17.19,0.69,0.0
20230809:2330,0.0,0.0,0.0,16.76,0.55,0.0
20230810:0030,0.0,0.0,0.0,16.42,0.48,0.0
20230810:0130,0.0,0.0,0.0,16.41,0.21,0.0
20230810:0230,0.0,0.0,0.0,16.07,0.07,0.0
20230810:0330,3.49,12.9,2.78,15.56,0.14,0.0
20230810:0430,33.28,59.65,12.28,15.11,0.34,0.0
20230810:0530,146.19,196.35,22.09,15.34,0.14,0.0
20230810:0630,330.62,401.99,31.85,17.61,0.28,0.0
20230810:0730,406.49,489.45,41.09,18.9,0.9,0.0
20230810:0830,546.53,663.85,49.09,19.79,1.31,0.0
20230810:0930,585.58,717.69,54.75,20.7,1.52,0.0
20230810:1030,636.03,786.36,56.69,21.49,1.72,0.0
20230810:1130,662.29,815.52,54.26,22.2,2.41,0.0
20230810:1230,423.11,508.39,48.25,22.75,2.62,0.0
20230810:1330,356.88,430.11,40.06,22.6,2.76,0.0
20230810:1430,204.98,257.03,30.73,22.52,2.0,0.0
20230810:1530,85.92,122.23,20.94,21.87,1.31,0.0
20230810:1630,30.4,53.36,11.15,20.29,2.0,0.0
20230810:1730,1.1,8.39,1.71,18.63,2.9,0.0
20230810:1830,0.0,0.0,0.0,17.41,2.55,0.0
20230810:1930,0.0,0.0,0.0,16.95,2.21,0.0
20230810:2030,0.0,0.0,0.0,16.48,2.14,0.0
20230810:2130,0.0,0.0,0.0,16.03,2.21,0.0
20230810:2230,0.0,0.0,0.0,15.66,2.28,0.0
20230810:2330,0.0,0.0,0.0,15.32,2.34,0.0
20230811:0030,0.0,0.0,0.0,14.95,2.41,0.0
20230811:0130,0.0,0.0,0.0,14.77,2.62,0.0
20230811:0230,0.0,0.0,0.0,14.44,2.55,0.0
20230811:0330,0.82,7.69,2.58,14.46,2.62,0.0
20230811:0430,27.05,45.49,12.08,14.56,2.55,0.0
20230811:0530,64.9,92.59,21.9,14.9,3.1,0.0
20230811:0630,165.62,203.75,31.65,15.52,3.1,0.0
20230811:0730,247.98,294.63,40.88,16.21,2.97,0.0
20230811:0830,379.04,441.84,48.85,16.97,2.97,0.0
20230811:0930,625.68,742.63,54.48,17.87,3.1,0.0
20230811:1030,654.03,781.34,56.4,19.1,3.24,0.0
20230811:1130,511.97,604.06,53.97,19.95,3.66,0.0
20230811:1230,613.15,727.54,47.98,20.22,4.07,0.0
20230811:1330,384.88,454.64,39.8,20.69,4.55,0.0
20230811:1430,318.11,383.94,30.49,20.54,4.48,0.0
20230811:1530,135.8,190.58,20.7,20.42,4.41,0.0
20230811:1630,21.71,44.44,10.91,19.86,3.79,0.0
20230811:1730,0.89,7.94,1.46,18.85,3.24,0.0
20230811:1830,0.0,0.0,0.0,17.39,2.9,0.0
20230811:1930,0.0,0.0,0.0,16.9,2.41,0.0
20230811:2030,0.0,0.0,0.0,16.11,2.34,0.0
20230811:2130,0.0,0.0,0.0,15.7,2.28,0.0
20230811:2230,0.0,0.0,0.0,15.22,2.28,0.0
20230811:2330,0.0,0.0,0.0,14.65,2.34,0.0
20230812:0030,0.0,0.0,0.0,14.0,2.41,0.0
20230812:0130,0.0,0.0,0.0,13.51,2.48,0.0
20230812:0230,0.0,0.0,0.0,13.25,2.48,0.0
20230812:0330,2.51,11.04,2.38,13.1,2.55,0.0
20230812:0430,29.96,62.7,11.89,13.16,2.41,0.0
20230812:0530,193.37,254.67,21.71,14.69,2.07,0.0
20230812:0630,398.66,474.71,31.46,17.04,2.41,0.0
20230812:0730,572.91,683.18,40.66,18.77,2.62,0.0
20230812:0830,663.64,802.66,48.61,20.06,2.69,0.0
20230812:0930,662.01,803.91,54.2,20.83,2.69,0.0
20230812:1030,647.61,788.51,56.1,21.44,2.62,0.0
20230812:1130,416.08,501.12,53.67,21.87,2.48,0.0
20230812:1230,361.24,436.41,47.71,21.88,2.41,0.0
20230812:1330,344.97,416.13,39.54,21.94,2.41,0.0
20230812:1430,265.49,327.47,30.24,21.92,2.21,0.0
20230812:1530,159.35,224.39,20.46,21.68,1.72,0.0
20230812:1630,20.28,42.96,10.66,21.37,1.24,0.0
20230812:1730,0.47,6.99,1.21,20.16,0.83,0.0
20230812:1830,0.0,0.0,0.0,18.11,2.0,0.0
20230812:1930,0.0,0.0,0.0,16.71,2.55,0.0
20230812:2030,0.0,0.0,0.0,15.91,2.62,0.0
20230812:2130,0.0,0.0,0.0,15.36,2.62,0.0
20230812:2230,0.0,0.0,0.0,14.9,2.55,0.0
20230812:2330,0.0,0.0,0.0,14.37,2.48,0.0
20230813:0030,0.0,0.0,0.0,14.32,2.41,0.0
20230813:0130,0.0,0.0,0.0,13.81,2.41,0.0
20230813:0230,0.0,0.0,0.0,13.44,2.34,0.0
20230813:0330,1.73,9.55,2.17,13.19,2.28,0.0
20230813:0430,28.64,59.62,11.7,13.45,2.0,0.0
20230813:0530,180.26,237.31,21.52,15.36,1.52,0.0
20230813:0630,384.54,465.78,31.26,18.83,1.31,0.0
20230813:0730,557.05,680.78,40.45,20.93,1.38,0.0
20230813:0830,677.99,847.64,48.37,22.8,1.66,0.0
20230813:0930,748.58,948.55,53.92,23.91,2.0,0.0
20230813:1030,767.51,982.33,55.8,24.72,1.93,0.0
20230813:1130,734.02,936.5,53.37,25.37,1.93,0.0
20230813:1230,650.96,822.91,47.42,25.83,1.72,0.0
20230813:1330,520.82,651.1,39.28,26.12,1.45,0.0
20230813:1430,348.78,440.1,29.98,26.21,1.31,0.0
20230813:1530,151.56,219.85,20.21,26.04,1.24,0.0
20230813:1630,19.15,41.6,10.4,25.49,0.9,0.0
20230813:1730,0.31,6.66,0.95,24.45,0.69,0.0
20230813:1830,0.0,0.0,0.0,23.94,0.55,0.0
20230813:1930,0.0,0.0,0.0,22.66,0.9,0.0
20230813:2030,0.0,0.0,0.0,19.14,1.72,0.0
20230813:2130,0.0,0.0,0.0,17.29,2.0,0.0
20230813:2230,0.0,0.0,0.0,16.28,1.93,0.0
20230813:2330,0.0,0.0,0.0,15.47,1.72,0.0
20230814:0030,0.0,0.0,0.0,14.86,1.66,0.0
20230814:0130,0.0,0.0,0.0,14.36,1.66,0.0
20230814:0230,0.0,0.0,0.0,13.95,1.59,0.0
20230814:0330,1.76,9.63,1.97,13.63,1.52,0.0
20230814:0430,28.25,60.52,11.5,13.77,1.31,0.0
20230814:0530,186.92,250.3,21.32,16.93,0.9,0.0
20230814:0630,382.11,469.52,31.06,21.23,1.03,0.0
20230814:0730,544.54,676.04,40.23,23.45,1.1,0.0
20230814:0830,662.05,840.46,48.12,25.38,1.45,0.0
20230814:0930,727.16,945.54,53.64,26.66,1.31,0.0
20230814:1030,737.69,977.37,55.49,27.57,0.9,0.0
20230814:1130,704.44,934.61,53.07,28.28,0.69,0.0
20230814:1230,624.99,813.41,47.14,28.77,0.83,0.0
20230814:1330,458.77,581.03,39.01,29.0,1.03,0.0
20230814:1430,311.9,399.35,29.73,28.93,1.17,0.0
20230814:1530,136.57,201.62,19.95,28.63,1.31,0.0
20230814:1630,18.14,40.02,10.15,27.51,1.17,0.0
20230814:1730,0.01,5.87,0.68,26.24,1.52,0.0
20230814:1830,0.0,0.0,0.0,23.74,2.07,0.0
20230814:1930,0.0,0.0,0.0,22.05,2.62,0.0
20230814:2030,0.0,0.0,0.0,20.85,2.62,0.0
20230814:2130,0.0,0.0,0.0,19.73,2.41,0.0
20230814:2230,0.0,0.0,0.0,18.46,2.14,0.0
20230814:2330,0.0,0.0,0.0,17.11,1.79,0.0
20230815:0030,0.0,0.0,0.0,16.13,1.72,0.0
20230815:0130,0.0,0.0,0.0,15.34,1.79,0.0
20230815:0230,0.0,0.0,0.0,14.68,1.93,0.0
20230815:0330,1.57,9.26,1.76,14.11,1.79,0.0
20230815:0430,28.01,61.14,11.3,14.38,1.45,0.0
20230815:0530,193.62,258.25,21.13,16.73,1.17,0.0
20230815:0630,393.07,479.25,30.86,21.35,2.0,0.0
20230815:0730,567.97,689.56,40.01,23.31,3.1,0.0
20230815:0830,696.31,856.18,47.87,25.02,4.0,0.0
20230815:0930,771.84,961.15,53.36,26.39,4.48,0.0
20230815:1030,791.63,991.7,55.18,27.47,4.76,0.0
20230815:1130,756.5,946.25,52.76,28.24,4.83,0.0
20230815:1230,663.41,823.5,46.85,28.75,4.76,0.0
20230815:1330,524.5,646.92,38.74,28.96,4.48,0.0
20230815:1430,336.83,423.3,29.46,28.85,4.14,0.0
20230815:1530,141.27,202.61,19.69,28.38,3.52,0.0
20230815:1630,30.76,54.33,9.89,27.32,3.03,0.0
20230815:1730,0.1,6.12,0.41,25.64,2.97,0.0
20230815:1830,0.0,0.0,0.0,24.4,2.83,0.0
20230815:1930,0.0,0.0,0.0,23.59,2.83,0.0
20230815:2030,0.0,0.0,0.0,22.62,2.69,0.0
20230815:2130,0.0,0.0,0.0,21.76,2.48,0.0
20230815:2230,0.0,0.0,0.0,20.87,2.41,0.0
20230815:2330,0.0,0.0,0.0,20.04,2.34,0.0
20230816:0030,0.0,0.0,0.0,19.45,2.34,0.0
20230816:0130,0.0,0.0,0.0,19.03,2.28,0.0
20230816:0230,0.0,0.0,0.0,18.66,2.34,0.0
20230816:0330,1.83,9.92,1.55,18.48,2.34,0.0
20230816:0430,38.59,62.79,11.1,18.52,2.21,0.0
20230816:0530,112.3,149.13,20.93,19.67,2.07,0.0
20230816:0630,222.63,276.21,30.65,21.84,2.14,0.0
20230816:0730,289.96,355.7,39.79,24.04,3.03,0.0
20230816:0830,353.81,433.15,47.62,25.38,3.24,0.0
20230816:0930,381.4,468.22,53.07,26.39,3.79,0.0
20230816:1030,406.84,499.12,54.87,27.26,3.86,0.0
20230816:1130,416.56,513.96,52.45,27.81,3.52,0.0
20230816:1230,359.96,448.05,46.55,28.27,2.83,0.0
20230816:1330,236.66,301.11,38.46,28.47,1.93,0.0
20230816:1430,138.24,184.28,29.2,28.2,1.1,0.0
20230816:1530,68.81,101.22,19.43,27.71,0.48,0.0
20230816:1630,22.35,41.62,9.62,27.3,0.83,0.0
20230816:1730,0.0,3.51,0.14,25.5,0.97,0.0
20230816:1830,0.0,0.0,0.0,24.3,0.9,0.0
20230816:1930,0.0,0.0,0.0,21.73,2.07,0.0
20230816:2030,0.0,0.0,0.0,20.89,1.86,0.0
20230816:2130,0.0,0.0,0.0,20.05,1.72,0.0
20230816:2230,0.0,0.0,0.0,19.55,1.45,0.0
20230816:2330,0.0,0.0,0.0,20.01,1.03,0.0
20230817:0030,0.0,0.0,0.0,20.58,0.62,0.0
20230817:0130,0.0,0.0,0.0,20.01,0.21,0.0
20230817:0230,0.0,0.0,0.0,19.64,0.28,0.0
20230817:0330,0.78,7.69,1.34,18.84,0.69,0.0
20230817:0430,29.8,56.12,10.9,17.94,0.9,0.0
20230817:0530,151.55,203.44,20.73,19.65,0.62,0.0
20230817:0630,348.38,431.35,30.45,22.6,0.83,0.0
20230817:0730,498.16,622.17,39.56,24.81,0.83,0.0
20230817:0830,398.71,493.92,47.37,26.37,1.38,0.0
20230817:0930,460.76,572.73,52.78,26.9,1.86,0.0
20230817:1030,468.15,580.59,54.55,27.42,2.14,0.0
20230817:1130,475.47,588.69,52.13,27.72,2.34,0.0
20230817:1230,414.93,512.6,46.25,27.88,2.48,0.0
20230817:1330,337.88,417.8,38.17,27.85,2.62,0.0
20230817:1430,209.0,268.4,28.92,27.86,2.07,0.0
20230817:1530,94.32,138.73,19.16,27.26,1.86,0.0
20230817:1630,22.11,42.2,9.35,26.58,1.24,0.0
20230817:1730,0.0,0.0,-0.14,25.5,1.52,0.0
20230817:1830,0.0,0.0,0.0,24.1,1.59,0.0
20230817:1930,0.0,0.0,0.0,23.67,2.48,0.0
20230817:2030,0.0,0.0,0.0,22.98,2.62,0.0
20230817:2130,0.0,0.0,0.0,22.11,2.48,0.0
20230817:2230,0.0,0.0,0.0,21.17,2.28,0.0
20230817:2330,0.0,0.0,0.0,20.16,1.93,0.0
20230818:0030,0.0,0.0,0.0,19.07,1.79,0.0
20230818:0130,0.0,0.0,0.0,18.14,1.86,0.0
20230818:0230,0.0,0.0,0.0,17.51,2.0,0.0
20230818:0330,0.7,7.48,1.13,17.22,2.14,0.0
20230818:0430,25.56,56.52,10.7,17.19,2.14,0.0
20230818:0530,179.53,241.37,20.53,19.1,1.79,0.0
20230818:0630,376.15,458.29,30.24,21.81,2.28,0.0
20230818:0730,543.54,658.1,39.34,23.44,3.17,0.0
20230818:0830,652.38,801.44,47.11,25.06,3.52,0.0
20230818:0930,731.27,910.4,52.48,26.51,4.0,0.0
20230818:1030,623.1,769.47,54.23,27.75,4.41,0.0
20230818:1130,590.98,728.1,51.81,28.33,4.41,0.0
20230818:1230,465.12,569.57,45.94,28.7,4.41,0.0
20230818:1330,400.71,492.21,37.89,28.76,4.07,0.0
20230818:1430,267.19,338.4,28.65,28.8,3.72,0.0
20230818:1530,100.17,148.52,18.89,28.51,3.17,0.0
20230818:1630,22.77,43.1,9.07,27.61,2.76,0.0
20230818:1730,0.0,0.0,-0.42,26.19,2.48,0.0
20230818:1830,0.0,0.0,0.0,24.66,2.76,0.0
20230818:1930,0.0,0.0,0.0,24.07,3.03,0.0
20230818:2030,0.0,0.0,0.0,23.32,2.97,0.0
20230818:2130,0.0,0.0,0.0,22.64,2.83,0.0
20230818:2230,0.0,0.0,0.0,22.11,2.62,0.0
20230818:2330,0.0,0.0,0.0,21.39,2.48,0.0
20230819:0030,0.0,0.0,0.0,20.65,2.41,0.0
20230819:0130,0.0,0.0,0.0,20.22,2.41,0.0
20230819:0230,0.0,0.0,0.0,19.66,2.34,0.0
20230819:0330,0.43,6.86,0.91,19.23,2.14,0.0
20230819:0430,25.44,55.83,10.5,18.97,2.0,0.0
20230819:0530,163.49,221.82,20.33,20.34,1.86,0.0
20230819:0630,374.16,456.84,30.03,22.75,2.62,0.0
20230819:0730,517.77,629.96,39.11,24.63,3.03,0.0
20230819:0830,655.09,813.18,46.85,26.18,3.17,0.0
20230819:0930,719.43,909.24,52.18,27.71,3.17,0.0
20230819:1030,744.88,954.63,53.9,28.89,2.97,0.0
20230819:1130,652.81,830.09,51.48,29.7,2.76,0.0
20230819:1230,543.52,683.52,45.63,30.08,2.69,0.0
20230819:1330,385.81,482.89,37.59,30.14,2.41,0.0
20230819:1430,230.8,298.02,28.36,29.43,1.45,0.0
20230819:1530,96.87,141.4,18.61,28.35,0.83,0.0
20230819:1630,17.89,36.61,8.79,27.39,1.1,0.0
20230819:1730,0.0,0.0,-0.71,26.38,0.76,0.0
20230819:1830,0.0,0.0,0.0,24.87,0.97,0.0
20230819:1930,0.0,0.0,0.0,23.19,2.0,0.0
20230819:2030,0.0,0.0,0.0,22.65,2.48,0.0
20230819:2130,0.0,0.0,0.0,22.25,2.55,0.0
20230819:2230,0.0,0.0,0.0,21.42,2.07,0.0
20230819:2330,0.0,0.0,0.0,20.31,1.52,0.0
20230820:0030,0.0,0.0,0.0,20.48,0.97,0.0
20230820:0130,0.0,0.0,0.0,20.32,0.69,0.0
20230820:0230,0.0,0.0,0.0,19.58,0.69,0.0
20230820:0330,0.3,6.53,0.7,18.98,0.76,0.0
20230820:0430,25.3,56.24,10.3,17.87,0.97,0.0
20230820:0530,176.92,240.51,20.13,19.82,0.55,0.0
20230820:0630,343.98,429.76,29.82,23.38,0.28,0.0
20230820:0730,514.74,649.47,38.88,24.7,0.28,0.0
20230820:0830,635.22,823.01,46.58,26.28,0.48,0.0
20230820:0930,667.06,879.69,51.88,27.63,0.41,0.0
20230820:1030,657.54,869.44,53.57,28.44,0.41,0.0
20230820:1130,599.81,776.24,51.15,29.05,0.9,0.0
20230820:1230,571.75,729.45,45.32,29.2,1.52,0.0
20230820:1330,391.19,488.9,37.3,29.02,1.79,0.0
20230820:1430,204.89,264.36,28.08,27.93,1.45,0.0
20230820:1530,102.35,153.99,18.33,27.52,0.21,0.0
20230820:1630,13.73,30.29,8.51,27.22,1.24,0.0
20230820:1730,0.0,0.0,-1.0,25.94,2.07,0.0
20230820:1830,0.0,0.0,0.0,24.3,2.28,0.0
20230820:1930,0.0,0.0,0.0,22.73,2.34,0.0
20230820:2030,0.0,0.0,0.0,21.93,2.28,0.0
20230820:2130,0.0,0.0,0.0,21.3,2.14,0.0
20230820:2230,0.0,0.0,0.0,20.74,2.0,0.0
20230820:2330,0.0,0.0,0.0,20.2,2.0,0.0
20230821:0030,0.0,0.0,0.0,19.8,2.0,0.0
20230821:0130,0.0,0.0,0.0,19.6,2.0,0.0
20230821:0230,0.0,0.0,0.0,19.51,2.0,0.0
20230821:0330,0.09,5.99,0.49,19.23,2.0,0.0
20230821:0430,24.68,54.53,10.09,19.23,1.93,0.0
20230821:0530,162.6,221.78,19.93,20.88,1.79,0.0
20230821:0630,323.39,396.83,29.61,23.16,2.28,0.0
20230821:0730,477.11,577.55,38.65,24.32,3.17,0.0
20230821:0830,548.84,669.53,46.32,25.52,3.31,0.0
20230821:0930,674.96,839.91,51.58,26.5,3.38,0.0
20230821:1030,718.69,903.31,53.24,27.54,3.52,0.0
20230821:1130,701.14,883.78,50.82,28.38,3.45,0.0
20230821:1230,615.87,769.75,45.0,28.89,3.45,0.0
20230821:1330,487.55,604.39,37.0,29.05,3.45,0.0
20230821:1430,268.0,339.8,27.79,28.94,3.79,0.0
20230821:1530,119.5,178.91,18.04,28.25,3.79,0.0
20230821:1630,14.14,30.59,8.22,27.43,3.1,0.0
20230821:1730,0.0,0.0,-1.29,26.26,2.62,0.0
20230821:1830,0.0,0.0,0.0,24.66,2.48,0.0
20230821:1930,0.0,0.0,0.0,23.81,2.48,0.0
20230821:2030,0.0,0.0,0.0,23.19,2.76,0.0
20230821:2130,0.0,0.0,0.0,22.64,2.69,0.0
20230821:2230,0.0,0.0,0.0,22.02,2.41,0.0
20230821:2330,0.0,0.0,0.0,21.6,2.34,0.0
20230822:0030,0.0,0.0,0.0,21.09,2.28,0.0
20230822:0130,0.0,0.0,0.0,20.44,2.21,0.0
20230822:0230,0.0,0.0,0.0,19.98,2.07,0.0
20230822:0330,0.0,5.0,0.27,19.83,1.86,0.0
20230822:0430,20.26,45.46,9.88,19.58,1.52,0.0
20230822:0530,129.05,177.79,19.72,20.69,1.17,0.0
20230822:0630,330.02,405.15,29.39,21.95,1.31,0.0
20230822:0730,428.67,522.9,38.41,23.43,1.31,0.0
20230822:0830,563.35,698.28,46.05,24.64,1.59,0.0
20230822:0930,697.4,881.79,51.27,25.88,2.21,0.0
20230822:1030,647.05,808.28,52.91,26.97,2.9,0.0
20230822:1130,647.69,804.65,50.48,27.35,3.52,0.0
20230822:1230,565.98,695.86,44.68,27.55,4.0,0.0
20230822:1330,279.14,344.73,36.69,27.69,4.0,0.0
20230822:1430,264.78,333.49,27.49,27.18,3.45,0.0
20230822:1530,108.6,161.66,17.75,26.92,3.1,0.0
20230822:1630,14.96,31.21,7.93,26.35,2.41,0.0
20230822:1730,0.0,0.0,-1.59,25.14,1.79,0.0
20230822:1830,0.0,0.0,0.0,23.35,1.52,0.0
20230822:1930,0.0,0.0,0.0,22.66,1.1,0.0
20230822:2030,0.0,0.0,0.0,20.95,1.59,0.0
20230822:2130,0.0,0.0,0.0,19.82,1.66,0.0
20230822:2230,0.0,0.0,0.0,18.97,1.59,0.0
20230822:2330,0.0,0.0,0.0,18.65,1.38,0.0
20230823:0030,0.0,0.0,0.0,18.43,1.24,0.0
20230823:0130,0.0,0.0,0.0,17.83,1.31,0.0
20230823:0230,0.0,0.0,0.0,17.36,1.72,0.0
20230823:0330,0.0,4.26,0.05,17.44,1.52,0.0
20230823:0430,4.46,14.69,9.68,18.02,1.17,0.0
20230823:0530,11.77,25.87,19.52,18.65,1.79,0.0
20230823:0630,124.36,160.32,29.18,19.0,1.66,0.0
20230823:0730,278.25,336.54,38.17,20.7,2.0,0.0
20230823:0830,398.42,479.73,45.78,22.04,2.21,0.0
20230823:0930,327.69,399.87,50.96,23.22,1.59,0.0
20230823:1030,107.64,144.57,52.57,23.75,0.34,0.0
20230823:1130,133.26,174.13,50.14,23.14,1.03,0.0
20230823:1230,173.24,218.83,44.35,23.05,1.72,0.0
20230823:1330,199.36,249.68,36.38,23.37,1.52,0.0
20230823:1430,104.96,141.77,27.2,23.89,0.97,0.0
20230823:1530,52.85,83.12,17.46,23.71,1.03,0.0
20230823:1630,9.88,23.44,7.64,22.2,1.24,0.0
20230823:1730,0.0,0.0,-1.9,21.82,0.41,0.0
20230823:1830,0.0,0.0,0.0,21.68,0.07,0.0
20230823:1930,0.0,0.0,0.0,20.58,1.66,0.0
20230823:2030,0.0,0.0,0.0,20.03,1.66,0.0
20230823:2130,0.0,0.0,0.0,19.48,1.59,0.0
20230823:2230,0.0,0.0,0.0,19.12,1.59,0.0
20230823:2330,0.0,0.0,0.0,18.73,1.52,0.0
20230824:0030,0.0,0.0,0.0,18.38,1.52,0.0
20230824:0130,0.0,0.0,0.0,18.11,1.31,0.0
20230824:0230,0.0,0.0,0.0,17.35,1.24,0.0
20230824:0330,0.0,0.0,-0.16,17.01,1.03,0.0
20230824:0430,21.21,46.47,9.47,16.53,1.1,0.0
20230824:0530,137.78,186.58,19.31,18.06,0.83,0.0
20230824:0630,248.52,304.75,28.96,19.47,0.76,0.0
20230824:0730,442.97,535.71,37.93,20.17,1.03,0.0
20230824:0830,509.14,619.17,45.51,21.75,1.45,0.0
20230824:0930,452.52,549.52,50.65,22.79,2.0,0.0
20230824:1030,593.17,730.3,52.23,23.61,2.14,0.0
20230824:1130,542.92,667.91,49.79,24.45,1.93,0.0
20230824:1230,319.61,390.73,44.02,24.74,1.86,0.0
20230824:1330,350.45,427.23,36.07,24.7,2.07,0.0
20230824:1430,245.33,308.44,26.89,24.74,2.07,0.0
20230824:1530,111.8,165.54,17.16,24.58,2.14,0.0
20230824:1630,10.08,23.9,7.34,24.1,2.07,0.0
20230824:1730,0.0,0.0,-2.2,22.81,1.66,0.0
20230824:1830,0.0,0.0,0.0,21.09,1.66,0.0
20230824:1930,0.0,0.0,0.0,20.06,2.07,0.0
20230824:2030,0.0,0.0,0.0,19.25,1.79,0.0
20230824:2130,0.0,0.0,0.0,19.12,1.1,0.0
20230824:2230,0.0,0.0,0.0,18.27,1.24,0.0
20230824:2330,0.0,0.0,0.0,17.8,1.03,0.0
20230825:0030,0.0,0.0,0.0,17.96,0.83,0.0
20230825:0130,0.0,0.0,0.0,16.6,1.03,0.0
20230825:0230,0.0,0.0,0.0,15.6,1.1,0.0
20230825:0330,0.0,0.0,-0.38,15.5,0.97,0.0
20230825:0430,23.41,52.63,9.26,15.3,0.9,0.0
20230825:0530,170.0,227.97,19.1,16.68,0.55,0.0
20230825:0630,356.43,436.24,28.74,20.2,0.69,0.0
20230825:0730,510.91,627.57,37.69,21.74,0.97,0.0
20230825:0830,640.53,804.21,45.23,23.56,1.31,0.0
20230825:0930,694.0,897.73,50.33,25.13,0.83,0.0
20230825:1030,727.67,956.68,51.88,26.36,0.83,0.0
20230825:1130,624.75,802.94,49.45,27.38,1.24,0.0
20230825:1230,488.62,614.23,43.69,27.98,1.59,0.0
20230825:1330,370.75,463.8,35.75,28.22,1.66,0.0
20230825:1430,255.27,325.78,26.59,28.17,1.93,0.0
20230825:1530,107.85,161.4,16.86,27.78,2.0,0.0
20230825:1630,12.43,27.66,7.03,26.93,1.45,0.0
20230825:1730,0.0,0.0,-2.51,25.25,1.24,0.0
20230825:1830,0.0,0.0,0.0,23.47,1.31,0.0
20230825:1930,0.0,0.0,0.0,23.28,0.83,0.0
20230825:2030,0.0,0.0,0.0,20.66,1.59,0.0
20230825:2130,0.0,0.0,0.0,20.23,1.79,0.0
20230825:2230,0.0,0.0,0.0,20.15,2.07,0.0
20230825:2330,0.0,0.0,0.0,19.81,2.14,0.0
20230826:0030,0.0,0.0,0.0,19.51,2.21,0.0
20230826:0130,0.0,0.0,0.0,19.19,2.21,0.0
20230826:0230,0.0,0.0,0.0,18.94,2.14,0.0
20230826:0330,0.0,0.0,-0.6,18.65,2.07,0.0
20230826:0430,22.37,51.47,9.05,18.33,2.07,0.0
20230826:0530,171.98,232.16,18.89,19.8,1.66,0.0
20230826:0630,337.04,415.17,28.52,23.06,1.45,0.0
20230826:0730,530.65,656.5,37.45,25.25,1.86,0.0
20230826:0830,651.6,828.4,44.95,27.35,1.86,0.0
20230826:0930,715.46,929.69,50.01,28.8,1.79,0.0
20230826:1030,727.64,952.5,51.54,29.83,1.86,0.0
20230826:1130,641.45,829.1,49.1,30.53,1.93,0.0
20230826:1230,590.16,756.41,43.35,30.75,1.93,0.0
20230826:1330,437.89,553.11,35.43,30.79,1.93,0.0
20230826:1430,294.58,380.06,26.28,30.54,1.59,0.0
20230826:1530,111.14,169.6,16.56,30.25,1.52,0.0
20230826:1630,11.33,26.25,6.73,29.16,1.31,0.0
20230826:1730,0.0,0.0,-2.83,27.57,1.72,0.0
20230826:1830,0.0,0.0,0.0,25.72,1.86,0.0
20230826:1930,0.0,0.0,0.0,23.98,1.66,0.0
20230826:2030,0.0,0.0,0.0,22.39,1.24,0.0
20230826:2130,0.0,0.0,0.0,22.09,0.83,0.0
20230826:2230,0.0,0.0,0.0,21.23,0.9,0.0
20230826:2330,0.0,0.0,0.0,20.28,1.03,0.0
20230827:0030,0.0,0.0,0.0,19.69,1.03,0.0
20230827:0130,0.0,0.0,0.0,18.9,1.38,0.0
20230827:0230,0.0,0.0,0.0,18.75,1.72,0.0
20230827:0330,0.0,0.0,-0.82,18.6,1.66,0.0
20230827:0430,22.21,51.8,8.84,18.27,1.52,0.0
20230827:0530,172.7,234.09,18.68,20.49,1.38,0.0
20230827:0630,371.21,457.84,28.3,24.6,2.28,0.0
20230827:0730,538.33,667.44,37.2,26.88,2.48,0.0
20230827:0830,645.36,828.06,44.67,28.76,1.72,0.0
20230827:0930,703.46,927.65,49.69,30.24,1.38,0.0
20230827:1030,723.6,959.57,51.19,31.41,1.66,0.0
20230827:1130,668.39,876.69,48.74,32.16,1.86,0.0
20230827:1230,509.59,650.58,43.01,32.56,2.14,0.0
20230827:1330,440.59,559.52,35.1,32.61,2.28,0.0
20230827:1430,293.66,380.7,25.96,32.45,2.41,0.0
20230827:1530,109.64,171.34,16.25,31.99,2.41,0.0
20230827:1630,10.64,25.34,6.42,30.6,2.0,0.0
20230827:1730,0.0,0.0,-3.14,28.68,2.28,0.0
20230827:1830,0.0,0.0,0.0,26.67,2.28,0.0
20230827:1930,0.0,0.0,0.0,25.1,1.86,0.0
20230827:2030,0.0,0.0,0.0,23.52,1.79,0.0
20230827:2130,0.0,0.0,0.0,22.29,1.79,0.0
20230827:2230,0.0,0.0,0.0,21.6,2.07,0.0
20230827:2330,0.0,0.0,0.0,21.11,2.21,0.0
20230828:0030,0.0,0.0,0.0,20.67,2.21,0.0
20230828:0130,0.0,0.0,0.0,20.2,2.14,0.0
20230828:0230,0.0,0.0,0.0,19.69,2.07,0.0
20230828:0330,0.0,0.0,-1.04,19.38,1.86,0.0
20230828:0430,21.99,52.09,8.63,18.95,1.86,0.0
20230828:0530,176.64,238.76,18.47,20.17,1.38,0.0
20230828:0630,368.0,457.41,28.08,24.23,1.1,0.0
20230828:0730,522.11,666.16,36.96,27.77,0.62,0.0
20230828:0830,627.0,828.05,44.39,29.58,0.41,0.0
20230828:0930,661.44,887.42,49.37,30.7,0.41,0.0
20230828:1030,677.94,906.28,50.83,31.56,0.9,0.0
20230828:1130,603.45,784.64,48.38,32.3,1.66,0.0
20230828:1230,603.11,783.38,42.66,32.58,1.86,0.0
20230828:1330,448.56,573.32,34.77,32.95,1.93,0.0
20230828:1430,282.66,368.31,25.65,32.83,2.0,0.0
20230828:1530,98.38,154.13,15.94,32.25,1.72,0.0
20230828:1630,10.35,24.93,6.11,30.87,1.66,0.0
20230828:1730,0.0,0.0,-3.46,28.93,2.07,0.0
20230828:1830,0.0,0.0,0.0,26.99,2.14,0.0
20230828:1930,0.0,0.0,0.0,26.31,2.97,0.0
20230828:2030,0.0,0.0,0.0,25.75,3.03,0.0
20230828:2130,0.0,0.0,0.0,25.13,2.9,0.0
20230828:2230,0.0,0.0,0.0,24.3,2.69,0.0
20230828:2330,0.0,0.0,0.0,23.55,2.69,0.0
20230829:0030,0.0,0.0,0.0,23.03,2.83,0.0
20230829:0130,0.0,0.0,0.0,22.67,2.76,0.0
20230829:0230,0.0,0.0,0.0,21.92,2.55,0.0
20230829:0330,0.0,0.0,-1.27,20.94,2.28,0.0
20230829:0430,21.3,52.0,8.41,20.1,2.21,0.0
20230829:0530,180.84,244.52,18.25,20.94,1.93,0.0
20230829:0630,375.54,463.17,27.85,24.44,2.14,0.0
20230829:0730,549.28,678.85,36.71,26.88,2.9,0.0
20230829:0830,670.24,846.95,44.1,29.09,3.17,0.0
20230829:0930,737.6,950.03,49.04,30.88,3.31,0.0
20230829:1030,752.92,976.96,50.48,32.03,3.45,0.0
20230829:1130,716.94,926.08,48.02,32.79,3.66,0.0
20230829:1230,575.44,729.62,42.32,33.15,3.93,0.0
20230829:1330,285.85,360.12,34.44,32.33,4.62,0.0
20230829:1430,276.75,353.68,25.33,31.22,4.9,0.0
20230829:1530,55.06,87.89,15.62,30.42,5.52,0.0
20230829:1630,11.31,26.17,5.79,28.88,4.28,0.0
20230829:1730,0.0,0.0,-3.79,27.49,3.38,0.0
20230829:1830,0.0,0.0,0.0,26.08,3.17,0.0
20230829:1930,0.0,0.0,0.0,25.68,2.55,0.0
20230829:2030,0.0,0.0,0.0,24.73,2.62,0.0
20230829:2130,0.0,0.0,0.0,23.87,2.62,0.0
20230829:2230,0.0,0.0,0.0,23.07,2.55,0.0
20230829:2330,0.0,0.0,0.0,22.45,2.34,0.0
20230830:0030,0.0,0.0,0.0,21.84,2.21,0.0
20230830:0130,0.0,0.0,0.0,21.04,1.66,0.0
20230830:0230,0.0,0.0,0.0,20.08,1.31,0.0
20230830:0330,0.0,0.0,-1.49,19.23,1.31,0.0
20230830:0430,23.24,46.32,8.2,19.12,1.52,0.0
20230830:0530,134.59,182.98,18.04,20.24,1.17,0.0
20230830:0630,310.2,382.5,27.62,22.56,1.1,0.0
20230830:0730,416.14,504.31,36.45,21.78,1.38,0.0
20230830:0830,446.45,544.2,43.81,22.88,1.52,0.0
20230830:0930,685.7,873.43,48.71,23.82,1.1,0.0
20230830:1030,619.42,801.57,50.12,25.18,0.28,0.0
20230830:1130,585.68,757.79,47.66,26.0,0.14,0.0
20230830:1230,398.22,499.86,41.96,26.65,0.48,0.0
20230830:1330,103.09,139.84,34.11,25.31,0.76,0.0
20230830:1430,87.04,119.92,25.0,22.55,1.1,0.0
20230830:1530,56.22,86.49,15.3,22.14,0.28,0.0
20230830:1630,8.03,20.63,5.47,21.92,1.66,0.0
20230830:1730,0.0,0.0,-4.11,21.2,1.72,0.0
20230830:1830,0.0,0.0,0.0,20.56,1.45,0.0
20230830:1930,0.0,0.0,0.0,20.02,0.83,0.0
20230830:2030,0.0,0.0,0.0,19.47,1.24,0.0
20230830:2130,0.0,0.0,0.0,18.51,1.31,0.0
20230830:2230,0.0,0.0,0.0,17.89,1.59,0.0
20230830:2330,0.0,0.0,0.0,17.61,2.0,0.0
20230831:0030,0.0,0.0,0.0,17.27,2.28,0.0
20230831:0130,0.0,0.0,0.0,17.23,2.21,0.0
20230831:0230,0.0,0.0,0.0,16.89,2.14,0.0
20230831:0330,0.0,0.0,-1.71,16.7,2.0,0.0
20230831:0430,18.56,42.39,7.98,16.44,1.93,0.0
20230831:0530,151.64,202.84,17.82,17.0,1.52,0.0
20230831:0630,386.41,465.41,27.39,18.46,1.45,0.0
20230831:0730,549.94,662.05,36.2,19.3,1.72,0.0
20230831:0830,574.4,692.97,43.52,20.69,2.28,0.0
20230831:0930,566.45,685.74,48.38,21.56,2.21,0.0
20230831:1030,521.25,627.99,49.76,22.12,2.14,0.0
20230831:1130,483.88,584.83,47.29,22.46,2.0,0.0
20230831:1230,378.87,455.94,41.61,22.86,2.07,0.0
20230831:1330,386.51,466.67,33.77,22.97,2.21,0.0
20230831:1430,178.61,226.89,24.68,22.94,2.76,0.0
20230831:1530,80.66,122.88,14.98,21.94,2.97,0.0
20230831:1630,6.83,18.69,5.15,21.14,2.62,0.0
20230831:1730,0.0,0.0,0.0,20.21,1.86,0.0
20230831:1830,0.0,0.0,0.0,19.2,1.52,0.0
20230831:1930,0.0,0.0,0.0,18.63,2.21,0.0
20230831:2030,0.0,0.0,0.0,18.05,1.86,0.0
20230831:2130,0.0,0.0,0.0,17.63,1.59,0.0
20230831:2230,0.0,0.0,0.0,17.31,1.52,0.0
20230831:2330,0.0,0.0,0.0,16.73,1.59,0.0
20230901:0030,0.0,0.0,0.0,16.32,1.66,0.0
20230901:0130,0.0,0.0,0.0,15.86,1.72,0.0
20230901:0230,0.0,0.0,0.0,15.73,1.66,0.0
20230901:0330,0.0,0.0,-1.94,15.54,1.72,0.0
20230901:0430,15.77,36.01,7.77,15.42,1.59,0.0
20230901:0530,93.87,130.21,17.6,15.92,1.24,0.0
20230901:0630,350.19,419.11,27.16,17.09,1.31,0.0
20230901:0730,493.61,591.91,35.95,18.36,1.17,0.0
20230901:0830,612.09,745.26,43.23,19.56,1.45,0.0
20230901:0930,589.72,714.44,48.05,20.9,2.21,0.0
20230901:1030,650.43,794.29,49.39,21.72,2.41,0.0
20230901:1130,694.79,857.69,46.92,22.44,2.55,0.0
20230901:1230,431.7,516.21,41.25,22.96,3.1,0.0
20230901:1330,351.89,420.91,33.43,22.31,3.38,0.0
20230901:1430,195.39,244.84,24.35,21.83,3.45,0.0
20230901:1530,73.4,113.85,14.66,21.55,2.9,0.0
20230901:1630,4.74,15.3,4.82,21.05,1.93,0.0
20230901:1730,0.0,0.0,0.0,20.13,1.38,0.0
20230901:1830,0.0,0.0,0.0,18.74,1.1,0.0
20230901:1930,0.0,0.0,0.0,17.56,1.52,0.0
20230901:2030,0.0,0.0,0.0,16.68,1.31,0.0
20230901:2130,0.0,0.0,0.0,16.42,1.45,0.0
20230901:2230,0.0,0.0,0.0,16.73,1.52,0.0
20230901:2330,0.0,0.0,0.0,16.79,1.38,0.0
20230902:0030,0.0,0.0,0.0,16.89,1.31,0.0
20230902:0130,0.0,0.0,0.0,16.81,1.45,0.0
20230902:0230,0.0,0.0,0.0,16.62,1.59,0.0
20230902:0330,0.0,0.0,-2.16,16.32,1.79,0.0
20230902:0430,20.37,46.75,7.55,15.66,1.93,0.0
20230902:0530,143.39,191.52,17.38,16.34,1.45,0.0
20230902:0630,239.92,291.8,26.93,18.44,1.38,0.0
20230902:0730,255.47,309.02,35.69,19.9,1.52,0.0
20230902:0830,411.9,496.44,42.94,21.16,1.72,0.0
20230902:0930,648.99,799.22,47.71,22.84,2.34,0.0
20230902:1030,758.5,946.03,49.03,24.06,3.1,0.0
20230902:1130,659.03,809.3,46.55,25.04,3.72,0.0
20230902:1230,470.68,566.93,40.89,24.98,3.79,0.0
20230902:1330,333.02,399.98,33.08,22.98,4.0,0.0
20230902:1430,185.48,232.64,24.01,21.09,3.24,0.0
20230902:1530,76.75,116.42,14.33,20.55,2.41,0.0
20230902:1630,6.37,17.9,4.49,20.06,1.59,0.0
20230902:1730,0.0,0.0,0.0,19.4,1.38,0.0
20230902:1830,0.0,0.0,0.0,18.57,1.45,0.0
20230902:1930,0.0,0.0,0.0,18.21,1.31,0.0
20230902:2030,0.0,0.0,0.0,17.55,1.03,0.0
20230902:2130,0.0,0.0,0.0,16.86,1.1,0.0
20230902:2230,0.0,0.0,0.0,16.52,0.97,0.0
20230902:2330,0.0,0.0,0.0,15.79,1.03,0.0
20230903:0030,0.0,0.0,0.0,15.38,1.52,0.0
20230903:0130,0.0,0.0,0.0,15.47,1.31,0.0
20230903:0230,0.0,0.0,0.0,15.43,1.17,0.0
20230903:0330,0.0,0.0,-2.39,14.95,1.24,0.0
20230903:0430,17.1,34.63,7.33,14.67,1.1,0.0
20230903:0530,59.96,86.19,17.17,15.69,0.83,0.0
20230903:0630,135.92,172.24,26.7,16.52,0.83,0.0
20230903:0730,233.72,283.11,35.43,17.46,1.1,0.0
20230903:0830,290.29,349.23,42.64,18.55,1.52,0.0
20230903:0930,395.54,475.5,47.37,19.47,1.45,0.0
20230903:1030,433.26,523.83,48.66,20.36,1.38,0.0
20230903:1130,480.35,582.6,46.18,20.9,1.59,0.0
20230903:1230,222.46,272.48,40.53,21.27,2.34,0.0
20230903:1330,127.39,163.68,32.73,19.34,2.48,0.0
20230903:1430,79.95,109.15,23.68,18.2,2.41,0.0
20230903:1530,37.91,59.63,14.0,17.66,1.59,0.0
20230903:1630,2.25,10.71,4.16,17.48,1.17,0.0
20230903:1730,0.0,0.0,0.0,16.84,1.66,0.0
20230903:1830,0.0,0.0,0.0,15.5,2.07,0.0
20230903:1930,0.0,0.0,0.0,14.88,3.03,0.0
20230903:2030,0.0,0.0,0.0,14.62,2.9,0.0
20230903:2130,0.0,0.0,0.0,14.45,3.03,0.0
20230903:2230,0.0,0.0,0.0,14.12,2.9,0.0
20230903:2330,0.0,0.0,0.0,13.87,3.1,0.0
20230904:0030,0.0,0.0,0.0,13.58,3.17,0.0
20230904:0130,0.0,0.0,0.0,13.49,3.38,0.0
20230904:0230,0.0,0.0,0.0,13.3,3.45,0.0
20230904:0330,0.0,0.0,-2.61,13.15,3.45,0.0
20230904:0430,11.68,27.48,7.12,12.97,3.38,0.0
20230904:0530,41.68,63.92,16.94,13.13,3.24,0.0
20230904:0630,42.89,64.37,26.46,13.59,3.66,0.0
20230904:0730,69.02,94.45,35.17,13.95,3.72,0.0
20230904:0830,103.22,133.44,42.34,15.05,3.59,0.0
20230904:0930,278.02,327.25,47.03,16.19,3.1,0.0
20230904:1030,203.73,246.77,48.29,17.55,3.17,0.0
20230904:1130,186.85,228.15,45.8,18.53,3.03,0.0
20230904:1230,338.66,400.84,40.16,18.94,2.9,0.0
20230904:1330,270.07,322.25,32.38,19.6,3.17,0.0
20230904:1430,83.05,113.67,23.34,19.61,2.97,0.0
20230904:1530,68.3,106.8,13.67,18.67,2.55,0.0
20230904:1630,3.05,12.2,3.83,17.94,1.79,0.0
20230904:1730,0.0,0.0,0.0,16.88,1.79,0.0
20230904:1830,0.0,0.0,0.0,15.98,1.45,0.0
20230904:1930,0.0,0.0,0.0,15.26,0.9,0.0
20230904:2030,0.0,0.0,0.0,14.9,0.83,0.0
20230904:2130,0.0,0.0,0.0,14.97,1.03,0.0
20230904:2230,0.0,0.0,0.0,14.81,1.31,0.0
20230904:2330,0.0,0.0,0.0,14.6,1.59,0.0
20230905:0030,0.0,0.0,0.0,13.8,1.79,0.0
20230905:0130,0.0,0.0,0.0,13.22,1.79,0.0
20230905:0230,0.0,0.0,0.0,12.73,1.66,0.0
20230905:0330,0.0,0.0,-2.84,11.95,1.52,0.0
20230905:0430,19.74,45.09,6.9,11.03,1.31,0.0
20230905:0530,168.62,218.8,16.72,11.99,0.62,0.0
20230905:0630,307.06,365.2,26.23,14.27,0.55,0.0
20230905:0730,522.26,626.71,34.9,15.61,0.41,0.0
20230905:0830,678.78,839.19,42.04,17.04,0.62,0.0
20230905:0930,755.03,948.34,46.69,18.56,1.03,0.0
20230905:1030,712.51,872.95,47.92,20.02,2.34,0.0
20230905:1130,646.0,785.55,45.42,20.8,2.62,0.0
20230905:1230,525.11,632.46,39.8,21.21,2.55,0.0
20230905:1330,463.75,556.71,32.03,21.48,2.55,0.0
20230905:1430,299.66,369.29,23.0,21.54,2.41,0.0
20230905:1530,107.1,161.75,13.33,21.26,2.14,0.0
20230905:1630,4.06,14.1,3.49,20.31,1.38,0.0
20230905:1730,0.0,0.0,0.0,18.43,1.17,0.0
20230905:1830,0.0,0.0,0.0,17.86,0.97,0.0
20230905:1930,0.0,0.0,0.0,16.3,1.17,0.0
20230905:2030,0.0,0.0,0.0,14.57,1.31,0.0
20230905:2130,0.0,0.0,0.0,13.08,1.52,0.0
20230905:2230,0.0,0.0,0.0,11.83,1.66,0.0
20230905:2330,0.0,0.0,0.0,11.01,1.59,0.0
20230906:0030,0.0,0.0,0.0,10.45,1.45,0.0
20230906:0130,0.0,0.0,0.0,10.02,1.38,0.0
20230906:0230,0.0,0.0,0.0,9.71,1.31,0.0
20230906:0330,0.0,0.0,-3.07,9.5,1.31,0.0
20230906:0430,19.19,47.1,6.68,9.27,1.31,0.0
20230906:0530,186.0,239.9,16.5,11.13,0.83,0.0
20230906:0630,287.98,343.95,25.99,15.07,0.69,0.0
20230906:0730,521.35,623.66,34.64,17.24,1.17,0.0
20230906:0830,629.39,764.34,41.74,18.91,1.66,0.0
20230906:0930,745.98,922.89,46.34,19.99,2.07,0.0
20230906:1030,786.57,985.65,47.54,20.71,2.0,0.0
20230906:1130,741.26,930.34,45.04,21.19,1.59,0.0
20230906:1230,658.43,817.24,39.43,21.56,1.45,0.0
20230906:1330,507.76,618.4,31.68,21.74,1.59,0.0
20230906:1430,312.83,387.5,22.66,21.63,1.66,0.0
20230906:1530,105.08,160.35,13.0,21.36,1.66,0.0
20230906:1630,3.65,13.39,3.16,20.6,1.1,0.0
20230906:1730,0.0,0.0,0.0,20.15,0.48,0.0
20230906:1830,0.0,0.0,0.0,19.33,0.41,0.0
20230906:1930,0.0,0.0,0.0,15.32,2.34,0.0
20230906:2030,0.0,0.0,0.0,14.56,2.28,0.0
20230906:2130,0.0,0.0,0.0,13.86,2.07,0.0
20230906:2230,0.0,0.0,0.0,13.09,1.93,0.0
20230906:2330,0.0,0.0,0.0,12.84,1.72,0.0
20230907:0030,0.0,0.0,0.0,12.48,1.59,0.0
20230907:0130,0.0,0.0,0.0,12.62,1.38,0.0
20230907:0230,0.0,0.0,0.0,12.78,1.31,0.0
20230907:0330,0.0,0.0,-3.3,12.74,1.38,0.0
20230907:0430,15.02,34.1,6.46,12.3,1.45,0.0
20230907:0530,129.07,171.19,16.27,13.75,0.9,0.0
20230907:0630,243.04,294.08,25.75,16.84,0.76,0.0
20230907:0730,458.97,552.84,34.37,17.79,0.41,0.0
20230907:0830,590.67,736.07,41.43,19.61,0.14,0.0
20230907:0930,692.35,883.33,45.99,20.94,0.41,0.0
20230907:1030,542.23,670.24,47.16,22.14,1.03,0.0
20230907:1130,325.61,395.6,44.66,22.6,1.66,0.0
20230907:1230,336.91,408.12,39.05,22.57,1.66,0.0
20230907:1330,220.43,273.25,31.32,22.71,1.38,0.0
20230907:1430,89.24,122.64,22.31,22.62,1.17,0.0
20230907:1530,48.2,79.05,12.66,22.28,0.83,0.0
20230907:1630,2.97,12.2,2.82,21.3,0.76,0.0
20230907:1730,0.0,0.0,0.0,20.06,0.9,0.0
20230907:1830,0.0,0.0,0.0,18.67,1.1,0.0
20230907:1930,0.0,0.0,0.0,19.31,0.83,0.0
20230907:2030,0.0,0.0,0.0,18.69,0.76,0.0
20230907:2130,0.0,0.0,0.0,18.19,0.69,0.0
20230907:2230,0.0,0.0,0.0,16.97,0.97,0.0
20230907:2330,0.0,0.0,0.0,15.12,1.31,0.0
20230908:0030,0.0,0.0,0.0,14.19,1.45,0.0
20230908:0130,0.0,0.0,0.0,13.8,1.38,0.0
20230908:0230,0.0,0.0,0.0,13.45,1.31,0.0
20230908:0330,0.0,0.0,-3.53,12.99,1.24,0.0
20230908:0430,17.86,44.76,6.23,12.81,1.17,0.0
20230908:0530,179.76,234.62,16.05,13.61,0.83,0.0
20230908:0630,387.83,463.74,25.51,16.18,0.9,0.0
20230908:0730,564.98,681.68,34.1,18.33,1.31,0.0
20230908:0830,691.33,855.96,41.12,20.03,1.45,0.0
20230908:0930,762.28,961.04,45.64,21.43,1.66,0.0
20230908:1030,774.85,985.22,46.79,22.4,1.66,0.0
20230908:1130,734.63,933.7,44.27,23.08,1.45,0.0
20230908:1230,631.22,791.79,38.68,23.56,1.24,0.0
20230908:1330,493.61,611.05,30.96,23.75,1.03,0.0
20230908:1430,303.53,381.9,21.96,23.65,1.03,0.0
20230908:1530,98.43,153.63,12.32,23.25,1.17,0.0
20230908:1630,2.47,11.29,2.48,22.01,0.9,0.0
20230908:1730,0.0,0.0,0.0,21.56,0.34,0.0
20230908:1830,0.0,0.0,0.0,20.29,0.48,0.0
20230908:1930,0.0,0.0,0.0,17.19,1.38,0.0
20230908:2030,0.0,0.0,0.0,15.23,1.59,0.0
20230908:2130,0.0,0.0,0.0,13.52,1.86,0.0
20230908:2230,0.0,0.0,0.0,12.62,1.86,0.0
20230908:2330,0.0,0.0,0.0,12.07,1.86,0.0
20230909:0030,0.0,0.0,0.0,11.6,1.79,0.0
20230909:0130,0.0,0.0,0.0,11.24,1.79,0.0
20230909:0230,0.0,0.0,0.0,11.17,1.86,0.0
20230909:0330,0.0,0.0,-3.76,10.99,1.93,0.0
20230909:0430,16.04,41.93,6.01,10.9,1.86,0.0
20230909:0530,152.59,199.55,15.82,12.35,1.45,0.0
20230909:0630,269.0,322.41,25.27,16.52,1.31,0.0
20230909:0730,381.78,453.19,33.83,19.18,1.86,0.0
20230909:0830,564.77,680.76,40.81,20.64,2.14,0.0
20230909:0930,560.51,678.5,45.29,21.8,2.62,0.0
20230909:1030,617.81,753.96,46.41,22.54,2.69,0.0
20230909:1130,468.2,567.58,43.89,23.27,2.62,0.0
20230909:1230,314.41,381.97,38.3,23.59,2.55,0.0
20230909:1330,270.94,330.5,30.6,23.65,2.55,0.0
20230909:1430,147.84,191.88,21.61,23.58,2.48,0.0
20230909:1530,47.12,78.21,11.97,23.2,2.0,0.0
20230909:1630,1.44,9.22,2.13,22.36,1.52,0.0
20230909:1730,0.0,0.0,0.0,20.83,1.45,0.0
20230909:1830,0.0,0.0,0.0,19.12,1.17,0.0
20230909:1930,0.0,0.0,0.0,18.22,0.97,0.0
20230909:2030,0.0,0.0,0.0,18.49,0.69,0.0
20230909:2130,0.0,0.0,0.0,17.89,0.62,0.0
20230909:2230,0.0,0.0,0.0,16.88,0.83,0.0
20230909:2330,0.0,0.0,0.0,15.25,1.03,0.0
20230910:0030,0.0,0.0,0.0,14.07,1.1,0.0
20230910:0130,0.0,0.0,0.0,13.29,1.1,0.0
20230910:0230,0.0,0.0,0.0,12.5,1.17,0.0
20230910:0330,0.0,0.0,-3.99,11.81,1.24,0.0
20230910:0430,16.08,42.42,5.79,11.27,1.31,0.0
20230910:0530,176.31,228.83,15.59,12.38,0.97,0.0
20230910:0630,388.88,463.48,25.02,16.14,1.17,0.0
20230910:0730,568.49,684.45,33.56,18.65,1.59,0.0
20230910:0830,688.65,848.32,40.5,20.59,1.86,0.0
20230910:0930,755.04,945.5,44.94,22.18,2.14,0.0
20230910:1030,766.34,968.73,46.02,23.2,2.07,0.0
20230910:1130,715.65,902.64,43.5,23.85,1.86,0.0
20230910:1230,626.76,780.89,37.93,24.26,1.79,0.0
20230910:1330,479.59,589.15,30.24,24.39,1.79,0.0
20230910:1430,286.5,360.07,21.26,24.24,1.86,0.0
20230910:1530,90.0,142.73,11.63,23.78,1.79,0.0
20230910:1630,1.51,9.38,1.79,22.6,1.72,0.0
20230910:1730,0.0,0.0,0.0,20.72,2.07,0.0
20230910:1830,0.0,0.0,0.0,19.01,2.21,0.0
20230910:1930,0.0,0.0,0.0,17.8,2.48,0.0
20230910:2030,0.0,0.0,0.0,16.91,2.41,0.0
20230910:2130,0.0,0.0,0.0,16.0,2.21,0.0
20230910:2230,0.0,0.0,0.0,14.97,2.0,0.0
20230910:2330,0.0,0.0,0.0,13.87,1.79,0.0
20230911:0030,0.0,0.0,0.0,12.86,1.66,0.0
20230911:0130,0.0,0.0,0.0,12.07,1.59,0.0
20230911:0230,0.0,0.0,0.0,11.41,1.59,0.0
20230911:0330,0.0,0.0,-4.22,10.94,1.59,0.0
20230911:0430,12.63,37.96,5.56,10.57,1.59,0.0
20230911:0530,178.13,230.0,15.37,11.74,1.24,0.0
20230911:0630,385.22,457.98,24.78,16.07,1.38,0.0
20230911:0730,559.98,672.13,33.29,18.44,1.66,0.0
20230911:0830,681.05,840.36,40.19,20.67,1.72,0.0
20230911:0930,738.52,934.97,44.59,22.52,1.52,0.0
20230911:1030,745.61,965.63,45.64,23.87,0.97,0.0
20230911:1130,689.12,897.07,43.11,24.82,0.48,0.0
20230911:1230,599.64,768.38,37.55,25.39,0.41,0.0
20230911:1330,447.39,561.46,29.87,25.69,0.41,0.0
20230911:1430,264.54,339.0,20.91,25.66,0.41,0.0
20230911:1530,82.58,134.34,11.28,25.35,0.48,0.0
20230911:1630,0.87,8.02,1.44,24.14,1.1,0.0
20230911:1730,0.0,0.0,0.0,21.75,1.66,0.0
20230911:1830,0.0,0.0,0.0,19.91,1.79,0.0
20230911:1930,0.0,0.0,0.0,18.62,2.41,0.0
20230911:2030,0.0,0.0,0.0,17.79,2.21,0.0
20230911:2130,0.0,0.0,0.0,16.97,1.93,0.0
20230911:2230,0.0,0.0,0.0,16.22,1.66,0.0
20230911:2330,0.0,0.0,0.0,15.31,1.52,0.0
20230912:0030,0.0,0.0,0.0,14.65,1.45,0.0
20230912:0130,0.0,0.0,0.0,14.0,1.52,0.0
20230912:0230,0.0,0.0,0.0,13.94,1.38,0.0
20230912:0330,0.0,0.0,0.0,13.97,1.38,0.0
20230912:0430,9.74,29.66,5.34,14.27,1.31,0.0
20230912:0530,99.26,135.49,15.14,15.7,1.1,0.0
20230912:0630,254.88,309.31,24.53,18.63,1.1,0.0
20230912:0730,287.5,346.94,33.01,20.38,1.45,0.0
20230912:0830,596.0,730.56,39.87,22.06,1.72,0.0
20230912:0930,688.38,867.15,44.23,24.27,1.79,0.0
20230912:1030,574.76,719.11,45.25,25.69,1.38,0.0
20230912:1130,550.36,688.61,42.72,26.14,1.24,0.0
20230912:1230,461.3,573.96,37.16,26.58,1.17,0.0
20230912:1330,403.35,502.1,29.5,26.77,1.1,0.0
20230912:1430,241.31,309.99,20.56,26.6,1.1,0.0
20230912:1530,50.73,88.35,10.93,26.04,1.31,0.0
20230912:1630,0.0,5.25,1.09,24.14,2.07,0.0
20230912:1730,0.0,0.0,0.0,22.14,2.21,0.0
20230912:1830,0.0,0.0,0.0,20.94,1.93,0.0
20230912:1930,0.0,0.0,0.0,20.82,1.93,0.0
20230912:2030,0.0,0.0,0.0,19.25,1.93,0.0
20230912:2130,0.0,0.0,0.0,18.12,2.0,0.0
20230912:2230,0.0,0.0,0.0,17.73,2.07,0.0
20230912:2330,0.0,0.0,0.0,17.21,2.14,0.0
20230913:0030,0.0,0.0,0.0,17.44,2.0,0.0
20230913:0130,0.0,0.0,0.0,17.0,2.14,0.0
20230913:0230,0.0,0.0,0.0,16.9,2.07,0.0
20230913:0330,0.0,0.0,0.0,16.57,2.07,0.0
20230913:0430,9.58,32.16,5.11,16.44,1.93,0.0
20230913:0530,109.02,149.41,14.9,16.84,1.72,0.0
20230913:0630,250.96,304.79,24.28,19.19,1.45,0.0
20230913:0730,420.45,508.1,32.73,21.78,1.31,0.0
20230913:0830,588.16,729.83,39.56,24.27,1.66,0.0
20230913:0930,619.07,774.81,43.87,25.84,2.0,0.0
20230913:1030,485.21,599.1,44.87,26.66,2.14,0.0
20230913:1130,538.19,669.38,42.32,26.93,2.14,0.0
20230913:1230,476.46,590.36,36.78,27.3,2.0,0.0
20230913:1330,242.16,302.95,29.14,27.27,1.66,0.0
20230913:1430,164.22,215.82,20.2,26.84,1.17,0.0
20230913:1530,65.44,109.66,10.58,26.29,0.69,0.0
20230913:1630,0.32,6.7,0.74,25.35,1.03,0.0
20230913:1730,0.0,0.0,0.0,23.17,1.72,0.0
20230913:1830,0.0,0.0,0.0,21.48,2.21,0.0
20230913:1930,0.0,0.0,0.0,19.99,2.14,0.0
20230913:2030,0.0,0.0,0.0,18.54,2.14,0.0
20230913:2130,0.0,0.0,0.0,18.21,2.28,0.0
20230913:2230,0.0,0.0,0.0,17.73,2.34,0.0
20230913:2330,0.0,0.0,0.0,17.24,2.41,0.0
20230914:0030,0.0,0.0,0.0,17.0,2.41,0.0
20230914:0130,0.0,0.0,0.0,16.69,2.41,0.0
20230914:0230,0.0,0.0,0.0,16.71,2.28,0.0
20230914:0330,0.0,0.0,0.0,16.71,2.07,0.0
20230914:0430,9.81,31.8,4.89,16.52,1.86,0.0
20230914:0530,139.72,186.71,14.67,16.69,1.38,0.0
20230914:0630,352.58,427.39,24.03,19.33,0.9,0.0
20230914:0730,515.0,634.13,32.45,22.77,1.1,0.0
20230914:0830,625.04,779.23,39.24,24.63,1.93,0.0
20230914:0930,362.16,440.15,43.51,24.86,2.97,0.0
20230914:1030,138.66,177.83,44.48,22.58,3.45,0.0
20230914:1130,93.93,126.68,41.93,21.2,2.83,0.0
20230914:1230,138.83,177.66,36.4,20.72,2.55,0.0
20230914:1330,157.88,199.35,28.77,20.69,2.0,0.0
20230914:1430,81.6,112.62,19.84,20.8,1.24,0.0
20230914:1530,32.15,54.25,10.23,20.41,0.9,0.0
20230914:1630,0.0,4.67,0.39,19.96,1.1,0.0
20230914:1730,0.0,0.0,0.0,19.27,1.31,0.0
20230914:1830,0.0,0.0,0.0,18.59,0.76,0.0
20230914:1930,0.0,0.0,0.0,17.34,2.41,0.0
20230914:2030,0.0,0.0,0.0,17.17,2.69,0.0
20230914:2130,0.0,0.0,0.0,16.92,2.97,0.0
20230914:2230,0.0,0.0,0.0,16.82,2.69,0.0
20230914:2330,0.0,0.0,0.0,16.62,2.76,0.0
20230915:0030,0.0,0.0,0.0,16.41,2.69,0.0
20230915:0130,0.0,0.0,0.0,16.21,2.83,0.0
20230915:0230,0.0,0.0,0.0,16.07,3.17,0.0
20230915:0330,0.0,0.0,0.0,15.83,3.1,0.0
20230915:0430,1.1,8.34,4.66,15.61,3.03,0.0
20230915:0530,21.05,38.3,14.44,15.51,2.83,0.0
20230915:0630,127.37,160.28,23.78,15.63,2.97,0.0
20230915:0730,176.08,213.62,32.17,16.19,3.38,0.0
20230915:0830,158.63,195.33,38.92,16.79,3.59,0.0
20230915:0930,120.64,154.2,43.15,17.18,3.45,0.0
20230915:1030,187.59,229.71,44.09,17.46,3.1,0.0
20230915:1130,270.79,320.84,41.54,18.12,2.97,0.0
20230915:1230,138.81,175.84,36.01,18.66,2.76,0.0
20230915:1330,165.17,203.96,28.4,18.71,2.62,0.0
20230915:1430,79.19,108.92,19.48,18.82,2.55,0.0
20230915:1530,12.07,26.36,9.88,18.63,2.48,0.0
20230915:1630,0.0,2.48,0.04,18.12,2.14,0.0
20230915:1730,0.0,0.0,0.0,17.67,2.14,0.0
20230915:1830,0.0,0.0,0.0,17.14,2.28,0.0
20230915:1930,0.0,0.0,0.0,16.29,2.0,0.0
20230915:2030,0.0,0.0,0.0,16.05,2.07,0.0
20230915:2130,0.0,0.0,0.0,15.83,2.07,0.0
20230915:2230,0.0,0.0,0.0,15.67,2.0,0.0
20230915:2330,0.0,0.0,0.0,15.47,1.93,0.0
20230916:0030,0.0,0.0,0.0,15.14,1.93,0.0
20230916:0130,0.0,0.0,0.0,14.93,2.0,0.0
20230916:0230,0.0,0.0,0.0,14.77,2.14,0.0
20230916:0330,0.0,0.0,0.0,14.71,2.28,0.0
20230916:0430,7.36,19.97,4.43,14.56,2.34,0.0
20230916:0530,61.49,88.38,14.2,14.75,2.28,0.0
20230916:0630,242.32,287.55,23.53,15.49,3.31,0.0
20230916:0730,324.48,377.75,31.89,16.15,4.21,0.0
20230916:0830,265.57,313.1,38.6,17.22,4.28,0.0
20230916:0930,357.26,418.11,42.79,17.8,4.21,0.0
20230916:1030,440.62,515.62,43.7,18.42,4.14,0.0
20230916:1130,329.2,388.7,41.14,18.98,4.14,0.0
20230916:1230,214.76,260.2,35.63,19.16,4.07,0.0
20230916:1330,160.05,198.77,28.02,19.08,3.93,0.0
20230916:1430,110.3,145.15,19.12,19.05,4.0,0.0
20230916:1530,44.84,74.45,9.53,18.86,3.86,0.0
20230916:1630,0.0,0.0,-0.31,18.34,3.31,0.0
20230916:1730,0.0,0.0,0.0,17.36,3.17,0.0
20230916:1830,0.0,0.0,0.0,16.38,3.24,0.0
20230916:1930,0.0,0.0,0.0,16.15,3.93,0.0
20230916:2030,0.0,0.0,0.0,15.68,3.72,0.0
20230916:2130,0.0,0.0,0.0,15.2,3.52,0.0
20230916:2230,0.0,0.0,0.0,14.89,3.31,0.0
20230916:2330,0.0,0.0,0.0,14.46,3.03,0.0
20230917:0030,0.0,0.0,0.0,14.22,2.83,0.0
20230917:0130,0.0,0.0,0.0,13.81,2.69,0.0
20230917:0230,0.0,0.0,0.0,13.63,2.55,0.0
20230917:0330,0.0,0.0,0.0,13.56,2.48,0.0
20230917:0430,9.53,31.8,4.2,13.24,2.41,0.0
20230917:0530,147.93,194.05,13.97,13.72,2.21,0.0
20230917:0630,357.71,420.91,23.27,15.69,2.41,0.0
20230917:0730,549.98,650.05,31.61,17.76,2.55,0.0
20230917:0830,686.65,831.85,38.27,19.73,2.62,0.0
20230917:0930,725.96,894.34,42.43,21.46,2.55,0.0
20230917:1030,728.4,903.8,43.31,22.73,2.55,0.0
20230917:1130,675.74,836.3,40.74,23.64,2.48,0.0
20230917:1230,477.0,578.45,35.24,24.15,2.41,0.0
20230917:1330,373.65,452.44,27.65,23.88,2.55,0.0
20230917:1430,177.89,229.27,18.76,24.03,2.21,0.0
20230917:1530,39.52,69.51,9.17,23.41,1.45,0.0
20230917:1630,0.0,0.0,-0.66,22.29,1.52,0.0
20230917:1730,0.0,0.0,0.0,20.15,1.45,0.0
20230917:1830,0.0,0.0,0.0,18.56,1.03,0.0
20230917:1930,0.0,0.0,0.0,17.75,1.17,0.0
20230917:2030,0.0,0.0,0.0,16.76,1.31,0.0
20230917:2130,0.0,0.0,0.0,15.81,1.31,0.0
20230917:2230,0.0,0.0,0.0,15.02,1.24,0.0
20230917:2330,0.0,0.0,0.0,14.26,1.24,0.0
20230918:0030,0.0,0.0,0.0,13.72,1.31,0.0
20230918:0130,0.0,0.0,0.0,13.13,1.31,0.0
20230918:0230,0.0,0.0,0.0,12.83,1.24,0.0
20230918:0330,0.0,0.0,0.0,12.46,1.24,0.0
20230918:0430,9.02,30.55,3.97,12.14,1.24,0.0
20230918:0530,155.51,203.17,13.73,12.87,0.97,0.0
20230918:0630,340.62,406.79,23.02,16.65,1.03,0.0
20230918:0730,531.51,638.01,31.32,18.98,1.59,0.0
20230918:0830,658.55,806.71,37.95,20.96,2.0,0.0
20230918:0930,683.38,844.08,42.06,22.47,2.28,0.0
20230918:1030,627.02,768.6,42.92,23.5,2.62,0.0
20230918:1130,470.79,569.21,40.35,24.12,2.62,0.0
20230918:1230,396.66,478.69,34.85,24.29,2.55,0.0
20230918:1330,313.41,381.56,27.28,24.45,2.55,0.0
20230918:1430,189.44,243.42,18.4,24.42,2.48,0.0
20230918:1530,37.54,70.53,8.82,23.93,2.14,0.0
20230918:1630,0.0,0.0,-1.02,22.7,2.28,0.0
20230918:1730,0.0,0.0,0.0,21.22,2.62,0.0
20230918:1830,0.0,0.0,0.0,19.85,2.76,0.0
20230918:1930,0.0,0.0,0.0,18.4,2.28,0.0
20230918:2030,0.0,0.0,0.0,17.12,2.07,0.0
20230918:2130,0.0,0.0,0.0,16.07,1.93,0.0
20230918:2230,0.0,0.0,0.0,15.27,1.86,0.0
20230918:2330,0.0,0.0,0.0,14.57,1.86,0.0
20230919:0030,0.0,0.0,0.0,13.94,1.79,0.0
20230919:0130,0.0,0.0,0.0,13.51,1.93,0.0
20230919:0230,0.0,0.0,0.0,13.42,2.07,0.0
20230919:0330,0.0,0.0,0.0,13.3,2.14,0.0
20230919:0430,9.74,28.63,3.74,13.22,2.21,0.0
20230919:0530,124.3,163.47,13.49,13.81,2.07,0.0
20230919:0630,237.82,285.18,22.76,16.22,2.0,0.0
20230919:0730,199.04,241.74,31.03,18.65,2.34,0.0
20230919:0830,97.87,129.79,37.62,19.28,2.83,0.0
20230919:0930,101.15,133.19,41.69,18.78,2.9,0.0
20230919:1030,187.12,226.02,42.53,18.08,3.17,0.0
20230919:1130,236.13,279.77,39.95,18.34,3.52,0.0
20230919:1230,238.34,284.1,34.46,18.84,3.66,0.0
20230919:1330,214.06,259.32,26.9,19.86,3.45,0.0
20230919:1430,132.38,172.19,18.04,20.55,2.83,0.0
20230919:1530,43.88,75.01,8.46,20.62,1.72,0.0
20230919:1630,0.0,0.0,-1.37,19.95,1.45,0.0
20230919:1730,0.0,0.0,0.0,18.93,1.03,0.0
20230919:1830,0.0,0.0,0.0,18.4,0.28,0.0
20230919:1930,0.0,0.0,0.0,17.3,2.41,0.0
20230919:2030,0.0,0.0,0.0,16.94,3.03,0.0
20230919:2130,0.0,0.0,0.0,16.65,3.1,0.0
20230919:2230,0.0,0.0,0.0,16.5,3.03,0.0
20230919:2330,0.0,0.0,0.0,16.31,3.17,0.0
20230920:0030,0.0,0.0,0.0,16.22,3.45,0.0
20230920:0130,0.0,0.0,0.0,16.37,3.66,0.0
20230920:0230,0.0,0.0,0.0,16.42,3.59,0.0
20230920:0330,0.0,0.0,0.0,16.44,3.38,0.0
20230920:0430,0.0,3.94,3.51,16.4,3.03,0.0
20230920:0530,6.71,18.2,13.25,16.39,2.62,0.0
20230920:0630,74.19,101.42,22.5,16.53,2.21,0.0
20230920:0730,94.98,125.56,30.74,17.55,1.72,0.0
20230920:0830,363.38,432.64,37.29,18.35,1.45,0.0
20230920:0930,610.43,748.71,41.33,19.68,1.17,0.0
20230920:1030,538.8,658.36,42.13,20.87,1.31,0.0
20230920:1130,501.05,605.51,39.55,21.48,1.86,0.0
20230920:1230,277.7,336.5,34.07,21.86,2.0,0.0
20230920:1330,323.71,391.43,26.53,21.89,1.79,0.0
20230920:1430,157.74,203.76,17.68,22.02,1.72,0.0
20230920:1530,38.91,69.68,8.11,21.53,1.17,0.0
20230920:1630,0.0,0.0,-1.73,20.6,1.38,0.0
20230920:1730,0.0,0.0,0.0,18.97,1.66,0.0
20230920:1830,0.0,0.0,0.0,17.82,1.66,0.0
20230920:1930,0.0,0.0,0.0,16.81,1.72,0.0
20230920:2030,0.0,0.0,0.0,15.9,1.72,0.0
20230920:2130,0.0,0.0,0.0,15.28,1.59,0.0
20230920:2230,0.0,0.0,0.0,14.78,1.59,0.0
20230920:2330,0.0,0.0,0.0,13.96,1.66,0.0
20230921:0030,0.0,0.0,0.0,13.47,1.52,0.0
20230921:0130,0.0,0.0,0.0,12.44,1.66,0.0
20230921:0230,0.0,0.0,0.0,11.78,1.72,0.0
20230921:0330,0.0,0.0,0.0,11.28,1.72,0.0
20230921:0430,8.77,31.6,3.28,10.81,1.66,0.0
20230921:0530,169.34,217.84,13.01,11.09,1.24,0.0
20230921:0630,371.33,439.48,22.24,14.83,1.03,0.0
20230921:0730,553.5,660.56,30.45,17.61,1.66,0.0
20230921:0830,665.56,804.97,36.97,19.68,2.55,0.0
20230921:0930,751.38,922.38,40.96,21.09,2.97,0.0
20230921:1030,751.92,926.1,41.74,22.01,3.1,0.0
20230921:1130,674.67,824.44,39.15,22.72,3.17,0.0
20230921:1230,601.74,731.92,33.68,23.23,2.97,0.0
20230921:1330,402.19,485.89,26.15,23.52,2.97,0.0
20230921:1430,253.36,318.58,17.32,23.35,3.1,0.0
20230921:1530,59.35,102.96,7.75,22.68,2.9,0.0
20230921:1630,0.0,0.0,-2.08,21.02,3.17,0.0
20230921:1730,0.0,0.0,0.0,19.53,3.45,0.0
20230921:1830,0.0,0.0,0.0,18.72,3.59,0.0
20230921:1930,0.0,0.0,0.0,17.89,3.17,0.0
20230921:2030,0.0,0.0,0.0,16.98,2.9,0.0
20230921:2130,0.0,0.0,0.0,16.03,2.62,0.0
20230921:2230,0.0,0.0,0.0,15.06,2.41,0.0
20230921:2330,0.0,0.0,0.0,14.22,2.21,0.0
20230922:0030,0.0,0.0,0.0,13.48,2.07,0.0
20230922:0130,0.0,0.0,0.0,13.0,2.0,0.0
20230922:0230,0.0,0.0,0.0,12.64,2.0,0.0
20230922:0330,0.0,0.0,0.0,12.46,2.0,0.0
20230922:0430,7.34,27.83,3.04,12.43,2.07,0.0
20230922:0530,135.42,177.56,12.77,12.9,1.86,0.0
20230922:0630,170.42,208.97,21.98,15.68,1.86,0.0
20230922:0730,447.58,527.21,30.16,17.86,2.0,0.0
20230922:0830,588.59,707.85,36.63,20.38,2.48,0.0
20230922:0930,560.59,677.42,40.59,22.26,2.62,0.0
20230922:1030,630.06,771.67,41.35,23.24,2.62,0.0
20230922:1130,629.67,774.76,38.75,24.08,2.55,0.0
20230922:1230,470.69,570.94,33.29,24.6,2.55,0.0
20230922:1330,304.9,371.65,25.78,24.64,2.41,0.0
20230922:1430,208.97,267.71,16.95,24.41,2.21,0.0
20230922:1530,51.44,92.76,7.4,23.98,1.86,0.0
20230922:1630,0.0,0.0,-2.43,22.64,2.21,0.0
20230922:1730,0.0,0.0,0.0,20.89,2.55,0.0
20230922:1830,0.0,0.0,0.0,19.86,2.55,0.0
20230922:1930,0.0,0.0,0.0,19.47,2.69,0.0
20230922:2030,0.0,0.0,0.0,18.77,2.69,0.0
20230922:2130,0.0,0.0,0.0,18.0,2.55,0.0
20230922:2230,0.0,0.0,0.0,17.22,2.34,0.0
20230922:2330,0.0,0.0,0.0,16.63,2.21,0.0
20230923:0030,0.0,0.0,0.0,16.33,2.07,0.0
20230923:0130,0.0,0.0,0.0,15.78,2.07,0.0
20230923:0230,0.0,0.0,0.0,15.34,2.0,0.0
20230923:0330,0.0,0.0,0.0,14.84,2.07,0.0
20230923:0430,4.9,20.95,2.81,14.96,2.14,0.0
20230923:0530,79.61,112.12,12.53,15.76,2.14,0.0
20230923:0630,213.58,258.86,21.72,17.32,1.93,0.0
20230923:0730,470.25,560.8,29.87,20.08,2.07,0.0
20230923:0830,652.06,796.18,36.3,22.61,2.83,0.0
20230923:0930,641.71,787.86,40.22,24.75,3.24,0.0
20230923:1030,664.91,824.23,40.95,25.94,3.24,0.0
20230923:1130,640.08,796.14,38.35,26.76,3.1,0.0
20230923:1230,570.34,706.54,32.9,27.4,2.97,0.0
20230923:1330,424.47,523.63,25.4,27.79,2.97,0.0
20230923:1430,210.84,273.61,16.59,27.75,2.83,0.0
20230923:1530,46.49,86.05,7.04,26.81,2.41,0.0
20230923:1630,0.0,0.0,-2.79,25.18,2.83,0.0
20230923:1730,0.0,0.0,0.0,23.31,2.9,0.0
20230923:1830,0.0,0.0,0.0,22.03,2.55,0.0
20230923:1930,0.0,0.0,0.0,21.45,2.34,0.0
20230923:2030,0.0,0.0,0.0,20.54,1.24,0.0
20230923:2130,0.0,0.0,0.0,19.48,0.41,0.0
20230923:2230,0.0,0.0,0.0,17.6,1.72,0.0
20230923:2330,0.0,0.0,0.0,17.3,2.41,0.0
20230924:0030,0.0,0.0,0.0,17.26,2.76,0.0
20230924:0130,0.0,0.0,0.0,17.0,2.69,0.0
20230924:0230,0.0,0.0,0.0,16.91,2.55,0.0
20230924:0330,0.0,0.0,0.0,16.83,2.55,0.0
20230924:0430,1.92,13.45,2.57,16.78,2.55,0.0
20230924:0530,21.83,39.31,12.29,16.72,3.1,0.0
20230924:0630,37.06,58.18,21.46,16.92,3.38,0.0
20230924:0730,63.19,88.9,29.58,16.59,2.69,0.0
20230924:0830,87.77,117.11,35.97,16.87,2.55,0.0
20230924:0930,91.07,120.89,39.85,17.08,2.97,0.0
20230924:1030,152.98,189.73,40.56,17.25,3.24,0.0
20230924:1130,99.56,131.19,37.95,17.98,3.1,0.0
20230924:1230,71.15,98.76,32.51,18.29,3.38,0.0
20230924:1330,47.45,70.8,25.03,18.27,3.59,0.0
20230924:1430,20.88,38.16,16.23,18.14,3.52,0.0
20230924:1530,2.58,11.34,6.69,17.94,3.24,0.0
20230924:1630,0.0,0.0,-3.14,17.68,2.62,0.0
20230924:1730,0.0,0.0,0.0,17.45,2.41,0.0
20230924:1830,0.0,0.0,0.0,17.3,2.07,0.0
20230924:1930,0.0,0.0,0.0,15.96,1.72,0.0
20230924:2030,0.0,0.0,0.0,15.98,1.66,0.0
20230924:2130,0.0,0.0,0.0,16.03,1.38,0.0
20230924:2230,0.0,0.0,0.0,16.11,1.24,0.0
20230924:2330,0.0,0.0,0.0,16.19,1.24,0.0
20230925:0030,0.0,0.0,0.0,16.35,1.24,0.0
20230925:0130,0.0,0.0,0.0,16.45,1.24,0.0
20230925:0230,0.0,0.0,0.0,16.54,1.45,0.0
20230925:0330,0.0,0.0,0.0,16.55,1.72,0.0
20230925:0430,0.0,5.24,2.34,16.59,2.0,0.0
20230925:0530,20.0,36.93,12.04,16.67,1.93,0.0
20230925:0630,43.59,66.07,21.19,16.76,2.28,0.0
20230925:0730,133.2,168.93,29.28,17.23,1.52,0.0
20230925:0830,134.55,171.18,35.64,18.16,1.52,0.0
20230925:0930,244.07,293.97,39.48,18.76,1.93,0.0
20230925:1030,278.01,334.95,40.16,19.75,2.28,0.0
20230925:1130,240.82,293.06,37.55,20.72,2.55,0.0
20230925:1230,220.62,271.03,32.13,21.35,2.41,0.0
20230925:1330,157.29,198.45,24.65,22.03,2.28,0.0
20230925:1430,111.27,148.86,15.87,22.2,1.79,0.0
20230925:1530,35.79,67.69,6.33,22.18,0.97,0.0
20230925:1630,0.0,0.0,-3.49,21.06,1.24,0.0
20230925:1730,0.0,0.0,0.0,19.23,1.66,0.0
20230925:1830,0.0,0.0,0.0,18.12,1.52,0.0
20230925:1930,0.0,0.0,0.0,17.56,1.38,0.0
20230925:2030,0.0,0.0,0.0,17.02,1.45,0.0
20230925:2130,0.0,0.0,0.0,16.69,1.31,0.0
20230925:2230,0.0,0.0,0.0,16.7,1.17,0.0
20230925:2330,0.0,0.0,0.0,16.67,1.03,0.0
20230926:0030,0.0,0.0,0.0,16.18,1.03,0.0
20230926:0130,0.0,0.0,0.0,15.92,0.97,0.0
20230926:0230,0.0,0.0,0.0,15.2,1.03,0.0
20230926:0330,0.0,0.0,0.0,14.38,1.1,0.0
20230926:0430,2.52,11.07,2.1,13.4,1.17,0.0
20230926:0530,157.16,204.78,11.8,12.97,1.24,0.0
20230926:0630,228.45,274.28,20.93,15.32,1.17,0.0
20230926:0730,382.35,449.58,28.98,16.93,1.52,0.0
20230926:0830,553.09,661.1,35.3,18.61,1.86,0.0
20230926:0930,724.96,894.02,39.11,20.06,2.0,0.0
20230926:1030,748.1,929.47,39.77,21.52,2.28,0.0
20230926:1130,702.8,865.84,37.15,22.55,2.69,0.0
20230926:1230,601.15,730.18,31.74,23.2,3.03,0.0
20230926:1330,441.96,532.88,24.28,23.42,3.24,0.0
20230926:1430,237.43,300.41,15.5,23.3,3.1,0.0
20230926:1530,46.72,87.02,5.98,22.53,2.28,0.0
20230926:1630,0.0,0.0,-3.85,20.93,2.14,0.0
20230926:1730,0.0,0.0,0.0,19.21,2.14,0.0
20230926:1830,0.0,0.0,0.0,17.77,2.21,0.0
20230926:1930,0.0,0.0,0.0,16.57,2.28,0.0
20230926:2030,0.0,0.0,0.0,15.53,2.21,0.0
20230926:2130,0.0,0.0,0.0,14.44,2.0,0.0
20230926:2230,0.0,0.0,0.0,13.36,1.79,0.0
20230926:2330,0.0,0.0,0.0,12.73,1.66,0.0
20230927:0030,0.0,0.0,0.0,12.21,1.59,0.0
20230927:0130,0.0,0.0,0.0,11.64,1.72,0.0
20230927:0230,0.0,0.0,0.0,11.09,1.86,0.0
20230927:0330,0.0,0.0,0.0,10.75,1.86,0.0
20230927:0430,2.31,10.58,1.87,10.49,1.86,0.0
20230927:0530,163.77,210.12,11.55,10.64,1.72,0.0
20230927:0630,384.21,450.62,20.66,13.64,1.38,0.0
20230927:0730,560.57,671.48,28.69,17.63,1.45,0.0
20230927:0830,687.26,837.86,34.97,19.6,2.14,0.0
20230927:0930,754.6,932.63,38.74,21.16,2.55,0.0
20230927:1030,767.07,948.4,39.37,22.31,3.1,0.0
20230927:1130,721.76,884.75,36.75,23.03,3.52,0.0
20230927:1230,612.79,743.14,31.35,23.4,3.45,0.0
20230927:1330,447.22,539.91,23.91,23.49,3.17,0.0
20230927:1430,238.96,302.84,15.14,23.29,2.76,0.0
20230927:1530,42.14,81.82,5.63,22.41,1.93,0.0
20230927:1630,0.0,0.0,-4.2,20.72,2.0,0.0
20230927:1730,0.0,0.0,0.0,18.55,2.07,0.0
20230927:1830,0.0,0.0,0.0,16.72,2.07,0.0
20230927:1930,0.0,0.0,0.0,15.19,2.21,0.0
20230927:2030,0.0,0.0,0.0,13.92,2.0,0.0
20230927:2130,0.0,0.0,0.0,12.94,1.72,0.0
20230927:2230,0.0,0.0,0.0,12.65,1.45,0.0
20230927:2330,0.0,0.0,0.0,12.16,1.45,0.0
20230928:0030,0.0,0.0,0.0,11.51,1.66,0.0
20230928:0130,0.0,0.0,0.0,11.06,1.72,0.0
20230928:0230,0.0,0.0,0.0,10.77,1.72,0.0
20230928:0330,0.0,0.0,0.0,10.51,1.66,0.0
20230928:0430,1.98,9.95,1.63,10.16,1.52,0.0
20230928:0530,162.19,207.94,11.3,10.15,1.45,0.0
20230928:0630,380.91,446.0,20.39,12.82,1.1,0.0
20230928:0730,559.12,665.94,28.39,17.3,1.72,0.0
20230928:0830,687.57,833.74,34.63,19.37,2.41,0.0
20230928:0930,756.36,930.34,38.37,21.01,2.83,0.0
20230928:1030,767.15,945.55,38.98,22.27,3.31,0.0
20230928:1130,718.25,878.16,36.36,22.93,3.66,0.0
20230928:1230,594.58,719.93,30.96,23.19,3.31,0.0
20230928:1330,434.46,524.3,23.53,23.16,2.97,0.0
20230928:1430,230.47,292.36,14.78,22.88,2.62,0.0
20230928:1530,37.85,75.08,5.27,22.0,1.93,0.0
20230928:1630,0.0,0.0,-4.55,20.41,2.0,0.0
20230928:1730,0.0,0.0,0.0,18.48,1.93,0.0
20230928:1830,0.0,0.0,0.0,16.45,1.79,0.0
20230928:1930,0.0,0.0,0.0,14.93,2.28,0.0
20230928:2030,0.0,0.0,0.0,13.83,2.14,0.0
20230928:2130,0.0,0.0,0.0,12.82,1.86,0.0
20230928:2230,0.0,0.0,0.0,12.52,1.52,0.0
20230928:2330,0.0,0.0,0.0,12.77,1.17,0.0
20230929:0030,0.0,0.0,0.0,12.47,1.03,0.0
20230929:0130,0.0,0.0,0.0,11.52,1.1,0.0
20230929:0230,0.0,0.0,0.0,10.47,1.24,0.0
20230929:0330,0.0,0.0,0.0,9.65,1.38,0.0
20230929:0430,1.65,9.28,1.39,9.11,1.45,0.0
20230929:0530,163.91,209.04,11.05,9.12,1.38,0.0
20230929:0630,386.41,451.97,20.12,12.03,0.83,0.0
20230929:0730,566.19,677.26,28.09,16.87,1.31,0.0
20230929:0830,686.05,840.07,34.29,19.44,1.79,0.0
20230929:0930,754.9,937.74,37.99,21.25,2.28,0.0
20230929:1030,764.23,955.56,38.58,22.47,2.41,0.0
20230929:1130,715.19,890.93,35.96,23.23,2.34,0.0
20230929:1230,601.75,741.76,30.57,23.58,2.0,0.0
20230929:1330,411.46,502.71,23.16,23.63,1.66,0.0
20230929:1430,205.6,264.34,14.42,23.36,1.52,0.0
20230929:1530,37.48,75.87,4.92,22.38,1.45,0.0
20230929:1630,0.0,0.0,0.0,20.51,1.86,0.0
20230929:1730,0.0,0.0,0.0,18.31,2.0,0.0
20230929:1830,0.0,0.0,0.0,16.66,2.28,0.0
20230929:1930,0.0,0.0,0.0,15.51,2.28,0.0
20230929:2030,0.0,0.0,0.0,14.04,2.21,0.0
20230929:2130,0.0,0.0,0.0,12.73,2.0,0.0
20230929:2230,0.0,0.0,0.0,11.7,1.79,0.0
20230929:2330,0.0,0.0,0.0,10.87,1.66,0.0
20230930:0030,0.0,0.0,0.0,10.17,1.45,0.0
20230930:0130,0.0,0.0,0.0,9.8,1.38,0.0
20230930:0230,0.0,0.0,0.0,9.28,1.38,0.0
20230930:0330,0.0,0.0,0.0,8.77,1.52,0.0
20230930:0430,1.36,8.7,1.15,8.38,1.52,0.0
20230930:0530,161.5,205.56,10.8,8.46,1.45,0.0
20230930:0630,381.93,446.37,19.85,11.76,0.76,0.0
20230930:0730,558.57,669.33,27.79,16.61,1.03,0.0
20230930:0830,674.58,839.5,33.96,19.88,0.97,0.0
20230930:0930,743.49,938.19,37.62,21.84,1.52,0.0
20230930:1030,756.98,954.79,38.19,22.73,1.93,0.0
20230930:1130,711.19,887.44,35.56,23.25,2.21,0.0
20230930:1230,604.87,739.29,30.18,23.39,2.62,0.0
20230930:1330,402.45,485.26,22.79,23.24,3.03,0.0
20230930:1430,170.93,221.04,14.06,22.69,3.03,0.0
20230930:1530,28.1,59.86,4.57,21.73,2.34,0.0
20230930:1630,0.0,0.0,0.0,19.82,2.41,0.0
20230930:1730,0.0,0.0,0.0,18.4,2.55,0.0
20230930:1830,0.0,0.0,0.0,17.41,2.76,0.0
20230930:1930,0.0,0.0,0.0,16.32,3.31,0.0
20230930:2030,0.0,0.0,0.0,15.7,3.1,0.0
20230930:2130,0.0,0.0,0.0,15.25,2.69,0.0
20230930:2230,0.0,0.0,0.0,15.15,2.48,0.0
20230930:2330,0.0,0.0,0.0,15.22,2.69,0.0
20231001:0030,0.0,0.0,0.0,15.01,3.45,0.0
20231001:0130,0.0,0.0,0.0,14.5,4.28,0.0
20231001:0230,0.0,0.0,0.0,13.75,4.34,0.0
20231001:0330,0.0,0.0,0.0,13.2,4.0,0.0
20231001:0430,0.0,2.11,0.91,12.81,3.66,0.0
20231001:0530,27.03,46.96,10.55,12.6,3.45,0.0
20231001:0630,110.21,139.31,19.58,12.7,3.24,0.0
20231001:0730,223.47,261.83,27.48,13.1,3.24,0.0
20231001:0830,376.17,431.87,33.62,14.11,3.17,0.0
20231001:0930,302.03,351.6,37.25,15.04,3.24,0.0
20231001:1030,455.74,526.68,37.8,15.26,3.38,0.0
20231001:1130,219.7,261.54,35.16,15.79,3.79,0.0
20231001:1230,282.18,329.73,29.8,15.49,3.79,0.0
20231001:1330,237.39,280.67,22.42,15.57,4.0,0.0
20231001:1430,183.29,227.94,13.71,15.55,4.0,0.0
20231001:1530,18.52,40.66,4.22,15.19,3.38,0.0
20231001:1630,0.0,0.0,0.0,14.22,2.62,0.0
20231001:1730,0.0,0.0,0.0,13.44,2.41,0.0
20231001:1830,0.0,0.0,0.0,12.79,2.48,0.0
20231001:1930,0.0,0.0,0.0,13.14,2.69,0.0
20231001:2030,0.0,0.0,0.0,12.75,2.9,0.0
20231001:2130,0.0,0.0,0.0,12.23,2.97,0.0
20231001:2230,0.0,0.0,0.0,11.92,2.9,0.0
20231001:2330,0.0,0.0,0.0,11.77,2.83,0.0
20231002:0030,0.0,0.0,0.0,11.48,2.76,0.0
20231002:0130,0.0,0.0,0.0,11.42,2.69,0.0
20231002:0230,0.0,0.0,0.0,11.42,2.62,0.0
20231002:0330,0.0,0.0,0.0,11.17,2.55,0.0
20231002:0430,0.16,6.05,0.67,10.77,2.55,0.0
20231002:0530,81.01,112.31,10.3,10.99,2.34,0.0
20231002:0630,222.34,261.83,19.31,11.83,2.28,0.0
20231002:0730,284.17,328.7,27.18,12.72,2.76,0.0
20231002:0830,546.54,633.47,33.28,13.88,2.41,0.0
20231002:0930,412.25,479.62,36.88,15.26,2.41,0.0
20231002:1030,585.53,686.49,37.4,15.89,2.76,0.0
20231002:1130,436.79,510.07,34.77,16.84,2.97,0.0
20231002:1230,332.34,390.56,29.41,17.24,2.97,0.0
20231002:1330,296.83,350.83,22.05,17.38,2.83,0.0
20231002:1430,163.52,207.02,13.35,17.24,2.62,0.0
20231002:1530,27.68,59.45,3.88,16.73,1.72,0.0
20231002:1630,0.0,0.0,0.0,15.49,1.1,0.0
20231002:1730,0.0,0.0,0.0,14.17,0.97,0.0
20231002:1830,0.0,0.0,0.0,12.85,1.86,0.0
20231002:1930,0.0,0.0,0.0,11.36,2.21,0.0
20231002:2030,0.0,0.0,0.0,10.36,2.14,0.0
20231002:2130,0.0,0.0,0.0,10.09,2.0,0.0
20231002:2230,0.0,0.0,0.0,10.27,2.0,0.0
20231002:2330,0.0,0.0,0.0,10.47,2.0,0.0
20231003:0030,0.0,0.0,0.0,10.4,1.93,0.0
20231003:0130,0.0,0.0,0.0,10.48,1.86,0.0
20231003:0230,0.0,0.0,0.0,10.44,1.86,0.0
20231003:0330,0.0,0.0,0.0,10.86,1.79,0.0
20231003:0430,0.0,5.6,0.43,11.14,1.72,0.0
20231003:0530,72.66,101.82,10.05,11.38,1.79,0.0
20231003:0630,260.28,305.38,19.03,12.51,1.66,0.0
20231003:0730,482.49,561.17,26.88,14.35,1.79,0.0
20231003:0830,641.41,766.33,32.94,16.75,2.0,0.0
20231003:0930,719.74,877.46,36.5,18.78,2.21,0.0
20231003:1030,717.42,882.63,37.01,20.26,2.14,0.0
20231003:1130,666.2,817.1,34.37,21.25,2.14,0.0
20231003:1230,578.21,701.68,29.03,21.82,2.21,0.0
20231003:1330,412.47,496.65,21.68,22.02,2.41,0.0
20231003:1430,206.42,263.27,13.0,21.7,2.48,0.0
20231003:1530,26.24,58.88,3.53,20.65,2.07,0.0
20231003:1630,0.0,0.0,0.0,18.73,2.41,0.0
20231003:1730,0.0,0.0,0.0,16.97,2.55,0.0
20231003:1830,0.0,0.0,0.0,15.73,2.55,0.0
20231003:1930,0.0,0.0,0.0,14.79,2.55,0.0
20231003:2030,0.0,0.0,0.0,14.14,2.55,0.0
20231003:2130,0.0,0.0,0.0,13.65,2.48,0.0
20231003:2230,0.0,0.0,0.0,13.3,2.34,0.0
20231003:2330,0.0,0.0,0.0,12.86,2.07,0.0
20231004:0030,0.0,0.0,0.0,12.76,1.38,0.0
20231004:0130,0.0,0.0,0.0,14.45,0.9,0.0
20231004:0230,0.0,0.0,0.0,12.69,2.0,0.0
20231004:0330,0.0,0.0,0.0,12.14,2.69,0.0
20231004:0430,0.0,3.97,0.19,13.72,3.17,0.0
20231004:0530,8.32,20.61,9.8,15.42,3.79,0.0
20231004:0630,17.72,33.74,18.76,16.42,4.69,0.0
20231004:0730,123.4,155.57,26.57,16.77,5.38,0.0
20231004:0830,257.04,301.82,32.6,16.65,6.0,0.0
20231004:0930,335.97,390.13,36.13,16.49,5.45,0.0
20231004:1030,593.43,687.61,36.62,16.59,4.97,0.0
20231004:1130,632.71,736.76,33.98,17.25,4.97,0.0
20231004:1230,563.25,654.97,28.65,17.64,4.55,0.0
20231004:1330,426.53,498.05,21.31,17.59,4.0,0.0
20231004:1430,204.82,255.01,12.64,17.23,3.79,0.0
20231004:1530,20.43,45.75,3.18,16.37,3.45,0.0
20231004:1630,0.0,0.0,0.0,15.05,3.31,0.0
20231004:1730,0.0,0.0,0.0,14.16,3.17,0.0
20231004:1830,0.0,0.0,0.0,13.48,2.97,0.0
20231004:1930,0.0,0.0,0.0,12.71,2.34,0.0
20231004:2030,0.0,0.0,0.0,11.76,2.34,0.0
20231004:2130,0.0,0.0,0.0,10.93,2.55,0.0
20231004:2230,0.0,0.0,0.0,10.44,2.55,0.0
20231004:2330,0.0,0.0,0.0,10.03,2.48,0.0
20231005:0030,0.0,0.0,0.0,9.73,2.48,0.0
20231005:0130,0.0,0.0,0.0,9.36,2.34,0.0
20231005:0230,0.0,0.0,0.0,8.83,2.21,0.0
20231005:0330,0.0,0.0,0.0,8.36,2.21,0.0
20231005:0430,0.0,0.0,-0.05,8.1,2.14,0.0
20231005:0530,87.12,116.21,9.54,8.06,1.86,0.0
20231005:0630,235.79,275.46,18.48,9.65,1.31,0.0
20231005:0730,386.96,447.16,26.27,12.4,1.59,0.0
20231005:0830,574.42,678.41,32.26,14.21,1.45,0.0
20231005:0930,742.53,916.44,35.76,15.88,0.97,0.0
20231005:1030,754.79,937.51,36.23,17.39,1.17,0.0
20231005:1130,697.29,853.07,33.59,18.44,1.66,0.0
20231005:1230,491.33,584.48,28.27,19.1,2.14,0.0
20231005:1330,313.41,374.04,20.95,19.17,2.41,0.0
20231005:1430,152.23,195.62,12.29,18.94,2.62,0.0
20231005:1530,11.76,29.92,2.84,17.9,2.48,0.0
20231005:1630,0.0,0.0,0.0,16.08,2.62,0.0
20231005:1730,0.0,0.0,0.0,14.98,2.48,0.0
20231005:1830,0.0,0.0,0.0,14.04,2.41,0.0
20231005:1930,0.0,0.0,0.0,13.37,2.62,0.0
20231005:2030,0.0,0.0,0.0,13.14,2.97,0.0
20231005:2130,0.0,0.0,0.0,13.07,3.24,0.0
20231005:2230,0.0,0.0,0.0,13.28,3.31,0.0
20231005:2330,0.0,0.0,0.0,13.31,3.38,0.0
20231006:0030,0.0,0.0,0.0,13.63,3.72,0.0
20231006:0130,0.0,0.0,0.0,13.21,3.93,0.0
20231006:0230,0.0,0.0,0.0,12.91,4.07,0.0
20231006:0330,0.0,0.0,0.0,12.78,4.21,0.0
20231006:0430,0.0,0.0,-0.3,12.22,4.14,0.0
20231006:0530,65.46,93.71,9.29,11.87,4.0,0.0
20231006:0630,238.67,277.88,18.21,11.87,4.41,0.0
20231006:0730,412.44,466.1,25.96,12.38,4.48,0.0
20231006:0830,507.53,574.49,31.92,12.84,4.48,0.0
20231006:0930,460.51,520.32,35.39,13.42,4.76,0.0
20231006:1030,519.87,588.81,35.84,14.09,5.17,0.0
20231006:1130,499.29,568.82,33.2,14.67,5.03,0.0
20231006:1230,324.54,374.05,27.89,15.15,4.76,0.0
20231006:1330,244.53,288.11,20.58,15.23,4.28,0.0
20231006:1430,77.56,105.8,11.94,15.11,3.79,0.0
20231006:1530,18.32,44.44,2.5,14.65,2.9,0.0
20231006:1630,0.0,0.0,0.0,13.42,2.14,0.0
20231006:1730,0.0,0.0,0.0,12.31,1.86,0.0
20231006:1830,0.0,0.0,0.0,11.27,1.93,0.0
20231006:1930,0.0,0.0,0.0,9.86,2.14,0.0
20231006:2030,0.0,0.0,0.0,8.64,2.21,0.0
20231006:2130,0.0,0.0,0.0,8.35,2.28,0.0
20231006:2230,0.0,0.0,0.0,8.18,2.41,0.0
20231006:2330,0.0,0.0,0.0,8.23,2.69,0.0
20231007:0030,0.0,0.0,0.0,8.79,2.9,0.0
20231007:0130,0.0,0.0,0.0,9.5,3.17,0.0
20231007:0230,0.0,0.0,0.0,10.46,4.0,0.0
20231007:0330,0.0,0.0,0.0,11.47,4.76,0.0
20231007:0430,0.0,0.0,-0.54,12.23,5.38,0.0
20231007:0530,107.51,143.57,9.03,12.8,5.86,0.0
20231007:0630,297.42,343.66,17.93,14.13,6.76,0.0
20231007:0730,492.36,558.02,25.65,14.87,6.83,0.0
20231007:0830,606.44,689.73,31.58,16.16,8.21,0.0
20231007:0930,601.83,687.65,35.02,17.13,8.69,0.0
20231007:1030,473.28,540.43,35.45,17.75,8.48,0.0
20231007:1130,477.84,548.8,32.81,17.89,7.93,0.0
20231007:1230,354.02,409.27,27.51,18.29,7.59,0.0
20231007:1330,200.18,240.81,20.22,18.45,7.03,0.0
20231007:1430,90.43,122.72,11.59,18.07,6.76,0.0
20231007:1530,2.23,10.67,2.16,17.62,6.62,0.0
20231007:1630,0.0,0.0,0.0,17.08,6.41,0.0
20231007:1730,0.0,0.0,0.0,16.85,6.55,0.0
20231007:1830,0.0,0.0,0.0,16.93,6.48,0.0
20231007:1930,0.0,0.0,0.0,17.31,6.76,0.0
20231007:2030,0.0,0.0,0.0,17.18,6.76,0.0
20231007:2130,0.0,0.0,0.0,17.14,6.9,0.0
20231007:2230,0.0,0.0,0.0,17.08,6.83,0.0
20231007:2330,0.0,0.0,0.0,16.9,6.48,0.0
20231008:0030,0.0,0.0,0.0,16.93,6.21,0.0
20231008:0130,0.0,0.0,0.0,16.79,5.86,0.0
20231008:0230,0.0,0.0,0.0,16.55,5.66,0.0
20231008:0330,0.0,0.0,0.0,16.06,5.31,0.0
20231008:0430,0.0,0.0,-0.79,15.09,4.69,0.0
20231008:0530,0.31,6.45,8.78,12.59,4.97,0.0
20231008:0630,8.4,20.33,17.65,10.62,5.24,0.0
20231008:0730,12.04,25.33,25.35,9.07,4.21,0.0
20231008:0830,24.61,41.42,31.24,8.57,4.28,0.0
20231008:0930,21.09,37.03,34.65,8.4,4.28,0.0
20231008:1030,47.48,68.32,35.07,8.46,4.55,0.0
20231008:1130,553.58,610.87,32.42,8.84,5.66,0.0
20231008:1230,477.94,530.35,27.14,10.63,6.9,0.0
20231008:1330,420.82,471.17,19.86,10.89,6.9,0.0
20231008:1430,182.86,222.53,11.25,10.73,6.97,0.0
20231008:1530,2.27,10.49,1.83,10.11,6.69,0.0
20231008:1630,0.0,0.0,0.0,9.17,6.34,0.0
20231008:1730,0.0,0.0,0.0,8.68,6.21,0.0
20231008:1830,0.0,0.0,0.0,8.25,5.66,0.0
20231008:1930,0.0,0.0,0.0,7.44,5.38,0.0
20231008:2030,0.0,0.0,0.0,7.0,5.24,0.0
20231008:2130,0.0,0.0,0.0,6.68,5.03,0.0
20231008:2230,0.0,0.0,0.0,6.17,4.83,0.0
20231008:2330,0.0,0.0,0.0,5.78,4.76,0.0
20231009:0030,0.0,0.0,0.0,5.49,4.69,0.0
20231009:0130,0.0,0.0,0.0,5.1,4.41,0.0
20231009:0230,0.0,0.0,0.0,4.71,4.07,0.0
20231009:0330,0.0,0.0,0.0,4.37,3.79,0.0
20231009:0430,0.0,0.0,-1.03,4.07,3.17,0.0
20231009:0530,71.61,96.29,8.52,3.96,2.62,0.0
20231009:0630,159.61,187.98,17.38,4.88,2.21,0.0
20231009:0730,254.68,289.45,25.04,6.23,2.48,0.0
20231009:0830,226.91,261.25,30.9,7.62,3.03,0.0
20231009:0930,169.28,201.54,34.28,8.31,2.55,0.0
20231009:1030,130.77,160.41,34.68,8.88,2.69,0.0
20231009:1130,154.2,184.86,32.04,9.01,2.9,0.0
20231009:1230,85.97,111.55,26.76,9.01,3.1,0.0
20231009:1330,77.29,101.69,19.5,8.75,2.76,0.0
20231009:1430,27.65,45.42,10.9,8.55,2.48,0.0
20231009:1530,0.0,4.71,1.49,8.12,1.86,0.0
20231009:1630,0.0,0.0,0.0,7.68,1.52,0.0
20231009:1730,0.0,0.0,0.0,7.24,1.17,0.0
20231009:1830,0.0,0.0,0.0,6.95,0.69,0.0
20231009:1930,0.0,0.0,0.0,6.62,0.62,0.0
20231009:2030,0.0,0.0,0.0,6.36,0.83,0.0
20231009:2130,0.0,0.0,0.0,6.22,0.9,0.0
20231009:2230,0.0,0.0,0.0,6.14,0.97,0.0
20231009:2330,0.0,0.0,0.0,6.14,0.97,0.0
20231010:0030,0.0,0.0,0.0,6.04,0.83,0.0
20231010:0130,0.0,0.0,0.0,5.98,0.9,0.0
20231010:0230,0.0,0.0,0.0,5.88,1.1,0.0
20231010:0330,0.0,0.0,0.0,5.8,1.31,0.0
20231010:0430,0.0,0.0,-1.28,5.75,1.38,0.0
20231010:0530,47.25,70.17,8.26,5.78,1.52,0.0
20231010:0630,24.2,40.57,17.1,6.03,1.72,0.0
20231010:0730,115.45,140.89,24.73,5.86,1.45,0.0
20231010:0830,154.32,182.97,30.56,6.59,1.31,0.0
20231010:0930,213.99,248.82,33.91,7.19,1.24,0.0
20231010:1030,266.93,306.35,34.3,7.92,1.03,0.0
20231010:1130,302.08,345.8,31.65,8.53,1.1,0.0
20231010:1230,323.08,369.05,26.39,9.08,1.1,0.0
20231010:1330,245.69,285.58,19.15,9.43,0.83,0.0
20231010:1430,132.48,167.12,10.56,9.43,0.69,0.0
20231010:1530,1.92,9.82,1.16,9.15,1.1,0.0
20231010:1630,0.0,0.0,0.0,8.01,1.79,0.0
20231010:1730,0.0,0.0,0.0,6.98,1.86,0.0
20231010:1830,0.0,0.0,0.0,6.21,2.0,0.0
20231010:1930,0.0,0.0,0.0,5.4,2.41,0.0
20231010:2030,0.0,0.0,0.0,4.94,2.34,0.0
20231010:2130,0.0,0.0,0.0,4.53,2.28,0.0
20231010:2230,0.0,0.0,0.0,4.54,2.41,0.0
20231010:2330,0.0,0.0,0.0,4.35,2.28,0.0
20231011:0030,0.0,0.0,0.0,4.57,1.66,0.0
20231011:0130,0.0,0.0,0.0,4.64,1.79,0.0
20231011:0230,0.0,0.0,0.0,4.72,1.93,0.0
20231011:0330,0.0,0.0,0.0,4.61,2.07,0.0
20231011:0430,0.0,0.0,-1.52,4.47,2.14,0.0
20231011:0530,96.95,127.84,8.0,4.78,2.21,0.0
20231011:0630,306.55,346.18,16.82,5.96,2.07,0.0
20231011:0730,373.92,421.99,24.42,8.49,2.14,0.0
20231011:0830,246.9,287.07,30.22,11.26,2.14,0.0
20231011:0930,205.52,243.73,33.54,12.78,2.14,0.0
20231011:1030,88.79,115.87,33.91,13.92,2.28,0.0
20231011:1130,47.12,69.27,31.27,13.97,2.41,0.0
20231011:1230,88.07,114.48,26.02,13.91,2.62,0.0
20231011:1330,95.36,123.64,18.8,14.36,2.55,0.0
20231011:1430,72.17,100.43,10.23,14.79,3.1,0.0
20231011:1530,0.63,7.26,0.83,14.66,3.31,0.0
20231011:1630,0.0,0.0,0.0,13.59,3.31,0.0
20231011:1730,0.0,0.0,0.0,12.96,3.38,0.0
20231011:1830,0.0,0.0,0.0,12.58,3.38,0.0
20231011:1930,0.0,0.0,0.0,12.82,3.86,0.0
20231011:2030,0.0,0.0,0.0,12.76,3.79,0.0
20231011:2130,0.0,0.0,0.0,12.91,3.79,0.0
20231011:2230,0.0,0.0,0.0,12.92,3.66,0.0
20231011:2330,0.0,0.0,0.0,12.84,3.59,0.0
20231012:0030,0.0,0.0,0.0,12.72,3.45,0.0
20231012:0130,0.0,0.0,0.0,12.41,3.24,0.0
20231012:0230,0.0,0.0,0.0,12.25,3.1,0.0
20231012:0330,0.0,0.0,0.0,12.04,3.1,0.0
20231012:0430,0.0,0.0,-1.77,11.84,3.1,0.0
20231012:0530,89.92,122.43,7.74,11.91,3.17,0.0
20231012:0630,325.93,377.73,16.54,13.17,3.17,0.0
20231012:0730,536.17,622.45,24.12,15.74,3.24,0.0
20231012:0830,677.09,797.18,29.88,18.03,4.28,0.0
20231012:0930,756.06,898.95,33.17,19.76,5.24,0.0
20231012:1030,762.13,907.43,33.53,20.82,5.86,0.0
20231012:1130,701.49,829.88,30.89,21.32,6.28,0.0
20231012:1230,581.23,682.08,25.65,21.49,6.41,0.0
20231012:1330,398.66,470.56,18.45,21.28,5.86,0.0
20231012:1430,178.21,228.7,9.89,20.56,5.52,0.0
20231012:1530,0.31,6.57,0.51,19.15,5.1,0.0
20231012:1630,0.0,0.0,0.0,17.64,4.69,0.0
20231012:1730,0.0,0.0,0.0,16.84,4.41,0.0
20231012:1830,0.0,0.0,0.0,16.62,4.14,0.0
20231012:1930,0.0,0.0,0.0,16.45,4.34,0.0
20231012:2030,0.0,0.0,0.0,16.56,3.79,0.0
20231012:2130,0.0,0.0,0.0,16.39,3.17,0.0
20231012:2230,0.0,0.0,0.0,15.81,2.9,0.0
20231012:2330,0.0,0.0,0.0,15.24,2.76,0.0
20231013:0030,0.0,0.0,0.0,14.53,2.69,0.0
20231013:0130,0.0,0.0,0.0,13.84,2.48,0.0
20231013:0230,0.0,0.0,0.0,13.68,2.21,0.0
20231013:0330,0.0,0.0,0.0,13.45,1.93,0.0
20231013:0430,0.0,0.0,-2.01,13.27,1.72,0.0
20231013:0530,16.06,31.78,7.49,13.17,1.59,0.0
20231013:0630,239.96,284.47,16.26,13.21,1.03,0.0
20231013:0730,490.02,580.38,23.81,15.19,0.69,0.0
20231013:0830,618.69,751.56,29.54,16.83,0.76,0.0
20231013:0930,599.68,727.75,32.81,18.07,0.97,0.0
20231013:1030,568.45,691.61,33.15,19.01,0.9,0.0
20231013:1130,363.57,437.17,30.52,19.74,0.55,0.0
20231013:1230,223.99,273.8,25.29,20.01,0.41,0.0
20231013:1330,227.5,277.56,18.1,20.04,0.97,0.0
20231013:1430,115.95,156.29,9.56,19.91,1.31,0.0
20231013:1530,0.0,4.09,0.18,19.12,1.72,0.0
20231013:1630,0.0,0.0,0.0,17.8,2.0,0.0
20231013:1730,0.0,0.0,0.0,16.35,2.21,0.0
20231013:1830,0.0,0.0,0.0,15.38,2.21,0.0
20231013:1930,0.0,0.0,0.0,15.31,2.41,0.0
20231013:2030,0.0,0.0,0.0,14.83,2.62,0.0
20231013:2130,0.0,0.0,0.0,14.58,2.76,0.0
20231013:2230,0.0,0.0,0.0,14.24,2.76,0.0
20231013:2330,0.0,0.0,0.0,14.15,2.62,0.0
20231014:0030,0.0,0.0,0.0,13.92,2.41,0.0
20231014:0130,0.0,0.0,0.0,13.66,2.41,0.0
20231014:0230,0.0,0.0,0.0,13.52,2.48,0.0
20231014:0330,0.0,0.0,0.0,13.47,2.62,0.0
20231014:0430,0.0,0.0,-2.26,13.5,2.69,0.0
20231014:0530,114.69,154.08,7.23,13.4,2.83,0.0
20231014:0630,285.63,335.62,15.98,14.62,2.55,0.0
20231014:0730,498.84,585.43,23.5,16.95,2.34,0.0
20231014:0830,603.23,719.02,29.2,19.52,2.9,0.0
20231014:0930,707.46,856.09,32.45,21.44,3.66,0.0
20231014:1030,708.32,858.74,32.78,22.83,4.21,0.0
20231014:1130,660.11,797.49,30.14,23.5,4.34,0.0
20231014:1230,542.98,651.35,24.93,23.64,4.07,0.0
20231014:1330,368.88,445.43,17.75,23.36,3.17,0.0
20231014:1430,158.96,209.86,9.23,22.72,2.14,0.0
20231014:1530,0.0,0.0,-0.14,21.33,2.0,0.0
20231014:1630,0.0,0.0,0.0,19.17,2.55,0.0
20231014:1730,0.0,0.0,0.0,17.29,2.62,0.0
20231014:1830,0.0,0.0,0.0,16.1,2.48,0.0
20231014:1930,0.0,0.0,0.0,15.27,2.48,0.0
20231014:2030,0.0,0.0,0.0,14.64,2.41,0.0
20231014:2130,0.0,0.0,0.0,14.19,2.28,0.0
20231014:2230,0.0,0.0,0.0,13.79,2.14,0.0
20231014:2330,0.0,0.0,0.0,13.47,1.86,0.0
20231015:0030,0.0,0.0,0.0,13.86,1.45,0.0
20231015:0130,0.0,0.0,0.0,14.44,1.17,0.0
20231015:0230,0.0,0.0,0.0,12.64,1.72,0.0
20231015:0330,0.0,0.0,0.0,13.12,2.9,0.0
20231015:0430,0.0,0.0,-2.51,13.17,4.21,0.0
20231015:0530,0.49,6.92,6.97,12.35,4.76,0.0
20231015:0630,10.88,23.94,15.7,11.39,4.07,0.0
20231015:0730,15.05,29.59,23.19,11.02,4.0,0.0
20231015:0830,24.93,42.14,28.86,10.56,3.45,0.0
20231015:0930,35.56,54.99,32.08,10.66,2.69,0.0
20231015:1030,15.98,30.8,32.4,10.81,2.55,0.0
20231015:1130,16.57,31.56,29.77,10.68,2.76,0.0
20231015:1230,10.1,22.77,24.57,10.46,3.17,0.0
20231015:1330,6.73,17.84,17.41,10.1,3.03,0.0
20231015:1430,1.78,9.55,8.9,9.72,2.69,0.0
20231015:1530,0.0,0.0,-0.45,9.35,2.41,0.0
20231015:1630,0.0,0.0,0.0,8.98,2.07,0.0
20231015:1730,0.0,0.0,0.0,8.7,2.07,0.0
20231015:1830,0.0,0.0,0.0,8.55,2.62,0.0
20231015:1930,0.0,0.0,0.0,7.93,2.9,0.0
20231015:2030,0.0,0.0,0.0,7.62,3.24,0.0
20231015:2130,0.0,0.0,0.0,7.24,3.31,0.0
20231015:2230,0.0,0.0,0.0,7.02,3.31,0.0
20231015:2330,0.0,0.0,0.0,6.57,3.59,0.0
20231016:0030,0.0,0.0,0.0,6.16,3.93,0.0
20231016:0130,0.0,0.0,0.0,5.71,4.21,0.0
20231016:0230,0.0,0.0,0.0,5.3,4.48,0.0
20231016:0330,0.0,0.0,0.0,5.08,4.62,0.0
20231016:0430,0.0,0.0,-2.76,4.91,4.76,0.0
20231016:0530,65.65,91.44,6.71,4.9,4.83,0.0
20231016:0630,196.63,225.26,15.41,5.48,5.79,0.0
20231016:0730,323.67,354.8,22.88,5.88,6.41,0.0
20231016:0830,302.83,333.62,28.52,6.59,6.9,0.0
20231016:0930,382.48,420.11,31.72,7.52,6.83,0.0
20231016:1030,503.66,551.46,32.03,8.29,6.97,0.0
20231016:1130,549.36,605.28,29.4,9.02,6.69,0.0
20231016:1230,386.7,428.75,24.21,9.87,6.9,0.0
20231016:1330,205.86,238.39,17.07,10.02,6.55,0.0
20231016:1430,108.99,140.82,8.58,9.47,5.86,0.0
20231016:1530,0.0,0.0,-0.77,8.82,4.97,0.0
20231016:1630,0.0,0.0,0.0,7.9,3.86,0.0
20231016:1730,0.0,0.0,0.0,7.15,3.52,0.0
20231016:1830,0.0,0.0,0.0,6.38,3.17,0.0
20231016:1930,0.0,0.0,0.0,5.74,2.76,0.0
20231016:2030,0.0,0.0,0.0,5.47,2.69,0.0
20231016:2130,0.0,0.0,0.0,5.47,2.69,0.0
20231016:2230,0.0,0.0,0.0,5.41,2.69,0.0
20231016:2330,0.0,0.0,0.0,5.18,2.55,0.0
20231017:0030,0.0,0.0,0.0,4.65,2.48,0.0
20231017:0130,0.0,0.0,0.0,4.33,2.41,0.0
20231017:0230,0.0,0.0,0.0,4.03,2.34,0.0
20231017:0330,0.0,0.0,0.0,3.89,2.14,0.0
20231017:0430,0.0,0.0,-3.0,3.4,2.14,0.0
20231017:0530,79.84,107.77,6.45,3.06,1.93,0.0
20231017:0630,176.74,205.38,15.13,3.91,1.38,0.0
20231017:0730,457.75,512.57,22.57,6.21,1.59,0.0
20231017:0830,586.02,660.98,28.19,7.53,2.34,0.0
20231017:0930,562.93,636.38,31.36,8.42,2.34,0.0
20231017:1030,412.77,467.12,31.66,9.05,2.07,0.0
20231017:1130,172.41,205.28,29.03,9.54,1.86,0.0
20231017:1230,107.03,134.6,23.86,9.35,1.52,0.0
20231017:1330,63.28,86.64,16.74,9.32,1.31,0.0
20231017:1430,34.48,53.96,8.25,9.09,1.1,0.0
20231017:1530,0.0,0.0,-1.08,8.66,1.1,0.0
20231017:1630,0.0,0.0,0.0,7.86,1.24,0.0
20231017:1730,0.0,0.0,0.0,6.44,1.03,0.0
20231017:1830,0.0,0.0,0.0,5.23,1.24,0.0
20231017:1930,0.0,0.0,0.0,3.98,2.07,0.0
20231017:2030,0.0,0.0,0.0,4.03,2.07,0.0
20231017:2130,0.0,0.0,0.0,3.87,1.93,0.0
20231017:2230,0.0,0.0,0.0,3.82,1.79,0.0
20231017:2330,0.0,0.0,0.0,3.76,1.59,0.0
20231018:0030,0.0,0.0,0.0,3.27,1.52,0.0
20231018:0130,0.0,0.0,0.0,2.71,1.31,0.0
20231018:0230,0.0,0.0,0.0,2.17,1.24,0.0
20231018:0330,0.0,0.0,0.0,1.52,1.24,0.0
20231018:0430,0.0,0.0,-3.25,1.1,1.24,0.0
20231018:0530,102.68,133.06,6.18,0.68,1.31,0.0
20231018:0630,314.01,351.14,14.85,2.28,0.83,0.0
20231018:0730,488.6,547.99,22.27,4.96,0.97,0.0
20231018:0830,678.74,784.67,27.85,7.12,1.17,0.0
20231018:0930,673.93,771.41,31.0,9.19,2.62,0.0
20231018:1030,613.6,695.0,31.29,10.23,3.59,0.0
20231018:1130,608.71,690.05,28.67,10.63,3.59,0.0
20231018:1230,574.41,651.33,23.51,10.86,3.52,0.0
20231018:1330,266.6,307.05,16.4,11.1,3.72,0.0
20231018:1430,136.56,173.24,7.94,10.6,3.03,0.0
20231018:1530,0.0,0.0,-1.38,9.71,2.28,0.0
20231018:1630,0.0,0.0,0.0,8.15,2.0,0.0
20231018:1730,0.0,0.0,0.0,6.7,1.79,0.0
20231018:1830,0.0,0.0,0.0,5.19,2.0,0.0
20231018:1930,0.0,0.0,0.0,3.61,2.0,0.0
20231018:2030,0.0,0.0,0.0,2.75,1.79,0.0
20231018:2130,0.0,0.0,0.0,1.99,1.79,0.0
20231018:2230,0.0,0.0,0.0,1.28,1.86,0.0
20231018:2330,0.0,0.0,0.0,0.74,1.93,0.0
20231019:0030,0.0,0.0,0.0,0.39,2.0,0.0
20231019:0130,0.0,0.0,0.0,0.22,2.0,0.0
20231019:0230,0.0,0.0,0.0,0.05,1.93,0.0
20231019:0330,0.0,0.0,0.0,-0.11,1.86,0.0
20231019:0430,0.0,0.0,-3.5,-0.24,1.93,0.0
20231019:0530,114.53,145.37,5.92,-0.25,2.07,0.0
20231019:0630,331.21,365.9,14.57,1.08,1.79,0.0
20231019:0730,550.73,612.79,21.96,4.3,1.93,0.0
20231019:0830,652.91,740.81,27.52,7.14,2.14,0.0
20231019:0930,525.96,591.04,30.65,9.45,2.83,0.0
20231019:1030,531.45,598.93,30.93,10.79,3.38,0.0
20231019:1130,172.35,204.37,28.31,11.94,3.52,0.0
20231019:1230,101.68,128.85,23.16,11.76,3.17,0.0
20231019:1330,43.3,63.75,16.07,11.37,3.1,0.0
20231019:1430,11.6,25.18,7.62,10.55,3.24,0.0
20231019:1530,0.0,0.0,-1.69,9.98,3.45,0.0
20231019:1630,0.0,0.0,0.0,9.46,3.24,0.0
20231019:1730,0.0,0.0,0.0,9.05,2.83,0.0
20231019:1830,0.0,0.0,0.0,8.99,2.41,0.0
20231019:1930,0.0,0.0,0.0,9.36,1.72,0.0
20231019:2030,0.0,0.0,0.0,9.3,1.79,0.0
20231019:2130,0.0,0.0,0.0,9.22,1.79,0.0
20231019:2230,0.0,0.0,0.0,9.02,1.72,0.0
20231019:2330,0.0,0.0,0.0,9.13,2.0,0.0
20231020:0030,0.0,0.0,0.0,9.47,2.21,0.0
20231020:0130,0.0,0.0,0.0,10.02,2.28,0.0
20231020:0230,0.0,0.0,0.0,10.28,2.34,0.0
20231020:0330,0.0,0.0,0.0,10.65,2.41,0.0
20231020:0430,0.0,0.0,-3.75,11.26,2.34,0.0
20231020:0530,19.81,36.88,5.66,11.69,2.34,0.0
20231020:0630,77.68,103.28,14.29,12.12,2.14,0.0
20231020:0730,157.64,191.8,21.65,13.36,1.66,0.0
20231020:0830,219.75,262.49,27.18,15.75,1.31,0.0
20231020:0930,153.28,189.62,30.29,16.81,1.24,0.0
20231020:1030,145.34,181.72,30.56,17.66,1.66,0.0
20231020:1130,76.69,104.04,27.95,18.59,2.28,0.0
20231020:1230,76.69,104.2,22.82,18.53,2.76,0.0
20231020:1330,64.42,90.49,15.75,18.05,2.41,0.0
20231020:1430,51.69,77.99,7.31,17.63,2.41,0.0
20231020:1530,0.0,0.0,-1.98,16.93,2.76,0.0
20231020:1630,0.0,0.0,0.0,16.09,3.17,0.0
20231020:1730,0.0,0.0,0.0,15.94,3.59,0.0
20231020:1830,0.0,0.0,0.0,16.2,3.79,0.0
20231020:1930,0.0,0.0,0.0,15.71,3.66,0.0
20231020:2030,0.0,0.0,0.0,15.95,3.72,0.0
20231020:2130,0.0,0.0,0.0,16.59,4.07,0.0
20231020:2230,0.0,0.0,0.0,17.8,4.9,0.0
20231020:2330,0.0,0.0,0.0,19.26,5.86,0.0
20231021:0030,0.0,0.0,0.0,20.17,6.69,0.0
20231021:0130,0.0,0.0,0.0,20.22,6.83,0.0
20231021:0230,0.0,0.0,0.0,19.94,6.41,0.0
20231021:0330,0.0,0.0,0.0,19.5,5.93,0.0
20231021:0430,0.0,0.0,-4.0,19.12,5.45,0.0
20231021:0530,86.67,123.77,5.4,18.54,4.97,0.0
20231021:0630,229.29,275.97,14.01,18.71,4.69,0.0
20231021:0730,427.91,501.95,21.35,19.85,4.0,0.0
20231021:0830,583.18,693.37,26.85,21.62,4.28,0.0
20231021:0930,630.2,758.85,29.94,23.11,4.21,0.0
20231021:1030,628.46,752.97,30.2,23.72,5.24,0.0
20231021:1130,458.59,543.26,27.6,23.71,5.31,0.0
20231021:1230,405.9,482.56,22.48,23.43,4.41,0.0
20231021:1330,223.12,274.1,15.43,23.16,3.38,0.0
20231021:1430,95.52,133.3,7.01,22.34,2.62,0.0
20231021:1530,0.0,0.0,-2.28,21.13,2.34,0.0
20231021:1630,0.0,0.0,0.0,19.85,2.14,0.0
20231021:1730,0.0,0.0,0.0,18.62,2.07,0.0
20231021:1830,0.0,0.0,0.0,17.59,2.07,0.0
20231021:1930,0.0,0.0,0.0,16.74,1.38,0.0
20231021:2030,0.0,0.0,0.0,16.05,1.24,0.0
20231021:2130,0.0,0.0,0.0,15.46,1.45,0.0
20231021:2230,0.0,0.0,0.0,15.02,1.52,0.0
20231021:2330,0.0,0.0,0.0,14.09,1.72,0.0
20231022:0030,0.0,0.0,0.0,13.64,1.79,0.0
20231022:0130,0.0,0.0,0.0,13.03,1.86,0.0
20231022:0230,0.0,0.0,0.0,12.41,1.86,0.0
20231022:0330,0.0,0.0,0.0,11.86,1.72,0.0
20231022:0430,0.0,0.0,-4.24,11.52,1.59,0.0
20231022:0530,59.63,87.67,5.14,11.33,1.66,0.0
20231022:0630,137.04,169.02,13.73,12.51,1.52,0.0
20231022:0730,147.04,180.0,21.04,15.09,1.1,0.0
20231022:0830,171.81,207.82,26.52,16.68,1.52,0.0
20231022:0930,560.72,670.6,29.59,18.01,1.45,0.0
20231022:1030,626.77,746.87,29.85,20.49,3.66,0.0
20231022:1130,542.25,636.93,27.25,20.63,4.97,0.0
20231022:1230,316.33,371.85,22.14,20.35,5.03,0.0
20231022:1330,298.45,354.39,15.11,19.56,4.21,0.0
20231022:1430,108.52,147.15,6.7,18.96,4.14,0.0
20231022:1530,0.0,0.0,-2.57,17.92,3.72,0.0
20231022:1630,0.0,0.0,0.0,16.78,3.31,0.0
20231022:1730,0.0,0.0,0.0,15.9,3.17,0.0
20231022:1830,0.0,0.0,0.0,15.23,3.38,0.0
20231022:1930,0.0,0.0,0.0,15.25,3.38,0.0
20231022:2030,0.0,0.0,0.0,15.12,3.86,0.0
20231022:2130,0.0,0.0,0.0,14.78,3.79,0.0
20231022:2230,0.0,0.0,0.0,14.34,3.86,0.0
20231022:2330,0.0,0.0,0.0,14.06,4.07,0.0
20231023:0030,0.0,0.0,0.0,13.95,4.34,0.0
20231023:0130,0.0,0.0,0.0,13.79,4.41,0.0
20231023:0230,0.0,0.0,0.0,13.17,3.79,0.0
20231023:0330,0.0,0.0,0.0,12.55,3.45,0.0
20231023:0430,0.0,0.0,0.0,11.97,3.17,0.0
20231023:0530,62.53,91.21,4.88,11.41,3.1,0.0
20231023:0630,187.87,223.48,13.45,11.72,3.1,0.0
20231023:0730,370.48,424.31,20.74,12.94,3.03,0.0
20231023:0830,577.32,664.47,26.19,14.19,3.66,0.0
20231023:0930,698.42,814.62,29.25,15.25,4.0,0.0
20231023:1030,679.25,793.75,29.49,15.99,4.07,0.0
20231023:1130,419.85,484.11,26.9,16.57,4.48,0.0
20231023:1230,377.98,436.35,21.81,16.65,4.28,0.0
20231023:1330,157.86,193.72,14.79,16.66,3.86,0.0
20231023:1430,85.66,118.73,6.41,16.09,2.69,0.0
20231023:1530,0.0,0.0,-2.86,15.01,2.07,0.0
20231023:1630,0.0,0.0,0.0,13.62,1.66,0.0
20231023:1730,0.0,0.0,0.0,11.88,1.24,0.0
20231023:1830,0.0,0.0,0.0,10.62,1.31,0.0
20231023:1930,0.0,0.0,0.0,8.9,1.66,0.0
20231023:2030,0.0,0.0,0.0,7.99,1.72,0.0
20231023:2130,0.0,0.0,0.0,7.48,1.79,0.0
20231023:2230,0.0,0.0,0.0,7.26,1.79,0.0
20231023:2330,0.0,0.0,0.0,6.94,1.79,0.0
20231024:0030,0.0,0.0,0.0,6.52,1.79,0.0
20231024:0130,0.0,0.0,0.0,6.21,1.86,0.0
20231024:0230,0.0,0.0,0.0,5.93,1.86,0.0
20231024:0330,0.0,0.0,0.0,5.87,1.79,0.0
20231024:0430,0.0,0.0,0.0,5.81,1.72,0.0
20231024:0530,56.67,82.68,4.62,5.88,1.72,0.0
20231024:0630,140.85,169.33,13.17,7.01,1.52,0.0
20231024:0730,231.39,267.47,20.43,9.97,1.59,0.0
20231024:0830,219.89,256.4,25.87,11.96,1.86,0.0
20231024:0930,324.89,371.52,28.9,13.36,2.41,0.0
20231024:1030,108.15,137.64,29.14,14.99,2.76,0.0
20231024:1130,62.3,87.4,26.55,15.47,2.97,0.0
20231024:1230,106.25,135.47,21.48,15.54,2.69,0.0
20231024:1330,130.37,163.01,14.48,15.61,2.76,0.0
20231024:1430,78.23,109.44,6.11,15.41,2.97,0.0
20231024:1530,0.0,0.0,-3.14,14.47,2.97,0.0
20231024:1630,0.0,0.0,0.0,13.63,2.76,0.0
20231024:1730,0.0,0.0,0.0,13.15,2.62,0.0
20231024:1830,0.0,0.0,0.0,12.66,2.55,0.0
20231024:1930,0.0,0.0,0.0,12.62,2.83,0.0
20231024:2030,0.0,0.0,0.0,12.28,2.55,0.0
20231024:2130,0.0,0.0,0.0,11.92,2.62,0.0
20231024:2230,0.0,0.0,0.0,11.75,2.76,0.0
20231024:2330,0.0,0.0,0.0,11.76,2.62,0.0
20231025:0030,0.0,0.0,0.0,11.68,2.48,0.0
20231025:0130,0.0,0.0,0.0,11.67,2.62,0.0
20231025:0230,0.0,0.0,0.0,11.65,2.83,0.0
20231025:0330,0.0,0.0,0.0,11.65,2.97,0.0
20231025:0430,0.0,0.0,0.0,11.7,3.1,0.0
20231025:0530,1.95,9.95,4.36,11.85,3.03,0.0
20231025:0630,20.71,36.96,12.89,12.1,3.03,0.0
20231025:0730,55.58,78.44,20.13,12.74,2.69,0.0
20231025:0830,258.51,299.82,25.54,13.64,2.62,0.0
20231025:0930,374.41,432.78,28.56,15.48,2.41,0.0
20231025:1030,405.34,469.95,28.79,16.67,2.83,0.0
20231025:1130,198.68,238.0,26.21,17.0,3.38,0.0
20231025:1230,189.25,227.16,21.16,16.69,2.34,0.0
20231025:1330,21.99,39.24,14.18,16.08,3.03,0.0
20231025:1430,0.0,5.11,5.82,15.06,3.66,0.0
20231025:1530,0.0,0.0,-3.42,14.26,3.93,0.0
20231025:1630,0.0,0.0,0.0,13.78,3.59,0.0
20231025:1730,0.0,0.0,0.0,13.59,3.52,0.0
20231025:1830,0.0,0.0,0.0,13.17,3.24,0.0
20231025:1930,0.0,0.0,0.0,12.83,2.55,0.0
20231025:2030,0.0,0.0,0.0,12.62,1.86,0.0
20231025:2130,0.0,0.0,0.0,12.3,0.9,0.0
20231025:2230,0.0,0.0,0.0,12.64,0.07,0.0
20231025:2330,0.0,0.0,0.0,11.66,0.76,0.0
20231026:0030,0.0,0.0,0.0,11.14,1.38,0.0
20231026:0130,0.0,0.0,0.0,10.78,1.45,0.0
20231026:0230,0.0,0.0,0.0,10.6,1.38,0.0
20231026:0330,0.0,0.0,0.0,10.72,1.66,0.0
20231026:0430,0.0,0.0,0.0,10.7,1.59,0.0
20231026:0530,36.8,60.26,4.1,10.64,1.79,0.0
20231026:0630,63.45,86.96,12.61,10.98,2.0,0.0
20231026:0730,193.2,227.27,19.83,11.79,2.07,0.0
20231026:0830,292.09,337.49,25.22,13.23,1.79,0.0
20231026:0930,486.89,566.09,28.22,14.67,1.86,0.0
20231026:1030,492.5,572.51,28.45,16.28,3.03,0.0
20231026:1130,133.03,167.16,25.88,17.08,3.59,0.0
20231026:1230,100.63,131.41,20.84,16.9,2.76,0.0
20231026:1330,39.72,61.19,13.87,16.62,2.0,0.0
20231026:1430,9.38,22.22,5.54,15.87,1.72,0.0
20231026:1530,0.0,0.0,-3.69,15.09,1.86,0.0
20231026:1630,0.0,0.0,0.0,14.15,2.0,0.0
20231026:1730,0.0,0.0,0.0,13.49,2.28,0.0
20231026:1830,0.0,0.0,0.0,13.31,2.69,0.0
20231026:1930,0.0,0.0,0.0,13.26,3.72,0.0
20231026:2030,0.0,0.0,0.0,12.93,3.66,0.0
20231026:2130,0.0,0.0,0.0,12.78,3.31,0.0
20231026:2230,0.0,0.0,0.0,12.68,2.69,0.0
20231026:2330,0.0,0.0,0.0,12.22,2.07,0.0
20231027:0030,0.0,0.0,0.0,11.57,1.38,0.0
20231027:0130,0.0,0.0,0.0,11.0,1.45,0.0
20231027:0230,0.0,0.0,0.0,10.85,1.86,0.0
20231027:0330,0.0,0.0,0.0,10.64,1.86,0.0
20231027:0430,0.0,0.0,0.0,10.66,2.07,0.0
20231027:0530,9.86,23.28,3.84,10.82,2.07,0.0
20231027:0630,38.34,58.46,12.33,11.24,2.0,0.0
20231027:0730,81.73,107.98,19.53,12.41,2.07,0.0
20231027:0830,80.1,107.01,24.9,13.59,2.14,0.0
20231027:0930,61.61,86.47,27.88,14.42,2.41,0.0
20231027:1030,30.71,49.98,28.11,14.57,2.62,0.0
20231027:1130,28.49,47.2,25.54,14.33,2.69,0.0
20231027:1230,14.19,28.78,20.52,14.26,2.76,0.0
20231027:1330,7.73,19.59,13.57,13.91,3.1,0.0
20231027:1430,2.59,11.22,5.25,13.64,3.66,0.0
20231027:1530,0.0,0.0,0.0,13.4,4.34,0.0
20231027:1630,0.0,0.0,0.0,13.15,4.76,0.0
20231027:1730,0.0,0.0,0.0,13.31,4.9,0.0
20231027:1830,0.0,0.0,0.0,13.71,4.41,0.0
20231027:1930,0.0,0.0,0.0,13.52,2.62,0.0
20231027:2030,0.0,0.0,0.0,13.89,3.59,0.0
20231027:2130,0.0,0.0,0.0,14.03,7.45,0.0
20231027:2230,0.0,0.0,0.0,13.44,8.48,0.0
20231027:2330,0.0,0.0,0.0,12.67,8.07,0.0
20231028:0030,0.0,0.0,0.0,12.01,7.03,0.0
20231028:0130,0.0,0.0,0.0,11.72,6.28,0.0
20231028:0230,0.0,0.0,0.0,11.63,5.79,0.0
20231028:0330,0.0,0.0,0.0,11.71,5.66,0.0
20231028:0430,0.0,0.0,0.0,11.68,6.21,0.0
20231028:0530,54.11,82.07,3.58,11.3,6.41,0.0
20231028:0630,210.16,245.39,12.06,11.21,6.28,0.0
20231028:0730,272.62,310.32,19.23,11.93,5.52,0.0
20231028:0830,466.97,522.32,24.58,12.18,5.79,0.0
20231028:0930,647.65,729.19,27.55,12.92,6.62,0.0
20231028:1030,476.68,536.1,27.77,13.89,6.83,0.0
20231028:1130,549.03,620.19,25.21,14.24,6.48,0.0
20231028:1230,464.11,526.15,20.21,14.48,5.93,0.0
20231028:1330,306.03,354.06,13.28,14.43,5.03,0.0
20231028:1430,100.64,136.21,4.98,13.95,3.66,0.0
20231028:1530,0.0,0.0,-4.23,13.03,2.9,0.0
20231028:1630,0.0,0.0,0.0,11.83,2.41,0.0
20231028:1730,0.0,0.0,0.0,10.94,2.41,0.0
20231028:1830,0.0,0.0,0.0,10.28,2.21,0.0
20231028:1930,0.0,0.0,0.0,9.95,2.83,0.0
20231028:2030,0.0,0.0,0.0,9.94,2.9,0.0
20231028:2130,0.0,0.0,0.0,10.32,3.17,0.0
20231028:2230,0.0,0.0,0.0,10.63,3.31,0.0
20231028:2330,0.0,0.0,0.0,10.86,3.24,0.0
20231029:0030,0.0,0.0,0.0,11.26,3.17,0.0
20231029:0130,0.0,0.0,0.0,11.6,2.9,0.0
20231029:0230,0.0,0.0,0.0,11.29,2.34,0.0
20231029:0330,0.0,0.0,0.0,10.53,1.72,0.0
20231029:0430,0.0,0.0,0.0,9.41,1.66,0.0
20231029:0530,36.37,58.89,3.32,8.86,1.86,0.0
20231029:0630,273.48,315.04,11.78,8.9,1.79,0.0
20231029:0730,430.43,491.93,18.94,11.52,1.86,0.0
20231029:0830,580.84,673.1,24.26,13.46,2.41,0.0
20231029:0930,665.8,781.92,27.22,15.0,2.83,0.0
20231029:1030,663.26,781.07,27.43,16.29,3.1,0.0
20231029:1130,582.11,679.27,24.89,17.13,3.72,0.0
20231029:1230,311.46,362.83,19.9,17.52,4.41,0.0
20231029:1330,301.32,354.64,12.99,17.11,3.79,0.0
20231029:1430,96.55,133.03,4.71,16.39,2.83,0.0
20231029:1530,0.0,0.0,0.0,15.2,2.34,0.0
20231029:1630,0.0,0.0,0.0,13.38,2.69,0.0
20231029:1730,0.0,0.0,0.0,12.37,2.69,0.0
20231029:1830,0.0,0.0,0.0,11.83,2.69,0.0
20231029:1930,0.0,0.0,0.0,11.46,2.34,0.0
20231029:2030,0.0,0.0,0.0,11.21,2.48,0.0
20231029:2130,0.0,0.0,0.0,11.31,2.62,0.0
20231029:2230,0.0,0.0,0.0,11.47,2.62,0.0
20231029:2330,0.0,0.0,0.0,11.13,2.62,0.0
20231030:0030,0.0,0.0,0.0,10.77,2.69,0.0
20231030:0130,0.0,0.0,0.0,10.62,2.83,0.0
20231030:0230,0.0,0.0,0.0,10.88,2.9,0.0
20231030:0330,0.0,0.0,0.0,10.95,2.9,0.0
20231030:0430,0.0,0.0,0.0,10.81,2.76,0.0
20231030:0530,64.73,95.02,3.07,10.78,2.55,0.0
20231030:0630,229.44,268.69,11.5,10.93,2.34,0.0
20231030:0730,430.04,494.85,18.64,12.91,2.0,0.0
20231030:0830,534.01,626.95,23.94,15.87,2.0,0.0
20231030:0930,600.3,715.11,26.89,17.64,2.21,0.0
20231030:1030,578.05,688.92,27.1,18.84,2.48,0.0
20231030:1130,466.26,550.03,24.57,19.46,2.97,0.0
20231030:1230,204.63,249.07,19.6,19.44,2.48,0.0
20231030:1330,71.99,99.9,12.71,18.89,2.41,0.0
20231030:1430,12.87,27.45,4.44,17.94,2.21,0.0
20231030:1530,0.0,0.0,0.0,16.45,2.41,0.0
20231030:1630,0.0,0.0,0.0,14.99,2.69,0.0
20231030:1730,0.0,0.0,0.0,13.9,2.83,0.0
20231030:1830,0.0,0.0,0.0,13.22,2.69,0.0
20231030:1930,0.0,0.0,0.0,12.67,2.62,0.0
20231030:2030,0.0,0.0,0.0,12.13,2.9,0.0
20231030:2130,0.0,0.0,0.0,11.96,3.03,0.0
20231030:2230,0.0,0.0,0.0,11.73,3.03,0.0
20231030:2330,0.0,0.0,0.0,11.43,3.1,0.0
20231031:0030,0.0,0.0,0.0,11.24,3.17,0.0
20231031:0130,0.0,0.0,0.0,11.29,3.24,0.0
20231031:0230,0.0,0.0,0.0,11.41,3.17,0.0
20231031:0330,0.0,0.0,0.0,11.51,2.97,0.0
20231031:0430,0.0,0.0,0.0,11.56,2.97,0.0
20231031:0530,57.16,86.19,2.81,11.56,2.97,0.0
20231031:0630,248.87,290.72,11.23,11.98,2.97,0.0
20231031:0730,436.19,500.17,18.35,14.02,3.17,0.0
20231031:0830,567.56,662.66,23.63,16.52,3.17,0.0
20231031:0930,648.51,774.69,26.56,19.0,3.03,0.0
20231031:1030,687.25,835.38,26.78,20.87,2.83,0.0
20231031:1130,563.64,679.4,24.25,21.9,2.69,0.0
20231031:1230,361.02,431.62,19.3,21.9,2.69,0.0
20231031:1330,88.06,119.34,12.43,21.13,1.93,0.0
20231031:1430,6.21,17.62,4.18,19.6,1.72,0.0
20231031:1530,0.0,0.0,0.0,17.62,2.14,0.0
20231031:1630,0.0,0.0,0.0,16.08,2.28,0.0
20231031:1730,0.0,0.0,0.0,14.67,2.41,0.0
20231031:1830,0.0,0.0,0.0,13.72,2.41,0.0
20231031:1930,0.0,0.0,0.0,14.16,2.9,0.0
20231031:2030,0.0,0.0,0.0,14.36,3.31,0.0
20231031:2130,0.0,0.0,0.0,14.8,3.86,0.0
20231031:2230,0.0,0.0,0.0,14.43,3.31,0.0
20231031:2330,0.0,0.0,0.0,14.22,2.76,0.0
20231101:0030,0.0,0.0,0.0,14.13,2.69,0.0
20231101:0130,0.0,0.0,0.0,13.8,3.45,0.0
20231101:0230,0.0,0.0,0.0,13.17,4.0,0.0
20231101:0330,0.0,0.0,0.0,12.01,4.07,0.0
20231101:0430,0.0,0.0,0.0,10.92,3.66,0.0
20231101:0530,0.87,7.93,2.55,10.61,3.31,0.0
20231101:0630,9.59,22.02,10.96,10.32,3.17,0.0
20231101:0730,29.72,47.7,18.06,9.95,3.59,0.0
20231101:0830,123.26,149.87,23.32,10.03,3.72,0.0
20231101:0930,208.13,241.89,26.24,10.76,4.0,0.0
20231101:1030,309.6,350.23,26.46,11.62,4.41,0.0
20231101:1130,523.58,590.78,23.94,12.17,4.41,0.0
20231101:1230,291.43,332.61,19.0,12.82,4.62,0.0
20231101:1330,240.79,280.79,12.15,12.67,3.79,0.0
20231101:1430,52.36,78.72,3.92,12.27,2.97,0.0
20231101:1530,0.0,0.0,0.0,11.15,2.14,0.0
20231101:1630,0.0,0.0,0.0,10.33,1.93,0.0
20231101:1730,0.0,0.0,0.0,9.45,1.93,0.0
20231101:1830,0.0,0.0,0.0,8.6,1.93,0.0
20231101:1930,0.0,0.0,0.0,8.59,2.28,0.0
20231101:2030,0.0,0.0,0.0,8.59,2.28,0.0
20231101:2130,0.0,0.0,0.0,8.08,2.21,0.0
20231101:2230,0.0,0.0,0.0,7.59,1.93,0.0
20231101:2330,0.0,0.0,0.0,7.17,2.14,0.0
20231102:0030,0.0,0.0,0.0,6.78,2.14,0.0
20231102:0130,0.0,0.0,0.0,6.56,1.86,0.0
20231102:0230,0.0,0.0,0.0,5.73,2.0,0.0
20231102:0330,0.0,0.0,0.0,4.97,2.0,0.0
20231102:0430,0.0,0.0,0.0,4.34,2.14,0.0
20231102:0530,67.29,96.17,2.3,3.98,2.07,0.0
20231102:0630,267.63,302.23,10.69,4.16,1.86,0.0
20231102:0730,474.55,533.2,17.77,6.93,1.59,0.0
20231102:0830,566.91,645.2,23.02,9.09,2.0,0.0
20231102:0930,612.51,700.48,25.92,10.84,2.83,0.0
20231102:1030,639.23,734.04,26.14,12.16,3.38,0.0
20231102:1130,553.82,634.12,23.63,13.13,3.45,0.0
20231102:1230,376.57,430.87,18.71,13.65,3.59,0.0
20231102:1330,193.31,230.53,11.88,13.57,3.59,0.0
20231102:1430,44.44,68.6,3.66,12.7,3.38,0.0
20231102:1530,0.0,0.0,0.0,11.31,3.52,0.0
20231102:1630,0.0,0.0,0.0,10.09,3.52,0.0
20231102:1730,0.0,0.0,0.0,9.24,3.38,0.0
20231102:1830,0.0,0.0,0.0,8.49,3.17,0.0
20231102:1930,0.0,0.0,0.0,7.56,3.17,0.0
20231102:2030,0.0,0.0,0.0,7.08,2.97,0.0
20231102:2130,0.0,0.0,0.0,6.5,2.76,0.0
20231102:2230,0.0,0.0,0.0,6.04,2.9,0.0
20231102:2330,0.0,0.0,0.0,5.83,3.1,0.0
20231103:0030,0.0,0.0,0.0,5.68,3.17,0.0
20231103:0130,0.0,0.0,0.0,5.58,3.24,0.0
20231103:0230,0.0,0.0,0.0,5.53,3.38,0.0
20231103:0330,0.0,0.0,0.0,5.67,3.52,0.0
20231103:0430,0.0,0.0,0.0,5.97,3.52,0.0
20231103:0530,2.02,9.91,2.04,6.49,3.72,0.0
20231103:0630,115.96,142.4,10.42,7.34,4.21,0.0
20231103:0730,337.44,376.7,17.48,8.51,4.0,0.0
20231103:0830,572.27,638.74,22.71,10.45,5.17,0.0
20231103:0930,562.32,631.16,25.61,12.43,6.07,0.0
20231103:1030,566.61,639.76,25.82,13.73,6.28,0.0
20231103:1130,456.12,517.25,23.33,14.94,6.62,0.0
20231103:1230,207.81,245.7,18.43,15.54,6.9,0.0
20231103:1330,103.55,133.08,11.62,15.12,6.41,0.0
20231103:1430,28.3,48.55,3.42,14.54,6.34,0.0
20231103:1530,0.0,0.0,0.0,13.88,6.14,0.0
20231103:1630,0.0,0.0,0.0,13.41,6.0,0.0
20231103:1730,0.0,0.0,0.0,13.34,5.66,0.0
20231103:1830,0.0,0.0,0.0,13.33,5.1,0.0
20231103:1930,0.0,0.0,0.0,12.31,3.52,0.0
20231103:2030,0.0,0.0,0.0,12.33,3.1,0.0
20231103:2130,0.0,0.0,0.0,12.2,3.17,0.0
20231103:2230,0.0,0.0,0.0,11.71,2.97,0.0
20231103:2330,0.0,0.0,0.0,10.67,2.62,0.0
20231104:0030,0.0,0.0,0.0,9.78,2.48,0.0
20231104:0130,0.0,0.0,0.0,8.86,2.21,0.0
20231104:0230,0.0,0.0,0.0,7.97,2.28,0.0
20231104:0330,0.0,0.0,0.0,7.39,2.41,0.0
20231104:0430,0.0,0.0,0.0,6.82,2.48,0.0
20231104:0530,2.48,10.76,1.79,6.37,2.28,0.0
20231104:0630,121.54,148.24,10.15,6.04,1.86,0.0
20231104:0730,213.71,247.52,17.19,7.85,1.31,0.0
20231104:0830,332.75,381.59,22.41,10.32,1.17,0.0
20231104:0930,307.33,356.3,25.3,12.06,1.17,0.0
20231104:1030,263.89,309.56,25.51,13.09,0.97,0.0
20231104:1130,156.31,190.56,23.03,13.71,1.17,0.0
20231104:1230,70.39,96.08,18.15,13.81,1.59,0.0
20231104:1330,25.27,43.08,11.36,13.54,1.72,0.0
20231104:1430,2.9,11.74,3.17,12.87,1.45,0.0
20231104:1530,0.0,0.0,0.0,12.11,1.72,0.0
20231104:1630,0.0,0.0,0.0,11.19,1.86,0.0
20231104:1730,0.0,0.0,0.0,10.58,1.79,0.0
20231104:1830,0.0,0.0,0.0,10.06,1.79,0.0
20231104:1930,0.0,0.0,0.0,8.99,2.0,0.0
20231104:2030,0.0,0.0,0.0,8.19,2.07,0.0
20231104:2130,0.0,0.0,0.0,7.77,2.07,0.0
20231104:2230,0.0,0.0,0.0,8.08,2.07,0.0
20231104:2330,0.0,0.0,0.0,8.61,2.34,0.0
20231105:0030,0.0,0.0,0.0,9.16,2.48,0.0
20231105:0130,0.0,0.0,0.0,8.82,2.83,0.0
20231105:0230,0.0,0.0,0.0,8.41,3.03,0.0
20231105:0330,0.0,0.0,0.0,8.16,2.76,0.0
20231105:0430,0.0,0.0,0.0,7.88,2.62,0.0
20231105:0530,2.22,10.31,1.54,7.23,2.76,0.0
20231105:0630,100.23,125.69,9.88,6.95,3.1,0.0
20231105:0730,306.44,343.8,16.91,8.06,3.45,0.0
20231105:0830,356.49,399.79,22.11,9.78,3.79,0.0
20231105:0930,246.11,282.61,24.99,11.08,4.34,0.0
20231105:1030,397.29,447.08,25.21,11.78,4.48,0.0
20231105:1130,212.55,248.25,22.74,12.2,4.41,0.0
20231105:1230,137.56,167.12,17.87,11.96,4.83,0.0
20231105:1330,27.56,45.48,11.1,11.77,5.52,0.0
20231105:1430,2.88,11.67,2.94,11.01,5.31,0.0
20231105:1530,0.0,0.0,0.0,10.57,4.97,0.0
20231105:1630,0.0,0.0,0.0,10.84,4.28,0.0
20231105:1730,0.0,0.0,0.0,10.9,3.38,0.0
20231105:1830,0.0,0.0,0.0,11.19,3.24,0.0
20231105:1930,0.0,0.0,0.0,11.33,3.59,0.0
20231105:2030,0.0,0.0,0.0,11.75,5.03,0.0
20231105:2130,0.0,0.0,0.0,11.92,4.97,0.0
20231105:2230,0.0,0.0,0.0,11.3,4.9,0.0
20231105:2330,0.0,0.0,0.0,10.87,4.83,0.0
20231106:0030,0.0,0.0,0.0,10.44,4.62,0.0
20231106:0130,0.0,0.0,0.0,10.15,4.41,0.0
20231106:0230,0.0,0.0,0.0,10.01,4.48,0.0
20231106:0330,0.0,0.0,0.0,9.96,4.28,0.0
20231106:0430,0.0,0.0,0.0,10.29,4.14,0.0
20231106:0530,0.51,6.9,1.29,10.82,4.34,0.0
20231106:0630,141.89,172.67,9.62,11.17,4.55,0.0
20231106:0730,329.26,372.1,16.63,11.52,4.76,0.0
20231106:0830,504.42,565.11,21.82,12.05,5.52,0.0
20231106:0930,683.1,774.52,24.69,12.53,5.59,0.0
20231106:1030,687.56,782.18,24.91,13.22,5.66,0.0
20231106:1130,592.42,671.13,22.45,13.71,5.66,0.0
20231106:1230,441.42,499.11,17.6,13.7,5.59,0.0
20231106:1330,242.39,282.8,10.85,13.29,5.03,0.0
20231106:1430,54.7,81.96,2.71,12.53,4.41,0.0
20231106:1530,0.0,0.0,0.0,11.63,4.0,0.0
20231106:1630,0.0,0.0,0.0,10.89,3.72,0.0
20231106:1730,0.0,0.0,0.0,10.22,3.59,0.0
20231106:1830,0.0,0.0,0.0,9.87,3.66,0.0
20231106:1930,0.0,0.0,0.0,9.56,4.07,0.0
20231106:2030,0.0,0.0,0.0,9.53,4.21,0.0
20231106:2130,0.0,0.0,0.0,9.49,4.28,0.0
20231106:2230,0.0,0.0,0.0,9.38,4.07,0.0
20231106:2330,0.0,0.0,0.0,9.12,3.72,0.0
20231107:0030,0.0,0.0,0.0,8.71,3.17,0.0
20231107:0130,0.0,0.0,0.0,8.24,2.55,0.0
20231107:0230,0.0,0.0,0.0,7.56,2.07,0.0
20231107:0330,0.0,0.0,0.0,6.77,1.66,0.0
20231107:0430,0.0,0.0,0.0,5.73,1.72,0.0
20231107:0530,1.48,8.83,1.04,4.63,2.14,0.0
20231107:0630,268.47,303.75,9.36,4.66,2.14,0.0
20231107:0730,437.58,490.87,16.35,7.41,1.79,0.0
20231107:0830,535.72,614.79,21.52,11.21,1.79,0.0
20231107:0930,588.14,682.02,24.39,12.93,2.07,0.0
20231107:1030,605.35,706.09,24.61,14.23,2.34,0.0
20231107:1130,596.97,694.9,22.16,15.13,2.9,0.0
20231107:1230,426.95,491.91,17.34,15.55,3.24,0.0
20231107:1330,274.9,323.29,10.61,15.17,2.9,0.0
20231107:1430,67.75,98.7,2.48,14.04,2.83,0.0
20231107:1530,0.0,0.0,0.0,12.48,2.62,0.0
20231107:1630,0.0,0.0,0.0,11.24,2.28,0.0
20231107:1730,0.0,0.0,0.0,10.25,1.86,0.0
20231107:1830,0.0,0.0,0.0,8.77,1.38,0.0
20231107:1930,0.0,0.0,0.0,9.16,0.55,0.0
20231107:2030,0.0,0.0,0.0,7.96,0.97,0.0
20231107:2130,0.0,0.0,0.0,5.85,1.31,0.0
20231107:2230,0.0,0.0,0.0,5.86,1.17,0.0
20231107:2330,0.0,0.0,0.0,6.08,1.31,0.0
20231108:0030,0.0,0.0,0.0,6.59,1.38,0.0
20231108:0130,0.0,0.0,0.0,7.25,1.1,0.0
20231108:0230,0.0,0.0,0.0,7.71,1.1,0.0
20231108:0330,0.0,0.0,0.0,7.89,0.9,0.0
20231108:0430,0.0,0.0,0.0,8.38,0.28,0.0
20231108:0530,0.0,1.93,0.8,8.06,0.9,0.0
20231108:0630,9.12,21.18,9.09,8.05,0.97,0.0
20231108:0730,17.19,32.12,16.07,8.62,0.28,0.0
20231108:0830,7.05,18.27,21.24,9.32,0.76,0.0
20231108:0930,9.0,21.12,24.09,9.31,2.0,0.0
20231108:1030,23.16,39.69,24.32,9.01,3.03,0.0
20231108:1130,27.02,44.24,21.89,8.5,3.72,0.0
20231108:1230,29.37,47.0,17.08,8.2,3.86,0.0
20231108:1330,8.6,20.45,10.37,8.2,3.79,0.0
20231108:1430,0.14,5.96,2.26,8.13,3.93,0.0
20231108:1530,0.0,0.0,0.0,7.93,3.93,0.0
20231108:1630,0.0,0.0,0.0,7.72,3.86,0.0
20231108:1730,0.0,0.0,0.0,7.45,3.93,0.0
20231108:1830,0.0,0.0,0.0,7.16,3.93,0.0
20231108:1930,0.0,0.0,0.0,6.72,3.66,0.0
20231108:2030,0.0,0.0,0.0,6.42,3.66,0.0
20231108:2130,0.0,0.0,0.0,5.95,3.38,0.0
20231108:2230,0.0,0.0,0.0,5.57,3.03,0.0
20231108:2330,0.0,0.0,0.0,5.14,2.9,0.0
20231109:0030,0.0,0.0,0.0,5.23,2.83,0.0
20231109:0130,0.0,0.0,0.0,5.64,2.9,0.0
20231109:0230,0.0,0.0,0.0,5.52,2.83,0.0
20231109:0330,0.0,0.0,0.0,5.42,2.69,0.0
20231109:0430,0.0,0.0,0.0,5.18,2.55,0.0
20231109:0530,0.56,6.9,0.55,4.59,2.41,0.0
20231109:0630,255.94,290.4,8.84,4.73,2.21,0.0
20231109:0730,477.8,532.08,15.8,5.72,1.93,0.0
20231109:0830,625.12,708.75,20.95,7.8,2.21,0.0
20231109:0930,665.56,761.59,23.8,9.36,2.55,0.0
20231109:1030,702.28,807.87,24.03,10.36,2.9,0.0
20231109:1130,610.49,694.25,21.61,11.01,3.38,0.0
20231109:1230,456.26,514.53,16.82,11.1,3.52,0.0
20231109:1330,297.65,341.79,10.14,10.87,3.24,0.0
20231109:1430,2.69,11.25,2.04,9.88,2.34,0.0
20231109:1530,0.0,0.0,0.0,8.36,2.21,0.0
20231109:1630,0.0,0.0,0.0,6.93,2.28,0.0
20231109:1730,0.0,0.0,0.0,5.68,2.34,0.0
20231109:1830,0.0,0.0,0.0,4.71,2.41,0.0
20231109:1930,0.0,0.0,0.0,4.08,2.41,0.0
20231109:2030,0.0,0.0,0.0,3.54,2.48,0.0
20231109:2130,0.0,0.0,0.0,3.1,2.48,0.0
20231109:2230,0.0,0.0,0.0,2.68,2.34,0.0
20231109:2330,0.0,0.0,0.0,2.31,2.28,0.0
20231110:0030,0.0,0.0,0.0,2.01,2.34,0.0
20231110:0130,0.0,0.0,0.0,1.79,2.48,0.0
20231110:0230,0.0,0.0,0.0,1.56,2.34,0.0
20231110:0330,0.0,0.0,0.0,1.31,2.07,0.0
20231110:0430,0.0,0.0,0.0,0.97,1.86,0.0
20231110:0530,0.88,7.52,0.31,0.49,1.93,0.0
20231110:0630,187.56,213.76,8.58,0.6,2.07,0.0
20231110:0730,301.93,333.37,15.53,2.36,1.93,0.0
20231110:0830,456.81,505.24,20.67,4.97,2.28,0.0
20231110:0930,407.86,455.88,23.52,7.28,2.48,0.0
20231110:1030,285.24,324.28,23.75,8.64,2.62,0.0
20231110:1130,247.62,283.81,21.35,9.37,2.9,0.0
20231110:1230,203.63,236.56,16.58,9.62,3.1,0.0
20231110:1330,102.49,129.13,9.91,9.59,3.1,0.0
20231110:1430,2.46,10.8,1.83,8.77,2.9,0.0
20231110:1530,0.0,0.0,0.0,7.8,2.83,0.0
20231110:1630,0.0,0.0,0.0,7.16,2.69,0.0
20231110:1730,0.0,0.0,0.0,6.77,2.34,0.0
20231110:1830,0.0,0.0,0.0,6.48,2.07,0.0
20231110:1930,0.0,0.0,0.0,5.29,2.07,0.0
20231110:2030,0.0,0.0,0.0,4.84,1.79,0.0
20231110:2130,0.0,0.0,0.0,3.89,1.59,0.0
20231110:2230,0.0,0.0,0.0,3.13,1.52,0.0
20231110:2330,0.0,0.0,0.0,2.76,1.59,0.0
20231111:0030,0.0,0.0,0.0,3.13,1.52,0.0
20231111:0130,0.0,0.0,0.0,3.77,1.38,0.0
20231111:0230,0.0,0.0,0.0,4.33,1.52,0.0
20231111:0330,0.0,0.0,0.0,4.62,1.79,0.0
20231111:0430,0.0,0.0,0.0,4.8,1.59,0.0
20231111:0530,0.0,2.98,0.07,4.87,1.31,0.0
20231111:0630,14.6,28.32,8.33,4.82,1.38,0.0
20231111:0730,30.61,48.0,15.26,4.59,0.9,0.0
20231111:0830,122.52,148.77,20.39,5.14,1.1,0.0
20231111:0930,283.87,320.47,23.24,6.11,0.97,0.0
20231111:1030,322.25,364.62,23.48,7.4,0.69,0.0
20231111:1130,328.0,373.21,21.08,8.31,0.34,0.0
20231111:1230,264.11,302.12,16.33,8.84,0.83,0.0
20231111:1330,77.96,102.06,9.69,8.9,1.31,0.0
20231111:1430,0.0,4.39,1.63,8.35,1.31,0.0
20231111:1530,0.0,0.0,0.0,7.83,1.31,0.0
20231111:1630,0.0,0.0,0.0,7.43,1.24,0.0
20231111:1730,0.0,0.0,0.0,7.17,1.24,0.0
20231111:1830,0.0,0.0,0.0,6.95,1.24,0.0
20231111:1930,0.0,0.0,0.0,6.98,1.86,0.0
20231111:2030,0.0,0.0,0.0,6.87,1.72,0.0
20231111:2130,0.0,0.0,0.0,6.68,1.86,0.0
20231111:2230,0.0,0.0,0.0,6.43,2.28,0.0
20231111:2330,0.0,0.0,0.0,6.19,2.69,0.0
20231112:0030,0.0,0.0,0.0,6.03,3.24,0.0
20231112:0130,0.0,0.0,0.0,5.91,3.66,0.0
20231112:0230,0.0,0.0,0.0,5.78,4.0,0.0
20231112:0330,0.0,0.0,0.0,5.81,4.07,0.0
20231112:0430,0.0,0.0,0.0,5.71,3.93,0.0
20231112:0530,0.0,0.0,-0.17,5.58,4.28,0.0
20231112:0630,3.09,11.79,8.08,5.43,4.48,0.0
20231112:0730,19.79,35.01,15.0,5.41,4.34,0.0
20231112:0830,65.91,87.91,20.12,5.7,4.83,0.0
20231112:0930,162.85,188.81,22.96,6.23,4.62,0.0
20231112:1030,229.07,259.28,23.2,6.59,5.1,0.0
20231112:1130,358.94,394.13,20.83,6.82,5.72,0.0
20231112:1230,158.11,184.89,16.1,6.8,6.07,0.0
20231112:1330,63.89,85.78,9.47,6.78,5.59,0.0
20231112:1430,1.97,9.82,1.43,6.65,4.9,0.0
20231112:1530,0.0,0.0,0.0,6.17,4.28,0.0
20231112:1630,0.0,0.0,0.0,6.04,3.93,0.0
20231112:1730,0.0,0.0,0.0,5.8,3.59,0.0
20231112:1830,0.0,0.0,0.0,5.45,3.17,0.0
20231112:1930,0.0,0.0,0.0,5.19,2.69,0.0
20231112:2030,0.0,0.0,0.0,4.97,2.41,0.0
20231112:2130,0.0,0.0,0.0,4.58,2.14,0.0
20231112:2230,0.0,0.0,0.0,4.34,1.93,0.0
20231112:2330,0.0,0.0,0.0,3.7,1.86,0.0
20231113:0030,0.0,0.0,0.0,3.64,2.21,0.0
20231113:0130,0.0,0.0,0.0,3.79,2.62,0.0
20231113:0230,0.0,0.0,0.0,3.86,2.76,0.0
20231113:0330,0.0,0.0,0.0,3.42,2.69,0.0
20231113:0430,0.0,0.0,0.0,2.99,2.62,0.0
20231113:0530,0.0,0.0,-0.41,2.78,2.69,0.0
20231113:0630,142.97,168.47,7.83,2.67,2.83,0.0
20231113:0730,396.13,435.56,14.74,4.38,2.76,0.0
20231113:0830,541.0,596.63,19.85,5.66,3.38,0.0
20231113:0930,640.75,712.5,22.69,7.09,3.93,0.0
20231113:1030,345.64,383.97,22.94,8.26,4.41,0.0
20231113:1130,315.65,352.55,20.58,8.71,3.86,0.0
20231113:1230,129.62,156.32,15.87,8.92,3.66,0.0
20231113:1330,63.19,85.67,9.26,8.67,2.34,0.0
20231113:1430,0.16,6.01,1.24,7.88,1.52,0.0
20231113:1530,0.0,0.0,0.0,7.09,0.97,0.0
20231113:1630,0.0,0.0,0.0,6.59,0.62,0.0
20231113:1730,0.0,0.0,0.0,5.38,0.97,0.0
20231113:1830,0.0,0.0,0.0,4.14,1.59,0.0
20231113:1930,0.0,0.0,0.0,3.67,2.28,0.0
20231113:2030,0.0,0.0,0.0,3.25,2.34,0.0
20231113:2130,0.0,0.0,0.0,3.05,2.07,0.0
20231113:2230,0.0,0.0,0.0,3.48,1.79,0.0
20231113:2330,0.0,0.0,0.0,3.73,1.79,0.0
20231114:0030,0.0,0.0,0.0,4.07,1.93,0.0
20231114:0130,0.0,0.0,0.0,4.58,2.14,0.0
20231114:0230,0.0,0.0,0.0,4.5,2.34,0.0
20231114:0330,0.0,0.0,0.0,5.06,2.41,0.0
20231114:0430,0.0,0.0,0.0,5.25,2.48,0.0
20231114:0530,0.0,0.0,-0.64,5.17,2.48,0.0
20231114:0630,3.52,12.55,7.58,6.39,3.17,0.0
20231114:0730,128.28,154.06,14.48,7.95,6.21,0.0
20231114:0830,71.21,94.23,19.58,9.05,6.62,0.0
20231114:0930,309.11,345.12,22.42,9.93,6.41,0.0
20231114:1030,415.32,461.39,22.68,10.91,5.52,0.0
20231114:1130,469.1,523.65,20.33,11.4,5.31,0.0
20231114:1230,326.84,368.21,15.64,11.73,5.52,0.0
20231114:1330,133.05,162.86,9.05,11.48,4.83,0.0
20231114:1430,0.84,7.67,1.05,10.83,4.07,0.0
20231114:1530,0.0,0.0,0.0,9.65,3.66,0.0
20231114:1630,0.0,0.0,0.0,9.15,3.72,0.0
20231114:1730,0.0,0.0,0.0,9.24,4.07,0.0
20231114:1830,0.0,0.0,0.0,9.23,4.28,0.0
20231114:1930,0.0,0.0,0.0,9.51,4.21,0.0
20231114:2030,0.0,0.0,0.0,9.29,4.0,0.0
20231114:2130,0.0,0.0,0.0,9.13,4.28,0.0
20231114:2230,0.0,0.0,0.0,8.89,4.21,0.0
20231114:2330,0.0,0.0,0.0,8.78,4.14,0.0
20231115:0030,0.0,0.0,0.0,8.73,3.93,0.0
20231115:0130,0.0,0.0,0.0,8.54,3.79,0.0
20231115:0230,0.0,0.0,0.0,8.68,3.72,0.0
20231115:0330,0.0,0.0,0.0,8.67,3.45,0.0
20231115:0430,0.0,0.0,0.0,8.69,3.03,0.0
20231115:0530,0.0,0.0,-0.88,8.53,2.76,0.0
20231115:0630,55.59,77.41,7.34,8.36,2.41,0.0
20231115:0730,88.74,113.37,14.23,8.97,2.9,0.0
20231115:0830,56.15,78.43,19.32,9.48,2.76,0.0
20231115:0930,111.04,137.67,22.16,9.76,2.83,0.0
20231115:1030,74.14,98.13,22.42,9.88,2.97,0.0
20231115:1130,136.3,164.13,20.09,9.38,3.24,0.0
20231115:1230,20.03,35.83,15.42,9.47,3.59,0.0
20231115:1330,41.97,61.68,8.86,9.02,3.86,0.0
20231115:1430,0.0,4.21,0.87,8.67,3.59,0.0
20231115:1530,0.0,0.0,0.0,8.35,3.59,0.0
20231115:1630,0.0,0.0,0.0,7.78,3.86,0.0
20231115:1730,0.0,0.0,0.0,7.92,4.14,0.0
20231115:1830,0.0,0.0,0.0,7.92,4.55,0.0
20231115:1930,0.0,0.0,0.0,7.71,5.1,0.0
20231115:2030,0.0,0.0,0.0,7.6,5.1,0.0
20231115:2130,0.0,0.0,0.0,7.47,5.03,0.0
20231115:2230,0.0,0.0,0.0,7.31,5.31,0.0
20231115:2330,0.0,0.0,0.0,6.87,5.79,0.0
20231116:0030,0.0,0.0,0.0,6.11,5.79,0.0
20231116:0130,0.0,0.0,0.0,5.49,5.72,0.0
20231116:0230,0.0,0.0,0.0,4.95,5.66,0.0
20231116:0330,0.0,0.0,0.0,4.55,5.59,0.0
20231116:0430,0.0,0.0,0.0,4.14,5.31,0.0
20231116:0530,0.0,0.0,-1.11,3.81,5.1,0.0
20231116:0630,125.17,150.04,7.1,3.52,4.83,0.0
20231116:0730,253.05,280.23,13.98,4.06,5.1,0.0
20231116:0830,468.41,505.78,19.06,4.49,5.79,0.0
20231116:0930,410.47,445.15,21.9,5.1,5.93,0.0
20231116:1030,530.05,575.86,22.17,5.69,6.07,0.0
20231116:1130,429.71,468.29,19.86,6.46,6.14,0.0
20231116:1230,280.05,311.31,15.21,6.76,5.52,0.0
20231116:1330,222.11,253.64,8.66,6.65,4.34,0.0
20231116:1430,0.15,5.95,0.7,6.11,2.9,0.0
20231116:1530,0.0,0.0,0.0,4.86,1.93,0.0
20231116:1630,0.0,0.0,0.0,4.08,1.31,0.0
20231116:1730,0.0,0.0,0.0,3.81,0.76,0.0
20231116:1830,0.0,0.0,0.0,3.05,1.17,0.0
20231116:1930,0.0,0.0,0.0,2.97,1.45,0.0
20231116:2030,0.0,0.0,0.0,2.44,2.0,0.0
20231116:2130,0.0,0.0,0.0,2.76,2.07,0.0
20231116:2230,0.0,0.0,0.0,2.53,2.41,0.0
20231116:2330,0.0,0.0,0.0,2.44,2.76,0.0
20231117:0030,0.0,0.0,0.0,2.4,3.03,0.0
20231117:0130,0.0,0.0,0.0,2.57,2.97,0.0
20231117:0230,0.0,0.0,0.0,2.59,2.83,0.0
20231117:0330,0.0,0.0,0.0,2.63,2.83,0.0
20231117:0430,0.0,0.0,0.0,2.92,2.83,0.0
20231117:0530,0.0,0.0,-1.33,2.93,2.76,0.0
20231117:0630,5.83,16.07,6.86,3.0,2.62,0.0
20231117:0730,33.19,50.47,13.73,2.71,3.59,0.0
20231117:0830,68.71,89.73,18.81,2.85,3.79,0.0
20231117:0930,94.16,117.15,21.65,3.31,4.48,0.0
20231117:1030,66.9,88.37,21.93,3.96,5.03,0.0
20231117:1130,45.2,64.64,19.63,4.23,4.21,0.0
20231117:1230,25.93,42.36,15.0,4.33,3.38,0.0
20231117:1330,12.44,25.45,8.48,4.36,3.52,0.0
20231117:1430,0.0,3.6,0.53,4.38,3.31,0.0
20231117:1530,0.0,0.0,0.0,4.33,3.03,0.0
20231117:1630,0.0,0.0,0.0,4.3,2.9,0.0
20231117:1730,0.0,0.0,0.0,4.28,3.1,0.0
20231117:1830,0.0,0.0,0.0,4.28,3.52,0.0
20231117:1930,0.0,0.0,0.0,4.03,3.93,0.0
20231117:2030,0.0,0.0,0.0,3.86,4.0,0.0
20231117:2130,0.0,0.0,0.0,3.57,4.07,0.0
20231117:2230,0.0,0.0,0.0,3.23,3.66,0.0
20231117:2330,0.0,0.0,0.0,2.92,3.38,0.0
20231118:0030,0.0,0.0,0.0,2.67,3.1,0.0
20231118:0130,0.0,0.0,0.0,2.43,2.83,0.0
20231118:0230,0.0,0.0,0.0,2.1,2.83,0.0
20231118:0330,0.0,0.0,0.0,1.86,2.83,0.0
20231118:0430,0.0,0.0,0.0,1.68,2.62,0.0
20231118:0530,0.0,0.0,-1.56,1.35,2.21,0.0
20231118:0630,6.37,16.76,6.63,1.1,2.21,0.0
20231118:0730,12.64,25.42,13.49,0.99,2.76,0.0
20231118:0830,44.01,62.53,18.56,0.99,3.17,0.0
20231118:0930,52.54,72.02,21.4,1.46,2.9,0.0
20231118:1030,61.86,82.48,21.69,1.81,2.34,0.0
20231118:1130,39.08,57.33,19.41,2.28,2.14,0.0
20231118:1230,45.56,64.56,14.8,2.5,2.34,0.0
20231118:1330,29.08,45.71,8.3,2.6,2.34,0.0
20231118:1430,0.0,3.84,0.37,2.47,1.86,0.0
20231118:1530,0.0,0.0,0.0,2.26,1.59,0.0
20231118:1630,0.0,0.0,0.0,2.05,1.72,0.0
20231118:1730,0.0,0.0,0.0,1.87,2.0,0.0
20231118:1830,0.0,0.0,0.0,1.61,1.93,0.0
20231118:1930,0.0,0.0,0.0,0.97,1.45,0.0
20231118:2030,0.0,0.0,0.0,0.73,1.45,0.0
20231118:2130,0.0,0.0,0.0,0.77,1.45,0.0
20231118:2230,0.0,0.0,0.0,0.79,1.52,0.0
20231118:2330,0.0,0.0,0.0,0.72,1.66,0.0
20231119:0030,0.0,0.0,0.0,0.54,1.59,0.0
20231119:0130,0.0,0.0,0.0,0.37,1.45,0.0
20231119:0230,0.0,0.0,0.0,0.04,1.38,0.0
20231119:0330,0.0,0.0,0.0,0.18,0.9,0.0
20231119:0430,0.0,0.0,0.0,-0.01,0.97,0.0
20231119:0530,0.0,0.0,-1.78,-0.32,1.03,0.0
20231119:0630,188.87,215.02,6.4,-0.62,1.31,0.0
20231119:0730,314.52,344.16,13.25,0.26,1.1,0.0
20231119:0830,464.17,505.19,18.32,1.13,1.72,0.0
20231119:0930,288.87,317.43,21.16,1.77,2.14,0.0
20231119:1030,613.67,676.26,21.46,2.14,2.14,0.0
20231119:1130,182.2,207.95,19.19,2.73,1.79,0.0
20231119:1230,92.19,114.97,14.6,2.89,1.66,0.0
20231119:1330,41.44,60.04,8.12,2.94,2.07,0.0
20231119:1430,0.0,5.46,0.21,2.51,2.28,0.0
20231119:1530,0.0,0.0,0.0,1.79,2.34,0.0
20231119:1630,0.0,0.0,0.0,0.99,2.14,0.0
20231119:1730,0.0,0.0,0.0,0.85,1.66,0.0
20231119:1830,0.0,0.0,0.0,0.96,1.66,0.0
20231119:1930,0.0,0.0,0.0,0.8,1.72,0.0
20231119:2030,0.0,0.0,0.0,0.78,1.79,0.0
20231119:2130,0.0,0.0,0.0,0.8,1.86,0.0
20231119:2230,0.0,0.0,0.0,0.79,1.79,0.0
20231119:2330,0.0,0.0,0.0,0.93,1.52,0.0
20231120:0030,0.0,0.0,0.0,1.09,1.31,0.0
20231120:0130,0.0,0.0,0.0,1.2,1.03,0.0
20231120:0230,0.0,0.0,0.0,1.29,0.97,0.0
20231120:0330,0.0,0.0,0.0,1.31,0.9,0.0
20231120:0430,0.0,0.0,0.0,1.32,0.9,0.0
20231120:0530,0.0,0.0,-2.0,1.55,0.9,0.0
20231120:0630,17.99,32.32,6.17,1.77,0.9,0.0
20231120:0730,75.8,97.06,13.02,2.29,0.62,0.0
20231120:0830,112.59,135.9,18.08,3.57,0.76,0.0
20231120:0930,219.63,248.93,20.92,4.59,0.97,0.0
20231120:1030,315.06,352.15,21.23,5.95,1.24,0.0
20231120:1130,320.47,358.74,18.98,7.29,1.79,0.0
20231120:1230,195.86,225.78,14.42,7.72,1.59,0.0
20231120:1330,70.97,93.8,7.95,7.36,1.52,0.0
20231120:1430,0.0,3.35,0.06,6.68,1.38,0.0
20231120:1530,0.0,0.0,0.0,6.01,1.38,0.0
20231120:1630,0.0,0.0,0.0,5.65,1.66,0.0
20231120:1730,0.0,0.0,0.0,5.44,1.86,0.0
20231120:1830,0.0,0.0,0.0,5.24,1.86,0.0
20231120:1930,0.0,0.0,0.0,4.81,2.28,0.0
20231120:2030,0.0,0.0,0.0,4.82,2.0,0.0
20231120:2130,0.0,0.0,0.0,4.54,1.66,0.0
20231120:2230,0.0,0.0,0.0,4.33,1.31,0.0
20231120:2330,0.0,0.0,0.0,4.35,1.1,0.0
20231121:0030,0.0,0.0,0.0,4.35,0.97,0.0
20231121:0130,0.0,0.0,0.0,4.17,0.97,0.0
20231121:0230,0.0,0.0,0.0,4.39,1.24,0.0
20231121:0330,0.0,0.0,0.0,4.49,1.45,0.0
20231121:0430,0.0,0.0,0.0,4.66,1.52,0.0
20231121:0530,0.0,0.0,-2.21,4.74,1.66,0.0
20231121:0630,3.74,12.86,5.95,4.85,1.72,0.0
20231121:0730,33.18,50.86,12.79,4.8,1.38,0.0
20231121:0830,32.19,49.86,17.85,5.49,1.24,0.0
20231121:0930,35.48,53.91,20.69,5.88,1.17,0.0
20231121:1030,49.9,70.38,21.01,6.33,0.97,0.0
20231121:1130,56.65,78.11,18.78,6.78,0.83,0.0
20231121:1230,36.21,55.12,14.23,7.18,0.83,0.0
20231121:1330,18.62,33.78,7.79,7.32,0.83,0.0
20231121:1430,0.0,0.0,-0.08,7.11,1.1,0.0
20231121:1530,0.0,0.0,0.0,6.62,1.38,0.0
20231121:1630,0.0,0.0,0.0,6.26,1.24,0.0
20231121:1730,0.0,0.0,0.0,5.91,1.17,0.0
20231121:1830,0.0,0.0,0.0,5.45,1.45,0.0
20231121:1930,0.0,0.0,0.0,5.77,1.86,0.0
20231121:2030,0.0,0.0,0.0,5.78,2.0,0.0
20231121:2130,0.0,0.0,0.0,5.47,2.14,0.0
20231121:2230,0.0,0.0,0.0,5.16,2.14,0.0
20231121:2330,0.0,0.0,0.0,4.56,2.28,0.0
20231122:0030,0.0,0.0,0.0,3.92,2.14,0.0
20231122:0130,0.0,0.0,0.0,3.43,2.14,0.0
20231122:0230,0.0,0.0,0.0,2.84,2.34,0.0
20231122:0330,0.0,0.0,0.0,2.41,2.34,0.0
20231122:0430,0.0,0.0,0.0,1.92,2.76,0.0
20231122:0530,0.0,0.0,-2.43,1.41,2.97,0.0
20231122:0630,6.43,16.85,5.73,0.99,3.17,0.0
20231122:0730,23.81,39.2,12.56,0.31,3.31,0.0
20231122:0830,54.09,73.27,17.62,0.06,3.52,0.0
20231122:0930,49.66,67.88,20.47,-0.01,3.72,0.0
20231122:1030,78.19,97.7,20.8,-0.23,3.59,0.0
20231122:1130,47.24,65.71,18.58,-0.28,3.24,0.0
20231122:1230,42.33,59.92,14.06,-0.3,3.31,0.0
20231122:1330,21.71,36.35,7.64,-0.43,3.66,0.0
20231122:1430,0.0,0.0,-0.22,-0.76,3.52,0.0
20231122:1530,0.0,0.0,0.0,-1.11,3.17,0.0
20231122:1630,0.0,0.0,0.0,-1.45,3.03,0.0
20231122:1730,0.0,0.0,0.0,-1.8,2.97,0.0
20231122:1830,0.0,0.0,0.0,-2.12,2.69,0.0
20231122:1930,0.0,0.0,0.0,-2.8,2.55,0.0
20231122:2030,0.0,0.0,0.0,-3.15,2.07,0.0
20231122:2130,0.0,0.0,0.0,-3.4,1.52,0.0
20231122:2230,0.0,0.0,0.0,-3.64,1.1,0.0
20231122:2330,0.0,0.0,0.0,-3.72,0.83,0.0
20231123:0030,0.0,0.0,0.0,-3.82,0.41,0.0
20231123:0130,0.0,0.0,0.0,-3.87,0.41,0.0
20231123:0230,0.0,0.0,0.0,-3.92,1.24,0.0
20231123:0330,0.0,0.0,0.0,-3.93,1.79,0.0
20231123:0430,0.0,0.0,0.0,-3.94,1.86,0.0
20231123:0530,0.0,0.0,-2.64,-4.04,1.66,0.0
20231123:0630,37.73,54.42,5.51,-4.24,1.59,0.0
20231123:0730,105.3,126.09,12.34,-2.45,0.97,0.0
20231123:0830,158.47,182.3,17.4,-0.16,0.76,0.0
20231123:0930,86.16,108.5,20.25,1.87,1.45,0.0
20231123:1030,116.31,140.32,20.59,3.04,2.55,0.0
20231123:1130,130.78,154.73,18.39,3.75,4.28,0.0
20231123:1230,27.21,43.61,13.89,3.75,4.76,0.0
20231123:1330,12.97,25.93,7.49,3.55,6.62,0.0
20231123:1430,0.0,0.0,-0.35,3.64,6.69,0.0
20231123:1530,0.0,0.0,0.0,3.29,6.9,0.0
20231123:1630,0.0,0.0,0.0,2.78,7.1,0.0
20231123:1730,0.0,0.0,0.0,2.74,7.38,0.0
20231123:1830,0.0,0.0,0.0,2.88,7.45,0.0
20231123:1930,0.0,0.0,0.0,2.89,8.34,0.0
20231123:2030,0.0,0.0,0.0,3.29,8.34,0.0
20231123:2130,0.0,0.0,0.0,3.49,8.62,0.0
20231123:2230,0.0,0.0,0.0,3.69,9.03,0.0
20231123:2330,0.0,0.0,0.0,3.91,9.38,0.0
20231124:0030,0.0,0.0,0.0,4.2,9.72,0.0
20231124:0130,0.0,0.0,0.0,4.29,9.72,0.0
20231124:0230,0.0,0.0,0.0,4.25,9.38,0.0
20231124:0330,0.0,0.0,0.0,4.13,8.76,0.0
20231124:0430,0.0,0.0,0.0,4.06,8.14,0.0
20231124:0530,0.0,0.0,-2.84,3.92,7.45,0.0
20231124:0630,27.76,44.41,5.3,3.9,6.9,0.0
20231124:0730,189.06,213.77,12.12,3.55,6.69,0.0
20231124:0830,188.48,214.34,17.18,4.43,5.31,0.0
20231124:0930,149.66,174.66,20.03,4.98,5.24,0.0
20231124:1030,249.39,278.42,20.39,5.29,5.1,0.0
20231124:1130,165.44,192.42,18.21,5.68,5.86,0.0
20231124:1230,296.46,326.87,13.73,5.63,5.79,0.0
20231124:1330,199.08,227.8,7.35,5.37,5.03,0.0
20231124:1430,0.0,0.0,-0.47,4.56,4.07,0.0
20231124:1530,0.0,0.0,0.0,3.5,3.72,0.0
20231124:1630,0.0,0.0,0.0,2.54,3.17,0.0
20231124:1730,0.0,0.0,0.0,1.64,2.48,0.0
20231124:1830,0.0,0.0,0.0,1.17,2.07,0.0
20231124:1930,0.0,0.0,0.0,1.33,2.07,0.0
20231124:2030,0.0,0.0,0.0,0.42,1.66,0.0
20231124:2130,0.0,0.0,0.0,-0.37,1.45,0.0
20231124:2230,0.0,0.0,0.0,-0.71,1.1,0.0
20231124:2330,0.0,0.0,0.0,-0.34,0.9,0.0
20231125:0030,0.0,0.0,0.0,-0.42,0.97,0.0
20231125:0130,0.0,0.0,0.0,-0.3,0.76,0.0
20231125:0230,0.0,0.0,0.0,-0.47,0.76,0.0
20231125:0330,0.0,0.0,0.0,-1.81,1.38,0.0
20231125:0430,0.0,0.0,0.0,-2.81,1.79,0.0
20231125:0530,0.0,0.0,-3.04,-3.39,1.66,0.0
20231125:0630,88.69,109.04,5.09,-3.76,1.38,0.0
20231125:0730,360.71,389.68,11.91,-2.06,1.1,0.0
20231125:0830,461.07,503.35,16.97,0.49,1.17,0.0
20231125:0930,538.68,596.45,19.83,1.78,1.03,0.0
20231125:1030,555.09,620.42,20.19,2.7,0.69,0.0
20231125:1130,445.87,495.35,18.03,3.2,0.62,0.0
20231125:1230,354.05,392.94,13.57,3.38,0.83,0.0
20231125:1330,152.62,178.95,7.21,3.13,1.31,0.0
20231125:1430,0.0,0.0,-0.59,2.24,1.52,0.0
20231125:1530,0.0,0.0,0.0,0.75,2.21,0.0
20231125:1630,0.0,0.0,0.0,-0.15,2.41,0.0
20231125:1730,0.0,0.0,0.0,-0.25,2.9,0.0
20231125:1830,0.0,0.0,0.0,-0.64,3.38,0.0
20231125:1930,0.0,0.0,0.0,-1.28,3.24,0.0
20231125:2030,0.0,0.0,0.0,-1.54,3.38,0.0
20231125:2130,0.0,0.0,0.0,-1.58,3.59,0.0
20231125:2230,0.0,0.0,0.0,-1.63,3.52,0.0
20231125:2330,0.0,0.0,0.0,-1.72,3.45,0.0
20231126:0030,0.0,0.0,0.0,-1.94,3.03,0.0
20231126:0130,0.0,0.0,0.0,-1.88,3.45,0.0
20231126:0230,0.0,0.0,0.0,-2.11,3.79,0.0
20231126:0330,0.0,0.0,0.0,-2.38,3.86,0.0
20231126:0430,0.0,0.0,0.0,-2.71,3.86,0.0
20231126:0530,0.0,0.0,-3.24,-2.63,4.14,0.0
20231126:0630,34.17,50.7,4.89,-2.68,4.55,0.0
20231126:0730,120.53,140.78,11.71,-1.8,5.45,0.0
20231126:0830,265.63,285.72,16.76,-1.4,6.34,0.0
20231126:0930,420.0,443.12,19.62,-1.15,6.48,0.0
20231126:1030,395.0,417.15,20.01,-1.09,6.55,0.0
20231126:1130,280.46,301.48,17.86,-1.04,6.69,0.0
20231126:1230,167.49,188.14,13.42,-1.18,6.83,0.0
20231126:1330,76.7,96.35,7.08,-1.55,6.83,0.0
20231126:1430,0.0,0.0,-0.7,-1.97,6.76,0.0
20231126:1530,0.0,0.0,0.0,-2.44,6.34,0.0
20231126:1630,0.0,0.0,0.0,-2.58,6.28,0.0
20231126:1730,0.0,0.0,0.0,-2.41,6.07,0.0
20231126:1830,0.0,0.0,0.0,-2.15,6.07,0.0
20231126:1930,0.0,0.0,0.0,-2.35,6.41,0.0
20231126:2030,0.0,0.0,0.0,-2.41,6.48,0.0
20231126:2130,0.0,0.0,0.0,-2.56,6.48,0.0
20231126:2230,0.0,0.0,0.0,-2.53,6.62,0.0
20231126:2330,0.0,0.0,0.0,-2.4,7.52,0.0
20231127:0030,0.0,0.0,0.0,-2.17,6.97,0.0
20231127:0130,0.0,0.0,0.0,-2.18,6.76,0.0
20231127:0230,0.0,0.0,0.0,-2.22,6.76,0.0
20231127:0330,0.0,0.0,0.0,-2.32,6.62,0.0
20231127:0430,0.0,0.0,0.0,-2.28,6.62,0.0
20231127:0530,0.0,0.0,-3.44,-2.33,6.62,0.0
20231127:0630,39.81,57.04,4.69,-2.45,6.34,0.0
20231127:0730,129.08,148.37,11.5,-2.34,7.1,0.0
20231127:0830,129.67,149.22,16.56,-1.8,7.45,0.0
20231127:0930,122.43,143.48,19.43,-1.31,6.69,0.0
20231127:1030,157.23,178.19,19.82,-0.79,6.41,0.0
20231127:1130,189.08,210.52,17.7,-0.34,6.69,0.0
20231127:1230,107.91,128.68,13.28,0.0,6.28,0.0
20231127:1330,99.65,120.8,6.96,-0.05,4.97,0.0
20231127:1430,0.0,0.0,-0.8,-0.43,4.41,0.0
20231127:1530,0.0,0.0,0.0,-1.41,3.93,0.0
20231127:1630,0.0,0.0,0.0,-1.98,3.59,0.0
20231127:1730,0.0,0.0,0.0,-2.21,3.24,0.0
20231127:1830,0.0,0.0,0.0,-2.41,2.9,0.0
20231127:1930,0.0,0.0,0.0,-3.07,2.48,0.0
20231127:2030,0.0,0.0,0.0,-2.82,2.28,0.0
20231127:2130,0.0,0.0,0.0,-2.58,1.45,0.0
20231127:2230,0.0,0.0,0.0,-1.44,0.14,0.0
20231127:2330,0.0,0.0,0.0,-2.49,1.17,0.0
20231128:0030,0.0,0.0,0.0,-3.17,2.07,0.0
20231128:0130,0.0,0.0,0.0,-2.41,2.34,0.0
20231128:0230,0.0,0.0,0.0,-2.02,2.76,0.0
20231128:0330,0.0,0.0,0.0,-1.95,3.03,0.0
20231128:0430,0.0,0.0,0.0,-2.04,3.03,0.0
20231128:0530,0.0,0.0,-3.63,-1.91,3.17,0.0
20231128:0630,2.67,10.8,4.5,-1.8,3.24,0.0
20231128:0730,23.19,38.17,11.31,-1.34,3.38,0.0
20231128:0830,41.89,59.53,16.36,-0.77,3.45,0.0
20231128:0930,78.35,98.18,19.24,-0.2,3.52,0.0
20231128:1030,109.86,131.55,19.65,0.34,3.79,0.0
20231128:1130,66.1,86.29,17.54,0.97,3.93,0.0
20231128:1230,24.85,40.45,13.14,1.25,3.72,0.0
20231128:1330,17.64,31.68,6.85,1.15,3.66,0.0
20231128:1430,0.0,0.0,-0.9,1.08,3.38,0.0
20231128:1530,0.0,0.0,0.0,0.75,3.24,0.0
20231128:1630,0.0,0.0,0.0,0.46,2.97,0.0
20231128:1730,0.0,0.0,0.0,0.24,2.69,0.0
20231128:1830,0.0,0.0,0.0,-0.17,2.28,0.0
20231128:1930,0.0,0.0,0.0,-0.36,2.0,0.0
20231128:2030,0.0,0.0,0.0,-0.48,1.31,0.0
20231128:2130,0.0,0.0,0.0,-0.62,0.62,0.0
20231128:2230,0.0,0.0,0.0,-0.71,0.76,0.0
20231128:2330,0.0,0.0,0.0,-0.48,1.79,0.0
20231129:0030,0.0,0.0,0.0,0.01,3.17,0.0
20231129:0130,0.0,0.0,0.0,0.21,4.62,0.0
20231129:0230,0.0,0.0,0.0,-0.4,5.72,0.0
20231129:0330,0.0,0.0,0.0,-1.44,6.34,0.0
20231129:0430,0.0,0.0,0.0,-2.34,6.28,0.0
20231129:0530,0.0,0.0,-3.81,-2.95,6.34,0.0
20231129:0630,30.54,46.44,4.31,-3.51,6.34,0.0
20231129:0730,105.09,124.42,11.11,-3.82,6.21,0.0
20231129:0830,206.86,225.28,16.17,-3.63,6.9,0.0
20231129:0930,184.24,203.75,19.06,-3.4,6.76,0.0
20231129:1030,186.29,206.28,19.48,-3.31,6.14,0.0
20231129:1130,200.42,219.87,17.39,-3.2,6.14,0.0
20231129:1230,285.81,304.62,13.01,-3.11,5.59,0.0
20231129:1330,196.24,217.06,6.74,-3.24,4.41,0.0
20231129:1430,0.0,0.0,-0.99,-3.87,3.72,0.0
20231129:1530,0.0,0.0,0.0,-4.73,3.24,0.0
20231129:1630,0.0,0.0,0.0,-5.35,2.97,0.0
20231129:1730,0.0,0.0,0.0,-5.82,2.76,0.0
20231129:1830,0.0,0.0,0.0,-6.7,2.41,0.0
20231129:1930,0.0,0.0,0.0,-7.76,2.21,0.0
20231129:2030,0.0,0.0,0.0,-9.01,2.14,0.0
20231129:2130,0.0,0.0,0.0,-9.86,2.14,0.0
20231129:2230,0.0,0.0,0.0,-11.24,2.55,0.0
20231129:2330,0.0,0.0,0.0,-11.83,2.83,0.0
20231130:0030,0.0,0.0,0.0,-11.59,2.9,0.0
20231130:0130,0.0,0.0,0.0,-10.92,2.76,0.0
20231130:0230,0.0,0.0,0.0,-10.59,2.69,0.0
20231130:0330,0.0,0.0,0.0,-9.5,2.48,0.0
20231130:0430,0.0,0.0,0.0,-8.77,2.41,0.0
20231130:0530,0.0,0.0,-4.0,-8.93,2.62,0.0
20231130:0630,116.16,135.14,4.12,-8.06,2.9,0.0
20231130:0730,405.52,423.45,10.93,-6.71,3.24,0.0
20231130:0830,596.9,630.0,15.99,-4.88,3.03,0.0
20231130:0930,685.49,737.47,18.88,-2.67,2.9,0.0
20231130:1030,518.48,555.98,19.32,-1.07,2.97,0.0
20231130:1130,147.87,170.86,17.25,-0.29,2.69,0.0
20231130:1230,24.87,40.43,12.89,-0.04,2.34,0.0
20231130:1330,5.01,14.66,6.64,-0.26,2.83,0.0
20231130:1430,0.0,0.0,-1.08,-0.44,3.17,0.0
20231130:1530,0.0,0.0,0.0,-0.66,3.31,0.0
20231130:1630,0.0,0.0,0.0,-0.76,3.24,0.0
20231130:1730,0.0,0.0,0.0,-0.85,2.97,0.0
20231130:1830,0.0,0.0,0.0,-0.98,2.76,0.0
20231130:1930,0.0,0.0,0.0,-1.08,2.55,0.0
20231130:2030,0.0,0.0,0.0,-1.19,2.34,0.0
20231130:2130,0.0,0.0,0.0,-1.39,2.28,0.0
20231130:2230,0.0,0.0,0.0,-1.49,2.07,0.0
20231130:2330,0.0,0.0,0.0,-1.5,2.0,0.0
20231201:0030,0.0,0.0,0.0,-1.47,1.79,0.0
20231201:0130,0.0,0.0,0.0,-1.36,1.59,0.0
20231201:0230,0.0,0.0,0.0,-1.33,1.38,0.0
20231201:0330,0.0,0.0,0.0,-1.33,1.17,0.0
20231201:0430,0.0,0.0,0.0,-1.27,1.03,0.0
20231201:0530,0.0,0.0,0.0,-1.18,0.9,0.0
20231201:0630,2.42,10.4,3.94,-1.16,0.83,0.0
20231201:0730,32.79,49.58,10.75,-0.95,0.34,0.0
20231201:0830,57.93,77.67,15.81,-0.38,0.41,0.0
20231201:0930,63.75,84.18,18.71,0.28,0.9,0.0
20231201:1030,42.41,60.74,19.16,0.43,0.83,0.0
20231201:1130,32.13,49.04,17.11,0.42,0.97,0.0
20231201:1230,9.92,21.74,12.78,0.39,1.31,0.0
20231201:1330,0.0,4.48,6.54,0.19,1.1,0.0
20231201:1430,0.0,0.0,-1.15,0.0,0.83,0.0
20231201:1530,0.0,0.0,0.0,-0.08,0.41,0.0
20231201:1630,0.0,0.0,0.0,-0.13,0.62,0.0
20231201:1730,0.0,0.0,0.0,-0.17,1.03,0.0
20231201:1830,0.0,0.0,0.0,-0.16,1.03,0.0
20231201:1930,0.0,0.0,0.0,-0.28,1.93,0.0
20231201:2030,0.0,0.0,0.0,-0.29,2.28,0.0
20231201:2130,0.0,0.0,0.0,-0.35,2.62,0.0
20231201:2230,0.0,0.0,0.0,-0.4,2.62,0.0
20231201:2330,0.0,0.0,0.0,-0.44,2.62,0.0
20231202:0030,0.0,0.0,0.0,-0.49,2.69,0.0
20231202:0130,0.0,0.0,0.0,-0.55,3.17,0.0
20231202:0230,0.0,0.0,0.0,-0.59,3.59,0.0
20231202:0330,0.0,0.0,0.0,-0.62,3.52,0.0
20231202:0430,0.0,0.0,0.0,-0.62,3.59,0.0
20231202:0530,0.0,0.0,0.0,-0.52,3.72,0.0
20231202:0630,23.24,38.48,3.76,-0.49,3.86,0.0
20231202:0730,58.97,77.98,10.57,-0.69,3.86,0.0
20231202:0830,102.17,123.6,15.64,-0.46,3.59,0.0
20231202:0930,136.75,159.43,18.55,-0.15,3.52,0.0
20231202:1030,158.22,181.02,19.02,0.2,3.38,0.0
20231202:1130,104.66,126.9,16.99,0.51,3.31,0.0
20231202:1230,80.16,101.13,12.67,0.77,3.17,0.0
20231202:1330,69.6,89.96,6.45,0.94,2.97,0.0
20231202:1430,0.0,0.0,-1.23,0.93,2.9,0.0
20231202:1530,0.0,0.0,0.0,1.04,3.1,0.0
20231202:1630,0.0,0.0,0.0,1.22,3.03,0.0
20231202:1730,0.0,0.0,0.0,1.39,3.1,0.0
20231202:1830,0.0,0.0,0.0,1.79,3.17,0.0
20231202:1930,0.0,0.0,0.0,1.3,3.1,0.0
20231202:2030,0.0,0.0,0.0,1.87,2.97,0.0
20231202:2130,0.0,0.0,0.0,2.55,2.76,0.0
20231202:2230,0.0,0.0,0.0,3.4,2.69,0.0
20231202:2330,0.0,0.0,0.0,4.37,2.76,0.0
20231203:0030,0.0,0.0,0.0,3.67,4.97,0.0
20231203:0130,0.0,0.0,0.0,0.38,6.62,0.0
20231203:0230,0.0,0.0,0.0,-1.39,6.34,0.0
20231203:0330,0.0,0.0,0.0,-2.18,6.62,0.0
20231203:0430,0.0,0.0,0.0,-2.55,7.1,0.0
20231203:0530,0.0,0.0,0.0,-3.0,6.97,0.0
20231203:0630,49.95,68.04,3.59,-3.42,6.34,0.0
20231203:0730,153.27,172.96,10.4,-2.93,5.79,0.0
20231203:0830,170.58,190.64,15.47,-2.64,5.59,0.0
20231203:0930,221.5,241.68,18.39,-2.46,5.52,0.0
20231203:1030,272.62,292.93,18.87,-2.23,5.45,0.0
20231203:1130,264.91,284.8,16.86,-1.95,5.38,0.0
20231203:1230,181.47,202.09,12.57,-1.81,4.55,0.0
20231203:1330,137.28,158.45,6.37,-2.06,4.07,0.0
20231203:1430,0.0,0.0,-1.29,-2.41,3.72,0.0
20231203:1530,0.0,0.0,0.0,-2.78,3.31,0.0
20231203:1630,0.0,0.0,0.0,-2.8,3.1,0.0
20231203:1730,0.0,0.0,0.0,-3.19,3.17,0.0
20231203:1830,0.0,0.0,0.0,-3.58,3.24,0.0
20231203:1930,0.0,0.0,0.0,-4.32,3.17,0.0
20231203:2030,0.0,0.0,0.0,-4.3,3.45,0.0
20231203:2130,0.0,0.0,0.0,-3.94,3.52,0.0
20231203:2230,0.0,0.0,0.0,-3.71,3.45,0.0
20231203:2330,0.0,0.0,0.0,-3.52,3.24,0.0
20231204:0030,0.0,0.0,0.0,-3.41,3.1,0.0
20231204:0130,0.0,0.0,0.0,-3.51,2.9,0.0
20231204:0230,0.0,0.0,0.0,-3.73,2.83,0.0
20231204:0330,0.0,0.0,0.0,-4.11,2.55,0.0
20231204:0430,0.0,0.0,0.0,-4.33,2.28,0.0
20231204:0530,0.0,0.0,0.0,-4.86,2.0,0.0
20231204:0630,146.64,168.38,3.43,-5.52,1.79,0.0
20231204:0730,346.92,364.57,10.24,-7.83,1.66,0.0
20231204:0830,568.07,597.14,15.31,-7.86,1.66,0.0
20231204:0930,585.94,621.39,18.24,-6.47,1.59,0.0
20231204:1030,512.04,546.4,18.74,-4.63,1.45,0.0
20231204:1130,396.45,424.39,16.75,-3.08,1.31,0.0
20231204:1230,275.4,299.42,12.48,-2.26,0.9,0.0
20231204:1330,108.81,130.71,6.3,-1.0,0.41,0.0
20231204:1430,0.0,0.0,-1.35,-1.25,0.55,0.0
20231204:1530,0.0,0.0,0.0,-2.26,0.9,0.0
20231204:1630,0.0,0.0,0.0,-4.85,1.38,0.0
20231204:1730,0.0,0.0,0.0,-7.46,1.86,0.0
20231204:1830,0.0,0.0,0.0,-9.44,2.14,0.0
20231204:1930,0.0,0.0,0.0,-8.85,2.0,0.0
20231204:2030,0.0,0.0,0.0,-9.64,2.07,0.0
20231204:2130,0.0,0.0,0.0,-10.66,2.14,0.0
20231204:2230,0.0,0.0,0.0,-10.61,1.93,0.0
20231204:2330,0.0,0.0,0.0,-9.87,1.79,0.0
20231205:0030,0.0,0.0,0.0,-9.73,2.0,0.0
20231205:0130,0.0,0.0,0.0,-9.12,2.07,0.0
20231205:0230,0.0,0.0,0.0,-8.7,2.14,0.0
20231205:0330,0.0,0.0,0.0,-8.2,2.28,0.0
20231205:0430,0.0,0.0,0.0,-7.77,2.28,0.0
20231205:0530,0.0,0.0,0.0,-7.33,2.34,0.0
20231205:0630,17.38,30.62,3.26,-7.12,2.41,0.0
20231205:0730,107.55,125.92,10.08,-6.55,2.55,0.0
20231205:0830,280.14,298.97,15.16,-5.15,2.76,0.0
20231205:0930,515.35,546.35,18.1,-3.52,2.76,0.0
20231205:1030,568.45,607.89,18.61,-2.17,2.76,0.0
20231205:1130,508.74,543.25,16.64,-1.37,2.83,0.0
20231205:1230,386.41,413.97,12.39,-1.12,2.76,0.0
20231205:1330,156.14,178.68,6.23,-1.28,2.41,0.0
20231205:1430,0.0,0.0,-1.4,-2.05,2.48,0.0
20231205:1530,0.0,0.0,0.0,-2.71,2.48,0.0
20231205:1630,0.0,0.0,0.0,-2.74,2.28,0.0
20231205:1730,0.0,0.0,0.0,-2.77,2.21,0.0
20231205:1830,0.0,0.0,0.0,-2.93,2.14,0.0
20231205:1930,0.0,0.0,0.0,-4.04,2.0,0.0
20231205:2030,0.0,0.0,0.0,-4.63,1.93,0.0
20231205:2130,0.0,0.0,0.0,-4.84,1.86,0.0
20231205:2230,0.0,0.0,0.0,-4.95,1.93,0.0
20231205:2330,0.0,0.0,0.0,-5.29,1.86,0.0
20231206:0030,0.0,0.0,0.0,-5.48,1.59,0.0
20231206:0130,0.0,0.0,0.0,-5.62,1.59,0.0
20231206:0230,0.0,0.0,0.0,-6.61,1.86,0.0
20231206:0330,0.0,0.0,0.0,-6.91,1.86,0.0
20231206:0430,0.0,0.0,0.0,-7.25,1.93,0.0
20231206:0530,0.0,0.0,0.0,-7.0,2.07,0.0
20231206:0630,41.85,58.7,3.11,-6.64,2.34,0.0
20231206:0730,191.7,209.27,9.92,-6.14,2.48,0.0
20231206:0830,241.82,260.57,15.01,-4.29,2.69,0.0
20231206:0930,311.78,333.05,17.97,-2.5,3.38,0.0
20231206:1030,342.95,365.87,18.49,-1.44,3.79,0.0
20231206:1130,246.31,268.2,16.54,-0.68,4.07,0.0
20231206:1230,184.28,206.21,12.31,-0.22,3.93,0.0
20231206:1330,61.49,80.76,6.17,0.0,3.79,0.0
20231206:1430,0.0,0.0,-1.44,-0.2,3.52,0.0
20231206:1530,0.0,0.0,0.0,-0.41,3.52,0.0
20231206:1630,0.0,0.0,0.0,-0.45,3.59,0.0
20231206:1730,0.0,0.0,0.0,-0.55,3.72,0.0
20231206:1830,0.0,0.0,0.0,-0.59,3.93,0.0
20231206:1930,0.0,0.0,0.0,-0.94,4.34,0.0
20231206:2030,0.0,0.0,0.0,-0.89,4.48,0.0
20231206:2130,0.0,0.0,0.0,-0.96,4.62,0.0
20231206:2230,0.0,0.0,0.0,-1.07,4.62,0.0
20231206:2330,0.0,0.0,0.0,-1.19,4.48,0.0
20231207:0030,0.0,0.0,0.0,-1.42,4.41,0.0
20231207:0130,0.0,0.0,0.0,-1.59,4.48,0.0
20231207:0230,0.0,0.0,0.0,-1.69,4.48,0.0
20231207:0330,0.0,0.0,0.0,-1.83,4.48,0.0
20231207:0430,0.0,0.0,0.0,-2.04,4.41,0.0
20231207:0530,0.0,0.0,0.0,-2.21,4.41,0.0
20231207:0630,9.22,20.64,2.96,-2.46,4.34,0.0
20231207:0730,35.23,51.73,9.78,-2.54,4.55,0.0
20231207:0830,72.54,91.95,14.87,-2.44,4.69,0.0
20231207:0930,100.59,121.08,17.84,-2.22,5.1,0.0
20231207:1030,99.29,119.79,18.38,-1.93,4.9,0.0
20231207:1130,79.14,98.99,16.45,-1.77,4.48,0.0
20231207:1230,38.39,55.46,12.24,-1.77,3.93,0.0
20231207:1330,11.92,24.21,6.12,-1.92,3.66,0.0
20231207:1430,0.0,0.0,-1.48,-2.05,3.24,0.0
20231207:1530,0.0,0.0,0.0,-2.41,2.97,0.0
20231207:1630,0.0,0.0,0.0,-2.62,2.83,0.0
20231207:1730,0.0,0.0,0.0,-2.75,2.83,0.0
20231207:1830,0.0,0.0,0.0,-2.85,2.69,0.0
20231207:1930,0.0,0.0,0.0,-3.17,3.03,0.0
20231207:2030,0.0,0.0,0.0,-3.27,2.83,0.0
20231207:2130,0.0,0.0,0.0,-3.36,2.62,0.0
20231207:2230,0.0,0.0,0.0,-3.31,2.62,0.0
20231207:2330,0.0,0.0,0.0,-3.4,2.07,0.0
20231208:0030,0.0,0.0,0.0,-4.1,1.86,0.0
20231208:0130,0.0,0.0,0.0,-4.41,1.79,0.0
20231208:0230,0.0,0.0,0.0,-4.56,1.72,0.0
20231208:0330,0.0,0.0,0.0,-4.62,1.72,0.0
20231208:0430,0.0,0.0,0.0,-4.51,1.79,0.0
20231208:0530,0.0,0.0,0.0,-4.47,1.72,0.0
20231208:0630,24.69,39.76,2.81,-4.48,1.66,0.0
20231208:0730,72.36,90.83,9.63,-4.88,2.21,0.0
20231208:0830,146.27,165.7,14.74,-4.5,2.41,0.0
20231208:0930,184.62,205.65,17.72,-3.98,1.93,0.0
20231208:1030,327.81,352.47,18.28,-3.41,1.31,0.0
20231208:1130,417.19,448.46,16.36,-3.0,1.03,0.0
20231208:1230,412.02,443.13,12.17,-2.63,1.1,0.0
20231208:1330,232.79,256.57,6.07,-3.03,1.31,0.0
20231208:1430,0.0,0.0,-1.51,-4.23,1.79,0.0
20231208:1530,0.0,0.0,0.0,-5.91,2.07,0.0
20231208:1630,0.0,0.0,0.0,-7.03,2.0,0.0
20231208:1730,0.0,0.0,0.0,-7.85,1.93,0.0
20231208:1830,0.0,0.0,0.0,-8.65,1.93,0.0
20231208:1930,0.0,0.0,0.0,-8.02,1.72,0.0
20231208:2030,0.0,0.0,0.0,-8.92,1.79,0.0
20231208:2130,0.0,0.0,0.0,-9.28,1.72,0.0
20231208:2230,0.0,0.0,0.0,-9.43,1.66,0.0
20231208:2330,0.0,0.0,0.0,-9.3,1.52,0.0
20231209:0030,0.0,0.0,0.0,-8.81,1.31,0.0
20231209:0130,0.0,0.0,0.0,-9.4,1.38,0.0
20231209:0230,0.0,0.0,0.0,-9.74,1.52,0.0
20231209:0330,0.0,0.0,0.0,-9.29,1.38,0.0
20231209:0430,0.0,0.0,0.0,-9.49,1.45,0.0
20231209:0530,0.0,0.0,0.0,-10.06,1.66,0.0
20231209:0630,76.69,94.53,2.67,-10.46,1.86,0.0
20231209:0730,241.84,256.81,9.5,-9.12,1.86,0.0
20231209:0830,438.02,457.48,14.61,-7.89,1.86,0.0
20231209:0930,538.22,569.23,17.6,-5.92,1.93,0.0
20231209:1030,657.84,707.23,18.18,-3.48,2.34,0.0
20231209:1130,591.3,633.56,16.29,-2.37,2.62,0.0
20231209:1230,429.9,460.42,12.11,-1.76,2.28,0.0
20231209:1330,189.77,213.02,6.03,-2.02,1.59,0.0
20231209:1430,0.0,0.0,-1.54,-3.06,1.79,0.0
20231209:1530,0.0,0.0,0.0,-4.32,1.93,0.0
20231209:1630,0.0,0.0,0.0,-5.24,2.28,0.0
20231209:1730,0.0,0.0,0.0,-6.03,2.34,0.0
20231209:1830,0.0,0.0,0.0,-6.7,2.14,0.0
20231209:1930,0.0,0.0,0.0,-6.11,2.41,0.0
20231209:2030,0.0,0.0,0.0,-5.68,2.55,0.0
20231209:2130,0.0,0.0,0.0,-5.49,2.55,0.0
20231209:2230,0.0,0.0,0.0,-5.63,2.55,0.0
20231209:2330,0.0,0.0,0.0,-5.51,2.62,0.0
20231210:0030,0.0,0.0,0.0,-5.23,2.62,0.0
20231210:0130,0.0,0.0,0.0,-4.9,2.55,0.0
20231210:0230,0.0,0.0,0.0,-4.73,2.21,0.0
20231210:0330,0.0,0.0,0.0,-4.71,2.34,0.0
20231210:0430,0.0,0.0,0.0,-4.77,2.48,0.0
20231210:0530,0.0,0.0,0.0,-5.05,2.48,0.0
20231210:0630,60.99,79.9,2.54,-5.13,2.48,0.0
20231210:0730,173.4,192.23,9.37,-4.9,2.55,0.0
20231210:0830,247.09,266.19,14.49,-4.19,2.21,0.0
20231210:0930,389.76,415.15,17.49,-3.35,2.0,0.0
20231210:1030,442.8,472.99,18.09,-2.1,2.28,0.0
20231210:1130,414.47,442.62,16.22,-1.65,2.62,0.0
20231210:1230,257.46,279.82,12.06,-1.4,2.76,0.0
20231210:1330,116.49,137.72,6.0,-1.46,2.69,0.0
20231210:1430,0.0,0.0,-1.55,-2.14,2.62,0.0
20231210:1530,0.0,0.0,0.0,-2.82,2.55,0.0
20231210:1630,0.0,0.0,0.0,-2.96,2.34,0.0
20231210:1730,0.0,0.0,0.0,-3.41,2.21,0.0
20231210:1830,0.0,0.0,0.0,-3.43,1.93,0.0
20231210:1930,0.0,0.0,0.0,-4.04,2.34,0.0
20231210:2030,0.0,0.0,0.0,-4.01,2.34,0.0
20231210:2130,0.0,0.0,0.0,-3.91,2.14,0.0
20231210:2230,0.0,0.0,0.0,-3.76,2.14,0.0
20231210:2330,0.0,0.0,0.0,-3.58,2.14,0.0
20231211:0030,0.0,0.0,0.0,-3.28,2.28,0.0
20231211:0130,0.0,0.0,0.0,-2.92,2.34,0.0
20231211:0230,0.0,0.0,0.0,-2.81,2.28,0.0
20231211:0330,0.0,0.0,0.0,-3.47,2.14,0.0
20231211:0430,0.0,0.0,0.0,-4.11,2.21,0.0
20231211:0530,0.0,0.0,0.0,-3.61,2.28,0.0
20231211:0630,65.53,85.38,2.41,-3.39,2.28,0.0
20231211:0730,197.76,218.45,9.25,-2.84,2.41,0.0
20231211:0830,307.72,331.66,14.38,-1.55,2.55,0.0
20231211:0930,336.35,364.44,17.39,-0.01,2.48,0.0
20231211:1030,379.56,410.96,18.01,1.04,2.48,0.0
20231211:1130,211.46,237.26,16.15,1.89,2.48,0.0
20231211:1230,101.66,124.11,12.02,1.98,2.48,0.0
20231211:1330,54.3,73.71,5.97,1.85,2.34,0.0
20231211:1430,0.0,0.0,-1.57,1.5,2.48,0.0
20231211:1530,0.0,0.0,0.0,1.19,2.48,0.0
20231211:1630,0.0,0.0,0.0,1.28,2.28,0.0
20231211:1730,0.0,0.0,0.0,0.62,2.34,0.0
20231211:1830,0.0,0.0,0.0,0.36,2.21,0.0
20231211:1930,0.0,0.0,0.0,0.42,2.28,0.0
20231211:2030,0.0,0.0,0.0,-0.34,2.07,0.0
20231211:2130,0.0,0.0,0.0,-0.86,2.41,0.0
20231211:2230,0.0,0.0,0.0,-0.35,3.03,0.0
20231211:2330,0.0,0.0,0.0,-0.1,3.17,0.0
20231212:0030,0.0,0.0,0.0,0.18,3.17,0.0
20231212:0130,0.0,0.0,0.0,0.56,3.03,0.0
20231212:0230,0.0,0.0,0.0,0.63,2.9,0.0
20231212:0330,0.0,0.0,0.0,0.75,3.1,0.0
20231212:0430,0.0,0.0,0.0,0.9,2.97,0.0
20231212:0530,0.0,0.0,0.0,1.17,2.9,0.0
20231212:0630,2.81,11.16,2.29,1.45,3.03,0.0
20231212:0730,206.87,231.6,9.13,2.11,3.66,0.0
20231212:0830,334.51,364.41,14.27,3.15,3.66,0.0
20231212:0930,364.64,397.35,17.3,3.81,3.72,0.0
20231212:1030,270.64,299.06,17.93,4.11,3.66,0.0
20231212:1130,212.5,239.33,16.1,4.21,3.45,0.0
20231212:1230,127.23,150.93,11.98,4.19,3.38,0.0
20231212:1330,65.45,86.28,5.95,3.82,3.31,0.0
20231212:1430,0.0,0.0,-1.57,3.28,3.17,0.0
20231212:1530,0.0,0.0,0.0,2.89,2.9,0.0
20231212:1630,0.0,0.0,0.0,2.2,2.9,0.0
20231212:1730,0.0,0.0,0.0,1.75,2.97,0.0
20231212:1830,0.0,0.0,0.0,1.47,2.9,0.0
20231212:1930,0.0,0.0,0.0,0.58,2.76,0.0
20231212:2030,0.0,0.0,0.0,0.72,2.55,0.0
20231212:2130,0.0,0.0,0.0,0.74,2.41,0.0
20231212:2230,0.0,0.0,0.0,1.03,2.14,0.0
20231212:2330,0.0,0.0,0.0,0.87,1.93,0.0
20231213:0030,0.0,0.0,0.0,0.95,1.66,0.0
20231213:0130,0.0,0.0,0.0,0.55,1.86,0.0
20231213:0230,0.0,0.0,0.0,-0.85,2.28,0.0
20231213:0330,0.0,0.0,0.0,-1.77,2.34,0.0
20231213:0430,0.0,0.0,0.0,-1.72,2.55,0.0
20231213:0530,0.0,0.0,0.0,-1.18,2.76,0.0
20231213:0630,3.85,12.82,2.17,-0.63,2.9,0.0
20231213:0730,29.4,45.74,9.02,0.09,2.69,0.0
20231213:0830,41.42,59.62,14.17,0.82,2.76,0.0
20231213:0930,42.06,60.47,17.22,1.41,3.03,0.0
20231213:1030,43.58,62.22,17.86,1.64,3.31,0.0
20231213:1130,26.25,42.36,16.05,1.91,3.17,0.0
20231213:1230,12.75,25.64,11.96,1.94,3.24,0.0
20231213:1330,3.28,11.97,5.94,1.83,3.31,0.0
20231213:1430,0.0,0.0,-1.57,1.62,3.31,0.0
20231213:1530,0.0,0.0,0.0,1.22,3.24,0.0
20231213:1630,0.0,0.0,0.0,1.03,3.1,0.0
20231213:1730,0.0,0.0,0.0,0.81,2.83,0.0
20231213:1830,0.0,0.0,0.0,0.89,2.48,0.0
20231213:1930,0.0,0.0,0.0,1.01,2.14,0.0
20231213:2030,0.0,0.0,0.0,1.02,1.86,0.0
20231213:2130,0.0,0.0,0.0,0.98,1.59,0.0
20231213:2230,0.0,0.0,0.0,1.0,1.52,0.0
20231213:2330,0.0,0.0,0.0,0.97,1.31,0.0
20231214:0030,0.0,0.0,0.0,0.84,0.97,0.0
20231214:0130,0.0,0.0,0.0,1.07,0.69,0.0
20231214:0230,0.0,0.0,0.0,1.08,0.62,0.0
20231214:0330,0.0,0.0,0.0,0.76,0.83,0.0
20231214:0430,0.0,0.0,0.0,0.75,1.17,0.0
20231214:0530,0.0,0.0,0.0,0.96,1.59,0.0
20231214:0630,0.0,3.14,2.06,1.04,1.93,0.0
20231214:0730,3.55,12.37,8.92,0.68,2.28,0.0
20231214:0830,53.05,72.38,14.08,0.62,2.76,0.0
20231214:0930,67.78,88.44,17.14,0.92,3.59,0.0
20231214:1030,60.64,80.47,17.8,1.13,4.14,0.0
20231214:1130,33.04,50.12,16.01,1.04,4.34,0.0
20231214:1230,28.85,45.22,11.93,0.8,3.72,0.0
20231214:1330,19.61,34.04,5.94,0.62,3.79,0.0
20231214:1430,0.0,0.0,-1.56,0.47,4.0,0.0
20231214:1530,0.0,0.0,0.0,0.3,3.93,0.0
20231214:1630,0.0,0.0,0.0,0.32,3.93,0.0
20231214:1730,0.0,0.0,0.0,0.34,3.86,0.0
20231214:1830,0.0,0.0,0.0,0.37,3.86,0.0
20231214:1930,0.0,0.0,0.0,0.67,3.38,0.0
20231214:2030,0.0,0.0,0.0,0.71,3.45,0.0
20231214:2130,0.0,0.0,0.0,0.74,3.38,0.0
20231214:2230,0.0,0.0,0.0,0.75,3.31,0.0
20231214:2330,0.0,0.0,0.0,0.75,3.31,0.0
20231215:0030,0.0,0.0,0.0,0.76,3.24,0.0
20231215:0130,0.0,0.0,0.0,0.72,3.17,0.0
20231215:0230,0.0,0.0,0.0,0.75,3.17,0.0
20231215:0330,0.0,0.0,0.0,0.81,3.1,0.0
20231215:0430,0.0,0.0,0.0,0.73,2.83,0.0
20231215:0530,0.0,0.0,0.0,0.74,2.62,0.0
20231215:0630,0.51,6.72,1.96,0.78,2.41,0.0
20231215:0730,7.76,18.78,8.82,1.1,2.76,0.0
20231215:0830,26.7,42.66,13.99,1.05,3.03,0.0
20231215:0930,34.47,51.29,17.07,0.95,3.79,0.0
20231215:1030,72.68,92.69,17.75,0.88,3.31,0.0
20231215:1130,56.55,75.68,15.98,0.89,3.79,0.0
20231215:1230,22.66,37.89,11.92,0.76,3.52,0.0
20231215:1330,15.85,29.37,5.94,0.52,3.38,0.0
20231215:1430,0.0,0.0,-1.54,0.25,3.93,0.0
20231215:1530,0.0,0.0,0.0,-0.12,3.79,0.0
20231215:1630,0.0,0.0,0.0,-0.65,3.24,0.0
20231215:1730,0.0,0.0,0.0,-1.17,2.83,0.0
20231215:1830,0.0,0.0,0.0,-1.51,2.69,0.0
20231215:1930,0.0,0.0,0.0,-1.63,2.55,0.0
20231215:2030,0.0,0.0,0.0,-1.75,2.62,0.0
20231215:2130,0.0,0.0,0.0,-2.0,2.76,0.0
20231215:2230,0.0,0.0,0.0,-2.28,2.83,0.0
20231215:2330,0.0,0.0,0.0,-2.19,2.9,0.0
20231216:0030,0.0,0.0,0.0,-1.66,2.83,0.0
20231216:0130,0.0,0.0,0.0,-1.44,2.9,0.0
20231216:0230,0.0,0.0,0.0,-0.57,3.17,0.0
20231216:0330,0.0,0.0,0.0,-0.06,3.24,0.0
20231216:0430,0.0,0.0,0.0,0.11,3.24,0.0
20231216:0530,0.0,0.0,0.0,0.29,3.24,0.0
20231216:0630,0.93,7.62,1.86,0.27,3.31,0.0
20231216:0730,28.24,44.02,8.73,0.53,3.45,0.0
20231216:0830,48.48,66.63,13.91,0.89,3.59,0.0
20231216:0930,62.13,81.79,17.0,1.41,4.48,0.0
20231216:1030,98.58,120.27,17.71,1.86,4.41,0.0
20231216:1130,67.05,87.57,15.95,2.28,4.28,0.0
20231216:1230,27.2,43.29,11.91,2.47,3.93,0.0
20231216:1330,10.54,22.65,5.95,2.54,3.24,0.0
20231216:1430,0.0,0.0,-1.52,2.5,2.97,0.0
20231216:1530,0.0,0.0,0.0,2.46,3.03,0.0
20231216:1630,0.0,0.0,0.0,2.49,3.17,0.0
20231216:1730,0.0,0.0,0.0,2.52,3.17,0.0
20231216:1830,0.0,0.0,0.0,2.48,3.24,0.0
20231216:1930,0.0,0.0,0.0,2.34,3.38,0.0
20231216:2030,0.0,0.0,0.0,2.22,3.38,0.0
20231216:2130,0.0,0.0,0.0,2.47,3.52,0.0
20231216:2230,0.0,0.0,0.0,2.67,3.66,0.0
20231216:2330,0.0,0.0,0.0,2.59,3.86,0.0
20231217:0030,0.0,0.0,0.0,2.55,4.21,0.0
20231217:0130,0.0,0.0,0.0,2.35,4.48,0.0
20231217:0230,0.0,0.0,0.0,2.11,4.62,0.0
20231217:0330,0.0,0.0,0.0,2.07,4.69,0.0
20231217:0430,0.0,0.0,0.0,2.44,4.9,0.0
20231217:0530,0.0,0.0,0.0,2.68,5.24,0.0
20231217:0630,1.86,9.5,1.76,2.81,5.45,0.0
20231217:0730,15.01,28.54,8.64,2.65,5.45,0.0
20231217:0830,23.6,39.28,13.84,3.13,5.59,0.0
20231217:0930,47.19,66.33,16.95,3.59,5.72,0.0
20231217:1030,47.74,66.95,17.67,4.07,5.86,0.0
20231217:1130,28.39,45.17,15.93,4.33,5.72,0.0
20231217:1230,19.25,33.87,11.91,4.35,5.45,0.0
20231217:1330,6.0,16.32,5.97,4.4,5.03,0.0
20231217:1430,0.0,0.0,-1.49,4.39,4.55,0.0
20231217:1530,0.0,0.0,0.0,4.31,4.21,0.0
20231217:1630,0.0,0.0,0.0,4.15,4.0,0.0
20231217:1730,0.0,0.0,0.0,4.09,3.79,0.0
20231217:1830,0.0,0.0,0.0,4.01,3.72,0.0
20231217:1930,0.0,0.0,0.0,3.53,4.14,0.0
20231217:2030,0.0,0.0,0.0,3.44,4.07,0.0
20231217:2130,0.0,0.0,0.0,3.47,4.21,0.0
20231217:2230,0.0,0.0,0.0,3.47,4.34,0.0
20231217:2330,0.0,0.0,0.0,3.56,4.34,0.0
20231218:0030,0.0,0.0,0.0,3.39,4.14,0.0
20231218:0130,0.0,0.0,0.0,3.61,4.07,0.0
20231218:0230,0.0,0.0,0.0,3.9,4.28,0.0
20231218:0330,0.0,0.0,0.0,4.16,4.41,0.0
20231218:0430,0.0,0.0,0.0,4.13,4.76,0.0
20231218:0530,0.0,0.0,0.0,4.33,4.9,0.0
20231218:0630,2.23,10.22,1.68,4.21,4.83,0.0
20231218:0730,242.75,270.04,8.57,4.5,5.79,0.0
20231218:0830,387.03,420.65,13.78,5.48,5.93,0.0
20231218:0930,505.81,550.76,16.9,6.25,5.59,0.0
20231218:1030,565.6,623.41,17.64,7.43,4.69,0.0
20231218:1130,479.06,528.07,15.92,8.08,4.69,0.0
20231218:1230,239.24,270.54,11.92,8.08,4.21,0.0
20231218:1330,136.48,163.61,5.99,7.88,5.38,0.0
20231218:1430,0.0,0.0,-1.46,6.84,4.69,0.0
20231218:1530,0.0,0.0,0.0,5.65,4.07,0.0
20231218:1630,0.0,0.0,0.0,4.87,3.66,0.0
20231218:1730,0.0,0.0,0.0,4.35,3.38,0.0
20231218:1830,0.0,0.0,0.0,3.96,3.24,0.0
20231218:1930,0.0,0.0,0.0,4.48,3.31,0.0
20231218:2030,0.0,0.0,0.0,4.85,3.1,0.0
20231218:2130,0.0,0.0,0.0,5.03,2.9,0.0
20231218:2230,0.0,0.0,0.0,5.06,2.62,0.0
20231218:2330,0.0,0.0,0.0,4.88,2.28,0.0
20231219:0030,0.0,0.0,0.0,4.83,2.14,0.0
20231219:0130,0.0,0.0,0.0,4.6,2.0,0.0
20231219:0230,0.0,0.0,0.0,4.56,1.86,0.0
20231219:0330,0.0,0.0,0.0,4.46,1.93,0.0
20231219:0430,0.0,0.0,0.0,4.01,2.21,0.0
20231219:0530,0.0,0.0,0.0,3.18,2.48,0.0
20231219:0630,2.23,10.18,1.6,2.55,2.48,0.0
20231219:0730,288.0,317.44,8.5,2.78,2.97,0.0
20231219:0830,439.54,479.78,13.72,3.91,2.97,0.0
20231219:0930,515.65,568.39,16.86,5.82,3.03,0.0
20231219:1030,541.5,600.34,17.62,6.88,3.17,0.0
20231219:1130,539.76,601.94,15.92,7.84,3.03,0.0
20231219:1230,413.42,463.07,11.94,8.73,2.62,0.0
20231219:1330,181.14,211.87,6.02,8.14,3.03,0.0
20231219:1430,0.0,0.0,-1.41,6.61,3.17,0.0
20231219:1530,0.0,0.0,0.0,5.16,3.31,0.0
20231219:1630,0.0,0.0,0.0,4.52,3.1,0.0
20231219:1730,0.0,0.0,0.0,4.28,2.97,0.0
20231219:1830,0.0,0.0,0.0,4.25,2.97,0.0
20231219:1930,0.0,0.0,0.0,4.95,4.34,0.0
20231219:2030,0.0,0.0,0.0,5.4,4.34,0.0
20231219:2130,0.0,0.0,0.0,5.6,4.62,0.0
20231219:2230,0.0,0.0,0.0,5.93,4.9,0.0
20231219:2330,0.0,0.0,0.0,6.21,4.83,0.0
20231220:0030,0.0,0.0,0.0,6.36,4.41,0.0
20231220:0130,0.0,0.0,0.0,6.26,3.86,0.0
20231220:0230,0.0,0.0,0.0,6.08,3.59,0.0
20231220:0330,0.0,0.0,0.0,5.96,3.52,0.0
20231220:0430,0.0,0.0,0.0,5.78,3.24,0.0
20231220:0530,0.0,0.0,0.0,5.21,2.69,0.0
20231220:0630,1.85,9.55,1.52,4.71,1.93,0.0
20231220:0730,327.43,360.37,8.43,3.75,3.1,0.0
20231220:0830,507.65,560.08,13.67,5.32,2.69,0.0
20231220:0930,584.15,657.3,16.83,8.12,2.55,0.0
20231220:1030,488.29,551.79,17.61,9.73,2.28,0.0
20231220:1130,303.96,346.92,15.93,10.32,1.59,0.0
20231220:1230,105.94,132.87,11.96,10.27,2.28,0.0
20231220:1330,69.13,92.51,6.06,9.53,1.86,0.0
20231220:1430,0.0,0.0,-1.37,7.86,1.52,0.0
20231220:1530,0.0,0.0,0.0,6.0,2.0,0.0
20231220:1630,0.0,0.0,0.0,4.79,2.48,0.0
20231220:1730,0.0,0.0,0.0,4.06,2.55,0.0
20231220:1830,0.0,0.0,0.0,3.68,2.48,0.0
20231220:1930,0.0,0.0,0.0,4.52,3.17,0.0
20231220:2030,0.0,0.0,0.0,3.84,2.9,0.0
20231220:2130,0.0,0.0,0.0,2.83,3.03,0.0
20231220:2230,0.0,0.0,0.0,2.16,3.03,0.0
20231220:2330,0.0,0.0,0.0,1.51,2.9,0.0
20231221:0030,0.0,0.0,0.0,1.2,2.76,0.0
20231221:0130,0.0,0.0,0.0,0.84,2.83,0.0
20231221:0230,0.0,0.0,0.0,0.87,2.97,0.0
20231221:0330,0.0,0.0,0.0,0.98,2.97,0.0
20231221:0430,0.0,0.0,0.0,1.1,2.76,0.0
20231221:0530,0.0,0.0,0.0,1.24,2.69,0.0
20231221:0630,2.58,10.76,1.45,1.21,2.69,0.0
20231221:0730,138.83,161.82,8.38,1.46,2.97,0.0
20231221:0830,299.2,327.44,13.63,2.67,3.31,0.0
20231221:0930,330.15,359.69,16.8,3.77,4.0,0.0
20231221:1030,261.75,288.64,17.6,4.24,5.1,0.0
20231221:1130,306.03,334.36,15.94,4.52,5.31,0.0
20231221:1230,362.65,395.55,11.99,4.92,5.03,0.0
20231221:1330,150.84,176.38,6.1,4.66,5.45,0.0
20231221:1430,0.0,0.0,-1.31,4.17,5.24,0.0
20231221:1530,0.0,0.0,0.0,3.85,5.1,0.0
20231221:1630,0.0,0.0,0.0,3.79,5.45,0.0
20231221:1730,0.0,0.0,0.0,3.88,5.59,0.0
20231221:1830,0.0,0.0,0.0,4.26,5.79,0.0
20231221:1930,0.0,0.0,0.0,4.59,8.28,0.0
20231221:2030,0.0,0.0,0.0,4.58,8.34,0.0
20231221:2130,0.0,0.0,0.0,4.43,7.79,0.0
20231221:2230,0.0,0.0,0.0,4.21,6.76,0.0
20231221:2330,0.0,0.0,0.0,4.15,5.79,0.0
20231222:0030,0.0,0.0,0.0,4.15,5.52,0.0
20231222:0130,0.0,0.0,0.0,4.02,5.45,0.0
20231222:0230,0.0,0.0,0.0,4.14,5.17,0.0
20231222:0330,0.0,0.0,0.0,3.99,4.55,0.0
20231222:0430,0.0,0.0,0.0,3.42,4.55,0.0
20231222:0530,0.0,0.0,0.0,3.2,4.97,0.0
20231222:0630,0.1,5.78,1.39,3.22,4.97,0.0
20231222:0730,24.28,40.05,8.33,3.63,4.62,0.0
20231222:0830,91.33,112.39,13.59,3.55,4.83,0.0
20231222:0930,379.1,409.22,16.78,3.59,5.1,0.0
20231222:1030,496.47,535.18,17.6,4.0,5.17,0.0
20231222:1130,447.04,481.87,15.96,4.19,5.79,0.0
20231222:1230,309.32,337.72,12.03,4.17,5.52,0.0
20231222:1330,134.39,158.88,6.15,3.98,4.62,0.0
20231222:1430,0.0,0.0,-1.25,3.31,3.79,0.0
20231222:1530,0.0,0.0,0.0,2.3,3.93,0.0
20231222:1630,0.0,0.0,0.0,1.95,4.14,0.0
20231222:1730,0.0,0.0,0.0,1.75,4.07,0.0
20231222:1830,0.0,0.0,0.0,1.63,4.14,0.0
20231222:1930,0.0,0.0,0.0,1.14,4.28,0.0
20231222:2030,0.0,0.0,0.0,1.01,4.69,0.0
20231222:2130,0.0,0.0,0.0,0.95,5.1,0.0
20231222:2230,0.0,0.0,0.0,0.86,5.24,0.0
20231222:2330,0.0,0.0,0.0,0.5,5.31,0.0
20231223:0030,0.0,0.0,0.0,0.21,5.24,0.0
20231223:0130,0.0,0.0,0.0,0.01,5.1,0.0
20231223:0230,0.0,0.0,0.0,-0.19,5.03,0.0
20231223:0330,0.0,0.0,0.0,-0.25,5.03,0.0
20231223:0430,0.0,0.0,0.0,-0.38,5.38,0.0
20231223:0530,0.0,0.0,0.0,-0.63,5.52,0.0
20231223:0630,2.04,9.73,1.34,-0.76,5.24,0.0
20231223:0730,170.68,191.69,8.28,-0.91,5.72,0.0
20231223:0830,375.09,398.64,13.56,-0.27,5.93,0.0
20231223:0930,534.85,565.86,16.77,0.12,6.21,0.0
20231223:1030,657.45,696.91,17.61,0.51,7.03,0.0
20231223:1130,594.02,627.37,15.99,0.73,7.59,0.0
20231223:1230,410.62,435.31,12.07,0.58,7.1,0.0
20231223:1330,204.71,227.8,6.21,0.33,6.48,0.0
20231223:1430,0.0,0.0,-1.18,-0.22,5.66,0.0
20231223:1530,0.0,0.0,0.0,-0.77,5.38,0.0
20231223:1630,0.0,0.0,0.0,-1.01,5.17,0.0
20231223:1730,0.0,0.0,0.0,-1.2,5.17,0.0
20231223:1830,0.0,0.0,0.0,-1.26,5.24,0.0
20231223:1930,0.0,0.0,0.0,-0.35,5.79,0.0
20231223:2030,0.0,0.0,0.0,-0.3,5.66,0.0
20231223:2130,0.0,0.0,0.0,-0.41,5.72,0.0
20231223:2230,0.0,0.0,0.0,-0.24,6.07,0.0
20231223:2330,0.0,0.0,0.0,-0.35,5.93,0.0
20231224:0030,0.0,0.0,0.0,-0.46,5.86,0.0
20231224:0130,0.0,0.0,0.0,-0.63,5.59,0.0
20231224:0230,0.0,0.0,0.0,-0.66,5.52,0.0
20231224:0330,0.0,0.0,0.0,-0.37,5.52,0.0
20231224:0430,0.0,0.0,0.0,-0.05,5.45,0.0
20231224:0530,0.0,0.0,0.0,-0.33,5.03,0.0
20231224:0630,1.62,8.97,1.29,-0.65,4.55,0.0
20231224:0730,164.03,185.79,8.25,-0.21,4.76,0.0
20231224:0830,139.17,161.38,13.54,0.64,4.69,0.0
20231224:0930,387.91,416.57,16.77,1.38,4.41,0.0
20231224:1030,417.47,449.58,17.63,2.25,4.34,0.0
20231224:1130,324.17,351.15,16.02,2.78,5.52,0.0
20231224:1230,297.0,324.51,12.12,2.88,4.34,0.0
20231224:1330,69.6,90.36,6.27,2.75,3.45,0.0
20231224:1430,0.0,0.0,-1.11,2.13,2.28,0.0
20231224:1530,0.0,0.0,0.0,1.62,1.31,0.0
20231224:1630,0.0,0.0,0.0,1.82,0.07,0.0
20231224:1730,0.0,0.0,0.0,1.11,1.38,0.0
20231224:1830,0.0,0.0,0.0,1.43,1.79,0.0
20231224:1930,0.0,0.0,0.0,2.48,2.48,0.0
20231224:2030,0.0,0.0,0.0,3.31,3.52,0.0
20231224:2130,0.0,0.0,0.0,4.04,4.48,0.0
20231224:2230,0.0,0.0,0.0,4.59,5.17,0.0
20231224:2330,0.0,0.0,0.0,5.07,5.45,0.0
20231225:0030,0.0,0.0,0.0,5.59,6.0,0.0
20231225:0130,0.0,0.0,0.0,6.08,6.62,0.0
20231225:0230,0.0,0.0,0.0,6.5,7.31,0.0
20231225:0330,0.0,0.0,0.0,6.49,7.45,0.0
20231225:0430,0.0,0.0,0.0,6.7,7.31,0.0
20231225:0530,0.0,0.0,0.0,7.31,7.38,0.0
20231225:0630,0.19,6.1,1.25,8.1,7.38,0.0
20231225:0730,69.93,92.19,8.22,8.44,7.72,0.0
20231225:0830,193.8,222.79,13.53,9.05,7.38,0.0
20231225:0930,310.82,346.04,16.77,9.71,7.31,0.0
20231225:1030,328.18,365.72,17.65,10.42,7.24,0.0
20231225:1130,209.06,240.0,16.07,10.41,6.9,0.0
20231225:1230,160.75,189.14,12.18,10.02,6.69,0.0
20231225:1330,19.32,34.85,6.34,9.84,7.38,0.0
20231225:1430,0.0,0.0,-1.03,9.88,7.66,0.0
20231225:1530,0.0,0.0,0.0,9.76,7.52,0.0
20231225:1630,0.0,0.0,0.0,9.56,7.31,0.0
20231225:1730,0.0,0.0,0.0,9.5,7.17,0.0
20231225:1830,0.0,0.0,0.0,9.5,6.97,0.0
20231225:1930,0.0,0.0,0.0,9.71,6.48,0.0
20231225:2030,0.0,0.0,0.0,9.51,6.28,0.0
20231225:2130,0.0,0.0,0.0,9.69,6.21,0.0
20231225:2230,0.0,0.0,0.0,9.8,6.14,0.0
20231225:2330,0.0,0.0,0.0,9.67,5.79,0.0
20231226:0030,0.0,0.0,0.0,9.46,5.17,0.0
20231226:0130,0.0,0.0,0.0,9.13,4.76,0.0
20231226:0230,0.0,0.0,0.0,9.06,4.34,0.0
20231226:0330,0.0,0.0,0.0,8.8,4.0,0.0
20231226:0430,0.0,0.0,0.0,8.73,3.72,0.0
20231226:0530,0.0,0.0,0.0,8.63,3.72,0.0
20231226:0630,0.28,6.32,1.21,8.64,3.86,0.0
20231226:0730,37.63,56.28,8.2,8.38,3.52,0.0
20231226:0830,33.27,51.6,13.52,9.0,4.0,0.0
20231226:0930,117.17,143.24,16.79,9.79,5.52,0.0
20231226:1030,118.79,145.52,17.68,10.32,6.97,0.0
20231226:1130,333.72,370.49,16.12,10.53,8.21,0.0
20231226:1230,296.4,332.74,12.25,11.01,8.0,0.0
20231226:1330,73.7,97.63,6.42,11.14,7.93,0.0
20231226:1430,0.0,0.0,-0.94,10.64,6.76,0.0
20231226:1530,0.0,0.0,0.0,10.14,6.07,0.0
20231226:1630,0.0,0.0,0.0,9.81,5.93,0.0
20231226:1730,0.0,0.0,0.0,9.45,5.66,0.0
20231226:1830,0.0,0.0,0.0,9.21,5.31,0.0
20231226:1930,0.0,0.0,0.0,9.39,5.31,0.0
20231226:2030,0.0,0.0,0.0,9.49,5.03,0.0
20231226:2130,0.0,0.0,0.0,9.16,4.83,0.0
20231226:2230,0.0,0.0,0.0,8.87,4.83,0.0
20231226:2330,0.0,0.0,0.0,8.57,4.69,0.0
20231227:0030,0.0,0.0,0.0,8.18,4.62,0.0
20231227:0130,0.0,0.0,0.0,7.86,4.83,0.0
20231227:0230,0.0,0.0,0.0,7.54,4.9,0.0
20231227:0330,0.0,0.0,0.0,7.45,5.24,0.0
20231227:0430,0.0,0.0,0.0,7.09,5.66,0.0
20231227:0530,0.0,0.0,0.0,6.67,6.14,0.0
20231227:0630,0.83,7.53,1.18,5.95,6.14,0.0
20231227:0730,156.14,181.41,8.18,5.46,6.48,0.0
20231227:0830,429.45,463.84,13.53,5.35,7.24,0.0
20231227:0930,590.72,638.63,16.81,5.54,7.17,0.0
20231227:1030,586.6,633.79,17.72,5.64,7.24,0.0
20231227:1130,459.84,497.66,16.17,5.57,6.9,0.0
20231227:1230,317.84,348.22,12.32,5.61,6.69,0.0
20231227:1330,199.34,227.03,6.51,5.4,5.86,0.0
20231227:1430,0.0,0.0,-0.85,4.81,4.9,0.0
20231227:1530,0.0,0.0,0.0,3.97,4.21,0.0
20231227:1630,0.0,0.0,0.0,3.19,3.66,0.0
20231227:1730,0.0,0.0,0.0,2.6,3.31,0.0
20231227:1830,0.0,0.0,0.0,1.84,3.03,0.0
20231227:1930,0.0,0.0,0.0,1.45,2.48,0.0
20231227:2030,0.0,0.0,0.0,0.75,2.28,0.0
20231227:2130,0.0,0.0,0.0,0.28,2.21,0.0
20231227:2230,0.0,0.0,0.0,0.02,2.0,0.0
20231227:2330,0.0,0.0,0.0,0.0,1.59,0.0
20231228:0030,0.0,0.0,0.0,2.3,0.55,0.0
20231228:0130,0.0,0.0,0.0,2.28,0.9,0.0
20231228:0230,0.0,0.0,0.0,0.42,1.66,0.0
20231228:0330,0.0,0.0,0.0,0.23,1.86,0.0
20231228:0430,0.0,0.0,0.0,0.02,2.07,0.0
20231228:0530,0.0,0.0,0.0,0.11,2.21,0.0
20231228:0630,1.66,9.05,1.16,0.09,2.34,0.0
20231228:0730,257.67,284.4,8.17,0.71,1.86,0.0
20231228:0830,423.78,464.21,13.53,2.5,1.59,0.0
20231228:0930,574.21,643.31,16.84,5.58,1.72,0.0
20231228:1030,600.32,678.93,17.77,7.55,2.0,0.0
20231228:1130,549.91,621.58,16.24,8.89,2.21,0.0
20231228:1230,419.47,473.25,12.4,9.48,2.07,0.0
20231228:1330,219.68,253.83,6.6,9.23,3.31,0.0
20231228:1430,0.0,0.0,-0.75,8.33,3.1,0.0
20231228:1530,0.0,0.0,0.0,7.22,3.03,0.0
20231228:1630,0.0,0.0,0.0,6.62,3.03,0.0
20231228:1730,0.0,0.0,0.0,6.18,3.17,0.0
20231228:1830,0.0,0.0,0.0,5.84,3.31,0.0
20231228:1930,0.0,0.0,0.0,5.5,3.52,0.0
20231228:2030,0.0,0.0,0.0,5.36,3.24,0.0
20231228:2130,0.0,0.0,0.0,5.27,2.97,0.0
20231228:2230,0.0,0.0,0.0,5.14,2.97,0.0
20231228:2330,0.0,0.0,0.0,4.86,2.83,0.0
20231229:0030,0.0,0.0,0.0,4.65,2.62,0.0
20231229:0130,0.0,0.0,0.0,4.31,2.14,0.0
20231229:0230,0.0,0.0,0.0,4.68,1.86,0.0
20231229:0330,0.0,0.0,0.0,4.55,1.93,0.0
20231229:0430,0.0,0.0,0.0,4.26,2.14,0.0
20231229:0530,0.0,0.0,0.0,4.4,1.93,0.0
20231229:0630,0.87,7.58,1.15,3.86,2.21,0.0
20231229:0730,126.32,150.79,8.17,5.39,3.93,0.0
20231229:0830,146.91,172.66,13.55,6.63,4.14,0.0
20231229:0930,162.44,189.78,16.87,7.97,4.07,0.0
20231229:1030,192.41,221.39,17.83,8.47,4.76,0.0
20231229:1130,138.07,165.04,16.31,8.89,4.28,0.0
20231229:1230,264.88,298.21,12.49,8.9,4.34,0.0
20231229:1330,108.23,133.87,6.69,8.86,5.52,0.0
20231229:1430,0.0,0.0,-0.65,8.38,5.38,0.0
20231229:1530,0.0,0.0,0.0,7.76,5.03,0.0
20231229:1630,0.0,0.0,0.0,7.58,4.76,0.0
20231229:1730,0.0,0.0,0.0,7.4,4.55,0.0
20231229:1830,0.0,0.0,0.0,7.39,4.69,0.0
20231229:1930,0.0,0.0,0.0,7.69,4.55,0.0
20231229:2030,0.0,0.0,0.0,7.66,4.55,0.0
20231229:2130,0.0,0.0,0.0,7.7,4.76,0.0
20231229:2230,0.0,0.0,0.0,7.87,4.9,0.0
20231229:2330,0.0,0.0,0.0,7.81,4.69,0.0
20231230:0030,0.0,0.0,0.0,7.79,4.34,0.0
20231230:0130,0.0,0.0,0.0,7.89,3.86,0.0
20231230:0230,0.0,0.0,0.0,7.59,3.45,0.0
20231230:0330,0.0,0.0,0.0,7.37,3.24,0.0
20231230:0430,0.0,0.0,0.0,7.27,3.38,0.0
20231230:0530,0.0,0.0,0.0,7.16,3.86,0.0
20231230:0630,0.63,7.13,1.14,7.59,4.62,0.0
20231230:0730,36.48,55.09,8.18,8.22,5.17,0.0
20231230:0830,122.27,148.36,13.57,8.92,5.72,0.0
20231230:0930,70.44,93.66,16.91,9.4,5.31,0.0
20231230:1030,42.34,62.62,17.89,9.36,5.1,0.0
20231230:1130,113.18,139.22,16.39,9.26,5.31,0.0
20231230:1230,62.11,84.49,12.58,9.26,4.62,0.0
20231230:1330,66.95,89.44,6.8,8.98,5.38,0.0
20231230:1430,0.0,0.0,-0.54,8.25,5.24,0.0
20231230:1530,0.0,0.0,0.0,7.79,4.97,0.0
20231230:1630,0.0,0.0,0.0,7.37,4.62,0.0
20231230:1730,0.0,0.0,0.0,7.18,4.41,0.0
20231230:1830,0.0,0.0,0.0,6.72,4.0,0.0
20231230:1930,0.0,0.0,0.0,6.72,4.0,0.0
20231230:2030,0.0,0.0,0.0,6.24,3.52,0.0
20231230:2130,0.0,0.0,0.0,5.58,3.24,0.0
20231230:2230,0.0,0.0,0.0,5.5,3.17,0.0
20231230:2330,0.0,0.0,0.0,5.01,2.9,0.0
20231231:0030,0.0,0.0,0.0,5.1,2.83,0.0
20231231:0130,0.0,0.0,0.0,5.22,2.62,0.0
20231231:0230,0.0,0.0,0.0,5.22,2.48,0.0
20231231:0330,0.0,0.0,0.0,4.97,2.28,0.0
20231231:0430,0.0,0.0,0.0,4.73,2.21,0.0
20231231:0530,0.0,0.0,0.0,4.53,2.21,0.0
20231231:0630,0.09,5.78,1.14,4.78,2.07,0.0
20231231:0730,122.51,146.62,8.19,4.33,1.93,0.0
20231231:0830,255.9,286.83,13.6,5.13,1.52,0.0
20231231:0930,415.3,463.75,16.97,6.81,1.52,0.0
20231231:1030,368.95,412.25,17.96,7.59,1.86,0.0
20231231:1130,151.71,180.1,16.48,8.07,1.93,0.0
20231231:1230,110.84,136.94,12.68,8.54,1.59,0.0
20231231:1330,105.9,132.3,6.91,8.59,0.41,0.0
20231231:1430,0.0,0.0,-0.42,8.02,1.38,0.0
20231231:1530,0.0,0.0,0.0,6.91,2.14,0.0
20231231:1630,0.0,0.0,0.0,6.31,2.48,0.0
20231231:1730,0.0,0.0,0.0,5.85,2.69,0.0
20231231:1830,0.0,0.0,0.0,5.16,2.76,0.0
20231231:1930,0.0,0.0,0.0,4.65,2.55,0.0
20231231:2030,0.0,0.0,0.0,3.9,2.69,0.0
20231231:2130,0.0,0.0,0.0,3.23,2.76,0.0
20231231:2230,0.0,0.0,0.0,2.75,2.69,0.0
20231231:2330,0.0,0.0,0.0,2.37,2.62,0.0

P: PV system power (W)
G(i): Global irradiance on the inclined plane (plane of the array) (W/m2)
H_sun: Sun height (degree)
T2m: 2-m air temperature (degree Celsius)
WS10m: 10-m total wind speed (m/s)
Int: 1 means solar radiation values are reconstructed



PVGIS (c) European Union, 2001-2025