Latitude (decimal degrees):	50.450
Longitude (decimal degrees):	30.524
Elevation (m):	160
Radiation database:	PVGIS-SARAH3


Slope: 42 deg. 
Azimuth: 0 deg. 
Nominal power of the PV system (c-Si) (kWp):	1.0
System losses (%):	10.0
time,P,G(i),H_sun,T2m,WS10m,Int
20230101:0010,0.0,0.0,0.0,6.71,4.48,0.0
20230101:0110,0.0,0.0,0.0,7.33,4.48,0.0
20230101:0210,0.0,0.0,0.0,7.71,4.41,0.0
20230101:0310,0.0,0.0,0.0,7.82,4.34,0.0
20230101:0410,0.0,0.0,0.0,7.71,4.21,0.0
20230101:0510,0.0,0.0,0.0,7.73,4.28,0.0
20230101:0610,0.0,0.0,0.0,7.64,4.34,0.0
20230101:0710,193.79,224.3,7.46,8.53,4.34,0.0
20230101:0810,263.67,298.26,12.59,9.3,4.62,0.0
20230101:0910,159.2,189.47,15.7,10.52,4.83,0.0
20230101:1010,300.13,340.63,16.51,11.58,4.83,0.0
20230101:1110,575.38,649.56,14.95,12.32,4.83,0.0
20230101:1210,283.23,323.52,11.16,12.39,4.62,0.0
20230101:1310,16.05,30.94,5.48,12.15,4.62,0.0
20230101:1410,0.0,0.0,0.0,11.79,4.62,0.0
20230101:1510,0.0,0.0,0.0,11.43,4.62,0.0
20230101:1610,0.0,0.0,0.0,11.04,4.55,0.0
20230101:1710,0.0,0.0,0.0,10.62,4.48,0.0
20230101:1810,0.0,0.0,0.0,10.04,4.28,0.0
20230101:1910,0.0,0.0,0.0,10.25,4.41,0.0
20230101:2010,0.0,0.0,0.0,9.87,4.48,0.0
20230101:2110,0.0,0.0,0.0,9.49,4.55,0.0
20230101:2210,0.0,0.0,0.0,9.14,4.48,0.0
20230101:2310,0.0,0.0,0.0,8.89,4.41,0.0
20230102:0010,0.0,0.0,0.0,8.71,4.34,0.0
20230102:0110,0.0,0.0,0.0,8.22,4.0,0.0
20230102:0210,0.0,0.0,0.0,7.64,3.72,0.0
20230102:0310,0.0,0.0,0.0,7.12,3.38,0.0
20230102:0410,0.0,0.0,0.0,6.58,3.24,0.0
20230102:0510,0.0,0.0,0.0,6.24,3.17,0.0
20230102:0610,0.0,0.0,0.0,5.94,3.03,0.0
20230102:0710,245.58,277.39,7.5,6.01,2.83,0.0
20230102:0810,491.99,549.0,12.64,6.99,2.28,0.0
20230102:0910,613.03,695.44,15.77,8.46,2.28,0.0
20230102:1010,629.72,719.35,16.6,9.46,2.28,0.0
20230102:1110,610.6,700.44,15.05,10.06,2.0,0.0
20230102:1210,476.65,544.91,11.28,10.1,1.31,0.0
20230102:1310,179.93,213.01,5.6,9.75,1.59,0.0
20230102:1410,0.0,0.0,0.0,8.37,2.07,0.0
20230102:1510,0.0,0.0,0.0,7.18,2.14,0.0
20230102:1610,0.0,0.0,0.0,6.47,2.28,0.0
20230102:1710,0.0,0.0,0.0,6.26,2.48,0.0
20230102:1810,0.0,0.0,0.0,6.2,2.69,0.0
20230102:1910,0.0,0.0,0.0,5.84,2.69,0.0
20230102:2010,0.0,0.0,0.0,5.65,2.69,0.0
20230102:2110,0.0,0.0,0.0,5.48,2.83,0.0
20230102:2210,0.0,0.0,0.0,5.38,2.9,0.0
20230102:2310,0.0,0.0,0.0,5.27,2.9,0.0
20230103:0010,0.0,0.0,0.0,5.14,2.9,0.0
20230103:0110,0.0,0.0,0.0,4.98,2.9,0.0
20230103:0210,0.0,0.0,0.0,4.81,2.97,0.0
20230103:0310,0.0,0.0,0.0,4.64,3.03,0.0
20230103:0410,0.0,0.0,0.0,4.5,3.1,0.0
20230103:0510,0.0,0.0,0.0,4.51,3.24,0.0
20230103:0610,0.0,0.0,0.0,4.7,3.45,0.0
20230103:0710,368.34,406.45,7.54,5.16,3.59,0.0
20230103:0810,555.07,612.1,12.7,6.38,3.93,0.0
20230103:0910,627.99,701.25,15.84,7.65,3.66,0.0
20230103:1010,686.2,769.74,16.7,8.79,4.41,0.0
20230103:1110,310.28,347.21,15.16,9.44,5.86,0.0
20230103:1210,297.77,334.68,11.4,9.41,4.76,0.0
20230103:1310,4.53,14.34,5.73,9.07,4.34,0.0
20230103:1410,0.0,0.0,0.0,8.35,4.21,0.0
20230103:1510,0.0,0.0,0.0,7.84,4.21,0.0
20230103:1610,0.0,0.0,0.0,7.53,4.34,0.0
20230103:1710,0.0,0.0,0.0,7.18,4.34,0.0
20230103:1810,0.0,0.0,0.0,6.56,4.34,0.0
20230103:1910,0.0,0.0,0.0,6.12,4.21,0.0
20230103:2010,0.0,0.0,0.0,5.62,4.28,0.0
20230103:2110,0.0,0.0,0.0,5.18,4.41,0.0
20230103:2210,0.0,0.0,0.0,4.89,4.48,0.0
20230103:2310,0.0,0.0,0.0,4.67,4.69,0.0
20230104:0010,0.0,0.0,0.0,4.63,4.83,0.0
20230104:0110,0.0,0.0,0.0,4.57,4.69,0.0
20230104:0210,0.0,0.0,0.0,4.61,4.69,0.0
20230104:0310,0.0,0.0,0.0,4.62,4.69,0.0
20230104:0410,0.0,0.0,0.0,4.62,4.69,0.0
20230104:0510,0.0,0.0,0.0,4.34,4.69,0.0
20230104:0610,0.0,0.0,0.0,4.11,4.62,0.0
20230104:0710,112.17,135.43,7.58,3.81,4.21,0.0
20230104:0810,122.72,146.63,12.76,3.96,4.34,0.0
20230104:0910,72.36,94.26,15.93,3.97,4.41,0.0
20230104:1010,34.97,52.89,16.8,3.93,4.69,0.0
20230104:1110,35.75,53.79,15.28,3.88,4.34,0.0
20230104:1210,176.77,202.05,11.53,3.75,4.07,0.0
20230104:1310,10.25,22.41,5.87,3.37,3.17,0.0
20230104:1410,0.0,0.0,0.0,2.76,2.48,0.0
20230104:1510,0.0,0.0,0.0,2.06,1.59,0.0
20230104:1610,0.0,0.0,0.0,1.51,1.52,0.0
20230104:1710,0.0,0.0,0.0,1.14,1.86,0.0
20230104:1810,0.0,0.0,0.0,1.4,2.28,0.0
20230104:1910,0.0,0.0,0.0,1.16,2.69,0.0
20230104:2010,0.0,0.0,0.0,1.0,2.76,0.0
20230104:2110,0.0,0.0,0.0,0.87,2.9,0.0
20230104:2210,0.0,0.0,0.0,1.03,3.38,0.0
20230104:2310,0.0,0.0,0.0,1.05,3.72,0.0
20230105:0010,0.0,0.0,0.0,1.06,4.07,0.0
20230105:0110,0.0,0.0,0.0,1.14,4.28,0.0
20230105:0210,0.0,0.0,0.0,1.34,4.62,0.0
20230105:0310,0.0,0.0,0.0,1.49,4.9,0.0
20230105:0410,0.0,0.0,0.0,1.64,5.17,0.0
20230105:0510,0.0,0.0,0.0,1.96,5.38,0.0
20230105:0610,0.0,0.0,0.0,2.37,5.52,0.0
20230105:0710,65.05,85.52,7.64,3.27,5.03,0.0
20230105:0810,119.56,143.18,12.83,4.02,5.31,0.0
20230105:0910,53.83,74.41,16.02,4.81,5.24,0.0
20230105:1010,160.11,186.6,16.91,5.5,5.1,0.0
20230105:1110,25.54,42.14,15.41,6.01,5.03,0.0
20230105:1210,138.1,163.73,11.67,6.25,5.1,0.0
20230105:1310,0.0,5.38,6.01,6.37,4.9,0.0
20230105:1410,0.0,0.0,0.0,6.43,4.48,0.0
20230105:1510,0.0,0.0,0.0,6.36,4.28,0.0
20230105:1610,0.0,0.0,0.0,6.43,4.21,0.0
20230105:1710,0.0,0.0,0.0,6.14,4.34,0.0
20230105:1810,0.0,0.0,0.0,6.08,4.48,0.0
20230105:1910,0.0,0.0,0.0,6.33,4.62,0.0
20230105:2010,0.0,0.0,0.0,6.36,5.03,0.0
20230105:2110,0.0,0.0,0.0,6.17,5.03,0.0
20230105:2210,0.0,0.0,0.0,5.68,4.9,0.0
20230105:2310,0.0,0.0,0.0,5.49,4.9,0.0
20230106:0010,0.0,0.0,0.0,5.15,4.55,0.0
20230106:0110,0.0,0.0,0.0,4.97,4.07,0.0
20230106:0210,0.0,0.0,0.0,4.5,3.72,0.0
20230106:0310,0.0,0.0,0.0,3.02,4.28,0.0
20230106:0410,0.0,0.0,0.0,1.13,4.41,0.0
20230106:0510,0.0,0.0,0.0,0.09,4.41,0.0
20230106:0610,0.0,0.0,0.0,-0.58,4.76,0.0
20230106:0710,97.15,117.83,7.7,-0.27,4.28,0.0
20230106:0810,50.82,69.44,12.91,-0.77,4.62,0.0
20230106:0910,45.54,63.65,16.12,-1.26,4.48,0.0
20230106:1010,43.16,60.96,17.03,-1.54,4.34,0.0
20230106:1110,19.76,34.07,15.54,-1.72,4.48,0.0
20230106:1210,14.72,27.79,11.81,-2.1,4.55,0.0
20230106:1310,2.66,10.76,6.16,-2.65,4.28,0.0
20230106:1410,0.0,0.0,0.0,-3.19,4.34,0.0
20230106:1510,0.0,0.0,0.0,-3.74,4.34,0.0
20230106:1610,0.0,0.0,0.0,-4.25,4.34,0.0
20230106:1710,0.0,0.0,0.0,-4.83,4.28,0.0
20230106:1810,0.0,0.0,0.0,-5.23,4.14,0.0
20230106:1910,0.0,0.0,0.0,-5.23,3.72,0.0
20230106:2010,0.0,0.0,0.0,-5.62,3.38,0.0
20230106:2110,0.0,0.0,0.0,-6.0,3.03,0.0
20230106:2210,0.0,0.0,0.0,-6.41,2.69,0.0
20230106:2310,0.0,0.0,0.0,-6.79,2.41,0.0
20230107:0010,0.0,0.0,0.0,-7.07,2.14,0.0
20230107:0110,0.0,0.0,0.0,-7.35,1.86,0.0
20230107:0210,0.0,0.0,0.0,-7.47,1.59,0.0
20230107:0310,0.0,0.0,0.0,-7.5,1.66,0.0
20230107:0410,0.0,0.0,0.0,-7.64,2.07,0.0
20230107:0510,0.0,0.0,0.0,-7.67,2.0,0.0
20230107:0610,0.0,0.0,0.0,-7.55,2.21,0.0
20230107:0710,64.02,81.15,7.77,-7.6,2.28,0.0
20230107:0810,212.92,229.67,13.0,-7.23,2.28,0.0
20230107:0910,411.87,431.34,16.23,-6.71,2.28,0.0
20230107:1010,207.72,226.12,17.15,-6.17,2.21,0.0
20230107:1110,339.42,358.53,15.68,-5.83,2.21,0.0
20230107:1210,245.87,263.89,11.96,-5.72,2.28,0.0
20230107:1310,174.79,193.77,6.31,-5.86,2.21,0.0
20230107:1410,0.0,0.0,0.0,-6.27,2.21,0.0
20230107:1510,0.0,0.0,0.0,-6.69,2.41,0.0
20230107:1610,0.0,0.0,0.0,-7.17,2.62,0.0
20230107:1710,0.0,0.0,0.0,-7.65,2.76,0.0
20230107:1810,0.0,0.0,0.0,-8.08,2.83,0.0
20230107:1910,0.0,0.0,0.0,-8.8,2.69,0.0
20230107:2010,0.0,0.0,0.0,-9.13,2.76,0.0
20230107:2110,0.0,0.0,0.0,-9.3,2.9,0.0
20230107:2210,0.0,0.0,0.0,-9.51,2.83,0.0
20230107:2310,0.0,0.0,0.0,-9.73,2.76,0.0
20230108:0010,0.0,0.0,0.0,-9.81,2.83,0.0
20230108:0110,0.0,0.0,0.0,-9.95,2.9,0.0
20230108:0210,0.0,0.0,0.0,-10.03,2.76,0.0
20230108:0310,0.0,0.0,0.0,-10.11,2.76,0.0
20230108:0410,0.0,0.0,0.0,-10.11,2.62,0.0
20230108:0510,0.0,0.0,0.0,-10.04,2.76,0.0
20230108:0610,0.0,0.0,0.0,-9.96,2.9,0.0
20230108:0710,84.0,100.59,7.84,-9.66,3.45,0.0
20230108:0810,62.65,79.71,13.1,-8.62,3.72,0.0
20230108:0910,200.63,217.02,16.34,-7.32,3.93,0.0
20230108:1010,194.79,212.29,17.29,-6.31,3.93,0.0
20230108:1110,90.83,109.76,15.83,-5.41,3.93,0.0
20230108:1210,64.43,82.55,12.11,-5.13,3.79,0.0
20230108:1310,271.52,290.62,6.47,-5.18,3.72,0.0
20230108:1410,0.0,0.0,0.0,-5.61,3.31,0.0
20230108:1510,0.0,0.0,0.0,-6.18,3.52,0.0
20230108:1610,0.0,0.0,0.0,-6.49,3.66,0.0
20230108:1710,0.0,0.0,0.0,-6.83,3.66,0.0
20230108:1810,0.0,0.0,0.0,-6.86,3.72,0.0
20230108:1910,0.0,0.0,0.0,-7.55,3.72,0.0
20230108:2010,0.0,0.0,0.0,-7.47,3.93,0.0
20230108:2110,0.0,0.0,0.0,-7.3,3.66,0.0
20230108:2210,0.0,0.0,0.0,-7.05,3.72,0.0
20230108:2310,0.0,0.0,0.0,-6.63,4.0,0.0
20230109:0010,0.0,0.0,0.0,-6.25,4.0,0.0
20230109:0110,0.0,0.0,0.0,-5.87,4.0,0.0
20230109:0210,0.0,0.0,0.0,-5.55,4.07,0.0
20230109:0310,0.0,0.0,0.0,-5.32,4.21,0.0
20230109:0410,0.0,0.0,0.0,-5.15,4.34,0.0
20230109:0510,0.0,0.0,0.0,-4.95,4.41,0.0
20230109:0610,0.0,0.0,0.0,-4.73,4.48,0.0
20230109:0710,2.7,10.76,7.92,-4.72,4.48,0.0
20230109:0810,8.7,19.72,13.2,-4.32,4.62,0.0
20230109:0910,40.37,57.38,16.47,-3.74,4.69,0.0
20230109:1010,20.67,34.96,17.43,-3.24,4.69,0.0
20230109:1110,9.28,20.62,15.98,-2.86,4.62,0.0
20230109:1210,14.75,27.79,12.27,-2.48,4.69,0.0
20230109:1310,12.63,25.1,6.64,-2.23,4.69,0.0
20230109:1410,0.0,0.0,0.0,-1.7,5.86,0.0
20230109:1510,0.0,0.0,0.0,-1.28,5.59,0.0
20230109:1610,0.0,0.0,0.0,-1.04,5.59,0.0
20230109:1710,0.0,0.0,0.0,-0.81,5.72,0.0
20230109:1810,0.0,0.0,0.0,-0.7,5.86,0.0
20230109:1910,0.0,0.0,0.0,-1.3,5.79,0.0
20230109:2010,0.0,0.0,0.0,-1.27,5.79,0.0
20230109:2110,0.0,0.0,0.0,-1.53,5.86,0.0
20230109:2210,0.0,0.0,0.0,-1.9,5.93,0.0
20230109:2310,0.0,0.0,0.0,-2.44,5.72,0.0
20230110:0010,0.0,0.0,0.0,-2.9,5.38,0.0
20230110:0110,0.0,0.0,0.0,-3.22,5.1,0.0
20230110:0210,0.0,0.0,0.0,-3.52,4.97,0.0
20230110:0310,0.0,0.0,0.0,-3.81,5.1,0.0
20230110:0410,0.0,0.0,0.0,-4.17,5.31,0.0
20230110:0510,0.0,0.0,0.0,-4.47,5.45,0.0
20230110:0610,0.0,0.0,0.0,-4.78,5.59,0.0
20230110:0710,62.18,79.88,8.01,-5.03,5.03,0.0
20230110:0810,81.12,99.77,13.31,-4.72,5.79,0.0
20230110:0910,254.17,272.02,16.6,-4.07,5.79,0.0
20230110:1010,310.47,329.29,17.57,-3.27,5.59,0.0
20230110:1110,184.37,204.54,16.14,-2.55,5.31,0.0
20230110:1210,158.51,178.62,12.44,-2.26,5.1,0.0
20230110:1310,129.79,150.06,6.81,-2.43,4.76,0.0
20230110:1410,0.0,0.0,0.0,-3.06,5.17,0.0
20230110:1510,0.0,0.0,0.0,-3.29,5.38,0.0
20230110:1610,0.0,0.0,0.0,-3.24,5.45,0.0
20230110:1710,0.0,0.0,0.0,-3.1,5.45,0.0
20230110:1810,0.0,0.0,0.0,-3.21,4.76,0.0
20230110:1910,0.0,0.0,0.0,-3.74,4.69,0.0
20230110:2010,0.0,0.0,0.0,-4.13,4.9,0.0
20230110:2110,0.0,0.0,0.0,-4.52,5.03,0.0
20230110:2210,0.0,0.0,0.0,-4.93,4.83,0.0
20230110:2310,0.0,0.0,0.0,-5.31,4.76,0.0
20230111:0010,0.0,0.0,0.0,-5.62,4.69,0.0
20230111:0110,0.0,0.0,0.0,-5.87,4.55,0.0
20230111:0210,0.0,0.0,0.0,-6.12,4.41,0.0
20230111:0310,0.0,0.0,0.0,-6.29,4.41,0.0
20230111:0410,0.0,0.0,0.0,-6.44,4.28,0.0
20230111:0510,0.0,0.0,0.0,-6.54,4.14,0.0
20230111:0610,0.0,0.0,0.0,-6.63,4.14,0.0
20230111:0710,137.89,154.76,8.11,-7.83,4.0,0.0
20230111:0810,34.57,50.21,13.42,-7.64,4.28,0.0
20230111:0910,416.29,430.65,16.73,-7.03,4.41,0.0
20230111:1010,258.85,275.0,17.73,-6.33,4.34,0.0
20230111:1110,225.57,242.83,16.31,-5.72,4.07,0.0
20230111:1210,65.77,83.9,12.62,-5.35,3.66,0.0
20230111:1310,100.36,118.93,6.99,-5.34,3.45,0.0
20230111:1410,0.0,0.0,0.0,-5.58,3.03,0.0
20230111:1510,0.0,0.0,0.0,-5.91,3.03,0.0
20230111:1610,0.0,0.0,0.0,-6.08,3.24,0.0
20230111:1710,0.0,0.0,0.0,-6.12,3.52,0.0
20230111:1810,0.0,0.0,0.0,-6.21,3.52,0.0
20230111:1910,0.0,0.0,0.0,-7.44,3.03,0.0
20230111:2010,0.0,0.0,0.0,-7.64,3.1,0.0
20230111:2110,0.0,0.0,0.0,-7.69,3.1,0.0
20230111:2210,0.0,0.0,0.0,-7.66,3.1,0.0
20230111:2310,0.0,0.0,0.0,-7.59,2.83,0.0
20230112:0010,0.0,0.0,0.0,-7.58,2.48,0.0
20230112:0110,0.0,0.0,0.0,-7.45,2.34,0.0
20230112:0210,0.0,0.0,0.0,-7.41,2.41,0.0
20230112:0310,0.0,0.0,0.0,-7.23,2.55,0.0
20230112:0410,0.0,0.0,0.0,-7.12,2.76,0.0
20230112:0510,0.0,0.0,0.0,-7.18,2.9,0.0
20230112:0610,0.0,0.0,0.0,-7.32,2.83,0.0
20230112:0710,69.91,87.24,8.21,-7.39,2.97,0.0
20230112:0810,56.16,73.76,13.55,-6.13,3.45,0.0
20230112:0910,67.28,85.89,16.88,-4.89,3.24,0.0
20230112:1010,31.49,47.52,17.89,-3.59,3.17,0.0
20230112:1110,89.92,110.11,16.48,-2.68,3.17,0.0
20230112:1210,177.3,198.09,12.8,-2.31,3.1,0.0
20230112:1310,2.65,10.76,7.17,-2.45,2.76,0.0
20230112:1410,0.0,0.0,0.0,-3.24,2.48,0.0
20230112:1510,0.0,0.0,0.0,-4.13,2.41,0.0
20230112:1610,0.0,0.0,0.0,-4.65,2.48,0.0
20230112:1710,0.0,0.0,0.0,-4.71,2.62,0.0
20230112:1810,0.0,0.0,0.0,-4.69,2.69,0.0
20230112:1910,0.0,0.0,0.0,-5.77,2.83,0.0
20230112:2010,0.0,0.0,0.0,-5.84,2.76,0.0
20230112:2110,0.0,0.0,0.0,-5.73,2.28,0.0
20230112:2210,0.0,0.0,0.0,-5.74,2.0,0.0
20230112:2310,0.0,0.0,0.0,-5.87,2.0,0.0
20230113:0010,0.0,0.0,0.0,-5.92,2.14,0.0
20230113:0110,0.0,0.0,0.0,-5.95,2.28,0.0
20230113:0210,0.0,0.0,0.0,-5.91,2.34,0.0
20230113:0310,0.0,0.0,0.0,-5.87,2.41,0.0
20230113:0410,0.0,0.0,0.0,-5.88,2.55,0.0
20230113:0510,0.0,0.0,0.0,-5.83,2.48,0.0
20230113:0610,0.0,0.0,0.0,-5.71,2.41,0.0
20230113:0710,12.15,24.21,8.32,-5.55,2.55,0.0
20230113:0810,30.07,45.72,13.68,-4.73,2.76,0.0
20230113:0910,33.05,49.31,17.03,-3.52,2.9,0.0
20230113:1010,63.14,82.48,18.05,-2.32,2.97,0.0
20230113:1110,31.92,48.41,16.66,-1.39,2.9,0.0
20230113:1210,27.95,43.93,12.98,-0.81,2.69,0.0
20230113:1310,7.24,17.93,7.36,-0.6,2.34,0.0
20230113:1410,0.0,0.0,0.0,-0.85,2.0,0.0
20230113:1510,0.0,0.0,0.0,-1.82,2.28,0.0
20230113:1610,0.0,0.0,0.0,-2.18,2.55,0.0
20230113:1710,0.0,0.0,0.0,-2.61,2.83,0.0
20230113:1810,0.0,0.0,0.0,-2.88,2.9,0.0
20230113:1910,0.0,0.0,0.0,-2.52,2.97,0.0
20230113:2010,0.0,0.0,0.0,-2.32,2.76,0.0
20230113:2110,0.0,0.0,0.0,-2.12,2.48,0.0
20230113:2210,0.0,0.0,0.0,-2.0,2.34,0.0
20230113:2310,0.0,0.0,0.0,-1.88,2.34,0.0
20230114:0010,0.0,0.0,0.0,-1.89,2.34,0.0
20230114:0110,0.0,0.0,0.0,-1.8,2.34,0.0
20230114:0210,0.0,0.0,0.0,-1.78,2.41,0.0
20230114:0310,0.0,0.0,0.0,-1.78,2.55,0.0
20230114:0410,0.0,0.0,0.0,-1.73,2.55,0.0
20230114:0510,0.0,0.0,0.0,-1.76,2.41,0.0
20230114:0610,0.0,0.0,0.0,-1.76,2.34,0.0
20230114:0710,3.17,11.65,8.44,-1.74,1.93,0.0
20230114:0810,38.22,55.58,13.82,-1.36,2.0,0.0
20230114:0910,37.35,54.69,17.18,-0.94,2.07,0.0
20230114:1010,45.28,63.65,18.23,-0.45,2.07,0.0
20230114:1110,24.04,39.45,16.85,-0.14,2.0,0.0
20230114:1210,49.53,68.38,13.17,0.04,1.93,0.0
20230114:1310,4.8,14.34,7.55,0.09,1.86,0.0
20230114:1410,0.0,0.0,0.0,-0.49,1.66,0.0
20230114:1510,0.0,0.0,0.0,-1.19,1.86,0.0
20230114:1610,0.0,0.0,0.0,-1.55,1.93,0.0
20230114:1710,0.0,0.0,0.0,-1.79,2.07,0.0
20230114:1810,0.0,0.0,0.0,-1.71,2.0,0.0
20230114:1910,0.0,0.0,0.0,-2.05,1.79,0.0
20230114:2010,0.0,0.0,0.0,-2.03,1.72,0.0
20230114:2110,0.0,0.0,0.0,-1.93,1.66,0.0
20230114:2210,0.0,0.0,0.0,-1.87,1.72,0.0
20230114:2310,0.0,0.0,0.0,-1.72,1.72,0.0
20230115:0010,0.0,0.0,0.0,-1.66,1.79,0.0
20230115:0110,0.0,0.0,0.0,-1.73,1.79,0.0
20230115:0210,0.0,0.0,0.0,-1.61,1.86,0.0
20230115:0310,0.0,0.0,0.0,-1.71,1.93,0.0
20230115:0410,0.0,0.0,0.0,-1.72,1.93,0.0
20230115:0510,0.0,0.0,0.0,-1.69,2.07,0.0
20230115:0610,0.0,0.83,1.58,-1.61,2.41,0.0
20230115:0710,94.64,114.99,8.57,-1.54,2.34,0.0
20230115:0810,68.53,88.41,13.96,-0.94,2.55,0.0
20230115:0910,69.89,90.31,17.35,-0.35,2.41,0.0
20230115:1010,42.74,60.96,18.41,0.22,2.69,0.0
20230115:1110,33.16,50.21,17.04,0.63,3.03,0.0
20230115:1210,12.41,25.1,13.37,0.92,3.17,0.0
20230115:1310,9.08,20.62,7.75,0.87,2.97,0.0
20230115:1410,0.0,0.0,0.0,0.28,3.24,0.0
20230115:1510,0.0,0.0,0.0,-0.11,3.59,0.0
20230115:1610,0.0,0.0,0.0,-0.52,3.45,0.0
20230115:1710,0.0,0.0,0.0,-0.34,3.24,0.0
20230115:1810,0.0,0.0,0.0,-0.55,3.24,0.0
20230115:1910,0.0,0.0,0.0,-1.12,3.72,0.0
20230115:2010,0.0,0.0,0.0,-1.15,3.79,0.0
20230115:2110,0.0,0.0,0.0,-1.24,3.59,0.0
20230115:2210,0.0,0.0,0.0,-1.22,3.45,0.0
20230115:2310,0.0,0.0,0.0,-1.16,3.52,0.0
20230116:0010,0.0,0.0,0.0,-1.02,3.66,0.0
20230116:0110,0.0,0.0,0.0,-0.95,3.66,0.0
20230116:0210,0.0,0.0,0.0,-0.94,3.59,0.0
20230116:0310,0.0,0.0,0.0,-0.84,3.59,0.0
20230116:0410,0.0,0.0,0.0,-0.73,3.52,0.0
20230116:0510,0.0,0.0,0.0,-0.69,3.38,0.0
20230116:0610,0.0,0.83,1.69,-0.6,3.17,0.0
20230116:0710,4.24,13.45,8.7,-0.41,2.97,0.0
20230116:0810,23.27,38.55,14.11,0.12,2.76,0.0
20230116:0910,18.05,32.27,17.52,0.7,2.97,0.0
20230116:1010,37.79,55.58,18.6,1.11,2.83,0.0
20230116:1110,23.85,39.45,17.24,1.53,2.76,0.0
20230116:1210,18.67,33.17,13.58,1.75,2.9,0.0
20230116:1310,7.77,18.83,7.95,1.7,3.03,0.0
20230116:1410,0.0,0.0,0.0,1.55,3.03,0.0
20230116:1510,0.0,0.0,0.0,1.4,3.1,0.0
20230116:1610,0.0,0.0,0.0,1.46,3.24,0.0
20230116:1710,0.0,0.0,0.0,1.66,3.45,0.0
20230116:1810,0.0,0.0,0.0,1.91,3.66,0.0
20230116:1910,0.0,0.0,0.0,2.0,4.41,0.0
20230116:2010,0.0,0.0,0.0,2.26,4.76,0.0
20230116:2110,0.0,0.0,0.0,2.4,4.97,0.0
20230116:2210,0.0,0.0,0.0,2.42,5.17,0.0
20230116:2310,0.0,0.0,0.0,2.39,5.38,0.0
20230117:0010,0.0,0.0,0.0,2.39,5.45,0.0
20230117:0110,0.0,0.0,0.0,2.55,5.52,0.0
20230117:0210,0.0,0.0,0.0,2.75,5.59,0.0
20230117:0310,0.0,0.0,0.0,2.95,5.72,0.0
20230117:0410,0.0,0.0,0.0,3.1,5.72,0.0
20230117:0510,0.0,0.0,0.0,3.22,5.66,0.0
20230117:0610,0.0,0.83,1.81,3.42,5.59,0.0
20230117:0710,8.31,19.72,8.83,3.76,5.79,0.0
20230117:0810,45.21,64.55,14.27,3.99,5.72,0.0
20230117:0910,71.07,92.95,17.7,4.07,5.72,0.0
20230117:1010,22.09,37.65,18.79,4.04,5.66,0.0
20230117:1110,12.2,25.1,17.44,4.17,5.45,0.0
20230117:1210,21.32,36.76,13.79,4.38,5.38,0.0
20230117:1310,10.17,22.41,8.16,4.92,5.31,0.0
20230117:1410,0.0,0.0,0.0,5.41,5.17,0.0
20230117:1510,0.0,0.0,0.0,5.75,5.24,0.0
20230117:1610,0.0,0.0,0.0,5.91,5.1,0.0
20230117:1710,0.0,0.0,0.0,6.05,4.83,0.0
20230117:1810,0.0,0.0,0.0,6.1,4.41,0.0
20230117:1910,0.0,0.0,0.0,6.5,4.34,0.0
20230117:2010,0.0,0.0,0.0,6.47,3.66,0.0
20230117:2110,0.0,0.0,0.0,6.11,3.17,0.0
20230117:2210,0.0,0.0,0.0,5.37,3.31,0.0
20230117:2310,0.0,0.0,0.0,5.03,3.59,0.0
20230118:0010,0.0,0.0,0.0,4.73,3.31,0.0
20230118:0110,0.0,0.0,0.0,4.86,3.31,0.0
20230118:0210,0.0,0.0,0.0,5.08,3.79,0.0
20230118:0310,0.0,0.0,0.0,5.42,4.28,0.0
20230118:0410,0.0,0.0,0.0,5.71,4.76,0.0
20230118:0510,0.0,0.0,0.0,6.05,5.17,0.0
20230118:0610,0.0,0.83,1.94,6.44,5.45,0.0
20230118:0710,2.47,10.76,8.98,6.93,5.66,0.0
20230118:0810,11.98,25.1,14.44,7.48,5.86,0.0
20230118:0910,17.39,32.27,17.88,7.98,5.86,0.0
20230118:1010,71.94,95.51,18.99,8.33,5.86,0.0
20230118:1110,12.55,26.0,17.65,8.77,5.72,0.0
20230118:1210,14.54,28.69,14.0,9.12,5.59,0.0
20230118:1310,1.95,9.86,8.37,9.24,5.45,0.0
20230118:1410,0.0,0.0,0.0,9.33,5.45,0.0
20230118:1510,0.0,0.0,0.0,9.36,5.59,0.0
20230118:1610,0.0,0.0,0.0,9.38,5.52,0.0
20230118:1710,0.0,0.0,0.0,9.44,5.52,0.0
20230118:1810,0.0,0.0,0.0,9.14,5.38,0.0
20230118:1910,0.0,0.0,0.0,8.86,4.69,0.0
20230118:2010,0.0,0.0,0.0,8.31,4.14,0.0
20230118:2110,0.0,0.0,0.0,7.59,3.79,0.0
20230118:2210,0.0,0.0,0.0,6.81,3.31,0.0
20230118:2310,0.0,0.0,0.0,5.93,2.83,0.0
20230119:0010,0.0,0.0,0.0,5.19,2.62,0.0
20230119:0110,0.0,0.0,0.0,4.14,2.34,0.0
20230119:0210,0.0,0.0,0.0,3.04,2.14,0.0
20230119:0310,0.0,0.0,0.0,1.96,1.72,0.0
20230119:0410,0.0,0.0,0.0,1.24,1.66,0.0
20230119:0510,0.0,0.0,0.0,0.95,1.86,0.0
20230119:0610,0.0,1.65,2.07,1.4,2.0,0.0
20230119:0710,60.94,81.22,9.13,2.7,2.48,0.0
20230119:0810,379.74,416.33,14.61,3.98,2.9,0.0
20230119:0910,47.21,67.24,18.07,5.42,3.38,0.0
20230119:1010,26.91,43.93,19.2,6.73,3.66,0.0
20230119:1110,32.73,51.1,17.87,8.1,4.83,0.0
20230119:1210,19.4,34.96,14.22,8.89,3.93,0.0
20230119:1310,8.04,19.72,8.59,9.19,4.0,0.0
20230119:1410,0.0,0.0,0.0,9.1,4.07,0.0
20230119:1510,0.0,0.0,0.0,8.85,4.07,0.0
20230119:1610,0.0,0.0,0.0,8.38,4.14,0.0
20230119:1710,0.0,0.0,0.0,8.27,4.41,0.0
20230119:1810,0.0,0.0,0.0,8.29,4.69,0.0
20230119:1910,0.0,0.0,0.0,7.94,4.69,0.0
20230119:2010,0.0,0.0,0.0,7.8,4.76,0.0
20230119:2110,0.0,0.0,0.0,7.62,4.62,0.0
20230119:2210,0.0,0.0,0.0,7.38,4.41,0.0
20230119:2310,0.0,0.0,0.0,7.12,4.21,0.0
20230120:0010,0.0,0.0,0.0,6.69,4.0,0.0
20230120:0110,0.0,0.0,0.0,6.29,3.79,0.0
20230120:0210,0.0,0.0,0.0,6.01,3.66,0.0
20230120:0310,0.0,0.0,0.0,5.79,3.52,0.0
20230120:0410,0.0,0.0,0.0,5.68,3.38,0.0
20230120:0510,0.0,0.0,0.0,5.45,3.24,0.0
20230120:0610,0.0,1.65,2.21,5.22,3.17,0.0
20230120:0710,215.17,245.2,9.29,6.05,3.31,0.0
20230120:0810,77.98,101.42,14.79,6.93,3.66,0.0
20230120:0910,496.62,552.04,18.27,8.0,3.66,0.0
20230120:1010,119.13,146.9,19.42,8.94,3.24,0.0
20230120:1110,314.47,355.45,18.09,9.6,3.17,0.0
20230120:1210,151.61,181.28,14.44,9.96,3.72,0.0
20230120:1310,311.2,353.0,8.81,9.72,3.45,0.0
20230120:1410,0.0,0.0,0.0,8.56,3.31,0.0
20230120:1510,0.0,0.0,0.0,6.89,3.38,0.0
20230120:1610,0.0,0.0,0.0,5.81,3.52,0.0
20230120:1710,0.0,0.0,0.0,4.99,3.66,0.0
20230120:1810,0.0,0.0,0.0,4.4,3.79,0.0
20230120:1910,0.0,0.0,0.0,3.74,4.07,0.0
20230120:2010,0.0,0.0,0.0,3.37,4.21,0.0
20230120:2110,0.0,0.0,0.0,2.72,4.07,0.0
20230120:2210,0.0,0.0,0.0,2.22,4.0,0.0
20230120:2310,0.0,0.0,0.0,1.7,3.93,0.0
20230121:0010,0.0,0.0,0.0,1.18,3.86,0.0
20230121:0110,0.0,0.0,0.0,0.8,3.86,0.0
20230121:0210,0.0,0.0,0.0,0.56,3.79,0.0
20230121:0310,0.0,0.0,0.0,0.34,3.86,0.0
20230121:0410,0.0,0.0,0.0,0.13,3.86,0.0
20230121:0510,0.0,0.0,0.0,-0.01,3.86,0.0
20230121:0610,0.0,1.65,2.35,-0.17,3.86,0.0
20230121:0710,2.6,10.76,9.45,0.03,3.52,0.0
20230121:0810,45.12,63.65,14.97,0.66,4.69,0.0
20230121:0910,90.74,112.78,18.48,1.38,4.55,0.0
20230121:1010,30.66,47.52,19.64,1.84,3.93,0.0
20230121:1110,17.9,32.27,18.32,2.34,3.59,0.0
20230121:1210,13.66,26.9,14.67,2.56,3.45,0.0
20230121:1310,7.1,17.93,9.04,2.65,3.1,0.0
20230121:1410,0.0,0.9,1.86,2.57,3.03,0.0
20230121:1510,0.0,0.0,0.0,2.5,3.1,0.0
20230121:1610,0.0,0.0,0.0,2.64,3.03,0.0
20230121:1710,0.0,0.0,0.0,2.79,2.83,0.0
20230121:1810,0.0,0.0,0.0,2.94,2.62,0.0
20230121:1910,0.0,0.0,0.0,1.97,2.55,0.0
20230121:2010,0.0,0.0,0.0,2.12,2.41,0.0
20230121:2110,0.0,0.0,0.0,2.09,2.28,0.0
20230121:2210,0.0,0.0,0.0,1.73,2.14,0.0
20230121:2310,0.0,0.0,0.0,1.74,2.0,0.0
20230122:0010,0.0,0.0,0.0,1.7,2.0,0.0
20230122:0110,0.0,0.0,0.0,1.53,2.0,0.0
20230122:0210,0.0,0.0,0.0,1.51,2.0,0.0
20230122:0310,0.0,0.0,0.0,1.49,2.14,0.0
20230122:0410,0.0,0.0,0.0,1.61,2.28,0.0
20230122:0510,0.0,0.0,0.0,1.65,2.34,0.0
20230122:0610,0.0,1.65,2.5,1.63,2.48,0.0
20230122:0710,47.34,66.24,9.62,1.79,2.41,0.0
20230122:0810,65.87,86.73,15.16,2.19,2.76,0.0
20230122:0910,87.75,110.38,18.69,2.61,3.31,0.0
20230122:1010,35.15,52.89,19.86,2.75,3.31,0.0
20230122:1110,104.65,128.3,18.56,2.96,2.97,0.0
20230122:1210,20.73,35.86,14.91,2.91,2.62,0.0
20230122:1310,12.28,25.1,9.27,2.8,2.62,0.0
20230122:1410,0.0,0.9,2.08,2.42,2.28,0.0
20230122:1510,0.0,0.0,0.0,1.96,2.28,0.0
20230122:1610,0.0,0.0,0.0,1.65,2.41,0.0
20230122:1710,0.0,0.0,0.0,1.49,2.55,0.0
20230122:1810,0.0,0.0,0.0,1.19,2.55,0.0
20230122:1910,0.0,0.0,0.0,0.73,2.48,0.0
20230122:2010,0.0,0.0,0.0,0.56,2.48,0.0
20230122:2110,0.0,0.0,0.0,0.37,2.34,0.0
20230122:2210,0.0,0.0,0.0,0.21,2.14,0.0
20230122:2310,0.0,0.0,0.0,0.02,1.79,0.0
20230123:0010,0.0,0.0,0.0,-0.13,1.72,0.0
20230123:0110,0.0,0.0,0.0,-0.32,1.72,0.0
20230123:0210,0.0,0.0,0.0,-0.48,1.93,0.0
20230123:0310,0.0,0.0,0.0,-0.63,2.14,0.0
20230123:0410,0.0,0.0,0.0,-0.93,2.0,0.0
20230123:0510,0.0,0.0,0.0,-1.04,1.86,0.0
20230123:0610,0.0,2.48,2.66,-1.05,2.0,0.0
20230123:0710,43.63,61.61,9.8,-0.66,2.0,0.0
20230123:0810,49.3,68.14,15.36,-0.25,2.34,0.0
20230123:0910,50.05,69.03,18.91,0.09,2.55,0.0
20230123:1010,25.5,41.24,20.09,0.29,2.62,0.0
20230123:1110,23.96,39.45,18.8,0.62,2.69,0.0
20230123:1210,23.94,39.45,15.15,0.72,2.62,0.0
20230123:1310,13.1,26.0,9.51,0.79,2.55,0.0
20230123:1410,0.0,1.79,2.31,0.64,2.28,0.0
20230123:1510,0.0,0.0,0.0,0.25,2.0,0.0
20230123:1610,0.0,0.0,0.0,0.05,2.14,0.0
20230123:1710,0.0,0.0,0.0,-0.09,2.28,0.0
20230123:1810,0.0,0.0,0.0,-0.28,2.28,0.0
20230123:1910,0.0,0.0,0.0,-0.78,2.07,0.0
20230123:2010,0.0,0.0,0.0,-0.99,1.79,0.0
20230123:2110,0.0,0.0,0.0,-1.31,1.72,0.0
20230123:2210,0.0,0.0,0.0,-1.7,1.79,0.0
20230123:2310,0.0,0.0,0.0,-1.96,1.86,0.0
20230124:0010,0.0,0.0,0.0,-2.34,2.0,0.0
20230124:0110,0.0,0.0,0.0,-2.55,2.07,0.0
20230124:0210,0.0,0.0,0.0,-2.82,2.0,0.0
20230124:0310,0.0,0.0,0.0,-2.84,1.93,0.0
20230124:0410,0.0,0.0,0.0,-3.1,1.86,0.0
20230124:0510,0.0,0.0,0.0,-3.36,1.86,0.0
20230124:0610,0.0,3.31,2.83,-3.73,1.93,0.0
20230124:0710,50.52,68.49,9.99,-3.04,2.14,0.0
20230124:0810,67.17,86.78,15.57,-2.28,2.0,0.0
20230124:0910,72.83,93.24,19.13,-1.37,1.86,0.0
20230124:1010,46.09,64.55,20.33,-0.53,1.86,0.0
20230124:1110,40.38,58.27,19.04,-0.14,1.86,0.0
20230124:1210,26.29,42.14,15.4,0.0,1.93,0.0
20230124:1310,16.68,30.48,9.75,-0.09,1.93,0.0
20230124:1410,0.0,1.79,2.54,-0.33,1.86,0.0
20230124:1510,0.0,0.0,0.0,-0.74,1.79,0.0
20230124:1610,0.0,0.0,0.0,-1.03,1.59,0.0
20230124:1710,0.0,0.0,0.0,-1.45,1.38,0.0
20230124:1810,0.0,0.0,0.0,-1.94,1.52,0.0
20230124:1910,0.0,0.0,0.0,-1.38,1.79,0.0
20230124:2010,0.0,0.0,0.0,-1.33,1.79,0.0
20230124:2110,0.0,0.0,0.0,-1.47,1.66,0.0
20230124:2210,0.0,0.0,0.0,-1.51,1.66,0.0
20230124:2310,0.0,0.0,0.0,-1.64,1.72,0.0
20230125:0010,0.0,0.0,0.0,-1.7,1.45,0.0
20230125:0110,0.0,0.0,0.0,-1.79,1.86,0.0
20230125:0210,0.0,0.0,0.0,-1.91,2.28,0.0
20230125:0310,0.0,0.0,0.0,-2.0,2.07,0.0
20230125:0410,0.0,0.0,0.0,-2.15,1.79,0.0
20230125:0510,0.0,0.0,0.0,-2.16,1.52,0.0
20230125:0610,0.0,3.31,3.0,-2.23,1.45,0.0
20230125:0710,39.75,57.08,10.18,-2.24,0.9,0.0
20230125:0810,48.03,66.34,15.78,-2.11,0.97,0.0
20230125:0910,45.54,63.65,19.36,-1.91,0.9,0.0
20230125:1010,28.03,43.93,20.58,-1.73,0.69,0.0
20230125:1110,26.48,42.14,19.29,-1.69,0.55,0.0
20230125:1210,14.65,27.79,15.64,-1.55,0.55,0.0
20230125:1310,7.91,18.83,9.99,-1.52,0.69,0.0
20230125:1410,0.0,1.79,2.78,-1.66,0.9,0.0
20230125:1510,0.0,0.0,0.0,-1.76,0.9,0.0
20230125:1610,0.0,0.0,0.0,-1.84,0.62,0.0
20230125:1710,0.0,0.0,0.0,-1.9,0.55,0.0
20230125:1810,0.0,0.0,0.0,-1.99,0.69,0.0
20230125:1910,0.0,0.0,0.0,-2.35,0.69,0.0
20230125:2010,0.0,0.0,0.0,-2.35,0.97,0.0
20230125:2110,0.0,0.0,0.0,-2.45,1.1,0.0
20230125:2210,0.0,0.0,0.0,-2.49,1.17,0.0
20230125:2310,0.0,0.0,0.0,-2.6,0.97,0.0
20230126:0010,0.0,0.0,0.0,-2.63,1.1,0.0
20230126:0110,0.0,0.0,0.0,-2.71,1.38,0.0
20230126:0210,0.0,0.0,0.0,-2.71,1.52,0.0
20230126:0310,0.0,0.0,0.0,-2.71,1.24,0.0
20230126:0410,0.0,0.0,0.0,-2.72,0.9,0.0
20230126:0510,0.0,0.0,0.0,-2.79,0.9,0.0
20230126:0610,0.0,3.31,3.18,-2.85,0.97,0.0
20230126:0710,38.84,56.08,10.37,-2.07,1.24,0.0
20230126:0810,53.75,72.62,15.99,-1.8,1.66,0.0
20230126:0910,87.67,108.85,19.6,-1.45,1.72,0.0
20230126:1010,126.65,149.26,20.83,-1.2,1.86,0.0
20230126:1110,279.38,304.88,19.55,-0.99,2.14,0.0
20230126:1210,47.8,66.34,15.9,-0.82,2.28,0.0
20230126:1310,44.91,62.99,10.24,-0.82,2.0,0.0
20230126:1410,0.0,1.79,3.02,-0.86,2.0,0.0
20230126:1510,0.0,0.0,0.0,-1.23,1.66,0.0
20230126:1610,0.0,0.0,0.0,-1.36,1.72,0.0
20230126:1710,0.0,0.0,0.0,-1.52,1.79,0.0
20230126:1810,0.0,0.0,0.0,-1.78,1.93,0.0
20230126:1910,0.0,0.0,0.0,-2.15,1.93,0.0
20230126:2010,0.0,0.0,0.0,-2.49,1.93,0.0
20230126:2110,0.0,0.0,0.0,-2.43,2.0,0.0
20230126:2210,0.0,0.0,0.0,-2.43,2.0,0.0
20230126:2310,0.0,0.0,0.0,-2.36,1.93,0.0
20230127:0010,0.0,0.0,0.0,-2.3,1.93,0.0
20230127:0110,0.0,0.0,0.0,-2.28,2.07,0.0
20230127:0210,0.0,0.0,0.0,-2.32,2.28,0.0
20230127:0310,0.0,0.0,0.0,-2.4,2.21,0.0
20230127:0410,0.0,0.0,0.0,-2.46,2.34,0.0
20230127:0510,0.0,0.0,0.0,-2.54,2.41,0.0
20230127:0610,0.0,2.48,3.36,-2.63,2.48,0.0
20230127:0710,3.72,12.55,10.57,-2.13,2.21,0.0
20230127:0810,44.79,62.76,16.22,-1.93,2.07,0.0
20230127:0910,112.05,133.71,19.84,-1.83,2.14,0.0
20230127:1010,335.56,362.15,21.08,-1.64,2.21,0.0
20230127:1110,172.12,194.99,19.81,-1.57,2.07,0.0
20230127:1210,150.78,172.95,16.16,-1.52,1.93,0.0
20230127:1310,221.41,244.87,10.49,-1.62,1.86,0.0
20230127:1410,0.0,4.48,3.26,-1.79,2.07,0.0
20230127:1510,0.0,0.0,0.0,-2.06,2.0,0.0
20230127:1610,0.0,0.0,0.0,-2.24,2.14,0.0
20230127:1710,0.0,0.0,0.0,-2.34,2.34,0.0
20230127:1810,0.0,0.0,0.0,-2.45,2.55,0.0
20230127:1910,0.0,0.0,0.0,-2.63,2.69,0.0
20230127:2010,0.0,0.0,0.0,-2.67,2.9,0.0
20230127:2110,0.0,0.0,0.0,-2.7,2.62,0.0
20230127:2210,0.0,0.0,0.0,-2.78,2.28,0.0
20230127:2310,0.0,0.0,0.0,-2.75,2.41,0.0
20230128:0010,0.0,0.0,0.0,-2.85,2.55,0.0
20230128:0110,0.0,0.0,0.0,-2.88,2.83,0.0
20230128:0210,0.0,0.0,0.0,-2.94,3.03,0.0
20230128:0310,0.0,0.0,0.0,-2.95,3.31,0.0
20230128:0410,0.0,0.0,0.0,-3.0,3.17,0.0
20230128:0510,0.0,0.0,0.0,-3.12,2.69,0.0
20230128:0610,0.14,5.79,3.55,-3.33,2.41,0.0
20230128:0710,52.92,71.15,10.78,-2.77,2.62,0.0
20230128:0810,63.73,82.98,16.45,-2.45,2.76,0.0
20230128:0910,126.94,148.83,20.09,-1.81,2.83,0.0
20230128:1010,74.62,95.03,21.34,-1.4,2.83,0.0
20230128:1110,484.59,519.44,20.07,-1.0,2.9,0.0
20230128:1210,639.27,689.99,16.42,-0.69,3.1,0.0
20230128:1310,430.41,462.81,10.75,-0.82,3.03,0.0
20230128:1410,2.63,10.76,3.5,-1.14,2.69,0.0
20230128:1510,0.0,0.0,0.0,-2.01,2.48,0.0
20230128:1610,0.0,0.0,0.0,-2.42,2.28,0.0
20230128:1710,0.0,0.0,0.0,-3.11,2.21,0.0
20230128:1810,0.0,0.0,0.0,-3.6,2.14,0.0
20230128:1910,0.0,0.0,0.0,-2.45,2.21,0.0
20230128:2010,0.0,0.0,0.0,-2.41,2.21,0.0
20230128:2110,0.0,0.0,0.0,-2.54,2.21,0.0
20230128:2210,0.0,0.0,0.0,-2.63,2.21,0.0
20230128:2310,0.0,0.0,0.0,-2.83,2.28,0.0
20230129:0010,0.0,0.0,0.0,-2.78,2.62,0.0
20230129:0110,0.0,0.0,0.0,-2.84,3.24,0.0
20230129:0210,0.0,0.0,0.0,-2.9,3.59,0.0
20230129:0310,0.0,0.0,0.0,-2.95,2.9,0.0
20230129:0410,0.0,0.0,0.0,-3.13,2.83,0.0
20230129:0510,0.0,0.0,0.0,-3.25,2.41,0.0
20230129:0610,4.71,14.06,3.74,-3.27,2.0,0.0
20230129:0710,187.03,208.76,11.0,-2.68,1.93,0.0
20230129:0810,147.41,169.21,16.68,-1.61,3.03,0.0
20230129:0910,135.9,158.35,20.34,-1.1,2.9,0.0
20230129:1010,138.88,161.91,21.61,-0.43,3.17,0.0
20230129:1110,98.82,120.72,20.34,-0.35,3.38,0.0
20230129:1210,31.75,48.41,16.69,-0.29,3.17,0.0
20230129:1310,26.35,42.14,11.01,-0.35,2.97,0.0
20230129:1410,0.0,3.59,3.75,-0.64,2.07,0.0
20230129:1510,0.0,0.0,0.0,-1.06,1.59,0.0
20230129:1610,0.0,0.0,0.0,-1.35,1.31,0.0
20230129:1710,0.0,0.0,0.0,-1.57,1.31,0.0
20230129:1810,0.0,0.0,0.0,-2.07,1.59,0.0
20230129:1910,0.0,0.0,0.0,-2.17,2.07,0.0
20230129:2010,0.0,0.0,0.0,-2.59,2.34,0.0
20230129:2110,0.0,0.0,0.0,-3.02,2.14,0.0
20230129:2210,0.0,0.0,0.0,-3.54,2.07,0.0
20230129:2310,0.0,0.0,0.0,-3.71,2.21,0.0
20230130:0010,0.0,0.0,0.0,-3.58,2.28,0.0
20230130:0110,0.0,0.0,0.0,-3.08,2.41,0.0
20230130:0210,0.0,0.0,0.0,-2.69,2.62,0.0
20230130:0310,0.0,0.0,0.0,-2.31,2.62,0.0
20230130:0410,0.0,0.0,0.0,-2.02,2.69,0.0
20230130:0510,0.0,0.0,0.0,-1.78,2.76,0.0
20230130:0610,3.62,12.4,3.95,-1.63,3.03,0.0
20230130:0710,43.32,61.19,11.22,-1.15,3.45,0.0
20230130:0810,69.02,89.2,16.92,-0.48,4.21,0.0
20230130:0910,62.47,82.48,20.6,0.21,4.55,0.0
20230130:1010,37.89,55.58,21.88,0.8,4.55,0.0
20230130:1110,34.67,52.0,20.62,1.16,4.69,0.0
20230130:1210,20.89,35.86,16.96,1.59,4.41,0.0
20230130:1310,8.4,19.72,11.27,1.78,4.07,0.0
20230130:1410,0.31,6.28,4.0,1.62,3.72,0.0
20230130:1510,0.0,0.0,0.0,1.21,3.93,0.0
20230130:1610,0.0,0.0,0.0,0.99,4.21,0.0
20230130:1710,0.0,0.0,0.0,0.81,4.34,0.0
20230130:1810,0.0,0.0,0.0,0.5,4.48,0.0
20230130:1910,0.0,0.0,0.0,-0.32,4.21,0.0
20230130:2010,0.0,0.0,0.0,-0.58,4.0,0.0
20230130:2110,0.0,0.0,0.0,-0.81,3.93,0.0
20230130:2210,0.0,0.0,0.0,-0.86,3.86,0.0
20230130:2310,0.0,0.0,0.0,-0.88,3.72,0.0
20230131:0010,0.0,0.0,0.0,-0.88,3.45,0.0
20230131:0110,0.0,0.0,0.0,-0.94,3.17,0.0
20230131:0210,0.0,0.0,0.0,-0.96,2.9,0.0
20230131:0310,0.0,0.0,0.0,-1.05,2.62,0.0
20230131:0410,0.0,0.0,0.0,-1.04,2.48,0.0
20230131:0510,0.0,0.0,0.0,-1.09,2.34,0.0
20230131:0610,0.0,3.31,4.15,-0.83,2.21,0.0
20230131:0710,15.28,28.69,11.45,-0.36,1.86,0.0
20230131:0810,30.82,47.52,17.17,0.54,1.86,0.0
20230131:0910,19.42,34.07,20.87,1.48,2.07,0.0
20230131:1010,46.35,65.45,22.16,1.99,2.28,0.0
20230131:1110,50.28,69.93,20.9,2.5,2.76,0.0
20230131:1210,39.91,58.27,17.23,2.27,2.07,0.0
20230131:1310,27.52,43.93,11.53,2.18,2.07,0.0
20230131:1410,0.0,5.38,4.26,1.55,1.93,0.0
20230131:1510,0.0,0.0,0.0,0.81,2.07,0.0
20230131:1610,0.0,0.0,0.0,0.28,2.14,0.0
20230131:1710,0.0,0.0,0.0,0.0,2.21,0.0
20230131:1810,0.0,0.0,0.0,-0.57,2.28,0.0
20230131:1910,0.0,0.0,0.0,-0.76,2.48,0.0
20230131:2010,0.0,0.0,0.0,-0.92,2.55,0.0
20230131:2110,0.0,0.0,0.0,-1.07,2.62,0.0
20230131:2210,0.0,0.0,0.0,-1.12,2.48,0.0
20230131:2310,0.0,0.0,0.0,-1.1,2.28,0.0
20230201:0010,0.0,0.0,0.0,-1.31,2.21,0.0
20230201:0110,0.0,0.0,0.0,-1.19,2.28,0.0
20230201:0210,0.0,0.0,0.0,-1.01,2.28,0.0
20230201:0310,0.0,0.0,0.0,-0.87,2.14,0.0
20230201:0410,0.0,0.0,0.0,-0.82,2.0,0.0
20230201:0510,0.0,0.0,0.0,-0.76,2.14,0.0
20230201:0610,1.26,8.27,4.37,-0.82,2.41,0.0
20230201:0710,30.2,46.62,11.68,-0.43,2.41,0.0
20230201:0810,408.63,439.57,17.42,0.26,3.38,0.0
20230201:0910,699.66,758.5,21.14,0.9,4.21,0.0
20230201:1010,80.39,102.2,22.44,1.64,4.62,0.0
20230201:1110,365.73,396.3,21.18,1.76,4.14,0.0
20230201:1210,60.3,80.69,17.51,1.8,3.79,0.0
20230201:1310,24.57,40.34,11.8,1.83,3.59,0.0
20230201:1410,1.13,8.07,4.52,1.52,3.1,0.0
20230201:1510,0.0,0.0,0.0,1.08,2.83,0.0
20230201:1610,0.0,0.0,0.0,0.58,2.9,0.0
20230201:1710,0.0,0.0,0.0,0.17,2.97,0.0
20230201:1810,0.0,0.0,0.0,-0.29,3.1,0.0
20230201:1910,0.0,0.0,0.0,-0.35,3.1,0.0
20230201:2010,0.0,0.0,0.0,-0.23,3.24,0.0
20230201:2110,0.0,0.0,0.0,-0.31,3.17,0.0
20230201:2210,0.0,0.0,0.0,-0.44,3.24,0.0
20230201:2310,0.0,0.0,0.0,-0.5,3.24,0.0
20230202:0010,0.0,0.0,0.0,-0.75,3.1,0.0
20230202:0110,0.0,0.0,0.0,-1.04,2.9,0.0
20230202:0210,0.0,0.0,0.0,-1.48,2.83,0.0
20230202:0310,0.0,0.0,0.0,-1.54,2.9,0.0
20230202:0410,0.0,0.0,0.0,-1.21,2.69,0.0
20230202:0510,0.0,0.0,0.0,-1.16,2.55,0.0
20230202:0610,66.47,87.71,4.58,-1.04,2.48,0.0
20230202:0710,247.05,272.13,11.92,-0.58,2.28,0.0
20230202:0810,563.91,611.95,17.68,0.26,2.48,0.0
20230202:0910,686.07,750.68,21.41,1.16,3.17,0.0
20230202:1010,61.77,82.48,22.73,2.25,3.03,0.0
20230202:1110,540.44,593.12,21.47,3.1,2.69,0.0
20230202:1210,82.09,104.73,17.8,3.19,2.28,0.0
20230202:1310,21.46,36.76,12.07,2.88,2.21,0.0
20230202:1410,4.16,13.45,4.78,2.41,2.34,0.0
20230202:1510,0.0,0.0,0.0,1.33,2.41,0.0
20230202:1610,0.0,0.0,0.0,0.76,2.62,0.0
20230202:1710,0.0,0.0,0.0,0.47,2.69,0.0
20230202:1810,0.0,0.0,0.0,0.36,2.76,0.0
20230202:1910,0.0,0.0,0.0,0.19,2.34,0.0
20230202:2010,0.0,0.0,0.0,-0.23,2.28,0.0
20230202:2110,0.0,0.0,0.0,-0.9,2.28,0.0
20230202:2210,0.0,0.0,0.0,-1.37,2.34,0.0
20230202:2310,0.0,0.0,0.0,-1.49,2.28,0.0
20230203:0010,0.0,0.0,0.0,-1.1,2.07,0.0
20230203:0110,0.0,0.0,0.0,-0.68,1.93,0.0
20230203:0210,0.0,0.0,0.0,-0.45,1.79,0.0
20230203:0310,0.0,0.0,0.0,-0.4,1.79,0.0
20230203:0410,0.0,0.0,0.0,-0.33,1.86,0.0
20230203:0510,0.0,0.0,0.0,-0.4,1.93,0.0
20230203:0610,0.0,4.48,4.81,-0.32,2.0,0.0
20230203:0710,53.39,72.58,12.16,0.11,2.21,0.0
20230203:0810,87.72,109.5,17.95,0.54,2.41,0.0
20230203:0910,82.26,104.0,21.69,0.73,2.76,0.0
20230203:1010,112.21,135.55,23.02,1.0,3.03,0.0
20230203:1110,440.33,475.78,21.77,1.08,3.31,0.0
20230203:1210,22.4,37.65,18.08,1.18,3.17,0.0
20230203:1310,18.74,33.17,12.35,1.07,3.1,0.0
20230203:1410,0.0,5.38,5.04,0.45,2.97,0.0
20230203:1510,0.0,0.0,0.0,-0.39,2.9,0.0
20230203:1610,0.0,0.0,0.0,-1.25,2.97,0.0
20230203:1710,0.0,0.0,0.0,-1.92,2.9,0.0
20230203:1810,0.0,0.0,0.0,-2.26,2.76,0.0
20230203:1910,0.0,0.0,0.0,-1.37,2.9,0.0
20230203:2010,0.0,0.0,0.0,-1.33,2.55,0.0
20230203:2110,0.0,0.0,0.0,-1.37,2.34,0.0
20230203:2210,0.0,0.0,0.0,-1.61,2.14,0.0
20230203:2310,0.0,0.0,0.0,-1.74,2.0,0.0
20230204:0010,0.0,0.0,0.0,-1.84,1.86,0.0
20230204:0110,0.0,0.0,0.0,-1.91,1.79,0.0
20230204:0210,0.0,0.0,0.0,-2.28,1.72,0.0
20230204:0310,0.0,0.0,0.0,-2.21,1.72,0.0
20230204:0410,0.0,0.0,0.0,-2.29,1.86,0.0
20230204:0510,0.0,0.0,0.0,-2.33,1.93,0.0
20230204:0610,21.51,36.32,5.04,-2.44,2.21,0.0
20230204:0710,13.35,26.0,12.41,-2.7,2.55,0.0
20230204:0810,158.53,180.13,18.21,-2.51,2.76,0.0
20230204:0910,119.68,141.29,21.98,-2.15,3.45,0.0
20230204:1010,103.18,124.65,23.32,-1.79,3.52,0.0
20230204:1110,44.75,62.76,22.06,-1.47,3.66,0.0
20230204:1210,201.86,224.07,18.37,-1.55,3.79,0.0
20230204:1310,110.27,131.12,12.63,-1.74,3.79,0.0
20230204:1410,130.98,155.41,5.3,-1.96,3.79,0.0
20230204:1510,0.0,0.0,0.0,-2.51,3.66,0.0
20230204:1610,0.0,0.0,0.0,-3.03,3.66,0.0
20230204:1710,0.0,0.0,0.0,-3.46,3.45,0.0
20230204:1810,0.0,0.0,0.0,-3.74,3.17,0.0
20230204:1910,0.0,0.0,0.0,-3.68,2.97,0.0
20230204:2010,0.0,0.0,0.0,-3.67,3.03,0.0
20230204:2110,0.0,0.0,0.0,-3.64,3.1,0.0
20230204:2210,0.0,0.0,0.0,-3.79,3.31,0.0
20230204:2310,0.0,0.0,0.0,-3.97,3.38,0.0
20230205:0010,0.0,0.0,0.0,-4.05,3.45,0.0
20230205:0110,0.0,0.0,0.0,-4.15,3.45,0.0
20230205:0210,0.0,0.0,0.0,-4.11,3.38,0.0
20230205:0310,0.0,0.0,0.0,-3.97,3.93,0.0
20230205:0410,0.0,0.0,0.0,-3.91,4.0,0.0
20230205:0510,0.0,0.0,0.0,-3.75,4.21,0.0
20230205:0610,91.35,113.06,5.28,-3.51,4.14,0.0
20230205:0710,271.05,292.23,12.66,-2.97,4.07,0.0
20230205:0810,264.42,286.09,18.49,-2.23,4.21,0.0
20230205:0910,297.01,320.33,22.27,-1.52,4.41,0.0
20230205:1010,218.49,241.32,23.62,-1.48,4.48,0.0
20230205:1110,47.88,66.34,22.37,-0.79,4.48,0.0
20230205:1210,18.17,32.27,18.67,-0.46,4.55,0.0
20230205:1310,12.5,25.1,12.91,-0.35,4.14,0.0
20230205:1410,122.64,147.29,5.57,-0.61,4.14,0.0
20230205:1510,0.0,0.0,0.0,-1.2,4.07,0.0
20230205:1610,0.0,0.0,0.0,-1.76,3.93,0.0
20230205:1710,0.0,0.0,0.0,-1.98,3.86,0.0
20230205:1810,0.0,0.0,0.0,-2.08,3.79,0.0
20230205:1910,0.0,0.0,0.0,-2.16,3.59,0.0
20230205:2010,0.0,0.0,0.0,-2.2,3.52,0.0
20230205:2110,0.0,0.0,0.0,-2.26,3.52,0.0
20230205:2210,0.0,0.0,0.0,-2.21,3.52,0.0
20230205:2310,0.0,0.0,0.0,-2.36,3.38,0.0
20230206:0010,0.0,0.0,0.0,-2.48,3.38,0.0
20230206:0110,0.0,0.0,0.0,-2.74,3.17,0.0
20230206:0210,0.0,0.0,0.0,-3.01,3.1,0.0
20230206:0310,0.0,0.0,0.0,-3.21,3.17,0.0
20230206:0410,0.0,0.0,0.0,-3.28,3.24,0.0
20230206:0510,0.0,0.0,0.0,-3.28,3.31,0.0
20230206:0610,29.3,45.34,5.52,-3.33,3.24,0.0
20230206:0710,0.0,0.0,0.0,-2.86,3.72,0.0
20230206:0810,276.24,297.29,18.77,-2.58,4.69,0.0
20230206:0910,230.11,252.01,22.57,-2.15,4.76,0.0
20230206:1010,43.23,60.96,23.92,-1.88,4.34,0.0
20230206:1110,257.03,279.77,22.67,-1.8,4.28,0.0
20230206:1210,427.91,454.28,18.96,-1.63,4.41,0.0
20230206:1310,250.82,273.06,13.19,-1.72,4.28,0.0
20230206:1410,9.24,20.62,5.84,-2.07,3.66,0.0
20230206:1510,0.0,0.0,0.0,-3.09,3.24,0.0
20230206:1610,0.0,0.0,0.0,-4.11,3.17,0.0
20230206:1710,0.0,0.0,0.0,-4.75,2.97,0.0
20230206:1810,0.0,0.0,0.0,-5.19,2.83,0.0
20230206:1910,0.0,0.0,0.0,-5.34,2.48,0.0
20230206:2010,0.0,0.0,0.0,-5.72,2.21,0.0
20230206:2110,0.0,0.0,0.0,-6.0,1.86,0.0
20230206:2210,0.0,0.0,0.0,-5.94,1.59,0.0
20230206:2310,0.0,0.0,0.0,-5.89,1.59,0.0
20230207:0010,0.0,0.0,0.0,-5.53,1.52,0.0
20230207:0110,0.0,0.0,0.0,-4.99,1.66,0.0
20230207:0210,0.0,0.0,0.0,-4.54,1.52,0.0
20230207:0310,0.0,0.0,0.0,-4.32,1.31,0.0
20230207:0410,0.0,0.0,0.0,-4.34,1.38,0.0
20230207:0510,0.0,0.0,0.0,-4.29,1.59,0.0
20230207:0610,175.56,200.97,5.76,-4.42,1.86,0.0
20230207:0710,222.34,243.85,13.19,-3.42,2.34,0.0
20230207:0810,433.52,461.29,19.05,-2.95,2.76,0.0
20230207:0910,729.69,789.38,22.87,-2.42,3.03,0.0
20230207:1010,153.6,175.96,24.23,-2.23,3.1,0.0
20230207:1110,78.33,98.62,22.98,-2.15,3.31,0.0
20230207:1210,78.5,98.75,19.26,-2.0,3.59,0.0
20230207:1310,126.07,147.09,13.48,-2.12,3.59,0.0
20230207:1410,9.93,21.52,6.11,-2.65,3.17,0.0
20230207:1510,0.0,0.0,0.0,-3.62,3.1,0.0
20230207:1610,0.0,0.0,0.0,-4.2,3.31,0.0
20230207:1710,0.0,0.0,0.0,-4.45,3.59,0.0
20230207:1810,0.0,0.0,0.0,-4.83,3.52,0.0
20230207:1910,0.0,0.0,0.0,-4.77,3.17,0.0
20230207:2010,0.0,0.0,0.0,-4.96,3.03,0.0
20230207:2110,0.0,0.0,0.0,-5.24,2.97,0.0
20230207:2210,0.0,0.0,0.0,-5.59,2.76,0.0
20230207:2310,0.0,0.0,0.0,-6.01,2.69,0.0
20230208:0010,0.0,0.0,0.0,-6.52,2.62,0.0
20230208:0110,0.0,0.0,0.0,-6.84,2.62,0.0
20230208:0210,0.0,0.0,0.0,-7.11,2.62,0.0
20230208:0310,0.0,0.0,0.0,-7.37,2.62,0.0
20230208:0410,0.0,0.0,0.0,-7.62,2.69,0.0
20230208:0510,0.0,0.0,0.0,-7.75,2.83,0.0
20230208:0610,237.3,261.1,6.01,-7.83,2.76,0.0
20230208:0710,511.77,534.18,13.46,-7.67,2.97,0.0
20230208:0810,748.69,794.07,19.34,-7.3,2.76,0.0
20230208:0910,821.94,887.69,23.18,-6.76,2.28,0.0
20230208:1010,843.43,919.21,24.55,-6.05,2.14,0.0
20230208:1110,807.57,875.75,23.29,-5.39,2.34,0.0
20230208:1210,551.72,584.32,19.57,-4.96,2.48,0.0
20230208:1310,463.35,490.45,13.76,-4.92,2.55,0.0
20230208:1410,265.43,292.59,6.38,-5.28,2.69,0.0
20230208:1510,0.0,0.0,0.0,-6.04,2.21,0.0
20230208:1610,0.0,0.0,0.0,-6.8,2.28,0.0
20230208:1710,0.0,0.0,0.0,-7.53,2.28,0.0
20230208:1810,0.0,0.0,0.0,-8.32,2.21,0.0
20230208:1910,0.0,0.0,0.0,-9.25,1.79,0.0
20230208:2010,0.0,0.0,0.0,-9.19,1.66,0.0
20230208:2110,0.0,0.0,0.0,-9.76,1.72,0.0
20230208:2210,0.0,0.0,0.0,-11.01,1.93,0.0
20230208:2310,0.0,0.0,0.0,-11.68,2.0,0.0
20230209:0010,0.0,0.0,0.0,-11.66,2.0,0.0
20230209:0110,0.0,0.0,0.0,-10.89,1.86,0.0
20230209:0210,0.0,0.0,0.0,-10.64,1.72,0.0
20230209:0310,0.0,0.0,0.0,-10.6,1.72,0.0
20230209:0410,0.0,0.0,0.0,-10.74,1.72,0.0
20230209:0510,0.0,0.0,0.0,-11.25,1.79,0.0
20230209:0610,8.34,18.83,6.27,-10.67,1.66,0.0
20230209:0710,288.73,300.56,13.73,-12.01,2.07,0.0
20230209:0810,503.38,524.81,19.64,-8.41,2.21,0.0
20230209:0910,599.8,640.2,23.49,-4.66,2.21,0.0
20230209:1010,712.86,776.38,24.87,-2.63,2.28,0.0
20230209:1110,786.95,867.48,23.61,-1.65,2.34,0.0
20230209:1210,598.6,648.21,19.87,-1.15,2.34,0.0
20230209:1310,484.51,523.37,14.05,-1.01,2.28,0.0
20230209:1410,173.51,200.43,6.65,-1.72,1.59,0.0
20230209:1510,0.0,0.0,0.0,-3.47,1.79,0.0
20230209:1610,0.0,0.0,0.0,-5.6,2.0,0.0
20230209:1710,0.0,0.0,0.0,-7.37,2.14,0.0
20230209:1810,0.0,0.0,0.0,-8.42,2.28,0.0
20230209:1910,0.0,0.0,0.0,-9.42,2.55,0.0
20230209:2010,0.0,0.0,0.0,-10.06,2.62,0.0
20230209:2110,0.0,0.0,0.0,-10.54,2.69,0.0
20230209:2210,0.0,0.0,0.0,-10.67,2.69,0.0
20230209:2310,0.0,0.0,0.0,-11.03,2.69,0.0
20230210:0010,0.0,0.0,0.0,-11.47,2.69,0.0
20230210:0110,0.0,0.0,0.0,-11.8,2.62,0.0
20230210:0210,0.0,0.0,0.0,-12.02,2.62,0.0
20230210:0310,0.0,0.0,0.0,-12.06,2.62,0.0
20230210:0410,0.0,0.0,0.0,-12.08,2.69,0.0
20230210:0510,0.0,0.0,0.0,-12.01,2.76,0.0
20230210:0610,263.45,283.15,6.53,-11.71,2.83,0.0
20230210:0710,289.16,303.13,14.01,-9.61,2.9,0.0
20230210:0810,732.88,775.0,19.94,-5.86,3.59,0.0
20230210:0910,850.84,921.46,23.8,-3.09,3.79,0.0
20230210:1010,875.03,957.97,25.19,-1.3,3.93,0.0
20230210:1110,830.62,908.4,23.93,-0.18,4.07,0.0
20230210:1210,445.16,477.32,20.18,0.38,4.21,0.0
20230210:1310,159.52,182.77,14.35,0.48,4.07,0.0
20230210:1410,15.27,28.69,6.93,-0.09,3.66,0.0
20230210:1510,0.0,0.0,0.0,-1.28,3.59,0.0
20230210:1610,0.0,0.0,0.0,-2.15,3.45,0.0
20230210:1710,0.0,0.0,0.0,-2.56,3.38,0.0
20230210:1810,0.0,0.0,0.0,-2.56,3.31,0.0
20230210:1910,0.0,0.0,0.0,-2.3,3.38,0.0
20230210:2010,0.0,0.0,0.0,-1.99,3.24,0.0
20230210:2110,0.0,0.0,0.0,-1.68,2.9,0.0
20230210:2210,0.0,0.0,0.0,-1.44,2.55,0.0
20230210:2310,0.0,0.0,0.0,-1.46,2.69,0.0
20230211:0010,0.0,0.0,0.0,-1.37,2.55,0.0
20230211:0110,0.0,0.0,0.0,-1.56,2.14,0.0
20230211:0210,0.0,0.0,0.0,-1.63,2.21,0.0
20230211:0310,0.0,0.0,0.0,-1.73,2.41,0.0
20230211:0410,0.0,0.0,0.0,-1.91,2.14,0.0
20230211:0510,0.0,0.0,0.0,-1.58,2.28,0.0
20230211:0610,13.95,26.9,6.8,-1.35,2.41,0.0
20230211:0710,31.8,48.41,14.3,-0.67,2.55,0.0
20230211:0810,38.83,56.48,20.24,-0.14,3.24,0.0
20230211:0910,102.77,125.39,24.12,0.62,3.93,0.0
20230211:1010,62.95,83.38,25.52,1.41,4.83,0.0
20230211:1110,82.82,104.89,24.26,2.0,5.24,0.0
20230211:1210,68.48,89.65,20.49,2.28,4.83,0.0
20230211:1310,137.97,161.9,14.64,2.23,4.48,0.0
20230211:1410,13.03,26.0,7.21,1.91,4.76,0.0
20230211:1510,0.0,0.0,0.0,1.5,4.76,0.0
20230211:1610,0.0,0.0,0.0,1.04,4.97,0.0
20230211:1710,0.0,0.0,0.0,0.69,5.1,0.0
20230211:1810,0.0,0.0,0.0,0.63,5.31,0.0
20230211:1910,0.0,0.0,0.0,0.71,4.97,0.0
20230211:2010,0.0,0.0,0.0,0.76,4.9,0.0
20230211:2110,0.0,0.0,0.0,0.93,4.97,0.0
20230211:2210,0.0,0.0,0.0,1.1,4.83,0.0
20230211:2310,0.0,0.0,0.0,1.15,4.83,0.0
20230212:0010,0.0,0.0,0.0,1.15,4.97,0.0
20230212:0110,0.0,0.0,0.0,1.34,5.38,0.0
20230212:0210,0.0,0.0,0.0,0.77,5.93,0.0
20230212:0310,0.0,0.0,0.0,-0.68,6.0,0.0
20230212:0410,0.0,0.0,0.0,-1.91,5.79,0.0
20230212:0510,0.0,0.0,0.0,-2.52,5.45,0.0
20230212:0610,244.21,271.73,7.07,-2.97,5.1,0.0
20230212:0710,280.29,301.79,14.59,-2.35,5.1,0.0
20230212:0810,683.26,721.97,20.55,-2.23,5.72,0.0
20230212:0910,841.68,901.48,24.45,-1.81,5.72,0.0
20230212:1010,890.66,962.23,25.85,-1.24,5.59,0.0
20230212:1110,865.15,935.24,24.58,-0.64,5.52,0.0
20230212:1210,706.02,755.1,20.81,-0.25,5.45,0.0
20230212:1310,503.52,536.21,14.94,-0.2,5.52,0.0
20230212:1410,223.82,252.25,7.49,-0.55,5.03,0.0
20230212:1510,0.0,0.0,0.0,-1.32,4.9,0.0
20230212:1610,0.0,0.0,0.0,-1.93,4.62,0.0
20230212:1710,0.0,0.0,0.0,-2.4,4.28,0.0
20230212:1810,0.0,0.0,0.0,-2.79,3.93,0.0
20230212:1910,0.0,0.0,0.0,-2.56,3.72,0.0
20230212:2010,0.0,0.0,0.0,-2.76,3.59,0.0
20230212:2110,0.0,0.0,0.0,-2.91,3.31,0.0
20230212:2210,0.0,0.0,0.0,-3.15,3.1,0.0
20230212:2310,0.0,0.0,0.0,-3.35,2.97,0.0
20230213:0010,0.0,0.0,0.0,-3.7,2.83,0.0
20230213:0110,0.0,0.0,0.0,-4.03,2.69,0.0
20230213:0210,0.0,0.0,0.0,-4.42,2.69,0.0
20230213:0310,0.0,0.0,0.0,-4.87,2.76,0.0
20230213:0410,0.0,0.0,0.0,-5.27,2.9,0.0
20230213:0510,0.0,0.0,0.0,-5.14,3.1,0.0
20230213:0610,21.06,35.4,7.35,-4.1,3.24,0.0
20230213:0710,353.85,379.76,14.88,-1.82,3.31,0.0
20230213:0810,348.03,374.56,20.87,-0.46,3.93,0.0
20230213:0910,86.85,108.48,24.78,0.09,3.72,0.0
20230213:1010,139.38,163.41,26.19,0.64,3.86,0.0
20230213:1110,94.9,117.44,24.91,1.0,3.38,0.0
20230213:1210,42.52,60.96,21.12,1.37,3.24,0.0
20230213:1310,10.99,23.31,15.23,1.95,3.31,0.0
20230213:1410,98.9,122.92,7.77,2.04,3.66,0.0
20230213:1510,0.0,0.0,0.0,1.97,3.72,0.0
20230213:1610,0.0,0.0,0.0,1.95,3.79,0.0
20230213:1710,0.0,0.0,0.0,1.97,3.79,0.0
20230213:1810,0.0,0.0,0.0,2.1,3.79,0.0
20230213:1910,0.0,0.0,0.0,2.23,4.0,0.0
20230213:2010,0.0,0.0,0.0,2.3,4.28,0.0
20230213:2110,0.0,0.0,0.0,2.37,4.55,0.0
20230213:2210,0.0,0.0,0.0,2.51,4.69,0.0
20230213:2310,0.0,0.0,0.0,2.46,5.1,0.0
20230214:0010,0.0,0.0,0.0,2.3,5.24,0.0
20230214:0110,0.0,0.0,0.0,2.15,5.31,0.0
20230214:0210,0.0,0.0,0.0,1.94,5.38,0.0
20230214:0310,0.0,0.0,0.0,1.7,5.38,0.0
20230214:0410,0.0,0.0,0.0,1.52,5.45,0.0
20230214:0510,0.0,0.0,0.0,1.48,5.38,0.0
20230214:0610,53.4,73.38,7.63,1.53,5.24,0.0
20230214:0710,109.9,132.77,15.18,1.94,5.17,0.0
20230214:0810,185.63,210.99,21.18,2.14,5.03,0.0
20230214:0910,140.11,165.15,25.11,2.89,6.28,0.0
20230214:1010,176.49,202.86,26.52,3.41,7.17,0.0
20230214:1110,170.74,196.81,25.25,3.4,7.03,0.0
20230214:1210,31.22,48.41,21.44,3.34,6.21,0.0
20230214:1310,35.96,53.79,15.53,2.79,5.45,0.0
20230214:1410,13.68,26.9,8.05,2.41,5.59,0.0
20230214:1510,0.0,0.0,0.0,1.65,5.17,0.0
20230214:1610,0.0,0.0,0.0,1.1,5.03,0.0
20230214:1710,0.0,0.0,0.0,0.83,5.1,0.0
20230214:1810,0.0,0.0,0.0,0.63,5.1,0.0
20230214:1910,0.0,0.0,0.0,1.2,4.62,0.0
20230214:2010,0.0,0.0,0.0,0.94,4.41,0.0
20230214:2110,0.0,0.0,0.0,0.85,4.21,0.0
20230214:2210,0.0,0.0,0.0,0.57,4.21,0.0
20230214:2310,0.0,0.0,0.0,0.26,4.21,0.0
20230215:0010,0.0,0.0,0.0,-0.03,4.21,0.0
20230215:0110,0.0,0.0,0.0,-0.43,4.21,0.0
20230215:0210,0.0,0.0,0.0,-0.44,4.41,0.0
20230215:0310,0.0,0.0,0.0,-0.59,4.48,0.0
20230215:0410,0.0,0.0,0.0,-0.76,4.48,0.0
20230215:0510,0.0,0.0,0.0,-0.86,4.34,0.0
20230215:0610,230.23,259.6,7.92,-0.96,3.86,0.0
20230215:0710,512.75,551.48,15.49,0.36,4.07,0.0
20230215:0810,725.53,786.11,21.51,0.85,4.55,0.0
20230215:0910,857.67,943.75,25.45,1.36,4.55,0.0
20230215:1010,861.53,951.65,26.87,2.05,4.62,0.0
20230215:1110,838.17,923.28,25.58,2.32,4.76,0.0
20230215:1210,742.49,810.89,21.76,2.63,4.83,0.0
20230215:1310,432.37,468.35,15.84,2.54,4.69,0.0
20230215:1410,64.7,85.9,8.33,2.13,4.0,0.0
20230215:1510,0.0,0.0,0.0,1.01,3.45,0.0
20230215:1610,0.0,0.0,0.0,-0.11,3.31,0.0
20230215:1710,0.0,0.0,0.0,-0.74,3.24,0.0
20230215:1810,0.0,0.0,0.0,-1.18,3.1,0.0
20230215:1910,0.0,0.0,0.0,-0.06,3.31,0.0
20230215:2010,0.0,0.0,0.0,-0.13,3.1,0.0
20230215:2110,0.0,0.0,0.0,-0.49,2.76,0.0
20230215:2210,0.0,0.0,0.0,-0.94,2.28,0.0
20230215:2310,0.0,0.0,0.0,-1.93,1.93,0.0
20230216:0010,0.0,0.0,0.0,-2.84,1.59,0.0
20230216:0110,0.0,0.0,0.0,-2.7,1.1,0.0
20230216:0210,0.0,0.0,0.0,-2.17,0.76,0.0
20230216:0310,0.0,0.0,0.0,-1.87,0.48,0.0
20230216:0410,0.0,0.0,0.0,-1.94,0.48,0.0
20230216:0510,0.0,0.0,0.0,-1.91,0.83,0.0
20230216:0610,150.96,176.87,8.21,-1.66,0.97,0.0
20230216:0710,78.22,99.12,15.8,-0.84,1.03,0.0
20230216:0810,169.64,194.92,21.83,0.31,1.17,0.0
20230216:0910,216.86,245.36,25.79,1.51,1.31,0.0
20230216:1010,147.39,173.65,27.21,2.25,1.59,0.0
20230216:1110,152.32,178.9,25.92,2.71,1.93,0.0
20230216:1210,215.03,243.52,22.08,2.83,2.14,0.0
20230216:1310,131.33,156.04,16.14,2.45,1.86,0.0
20230216:1410,136.1,162.77,8.61,2.07,2.21,0.0
20230216:1510,0.0,0.0,0.0,1.25,2.34,0.0
20230216:1610,0.0,0.0,0.0,0.54,2.41,0.0
20230216:1710,0.0,0.0,0.0,0.02,2.48,0.0
20230216:1810,0.0,0.0,0.0,-0.03,2.41,0.0
20230216:1910,0.0,0.0,0.0,0.0,2.48,0.0
20230216:2010,0.0,0.0,0.0,-0.16,2.34,0.0
20230216:2110,0.0,0.0,0.0,0.04,2.07,0.0
20230216:2210,0.0,0.0,0.0,-0.06,1.72,0.0
20230216:2310,0.0,0.0,0.0,-0.11,1.38,0.0
20230217:0010,0.0,0.0,0.0,0.02,1.03,0.0
20230217:0110,0.0,0.0,0.0,0.25,0.76,0.0
20230217:0210,0.0,0.0,0.0,0.14,0.69,0.0
20230217:0310,0.0,0.0,0.0,0.32,0.62,0.0
20230217:0410,0.0,0.0,0.0,0.27,0.62,0.0
20230217:0510,0.0,0.0,0.0,0.15,0.55,0.0
20230217:0610,2.6,10.76,8.5,0.22,0.55,0.0
20230217:0710,26.94,43.03,16.11,0.67,0.97,0.0
20230217:0810,45.7,64.55,22.16,1.04,1.17,0.0
20230217:0910,76.07,97.72,26.13,1.05,1.17,0.0
20230217:1010,63.57,84.27,27.56,1.21,1.1,0.0
20230217:1110,48.01,67.24,26.26,1.4,0.83,0.0
20230217:1210,25.29,41.24,22.41,1.67,0.69,0.0
20230217:1310,53.63,73.51,16.44,1.63,1.03,0.0
20230217:1410,101.67,125.96,8.9,1.61,1.17,0.0
20230217:1510,0.0,0.0,0.0,0.99,1.52,0.0
20230217:1610,0.0,0.0,0.0,0.47,1.86,0.0
20230217:1710,0.0,0.0,0.0,0.24,2.14,0.0
20230217:1810,0.0,0.0,0.0,0.13,2.48,0.0
20230217:1910,0.0,0.0,0.0,-0.31,2.48,0.0
20230217:2010,0.0,0.0,0.0,-0.12,2.9,0.0
20230217:2110,0.0,0.0,0.0,0.04,3.38,0.0
20230217:2210,0.0,0.0,0.0,0.26,3.66,0.0
20230217:2310,0.0,0.0,0.0,0.55,3.79,0.0
20230218:0010,0.0,0.0,0.0,0.9,4.0,0.0
20230218:0110,0.0,0.0,0.0,1.06,4.14,0.0
20230218:0210,0.0,0.0,0.0,1.13,4.21,0.0
20230218:0310,0.0,0.0,0.0,1.16,4.41,0.0
20230218:0410,0.0,0.0,0.0,1.19,4.55,0.0
20230218:0510,0.0,0.0,0.0,1.9,4.76,0.0
20230218:0610,155.99,184.61,8.8,3.76,4.97,0.0
20230218:0710,63.59,85.19,16.42,5.01,5.38,0.0
20230218:0810,331.38,364.44,22.5,5.35,6.34,0.0
20230218:0910,145.83,173.32,26.48,5.88,5.72,0.0
20230218:1010,116.67,143.11,27.91,6.55,5.93,0.0
20230218:1110,99.96,125.51,26.61,7.05,6.14,0.0
20230218:1210,100.12,125.1,22.74,6.34,6.9,0.0
20230218:1310,79.16,102.34,16.75,6.01,6.55,0.0
20230218:1410,36.77,55.29,9.18,5.3,6.28,0.0
20230218:1510,0.0,0.0,0.0,4.61,5.72,0.0
20230218:1610,0.0,0.0,0.0,4.37,5.59,0.0
20230218:1710,0.0,0.0,0.0,4.2,5.38,0.0
20230218:1810,0.0,0.0,0.0,3.88,5.1,0.0
20230218:1910,0.0,0.0,0.0,3.66,4.9,0.0
20230218:2010,0.0,0.0,0.0,3.08,4.34,0.0
20230218:2110,0.0,0.0,0.0,2.4,4.07,0.0
20230218:2210,0.0,0.0,0.0,2.2,3.86,0.0
20230218:2310,0.0,0.0,0.0,2.11,3.72,0.0
20230219:0010,0.0,0.0,0.0,1.93,3.72,0.0
20230219:0110,0.0,0.0,0.0,2.02,3.86,0.0
20230219:0210,0.0,0.0,0.0,2.26,4.0,0.0
20230219:0310,0.0,0.0,0.0,2.07,4.0,0.0
20230219:0410,0.0,0.0,0.0,1.95,4.0,0.0
20230219:0510,0.0,0.0,0.0,1.72,4.07,0.0
20230219:0610,281.53,317.17,9.1,1.96,4.14,0.0
20230219:0710,518.43,566.24,16.74,2.86,3.45,0.0
20230219:0810,339.22,370.62,22.84,3.15,4.9,0.0
20230219:0910,282.19,312.18,26.83,3.46,5.31,0.0
20230219:1010,246.41,275.92,28.27,3.97,5.66,0.0
20230219:1110,218.07,247.08,26.95,4.33,5.24,0.0
20230219:1210,74.39,96.82,23.06,4.39,4.97,0.0
20230219:1310,129.2,154.54,17.05,4.43,4.48,0.0
20230219:1410,88.83,112.83,9.47,4.19,3.79,0.0
20230219:1510,0.0,0.0,0.0,3.38,3.24,0.0
20230219:1610,0.0,0.0,0.0,2.69,3.31,0.0
20230219:1710,0.0,0.0,0.0,1.83,3.38,0.0
20230219:1810,0.0,0.0,0.0,0.99,3.59,0.0
20230219:1910,0.0,0.0,0.0,0.59,4.34,0.0
20230219:2010,0.0,0.0,0.0,0.23,4.21,0.0
20230219:2110,0.0,0.0,0.0,-0.14,4.0,0.0
20230219:2210,0.0,0.0,0.0,-0.55,4.07,0.0
20230219:2310,0.0,0.0,0.0,-0.85,4.21,0.0
20230220:0010,0.0,0.0,0.0,-1.08,4.41,0.0
20230220:0110,0.0,0.0,0.0,-1.26,4.62,0.0
20230220:0210,0.0,0.0,0.0,-1.49,4.76,0.0
20230220:0310,0.0,0.0,0.0,-1.71,4.83,0.0
20230220:0410,0.0,0.0,0.0,-1.78,5.03,0.0
20230220:0510,0.0,0.0,0.0,-1.56,5.1,0.0
20230220:0610,304.21,336.55,9.41,-0.92,4.76,0.0
20230220:0710,559.28,595.79,17.07,0.17,6.07,0.0
20230220:0810,742.94,790.83,23.18,0.81,7.86,0.0
20230220:0910,888.32,961.67,27.19,1.53,7.24,0.0
20230220:1010,891.37,974.03,28.63,1.96,6.28,0.0
20230220:1110,774.51,839.9,27.3,2.64,6.55,0.0
20230220:1210,577.39,621.77,23.39,2.95,6.21,0.0
20230220:1310,98.78,121.9,17.36,2.94,5.17,0.0
20230220:1410,34.07,51.64,9.76,2.67,4.55,0.0
20230220:1510,0.0,0.0,0.0,1.87,4.41,0.0
20230220:1610,0.0,0.0,0.0,1.31,4.48,0.0
20230220:1710,0.0,0.0,0.0,1.2,4.55,0.0
20230220:1810,0.0,0.0,0.0,1.07,4.55,0.0
20230220:1910,0.0,0.0,0.0,0.85,4.62,0.0
20230220:2010,0.0,0.0,0.0,0.98,5.17,0.0
20230220:2110,0.0,0.0,0.0,1.25,5.45,0.0
20230220:2210,0.0,0.0,0.0,1.64,5.79,0.0
20230220:2310,0.0,0.0,0.0,2.97,6.62,0.0
20230221:0010,0.0,0.0,0.0,4.14,6.83,0.0
20230221:0110,0.0,0.0,0.0,4.31,7.1,0.0
20230221:0210,0.0,0.0,0.0,4.7,7.59,0.0
20230221:0310,0.0,0.0,0.0,4.28,7.1,0.0
20230221:0410,0.0,0.0,0.0,3.85,6.62,0.0
20230221:0510,0.0,0.0,0.0,3.68,6.41,0.0
20230221:0610,286.22,322.65,9.72,3.7,6.34,0.0
20230221:0710,149.79,175.35,17.4,4.18,6.55,0.0
20230221:0810,128.35,153.89,23.52,4.51,6.41,0.0
20230221:0910,235.21,265.48,27.55,5.31,6.28,0.0
20230221:1010,54.35,75.31,28.99,6.0,6.21,0.0
20230221:1110,138.5,165.73,27.65,6.05,6.83,0.0
20230221:1210,81.55,104.89,23.73,5.44,6.41,0.0
20230221:1310,408.1,446.31,17.67,5.08,5.52,0.0
20230221:1410,39.44,58.31,10.05,5.22,7.24,0.0
20230221:1510,0.0,0.0,0.0,4.8,6.83,0.0
20230221:1610,0.0,0.0,0.0,3.65,7.38,0.0
20230221:1710,0.0,0.0,0.0,2.84,6.55,0.0
20230221:1810,0.0,0.0,0.0,2.07,6.14,0.0
20230221:1910,0.0,0.0,0.0,2.04,5.93,0.0
20230221:2010,0.0,0.0,0.0,1.63,5.66,0.0
20230221:2110,0.0,0.0,0.0,0.96,5.17,0.0
20230221:2210,0.0,0.0,0.0,0.46,4.69,0.0
20230221:2310,0.0,0.0,0.0,-0.09,4.14,0.0
20230222:0010,0.0,0.0,0.0,-0.55,4.0,0.0
20230222:0110,0.0,0.0,0.0,-1.0,3.52,0.0
20230222:0210,0.0,0.0,0.0,-1.54,3.66,0.0
20230222:0310,0.0,0.0,0.0,-2.05,3.52,0.0
20230222:0410,0.0,0.0,0.0,-2.43,3.31,0.0
20230222:0510,0.0,0.0,0.0,-2.74,2.9,0.0
20230222:0610,37.25,54.21,10.04,-2.79,2.69,0.0
20230222:0710,202.46,224.44,17.73,-2.6,3.31,0.0
20230222:0810,506.54,539.08,23.87,-2.34,3.52,0.0
20230222:0910,728.68,787.06,27.91,-1.95,3.59,0.0
20230222:1010,539.25,577.18,29.35,-1.66,3.52,0.0
20230222:1110,568.83,609.62,28.01,-1.39,3.59,0.0
20230222:1210,324.82,350.25,24.06,-1.35,3.72,0.0
20230222:1310,140.51,162.62,17.98,-1.44,3.72,0.0
20230222:1410,35.43,52.35,10.33,-1.73,3.45,0.0
20230222:1510,0.0,0.0,0.0,-2.06,3.1,0.0
20230222:1610,0.0,0.0,0.0,-2.51,2.83,0.0
20230222:1710,0.0,0.0,0.0,-2.97,2.76,0.0
20230222:1810,0.0,0.0,0.0,-3.4,2.69,0.0
20230222:1910,0.0,0.0,0.0,-3.08,2.14,0.0
20230222:2010,0.0,0.0,0.0,-3.45,2.14,0.0
20230222:2110,0.0,0.0,0.0,-3.98,2.21,0.0
20230222:2210,0.0,0.0,0.0,-4.27,2.34,0.0
20230222:2310,0.0,0.0,0.0,-4.7,2.41,0.0
20230223:0010,0.0,0.0,0.0,-5.16,2.41,0.0
20230223:0110,0.0,0.0,0.0,-5.67,2.48,0.0
20230223:0210,0.0,0.0,0.0,-6.15,2.48,0.0
20230223:0310,0.0,0.0,0.0,-6.63,2.48,0.0
20230223:0410,0.0,0.0,0.0,-7.07,2.34,0.0
20230223:0510,0.0,0.0,0.0,-7.35,2.21,0.0
20230223:0610,325.61,352.78,10.35,-7.1,2.0,0.0
20230223:0710,581.91,621.8,18.06,-5.99,1.59,0.0
20230223:0810,748.24,820.8,24.23,-5.04,1.24,0.0
20230223:0910,853.5,966.0,28.27,-4.01,0.9,0.0
20230223:1010,891.32,1033.11,29.72,-2.92,0.55,0.0
20230223:1110,865.03,1003.17,28.36,-2.08,0.48,0.0
20230223:1210,768.96,879.42,24.39,-1.51,0.34,0.0
20230223:1310,596.53,665.04,18.29,-1.29,0.34,0.0
20230223:1410,349.71,390.36,10.62,-1.42,0.9,0.0
20230223:1510,0.0,2.48,1.91,-2.06,1.31,0.0
20230223:1610,0.0,0.0,0.0,-3.21,1.86,0.0
20230223:1710,0.0,0.0,0.0,-4.09,2.07,0.0
20230223:1810,0.0,0.0,0.0,-4.58,2.34,0.0
20230223:1910,0.0,0.0,0.0,-4.43,2.69,0.0
20230223:2010,0.0,0.0,0.0,-4.21,2.97,0.0
20230223:2110,0.0,0.0,0.0,-3.93,3.1,0.0
20230223:2210,0.0,0.0,0.0,-3.69,3.24,0.0
20230223:2310,0.0,0.0,0.0,-3.42,3.52,0.0
20230224:0010,0.0,0.0,0.0,-3.2,3.72,0.0
20230224:0110,0.0,0.0,0.0,-2.96,3.93,0.0
20230224:0210,0.0,0.0,0.0,-2.44,4.21,0.0
20230224:0310,0.0,0.0,0.0,-2.13,4.48,0.0
20230224:0410,0.0,0.0,0.0,-1.86,4.69,0.0
20230224:0510,0.0,0.83,1.92,-1.76,4.97,0.0
20230224:0610,13.25,26.0,10.68,-1.13,5.17,0.0
20230224:0710,66.83,86.96,18.4,-0.34,4.9,0.0
20230224:0810,59.1,78.89,24.58,0.47,5.31,0.0
20230224:0910,88.1,110.27,28.64,1.61,5.93,0.0
20230224:1010,127.91,152.83,30.09,3.0,5.93,0.0
20230224:1110,80.27,103.1,28.72,4.35,5.79,0.0
20230224:1210,93.34,117.44,24.73,4.96,5.38,0.0
20230224:1310,59.39,80.69,18.6,5.1,4.69,0.0
20230224:1410,127.77,154.74,10.91,4.83,4.41,0.0
20230224:1510,0.0,0.9,2.18,3.94,4.48,0.0
20230224:1610,0.0,0.0,0.0,3.29,4.62,0.0
20230224:1710,0.0,0.0,0.0,3.11,4.69,0.0
20230224:1810,0.0,0.0,0.0,3.02,4.69,0.0
20230224:1910,0.0,0.0,0.0,2.41,4.34,0.0
20230224:2010,0.0,0.0,0.0,2.59,4.41,0.0
20230224:2110,0.0,0.0,0.0,2.67,4.48,0.0
20230224:2210,0.0,0.0,0.0,2.78,4.34,0.0
20230224:2310,0.0,0.0,0.0,2.84,4.21,0.0
20230225:0010,0.0,0.0,0.0,2.63,4.0,0.0
20230225:0110,0.0,0.0,0.0,2.28,3.72,0.0
20230225:0210,0.0,0.0,0.0,1.8,3.66,0.0
20230225:0310,0.0,0.0,0.0,1.57,3.66,0.0
20230225:0410,0.0,0.0,0.0,1.36,3.66,0.0
20230225:0510,0.0,2.48,2.23,1.38,3.79,0.0
20230225:0610,36.96,54.83,11.0,2.02,4.07,0.0
20230225:0710,105.98,129.73,18.74,3.29,5.17,0.0
20230225:0810,139.22,165.55,24.94,4.73,5.72,0.0
20230225:0910,357.88,396.18,29.01,6.37,5.38,0.0
20230225:1010,815.5,919.75,30.46,8.03,5.24,0.0
20230225:1110,428.68,478.69,29.08,9.43,5.31,0.0
20230225:1210,75.5,100.41,25.06,10.43,5.38,0.0
20230225:1310,82.24,107.99,18.91,10.91,5.03,0.0
20230225:1410,42.38,63.07,11.2,10.8,4.76,0.0
20230225:1510,0.0,1.79,2.45,9.83,4.41,0.0
20230225:1610,0.0,0.0,0.0,8.44,4.21,0.0
20230225:1710,0.0,0.0,0.0,7.07,4.28,0.0
20230225:1810,0.0,0.0,0.0,5.14,4.83,0.0
20230225:1910,0.0,0.0,0.0,3.79,4.07,0.0
20230225:2010,0.0,0.0,0.0,2.9,3.03,0.0
20230225:2110,0.0,0.0,0.0,2.47,3.17,0.0
20230225:2210,0.0,0.0,0.0,2.15,3.31,0.0
20230225:2310,0.0,0.0,0.0,1.68,3.17,0.0
20230226:0010,0.0,0.0,0.0,1.2,3.31,0.0
20230226:0110,0.0,0.0,0.0,0.73,3.59,0.0
20230226:0210,0.0,0.0,0.0,0.6,3.52,0.0
20230226:0310,0.0,0.0,0.0,0.64,3.52,0.0
20230226:0410,0.0,0.0,0.0,0.64,3.45,0.0
20230226:0510,0.0,2.48,2.55,0.72,3.45,0.0
20230226:0610,24.63,40.34,11.33,1.33,3.24,0.0
20230226:0710,54.48,74.41,19.09,2.02,3.17,0.0
20230226:0810,118.92,143.52,25.3,2.86,4.14,0.0
20230226:0910,291.44,323.76,29.38,3.61,3.79,0.0
20230226:1010,389.4,429.22,30.83,4.31,3.59,0.0
20230226:1110,249.77,282.07,29.44,4.8,3.45,0.0
20230226:1210,221.01,251.84,25.4,5.09,3.31,0.0
20230226:1310,162.76,190.63,19.22,5.05,2.97,0.0
20230226:1410,90.24,114.75,11.49,4.97,2.28,0.0
20230226:1510,0.0,2.69,2.72,4.36,1.66,0.0
20230226:1610,0.0,0.0,0.0,3.55,1.66,0.0
20230226:1710,0.0,0.0,0.0,2.82,1.72,0.0
20230226:1810,0.0,0.0,0.0,2.14,1.79,0.0
20230226:1910,0.0,0.0,0.0,1.8,1.79,0.0
20230226:2010,0.0,0.0,0.0,1.59,1.79,0.0
20230226:2110,0.0,0.0,0.0,1.51,2.07,0.0
20230226:2210,0.0,0.0,0.0,1.27,2.41,0.0
20230226:2310,0.0,0.0,0.0,0.78,2.55,0.0
20230227:0010,0.0,0.0,0.0,0.32,2.69,0.0
20230227:0110,0.0,0.0,0.0,-0.15,2.55,0.0
20230227:0210,0.0,0.0,0.0,-0.56,2.41,0.0
20230227:0310,0.0,0.0,0.0,-0.72,2.28,0.0
20230227:0410,0.0,0.0,0.0,-0.94,2.41,0.0
20230227:0510,0.0,1.65,2.87,-1.18,2.62,0.0
20230227:0610,4.26,13.45,11.66,-1.16,2.9,0.0
20230227:0710,30.3,46.62,19.44,-1.0,3.1,0.0
20230227:0810,51.85,70.83,25.67,-0.37,3.79,0.0
20230227:0910,268.16,295.61,29.76,0.45,3.59,0.0
20230227:1010,264.42,292.92,31.21,0.96,3.24,0.0
20230227:1110,241.19,269.25,29.8,1.36,3.24,0.0
20230227:1210,116.06,139.85,25.74,1.47,3.31,0.0
20230227:1310,165.77,190.64,19.54,1.28,3.31,0.0
20230227:1410,39.39,57.36,11.78,0.94,3.31,0.0
20230227:1510,0.0,3.59,3.0,0.42,3.03,0.0
20230227:1610,0.0,0.0,0.0,-0.24,2.69,0.0
20230227:1710,0.0,0.0,0.0,-0.73,2.69,0.0
20230227:1810,0.0,0.0,0.0,-1.01,2.48,0.0
20230227:1910,0.0,0.0,0.0,-1.33,2.55,0.0
20230227:2010,0.0,0.0,0.0,-1.39,2.97,0.0
20230227:2110,0.0,0.0,0.0,-1.53,3.03,0.0
20230227:2210,0.0,0.0,0.0,-1.65,2.48,0.0
20230227:2310,0.0,0.0,0.0,-1.74,2.48,0.0
20230228:0010,0.0,0.0,0.0,-1.89,2.34,0.0
20230228:0110,0.0,0.0,0.0,-2.04,2.34,0.0
20230228:0210,0.0,0.0,0.0,-2.19,2.28,0.0
20230228:0310,0.0,0.0,0.0,-2.35,2.14,0.0
20230228:0410,0.0,0.0,0.0,-2.44,2.34,0.0
20230228:0510,0.13,5.79,3.19,-2.48,2.41,0.0
20230228:0610,59.73,78.92,12.0,-2.38,2.55,0.0
20230228:0710,103.74,125.12,19.79,-1.86,3.1,0.0
20230228:0810,228.42,252.48,26.03,-1.55,3.31,0.0
20230228:0910,377.57,406.36,30.14,-1.38,3.38,0.0
20230228:1010,751.65,822.49,31.58,-0.71,3.24,0.0
20230228:1110,851.61,943.34,30.16,-0.05,3.31,0.0
20230228:1210,773.46,847.21,26.08,0.32,3.59,0.0
20230228:1310,585.96,632.39,19.85,0.34,3.86,0.0
20230228:1410,333.51,369.14,12.07,0.33,3.86,0.0
20230228:1510,1.61,8.97,3.27,0.13,3.17,0.0
20230228:1610,0.0,0.0,0.0,-0.88,2.62,0.0
20230228:1710,0.0,0.0,0.0,-1.83,2.69,0.0
20230228:1810,0.0,0.0,0.0,-2.28,2.9,0.0
20230228:1910,0.0,0.0,0.0,-2.06,3.38,0.0
20230228:2010,0.0,0.0,0.0,-2.13,3.66,0.0
20230228:2110,0.0,0.0,0.0,-2.24,3.86,0.0
20230228:2210,0.0,0.0,0.0,-2.34,4.0,0.0
20230228:2310,0.0,0.0,0.0,-2.45,4.07,0.0
20230301:0010,0.0,0.0,0.0,-2.54,4.0,0.0
20230301:0110,0.0,0.0,0.0,-2.4,4.0,0.0
20230301:0210,0.0,0.0,0.0,-2.25,4.07,0.0
20230301:0310,0.0,0.0,0.0,-2.05,4.21,0.0
20230301:0410,0.0,0.0,0.0,-1.91,4.34,0.0
20230301:0510,0.13,5.79,3.52,-1.65,4.41,0.0
20230301:0610,48.52,67.03,12.33,-1.03,3.93,0.0
20230301:0710,115.92,138.35,20.14,-0.17,4.21,0.0
20230301:0810,155.17,179.28,26.4,0.39,4.41,0.0
20230301:0910,348.28,377.54,30.52,1.24,5.45,0.0
20230301:1010,194.11,220.88,31.96,2.07,4.9,0.0
20230301:1110,161.29,187.48,30.53,2.68,4.9,0.0
20230301:1210,47.89,67.24,26.42,2.64,4.34,0.0
20230301:1310,40.65,59.17,20.16,2.9,4.55,0.0
20230301:1410,15.04,28.69,12.35,2.71,3.24,0.0
20230301:1510,0.7,7.17,3.54,1.99,2.76,0.0
20230301:1610,0.0,0.0,0.0,0.83,2.41,0.0
20230301:1710,0.0,0.0,0.0,-0.17,2.21,0.0
20230301:1810,0.0,0.0,0.0,-0.66,2.14,0.0
20230301:1910,0.0,0.0,0.0,-0.61,2.14,0.0
20230301:2010,0.0,0.0,0.0,-0.7,2.21,0.0
20230301:2110,0.0,0.0,0.0,-0.89,2.41,0.0
20230301:2210,0.0,0.0,0.0,-1.0,2.55,0.0
20230301:2310,0.0,0.0,0.0,-1.31,2.69,0.0
20230302:0010,0.0,0.0,0.0,-1.7,2.83,0.0
20230302:0110,0.0,0.0,0.0,-1.6,2.97,0.0
20230302:0210,0.0,0.0,0.0,-1.46,3.24,0.0
20230302:0310,0.0,0.0,0.0,-1.16,3.38,0.0
20230302:0410,0.0,0.0,0.0,-1.33,3.45,0.0
20230302:0510,4.13,13.23,3.85,-1.43,3.38,0.0
20230302:0610,332.13,366.71,12.67,-0.77,3.1,0.0
20230302:0710,567.19,613.26,20.5,0.96,3.86,0.0
20230302:0810,734.31,806.71,26.78,2.37,3.93,0.0
20230302:0910,833.97,934.08,30.9,3.36,3.66,0.0
20230302:1010,881.29,998.14,32.34,4.28,3.66,0.0
20230302:1110,810.52,912.55,30.89,4.9,3.66,0.0
20230302:1210,656.12,728.17,26.76,5.19,3.66,0.0
20230302:1310,497.17,548.11,20.47,5.25,3.66,0.0
20230302:1410,311.28,353.24,12.64,4.96,3.17,0.0
20230302:1510,4.13,13.45,3.81,3.82,2.41,0.0
20230302:1610,0.0,0.0,0.0,2.18,2.34,0.0
20230302:1710,0.0,0.0,0.0,1.43,2.21,0.0
20230302:1810,0.0,0.0,0.0,0.89,2.21,0.0
20230302:1910,0.0,0.0,0.0,0.31,2.41,0.0
20230302:2010,0.0,0.0,0.0,0.09,2.34,0.0
20230302:2110,0.0,0.0,0.0,0.06,2.21,0.0
20230302:2210,0.0,0.0,0.0,0.2,2.14,0.0
20230302:2310,0.0,0.0,0.0,0.18,2.07,0.0
20230303:0010,0.0,0.0,0.0,0.41,2.07,0.0
20230303:0110,0.0,0.0,0.0,0.38,2.28,0.0
20230303:0210,0.0,0.0,0.0,0.49,2.34,0.0
20230303:0310,0.0,0.0,0.0,0.02,2.28,0.0
20230303:0410,0.0,0.0,0.0,-0.07,2.34,0.0
20230303:0510,0.0,2.48,4.18,-0.17,2.41,0.0
20230303:0610,33.99,51.1,13.02,0.22,2.28,0.0
20230303:0710,118.74,142.37,20.86,1.48,3.59,0.0
20230303:0810,135.26,160.15,27.15,1.93,3.38,0.0
20230303:0910,185.54,213.04,31.29,2.55,3.45,0.0
20230303:1010,316.22,349.85,32.73,3.31,3.66,0.0
20230303:1110,295.62,328.6,31.26,3.89,3.93,0.0
20230303:1210,149.96,176.64,27.1,3.94,4.07,0.0
20230303:1310,50.86,70.83,20.79,3.62,3.86,0.0
20230303:1410,15.67,29.59,12.93,3.52,4.28,0.0
20230303:1510,0.0,3.59,4.08,3.2,3.72,0.0
20230303:1610,0.0,0.0,0.0,2.52,3.52,0.0
20230303:1710,0.0,0.0,0.0,2.1,3.59,0.0
20230303:1810,0.0,0.0,0.0,1.86,3.72,0.0
20230303:1910,0.0,0.0,0.0,2.06,3.86,0.0
20230303:2010,0.0,0.0,0.0,1.47,3.72,0.0
20230303:2110,0.0,0.0,0.0,0.94,3.52,0.0
20230303:2210,0.0,0.0,0.0,0.39,3.31,0.0
20230303:2310,0.0,0.0,0.0,-0.21,3.17,0.0
20230304:0010,0.0,0.0,0.0,-0.47,3.24,0.0
20230304:0110,0.0,0.0,0.0,-0.68,3.24,0.0
20230304:0210,0.0,0.0,0.0,-0.74,3.52,0.0
20230304:0310,0.0,0.0,0.0,-0.65,3.66,0.0
20230304:0410,0.0,0.0,0.0,-0.49,3.93,0.0
20230304:0510,0.0,3.31,4.51,-0.19,4.34,0.0
20230304:0610,54.53,73.88,13.36,0.17,4.9,0.0
20230304:0710,189.95,214.63,21.22,0.89,4.76,0.0
20230304:0810,355.3,384.61,27.53,1.63,5.79,0.0
20230304:0910,269.1,297.37,31.67,2.27,6.07,0.0
20230304:1010,149.76,175.38,33.11,2.7,6.21,0.0
20230304:1110,615.87,664.41,31.63,2.9,6.48,0.0
20230304:1210,223.69,250.7,27.44,2.76,6.69,0.0
20230304:1310,61.14,81.58,21.1,2.11,6.21,0.0
20230304:1410,31.48,48.41,13.22,1.69,5.86,0.0
20230304:1510,0.0,5.38,4.36,1.39,5.79,0.0
20230304:1610,0.0,0.0,0.0,1.25,5.38,0.0
20230304:1710,0.0,0.0,0.0,0.99,5.31,0.0
20230304:1810,0.0,0.0,0.0,0.41,5.38,0.0
20230304:1910,0.0,0.0,0.0,0.87,5.59,0.0
20230304:2010,0.0,0.0,0.0,0.98,5.86,0.0
20230304:2110,0.0,0.0,0.0,0.81,6.0,0.0
20230304:2210,0.0,0.0,0.0,0.03,5.86,0.0
20230304:2310,0.0,0.0,0.0,-0.73,5.1,0.0
20230305:0010,0.0,0.0,0.0,-1.41,5.1,0.0
20230305:0110,0.0,0.0,0.0,-2.12,5.03,0.0
20230305:0210,0.0,0.0,0.0,-2.6,5.03,0.0
20230305:0310,0.0,0.0,0.0,-2.88,5.03,0.0
20230305:0410,0.0,0.0,0.0,-3.08,5.03,0.0
20230305:0510,0.13,5.79,4.85,-3.17,4.97,0.0
20230305:0610,226.94,251.56,13.71,-2.6,4.83,0.0
20230305:0710,595.01,630.97,21.58,-1.61,5.38,0.0
20230305:0810,534.35,565.69,27.91,-0.6,6.69,0.0
20230305:0910,868.55,940.46,32.06,0.24,6.14,0.0
20230305:1010,890.14,973.75,33.5,1.18,5.72,0.0
20230305:1110,649.0,701.27,31.99,1.86,5.52,0.0
20230305:1210,369.26,400.91,27.78,2.07,5.03,0.0
20230305:1310,103.51,126.72,21.41,1.98,4.41,0.0
20230305:1410,58.62,78.88,13.51,1.78,3.72,0.0
20230305:1510,1.6,8.97,4.63,1.07,2.69,0.0
20230305:1610,0.0,0.0,0.0,-0.11,2.14,0.0
20230305:1710,0.0,0.0,0.0,-0.79,2.0,0.0
20230305:1810,0.0,0.0,0.0,-1.51,2.0,0.0
20230305:1910,0.0,0.0,0.0,-2.18,2.28,0.0
20230305:2010,0.0,0.0,0.0,-2.72,2.34,0.0
20230305:2110,0.0,0.0,0.0,-3.02,2.34,0.0
20230305:2210,0.0,0.0,0.0,-3.32,2.41,0.0
20230305:2310,0.0,0.0,0.0,-3.41,2.62,0.0
20230306:0010,0.0,0.0,0.0,-2.94,2.76,0.0
20230306:0110,0.0,0.0,0.0,-2.21,2.62,0.0
20230306:0210,0.0,0.0,0.0,-1.9,2.07,0.0
20230306:0310,0.0,0.0,0.0,-1.93,2.07,0.0
20230306:0410,0.0,0.0,0.0,-1.65,2.34,0.0
20230306:0510,1.64,8.97,5.19,-1.7,2.76,0.0
20230306:0610,63.49,83.21,14.06,-1.27,3.1,0.0
20230306:0710,265.99,291.27,21.95,-0.42,4.0,0.0
20230306:0810,411.17,443.83,28.29,0.41,3.79,0.0
20230306:0910,396.65,431.15,32.45,1.2,3.59,0.0
20230306:1010,444.05,484.2,33.89,1.95,3.38,0.0
20230306:1110,706.04,778.45,32.36,2.31,3.52,0.0
20230306:1210,679.88,747.33,28.12,2.73,3.66,0.0
20230306:1310,543.19,594.34,21.72,2.71,3.24,0.0
20230306:1410,142.83,169.48,13.8,2.23,1.86,0.0
20230306:1510,7.75,18.83,4.9,1.95,1.17,0.0
20230306:1610,0.0,0.0,0.0,0.6,1.72,0.0
20230306:1710,0.0,0.0,0.0,-1.2,1.86,0.0
20230306:1810,0.0,0.0,0.0,-2.09,2.0,0.0
20230306:1910,0.0,0.0,0.0,-2.1,1.86,0.0
20230306:2010,0.0,0.0,0.0,-1.33,2.0,0.0
20230306:2110,0.0,0.0,0.0,-0.94,2.28,0.0
20230306:2210,0.0,0.0,0.0,-0.85,2.55,0.0
20230306:2310,0.0,0.0,0.0,-0.91,2.76,0.0
20230307:0010,0.0,0.0,0.0,-0.88,2.9,0.0
20230307:0110,0.0,0.0,0.0,-0.91,2.83,0.0
20230307:0210,0.0,0.0,0.0,-0.98,2.9,0.0
20230307:0310,0.0,0.0,0.0,-1.01,3.03,0.0
20230307:0410,0.0,0.0,0.0,-0.65,3.1,0.0
20230307:0510,1.15,8.07,5.53,-0.02,3.1,0.0
20230307:0610,13.1,26.0,14.41,0.79,3.17,0.0
20230307:0710,80.38,102.2,22.32,1.23,2.69,0.0
20230307:0810,166.18,192.51,28.67,2.17,3.38,0.0
20230307:0910,191.15,219.47,32.85,3.33,3.93,0.0
20230307:1010,492.99,543.12,34.27,4.59,3.66,0.0
20230307:1110,149.59,177.99,32.73,5.46,3.24,0.0
20230307:1210,217.12,248.91,28.46,5.6,2.97,0.0
20230307:1310,54.3,75.31,22.03,5.6,2.55,0.0
20230307:1410,86.09,110.39,14.08,5.51,2.07,0.0
20230307:1510,6.41,17.03,5.17,4.63,1.31,0.0
20230307:1610,0.0,0.0,0.0,2.9,0.83,0.0
20230307:1710,0.0,0.0,0.0,1.51,1.1,0.0
20230307:1810,0.0,0.0,0.0,-1.51,1.86,0.0
20230307:1910,0.0,0.0,0.0,-1.65,1.79,0.0
20230307:2010,0.0,0.0,0.0,-1.76,2.0,0.0
20230307:2110,0.0,0.0,0.0,-1.72,2.14,0.0
20230307:2210,0.0,0.0,0.0,-1.47,2.34,0.0
20230307:2310,0.0,0.0,0.0,-1.25,2.62,0.0
20230308:0010,0.0,0.0,0.0,-0.51,2.83,0.0
20230308:0110,0.0,0.0,0.0,-0.2,3.1,0.0
20230308:0210,0.0,0.0,0.0,0.19,3.24,0.0
20230308:0310,0.0,0.0,0.0,0.46,3.38,0.0
20230308:0410,0.0,0.0,0.0,0.45,3.52,0.0
20230308:0510,0.0,5.38,5.87,0.5,3.59,0.0
20230308:0610,141.34,166.69,14.77,1.61,3.59,0.0
20230308:0710,128.83,154.2,22.69,3.49,3.52,0.0
20230308:0810,362.61,401.59,29.06,5.51,4.0,0.0
20230308:0910,263.93,299.54,33.24,6.97,4.14,0.0
20230308:1010,120.84,148.82,34.66,8.09,4.41,0.0
20230308:1110,134.85,164.26,33.1,8.8,4.76,0.0
20230308:1210,479.43,534.52,28.8,9.53,5.45,0.0
20230308:1310,468.26,523.18,22.35,9.75,5.24,0.0
20230308:1410,321.53,370.84,14.37,9.43,3.79,0.0
20230308:1510,15.32,30.58,5.44,8.48,3.31,0.0
20230308:1610,0.0,0.0,0.0,6.38,2.97,0.0
20230308:1710,0.0,0.0,0.0,4.88,2.55,0.0
20230308:1810,0.0,0.0,0.0,3.33,2.28,0.0
20230308:1910,0.0,0.0,0.0,1.6,2.0,0.0
20230308:2010,0.0,0.0,0.0,0.06,1.93,0.0
20230308:2110,0.0,0.0,0.0,-0.52,1.66,0.0
20230308:2210,0.0,0.0,0.0,-0.76,1.72,0.0
20230308:2310,0.0,0.0,0.0,-0.47,2.0,0.0
20230309:0010,0.0,0.0,0.0,0.34,2.48,0.0
20230309:0110,0.0,0.0,0.0,1.12,3.03,0.0
20230309:0210,0.0,0.0,0.0,1.42,3.45,0.0
20230309:0310,0.0,0.0,0.0,1.53,3.66,0.0
20230309:0410,0.0,0.0,0.0,1.8,3.59,0.0
20230309:0510,8.36,19.72,6.22,2.46,3.79,0.0
20230309:0610,68.59,90.37,15.13,3.8,4.21,0.0
20230309:0710,291.67,325.78,23.06,5.92,4.69,0.0
20230309:0810,336.13,377.06,29.45,7.6,3.86,0.0
20230309:0910,420.5,472.79,33.64,9.38,4.07,0.0
20230309:1010,286.34,329.76,35.05,11.26,4.07,0.0
20230309:1110,157.59,191.81,33.47,12.71,4.55,0.0
20230309:1210,131.62,163.85,29.15,13.24,4.07,0.0
20230309:1310,85.93,113.22,22.66,12.81,3.31,0.0
20230309:1410,21.86,38.55,14.66,12.18,3.45,0.0
20230309:1510,1.92,9.86,5.71,11.18,3.38,0.0
20230309:1610,0.0,0.0,0.0,9.97,3.31,0.0
20230309:1710,0.0,0.0,0.0,9.35,3.1,0.0
20230309:1810,0.0,0.0,0.0,8.47,2.76,0.0
20230309:1910,0.0,0.0,0.0,6.76,0.83,0.0
20230309:2010,0.0,0.0,0.0,6.03,1.38,0.0
20230309:2110,0.0,0.0,0.0,5.14,2.0,0.0
20230309:2210,0.0,0.0,0.0,3.69,3.03,0.0
20230309:2310,0.0,0.0,0.0,1.98,3.66,0.0
20230310:0010,0.0,0.0,0.0,0.56,3.79,0.0
20230310:0110,0.0,0.0,0.0,-0.22,3.59,0.0
20230310:0210,0.0,0.0,0.0,-0.51,3.24,0.0
20230310:0310,0.0,0.0,0.0,-0.62,3.03,0.0
20230310:0410,0.0,0.0,0.0,-0.72,2.76,0.0
20230310:0510,3.69,12.55,6.56,-0.83,2.34,0.0
20230310:0610,199.38,226.29,15.48,-0.57,2.0,0.0
20230310:0710,297.38,328.46,23.43,0.37,1.24,0.0
20230310:0810,158.53,185.14,29.83,1.47,1.1,0.0
20230310:0910,438.46,487.86,34.03,2.77,1.1,0.0
20230310:1010,263.02,297.54,35.45,3.81,1.59,0.0
20230310:1110,279.6,315.01,33.84,4.92,2.62,0.0
20230310:1210,222.68,254.67,29.49,5.73,3.45,0.0
20230310:1310,552.52,613.98,22.97,6.64,3.72,0.0
20230310:1410,340.5,388.5,14.94,7.21,3.59,0.0
20230310:1510,76.47,113.62,5.98,6.88,2.76,0.0
20230310:1610,0.0,0.0,0.0,5.69,2.97,0.0
20230310:1710,0.0,0.0,0.0,5.11,3.59,0.0
20230310:1810,0.0,0.0,0.0,4.81,4.07,0.0
20230310:1910,0.0,0.0,0.0,3.4,4.21,0.0
20230310:2010,0.0,0.0,0.0,3.39,4.28,0.0
20230310:2110,0.0,0.0,0.0,3.53,4.34,0.0
20230310:2210,0.0,0.0,0.0,3.71,4.34,0.0
20230310:2310,0.0,0.0,0.0,3.91,4.14,0.0
20230311:0010,0.0,0.0,0.0,3.83,4.0,0.0
20230311:0110,0.0,0.0,0.0,3.68,4.0,0.0
20230311:0210,0.0,0.0,0.0,3.55,4.07,0.0
20230311:0310,0.0,0.0,0.0,3.53,4.28,0.0
20230311:0410,0.0,0.0,0.0,3.6,4.34,0.0
20230311:0510,4.69,14.34,6.91,3.81,4.34,0.0
20230311:0610,7.02,17.93,15.84,4.72,4.41,0.0
20230311:0710,40.97,60.07,23.81,5.13,4.07,0.0
20230311:0810,46.33,66.34,30.22,5.87,4.0,0.0
20230311:0910,27.73,44.83,34.43,6.31,4.48,0.0
20230311:1010,62.23,84.27,35.84,6.67,6.14,0.0
20230311:1110,53.31,74.41,34.22,6.69,4.69,0.0
20230311:1210,36.75,55.58,29.83,6.91,4.34,0.0
20230311:1310,14.69,28.69,23.28,7.13,3.93,0.0
20230311:1410,22.41,38.55,15.23,7.43,3.45,0.0
20230311:1510,47.22,73.86,6.25,7.71,3.1,0.0
20230311:1610,0.0,0.0,0.0,7.78,2.62,0.0
20230311:1710,0.0,0.0,0.0,7.81,2.34,0.0
20230311:1810,0.0,0.0,0.0,7.77,1.86,0.0
20230311:1910,0.0,0.0,0.0,7.6,1.38,0.0
20230311:2010,0.0,0.0,0.0,7.4,1.72,0.0
20230311:2110,0.0,0.0,0.0,7.49,2.69,0.0
20230311:2210,0.0,0.0,0.0,7.43,3.79,0.0
20230311:2310,0.0,0.0,0.0,6.81,4.14,0.0
20230312:0010,0.0,0.0,0.0,5.99,4.69,0.0
20230312:0110,0.0,0.0,0.0,4.66,6.07,0.0
20230312:0210,0.0,0.0,0.0,1.82,6.83,0.0
20230312:0310,0.0,0.0,0.0,0.11,6.28,0.0
20230312:0410,0.0,0.0,0.0,-0.57,6.0,0.0
20230312:0510,0.33,6.28,7.26,-0.92,5.66,0.0
20230312:0610,45.5,63.65,16.2,-0.88,6.48,0.0
20230312:0710,97.06,118.51,24.18,-0.57,7.59,0.0
20230312:0810,83.04,104.0,30.61,-0.35,7.59,0.0
20230312:0910,422.49,451.36,34.83,0.63,7.93,0.0
20230312:1010,647.89,693.39,36.23,1.77,7.79,0.0
20230312:1110,818.16,886.3,34.59,2.72,7.52,0.0
20230312:1210,440.71,475.6,30.17,3.15,7.1,0.0
20230312:1310,29.7,46.62,23.59,3.34,6.76,0.0
20230312:1410,259.05,291.0,15.51,2.76,5.72,0.0
20230312:1510,0.0,5.38,6.51,2.55,6.0,0.0
20230312:1610,0.0,0.0,0.0,1.41,5.45,0.0
20230312:1710,0.0,0.0,0.0,0.78,5.52,0.0
20230312:1810,0.0,0.0,0.0,0.34,5.38,0.0
20230312:1910,0.0,0.0,0.0,-0.03,5.17,0.0
20230312:2010,0.0,0.0,0.0,-0.36,4.9,0.0
20230312:2110,0.0,0.0,0.0,-0.66,4.48,0.0
20230312:2210,0.0,0.0,0.0,-1.01,4.21,0.0
20230312:2310,0.0,0.0,0.0,-1.35,3.93,0.0
20230313:0010,0.0,0.0,0.0,-1.69,3.66,0.0
20230313:0110,0.0,0.0,0.0,-2.04,3.31,0.0
20230313:0210,0.0,0.0,0.0,-2.35,2.97,0.0
20230313:0310,0.0,0.0,0.0,-2.6,2.48,0.0
20230313:0410,0.0,0.0,0.0,-2.89,2.28,0.0
20230313:0510,117.3,154.63,7.61,-2.77,2.48,0.0
20230313:0610,312.44,344.56,16.57,-0.98,2.41,0.0
20230313:0710,530.34,576.23,24.56,0.97,3.03,0.0
20230313:0810,444.79,486.29,31.01,2.96,3.52,0.0
20230313:0910,404.78,446.26,35.23,4.44,3.86,0.0
20230313:1010,669.25,744.49,36.63,5.48,4.14,0.0
20230313:1110,712.32,795.59,34.96,6.47,4.55,0.0
20230313:1210,476.69,526.41,30.51,7.25,5.45,0.0
20230313:1310,209.59,241.29,23.89,7.18,4.97,0.0
20230313:1410,99.89,125.57,15.79,6.54,3.79,0.0
20230313:1510,15.56,30.08,6.78,6.03,3.59,0.0
20230313:1610,0.0,0.0,0.0,5.27,3.45,0.0
20230313:1710,0.0,0.0,0.0,4.9,3.79,0.0
20230313:1810,0.0,0.0,0.0,4.82,4.14,0.0
20230313:1910,0.0,0.0,0.0,4.18,4.28,0.0
20230313:2010,0.0,0.0,0.0,4.0,4.41,0.0
20230313:2110,0.0,0.0,0.0,3.83,4.48,0.0
20230313:2210,0.0,0.0,0.0,3.71,4.62,0.0
20230313:2310,0.0,0.0,0.0,3.68,4.69,0.0
20230314:0010,0.0,0.0,0.0,3.59,4.69,0.0
20230314:0110,0.0,0.0,0.0,3.23,4.62,0.0
20230314:0210,0.0,0.0,0.0,3.03,4.76,0.0
20230314:0310,0.0,0.0,0.0,2.85,4.97,0.0
20230314:0410,0.0,0.0,0.0,2.41,5.03,0.0
20230314:0510,121.2,161.65,7.97,2.17,5.17,0.0
20230314:0610,75.4,97.45,16.93,3.17,4.69,0.0
20230314:0710,547.17,597.2,24.94,5.2,5.72,0.0
20230314:0810,759.19,839.47,31.4,6.94,6.48,0.0
20230314:0910,854.53,960.12,35.63,8.66,6.69,0.0
20230314:1010,885.41,1005.18,37.02,10.15,6.76,0.0
20230314:1110,859.56,977.61,35.33,11.2,6.83,0.0
20230314:1210,720.82,812.13,30.85,11.73,6.9,0.0
20230314:1310,506.97,568.81,24.2,11.87,6.69,0.0
20230314:1410,307.22,355.64,16.08,11.49,6.07,0.0
20230314:1510,76.45,113.56,7.05,10.6,6.0,0.0
20230314:1610,0.0,0.0,0.0,9.4,6.07,0.0
20230314:1710,0.0,0.0,0.0,8.48,6.21,0.0
20230314:1810,0.0,0.0,0.0,7.73,6.21,0.0
20230314:1910,0.0,0.0,0.0,6.95,5.86,0.0
20230314:2010,0.0,0.0,0.0,6.26,5.72,0.0
20230314:2110,0.0,0.0,0.0,5.58,5.45,0.0
20230314:2210,0.0,0.0,0.0,4.95,5.31,0.0
20230314:2310,0.0,0.0,0.0,4.35,5.03,0.0
20230315:0010,0.0,0.0,0.0,3.75,4.76,0.0
20230315:0110,0.0,0.0,0.0,3.18,4.41,0.0
20230315:0210,0.0,0.0,0.0,2.57,4.07,0.0
20230315:0310,0.0,0.0,0.0,1.96,3.86,0.0
20230315:0410,0.0,0.0,0.0,1.42,3.72,0.0
20230315:0510,54.29,77.46,8.32,1.26,3.59,0.0
20230315:0610,244.77,275.53,17.29,2.25,3.66,0.0
20230315:0710,600.44,659.18,25.32,4.14,4.07,0.0
20230315:0810,760.77,854.97,31.79,5.99,3.79,0.0
20230315:0910,853.4,981.74,36.03,7.89,3.66,0.0
20230315:1010,890.39,1033.14,37.41,9.48,4.07,0.0
20230315:1110,842.7,972.28,35.7,10.49,4.48,0.0
20230315:1210,688.06,785.34,31.19,11.12,4.21,0.0
20230315:1310,572.34,652.96,24.51,11.45,3.52,0.0
20230315:1410,351.1,408.67,16.36,11.2,3.1,0.0
20230315:1510,92.36,134.9,7.31,10.15,3.1,0.0
20230315:1610,0.0,0.0,0.0,8.62,3.17,0.0
20230315:1710,0.0,0.0,0.0,7.11,3.1,0.0
20230315:1810,0.0,0.0,0.0,5.97,2.97,0.0
20230315:1910,0.0,0.0,0.0,5.83,2.83,0.0
20230315:2010,0.0,0.0,0.0,5.59,2.62,0.0
20230315:2110,0.0,0.0,0.0,5.29,2.48,0.0
20230315:2210,0.0,0.0,0.0,5.08,2.34,0.0
20230315:2310,0.0,0.0,0.0,4.84,2.14,0.0
20230316:0010,0.0,0.0,0.0,4.54,1.93,0.0
20230316:0110,0.0,0.0,0.0,4.16,1.72,0.0
20230316:0210,0.0,0.0,0.0,3.81,1.52,0.0
20230316:0310,0.0,0.0,0.0,3.41,1.52,0.0
20230316:0410,0.0,0.0,0.0,3.18,1.79,0.0
20230316:0510,3.07,11.65,8.68,2.93,2.28,0.0
20230316:0610,28.19,44.83,17.66,2.88,2.69,0.0
20230316:0710,52.54,72.62,25.7,3.1,2.55,0.0
20230316:0810,82.9,105.79,32.19,3.4,2.9,0.0
20230316:0910,76.89,99.51,36.43,3.94,3.03,0.0
20230316:1010,70.97,93.24,37.81,4.32,2.97,0.0
20230316:1110,75.88,98.62,36.07,4.47,3.17,0.0
20230316:1210,33.24,51.1,31.52,4.87,3.59,0.0
20230316:1310,79.05,102.2,24.81,5.0,3.79,0.0
20230316:1410,72.01,94.57,16.64,4.95,3.72,0.0
20230316:1510,2.51,10.76,7.58,4.77,4.14,0.0
20230316:1610,0.0,0.0,0.0,4.37,4.41,0.0
20230316:1710,0.0,0.0,0.0,3.96,4.48,0.0
20230316:1810,0.0,0.0,0.0,3.56,4.48,0.0
20230316:1910,0.0,0.0,0.0,2.41,4.34,0.0
20230316:2010,0.0,0.0,0.0,2.12,4.41,0.0
20230316:2110,0.0,0.0,0.0,1.91,4.41,0.0
20230316:2210,0.0,0.0,0.0,1.79,4.28,0.0
20230316:2310,0.0,0.0,0.0,1.65,4.14,0.0
20230317:0010,0.0,0.0,0.0,1.57,4.21,0.0
20230317:0110,0.0,0.0,0.0,1.52,4.41,0.0
20230317:0210,0.0,0.0,0.0,1.45,4.55,0.0
20230317:0310,0.0,0.0,0.0,1.31,4.48,0.0
20230317:0410,0.0,0.0,0.0,0.97,4.41,0.0
20230317:0510,5.36,15.24,9.03,0.94,4.14,0.0
20230317:0610,38.61,56.48,18.03,1.15,4.55,0.0
20230317:0710,81.95,104.0,26.08,2.05,5.1,0.0
20230317:0810,106.15,130.0,32.58,2.7,4.76,0.0
20230317:0910,100.8,124.62,36.84,3.2,4.55,0.0
20230317:1010,85.42,108.48,38.2,3.78,4.62,0.0
20230317:1110,72.85,95.03,36.44,3.98,4.34,0.0
20230317:1210,53.19,73.51,31.86,4.03,4.34,0.0
20230317:1310,44.31,63.65,25.12,4.34,4.41,0.0
20230317:1410,25.71,42.14,16.92,4.63,4.34,0.0
20230317:1510,7.64,18.83,7.84,4.44,3.45,0.0
20230317:1610,0.0,0.0,0.0,4.2,3.17,0.0
20230317:1710,0.0,0.0,0.0,4.02,3.03,0.0
20230317:1810,0.0,0.0,0.0,3.72,2.83,0.0
20230317:1910,0.0,0.0,0.0,3.29,2.21,0.0
20230317:2010,0.0,0.0,0.0,2.78,2.07,0.0
20230317:2110,0.0,0.0,0.0,2.48,2.0,0.0
20230317:2210,0.0,0.0,0.0,2.28,1.93,0.0
20230317:2310,0.0,0.0,0.0,1.96,2.0,0.0
20230318:0010,0.0,0.0,0.0,1.83,2.14,0.0
20230318:0110,0.0,0.0,0.0,1.81,2.28,0.0
20230318:0210,0.0,0.0,0.0,1.99,2.34,0.0
20230318:0310,0.0,0.0,0.0,2.14,2.41,0.0
20230318:0410,0.0,0.0,0.0,2.01,2.41,0.0
20230318:0510,73.11,99.64,9.39,2.12,2.48,0.0
20230318:0610,114.09,138.59,18.39,2.54,2.76,0.0
20230318:0710,144.5,170.96,26.46,3.6,3.38,0.0
20230318:0810,204.74,235.41,32.98,4.8,3.31,0.0
20230318:0910,193.19,224.57,37.24,5.79,3.24,0.0
20230318:1010,148.17,177.51,38.6,6.54,2.97,0.0
20230318:1110,131.74,160.48,36.81,7.37,2.83,0.0
20230318:1210,482.9,544.08,32.2,7.99,2.55,0.0
20230318:1310,586.29,665.75,25.42,8.57,2.55,0.0
20230318:1410,342.14,394.66,17.2,8.51,2.48,0.0
20230318:1510,67.42,98.85,8.1,8.03,1.93,0.0
20230318:1610,0.0,0.0,0.0,6.61,2.07,0.0
20230318:1710,0.0,0.0,0.0,5.18,2.21,0.0
20230318:1810,0.0,0.0,0.0,3.93,2.28,0.0
20230318:1910,0.0,0.0,0.0,3.74,1.86,0.0
20230318:2010,0.0,0.0,0.0,2.99,1.86,0.0
20230318:2110,0.0,0.0,0.0,2.43,1.72,0.0
20230318:2210,0.0,0.0,0.0,1.51,1.66,0.0
20230318:2310,0.0,0.0,0.0,0.95,1.52,0.0
20230319:0010,0.0,0.0,0.0,0.79,1.31,0.0
20230319:0110,0.0,0.0,0.0,1.17,1.03,0.0
20230319:0210,0.0,0.0,0.0,1.29,0.9,0.0
20230319:0310,0.0,0.0,0.0,0.97,0.9,0.0
20230319:0410,0.0,0.0,0.0,0.53,0.9,0.0
20230319:0510,27.6,43.96,9.75,0.24,0.9,0.0
20230319:0610,166.52,194.87,18.76,2.34,0.62,0.0
20230319:0710,375.15,420.2,26.84,3.57,0.69,0.0
20230319:0810,324.74,367.62,33.37,5.19,0.83,0.0
20230319:0910,496.51,564.34,37.64,6.32,1.1,0.0
20230319:1010,744.93,875.79,38.99,7.19,1.17,0.0
20230319:1110,826.68,993.03,37.18,7.8,0.97,0.0
20230319:1210,742.35,882.59,32.53,8.31,0.76,0.0
20230319:1310,581.57,677.85,25.73,8.51,0.55,0.0
20230319:1410,349.05,408.33,17.47,8.4,0.48,0.0
20230319:1510,97.95,140.38,8.37,8.03,0.69,0.0
20230319:1610,0.0,0.0,0.0,7.0,1.45,0.0
20230319:1710,0.0,0.0,0.0,4.98,1.79,0.0
20230319:1810,0.0,0.0,0.0,3.07,1.79,0.0
20230319:1910,0.0,0.0,0.0,2.07,1.66,0.0
20230319:2010,0.0,0.0,0.0,1.08,1.79,0.0
20230319:2110,0.0,0.0,0.0,0.99,1.59,0.0
20230319:2210,0.0,0.0,0.0,2.76,0.83,0.0
20230319:2310,0.0,0.0,0.0,2.3,0.28,0.0
20230320:0010,0.0,0.0,0.0,1.88,0.07,0.0
20230320:0110,0.0,0.0,0.0,1.43,0.34,0.0
20230320:0210,0.0,0.0,0.0,0.99,0.62,0.0
20230320:0310,0.0,0.0,0.0,0.71,0.41,0.0
20230320:0410,0.0,0.0,0.0,0.25,0.14,0.0
20230320:0510,102.89,133.98,10.1,-0.66,0.21,0.0
20230320:0610,382.02,432.06,19.13,1.66,0.07,0.0
20230320:0710,456.5,512.93,27.22,3.41,0.48,0.0
20230320:0810,727.53,849.89,33.77,5.83,0.83,0.0
20230320:0910,820.83,971.99,38.04,7.46,1.45,0.0
20230320:1010,859.79,1020.89,39.39,8.16,1.86,0.0
20230320:1110,824.46,972.96,37.55,8.52,1.93,0.0
20230320:1210,730.72,848.49,32.87,8.68,2.0,0.0
20230320:1310,551.46,628.13,26.03,8.55,2.0,0.0
20230320:1410,255.94,298.47,17.75,8.19,1.59,0.0
20230320:1510,61.57,89.97,8.63,7.53,1.45,0.0
20230320:1610,0.0,0.0,0.0,6.58,1.79,0.0
20230320:1710,0.0,0.0,0.0,5.35,1.93,0.0
20230320:1810,0.0,0.0,0.0,4.31,2.07,0.0
20230320:1910,0.0,0.0,0.0,3.7,1.79,0.0
20230320:2010,0.0,0.0,0.0,2.93,2.07,0.0
20230320:2110,0.0,0.0,0.0,2.36,2.14,0.0
20230320:2210,0.0,0.0,0.0,1.91,2.28,0.0
20230320:2310,0.0,0.0,0.0,1.76,2.34,0.0
20230321:0010,0.0,0.0,0.0,1.71,2.34,0.0
20230321:0110,0.0,0.0,0.0,1.62,2.21,0.0
20230321:0210,0.0,0.0,0.0,1.41,2.14,0.0
20230321:0310,0.0,0.0,0.0,1.19,2.07,0.0
20230321:0410,0.0,0.0,0.0,0.84,2.14,0.0
20230321:0510,144.39,185.48,10.46,1.13,1.86,0.0
20230321:0610,384.42,432.68,19.49,3.76,1.59,0.0
20230321:0710,0.0,0.0,0.0,5.95,1.38,0.0
20230321:0810,0.0,0.0,0.0,8.14,1.38,0.0
20230321:0910,771.69,916.88,38.45,10.08,1.59,0.0
20230321:1010,836.17,1009.67,39.78,11.69,1.79,0.0
20230321:1110,800.67,967.93,37.92,12.92,1.72,0.0
20230321:1210,663.05,788.51,33.2,13.7,1.59,0.0
20230321:1310,365.63,427.38,26.33,13.96,1.45,0.0
20230321:1410,78.59,105.77,18.02,13.83,1.52,0.0
20230321:1510,35.01,56.33,8.89,12.85,1.31,0.0
20230321:1610,0.0,0.0,0.0,11.01,1.72,0.0
20230321:1710,0.0,0.0,0.0,9.47,2.0,0.0
20230321:1810,0.0,0.0,0.0,8.06,1.86,0.0
20230321:1910,0.0,0.0,0.0,7.15,2.0,0.0
20230321:2010,0.0,0.0,0.0,6.21,2.14,0.0
20230321:2110,0.0,0.0,0.0,5.62,2.21,0.0
20230321:2210,0.0,0.0,0.0,5.23,2.14,0.0
20230321:2310,0.0,0.0,0.0,5.11,2.0,0.0
20230322:0010,0.0,0.0,0.0,4.82,2.0,0.0
20230322:0110,0.0,0.0,0.0,4.59,2.07,0.0
20230322:0210,0.0,0.0,0.0,4.22,2.21,0.0
20230322:0310,0.0,0.0,0.0,4.08,2.21,0.0
20230322:0410,0.0,0.0,0.0,3.79,2.14,0.0
20230322:0510,13.53,26.9,10.82,4.28,1.93,0.0
20230322:0610,66.16,88.76,19.86,6.34,2.21,0.0
20230322:0710,0.0,0.0,0.0,8.12,2.14,0.0
20230322:0810,670.59,777.0,34.56,9.58,2.0,0.0
20230322:0910,739.61,873.84,38.85,11.01,1.93,0.0
20230322:1010,285.15,333.79,40.17,11.91,1.52,0.0
20230322:1110,189.95,228.69,38.29,12.42,1.66,0.0
20230322:1210,72.06,97.72,33.53,12.47,1.79,0.0
20230322:1310,32.74,52.0,26.63,12.15,1.86,0.0
20230322:1410,310.61,365.99,18.3,11.83,1.72,0.0
20230322:1510,104.83,151.59,9.15,11.31,1.38,0.0
20230322:1610,0.0,0.0,0.0,10.09,1.66,0.0
20230322:1710,0.0,0.0,0.0,8.71,1.79,0.0
20230322:1810,0.0,0.0,0.0,7.62,1.86,0.0
20230322:1910,0.0,0.0,0.0,7.05,1.86,0.0
20230322:2010,0.0,0.0,0.0,6.37,1.86,0.0
20230322:2110,0.0,0.0,0.0,6.0,1.86,0.0
20230322:2210,0.0,0.0,0.0,6.09,1.86,0.0
20230322:2310,0.0,0.0,0.0,5.53,2.0,0.0
20230323:0010,0.0,0.0,0.0,5.79,2.07,0.0
20230323:0110,0.0,0.0,0.0,5.77,2.28,0.0
20230323:0210,0.0,0.0,0.0,5.9,2.34,0.0
20230323:0310,0.0,0.0,0.0,6.18,2.41,0.0
20230323:0410,0.0,0.83,1.7,6.49,2.41,0.0
20230323:0510,2.98,11.65,11.18,7.02,2.48,0.0
20230323:0610,84.78,110.08,20.23,8.44,2.48,0.0
20230323:0710,195.93,230.81,28.36,9.56,2.76,0.0
20230323:0810,317.4,365.43,34.96,11.46,3.03,0.0
20230323:0910,306.96,356.52,39.25,12.81,3.17,0.0
20230323:1010,285.82,335.08,40.57,14.08,3.31,0.0
20230323:1110,415.44,481.72,38.65,14.94,3.59,0.0
20230323:1210,172.53,210.63,33.86,15.12,3.52,0.0
20230323:1310,204.35,245.5,26.92,15.33,3.31,0.0
20230323:1410,284.15,338.93,18.57,15.56,3.24,0.0
20230323:1510,87.08,127.67,9.41,14.78,2.76,0.0
20230323:1610,0.0,0.0,0.0,13.13,2.76,0.0
20230323:1710,0.0,0.0,0.0,11.67,2.9,0.0
20230323:1810,0.0,0.0,0.0,10.99,3.03,0.0
20230323:1910,0.0,0.0,0.0,11.37,2.97,0.0
20230323:2010,0.0,0.0,0.0,10.91,3.1,0.0
20230323:2110,0.0,0.0,0.0,10.44,3.24,0.0
20230323:2210,0.0,0.0,0.0,10.02,3.38,0.0
20230323:2310,0.0,0.0,0.0,9.8,3.52,0.0
20230324:0010,0.0,0.0,0.0,9.62,3.66,0.0
20230324:0110,0.0,0.0,0.0,9.32,3.66,0.0
20230324:0210,0.0,0.0,0.0,9.02,3.59,0.0
20230324:0310,0.0,0.0,0.0,8.84,3.38,0.0
20230324:0410,0.0,0.83,2.05,8.88,3.1,0.0
20230324:0510,7.43,18.83,11.53,9.3,2.9,0.0
20230324:0610,261.92,304.42,20.59,10.08,2.69,0.0
20230324:0710,94.95,122.82,28.74,11.63,2.76,0.0
20230324:0810,186.3,224.9,35.35,13.85,3.1,0.0
20230324:0910,320.42,375.97,39.65,15.33,3.03,0.0
20230324:1010,446.96,523.93,40.96,16.35,2.97,0.0
20230324:1110,413.01,485.28,39.02,17.23,3.17,0.0
20230324:1210,491.11,576.59,34.19,17.56,3.31,0.0
20230324:1310,330.42,389.7,27.22,17.96,3.59,0.0
20230324:1410,64.81,91.33,18.84,17.72,2.97,0.0
20230324:1510,43.15,67.61,9.66,16.59,2.34,0.0
20230324:1610,0.0,0.0,0.0,15.22,2.14,0.0
20230324:1710,0.0,0.0,0.0,14.42,1.86,0.0
20230324:1810,0.0,0.0,0.0,13.6,1.66,0.0
20230324:1910,0.0,0.0,0.0,12.76,1.86,0.0
20230324:2010,0.0,0.0,0.0,12.1,2.28,0.0
20230324:2110,0.0,0.0,0.0,12.16,2.97,0.0
20230324:2210,0.0,0.0,0.0,12.63,3.45,0.0
20230324:2310,0.0,0.0,0.0,12.92,3.79,0.0
20230325:0010,0.0,0.0,0.0,12.88,3.79,0.0
20230325:0110,0.0,0.0,0.0,12.7,3.66,0.0
20230325:0210,0.0,0.0,0.0,12.3,3.66,0.0
20230325:0310,0.0,0.0,0.0,11.81,3.79,0.0
20230325:0410,0.0,0.83,2.41,11.34,3.52,0.0
20230325:0510,41.4,62.34,11.89,11.1,3.31,0.0
20230325:0610,25.52,43.03,20.96,11.53,3.45,0.0
20230325:0710,112.49,142.46,29.12,12.4,3.59,0.0
20230325:0810,208.75,248.07,35.75,12.93,3.79,0.0
20230325:0910,163.85,199.8,40.06,13.47,3.66,0.0
20230325:1010,78.88,105.79,41.35,13.79,3.38,0.0
20230325:1110,312.81,365.1,39.38,14.16,3.24,0.0
20230325:1210,119.19,151.51,34.52,14.68,2.9,0.0
20230325:1310,26.46,44.83,27.52,15.13,2.34,0.0
20230325:1410,38.11,59.17,19.11,15.11,0.9,0.0
20230325:1510,29.16,48.79,9.92,15.36,0.83,0.0
20230325:1610,0.0,0.0,0.0,13.77,1.79,0.0
20230325:1710,0.0,0.0,0.0,12.39,1.79,0.0
20230325:1810,0.0,0.0,0.0,11.93,1.72,0.0
20230325:1910,0.0,0.0,0.0,10.96,1.66,0.0
20230325:2010,0.0,0.0,0.0,10.81,2.21,0.0
20230325:2110,0.0,0.0,0.0,11.05,3.31,0.0
20230325:2210,0.0,0.0,0.0,10.96,3.72,0.0
20230325:2310,0.0,0.0,0.0,10.83,3.72,0.0
20230326:0010,0.0,0.0,0.0,10.52,3.59,0.0
20230326:0110,0.0,0.0,0.0,10.29,3.38,0.0
20230326:0210,0.0,0.0,0.0,9.92,4.07,0.0
20230326:0310,0.0,0.0,0.0,9.53,4.14,0.0
20230326:0410,0.0,1.65,2.76,9.2,3.17,0.0
20230326:0510,95.61,127.37,12.25,9.12,2.48,0.0
20230326:0610,393.79,450.89,21.33,9.52,2.83,0.0
20230326:0710,534.45,604.28,29.5,9.84,3.45,0.0
20230326:0810,429.42,487.69,36.14,10.87,3.66,0.0
20230326:0910,372.89,427.2,40.46,11.77,3.66,0.0
20230326:1010,203.46,242.7,41.74,12.79,3.59,0.0
20230326:1110,435.22,501.07,39.75,13.27,3.45,0.0
20230326:1210,381.44,440.12,34.85,13.62,3.38,0.0
20230326:1310,155.43,190.25,27.81,13.45,3.31,0.0
20230326:1410,278.43,327.32,19.38,12.34,3.38,0.0
20230326:1510,58.82,86.41,10.18,11.96,2.55,0.0
20230326:1610,0.0,0.0,0.0,10.9,3.24,0.0
20230326:1710,0.0,0.0,0.0,9.67,2.69,0.0
20230326:1810,0.0,0.0,0.0,8.66,2.62,0.0
20230326:1910,0.0,0.0,0.0,7.54,2.41,0.0
20230326:2010,0.0,0.0,0.0,6.77,2.48,0.0
20230326:2110,0.0,0.0,0.0,6.22,2.55,0.0
20230326:2210,0.0,0.0,0.0,5.77,2.69,0.0
20230326:2310,0.0,0.0,0.0,5.36,2.62,0.0
20230327:0010,0.0,0.0,0.0,4.94,2.48,0.0
20230327:0110,0.0,0.0,0.0,4.5,2.41,0.0
20230327:0210,0.0,0.0,0.0,4.12,2.41,0.0
20230327:0310,0.0,0.0,0.0,3.79,2.34,0.0
20230327:0410,0.0,4.13,3.11,3.46,2.34,0.0
20230327:0510,178.69,226.68,12.6,4.19,1.79,0.0
20230327:0610,371.71,422.67,21.69,6.7,1.86,0.0
20230327:0710,571.98,651.96,29.88,8.52,2.07,0.0
20230327:0810,684.71,793.82,36.53,10.48,2.48,0.0
20230327:0910,693.71,819.27,40.86,11.55,1.79,0.0
20230327:1010,353.91,411.0,42.13,12.84,2.41,0.0
20230327:1110,521.98,605.54,40.11,13.45,2.76,0.0
20230327:1210,270.95,318.31,35.17,13.73,2.69,0.0
20230327:1310,248.04,292.46,28.1,13.77,2.69,0.0
20230327:1410,126.42,159.11,19.65,13.55,2.48,0.0
20230327:1510,27.76,46.27,10.43,12.77,2.83,0.0
20230327:1610,0.0,0.0,0.0,11.75,3.24,0.0
20230327:1710,0.0,0.0,0.0,11.04,3.66,0.0
20230327:1810,0.0,0.0,0.0,10.68,3.86,0.0
20230327:1910,0.0,0.0,0.0,10.88,3.52,0.0
20230327:2010,0.0,0.0,0.0,10.63,3.52,0.0
20230327:2110,0.0,0.0,0.0,10.35,4.0,0.0
20230327:2210,0.0,0.0,0.0,9.91,4.41,0.0
20230327:2310,0.0,0.0,0.0,9.28,4.0,0.0
20230328:0010,0.0,0.0,0.0,9.01,3.72,0.0
20230328:0110,0.0,0.0,0.0,8.71,3.24,0.0
20230328:0210,0.0,0.0,0.0,8.43,2.76,0.0
20230328:0310,0.0,0.0,0.0,7.94,2.48,0.0
20230328:0410,0.0,1.65,3.46,7.48,2.41,0.0
20230328:0510,4.59,14.34,12.96,7.21,2.28,0.0
20230328:0610,40.48,60.07,22.06,7.29,2.28,0.0
20230328:0710,86.88,112.07,30.26,8.06,3.72,0.0
20230328:0810,56.92,78.89,36.93,7.9,3.38,0.0
20230328:0910,88.61,113.86,41.26,7.79,3.52,0.0
20230328:1010,151.98,181.99,42.52,7.45,3.86,0.0
20230328:1110,117.96,145.24,40.47,6.86,3.1,0.0
20230328:1210,113.79,140.75,35.5,6.65,2.48,0.0
20230328:1310,61.86,84.27,28.39,6.81,1.03,0.0
20230328:1410,76.5,100.2,19.92,6.41,2.07,0.0
20230328:1510,60.17,84.82,10.68,4.83,4.28,0.0
20230328:1610,0.0,0.0,0.0,2.09,6.34,0.0
20230328:1710,0.0,0.0,0.0,0.19,7.24,0.0
20230328:1810,0.0,0.0,0.0,-0.62,8.28,0.0
20230328:1910,0.0,0.0,0.0,-0.83,9.17,0.0
20230328:2010,0.0,0.0,0.0,-0.88,8.83,0.0
20230328:2110,0.0,0.0,0.0,-0.78,8.0,0.0
20230328:2210,0.0,0.0,0.0,-0.71,7.52,0.0
20230328:2310,0.0,0.0,0.0,-0.66,7.31,0.0
20230329:0010,0.0,0.0,0.0,-0.64,6.97,0.0
20230329:0110,0.0,0.0,0.0,-0.66,6.83,0.0
20230329:0210,0.0,0.0,0.0,-0.76,6.62,0.0
20230329:0310,0.0,0.0,0.0,-1.01,7.1,0.0
20230329:0410,0.0,2.48,3.82,-1.44,6.9,0.0
20230329:0510,5.45,15.24,13.31,-1.64,6.69,0.0
20230329:0610,30.43,46.62,22.42,-1.48,7.31,0.0
20230329:0710,106.27,128.2,30.64,-0.57,6.83,0.0
20230329:0810,128.46,151.51,37.32,0.04,6.9,0.0
20230329:0910,141.21,164.96,41.65,0.44,6.76,0.0
20230329:1010,102.28,124.62,42.91,0.58,6.97,0.0
20230329:1110,77.35,98.62,40.83,1.14,7.03,0.0
20230329:1210,78.88,100.41,35.82,1.6,7.17,0.0
20230329:1310,78.78,100.41,28.68,1.85,7.03,0.0
20230329:1410,40.16,58.27,20.18,1.57,6.97,0.0
20230329:1510,24.67,40.34,10.94,1.19,6.14,0.0
20230329:1610,0.0,0.0,0.0,0.78,5.59,0.0
20230329:1710,0.0,0.0,0.0,0.18,4.97,0.0
20230329:1810,0.0,0.0,0.0,-0.25,4.55,0.0
20230329:1910,0.0,0.0,0.0,-0.03,4.28,0.0
20230329:2010,0.0,0.0,0.0,-0.57,4.34,0.0
20230329:2110,0.0,0.0,0.0,-1.12,4.07,0.0
20230329:2210,0.0,0.0,0.0,-1.57,3.79,0.0
20230329:2310,0.0,0.0,0.0,-1.91,3.66,0.0
20230330:0010,0.0,0.0,0.0,-2.17,3.66,0.0
20230330:0110,0.0,0.0,0.0,-2.34,3.52,0.0
20230330:0210,0.0,0.0,0.0,-2.59,3.31,0.0
20230330:0310,0.0,0.0,0.0,-2.81,3.1,0.0
20230330:0410,4.17,13.23,4.17,-3.08,2.83,0.0
20230330:0510,201.81,244.68,13.67,-2.43,2.76,0.0
20230330:0610,482.69,524.85,22.78,-1.12,3.17,0.0
20230330:0710,690.8,751.35,31.01,0.79,4.0,0.0
20230330:0810,842.28,932.14,37.71,2.15,4.34,0.0
20230330:0910,934.35,1058.91,42.05,3.37,3.86,0.0
20230330:1010,953.48,1091.8,43.3,4.56,3.79,0.0
20230330:1110,913.73,1042.3,41.19,5.5,4.0,0.0
20230330:1210,801.81,905.88,36.14,6.18,3.86,0.0
20230330:1310,633.03,708.15,28.97,6.52,3.59,0.0
20230330:1410,394.44,449.26,20.45,6.59,3.17,0.0
20230330:1510,136.89,190.07,11.19,6.24,2.55,0.0
20230330:1610,0.0,0.0,0.0,5.25,1.72,0.0
20230330:1710,0.0,0.0,0.0,3.59,1.38,0.0
20230330:1810,0.0,0.0,0.0,3.13,0.9,0.0
20230330:1910,0.0,0.0,0.0,3.25,0.83,0.0
20230330:2010,0.0,0.0,0.0,2.7,0.62,0.0
20230330:2110,0.0,0.0,0.0,2.22,0.76,0.0
20230330:2210,0.0,0.0,0.0,0.23,1.31,0.0
20230330:2310,0.0,0.0,0.0,-0.74,1.59,0.0
20230331:0010,0.0,0.0,0.0,-0.47,1.86,0.0
20230331:0110,0.0,0.0,0.0,0.3,2.07,0.0
20230331:0210,0.0,0.0,0.0,1.07,2.21,0.0
20230331:0310,0.0,0.0,0.0,1.55,2.14,0.0
20230331:0410,0.0,3.59,4.51,1.6,2.14,0.0
20230331:0510,17.91,32.27,14.02,2.12,2.0,0.0
20230331:0610,87.54,110.92,23.14,3.46,2.07,0.0
20230331:0710,262.9,298.07,31.39,5.11,2.21,0.0
20230331:0810,200.07,233.05,38.1,6.32,2.28,0.0
20230331:0910,224.46,259.99,42.45,6.98,2.41,0.0
20230331:1010,141.02,170.34,43.68,7.07,2.62,0.0
20230331:1110,154.57,184.68,41.54,6.75,2.62,0.0
20230331:1210,109.65,136.27,36.46,6.7,2.69,0.0
20230331:1310,111.22,137.86,29.26,6.54,2.55,0.0
20230331:1410,63.72,86.07,20.71,6.38,2.28,0.0
20230331:1510,10.08,22.41,11.44,6.3,2.48,0.0
20230331:1610,0.0,0.83,1.91,6.11,2.76,0.0
20230331:1710,0.0,0.0,0.0,6.18,2.97,0.0
20230331:1810,0.0,0.0,0.0,6.31,2.97,0.0
20230331:1910,0.0,0.0,0.0,6.66,2.62,0.0
20230331:2010,0.0,0.0,0.0,6.67,2.69,0.0
20230331:2110,0.0,0.0,0.0,6.61,2.83,0.0
20230331:2210,0.0,0.0,0.0,6.2,2.76,0.0
20230331:2310,0.0,0.0,0.0,5.63,2.76,0.0
20230401:0010,0.0,0.0,0.0,5.02,2.69,0.0
20230401:0110,0.0,0.0,0.0,4.67,2.83,0.0
20230401:0210,0.0,0.0,0.0,4.61,2.83,0.0
20230401:0310,0.0,0.0,0.0,4.35,2.83,0.0
20230401:0410,0.0,3.59,4.86,4.07,2.76,0.0
20230401:0510,5.23,15.24,14.37,4.92,2.48,0.0
20230401:0610,75.78,99.51,23.5,6.94,2.97,0.0
20230401:0710,122.04,150.41,31.76,8.41,3.72,0.0
20230401:0810,178.54,212.79,38.48,10.29,4.07,0.0
20230401:0910,733.59,844.56,42.84,11.77,4.48,0.0
20230401:1010,565.05,645.16,44.07,12.55,4.83,0.0
20230401:1110,358.53,412.13,41.9,13.17,4.9,0.0
20230401:1210,314.79,363.59,36.78,13.33,4.83,0.0
20230401:1310,191.1,228.76,29.54,13.62,4.83,0.0
20230401:1410,69.32,94.72,20.97,13.21,3.72,0.0
20230401:1510,16.27,31.38,11.69,12.61,3.66,0.0
20230401:1610,0.0,0.83,2.16,11.43,3.59,0.0
20230401:1710,0.0,0.0,0.0,10.17,3.79,0.0
20230401:1810,0.0,0.0,0.0,9.62,3.86,0.0
20230401:1910,0.0,0.0,0.0,9.06,3.52,0.0
20230401:2010,0.0,0.0,0.0,8.78,3.59,0.0
20230401:2110,0.0,0.0,0.0,8.65,3.66,0.0
20230401:2210,0.0,0.0,0.0,8.5,3.52,0.0
20230401:2310,0.0,0.0,0.0,8.34,3.24,0.0
20230402:0010,0.0,0.0,0.0,8.18,2.97,0.0
20230402:0110,0.0,0.0,0.0,8.13,2.69,0.0
20230402:0210,0.0,0.0,0.0,7.97,2.55,0.0
20230402:0310,0.0,0.0,0.0,7.92,2.48,0.0
20230402:0410,0.0,3.59,5.21,7.88,2.41,0.0
20230402:0510,7.49,18.83,14.72,7.93,2.34,0.0
20230402:0610,41.08,60.96,23.86,8.13,2.14,0.0
20230402:0710,63.11,86.07,32.13,8.43,2.55,0.0
20230402:0810,84.02,109.38,38.87,8.77,2.76,0.0
20230402:0910,124.87,154.2,43.24,8.94,2.41,0.0
20230402:1010,95.27,121.93,44.45,9.12,2.62,0.0
20230402:1110,79.84,104.89,42.25,9.03,2.62,0.0
20230402:1210,61.4,84.27,37.1,8.73,2.28,0.0
20230402:1310,67.83,91.45,29.82,8.68,2.34,0.0
20230402:1410,20.84,36.76,21.23,8.51,2.41,0.0
20230402:1510,11.92,25.1,11.94,8.22,2.55,0.0
20230402:1610,0.0,1.65,2.4,7.98,2.55,0.0
20230402:1710,0.0,0.0,0.0,7.64,2.55,0.0
20230402:1810,0.0,0.0,0.0,7.31,2.55,0.0
20230402:1910,0.0,0.0,0.0,7.23,2.55,0.0
20230402:2010,0.0,0.0,0.0,6.85,2.41,0.0
20230402:2110,0.0,0.0,0.0,6.62,2.07,0.0
20230402:2210,0.0,0.0,0.0,6.41,1.86,0.0
20230402:2310,0.0,0.0,0.0,6.24,1.86,0.0
20230403:0010,0.0,0.0,0.0,6.09,1.86,0.0
20230403:0110,0.0,0.0,0.0,5.94,1.86,0.0
20230403:0210,0.0,0.0,0.0,5.85,1.93,0.0
20230403:0310,0.0,0.0,0.0,5.77,2.14,0.0
20230403:0410,0.0,4.48,5.55,5.79,2.41,0.0
20230403:0510,5.77,16.14,15.06,6.0,2.55,0.0
20230403:0610,58.1,79.79,24.21,6.39,2.62,0.0
20230403:0710,107.16,133.58,32.5,6.87,3.17,0.0
20230403:0810,160.11,190.77,39.26,7.46,3.59,0.0
20230403:0910,229.01,264.89,43.63,7.97,3.86,0.0
20230403:1010,176.57,209.61,44.83,8.68,3.45,0.0
20230403:1110,92.91,119.24,42.6,9.13,3.24,0.0
20230403:1210,66.16,89.65,37.41,9.13,3.38,0.0
20230403:1310,37.96,57.38,30.11,8.53,3.52,0.0
20230403:1410,18.81,34.07,21.49,7.69,3.59,0.0
20230403:1510,12.02,25.1,12.18,6.78,3.79,0.0
20230403:1610,0.0,2.48,2.65,5.94,3.72,0.0
20230403:1710,0.0,0.0,0.0,5.18,3.86,0.0
20230403:1810,0.0,0.0,0.0,4.58,4.07,0.0
20230403:1910,0.0,0.0,0.0,3.87,4.07,0.0
20230403:2010,0.0,0.0,0.0,3.44,3.52,0.0
20230403:2110,0.0,0.0,0.0,3.11,3.31,0.0
20230403:2210,0.0,0.0,0.0,2.82,3.45,0.0
20230403:2310,0.0,0.0,0.0,2.65,3.31,0.0
20230404:0010,0.0,0.0,0.0,2.53,3.1,0.0
20230404:0110,0.0,0.0,0.0,2.36,3.03,0.0
20230404:0210,0.0,0.0,0.0,2.24,2.97,0.0
20230404:0310,0.0,0.0,0.0,2.12,2.97,0.0
20230404:0410,2.06,9.86,5.9,2.05,2.97,0.0
20230404:0510,32.13,49.31,15.41,2.18,3.03,0.0
20230404:0610,84.09,106.69,24.57,2.53,2.97,0.0
20230404:0710,111.03,135.38,32.87,2.61,3.1,0.0
20230404:0810,144.41,171.24,39.64,3.35,2.76,0.0
20230404:0910,154.88,182.89,44.02,4.03,2.62,0.0
20230404:1010,155.21,183.79,45.21,4.77,2.69,0.0
20230404:1110,205.75,238.54,42.95,5.84,2.69,0.0
20230404:1210,112.33,138.96,37.72,6.33,2.62,0.0
20230404:1310,85.63,110.27,30.39,6.81,2.69,0.0
20230404:1410,77.0,100.94,21.75,7.16,3.03,0.0
20230404:1510,5.73,16.14,12.43,7.12,2.97,0.0
20230404:1610,0.0,2.48,2.9,6.81,2.14,0.0
20230404:1710,0.0,0.0,0.0,6.12,2.07,0.0
20230404:1810,0.0,0.0,0.0,5.45,2.34,0.0
20230404:1910,0.0,0.0,0.0,4.34,2.97,0.0
20230404:2010,0.0,0.0,0.0,3.85,2.69,0.0
20230404:2110,0.0,0.0,0.0,3.64,2.83,0.0
20230404:2210,0.0,0.0,0.0,3.33,3.1,0.0
20230404:2310,0.0,0.0,0.0,3.5,3.24,0.0
20230405:0010,0.0,0.0,0.0,3.63,3.24,0.0
20230405:0110,0.0,0.0,0.0,3.71,3.17,0.0
20230405:0210,0.0,0.0,0.0,3.78,3.24,0.0
20230405:0310,0.0,0.0,0.0,3.88,3.17,0.0
20230405:0410,0.0,5.38,6.24,3.98,3.17,0.0
20230405:0510,6.43,17.03,15.75,4.21,3.03,0.0
20230405:0610,16.27,30.48,24.92,4.73,3.38,0.0
20230405:0710,43.33,62.76,33.24,5.13,3.86,0.0
20230405:0810,122.48,149.72,40.02,6.53,3.86,0.0
20230405:0910,139.02,168.55,44.41,8.23,4.21,0.0
20230405:1010,104.23,131.79,45.59,9.8,4.55,0.0
20230405:1110,148.86,181.1,43.3,10.74,4.07,0.0
20230405:1210,76.77,102.2,38.03,11.09,4.0,0.0
20230405:1310,37.56,57.38,30.66,10.65,3.59,0.0
20230405:1410,35.3,54.69,22.01,10.65,3.93,0.0
20230405:1510,13.08,26.9,12.68,10.61,4.14,0.0
20230405:1610,0.39,6.61,3.14,9.65,4.55,0.0
20230405:1710,0.0,0.0,0.0,8.98,4.62,0.0
20230405:1810,0.0,0.0,0.0,8.87,4.76,0.0
20230405:1910,0.0,0.0,0.0,8.07,4.28,0.0
20230405:2010,0.0,0.0,0.0,8.23,4.21,0.0
20230405:2110,0.0,0.0,0.0,8.5,4.21,0.0
20230405:2210,0.0,0.0,0.0,8.75,4.14,0.0
20230405:2310,0.0,0.0,0.0,8.67,3.86,0.0
20230406:0010,0.0,0.0,0.0,8.68,3.86,0.0
20230406:0110,0.0,0.0,0.0,8.82,4.07,0.0
20230406:0210,0.0,0.0,0.0,8.72,4.28,0.0
20230406:0310,0.0,0.0,0.0,8.53,4.28,0.0
20230406:0410,0.0,5.38,6.58,8.54,4.28,0.0
20230406:0510,65.68,89.33,16.09,8.69,4.34,0.0
20230406:0610,59.03,81.58,25.27,9.07,4.28,0.0
20230406:0710,111.57,139.86,33.6,9.86,4.34,0.0
20230406:0810,115.1,144.34,40.4,11.0,4.62,0.0
20230406:0910,96.82,124.62,44.79,11.86,5.66,0.0
20230406:1010,97.45,125.51,45.96,12.22,5.52,0.0
20230406:1110,133.9,165.86,43.64,12.36,4.41,0.0
20230406:1210,162.11,196.78,38.34,12.37,4.14,0.0
20230406:1310,50.17,72.62,30.94,12.75,4.21,0.0
20230406:1410,44.83,66.34,22.26,12.53,4.21,0.0
20230406:1510,35.21,54.91,12.92,11.26,4.0,0.0
20230406:1610,0.0,2.48,3.38,10.37,3.45,0.0
20230406:1710,0.0,0.0,0.0,9.5,3.1,0.0
20230406:1810,0.0,0.0,0.0,9.11,3.03,0.0
20230406:1910,0.0,0.0,0.0,8.68,2.97,0.0
20230406:2010,0.0,0.0,0.0,8.18,2.9,0.0
20230406:2110,0.0,0.0,0.0,7.71,2.83,0.0
20230406:2210,0.0,0.0,0.0,7.34,2.76,0.0
20230406:2310,0.0,0.0,0.0,6.94,2.69,0.0
20230407:0010,0.0,0.0,0.0,6.57,2.55,0.0
20230407:0110,0.0,0.0,0.0,6.27,2.34,0.0
20230407:0210,0.0,0.0,0.0,5.9,2.14,0.0
20230407:0310,0.0,0.0,0.0,5.57,1.86,0.0
20230407:0410,8.84,20.62,6.92,5.53,1.52,0.0
20230407:0510,182.9,226.34,16.43,5.93,1.31,0.0
20230407:0610,450.0,512.52,25.62,6.51,1.45,0.0
20230407:0710,590.5,674.56,33.96,6.61,1.31,0.0
20230407:0810,699.26,817.29,40.77,7.43,1.1,0.0
20230407:0910,826.91,990.01,45.18,7.91,1.17,0.0
20230407:1010,826.92,994.08,46.34,8.49,1.17,0.0
20230407:1110,799.46,955.09,43.99,9.35,1.38,0.0
20230407:1210,718.96,849.38,38.65,10.12,1.38,0.0
20230407:1310,566.19,659.58,31.21,10.51,1.17,0.0
20230407:1410,336.9,397.75,22.51,10.73,0.83,0.0
20230407:1510,86.21,119.07,13.16,10.71,0.48,0.0
20230407:1610,0.0,2.48,3.63,10.31,0.83,0.0
20230407:1710,0.0,0.0,0.0,9.34,1.72,0.0
20230407:1810,0.0,0.0,0.0,8.29,2.07,0.0
20230407:1910,0.0,0.0,0.0,8.33,1.86,0.0
20230407:2010,0.0,0.0,0.0,8.08,2.0,0.0
20230407:2110,0.0,0.0,0.0,7.76,2.14,0.0
20230407:2210,0.0,0.0,0.0,7.54,2.28,0.0
20230407:2310,0.0,0.0,0.0,7.35,2.55,0.0
20230408:0010,0.0,0.0,0.0,7.0,2.55,0.0
20230408:0110,0.0,0.0,0.0,6.52,2.62,0.0
20230408:0210,0.0,0.0,0.0,6.42,2.69,0.0
20230408:0310,0.0,0.0,0.0,6.51,2.55,0.0
20230408:0410,1.52,8.97,7.25,6.52,2.41,0.0
20230408:0510,15.36,29.59,16.77,7.09,2.07,0.0
20230408:0610,241.77,279.77,25.96,8.54,2.97,0.0
20230408:0710,266.24,308.75,34.32,9.47,1.59,0.0
20230408:0810,484.86,558.18,41.15,10.71,1.93,0.0
20230408:0910,658.04,771.71,45.56,12.5,2.41,0.0
20230408:1010,385.43,448.92,46.71,13.56,2.41,0.0
20230408:1110,641.71,756.5,44.33,14.11,2.48,0.0
20230408:1210,500.03,583.68,38.95,14.6,2.48,0.0
20230408:1310,22.26,39.45,31.49,14.74,2.41,0.0
20230408:1410,222.49,268.16,22.76,14.23,1.93,0.0
20230408:1510,23.09,40.34,13.4,13.47,0.97,0.0
20230408:1610,2.37,10.75,3.87,12.13,0.9,0.0
20230408:1710,0.0,0.0,0.0,10.82,0.62,0.0
20230408:1810,0.0,0.0,0.0,9.63,0.69,0.0
20230408:1910,0.0,0.0,0.0,9.15,0.97,0.0
20230408:2010,0.0,0.0,0.0,9.27,0.55,0.0
20230408:2110,0.0,0.0,0.0,8.67,0.28,0.0
20230408:2210,0.0,0.0,0.0,7.67,0.76,0.0
20230408:2310,0.0,0.0,0.0,5.51,1.1,0.0
20230409:0010,0.0,0.0,0.0,4.99,0.97,0.0
20230409:0110,0.0,0.0,0.0,5.58,0.76,0.0
20230409:0210,0.0,0.0,0.0,4.84,0.76,0.0
20230409:0310,0.0,0.0,0.0,4.77,0.76,0.0
20230409:0410,24.93,43.25,7.58,5.04,0.9,0.0
20230409:0510,89.61,115.66,17.1,6.09,1.1,0.0
20230409:0610,184.33,217.77,26.31,7.37,1.31,0.0
20230409:0710,591.37,684.74,34.68,9.31,1.31,0.0
20230409:0810,646.29,760.93,41.52,11.29,1.45,0.0
20230409:0910,660.84,782.91,45.94,13.33,2.0,0.0
20230409:1010,229.48,274.31,47.08,14.37,2.48,0.0
20230409:1110,404.92,473.27,44.67,14.67,2.48,0.0
20230409:1210,601.85,712.7,39.25,14.34,1.72,0.0
20230409:1310,47.3,69.93,31.76,14.61,1.72,0.0
20230409:1410,42.98,64.55,23.01,13.75,2.62,0.0
20230409:1510,9.75,22.41,13.64,12.07,2.34,0.0
20230409:1610,0.0,4.13,4.11,11.4,2.48,0.0
20230409:1710,0.0,0.0,0.0,10.52,2.41,0.0
20230409:1810,0.0,0.0,0.0,9.67,2.21,0.0
20230409:1910,0.0,0.0,0.0,8.75,2.0,0.0
20230409:2010,0.0,0.0,0.0,8.56,2.07,0.0
20230409:2110,0.0,0.0,0.0,8.01,2.34,0.0
20230409:2210,0.0,0.0,0.0,7.65,2.34,0.0
20230409:2310,0.0,0.0,0.0,7.61,2.28,0.0
20230410:0010,0.0,0.0,0.0,7.58,2.34,0.0
20230410:0110,0.0,0.0,0.0,7.62,2.41,0.0
20230410:0210,0.0,0.0,0.0,7.77,2.55,0.0
20230410:0310,0.0,0.0,0.0,7.69,2.62,0.0
20230410:0410,0.65,7.17,7.91,7.7,2.41,0.0
20230410:0510,44.2,64.55,17.44,8.07,2.34,0.0
20230410:0610,43.29,63.65,26.65,8.72,2.41,0.0
20230410:0710,33.16,52.0,35.03,9.76,2.62,0.0
20230410:0810,70.43,95.03,41.89,10.49,2.48,0.0
20230410:0910,139.75,172.13,46.32,11.47,2.69,0.0
20230410:1010,172.6,208.89,47.45,12.27,2.83,0.0
20230410:1110,232.54,275.53,45.01,12.87,2.76,0.0
20230410:1210,159.7,194.88,39.55,12.68,2.9,0.0
20230410:1310,31.91,51.1,32.03,12.91,3.59,0.0
20230410:1410,370.62,435.3,23.26,12.73,3.1,0.0
20230410:1510,133.63,189.88,13.88,12.88,3.17,0.0
20230410:1610,4.27,14.06,4.35,12.04,2.55,0.0
20230410:1710,0.0,0.0,0.0,10.67,2.41,0.0
20230410:1810,0.0,0.0,0.0,9.44,2.55,0.0
20230410:1910,0.0,0.0,0.0,8.85,2.55,0.0
20230410:2010,0.0,0.0,0.0,7.98,2.41,0.0
20230410:2110,0.0,0.0,0.0,7.02,2.34,0.0
20230410:2210,0.0,0.0,0.0,6.22,2.34,0.0
20230410:2310,0.0,0.0,0.0,5.46,2.34,0.0
20230411:0010,0.0,0.0,0.0,4.78,2.41,0.0
20230411:0110,0.0,0.0,0.0,4.34,2.41,0.0
20230411:0210,0.0,0.0,0.0,4.09,2.55,0.0
20230411:0310,0.0,0.0,0.0,3.8,2.55,0.0
20230411:0410,32.13,65.27,8.24,3.92,2.55,0.0
20230411:0510,220.14,269.95,17.77,6.06,2.41,0.0
20230411:0610,452.07,513.19,26.98,8.36,2.9,0.0
20230411:0710,642.6,732.61,35.38,10.59,3.72,0.0
20230411:0810,744.46,862.82,42.26,12.17,3.93,0.0
20230411:0910,559.98,646.43,46.69,13.59,4.0,0.0
20230411:1010,523.74,606.75,47.81,14.67,4.14,0.0
20230411:1110,412.1,477.53,45.34,15.18,4.55,0.0
20230411:1210,363.22,421.79,39.85,15.23,4.48,0.0
20230411:1310,333.07,387.77,32.29,15.13,4.21,0.0
20230411:1410,208.25,251.41,23.51,14.57,3.03,0.0
20230411:1510,82.58,114.19,14.12,13.95,2.9,0.0
20230411:1610,0.0,4.96,4.59,12.84,2.9,0.0
20230411:1710,0.0,0.0,0.0,11.76,2.9,0.0
20230411:1810,0.0,0.0,0.0,11.09,2.83,0.0
20230411:1910,0.0,0.0,0.0,10.34,2.9,0.0
20230411:2010,0.0,0.0,0.0,9.72,2.83,0.0
20230411:2110,0.0,0.0,0.0,8.98,3.03,0.0
20230411:2210,0.0,0.0,0.0,8.45,3.17,0.0
20230411:2310,0.0,0.0,0.0,8.16,3.31,0.0
20230412:0010,0.0,0.0,0.0,7.84,3.52,0.0
20230412:0110,0.0,0.0,0.0,7.36,3.59,0.0
20230412:0210,0.0,0.0,0.0,7.31,3.52,0.0
20230412:0310,0.0,0.0,0.0,7.33,3.45,0.0
20230412:0410,1.07,8.07,8.57,7.42,3.38,0.0
20230412:0510,8.74,20.62,18.09,7.6,3.31,0.0
20230412:0610,25.28,42.14,27.32,7.8,3.17,0.0
20230412:0710,67.15,90.55,35.73,8.51,3.24,0.0
20230412:0810,75.16,99.51,42.62,8.68,3.1,0.0
20230412:0910,106.83,134.48,47.07,9.08,3.03,0.0
20230412:1010,100.94,128.2,48.17,9.37,2.97,0.0
20230412:1110,153.26,185.58,45.67,9.79,2.83,0.0
20230412:1210,105.68,133.58,40.15,9.76,3.1,0.0
20230412:1310,57.91,80.69,32.56,10.0,3.17,0.0
20230412:1410,168.56,202.54,23.75,9.9,3.17,0.0
20230412:1510,53.78,76.51,14.36,9.85,3.24,0.0
20230412:1610,0.39,6.61,4.83,9.72,3.1,0.0
20230412:1710,0.0,0.0,0.0,9.58,3.03,0.0
20230412:1810,0.0,0.0,0.0,9.48,2.83,0.0
20230412:1910,0.0,0.0,0.0,9.4,3.59,0.0
20230412:2010,0.0,0.0,0.0,9.19,3.17,0.0
20230412:2110,0.0,0.0,0.0,9.0,2.76,0.0
20230412:2210,0.0,0.0,0.0,8.85,2.14,0.0
20230412:2310,0.0,0.0,0.0,8.68,1.79,0.0
20230413:0010,0.0,0.0,0.0,8.52,2.0,0.0
20230413:0110,0.0,0.0,0.0,8.4,1.93,0.0
20230413:0210,0.0,0.0,0.0,8.32,1.59,0.0
20230413:0310,0.0,0.0,0.0,8.21,1.31,0.0
20230413:0410,10.61,23.31,8.89,8.19,1.31,0.0
20230413:0510,16.61,31.38,18.42,8.51,1.31,0.0
20230413:0610,80.47,105.79,27.65,9.09,1.45,0.0
20230413:0710,259.26,302.42,36.07,10.8,2.07,0.0
20230413:0810,199.84,238.59,42.98,11.73,2.21,0.0
20230413:0910,213.23,253.32,47.44,11.47,2.07,0.0
20230413:1010,193.76,231.66,48.53,11.35,2.21,0.0
20230413:1110,163.23,198.13,46.0,11.32,2.07,0.0
20230413:1210,156.51,190.64,40.44,11.19,1.93,0.0
20230413:1310,62.2,86.07,32.82,11.09,1.52,0.0
20230413:1410,137.85,170.36,24.0,10.83,1.24,0.0
20230413:1510,37.49,57.38,14.59,10.67,1.52,0.0
20230413:1610,0.06,5.79,5.07,10.52,1.93,0.0
20230413:1710,0.0,0.0,0.0,10.02,2.34,0.0
20230413:1810,0.0,0.0,0.0,9.74,2.21,0.0
20230413:1910,0.0,0.0,0.0,9.41,2.34,0.0
20230413:2010,0.0,0.0,0.0,8.96,2.41,0.0
20230413:2110,0.0,0.0,0.0,8.41,2.28,0.0
20230413:2210,0.0,0.0,0.0,8.03,2.14,0.0
20230413:2310,0.0,0.0,0.0,7.76,2.14,0.0
20230414:0010,0.0,0.0,0.0,7.47,2.21,0.0
20230414:0110,0.0,0.0,0.0,7.44,2.14,0.0
20230414:0210,0.0,0.0,0.0,7.49,2.21,0.0
20230414:0310,0.0,0.0,0.0,7.46,2.34,0.0
20230414:0410,1.51,8.97,9.21,7.46,2.41,0.0
20230414:0510,16.0,30.48,18.74,7.75,2.34,0.0
20230414:0610,56.81,78.89,27.98,8.23,2.97,0.0
20230414:0710,63.9,86.96,36.42,8.63,3.31,0.0
20230414:0810,174.71,207.68,43.34,8.69,3.31,0.0
20230414:0910,265.81,306.3,47.8,8.92,3.45,0.0
20230414:1010,110.92,138.96,48.89,9.04,2.83,0.0
20230414:1110,87.83,113.86,46.33,9.62,3.52,0.0
20230414:1210,81.84,107.58,40.73,10.46,3.86,0.0
20230414:1310,33.82,52.89,33.08,10.46,3.93,0.0
20230414:1410,24.28,41.24,24.24,9.98,3.86,0.0
20230414:1510,32.48,51.1,14.83,9.45,3.72,0.0
20230414:1610,5.4,15.71,5.3,8.78,4.07,0.0
20230414:1710,0.0,0.0,0.0,8.13,4.14,0.0
20230414:1810,0.0,0.0,0.0,7.77,3.93,0.0
20230414:1910,0.0,0.0,0.0,7.9,3.66,0.0
20230414:2010,0.0,0.0,0.0,7.53,3.66,0.0
20230414:2110,0.0,0.0,0.0,7.4,3.59,0.0
20230414:2210,0.0,0.0,0.0,7.3,3.66,0.0
20230414:2310,0.0,0.0,0.0,7.22,3.79,0.0
20230415:0010,0.0,0.0,0.0,6.96,3.86,0.0
20230415:0110,0.0,0.0,0.0,6.5,3.72,0.0
20230415:0210,0.0,0.0,0.0,5.77,3.66,0.0
20230415:0310,0.0,0.0,0.0,5.11,3.72,0.0
20230415:0410,2.51,10.76,9.52,5.0,3.93,0.0
20230415:0510,16.89,31.38,19.05,5.74,5.17,0.0
20230415:0610,42.33,61.86,28.3,6.3,5.17,0.0
20230415:0710,97.77,122.82,36.75,6.24,5.38,0.0
20230415:0810,119.36,146.13,43.69,6.52,5.24,0.0
20230415:0910,94.86,120.13,48.17,7.13,5.31,0.0
20230415:1010,89.7,114.76,49.25,7.57,5.31,0.0
20230415:1110,82.15,106.69,46.66,7.92,5.24,0.0
20230415:1210,64.03,86.96,41.02,8.57,5.31,0.0
20230415:1310,42.61,62.76,33.34,8.64,5.1,0.0
20230415:1410,21.54,37.65,24.48,8.89,5.17,0.0
20230415:1510,15.92,30.48,15.06,8.83,5.03,0.0
20230415:1610,0.0,4.13,5.54,8.64,4.62,0.0
20230415:1710,0.0,0.0,0.0,8.39,4.69,0.0
20230415:1810,0.0,0.0,0.0,8.26,4.55,0.0
20230415:1910,0.0,0.0,0.0,6.58,3.59,0.0
20230415:2010,0.0,0.0,0.0,6.39,3.59,0.0
20230415:2110,0.0,0.0,0.0,6.42,3.59,0.0
20230415:2210,0.0,0.0,0.0,6.48,3.79,0.0
20230415:2310,0.0,0.0,0.0,6.58,3.72,0.0
20230416:0010,0.0,0.0,0.0,6.85,3.59,0.0
20230416:0110,0.0,0.0,0.0,7.08,3.45,0.0
20230416:0210,0.0,0.0,0.0,7.31,3.38,0.0
20230416:0310,0.0,0.0,0.0,7.3,3.45,0.0
20230416:0410,1.98,9.86,9.84,7.4,3.52,0.0
20230416:0510,24.59,41.24,19.37,7.54,3.59,0.0
20230416:0610,53.75,75.31,28.62,7.92,3.79,0.0
20230416:0710,132.61,161.37,37.09,7.83,4.21,0.0
20230416:0810,143.96,173.93,44.05,8.19,3.86,0.0
20230416:0910,156.11,187.37,48.53,8.64,3.86,0.0
20230416:1010,105.2,132.69,49.6,9.31,3.79,0.0
20230416:1110,94.9,121.93,46.98,10.27,3.72,0.0
20230416:1210,69.69,94.14,41.31,10.67,3.93,0.0
20230416:1310,49.04,70.83,33.6,11.02,4.07,0.0
20230416:1410,22.72,39.45,24.72,10.95,3.66,0.0
20230416:1510,28.55,46.62,15.29,10.81,3.45,0.0
20230416:1610,1.13,8.27,5.77,10.51,2.9,0.0
20230416:1710,0.0,0.0,0.0,9.96,2.41,0.0
20230416:1810,0.0,0.0,0.0,9.18,2.07,0.0
20230416:1910,0.0,0.0,0.0,8.0,1.72,0.0
20230416:2010,0.0,0.0,0.0,7.81,1.79,0.0
20230416:2110,0.0,0.0,0.0,7.77,1.86,0.0
20230416:2210,0.0,0.0,0.0,7.76,2.0,0.0
20230416:2310,0.0,0.0,0.0,7.69,2.14,0.0
20230417:0010,0.0,0.0,0.0,7.39,2.34,0.0
20230417:0110,0.0,0.0,0.0,7.23,2.41,0.0
20230417:0210,0.0,0.0,0.0,6.94,2.48,0.0
20230417:0310,0.0,0.0,0.0,6.71,2.41,0.0
20230417:0410,1.99,9.86,10.15,6.61,2.41,0.0
20230417:0510,12.67,26.0,19.68,6.9,2.48,0.0
20230417:0610,73.95,97.72,28.94,7.46,2.83,0.0
20230417:0710,177.29,209.71,37.42,7.8,2.9,0.0
20230417:0810,310.04,354.68,44.39,8.94,3.03,0.0
20230417:0910,668.16,769.94,48.89,10.7,3.38,0.0
20230417:1010,371.41,427.74,49.95,12.15,3.66,0.0
20230417:1110,618.1,716.0,47.3,13.35,3.79,0.0
20230417:1210,563.24,652.2,41.59,14.32,3.79,0.0
20230417:1310,431.85,499.7,33.85,14.76,3.86,0.0
20230417:1410,274.28,325.99,24.96,14.75,3.86,0.0
20230417:1510,136.66,194.18,15.52,14.27,3.45,0.0
20230417:1610,13.17,27.29,6.0,13.13,3.24,0.0
20230417:1710,0.0,0.0,0.0,11.86,3.24,0.0
20230417:1810,0.0,0.0,0.0,10.9,3.38,0.0
20230417:1910,0.0,0.0,0.0,10.08,3.1,0.0
20230417:2010,0.0,0.0,0.0,9.41,3.03,0.0
20230417:2110,0.0,0.0,0.0,8.92,2.97,0.0
20230417:2210,0.0,0.0,0.0,8.25,2.9,0.0
20230417:2310,0.0,0.0,0.0,7.57,2.83,0.0
20230418:0010,0.0,0.0,0.0,7.14,2.69,0.0
20230418:0110,0.0,0.0,0.0,6.83,2.55,0.0
20230418:0210,0.0,0.0,0.0,6.46,2.48,0.0
20230418:0310,0.0,0.0,0.0,6.06,2.48,0.0
20230418:0410,21.84,37.65,10.45,6.04,2.41,0.0
20230418:0510,27.62,44.83,19.98,6.82,2.14,0.0
20230418:0610,137.65,167.0,29.25,7.52,2.48,0.0
20230418:0710,292.95,337.31,37.75,10.43,3.38,0.0
20230418:0810,406.15,464.58,44.74,10.92,3.17,0.0
20230418:0910,429.33,492.86,49.24,11.45,3.1,0.0
20230418:1010,263.69,308.37,50.29,11.5,2.83,0.0
20230418:1110,150.05,183.79,47.62,12.13,3.17,0.0
20230418:1210,122.67,153.31,41.87,11.51,2.97,0.0
20230418:1310,71.83,96.82,34.11,11.25,3.17,0.0
20230418:1410,169.46,204.48,25.19,10.75,2.69,0.0
20230418:1510,19.24,34.96,15.75,10.25,2.21,0.0
20230418:1610,14.65,28.94,6.23,9.81,2.0,0.0
20230418:1710,0.0,0.0,0.0,8.99,2.0,0.0
20230418:1810,0.0,0.0,0.0,7.9,2.28,0.0
20230418:1910,0.0,0.0,0.0,7.96,2.41,0.0
20230418:2010,0.0,0.0,0.0,7.39,2.48,0.0
20230418:2110,0.0,0.0,0.0,7.09,2.14,0.0
20230418:2210,0.0,0.0,0.0,6.57,2.0,0.0
20230418:2310,0.0,0.0,0.0,5.92,2.0,0.0
20230419:0010,0.0,0.0,0.0,5.7,1.93,0.0
20230419:0110,0.0,0.0,0.0,5.07,2.07,0.0
20230419:0210,0.0,0.0,0.0,4.81,2.07,0.0
20230419:0310,0.0,0.0,0.0,4.42,2.07,0.0
20230419:0410,46.99,70.51,10.75,4.77,2.0,0.0
20230419:0510,116.78,145.49,20.29,7.0,2.21,0.0
20230419:0610,445.06,506.88,29.56,8.83,2.62,0.0
20230419:0710,641.1,736.19,38.07,10.5,2.9,0.0
20230419:0810,801.85,946.9,45.08,12.43,2.97,0.0
20230419:0910,766.94,908.78,49.59,14.16,3.31,0.0
20230419:1010,677.98,797.5,50.64,15.55,3.93,0.0
20230419:1110,586.47,685.68,47.93,16.51,4.41,0.0
20230419:1210,179.49,219.45,42.15,16.18,4.14,0.0
20230419:1310,150.17,186.52,34.36,15.74,3.59,0.0
20230419:1410,45.72,68.14,25.42,15.24,3.66,0.0
20230419:1510,6.62,17.93,15.98,14.41,3.79,0.0
20230419:1610,14.97,29.77,6.46,13.66,3.59,0.0
20230419:1710,0.0,0.0,0.0,12.74,3.31,0.0
20230419:1810,0.0,0.0,0.0,12.16,3.45,0.0
20230419:1910,0.0,0.0,0.0,10.92,3.79,0.0
20230419:2010,0.0,0.0,0.0,9.99,3.38,0.0
20230419:2110,0.0,0.0,0.0,9.02,2.9,0.0
20230419:2210,0.0,0.0,0.0,8.25,2.9,0.0
20230419:2310,0.0,0.0,0.0,7.87,2.9,0.0
20230420:0010,0.0,0.0,0.0,7.56,2.9,0.0
20230420:0110,0.0,0.0,0.0,7.44,2.97,0.0
20230420:0210,0.0,0.0,0.0,7.52,2.97,0.0
20230420:0310,0.0,0.83,1.67,7.34,3.17,0.0
20230420:0410,9.4,21.52,11.05,7.02,3.31,0.0
20230420:0510,26.12,43.03,20.58,7.11,3.59,0.0
20230420:0610,41.32,60.96,29.87,7.19,3.72,0.0
20230420:0710,177.11,209.06,38.39,8.03,4.55,0.0
20230420:0810,109.97,137.17,45.42,8.33,4.76,0.0
20230420:0910,107.37,134.48,49.94,8.59,4.97,0.0
20230420:1010,112.96,140.75,50.98,8.88,4.55,0.0
20230420:1110,83.05,108.48,48.24,9.52,4.14,0.0
20230420:1210,112.81,141.65,42.43,10.4,3.66,0.0
20230420:1310,98.12,125.51,34.61,10.48,4.14,0.0
20230420:1410,39.87,60.07,25.66,10.56,3.93,0.0
20230420:1510,44.5,65.45,16.2,10.45,3.59,0.0
20230420:1610,16.48,31.42,6.69,10.43,3.1,0.0
20230420:1710,0.0,0.0,0.0,9.95,2.48,0.0
20230420:1810,0.0,0.0,0.0,9.32,2.28,0.0
20230420:1910,0.0,0.0,0.0,8.48,2.28,0.0
20230420:2010,0.0,0.0,0.0,7.71,2.34,0.0
20230420:2110,0.0,0.0,0.0,7.02,2.07,0.0
20230420:2210,0.0,0.0,0.0,6.51,2.21,0.0
20230420:2310,0.0,0.0,0.0,6.28,2.55,0.0
20230421:0010,0.0,0.0,0.0,6.17,2.83,0.0
20230421:0110,0.0,0.0,0.0,6.17,2.9,0.0
20230421:0210,0.0,0.0,0.0,6.18,2.76,0.0
20230421:0310,0.0,0.83,1.97,5.94,2.41,0.0
20230421:0410,37.31,56.87,11.35,6.07,2.07,0.0
20230421:0510,152.37,186.11,20.88,7.39,1.93,0.0
20230421:0610,472.42,538.84,30.17,8.81,2.48,0.0
20230421:0710,547.16,621.67,38.71,9.96,3.31,0.0
20230421:0810,565.43,640.12,45.75,10.63,4.76,0.0
20230421:0910,505.73,571.45,50.29,10.92,5.59,0.0
20230421:1010,292.97,337.15,51.31,10.96,5.38,0.0
20230421:1110,425.1,482.16,48.55,11.19,5.38,0.0
20230421:1210,406.24,462.4,42.7,11.66,4.83,0.0
20230421:1310,305.49,352.7,34.85,12.37,4.48,0.0
20230421:1410,214.15,255.21,25.89,12.66,4.0,0.0
20230421:1510,96.93,129.7,16.43,12.63,3.17,0.0
20230421:1610,16.34,31.42,6.92,11.93,2.21,0.0
20230421:1710,0.0,0.0,0.0,10.93,2.0,0.0
20230421:1810,0.0,0.0,0.0,9.88,2.28,0.0
20230421:1910,0.0,0.0,0.0,9.18,2.07,0.0
20230421:2010,0.0,0.0,0.0,8.79,2.41,0.0
20230421:2110,0.0,0.0,0.0,8.36,2.62,0.0
20230421:2210,0.0,0.0,0.0,7.72,2.76,0.0
20230421:2310,0.0,0.0,0.0,7.2,2.76,0.0
20230422:0010,0.0,0.0,0.0,6.58,2.69,0.0
20230422:0110,0.0,0.0,0.0,5.95,2.55,0.0
20230422:0210,0.0,0.0,0.0,5.28,2.48,0.0
20230422:0310,0.0,0.83,2.27,4.82,2.34,0.0
20230422:0410,54.49,79.62,11.64,5.3,2.14,0.0
20230422:0510,250.23,304.8,21.17,7.91,2.21,0.0
20230422:0610,406.77,466.29,30.47,10.05,2.55,0.0
20230422:0710,433.93,499.07,39.02,11.65,2.55,0.0
20230422:0810,633.11,740.24,46.08,13.01,2.69,0.0
20230422:0910,850.66,1024.9,50.63,14.6,3.03,0.0
20230422:1010,871.89,1052.2,51.65,15.38,3.45,0.0
20230422:1110,815.28,974.79,48.86,15.76,3.66,0.0
20230422:1210,647.99,761.26,42.97,15.89,3.66,0.0
20230422:1310,579.85,677.39,35.1,15.74,3.59,0.0
20230422:1410,357.56,425.69,26.12,15.3,3.1,0.0
20230422:1510,142.31,202.83,16.65,14.54,2.41,0.0
20230422:1610,20.63,37.21,7.15,13.6,2.21,0.0
20230422:1710,0.0,0.0,0.0,12.36,2.28,0.0
20230422:1810,0.0,0.0,0.0,11.39,2.28,0.0
20230422:1910,0.0,0.0,0.0,10.45,1.93,0.0
20230422:2010,0.0,0.0,0.0,8.66,2.0,0.0
20230422:2110,0.0,0.0,0.0,7.47,2.0,0.0
20230422:2210,0.0,0.0,0.0,6.85,1.93,0.0
20230422:2310,0.0,0.0,0.0,6.5,1.93,0.0
20230423:0010,0.0,0.0,0.0,6.33,1.86,0.0
20230423:0110,0.0,0.0,0.0,6.34,1.72,0.0
20230423:0210,0.0,0.0,0.0,6.3,1.72,0.0
20230423:0310,0.0,1.65,2.56,6.48,1.66,0.0
20230423:0410,3.49,12.55,11.92,7.47,1.24,0.0
20230423:0510,90.02,116.92,21.46,9.39,0.62,0.0
20230423:0610,256.05,303.95,30.77,12.01,0.41,0.0
20230423:0710,575.79,697.53,39.33,13.81,0.07,0.0
20230423:0810,724.74,905.83,46.41,15.44,0.34,0.0
20230423:0910,370.13,443.8,50.97,16.57,0.83,0.0
20230423:1010,198.43,243.5,51.98,16.83,1.38,0.0
20230423:1110,174.07,216.06,49.16,17.33,1.59,0.0
20230423:1210,528.3,635.18,43.24,17.45,1.38,0.0
20230423:1310,410.43,489.67,35.34,17.29,1.38,0.0
20230423:1410,339.21,411.36,26.34,16.99,1.45,0.0
20230423:1510,134.98,190.51,16.87,16.45,1.31,0.0
20230423:1610,17.27,33.07,7.37,15.41,1.45,0.0
20230423:1710,0.0,0.0,0.0,13.52,1.79,0.0
20230423:1810,0.0,0.0,0.0,10.91,2.0,0.0
20230423:1910,0.0,0.0,0.0,9.5,1.93,0.0
20230423:2010,0.0,0.0,0.0,8.75,1.93,0.0
20230423:2110,0.0,0.0,0.0,7.86,2.0,0.0
20230423:2210,0.0,0.0,0.0,6.73,2.21,0.0
20230423:2310,0.0,0.0,0.0,6.09,2.34,0.0
20230424:0010,0.0,0.0,0.0,5.75,2.28,0.0
20230424:0110,0.0,0.0,0.0,5.2,2.14,0.0
20230424:0210,0.0,0.0,0.0,4.69,2.07,0.0
20230424:0310,0.0,1.65,2.85,4.15,2.0,0.0
20230424:0410,32.38,50.21,12.21,5.12,1.52,0.0
20230424:0510,37.02,56.48,21.74,9.08,1.24,0.0
20230424:0610,448.23,523.58,31.05,11.9,1.38,0.0
20230424:0710,643.31,760.36,39.63,13.76,1.93,0.0
20230424:0810,774.66,933.43,46.73,15.83,2.62,0.0
20230424:0910,784.22,947.35,51.3,17.14,3.24,0.0
20230424:1010,548.58,650.8,52.31,17.73,3.24,0.0
20230424:1110,616.05,735.69,49.46,17.94,3.03,0.0
20230424:1210,89.0,119.24,43.51,17.85,2.97,0.0
20230424:1310,42.87,65.45,35.58,17.74,2.97,0.0
20230424:1410,370.53,446.47,26.57,17.09,2.62,0.0
20230424:1510,139.81,199.76,17.09,16.32,2.28,0.0
20230424:1610,19.17,35.55,7.6,15.3,2.21,0.0
20230424:1710,0.0,0.0,0.0,13.47,2.55,0.0
20230424:1810,0.0,0.0,0.0,12.11,2.62,0.0
20230424:1910,0.0,0.0,0.0,11.42,2.41,0.0
20230424:2010,0.0,0.0,0.0,10.52,2.48,0.0
20230424:2110,0.0,0.0,0.0,9.75,2.48,0.0
20230424:2210,0.0,0.0,0.0,9.21,2.48,0.0
20230424:2310,0.0,0.0,0.0,8.82,2.41,0.0
20230425:0010,0.0,0.0,0.0,8.12,2.41,0.0
20230425:0110,0.0,0.0,0.0,7.46,2.28,0.0
20230425:0210,0.0,0.0,0.0,6.78,2.14,0.0
20230425:0310,0.0,1.65,3.14,6.11,2.07,0.0
20230425:0410,56.36,100.35,12.48,6.83,1.72,0.0
20230425:0510,262.45,323.19,22.02,10.01,1.79,0.0
20230425:0610,488.65,569.06,31.34,12.24,2.07,0.0
20230425:0710,645.33,764.13,39.93,14.61,2.14,0.0
20230425:0810,771.8,927.06,47.04,16.23,2.97,0.0
20230425:0910,630.96,750.05,51.63,16.91,3.17,0.0
20230425:1010,633.42,756.54,52.63,17.58,3.1,0.0
20230425:1110,562.6,668.67,49.75,18.0,3.17,0.0
20230425:1210,535.3,634.96,43.77,18.21,3.1,0.0
20230425:1310,311.46,371.33,35.82,18.31,3.03,0.0
20230425:1410,360.67,436.31,26.79,18.26,2.9,0.0
20230425:1510,137.58,196.12,17.31,17.86,2.28,0.0
20230425:1610,19.67,36.38,7.82,16.57,2.07,0.0
20230425:1710,0.0,0.0,0.0,14.55,2.55,0.0
20230425:1810,0.0,0.0,0.0,12.87,2.69,0.0
20230425:1910,0.0,0.0,0.0,12.3,2.41,0.0
20230425:2010,0.0,0.0,0.0,11.31,2.41,0.0
20230425:2110,0.0,0.0,0.0,10.55,2.41,0.0
20230425:2210,0.0,0.0,0.0,9.51,2.41,0.0
20230425:2310,0.0,0.0,0.0,8.53,2.34,0.0
20230426:0010,0.0,0.0,0.0,7.98,2.55,0.0
20230426:0110,0.0,0.0,0.0,7.83,2.69,0.0
20230426:0210,0.0,0.0,0.0,7.99,2.76,0.0
20230426:0310,0.0,1.65,3.42,8.09,2.69,0.0
20230426:0410,26.66,43.93,12.76,8.41,2.62,0.0
20230426:0510,17.95,33.17,22.29,9.21,2.62,0.0
20230426:0610,160.74,193.95,31.62,10.23,2.83,0.0
20230426:0710,310.09,357.69,40.23,11.42,3.52,0.0
20230426:0810,500.13,573.11,47.36,12.78,4.28,0.0
20230426:0910,260.87,306.86,51.96,13.75,4.41,0.0
20230426:1010,205.56,246.69,52.95,14.58,4.55,0.0
20230426:1110,352.49,410.61,50.05,14.16,3.52,0.0
20230426:1210,117.47,148.82,44.03,13.74,3.66,0.0
20230426:1310,43.74,65.45,36.05,13.88,3.45,0.0
20230426:1410,84.38,112.07,27.01,13.84,2.9,0.0
20230426:1510,55.03,78.77,17.52,13.68,2.55,0.0
20230426:1610,23.27,40.52,8.04,13.27,2.55,0.0
20230426:1710,0.0,0.0,0.0,12.51,2.41,0.0
20230426:1810,0.0,0.0,0.0,11.7,2.28,0.0
20230426:1910,0.0,0.0,0.0,11.28,2.28,0.0
20230426:2010,0.0,0.0,0.0,10.96,1.79,0.0
20230426:2110,0.0,0.0,0.0,10.21,1.24,0.0
20230426:2210,0.0,0.0,0.0,10.01,1.03,0.0
20230426:2310,0.0,0.0,0.0,9.65,1.52,0.0
20230427:0010,0.0,0.0,0.0,9.26,1.86,0.0
20230427:0110,0.0,0.0,0.0,8.51,2.48,0.0
20230427:0210,0.0,0.0,0.0,7.78,2.97,0.0
20230427:0310,0.0,2.48,3.69,7.16,2.97,0.0
20230427:0410,4.05,13.45,13.03,6.68,3.52,0.0
20230427:0510,17.51,32.27,22.56,6.5,3.45,0.0
20230427:0610,154.47,183.91,31.9,6.46,3.52,0.0
20230427:0710,139.93,168.55,40.52,6.65,3.66,0.0
20230427:0810,162.55,192.75,47.67,6.76,3.93,0.0
20230427:0910,152.64,181.99,52.28,6.69,4.28,0.0
20230427:1010,136.57,164.96,53.27,6.96,4.48,0.0
20230427:1110,108.93,135.38,50.34,7.1,4.62,0.0
20230427:1210,85.71,110.27,44.29,7.13,4.69,0.0
20230427:1310,73.37,96.82,36.29,7.2,4.62,0.0
20230427:1410,42.09,61.86,27.23,7.44,5.24,0.0
20230427:1510,46.69,67.24,17.74,7.83,4.83,0.0
20230427:1610,0.41,6.61,8.26,8.05,4.28,0.0
20230427:1710,0.0,0.0,0.0,8.12,3.79,0.0
20230427:1810,0.0,0.0,0.0,8.17,3.59,0.0
20230427:1910,0.0,0.0,0.0,8.35,3.52,0.0
20230427:2010,0.0,0.0,0.0,8.34,3.45,0.0
20230427:2110,0.0,0.0,0.0,8.34,3.59,0.0
20230427:2210,0.0,0.0,0.0,8.31,3.59,0.0
20230427:2310,0.0,0.0,0.0,8.15,3.59,0.0
20230428:0010,0.0,0.0,0.0,7.97,3.59,0.0
20230428:0110,0.0,0.0,0.0,7.66,3.59,0.0
20230428:0210,0.0,0.0,0.0,7.2,3.66,0.0
20230428:0310,0.08,5.79,3.96,6.7,3.79,0.0
20230428:0410,69.53,102.19,13.29,6.63,3.79,0.0
20230428:0510,236.83,282.47,22.83,7.27,3.93,0.0
20230428:0610,467.07,526.35,32.17,8.61,4.28,0.0
20230428:0710,681.36,770.16,40.8,9.77,4.76,0.0
20230428:0810,828.06,947.71,47.97,11.09,5.66,0.0
20230428:0910,788.38,905.09,52.6,11.88,5.79,0.0
20230428:1010,909.73,1057.58,53.58,12.3,5.72,0.0
20230428:1110,785.05,903.82,50.62,12.5,5.66,0.0
20230428:1210,712.13,812.18,44.55,12.36,5.79,0.0
20230428:1310,545.16,617.36,36.52,11.92,5.59,0.0
20230428:1410,335.67,389.61,27.45,11.55,5.17,0.0
20230428:1510,153.18,214.47,17.95,11.24,4.62,0.0
20230428:1610,23.6,40.52,8.47,10.72,4.0,0.0
20230428:1710,0.0,0.0,0.0,9.71,3.59,0.0
20230428:1810,0.0,0.0,0.0,8.89,3.38,0.0
20230428:1910,0.0,0.0,0.0,8.33,3.24,0.0
20230428:2010,0.0,0.0,0.0,7.59,3.31,0.0
20230428:2110,0.0,0.0,0.0,6.98,3.24,0.0
20230428:2210,0.0,0.0,0.0,6.4,3.17,0.0
20230428:2310,0.0,0.0,0.0,5.76,3.1,0.0
20230429:0010,0.0,0.0,0.0,5.2,2.97,0.0
20230429:0110,0.0,0.0,0.0,4.63,2.83,0.0
20230429:0210,0.0,0.0,0.0,4.07,2.76,0.0
20230429:0310,2.07,9.92,4.23,3.57,2.62,0.0
20230429:0410,63.43,111.0,13.55,4.33,2.41,0.0
20230429:0510,289.34,348.07,23.09,6.39,2.76,0.0
20230429:0610,528.53,599.32,32.44,8.19,3.17,0.0
20230429:0710,698.97,797.78,41.08,9.7,3.72,0.0
20230429:0810,837.53,974.5,48.27,10.87,3.93,0.0
20230429:0910,907.07,1072.15,52.91,11.89,3.93,0.0
20230429:1010,924.56,1098.76,53.89,12.56,4.0,0.0
20230429:1110,880.63,1043.03,50.91,13.22,4.0,0.0
20230429:1210,764.98,894.53,44.8,13.56,3.93,0.0
20230429:1310,606.68,701.45,36.75,13.63,3.86,0.0
20230429:1410,389.32,458.41,27.66,13.4,3.72,0.0
20230429:1510,154.6,219.81,18.16,12.99,3.31,0.0
20230429:1610,20.8,37.21,8.69,12.1,2.55,0.0
20230429:1710,0.0,0.0,0.0,10.68,2.34,0.0
20230429:1810,0.0,0.0,0.0,9.31,2.48,0.0
20230429:1910,0.0,0.0,0.0,8.77,2.48,0.0
20230429:2010,0.0,0.0,0.0,7.64,2.48,0.0
20230429:2110,0.0,0.0,0.0,6.75,2.48,0.0
20230429:2210,0.0,0.0,0.0,6.09,2.48,0.0
20230429:2310,0.0,0.0,0.0,5.75,2.55,0.0
20230430:0010,0.0,0.0,0.0,5.51,2.55,0.0
20230430:0110,0.0,0.0,0.0,5.22,2.55,0.0
20230430:0210,0.0,0.0,0.0,4.98,2.48,0.0
20230430:0310,0.0,3.31,4.49,4.62,2.55,0.0
20230430:0410,60.52,84.18,13.81,5.61,2.41,0.0
20230430:0510,142.24,173.63,23.34,7.98,2.55,0.0
20230430:0610,140.74,171.81,32.7,9.99,3.59,0.0
20230430:0710,209.48,246.3,41.36,10.48,4.62,0.0
20230430:0810,212.85,250.64,48.56,11.05,4.9,0.0
20230430:0910,177.32,212.48,53.22,11.52,4.97,0.0
20230430:1010,503.39,573.5,54.19,11.82,5.03,0.0
20230430:1110,392.32,448.66,51.19,11.97,4.97,0.0
20230430:1210,401.72,458.71,45.05,11.95,4.76,0.0
20230430:1310,316.4,364.58,36.97,12.01,4.41,0.0
20230430:1410,284.36,333.3,27.87,11.84,3.72,0.0
20230430:1510,95.18,125.08,18.37,11.7,3.31,0.0
20230430:1610,26.19,43.82,8.9,11.19,2.83,0.0
20230430:1710,0.0,0.0,0.0,10.42,2.28,0.0
20230430:1810,0.0,0.0,0.0,9.68,2.0,0.0
20230430:1910,0.0,0.0,0.0,8.96,1.52,0.0
20230430:2010,0.0,0.0,0.0,8.41,1.03,0.0
20230430:2110,0.0,0.0,0.0,9.06,0.83,0.0
20230430:2210,0.0,0.0,0.0,5.85,1.66,0.0
20230430:2310,0.0,0.0,0.0,5.13,1.93,0.0
20230501:0010,0.0,0.0,0.0,4.91,2.21,0.0
20230501:0110,0.0,0.0,0.0,5.25,2.55,0.0
20230501:0210,0.0,0.0,0.0,5.88,3.31,0.0
20230501:0310,0.0,4.13,4.75,6.46,3.93,0.0
20230501:0410,71.93,113.53,14.06,7.31,4.41,0.0
20230501:0510,278.97,335.53,23.59,8.52,4.76,0.0
20230501:0610,517.8,583.41,32.95,9.79,5.52,0.0
20230501:0710,693.53,785.98,41.63,11.25,5.59,0.0
20230501:0810,829.15,953.76,48.85,12.23,5.79,0.0
20230501:0910,907.59,1056.1,53.52,12.81,5.86,0.0
20230501:1010,914.06,1067.71,54.49,13.23,5.79,0.0
20230501:1110,878.5,1025.81,51.46,13.51,5.45,0.0
20230501:1210,759.18,879.31,45.3,13.8,5.03,0.0
20230501:1310,606.21,697.17,37.19,13.87,4.76,0.0
20230501:1410,390.63,459.31,28.09,13.83,4.55,0.0
20230501:1510,154.62,219.43,18.58,13.37,3.93,0.0
20230501:1610,23.38,40.52,9.12,12.43,2.76,0.0
20230501:1710,0.0,0.0,0.0,10.85,2.34,0.0
20230501:1810,0.0,0.0,0.0,9.38,2.28,0.0
20230501:1910,0.0,0.0,0.0,8.89,2.07,0.0
20230501:2010,0.0,0.0,0.0,7.19,2.0,0.0
20230501:2110,0.0,0.0,0.0,6.12,1.93,0.0
20230501:2210,0.0,0.0,0.0,5.73,1.79,0.0
20230501:2310,0.0,0.0,0.0,5.81,1.66,0.0
20230502:0010,0.0,0.0,0.0,6.12,1.38,0.0
20230502:0110,0.0,0.0,0.0,5.65,1.38,0.0
20230502:0210,0.0,0.0,0.0,3.95,1.72,0.0
20230502:0310,5.06,14.88,5.0,2.8,1.93,0.0
20230502:0410,76.21,115.39,14.31,4.28,1.66,0.0
20230502:0510,276.96,337.08,23.84,8.62,1.72,0.0
20230502:0610,505.36,584.6,33.21,10.94,2.21,0.0
20230502:0710,0.0,0.0,0.0,12.45,2.55,0.0
20230502:0810,799.36,954.61,49.14,14.0,2.83,0.0
20230502:0910,864.21,1050.08,53.82,15.11,2.83,0.0
20230502:1010,859.6,1049.17,54.79,15.96,2.83,0.0
20230502:1110,834.92,1014.43,51.74,16.64,3.03,0.0
20230502:1210,719.3,859.29,45.54,17.14,3.24,0.0
20230502:1310,571.56,675.14,37.42,17.45,3.31,0.0
20230502:1410,372.35,448.32,28.29,17.54,3.24,0.0
20230502:1510,152.01,219.62,18.79,17.22,2.9,0.0
20230502:1610,24.9,43.0,9.33,15.91,2.83,0.0
20230502:1710,0.0,0.0,0.0,14.07,3.17,0.0
20230502:1810,0.0,0.0,0.0,12.75,3.45,0.0
20230502:1910,0.0,0.0,0.0,12.79,3.38,0.0
20230502:2010,0.0,0.0,0.0,12.11,3.31,0.0
20230502:2110,0.0,0.0,0.0,11.42,3.17,0.0
20230502:2210,0.0,0.0,0.0,10.71,3.17,0.0
20230502:2310,0.0,0.0,0.0,10.2,3.17,0.0
20230503:0010,0.0,0.0,0.0,9.84,3.24,0.0
20230503:0110,0.0,0.0,0.0,9.49,3.31,0.0
20230503:0210,0.0,0.0,0.0,9.21,3.31,0.0
20230503:0310,0.0,4.13,5.25,8.91,3.31,0.0
20230503:0410,77.52,111.99,14.55,9.62,3.24,0.0
20230503:0510,270.49,331.01,24.08,11.37,3.1,0.0
20230503:0610,487.18,562.46,33.45,13.17,3.79,0.0
20230503:0710,405.74,470.63,42.15,14.81,4.0,0.0
20230503:0810,735.21,869.08,49.41,16.5,4.28,0.0
20230503:0910,850.49,1024.66,54.12,17.9,4.41,0.0
20230503:1010,844.89,1022.92,55.08,18.96,4.48,0.0
20230503:1110,809.04,978.3,52.01,19.9,4.55,0.0
20230503:1210,694.26,832.61,45.78,20.6,4.41,0.0
20230503:1310,431.12,514.22,37.63,20.99,4.07,0.0
20230503:1410,287.77,352.03,28.5,20.96,3.59,0.0
20230503:1510,113.29,153.7,18.99,20.2,2.28,0.0
20230503:1610,29.7,49.61,9.54,18.85,1.52,0.0
20230503:1710,0.0,0.0,0.0,16.93,1.38,0.0
20230503:1810,0.0,0.0,0.0,14.9,1.45,0.0
20230503:1910,0.0,0.0,0.0,13.67,2.34,0.0
20230503:2010,0.0,0.0,0.0,12.58,2.41,0.0
20230503:2110,0.0,0.0,0.0,11.65,2.34,0.0
20230503:2210,0.0,0.0,0.0,11.04,2.34,0.0
20230503:2310,0.0,0.0,0.0,10.21,2.21,0.0
20230504:0010,0.0,0.0,0.0,9.65,2.14,0.0
20230504:0110,0.0,0.0,0.0,9.26,2.07,0.0
20230504:0210,0.0,0.0,0.0,8.89,2.07,0.0
20230504:0310,0.0,4.13,5.49,8.73,2.0,0.0
20230504:0410,39.97,60.07,14.78,9.67,1.59,0.0
20230504:0510,192.07,234.1,24.32,11.14,1.79,0.0
20230504:0610,289.77,341.11,33.69,12.67,1.45,0.0
20230504:0710,437.52,517.19,42.41,14.21,0.97,0.0
20230504:0810,663.57,821.81,49.69,15.8,0.34,0.0
20230504:0910,632.55,780.4,54.41,16.82,0.62,0.0
20230504:1010,607.99,744.97,55.37,17.64,1.03,0.0
20230504:1110,658.8,809.69,52.27,18.25,1.38,0.0
20230504:1210,415.22,499.16,46.02,18.61,1.45,0.0
20230504:1310,450.87,541.71,37.85,18.62,1.52,0.0
20230504:1410,286.31,347.47,28.71,17.76,2.07,0.0
20230504:1510,62.69,88.56,19.19,16.53,2.97,0.0
20230504:1610,33.73,53.75,9.74,15.01,3.72,0.0
20230504:1710,0.0,0.0,0.0,13.38,3.79,0.0
20230504:1810,0.0,0.0,0.0,12.0,3.52,0.0
20230504:1910,0.0,0.0,0.0,10.98,3.59,0.0
20230504:2010,0.0,0.0,0.0,10.28,3.31,0.0
20230504:2110,0.0,0.0,0.0,9.84,2.69,0.0
20230504:2210,0.0,0.0,0.0,9.58,2.41,0.0
20230504:2310,0.0,0.0,0.0,9.25,2.14,0.0
20230505:0010,0.0,0.0,0.0,9.07,2.14,0.0
20230505:0110,0.0,0.0,0.0,8.83,2.41,0.0
20230505:0210,0.0,0.0,0.0,8.54,2.69,0.0
20230505:0310,0.0,4.13,5.73,8.18,2.76,0.0
20230505:0410,5.69,16.14,15.02,8.3,2.97,0.0
20230505:0510,59.83,82.48,24.55,8.81,3.03,0.0
20230505:0610,343.33,392.91,33.93,9.49,2.97,0.0
20230505:0710,390.03,445.63,42.66,10.17,2.9,0.0
20230505:0810,726.91,849.22,49.96,11.56,2.9,0.0
20230505:0910,803.11,952.74,54.69,12.78,3.03,0.0
20230505:1010,861.09,1032.08,55.66,13.9,3.24,0.0
20230505:1110,728.56,863.84,52.53,14.43,3.03,0.0
20230505:1210,692.13,818.51,46.25,14.66,2.76,0.0
20230505:1310,567.4,663.77,38.06,14.77,2.83,0.0
20230505:1410,358.07,426.39,28.91,14.64,2.69,0.0
20230505:1510,153.38,218.56,19.39,14.44,2.55,0.0
20230505:1610,34.55,54.57,9.95,13.96,1.86,0.0
20230505:1710,0.0,0.0,0.0,12.81,1.72,0.0
20230505:1810,0.0,0.0,0.0,11.07,2.07,0.0
20230505:1910,0.0,0.0,0.0,10.3,2.69,0.0
20230505:2010,0.0,0.0,0.0,9.59,3.03,0.0
20230505:2110,0.0,0.0,0.0,8.89,3.03,0.0
20230505:2210,0.0,0.0,0.0,8.1,2.9,0.0
20230505:2310,0.0,0.0,0.0,7.36,2.76,0.0
20230506:0010,0.0,0.0,0.0,6.68,2.83,0.0
20230506:0110,0.0,0.0,0.0,6.21,2.97,0.0
20230506:0210,0.0,0.0,0.0,5.63,3.03,0.0
20230506:0310,0.0,4.96,5.96,5.32,3.17,0.0
20230506:0410,84.05,122.57,15.24,5.55,3.59,0.0
20230506:0510,287.43,342.12,24.77,6.32,3.72,0.0
20230506:0610,515.49,579.85,34.16,7.52,3.79,0.0
20230506:0710,699.56,792.86,42.9,8.77,4.0,0.0
20230506:0810,826.22,953.29,50.22,9.93,4.14,0.0
20230506:0910,893.82,1047.02,54.97,10.85,4.07,0.0
20230506:1010,908.06,1071.72,55.94,11.52,3.93,0.0
20230506:1110,859.52,1011.22,52.79,11.98,3.79,0.0
20230506:1210,758.82,882.47,46.48,12.2,3.72,0.0
20230506:1310,593.62,682.07,38.28,12.26,3.72,0.0
20230506:1410,392.27,459.01,29.11,12.02,3.79,0.0
20230506:1510,159.36,223.21,19.59,11.61,3.59,0.0
20230506:1610,27.57,45.48,10.15,11.0,2.83,0.0
20230506:1710,0.0,0.0,0.0,9.94,2.14,0.0
20230506:1810,0.0,0.0,0.0,8.68,2.14,0.0
20230506:1910,0.0,0.0,0.0,7.8,2.14,0.0
20230506:2010,0.0,0.0,0.0,7.23,2.21,0.0
20230506:2110,0.0,0.0,0.0,6.91,2.55,0.0
20230506:2210,0.0,0.0,0.0,6.44,3.03,0.0
20230506:2310,0.0,0.0,0.0,6.13,3.31,0.0
20230507:0010,0.0,0.0,0.0,5.96,3.38,0.0
20230507:0110,0.0,0.0,0.0,5.95,3.24,0.0
20230507:0210,0.0,0.0,0.0,5.9,2.55,0.0
20230507:0310,0.0,4.96,6.19,5.81,2.48,0.0
20230507:0410,6.37,17.03,15.46,5.81,2.69,0.0
20230507:0510,61.42,83.38,24.99,6.2,3.17,0.0
20230507:0610,134.91,163.39,34.39,6.94,3.52,0.0
20230507:0710,196.09,230.04,43.14,7.99,3.31,0.0
20230507:0810,251.2,290.8,50.48,9.35,4.0,0.0
20230507:0910,254.17,295.03,55.25,10.17,4.28,0.0
20230507:1010,227.81,267.17,56.21,10.75,4.07,0.0
20230507:1110,183.08,218.75,53.05,10.97,3.72,0.0
20230507:1210,168.25,202.61,46.71,11.04,3.72,0.0
20230507:1310,133.7,164.96,38.48,11.18,3.79,0.0
20230507:1410,66.34,90.55,29.31,11.11,3.79,0.0
20230507:1510,42.11,62.76,19.79,10.81,3.45,0.0
20230507:1610,27.65,45.48,10.35,10.41,2.69,0.0
20230507:1710,0.0,0.0,0.0,9.6,2.41,0.0
20230507:1810,0.0,0.0,0.0,8.72,2.69,0.0
20230507:1910,0.0,0.0,0.0,8.77,3.45,0.0
20230507:2010,0.0,0.0,0.0,8.57,3.52,0.0
20230507:2110,0.0,0.0,0.0,8.36,3.52,0.0
20230507:2210,0.0,0.0,0.0,8.11,3.38,0.0
20230507:2310,0.0,0.0,0.0,7.8,3.1,0.0
20230508:0010,0.0,0.0,0.0,7.51,3.03,0.0
20230508:0110,0.0,0.0,0.0,7.08,3.03,0.0
20230508:0210,0.0,0.0,0.0,6.68,3.03,0.0
20230508:0310,0.0,4.96,6.41,6.49,3.17,0.0
20230508:0410,50.28,71.2,15.68,6.51,3.24,0.0
20230508:0510,99.57,125.5,25.21,7.05,3.66,0.0
20230508:0610,265.05,303.47,34.61,7.7,3.79,0.0
20230508:0710,598.15,676.29,43.37,9.16,3.93,0.0
20230508:0810,702.22,803.61,50.73,10.22,4.14,0.0
20230508:0910,581.06,661.01,55.52,11.28,5.1,0.0
20230508:1010,390.83,447.14,56.48,11.82,5.03,0.0
20230508:1110,453.03,516.65,53.3,11.82,4.9,0.0
20230508:1210,344.77,395.33,46.94,11.37,4.41,0.0
20230508:1310,377.59,431.13,38.69,11.22,4.28,0.0
20230508:1410,155.42,188.82,29.5,11.41,4.41,0.0
20230508:1510,135.47,174.68,19.98,10.95,4.07,0.0
20230508:1610,39.42,59.53,10.55,10.48,3.66,0.0
20230508:1710,0.0,0.0,0.0,9.64,3.03,0.0
20230508:1810,0.0,0.0,0.0,8.51,2.48,0.0
20230508:1910,0.0,0.0,0.0,8.3,2.55,0.0
20230508:2010,0.0,0.0,0.0,7.32,2.48,0.0
20230508:2110,0.0,0.0,0.0,6.57,2.55,0.0
20230508:2210,0.0,0.0,0.0,5.96,2.62,0.0
20230508:2310,0.0,0.0,0.0,5.56,2.55,0.0
20230509:0010,0.0,0.0,0.0,5.22,2.48,0.0
20230509:0110,0.0,0.0,0.0,4.82,2.48,0.0
20230509:0210,0.0,0.0,0.0,4.18,2.48,0.0
20230509:0310,0.0,4.96,6.63,3.89,2.41,0.0
20230509:0410,20.48,35.86,15.89,5.17,2.21,0.0
20230509:0510,158.99,190.99,25.42,7.17,2.83,0.0
20230509:0610,315.32,360.69,34.82,8.86,3.17,0.0
20230509:0710,624.3,715.81,43.6,10.69,3.31,0.0
20230509:0810,418.25,478.74,50.98,12.03,4.48,0.0
20230509:0910,577.58,663.78,55.78,12.57,4.48,0.0
20230509:1010,437.61,503.33,56.75,12.58,4.14,0.0
20230509:1110,262.81,308.35,53.55,12.81,3.86,0.0
20230509:1210,222.01,263.21,47.16,12.62,3.52,0.0
20230509:1310,199.78,238.76,38.89,12.72,3.38,0.0
20230509:1410,116.66,147.14,29.7,12.37,3.38,0.0
20230509:1510,145.22,189.75,20.17,12.18,3.38,0.0
20230509:1610,34.29,53.75,10.75,11.68,2.9,0.0
20230509:1710,0.0,1.65,1.78,10.39,2.55,0.0
20230509:1810,0.0,0.0,0.0,8.92,2.55,0.0
20230509:1910,0.0,0.0,0.0,9.3,2.34,0.0
20230509:2010,0.0,0.0,0.0,8.46,2.28,0.0
20230509:2110,0.0,0.0,0.0,7.64,2.21,0.0
20230509:2210,0.0,0.0,0.0,6.92,2.14,0.0
20230509:2310,0.0,0.0,0.0,6.29,2.14,0.0
20230510:0010,0.0,0.0,0.0,6.04,2.14,0.0
20230510:0110,0.0,0.0,0.0,5.72,2.14,0.0
20230510:0210,0.0,0.0,0.0,5.4,2.07,0.0
20230510:0310,5.51,15.71,6.84,5.35,1.93,0.0
20230510:0410,53.4,74.78,16.09,6.41,1.72,0.0
20230510:0510,266.31,319.18,25.62,8.02,2.07,0.0
20230510:0610,496.48,569.89,35.03,9.42,2.21,0.0
20230510:0710,540.3,623.01,43.82,10.93,2.34,0.0
20230510:0810,571.99,661.17,51.22,12.28,3.24,0.0
20230510:0910,375.82,435.58,56.04,12.97,3.45,0.0
20230510:1010,142.59,176.62,57.01,13.43,3.03,0.0
20230510:1110,224.33,267.53,53.79,13.62,2.97,0.0
20230510:1210,308.09,361.05,47.38,13.55,2.69,0.0
20230510:1310,96.49,125.51,39.09,13.42,2.48,0.0
20230510:1410,286.3,339.22,29.89,13.26,2.55,0.0
20230510:1510,153.5,205.77,20.36,13.1,2.69,0.0
20230510:1610,35.51,55.4,10.94,12.49,2.21,0.0
20230510:1710,0.0,2.48,1.98,11.21,2.0,0.0
20230510:1810,0.0,0.0,0.0,9.82,2.07,0.0
20230510:1910,0.0,0.0,0.0,9.0,2.0,0.0
20230510:2010,0.0,0.0,0.0,7.61,1.72,0.0
20230510:2110,0.0,0.0,0.0,7.17,1.66,0.0
20230510:2210,0.0,0.0,0.0,6.88,1.59,0.0
20230510:2310,0.0,0.0,0.0,6.24,1.66,0.0
20230511:0010,0.0,0.0,0.0,5.56,1.86,0.0
20230511:0110,0.0,0.0,0.0,5.62,1.93,0.0
20230511:0210,0.0,0.0,0.0,5.9,1.93,0.0
20230511:0310,0.08,5.79,7.05,6.29,1.86,0.0
20230511:0410,89.76,122.66,16.29,7.68,1.72,0.0
20230511:0510,126.36,156.76,25.82,9.37,1.59,0.0
20230511:0610,388.22,449.48,35.23,10.93,1.86,0.0
20230511:0710,666.31,784.19,44.04,12.8,2.14,0.0
20230511:0810,452.5,528.54,51.46,13.99,2.48,0.0
20230511:0910,395.08,463.66,56.3,14.73,2.55,0.0
20230511:1010,834.62,1013.61,57.27,15.43,2.76,0.0
20230511:1110,634.71,754.07,54.03,15.77,2.76,0.0
20230511:1210,411.26,483.31,47.59,15.64,2.62,0.0
20230511:1310,513.14,604.43,39.29,15.53,2.34,0.0
20230511:1410,297.45,356.62,30.07,15.57,2.21,0.0
20230511:1510,159.36,228.25,20.55,15.16,1.93,0.0
20230511:1610,28.37,47.13,11.13,14.52,1.66,0.0
20230511:1710,0.0,3.31,2.19,13.17,1.86,0.0
20230511:1810,0.0,0.0,0.0,11.35,2.0,0.0
20230511:1910,0.0,0.0,0.0,9.86,1.86,0.0
20230511:2010,0.0,0.0,0.0,8.61,2.0,0.0
20230511:2110,0.0,0.0,0.0,7.52,2.07,0.0
20230511:2210,0.0,0.0,0.0,6.68,2.07,0.0
20230511:2310,0.0,0.0,0.0,6.08,2.07,0.0
20230512:0010,0.0,0.0,0.0,5.65,2.0,0.0
20230512:0110,0.0,0.0,0.0,5.48,1.86,0.0
20230512:0210,0.0,0.0,0.0,5.22,1.86,0.0
20230512:0310,20.2,35.55,7.25,5.4,1.72,0.0
20230512:0410,78.97,129.65,16.49,7.83,1.03,0.0
20230512:0510,277.42,342.14,26.01,11.23,0.9,0.0
20230512:0610,480.15,569.12,35.43,13.5,0.97,0.0
20230512:0710,641.7,775.59,44.25,15.21,1.03,0.0
20230512:0810,720.16,882.71,51.68,16.56,1.45,0.0
20230512:0910,620.89,752.9,56.55,17.38,1.72,0.0
20230512:1010,614.94,744.37,57.52,17.83,2.0,0.0
20230512:1110,399.52,478.98,54.26,18.2,1.79,0.0
20230512:1210,409.03,491.7,47.8,18.72,1.59,0.0
20230512:1310,531.8,642.9,39.49,18.83,1.52,0.0
20230512:1410,284.06,347.37,30.26,18.74,1.52,0.0
20230512:1510,148.23,204.1,20.73,18.33,1.38,0.0
20230512:1610,33.88,54.57,11.32,17.53,0.83,0.0
20230512:1710,0.0,2.48,2.38,16.0,0.97,0.0
20230512:1810,0.0,0.0,0.0,14.06,1.17,0.0
20230512:1910,0.0,0.0,0.0,15.51,0.62,0.0
20230512:2010,0.0,0.0,0.0,14.96,0.34,0.0
20230512:2110,0.0,0.0,0.0,14.23,0.9,0.0
20230512:2210,0.0,0.0,0.0,11.54,1.38,0.0
20230512:2310,0.0,0.0,0.0,9.52,1.72,0.0
20230513:0010,0.0,0.0,0.0,8.81,1.72,0.0
20230513:0110,0.0,0.0,0.0,8.17,1.79,0.0
20230513:0210,0.0,0.0,0.0,7.72,1.79,0.0
20230513:0310,18.67,33.9,7.44,7.54,1.72,0.0
20230513:0410,76.5,129.91,16.68,9.89,1.03,0.0
20230513:0510,277.7,346.57,26.2,13.55,0.9,0.0
20230513:0610,476.62,570.82,35.62,15.96,1.1,0.0
20230513:0710,639.69,772.66,44.45,17.51,1.79,0.0
20230513:0810,764.6,937.29,51.91,18.81,2.48,0.0
20230513:0910,807.58,997.58,56.79,19.26,2.69,0.0
20230513:1010,774.8,958.82,57.77,19.63,2.48,0.0
20230513:1110,671.73,823.64,54.49,20.04,2.28,0.0
20230513:1210,328.5,397.39,48.01,20.17,2.07,0.0
20230513:1310,291.01,353.99,39.68,20.26,1.72,0.0
20230513:1410,188.12,235.53,30.44,20.15,1.52,0.0
20230513:1510,146.99,202.44,20.91,19.85,1.45,0.0
20230513:1610,35.0,56.23,11.51,18.87,1.17,0.0
20230513:1710,0.0,4.13,2.58,17.4,1.52,0.0
20230513:1810,0.0,0.0,0.0,14.98,1.52,0.0
20230513:1910,0.0,0.0,0.0,15.77,1.17,0.0
20230513:2010,0.0,0.0,0.0,13.49,1.52,0.0
20230513:2110,0.0,0.0,0.0,11.7,1.86,0.0
20230513:2210,0.0,0.0,0.0,10.32,2.07,0.0
20230513:2310,0.0,0.0,0.0,9.76,2.07,0.0
20230514:0010,0.0,0.0,0.0,9.46,2.14,0.0
20230514:0110,0.0,0.0,0.0,9.04,2.21,0.0
20230514:0210,0.0,0.0,0.0,8.75,2.21,0.0
20230514:0310,0.4,6.61,7.63,8.89,2.07,0.0
20230514:0410,14.37,28.69,16.86,10.94,1.52,0.0
20230514:0510,181.9,225.32,26.38,14.93,1.38,0.0
20230514:0610,436.54,523.75,35.81,17.21,1.31,0.0
20230514:0710,591.93,716.59,44.65,19.48,2.07,0.0
20230514:0810,740.04,912.76,52.13,21.11,2.69,0.0
20230514:0910,747.37,926.96,57.03,22.12,2.97,0.0
20230514:1010,301.51,369.35,58.01,22.56,2.69,0.0
20230514:1110,390.81,477.52,54.72,22.75,2.21,0.0
20230514:1210,563.92,695.71,48.22,22.64,1.79,0.0
20230514:1310,475.01,583.66,39.87,22.73,1.52,0.0
20230514:1410,349.01,436.05,30.62,22.7,1.45,0.0
20230514:1510,104.34,141.87,21.09,22.36,1.38,0.0
20230514:1610,38.51,61.19,11.69,21.35,0.69,0.0
20230514:1710,0.0,4.13,2.77,20.5,0.62,0.0
20230514:1810,0.0,0.0,0.0,19.28,0.55,0.0
20230514:1910,0.0,0.0,0.0,18.9,0.9,0.0
20230514:2010,0.0,0.0,0.0,15.31,1.52,0.0
20230514:2110,0.0,0.0,0.0,13.89,1.59,0.0
20230514:2210,0.0,0.0,0.0,14.02,1.31,0.0
20230514:2310,0.0,0.0,0.0,13.4,1.24,0.0
20230515:0010,0.0,0.0,0.0,13.01,1.1,0.0
20230515:0110,0.0,0.0,0.0,12.98,0.69,0.0
20230515:0210,0.0,0.0,0.0,12.47,0.34,0.0
20230515:0310,12.03,25.63,7.82,12.07,0.34,0.0
20230515:0410,86.58,133.8,17.04,12.52,0.14,0.0
20230515:0510,265.77,335.34,26.56,15.81,0.34,0.0
20230515:0610,455.14,553.81,35.99,18.88,0.9,0.0
20230515:0710,596.83,741.54,44.84,20.75,0.83,0.0
20230515:0810,735.74,928.37,52.34,22.44,1.72,0.0
20230515:0910,698.06,868.84,57.26,23.31,2.76,0.0
20230515:1010,806.77,1015.68,58.25,23.45,2.97,0.0
20230515:1110,707.72,877.21,54.94,23.55,3.17,0.0
20230515:1210,653.85,801.87,48.42,23.89,3.52,0.0
20230515:1310,532.67,646.73,40.05,24.05,3.79,0.0
20230515:1410,301.64,373.93,30.8,23.75,3.38,0.0
20230515:1510,138.72,189.56,21.27,22.85,2.48,0.0
20230515:1610,43.91,67.8,11.87,21.74,2.69,0.0
20230515:1710,0.01,5.79,2.96,20.01,3.1,0.0
20230515:1810,0.0,0.0,0.0,18.71,3.24,0.0
20230515:1910,0.0,0.0,0.0,17.7,2.69,0.0
20230515:2010,0.0,0.0,0.0,16.63,2.76,0.0
20230515:2110,0.0,0.0,0.0,15.85,2.83,0.0
20230515:2210,0.0,0.0,0.0,15.26,2.76,0.0
20230515:2310,0.0,0.0,0.0,14.55,2.62,0.0
20230516:0010,0.0,0.0,0.0,14.05,2.62,0.0
20230516:0110,0.0,0.0,0.0,13.74,2.62,0.0
20230516:0210,0.0,0.0,0.0,13.41,2.69,0.0
20230516:0310,0.37,6.61,8.0,13.32,2.69,0.0
20230516:0410,7.23,18.83,17.21,13.89,2.62,0.0
20230516:0510,36.79,57.38,26.73,14.63,2.76,0.0
20230516:0610,39.67,60.96,36.17,15.22,3.1,0.0
20230516:0710,126.51,159.58,45.03,14.69,3.31,0.0
20230516:0810,140.86,175.72,52.55,15.11,3.79,0.0
20230516:0910,359.08,420.55,57.49,15.59,4.07,0.0
20230516:1010,172.39,211.58,58.48,16.01,3.93,0.0
20230516:1110,237.43,284.77,55.16,16.39,3.93,0.0
20230516:1210,119.94,153.31,48.62,16.37,3.52,0.0
20230516:1310,155.94,194.12,40.23,17.04,3.66,0.0
20230516:1410,120.14,154.34,30.98,17.43,3.17,0.0
20230516:1510,39.93,61.86,21.45,17.6,3.03,0.0
20230516:1610,38.77,60.36,12.05,17.18,3.1,0.0
20230516:1710,0.0,3.31,3.15,16.46,3.24,0.0
20230516:1810,0.0,0.0,0.0,15.77,3.38,0.0
20230516:1910,0.0,0.0,0.0,15.39,3.1,0.0
20230516:2010,0.0,0.0,0.0,14.92,3.17,0.0
20230516:2110,0.0,0.0,0.0,14.54,3.38,0.0
20230516:2210,0.0,0.0,0.0,14.28,3.38,0.0
20230516:2310,0.0,0.0,0.0,13.95,3.24,0.0
20230517:0010,0.0,0.0,0.0,13.93,2.97,0.0
20230517:0110,0.0,0.0,0.0,13.76,2.76,0.0
20230517:0210,0.0,0.0,0.0,13.85,2.55,0.0
20230517:0310,0.36,6.61,8.17,13.91,2.48,0.0
20230517:0410,7.2,18.83,17.38,14.49,2.48,0.0
20230517:0510,30.75,50.21,26.89,15.38,2.34,0.0
20230517:0610,153.62,191.65,36.33,16.7,2.62,0.0
20230517:0710,292.17,348.22,45.21,17.64,3.52,0.0
20230517:0810,325.35,389.14,52.75,19.53,4.0,0.0
20230517:0910,289.73,350.0,57.71,20.52,4.14,0.0
20230517:1010,362.6,435.87,58.71,21.25,4.14,0.0
20230517:1110,345.94,415.46,55.37,20.51,3.72,0.0
20230517:1210,210.49,259.33,48.81,20.51,3.72,0.0
20230517:1310,397.23,473.76,40.41,20.19,3.66,0.0
20230517:1410,182.26,227.12,31.15,19.96,3.45,0.0
20230517:1510,118.67,157.96,21.62,20.19,3.24,0.0
20230517:1610,44.35,67.8,12.23,19.75,2.55,0.0
20230517:1710,0.0,4.96,3.34,18.82,2.34,0.0
20230517:1810,0.0,0.0,0.0,17.6,2.41,0.0
20230517:1910,0.0,0.0,0.0,16.82,2.34,0.0
20230517:2010,0.0,0.0,0.0,16.02,2.55,0.0
20230517:2110,0.0,0.0,0.0,15.34,2.69,0.0
20230517:2210,0.0,0.0,0.0,14.67,2.69,0.0
20230517:2310,0.0,0.0,0.0,14.16,2.55,0.0
20230518:0010,0.0,0.0,0.0,13.6,2.34,0.0
20230518:0110,0.0,0.0,0.0,12.61,2.14,0.0
20230518:0210,0.0,0.0,0.0,11.55,2.0,0.0
20230518:0310,26.19,43.82,8.34,11.05,1.86,0.0
20230518:0410,87.25,136.13,17.54,13.1,1.38,0.0
20230518:0510,268.59,336.73,27.05,16.2,1.59,0.0
20230518:0610,457.97,550.61,36.5,18.44,1.79,0.0
20230518:0710,615.56,755.45,45.39,20.49,1.59,0.0
20230518:0810,725.66,909.79,52.94,22.08,1.86,0.0
20230518:0910,781.77,991.49,57.92,23.05,2.14,0.0
20230518:1010,802.55,1025.78,58.93,23.73,2.14,0.0
20230518:1110,757.78,962.57,55.58,24.21,2.14,0.0
20230518:1210,681.71,852.85,49.0,24.51,2.34,0.0
20230518:1310,528.72,650.77,40.59,24.6,2.48,0.0
20230518:1410,351.54,439.69,31.32,24.48,2.55,0.0
20230518:1510,151.29,215.67,21.79,23.99,2.28,0.0
20230518:1610,32.33,53.75,12.4,22.91,1.86,0.0
20230518:1710,2.64,11.58,3.52,21.34,2.07,0.0
20230518:1810,0.0,0.0,0.0,19.58,2.14,0.0
20230518:1910,0.0,0.0,0.0,17.96,1.79,0.0
20230518:2010,0.0,0.0,0.0,16.1,1.93,0.0
20230518:2110,0.0,0.0,0.0,15.1,2.07,0.0
20230518:2210,0.0,0.0,0.0,14.47,2.28,0.0
20230518:2310,0.0,0.0,0.0,14.38,2.28,0.0
20230519:0010,0.0,0.0,0.0,14.39,2.34,0.0
20230519:0110,0.0,0.0,0.0,14.53,2.34,0.0
20230519:0210,0.0,0.0,0.0,14.78,2.48,0.0
20230519:0310,0.36,6.61,8.5,15.0,2.62,0.0
20230519:0410,7.73,19.72,17.69,15.86,2.62,0.0
20230519:0510,16.57,32.27,27.2,16.64,2.48,0.0
20230519:0610,64.85,91.45,36.65,17.87,2.69,0.0
20230519:0710,215.92,262.96,45.55,17.53,2.41,0.0
20230519:0810,658.42,790.12,53.13,18.59,3.17,0.0
20230519:0910,452.02,540.24,58.13,19.92,3.45,0.0
20230519:1010,712.0,865.36,59.15,20.3,3.52,0.0
20230519:1110,757.02,921.81,55.79,20.36,3.59,0.0
20230519:1210,524.52,627.11,49.19,20.93,3.93,0.0
20230519:1310,552.68,660.36,40.76,21.56,4.34,0.0
20230519:1410,344.9,420.23,31.49,21.23,4.55,0.0
20230519:1510,154.04,220.47,21.95,20.69,4.0,0.0
20230519:1610,33.51,54.57,12.57,20.09,3.1,0.0
20230519:1710,3.6,13.23,3.7,19.14,2.83,0.0
20230519:1810,0.0,0.0,0.0,17.99,2.9,0.0
20230519:1910,0.0,0.0,0.0,17.0,3.24,0.0
20230519:2010,0.0,0.0,0.0,16.35,3.17,0.0
20230519:2110,0.0,0.0,0.0,15.87,3.1,0.0
20230519:2210,0.0,0.0,0.0,15.25,2.97,0.0
20230519:2310,0.0,0.0,0.0,14.75,2.9,0.0
20230520:0010,0.0,0.0,0.0,14.39,2.9,0.0
20230520:0110,0.0,0.0,0.0,14.02,2.9,0.0
20230520:0210,0.0,0.0,0.0,13.58,2.9,0.0
20230520:0310,0.72,7.44,8.65,13.52,2.97,0.0
20230520:0410,95.19,133.09,17.84,14.37,3.1,0.0
20230520:0510,266.2,328.68,27.35,15.5,3.79,0.0
20230520:0610,470.91,552.71,36.81,16.82,4.0,0.0
20230520:0710,641.52,752.81,45.72,17.69,4.69,0.0
20230520:0810,765.03,911.63,53.31,18.75,4.83,0.0
20230520:0910,827.04,999.74,58.34,19.68,4.69,0.0
20230520:1010,843.56,1027.51,59.36,20.42,4.55,0.0
20230520:1110,795.35,964.39,55.99,20.94,4.62,0.0
20230520:1210,707.05,848.83,49.37,21.19,4.69,0.0
20230520:1310,567.02,674.95,40.93,21.18,4.76,0.0
20230520:1410,374.18,455.18,31.65,20.97,4.76,0.0
20230520:1510,156.55,223.95,22.12,20.49,4.62,0.0
20230520:1610,35.59,57.05,12.74,19.72,3.86,0.0
20230520:1710,3.15,12.4,3.87,18.45,3.52,0.0
20230520:1810,0.0,0.0,0.0,17.07,3.45,0.0
20230520:1910,0.0,0.0,0.0,16.49,3.86,0.0
20230520:2010,0.0,0.0,0.0,15.58,3.86,0.0
20230520:2110,0.0,0.0,0.0,14.66,3.72,0.0
20230520:2210,0.0,0.0,0.0,13.78,3.72,0.0
20230520:2310,0.0,0.0,0.0,12.95,3.66,0.0
20230521:0010,0.0,0.0,0.0,12.18,3.59,0.0
20230521:0110,0.0,0.0,0.0,11.48,3.38,0.0
20230521:0210,0.0,0.0,0.0,10.81,3.1,0.0
20230521:0310,30.37,48.78,8.8,10.47,2.97,0.0
20230521:0410,87.16,139.0,17.99,11.21,3.03,0.0
20230521:0510,286.88,350.37,27.49,12.55,3.86,0.0
20230521:0610,493.71,570.64,36.95,13.97,4.41,0.0
20230521:0710,617.79,715.41,45.87,15.1,4.83,0.0
20230521:0810,754.92,888.29,53.48,16.07,4.76,0.0
20230521:0910,819.14,979.24,58.53,16.94,4.41,0.0
20230521:1010,839.84,1014.3,59.56,17.85,4.14,0.0
20230521:1110,745.57,896.29,56.18,18.55,3.93,0.0
20230521:1210,476.11,564.26,49.55,18.95,3.79,0.0
20230521:1310,472.7,560.52,41.1,19.25,3.79,0.0
20230521:1410,352.37,426.49,31.81,19.21,3.66,0.0
20230521:1510,162.12,231.55,22.28,19.04,3.66,0.0
20230521:1610,34.45,55.4,12.91,18.49,3.03,0.0
20230521:1710,4.61,14.88,4.04,17.34,2.48,0.0
20230521:1810,0.0,0.0,0.0,15.75,2.48,0.0
20230521:1910,0.0,0.0,0.0,14.82,2.55,0.0
20230521:2010,0.0,0.0,0.0,13.85,2.62,0.0
20230521:2110,0.0,0.0,0.0,13.03,2.69,0.0
20230521:2210,0.0,0.0,0.0,12.34,2.76,0.0
20230521:2310,0.0,0.0,0.0,11.72,2.69,0.0
20230522:0010,0.0,0.0,0.0,11.14,2.69,0.0
20230522:0110,0.0,0.0,0.0,10.64,2.69,0.0
20230522:0210,0.0,0.0,0.0,10.2,2.62,0.0
20230522:0310,31.09,49.61,8.95,10.14,2.48,0.0
20230522:0410,87.41,139.44,18.13,11.65,2.21,0.0
20230522:0510,281.32,347.08,27.63,13.76,2.69,0.0
20230522:0610,485.5,571.57,37.09,15.69,2.83,0.0
20230522:0710,648.17,772.56,46.02,17.57,2.97,0.0
20230522:0810,734.14,889.97,53.65,19.39,3.31,0.0
20230522:0910,801.68,981.0,58.72,20.72,3.93,0.0
20230522:1010,729.37,891.23,59.76,21.24,3.72,0.0
20230522:1110,660.75,805.64,56.37,21.63,3.38,0.0
20230522:1210,607.83,738.0,49.72,21.9,3.24,0.0
20230522:1310,555.83,671.85,41.26,22.12,3.31,0.0
20230522:1410,378.67,465.99,31.97,21.94,3.31,0.0
20230522:1510,159.96,231.45,22.44,21.57,3.17,0.0
20230522:1610,36.04,57.88,13.07,20.79,2.83,0.0
20230522:1710,5.56,16.54,4.21,19.17,2.9,0.0
20230522:1810,0.0,0.0,0.0,17.6,3.45,0.0
20230522:1910,0.0,0.0,0.0,16.77,2.97,0.0
20230522:2010,0.0,0.0,0.0,15.89,3.17,0.0
20230522:2110,0.0,0.0,0.0,15.24,3.03,0.0
20230522:2210,0.0,0.0,0.0,14.72,2.69,0.0
20230522:2310,0.0,0.0,0.0,13.9,2.48,0.0
20230523:0010,0.0,0.0,0.0,13.19,2.34,0.0
20230523:0110,0.0,0.0,0.0,12.47,2.28,0.0
20230523:0210,0.0,0.0,0.0,12.01,2.14,0.0
20230523:0310,30.78,49.61,9.09,12.04,1.93,0.0
20230523:0410,90.46,139.67,18.26,13.63,1.72,0.0
20230523:0510,106.26,137.89,27.76,15.46,1.79,0.0
20230523:0610,413.11,493.15,37.22,17.29,1.86,0.0
20230523:0710,569.42,687.12,46.17,19.33,2.14,0.0
20230523:0810,730.14,897.91,53.82,20.69,2.62,0.0
20230523:0910,784.66,984.2,58.91,21.48,2.28,0.0
20230523:1010,752.12,947.37,59.96,22.26,2.07,0.0
20230523:1110,710.79,894.85,56.56,22.46,1.72,0.0
20230523:1210,611.96,761.96,49.9,22.74,1.52,0.0
20230523:1310,527.05,653.22,41.42,22.89,1.17,0.0
20230523:1410,358.16,446.89,32.13,22.33,1.45,0.0
20230523:1510,157.93,225.13,22.59,20.16,2.69,0.0
20230523:1610,52.09,76.9,13.23,18.98,2.0,0.0
20230523:1710,2.26,10.75,4.38,18.42,1.1,0.0
20230523:1810,0.0,0.0,0.0,17.6,1.59,0.0
20230523:1910,0.0,0.0,0.0,18.03,1.79,0.0
20230523:2010,0.0,0.0,0.0,16.62,1.86,0.0
20230523:2110,0.0,0.0,0.0,15.73,1.86,0.0
20230523:2210,0.0,0.0,0.0,14.91,1.66,0.0
20230523:2310,0.0,0.0,0.0,14.24,1.45,0.0
20230524:0010,0.0,0.0,0.0,14.49,1.17,0.0
20230524:0110,0.0,0.0,0.0,15.23,0.9,0.0
20230524:0210,0.0,0.0,0.0,14.82,0.76,0.0
20230524:0310,25.7,43.82,9.22,14.51,0.76,0.0
20230524:0410,84.56,137.65,18.38,14.92,0.48,0.0
20230524:0510,264.17,336.06,27.88,17.71,0.62,0.0
20230524:0610,363.9,443.52,37.35,19.53,0.76,0.0
20230524:0710,592.83,740.48,46.31,21.19,0.62,0.0
20230524:0810,650.91,822.66,53.97,22.39,0.97,0.0
20230524:0910,498.17,618.65,59.09,23.29,1.31,0.0
20230524:1010,361.94,447.59,60.15,24.04,1.66,0.0
20230524:1110,322.2,399.08,56.74,24.5,1.93,0.0
20230524:1210,557.22,690.77,50.06,24.38,2.07,0.0
20230524:1310,416.76,512.71,41.58,24.51,2.14,0.0
20230524:1410,336.05,418.09,32.28,23.21,2.21,0.0
20230524:1510,157.96,230.59,22.74,22.05,1.59,0.0
20230524:1610,41.79,65.32,13.38,21.8,1.03,0.0
20230524:1710,5.5,16.54,4.54,20.87,1.66,0.0
20230524:1810,0.0,0.0,0.0,19.2,2.28,0.0
20230524:1910,0.0,0.0,0.0,18.95,1.66,0.0
20230524:2010,0.0,0.0,0.0,17.42,1.66,0.0
20230524:2110,0.0,0.0,0.0,16.1,1.72,0.0
20230524:2210,0.0,0.0,0.0,15.22,1.72,0.0
20230524:2310,0.0,0.0,0.0,14.77,1.79,0.0
20230525:0010,0.0,0.0,0.0,14.37,1.86,0.0
20230525:0110,0.0,0.0,0.0,13.95,1.93,0.0
20230525:0210,0.0,0.0,0.0,13.57,2.0,0.0
20230525:0310,31.17,50.44,9.35,13.83,1.86,0.0
20230525:0410,95.18,140.98,18.5,16.55,1.45,0.0
20230525:0510,262.86,334.34,28.0,19.39,1.72,0.0
20230525:0610,448.42,544.87,37.47,21.25,2.14,0.0
20230525:0710,606.48,740.68,46.44,22.65,2.76,0.0
20230525:0810,712.22,881.08,54.12,23.38,3.1,0.0
20230525:0910,780.5,977.17,59.26,23.31,2.97,0.0
20230525:1010,779.28,980.76,60.33,23.98,2.9,0.0
20230525:1110,659.02,819.52,56.92,24.23,2.76,0.0
20230525:1210,655.57,814.08,50.23,24.26,2.55,0.0
20230525:1310,481.18,589.77,41.73,24.58,2.76,0.0
20230525:1410,202.08,255.47,32.43,24.38,2.83,0.0
20230525:1510,155.17,216.51,22.89,23.89,2.97,0.0
20230525:1610,52.36,78.55,13.53,23.24,2.41,0.0
20230525:1710,5.97,17.36,4.7,21.91,2.07,0.0
20230525:1810,0.0,0.0,0.0,20.5,2.28,0.0
20230525:1910,0.0,0.0,0.0,19.3,1.93,0.0
20230525:2010,0.0,0.0,0.0,17.81,1.86,0.0
20230525:2110,0.0,0.0,0.0,17.01,1.93,0.0
20230525:2210,0.0,0.0,0.0,16.53,2.0,0.0
20230525:2310,0.0,0.0,0.0,16.07,2.07,0.0
20230526:0010,0.0,0.0,0.0,15.64,2.14,0.0
20230526:0110,0.0,0.0,0.0,15.34,2.14,0.0
20230526:0210,0.0,0.0,0.0,14.93,2.14,0.0
20230526:0310,28.97,47.96,9.47,15.02,2.0,0.0
20230526:0410,89.1,140.56,18.62,17.25,1.72,0.0
20230526:0510,263.28,333.81,28.11,19.3,2.14,0.0
20230526:0610,451.45,547.17,37.59,20.94,2.28,0.0
20230526:0710,610.32,748.62,46.56,22.47,2.34,0.0
20230526:0810,713.94,889.68,54.27,23.85,2.76,0.0
20230526:0910,745.23,935.28,59.42,24.45,2.97,0.0
20230526:1010,607.84,753.61,60.51,24.75,2.97,0.0
20230526:1110,606.24,751.37,57.09,24.95,2.97,0.0
20230526:1210,651.11,807.11,50.39,25.22,3.1,0.0
20230526:1310,532.36,653.15,41.88,25.06,3.1,0.0
20230526:1410,331.76,414.04,32.57,25.0,3.1,0.0
20230526:1510,131.23,176.9,23.04,24.83,2.97,0.0
20230526:1610,3.47,13.23,13.68,24.18,2.28,0.0
20230526:1710,0.0,4.13,4.85,22.72,1.86,0.0
20230526:1810,0.0,0.0,0.0,20.68,1.93,0.0
20230526:1910,0.0,0.0,0.0,19.88,1.03,0.0
20230526:2010,0.0,0.0,0.0,20.15,0.76,0.0
20230526:2110,0.0,0.0,0.0,17.76,1.38,0.0
20230526:2210,0.0,0.0,0.0,16.32,1.59,0.0
20230526:2310,0.0,0.0,0.0,15.21,1.72,0.0
20230527:0010,0.0,0.0,0.0,14.8,2.14,0.0
20230527:0110,0.0,0.0,0.0,14.72,2.34,0.0
20230527:0210,0.0,0.0,0.0,14.57,2.48,0.0
20230527:0310,1.47,9.1,9.58,15.01,2.48,0.0
20230527:0410,99.52,141.4,18.73,16.84,2.28,0.0
20230527:0510,251.97,316.77,28.22,19.02,2.69,0.0
20230527:0610,414.8,500.35,37.7,20.79,2.76,0.0
20230527:0710,529.28,638.03,46.68,21.99,3.45,0.0
20230527:0810,652.8,796.3,54.4,23.15,3.86,0.0
20230527:0910,745.68,918.92,59.58,23.69,4.14,0.0
20230527:1010,809.63,1005.12,60.68,24.28,4.34,0.0
20230527:1110,511.99,616.63,57.26,22.62,4.41,0.0
20230527:1210,193.51,240.85,50.54,21.7,4.55,0.0
20230527:1310,297.59,360.5,42.03,21.45,3.66,0.0
20230527:1410,234.13,289.43,32.71,21.92,3.72,0.0
20230527:1510,131.66,174.5,23.18,22.1,4.14,0.0
20230527:1610,51.46,76.9,13.83,21.81,4.0,0.0
20230527:1710,9.77,23.15,5.0,20.81,3.52,0.0
20230527:1810,0.0,0.0,0.0,19.61,3.1,0.0
20230527:1910,0.0,0.0,0.0,18.59,3.45,0.0
20230527:2010,0.0,0.0,0.0,17.83,3.93,0.0
20230527:2110,0.0,0.0,0.0,16.97,4.41,0.0
20230527:2210,0.0,0.0,0.0,16.16,4.48,0.0
20230527:2310,0.0,0.0,0.0,15.31,4.14,0.0
20230528:0010,0.0,0.0,0.0,14.61,3.72,0.0
20230528:0110,0.0,0.0,0.0,13.88,3.66,0.0
20230528:0210,0.0,0.0,0.0,13.22,3.66,0.0
20230528:0310,13.8,28.11,9.69,12.89,3.59,0.0
20230528:0410,103.21,146.05,18.83,13.35,3.79,0.0
20230528:0510,273.35,334.38,28.32,14.2,4.21,0.0
20230528:0610,476.82,555.97,37.8,15.33,4.07,0.0
20230528:0710,647.38,758.67,46.8,16.1,4.0,0.0
20230528:0810,777.27,927.31,54.53,17.38,4.14,0.0
20230528:0910,845.3,1022.7,59.73,18.37,4.21,0.0
20230528:1010,856.4,1045.46,60.85,19.09,3.93,0.0
20230528:1110,810.54,988.63,57.42,19.59,3.66,0.0
20230528:1210,721.84,872.42,50.69,19.92,3.52,0.0
20230528:1310,576.03,689.56,42.17,20.06,3.38,0.0
20230528:1410,384.81,468.58,32.85,19.94,3.38,0.0
20230528:1510,166.86,237.32,23.32,19.59,3.24,0.0
20230528:1610,38.4,60.36,13.97,19.04,3.03,0.0
20230528:1710,9.93,23.15,5.15,17.99,2.62,0.0
20230528:1810,0.0,0.0,0.0,16.52,2.55,0.0
20230528:1910,0.0,0.0,0.0,15.41,2.48,0.0
20230528:2010,0.0,0.0,0.0,14.38,2.55,0.0
20230528:2110,0.0,0.0,0.0,13.5,2.48,0.0
20230528:2210,0.0,0.0,0.0,12.67,2.41,0.0
20230528:2310,0.0,0.0,0.0,11.91,2.41,0.0
20230529:0010,0.0,0.0,0.0,11.3,2.41,0.0
20230529:0110,0.0,0.0,0.0,10.7,2.34,0.0
20230529:0210,0.0,0.0,0.0,10.12,2.28,0.0
20230529:0310,23.63,40.52,9.8,10.26,2.07,0.0
20230529:0410,89.7,142.96,18.93,12.25,1.86,0.0
20230529:0510,279.83,346.82,28.42,14.29,2.21,0.0
20230529:0610,482.73,571.94,37.9,16.1,2.34,0.0
20230529:0710,643.51,772.1,46.9,17.15,2.21,0.0
20230529:0810,762.67,937.89,54.66,18.8,2.28,0.0
20230529:0910,817.87,1022.91,59.88,19.92,2.28,0.0
20230529:1010,833.69,1051.62,61.0,20.66,2.21,0.0
20230529:1110,792.56,994.74,57.58,21.23,2.21,0.0
20230529:1210,704.93,873.83,50.84,21.58,2.14,0.0
20230529:1310,564.37,689.99,42.31,21.75,2.07,0.0
20230529:1410,379.83,470.13,32.99,21.7,2.14,0.0
20230529:1510,166.33,239.47,23.45,21.4,2.14,0.0
20230529:1610,36.67,58.71,14.11,20.87,2.21,0.0
20230529:1710,10.39,23.98,5.29,19.65,2.07,0.0
20230529:1810,0.0,0.0,0.0,17.96,2.34,0.0
20230529:1910,0.0,0.0,0.0,16.79,2.21,0.0
20230529:2010,0.0,0.0,0.0,15.34,2.14,0.0
20230529:2110,0.0,0.0,0.0,14.03,2.14,0.0
20230529:2210,0.0,0.0,0.0,12.99,2.07,0.0
20230529:2310,0.0,0.0,0.0,12.23,2.07,0.0
20230530:0010,0.0,0.0,0.0,11.57,2.14,0.0
20230530:0110,0.0,0.0,0.0,11.1,2.14,0.0
20230530:0210,0.0,0.0,0.0,10.59,2.21,0.0
20230530:0310,4.81,14.88,9.9,10.91,2.0,0.0
20230530:0410,94.94,145.12,19.02,13.77,1.72,0.0
20230530:0510,275.7,345.9,28.51,16.44,1.86,0.0
20230530:0610,471.58,566.8,37.99,18.59,2.07,0.0
20230530:0710,637.02,769.22,47.0,19.81,2.76,0.0
20230530:0810,755.43,929.04,54.77,21.09,3.03,0.0
20230530:0910,811.86,1012.66,60.02,21.91,3.03,0.0
20230530:1010,827.68,1041.34,61.16,22.58,2.9,0.0
20230530:1110,787.58,985.81,57.73,23.14,2.97,0.0
20230530:1210,701.33,865.46,50.98,23.5,3.17,0.0
20230530:1310,561.03,684.56,42.45,23.66,3.17,0.0
20230530:1410,376.01,466.77,33.12,23.64,3.1,0.0
20230530:1510,165.13,237.96,23.58,23.36,3.03,0.0
20230530:1610,40.98,64.49,14.24,22.78,2.48,0.0
20230530:1710,10.85,24.81,5.43,21.47,2.0,0.0
20230530:1810,0.0,0.0,0.0,19.72,2.21,0.0
20230530:1910,0.0,0.0,0.0,18.47,2.41,0.0
20230530:2010,0.0,0.0,0.0,17.28,2.48,0.0
20230530:2110,0.0,0.0,0.0,16.3,2.48,0.0
20230530:2210,0.0,0.0,0.0,15.42,2.48,0.0
20230530:2310,0.0,0.0,0.0,14.58,2.41,0.0
20230531:0010,0.0,0.0,0.0,13.82,2.34,0.0
20230531:0110,0.0,0.0,0.0,13.3,2.41,0.0
20230531:0210,0.0,0.83,1.57,12.84,2.48,0.0
20230531:0310,33.33,52.92,9.99,13.2,2.41,0.0
20230531:0410,97.67,146.25,19.11,15.31,2.83,0.0
20230531:0510,261.33,322.87,28.59,16.54,3.93,0.0
20230531:0610,478.55,563.42,38.08,17.34,4.07,0.0
20230531:0710,647.68,765.36,47.1,18.28,4.28,0.0
20230531:0810,765.11,919.2,54.89,19.51,4.41,0.0
20230531:0910,829.41,1008.41,60.15,20.38,4.55,0.0
20230531:1010,810.11,988.0,61.31,20.62,4.28,0.0
20230531:1110,793.86,970.06,57.87,21.1,4.0,0.0
20230531:1210,712.2,862.68,51.12,21.37,3.93,0.0
20230531:1310,568.99,682.14,42.58,21.35,3.93,0.0
20230531:1410,381.07,465.78,33.25,21.25,3.79,0.0
20230531:1510,168.48,240.5,23.71,20.83,3.66,0.0
20230531:1610,38.16,60.36,14.37,20.27,3.31,0.0
20230531:1710,11.56,25.63,5.57,19.24,2.28,0.0
20230531:1810,0.0,0.0,0.0,17.64,1.79,0.0
20230531:1910,0.0,0.0,0.0,15.99,1.52,0.0
20230531:2010,0.0,0.0,0.0,17.04,1.03,0.0
20230531:2110,0.0,0.0,0.0,16.85,0.41,0.0
20230531:2210,0.0,0.0,0.0,16.28,0.76,0.0
20230531:2310,0.0,0.0,0.0,14.16,1.38,0.0
20230601:0010,0.0,0.0,0.0,11.64,1.79,0.0
20230601:0110,0.0,0.0,0.0,10.6,2.0,0.0
20230601:0210,0.0,0.83,1.66,10.31,2.14,0.0
20230601:0310,36.49,56.23,10.07,10.88,2.0,0.0
20230601:0410,79.52,137.98,19.19,14.03,1.59,0.0
20230601:0510,276.87,351.08,28.67,17.46,1.72,0.0
20230601:0610,472.5,571.58,38.16,19.63,1.93,0.0
20230601:0710,628.44,766.89,47.19,20.45,2.07,0.0
20230601:0810,745.09,932.34,54.99,21.68,2.0,0.0
20230601:0910,793.86,1010.46,60.28,22.67,1.93,0.0
20230601:1010,809.55,1040.2,61.45,23.48,1.86,0.0
20230601:1110,766.86,979.03,58.01,24.17,1.93,0.0
20230601:1210,685.39,861.14,51.25,24.64,2.14,0.0
20230601:1310,550.74,681.65,42.7,24.89,2.28,0.0
20230601:1410,367.81,461.43,33.37,24.97,2.41,0.0
20230601:1510,163.1,237.99,23.83,24.75,2.34,0.0
20230601:1610,38.0,61.19,14.5,24.26,2.0,0.0
20230601:1710,11.32,25.63,5.7,22.98,1.66,0.0
20230601:1810,0.0,0.0,0.0,20.94,2.14,0.0
20230601:1910,0.0,0.0,0.0,19.44,2.21,0.0
20230601:2010,0.0,0.0,0.0,18.06,2.34,0.0
20230601:2110,0.0,0.0,0.0,17.04,2.41,0.0
20230601:2210,0.0,0.0,0.0,16.33,2.55,0.0
20230601:2310,0.0,0.0,0.0,15.8,2.62,0.0
20230602:0010,0.0,0.0,0.0,15.36,2.62,0.0
20230602:0110,0.0,0.0,0.0,15.04,2.69,0.0
20230602:0210,0.0,0.83,1.75,14.82,2.69,0.0
20230602:0310,35.71,56.23,10.15,15.21,2.62,0.0
20230602:0410,77.98,137.2,19.26,17.16,2.34,0.0
20230602:0510,275.79,352.14,28.74,19.8,2.83,0.0
20230602:0610,468.76,568.18,38.23,21.97,3.03,0.0
20230602:0710,617.08,755.78,47.27,23.46,2.97,0.0
20230602:0810,732.28,912.62,55.09,25.05,3.38,0.0
20230602:0910,788.76,990.03,60.4,26.11,4.0,0.0
20230602:1010,767.64,961.67,61.58,26.82,4.41,0.0
20230602:1110,664.04,824.64,58.15,27.32,4.55,0.0
20230602:1210,432.1,531.97,51.38,27.64,4.62,0.0
20230602:1310,47.93,74.41,42.83,27.81,4.55,0.0
20230602:1410,45.04,70.83,33.49,27.79,4.41,0.0
20230602:1510,25.78,45.72,23.96,25.33,4.34,0.0
20230602:1610,15.54,31.42,14.62,21.3,3.17,0.0
20230602:1710,5.02,15.71,5.82,20.1,0.83,0.0
20230602:1810,0.0,0.0,0.0,19.42,1.72,0.0
20230602:1910,0.0,0.0,0.0,17.36,2.21,0.0
20230602:2010,0.0,0.0,0.0,16.95,1.93,0.0
20230602:2110,0.0,0.0,0.0,16.61,2.14,0.0
20230602:2210,0.0,0.0,0.0,16.07,2.41,0.0
20230602:2310,0.0,0.0,0.0,15.77,2.83,0.0
20230603:0010,0.0,0.0,0.0,14.93,4.07,0.0
20230603:0110,0.0,0.0,0.0,12.95,4.97,0.0
20230603:0210,0.0,0.83,1.83,11.16,4.97,0.0
20230603:0310,1.54,9.1,10.23,10.27,4.48,0.0
20230603:0410,9.86,22.41,19.33,10.29,4.34,0.0
20230603:0510,62.57,86.07,28.81,10.64,4.9,0.0
20230603:0610,511.79,581.54,38.3,11.29,5.45,0.0
20230603:0710,685.23,781.54,47.35,12.9,5.79,0.0
20230603:0810,806.32,934.41,55.18,14.48,6.0,0.0
20230603:0910,871.85,1024.28,60.51,15.7,6.0,0.0
20230603:1010,884.4,1048.24,61.71,16.75,5.79,0.0
20230603:1110,824.02,976.77,58.28,17.74,5.59,0.0
20230603:1210,730.48,860.36,51.5,18.29,5.52,0.0
20230603:1310,588.65,689.22,42.95,18.43,5.45,0.0
20230603:1410,391.27,468.36,33.61,18.29,5.24,0.0
20230603:1510,173.11,243.18,24.07,17.91,4.9,0.0
20230603:1610,38.09,59.53,14.74,17.3,4.28,0.0
20230603:1710,12.34,26.46,5.95,16.47,3.17,0.0
20230603:1810,0.0,0.0,0.0,15.22,2.34,0.0
20230603:1910,0.0,0.0,0.0,13.88,2.41,0.0
20230603:2010,0.0,0.0,0.0,12.7,2.21,0.0
20230603:2110,0.0,0.0,0.0,11.52,2.21,0.0
20230603:2210,0.0,0.0,0.0,10.33,2.0,0.0
20230603:2310,0.0,0.0,0.0,9.52,1.72,0.0
20230604:0010,0.0,0.0,0.0,9.7,1.45,0.0
20230604:0110,0.0,0.0,0.0,10.34,1.24,0.0
20230604:0210,0.0,0.83,1.91,10.24,1.17,0.0
20230604:0310,24.87,42.17,10.3,10.84,0.97,0.0
20230604:0410,76.65,138.42,19.39,11.11,0.48,0.0
20230604:0510,292.42,368.71,28.87,13.91,0.69,0.0
20230604:0610,497.11,594.67,38.36,15.09,1.1,0.0
20230604:0710,646.42,786.35,47.42,15.47,0.83,0.0
20230604:0810,763.75,945.0,55.27,16.57,1.31,0.0
20230604:0910,828.84,1036.31,60.62,17.6,1.72,0.0
20230604:1010,838.89,1060.35,61.83,18.54,1.59,0.0
20230604:1110,789.09,988.83,58.4,19.12,1.66,0.0
20230604:1210,700.02,861.16,51.62,19.46,1.86,0.0
20230604:1310,568.92,691.32,43.06,19.98,1.86,0.0
20230604:1410,387.39,476.5,33.72,20.18,1.93,0.0
20230604:1510,173.41,247.46,24.18,19.81,2.0,0.0
20230604:1610,36.95,58.71,14.85,19.39,2.28,0.0
20230604:1710,12.2,26.46,6.06,18.42,2.28,0.0
20230604:1810,0.0,0.0,0.0,16.87,2.41,0.0
20230604:1910,0.0,0.0,0.0,16.61,1.79,0.0
20230604:2010,0.0,0.0,0.0,15.39,2.41,0.0
20230604:2110,0.0,0.0,0.0,15.03,2.83,0.0
20230604:2210,0.0,0.0,0.0,14.3,2.69,0.0
20230604:2310,0.0,0.0,0.0,13.63,2.41,0.0
20230605:0010,0.0,0.0,0.0,12.66,2.14,0.0
20230605:0110,0.0,0.0,0.0,11.44,1.93,0.0
20230605:0210,0.0,0.83,1.98,10.45,1.79,0.0
20230605:0310,39.34,59.53,10.36,10.49,1.52,0.0
20230605:0410,82.75,139.71,19.45,13.4,1.1,0.0
20230605:0510,281.15,355.6,28.92,15.85,1.24,0.0
20230605:0610,478.53,577.28,38.42,17.9,1.45,0.0
20230605:0710,623.79,763.04,47.48,18.99,1.38,0.0
20230605:0810,601.26,738.8,55.34,20.36,1.66,0.0
20230605:0910,692.63,864.1,60.72,21.11,1.79,0.0
20230605:1010,556.83,683.8,61.95,21.72,2.07,0.0
20230605:1110,411.12,502.26,58.52,22.32,2.07,0.0
20230605:1210,331.09,405.41,51.74,22.24,1.86,0.0
20230605:1310,438.07,535.63,43.17,22.25,1.72,0.0
20230605:1410,204.62,256.83,33.83,22.16,1.66,0.0
20230605:1510,153.23,203.25,24.29,21.95,1.38,0.0
20230605:1610,51.33,76.9,14.97,21.63,1.1,0.0
20230605:1710,12.63,27.29,6.18,20.51,1.17,0.0
20230605:1810,0.0,0.0,0.0,19.21,1.52,0.0
20230605:1910,0.0,0.0,0.0,18.23,1.45,0.0
20230605:2010,0.0,0.0,0.0,16.87,1.59,0.0
20230605:2110,0.0,0.0,0.0,16.37,1.59,0.0
20230605:2210,0.0,0.0,0.0,15.98,1.45,0.0
20230605:2310,0.0,0.0,0.0,16.17,1.17,0.0
20230606:0010,0.0,0.0,0.0,16.37,0.97,0.0
20230606:0110,0.0,0.0,0.0,15.4,1.1,0.0
20230606:0210,0.0,0.83,2.04,14.3,1.31,0.0
20230606:0310,19.29,35.55,10.42,14.07,1.24,0.0
20230606:0410,60.79,86.36,19.5,15.85,0.83,0.0
20230606:0510,272.53,349.13,28.97,18.03,0.83,0.0
20230606:0610,465.67,570.52,38.47,19.83,0.9,0.0
20230606:0710,0.0,0.0,0.0,21.02,0.83,0.0
20230606:0810,532.21,663.74,55.42,22.25,0.83,0.0
20230606:0910,550.82,691.28,60.81,23.36,1.03,0.0
20230606:1010,627.39,793.02,62.06,23.83,1.38,0.0
20230606:1110,437.66,541.89,58.64,24.02,1.59,0.0
20230606:1210,611.15,767.09,51.85,24.56,1.66,0.0
20230606:1310,446.92,553.66,43.28,24.73,1.66,0.0
20230606:1410,228.11,288.51,33.93,24.68,1.38,0.0
20230606:1510,132.5,177.25,24.4,24.23,1.1,0.0
20230606:1610,44.06,68.63,15.07,23.61,0.9,0.0
20230606:1710,14.83,30.59,6.29,22.4,1.38,0.0
20230606:1810,0.0,0.0,0.0,21.05,1.72,0.0
20230606:1910,0.0,0.0,0.0,19.82,1.72,0.0
20230606:2010,0.0,0.0,0.0,18.73,2.0,0.0
20230606:2110,0.0,0.0,0.0,18.08,2.07,0.0
20230606:2210,0.0,0.0,0.0,17.56,2.0,0.0
20230606:2310,0.0,0.0,0.0,16.61,1.86,0.0
20230607:0010,0.0,0.0,0.0,16.27,1.52,0.0
20230607:0110,0.0,0.0,0.0,16.74,1.17,0.0
20230607:0210,0.0,0.83,2.1,17.1,0.9,0.0
20230607:0310,4.14,14.06,10.47,16.59,0.97,0.0
20230607:0410,9.48,22.41,19.55,16.95,0.97,0.0
20230607:0510,27.97,47.52,29.02,19.34,1.38,0.0
20230607:0610,96.36,129.1,38.52,20.14,1.93,0.0
20230607:0710,206.3,257.99,47.59,22.33,2.07,0.0
20230607:0810,393.28,484.12,55.48,23.59,1.79,0.0
20230607:0910,580.48,729.53,60.89,24.65,1.59,0.0
20230607:1010,362.71,451.49,62.16,24.83,1.38,0.0
20230607:1110,440.78,545.67,58.74,24.3,1.72,0.0
20230607:1210,178.88,227.08,51.96,23.33,2.21,0.0
20230607:1310,163.96,209.22,43.38,23.06,2.48,0.0
20230607:1410,56.61,83.38,34.03,22.42,2.41,0.0
20230607:1510,71.78,101.31,24.5,22.14,2.48,0.0
20230607:1610,26.23,45.72,15.17,21.88,2.28,0.0
20230607:1710,12.58,27.29,6.39,21.21,1.79,0.0
20230607:1810,0.0,0.0,0.0,20.27,1.72,0.0
20230607:1910,0.0,0.0,0.0,19.28,2.07,0.0
20230607:2010,0.0,0.0,0.0,18.59,2.0,0.0
20230607:2110,0.0,0.0,0.0,17.97,1.72,0.0
20230607:2210,0.0,0.0,0.0,17.49,1.72,0.0
20230607:2310,0.0,0.0,0.0,17.17,1.93,0.0
20230608:0010,0.0,0.0,0.0,16.97,2.07,0.0
20230608:0110,0.0,0.0,0.0,16.79,2.14,0.0
20230608:0210,0.0,0.83,2.15,16.44,2.21,0.0
20230608:0310,1.46,9.1,10.51,16.12,2.28,0.0
20230608:0410,9.54,22.41,19.59,16.0,2.28,0.0
20230608:0510,30.61,50.21,29.05,16.27,2.21,0.0
20230608:0610,104.39,136.27,38.56,16.63,2.07,0.0
20230608:0710,200.37,245.85,47.64,17.82,2.28,0.0
20230608:0810,270.45,327.1,55.54,18.79,2.55,0.0
20230608:0910,405.97,487.54,60.97,19.33,2.41,0.0
20230608:1010,544.86,661.88,62.26,20.52,2.34,0.0
20230608:1110,455.45,552.55,58.85,21.56,2.48,0.0
20230608:1210,529.8,646.02,52.06,22.74,2.69,0.0
20230608:1310,404.81,493.54,43.48,23.41,2.69,0.0
20230608:1410,315.45,390.79,34.13,23.37,2.69,0.0
20230608:1510,166.95,238.55,24.6,23.27,2.41,0.0
20230608:1610,59.03,86.45,15.27,22.39,1.38,0.0
20230608:1710,15.53,31.42,6.49,21.11,0.69,0.0
20230608:1810,0.0,0.0,0.0,19.87,2.0,0.0
20230608:1910,0.0,0.0,0.0,19.19,2.41,0.0
20230608:2010,0.0,0.0,0.0,18.9,2.34,0.0
20230608:2110,0.0,0.0,0.0,18.69,2.41,0.0
20230608:2210,0.0,0.0,0.0,18.44,2.41,0.0
20230608:2310,0.0,0.0,0.0,18.15,2.28,0.0
20230609:0010,0.0,0.0,0.0,17.66,2.21,0.0
20230609:0110,0.0,0.0,0.0,17.32,2.14,0.0
20230609:0210,0.0,0.83,2.2,16.86,2.07,0.0
20230609:0310,1.45,9.1,10.55,16.81,1.93,0.0
20230609:0410,95.33,144.06,19.62,18.03,1.79,0.0
20230609:0510,258.44,329.67,29.09,19.46,1.86,0.0
20230609:0610,449.55,548.47,38.59,21.24,1.79,0.0
20230609:0710,603.41,745.64,47.68,23.07,1.93,0.0
20230609:0810,705.38,887.28,55.6,24.62,2.28,0.0
20230609:0910,755.27,956.76,61.05,25.36,2.69,0.0
20230609:1010,763.96,968.54,62.35,25.74,2.9,0.0
20230609:1110,642.94,803.71,58.94,25.98,2.97,0.0
20230609:1210,582.36,723.91,52.15,26.13,2.83,0.0
20230609:1310,528.85,656.39,43.57,26.28,2.48,0.0
20230609:1410,351.99,443.12,34.22,25.98,2.34,0.0
20230609:1510,165.99,239.69,24.69,25.72,2.14,0.0
20230609:1610,40.24,65.34,15.37,25.14,1.66,0.0
20230609:1710,17.08,33.9,6.59,24.01,1.86,0.0
20230609:1810,0.0,0.0,0.0,22.34,2.21,0.0
20230609:1910,0.0,0.0,0.0,21.19,2.0,0.0
20230609:2010,0.0,0.0,0.0,19.51,2.0,0.0
20230609:2110,0.0,0.0,0.0,18.28,2.0,0.0
20230609:2210,0.0,0.0,0.0,17.21,2.14,0.0
20230609:2310,0.0,0.0,0.0,16.54,2.21,0.0
20230610:0010,0.0,0.0,0.0,16.17,2.34,0.0
20230610:0110,0.0,0.0,0.0,15.86,2.21,0.0
20230610:0210,0.0,0.83,2.24,15.29,2.14,0.0
20230610:0310,2.75,11.58,10.59,15.72,1.86,0.0
20230610:0410,100.01,144.82,19.65,17.88,1.59,0.0
20230610:0510,223.39,282.2,29.11,19.77,1.45,0.0
20230610:0610,399.39,490.11,38.62,21.75,1.31,0.0
20230610:0710,569.26,698.86,47.71,23.26,2.34,0.0
20230610:0810,522.98,641.75,55.64,24.21,2.9,0.0
20230610:0910,711.72,886.32,61.11,24.93,3.45,0.0
20230610:1010,614.43,761.41,62.43,26.03,3.72,0.0
20230610:1110,448.02,552.07,59.03,26.44,3.66,0.0
20230610:1210,637.73,777.13,52.24,24.52,4.41,0.0
20230610:1310,32.25,53.79,43.66,23.97,4.0,0.0
20230610:1410,61.36,89.65,34.31,24.25,3.45,0.0
20230610:1510,35.94,58.27,24.78,23.13,3.38,0.0
20230610:1610,35.41,57.38,15.45,22.1,3.24,0.0
20230610:1710,3.1,12.4,6.68,20.77,3.38,0.0
20230610:1810,0.0,0.0,0.0,19.51,3.03,0.0
20230610:1910,0.0,0.0,0.0,18.05,3.93,0.0
20230610:2010,0.0,0.0,0.0,17.26,3.86,0.0
20230610:2110,0.0,0.0,0.0,16.61,4.0,0.0
20230610:2210,0.0,0.0,0.0,16.12,4.28,0.0
20230610:2310,0.0,0.0,0.0,15.66,4.48,0.0
20230611:0010,0.0,0.0,0.0,15.02,4.62,0.0
20230611:0110,0.0,0.0,0.0,14.24,4.62,0.0
20230611:0210,0.0,0.83,2.28,13.57,4.55,0.0
20230611:0310,1.5,9.1,10.61,13.17,4.55,0.0
20230611:0410,9.7,22.41,19.68,13.22,4.41,0.0
20230611:0510,43.85,65.45,29.14,13.56,4.97,0.0
20230611:0610,67.1,92.34,38.64,13.91,5.31,0.0
20230611:0710,77.09,104.0,47.74,14.75,5.45,0.0
20230611:0810,99.26,129.1,55.68,15.24,5.86,0.0
20230611:0910,201.33,242.06,61.17,15.12,5.93,0.0
20230611:1010,138.26,172.13,62.51,14.88,6.07,0.0
20230611:1110,111.58,142.55,59.12,14.84,6.21,0.0
20230611:1210,66.07,91.45,52.33,14.77,6.34,0.0
20230611:1310,42.22,63.65,43.75,14.22,6.28,0.0
20230611:1410,60.72,85.17,34.39,14.33,6.41,0.0
20230611:1510,14.78,29.59,24.86,14.49,6.28,0.0
20230611:1610,36.15,56.48,15.54,14.39,5.93,0.0
20230611:1710,5.75,16.54,6.76,13.77,5.1,0.0
20230611:1810,0.0,0.0,0.0,13.18,4.62,0.0
20230611:1910,0.0,0.0,0.0,11.44,4.69,0.0
20230611:2010,0.0,0.0,0.0,11.12,4.21,0.0
20230611:2110,0.0,0.0,0.0,10.96,3.86,0.0
20230611:2210,0.0,0.0,0.0,10.94,3.72,0.0
20230611:2310,0.0,0.0,0.0,11.06,3.72,0.0
20230612:0010,0.0,0.0,0.0,11.23,3.66,0.0
20230612:0110,0.0,0.0,0.0,11.38,3.59,0.0
20230612:0210,0.0,0.83,2.31,11.49,3.45,0.0
20230612:0310,1.94,9.92,10.64,11.69,3.45,0.0
20230612:0410,9.76,22.41,19.69,11.99,3.45,0.0
20230612:0510,73.78,99.51,29.15,12.57,3.45,0.0
20230612:0610,62.52,86.96,38.66,13.12,3.45,0.0
20230612:0710,147.59,181.99,47.76,13.3,3.17,0.0
20230612:0810,232.47,276.67,55.72,14.34,3.93,0.0
20230612:0910,0.0,0.0,0.0,15.05,4.07,0.0
20230612:1010,83.01,111.17,62.58,15.54,4.0,0.0
20230612:1110,83.67,112.07,59.2,15.9,4.14,0.0
20230612:1210,52.37,76.2,52.41,16.22,4.41,0.0
20230612:1310,63.3,88.76,43.83,15.75,4.14,0.0
20230612:1410,51.03,74.41,34.47,15.4,4.0,0.0
20230612:1510,54.26,78.0,24.94,14.77,3.66,0.0
20230612:1610,19.55,35.86,15.62,14.11,2.9,0.0
20230612:1710,7.91,19.84,6.84,13.72,2.62,0.0
20230612:1810,0.0,0.0,0.0,13.47,2.62,0.0
20230612:1910,0.0,0.0,0.0,13.29,2.9,0.0
20230612:2010,0.0,0.0,0.0,13.37,2.69,0.0
20230612:2110,0.0,0.0,0.0,13.52,2.55,0.0
20230612:2210,0.0,0.0,0.0,13.6,2.62,0.0
20230612:2310,0.0,0.0,0.0,13.61,2.76,0.0
20230613:0010,0.0,0.0,0.0,13.52,2.9,0.0
20230613:0110,0.0,0.0,0.0,13.33,3.1,0.0
20230613:0210,0.0,0.83,2.33,12.96,3.17,0.0
20230613:0310,1.92,9.92,10.65,12.8,3.24,0.0
20230613:0410,9.72,22.41,19.71,12.66,3.03,0.0
20230613:0510,43.99,65.45,29.16,12.67,2.97,0.0
20230613:0610,256.3,302.02,38.67,12.82,2.9,0.0
20230613:0710,456.06,530.65,47.78,15.09,3.66,0.0
20230613:0810,539.9,634.25,55.74,15.51,3.03,0.0
20230613:0910,402.46,474.64,61.27,16.17,2.9,0.0
20230613:1010,288.29,344.61,62.64,16.95,2.83,0.0
20230613:1110,221.12,268.67,59.27,17.27,2.62,0.0
20230613:1210,259.33,312.77,52.48,17.77,2.55,0.0
20230613:1310,184.89,228.37,43.9,18.07,2.48,0.0
20230613:1410,156.23,196.3,34.55,18.35,2.28,0.0
20230613:1510,175.91,237.0,25.02,18.39,1.86,0.0
20230613:1610,61.02,88.64,15.69,18.16,1.72,0.0
20230613:1710,16.45,32.25,6.92,17.69,1.72,0.0
20230613:1810,0.0,0.0,0.0,16.78,1.79,0.0
20230613:1910,0.0,0.0,0.0,15.97,1.86,0.0
20230613:2010,0.0,0.0,0.0,15.63,1.86,0.0
20230613:2110,0.0,0.0,0.0,15.27,1.86,0.0
20230613:2210,0.0,0.0,0.0,14.75,1.86,0.0
20230613:2310,0.0,0.0,0.0,14.18,1.93,0.0
20230614:0010,0.0,0.0,0.0,13.78,1.86,0.0
20230614:0110,0.0,0.0,0.0,13.57,1.86,0.0
20230614:0210,0.0,0.83,2.34,13.42,1.93,0.0
20230614:0310,28.49,47.13,10.66,13.78,1.86,0.0
20230614:0410,72.73,131.76,19.72,14.95,1.86,0.0
20230614:0510,274.9,348.13,29.17,16.03,2.14,0.0
20230614:0610,442.46,527.63,38.68,17.43,2.28,0.0
20230614:0710,604.3,725.81,47.79,19.3,2.69,0.0
20230614:0810,675.85,825.21,55.77,20.64,2.69,0.0
20230614:0910,654.95,804.96,61.3,21.91,2.76,0.0
20230614:1010,421.87,512.98,62.7,22.45,2.83,0.0
20230614:1110,346.19,422.58,59.34,22.43,2.48,0.0
20230614:1210,412.44,502.23,52.55,22.24,2.21,0.0
20230614:1310,335.4,409.31,43.97,22.47,2.34,0.0
20230614:1410,321.43,397.01,34.62,22.45,2.28,0.0
20230614:1510,162.93,216.81,25.09,22.29,2.0,0.0
20230614:1610,29.03,53.34,15.77,21.89,1.66,0.0
20230614:1710,16.75,33.07,6.99,21.1,1.79,0.0
20230614:1810,0.0,0.0,0.0,19.75,2.14,0.0
20230614:1910,0.0,0.0,0.0,19.62,2.28,0.0
20230614:2010,0.0,0.0,0.0,19.02,2.14,0.0
20230614:2110,0.0,0.0,0.0,18.47,2.07,0.0
20230614:2210,0.0,0.0,0.0,17.97,1.93,0.0
20230614:2310,0.0,0.0,0.0,17.53,1.86,0.0
20230615:0010,0.0,0.0,0.0,17.28,1.93,0.0
20230615:0110,0.0,0.0,0.0,16.95,2.0,0.0
20230615:0210,0.0,0.83,2.36,17.19,1.93,0.0
20230615:0310,1.85,9.92,10.67,17.37,1.86,0.0
20230615:0410,11.91,26.0,19.72,17.94,1.72,0.0
20230615:0510,262.88,336.79,29.17,18.52,1.79,0.0
20230615:0610,448.8,541.11,38.68,19.3,2.07,0.0
20230615:0710,611.14,740.55,47.8,20.4,2.41,0.0
20230615:0810,564.8,687.67,55.78,21.54,2.55,0.0
20230615:0910,278.5,342.12,61.34,22.93,3.24,0.0
20230615:1010,233.79,290.89,62.75,23.74,3.31,0.0
20230615:1110,705.11,878.8,59.4,24.16,2.9,0.0
20230615:1210,536.86,661.98,52.62,24.59,2.55,0.0
20230615:1310,330.59,407.23,44.04,24.54,2.48,0.0
20230615:1410,260.0,324.83,34.69,24.34,2.48,0.0
20230615:1510,171.94,246.87,25.15,24.12,2.41,0.0
20230615:1610,32.32,57.85,15.83,23.26,1.79,0.0
20230615:1710,19.04,36.38,7.05,22.55,1.66,0.0
20230615:1810,0.0,0.0,0.0,21.5,1.66,0.0
20230615:1910,0.0,0.0,0.0,20.58,1.45,0.0
20230615:2010,0.0,0.0,0.0,19.53,1.59,0.0
20230615:2110,0.0,0.0,0.0,18.54,1.72,0.0
20230615:2210,0.0,0.0,0.0,17.97,1.59,0.0
20230615:2310,0.0,0.0,0.0,17.34,1.66,0.0
20230616:0010,0.0,0.0,0.0,16.97,1.66,0.0
20230616:0110,0.0,0.0,0.0,16.57,1.66,0.0
20230616:0210,0.0,0.83,2.36,15.92,1.66,0.0
20230616:0310,38.24,59.53,10.67,16.05,1.31,0.0
20230616:0410,38.88,60.96,19.71,18.7,0.83,0.0
20230616:0510,214.87,273.53,29.17,20.68,0.83,0.0
20230616:0610,395.81,489.82,38.68,22.8,1.03,0.0
20230616:0710,592.82,741.04,47.8,24.12,1.45,0.0
20230616:0810,672.33,846.94,55.79,24.97,2.07,0.0
20230616:0910,675.74,852.93,61.36,25.65,2.41,0.0
20230616:1010,736.37,935.76,62.79,25.81,2.55,0.0
20230616:1110,651.97,823.33,59.45,26.21,2.34,0.0
20230616:1210,598.63,750.98,52.68,26.24,2.21,0.0
20230616:1310,501.44,624.24,44.1,26.35,2.14,0.0
20230616:1410,341.77,430.6,34.75,26.24,2.14,0.0
20230616:1510,170.95,237.53,25.21,26.06,2.41,0.0
20230616:1610,64.05,94.9,15.89,25.24,2.07,0.0
20230616:1710,15.9,32.25,7.11,23.88,2.28,0.0
20230616:1810,0.0,0.0,0.0,22.44,2.41,0.0
20230616:1910,0.0,0.0,0.0,21.61,2.34,0.0
20230616:2010,0.0,0.0,0.0,20.38,2.28,0.0
20230616:2110,0.0,0.0,0.0,19.17,2.21,0.0
20230616:2210,0.0,0.0,0.0,18.07,2.21,0.0
20230616:2310,0.0,0.0,0.0,17.15,2.28,0.0
20230617:0010,0.0,0.0,0.0,16.33,2.28,0.0
20230617:0110,0.0,0.0,0.0,15.62,2.21,0.0
20230617:0210,0.0,0.83,2.36,14.97,2.07,0.0
20230617:0310,36.35,57.05,10.66,15.29,1.72,0.0
20230617:0410,74.48,132.38,19.71,18.03,1.38,0.0
20230617:0510,261.61,339.56,29.16,20.71,1.45,0.0
20230617:0610,448.84,554.3,38.67,22.93,1.52,0.0
20230617:0710,600.42,746.74,47.79,24.27,1.93,0.0
20230617:0810,533.48,662.27,55.79,25.64,2.55,0.0
20230617:0910,575.35,716.24,61.38,26.59,3.24,0.0
20230617:1010,397.53,493.5,62.82,27.04,3.17,0.0
20230617:1110,462.44,575.0,59.5,27.14,2.97,0.0
20230617:1210,565.74,706.39,52.73,27.1,2.83,0.0
20230617:1310,457.66,568.46,44.15,27.09,2.69,0.0
20230617:1410,358.76,452.29,34.8,27.16,2.83,0.0
20230617:1510,174.37,249.53,25.27,26.72,2.76,0.0
20230617:1610,44.27,73.32,15.95,25.92,2.34,0.0
20230617:1710,20.03,38.04,7.17,24.84,2.28,0.0
20230617:1810,0.0,0.0,0.0,23.59,2.28,0.0
20230617:1910,0.0,0.0,0.0,22.69,2.21,0.0
20230617:2010,0.0,0.0,0.0,21.68,2.28,0.0
20230617:2110,0.0,0.0,0.0,21.22,2.34,0.0
20230617:2210,0.0,0.0,0.0,20.68,2.28,0.0
20230617:2310,0.0,0.0,0.0,20.1,2.07,0.0
20230618:0010,0.0,0.0,0.0,19.51,2.0,0.0
20230618:0110,0.0,0.0,0.0,18.73,2.0,0.0
20230618:0210,0.0,0.83,2.35,18.19,2.0,0.0
20230618:0310,1.83,9.92,10.65,18.55,1.79,0.0
20230618:0410,9.31,22.41,19.69,19.97,1.45,0.0
20230618:0510,125.43,163.95,29.14,21.32,1.45,0.0
20230618:0610,267.99,332.52,38.65,22.86,1.38,0.0
20230618:0710,332.33,411.63,47.78,23.83,1.24,0.0
20230618:0810,512.23,643.98,55.79,25.22,1.17,0.0
20230618:0910,706.03,914.94,61.39,26.36,1.38,0.0
20230618:1010,387.34,486.56,62.85,27.5,1.86,0.0
20230618:1110,400.96,503.37,59.54,27.73,2.0,0.0
20230618:1210,394.43,494.57,52.78,27.65,1.93,0.0
20230618:1310,327.89,411.77,44.21,27.73,1.93,0.0
20230618:1410,297.53,377.07,34.86,27.5,2.07,0.0
20230618:1510,171.2,237.57,25.32,27.42,2.21,0.0
20230618:1610,50.31,80.74,16.0,26.69,1.86,0.0
20230618:1710,19.34,37.21,7.22,25.56,1.86,0.0
20230618:1810,0.0,0.0,0.0,23.8,2.07,0.0
20230618:1910,0.0,0.0,0.0,22.47,1.86,0.0
20230618:2010,0.0,0.0,0.0,20.97,1.93,0.0
20230618:2110,0.0,0.0,0.0,20.0,2.0,0.0
20230618:2210,0.0,0.0,0.0,19.19,2.14,0.0
20230618:2310,0.0,0.0,0.0,18.9,2.28,0.0
20230619:0010,0.0,0.0,0.0,18.68,2.34,0.0
20230619:0110,0.0,0.0,0.0,18.33,2.34,0.0
20230619:0210,0.0,0.83,2.34,17.97,2.21,0.0
20230619:0310,1.84,9.92,10.64,18.2,1.93,0.0
20230619:0410,9.31,22.41,19.67,20.07,1.66,0.0
20230619:0510,110.45,146.69,29.12,22.18,2.14,0.0
20230619:0610,303.69,373.84,38.64,23.33,2.41,0.0
20230619:0710,507.65,625.35,47.77,24.77,2.48,0.0
20230619:0810,648.3,817.74,55.78,26.03,2.21,0.0
20230619:0910,753.09,969.14,61.39,26.82,2.21,0.0
20230619:1010,762.22,984.09,62.88,27.45,2.34,0.0
20230619:1110,737.09,946.96,59.58,27.54,2.34,0.0
20230619:1210,658.12,838.52,52.82,27.51,2.0,0.0
20230619:1310,413.27,518.62,44.25,27.51,1.66,0.0
20230619:1410,368.59,470.8,34.9,27.57,1.45,0.0
20230619:1510,172.59,251.6,25.37,27.61,1.38,0.0
20230619:1610,28.41,55.99,16.05,27.21,0.69,0.0
20230619:1710,16.86,33.9,7.26,26.2,0.48,0.0
20230619:1810,0.0,0.0,0.0,23.75,1.17,0.0
20230619:1910,0.0,0.0,0.0,22.45,2.07,0.0
20230619:2010,0.0,0.0,0.0,21.24,2.14,0.0
20230619:2110,0.0,0.0,0.0,20.69,1.93,0.0
20230619:2210,0.0,0.0,0.0,19.72,1.79,0.0
20230619:2310,0.0,0.0,0.0,18.61,1.66,0.0
20230620:0010,0.0,0.0,0.0,17.7,1.45,0.0
20230620:0110,0.0,0.0,0.0,17.11,1.38,0.0
20230620:0210,0.0,0.83,2.32,16.37,1.45,0.0
20230620:0310,17.76,33.9,10.62,16.76,1.31,0.0
20230620:0410,97.55,135.01,19.65,19.53,1.59,0.0
20230620:0510,235.89,302.04,29.09,21.44,2.07,0.0
20230620:0610,407.86,500.2,38.61,23.29,2.34,0.0
20230620:0710,573.83,705.29,47.75,24.07,2.62,0.0
20230620:0810,694.07,871.33,55.77,25.5,2.62,0.0
20230620:0910,750.48,958.77,61.39,26.5,2.48,0.0
20230620:1010,691.63,883.25,62.89,27.37,2.41,0.0
20230620:1110,245.29,311.24,59.61,27.76,2.34,0.0
20230620:1210,260.71,329.65,52.86,27.67,2.21,0.0
20230620:1310,179.97,231.21,44.29,26.2,2.28,0.0
20230620:1410,40.0,63.65,34.94,24.26,2.34,0.0
20230620:1510,14.07,29.59,25.41,23.05,1.45,0.0
20230620:1610,5.73,17.03,16.09,23.0,1.31,0.0
20230620:1710,17.89,34.73,7.3,22.0,2.55,0.0
20230620:1810,0.0,0.0,0.0,20.83,1.38,0.0
20230620:1910,0.0,0.0,0.0,20.73,1.72,0.0
20230620:2010,0.0,0.0,0.0,20.0,1.86,0.0
20230620:2110,0.0,0.0,0.0,19.39,1.93,0.0
20230620:2210,0.0,0.0,0.0,18.94,1.93,0.0
20230620:2310,0.0,0.0,0.0,18.5,1.72,0.0
20230621:0010,0.0,0.0,0.0,18.1,1.66,0.0
20230621:0110,0.0,0.0,0.0,17.85,1.72,0.0
20230621:0210,1.85,9.92,2.3,17.65,1.72,0.0
20230621:0310,1.84,9.92,10.59,17.92,1.72,0.0
20230621:0410,9.37,22.41,19.62,19.0,2.34,0.0
20230621:0510,115.28,150.99,29.06,20.34,2.62,0.0
20230621:0610,391.0,476.17,38.58,21.74,2.28,0.0
20230621:0710,566.24,692.22,47.72,22.34,2.28,0.0
20230621:0810,703.85,877.86,55.75,23.34,2.34,0.0
20230621:0910,769.78,977.13,61.38,24.43,2.34,0.0
20230621:1010,778.45,998.26,62.9,25.67,2.28,0.0
20230621:1110,739.48,944.76,59.63,26.32,2.28,0.0
20230621:1210,641.39,807.98,52.89,26.71,2.34,0.0
20230621:1310,523.7,651.18,44.33,26.54,2.41,0.0
20230621:1410,350.4,440.4,34.98,26.38,2.55,0.0
20230621:1510,175.69,252.96,25.45,25.68,2.34,0.0
20230621:1610,56.02,87.38,16.12,25.44,1.45,0.0
20230621:1710,19.99,38.04,7.33,25.01,0.83,0.0
20230621:1810,0.0,0.0,0.0,23.49,1.31,0.0
20230621:1910,0.0,0.0,0.0,21.54,1.59,0.0
20230621:2010,0.0,0.0,0.0,20.25,1.66,0.0
20230621:2110,0.0,0.0,0.0,19.39,1.59,0.0
20230621:2210,0.0,0.0,0.0,19.18,1.45,0.0
20230621:2310,0.0,0.0,0.0,18.86,1.38,0.0
20230622:0010,0.0,0.0,0.0,18.72,1.24,0.0
20230622:0110,0.0,0.0,0.0,18.41,1.24,0.0
20230622:0210,1.83,9.92,2.27,19.02,1.03,0.0
20230622:0310,19.4,36.38,10.56,18.96,0.83,0.0
20230622:0410,93.46,141.35,19.59,19.48,0.48,0.0
20230622:0510,245.27,321.55,29.03,22.5,0.62,0.0
20230622:0610,425.83,535.16,38.55,24.68,0.69,0.0
20230622:0710,565.48,725.75,47.69,26.14,0.41,0.0
20230622:0810,506.39,647.47,55.72,26.94,0.62,0.0
20230622:0910,678.04,888.44,61.37,27.31,0.9,0.0
20230622:1010,721.0,949.9,62.9,27.68,1.1,0.0
20230622:1110,705.4,922.44,59.65,28.26,1.38,0.0
20230622:1210,564.71,719.71,52.92,28.57,1.72,0.0
20230622:1310,471.3,593.97,44.36,28.56,1.93,0.0
20230622:1410,318.52,405.45,35.01,28.51,2.07,0.0
20230622:1510,162.79,222.34,25.48,28.25,2.14,0.0
20230622:1610,61.5,94.22,16.15,27.54,1.72,0.0
20230622:1710,19.85,38.04,7.36,26.44,1.59,0.0
20230622:1810,0.0,0.0,0.0,24.85,1.79,0.0
20230622:1910,0.0,0.0,0.0,23.54,2.0,0.0
20230622:2010,0.0,0.0,0.0,22.27,2.0,0.0
20230622:2110,0.0,0.0,0.0,21.36,2.0,0.0
20230622:2210,0.0,0.0,0.0,20.66,2.0,0.0
20230622:2310,0.0,0.0,0.0,20.13,2.14,0.0
20230623:0010,0.0,0.0,0.0,19.79,2.21,0.0
20230623:0110,0.0,0.0,0.0,19.65,2.34,0.0
20230623:0210,1.03,8.27,2.24,19.56,2.34,0.0
20230623:0310,1.41,9.1,10.52,19.95,2.14,0.0
20230623:0410,97.01,140.16,19.55,21.79,1.93,0.0
20230623:0510,235.53,306.61,28.99,23.97,2.28,0.0
20230623:0610,418.41,518.44,38.51,25.86,2.69,0.0
20230623:0710,568.7,705.99,47.65,26.84,2.97,0.0
20230623:0810,674.71,847.36,55.69,27.74,3.38,0.0
20230623:0910,743.65,944.83,61.35,28.07,3.38,0.0
20230623:1010,759.62,971.81,62.9,28.7,3.31,0.0
20230623:1110,637.71,807.18,59.66,28.63,3.03,0.0
20230623:1210,610.5,770.77,52.94,28.8,2.83,0.0
20230623:1310,305.71,385.84,44.39,29.37,2.69,0.0
20230623:1410,291.16,370.41,35.04,29.41,3.1,0.0
20230623:1510,170.46,238.06,25.51,28.8,3.38,0.0
20230623:1610,56.61,89.09,16.18,27.94,2.48,0.0
20230623:1710,17.97,35.55,7.39,27.17,1.45,0.0
20230623:1810,0.0,0.0,0.0,25.94,1.79,0.0
20230623:1910,0.0,0.0,0.0,24.62,1.66,0.0
20230623:2010,0.0,0.0,0.0,23.16,1.79,0.0
20230623:2110,0.0,0.0,0.0,22.01,1.72,0.0
20230623:2210,0.0,0.0,0.0,21.55,1.24,0.0
20230623:2310,0.0,0.0,0.0,22.57,0.62,0.0
20230624:0010,0.0,0.0,0.0,21.18,1.03,0.0
20230624:0110,0.0,0.0,0.0,20.53,1.66,0.0
20230624:0210,1.02,8.27,2.2,20.46,1.31,0.0
20230624:0310,1.4,9.1,10.48,20.61,0.76,0.0
20230624:0410,8.66,21.52,19.5,21.03,0.62,0.0
20230624:0510,47.87,72.62,28.95,21.24,0.69,0.0
20230624:0610,120.8,158.68,38.46,21.74,1.17,0.0
20230624:0710,179.34,229.21,47.61,24.87,2.14,0.0
20230624:0810,453.8,562.51,55.65,25.77,2.28,0.0
20230624:0910,182.35,233.99,61.32,25.99,2.21,0.0
20230624:1010,420.74,523.46,62.88,26.45,2.34,0.0
20230624:1110,732.92,929.73,59.67,26.71,2.76,0.0
20230624:1210,650.92,804.74,52.96,24.82,3.03,0.0
20230624:1310,210.11,265.08,44.41,25.3,2.97,0.0
20230624:1410,36.94,60.07,35.06,25.29,2.69,0.0
20230624:1510,28.54,49.31,25.53,25.1,2.69,0.0
20230624:1610,7.33,19.72,16.2,24.81,2.62,0.0
20230624:1710,16.45,33.07,7.4,24.38,1.59,0.0
20230624:1810,0.0,0.0,0.0,23.62,1.24,0.0
20230624:1910,0.0,0.0,0.0,22.85,1.79,0.0
20230624:2010,0.0,0.0,0.0,22.25,2.07,0.0
20230624:2110,0.0,0.0,0.0,21.81,2.28,0.0
20230624:2210,0.0,0.0,0.0,21.41,2.34,0.0
20230624:2310,0.0,0.0,0.0,20.77,2.07,0.0
20230625:0010,0.0,0.0,0.0,20.12,1.79,0.0
20230625:0110,0.0,0.0,0.0,19.51,1.59,0.0
20230625:0210,1.04,8.27,2.15,18.78,1.38,0.0
20230625:0310,1.42,9.1,10.43,18.74,1.31,0.0
20230625:0410,8.67,21.52,19.45,20.91,1.1,0.0
20230625:0510,43.92,68.14,28.9,22.59,1.1,0.0
20230625:0610,148.59,192.95,38.41,23.97,1.1,0.0
20230625:0710,328.47,401.13,47.56,21.69,1.72,0.0
20230625:0810,348.43,428.99,55.61,22.93,1.45,0.0
20230625:0910,220.57,277.97,61.28,24.0,1.31,0.0
20230625:1010,212.34,269.59,62.86,24.97,1.17,0.0
20230625:1110,98.1,134.48,59.66,25.68,1.24,0.0
20230625:1210,84.97,118.34,52.96,24.88,1.59,0.0
20230625:1310,253.3,311.87,44.42,22.85,3.31,0.0
20230625:1410,169.61,213.41,35.08,21.16,3.79,0.0
20230625:1510,32.08,52.89,25.55,20.6,3.03,0.0
20230625:1610,39.34,61.86,16.21,20.41,2.62,0.0
20230625:1710,18.71,35.55,7.41,19.79,1.66,0.0
20230625:1810,0.0,0.0,0.0,18.96,2.41,0.0
20230625:1910,0.0,0.0,0.0,18.5,2.21,0.0
20230625:2010,0.0,0.0,0.0,18.08,2.34,0.0
20230625:2110,0.0,0.0,0.0,17.69,2.41,0.0
20230625:2210,0.0,0.0,0.0,17.32,2.28,0.0
20230625:2310,0.0,0.0,0.0,16.94,2.48,0.0
20230626:0010,0.0,0.0,0.0,16.86,2.9,0.0
20230626:0110,0.0,0.0,0.0,16.49,3.24,0.0
20230626:0210,1.06,8.27,2.1,16.55,3.31,0.0
20230626:0310,1.45,9.1,10.38,16.54,3.52,0.0
20230626:0410,17.24,33.17,19.4,16.8,4.0,0.0
20230626:0510,185.41,229.86,28.84,17.32,4.69,0.0
20230626:0610,173.23,213.86,38.36,18.11,5.38,0.0
20230626:0710,146.82,184.68,47.51,18.45,4.9,0.0
20230626:0810,261.06,313.99,55.56,19.1,5.31,0.0
20230626:0910,241.29,292.07,61.24,19.57,5.79,0.0
20230626:1010,140.31,178.41,62.84,20.18,6.14,0.0
20230626:1110,215.36,264.18,59.65,20.86,6.0,0.0
20230626:1210,204.83,252.69,52.97,21.26,5.79,0.0
20230626:1310,555.15,656.9,44.43,20.89,5.45,0.0
20230626:1410,392.12,473.46,35.09,20.55,4.83,0.0
20230626:1510,185.96,258.82,25.56,20.33,4.34,0.0
20230626:1610,39.37,69.22,16.22,19.92,3.66,0.0
20230626:1710,21.27,38.86,7.42,19.36,2.69,0.0
20230626:1810,0.0,0.0,0.0,18.53,1.93,0.0
20230626:1910,0.0,0.0,0.0,17.19,2.07,0.0
20230626:2010,0.0,0.0,0.0,16.36,2.14,0.0
20230626:2110,0.0,0.0,0.0,15.56,2.0,0.0
20230626:2210,0.0,0.0,0.0,14.89,1.93,0.0
20230626:2310,0.0,0.0,0.0,14.32,2.07,0.0
20230627:0010,0.0,0.0,0.0,14.05,2.07,0.0
20230627:0110,0.0,0.0,0.0,13.79,2.07,0.0
20230627:0210,0.72,7.44,2.04,13.52,2.0,0.0
20230627:0310,32.52,52.09,10.32,13.91,2.0,0.0
20230627:0410,93.37,137.74,19.34,14.79,2.76,0.0
20230627:0510,254.06,319.19,28.78,15.95,3.03,0.0
20230627:0610,431.31,511.06,38.3,17.17,3.1,0.0
20230627:0710,612.49,725.02,47.45,18.15,3.66,0.0
20230627:0810,704.87,845.05,55.5,19.19,3.86,0.0
20230627:0910,769.44,931.42,61.19,19.85,4.07,0.0
20230627:1010,697.46,842.51,62.81,20.66,4.21,0.0
20230627:1110,751.27,914.29,59.64,21.07,3.93,0.0
20230627:1210,639.42,772.33,52.96,21.48,3.72,0.0
20230627:1310,410.75,494.84,44.43,21.5,3.1,0.0
20230627:1410,94.12,127.31,35.1,21.91,2.69,0.0
20230627:1510,169.79,223.87,25.56,21.79,2.28,0.0
20230627:1610,67.3,96.56,16.23,21.37,1.79,0.0
20230627:1710,13.82,28.94,7.42,20.25,0.55,0.0
20230627:1810,0.0,0.0,0.0,18.87,1.1,0.0
20230627:1910,0.0,0.0,0.0,18.76,1.03,0.0
20230627:2010,0.0,0.0,0.0,18.49,0.83,0.0
20230627:2110,0.0,0.0,0.0,17.67,1.1,0.0
20230627:2210,0.0,0.0,0.0,17.45,1.52,0.0
20230627:2310,0.0,0.0,0.0,17.1,1.79,0.0
20230628:0010,0.0,0.0,0.0,16.93,2.76,0.0
20230628:0110,0.0,0.0,0.0,16.69,3.38,0.0
20230628:0210,0.69,7.44,1.98,16.48,3.86,0.0
20230628:0310,1.46,9.1,10.26,16.32,3.93,0.0
20230628:0410,98.75,139.83,19.28,16.37,4.07,0.0
20230628:0510,244.6,304.57,28.72,16.79,4.76,0.0
20230628:0610,419.55,493.46,38.24,17.64,5.03,0.0
20230628:0710,523.35,614.0,47.39,18.85,5.38,0.0
20230628:0810,527.3,621.89,55.44,19.78,5.66,0.0
20230628:0910,533.22,631.24,61.14,20.23,5.66,0.0
20230628:1010,677.37,807.87,62.77,20.94,5.93,0.0
20230628:1110,633.06,753.42,59.62,21.15,5.93,0.0
20230628:1210,517.61,613.64,52.96,21.34,6.0,0.0
20230628:1310,171.45,214.6,44.43,21.09,5.66,0.0
20230628:1410,380.34,458.91,35.1,21.19,5.66,0.0
20230628:1510,148.87,192.72,25.57,21.03,4.97,0.0
20230628:1610,70.74,101.4,16.23,20.7,4.97,0.0
20230628:1710,19.36,36.38,7.42,19.74,4.14,0.0
20230628:1810,0.0,0.0,0.0,18.71,3.52,0.0
20230628:1910,0.0,0.0,0.0,17.59,3.72,0.0
20230628:2010,0.0,0.0,0.0,17.13,3.79,0.0
20230628:2110,0.0,0.0,0.0,16.62,4.07,0.0
20230628:2210,0.0,0.0,0.0,16.15,4.41,0.0
20230628:2310,0.0,0.0,0.0,15.59,4.34,0.0
20230629:0010,0.0,0.0,0.0,14.9,4.34,0.0
20230629:0110,0.0,0.0,0.0,13.97,4.21,0.0
20230629:0210,0.72,7.44,1.92,13.79,4.28,0.0
20230629:0310,1.49,9.1,10.19,13.62,3.79,0.0
20230629:0410,9.05,21.52,19.21,13.66,3.52,0.0
20230629:0510,18.14,34.07,28.65,14.44,3.52,0.0
20230629:0610,122.02,155.1,38.17,15.46,3.24,0.0
20230629:0710,223.68,269.29,47.32,16.21,3.52,0.0
20230629:0810,260.22,312.22,55.37,17.42,3.52,0.0
20230629:0910,640.5,763.07,61.08,17.83,3.59,0.0
20230629:1010,488.32,578.77,62.72,18.95,4.21,0.0
20230629:1110,421.09,497.65,59.59,17.73,3.66,0.0
20230629:1210,492.5,583.01,52.94,19.27,4.28,0.0
20230629:1310,227.64,277.41,44.42,19.78,4.41,0.0
20230629:1410,310.95,372.04,35.1,18.61,5.17,0.0
20230629:1510,178.68,231.89,25.56,18.6,5.03,0.0
20230629:1610,6.44,17.93,16.22,18.95,4.34,0.0
20230629:1710,20.72,38.04,7.4,18.75,4.07,0.0
20230629:1810,0.0,0.0,0.0,18.07,3.93,0.0
20230629:1910,0.0,0.0,0.0,16.9,4.21,0.0
20230629:2010,0.0,0.0,0.0,16.29,3.72,0.0
20230629:2110,0.0,0.0,0.0,16.0,3.31,0.0
20230629:2210,0.0,0.0,0.0,15.87,3.45,0.0
20230629:2310,0.0,0.0,0.0,16.01,3.72,0.0
20230630:0010,0.0,0.0,0.0,15.91,4.14,0.0
20230630:0110,0.0,0.0,0.0,15.8,4.34,0.0
20230630:0210,0.35,6.61,1.84,15.65,4.21,0.0
20230630:0310,29.55,48.78,10.12,15.92,4.21,0.0
20230630:0410,93.01,136.66,19.14,16.71,3.72,0.0
20230630:0510,113.24,146.5,28.58,17.9,5.86,0.0
20230630:0610,183.11,225.77,38.1,19.1,5.79,0.0
20230630:0710,592.46,701.04,47.25,20.67,5.38,0.0
20230630:0810,741.28,888.91,55.3,21.86,5.66,0.0
20230630:0910,784.33,948.38,61.01,23.02,6.14,0.0
20230630:1010,613.38,737.56,62.66,23.59,6.28,0.0
20230630:1110,0.0,0.0,0.0,23.99,6.14,0.0
20230630:1210,553.15,664.33,52.92,23.74,5.72,0.0
20230630:1310,337.35,408.79,44.41,23.8,5.31,0.0
20230630:1410,124.55,162.27,35.09,22.44,5.38,0.0
20230630:1510,184.61,251.49,25.55,21.44,3.86,0.0
20230630:1610,56.46,88.34,16.21,21.56,3.66,0.0
20230630:1710,21.07,38.86,7.39,21.19,3.66,0.0
20230630:1810,0.0,0.0,0.0,20.51,3.52,0.0
20230630:1910,0.0,0.0,0.0,19.98,3.03,0.0
20230630:2010,0.0,0.0,0.0,19.26,3.1,0.0
20230630:2110,0.0,0.0,0.0,18.71,2.9,0.0
20230630:2210,0.0,0.0,0.0,18.03,2.76,0.0
20230630:2310,0.0,0.0,0.0,17.62,2.83,0.0
20230701:0010,0.0,0.0,0.0,17.32,2.9,0.0
20230701:0110,0.0,0.0,0.0,16.97,2.83,0.0
20230701:0210,0.34,6.61,1.77,16.67,2.76,0.0
20230701:0310,5.64,16.54,10.04,16.78,2.55,0.0
20230701:0410,88.15,134.06,19.06,18.03,2.14,0.0
20230701:0510,244.49,314.92,28.5,19.73,2.28,0.0
20230701:0610,437.46,533.21,38.02,21.45,2.14,0.0
20230701:0710,598.83,732.63,47.17,23.03,2.69,0.0
20230701:0810,650.03,801.42,55.23,24.19,3.24,0.0
20230701:0910,730.32,911.86,60.94,24.96,3.38,0.0
20230701:1010,697.62,868.94,62.6,25.38,3.59,0.0
20230701:1110,357.22,439.85,59.51,25.66,3.59,0.0
20230701:1210,621.77,769.15,52.89,26.0,3.52,0.0
20230701:1310,537.86,661.13,44.39,25.81,3.31,0.0
20230701:1410,332.76,413.58,35.07,25.27,3.24,0.0
20230701:1510,50.92,77.1,25.54,24.23,2.41,0.0
20230701:1610,26.69,46.62,16.19,23.39,1.59,0.0
20230701:1710,15.98,32.25,7.36,22.71,0.07,0.0
20230701:1810,0.0,0.0,0.0,21.71,1.17,0.0
20230701:1910,0.0,0.0,0.0,20.26,2.0,0.0
20230701:2010,0.0,0.0,0.0,19.59,2.28,0.0
20230701:2110,0.0,0.0,0.0,19.14,2.21,0.0
20230701:2210,0.0,0.0,0.0,18.53,2.14,0.0
20230701:2310,0.0,0.0,0.0,18.26,2.14,0.0
20230702:0010,0.0,0.0,0.0,17.98,2.0,0.0
20230702:0110,0.0,0.0,0.0,17.59,1.93,0.0
20230702:0210,0.03,5.79,1.68,17.25,1.93,0.0
20230702:0310,1.05,8.27,9.96,17.48,1.66,0.0
20230702:0410,88.07,122.27,18.98,19.2,1.24,0.0
20230702:0510,190.49,243.67,28.42,21.11,1.03,0.0
20230702:0610,352.92,436.67,37.94,22.92,1.1,0.0
20230702:0710,559.17,696.88,47.09,24.44,1.52,0.0
20230702:0810,677.15,855.65,55.14,25.82,2.14,0.0
20230702:0910,749.36,956.31,60.86,26.58,2.55,0.0
20230702:1010,733.77,930.63,62.54,26.89,3.03,0.0
20230702:1110,575.62,718.18,59.46,27.13,3.17,0.0
20230702:1210,319.77,398.41,52.86,27.24,3.1,0.0
20230702:1310,451.3,560.01,44.37,27.07,2.69,0.0
20230702:1410,186.46,239.83,35.05,27.23,2.9,0.0
20230702:1510,177.93,251.66,25.52,27.15,2.83,0.0
20230702:1610,39.2,71.67,16.17,26.12,2.41,0.0
20230702:1710,16.97,33.9,7.34,25.18,2.0,0.0
20230702:1810,0.0,0.0,0.0,22.73,2.41,0.0
20230702:1910,0.0,0.0,0.0,21.24,1.72,0.0
20230702:2010,0.0,0.0,0.0,20.73,1.59,0.0
20230702:2110,0.0,0.0,0.0,20.16,1.79,0.0
20230702:2210,0.0,0.0,0.0,19.58,1.93,0.0
20230702:2310,0.0,0.0,0.0,19.14,1.93,0.0
20230703:0010,0.0,0.0,0.0,18.85,2.0,0.0
20230703:0110,0.0,0.0,0.0,18.9,2.0,0.0
20230703:0210,0.0,4.96,1.6,18.86,2.21,0.0
20230703:0310,1.03,8.27,9.87,19.07,2.41,0.0
20230703:0410,8.13,20.62,18.9,19.84,2.41,0.0
20230703:0510,34.25,55.58,28.34,20.52,2.83,0.0
20230703:0610,384.93,466.59,37.86,21.26,2.69,0.0
20230703:0710,439.7,532.72,47.0,20.94,1.93,0.0
20230703:0810,587.34,726.79,55.06,22.63,1.79,0.0
20230703:0910,551.5,686.09,60.77,24.09,1.86,0.0
20230703:1010,585.21,732.44,62.46,25.03,2.07,0.0
20230703:1110,437.92,542.59,59.41,25.66,2.34,0.0
20230703:1210,550.32,685.11,52.82,26.02,2.41,0.0
20230703:1310,493.43,612.41,44.34,26.17,2.28,0.0
20230703:1410,201.46,257.2,35.02,26.21,2.14,0.0
20230703:1510,175.0,239.55,25.49,25.85,2.0,0.0
20230703:1610,47.5,73.46,16.14,25.44,1.79,0.0
20230703:1710,20.07,38.04,7.3,24.41,1.59,0.0
20230703:1810,0.0,0.0,0.0,23.19,1.86,0.0
20230703:1910,0.0,0.0,0.0,22.2,2.34,0.0
20230703:2010,0.0,0.0,0.0,21.23,2.28,0.0
20230703:2110,0.0,0.0,0.0,20.3,2.14,0.0
20230703:2210,0.0,0.0,0.0,19.21,2.07,0.0
20230703:2310,0.0,0.0,0.0,18.48,1.86,0.0
20230704:0010,0.0,0.0,0.0,17.49,1.72,0.0
20230704:0110,0.0,0.0,0.0,16.92,1.59,0.0
20230704:0210,0.0,4.96,1.51,16.9,1.45,0.0
20230704:0310,33.88,54.57,9.78,17.58,1.1,0.0
20230704:0410,70.77,123.45,18.81,18.86,0.62,0.0
20230704:0510,244.55,322.67,28.25,21.59,0.69,0.0
20230704:0610,436.85,545.77,37.77,23.35,0.76,0.0
20230704:0710,583.78,747.92,46.91,24.13,0.14,0.0
20230704:0810,691.13,908.52,54.96,25.15,0.28,0.0
20230704:0910,746.11,999.49,60.68,26.06,0.34,0.0
20230704:1010,771.71,1045.64,62.38,26.71,0.34,0.0
20230704:1110,725.13,972.85,59.35,27.25,0.34,0.0
20230704:1210,665.85,880.22,52.78,27.53,0.34,0.0
20230704:1310,536.76,689.7,44.3,27.79,0.62,0.0
20230704:1410,364.79,466.98,34.99,27.83,1.03,0.0
20230704:1510,180.99,257.5,25.46,27.66,1.31,0.0
20230704:1610,64.0,98.34,16.1,27.22,1.52,0.0
20230704:1710,19.89,38.04,7.26,26.01,1.66,0.0
20230704:1810,0.0,0.0,0.0,24.35,2.21,0.0
20230704:1910,0.0,0.0,0.0,23.05,2.41,0.0
20230704:2010,0.0,0.0,0.0,22.11,2.41,0.0
20230704:2110,0.0,0.0,0.0,21.21,2.48,0.0
20230704:2210,0.0,0.0,0.0,20.56,2.62,0.0
20230704:2310,0.0,0.0,0.0,20.01,2.55,0.0
20230705:0010,0.0,0.0,0.0,19.49,2.48,0.0
20230705:0110,0.0,0.0,0.0,19.08,2.34,0.0
20230705:0210,0.0,4.96,1.41,18.62,2.21,0.0
20230705:0310,1.04,8.27,9.69,18.61,2.0,0.0
20230705:0410,8.12,20.62,18.71,20.16,1.66,0.0
20230705:0510,16.69,33.17,28.16,22.51,1.79,0.0
20230705:0610,93.6,128.2,37.67,24.32,1.86,0.0
20230705:0710,0.0,0.0,0.0,24.41,1.1,0.0
20230705:0810,163.5,212.48,54.87,26.02,1.17,0.0
20230705:0910,215.42,276.21,60.58,26.94,0.9,0.0
20230705:1010,282.27,360.73,62.3,27.48,0.28,0.0
20230705:1110,346.54,438.79,59.28,27.49,0.9,0.0
20230705:1210,225.48,287.89,52.72,27.12,1.24,0.0
20230705:1310,473.63,596.79,44.26,26.72,1.1,0.0
20230705:1410,317.76,402.6,34.96,26.4,1.1,0.0
20230705:1510,177.53,247.82,25.42,26.21,1.31,0.0
20230705:1610,51.56,85.15,16.06,25.95,1.31,0.0
20230705:1710,20.01,38.04,7.22,24.99,1.79,0.0
20230705:1810,0.0,0.0,0.0,23.81,2.14,0.0
20230705:1910,0.0,0.0,0.0,23.15,2.41,0.0
20230705:2010,0.0,0.0,0.0,22.48,2.48,0.0
20230705:2110,0.0,0.0,0.0,21.79,2.34,0.0
20230705:2210,0.0,0.0,0.0,21.32,2.21,0.0
20230705:2310,0.0,0.0,0.0,20.87,2.21,0.0
20230706:0010,0.0,0.0,0.0,20.38,2.21,0.0
20230706:0110,0.0,0.0,0.0,19.93,2.14,0.0
20230706:0210,0.0,0.0,0.0,19.6,2.0,0.0
20230706:0310,1.03,8.27,9.59,19.7,1.72,0.0
20230706:0410,48.73,73.51,18.62,21.04,1.59,0.0
20230706:0510,229.85,300.97,28.06,22.77,1.79,0.0
20230706:0610,367.06,454.45,37.58,24.47,1.93,0.0
20230706:0710,547.16,681.6,46.72,25.78,2.0,0.0
20230706:0810,660.02,838.63,54.76,27.43,2.21,0.0
20230706:0910,731.48,948.92,60.48,28.76,2.14,0.0
20230706:1010,752.19,985.92,62.2,29.61,2.07,0.0
20230706:1110,409.76,521.79,59.2,30.29,1.79,0.0
20230706:1210,638.68,834.95,52.67,31.02,1.45,0.0
20230706:1310,444.33,571.13,44.21,30.95,1.1,0.0
20230706:1410,325.43,422.76,34.91,30.55,0.69,0.0
20230706:1510,142.43,193.31,25.38,27.59,0.34,0.0
20230706:1610,65.65,98.57,16.02,26.05,0.9,0.0
20230706:1710,3.48,13.23,7.16,24.12,1.79,0.0
20230706:1810,0.0,0.0,0.0,23.48,0.55,0.0
20230706:1910,0.0,0.0,0.0,23.81,1.31,0.0
20230706:2010,0.0,0.0,0.0,22.73,1.24,0.0
20230706:2110,0.0,0.0,0.0,22.11,1.45,0.0
20230706:2210,0.0,0.0,0.0,21.52,1.31,0.0
20230706:2310,0.0,0.0,0.0,21.05,1.17,0.0
20230707:0010,0.0,0.0,0.0,20.74,2.0,0.0
20230707:0110,0.0,0.0,0.0,20.49,2.76,0.0
20230707:0210,0.0,0.0,0.0,20.25,2.41,0.0
20230707:0310,1.02,8.27,9.48,20.15,1.86,0.0
20230707:0410,36.45,58.27,18.51,20.31,2.55,0.0
20230707:0510,159.84,204.99,27.96,21.2,2.14,0.0
20230707:0610,244.36,303.85,37.48,22.49,1.38,0.0
20230707:0710,449.33,551.77,46.61,23.58,1.86,0.0
20230707:0810,539.16,667.96,54.66,24.1,1.93,0.0
20230707:0910,621.1,770.76,60.37,23.91,2.48,0.0
20230707:1010,687.35,844.77,62.1,22.74,3.38,0.0
20230707:1110,684.74,830.81,59.12,22.39,4.34,0.0
20230707:1210,465.71,558.19,52.6,22.4,4.69,0.0
20230707:1310,442.5,532.02,44.16,23.16,4.62,0.0
20230707:1410,230.42,286.26,34.86,23.47,4.14,0.0
20230707:1510,16.61,33.17,25.33,23.59,4.07,0.0
20230707:1610,9.15,22.41,15.96,23.26,4.0,0.0
20230707:1710,8.57,21.5,7.11,22.76,3.86,0.0
20230707:1810,0.0,0.0,0.0,22.08,4.07,0.0
20230707:1910,0.0,0.0,0.0,20.78,4.14,0.0
20230707:2010,0.0,0.0,0.0,20.34,4.14,0.0
20230707:2110,0.0,0.0,0.0,20.03,4.21,0.0
20230707:2210,0.0,0.0,0.0,19.77,4.34,0.0
20230707:2310,0.0,0.0,0.0,19.3,4.48,0.0
20230708:0010,0.0,0.0,0.0,18.87,4.55,0.0
20230708:0110,0.0,0.0,0.0,18.51,4.34,0.0
20230708:0210,0.0,0.0,0.0,18.21,4.28,0.0
20230708:0310,0.68,7.44,9.38,17.99,4.62,0.0
20230708:0410,7.64,19.72,18.41,17.95,5.03,0.0
20230708:0510,19.8,36.76,27.86,18.36,4.9,0.0
20230708:0610,58.56,84.27,37.37,18.83,5.24,0.0
20230708:0710,90.2,121.03,46.5,19.37,5.79,0.0
20230708:0810,101.84,134.48,54.54,19.53,5.1,0.0
20230708:0910,114.93,149.72,60.26,20.2,5.66,0.0
20230708:1010,112.9,147.93,61.99,21.1,6.0,0.0
20230708:1110,112.63,147.93,59.03,21.55,5.86,0.0
20230708:1210,162.66,205.3,52.53,21.9,5.93,0.0
20230708:1310,167.56,211.05,44.1,21.91,5.31,0.0
20230708:1410,109.8,145.24,34.81,22.45,5.86,0.0
20230708:1510,51.51,77.1,25.27,22.53,5.72,0.0
20230708:1610,54.96,81.45,15.91,22.19,5.24,0.0
20230708:1710,16.13,32.25,7.04,21.5,5.03,0.0
20230708:1810,0.0,0.0,0.0,20.83,4.97,0.0
20230708:1910,0.0,0.0,0.0,19.73,4.41,0.0
20230708:2010,0.0,0.0,0.0,19.38,4.55,0.0
20230708:2110,0.0,0.0,0.0,18.98,4.55,0.0
20230708:2210,0.0,0.0,0.0,18.55,4.41,0.0
20230708:2310,0.0,0.0,0.0,18.08,4.21,0.0
20230709:0010,0.0,0.0,0.0,17.78,4.34,0.0
20230709:0110,0.0,0.0,0.0,17.39,4.34,0.0
20230709:0210,0.0,0.0,0.0,17.04,4.34,0.0
20230709:0310,1.06,8.27,9.26,16.88,4.28,0.0
20230709:0410,89.11,122.84,18.3,17.34,4.14,0.0
20230709:0510,246.49,314.06,27.75,18.38,4.48,0.0
20230709:0610,432.87,514.56,37.26,19.71,4.9,0.0
20230709:0710,615.41,730.1,46.39,21.05,5.38,0.0
20230709:0810,738.38,887.58,54.43,22.15,5.59,0.0
20230709:0910,815.38,988.49,60.14,23.07,6.21,0.0
20230709:1010,829.33,1008.23,61.88,23.46,6.34,0.0
20230709:1110,704.91,851.68,58.94,23.7,6.14,0.0
20230709:1210,395.3,475.24,52.46,23.12,5.52,0.0
20230709:1310,222.65,274.89,44.04,23.0,5.79,0.0
20230709:1410,232.18,286.49,34.75,23.02,5.93,0.0
20230709:1510,189.58,258.54,25.21,22.72,5.38,0.0
20230709:1610,41.01,73.93,15.84,22.32,4.41,0.0
20230709:1710,17.94,34.73,6.97,21.58,3.66,0.0
20230709:1810,0.0,0.0,0.0,20.72,3.31,0.0
20230709:1910,0.0,0.0,0.0,19.99,2.55,0.0
20230709:2010,0.0,0.0,0.0,18.97,2.48,0.0
20230709:2110,0.0,0.0,0.0,18.33,2.62,0.0
20230709:2210,0.0,0.0,0.0,17.83,2.83,0.0
20230709:2310,0.0,0.0,0.0,17.64,2.97,0.0
20230710:0010,0.0,0.0,0.0,17.15,2.97,0.0
20230710:0110,0.0,0.0,0.0,16.7,3.1,0.0
20230710:0210,0.0,0.0,0.0,16.33,3.1,0.0
20230710:0310,19.06,35.55,9.15,16.45,2.97,0.0
20230710:0410,66.4,117.39,18.19,17.34,2.76,0.0
20230710:0510,249.84,322.17,27.64,18.63,3.31,0.0
20230710:0610,452.88,543.55,37.15,19.9,3.31,0.0
20230710:0710,627.06,752.98,46.28,20.93,3.72,0.0
20230710:0810,688.78,833.44,54.3,21.95,4.28,0.0
20230710:0910,514.03,618.55,60.01,22.63,4.69,0.0
20230710:1010,496.74,596.77,61.76,22.8,5.17,0.0
20230710:1110,376.41,451.38,58.84,21.86,5.24,0.0
20230710:1210,597.58,715.6,52.37,22.34,5.24,0.0
20230710:1310,47.76,72.62,43.97,22.56,4.55,0.0
20230710:1410,99.06,132.69,34.68,21.83,4.48,0.0
20230710:1510,35.54,57.38,25.15,21.58,4.62,0.0
20230710:1610,67.55,99.1,15.77,20.7,3.38,0.0
20230710:1710,19.31,36.38,6.9,20.16,3.17,0.0
20230710:1810,0.0,0.0,0.0,19.01,2.76,0.0
20230710:1910,0.0,0.0,0.0,18.21,2.97,0.0
20230710:2010,0.0,0.0,0.0,17.51,3.03,0.0
20230710:2110,0.0,0.0,0.0,17.0,2.76,0.0
20230710:2210,0.0,0.0,0.0,16.64,2.62,0.0
20230710:2310,0.0,0.0,0.0,16.03,2.62,0.0
20230711:0010,0.0,0.0,0.0,15.57,2.69,0.0
20230711:0110,0.0,0.0,0.0,15.29,2.9,0.0
20230711:0210,0.0,0.0,0.0,14.91,2.9,0.0
20230711:0310,30.35,49.61,9.03,14.9,2.69,0.0
20230711:0410,63.19,114.86,18.07,15.75,2.83,0.0
20230711:0510,243.61,309.83,27.52,16.87,2.83,0.0
20230711:0610,455.73,542.8,37.03,18.12,3.17,0.0
20230711:0710,488.37,579.16,46.16,18.93,3.52,0.0
20230711:0810,592.54,708.96,54.18,19.65,3.59,0.0
20230711:0910,718.38,873.09,59.88,20.27,3.52,0.0
20230711:1010,699.73,851.49,61.63,20.83,3.59,0.0
20230711:1110,576.28,694.31,58.73,21.02,3.66,0.0
20230711:1210,638.81,770.36,52.28,20.96,3.66,0.0
20230711:1310,583.6,699.79,43.89,20.97,3.66,0.0
20230711:1410,330.1,400.52,34.61,20.96,3.72,0.0
20230711:1510,89.12,120.77,25.08,20.63,3.72,0.0
20230711:1610,67.65,99.06,15.7,20.06,3.59,0.0
20230711:1710,18.78,35.55,6.82,19.28,3.03,0.0
20230711:1810,0.0,0.0,0.0,18.35,2.55,0.0
20230711:1910,0.0,0.0,0.0,17.57,2.28,0.0
20230711:2010,0.0,0.0,0.0,16.65,2.28,0.0
20230711:2110,0.0,0.0,0.0,16.04,2.28,0.0
20230711:2210,0.0,0.0,0.0,15.49,2.07,0.0
20230711:2310,0.0,0.0,0.0,14.9,2.07,0.0
20230712:0010,0.0,0.0,0.0,14.47,2.07,0.0
20230712:0110,0.0,0.0,0.0,14.18,2.14,0.0
20230712:0210,0.0,0.0,0.0,14.26,2.21,0.0
20230712:0310,6.25,17.36,8.9,14.29,2.07,0.0
20230712:0410,83.26,126.33,17.95,15.25,2.14,0.0
20230712:0510,249.17,318.54,27.4,16.49,2.48,0.0
20230712:0610,459.52,547.57,36.91,17.66,2.83,0.0
20230712:0710,568.72,678.76,46.03,18.17,2.62,0.0
20230712:0810,735.85,893.13,54.04,19.23,3.03,0.0
20230712:0910,715.64,873.63,59.74,19.71,2.9,0.0
20230712:1010,611.86,742.37,61.5,19.88,2.69,0.0
20230712:1110,542.86,656.74,58.61,20.64,2.76,0.0
20230712:1210,615.92,751.86,52.19,20.89,2.34,0.0
20230712:1310,480.31,585.38,43.81,21.41,1.72,0.0
20230712:1410,387.76,479.92,34.53,21.76,1.38,0.0
20230712:1510,181.42,242.84,25.0,21.89,1.1,0.0
20230712:1610,47.61,80.8,15.62,21.7,0.69,0.0
20230712:1710,17.38,33.9,6.73,20.72,1.31,0.0
20230712:1810,0.0,0.0,0.0,19.86,1.86,0.0
20230712:1910,0.0,0.0,0.0,19.78,1.17,0.0
20230712:2010,0.0,0.0,0.0,19.0,1.72,0.0
20230712:2110,0.0,0.0,0.0,18.52,2.07,0.0
20230712:2210,0.0,0.0,0.0,18.6,2.34,0.0
20230712:2310,0.0,0.0,0.0,18.64,2.41,0.0
20230713:0010,0.0,0.0,0.0,18.73,2.41,0.0
20230713:0110,0.0,0.0,0.0,18.88,2.41,0.0
20230713:0210,0.0,0.0,0.0,19.09,2.62,0.0
20230713:0310,0.67,7.44,8.77,19.0,2.83,0.0
20230713:0410,52.36,77.32,17.82,19.03,2.83,0.0
20230713:0510,69.78,97.72,27.28,19.27,2.83,0.0
20230713:0610,323.79,390.54,36.79,20.16,3.17,0.0
20230713:0710,371.13,449.46,45.9,21.82,2.62,0.0
20230713:0810,521.59,633.8,53.91,22.56,2.97,0.0
20230713:0910,256.97,317.7,59.6,23.36,3.03,0.0
20230713:1010,443.71,542.54,61.36,24.18,3.17,0.0
20230713:1110,750.59,936.84,58.49,24.62,3.31,0.0
20230713:1210,657.47,813.54,52.09,25.32,3.31,0.0
20230713:1310,513.56,633.38,43.72,26.14,2.97,0.0
20230713:1410,244.08,308.38,34.45,26.57,2.55,0.0
20230713:1510,171.87,234.81,24.92,26.77,2.34,0.0
20230713:1610,53.05,86.74,15.53,26.42,1.59,0.0
20230713:1710,10.04,23.98,6.63,25.6,1.24,0.0
20230713:1810,0.0,0.0,0.0,24.19,1.59,0.0
20230713:1910,0.0,0.0,0.0,23.77,1.1,0.0
20230713:2010,0.0,0.0,0.0,22.42,1.31,0.0
20230713:2110,0.0,0.0,0.0,21.22,1.66,0.0
20230713:2210,0.0,0.0,0.0,20.73,2.0,0.0
20230713:2310,0.0,0.0,0.0,20.33,2.21,0.0
20230714:0010,0.0,0.0,0.0,19.97,2.48,0.0
20230714:0110,0.0,0.0,0.0,20.12,2.62,0.0
20230714:0210,0.0,0.0,0.0,20.02,2.76,0.0
20230714:0310,0.66,7.44,8.64,20.11,3.17,0.0
20230714:0410,6.96,18.83,17.7,20.22,3.38,0.0
20230714:0510,20.23,37.65,27.15,20.52,3.17,0.0
20230714:0610,85.64,116.55,36.66,20.41,3.59,0.0
20230714:0710,79.97,110.27,45.77,21.17,4.14,0.0
20230714:0810,260.44,318.42,53.77,22.48,4.83,0.0
20230714:0910,490.7,591.09,59.45,23.76,5.38,0.0
20230714:1010,807.94,986.76,61.21,24.23,5.93,0.0
20230714:1110,696.27,845.37,58.36,24.42,5.72,0.0
20230714:1210,461.29,556.21,51.98,24.32,5.38,0.0
20230714:1310,100.79,136.27,43.62,24.82,5.59,0.0
20230714:1410,116.22,154.24,34.36,24.81,5.59,0.0
20230714:1510,175.31,234.67,24.83,24.1,5.1,0.0
20230714:1610,57.09,89.65,15.44,23.37,4.07,0.0
20230714:1710,16.62,33.07,6.54,22.6,3.38,0.0
20230714:1810,0.0,0.0,0.0,21.54,2.76,0.0
20230714:1910,0.0,0.0,0.0,20.66,2.48,0.0
20230714:2010,0.0,0.0,0.0,19.96,2.34,0.0
20230714:2110,0.0,0.0,0.0,19.13,2.41,0.0
20230714:2210,0.0,0.0,0.0,18.69,2.55,0.0
20230714:2310,0.0,0.0,0.0,18.41,2.76,0.0
20230715:0010,0.0,0.0,0.0,17.99,2.83,0.0
20230715:0110,0.0,0.0,0.0,17.46,2.76,0.0
20230715:0210,0.0,0.0,0.0,16.93,2.76,0.0
20230715:0310,0.69,7.44,8.51,16.8,2.69,0.0
20230715:0410,74.37,104.07,17.56,17.79,2.41,0.0
20230715:0510,219.8,279.82,27.02,19.39,3.03,0.0
20230715:0610,409.01,494.06,36.53,20.94,3.03,0.0
20230715:0710,601.04,726.73,45.64,21.91,3.31,0.0
20230715:0810,724.98,891.77,53.62,23.14,3.52,0.0
20230715:0910,648.9,794.8,59.29,23.61,3.86,0.0
20230715:1010,499.59,607.15,61.06,23.7,3.93,0.0
20230715:1110,584.86,714.21,58.23,23.97,3.86,0.0
20230715:1210,484.71,590.0,51.86,24.11,3.59,0.0
20230715:1310,477.59,581.66,43.52,24.37,3.45,0.0
20230715:1410,351.75,434.58,34.27,24.82,3.66,0.0
20230715:1510,180.58,244.53,24.73,24.53,3.38,0.0
20230715:1610,47.22,72.61,15.34,24.09,2.55,0.0
20230715:1710,6.44,18.19,6.43,23.01,1.93,0.0
20230715:1810,0.0,0.0,0.0,21.51,1.93,0.0
20230715:1910,0.0,0.0,0.0,20.38,2.14,0.0
20230715:2010,0.0,0.0,0.0,19.03,1.93,0.0
20230715:2110,0.0,0.0,0.0,18.63,1.31,0.0
20230715:2210,0.0,0.0,0.0,20.02,0.76,0.0
20230715:2310,0.0,0.0,0.0,18.11,1.31,0.0
20230716:0010,0.0,0.0,0.0,15.93,1.79,0.0
20230716:0110,0.0,0.0,0.0,15.16,1.86,0.0
20230716:0210,0.0,0.0,0.0,14.78,1.86,0.0
20230716:0310,5.19,15.71,8.37,14.8,1.72,0.0
20230716:0410,77.31,120.88,17.43,17.45,1.1,0.0
20230716:0510,234.08,307.79,26.89,20.83,1.1,0.0
20230716:0610,427.42,528.6,36.4,22.72,1.31,0.0
20230716:0710,590.73,741.11,45.5,23.55,1.03,0.0
20230716:0810,675.11,864.51,53.47,24.79,1.1,0.0
20230716:0910,729.37,946.5,59.13,25.76,1.31,0.0
20230716:1010,709.05,908.8,60.9,26.76,2.14,0.0
20230716:1110,661.39,840.64,58.09,27.17,2.34,0.0
20230716:1210,623.03,790.68,51.74,27.01,1.86,0.0
20230716:1310,467.89,588.85,43.41,27.18,1.38,0.0
20230716:1410,328.19,419.28,34.17,27.45,0.69,0.0
20230716:1510,178.8,251.08,24.63,27.36,0.48,0.0
20230716:1610,55.36,89.44,15.24,27.01,0.9,0.0
20230716:1710,16.35,33.07,6.32,25.29,0.69,0.0
20230716:1810,0.0,0.0,0.0,23.92,0.83,0.0
20230716:1910,0.0,0.0,0.0,21.49,1.59,0.0
20230716:2010,0.0,0.0,0.0,20.68,1.52,0.0
20230716:2110,0.0,0.0,0.0,19.98,1.45,0.0
20230716:2210,0.0,0.0,0.0,19.74,1.31,0.0
20230716:2310,0.0,0.0,0.0,19.48,1.17,0.0
20230717:0010,0.0,0.0,0.0,19.56,0.9,0.0
20230717:0110,0.0,0.0,0.0,19.23,0.83,0.0
20230717:0210,0.0,0.0,0.0,18.93,0.83,0.0
20230717:0310,3.13,12.4,8.23,19.06,0.62,0.0
20230717:0410,81.42,119.45,17.29,19.36,0.28,0.0
20230717:0510,219.35,290.09,26.76,22.38,0.28,0.0
20230717:0610,349.61,438.29,36.26,24.73,0.69,0.0
20230717:0710,543.07,697.74,45.35,25.99,0.14,0.0
20230717:0810,639.4,842.05,53.32,27.45,0.28,0.0
20230717:0910,650.74,867.86,58.97,28.63,0.28,0.0
20230717:1010,423.87,548.55,60.74,29.17,0.14,0.0
20230717:1110,240.02,312.39,57.94,29.94,0.07,0.0
20230717:1210,388.87,503.01,51.61,30.4,0.28,0.0
20230717:1310,455.95,591.55,43.3,30.68,0.41,0.0
20230717:1410,86.77,123.72,34.06,30.57,0.76,0.0
20230717:1510,163.99,228.17,24.53,30.28,1.1,0.0
20230717:1610,55.28,84.87,15.13,29.18,1.52,0.0
20230717:1710,11.55,26.46,6.2,27.98,1.1,0.0
20230717:1810,0.0,0.0,0.0,26.46,1.45,0.0
20230717:1910,0.0,0.0,0.0,24.92,1.52,0.0
20230717:2010,0.0,0.0,0.0,23.99,1.66,0.0
20230717:2110,0.0,0.0,0.0,23.18,1.79,0.0
20230717:2210,0.0,0.0,0.0,22.56,2.0,0.0
20230717:2310,0.0,0.0,0.0,22.17,2.21,0.0
20230718:0010,0.0,0.0,0.0,21.85,2.34,0.0
20230718:0110,0.0,0.0,0.0,21.72,2.48,0.0
20230718:0210,0.0,0.0,0.0,21.37,2.28,0.0
20230718:0310,0.32,6.61,8.08,20.63,1.1,0.0
20230718:0410,8.66,21.52,17.15,20.99,0.48,0.0
20230718:0510,29.07,49.31,26.62,21.47,1.52,0.0
20230718:0610,301.99,371.78,36.12,22.6,1.86,0.0
20230718:0710,221.83,277.57,45.21,23.97,2.48,0.0
20230718:0810,139.91,181.99,53.16,24.13,2.9,0.0
20230718:0910,387.24,472.61,58.8,23.57,3.03,0.0
20230718:1010,654.74,807.57,60.57,24.46,3.66,0.0
20230718:1110,675.18,832.98,57.79,25.91,4.48,0.0
20230718:1210,574.57,702.99,51.48,27.27,5.52,0.0
20230718:1310,448.47,547.24,43.18,27.78,6.28,0.0
20230718:1410,381.0,469.93,33.95,26.95,6.69,0.0
20230718:1510,185.75,259.8,24.42,25.65,5.79,0.0
20230718:1610,40.8,73.47,15.01,24.71,4.83,0.0
20230718:1710,15.34,31.42,6.08,23.63,4.14,0.0
20230718:1810,0.0,0.0,0.0,22.45,3.86,0.0
20230718:1910,0.0,0.0,0.0,21.65,3.52,0.0
20230718:2010,0.0,0.0,0.0,20.62,3.03,0.0
20230718:2110,0.0,0.0,0.0,19.68,2.69,0.0
20230718:2210,0.0,0.0,0.0,18.8,2.48,0.0
20230718:2310,0.0,0.0,0.0,17.88,2.21,0.0
20230719:0010,0.0,0.0,0.0,17.01,2.14,0.0
20230719:0110,0.0,0.0,0.0,16.48,2.14,0.0
20230719:0210,0.0,0.0,0.0,16.01,2.21,0.0
20230719:0310,24.88,43.0,7.93,16.01,2.0,0.0
20230719:0410,61.57,109.77,17.01,17.54,1.86,0.0
20230719:0510,240.7,313.99,26.47,19.33,2.14,0.0
20230719:0610,433.99,527.16,35.98,20.64,2.14,0.0
20230719:0710,607.73,741.32,45.06,21.66,2.41,0.0
20230719:0810,454.04,550.98,53.0,22.62,2.97,0.0
20230719:0910,677.6,835.6,58.62,23.35,3.31,0.0
20230719:1010,607.28,746.86,60.39,23.78,3.24,0.0
20230719:1110,496.29,607.32,57.63,24.17,3.17,0.0
20230719:1210,554.72,681.59,51.34,24.3,2.9,0.0
20230719:1310,453.04,555.57,43.05,24.24,2.41,0.0
20230719:1410,302.4,375.25,33.83,23.79,2.14,0.0
20230719:1510,179.68,243.14,24.3,23.4,1.66,0.0
20230719:1610,54.18,86.81,14.89,23.03,1.45,0.0
20230719:1710,15.45,31.42,5.95,22.11,1.24,0.0
20230719:1810,0.0,0.0,0.0,20.58,1.17,0.0
20230719:1910,0.0,0.0,0.0,18.85,1.59,0.0
20230719:2010,0.0,0.0,0.0,18.54,1.24,0.0
20230719:2110,0.0,0.0,0.0,16.96,1.59,0.0
20230719:2210,0.0,0.0,0.0,16.1,1.86,0.0
20230719:2310,0.0,0.0,0.0,15.64,1.93,0.0
20230720:0010,0.0,0.0,0.0,15.48,1.79,0.0
20230720:0110,0.0,0.0,0.0,15.31,1.79,0.0
20230720:0210,0.0,0.0,0.0,15.36,2.0,0.0
20230720:0310,7.26,19.02,7.78,15.89,2.07,0.0
20230720:0410,68.23,112.75,16.86,17.04,1.86,0.0
20230720:0510,236.75,308.59,26.33,18.57,1.59,0.0
20230720:0610,423.91,515.42,35.83,19.11,1.17,0.0
20230720:0710,591.72,730.43,44.9,22.02,1.52,0.0
20230720:0810,702.49,882.75,52.83,23.55,1.93,0.0
20230720:0910,739.12,939.39,58.44,24.75,2.14,0.0
20230720:1010,710.8,902.91,60.21,25.55,2.28,0.0
20230720:1110,679.38,863.81,57.46,26.32,2.14,0.0
20230720:1210,642.18,812.08,51.19,26.62,2.07,0.0
20230720:1310,535.28,668.89,42.92,27.04,2.21,0.0
20230720:1410,315.5,396.71,33.7,27.04,2.48,0.0
20230720:1510,28.99,50.21,24.18,26.67,2.28,0.0
20230720:1610,6.18,17.93,14.76,25.51,2.21,0.0
20230720:1710,1.37,9.1,5.81,23.15,1.66,0.0
20230720:1810,0.0,0.0,0.0,21.56,1.52,0.0
20230720:1910,0.0,0.0,0.0,19.37,1.66,0.0
20230720:2010,0.0,0.0,0.0,18.25,2.0,0.0
20230720:2110,0.0,0.0,0.0,17.63,2.41,0.0
20230720:2210,0.0,0.0,0.0,17.5,2.76,0.0
20230720:2310,0.0,0.0,0.0,17.06,3.1,0.0
20230721:0010,0.0,0.0,0.0,16.54,3.31,0.0
20230721:0110,0.0,0.0,0.0,16.11,3.38,0.0
20230721:0210,0.0,0.0,0.0,15.7,3.31,0.0
20230721:0310,0.03,5.79,7.62,15.56,3.24,0.0
20230721:0410,23.53,41.24,16.71,16.0,3.66,0.0
20230721:0510,162.53,203.72,26.18,16.87,4.41,0.0
20230721:0610,223.56,271.16,35.68,18.22,4.14,0.0
20230721:0710,509.58,599.96,44.74,18.68,4.41,0.0
20230721:0810,628.89,749.44,52.66,19.69,4.28,0.0
20230721:0910,682.29,823.54,58.26,20.67,4.07,0.0
20230721:1010,612.95,742.21,60.02,21.46,3.66,0.0
20230721:1110,692.42,846.75,57.29,22.48,3.72,0.0
20230721:1210,649.05,791.97,51.04,22.95,3.52,0.0
20230721:1310,469.19,567.53,42.78,23.42,3.72,0.0
20230721:1410,316.98,389.82,33.57,23.49,3.45,0.0
20230721:1510,178.61,241.11,24.05,23.54,2.97,0.0
20230721:1610,40.22,72.4,14.63,23.17,2.48,0.0
20230721:1710,13.09,28.11,5.67,22.25,1.72,0.0
20230721:1810,0.0,0.0,0.0,20.78,1.72,0.0
20230721:1910,0.0,0.0,0.0,19.7,1.79,0.0
20230721:2010,0.0,0.0,0.0,18.11,1.72,0.0
20230721:2110,0.0,0.0,0.0,17.23,1.59,0.0
20230721:2210,0.0,0.0,0.0,17.79,1.17,0.0
20230721:2310,0.0,0.0,0.0,18.6,0.55,0.0
20230722:0010,0.0,0.0,0.0,18.23,0.62,0.0
20230722:0110,0.0,0.0,0.0,16.37,1.17,0.0
20230722:0210,0.0,0.0,0.0,16.1,1.52,0.0
20230722:0310,0.03,5.79,7.46,16.47,1.79,0.0
20230722:0410,6.48,17.93,16.56,17.72,1.86,0.0
20230722:0510,15.03,30.48,26.03,19.17,2.0,0.0
20230722:0610,40.17,62.76,35.53,19.81,2.0,0.0
20230722:0710,53.43,78.0,44.58,17.64,2.69,0.0
20230722:0810,81.11,110.27,52.49,17.9,2.55,0.0
20230722:0910,95.15,126.41,58.07,18.11,2.9,0.0
20230722:1010,71.79,99.51,59.83,18.07,3.31,0.0
20230722:1110,63.28,89.65,57.11,18.26,4.07,0.0
20230722:1210,48.09,71.72,50.88,18.1,4.28,0.0
20230722:1310,42.04,64.55,42.64,18.35,4.21,0.0
20230722:1410,22.53,40.34,33.44,18.42,3.59,0.0
20230722:1510,46.42,69.93,23.91,18.42,2.21,0.0
20230722:1610,22.45,40.34,14.49,18.74,0.83,0.0
20230722:1710,5.58,16.54,5.53,18.42,1.59,0.0
20230722:1810,0.0,0.0,0.0,17.8,2.55,0.0
20230722:1910,0.0,0.0,0.0,17.77,1.17,0.0
20230722:2010,0.0,0.0,0.0,17.6,2.21,0.0
20230722:2110,0.0,0.0,0.0,17.38,2.97,0.0
20230722:2210,0.0,0.0,0.0,17.07,3.03,0.0
20230722:2310,0.0,0.0,0.0,16.73,2.9,0.0
20230723:0010,0.0,0.0,0.0,16.27,2.69,0.0
20230723:0110,0.0,0.0,0.0,15.67,2.55,0.0
20230723:0210,0.0,0.0,0.0,15.22,2.55,0.0
20230723:0310,0.04,5.79,7.3,15.11,2.41,0.0
20230723:0410,15.97,31.38,16.4,15.92,2.28,0.0
20230723:0510,151.62,191.74,25.88,17.36,3.24,0.0
20230723:0610,358.62,427.56,35.37,18.75,3.72,0.0
20230723:0710,521.27,618.91,44.42,18.68,3.17,0.0
20230723:0810,667.43,801.93,52.31,19.67,3.59,0.0
20230723:0910,707.81,859.01,57.87,20.83,3.79,0.0
20230723:1010,669.04,812.29,59.63,21.4,3.79,0.0
20230723:1110,693.03,845.91,56.92,22.39,3.86,0.0
20230723:1210,497.14,600.57,50.72,22.71,3.66,0.0
20230723:1310,535.87,648.03,42.49,22.92,3.52,0.0
20230723:1410,298.57,366.78,33.29,22.81,3.24,0.0
20230723:1510,185.57,255.11,23.77,22.65,3.24,0.0
20230723:1610,50.13,81.59,14.35,22.16,2.69,0.0
20230723:1710,12.59,27.29,5.37,21.17,1.93,0.0
20230723:1810,0.0,0.0,0.0,19.99,1.59,0.0
20230723:1910,0.0,0.0,0.0,18.12,1.52,0.0
20230723:2010,0.0,0.0,0.0,17.57,1.24,0.0
20230723:2110,0.0,0.0,0.0,16.89,1.24,0.0
20230723:2210,0.0,0.0,0.0,15.02,1.72,0.0
20230723:2310,0.0,0.0,0.0,14.62,2.0,0.0
20230724:0010,0.0,0.0,0.0,14.5,2.21,0.0
20230724:0110,0.0,0.0,0.0,14.44,2.28,0.0
20230724:0210,0.0,0.0,0.0,14.49,2.41,0.0
20230724:0310,0.04,5.79,7.13,15.08,2.62,0.0
20230724:0410,22.03,39.45,16.24,16.73,2.62,0.0
20230724:0510,219.83,282.32,25.72,18.88,2.69,0.0
20230724:0610,409.37,494.03,35.21,21.07,3.24,0.0
20230724:0710,594.41,718.24,44.25,22.34,3.52,0.0
20230724:0810,716.25,879.62,52.13,24.08,4.0,0.0
20230724:0910,791.58,983.09,57.67,25.23,4.48,0.0
20230724:1010,758.52,944.46,59.42,25.96,4.41,0.0
20230724:1110,701.39,872.61,56.73,26.75,4.28,0.0
20230724:1210,670.08,830.65,50.55,27.01,4.14,0.0
20230724:1310,521.11,641.29,42.34,27.37,4.07,0.0
20230724:1410,378.56,472.97,33.15,27.52,4.0,0.0
20230724:1510,180.32,254.77,23.62,27.17,3.38,0.0
20230724:1610,33.26,65.09,14.2,26.05,2.83,0.0
20230724:1710,11.77,26.46,5.22,24.75,2.9,0.0
20230724:1810,0.0,0.0,0.0,23.65,3.03,0.0
20230724:1910,0.0,0.0,0.0,22.68,3.03,0.0
20230724:2010,0.0,0.0,0.0,22.05,3.17,0.0
20230724:2110,0.0,0.0,0.0,21.5,3.17,0.0
20230724:2210,0.0,0.0,0.0,20.91,3.24,0.0
20230724:2310,0.0,0.0,0.0,20.42,3.17,0.0
20230725:0010,0.0,0.0,0.0,20.11,3.17,0.0
20230725:0110,0.0,0.0,0.0,19.92,3.31,0.0
20230725:0210,0.0,0.0,0.0,19.68,3.45,0.0
20230725:0310,0.0,4.96,6.97,19.62,3.38,0.0
20230725:0410,69.74,100.64,16.08,20.14,3.24,0.0
20230725:0510,210.77,273.49,25.56,21.65,3.17,0.0
20230725:0610,316.44,387.4,35.05,23.55,3.52,0.0
20230725:0710,513.76,628.7,44.08,25.19,3.31,0.0
20230725:0810,529.5,654.26,51.94,26.81,3.52,0.0
20230725:0910,696.77,875.98,57.47,28.28,4.0,0.0
20230725:1010,624.43,781.4,59.21,29.29,4.55,0.0
20230725:1110,532.82,663.99,56.53,29.81,4.69,0.0
20230725:1210,471.55,586.9,50.37,30.12,4.62,0.0
20230725:1310,507.82,633.42,42.17,30.37,4.21,0.0
20230725:1410,344.5,437.2,32.99,30.13,3.45,0.0
20230725:1510,173.29,242.89,23.47,28.52,3.45,0.0
20230725:1610,39.79,71.34,14.04,26.02,2.14,0.0
20230725:1710,11.17,25.63,5.05,25.17,0.69,0.0
20230725:1810,0.0,0.0,0.0,24.26,2.0,0.0
20230725:1910,0.0,0.0,0.0,25.1,3.24,0.0
20230725:2010,0.0,0.0,0.0,24.69,3.38,0.0
20230725:2110,0.0,0.0,0.0,23.99,2.97,0.0
20230725:2210,0.0,0.0,0.0,23.12,2.62,0.0
20230725:2310,0.0,0.0,0.0,22.4,2.83,0.0
20230726:0010,0.0,0.0,0.0,22.27,2.83,0.0
20230726:0110,0.0,0.0,0.0,22.23,2.9,0.0
20230726:0210,0.0,0.0,0.0,22.34,3.66,0.0
20230726:0310,18.42,35.55,6.8,22.9,4.55,0.0
20230726:0410,62.68,106.41,15.92,23.43,4.28,0.0
20230726:0510,225.02,299.44,25.4,24.33,3.86,0.0
20230726:0610,373.31,455.56,34.89,25.02,5.03,0.0
20230726:0710,537.03,647.46,43.91,24.14,4.76,0.0
20230726:0810,595.71,722.99,51.75,24.53,4.76,0.0
20230726:0910,138.47,180.2,57.26,24.55,4.21,0.0
20230726:1010,437.54,534.46,58.99,24.81,3.72,0.0
20230726:1110,688.16,854.47,56.33,24.79,3.31,0.0
20230726:1210,395.18,484.93,50.19,24.73,2.69,0.0
20230726:1310,465.92,573.45,42.01,24.38,2.0,0.0
20230726:1410,343.5,428.16,32.83,24.21,1.66,0.0
20230726:1510,174.48,240.6,23.31,23.66,1.52,0.0
20230726:1610,56.48,85.55,13.88,23.19,1.59,0.0
20230726:1710,2.62,11.58,4.88,22.49,1.66,0.0
20230726:1810,0.0,0.0,0.0,21.83,1.52,0.0
20230726:1910,0.0,0.0,0.0,20.63,0.62,0.0
20230726:2010,0.0,0.0,0.0,20.21,0.34,0.0
20230726:2110,0.0,0.0,0.0,20.1,0.83,0.0
20230726:2210,0.0,0.0,0.0,19.88,0.9,0.0
20230726:2310,0.0,0.0,0.0,19.77,0.21,0.0
20230727:0010,0.0,0.0,0.0,19.54,0.83,0.0
20230727:0110,0.0,0.0,0.0,19.5,1.24,0.0
20230727:0210,0.0,0.0,0.0,19.44,1.31,0.0
20230727:0310,0.0,4.96,6.62,19.25,1.66,0.0
20230727:0410,5.86,17.03,15.75,19.35,1.52,0.0
20230727:0510,67.08,95.03,25.24,19.89,1.1,0.0
20230727:0610,42.19,65.45,34.72,20.45,1.03,0.0
20230727:0710,155.2,196.61,43.73,19.9,1.86,0.0
20230727:0810,140.84,180.2,51.56,20.26,2.34,0.0
20230727:0910,344.34,416.98,57.04,21.23,2.76,0.0
20230727:1010,507.63,614.03,58.77,22.74,3.79,0.0
20230727:1110,350.68,426.04,56.12,23.47,4.14,0.0
20230727:1210,201.84,252.76,50.0,23.67,4.14,0.0
20230727:1310,247.54,304.6,41.83,23.54,4.76,0.0
20230727:1410,71.66,101.31,32.67,23.1,5.24,0.0
20230727:1510,85.84,117.74,23.15,22.06,4.9,0.0
20230727:1610,37.71,60.06,13.71,21.23,4.55,0.0
20230727:1710,0.66,7.44,4.71,20.33,4.55,0.0
20230727:1810,0.0,0.0,0.0,19.48,4.9,0.0
20230727:1910,0.0,0.0,0.0,17.75,4.69,0.0
20230727:2010,0.0,0.0,0.0,17.43,4.55,0.0
20230727:2110,0.0,0.0,0.0,17.06,4.97,0.0
20230727:2210,0.0,0.0,0.0,16.62,4.97,0.0
20230727:2310,0.0,0.0,0.0,16.26,5.17,0.0
20230728:0010,0.0,0.0,0.0,15.91,5.24,0.0
20230728:0110,0.0,0.0,0.0,15.56,5.03,0.0
20230728:0210,0.0,0.0,0.0,15.23,4.76,0.0
20230728:0310,0.0,4.96,6.44,15.08,4.76,0.0
20230728:0410,6.59,17.93,15.58,15.19,4.34,0.0
20230728:0510,191.13,238.24,25.07,15.75,4.69,0.0
20230728:0610,351.94,414.33,34.55,17.0,4.9,0.0
20230728:0710,619.25,722.31,43.55,18.59,6.14,0.0
20230728:0810,746.5,885.6,51.36,19.93,5.86,0.0
20230728:0910,773.42,929.48,56.83,20.85,5.45,0.0
20230728:1010,839.53,1019.37,58.55,21.76,5.52,0.0
20230728:1110,828.01,1006.54,55.9,22.53,5.59,0.0
20230728:1210,637.63,765.26,49.8,22.95,5.52,0.0
20230728:1310,379.81,456.23,41.65,23.03,5.31,0.0
20230728:1410,263.75,323.71,32.5,22.92,4.97,0.0
20230728:1510,179.51,244.35,22.98,22.55,3.93,0.0
20230728:1610,41.39,71.48,13.54,22.08,2.76,0.0
20230728:1710,9.75,23.15,4.53,20.96,1.72,0.0
20230728:1810,0.0,0.0,0.0,19.02,1.45,0.0
20230728:1910,0.0,0.0,0.0,19.05,1.03,0.0
20230728:2010,0.0,0.0,0.0,18.73,1.03,0.0
20230728:2110,0.0,0.0,0.0,16.39,1.52,0.0
20230728:2210,0.0,0.0,0.0,16.07,1.79,0.0
20230728:2310,0.0,0.0,0.0,16.4,1.86,0.0
20230729:0010,0.0,0.0,0.0,17.04,2.07,0.0
20230729:0110,0.0,0.0,0.0,17.18,2.62,0.0
20230729:0210,0.0,0.0,0.0,17.28,2.55,0.0
20230729:0310,0.0,4.96,6.27,17.15,2.28,0.0
20230729:0410,68.08,107.12,15.41,17.57,2.07,0.0
20230729:0510,175.25,222.95,24.9,18.81,2.69,0.0
20230729:0610,414.97,499.01,34.38,20.11,3.03,0.0
20230729:0710,518.38,620.52,43.37,21.09,3.59,0.0
20230729:0810,330.66,400.15,51.16,21.78,3.45,0.0
20230729:0910,421.74,510.05,56.6,22.53,3.52,0.0
20230729:1010,753.71,934.67,58.31,23.07,3.38,0.0
20230729:1110,683.29,845.63,55.68,24.0,3.24,0.0
20230729:1210,521.22,636.12,49.6,24.18,3.31,0.0
20230729:1310,177.9,225.78,41.47,24.09,3.45,0.0
20230729:1410,219.58,274.42,32.32,23.87,3.59,0.0
20230729:1510,173.62,236.7,22.8,23.81,3.52,0.0
20230729:1610,34.22,63.92,13.36,23.45,2.69,0.0
20230729:1710,8.57,21.5,4.34,22.51,2.14,0.0
20230729:1810,0.0,0.0,0.0,21.2,1.86,0.0
20230729:1910,0.0,0.0,0.0,19.96,1.86,0.0
20230729:2010,0.0,0.0,0.0,18.62,1.72,0.0
20230729:2110,0.0,0.0,0.0,17.8,1.59,0.0
20230729:2210,0.0,0.0,0.0,17.27,1.59,0.0
20230729:2310,0.0,0.0,0.0,17.47,1.31,0.0
20230730:0010,0.0,0.0,0.0,18.32,0.97,0.0
20230730:0110,0.0,0.0,0.0,18.61,0.69,0.0
20230730:0210,0.0,0.0,0.0,18.19,0.48,0.0
20230730:0310,14.59,29.77,6.08,17.96,0.62,0.0
20230730:0410,54.3,99.09,15.23,17.82,0.62,0.0
20230730:0510,226.55,299.15,24.73,20.32,1.17,0.0
20230730:0610,310.37,380.62,34.2,21.83,1.72,0.0
20230730:0710,494.49,603.47,43.18,22.42,2.0,0.0
20230730:0810,244.53,304.41,50.95,23.54,2.0,0.0
20230730:0910,140.99,183.79,56.38,24.2,1.86,0.0
20230730:1010,256.77,320.81,58.07,24.58,1.93,0.0
20230730:1110,432.87,533.2,55.45,23.96,1.93,0.0
20230730:1210,437.84,537.9,49.39,23.86,2.0,0.0
20230730:1310,49.48,75.31,41.27,24.11,2.34,0.0
20230730:1410,42.22,66.34,32.14,23.99,2.34,0.0
20230730:1510,28.72,49.31,22.62,23.9,2.48,0.0
20230730:1610,50.18,76.55,13.17,22.81,2.21,0.0
20230730:1710,8.06,20.67,4.15,21.9,1.79,0.0
20230730:1810,0.0,0.0,0.0,21.04,1.79,0.0
20230730:1910,0.0,0.0,0.0,21.11,1.59,0.0
20230730:2010,0.0,0.0,0.0,20.25,1.52,0.0
20230730:2110,0.0,0.0,0.0,19.67,1.52,0.0
20230730:2210,0.0,0.0,0.0,19.2,1.72,0.0
20230730:2310,0.0,0.0,0.0,18.98,2.0,0.0
20230731:0010,0.0,0.0,0.0,18.81,2.14,0.0
20230731:0110,0.0,0.0,0.0,18.51,2.14,0.0
20230731:0210,0.0,0.0,0.0,18.27,1.93,0.0
20230731:0310,0.0,4.13,5.9,18.31,1.79,0.0
20230731:0410,5.33,16.14,15.06,18.8,2.34,0.0
20230731:0510,35.8,57.38,24.56,19.86,2.48,0.0
20230731:0610,50.98,76.2,34.03,21.16,2.34,0.0
20230731:0710,145.31,184.97,42.99,19.69,2.07,0.0
20230731:0810,217.32,268.96,50.74,20.68,1.93,0.0
20230731:0910,214.03,267.02,56.14,21.88,1.66,0.0
20230731:1010,368.62,455.0,57.83,23.02,1.17,0.0
20230731:1110,522.92,653.45,55.22,23.78,1.1,0.0
20230731:1210,209.8,265.66,49.18,24.53,1.24,0.0
20230731:1310,195.98,249.46,41.08,24.63,1.03,0.0
20230731:1410,120.23,159.83,31.95,24.28,1.1,0.0
20230731:1510,138.73,186.19,22.44,23.28,1.17,0.0
20230731:1610,36.5,59.13,12.98,22.79,1.31,0.0
20230731:1710,0.64,7.44,3.95,22.1,1.17,0.0
20230731:1810,0.0,0.0,0.0,21.41,1.45,0.0
20230731:1910,0.0,0.0,0.0,20.12,1.24,0.0
20230731:2010,0.0,0.0,0.0,19.41,1.45,0.0
20230731:2110,0.0,0.0,0.0,19.17,1.24,0.0
20230731:2210,0.0,0.0,0.0,18.63,1.38,0.0
20230731:2310,0.0,0.0,0.0,18.13,1.38,0.0
20230801:0010,0.0,0.0,0.0,17.71,1.38,0.0
20230801:0110,0.0,0.0,0.0,17.37,1.38,0.0
20230801:0210,0.0,0.0,0.0,16.97,1.24,0.0
20230801:0310,13.49,28.11,5.71,16.83,0.97,0.0
20230801:0410,61.46,101.69,14.88,18.05,0.41,0.0
20230801:0510,222.3,293.84,24.38,19.45,0.28,0.0
20230801:0610,407.99,504.4,33.85,20.73,0.34,0.0
20230801:0710,561.31,692.44,42.8,22.03,1.31,0.0
20230801:0810,626.02,783.78,50.53,23.21,1.45,0.0
20230801:0910,724.3,922.1,55.91,24.14,1.72,0.0
20230801:1010,730.97,933.03,57.58,24.72,1.86,0.0
20230801:1110,716.94,913.01,54.98,25.18,1.93,0.0
20230801:1210,639.51,806.26,48.96,25.42,1.79,0.0
20230801:1310,525.36,653.94,40.87,25.59,1.79,0.0
20230801:1410,354.05,442.88,31.75,25.51,2.07,0.0
20230801:1510,177.03,250.88,22.24,25.22,2.07,0.0
20230801:1610,33.08,61.58,12.79,24.71,1.72,0.0
20230801:1710,5.89,17.36,3.75,23.88,1.31,0.0
20230801:1810,0.0,0.0,0.0,22.64,1.93,0.0
20230801:1910,0.0,0.0,0.0,22.06,2.21,0.0
20230801:2010,0.0,0.0,0.0,21.19,2.34,0.0
20230801:2110,0.0,0.0,0.0,20.68,2.28,0.0
20230801:2210,0.0,0.0,0.0,20.06,2.14,0.0
20230801:2310,0.0,0.0,0.0,19.39,1.93,0.0
20230802:0010,0.0,0.0,0.0,18.66,1.86,0.0
20230802:0110,0.0,0.0,0.0,18.18,1.93,0.0
20230802:0210,0.0,0.0,0.0,17.78,1.86,0.0
20230802:0310,6.66,18.19,5.53,17.47,1.66,0.0
20230802:0410,59.27,99.78,14.7,18.97,1.52,0.0
20230802:0510,204.24,266.68,24.2,21.19,1.86,0.0
20230802:0610,336.08,412.58,33.66,22.87,2.07,0.0
20230802:0710,525.78,644.15,42.61,24.21,2.62,0.0
20230802:0810,663.32,824.66,50.32,25.37,3.03,0.0
20230802:0910,663.95,829.18,55.67,26.08,3.24,0.0
20230802:1010,646.82,807.85,57.33,26.41,3.31,0.0
20230802:1110,501.58,619.18,54.74,26.74,3.59,0.0
20230802:1210,541.36,668.07,48.73,26.97,3.72,0.0
20230802:1310,461.43,567.62,40.67,27.01,3.66,0.0
20230802:1410,50.24,77.1,31.55,27.07,3.52,0.0
20230802:1510,122.77,165.36,22.05,24.65,3.59,0.0
20230802:1610,33.15,54.67,12.59,22.18,2.21,0.0
20230802:1710,0.0,5.79,3.54,21.77,0.9,0.0
20230802:1810,0.0,0.0,0.0,21.39,1.38,0.0
20230802:1910,0.0,0.0,0.0,20.89,2.0,0.0
20230802:2010,0.0,0.0,0.0,20.48,2.07,0.0
20230802:2110,0.0,0.0,0.0,19.99,2.21,0.0
20230802:2210,0.0,0.0,0.0,19.51,2.07,0.0
20230802:2310,0.0,0.0,0.0,19.04,1.86,0.0
20230803:0010,0.0,0.0,0.0,18.72,1.72,0.0
20230803:0110,0.0,0.0,0.0,18.34,1.86,0.0
20230803:0210,0.0,0.0,0.0,18.08,2.0,0.0
20230803:0310,0.0,4.13,5.33,17.85,1.93,0.0
20230803:0410,63.41,92.84,14.52,18.45,2.76,0.0
20230803:0510,66.64,94.14,24.02,19.42,2.62,0.0
20230803:0610,316.47,383.92,33.48,20.49,2.34,0.0
20230803:0710,461.67,554.53,42.41,21.07,2.9,0.0
20230803:0810,680.84,841.2,50.1,22.16,2.34,0.0
20230803:0910,675.27,846.72,55.42,23.07,1.86,0.0
20230803:1010,674.41,851.14,57.07,24.14,1.86,0.0
20230803:1110,747.03,956.74,54.49,24.92,1.79,0.0
20230803:1210,649.67,822.27,48.5,25.73,1.72,0.0
20230803:1310,465.61,578.85,40.45,26.14,1.86,0.0
20230803:1410,300.81,377.85,31.35,26.28,2.14,0.0
20230803:1510,167.52,235.02,21.84,26.11,1.93,0.0
20230803:1610,29.97,57.52,12.38,25.55,1.52,0.0
20230803:1710,4.4,14.88,3.32,24.34,1.72,0.0
20230803:1810,0.0,0.0,0.0,22.85,2.14,0.0
20230803:1910,0.0,0.0,0.0,21.85,2.41,0.0
20230803:2010,0.0,0.0,0.0,21.19,2.55,0.0
20230803:2110,0.0,0.0,0.0,20.72,2.62,0.0
20230803:2210,0.0,0.0,0.0,20.4,2.69,0.0
20230803:2310,0.0,0.0,0.0,20.18,2.76,0.0
20230804:0010,0.0,0.0,0.0,19.99,2.76,0.0
20230804:0110,0.0,0.0,0.0,19.86,2.76,0.0
20230804:0210,0.0,0.0,0.0,19.72,2.69,0.0
20230804:0310,0.0,3.31,5.14,19.74,2.48,0.0
20230804:0410,61.3,91.53,14.33,20.38,2.14,0.0
20230804:0510,211.8,279.96,23.84,22.08,1.93,0.0
20230804:0610,255.33,317.71,33.29,23.75,1.86,0.0
20230804:0710,566.51,704.56,42.21,25.22,1.93,0.0
20230804:0810,683.57,877.19,49.87,26.6,1.52,0.0
20230804:0910,744.47,976.46,55.18,27.85,1.45,0.0
20230804:1010,765.24,1011.61,56.81,28.89,1.59,0.0
20230804:1110,713.82,932.12,54.23,29.84,1.93,0.0
20230804:1210,656.32,845.7,48.27,30.5,2.28,0.0
20230804:1310,522.72,662.96,40.23,30.83,2.48,0.0
20230804:1410,282.47,363.22,31.14,30.99,2.28,0.0
20230804:1510,129.27,180.56,21.64,30.8,1.86,0.0
20230804:1610,32.11,60.04,12.17,30.1,1.1,0.0
20230804:1710,3.38,13.23,3.1,28.16,1.66,0.0
20230804:1810,0.0,0.0,0.0,26.81,2.0,0.0
20230804:1910,0.0,0.0,0.0,26.29,2.14,0.0
20230804:2010,0.0,0.0,0.0,25.51,2.41,0.0
20230804:2110,0.0,0.0,0.0,24.95,2.55,0.0
20230804:2210,0.0,0.0,0.0,24.26,2.62,0.0
20230804:2310,0.0,0.0,0.0,23.76,2.55,0.0
20230805:0010,0.0,0.0,0.0,23.27,2.48,0.0
20230805:0110,0.0,0.0,0.0,22.77,2.34,0.0
20230805:0210,0.0,0.0,0.0,22.36,2.21,0.0
20230805:0310,0.0,3.31,4.95,21.85,2.21,0.0
20230805:0410,56.81,96.8,14.14,22.36,2.0,0.0
20230805:0510,213.19,285.13,23.66,24.14,2.28,0.0
20230805:0610,404.43,501.57,33.1,25.76,2.48,0.0
20230805:0710,569.66,707.64,42.01,27.05,2.9,0.0
20230805:0810,694.88,876.76,49.65,28.5,3.45,0.0
20230805:0910,767.88,975.99,54.92,29.47,4.21,0.0
20230805:1010,783.16,999.28,56.54,29.99,4.34,0.0
20230805:1110,742.74,943.36,53.97,30.35,4.41,0.0
20230805:1210,690.34,868.94,48.03,30.49,4.62,0.0
20230805:1310,550.76,684.63,40.01,30.37,4.83,0.0
20230805:1410,363.82,458.84,30.92,30.14,4.83,0.0
20230805:1510,167.3,241.13,21.42,29.79,4.34,0.0
20230805:1610,32.54,59.76,11.95,28.94,3.59,0.0
20230805:1710,2.52,11.58,2.88,27.59,3.66,0.0
20230805:1810,0.0,0.0,0.0,26.59,3.93,0.0
20230805:1910,0.0,0.0,0.0,25.9,3.86,0.0
20230805:2010,0.0,0.0,0.0,25.38,3.93,0.0
20230805:2110,0.0,0.0,0.0,24.9,3.79,0.0
20230805:2210,0.0,0.0,0.0,24.36,3.59,0.0
20230805:2310,0.0,0.0,0.0,23.81,3.38,0.0
20230806:0010,0.0,0.0,0.0,23.29,3.31,0.0
20230806:0110,0.0,0.0,0.0,22.86,3.31,0.0
20230806:0210,0.0,0.0,0.0,22.54,3.38,0.0
20230806:0310,0.0,5.79,4.75,22.33,3.31,0.0
20230806:0410,61.05,96.16,13.96,22.86,3.38,0.0
20230806:0510,206.88,273.65,23.47,24.24,3.45,0.0
20230806:0610,399.78,490.94,32.91,25.95,4.28,0.0
20230806:0710,569.58,696.81,41.8,27.45,5.1,0.0
20230806:0810,704.18,874.75,49.42,28.93,5.45,0.0
20230806:0910,774.51,973.97,54.67,30.27,5.86,0.0
20230806:1010,788.49,995.83,56.27,31.41,6.34,0.0
20230806:1110,750.43,945.3,53.71,32.32,6.76,0.0
20230806:1210,692.52,867.33,47.78,32.97,7.17,0.0
20230806:1310,552.02,686.42,39.77,33.21,7.59,0.0
20230806:1410,360.04,457.03,30.7,33.08,7.24,0.0
20230806:1510,163.83,237.88,21.2,32.39,6.41,0.0
20230806:1610,33.91,61.34,11.73,31.5,6.07,0.0
20230806:1710,2.06,10.75,2.65,30.43,5.79,0.0
20230806:1810,0.0,0.0,0.0,29.59,5.72,0.0
20230806:1910,0.0,0.0,0.0,29.1,6.0,0.0
20230806:2010,0.0,0.0,0.0,28.48,5.93,0.0
20230806:2110,0.0,0.0,0.0,27.91,5.66,0.0
20230806:2210,0.0,0.0,0.0,27.28,5.31,0.0
20230806:2310,0.0,0.0,0.0,26.66,5.03,0.0
20230807:0010,0.0,0.0,0.0,26.08,4.83,0.0
20230807:0110,0.0,0.0,0.0,25.46,4.62,0.0
20230807:0210,0.0,0.0,0.0,24.17,4.28,0.0
20230807:0310,9.12,22.32,4.55,22.5,3.59,0.0
20230807:0410,20.16,37.65,13.77,21.25,3.79,0.0
20230807:0510,164.04,212.24,23.28,21.5,3.86,0.0
20230807:0610,285.22,348.47,32.72,22.47,3.52,0.0
20230807:0710,400.89,486.87,41.59,25.99,5.45,0.0
20230807:0810,433.58,521.42,49.19,23.45,4.97,0.0
20230807:0910,86.6,118.34,54.41,21.85,3.93,0.0
20230807:1010,134.66,173.93,55.99,22.17,4.28,0.0
20230807:1110,153.22,194.55,53.44,21.63,5.03,0.0
20230807:1210,289.52,349.35,47.52,21.19,4.83,0.0
20230807:1310,240.24,293.11,39.54,21.41,4.83,0.0
20230807:1410,124.64,162.06,30.47,21.9,5.1,0.0
20230807:1510,67.91,96.69,20.98,22.28,4.83,0.0
20230807:1610,43.99,69.29,11.5,22.12,4.28,0.0
20230807:1710,1.39,9.1,2.41,21.64,3.24,0.0
20230807:1810,0.0,0.0,0.0,21.09,2.83,0.0
20230807:1910,0.0,0.0,0.0,19.19,2.83,0.0
20230807:2010,0.0,0.0,0.0,18.54,2.62,0.0
20230807:2110,0.0,0.0,0.0,17.91,2.34,0.0
20230807:2210,0.0,0.0,0.0,17.38,2.34,0.0
20230807:2310,0.0,0.0,0.0,16.86,2.14,0.0
20230808:0010,0.0,0.0,0.0,16.37,2.07,0.0
20230808:0110,0.0,0.0,0.0,15.86,1.93,0.0
20230808:0210,0.0,0.0,0.0,15.39,1.93,0.0
20230808:0310,3.23,12.4,4.35,14.99,1.86,0.0
20230808:0410,47.03,90.88,13.57,16.1,1.66,0.0
20230808:0510,229.63,299.06,23.09,17.88,1.93,0.0
20230808:0610,282.19,341.83,32.52,18.98,1.93,0.0
20230808:0710,589.57,709.53,41.38,18.9,2.14,0.0
20230808:0810,701.97,857.13,48.95,19.81,2.48,0.0
20230808:0910,579.99,704.37,54.14,20.72,2.55,0.0
20230808:1010,402.97,487.41,55.71,21.27,2.55,0.0
20230808:1110,386.34,467.8,53.16,21.54,2.55,0.0
20230808:1210,356.79,432.48,47.27,21.72,2.48,0.0
20230808:1310,347.17,420.92,39.3,21.73,2.34,0.0
20230808:1410,145.39,186.57,30.24,21.54,2.21,0.0
20230808:1510,48.71,73.51,20.75,21.14,1.72,0.0
20230808:1610,38.63,61.35,11.27,20.41,1.52,0.0
20230808:1710,0.0,1.65,2.17,19.43,1.72,0.0
20230808:1810,0.0,0.0,0.0,18.78,1.52,0.0
20230808:1910,0.0,0.0,0.0,17.03,1.86,0.0
20230808:2010,0.0,0.0,0.0,16.78,1.79,0.0
20230808:2110,0.0,0.0,0.0,16.58,1.86,0.0
20230808:2210,0.0,0.0,0.0,16.32,2.0,0.0
20230808:2310,0.0,0.0,0.0,16.03,2.28,0.0
20230809:0010,0.0,0.0,0.0,15.77,2.41,0.0
20230809:0110,0.0,0.0,0.0,15.48,2.41,0.0
20230809:0210,0.0,0.0,0.0,15.0,2.21,0.0
20230809:0310,0.04,5.79,4.15,14.58,2.14,0.0
20230809:0410,48.98,91.25,13.38,15.11,1.93,0.0
20230809:0510,233.38,301.86,22.9,16.62,2.07,0.0
20230809:0610,439.65,526.49,32.33,18.04,2.21,0.0
20230809:0710,604.09,726.52,41.17,18.8,2.28,0.0
20230809:0810,724.42,889.21,48.71,20.07,2.41,0.0
20230809:0910,780.92,976.39,53.87,21.1,2.28,0.0
20230809:1010,641.67,792.16,55.43,22.06,2.34,0.0
20230809:1110,551.85,678.9,52.88,22.51,2.0,0.0
20230809:1210,458.99,563.09,47.0,22.84,1.66,0.0
20230809:1310,444.93,547.09,39.05,22.94,1.31,0.0
20230809:1410,224.36,282.27,30.0,23.0,0.83,0.0
20230809:1510,133.48,180.85,20.51,22.84,0.69,0.0
20230809:1610,33.66,55.43,11.03,22.35,1.03,0.0
20230809:1710,0.0,4.13,1.93,21.03,1.59,0.0
20230809:1810,0.0,0.0,0.0,19.07,1.86,0.0
20230809:1910,0.0,0.0,0.0,17.59,1.72,0.0
20230809:2010,0.0,0.0,0.0,16.46,1.79,0.0
20230809:2110,0.0,0.0,0.0,15.85,1.72,0.0
20230809:2210,0.0,0.0,0.0,15.49,1.66,0.0
20230809:2310,0.0,0.0,0.0,16.06,1.31,0.0
20230810:0010,0.0,0.0,0.0,17.12,1.03,0.0
20230810:0110,0.0,0.0,0.0,16.82,0.97,0.0
20230810:0210,0.0,0.0,0.0,15.16,1.24,0.0
20230810:0310,0.0,2.48,3.94,13.87,1.52,0.0
20230810:0410,58.25,93.76,13.18,14.33,1.38,0.0
20230810:0510,162.98,208.79,22.71,17.73,1.1,0.0
20230810:0610,422.44,514.14,32.13,19.67,1.24,0.0
20230810:0710,594.22,727.64,40.95,20.69,1.59,0.0
20230810:0810,448.42,544.68,48.47,21.9,2.21,0.0
20230810:0910,713.58,884.26,53.6,22.72,2.9,0.0
20230810:1010,481.23,585.44,55.14,23.3,3.24,0.0
20230810:1110,672.9,829.62,52.59,23.61,3.31,0.0
20230810:1210,664.38,816.5,46.73,23.9,3.38,0.0
20230810:1310,449.71,545.83,38.8,24.0,3.45,0.0
20230810:1410,260.1,322.71,29.76,24.01,3.45,0.0
20230810:1510,121.82,164.59,20.27,23.58,3.1,0.0
20230810:1610,11.6,26.0,10.79,22.7,2.41,0.0
20230810:1710,0.0,3.31,1.68,21.77,2.41,0.0
20230810:1810,0.0,0.0,0.0,20.83,2.55,0.0
20230810:1910,0.0,0.0,0.0,19.37,2.69,0.0
20230810:2010,0.0,0.0,0.0,18.82,2.76,0.0
20230810:2110,0.0,0.0,0.0,18.37,2.62,0.0
20230810:2210,0.0,0.0,0.0,18.01,2.48,0.0
20230810:2310,0.0,0.0,0.0,17.49,2.48,0.0
20230811:0010,0.0,0.0,0.0,17.22,2.48,0.0
20230811:0110,0.0,0.0,0.0,16.93,2.28,0.0
20230811:0210,0.0,0.0,0.0,16.71,2.14,0.0
20230811:0310,0.0,4.96,3.74,16.39,2.14,0.0
20230811:0410,56.76,91.56,12.99,16.79,2.07,0.0
20230811:0510,56.43,81.58,22.51,17.88,2.9,0.0
20230811:0610,395.87,472.85,31.92,19.23,3.31,0.0
20230811:0710,584.98,701.24,40.74,20.74,3.38,0.0
20230811:0810,537.62,647.13,48.23,22.0,3.72,0.0
20230811:0910,704.38,862.71,53.33,22.64,3.72,0.0
20230811:1010,785.07,969.82,54.84,23.46,4.14,0.0
20230811:1110,735.2,904.98,52.3,23.98,4.14,0.0
20230811:1210,678.92,829.8,46.46,24.22,4.14,0.0
20230811:1310,317.06,386.75,38.54,24.31,4.14,0.0
20230811:1410,229.98,286.69,29.51,24.21,4.21,0.0
20230811:1510,59.09,86.85,20.03,23.8,3.93,0.0
20230811:1610,38.61,62.43,10.54,23.12,3.38,0.0
20230811:1710,0.0,0.83,1.42,22.16,3.24,0.0
20230811:1810,0.0,0.0,0.0,21.09,3.31,0.0
20230811:1910,0.0,0.0,0.0,20.25,2.55,0.0
20230811:2010,0.0,0.0,0.0,19.55,2.62,0.0
20230811:2110,0.0,0.0,0.0,19.05,2.76,0.0
20230811:2210,0.0,0.0,0.0,18.68,3.03,0.0
20230811:2310,0.0,0.0,0.0,18.35,3.31,0.0
20230812:0010,0.0,0.0,0.0,17.93,3.38,0.0
20230812:0110,0.0,0.0,0.0,17.5,3.38,0.0
20230812:0210,0.0,0.0,0.0,17.07,3.45,0.0
20230812:0310,1.86,9.92,3.53,16.74,3.52,0.0
20230812:0410,54.29,90.37,12.79,16.96,3.52,0.0
20230812:0510,225.8,291.59,22.31,17.97,4.0,0.0
20230812:0610,224.49,273.22,31.72,19.41,4.48,0.0
20230812:0710,426.12,501.92,40.52,20.3,6.0,0.0
20230812:0810,522.87,619.04,47.98,21.32,5.93,0.0
20230812:0910,580.67,692.19,53.05,22.26,6.07,0.0
20230812:1010,475.5,569.03,54.54,23.2,6.07,0.0
20230812:1110,322.6,391.11,52.01,23.87,6.0,0.0
20230812:1210,393.15,473.75,46.18,24.39,5.93,0.0
20230812:1310,151.54,194.72,38.28,24.41,5.72,0.0
20230812:1410,276.37,340.36,29.26,24.11,5.24,0.0
20230812:1510,154.42,213.33,19.78,23.45,4.07,0.0
20230812:1610,24.07,45.1,10.29,22.88,3.79,0.0
20230812:1710,0.0,0.0,0.0,21.93,3.31,0.0
20230812:1810,0.0,0.0,0.0,21.12,3.17,0.0
20230812:1910,0.0,0.0,0.0,20.19,2.62,0.0
20230812:2010,0.0,0.0,0.0,19.19,2.62,0.0
20230812:2110,0.0,0.0,0.0,18.58,2.62,0.0
20230812:2210,0.0,0.0,0.0,17.97,2.69,0.0
20230812:2310,0.0,0.0,0.0,17.51,2.76,0.0
20230813:0010,0.0,0.0,0.0,17.2,2.76,0.0
20230813:0110,0.0,0.0,0.0,16.77,2.69,0.0
20230813:0210,0.0,0.0,0.0,16.35,2.55,0.0
20230813:0310,0.0,2.48,3.32,15.98,2.69,0.0
20230813:0410,54.28,89.44,12.59,16.49,2.55,0.0
20230813:0510,218.52,282.99,22.11,18.13,2.62,0.0
20230813:0610,428.97,515.9,31.51,20.04,2.83,0.0
20230813:0710,597.51,718.06,40.29,21.33,3.52,0.0
20230813:0810,602.05,726.44,47.73,22.56,4.21,0.0
20230813:0910,665.78,813.83,52.77,23.55,4.07,0.0
20230813:1010,735.81,911.37,54.24,24.42,3.93,0.0
20230813:1110,616.82,759.45,51.71,25.3,3.79,0.0
20230813:1210,619.78,764.54,45.9,25.9,3.66,0.0
20230813:1310,539.93,664.64,38.01,26.31,3.31,0.0
20230813:1410,352.94,440.94,29.0,26.37,3.1,0.0
20230813:1510,159.74,229.32,19.52,26.15,2.69,0.0
20230813:1610,26.68,48.15,10.03,25.27,1.66,0.0
20230813:1710,0.0,0.0,0.0,23.56,1.45,0.0
20230813:1810,0.0,0.0,0.0,21.55,1.31,0.0
20230813:1910,0.0,0.0,0.0,21.63,1.17,0.0
20230813:2010,0.0,0.0,0.0,19.29,1.52,0.0
20230813:2110,0.0,0.0,0.0,18.36,1.52,0.0
20230813:2210,0.0,0.0,0.0,18.06,1.38,0.0
20230813:2310,0.0,0.0,0.0,17.61,1.31,0.0
20230814:0010,0.0,0.0,0.0,16.98,1.38,0.0
20230814:0110,0.0,0.0,0.0,16.28,1.38,0.0
20230814:0210,0.0,0.0,0.0,15.67,1.52,0.0
20230814:0310,0.0,3.31,3.11,15.38,1.52,0.0
20230814:0410,45.91,85.78,12.38,16.29,1.17,0.0
20230814:0510,219.54,289.81,21.91,19.91,0.9,0.0
20230814:0610,415.23,513.65,31.31,22.64,1.03,0.0
20230814:0710,575.52,715.97,40.07,24.01,1.52,0.0
20230814:0810,694.3,888.65,47.47,25.52,1.45,0.0
20230814:0910,757.57,990.01,52.48,26.7,1.45,0.0
20230814:1010,756.69,993.26,53.93,27.64,1.52,0.0
20230814:1110,723.22,946.26,51.4,28.39,1.52,0.0
20230814:1210,662.47,860.15,45.61,28.89,1.38,0.0
20230814:1310,526.01,672.55,37.73,29.14,1.17,0.0
20230814:1410,346.43,446.11,28.74,29.2,0.97,0.0
20230814:1510,153.3,225.16,19.27,29.02,0.76,0.0
20230814:1610,26.69,48.18,9.77,28.19,1.1,0.0
20230814:1710,0.0,0.0,0.0,26.34,1.93,0.0
20230814:1810,0.0,0.0,0.0,24.37,2.07,0.0
20230814:1910,0.0,0.0,0.0,23.27,2.34,0.0
20230814:2010,0.0,0.0,0.0,22.38,2.41,0.0
20230814:2110,0.0,0.0,0.0,21.69,2.41,0.0
20230814:2210,0.0,0.0,0.0,21.11,2.34,0.0
20230814:2310,0.0,0.0,0.0,20.5,2.21,0.0
20230815:0010,0.0,0.0,0.0,19.86,2.14,0.0
20230815:0110,0.0,0.0,0.0,19.3,2.07,0.0
20230815:0210,0.0,0.0,0.0,18.63,1.93,0.0
20230815:0310,0.0,1.65,2.89,18.03,1.79,0.0
20230815:0410,48.69,86.05,12.18,18.66,1.24,0.0
20230815:0510,207.94,277.23,21.71,22.09,0.69,0.0
20230815:0610,401.42,504.44,31.1,24.45,0.41,0.0
20230815:0710,555.31,709.85,39.84,26.25,0.48,0.0
20230815:0810,661.8,870.19,47.22,28.05,0.62,0.0
20230815:0910,719.72,962.85,52.19,29.4,0.83,0.0
20230815:1010,725.06,976.97,53.62,30.27,0.83,0.0
20230815:1110,693.05,925.16,51.09,30.67,0.97,0.0
20230815:1210,613.16,805.06,45.32,30.87,0.97,0.0
20230815:1310,462.75,596.31,37.46,31.03,0.9,0.0
20230815:1410,313.28,407.04,28.47,30.92,0.83,0.0
20230815:1510,144.0,210.7,19.0,30.66,1.31,0.0
20230815:1610,26.55,47.74,9.5,29.54,1.79,0.0
20230815:1710,0.0,0.0,0.0,27.66,2.34,0.0
20230815:1810,0.0,0.0,0.0,26.11,2.34,0.0
20230815:1910,0.0,0.0,0.0,25.59,2.28,0.0
20230815:2010,0.0,0.0,0.0,24.66,2.28,0.0
20230815:2110,0.0,0.0,0.0,23.89,2.28,0.0
20230815:2210,0.0,0.0,0.0,23.11,2.14,0.0
20230815:2310,0.0,0.0,0.0,22.31,2.0,0.0
20230816:0010,0.0,0.0,0.0,21.46,1.79,0.0
20230816:0110,0.0,0.0,0.0,20.58,1.59,0.0
20230816:0210,0.0,0.0,0.0,19.84,1.52,0.0
20230816:0310,0.0,1.65,2.68,19.31,1.66,0.0
20230816:0410,50.29,80.89,11.98,20.05,1.52,0.0
20230816:0510,47.67,72.62,21.51,22.38,1.79,0.0
20230816:0610,293.75,363.83,30.88,24.14,1.93,0.0
20230816:0710,548.98,680.86,39.61,25.96,2.34,0.0
20230816:0810,677.39,858.02,46.96,27.32,2.48,0.0
20230816:0910,744.8,956.08,51.9,28.35,2.76,0.0
20230816:1010,653.17,831.58,53.31,29.1,2.9,0.0
20230816:1110,566.53,715.8,50.78,29.37,2.83,0.0
20230816:1210,619.48,785.5,45.02,29.67,2.83,0.0
20230816:1310,519.14,650.85,37.17,29.61,2.97,0.0
20230816:1410,340.37,431.46,28.2,29.25,3.17,0.0
20230816:1510,149.45,217.55,18.73,28.52,3.17,0.0
20230816:1610,27.15,47.96,9.23,27.44,2.69,0.0
20230816:1710,0.0,0.0,0.0,25.87,2.55,0.0
20230816:1810,0.0,0.0,0.0,24.42,2.62,0.0
20230816:1910,0.0,0.0,0.0,23.47,2.41,0.0
20230816:2010,0.0,0.0,0.0,22.5,2.34,0.0
20230816:2110,0.0,0.0,0.0,21.66,2.28,0.0
20230816:2210,0.0,0.0,0.0,20.94,2.28,0.0
20230816:2310,0.0,0.0,0.0,20.26,2.21,0.0
20230817:0010,0.0,0.0,0.0,19.62,2.14,0.0
20230817:0110,0.0,0.0,0.0,19.02,2.07,0.0
20230817:0210,0.0,0.0,0.0,18.46,2.0,0.0
20230817:0310,0.0,1.65,2.46,18.01,2.0,0.0
20230817:0410,43.75,83.83,11.77,18.67,1.86,0.0
20230817:0510,217.57,285.95,21.3,20.47,2.14,0.0
20230817:0610,422.03,514.73,30.67,22.18,2.28,0.0
20230817:0710,583.32,719.02,39.38,23.87,2.21,0.0
20230817:0810,682.45,853.44,46.7,25.45,2.76,0.0
20230817:0910,700.29,881.15,51.6,26.47,3.1,0.0
20230817:1010,766.26,976.7,52.99,27.04,3.03,0.0
20230817:1110,731.59,929.89,50.46,27.62,3.03,0.0
20230817:1210,671.85,847.18,44.71,28.03,3.03,0.0
20230817:1310,533.17,663.45,36.89,28.19,3.1,0.0
20230817:1410,347.04,437.48,27.92,28.03,3.1,0.0
20230817:1510,151.08,220.01,18.46,27.64,2.97,0.0
20230817:1610,25.99,46.3,8.96,26.78,2.41,0.0
20230817:1710,0.0,0.0,0.0,25.37,2.41,0.0
20230817:1810,0.0,0.0,0.0,23.93,2.55,0.0
20230817:1910,0.0,0.0,0.0,22.99,2.62,0.0
20230817:2010,0.0,0.0,0.0,22.18,2.55,0.0
20230817:2110,0.0,0.0,0.0,21.43,2.41,0.0
20230817:2210,0.0,0.0,0.0,20.72,2.14,0.0
20230817:2310,0.0,0.0,0.0,19.9,1.86,0.0
20230818:0010,0.0,0.0,0.0,19.05,1.79,0.0
20230818:0110,0.0,0.0,0.0,18.33,1.79,0.0
20230818:0210,0.0,0.0,0.0,17.74,1.72,0.0
20230818:0310,0.0,0.83,2.25,17.36,1.86,0.0
20230818:0410,48.97,82.47,11.56,18.07,1.66,0.0
20230818:0510,206.48,270.96,21.09,20.64,1.79,0.0
20230818:0610,387.23,473.77,30.45,22.64,2.07,0.0
20230818:0710,418.46,512.41,39.14,24.44,2.34,0.0
20230818:0810,663.2,827.02,46.43,25.93,3.03,0.0
20230818:0910,649.14,812.46,51.3,26.97,3.31,0.0
20230818:1010,541.31,675.09,52.67,27.57,3.1,0.0
20230818:1110,594.81,748.67,50.14,28.27,2.9,0.0
20230818:1210,623.72,788.01,44.41,28.69,2.76,0.0
20230818:1310,472.16,590.28,36.6,28.91,2.69,0.0
20230818:1410,290.23,368.29,27.64,28.69,2.83,0.0
20230818:1510,144.95,210.8,18.18,28.22,2.69,0.0
20230818:1610,25.29,45.48,8.68,27.29,2.28,0.0
20230818:1710,0.0,0.0,0.0,25.72,2.21,0.0
20230818:1810,0.0,0.0,0.0,24.29,2.34,0.0
20230818:1910,0.0,0.0,0.0,23.28,2.0,0.0
20230818:2010,0.0,0.0,0.0,22.22,1.93,0.0
20230818:2110,0.0,0.0,0.0,21.39,1.86,0.0
20230818:2210,0.0,0.0,0.0,20.48,1.79,0.0
20230818:2310,0.0,0.0,0.0,19.78,1.72,0.0
20230819:0010,0.0,0.0,0.0,19.24,1.72,0.0
20230819:0110,0.0,0.0,0.0,18.78,1.72,0.0
20230819:0210,0.0,0.0,0.0,18.42,1.72,0.0
20230819:0310,0.0,0.83,2.03,18.19,1.66,0.0
20230819:0410,48.78,79.52,11.35,18.84,1.31,0.0
20230819:0510,197.48,260.68,20.89,21.67,1.24,0.0
20230819:0610,391.58,484.9,30.24,23.64,1.24,0.0
20230819:0710,554.1,692.28,38.9,25.5,1.59,0.0
20230819:0810,673.39,860.27,46.16,27.2,1.86,0.0
20230819:0910,666.62,856.23,51.0,28.41,2.07,0.0
20230819:1010,447.35,564.61,52.34,29.51,2.28,0.0
20230819:1110,631.77,811.26,49.82,30.05,2.34,0.0
20230819:1210,613.16,784.9,44.1,30.6,2.41,0.0
20230819:1310,342.68,433.89,36.3,30.82,2.28,0.0
20230819:1410,263.96,340.44,27.35,30.71,2.07,0.0
20230819:1510,142.34,211.38,17.9,30.33,1.72,0.0
20230819:1610,24.99,45.48,8.39,29.37,1.31,0.0
20230819:1710,0.0,0.0,0.0,27.83,1.72,0.0
20230819:1810,0.0,0.0,0.0,26.01,1.93,0.0
20230819:1910,0.0,0.0,0.0,25.22,2.07,0.0
20230819:2010,0.0,0.0,0.0,24.32,2.07,0.0
20230819:2110,0.0,0.0,0.0,23.44,2.0,0.0
20230819:2210,0.0,0.0,0.0,22.54,1.79,0.0
20230819:2310,0.0,0.0,0.0,21.65,1.52,0.0
20230820:0010,0.0,0.0,0.0,21.39,1.38,0.0
20230820:0110,0.0,0.0,0.0,21.32,1.24,0.0
20230820:0210,0.0,0.0,0.0,21.49,1.03,0.0
20230820:0310,0.0,0.83,1.81,21.79,0.83,0.0
20230820:0410,45.52,75.01,11.14,21.77,0.55,0.0
20230820:0510,186.31,248.88,20.68,23.24,0.28,0.0
20230820:0610,375.7,474.33,30.02,25.63,0.34,0.0
20230820:0710,535.59,682.64,38.66,27.23,0.76,0.0
20230820:0810,589.07,765.25,45.89,29.0,0.83,0.0
20230820:0910,577.67,758.25,50.69,30.27,0.69,0.0
20230820:1010,673.2,908.17,52.01,31.08,0.55,0.0
20230820:1110,471.0,618.5,49.49,31.67,0.21,0.0
20230820:1210,482.61,632.56,43.78,31.89,0.34,0.0
20230820:1310,229.14,299.18,36.0,31.9,0.62,0.0
20230820:1410,45.44,72.62,27.06,31.63,1.72,0.0
20230820:1510,129.88,188.18,17.61,29.17,3.03,0.0
20230820:1610,24.55,44.65,8.1,28.22,2.34,0.0
20230820:1710,0.0,0.0,0.0,26.99,2.21,0.0
20230820:1810,0.0,0.0,0.0,25.76,1.86,0.0
20230820:1910,0.0,0.0,0.0,25.55,1.52,0.0
20230820:2010,0.0,0.0,0.0,24.5,1.59,0.0
20230820:2110,0.0,0.0,0.0,23.61,1.79,0.0
20230820:2210,0.0,0.0,0.0,22.73,1.86,0.0
20230820:2310,0.0,0.0,0.0,22.22,1.86,0.0
20230821:0010,0.0,0.0,0.0,21.78,1.93,0.0
20230821:0110,0.0,0.0,0.0,21.46,1.86,0.0
20230821:0210,0.0,0.0,0.0,21.1,1.86,0.0
20230821:0310,0.0,0.83,1.59,20.73,1.72,0.0
20230821:0410,44.43,73.48,10.93,20.97,1.45,0.0
20230821:0510,179.51,238.59,20.46,23.46,1.31,0.0
20230821:0610,248.58,312.02,29.8,25.23,1.52,0.0
20230821:0710,537.41,669.49,38.42,26.46,2.07,0.0
20230821:0810,650.26,821.39,45.62,27.61,2.55,0.0
20230821:0910,492.68,616.37,50.38,28.62,2.9,0.0
20230821:1010,127.37,171.24,51.68,29.38,3.1,0.0
20230821:1110,382.9,479.55,49.15,29.43,3.03,0.0
20230821:1210,184.35,239.4,43.46,29.49,2.83,0.0
20230821:1310,341.96,428.7,35.69,29.56,2.83,0.0
20230821:1410,186.29,241.93,26.77,29.08,2.83,0.0
20230821:1510,135.8,199.17,17.32,28.28,2.76,0.0
20230821:1610,22.74,42.17,7.81,27.81,1.79,0.0
20230821:1710,0.0,0.0,0.0,26.95,1.03,0.0
20230821:1810,0.0,0.0,0.0,25.78,0.76,0.0
20230821:1910,0.0,0.0,0.0,24.46,1.03,0.0
20230821:2010,0.0,0.0,0.0,23.31,1.24,0.0
20230821:2110,0.0,0.0,0.0,22.42,1.38,0.0
20230821:2210,0.0,0.0,0.0,21.93,1.59,0.0
20230821:2310,0.0,0.0,0.0,21.43,1.79,0.0
20230822:0010,0.0,0.0,0.0,21.41,2.14,0.0
20230822:0110,0.0,0.0,0.0,21.81,3.24,0.0
20230822:0210,0.0,0.0,0.0,21.85,3.66,0.0
20230822:0310,0.0,0.83,1.37,21.48,3.66,0.0
20230822:0410,44.89,77.5,10.72,21.38,3.93,0.0
20230822:0510,207.03,270.34,20.25,21.66,4.97,0.0
20230822:0610,412.7,494.49,29.57,22.25,5.38,0.0
20230822:0710,594.78,706.63,38.18,22.0,5.52,0.0
20230822:0810,728.85,878.39,45.34,22.95,5.59,0.0
20230822:0910,775.32,945.0,50.07,24.08,5.72,0.0
20230822:1010,781.25,954.38,51.35,25.17,6.34,0.0
20230822:1110,679.31,826.3,48.81,25.83,6.28,0.0
20230822:1210,645.84,783.7,43.14,26.14,6.14,0.0
20230822:1310,421.84,510.98,35.39,26.15,5.79,0.0
20230822:1410,261.14,325.58,26.47,26.06,5.52,0.0
20230822:1510,139.43,201.27,17.03,25.53,4.83,0.0
20230822:1610,21.91,40.52,7.51,24.68,3.66,0.0
20230822:1710,0.0,0.0,0.0,23.49,2.97,0.0
20230822:1810,0.0,0.0,0.0,22.24,2.41,0.0
20230822:1910,0.0,0.0,0.0,20.99,2.34,0.0
20230822:2010,0.0,0.0,0.0,20.11,2.14,0.0
20230822:2110,0.0,0.0,0.0,19.37,1.93,0.0
20230822:2210,0.0,0.0,0.0,18.53,1.86,0.0
20230822:2310,0.0,0.0,0.0,17.92,1.93,0.0
20230823:0010,0.0,0.0,0.0,17.27,2.07,0.0
20230823:0110,0.0,0.0,0.0,16.92,2.14,0.0
20230823:0210,0.0,0.0,0.0,16.58,2.14,0.0
20230823:0310,0.0,0.0,0.0,16.26,2.07,0.0
20230823:0410,42.05,67.66,10.5,16.54,1.79,0.0
20230823:0510,208.21,270.78,20.04,18.84,1.79,0.0
20230823:0610,147.51,188.06,29.35,20.52,2.07,0.0
20230823:0710,576.91,699.02,37.93,21.58,2.62,0.0
20230823:0810,698.43,856.82,45.06,22.8,3.31,0.0
20230823:0910,633.2,773.2,49.76,23.48,3.79,0.0
20230823:1010,587.07,715.22,51.01,23.95,4.0,0.0
20230823:1110,511.23,620.97,48.47,24.11,3.86,0.0
20230823:1210,536.48,652.98,42.81,24.62,3.79,0.0
20230823:1310,303.91,372.24,35.07,24.41,3.38,0.0
20230823:1410,173.09,221.2,26.17,24.6,3.31,0.0
20230823:1510,115.97,163.21,16.73,24.34,2.83,0.0
20230823:1610,21.38,39.69,7.21,23.69,1.79,0.0
20230823:1710,0.0,0.0,0.0,22.59,1.38,0.0
20230823:1810,0.0,0.0,0.0,21.12,1.24,0.0
20230823:1910,0.0,0.0,0.0,19.73,1.93,0.0
20230823:2010,0.0,0.0,0.0,18.59,1.79,0.0
20230823:2110,0.0,0.0,0.0,17.75,1.66,0.0
20230823:2210,0.0,0.0,0.0,16.99,1.66,0.0
20230823:2310,0.0,0.0,0.0,16.43,1.72,0.0
20230824:0010,0.0,0.0,0.0,16.15,1.66,0.0
20230824:0110,0.0,0.0,0.0,15.74,1.66,0.0
20230824:0210,0.0,0.0,0.0,15.32,1.66,0.0
20230824:0310,0.0,0.0,0.0,14.9,1.72,0.0
20230824:0410,44.22,77.05,10.29,15.19,1.52,0.0
20230824:0510,212.05,276.6,19.82,18.45,1.1,0.0
20230824:0610,416.37,509.44,29.12,20.97,1.17,0.0
20230824:0710,585.09,719.12,37.68,21.93,1.66,0.0
20230824:0810,692.03,865.1,44.78,23.3,2.07,0.0
20230824:0910,650.27,808.62,49.44,24.22,2.62,0.0
20230824:1010,561.04,693.44,50.66,24.82,2.69,0.0
20230824:1110,232.21,291.02,48.13,24.93,2.48,0.0
20230824:1210,316.71,391.44,42.48,25.29,2.34,0.0
20230824:1310,210.07,264.98,34.76,25.22,2.28,0.0
20230824:1410,327.24,409.14,25.86,25.0,2.28,0.0
20230824:1510,138.57,202.64,16.43,24.62,2.21,0.0
20230824:1610,18.91,36.38,6.91,23.86,1.66,0.0
20230824:1710,0.0,0.0,0.0,22.94,1.45,0.0
20230824:1810,0.0,0.0,0.0,21.16,1.24,0.0
20230824:1910,0.0,0.0,0.0,21.69,0.55,0.0
20230824:2010,0.0,0.0,0.0,19.74,1.17,0.0
20230824:2110,0.0,0.0,0.0,17.9,1.86,0.0
20230824:2210,0.0,0.0,0.0,17.53,1.86,0.0
20230824:2310,0.0,0.0,0.0,17.26,2.0,0.0
20230825:0010,0.0,0.0,0.0,16.94,2.07,0.0
20230825:0110,0.0,0.0,0.0,16.52,1.86,0.0
20230825:0210,0.0,0.0,0.0,16.11,2.0,0.0
20230825:0310,0.0,0.0,0.0,16.11,2.07,0.0
20230825:0410,20.63,37.65,10.07,16.72,1.86,0.0
20230825:0510,160.45,208.51,19.61,19.02,1.59,0.0
20230825:0610,374.07,455.94,28.9,21.15,1.52,0.0
20230825:0710,567.3,693.62,37.43,22.52,2.14,0.0
20230825:0810,699.82,874.21,44.5,23.86,2.34,0.0
20230825:0910,740.58,933.99,49.12,24.85,2.62,0.0
20230825:1010,664.57,829.06,50.32,25.46,3.03,0.0
20230825:1110,561.84,693.66,47.78,26.02,3.31,0.0
20230825:1210,391.75,481.37,42.14,25.9,2.97,0.0
20230825:1310,103.55,140.75,34.44,26.25,3.24,0.0
20230825:1410,172.35,222.26,25.55,25.97,2.48,0.0
20230825:1510,38.28,61.86,16.12,25.49,1.66,0.0
20230825:1610,13.48,28.94,6.6,24.72,1.24,0.0
20230825:1710,0.0,0.0,0.0,23.64,1.59,0.0
20230825:1810,0.0,0.0,0.0,22.65,1.79,0.0
20230825:1910,0.0,0.0,0.0,21.81,1.72,0.0
20230825:2010,0.0,0.0,0.0,20.62,1.72,0.0
20230825:2110,0.0,0.0,0.0,19.69,1.79,0.0
20230825:2210,0.0,0.0,0.0,19.3,2.07,0.0
20230825:2310,0.0,0.0,0.0,19.0,1.93,0.0
20230826:0010,0.0,0.0,0.0,18.95,1.93,0.0
20230826:0110,0.0,0.0,0.0,18.93,1.93,0.0
20230826:0210,0.0,0.0,0.0,18.84,2.0,0.0
20230826:0310,0.0,0.0,0.0,18.89,2.0,0.0
20230826:0410,16.99,33.17,9.85,19.35,1.86,0.0
20230826:0510,187.44,246.05,19.39,20.8,1.59,0.0
20230826:0610,217.45,271.08,28.67,22.49,1.72,0.0
20230826:0710,452.69,555.28,37.18,24.42,2.07,0.0
20230826:0810,586.38,734.67,44.21,26.2,2.07,0.0
20230826:0910,723.75,928.64,48.8,27.47,2.28,0.0
20230826:1010,151.83,199.92,49.97,28.35,2.34,0.0
20230826:1110,138.03,183.79,47.43,28.84,2.48,0.0
20230826:1210,353.43,443.41,41.8,29.28,2.48,0.0
20230826:1310,228.79,292.56,34.11,29.47,2.21,0.0
20230826:1410,247.38,318.86,25.24,29.55,1.79,0.0
20230826:1510,125.43,189.57,15.81,29.48,1.31,0.0
20230826:1610,16.09,33.07,6.29,28.17,0.62,0.0
20230826:1710,0.0,0.0,0.0,26.61,0.83,0.0
20230826:1810,0.0,0.0,0.0,25.44,0.62,0.0
20230826:1910,0.0,0.0,0.0,23.83,1.52,0.0
20230826:2010,0.0,0.0,0.0,22.89,1.79,0.0
20230826:2110,0.0,0.0,0.0,22.09,1.66,0.0
20230826:2210,0.0,0.0,0.0,21.64,1.45,0.0
20230826:2310,0.0,0.0,0.0,21.36,1.31,0.0
20230827:0010,0.0,0.0,0.0,21.43,1.17,0.0
20230827:0110,0.0,0.0,0.0,20.38,1.45,0.0
20230827:0210,0.0,0.0,0.0,19.83,1.59,0.0
20230827:0310,0.0,0.0,0.0,19.74,1.38,0.0
20230827:0410,38.3,72.34,9.64,20.48,0.9,0.0
20230827:0510,190.92,254.67,19.17,22.64,0.62,0.0
20230827:0610,374.48,469.79,28.43,25.09,0.55,0.0
20230827:0710,543.35,681.7,36.93,26.3,1.45,0.0
20230827:0810,660.48,843.82,43.92,27.87,1.93,0.0
20230827:0910,719.2,933.12,48.47,29.0,2.07,0.0
20230827:1010,593.27,760.67,49.62,30.08,2.14,0.0
20230827:1110,672.08,872.27,47.07,30.84,2.21,0.0
20230827:1210,466.66,593.45,41.46,31.17,2.07,0.0
20230827:1310,418.36,531.92,33.78,31.21,1.79,0.0
20230827:1410,299.63,388.64,24.92,30.76,1.31,0.0
20230827:1510,36.58,60.96,15.5,30.41,1.03,0.0
20230827:1610,11.45,26.46,5.98,29.47,1.1,0.0
20230827:1710,0.0,0.0,0.0,28.12,1.03,0.0
20230827:1810,0.0,0.0,0.0,26.48,1.59,0.0
20230827:1910,0.0,0.0,0.0,25.64,0.69,0.0
20230827:2010,0.0,0.0,0.0,24.03,1.24,0.0
20230827:2110,0.0,0.0,0.0,23.47,1.66,0.0
20230827:2210,0.0,0.0,0.0,22.85,1.59,0.0
20230827:2310,0.0,0.0,0.0,22.41,1.72,0.0
20230828:0010,0.0,0.0,0.0,22.22,2.0,0.0
20230828:0110,0.0,0.0,0.0,22.23,2.0,0.0
20230828:0210,0.0,0.0,0.0,21.85,1.66,0.0
20230828:0310,0.0,0.0,0.0,21.51,1.86,0.0
20230828:0410,6.9,18.83,9.42,21.59,1.66,0.0
20230828:0510,131.86,176.76,18.95,23.61,1.52,0.0
20230828:0610,256.88,322.14,28.2,25.74,1.72,0.0
20230828:0710,414.92,522.24,36.67,27.71,1.03,0.0
20230828:0810,362.67,463.43,43.63,29.51,0.55,0.0
20230828:0910,629.33,846.12,48.14,31.06,0.28,0.0
20230828:1010,670.9,924.05,49.27,32.24,0.07,0.0
20230828:1110,660.03,888.26,46.72,33.03,0.9,0.0
20230828:1210,602.42,793.82,41.11,33.21,1.31,0.0
20230828:1310,453.62,584.78,33.45,33.29,1.66,0.0
20230828:1410,280.37,367.91,24.6,33.06,1.38,0.0
20230828:1510,106.64,161.88,15.18,32.67,1.45,0.0
20230828:1610,12.98,28.94,5.66,31.46,1.59,0.0
20230828:1710,0.0,0.0,0.0,29.82,1.93,0.0
20230828:1810,0.0,0.0,0.0,28.26,2.07,0.0
20230828:1910,0.0,0.0,0.0,27.1,1.93,0.0
20230828:2010,0.0,0.0,0.0,26.02,1.93,0.0
20230828:2110,0.0,0.0,0.0,25.07,2.0,0.0
20230828:2210,0.0,0.0,0.0,24.17,1.93,0.0
20230828:2310,0.0,0.0,0.0,23.22,1.79,0.0
20230829:0010,0.0,0.0,0.0,22.71,1.45,0.0
20230829:0110,0.0,0.0,0.0,23.29,1.03,0.0
20230829:0210,0.0,0.0,0.0,23.48,0.9,0.0
20230829:0310,0.0,0.0,0.0,21.02,1.38,0.0
20230829:0410,31.64,54.69,9.2,20.66,1.38,0.0
20230829:0510,169.3,226.13,18.72,23.64,0.83,0.0
20230829:0610,365.17,459.13,27.97,26.38,0.9,0.0
20230829:0710,532.58,667.88,36.41,27.57,1.93,0.0
20230829:0810,654.51,840.36,43.34,29.46,2.14,0.0
20230829:0910,709.52,927.81,47.81,31.02,2.21,0.0
20230829:1010,737.2,971.52,48.91,32.13,2.41,0.0
20230829:1110,680.3,886.05,46.36,32.9,2.83,0.0
20230829:1210,602.15,773.54,40.76,33.2,3.1,0.0
20230829:1310,461.18,586.01,33.12,33.28,3.24,0.0
20230829:1410,297.57,384.59,24.28,32.56,3.59,0.0
20230829:1510,114.78,175.49,14.86,31.46,2.76,0.0
20230829:1610,11.41,26.46,5.34,30.12,2.69,0.0
20230829:1710,0.0,0.0,0.0,28.5,2.83,0.0
20230829:1810,0.0,0.0,0.0,27.4,2.69,0.0
20230829:1910,0.0,0.0,0.0,27.44,2.83,0.0
20230829:2010,0.0,0.0,0.0,26.65,2.69,0.0
20230829:2110,0.0,0.0,0.0,25.92,2.62,0.0
20230829:2210,0.0,0.0,0.0,25.34,2.55,0.0
20230829:2310,0.0,0.0,0.0,24.84,2.62,0.0
20230830:0010,0.0,0.0,0.0,24.47,2.76,0.0
20230830:0110,0.0,0.0,0.0,24.1,2.9,0.0
20230830:0210,0.0,0.0,0.0,23.79,2.97,0.0
20230830:0310,0.0,0.0,0.0,23.51,2.97,0.0
20230830:0410,0.9,8.07,8.97,23.54,2.83,0.0
20230830:0510,43.51,68.14,18.5,24.76,2.69,0.0
20230830:0610,90.96,125.96,27.73,26.45,3.17,0.0
20230830:0710,219.8,278.52,36.15,27.67,3.1,0.0
20230830:0810,464.54,578.91,43.04,29.1,3.24,0.0
20230830:0910,687.34,874.18,47.48,30.29,3.72,0.0
20230830:1010,707.89,901.23,48.55,31.05,4.28,0.0
20230830:1110,690.94,874.85,45.99,31.46,4.76,0.0
20230830:1210,605.63,757.22,40.41,31.44,5.17,0.0
20230830:1310,342.57,426.28,32.78,30.57,5.38,0.0
20230830:1410,299.21,380.24,23.95,30.24,5.17,0.0
20230830:1510,108.64,163.38,14.54,29.42,4.34,0.0
20230830:1610,10.98,25.63,5.01,28.4,4.28,0.0
20230830:1710,0.0,0.0,0.0,26.93,4.21,0.0
20230830:1810,0.0,0.0,0.0,25.87,4.41,0.0
20230830:1910,0.0,0.0,0.0,24.89,4.07,0.0
20230830:2010,0.0,0.0,0.0,24.32,4.21,0.0
20230830:2110,0.0,0.0,0.0,23.85,4.07,0.0
20230830:2210,0.0,0.0,0.0,23.39,3.86,0.0
20230830:2310,0.0,0.0,0.0,22.69,3.59,0.0
20230831:0010,0.0,0.0,0.0,22.02,3.52,0.0
20230831:0110,0.0,0.0,0.0,21.28,3.24,0.0
20230831:0210,0.0,0.0,0.0,20.52,2.9,0.0
20230831:0310,0.0,0.0,0.0,19.85,2.76,0.0
20230831:0410,34.19,69.48,8.75,19.56,2.69,0.0
20230831:0510,182.56,238.48,18.28,20.6,2.55,0.0
20230831:0610,275.38,336.38,27.49,22.3,3.17,0.0
20230831:0710,550.03,668.59,35.89,23.5,3.03,0.0
20230831:0810,691.79,859.68,42.75,25.03,3.1,0.0
20230831:0910,689.24,862.59,47.14,26.19,3.24,0.0
20230831:1010,296.98,369.42,48.19,27.2,3.66,0.0
20230831:1110,210.42,267.41,45.63,27.69,4.0,0.0
20230831:1210,265.76,331.95,40.05,27.62,4.0,0.0
20230831:1310,452.09,554.82,32.44,27.3,3.93,0.0
20230831:1410,218.17,276.83,23.62,26.39,3.72,0.0
20230831:1510,46.03,71.9,14.21,25.74,2.9,0.0
20230831:1610,7.38,19.84,4.69,25.15,1.86,0.0
20230831:1710,0.0,0.0,0.0,24.13,1.45,0.0
20230831:1810,0.0,0.0,0.0,23.4,1.31,0.0
20230831:1910,0.0,0.0,0.0,22.98,2.55,0.0
20230831:2010,0.0,0.0,0.0,22.02,2.55,0.0
20230831:2110,0.0,0.0,0.0,21.37,2.69,0.0
20230831:2210,0.0,0.0,0.0,20.89,2.69,0.0
20230831:2310,0.0,0.0,0.0,20.28,2.48,0.0
20230901:0010,0.0,0.0,0.0,19.83,2.41,0.0
20230901:0110,0.0,0.0,0.0,19.35,2.41,0.0
20230901:0210,0.0,0.0,0.0,19.05,2.55,0.0
20230901:0310,0.0,0.0,0.0,18.74,2.55,0.0
20230901:0410,0.95,8.07,8.53,18.61,2.41,0.0
20230901:0510,64.75,92.01,18.05,19.24,2.83,0.0
20230901:0610,251.46,305.56,27.25,20.24,3.24,0.0
20230901:0710,435.77,517.89,35.62,20.32,3.52,0.0
20230901:0810,548.4,658.19,42.45,21.5,3.59,0.0
20230901:0910,573.68,695.39,46.8,22.8,3.59,0.0
20230901:1010,522.0,633.93,47.82,23.67,3.59,0.0
20230901:1110,584.68,713.91,45.26,24.19,3.59,0.0
20230901:1210,339.91,414.49,39.7,24.43,3.45,0.0
20230901:1310,448.24,542.18,32.09,24.14,3.72,0.0
20230901:1410,41.97,65.45,23.28,21.99,3.52,0.0
20230901:1510,32.64,53.79,13.88,21.58,3.1,0.0
20230901:1610,1.39,9.1,4.36,21.34,2.69,0.0
20230901:1710,0.0,0.0,0.0,20.72,2.83,0.0
20230901:1810,0.0,0.0,0.0,20.38,2.83,0.0
20230901:1910,0.0,0.0,0.0,19.79,2.34,0.0
20230901:2010,0.0,0.0,0.0,19.31,2.41,0.0
20230901:2110,0.0,0.0,0.0,18.68,2.41,0.0
20230901:2210,0.0,0.0,0.0,18.07,2.28,0.0
20230901:2310,0.0,0.0,0.0,17.4,2.0,0.0
20230902:0010,0.0,0.0,0.0,16.53,1.86,0.0
20230902:0110,0.0,0.0,0.0,15.63,1.86,0.0
20230902:0210,0.0,0.0,0.0,14.87,1.79,0.0
20230902:0310,0.0,0.0,0.0,14.27,1.66,0.0
20230902:0410,2.82,11.65,8.3,14.37,1.38,0.0
20230902:0510,190.29,245.54,17.82,16.58,0.76,0.0
20230902:0610,334.58,405.48,27.01,18.7,0.76,0.0
20230902:0710,587.2,717.19,35.35,19.64,1.24,0.0
20230902:0810,682.54,852.75,42.14,21.09,1.31,0.0
20230902:0910,601.45,744.06,46.46,22.19,1.72,0.0
20230902:1010,356.84,436.48,47.46,23.19,2.14,0.0
20230902:1110,185.29,234.83,44.89,23.67,2.14,0.0
20230902:1210,467.95,575.61,39.34,23.53,1.52,0.0
20230902:1310,412.95,506.86,31.74,23.41,1.38,0.0
20230902:1410,194.08,246.62,22.95,23.25,1.31,0.0
20230902:1510,117.62,178.44,13.55,23.03,1.1,0.0
20230902:1610,8.04,20.67,4.02,22.4,1.03,0.0
20230902:1710,0.0,0.0,0.0,21.44,1.38,0.0
20230902:1810,0.0,0.0,0.0,20.26,1.52,0.0
20230902:1910,0.0,0.0,0.0,19.05,1.79,0.0
20230902:2010,0.0,0.0,0.0,19.06,1.45,0.0
20230902:2110,0.0,0.0,0.0,18.96,0.97,0.0
20230902:2210,0.0,0.0,0.0,18.78,0.62,0.0
20230902:2310,0.0,0.0,0.0,18.59,0.28,0.0
20230903:0010,0.0,0.0,0.0,18.5,0.41,0.0
20230903:0110,0.0,0.0,0.0,18.43,0.62,0.0
20230903:0210,0.0,0.0,0.0,18.38,1.03,0.0
20230903:0310,0.0,0.0,0.0,18.17,1.31,0.0
20230903:0410,0.56,7.17,8.08,17.96,1.52,0.0
20230903:0510,7.63,19.72,17.59,17.96,1.59,0.0
20230903:0610,52.31,77.1,26.77,18.83,1.86,0.0
20230903:0710,171.66,214.51,35.09,19.36,2.07,0.0
20230903:0810,166.37,209.29,41.84,20.17,2.41,0.0
20230903:0910,228.91,281.8,46.12,21.09,2.69,0.0
20230903:1010,142.52,182.89,47.09,21.46,2.83,0.0
20230903:1110,149.27,190.96,44.51,21.77,2.76,0.0
20230903:1210,399.91,482.65,38.97,22.21,2.76,0.0
20230903:1310,213.43,264.7,31.39,22.43,2.83,0.0
20230903:1410,126.66,165.47,22.61,22.32,2.9,0.0
20230903:1510,41.88,65.72,13.22,21.74,2.76,0.0
20230903:1610,6.51,18.19,3.69,21.12,2.28,0.0
20230903:1710,0.0,0.0,0.0,20.08,2.14,0.0
20230903:1810,0.0,0.0,0.0,19.44,2.07,0.0
20230903:1910,0.0,0.0,0.0,18.78,2.28,0.0
20230903:2010,0.0,0.0,0.0,18.46,2.28,0.0
20230903:2110,0.0,0.0,0.0,18.2,2.28,0.0
20230903:2210,0.0,0.0,0.0,17.9,2.41,0.0
20230903:2310,0.0,0.0,0.0,17.53,2.48,0.0
20230904:0010,0.0,0.0,0.0,17.15,2.55,0.0
20230904:0110,0.0,0.0,0.0,16.86,2.55,0.0
20230904:0210,0.0,0.0,0.0,16.61,2.55,0.0
20230904:0310,0.0,0.0,0.0,16.37,2.55,0.0
20230904:0410,0.58,7.17,7.85,16.41,2.62,0.0
20230904:0510,68.14,95.18,17.36,16.94,2.69,0.0
20230904:0610,183.41,226.14,26.52,18.41,3.1,0.0
20230904:0710,480.22,568.49,34.82,19.44,3.45,0.0
20230904:0810,443.08,528.95,41.53,21.08,3.66,0.0
20230904:0910,374.95,450.79,45.77,22.02,3.86,0.0
20230904:1010,297.03,361.56,46.71,22.75,3.79,0.0
20230904:1110,346.46,419.67,44.13,23.43,4.07,0.0
20230904:1210,345.52,417.79,38.6,23.73,4.41,0.0
20230904:1310,149.88,192.22,31.04,23.46,4.28,0.0
20230904:1410,165.09,210.47,22.26,23.19,4.34,0.0
20230904:1510,63.03,93.67,12.88,22.39,3.93,0.0
20230904:1610,4.49,14.88,3.35,21.65,3.79,0.0
20230904:1710,0.0,0.0,0.0,20.84,3.72,0.0
20230904:1810,0.0,0.0,0.0,20.05,3.72,0.0
20230904:1910,0.0,0.0,0.0,19.39,3.66,0.0
20230904:2010,0.0,0.0,0.0,18.61,3.45,0.0
20230904:2110,0.0,0.0,0.0,17.97,3.17,0.0
20230904:2210,0.0,0.0,0.0,17.34,3.1,0.0
20230904:2310,0.0,0.0,0.0,16.8,3.1,0.0
20230905:0010,0.0,0.0,0.0,16.36,3.1,0.0
20230905:0110,0.0,0.0,0.0,15.86,3.03,0.0
20230905:0210,0.0,0.0,0.0,15.42,3.1,0.0
20230905:0310,0.0,0.0,0.0,15.04,3.1,0.0
20230905:0410,31.36,57.87,7.62,14.88,2.97,0.0
20230905:0510,212.9,271.58,17.13,15.9,2.97,0.0
20230905:0610,432.17,510.12,26.28,17.58,3.45,0.0
20230905:0710,617.86,732.52,34.54,18.91,3.72,0.0
20230905:0810,744.71,897.24,41.22,20.49,4.28,0.0
20230905:0910,816.15,994.83,45.43,21.64,4.69,0.0
20230905:1010,832.03,1021.77,46.34,22.46,4.62,0.0
20230905:1110,771.49,944.81,43.76,23.03,4.41,0.0
20230905:1210,672.22,815.52,38.24,23.31,4.28,0.0
20230905:1310,505.48,608.11,30.69,23.33,4.14,0.0
20230905:1410,318.04,392.79,21.92,23.05,3.93,0.0
20230905:1510,107.29,162.55,12.54,22.46,3.31,0.0
20230905:1610,3.55,13.23,3.01,21.28,2.48,0.0
20230905:1710,0.0,0.0,0.0,19.76,2.28,0.0
20230905:1810,0.0,0.0,0.0,18.61,2.14,0.0
20230905:1910,0.0,0.0,0.0,17.58,2.14,0.0
20230905:2010,0.0,0.0,0.0,16.58,2.0,0.0
20230905:2110,0.0,0.0,0.0,15.53,1.86,0.0
20230905:2210,0.0,0.0,0.0,14.6,1.79,0.0
20230905:2310,0.0,0.0,0.0,13.91,1.79,0.0
20230906:0010,0.0,0.0,0.0,13.46,1.86,0.0
20230906:0110,0.0,0.0,0.0,13.15,2.0,0.0
20230906:0210,0.0,0.0,0.0,12.95,2.0,0.0
20230906:0310,0.0,0.0,0.0,12.82,2.0,0.0
20230906:0410,27.51,49.41,7.4,13.04,1.86,0.0
20230906:0510,185.57,237.06,16.9,15.06,1.52,0.0
20230906:0610,180.26,223.07,26.03,17.93,1.66,0.0
20230906:0710,453.01,542.17,34.27,19.6,2.07,0.0
20230906:0810,685.26,840.36,40.91,21.17,2.48,0.0
20230906:0910,784.55,976.86,45.08,22.45,2.97,0.0
20230906:1010,658.37,809.86,45.97,23.38,3.17,0.0
20230906:1110,367.45,446.48,43.38,23.46,3.1,0.0
20230906:1210,489.21,592.62,37.86,23.36,3.1,0.0
20230906:1310,90.5,123.72,30.33,23.06,2.62,0.0
20230906:1410,124.18,163.25,21.57,23.08,2.76,0.0
20230906:1510,24.06,43.03,12.2,22.58,2.21,0.0
20230906:1610,2.2,10.75,2.67,21.83,2.07,0.0
20230906:1710,0.0,0.0,0.0,21.07,2.07,0.0
20230906:1810,0.0,0.0,0.0,20.36,2.21,0.0
20230906:1910,0.0,0.0,0.0,19.98,2.55,0.0
20230906:2010,0.0,0.0,0.0,19.48,2.62,0.0
20230906:2110,0.0,0.0,0.0,19.15,2.55,0.0
20230906:2210,0.0,0.0,0.0,18.72,2.48,0.0
20230906:2310,0.0,0.0,0.0,18.47,2.41,0.0
20230907:0010,0.0,0.0,0.0,18.07,2.41,0.0
20230907:0110,0.0,0.0,0.0,17.83,2.48,0.0
20230907:0210,0.0,0.0,0.0,17.23,2.62,0.0
20230907:0310,0.0,0.0,0.0,16.64,2.69,0.0
20230907:0410,28.17,53.52,7.17,16.07,2.69,0.0
20230907:0510,213.93,273.84,16.67,16.41,2.97,0.0
20230907:0610,438.64,518.6,25.78,17.22,2.9,0.0
20230907:0710,616.9,734.13,33.99,18.29,2.97,0.0
20230907:0810,742.53,899.49,40.6,19.59,3.31,0.0
20230907:0910,809.04,990.55,44.72,20.61,3.72,0.0
20230907:1010,823.15,1010.69,45.59,21.34,4.0,0.0
20230907:1110,762.98,931.24,42.99,21.78,4.0,0.0
20230907:1210,658.49,795.97,37.49,22.0,3.79,0.0
20230907:1310,500.95,600.61,29.97,21.94,3.59,0.0
20230907:1410,312.61,384.7,21.22,21.59,3.45,0.0
20230907:1510,100.38,152.48,11.86,20.92,3.17,0.0
20230907:1610,1.82,9.92,2.32,19.78,2.28,0.0
20230907:1710,0.0,0.0,0.0,18.35,2.21,0.0
20230907:1810,0.0,0.0,0.0,17.18,2.14,0.0
20230907:1910,0.0,0.0,0.0,16.15,2.21,0.0
20230907:2010,0.0,0.0,0.0,15.09,1.93,0.0
20230907:2110,0.0,0.0,0.0,13.89,1.66,0.0
20230907:2210,0.0,0.0,0.0,13.18,1.45,0.0
20230907:2310,0.0,0.0,0.0,13.83,1.1,0.0
20230908:0010,0.0,0.0,0.0,14.24,0.76,0.0
20230908:0110,0.0,0.0,0.0,13.45,1.03,0.0
20230908:0210,0.0,0.0,0.0,12.56,1.17,0.0
20230908:0310,0.0,0.0,0.0,11.55,1.31,0.0
20230908:0410,29.01,57.02,6.94,11.09,1.45,0.0
20230908:0510,215.76,273.7,16.43,12.79,0.9,0.0
20230908:0610,432.17,514.85,25.53,16.26,1.38,0.0
20230908:0710,612.63,734.06,33.71,17.36,1.93,0.0
20230908:0810,736.47,899.45,40.28,18.78,2.34,0.0
20230908:0910,799.99,990.56,44.37,19.8,2.55,0.0
20230908:1010,812.26,1010.71,45.21,20.66,2.69,0.0
20230908:1110,744.18,915.85,42.61,21.37,2.97,0.0
20230908:1210,643.22,780.98,37.12,21.78,3.1,0.0
20230908:1310,510.16,612.92,29.61,21.99,3.38,0.0
20230908:1410,314.24,387.36,20.87,21.87,3.52,0.0
20230908:1510,97.35,148.95,11.51,21.36,3.03,0.0
20230908:1610,0.66,7.44,1.98,20.18,2.41,0.0
20230908:1710,0.0,0.0,0.0,18.65,2.34,0.0
20230908:1810,0.0,0.0,0.0,17.51,2.34,0.0
20230908:1910,0.0,0.0,0.0,16.78,2.48,0.0
20230908:2010,0.0,0.0,0.0,16.05,2.41,0.0
20230908:2110,0.0,0.0,0.0,15.56,2.34,0.0
20230908:2210,0.0,0.0,0.0,15.11,2.34,0.0
20230908:2310,0.0,0.0,0.0,14.63,2.41,0.0
20230909:0010,0.0,0.0,0.0,14.21,2.41,0.0
20230909:0110,0.0,0.0,0.0,13.9,2.41,0.0
20230909:0210,0.0,0.0,0.0,13.6,2.41,0.0
20230909:0310,0.0,0.0,0.0,13.31,2.34,0.0
20230909:0410,27.81,54.25,6.71,13.17,2.21,0.0
20230909:0510,208.43,264.21,16.2,14.28,2.41,0.0
20230909:0610,406.89,476.96,25.28,15.6,2.97,0.0
20230909:0710,621.93,733.35,33.43,16.68,3.1,0.0
20230909:0810,704.45,841.42,39.97,18.05,3.52,0.0
20230909:0910,757.68,911.37,44.02,19.02,4.07,0.0
20230909:1010,829.99,1006.9,44.83,19.4,4.21,0.0
20230909:1110,767.61,926.38,42.22,19.54,4.0,0.0
20230909:1210,660.92,790.72,36.74,19.69,3.66,0.0
20230909:1310,504.61,599.0,29.24,19.68,3.45,0.0
20230909:1410,312.26,380.69,20.52,19.26,3.31,0.0
20230909:1510,95.66,145.66,11.16,18.62,3.1,0.0
20230909:1610,0.0,4.13,1.63,17.62,2.34,0.0
20230909:1710,0.0,0.0,0.0,16.27,2.21,0.0
20230909:1810,0.0,0.0,0.0,15.2,2.21,0.0
20230909:1910,0.0,0.0,0.0,14.4,2.14,0.0
20230909:2010,0.0,0.0,0.0,13.42,2.0,0.0
20230909:2110,0.0,0.0,0.0,12.38,1.79,0.0
20230909:2210,0.0,0.0,0.0,11.26,1.59,0.0
20230909:2310,0.0,0.0,0.0,11.26,1.31,0.0
20230910:0010,0.0,0.0,0.0,11.52,1.1,0.0
20230910:0110,0.0,0.0,0.0,11.54,1.03,0.0
20230910:0210,0.0,0.0,0.0,11.37,0.97,0.0
20230910:0310,0.0,0.0,0.0,11.03,0.97,0.0
20230910:0410,26.65,53.12,6.47,10.47,1.03,0.0
20230910:0510,221.3,278.57,15.96,10.9,0.62,0.0
20230910:0610,440.83,524.96,25.03,13.99,0.48,0.0
20230910:0710,607.15,738.24,33.15,15.42,0.41,0.0
20230910:0810,724.33,904.39,39.65,16.88,0.62,0.0
20230910:0910,783.74,995.44,43.66,17.93,0.76,0.0
20230910:1010,792.66,1014.32,44.44,18.78,0.76,0.0
20230910:1110,735.73,932.44,41.83,19.45,0.76,0.0
20230910:1210,633.32,788.88,36.36,19.93,0.69,0.0
20230910:1310,488.41,596.76,28.88,20.11,0.76,0.0
20230910:1410,301.53,374.6,20.16,19.99,0.9,0.0
20230910:1510,92.04,141.84,10.81,19.58,1.1,0.0
20230910:1610,0.0,0.83,1.28,18.76,1.31,0.0
20230910:1710,0.0,0.0,0.0,17.39,1.59,0.0
20230910:1810,0.0,0.0,0.0,15.88,1.45,0.0
20230910:1910,0.0,0.0,0.0,14.54,1.86,0.0
20230910:2010,0.0,0.0,0.0,13.48,1.79,0.0
20230910:2110,0.0,0.0,0.0,12.68,1.66,0.0
20230910:2210,0.0,0.0,0.0,12.09,1.59,0.0
20230910:2310,0.0,0.0,0.0,11.62,1.52,0.0
20230911:0010,0.0,0.0,0.0,11.34,1.45,0.0
20230911:0110,0.0,0.0,0.0,11.37,1.31,0.0
20230911:0210,0.0,0.0,0.0,11.44,1.24,0.0
20230911:0310,0.0,0.0,0.0,10.9,1.24,0.0
20230911:0410,22.63,44.01,6.24,9.78,1.52,0.0
20230911:0510,192.86,243.11,15.72,11.86,1.1,0.0
20230911:0610,360.04,426.94,24.77,15.52,1.31,0.0
20230911:0710,469.0,558.79,32.87,16.44,1.03,0.0
20230911:0810,529.43,638.04,39.33,17.9,1.24,0.0
20230911:0910,699.64,870.31,43.3,19.43,1.31,0.0
20230911:1010,727.42,916.25,44.06,20.2,1.17,0.0
20230911:1110,364.51,442.07,41.44,20.46,1.24,0.0
20230911:1210,412.27,499.83,35.98,20.64,1.17,0.0
20230911:1310,232.3,286.35,28.51,20.57,0.83,0.0
20230911:1410,279.93,348.96,19.81,20.47,0.9,0.0
20230911:1510,43.29,68.63,10.46,20.16,0.83,0.0
20230911:1610,0.0,0.0,0.0,19.34,1.31,0.0
20230911:1710,0.0,0.0,0.0,17.99,1.52,0.0
20230911:1810,0.0,0.0,0.0,16.56,1.59,0.0
20230911:1910,0.0,0.0,0.0,15.03,2.0,0.0
20230911:2010,0.0,0.0,0.0,14.16,2.0,0.0
20230911:2110,0.0,0.0,0.0,13.46,2.0,0.0
20230911:2210,0.0,0.0,0.0,12.82,2.0,0.0
20230911:2310,0.0,0.0,0.0,12.26,1.93,0.0
20230912:0010,0.0,0.0,0.0,11.71,1.79,0.0
20230912:0110,0.0,0.0,0.0,11.26,1.72,0.0
20230912:0210,0.0,0.0,0.0,10.89,1.72,0.0
20230912:0310,0.0,0.0,0.0,10.56,1.72,0.0
20230912:0410,15.33,31.28,6.01,10.4,1.66,0.0
20230912:0510,191.96,242.79,15.48,12.52,1.1,0.0
20230912:0610,412.42,490.91,24.51,15.94,1.17,0.0
20230912:0710,580.65,703.09,32.58,18.01,1.17,0.0
20230912:0810,704.49,876.29,39.0,20.23,1.45,0.0
20230912:0910,760.33,963.49,42.94,21.91,1.59,0.0
20230912:1010,767.28,981.94,43.67,23.05,1.52,0.0
20230912:1110,711.18,907.14,41.05,23.74,1.31,0.0
20230912:1210,610.55,769.73,35.6,24.15,1.03,0.0
20230912:1310,473.11,588.37,28.14,24.26,0.9,0.0
20230912:1410,281.04,356.69,19.45,24.12,0.97,0.0
20230912:1510,78.85,125.54,10.11,23.59,1.24,0.0
20230912:1610,0.0,0.0,0.0,21.94,2.07,0.0
20230912:1710,0.0,0.0,0.0,20.1,2.34,0.0
20230912:1810,0.0,0.0,0.0,18.83,2.34,0.0
20230912:1910,0.0,0.0,0.0,17.9,2.48,0.0
20230912:2010,0.0,0.0,0.0,17.06,2.41,0.0
20230912:2110,0.0,0.0,0.0,16.38,2.41,0.0
20230912:2210,0.0,0.0,0.0,15.79,2.34,0.0
20230912:2310,0.0,0.0,0.0,15.25,2.28,0.0
20230913:0010,0.0,0.0,0.0,14.72,2.21,0.0
20230913:0110,0.0,0.0,0.0,14.13,2.14,0.0
20230913:0210,0.0,0.0,0.0,13.49,2.07,0.0
20230913:0310,0.0,0.0,0.0,12.86,2.0,0.0
20230913:0410,17.93,36.89,5.77,12.49,2.0,0.0
20230913:0510,182.44,232.29,15.24,14.2,1.72,0.0
20230913:0610,397.43,471.35,24.26,17.01,2.14,0.0
20230913:0710,571.41,684.43,32.3,18.82,2.21,0.0
20230913:0810,696.62,854.45,38.68,21.03,2.48,0.0
20230913:0910,764.66,954.0,42.58,22.8,2.76,0.0
20230913:1010,774.19,971.17,43.29,24.2,3.03,0.0
20230913:1110,718.94,896.07,40.66,24.96,3.17,0.0
20230913:1210,611.54,753.69,35.21,25.22,3.03,0.0
20230913:1310,469.14,574.1,27.77,25.31,2.9,0.0
20230913:1410,71.01,101.67,19.09,25.09,2.76,0.0
20230913:1510,73.32,117.8,9.75,23.98,2.48,0.0
20230913:1610,0.0,0.0,0.0,22.39,2.83,0.0
20230913:1710,0.0,0.0,0.0,21.09,3.17,0.0
20230913:1810,0.0,0.0,0.0,20.31,3.24,0.0
20230913:1910,0.0,0.0,0.0,19.84,3.24,0.0
20230913:2010,0.0,0.0,0.0,19.22,3.24,0.0
20230913:2110,0.0,0.0,0.0,18.79,3.24,0.0
20230913:2210,0.0,0.0,0.0,18.12,3.24,0.0
20230913:2310,0.0,0.0,0.0,17.7,3.1,0.0
20230914:0010,0.0,0.0,0.0,17.24,2.76,0.0
20230914:0110,0.0,0.0,0.0,16.57,2.48,0.0
20230914:0210,0.0,0.0,0.0,16.21,2.41,0.0
20230914:0310,0.0,0.0,0.0,15.84,2.41,0.0
20230914:0410,8.34,20.62,5.54,15.57,2.28,0.0
20230914:0510,117.84,154.81,15.0,15.96,2.14,0.0
20230914:0610,345.98,410.19,24.0,17.2,2.48,0.0
20230914:0710,494.14,590.88,32.01,19.73,2.28,0.0
20230914:0810,620.22,753.67,38.35,21.13,2.55,0.0
20230914:0910,740.25,918.45,42.21,22.32,2.69,0.0
20230914:1010,755.11,942.21,42.9,23.46,2.9,0.0
20230914:1110,501.58,611.45,40.26,24.49,3.17,0.0
20230914:1210,582.65,714.43,34.83,25.2,3.24,0.0
20230914:1310,373.57,457.13,27.4,25.68,3.1,0.0
20230914:1410,8.43,21.52,18.73,25.76,2.9,0.0
20230914:1510,17.11,34.07,9.4,25.04,2.34,0.0
20230914:1610,0.0,0.0,0.0,22.3,1.86,0.0
20230914:1710,0.0,0.0,0.0,20.38,1.72,0.0
20230914:1810,0.0,0.0,0.0,19.4,1.86,0.0
20230914:1910,0.0,0.0,0.0,18.91,1.66,0.0
20230914:2010,0.0,0.0,0.0,18.64,1.79,0.0
20230914:2110,0.0,0.0,0.0,18.36,2.21,0.0
20230914:2210,0.0,0.0,0.0,18.1,2.21,0.0
20230914:2310,0.0,0.0,0.0,17.75,1.93,0.0
20230915:0010,0.0,0.0,0.0,17.43,1.93,0.0
20230915:0110,0.0,0.0,0.0,17.0,2.76,0.0
20230915:0210,0.0,0.0,0.0,16.66,3.17,0.0
20230915:0310,0.0,0.0,0.0,16.31,3.17,0.0
20230915:0410,0.22,6.28,5.3,16.14,3.38,0.0
20230915:0510,33.54,53.79,14.76,16.42,3.86,0.0
20230915:0610,90.08,119.78,23.74,17.09,5.03,0.0
20230915:0710,79.0,107.58,31.72,17.92,5.03,0.0
20230915:0810,98.29,130.0,38.03,18.72,5.03,0.0
20230915:0910,192.98,237.12,41.85,19.17,4.83,0.0
20230915:1010,472.95,558.19,42.51,19.6,4.48,0.0
20230915:1110,46.89,70.83,39.87,19.99,4.62,0.0
20230915:1210,58.15,84.27,34.44,20.14,4.69,0.0
20230915:1310,27.22,46.62,27.02,20.06,4.62,0.0
20230915:1410,13.07,27.79,18.37,19.64,4.21,0.0
20230915:1510,17.7,34.07,9.04,19.02,4.07,0.0
20230915:1610,0.0,0.0,0.0,18.23,4.0,0.0
20230915:1710,0.0,0.0,0.0,17.69,3.66,0.0
20230915:1810,0.0,0.0,0.0,17.3,3.52,0.0
20230915:1910,0.0,0.0,0.0,16.77,2.9,0.0
20230915:2010,0.0,0.0,0.0,16.6,2.76,0.0
20230915:2110,0.0,0.0,0.0,16.46,2.41,0.0
20230915:2210,0.0,0.0,0.0,16.36,2.21,0.0
20230915:2310,0.0,0.0,0.0,16.28,2.0,0.0
20230916:0010,0.0,0.0,0.0,16.01,1.86,0.0
20230916:0110,0.0,0.0,0.0,15.92,1.79,0.0
20230916:0210,0.0,0.0,0.0,15.84,1.86,0.0
20230916:0310,0.0,0.0,0.0,15.69,1.86,0.0
20230916:0410,0.58,7.17,5.06,15.62,1.93,0.0
20230916:0510,15.98,31.38,14.51,15.76,2.14,0.0
20230916:0610,77.87,105.79,23.47,16.05,2.14,0.0
20230916:0710,81.74,110.27,31.43,16.14,2.0,0.0
20230916:0810,161.04,200.57,37.7,17.03,1.93,0.0
20230916:0910,129.6,165.86,41.48,17.95,1.79,0.0
20230916:1010,182.9,227.44,42.12,18.73,1.45,0.0
20230916:1110,170.72,213.96,39.47,19.21,1.38,0.0
20230916:1210,357.18,430.21,34.05,19.69,1.31,0.0
20230916:1310,63.33,90.55,26.65,19.79,1.31,0.0
20230916:1410,17.61,34.07,18.0,19.76,1.45,0.0
20230916:1510,60.42,97.42,8.69,19.59,1.66,0.0
20230916:1610,0.0,0.0,0.0,18.81,1.52,0.0
20230916:1710,0.0,0.0,0.0,18.07,1.72,0.0
20230916:1810,0.0,0.0,0.0,17.19,1.86,0.0
20230916:1910,0.0,0.0,0.0,16.97,1.93,0.0
20230916:2010,0.0,0.0,0.0,16.49,1.93,0.0
20230916:2110,0.0,0.0,0.0,16.0,1.86,0.0
20230916:2210,0.0,0.0,0.0,15.39,1.79,0.0
20230916:2310,0.0,0.0,0.0,14.9,1.72,0.0
20230917:0010,0.0,0.0,0.0,14.43,1.66,0.0
20230917:0110,0.0,0.0,0.0,14.19,1.59,0.0
20230917:0210,0.0,0.0,0.0,13.83,1.59,0.0
20230917:0310,0.0,0.0,0.0,13.57,1.59,0.0
20230917:0410,10.23,24.37,4.83,13.55,1.59,0.0
20230917:0510,142.46,183.71,14.27,14.38,1.45,0.0
20230917:0610,391.0,463.36,23.21,16.15,1.66,0.0
20230917:0710,593.2,710.01,31.14,17.31,1.79,0.0
20230917:0810,714.67,877.35,37.37,18.96,1.86,0.0
20230917:0910,773.77,963.83,41.12,20.42,2.14,0.0
20230917:1010,763.5,948.11,41.73,21.5,2.62,0.0
20230917:1110,725.12,894.01,39.08,21.81,2.76,0.0
20230917:1210,593.32,720.73,33.66,22.06,2.69,0.0
20230917:1310,451.7,545.1,26.27,22.14,2.62,0.0
20230917:1410,260.35,326.01,17.64,22.14,2.48,0.0
20230917:1510,63.05,104.18,8.33,21.51,1.93,0.0
20230917:1610,0.0,0.0,0.0,19.87,2.28,0.0
20230917:1710,0.0,0.0,0.0,18.27,2.62,0.0
20230917:1810,0.0,0.0,0.0,17.3,2.76,0.0
20230917:1910,0.0,0.0,0.0,16.69,2.83,0.0
20230917:2010,0.0,0.0,0.0,16.08,2.9,0.0
20230917:2110,0.0,0.0,0.0,15.6,2.9,0.0
20230917:2210,0.0,0.0,0.0,15.19,2.83,0.0
20230917:2310,0.0,0.0,0.0,14.79,2.76,0.0
20230918:0010,0.0,0.0,0.0,14.36,2.55,0.0
20230918:0110,0.0,0.0,0.0,13.88,2.41,0.0
20230918:0210,0.0,0.0,0.0,13.35,2.28,0.0
20230918:0310,0.0,0.0,0.0,12.77,2.21,0.0
20230918:0410,10.66,25.54,4.59,12.35,2.07,0.0
20230918:0510,190.25,241.3,14.02,13.48,1.72,0.0
20230918:0610,415.21,491.5,22.95,16.22,1.86,0.0
20230918:0710,589.93,708.59,30.84,18.38,1.93,0.0
20230918:0810,708.51,876.15,37.04,20.64,1.93,0.0
20230918:0910,768.51,969.01,40.75,22.49,2.07,0.0
20230918:1010,779.49,983.39,41.33,23.72,2.55,0.0
20230918:1110,694.57,865.02,38.68,24.19,2.69,0.0
20230918:1210,591.73,728.74,33.28,24.43,2.55,0.0
20230918:1310,466.46,570.61,25.9,24.4,2.41,0.0
20230918:1410,262.79,333.04,17.27,24.17,2.14,0.0
20230918:1510,59.34,100.27,7.97,23.1,1.79,0.0
20230918:1610,0.0,0.0,0.0,21.2,2.34,0.0
20230918:1710,0.0,0.0,0.0,19.47,2.48,0.0
20230918:1810,0.0,0.0,0.0,18.31,2.62,0.0
20230918:1910,0.0,0.0,0.0,17.41,2.69,0.0
20230918:2010,0.0,0.0,0.0,16.7,2.76,0.0
20230918:2110,0.0,0.0,0.0,16.13,2.76,0.0
20230918:2210,0.0,0.0,0.0,15.64,2.69,0.0
20230918:2310,0.0,0.0,0.0,15.17,2.62,0.0
20230919:0010,0.0,0.0,0.0,14.74,2.62,0.0
20230919:0110,0.0,0.0,0.0,14.39,2.62,0.0
20230919:0210,0.0,0.0,0.0,14.09,2.69,0.0
20230919:0310,0.0,0.0,0.0,13.83,2.69,0.0
20230919:0410,10.04,24.87,4.35,13.62,2.69,0.0
20230919:0510,194.19,246.64,13.77,14.6,2.62,0.0
20230919:0610,428.56,505.55,22.68,16.88,2.76,0.0
20230919:0710,604.63,717.61,30.54,18.88,3.38,0.0
20230919:0810,728.68,880.84,36.7,20.88,3.93,0.0
20230919:0910,791.08,966.15,40.38,22.38,4.55,0.0
20230919:1010,803.73,981.91,40.94,23.36,5.24,0.0
20230919:1110,743.17,902.35,38.28,23.99,5.52,0.0
20230919:1210,626.15,753.08,32.89,24.34,5.59,0.0
20230919:1310,476.13,571.24,25.52,24.42,5.52,0.0
20230919:1410,262.11,329.18,16.91,24.09,4.69,0.0
20230919:1510,55.22,94.25,7.61,23.04,4.0,0.0
20230919:1610,0.0,0.0,0.0,21.46,3.59,0.0
20230919:1710,0.0,0.0,0.0,20.13,3.38,0.0
20230919:1810,0.0,0.0,0.0,19.26,3.52,0.0
20230919:1910,0.0,0.0,0.0,18.63,3.31,0.0
20230919:2010,0.0,0.0,0.0,18.38,3.59,0.0
20230919:2110,0.0,0.0,0.0,18.28,3.59,0.0
20230919:2210,0.0,0.0,0.0,18.09,3.38,0.0
20230919:2310,0.0,0.0,0.0,17.76,3.1,0.0
20230920:0010,0.0,0.0,0.0,17.47,3.1,0.0
20230920:0110,0.0,0.0,0.0,17.24,3.24,0.0
20230920:0210,0.0,0.0,0.0,16.76,3.38,0.0
20230920:0310,0.0,0.0,0.0,16.35,3.52,0.0
20230920:0410,0.0,2.48,4.11,16.12,3.59,0.0
20230920:0510,4.34,14.34,13.52,15.77,3.52,0.0
20230920:0610,76.34,103.91,22.41,16.14,3.31,0.0
20230920:0710,305.32,360.01,30.25,16.92,3.17,0.0
20230920:0810,158.77,198.02,36.37,18.12,3.72,0.0
20230920:0910,100.28,132.69,40.01,19.3,4.28,0.0
20230920:1010,67.46,95.03,40.55,19.59,4.07,0.0
20230920:1110,126.65,163.17,37.88,19.81,3.79,0.0
20230920:1210,58.78,85.17,32.5,20.49,4.0,0.0
20230920:1310,72.42,101.31,25.15,20.64,3.45,0.0
20230920:1410,68.25,96.5,16.54,20.2,2.55,0.0
20230920:1510,35.14,61.36,7.25,19.3,2.21,0.0
20230920:1610,0.0,0.0,0.0,18.94,1.93,0.0
20230920:1710,0.0,0.0,0.0,18.47,1.79,0.0
20230920:1810,0.0,0.0,0.0,18.01,1.45,0.0
20230920:1910,0.0,0.0,0.0,17.57,1.52,0.0
20230920:2010,0.0,0.0,0.0,16.68,1.52,0.0
20230920:2110,0.0,0.0,0.0,16.03,1.59,0.0
20230920:2210,0.0,0.0,0.0,15.58,1.38,0.0
20230920:2310,0.0,0.0,0.0,15.76,1.03,0.0
20230921:0010,0.0,0.0,0.0,15.68,0.9,0.0
20230921:0110,0.0,0.0,0.0,15.36,0.9,0.0
20230921:0210,0.0,0.0,0.0,14.87,0.97,0.0
20230921:0310,0.0,0.0,0.0,14.63,1.03,0.0
20230921:0410,1.48,9.1,3.87,14.46,0.9,0.0
20230921:0510,165.45,214.03,13.28,15.09,0.41,0.0
20230921:0610,165.55,205.91,22.14,16.84,0.62,0.0
20230921:0710,429.18,512.84,29.95,18.53,1.38,0.0
20230921:0810,474.47,574.46,36.03,20.19,1.31,0.0
20230921:0910,661.26,827.01,39.64,21.56,1.24,0.0
20230921:1010,396.53,484.31,40.15,22.41,1.38,0.0
20230921:1110,75.95,106.69,37.48,22.87,1.59,0.0
20230921:1210,42.35,66.34,32.11,23.3,1.86,0.0
20230921:1310,81.77,113.8,24.77,23.65,2.14,0.0
20230921:1410,95.42,130.63,16.18,23.74,2.14,0.0
20230921:1510,39.1,69.66,6.89,23.25,1.93,0.0
20230921:1610,0.0,0.0,0.0,21.74,2.48,0.0
20230921:1710,0.0,0.0,0.0,20.6,3.1,0.0
20230921:1810,0.0,0.0,0.0,19.86,3.66,0.0
20230921:1910,0.0,0.0,0.0,19.09,3.38,0.0
20230921:2010,0.0,0.0,0.0,18.36,3.24,0.0
20230921:2110,0.0,0.0,0.0,17.62,3.1,0.0
20230921:2210,0.0,0.0,0.0,16.99,3.03,0.0
20230921:2310,0.0,0.0,0.0,16.4,2.9,0.0
20230922:0010,0.0,0.0,0.0,15.87,2.76,0.0
20230922:0110,0.0,0.0,0.0,15.39,2.69,0.0
20230922:0210,0.0,0.0,0.0,14.97,2.69,0.0
20230922:0310,0.0,0.0,0.0,14.67,2.76,0.0
20230922:0410,2.33,10.75,3.62,14.38,2.76,0.0
20230922:0510,162.0,208.03,13.02,15.14,2.76,0.0
20230922:0610,364.61,429.86,21.87,17.03,3.03,0.0
20230922:0710,389.99,460.69,29.65,19.15,3.38,0.0
20230922:0810,690.8,834.2,35.7,20.87,3.59,0.0
20230922:0910,759.98,931.16,39.26,22.38,3.86,0.0
20230922:1010,618.96,750.59,39.76,23.56,4.21,0.0
20230922:1110,660.99,804.76,37.08,24.37,4.48,0.0
20230922:1210,575.67,695.87,31.72,24.69,4.55,0.0
20230922:1310,434.03,523.7,24.39,24.61,4.48,0.0
20230922:1410,252.09,318.59,15.81,24.13,4.21,0.0
20230922:1510,14.33,30.37,6.53,22.93,3.59,0.0
20230922:1610,0.0,0.0,0.0,21.31,3.66,0.0
20230922:1710,0.0,0.0,0.0,20.12,3.66,0.0
20230922:1810,0.0,0.0,0.0,19.36,3.59,0.0
20230922:1910,0.0,0.0,0.0,19.13,3.17,0.0
20230922:2010,0.0,0.0,0.0,18.46,3.1,0.0
20230922:2110,0.0,0.0,0.0,18.11,3.1,0.0
20230922:2210,0.0,0.0,0.0,17.64,3.03,0.0
20230922:2310,0.0,0.0,0.0,17.27,2.9,0.0
20230923:0010,0.0,0.0,0.0,16.88,2.76,0.0
20230923:0110,0.0,0.0,0.0,16.48,2.69,0.0
20230923:0210,0.0,0.0,0.0,16.1,2.76,0.0
20230923:0310,0.0,0.0,0.0,15.9,2.83,0.0
20230923:0410,0.0,4.96,3.38,15.77,2.76,0.0
20230923:0510,152.84,198.03,12.77,16.35,2.76,0.0
20230923:0610,382.69,453.09,21.6,18.03,2.97,0.0
20230923:0710,538.08,636.65,29.35,19.88,3.79,0.0
20230923:0810,604.13,724.11,35.36,21.62,4.0,0.0
20230923:0910,749.94,917.47,38.89,23.08,4.21,0.0
20230923:1010,751.56,922.9,39.36,24.07,4.41,0.0
20230923:1110,695.47,849.89,36.68,24.74,4.55,0.0
20230923:1210,573.59,694.51,31.32,25.11,4.55,0.0
20230923:1310,391.6,474.3,24.01,25.16,4.41,0.0
20230923:1410,230.0,293.28,15.44,25.04,4.07,0.0
20230923:1510,31.45,58.63,6.17,23.99,3.17,0.0
20230923:1610,0.0,0.0,0.0,22.34,3.17,0.0
20230923:1710,0.0,0.0,0.0,21.18,3.31,0.0
20230923:1810,0.0,0.0,0.0,20.38,3.38,0.0
20230923:1910,0.0,0.0,0.0,20.07,3.45,0.0
20230923:2010,0.0,0.0,0.0,19.53,3.24,0.0
20230923:2110,0.0,0.0,0.0,18.97,2.97,0.0
20230923:2210,0.0,0.0,0.0,18.41,2.76,0.0
20230923:2310,0.0,0.0,0.0,17.88,2.69,0.0
20230924:0010,0.0,0.0,0.0,17.41,2.69,0.0
20230924:0110,0.0,0.0,0.0,16.96,2.55,0.0
20230924:0210,0.0,0.0,0.0,16.49,2.48,0.0
20230924:0310,0.0,0.0,0.0,16.04,2.41,0.0
20230924:0410,0.35,6.61,3.14,15.66,2.41,0.0
20230924:0510,159.68,206.74,12.52,16.32,2.28,0.0
20230924:0610,383.77,456.34,21.33,18.33,2.48,0.0
20230924:0710,556.05,666.74,29.04,20.5,2.69,0.0
20230924:0810,675.16,828.36,35.02,22.46,2.76,0.0
20230924:0910,728.94,908.55,38.52,24.09,2.9,0.0
20230924:1010,727.9,912.54,38.97,25.29,2.97,0.0
20230924:1110,668.18,833.22,36.28,25.96,2.97,0.0
20230924:1210,561.31,694.84,30.93,26.21,2.55,0.0
20230924:1310,415.2,512.8,23.64,26.17,2.07,0.0
20230924:1410,217.22,280.96,15.08,25.82,2.0,0.0
20230924:1510,31.92,60.78,5.81,24.48,2.07,0.0
20230924:1610,0.0,0.0,0.0,22.56,2.48,0.0
20230924:1710,0.0,0.0,0.0,21.16,2.55,0.0
20230924:1810,0.0,0.0,0.0,20.08,2.41,0.0
20230924:1910,0.0,0.0,0.0,19.48,2.21,0.0
20230924:2010,0.0,0.0,0.0,18.45,2.07,0.0
20230924:2110,0.0,0.0,0.0,17.45,1.93,0.0
20230924:2210,0.0,0.0,0.0,16.38,1.72,0.0
20230924:2310,0.0,0.0,0.0,16.07,1.38,0.0
20230925:0010,0.0,0.0,0.0,15.12,1.52,0.0
20230925:0110,0.0,0.0,0.0,14.27,1.66,0.0
20230925:0210,0.0,0.0,0.0,13.82,1.59,0.0
20230925:0310,0.0,0.0,0.0,13.53,1.59,0.0
20230925:0410,0.0,4.96,2.89,13.45,1.52,0.0
20230925:0510,157.6,203.51,12.27,14.63,1.03,0.0
20230925:0610,361.51,434.55,21.05,17.8,0.83,0.0
20230925:0710,527.21,639.79,28.74,20.02,1.24,0.0
20230925:0810,652.06,806.96,34.68,22.05,1.79,0.0
20230925:0910,701.52,877.46,38.14,23.55,2.21,0.0
20230925:1010,722.51,912.16,38.57,24.62,2.21,0.0
20230925:1110,665.89,840.35,35.89,25.33,1.86,0.0
20230925:1210,549.65,684.78,30.54,25.75,1.72,0.0
20230925:1310,407.4,503.1,23.26,25.81,1.86,0.0
20230925:1410,204.39,264.77,14.71,25.48,2.07,0.0
20230925:1510,26.31,52.9,5.45,24.19,2.0,0.0
20230925:1610,0.0,0.0,0.0,22.27,2.41,0.0
20230925:1710,0.0,0.0,0.0,20.8,2.62,0.0
20230925:1810,0.0,0.0,0.0,19.79,2.76,0.0
20230925:1910,0.0,0.0,0.0,19.19,3.03,0.0
20230925:2010,0.0,0.0,0.0,18.81,2.76,0.0
20230925:2110,0.0,0.0,0.0,18.19,2.48,0.0
20230925:2210,0.0,0.0,0.0,17.72,2.21,0.0
20230925:2310,0.0,0.0,0.0,17.36,2.0,0.0
20230926:0010,0.0,0.0,0.0,16.96,1.93,0.0
20230926:0110,0.0,0.0,0.0,16.52,2.07,0.0
20230926:0210,0.0,0.0,0.0,16.32,2.21,0.0
20230926:0310,0.0,0.0,0.0,16.14,2.28,0.0
20230926:0410,0.0,1.65,2.65,16.1,2.14,0.0
20230926:0510,19.96,36.76,12.01,16.63,1.86,0.0
20230926:0610,211.56,257.45,20.78,17.89,2.14,0.0
20230926:0710,429.0,508.01,28.44,18.26,2.21,0.0
20230926:0810,675.49,822.86,34.34,19.67,2.21,0.0
20230926:0910,741.82,917.37,37.77,20.99,2.41,0.0
20230926:1010,746.83,928.48,38.18,22.16,2.55,0.0
20230926:1110,686.52,847.27,35.49,22.94,2.69,0.0
20230926:1210,566.03,690.02,30.15,23.3,2.62,0.0
20230926:1310,395.24,479.79,22.88,23.41,2.55,0.0
20230926:1410,211.33,270.09,14.35,23.12,2.55,0.0
20230926:1510,17.52,37.23,5.09,22.23,2.14,0.0
20230926:1610,0.0,0.0,0.0,20.68,2.28,0.0
20230926:1710,0.0,0.0,0.0,19.45,2.41,0.0
20230926:1810,0.0,0.0,0.0,18.55,2.41,0.0
20230926:1910,0.0,0.0,0.0,17.45,2.34,0.0
20230926:2010,0.0,0.0,0.0,16.64,2.28,0.0
20230926:2110,0.0,0.0,0.0,15.92,2.07,0.0
20230926:2210,0.0,0.0,0.0,15.2,2.07,0.0
20230926:2310,0.0,0.0,0.0,14.54,2.0,0.0
20230927:0010,0.0,0.0,0.0,13.99,2.07,0.0
20230927:0110,0.0,0.0,0.0,13.47,1.93,0.0
20230927:0210,0.0,0.0,0.0,13.02,1.86,0.0
20230927:0310,0.0,0.0,0.0,12.6,1.93,0.0
20230927:0410,0.0,2.48,2.4,12.25,2.0,0.0
20230927:0510,147.55,189.17,11.76,12.81,1.79,0.0
20230927:0610,401.39,471.69,20.5,14.79,1.79,0.0
20230927:0710,582.23,692.52,28.13,16.2,1.72,0.0
20230927:0810,708.42,865.68,34.0,18.32,1.86,0.0
20230927:0910,764.05,947.79,37.39,20.0,2.14,0.0
20230927:1010,766.92,958.93,37.78,21.06,2.07,0.0
20230927:1110,697.86,867.17,35.09,21.73,1.93,0.0
20230927:1210,561.19,686.61,29.76,22.14,1.79,0.0
20230927:1310,423.52,515.21,22.5,22.19,1.66,0.0
20230927:1410,217.3,276.94,13.98,21.88,1.72,0.0
20230927:1510,22.32,46.88,4.74,20.87,1.59,0.0
20230927:1610,0.0,0.0,0.0,19.2,2.07,0.0
20230927:1710,0.0,0.0,0.0,17.79,2.21,0.0
20230927:1810,0.0,0.0,0.0,16.74,2.21,0.0
20230927:1910,0.0,0.0,0.0,16.02,2.28,0.0
20230927:2010,0.0,0.0,0.0,15.22,2.14,0.0
20230927:2110,0.0,0.0,0.0,14.4,1.93,0.0
20230927:2210,0.0,0.0,0.0,13.59,1.86,0.0
20230927:2310,0.0,0.0,0.0,12.91,1.79,0.0
20230928:0010,0.0,0.0,0.0,12.41,1.79,0.0
20230928:0110,0.0,0.0,0.0,12.06,1.86,0.0
20230928:0210,0.0,0.0,0.0,11.71,1.79,0.0
20230928:0310,0.0,0.0,0.0,11.39,1.72,0.0
20230928:0410,0.0,2.48,2.16,11.13,1.79,0.0
20230928:0510,177.74,225.17,11.5,11.95,1.38,0.0
20230928:0610,398.14,471.59,20.23,15.48,1.24,0.0
20230928:0710,566.02,682.84,27.82,17.61,1.1,0.0
20230928:0810,681.31,847.77,33.65,19.87,1.1,0.0
20230928:0910,738.0,935.93,37.02,21.88,1.31,0.0
20230928:1010,737.27,938.19,37.39,23.48,1.59,0.0
20230928:1110,679.59,854.86,34.69,24.51,1.93,0.0
20230928:1210,537.68,664.18,29.37,24.96,2.0,0.0
20230928:1310,419.67,515.39,22.13,24.88,2.07,0.0
20230928:1410,206.99,267.61,13.62,24.41,1.93,0.0
20230928:1510,19.14,42.12,4.38,22.99,1.93,0.0
20230928:1610,0.0,0.0,0.0,21.04,2.28,0.0
20230928:1710,0.0,0.0,0.0,19.48,2.28,0.0
20230928:1810,0.0,0.0,0.0,18.26,2.28,0.0
20230928:1910,0.0,0.0,0.0,17.28,2.21,0.0
20230928:2010,0.0,0.0,0.0,16.3,2.21,0.0
20230928:2110,0.0,0.0,0.0,15.42,2.14,0.0
20230928:2210,0.0,0.0,0.0,14.62,2.14,0.0
20230928:2310,0.0,0.0,0.0,13.93,2.07,0.0
20230929:0010,0.0,0.0,0.0,13.27,2.0,0.0
20230929:0110,0.0,0.0,0.0,12.68,1.93,0.0
20230929:0210,0.0,0.0,0.0,12.15,1.86,0.0
20230929:0310,0.0,0.0,0.0,11.8,1.79,0.0
20230929:0410,0.0,1.65,1.91,11.56,1.66,0.0
20230929:0510,164.51,209.48,11.24,12.16,1.38,0.0
20230929:0610,397.25,472.48,19.95,15.78,0.97,0.0
20230929:0710,560.24,677.46,27.51,17.99,1.03,0.0
20230929:0810,688.21,857.11,33.31,20.32,1.24,0.0
20230929:0910,741.3,937.72,36.64,22.34,1.59,0.0
20230929:1010,749.67,947.6,36.99,23.78,2.14,0.0
20230929:1110,677.58,854.98,34.29,24.27,1.66,0.0
20230929:1210,550.11,687.41,28.99,24.34,1.03,0.0
20230929:1310,413.91,513.37,21.75,24.19,0.76,0.0
20230929:1410,204.51,265.26,13.25,23.83,0.97,0.0
20230929:1510,15.47,36.05,4.02,22.72,1.52,0.0
20230929:1610,0.0,0.0,0.0,20.8,2.07,0.0
20230929:1710,0.0,0.0,0.0,19.12,2.14,0.0
20230929:1810,0.0,0.0,0.0,17.83,2.21,0.0
20230929:1910,0.0,0.0,0.0,16.82,2.28,0.0
20230929:2010,0.0,0.0,0.0,15.96,2.28,0.0
20230929:2110,0.0,0.0,0.0,15.16,2.21,0.0
20230929:2210,0.0,0.0,0.0,14.37,2.07,0.0
20230929:2310,0.0,0.0,0.0,13.59,1.93,0.0
20230930:0010,0.0,0.0,0.0,13.0,1.72,0.0
20230930:0110,0.0,0.0,0.0,13.22,1.45,0.0
20230930:0210,0.0,0.0,0.0,13.33,1.31,0.0
20230930:0310,0.0,0.0,0.0,13.14,1.24,0.0
20230930:0410,0.0,0.83,1.66,12.63,1.31,0.0
20230930:0510,154.7,197.85,10.98,12.23,1.31,0.0
20230930:0610,392.92,467.67,19.67,15.83,0.9,0.0
20230930:0710,559.84,678.59,27.21,18.48,1.03,0.0
20230930:0810,675.05,842.76,32.97,20.94,1.17,0.0
20230930:0910,729.17,923.18,36.27,22.9,1.59,0.0
20230930:1010,689.25,865.47,36.6,24.09,2.07,0.0
20230930:1110,608.52,757.48,33.89,24.6,2.0,0.0
20230930:1210,429.63,527.3,28.6,24.76,1.79,0.0
20230930:1310,386.84,476.18,21.38,24.65,1.59,0.0
20230930:1410,191.47,249.5,12.89,24.28,1.31,0.0
20230930:1510,11.69,29.5,3.67,23.09,1.59,0.0
20230930:1610,0.0,0.0,0.0,21.14,2.07,0.0
20230930:1710,0.0,0.0,0.0,19.35,2.14,0.0
20230930:1810,0.0,0.0,0.0,18.09,2.28,0.0
20230930:1910,0.0,0.0,0.0,17.08,2.41,0.0
20230930:2010,0.0,0.0,0.0,16.45,2.34,0.0
20230930:2110,0.0,0.0,0.0,16.04,2.28,0.0
20230930:2210,0.0,0.0,0.0,15.75,2.21,0.0
20230930:2310,0.0,0.0,0.0,15.39,2.14,0.0
20231001:0010,0.0,0.0,0.0,15.22,2.0,0.0
20231001:0110,0.0,0.0,0.0,15.02,1.86,0.0
20231001:0210,0.0,0.0,0.0,14.71,1.93,0.0
20231001:0310,0.0,0.0,0.0,14.8,2.28,0.0
20231001:0410,0.0,0.83,1.41,14.6,2.76,0.0
20231001:0510,86.11,117.4,10.72,15.02,2.97,0.0
20231001:0610,128.26,161.73,19.39,15.99,4.14,0.0
20231001:0710,112.4,144.68,26.9,16.65,4.62,0.0
20231001:0810,29.06,48.41,32.62,17.25,4.48,0.0
20231001:0910,69.14,95.93,35.89,16.99,4.41,0.0
20231001:1010,81.8,110.27,36.2,16.67,4.48,0.0
20231001:1110,437.84,507.59,33.5,16.29,4.28,0.0
20231001:1210,376.14,437.49,28.21,16.54,4.0,0.0
20231001:1310,277.38,328.04,21.01,17.0,3.72,0.0
20231001:1410,215.85,269.13,12.53,17.2,3.31,0.0
20231001:1510,5.34,16.98,3.31,16.92,2.62,0.0
20231001:1610,0.0,0.0,0.0,16.33,2.48,0.0
20231001:1710,0.0,0.0,0.0,15.8,2.41,0.0
20231001:1810,0.0,0.0,0.0,15.4,2.28,0.0
20231001:1910,0.0,0.0,0.0,14.66,2.28,0.0
20231001:2010,0.0,0.0,0.0,14.45,2.34,0.0
20231001:2110,0.0,0.0,0.0,14.18,2.55,0.0
20231001:2210,0.0,0.0,0.0,14.21,2.69,0.0
20231001:2310,0.0,0.0,0.0,13.8,2.62,0.0
20231002:0010,0.0,0.0,0.0,13.23,2.69,0.0
20231002:0110,0.0,0.0,0.0,12.89,2.83,0.0
20231002:0210,0.0,0.0,0.0,12.43,2.97,0.0
20231002:0310,0.0,0.0,0.0,12.16,3.03,0.0
20231002:0410,0.0,0.0,0.0,12.01,3.03,0.0
20231002:0510,58.48,83.27,10.46,12.21,2.9,0.0
20231002:0610,317.84,368.3,19.11,13.19,3.52,0.0
20231002:0710,417.08,476.05,26.58,13.59,4.62,0.0
20231002:0810,513.93,588.39,32.28,14.01,4.55,0.0
20231002:0910,343.44,397.65,35.52,15.02,4.9,0.0
20231002:1010,601.18,695.94,35.81,15.91,5.03,0.0
20231002:1110,572.81,663.59,33.1,16.56,5.03,0.0
20231002:1210,434.02,502.56,27.83,16.97,4.9,0.0
20231002:1310,368.46,429.37,20.63,16.78,4.55,0.0
20231002:1410,202.18,251.82,12.17,16.58,4.21,0.0
20231002:1510,6.66,20.15,2.96,16.1,3.38,0.0
20231002:1610,0.0,0.0,0.0,15.21,2.69,0.0
20231002:1710,0.0,0.0,0.0,14.59,2.41,0.0
20231002:1810,0.0,0.0,0.0,13.86,2.21,0.0
20231002:1910,0.0,0.0,0.0,13.27,2.21,0.0
20231002:2010,0.0,0.0,0.0,12.91,2.0,0.0
20231002:2110,0.0,0.0,0.0,12.63,1.79,0.0
20231002:2210,0.0,0.0,0.0,12.26,1.66,0.0
20231002:2310,0.0,0.0,0.0,11.52,1.45,0.0
20231003:0010,0.0,0.0,0.0,11.1,1.31,0.0
20231003:0110,0.0,0.0,0.0,10.88,1.45,0.0
20231003:0210,0.0,0.0,0.0,10.85,1.52,0.0
20231003:0310,0.0,0.0,0.0,10.87,1.45,0.0
20231003:0410,0.0,0.0,0.0,10.46,1.45,0.0
20231003:0510,46.76,68.97,10.2,10.87,1.31,0.0
20231003:0610,352.24,410.87,18.82,12.61,1.38,0.0
20231003:0710,555.16,647.24,26.27,12.77,1.66,0.0
20231003:0810,642.12,762.73,31.93,14.64,1.79,0.0
20231003:0910,729.41,882.98,35.14,16.06,1.93,0.0
20231003:1010,455.16,538.3,35.42,17.32,2.14,0.0
20231003:1110,640.1,769.63,32.71,18.01,2.21,0.0
20231003:1210,542.6,645.73,27.44,18.52,2.34,0.0
20231003:1310,406.53,483.53,20.26,19.36,2.69,0.0
20231003:1410,183.07,233.85,11.81,19.28,2.07,0.0
20231003:1510,3.38,13.98,2.61,18.57,2.34,0.0
20231003:1610,0.0,0.0,0.0,17.2,2.76,0.0
20231003:1710,0.0,0.0,0.0,16.14,3.03,0.0
20231003:1810,0.0,0.0,0.0,15.45,3.17,0.0
20231003:1910,0.0,0.0,0.0,14.24,2.97,0.0
20231003:2010,0.0,0.0,0.0,13.72,3.03,0.0
20231003:2110,0.0,0.0,0.0,13.4,3.17,0.0
20231003:2210,0.0,0.0,0.0,13.17,3.24,0.0
20231003:2310,0.0,0.0,0.0,12.99,3.45,0.0
20231004:0010,0.0,0.0,0.0,12.87,3.52,0.0
20231004:0110,0.0,0.0,0.0,12.76,3.59,0.0
20231004:0210,0.0,0.0,0.0,12.63,3.66,0.0
20231004:0310,0.0,0.0,0.0,12.6,3.86,0.0
20231004:0410,0.0,0.0,0.0,12.54,3.93,0.0
20231004:0510,131.1,169.67,9.94,13.0,4.07,0.0
20231004:0610,132.55,165.47,18.54,14.54,3.79,0.0
20231004:0710,230.55,273.98,25.96,16.18,4.55,0.0
20231004:0810,559.08,653.25,31.59,18.16,4.69,0.0
20231004:0910,89.37,120.13,34.77,19.27,4.76,0.0
20231004:1010,136.97,174.1,35.02,19.12,4.62,0.0
20231004:1110,236.17,284.74,32.31,18.66,3.59,0.0
20231004:1210,274.14,326.94,27.06,18.89,3.59,0.0
20231004:1310,92.38,123.51,19.9,19.18,3.52,0.0
20231004:1410,65.37,93.31,11.46,19.13,3.31,0.0
20231004:1510,0.0,1.65,2.26,18.0,2.76,0.0
20231004:1610,0.0,0.0,0.0,16.72,2.48,0.0
20231004:1710,0.0,0.0,0.0,15.63,2.48,0.0
20231004:1810,0.0,0.0,0.0,14.86,2.62,0.0
20231004:1910,0.0,0.0,0.0,14.28,2.76,0.0
20231004:2010,0.0,0.0,0.0,13.54,2.62,0.0
20231004:2110,0.0,0.0,0.0,12.93,2.83,0.0
20231004:2210,0.0,0.0,0.0,12.67,2.9,0.0
20231004:2310,0.0,0.0,0.0,12.24,2.76,0.0
20231005:0010,0.0,0.0,0.0,11.92,2.83,0.0
20231005:0110,0.0,0.0,0.0,11.65,2.9,0.0
20231005:0210,0.0,0.0,0.0,11.35,2.9,0.0
20231005:0310,0.0,0.0,0.0,11.1,2.83,0.0
20231005:0410,0.0,0.0,0.0,10.68,2.83,0.0
20231005:0510,149.86,190.68,9.68,10.86,2.76,0.0
20231005:0610,406.76,468.42,18.26,12.31,2.9,0.0
20231005:0710,550.04,630.93,25.65,13.36,3.66,0.0
20231005:0810,543.2,627.54,31.24,14.79,3.79,0.0
20231005:0910,551.08,641.53,34.39,15.79,3.66,0.0
20231005:1010,343.77,402.31,34.63,16.43,3.66,0.0
20231005:1110,527.72,616.49,31.92,16.93,3.66,0.0
20231005:1210,216.08,259.89,26.68,17.06,3.52,0.0
20231005:1310,408.23,478.26,19.53,17.14,3.45,0.0
20231005:1410,182.89,230.96,11.1,16.94,3.17,0.0
20231005:1510,0.0,0.83,1.92,15.99,2.48,0.0
20231005:1610,0.0,0.0,0.0,14.73,2.48,0.0
20231005:1710,0.0,0.0,0.0,13.95,2.69,0.0
20231005:1810,0.0,0.0,0.0,13.66,2.97,0.0
20231005:1910,0.0,0.0,0.0,13.03,3.17,0.0
20231005:2010,0.0,0.0,0.0,13.3,3.45,0.0
20231005:2110,0.0,0.0,0.0,13.69,3.72,0.0
20231005:2210,0.0,0.0,0.0,13.86,3.86,0.0
20231005:2310,0.0,0.0,0.0,14.02,4.0,0.0
20231006:0010,0.0,0.0,0.0,14.12,4.21,0.0
20231006:0110,0.0,0.0,0.0,13.99,4.34,0.0
20231006:0210,0.0,0.0,0.0,13.3,4.48,0.0
20231006:0310,0.0,0.0,0.0,12.89,4.83,0.0
20231006:0410,0.0,0.0,0.0,12.48,5.31,0.0
20231006:0510,180.29,226.89,9.41,12.0,5.17,0.0
20231006:0610,316.4,362.79,17.97,12.25,5.38,0.0
20231006:0710,482.2,545.16,25.34,13.0,5.79,0.0
20231006:0810,612.59,696.3,30.9,13.64,6.07,0.0
20231006:0910,733.43,841.47,34.02,14.36,6.48,0.0
20231006:1010,755.43,870.27,34.24,14.86,6.48,0.0
20231006:1110,691.47,794.01,31.53,15.15,6.34,0.0
20231006:1210,522.26,595.45,26.3,15.06,6.14,0.0
20231006:1310,402.13,461.42,19.16,14.83,5.86,0.0
20231006:1410,178.84,223.0,10.75,14.43,5.17,0.0
20231006:1510,0.0,4.13,1.57,13.66,3.86,0.0
20231006:1610,0.0,0.0,0.0,12.6,3.38,0.0
20231006:1710,0.0,0.0,0.0,11.8,2.97,0.0
20231006:1810,0.0,0.0,0.0,10.98,2.55,0.0
20231006:1910,0.0,0.0,0.0,10.08,2.48,0.0
20231006:2010,0.0,0.0,0.0,9.42,2.34,0.0
20231006:2110,0.0,0.0,0.0,8.92,2.28,0.0
20231006:2210,0.0,0.0,0.0,8.54,2.28,0.0
20231006:2310,0.0,0.0,0.0,8.39,2.62,0.0
20231007:0010,0.0,0.0,0.0,8.61,2.97,0.0
20231007:0110,0.0,0.0,0.0,9.05,3.38,0.0
20231007:0210,0.0,0.0,0.0,9.38,3.72,0.0
20231007:0310,0.0,0.0,0.0,9.86,4.07,0.0
20231007:0410,0.0,0.0,0.0,10.37,4.69,0.0
20231007:0510,6.76,17.93,9.15,10.95,5.1,0.0
20231007:0610,8.55,20.62,17.69,11.38,5.24,0.0
20231007:0710,42.19,62.76,25.02,10.75,6.55,0.0
20231007:0810,42.92,63.65,30.55,10.94,6.55,0.0
20231007:0910,59.23,82.48,33.65,11.38,6.34,0.0
20231007:1010,100.13,128.2,33.85,11.84,6.21,0.0
20231007:1110,60.54,84.27,31.14,12.29,6.14,0.0
20231007:1210,68.94,94.14,25.92,13.28,6.34,0.0
20231007:1310,187.52,224.62,18.8,14.88,6.83,0.0
20231007:1410,23.54,41.24,10.4,16.13,7.03,0.0
20231007:1510,0.0,0.83,1.23,16.68,7.17,0.0
20231007:1610,0.0,0.0,0.0,16.9,7.17,0.0
20231007:1710,0.0,0.0,0.0,16.88,7.17,0.0
20231007:1810,0.0,0.0,0.0,16.53,6.83,0.0
20231007:1910,0.0,0.0,0.0,15.77,6.0,0.0
20231007:2010,0.0,0.0,0.0,15.29,5.86,0.0
20231007:2110,0.0,0.0,0.0,14.7,5.72,0.0
20231007:2210,0.0,0.0,0.0,13.89,5.24,0.0
20231007:2310,0.0,0.0,0.0,12.89,4.9,0.0
20231008:0010,0.0,0.0,0.0,11.81,4.55,0.0
20231008:0110,0.0,0.0,0.0,11.07,4.41,0.0
20231008:0210,0.0,0.0,0.0,10.49,4.34,0.0
20231008:0310,0.0,0.0,0.0,10.07,4.41,0.0
20231008:0410,0.0,0.0,0.0,9.73,4.55,0.0
20231008:0510,4.52,14.34,8.89,9.46,4.55,0.0
20231008:0610,68.58,92.32,17.4,9.48,4.83,0.0
20231008:0710,82.38,107.58,24.71,9.53,6.07,0.0
20231008:0810,354.96,398.18,30.21,9.84,6.48,0.0
20231008:0910,365.99,411.37,33.27,10.42,6.76,0.0
20231008:1010,389.5,437.98,33.47,11.03,6.76,0.0
20231008:1110,653.73,735.08,30.76,11.75,6.76,0.0
20231008:1210,480.02,537.79,25.54,11.93,6.9,0.0
20231008:1310,335.23,380.14,18.44,11.75,7.24,0.0
20231008:1410,89.59,118.29,10.05,11.18,7.17,0.0
20231008:1510,0.0,0.0,0.0,10.38,6.62,0.0
20231008:1610,0.0,0.0,0.0,9.55,6.62,0.0
20231008:1710,0.0,0.0,0.0,8.98,6.9,0.0
20231008:1810,0.0,0.0,0.0,8.39,6.62,0.0
20231008:1910,0.0,0.0,0.0,7.46,6.83,0.0
20231008:2010,0.0,0.0,0.0,6.8,6.76,0.0
20231008:2110,0.0,0.0,0.0,6.5,6.69,0.0
20231008:2210,0.0,0.0,0.0,6.25,6.83,0.0
20231008:2310,0.0,0.0,0.0,5.79,6.69,0.0
20231009:0010,0.0,0.0,0.0,5.47,6.41,0.0
20231009:0110,0.0,0.0,0.0,5.44,6.28,0.0
20231009:0210,0.0,0.0,0.0,5.66,6.07,0.0
20231009:0310,0.0,0.0,0.0,5.83,6.14,0.0
20231009:0410,0.0,0.0,0.0,5.8,6.0,0.0
20231009:0510,188.0,229.66,8.62,5.68,5.59,0.0
20231009:0610,358.14,396.36,17.12,6.01,6.34,0.0
20231009:0710,641.22,699.86,24.39,6.47,7.31,0.0
20231009:0810,757.56,837.72,29.86,7.48,6.97,0.0
20231009:0910,802.72,897.33,32.9,8.44,6.69,0.0
20231009:1010,810.8,911.82,33.08,9.32,6.55,0.0
20231009:1110,646.24,722.46,30.37,10.14,6.34,0.0
20231009:1210,333.19,375.95,25.17,10.45,5.79,0.0
20231009:1310,76.4,101.34,18.08,10.44,5.24,0.0
20231009:1410,50.97,73.46,9.7,10.22,4.34,0.0
20231009:1510,0.0,0.0,0.0,9.71,3.38,0.0
20231009:1610,0.0,0.0,0.0,9.13,2.83,0.0
20231009:1710,0.0,0.0,0.0,8.3,2.41,0.0
20231009:1810,0.0,0.0,0.0,7.5,2.34,0.0
20231009:1910,0.0,0.0,0.0,5.93,2.62,0.0
20231009:2010,0.0,0.0,0.0,5.39,2.76,0.0
20231009:2110,0.0,0.0,0.0,5.04,2.76,0.0
20231009:2210,0.0,0.0,0.0,4.71,2.76,0.0
20231009:2310,0.0,0.0,0.0,4.42,2.62,0.0
20231010:0010,0.0,0.0,0.0,4.18,2.83,0.0
20231010:0110,0.0,0.0,0.0,4.17,3.03,0.0
20231010:0210,0.0,0.0,0.0,4.29,2.97,0.0
20231010:0310,0.0,0.0,0.0,4.3,2.97,0.0
20231010:0410,0.0,0.0,0.0,4.28,2.97,0.0
20231010:0510,124.48,156.88,8.35,4.48,2.9,0.0
20231010:0610,207.56,238.45,16.83,5.57,3.31,0.0
20231010:0710,633.98,704.21,24.08,6.17,3.86,0.0
20231010:0810,754.2,846.04,29.52,7.65,4.83,0.0
20231010:0910,717.9,806.34,32.53,8.54,5.1,0.0
20231010:1010,419.43,469.04,32.7,9.12,5.03,0.0
20231010:1110,162.57,194.33,29.99,9.76,5.31,0.0
20231010:1210,91.21,117.44,24.79,9.75,5.24,0.0
20231010:1310,197.73,231.14,17.72,9.68,4.97,0.0
20231010:1410,94.8,123.86,9.36,9.35,4.34,0.0
20231010:1510,0.0,0.0,0.0,8.53,3.17,0.0
20231010:1610,0.0,0.0,0.0,7.37,2.41,0.0
20231010:1710,0.0,0.0,0.0,6.66,2.0,0.0
20231010:1810,0.0,0.0,0.0,5.57,1.79,0.0
20231010:1910,0.0,0.0,0.0,4.39,1.86,0.0
20231010:2010,0.0,0.0,0.0,3.63,1.45,0.0
20231010:2110,0.0,0.0,0.0,5.06,0.9,0.0
20231010:2210,0.0,0.0,0.0,4.12,1.03,0.0
20231010:2310,0.0,0.0,0.0,3.6,1.1,0.0
20231011:0010,0.0,0.0,0.0,3.13,1.1,0.0
20231011:0110,0.0,0.0,0.0,2.52,1.31,0.0
20231011:0210,0.0,0.0,0.0,3.36,1.38,0.0
20231011:0310,0.0,0.0,0.0,4.09,1.59,0.0
20231011:0410,0.0,0.0,0.0,4.37,1.86,0.0
20231011:0510,167.23,206.7,8.09,4.67,2.07,0.0
20231011:0610,424.77,476.88,16.54,6.05,2.28,0.0
20231011:0710,608.28,684.16,23.76,6.65,2.48,0.0
20231011:0810,731.6,836.48,29.17,8.53,3.03,0.0
20231011:0910,780.78,898.16,32.16,9.99,3.79,0.0
20231011:1010,778.11,894.79,32.31,10.9,4.28,0.0
20231011:1110,467.18,527.78,29.61,11.54,4.62,0.0
20231011:1210,500.73,566.14,24.42,12.13,4.76,0.0
20231011:1310,383.4,437.17,17.36,12.39,4.83,0.0
20231011:1410,215.98,266.0,9.01,11.97,4.14,0.0
20231011:1510,0.0,0.0,0.0,11.01,3.93,0.0
20231011:1610,0.0,0.0,0.0,10.45,4.14,0.0
20231011:1710,0.0,0.0,0.0,10.51,4.55,0.0
20231011:1810,0.0,0.0,0.0,10.68,4.83,0.0
20231011:1910,0.0,0.0,0.0,11.0,4.83,0.0
20231011:2010,0.0,0.0,0.0,11.12,4.97,0.0
20231011:2110,0.0,0.0,0.0,11.29,5.03,0.0
20231011:2210,0.0,0.0,0.0,11.52,5.1,0.0
20231011:2310,0.0,0.0,0.0,11.51,5.17,0.0
20231012:0010,0.0,0.0,0.0,11.33,5.24,0.0
20231012:0110,0.0,0.0,0.0,10.96,5.17,0.0
20231012:0210,0.0,0.0,0.0,10.69,4.97,0.0
20231012:0310,0.0,0.0,0.0,10.48,4.9,0.0
20231012:0410,0.0,0.0,0.0,10.29,4.97,0.0
20231012:0510,40.07,61.28,7.82,10.38,5.17,0.0
20231012:0610,293.4,336.67,16.25,11.38,4.76,0.0
20231012:0710,542.48,614.44,23.45,12.94,5.17,0.0
20231012:0810,671.1,771.45,28.83,14.85,5.45,0.0
20231012:0910,724.51,844.2,31.79,16.86,5.72,0.0
20231012:1010,632.36,737.57,31.93,18.42,5.86,0.0
20231012:1110,516.86,602.19,29.23,19.3,5.86,0.0
20231012:1210,465.29,543.03,24.06,19.93,5.86,0.0
20231012:1310,144.64,182.24,17.01,19.9,5.24,0.0
20231012:1410,55.02,81.62,8.67,19.4,5.1,0.0
20231012:1510,0.0,0.0,0.0,18.35,4.97,0.0
20231012:1610,0.0,0.0,0.0,17.56,4.9,0.0
20231012:1710,0.0,0.0,0.0,16.95,4.83,0.0
20231012:1810,0.0,0.0,0.0,16.39,4.62,0.0
20231012:1910,0.0,0.0,0.0,16.42,4.48,0.0
20231012:2010,0.0,0.0,0.0,16.29,4.28,0.0
20231012:2110,0.0,0.0,0.0,16.12,3.93,0.0
20231012:2210,0.0,0.0,0.0,15.23,3.52,0.0
20231012:2310,0.0,0.0,0.0,14.54,3.03,0.0
20231013:0010,0.0,0.0,0.0,14.03,2.69,0.0
20231013:0110,0.0,0.0,0.0,13.94,2.55,0.0
20231013:0210,0.0,0.0,0.0,13.75,2.48,0.0
20231013:0310,0.0,0.0,0.0,13.5,2.34,0.0
20231013:0410,0.0,0.0,0.0,13.29,2.34,0.0
20231013:0510,12.24,26.0,7.55,13.11,2.34,0.0
20231013:0610,145.78,179.48,15.97,13.35,2.21,0.0
20231013:0710,352.41,408.03,23.14,14.0,2.48,0.0
20231013:0810,87.31,115.65,28.48,14.43,2.83,0.0
20231013:0910,233.26,276.79,31.43,14.57,2.97,0.0
20231013:1010,483.65,561.64,31.55,14.85,2.83,0.0
20231013:1110,597.86,702.22,28.85,15.21,2.48,0.0
20231013:1210,454.6,530.23,23.69,15.41,2.21,0.0
20231013:1310,223.1,266.99,16.66,15.41,2.0,0.0
20231013:1410,139.45,181.23,8.34,15.23,1.59,0.0
20231013:1510,0.0,0.0,0.0,14.6,0.76,0.0
20231013:1610,0.0,0.0,0.0,13.99,0.41,0.0
20231013:1710,0.0,0.0,0.0,11.1,1.66,0.0
20231013:1810,0.0,0.0,0.0,9.69,1.86,0.0
20231013:1910,0.0,0.0,0.0,8.92,2.14,0.0
20231013:2010,0.0,0.0,0.0,8.14,2.14,0.0
20231013:2110,0.0,0.0,0.0,8.31,2.28,0.0
20231013:2210,0.0,0.0,0.0,8.85,2.55,0.0
20231013:2310,0.0,0.0,0.0,9.44,2.69,0.0
20231014:0010,0.0,0.0,0.0,9.98,2.69,0.0
20231014:0110,0.0,0.0,0.0,10.13,2.83,0.0
20231014:0210,0.0,0.0,0.0,10.23,3.03,0.0
20231014:0310,0.0,0.0,0.0,10.55,3.24,0.0
20231014:0410,0.0,0.0,0.0,10.74,3.38,0.0
20231014:0510,136.77,176.58,7.29,11.23,3.59,0.0
20231014:0610,371.34,427.2,15.68,12.81,3.66,0.0
20231014:0710,557.28,639.29,22.82,14.09,4.0,0.0
20231014:0810,676.53,787.65,28.14,16.22,4.62,0.0
20231014:0910,577.3,673.77,31.06,18.07,4.9,0.0
20231014:1010,716.55,849.96,31.18,19.55,5.03,0.0
20231014:1110,495.1,582.07,28.48,20.56,5.1,0.0
20231014:1210,393.7,464.34,23.33,21.1,5.03,0.0
20231014:1310,108.78,142.84,16.31,21.16,4.83,0.0
20231014:1410,44.22,68.78,8.0,20.46,4.41,0.0
20231014:1510,0.0,0.0,0.0,19.22,4.48,0.0
20231014:1610,0.0,0.0,0.0,18.19,4.48,0.0
20231014:1710,0.0,0.0,0.0,17.58,4.55,0.0
20231014:1810,0.0,0.0,0.0,17.25,4.62,0.0
20231014:1910,0.0,0.0,0.0,17.05,4.34,0.0
20231014:2010,0.0,0.0,0.0,16.72,4.48,0.0
20231014:2110,0.0,0.0,0.0,16.39,4.55,0.0
20231014:2210,0.0,0.0,0.0,15.94,4.55,0.0
20231014:2310,0.0,0.0,0.0,15.53,4.41,0.0
20231015:0010,0.0,0.0,0.0,15.29,4.21,0.0
20231015:0110,0.0,0.0,0.0,14.85,4.0,0.0
20231015:0210,0.0,0.0,0.0,14.41,3.79,0.0
20231015:0310,0.0,0.0,0.0,13.96,3.66,0.0
20231015:0410,0.0,0.0,0.0,13.47,3.52,0.0
20231015:0510,84.87,116.62,7.02,13.19,3.24,0.0
20231015:0610,277.95,326.16,15.39,14.21,2.69,0.0
20231015:0710,81.05,108.96,22.51,15.45,2.97,0.0
20231015:0810,54.65,78.89,27.8,16.13,3.45,0.0
20231015:0910,47.02,69.93,30.7,16.09,3.17,0.0
20231015:1010,22.18,39.45,30.8,15.49,2.97,0.0
20231015:1110,25.76,43.93,28.1,15.13,3.17,0.0
20231015:1210,14.09,28.69,22.97,14.61,3.1,0.0
20231015:1310,29.52,48.41,15.97,14.0,2.62,0.0
20231015:1410,12.21,26.0,7.67,13.52,2.21,0.0
20231015:1510,0.0,0.0,0.0,12.65,2.28,0.0
20231015:1610,0.0,0.0,0.0,12.15,2.34,0.0
20231015:1710,0.0,0.0,0.0,11.77,2.28,0.0
20231015:1810,0.0,0.0,0.0,11.43,2.9,0.0
20231015:1910,0.0,0.0,0.0,10.49,3.52,0.0
20231015:2010,0.0,0.0,0.0,9.76,3.52,0.0
20231015:2110,0.0,0.0,0.0,9.14,3.24,0.0
20231015:2210,0.0,0.0,0.0,8.77,2.9,0.0
20231015:2310,0.0,0.0,0.0,8.59,2.62,0.0
20231016:0010,0.0,0.0,0.0,8.5,2.62,0.0
20231016:0110,0.0,0.0,0.0,8.37,2.97,0.0
20231016:0210,0.0,0.0,0.0,8.05,3.1,0.0
20231016:0310,0.0,0.0,0.0,7.71,3.03,0.0
20231016:0410,0.0,0.0,0.0,7.36,3.1,0.0
20231016:0510,4.59,14.34,6.75,7.08,3.38,0.0
20231016:0610,65.83,88.41,15.1,7.02,3.79,0.0
20231016:0710,189.76,220.01,22.19,6.91,4.28,0.0
20231016:0810,359.83,400.66,27.46,7.44,4.62,0.0
20231016:0910,696.41,778.21,30.33,8.66,5.59,0.0
20231016:1010,101.33,128.2,30.43,9.3,5.79,0.0
20231016:1110,67.76,91.45,27.73,9.58,5.79,0.0
20231016:1210,43.18,63.65,22.61,9.72,6.28,0.0
20231016:1310,15.18,29.59,15.63,9.6,6.21,0.0
20231016:1410,13.19,26.9,7.35,9.1,4.76,0.0
20231016:1510,0.0,0.0,0.0,8.61,5.1,0.0
20231016:1610,0.0,0.0,0.0,8.5,4.76,0.0
20231016:1710,0.0,0.0,0.0,8.46,4.83,0.0
20231016:1810,0.0,0.0,0.0,8.19,4.76,0.0
20231016:1910,0.0,0.0,0.0,6.93,4.83,0.0
20231016:2010,0.0,0.0,0.0,6.65,4.69,0.0
20231016:2110,0.0,0.0,0.0,6.35,4.62,0.0
20231016:2210,0.0,0.0,0.0,6.03,4.55,0.0
20231016:2310,0.0,0.0,0.0,5.89,4.41,0.0
20231017:0010,0.0,0.0,0.0,5.84,4.34,0.0
20231017:0110,0.0,0.0,0.0,5.73,4.28,0.0
20231017:0210,0.0,0.0,0.0,5.57,4.28,0.0
20231017:0310,0.0,0.0,0.0,5.34,4.21,0.0
20231017:0410,0.0,0.0,0.0,5.13,4.21,0.0
20231017:0510,53.86,76.77,6.48,5.21,4.07,0.0
20231017:0610,363.34,403.69,14.81,5.81,4.55,0.0
20231017:0710,269.68,302.92,21.88,6.47,4.69,0.0
20231017:0810,364.75,404.3,27.12,7.01,5.31,0.0
20231017:0910,721.61,805.71,29.97,7.82,5.38,0.0
20231017:1010,713.17,800.71,30.06,8.77,5.17,0.0
20231017:1110,393.79,440.53,27.37,9.5,5.17,0.0
20231017:1210,441.37,493.32,22.26,10.06,5.17,0.0
20231017:1310,234.76,271.22,15.29,10.01,4.62,0.0
20231017:1410,94.83,125.63,7.02,9.69,3.79,0.0
20231017:1510,0.0,0.0,0.0,9.09,3.1,0.0
20231017:1610,0.0,0.0,0.0,8.54,2.69,0.0
20231017:1710,0.0,0.0,0.0,7.62,2.55,0.0
20231017:1810,0.0,0.0,0.0,6.73,2.55,0.0
20231017:1910,0.0,0.0,0.0,5.42,2.69,0.0
20231017:2010,0.0,0.0,0.0,5.03,2.69,0.0
20231017:2110,0.0,0.0,0.0,4.66,2.76,0.0
20231017:2210,0.0,0.0,0.0,4.38,2.76,0.0
20231017:2310,0.0,0.0,0.0,4.11,2.76,0.0
20231018:0010,0.0,0.0,0.0,3.86,2.76,0.0
20231018:0110,0.0,0.0,0.0,3.63,2.69,0.0
20231018:0210,0.0,0.0,0.0,3.43,2.69,0.0
20231018:0310,0.0,0.0,0.0,3.31,2.69,0.0
20231018:0410,0.0,0.0,0.0,3.28,2.62,0.0
20231018:0510,10.24,22.41,6.21,3.53,2.55,0.0
20231018:0610,283.01,318.63,14.53,4.96,2.48,0.0
20231018:0710,582.79,647.48,21.57,5.5,2.97,0.0
20231018:0810,573.38,639.7,26.78,6.85,3.31,0.0
20231018:0910,669.52,755.97,29.61,8.0,3.52,0.0
20231018:1010,32.55,51.1,29.69,9.05,3.86,0.0
20231018:1110,38.55,58.27,27.0,9.64,5.1,0.0
20231018:1210,13.81,27.79,21.91,9.8,5.03,0.0
20231018:1310,35.46,54.69,14.95,9.78,4.41,0.0
20231018:1410,0.26,6.28,6.7,9.43,3.38,0.0
20231018:1510,0.0,0.0,0.0,9.07,2.97,0.0
20231018:1610,0.0,0.0,0.0,8.48,2.83,0.0
20231018:1710,0.0,0.0,0.0,7.85,2.83,0.0
20231018:1810,0.0,0.0,0.0,7.42,2.97,0.0
20231018:1910,0.0,0.0,0.0,7.2,2.41,0.0
20231018:2010,0.0,0.0,0.0,7.0,2.55,0.0
20231018:2110,0.0,0.0,0.0,6.99,2.69,0.0
20231018:2210,0.0,0.0,0.0,6.8,2.9,0.0
20231018:2310,0.0,0.0,0.0,6.52,2.9,0.0
20231019:0010,0.0,0.0,0.0,6.31,2.76,0.0
20231019:0110,0.0,0.0,0.0,6.15,2.69,0.0
20231019:0210,0.0,0.0,0.0,6.29,2.62,0.0
20231019:0310,0.0,0.0,0.0,6.26,2.55,0.0
20231019:0410,0.0,0.0,0.0,6.3,2.48,0.0
20231019:0510,25.85,43.28,5.95,6.12,2.41,0.0
20231019:0610,40.59,60.07,14.24,6.75,2.28,0.0
20231019:0710,104.71,130.83,21.25,7.06,2.76,0.0
20231019:0810,431.73,485.26,26.44,8.08,2.48,0.0
20231019:0910,585.46,668.35,29.25,9.38,2.34,0.0
20231019:1010,525.21,600.21,29.32,10.61,2.41,0.0
20231019:1110,440.89,503.62,26.64,11.13,2.28,0.0
20231019:1210,327.95,376.39,21.56,11.45,2.21,0.0
20231019:1310,196.87,233.49,14.62,11.41,2.14,0.0
20231019:1410,30.91,50.34,6.38,10.81,1.79,0.0
20231019:1510,0.0,0.0,0.0,9.56,2.28,0.0
20231019:1610,0.0,0.0,0.0,8.71,2.55,0.0
20231019:1710,0.0,0.0,0.0,8.34,2.62,0.0
20231019:1810,0.0,0.0,0.0,8.29,2.62,0.0
20231019:1910,0.0,0.0,0.0,8.13,2.69,0.0
20231019:2010,0.0,0.0,0.0,8.28,2.55,0.0
20231019:2110,0.0,0.0,0.0,8.24,2.41,0.0
20231019:2210,0.0,0.0,0.0,8.24,2.34,0.0
20231019:2310,0.0,0.0,0.0,8.29,2.21,0.0
20231020:0010,0.0,0.0,0.0,8.74,2.28,0.0
20231020:0110,0.0,0.0,0.0,9.04,2.28,0.0
20231020:0210,0.0,0.0,0.0,9.31,2.34,0.0
20231020:0310,0.0,0.0,0.0,9.5,2.48,0.0
20231020:0410,0.0,0.0,0.0,9.61,2.48,0.0
20231020:0510,8.02,19.72,5.68,9.69,2.41,0.0
20231020:0610,146.42,177.36,13.95,9.85,2.21,0.0
20231020:0710,35.32,54.69,20.94,10.24,2.14,0.0
20231020:0810,38.27,58.27,26.1,10.71,2.34,0.0
20231020:0910,35.97,55.58,28.9,10.87,2.41,0.0
20231020:1010,60.58,84.27,28.96,11.47,2.28,0.0
20231020:1110,42.56,63.65,26.28,12.0,2.0,0.0
20231020:1210,47.8,69.93,21.22,12.47,1.66,0.0
20231020:1310,19.66,35.86,14.29,12.78,1.24,0.0
20231020:1410,0.61,7.17,6.07,12.89,1.31,0.0
20231020:1510,0.0,0.0,0.0,12.69,1.59,0.0
20231020:1610,0.0,0.0,0.0,12.55,1.52,0.0
20231020:1710,0.0,0.0,0.0,12.44,1.45,0.0
20231020:1810,0.0,0.0,0.0,12.38,1.52,0.0
20231020:1910,0.0,0.0,0.0,11.98,1.66,0.0
20231020:2010,0.0,0.0,0.0,12.22,1.59,0.0
20231020:2110,0.0,0.0,0.0,12.14,1.66,0.0
20231020:2210,0.0,0.0,0.0,12.18,1.72,0.0
20231020:2310,0.0,0.0,0.0,12.22,1.66,0.0
20231021:0010,0.0,0.0,0.0,12.39,1.59,0.0
20231021:0110,0.0,0.0,0.0,12.42,1.52,0.0
20231021:0210,0.0,0.0,0.0,12.56,1.45,0.0
20231021:0310,0.0,0.0,0.0,12.3,1.72,0.0
20231021:0410,0.0,0.0,0.0,11.78,1.31,0.0
20231021:0510,0.0,4.48,5.41,12.21,0.76,0.0
20231021:0610,5.0,15.24,13.66,11.97,1.24,0.0
20231021:0710,52.62,75.31,20.63,12.01,2.62,0.0
20231021:0810,80.02,106.69,25.77,12.7,2.62,0.0
20231021:0910,42.27,63.65,28.55,13.57,2.9,0.0
20231021:1010,55.96,79.79,28.6,14.15,3.31,0.0
20231021:1110,44.44,66.34,25.93,14.16,3.52,0.0
20231021:1210,16.82,32.27,20.87,14.03,3.66,0.0
20231021:1310,8.45,20.62,13.97,13.52,3.66,0.0
20231021:1410,1.44,8.97,5.76,12.71,3.24,0.0
20231021:1510,0.0,0.0,0.0,11.71,3.24,0.0
20231021:1610,0.0,0.0,0.0,11.21,3.38,0.0
20231021:1710,0.0,0.0,0.0,10.7,3.31,0.0
20231021:1810,0.0,0.0,0.0,10.5,3.45,0.0
20231021:1910,0.0,0.0,0.0,9.93,3.38,0.0
20231021:2010,0.0,0.0,0.0,9.72,3.45,0.0
20231021:2110,0.0,0.0,0.0,9.47,3.45,0.0
20231021:2210,0.0,0.0,0.0,9.34,3.45,0.0
20231021:2310,0.0,0.0,0.0,9.24,3.38,0.0
20231022:0010,0.0,0.0,0.0,9.39,3.17,0.0
20231022:0110,0.0,0.0,0.0,9.38,2.9,0.0
20231022:0210,0.0,0.0,0.0,9.33,2.83,0.0
20231022:0310,0.0,0.0,0.0,9.42,2.9,0.0
20231022:0410,0.0,0.0,0.0,9.33,3.03,0.0
20231022:0510,1.94,9.86,5.14,9.45,3.17,0.0
20231022:0610,112.25,140.5,13.38,10.4,3.1,0.0
20231022:0710,65.44,89.65,20.32,11.32,3.17,0.0
20231022:0810,83.41,110.27,25.44,12.48,3.52,0.0
20231022:0910,82.76,110.27,28.2,14.28,4.41,0.0
20231022:1010,71.05,97.72,28.24,16.07,4.76,0.0
20231022:1110,85.56,114.76,25.58,17.11,4.41,0.0
20231022:1210,91.96,122.16,20.54,17.94,4.41,0.0
20231022:1310,350.03,412.68,13.65,18.15,3.93,0.0
20231022:1410,112.77,153.4,5.45,17.58,3.59,0.0
20231022:1510,0.0,0.0,0.0,16.61,3.45,0.0
20231022:1610,0.0,0.0,0.0,16.58,3.45,0.0
20231022:1710,0.0,0.0,0.0,16.58,3.52,0.0
20231022:1810,0.0,0.0,0.0,16.64,3.72,0.0
20231022:1910,0.0,0.0,0.0,15.41,3.24,0.0
20231022:2010,0.0,0.0,0.0,15.09,3.24,0.0
20231022:2110,0.0,0.0,0.0,14.78,3.31,0.0
20231022:2210,0.0,0.0,0.0,14.37,3.31,0.0
20231022:2310,0.0,0.0,0.0,13.99,3.31,0.0
20231023:0010,0.0,0.0,0.0,13.7,3.45,0.0
20231023:0110,0.0,0.0,0.0,13.6,3.72,0.0
20231023:0210,0.0,0.0,0.0,13.6,4.14,0.0
20231023:0310,0.0,0.0,0.0,13.99,4.62,0.0
20231023:0410,0.0,0.0,0.0,14.11,5.1,0.0
20231023:0510,58.14,86.02,4.87,14.08,5.38,0.0
20231023:0610,348.63,401.14,13.09,13.91,5.52,0.0
20231023:0710,177.22,212.71,20.01,14.45,5.93,0.0
20231023:0810,246.06,287.19,25.1,14.95,7.72,0.0
20231023:0910,59.66,84.27,27.85,15.42,7.86,0.0
20231023:1010,69.66,95.93,27.89,15.97,7.79,0.0
20231023:1110,86.2,114.76,25.23,16.09,7.24,0.0
20231023:1210,32.93,52.89,20.2,15.9,6.48,0.0
20231023:1310,12.08,26.0,13.33,15.66,5.79,0.0
20231023:1410,76.75,108.49,5.15,14.98,5.31,0.0
20231023:1510,0.0,0.0,0.0,14.35,4.76,0.0
20231023:1610,0.0,0.0,0.0,13.91,4.48,0.0
20231023:1710,0.0,0.0,0.0,13.48,4.21,0.0
20231023:1810,0.0,0.0,0.0,13.04,4.0,0.0
20231023:1910,0.0,0.0,0.0,12.53,3.93,0.0
20231023:2010,0.0,0.0,0.0,12.11,3.59,0.0
20231023:2110,0.0,0.0,0.0,11.75,3.38,0.0
20231023:2210,0.0,0.0,0.0,11.22,3.17,0.0
20231023:2310,0.0,0.0,0.0,10.74,3.1,0.0
20231024:0010,0.0,0.0,0.0,10.39,3.1,0.0
20231024:0110,0.0,0.0,0.0,10.06,3.17,0.0
20231024:0210,0.0,0.0,0.0,9.65,3.1,0.0
20231024:0310,0.0,0.0,0.0,9.3,2.9,0.0
20231024:0410,0.0,0.0,0.0,8.82,2.62,0.0
20231024:0510,10.48,23.15,4.61,8.48,2.48,0.0
20231024:0610,328.97,376.03,12.8,9.23,2.28,0.0
20231024:0710,540.93,611.02,19.7,10.1,3.31,0.0
20231024:0810,651.68,742.5,24.77,11.6,4.14,0.0
20231024:0910,683.06,786.75,27.5,12.66,3.93,0.0
20231024:1010,455.56,521.35,27.54,13.51,3.72,0.0
20231024:1110,575.3,664.48,24.89,13.95,3.24,0.0
20231024:1210,473.07,547.19,19.87,14.01,2.34,0.0
20231024:1310,215.61,257.57,13.02,13.79,1.31,0.0
20231024:1410,67.87,97.83,4.85,13.32,0.21,0.0
20231024:1510,0.0,0.0,0.0,12.88,1.03,0.0
20231024:1610,0.0,0.0,0.0,12.19,1.45,0.0
20231024:1710,0.0,0.0,0.0,11.61,1.66,0.0
20231024:1810,0.0,0.0,0.0,11.21,1.79,0.0
20231024:1910,0.0,0.0,0.0,10.3,2.0,0.0
20231024:2010,0.0,0.0,0.0,9.78,2.21,0.0
20231024:2110,0.0,0.0,0.0,9.58,2.28,0.0
20231024:2210,0.0,0.0,0.0,9.34,2.34,0.0
20231024:2310,0.0,0.0,0.0,9.24,2.48,0.0
20231025:0010,0.0,0.0,0.0,9.21,2.97,0.0
20231025:0110,0.0,0.0,0.0,9.33,3.31,0.0
20231025:0210,0.0,0.0,0.0,9.43,3.31,0.0
20231025:0310,0.0,0.0,0.0,9.48,3.66,0.0
20231025:0410,0.0,0.0,0.0,9.7,4.0,0.0
20231025:0510,0.0,3.31,4.34,9.86,4.21,0.0
20231025:0610,3.96,13.45,12.52,10.13,4.48,0.0
20231025:0710,12.49,26.0,19.39,9.59,4.97,0.0
20231025:0810,39.31,59.17,24.45,9.67,5.1,0.0
20231025:0910,19.31,34.96,27.16,9.78,5.24,0.0
20231025:1010,33.18,52.0,27.19,9.91,5.1,0.0
20231025:1110,16.51,31.38,24.55,9.96,4.83,0.0
20231025:1210,13.78,27.79,19.55,10.1,4.69,0.0
20231025:1310,8.0,19.72,12.71,10.08,4.48,0.0
20231025:1410,0.0,4.48,4.56,10.0,4.14,0.0
20231025:1510,0.0,0.0,0.0,10.02,3.72,0.0
20231025:1610,0.0,0.0,0.0,10.08,3.17,0.0
20231025:1710,0.0,0.0,0.0,10.17,2.48,0.0
20231025:1810,0.0,0.0,0.0,10.27,1.86,0.0
20231025:1910,0.0,0.0,0.0,10.1,2.0,0.0
20231025:2010,0.0,0.0,0.0,10.19,1.72,0.0
20231025:2110,0.0,0.0,0.0,10.11,1.52,0.0
20231025:2210,0.0,0.0,0.0,10.15,1.1,0.0
20231025:2310,0.0,0.0,0.0,10.65,0.9,0.0
20231026:0010,0.0,0.0,0.0,11.42,1.86,0.0
20231026:0110,0.0,0.0,0.0,12.29,3.1,0.0
20231026:0210,0.0,0.0,0.0,12.64,4.0,0.0
20231026:0310,0.0,0.0,0.0,12.51,4.14,0.0
20231026:0410,0.0,0.0,0.0,12.19,3.86,0.0
20231026:0510,0.0,3.31,4.07,11.87,3.52,0.0
20231026:0610,9.78,22.41,12.23,11.73,3.45,0.0
20231026:0710,188.55,223.44,19.09,11.9,3.17,0.0
20231026:0810,394.57,450.48,24.12,12.09,2.83,0.0
20231026:0910,142.45,175.06,26.82,12.44,3.24,0.0
20231026:1010,555.08,635.15,26.85,12.79,3.59,0.0
20231026:1110,244.39,286.04,24.21,13.39,3.17,0.0
20231026:1210,47.5,69.93,19.23,13.98,2.83,0.0
20231026:1310,69.84,95.63,12.41,14.12,1.52,0.0
20231026:1410,0.0,3.59,4.27,13.69,1.31,0.0
20231026:1510,0.0,0.0,0.0,12.68,1.72,0.0
20231026:1610,0.0,0.0,0.0,12.21,1.93,0.0
20231026:1710,0.0,0.0,0.0,12.01,2.34,0.0
20231026:1810,0.0,0.0,0.0,11.84,2.55,0.0
20231026:1910,0.0,0.0,0.0,11.63,2.76,0.0
20231026:2010,0.0,0.0,0.0,11.65,2.62,0.0
20231026:2110,0.0,0.0,0.0,11.72,2.69,0.0
20231026:2210,0.0,0.0,0.0,11.67,2.76,0.0
20231026:2310,0.0,0.0,0.0,11.79,2.69,0.0
20231027:0010,0.0,0.0,0.0,11.69,2.69,0.0
20231027:0110,0.0,0.0,0.0,11.77,2.69,0.0
20231027:0210,0.0,0.0,0.0,11.84,2.83,0.0
20231027:0310,0.0,0.0,0.0,11.86,2.69,0.0
20231027:0410,0.0,0.0,0.0,11.65,2.41,0.0
20231027:0510,4.8,14.88,3.81,11.21,2.21,0.0
20231027:0610,168.36,202.29,11.95,11.3,2.21,0.0
20231027:0710,247.97,287.71,18.79,12.34,3.45,0.0
20231027:0810,633.82,729.87,23.8,13.48,3.72,0.0
20231027:0910,626.95,728.43,26.48,14.64,3.45,0.0
20231027:1010,627.3,735.84,26.51,15.32,2.83,0.0
20231027:1110,532.06,623.6,23.88,15.73,2.21,0.0
20231027:1210,150.17,186.06,18.91,16.2,2.07,0.0
20231027:1310,70.92,97.55,12.1,16.08,1.93,0.0
20231027:1410,2.32,10.76,3.98,15.09,2.14,0.0
20231027:1510,0.0,0.0,0.0,14.27,2.62,0.0
20231027:1610,0.0,0.0,0.0,13.89,2.9,0.0
20231027:1710,0.0,0.0,0.0,13.79,3.1,0.0
20231027:1810,0.0,0.0,0.0,13.67,3.24,0.0
20231027:1910,0.0,0.0,0.0,13.59,3.38,0.0
20231027:2010,0.0,0.0,0.0,13.23,3.66,0.0
20231027:2110,0.0,0.0,0.0,13.22,3.93,0.0
20231027:2210,0.0,0.0,0.0,13.27,3.79,0.0
20231027:2310,0.0,0.0,0.0,13.27,3.66,0.0
20231028:0010,0.0,0.0,0.0,13.31,3.72,0.0
20231028:0110,0.0,0.0,0.0,13.6,4.28,0.0
20231028:0210,0.0,0.0,0.0,14.19,5.24,0.0
20231028:0310,0.0,0.0,0.0,14.5,6.41,0.0
20231028:0410,0.0,0.0,0.0,13.63,7.45,0.0
20231028:0510,0.0,2.48,3.54,12.76,8.97,0.0
20231028:0610,45.37,66.56,11.67,11.72,10.14,0.0
20231028:0710,49.34,70.83,18.48,10.39,10.97,0.0
20231028:0810,48.6,69.93,23.47,10.24,10.97,0.0
20231028:0910,44.7,65.45,26.14,10.19,10.55,0.0
20231028:1010,41.57,61.86,26.17,10.31,10.21,0.0
20231028:1110,202.96,235.65,23.55,10.5,9.38,0.0
20231028:1210,13.76,27.79,18.59,10.52,7.52,0.0
20231028:1310,13.76,27.79,11.81,10.43,6.34,0.0
20231028:1410,0.0,5.38,3.7,10.2,6.76,0.0
20231028:1510,0.0,0.0,0.0,10.01,6.0,0.0
20231028:1610,0.0,0.0,0.0,9.91,5.59,0.0
20231028:1710,0.0,0.0,0.0,9.79,5.17,0.0
20231028:1810,0.0,0.0,0.0,9.82,4.76,0.0
20231028:1910,0.0,0.0,0.0,9.67,4.69,0.0
20231028:2010,0.0,0.0,0.0,9.33,3.93,0.0
20231028:2110,0.0,0.0,0.0,9.17,3.1,0.0
20231028:2210,0.0,0.0,0.0,9.39,2.62,0.0
20231028:2310,0.0,0.0,0.0,9.61,2.28,0.0
20231029:0010,0.0,0.0,0.0,9.62,2.14,0.0
20231029:0110,0.0,0.0,0.0,9.44,2.07,0.0
20231029:0210,0.0,0.0,0.0,9.43,2.07,0.0
20231029:0310,0.0,0.0,0.0,9.3,1.93,0.0
20231029:0410,0.0,0.0,0.0,9.14,1.86,0.0
20231029:0510,0.0,4.96,3.28,9.11,1.66,0.0
20231029:0610,3.44,12.55,11.39,9.52,1.38,0.0
20231029:0710,31.61,50.21,18.18,10.06,2.34,0.0
20231029:0810,179.43,213.16,23.15,10.67,2.83,0.0
20231029:0910,196.37,232.09,25.81,11.4,3.31,0.0
20231029:1010,128.71,159.67,25.83,11.87,3.31,0.0
20231029:1110,44.81,66.34,23.22,12.46,3.24,0.0
20231029:1210,127.5,158.35,18.29,12.73,2.97,0.0
20231029:1310,252.04,295.95,11.52,12.81,2.21,0.0
20231029:1410,3.37,12.55,3.43,12.39,1.59,0.0
20231029:1510,0.0,0.0,0.0,11.14,2.14,0.0
20231029:1610,0.0,0.0,0.0,10.3,2.14,0.0
20231029:1710,0.0,0.0,0.0,9.61,2.21,0.0
20231029:1810,0.0,0.0,0.0,8.93,2.41,0.0
20231029:1910,0.0,0.0,0.0,8.5,2.48,0.0
20231029:2010,0.0,0.0,0.0,8.5,2.62,0.0
20231029:2110,0.0,0.0,0.0,8.75,2.9,0.0
20231029:2210,0.0,0.0,0.0,9.14,3.24,0.0
20231029:2310,0.0,0.0,0.0,9.36,3.45,0.0
20231030:0010,0.0,0.0,0.0,9.55,3.38,0.0
20231030:0110,0.0,0.0,0.0,9.64,3.38,0.0
20231030:0210,0.0,0.0,0.0,9.67,3.38,0.0
20231030:0310,0.0,0.0,0.0,9.65,3.52,0.0
20231030:0410,0.0,0.0,0.0,9.57,3.59,0.0
20231030:0510,1.55,9.1,3.02,9.63,3.72,0.0
20231030:0610,78.05,103.05,11.11,10.52,3.72,0.0
20231030:0710,250.08,289.37,17.88,11.92,3.45,0.0
20231030:0810,97.4,126.24,22.84,13.6,3.79,0.0
20231030:0910,124.66,157.1,25.48,14.93,3.93,0.0
20231030:1010,364.15,422.25,25.5,16.2,4.0,0.0
20231030:1110,614.52,719.99,22.9,16.73,3.45,0.0
20231030:1210,478.96,555.7,17.98,17.29,4.14,0.0
20231030:1310,245.06,292.45,11.23,17.41,4.0,0.0
20231030:1410,32.99,55.99,3.16,16.7,3.72,0.0
20231030:1510,0.0,0.0,0.0,15.37,3.52,0.0
20231030:1610,0.0,0.0,0.0,14.7,3.52,0.0
20231030:1710,0.0,0.0,0.0,14.43,3.59,0.0
20231030:1810,0.0,0.0,0.0,13.98,3.52,0.0
20231030:1910,0.0,0.0,0.0,13.61,3.38,0.0
20231030:2010,0.0,0.0,0.0,13.0,3.24,0.0
20231030:2110,0.0,0.0,0.0,12.59,3.17,0.0
20231030:2210,0.0,0.0,0.0,12.3,3.1,0.0
20231030:2310,0.0,0.0,0.0,11.97,2.9,0.0
20231031:0010,0.0,0.0,0.0,11.52,2.62,0.0
20231031:0110,0.0,0.0,0.0,11.02,2.48,0.0
20231031:0210,0.0,0.0,0.0,10.72,2.48,0.0
20231031:0310,0.0,0.0,0.0,10.69,2.55,0.0
20231031:0410,0.0,0.0,0.0,10.46,2.62,0.0
20231031:0510,0.39,6.61,2.75,10.42,2.69,0.0
20231031:0610,130.88,161.2,10.83,11.07,2.69,0.0
20231031:0710,139.14,170.77,17.58,12.38,2.48,0.0
20231031:0810,651.73,758.46,22.52,14.11,3.1,0.0
20231031:0910,569.47,661.8,25.16,15.72,3.52,0.0
20231031:1010,664.66,781.4,25.18,17.07,3.86,0.0
20231031:1110,581.88,680.56,22.58,17.97,4.14,0.0
20231031:1210,486.48,567.71,17.68,18.38,4.07,0.0
20231031:1310,224.55,270.49,10.95,18.2,3.93,0.0
20231031:1410,0.96,8.07,2.89,17.41,4.0,0.0
20231031:1510,0.0,0.0,0.0,16.41,4.21,0.0
20231031:1610,0.0,0.0,0.0,15.87,4.41,0.0
20231031:1710,0.0,0.0,0.0,15.51,4.62,0.0
20231031:1810,0.0,0.0,0.0,15.2,4.76,0.0
20231031:1910,0.0,0.0,0.0,15.0,4.76,0.0
20231031:2010,0.0,0.0,0.0,14.64,4.76,0.0
20231031:2110,0.0,0.0,0.0,14.23,4.62,0.0
20231031:2210,0.0,0.0,0.0,13.77,4.48,0.0
20231031:2310,0.0,0.0,0.0,13.42,4.34,0.0
20231101:0010,0.0,0.0,0.0,13.16,4.28,0.0
20231101:0110,0.0,0.0,0.0,13.08,4.21,0.0
20231101:0210,0.0,0.0,0.0,13.1,4.14,0.0
20231101:0310,0.0,0.0,0.0,13.25,4.0,0.0
20231101:0410,0.0,0.0,0.0,13.19,3.59,0.0
20231101:0510,0.0,1.65,2.49,13.16,3.24,0.0
20231101:0610,12.22,26.0,10.55,13.39,3.03,0.0
20231101:0710,76.35,102.85,17.29,14.07,2.97,0.0
20231101:0810,65.82,91.45,22.21,15.0,3.24,0.0
20231101:0910,38.2,59.17,24.83,15.06,2.97,0.0
20231101:1010,72.19,98.62,24.86,14.68,2.97,0.0
20231101:1110,53.73,77.1,22.27,13.75,2.97,0.0
20231101:1210,32.6,52.0,17.38,13.15,3.17,0.0
20231101:1310,7.88,19.72,10.67,12.64,3.38,0.0
20231101:1410,0.0,1.79,2.63,12.1,3.38,0.0
20231101:1510,0.0,0.0,0.0,11.65,3.66,0.0
20231101:1610,0.0,0.0,0.0,11.13,3.93,0.0
20231101:1710,0.0,0.0,0.0,10.56,4.07,0.0
20231101:1810,0.0,0.0,0.0,10.11,3.93,0.0
20231101:1910,0.0,0.0,0.0,10.06,3.31,0.0
20231101:2010,0.0,0.0,0.0,10.02,3.17,0.0
20231101:2110,0.0,0.0,0.0,9.9,3.17,0.0
20231101:2210,0.0,0.0,0.0,9.83,3.24,0.0
20231101:2310,0.0,0.0,0.0,9.68,3.31,0.0
20231102:0010,0.0,0.0,0.0,9.52,3.24,0.0
20231102:0110,0.0,0.0,0.0,9.3,3.31,0.0
20231102:0210,0.0,0.0,0.0,9.12,3.59,0.0
20231102:0310,0.0,0.0,0.0,8.87,3.52,0.0
20231102:0410,0.0,0.0,0.0,8.76,3.24,0.0
20231102:0510,1.15,8.27,2.23,8.48,2.83,0.0
20231102:0610,309.25,353.01,10.27,8.47,2.41,0.0
20231102:0710,520.85,587.86,17.0,8.82,2.48,0.0
20231102:0810,644.21,737.01,21.9,9.69,2.55,0.0
20231102:0910,737.62,858.91,24.52,10.98,2.62,0.0
20231102:1010,468.45,533.78,24.54,11.99,3.1,0.0
20231102:1110,460.96,525.58,21.96,12.72,3.38,0.0
20231102:1210,52.35,75.31,17.09,12.96,2.34,0.0
20231102:1310,114.25,144.62,10.4,12.92,1.31,0.0
20231102:1410,0.0,2.69,2.37,12.56,1.03,0.0
20231102:1510,0.0,0.0,0.0,11.7,1.66,0.0
20231102:1610,0.0,0.0,0.0,10.83,1.93,0.0
20231102:1710,0.0,0.0,0.0,10.33,2.0,0.0
20231102:1810,0.0,0.0,0.0,9.85,2.0,0.0
20231102:1910,0.0,0.0,0.0,8.49,2.41,0.0
20231102:2010,0.0,0.0,0.0,8.0,2.41,0.0
20231102:2110,0.0,0.0,0.0,7.4,2.34,0.0
20231102:2210,0.0,0.0,0.0,6.84,2.34,0.0
20231102:2310,0.0,0.0,0.0,6.43,2.48,0.0
20231103:0010,0.0,0.0,0.0,6.04,2.55,0.0
20231103:0110,0.0,0.0,0.0,5.8,2.69,0.0
20231103:0210,0.0,0.0,0.0,5.68,2.83,0.0
20231103:0310,0.0,0.0,0.0,5.6,2.9,0.0
20231103:0410,0.0,0.0,0.0,5.46,3.03,0.0
20231103:0510,0.79,7.44,1.97,5.35,3.1,0.0
20231103:0610,308.52,347.19,10.0,6.01,3.17,0.0
20231103:0710,513.23,570.66,16.7,7.27,3.38,0.0
20231103:0810,641.9,719.32,21.59,8.8,4.28,0.0
20231103:0910,742.61,840.52,24.2,10.2,5.03,0.0
20231103:1010,705.66,800.66,24.22,11.08,4.9,0.0
20231103:1110,638.24,722.73,21.66,11.64,4.76,0.0
20231103:1210,516.23,581.74,16.81,11.78,4.76,0.0
20231103:1310,236.21,274.54,10.13,11.31,4.76,0.0
20231103:1410,1.04,8.07,2.12,10.36,4.9,0.0
20231103:1510,0.0,0.0,0.0,9.36,5.03,0.0
20231103:1610,0.0,0.0,0.0,8.8,5.1,0.0
20231103:1710,0.0,0.0,0.0,8.42,5.03,0.0
20231103:1810,0.0,0.0,0.0,8.13,4.97,0.0
20231103:1910,0.0,0.0,0.0,8.04,4.9,0.0
20231103:2010,0.0,0.0,0.0,8.24,4.62,0.0
20231103:2110,0.0,0.0,0.0,8.89,4.48,0.0
20231103:2210,0.0,0.0,0.0,9.43,4.28,0.0
20231103:2310,0.0,0.0,0.0,9.76,4.41,0.0
20231104:0010,0.0,0.0,0.0,9.99,4.69,0.0
20231104:0110,0.0,0.0,0.0,10.23,4.41,0.0
20231104:0210,0.0,0.0,0.0,10.48,4.21,0.0
20231104:0310,0.0,0.0,0.0,10.68,4.0,0.0
20231104:0410,0.0,0.0,0.0,10.9,3.93,0.0
20231104:0510,0.0,0.83,1.71,11.03,4.07,0.0
20231104:0610,4.47,14.34,9.73,11.29,4.0,0.0
20231104:0710,17.05,32.27,16.42,11.51,3.66,0.0
20231104:0810,19.11,34.96,21.29,11.69,3.52,0.0
20231104:0910,27.65,45.72,23.89,11.93,3.17,0.0
20231104:1010,15.6,30.48,23.92,12.47,2.9,0.0
20231104:1110,21.09,37.65,21.36,12.85,4.14,0.0
20231104:1210,16.23,31.38,16.53,12.99,3.45,0.0
20231104:1310,3.35,12.55,9.87,13.26,3.86,0.0
20231104:1410,0.0,0.83,1.88,13.76,4.41,0.0
20231104:1510,0.0,0.0,0.0,14.2,4.55,0.0
20231104:1610,0.0,0.0,0.0,14.51,4.62,0.0
20231104:1710,0.0,0.0,0.0,14.84,4.62,0.0
20231104:1810,0.0,0.0,0.0,15.06,4.62,0.0
20231104:1910,0.0,0.0,0.0,15.09,5.38,0.0
20231104:2010,0.0,0.0,0.0,15.69,6.76,0.0
20231104:2110,0.0,0.0,0.0,15.8,6.9,0.0
20231104:2210,0.0,0.0,0.0,15.58,6.76,0.0
20231104:2310,0.0,0.0,0.0,15.46,6.9,0.0
20231105:0010,0.0,0.0,0.0,15.42,5.93,0.0
20231105:0110,0.0,0.0,0.0,14.72,3.66,0.0
20231105:0210,0.0,0.0,0.0,13.09,3.24,0.0
20231105:0310,0.0,0.0,0.0,11.36,3.59,0.0
20231105:0410,0.0,0.0,0.0,10.01,4.0,0.0
20231105:0510,0.0,3.31,1.46,9.21,3.66,0.0
20231105:0610,193.16,226.59,9.46,8.94,3.1,0.0
20231105:0710,366.45,414.16,16.13,9.6,2.48,0.0
20231105:0810,570.57,655.21,20.99,10.62,1.93,0.0
20231105:0910,681.77,800.57,23.58,11.73,1.72,0.0
20231105:1010,656.53,769.17,23.61,12.69,2.0,0.0
20231105:1110,614.97,713.36,21.07,13.31,2.62,0.0
20231105:1210,137.05,168.87,16.25,13.43,3.03,0.0
20231105:1310,131.14,162.83,9.61,13.15,2.83,0.0
20231105:1410,0.0,2.48,1.64,12.4,3.1,0.0
20231105:1510,0.0,0.0,0.0,11.61,3.31,0.0
20231105:1610,0.0,0.0,0.0,11.21,3.93,0.0
20231105:1710,0.0,0.0,0.0,11.3,4.28,0.0
20231105:1810,0.0,0.0,0.0,11.48,4.41,0.0
20231105:1910,0.0,0.0,0.0,11.21,4.41,0.0
20231105:2010,0.0,0.0,0.0,11.69,4.28,0.0
20231105:2110,0.0,0.0,0.0,11.68,4.41,0.0
20231105:2210,0.0,0.0,0.0,11.12,4.28,0.0
20231105:2310,0.0,0.0,0.0,11.05,4.14,0.0
20231106:0010,0.0,0.0,0.0,11.08,3.86,0.0
20231106:0110,0.0,0.0,0.0,11.2,3.72,0.0
20231106:0210,0.0,0.0,0.0,11.28,3.59,0.0
20231106:0310,0.0,0.0,0.0,10.93,4.0,0.0
20231106:0410,0.0,0.0,0.0,10.27,4.14,0.0
20231106:0510,0.0,0.0,0.0,9.61,3.93,0.0
20231106:0610,282.55,323.79,9.19,9.67,3.86,0.0
20231106:0710,486.75,550.61,15.85,10.61,3.03,0.0
20231106:0810,617.13,702.41,20.69,11.74,3.86,0.0
20231106:0910,591.64,671.52,23.28,12.85,4.97,0.0
20231106:1010,44.62,66.34,23.31,13.68,6.34,0.0
20231106:1110,95.71,124.15,20.78,13.88,5.72,0.0
20231106:1210,72.59,98.13,15.98,13.44,5.24,0.0
20231106:1310,261.74,304.89,9.36,13.15,4.76,0.0
20231106:1410,0.0,0.83,1.4,12.72,4.69,0.0
20231106:1510,0.0,0.0,0.0,12.02,4.9,0.0
20231106:1610,0.0,0.0,0.0,11.42,4.9,0.0
20231106:1710,0.0,0.0,0.0,11.05,4.76,0.0
20231106:1810,0.0,0.0,0.0,10.86,4.62,0.0
20231106:1910,0.0,0.0,0.0,10.29,4.41,0.0
20231106:2010,0.0,0.0,0.0,9.97,4.48,0.0
20231106:2110,0.0,0.0,0.0,9.74,4.48,0.0
20231106:2210,0.0,0.0,0.0,9.63,4.34,0.0
20231106:2310,0.0,0.0,0.0,9.3,4.21,0.0
20231107:0010,0.0,0.0,0.0,9.1,4.14,0.0
20231107:0110,0.0,0.0,0.0,8.98,4.14,0.0
20231107:0210,0.0,0.0,0.0,8.89,4.21,0.0
20231107:0310,0.0,0.0,0.0,8.75,4.07,0.0
20231107:0410,0.0,0.0,0.0,8.56,3.86,0.0
20231107:0510,0.0,0.0,0.0,8.19,3.59,0.0
20231107:0610,274.65,313.75,8.92,8.31,3.45,0.0
20231107:0710,487.54,547.1,15.56,9.28,3.31,0.0
20231107:0810,628.61,709.83,20.4,10.49,4.21,0.0
20231107:0910,720.11,823.77,22.98,11.65,4.34,0.0
20231107:1010,699.94,803.5,23.01,12.69,4.34,0.0
20231107:1110,657.39,755.17,20.5,13.36,4.14,0.0
20231107:1210,489.54,559.47,15.71,13.65,3.72,0.0
20231107:1310,220.38,261.0,9.11,13.34,2.97,0.0
20231107:1410,0.0,0.0,0.0,12.26,2.76,0.0
20231107:1510,0.0,0.0,0.0,11.01,2.9,0.0
20231107:1610,0.0,0.0,0.0,10.35,3.1,0.0
20231107:1710,0.0,0.0,0.0,9.98,3.31,0.0
20231107:1810,0.0,0.0,0.0,9.76,3.38,0.0
20231107:1910,0.0,0.0,0.0,9.63,3.1,0.0
20231107:2010,0.0,0.0,0.0,9.3,2.76,0.0
20231107:2110,0.0,0.0,0.0,8.7,2.62,0.0
20231107:2210,0.0,0.0,0.0,8.15,2.41,0.0
20231107:2310,0.0,0.0,0.0,7.39,2.14,0.0
20231108:0010,0.0,0.0,0.0,6.65,2.0,0.0
20231108:0110,0.0,0.0,0.0,5.8,1.79,0.0
20231108:0210,0.0,0.0,0.0,5.19,1.66,0.0
20231108:0310,0.0,0.0,0.0,5.12,1.52,0.0
20231108:0410,0.0,0.0,0.0,5.3,1.38,0.0
20231108:0510,0.0,0.0,0.0,5.66,1.45,0.0
20231108:0610,6.35,17.03,8.66,6.31,1.38,0.0
20231108:0710,41.98,61.86,15.29,7.4,1.66,0.0
20231108:0810,86.28,111.55,20.11,8.01,1.45,0.0
20231108:0910,28.86,46.62,22.69,8.38,1.17,0.0
20231108:1010,19.41,34.96,22.72,8.44,0.9,0.0
20231108:1110,14.56,28.69,20.22,8.54,1.31,0.0
20231108:1210,20.83,36.76,15.45,8.49,1.59,0.0
20231108:1310,9.32,21.52,8.87,8.42,1.52,0.0
20231108:1410,0.0,0.0,0.0,8.24,1.66,0.0
20231108:1510,0.0,0.0,0.0,8.02,1.72,0.0
20231108:1610,0.0,0.0,0.0,7.89,2.07,0.0
20231108:1710,0.0,0.0,0.0,7.83,2.21,0.0
20231108:1810,0.0,0.0,0.0,7.81,2.41,0.0
20231108:1910,0.0,0.0,0.0,7.88,3.1,0.0
20231108:2010,0.0,0.0,0.0,7.71,3.31,0.0
20231108:2110,0.0,0.0,0.0,7.39,3.17,0.0
20231108:2210,0.0,0.0,0.0,7.0,3.03,0.0
20231108:2310,0.0,0.0,0.0,6.52,3.17,0.0
20231109:0010,0.0,0.0,0.0,6.22,2.9,0.0
20231109:0110,0.0,0.0,0.0,6.08,2.97,0.0
20231109:0210,0.0,0.0,0.0,6.2,4.0,0.0
20231109:0310,0.0,0.0,0.0,6.41,3.59,0.0
20231109:0410,0.0,0.0,0.0,6.65,3.79,0.0
20231109:0510,0.0,0.0,0.0,6.62,3.93,0.0
20231109:0610,15.41,29.59,8.39,6.63,3.52,0.0
20231109:0710,57.88,79.44,15.01,6.65,4.14,0.0
20231109:0810,192.02,221.52,19.82,6.82,4.62,0.0
20231109:0910,119.17,146.0,22.39,7.37,5.17,0.0
20231109:1010,434.91,480.64,22.44,7.97,5.24,0.0
20231109:1110,157.64,186.93,19.95,8.44,5.03,0.0
20231109:1210,23.72,40.34,15.2,8.7,4.62,0.0
20231109:1310,9.95,22.41,8.64,8.59,3.93,0.0
20231109:1410,0.0,0.0,0.0,8.29,3.31,0.0
20231109:1510,0.0,0.0,0.0,7.94,2.83,0.0
20231109:1610,0.0,0.0,0.0,7.82,2.83,0.0
20231109:1710,0.0,0.0,0.0,7.79,2.55,0.0
20231109:1810,0.0,0.0,0.0,7.65,2.07,0.0
20231109:1910,0.0,0.0,0.0,6.4,1.79,0.0
20231109:2010,0.0,0.0,0.0,5.83,1.86,0.0
20231109:2110,0.0,0.0,0.0,5.36,1.86,0.0
20231109:2210,0.0,0.0,0.0,4.95,1.79,0.0
20231109:2310,0.0,0.0,0.0,4.43,1.93,0.0
20231110:0010,0.0,0.0,0.0,3.97,2.07,0.0
20231110:0110,0.0,0.0,0.0,3.68,2.28,0.0
20231110:0210,0.0,0.0,0.0,3.58,2.41,0.0
20231110:0310,0.0,0.0,0.0,3.44,2.48,0.0
20231110:0410,0.0,0.0,0.0,3.29,2.55,0.0
20231110:0510,0.0,0.0,0.0,3.23,2.69,0.0
20231110:0610,221.77,252.12,8.13,3.73,2.83,0.0
20231110:0710,372.69,410.73,14.74,4.82,3.03,0.0
20231110:0810,481.89,531.87,19.54,6.61,3.86,0.0
20231110:0910,258.08,292.63,22.11,8.09,4.34,0.0
20231110:1010,696.59,783.99,22.16,9.35,4.69,0.0
20231110:1110,504.76,563.34,19.68,10.11,4.97,0.0
20231110:1210,403.6,451.92,14.95,10.47,4.97,0.0
20231110:1310,121.23,149.82,8.41,10.32,4.48,0.0
20231110:1410,0.0,0.0,0.0,9.63,4.34,0.0
20231110:1510,0.0,0.0,0.0,9.04,4.34,0.0
20231110:1610,0.0,0.0,0.0,8.86,4.34,0.0
20231110:1710,0.0,0.0,0.0,8.64,4.14,0.0
20231110:1810,0.0,0.0,0.0,8.5,4.14,0.0
20231110:1910,0.0,0.0,0.0,7.9,4.34,0.0
20231110:2010,0.0,0.0,0.0,7.87,4.34,0.0
20231110:2110,0.0,0.0,0.0,7.82,4.41,0.0
20231110:2210,0.0,0.0,0.0,7.85,4.48,0.0
20231110:2310,0.0,0.0,0.0,7.96,4.62,0.0
20231111:0010,0.0,0.0,0.0,7.88,4.9,0.0
20231111:0110,0.0,0.0,0.0,7.77,5.1,0.0
20231111:0210,0.0,0.0,0.0,7.75,5.17,0.0
20231111:0310,0.0,0.0,0.0,7.93,5.03,0.0
20231111:0410,0.0,0.0,0.0,8.13,4.9,0.0
20231111:0510,0.0,0.0,0.0,8.23,4.9,0.0
20231111:0610,6.28,17.03,7.88,8.16,5.03,0.0
20231111:0710,19.51,34.96,14.47,7.87,5.31,0.0
20231111:0810,51.41,72.62,19.26,7.94,5.03,0.0
20231111:0910,61.03,83.38,21.83,7.88,5.45,0.0
20231111:1010,49.85,70.83,21.88,7.87,5.1,0.0
20231111:1110,23.86,40.34,19.42,7.65,4.9,0.0
20231111:1210,27.58,44.83,14.71,7.36,4.76,0.0
20231111:1310,3.5,12.55,8.18,7.19,4.48,0.0
20231111:1410,0.0,0.0,0.0,7.12,4.07,0.0
20231111:1510,0.0,0.0,0.0,7.31,3.45,0.0
20231111:1610,0.0,0.0,0.0,7.68,2.62,0.0
20231111:1710,0.0,0.0,0.0,8.18,2.55,0.0
20231111:1810,0.0,0.0,0.0,8.55,2.62,0.0
20231111:1910,0.0,0.0,0.0,8.68,2.76,0.0
20231111:2010,0.0,0.0,0.0,8.67,2.07,0.0
20231111:2110,0.0,0.0,0.0,8.75,1.45,0.0
20231111:2210,0.0,0.0,0.0,8.79,1.03,0.0
20231111:2310,0.0,0.0,0.0,8.82,0.9,0.0
20231112:0010,0.0,0.0,0.0,8.75,1.24,0.0
20231112:0110,0.0,0.0,0.0,8.65,1.59,0.0
20231112:0210,0.0,0.0,0.0,8.52,1.86,0.0
20231112:0310,0.0,0.0,0.0,8.36,2.14,0.0
20231112:0410,0.0,0.0,0.0,8.16,2.55,0.0
20231112:0510,0.0,0.0,0.0,7.94,2.97,0.0
20231112:0610,4.02,13.45,7.62,7.7,3.31,0.0
20231112:0710,18.14,33.17,14.2,7.27,3.03,0.0
20231112:0810,61.91,84.27,18.99,7.25,3.17,0.0
20231112:0910,127.06,154.45,21.55,7.28,3.45,0.0
20231112:1010,102.16,127.93,21.61,7.33,4.55,0.0
20231112:1110,83.99,108.23,19.16,7.21,4.83,0.0
20231112:1210,53.09,74.17,14.47,7.09,5.1,0.0
20231112:1310,24.03,40.4,7.96,6.91,5.31,0.0
20231112:1410,0.0,0.0,0.0,6.63,5.31,0.0
20231112:1510,0.0,0.0,0.0,6.64,5.52,0.0
20231112:1610,0.0,0.0,0.0,6.64,6.21,0.0
20231112:1710,0.0,0.0,0.0,6.55,6.48,0.0
20231112:1810,0.0,0.0,0.0,6.43,6.34,0.0
20231112:1910,0.0,0.0,0.0,6.71,5.93,0.0
20231112:2010,0.0,0.0,0.0,6.64,5.52,0.0
20231112:2110,0.0,0.0,0.0,6.53,5.52,0.0
20231112:2210,0.0,0.0,0.0,6.37,5.66,0.0
20231112:2310,0.0,0.0,0.0,6.31,5.86,0.0
20231113:0010,0.0,0.0,0.0,6.24,5.79,0.0
20231113:0110,0.0,0.0,0.0,6.22,5.24,0.0
20231113:0210,0.0,0.0,0.0,6.12,4.97,0.0
20231113:0310,0.0,0.0,0.0,6.07,4.76,0.0
20231113:0410,0.0,0.0,0.0,5.89,4.62,0.0
20231113:0510,0.0,0.0,0.0,5.77,4.48,0.0
20231113:0610,28.49,45.58,7.37,5.72,4.28,0.0
20231113:0710,160.49,187.69,13.94,6.15,4.14,0.0
20231113:0810,398.26,436.51,18.72,6.74,6.21,0.0
20231113:0910,698.63,773.35,21.28,7.2,5.52,0.0
20231113:1010,289.54,324.97,21.34,7.82,4.76,0.0
20231113:1110,80.42,104.68,18.91,8.12,5.24,0.0
20231113:1210,39.63,59.17,14.24,8.05,4.83,0.0
20231113:1310,12.62,26.0,7.75,7.71,4.28,0.0
20231113:1410,0.0,0.0,0.0,7.2,3.93,0.0
20231113:1510,0.0,0.0,0.0,6.69,3.93,0.0
20231113:1610,0.0,0.0,0.0,6.27,4.0,0.0
20231113:1710,0.0,0.0,0.0,5.79,3.86,0.0
20231113:1810,0.0,0.0,0.0,5.41,3.66,0.0
20231113:1910,0.0,0.0,0.0,4.97,3.38,0.0
20231113:2010,0.0,0.0,0.0,4.51,3.17,0.0
20231113:2110,0.0,0.0,0.0,4.14,2.97,0.0
20231113:2210,0.0,0.0,0.0,3.79,2.9,0.0
20231113:2310,0.0,0.0,0.0,3.44,2.97,0.0
20231114:0010,0.0,0.0,0.0,3.04,2.9,0.0
20231114:0110,0.0,0.0,0.0,2.63,2.83,0.0
20231114:0210,0.0,0.0,0.0,2.33,2.69,0.0
20231114:0310,0.0,0.0,0.0,2.02,2.48,0.0
20231114:0410,0.0,0.0,0.0,1.75,2.41,0.0
20231114:0510,0.0,0.0,0.0,1.61,2.48,0.0
20231114:0610,15.07,28.69,7.12,2.28,2.62,0.0
20231114:0710,18.56,33.17,13.68,2.93,2.97,0.0
20231114:0810,64.56,86.07,18.45,3.88,3.1,0.0
20231114:0910,65.06,86.96,21.01,4.96,3.38,0.0
20231114:1010,13.44,26.9,21.08,5.68,3.72,0.0
20231114:1110,10.76,23.31,18.66,5.85,4.48,0.0
20231114:1210,6.41,17.03,14.01,4.76,4.76,0.0
20231114:1310,1.1,8.07,7.54,4.58,4.14,0.0
20231114:1410,0.0,0.0,0.0,5.19,3.79,0.0
20231114:1510,0.0,0.0,0.0,6.12,3.86,0.0
20231114:1610,0.0,0.0,0.0,6.57,4.0,0.0
20231114:1710,0.0,0.0,0.0,6.81,4.0,0.0
20231114:1810,0.0,0.0,0.0,7.18,4.14,0.0
20231114:1910,0.0,0.0,0.0,7.12,3.93,0.0
20231114:2010,0.0,0.0,0.0,7.23,4.0,0.0
20231114:2110,0.0,0.0,0.0,7.35,4.34,0.0
20231114:2210,0.0,0.0,0.0,7.36,4.48,0.0
20231114:2310,0.0,0.0,0.0,7.26,4.62,0.0
20231115:0010,0.0,0.0,0.0,7.3,4.55,0.0
20231115:0110,0.0,0.0,0.0,7.39,4.14,0.0
20231115:0210,0.0,0.0,0.0,7.63,3.72,0.0
20231115:0310,0.0,0.0,0.0,7.8,3.66,0.0
20231115:0410,0.0,0.0,0.0,7.82,3.66,0.0
20231115:0510,0.0,0.0,0.0,7.62,3.45,0.0
20231115:0610,7.51,18.83,6.88,7.52,3.79,0.0
20231115:0710,141.81,168.89,13.43,7.04,3.59,0.0
20231115:0810,596.52,668.41,18.19,8.1,3.31,0.0
20231115:0910,672.16,761.48,20.75,9.18,3.45,0.0
20231115:1010,393.11,442.51,20.83,10.13,3.45,0.0
20231115:1110,48.28,69.93,18.42,10.83,3.31,0.0
20231115:1210,67.38,91.35,13.79,10.98,3.1,0.0
20231115:1310,50.04,71.7,7.34,10.58,2.41,0.0
20231115:1410,0.0,0.0,0.0,9.46,2.34,0.0
20231115:1510,0.0,0.0,0.0,8.42,2.34,0.0
20231115:1610,0.0,0.0,0.0,7.69,2.48,0.0
20231115:1710,0.0,0.0,0.0,7.41,2.55,0.0
20231115:1810,0.0,0.0,0.0,7.04,2.55,0.0
20231115:1910,0.0,0.0,0.0,7.29,2.69,0.0
20231115:2010,0.0,0.0,0.0,7.06,2.55,0.0
20231115:2110,0.0,0.0,0.0,6.82,2.55,0.0
20231115:2210,0.0,0.0,0.0,6.7,2.48,0.0
20231115:2310,0.0,0.0,0.0,6.65,2.48,0.0
20231116:0010,0.0,0.0,0.0,6.77,2.34,0.0
20231116:0110,0.0,0.0,0.0,6.91,2.14,0.0
20231116:0210,0.0,0.0,0.0,6.98,2.21,0.0
20231116:0310,0.0,0.0,0.0,7.13,2.76,0.0
20231116:0410,0.0,0.0,0.0,6.98,3.24,0.0
20231116:0510,0.0,0.0,0.0,6.75,4.14,0.0
20231116:0610,11.39,24.21,6.64,6.36,4.34,0.0
20231116:0710,47.15,67.24,13.17,6.11,4.21,0.0
20231116:0810,66.96,89.18,17.93,5.75,4.07,0.0
20231116:0910,12.81,26.0,20.49,5.03,4.48,0.0
20231116:1010,49.79,69.93,20.58,4.85,4.97,0.0
20231116:1110,61.17,82.48,18.19,4.68,5.38,0.0
20231116:1210,28.77,45.72,13.58,4.35,4.83,0.0
20231116:1310,10.88,23.31,7.15,3.91,4.55,0.0
20231116:1410,0.0,0.0,0.0,3.35,4.28,0.0
20231116:1510,0.0,0.0,0.0,2.79,4.07,0.0
20231116:1610,0.0,0.0,0.0,2.63,4.97,0.0
20231116:1710,0.0,0.0,0.0,2.84,4.9,0.0
20231116:1810,0.0,0.0,0.0,2.99,4.76,0.0
20231116:1910,0.0,0.0,0.0,2.89,4.69,0.0
20231116:2010,0.0,0.0,0.0,2.83,4.55,0.0
20231116:2110,0.0,0.0,0.0,2.69,4.21,0.0
20231116:2210,0.0,0.0,0.0,2.62,3.79,0.0
20231116:2310,0.0,0.0,0.0,2.42,3.52,0.0
20231117:0010,0.0,0.0,0.0,2.06,3.45,0.0
20231117:0110,0.0,0.0,0.0,1.95,3.52,0.0
20231117:0210,0.0,0.0,0.0,1.76,3.31,0.0
20231117:0310,0.0,0.0,0.0,1.68,2.76,0.0
20231117:0410,0.0,0.0,0.0,1.57,2.21,0.0
20231117:0510,0.0,0.0,0.0,1.5,1.66,0.0
20231117:0610,19.49,34.14,6.4,1.46,1.52,0.0
20231117:0710,107.39,130.2,12.93,1.87,2.0,0.0
20231117:0810,43.11,61.86,17.68,2.12,1.93,0.0
20231117:0910,64.85,86.07,20.24,2.52,1.52,0.0
20231117:1010,46.89,66.34,20.34,2.8,0.97,0.0
20231117:1110,40.43,59.17,17.96,3.23,0.48,0.0
20231117:1210,50.79,70.84,13.37,3.58,0.76,0.0
20231117:1310,0.68,7.17,6.96,3.75,1.17,0.0
20231117:1410,0.0,0.0,0.0,3.6,1.31,0.0
20231117:1510,0.0,0.0,0.0,3.36,1.52,0.0
20231117:1610,0.0,0.0,0.0,3.07,1.79,0.0
20231117:1710,0.0,0.0,0.0,3.02,2.07,0.0
20231117:1810,0.0,0.0,0.0,2.98,2.34,0.0
20231117:1910,0.0,0.0,0.0,2.57,2.41,0.0
20231117:2010,0.0,0.0,0.0,2.63,2.41,0.0
20231117:2110,0.0,0.0,0.0,2.63,2.55,0.0
20231117:2210,0.0,0.0,0.0,2.57,2.48,0.0
20231117:2310,0.0,0.0,0.0,2.58,2.28,0.0
20231118:0010,0.0,0.0,0.0,2.56,2.41,0.0
20231118:0110,0.0,0.0,0.0,2.4,2.62,0.0
20231118:0210,0.0,0.0,0.0,2.33,2.62,0.0
20231118:0310,0.0,0.0,0.0,2.23,2.83,0.0
20231118:0410,0.0,0.0,0.0,2.21,2.69,0.0
20231118:0510,0.0,0.0,0.0,2.17,2.9,0.0
20231118:0610,6.51,17.03,6.16,2.17,3.24,0.0
20231118:0710,16.52,30.48,12.68,1.82,3.72,0.0
20231118:0810,90.3,112.6,17.43,2.04,3.79,0.0
20231118:0910,244.26,271.18,19.99,2.42,4.0,0.0
20231118:1010,210.32,236.57,20.1,2.61,4.07,0.0
20231118:1110,25.97,42.14,17.74,2.64,4.14,0.0
20231118:1210,15.75,29.59,13.17,2.67,4.28,0.0
20231118:1310,27.55,43.89,6.78,2.45,4.34,0.0
20231118:1410,0.0,0.0,0.0,2.14,4.21,0.0
20231118:1510,0.0,0.0,0.0,1.84,3.93,0.0
20231118:1610,0.0,0.0,0.0,1.52,3.66,0.0
20231118:1710,0.0,0.0,0.0,1.21,3.66,0.0
20231118:1810,0.0,0.0,0.0,0.82,3.52,0.0
20231118:1910,0.0,0.0,0.0,-0.26,3.93,0.0
20231118:2010,0.0,0.0,0.0,-0.72,4.0,0.0
20231118:2110,0.0,0.0,0.0,-1.1,3.79,0.0
20231118:2210,0.0,0.0,0.0,-1.36,3.45,0.0
20231118:2310,0.0,0.0,0.0,-1.58,3.1,0.0
20231119:0010,0.0,0.0,0.0,-1.72,3.31,0.0
20231119:0110,0.0,0.0,0.0,-1.91,3.38,0.0
20231119:0210,0.0,0.0,0.0,-2.1,3.38,0.0
20231119:0310,0.0,0.0,0.0,-2.09,3.38,0.0
20231119:0410,0.0,0.0,0.0,-2.21,3.03,0.0
20231119:0510,0.0,0.0,0.0,-2.32,2.9,0.0
20231119:0610,11.25,23.31,5.93,-2.22,2.9,0.0
20231119:0710,52.79,71.23,12.44,-2.02,3.1,0.0
20231119:0810,162.3,184.31,17.19,-1.52,2.9,0.0
20231119:0910,191.18,214.49,19.75,-0.77,2.9,0.0
20231119:1010,85.66,107.07,19.87,-0.26,2.9,0.0
20231119:1110,67.17,87.47,17.53,0.0,3.03,0.0
20231119:1210,58.75,78.32,12.97,0.17,3.24,0.0
20231119:1310,21.91,36.85,6.6,-0.08,3.24,0.0
20231119:1410,0.0,0.0,0.0,-0.44,3.17,0.0
20231119:1510,0.0,0.0,0.0,-0.77,3.17,0.0
20231119:1610,0.0,0.0,0.0,-1.11,3.03,0.0
20231119:1710,0.0,0.0,0.0,-1.33,2.62,0.0
20231119:1810,0.0,0.0,0.0,-1.4,2.41,0.0
20231119:1910,0.0,0.0,0.0,-1.87,2.55,0.0
20231119:2010,0.0,0.0,0.0,-2.03,2.76,0.0
20231119:2110,0.0,0.0,0.0,-2.14,2.83,0.0
20231119:2210,0.0,0.0,0.0,-2.22,2.97,0.0
20231119:2310,0.0,0.0,0.0,-2.3,2.97,0.0
20231120:0010,0.0,0.0,0.0,-2.27,2.9,0.0
20231120:0110,0.0,0.0,0.0,-2.24,2.83,0.0
20231120:0210,0.0,0.0,0.0,-2.22,2.83,0.0
20231120:0310,0.0,0.0,0.0,-2.17,2.97,0.0
20231120:0410,0.0,0.0,0.0,-2.14,2.97,0.0
20231120:0510,0.0,0.0,0.0,-2.21,2.9,0.0
20231120:0610,69.87,89.47,5.7,-2.3,2.9,0.0
20231120:0710,188.81,210.14,12.21,-2.16,2.76,0.0
20231120:0810,375.89,402.02,16.95,-1.77,2.83,0.0
20231120:0910,516.78,553.36,19.52,-1.19,2.97,0.0
20231120:1010,601.79,648.06,19.64,-0.54,3.17,0.0
20231120:1110,611.54,659.98,17.32,-0.23,3.1,0.0
20231120:1210,412.75,443.59,12.78,-0.21,3.03,0.0
20231120:1310,210.35,235.71,6.43,-0.4,2.9,0.0
20231120:1410,0.0,0.0,0.0,-0.92,2.34,0.0
20231120:1510,0.0,0.0,0.0,-1.49,2.28,0.0
20231120:1610,0.0,0.0,0.0,-1.72,2.21,0.0
20231120:1710,0.0,0.0,0.0,-2.03,2.07,0.0
20231120:1810,0.0,0.0,0.0,-2.1,1.79,0.0
20231120:1910,0.0,0.0,0.0,-2.09,1.59,0.0
20231120:2010,0.0,0.0,0.0,-2.52,1.45,0.0
20231120:2110,0.0,0.0,0.0,-3.26,1.31,0.0
20231120:2210,0.0,0.0,0.0,-3.27,1.31,0.0
20231120:2310,0.0,0.0,0.0,-3.41,1.24,0.0
20231121:0010,0.0,0.0,0.0,-3.59,1.24,0.0
20231121:0110,0.0,0.0,0.0,-3.52,1.17,0.0
20231121:0210,0.0,0.0,0.0,-2.83,0.9,0.0
20231121:0310,0.0,0.0,0.0,-2.37,0.62,0.0
20231121:0410,0.0,0.0,0.0,-2.44,0.48,0.0
20231121:0510,0.0,0.0,0.0,-2.49,0.62,0.0
20231121:0610,25.92,41.12,5.47,-3.63,1.03,0.0
20231121:0710,188.11,210.33,11.98,-2.32,1.1,0.0
20231121:0810,223.61,247.11,16.72,-1.9,1.24,0.0
20231121:0910,220.79,245.15,19.29,-1.38,1.24,0.0
20231121:1010,220.78,245.72,19.42,-0.98,1.1,0.0
20231121:1110,65.61,85.74,17.11,-0.71,1.03,0.0
20231121:1210,47.16,65.65,12.6,-0.62,1.24,0.0
20231121:1310,9.16,20.62,6.27,-0.77,1.45,0.0
20231121:1410,0.0,0.0,0.0,-1.07,1.38,0.0
20231121:1510,0.0,0.0,0.0,-1.23,1.45,0.0
20231121:1610,0.0,0.0,0.0,-1.44,1.72,0.0
20231121:1710,0.0,0.0,0.0,-1.41,1.86,0.0
20231121:1810,0.0,0.0,0.0,-1.49,1.86,0.0
20231121:1910,0.0,0.0,0.0,-1.11,2.0,0.0
20231121:2010,0.0,0.0,0.0,-1.01,2.07,0.0
20231121:2110,0.0,0.0,0.0,-0.98,2.0,0.0
20231121:2210,0.0,0.0,0.0,-0.95,1.86,0.0
20231121:2310,0.0,0.0,0.0,-1.02,1.93,0.0
20231122:0010,0.0,0.0,0.0,-1.18,2.28,0.0
20231122:0110,0.0,0.0,0.0,-1.38,2.69,0.0
20231122:0210,0.0,0.0,0.0,-1.58,2.9,0.0
20231122:0310,0.0,0.0,0.0,-1.8,3.03,0.0
20231122:0410,0.0,0.0,0.0,-2.07,3.17,0.0
20231122:0510,0.0,0.0,0.0,-2.43,3.38,0.0
20231122:0610,107.17,128.16,5.25,-2.74,3.52,0.0
20231122:0710,50.03,68.02,11.75,-2.78,3.31,0.0
20231122:0810,70.0,89.44,16.49,-2.91,3.31,0.0
20231122:0910,58.34,77.1,19.06,-3.04,3.31,0.0
20231122:1010,25.18,40.34,19.21,-3.05,3.38,0.0
20231122:1110,25.94,41.24,16.92,-2.95,3.45,0.0
20231122:1210,16.95,30.48,12.42,-3.08,3.24,0.0
20231122:1310,2.15,9.86,6.11,-3.16,3.1,0.0
20231122:1410,0.0,0.0,0.0,-3.41,2.9,0.0
20231122:1510,0.0,0.0,0.0,-3.71,2.9,0.0
20231122:1610,0.0,0.0,0.0,-4.16,2.9,0.0
20231122:1710,0.0,0.0,0.0,-4.79,2.97,0.0
20231122:1810,0.0,0.0,0.0,-5.04,3.17,0.0
20231122:1910,0.0,0.0,0.0,-5.34,3.45,0.0
20231122:2010,0.0,0.0,0.0,-5.61,3.17,0.0
20231122:2110,0.0,0.0,0.0,-5.76,3.1,0.0
20231122:2210,0.0,0.0,0.0,-5.87,3.45,0.0
20231122:2310,0.0,0.0,0.0,-5.97,2.9,0.0
20231123:0010,0.0,0.0,0.0,-5.94,2.76,0.0
20231123:0110,0.0,0.0,0.0,-6.01,2.41,0.0
20231123:0210,0.0,0.0,0.0,-5.96,2.55,0.0
20231123:0310,0.0,0.0,0.0,-5.97,2.28,0.0
20231123:0410,0.0,0.0,0.0,-5.94,2.34,0.0
20231123:0510,0.0,0.0,0.0,-6.0,2.62,0.0
20231123:0610,3.83,12.55,5.04,-6.16,2.83,0.0
20231123:0710,59.01,76.85,11.53,-5.34,2.97,0.0
20231123:0810,34.07,50.21,16.27,-4.72,4.07,0.0
20231123:0910,42.88,60.07,18.84,-4.07,4.62,0.0
20231123:1010,62.68,81.58,19.0,-3.24,4.9,0.0
20231123:1110,41.72,59.17,16.73,-2.39,4.62,0.0
20231123:1210,34.37,51.1,12.25,-1.71,4.55,0.0
20231123:1310,7.91,18.83,5.96,-1.31,5.17,0.0
20231123:1410,0.0,0.0,0.0,-1.14,5.66,0.0
20231123:1510,0.0,0.0,0.0,-0.81,6.0,0.0
20231123:1610,0.0,0.0,0.0,-0.25,6.28,0.0
20231123:1710,0.0,0.0,0.0,0.56,6.55,0.0
20231123:1810,0.0,0.0,0.0,1.23,6.83,0.0
20231123:1910,0.0,0.0,0.0,1.84,6.76,0.0
20231123:2010,0.0,0.0,0.0,2.83,6.9,0.0
20231123:2110,0.0,0.0,0.0,3.34,7.03,0.0
20231123:2210,0.0,0.0,0.0,3.49,6.97,0.0
20231123:2310,0.0,0.0,0.0,3.52,6.9,0.0
20231124:0010,0.0,0.0,0.0,3.79,6.83,0.0
20231124:0110,0.0,0.0,0.0,3.76,7.03,0.0
20231124:0210,0.0,0.0,0.0,3.57,7.38,0.0
20231124:0310,0.0,0.0,0.0,3.57,7.31,0.0
20231124:0410,0.0,0.0,0.0,3.53,7.24,0.0
20231124:0510,0.0,0.0,0.0,3.3,6.97,0.0
20231124:0610,35.67,53.52,4.82,3.38,6.55,0.0
20231124:0710,14.22,27.79,11.31,4.38,6.28,0.0
20231124:0810,359.85,391.51,16.05,4.8,6.55,0.0
20231124:0910,144.14,169.78,18.63,5.04,6.48,0.0
20231124:1010,440.46,477.36,18.8,5.19,6.69,0.0
20231124:1110,25.71,42.14,16.55,4.82,6.28,0.0
20231124:1210,382.11,415.9,12.09,4.54,5.45,0.0
20231124:1310,130.98,156.03,5.82,3.83,4.76,0.0
20231124:1410,0.0,0.0,0.0,2.68,4.48,0.0
20231124:1510,0.0,0.0,0.0,1.94,4.55,0.0
20231124:1610,0.0,0.0,0.0,1.48,4.62,0.0
20231124:1710,0.0,0.0,0.0,1.15,4.55,0.0
20231124:1810,0.0,0.0,0.0,0.92,4.34,0.0
20231124:1910,0.0,0.0,0.0,1.0,4.14,0.0
20231124:2010,0.0,0.0,0.0,0.56,4.07,0.0
20231124:2110,0.0,0.0,0.0,0.25,4.21,0.0
20231124:2210,0.0,0.0,0.0,0.0,4.14,0.0
20231124:2310,0.0,0.0,0.0,-0.31,3.72,0.0
20231125:0010,0.0,0.0,0.0,-0.77,3.24,0.0
20231125:0110,0.0,0.0,0.0,-1.16,3.03,0.0
20231125:0210,0.0,0.0,0.0,-1.41,2.9,0.0
20231125:0310,0.0,0.0,0.0,-1.68,2.69,0.0
20231125:0410,0.0,0.0,0.0,-1.94,2.41,0.0
20231125:0510,0.0,0.0,0.0,-2.32,2.14,0.0
20231125:0610,132.64,154.89,4.61,-2.85,1.93,0.0
20231125:0710,415.21,447.56,11.1,-1.27,1.86,0.0
20231125:0810,573.92,625.04,15.84,0.25,2.07,0.0
20231125:0910,650.48,720.37,18.42,1.22,1.72,0.0
20231125:1010,643.81,715.95,18.61,2.01,1.66,0.0
20231125:1110,577.85,639.71,16.37,2.42,1.59,0.0
20231125:1210,477.43,526.64,11.93,2.39,1.31,0.0
20231125:1310,100.53,123.72,5.68,2.02,1.17,0.0
20231125:1410,0.0,0.0,0.0,0.83,1.52,0.0
20231125:1510,0.0,0.0,0.0,-0.94,1.52,0.0
20231125:1610,0.0,0.0,0.0,-1.47,1.38,0.0
20231125:1710,0.0,0.0,0.0,-1.76,1.38,0.0
20231125:1810,0.0,0.0,0.0,-1.83,1.31,0.0
20231125:1910,0.0,0.0,0.0,-0.69,0.55,0.0
20231125:2010,0.0,0.0,0.0,-0.8,0.28,0.0
20231125:2110,0.0,0.0,0.0,-0.98,0.62,0.0
20231125:2210,0.0,0.0,0.0,-2.27,1.1,0.0
20231125:2310,0.0,0.0,0.0,-2.93,1.38,0.0
20231126:0010,0.0,0.0,0.0,-2.97,1.45,0.0
20231126:0110,0.0,0.0,0.0,-2.71,1.72,0.0
20231126:0210,0.0,0.0,0.0,-2.68,1.66,0.0
20231126:0310,0.0,0.0,0.0,-2.17,1.79,0.0
20231126:0410,0.0,0.0,0.0,-1.72,2.07,0.0
20231126:0510,0.0,0.0,0.0,-1.49,2.34,0.0
20231126:0610,3.7,12.55,4.41,-1.31,2.83,0.0
20231126:0710,33.38,50.21,10.89,-0.73,2.9,0.0
20231126:0810,94.46,115.75,15.63,-0.21,3.38,0.0
20231126:0910,60.78,80.69,18.22,0.29,4.48,0.0
20231126:1010,34.02,51.1,18.42,0.39,4.69,0.0
20231126:1110,42.75,60.96,16.2,0.45,4.83,0.0
20231126:1210,30.13,46.62,11.78,0.33,5.1,0.0
20231126:1310,3.13,11.65,5.55,0.04,5.86,0.0
20231126:1410,0.0,0.0,0.0,-0.27,5.93,0.0
20231126:1510,0.0,0.0,0.0,-0.52,6.21,0.0
20231126:1610,0.0,0.0,0.0,-0.72,6.76,0.0
20231126:1710,0.0,0.0,0.0,-0.84,7.1,0.0
20231126:1810,0.0,0.0,0.0,-0.94,7.45,0.0
20231126:1910,0.0,0.0,0.0,-1.01,6.34,0.0
20231126:2010,0.0,0.0,0.0,-1.15,6.34,0.0
20231126:2110,0.0,0.0,0.0,-1.38,6.76,0.0
20231126:2210,0.0,0.0,0.0,-1.72,7.17,0.0
20231126:2310,0.0,0.0,0.0,-2.02,7.1,0.0
20231127:0010,0.0,0.0,0.0,-2.44,7.38,0.0
20231127:0110,0.0,0.0,0.0,-2.68,7.59,0.0
20231127:0210,0.0,0.0,0.0,-2.84,7.66,0.0
20231127:0310,0.0,0.0,0.0,-2.85,8.21,0.0
20231127:0410,0.0,0.0,0.0,-2.97,8.07,0.0
20231127:0510,0.0,0.0,0.0,-3.09,7.79,0.0
20231127:0610,0.0,4.48,4.21,-3.18,8.69,0.0
20231127:0710,9.29,20.62,10.69,-2.86,10.28,0.0
20231127:0810,26.71,42.14,15.43,-2.55,9.86,0.0
20231127:0910,40.96,58.27,18.03,-2.28,9.38,0.0
20231127:1010,74.18,93.82,18.24,-2.23,8.62,0.0
20231127:1110,197.44,217.05,16.04,-2.12,8.69,0.0
20231127:1210,198.7,218.03,11.64,-2.18,8.14,0.0
20231127:1310,7.32,17.93,5.43,-2.34,7.79,0.0
20231127:1410,0.0,0.0,0.0,-2.76,7.45,0.0
20231127:1510,0.0,0.0,0.0,-3.12,6.97,0.0
20231127:1610,0.0,0.0,0.0,-3.36,6.62,0.0
20231127:1710,0.0,0.0,0.0,-3.56,6.34,0.0
20231127:1810,0.0,0.0,0.0,-3.75,6.21,0.0
20231127:1910,0.0,0.0,0.0,-3.73,5.59,0.0
20231127:2010,0.0,0.0,0.0,-3.92,5.38,0.0
20231127:2110,0.0,0.0,0.0,-4.09,5.1,0.0
20231127:2210,0.0,0.0,0.0,-4.14,4.9,0.0
20231127:2310,0.0,0.0,0.0,-4.07,4.76,0.0
20231128:0010,0.0,0.0,0.0,-4.05,4.34,0.0
20231128:0110,0.0,0.0,0.0,-4.1,4.21,0.0
20231128:0210,0.0,0.0,0.0,-3.86,4.0,0.0
20231128:0310,0.0,0.0,0.0,-3.59,3.59,0.0
20231128:0410,0.0,0.0,0.0,-3.29,3.17,0.0
20231128:0510,0.0,0.0,0.0,-2.89,3.38,0.0
20231128:0610,2.65,10.76,4.01,-2.53,3.66,0.0
20231128:0710,295.93,318.56,10.49,-2.16,3.03,0.0
20231128:0810,435.56,463.15,15.23,-1.99,3.17,0.0
20231128:0910,523.51,557.87,17.84,-1.54,3.38,0.0
20231128:1010,519.7,555.65,18.07,-1.11,3.17,0.0
20231128:1110,501.5,536.21,15.88,-0.79,3.24,0.0
20231128:1210,519.47,556.47,11.5,-0.66,3.31,0.0
20231128:1310,9.19,20.62,5.31,-1.27,3.17,0.0
20231128:1410,0.0,0.0,0.0,-2.1,3.66,0.0
20231128:1510,0.0,0.0,0.0,-2.32,4.07,0.0
20231128:1610,0.0,0.0,0.0,-2.02,4.21,0.0
20231128:1710,0.0,0.0,0.0,-1.79,4.07,0.0
20231128:1810,0.0,0.0,0.0,-1.59,4.07,0.0
20231128:1910,0.0,0.0,0.0,-1.54,4.21,0.0
20231128:2010,0.0,0.0,0.0,-1.03,4.21,0.0
20231128:2110,0.0,0.0,0.0,-0.21,4.48,0.0
20231128:2210,0.0,0.0,0.0,0.63,5.1,0.0
20231128:2310,0.0,0.0,0.0,1.03,5.45,0.0
20231129:0010,0.0,0.0,0.0,1.34,5.66,0.0
20231129:0110,0.0,0.0,0.0,1.4,5.72,0.0
20231129:0210,0.0,0.0,0.0,1.18,5.59,0.0
20231129:0310,0.0,0.0,0.0,1.02,5.31,0.0
20231129:0410,0.0,0.0,0.0,0.94,4.83,0.0
20231129:0510,0.0,0.0,0.0,0.83,4.21,0.0
20231129:0610,0.0,4.96,3.82,0.72,3.45,0.0
20231129:0710,115.63,137.82,10.3,0.97,2.55,0.0
20231129:0810,23.86,39.45,15.04,1.33,1.93,0.0
20231129:0910,38.47,56.48,17.66,1.71,3.1,0.0
20231129:1010,44.13,62.76,17.9,1.53,4.83,0.0
20231129:1110,18.8,33.17,15.73,0.63,5.31,0.0
20231129:1210,3.69,12.55,11.37,-0.46,6.0,0.0
20231129:1310,0.0,4.48,5.2,-1.38,6.07,0.0
20231129:1410,0.0,0.0,0.0,-2.1,5.93,0.0
20231129:1510,0.0,0.0,0.0,-2.59,5.93,0.0
20231129:1610,0.0,0.0,0.0,-2.86,5.93,0.0
20231129:1710,0.0,0.0,0.0,-2.93,6.07,0.0
20231129:1810,0.0,0.0,0.0,-2.97,6.21,0.0
20231129:1910,0.0,0.0,0.0,-2.82,5.86,0.0
20231129:2010,0.0,0.0,0.0,-2.91,6.0,0.0
20231129:2110,0.0,0.0,0.0,-3.05,6.21,0.0
20231129:2210,0.0,0.0,0.0,-3.23,5.66,0.0
20231129:2310,0.0,0.0,0.0,-3.38,5.79,0.0
20231130:0010,0.0,0.0,0.0,-3.57,5.93,0.0
20231130:0110,0.0,0.0,0.0,-3.79,5.59,0.0
20231130:0210,0.0,0.0,0.0,-4.03,5.17,0.0
20231130:0310,0.0,0.0,0.0,-4.09,4.83,0.0
20231130:0410,0.0,0.0,0.0,-4.19,4.48,0.0
20231130:0510,0.0,0.0,0.0,-4.13,4.28,0.0
20231130:0610,7.58,18.19,3.64,-4.19,4.07,0.0
20231130:0710,301.85,320.45,10.11,-3.78,5.03,0.0
20231130:0810,462.67,484.72,14.86,-3.16,5.17,0.0
20231130:0910,311.39,332.29,17.49,-2.41,4.62,0.0
20231130:1010,426.97,452.43,17.74,-1.58,4.48,0.0
20231130:1110,496.31,526.83,15.59,-0.99,4.34,0.0
20231130:1210,256.95,279.56,11.25,-0.8,3.86,0.0
20231130:1310,16.49,30.08,5.09,-1.12,3.66,0.0
20231130:1410,0.0,0.0,0.0,-1.97,3.59,0.0
20231130:1510,0.0,0.0,0.0,-2.56,3.38,0.0
20231130:1610,0.0,0.0,0.0,-2.97,3.52,0.0
20231130:1710,0.0,0.0,0.0,-3.12,3.52,0.0
20231130:1810,0.0,0.0,0.0,-3.25,3.45,0.0
20231130:1910,0.0,0.0,0.0,-3.25,3.17,0.0
20231130:2010,0.0,0.0,0.0,-3.42,3.17,0.0
20231130:2110,0.0,0.0,0.0,-3.08,3.17,0.0
20231130:2210,0.0,0.0,0.0,-2.38,3.1,0.0
20231130:2310,0.0,0.0,0.0,-1.89,3.03,0.0
20231201:0010,0.0,0.0,0.0,-1.63,3.03,0.0
20231201:0110,0.0,0.0,0.0,-1.49,2.83,0.0
20231201:0210,0.0,0.0,0.0,-1.37,2.9,0.0
20231201:0310,0.0,0.0,0.0,-1.18,2.55,0.0
20231201:0410,0.0,0.0,0.0,-0.94,2.07,0.0
20231201:0510,0.0,0.0,0.0,-0.75,1.72,0.0
20231201:0610,0.0,2.48,3.45,-0.6,1.59,0.0
20231201:0710,43.19,61.18,9.93,-0.28,1.59,0.0
20231201:0810,64.43,84.5,14.68,0.03,1.86,0.0
20231201:0910,238.42,263.13,17.32,0.35,2.9,0.0
20231201:1010,57.3,77.1,17.58,0.58,2.69,0.0
20231201:1110,33.16,50.21,15.45,0.63,2.9,0.0
20231201:1210,151.57,174.21,11.13,0.44,2.69,0.0
20231201:1310,9.12,20.62,5.0,0.15,2.07,0.0
20231201:1410,0.0,0.0,0.0,-0.46,1.66,0.0
20231201:1510,0.0,0.0,0.0,-1.14,1.59,0.0
20231201:1610,0.0,0.0,0.0,-1.64,1.59,0.0
20231201:1710,0.0,0.0,0.0,-1.94,1.52,0.0
20231201:1810,0.0,0.0,0.0,-2.29,1.72,0.0
20231201:1910,0.0,0.0,0.0,-2.7,1.59,0.0
20231201:2010,0.0,0.0,0.0,-2.9,1.72,0.0
20231201:2110,0.0,0.0,0.0,-2.84,1.31,0.0
20231201:2210,0.0,0.0,0.0,-2.73,0.9,0.0
20231201:2310,0.0,0.0,0.0,-2.36,0.69,0.0
20231202:0010,0.0,0.0,0.0,-2.28,0.69,0.0
20231202:0110,0.0,0.0,0.0,-2.55,0.76,0.0
20231202:0210,0.0,0.0,0.0,-2.93,0.97,0.0
20231202:0310,0.0,0.0,0.0,-2.87,1.1,0.0
20231202:0410,0.0,0.0,0.0,-2.78,1.17,0.0
20231202:0510,0.0,0.0,0.0,-2.65,1.31,0.0
20231202:0610,0.0,2.48,3.28,-2.53,1.45,0.0
20231202:0710,2.65,10.76,9.76,-2.3,2.14,0.0
20231202:0810,19.02,33.17,14.51,-1.91,2.0,0.0
20231202:0910,9.87,21.52,17.16,-1.58,2.21,0.0
20231202:1010,23.44,38.55,17.44,-1.39,2.48,0.0
20231202:1110,45.5,63.65,15.32,-1.24,3.17,0.0
20231202:1210,15.35,28.69,11.03,-1.14,3.24,0.0
20231202:1310,0.0,5.38,4.91,-1.04,3.79,0.0
20231202:1410,0.0,0.0,0.0,-1.15,3.17,0.0
20231202:1510,0.0,0.0,0.0,-1.1,3.38,0.0
20231202:1610,0.0,0.0,0.0,-1.0,3.38,0.0
20231202:1710,0.0,0.0,0.0,-0.91,3.24,0.0
20231202:1810,0.0,0.0,0.0,-0.79,3.31,0.0
20231202:1910,0.0,0.0,0.0,-1.24,3.72,0.0
20231202:2010,0.0,0.0,0.0,-1.03,3.72,0.0
20231202:2110,0.0,0.0,0.0,-0.81,3.59,0.0
20231202:2210,0.0,0.0,0.0,-0.57,3.1,0.0
20231202:2310,0.0,0.0,0.0,-0.38,2.55,0.0
20231203:0010,0.0,0.0,0.0,-0.29,2.55,0.0
20231203:0110,0.0,0.0,0.0,-0.11,2.28,0.0
20231203:0210,0.0,0.0,0.0,0.09,1.52,0.0
20231203:0310,0.0,0.0,0.0,0.3,1.79,0.0
20231203:0410,0.0,0.0,0.0,0.68,2.14,0.0
20231203:0510,0.0,0.0,0.0,1.41,3.1,0.0
20231203:0610,2.55,10.75,3.11,2.58,4.28,0.0
20231203:0710,13.72,26.9,9.59,1.83,4.34,0.0
20231203:0810,181.73,204.67,14.35,1.33,6.21,0.0
20231203:0910,32.62,49.31,17.0,-0.46,7.1,0.0
20231203:1010,10.54,22.41,17.3,-1.47,6.69,0.0
20231203:1110,10.57,22.41,15.2,-1.92,6.9,0.0
20231203:1210,3.73,12.55,10.92,-2.35,6.69,0.0
20231203:1310,0.0,4.48,4.83,-2.76,5.93,0.0
20231203:1410,0.0,0.0,0.0,-3.08,5.45,0.0
20231203:1510,0.0,0.0,0.0,-3.2,5.24,0.0
20231203:1610,0.0,0.0,0.0,-3.29,5.03,0.0
20231203:1710,0.0,0.0,0.0,-3.29,4.76,0.0
20231203:1810,0.0,0.0,0.0,-3.29,4.48,0.0
20231203:1910,0.0,0.0,0.0,-2.62,3.86,0.0
20231203:2010,0.0,0.0,0.0,-2.69,3.79,0.0
20231203:2110,0.0,0.0,0.0,-2.65,3.59,0.0
20231203:2210,0.0,0.0,0.0,-2.86,3.45,0.0
20231203:2310,0.0,0.0,0.0,-3.04,3.31,0.0
20231204:0010,0.0,0.0,0.0,-3.29,3.31,0.0
20231204:0110,0.0,0.0,0.0,-3.47,3.45,0.0
20231204:0210,0.0,0.0,0.0,-3.62,3.59,0.0
20231204:0310,0.0,0.0,0.0,-3.76,3.59,0.0
20231204:0410,0.0,0.0,0.0,-3.76,3.45,0.0
20231204:0510,0.0,0.0,0.0,-3.65,3.1,0.0
20231204:0610,0.0,4.96,2.94,-3.53,2.07,0.0
20231204:0710,25.92,41.24,9.42,-3.0,2.0,0.0
20231204:0810,64.61,83.84,14.19,-2.24,3.03,0.0
20231204:0910,33.59,50.21,16.85,-1.8,4.07,0.0
20231204:1010,88.77,109.17,17.16,-2.05,4.34,0.0
20231204:1110,154.28,174.64,15.09,-2.61,4.41,0.0
20231204:1210,107.27,126.93,10.83,-3.03,3.79,0.0
20231204:1310,3.2,11.65,4.75,-3.14,3.24,0.0
20231204:1410,0.0,0.0,0.0,-3.2,3.1,0.0
20231204:1510,0.0,0.0,0.0,-3.33,3.1,0.0
20231204:1610,0.0,0.0,0.0,-3.42,3.31,0.0
20231204:1710,0.0,0.0,0.0,-3.25,3.31,0.0
20231204:1810,0.0,0.0,0.0,-3.29,3.17,0.0
20231204:1910,0.0,0.0,0.0,-2.95,3.31,0.0
20231204:2010,0.0,0.0,0.0,-2.71,3.17,0.0
20231204:2110,0.0,0.0,0.0,-2.6,3.17,0.0
20231204:2210,0.0,0.0,0.0,-2.58,3.17,0.0
20231204:2310,0.0,0.0,0.0,-2.68,3.1,0.0
20231205:0010,0.0,0.0,0.0,-2.84,3.1,0.0
20231205:0110,0.0,0.0,0.0,-3.09,3.1,0.0
20231205:0210,0.0,0.0,0.0,-3.47,2.9,0.0
20231205:0310,0.0,0.0,0.0,-3.91,2.48,0.0
20231205:0410,0.0,0.0,0.0,-4.84,1.93,0.0
20231205:0510,0.0,0.0,0.0,-6.0,1.66,0.0
20231205:0610,0.15,5.79,2.78,-6.6,1.66,0.0
20231205:0710,165.84,185.15,9.26,-5.16,1.31,0.0
20231205:0810,46.38,63.65,14.04,-5.51,1.59,0.0
20231205:0910,197.07,216.87,16.71,-5.01,1.59,0.0
20231205:1010,181.74,202.96,17.04,-3.26,1.79,0.0
20231205:1110,126.81,147.86,14.98,-2.32,2.14,0.0
20231205:1210,39.99,57.3,10.74,-1.96,2.41,0.0
20231205:1310,30.47,46.48,4.68,-2.05,2.34,0.0
20231205:1410,0.0,0.0,0.0,-2.65,2.55,0.0
20231205:1510,0.0,0.0,0.0,-3.31,2.76,0.0
20231205:1610,0.0,0.0,0.0,-3.6,2.83,0.0
20231205:1710,0.0,0.0,0.0,-3.71,2.9,0.0
20231205:1810,0.0,0.0,0.0,-3.58,2.97,0.0
20231205:1910,0.0,0.0,0.0,-3.28,3.03,0.0
20231205:2010,0.0,0.0,0.0,-3.07,3.03,0.0
20231205:2110,0.0,0.0,0.0,-3.06,3.1,0.0
20231205:2210,0.0,0.0,0.0,-2.97,3.24,0.0
20231205:2310,0.0,0.0,0.0,-2.93,3.24,0.0
20231206:0010,0.0,0.0,0.0,-2.96,3.24,0.0
20231206:0110,0.0,0.0,0.0,-3.0,3.24,0.0
20231206:0210,0.0,0.0,0.0,-3.01,3.17,0.0
20231206:0310,0.0,0.0,0.0,-3.06,3.1,0.0
20231206:0410,0.0,0.0,0.0,-3.15,3.03,0.0
20231206:0510,0.0,0.0,0.0,-3.27,2.97,0.0
20231206:0610,0.0,4.13,2.62,-3.59,2.9,0.0
20231206:0710,26.77,42.14,9.11,-3.44,2.83,0.0
20231206:0810,53.68,71.96,13.89,-3.01,3.79,0.0
20231206:0910,56.49,75.31,16.58,-2.34,3.52,0.0
20231206:1010,68.02,87.75,16.92,-1.62,3.79,0.0
20231206:1110,50.46,69.03,14.88,-1.46,3.38,0.0
20231206:1210,28.06,43.93,10.66,-1.54,3.1,0.0
20231206:1310,2.13,9.86,4.62,-1.95,2.76,0.0
20231206:1410,0.0,0.0,0.0,-2.88,2.76,0.0
20231206:1510,0.0,0.0,0.0,-3.79,2.83,0.0
20231206:1610,0.0,0.0,0.0,-4.26,2.69,0.0
20231206:1710,0.0,0.0,0.0,-4.69,2.48,0.0
20231206:1810,0.0,0.0,0.0,-5.26,2.41,0.0
20231206:1910,0.0,0.0,0.0,-5.25,2.62,0.0
20231206:2010,0.0,0.0,0.0,-5.33,2.62,0.0
20231206:2110,0.0,0.0,0.0,-5.66,2.55,0.0
20231206:2210,0.0,0.0,0.0,-5.89,2.62,0.0
20231206:2310,0.0,0.0,0.0,-6.34,2.69,0.0
20231207:0010,0.0,0.0,0.0,-6.89,2.69,0.0
20231207:0110,0.0,0.0,0.0,-7.34,2.69,0.0
20231207:0210,0.0,0.0,0.0,-7.72,2.76,0.0
20231207:0310,0.0,0.0,0.0,-7.99,2.83,0.0
20231207:0410,0.0,0.0,0.0,-8.17,2.83,0.0
20231207:0510,0.0,0.0,0.0,-8.17,2.62,0.0
20231207:0610,0.0,4.13,2.47,-8.32,2.55,0.0
20231207:0710,35.2,50.7,8.97,-8.29,2.62,0.0
20231207:0810,80.4,98.43,13.75,-7.06,2.97,0.0
20231207:0910,23.21,37.65,16.45,-5.72,3.45,0.0
20231207:1010,58.89,77.1,16.81,-5.07,2.97,0.0
20231207:1110,25.37,40.34,14.79,-4.58,2.9,0.0
20231207:1210,3.78,12.55,10.59,-4.22,3.03,0.0
20231207:1310,0.0,4.48,4.56,-4.07,3.17,0.0
20231207:1410,0.0,0.0,0.0,-4.05,2.9,0.0
20231207:1510,0.0,0.0,0.0,-3.97,2.83,0.0
20231207:1610,0.0,0.0,0.0,-3.83,2.76,0.0
20231207:1710,0.0,0.0,0.0,-3.69,2.76,0.0
20231207:1810,0.0,0.0,0.0,-3.5,2.69,0.0
20231207:1910,0.0,0.0,0.0,-3.89,2.69,0.0
20231207:2010,0.0,0.0,0.0,-3.77,2.34,0.0
20231207:2110,0.0,0.0,0.0,-3.57,2.28,0.0
20231207:2210,0.0,0.0,0.0,-3.39,2.21,0.0
20231207:2310,0.0,0.0,0.0,-3.25,2.14,0.0
20231208:0010,0.0,0.0,0.0,-3.11,2.21,0.0
20231208:0110,0.0,0.0,0.0,-2.99,2.34,0.0
20231208:0210,0.0,0.0,0.0,-2.88,2.48,0.0
20231208:0310,0.0,0.0,0.0,-2.78,2.48,0.0
20231208:0410,0.0,0.0,0.0,-2.71,2.55,0.0
20231208:0510,0.0,0.0,0.0,-2.69,2.62,0.0
20231208:0610,0.0,4.13,2.33,-2.71,2.62,0.0
20231208:0710,5.47,15.24,8.83,-2.43,2.69,0.0
20231208:0810,122.22,142.78,13.62,-2.09,3.45,0.0
20231208:0910,45.62,63.65,16.33,-1.84,3.03,0.0
20231208:1010,21.99,36.76,16.7,-1.86,2.55,0.0
20231208:1110,18.29,32.27,14.7,-1.88,2.41,0.0
20231208:1210,6.67,17.03,10.52,-1.84,2.41,0.0
20231208:1310,0.0,4.48,4.52,-1.98,2.14,0.0
20231208:1410,0.0,0.0,0.0,-2.28,2.14,0.0
20231208:1510,0.0,0.0,0.0,-2.56,2.07,0.0
20231208:1610,0.0,0.0,0.0,-2.75,2.07,0.0
20231208:1710,0.0,0.0,0.0,-3.17,2.07,0.0
20231208:1810,0.0,0.0,0.0,-3.56,1.66,0.0
20231208:1910,0.0,0.0,0.0,-3.71,1.45,0.0
20231208:2010,0.0,0.0,0.0,-3.71,1.24,0.0
20231208:2110,0.0,0.0,0.0,-3.64,1.24,0.0
20231208:2210,0.0,0.0,0.0,-3.72,1.24,0.0
20231208:2310,0.0,0.0,0.0,-3.6,1.17,0.0
20231209:0010,0.0,0.0,0.0,-3.59,1.1,0.0
20231209:0110,0.0,0.0,0.0,-3.55,1.17,0.0
20231209:0210,0.0,0.0,0.0,-3.69,1.24,0.0
20231209:0310,0.0,0.0,0.0,-3.91,1.38,0.0
20231209:0410,0.0,0.0,0.0,-3.83,1.38,0.0
20231209:0510,0.0,0.0,0.0,-3.82,1.17,0.0
20231209:0610,0.0,1.65,2.19,-3.84,1.24,0.0
20231209:0710,32.09,48.11,8.69,-3.72,1.31,0.0
20231209:0810,50.36,68.45,13.49,-3.22,1.38,0.0
20231209:0910,31.32,47.52,16.22,-2.83,1.24,0.0
20231209:1010,24.31,39.45,16.61,-2.51,1.1,0.0
20231209:1110,41.6,59.17,14.63,-2.38,1.1,0.0
20231209:1210,8.59,19.72,10.47,-2.27,1.31,0.0
20231209:1310,0.0,4.48,4.47,-2.38,1.52,0.0
20231209:1410,0.0,0.0,0.0,-2.67,1.31,0.0
20231209:1510,0.0,0.0,0.0,-2.94,1.52,0.0
20231209:1610,0.0,0.0,0.0,-3.22,1.59,0.0
20231209:1710,0.0,0.0,0.0,-3.55,1.66,0.0
20231209:1810,0.0,0.0,0.0,-4.02,1.66,0.0
20231209:1910,0.0,0.0,0.0,-4.27,1.66,0.0
20231209:2010,0.0,0.0,0.0,-4.48,1.66,0.0
20231209:2110,0.0,0.0,0.0,-4.61,1.52,0.0
20231209:2210,0.0,0.0,0.0,-4.74,1.38,0.0
20231209:2310,0.0,0.0,0.0,-4.74,1.24,0.0
20231210:0010,0.0,0.0,0.0,-4.72,1.1,0.0
20231210:0110,0.0,0.0,0.0,-4.74,1.1,0.0
20231210:0210,0.0,0.0,0.0,-4.77,1.38,0.0
20231210:0310,0.0,0.0,0.0,-4.79,1.66,0.0
20231210:0410,0.0,0.0,0.0,-4.79,1.86,0.0
20231210:0510,0.0,0.0,0.0,-4.74,1.86,0.0
20231210:0610,0.0,1.65,2.06,-4.67,1.72,0.0
20231210:0710,41.16,58.0,8.56,-4.35,1.45,0.0
20231210:0810,44.38,61.86,13.37,-3.85,1.93,0.0
20231210:0910,50.0,68.14,16.11,-3.23,1.93,0.0
20231210:1010,35.25,52.0,16.52,-2.57,1.86,0.0
20231210:1110,48.89,67.24,14.56,-2.05,1.79,0.0
20231210:1210,16.82,30.48,10.41,-1.7,1.86,0.0
20231210:1310,0.0,4.48,4.44,-1.53,1.79,0.0
20231210:1410,0.0,0.0,0.0,-1.63,1.38,0.0
20231210:1510,0.0,0.0,0.0,-1.87,1.66,0.0
20231210:1610,0.0,0.0,0.0,-1.83,2.07,0.0
20231210:1710,0.0,0.0,0.0,-1.85,2.21,0.0
20231210:1810,0.0,0.0,0.0,-1.72,2.28,0.0
20231210:1910,0.0,0.0,0.0,-1.99,2.28,0.0
20231210:2010,0.0,0.0,0.0,-1.82,2.21,0.0
20231210:2110,0.0,0.0,0.0,-1.69,2.34,0.0
20231210:2210,0.0,0.0,0.0,-1.51,2.48,0.0
20231210:2310,0.0,0.0,0.0,-1.33,2.48,0.0
20231211:0010,0.0,0.0,0.0,-1.16,2.55,0.0
20231211:0110,0.0,0.0,0.0,-1.03,2.41,0.0
20231211:0210,0.0,0.0,0.0,-0.97,2.28,0.0
20231211:0310,0.0,0.0,0.0,-1.1,2.21,0.0
20231211:0410,0.0,0.0,0.0,-0.96,2.28,0.0
20231211:0510,0.0,0.0,0.0,-0.98,2.48,0.0
20231211:0610,0.0,0.83,1.93,-0.97,2.69,0.0
20231211:0710,14.61,27.79,8.44,-0.74,2.83,0.0
20231211:0810,17.44,31.38,13.26,-0.53,3.03,0.0
20231211:0910,12.49,25.1,16.01,-0.23,3.31,0.0
20231211:1010,20.33,34.96,16.44,-0.21,3.17,0.0
20231211:1110,20.33,34.96,14.49,-0.13,3.72,0.0
20231211:1210,5.39,15.24,10.37,-0.17,2.97,0.0
20231211:1310,0.0,3.59,4.41,-0.23,2.62,0.0
20231211:1410,0.0,0.0,0.0,-0.69,2.48,0.0
20231211:1510,0.0,0.0,0.0,-0.99,2.55,0.0
20231211:1610,0.0,0.0,0.0,-1.36,2.62,0.0
20231211:1710,0.0,0.0,0.0,-1.46,2.55,0.0
20231211:1810,0.0,0.0,0.0,-1.26,2.55,0.0
20231211:1910,0.0,0.0,0.0,-0.73,2.55,0.0
20231211:2010,0.0,0.0,0.0,-0.54,2.48,0.0
20231211:2110,0.0,0.0,0.0,-0.51,2.41,0.0
20231211:2210,0.0,0.0,0.0,-0.58,2.48,0.0
20231211:2310,0.0,0.0,0.0,-0.76,2.48,0.0
20231212:0010,0.0,0.0,0.0,-1.01,2.62,0.0
20231212:0110,0.0,0.0,0.0,-1.45,2.62,0.0
20231212:0210,0.0,0.0,0.0,-1.92,2.62,0.0
20231212:0310,0.0,0.0,0.0,-2.0,2.62,0.0
20231212:0410,0.0,0.0,0.0,-1.93,2.69,0.0
20231212:0510,0.0,0.0,0.0,-1.98,2.62,0.0
20231212:0610,0.0,0.83,1.81,-1.95,2.69,0.0
20231212:0710,327.72,352.02,8.33,-1.81,2.97,0.0
20231212:0810,181.78,202.87,13.16,-1.7,3.45,0.0
20231212:0910,42.3,60.07,15.92,-1.48,3.1,0.0
20231212:1010,31.1,47.52,16.36,-1.16,2.76,0.0
20231212:1110,12.52,25.1,14.44,-0.73,2.76,0.0
20231212:1210,114.53,135.74,10.33,-0.42,2.76,0.0
20231212:1310,53.31,72.1,4.39,-0.35,2.62,0.0
20231212:1410,0.0,0.0,0.0,-0.6,2.55,0.0
20231212:1510,0.0,0.0,0.0,-0.82,2.69,0.0
20231212:1610,0.0,0.0,0.0,-0.85,2.69,0.0
20231212:1710,0.0,0.0,0.0,-0.99,2.55,0.0
20231212:1810,0.0,0.0,0.0,-1.05,2.41,0.0
20231212:1910,0.0,0.0,0.0,-1.32,2.41,0.0
20231212:2010,0.0,0.0,0.0,-1.33,2.41,0.0
20231212:2110,0.0,0.0,0.0,-0.95,2.34,0.0
20231212:2210,0.0,0.0,0.0,-0.77,2.28,0.0
20231212:2310,0.0,0.0,0.0,-0.62,2.21,0.0
20231213:0010,0.0,0.0,0.0,-0.45,2.21,0.0
20231213:0110,0.0,0.0,0.0,-0.22,2.21,0.0
20231213:0210,0.0,0.0,0.0,-0.03,2.21,0.0
20231213:0310,0.0,0.0,0.0,0.06,2.28,0.0
20231213:0410,0.0,0.0,0.0,0.16,2.34,0.0
20231213:0510,0.0,0.0,0.0,0.39,2.34,0.0
20231213:0610,0.0,0.83,1.69,0.53,2.34,0.0
20231213:0710,27.75,43.82,8.22,0.59,2.48,0.0
20231213:0810,33.88,51.1,13.06,0.94,2.34,0.0
20231213:0910,55.45,75.31,15.84,1.26,2.28,0.0
20231213:1010,36.12,53.79,16.3,1.55,2.41,0.0
20231213:1110,25.3,41.24,14.39,1.87,2.34,0.0
20231213:1210,221.67,247.5,10.3,1.82,2.14,0.0
20231213:1310,60.36,80.34,4.38,1.65,2.28,0.0
20231213:1410,0.0,0.0,0.0,1.24,2.55,0.0
20231213:1510,0.0,0.0,0.0,1.01,2.76,0.0
20231213:1610,0.0,0.0,0.0,1.02,2.97,0.0
20231213:1710,0.0,0.0,0.0,1.07,3.17,0.0
20231213:1810,0.0,0.0,0.0,1.14,3.31,0.0
20231213:1910,0.0,0.0,0.0,0.71,3.72,0.0
20231213:2010,0.0,0.0,0.0,0.73,4.0,0.0
20231213:2110,0.0,0.0,0.0,0.69,4.41,0.0
20231213:2210,0.0,0.0,0.0,0.64,4.69,0.0
20231213:2310,0.0,0.0,0.0,0.58,4.97,0.0
20231214:0010,0.0,0.0,0.0,0.52,5.03,0.0
20231214:0110,0.0,0.0,0.0,0.36,5.24,0.0
20231214:0210,0.0,0.0,0.0,0.2,5.31,0.0
20231214:0310,0.0,0.0,0.0,0.04,5.31,0.0
20231214:0410,0.0,0.0,0.0,-0.07,5.38,0.0
20231214:0510,0.0,0.0,0.0,-0.16,5.31,0.0
20231214:0610,0.0,0.83,1.58,-0.28,5.1,0.0
20231214:0710,4.81,14.34,8.12,-0.2,5.31,0.0
20231214:0810,13.86,26.9,12.97,0.01,4.83,0.0
20231214:0910,17.37,31.38,15.76,0.39,4.48,0.0
20231214:1010,31.59,48.41,16.24,0.8,3.93,0.0
20231214:1110,15.86,29.59,14.35,1.23,3.17,0.0
20231214:1210,20.15,34.96,10.28,1.48,2.34,0.0
20231214:1310,0.0,4.48,4.37,1.3,1.1,0.0
20231214:1410,0.0,0.0,0.0,1.28,1.66,0.0
20231214:1510,0.0,0.0,0.0,1.14,2.41,0.0
20231214:1610,0.0,0.0,0.0,0.8,2.9,0.0
20231214:1710,0.0,0.0,0.0,0.3,3.38,0.0
20231214:1810,0.0,0.0,0.0,-0.12,3.93,0.0
20231214:1910,0.0,0.0,0.0,-1.88,4.48,0.0
20231214:2010,0.0,0.0,0.0,-2.8,4.76,0.0
20231214:2110,0.0,0.0,0.0,-3.46,4.28,0.0
20231214:2210,0.0,0.0,0.0,-4.02,4.48,0.0
20231214:2310,0.0,0.0,0.0,-4.37,3.86,0.0
20231215:0010,0.0,0.0,0.0,-4.69,3.72,0.0
20231215:0110,0.0,0.0,0.0,-4.97,4.07,0.0
20231215:0210,0.0,0.0,0.0,-5.32,3.79,0.0
20231215:0310,0.0,0.0,0.0,-5.51,3.59,0.0
20231215:0410,0.0,0.0,0.0,-5.54,3.45,0.0
20231215:0510,0.0,0.0,0.0,-5.42,3.24,0.0
20231215:0610,0.0,0.83,1.48,-5.09,3.1,0.0
20231215:0710,30.92,46.69,8.02,-3.96,2.76,0.0
20231215:0810,72.76,92.0,12.88,-3.04,2.55,0.0
20231215:0910,30.43,46.62,15.69,-1.81,3.17,0.0
20231215:1010,23.39,38.55,16.19,-0.89,3.38,0.0
20231215:1110,16.0,29.59,14.32,-0.36,3.66,0.0
20231215:1210,9.81,21.52,10.27,-0.37,4.0,0.0
20231215:1310,0.0,3.59,4.38,-0.93,4.14,0.0
20231215:1410,0.0,0.0,0.0,-2.17,3.86,0.0
20231215:1510,0.0,0.0,0.0,-3.03,4.0,0.0
20231215:1610,0.0,0.0,0.0,-3.68,3.86,0.0
20231215:1710,0.0,0.0,0.0,-3.66,3.79,0.0
20231215:1810,0.0,0.0,0.0,-3.62,3.45,0.0
20231215:1910,0.0,0.0,0.0,-2.84,3.45,0.0
20231215:2010,0.0,0.0,0.0,-2.95,3.17,0.0
20231215:2110,0.0,0.0,0.0,-3.11,2.83,0.0
20231215:2210,0.0,0.0,0.0,-3.41,2.62,0.0
20231215:2310,0.0,0.0,0.0,-3.7,2.55,0.0
20231216:0010,0.0,0.0,0.0,-3.64,2.48,0.0
20231216:0110,0.0,0.0,0.0,-3.17,2.48,0.0
20231216:0210,0.0,0.0,0.0,-2.62,2.62,0.0
20231216:0310,0.0,0.0,0.0,-2.18,2.62,0.0
20231216:0410,0.0,0.0,0.0,-2.03,2.21,0.0
20231216:0510,0.0,0.0,0.0,-2.21,2.34,0.0
20231216:0610,0.0,0.83,1.38,-1.94,2.69,0.0
20231216:0710,29.69,45.84,7.93,-0.79,2.9,0.0
20231216:0810,76.89,97.23,12.81,-0.3,3.1,0.0
20231216:0910,46.74,65.45,15.63,0.39,2.9,0.0
20231216:1010,49.08,68.14,16.14,0.81,3.1,0.0
20231216:1110,10.38,22.41,14.29,1.12,2.97,0.0
20231216:1210,7.17,17.93,10.26,1.13,2.97,0.0
20231216:1310,3.11,11.65,4.38,0.92,2.9,0.0
20231216:1410,0.0,0.0,0.0,0.77,3.17,0.0
20231216:1510,0.0,0.0,0.0,0.81,3.66,0.0
20231216:1610,0.0,0.0,0.0,0.91,3.93,0.0
20231216:1710,0.0,0.0,0.0,1.01,3.93,0.0
20231216:1810,0.0,0.0,0.0,1.03,3.79,0.0
20231216:1910,0.0,0.0,0.0,1.29,3.79,0.0
20231216:2010,0.0,0.0,0.0,1.49,3.86,0.0
20231216:2110,0.0,0.0,0.0,1.65,3.86,0.0
20231216:2210,0.0,0.0,0.0,1.72,3.86,0.0
20231216:2310,0.0,0.0,0.0,1.72,3.66,0.0
20231217:0010,0.0,0.0,0.0,1.6,3.45,0.0
20231217:0110,0.0,0.0,0.0,1.59,3.66,0.0
20231217:0210,0.0,0.0,0.0,1.68,3.72,0.0
20231217:0310,0.0,0.0,0.0,1.71,3.72,0.0
20231217:0410,0.0,0.0,0.0,1.78,4.07,0.0
20231217:0510,0.0,0.0,0.0,1.94,4.34,0.0
20231217:0610,0.0,0.0,0.0,2.22,4.55,0.0
20231217:0710,1.12,8.07,7.85,2.49,4.9,0.0
20231217:0810,5.3,15.24,12.74,2.65,4.9,0.0
20231217:0910,64.4,85.3,15.58,2.8,4.83,0.0
20231217:1010,15.02,28.69,16.11,3.01,4.9,0.0
20231217:1110,45.37,64.55,14.28,3.19,4.9,0.0
20231217:1210,8.96,20.62,10.26,3.39,4.83,0.0
20231217:1310,0.0,3.59,4.4,3.57,4.55,0.0
20231217:1410,0.0,0.0,0.0,3.63,4.41,0.0
20231217:1510,0.0,0.0,0.0,3.75,4.34,0.0
20231217:1610,0.0,0.0,0.0,3.81,4.07,0.0
20231217:1710,0.0,0.0,0.0,3.82,3.79,0.0
20231217:1810,0.0,0.0,0.0,3.83,3.59,0.0
20231217:1910,0.0,0.0,0.0,3.68,3.52,0.0
20231217:2010,0.0,0.0,0.0,3.8,3.79,0.0
20231217:2110,0.0,0.0,0.0,3.99,4.07,0.0
20231217:2210,0.0,0.0,0.0,4.06,3.93,0.0
20231217:2310,0.0,0.0,0.0,4.03,4.07,0.0
20231218:0010,0.0,0.0,0.0,4.12,4.41,0.0
20231218:0110,0.0,0.0,0.0,4.2,4.62,0.0
20231218:0210,0.0,0.0,0.0,4.32,4.69,0.0
20231218:0310,0.0,0.0,0.0,4.43,4.69,0.0
20231218:0410,0.0,0.0,0.0,4.5,4.62,0.0
20231218:0510,0.0,0.0,0.0,4.48,4.48,0.0
20231218:0610,0.0,0.0,0.0,4.44,4.34,0.0
20231218:0710,60.54,81.07,7.78,4.48,4.34,0.0
20231218:0810,10.84,23.31,12.67,4.48,4.21,0.0
20231218:0910,28.73,45.72,15.53,4.5,4.07,0.0
20231218:1010,10.19,22.41,16.08,4.4,3.86,0.0
20231218:1110,116.67,140.75,14.27,4.34,3.86,0.0
20231218:1210,18.43,33.17,10.27,4.27,3.72,0.0
20231218:1310,0.0,3.59,4.42,4.11,3.59,0.0
20231218:1410,0.0,0.0,0.0,4.5,3.52,0.0
20231218:1510,0.0,0.0,0.0,4.42,3.45,0.0
20231218:1610,0.0,0.0,0.0,4.37,3.31,0.0
20231218:1710,0.0,0.0,0.0,4.33,3.1,0.0
20231218:1810,0.0,0.0,0.0,4.28,2.9,0.0
20231218:1910,0.0,0.0,0.0,3.97,2.69,0.0
20231218:2010,0.0,0.0,0.0,3.68,2.69,0.0
20231218:2110,0.0,0.0,0.0,3.9,2.69,0.0
20231218:2210,0.0,0.0,0.0,4.02,2.76,0.0
20231218:2310,0.0,0.0,0.0,4.05,2.69,0.0
20231219:0010,0.0,0.0,0.0,4.07,2.62,0.0
20231219:0110,0.0,0.0,0.0,3.77,2.62,0.0
20231219:0210,0.0,0.0,0.0,3.99,2.69,0.0
20231219:0310,0.0,0.0,0.0,4.05,2.69,0.0
20231219:0410,0.0,0.0,0.0,4.11,2.69,0.0
20231219:0510,0.0,0.0,0.0,4.15,2.76,0.0
20231219:0610,0.0,0.0,0.0,4.24,2.97,0.0
20231219:0710,3.57,12.55,7.71,4.16,3.17,0.0
20231219:0810,33.31,51.1,12.62,4.45,3.66,0.0
20231219:0910,21.27,36.76,15.49,4.78,3.93,0.0
20231219:1010,85.0,108.14,16.06,4.97,3.93,0.0
20231219:1110,22.71,38.55,14.26,4.97,4.0,0.0
20231219:1210,173.73,200.12,10.28,5.34,4.0,0.0
20231219:1310,51.98,72.14,4.45,5.5,4.0,0.0
20231219:1410,0.0,0.0,0.0,5.3,3.93,0.0
20231219:1510,0.0,0.0,0.0,5.23,3.79,0.0
20231219:1610,0.0,0.0,0.0,5.48,3.72,0.0
20231219:1710,0.0,0.0,0.0,5.48,3.66,0.0
20231219:1810,0.0,0.0,0.0,5.55,3.45,0.0
20231219:1910,0.0,0.0,0.0,5.41,3.1,0.0
20231219:2010,0.0,0.0,0.0,5.5,3.1,0.0
20231219:2110,0.0,0.0,0.0,5.62,3.24,0.0
20231219:2210,0.0,0.0,0.0,5.8,3.31,0.0
20231219:2310,0.0,0.0,0.0,5.69,3.79,0.0
20231220:0010,0.0,0.0,0.0,5.29,4.07,0.0
20231220:0110,0.0,0.0,0.0,4.49,4.14,0.0
20231220:0210,0.0,0.0,0.0,4.13,4.0,0.0
20231220:0310,0.0,0.0,0.0,4.03,3.86,0.0
20231220:0410,0.0,0.0,0.0,3.71,3.66,0.0
20231220:0510,0.0,0.0,0.0,3.26,3.45,0.0
20231220:0610,0.0,0.0,0.0,2.82,3.38,0.0
20231220:0710,26.15,42.36,7.65,3.36,3.38,0.0
20231220:0810,225.81,253.47,12.57,4.26,3.31,0.0
20231220:0910,349.54,386.1,15.46,5.37,2.9,0.0
20231220:1010,625.37,696.97,16.04,6.08,2.97,0.0
20231220:1110,605.23,674.44,14.27,6.56,3.03,0.0
20231220:1210,285.31,318.92,10.31,6.59,3.24,0.0
20231220:1310,81.85,104.91,4.49,5.85,2.97,0.0
20231220:1410,0.0,0.0,0.0,4.77,2.83,0.0
20231220:1510,0.0,0.0,0.0,3.96,2.97,0.0
20231220:1610,0.0,0.0,0.0,3.55,3.03,0.0
20231220:1710,0.0,0.0,0.0,3.19,3.1,0.0
20231220:1810,0.0,0.0,0.0,3.2,3.24,0.0
20231220:1910,0.0,0.0,0.0,3.86,3.1,0.0
20231220:2010,0.0,0.0,0.0,3.75,3.03,0.0
20231220:2110,0.0,0.0,0.0,3.67,3.17,0.0
20231220:2210,0.0,0.0,0.0,3.54,3.38,0.0
20231220:2310,0.0,0.0,0.0,3.25,3.59,0.0
20231221:0010,0.0,0.0,0.0,2.76,3.45,0.0
20231221:0110,0.0,0.0,0.0,2.73,3.38,0.0
20231221:0210,0.0,0.0,0.0,2.92,3.38,0.0
20231221:0310,0.0,0.0,0.0,2.9,3.24,0.0
20231221:0410,0.0,0.0,0.0,2.71,3.1,0.0
20231221:0510,0.0,0.0,0.0,2.66,3.03,0.0
20231221:0610,0.0,0.0,0.0,2.64,2.83,0.0
20231221:0710,253.37,281.87,7.59,3.29,3.03,0.0
20231221:0810,135.09,159.56,12.53,3.92,3.1,0.0
20231221:0910,583.58,643.15,15.44,4.58,3.03,0.0
20231221:1010,477.09,520.56,16.04,5.02,4.28,0.0
20231221:1110,387.09,423.94,14.28,5.08,3.86,0.0
20231221:1210,344.47,379.85,10.34,4.95,2.97,0.0
20231221:1310,207.6,237.17,4.53,4.37,2.55,0.0
20231221:1410,0.0,0.0,0.0,3.34,2.69,0.0
20231221:1510,0.0,0.0,0.0,2.61,2.97,0.0
20231221:1610,0.0,0.0,0.0,2.13,3.24,0.0
20231221:1710,0.0,0.0,0.0,1.82,3.72,0.0
20231221:1810,0.0,0.0,0.0,1.88,4.21,0.0
20231221:1910,0.0,0.0,0.0,1.52,4.14,0.0
20231221:2010,0.0,0.0,0.0,1.58,4.28,0.0
20231221:2110,0.0,0.0,0.0,1.53,4.55,0.0
20231221:2210,0.0,0.0,0.0,1.53,4.62,0.0
20231221:2310,0.0,0.0,0.0,1.59,4.62,0.0
20231222:0010,0.0,0.0,0.0,1.58,4.69,0.0
20231222:0110,0.0,0.0,0.0,1.66,4.83,0.0
20231222:0210,0.0,0.0,0.0,1.52,5.03,0.0
20231222:0310,0.0,0.0,0.0,1.52,5.03,0.0
20231222:0410,0.0,0.0,0.0,1.53,4.9,0.0
20231222:0510,0.0,0.0,0.0,1.58,4.62,0.0
20231222:0610,0.0,0.0,0.0,1.66,4.41,0.0
20231222:0710,78.94,99.75,7.54,1.93,4.21,0.0
20231222:0810,54.06,73.81,12.5,2.53,4.14,0.0
20231222:0910,37.49,55.58,15.42,2.87,4.14,0.0
20231222:1010,22.2,37.65,16.04,3.01,4.0,0.0
20231222:1110,19.29,34.07,14.3,2.92,3.66,0.0
20231222:1210,17.88,32.27,10.37,2.58,3.24,0.0
20231222:1310,0.0,4.48,4.58,2.35,2.76,0.0
20231222:1410,0.0,0.0,0.0,2.23,2.41,0.0
20231222:1510,0.0,0.0,0.0,2.21,2.48,0.0
20231222:1610,0.0,0.0,0.0,2.27,2.69,0.0
20231222:1710,0.0,0.0,0.0,2.22,2.9,0.0
20231222:1810,0.0,0.0,0.0,1.74,2.97,0.0
20231222:1910,0.0,0.0,0.0,1.15,3.31,0.0
20231222:2010,0.0,0.0,0.0,0.27,3.38,0.0
20231222:2110,0.0,0.0,0.0,-0.45,3.45,0.0
20231222:2210,0.0,0.0,0.0,-0.81,3.72,0.0
20231222:2310,0.0,0.0,0.0,-0.57,4.0,0.0
20231223:0010,0.0,0.0,0.0,-0.19,4.07,0.0
20231223:0110,0.0,0.0,0.0,0.26,4.07,0.0
20231223:0210,0.0,0.0,0.0,0.44,4.0,0.0
20231223:0310,0.0,0.0,0.0,0.43,3.93,0.0
20231223:0410,0.0,0.0,0.0,0.36,3.86,0.0
20231223:0510,0.0,0.0,0.0,0.25,3.79,0.0
20231223:0610,0.0,0.0,0.0,0.32,3.72,0.0
20231223:0710,18.85,33.17,7.5,0.04,3.52,0.0
20231223:0810,405.13,435.29,12.47,0.56,3.45,0.0
20231223:0910,290.75,317.15,15.41,1.21,3.38,0.0
20231223:1010,48.95,68.14,16.05,1.66,5.1,0.0
20231223:1110,16.54,30.48,14.33,1.71,4.34,0.0
20231223:1210,13.05,26.0,10.42,1.52,3.72,0.0
20231223:1310,6.56,17.03,4.64,0.88,3.38,0.0
20231223:1410,0.0,0.0,0.0,0.09,3.03,0.0
20231223:1510,0.0,0.0,0.0,-0.52,3.03,0.0
20231223:1610,0.0,0.0,0.0,-1.13,3.31,0.0
20231223:1710,0.0,0.0,0.0,-1.31,3.66,0.0
20231223:1810,0.0,0.0,0.0,-1.42,3.86,0.0
20231223:1910,0.0,0.0,0.0,-1.28,4.0,0.0
20231223:2010,0.0,0.0,0.0,-1.18,4.21,0.0
20231223:2110,0.0,0.0,0.0,-1.2,4.21,0.0
20231223:2210,0.0,0.0,0.0,-1.42,4.07,0.0
20231223:2310,0.0,0.0,0.0,-1.65,4.07,0.0
20231224:0010,0.0,0.0,0.0,-1.54,4.14,0.0
20231224:0110,0.0,0.0,0.0,-0.96,4.28,0.0
20231224:0210,0.0,0.0,0.0,-0.76,4.28,0.0
20231224:0310,0.0,0.0,0.0,-0.7,4.41,0.0
20231224:0410,0.0,0.0,0.0,-0.64,4.76,0.0
20231224:0510,0.0,0.0,0.0,-0.57,4.9,0.0
20231224:0610,0.0,0.0,0.0,-0.41,4.83,0.0
20231224:0710,128.93,150.34,7.47,0.04,4.69,0.0
20231224:0810,76.33,96.77,12.45,0.32,4.07,0.0
20231224:0910,374.25,399.76,15.41,0.45,5.45,0.0
20231224:1010,11.76,24.21,16.07,0.61,6.21,0.0
20231224:1110,46.73,65.45,14.37,0.9,6.41,0.0
20231224:1210,13.1,26.0,10.47,0.89,5.03,0.0
20231224:1310,0.71,7.17,4.7,0.8,5.59,0.0
20231224:1410,0.0,0.0,0.0,0.38,5.1,0.0
20231224:1510,0.0,0.0,0.0,0.27,4.9,0.0
20231224:1610,0.0,0.0,0.0,0.27,4.62,0.0
20231224:1710,0.0,0.0,0.0,0.17,4.21,0.0
20231224:1810,0.0,0.0,0.0,0.08,3.93,0.0
20231224:1910,0.0,0.0,0.0,-0.09,3.93,0.0
20231224:2010,0.0,0.0,0.0,-0.24,3.45,0.0
20231224:2110,0.0,0.0,0.0,-0.43,2.9,0.0
20231224:2210,0.0,0.0,0.0,-0.7,2.55,0.0
20231224:2310,0.0,0.0,0.0,-0.71,2.62,0.0
20231225:0010,0.0,0.0,0.0,-0.86,2.69,0.0
20231225:0110,0.0,0.0,0.0,-1.08,3.03,0.0
20231225:0210,0.0,0.0,0.0,-1.23,3.59,0.0
20231225:0310,0.0,0.0,0.0,-1.11,4.14,0.0
20231225:0410,0.0,0.0,0.0,-0.72,4.28,0.0
20231225:0510,0.0,0.0,0.0,-0.04,4.83,0.0
20231225:0610,0.0,0.0,0.0,0.57,4.97,0.0
20231225:0710,4.77,14.34,7.44,1.24,5.1,0.0
20231225:0810,326.95,354.52,12.44,2.7,5.31,0.0
20231225:0910,75.21,97.39,15.42,4.57,5.45,0.0
20231225:1010,158.51,185.14,16.1,6.09,5.72,0.0
20231225:1110,114.06,139.33,14.41,6.96,5.66,0.0
20231225:1210,248.41,279.09,10.53,7.08,5.1,0.0
20231225:1310,2.99,11.65,4.77,6.69,4.62,0.0
20231225:1410,0.0,0.0,0.0,6.0,4.34,0.0
20231225:1510,0.0,0.0,0.0,6.25,4.76,0.0
20231225:1610,0.0,0.0,0.0,6.42,4.48,0.0
20231225:1710,0.0,0.0,0.0,6.61,5.24,0.0
20231225:1810,0.0,0.0,0.0,6.67,5.66,0.0
20231225:1910,0.0,0.0,0.0,6.59,5.03,0.0
20231225:2010,0.0,0.0,0.0,6.72,5.86,0.0
20231225:2110,0.0,0.0,0.0,6.31,6.41,0.0
20231225:2210,0.0,0.0,0.0,5.86,6.55,0.0
20231225:2310,0.0,0.0,0.0,5.55,6.48,0.0
20231226:0010,0.0,0.0,0.0,5.17,6.48,0.0
20231226:0110,0.0,0.0,0.0,4.93,6.48,0.0
20231226:0210,0.0,0.0,0.0,4.59,6.34,0.0
20231226:0310,0.0,0.0,0.0,4.33,6.14,0.0
20231226:0410,0.0,0.0,0.0,3.96,5.79,0.0
20231226:0510,0.0,0.0,0.0,3.6,5.45,0.0
20231226:0610,0.0,0.0,0.0,3.34,5.1,0.0
20231226:0710,332.72,364.31,7.42,3.92,4.83,0.0
20231226:0810,576.97,627.76,12.44,4.46,4.76,0.0
20231226:0910,672.59,741.42,15.43,5.33,4.28,0.0
20231226:1010,675.42,752.5,16.13,6.14,3.52,0.0
20231226:1110,402.61,445.17,14.46,6.98,3.52,0.0
20231226:1210,51.47,72.18,10.59,7.16,3.1,0.0
20231226:1310,13.49,27.02,4.85,6.87,2.28,0.0
20231226:1410,0.0,0.0,0.0,6.63,3.03,0.0
20231226:1510,0.0,0.0,0.0,7.39,4.55,0.0
20231226:1610,0.0,0.0,0.0,8.27,5.59,0.0
20231226:1710,0.0,0.0,0.0,8.65,5.79,0.0
20231226:1810,0.0,0.0,0.0,9.14,6.0,0.0
20231226:1910,0.0,0.0,0.0,9.08,5.72,0.0
20231226:2010,0.0,0.0,0.0,8.94,5.52,0.0
20231226:2110,0.0,0.0,0.0,8.5,5.24,0.0
20231226:2210,0.0,0.0,0.0,8.15,5.31,0.0
20231226:2310,0.0,0.0,0.0,7.69,5.52,0.0
20231227:0010,0.0,0.0,0.0,7.27,5.72,0.0
20231227:0110,0.0,0.0,0.0,7.02,5.59,0.0
20231227:0210,0.0,0.0,0.0,6.59,5.52,0.0
20231227:0310,0.0,0.0,0.0,6.42,5.66,0.0
20231227:0410,0.0,0.0,0.0,6.19,5.72,0.0
20231227:0510,0.0,0.0,0.0,6.06,5.79,0.0
20231227:0610,0.0,0.0,0.0,5.66,6.48,0.0
20231227:0710,3.02,11.65,7.41,5.02,7.1,0.0
20231227:0810,49.79,69.63,12.44,4.47,7.93,0.0
20231227:0910,96.71,119.88,15.45,4.44,7.86,0.0
20231227:1010,28.79,45.72,16.17,4.36,7.24,0.0
20231227:1110,28.0,44.83,14.52,4.51,6.48,0.0
20231227:1210,14.9,28.69,10.66,4.66,7.03,0.0
20231227:1310,0.0,4.48,4.93,3.75,7.03,0.0
20231227:1410,0.0,0.0,0.0,2.91,6.76,0.0
20231227:1510,0.0,0.0,0.0,2.52,6.28,0.0
20231227:1610,0.0,0.0,0.0,1.95,6.28,0.0
20231227:1710,0.0,0.0,0.0,1.8,5.86,0.0
20231227:1810,0.0,0.0,0.0,1.69,5.38,0.0
20231227:1910,0.0,0.0,0.0,1.76,5.17,0.0
20231227:2010,0.0,0.0,0.0,1.8,5.1,0.0
20231227:2110,0.0,0.0,0.0,1.71,4.9,0.0
20231227:2210,0.0,0.0,0.0,1.6,4.62,0.0
20231227:2310,0.0,0.0,0.0,1.42,4.34,0.0
20231228:0010,0.0,0.0,0.0,1.33,4.28,0.0
20231228:0110,0.0,0.0,0.0,1.42,4.21,0.0
20231228:0210,0.0,0.0,0.0,1.58,4.14,0.0
20231228:0310,0.0,0.0,0.0,1.74,4.07,0.0
20231228:0410,0.0,0.0,0.0,1.71,3.66,0.0
20231228:0510,0.0,0.0,0.0,1.43,3.38,0.0
20231228:0610,0.0,0.0,0.0,1.04,3.1,0.0
20231228:0710,60.84,80.4,7.41,1.04,2.97,0.0
20231228:0810,154.69,178.25,12.46,1.58,2.62,0.0
20231228:0910,171.14,195.69,15.48,2.04,2.97,0.0
20231228:1010,56.73,77.1,16.22,2.75,3.31,0.0
20231228:1110,452.17,492.39,14.59,3.19,3.03,0.0
20231228:1210,497.35,545.15,10.74,3.36,2.48,0.0
20231228:1310,248.66,278.79,5.02,3.0,2.41,0.0
20231228:1410,0.0,0.0,0.0,2.19,2.9,0.0
20231228:1510,0.0,0.0,0.0,1.87,3.31,0.0
20231228:1610,0.0,0.0,0.0,1.7,3.59,0.0
20231228:1710,0.0,0.0,0.0,1.7,3.66,0.0
20231228:1810,0.0,0.0,0.0,1.72,3.72,0.0
20231228:1910,0.0,0.0,0.0,2.09,3.79,0.0
20231228:2010,0.0,0.0,0.0,2.18,3.72,0.0
20231228:2110,0.0,0.0,0.0,2.86,3.72,0.0
20231228:2210,0.0,0.0,0.0,3.64,3.72,0.0
20231228:2310,0.0,0.0,0.0,3.97,3.66,0.0
20231229:0010,0.0,0.0,0.0,4.31,3.59,0.0
20231229:0110,0.0,0.0,0.0,4.53,3.38,0.0
20231229:0210,0.0,0.0,0.0,4.57,3.24,0.0
20231229:0310,0.0,0.0,0.0,4.28,3.03,0.0
20231229:0410,0.0,0.0,0.0,3.67,2.97,0.0
20231229:0510,0.0,0.0,0.0,2.7,2.97,0.0
20231229:0610,0.0,0.0,0.0,2.2,2.97,0.0
20231229:0710,252.14,280.1,7.41,2.7,2.9,0.0
20231229:0810,401.5,439.56,12.47,3.81,2.69,0.0
20231229:0910,461.75,508.75,15.52,5.26,2.76,0.0
20231229:1010,186.38,215.16,16.28,6.2,2.9,0.0
20231229:1110,183.85,212.92,14.66,7.02,3.1,0.0
20231229:1210,334.45,372.36,10.83,7.09,3.17,0.0
20231229:1310,8.15,19.72,5.12,6.89,3.1,0.0
20231229:1410,0.0,0.0,0.0,5.8,3.1,0.0
20231229:1510,0.0,0.0,0.0,5.13,3.24,0.0
20231229:1610,0.0,0.0,0.0,5.05,3.45,0.0
20231229:1710,0.0,0.0,0.0,5.62,3.59,0.0
20231229:1810,0.0,0.0,0.0,6.03,3.59,0.0
20231229:1910,0.0,0.0,0.0,6.28,3.72,0.0
20231229:2010,0.0,0.0,0.0,6.09,3.93,0.0
20231229:2110,0.0,0.0,0.0,5.67,3.79,0.0
20231229:2210,0.0,0.0,0.0,5.25,3.86,0.0
20231229:2310,0.0,0.0,0.0,4.93,4.0,0.0
20231230:0010,0.0,0.0,0.0,4.93,3.93,0.0
20231230:0110,0.0,0.0,0.0,4.81,3.79,0.0
20231230:0210,0.0,0.0,0.0,4.35,3.66,0.0
20231230:0310,0.0,0.0,0.0,4.26,3.66,0.0
20231230:0410,0.0,0.0,0.0,4.25,3.52,0.0
20231230:0510,0.0,0.0,0.0,3.87,3.45,0.0
20231230:0610,0.0,0.0,0.0,3.83,3.52,0.0
20231230:0710,362.45,398.39,7.42,4.36,3.66,0.0
20231230:0810,182.51,209.45,12.5,5.16,3.45,0.0
20231230:0910,203.16,232.43,15.57,6.19,3.1,0.0
20231230:1010,92.42,117.12,16.34,7.12,3.45,0.0
20231230:1110,113.3,139.39,14.74,7.85,3.52,0.0
20231230:1210,96.44,121.12,10.92,8.15,4.34,0.0
20231230:1310,44.7,64.6,5.22,8.12,4.48,0.0
20231230:1410,0.0,0.0,0.0,7.79,4.55,0.0
20231230:1510,0.0,0.0,0.0,7.59,4.62,0.0
20231230:1610,0.0,0.0,0.0,7.51,4.9,0.0
20231230:1710,0.0,0.0,0.0,7.53,5.17,0.0
20231230:1810,0.0,0.0,0.0,7.64,5.52,0.0
20231230:1910,0.0,0.0,0.0,7.36,5.66,0.0
20231230:2010,0.0,0.0,0.0,6.66,5.86,0.0
20231230:2110,0.0,0.0,0.0,5.95,5.72,0.0
20231230:2210,0.0,0.0,0.0,5.45,5.52,0.0
20231230:2310,0.0,0.0,0.0,5.1,5.24,0.0
20231231:0010,0.0,0.0,0.0,4.93,4.97,0.0
20231231:0110,0.0,0.0,0.0,4.79,4.76,0.0
20231231:0210,0.0,0.0,0.0,4.65,4.62,0.0
20231231:0310,0.0,0.0,0.0,4.61,4.62,0.0
20231231:0410,0.0,0.0,0.0,4.46,4.48,0.0
20231231:0510,0.0,0.0,0.0,4.33,4.34,0.0
20231231:0610,0.0,0.0,0.0,4.05,4.14,0.0
20231231:0710,404.18,442.01,7.43,4.03,4.07,0.0
20231231:0810,266.07,294.79,12.53,4.32,4.14,0.0
20231231:0910,390.9,424.41,15.62,4.53,5.66,0.0
20231231:1010,421.84,458.19,16.41,4.64,5.24,0.0
20231231:1110,626.59,683.7,14.83,4.72,4.9,0.0
20231231:1210,465.18,505.8,11.02,4.53,4.62,0.0
20231231:1310,278.03,309.08,5.33,4.02,4.41,0.0
20231231:1410,0.0,0.0,0.0,3.31,3.52,0.0
20231231:1510,0.0,0.0,0.0,2.59,3.24,0.0
20231231:1610,0.0,0.0,0.0,2.2,3.03,0.0
20231231:1710,0.0,0.0,0.0,1.79,2.62,0.0
20231231:1810,0.0,0.0,0.0,1.05,2.28,0.0
20231231:1910,0.0,0.0,0.0,0.54,2.21,0.0
20231231:2010,0.0,0.0,0.0,-0.18,2.0,0.0
20231231:2110,0.0,0.0,0.0,-0.75,1.79,0.0
20231231:2210,0.0,0.0,0.0,-1.45,1.66,0.0
20231231:2310,0.0,0.0,0.0,-1.51,1.31,0.0

P: PV system power (W)
G(i): Global irradiance on the inclined plane (plane of the array) (W/m2)
H_sun: Sun height (degree)
T2m: 2-m air temperature (degree Celsius)
WS10m: 10-m total wind speed (m/s)
Int: 1 means solar radiation values are reconstructed



PVGIS (c) European Union, 2001-2025