Latitude (decimal degrees):	50.745
Longitude (decimal degrees):	25.320
Elevation (m):	187
Radiation database:	PVGIS-SARAH3


Slope: 43 deg. 
Azimuth: 0 deg. 
Nominal power of the PV system (c-Si) (kWp):	1.0
System losses (%):	10.0
time,P,G(i),H_sun,T2m,WS10m,Int
20230101:0010,0.0,0.0,0.0,8.78,5.24,0.0
20230101:0110,0.0,0.0,0.0,9.1,5.31,0.0
20230101:0210,0.0,0.0,0.0,9.29,5.38,0.0
20230101:0310,0.0,0.0,0.0,9.32,5.31,0.0
20230101:0410,0.0,0.0,0.0,9.07,5.31,0.0
20230101:0510,0.0,0.0,0.0,9.09,5.38,0.0
20230101:0610,0.0,0.0,0.0,9.1,5.31,0.0
20230101:0710,38.06,57.37,5.08,9.95,5.52,0.0
20230101:0810,45.47,66.3,10.77,10.66,5.59,0.0
20230101:0910,418.17,467.85,14.59,11.56,5.66,0.0
20230101:1010,666.75,752.85,16.2,12.36,5.86,0.0
20230101:1110,456.66,512.86,15.46,12.8,6.0,0.0
20230101:1210,251.44,288.98,12.44,12.83,5.79,0.0
20230101:1310,75.15,99.76,7.4,12.45,5.45,0.0
20230101:1410,0.0,0.0,0.0,11.65,5.17,0.0
20230101:1510,0.0,0.0,0.0,10.76,5.1,0.0
20230101:1610,0.0,0.0,0.0,10.17,5.1,0.0
20230101:1710,0.0,0.0,0.0,9.59,4.97,0.0
20230101:1810,0.0,0.0,0.0,9.11,4.9,0.0
20230101:1910,0.0,0.0,0.0,9.37,5.38,0.0
20230101:2010,0.0,0.0,0.0,9.01,5.03,0.0
20230101:2110,0.0,0.0,0.0,8.55,4.76,0.0
20230101:2210,0.0,0.0,0.0,8.27,4.55,0.0
20230101:2310,0.0,0.0,0.0,7.99,4.14,0.0
20230102:0010,0.0,0.0,0.0,7.45,3.79,0.0
20230102:0110,0.0,0.0,0.0,6.98,3.59,0.0
20230102:0210,0.0,0.0,0.0,6.65,3.31,0.0
20230102:0310,0.0,0.0,0.0,6.35,3.03,0.0
20230102:0410,0.0,0.0,0.0,6.09,2.83,0.0
20230102:0510,0.0,0.0,0.0,5.82,2.69,0.0
20230102:0610,0.0,0.0,0.0,5.51,2.48,0.0
20230102:0710,207.45,237.84,5.1,5.9,2.83,0.0
20230102:0810,432.55,480.4,10.81,6.88,2.69,0.0
20230102:0910,538.09,604.23,14.65,8.46,2.69,0.0
20230102:1010,509.98,573.95,16.29,9.75,3.03,0.0
20230102:1110,559.21,633.18,15.56,10.46,3.03,0.0
20230102:1210,269.5,307.8,12.55,10.97,3.38,0.0
20230102:1310,45.52,66.26,7.53,10.87,3.31,0.0
20230102:1410,0.0,0.0,0.0,10.24,3.17,0.0
20230102:1510,0.0,0.0,0.0,9.45,3.38,0.0
20230102:1610,0.0,0.0,0.0,8.89,3.52,0.0
20230102:1710,0.0,0.0,0.0,8.48,3.66,0.0
20230102:1810,0.0,0.0,0.0,8.18,3.72,0.0
20230102:1910,0.0,0.0,0.0,7.72,3.52,0.0
20230102:2010,0.0,0.0,0.0,7.29,3.59,0.0
20230102:2110,0.0,0.0,0.0,6.87,3.52,0.0
20230102:2210,0.0,0.0,0.0,6.51,3.59,0.0
20230102:2310,0.0,0.0,0.0,6.39,3.86,0.0
20230103:0010,0.0,0.0,0.0,6.35,4.07,0.0
20230103:0110,0.0,0.0,0.0,6.34,4.14,0.0
20230103:0210,0.0,0.0,0.0,6.31,4.41,0.0
20230103:0310,0.0,0.0,0.0,6.35,4.41,0.0
20230103:0410,0.0,0.0,0.0,6.28,4.34,0.0
20230103:0510,0.0,0.0,0.0,6.09,4.21,0.0
20230103:0610,0.0,0.0,0.0,5.97,4.14,0.0
20230103:0710,156.96,184.59,5.14,6.7,4.41,0.0
20230103:0810,377.67,416.98,10.87,7.17,4.48,0.0
20230103:0910,523.12,578.08,14.72,8.1,4.76,0.0
20230103:1010,566.17,632.29,16.38,8.92,4.0,0.0
20230103:1110,640.47,713.93,15.67,9.43,5.31,0.0
20230103:1210,505.69,562.07,12.67,9.35,4.69,0.0
20230103:1310,106.41,131.86,7.65,8.65,4.55,0.0
20230103:1410,0.0,0.0,0.0,8.09,4.28,0.0
20230103:1510,0.0,0.0,0.0,7.36,4.07,0.0
20230103:1610,0.0,0.0,0.0,6.59,4.07,0.0
20230103:1710,0.0,0.0,0.0,6.09,4.07,0.0
20230103:1810,0.0,0.0,0.0,5.63,4.14,0.0
20230103:1910,0.0,0.0,0.0,5.24,4.0,0.0
20230103:2010,0.0,0.0,0.0,4.88,4.0,0.0
20230103:2110,0.0,0.0,0.0,4.5,4.21,0.0
20230103:2210,0.0,0.0,0.0,4.27,4.21,0.0
20230103:2310,0.0,0.0,0.0,4.11,4.21,0.0
20230104:0010,0.0,0.0,0.0,3.81,4.07,0.0
20230104:0110,0.0,0.0,0.0,3.77,4.14,0.0
20230104:0210,0.0,0.0,0.0,3.63,4.14,0.0
20230104:0310,0.0,0.0,0.0,3.51,4.07,0.0
20230104:0410,0.0,0.0,0.0,3.35,3.93,0.0
20230104:0510,0.0,0.0,0.0,3.15,3.72,0.0
20230104:0610,0.0,0.0,0.0,2.79,3.45,0.0
20230104:0710,97.52,119.88,5.18,2.57,3.24,0.0
20230104:0810,162.44,186.79,10.92,2.56,2.83,0.0
20230104:0910,192.2,217.88,14.8,3.09,3.52,0.0
20230104:1010,275.28,304.17,16.47,3.35,3.45,0.0
20230104:1110,674.17,742.87,15.78,3.68,3.45,0.0
20230104:1210,375.25,409.52,12.8,3.72,3.52,0.0
20230104:1310,181.69,207.31,7.79,3.6,3.59,0.0
20230104:1410,0.0,0.0,0.0,3.0,3.03,0.0
20230104:1510,0.0,0.0,0.0,2.41,3.03,0.0
20230104:1610,0.0,0.0,0.0,2.45,3.31,0.0
20230104:1710,0.0,0.0,0.0,2.45,3.31,0.0
20230104:1810,0.0,0.0,0.0,2.48,3.93,0.0
20230104:1910,0.0,0.0,0.0,3.3,4.9,0.0
20230104:2010,0.0,0.0,0.0,3.62,5.17,0.0
20230104:2110,0.0,0.0,0.0,3.32,5.52,0.0
20230104:2210,0.0,0.0,0.0,3.68,5.86,0.0
20230104:2310,0.0,0.0,0.0,4.12,6.14,0.0
20230105:0010,0.0,0.0,0.0,4.58,6.48,0.0
20230105:0110,0.0,0.0,0.0,5.13,6.83,0.0
20230105:0210,0.0,0.0,0.0,5.4,6.9,0.0
20230105:0310,0.0,0.0,0.0,5.78,6.97,0.0
20230105:0410,0.0,0.0,0.0,6.08,7.1,0.0
20230105:0510,0.0,0.0,0.0,6.27,7.1,0.0
20230105:0610,0.0,0.0,0.0,6.18,7.24,0.0
20230105:0710,1.5,8.92,5.23,6.44,7.24,0.0
20230105:0810,255.06,284.77,10.99,6.81,6.9,0.0
20230105:0910,134.34,160.64,14.89,7.27,6.28,0.0
20230105:1010,20.11,35.67,16.58,7.57,6.28,0.0
20230105:1110,40.26,59.75,15.9,7.54,6.41,0.0
20230105:1210,178.77,206.88,12.93,7.7,6.14,0.0
20230105:1310,77.53,100.37,7.93,7.6,6.34,0.0
20230105:1410,0.0,0.0,0.0,7.06,5.79,0.0
20230105:1510,0.0,0.0,0.0,6.67,5.45,0.0
20230105:1610,0.0,0.0,0.0,5.94,5.03,0.0
20230105:1710,0.0,0.0,0.0,5.42,5.03,0.0
20230105:1810,0.0,0.0,0.0,5.18,4.97,0.0
20230105:1910,0.0,0.0,0.0,5.38,5.03,0.0
20230105:2010,0.0,0.0,0.0,5.18,5.66,0.0
20230105:2110,0.0,0.0,0.0,4.75,5.72,0.0
20230105:2210,0.0,0.0,0.0,4.38,5.86,0.0
20230105:2310,0.0,0.0,0.0,4.2,5.93,0.0
20230106:0010,0.0,0.0,0.0,4.11,5.72,0.0
20230106:0110,0.0,0.0,0.0,4.0,5.45,0.0
20230106:0210,0.0,0.0,0.0,3.6,5.45,0.0
20230106:0310,0.0,0.0,0.0,2.23,5.59,0.0
20230106:0410,0.0,0.0,0.0,0.59,5.1,0.0
20230106:0510,0.0,0.0,0.0,-0.24,4.55,0.0
20230106:0610,0.0,0.0,0.0,-0.8,4.07,0.0
20230106:0710,32.54,48.93,5.28,-0.82,4.0,0.0
20230106:0810,31.69,48.16,11.06,-1.18,4.0,0.0
20230106:0910,27.08,42.81,14.98,-1.39,3.66,0.0
20230106:1010,20.33,34.78,16.69,-1.54,3.45,0.0
20230106:1110,27.88,43.7,16.03,-1.67,3.24,0.0
20230106:1210,6.0,16.05,13.07,-1.92,3.24,0.0
20230106:1310,7.24,17.84,8.08,-2.08,3.1,0.0
20230106:1410,0.0,0.0,0.0,-2.22,2.62,0.0
20230106:1510,0.0,0.0,0.0,-2.32,2.21,0.0
20230106:1610,0.0,0.0,0.0,-2.41,1.72,0.0
20230106:1710,0.0,0.0,0.0,-2.5,1.45,0.0
20230106:1810,0.0,0.0,0.0,-2.58,1.31,0.0
20230106:1910,0.0,0.0,0.0,-2.04,1.59,0.0
20230106:2010,0.0,0.0,0.0,-1.99,1.59,0.0
20230106:2110,0.0,0.0,0.0,-1.87,1.86,0.0
20230106:2210,0.0,0.0,0.0,-1.76,2.28,0.0
20230106:2310,0.0,0.0,0.0,-1.89,2.28,0.0
20230107:0010,0.0,0.0,0.0,-2.09,2.48,0.0
20230107:0110,0.0,0.0,0.0,-2.11,2.97,0.0
20230107:0210,0.0,0.0,0.0,-1.91,3.1,0.0
20230107:0310,0.0,0.0,0.0,-1.85,3.17,0.0
20230107:0410,0.0,0.0,0.0,-1.74,3.17,0.0
20230107:0510,0.0,0.0,0.0,-1.61,3.17,0.0
20230107:0610,0.0,0.0,0.0,-1.53,3.1,0.0
20230107:0710,0.0,5.35,5.35,-1.7,2.83,0.0
20230107:0810,34.84,51.72,11.15,-1.41,2.9,0.0
20230107:0910,60.12,79.55,15.08,-0.99,2.76,0.0
20230107:1010,18.77,33.0,16.81,-0.69,2.41,0.0
20230107:1110,20.2,34.78,16.17,-0.43,2.14,0.0
20230107:1210,16.57,30.32,13.22,-0.29,1.93,0.0
20230107:1310,7.17,17.84,8.23,-0.44,1.86,0.0
20230107:1410,0.0,0.89,1.59,-0.89,1.93,0.0
20230107:1510,0.0,0.0,0.0,-1.18,2.0,0.0
20230107:1610,0.0,0.0,0.0,-1.37,2.0,0.0
20230107:1710,0.0,0.0,0.0,-1.61,2.07,0.0
20230107:1810,0.0,0.0,0.0,-1.82,2.07,0.0
20230107:1910,0.0,0.0,0.0,-1.73,2.28,0.0
20230107:2010,0.0,0.0,0.0,-1.71,2.34,0.0
20230107:2110,0.0,0.0,0.0,-1.7,2.28,0.0
20230107:2210,0.0,0.0,0.0,-1.84,2.28,0.0
20230107:2310,0.0,0.0,0.0,-1.92,2.34,0.0
20230108:0010,0.0,0.0,0.0,-2.07,2.48,0.0
20230108:0110,0.0,0.0,0.0,-2.11,2.55,0.0
20230108:0210,0.0,0.0,0.0,-2.26,2.69,0.0
20230108:0310,0.0,0.0,0.0,-2.24,2.9,0.0
20230108:0410,0.0,0.0,0.0,-2.14,3.1,0.0
20230108:0510,0.0,0.0,0.0,-2.0,3.31,0.0
20230108:0610,0.0,0.0,0.0,-1.74,3.45,0.0
20230108:0710,3.13,11.59,5.42,-1.62,3.66,0.0
20230108:0810,21.77,36.56,11.23,-1.17,3.86,0.0
20230108:0910,46.71,65.1,15.19,-0.51,5.03,0.0
20230108:1010,19.42,33.89,16.94,0.25,5.24,0.0
20230108:1110,20.1,34.78,16.31,0.76,5.03,0.0
20230108:1210,16.48,30.32,13.37,0.98,5.1,0.0
20230108:1310,4.73,14.27,8.39,0.99,5.17,0.0
20230108:1410,0.0,0.89,1.75,0.67,5.03,0.0
20230108:1510,0.0,0.0,0.0,0.38,5.17,0.0
20230108:1610,0.0,0.0,0.0,0.25,5.1,0.0
20230108:1710,0.0,0.0,0.0,0.31,5.1,0.0
20230108:1810,0.0,0.0,0.0,0.33,5.17,0.0
20230108:1910,0.0,0.0,0.0,-0.42,5.17,0.0
20230108:2010,0.0,0.0,0.0,-0.58,5.24,0.0
20230108:2110,0.0,0.0,0.0,-0.55,5.31,0.0
20230108:2210,0.0,0.0,0.0,-0.51,5.31,0.0
20230108:2310,0.0,0.0,0.0,-0.43,5.38,0.0
20230109:0010,0.0,0.0,0.0,-0.45,5.45,0.0
20230109:0110,0.0,0.0,0.0,-0.36,5.52,0.0
20230109:0210,0.0,0.0,0.0,-0.36,5.52,0.0
20230109:0310,0.0,0.0,0.0,-0.21,5.45,0.0
20230109:0410,0.0,0.0,0.0,0.03,5.38,0.0
20230109:0510,0.0,0.0,0.0,0.24,5.45,0.0
20230109:0610,0.0,0.0,0.0,0.62,5.38,0.0
20230109:0710,33.28,50.04,5.49,0.59,4.97,0.0
20230109:0810,15.76,29.43,11.33,1.09,5.03,0.0
20230109:0910,134.95,157.91,15.3,1.7,5.1,0.0
20230109:1010,79.95,101.65,17.07,2.1,4.97,0.0
20230109:1110,56.56,76.69,16.46,2.28,4.76,0.0
20230109:1210,25.86,41.91,13.53,2.15,4.62,0.0
20230109:1310,6.45,16.94,8.55,2.32,4.34,0.0
20230109:1410,0.0,0.89,1.92,2.34,4.21,0.0
20230109:1510,0.0,0.0,0.0,2.21,4.34,0.0
20230109:1610,0.0,0.0,0.0,2.16,4.41,0.0
20230109:1710,0.0,0.0,0.0,2.14,4.41,0.0
20230109:1810,0.0,0.0,0.0,2.04,4.34,0.0
20230109:1910,0.0,0.0,0.0,1.72,4.48,0.0
20230109:2010,0.0,0.0,0.0,1.86,4.34,0.0
20230109:2110,0.0,0.0,0.0,2.22,4.28,0.0
20230109:2210,0.0,0.0,0.0,2.51,4.14,0.0
20230109:2310,0.0,0.0,0.0,2.81,4.0,0.0
20230110:0010,0.0,0.0,0.0,3.02,3.86,0.0
20230110:0110,0.0,0.0,0.0,3.18,3.86,0.0
20230110:0210,0.0,0.0,0.0,3.22,4.0,0.0
20230110:0310,0.0,0.0,0.0,3.25,4.34,0.0
20230110:0410,0.0,0.0,0.0,3.2,4.41,0.0
20230110:0510,0.0,0.0,0.0,2.99,4.34,0.0
20230110:0610,0.0,0.0,0.0,2.77,4.28,0.0
20230110:0710,8.91,20.51,5.58,2.73,4.76,0.0
20230110:0810,25.82,41.91,11.43,2.46,5.1,0.0
20230110:0910,60.91,81.25,15.43,2.13,5.31,0.0
20230110:1010,40.67,58.86,17.21,1.5,5.1,0.0
20230110:1110,52.81,72.23,16.61,1.07,4.55,0.0
20230110:1210,17.92,32.1,13.69,0.75,4.62,0.0
20230110:1310,13.01,25.86,8.72,0.72,4.48,0.0
20230110:1410,0.0,0.89,2.09,0.66,4.0,0.0
20230110:1510,0.0,0.0,0.0,0.53,3.59,0.0
20230110:1610,0.0,0.0,0.0,0.56,3.38,0.0
20230110:1710,0.0,0.0,0.0,0.53,3.24,0.0
20230110:1810,0.0,0.0,0.0,0.48,3.03,0.0
20230110:1910,0.0,0.0,0.0,0.11,3.1,0.0
20230110:2010,0.0,0.0,0.0,0.04,3.24,0.0
20230110:2110,0.0,0.0,0.0,0.03,3.1,0.0
20230110:2210,0.0,0.0,0.0,0.14,2.62,0.0
20230110:2310,0.0,0.0,0.0,0.22,2.48,0.0
20230111:0010,0.0,0.0,0.0,0.3,2.62,0.0
20230111:0110,0.0,0.0,0.0,0.4,2.76,0.0
20230111:0210,0.0,0.0,0.0,0.51,2.62,0.0
20230111:0310,0.0,0.0,0.0,0.51,2.62,0.0
20230111:0410,0.0,0.0,0.0,0.43,2.55,0.0
20230111:0510,0.0,0.0,0.0,0.43,2.55,0.0
20230111:0610,0.0,0.0,0.0,0.53,2.55,0.0
20230111:0710,9.68,21.4,5.67,0.44,2.69,0.0
20230111:0810,52.82,71.97,11.54,0.71,3.24,0.0
20230111:0910,48.69,67.78,15.56,1.14,3.24,0.0
20230111:1010,20.75,35.67,17.36,1.42,4.21,0.0
20230111:1110,146.15,169.65,16.78,1.63,4.28,0.0
20230111:1210,6.48,16.94,13.87,1.57,3.93,0.0
20230111:1310,2.04,9.81,8.9,1.51,3.52,0.0
20230111:1410,0.0,1.78,2.27,1.28,3.31,0.0
20230111:1510,0.0,0.0,0.0,0.76,3.1,0.0
20230111:1610,0.0,0.0,0.0,0.22,3.03,0.0
20230111:1710,0.0,0.0,0.0,-0.45,3.31,0.0
20230111:1810,0.0,0.0,0.0,-0.71,3.66,0.0
20230111:1910,0.0,0.0,0.0,-1.13,3.66,0.0
20230111:2010,0.0,0.0,0.0,-1.36,3.79,0.0
20230111:2110,0.0,0.0,0.0,-1.82,3.52,0.0
20230111:2210,0.0,0.0,0.0,-1.91,3.59,0.0
20230111:2310,0.0,0.0,0.0,-2.14,3.52,0.0
20230112:0010,0.0,0.0,0.0,-2.28,3.38,0.0
20230112:0110,0.0,0.0,0.0,-2.24,3.31,0.0
20230112:0210,0.0,0.0,0.0,-2.07,2.97,0.0
20230112:0310,0.0,0.0,0.0,-2.01,2.9,0.0
20230112:0410,0.0,0.0,0.0,-1.89,3.17,0.0
20230112:0510,0.0,0.0,0.0,-1.74,3.59,0.0
20230112:0610,0.0,0.0,0.0,-1.12,3.38,0.0
20230112:0710,4.19,13.38,5.76,-0.25,3.03,0.0
20230112:0810,51.85,70.96,11.66,0.82,2.83,0.0
20230112:0910,233.1,259.66,15.69,2.26,2.76,0.0
20230112:1010,127.12,151.89,17.52,3.57,2.9,0.0
20230112:1110,97.48,121.43,16.95,4.6,2.9,0.0
20230112:1210,67.35,89.22,14.04,5.08,2.69,0.0
20230112:1310,285.88,318.48,9.08,4.74,2.48,0.0
20230112:1410,0.0,1.78,2.45,4.06,2.48,0.0
20230112:1510,0.0,0.0,0.0,2.94,2.62,0.0
20230112:1610,0.0,0.0,0.0,2.23,2.76,0.0
20230112:1710,0.0,0.0,0.0,1.85,2.76,0.0
20230112:1810,0.0,0.0,0.0,1.59,2.62,0.0
20230112:1910,0.0,0.0,0.0,1.17,3.03,0.0
20230112:2010,0.0,0.0,0.0,0.51,3.24,0.0
20230112:2110,0.0,0.0,0.0,0.1,3.38,0.0
20230112:2210,0.0,0.0,0.0,-0.02,3.24,0.0
20230112:2310,0.0,0.0,0.0,-0.14,3.03,0.0
20230113:0010,0.0,0.0,0.0,-0.43,3.1,0.0
20230113:0110,0.0,0.0,0.0,-0.62,3.31,0.0
20230113:0210,0.0,0.0,0.0,-0.52,3.31,0.0
20230113:0310,0.0,0.0,0.0,-0.26,3.31,0.0
20230113:0410,0.0,0.0,0.0,0.0,3.24,0.0
20230113:0510,0.0,0.0,0.0,0.53,3.24,0.0
20230113:0610,0.0,0.0,0.0,0.71,3.31,0.0
20230113:0710,89.31,110.19,5.87,-0.03,3.38,0.0
20230113:0810,142.52,165.17,11.78,0.83,3.03,0.0
20230113:0910,199.82,224.95,15.84,2.15,3.52,0.0
20230113:1010,303.21,333.02,17.68,3.32,3.79,0.0
20230113:1110,733.3,812.62,17.12,4.05,3.66,0.0
20230113:1210,636.02,697.72,14.23,4.45,4.07,0.0
20230113:1310,410.4,449.21,9.27,4.49,3.86,0.0
20230113:1410,1.53,8.92,2.64,3.98,3.72,0.0
20230113:1510,0.0,0.0,0.0,2.81,3.66,0.0
20230113:1610,0.0,0.0,0.0,2.32,3.79,0.0
20230113:1710,0.0,0.0,0.0,2.19,3.86,0.0
20230113:1810,0.0,0.0,0.0,2.12,3.86,0.0
20230113:1910,0.0,0.0,0.0,1.42,3.93,0.0
20230113:2010,0.0,0.0,0.0,1.42,3.93,0.0
20230113:2110,0.0,0.0,0.0,1.43,3.79,0.0
20230113:2210,0.0,0.0,0.0,1.63,3.66,0.0
20230113:2310,0.0,0.0,0.0,1.68,3.52,0.0
20230114:0010,0.0,0.0,0.0,1.51,3.45,0.0
20230114:0110,0.0,0.0,0.0,1.62,3.45,0.0
20230114:0210,0.0,0.0,0.0,1.97,3.45,0.0
20230114:0310,0.0,0.0,0.0,2.35,3.31,0.0
20230114:0410,0.0,0.0,0.0,2.63,3.17,0.0
20230114:0510,0.0,0.0,0.0,2.72,3.03,0.0
20230114:0610,0.0,0.0,0.0,2.74,2.9,0.0
20230114:0710,4.11,13.38,5.98,2.98,2.83,0.0
20230114:0810,12.14,24.97,11.91,3.43,2.69,0.0
20230114:0910,49.57,69.56,15.99,4.06,2.69,0.0
20230114:1010,154.5,181.12,17.85,4.56,2.55,0.0
20230114:1110,252.85,284.04,17.31,5.18,2.62,0.0
20230114:1210,592.71,658.68,14.42,5.85,2.9,0.0
20230114:1310,154.75,181.64,9.46,5.71,2.14,0.0
20230114:1410,0.0,2.68,2.83,4.89,2.21,0.0
20230114:1510,0.0,0.0,0.0,4.28,2.28,0.0
20230114:1610,0.0,0.0,0.0,3.81,2.28,0.0
20230114:1710,0.0,0.0,0.0,3.34,2.34,0.0
20230114:1810,0.0,0.0,0.0,3.06,2.34,0.0
20230114:1910,0.0,0.0,0.0,1.91,2.55,0.0
20230114:2010,0.0,0.0,0.0,1.14,2.62,0.0
20230114:2110,0.0,0.0,0.0,0.52,2.55,0.0
20230114:2210,0.0,0.0,0.0,0.19,2.62,0.0
20230114:2310,0.0,0.0,0.0,-0.47,2.9,0.0
20230115:0010,0.0,0.0,0.0,-0.66,2.9,0.0
20230115:0110,0.0,0.0,0.0,-1.03,3.1,0.0
20230115:0210,0.0,0.0,0.0,-1.06,3.45,0.0
20230115:0310,0.0,0.0,0.0,-1.18,3.66,0.0
20230115:0410,0.0,0.0,0.0,-0.99,4.0,0.0
20230115:0510,0.0,0.0,0.0,-0.58,3.86,0.0
20230115:0610,0.0,0.0,0.0,-0.04,4.0,0.0
20230115:0710,11.63,24.08,6.1,1.05,4.48,0.0
20230115:0810,43.57,62.03,12.05,1.61,4.83,0.0
20230115:0910,612.88,662.13,16.15,2.54,4.83,0.0
20230115:1010,500.02,541.36,18.02,3.2,4.41,0.0
20230115:1110,555.23,603.08,17.5,4.11,4.83,0.0
20230115:1210,336.81,368.93,14.62,4.52,4.48,0.0
20230115:1310,238.73,266.48,9.66,4.58,5.31,0.0
20230115:1410,1.09,8.03,3.03,3.98,4.76,0.0
20230115:1510,0.0,0.0,0.0,3.12,4.55,0.0
20230115:1610,0.0,0.0,0.0,2.57,4.62,0.0
20230115:1710,0.0,0.0,0.0,2.1,4.62,0.0
20230115:1810,0.0,0.0,0.0,1.89,4.55,0.0
20230115:1910,0.0,0.0,0.0,1.48,4.41,0.0
20230115:2010,0.0,0.0,0.0,1.61,4.34,0.0
20230115:2110,0.0,0.0,0.0,1.68,4.28,0.0
20230115:2210,0.0,0.0,0.0,1.59,4.28,0.0
20230115:2310,0.0,0.0,0.0,1.26,4.28,0.0
20230116:0010,0.0,0.0,0.0,1.17,4.14,0.0
20230116:0110,0.0,0.0,0.0,1.3,4.07,0.0
20230116:0210,0.0,0.0,0.0,1.09,3.59,0.0
20230116:0310,0.0,0.0,0.0,0.97,3.17,0.0
20230116:0410,0.0,0.0,0.0,0.92,2.97,0.0
20230116:0510,0.0,0.0,0.0,0.92,2.62,0.0
20230116:0610,0.0,0.0,0.0,0.98,2.48,0.0
20230116:0710,62.13,82.06,6.22,1.22,2.34,0.0
20230116:0810,78.74,100.02,12.2,1.68,2.14,0.0
20230116:0910,87.4,109.74,16.31,2.38,2.69,0.0
20230116:1010,65.23,86.5,18.21,2.96,2.69,0.0
20230116:1110,61.84,82.94,17.69,3.32,2.55,0.0
20230116:1210,65.43,86.76,14.82,3.64,2.41,0.0
20230116:1310,22.68,38.35,9.86,3.66,2.62,0.0
20230116:1410,0.0,3.57,3.23,3.1,2.76,0.0
20230116:1510,0.0,0.0,0.0,2.14,3.17,0.0
20230116:1610,0.0,0.0,0.0,1.55,3.66,0.0
20230116:1710,0.0,0.0,0.0,1.1,3.79,0.0
20230116:1810,0.0,0.0,0.0,0.74,3.93,0.0
20230116:1910,0.0,0.0,0.0,0.3,3.93,0.0
20230116:2010,0.0,0.0,0.0,0.39,3.79,0.0
20230116:2110,0.0,0.0,0.0,0.52,3.72,0.0
20230116:2210,0.0,0.0,0.0,0.84,3.86,0.0
20230116:2310,0.0,0.0,0.0,1.21,4.07,0.0
20230117:0010,0.0,0.0,0.0,1.4,4.28,0.0
20230117:0110,0.0,0.0,0.0,1.57,4.21,0.0
20230117:0210,0.0,0.0,0.0,1.73,4.07,0.0
20230117:0310,0.0,0.0,0.0,1.81,4.21,0.0
20230117:0410,0.0,0.0,0.0,1.79,4.0,0.0
20230117:0510,0.0,0.0,0.0,1.36,3.86,0.0
20230117:0610,0.0,0.0,0.0,1.08,3.86,0.0
20230117:0710,328.4,359.15,6.35,1.06,3.52,0.0
20230117:0810,271.88,298.81,12.35,2.11,3.45,0.0
20230117:0910,54.56,74.91,16.48,3.43,3.17,0.0
20230117:1010,35.5,53.51,18.4,3.83,3.38,0.0
20230117:1110,36.96,55.29,17.89,4.28,3.24,0.0
20230117:1210,44.07,63.32,15.03,4.0,3.66,0.0
20230117:1310,3.01,11.59,10.07,3.97,3.72,0.0
20230117:1410,10.56,22.93,3.44,4.0,3.72,0.0
20230117:1510,0.0,0.0,0.0,3.6,3.93,0.0
20230117:1610,0.0,0.0,0.0,3.04,4.0,0.0
20230117:1710,0.0,0.0,0.0,2.88,4.0,0.0
20230117:1810,0.0,0.0,0.0,2.78,3.59,0.0
20230117:1910,0.0,0.0,0.0,2.17,3.17,0.0
20230117:2010,0.0,0.0,0.0,1.7,2.9,0.0
20230117:2110,0.0,0.0,0.0,1.56,2.55,0.0
20230117:2210,0.0,0.0,0.0,1.77,2.62,0.0
20230117:2310,0.0,0.0,0.0,1.75,2.62,0.0
20230118:0010,0.0,0.0,0.0,1.83,2.69,0.0
20230118:0110,0.0,0.0,0.0,1.94,3.03,0.0
20230118:0210,0.0,0.0,0.0,2.01,3.72,0.0
20230118:0310,0.0,0.0,0.0,2.12,4.62,0.0
20230118:0410,0.0,0.0,0.0,2.4,5.03,0.0
20230118:0510,0.0,0.0,0.0,3.13,4.83,0.0
20230118:0610,0.0,0.0,0.0,3.94,4.83,0.0
20230118:0710,41.83,60.69,6.49,4.97,4.83,0.0
20230118:0810,52.54,73.05,12.51,5.77,4.69,0.0
20230118:0910,31.23,49.05,16.66,6.6,4.41,0.0
20230118:1010,63.93,86.5,18.59,7.4,4.07,0.0
20230118:1110,41.57,61.53,18.1,8.46,4.07,0.0
20230118:1210,67.06,90.18,15.24,8.63,4.34,0.0
20230118:1310,2.91,11.59,10.29,8.44,4.69,0.0
20230118:1410,2.42,10.7,3.65,8.28,5.03,0.0
20230118:1510,0.0,0.0,0.0,8.47,5.72,0.0
20230118:1610,0.0,0.0,0.0,8.14,6.9,0.0
20230118:1710,0.0,0.0,0.0,7.19,6.14,0.0
20230118:1810,0.0,0.0,0.0,5.6,5.59,0.0
20230118:1910,0.0,0.0,0.0,5.51,4.83,0.0
20230118:2010,0.0,0.0,0.0,5.03,4.34,0.0
20230118:2110,0.0,0.0,0.0,4.87,3.66,0.0
20230118:2210,0.0,0.0,0.0,4.39,3.17,0.0
20230118:2310,0.0,0.0,0.0,3.29,2.76,0.0
20230119:0010,0.0,0.0,0.0,3.11,2.34,0.0
20230119:0110,0.0,0.0,0.0,2.62,2.0,0.0
20230119:0210,0.0,0.0,0.0,2.14,1.79,0.0
20230119:0310,0.0,0.0,0.0,1.54,1.38,0.0
20230119:0410,0.0,0.0,0.0,0.9,1.31,0.0
20230119:0510,0.0,0.0,0.0,0.72,1.72,0.0
20230119:0610,0.0,0.0,0.0,0.9,2.28,0.0
20230119:0710,5.3,15.16,6.64,1.07,2.69,0.0
20230119:0810,20.68,35.67,12.67,1.97,3.1,0.0
20230119:0910,25.79,41.91,16.85,2.61,3.52,0.0
20230119:1010,16.99,31.21,18.8,3.06,3.59,0.0
20230119:1110,21.23,36.56,18.32,3.62,3.1,0.0
20230119:1210,8.22,19.62,15.46,3.94,2.9,0.0
20230119:1310,12.76,25.86,10.51,4.09,2.34,0.0
20230119:1410,0.0,2.68,3.86,3.91,2.07,0.0
20230119:1510,0.0,0.0,0.0,3.48,1.79,0.0
20230119:1610,0.0,0.0,0.0,2.98,1.38,0.0
20230119:1710,0.0,0.0,0.0,3.04,0.83,0.0
20230119:1810,0.0,0.0,0.0,3.12,0.9,0.0
20230119:1910,0.0,0.0,0.0,2.92,1.59,0.0
20230119:2010,0.0,0.0,0.0,2.89,1.66,0.0
20230119:2110,0.0,0.0,0.0,2.54,1.86,0.0
20230119:2210,0.0,0.0,0.0,2.25,2.07,0.0
20230119:2310,0.0,0.0,0.0,2.06,2.34,0.0
20230120:0010,0.0,0.0,0.0,1.6,2.48,0.0
20230120:0110,0.0,0.0,0.0,1.16,2.55,0.0
20230120:0210,0.0,0.0,0.0,0.73,2.48,0.0
20230120:0310,0.0,0.0,0.0,0.39,2.69,0.0
20230120:0410,0.0,0.0,0.0,0.26,1.66,0.0
20230120:0510,0.0,0.0,0.0,0.27,1.31,0.0
20230120:0610,0.0,0.0,0.0,0.24,1.38,0.0
20230120:0710,9.65,21.4,6.79,0.79,1.66,0.0
20230120:0810,22.25,37.45,12.84,0.97,2.0,0.0
20230120:0910,39.85,57.97,17.04,1.19,1.79,0.0
20230120:1010,38.23,56.18,19.0,1.48,2.14,0.0
20230120:1110,55.01,74.91,18.54,1.63,2.62,0.0
20230120:1210,22.2,37.45,15.68,1.55,3.1,0.0
20230120:1310,22.22,37.45,10.73,1.38,4.0,0.0
20230120:1410,19.28,33.88,4.08,1.05,3.31,0.0
20230120:1510,0.0,0.0,0.0,0.77,3.66,0.0
20230120:1610,0.0,0.0,0.0,0.62,4.0,0.0
20230120:1710,0.0,0.0,0.0,0.54,4.21,0.0
20230120:1810,0.0,0.0,0.0,0.5,4.48,0.0
20230120:1910,0.0,0.0,0.0,0.25,4.62,0.0
20230120:2010,0.0,0.0,0.0,0.24,4.69,0.0
20230120:2110,0.0,0.0,0.0,0.26,4.55,0.0
20230120:2210,0.0,0.0,0.0,0.42,4.41,0.0
20230120:2310,0.0,0.0,0.0,0.87,4.21,0.0
20230121:0010,0.0,0.0,0.0,1.56,4.28,0.0
20230121:0110,0.0,0.0,0.0,2.43,4.34,0.0
20230121:0210,0.0,0.0,0.0,3.23,4.14,0.0
20230121:0310,0.0,0.0,0.0,3.54,4.0,0.0
20230121:0410,0.0,0.0,0.0,3.56,4.14,0.0
20230121:0510,0.0,0.0,0.0,3.59,4.48,0.0
20230121:0610,0.0,0.0,0.0,3.54,4.48,0.0
20230121:0710,13.51,26.75,6.95,3.22,3.52,0.0
20230121:0810,8.88,20.51,13.02,3.36,3.31,0.0
20230121:0910,77.25,99.48,17.24,3.55,3.45,0.0
20230121:1010,12.1,24.97,19.22,3.98,3.1,0.0
20230121:1110,15.47,29.43,18.76,4.35,2.34,0.0
20230121:1210,16.16,30.32,15.91,4.42,1.66,0.0
20230121:1310,3.53,12.48,10.96,4.32,1.66,0.0
20230121:1410,0.0,3.57,4.31,4.02,2.07,0.0
20230121:1510,0.0,0.0,0.0,3.57,2.21,0.0
20230121:1610,0.0,0.0,0.0,3.29,2.14,0.0
20230121:1710,0.0,0.0,0.0,3.16,2.0,0.0
20230121:1810,0.0,0.0,0.0,3.08,1.86,0.0
20230121:1910,0.0,0.0,0.0,2.74,1.52,0.0
20230121:2010,0.0,0.0,0.0,2.49,1.52,0.0
20230121:2110,0.0,0.0,0.0,2.02,1.52,0.0
20230121:2210,0.0,0.0,0.0,2.09,1.24,0.0
20230121:2310,0.0,0.0,0.0,2.13,1.17,0.0
20230122:0010,0.0,0.0,0.0,2.17,1.52,0.0
20230122:0110,0.0,0.0,0.0,2.16,1.86,0.0
20230122:0210,0.0,0.0,0.0,2.09,2.0,0.0
20230122:0310,0.0,0.0,0.0,1.96,2.07,0.0
20230122:0410,0.0,0.0,0.0,2.04,2.07,0.0
20230122:0510,0.0,0.0,0.0,2.05,2.14,0.0
20230122:0610,0.0,0.0,0.0,2.13,2.28,0.0
20230122:0710,274.39,305.71,7.11,2.49,2.28,0.0
20230122:0810,173.65,199.3,13.21,3.08,2.34,0.0
20230122:0910,181.09,207.96,17.44,4.16,3.24,0.0
20230122:1010,60.72,82.04,19.44,4.64,3.86,0.0
20230122:1110,27.71,44.59,18.99,4.97,3.38,0.0
20230122:1210,71.21,93.39,16.15,4.73,3.31,0.0
20230122:1310,4.06,13.38,11.19,4.53,3.24,0.0
20230122:1410,0.0,3.57,4.53,4.11,3.1,0.0
20230122:1510,0.0,0.0,0.0,3.7,3.03,0.0
20230122:1610,0.0,0.0,0.0,3.5,2.97,0.0
20230122:1710,0.0,0.0,0.0,3.41,2.76,0.0
20230122:1810,0.0,0.0,0.0,3.42,2.62,0.0
20230122:1910,0.0,0.0,0.0,3.9,2.69,0.0
20230122:2010,0.0,0.0,0.0,4.06,2.69,0.0
20230122:2110,0.0,0.0,0.0,4.12,2.62,0.0
20230122:2210,0.0,0.0,0.0,4.03,2.55,0.0
20230122:2310,0.0,0.0,0.0,4.03,2.55,0.0
20230123:0010,0.0,0.0,0.0,3.87,2.48,0.0
20230123:0110,0.0,0.0,0.0,3.52,2.41,0.0
20230123:0210,0.0,0.0,0.0,3.35,2.41,0.0
20230123:0310,0.0,0.0,0.0,3.13,2.48,0.0
20230123:0410,0.0,0.0,0.0,2.9,2.34,0.0
20230123:0510,0.0,0.0,0.0,2.65,2.14,0.0
20230123:0610,0.0,0.0,0.0,2.42,1.93,0.0
20230123:0710,43.84,62.57,7.28,2.84,2.48,0.0
20230123:0810,50.06,69.69,13.4,2.9,2.55,0.0
20230123:0910,71.52,93.34,17.65,3.13,2.34,0.0
20230123:1010,39.44,57.97,19.67,3.36,2.21,0.0
20230123:1110,49.65,69.56,19.23,3.61,2.21,0.0
20230123:1210,32.41,49.94,16.39,3.72,2.14,0.0
20230123:1310,54.46,74.68,11.43,3.82,2.07,0.0
20230123:1410,1.54,8.92,4.76,3.6,2.07,0.0
20230123:1510,0.0,0.0,0.0,3.29,1.86,0.0
20230123:1610,0.0,0.0,0.0,3.0,1.45,0.0
20230123:1710,0.0,0.0,0.0,2.91,1.72,0.0
20230123:1810,0.0,0.0,0.0,2.73,1.93,0.0
20230123:1910,0.0,0.0,0.0,1.61,2.28,0.0
20230123:2010,0.0,0.0,0.0,1.44,2.28,0.0
20230123:2110,0.0,0.0,0.0,1.25,2.14,0.0
20230123:2210,0.0,0.0,0.0,1.14,1.86,0.0
20230123:2310,0.0,0.0,0.0,1.04,1.45,0.0
20230124:0010,0.0,0.0,0.0,0.97,1.24,0.0
20230124:0110,0.0,0.0,0.0,0.95,1.24,0.0
20230124:0210,0.0,0.0,0.0,0.94,1.38,0.0
20230124:0310,0.0,0.0,0.0,0.87,1.52,0.0
20230124:0410,0.0,0.0,0.0,0.8,1.79,0.0
20230124:0510,0.0,0.0,0.0,0.69,1.86,0.0
20230124:0610,0.0,0.0,0.0,0.58,1.86,0.0
20230124:0710,101.48,123.73,7.46,0.82,1.59,0.0
20230124:0810,96.79,118.88,13.6,1.03,1.86,0.0
20230124:0910,91.82,114.26,17.87,1.3,1.72,0.0
20230124:1010,46.91,65.99,19.9,1.57,1.66,0.0
20230124:1110,72.94,94.53,19.48,1.75,1.72,0.0
20230124:1210,30.4,47.26,16.64,1.9,1.86,0.0
20230124:1310,14.28,27.65,11.67,1.92,2.21,0.0
20230124:1410,1.11,8.03,5.0,1.84,2.55,0.0
20230124:1510,0.0,0.0,0.0,1.65,2.28,0.0
20230124:1610,0.0,0.0,0.0,1.5,2.0,0.0
20230124:1710,0.0,0.0,0.0,1.19,1.66,0.0
20230124:1810,0.0,0.0,0.0,1.06,1.72,0.0
20230124:1910,0.0,0.0,0.0,0.69,1.66,0.0
20230124:2010,0.0,0.0,0.0,0.64,1.59,0.0
20230124:2110,0.0,0.0,0.0,0.48,1.52,0.0
20230124:2210,0.0,0.0,0.0,0.46,1.38,0.0
20230124:2310,0.0,0.0,0.0,0.27,1.03,0.0
20230125:0010,0.0,0.0,0.0,0.13,1.1,0.0
20230125:0110,0.0,0.0,0.0,-0.14,1.24,0.0
20230125:0210,0.0,0.0,0.0,-0.29,0.76,0.0
20230125:0310,0.0,0.0,0.0,-0.15,0.48,0.0
20230125:0410,0.0,0.0,0.0,-0.19,0.69,0.0
20230125:0510,0.0,0.0,0.0,-0.41,0.69,0.0
20230125:0610,0.0,0.0,0.0,-0.29,0.41,0.0
20230125:0710,101.83,123.92,7.64,-0.08,0.62,0.0
20230125:0810,69.78,90.44,13.8,0.29,0.62,0.0
20230125:0910,74.53,95.95,18.1,0.87,0.76,0.0
20230125:1010,40.54,58.86,20.14,1.45,0.83,0.0
20230125:1110,32.69,49.94,19.73,1.73,0.9,0.0
20230125:1210,20.67,35.67,16.89,1.81,0.9,0.0
20230125:1310,12.23,24.97,11.92,1.84,0.9,0.0
20230125:1410,1.11,8.03,5.24,1.6,0.76,0.0
20230125:1510,0.0,0.0,0.0,1.16,0.62,0.0
20230125:1610,0.0,0.0,0.0,0.58,0.48,0.0
20230125:1710,0.0,0.0,0.0,0.09,0.9,0.0
20230125:1810,0.0,0.0,0.0,-0.55,1.38,0.0
20230125:1910,0.0,0.0,0.0,-0.55,1.66,0.0
20230125:2010,0.0,0.0,0.0,-0.7,1.86,0.0
20230125:2110,0.0,0.0,0.0,-0.96,1.86,0.0
20230125:2210,0.0,0.0,0.0,-1.04,1.66,0.0
20230125:2310,0.0,0.0,0.0,-1.16,1.66,0.0
20230126:0010,0.0,0.0,0.0,-1.17,1.86,0.0
20230126:0110,0.0,0.0,0.0,-1.22,1.93,0.0
20230126:0210,0.0,0.0,0.0,-1.55,1.79,0.0
20230126:0310,0.0,0.0,0.0,-1.65,1.66,0.0
20230126:0410,0.0,0.0,0.0,-1.76,1.79,0.0
20230126:0510,0.0,0.0,0.0,-1.95,2.07,0.0
20230126:0610,0.0,0.0,0.0,-2.04,2.34,0.0
20230126:0710,52.27,70.71,7.83,-1.6,2.21,0.0
20230126:0810,26.29,41.91,14.01,-1.35,2.48,0.0
20230126:0910,80.39,101.29,18.33,-0.86,2.41,0.0
20230126:1010,54.79,74.02,20.39,-0.66,2.34,0.0
20230126:1110,67.11,87.39,19.98,-0.43,2.41,0.0
20230126:1210,61.3,81.15,17.14,-0.37,2.48,0.0
20230126:1310,39.39,57.07,12.17,-0.38,2.48,0.0
20230126:1410,42.93,61.0,5.48,-0.5,2.28,0.0
20230126:1510,0.0,0.0,0.0,-0.75,1.79,0.0
20230126:1610,0.0,0.0,0.0,-0.91,1.66,0.0
20230126:1710,0.0,0.0,0.0,-1.02,1.79,0.0
20230126:1810,0.0,0.0,0.0,-1.13,1.72,0.0
20230126:1910,0.0,0.0,0.0,-1.54,1.59,0.0
20230126:2010,0.0,0.0,0.0,-1.75,1.52,0.0
20230126:2110,0.0,0.0,0.0,-1.76,1.59,0.0
20230126:2210,0.0,0.0,0.0,-1.88,1.66,0.0
20230126:2310,0.0,0.0,0.0,-2.04,1.52,0.0
20230127:0010,0.0,0.0,0.0,-2.23,1.52,0.0
20230127:0110,0.0,0.0,0.0,-2.39,1.31,0.0
20230127:0210,0.0,0.0,0.0,-2.67,1.17,0.0
20230127:0310,0.0,0.0,0.0,-3.0,1.1,0.0
20230127:0410,0.0,0.0,0.0,-3.04,1.24,0.0
20230127:0510,0.0,0.0,0.0,-3.08,1.38,0.0
20230127:0610,0.0,0.0,0.0,-3.5,1.45,0.0
20230127:0710,76.32,95.89,8.03,-2.79,1.52,0.0
20230127:0810,127.59,149.07,14.23,-1.72,2.0,0.0
20230127:0910,239.09,263.18,18.56,-1.1,2.28,0.0
20230127:1010,284.38,310.68,20.64,-0.59,2.21,0.0
20230127:1110,287.53,314.65,20.24,-0.07,2.14,0.0
20230127:1210,79.9,101.03,17.4,0.0,2.34,0.0
20230127:1310,12.37,24.97,12.42,0.02,2.62,0.0
20230127:1410,0.0,5.35,5.73,-0.12,2.9,0.0
20230127:1510,0.0,0.0,0.0,-0.59,2.83,0.0
20230127:1610,0.0,0.0,0.0,-0.96,2.83,0.0
20230127:1710,0.0,0.0,0.0,-1.22,2.69,0.0
20230127:1810,0.0,0.0,0.0,-1.33,2.69,0.0
20230127:1910,0.0,0.0,0.0,-1.38,2.48,0.0
20230127:2010,0.0,0.0,0.0,-1.44,2.34,0.0
20230127:2110,0.0,0.0,0.0,-1.62,2.55,0.0
20230127:2210,0.0,0.0,0.0,-1.88,2.69,0.0
20230127:2310,0.0,0.0,0.0,-1.98,2.76,0.0
20230128:0010,0.0,0.0,0.0,-2.04,2.83,0.0
20230128:0110,0.0,0.0,0.0,-2.2,2.62,0.0
20230128:0210,0.0,0.0,0.0,-2.25,2.62,0.0
20230128:0310,0.0,0.0,0.0,-2.44,2.55,0.0
20230128:0410,0.0,0.0,0.0,-2.6,2.55,0.0
20230128:0510,0.0,0.0,0.0,-2.68,2.55,0.0
20230128:0610,0.0,0.0,0.0,-2.76,2.55,0.0
20230128:0710,64.92,83.88,8.23,-2.6,2.62,0.0
20230128:0810,75.41,95.38,14.45,-1.93,2.69,0.0
20230128:0910,96.84,118.28,18.8,-1.05,2.76,0.0
20230128:1010,58.89,78.48,20.9,-0.52,2.83,0.0
20230128:1110,69.59,90.07,20.5,-0.29,2.76,0.0
20230128:1210,44.99,63.32,17.67,-0.36,2.83,0.0
20230128:1310,31.56,48.16,12.68,-0.45,2.97,0.0
20230128:1410,11.06,23.19,5.98,-0.63,2.9,0.0
20230128:1510,0.0,0.0,0.0,-0.93,2.28,0.0
20230128:1610,0.0,0.0,0.0,-1.16,2.14,0.0
20230128:1710,0.0,0.0,0.0,-1.25,2.07,0.0
20230128:1810,0.0,0.0,0.0,-1.41,2.07,0.0
20230128:1910,0.0,0.0,0.0,-1.58,1.59,0.0
20230128:2010,0.0,0.0,0.0,-1.87,1.52,0.0
20230128:2110,0.0,0.0,0.0,-1.77,1.72,0.0
20230128:2210,0.0,0.0,0.0,-1.78,1.66,0.0
20230128:2310,0.0,0.0,0.0,-1.92,1.66,0.0
20230129:0010,0.0,0.0,0.0,-1.79,1.93,0.0
20230129:0110,0.0,0.0,0.0,-1.78,1.86,0.0
20230129:0210,0.0,0.0,0.0,-1.57,2.48,0.0
20230129:0310,0.0,0.0,0.0,-1.59,2.48,0.0
20230129:0410,0.0,0.0,0.0,-1.87,2.69,0.0
20230129:0510,0.0,0.0,0.0,-2.04,3.24,0.0
20230129:0610,0.0,0.0,0.0,-2.12,3.31,0.0
20230129:0710,30.4,46.49,8.44,-1.99,3.38,0.0
20230129:0810,46.15,64.21,14.68,-1.89,3.03,0.0
20230129:0910,45.25,63.32,19.05,-1.43,3.59,0.0
20230129:1010,32.47,49.05,21.16,-1.23,3.38,0.0
20230129:1110,16.63,30.32,20.78,-0.93,3.31,0.0
20230129:1210,36.28,53.51,17.94,-0.55,3.59,0.0
20230129:1310,48.39,66.93,12.94,-0.41,3.66,0.0
20230129:1410,39.75,57.44,6.23,-0.25,3.38,0.0
20230129:1510,0.0,0.0,0.0,-0.5,2.62,0.0
20230129:1610,0.0,0.0,0.0,-0.99,2.55,0.0
20230129:1710,0.0,0.0,0.0,-1.1,2.83,0.0
20230129:1810,0.0,0.0,0.0,-1.15,3.03,0.0
20230129:1910,0.0,0.0,0.0,-1.18,3.59,0.0
20230129:2010,0.0,0.0,0.0,-1.24,3.59,0.0
20230129:2110,0.0,0.0,0.0,-1.24,3.52,0.0
20230129:2210,0.0,0.0,0.0,-1.04,3.66,0.0
20230129:2310,0.0,0.0,0.0,-1.04,3.72,0.0
20230130:0010,0.0,0.0,0.0,-1.05,3.86,0.0
20230130:0110,0.0,0.0,0.0,-1.07,3.79,0.0
20230130:0210,0.0,0.0,0.0,-1.13,3.86,0.0
20230130:0310,0.0,0.0,0.0,-1.15,3.79,0.0
20230130:0410,0.0,0.0,0.0,-1.05,3.93,0.0
20230130:0510,0.0,0.0,0.0,-0.92,4.28,0.0
20230130:0610,0.0,0.0,0.0,-0.75,4.41,0.0
20230130:0710,37.31,54.5,8.66,-0.67,4.83,0.0
20230130:0810,191.97,214.56,14.91,-0.26,4.34,0.0
20230130:0910,116.93,139.18,19.31,0.07,5.24,0.0
20230130:1010,215.0,238.8,21.43,0.54,5.86,0.0
20230130:1110,60.25,80.26,21.05,1.02,6.21,0.0
20230130:1210,40.8,58.86,18.21,0.92,5.86,0.0
20230130:1310,44.08,62.42,13.21,0.52,5.72,0.0
20230130:1410,39.76,57.45,6.49,0.13,6.28,0.0
20230130:1510,0.0,0.0,0.0,-0.17,6.0,0.0
20230130:1610,0.0,0.0,0.0,-0.32,5.86,0.0
20230130:1710,0.0,0.0,0.0,-0.36,5.72,0.0
20230130:1810,0.0,0.0,0.0,-0.36,5.52,0.0
20230130:1910,0.0,0.0,0.0,-0.41,5.45,0.0
20230130:2010,0.0,0.0,0.0,-0.17,5.24,0.0
20230130:2110,0.0,0.0,0.0,-0.04,4.69,0.0
20230130:2210,0.0,0.0,0.0,0.02,4.0,0.0
20230130:2310,0.0,0.0,0.0,-0.09,3.72,0.0
20230131:0010,0.0,0.0,0.0,-0.22,3.86,0.0
20230131:0110,0.0,0.0,0.0,-0.11,3.86,0.0
20230131:0210,0.0,0.0,0.0,-0.01,3.86,0.0
20230131:0310,0.0,0.0,0.0,-0.24,3.66,0.0
20230131:0410,0.0,0.0,0.0,-0.09,3.66,0.0
20230131:0510,0.0,0.0,0.0,0.1,3.66,0.0
20230131:0610,0.0,0.0,0.0,0.3,3.45,0.0
20230131:0710,212.59,238.06,8.88,0.86,3.52,0.0
20230131:0810,121.77,144.48,15.15,0.86,3.31,0.0
20230131:0910,154.72,178.8,19.57,1.73,5.17,0.0
20230131:1010,96.02,118.84,21.7,2.28,6.07,0.0
20230131:1110,63.04,83.83,21.33,2.7,6.21,0.0
20230131:1210,78.35,100.28,18.49,2.64,5.1,0.0
20230131:1310,21.37,36.56,13.48,2.53,4.48,0.0
20230131:1410,4.13,13.38,6.74,2.04,4.0,0.0
20230131:1510,0.0,0.0,0.0,1.04,3.72,0.0
20230131:1610,0.0,0.0,0.0,0.49,3.59,0.0
20230131:1710,0.0,0.0,0.0,-0.21,3.45,0.0
20230131:1810,0.0,0.0,0.0,-0.76,3.24,0.0
20230131:1910,0.0,0.0,0.0,-0.93,3.03,0.0
20230131:2010,0.0,0.0,0.0,-0.84,2.97,0.0
20230131:2110,0.0,0.0,0.0,-0.88,2.97,0.0
20230131:2210,0.0,0.0,0.0,-0.77,3.31,0.0
20230131:2310,0.0,0.0,0.0,-0.99,3.66,0.0
20230201:0010,0.0,0.0,0.0,-1.01,3.86,0.0
20230201:0110,0.0,0.0,0.0,-0.73,4.07,0.0
20230201:0210,0.0,0.0,0.0,-0.35,4.55,0.0
20230201:0310,0.0,0.0,0.0,0.12,5.03,0.0
20230201:0410,0.0,0.0,0.0,0.24,5.38,0.0
20230201:0510,0.0,0.0,0.0,0.37,5.45,0.0
20230201:0610,0.0,0.0,0.0,0.84,5.31,0.0
20230201:0710,184.35,208.64,9.1,1.3,5.52,0.0
20230201:0810,210.53,234.68,15.4,1.39,5.17,0.0
20230201:0910,249.28,275.77,19.83,1.83,4.07,0.0
20230201:1010,118.01,141.9,21.98,2.71,6.28,0.0
20230201:1110,70.45,91.85,21.62,2.66,5.72,0.0
20230201:1210,18.48,33.0,18.77,2.48,5.45,0.0
20230201:1310,28.09,44.59,13.75,2.43,5.66,0.0
20230201:1410,175.12,201.59,7.01,2.48,4.97,0.0
20230201:1510,0.0,0.0,0.0,1.91,4.41,0.0
20230201:1610,0.0,0.0,0.0,1.13,4.41,0.0
20230201:1710,0.0,0.0,0.0,0.73,4.34,0.0
20230201:1810,0.0,0.0,0.0,0.39,4.41,0.0
20230201:1910,0.0,0.0,0.0,0.35,4.41,0.0
20230201:2010,0.0,0.0,0.0,0.22,4.41,0.0
20230201:2110,0.0,0.0,0.0,0.29,4.41,0.0
20230201:2210,0.0,0.0,0.0,0.33,4.28,0.0
20230201:2310,0.0,0.0,0.0,0.36,4.21,0.0
20230202:0010,0.0,0.0,0.0,0.64,4.21,0.0
20230202:0110,0.0,0.0,0.0,0.84,4.0,0.0
20230202:0210,0.0,0.0,0.0,0.95,3.93,0.0
20230202:0310,0.0,0.0,0.0,0.7,4.0,0.0
20230202:0410,0.0,0.0,0.0,0.34,4.07,0.0
20230202:0510,0.0,0.0,0.0,0.22,3.93,0.0
20230202:0610,0.0,0.82,1.62,0.06,3.79,0.0
20230202:0710,240.89,266.78,9.33,0.67,4.0,0.0
20230202:0810,422.82,455.27,15.65,0.89,3.72,0.0
20230202:0910,187.77,212.84,20.1,1.2,3.1,0.0
20230202:1010,84.0,106.12,22.27,1.87,4.76,0.0
20230202:1110,245.32,273.51,21.9,2.82,3.66,0.0
20230202:1210,280.91,309.96,19.06,3.08,3.93,0.0
20230202:1310,27.21,43.7,14.03,3.17,3.66,0.0
20230202:1410,25.35,41.4,7.27,2.71,2.9,0.0
20230202:1510,0.0,0.0,0.0,1.63,2.34,0.0
20230202:1610,0.0,0.0,0.0,0.91,2.0,0.0
20230202:1710,0.0,0.0,0.0,0.2,1.72,0.0
20230202:1810,0.0,0.0,0.0,-0.34,1.31,0.0
20230202:1910,0.0,0.0,0.0,-0.13,2.28,0.0
20230202:2010,0.0,0.0,0.0,-0.06,2.83,0.0
20230202:2110,0.0,0.0,0.0,0.07,3.66,0.0
20230202:2210,0.0,0.0,0.0,0.01,4.34,0.0
20230202:2310,0.0,0.0,0.0,0.37,4.9,0.0
20230203:0010,0.0,0.0,0.0,0.14,5.17,0.0
20230203:0110,0.0,0.0,0.0,-0.22,5.17,0.0
20230203:0210,0.0,0.0,0.0,-0.71,4.97,0.0
20230203:0310,0.0,0.0,0.0,-1.03,4.76,0.0
20230203:0410,0.0,0.0,0.0,-1.32,4.62,0.0
20230203:0510,0.0,0.0,0.0,-1.68,4.41,0.0
20230203:0610,0.0,3.28,1.84,-2.19,4.21,0.0
20230203:0710,156.06,177.96,9.57,-1.66,3.72,0.0
20230203:0810,352.18,376.57,15.91,-1.42,4.07,0.0
20230203:0910,162.14,184.54,20.38,-1.18,4.28,0.0
20230203:1010,135.3,158.25,22.56,-0.26,4.21,0.0
20230203:1110,69.45,90.07,22.2,0.36,3.86,0.0
20230203:1210,58.58,78.48,19.35,0.64,3.17,0.0
20230203:1310,124.56,147.28,14.31,0.65,2.9,0.0
20230203:1410,149.18,173.67,7.54,0.4,2.55,0.0
20230203:1510,0.0,0.0,0.0,-0.05,2.28,0.0
20230203:1610,0.0,0.0,0.0,-0.8,2.07,0.0
20230203:1710,0.0,0.0,0.0,-1.56,1.86,0.0
20230203:1810,0.0,0.0,0.0,-2.1,2.21,0.0
20230203:1910,0.0,0.0,0.0,-2.04,2.62,0.0
20230203:2010,0.0,0.0,0.0,-1.79,2.83,0.0
20230203:2110,0.0,0.0,0.0,-1.53,2.97,0.0
20230203:2210,0.0,0.0,0.0,-1.43,3.31,0.0
20230203:2310,0.0,0.0,0.0,-1.58,3.31,0.0
20230204:0010,0.0,0.0,0.0,-1.58,3.31,0.0
20230204:0110,0.0,0.0,0.0,-1.69,3.52,0.0
20230204:0210,0.0,0.0,0.0,-1.88,3.66,0.0
20230204:0310,0.0,0.0,0.0,-2.06,3.79,0.0
20230204:0410,0.0,0.0,0.0,-2.19,4.07,0.0
20230204:0510,0.0,0.0,0.0,-2.34,4.34,0.0
20230204:0610,0.0,4.1,2.07,-2.45,4.83,0.0
20230204:0710,34.69,51.22,9.81,-2.65,4.76,0.0
20230204:0810,313.87,335.0,16.17,-2.56,4.69,0.0
20230204:0910,121.95,143.21,20.66,-2.3,4.76,0.0
20230204:1010,297.14,319.52,22.85,-2.04,4.9,0.0
20230204:1110,206.23,228.24,22.5,-1.85,5.17,0.0
20230204:1210,185.11,206.8,19.64,-1.62,5.45,0.0
20230204:1310,13.19,25.86,14.59,-1.8,5.1,0.0
20230204:1410,61.06,80.01,7.81,-2.32,4.55,0.0
20230204:1510,0.0,0.0,0.0,-3.14,4.14,0.0
20230204:1610,0.0,0.0,0.0,-3.93,3.72,0.0
20230204:1710,0.0,0.0,0.0,-4.29,3.66,0.0
20230204:1810,0.0,0.0,0.0,-4.91,3.38,0.0
20230204:1910,0.0,0.0,0.0,-4.4,3.45,0.0
20230204:2010,0.0,0.0,0.0,-4.37,3.93,0.0
20230204:2110,0.0,0.0,0.0,-4.42,4.0,0.0
20230204:2210,0.0,0.0,0.0,-4.57,4.14,0.0
20230204:2310,0.0,0.0,0.0,-4.51,3.86,0.0
20230205:0010,0.0,0.0,0.0,-4.46,4.28,0.0
20230205:0110,0.0,0.0,0.0,-4.45,4.62,0.0
20230205:0210,0.0,0.0,0.0,-4.47,4.34,0.0
20230205:0310,0.0,0.0,0.0,-4.55,4.14,0.0
20230205:0410,0.0,0.0,0.0,-4.55,4.28,0.0
20230205:0510,0.0,0.0,0.0,-4.53,4.34,0.0
20230205:0610,0.0,1.64,2.3,-4.58,4.41,0.0
20230205:0710,101.62,120.95,10.06,-4.55,4.21,0.0
20230205:0810,655.85,686.41,16.44,-4.01,5.72,0.0
20230205:0910,258.91,279.12,20.95,-3.05,5.66,0.0
20230205:1010,207.55,228.76,23.15,-2.66,5.59,0.0
20230205:1110,110.22,131.32,22.8,-2.26,5.66,0.0
20230205:1210,51.19,69.56,19.94,-2.13,5.59,0.0
20230205:1310,24.91,40.13,14.88,-2.15,5.72,0.0
20230205:1410,142.61,164.2,8.08,-2.51,4.83,0.0
20230205:1510,0.0,0.0,0.0,-3.21,4.55,0.0
20230205:1610,0.0,0.0,0.0,-3.94,4.41,0.0
20230205:1710,0.0,0.0,0.0,-4.2,4.34,0.0
20230205:1810,0.0,0.0,0.0,-4.48,4.14,0.0
20230205:1910,0.0,0.0,0.0,-4.48,4.0,0.0
20230205:2010,0.0,0.0,0.0,-4.5,3.72,0.0
20230205:2110,0.0,0.0,0.0,-4.41,3.59,0.0
20230205:2210,0.0,0.0,0.0,-4.09,3.31,0.0
20230205:2310,0.0,0.0,0.0,-4.07,3.17,0.0
20230206:0010,0.0,0.0,0.0,-4.0,3.38,0.0
20230206:0110,0.0,0.0,0.0,-4.1,3.31,0.0
20230206:0210,0.0,0.0,0.0,-4.22,3.1,0.0
20230206:0310,0.0,0.0,0.0,-4.35,2.97,0.0
20230206:0410,0.0,0.0,0.0,-4.58,2.97,0.0
20230206:0510,0.0,0.0,0.0,-4.82,3.03,0.0
20230206:0610,0.0,2.46,2.53,-4.95,3.03,0.0
20230206:0710,0.0,0.0,0.0,-4.47,2.9,0.0
20230206:0810,561.14,595.06,16.71,-4.2,2.83,0.0
20230206:0910,422.9,448.63,21.24,-3.73,2.83,0.0
20230206:1010,378.79,403.64,23.45,-3.42,2.83,0.0
20230206:1110,265.44,287.66,23.11,-3.33,2.9,0.0
20230206:1210,260.78,282.49,20.24,-3.2,3.03,0.0
20230206:1310,192.26,213.1,15.17,-3.15,3.1,0.0
20230206:1410,34.87,51.36,8.35,-3.24,3.03,0.0
20230206:1510,0.0,0.0,0.0,-3.45,2.69,0.0
20230206:1610,0.0,0.0,0.0,-3.89,2.14,0.0
20230206:1710,0.0,0.0,0.0,-4.99,1.93,0.0
20230206:1810,0.0,0.0,0.0,-6.29,2.07,0.0
20230206:1910,0.0,0.0,0.0,-6.92,2.41,0.0
20230206:2010,0.0,0.0,0.0,-6.33,2.41,0.0
20230206:2110,0.0,0.0,0.0,-5.4,2.69,0.0
20230206:2210,0.0,0.0,0.0,-4.52,2.83,0.0
20230206:2310,0.0,0.0,0.0,-4.04,3.03,0.0
20230207:0010,0.0,0.0,0.0,-3.82,3.17,0.0
20230207:0110,0.0,0.0,0.0,-3.58,3.45,0.0
20230207:0210,0.0,0.0,0.0,-3.4,3.45,0.0
20230207:0310,0.0,0.0,0.0,-3.3,2.83,0.0
20230207:0410,0.0,0.0,0.0,-3.2,2.97,0.0
20230207:0510,0.0,0.0,0.0,-3.1,3.52,0.0
20230207:0610,0.46,6.56,2.77,-2.88,2.76,0.0
20230207:0710,142.17,163.4,10.58,-2.38,3.66,0.0
20230207:0810,321.53,344.87,16.99,-1.83,3.86,0.0
20230207:0910,93.77,115.14,21.53,-1.17,3.31,0.0
20230207:1010,55.65,74.91,23.76,-0.64,3.24,0.0
20230207:1110,57.92,77.59,23.42,0.07,3.24,0.0
20230207:1210,61.94,82.04,20.54,0.37,3.03,0.0
20230207:1310,17.94,32.1,15.46,0.46,2.97,0.0
20230207:1410,17.24,31.21,8.63,0.2,2.48,0.0
20230207:1510,0.0,0.0,0.0,-0.55,2.28,0.0
20230207:1610,0.0,0.0,0.0,-1.48,2.28,0.0
20230207:1710,0.0,0.0,0.0,-2.43,2.48,0.0
20230207:1810,0.0,0.0,0.0,-2.84,2.48,0.0
20230207:1910,0.0,0.0,0.0,-3.36,2.62,0.0
20230207:2010,0.0,0.0,0.0,-3.85,2.62,0.0
20230207:2110,0.0,0.0,0.0,-4.46,2.62,0.0
20230207:2210,0.0,0.0,0.0,-4.68,2.83,0.0
20230207:2310,0.0,0.0,0.0,-4.71,2.69,0.0
20230208:0010,0.0,0.0,0.0,-4.79,2.48,0.0
20230208:0110,0.0,0.0,0.0,-4.93,2.34,0.0
20230208:0210,0.0,0.0,0.0,-5.03,2.21,0.0
20230208:0310,0.0,0.0,0.0,-5.26,1.93,0.0
20230208:0410,0.0,0.0,0.0,-5.74,1.66,0.0
20230208:0510,0.0,0.0,0.0,-6.29,1.38,0.0
20230208:0610,0.88,7.38,3.02,-6.69,1.38,0.0
20230208:0710,389.19,412.8,10.84,-6.59,1.93,0.0
20230208:0810,631.58,674.95,17.28,-5.63,1.86,0.0
20230208:0910,544.77,583.26,21.84,-4.51,1.59,0.0
20230208:1010,629.0,683.6,24.08,-3.83,1.31,0.0
20230208:1110,466.52,503.11,23.73,-3.14,1.17,0.0
20230208:1210,434.85,469.54,20.85,-2.76,1.03,0.0
20230208:1310,321.45,348.14,15.75,-3.02,0.9,0.0
20230208:1410,351.21,385.58,8.91,-2.7,0.69,0.0
20230208:1510,0.0,0.0,0.0,-3.05,0.76,0.0
20230208:1610,0.0,0.0,0.0,-4.04,0.97,0.0
20230208:1710,0.0,0.0,0.0,-4.75,0.9,0.0
20230208:1810,0.0,0.0,0.0,-5.07,0.76,0.0
20230208:1910,0.0,0.0,0.0,-7.56,1.93,0.0
20230208:2010,0.0,0.0,0.0,-9.19,2.21,0.0
20230208:2110,0.0,0.0,0.0,-9.53,2.21,0.0
20230208:2210,0.0,0.0,0.0,-9.29,2.14,0.0
20230208:2310,0.0,0.0,0.0,-8.7,1.93,0.0
20230209:0010,0.0,0.0,0.0,-8.07,1.79,0.0
20230209:0110,0.0,0.0,0.0,-7.55,1.66,0.0
20230209:0210,0.0,0.0,0.0,-7.9,1.66,0.0
20230209:0310,0.0,0.0,0.0,-7.88,1.59,0.0
20230209:0410,0.0,0.0,0.0,-8.38,1.59,0.0
20230209:0510,0.0,0.0,0.0,-8.86,1.59,0.0
20230209:0610,0.91,7.38,3.27,-9.8,1.72,0.0
20230209:0710,351.27,364.96,11.11,-11.33,2.21,0.0
20230209:0810,651.5,679.75,17.56,-9.11,2.69,0.0
20230209:0910,731.28,781.2,22.14,-5.5,2.83,0.0
20230209:1010,780.71,849.68,24.39,-2.82,2.9,0.0
20230209:1110,477.82,512.84,24.05,-1.33,2.83,0.0
20230209:1210,478.75,515.04,21.16,-0.6,2.83,0.0
20230209:1310,302.96,329.24,16.05,-0.38,2.9,0.0
20230209:1410,109.33,131.39,9.19,-0.84,2.48,0.0
20230209:1510,0.0,0.0,0.0,-2.28,2.62,0.0
20230209:1610,0.0,0.0,0.0,-3.84,2.83,0.0
20230209:1710,0.0,0.0,0.0,-4.67,2.9,0.0
20230209:1810,0.0,0.0,0.0,-5.24,2.97,0.0
20230209:1910,0.0,0.0,0.0,-5.21,2.97,0.0
20230209:2010,0.0,0.0,0.0,-5.54,3.03,0.0
20230209:2110,0.0,0.0,0.0,-5.76,3.17,0.0
20230209:2210,0.0,0.0,0.0,-5.83,3.31,0.0
20230209:2310,0.0,0.0,0.0,-5.55,3.45,0.0
20230210:0010,0.0,0.0,0.0,-5.28,3.59,0.0
20230210:0110,0.0,0.0,0.0,-5.09,3.66,0.0
20230210:0210,0.0,0.0,0.0,-4.75,3.66,0.0
20230210:0310,0.0,0.0,0.0,-4.34,3.66,0.0
20230210:0410,0.0,0.0,0.0,-4.05,3.86,0.0
20230210:0510,0.0,0.0,0.0,-3.71,4.0,0.0
20230210:0610,0.85,7.38,3.53,-3.42,4.21,0.0
20230210:0710,39.86,56.94,11.38,-2.94,4.07,0.0
20230210:0810,687.89,730.6,17.86,-2.04,5.1,0.0
20230210:0910,747.79,797.94,22.45,-0.87,5.93,0.0
20230210:1010,861.86,931.47,24.72,0.01,6.07,0.0
20230210:1110,407.14,435.52,24.37,0.64,6.14,0.0
20230210:1210,310.0,335.66,21.47,0.92,6.07,0.0
20230210:1310,15.07,28.54,16.35,0.97,6.0,0.0
20230210:1410,60.75,80.59,9.47,0.68,5.24,0.0
20230210:1510,0.0,0.0,0.0,0.32,4.55,0.0
20230210:1610,0.0,0.0,0.0,-0.05,4.28,0.0
20230210:1710,0.0,0.0,0.0,-0.14,4.21,0.0
20230210:1810,0.0,0.0,0.0,-0.18,4.07,0.0
20230210:1910,0.0,0.0,0.0,-0.36,3.79,0.0
20230210:2010,0.0,0.0,0.0,-0.35,3.45,0.0
20230210:2110,0.0,0.0,0.0,-0.26,3.45,0.0
20230210:2210,0.0,0.0,0.0,-0.22,3.59,0.0
20230210:2310,0.0,0.0,0.0,-0.08,3.52,0.0
20230211:0010,0.0,0.0,0.0,0.0,3.72,0.0
20230211:0110,0.0,0.0,0.0,0.18,3.86,0.0
20230211:0210,0.0,0.0,0.0,0.32,3.86,0.0
20230211:0310,0.0,0.0,0.0,0.39,3.86,0.0
20230211:0410,0.0,0.0,0.0,0.36,4.21,0.0
20230211:0510,0.0,0.0,0.0,0.17,4.69,0.0
20230211:0610,0.0,3.28,3.79,-0.02,5.03,0.0
20230211:0710,72.05,92.38,11.66,0.11,4.9,0.0
20230211:0810,353.63,378.93,18.16,0.25,6.0,0.0
20230211:0910,133.31,156.36,22.77,0.53,6.41,0.0
20230211:1010,606.85,647.06,25.04,0.77,6.41,0.0
20230211:1110,132.45,155.94,24.7,0.97,6.34,0.0
20230211:1210,35.25,52.62,21.79,1.1,6.07,0.0
20230211:1310,37.57,55.29,16.65,1.24,5.79,0.0
20230211:1410,10.29,22.29,9.75,1.3,6.9,0.0
20230211:1510,0.0,0.0,0.0,1.35,6.62,0.0
20230211:1610,0.0,0.0,0.0,1.37,6.41,0.0
20230211:1710,0.0,0.0,0.0,1.33,6.34,0.0
20230211:1810,0.0,0.0,0.0,1.43,6.14,0.0
20230211:1910,0.0,0.0,0.0,1.4,6.0,0.0
20230211:2010,0.0,0.0,0.0,1.52,5.52,0.0
20230211:2110,0.0,0.0,0.0,2.28,5.24,0.0
20230211:2210,0.0,0.0,0.0,2.87,5.31,0.0
20230211:2310,0.0,0.0,0.0,3.03,5.52,0.0
20230212:0010,0.0,0.0,0.0,2.62,5.38,0.0
20230212:0110,0.0,0.0,0.0,1.84,5.1,0.0
20230212:0210,0.0,0.0,0.0,0.77,4.83,0.0
20230212:0310,0.0,0.0,0.0,-0.27,4.34,0.0
20230212:0410,0.0,0.0,0.0,-1.1,3.86,0.0
20230212:0510,0.0,0.0,0.0,-2.01,3.31,0.0
20230212:0610,22.3,37.85,4.06,-2.78,2.97,0.0
20230212:0710,430.8,460.97,11.95,-2.14,3.72,0.0
20230212:0810,647.55,691.59,18.46,-1.8,4.07,0.0
20230212:0910,784.31,851.88,23.09,-1.2,3.79,0.0
20230212:1010,844.57,929.91,25.37,-0.71,3.45,0.0
20230212:1110,829.12,917.71,25.03,-0.11,3.1,0.0
20230212:1210,776.91,855.62,22.11,0.31,3.1,0.0
20230212:1310,586.95,635.89,16.95,0.59,3.24,0.0
20230212:1410,353.77,387.62,10.04,0.33,3.03,0.0
20230212:1510,0.0,0.89,1.87,-0.73,2.41,0.0
20230212:1610,0.0,0.0,0.0,-2.39,2.62,0.0
20230212:1710,0.0,0.0,0.0,-3.07,2.83,0.0
20230212:1810,0.0,0.0,0.0,-3.29,2.97,0.0
20230212:1910,0.0,0.0,0.0,-3.69,2.55,0.0
20230212:2010,0.0,0.0,0.0,-4.45,2.69,0.0
20230212:2110,0.0,0.0,0.0,-4.87,2.97,0.0
20230212:2210,0.0,0.0,0.0,-4.77,3.1,0.0
20230212:2310,0.0,0.0,0.0,-4.32,3.17,0.0
20230213:0010,0.0,0.0,0.0,-3.98,3.31,0.0
20230213:0110,0.0,0.0,0.0,-3.13,3.52,0.0
20230213:0210,0.0,0.0,0.0,-2.28,3.66,0.0
20230213:0310,0.0,0.0,0.0,-1.47,3.66,0.0
20230213:0410,0.0,0.0,0.0,-0.71,3.72,0.0
20230213:0510,0.0,0.0,0.0,-0.12,3.86,0.0
20230213:0610,1.58,8.92,4.33,0.25,3.86,0.0
20230213:0710,84.07,105.55,12.24,1.16,4.0,0.0
20230213:0810,67.29,88.29,18.77,1.96,4.21,0.0
20230213:0910,90.35,113.26,23.41,2.68,4.48,0.0
20230213:1010,81.84,104.34,25.71,3.06,4.41,0.0
20230213:1110,27.96,44.59,25.36,3.3,4.69,0.0
20230213:1210,17.67,32.1,22.43,3.43,4.69,0.0
20230213:1310,10.14,22.29,17.25,3.81,4.76,0.0
20230213:1410,5.21,15.16,10.32,3.86,4.9,0.0
20230213:1510,0.0,1.78,2.14,3.65,4.76,0.0
20230213:1610,0.0,0.0,0.0,3.2,4.62,0.0
20230213:1710,0.0,0.0,0.0,3.03,4.55,0.0
20230213:1810,0.0,0.0,0.0,2.74,4.34,0.0
20230213:1910,0.0,0.0,0.0,2.89,4.48,0.0
20230213:2010,0.0,0.0,0.0,2.81,4.62,0.0
20230213:2110,0.0,0.0,0.0,2.69,4.83,0.0
20230213:2210,0.0,0.0,0.0,2.76,5.1,0.0
20230213:2310,0.0,0.0,0.0,2.88,5.31,0.0
20230214:0010,0.0,0.0,0.0,2.87,5.38,0.0
20230214:0110,0.0,0.0,0.0,2.77,5.45,0.0
20230214:0210,0.0,0.0,0.0,2.57,5.45,0.0
20230214:0310,0.0,0.0,0.0,2.34,5.24,0.0
20230214:0410,0.0,0.0,0.0,2.19,5.17,0.0
20230214:0510,0.0,0.0,0.0,2.05,5.1,0.0
20230214:0610,4.13,13.38,4.61,1.97,4.97,0.0
20230214:0710,44.11,62.91,12.53,2.52,5.1,0.0
20230214:0810,54.01,74.02,19.08,2.73,4.97,0.0
20230214:0910,44.31,63.32,23.74,3.15,5.72,0.0
20230214:1010,39.48,57.97,26.04,3.63,6.07,0.0
20230214:1110,58.54,79.37,25.7,4.08,5.86,0.0
20230214:1210,87.99,111.47,22.76,4.58,5.93,0.0
20230214:1310,533.62,580.09,17.56,4.79,5.72,0.0
20230214:1410,362.76,401.78,10.61,4.9,5.38,0.0
20230214:1510,0.0,2.68,2.42,4.36,4.55,0.0
20230214:1610,0.0,0.0,0.0,3.07,4.28,0.0
20230214:1710,0.0,0.0,0.0,2.22,4.14,0.0
20230214:1810,0.0,0.0,0.0,1.49,3.86,0.0
20230214:1910,0.0,0.0,0.0,1.42,3.93,0.0
20230214:2010,0.0,0.0,0.0,0.69,3.66,0.0
20230214:2110,0.0,0.0,0.0,0.12,3.38,0.0
20230214:2210,0.0,0.0,0.0,-0.44,3.1,0.0
20230214:2310,0.0,0.0,0.0,-0.94,2.9,0.0
20230215:0010,0.0,0.0,0.0,-1.41,2.69,0.0
20230215:0110,0.0,0.0,0.0,-1.76,2.55,0.0
20230215:0210,0.0,0.0,0.0,-2.16,2.41,0.0
20230215:0310,0.0,0.0,0.0,-2.6,2.28,0.0
20230215:0410,0.0,0.0,0.0,-3.04,2.07,0.0
20230215:0510,0.0,0.0,0.0,-3.55,2.0,0.0
20230215:0610,29.15,45.72,4.89,-4.0,1.86,0.0
20230215:0710,114.79,136.59,12.83,-1.45,1.79,0.0
20230215:0810,190.97,216.11,19.4,0.38,2.0,0.0
20230215:0910,133.33,158.35,24.08,1.95,2.14,0.0
20230215:1010,83.2,106.12,26.38,3.23,2.21,0.0
20230215:1110,97.78,122.17,26.04,4.12,2.34,0.0
20230215:1210,90.11,114.15,23.08,4.67,2.62,0.0
20230215:1310,129.96,156.02,17.87,4.84,2.62,0.0
20230215:1410,143.21,170.15,10.9,4.47,2.41,0.0
20230215:1510,0.0,2.68,2.69,3.2,1.93,0.0
20230215:1610,0.0,0.0,0.0,1.37,2.21,0.0
20230215:1710,0.0,0.0,0.0,0.16,2.07,0.0
20230215:1810,0.0,0.0,0.0,-0.64,2.07,0.0
20230215:1910,0.0,0.0,0.0,-0.93,1.86,0.0
20230215:2010,0.0,0.0,0.0,-1.66,1.79,0.0
20230215:2110,0.0,0.0,0.0,-2.03,1.66,0.0
20230215:2210,0.0,0.0,0.0,-2.1,1.66,0.0
20230215:2310,0.0,0.0,0.0,-1.95,1.66,0.0
20230216:0010,0.0,0.0,0.0,-1.84,1.72,0.0
20230216:0110,0.0,0.0,0.0,-1.65,1.79,0.0
20230216:0210,0.0,0.0,0.0,-1.52,1.93,0.0
20230216:0310,0.0,0.0,0.0,-1.47,2.07,0.0
20230216:0410,0.0,0.0,0.0,-1.61,2.28,0.0
20230216:0510,0.0,0.0,0.0,-1.66,2.48,0.0
20230216:0610,81.73,105.9,5.18,-1.59,2.62,0.0
20230216:0710,215.41,240.28,13.13,-0.29,2.83,0.0
20230216:0810,496.63,538.41,19.72,1.81,3.45,0.0
20230216:0910,759.08,840.71,24.41,3.57,4.0,0.0
20230216:1010,803.17,898.13,26.73,5.03,4.34,0.0
20230216:1110,814.48,913.06,26.38,5.98,4.69,0.0
20230216:1210,698.48,774.88,23.41,6.53,4.97,0.0
20230216:1310,603.7,666.49,18.18,6.48,4.76,0.0
20230216:1410,180.16,209.66,11.19,5.85,4.0,0.0
20230216:1510,0.0,5.35,2.96,4.52,3.86,0.0
20230216:1610,0.0,0.0,0.0,2.97,3.79,0.0
20230216:1710,0.0,0.0,0.0,2.05,3.86,0.0
20230216:1810,0.0,0.0,0.0,1.55,3.79,0.0
20230216:1910,0.0,0.0,0.0,1.66,3.93,0.0
20230216:2010,0.0,0.0,0.0,1.68,3.93,0.0
20230216:2110,0.0,0.0,0.0,1.69,3.86,0.0
20230216:2210,0.0,0.0,0.0,1.7,3.66,0.0
20230216:2310,0.0,0.0,0.0,1.8,3.59,0.0
20230217:0010,0.0,0.0,0.0,1.96,3.52,0.0
20230217:0110,0.0,0.0,0.0,2.0,3.45,0.0
20230217:0210,0.0,0.0,0.0,1.98,3.45,0.0
20230217:0310,0.0,0.0,0.0,1.86,3.31,0.0
20230217:0410,0.0,0.0,0.0,1.75,3.24,0.0
20230217:0510,0.0,0.0,0.0,1.65,3.17,0.0
20230217:0610,0.0,5.35,5.47,1.57,2.97,0.0
20230217:0710,8.95,20.51,13.44,1.95,2.55,0.0
20230217:0810,185.35,211.84,20.04,3.04,3.72,0.0
20230217:0910,284.17,315.78,24.75,4.17,4.07,0.0
20230217:1010,280.52,313.48,27.08,5.25,4.48,0.0
20230217:1110,117.71,144.24,26.73,6.21,4.28,0.0
20230217:1210,95.6,121.1,23.74,7.52,4.69,0.0
20230217:1310,33.26,51.72,18.49,8.05,4.34,0.0
20230217:1410,81.92,106.27,11.48,7.88,3.72,0.0
20230217:1510,1.96,9.81,3.24,6.73,3.66,0.0
20230217:1610,0.0,0.0,0.0,5.6,3.86,0.0
20230217:1710,0.0,0.0,0.0,5.21,4.28,0.0
20230217:1810,0.0,0.0,0.0,4.86,4.55,0.0
20230217:1910,0.0,0.0,0.0,4.56,5.38,0.0
20230217:2010,0.0,0.0,0.0,4.32,5.45,0.0
20230217:2110,0.0,0.0,0.0,4.37,5.52,0.0
20230217:2210,0.0,0.0,0.0,4.64,5.86,0.0
20230217:2310,0.0,0.0,0.0,5.06,6.48,0.0
20230218:0010,0.0,0.0,0.0,5.87,6.97,0.0
20230218:0110,0.0,0.0,0.0,6.81,6.62,0.0
20230218:0210,0.0,0.0,0.0,7.18,6.76,0.0
20230218:0310,0.0,0.0,0.0,6.57,7.66,0.0
20230218:0410,0.0,0.0,0.0,5.74,7.66,0.0
20230218:0510,0.0,0.0,0.0,5.1,7.52,0.0
20230218:0610,31.17,49.31,5.76,4.59,7.24,0.0
20230218:0710,48.76,68.9,13.75,5.78,7.72,0.0
20230218:0810,62.84,84.72,20.37,6.14,7.31,0.0
20230218:0910,81.6,105.23,25.1,6.56,10.41,0.0
20230218:1010,98.0,123.07,27.43,6.95,10.34,0.0
20230218:1110,61.79,83.83,27.08,7.12,9.17,0.0
20230218:1210,31.16,49.05,24.08,7.32,8.55,0.0
20230218:1310,173.21,201.77,18.81,7.41,8.21,0.0
20230218:1410,81.18,105.0,11.78,7.32,6.97,0.0
20230218:1510,0.0,4.46,3.52,6.94,5.93,0.0
20230218:1610,0.0,0.0,0.0,6.11,5.38,0.0
20230218:1710,0.0,0.0,0.0,5.2,5.03,0.0
20230218:1810,0.0,0.0,0.0,4.97,4.9,0.0
20230218:1910,0.0,0.0,0.0,4.35,4.55,0.0
20230218:2010,0.0,0.0,0.0,3.57,4.28,0.0
20230218:2110,0.0,0.0,0.0,2.97,3.93,0.0
20230218:2210,0.0,0.0,0.0,2.52,3.59,0.0
20230218:2310,0.0,0.0,0.0,2.19,3.72,0.0
20230219:0010,0.0,0.0,0.0,1.98,4.0,0.0
20230219:0110,0.0,0.0,0.0,2.09,4.28,0.0
20230219:0210,0.0,0.0,0.0,2.08,4.41,0.0
20230219:0310,0.0,0.0,0.0,2.06,4.41,0.0
20230219:0410,0.0,0.0,0.0,1.99,4.21,0.0
20230219:0510,0.0,0.0,0.0,1.73,4.07,0.0
20230219:0610,2.54,10.7,6.06,1.57,4.28,0.0
20230219:0710,47.75,66.88,14.06,1.96,4.76,0.0
20230219:0810,94.79,117.51,20.7,2.24,5.59,0.0
20230219:0910,122.19,146.7,25.45,2.92,5.86,0.0
20230219:1010,263.77,292.86,27.79,3.23,5.66,0.0
20230219:1110,225.11,253.13,27.43,3.38,5.86,0.0
20230219:1210,371.79,404.81,24.41,3.19,5.1,0.0
20230219:1310,211.17,237.88,19.12,3.41,5.79,0.0
20230219:1410,22.73,38.35,12.07,3.49,5.59,0.0
20230219:1510,0.0,5.35,3.79,3.23,4.9,0.0
20230219:1610,0.0,0.0,0.0,2.39,4.69,0.0
20230219:1710,0.0,0.0,0.0,1.77,4.83,0.0
20230219:1810,0.0,0.0,0.0,1.29,4.69,0.0
20230219:1910,0.0,0.0,0.0,0.86,4.69,0.0
20230219:2010,0.0,0.0,0.0,0.32,4.41,0.0
20230219:2110,0.0,0.0,0.0,-0.19,4.28,0.0
20230219:2210,0.0,0.0,0.0,-0.55,4.41,0.0
20230219:2310,0.0,0.0,0.0,-0.78,4.83,0.0
20230220:0010,0.0,0.0,0.0,-0.91,5.03,0.0
20230220:0110,0.0,0.0,0.0,-1.07,5.1,0.0
20230220:0210,0.0,0.0,0.0,-1.31,5.03,0.0
20230220:0310,0.0,0.0,0.0,-1.44,5.1,0.0
20230220:0410,0.0,0.0,0.0,-1.29,5.17,0.0
20230220:0510,0.0,0.0,0.0,-1.12,5.1,0.0
20230220:0610,5.36,15.16,6.36,-0.6,4.21,0.0
20230220:0710,68.38,88.85,14.38,0.63,4.14,0.0
20230220:0810,152.57,176.9,21.04,1.76,5.52,0.0
20230220:0910,752.04,809.38,25.8,2.77,7.86,0.0
20230220:1010,438.43,472.68,28.14,3.37,7.66,0.0
20230220:1110,206.4,233.8,27.78,3.79,7.86,0.0
20230220:1210,53.9,74.02,24.75,3.28,6.0,0.0
20230220:1310,27.29,43.7,19.44,2.65,4.48,0.0
20230220:1410,11.57,24.08,12.37,2.06,6.14,0.0
20230220:1510,0.29,6.24,4.07,1.62,6.41,0.0
20230220:1610,0.0,0.0,0.0,2.09,7.66,0.0
20230220:1710,0.0,0.0,0.0,3.62,8.48,0.0
20230220:1810,0.0,0.0,0.0,4.36,8.69,0.0
20230220:1910,0.0,0.0,0.0,5.08,8.76,0.0
20230220:2010,0.0,0.0,0.0,5.6,8.62,0.0
20230220:2110,0.0,0.0,0.0,5.87,8.41,0.0
20230220:2210,0.0,0.0,0.0,6.09,8.62,0.0
20230220:2310,0.0,0.0,0.0,6.27,8.83,0.0
20230221:0010,0.0,0.0,0.0,6.44,9.38,0.0
20230221:0110,0.0,0.0,0.0,6.0,8.48,0.0
20230221:0210,0.0,0.0,0.0,5.66,7.66,0.0
20230221:0310,0.0,0.0,0.0,5.25,6.9,0.0
20230221:0410,0.0,0.0,0.0,5.0,6.76,0.0
20230221:0510,0.0,0.0,0.0,4.72,7.03,0.0
20230221:0610,42.28,62.26,6.67,4.54,7.38,0.0
20230221:0710,187.58,214.74,14.7,4.96,8.21,0.0
20230221:0810,653.49,704.98,21.38,4.95,8.62,0.0
20230221:0910,630.32,684.61,26.15,5.8,8.0,0.0
20230221:1010,117.9,144.11,28.51,6.63,9.24,0.0
20230221:1110,40.27,59.75,28.14,7.69,8.76,0.0
20230221:1210,36.34,55.29,25.09,8.11,8.62,0.0
20230221:1310,66.29,89.18,19.75,8.08,8.0,0.0
20230221:1410,18.79,33.89,12.66,6.73,8.0,0.0
20230221:1510,0.65,7.13,4.35,6.31,7.38,0.0
20230221:1610,0.0,0.0,0.0,5.52,6.62,0.0
20230221:1710,0.0,0.0,0.0,4.92,6.21,0.0
20230221:1810,0.0,0.0,0.0,4.75,5.79,0.0
20230221:1910,0.0,0.0,0.0,4.08,5.52,0.0
20230221:2010,0.0,0.0,0.0,4.11,5.38,0.0
20230221:2110,0.0,0.0,0.0,3.65,4.9,0.0
20230221:2210,0.0,0.0,0.0,3.07,4.41,0.0
20230221:2310,0.0,0.0,0.0,2.38,3.66,0.0
20230222:0010,0.0,0.0,0.0,2.0,3.1,0.0
20230222:0110,0.0,0.0,0.0,1.56,2.55,0.0
20230222:0210,0.0,0.0,0.0,1.23,2.21,0.0
20230222:0310,0.0,0.0,0.0,1.02,2.14,0.0
20230222:0410,0.0,0.0,0.0,0.45,1.93,0.0
20230222:0510,0.0,0.0,0.0,0.0,1.93,0.0
20230222:0610,20.89,35.79,6.98,-0.25,2.0,0.0
20230222:0710,44.85,63.32,15.03,0.15,2.14,0.0
20230222:0810,46.4,65.1,21.72,0.41,2.28,0.0
20230222:0910,67.57,88.29,26.51,0.83,2.9,0.0
20230222:1010,64.21,84.72,28.87,1.02,2.9,0.0
20230222:1110,68.3,89.18,28.49,1.12,2.9,0.0
20230222:1210,31.29,48.16,25.43,1.25,3.1,0.0
20230222:1310,27.48,43.7,20.07,1.18,3.1,0.0
20230222:1410,20.78,35.67,12.96,1.08,3.1,0.0
20230222:1510,0.0,5.35,4.62,0.71,2.97,0.0
20230222:1610,0.0,0.0,0.0,0.25,2.9,0.0
20230222:1710,0.0,0.0,0.0,-0.2,2.76,0.0
20230222:1810,0.0,0.0,0.0,-0.57,2.55,0.0
20230222:1910,0.0,0.0,0.0,-0.34,2.0,0.0
20230222:2010,0.0,0.0,0.0,-0.58,2.07,0.0
20230222:2110,0.0,0.0,0.0,-0.8,2.0,0.0
20230222:2210,0.0,0.0,0.0,-1.02,1.79,0.0
20230222:2310,0.0,0.0,0.0,-1.68,1.79,0.0
20230223:0010,0.0,0.0,0.0,-1.72,1.79,0.0
20230223:0110,0.0,0.0,0.0,-1.95,1.86,0.0
20230223:0210,0.0,0.0,0.0,-2.24,1.86,0.0
20230223:0310,0.0,0.0,0.0,-2.59,2.14,0.0
20230223:0410,0.0,0.0,0.0,-3.11,2.28,0.0
20230223:0510,0.0,0.0,0.0,-3.5,2.34,0.0
20230223:0610,62.35,82.68,7.29,-3.42,2.41,0.0
20230223:0710,261.48,285.57,15.36,-1.94,3.17,0.0
20230223:0810,656.26,709.73,22.07,-0.52,3.45,0.0
20230223:0910,825.76,910.63,26.87,0.77,3.79,0.0
20230223:1010,830.64,924.41,29.24,1.74,3.59,0.0
20230223:1110,456.86,497.54,28.85,2.32,3.59,0.0
20230223:1210,65.37,86.5,25.77,2.72,3.72,0.0
20230223:1310,39.54,57.97,20.39,3.08,4.0,0.0
20230223:1410,19.12,33.89,13.25,3.2,4.21,0.0
20230223:1510,0.68,7.13,4.9,2.77,3.24,0.0
20230223:1610,0.0,0.0,0.0,1.5,3.03,0.0
20230223:1710,0.0,0.0,0.0,0.43,3.17,0.0
20230223:1810,0.0,0.0,0.0,0.14,3.52,0.0
20230223:1910,0.0,0.0,0.0,0.04,3.93,0.0
20230223:2010,0.0,0.0,0.0,0.12,4.07,0.0
20230223:2110,0.0,0.0,0.0,0.19,4.0,0.0
20230223:2210,0.0,0.0,0.0,0.26,3.93,0.0
20230223:2310,0.0,0.0,0.0,0.21,3.86,0.0
20230224:0010,0.0,0.0,0.0,0.22,3.86,0.0
20230224:0110,0.0,0.0,0.0,0.18,3.72,0.0
20230224:0210,0.0,0.0,0.0,0.43,3.52,0.0
20230224:0310,0.0,0.0,0.0,0.79,3.72,0.0
20230224:0410,0.0,0.0,0.0,0.84,3.86,0.0
20230224:0510,0.0,0.0,0.0,1.01,3.93,0.0
20230224:0610,1.11,8.03,7.61,1.47,3.93,0.0
20230224:0710,22.76,38.35,15.69,3.12,4.34,0.0
20230224:0810,84.61,107.91,22.42,4.4,4.28,0.0
20230224:0910,138.85,166.3,27.24,5.71,4.07,0.0
20230224:1010,136.09,164.19,29.61,6.89,4.69,0.0
20230224:1110,155.89,185.49,29.22,7.39,4.69,0.0
20230224:1210,192.46,223.8,26.12,7.5,4.55,0.0
20230224:1310,166.95,196.53,20.71,7.59,4.55,0.0
20230224:1410,51.25,72.3,13.55,7.54,4.48,0.0
20230224:1510,7.46,18.73,5.18,7.0,4.21,0.0
20230224:1610,0.0,0.0,0.0,6.44,4.0,0.0
20230224:1710,0.0,0.0,0.0,6.05,3.86,0.0
20230224:1810,0.0,0.0,0.0,5.92,3.79,0.0
20230224:1910,0.0,0.0,0.0,5.54,4.34,0.0
20230224:2010,0.0,0.0,0.0,4.91,4.21,0.0
20230224:2110,0.0,0.0,0.0,4.23,4.07,0.0
20230224:2210,0.0,0.0,0.0,3.8,3.93,0.0
20230224:2310,0.0,0.0,0.0,3.68,3.66,0.0
20230225:0010,0.0,0.0,0.0,3.53,3.38,0.0
20230225:0110,0.0,0.0,0.0,3.59,3.31,0.0
20230225:0210,0.0,0.0,0.0,3.72,3.52,0.0
20230225:0310,0.0,0.0,0.0,4.36,4.14,0.0
20230225:0410,0.0,0.0,0.0,5.16,4.69,0.0
20230225:0510,0.0,0.0,0.0,5.26,4.97,0.0
20230225:0610,12.0,24.97,7.93,5.68,5.38,0.0
20230225:0710,37.5,56.18,16.03,5.77,5.31,0.0
20230225:0810,49.16,69.56,22.78,6.17,5.72,0.0
20230225:0910,43.68,63.32,27.6,5.99,5.31,0.0
20230225:1010,127.62,153.84,29.98,4.75,4.62,0.0
20230225:1110,181.29,209.97,29.58,4.05,3.17,0.0
20230225:1210,242.76,273.53,26.46,4.14,3.38,0.0
20230225:1310,74.54,97.2,21.03,4.74,3.66,0.0
20230225:1410,423.15,469.93,13.85,5.15,3.93,0.0
20230225:1510,118.46,154.66,5.46,4.78,3.66,0.0
20230225:1610,0.0,0.0,0.0,3.8,3.79,0.0
20230225:1710,0.0,0.0,0.0,2.95,4.28,0.0
20230225:1810,0.0,0.0,0.0,2.33,4.83,0.0
20230225:1910,0.0,0.0,0.0,1.46,4.9,0.0
20230225:2010,0.0,0.0,0.0,1.13,4.97,0.0
20230225:2110,0.0,0.0,0.0,0.71,4.69,0.0
20230225:2210,0.0,0.0,0.0,0.32,4.34,0.0
20230225:2310,0.0,0.0,0.0,0.06,4.07,0.0
20230226:0010,0.0,0.0,0.0,0.33,3.93,0.0
20230226:0110,0.0,0.0,0.0,0.82,3.86,0.0
20230226:0210,0.0,0.0,0.0,1.0,3.66,0.0
20230226:0310,0.0,0.0,0.0,1.08,3.31,0.0
20230226:0410,0.0,0.0,0.0,1.08,2.97,0.0
20230226:0510,0.0,0.0,0.0,1.15,2.69,0.0
20230226:0610,64.2,85.94,8.26,1.13,2.28,0.0
20230226:0710,153.52,178.18,16.37,1.46,3.24,0.0
20230226:0810,290.04,319.71,23.13,1.96,3.24,0.0
20230226:0910,206.16,234.52,27.98,2.64,2.9,0.0
20230226:1010,153.47,180.67,30.36,3.44,2.69,0.0
20230226:1110,140.03,166.79,29.95,3.96,2.97,0.0
20230226:1210,32.4,49.94,26.81,3.9,2.9,0.0
20230226:1310,60.15,81.15,21.35,3.59,2.69,0.0
20230226:1410,62.12,82.91,14.14,2.52,2.69,0.0
20230226:1510,8.31,19.62,5.74,1.96,2.97,0.0
20230226:1610,0.0,0.0,0.0,0.88,3.03,0.0
20230226:1710,0.0,0.0,0.0,0.22,2.97,0.0
20230226:1810,0.0,0.0,0.0,-0.36,2.69,0.0
20230226:1910,0.0,0.0,0.0,-1.48,2.55,0.0
20230226:2010,0.0,0.0,0.0,-2.28,2.14,0.0
20230226:2110,0.0,0.0,0.0,-2.79,1.86,0.0
20230226:2210,0.0,0.0,0.0,-3.31,1.93,0.0
20230226:2310,0.0,0.0,0.0,-3.6,2.07,0.0
20230227:0010,0.0,0.0,0.0,-3.67,2.14,0.0
20230227:0110,0.0,0.0,0.0,-3.5,2.14,0.0
20230227:0210,0.0,0.0,0.0,-3.32,1.93,0.0
20230227:0310,0.0,0.0,0.0,-3.2,1.72,0.0
20230227:0410,0.0,0.0,0.0,-3.13,1.79,0.0
20230227:0510,0.0,0.0,0.0,-2.89,2.07,0.0
20230227:0610,4.26,13.38,8.59,-2.62,2.34,0.0
20230227:0710,54.3,73.13,16.71,-1.75,3.17,0.0
20230227:0810,80.1,100.77,23.49,-1.41,3.24,0.0
20230227:0910,81.74,102.55,28.35,-1.28,3.24,0.0
20230227:1010,75.76,96.31,30.73,-1.17,2.9,0.0
20230227:1110,133.96,157.37,30.31,-0.78,2.76,0.0
20230227:1210,72.2,92.75,27.16,-0.66,2.62,0.0
20230227:1310,63.0,82.94,21.67,-0.55,2.48,0.0
20230227:1410,109.98,132.31,14.44,-0.53,2.48,0.0
20230227:1510,85.87,112.99,6.02,-0.67,2.34,0.0
20230227:1610,0.0,0.0,0.0,-0.92,2.14,0.0
20230227:1710,0.0,0.0,0.0,-1.19,2.07,0.0
20230227:1810,0.0,0.0,0.0,-1.42,2.0,0.0
20230227:1910,0.0,0.0,0.0,-1.68,1.86,0.0
20230227:2010,0.0,0.0,0.0,-1.82,1.93,0.0
20230227:2110,0.0,0.0,0.0,-1.92,1.93,0.0
20230227:2210,0.0,0.0,0.0,-2.1,1.59,0.0
20230227:2310,0.0,0.0,0.0,-2.35,1.38,0.0
20230228:0010,0.0,0.0,0.0,-2.65,1.38,0.0
20230228:0110,0.0,0.0,0.0,-2.79,1.24,0.0
20230228:0210,0.0,0.0,0.0,-3.01,1.1,0.0
20230228:0310,0.0,0.0,0.0,-3.15,1.31,0.0
20230228:0410,0.0,0.0,0.0,-3.1,1.38,0.0
20230228:0510,0.0,0.0,0.0,-3.2,1.31,0.0
20230228:0610,60.14,80.04,8.92,-3.0,0.97,0.0
20230228:0710,230.82,256.27,17.06,-2.15,0.9,0.0
20230228:0810,693.77,773.93,23.85,-1.29,0.97,0.0
20230228:0910,830.88,944.16,28.72,-0.82,1.31,0.0
20230228:1010,909.72,1048.24,31.11,-0.19,1.52,0.0
20230228:1110,867.4,990.3,30.68,0.32,1.72,0.0
20230228:1210,825.39,936.97,27.5,1.01,1.79,0.0
20230228:1310,656.74,728.19,22.0,1.27,1.93,0.0
20230228:1410,454.57,501.77,14.74,1.12,1.93,0.0
20230228:1510,141.09,177.0,6.29,0.4,1.52,0.0
20230228:1610,0.0,0.0,0.0,-0.77,2.07,0.0
20230228:1710,0.0,0.0,0.0,-2.06,2.07,0.0
20230228:1810,0.0,0.0,0.0,-2.92,2.14,0.0
20230228:1910,0.0,0.0,0.0,-3.11,2.21,0.0
20230228:2010,0.0,0.0,0.0,-3.52,2.14,0.0
20230228:2110,0.0,0.0,0.0,-3.84,2.21,0.0
20230228:2210,0.0,0.0,0.0,-4.0,2.28,0.0
20230228:2310,0.0,0.0,0.0,-4.07,2.48,0.0
20230301:0010,0.0,0.0,0.0,-3.98,2.62,0.0
20230301:0110,0.0,0.0,0.0,-4.0,2.69,0.0
20230301:0210,0.0,0.0,0.0,-4.03,2.76,0.0
20230301:0310,0.0,0.0,0.0,-4.06,2.9,0.0
20230301:0410,0.0,0.0,0.0,-3.99,2.97,0.0
20230301:0510,0.0,0.0,0.0,-3.94,3.1,0.0
20230301:0610,240.1,272.84,9.25,-3.21,2.76,0.0
20230301:0710,318.06,344.3,17.41,-1.35,3.45,0.0
20230301:0810,281.05,307.76,24.22,0.33,3.72,0.0
20230301:0910,107.79,131.09,29.1,1.25,3.72,0.0
20230301:1010,237.82,266.4,31.49,2.08,3.79,0.0
20230301:1110,554.52,606.16,31.06,2.91,3.72,0.0
20230301:1210,571.65,626.52,27.85,3.36,3.59,0.0
20230301:1310,559.29,612.69,22.32,3.26,3.38,0.0
20230301:1410,376.46,416.09,15.04,3.18,3.24,0.0
20230301:1510,40.97,61.27,6.57,2.63,2.28,0.0
20230301:1610,0.0,0.0,0.0,1.71,1.86,0.0
20230301:1710,0.0,0.0,0.0,0.84,1.79,0.0
20230301:1810,0.0,0.0,0.0,0.13,1.79,0.0
20230301:1910,0.0,0.0,0.0,-1.03,1.93,0.0
20230301:2010,0.0,0.0,0.0,-1.55,1.86,0.0
20230301:2110,0.0,0.0,0.0,-1.86,1.86,0.0
20230301:2210,0.0,0.0,0.0,-2.29,1.79,0.0
20230301:2310,0.0,0.0,0.0,-2.78,1.79,0.0
20230302:0010,0.0,0.0,0.0,-2.55,1.66,0.0
20230302:0110,0.0,0.0,0.0,-2.47,1.59,0.0
20230302:0210,0.0,0.0,0.0,-2.3,1.45,0.0
20230302:0310,0.0,0.0,0.0,-2.62,1.52,0.0
20230302:0410,0.0,0.0,0.0,-2.53,1.38,0.0
20230302:0510,0.0,0.0,0.0,-2.79,1.52,0.0
20230302:0610,52.28,71.54,9.59,-2.02,1.17,0.0
20230302:0710,172.96,198.28,17.76,0.56,1.66,0.0
20230302:0810,262.53,292.78,24.59,1.96,1.86,0.0
20230302:0910,169.33,196.96,29.48,3.27,2.69,0.0
20230302:1010,302.27,336.77,31.88,3.79,2.9,0.0
20230302:1110,302.08,336.59,31.43,3.91,2.97,0.0
20230302:1210,87.96,111.47,28.2,3.96,2.9,0.0
20230302:1310,81.38,104.34,22.64,3.83,2.76,0.0
20230302:1410,39.4,57.97,15.33,3.59,2.48,0.0
20230302:1510,4.66,14.27,6.85,3.11,1.66,0.0
20230302:1610,0.0,0.0,0.0,2.34,1.59,0.0
20230302:1710,0.0,0.0,0.0,1.65,1.45,0.0
20230302:1810,0.0,0.0,0.0,1.19,1.31,0.0
20230302:1910,0.0,0.0,0.0,0.8,1.38,0.0
20230302:2010,0.0,0.0,0.0,0.64,1.17,0.0
20230302:2110,0.0,0.0,0.0,0.54,1.31,0.0
20230302:2210,0.0,0.0,0.0,0.33,1.52,0.0
20230302:2310,0.0,0.0,0.0,0.33,1.45,0.0
20230303:0010,0.0,0.0,0.0,0.25,1.31,0.0
20230303:0110,0.0,0.0,0.0,0.11,1.38,0.0
20230303:0210,0.0,0.0,0.0,-0.2,1.52,0.0
20230303:0310,0.0,0.0,0.0,-0.42,1.59,0.0
20230303:0410,0.0,0.0,0.0,-0.45,1.79,0.0
20230303:0510,0.0,0.0,0.0,-0.69,1.86,0.0
20230303:0610,77.05,99.04,9.93,-0.69,2.34,0.0
20230303:0710,23.11,38.35,18.11,0.06,3.1,0.0
20230303:0810,269.78,297.4,24.96,0.93,3.38,0.0
20230303:0910,84.84,107.01,29.87,1.63,3.66,0.0
20230303:1010,233.2,261.78,32.26,2.07,3.66,0.0
20230303:1110,308.63,340.5,31.8,2.61,3.86,0.0
20230303:1210,281.04,311.96,28.55,3.47,4.41,0.0
20230303:1310,30.91,48.16,22.96,3.86,4.69,0.0
20230303:1410,210.87,239.64,15.63,3.87,4.83,0.0
20230303:1510,31.59,49.84,7.13,3.69,4.07,0.0
20230303:1610,0.0,0.0,0.0,3.05,3.86,0.0
20230303:1710,0.0,0.0,0.0,2.04,3.79,0.0
20230303:1810,0.0,0.0,0.0,1.43,3.72,0.0
20230303:1910,0.0,0.0,0.0,0.83,3.66,0.0
20230303:2010,0.0,0.0,0.0,0.44,3.52,0.0
20230303:2110,0.0,0.0,0.0,0.31,3.45,0.0
20230303:2210,0.0,0.0,0.0,-0.01,3.45,0.0
20230303:2310,0.0,0.0,0.0,-0.21,3.86,0.0
20230304:0010,0.0,0.0,0.0,-0.51,4.34,0.0
20230304:0110,0.0,0.0,0.0,-0.83,4.97,0.0
20230304:0210,0.0,0.0,0.0,-0.99,5.24,0.0
20230304:0310,0.0,0.0,0.0,-1.14,4.62,0.0
20230304:0410,0.0,0.0,0.0,-1.26,5.03,0.0
20230304:0510,0.0,0.0,0.0,-1.37,5.1,0.0
20230304:0610,75.74,96.98,10.27,-1.33,6.0,0.0
20230304:0710,43.56,61.53,18.47,-0.68,7.1,0.0
20230304:0810,70.66,90.96,25.33,-0.28,7.1,0.0
20230304:0910,60.52,80.26,30.25,0.16,7.1,0.0
20230304:1010,67.83,88.29,32.65,0.69,7.03,0.0
20230304:1110,79.42,100.77,32.18,1.05,6.97,0.0
20230304:1210,55.21,74.91,28.91,1.52,7.1,0.0
20230304:1310,35.16,52.62,23.29,1.68,6.9,0.0
20230304:1410,23.66,39.24,15.93,1.93,6.62,0.0
20230304:1510,12.26,24.97,7.41,1.83,6.48,0.0
20230304:1610,0.0,0.0,0.0,1.54,6.34,0.0
20230304:1710,0.0,0.0,0.0,1.38,6.34,0.0
20230304:1810,0.0,0.0,0.0,0.77,6.14,0.0
20230304:1910,0.0,0.0,0.0,0.14,6.41,0.0
20230304:2010,0.0,0.0,0.0,-0.58,5.72,0.0
20230304:2110,0.0,0.0,0.0,-1.46,4.97,0.0
20230304:2210,0.0,0.0,0.0,-2.47,4.48,0.0
20230304:2310,0.0,0.0,0.0,-3.27,4.28,0.0
20230305:0010,0.0,0.0,0.0,-3.85,4.21,0.0
20230305:0110,0.0,0.0,0.0,-4.19,4.07,0.0
20230305:0210,0.0,0.0,0.0,-4.41,4.0,0.0
20230305:0310,0.0,0.0,0.0,-4.53,3.79,0.0
20230305:0410,0.0,0.0,0.0,-4.63,3.66,0.0
20230305:0510,0.0,0.0,0.0,-4.71,3.59,0.0
20230305:0610,151.76,176.45,10.61,-4.05,3.31,0.0
20230305:0710,183.73,205.71,18.83,-2.49,4.07,0.0
20230305:0810,350.23,376.65,25.7,-0.96,4.34,0.0
20230305:0910,482.57,518.18,30.64,0.26,4.55,0.0
20230305:1010,644.82,697.03,33.04,1.15,4.97,0.0
20230305:1110,605.24,653.09,32.55,1.51,5.24,0.0
20230305:1210,79.93,101.66,29.26,1.71,5.52,0.0
20230305:1310,443.35,477.54,23.61,1.91,5.45,0.0
20230305:1410,296.27,326.74,16.23,1.75,4.28,0.0
20230305:1510,58.88,81.58,7.68,1.45,3.1,0.0
20230305:1610,0.0,0.0,0.0,-0.31,2.55,0.0
20230305:1710,0.0,0.0,0.0,-1.15,2.48,0.0
20230305:1810,0.0,0.0,0.0,-0.88,2.55,0.0
20230305:1910,0.0,0.0,0.0,-1.38,2.83,0.0
20230305:2010,0.0,0.0,0.0,-1.16,3.66,0.0
20230305:2110,0.0,0.0,0.0,-1.36,3.79,0.0
20230305:2210,0.0,0.0,0.0,-2.02,3.24,0.0
20230305:2310,0.0,0.0,0.0,-2.83,2.76,0.0
20230306:0010,0.0,0.0,0.0,-3.37,2.62,0.0
20230306:0110,0.0,0.0,0.0,-3.66,2.55,0.0
20230306:0210,0.0,0.0,0.0,-3.84,2.48,0.0
20230306:0310,0.0,0.0,0.0,-3.97,2.34,0.0
20230306:0410,0.0,0.0,0.0,-4.1,2.41,0.0
20230306:0510,0.0,0.82,1.91,-4.09,2.41,0.0
20230306:0610,77.31,98.0,10.96,-3.31,2.21,0.0
20230306:0710,222.93,246.57,19.19,-1.58,3.45,0.0
20230306:0810,463.79,498.45,26.08,-0.15,3.72,0.0
20230306:0910,523.36,566.77,31.03,1.1,3.72,0.0
20230306:1010,562.3,612.62,33.43,2.03,3.79,0.0
20230306:1110,492.02,536.16,32.93,2.54,3.86,0.0
20230306:1210,457.47,497.52,29.61,2.79,4.28,0.0
20230306:1310,199.63,226.97,23.93,3.11,4.41,0.0
20230306:1410,42.69,61.53,16.52,3.06,3.66,0.0
20230306:1510,5.84,16.05,7.96,2.49,2.76,0.0
20230306:1610,0.0,0.0,0.0,1.1,2.55,0.0
20230306:1710,0.0,0.0,0.0,-0.02,3.03,0.0
20230306:1810,0.0,0.0,0.0,-0.09,3.59,0.0
20230306:1910,0.0,0.0,0.0,0.07,3.38,0.0
20230306:2010,0.0,0.0,0.0,-0.02,3.24,0.0
20230306:2110,0.0,0.0,0.0,-0.43,3.17,0.0
20230306:2210,0.0,0.0,0.0,-0.42,3.1,0.0
20230306:2310,0.0,0.0,0.0,-0.2,3.31,0.0
20230307:0010,0.0,0.0,0.0,-0.22,3.45,0.0
20230307:0110,0.0,0.0,0.0,-0.21,3.38,0.0
20230307:0210,0.0,0.0,0.0,-0.68,3.24,0.0
20230307:0310,0.0,0.0,0.0,-1.22,3.03,0.0
20230307:0410,0.0,0.0,0.0,-1.27,2.9,0.0
20230307:0510,0.0,2.46,2.25,-1.12,2.69,0.0
20230307:0610,105.5,129.64,11.31,-0.31,2.28,0.0
20230307:0710,369.71,401.18,19.55,1.0,4.14,0.0
20230307:0810,305.96,335.78,26.46,2.04,4.21,0.0
20230307:0910,665.74,730.0,31.42,2.93,4.14,0.0
20230307:1010,425.53,466.86,33.82,3.86,4.0,0.0
20230307:1110,194.45,224.02,33.31,4.44,3.86,0.0
20230307:1210,177.81,206.72,29.96,4.84,3.79,0.0
20230307:1310,175.09,203.76,24.25,5.08,3.45,0.0
20230307:1410,130.89,157.53,16.82,5.11,2.97,0.0
20230307:1510,36.21,55.33,8.24,4.79,2.62,0.0
20230307:1610,0.0,0.0,0.0,3.4,2.62,0.0
20230307:1710,0.0,0.0,0.0,2.17,3.03,0.0
20230307:1810,0.0,0.0,0.0,1.62,3.38,0.0
20230307:1910,0.0,0.0,0.0,1.68,3.24,0.0
20230307:2010,0.0,0.0,0.0,1.36,3.52,0.0
20230307:2110,0.0,0.0,0.0,1.1,3.72,0.0
20230307:2210,0.0,0.0,0.0,1.1,4.0,0.0
20230307:2310,0.0,0.0,0.0,1.23,4.0,0.0
20230308:0010,0.0,0.0,0.0,1.14,3.93,0.0
20230308:0110,0.0,0.0,0.0,0.92,4.0,0.0
20230308:0210,0.0,0.0,0.0,1.19,4.07,0.0
20230308:0310,0.0,0.0,0.0,1.35,4.0,0.0
20230308:0410,0.0,0.0,0.0,1.31,3.93,0.0
20230308:0510,0.0,1.64,2.59,1.29,3.79,0.0
20230308:0610,3.59,12.48,11.66,1.9,3.86,0.0
20230308:0710,175.1,202.12,19.92,3.49,3.79,0.0
20230308:0810,650.67,712.38,26.84,4.88,5.38,0.0
20230308:0910,261.45,294.38,31.81,5.99,5.79,0.0
20230308:1010,90.59,115.04,34.21,6.16,5.38,0.0
20230308:1110,58.98,80.26,33.69,5.29,5.24,0.0
20230308:1210,778.6,869.88,30.31,5.89,4.62,0.0
20230308:1310,621.72,687.91,24.58,6.6,4.76,0.0
20230308:1410,173.6,203.44,17.11,6.54,4.0,0.0
20230308:1510,159.07,200.47,8.51,5.91,2.83,0.0
20230308:1610,0.0,0.0,0.0,4.63,2.0,0.0
20230308:1710,0.0,0.0,0.0,3.05,2.28,0.0
20230308:1810,0.0,0.0,0.0,1.61,2.48,0.0
20230308:1910,0.0,0.0,0.0,1.79,2.34,0.0
20230308:2010,0.0,0.0,0.0,1.88,2.83,0.0
20230308:2110,0.0,0.0,0.0,2.87,3.38,0.0
20230308:2210,0.0,0.0,0.0,3.68,3.79,0.0
20230308:2310,0.0,0.0,0.0,3.69,3.45,0.0
20230309:0010,0.0,0.0,0.0,3.5,3.72,0.0
20230309:0110,0.0,0.0,0.0,3.36,3.93,0.0
20230309:0210,0.0,0.0,0.0,3.61,4.21,0.0
20230309:0310,0.0,0.0,0.0,4.15,4.21,0.0
20230309:0410,0.0,0.0,0.0,4.42,4.07,0.0
20230309:0510,0.0,1.64,2.94,4.5,3.86,0.0
20230309:0610,35.69,53.99,12.01,4.82,3.72,0.0
20230309:0710,48.24,68.67,20.28,6.32,2.9,0.0
20230309:0810,65.5,88.29,27.22,7.24,2.76,0.0
20230309:0910,88.7,114.15,32.2,7.97,2.69,0.0
20230309:1010,75.53,99.88,34.61,8.19,1.72,0.0
20230309:1110,157.32,189.78,34.07,8.5,0.9,0.0
20230309:1210,50.1,71.34,30.67,7.73,0.48,0.0
20230309:1310,41.84,61.53,24.9,6.74,1.66,0.0
20230309:1410,28.38,45.48,17.41,5.37,2.28,0.0
20230309:1510,57.02,79.71,8.79,3.66,3.17,0.0
20230309:1610,0.0,0.0,0.0,2.2,3.38,0.0
20230309:1710,0.0,0.0,0.0,1.07,3.66,0.0
20230309:1810,0.0,0.0,0.0,0.32,3.59,0.0
20230309:1910,0.0,0.0,0.0,-0.42,3.79,0.0
20230309:2010,0.0,0.0,0.0,-0.54,3.17,0.0
20230309:2110,0.0,0.0,0.0,-0.54,2.28,0.0
20230309:2210,0.0,0.0,0.0,-0.52,1.72,0.0
20230309:2310,0.0,0.0,0.0,-0.53,1.17,0.0
20230310:0010,0.0,0.0,0.0,-0.52,1.17,0.0
20230310:0110,0.0,0.0,0.0,-0.57,1.17,0.0
20230310:0210,0.0,0.0,0.0,-0.42,1.86,0.0
20230310:0310,0.0,0.0,0.0,-0.45,2.21,0.0
20230310:0410,0.0,0.0,0.0,-0.33,3.24,0.0
20230310:0510,0.0,1.64,3.28,-0.22,3.31,0.0
20230310:0610,193.77,223.8,12.37,0.42,4.0,0.0
20230310:0710,139.29,163.96,20.65,1.91,3.59,0.0
20230310:0810,251.22,282.2,27.61,4.01,3.59,0.0
20230310:0910,808.82,918.45,32.6,7.36,4.07,0.0
20230310:1010,468.76,527.94,35.0,10.34,4.62,0.0
20230310:1110,864.21,1004.41,34.45,12.48,5.1,0.0
20230310:1210,768.11,889.78,31.02,13.79,4.97,0.0
20230310:1310,625.38,719.06,25.22,14.21,4.62,0.0
20230310:1410,387.21,447.41,17.7,13.75,4.07,0.0
20230310:1510,160.27,207.57,9.07,13.1,4.07,0.0
20230310:1610,0.0,0.0,0.0,11.6,3.93,0.0
20230310:1710,0.0,0.0,0.0,9.8,4.0,0.0
20230310:1810,0.0,0.0,0.0,9.05,4.48,0.0
20230310:1910,0.0,0.0,0.0,8.44,3.72,0.0
20230310:2010,0.0,0.0,0.0,7.85,3.72,0.0
20230310:2110,0.0,0.0,0.0,7.57,3.66,0.0
20230310:2210,0.0,0.0,0.0,7.08,3.52,0.0
20230310:2310,0.0,0.0,0.0,6.67,3.38,0.0
20230311:0010,0.0,0.0,0.0,5.96,3.38,0.0
20230311:0110,0.0,0.0,0.0,5.43,3.38,0.0
20230311:0210,0.0,0.0,0.0,5.25,3.24,0.0
20230311:0310,0.0,0.0,0.0,5.07,3.03,0.0
20230311:0410,0.0,0.0,0.0,4.92,2.97,0.0
20230311:0510,0.0,4.1,3.63,4.47,3.03,0.0
20230311:0610,15.4,29.43,12.72,5.27,2.9,0.0
20230311:0710,77.16,101.02,21.02,6.89,2.41,0.0
20230311:0810,91.17,116.82,27.99,7.83,2.41,0.0
20230311:0910,88.57,114.15,33.0,8.15,2.28,0.0
20230311:1010,88.61,114.15,35.4,7.93,1.93,0.0
20230311:1110,202.03,236.32,34.83,7.77,2.28,0.0
20230311:1210,66.98,90.07,31.37,7.72,3.1,0.0
20230311:1310,51.17,72.23,25.54,7.44,4.0,0.0
20230311:1410,25.98,42.81,18.0,6.84,5.03,0.0
20230311:1510,41.52,61.72,9.34,6.02,5.52,0.0
20230311:1610,0.0,0.0,0.0,5.02,5.38,0.0
20230311:1710,0.0,0.0,0.0,4.29,5.38,0.0
20230311:1810,0.0,0.0,0.0,3.0,6.55,0.0
20230311:1910,0.0,0.0,0.0,1.26,6.76,0.0
20230311:2010,0.0,0.0,0.0,-0.28,6.34,0.0
20230311:2110,0.0,0.0,0.0,-0.58,6.0,0.0
20230311:2210,0.0,0.0,0.0,-0.73,6.07,0.0
20230311:2310,0.0,0.0,0.0,-0.82,6.0,0.0
20230312:0010,0.0,0.0,0.0,-0.85,6.28,0.0
20230312:0110,0.0,0.0,0.0,-1.03,6.21,0.0
20230312:0210,0.0,0.0,0.0,-1.44,6.0,0.0
20230312:0310,0.0,0.0,0.0,-1.81,5.52,0.0
20230312:0410,0.0,0.0,0.0,-2.21,4.9,0.0
20230312:0510,1.62,8.92,3.98,-2.44,4.55,0.0
20230312:0610,141.1,165.49,13.08,-1.93,4.14,0.0
20230312:0710,147.45,170.31,21.39,-0.67,5.03,0.0
20230312:0810,343.73,369.6,28.38,0.21,7.24,0.0
20230312:0910,96.22,118.61,33.39,1.35,7.31,0.0
20230312:1010,146.43,171.22,35.8,1.76,7.03,0.0
20230312:1110,188.54,215.08,35.21,2.24,6.62,0.0
20230312:1210,114.44,138.23,31.72,2.22,6.69,0.0
20230312:1310,124.28,148.73,25.86,2.75,6.21,0.0
20230312:1410,142.62,167.8,18.29,2.92,5.86,0.0
20230312:1510,141.32,175.25,9.61,2.47,5.31,0.0
20230312:1610,0.0,0.0,0.0,1.67,4.83,0.0
20230312:1710,0.0,0.0,0.0,0.75,4.41,0.0
20230312:1810,0.0,0.0,0.0,0.03,4.07,0.0
20230312:1910,0.0,0.0,0.0,-0.4,3.72,0.0
20230312:2010,0.0,0.0,0.0,-0.92,3.24,0.0
20230312:2110,0.0,0.0,0.0,-1.24,2.9,0.0
20230312:2210,0.0,0.0,0.0,-1.36,2.69,0.0
20230312:2310,0.0,0.0,0.0,-1.47,2.48,0.0
20230313:0010,0.0,0.0,0.0,-1.85,2.41,0.0
20230313:0110,0.0,0.0,0.0,-1.94,2.62,0.0
20230313:0210,0.0,0.0,0.0,-1.81,2.76,0.0
20230313:0310,0.0,0.0,0.0,-1.51,2.83,0.0
20230313:0410,0.0,0.0,0.0,-1.14,3.03,0.0
20230313:0510,0.0,5.35,4.33,-0.73,3.38,0.0
20230313:0610,75.12,96.53,13.44,0.39,3.86,0.0
20230313:0710,189.16,215.26,21.76,1.85,4.07,0.0
20230313:0810,286.29,316.06,28.77,2.44,4.48,0.0
20230313:0910,202.28,230.65,33.79,3.27,4.76,0.0
20230313:1010,115.75,140.9,36.19,3.95,4.34,0.0
20230313:1110,193.34,223.42,35.59,5.17,4.48,0.0
20230313:1210,518.91,573.51,32.07,7.11,5.17,0.0
20230313:1310,658.2,733.23,26.18,8.5,5.52,0.0
20230313:1410,291.6,331.66,18.58,9.28,5.59,0.0
20230313:1510,164.61,208.13,9.89,8.85,4.9,0.0
20230313:1610,0.0,0.0,0.0,8.16,5.17,0.0
20230313:1710,0.0,0.0,0.0,7.81,5.59,0.0
20230313:1810,0.0,0.0,0.0,7.47,5.72,0.0
20230313:1910,0.0,0.0,0.0,7.0,5.52,0.0
20230313:2010,0.0,0.0,0.0,6.84,5.38,0.0
20230313:2110,0.0,0.0,0.0,6.3,4.97,0.0
20230313:2210,0.0,0.0,0.0,5.25,4.48,0.0
20230313:2310,0.0,0.0,0.0,5.28,4.48,0.0
20230314:0010,0.0,0.0,0.0,5.5,4.69,0.0
20230314:0110,0.0,0.0,0.0,5.54,4.62,0.0
20230314:0210,0.0,0.0,0.0,5.3,4.48,0.0
20230314:0310,0.0,0.0,0.0,5.17,4.34,0.0
20230314:0410,0.0,0.0,0.0,4.79,4.34,0.0
20230314:0510,0.27,6.24,4.68,4.7,4.55,0.0
20230314:0610,113.98,141.0,13.8,5.7,4.97,0.0
20230314:0710,474.87,527.13,22.14,7.56,4.83,0.0
20230314:0810,579.08,650.2,29.15,9.58,4.48,0.0
20230314:0910,682.28,775.93,34.19,11.66,5.24,0.0
20230314:1010,498.79,567.15,36.59,13.53,5.93,0.0
20230314:1110,685.8,787.54,35.97,14.99,6.55,0.0
20230314:1210,715.55,823.19,32.43,15.83,6.97,0.0
20230314:1310,328.95,380.32,26.5,16.04,6.76,0.0
20230314:1410,375.74,434.77,18.87,15.64,6.34,0.0
20230314:1510,66.52,94.17,10.16,14.71,5.79,0.0
20230314:1610,0.0,0.0,0.0,13.4,5.1,0.0
20230314:1710,0.0,0.0,0.0,12.08,4.55,0.0
20230314:1810,0.0,0.0,0.0,10.92,4.0,0.0
20230314:1910,0.0,0.0,0.0,10.23,3.66,0.0
20230314:2010,0.0,0.0,0.0,9.46,3.72,0.0
20230314:2110,0.0,0.0,0.0,8.82,4.0,0.0
20230314:2210,0.0,0.0,0.0,8.19,4.07,0.0
20230314:2310,0.0,0.0,0.0,7.36,4.0,0.0
20230315:0010,0.0,0.0,0.0,6.68,3.86,0.0
20230315:0110,0.0,0.0,0.0,6.07,3.66,0.0
20230315:0210,0.0,0.0,0.0,5.74,3.38,0.0
20230315:0310,0.0,0.0,0.0,5.42,2.9,0.0
20230315:0410,0.0,0.0,0.0,5.19,2.55,0.0
20230315:0510,0.0,3.57,5.03,5.5,2.14,0.0
20230315:0610,35.09,53.51,14.16,5.87,1.72,0.0
20230315:0710,61.46,83.83,22.51,7.04,1.59,0.0
20230315:0810,46.25,66.88,29.54,8.02,2.34,0.0
20230315:0910,31.73,49.94,34.59,8.1,3.79,0.0
20230315:1010,67.14,90.07,36.99,7.36,3.79,0.0
20230315:1110,73.17,96.31,36.35,6.4,4.28,0.0
20230315:1210,109.07,133.77,32.78,4.07,5.17,0.0
20230315:1310,78.91,100.77,26.82,2.23,5.66,0.0
20230315:1410,25.16,41.02,19.16,1.74,4.83,0.0
20230315:1510,12.95,25.86,10.43,1.52,4.34,0.0
20230315:1610,0.0,0.0,0.0,1.35,3.66,0.0
20230315:1710,0.0,0.0,0.0,1.24,3.24,0.0
20230315:1810,0.0,0.0,0.0,1.13,3.1,0.0
20230315:1910,0.0,0.0,0.0,1.04,3.17,0.0
20230315:2010,0.0,0.0,0.0,0.97,3.03,0.0
20230315:2110,0.0,0.0,0.0,0.9,3.17,0.0
20230315:2210,0.0,0.0,0.0,0.88,3.1,0.0
20230315:2310,0.0,0.0,0.0,0.8,3.17,0.0
20230316:0010,0.0,0.0,0.0,0.75,3.45,0.0
20230316:0110,0.0,0.0,0.0,0.68,3.45,0.0
20230316:0210,0.0,0.0,0.0,0.57,3.45,0.0
20230316:0310,0.0,0.0,0.0,0.48,3.45,0.0
20230316:0410,0.0,0.0,0.0,0.3,3.52,0.0
20230316:0510,3.09,11.59,5.39,0.18,3.59,0.0
20230316:0610,53.86,73.3,14.52,0.51,3.72,0.0
20230316:0710,234.49,260.76,22.89,1.18,5.03,0.0
20230316:0810,690.09,750.11,29.93,2.0,4.83,0.0
20230316:0910,419.68,457.72,34.99,3.29,5.03,0.0
20230316:1010,681.79,749.57,37.39,4.45,5.31,0.0
20230316:1110,673.37,743.84,36.73,5.32,5.1,0.0
20230316:1210,655.86,724.73,33.13,5.82,5.03,0.0
20230316:1310,620.16,684.66,27.14,6.07,4.83,0.0
20230316:1410,403.47,448.7,19.45,6.08,4.69,0.0
20230316:1510,110.78,141.89,10.7,5.55,3.93,0.0
20230316:1610,0.0,0.0,0.0,4.13,3.24,0.0
20230316:1710,0.0,0.0,0.0,2.43,2.9,0.0
20230316:1810,0.0,0.0,0.0,1.3,2.69,0.0
20230316:1910,0.0,0.0,0.0,0.42,2.41,0.0
20230316:2010,0.0,0.0,0.0,-0.52,2.28,0.0
20230316:2110,0.0,0.0,0.0,-1.43,2.28,0.0
20230316:2210,0.0,0.0,0.0,-2.27,2.21,0.0
20230316:2310,0.0,0.0,0.0,-2.86,2.21,0.0
20230317:0010,0.0,0.0,0.0,-3.31,2.07,0.0
20230317:0110,0.0,0.0,0.0,-3.72,1.93,0.0
20230317:0210,0.0,0.0,0.0,-4.08,1.86,0.0
20230317:0310,0.0,0.0,0.0,-4.22,1.66,0.0
20230317:0410,0.0,0.0,0.0,-4.01,1.45,0.0
20230317:0510,63.89,100.27,5.74,-3.76,1.31,0.0
20230317:0610,310.51,350.0,14.88,-1.95,0.83,0.0
20230317:0710,539.5,602.71,23.26,1.53,0.83,0.0
20230317:0810,753.12,865.33,30.32,3.7,1.31,0.0
20230317:0910,876.69,1019.15,35.39,4.79,2.14,0.0
20230317:1010,895.43,1049.52,37.79,5.5,2.14,0.0
20230317:1110,902.86,1065.06,37.11,6.0,2.0,0.0
20230317:1210,823.98,960.74,33.48,6.34,1.93,0.0
20230317:1310,671.48,766.02,27.45,6.4,1.93,0.0
20230317:1410,438.52,495.23,19.74,6.29,2.07,0.0
20230317:1510,181.04,225.49,10.97,5.71,1.72,0.0
20230317:1610,0.0,0.0,0.0,4.47,1.93,0.0
20230317:1710,0.0,0.0,0.0,2.7,2.21,0.0
20230317:1810,0.0,0.0,0.0,1.21,2.21,0.0
20230317:1910,0.0,0.0,0.0,0.24,2.34,0.0
20230317:2010,0.0,0.0,0.0,-0.78,2.28,0.0
20230317:2110,0.0,0.0,0.0,-1.63,2.28,0.0
20230317:2210,0.0,0.0,0.0,-2.08,2.34,0.0
20230317:2310,0.0,0.0,0.0,-2.34,2.28,0.0
20230318:0010,0.0,0.0,0.0,-2.63,2.14,0.0
20230318:0110,0.0,0.0,0.0,-2.93,2.07,0.0
20230318:0210,0.0,0.0,0.0,-3.04,2.21,0.0
20230318:0310,0.0,0.0,0.0,-2.94,2.41,0.0
20230318:0410,0.0,0.0,0.0,-2.76,2.48,0.0
20230318:0510,65.83,102.53,6.1,-2.46,2.48,0.0
20230318:0610,305.14,343.39,15.25,-0.33,2.28,0.0
20230318:0710,399.66,440.6,23.64,2.9,2.41,0.0
20230318:0810,466.33,515.65,30.71,4.94,3.17,0.0
20230318:0910,418.67,466.44,35.79,6.34,3.45,0.0
20230318:1010,310.23,351.24,38.19,7.54,3.52,0.0
20230318:1110,214.78,250.18,37.49,8.68,3.72,0.0
20230318:1210,189.75,224.07,33.83,9.59,3.79,0.0
20230318:1310,229.48,266.46,27.77,9.96,3.72,0.0
20230318:1410,159.95,192.05,20.03,10.02,3.86,0.0
20230318:1510,174.41,220.43,11.24,9.58,3.17,0.0
20230318:1610,0.0,1.78,1.9,8.09,2.62,0.0
20230318:1710,0.0,0.0,0.0,6.22,2.83,0.0
20230318:1810,0.0,0.0,0.0,5.3,3.03,0.0
20230318:1910,0.0,0.0,0.0,4.52,3.52,0.0
20230318:2010,0.0,0.0,0.0,3.89,3.45,0.0
20230318:2110,0.0,0.0,0.0,3.31,3.38,0.0
20230318:2210,0.0,0.0,0.0,2.69,3.24,0.0
20230318:2310,0.0,0.0,0.0,2.14,3.1,0.0
20230319:0010,0.0,0.0,0.0,1.66,2.97,0.0
20230319:0110,0.0,0.0,0.0,1.24,2.9,0.0
20230319:0210,0.0,0.0,0.0,0.89,2.83,0.0
20230319:0310,0.0,0.0,0.0,0.5,2.69,0.0
20230319:0410,0.0,0.0,0.0,0.23,2.62,0.0
20230319:0510,23.53,40.69,6.45,0.27,2.62,0.0
20230319:0610,258.8,294.61,15.61,1.55,2.48,0.0
20230319:0710,531.97,585.64,24.02,3.84,3.38,0.0
20230319:0810,703.8,790.2,31.11,5.85,3.31,0.0
20230319:0910,842.18,972.07,36.2,7.87,3.31,0.0
20230319:1010,869.9,1017.71,38.59,9.5,3.31,0.0
20230319:1110,832.82,977.09,37.87,10.67,3.17,0.0
20230319:1210,763.1,889.49,34.17,11.28,3.1,0.0
20230319:1310,620.5,713.27,28.08,11.51,3.03,0.0
20230319:1410,414.19,476.33,20.32,11.42,2.9,0.0
20230319:1510,193.88,246.16,11.51,10.78,2.28,0.0
20230319:1610,0.0,4.46,2.16,9.23,2.28,0.0
20230319:1710,0.0,0.0,0.0,6.93,2.62,0.0
20230319:1810,0.0,0.0,0.0,5.53,2.69,0.0
20230319:1910,0.0,0.0,0.0,5.31,2.97,0.0
20230319:2010,0.0,0.0,0.0,4.67,3.03,0.0
20230319:2110,0.0,0.0,0.0,4.15,2.97,0.0
20230319:2210,0.0,0.0,0.0,3.57,2.97,0.0
20230319:2310,0.0,0.0,0.0,3.16,2.83,0.0
20230320:0010,0.0,0.0,0.0,2.77,2.69,0.0
20230320:0110,0.0,0.0,0.0,2.48,2.62,0.0
20230320:0210,0.0,0.0,0.0,2.16,2.55,0.0
20230320:0310,0.0,0.0,0.0,1.79,2.55,0.0
20230320:0410,0.0,0.0,0.0,1.65,2.55,0.0
20230320:0510,0.29,6.24,6.81,1.66,2.48,0.0
20230320:0610,45.08,64.21,15.98,2.77,2.28,0.0
20230320:0710,251.93,284.83,24.39,4.42,2.34,0.0
20230320:0810,491.34,549.23,31.5,6.03,2.41,0.0
20230320:0910,672.76,770.05,36.6,8.16,2.55,0.0
20230320:1010,800.53,941.14,38.99,10.1,2.55,0.0
20230320:1110,800.67,947.5,38.25,11.6,2.62,0.0
20230320:1210,774.6,915.85,34.52,12.66,2.69,0.0
20230320:1310,618.57,719.66,28.4,13.24,2.69,0.0
20230320:1410,407.76,474.62,20.6,13.48,2.55,0.0
20230320:1510,178.34,229.67,11.77,12.98,1.72,0.0
20230320:1610,0.0,5.35,2.42,11.78,1.72,0.0
20230320:1710,0.0,0.0,0.0,9.83,2.07,0.0
20230320:1810,0.0,0.0,0.0,8.15,2.41,0.0
20230320:1910,0.0,0.0,0.0,7.7,2.28,0.0
20230320:2010,0.0,0.0,0.0,6.82,2.48,0.0
20230320:2110,0.0,0.0,0.0,6.37,2.69,0.0
20230320:2210,0.0,0.0,0.0,5.91,2.55,0.0
20230320:2310,0.0,0.0,0.0,5.5,2.55,0.0
20230321:0010,0.0,0.0,0.0,5.4,2.41,0.0
20230321:0110,0.0,0.0,0.0,5.25,2.28,0.0
20230321:0210,0.0,0.0,0.0,4.93,2.34,0.0
20230321:0310,0.0,0.0,0.0,4.75,2.34,0.0
20230321:0410,0.0,0.0,0.0,4.7,2.41,0.0
20230321:0510,14.07,27.65,7.17,4.69,2.41,0.0
20230321:0610,40.48,59.75,16.34,5.99,2.34,0.0
20230321:0710,0.0,0.0,0.0,8.74,3.31,0.0
20230321:0810,0.0,0.0,0.0,9.92,3.38,0.0
20230321:0910,132.1,163.2,37.0,10.94,3.17,0.0
20230321:1010,473.75,542.39,39.39,11.42,2.97,0.0
20230321:1110,301.32,349.16,38.63,11.94,2.97,0.0
20230321:1210,182.97,218.99,34.87,11.84,3.66,0.0
20230321:1310,40.9,61.53,28.71,11.63,3.66,0.0
20230321:1410,41.71,62.42,20.89,11.31,3.1,0.0
20230321:1510,43.11,64.2,12.04,10.66,2.48,0.0
20230321:1610,0.24,6.24,2.68,9.71,1.72,0.0
20230321:1710,0.0,0.0,0.0,8.45,1.93,0.0
20230321:1810,0.0,0.0,0.0,7.34,1.93,0.0
20230321:1910,0.0,0.0,0.0,6.33,1.86,0.0
20230321:2010,0.0,0.0,0.0,5.67,1.72,0.0
20230321:2110,0.0,0.0,0.0,4.98,1.59,0.0
20230321:2210,0.0,0.0,0.0,4.18,1.59,0.0
20230321:2310,0.0,0.0,0.0,3.66,1.52,0.0
20230322:0010,0.0,0.0,0.0,3.45,1.24,0.0
20230322:0110,0.0,0.0,0.0,4.03,0.83,0.0
20230322:0210,0.0,0.0,0.0,4.28,0.41,0.0
20230322:0310,0.0,0.0,0.0,4.03,0.21,0.0
20230322:0410,0.0,0.0,0.0,3.98,0.21,0.0
20230322:0510,77.24,118.44,7.52,3.73,0.48,0.0
20230322:0610,219.58,257.59,16.7,5.03,0.48,0.0
20230322:0710,0.0,0.0,0.0,7.61,1.45,0.0
20230322:0810,443.82,503.63,32.28,9.19,2.34,0.0
20230322:0910,536.59,614.82,37.4,10.66,2.62,0.0
20230322:1010,680.46,791.86,39.79,11.43,2.76,0.0
20230322:1110,391.21,449.72,39.01,11.98,2.9,0.0
20230322:1210,182.81,219.71,35.21,12.3,2.9,0.0
20230322:1310,120.63,151.61,29.02,12.58,3.03,0.0
20230322:1410,342.79,397.11,21.17,12.45,2.9,0.0
20230322:1510,61.33,86.4,12.3,11.99,2.0,0.0
20230322:1610,1.89,9.81,2.93,11.01,1.86,0.0
20230322:1710,0.0,0.0,0.0,9.11,2.28,0.0
20230322:1810,0.0,0.0,0.0,7.93,2.21,0.0
20230322:1910,0.0,0.0,0.0,6.99,2.0,0.0
20230322:2010,0.0,0.0,0.0,5.87,2.28,0.0
20230322:2110,0.0,0.0,0.0,5.5,2.28,0.0
20230322:2210,0.0,0.0,0.0,5.46,2.34,0.0
20230322:2310,0.0,0.0,0.0,6.08,2.41,0.0
20230323:0010,0.0,0.0,0.0,6.6,2.62,0.0
20230323:0110,0.0,0.0,0.0,7.04,2.62,0.0
20230323:0210,0.0,0.0,0.0,7.33,2.62,0.0
20230323:0310,0.0,0.0,0.0,7.19,2.76,0.0
20230323:0410,0.0,0.0,0.0,7.0,2.9,0.0
20230323:0510,55.88,86.23,7.88,7.31,2.97,0.0
20230323:0610,230.1,270.1,17.07,8.22,3.03,0.0
20230323:0710,472.74,534.85,25.52,10.29,3.66,0.0
20230323:0810,594.66,679.78,32.67,12.42,4.14,0.0
20230323:0910,577.34,664.56,37.8,13.7,4.21,0.0
20230323:1010,670.96,781.41,40.18,14.93,4.41,0.0
20230323:1110,602.71,701.69,39.39,16.17,4.62,0.0
20230323:1210,750.39,884.31,35.56,16.63,4.55,0.0
20230323:1310,395.99,459.96,29.33,16.56,4.41,0.0
20230323:1410,89.95,119.42,21.45,16.62,4.48,0.0
20230323:1510,77.59,107.31,12.57,15.98,3.93,0.0
20230323:1610,2.05,11.0,3.19,14.84,3.93,0.0
20230323:1710,0.0,0.0,0.0,13.31,3.93,0.0
20230323:1810,0.0,0.0,0.0,12.69,4.07,0.0
20230323:1910,0.0,0.0,0.0,12.18,4.21,0.0
20230323:2010,0.0,0.0,0.0,12.11,4.48,0.0
20230323:2110,0.0,0.0,0.0,12.37,4.48,0.0
20230323:2210,0.0,0.0,0.0,12.28,4.07,0.0
20230323:2310,0.0,0.0,0.0,11.8,3.66,0.0
20230324:0010,0.0,0.0,0.0,11.22,3.38,0.0
20230324:0110,0.0,0.0,0.0,10.63,3.31,0.0
20230324:0210,0.0,0.0,0.0,10.9,3.24,0.0
20230324:0310,0.0,0.0,0.0,11.05,3.17,0.0
20230324:0410,0.0,0.0,0.0,11.07,3.1,0.0
20230324:0510,1.44,8.92,8.24,10.74,2.97,0.0
20230324:0610,115.47,145.77,17.43,11.3,2.76,0.0
20230324:0710,252.41,295.71,25.9,12.83,2.83,0.0
20230324:0810,152.6,188.13,33.06,14.24,2.97,0.0
20230324:0910,189.61,230.17,38.2,15.31,3.03,0.0
20230324:1010,168.77,207.76,40.58,16.06,3.17,0.0
20230324:1110,134.68,170.33,39.76,17.18,3.79,0.0
20230324:1210,146.83,183.67,35.9,16.95,3.86,0.0
20230324:1310,90.86,120.39,29.64,16.08,3.31,0.0
20230324:1410,205.79,247.86,21.73,15.73,3.52,0.0
20230324:1510,95.78,129.12,12.83,15.6,3.79,0.0
20230324:1610,0.57,7.13,3.45,15.33,4.21,0.0
20230324:1710,0.0,0.0,0.0,14.78,4.28,0.0
20230324:1810,0.0,0.0,0.0,13.98,4.28,0.0
20230324:1910,0.0,0.0,0.0,13.69,3.93,0.0
20230324:2010,0.0,0.0,0.0,13.3,3.86,0.0
20230324:2110,0.0,0.0,0.0,13.16,3.93,0.0
20230324:2210,0.0,0.0,0.0,13.03,4.14,0.0
20230324:2310,0.0,0.0,0.0,12.7,4.41,0.0
20230325:0010,0.0,0.0,0.0,11.41,3.66,0.0
20230325:0110,0.0,0.0,0.0,10.4,3.31,0.0
20230325:0210,0.0,0.0,0.0,9.73,3.17,0.0
20230325:0310,0.0,0.0,0.0,9.85,3.1,0.0
20230325:0410,0.0,0.0,0.0,9.85,2.97,0.0
20230325:0510,1.02,8.03,8.59,9.88,2.76,0.0
20230325:0610,12.99,26.75,17.8,10.3,2.62,0.0
20230325:0710,49.6,71.34,26.28,10.36,2.69,0.0
20230325:0810,69.03,93.64,33.45,10.9,2.14,0.0
20230325:0910,188.18,225.58,38.61,11.96,2.55,0.0
20230325:1010,93.02,121.28,40.98,12.55,1.93,0.0
20230325:1110,83.04,110.58,40.14,13.42,1.52,0.0
20230325:1210,68.88,94.53,36.24,13.52,1.72,0.0
20230325:1310,60.53,84.72,29.94,12.81,1.79,0.0
20230325:1410,25.21,42.81,22.01,12.39,1.93,0.0
20230325:1510,96.6,128.18,13.09,11.76,1.93,0.0
20230325:1610,0.61,7.13,3.7,11.03,1.86,0.0
20230325:1710,0.0,0.0,0.0,10.14,2.07,0.0
20230325:1810,0.0,0.0,0.0,9.44,2.55,0.0
20230325:1910,0.0,0.0,0.0,8.4,2.62,0.0
20230325:2010,0.0,0.0,0.0,7.69,2.69,0.0
20230325:2110,0.0,0.0,0.0,7.09,2.76,0.0
20230325:2210,0.0,0.0,0.0,6.73,2.9,0.0
20230325:2310,0.0,0.0,0.0,6.91,3.1,0.0
20230326:0010,0.0,0.0,0.0,6.72,3.31,0.0
20230326:0110,0.0,0.0,0.0,6.72,3.24,0.0
20230326:0210,0.0,0.0,0.0,6.65,3.1,0.0
20230326:0310,0.0,0.0,0.0,6.38,2.9,0.0
20230326:0410,0.0,0.0,0.0,5.97,2.83,0.0
20230326:0510,80.19,118.01,8.95,5.88,2.97,0.0
20230326:0610,342.86,393.31,18.16,6.54,3.31,0.0
20230326:0710,422.09,470.28,26.65,7.93,4.83,0.0
20230326:0810,557.09,624.83,33.84,8.96,4.34,0.0
20230326:0910,390.28,442.35,39.01,10.46,4.41,0.0
20230326:1010,837.22,969.1,41.38,11.39,4.83,0.0
20230326:1110,318.73,365.87,40.51,11.82,4.97,0.0
20230326:1210,298.13,343.22,36.58,12.0,4.97,0.0
20230326:1310,38.59,58.86,30.25,12.05,5.45,0.0
20230326:1410,367.71,418.54,22.29,11.17,5.52,0.0
20230326:1510,148.07,187.82,13.35,10.59,5.17,0.0
20230326:1610,5.77,16.95,3.95,9.76,4.9,0.0
20230326:1710,0.0,0.0,0.0,8.86,3.93,0.0
20230326:1810,0.0,0.0,0.0,8.51,3.38,0.0
20230326:1910,0.0,0.0,0.0,7.09,2.28,0.0
20230326:2010,0.0,0.0,0.0,6.28,2.48,0.0
20230326:2110,0.0,0.0,0.0,5.81,2.28,0.0
20230326:2210,0.0,0.0,0.0,5.38,2.34,0.0
20230326:2310,0.0,0.0,0.0,4.54,2.48,0.0
20230327:0010,0.0,0.0,0.0,3.98,2.48,0.0
20230327:0110,0.0,0.0,0.0,3.57,2.48,0.0
20230327:0210,0.0,0.0,0.0,3.36,2.28,0.0
20230327:0310,0.0,0.0,0.0,3.05,2.21,0.0
20230327:0410,0.0,0.0,0.0,2.94,2.0,0.0
20230327:0510,3.02,11.59,9.3,3.4,1.52,0.0
20230327:0610,27.66,44.59,18.52,5.0,1.24,0.0
20230327:0710,71.87,95.42,27.03,6.95,1.17,0.0
20230327:0810,79.52,104.34,34.23,7.69,0.41,0.0
20230327:0910,134.61,164.98,39.41,7.97,0.48,0.0
20230327:1010,212.89,250.44,41.77,8.49,1.1,0.0
20230327:1110,197.04,233.48,40.89,9.32,1.59,0.0
20230327:1210,314.66,362.39,36.92,10.17,2.07,0.0
20230327:1310,113.95,142.69,30.55,9.48,2.14,0.0
20230327:1410,62.64,85.61,22.57,8.66,2.55,0.0
20230327:1510,24.31,41.02,13.61,8.16,2.21,0.0
20230327:1610,3.98,13.38,4.21,7.51,2.14,0.0
20230327:1710,0.0,0.0,0.0,6.8,2.69,0.0
20230327:1810,0.0,0.0,0.0,6.31,3.38,0.0
20230327:1910,0.0,0.0,0.0,5.93,4.62,0.0
20230327:2010,0.0,0.0,0.0,3.75,5.66,0.0
20230327:2110,0.0,0.0,0.0,2.0,6.69,0.0
20230327:2210,0.0,0.0,0.0,1.5,6.69,0.0
20230327:2310,0.0,0.0,0.0,1.18,7.45,0.0
20230328:0010,0.0,0.0,0.0,0.64,7.66,0.0
20230328:0110,0.0,0.0,0.0,0.19,7.66,0.0
20230328:0210,0.0,0.0,0.0,-0.36,7.1,0.0
20230328:0310,0.0,0.0,0.0,-1.01,6.48,0.0
20230328:0410,0.0,0.0,0.0,-1.49,6.07,0.0
20230328:0510,2.61,10.7,9.66,-1.82,6.07,0.0
20230328:0610,34.97,51.72,18.88,-1.83,6.34,0.0
20230328:0710,117.41,139.0,27.4,-1.75,7.03,0.0
20230328:0810,265.38,289.43,34.62,-0.92,7.72,0.0
20230328:0910,388.76,417.27,39.8,-0.16,6.9,0.0
20230328:1010,647.84,695.21,42.17,0.91,6.76,0.0
20230328:1110,878.65,958.9,41.26,2.04,6.83,0.0
20230328:1210,649.11,701.25,37.26,2.75,6.76,0.0
20230328:1310,294.58,324.66,30.86,3.2,6.83,0.0
20230328:1410,163.33,189.87,22.84,3.48,6.41,0.0
20230328:1510,53.97,74.38,13.87,3.38,5.45,0.0
20230328:1610,0.68,7.13,4.46,2.77,4.62,0.0
20230328:1710,0.0,0.0,0.0,1.74,4.28,0.0
20230328:1810,0.0,0.0,0.0,0.94,4.48,0.0
20230328:1910,0.0,0.0,0.0,-0.04,4.9,0.0
20230328:2010,0.0,0.0,0.0,-0.67,5.24,0.0
20230328:2110,0.0,0.0,0.0,-1.33,5.24,0.0
20230328:2210,0.0,0.0,0.0,-2.02,5.31,0.0
20230328:2310,0.0,0.0,0.0,-2.66,5.38,0.0
20230329:0010,0.0,0.0,0.0,-3.17,5.31,0.0
20230329:0110,0.0,0.0,0.0,-3.56,5.24,0.0
20230329:0210,0.0,0.0,0.0,-3.75,5.24,0.0
20230329:0310,0.0,0.0,0.0,-3.92,5.17,0.0
20230329:0410,0.0,0.0,0.0,-3.9,5.24,0.0
20230329:0510,45.05,63.93,10.01,-3.51,4.9,0.0
20230329:0610,91.22,111.78,19.24,-2.53,5.66,0.0
20230329:0710,260.29,283.86,27.77,-1.02,7.66,0.0
20230329:0810,199.0,223.32,35.01,-0.17,7.52,0.0
20230329:0910,408.0,438.11,40.2,0.39,7.1,0.0
20230329:1010,314.06,342.4,42.56,0.67,6.83,0.0
20230329:1110,387.1,419.28,41.63,1.59,6.76,0.0
20230329:1210,501.53,541.05,37.6,2.45,6.62,0.0
20230329:1310,546.61,591.77,31.16,3.68,6.62,0.0
20230329:1410,416.66,457.99,23.12,4.7,6.55,0.0
20230329:1510,220.73,268.67,14.13,4.95,6.0,0.0
20230329:1610,10.64,25.02,4.71,3.84,4.41,0.0
20230329:1710,0.0,0.0,0.0,2.22,3.31,0.0
20230329:1810,0.0,0.0,0.0,0.91,2.76,0.0
20230329:1910,0.0,0.0,0.0,0.2,2.55,0.0
20230329:2010,0.0,0.0,0.0,-0.75,2.41,0.0
20230329:2110,0.0,0.0,0.0,-1.68,2.28,0.0
20230329:2210,0.0,0.0,0.0,-2.42,2.21,0.0
20230329:2310,0.0,0.0,0.0,-3.01,2.14,0.0
20230330:0010,0.0,0.0,0.0,-3.46,2.07,0.0
20230330:0110,0.0,0.0,0.0,-3.68,2.14,0.0
20230330:0210,0.0,0.0,0.0,-3.68,2.28,0.0
20230330:0310,0.0,0.0,0.0,-3.52,2.34,0.0
20230330:0410,0.0,0.0,0.0,-3.29,2.41,0.0
20230330:0510,117.49,162.69,10.36,-2.07,2.48,0.0
20230330:0610,364.2,406.87,19.6,0.78,2.69,0.0
20230330:0710,594.11,652.64,28.14,3.22,3.66,0.0
20230330:0810,755.95,845.16,35.39,5.34,4.07,0.0
20230330:0910,792.76,896.22,40.6,6.6,4.21,0.0
20230330:1010,761.15,862.27,42.95,7.93,4.55,0.0
20230330:1110,423.45,475.45,42.0,8.92,4.83,0.0
20230330:1210,517.23,579.23,37.93,8.81,4.62,0.0
20230330:1310,352.73,397.18,31.46,8.53,4.14,0.0
20230330:1410,113.28,140.94,23.39,8.52,3.72,0.0
20230330:1510,74.21,99.28,14.39,8.42,3.17,0.0
20230330:1610,9.39,22.04,4.96,7.93,3.31,0.0
20230330:1710,0.0,0.0,0.0,7.11,3.45,0.0
20230330:1810,0.0,0.0,0.0,6.7,3.66,0.0
20230330:1910,0.0,0.0,0.0,6.08,3.38,0.0
20230330:2010,0.0,0.0,0.0,5.52,3.24,0.0
20230330:2110,0.0,0.0,0.0,5.65,3.1,0.0
20230330:2210,0.0,0.0,0.0,5.73,3.24,0.0
20230330:2310,0.0,0.0,0.0,5.65,3.45,0.0
20230331:0010,0.0,0.0,0.0,5.34,3.38,0.0
20230331:0110,0.0,0.0,0.0,5.23,3.45,0.0
20230331:0210,0.0,0.0,0.0,5.3,3.52,0.0
20230331:0310,0.0,0.0,0.0,5.36,3.72,0.0
20230331:0410,0.0,0.0,0.0,5.35,3.79,0.0
20230331:0510,7.53,18.73,10.71,5.4,3.79,0.0
20230331:0610,14.68,28.54,19.96,5.74,3.86,0.0
20230331:0710,64.93,87.39,28.51,6.76,3.93,0.0
20230331:0810,202.21,235.33,35.78,7.68,4.34,0.0
20230331:0910,498.08,558.14,40.99,9.24,5.03,0.0
20230331:1010,116.38,145.36,43.35,10.49,4.97,0.0
20230331:1110,330.0,378.6,42.37,12.1,5.17,0.0
20230331:1210,315.11,363.47,38.26,12.94,4.9,0.0
20230331:1310,432.55,494.5,31.76,13.44,4.62,0.0
20230331:1410,170.98,207.1,23.66,13.54,4.34,0.0
20230331:1510,117.55,153.06,14.64,13.11,3.03,0.0
20230331:1610,12.55,28.15,5.21,11.95,2.62,0.0
20230331:1710,0.0,0.0,0.0,10.07,2.9,0.0
20230331:1810,0.0,0.0,0.0,8.72,2.97,0.0
20230331:1910,0.0,0.0,0.0,8.15,2.69,0.0
20230331:2010,0.0,0.0,0.0,7.64,2.83,0.0
20230331:2110,0.0,0.0,0.0,7.26,3.03,0.0
20230331:2210,0.0,0.0,0.0,6.88,3.1,0.0
20230331:2310,0.0,0.0,0.0,6.52,3.1,0.0
20230401:0010,0.0,0.0,0.0,6.24,2.97,0.0
20230401:0110,0.0,0.0,0.0,6.08,2.9,0.0
20230401:0210,0.0,0.0,0.0,6.04,2.76,0.0
20230401:0310,0.0,0.0,0.0,5.97,2.83,0.0
20230401:0410,0.0,0.0,0.0,6.03,2.9,0.0
20230401:0510,2.45,10.7,11.06,6.43,2.83,0.0
20230401:0610,11.25,24.08,20.32,6.96,2.62,0.0
20230401:0710,32.47,50.83,28.88,8.08,2.83,0.0
20230401:0810,84.99,110.58,36.16,9.21,3.1,0.0
20230401:0910,176.65,211.11,41.39,10.17,3.17,0.0
20230401:1010,235.1,275.52,43.74,10.83,2.97,0.0
20230401:1110,152.71,186.38,42.73,11.5,2.69,0.0
20230401:1210,150.37,184.46,38.59,12.31,2.55,0.0
20230401:1310,269.27,315.96,32.05,13.1,2.14,0.0
20230401:1410,261.21,309.01,23.93,13.21,1.52,0.0
20230401:1510,153.49,197.71,14.9,13.06,1.52,0.0
20230401:1610,5.53,16.05,5.46,11.2,2.07,0.0
20230401:1710,0.0,0.0,0.0,9.99,2.07,0.0
20230401:1810,0.0,0.0,0.0,9.08,1.93,0.0
20230401:1910,0.0,0.0,0.0,7.89,2.21,0.0
20230401:2010,0.0,0.0,0.0,6.99,2.41,0.0
20230401:2110,0.0,0.0,0.0,6.24,2.34,0.0
20230401:2210,0.0,0.0,0.0,5.62,2.34,0.0
20230401:2310,0.0,0.0,0.0,5.02,2.34,0.0
20230402:0010,0.0,0.0,0.0,4.62,2.28,0.0
20230402:0110,0.0,0.0,0.0,4.47,2.07,0.0
20230402:0210,0.0,0.0,0.0,4.47,1.79,0.0
20230402:0310,0.0,0.0,0.0,4.61,1.72,0.0
20230402:0410,0.0,0.82,1.94,4.87,1.72,0.0
20230402:0510,14.02,27.65,11.41,5.34,1.72,0.0
20230402:0610,53.6,74.91,20.67,6.8,1.93,0.0
20230402:0710,116.27,144.26,29.25,8.05,2.34,0.0
20230402:0810,127.19,156.95,36.54,9.43,2.69,0.0
20230402:0910,135.76,166.76,41.78,10.14,2.76,0.0
20230402:1010,97.24,124.85,44.12,10.78,3.1,0.0
20230402:1110,97.96,125.74,43.1,11.09,3.45,0.0
20230402:1210,82.32,107.91,38.92,10.09,4.21,0.0
20230402:1310,53.08,74.91,32.35,9.32,4.83,0.0
20230402:1410,33.89,52.62,24.2,8.79,4.83,0.0
20230402:1510,21.46,37.45,15.15,8.14,4.28,0.0
20230402:1610,1.49,8.92,5.71,7.28,4.83,0.0
20230402:1710,0.0,0.0,0.0,6.56,4.28,0.0
20230402:1810,0.0,0.0,0.0,6.12,4.07,0.0
20230402:1910,0.0,0.0,0.0,5.15,4.0,0.0
20230402:2010,0.0,0.0,0.0,4.69,4.0,0.0
20230402:2110,0.0,0.0,0.0,4.24,3.93,0.0
20230402:2210,0.0,0.0,0.0,3.75,4.0,0.0
20230402:2310,0.0,0.0,0.0,3.27,4.0,0.0
20230403:0010,0.0,0.0,0.0,2.79,4.0,0.0
20230403:0110,0.0,0.0,0.0,2.19,4.07,0.0
20230403:0210,0.0,0.0,0.0,1.54,4.14,0.0
20230403:0310,0.0,0.0,0.0,1.18,4.76,0.0
20230403:0410,0.0,0.82,2.28,0.89,4.9,0.0
20230403:0510,13.71,26.75,11.76,0.61,4.83,0.0
20230403:0610,76.73,97.76,21.02,0.38,5.17,0.0
20230403:0710,126.88,150.27,29.61,0.35,4.83,0.0
20230403:0810,108.44,131.09,36.92,0.33,5.1,0.0
20230403:0910,132.45,156.06,42.17,0.28,4.97,0.0
20230403:1010,74.56,95.42,44.51,0.28,4.97,0.0
20230403:1110,96.48,118.61,43.46,0.33,4.76,0.0
20230403:1210,110.8,133.77,39.25,0.61,4.62,0.0
20230403:1310,56.16,75.8,32.64,0.76,4.62,0.0
20230403:1410,16.48,30.32,24.46,0.87,4.48,0.0
20230403:1510,6.51,16.94,15.4,0.66,4.0,0.0
20230403:1610,9.05,20.51,5.96,0.13,4.28,0.0
20230403:1710,0.0,0.0,0.0,-0.23,4.21,0.0
20230403:1810,0.0,0.0,0.0,-0.48,3.93,0.0
20230403:1910,0.0,0.0,0.0,-0.63,3.38,0.0
20230403:2010,0.0,0.0,0.0,-0.78,3.1,0.0
20230403:2110,0.0,0.0,0.0,-1.01,3.03,0.0
20230403:2210,0.0,0.0,0.0,-1.23,3.17,0.0
20230403:2310,0.0,0.0,0.0,-1.48,3.1,0.0
20230404:0010,0.0,0.0,0.0,-1.81,2.97,0.0
20230404:0110,0.0,0.0,0.0,-2.35,2.76,0.0
20230404:0210,0.0,0.0,0.0,-2.9,2.55,0.0
20230404:0310,0.0,0.0,0.0,-3.56,2.48,0.0
20230404:0410,0.0,1.64,2.63,-4.36,2.62,0.0
20230404:0510,75.91,99.22,12.1,-4.49,2.55,0.0
20230404:0610,99.5,120.31,21.37,-3.39,2.55,0.0
20230404:0710,204.94,229.13,29.98,-1.93,3.03,0.0
20230404:0810,200.06,225.42,37.3,-0.65,3.59,0.0
20230404:0910,181.74,207.62,42.56,0.22,3.31,0.0
20230404:1010,150.65,175.68,44.9,0.59,3.03,0.0
20230404:1110,172.44,198.87,43.82,1.12,3.03,0.0
20230404:1210,106.81,130.2,39.58,1.29,3.03,0.0
20230404:1310,327.22,359.5,32.93,1.25,3.1,0.0
20230404:1410,119.57,143.38,24.73,1.16,3.52,0.0
20230404:1510,184.52,221.94,15.65,1.06,3.31,0.0
20230404:1610,20.83,39.1,6.2,0.71,2.76,0.0
20230404:1710,0.0,0.0,0.0,-0.07,2.28,0.0
20230404:1810,0.0,0.0,0.0,-0.86,1.86,0.0
20230404:1910,0.0,0.0,0.0,-1.15,1.86,0.0
20230404:2010,0.0,0.0,0.0,-1.51,1.59,0.0
20230404:2110,0.0,0.0,0.0,-1.75,1.31,0.0
20230404:2210,0.0,0.0,0.0,-2.0,1.45,0.0
20230404:2310,0.0,0.0,0.0,-2.16,1.59,0.0
20230405:0010,0.0,0.0,0.0,-2.38,1.79,0.0
20230405:0110,0.0,0.0,0.0,-2.54,1.79,0.0
20230405:0210,0.0,0.0,0.0,-2.94,1.79,0.0
20230405:0310,0.0,0.0,0.0,-3.27,2.0,0.0
20230405:0410,0.0,1.64,2.97,-3.49,2.21,0.0
20230405:0510,4.27,13.38,12.45,-3.16,2.07,0.0
20230405:0610,184.43,209.5,21.72,-1.98,2.34,0.0
20230405:0710,375.69,407.29,30.34,-0.03,3.66,0.0
20230405:0810,593.24,643.66,37.68,0.92,3.93,0.0
20230405:0910,755.48,834.71,42.95,1.72,3.72,0.0
20230405:1010,752.15,834.7,45.28,2.57,3.79,0.0
20230405:1110,706.78,783.06,44.18,3.22,3.86,0.0
20230405:1210,653.92,721.86,39.9,3.83,4.0,0.0
20230405:1310,268.35,302.73,33.22,5.53,4.07,0.0
20230405:1410,117.12,143.3,24.99,5.61,4.14,0.0
20230405:1510,44.58,64.21,15.9,5.31,4.14,0.0
20230405:1610,11.4,24.08,6.45,4.57,3.79,0.0
20230405:1710,0.0,0.0,0.0,3.68,3.72,0.0
20230405:1810,0.0,0.0,0.0,2.89,3.79,0.0
20230405:1910,0.0,0.0,0.0,1.39,3.79,0.0
20230405:2010,0.0,0.0,0.0,0.82,4.07,0.0
20230405:2110,0.0,0.0,0.0,0.59,4.28,0.0
20230405:2210,0.0,0.0,0.0,0.37,3.86,0.0
20230405:2310,0.0,0.0,0.0,0.12,4.07,0.0
20230406:0010,0.0,0.0,0.0,-0.04,4.28,0.0
20230406:0110,0.0,0.0,0.0,-0.22,4.69,0.0
20230406:0210,0.0,0.0,0.0,-0.24,4.55,0.0
20230406:0310,0.0,0.0,0.0,-0.12,4.83,0.0
20230406:0410,0.0,2.46,3.31,0.05,4.9,0.0
20230406:0510,4.18,13.38,12.79,0.32,4.83,0.0
20230406:0610,13.01,25.86,22.07,0.65,4.34,0.0
20230406:0710,48.48,67.78,30.7,2.18,4.14,0.0
20230406:0810,72.63,94.53,38.05,3.27,4.28,0.0
20230406:0910,169.91,198.67,43.33,4.67,4.21,0.0
20230406:1010,67.63,90.07,45.66,6.05,4.83,0.0
20230406:1110,81.88,106.12,44.54,7.15,4.41,0.0
20230406:1210,67.07,90.07,40.22,7.59,3.79,0.0
20230406:1310,36.27,55.29,33.51,8.07,3.72,0.0
20230406:1410,47.76,68.67,25.26,8.48,3.72,0.0
20230406:1510,20.69,36.56,16.15,8.61,3.66,0.0
20230406:1610,22.74,42.62,6.69,8.69,3.66,0.0
20230406:1710,0.0,0.0,0.0,8.63,3.66,0.0
20230406:1810,0.0,0.0,0.0,8.3,3.45,0.0
20230406:1910,0.0,0.0,0.0,8.08,3.17,0.0
20230406:2010,0.0,0.0,0.0,7.88,3.03,0.0
20230406:2110,0.0,0.0,0.0,7.72,2.9,0.0
20230406:2210,0.0,0.0,0.0,7.64,2.55,0.0
20230406:2310,0.0,0.0,0.0,7.52,2.48,0.0
20230407:0010,0.0,0.0,0.0,7.32,2.62,0.0
20230407:0110,0.0,0.0,0.0,7.14,3.24,0.0
20230407:0210,0.0,0.0,0.0,6.43,3.24,0.0
20230407:0310,0.0,0.0,0.0,5.61,3.1,0.0
20230407:0410,0.0,2.46,3.65,4.87,3.17,0.0
20230407:0510,36.2,54.4,13.13,4.26,3.59,0.0
20230407:0610,75.71,98.1,22.42,3.86,4.07,0.0
20230407:0710,199.28,229.27,31.05,4.74,4.0,0.0
20230407:0810,260.14,293.57,38.43,4.84,4.14,0.0
20230407:0910,235.05,267.71,43.72,5.07,4.28,0.0
20230407:1010,104.07,129.31,46.04,5.52,4.41,0.0
20230407:1110,84.73,108.8,44.9,6.15,4.34,0.0
20230407:1210,146.57,175.68,40.54,6.94,4.28,0.0
20230407:1310,84.01,108.8,33.79,7.93,4.34,0.0
20230407:1410,117.06,144.94,25.52,8.36,3.86,0.0
20230407:1510,55.75,77.93,16.39,8.71,3.24,0.0
20230407:1610,18.96,35.37,6.94,8.35,2.28,0.0
20230407:1710,0.0,0.0,0.0,7.39,2.21,0.0
20230407:1810,0.0,0.0,0.0,6.77,2.34,0.0
20230407:1910,0.0,0.0,0.0,5.22,2.41,0.0
20230407:2010,0.0,0.0,0.0,3.88,2.48,0.0
20230407:2110,0.0,0.0,0.0,3.07,2.34,0.0
20230407:2210,0.0,0.0,0.0,2.36,2.34,0.0
20230407:2310,0.0,0.0,0.0,1.97,2.28,0.0
20230408:0010,0.0,0.0,0.0,2.05,2.07,0.0
20230408:0110,0.0,0.0,0.0,1.77,2.0,0.0
20230408:0210,0.0,0.0,0.0,1.91,1.93,0.0
20230408:0310,0.0,0.0,0.0,2.01,2.07,0.0
20230408:0410,0.0,3.28,3.99,2.54,2.14,0.0
20230408:0510,129.14,173.45,13.46,3.92,2.0,0.0
20230408:0610,332.11,378.92,22.76,5.48,2.14,0.0
20230408:0710,555.25,627.03,31.41,6.82,2.21,0.0
20230408:0810,508.18,575.19,38.8,8.35,2.62,0.0
20230408:0910,597.05,683.38,44.1,9.9,2.97,0.0
20230408:1010,385.98,443.0,46.42,10.93,2.83,0.0
20230408:1110,375.38,432.12,45.25,11.44,2.76,0.0
20230408:1210,95.22,123.07,40.86,11.49,2.62,0.0
20230408:1310,253.89,296.15,34.08,11.29,2.76,0.0
20230408:1410,96.14,123.59,25.77,10.64,2.83,0.0
20230408:1510,68.6,93.21,16.64,10.01,2.48,0.0
20230408:1610,23.63,42.95,7.18,9.39,1.93,0.0
20230408:1710,0.0,0.0,0.0,8.48,1.86,0.0
20230408:1810,0.0,0.0,0.0,7.06,2.07,0.0
20230408:1910,0.0,0.0,0.0,6.2,1.79,0.0
20230408:2010,0.0,0.0,0.0,5.04,1.72,0.0
20230408:2110,0.0,0.0,0.0,3.97,1.59,0.0
20230408:2210,0.0,0.0,0.0,3.85,1.24,0.0
20230408:2310,0.0,0.0,0.0,4.78,0.83,0.0
20230409:0010,0.0,0.0,0.0,4.22,0.55,0.0
20230409:0110,0.0,0.0,0.0,3.13,0.69,0.0
20230409:0210,0.0,0.0,0.0,1.7,0.69,0.0
20230409:0310,0.0,0.0,0.0,0.87,0.48,0.0
20230409:0410,1.62,9.02,4.32,1.0,0.48,0.0
20230409:0510,25.8,41.91,13.8,2.0,0.34,0.0
20230409:0610,88.74,112.83,23.1,3.99,0.34,0.0
20230409:0710,205.79,240.51,31.76,6.54,0.76,0.0
20230409:0810,343.72,394.79,39.16,8.85,1.24,0.0
20230409:0910,416.36,480.05,44.48,10.64,1.72,0.0
20230409:1010,306.16,357.16,46.8,11.63,1.72,0.0
20230409:1110,213.58,254.8,45.6,12.08,1.59,0.0
20230409:1210,122.57,154.28,41.18,12.41,1.38,0.0
20230409:1310,436.52,508.51,34.36,12.55,1.31,0.0
20230409:1410,218.7,261.1,26.03,12.48,1.17,0.0
20230409:1510,81.42,108.74,16.88,11.38,1.17,0.0
20230409:1610,3.37,12.48,7.42,11.02,1.59,0.0
20230409:1710,0.0,0.0,0.0,9.73,2.0,0.0
20230409:1810,0.0,0.0,0.0,8.87,1.79,0.0
20230409:1910,0.0,0.0,0.0,7.79,1.86,0.0
20230409:2010,0.0,0.0,0.0,7.13,2.0,0.0
20230409:2110,0.0,0.0,0.0,6.58,2.0,0.0
20230409:2210,0.0,0.0,0.0,6.22,2.0,0.0
20230409:2310,0.0,0.0,0.0,5.99,2.14,0.0
20230410:0010,0.0,0.0,0.0,5.99,2.14,0.0
20230410:0110,0.0,0.0,0.0,5.81,2.41,0.0
20230410:0210,0.0,0.0,0.0,5.74,2.62,0.0
20230410:0310,0.0,0.0,0.0,5.58,2.62,0.0
20230410:0410,0.77,7.38,4.66,5.12,2.55,0.0
20230410:0510,114.09,151.12,14.13,5.69,2.28,0.0
20230410:0610,260.23,299.85,23.44,6.92,2.83,0.0
20230410:0710,304.09,346.28,32.11,8.84,3.52,0.0
20230410:0810,291.0,334.34,39.53,10.16,3.72,0.0
20230410:0910,343.96,395.47,44.85,11.07,3.1,0.0
20230410:1010,559.65,643.31,47.17,11.31,3.1,0.0
20230410:1110,616.99,712.62,45.95,11.86,3.24,0.0
20230410:1210,90.41,117.72,41.49,11.78,3.59,0.0
20230410:1310,454.05,516.45,34.64,11.44,3.86,0.0
20230410:1410,396.14,454.74,26.29,11.48,3.72,0.0
20230410:1510,7.87,19.62,17.13,11.44,3.1,0.0
20230410:1610,26.36,55.99,7.66,11.01,2.69,0.0
20230410:1710,0.0,0.0,0.0,9.83,2.55,0.0
20230410:1810,0.0,0.0,0.0,8.69,2.69,0.0
20230410:1910,0.0,0.0,0.0,7.66,2.48,0.0
20230410:2010,0.0,0.0,0.0,6.7,2.41,0.0
20230410:2110,0.0,0.0,0.0,6.4,2.34,0.0
20230410:2210,0.0,0.0,0.0,5.93,2.34,0.0
20230410:2310,0.0,0.0,0.0,5.56,2.21,0.0
20230411:0010,0.0,0.0,0.0,5.08,2.14,0.0
20230411:0110,0.0,0.0,0.0,4.62,2.14,0.0
20230411:0210,0.0,0.0,0.0,4.4,2.0,0.0
20230411:0310,0.0,0.0,0.0,3.77,2.14,0.0
20230411:0410,3.93,13.11,4.98,3.46,2.14,0.0
20230411:0510,144.22,193.64,14.46,4.75,1.79,0.0
20230411:0610,374.07,427.87,23.77,7.3,2.9,0.0
20230411:0710,578.93,660.24,32.46,9.74,2.83,0.0
20230411:0810,728.46,850.07,39.89,11.76,2.9,0.0
20230411:0910,832.49,983.59,45.23,13.46,3.79,0.0
20230411:1010,774.28,904.28,47.54,14.31,4.97,0.0
20230411:1110,502.15,579.76,46.3,14.56,4.48,0.0
20230411:1210,714.51,839.34,41.8,14.87,3.72,0.0
20230411:1310,646.62,755.96,34.92,15.13,3.52,0.0
20230411:1410,453.25,529.84,26.54,15.04,3.52,0.0
20230411:1510,198.79,254.83,17.37,14.5,3.03,0.0
20230411:1610,26.7,59.59,7.9,13.25,2.41,0.0
20230411:1710,0.0,0.0,0.0,11.29,2.55,0.0
20230411:1810,0.0,0.0,0.0,9.52,2.69,0.0
20230411:1910,0.0,0.0,0.0,9.5,2.69,0.0
20230411:2010,0.0,0.0,0.0,9.29,2.76,0.0
20230411:2110,0.0,0.0,0.0,8.97,2.48,0.0
20230411:2210,0.0,0.0,0.0,8.45,2.07,0.0
20230411:2310,0.0,0.0,0.0,7.51,1.72,0.0
20230412:0010,0.0,0.0,0.0,6.75,1.66,0.0
20230412:0110,0.0,0.0,0.0,6.05,1.79,0.0
20230412:0210,0.0,0.0,0.0,5.74,1.79,0.0
20230412:0310,0.0,0.0,0.0,5.4,1.93,0.0
20230412:0410,6.5,17.21,5.31,5.35,2.0,0.0
20230412:0510,8.71,20.51,14.78,6.66,1.66,0.0
20230412:0610,39.9,59.75,24.1,8.79,1.93,0.0
20230412:0710,306.1,351.69,32.8,10.36,2.97,0.0
20230412:0810,525.14,597.49,40.25,11.31,4.0,0.0
20230412:0910,344.61,395.27,45.6,11.8,4.55,0.0
20230412:1010,138.37,170.33,47.91,11.83,4.55,0.0
20230412:1110,61.85,85.61,46.65,11.67,4.76,0.0
20230412:1210,40.2,60.64,42.11,11.46,4.34,0.0
20230412:1310,90.74,117.72,35.19,11.14,4.07,0.0
20230412:1410,72.41,97.2,26.79,10.55,3.03,0.0
20230412:1510,49.63,71.34,17.61,10.29,3.03,0.0
20230412:1610,28.53,49.25,8.14,9.92,2.9,0.0
20230412:1710,0.0,0.0,0.0,9.1,2.07,0.0
20230412:1810,0.0,0.0,0.0,8.39,1.72,0.0
20230412:1910,0.0,0.0,0.0,7.99,1.59,0.0
20230412:2010,0.0,0.0,0.0,7.94,1.66,0.0
20230412:2110,0.0,0.0,0.0,7.81,1.72,0.0
20230412:2210,0.0,0.0,0.0,7.76,1.72,0.0
20230412:2310,0.0,0.0,0.0,7.48,1.93,0.0
20230413:0010,0.0,0.0,0.0,7.49,2.0,0.0
20230413:0110,0.0,0.0,0.0,7.3,1.86,0.0
20230413:0210,0.0,0.0,0.0,7.27,1.72,0.0
20230413:0310,0.0,0.0,0.0,6.91,1.79,0.0
20230413:0410,0.06,5.74,5.64,6.37,1.93,0.0
20230413:0510,15.24,29.43,15.11,7.09,1.93,0.0
20230413:0610,77.22,101.66,24.43,8.1,2.14,0.0
20230413:0710,141.48,172.31,33.14,9.26,2.69,0.0
20230413:0810,217.9,256.43,40.6,10.34,2.55,0.0
20230413:0910,628.22,729.78,45.97,11.47,2.55,0.0
20230413:1010,326.75,380.46,48.28,12.47,2.41,0.0
20230413:1110,177.02,214.66,46.99,12.95,2.28,0.0
20230413:1210,144.01,178.36,42.42,13.13,2.0,0.0
20230413:1310,412.72,480.92,35.47,13.35,1.72,0.0
20230413:1410,254.59,302.54,27.04,13.31,1.24,0.0
20230413:1510,212.42,274.31,17.85,13.22,0.76,0.0
20230413:1610,29.24,60.64,8.37,12.41,0.14,0.0
20230413:1710,0.0,0.0,0.0,11.6,0.21,0.0
20230413:1810,0.0,0.0,0.0,11.03,0.21,0.0
20230413:1910,0.0,0.0,0.0,8.16,1.86,0.0
20230413:2010,0.0,0.0,0.0,7.33,2.0,0.0
20230413:2110,0.0,0.0,0.0,6.48,1.93,0.0
20230413:2210,0.0,0.0,0.0,5.61,1.79,0.0
20230413:2310,0.0,0.0,0.0,4.73,1.72,0.0
20230414:0010,0.0,0.0,0.0,4.58,1.52,0.0
20230414:0110,0.0,0.0,0.0,3.88,1.59,0.0
20230414:0210,0.0,0.0,0.0,3.04,1.86,0.0
20230414:0310,0.0,0.0,0.0,3.48,1.86,0.0
20230414:0410,1.58,9.02,5.96,4.1,2.14,0.0
20230414:0510,139.8,184.5,15.43,6.34,2.07,0.0
20230414:0610,147.19,178.1,24.76,8.63,3.03,0.0
20230414:0710,214.75,251.26,33.48,9.65,3.45,0.0
20230414:0810,291.6,336.42,40.96,11.19,4.0,0.0
20230414:0910,296.41,343.25,46.33,12.27,4.55,0.0
20230414:1010,171.43,206.89,48.64,12.41,4.76,0.0
20230414:1110,186.34,223.57,47.33,12.9,4.97,0.0
20230414:1210,392.47,449.5,42.72,13.12,5.17,0.0
20230414:1310,369.06,422.38,35.74,13.06,5.38,0.0
20230414:1410,183.72,220.06,27.29,12.65,5.31,0.0
20230414:1510,112.79,144.62,18.08,11.98,5.03,0.0
20230414:1610,26.4,45.09,8.61,11.23,5.1,0.0
20230414:1710,0.0,0.0,0.0,10.58,5.31,0.0
20230414:1810,0.0,0.0,0.0,9.88,5.38,0.0
20230414:1910,0.0,0.0,0.0,9.28,5.38,0.0
20230414:2010,0.0,0.0,0.0,9.13,5.38,0.0
20230414:2110,0.0,0.0,0.0,8.95,5.31,0.0
20230414:2210,0.0,0.0,0.0,8.81,5.24,0.0
20230414:2310,0.0,0.0,0.0,8.41,5.31,0.0
20230415:0010,0.0,0.0,0.0,8.08,5.31,0.0
20230415:0110,0.0,0.0,0.0,7.82,5.24,0.0
20230415:0210,0.0,0.0,0.0,7.58,5.1,0.0
20230415:0310,0.0,0.0,0.0,7.53,4.97,0.0
20230415:0410,0.0,4.92,6.27,7.45,4.76,0.0
20230415:0510,43.35,63.32,15.74,7.44,4.76,0.0
20230415:0610,27.37,44.59,25.08,7.51,4.76,0.0
20230415:0710,36.38,55.29,33.81,7.6,4.9,0.0
20230415:0810,79.27,103.45,41.31,7.6,4.55,0.0
20230415:0910,142.82,172.11,46.7,7.69,4.69,0.0
20230415:1010,106.36,132.88,49.0,7.79,5.38,0.0
20230415:1110,79.23,103.45,47.67,7.82,5.17,0.0
20230415:1210,112.91,140.01,43.03,7.67,4.41,0.0
20230415:1310,81.63,106.12,36.01,7.82,4.55,0.0
20230415:1410,40.94,60.64,27.54,7.85,4.69,0.0
20230415:1510,26.59,43.7,18.32,7.79,4.41,0.0
20230415:1610,8.66,20.51,8.84,7.65,4.14,0.0
20230415:1710,0.0,0.0,0.0,7.64,3.79,0.0
20230415:1810,0.0,0.0,0.0,7.74,3.24,0.0
20230415:1910,0.0,0.0,0.0,7.08,3.31,0.0
20230415:2010,0.0,0.0,0.0,7.17,2.97,0.0
20230415:2110,0.0,0.0,0.0,7.22,2.69,0.0
20230415:2210,0.0,0.0,0.0,6.91,2.62,0.0
20230415:2310,0.0,0.0,0.0,6.46,2.62,0.0
20230416:0010,0.0,0.0,0.0,6.03,2.69,0.0
20230416:0110,0.0,0.0,0.0,5.75,2.83,0.0
20230416:0210,0.0,0.0,0.0,5.33,2.83,0.0
20230416:0310,0.0,0.0,0.0,5.25,2.76,0.0
20230416:0410,0.07,5.74,6.59,5.41,2.62,0.0
20230416:0510,38.12,57.07,16.06,6.37,3.52,0.0
20230416:0610,88.82,114.15,25.4,7.89,3.31,0.0
20230416:0710,114.32,142.69,34.14,9.32,3.45,0.0
20230416:0810,137.31,168.55,41.65,10.72,3.86,0.0
20230416:0910,182.73,219.09,47.05,11.97,4.07,0.0
20230416:1010,239.56,282.5,49.36,12.76,3.72,0.0
20230416:1110,307.32,358.24,48.0,13.27,3.52,0.0
20230416:1210,299.65,350.35,43.33,13.63,3.17,0.0
20230416:1310,165.79,202.46,36.28,13.9,3.1,0.0
20230416:1410,197.14,237.33,27.79,14.2,3.24,0.0
20230416:1510,67.41,93.1,18.55,14.0,2.9,0.0
20230416:1610,26.73,45.55,9.08,13.16,2.69,0.0
20230416:1710,0.0,0.0,0.0,12.11,2.83,0.0
20230416:1810,0.0,0.0,0.0,11.46,3.03,0.0
20230416:1910,0.0,0.0,0.0,10.91,3.31,0.0
20230416:2010,0.0,0.0,0.0,10.23,3.45,0.0
20230416:2110,0.0,0.0,0.0,9.56,3.38,0.0
20230416:2210,0.0,0.0,0.0,9.03,3.03,0.0
20230416:2310,0.0,0.0,0.0,8.64,2.69,0.0
20230417:0010,0.0,0.0,0.0,8.54,2.69,0.0
20230417:0110,0.0,0.0,0.0,8.35,2.76,0.0
20230417:0210,0.0,0.0,0.0,7.98,2.9,0.0
20230417:0310,0.0,0.0,0.0,8.05,3.1,0.0
20230417:0410,0.0,4.92,6.9,8.07,3.03,0.0
20230417:0510,30.2,48.16,16.37,8.24,2.9,0.0
20230417:0610,16.51,31.21,25.71,8.45,2.76,0.0
20230417:0710,57.83,80.26,34.47,9.07,3.66,0.0
20230417:0810,76.62,101.66,42.0,10.09,3.52,0.0
20230417:0910,102.05,130.2,47.41,11.01,3.52,0.0
20230417:1010,131.93,163.2,49.71,11.5,3.93,0.0
20230417:1110,107.97,137.33,48.33,12.27,4.07,0.0
20230417:1210,381.09,438.16,43.62,12.73,4.0,0.0
20230417:1310,297.54,345.07,36.54,12.83,4.0,0.0
20230417:1410,123.75,155.04,28.03,12.51,3.17,0.0
20230417:1510,72.02,97.7,18.78,12.22,3.24,0.0
20230417:1610,36.25,63.79,9.31,11.67,3.38,0.0
20230417:1710,0.0,0.0,0.0,11.34,3.59,0.0
20230417:1810,0.0,0.0,0.0,10.91,3.86,0.0
20230417:1910,0.0,0.0,0.0,10.22,4.0,0.0
20230417:2010,0.0,0.0,0.0,9.76,3.72,0.0
20230417:2110,0.0,0.0,0.0,9.55,3.31,0.0
20230417:2210,0.0,0.0,0.0,8.83,2.9,0.0
20230417:2310,0.0,0.0,0.0,7.92,2.69,0.0
20230418:0010,0.0,0.0,0.0,7.09,2.69,0.0
20230418:0110,0.0,0.0,0.0,6.68,2.76,0.0
20230418:0210,0.0,0.0,0.0,6.75,2.9,0.0
20230418:0310,0.0,0.0,0.0,6.62,2.9,0.0
20230418:0410,1.55,9.02,7.21,6.56,2.9,0.0
20230418:0510,54.18,75.84,16.67,7.41,2.76,0.0
20230418:0610,199.59,234.88,26.02,8.9,3.66,0.0
20230418:0710,389.81,442.59,34.79,10.2,3.79,0.0
20230418:0810,522.91,597.15,42.34,11.97,4.07,0.0
20230418:0910,733.61,852.76,47.76,13.36,4.48,0.0
20230418:1010,861.94,1018.62,50.06,14.16,4.55,0.0
20230418:1110,853.9,1010.84,48.66,14.82,4.55,0.0
20230418:1210,607.3,706.11,43.92,15.07,4.21,0.0
20230418:1310,553.42,641.49,36.8,15.06,4.0,0.0
20230418:1410,302.48,355.02,28.27,14.89,4.14,0.0
20230418:1510,137.85,175.95,19.02,14.24,3.45,0.0
20230418:1610,37.47,67.08,9.54,13.41,3.17,0.0
20230418:1710,0.0,0.0,0.0,11.99,2.69,0.0
20230418:1810,0.0,0.0,0.0,10.71,2.48,0.0
20230418:1910,0.0,0.0,0.0,10.36,2.14,0.0
20230418:2010,0.0,0.0,0.0,9.05,2.07,0.0
20230418:2110,0.0,0.0,0.0,7.57,1.79,0.0
20230418:2210,0.0,0.0,0.0,6.24,1.59,0.0
20230418:2310,0.0,0.0,0.0,6.16,1.24,0.0
20230419:0010,0.0,0.0,0.0,6.41,0.97,0.0
20230419:0110,0.0,0.0,0.0,6.27,0.62,0.0
20230419:0210,0.0,0.0,0.0,5.85,0.83,0.0
20230419:0310,0.0,0.0,0.0,3.92,1.31,0.0
20230419:0410,19.53,34.43,7.51,3.15,1.45,0.0
20230419:0510,81.24,106.43,16.98,5.89,1.31,0.0
20230419:0610,44.54,65.1,26.33,8.7,2.07,0.0
20230419:0710,175.11,209.46,35.11,10.46,3.38,0.0
20230419:0810,173.94,208.87,42.67,11.22,3.72,0.0
20230419:0910,164.95,199.76,48.11,11.88,3.59,0.0
20230419:1010,212.51,252.39,50.41,12.17,3.31,0.0
20230419:1110,116.79,147.14,48.99,12.01,2.9,0.0
20230419:1210,284.77,332.4,44.21,12.23,2.69,0.0
20230419:1310,89.99,117.72,37.06,12.46,2.69,0.0
20230419:1410,43.77,65.1,28.51,12.32,2.76,0.0
20230419:1510,47.68,69.56,19.25,11.89,2.55,0.0
20230419:1610,32.04,51.95,9.77,11.7,2.48,0.0
20230419:1710,0.0,0.0,0.0,11.03,2.62,0.0
20230419:1810,0.0,0.0,0.0,10.66,2.69,0.0
20230419:1910,0.0,0.0,0.0,9.24,2.76,0.0
20230419:2010,0.0,0.0,0.0,8.79,2.69,0.0
20230419:2110,0.0,0.0,0.0,8.46,2.34,0.0
20230419:2210,0.0,0.0,0.0,8.38,2.48,0.0
20230419:2310,0.0,0.0,0.0,8.28,2.62,0.0
20230420:0010,0.0,0.0,0.0,8.17,2.83,0.0
20230420:0110,0.0,0.0,0.0,8.18,2.97,0.0
20230420:0210,0.0,0.0,0.0,7.83,2.9,0.0
20230420:0310,0.0,0.0,0.0,7.31,2.97,0.0
20230420:0410,21.13,36.89,7.81,6.84,3.17,0.0
20230420:0510,168.05,221.64,17.28,7.41,3.03,0.0
20230420:0610,401.96,461.15,26.64,9.01,3.38,0.0
20230420:0710,279.42,323.13,35.43,11.2,3.79,0.0
20230420:0810,433.07,496.31,43.0,12.94,4.34,0.0
20230420:0910,461.33,531.53,48.46,14.34,4.83,0.0
20230420:1010,825.59,967.34,50.76,15.27,5.72,0.0
20230420:1110,614.89,709.13,49.31,15.73,6.48,0.0
20230420:1210,789.41,915.33,44.5,15.19,6.21,0.0
20230420:1310,248.36,292.57,37.32,14.8,5.93,0.0
20230420:1410,210.85,251.31,28.75,14.11,5.31,0.0
20230420:1510,104.7,135.63,19.47,13.46,4.69,0.0
20230420:1610,33.41,53.96,10.0,12.58,3.86,0.0
20230420:1710,0.0,0.0,0.0,11.89,2.83,0.0
20230420:1810,0.0,0.0,0.0,11.09,2.0,0.0
20230420:1910,0.0,0.0,0.0,10.94,1.45,0.0
20230420:2010,0.0,0.0,0.0,9.59,2.41,0.0
20230420:2110,0.0,0.0,0.0,9.25,2.97,0.0
20230420:2210,0.0,0.0,0.0,9.1,3.24,0.0
20230420:2310,0.0,0.0,0.0,8.59,3.45,0.0
20230421:0010,0.0,0.0,0.0,7.86,3.52,0.0
20230421:0110,0.0,0.0,0.0,7.18,3.59,0.0
20230421:0210,0.0,0.0,0.0,6.55,3.45,0.0
20230421:0310,0.0,0.0,0.0,5.94,3.31,0.0
20230421:0410,23.26,39.34,8.11,5.66,3.1,0.0
20230421:0510,168.09,218.9,17.57,6.82,2.76,0.0
20230421:0610,398.75,456.48,26.94,8.77,3.52,0.0
20230421:0710,606.72,691.05,35.74,10.89,3.93,0.0
20230421:0810,754.91,876.05,43.33,12.64,4.14,0.0
20230421:0910,846.43,999.97,48.8,14.21,4.34,0.0
20230421:1010,920.72,1099.77,51.1,15.46,4.83,0.0
20230421:1110,901.39,1071.56,49.63,16.06,5.31,0.0
20230421:1210,793.23,931.78,44.79,16.26,5.31,0.0
20230421:1310,653.41,758.92,37.58,16.28,5.24,0.0
20230421:1410,442.68,517.01,28.98,16.05,4.83,0.0
20230421:1510,220.46,284.21,19.7,15.3,3.45,0.0
20230421:1610,32.11,69.32,10.23,14.26,2.97,0.0
20230421:1710,0.0,0.0,0.0,13.08,2.76,0.0
20230421:1810,0.0,0.0,0.0,11.67,2.76,0.0
20230421:1910,0.0,0.0,0.0,10.55,2.62,0.0
20230421:2010,0.0,0.0,0.0,9.53,2.55,0.0
20230421:2110,0.0,0.0,0.0,8.48,2.48,0.0
20230421:2210,0.0,0.0,0.0,7.49,2.41,0.0
20230421:2310,0.0,0.0,0.0,6.59,2.28,0.0
20230422:0010,0.0,0.0,0.0,5.85,2.21,0.0
20230422:0110,0.0,0.0,0.0,5.24,2.14,0.0
20230422:0210,0.0,0.0,0.0,4.79,2.07,0.0
20230422:0310,0.0,0.0,0.0,4.56,1.93,0.0
20230422:0410,27.98,45.15,8.4,4.82,1.66,0.0
20230422:0510,32.53,50.83,17.86,7.41,1.17,0.0
20230422:0610,97.0,124.25,27.23,9.32,1.1,0.0
20230422:0710,295.48,345.48,36.05,11.48,1.17,0.0
20230422:0810,459.2,539.34,43.66,13.31,1.24,0.0
20230422:0910,789.94,971.69,49.14,14.92,1.45,0.0
20230422:1010,867.86,1060.64,51.44,15.77,2.76,0.0
20230422:1110,197.43,240.12,49.95,15.74,2.48,0.0
20230422:1210,423.38,499.87,45.07,15.84,1.93,0.0
20230422:1310,55.06,79.37,37.83,15.68,1.52,0.0
20230422:1410,109.17,141.24,29.22,15.23,0.83,0.0
20230422:1510,176.61,226.96,19.93,14.78,0.34,0.0
20230422:1610,42.99,71.87,10.45,14.17,0.28,0.0
20230422:1710,0.0,0.0,0.0,13.5,0.62,0.0
20230422:1810,0.0,0.0,0.0,12.45,0.9,0.0
20230422:1910,0.0,0.0,0.0,11.78,1.17,0.0
20230422:2010,0.0,0.0,0.0,12.4,0.83,0.0
20230422:2110,0.0,0.0,0.0,12.06,0.83,0.0
20230422:2210,0.0,0.0,0.0,10.6,1.1,0.0
20230422:2310,0.0,0.0,0.0,9.56,1.45,0.0
20230423:0010,0.0,0.0,0.0,8.69,1.72,0.0
20230423:0110,0.0,0.0,0.0,8.54,1.66,0.0
20230423:0210,0.0,0.0,0.0,8.22,1.66,0.0
20230423:0310,0.0,0.0,0.0,8.17,1.52,0.0
20230423:0410,19.58,36.23,8.69,7.9,1.52,0.0
20230423:0510,174.48,232.09,18.15,9.15,1.1,0.0
20230423:0610,401.34,474.96,27.52,12.33,1.17,0.0
20230423:0710,592.35,702.44,36.35,12.38,0.9,0.0
20230423:0810,729.38,884.56,43.98,14.41,1.38,0.0
20230423:0910,808.59,987.94,49.48,15.63,2.14,0.0
20230423:1010,881.8,1081.27,51.78,16.6,2.97,0.0
20230423:1110,691.31,829.36,50.26,17.3,3.03,0.0
20230423:1210,735.93,885.32,45.35,17.29,2.97,0.0
20230423:1310,591.27,701.39,38.08,17.21,2.76,0.0
20230423:1410,438.14,521.28,29.45,17.11,2.55,0.0
20230423:1510,219.9,287.08,20.15,16.61,2.0,0.0
20230423:1610,34.55,70.87,10.67,16.0,1.93,0.0
20230423:1710,0.0,0.0,0.0,14.16,2.48,0.0
20230423:1810,0.0,0.0,0.0,12.15,2.83,0.0
20230423:1910,0.0,0.0,0.0,11.99,3.24,0.0
20230423:2010,0.0,0.0,0.0,11.25,3.38,0.0
20230423:2110,0.0,0.0,0.0,10.67,3.38,0.0
20230423:2210,0.0,0.0,0.0,9.95,3.31,0.0
20230423:2310,0.0,0.0,0.0,9.33,3.24,0.0
20230424:0010,0.0,0.0,0.0,8.86,3.17,0.0
20230424:0110,0.0,0.0,0.0,8.35,3.03,0.0
20230424:0210,0.0,0.0,0.0,7.88,2.97,0.0
20230424:0310,0.0,0.0,0.0,7.5,2.9,0.0
20230424:0410,20.69,38.22,8.98,7.55,2.83,0.0
20230424:0510,177.59,234.57,18.43,9.1,2.69,0.0
20230424:0610,409.37,475.0,27.81,11.31,3.17,0.0
20230424:0710,602.58,697.93,36.65,13.08,3.17,0.0
20230424:0810,742.37,876.88,44.29,15.08,3.52,0.0
20230424:0910,805.02,963.79,49.81,16.72,3.93,0.0
20230424:1010,497.32,584.66,52.11,17.71,4.28,0.0
20230424:1110,693.64,827.0,50.57,18.25,4.14,0.0
20230424:1210,430.27,507.49,45.63,18.52,4.07,0.0
20230424:1310,600.74,709.05,38.33,18.52,4.14,0.0
20230424:1410,441.31,522.25,29.68,18.03,4.14,0.0
20230424:1510,216.23,280.97,20.37,17.23,3.86,0.0
20230424:1610,34.01,71.87,10.9,15.94,3.31,0.0
20230424:1710,0.0,0.0,0.0,14.44,3.31,0.0
20230424:1810,0.0,0.0,0.0,12.97,3.45,0.0
20230424:1910,0.0,0.0,0.0,12.79,3.59,0.0
20230424:2010,0.0,0.0,0.0,12.04,3.66,0.0
20230424:2110,0.0,0.0,0.0,11.33,3.52,0.0
20230424:2210,0.0,0.0,0.0,10.53,3.38,0.0
20230424:2310,0.0,0.0,0.0,9.83,3.24,0.0
20230425:0010,0.0,0.0,0.0,9.22,3.17,0.0
20230425:0110,0.0,0.0,0.0,8.66,3.03,0.0
20230425:0210,0.0,0.0,0.0,8.21,2.76,0.0
20230425:0310,0.0,0.0,0.0,7.69,2.62,0.0
20230425:0410,3.45,12.48,9.26,7.69,2.62,0.0
20230425:0510,149.01,190.62,18.71,9.11,2.69,0.0
20230425:0610,306.02,355.57,28.09,10.77,2.97,0.0
20230425:0710,412.18,475.42,36.94,12.6,2.83,0.0
20230425:0810,269.5,318.53,44.6,14.18,2.55,0.0
20230425:0910,337.87,398.85,50.14,15.47,2.34,0.0
20230425:1010,431.38,510.28,52.44,16.61,2.41,0.0
20230425:1110,438.06,519.15,50.88,17.4,2.62,0.0
20230425:1210,167.1,207.39,45.9,17.39,2.76,0.0
20230425:1310,78.22,105.23,38.58,14.36,3.79,0.0
20230425:1410,199.45,239.32,29.91,13.96,4.0,0.0
20230425:1510,136.85,173.74,20.59,13.79,3.45,0.0
20230425:1610,45.12,70.03,11.12,13.44,2.0,0.0
20230425:1710,0.0,1.64,1.89,12.92,2.0,0.0
20230425:1810,0.0,0.0,0.0,11.3,2.41,0.0
20230425:1910,0.0,0.0,0.0,11.04,1.93,0.0
20230425:2010,0.0,0.0,0.0,10.63,1.59,0.0
20230425:2110,0.0,0.0,0.0,10.33,1.17,0.0
20230425:2210,0.0,0.0,0.0,9.47,0.97,0.0
20230425:2310,0.0,0.0,0.0,8.95,1.03,0.0
20230426:0010,0.0,0.0,0.0,9.37,1.52,0.0
20230426:0110,0.0,0.0,0.0,9.02,1.93,0.0
20230426:0210,0.0,0.0,0.0,9.05,2.83,0.0
20230426:0310,0.0,0.0,0.0,8.64,3.31,0.0
20230426:0410,1.48,8.92,9.53,8.11,3.72,0.0
20230426:0510,9.31,21.4,18.99,7.32,4.21,0.0
20230426:0610,33.59,51.72,28.37,6.17,5.45,0.0
20230426:0710,66.33,88.29,37.23,5.18,5.72,0.0
20230426:0810,123.24,148.93,44.91,4.53,6.0,0.0
20230426:0910,156.64,183.71,50.46,4.03,6.21,0.0
20230426:1010,89.14,112.36,52.76,3.86,6.07,0.0
20230426:1110,126.93,152.49,51.19,3.96,5.79,0.0
20230426:1210,159.63,187.27,46.18,4.43,5.66,0.0
20230426:1310,143.2,170.33,38.83,4.81,5.24,0.0
20230426:1410,67.08,89.18,30.13,5.23,4.69,0.0
20230426:1510,29.12,46.37,20.81,5.6,3.79,0.0
20230426:1610,33.63,51.95,11.34,5.92,3.38,0.0
20230426:1710,0.0,0.82,2.11,5.8,3.38,0.0
20230426:1810,0.0,0.0,0.0,5.74,3.03,0.0
20230426:1910,0.0,0.0,0.0,5.07,3.17,0.0
20230426:2010,0.0,0.0,0.0,4.83,2.83,0.0
20230426:2110,0.0,0.0,0.0,4.28,2.69,0.0
20230426:2210,0.0,0.0,0.0,3.92,2.83,0.0
20230426:2310,0.0,0.0,0.0,3.68,3.03,0.0
20230427:0010,0.0,0.0,0.0,3.44,3.24,0.0
20230427:0110,0.0,0.0,0.0,3.3,3.45,0.0
20230427:0210,0.0,0.0,0.0,2.98,3.52,0.0
20230427:0310,0.0,0.0,0.0,2.94,3.52,0.0
20230427:0410,2.02,9.81,9.8,3.1,3.66,0.0
20230427:0510,189.48,241.38,19.25,4.09,3.52,0.0
20230427:0610,432.82,486.29,28.65,5.51,4.07,0.0
20230427:0710,319.06,358.06,37.52,6.71,5.1,0.0
20230427:0810,527.91,587.71,45.21,7.28,4.9,0.0
20230427:0910,531.63,595.52,50.78,8.0,4.69,0.0
20230427:1010,625.31,706.61,53.08,9.05,4.69,0.0
20230427:1110,612.17,692.6,51.49,9.81,4.9,0.0
20230427:1210,535.66,604.51,46.45,10.31,5.1,0.0
20230427:1310,499.3,562.33,39.07,10.25,5.1,0.0
20230427:1410,135.81,165.87,30.36,9.62,4.9,0.0
20230427:1510,91.37,117.84,21.02,9.28,4.28,0.0
20230427:1610,41.47,62.36,11.56,9.03,3.03,0.0
20230427:1710,0.0,1.64,2.34,8.14,2.07,0.0
20230427:1810,0.0,0.0,0.0,6.7,2.21,0.0
20230427:1910,0.0,0.0,0.0,5.84,2.28,0.0
20230427:2010,0.0,0.0,0.0,5.46,2.28,0.0
20230427:2110,0.0,0.0,0.0,5.38,2.21,0.0
20230427:2210,0.0,0.0,0.0,5.23,2.14,0.0
20230427:2310,0.0,0.0,0.0,5.39,2.21,0.0
20230428:0010,0.0,0.0,0.0,5.16,2.28,0.0
20230428:0110,0.0,0.0,0.0,5.08,2.21,0.0
20230428:0210,0.0,0.0,0.0,4.79,2.14,0.0
20230428:0310,0.0,0.0,0.0,4.06,2.14,0.0
20230428:0410,34.21,54.83,10.07,4.25,1.86,0.0
20230428:0510,189.34,243.15,19.52,5.2,2.0,0.0
20230428:0610,410.94,469.3,28.92,6.59,2.07,0.0
20230428:0710,622.64,708.57,37.8,8.22,2.69,0.0
20230428:0810,222.9,260.25,45.51,9.13,3.24,0.0
20230428:0910,339.61,389.03,51.09,9.95,3.38,0.0
20230428:1010,292.22,337.69,53.4,10.25,3.24,0.0
20230428:1110,525.67,603.73,51.78,10.64,2.83,0.0
20230428:1210,208.89,247.2,46.71,10.8,2.83,0.0
20230428:1310,326.04,375.37,39.31,10.74,2.83,0.0
20230428:1410,380.23,438.55,30.58,10.84,2.76,0.0
20230428:1510,210.36,262.99,21.24,10.64,2.48,0.0
20230428:1610,50.91,81.2,11.77,10.18,1.86,0.0
20230428:1710,0.0,4.92,2.57,9.25,1.52,0.0
20230428:1810,0.0,0.0,0.0,7.36,1.31,0.0
20230428:1910,0.0,0.0,0.0,5.87,1.66,0.0
20230428:2010,0.0,0.0,0.0,4.71,1.66,0.0
20230428:2110,0.0,0.0,0.0,3.34,2.0,0.0
20230428:2210,0.0,0.0,0.0,2.73,2.28,0.0
20230428:2310,0.0,0.0,0.0,2.21,2.21,0.0
20230429:0010,0.0,0.0,0.0,1.7,2.07,0.0
20230429:0110,0.0,0.0,0.0,1.29,2.21,0.0
20230429:0210,0.0,0.0,0.0,0.89,2.14,0.0
20230429:0310,0.0,0.0,0.0,0.63,2.14,0.0
20230429:0410,23.48,44.17,10.34,1.11,1.72,0.0
20230429:0510,197.64,255.83,19.78,4.79,1.24,0.0
20230429:0610,425.15,492.12,29.18,8.22,1.45,0.0
20230429:0710,586.14,674.4,38.07,9.72,2.14,0.0
20230429:0810,739.09,864.75,45.8,10.89,2.55,0.0
20230429:0910,816.21,967.33,51.4,11.74,2.83,0.0
20230429:1010,749.99,883.19,53.71,12.44,3.1,0.0
20230429:1110,839.52,1001.11,52.08,13.05,3.1,0.0
20230429:1210,757.64,895.09,46.98,13.31,2.97,0.0
20230429:1310,658.67,772.54,39.54,13.66,2.69,0.0
20230429:1410,452.0,529.89,30.8,13.62,2.41,0.0
20230429:1510,218.32,278.48,21.45,13.36,2.34,0.0
20230429:1610,48.72,82.2,11.99,12.67,2.0,0.0
20230429:1710,0.0,4.1,2.79,11.1,2.41,0.0
20230429:1810,0.0,0.0,0.0,9.23,2.76,0.0
20230429:1910,0.0,0.0,0.0,8.86,2.48,0.0
20230429:2010,0.0,0.0,0.0,7.85,2.55,0.0
20230429:2110,0.0,0.0,0.0,6.91,2.48,0.0
20230429:2210,0.0,0.0,0.0,6.0,2.34,0.0
20230429:2310,0.0,0.0,0.0,5.19,2.41,0.0
20230430:0010,0.0,0.0,0.0,4.52,2.41,0.0
20230430:0110,0.0,0.0,0.0,3.96,2.34,0.0
20230430:0210,0.0,0.0,0.0,3.45,2.28,0.0
20230430:0310,0.0,0.0,0.0,2.93,2.21,0.0
20230430:0410,24.65,46.36,10.59,3.32,2.0,0.0
20230430:0510,196.74,255.83,20.04,6.54,1.79,0.0
20230430:0610,426.76,495.55,29.44,9.5,1.79,0.0
20230430:0710,611.48,723.55,38.34,11.89,1.03,0.0
20230430:0810,738.61,898.75,46.09,13.66,1.1,0.0
20230430:0910,830.29,1038.3,51.71,14.65,1.03,0.0
20230430:1010,878.08,1101.03,54.02,15.42,1.52,0.0
20230430:1110,838.76,1032.98,52.37,16.08,2.14,0.0
20230430:1210,782.48,944.74,47.24,16.73,2.9,0.0
20230430:1310,601.23,707.76,39.78,16.97,3.59,0.0
20230430:1410,117.83,150.97,31.02,16.53,3.72,0.0
20230430:1510,89.4,118.6,21.66,15.39,4.48,0.0
20230430:1610,36.04,56.39,12.2,13.7,4.97,0.0
20230430:1710,0.0,2.46,3.01,11.97,4.83,0.0
20230430:1810,0.0,0.0,0.0,10.61,4.55,0.0
20230430:1910,0.0,0.0,0.0,10.05,4.14,0.0
20230430:2010,0.0,0.0,0.0,9.31,3.79,0.0
20230430:2110,0.0,0.0,0.0,8.38,3.38,0.0
20230430:2210,0.0,0.0,0.0,7.42,3.1,0.0
20230430:2310,0.0,0.0,0.0,6.43,2.83,0.0
20230501:0010,0.0,0.0,0.0,5.59,2.83,0.0
20230501:0110,0.0,0.0,0.0,4.89,2.83,0.0
20230501:0210,0.0,0.0,0.0,4.26,2.69,0.0
20230501:0310,0.0,0.82,1.75,3.59,2.55,0.0
20230501:0410,24.98,47.59,10.85,3.74,2.48,0.0
20230501:0510,204.41,262.84,20.29,5.22,2.69,0.0
20230501:0610,443.14,504.12,29.7,6.71,2.83,0.0
20230501:0710,643.31,738.52,38.61,8.46,2.21,0.0
20230501:0810,782.78,916.76,46.37,9.84,2.48,0.0
20230501:0910,881.03,1051.05,52.01,10.88,2.69,0.0
20230501:1010,917.24,1110.85,54.33,11.7,2.48,0.0
20230501:1110,864.84,1045.72,52.66,12.38,2.28,0.0
20230501:1210,799.0,962.47,47.49,12.86,1.93,0.0
20230501:1310,663.96,788.15,40.01,13.12,1.66,0.0
20230501:1410,461.86,546.0,31.23,13.21,1.38,0.0
20230501:1510,234.97,303.53,21.87,13.03,0.97,0.0
20230501:1610,40.42,79.58,12.41,12.67,0.83,0.0
20230501:1710,1.89,9.84,3.23,11.74,1.31,0.0
20230501:1810,0.0,0.0,0.0,9.82,2.14,0.0
20230501:1910,0.0,0.0,0.0,8.67,2.34,0.0
20230501:2010,0.0,0.0,0.0,7.56,2.62,0.0
20230501:2110,0.0,0.0,0.0,6.9,2.76,0.0
20230501:2210,0.0,0.0,0.0,6.56,2.97,0.0
20230501:2310,0.0,0.0,0.0,6.38,3.1,0.0
20230502:0010,0.0,0.0,0.0,6.27,3.31,0.0
20230502:0110,0.0,0.0,0.0,6.24,3.38,0.0
20230502:0210,0.0,0.0,0.0,6.19,3.38,0.0
20230502:0310,0.0,0.82,2.01,6.13,3.38,0.0
20230502:0410,36.82,60.06,11.1,6.75,3.38,0.0
20230502:0510,189.13,242.69,20.53,8.68,3.17,0.0
20230502:0610,410.05,473.32,29.95,11.13,3.79,0.0
20230502:0710,0.0,0.0,0.0,13.71,4.21,0.0
20230502:0810,693.73,815.71,46.65,15.99,4.14,0.0
20230502:0910,742.5,889.11,52.3,17.92,4.0,0.0
20230502:1010,827.77,1009.77,54.63,19.4,3.93,0.0
20230502:1110,752.09,913.84,52.94,20.33,3.93,0.0
20230502:1210,441.14,526.19,47.75,20.64,4.0,0.0
20230502:1310,481.38,573.35,40.24,20.61,3.93,0.0
20230502:1410,341.13,410.63,31.45,20.52,3.72,0.0
20230502:1510,177.78,229.66,22.08,19.99,3.38,0.0
20230502:1610,37.97,60.13,12.62,18.83,2.97,0.0
20230502:1710,0.0,4.1,3.45,17.02,2.69,0.0
20230502:1810,0.0,0.0,0.0,15.03,2.55,0.0
20230502:1910,0.0,0.0,0.0,14.23,1.45,0.0
20230502:2010,0.0,0.0,0.0,14.6,0.62,0.0
20230502:2110,0.0,0.0,0.0,13.64,0.62,0.0
20230502:2210,0.0,0.0,0.0,12.67,0.55,0.0
20230502:2310,0.0,0.0,0.0,11.93,0.48,0.0
20230503:0010,0.0,0.0,0.0,11.14,0.62,0.0
20230503:0110,0.0,0.0,0.0,8.96,1.38,0.0
20230503:0210,0.0,0.0,0.0,8.37,2.34,0.0
20230503:0310,0.0,0.82,2.26,8.98,3.03,0.0
20230503:0410,2.39,10.7,11.34,9.69,3.17,0.0
20230503:0510,31.28,49.94,20.77,10.83,3.1,0.0
20230503:0610,166.65,202.2,30.19,12.17,2.9,0.0
20230503:0710,309.15,362.67,39.13,13.89,2.34,0.0
20230503:0810,389.89,456.18,46.92,14.86,2.69,0.0
20230503:0910,262.78,312.89,52.59,15.54,2.97,0.0
20230503:1010,224.65,270.4,54.92,15.72,2.9,0.0
20230503:1110,381.74,447.98,53.22,15.41,2.97,0.0
20230503:1210,367.93,430.52,48.0,14.99,3.03,0.0
20230503:1310,324.21,379.78,40.46,14.63,2.97,0.0
20230503:1410,214.46,257.08,31.66,14.19,2.83,0.0
20230503:1510,149.3,188.11,22.29,13.76,2.69,0.0
20230503:1610,54.89,81.05,12.83,13.05,2.69,0.0
20230503:1710,0.0,3.28,3.67,12.22,2.97,0.0
20230503:1810,0.0,0.0,0.0,11.25,3.03,0.0
20230503:1910,0.0,0.0,0.0,10.09,2.69,0.0
20230503:2010,0.0,0.0,0.0,9.46,2.97,0.0
20230503:2110,0.0,0.0,0.0,8.98,2.9,0.0
20230503:2210,0.0,0.0,0.0,8.65,2.62,0.0
20230503:2310,0.0,0.0,0.0,8.34,2.41,0.0
20230504:0010,0.0,0.0,0.0,8.18,2.41,0.0
20230504:0110,0.0,0.0,0.0,8.17,2.41,0.0
20230504:0210,0.0,0.0,0.0,8.11,2.41,0.0
20230504:0310,0.0,0.82,2.51,8.12,2.41,0.0
20230504:0410,2.91,11.59,11.58,8.55,2.48,0.0
20230504:0510,40.64,60.64,21.01,9.02,2.48,0.0
20230504:0610,46.72,67.78,30.43,9.5,2.97,0.0
20230504:0710,130.42,160.52,39.38,9.95,3.79,0.0
20230504:0810,155.55,188.17,47.19,10.32,3.66,0.0
20230504:0910,140.32,172.11,52.88,11.06,3.72,0.0
20230504:1010,148.51,181.92,55.22,12.03,3.38,0.0
20230504:1110,201.77,241.25,53.49,12.53,2.97,0.0
20230504:1210,113.64,144.47,48.25,13.27,2.76,0.0
20230504:1310,81.6,108.8,40.69,13.49,2.69,0.0
20230504:1410,39.76,60.64,31.87,13.43,2.83,0.0
20230504:1510,91.74,120.27,22.49,13.07,2.48,0.0
20230504:1610,53.47,78.31,13.03,12.81,2.0,0.0
20230504:1710,0.0,2.46,3.88,12.08,1.52,0.0
20230504:1810,0.0,0.0,0.0,10.96,1.59,0.0
20230504:1910,0.0,0.0,0.0,9.3,1.66,0.0
20230504:2010,0.0,0.0,0.0,8.17,1.45,0.0
20230504:2110,0.0,0.0,0.0,7.48,1.17,0.0
20230504:2210,0.0,0.0,0.0,7.56,0.97,0.0
20230504:2310,0.0,0.0,0.0,7.74,0.69,0.0
20230505:0010,0.0,0.0,0.0,7.25,0.62,0.0
20230505:0110,0.0,0.0,0.0,6.37,0.97,0.0
20230505:0210,0.0,0.0,0.0,4.79,1.31,0.0
20230505:0310,0.0,1.64,2.75,3.84,1.38,0.0
20230505:0410,50.11,71.6,11.81,4.87,0.9,0.0
20230505:0510,189.91,243.14,21.24,7.65,0.76,0.0
20230505:0610,418.18,489.7,30.66,10.11,1.1,0.0
20230505:0710,602.84,713.11,39.62,11.79,0.97,0.0
20230505:0810,731.34,887.86,47.45,13.18,1.03,0.0
20230505:0910,790.52,973.85,53.16,14.27,1.24,0.0
20230505:1010,795.46,984.83,55.5,15.02,1.31,0.0
20230505:1110,708.6,865.93,53.77,15.4,1.31,0.0
20230505:1210,532.4,636.27,48.49,15.49,1.24,0.0
20230505:1310,65.02,90.96,40.91,15.63,1.24,0.0
20230505:1410,112.34,144.68,32.07,15.48,1.66,0.0
20230505:1510,90.03,119.35,22.69,14.98,2.21,0.0
20230505:1610,57.71,84.77,13.24,13.75,3.03,0.0
20230505:1710,0.7,7.38,4.09,12.07,3.66,0.0
20230505:1810,0.0,0.0,0.0,10.29,3.38,0.0
20230505:1910,0.0,0.0,0.0,9.17,3.24,0.0
20230505:2010,0.0,0.0,0.0,8.25,2.97,0.0
20230505:2110,0.0,0.0,0.0,7.48,2.69,0.0
20230505:2210,0.0,0.0,0.0,6.9,2.69,0.0
20230505:2310,0.0,0.0,0.0,6.48,2.83,0.0
20230506:0010,0.0,0.0,0.0,6.42,2.97,0.0
20230506:0110,0.0,0.0,0.0,6.24,3.1,0.0
20230506:0210,0.0,0.0,0.0,6.02,3.24,0.0
20230506:0310,0.0,1.64,2.98,5.63,3.38,0.0
20230506:0410,4.03,13.38,12.04,5.66,3.31,0.0
20230506:0510,95.91,121.58,21.47,6.39,3.93,0.0
20230506:0610,309.05,352.09,30.89,7.59,4.07,0.0
20230506:0710,266.36,305.93,39.86,9.06,4.41,0.0
20230506:0810,624.73,708.85,47.71,10.26,4.55,0.0
20230506:0910,736.89,846.39,53.44,11.12,4.69,0.0
20230506:1010,883.35,1032.61,55.79,12.22,4.83,0.0
20230506:1110,567.83,651.28,54.03,13.01,4.97,0.0
20230506:1210,532.42,610.12,48.73,13.33,4.97,0.0
20230506:1310,194.93,233.49,41.13,13.51,4.83,0.0
20230506:1410,139.65,172.76,32.28,13.33,4.76,0.0
20230506:1510,78.75,105.17,22.89,12.77,4.41,0.0
20230506:1610,18.27,33.89,13.44,11.77,4.28,0.0
20230506:1710,0.04,5.74,4.3,10.72,4.76,0.0
20230506:1810,0.0,0.0,0.0,9.93,5.24,0.0
20230506:1910,0.0,0.0,0.0,9.58,5.86,0.0
20230506:2010,0.0,0.0,0.0,8.82,5.86,0.0
20230506:2110,0.0,0.0,0.0,7.7,5.86,0.0
20230506:2210,0.0,0.0,0.0,6.26,5.93,0.0
20230506:2310,0.0,0.0,0.0,5.92,6.14,0.0
20230507:0010,0.0,0.0,0.0,5.81,6.41,0.0
20230507:0110,0.0,0.0,0.0,5.54,6.62,0.0
20230507:0210,0.0,0.0,0.0,5.23,6.69,0.0
20230507:0310,0.0,2.46,3.22,5.18,6.69,0.0
20230507:0410,3.51,12.48,12.26,5.27,5.79,0.0
20230507:0510,18.19,33.0,21.69,5.49,5.72,0.0
20230507:0610,54.81,75.8,31.12,5.92,6.07,0.0
20230507:0710,102.45,127.52,40.1,5.76,5.93,0.0
20230507:0810,127.54,154.28,47.96,5.82,6.07,0.0
20230507:0910,150.36,178.36,53.71,5.68,6.14,0.0
20230507:1010,99.9,124.85,56.07,5.88,6.0,0.0
20230507:1110,122.66,148.93,54.3,5.55,6.07,0.0
20230507:1210,96.76,121.28,48.97,5.5,6.21,0.0
20230507:1310,59.8,81.15,41.34,5.37,6.14,0.0
20230507:1410,29.22,46.37,32.48,5.13,5.93,0.0
20230507:1510,51.83,72.23,23.09,5.04,5.79,0.0
20230507:1610,35.36,53.51,13.64,4.81,5.31,0.0
20230507:1710,1.16,8.2,4.51,4.75,4.69,0.0
20230507:1810,0.0,0.0,0.0,4.7,4.41,0.0
20230507:1910,0.0,0.0,0.0,4.34,3.86,0.0
20230507:2010,0.0,0.0,0.0,4.09,3.59,0.0
20230507:2110,0.0,0.0,0.0,3.73,3.38,0.0
20230507:2210,0.0,0.0,0.0,3.34,3.24,0.0
20230507:2310,0.0,0.0,0.0,2.93,3.17,0.0
20230508:0010,0.0,0.0,0.0,2.76,3.1,0.0
20230508:0110,0.0,0.0,0.0,2.65,3.1,0.0
20230508:0210,0.0,0.0,0.0,2.51,3.1,0.0
20230508:0310,0.0,1.64,3.44,2.34,3.03,0.0
20230508:0410,4.11,13.38,12.48,2.98,2.97,0.0
20230508:0510,71.29,93.64,21.9,4.52,3.1,0.0
20230508:0610,290.12,329.76,31.34,6.24,3.66,0.0
20230508:0710,546.99,610.79,40.32,7.21,4.21,0.0
20230508:0810,537.3,602.26,48.21,8.77,5.1,0.0
20230508:0910,289.34,331.3,53.97,9.32,5.03,0.0
20230508:1010,178.26,212.24,56.34,10.13,4.83,0.0
20230508:1110,124.43,154.28,54.56,10.66,4.69,0.0
20230508:1210,149.43,181.92,49.21,11.2,4.55,0.0
20230508:1310,157.84,191.17,41.55,11.44,4.83,0.0
20230508:1410,192.24,228.85,32.68,11.61,4.55,0.0
20230508:1510,187.48,230.53,23.28,11.16,4.34,0.0
20230508:1610,64.29,94.35,13.83,10.66,3.66,0.0
20230508:1710,6.88,18.03,4.72,9.59,3.1,0.0
20230508:1810,0.0,0.0,0.0,7.78,2.83,0.0
20230508:1910,0.0,0.0,0.0,7.77,1.79,0.0
20230508:2010,0.0,0.0,0.0,6.28,1.93,0.0
20230508:2110,0.0,0.0,0.0,5.06,2.14,0.0
20230508:2210,0.0,0.0,0.0,4.36,2.28,0.0
20230508:2310,0.0,0.0,0.0,3.81,2.41,0.0
20230509:0010,0.0,0.0,0.0,3.22,2.48,0.0
20230509:0110,0.0,0.0,0.0,2.66,2.48,0.0
20230509:0210,0.0,0.0,0.0,2.16,2.48,0.0
20230509:0310,0.0,4.1,3.66,1.81,2.55,0.0
20230509:0410,35.28,62.2,12.7,2.74,2.34,0.0
20230509:0510,212.5,271.06,22.11,5.34,2.34,0.0
20230509:0610,446.29,510.59,31.55,7.76,2.69,0.0
20230509:0710,633.03,726.06,40.55,9.78,2.83,0.0
20230509:0810,746.54,865.84,48.45,11.42,3.66,0.0
20230509:0910,867.94,1017.28,54.24,12.54,4.55,0.0
20230509:1010,884.08,1047.64,56.61,13.0,4.07,0.0
20230509:1110,815.27,964.09,54.81,13.21,3.66,0.0
20230509:1210,667.17,779.52,49.44,13.47,3.38,0.0
20230509:1310,438.81,507.54,41.76,13.34,3.17,0.0
20230509:1410,397.01,462.16,32.88,13.09,3.1,0.0
20230509:1510,226.43,285.76,23.47,12.67,2.83,0.0
20230509:1610,54.8,92.66,14.03,11.79,2.28,0.0
20230509:1710,9.05,21.31,4.92,10.89,2.28,0.0
20230509:1810,0.0,0.0,0.0,9.25,2.55,0.0
20230509:1910,0.0,0.0,0.0,8.87,2.62,0.0
20230509:2010,0.0,0.0,0.0,7.87,2.62,0.0
20230509:2110,0.0,0.0,0.0,6.92,2.55,0.0
20230509:2210,0.0,0.0,0.0,5.89,2.41,0.0
20230509:2310,0.0,0.0,0.0,4.84,2.21,0.0
20230510:0010,0.0,0.0,0.0,3.72,2.0,0.0
20230510:0110,0.0,0.0,0.0,2.84,1.79,0.0
20230510:0210,0.0,0.0,0.0,2.36,1.66,0.0
20230510:0310,0.09,5.74,3.88,1.79,1.66,0.0
20230510:0410,34.2,61.85,12.9,2.76,1.24,0.0
20230510:0510,210.36,270.7,22.32,6.67,1.38,0.0
20230510:0610,437.98,507.15,31.76,9.38,2.07,0.0
20230510:0710,620.66,720.58,40.76,11.22,2.28,0.0
20230510:0810,742.12,869.33,48.68,12.43,3.17,0.0
20230510:0910,552.19,639.05,54.49,13.11,3.66,0.0
20230510:1010,601.62,698.98,56.87,13.02,3.52,0.0
20230510:1110,468.73,542.03,55.06,12.87,3.31,0.0
20230510:1210,406.91,471.54,49.66,12.99,2.97,0.0
20230510:1310,402.27,465.86,41.97,12.96,2.83,0.0
20230510:1410,307.64,360.33,33.07,12.94,2.69,0.0
20230510:1510,230.86,292.89,23.66,12.75,2.55,0.0
20230510:1610,50.49,90.57,14.22,12.07,2.07,0.0
20230510:1710,10.19,22.95,5.12,11.02,2.21,0.0
20230510:1810,0.0,0.0,0.0,9.45,2.62,0.0
20230510:1910,0.0,0.0,0.0,8.77,2.62,0.0
20230510:2010,0.0,0.0,0.0,7.69,2.69,0.0
20230510:2110,0.0,0.0,0.0,6.93,2.76,0.0
20230510:2210,0.0,0.0,0.0,6.24,2.83,0.0
20230510:2310,0.0,0.0,0.0,5.93,2.69,0.0
20230511:0010,0.0,0.0,0.0,5.53,2.62,0.0
20230511:0110,0.0,0.0,0.0,4.89,2.62,0.0
20230511:0210,0.0,0.0,0.0,4.48,2.55,0.0
20230511:0310,0.41,6.56,4.09,4.16,2.55,0.0
20230511:0410,34.66,62.99,13.11,4.99,2.41,0.0
20230511:0510,210.25,270.19,22.52,7.37,2.34,0.0
20230511:0610,437.32,504.73,31.96,9.86,2.83,0.0
20230511:0710,620.68,716.4,40.98,11.67,3.03,0.0
20230511:0810,646.04,751.39,48.91,13.48,3.66,0.0
20230511:0910,802.62,945.87,54.74,14.62,4.48,0.0
20230511:1010,792.41,938.22,57.13,15.19,4.34,0.0
20230511:1110,790.99,935.79,55.31,15.11,4.28,0.0
20230511:1210,617.89,719.06,49.89,14.86,4.28,0.0
20230511:1310,628.4,730.0,42.17,14.66,4.07,0.0
20230511:1410,417.21,486.97,33.26,14.68,4.0,0.0
20230511:1510,230.29,293.53,23.85,14.47,3.72,0.0
20230511:1610,46.27,88.13,14.41,13.64,3.24,0.0
20230511:1710,10.69,23.77,5.32,12.39,3.17,0.0
20230511:1810,0.0,0.0,0.0,10.99,3.17,0.0
20230511:1910,0.0,0.0,0.0,10.42,3.1,0.0
20230511:2010,0.0,0.0,0.0,9.75,3.03,0.0
20230511:2110,0.0,0.0,0.0,9.19,3.03,0.0
20230511:2210,0.0,0.0,0.0,8.4,2.97,0.0
20230511:2310,0.0,0.0,0.0,8.08,2.83,0.0
20230512:0010,0.0,0.0,0.0,7.35,2.83,0.0
20230512:0110,0.0,0.0,0.0,6.96,2.76,0.0
20230512:0210,0.0,0.0,0.0,6.43,2.69,0.0
20230512:0310,0.4,6.56,4.29,6.06,2.69,0.0
20230512:0410,39.27,67.77,13.3,6.73,2.48,0.0
20230512:0510,207.08,266.97,22.71,9.0,2.21,0.0
20230512:0610,424.86,495.72,32.15,11.63,2.41,0.0
20230512:0710,607.0,709.94,41.18,13.97,2.76,0.0
20230512:0810,757.45,895.4,49.14,15.35,3.79,0.0
20230512:0910,849.36,1016.76,54.98,16.11,4.14,0.0
20230512:1010,886.49,1072.49,57.38,16.73,4.0,0.0
20230512:1110,831.09,995.49,55.55,17.23,4.48,0.0
20230512:1210,711.59,842.55,50.11,17.02,4.21,0.0
20230512:1310,361.17,424.53,42.38,16.84,3.93,0.0
20230512:1410,380.48,449.67,33.45,16.74,3.59,0.0
20230512:1510,225.34,289.88,24.04,16.4,3.1,0.0
20230512:1610,66.69,100.98,14.6,15.78,2.07,0.0
20230512:1710,11.12,24.59,5.51,14.75,1.86,0.0
20230512:1810,0.0,0.0,0.0,13.15,2.28,0.0
20230512:1910,0.0,0.0,0.0,12.02,2.55,0.0
20230512:2010,0.0,0.0,0.0,11.1,2.48,0.0
20230512:2110,0.0,0.0,0.0,10.28,2.41,0.0
20230512:2210,0.0,0.0,0.0,9.26,2.34,0.0
20230512:2310,0.0,0.0,0.0,8.29,2.14,0.0
20230513:0010,0.0,0.0,0.0,7.52,1.86,0.0
20230513:0110,0.0,0.0,0.0,7.03,1.59,0.0
20230513:0210,0.0,0.0,0.0,7.17,1.31,0.0
20230513:0310,0.0,4.92,4.49,5.34,1.72,0.0
20230513:0410,40.97,69.6,13.49,6.4,1.38,0.0
20230513:0510,203.83,266.34,22.9,10.75,1.45,0.0
20230513:0610,416.87,493.42,32.34,13.88,1.93,0.0
20230513:0710,593.45,702.58,41.38,15.59,2.28,0.0
20230513:0810,730.16,880.01,49.35,17.29,2.76,0.0
20230513:0910,659.83,793.69,55.22,18.42,3.1,0.0
20230513:1010,394.37,469.1,57.63,18.68,3.45,0.0
20230513:1110,401.82,478.02,55.79,18.77,3.38,0.0
20230513:1210,506.84,602.74,50.32,18.93,3.38,0.0
20230513:1310,603.91,723.29,42.57,19.04,2.9,0.0
20230513:1410,344.87,414.81,33.64,19.1,2.62,0.0
20230513:1510,185.02,236.68,24.22,18.71,2.21,0.0
20230513:1610,57.24,96.47,14.79,16.1,1.31,0.0
20230513:1710,0.33,6.56,5.71,15.2,1.59,0.0
20230513:1810,0.0,0.0,0.0,13.77,2.14,0.0
20230513:1910,0.0,0.0,0.0,13.45,1.66,0.0
20230513:2010,0.0,0.0,0.0,11.51,1.79,0.0
20230513:2110,0.0,0.0,0.0,10.17,1.93,0.0
20230513:2210,0.0,0.0,0.0,9.22,1.93,0.0
20230513:2310,0.0,0.0,0.0,8.31,1.93,0.0
20230514:0010,0.0,0.0,0.0,7.89,1.79,0.0
20230514:0110,0.0,0.0,0.0,7.47,1.72,0.0
20230514:0210,0.0,0.0,0.0,7.53,1.52,0.0
20230514:0310,0.0,3.28,4.69,7.8,1.31,0.0
20230514:0410,60.04,86.8,13.68,8.83,0.9,0.0
20230514:0510,196.37,254.79,23.08,11.69,0.41,0.0
20230514:0610,395.52,476.14,32.53,15.15,0.69,0.0
20230514:0710,570.39,688.01,41.58,16.79,1.17,0.0
20230514:0810,712.91,876.91,49.57,18.33,1.66,0.0
20230514:0910,803.98,996.24,55.45,19.56,2.55,0.0
20230514:1010,820.98,1013.15,57.88,19.89,3.17,0.0
20230514:1110,580.19,698.39,56.03,20.3,3.38,0.0
20230514:1210,670.17,812.81,50.54,20.57,3.24,0.0
20230514:1310,555.97,665.65,42.77,20.44,3.45,0.0
20230514:1410,312.92,377.76,33.82,20.33,3.52,0.0
20230514:1510,222.63,291.54,24.4,19.86,3.45,0.0
20230514:1610,45.97,89.75,14.97,18.92,2.83,0.0
20230514:1710,12.69,27.05,5.9,17.5,2.76,0.0
20230514:1810,0.0,0.0,0.0,15.72,2.97,0.0
20230514:1910,0.0,0.0,0.0,15.07,2.83,0.0
20230514:2010,0.0,0.0,0.0,13.96,2.83,0.0
20230514:2110,0.0,0.0,0.0,13.1,2.83,0.0
20230514:2210,0.0,0.0,0.0,12.54,2.83,0.0
20230514:2310,0.0,0.0,0.0,12.17,2.9,0.0
20230515:0010,0.0,0.0,0.0,11.91,3.03,0.0
20230515:0110,0.0,0.0,0.0,11.98,3.31,0.0
20230515:0210,0.0,0.0,0.0,12.11,3.45,0.0
20230515:0310,0.0,3.28,4.88,12.15,3.66,0.0
20230515:0410,8.42,20.51,13.86,12.62,4.07,0.0
20230515:0510,98.83,128.43,23.26,13.68,4.34,0.0
20230515:0610,329.18,387.56,32.71,15.33,4.28,0.0
20230515:0710,336.82,395.51,41.77,17.52,5.79,0.0
20230515:0810,433.84,506.61,49.77,18.47,6.76,0.0
20230515:0910,583.04,681.87,55.68,18.97,6.97,0.0
20230515:1010,757.78,893.14,58.12,18.85,6.9,0.0
20230515:1110,386.77,455.72,56.26,19.54,6.97,0.0
20230515:1210,292.49,349.22,50.75,19.74,6.55,0.0
20230515:1310,164.77,205.69,42.96,19.71,5.72,0.0
20230515:1410,103.81,136.44,34.0,18.91,4.48,0.0
20230515:1510,41.19,63.32,24.58,17.57,4.62,0.0
20230515:1610,16.41,32.1,15.15,17.22,3.86,0.0
20230515:1710,9.89,22.95,6.09,16.41,3.86,0.0
20230515:1810,0.0,0.0,0.0,15.74,4.14,0.0
20230515:1910,0.0,0.0,0.0,16.72,3.59,0.0
20230515:2010,0.0,0.0,0.0,15.65,2.97,0.0
20230515:2110,0.0,0.0,0.0,14.73,2.55,0.0
20230515:2210,0.0,0.0,0.0,14.1,2.41,0.0
20230515:2310,0.0,0.0,0.0,13.51,2.69,0.0
20230516:0010,0.0,0.0,0.0,13.26,2.69,0.0
20230516:0110,0.0,0.0,0.0,13.2,2.55,0.0
20230516:0210,0.0,0.0,0.0,13.13,2.41,0.0
20230516:0310,0.7,7.38,5.06,12.69,2.34,0.0
20230516:0410,39.1,69.68,14.04,12.9,2.14,0.0
20230516:0510,195.69,258.06,23.43,14.21,2.21,0.0
20230516:0610,269.38,321.42,32.88,15.53,2.76,0.0
20230516:0710,377.4,446.51,41.95,16.72,2.34,0.0
20230516:0810,443.71,526.87,49.97,17.86,2.62,0.0
20230516:0910,506.27,604.86,55.9,18.7,2.76,0.0
20230516:1010,503.26,603.1,58.35,19.32,2.83,0.0
20230516:1110,385.1,462.04,56.48,19.9,2.9,0.0
20230516:1210,386.69,464.36,50.95,20.19,2.76,0.0
20230516:1310,261.51,319.08,43.15,20.5,2.28,0.0
20230516:1410,299.35,365.65,34.18,20.44,1.59,0.0
20230516:1510,147.3,191.07,24.75,20.21,0.97,0.0
20230516:1610,65.45,95.73,15.33,19.77,0.07,0.0
20230516:1710,14.36,29.51,6.27,18.65,1.03,0.0
20230516:1810,0.0,0.0,0.0,17.31,2.0,0.0
20230516:1910,0.0,0.0,0.0,16.22,2.41,0.0
20230516:2010,0.0,0.0,0.0,15.55,2.34,0.0
20230516:2110,0.0,0.0,0.0,15.17,2.48,0.0
20230516:2210,0.0,0.0,0.0,14.91,2.55,0.0
20230516:2310,0.0,0.0,0.0,14.87,2.55,0.0
20230517:0010,0.0,0.0,0.0,14.72,2.55,0.0
20230517:0110,0.0,0.0,0.0,14.55,2.76,0.0
20230517:0210,0.0,0.0,0.0,14.2,2.83,0.0
20230517:0310,0.0,4.92,5.24,13.93,2.76,0.0
20230517:0410,4.33,14.27,14.21,14.48,2.62,0.0
20230517:0510,15.89,31.21,23.6,15.46,2.62,0.0
20230517:0610,123.22,157.06,33.05,16.45,3.38,0.0
20230517:0710,352.95,414.93,42.12,16.32,3.45,0.0
20230517:0810,116.36,149.82,50.16,17.29,3.66,0.0
20230517:0910,245.13,295.77,56.11,17.97,3.59,0.0
20230517:1010,260.94,314.62,58.58,18.54,3.59,0.0
20230517:1110,417.7,499.35,56.7,20.02,3.45,0.0
20230517:1210,379.6,454.74,51.15,20.35,3.38,0.0
20230517:1310,262.65,319.77,43.33,20.52,2.76,0.0
20230517:1410,149.58,189.92,34.35,20.22,2.83,0.0
20230517:1510,137.71,177.99,24.92,20.23,3.52,0.0
20230517:1610,60.0,87.63,15.5,19.82,3.52,0.0
20230517:1710,8.64,21.31,6.45,18.92,3.24,0.0
20230517:1810,0.0,0.0,0.0,17.57,2.76,0.0
20230517:1910,0.0,0.0,0.0,16.92,2.69,0.0
20230517:2010,0.0,0.0,0.0,16.05,2.55,0.0
20230517:2110,0.0,0.0,0.0,15.35,2.48,0.0
20230517:2210,0.0,0.0,0.0,14.77,2.55,0.0
20230517:2310,0.0,0.0,0.0,14.79,2.41,0.0
20230518:0010,0.0,0.0,0.0,14.57,2.41,0.0
20230518:0110,0.0,0.0,0.0,14.3,2.28,0.0
20230518:0210,0.0,0.0,0.0,13.93,2.0,0.0
20230518:0310,0.0,3.28,5.41,13.42,1.38,0.0
20230518:0410,4.9,15.16,14.37,13.53,0.69,0.0
20230518:0510,13.29,27.65,23.76,14.88,0.34,0.0
20230518:0610,37.03,57.97,33.21,15.51,0.76,0.0
20230518:0710,56.84,81.15,42.29,15.1,2.69,0.0
20230518:0810,99.64,130.2,50.35,15.63,2.62,0.0
20230518:0910,154.17,192.62,56.32,16.96,2.41,0.0
20230518:1010,158.96,198.87,58.8,17.91,2.41,0.0
20230518:1110,172.15,214.03,56.92,18.4,2.9,0.0
20230518:1210,147.05,185.49,51.35,18.53,3.31,0.0
20230518:1310,181.97,224.96,43.51,18.65,3.52,0.0
20230518:1410,242.85,294.37,34.53,18.89,3.66,0.0
20230518:1510,144.05,184.48,25.09,18.8,3.24,0.0
20230518:1610,50.64,75.23,15.67,18.54,3.38,0.0
20230518:1710,1.81,9.84,6.63,17.63,3.38,0.0
20230518:1810,0.0,0.0,0.0,16.51,3.45,0.0
20230518:1910,0.0,0.0,0.0,15.1,3.24,0.0
20230518:2010,0.0,0.0,0.0,14.33,3.1,0.0
20230518:2110,0.0,0.0,0.0,13.59,2.9,0.0
20230518:2210,0.0,0.0,0.0,13.01,2.76,0.0
20230518:2310,0.0,0.0,0.0,12.47,2.69,0.0
20230519:0010,0.0,0.0,0.0,12.17,2.69,0.0
20230519:0110,0.0,0.0,0.0,11.84,2.62,0.0
20230519:0210,0.0,0.0,0.0,11.65,2.55,0.0
20230519:0310,0.0,4.1,5.57,11.53,2.48,0.0
20230519:0410,4.95,15.16,14.53,12.09,2.69,0.0
20230519:0510,27.96,46.37,23.91,13.44,3.31,0.0
20230519:0610,113.55,145.36,33.37,14.94,2.9,0.0
20230519:0710,202.12,244.98,42.46,14.89,1.72,0.0
20230519:0810,285.42,340.4,50.53,15.65,1.79,0.0
20230519:0910,267.71,321.89,56.53,16.84,2.0,0.0
20230519:1010,190.19,234.54,59.01,17.77,2.0,0.0
20230519:1110,239.46,292.24,57.13,18.75,1.93,0.0
20230519:1210,497.79,601.9,51.54,19.41,1.72,0.0
20230519:1310,530.73,642.78,43.69,20.03,1.86,0.0
20230519:1410,404.98,490.41,34.7,20.13,2.28,0.0
20230519:1510,204.04,263.86,25.26,20.12,2.76,0.0
20230519:1610,72.33,105.35,15.84,19.52,3.03,0.0
20230519:1710,9.76,22.95,6.81,18.55,2.83,0.0
20230519:1810,0.0,0.0,0.0,17.37,2.55,0.0
20230519:1910,0.0,0.0,0.0,16.35,2.07,0.0
20230519:2010,0.0,0.0,0.0,15.6,2.0,0.0
20230519:2110,0.0,0.0,0.0,15.61,2.0,0.0
20230519:2210,0.0,0.0,0.0,15.45,2.07,0.0
20230519:2310,0.0,0.0,0.0,15.43,2.0,0.0
20230520:0010,0.0,0.0,0.0,15.02,2.0,0.0
20230520:0110,0.0,0.0,0.0,14.82,2.0,0.0
20230520:0210,0.0,0.0,0.0,14.55,2.21,0.0
20230520:0310,0.0,4.1,5.73,14.19,2.34,0.0
20230520:0410,5.41,16.05,14.68,14.67,2.28,0.0
20230520:0510,180.82,231.93,24.06,15.53,2.55,0.0
20230520:0610,372.08,443.72,33.52,16.73,2.69,0.0
20230520:0710,531.28,632.57,42.62,18.44,2.76,0.0
20230520:0810,593.87,712.36,50.71,19.7,3.24,0.0
20230520:0910,721.1,875.96,56.72,20.62,3.72,0.0
20230520:1010,826.6,1016.92,59.22,21.25,3.93,0.0
20230520:1110,790.16,967.61,57.33,21.63,4.07,0.0
20230520:1210,730.87,888.07,51.73,21.78,4.07,0.0
20230520:1310,620.25,744.57,43.86,21.71,4.21,0.0
20230520:1410,427.49,514.32,34.86,21.35,4.34,0.0
20230520:1510,229.44,302.52,25.42,20.85,4.41,0.0
20230520:1610,51.04,95.59,16.01,20.01,3.72,0.0
20230520:1710,18.62,35.25,6.98,18.61,3.38,0.0
20230520:1810,0.0,0.0,0.0,16.88,3.1,0.0
20230520:1910,0.0,0.0,0.0,16.45,3.1,0.0
20230520:2010,0.0,0.0,0.0,15.46,3.1,0.0
20230520:2110,0.0,0.0,0.0,14.61,3.1,0.0
20230520:2210,0.0,0.0,0.0,13.88,3.17,0.0
20230520:2310,0.0,0.0,0.0,13.2,3.03,0.0
20230521:0010,0.0,0.0,0.0,12.48,2.9,0.0
20230521:0110,0.0,0.0,0.0,11.74,2.83,0.0
20230521:0210,0.0,0.0,0.0,11.01,2.76,0.0
20230521:0310,15.03,29.51,5.89,10.46,2.76,0.0
20230521:0410,45.95,77.65,14.83,10.98,2.69,0.0
20230521:0510,207.99,269.98,24.2,12.35,3.38,0.0
20230521:0610,422.97,495.48,33.66,13.84,3.52,0.0
20230521:0710,600.39,705.27,42.77,15.7,3.17,0.0
20230521:0810,738.2,880.39,50.88,17.02,3.59,0.0
20230521:0910,832.14,1004.03,56.91,18.02,4.14,0.0
20230521:1010,876.54,1065.01,59.43,18.75,4.41,0.0
20230521:1110,845.07,1025.72,57.53,19.25,4.34,0.0
20230521:1210,760.61,915.48,51.92,19.53,4.21,0.0
20230521:1310,631.06,751.84,44.04,19.6,4.0,0.0
20230521:1410,444.62,531.63,35.02,19.46,3.86,0.0
20230521:1510,236.64,309.96,25.59,19.14,3.59,0.0
20230521:1610,53.31,98.77,16.17,18.68,2.69,0.0
20230521:1710,16.87,32.79,7.15,17.51,2.07,0.0
20230521:1810,0.0,0.0,0.0,15.68,2.55,0.0
20230521:1910,0.0,0.0,0.0,14.7,2.28,0.0
20230521:2010,0.0,0.0,0.0,13.33,2.21,0.0
20230521:2110,0.0,0.0,0.0,12.04,2.14,0.0
20230521:2210,0.0,0.0,0.0,10.82,1.93,0.0
20230521:2310,0.0,0.0,0.0,10.72,1.45,0.0
20230522:0010,0.0,0.0,0.0,10.56,1.31,0.0
20230522:0110,0.0,0.0,0.0,8.42,1.79,0.0
20230522:0210,0.0,0.0,0.0,7.81,2.07,0.0
20230522:0310,14.01,27.87,6.04,7.71,2.14,0.0
20230522:0410,48.04,79.26,14.97,9.33,1.59,0.0
20230522:0510,205.09,268.92,24.34,13.36,1.52,0.0
20230522:0610,411.03,491.13,33.8,15.66,1.86,0.0
20230522:0710,583.81,698.64,42.92,16.98,1.93,0.0
20230522:0810,581.27,697.84,51.04,18.4,2.48,0.0
20230522:0910,759.27,923.26,57.1,19.35,3.45,0.0
20230522:1010,593.8,711.21,59.63,19.97,4.0,0.0
20230522:1110,355.96,426.91,57.73,20.1,3.59,0.0
20230522:1210,333.44,400.67,52.1,19.9,3.17,0.0
20230522:1310,467.23,558.36,44.2,19.73,2.97,0.0
20230522:1410,407.05,489.82,35.18,19.58,2.83,0.0
20230522:1510,201.56,257.55,25.74,19.56,2.9,0.0
20230522:1610,60.62,104.43,16.33,19.07,2.62,0.0
20230522:1710,15.04,30.33,7.32,17.77,2.62,0.0
20230522:1810,0.0,0.0,0.0,16.06,2.83,0.0
20230522:1910,0.0,0.0,0.0,15.37,2.69,0.0
20230522:2010,0.0,0.0,0.0,14.2,2.69,0.0
20230522:2110,0.0,0.0,0.0,13.35,2.69,0.0
20230522:2210,0.0,0.0,0.0,12.87,2.62,0.0
20230522:2310,0.0,0.0,0.0,12.27,2.55,0.0
20230523:0010,0.0,0.0,0.0,11.72,2.48,0.0
20230523:0110,0.0,0.0,0.0,11.0,2.41,0.0
20230523:0210,0.0,0.0,0.0,10.36,2.34,0.0
20230523:0310,0.0,4.92,6.18,9.89,2.21,0.0
20230523:0410,52.64,83.97,15.1,11.1,1.79,0.0
20230523:0510,189.57,242.26,24.47,14.37,1.86,0.0
20230523:0610,241.99,292.11,33.93,16.55,2.28,0.0
20230523:0710,518.76,616.46,43.06,17.96,2.76,0.0
20230523:0810,685.03,828.42,51.19,19.54,3.1,0.0
20230523:0910,686.89,833.31,57.27,20.66,3.66,0.0
20230523:1010,802.97,989.37,59.82,21.19,3.66,0.0
20230523:1110,666.61,815.38,57.92,21.56,3.17,0.0
20230523:1210,624.49,764.23,52.28,21.96,2.76,0.0
20230523:1310,594.06,723.36,44.37,21.66,2.55,0.0
20230523:1410,421.66,512.95,35.34,21.65,2.76,0.0
20230523:1510,233.3,309.3,25.9,21.38,2.76,0.0
20230523:1610,48.3,97.02,16.49,20.72,2.76,0.0
20230523:1710,21.03,38.52,7.48,19.18,2.62,0.0
20230523:1810,0.0,0.0,0.0,17.22,2.69,0.0
20230523:1910,0.0,0.0,0.0,16.31,2.55,0.0
20230523:2010,0.0,0.0,0.0,14.99,2.48,0.0
20230523:2110,0.0,0.0,0.0,13.94,2.55,0.0
20230523:2210,0.0,0.0,0.0,13.17,2.48,0.0
20230523:2310,0.0,0.0,0.0,12.32,2.34,0.0
20230524:0010,0.0,0.0,0.0,11.83,2.34,0.0
20230524:0110,0.0,0.0,0.0,11.58,2.41,0.0
20230524:0210,0.0,0.0,0.0,11.64,2.41,0.0
20230524:0310,0.0,4.92,6.31,11.47,2.41,0.0
20230524:0410,14.79,29.43,15.23,12.67,2.07,0.0
20230524:0510,107.72,139.8,24.59,15.35,1.86,0.0
20230524:0610,306.1,369.9,34.06,18.07,1.86,0.0
20230524:0710,510.61,621.14,43.19,19.87,1.38,0.0
20230524:0810,695.25,869.59,51.34,21.64,1.59,0.0
20230524:0910,772.33,980.45,57.45,22.81,1.93,0.0
20230524:1010,803.56,1028.77,60.01,23.39,2.0,0.0
20230524:1110,751.11,960.27,58.11,23.83,1.72,0.0
20230524:1210,685.04,873.55,52.45,24.08,1.24,0.0
20230524:1310,597.14,748.46,44.53,23.93,1.31,0.0
20230524:1410,426.52,530.3,35.5,23.86,1.52,0.0
20230524:1510,233.01,313.89,26.05,23.52,2.0,0.0
20230524:1610,52.26,99.93,16.65,22.6,2.34,0.0
20230524:1710,18.38,35.25,7.64,20.93,2.55,0.0
20230524:1810,0.0,0.0,0.0,19.0,2.69,0.0
20230524:1910,0.0,0.0,0.0,17.91,2.55,0.0
20230524:2010,0.0,0.0,0.0,16.61,2.48,0.0
20230524:2110,0.0,0.0,0.0,15.47,2.34,0.0
20230524:2210,0.0,0.0,0.0,14.38,2.21,0.0
20230524:2310,0.0,0.0,0.0,13.36,2.14,0.0
20230525:0010,0.0,0.0,0.0,12.43,2.07,0.0
20230525:0110,0.0,0.0,0.0,11.7,2.0,0.0
20230525:0210,0.0,0.0,0.0,11.15,1.93,0.0
20230525:0310,6.82,18.03,6.45,10.92,1.72,0.0
20230525:0410,60.37,91.51,15.35,13.08,1.03,0.0
20230525:0510,197.77,262.65,24.71,16.58,0.97,0.0
20230525:0610,390.29,476.49,34.18,19.19,1.31,0.0
20230525:0710,554.53,679.55,43.32,21.48,1.66,0.0
20230525:0810,686.85,853.41,51.49,22.96,2.34,0.0
20230525:0910,759.42,950.87,57.61,23.43,2.83,0.0
20230525:1010,645.2,799.61,60.19,23.81,2.9,0.0
20230525:1110,679.87,846.31,58.29,24.11,2.9,0.0
20230525:1210,322.52,396.35,52.62,24.26,2.97,0.0
20230525:1310,365.2,444.96,44.68,23.57,3.1,0.0
20230525:1410,189.45,238.55,35.65,23.33,3.31,0.0
20230525:1510,224.89,298.05,26.2,23.17,3.72,0.0
20230525:1610,75.67,108.66,16.8,21.93,3.31,0.0
20230525:1710,22.14,40.16,7.8,20.46,3.17,0.0
20230525:1810,0.0,0.0,0.0,18.8,2.9,0.0
20230525:1910,0.0,0.0,0.0,18.1,2.62,0.0
20230525:2010,0.0,0.0,0.0,16.86,2.41,0.0
20230525:2110,0.0,0.0,0.0,15.71,2.28,0.0
20230525:2210,0.0,0.0,0.0,14.67,2.28,0.0
20230525:2310,0.0,0.0,0.0,13.97,2.41,0.0
20230526:0010,0.0,0.0,0.0,13.64,2.48,0.0
20230526:0110,0.0,0.0,0.0,13.49,2.41,0.0
20230526:0210,0.0,0.0,0.0,13.21,2.34,0.0
20230526:0310,5.17,15.57,6.57,13.06,2.21,0.0
20230526:0410,66.64,97.06,15.47,14.33,1.93,0.0
20230526:0510,192.97,251.47,24.83,16.43,2.28,0.0
20230526:0610,383.11,462.06,34.29,18.37,2.28,0.0
20230526:0710,550.16,665.72,43.44,20.08,2.07,0.0
20230526:0810,678.17,835.83,51.63,21.65,2.34,0.0
20230526:0910,762.54,954.27,57.77,22.77,2.62,0.0
20230526:1010,534.78,655.18,60.37,23.41,2.9,0.0
20230526:1110,575.12,706.22,58.46,23.8,3.1,0.0
20230526:1210,444.05,540.74,52.78,23.67,3.17,0.0
20230526:1310,377.39,459.12,44.84,23.41,3.1,0.0
20230526:1410,88.53,120.39,35.79,21.11,2.62,0.0
20230526:1510,15.46,31.21,26.34,20.46,3.1,0.0
20230526:1610,15.51,31.21,16.94,19.82,2.07,0.0
20230526:1710,0.31,6.56,7.95,19.22,2.14,0.0
20230526:1810,0.0,0.0,0.0,18.29,2.41,0.0
20230526:1910,0.0,0.0,0.0,17.25,2.55,0.0
20230526:2010,0.0,0.0,0.0,16.5,2.48,0.0
20230526:2110,0.0,0.0,0.0,15.96,2.62,0.0
20230526:2210,0.0,0.0,0.0,15.82,2.69,0.0
20230526:2310,0.0,0.0,0.0,15.2,2.83,0.0
20230527:0010,0.0,0.0,0.0,14.65,2.9,0.0
20230527:0110,0.0,0.0,0.0,14.41,2.97,0.0
20230527:0210,0.0,0.0,0.0,13.83,3.24,0.0
20230527:0310,0.0,4.92,6.69,13.32,3.38,0.0
20230527:0410,69.08,95.88,15.58,13.5,3.03,0.0
20230527:0510,189.2,239.29,24.94,14.18,3.52,0.0
20230527:0610,389.99,459.65,34.4,15.28,3.66,0.0
20230527:0710,579.85,678.68,43.56,16.05,3.72,0.0
20230527:0810,731.13,870.83,51.76,17.37,3.79,0.0
20230527:0910,816.21,987.66,57.92,18.5,3.93,0.0
20230527:1010,858.58,1048.09,60.54,19.14,4.0,0.0
20230527:1110,839.31,1022.39,58.63,19.64,4.14,0.0
20230527:1210,750.74,902.54,52.94,19.79,4.34,0.0
20230527:1310,630.1,747.92,44.99,19.75,4.55,0.0
20230527:1410,443.94,529.05,35.94,19.75,4.76,0.0
20230527:1510,239.27,311.27,26.49,19.25,4.76,0.0
20230527:1610,62.43,108.12,17.09,18.68,4.62,0.0
20230527:1710,21.2,38.52,8.1,17.81,3.79,0.0
20230527:1810,0.0,0.0,0.0,16.3,3.31,0.0
20230527:1910,0.0,0.0,0.0,14.5,3.03,0.0
20230527:2010,0.0,0.0,0.0,13.47,3.1,0.0
20230527:2110,0.0,0.0,0.0,12.64,3.24,0.0
20230527:2210,0.0,0.0,0.0,11.9,3.1,0.0
20230527:2310,0.0,0.0,0.0,11.22,3.03,0.0
20230528:0010,0.0,0.0,0.0,10.63,3.03,0.0
20230528:0110,0.0,0.0,0.0,10.12,3.03,0.0
20230528:0210,0.0,0.0,0.0,9.65,2.97,0.0
20230528:0310,2.37,10.66,6.8,9.37,2.9,0.0
20230528:0410,70.07,99.92,15.69,10.11,2.55,0.0
20230528:0510,206.93,263.21,25.04,11.65,3.24,0.0
20230528:0610,409.49,479.48,34.51,13.2,3.1,0.0
20230528:0710,600.15,702.44,43.67,14.51,2.97,0.0
20230528:0810,736.65,881.06,51.88,16.0,2.9,0.0
20230528:0910,818.51,999.35,58.07,17.07,2.76,0.0
20230528:1010,860.59,1065.8,60.7,17.9,2.62,0.0
20230528:1110,835.03,1032.92,58.8,18.55,2.62,0.0
20230528:1210,752.6,918.62,53.09,19.03,2.76,0.0
20230528:1310,622.57,749.33,45.13,19.34,2.76,0.0
20230528:1410,449.36,541.31,36.08,19.36,2.69,0.0
20230528:1510,241.31,315.86,26.62,19.19,2.69,0.0
20230528:1610,55.54,104.16,17.23,18.77,2.69,0.0
20230528:1710,20.56,37.7,8.24,17.73,2.14,0.0
20230528:1810,0.0,0.0,0.0,16.0,2.41,0.0
20230528:1910,0.0,0.0,0.0,14.83,2.55,0.0
20230528:2010,0.0,0.0,0.0,13.65,2.55,0.0
20230528:2110,0.0,0.0,0.0,12.68,2.62,0.0
20230528:2210,0.0,0.0,0.0,11.82,2.48,0.0
20230528:2310,0.0,0.0,0.0,10.98,2.41,0.0
20230529:0010,0.0,0.0,0.0,10.25,2.41,0.0
20230529:0110,0.0,0.0,0.0,9.62,2.34,0.0
20230529:0210,0.0,0.0,0.0,9.04,2.28,0.0
20230529:0310,1.94,9.84,6.91,8.75,2.21,0.0
20230529:0410,63.39,94.28,15.79,10.23,1.79,0.0
20230529:0510,206.27,268.0,25.13,13.3,2.07,0.0
20230529:0610,412.32,491.32,34.6,15.51,2.21,0.0
20230529:0710,587.09,702.71,43.77,17.1,2.0,0.0
20230529:0810,719.34,881.36,52.0,18.7,2.07,0.0
20230529:0910,797.66,999.68,58.2,19.74,1.93,0.0
20230529:1010,829.05,1060.11,60.86,20.47,1.52,0.0
20230529:1110,794.76,1022.58,58.96,21.06,1.1,0.0
20230529:1210,712.2,914.42,53.25,21.51,0.55,0.0
20230529:1310,597.43,749.72,45.27,21.74,0.62,0.0
20230529:1410,439.28,542.67,36.21,21.83,1.24,0.0
20230529:1510,237.44,315.36,26.76,21.55,1.86,0.0
20230529:1610,55.75,105.19,17.37,21.09,2.28,0.0
20230529:1710,21.57,39.34,8.38,19.86,2.21,0.0
20230529:1810,0.0,0.0,0.0,17.99,2.48,0.0
20230529:1910,0.0,0.0,0.0,16.7,2.48,0.0
20230529:2010,0.0,0.0,0.0,15.5,2.34,0.0
20230529:2110,0.0,0.0,0.0,14.27,2.07,0.0
20230529:2210,0.0,0.0,0.0,12.96,1.86,0.0
20230529:2310,0.0,0.0,0.0,12.44,1.52,0.0
20230530:0010,0.0,0.0,0.0,12.69,1.24,0.0
20230530:0110,0.0,0.0,0.0,12.84,1.03,0.0
20230530:0210,0.0,0.0,0.0,12.73,0.97,0.0
20230530:0310,0.03,5.74,7.01,12.17,1.03,0.0
20230530:0410,72.23,102.31,15.88,13.38,0.62,0.0
20230530:0510,196.33,256.7,25.22,15.62,0.55,0.0
20230530:0610,383.06,468.86,34.69,18.42,0.69,0.0
20230530:0710,559.5,682.17,43.87,19.59,1.38,0.0
20230530:0810,637.95,785.29,52.11,20.93,1.93,0.0
20230530:0910,665.87,827.79,58.34,21.62,1.93,0.0
20230530:1010,655.41,815.47,61.01,22.03,2.0,0.0
20230530:1110,601.32,740.62,59.11,22.1,2.28,0.0
20230530:1210,546.93,665.29,53.39,22.04,2.83,0.0
20230530:1310,530.92,643.15,45.41,22.19,3.03,0.0
20230530:1410,424.8,515.28,36.34,21.91,3.38,0.0
20230530:1510,238.06,313.85,26.89,21.46,3.59,0.0
20230530:1610,63.0,110.38,17.5,21.04,3.52,0.0
20230530:1710,21.56,39.34,8.52,20.07,3.03,0.0
20230530:1810,0.0,0.0,0.0,18.27,2.9,0.0
20230530:1910,0.0,0.0,0.0,17.25,2.97,0.0
20230530:2010,0.0,0.0,0.0,16.36,2.83,0.0
20230530:2110,0.0,0.0,0.0,15.46,2.55,0.0
20230530:2210,0.0,0.0,0.0,14.53,2.48,0.0
20230530:2310,0.0,0.0,0.0,13.67,2.62,0.0
20230531:0010,0.0,0.0,0.0,13.08,2.69,0.0
20230531:0110,0.0,0.0,0.0,12.47,2.62,0.0
20230531:0210,0.0,0.0,0.0,11.83,2.62,0.0
20230531:0310,19.33,35.25,7.11,11.55,2.62,0.0
20230531:0410,71.53,98.42,15.97,12.56,2.28,0.0
20230531:0510,205.21,267.98,25.31,14.49,2.62,0.0
20230531:0610,412.87,492.29,34.78,16.28,2.69,0.0
20230531:0710,590.07,702.36,43.96,17.64,2.76,0.0
20230531:0810,698.02,845.0,52.22,19.05,2.9,0.0
20230531:0910,764.9,939.19,58.46,19.93,2.97,0.0
20230531:1010,832.82,1036.96,61.15,20.5,2.9,0.0
20230531:1110,803.85,999.77,59.26,20.82,2.76,0.0
20230531:1210,734.86,905.1,53.53,20.98,2.69,0.0
20230531:1310,611.54,743.47,45.54,21.2,2.62,0.0
20230531:1410,445.29,541.26,36.47,21.24,2.69,0.0
20230531:1510,238.89,314.72,27.02,21.05,2.76,0.0
20230531:1610,54.74,105.38,17.63,20.66,2.62,0.0
20230531:1710,21.58,39.34,8.66,19.77,1.79,0.0
20230531:1810,0.0,0.0,0.0,18.16,1.66,0.0
20230531:1910,0.0,0.0,0.0,16.19,1.59,0.0
20230531:2010,0.0,0.0,0.0,15.66,1.31,0.0
20230531:2110,0.0,0.0,0.0,13.91,1.66,0.0
20230531:2210,0.0,0.0,0.0,12.33,2.0,0.0
20230531:2310,0.0,0.0,0.0,11.45,2.07,0.0
20230601:0010,0.0,0.0,0.0,10.88,2.07,0.0
20230601:0110,0.0,0.0,0.0,10.46,2.07,0.0
20230601:0210,0.0,0.0,0.0,10.09,2.14,0.0
20230601:0310,17.57,32.79,7.2,9.95,2.0,0.0
20230601:0410,39.59,72.77,16.05,11.91,1.45,0.0
20230601:0510,204.29,275.15,25.39,16.2,1.59,0.0
20230601:0610,413.16,501.13,34.86,18.65,2.0,0.0
20230601:0710,591.58,708.79,44.05,19.75,3.17,0.0
20230601:0810,729.21,888.11,52.31,20.98,3.45,0.0
20230601:0910,808.89,1001.04,58.58,21.92,3.52,0.0
20230601:1010,845.47,1056.58,61.29,22.78,3.59,0.0
20230601:1110,814.11,1014.61,59.4,23.51,3.72,0.0
20230601:1210,735.1,908.08,53.67,24.03,3.72,0.0
20230601:1310,611.0,746.13,45.67,24.28,3.72,0.0
20230601:1410,443.91,544.18,36.6,24.32,3.66,0.0
20230601:1510,236.29,315.26,27.14,24.02,3.59,0.0
20230601:1610,52.61,104.57,17.76,23.51,3.24,0.0
20230601:1710,20.68,38.52,8.78,22.3,2.21,0.0
20230601:1810,0.0,0.0,0.0,20.42,2.41,0.0
20230601:1910,0.0,0.0,0.0,19.02,2.48,0.0
20230601:2010,0.0,0.0,0.0,17.7,2.62,0.0
20230601:2110,0.0,0.0,0.0,16.77,2.69,0.0
20230601:2210,0.0,0.0,0.0,16.06,2.76,0.0
20230601:2310,0.0,0.0,0.0,15.54,2.83,0.0
20230602:0010,0.0,0.0,0.0,15.12,2.83,0.0
20230602:0110,0.0,0.0,0.0,14.75,2.9,0.0
20230602:0210,0.0,0.0,0.0,14.5,2.9,0.0
20230602:0310,0.02,5.74,7.28,14.49,2.83,0.0
20230602:0410,57.6,90.32,16.13,15.66,2.55,0.0
20230602:0510,197.23,258.8,25.46,17.55,3.03,0.0
20230602:0610,395.63,477.49,34.93,19.29,3.03,0.0
20230602:0710,565.79,678.62,44.13,20.94,3.59,0.0
20230602:0810,714.6,869.74,52.41,22.17,3.93,0.0
20230602:0910,789.58,968.92,58.69,23.04,4.55,0.0
20230602:1010,789.35,952.28,61.42,21.43,5.72,0.0
20230602:1110,772.04,942.53,59.54,22.08,4.48,0.0
20230602:1210,645.64,779.77,53.8,22.63,4.69,0.0
20230602:1310,611.71,731.29,45.8,21.34,4.48,0.0
20230602:1410,443.7,533.46,36.72,20.98,4.14,0.0
20230602:1510,230.51,297.34,27.26,20.37,4.07,0.0
20230602:1610,57.54,107.32,17.88,19.66,4.34,0.0
20230602:1710,22.39,40.16,8.91,18.5,4.21,0.0
20230602:1810,0.0,0.0,0.0,16.85,5.45,0.0
20230602:1910,0.0,0.0,0.0,13.99,5.17,0.0
20230602:2010,0.0,0.0,0.0,12.8,5.17,0.0
20230602:2110,0.0,0.0,0.0,11.59,4.97,0.0
20230602:2210,0.0,0.0,0.0,10.69,4.83,0.0
20230602:2310,0.0,0.0,0.0,10.01,4.69,0.0
20230603:0010,0.0,0.0,0.0,9.27,4.14,0.0
20230603:0110,0.0,0.0,0.0,8.58,3.79,0.0
20230603:0210,0.0,0.0,0.0,7.9,3.24,0.0
20230603:0310,21.05,36.89,7.36,7.51,2.55,0.0
20230603:0410,50.43,82.4,16.2,8.32,2.69,0.0
20230603:0510,215.06,279.48,25.53,9.83,2.83,0.0
20230603:0610,433.95,506.24,35.0,11.51,2.69,0.0
20230603:0710,608.26,709.03,44.2,12.38,2.41,0.0
20230603:0810,665.51,779.1,52.49,14.0,3.45,0.0
20230603:0910,762.2,905.87,58.8,14.49,3.31,0.0
20230603:1010,882.05,1067.71,61.54,15.61,3.45,0.0
20230603:1110,859.53,1043.17,59.67,16.6,3.38,0.0
20230603:1210,769.58,924.86,53.93,17.09,3.31,0.0
20230603:1310,641.08,761.15,45.92,17.33,3.24,0.0
20230603:1410,466.62,555.93,36.84,17.52,3.03,0.0
20230603:1510,249.41,323.13,27.38,17.59,2.76,0.0
20230603:1610,54.52,106.88,18.0,17.19,2.55,0.0
20230603:1710,21.95,39.34,9.03,16.56,2.0,0.0
20230603:1810,0.0,0.0,0.0,15.19,1.72,0.0
20230603:1910,0.0,0.0,0.0,13.2,2.34,0.0
20230603:2010,0.0,0.0,0.0,12.02,2.41,0.0
20230603:2110,0.0,0.0,0.0,11.08,2.55,0.0
20230603:2210,0.0,0.0,0.0,10.38,2.55,0.0
20230603:2310,0.0,0.0,0.0,9.84,2.62,0.0
20230604:0010,0.0,0.0,0.0,9.45,2.69,0.0
20230604:0110,0.0,0.0,0.0,9.15,2.76,0.0
20230604:0210,0.0,0.0,0.0,8.9,2.76,0.0
20230604:0310,18.32,33.61,7.43,8.85,2.62,0.0
20230604:0410,33.36,66.62,16.26,10.2,2.34,0.0
20230604:0510,211.49,279.92,25.59,12.66,2.69,0.0
20230604:0610,430.76,509.96,35.06,14.9,2.97,0.0
20230604:0710,605.67,716.36,44.27,15.7,2.55,0.0
20230604:0810,740.41,898.34,52.57,17.39,2.41,0.0
20230604:0910,800.43,990.78,58.9,18.61,2.28,0.0
20230604:1010,839.26,1051.04,61.66,19.41,2.28,0.0
20230604:1110,798.2,992.5,59.79,19.81,2.41,0.0
20230604:1210,669.69,821.11,54.05,20.59,2.41,0.0
20230604:1310,493.34,595.51,46.04,20.55,2.41,0.0
20230604:1410,421.91,511.86,36.95,20.39,2.28,0.0
20230604:1510,221.05,283.17,27.49,20.13,1.93,0.0
20230604:1610,55.26,108.21,18.11,19.78,1.93,0.0
20230604:1710,22.32,40.16,9.15,18.74,1.66,0.0
20230604:1810,0.0,0.0,0.0,17.25,2.14,0.0
20230604:1910,0.0,0.0,0.0,16.64,1.66,0.0
20230604:2010,0.0,0.0,0.0,15.04,1.52,0.0
20230604:2110,0.0,0.0,0.0,15.38,0.97,0.0
20230604:2210,0.0,0.0,0.0,13.37,1.38,0.0
20230604:2310,0.0,0.0,0.0,11.8,1.79,0.0
20230605:0010,0.0,0.0,0.0,10.63,1.93,0.0
20230605:0110,0.0,0.0,0.0,10.04,1.72,0.0
20230605:0210,0.0,0.0,0.0,10.48,1.31,0.0
20230605:0310,0.36,6.56,7.49,10.7,1.1,0.0
20230605:0410,75.85,105.9,16.32,12.22,0.55,0.0
20230605:0510,200.38,263.37,25.65,15.08,0.62,0.0
20230605:0610,393.55,480.6,35.12,17.8,0.76,0.0
20230605:0710,569.68,693.99,44.33,18.19,1.03,0.0
20230605:0810,694.99,864.79,52.65,19.73,1.31,0.0
20230605:0910,772.43,980.16,58.99,20.98,1.45,0.0
20230605:1010,790.73,1029.69,61.77,21.86,0.83,0.0
20230605:1110,776.11,1011.51,59.91,22.35,0.76,0.0
20230605:1210,714.19,906.62,54.17,22.44,1.24,0.0
20230605:1310,604.64,747.43,46.15,22.52,1.79,0.0
20230605:1410,447.26,548.58,37.06,22.29,2.21,0.0
20230605:1510,242.32,320.56,27.6,21.94,2.55,0.0
20230605:1610,56.88,109.28,18.22,21.41,2.62,0.0
20230605:1710,23.41,41.8,9.26,20.31,2.55,0.0
20230605:1810,0.0,0.0,0.0,18.62,2.62,0.0
20230605:1910,0.0,0.0,0.0,17.66,2.76,0.0
20230605:2010,0.0,0.0,0.0,16.5,2.83,0.0
20230605:2110,0.0,0.0,0.0,15.66,3.03,0.0
20230605:2210,0.0,0.0,0.0,15.12,3.24,0.0
20230605:2310,0.0,0.0,0.0,14.64,3.17,0.0
20230606:0010,0.0,0.0,0.0,14.15,2.9,0.0
20230606:0110,0.0,0.0,0.0,13.54,2.76,0.0
20230606:0210,0.0,0.0,0.0,12.99,2.55,0.0
20230606:0310,5.17,15.57,7.55,12.95,2.28,0.0
20230606:0410,76.72,106.48,16.38,13.9,2.0,0.0
20230606:0510,194.75,252.1,25.7,15.82,2.14,0.0
20230606:0610,324.3,391.14,35.17,17.93,2.07,0.0
20230606:0710,0.0,0.0,0.0,19.72,2.14,0.0
20230606:0810,629.48,770.58,52.71,21.6,2.55,0.0
20230606:0910,482.26,587.1,59.08,22.44,2.76,0.0
20230606:1010,722.74,903.03,61.88,23.69,2.9,0.0
20230606:1110,738.89,927.38,60.03,24.36,2.9,0.0
20230606:1210,647.37,805.27,54.28,24.37,2.62,0.0
20230606:1310,456.48,561.78,46.26,24.99,2.55,0.0
20230606:1410,327.53,406.53,37.17,25.19,2.41,0.0
20230606:1510,222.69,293.99,27.71,25.25,2.41,0.0
20230606:1610,60.97,112.86,18.33,24.08,1.86,0.0
20230606:1710,23.09,41.8,9.37,22.81,2.0,0.0
20230606:1810,0.0,0.0,0.0,21.26,1.93,0.0
20230606:1910,0.0,0.0,0.0,19.98,2.48,0.0
20230606:2010,0.0,0.0,0.0,19.39,2.55,0.0
20230606:2110,0.0,0.0,0.0,18.83,2.62,0.0
20230606:2210,0.0,0.0,0.0,18.41,2.41,0.0
20230606:2310,0.0,0.0,0.0,17.74,2.69,0.0
20230607:0010,0.0,0.0,0.0,17.21,3.03,0.0
20230607:0110,0.0,0.0,0.0,16.43,3.24,0.0
20230607:0210,0.0,0.0,0.0,15.83,3.03,0.0
20230607:0310,0.02,5.74,7.61,15.48,3.03,0.0
20230607:0410,8.28,20.51,16.43,15.32,3.31,0.0
20230607:0510,70.78,97.2,25.74,15.26,3.24,0.0
20230607:0610,136.46,171.27,35.22,15.39,2.97,0.0
20230607:0710,302.46,356.52,44.44,15.7,3.79,0.0
20230607:0810,126.12,159.63,52.78,15.75,4.21,0.0
20230607:0910,169.34,207.79,59.16,15.55,3.79,0.0
20230607:1010,141.09,176.57,61.98,16.13,4.34,0.0
20230607:1110,171.39,210.46,60.13,15.94,3.72,0.0
20230607:1210,93.27,123.07,54.38,16.23,4.21,0.0
20230607:1310,66.74,92.75,46.36,15.65,3.1,0.0
20230607:1410,88.75,117.72,37.27,15.46,3.17,0.0
20230607:1510,33.49,53.51,27.81,15.25,3.03,0.0
20230607:1610,14.59,29.43,18.43,15.31,3.1,0.0
20230607:1710,11.68,25.41,9.47,15.19,2.9,0.0
20230607:1810,0.0,0.0,0.0,15.07,2.83,0.0
20230607:1910,0.0,0.0,0.0,14.71,2.55,0.0
20230607:2010,0.0,0.0,0.0,14.7,2.55,0.0
20230607:2110,0.0,0.0,0.0,14.62,2.55,0.0
20230607:2210,0.0,0.0,0.0,14.71,2.69,0.0
20230607:2310,0.0,0.0,0.0,14.78,2.69,0.0
20230608:0010,0.0,0.0,0.0,14.74,2.76,0.0
20230608:0110,0.0,0.0,0.0,14.6,2.83,0.0
20230608:0210,0.0,0.0,0.0,14.47,2.76,0.0
20230608:0310,0.02,5.74,7.65,14.23,2.69,0.0
20230608:0410,6.56,17.84,16.47,14.45,2.48,0.0
20230608:0510,49.23,72.23,25.78,14.91,2.41,0.0
20230608:0610,294.42,351.47,35.26,16.1,2.76,0.0
20230608:0710,438.21,518.49,44.48,17.08,2.55,0.0
20230608:0810,603.55,725.21,52.83,18.08,2.34,0.0
20230608:0910,591.24,716.9,59.23,19.28,2.21,0.0
20230608:1010,501.22,608.71,62.07,20.61,2.14,0.0
20230608:1110,571.46,702.3,60.24,21.68,2.0,0.0
20230608:1210,505.15,617.66,54.49,21.86,1.93,0.0
20230608:1310,346.13,423.52,46.46,22.43,1.79,0.0
20230608:1410,38.59,61.53,37.36,22.67,1.66,0.0
20230608:1510,72.49,102.55,27.91,22.88,1.72,0.0
20230608:1610,24.54,43.7,18.53,22.78,1.86,0.0
20230608:1710,27.62,47.54,9.57,21.94,1.86,0.0
20230608:1810,0.0,0.0,0.0,20.41,2.41,0.0
20230608:1910,0.0,0.0,0.0,18.97,2.76,0.0
20230608:2010,0.0,0.0,0.0,17.94,2.97,0.0
20230608:2110,0.0,0.0,0.0,17.43,3.03,0.0
20230608:2210,0.0,0.0,0.0,16.72,3.03,0.0
20230608:2310,0.0,0.0,0.0,16.44,2.83,0.0
20230609:0010,0.0,0.0,0.0,16.01,2.55,0.0
20230609:0110,0.0,0.0,0.0,15.49,2.34,0.0
20230609:0210,0.0,0.0,0.0,15.13,2.14,0.0
20230609:0310,0.33,6.56,7.7,14.97,1.93,0.0
20230609:0410,6.5,17.84,16.5,15.81,1.59,0.0
20230609:0510,25.18,43.7,25.81,17.91,1.72,0.0
20230609:0610,212.65,263.4,35.29,20.18,1.86,0.0
20230609:0710,273.76,336.47,44.52,22.0,1.93,0.0
20230609:0810,457.27,559.48,52.88,23.75,2.62,0.0
20230609:0910,613.58,755.78,59.29,24.51,3.45,0.0
20230609:1010,630.46,781.35,62.15,25.24,3.45,0.0
20230609:1110,420.98,515.88,60.33,25.04,3.52,0.0
20230609:1210,461.72,565.03,54.58,24.84,3.38,0.0
20230609:1310,348.89,428.79,46.55,25.23,3.24,0.0
20230609:1410,269.09,334.21,37.46,24.77,3.03,0.0
20230609:1510,145.12,189.72,28.0,24.79,3.31,0.0
20230609:1610,87.97,125.95,18.62,23.94,2.48,0.0
20230609:1710,6.36,18.03,9.67,22.45,2.69,0.0
20230609:1810,0.0,0.0,0.0,20.93,2.97,0.0
20230609:1910,0.0,0.0,0.0,20.59,2.34,0.0
20230609:2010,0.0,0.0,0.0,19.55,2.34,0.0
20230609:2110,0.0,0.0,0.0,18.82,2.28,0.0
20230609:2210,0.0,0.0,0.0,18.42,2.28,0.0
20230609:2310,0.0,0.0,0.0,18.1,2.21,0.0
20230610:0010,0.0,0.0,0.0,17.71,2.28,0.0
20230610:0110,0.0,0.0,0.0,16.99,2.48,0.0
20230610:0210,0.0,0.0,0.0,16.43,2.62,0.0
20230610:0310,0.32,6.56,7.73,16.37,2.55,0.0
20230610:0410,6.45,17.84,16.54,17.03,2.34,0.0
20230610:0510,15.02,30.32,25.84,17.96,2.9,0.0
20230610:0610,47.47,71.34,35.32,19.15,2.97,0.0
20230610:0710,117.65,153.39,44.55,20.56,3.79,0.0
20230610:0810,162.0,205.11,52.92,22.0,4.41,0.0
20230610:0910,164.12,207.79,59.35,22.46,4.9,0.0
20230610:1010,141.56,180.14,62.23,20.17,4.69,0.0
20230610:1110,489.39,580.98,60.42,20.72,5.45,0.0
20230610:1210,509.26,605.36,54.67,20.56,4.76,0.0
20230610:1310,443.04,527.92,46.64,20.87,4.34,0.0
20230610:1410,80.89,110.58,37.55,19.72,4.83,0.0
20230610:1510,123.01,158.49,28.09,18.78,4.69,0.0
20230610:1610,30.09,49.94,18.71,18.63,5.52,0.0
20230610:1710,19.28,36.07,9.76,18.32,4.97,0.0
20230610:1810,0.0,0.82,1.56,17.47,4.9,0.0
20230610:1910,0.0,0.0,0.0,16.79,4.55,0.0
20230610:2010,0.0,0.0,0.0,16.3,4.62,0.0
20230610:2110,0.0,0.0,0.0,15.69,4.55,0.0
20230610:2210,0.0,0.0,0.0,15.33,4.34,0.0
20230610:2310,0.0,0.0,0.0,14.91,4.28,0.0
20230611:0010,0.0,0.0,0.0,14.4,4.41,0.0
20230611:0110,0.0,0.0,0.0,13.84,4.62,0.0
20230611:0210,0.0,0.0,0.0,13.37,4.62,0.0
20230611:0310,0.35,6.56,7.76,13.14,4.62,0.0
20230611:0410,7.2,18.73,16.56,13.18,4.41,0.0
20230611:0510,18.81,34.78,25.87,13.35,4.76,0.0
20230611:0610,63.63,88.29,35.34,13.55,4.83,0.0
20230611:0710,105.32,135.55,44.58,14.41,4.48,0.0
20230611:0810,83.74,111.47,52.96,14.61,4.76,0.0
20230611:0910,134.64,168.55,59.4,15.43,5.86,0.0
20230611:1010,190.41,230.97,62.3,16.31,6.48,0.0
20230611:1110,228.45,274.43,60.5,17.13,6.0,0.0
20230611:1210,183.86,225.62,54.76,18.23,6.41,0.0
20230611:1310,225.99,272.62,46.73,18.22,6.28,0.0
20230611:1410,145.0,182.05,37.63,18.17,6.34,0.0
20230611:1510,44.86,67.78,28.17,17.99,6.0,0.0
20230611:1610,62.21,113.87,18.79,17.49,5.59,0.0
20230611:1710,33.09,53.28,9.84,16.66,4.97,0.0
20230611:1810,0.0,0.82,1.65,15.47,4.83,0.0
20230611:1910,0.0,0.0,0.0,13.63,3.79,0.0
20230611:2010,0.0,0.0,0.0,12.48,3.59,0.0
20230611:2110,0.0,0.0,0.0,11.47,3.45,0.0
20230611:2210,0.0,0.0,0.0,10.64,3.38,0.0
20230611:2310,0.0,0.0,0.0,10.03,3.31,0.0
20230612:0010,0.0,0.0,0.0,9.74,3.38,0.0
20230612:0110,0.0,0.0,0.0,9.55,3.38,0.0
20230612:0210,0.0,0.0,0.0,9.5,3.45,0.0
20230612:0310,0.37,6.56,7.79,9.57,3.59,0.0
20230612:0410,7.32,18.73,16.58,10.2,4.0,0.0
20230612:0510,24.01,41.02,25.88,10.85,4.97,0.0
20230612:0610,73.24,98.1,35.36,10.98,5.66,0.0
20230612:0710,105.52,133.77,44.6,11.01,5.17,0.0
20230612:0810,129.02,159.63,52.99,11.3,5.1,0.0
20230612:0910,0.0,0.0,0.0,11.41,4.76,0.0
20230612:1010,109.25,138.23,62.37,11.55,4.69,0.0
20230612:1110,122.26,152.49,60.58,11.6,4.83,0.0
20230612:1210,112.44,141.79,54.84,11.72,4.9,0.0
20230612:1310,88.94,115.93,46.81,11.74,4.83,0.0
20230612:1410,52.5,74.91,37.71,11.44,4.21,0.0
20230612:1510,61.88,85.61,28.25,11.34,3.45,0.0
20230612:1610,86.71,114.89,18.87,11.28,3.31,0.0
20230612:1710,22.59,39.34,9.92,11.29,3.24,0.0
20230612:1810,0.0,0.82,1.73,11.26,3.1,0.0
20230612:1910,0.0,0.0,0.0,10.86,2.28,0.0
20230612:2010,0.0,0.0,0.0,10.67,2.14,0.0
20230612:2110,0.0,0.0,0.0,10.64,2.14,0.0
20230612:2210,0.0,0.0,0.0,10.65,2.0,0.0
20230612:2310,0.0,0.0,0.0,10.67,1.93,0.0
20230613:0010,0.0,0.0,0.0,10.71,1.86,0.0
20230613:0110,0.0,0.0,0.0,10.68,1.79,0.0
20230613:0210,0.0,0.0,0.0,10.73,1.79,0.0
20230613:0310,0.36,6.56,7.81,10.88,2.0,0.0
20230613:0410,7.27,18.73,16.6,11.36,3.38,0.0
20230613:0510,23.12,40.13,25.89,12.11,3.31,0.0
20230613:0610,64.56,89.18,35.37,12.79,3.31,0.0
20230613:0710,138.98,173.01,44.61,14.19,3.52,0.0
20230613:0810,228.86,273.37,53.01,14.87,3.79,0.0
20230613:0910,276.23,326.84,59.49,15.11,3.72,0.0
20230613:1010,230.77,276.23,62.42,15.05,3.31,0.0
20230613:1110,155.41,192.62,60.65,15.81,3.38,0.0
20230613:1210,86.1,115.04,54.91,16.24,3.59,0.0
20230613:1310,67.31,93.64,46.88,16.41,3.72,0.0
20230613:1410,40.64,62.42,37.78,16.56,3.66,0.0
20230613:1510,70.43,97.2,28.32,16.3,3.45,0.0
20230613:1610,89.48,121.49,18.95,16.01,3.1,0.0
20230613:1710,35.26,55.74,10.0,15.48,2.41,0.0
20230613:1810,0.0,0.82,1.8,14.98,2.14,0.0
20230613:1910,0.0,0.0,0.0,14.18,1.86,0.0
20230613:2010,0.0,0.0,0.0,13.89,1.66,0.0
20230613:2110,0.0,0.0,0.0,13.68,1.38,0.0
20230613:2210,0.0,0.0,0.0,13.44,1.31,0.0
20230613:2310,0.0,0.0,0.0,13.26,1.31,0.0
20230614:0010,0.0,0.0,0.0,13.18,1.31,0.0
20230614:0110,0.0,0.0,0.0,13.0,1.31,0.0
20230614:0210,0.0,0.0,0.0,12.92,1.31,0.0
20230614:0310,0.35,6.56,7.82,12.94,1.31,0.0
20230614:0410,43.47,65.1,16.6,13.34,1.31,0.0
20230614:0510,84.48,112.36,25.9,13.8,1.59,0.0
20230614:0610,157.31,194.48,35.38,14.45,1.66,0.0
20230614:0710,391.39,462.83,44.62,15.36,1.66,0.0
20230614:0810,313.62,373.68,53.03,16.31,2.0,0.0
20230614:0910,336.99,401.58,59.52,17.67,2.9,0.0
20230614:1010,206.25,252.7,62.47,18.58,3.31,0.0
20230614:1110,542.49,649.44,60.71,19.21,3.17,0.0
20230614:1210,254.72,309.47,54.98,19.54,3.03,0.0
20230614:1310,232.33,283.98,46.95,19.72,2.9,0.0
20230614:1410,93.77,125.74,37.86,19.76,2.62,0.0
20230614:1510,128.64,166.13,28.4,19.48,2.34,0.0
20230614:1610,58.43,113.82,19.02,19.3,1.79,0.0
20230614:1710,25.47,44.26,10.07,19.02,1.66,0.0
20230614:1810,0.0,1.64,1.87,18.22,1.72,0.0
20230614:1910,0.0,0.0,0.0,17.06,1.93,0.0
20230614:2010,0.0,0.0,0.0,16.31,1.79,0.0
20230614:2110,0.0,0.0,0.0,15.79,1.79,0.0
20230614:2210,0.0,0.0,0.0,15.15,1.86,0.0
20230614:2310,0.0,0.0,0.0,14.57,1.79,0.0
20230615:0010,0.0,0.0,0.0,13.96,1.66,0.0
20230615:0110,0.0,0.0,0.0,13.45,1.59,0.0
20230615:0210,0.0,0.0,0.0,13.36,1.17,0.0
20230615:0310,15.29,30.33,7.83,14.46,0.55,0.0
20230615:0410,73.2,103.51,16.61,14.72,0.34,0.0
20230615:0510,191.42,255.88,25.9,16.51,0.28,0.0
20230615:0610,256.72,314.89,35.38,18.03,0.41,0.0
20230615:0710,293.49,359.42,44.63,19.49,0.41,0.0
20230615:0810,224.83,279.27,53.04,20.74,0.9,0.0
20230615:0910,543.42,673.51,59.55,21.28,1.03,0.0
20230615:1010,641.54,811.08,62.52,21.87,0.9,0.0
20230615:1110,649.89,828.74,60.77,22.76,0.76,0.0
20230615:1210,503.66,630.64,55.05,23.04,0.62,0.0
20230615:1310,465.13,580.11,47.02,23.14,0.55,0.0
20230615:1410,210.41,266.06,37.92,22.96,0.28,0.0
20230615:1510,193.45,250.96,28.46,22.89,0.28,0.0
20230615:1610,91.65,134.66,19.08,22.84,0.55,0.0
20230615:1710,34.09,55.74,10.13,21.81,1.31,0.0
20230615:1810,0.0,0.82,1.94,20.46,1.72,0.0
20230615:1910,0.0,0.0,0.0,19.45,1.59,0.0
20230615:2010,0.0,0.0,0.0,18.31,1.52,0.0
20230615:2110,0.0,0.0,0.0,17.44,1.31,0.0
20230615:2210,0.0,0.0,0.0,16.67,1.17,0.0
20230615:2310,0.0,0.0,0.0,16.09,1.24,0.0
20230616:0010,0.0,0.0,0.0,15.62,1.52,0.0
20230616:0110,0.0,0.0,0.0,15.49,1.38,0.0
20230616:0210,0.0,0.0,0.0,15.34,1.38,0.0
20230616:0310,0.33,6.56,7.83,15.36,1.17,0.0
20230616:0410,6.47,17.84,16.61,16.41,0.69,0.0
20230616:0510,15.01,30.32,25.9,17.91,0.69,0.0
20230616:0610,54.77,80.26,35.37,19.17,0.69,0.0
20230616:0710,198.29,245.78,44.63,18.85,1.03,0.0
20230616:0810,54.57,80.26,53.05,20.16,1.45,0.0
20230616:0910,79.42,109.69,59.57,20.59,1.72,0.0
20230616:1010,93.7,126.63,62.55,21.35,2.07,0.0
20230616:1110,91.59,123.96,60.82,20.9,2.0,0.0
20230616:1210,149.75,190.84,55.11,20.78,2.34,0.0
20230616:1310,54.43,80.26,47.08,21.11,3.1,0.0
20230616:1410,30.48,50.83,37.98,20.38,2.76,0.0
20230616:1510,43.65,66.88,28.52,19.65,2.97,0.0
20230616:1610,39.39,61.53,19.14,18.85,2.55,0.0
20230616:1710,32.06,52.46,10.19,18.53,2.48,0.0
20230616:1810,0.0,1.64,2.0,18.08,2.55,0.0
20230616:1910,0.0,0.0,0.0,17.71,2.34,0.0
20230616:2010,0.0,0.0,0.0,17.31,2.14,0.0
20230616:2110,0.0,0.0,0.0,16.95,1.93,0.0
20230616:2210,0.0,0.0,0.0,16.68,1.79,0.0
20230616:2310,0.0,0.0,0.0,16.38,2.0,0.0
20230617:0010,0.0,0.0,0.0,16.11,2.07,0.0
20230617:0110,0.0,0.0,0.0,15.92,1.86,0.0
20230617:0210,0.0,0.0,0.0,15.35,1.72,0.0
20230617:0310,3.63,13.11,7.83,15.31,0.97,0.0
20230617:0410,6.47,17.84,16.6,16.48,0.28,0.0
20230617:0510,15.0,30.32,25.89,17.95,0.48,0.0
20230617:0610,62.91,90.07,35.36,19.43,0.28,0.0
20230617:0710,117.4,152.49,44.62,18.97,2.14,0.0
20230617:0810,105.39,139.12,53.05,19.48,1.93,0.0
20230617:0910,211.26,261.02,59.58,19.73,1.86,0.0
20230617:1010,166.46,209.57,62.58,19.69,1.59,0.0
20230617:1110,67.48,95.42,60.87,19.88,1.59,0.0
20230617:1210,295.83,360.93,55.16,20.31,1.52,0.0
20230617:1310,200.31,250.26,47.14,21.09,1.38,0.0
20230617:1410,26.76,46.37,38.04,21.52,1.03,0.0
20230617:1510,17.3,33.89,28.58,21.54,0.69,0.0
20230617:1610,83.2,116.44,19.2,20.57,0.07,0.0
20230617:1710,1.37,9.02,10.25,19.95,0.69,0.0
20230617:1810,0.0,0.82,2.05,18.96,1.66,0.0
20230617:1910,0.0,0.0,0.0,17.38,1.59,0.0
20230617:2010,0.0,0.0,0.0,16.73,1.45,0.0
20230617:2110,0.0,0.0,0.0,16.24,1.45,0.0
20230617:2210,0.0,0.0,0.0,15.99,1.31,0.0
20230617:2310,0.0,0.0,0.0,16.02,1.24,0.0
20230618:0010,0.0,0.0,0.0,16.02,1.38,0.0
20230618:0110,0.0,0.0,0.0,15.96,1.59,0.0
20230618:0210,0.0,0.0,0.0,15.84,1.59,0.0
20230618:0310,22.69,40.16,7.82,15.7,1.52,0.0
20230618:0410,46.62,69.53,16.59,15.77,1.45,0.0
20230618:0510,34.0,54.4,25.87,16.23,1.31,0.0
20230618:0610,53.94,78.48,35.35,16.96,1.38,0.0
20230618:0710,98.48,130.2,44.61,17.51,1.45,0.0
20230618:0810,90.28,121.28,53.04,18.67,2.0,0.0
20230618:0910,160.81,202.43,59.58,19.2,1.86,0.0
20230618:1010,178.0,222.95,62.61,19.83,1.66,0.0
20230618:1110,103.91,137.33,60.91,19.28,1.79,0.0
20230618:1210,164.91,206.89,55.21,19.31,2.41,0.0
20230618:1310,58.73,84.72,47.19,19.21,3.1,0.0
20230618:1410,59.58,85.61,38.09,18.93,3.24,0.0
20230618:1510,56.58,82.04,28.63,18.75,2.97,0.0
20230618:1610,27.2,46.37,19.25,18.67,2.41,0.0
20230618:1710,30.15,50.0,10.3,18.03,1.66,0.0
20230618:1810,0.0,0.82,2.1,17.42,1.52,0.0
20230618:1910,0.0,0.0,0.0,16.01,1.79,0.0
20230618:2010,0.0,0.0,0.0,15.42,1.59,0.0
20230618:2110,0.0,0.0,0.0,14.92,1.66,0.0
20230618:2210,0.0,0.0,0.0,14.48,1.59,0.0
20230618:2310,0.0,0.0,0.0,14.25,1.59,0.0
20230619:0010,0.0,0.0,0.0,13.81,1.24,0.0
20230619:0110,0.0,0.0,0.0,13.79,0.9,0.0
20230619:0210,0.0,0.0,0.0,13.6,0.69,0.0
20230619:0310,22.94,40.16,7.8,13.42,0.76,0.0
20230619:0410,11.41,24.97,16.57,14.3,0.69,0.0
20230619:0510,15.19,30.32,25.85,15.77,0.76,0.0
20230619:0610,52.37,76.69,35.33,17.04,0.97,0.0
20230619:0710,60.49,86.5,44.59,18.06,1.79,0.0
20230619:0810,100.33,132.88,53.03,18.8,2.07,0.0
20230619:0910,87.61,118.61,59.58,19.49,2.07,0.0
20230619:1010,285.76,347.17,62.62,19.79,2.21,0.0
20230619:1110,501.62,607.44,60.94,20.23,2.21,0.0
20230619:1210,635.49,777.36,55.25,20.53,2.21,0.0
20230619:1310,608.89,741.94,47.23,20.94,2.21,0.0
20230619:1410,453.19,552.38,38.14,21.12,2.14,0.0
20230619:1510,248.54,326.69,28.68,21.05,1.79,0.0
20230619:1610,70.05,122.75,19.3,21.04,1.59,0.0
20230619:1710,22.73,40.98,10.34,20.53,1.03,0.0
20230619:1810,0.0,2.46,2.14,19.42,1.03,0.0
20230619:1910,0.0,0.0,0.0,17.21,1.45,0.0
20230619:2010,0.0,0.0,0.0,16.01,1.66,0.0
20230619:2110,0.0,0.0,0.0,15.17,1.72,0.0
20230619:2210,0.0,0.0,0.0,14.71,1.79,0.0
20230619:2310,0.0,0.0,0.0,14.19,1.86,0.0
20230620:0010,0.0,0.0,0.0,13.79,1.86,0.0
20230620:0110,0.0,0.0,0.0,13.42,1.72,0.0
20230620:0210,0.0,0.0,0.0,13.0,1.72,0.0
20230620:0310,0.35,6.56,7.78,12.96,1.52,0.0
20230620:0410,6.52,17.84,16.54,15.17,1.1,0.0
20230620:0510,129.49,167.21,25.83,17.32,0.9,0.0
20230620:0610,312.77,383.28,35.3,19.15,0.9,0.0
20230620:0710,486.53,597.96,44.57,20.59,0.76,0.0
20230620:0810,629.28,790.98,53.01,21.99,0.9,0.0
20230620:0910,412.53,509.06,59.58,22.84,1.24,0.0
20230620:1010,240.3,300.43,62.63,23.72,1.72,0.0
20230620:1110,539.31,669.78,60.96,24.36,2.07,0.0
20230620:1210,487.26,601.83,55.28,24.43,2.14,0.0
20230620:1310,35.71,57.97,47.27,22.88,2.21,0.0
20230620:1410,91.35,123.96,38.18,21.73,2.83,0.0
20230620:1510,244.64,319.2,28.72,21.28,2.28,0.0
20230620:1610,66.5,120.93,19.34,21.13,1.17,0.0
20230620:1710,28.38,48.36,10.38,20.84,0.55,0.0
20230620:1810,0.0,3.28,2.18,20.37,1.1,0.0
20230620:1910,0.0,0.0,0.0,19.28,1.59,0.0
20230620:2010,0.0,0.0,0.0,17.5,1.38,0.0
20230620:2110,0.0,0.0,0.0,16.92,0.97,0.0
20230620:2210,0.0,0.0,0.0,17.0,0.62,0.0
20230620:2310,0.0,0.0,0.0,16.44,0.55,0.0
20230621:0010,0.0,0.0,0.0,15.95,0.48,0.0
20230621:0110,0.0,0.0,0.0,14.49,1.1,0.0
20230621:0210,0.0,0.0,0.0,13.07,1.59,0.0
20230621:0310,0.34,6.56,7.76,13.88,0.69,0.0
20230621:0410,65.21,95.21,16.52,15.61,0.41,0.0
20230621:0510,181.45,238.99,25.8,17.41,0.28,0.0
20230621:0610,368.93,455.52,35.27,19.23,0.48,0.0
20230621:0710,488.53,601.04,44.54,20.15,0.55,0.0
20230621:0810,626.27,777.62,52.99,21.6,1.45,0.0
20230621:0910,746.22,948.71,59.56,22.6,1.52,0.0
20230621:1010,535.07,666.9,62.63,23.36,1.38,0.0
20230621:1110,752.64,975.62,60.98,23.72,1.03,0.0
20230621:1210,682.2,883.08,55.31,24.16,0.55,0.0
20230621:1310,578.3,732.19,47.31,24.31,0.69,0.0
20230621:1410,412.94,516.8,38.22,24.3,0.9,0.0
20230621:1510,240.08,320.75,28.76,24.43,0.9,0.0
20230621:1610,67.93,123.15,19.38,24.28,0.69,0.0
20230621:1710,35.06,57.38,10.42,23.33,0.21,0.0
20230621:1810,0.0,0.82,2.21,21.98,0.62,0.0
20230621:1910,0.0,0.0,0.0,22.03,0.83,0.0
20230621:2010,0.0,0.0,0.0,20.95,0.97,0.0
20230621:2110,0.0,0.0,0.0,18.33,1.45,0.0
20230621:2210,0.0,0.0,0.0,17.01,1.93,0.0
20230621:2310,0.0,0.0,0.0,16.49,2.0,0.0
20230622:0010,0.0,0.0,0.0,16.06,2.07,0.0
20230622:0110,0.0,0.0,0.0,15.78,2.07,0.0
20230622:0210,0.0,0.0,0.0,15.64,2.0,0.0
20230622:0310,1.83,9.84,7.73,15.69,1.86,0.0
20230622:0410,70.88,100.9,16.48,17.51,1.45,0.0
20230622:0510,184.11,251.19,25.76,19.94,1.52,0.0
20230622:0610,368.2,454.73,35.24,21.75,1.79,0.0
20230622:0710,462.87,566.19,44.51,23.7,2.48,0.0
20230622:0810,540.01,666.05,52.96,24.81,2.69,0.0
20230622:0910,756.26,957.91,59.54,25.86,2.83,0.0
20230622:1010,787.5,1010.22,62.63,26.49,2.62,0.0
20230622:1110,762.43,979.29,61.0,26.9,2.41,0.0
20230622:1210,699.42,892.07,55.33,27.1,2.21,0.0
20230622:1310,564.02,707.85,47.34,27.3,2.21,0.0
20230622:1410,276.64,348.26,38.25,27.32,2.41,0.0
20230622:1510,176.09,230.5,28.79,26.88,2.21,0.0
20230622:1610,64.05,94.06,19.41,26.16,2.0,0.0
20230622:1710,32.24,54.1,10.45,25.13,1.86,0.0
20230622:1810,0.0,3.28,2.24,23.6,2.21,0.0
20230622:1910,0.0,0.0,0.0,22.88,2.14,0.0
20230622:2010,0.0,0.0,0.0,21.33,2.21,0.0
20230622:2110,0.0,0.0,0.0,20.31,2.34,0.0
20230622:2210,0.0,0.0,0.0,19.75,2.21,0.0
20230622:2310,0.0,0.0,0.0,19.04,1.86,0.0
20230623:0010,0.0,0.0,0.0,18.42,1.59,0.0
20230623:0110,0.0,0.0,0.0,17.89,1.93,0.0
20230623:0210,0.0,0.0,0.0,17.62,2.0,0.0
20230623:0310,0.01,5.74,7.69,17.65,1.59,0.0
20230623:0410,71.75,101.72,16.44,18.97,0.83,0.0
20230623:0510,178.88,243.91,25.73,20.73,0.55,0.0
20230623:0610,354.8,445.65,35.2,22.28,0.28,0.0
20230623:0710,520.84,652.31,44.47,23.83,0.76,0.0
20230623:0810,619.34,788.08,52.92,25.11,1.03,0.0
20230623:0910,666.77,861.96,59.52,25.78,0.97,0.0
20230623:1010,669.87,867.99,62.62,26.35,1.1,0.0
20230623:1110,626.83,811.55,61.0,26.8,0.9,0.0
20230623:1210,48.23,74.91,55.35,27.33,0.62,0.0
20230623:1310,45.32,71.34,47.36,27.82,1.38,0.0
20230623:1410,80.44,114.15,38.27,27.62,2.28,0.0
20230623:1510,49.35,75.8,28.82,25.99,1.45,0.0
20230623:1610,86.27,123.08,19.43,25.28,1.03,0.0
20230623:1710,29.71,50.82,10.47,24.83,1.31,0.0
20230623:1810,0.0,2.46,2.26,23.63,1.66,0.0
20230623:1910,0.0,0.0,0.0,20.43,1.72,0.0
20230623:2010,0.0,0.0,0.0,20.16,1.72,0.0
20230623:2110,0.0,0.0,0.0,19.94,2.21,0.0
20230623:2210,0.0,0.0,0.0,19.79,2.41,0.0
20230623:2310,0.0,0.0,0.0,19.77,2.14,0.0
20230624:0010,0.0,0.0,0.0,19.73,1.79,0.0
20230624:0110,0.0,0.0,0.0,19.58,1.52,0.0
20230624:0210,0.0,0.0,0.0,19.39,1.17,0.0
20230624:0310,0.0,5.74,7.65,19.37,1.17,0.0
20230624:0410,6.35,17.84,16.4,19.57,1.24,0.0
20230624:0510,26.31,45.48,25.68,19.77,1.17,0.0
20230624:0610,135.92,175.68,35.16,20.97,1.17,0.0
20230624:0710,497.35,604.57,44.43,22.23,2.41,0.0
20230624:0810,597.7,730.74,52.88,23.15,3.03,0.0
20230624:0910,414.15,504.74,59.48,23.65,3.24,0.0
20230624:1010,351.95,430.72,62.6,23.89,3.24,0.0
20230624:1110,166.52,213.14,61.0,24.46,3.24,0.0
20230624:1210,171.13,218.49,55.36,24.46,3.31,0.0
20230624:1310,262.33,324.74,47.38,24.51,3.45,0.0
20230624:1410,228.72,285.02,38.3,24.14,3.59,0.0
20230624:1510,186.84,239.5,28.84,23.34,3.31,0.0
20230624:1610,89.65,125.64,19.45,22.09,2.69,0.0
20230624:1710,5.4,16.39,10.49,21.09,2.34,0.0
20230624:1810,0.0,1.64,2.27,20.36,2.28,0.0
20230624:1910,0.0,0.0,0.0,20.36,2.14,0.0
20230624:2010,0.0,0.0,0.0,19.71,2.14,0.0
20230624:2110,0.0,0.0,0.0,19.05,2.41,0.0
20230624:2210,0.0,0.0,0.0,18.66,2.76,0.0
20230624:2310,0.0,0.0,0.0,18.41,2.97,0.0
20230625:0010,0.0,0.0,0.0,17.94,2.97,0.0
20230625:0110,0.0,0.0,0.0,17.45,2.97,0.0
20230625:0210,0.0,0.0,0.0,16.92,2.83,0.0
20230625:0310,0.01,5.74,7.6,16.5,2.34,0.0
20230625:0410,6.46,17.84,16.35,16.73,1.93,0.0
20230625:0510,23.87,41.91,25.63,17.34,2.48,0.0
20230625:0610,303.18,366.07,35.11,18.31,2.69,0.0
20230625:0710,319.35,383.71,44.38,19.34,2.76,0.0
20230625:0810,173.66,217.59,52.84,20.32,2.9,0.0
20230625:0910,571.93,691.65,59.45,21.0,3.17,0.0
20230625:1010,389.0,468.98,62.58,21.17,3.31,0.0
20230625:1110,481.41,579.87,60.99,21.36,3.45,0.0
20230625:1210,407.82,492.11,55.37,21.86,3.38,0.0
20230625:1310,585.02,708.8,47.39,22.26,3.24,0.0
20230625:1410,350.87,426.97,38.31,22.23,3.03,0.0
20230625:1510,245.76,319.69,28.86,22.22,2.9,0.0
20230625:1610,67.86,123.28,19.47,20.4,3.31,0.0
20230625:1710,3.99,13.93,10.5,19.79,2.34,0.0
20230625:1810,0.0,3.28,2.28,19.23,2.0,0.0
20230625:1910,0.0,0.0,0.0,19.15,2.07,0.0
20230625:2010,0.0,0.0,0.0,18.07,1.93,0.0
20230625:2110,0.0,0.0,0.0,17.24,1.93,0.0
20230625:2210,0.0,0.0,0.0,16.61,2.0,0.0
20230625:2310,0.0,0.0,0.0,16.32,2.14,0.0
20230626:0010,0.0,0.0,0.0,15.83,2.41,0.0
20230626:0110,0.0,0.0,0.0,15.23,2.48,0.0
20230626:0210,0.0,0.0,0.0,14.61,2.28,0.0
20230626:0310,8.32,20.49,7.55,14.17,2.07,0.0
20230626:0410,37.3,64.09,16.3,15.14,1.86,0.0
20230626:0510,187.91,258.54,25.58,16.91,2.07,0.0
20230626:0610,400.19,486.17,35.05,18.54,2.21,0.0
20230626:0710,570.41,691.38,44.32,20.36,2.21,0.0
20230626:0810,706.55,872.77,52.79,21.91,2.48,0.0
20230626:0910,785.59,978.75,59.4,22.98,3.17,0.0
20230626:1010,698.24,860.8,62.54,23.14,3.52,0.0
20230626:1110,785.59,976.56,60.98,23.11,3.45,0.0
20230626:1210,706.18,869.6,55.37,22.94,3.24,0.0
20230626:1310,584.11,710.2,47.4,22.86,3.24,0.0
20230626:1410,441.48,537.61,38.32,22.94,3.31,0.0
20230626:1510,246.9,320.76,28.87,22.81,3.17,0.0
20230626:1610,72.4,127.64,19.48,22.49,2.83,0.0
20230626:1710,28.3,48.36,10.51,21.72,2.34,0.0
20230626:1810,0.0,4.1,2.28,20.44,2.21,0.0
20230626:1910,0.0,0.0,0.0,19.7,1.66,0.0
20230626:2010,0.0,0.0,0.0,19.16,0.9,0.0
20230626:2110,0.0,0.0,0.0,17.49,1.38,0.0
20230626:2210,0.0,0.0,0.0,16.8,1.86,0.0
20230626:2310,0.0,0.0,0.0,16.45,2.0,0.0
20230627:0010,0.0,0.0,0.0,15.98,2.07,0.0
20230627:0110,0.0,0.0,0.0,15.55,2.07,0.0
20230627:0210,0.0,0.0,0.0,15.33,2.07,0.0
20230627:0310,3.16,12.3,7.49,15.16,2.0,0.0
20230627:0410,30.36,49.94,16.24,16.45,1.79,0.0
20230627:0510,14.98,30.32,25.52,18.37,2.28,0.0
20230627:0610,30.64,50.83,34.99,19.38,2.83,0.0
20230627:0710,97.51,130.2,44.27,20.31,3.45,0.0
20230627:0810,97.42,130.2,52.73,20.43,3.24,0.0
20230627:0910,172.67,216.7,59.35,20.57,2.9,0.0
20230627:1010,141.07,181.03,62.5,21.14,2.62,0.0
20230627:1110,215.3,263.71,60.96,19.37,3.59,0.0
20230627:1210,221.74,270.47,55.36,18.88,3.52,0.0
20230627:1310,208.16,254.77,47.4,19.04,4.0,0.0
20230627:1410,119.91,155.17,38.33,19.54,4.34,0.0
20230627:1510,124.34,160.35,28.87,19.43,4.9,0.0
20230627:1610,47.53,71.34,19.49,19.04,3.79,0.0
20230627:1710,25.53,44.26,10.51,18.78,3.31,0.0
20230627:1810,1.39,9.02,2.28,18.35,3.17,0.0
20230627:1910,0.0,0.0,0.0,17.51,3.66,0.0
20230627:2010,0.0,0.0,0.0,16.9,3.66,0.0
20230627:2110,0.0,0.0,0.0,16.2,3.86,0.0
20230627:2210,0.0,0.0,0.0,15.65,4.14,0.0
20230627:2310,0.0,0.0,0.0,15.13,4.21,0.0
20230628:0010,0.0,0.0,0.0,14.63,4.0,0.0
20230628:0110,0.0,0.0,0.0,13.95,3.79,0.0
20230628:0210,0.0,0.0,0.0,13.45,4.0,0.0
20230628:0310,17.27,32.79,7.43,13.33,4.14,0.0
20230628:0410,72.45,100.16,16.18,14.03,3.72,0.0
20230628:0510,188.71,255.53,25.46,15.09,4.55,0.0
20230628:0610,409.67,483.16,34.93,16.09,5.72,0.0
20230628:0710,585.54,680.26,44.2,17.03,5.59,0.0
20230628:0810,598.06,697.26,52.67,17.67,6.0,0.0
20230628:0910,555.96,651.34,59.29,18.47,6.07,0.0
20230628:1010,680.53,804.25,62.46,19.09,6.0,0.0
20230628:1110,805.45,960.85,60.93,19.39,5.79,0.0
20230628:1210,650.87,768.27,55.35,19.26,5.66,0.0
20230628:1310,464.15,546.58,47.4,19.71,5.72,0.0
20230628:1410,106.75,140.01,38.33,19.49,5.31,0.0
20230628:1510,31.7,51.72,28.87,17.49,4.83,0.0
20230628:1610,77.73,106.31,19.48,16.37,3.79,0.0
20230628:1710,14.55,29.51,10.51,16.47,3.45,0.0
20230628:1810,0.0,0.82,2.27,16.18,3.52,0.0
20230628:1910,0.0,0.0,0.0,15.15,3.93,0.0
20230628:2010,0.0,0.0,0.0,14.62,3.86,0.0
20230628:2110,0.0,0.0,0.0,14.29,3.93,0.0
20230628:2210,0.0,0.0,0.0,13.94,4.07,0.0
20230628:2310,0.0,0.0,0.0,13.81,4.14,0.0
20230629:0010,0.0,0.0,0.0,13.8,4.14,0.0
20230629:0110,0.0,0.0,0.0,13.74,4.21,0.0
20230629:0210,0.0,0.0,0.0,13.68,4.34,0.0
20230629:0310,0.02,5.74,7.36,13.71,4.41,0.0
20230629:0410,24.31,41.91,16.11,14.1,4.34,0.0
20230629:0510,179.7,231.02,25.39,15.27,4.28,0.0
20230629:0610,238.71,286.13,34.86,16.78,5.79,0.0
20230629:0710,217.91,262.57,44.14,17.32,6.14,0.0
20230629:0810,138.45,174.79,52.6,18.1,5.72,0.0
20230629:0910,182.12,224.73,59.23,18.93,5.31,0.0
20230629:1010,542.57,641.29,62.41,19.61,5.45,0.0
20230629:1110,712.88,850.84,60.89,20.47,5.66,0.0
20230629:1210,633.36,753.33,55.33,21.02,5.66,0.0
20230629:1310,204.1,251.89,47.39,21.24,5.45,0.0
20230629:1410,248.6,302.28,38.32,20.27,4.21,0.0
20230629:1510,77.4,107.01,28.87,20.66,4.41,0.0
20230629:1610,78.31,131.21,19.48,21.02,4.28,0.0
20230629:1710,31.17,51.64,10.5,20.2,4.14,0.0
20230629:1810,0.65,7.38,2.25,18.61,3.59,0.0
20230629:1910,0.0,0.0,0.0,17.31,3.1,0.0
20230629:2010,0.0,0.0,0.0,16.57,3.24,0.0
20230629:2110,0.0,0.0,0.0,16.18,3.45,0.0
20230629:2210,0.0,0.0,0.0,15.98,3.38,0.0
20230629:2310,0.0,0.0,0.0,15.92,3.31,0.0
20230630:0010,0.0,0.0,0.0,15.59,3.31,0.0
20230630:0110,0.0,0.0,0.0,15.25,3.24,0.0
20230630:0210,0.0,0.0,0.0,14.99,3.17,0.0
20230630:0310,0.02,5.74,7.29,14.8,3.1,0.0
20230630:0410,55.47,82.44,16.04,15.52,2.9,0.0
20230630:0510,182.8,250.74,25.32,16.93,3.03,0.0
20230630:0610,390.35,470.03,34.79,18.32,3.45,0.0
20230630:0710,572.89,682.64,44.06,19.85,3.72,0.0
20230630:0810,685.7,826.97,52.53,21.37,4.14,0.0
20230630:0910,723.21,879.28,59.16,22.51,4.62,0.0
20230630:1010,767.03,940.12,62.35,23.35,4.76,0.0
20230630:1110,0.0,0.0,0.0,23.78,4.48,0.0
20230630:1210,669.84,819.97,55.3,24.01,4.07,0.0
20230630:1310,611.5,743.83,47.37,23.86,3.86,0.0
20230630:1410,372.71,453.92,38.31,23.67,4.0,0.0
20230630:1510,251.08,327.34,28.86,23.37,3.79,0.0
20230630:1610,70.66,127.19,19.47,22.06,2.76,0.0
20230630:1710,36.16,58.2,10.48,21.43,2.21,0.0
20230630:1810,1.36,9.02,2.23,20.59,1.93,0.0
20230630:1910,0.0,0.0,0.0,19.58,2.21,0.0
20230630:2010,0.0,0.0,0.0,18.54,2.14,0.0
20230630:2110,0.0,0.0,0.0,17.66,2.07,0.0
20230630:2210,0.0,0.0,0.0,17.07,2.07,0.0
20230630:2310,0.0,0.0,0.0,16.65,2.14,0.0
20230701:0010,0.0,0.0,0.0,16.42,2.21,0.0
20230701:0110,0.0,0.0,0.0,16.18,2.14,0.0
20230701:0210,0.0,0.0,0.0,15.96,2.14,0.0
20230701:0310,0.01,5.74,7.21,15.87,2.14,0.0
20230701:0410,67.86,95.94,15.96,16.93,1.93,0.0
20230701:0510,25.78,44.59,25.24,18.72,2.0,0.0
20230701:0610,134.63,173.0,34.72,20.08,2.21,0.0
20230701:0710,178.57,223.63,43.99,20.61,2.55,0.0
20230701:0810,326.81,395.44,52.45,20.71,2.62,0.0
20230701:0910,147.29,188.17,59.08,20.88,2.21,0.0
20230701:1010,113.42,148.93,62.28,20.53,2.21,0.0
20230701:1110,352.6,427.39,60.8,20.39,2.0,0.0
20230701:1210,304.29,369.64,55.27,20.14,1.93,0.0
20230701:1310,315.99,384.6,47.35,21.05,1.93,0.0
20230701:1410,380.72,463.14,38.3,22.3,2.9,0.0
20230701:1510,215.39,275.08,28.84,22.6,3.24,0.0
20230701:1610,74.66,128.99,19.45,22.42,2.34,0.0
20230701:1710,12.97,27.87,10.46,21.58,1.86,0.0
20230701:1810,0.0,2.46,2.2,20.52,1.93,0.0
20230701:1910,0.0,0.0,0.0,19.6,1.79,0.0
20230701:2010,0.0,0.0,0.0,18.8,2.0,0.0
20230701:2110,0.0,0.0,0.0,18.33,2.07,0.0
20230701:2210,0.0,0.0,0.0,18.04,1.86,0.0
20230701:2310,0.0,0.0,0.0,17.83,1.72,0.0
20230702:0010,0.0,0.0,0.0,17.49,1.79,0.0
20230702:0110,0.0,0.0,0.0,17.3,1.79,0.0
20230702:0210,0.0,0.0,0.0,16.9,1.79,0.0
20230702:0310,0.66,7.38,7.13,16.77,1.59,0.0
20230702:0410,27.3,46.37,15.88,17.73,1.24,0.0
20230702:0510,141.05,183.53,25.16,19.46,1.72,0.0
20230702:0610,368.05,450.98,34.64,20.71,2.41,0.0
20230702:0710,505.47,606.54,43.91,21.06,3.31,0.0
20230702:0810,566.09,687.98,52.37,22.58,3.17,0.0
20230702:0910,594.81,729.58,59.0,23.94,3.38,0.0
20230702:1010,655.29,809.61,62.21,24.98,3.79,0.0
20230702:1110,359.73,442.11,60.75,25.64,3.93,0.0
20230702:1210,83.61,116.82,55.23,25.87,3.93,0.0
20230702:1310,506.02,618.85,47.32,25.75,3.93,0.0
20230702:1410,437.86,533.87,38.27,24.62,4.34,0.0
20230702:1510,237.42,306.09,28.82,22.89,3.52,0.0
20230702:1610,66.82,95.89,19.43,22.57,2.55,0.0
20230702:1710,33.42,54.92,10.43,22.13,2.48,0.0
20230702:1810,0.0,2.46,2.17,21.2,2.55,0.0
20230702:1910,0.0,0.0,0.0,20.84,2.62,0.0
20230702:2010,0.0,0.0,0.0,20.03,2.69,0.0
20230702:2110,0.0,0.0,0.0,19.37,2.48,0.0
20230702:2210,0.0,0.0,0.0,18.77,2.28,0.0
20230702:2310,0.0,0.0,0.0,18.35,2.14,0.0
20230703:0010,0.0,0.0,0.0,17.72,2.14,0.0
20230703:0110,0.0,0.0,0.0,16.88,2.21,0.0
20230703:0210,0.0,0.0,0.0,16.21,2.28,0.0
20230703:0310,18.25,34.43,7.04,15.93,2.34,0.0
20230703:0410,39.84,64.35,15.8,16.73,1.93,0.0
20230703:0510,180.72,249.12,25.08,17.94,2.14,0.0
20230703:0610,379.69,463.41,34.55,19.3,2.07,0.0
20230703:0710,552.02,670.81,43.82,20.66,2.0,0.0
20230703:0810,696.66,855.25,52.29,21.49,2.69,0.0
20230703:0910,765.74,945.49,58.92,22.25,3.38,0.0
20230703:1010,777.88,962.55,62.13,22.85,3.72,0.0
20230703:1110,795.01,988.97,60.68,23.01,3.45,0.0
20230703:1210,618.21,757.52,55.19,23.3,3.24,0.0
20230703:1310,541.61,661.44,47.29,23.47,2.9,0.0
20230703:1410,442.96,543.34,38.25,23.42,2.55,0.0
20230703:1510,239.44,309.91,28.8,23.1,2.07,0.0
20230703:1610,73.89,130.46,19.4,22.85,2.07,0.0
20230703:1710,34.73,56.56,10.4,21.91,1.45,0.0
20230703:1810,0.0,1.64,2.13,20.73,1.24,0.0
20230703:1910,0.0,0.0,0.0,19.81,2.34,0.0
20230703:2010,0.0,0.0,0.0,19.08,2.55,0.0
20230703:2110,0.0,0.0,0.0,18.68,2.69,0.0
20230703:2210,0.0,0.0,0.0,18.3,2.83,0.0
20230703:2310,0.0,0.0,0.0,17.94,2.9,0.0
20230704:0010,0.0,0.0,0.0,17.51,2.83,0.0
20230704:0110,0.0,0.0,0.0,17.01,2.69,0.0
20230704:0210,0.0,0.0,0.0,16.49,2.48,0.0
20230704:0310,0.0,4.92,6.95,16.15,2.28,0.0
20230704:0410,11.24,24.97,15.71,17.09,1.72,0.0
20230704:0510,175.22,238.51,24.99,19.28,1.66,0.0
20230704:0610,361.56,447.57,34.46,21.34,1.45,0.0
20230704:0710,530.18,652.59,43.73,22.75,1.66,0.0
20230704:0810,545.28,678.14,52.19,24.09,1.66,0.0
20230704:0910,731.83,936.48,58.82,25.17,1.79,0.0
20230704:1010,682.99,867.11,62.04,26.06,2.28,0.0
20230704:1110,391.88,486.23,60.62,26.24,2.55,0.0
20230704:1210,409.89,507.61,55.14,26.11,2.55,0.0
20230704:1310,525.34,651.49,47.25,25.82,2.41,0.0
20230704:1410,38.17,61.53,38.21,24.98,2.62,0.0
20230704:1510,48.64,74.02,28.77,23.23,2.14,0.0
20230704:1610,22.56,41.02,19.37,22.26,1.52,0.0
20230704:1710,8.49,21.31,10.36,21.65,1.17,0.0
20230704:1810,0.0,2.46,2.09,21.06,1.17,0.0
20230704:1910,0.0,0.0,0.0,20.23,1.72,0.0
20230704:2010,0.0,0.0,0.0,19.56,2.07,0.0
20230704:2110,0.0,0.0,0.0,19.19,2.07,0.0
20230704:2210,0.0,0.0,0.0,18.79,2.14,0.0
20230704:2310,0.0,0.0,0.0,18.28,2.07,0.0
20230705:0010,0.0,0.0,0.0,17.6,1.93,0.0
20230705:0110,0.0,0.0,0.0,16.96,1.86,0.0
20230705:0210,0.0,0.0,0.0,16.44,1.79,0.0
20230705:0310,0.0,4.92,6.86,16.08,1.72,0.0
20230705:0410,67.0,94.22,15.61,17.32,1.17,0.0
20230705:0510,171.98,231.3,24.89,19.25,1.1,0.0
20230705:0610,355.05,441.82,34.37,20.88,0.62,0.0
20230705:0710,0.0,0.0,0.0,22.62,0.62,0.0
20230705:0810,629.72,797.08,52.1,24.09,1.1,0.0
20230705:0910,708.93,906.16,58.73,25.09,1.66,0.0
20230705:1010,743.24,953.44,61.95,25.66,2.0,0.0
20230705:1110,728.62,932.85,60.54,25.83,2.0,0.0
20230705:1210,670.09,847.34,55.08,25.93,2.14,0.0
20230705:1310,574.47,714.37,47.21,25.86,2.41,0.0
20230705:1410,425.91,529.14,38.17,25.93,2.41,0.0
20230705:1510,245.82,325.0,28.73,25.67,2.28,0.0
20230705:1610,74.12,130.32,19.33,25.29,1.86,0.0
20230705:1710,34.94,57.38,10.32,24.43,1.93,0.0
20230705:1810,0.61,7.38,2.04,23.26,2.07,0.0
20230705:1910,0.0,0.0,0.0,22.27,2.07,0.0
20230705:2010,0.0,0.0,0.0,21.32,2.07,0.0
20230705:2110,0.0,0.0,0.0,20.66,2.0,0.0
20230705:2210,0.0,0.0,0.0,19.95,2.21,0.0
20230705:2310,0.0,0.0,0.0,19.69,2.48,0.0
20230706:0010,0.0,0.0,0.0,19.52,2.41,0.0
20230706:0110,0.0,0.0,0.0,19.16,2.07,0.0
20230706:0210,0.0,0.0,0.0,18.77,2.21,0.0
20230706:0310,0.0,4.92,6.76,18.64,2.48,0.0
20230706:0410,66.5,94.32,15.51,19.28,2.21,0.0
20230706:0510,173.23,244.21,24.8,20.77,2.48,0.0
20230706:0610,361.07,446.05,34.27,22.49,2.55,0.0
20230706:0710,345.27,422.23,43.54,22.13,1.66,0.0
20230706:0810,628.11,786.66,51.99,23.55,1.52,0.0
20230706:0910,666.78,846.27,58.62,24.67,1.59,0.0
20230706:1010,340.05,424.05,61.85,25.28,1.45,0.0
20230706:1110,243.02,307.77,60.46,26.07,1.24,0.0
20230706:1210,409.25,513.95,55.02,26.16,1.03,0.0
20230706:1310,305.95,387.64,47.15,26.49,0.28,0.0
20230706:1410,233.43,296.55,38.13,26.3,1.1,0.0
20230706:1510,215.01,275.19,28.69,23.67,4.0,0.0
20230706:1610,91.29,127.72,19.28,21.84,3.45,0.0
20230706:1710,2.58,11.48,10.27,21.51,2.83,0.0
20230706:1810,0.0,1.64,1.98,21.05,2.83,0.0
20230706:1910,0.0,0.0,0.0,21.38,2.69,0.0
20230706:2010,0.0,0.0,0.0,20.45,3.24,0.0
20230706:2110,0.0,0.0,0.0,19.78,3.38,0.0
20230706:2210,0.0,0.0,0.0,19.2,3.03,0.0
20230706:2310,0.0,0.0,0.0,18.78,2.83,0.0
20230707:0010,0.0,0.0,0.0,18.34,3.03,0.0
20230707:0110,0.0,0.0,0.0,18.11,3.31,0.0
20230707:0210,0.0,0.0,0.0,17.86,3.38,0.0
20230707:0310,0.0,4.92,6.65,17.76,3.31,0.0
20230707:0410,58.97,84.6,15.41,17.92,3.38,0.0
20230707:0510,93.54,124.81,24.69,18.38,4.21,0.0
20230707:0610,312.73,376.15,34.17,18.61,4.07,0.0
20230707:0710,436.86,515.19,43.43,19.3,5.03,0.0
20230707:0810,565.48,669.86,51.89,20.19,5.1,0.0
20230707:0910,744.05,897.85,58.51,21.16,4.83,0.0
20230707:1010,783.28,952.96,61.75,21.84,4.83,0.0
20230707:1110,448.11,536.96,60.37,22.15,5.03,0.0
20230707:1210,515.16,616.5,54.95,22.42,5.24,0.0
20230707:1310,613.77,733.66,47.1,22.64,5.45,0.0
20230707:1410,367.27,441.99,38.08,22.51,5.59,0.0
20230707:1510,262.25,338.22,28.64,22.11,5.45,0.0
20230707:1610,96.86,135.86,19.23,21.49,4.62,0.0
20230707:1710,33.7,54.92,10.21,20.72,4.0,0.0
20230707:1810,0.64,7.38,1.92,19.65,3.45,0.0
20230707:1910,0.0,0.0,0.0,18.56,2.9,0.0
20230707:2010,0.0,0.0,0.0,17.63,2.9,0.0
20230707:2110,0.0,0.0,0.0,16.97,2.9,0.0
20230707:2210,0.0,0.0,0.0,16.41,2.83,0.0
20230707:2310,0.0,0.0,0.0,15.95,2.83,0.0
20230708:0010,0.0,0.0,0.0,15.44,2.69,0.0
20230708:0110,0.0,0.0,0.0,14.87,2.62,0.0
20230708:0210,0.0,0.0,0.0,14.32,2.62,0.0
20230708:0310,1.45,9.02,6.54,14.11,2.62,0.0
20230708:0410,66.46,92.47,15.3,14.87,2.41,0.0
20230708:0510,177.17,234.31,24.59,16.49,2.55,0.0
20230708:0610,361.23,436.31,34.07,18.25,2.76,0.0
20230708:0710,553.52,658.05,43.33,19.34,3.66,0.0
20230708:0810,714.84,859.46,51.78,20.51,4.28,0.0
20230708:0910,790.47,961.85,58.4,21.49,4.55,0.0
20230708:1010,850.57,1046.87,61.64,22.31,4.62,0.0
20230708:1110,812.72,997.73,60.27,22.97,4.76,0.0
20230708:1210,580.61,701.04,54.87,23.57,5.03,0.0
20230708:1310,435.01,523.63,47.03,23.54,5.03,0.0
20230708:1410,396.66,480.37,38.02,23.46,4.76,0.0
20230708:1510,252.51,325.27,28.58,22.92,4.0,0.0
20230708:1610,73.86,131.07,19.17,22.48,3.17,0.0
20230708:1710,34.15,55.74,10.15,21.65,2.21,0.0
20230708:1810,0.0,4.92,1.85,20.25,2.0,0.0
20230708:1910,0.0,0.0,0.0,18.95,2.34,0.0
20230708:2010,0.0,0.0,0.0,17.79,2.14,0.0
20230708:2110,0.0,0.0,0.0,16.55,1.72,0.0
20230708:2210,0.0,0.0,0.0,16.32,1.24,0.0
20230708:2310,0.0,0.0,0.0,17.16,0.9,0.0
20230709:0010,0.0,0.0,0.0,14.86,1.45,0.0
20230709:0110,0.0,0.0,0.0,13.66,1.72,0.0
20230709:0210,0.0,0.0,0.0,13.16,1.79,0.0
20230709:0310,7.28,18.85,6.43,13.02,1.66,0.0
20230709:0410,48.6,71.98,15.19,15.24,0.97,0.0
20230709:0510,166.51,220.6,24.48,18.52,0.83,0.0
20230709:0610,369.57,457.29,33.96,20.5,1.17,0.0
20230709:0710,535.35,660.9,43.22,21.93,1.17,0.0
20230709:0810,661.22,825.47,51.66,23.01,1.79,0.0
20230709:0910,762.62,951.88,58.28,23.68,3.1,0.0
20230709:1010,684.82,844.72,61.52,24.08,3.79,0.0
20230709:1110,587.04,720.2,60.17,24.49,3.72,0.0
20230709:1210,415.23,507.31,54.79,25.04,3.86,0.0
20230709:1310,534.58,651.28,46.97,25.06,4.14,0.0
20230709:1410,440.41,535.49,37.96,24.18,4.41,0.0
20230709:1510,259.05,337.61,28.52,23.87,4.07,0.0
20230709:1610,80.18,134.22,19.11,23.18,3.17,0.0
20230709:1710,33.4,54.92,10.08,22.23,2.41,0.0
20230709:1810,0.0,4.92,1.77,20.64,2.41,0.0
20230709:1910,0.0,0.0,0.0,19.68,2.83,0.0
20230709:2010,0.0,0.0,0.0,18.47,2.62,0.0
20230709:2110,0.0,0.0,0.0,17.47,2.34,0.0
20230709:2210,0.0,0.0,0.0,16.58,2.21,0.0
20230709:2310,0.0,0.0,0.0,15.87,2.28,0.0
20230710:0010,0.0,0.0,0.0,15.19,2.34,0.0
20230710:0110,0.0,0.0,0.0,14.74,2.34,0.0
20230710:0210,0.0,0.0,0.0,14.4,2.34,0.0
20230710:0310,16.56,31.97,6.31,14.21,2.28,0.0
20230710:0410,42.07,63.93,15.08,15.38,2.0,0.0
20230710:0510,176.22,244.52,24.37,17.55,2.21,0.0
20230710:0610,378.47,460.54,33.84,19.21,2.55,0.0
20230710:0710,566.23,675.05,43.1,20.35,4.0,0.0
20230710:0810,699.27,839.0,51.54,21.07,4.69,0.0
20230710:0910,706.8,853.23,58.15,21.51,4.76,0.0
20230710:1010,708.51,858.79,61.39,22.22,4.9,0.0
20230710:1110,673.31,816.48,60.06,22.89,4.9,0.0
20230710:1210,648.27,785.63,54.7,23.51,4.9,0.0
20230710:1310,451.7,544.79,46.89,23.99,4.97,0.0
20230710:1410,400.13,486.06,37.89,23.96,4.55,0.0
20230710:1510,262.45,342.19,28.46,23.99,4.21,0.0
20230710:1610,95.91,136.16,19.04,23.43,3.1,0.0
20230710:1710,32.72,54.1,10.01,22.36,2.41,0.0
20230710:1810,0.0,4.1,1.69,20.49,2.41,0.0
20230710:1910,0.0,0.0,0.0,19.19,2.55,0.0
20230710:2010,0.0,0.0,0.0,18.03,2.28,0.0
20230710:2110,0.0,0.0,0.0,16.88,1.86,0.0
20230710:2210,0.0,0.0,0.0,15.78,1.38,0.0
20230710:2310,0.0,0.0,0.0,16.11,1.03,0.0
20230711:0010,0.0,0.0,0.0,16.24,0.97,0.0
20230711:0110,0.0,0.0,0.0,15.25,1.1,0.0
20230711:0210,0.0,0.0,0.0,15.69,0.62,0.0
20230711:0310,0.0,4.92,6.19,15.46,0.55,0.0
20230711:0410,4.59,14.75,14.96,15.51,0.28,0.0
20230711:0510,13.82,28.54,24.25,16.47,0.55,0.0
20230711:0610,64.29,90.96,33.73,17.67,0.69,0.0
20230711:0710,277.96,338.94,42.98,18.66,0.62,0.0
20230711:0810,372.85,450.4,51.42,19.38,1.52,0.0
20230711:0910,671.75,820.54,58.02,19.33,2.28,0.0
20230711:1010,108.07,141.79,61.26,19.18,2.76,0.0
20230711:1110,146.46,184.6,59.95,18.05,2.9,0.0
20230711:1210,348.07,413.73,54.6,17.51,2.9,0.0
20230711:1310,437.27,516.97,46.81,17.33,2.83,0.0
20230711:1410,101.43,133.77,37.82,18.53,3.03,0.0
20230711:1510,223.52,280.42,28.38,19.08,2.83,0.0
20230711:1610,82.4,134.49,18.97,19.4,2.76,0.0
20230711:1710,29.32,49.18,9.93,19.18,1.86,0.0
20230711:1810,0.0,2.46,1.6,18.4,1.45,0.0
20230711:1910,0.0,0.0,0.0,17.18,2.0,0.0
20230711:2010,0.0,0.0,0.0,16.26,1.72,0.0
20230711:2110,0.0,0.0,0.0,15.74,1.38,0.0
20230711:2210,0.0,0.0,0.0,15.11,1.24,0.0
20230711:2310,0.0,0.0,0.0,14.88,1.45,0.0
20230712:0010,0.0,0.0,0.0,14.7,1.52,0.0
20230712:0110,0.0,0.0,0.0,14.79,1.59,0.0
20230712:0210,0.0,0.0,0.0,14.65,1.72,0.0
20230712:0310,0.0,4.1,6.06,14.86,1.66,0.0
20230712:0410,52.3,76.23,14.84,15.92,1.52,0.0
20230712:0510,171.9,236.59,24.13,17.2,1.93,0.0
20230712:0610,372.27,452.56,33.61,18.9,2.48,0.0
20230712:0710,544.91,657.28,42.86,20.27,2.41,0.0
20230712:0810,660.12,808.16,51.29,21.6,2.62,0.0
20230712:0910,742.07,915.81,57.88,23.16,3.59,0.0
20230712:1010,793.84,988.96,61.13,24.08,3.79,0.0
20230712:1110,685.15,852.92,59.82,24.69,3.17,0.0
20230712:1210,673.71,841.04,54.5,25.82,3.1,0.0
20230712:1310,595.98,737.75,46.72,26.25,3.17,0.0
20230712:1410,433.01,536.96,37.74,26.37,2.9,0.0
20230712:1510,248.84,328.76,28.31,26.06,2.55,0.0
20230712:1610,85.48,136.81,18.89,25.43,2.21,0.0
20230712:1710,12.2,27.05,9.84,24.44,2.41,0.0
20230712:1810,0.0,0.82,1.51,23.25,2.97,0.0
20230712:1910,0.0,0.0,0.0,20.45,2.62,0.0
20230712:2010,0.0,0.0,0.0,19.24,2.41,0.0
20230712:2110,0.0,0.0,0.0,18.77,2.69,0.0
20230712:2210,0.0,0.0,0.0,18.84,2.69,0.0
20230712:2310,0.0,0.0,0.0,19.04,2.83,0.0
20230713:0010,0.0,0.0,0.0,19.25,2.69,0.0
20230713:0110,0.0,0.0,0.0,18.96,2.55,0.0
20230713:0210,0.0,0.0,0.0,18.7,2.55,0.0
20230713:0310,1.39,9.02,5.93,18.42,2.48,0.0
20230713:0410,59.13,85.25,14.71,19.08,2.21,0.0
20230713:0510,164.88,226.45,24.01,20.34,2.07,0.0
20230713:0610,350.75,433.26,33.48,21.74,2.07,0.0
20230713:0710,517.21,630.95,42.73,22.88,2.41,0.0
20230713:0810,657.0,817.19,51.15,24.46,2.48,0.0
20230713:0910,671.99,846.19,57.74,25.57,2.41,0.0
20230713:1010,232.98,294.71,60.98,26.43,2.21,0.0
20230713:1110,132.97,176.57,59.69,27.16,2.07,0.0
20230713:1210,158.29,206.89,54.39,27.25,1.86,0.0
20230713:1310,105.92,144.47,46.63,27.06,1.72,0.0
20230713:1410,80.76,114.15,37.66,26.39,1.17,0.0
20230713:1510,30.43,51.72,28.22,24.73,1.1,0.0
20230713:1610,51.14,76.69,18.8,21.98,1.72,0.0
20230713:1710,0.99,8.2,9.75,20.46,1.66,0.0
20230713:1810,0.0,2.46,1.41,19.57,1.93,0.0
20230713:1910,0.0,0.0,0.0,19.56,2.9,0.0
20230713:2010,0.0,0.0,0.0,18.66,2.97,0.0
20230713:2110,0.0,0.0,0.0,18.12,2.97,0.0
20230713:2210,0.0,0.0,0.0,17.74,3.03,0.0
20230713:2310,0.0,0.0,0.0,17.41,3.17,0.0
20230714:0010,0.0,0.0,0.0,17.12,3.24,0.0
20230714:0110,0.0,0.0,0.0,16.81,3.59,0.0
20230714:0210,0.0,0.0,0.0,16.53,3.79,0.0
20230714:0310,0.0,4.1,5.8,16.45,3.86,0.0
20230714:0410,4.08,13.93,14.58,16.18,3.59,0.0
20230714:0510,20.58,37.45,23.88,15.98,2.76,0.0
20230714:0610,240.67,290.72,33.36,16.13,2.21,0.0
20230714:0710,358.89,427.86,42.6,18.73,2.97,0.0
20230714:0810,431.18,516.5,51.02,20.02,2.9,0.0
20230714:0910,692.14,848.56,57.6,21.24,2.9,0.0
20230714:1010,760.54,942.59,60.83,22.45,3.24,0.0
20230714:1110,720.45,895.07,59.56,22.98,2.9,0.0
20230714:1210,640.78,787.45,54.28,23.49,3.17,0.0
20230714:1310,454.03,547.68,46.53,22.22,3.31,0.0
20230714:1410,339.41,412.96,37.56,21.97,2.76,0.0
20230714:1510,250.89,325.73,28.13,22.87,2.62,0.0
20230714:1610,93.55,135.56,18.71,22.88,2.62,0.0
20230714:1710,29.51,50.0,9.66,22.26,2.41,0.0
20230714:1810,0.0,0.0,0.0,20.96,2.41,0.0
20230714:1910,0.0,0.0,0.0,19.37,2.14,0.0
20230714:2010,0.0,0.0,0.0,18.19,2.07,0.0
20230714:2110,0.0,0.0,0.0,17.16,2.0,0.0
20230714:2210,0.0,0.0,0.0,16.3,2.0,0.0
20230714:2310,0.0,0.0,0.0,15.61,2.07,0.0
20230715:0010,0.0,0.0,0.0,15.07,1.93,0.0
20230715:0110,0.0,0.0,0.0,14.63,1.93,0.0
20230715:0210,0.0,0.0,0.0,14.23,1.86,0.0
20230715:0310,0.02,5.74,5.66,14.0,1.66,0.0
20230715:0410,50.3,73.77,14.45,15.4,0.9,0.0
20230715:0510,143.4,187.65,23.75,18.07,0.62,0.0
20230715:0610,354.33,440.27,33.23,20.06,0.48,0.0
20230715:0710,474.18,585.07,42.47,21.81,0.83,0.0
20230715:0810,652.51,823.67,50.87,23.05,1.1,0.0
20230715:0910,730.74,935.12,57.44,23.7,1.38,0.0
20230715:1010,778.05,1009.29,60.68,23.71,1.24,0.0
20230715:1110,666.04,853.79,59.42,24.06,0.97,0.0
20230715:1210,551.5,705.44,54.15,24.44,0.21,0.0
20230715:1310,406.31,508.43,46.42,24.81,0.62,0.0
20230715:1410,421.53,530.08,37.47,25.17,0.76,0.0
20230715:1510,235.79,310.64,28.04,24.9,0.48,0.0
20230715:1610,74.05,130.29,18.62,24.75,1.17,0.0
20230715:1710,27.35,47.54,9.55,23.79,1.72,0.0
20230715:1810,0.0,0.0,0.0,22.35,2.21,0.0
20230715:1910,0.0,0.0,0.0,21.86,2.34,0.0
20230715:2010,0.0,0.0,0.0,20.81,2.55,0.0
20230715:2110,0.0,0.0,0.0,20.09,2.55,0.0
20230715:2210,0.0,0.0,0.0,19.4,2.55,0.0
20230715:2310,0.0,0.0,0.0,18.82,2.48,0.0
20230716:0010,0.0,0.0,0.0,18.3,2.34,0.0
20230716:0110,0.0,0.0,0.0,17.64,2.28,0.0
20230716:0210,0.0,0.0,0.0,17.05,2.21,0.0
20230716:0310,0.0,4.1,5.52,16.63,2.0,0.0
20230716:0410,58.13,83.61,14.31,17.55,1.52,0.0
20230716:0510,165.08,227.66,23.62,20.51,1.31,0.0
20230716:0610,350.18,437.2,33.09,22.81,1.38,0.0
20230716:0710,519.61,644.47,42.33,24.4,1.66,0.0
20230716:0810,659.5,836.92,50.73,26.1,1.79,0.0
20230716:0910,736.7,950.51,57.29,27.39,2.07,0.0
20230716:1010,784.2,1024.79,60.52,28.2,2.14,0.0
20230716:1110,753.3,982.27,59.27,28.84,2.14,0.0
20230716:1210,690.86,893.62,54.03,29.13,2.0,0.0
20230716:1310,585.37,748.04,46.31,29.3,1.79,0.0
20230716:1410,436.55,555.4,37.36,29.43,1.72,0.0
20230716:1510,249.23,336.55,27.94,29.19,1.66,0.0
20230716:1610,69.9,128.92,18.51,28.76,1.45,0.0
20230716:1710,26.79,47.54,9.44,27.65,1.72,0.0
20230716:1810,0.0,0.0,0.0,26.04,2.14,0.0
20230716:1910,0.0,0.0,0.0,24.67,2.28,0.0
20230716:2010,0.0,0.0,0.0,23.48,2.28,0.0
20230716:2110,0.0,0.0,0.0,22.57,2.34,0.0
20230716:2210,0.0,0.0,0.0,21.89,2.34,0.0
20230716:2310,0.0,0.0,0.0,21.35,2.34,0.0
20230717:0010,0.0,0.0,0.0,20.94,2.34,0.0
20230717:0110,0.0,0.0,0.0,20.57,2.41,0.0
20230717:0210,0.0,0.0,0.0,20.21,2.28,0.0
20230717:0310,0.0,3.28,5.38,19.8,2.14,0.0
20230717:0410,54.53,80.33,14.17,20.52,1.66,0.0
20230717:0510,157.18,215.58,23.48,22.49,1.66,0.0
20230717:0610,337.36,423.63,32.96,24.29,1.52,0.0
20230717:0710,504.05,625.07,42.19,26.39,2.48,0.0
20230717:0810,631.71,797.7,50.58,27.95,2.55,0.0
20230717:0910,637.07,810.65,57.12,29.23,2.83,0.0
20230717:1010,591.31,752.35,60.35,29.52,2.69,0.0
20230717:1110,708.11,919.41,59.11,29.57,2.21,0.0
20230717:1210,180.94,236.65,53.89,29.67,1.72,0.0
20230717:1310,32.4,55.29,46.19,29.53,1.38,0.0
20230717:1410,285.03,365.07,37.25,29.31,0.9,0.0
20230717:1510,156.73,210.02,27.83,29.01,0.28,0.0
20230717:1610,82.37,120.65,18.4,28.58,1.79,0.0
20230717:1710,23.14,42.62,9.33,27.28,1.59,0.0
20230717:1810,0.0,0.0,0.0,25.98,1.86,0.0
20230717:1910,0.0,0.0,0.0,22.82,1.38,0.0
20230717:2010,0.0,0.0,0.0,22.35,1.66,0.0
20230717:2110,0.0,0.0,0.0,21.86,2.41,0.0
20230717:2210,0.0,0.0,0.0,20.98,2.34,0.0
20230717:2310,0.0,0.0,0.0,19.95,2.0,0.0
20230718:0010,0.0,0.0,0.0,19.41,1.93,0.0
20230718:0110,0.0,0.0,0.0,19.12,1.72,0.0
20230718:0210,0.0,0.0,0.0,18.72,1.38,0.0
20230718:0310,0.0,3.28,5.23,18.84,1.45,0.0
20230718:0410,3.54,13.11,14.03,18.91,1.93,0.0
20230718:0510,78.91,108.51,23.34,19.67,3.66,0.0
20230718:0610,360.69,438.49,32.82,20.94,4.34,0.0
20230718:0710,314.74,378.25,42.04,21.27,4.97,0.0
20230718:0810,635.26,764.39,50.42,22.16,4.55,0.0
20230718:0910,763.2,933.75,56.96,23.32,4.69,0.0
20230718:1010,781.3,958.53,60.18,24.04,5.17,0.0
20230718:1110,748.01,913.55,58.95,24.31,5.52,0.0
20230718:1210,650.86,787.33,53.75,24.26,5.66,0.0
20230718:1310,448.79,541.17,46.07,24.37,5.31,0.0
20230718:1410,336.97,410.76,37.14,24.4,4.97,0.0
20230718:1510,249.1,322.04,27.72,24.19,4.69,0.0
20230718:1610,75.89,130.7,18.29,23.64,3.93,0.0
20230718:1710,26.28,45.9,9.21,22.57,3.17,0.0
20230718:1810,0.0,0.0,0.0,20.97,2.69,0.0
20230718:1910,0.0,0.0,0.0,20.22,2.9,0.0
20230718:2010,0.0,0.0,0.0,19.39,2.76,0.0
20230718:2110,0.0,0.0,0.0,18.43,2.69,0.0
20230718:2210,0.0,0.0,0.0,17.99,2.34,0.0
20230718:2310,0.0,0.0,0.0,17.21,2.21,0.0
20230719:0010,0.0,0.0,0.0,16.28,2.0,0.0
20230719:0110,0.0,0.0,0.0,15.11,1.72,0.0
20230719:0210,0.0,0.0,0.0,14.17,1.86,0.0
20230719:0310,0.0,3.28,5.07,13.77,1.72,0.0
20230719:0410,56.71,81.15,13.88,15.07,1.17,0.0
20230719:0510,167.1,235.17,23.2,18.0,1.1,0.0
20230719:0610,365.53,452.37,32.67,20.02,0.97,0.0
20230719:0710,537.84,657.78,41.9,21.37,1.66,0.0
20230719:0810,670.8,830.29,50.27,22.76,2.34,0.0
20230719:0910,584.73,721.22,56.79,23.07,2.34,0.0
20230719:1010,667.92,832.28,60.0,23.45,2.48,0.0
20230719:1110,569.89,706.74,58.79,23.44,2.0,0.0
20230719:1210,586.79,727.57,53.6,23.77,2.14,0.0
20230719:1310,416.75,510.5,45.94,23.49,2.07,0.0
20230719:1410,371.98,458.8,37.02,23.49,1.66,0.0
20230719:1510,222.54,289.11,27.6,23.55,0.62,0.0
20230719:1610,89.88,130.3,18.17,23.44,0.14,0.0
20230719:1710,28.15,48.36,9.08,22.5,0.83,0.0
20230719:1810,0.0,0.0,0.0,21.38,1.79,0.0
20230719:1910,0.0,0.0,0.0,20.27,1.17,0.0
20230719:2010,0.0,0.0,0.0,18.61,1.59,0.0
20230719:2110,0.0,0.0,0.0,18.09,1.79,0.0
20230719:2210,0.0,0.0,0.0,17.64,2.28,0.0
20230719:2310,0.0,0.0,0.0,17.28,2.62,0.0
20230720:0010,0.0,0.0,0.0,16.68,2.48,0.0
20230720:0110,0.0,0.0,0.0,16.06,2.28,0.0
20230720:0210,0.0,0.0,0.0,15.46,2.28,0.0
20230720:0310,4.6,14.75,4.92,15.11,2.34,0.0
20230720:0410,50.27,73.77,13.74,15.84,2.07,0.0
20230720:0510,131.93,171.64,23.05,17.43,2.14,0.0
20230720:0610,357.48,437.08,32.53,19.35,1.93,0.0
20230720:0710,249.28,306.34,41.75,21.32,2.14,0.0
20230720:0810,291.66,358.25,50.1,22.6,2.14,0.0
20230720:0910,129.33,168.55,56.61,22.75,3.1,0.0
20230720:1010,513.15,612.64,59.82,19.9,3.79,0.0
20230720:1110,184.75,230.97,58.61,20.27,1.93,0.0
20230720:1210,643.82,791.7,53.45,20.97,2.07,0.0
20230720:1310,220.89,269.15,45.8,19.39,4.55,0.0
20230720:1410,332.15,395.41,36.89,18.7,4.21,0.0
20230720:1510,219.83,274.21,27.48,18.8,4.62,0.0
20230720:1610,85.17,133.4,18.04,18.86,3.93,0.0
20230720:1710,27.49,46.72,8.95,18.6,3.17,0.0
20230720:1810,0.0,0.0,0.0,17.73,2.55,0.0
20230720:1910,0.0,0.0,0.0,17.0,2.07,0.0
20230720:2010,0.0,0.0,0.0,16.36,1.86,0.0
20230720:2110,0.0,0.0,0.0,15.44,2.0,0.0
20230720:2210,0.0,0.0,0.0,14.72,2.21,0.0
20230720:2310,0.0,0.0,0.0,14.27,2.21,0.0
20230721:0010,0.0,0.0,0.0,13.96,2.34,0.0
20230721:0110,0.0,0.0,0.0,13.73,2.34,0.0
20230721:0210,0.0,0.0,0.0,13.42,2.21,0.0
20230721:0310,0.0,3.28,4.76,13.18,2.0,0.0
20230721:0410,55.68,79.51,13.58,13.79,1.45,0.0
20230721:0510,166.28,227.19,22.9,15.96,1.59,0.0
20230721:0610,369.12,448.2,32.38,17.37,1.66,0.0
20230721:0710,552.66,659.46,41.59,17.89,2.34,0.0
20230721:0810,563.61,677.72,49.94,19.05,2.41,0.0
20230721:0910,761.18,942.24,56.43,20.32,2.41,0.0
20230721:1010,793.01,999.98,59.63,21.21,2.0,0.0
20230721:1110,606.5,750.36,58.43,21.93,1.86,0.0
20230721:1210,333.33,408.24,53.29,22.28,1.79,0.0
20230721:1310,274.18,337.34,45.66,22.06,1.72,0.0
20230721:1410,144.52,185.92,36.76,22.11,2.28,0.0
20230721:1510,137.7,178.72,27.35,21.78,2.07,0.0
20230721:1610,89.59,128.48,17.91,21.56,1.52,0.0
20230721:1710,29.0,49.18,8.81,21.06,0.76,0.0
20230721:1810,0.0,0.0,0.0,20.23,0.83,0.0
20230721:1910,0.0,0.0,0.0,18.53,2.07,0.0
20230721:2010,0.0,0.0,0.0,17.89,2.21,0.0
20230721:2110,0.0,0.0,0.0,17.75,2.21,0.0
20230721:2210,0.0,0.0,0.0,17.54,2.41,0.0
20230721:2310,0.0,0.0,0.0,17.56,2.41,0.0
20230722:0010,0.0,0.0,0.0,17.4,2.34,0.0
20230722:0110,0.0,0.0,0.0,17.45,2.41,0.0
20230722:0210,0.0,0.0,0.0,17.37,2.41,0.0
20230722:0310,0.0,3.28,4.6,17.16,2.62,0.0
20230722:0410,26.38,45.08,13.43,17.21,2.69,0.0
20230722:0510,11.86,25.86,22.75,17.39,2.83,0.0
20230722:0610,81.38,110.58,32.23,18.11,3.24,0.0
20230722:0710,152.61,191.95,41.43,18.72,3.24,0.0
20230722:0810,228.02,277.68,49.77,18.72,3.03,0.0
20230722:0910,549.92,657.97,56.24,19.29,3.17,0.0
20230722:1010,161.45,204.22,59.43,20.97,2.83,0.0
20230722:1110,222.95,277.11,58.25,22.04,2.14,0.0
20230722:1210,427.84,523.9,53.12,22.89,1.93,0.0
20230722:1310,387.0,473.0,45.51,23.49,2.34,0.0
20230722:1410,326.86,396.17,36.62,22.46,4.21,0.0
20230722:1510,223.67,282.19,27.21,20.37,3.86,0.0
20230722:1610,77.7,129.06,17.77,20.82,3.31,0.0
20230722:1710,26.55,45.9,8.67,20.61,2.69,0.0
20230722:1810,0.0,0.0,0.0,19.81,2.34,0.0
20230722:1910,0.0,0.0,0.0,18.35,2.07,0.0
20230722:2010,0.0,0.0,0.0,17.4,2.41,0.0
20230722:2110,0.0,0.0,0.0,16.81,2.62,0.0
20230722:2210,0.0,0.0,0.0,16.31,2.83,0.0
20230722:2310,0.0,0.0,0.0,15.89,2.9,0.0
20230723:0010,0.0,0.0,0.0,15.48,2.69,0.0
20230723:0110,0.0,0.0,0.0,14.89,2.48,0.0
20230723:0210,0.0,0.0,0.0,14.35,2.34,0.0
20230723:0310,0.0,3.28,4.43,13.73,2.07,0.0
20230723:0410,23.53,40.98,13.27,14.02,1.38,0.0
20230723:0510,153.34,202.38,22.6,16.55,1.17,0.0
20230723:0610,356.24,435.97,32.07,18.44,1.24,0.0
20230723:0710,533.82,645.3,41.27,19.64,1.86,0.0
20230723:0810,675.95,830.28,49.59,20.86,2.21,0.0
20230723:0910,736.3,907.87,56.05,21.57,2.97,0.0
20230723:1010,799.99,996.32,59.23,22.47,3.24,0.0
20230723:1110,746.01,924.11,58.05,22.86,3.31,0.0
20230723:1210,699.91,861.25,52.95,23.03,3.31,0.0
20230723:1310,539.77,657.45,45.36,23.33,3.03,0.0
20230723:1410,443.72,542.98,36.47,23.67,2.83,0.0
20230723:1510,252.15,329.07,27.07,23.74,2.28,0.0
20230723:1610,72.37,127.46,17.63,23.46,2.34,0.0
20230723:1710,26.96,46.72,8.52,22.19,2.48,0.0
20230723:1810,0.0,0.0,0.0,20.71,2.76,0.0
20230723:1910,0.0,0.0,0.0,20.14,2.83,0.0
20230723:2010,0.0,0.0,0.0,19.64,3.31,0.0
20230723:2110,0.0,0.0,0.0,19.48,3.66,0.0
20230723:2210,0.0,0.0,0.0,19.31,3.79,0.0
20230723:2310,0.0,0.0,0.0,19.15,3.79,0.0
20230724:0010,0.0,0.0,0.0,18.99,3.79,0.0
20230724:0110,0.0,0.0,0.0,18.59,3.72,0.0
20230724:0210,0.0,0.0,0.0,18.36,3.79,0.0
20230724:0310,0.0,2.46,4.26,18.46,3.79,0.0
20230724:0410,3.08,12.3,13.11,18.9,3.52,0.0
20230724:0510,30.64,50.83,22.44,19.41,3.17,0.0
20230724:0610,44.25,67.78,31.91,20.31,3.24,0.0
20230724:0710,262.16,319.5,41.11,21.81,4.14,0.0
20230724:0810,369.48,447.65,49.42,23.86,4.55,0.0
20230724:0910,701.97,864.82,55.86,25.29,4.48,0.0
20230724:1010,526.93,647.02,59.03,26.64,4.62,0.0
20230724:1110,666.54,826.9,57.85,27.6,4.9,0.0
20230724:1210,635.32,788.43,52.77,27.32,4.14,0.0
20230724:1310,560.21,688.9,45.19,24.49,2.69,0.0
20230724:1410,111.51,148.93,36.32,23.31,1.03,0.0
20230724:1510,168.35,217.61,26.92,23.18,1.66,0.0
20230724:1610,76.64,127.57,17.48,22.96,1.93,0.0
20230724:1710,23.13,41.8,8.36,22.48,1.86,0.0
20230724:1810,0.0,0.0,0.0,21.78,2.34,0.0
20230724:1910,0.0,0.0,0.0,22.3,2.69,0.0
20230724:2010,0.0,0.0,0.0,21.87,3.03,0.0
20230724:2110,0.0,0.0,0.0,21.53,3.17,0.0
20230724:2210,0.0,0.0,0.0,21.47,3.24,0.0
20230724:2310,0.0,0.0,0.0,21.36,2.97,0.0
20230725:0010,0.0,0.0,0.0,20.82,2.55,0.0
20230725:0110,0.0,0.0,0.0,20.33,2.83,0.0
20230725:0210,0.0,0.0,0.0,19.91,3.38,0.0
20230725:0310,0.0,2.46,4.09,19.67,3.72,0.0
20230725:0410,49.3,73.77,12.94,20.07,3.86,0.0
20230725:0510,87.71,119.93,22.28,21.2,3.59,0.0
20230725:0610,345.22,423.28,31.75,22.53,4.28,0.0
20230725:0710,405.66,489.33,40.94,22.6,3.59,0.0
20230725:0810,554.36,671.64,49.24,23.92,4.21,0.0
20230725:0910,696.73,856.09,55.66,25.27,4.69,0.0
20230725:1010,810.07,1015.99,58.82,25.94,4.21,0.0
20230725:1110,688.69,856.15,57.65,26.71,4.28,0.0
20230725:1210,689.49,853.58,52.59,26.84,4.48,0.0
20230725:1310,565.8,695.74,45.03,26.7,3.93,0.0
20230725:1410,198.18,252.41,36.17,26.6,3.1,0.0
20230725:1510,35.06,57.97,26.77,26.47,2.69,0.0
20230725:1610,67.82,99.5,17.32,25.45,1.38,0.0
20230725:1710,0.27,6.56,8.2,24.79,1.38,0.0
20230725:1810,0.0,0.0,0.0,23.34,1.93,0.0
20230725:1910,0.0,0.0,0.0,20.46,2.07,0.0
20230725:2010,0.0,0.0,0.0,19.62,2.62,0.0
20230725:2110,0.0,0.0,0.0,19.3,3.93,0.0
20230725:2210,0.0,0.0,0.0,19.42,4.62,0.0
20230725:2310,0.0,0.0,0.0,18.85,4.83,0.0
20230726:0010,0.0,0.0,0.0,17.9,4.97,0.0
20230726:0110,0.0,0.0,0.0,17.42,3.93,0.0
20230726:0210,0.0,0.0,0.0,16.78,4.07,0.0
20230726:0310,0.0,2.46,3.92,16.37,3.79,0.0
20230726:0410,7.67,19.67,12.78,16.52,3.45,0.0
20230726:0510,36.81,57.97,22.12,17.21,3.45,0.0
20230726:0610,138.94,176.14,31.59,18.26,3.38,0.0
20230726:0710,279.72,336.73,40.77,19.37,3.38,0.0
20230726:0810,377.77,454.45,49.05,20.7,2.83,0.0
20230726:0910,518.72,631.29,55.46,21.32,2.21,0.0
20230726:1010,629.53,780.97,58.6,21.98,1.86,0.0
20230726:1110,501.39,614.84,57.44,22.2,1.86,0.0
20230726:1210,356.48,435.67,52.4,22.51,2.0,0.0
20230726:1310,153.16,196.48,44.85,22.7,2.21,0.0
20230726:1410,79.67,110.58,36.0,21.95,1.93,0.0
20230726:1510,35.2,57.07,26.61,21.64,1.45,0.0
20230726:1610,16.05,32.1,17.16,20.99,1.17,0.0
20230726:1710,1.77,9.84,8.03,20.17,1.31,0.0
20230726:1810,0.0,0.0,0.0,19.24,2.14,0.0
20230726:1910,0.0,0.0,0.0,18.33,2.34,0.0
20230726:2010,0.0,0.0,0.0,17.81,2.0,0.0
20230726:2110,0.0,0.0,0.0,17.52,1.59,0.0
20230726:2210,0.0,0.0,0.0,17.16,2.0,0.0
20230726:2310,0.0,0.0,0.0,16.5,3.24,0.0
20230727:0010,0.0,0.0,0.0,15.52,4.41,0.0
20230727:0110,0.0,0.0,0.0,14.71,4.97,0.0
20230727:0210,0.0,0.0,0.0,14.43,4.83,0.0
20230727:0310,0.0,2.46,3.74,14.37,4.62,0.0
20230727:0410,2.72,11.48,12.61,14.42,4.76,0.0
20230727:0510,16.66,32.1,21.95,14.43,4.9,0.0
20230727:0610,54.85,78.48,31.42,14.4,5.17,0.0
20230727:0710,84.1,111.47,40.6,13.84,5.38,0.0
20230727:0810,281.12,328.44,48.86,13.93,5.38,0.0
20230727:0910,420.69,483.96,55.25,13.93,5.45,0.0
20230727:1010,219.4,261.22,58.38,14.45,5.86,0.0
20230727:1110,431.46,499.15,57.22,15.37,5.72,0.0
20230727:1210,207.99,250.82,52.2,16.48,5.86,0.0
20230727:1310,296.94,350.56,44.67,17.1,5.45,0.0
20230727:1410,110.0,142.69,35.84,17.97,6.0,0.0
20230727:1510,181.1,225.94,26.45,18.18,5.24,0.0
20230727:1610,86.61,123.67,17.0,18.16,4.41,0.0
20230727:1710,25.03,43.44,7.86,17.7,3.45,0.0
20230727:1810,0.0,0.0,0.0,16.74,3.03,0.0
20230727:1910,0.0,0.0,0.0,15.12,2.48,0.0
20230727:2010,0.0,0.0,0.0,14.54,2.69,0.0
20230727:2110,0.0,0.0,0.0,14.19,2.9,0.0
20230727:2210,0.0,0.0,0.0,13.93,2.97,0.0
20230727:2310,0.0,0.0,0.0,13.53,2.83,0.0
20230728:0010,0.0,0.0,0.0,13.1,2.76,0.0
20230728:0110,0.0,0.0,0.0,12.69,2.76,0.0
20230728:0210,0.0,0.0,0.0,12.34,2.69,0.0
20230728:0310,0.0,2.46,3.56,12.04,2.55,0.0
20230728:0410,46.14,68.03,12.44,12.75,2.34,0.0
20230728:0510,162.23,223.85,21.79,14.74,2.34,0.0
20230728:0610,361.39,435.52,31.25,17.02,2.41,0.0
20230728:0710,546.34,651.46,40.42,18.83,2.83,0.0
20230728:0810,641.0,771.44,48.67,20.34,3.45,0.0
20230728:0910,533.23,639.63,55.04,21.54,4.21,0.0
20230728:1010,497.05,596.27,58.15,22.23,4.76,0.0
20230728:1110,268.41,327.12,57.0,21.87,4.48,0.0
20230728:1210,215.58,265.89,52.0,21.89,5.24,0.0
20230728:1310,211.54,260.04,44.49,21.33,6.07,0.0
20230728:1410,139.18,176.92,35.66,19.3,4.0,0.0
20230728:1510,34.39,55.29,26.28,18.57,4.28,0.0
20230728:1610,75.82,106.28,16.82,17.8,3.86,0.0
20230728:1710,1.81,9.84,7.68,17.05,3.59,0.0
20230728:1810,0.0,0.0,0.0,16.73,3.24,0.0
20230728:1910,0.0,0.0,0.0,16.37,2.9,0.0
20230728:2010,0.0,0.0,0.0,16.0,2.97,0.0
20230728:2110,0.0,0.0,0.0,15.8,3.1,0.0
20230728:2210,0.0,0.0,0.0,15.91,3.17,0.0
20230728:2310,0.0,0.0,0.0,15.95,3.31,0.0
20230729:0010,0.0,0.0,0.0,15.81,3.31,0.0
20230729:0110,0.0,0.0,0.0,15.83,3.24,0.0
20230729:0210,0.0,0.0,0.0,16.06,3.24,0.0
20230729:0310,0.0,1.64,3.38,16.24,3.24,0.0
20230729:0410,2.67,11.48,12.26,16.9,3.31,0.0
20230729:0510,28.81,48.16,21.62,17.51,4.0,0.0
20230729:0610,231.59,281.31,31.08,18.26,4.21,0.0
20230729:0710,416.97,495.58,40.24,19.65,3.66,0.0
20230729:0810,626.61,751.63,48.48,20.64,3.86,0.0
20230729:0910,340.08,409.8,54.82,21.38,3.93,0.0
20230729:1010,497.05,598.4,57.92,21.89,3.86,0.0
20230729:1110,702.97,858.64,56.78,22.39,3.93,0.0
20230729:1210,642.24,782.19,51.79,22.73,3.66,0.0
20230729:1310,535.18,647.4,44.3,23.03,3.59,0.0
20230729:1410,402.98,490.87,35.48,22.79,2.76,0.0
20230729:1510,250.12,326.16,26.1,22.9,2.14,0.0
20230729:1610,67.0,121.23,16.65,22.4,0.76,0.0
20230729:1710,20.71,38.52,7.5,21.74,0.41,0.0
20230729:1810,0.0,0.0,0.0,20.55,1.66,0.0
20230729:1910,0.0,0.0,0.0,19.9,1.66,0.0
20230729:2010,0.0,0.0,0.0,18.86,1.86,0.0
20230729:2110,0.0,0.0,0.0,18.37,1.86,0.0
20230729:2210,0.0,0.0,0.0,18.12,2.07,0.0
20230729:2310,0.0,0.0,0.0,18.01,2.14,0.0
20230730:0010,0.0,0.0,0.0,17.7,2.28,0.0
20230730:0110,0.0,0.0,0.0,17.68,2.55,0.0
20230730:0210,0.0,0.0,0.0,17.48,2.69,0.0
20230730:0310,0.0,1.64,3.19,17.3,2.76,0.0
20230730:0410,25.0,43.44,12.08,17.81,2.62,0.0
20230730:0510,155.27,216.5,21.44,18.8,2.69,0.0
20230730:0610,360.47,438.69,30.91,19.51,2.83,0.0
20230730:0710,442.98,530.29,40.06,21.64,3.93,0.0
20230730:0810,576.41,697.77,48.28,22.71,3.66,0.0
20230730:0910,654.59,803.92,54.6,23.67,3.52,0.0
20230730:1010,609.73,748.29,57.68,24.13,3.59,0.0
20230730:1110,353.59,432.84,56.54,24.58,3.59,0.0
20230730:1210,365.48,447.08,51.57,24.81,3.59,0.0
20230730:1310,352.97,431.77,44.1,24.88,3.52,0.0
20230730:1410,241.19,300.15,35.3,24.41,3.1,0.0
20230730:1510,167.2,215.54,25.92,22.9,2.69,0.0
20230730:1610,27.34,47.26,16.46,22.46,2.14,0.0
20230730:1710,15.87,31.97,7.31,21.89,1.79,0.0
20230730:1810,0.0,0.0,0.0,21.17,1.79,0.0
20230730:1910,0.0,0.0,0.0,20.48,1.86,0.0
20230730:2010,0.0,0.0,0.0,19.64,1.86,0.0
20230730:2110,0.0,0.0,0.0,19.04,1.72,0.0
20230730:2210,0.0,0.0,0.0,18.52,1.66,0.0
20230730:2310,0.0,0.0,0.0,17.98,1.59,0.0
20230731:0010,0.0,0.0,0.0,17.67,1.45,0.0
20230731:0110,0.0,0.0,0.0,17.27,1.52,0.0
20230731:0210,0.0,0.0,0.0,16.74,1.45,0.0
20230731:0310,0.0,1.64,3.0,16.33,1.38,0.0
20230731:0410,45.14,68.03,11.9,16.75,0.9,0.0
20230731:0510,153.68,217.44,21.27,18.82,0.76,0.0
20230731:0610,359.98,447.91,30.73,20.72,0.76,0.0
20230731:0710,524.66,646.09,39.87,22.21,1.31,0.0
20230731:0810,541.89,672.56,48.08,23.46,1.45,0.0
20230731:0910,626.75,786.62,54.38,24.06,1.72,0.0
20230731:1010,778.14,995.2,57.44,24.66,2.14,0.0
20230731:1110,663.85,833.77,56.3,24.9,2.34,0.0
20230731:1210,393.51,486.71,51.35,25.21,2.0,0.0
20230731:1310,197.16,250.93,43.9,25.31,1.72,0.0
20230731:1410,158.89,202.27,35.1,22.61,3.66,0.0
20230731:1510,147.64,189.82,25.73,21.05,3.31,0.0
20230731:1610,79.82,117.6,16.27,21.17,2.41,0.0
20230731:1710,19.59,36.89,7.11,20.89,1.38,0.0
20230731:1810,0.0,0.0,0.0,20.17,1.38,0.0
20230731:1910,0.0,0.0,0.0,20.2,0.76,0.0
20230731:2010,0.0,0.0,0.0,18.76,1.24,0.0
20230731:2110,0.0,0.0,0.0,17.83,1.79,0.0
20230731:2210,0.0,0.0,0.0,17.26,1.93,0.0
20230731:2310,0.0,0.0,0.0,16.86,1.86,0.0
20230801:0010,0.0,0.0,0.0,16.36,1.93,0.0
20230801:0110,0.0,0.0,0.0,15.95,1.86,0.0
20230801:0210,0.0,0.0,0.0,15.43,1.79,0.0
20230801:0310,0.0,1.64,2.81,14.97,1.66,0.0
20230801:0410,43.38,65.57,11.72,15.45,1.03,0.0
20230801:0510,152.27,211.14,21.09,17.99,0.9,0.0
20230801:0610,353.08,435.21,30.55,19.98,1.31,0.0
20230801:0710,537.76,651.28,39.69,21.48,2.48,0.0
20230801:0810,682.57,837.93,47.87,22.64,2.97,0.0
20230801:0910,732.43,907.96,54.15,23.81,3.38,0.0
20230801:1010,787.87,985.7,57.2,24.71,3.66,0.0
20230801:1110,705.49,874.43,56.06,25.21,3.93,0.0
20230801:1210,564.27,690.53,51.13,25.78,4.34,0.0
20230801:1310,320.79,394.21,43.69,25.95,4.34,0.0
20230801:1410,420.38,515.08,34.91,25.76,4.14,0.0
20230801:1510,243.59,320.54,25.54,25.56,3.38,0.0
20230801:1610,61.98,116.99,16.08,24.77,2.41,0.0
20230801:1710,17.48,34.43,6.91,23.88,2.34,0.0
20230801:1810,0.0,0.0,0.0,22.56,2.55,0.0
20230801:1910,0.0,0.0,0.0,21.61,2.62,0.0
20230801:2010,0.0,0.0,0.0,21.0,2.55,0.0
20230801:2110,0.0,0.0,0.0,20.44,2.34,0.0
20230801:2210,0.0,0.0,0.0,20.07,2.14,0.0
20230801:2310,0.0,0.0,0.0,19.69,1.93,0.0
20230802:0010,0.0,0.0,0.0,19.21,1.66,0.0
20230802:0110,0.0,0.0,0.0,18.8,1.03,0.0
20230802:0210,0.0,0.0,0.0,18.99,0.62,0.0
20230802:0310,0.65,7.38,2.62,17.89,0.76,0.0
20230802:0410,2.22,10.66,11.54,17.71,1.17,0.0
20230802:0510,14.36,29.43,20.91,17.94,1.59,0.0
20230802:0610,31.55,51.72,30.37,17.98,1.86,0.0
20230802:0710,60.54,86.5,39.5,18.06,2.41,0.0
20230802:0810,114.65,148.93,47.66,18.2,1.93,0.0
20230802:0910,156.13,196.19,53.91,18.37,2.14,0.0
20230802:1010,101.46,133.77,56.95,18.42,2.9,0.0
20230802:1110,185.43,230.08,55.81,19.54,3.24,0.0
20230802:1210,305.55,370.36,50.89,21.09,2.97,0.0
20230802:1310,337.42,408.68,43.47,21.67,2.69,0.0
20230802:1410,410.8,499.59,34.7,22.13,2.48,0.0
20230802:1510,221.12,285.05,25.34,22.21,2.14,0.0
20230802:1610,64.73,116.08,15.88,22.13,1.72,0.0
20230802:1710,18.3,35.25,6.7,21.5,0.97,0.0
20230802:1810,0.0,0.0,0.0,20.02,1.38,0.0
20230802:1910,0.0,0.0,0.0,18.71,1.93,0.0
20230802:2010,0.0,0.0,0.0,17.5,2.21,0.0
20230802:2110,0.0,0.0,0.0,17.07,2.28,0.0
20230802:2210,0.0,0.0,0.0,16.81,2.41,0.0
20230802:2310,0.0,0.0,0.0,16.79,2.55,0.0
20230803:0010,0.0,0.0,0.0,16.61,2.69,0.0
20230803:0110,0.0,0.0,0.0,16.61,2.69,0.0
20230803:0210,0.0,0.0,0.0,16.47,2.83,0.0
20230803:0310,0.0,0.82,2.42,16.4,2.9,0.0
20230803:0410,33.66,54.1,11.35,17.01,2.9,0.0
20230803:0510,156.08,222.99,20.73,18.69,3.03,0.0
20230803:0610,369.62,450.54,30.19,20.72,3.66,0.0
20230803:0710,549.3,657.27,39.3,22.03,4.34,0.0
20230803:0810,682.62,827.55,47.45,23.47,4.62,0.0
20230803:0910,783.58,966.52,53.68,24.64,4.69,0.0
20230803:1010,817.7,1021.25,56.69,25.72,4.55,0.0
20230803:1110,802.73,1006.66,55.56,26.61,4.41,0.0
20230803:1210,463.35,568.92,50.66,27.2,4.48,0.0
20230803:1310,563.92,693.61,43.25,27.53,4.41,0.0
20230803:1410,425.89,525.37,34.5,27.27,4.21,0.0
20230803:1510,42.92,67.78,25.14,26.3,3.66,0.0
20230803:1610,67.51,99.94,15.67,24.58,3.59,0.0
20230803:1710,11.74,26.23,6.49,22.84,2.21,0.0
20230803:1810,0.0,0.0,0.0,22.16,2.07,0.0
20230803:1910,0.0,0.0,0.0,21.1,2.07,0.0
20230803:2010,0.0,0.0,0.0,20.54,2.34,0.0
20230803:2110,0.0,0.0,0.0,19.79,2.55,0.0
20230803:2210,0.0,0.0,0.0,19.0,2.41,0.0
20230803:2310,0.0,0.0,0.0,18.14,2.0,0.0
20230804:0010,0.0,0.0,0.0,17.3,1.79,0.0
20230804:0110,0.0,0.0,0.0,16.65,1.72,0.0
20230804:0210,0.0,0.0,0.0,16.09,1.86,0.0
20230804:0310,0.0,0.82,2.22,15.67,1.79,0.0
20230804:0410,3.61,13.11,11.17,15.9,1.24,0.0
20230804:0510,150.2,212.98,20.55,18.65,0.97,0.0
20230804:0610,189.58,238.57,30.0,20.8,0.9,0.0
20230804:0710,75.81,106.12,39.11,21.81,1.1,0.0
20230804:0810,257.12,319.86,47.24,23.16,1.17,0.0
20230804:0910,126.11,166.76,53.44,24.46,1.31,0.0
20230804:1010,64.13,93.64,56.43,25.2,0.9,0.0
20230804:1110,191.12,243.0,55.3,23.95,1.24,0.0
20230804:1210,95.04,129.31,50.41,23.45,2.28,0.0
20230804:1310,144.49,185.82,43.03,22.3,2.76,0.0
20230804:1410,244.13,300.55,34.28,21.76,2.48,0.0
20230804:1510,46.05,70.45,24.93,21.93,2.55,0.0
20230804:1610,65.04,113.57,15.46,22.1,2.76,0.0
20230804:1710,15.93,31.97,6.27,21.35,2.62,0.0
20230804:1810,0.0,0.0,0.0,20.09,2.76,0.0
20230804:1910,0.0,0.0,0.0,21.07,3.24,0.0
20230804:2010,0.0,0.0,0.0,20.63,3.03,0.0
20230804:2110,0.0,0.0,0.0,20.29,2.9,0.0
20230804:2210,0.0,0.0,0.0,19.96,3.03,0.0
20230804:2310,0.0,0.0,0.0,19.64,3.31,0.0
20230805:0010,0.0,0.0,0.0,19.51,3.24,0.0
20230805:0110,0.0,0.0,0.0,19.35,3.17,0.0
20230805:0210,0.0,0.0,0.0,19.18,3.03,0.0
20230805:0310,0.0,0.82,2.02,19.19,2.76,0.0
20230805:0410,39.1,61.48,10.98,20.03,2.55,0.0
20230805:0510,143.96,202.02,20.36,22.13,2.48,0.0
20230805:0610,341.83,425.72,29.82,24.72,3.17,0.0
20230805:0710,516.7,632.08,38.91,26.72,4.34,0.0
20230805:0810,667.92,824.74,47.02,28.1,5.17,0.0
20230805:0910,654.49,811.18,53.19,29.12,5.79,0.0
20230805:1010,688.18,855.98,56.16,29.75,6.28,0.0
20230805:1110,768.66,964.06,55.03,30.16,6.07,0.0
20230805:1210,720.79,900.81,50.16,30.36,5.86,0.0
20230805:1310,604.68,749.33,42.8,30.42,5.72,0.0
20230805:1410,434.03,540.11,34.06,30.15,5.31,0.0
20230805:1510,233.64,312.53,24.71,29.5,4.9,0.0
20230805:1610,60.83,112.0,15.25,28.5,4.55,0.0
20230805:1710,14.84,31.15,6.05,27.32,4.55,0.0
20230805:1810,0.0,0.0,0.0,26.3,4.48,0.0
20230805:1910,0.0,0.0,0.0,25.71,4.62,0.0
20230805:2010,0.0,0.0,0.0,25.15,4.55,0.0
20230805:2110,0.0,0.0,0.0,24.64,4.55,0.0
20230805:2210,0.0,0.0,0.0,24.12,4.41,0.0
20230805:2310,0.0,0.0,0.0,23.65,4.48,0.0
20230806:0010,0.0,0.0,0.0,23.25,4.76,0.0
20230806:0110,0.0,0.0,0.0,22.87,4.83,0.0
20230806:0210,0.0,0.0,0.0,22.39,4.62,0.0
20230806:0310,0.0,0.82,1.82,21.9,4.48,0.0
20230806:0410,37.47,59.84,10.78,21.83,4.62,0.0
20230806:0510,150.28,216.96,20.17,22.77,4.97,0.0
20230806:0610,357.71,440.77,29.63,24.26,5.03,0.0
20230806:0710,539.33,649.11,38.71,25.61,6.48,0.0
20230806:0810,683.49,830.38,46.8,26.8,6.83,0.0
20230806:0910,778.0,953.93,52.95,27.77,7.59,0.0
20230806:1010,795.15,982.22,55.9,28.67,7.59,0.0
20230806:1110,657.49,809.39,54.76,29.19,7.24,0.0
20230806:1210,715.16,884.46,49.91,30.04,7.17,0.0
20230806:1310,597.5,736.43,42.56,30.29,6.55,0.0
20230806:1410,429.21,534.03,33.84,30.16,5.38,0.0
20230806:1510,187.42,248.87,24.49,29.88,4.69,0.0
20230806:1610,25.11,45.48,15.02,28.85,3.45,0.0
20230806:1710,4.26,14.75,5.82,26.84,2.97,0.0
20230806:1810,0.0,0.0,0.0,24.73,3.38,0.0
20230806:1910,0.0,0.0,0.0,20.76,3.59,0.0
20230806:2010,0.0,0.0,0.0,20.36,3.38,0.0
20230806:2110,0.0,0.0,0.0,20.11,2.21,0.0
20230806:2210,0.0,0.0,0.0,19.85,1.31,0.0
20230806:2310,0.0,0.0,0.0,19.37,1.66,0.0
20230807:0010,0.0,0.0,0.0,18.78,2.55,0.0
20230807:0110,0.0,0.0,0.0,18.24,3.38,0.0
20230807:0210,0.0,0.0,0.0,17.55,4.28,0.0
20230807:0310,0.0,0.82,1.62,16.6,5.03,0.0
20230807:0410,1.43,9.02,10.59,15.68,4.9,0.0
20230807:0510,9.52,22.29,19.98,14.96,5.03,0.0
20230807:0610,19.36,35.67,29.44,14.63,4.83,0.0
20230807:0710,35.58,56.18,38.51,16.16,5.52,0.0
20230807:0810,77.28,105.23,46.57,17.26,6.14,0.0
20230807:0910,313.81,370.95,52.69,18.44,6.69,0.0
20230807:1010,580.93,680.15,55.62,19.06,6.69,0.0
20230807:1110,426.61,501.76,54.48,19.55,6.41,0.0
20230807:1210,201.86,247.87,49.65,20.21,6.21,0.0
20230807:1310,186.18,230.54,42.32,20.52,5.79,0.0
20230807:1410,124.38,160.76,33.61,20.54,5.17,0.0
20230807:1510,90.59,122.17,24.27,20.35,5.03,0.0
20230807:1610,16.89,33.0,14.8,19.27,4.76,0.0
20230807:1710,10.91,24.59,5.59,18.3,4.21,0.0
20230807:1810,0.0,0.0,0.0,17.37,3.59,0.0
20230807:1910,0.0,0.0,0.0,15.69,3.66,0.0
20230807:2010,0.0,0.0,0.0,15.17,3.66,0.0
20230807:2110,0.0,0.0,0.0,14.84,3.52,0.0
20230807:2210,0.0,0.0,0.0,14.65,3.59,0.0
20230807:2310,0.0,0.0,0.0,14.33,3.45,0.0
20230808:0010,0.0,0.0,0.0,14.16,3.31,0.0
20230808:0110,0.0,0.0,0.0,13.92,3.31,0.0
20230808:0210,0.0,0.0,0.0,14.01,3.17,0.0
20230808:0310,0.0,0.82,1.41,13.91,3.1,0.0
20230808:0410,38.28,59.02,10.39,13.99,3.24,0.0
20230808:0510,29.27,48.16,19.79,14.46,3.79,0.0
20230808:0610,298.5,354.19,29.24,15.18,3.93,0.0
20230808:0710,413.25,482.68,38.3,16.39,3.93,0.0
20230808:0810,212.97,258.05,46.35,17.33,4.21,0.0
20230808:0910,520.52,611.65,52.44,17.88,4.48,0.0
20230808:1010,583.78,690.53,55.34,18.78,4.62,0.0
20230808:1110,349.6,415.91,54.2,19.44,4.62,0.0
20230808:1210,725.79,868.15,49.38,19.77,4.62,0.0
20230808:1310,70.92,98.99,42.07,19.53,4.55,0.0
20230808:1410,184.37,227.78,33.37,19.22,4.21,0.0
20230808:1510,233.49,296.17,24.04,18.93,3.66,0.0
20230808:1610,57.55,109.68,14.57,18.55,2.83,0.0
20230808:1710,10.37,23.77,5.35,17.64,2.07,0.0
20230808:1810,0.0,0.0,0.0,16.3,2.14,0.0
20230808:1910,0.0,0.0,0.0,15.43,2.28,0.0
20230808:2010,0.0,0.0,0.0,14.84,2.28,0.0
20230808:2110,0.0,0.0,0.0,14.31,2.48,0.0
20230808:2210,0.0,0.0,0.0,13.72,2.48,0.0
20230808:2310,0.0,0.0,0.0,13.08,2.41,0.0
20230809:0010,0.0,0.0,0.0,12.55,2.41,0.0
20230809:0110,0.0,0.0,0.0,12.16,2.41,0.0
20230809:0210,0.0,0.0,0.0,11.85,2.28,0.0
20230809:0310,0.0,0.0,0.0,11.58,2.21,0.0
20230809:0410,33.16,52.46,10.2,11.96,2.14,0.0
20230809:0510,156.48,217.29,19.6,13.81,2.28,0.0
20230809:0610,373.65,447.69,29.05,16.07,2.55,0.0
20230809:0710,512.62,604.41,38.09,17.46,3.17,0.0
20230809:0810,707.9,850.31,46.12,19.0,3.45,0.0
20230809:0910,773.63,939.85,52.18,19.87,3.72,0.0
20230809:1010,798.0,979.22,55.06,20.43,3.52,0.0
20230809:1110,773.54,952.12,53.92,20.64,3.1,0.0
20230809:1210,698.95,854.43,49.11,21.09,2.97,0.0
20230809:1310,514.91,620.85,41.82,21.36,2.83,0.0
20230809:1410,346.44,420.63,33.13,21.17,2.21,0.0
20230809:1510,195.08,250.31,23.8,21.18,2.14,0.0
20230809:1610,68.83,109.12,14.33,20.72,2.0,0.0
20230809:1710,12.54,27.05,5.11,19.56,2.34,0.0
20230809:1810,0.0,0.0,0.0,18.22,2.55,0.0
20230809:1910,0.0,0.0,0.0,17.67,2.07,0.0
20230809:2010,0.0,0.0,0.0,16.98,2.14,0.0
20230809:2110,0.0,0.0,0.0,16.33,2.21,0.0
20230809:2210,0.0,0.0,0.0,15.78,2.21,0.0
20230809:2310,0.0,0.0,0.0,15.31,2.0,0.0
20230810:0010,0.0,0.0,0.0,15.04,1.72,0.0
20230810:0110,0.0,0.0,0.0,14.51,1.59,0.0
20230810:0210,0.0,0.0,0.0,13.91,1.52,0.0
20230810:0310,0.0,0.0,0.0,13.76,1.31,0.0
20230810:0410,5.12,15.57,10.0,14.32,0.97,0.0
20230810:0510,120.0,159.94,19.41,15.93,0.28,0.0
20230810:0610,246.08,303.4,28.85,18.51,0.48,0.0
20230810:0710,468.14,568.76,37.88,19.87,1.1,0.0
20230810:0810,625.39,775.56,45.88,21.22,1.31,0.0
20230810:0910,696.15,877.1,51.92,21.9,1.38,0.0
20230810:1010,582.17,724.63,54.78,22.61,1.45,0.0
20230810:1110,771.77,988.59,53.63,23.24,1.59,0.0
20230810:1210,689.16,871.88,48.84,23.2,1.38,0.0
20230810:1310,590.01,735.16,41.56,23.26,1.31,0.0
20230810:1410,436.17,536.31,32.88,22.37,1.45,0.0
20230810:1510,236.82,307.19,23.56,20.64,1.79,0.0
20230810:1610,4.7,15.16,14.09,19.82,0.55,0.0
20230810:1710,2.2,10.66,4.86,19.16,1.1,0.0
20230810:1810,0.0,0.0,0.0,18.16,1.66,0.0
20230810:1910,0.0,0.0,0.0,17.34,1.79,0.0
20230810:2010,0.0,0.0,0.0,16.8,1.72,0.0
20230810:2110,0.0,0.0,0.0,16.15,1.72,0.0
20230810:2210,0.0,0.0,0.0,15.5,1.79,0.0
20230810:2310,0.0,0.0,0.0,15.14,1.79,0.0
20230811:0010,0.0,0.0,0.0,14.8,1.79,0.0
20230811:0110,0.0,0.0,0.0,14.58,2.0,0.0
20230811:0210,0.0,0.0,0.0,14.34,2.48,0.0
20230811:0310,0.0,0.0,0.0,14.36,2.69,0.0
20230811:0410,1.85,9.84,9.8,14.61,2.41,0.0
20230811:0510,17.89,33.89,19.21,15.57,2.28,0.0
20230811:0610,106.49,138.41,28.65,16.43,2.55,0.0
20230811:0710,63.0,89.18,37.67,17.67,3.1,0.0
20230811:0810,131.97,168.55,45.65,18.55,2.9,0.0
20230811:0910,253.54,308.51,51.65,19.74,2.76,0.0
20230811:1010,302.43,367.5,54.49,20.96,2.55,0.0
20230811:1110,766.78,953.94,53.34,20.97,2.41,0.0
20230811:1210,691.25,843.59,48.56,20.68,2.83,0.0
20230811:1310,110.19,144.47,41.3,19.79,3.31,0.0
20230811:1410,206.74,255.14,32.63,20.31,2.9,0.0
20230811:1510,221.26,284.38,23.31,20.69,2.83,0.0
20230811:1610,58.68,103.72,13.84,19.39,1.93,0.0
20230811:1710,10.3,23.77,4.61,18.87,1.79,0.0
20230811:1810,0.0,0.0,0.0,17.87,1.79,0.0
20230811:1910,0.0,0.0,0.0,17.27,1.66,0.0
20230811:2010,0.0,0.0,0.0,16.66,1.79,0.0
20230811:2110,0.0,0.0,0.0,16.13,1.93,0.0
20230811:2210,0.0,0.0,0.0,15.78,2.07,0.0
20230811:2310,0.0,0.0,0.0,15.39,2.21,0.0
20230812:0010,0.0,0.0,0.0,14.98,2.41,0.0
20230812:0110,0.0,0.0,0.0,14.57,2.48,0.0
20230812:0210,0.0,0.0,0.0,14.01,2.48,0.0
20230812:0310,0.0,0.0,0.0,13.52,2.48,0.0
20230812:0410,28.86,47.54,9.59,13.6,2.34,0.0
20230812:0510,155.8,218.9,19.01,15.11,2.14,0.0
20230812:0610,376.41,453.36,28.45,17.12,2.48,0.0
20230812:0710,555.47,662.5,37.45,19.02,2.9,0.0
20230812:0810,704.21,849.57,45.41,20.45,3.72,0.0
20230812:0910,762.53,930.5,51.38,21.04,3.79,0.0
20230812:1010,220.44,272.26,54.19,21.66,3.66,0.0
20230812:1110,537.33,649.6,53.04,22.02,3.45,0.0
20230812:1210,495.51,598.4,48.27,22.34,3.38,0.0
20230812:1310,508.0,614.06,41.03,22.41,3.1,0.0
20230812:1410,424.26,515.76,32.38,22.39,2.76,0.0
20230812:1510,239.34,312.83,23.06,22.25,2.41,0.0
20230812:1610,54.9,102.73,13.59,21.57,1.59,0.0
20230812:1710,9.08,22.13,4.35,20.7,1.24,0.0
20230812:1810,0.0,0.0,0.0,19.91,0.69,0.0
20230812:1910,0.0,0.0,0.0,18.84,1.1,0.0
20230812:2010,0.0,0.0,0.0,17.28,1.66,0.0
20230812:2110,0.0,0.0,0.0,16.45,2.0,0.0
20230812:2210,0.0,0.0,0.0,15.73,2.07,0.0
20230812:2310,0.0,0.0,0.0,15.35,2.0,0.0
20230813:0010,0.0,0.0,0.0,14.93,2.14,0.0
20230813:0110,0.0,0.0,0.0,14.53,2.28,0.0
20230813:0210,0.0,0.0,0.0,14.3,2.34,0.0
20230813:0310,0.0,0.0,0.0,13.96,2.28,0.0
20230813:0410,28.14,46.72,9.39,13.96,2.0,0.0
20230813:0510,152.73,216.18,18.81,16.12,1.52,0.0
20230813:0610,361.81,441.83,28.24,18.74,1.59,0.0
20230813:0710,542.07,656.93,37.24,20.45,1.93,0.0
20230813:0810,675.92,838.55,45.17,22.25,2.0,0.0
20230813:0910,767.75,974.26,51.11,23.58,2.07,0.0
20230813:1010,803.15,1034.82,53.89,24.43,1.93,0.0
20230813:1110,786.19,1013.26,52.73,25.11,1.93,0.0
20230813:1210,724.93,922.15,47.98,25.69,2.14,0.0
20230813:1310,597.27,745.46,40.75,26.03,2.28,0.0
20230813:1410,433.39,538.7,32.11,26.2,2.34,0.0
20230813:1510,231.15,308.39,22.81,26.08,2.28,0.0
20230813:1610,52.52,100.36,13.33,25.48,1.72,0.0
20230813:1710,7.84,20.49,4.09,24.28,1.93,0.0
20230813:1810,0.0,0.0,0.0,22.39,2.48,0.0
20230813:1910,0.0,0.0,0.0,21.37,2.48,0.0
20230813:2010,0.0,0.0,0.0,20.66,2.55,0.0
20230813:2110,0.0,0.0,0.0,20.11,2.62,0.0
20230813:2210,0.0,0.0,0.0,19.66,2.69,0.0
20230813:2310,0.0,0.0,0.0,19.29,2.62,0.0
20230814:0010,0.0,0.0,0.0,18.93,2.62,0.0
20230814:0110,0.0,0.0,0.0,18.51,2.55,0.0
20230814:0210,0.0,0.0,0.0,18.11,2.41,0.0
20230814:0310,0.0,0.0,0.0,17.81,2.34,0.0
20230814:0410,28.23,47.54,9.18,17.83,2.07,0.0
20230814:0510,146.27,209.61,18.61,19.49,1.72,0.0
20230814:0610,348.05,430.03,28.04,21.75,1.93,0.0
20230814:0710,497.02,607.3,37.02,23.55,2.34,0.0
20230814:0810,654.32,818.16,44.93,25.25,2.34,0.0
20230814:0910,747.45,957.81,50.84,26.63,2.28,0.0
20230814:1010,773.15,1005.64,53.59,27.57,2.07,0.0
20230814:1110,752.43,984.04,52.43,28.28,1.79,0.0
20230814:1210,680.7,883.91,47.69,28.68,1.52,0.0
20230814:1310,569.96,730.74,40.47,28.91,1.24,0.0
20230814:1410,410.32,523.62,31.85,28.92,0.97,0.0
20230814:1510,218.28,297.64,22.54,28.5,0.69,0.0
20230814:1610,50.73,97.15,13.07,27.7,0.41,0.0
20230814:1710,6.2,18.03,3.82,26.45,0.69,0.0
20230814:1810,0.0,0.0,0.0,24.59,1.45,0.0
20230814:1910,0.0,0.0,0.0,23.03,2.0,0.0
20230814:2010,0.0,0.0,0.0,22.31,2.14,0.0
20230814:2110,0.0,0.0,0.0,21.69,2.28,0.0
20230814:2210,0.0,0.0,0.0,21.38,2.41,0.0
20230814:2310,0.0,0.0,0.0,20.98,2.48,0.0
20230815:0010,0.0,0.0,0.0,20.64,2.48,0.0
20230815:0110,0.0,0.0,0.0,20.25,2.41,0.0
20230815:0210,0.0,0.0,0.0,19.6,2.14,0.0
20230815:0310,0.0,0.0,0.0,18.93,1.93,0.0
20230815:0410,24.89,43.44,8.98,18.52,1.72,0.0
20230815:0510,147.48,213.21,18.41,20.56,1.31,0.0
20230815:0610,351.98,439.57,27.83,23.05,1.38,0.0
20230815:0710,526.78,652.35,36.79,24.77,1.86,0.0
20230815:0810,654.13,828.67,44.68,26.46,1.93,0.0
20230815:0910,746.56,963.15,50.56,27.79,2.28,0.0
20230815:1010,786.96,1022.47,53.29,28.69,2.62,0.0
20230815:1110,772.64,1000.74,52.11,29.25,2.83,0.0
20230815:1210,709.79,909.82,47.39,29.61,2.9,0.0
20230815:1310,583.63,738.23,40.19,29.78,2.69,0.0
20230815:1410,418.32,528.97,31.58,29.71,2.34,0.0
20230815:1510,221.24,301.26,22.28,29.36,1.79,0.0
20230815:1610,49.76,96.33,12.81,28.48,1.45,0.0
20230815:1710,5.2,16.39,3.55,27.01,2.07,0.0
20230815:1810,0.0,0.0,0.0,24.92,2.48,0.0
20230815:1910,0.0,0.0,0.0,23.73,2.34,0.0
20230815:2010,0.0,0.0,0.0,22.72,2.41,0.0
20230815:2110,0.0,0.0,0.0,21.97,2.48,0.0
20230815:2210,0.0,0.0,0.0,21.34,2.48,0.0
20230815:2310,0.0,0.0,0.0,20.78,2.34,0.0
20230816:0010,0.0,0.0,0.0,20.21,2.28,0.0
20230816:0110,0.0,0.0,0.0,19.58,2.21,0.0
20230816:0210,0.0,0.0,0.0,18.98,2.07,0.0
20230816:0310,0.0,0.0,0.0,18.55,2.0,0.0
20230816:0410,6.52,18.03,8.77,18.53,1.72,0.0
20230816:0510,44.08,67.78,18.2,20.69,1.45,0.0
20230816:0610,335.36,418.47,27.62,23.47,1.66,0.0
20230816:0710,506.69,623.74,36.57,25.23,2.48,0.0
20230816:0810,639.63,802.76,44.43,25.89,2.21,0.0
20230816:0910,729.01,928.56,50.27,27.44,2.76,0.0
20230816:1010,763.78,973.87,52.98,28.58,3.59,0.0
20230816:1110,772.15,983.68,51.8,29.43,4.07,0.0
20230816:1210,701.27,887.53,47.08,29.87,3.93,0.0
20230816:1310,569.57,714.9,39.9,30.08,3.45,0.0
20230816:1410,408.17,514.58,31.3,29.93,2.83,0.0
20230816:1510,179.42,242.21,22.01,29.56,2.14,0.0
20230816:1610,47.48,93.57,12.53,28.66,1.52,0.0
20230816:1710,1.28,9.02,3.27,27.13,1.66,0.0
20230816:1810,0.0,0.0,0.0,25.11,1.79,0.0
20230816:1910,0.0,0.0,0.0,23.88,1.52,0.0
20230816:2010,0.0,0.0,0.0,22.79,1.52,0.0
20230816:2110,0.0,0.0,0.0,21.94,1.52,0.0
20230816:2210,0.0,0.0,0.0,21.9,1.24,0.0
20230816:2310,0.0,0.0,0.0,22.72,0.76,0.0
20230817:0010,0.0,0.0,0.0,22.35,0.34,0.0
20230817:0110,0.0,0.0,0.0,21.35,0.9,0.0
20230817:0210,0.0,0.0,0.0,19.16,1.66,0.0
20230817:0310,0.0,0.0,0.0,19.19,1.86,0.0
20230817:0410,26.64,45.9,8.56,19.83,1.93,0.0
20230817:0510,131.94,185.44,18.0,21.23,1.72,0.0
20230817:0610,319.31,396.52,27.41,22.87,1.86,0.0
20230817:0710,439.74,545.5,36.34,25.42,1.52,0.0
20230817:0810,496.59,620.8,44.18,27.12,2.0,0.0
20230817:0910,695.63,890.24,49.99,28.3,2.48,0.0
20230817:1010,677.99,867.3,52.66,29.08,2.76,0.0
20230817:1110,664.24,848.29,51.48,29.52,2.9,0.0
20230817:1210,681.33,870.77,46.77,29.66,2.83,0.0
20230817:1310,556.94,700.34,39.61,29.56,2.9,0.0
20230817:1410,352.34,442.49,31.02,29.3,3.03,0.0
20230817:1510,165.68,222.48,21.73,28.67,2.76,0.0
20230817:1610,50.78,91.98,12.26,27.61,2.41,0.0
20230817:1710,2.93,12.3,2.99,26.0,2.34,0.0
20230817:1810,0.0,0.0,0.0,24.27,2.55,0.0
20230817:1910,0.0,0.0,0.0,23.4,2.83,0.0
20230817:2010,0.0,0.0,0.0,22.57,2.76,0.0
20230817:2110,0.0,0.0,0.0,21.75,2.48,0.0
20230817:2210,0.0,0.0,0.0,20.9,2.34,0.0
20230817:2310,0.0,0.0,0.0,20.12,2.28,0.0
20230818:0010,0.0,0.0,0.0,19.45,2.28,0.0
20230818:0110,0.0,0.0,0.0,18.96,2.34,0.0
20230818:0210,0.0,0.0,0.0,18.63,2.41,0.0
20230818:0310,0.0,0.0,0.0,18.49,2.48,0.0
20230818:0410,26.18,45.08,8.35,18.64,2.48,0.0
20230818:0510,141.78,200.97,17.79,19.99,2.21,0.0
20230818:0610,347.65,428.24,27.2,22.03,2.48,0.0
20230818:0710,523.85,639.83,36.12,23.75,2.62,0.0
20230818:0810,656.15,817.14,43.92,25.43,2.76,0.0
20230818:0910,738.27,932.39,49.7,26.83,3.24,0.0
20230818:1010,793.49,1010.06,52.35,27.7,3.66,0.0
20230818:1110,767.14,975.18,51.15,28.03,3.59,0.0
20230818:1210,705.98,890.5,46.46,28.25,3.52,0.0
20230818:1310,579.49,721.29,39.31,28.41,3.52,0.0
20230818:1410,406.81,507.13,30.74,28.28,3.31,0.0
20230818:1510,212.65,286.69,21.46,27.98,2.76,0.0
20230818:1610,49.19,89.64,11.98,27.13,2.0,0.0
20230818:1710,1.3,9.02,2.71,25.59,2.14,0.0
20230818:1810,0.0,0.0,0.0,23.89,2.48,0.0
20230818:1910,0.0,0.0,0.0,23.12,2.76,0.0
20230818:2010,0.0,0.0,0.0,22.51,2.83,0.0
20230818:2110,0.0,0.0,0.0,21.95,2.9,0.0
20230818:2210,0.0,0.0,0.0,21.45,2.9,0.0
20230818:2310,0.0,0.0,0.0,20.96,2.76,0.0
20230819:0010,0.0,0.0,0.0,20.5,2.69,0.0
20230819:0110,0.0,0.0,0.0,20.14,2.69,0.0
20230819:0210,0.0,0.0,0.0,19.73,2.62,0.0
20230819:0310,0.0,0.0,0.0,19.33,2.62,0.0
20230819:0410,22.91,40.98,8.13,19.2,2.48,0.0
20230819:0510,131.0,183.08,17.58,20.42,2.21,0.0
20230819:0610,327.55,404.23,26.98,22.37,2.41,0.0
20230819:0710,506.62,620.64,35.89,24.43,2.55,0.0
20230819:0810,644.81,804.85,43.66,25.96,2.69,0.0
20230819:0910,740.2,943.17,49.41,27.4,2.83,0.0
20230819:1010,769.78,987.99,52.03,28.44,3.1,0.0
20230819:1110,733.81,939.07,50.83,28.87,3.1,0.0
20230819:1210,686.6,875.96,46.14,29.22,2.83,0.0
20230819:1310,552.46,697.79,39.01,29.51,2.41,0.0
20230819:1410,389.47,493.01,30.45,29.5,2.0,0.0
20230819:1510,206.92,282.82,21.17,29.32,1.59,0.0
20230819:1610,47.15,87.29,11.7,28.49,1.52,0.0
20230819:1710,0.92,8.2,2.42,26.8,2.14,0.0
20230819:1810,0.0,0.0,0.0,25.05,2.28,0.0
20230819:1910,0.0,0.0,0.0,24.15,2.34,0.0
20230819:2010,0.0,0.0,0.0,23.34,2.34,0.0
20230819:2110,0.0,0.0,0.0,22.64,2.34,0.0
20230819:2210,0.0,0.0,0.0,21.99,2.34,0.0
20230819:2310,0.0,0.0,0.0,21.42,2.21,0.0
20230820:0010,0.0,0.0,0.0,21.01,2.14,0.0
20230820:0110,0.0,0.0,0.0,20.57,2.0,0.0
20230820:0210,0.0,0.0,0.0,20.25,1.86,0.0
20230820:0310,0.0,0.0,0.0,19.82,1.86,0.0
20230820:0410,22.87,40.98,7.92,19.45,1.66,0.0
20230820:0510,120.71,168.87,17.37,21.37,1.17,0.0
20230820:0610,156.5,202.37,26.76,23.88,1.17,0.0
20230820:0710,320.55,396.88,35.65,24.88,1.52,0.0
20230820:0810,540.41,680.07,43.4,26.44,1.45,0.0
20230820:0910,641.17,813.71,49.11,27.18,2.14,0.0
20230820:1010,382.45,475.83,51.7,26.68,2.14,0.0
20230820:1110,727.7,955.85,50.49,26.95,1.03,0.0
20230820:1210,628.77,817.84,45.82,27.23,0.62,0.0
20230820:1310,504.72,643.12,38.7,27.57,0.69,0.0
20230820:1410,333.79,421.96,30.15,27.6,1.03,0.0
20230820:1510,190.85,258.09,20.88,27.48,1.24,0.0
20230820:1610,43.47,84.74,11.41,26.89,1.1,0.0
20230820:1710,0.0,0.82,2.13,25.98,1.59,0.0
20230820:1810,0.0,0.0,0.0,24.37,2.28,0.0
20230820:1910,0.0,0.0,0.0,23.3,1.86,0.0
20230820:2010,0.0,0.0,0.0,22.81,1.59,0.0
20230820:2110,0.0,0.0,0.0,22.09,1.86,0.0
20230820:2210,0.0,0.0,0.0,21.64,2.07,0.0
20230820:2310,0.0,0.0,0.0,21.25,2.07,0.0
20230821:0010,0.0,0.0,0.0,21.04,1.93,0.0
20230821:0110,0.0,0.0,0.0,20.71,1.93,0.0
20230821:0210,0.0,0.0,0.0,20.45,1.93,0.0
20230821:0310,0.0,0.0,0.0,20.1,2.0,0.0
20230821:0410,21.55,39.34,7.71,19.98,1.86,0.0
20230821:0510,129.24,182.15,17.16,21.18,1.59,0.0
20230821:0610,323.09,400.99,26.55,22.96,1.93,0.0
20230821:0710,496.68,609.25,35.42,24.56,2.41,0.0
20230821:0810,633.52,791.64,43.14,26.23,2.62,0.0
20230821:0910,741.38,941.7,48.82,27.35,3.03,0.0
20230821:1010,724.81,920.95,51.38,27.99,3.24,0.0
20230821:1110,710.59,905.13,50.16,28.56,3.1,0.0
20230821:1210,650.46,824.55,45.49,28.95,2.9,0.0
20230821:1310,550.08,689.21,38.39,29.0,2.9,0.0
20230821:1410,207.73,265.22,29.85,28.15,3.24,0.0
20230821:1510,203.93,273.02,20.59,26.75,4.07,0.0
20230821:1610,43.84,83.2,11.12,25.29,3.52,0.0
20230821:1710,0.0,4.92,1.83,24.37,2.34,0.0
20230821:1810,0.0,0.0,0.0,23.57,2.28,0.0
20230821:1910,0.0,0.0,0.0,23.21,2.48,0.0
20230821:2010,0.0,0.0,0.0,22.6,2.97,0.0
20230821:2110,0.0,0.0,0.0,22.22,3.52,0.0
20230821:2210,0.0,0.0,0.0,21.61,3.66,0.0
20230821:2310,0.0,0.0,0.0,20.57,3.1,0.0
20230822:0010,0.0,0.0,0.0,19.51,2.62,0.0
20230822:0110,0.0,0.0,0.0,18.57,2.21,0.0
20230822:0210,0.0,0.0,0.0,17.89,1.93,0.0
20230822:0310,0.0,0.0,0.0,17.34,1.86,0.0
20230822:0410,17.5,33.61,7.49,17.25,1.66,0.0
20230822:0510,116.48,159.81,16.94,18.66,1.52,0.0
20230822:0610,329.82,404.68,26.33,20.39,1.72,0.0
20230822:0710,513.71,626.92,35.18,21.69,1.66,0.0
20230822:0810,653.86,807.03,42.88,23.25,2.55,0.0
20230822:0910,766.63,954.3,48.52,24.32,3.59,0.0
20230822:1010,497.15,603.65,51.05,25.21,4.9,0.0
20230822:1110,419.19,509.06,49.82,25.35,5.03,0.0
20230822:1210,614.92,750.25,45.16,25.46,4.76,0.0
20230822:1310,543.38,659.7,38.08,25.37,4.55,0.0
20230822:1410,421.06,514.41,29.55,25.3,4.34,0.0
20230822:1510,212.06,282.03,20.3,24.96,3.93,0.0
20230822:1610,42.04,81.65,10.82,24.32,2.97,0.0
20230822:1710,0.0,2.46,1.53,22.85,2.21,0.0
20230822:1810,0.0,0.0,0.0,21.35,1.86,0.0
20230822:1910,0.0,0.0,0.0,19.88,1.38,0.0
20230822:2010,0.0,0.0,0.0,18.6,1.31,0.0
20230822:2110,0.0,0.0,0.0,17.57,1.59,0.0
20230822:2210,0.0,0.0,0.0,17.06,2.07,0.0
20230822:2310,0.0,0.0,0.0,16.82,2.0,0.0
20230823:0010,0.0,0.0,0.0,17.13,1.93,0.0
20230823:0110,0.0,0.0,0.0,17.43,1.72,0.0
20230823:0210,0.0,0.0,0.0,17.61,1.45,0.0
20230823:0310,0.0,0.0,0.0,18.05,0.07,0.0
20230823:0410,1.02,8.2,7.27,17.22,0.34,0.0
20230823:0510,115.7,158.87,16.73,17.64,0.62,0.0
20230823:0610,244.28,298.86,26.11,17.95,1.24,0.0
20230823:0710,157.65,199.93,34.94,20.59,1.72,0.0
20230823:0810,637.6,786.34,42.61,21.89,1.93,0.0
20230823:0910,620.52,772.35,48.21,22.87,1.72,0.0
20230823:1010,753.6,966.57,50.71,23.97,1.59,0.0
20230823:1110,583.91,730.06,49.48,24.82,1.86,0.0
20230823:1210,348.35,429.91,44.83,25.22,2.21,0.0
20230823:1310,499.4,615.14,37.76,25.18,2.34,0.0
20230823:1410,381.08,470.17,29.24,24.83,2.34,0.0
20230823:1510,184.58,245.58,20.0,24.56,2.28,0.0
20230823:1610,40.22,78.6,10.52,23.91,1.93,0.0
20230823:1710,0.0,0.82,1.22,22.56,2.07,0.0
20230823:1810,0.0,0.0,0.0,21.2,2.14,0.0
20230823:1910,0.0,0.0,0.0,19.9,2.28,0.0
20230823:2010,0.0,0.0,0.0,18.91,2.21,0.0
20230823:2110,0.0,0.0,0.0,18.07,2.14,0.0
20230823:2210,0.0,0.0,0.0,17.25,2.0,0.0
20230823:2310,0.0,0.0,0.0,16.47,1.93,0.0
20230824:0010,0.0,0.0,0.0,15.87,2.0,0.0
20230824:0110,0.0,0.0,0.0,15.32,1.93,0.0
20230824:0210,0.0,0.0,0.0,14.81,1.79,0.0
20230824:0310,0.0,0.0,0.0,14.59,1.79,0.0
20230824:0410,20.86,37.7,7.05,14.97,1.52,0.0
20230824:0510,139.64,195.8,16.51,16.9,0.97,0.0
20230824:0610,178.72,224.75,25.88,19.8,0.9,0.0
20230824:0710,480.92,587.81,34.7,20.77,0.97,0.0
20230824:0810,662.21,829.4,42.34,22.23,1.31,0.0
20230824:0910,654.9,820.79,47.91,23.26,1.72,0.0
20230824:1010,761.18,968.7,50.38,24.0,2.07,0.0
20230824:1110,708.21,893.21,49.13,24.55,2.28,0.0
20230824:1210,673.58,842.97,44.49,25.01,2.48,0.0
20230824:1310,556.22,687.75,37.44,25.17,2.34,0.0
20230824:1410,411.87,509.38,28.93,24.87,2.14,0.0
20230824:1510,206.22,276.3,19.69,24.26,1.72,0.0
20230824:1610,39.23,77.03,10.22,23.59,1.59,0.0
20230824:1710,0.0,0.0,0.0,22.57,1.59,0.0
20230824:1810,0.0,0.0,0.0,21.09,1.66,0.0
20230824:1910,0.0,0.0,0.0,21.6,0.21,0.0
20230824:2010,0.0,0.0,0.0,18.69,1.45,0.0
20230824:2110,0.0,0.0,0.0,17.59,1.86,0.0
20230824:2210,0.0,0.0,0.0,16.94,1.93,0.0
20230824:2310,0.0,0.0,0.0,16.47,2.14,0.0
20230825:0010,0.0,0.0,0.0,16.09,2.21,0.0
20230825:0110,0.0,0.0,0.0,15.93,2.21,0.0
20230825:0210,0.0,0.0,0.0,15.67,2.07,0.0
20230825:0310,0.0,0.0,0.0,15.47,1.86,0.0
20230825:0410,2.7,11.48,6.83,15.46,1.66,0.0
20230825:0510,138.9,195.76,16.3,17.04,1.17,0.0
20230825:0610,308.66,379.57,25.66,20.07,1.17,0.0
20230825:0710,406.92,493.78,34.46,20.77,1.24,0.0
20230825:0810,451.07,553.61,42.07,22.35,1.17,0.0
20230825:0910,564.57,706.23,47.6,23.98,1.31,0.0
20230825:1010,333.3,413.31,50.04,25.15,1.79,0.0
20230825:1110,227.77,287.78,48.78,25.9,1.93,0.0
20230825:1210,134.47,177.46,44.15,25.95,1.93,0.0
20230825:1310,33.74,56.18,37.11,25.86,1.59,0.0
20230825:1410,47.14,73.13,28.62,26.19,1.38,0.0
20230825:1510,112.88,154.63,19.38,26.07,1.17,0.0
20230825:1610,24.97,44.95,9.91,25.24,1.45,0.0
20230825:1710,0.0,0.0,0.0,24.18,1.93,0.0
20230825:1810,0.0,0.0,0.0,23.01,1.86,0.0
20230825:1910,0.0,0.0,0.0,21.71,2.28,0.0
20230825:2010,0.0,0.0,0.0,21.4,2.21,0.0
20230825:2110,0.0,0.0,0.0,21.17,2.21,0.0
20230825:2210,0.0,0.0,0.0,20.92,2.07,0.0
20230825:2310,0.0,0.0,0.0,20.53,2.07,0.0
20230826:0010,0.0,0.0,0.0,20.14,2.21,0.0
20230826:0110,0.0,0.0,0.0,19.85,2.34,0.0
20230826:0210,0.0,0.0,0.0,19.84,2.28,0.0
20230826:0310,0.0,0.0,0.0,19.64,2.34,0.0
20230826:0410,13.12,27.87,6.61,19.55,2.28,0.0
20230826:0510,70.21,100.31,16.08,20.68,2.07,0.0
20230826:0610,62.19,90.07,25.43,22.47,2.28,0.0
20230826:0710,513.09,622.74,34.22,23.89,3.24,0.0
20230826:0810,531.31,651.65,41.79,25.5,3.24,0.0
20230826:0910,735.15,930.38,47.29,26.74,2.97,0.0
20230826:1010,764.28,981.04,49.7,28.11,2.9,0.0
20230826:1110,733.33,936.4,48.43,29.11,3.31,0.0
20230826:1210,666.27,839.92,43.81,29.51,3.72,0.0
20230826:1310,535.63,666.0,36.78,29.74,4.07,0.0
20230826:1410,366.04,458.39,28.3,29.65,3.86,0.0
20230826:1510,186.46,255.56,19.07,29.24,3.03,0.0
20230826:1610,32.5,57.14,9.6,28.31,2.07,0.0
20230826:1710,0.0,0.0,0.0,26.78,2.21,0.0
20230826:1810,0.0,0.0,0.0,25.18,2.21,0.0
20230826:1910,0.0,0.0,0.0,24.5,2.41,0.0
20230826:2010,0.0,0.0,0.0,23.72,2.48,0.0
20230826:2110,0.0,0.0,0.0,22.97,2.41,0.0
20230826:2210,0.0,0.0,0.0,22.38,2.69,0.0
20230826:2310,0.0,0.0,0.0,21.01,3.93,0.0
20230827:0010,0.0,0.0,0.0,20.42,1.93,0.0
20230827:0110,0.0,0.0,0.0,20.15,1.17,0.0
20230827:0210,0.0,0.0,0.0,19.67,0.62,0.0
20230827:0310,0.0,0.0,0.0,19.49,1.31,0.0
20230827:0410,0.0,4.92,6.39,19.43,1.38,0.0
20230827:0510,8.03,20.51,15.86,20.5,1.86,0.0
20230827:0610,23.98,42.81,25.21,21.78,1.52,0.0
20230827:0710,156.1,199.47,33.97,22.51,2.21,0.0
20230827:0810,143.77,186.05,41.52,23.17,2.0,0.0
20230827:0910,514.53,636.73,46.97,24.1,1.72,0.0
20230827:1010,682.12,861.4,49.35,25.53,2.28,0.0
20230827:1110,617.93,776.74,48.07,27.87,2.97,0.0
20230827:1210,600.07,752.71,43.46,29.02,3.38,0.0
20230827:1310,537.09,671.92,36.45,29.88,3.38,0.0
20230827:1410,379.58,478.5,27.98,30.35,3.24,0.0
20230827:1510,182.63,252.53,18.76,30.33,2.76,0.0
20230827:1610,34.88,67.77,9.28,28.72,2.28,0.0
20230827:1710,0.0,0.0,0.0,27.12,1.38,0.0
20230827:1810,0.0,0.0,0.0,24.9,1.52,0.0
20230827:1910,0.0,0.0,0.0,23.01,2.0,0.0
20230827:2010,0.0,0.0,0.0,22.48,1.86,0.0
20230827:2110,0.0,0.0,0.0,22.06,2.14,0.0
20230827:2210,0.0,0.0,0.0,21.79,2.48,0.0
20230827:2310,0.0,0.0,0.0,21.72,2.9,0.0
20230828:0010,0.0,0.0,0.0,21.89,3.1,0.0
20230828:0110,0.0,0.0,0.0,22.04,3.17,0.0
20230828:0210,0.0,0.0,0.0,22.06,3.1,0.0
20230828:0310,0.0,0.0,0.0,21.95,3.03,0.0
20230828:0410,14.7,30.33,6.17,21.9,2.9,0.0
20230828:0510,121.15,172.73,15.64,22.7,2.69,0.0
20230828:0610,299.34,372.11,24.98,24.25,2.69,0.0
20230828:0710,501.12,618.74,33.72,24.99,1.93,0.0
20230828:0810,628.37,794.31,41.24,26.24,1.72,0.0
20230828:0910,715.81,925.84,46.66,27.47,1.72,0.0
20230828:1010,745.99,976.54,49.0,28.38,1.72,0.0
20230828:1110,689.5,897.2,47.71,29.14,1.72,0.0
20230828:1210,577.32,736.94,43.11,29.53,1.93,0.0
20230828:1310,525.76,663.39,36.11,29.57,2.28,0.0
20230828:1410,300.11,378.37,27.66,28.65,2.41,0.0
20230828:1510,135.8,186.07,18.44,28.04,2.48,0.0
20230828:1610,33.8,63.84,8.97,27.23,2.0,0.0
20230828:1710,0.0,0.0,0.0,25.98,2.48,0.0
20230828:1810,0.0,0.0,0.0,24.99,2.83,0.0
20230828:1910,0.0,0.0,0.0,24.23,3.59,0.0
20230828:2010,0.0,0.0,0.0,23.7,3.79,0.0
20230828:2110,0.0,0.0,0.0,23.38,3.86,0.0
20230828:2210,0.0,0.0,0.0,23.15,3.79,0.0
20230828:2310,0.0,0.0,0.0,23.07,3.86,0.0
20230829:0010,0.0,0.0,0.0,23.07,4.0,0.0
20230829:0110,0.0,0.0,0.0,23.1,4.14,0.0
20230829:0210,0.0,0.0,0.0,23.04,3.93,0.0
20230829:0310,0.0,0.0,0.0,22.9,3.66,0.0
20230829:0410,13.47,28.69,5.94,22.81,3.59,0.0
20230829:0510,127.6,183.53,15.42,23.58,3.52,0.0
20230829:0610,326.46,406.38,24.75,25.25,3.1,0.0
20230829:0710,510.67,626.01,33.47,26.99,4.0,0.0
20230829:0810,646.53,808.74,40.95,28.95,3.93,0.0
20230829:0910,727.87,928.75,46.34,30.57,3.93,0.0
20230829:1010,757.34,978.08,48.65,31.71,3.86,0.0
20230829:1110,735.44,951.64,47.35,32.53,3.79,0.0
20230829:1210,662.93,851.67,42.75,33.07,3.72,0.0
20230829:1310,538.93,684.58,35.77,33.32,3.72,0.0
20230829:1410,366.73,468.5,27.33,33.31,3.59,0.0
20230829:1510,178.52,248.24,18.12,31.78,4.41,0.0
20230829:1610,31.37,61.88,8.65,30.01,4.48,0.0
20230829:1710,0.0,0.0,0.0,28.67,4.14,0.0
20230829:1810,0.0,0.0,0.0,27.63,4.21,0.0
20230829:1910,0.0,0.0,0.0,27.23,3.66,0.0
20230829:2010,0.0,0.0,0.0,26.42,3.59,0.0
20230829:2110,0.0,0.0,0.0,25.67,3.45,0.0
20230829:2210,0.0,0.0,0.0,24.95,3.45,0.0
20230829:2310,0.0,0.0,0.0,24.48,3.45,0.0
20230830:0010,0.0,0.0,0.0,24.18,3.66,0.0
20230830:0110,0.0,0.0,0.0,23.85,3.86,0.0
20230830:0210,0.0,0.0,0.0,23.82,3.93,0.0
20230830:0310,0.0,0.0,0.0,23.38,3.72,0.0
20230830:0410,11.75,26.23,5.72,22.86,3.17,0.0
20230830:0510,5.14,16.05,15.19,22.92,2.97,0.0
20230830:0610,335.44,415.89,24.51,23.95,2.62,0.0
20230830:0710,496.22,602.16,33.22,24.4,3.52,0.0
20230830:0810,481.58,586.71,40.67,25.51,3.86,0.0
20230830:0910,450.0,548.94,46.02,25.62,4.0,0.0
20230830:1010,670.07,822.78,48.3,23.87,3.72,0.0
20230830:1110,413.79,505.72,46.99,24.01,2.55,0.0
20230830:1210,31.3,52.62,42.4,24.08,3.52,0.0
20230830:1310,67.02,96.31,35.43,24.02,3.59,0.0
20230830:1410,36.95,59.75,27.0,24.18,4.14,0.0
20230830:1510,78.57,110.73,17.79,23.72,3.17,0.0
20230830:1610,26.97,48.79,8.32,23.15,2.14,0.0
20230830:1710,0.0,0.0,0.0,22.63,2.34,0.0
20230830:1810,0.0,0.0,0.0,21.81,1.52,0.0
20230830:1910,0.0,0.0,0.0,20.49,2.34,0.0
20230830:2010,0.0,0.0,0.0,20.05,2.34,0.0
20230830:2110,0.0,0.0,0.0,19.85,2.28,0.0
20230830:2210,0.0,0.0,0.0,19.37,2.28,0.0
20230830:2310,0.0,0.0,0.0,18.95,2.07,0.0
20230831:0010,0.0,0.0,0.0,18.5,1.86,0.0
20230831:0110,0.0,0.0,0.0,18.12,1.72,0.0
20230831:0210,0.0,0.0,0.0,17.57,1.72,0.0
20230831:0310,0.0,0.0,0.0,17.32,1.52,0.0
20230831:0410,0.0,4.1,5.49,17.39,1.45,0.0
20230831:0510,107.98,149.65,14.97,17.47,1.66,0.0
20230831:0610,170.77,212.29,24.28,17.51,2.14,0.0
20230831:0710,305.23,361.16,32.96,17.15,3.24,0.0
20230831:0810,151.72,189.67,40.38,17.11,3.03,0.0
20230831:0910,58.26,83.83,45.69,18.3,3.52,0.0
20230831:1010,176.97,220.03,47.94,19.3,3.45,0.0
20230831:1110,312.04,376.13,46.62,20.85,3.45,0.0
20230831:1210,327.24,394.67,42.04,21.74,3.52,0.0
20230831:1310,325.51,390.64,35.08,21.6,4.21,0.0
20230831:1410,167.31,209.91,26.66,20.5,3.45,0.0
20230831:1510,91.81,125.01,17.47,19.89,2.76,0.0
20230831:1610,27.55,59.51,7.99,19.45,2.28,0.0
20230831:1710,0.0,0.0,0.0,18.68,2.0,0.0
20230831:1810,0.0,0.0,0.0,18.03,1.93,0.0
20230831:1910,0.0,0.0,0.0,17.08,2.28,0.0
20230831:2010,0.0,0.0,0.0,16.67,2.0,0.0
20230831:2110,0.0,0.0,0.0,16.24,2.07,0.0
20230831:2210,0.0,0.0,0.0,15.87,2.21,0.0
20230831:2310,0.0,0.0,0.0,15.91,2.07,0.0
20230901:0010,0.0,0.0,0.0,15.34,2.14,0.0
20230901:0110,0.0,0.0,0.0,14.97,2.28,0.0
20230901:0210,0.0,0.0,0.0,14.76,2.28,0.0
20230901:0310,0.0,0.0,0.0,14.61,2.21,0.0
20230901:0410,11.73,25.41,5.27,14.32,2.0,0.0
20230901:0510,100.93,137.96,14.74,14.76,1.79,0.0
20230901:0610,192.33,235.56,24.04,15.92,1.72,0.0
20230901:0710,346.42,410.03,32.71,16.54,1.86,0.0
20230901:0810,660.7,793.4,40.1,18.46,2.76,0.0
20230901:0910,746.48,911.63,45.37,19.44,2.83,0.0
20230901:1010,809.87,1004.57,47.59,20.12,2.69,0.0
20230901:1110,683.2,835.31,46.25,20.94,2.83,0.0
20230901:1210,268.18,325.92,41.67,21.09,3.24,0.0
20230901:1310,497.5,595.21,34.73,21.36,3.45,0.0
20230901:1410,354.27,427.47,26.32,21.28,3.45,0.0
20230901:1510,192.47,256.93,17.13,21.05,2.97,0.0
20230901:1610,26.2,56.18,7.66,20.17,1.93,0.0
20230901:1710,0.0,0.0,0.0,18.94,1.93,0.0
20230901:1810,0.0,0.0,0.0,17.55,1.93,0.0
20230901:1910,0.0,0.0,0.0,16.07,2.14,0.0
20230901:2010,0.0,0.0,0.0,15.6,2.07,0.0
20230901:2110,0.0,0.0,0.0,15.04,2.28,0.0
20230901:2210,0.0,0.0,0.0,14.62,2.34,0.0
20230901:2310,0.0,0.0,0.0,14.38,2.21,0.0
20230902:0010,0.0,0.0,0.0,14.04,2.14,0.0
20230902:0110,0.0,0.0,0.0,13.76,2.07,0.0
20230902:0210,0.0,0.0,0.0,13.73,2.07,0.0
20230902:0310,0.0,0.0,0.0,13.67,2.0,0.0
20230902:0410,0.0,3.28,5.04,13.62,1.86,0.0
20230902:0510,5.41,16.05,14.52,14.78,1.52,0.0
20230902:0610,181.17,223.92,23.81,16.75,1.45,0.0
20230902:0710,248.91,300.99,32.45,18.29,1.86,0.0
20230902:0810,110.19,144.47,39.81,19.21,1.93,0.0
20230902:0910,83.68,114.15,45.04,19.54,1.72,0.0
20230902:1010,288.68,349.9,47.23,18.04,0.76,0.0
20230902:1110,175.78,218.93,45.88,18.11,1.24,0.0
20230902:1210,184.39,228.94,41.31,18.44,1.31,0.0
20230902:1310,50.42,74.91,34.38,18.8,1.1,0.0
20230902:1410,313.21,381.48,25.98,19.18,0.76,0.0
20230902:1510,123.46,165.11,16.8,19.39,0.97,0.0
20230902:1610,26.49,50.35,7.33,18.98,0.97,0.0
20230902:1710,0.0,0.0,0.0,18.38,1.24,0.0
20230902:1810,0.0,0.0,0.0,17.55,1.45,0.0
20230902:1910,0.0,0.0,0.0,16.4,0.76,0.0
20230902:2010,0.0,0.0,0.0,16.65,0.48,0.0
20230902:2110,0.0,0.0,0.0,16.42,0.34,0.0
20230902:2210,0.0,0.0,0.0,16.25,0.34,0.0
20230902:2310,0.0,0.0,0.0,16.0,0.41,0.0
20230903:0010,0.0,0.0,0.0,15.83,0.41,0.0
20230903:0110,0.0,0.0,0.0,15.61,0.69,0.0
20230903:0210,0.0,0.0,0.0,14.9,0.83,0.0
20230903:0310,0.0,0.0,0.0,13.96,1.03,0.0
20230903:0410,0.69,7.38,4.81,13.86,0.97,0.0
20230903:0510,83.16,115.24,14.29,14.79,0.41,0.0
20230903:0610,156.05,195.63,23.57,16.26,0.41,0.0
20230903:0710,257.66,311.08,32.19,16.47,0.41,0.0
20230903:0810,97.14,129.31,39.51,18.08,0.41,0.0
20230903:0910,122.25,158.74,44.71,18.86,0.41,0.0
20230903:1010,96.42,129.31,46.86,19.68,0.55,0.0
20230903:1110,198.49,247.84,45.5,20.3,0.83,0.0
20230903:1210,466.03,566.01,40.94,20.63,1.38,0.0
20230903:1310,267.9,325.57,34.02,20.65,2.28,0.0
20230903:1410,193.23,239.24,25.64,19.12,1.72,0.0
20230903:1510,42.96,65.99,16.46,19.14,1.52,0.0
20230903:1610,7.53,19.62,7.0,18.75,1.59,0.0
20230903:1710,0.0,0.0,0.0,17.73,2.14,0.0
20230903:1810,0.0,0.0,0.0,16.85,2.41,0.0
20230903:1910,0.0,0.0,0.0,15.88,2.76,0.0
20230903:2010,0.0,0.0,0.0,15.2,2.97,0.0
20230903:2110,0.0,0.0,0.0,14.72,2.97,0.0
20230903:2210,0.0,0.0,0.0,14.34,2.83,0.0
20230903:2310,0.0,0.0,0.0,13.85,2.76,0.0
20230904:0010,0.0,0.0,0.0,13.42,2.62,0.0
20230904:0110,0.0,0.0,0.0,13.13,2.69,0.0
20230904:0210,0.0,0.0,0.0,12.75,2.69,0.0
20230904:0310,0.0,0.0,0.0,12.53,2.62,0.0
20230904:0410,8.97,21.31,4.58,12.38,2.62,0.0
20230904:0510,136.21,187.86,14.06,13.24,2.41,0.0
20230904:0610,364.29,431.79,23.33,15.05,2.76,0.0
20230904:0710,564.1,664.37,31.93,16.5,2.76,0.0
20230904:0810,703.01,844.76,39.22,18.26,2.97,0.0
20230904:0910,805.31,979.37,44.37,19.68,3.79,0.0
20230904:1010,777.2,944.79,46.5,20.35,4.0,0.0
20230904:1110,675.41,813.73,45.13,20.58,3.93,0.0
20230904:1210,563.51,673.61,40.57,20.82,3.79,0.0
20230904:1310,560.11,669.13,33.67,21.24,3.86,0.0
20230904:1410,406.99,490.15,25.29,21.24,3.66,0.0
20230904:1510,184.08,247.07,16.13,20.77,2.97,0.0
20230904:1610,22.49,47.73,6.66,19.68,2.69,0.0
20230904:1710,0.0,0.0,0.0,18.2,2.9,0.0
20230904:1810,0.0,0.0,0.0,17.06,2.97,0.0
20230904:1910,0.0,0.0,0.0,16.25,2.62,0.0
20230904:2010,0.0,0.0,0.0,15.38,2.48,0.0
20230904:2110,0.0,0.0,0.0,14.54,2.34,0.0
20230904:2210,0.0,0.0,0.0,13.84,2.21,0.0
20230904:2310,0.0,0.0,0.0,13.17,2.07,0.0
20230905:0010,0.0,0.0,0.0,12.41,1.93,0.0
20230905:0110,0.0,0.0,0.0,11.69,1.86,0.0
20230905:0210,0.0,0.0,0.0,11.13,1.93,0.0
20230905:0310,0.0,0.0,0.0,10.68,1.86,0.0
20230905:0410,8.51,20.49,4.35,10.31,1.79,0.0
20230905:0510,142.56,197.04,13.83,11.87,1.1,0.0
20230905:0610,364.02,438.2,23.09,15.43,0.9,0.0
20230905:0710,553.44,673.32,31.66,17.36,0.55,0.0
20230905:0810,680.7,849.19,38.92,19.21,0.83,0.0
20230905:0910,766.63,972.27,44.04,20.5,1.24,0.0
20230905:1010,527.07,643.21,46.13,21.35,1.86,0.0
20230905:1110,473.76,576.13,44.75,21.64,1.93,0.0
20230905:1210,598.41,736.27,40.19,21.79,1.79,0.0
20230905:1310,439.79,533.88,33.3,21.8,1.72,0.0
20230905:1410,359.13,439.06,24.95,21.57,1.66,0.0
20230905:1510,177.14,239.9,15.78,21.35,1.52,0.0
20230905:1610,20.2,44.4,6.32,20.5,1.31,0.0
20230905:1710,0.0,0.0,0.0,18.74,1.24,0.0
20230905:1810,0.0,0.0,0.0,18.52,0.62,0.0
20230905:1910,0.0,0.0,0.0,17.25,0.97,0.0
20230905:2010,0.0,0.0,0.0,16.8,0.9,0.0
20230905:2110,0.0,0.0,0.0,14.32,1.45,0.0
20230905:2210,0.0,0.0,0.0,12.85,2.0,0.0
20230905:2310,0.0,0.0,0.0,12.54,2.07,0.0
20230906:0010,0.0,0.0,0.0,12.38,2.14,0.0
20230906:0110,0.0,0.0,0.0,12.32,2.21,0.0
20230906:0210,0.0,0.0,0.0,12.15,2.21,0.0
20230906:0310,0.0,0.0,0.0,12.06,2.14,0.0
20230906:0410,1.89,9.84,4.12,11.82,2.14,0.0
20230906:0510,138.66,191.99,13.6,12.79,1.59,0.0
20230906:0610,359.93,433.73,22.85,16.35,1.24,0.0
20230906:0710,553.19,660.78,31.4,18.07,2.07,0.0
20230906:0810,687.69,840.06,38.62,19.81,2.21,0.0
20230906:0910,776.4,968.47,43.7,21.24,2.34,0.0
20230906:1010,769.37,963.34,45.76,22.27,2.48,0.0
20230906:1110,748.08,933.95,44.36,23.03,2.69,0.0
20230906:1210,667.93,825.84,39.82,23.24,2.55,0.0
20230906:1310,558.74,684.31,32.94,22.87,2.07,0.0
20230906:1410,370.8,455.74,24.59,22.62,1.66,0.0
20230906:1510,166.9,227.68,15.44,22.2,1.38,0.0
20230906:1610,18.55,41.24,5.98,21.54,1.45,0.0
20230906:1710,0.0,0.0,0.0,20.49,1.79,0.0
20230906:1810,0.0,0.0,0.0,19.32,1.86,0.0
20230906:1910,0.0,0.0,0.0,18.61,0.9,0.0
20230906:2010,0.0,0.0,0.0,18.7,0.76,0.0
20230906:2110,0.0,0.0,0.0,17.05,1.17,0.0
20230906:2210,0.0,0.0,0.0,15.84,1.52,0.0
20230906:2310,0.0,0.0,0.0,15.63,1.66,0.0
20230907:0010,0.0,0.0,0.0,15.4,1.72,0.0
20230907:0110,0.0,0.0,0.0,15.34,1.72,0.0
20230907:0210,0.0,0.0,0.0,15.62,1.52,0.0
20230907:0310,0.0,0.0,0.0,15.47,1.59,0.0
20230907:0410,0.0,2.46,3.89,15.53,1.72,0.0
20230907:0510,111.18,154.69,13.36,16.15,1.79,0.0
20230907:0610,318.86,382.97,22.6,17.22,2.34,0.0
20230907:0710,540.33,649.07,31.13,18.63,1.72,0.0
20230907:0810,592.81,720.12,38.32,19.89,1.86,0.0
20230907:0910,743.62,928.96,43.36,21.34,2.0,0.0
20230907:1010,784.77,983.29,45.39,22.22,2.55,0.0
20230907:1110,516.47,625.42,43.98,22.45,3.03,0.0
20230907:1210,379.11,457.73,39.44,22.63,3.17,0.0
20230907:1310,478.41,577.02,32.58,22.62,3.03,0.0
20230907:1410,345.94,421.37,24.24,22.38,2.9,0.0
20230907:1510,168.07,228.92,15.09,21.93,2.48,0.0
20230907:1610,15.64,34.22,5.63,20.68,2.14,0.0
20230907:1710,0.0,0.0,0.0,18.77,2.55,0.0
20230907:1810,0.0,0.0,0.0,17.34,2.62,0.0
20230907:1910,0.0,0.0,0.0,16.75,2.62,0.0
20230907:2010,0.0,0.0,0.0,15.88,2.62,0.0
20230907:2110,0.0,0.0,0.0,15.01,2.48,0.0
20230907:2210,0.0,0.0,0.0,14.24,2.34,0.0
20230907:2310,0.0,0.0,0.0,13.5,2.21,0.0
20230908:0010,0.0,0.0,0.0,12.78,2.07,0.0
20230908:0110,0.0,0.0,0.0,12.01,1.86,0.0
20230908:0210,0.0,0.0,0.0,11.27,1.66,0.0
20230908:0310,0.0,0.0,0.0,10.8,1.59,0.0
20230908:0410,5.78,16.39,3.66,10.2,1.72,0.0
20230908:0510,134.05,184.54,13.13,11.79,1.03,0.0
20230908:0610,358.09,430.14,22.36,14.88,0.76,0.0
20230908:0710,547.33,659.79,30.86,16.71,0.83,0.0
20230908:0810,670.39,837.59,38.02,18.7,0.55,0.0
20230908:0910,746.29,965.21,43.02,20.44,0.34,0.0
20230908:1010,774.63,1006.2,45.02,21.6,0.69,0.0
20230908:1110,747.71,959.69,43.6,22.28,1.03,0.0
20230908:1210,667.94,838.77,39.06,22.71,1.38,0.0
20230908:1310,555.02,683.16,32.21,22.88,1.66,0.0
20230908:1410,379.7,466.63,23.89,22.81,1.86,0.0
20230908:1510,165.39,226.96,14.75,22.41,1.66,0.0
20230908:1610,13.58,31.78,5.29,21.43,1.52,0.0
20230908:1710,0.0,0.0,0.0,19.83,2.0,0.0
20230908:1810,0.0,0.0,0.0,18.17,1.93,0.0
20230908:1910,0.0,0.0,0.0,16.78,1.66,0.0
20230908:2010,0.0,0.0,0.0,17.0,0.97,0.0
20230908:2110,0.0,0.0,0.0,16.78,0.97,0.0
20230908:2210,0.0,0.0,0.0,14.19,1.79,0.0
20230908:2310,0.0,0.0,0.0,13.64,2.0,0.0
20230909:0010,0.0,0.0,0.0,13.74,2.14,0.0
20230909:0110,0.0,0.0,0.0,14.04,2.14,0.0
20230909:0210,0.0,0.0,0.0,13.84,2.28,0.0
20230909:0310,0.0,0.0,0.0,13.66,2.14,0.0
20230909:0410,4.15,13.93,3.42,13.53,2.07,0.0
20230909:0510,123.74,171.68,12.9,14.19,1.66,0.0
20230909:0610,337.87,405.88,22.11,16.63,1.72,0.0
20230909:0710,480.42,574.46,30.59,18.39,1.66,0.0
20230909:0810,608.47,742.46,37.72,20.08,1.72,0.0
20230909:0910,761.43,954.43,42.68,21.49,2.0,0.0
20230909:1010,789.63,994.03,44.65,22.33,2.34,0.0
20230909:1110,760.58,953.61,43.21,22.78,2.41,0.0
20230909:1210,669.83,827.52,38.68,22.96,2.48,0.0
20230909:1310,532.51,647.33,31.84,22.88,2.55,0.0
20230909:1410,368.41,449.59,23.53,22.55,2.69,0.0
20230909:1510,158.57,217.27,14.4,21.85,2.55,0.0
20230909:1610,11.59,29.53,4.94,20.53,2.48,0.0
20230909:1710,0.0,0.0,0.0,18.7,2.62,0.0
20230909:1810,0.0,0.0,0.0,17.37,2.62,0.0
20230909:1910,0.0,0.0,0.0,16.48,2.62,0.0
20230909:2010,0.0,0.0,0.0,15.68,2.55,0.0
20230909:2110,0.0,0.0,0.0,15.0,2.48,0.0
20230909:2210,0.0,0.0,0.0,14.42,2.41,0.0
20230909:2310,0.0,0.0,0.0,13.89,2.34,0.0
20230910:0010,0.0,0.0,0.0,13.39,2.28,0.0
20230910:0110,0.0,0.0,0.0,12.93,2.21,0.0
20230910:0210,0.0,0.0,0.0,12.5,2.21,0.0
20230910:0310,0.0,0.0,0.0,12.12,2.14,0.0
20230910:0410,2.78,11.48,3.19,11.83,2.21,0.0
20230910:0510,137.05,189.95,12.66,12.68,1.93,0.0
20230910:0610,361.34,429.3,21.86,14.87,2.07,0.0
20230910:0710,552.05,655.31,30.32,16.63,1.93,0.0
20230910:0810,696.59,851.45,37.41,18.53,1.79,0.0
20230910:0910,775.37,973.93,42.33,20.22,1.66,0.0
20230910:1010,784.67,994.29,44.27,21.52,1.72,0.0
20230910:1110,759.84,961.12,42.82,22.37,1.79,0.0
20230910:1210,671.42,839.6,38.29,22.84,1.66,0.0
20230910:1310,546.37,674.73,31.47,23.04,1.38,0.0
20230910:1410,372.98,461.86,23.17,23.06,1.17,0.0
20230910:1510,157.22,218.59,14.04,22.82,0.83,0.0
20230910:1610,10.38,27.62,4.59,21.72,0.83,0.0
20230910:1710,0.0,0.0,0.0,20.02,1.86,0.0
20230910:1810,0.0,0.0,0.0,18.16,2.14,0.0
20230910:1910,0.0,0.0,0.0,16.98,2.34,0.0
20230910:2010,0.0,0.0,0.0,16.27,2.41,0.0
20230910:2110,0.0,0.0,0.0,15.68,2.41,0.0
20230910:2210,0.0,0.0,0.0,15.17,2.34,0.0
20230910:2310,0.0,0.0,0.0,14.69,2.28,0.0
20230911:0010,0.0,0.0,0.0,14.32,2.28,0.0
20230911:0110,0.0,0.0,0.0,14.03,2.28,0.0
20230911:0210,0.0,0.0,0.0,13.72,2.21,0.0
20230911:0310,0.0,0.0,0.0,13.42,2.21,0.0
20230911:0410,0.69,7.38,2.95,13.18,2.14,0.0
20230911:0510,111.93,154.99,12.42,13.91,1.86,0.0
20230911:0610,313.99,376.64,21.61,16.43,1.86,0.0
20230911:0710,499.67,594.86,30.05,18.48,2.21,0.0
20230911:0810,641.36,782.76,37.1,20.55,2.14,0.0
20230911:0910,721.68,899.68,41.98,22.23,2.21,0.0
20230911:1010,749.8,943.0,43.89,23.46,2.41,0.0
20230911:1110,440.56,538.76,42.43,24.11,2.41,0.0
20230911:1210,327.34,402.0,37.91,24.52,2.28,0.0
20230911:1310,390.92,479.14,31.1,24.7,2.07,0.0
20230911:1410,317.93,394.96,22.81,24.65,1.79,0.0
20230911:1510,129.08,180.73,13.69,24.16,1.31,0.0
20230911:1610,8.53,23.38,4.24,22.86,1.86,0.0
20230911:1710,0.0,0.0,0.0,20.63,2.48,0.0
20230911:1810,0.0,0.0,0.0,19.04,2.48,0.0
20230911:1910,0.0,0.0,0.0,18.03,2.62,0.0
20230911:2010,0.0,0.0,0.0,17.24,2.69,0.0
20230911:2110,0.0,0.0,0.0,16.64,2.69,0.0
20230911:2210,0.0,0.0,0.0,16.05,2.62,0.0
20230911:2310,0.0,0.0,0.0,15.49,2.55,0.0
20230912:0010,0.0,0.0,0.0,14.98,2.41,0.0
20230912:0110,0.0,0.0,0.0,14.6,2.28,0.0
20230912:0210,0.0,0.0,0.0,14.05,2.21,0.0
20230912:0310,0.0,0.0,0.0,13.58,2.14,0.0
20230912:0410,0.0,1.64,2.72,13.16,2.07,0.0
20230912:0510,98.85,137.39,12.19,13.8,1.59,0.0
20230912:0610,320.69,385.28,21.36,16.37,1.52,0.0
20230912:0710,476.41,570.52,29.77,18.84,1.66,0.0
20230912:0810,649.32,800.08,36.79,20.85,1.66,0.0
20230912:0910,730.1,923.52,41.64,22.65,1.59,0.0
20230912:1010,621.18,780.28,43.51,24.05,1.52,0.0
20230912:1110,461.99,573.61,42.04,24.94,1.38,0.0
20230912:1210,472.6,589.39,37.52,25.47,1.17,0.0
20230912:1310,412.75,513.48,30.72,25.67,1.03,0.0
20230912:1410,174.14,224.72,22.45,25.57,0.83,0.0
20230912:1510,145.91,206.47,13.34,24.75,0.62,0.0
20230912:1610,7.96,22.27,3.88,23.9,1.17,0.0
20230912:1710,0.0,0.0,0.0,22.39,1.93,0.0
20230912:1810,0.0,0.0,0.0,20.67,2.07,0.0
20230912:1910,0.0,0.0,0.0,20.27,2.28,0.0
20230912:2010,0.0,0.0,0.0,19.68,2.41,0.0
20230912:2110,0.0,0.0,0.0,19.52,2.41,0.0
20230912:2210,0.0,0.0,0.0,19.04,2.34,0.0
20230912:2310,0.0,0.0,0.0,18.5,2.21,0.0
20230913:0010,0.0,0.0,0.0,17.95,2.07,0.0
20230913:0110,0.0,0.0,0.0,17.71,1.79,0.0
20230913:0210,0.0,0.0,0.0,17.46,1.66,0.0
20230913:0310,0.0,0.0,0.0,17.06,1.59,0.0
20230913:0410,0.0,4.1,2.48,16.45,1.66,0.0
20230913:0510,33.39,53.97,11.95,16.75,1.1,0.0
20230913:0610,86.28,117.08,21.11,19.02,0.97,0.0
20230913:0710,352.73,427.2,29.5,20.83,1.24,0.0
20230913:0810,568.55,704.77,36.48,22.72,1.24,0.0
20230913:0910,718.35,920.56,41.29,24.36,1.31,0.0
20230913:1010,742.05,957.77,43.13,25.4,1.52,0.0
20230913:1110,364.73,452.53,41.65,26.04,1.72,0.0
20230913:1210,394.37,488.61,37.13,26.26,1.79,0.0
20230913:1310,265.65,332.17,30.35,26.43,1.72,0.0
20230913:1410,307.66,385.89,22.08,26.15,1.59,0.0
20230913:1510,137.04,195.28,12.98,25.62,0.9,0.0
20230913:1610,6.35,19.47,3.53,24.75,0.9,0.0
20230913:1710,0.0,0.0,0.0,22.67,1.24,0.0
20230913:1810,0.0,0.0,0.0,21.42,1.86,0.0
20230913:1910,0.0,0.0,0.0,20.77,2.0,0.0
20230913:2010,0.0,0.0,0.0,19.7,2.07,0.0
20230913:2110,0.0,0.0,0.0,19.22,2.21,0.0
20230913:2210,0.0,0.0,0.0,19.0,2.41,0.0
20230913:2310,0.0,0.0,0.0,18.93,2.41,0.0
20230914:0010,0.0,0.0,0.0,18.62,2.41,0.0
20230914:0110,0.0,0.0,0.0,18.09,2.55,0.0
20230914:0210,0.0,0.0,0.0,18.01,2.55,0.0
20230914:0310,0.0,0.0,0.0,17.64,2.62,0.0
20230914:0410,0.0,4.92,2.25,17.21,2.55,0.0
20230914:0510,86.62,123.58,11.71,17.5,2.07,0.0
20230914:0610,275.19,335.04,20.86,19.16,2.0,0.0
20230914:0710,345.61,414.63,29.22,20.66,2.48,0.0
20230914:0810,26.07,45.48,36.17,21.85,3.24,0.0
20230914:0910,322.25,389.29,40.93,22.48,3.93,0.0
20230914:1010,73.59,103.45,42.75,22.59,4.0,0.0
20230914:1110,64.01,91.85,41.25,21.81,3.79,0.0
20230914:1210,76.28,106.12,36.74,21.39,3.52,0.0
20230914:1310,186.9,232.05,29.97,20.83,3.31,0.0
20230914:1410,88.42,119.85,21.72,20.36,2.69,0.0
20230914:1510,88.92,124.95,12.62,19.55,2.55,0.0
20230914:1610,2.23,10.7,3.17,19.03,2.34,0.0
20230914:1710,0.0,0.0,0.0,18.48,2.41,0.0
20230914:1810,0.0,0.0,0.0,18.16,2.62,0.0
20230914:1910,0.0,0.0,0.0,17.14,3.1,0.0
20230914:2010,0.0,0.0,0.0,16.77,3.38,0.0
20230914:2110,0.0,0.0,0.0,16.2,3.38,0.0
20230914:2210,0.0,0.0,0.0,15.77,3.31,0.0
20230914:2310,0.0,0.0,0.0,15.22,3.38,0.0
20230915:0010,0.0,0.0,0.0,15.0,3.45,0.0
20230915:0110,0.0,0.0,0.0,14.69,3.24,0.0
20230915:0210,0.0,0.0,0.0,14.51,3.03,0.0
20230915:0310,0.0,0.0,0.0,14.52,3.1,0.0
20230915:0410,0.0,0.82,2.01,14.55,3.03,0.0
20230915:0510,9.53,22.29,11.47,14.68,2.76,0.0
20230915:0610,63.06,88.29,20.6,15.08,3.31,0.0
20230915:0710,140.33,175.14,28.94,15.58,4.0,0.0
20230915:0810,112.14,144.47,35.85,16.35,3.72,0.0
20230915:0910,106.32,138.23,40.58,16.8,3.52,0.0
20230915:1010,89.73,119.5,42.37,16.88,3.45,0.0
20230915:1110,294.72,349.81,40.86,17.16,3.31,0.0
20230915:1210,192.89,235.83,36.35,17.43,3.1,0.0
20230915:1310,329.33,388.75,29.59,17.52,3.1,0.0
20230915:1410,316.26,377.46,21.35,17.62,3.17,0.0
20230915:1510,147.1,201.23,12.26,17.42,3.1,0.0
20230915:1610,3.53,14.01,2.82,17.02,2.41,0.0
20230915:1710,0.0,0.0,0.0,16.17,2.07,0.0
20230915:1810,0.0,0.0,0.0,15.31,2.0,0.0
20230915:1910,0.0,0.0,0.0,14.15,2.0,0.0
20230915:2010,0.0,0.0,0.0,13.62,1.79,0.0
20230915:2110,0.0,0.0,0.0,13.11,1.72,0.0
20230915:2210,0.0,0.0,0.0,12.69,1.59,0.0
20230915:2310,0.0,0.0,0.0,12.56,1.52,0.0
20230916:0010,0.0,0.0,0.0,12.59,1.45,0.0
20230916:0110,0.0,0.0,0.0,12.14,1.66,0.0
20230916:0210,0.0,0.0,0.0,11.95,1.66,0.0
20230916:0310,0.0,0.0,0.0,11.78,1.79,0.0
20230916:0410,0.0,0.82,1.77,11.7,1.93,0.0
20230916:0510,28.8,47.26,11.22,12.49,1.93,0.0
20230916:0610,96.6,125.86,20.35,13.77,2.28,0.0
20230916:0710,139.6,174.36,28.66,14.97,2.48,0.0
20230916:0810,227.4,272.69,35.54,16.15,3.17,0.0
20230916:0910,758.11,909.93,40.23,16.85,3.17,0.0
20230916:1010,817.18,992.3,41.98,17.61,3.24,0.0
20230916:1110,714.9,860.57,40.46,18.45,3.24,0.0
20230916:1210,570.7,678.21,35.96,18.91,3.24,0.0
20230916:1310,461.43,545.29,29.21,18.97,3.24,0.0
20230916:1410,323.44,387.75,20.98,18.82,3.38,0.0
20230916:1510,143.7,198.49,11.9,18.47,3.24,0.0
20230916:1610,2.65,11.81,2.46,17.94,2.69,0.0
20230916:1710,0.0,0.0,0.0,17.27,2.55,0.0
20230916:1810,0.0,0.0,0.0,16.56,2.55,0.0
20230916:1910,0.0,0.0,0.0,15.99,2.69,0.0
20230916:2010,0.0,0.0,0.0,15.73,2.76,0.0
20230916:2110,0.0,0.0,0.0,15.26,2.83,0.0
20230916:2210,0.0,0.0,0.0,14.81,2.9,0.0
20230916:2310,0.0,0.0,0.0,14.3,2.9,0.0
20230917:0010,0.0,0.0,0.0,14.22,2.83,0.0
20230917:0110,0.0,0.0,0.0,14.11,2.9,0.0
20230917:0210,0.0,0.0,0.0,13.94,3.03,0.0
20230917:0310,0.0,0.0,0.0,13.76,3.1,0.0
20230917:0410,0.0,0.82,1.53,13.62,3.17,0.0
20230917:0510,124.54,173.76,10.98,14.19,3.17,0.0
20230917:0610,354.72,420.47,20.09,15.89,3.1,0.0
20230917:0710,548.61,643.28,28.37,17.64,3.72,0.0
20230917:0810,696.36,831.99,35.22,19.31,3.86,0.0
20230917:0910,774.8,944.89,39.87,20.86,3.72,0.0
20230917:1010,799.83,989.1,41.6,22.16,3.52,0.0
20230917:1110,761.5,944.76,40.06,23.17,3.24,0.0
20230917:1210,631.24,775.5,35.57,23.94,2.97,0.0
20230917:1310,453.57,552.31,28.83,23.99,2.48,0.0
20230917:1410,331.63,409.7,20.62,23.64,2.07,0.0
20230917:1510,127.2,181.41,11.54,23.07,1.93,0.0
20230917:1610,1.3,8.92,2.1,21.74,2.34,0.0
20230917:1710,0.0,0.0,0.0,20.67,2.55,0.0
20230917:1810,0.0,0.0,0.0,19.83,2.83,0.0
20230917:1910,0.0,0.0,0.0,19.36,3.24,0.0
20230917:2010,0.0,0.0,0.0,18.81,3.31,0.0
20230917:2110,0.0,0.0,0.0,18.35,3.31,0.0
20230917:2210,0.0,0.0,0.0,17.98,3.17,0.0
20230917:2310,0.0,0.0,0.0,17.49,2.97,0.0
20230918:0010,0.0,0.0,0.0,16.94,2.83,0.0
20230918:0110,0.0,0.0,0.0,16.35,2.76,0.0
20230918:0210,0.0,0.0,0.0,15.89,2.62,0.0
20230918:0310,0.0,0.0,0.0,15.41,2.48,0.0
20230918:0410,0.0,0.0,0.0,14.95,2.48,0.0
20230918:0510,41.67,64.28,10.74,15.33,2.34,0.0
20230918:0610,128.07,163.1,19.83,16.92,2.55,0.0
20230918:0710,191.87,235.46,28.09,18.72,2.97,0.0
20230918:0810,305.03,366.55,34.9,20.61,3.1,0.0
20230918:0910,660.85,805.86,39.51,22.24,3.24,0.0
20230918:1010,714.91,881.29,41.21,23.57,3.52,0.0
20230918:1110,746.85,925.21,39.67,24.3,3.66,0.0
20230918:1210,647.15,793.1,35.18,24.7,3.66,0.0
20230918:1310,517.49,628.13,28.45,24.7,3.59,0.0
20230918:1410,322.35,397.38,20.25,24.41,3.24,0.0
20230918:1510,106.48,153.54,11.18,23.74,2.48,0.0
20230918:1610,0.0,5.35,1.74,22.37,2.48,0.0
20230918:1710,0.0,0.0,0.0,21.06,2.76,0.0
20230918:1810,0.0,0.0,0.0,20.23,3.03,0.0
20230918:1910,0.0,0.0,0.0,20.01,3.59,0.0
20230918:2010,0.0,0.0,0.0,19.68,3.86,0.0
20230918:2110,0.0,0.0,0.0,19.15,3.79,0.0
20230918:2210,0.0,0.0,0.0,18.37,3.59,0.0
20230918:2310,0.0,0.0,0.0,17.66,3.38,0.0
20230919:0010,0.0,0.0,0.0,17.02,3.24,0.0
20230919:0110,0.0,0.0,0.0,16.43,3.17,0.0
20230919:0210,0.0,0.0,0.0,15.93,3.17,0.0
20230919:0310,0.0,0.0,0.0,15.55,3.17,0.0
20230919:0410,0.0,0.0,0.0,15.2,3.17,0.0
20230919:0510,81.41,116.24,10.49,15.34,3.17,0.0
20230919:0610,304.95,363.42,19.57,16.62,3.24,0.0
20230919:0710,349.32,412.14,27.8,18.55,3.59,0.0
20230919:0810,324.06,387.1,34.58,20.47,3.72,0.0
20230919:0910,729.78,889.94,39.16,22.21,3.86,0.0
20230919:1010,499.11,600.92,40.82,23.33,4.14,0.0
20230919:1110,74.09,104.34,39.27,23.39,4.55,0.0
20230919:1210,84.37,115.93,34.78,22.45,4.69,0.0
20230919:1310,21.47,39.24,28.07,20.33,3.86,0.0
20230919:1410,20.93,38.35,19.88,18.99,3.52,0.0
20230919:1510,2.71,11.59,10.82,18.27,3.52,0.0
20230919:1610,0.0,0.89,1.38,17.65,3.79,0.0
20230919:1710,0.0,0.0,0.0,17.45,3.86,0.0
20230919:1810,0.0,0.0,0.0,17.65,3.93,0.0
20230919:1910,0.0,0.0,0.0,17.86,3.1,0.0
20230919:2010,0.0,0.0,0.0,17.75,2.83,0.0
20230919:2110,0.0,0.0,0.0,17.52,2.62,0.0
20230919:2210,0.0,0.0,0.0,17.24,2.83,0.0
20230919:2310,0.0,0.0,0.0,16.97,3.24,0.0
20230920:0010,0.0,0.0,0.0,16.73,3.66,0.0
20230920:0110,0.0,0.0,0.0,16.65,3.79,0.0
20230920:0210,0.0,0.0,0.0,16.64,3.79,0.0
20230920:0310,0.0,0.0,0.0,16.56,4.0,0.0
20230920:0410,0.0,0.0,0.0,16.4,3.79,0.0
20230920:0510,28.7,48.01,10.25,16.23,3.59,0.0
20230920:0610,13.85,28.54,19.31,16.43,3.17,0.0
20230920:0710,24.66,42.81,27.51,16.74,3.1,0.0
20230920:0810,129.17,164.96,34.26,18.31,3.52,0.0
20230920:0910,368.84,438.33,38.8,19.98,3.79,0.0
20230920:1010,411.45,488.56,40.44,21.0,4.69,0.0
20230920:1110,458.74,546.35,38.87,21.61,4.34,0.0
20230920:1210,303.75,366.26,34.39,21.82,3.66,0.0
20230920:1310,206.5,255.07,27.69,21.61,2.97,0.0
20230920:1410,221.68,274.52,19.51,21.7,2.83,0.0
20230920:1510,77.59,113.73,10.46,20.92,1.93,0.0
20230920:1610,0.0,0.0,0.0,19.91,1.86,0.0
20230920:1710,0.0,0.0,0.0,18.28,2.14,0.0
20230920:1810,0.0,0.0,0.0,17.07,2.14,0.0
20230920:1910,0.0,0.0,0.0,16.82,2.41,0.0
20230920:2010,0.0,0.0,0.0,16.25,2.41,0.0
20230920:2110,0.0,0.0,0.0,15.83,2.28,0.0
20230920:2210,0.0,0.0,0.0,15.41,2.21,0.0
20230920:2310,0.0,0.0,0.0,15.06,2.14,0.0
20230921:0010,0.0,0.0,0.0,14.57,2.14,0.0
20230921:0110,0.0,0.0,0.0,14.23,2.07,0.0
20230921:0210,0.0,0.0,0.0,13.86,2.14,0.0
20230921:0310,0.0,0.0,0.0,13.62,2.14,0.0
20230921:0410,0.0,0.0,0.0,13.41,2.21,0.0
20230921:0510,124.55,174.36,10.0,13.84,2.0,0.0
20230921:0610,344.44,411.47,19.05,16.14,1.93,0.0
20230921:0710,541.35,642.78,27.23,18.16,2.48,0.0
20230921:0810,678.12,820.0,33.93,20.01,2.9,0.0
20230921:0910,764.89,937.88,38.44,21.51,3.45,0.0
20230921:1010,637.14,771.1,40.05,22.58,4.07,0.0
20230921:1110,492.01,592.0,38.47,23.16,4.0,0.0
20230921:1210,431.5,518.7,33.99,23.35,3.93,0.0
20230921:1310,454.38,545.68,27.3,23.33,3.93,0.0
20230921:1410,290.83,357.09,19.14,23.05,3.52,0.0
20230921:1510,91.93,134.07,10.1,21.96,2.76,0.0
20230921:1610,0.0,0.0,0.0,20.61,2.9,0.0
20230921:1710,0.0,0.0,0.0,19.36,3.1,0.0
20230921:1810,0.0,0.0,0.0,18.56,3.24,0.0
20230921:1910,0.0,0.0,0.0,17.88,3.31,0.0
20230921:2010,0.0,0.0,0.0,17.29,3.31,0.0
20230921:2110,0.0,0.0,0.0,16.75,3.17,0.0
20230921:2210,0.0,0.0,0.0,16.3,3.17,0.0
20230921:2310,0.0,0.0,0.0,15.94,3.17,0.0
20230922:0010,0.0,0.0,0.0,15.66,3.31,0.0
20230922:0110,0.0,0.0,0.0,15.4,3.31,0.0
20230922:0210,0.0,0.0,0.0,15.17,3.38,0.0
20230922:0310,0.0,0.0,0.0,14.97,3.31,0.0
20230922:0410,0.0,0.0,0.0,14.78,3.31,0.0
20230922:0510,118.35,166.87,9.75,15.22,3.52,0.0
20230922:0610,337.74,401.48,18.78,16.9,3.52,0.0
20230922:0710,538.91,631.69,26.94,18.71,4.41,0.0
20230922:0810,677.03,807.72,33.61,20.44,4.41,0.0
20230922:0910,753.93,916.13,38.08,22.01,4.34,0.0
20230922:1010,589.68,711.4,39.66,23.26,4.41,0.0
20230922:1110,688.74,838.7,38.07,24.05,4.62,0.0
20230922:1210,279.46,341.4,33.6,24.27,4.28,0.0
20230922:1310,489.3,589.73,26.92,24.44,4.28,0.0
20230922:1410,177.23,225.09,18.77,24.37,4.14,0.0
20230922:1510,10.83,24.97,9.73,23.82,3.59,0.0
20230922:1610,0.0,0.0,0.0,22.33,3.31,0.0
20230922:1710,0.0,0.0,0.0,21.03,3.59,0.0
20230922:1810,0.0,0.0,0.0,20.39,4.0,0.0
20230922:1910,0.0,0.0,0.0,20.07,4.14,0.0
20230922:2010,0.0,0.0,0.0,19.69,3.86,0.0
20230922:2110,0.0,0.0,0.0,19.56,3.66,0.0
20230922:2210,0.0,0.0,0.0,19.08,3.45,0.0
20230922:2310,0.0,0.0,0.0,18.99,3.31,0.0
20230923:0010,0.0,0.0,0.0,18.79,3.24,0.0
20230923:0110,0.0,0.0,0.0,18.67,3.24,0.0
20230923:0210,0.0,0.0,0.0,18.46,3.31,0.0
20230923:0310,0.0,0.0,0.0,18.15,3.38,0.0
20230923:0410,0.0,0.0,0.0,17.81,3.45,0.0
20230923:0510,4.77,15.16,9.5,17.88,3.52,0.0
20230923:0610,111.73,145.77,18.52,19.11,3.45,0.0
20230923:0710,217.03,265.31,26.64,20.84,3.72,0.0
20230923:0810,193.92,241.54,33.28,22.32,3.52,0.0
20230923:0910,145.05,187.34,37.71,23.82,3.52,0.0
20230923:1010,552.09,673.9,39.27,24.76,3.52,0.0
20230923:1110,256.7,318.02,37.67,25.54,3.72,0.0
20230923:1210,146.33,190.23,33.2,25.78,3.72,0.0
20230923:1310,156.87,202.28,26.54,26.19,3.93,0.0
20230923:1410,136.61,179.56,18.4,26.32,3.86,0.0
20230923:1510,37.78,62.69,9.37,25.68,3.17,0.0
20230923:1610,0.0,0.0,0.0,24.41,2.9,0.0
20230923:1710,0.0,0.0,0.0,23.03,2.76,0.0
20230923:1810,0.0,0.0,0.0,21.4,2.55,0.0
20230923:1910,0.0,0.0,0.0,21.48,2.69,0.0
20230923:2010,0.0,0.0,0.0,20.91,2.14,0.0
20230923:2110,0.0,0.0,0.0,20.11,1.66,0.0
20230923:2210,0.0,0.0,0.0,18.96,1.31,0.0
20230923:2310,0.0,0.0,0.0,18.29,1.66,0.0
20230924:0010,0.0,0.0,0.0,18.13,2.28,0.0
20230924:0110,0.0,0.0,0.0,17.9,2.34,0.0
20230924:0210,0.0,0.0,0.0,17.71,2.14,0.0
20230924:0310,0.0,0.0,0.0,17.49,2.34,0.0
20230924:0410,0.0,0.0,0.0,17.22,2.21,0.0
20230924:0510,19.05,35.67,9.25,17.41,2.14,0.0
20230924:0610,64.35,91.05,18.25,18.27,2.21,0.0
20230924:0710,182.46,222.54,26.35,16.71,3.31,0.0
20230924:0810,164.41,203.11,32.96,16.69,3.1,0.0
20230924:0910,60.19,85.61,37.35,16.97,3.66,0.0
20230924:1010,105.9,138.23,38.88,17.6,3.45,0.0
20230924:1110,97.69,129.31,37.27,18.28,3.31,0.0
20230924:1210,45.43,68.67,32.81,18.44,3.66,0.0
20230924:1310,46.1,69.56,26.16,18.77,3.72,0.0
20230924:1410,112.39,146.42,18.03,18.94,3.59,0.0
20230924:1510,16.27,32.1,9.01,18.68,3.45,0.0
20230924:1610,0.0,0.0,0.0,18.46,3.59,0.0
20230924:1710,0.0,0.0,0.0,17.92,3.38,0.0
20230924:1810,0.0,0.0,0.0,17.55,3.24,0.0
20230924:1910,0.0,0.0,0.0,16.48,3.66,0.0
20230924:2010,0.0,0.0,0.0,16.33,3.66,0.0
20230924:2110,0.0,0.0,0.0,16.13,3.38,0.0
20230924:2210,0.0,0.0,0.0,15.92,3.1,0.0
20230924:2310,0.0,0.0,0.0,15.82,3.03,0.0
20230925:0010,0.0,0.0,0.0,15.75,3.03,0.0
20230925:0110,0.0,0.0,0.0,15.65,3.03,0.0
20230925:0210,0.0,0.0,0.0,15.57,2.9,0.0
20230925:0310,0.0,0.0,0.0,15.29,2.83,0.0
20230925:0410,0.0,0.0,0.0,15.07,2.9,0.0
20230925:0510,6.53,17.84,9.0,15.03,2.97,0.0
20230925:0610,92.99,122.39,17.98,15.49,4.0,0.0
20230925:0710,171.48,208.92,26.06,15.39,3.93,0.0
20230925:0810,103.49,134.66,32.63,16.53,4.9,0.0
20230925:0910,136.02,172.16,36.99,17.97,4.55,0.0
20230925:1010,178.89,221.71,38.49,19.51,4.21,0.0
20230925:1110,169.7,212.79,36.87,20.92,3.79,0.0
20230925:1210,261.3,317.97,32.41,21.93,3.17,0.0
20230925:1310,448.6,540.94,25.77,22.52,2.62,0.0
20230925:1410,293.63,361.49,17.66,22.49,2.62,0.0
20230925:1510,83.59,125.52,8.65,21.96,2.62,0.0
20230925:1610,0.0,0.0,0.0,20.52,2.76,0.0
20230925:1710,0.0,0.0,0.0,19.24,2.9,0.0
20230925:1810,0.0,0.0,0.0,18.27,2.97,0.0
20230925:1910,0.0,0.0,0.0,17.44,3.03,0.0
20230925:2010,0.0,0.0,0.0,16.92,2.97,0.0
20230925:2110,0.0,0.0,0.0,16.47,2.83,0.0
20230925:2210,0.0,0.0,0.0,16.04,2.55,0.0
20230925:2310,0.0,0.0,0.0,15.61,2.34,0.0
20230926:0010,0.0,0.0,0.0,15.23,2.21,0.0
20230926:0110,0.0,0.0,0.0,14.92,2.07,0.0
20230926:0210,0.0,0.0,0.0,14.63,2.14,0.0
20230926:0310,0.0,0.0,0.0,14.4,2.21,0.0
20230926:0410,0.0,0.0,0.0,14.21,2.34,0.0
20230926:0510,44.65,69.05,8.75,14.38,2.34,0.0
20230926:0610,156.95,194.74,17.72,15.79,2.41,0.0
20230926:0710,323.72,381.19,25.76,17.02,2.83,0.0
20230926:0810,638.94,763.29,32.3,18.12,2.69,0.0
20230926:0910,735.57,897.01,36.62,19.45,2.69,0.0
20230926:1010,760.7,942.98,38.1,21.07,2.48,0.0
20230926:1110,723.04,895.52,36.47,22.25,2.55,0.0
20230926:1210,624.8,766.13,32.02,23.08,2.55,0.0
20230926:1310,491.03,595.61,25.39,23.45,2.69,0.0
20230926:1410,300.92,371.82,17.29,23.36,2.69,0.0
20230926:1510,79.15,120.37,8.29,22.59,2.21,0.0
20230926:1610,0.0,0.0,0.0,20.89,2.48,0.0
20230926:1710,0.0,0.0,0.0,19.38,2.62,0.0
20230926:1810,0.0,0.0,0.0,18.49,2.69,0.0
20230926:1910,0.0,0.0,0.0,18.25,2.83,0.0
20230926:2010,0.0,0.0,0.0,17.7,2.83,0.0
20230926:2110,0.0,0.0,0.0,17.04,2.69,0.0
20230926:2210,0.0,0.0,0.0,16.48,2.55,0.0
20230926:2310,0.0,0.0,0.0,15.99,2.41,0.0
20230927:0010,0.0,0.0,0.0,15.58,2.28,0.0
20230927:0110,0.0,0.0,0.0,15.14,2.21,0.0
20230927:0210,0.0,0.0,0.0,14.74,2.21,0.0
20230927:0310,0.0,0.0,0.0,14.32,2.14,0.0
20230927:0410,0.0,0.0,0.0,13.95,2.21,0.0
20230927:0510,87.44,125.34,8.5,14.0,2.14,0.0
20230927:0610,313.48,373.43,17.45,15.59,2.07,0.0
20230927:0710,506.01,605.38,25.47,18.03,1.45,0.0
20230927:0810,651.45,802.82,31.97,19.88,1.31,0.0
20230927:0910,731.72,925.84,36.26,21.5,1.24,0.0
20230927:1010,752.61,964.6,37.71,22.87,1.24,0.0
20230927:1110,714.35,914.12,36.07,23.79,1.17,0.0
20230927:1210,611.57,769.19,31.63,24.24,1.17,0.0
20230927:1310,492.26,608.2,25.01,24.3,1.38,0.0
20230927:1410,301.16,375.62,16.92,24.06,1.72,0.0
20230927:1510,77.67,119.23,7.93,23.13,1.59,0.0
20230927:1610,0.0,0.0,0.0,21.45,2.21,0.0
20230927:1710,0.0,0.0,0.0,19.55,2.34,0.0
20230927:1810,0.0,0.0,0.0,18.31,2.34,0.0
20230927:1910,0.0,0.0,0.0,17.47,2.55,0.0
20230927:2010,0.0,0.0,0.0,16.77,2.62,0.0
20230927:2110,0.0,0.0,0.0,16.18,2.62,0.0
20230927:2210,0.0,0.0,0.0,15.51,2.48,0.0
20230927:2310,0.0,0.0,0.0,14.79,2.28,0.0
20230928:0010,0.0,0.0,0.0,14.04,2.14,0.0
20230928:0110,0.0,0.0,0.0,13.33,2.14,0.0
20230928:0210,0.0,0.0,0.0,12.82,2.14,0.0
20230928:0310,0.0,0.0,0.0,12.38,2.07,0.0
20230928:0410,0.0,0.0,0.0,11.97,2.07,0.0
20230928:0510,98.49,138.92,8.24,11.97,1.93,0.0
20230928:0610,327.19,387.89,17.18,14.18,1.66,0.0
20230928:0710,527.79,626.83,25.17,17.0,1.79,0.0
20230928:0810,666.99,814.22,31.64,19.18,1.79,0.0
20230928:0910,748.67,937.4,35.89,21.08,1.79,0.0
20230928:1010,765.68,969.11,37.32,22.54,1.86,0.0
20230928:1110,721.28,910.69,35.67,23.38,1.79,0.0
20230928:1210,618.16,771.41,31.23,23.67,1.52,0.0
20230928:1310,494.69,609.41,24.63,23.66,1.38,0.0
20230928:1410,307.51,383.5,16.55,23.41,1.31,0.0
20230928:1510,77.41,119.26,7.57,22.53,1.45,0.0
20230928:1610,0.0,0.0,0.0,20.77,2.28,0.0
20230928:1710,0.0,0.0,0.0,18.74,2.48,0.0
20230928:1810,0.0,0.0,0.0,17.57,2.48,0.0
20230928:1910,0.0,0.0,0.0,16.95,2.69,0.0
20230928:2010,0.0,0.0,0.0,16.25,2.62,0.0
20230928:2110,0.0,0.0,0.0,15.58,2.55,0.0
20230928:2210,0.0,0.0,0.0,14.97,2.48,0.0
20230928:2310,0.0,0.0,0.0,14.39,2.41,0.0
20230929:0010,0.0,0.0,0.0,13.79,2.28,0.0
20230929:0110,0.0,0.0,0.0,13.15,2.14,0.0
20230929:0210,0.0,0.0,0.0,12.48,2.07,0.0
20230929:0310,0.0,0.0,0.0,11.82,1.93,0.0
20230929:0410,0.0,0.0,0.0,11.31,2.0,0.0
20230929:0510,87.07,123.65,7.99,11.2,1.79,0.0
20230929:0610,328.18,389.75,16.9,13.84,1.17,0.0
20230929:0710,515.18,614.17,24.87,17.32,1.52,0.0
20230929:0810,650.96,799.28,31.31,19.82,1.52,0.0
20230929:0910,739.01,929.01,35.53,21.85,1.72,0.0
20230929:1010,760.21,958.55,36.93,23.18,2.21,0.0
20230929:1110,721.29,900.01,35.27,23.73,2.62,0.0
20230929:1210,617.49,760.7,30.84,23.86,2.48,0.0
20230929:1310,482.63,588.91,24.25,23.75,2.21,0.0
20230929:1410,298.05,370.78,16.18,23.39,1.79,0.0
20230929:1510,71.53,111.54,7.21,22.43,1.52,0.0
20230929:1610,0.0,0.0,0.0,20.74,2.07,0.0
20230929:1710,0.0,0.0,0.0,18.65,2.28,0.0
20230929:1810,0.0,0.0,0.0,16.98,2.28,0.0
20230929:1910,0.0,0.0,0.0,15.96,2.41,0.0
20230929:2010,0.0,0.0,0.0,15.09,2.41,0.0
20230929:2110,0.0,0.0,0.0,14.41,2.41,0.0
20230929:2210,0.0,0.0,0.0,13.91,2.34,0.0
20230929:2310,0.0,0.0,0.0,13.51,2.34,0.0
20230930:0010,0.0,0.0,0.0,13.16,2.41,0.0
20230930:0110,0.0,0.0,0.0,12.81,2.34,0.0
20230930:0210,0.0,0.0,0.0,12.47,2.28,0.0
20230930:0310,0.0,0.0,0.0,12.16,2.28,0.0
20230930:0410,0.0,0.0,0.0,11.84,2.21,0.0
20230930:0510,42.73,66.44,7.73,11.9,2.07,0.0
20230930:0610,308.67,366.12,16.63,14.21,1.72,0.0
20230930:0710,510.12,601.8,24.57,17.26,2.41,0.0
20230930:0810,663.19,799.36,30.97,19.47,2.76,0.0
20230930:0910,738.51,905.38,35.16,21.2,3.03,0.0
20230930:1010,763.89,942.45,36.54,22.43,3.38,0.0
20230930:1110,713.12,875.67,34.87,23.18,3.52,0.0
20230930:1210,552.54,668.2,30.45,23.47,3.52,0.0
20230930:1310,255.7,312.47,23.87,23.39,3.66,0.0
20230930:1410,243.49,302.07,15.81,22.64,3.1,0.0
20230930:1510,29.98,52.58,6.85,21.37,2.62,0.0
20230930:1610,0.0,0.0,0.0,19.84,2.76,0.0
20230930:1710,0.0,0.0,0.0,18.36,3.1,0.0
20230930:1810,0.0,0.0,0.0,17.4,3.17,0.0
20230930:1910,0.0,0.0,0.0,17.27,2.83,0.0
20230930:2010,0.0,0.0,0.0,17.04,2.9,0.0
20230930:2110,0.0,0.0,0.0,16.56,3.59,0.0
20230930:2210,0.0,0.0,0.0,16.15,4.14,0.0
20230930:2310,0.0,0.0,0.0,15.42,4.28,0.0
20231001:0010,0.0,0.0,0.0,14.83,4.0,0.0
20231001:0110,0.0,0.0,0.0,14.06,3.66,0.0
20231001:0210,0.0,0.0,0.0,13.07,3.24,0.0
20231001:0310,0.0,0.0,0.0,12.22,2.9,0.0
20231001:0410,0.0,0.0,0.0,11.41,2.69,0.0
20231001:0510,15.59,30.32,7.48,11.17,2.48,0.0
20231001:0610,86.76,114.13,16.36,12.46,2.48,0.0
20231001:0710,280.74,327.06,24.27,14.05,3.59,0.0
20231001:0810,497.89,574.56,30.64,14.99,3.86,0.0
20231001:0910,578.53,674.0,34.8,16.01,3.93,0.0
20231001:1010,568.81,662.27,36.15,16.46,4.34,0.0
20231001:1110,580.81,676.8,34.48,16.84,4.48,0.0
20231001:1210,368.0,428.94,30.06,17.1,4.41,0.0
20231001:1310,165.49,203.64,23.49,17.21,4.34,0.0
20231001:1410,79.28,107.68,15.45,17.08,4.07,0.0
20231001:1510,11.28,24.97,6.49,16.6,3.03,0.0
20231001:1610,0.0,0.0,0.0,15.77,2.69,0.0
20231001:1710,0.0,0.0,0.0,14.93,2.55,0.0
20231001:1810,0.0,0.0,0.0,14.36,2.62,0.0
20231001:1910,0.0,0.0,0.0,13.33,2.55,0.0
20231001:2010,0.0,0.0,0.0,12.82,2.48,0.0
20231001:2110,0.0,0.0,0.0,12.61,2.41,0.0
20231001:2210,0.0,0.0,0.0,12.46,2.41,0.0
20231001:2310,0.0,0.0,0.0,12.59,2.34,0.0
20231002:0010,0.0,0.0,0.0,12.57,2.28,0.0
20231002:0110,0.0,0.0,0.0,12.77,2.34,0.0
20231002:0210,0.0,0.0,0.0,12.49,2.34,0.0
20231002:0310,0.0,0.0,0.0,12.42,2.28,0.0
20231002:0410,0.0,0.0,0.0,12.51,2.28,0.0
20231002:0510,31.11,51.64,7.22,12.55,2.21,0.0
20231002:0610,141.71,175.71,16.08,13.16,2.14,0.0
20231002:0710,411.68,476.23,23.97,13.4,2.14,0.0
20231002:0810,587.16,688.05,30.31,14.41,2.28,0.0
20231002:0910,703.22,833.5,34.43,15.8,3.1,0.0
20231002:1010,717.46,851.21,35.76,16.72,3.66,0.0
20231002:1110,621.64,733.14,34.08,17.09,3.45,0.0
20231002:1210,511.2,599.9,29.67,17.2,3.03,0.0
20231002:1310,141.93,178.25,23.11,17.3,2.69,0.0
20231002:1410,51.12,75.24,15.08,17.44,2.28,0.0
20231002:1510,46.67,76.04,6.14,16.97,1.45,0.0
20231002:1610,0.0,0.0,0.0,16.32,1.52,0.0
20231002:1710,0.0,0.0,0.0,15.66,1.72,0.0
20231002:1810,0.0,0.0,0.0,15.21,1.93,0.0
20231002:1910,0.0,0.0,0.0,14.02,2.14,0.0
20231002:2010,0.0,0.0,0.0,13.76,2.28,0.0
20231002:2110,0.0,0.0,0.0,13.65,2.34,0.0
20231002:2210,0.0,0.0,0.0,13.49,2.41,0.0
20231002:2310,0.0,0.0,0.0,13.24,2.55,0.0
20231003:0010,0.0,0.0,0.0,13.06,2.62,0.0
20231003:0110,0.0,0.0,0.0,12.79,2.83,0.0
20231003:0210,0.0,0.0,0.0,12.78,2.9,0.0
20231003:0310,0.0,0.0,0.0,12.61,2.9,0.0
20231003:0410,0.0,0.0,0.0,12.38,2.97,0.0
20231003:0510,60.52,90.64,6.96,12.57,3.03,0.0
20231003:0610,215.42,257.97,15.81,13.9,2.83,0.0
20231003:0710,237.31,280.56,23.67,15.16,3.66,0.0
20231003:0810,229.53,274.18,29.97,16.56,3.86,0.0
20231003:0910,724.95,862.94,34.06,18.14,4.0,0.0
20231003:1010,761.01,914.32,35.37,19.31,4.14,0.0
20231003:1110,707.63,846.96,33.69,20.17,4.34,0.0
20231003:1210,606.51,720.71,29.28,20.75,4.34,0.0
20231003:1310,466.41,551.76,22.74,20.99,4.41,0.0
20231003:1410,270.82,330.9,14.72,20.87,4.28,0.0
20231003:1510,48.97,80.88,5.79,20.09,3.66,0.0
20231003:1610,0.0,0.0,0.0,18.74,3.79,0.0
20231003:1710,0.0,0.0,0.0,17.89,4.0,0.0
20231003:1810,0.0,0.0,0.0,17.31,4.34,0.0
20231003:1910,0.0,0.0,0.0,16.53,4.41,0.0
20231003:2010,0.0,0.0,0.0,15.93,4.62,0.0
20231003:2110,0.0,0.0,0.0,15.41,4.62,0.0
20231003:2210,0.0,0.0,0.0,15.05,4.69,0.0
20231003:2310,0.0,0.0,0.0,14.99,4.83,0.0
20231004:0010,0.0,0.0,0.0,15.11,5.03,0.0
20231004:0110,0.0,0.0,0.0,15.26,5.17,0.0
20231004:0210,0.0,0.0,0.0,15.61,5.31,0.0
20231004:0310,0.0,0.0,0.0,16.07,5.59,0.0
20231004:0410,0.0,0.0,0.0,15.84,5.45,0.0
20231004:0510,0.2,6.24,6.71,16.07,5.03,0.0
20231004:0610,51.72,75.29,15.53,15.86,5.31,0.0
20231004:0710,582.08,668.46,23.37,16.03,5.93,0.0
20231004:0810,490.42,563.17,29.64,16.27,5.93,0.0
20231004:0910,572.72,661.78,33.7,16.82,5.79,0.0
20231004:1010,507.65,587.33,34.98,17.51,6.07,0.0
20231004:1110,551.87,638.68,33.29,17.83,6.34,0.0
20231004:1210,299.12,350.9,28.89,17.68,5.86,0.0
20231004:1310,337.8,393.86,22.36,17.51,5.45,0.0
20231004:1410,137.32,173.45,14.36,17.16,5.17,0.0
20231004:1510,34.07,59.13,5.43,16.3,4.28,0.0
20231004:1610,0.0,0.0,0.0,15.44,3.79,0.0
20231004:1710,0.0,0.0,0.0,14.72,3.52,0.0
20231004:1810,0.0,0.0,0.0,14.62,3.66,0.0
20231004:1910,0.0,0.0,0.0,13.7,3.52,0.0
20231004:2010,0.0,0.0,0.0,13.18,3.45,0.0
20231004:2110,0.0,0.0,0.0,12.64,3.45,0.0
20231004:2210,0.0,0.0,0.0,12.1,3.31,0.0
20231004:2310,0.0,0.0,0.0,11.52,3.17,0.0
20231005:0010,0.0,0.0,0.0,11.05,3.1,0.0
20231005:0110,0.0,0.0,0.0,10.59,2.97,0.0
20231005:0210,0.0,0.0,0.0,10.15,2.69,0.0
20231005:0310,0.0,0.0,0.0,9.8,2.48,0.0
20231005:0410,0.0,0.0,0.0,9.6,2.55,0.0
20231005:0510,8.55,20.51,6.45,9.81,2.62,0.0
20231005:0610,139.04,170.82,15.26,10.81,2.62,0.0
20231005:0710,299.3,343.62,23.07,11.58,3.45,0.0
20231005:0810,651.5,749.78,29.3,13.25,4.07,0.0
20231005:0910,751.78,876.95,33.33,15.03,4.76,0.0
20231005:1010,689.02,802.41,34.6,16.39,5.31,0.0
20231005:1110,433.28,500.66,32.9,17.27,6.21,0.0
20231005:1210,550.81,635.88,28.5,17.34,6.0,0.0
20231005:1310,359.18,416.93,21.99,17.48,6.14,0.0
20231005:1410,126.66,161.59,14.0,17.38,5.38,0.0
20231005:1510,6.46,17.84,5.08,16.87,4.76,0.0
20231005:1610,0.0,0.0,0.0,16.02,4.55,0.0
20231005:1710,0.0,0.0,0.0,15.55,4.55,0.0
20231005:1810,0.0,0.0,0.0,15.27,4.76,0.0
20231005:1910,0.0,0.0,0.0,14.35,4.41,0.0
20231005:2010,0.0,0.0,0.0,13.88,4.41,0.0
20231005:2110,0.0,0.0,0.0,13.48,4.69,0.0
20231005:2210,0.0,0.0,0.0,12.31,4.83,0.0
20231005:2310,0.0,0.0,0.0,11.93,4.76,0.0
20231006:0010,0.0,0.0,0.0,11.33,4.62,0.0
20231006:0110,0.0,0.0,0.0,10.82,4.48,0.0
20231006:0210,0.0,0.0,0.0,10.57,4.55,0.0
20231006:0310,0.0,0.0,0.0,10.28,4.28,0.0
20231006:0410,0.0,0.0,0.0,10.11,4.0,0.0
20231006:0510,28.0,47.58,6.19,9.82,3.52,0.0
20231006:0610,196.21,232.02,14.98,10.53,4.76,0.0
20231006:0710,358.81,407.18,22.76,11.54,4.55,0.0
20231006:0810,383.96,436.01,28.97,12.13,4.76,0.0
20231006:0910,415.73,473.78,32.97,13.31,5.17,0.0
20231006:1010,417.54,478.81,34.21,14.25,4.83,0.0
20231006:1110,503.84,578.81,32.51,14.78,4.62,0.0
20231006:1210,476.89,548.58,28.12,15.28,4.48,0.0
20231006:1310,134.42,167.84,21.62,15.34,4.48,0.0
20231006:1410,192.3,234.21,13.64,15.31,4.0,0.0
20231006:1510,27.74,50.76,4.74,14.8,2.97,0.0
20231006:1610,0.0,0.0,0.0,13.79,2.76,0.0
20231006:1710,0.0,0.0,0.0,13.09,2.83,0.0
20231006:1810,0.0,0.0,0.0,12.81,2.83,0.0
20231006:1910,0.0,0.0,0.0,11.72,2.97,0.0
20231006:2010,0.0,0.0,0.0,11.1,3.24,0.0
20231006:2110,0.0,0.0,0.0,11.0,3.72,0.0
20231006:2210,0.0,0.0,0.0,11.22,4.21,0.0
20231006:2310,0.0,0.0,0.0,11.54,4.83,0.0
20231007:0010,0.0,0.0,0.0,11.78,5.1,0.0
20231007:0110,0.0,0.0,0.0,11.92,5.52,0.0
20231007:0210,0.0,0.0,0.0,11.79,5.93,0.0
20231007:0310,0.0,0.0,0.0,11.95,6.48,0.0
20231007:0410,0.0,0.0,0.0,12.15,6.76,0.0
20231007:0510,2.82,11.59,5.93,12.99,6.9,0.0
20231007:0610,46.19,68.26,14.7,14.15,7.52,0.0
20231007:0710,55.59,79.37,22.46,14.81,7.93,0.0
20231007:0810,54.58,78.48,28.63,15.59,7.24,0.0
20231007:0910,148.23,183.08,32.6,15.71,8.41,0.0
20231007:1010,156.55,192.88,33.83,16.21,7.17,0.0
20231007:1110,147.38,183.11,32.12,16.74,7.45,0.0
20231007:1210,195.84,235.91,27.74,17.12,7.52,0.0
20231007:1310,63.28,89.18,21.25,17.45,7.31,0.0
20231007:1410,8.79,21.4,13.29,17.34,8.0,0.0
20231007:1510,1.37,8.92,4.39,16.85,7.52,0.0
20231007:1610,0.0,0.0,0.0,16.16,6.69,0.0
20231007:1710,0.0,0.0,0.0,15.41,5.86,0.0
20231007:1810,0.0,0.0,0.0,14.39,5.38,0.0
20231007:1910,0.0,0.0,0.0,13.86,4.97,0.0
20231007:2010,0.0,0.0,0.0,13.16,4.41,0.0
20231007:2110,0.0,0.0,0.0,12.51,4.28,0.0
20231007:2210,0.0,0.0,0.0,11.91,4.21,0.0
20231007:2310,0.0,0.0,0.0,11.38,3.93,0.0
20231008:0010,0.0,0.0,0.0,11.0,3.79,0.0
20231008:0110,0.0,0.0,0.0,10.34,3.79,0.0
20231008:0210,0.0,0.0,0.0,9.67,4.28,0.0
20231008:0310,0.0,0.0,0.0,8.91,3.93,0.0
20231008:0410,0.0,0.0,0.0,8.56,3.52,0.0
20231008:0510,1.47,8.92,5.67,8.44,3.79,0.0
20231008:0610,103.6,130.29,14.42,8.36,4.41,0.0
20231008:0710,297.35,334.27,22.15,7.94,4.97,0.0
20231008:0810,87.76,113.26,28.3,8.87,5.1,0.0
20231008:0910,379.2,425.54,32.24,9.68,5.45,0.0
20231008:1010,804.95,911.58,33.44,10.53,6.34,0.0
20231008:1110,609.07,681.48,31.73,11.24,7.1,0.0
20231008:1210,428.49,478.78,27.35,11.34,7.72,0.0
20231008:1310,398.78,445.47,20.88,10.93,8.07,0.0
20231008:1410,116.28,145.45,12.93,10.6,8.07,0.0
20231008:1510,11.12,25.45,4.04,9.99,7.1,0.0
20231008:1610,0.0,0.0,0.0,9.32,6.83,0.0
20231008:1710,0.0,0.0,0.0,8.82,6.97,0.0
20231008:1810,0.0,0.0,0.0,8.34,6.69,0.0
20231008:1910,0.0,0.0,0.0,7.46,5.72,0.0
20231008:2010,0.0,0.0,0.0,7.13,5.86,0.0
20231008:2110,0.0,0.0,0.0,6.72,5.79,0.0
20231008:2210,0.0,0.0,0.0,6.3,5.79,0.0
20231008:2310,0.0,0.0,0.0,5.94,5.66,0.0
20231009:0010,0.0,0.0,0.0,5.65,5.24,0.0
20231009:0110,0.0,0.0,0.0,5.29,4.69,0.0
20231009:0210,0.0,0.0,0.0,4.88,4.28,0.0
20231009:0310,0.0,0.0,0.0,4.5,4.0,0.0
20231009:0410,0.0,0.0,0.0,4.1,3.59,0.0
20231009:0510,0.28,6.24,5.4,3.86,3.24,0.0
20231009:0610,39.98,58.86,14.14,4.67,2.97,0.0
20231009:0710,49.21,69.56,21.85,5.68,3.45,0.0
20231009:0810,143.49,172.24,27.96,6.98,3.66,0.0
20231009:0910,371.44,417.65,31.87,8.25,3.45,0.0
20231009:1010,446.92,502.33,33.06,9.13,3.79,0.0
20231009:1110,260.92,299.41,31.34,9.88,4.76,0.0
20231009:1210,53.73,75.8,26.97,9.78,4.62,0.0
20231009:1310,71.26,95.42,20.52,9.56,4.34,0.0
20231009:1410,36.8,56.18,12.58,9.4,4.21,0.0
20231009:1510,1.93,9.81,3.7,8.97,3.38,0.0
20231009:1610,0.0,0.0,0.0,8.15,2.97,0.0
20231009:1710,0.0,0.0,0.0,6.82,2.76,0.0
20231009:1810,0.0,0.0,0.0,5.88,2.83,0.0
20231009:1910,0.0,0.0,0.0,5.71,2.62,0.0
20231009:2010,0.0,0.0,0.0,5.85,2.41,0.0
20231009:2110,0.0,0.0,0.0,5.78,2.41,0.0
20231009:2210,0.0,0.0,0.0,5.64,2.41,0.0
20231009:2310,0.0,0.0,0.0,5.6,2.28,0.0
20231010:0010,0.0,0.0,0.0,5.32,2.14,0.0
20231010:0110,0.0,0.0,0.0,5.08,2.14,0.0
20231010:0210,0.0,0.0,0.0,4.65,2.21,0.0
20231010:0310,0.0,0.0,0.0,4.93,2.21,0.0
20231010:0410,0.0,0.0,0.0,4.9,2.21,0.0
20231010:0510,23.98,41.8,5.14,4.54,2.21,0.0
20231010:0610,218.72,252.68,13.86,5.46,2.14,0.0
20231010:0710,473.19,524.3,21.54,5.56,2.97,0.0
20231010:0810,718.25,811.62,27.63,6.5,3.03,0.0
20231010:0910,790.13,908.98,31.51,7.53,2.83,0.0
20231010:1010,702.51,805.08,32.68,8.61,2.83,0.0
20231010:1110,685.99,786.76,30.96,9.27,2.83,0.0
20231010:1210,99.28,126.63,26.6,9.73,2.62,0.0
20231010:1310,385.63,437.96,20.15,9.57,2.28,0.0
20231010:1410,234.06,276.4,12.23,9.37,2.0,0.0
20231010:1510,12.8,28.78,3.36,9.09,1.59,0.0
20231010:1610,0.0,0.0,0.0,8.35,1.66,0.0
20231010:1710,0.0,0.0,0.0,7.75,1.72,0.0
20231010:1810,0.0,0.0,0.0,7.31,1.72,0.0
20231010:1910,0.0,0.0,0.0,6.59,2.07,0.0
20231010:2010,0.0,0.0,0.0,5.54,2.41,0.0
20231010:2110,0.0,0.0,0.0,5.2,2.62,0.0
20231010:2210,0.0,0.0,0.0,4.77,2.55,0.0
20231010:2310,0.0,0.0,0.0,4.42,2.69,0.0
20231011:0010,0.0,0.0,0.0,4.17,2.97,0.0
20231011:0110,0.0,0.0,0.0,4.27,3.24,0.0
20231011:0210,0.0,0.0,0.0,4.59,3.31,0.0
20231011:0310,0.0,0.0,0.0,5.1,3.31,0.0
20231011:0410,0.0,0.0,0.0,5.48,3.45,0.0
20231011:0510,1.51,8.92,4.88,5.96,3.66,0.0
20231011:0610,73.71,97.22,13.58,7.09,3.45,0.0
20231011:0710,87.51,112.43,21.24,7.64,3.79,0.0
20231011:0810,378.73,424.43,27.29,9.04,4.34,0.0
20231011:0910,232.43,269.72,31.15,10.5,4.55,0.0
20231011:1010,60.36,83.83,32.3,11.35,4.48,0.0
20231011:1110,47.03,68.67,30.57,11.68,4.34,0.0
20231011:1210,84.73,111.47,26.22,12.14,4.55,0.0
20231011:1310,174.9,209.48,19.79,12.95,4.97,0.0
20231011:1410,190.74,230.59,11.88,13.22,4.76,0.0
20231011:1510,6.51,18.57,3.03,13.17,4.97,0.0
20231011:1610,0.0,0.0,0.0,12.82,4.9,0.0
20231011:1710,0.0,0.0,0.0,12.86,5.1,0.0
20231011:1810,0.0,0.0,0.0,12.99,5.17,0.0
20231011:1910,0.0,0.0,0.0,12.86,5.24,0.0
20231011:2010,0.0,0.0,0.0,12.6,5.17,0.0
20231011:2110,0.0,0.0,0.0,12.44,5.24,0.0
20231011:2210,0.0,0.0,0.0,12.5,5.38,0.0
20231011:2310,0.0,0.0,0.0,12.7,5.45,0.0
20231012:0010,0.0,0.0,0.0,12.88,5.45,0.0
20231012:0110,0.0,0.0,0.0,12.94,5.45,0.0
20231012:0210,0.0,0.0,0.0,12.99,5.52,0.0
20231012:0310,0.0,0.0,0.0,13.03,5.52,0.0
20231012:0410,0.0,0.0,0.0,13.09,5.45,0.0
20231012:0510,31.27,54.2,4.62,13.14,5.45,0.0
20231012:0610,255.78,301.04,13.3,13.96,5.59,0.0
20231012:0710,164.75,200.71,20.93,15.5,4.9,0.0
20231012:0810,325.28,377.94,26.96,16.84,5.86,0.0
20231012:0910,628.95,730.5,30.79,17.99,6.14,0.0
20231012:1010,542.41,631.37,31.92,19.34,6.48,0.0
20231012:1110,455.67,532.09,30.19,20.11,6.41,0.0
20231012:1210,344.07,404.95,25.85,20.54,6.34,0.0
20231012:1310,242.01,290.8,19.43,20.54,5.86,0.0
20231012:1410,75.83,105.22,11.54,20.02,5.24,0.0
20231012:1510,0.0,5.35,2.69,19.07,4.41,0.0
20231012:1610,0.0,0.0,0.0,17.89,3.79,0.0
20231012:1710,0.0,0.0,0.0,16.55,3.17,0.0
20231012:1810,0.0,0.0,0.0,15.52,3.31,0.0
20231012:1910,0.0,0.0,0.0,14.97,3.31,0.0
20231012:2010,0.0,0.0,0.0,14.49,3.24,0.0
20231012:2110,0.0,0.0,0.0,14.1,3.17,0.0
20231012:2210,0.0,0.0,0.0,13.84,2.97,0.0
20231012:2310,0.0,0.0,0.0,13.68,2.83,0.0
20231013:0010,0.0,0.0,0.0,13.32,2.62,0.0
20231013:0110,0.0,0.0,0.0,13.07,2.41,0.0
20231013:0210,0.0,0.0,0.0,12.73,2.21,0.0
20231013:0310,0.0,0.0,0.0,12.53,1.66,0.0
20231013:0410,0.0,0.0,0.0,11.88,1.38,0.0
20231013:0510,22.96,42.44,4.35,11.52,1.03,0.0
20231013:0610,295.25,350.67,13.02,11.99,0.28,0.0
20231013:0710,476.62,560.34,20.63,12.59,0.41,0.0
20231013:0810,645.82,770.27,26.63,13.54,1.1,0.0
20231013:0910,727.87,873.03,30.43,14.43,1.86,0.0
20231013:1010,700.57,835.79,31.54,15.21,2.28,0.0
20231013:1110,427.81,499.59,29.81,15.88,2.48,0.0
20231013:1210,198.54,240.3,25.48,16.6,2.62,0.0
20231013:1310,235.02,281.67,19.08,16.89,1.86,0.0
20231013:1410,137.45,175.42,11.2,17.3,2.0,0.0
20231013:1510,7.26,21.37,2.36,16.67,2.21,0.0
20231013:1610,0.0,0.0,0.0,15.48,2.83,0.0
20231013:1710,0.0,0.0,0.0,14.99,3.17,0.0
20231013:1810,0.0,0.0,0.0,14.84,3.59,0.0
20231013:1910,0.0,0.0,0.0,15.98,4.0,0.0
20231013:2010,0.0,0.0,0.0,15.6,4.21,0.0
20231013:2110,0.0,0.0,0.0,15.25,3.93,0.0
20231013:2210,0.0,0.0,0.0,14.9,3.66,0.0
20231013:2310,0.0,0.0,0.0,14.71,3.86,0.0
20231014:0010,0.0,0.0,0.0,14.79,4.0,0.0
20231014:0110,0.0,0.0,0.0,14.62,4.0,0.0
20231014:0210,0.0,0.0,0.0,14.5,4.07,0.0
20231014:0310,0.0,0.0,0.0,14.42,4.14,0.0
20231014:0410,0.0,0.0,0.0,14.32,4.14,0.0
20231014:0510,0.0,3.57,4.09,14.33,4.21,0.0
20231014:0610,114.71,146.57,12.74,15.33,4.34,0.0
20231014:0710,378.89,438.72,20.32,16.56,4.55,0.0
20231014:0810,336.02,393.27,26.29,18.32,5.03,0.0
20231014:0910,713.81,843.45,30.07,19.92,5.72,0.0
20231014:1010,735.09,874.87,31.17,21.42,6.14,0.0
20231014:1110,682.2,811.34,29.43,22.38,6.28,0.0
20231014:1210,562.66,665.72,25.11,22.84,6.21,0.0
20231014:1310,397.41,471.85,18.73,22.83,5.79,0.0
20231014:1410,203.72,255.28,10.86,22.14,5.38,0.0
20231014:1510,0.17,6.24,2.03,20.99,4.97,0.0
20231014:1610,0.0,0.0,0.0,19.58,4.55,0.0
20231014:1710,0.0,0.0,0.0,18.46,4.34,0.0
20231014:1810,0.0,0.0,0.0,17.6,4.21,0.0
20231014:1910,0.0,0.0,0.0,17.16,4.07,0.0
20231014:2010,0.0,0.0,0.0,16.77,4.0,0.0
20231014:2110,0.0,0.0,0.0,16.47,3.79,0.0
20231014:2210,0.0,0.0,0.0,16.11,3.45,0.0
20231014:2310,0.0,0.0,0.0,15.67,3.17,0.0
20231015:0010,0.0,0.0,0.0,15.12,3.52,0.0
20231015:0110,0.0,0.0,0.0,14.34,4.21,0.0
20231015:0210,0.0,0.0,0.0,13.19,4.28,0.0
20231015:0310,0.0,0.0,0.0,12.38,3.59,0.0
20231015:0410,0.0,0.0,0.0,11.72,2.76,0.0
20231015:0510,0.0,2.68,3.83,11.09,2.48,0.0
20231015:0610,89.07,116.0,12.46,10.94,2.34,0.0
20231015:0710,11.64,24.97,20.01,11.14,3.66,0.0
20231015:0810,17.6,33.0,25.96,11.5,3.45,0.0
20231015:0910,32.62,51.72,29.71,11.74,3.45,0.0
20231015:1010,277.59,320.75,30.8,11.68,3.45,0.0
20231015:1110,291.41,335.54,29.06,11.93,3.72,0.0
20231015:1210,16.23,31.21,24.75,11.65,3.24,0.0
20231015:1310,148.05,179.96,18.37,11.69,3.24,0.0
20231015:1410,31.27,50.1,10.52,11.52,3.24,0.0
20231015:1510,0.0,1.78,1.71,11.07,3.03,0.0
20231015:1610,0.0,0.0,0.0,10.44,2.9,0.0
20231015:1710,0.0,0.0,0.0,10.04,2.9,0.0
20231015:1810,0.0,0.0,0.0,9.63,3.1,0.0
20231015:1910,0.0,0.0,0.0,8.61,3.59,0.0
20231015:2010,0.0,0.0,0.0,8.29,3.52,0.0
20231015:2110,0.0,0.0,0.0,8.0,3.31,0.0
20231015:2210,0.0,0.0,0.0,7.72,3.03,0.0
20231015:2310,0.0,0.0,0.0,7.33,2.9,0.0
20231016:0010,0.0,0.0,0.0,6.89,3.24,0.0
20231016:0110,0.0,0.0,0.0,6.54,3.66,0.0
20231016:0210,0.0,0.0,0.0,6.14,3.86,0.0
20231016:0310,0.0,0.0,0.0,5.66,3.86,0.0
20231016:0410,0.0,0.0,0.0,5.04,4.14,0.0
20231016:0510,4.4,13.93,3.56,4.99,4.34,0.0
20231016:0610,15.37,29.43,12.18,5.79,4.07,0.0
20231016:0710,97.39,122.21,19.71,6.37,5.38,0.0
20231016:0810,138.48,166.56,25.63,7.23,5.31,0.0
20231016:0910,51.79,73.13,29.35,8.3,5.38,0.0
20231016:1010,43.0,63.32,30.43,9.17,5.38,0.0
20231016:1110,56.92,79.37,28.69,9.79,5.59,0.0
20231016:1210,43.62,64.21,24.38,9.87,5.66,0.0
20231016:1310,25.72,42.81,18.03,8.92,6.34,0.0
20231016:1410,60.14,82.86,10.19,8.51,5.86,0.0
20231016:1510,0.0,1.78,1.39,8.01,4.9,0.0
20231016:1610,0.0,0.0,0.0,7.46,4.9,0.0
20231016:1710,0.0,0.0,0.0,7.09,4.69,0.0
20231016:1810,0.0,0.0,0.0,6.74,4.48,0.0
20231016:1910,0.0,0.0,0.0,6.16,4.62,0.0
20231016:2010,0.0,0.0,0.0,5.86,4.55,0.0
20231016:2110,0.0,0.0,0.0,5.81,4.34,0.0
20231016:2210,0.0,0.0,0.0,5.71,4.14,0.0
20231016:2310,0.0,0.0,0.0,5.7,3.93,0.0
20231017:0010,0.0,0.0,0.0,5.41,3.59,0.0
20231017:0110,0.0,0.0,0.0,5.26,3.31,0.0
20231017:0210,0.0,0.0,0.0,4.82,2.9,0.0
20231017:0310,0.0,0.0,0.0,4.5,2.62,0.0
20231017:0410,0.0,0.0,0.0,4.34,2.48,0.0
20231017:0510,5.46,15.57,3.3,4.18,2.48,0.0
20231017:0610,326.01,368.49,11.89,4.81,2.48,0.0
20231017:0710,485.52,537.12,19.4,5.86,3.38,0.0
20231017:0810,643.98,719.39,25.29,6.66,3.59,0.0
20231017:0910,721.53,816.23,29.0,7.55,3.59,0.0
20231017:1010,595.63,669.31,30.06,8.49,3.79,0.0
20231017:1110,462.15,518.45,28.32,9.14,3.72,0.0
20231017:1210,267.43,305.71,24.03,9.39,3.45,0.0
20231017:1310,355.5,401.99,17.68,9.45,3.17,0.0
20231017:1410,145.67,178.62,9.86,9.37,2.9,0.0
20231017:1510,0.0,0.0,0.0,8.87,2.14,0.0
20231017:1610,0.0,0.0,0.0,7.75,1.86,0.0
20231017:1710,0.0,0.0,0.0,6.99,1.86,0.0
20231017:1810,0.0,0.0,0.0,6.63,1.86,0.0
20231017:1910,0.0,0.0,0.0,6.07,2.14,0.0
20231017:2010,0.0,0.0,0.0,5.88,2.07,0.0
20231017:2110,0.0,0.0,0.0,5.66,2.0,0.0
20231017:2210,0.0,0.0,0.0,5.77,1.93,0.0
20231017:2310,0.0,0.0,0.0,5.54,2.0,0.0
20231018:0010,0.0,0.0,0.0,5.65,2.07,0.0
20231018:0110,0.0,0.0,0.0,5.4,2.21,0.0
20231018:0210,0.0,0.0,0.0,5.34,2.34,0.0
20231018:0310,0.0,0.0,0.0,5.51,2.41,0.0
20231018:0410,0.0,0.0,0.0,5.36,2.62,0.0
20231018:0510,1.57,9.02,3.03,5.11,2.69,0.0
20231018:0610,144.36,172.98,11.61,5.71,2.48,0.0
20231018:0710,466.67,516.46,19.1,5.65,3.1,0.0
20231018:0810,507.66,563.61,24.96,6.5,3.31,0.0
20231018:0910,587.38,658.09,28.65,7.79,3.59,0.0
20231018:1010,752.71,849.87,29.69,9.03,5.03,0.0
20231018:1110,468.21,521.43,27.95,9.31,5.38,0.0
20231018:1210,81.02,106.12,23.67,9.5,5.31,0.0
20231018:1310,367.01,411.75,17.34,9.5,4.97,0.0
20231018:1410,190.98,227.99,9.53,9.23,4.34,0.0
20231018:1510,0.0,0.0,0.0,8.58,3.79,0.0
20231018:1610,0.0,0.0,0.0,7.38,3.24,0.0
20231018:1710,0.0,0.0,0.0,6.65,3.1,0.0
20231018:1810,0.0,0.0,0.0,5.82,3.03,0.0
20231018:1910,0.0,0.0,0.0,4.93,2.76,0.0
20231018:2010,0.0,0.0,0.0,4.37,2.76,0.0
20231018:2110,0.0,0.0,0.0,4.39,2.55,0.0
20231018:2210,0.0,0.0,0.0,3.81,2.48,0.0
20231018:2310,0.0,0.0,0.0,3.34,2.34,0.0
20231019:0010,0.0,0.0,0.0,2.91,2.14,0.0
20231019:0110,0.0,0.0,0.0,2.37,2.21,0.0
20231019:0210,0.0,0.0,0.0,2.03,2.28,0.0
20231019:0310,0.0,0.0,0.0,1.95,2.21,0.0
20231019:0410,0.0,0.0,0.0,1.72,2.14,0.0
20231019:0510,0.43,6.56,2.77,1.56,2.14,0.0
20231019:0610,115.36,140.21,11.33,2.5,1.79,0.0
20231019:0710,373.6,414.61,18.79,4.44,1.93,0.0
20231019:0810,572.47,642.81,24.63,6.61,2.34,0.0
20231019:0910,695.88,795.22,28.29,8.59,2.83,0.0
20231019:1010,766.4,887.03,29.33,10.06,3.1,0.0
20231019:1110,444.59,504.06,27.59,11.0,3.31,0.0
20231019:1210,38.67,58.86,23.32,11.42,3.52,0.0
20231019:1310,46.33,67.78,17.0,11.27,3.52,0.0
20231019:1410,9.14,21.4,9.21,10.52,3.17,0.0
20231019:1510,0.0,0.0,0.0,9.63,3.45,0.0
20231019:1610,0.0,0.0,0.0,8.5,3.45,0.0
20231019:1710,0.0,0.0,0.0,8.1,3.31,0.0
20231019:1810,0.0,0.0,0.0,8.0,3.17,0.0
20231019:1910,0.0,0.0,0.0,8.1,2.9,0.0
20231019:2010,0.0,0.0,0.0,8.14,2.55,0.0
20231019:2110,0.0,0.0,0.0,8.22,2.48,0.0
20231019:2210,0.0,0.0,0.0,8.32,2.41,0.0
20231019:2310,0.0,0.0,0.0,8.43,2.41,0.0
20231020:0010,0.0,0.0,0.0,8.53,2.28,0.0
20231020:0110,0.0,0.0,0.0,8.64,2.14,0.0
20231020:0210,0.0,0.0,0.0,8.71,2.28,0.0
20231020:0310,0.0,0.0,0.0,8.92,2.21,0.0
20231020:0410,0.0,0.0,0.0,9.13,1.93,0.0
20231020:0510,0.0,2.46,2.51,9.32,1.59,0.0
20231020:0610,2.89,11.59,11.05,9.59,1.52,0.0
20231020:0710,26.09,43.7,18.49,11.16,2.0,0.0
20231020:0810,63.03,87.39,24.31,12.33,1.93,0.0
20231020:0910,57.36,81.15,27.94,13.03,1.72,0.0
20231020:1010,93.23,122.17,28.96,13.89,2.07,0.0
20231020:1110,53.86,77.59,27.23,14.76,2.55,0.0
20231020:1210,13.93,28.54,22.97,15.2,2.28,0.0
20231020:1310,8.3,20.51,16.67,15.02,2.34,0.0
20231020:1410,7.11,18.73,8.89,14.99,2.48,0.0
20231020:1510,0.0,0.0,0.0,14.47,2.62,0.0
20231020:1610,0.0,0.0,0.0,14.19,2.76,0.0
20231020:1710,0.0,0.0,0.0,14.34,2.97,0.0
20231020:1810,0.0,0.0,0.0,14.54,3.03,0.0
20231020:1910,0.0,0.0,0.0,14.49,2.83,0.0
20231020:2010,0.0,0.0,0.0,14.5,2.97,0.0
20231020:2110,0.0,0.0,0.0,14.57,3.1,0.0
20231020:2210,0.0,0.0,0.0,14.42,3.24,0.0
20231020:2310,0.0,0.0,0.0,14.41,3.24,0.0
20231021:0010,0.0,0.0,0.0,14.68,3.31,0.0
20231021:0110,0.0,0.0,0.0,14.49,3.31,0.0
20231021:0210,0.0,0.0,0.0,14.73,3.1,0.0
20231021:0310,0.0,0.0,0.0,14.9,2.9,0.0
20231021:0410,0.0,0.0,0.0,14.62,2.9,0.0
20231021:0510,0.02,5.74,2.24,14.61,2.76,0.0
20231021:0610,59.89,84.76,10.77,15.21,2.41,0.0
20231021:0710,135.04,170.02,18.19,17.39,2.55,0.0
20231021:0810,208.14,253.94,23.98,19.7,2.69,0.0
20231021:0910,59.4,86.5,27.6,21.89,2.55,0.0
20231021:1010,435.69,524.12,28.6,23.16,3.17,0.0
20231021:1110,432.17,519.25,26.87,23.68,3.66,0.0
20231021:1210,109.25,145.21,22.62,23.61,3.79,0.0
20231021:1310,171.14,214.68,16.34,23.24,4.21,0.0
20231021:1410,122.61,161.92,8.58,22.08,4.14,0.0
20231021:1510,0.0,0.0,0.0,20.61,3.93,0.0
20231021:1610,0.0,0.0,0.0,19.4,3.72,0.0
20231021:1710,0.0,0.0,0.0,18.5,3.52,0.0
20231021:1810,0.0,0.0,0.0,17.89,3.24,0.0
20231021:1910,0.0,0.0,0.0,16.18,3.1,0.0
20231021:2010,0.0,0.0,0.0,15.66,3.1,0.0
20231021:2110,0.0,0.0,0.0,15.49,3.24,0.0
20231021:2210,0.0,0.0,0.0,15.22,2.9,0.0
20231021:2310,0.0,0.0,0.0,14.6,2.62,0.0
20231022:0010,0.0,0.0,0.0,14.28,2.41,0.0
20231022:0110,0.0,0.0,0.0,14.16,2.55,0.0
20231022:0210,0.0,0.0,0.0,14.4,2.14,0.0
20231022:0310,0.0,0.0,0.0,14.1,1.86,0.0
20231022:0410,0.0,0.0,0.0,13.94,2.14,0.0
20231022:0510,0.0,0.82,1.98,14.0,2.55,0.0
20231022:0610,15.96,31.21,10.49,14.65,2.76,0.0
20231022:0710,8.86,21.4,17.88,15.75,3.31,0.0
20231022:0810,33.96,54.4,23.65,16.78,3.03,0.0
20231022:0910,47.01,70.45,27.25,18.0,3.24,0.0
20231022:1010,22.36,40.13,28.25,18.44,2.76,0.0
20231022:1110,458.88,539.87,26.51,18.07,2.76,0.0
20231022:1210,483.0,568.12,22.28,18.63,3.1,0.0
20231022:1310,14.92,30.32,16.01,19.26,4.14,0.0
20231022:1410,37.88,59.96,8.27,19.23,4.69,0.0
20231022:1510,0.0,0.0,0.0,18.51,5.17,0.0
20231022:1610,0.0,0.0,0.0,17.87,6.07,0.0
20231022:1710,0.0,0.0,0.0,16.84,6.55,0.0
20231022:1810,0.0,0.0,0.0,16.16,6.34,0.0
20231022:1910,0.0,0.0,0.0,15.06,5.59,0.0
20231022:2010,0.0,0.0,0.0,14.93,6.21,0.0
20231022:2110,0.0,0.0,0.0,14.58,6.69,0.0
20231022:2210,0.0,0.0,0.0,13.9,6.97,0.0
20231022:2310,0.0,0.0,0.0,13.16,6.83,0.0
20231023:0010,0.0,0.0,0.0,12.38,6.28,0.0
20231023:0110,0.0,0.0,0.0,11.75,5.86,0.0
20231023:0210,0.0,0.0,0.0,11.7,5.79,0.0
20231023:0310,0.0,0.0,0.0,11.81,5.66,0.0
20231023:0410,0.0,0.0,0.0,12.0,5.38,0.0
20231023:0510,0.0,1.64,1.71,12.1,5.1,0.0
20231023:0610,88.12,115.29,10.21,12.24,5.03,0.0
20231023:0710,61.57,85.59,17.58,12.7,4.48,0.0
20231023:0810,64.51,89.18,23.33,13.2,4.55,0.0
20231023:0910,45.81,67.78,26.9,13.68,4.55,0.0
20231023:1010,54.86,78.48,27.89,14.3,4.76,0.0
20231023:1110,124.82,156.94,26.16,14.6,4.9,0.0
20231023:1210,419.6,479.82,21.94,14.66,4.69,0.0
20231023:1310,168.93,204.35,15.69,14.76,4.48,0.0
20231023:1410,64.16,90.07,7.96,14.51,3.79,0.0
20231023:1510,0.0,0.0,0.0,13.66,3.03,0.0
20231023:1610,0.0,0.0,0.0,12.62,2.48,0.0
20231023:1710,0.0,0.0,0.0,11.77,2.14,0.0
20231023:1810,0.0,0.0,0.0,11.05,2.07,0.0
20231023:1910,0.0,0.0,0.0,11.12,1.86,0.0
20231023:2010,0.0,0.0,0.0,10.71,1.52,0.0
20231023:2110,0.0,0.0,0.0,10.44,1.45,0.0
20231023:2210,0.0,0.0,0.0,9.88,1.66,0.0
20231023:2310,0.0,0.0,0.0,9.63,1.66,0.0
20231024:0010,0.0,0.0,0.0,9.49,1.72,0.0
20231024:0110,0.0,0.0,0.0,9.11,1.86,0.0
20231024:0210,0.0,0.0,0.0,8.88,1.86,0.0
20231024:0310,0.0,0.0,0.0,8.69,1.79,0.0
20231024:0410,0.0,0.0,0.0,8.26,1.93,0.0
20231024:0510,0.0,0.82,1.45,7.86,1.93,0.0
20231024:0610,47.99,68.99,9.93,8.18,1.52,0.0
20231024:0710,244.07,282.61,17.28,9.69,1.38,0.0
20231024:0810,350.55,403.14,23.0,11.33,1.45,0.0
20231024:0910,248.14,291.41,26.56,12.62,1.59,0.0
20231024:1010,686.83,813.49,27.54,13.68,2.0,0.0
20231024:1110,512.09,597.07,25.81,14.77,2.21,0.0
20231024:1210,495.56,575.91,21.6,15.4,2.69,0.0
20231024:1310,280.96,329.77,15.37,15.57,2.83,0.0
20231024:1410,14.61,29.43,7.65,14.92,2.34,0.0
20231024:1510,0.0,0.0,0.0,13.73,2.62,0.0
20231024:1610,0.0,0.0,0.0,13.15,2.83,0.0
20231024:1710,0.0,0.0,0.0,13.23,3.03,0.0
20231024:1810,0.0,0.0,0.0,13.18,3.17,0.0
20231024:1910,0.0,0.0,0.0,13.5,3.17,0.0
20231024:2010,0.0,0.0,0.0,13.34,3.03,0.0
20231024:2110,0.0,0.0,0.0,13.22,3.24,0.0
20231024:2210,0.0,0.0,0.0,13.27,3.38,0.0
20231024:2310,0.0,0.0,0.0,13.26,3.66,0.0
20231025:0010,0.0,0.0,0.0,13.35,3.79,0.0
20231025:0110,0.0,0.0,0.0,13.29,3.86,0.0
20231025:0210,0.0,0.0,0.0,12.56,3.59,0.0
20231025:0310,0.0,0.0,0.0,11.92,3.31,0.0
20231025:0410,0.0,0.0,0.0,11.86,3.45,0.0
20231025:0510,0.0,0.0,0.0,11.87,3.38,0.0
20231025:0610,10.31,23.19,9.65,11.95,3.24,0.0
20231025:0710,8.44,20.51,16.98,12.09,2.83,0.0
20231025:0810,44.48,65.99,22.68,12.54,2.69,0.0
20231025:0910,17.44,33.0,26.22,13.21,2.41,0.0
20231025:1010,48.76,71.34,27.2,13.71,2.34,0.0
20231025:1110,28.61,47.26,25.47,13.83,2.34,0.0
20231025:1210,25.73,43.7,21.27,13.9,2.34,0.0
20231025:1310,14.71,29.43,15.05,13.76,2.41,0.0
20231025:1410,0.98,8.03,7.35,13.54,2.9,0.0
20231025:1510,0.0,0.0,0.0,13.31,3.52,0.0
20231025:1610,0.0,0.0,0.0,13.15,3.72,0.0
20231025:1710,0.0,0.0,0.0,12.92,4.14,0.0
20231025:1810,0.0,0.0,0.0,12.65,4.83,0.0
20231025:1910,0.0,0.0,0.0,12.13,4.76,0.0
20231025:2010,0.0,0.0,0.0,11.77,4.41,0.0
20231025:2110,0.0,0.0,0.0,11.58,4.21,0.0
20231025:2210,0.0,0.0,0.0,11.48,4.14,0.0
20231025:2310,0.0,0.0,0.0,11.38,4.07,0.0
20231026:0010,0.0,0.0,0.0,11.32,3.93,0.0
20231026:0110,0.0,0.0,0.0,11.14,3.59,0.0
20231026:0210,0.0,0.0,0.0,10.99,3.31,0.0
20231026:0310,0.0,0.0,0.0,10.84,2.76,0.0
20231026:0410,0.0,0.0,0.0,10.07,2.28,0.0
20231026:0510,0.0,0.0,0.0,9.39,2.34,0.0
20231026:0610,80.29,105.83,9.37,9.75,2.21,0.0
20231026:0710,38.71,58.86,16.68,10.93,1.93,0.0
20231026:0810,24.55,41.91,22.36,11.93,2.07,0.0
20231026:0910,630.59,733.92,25.89,12.49,2.28,0.0
20231026:1010,544.75,627.02,26.85,13.52,3.24,0.0
20231026:1110,30.68,49.94,25.13,14.58,2.97,0.0
20231026:1210,85.04,113.14,20.94,14.72,2.28,0.0
20231026:1310,111.55,142.16,14.74,14.46,1.93,0.0
20231026:1410,42.31,64.4,7.06,14.04,1.59,0.0
20231026:1510,0.0,0.0,0.0,13.3,2.14,0.0
20231026:1610,0.0,0.0,0.0,12.4,2.41,0.0
20231026:1710,0.0,0.0,0.0,11.83,2.34,0.0
20231026:1810,0.0,0.0,0.0,11.57,2.69,0.0
20231026:1910,0.0,0.0,0.0,11.42,3.31,0.0
20231026:2010,0.0,0.0,0.0,11.42,3.24,0.0
20231026:2110,0.0,0.0,0.0,11.14,3.24,0.0
20231026:2210,0.0,0.0,0.0,10.58,3.38,0.0
20231026:2310,0.0,0.0,0.0,10.31,3.52,0.0
20231027:0010,0.0,0.0,0.0,10.05,3.31,0.0
20231027:0110,0.0,0.0,0.0,9.74,3.03,0.0
20231027:0210,0.0,0.0,0.0,9.61,2.76,0.0
20231027:0310,0.0,0.0,0.0,9.34,2.62,0.0
20231027:0410,0.0,0.0,0.0,8.85,2.62,0.0
20231027:0510,0.0,0.0,0.0,8.73,2.48,0.0
20231027:0610,19.87,35.67,9.09,9.57,2.14,0.0
20231027:0710,216.79,253.2,16.38,10.82,2.28,0.0
20231027:0810,303.23,349.61,22.04,11.86,2.0,0.0
20231027:0910,292.72,339.72,25.55,13.79,3.17,0.0
20231027:1010,210.41,251.14,26.51,14.76,2.9,0.0
20231027:1110,101.38,131.67,24.79,15.19,3.03,0.0
20231027:1210,46.87,69.56,20.62,15.19,2.0,0.0
20231027:1310,17.26,33.0,14.44,15.06,1.72,0.0
20231027:1410,0.97,8.03,6.77,14.54,1.93,0.0
20231027:1510,0.0,0.0,0.0,13.58,2.34,0.0
20231027:1610,0.0,0.0,0.0,12.91,2.69,0.0
20231027:1710,0.0,0.0,0.0,12.75,2.97,0.0
20231027:1810,0.0,0.0,0.0,12.64,3.31,0.0
20231027:1910,0.0,0.0,0.0,12.78,3.1,0.0
20231027:2010,0.0,0.0,0.0,12.8,2.83,0.0
20231027:2110,0.0,0.0,0.0,12.86,2.55,0.0
20231027:2210,0.0,0.0,0.0,13.01,2.76,0.0
20231027:2310,0.0,0.0,0.0,13.01,3.86,0.0
20231028:0010,0.0,0.0,0.0,11.74,7.86,0.0
20231028:0110,0.0,0.0,0.0,10.54,10.14,0.0
20231028:0210,0.0,0.0,0.0,9.93,7.72,0.0
20231028:0310,0.0,0.0,0.0,9.45,6.83,0.0
20231028:0410,0.0,0.0,0.0,8.91,6.97,0.0
20231028:0510,0.0,0.0,0.0,8.51,6.62,0.0
20231028:0610,11.82,24.97,8.82,8.38,6.14,0.0
20231028:0710,45.45,65.99,16.09,8.71,6.41,0.0
20231028:0810,112.79,140.05,21.73,9.16,6.41,0.0
20231028:0910,68.09,91.85,25.22,9.79,6.34,0.0
20231028:1010,29.87,48.16,26.17,10.68,6.28,0.0
20231028:1110,65.34,89.18,24.46,10.78,5.59,0.0
20231028:1210,11.65,24.97,20.3,11.08,5.79,0.0
20231028:1310,37.97,57.97,14.13,11.26,4.62,0.0
20231028:1410,146.49,182.15,6.48,11.22,3.52,0.0
20231028:1510,0.0,0.0,0.0,10.98,3.66,0.0
20231028:1610,0.0,0.0,0.0,10.82,3.59,0.0
20231028:1710,0.0,0.0,0.0,10.58,3.52,0.0
20231028:1810,0.0,0.0,0.0,9.98,3.1,0.0
20231028:1910,0.0,0.0,0.0,9.42,3.1,0.0
20231028:2010,0.0,0.0,0.0,9.53,2.69,0.0
20231028:2110,0.0,0.0,0.0,9.61,2.76,0.0
20231028:2210,0.0,0.0,0.0,9.25,2.83,0.0
20231028:2310,0.0,0.0,0.0,9.23,2.69,0.0
20231029:0010,0.0,0.0,0.0,9.22,2.69,0.0
20231029:0110,0.0,0.0,0.0,9.16,2.69,0.0
20231029:0210,0.0,0.0,0.0,9.05,2.55,0.0
20231029:0310,0.0,0.0,0.0,8.8,2.48,0.0
20231029:0410,0.0,0.0,0.0,8.68,2.55,0.0
20231029:0510,0.0,0.0,0.0,8.38,2.41,0.0
20231029:0610,253.63,294.9,8.54,8.42,2.41,0.0
20231029:0710,167.15,198.67,15.79,9.67,2.41,0.0
20231029:0810,248.31,287.51,21.41,10.88,2.34,0.0
20231029:0910,608.25,704.23,24.89,12.26,2.41,0.0
20231029:1010,715.52,841.69,25.84,13.57,2.69,0.0
20231029:1110,664.32,772.43,24.13,14.47,3.59,0.0
20231029:1210,604.0,700.76,19.98,15.23,3.59,0.0
20231029:1310,383.64,444.62,13.84,15.37,3.38,0.0
20231029:1410,126.54,162.74,6.2,14.94,2.69,0.0
20231029:1510,0.0,0.0,0.0,13.86,2.9,0.0
20231029:1610,0.0,0.0,0.0,13.42,3.31,0.0
20231029:1710,0.0,0.0,0.0,13.29,3.79,0.0
20231029:1810,0.0,0.0,0.0,13.13,3.93,0.0
20231029:1910,0.0,0.0,0.0,12.39,4.07,0.0
20231029:2010,0.0,0.0,0.0,11.88,3.86,0.0
20231029:2110,0.0,0.0,0.0,11.61,3.86,0.0
20231029:2210,0.0,0.0,0.0,11.57,3.79,0.0
20231029:2310,0.0,0.0,0.0,11.48,3.86,0.0
20231030:0010,0.0,0.0,0.0,11.52,4.0,0.0
20231030:0110,0.0,0.0,0.0,11.47,3.93,0.0
20231030:0210,0.0,0.0,0.0,11.52,4.0,0.0
20231030:0310,0.0,0.0,0.0,11.72,4.21,0.0
20231030:0410,0.0,0.0,0.0,11.88,4.28,0.0
20231030:0510,0.0,0.0,0.0,12.02,4.34,0.0
20231030:0610,62.79,87.07,8.26,12.42,4.41,0.0
20231030:0710,120.42,150.65,15.5,13.67,4.62,0.0
20231030:0810,462.2,530.57,21.1,14.92,3.93,0.0
20231030:0910,602.07,695.61,24.57,16.15,4.9,0.0
20231030:1010,691.21,806.08,25.51,17.16,5.24,0.0
20231030:1110,707.52,828.27,23.81,17.96,5.38,0.0
20231030:1210,611.12,712.48,19.67,18.33,5.1,0.0
20231030:1310,154.66,191.38,13.54,18.07,4.41,0.0
20231030:1410,1.8,9.81,5.92,17.3,4.07,0.0
20231030:1510,0.0,0.0,0.0,16.17,3.72,0.0
20231030:1610,0.0,0.0,0.0,14.94,3.38,0.0
20231030:1710,0.0,0.0,0.0,13.9,3.24,0.0
20231030:1810,0.0,0.0,0.0,13.31,3.1,0.0
20231030:1910,0.0,0.0,0.0,12.68,2.97,0.0
20231030:2010,0.0,0.0,0.0,12.32,2.83,0.0
20231030:2110,0.0,0.0,0.0,12.08,2.69,0.0
20231030:2210,0.0,0.0,0.0,11.88,2.76,0.0
20231030:2310,0.0,0.0,0.0,11.72,2.97,0.0
20231031:0010,0.0,0.0,0.0,11.93,3.24,0.0
20231031:0110,0.0,0.0,0.0,12.45,3.38,0.0
20231031:0210,0.0,0.0,0.0,12.97,3.52,0.0
20231031:0310,0.0,0.0,0.0,13.28,3.66,0.0
20231031:0410,0.0,0.0,0.0,13.38,3.79,0.0
20231031:0510,0.0,0.0,0.0,13.79,4.0,0.0
20231031:0610,2.8,11.59,7.99,14.18,4.28,0.0
20231031:0710,10.73,24.08,15.21,15.4,4.76,0.0
20231031:0810,13.82,28.54,20.79,16.86,4.9,0.0
20231031:0910,62.88,89.18,24.24,18.43,4.97,0.0
20231031:1010,121.7,156.69,25.18,19.6,4.9,0.0
20231031:1110,18.1,34.78,23.48,20.45,4.0,0.0
20231031:1210,18.7,35.67,19.36,21.11,5.31,0.0
20231031:1310,11.67,25.86,13.25,20.37,4.97,0.0
20231031:1410,30.58,51.1,5.65,18.96,5.24,0.0
20231031:1510,0.0,0.0,0.0,15.47,4.28,0.0
20231031:1610,0.0,0.0,0.0,13.98,2.97,0.0
20231031:1710,0.0,0.0,0.0,13.72,2.76,0.0
20231031:1810,0.0,0.0,0.0,13.31,2.69,0.0
20231031:1910,0.0,0.0,0.0,14.07,2.97,0.0
20231031:2010,0.0,0.0,0.0,13.6,2.83,0.0
20231031:2110,0.0,0.0,0.0,13.5,3.24,0.0
20231031:2210,0.0,0.0,0.0,13.38,3.72,0.0
20231031:2310,0.0,0.0,0.0,12.94,4.07,0.0
20231101:0010,0.0,0.0,0.0,12.86,4.34,0.0
20231101:0110,0.0,0.0,0.0,12.97,4.48,0.0
20231101:0210,0.0,0.0,0.0,12.48,4.76,0.0
20231101:0310,0.0,0.0,0.0,11.83,4.48,0.0
20231101:0410,0.0,0.0,0.0,11.42,4.07,0.0
20231101:0510,0.0,0.0,0.0,11.02,3.93,0.0
20231101:0610,16.32,31.21,7.72,10.62,3.86,0.0
20231101:0710,223.97,258.86,14.92,10.35,4.14,0.0
20231101:0810,358.59,402.92,20.49,10.96,5.72,0.0
20231101:0910,78.63,104.34,23.92,11.5,5.24,0.0
20231101:1010,32.63,51.72,24.86,11.88,5.03,0.0
20231101:1110,189.08,223.86,23.17,12.12,4.9,0.0
20231101:1210,47.7,69.56,19.06,12.16,4.69,0.0
20231101:1310,236.41,274.22,12.97,11.96,4.55,0.0
20231101:1410,157.06,194.86,5.38,11.46,3.86,0.0
20231101:1510,0.0,0.0,0.0,10.87,3.31,0.0
20231101:1610,0.0,0.0,0.0,10.62,3.24,0.0
20231101:1710,0.0,0.0,0.0,10.55,3.03,0.0
20231101:1810,0.0,0.0,0.0,10.39,2.48,0.0
20231101:1910,0.0,0.0,0.0,8.97,2.07,0.0
20231101:2010,0.0,0.0,0.0,8.43,1.93,0.0
20231101:2110,0.0,0.0,0.0,8.47,1.79,0.0
20231101:2210,0.0,0.0,0.0,8.14,1.93,0.0
20231101:2310,0.0,0.0,0.0,7.96,2.0,0.0
20231102:0010,0.0,0.0,0.0,7.75,2.0,0.0
20231102:0110,0.0,0.0,0.0,7.23,2.14,0.0
20231102:0210,0.0,0.0,0.0,6.81,2.28,0.0
20231102:0310,0.0,0.0,0.0,6.45,2.48,0.0
20231102:0410,0.0,0.0,0.0,6.27,2.48,0.0
20231102:0510,0.0,0.0,0.0,6.03,2.34,0.0
20231102:0610,224.81,260.93,7.45,6.17,2.34,0.0
20231102:0710,441.16,494.13,14.63,7.57,2.48,0.0
20231102:0810,639.61,728.11,20.18,9.58,2.9,0.0
20231102:0910,726.9,841.23,23.61,11.24,3.1,0.0
20231102:1010,748.87,872.45,24.54,12.54,3.38,0.0
20231102:1110,667.09,770.41,22.86,13.33,3.72,0.0
20231102:1210,585.32,670.06,18.76,13.58,4.07,0.0
20231102:1310,444.7,508.99,12.69,13.4,3.93,0.0
20231102:1410,177.47,219.15,5.12,12.54,3.59,0.0
20231102:1510,0.0,0.0,0.0,11.18,3.79,0.0
20231102:1610,0.0,0.0,0.0,10.41,4.21,0.0
20231102:1710,0.0,0.0,0.0,9.95,4.48,0.0
20231102:1810,0.0,0.0,0.0,9.56,4.55,0.0
20231102:1910,0.0,0.0,0.0,9.2,4.62,0.0
20231102:2010,0.0,0.0,0.0,8.89,4.62,0.0
20231102:2110,0.0,0.0,0.0,8.67,4.55,0.0
20231102:2210,0.0,0.0,0.0,8.51,4.41,0.0
20231102:2310,0.0,0.0,0.0,8.33,4.28,0.0
20231103:0010,0.0,0.0,0.0,8.15,4.34,0.0
20231103:0110,0.0,0.0,0.0,7.98,4.55,0.0
20231103:0210,0.0,0.0,0.0,7.85,4.83,0.0
20231103:0310,0.0,0.0,0.0,7.79,4.9,0.0
20231103:0410,0.0,0.0,0.0,7.78,5.1,0.0
20231103:0510,0.0,0.0,0.0,8.02,5.45,0.0
20231103:0610,9.86,22.29,7.18,8.87,5.86,0.0
20231103:0710,57.77,80.44,14.35,10.66,6.07,0.0
20231103:0810,216.24,251.55,19.88,11.74,5.66,0.0
20231103:0910,90.53,117.72,23.29,12.55,8.28,0.0
20231103:1010,117.4,147.24,24.22,13.0,8.34,0.0
20231103:1110,38.38,58.86,22.55,13.36,8.28,0.0
20231103:1210,67.04,92.06,18.47,13.91,8.07,0.0
20231103:1310,175.08,209.25,12.41,14.19,8.14,0.0
20231103:1410,3.82,13.38,4.86,13.81,7.59,0.0
20231103:1510,0.0,0.0,0.0,13.38,7.38,0.0
20231103:1610,0.0,0.0,0.0,13.38,7.45,0.0
20231103:1710,0.0,0.0,0.0,13.45,7.59,0.0
20231103:1810,0.0,0.0,0.0,13.41,7.31,0.0
20231103:1910,0.0,0.0,0.0,13.38,7.24,0.0
20231103:2010,0.0,0.0,0.0,13.13,6.76,0.0
20231103:2110,0.0,0.0,0.0,12.84,6.14,0.0
20231103:2210,0.0,0.0,0.0,12.71,5.66,0.0
20231103:2310,0.0,0.0,0.0,12.42,5.24,0.0
20231104:0010,0.0,0.0,0.0,11.92,4.62,0.0
20231104:0110,0.0,0.0,0.0,11.34,4.34,0.0
20231104:0210,0.0,0.0,0.0,10.91,4.14,0.0
20231104:0310,0.0,0.0,0.0,10.39,4.0,0.0
20231104:0410,0.0,0.0,0.0,9.85,3.72,0.0
20231104:0510,0.0,0.0,0.0,9.38,3.38,0.0
20231104:0610,37.03,56.58,6.91,9.36,3.03,0.0
20231104:0710,111.75,139.43,14.06,10.01,2.34,0.0
20231104:0810,392.43,448.72,19.58,11.67,2.07,0.0
20231104:0910,190.76,228.29,22.98,12.89,1.59,0.0
20231104:1010,653.0,782.92,23.91,13.54,0.9,0.0
20231104:1110,442.57,523.65,22.24,13.8,0.07,0.0
20231104:1210,215.75,256.91,18.18,14.08,1.03,0.0
20231104:1310,45.55,67.58,12.15,14.01,1.52,0.0
20231104:1410,6.03,16.94,4.61,13.24,1.93,0.0
20231104:1510,0.0,0.0,0.0,12.0,2.34,0.0
20231104:1610,0.0,0.0,0.0,11.36,2.41,0.0
20231104:1710,0.0,0.0,0.0,11.04,2.41,0.0
20231104:1810,0.0,0.0,0.0,10.77,2.41,0.0
20231104:1910,0.0,0.0,0.0,10.66,2.28,0.0
20231104:2010,0.0,0.0,0.0,10.25,2.34,0.0
20231104:2110,0.0,0.0,0.0,9.81,2.41,0.0
20231104:2210,0.0,0.0,0.0,9.32,2.41,0.0
20231104:2310,0.0,0.0,0.0,8.81,2.62,0.0
20231105:0010,0.0,0.0,0.0,8.69,2.97,0.0
20231105:0110,0.0,0.0,0.0,8.64,3.03,0.0
20231105:0210,0.0,0.0,0.0,8.68,3.17,0.0
20231105:0310,0.0,0.0,0.0,8.61,3.59,0.0
20231105:0410,0.0,0.0,0.0,8.23,3.59,0.0
20231105:0510,0.0,0.0,0.0,7.52,3.52,0.0
20231105:0610,12.56,25.86,6.65,7.11,3.38,0.0
20231105:0710,37.01,56.18,13.78,8.22,3.66,0.0
20231105:0810,74.05,98.31,19.28,9.18,3.86,0.0
20231105:0910,66.06,90.07,22.68,10.91,5.1,0.0
20231105:1010,92.26,119.52,23.6,11.89,5.38,0.0
20231105:1110,64.14,88.29,21.95,11.92,4.69,0.0
20231105:1210,38.71,58.86,17.9,11.32,4.48,0.0
20231105:1310,11.7,24.97,11.88,10.21,4.34,0.0
20231105:1410,0.62,7.13,4.37,9.81,4.21,0.0
20231105:1510,0.0,0.0,0.0,9.32,4.34,0.0
20231105:1610,0.0,0.0,0.0,9.14,4.69,0.0
20231105:1710,0.0,0.0,0.0,9.06,4.9,0.0
20231105:1810,0.0,0.0,0.0,9.2,4.9,0.0
20231105:1910,0.0,0.0,0.0,9.47,4.62,0.0
20231105:2010,0.0,0.0,0.0,9.73,4.55,0.0
20231105:2110,0.0,0.0,0.0,10.12,4.62,0.0
20231105:2210,0.0,0.0,0.0,9.76,4.21,0.0
20231105:2310,0.0,0.0,0.0,9.12,4.48,0.0
20231106:0010,0.0,0.0,0.0,8.71,4.9,0.0
20231106:0110,0.0,0.0,0.0,8.71,4.97,0.0
20231106:0210,0.0,0.0,0.0,8.98,5.1,0.0
20231106:0310,0.0,0.0,0.0,9.08,5.17,0.0
20231106:0410,0.0,0.0,0.0,8.95,5.31,0.0
20231106:0510,0.0,0.0,0.0,8.89,5.38,0.0
20231106:0610,172.99,206.42,6.38,9.11,5.45,0.0
20231106:0710,277.05,313.51,13.5,10.04,6.34,0.0
20231106:0810,394.35,441.26,18.99,11.07,6.07,0.0
20231106:0910,602.23,672.75,22.38,11.85,7.31,0.0
20231106:1010,103.92,132.17,23.3,12.07,7.59,0.0
20231106:1110,30.39,49.05,21.65,12.19,7.59,0.0
20231106:1210,48.48,70.45,17.62,12.39,7.31,0.0
20231106:1310,37.14,57.08,11.62,12.18,6.76,0.0
20231106:1410,56.73,81.38,4.12,11.74,5.86,0.0
20231106:1510,0.0,0.0,0.0,10.87,5.17,0.0
20231106:1610,0.0,0.0,0.0,10.24,4.97,0.0
20231106:1710,0.0,0.0,0.0,10.01,5.03,0.0
20231106:1810,0.0,0.0,0.0,10.18,5.03,0.0
20231106:1910,0.0,0.0,0.0,9.99,4.9,0.0
20231106:2010,0.0,0.0,0.0,9.83,4.83,0.0
20231106:2110,0.0,0.0,0.0,9.83,4.83,0.0
20231106:2210,0.0,0.0,0.0,9.35,4.83,0.0
20231106:2310,0.0,0.0,0.0,9.03,4.69,0.0
20231107:0010,0.0,0.0,0.0,8.52,4.41,0.0
20231107:0110,0.0,0.0,0.0,8.12,4.07,0.0
20231107:0210,0.0,0.0,0.0,7.69,3.72,0.0
20231107:0310,0.0,0.0,0.0,7.23,3.31,0.0
20231107:0410,0.0,0.0,0.0,6.77,3.1,0.0
20231107:0510,0.0,0.0,0.0,6.41,3.17,0.0
20231107:0610,47.64,68.22,6.12,6.5,3.17,0.0
20231107:0710,461.83,515.4,13.22,7.63,3.1,0.0
20231107:0810,592.76,667.47,18.7,9.6,3.66,0.0
20231107:0910,669.87,761.83,22.08,11.24,4.28,0.0
20231107:1010,742.68,853.61,23.0,12.54,4.62,0.0
20231107:1110,658.36,755.45,21.36,13.37,4.34,0.0
20231107:1210,545.0,623.56,17.35,13.72,3.86,0.0
20231107:1310,375.9,432.71,11.37,13.59,3.17,0.0
20231107:1410,44.87,67.77,3.89,12.48,2.97,0.0
20231107:1510,0.0,0.0,0.0,10.78,3.03,0.0
20231107:1610,0.0,0.0,0.0,9.82,2.83,0.0
20231107:1710,0.0,0.0,0.0,9.48,2.76,0.0
20231107:1810,0.0,0.0,0.0,8.89,2.69,0.0
20231107:1910,0.0,0.0,0.0,8.68,2.83,0.0
20231107:2010,0.0,0.0,0.0,8.57,2.41,0.0
20231107:2110,0.0,0.0,0.0,7.94,2.07,0.0
20231107:2210,0.0,0.0,0.0,7.19,2.14,0.0
20231107:2310,0.0,0.0,0.0,6.65,2.07,0.0
20231108:0010,0.0,0.0,0.0,6.24,1.72,0.0
20231108:0110,0.0,0.0,0.0,5.94,1.45,0.0
20231108:0210,0.0,0.0,0.0,5.54,1.59,0.0
20231108:0310,0.0,0.0,0.0,5.49,1.59,0.0
20231108:0410,0.0,0.0,0.0,5.48,1.45,0.0
20231108:0510,0.0,0.0,0.0,5.71,1.1,0.0
20231108:0610,0.26,6.24,5.86,6.15,0.69,0.0
20231108:0710,338.81,383.24,12.95,6.63,0.76,0.0
20231108:0810,275.23,313.98,18.41,7.64,0.97,0.0
20231108:0910,379.56,429.9,21.78,8.24,1.31,0.0
20231108:1010,740.85,861.29,22.71,8.95,2.0,0.0
20231108:1110,404.64,455.79,21.08,9.68,2.97,0.0
20231108:1210,46.65,67.78,17.08,9.82,3.17,0.0
20231108:1310,7.34,18.73,11.12,9.9,3.1,0.0
20231108:1410,1.92,9.81,3.66,9.47,2.21,0.0
20231108:1510,0.0,0.0,0.0,8.48,2.34,0.0
20231108:1610,0.0,0.0,0.0,7.96,2.76,0.0
20231108:1710,0.0,0.0,0.0,7.36,2.9,0.0
20231108:1810,0.0,0.0,0.0,7.17,3.03,0.0
20231108:1910,0.0,0.0,0.0,6.45,3.1,0.0
20231108:2010,0.0,0.0,0.0,6.09,3.24,0.0
20231108:2110,0.0,0.0,0.0,5.69,3.1,0.0
20231108:2210,0.0,0.0,0.0,5.28,2.83,0.0
20231108:2310,0.0,0.0,0.0,4.79,2.83,0.0
20231109:0010,0.0,0.0,0.0,4.48,2.9,0.0
20231109:0110,0.0,0.0,0.0,4.3,2.9,0.0
20231109:0210,0.0,0.0,0.0,4.22,2.76,0.0
20231109:0310,0.0,0.0,0.0,4.11,2.83,0.0
20231109:0410,0.0,0.0,0.0,4.2,2.83,0.0
20231109:0510,0.0,0.0,0.0,4.21,2.76,0.0
20231109:0610,29.86,47.17,5.6,4.35,2.69,0.0
20231109:0710,119.12,144.48,12.68,5.66,2.76,0.0
20231109:0810,212.93,243.47,18.13,6.67,3.59,0.0
20231109:0910,203.75,235.33,21.49,7.7,3.72,0.0
20231109:1010,654.83,739.69,22.42,8.89,3.59,0.0
20231109:1110,552.64,621.85,20.8,9.79,3.66,0.0
20231109:1210,411.85,464.01,16.82,10.18,3.17,0.0
20231109:1310,367.11,416.75,10.88,10.2,2.9,0.0
20231109:1410,36.06,56.47,3.43,9.34,2.41,0.0
20231109:1510,0.0,0.0,0.0,7.65,2.69,0.0
20231109:1610,0.0,0.0,0.0,6.79,2.97,0.0
20231109:1710,0.0,0.0,0.0,6.43,3.24,0.0
20231109:1810,0.0,0.0,0.0,6.23,3.38,0.0
20231109:1910,0.0,0.0,0.0,5.76,3.24,0.0
20231109:2010,0.0,0.0,0.0,5.44,3.24,0.0
20231109:2110,0.0,0.0,0.0,5.12,3.38,0.0
20231109:2210,0.0,0.0,0.0,4.97,3.38,0.0
20231109:2310,0.0,0.0,0.0,4.94,3.45,0.0
20231110:0010,0.0,0.0,0.0,4.95,3.52,0.0
20231110:0110,0.0,0.0,0.0,4.9,3.59,0.0
20231110:0210,0.0,0.0,0.0,4.82,3.66,0.0
20231110:0310,0.0,0.0,0.0,4.64,3.72,0.0
20231110:0410,0.0,0.0,0.0,4.52,3.72,0.0
20231110:0510,0.0,0.0,0.0,4.54,3.79,0.0
20231110:0610,152.14,181.23,5.34,4.65,3.86,0.0
20231110:0710,462.01,507.7,12.41,5.16,3.79,0.0
20231110:0810,179.54,208.4,17.85,6.55,3.72,0.0
20231110:0910,222.37,254.89,21.21,7.94,4.07,0.0
20231110:1010,599.84,672.74,22.14,9.16,4.14,0.0
20231110:1110,584.29,657.21,20.53,10.15,4.21,0.0
20231110:1210,502.28,564.69,16.57,10.45,3.86,0.0
20231110:1310,300.69,342.03,10.64,10.16,3.79,0.0
20231110:1410,16.63,31.92,3.21,9.08,3.72,0.0
20231110:1510,0.0,0.0,0.0,7.58,3.79,0.0
20231110:1610,0.0,0.0,0.0,6.91,3.86,0.0
20231110:1710,0.0,0.0,0.0,6.63,3.72,0.0
20231110:1810,0.0,0.0,0.0,6.43,3.45,0.0
20231110:1910,0.0,0.0,0.0,6.28,3.17,0.0
20231110:2010,0.0,0.0,0.0,6.11,2.97,0.0
20231110:2110,0.0,0.0,0.0,5.96,2.76,0.0
20231110:2210,0.0,0.0,0.0,5.63,2.76,0.0
20231110:2310,0.0,0.0,0.0,5.28,2.62,0.0
20231111:0010,0.0,0.0,0.0,4.68,2.48,0.0
20231111:0110,0.0,0.0,0.0,4.2,2.48,0.0
20231111:0210,0.0,0.0,0.0,3.86,2.48,0.0
20231111:0310,0.0,0.0,0.0,3.58,2.62,0.0
20231111:0410,0.0,0.0,0.0,3.44,2.55,0.0
20231111:0510,0.0,0.0,0.0,3.98,2.34,0.0
20231111:0610,0.0,4.46,5.09,4.8,2.0,0.0
20231111:0710,107.39,132.42,12.15,6.05,2.0,0.0
20231111:0810,76.18,99.94,17.58,6.98,1.59,0.0
20231111:0910,64.57,87.39,20.93,7.23,1.38,0.0
20231111:1010,185.76,217.45,21.86,7.02,1.1,0.0
20231111:1110,218.37,252.16,20.26,6.91,0.83,0.0
20231111:1210,437.57,492.58,16.32,6.72,1.1,0.0
20231111:1310,209.86,242.11,10.41,6.59,1.31,0.0
20231111:1410,0.0,2.68,3.0,6.34,1.38,0.0
20231111:1510,0.0,0.0,0.0,5.67,1.59,0.0
20231111:1610,0.0,0.0,0.0,5.14,1.59,0.0
20231111:1710,0.0,0.0,0.0,5.07,1.45,0.0
20231111:1810,0.0,0.0,0.0,4.66,1.59,0.0
20231111:1910,0.0,0.0,0.0,5.44,2.41,0.0
20231111:2010,0.0,0.0,0.0,5.47,2.55,0.0
20231111:2110,0.0,0.0,0.0,5.45,2.41,0.0
20231111:2210,0.0,0.0,0.0,5.48,2.48,0.0
20231111:2310,0.0,0.0,0.0,5.36,2.97,0.0
20231112:0010,0.0,0.0,0.0,5.27,3.38,0.0
20231112:0110,0.0,0.0,0.0,5.22,3.86,0.0
20231112:0210,0.0,0.0,0.0,5.12,4.07,0.0
20231112:0310,0.0,0.0,0.0,5.2,4.28,0.0
20231112:0410,0.0,0.0,0.0,5.31,4.48,0.0
20231112:0510,0.0,0.0,0.0,5.34,4.62,0.0
20231112:0610,2.47,10.7,4.84,5.31,4.69,0.0
20231112:0710,16.1,30.32,11.88,5.27,4.9,0.0
20231112:0810,46.94,66.88,17.3,5.44,5.03,0.0
20231112:0910,78.64,101.92,20.65,6.08,6.21,0.0
20231112:1010,56.2,77.59,21.58,6.68,5.79,0.0
20231112:1110,69.73,92.75,20.0,7.26,6.07,0.0
20231112:1210,12.56,25.86,16.07,7.28,5.86,0.0
20231112:1310,5.11,15.16,10.18,6.98,5.72,0.0
20231112:1410,0.0,5.35,2.79,6.54,5.66,0.0
20231112:1510,0.0,0.0,0.0,6.12,5.38,0.0
20231112:1610,0.0,0.0,0.0,5.98,5.45,0.0
20231112:1710,0.0,0.0,0.0,5.77,5.45,0.0
20231112:1810,0.0,0.0,0.0,5.59,5.38,0.0
20231112:1910,0.0,0.0,0.0,5.26,5.17,0.0
20231112:2010,0.0,0.0,0.0,5.42,4.97,0.0
20231112:2110,0.0,0.0,0.0,5.48,4.69,0.0
20231112:2210,0.0,0.0,0.0,5.49,4.55,0.0
20231112:2310,0.0,0.0,0.0,5.44,4.41,0.0
20231113:0010,0.0,0.0,0.0,5.32,4.14,0.0
20231113:0110,0.0,0.0,0.0,5.27,4.07,0.0
20231113:0210,0.0,0.0,0.0,5.3,4.28,0.0
20231113:0310,0.0,0.0,0.0,5.39,4.34,0.0
20231113:0410,0.0,0.0,0.0,5.34,4.28,0.0
20231113:0510,0.0,0.0,0.0,5.1,4.07,0.0
20231113:0610,39.8,58.9,4.59,4.44,3.93,0.0
20231113:0710,150.64,176.46,11.62,4.93,4.14,0.0
20231113:0810,268.86,299.3,17.03,5.32,4.69,0.0
20231113:0910,62.84,84.72,20.38,5.94,5.66,0.0
20231113:1010,325.59,360.69,21.32,6.73,5.52,0.0
20231113:1110,362.85,400.49,19.74,7.1,5.52,0.0
20231113:1210,23.75,40.13,15.83,7.19,5.72,0.0
20231113:1310,24.49,41.02,9.96,7.05,4.9,0.0
20231113:1410,0.0,2.68,2.59,6.44,4.48,0.0
20231113:1510,0.0,0.0,0.0,5.63,3.86,0.0
20231113:1610,0.0,0.0,0.0,5.06,3.38,0.0
20231113:1710,0.0,0.0,0.0,4.32,2.97,0.0
20231113:1810,0.0,0.0,0.0,3.75,2.76,0.0
20231113:1910,0.0,0.0,0.0,3.61,2.62,0.0
20231113:2010,0.0,0.0,0.0,3.16,2.69,0.0
20231113:2110,0.0,0.0,0.0,2.76,2.69,0.0
20231113:2210,0.0,0.0,0.0,2.61,2.62,0.0
20231113:2310,0.0,0.0,0.0,2.54,2.69,0.0
20231114:0010,0.0,0.0,0.0,2.62,2.83,0.0
20231114:0110,0.0,0.0,0.0,2.77,2.9,0.0
20231114:0210,0.0,0.0,0.0,3.0,3.1,0.0
20231114:0310,0.0,0.0,0.0,3.34,3.45,0.0
20231114:0410,0.0,0.0,0.0,3.65,3.79,0.0
20231114:0510,0.0,0.0,0.0,3.71,4.83,0.0
20231114:0610,108.45,134.3,4.35,4.2,5.45,0.0
20231114:0710,21.83,37.45,11.37,4.95,5.24,0.0
20231114:0810,25.31,41.91,16.77,6.38,5.45,0.0
20231114:0910,55.77,77.59,20.11,8.25,5.72,0.0
20231114:1010,35.3,54.4,21.05,9.45,5.31,0.0
20231114:1110,33.64,52.62,19.49,10.34,5.52,0.0
20231114:1210,264.02,300.11,15.6,10.46,5.66,0.0
20231114:1310,7.95,19.62,9.75,9.71,5.79,0.0
20231114:1410,0.0,1.78,2.39,9.26,4.83,0.0
20231114:1510,0.0,0.0,0.0,8.46,4.41,0.0
20231114:1610,0.0,0.0,0.0,8.15,4.55,0.0
20231114:1710,0.0,0.0,0.0,7.96,4.48,0.0
20231114:1810,0.0,0.0,0.0,7.85,4.76,0.0
20231114:1910,0.0,0.0,0.0,8.23,5.17,0.0
20231114:2010,0.0,0.0,0.0,8.32,5.45,0.0
20231114:2110,0.0,0.0,0.0,8.35,5.59,0.0
20231114:2210,0.0,0.0,0.0,8.3,5.59,0.0
20231114:2310,0.0,0.0,0.0,8.01,5.45,0.0
20231115:0010,0.0,0.0,0.0,7.99,5.03,0.0
20231115:0110,0.0,0.0,0.0,7.64,4.9,0.0
20231115:0210,0.0,0.0,0.0,7.27,4.62,0.0
20231115:0310,0.0,0.0,0.0,7.07,4.28,0.0
20231115:0410,0.0,0.0,0.0,6.67,4.0,0.0
20231115:0510,0.0,0.0,0.0,6.29,3.79,0.0
20231115:0610,58.75,81.07,4.1,6.3,3.52,0.0
20231115:0710,284.05,318.65,11.12,6.94,3.66,0.0
20231115:0810,281.78,317.8,16.51,8.15,3.38,0.0
20231115:0910,228.65,262.6,19.85,9.17,4.0,0.0
20231115:1010,43.61,64.21,20.79,9.95,5.66,0.0
20231115:1110,22.65,39.24,19.25,10.25,5.17,0.0
20231115:1210,71.88,95.95,15.37,9.92,4.28,0.0
20231115:1310,81.38,105.84,9.54,9.41,3.66,0.0
20231115:1410,0.0,5.35,2.2,8.79,3.24,0.0
20231115:1510,0.0,0.0,0.0,8.12,3.03,0.0
20231115:1610,0.0,0.0,0.0,7.81,3.17,0.0
20231115:1710,0.0,0.0,0.0,7.47,3.52,0.0
20231115:1810,0.0,0.0,0.0,6.95,3.93,0.0
20231115:1910,0.0,0.0,0.0,7.49,4.55,0.0
20231115:2010,0.0,0.0,0.0,7.18,5.1,0.0
20231115:2110,0.0,0.0,0.0,6.59,5.72,0.0
20231115:2210,0.0,0.0,0.0,5.82,5.79,0.0
20231115:2310,0.0,0.0,0.0,5.17,4.55,0.0
20231116:0010,0.0,0.0,0.0,4.8,4.14,0.0
20231116:0110,0.0,0.0,0.0,4.45,4.21,0.0
20231116:0210,0.0,0.0,0.0,4.15,4.28,0.0
20231116:0310,0.0,0.0,0.0,3.53,4.76,0.0
20231116:0410,0.0,0.0,0.0,3.13,5.1,0.0
20231116:0510,0.0,0.0,0.0,2.75,4.97,0.0
20231116:0610,4.68,14.27,3.86,2.6,4.76,0.0
20231116:0710,8.27,19.62,10.87,2.93,4.69,0.0
20231116:0810,49.9,69.56,16.25,3.09,5.1,0.0
20231116:0910,60.33,81.15,19.59,3.38,5.03,0.0
20231116:1010,49.78,69.56,20.54,3.51,4.69,0.0
20231116:1110,176.12,202.12,19.01,3.57,4.41,0.0
20231116:1210,157.49,182.57,15.15,3.48,4.07,0.0
20231116:1310,360.26,395.37,9.34,3.34,3.52,0.0
20231116:1410,0.0,2.68,2.02,3.17,3.1,0.0
20231116:1510,0.0,0.0,0.0,2.97,2.97,0.0
20231116:1610,0.0,0.0,0.0,2.62,1.79,0.0
20231116:1710,0.0,0.0,0.0,2.43,1.24,0.0
20231116:1810,0.0,0.0,0.0,1.98,0.69,0.0
20231116:1910,0.0,0.0,0.0,1.18,1.17,0.0
20231116:2010,0.0,0.0,0.0,0.34,1.38,0.0
20231116:2110,0.0,0.0,0.0,0.12,1.59,0.0
20231116:2210,0.0,0.0,0.0,-0.11,1.86,0.0
20231116:2310,0.0,0.0,0.0,-0.15,2.14,0.0
20231117:0010,0.0,0.0,0.0,0.25,2.34,0.0
20231117:0110,0.0,0.0,0.0,0.2,2.62,0.0
20231117:0210,0.0,0.0,0.0,0.3,2.76,0.0
20231117:0310,0.0,0.0,0.0,0.71,2.83,0.0
20231117:0410,0.0,0.0,0.0,0.93,2.83,0.0
20231117:0510,0.0,0.0,0.0,1.08,3.1,0.0
20231117:0610,0.8,7.38,3.63,1.2,3.31,0.0
20231117:0710,29.83,46.37,10.62,0.83,3.79,0.0
20231117:0810,65.77,86.32,16.0,1.32,4.14,0.0
20231117:0910,170.64,195.22,19.34,1.95,4.34,0.0
20231117:1010,263.11,290.25,20.29,2.49,4.48,0.0
20231117:1110,143.21,167.75,18.77,2.84,4.55,0.0
20231117:1210,126.37,150.06,14.93,2.98,4.55,0.0
20231117:1310,127.2,150.8,9.14,2.79,4.07,0.0
20231117:1410,0.0,1.78,1.84,2.23,4.41,0.0
20231117:1510,0.0,0.0,0.0,1.81,4.41,0.0
20231117:1610,0.0,0.0,0.0,1.55,4.55,0.0
20231117:1710,0.0,0.0,0.0,1.35,4.48,0.0
20231117:1810,0.0,0.0,0.0,1.23,4.41,0.0
20231117:1910,0.0,0.0,0.0,0.88,4.34,0.0
20231117:2010,0.0,0.0,0.0,0.86,4.34,0.0
20231117:2110,0.0,0.0,0.0,0.82,4.34,0.0
20231117:2210,0.0,0.0,0.0,0.81,4.14,0.0
20231117:2310,0.0,0.0,0.0,0.82,4.14,0.0
20231118:0010,0.0,0.0,0.0,0.82,3.86,0.0
20231118:0110,0.0,0.0,0.0,0.87,3.72,0.0
20231118:0210,0.0,0.0,0.0,0.82,3.52,0.0
20231118:0310,0.0,0.0,0.0,0.86,3.45,0.0
20231118:0410,0.0,0.0,0.0,0.88,3.45,0.0
20231118:0510,0.0,0.0,0.0,0.92,3.38,0.0
20231118:0610,0.0,2.46,3.4,0.99,3.31,0.0
20231118:0710,20.77,35.67,10.38,1.13,2.48,0.0
20231118:0810,27.41,43.7,15.75,1.59,2.48,0.0
20231118:0910,22.84,38.35,19.09,2.5,4.28,0.0
20231118:1010,45.06,64.21,20.05,3.11,3.93,0.0
20231118:1110,41.09,59.75,18.54,3.11,3.38,0.0
20231118:1210,57.05,77.54,14.72,3.37,3.1,0.0
20231118:1310,117.28,141.01,8.95,3.25,2.83,0.0
20231118:1410,0.0,0.89,1.67,2.84,2.55,0.0
20231118:1510,0.0,0.0,0.0,2.35,2.48,0.0
20231118:1610,0.0,0.0,0.0,2.04,2.48,0.0
20231118:1710,0.0,0.0,0.0,1.86,2.34,0.0
20231118:1810,0.0,0.0,0.0,1.54,2.07,0.0
20231118:1910,0.0,0.0,0.0,1.08,2.07,0.0
20231118:2010,0.0,0.0,0.0,0.91,1.79,0.0
20231118:2110,0.0,0.0,0.0,0.69,1.66,0.0
20231118:2210,0.0,0.0,0.0,0.46,1.45,0.0
20231118:2310,0.0,0.0,0.0,0.38,1.45,0.0
20231119:0010,0.0,0.0,0.0,0.21,1.59,0.0
20231119:0110,0.0,0.0,0.0,-0.15,1.59,0.0
20231119:0210,0.0,0.0,0.0,-0.43,1.45,0.0
20231119:0310,0.0,0.0,0.0,-0.46,1.52,0.0
20231119:0410,0.0,0.0,0.0,-0.95,1.72,0.0
20231119:0510,0.0,0.0,0.0,-1.44,1.72,0.0
20231119:0610,1.24,8.2,3.17,-1.79,1.93,0.0
20231119:0710,82.98,103.6,10.14,-0.43,1.59,0.0
20231119:0810,388.35,421.83,15.51,0.6,1.86,0.0
20231119:0910,506.28,551.73,18.85,1.31,2.14,0.0
20231119:1010,53.34,73.13,19.82,1.81,2.55,0.0
20231119:1110,85.01,107.29,18.32,2.09,2.76,0.0
20231119:1210,142.79,166.68,14.52,2.03,2.76,0.0
20231119:1310,93.1,115.04,8.77,1.92,2.83,0.0
20231119:1410,0.0,0.89,1.51,1.61,2.41,0.0
20231119:1510,0.0,0.0,0.0,0.96,2.34,0.0
20231119:1610,0.0,0.0,0.0,0.13,2.41,0.0
20231119:1710,0.0,0.0,0.0,-0.28,2.41,0.0
20231119:1810,0.0,0.0,0.0,-0.48,2.76,0.0
20231119:1910,0.0,0.0,0.0,-0.41,2.76,0.0
20231119:2010,0.0,0.0,0.0,-0.58,2.69,0.0
20231119:2110,0.0,0.0,0.0,-0.84,2.69,0.0
20231119:2210,0.0,0.0,0.0,-1.07,2.62,0.0
20231119:2310,0.0,0.0,0.0,-1.11,2.55,0.0
20231120:0010,0.0,0.0,0.0,-1.26,2.41,0.0
20231120:0110,0.0,0.0,0.0,-1.28,2.48,0.0
20231120:0210,0.0,0.0,0.0,-1.2,2.69,0.0
20231120:0310,0.0,0.0,0.0,-1.08,2.9,0.0
20231120:0410,0.0,0.0,0.0,-1.02,2.83,0.0
20231120:0510,0.0,0.0,0.0,-1.05,2.83,0.0
20231120:0610,0.0,1.64,2.94,-1.1,3.17,0.0
20231120:0710,70.89,90.53,9.91,-0.93,3.24,0.0
20231120:0810,40.2,57.97,15.27,-0.36,3.24,0.0
20231120:0910,20.85,35.67,18.61,0.39,3.17,0.0
20231120:1010,34.42,51.72,19.59,1.07,3.17,0.0
20231120:1110,15.73,29.43,18.11,1.3,2.83,0.0
20231120:1210,8.98,20.51,14.32,1.38,3.03,0.0
20231120:1310,1.57,8.92,8.59,1.09,2.83,0.0
20231120:1410,0.0,0.89,1.35,0.71,2.83,0.0
20231120:1510,0.0,0.0,0.0,0.4,2.83,0.0
20231120:1610,0.0,0.0,0.0,0.05,2.83,0.0
20231120:1710,0.0,0.0,0.0,-0.06,2.97,0.0
20231120:1810,0.0,0.0,0.0,-0.19,3.03,0.0
20231120:1910,0.0,0.0,0.0,-0.42,2.76,0.0
20231120:2010,0.0,0.0,0.0,-0.75,2.48,0.0
20231120:2110,0.0,0.0,0.0,-0.77,2.55,0.0
20231120:2210,0.0,0.0,0.0,-0.8,2.55,0.0
20231120:2310,0.0,0.0,0.0,-0.86,2.55,0.0
20231121:0010,0.0,0.0,0.0,-0.95,2.62,0.0
20231121:0110,0.0,0.0,0.0,-1.01,2.76,0.0
20231121:0210,0.0,0.0,0.0,-1.03,2.83,0.0
20231121:0310,0.0,0.0,0.0,-1.08,2.83,0.0
20231121:0410,0.0,0.0,0.0,-1.15,2.83,0.0
20231121:0510,0.0,0.0,0.0,-1.19,2.9,0.0
20231121:0610,0.0,4.1,2.72,-1.15,2.83,0.0
20231121:0710,30.83,47.21,9.68,-0.6,2.62,0.0
20231121:0810,41.76,59.75,15.04,-0.26,2.69,0.0
20231121:0910,20.14,34.78,18.38,0.22,2.83,0.0
20231121:1010,23.8,39.24,19.36,0.51,2.83,0.0
20231121:1110,10.32,22.29,17.9,0.61,3.45,0.0
20231121:1210,13.71,26.75,14.13,0.43,3.17,0.0
20231121:1310,11.68,24.08,8.42,0.21,3.52,0.0
20231121:1410,0.0,0.0,0.0,-0.08,3.59,0.0
20231121:1510,0.0,0.0,0.0,-0.35,3.59,0.0
20231121:1610,0.0,0.0,0.0,-0.65,3.66,0.0
20231121:1710,0.0,0.0,0.0,-0.96,3.72,0.0
20231121:1810,0.0,0.0,0.0,-1.31,3.86,0.0
20231121:1910,0.0,0.0,0.0,-1.64,3.66,0.0
20231121:2010,0.0,0.0,0.0,-1.88,3.72,0.0
20231121:2110,0.0,0.0,0.0,-2.03,3.38,0.0
20231121:2210,0.0,0.0,0.0,-2.14,3.17,0.0
20231121:2310,0.0,0.0,0.0,-2.27,3.24,0.0
20231122:0010,0.0,0.0,0.0,-2.43,3.24,0.0
20231122:0110,0.0,0.0,0.0,-2.55,3.52,0.0
20231122:0210,0.0,0.0,0.0,-2.69,3.52,0.0
20231122:0310,0.0,0.0,0.0,-2.91,3.66,0.0
20231122:0410,0.0,0.0,0.0,-3.15,3.59,0.0
20231122:0510,0.0,0.0,0.0,-3.42,3.66,0.0
20231122:0610,0.0,3.28,2.5,-3.81,3.45,0.0
20231122:0710,24.4,39.24,9.46,-4.33,3.31,0.0
20231122:0810,49.16,66.88,14.81,-4.25,3.52,0.0
20231122:0910,54.07,72.23,18.15,-3.99,3.52,0.0
20231122:1010,62.35,81.15,19.15,-3.73,3.38,0.0
20231122:1110,31.26,47.26,17.69,-3.47,3.52,0.0
20231122:1210,8.58,19.62,13.95,-3.46,3.52,0.0
20231122:1310,5.46,15.16,8.26,-3.62,3.17,0.0
20231122:1410,0.0,0.0,0.0,-3.85,2.83,0.0
20231122:1510,0.0,0.0,0.0,-4.13,2.48,0.0
20231122:1610,0.0,0.0,0.0,-4.31,2.55,0.0
20231122:1710,0.0,0.0,0.0,-4.53,2.69,0.0
20231122:1810,0.0,0.0,0.0,-4.71,2.41,0.0
20231122:1910,0.0,0.0,0.0,-4.98,1.93,0.0
20231122:2010,0.0,0.0,0.0,-5.64,1.72,0.0
20231122:2110,0.0,0.0,0.0,-6.17,1.79,0.0
20231122:2210,0.0,0.0,0.0,-6.51,1.93,0.0
20231122:2310,0.0,0.0,0.0,-7.47,2.0,0.0
20231123:0010,0.0,0.0,0.0,-7.89,2.14,0.0
20231123:0110,0.0,0.0,0.0,-7.67,2.34,0.0
20231123:0210,0.0,0.0,0.0,-7.15,2.83,0.0
20231123:0310,0.0,0.0,0.0,-6.65,3.1,0.0
20231123:0410,0.0,0.0,0.0,-6.5,3.24,0.0
20231123:0510,0.0,0.0,0.0,-6.19,3.52,0.0
20231123:0610,0.0,3.28,2.28,-5.89,4.07,0.0
20231123:0710,23.69,38.35,9.23,-4.63,4.69,0.0
20231123:0810,43.32,60.64,14.59,-3.51,5.66,0.0
20231123:0910,32.68,49.05,17.93,-2.3,5.86,0.0
20231123:1010,38.04,55.29,18.93,-1.34,5.17,0.0
20231123:1110,49.09,67.78,17.5,-0.06,7.24,0.0
20231123:1210,26.05,41.91,13.77,0.88,7.72,0.0
20231123:1310,7.72,18.73,8.1,1.36,7.86,0.0
20231123:1410,0.0,0.0,0.0,1.91,7.93,0.0
20231123:1510,0.0,0.0,0.0,2.33,8.21,0.0
20231123:1610,0.0,0.0,0.0,2.62,8.48,0.0
20231123:1710,0.0,0.0,0.0,2.91,8.55,0.0
20231123:1810,0.0,0.0,0.0,3.01,8.62,0.0
20231123:1910,0.0,0.0,0.0,3.32,9.17,0.0
20231123:2010,0.0,0.0,0.0,3.4,9.03,0.0
20231123:2110,0.0,0.0,0.0,3.51,9.03,0.0
20231123:2210,0.0,0.0,0.0,3.64,9.38,0.0
20231123:2310,0.0,0.0,0.0,3.76,9.59,0.0
20231124:0010,0.0,0.0,0.0,3.78,9.38,0.0
20231124:0110,0.0,0.0,0.0,3.58,8.76,0.0
20231124:0210,0.0,0.0,0.0,3.72,8.14,0.0
20231124:0310,0.0,0.0,0.0,3.87,7.52,0.0
20231124:0410,0.0,0.0,0.0,4.0,7.24,0.0
20231124:0510,0.0,0.0,0.0,4.04,7.52,0.0
20231124:0610,0.78,7.38,2.07,3.36,6.9,0.0
20231124:0710,151.22,175.04,9.02,3.22,6.83,0.0
20231124:0810,556.46,596.67,14.37,3.5,7.03,0.0
20231124:0910,701.05,756.67,17.71,3.6,6.83,0.0
20231124:1010,296.38,324.15,18.73,3.7,6.9,0.0
20231124:1110,385.75,417.09,17.31,4.03,6.76,0.0
20231124:1210,51.62,71.55,13.6,3.95,6.76,0.0
20231124:1310,199.88,225.71,7.95,3.53,5.93,0.0
20231124:1410,0.0,0.0,0.0,2.69,5.03,0.0
20231124:1510,0.0,0.0,0.0,1.65,4.62,0.0
20231124:1610,0.0,0.0,0.0,1.07,4.48,0.0
20231124:1710,0.0,0.0,0.0,0.65,4.41,0.0
20231124:1810,0.0,0.0,0.0,0.24,4.34,0.0
20231124:1910,0.0,0.0,0.0,-0.24,4.0,0.0
20231124:2010,0.0,0.0,0.0,-0.7,3.86,0.0
20231124:2110,0.0,0.0,0.0,-1.1,3.52,0.0
20231124:2210,0.0,0.0,0.0,-1.51,3.1,0.0
20231124:2310,0.0,0.0,0.0,-1.84,2.76,0.0
20231125:0010,0.0,0.0,0.0,-2.24,2.69,0.0
20231125:0110,0.0,0.0,0.0,-2.51,2.69,0.0
20231125:0210,0.0,0.0,0.0,-2.61,2.62,0.0
20231125:0310,0.0,0.0,0.0,-2.58,2.69,0.0
20231125:0410,0.0,0.0,0.0,-2.26,2.83,0.0
20231125:0510,0.0,0.0,0.0,-2.1,2.97,0.0
20231125:0610,0.0,2.46,1.86,-1.9,3.17,0.0
20231125:0710,86.89,106.98,8.81,-1.25,3.45,0.0
20231125:0810,128.29,150.3,14.16,-0.22,2.9,0.0
20231125:0910,190.3,214.39,17.5,0.86,3.38,0.0
20231125:1010,154.44,178.59,18.53,1.79,4.0,0.0
20231125:1110,50.88,70.45,17.13,2.18,3.72,0.0
20231125:1210,52.01,71.6,13.44,2.14,3.24,0.0
20231125:1310,7.69,18.73,7.81,1.81,2.48,0.0
20231125:1410,0.0,0.0,0.0,0.61,2.21,0.0
20231125:1510,0.0,0.0,0.0,-0.66,2.41,0.0
20231125:1610,0.0,0.0,0.0,-1.44,2.55,0.0
20231125:1710,0.0,0.0,0.0,-1.09,2.83,0.0
20231125:1810,0.0,0.0,0.0,-1.06,2.76,0.0
20231125:1910,0.0,0.0,0.0,-0.76,2.69,0.0
20231125:2010,0.0,0.0,0.0,-0.64,2.55,0.0
20231125:2110,0.0,0.0,0.0,-0.8,2.07,0.0
20231125:2210,0.0,0.0,0.0,-0.72,2.28,0.0
20231125:2310,0.0,0.0,0.0,-0.69,2.76,0.0
20231126:0010,0.0,0.0,0.0,-0.78,3.24,0.0
20231126:0110,0.0,0.0,0.0,-0.82,3.38,0.0
20231126:0210,0.0,0.0,0.0,-0.93,3.1,0.0
20231126:0310,0.0,0.0,0.0,-1.03,2.9,0.0
20231126:0410,0.0,0.0,0.0,-1.13,2.83,0.0
20231126:0510,0.0,0.0,0.0,-1.16,3.03,0.0
20231126:0610,0.0,4.92,1.66,-1.2,2.97,0.0
20231126:0710,9.12,20.51,8.6,-1.3,4.9,0.0
20231126:0810,45.24,63.32,13.95,-1.2,5.03,0.0
20231126:0910,137.01,158.79,17.3,-0.84,4.62,0.0
20231126:1010,333.9,357.83,18.34,-0.7,4.69,0.0
20231126:1110,148.43,170.23,16.95,-0.81,4.76,0.0
20231126:1210,97.48,117.9,13.28,-1.36,5.24,0.0
20231126:1310,124.95,145.28,7.67,-1.96,5.45,0.0
20231126:1410,0.0,0.0,0.0,-2.43,5.38,0.0
20231126:1510,0.0,0.0,0.0,-2.68,4.34,0.0
20231126:1610,0.0,0.0,0.0,-2.57,3.66,0.0
20231126:1710,0.0,0.0,0.0,-2.36,3.45,0.0
20231126:1810,0.0,0.0,0.0,-2.04,4.48,0.0
20231126:1910,0.0,0.0,0.0,-1.48,5.72,0.0
20231126:2010,0.0,0.0,0.0,-1.49,5.86,0.0
20231126:2110,0.0,0.0,0.0,-1.56,4.97,0.0
20231126:2210,0.0,0.0,0.0,-1.73,4.14,0.0
20231126:2310,0.0,0.0,0.0,-1.98,4.76,0.0
20231127:0010,0.0,0.0,0.0,-2.13,4.28,0.0
20231127:0110,0.0,0.0,0.0,-2.25,4.28,0.0
20231127:0210,0.0,0.0,0.0,-2.42,4.83,0.0
20231127:0310,0.0,0.0,0.0,-2.73,4.48,0.0
20231127:0410,0.0,0.0,0.0,-3.19,4.48,0.0
20231127:0510,0.0,0.0,0.0,-3.44,4.0,0.0
20231127:0610,0.0,0.82,1.46,-3.66,3.86,0.0
20231127:0710,57.26,75.07,8.4,-4.21,3.72,0.0
20231127:0810,225.98,244.3,13.75,-4.29,4.34,0.0
20231127:0910,230.31,249.5,17.1,-3.66,4.69,0.0
20231127:1010,212.15,231.84,18.15,-3.25,5.24,0.0
20231127:1110,162.69,182.78,16.78,-2.92,5.45,0.0
20231127:1210,153.92,173.7,13.13,-2.65,5.93,0.0
20231127:1310,7.9,18.73,7.54,-2.62,4.76,0.0
20231127:1410,0.0,0.0,0.0,-2.97,4.21,0.0
20231127:1510,0.0,0.0,0.0,-3.38,3.72,0.0
20231127:1610,0.0,0.0,0.0,-3.54,3.45,0.0
20231127:1710,0.0,0.0,0.0,-3.76,3.17,0.0
20231127:1810,0.0,0.0,0.0,-3.89,3.03,0.0
20231127:1910,0.0,0.0,0.0,-3.36,3.72,0.0
20231127:2010,0.0,0.0,0.0,-3.27,3.24,0.0
20231127:2110,0.0,0.0,0.0,-3.36,3.24,0.0
20231127:2210,0.0,0.0,0.0,-3.05,3.59,0.0
20231127:2310,0.0,0.0,0.0,-2.79,3.93,0.0
20231128:0010,0.0,0.0,0.0,-2.72,3.66,0.0
20231128:0110,0.0,0.0,0.0,-2.93,3.03,0.0
20231128:0210,0.0,0.0,0.0,-3.02,2.55,0.0
20231128:0310,0.0,0.0,0.0,-3.34,2.07,0.0
20231128:0410,0.0,0.0,0.0,-4.01,1.72,0.0
20231128:0510,0.0,0.0,0.0,-4.46,1.79,0.0
20231128:0610,0.0,0.0,0.0,-4.7,2.14,0.0
20231128:0710,7.97,18.73,8.2,-4.28,2.14,0.0
20231128:0810,55.07,73.43,13.55,-3.27,2.76,0.0
20231128:0910,47.91,65.99,16.91,-2.43,3.38,0.0
20231128:1010,28.69,44.59,17.97,-1.92,3.59,0.0
20231128:1110,43.71,61.53,16.62,-1.78,3.59,0.0
20231128:1210,19.59,33.89,12.99,-1.54,3.79,0.0
20231128:1310,17.39,31.21,7.41,-1.36,3.52,0.0
20231128:1410,0.0,0.0,0.0,-1.34,4.0,0.0
20231128:1510,0.0,0.0,0.0,-1.19,3.72,0.0
20231128:1610,0.0,0.0,0.0,-1.02,3.52,0.0
20231128:1710,0.0,0.0,0.0,-0.88,3.52,0.0
20231128:1810,0.0,0.0,0.0,-0.75,3.52,0.0
20231128:1910,0.0,0.0,0.0,-1.27,3.31,0.0
20231128:2010,0.0,0.0,0.0,-1.27,3.03,0.0
20231128:2110,0.0,0.0,0.0,-1.3,2.41,0.0
20231128:2210,0.0,0.0,0.0,-1.46,2.07,0.0
20231128:2310,0.0,0.0,0.0,-1.61,2.07,0.0
20231129:0010,0.0,0.0,0.0,-1.8,2.28,0.0
20231129:0110,0.0,0.0,0.0,-2.0,2.55,0.0
20231129:0210,0.0,0.0,0.0,-2.22,2.76,0.0
20231129:0310,0.0,0.0,0.0,-2.53,3.45,0.0
20231129:0410,0.0,0.0,0.0,-2.91,4.34,0.0
20231129:0510,0.0,0.0,0.0,-3.38,5.03,0.0
20231129:0610,0.0,0.0,0.0,-3.85,5.38,0.0
20231129:0710,12.67,24.97,8.01,-4.33,5.31,0.0
20231129:0810,41.07,57.97,13.36,-4.49,5.31,0.0
20231129:0910,25.97,41.02,16.73,-4.39,5.79,0.0
20231129:1010,21.39,35.67,17.8,-4.32,6.0,0.0
20231129:1110,25.97,41.02,16.46,-4.4,5.93,0.0
20231129:1210,16.99,30.32,12.85,-4.78,5.93,0.0
20231129:1310,5.52,15.16,7.3,-5.3,5.93,0.0
20231129:1410,0.0,0.0,0.0,-5.62,5.72,0.0
20231129:1510,0.0,0.0,0.0,-5.63,5.52,0.0
20231129:1610,0.0,0.0,0.0,-5.31,5.38,0.0
20231129:1710,0.0,0.0,0.0,-5.01,5.24,0.0
20231129:1810,0.0,0.0,0.0,-4.97,5.03,0.0
20231129:1910,0.0,0.0,0.0,-4.66,5.17,0.0
20231129:2010,0.0,0.0,0.0,-4.66,4.9,0.0
20231129:2110,0.0,0.0,0.0,-4.7,4.62,0.0
20231129:2210,0.0,0.0,0.0,-5.06,4.21,0.0
20231129:2310,0.0,0.0,0.0,-5.44,3.93,0.0
20231130:0010,0.0,0.0,0.0,-5.91,3.72,0.0
20231130:0110,0.0,0.0,0.0,-6.77,3.45,0.0
20231130:0210,0.0,0.0,0.0,-7.4,3.52,0.0
20231130:0310,0.0,0.0,0.0,-7.94,3.72,0.0
20231130:0410,0.0,0.0,0.0,-7.83,3.86,0.0
20231130:0510,0.0,0.0,0.0,-7.51,3.93,0.0
20231130:0610,0.0,0.0,0.0,-7.27,3.93,0.0
20231130:0710,15.66,28.54,7.82,-6.38,3.86,0.0
20231130:0810,37.13,53.51,13.18,-5.18,4.14,0.0
20231130:0910,22.81,37.45,16.55,-3.69,4.41,0.0
20231130:1010,64.55,83.83,17.63,-2.59,3.86,0.0
20231130:1110,9.14,20.51,16.31,-1.77,3.66,0.0
20231130:1210,9.78,21.4,12.72,-1.31,4.07,0.0
20231130:1310,5.37,15.16,7.19,-1.04,3.72,0.0
20231130:1410,0.0,0.0,0.0,-1.33,3.45,0.0
20231130:1510,0.0,0.0,0.0,-1.74,3.45,0.0
20231130:1610,0.0,0.0,0.0,-2.16,3.72,0.0
20231130:1710,0.0,0.0,0.0,-2.31,3.86,0.0
20231130:1810,0.0,0.0,0.0,-2.25,3.72,0.0
20231130:1910,0.0,0.0,0.0,-1.58,3.45,0.0
20231130:2010,0.0,0.0,0.0,-1.77,3.03,0.0
20231130:2110,0.0,0.0,0.0,-1.79,2.55,0.0
20231130:2210,0.0,0.0,0.0,-1.97,2.21,0.0
20231130:2310,0.0,0.0,0.0,-2.09,1.79,0.0
20231201:0010,0.0,0.0,0.0,-2.51,1.38,0.0
20231201:0110,0.0,0.0,0.0,-2.84,1.03,0.0
20231201:0210,0.0,0.0,0.0,-2.81,0.9,0.0
20231201:0310,0.0,0.0,0.0,-3.07,1.03,0.0
20231201:0410,0.0,0.0,0.0,-3.4,1.1,0.0
20231201:0510,0.0,0.0,0.0,-3.25,0.97,0.0
20231201:0610,0.0,0.0,0.0,-3.04,0.83,0.0
20231201:0710,17.6,31.21,7.64,-3.78,1.38,0.0
20231201:0810,49.24,67.29,13.0,-2.99,1.38,0.0
20231201:0910,51.72,70.45,16.38,-1.7,1.45,0.0
20231201:1010,209.59,233.29,17.47,-1.31,1.38,0.0
20231201:1110,27.75,43.7,16.17,-1.0,1.38,0.0
20231201:1210,33.15,49.94,12.6,-0.93,1.38,0.0
20231201:1310,9.1,20.51,7.08,-1.12,1.24,0.0
20231201:1410,0.0,0.0,0.0,-1.52,1.03,0.0
20231201:1510,0.0,0.0,0.0,-2.03,0.97,0.0
20231201:1610,0.0,0.0,0.0,-2.6,1.1,0.0
20231201:1710,0.0,0.0,0.0,-2.8,0.83,0.0
20231201:1810,0.0,0.0,0.0,-2.82,0.69,0.0
20231201:1910,0.0,0.0,0.0,-2.99,0.83,0.0
20231201:2010,0.0,0.0,0.0,-2.51,0.48,0.0
20231201:2110,0.0,0.0,0.0,-2.7,0.62,0.0
20231201:2210,0.0,0.0,0.0,-3.54,0.97,0.0
20231201:2310,0.0,0.0,0.0,-3.74,1.03,0.0
20231202:0010,0.0,0.0,0.0,-3.83,1.31,0.0
20231202:0110,0.0,0.0,0.0,-3.84,1.45,0.0
20231202:0210,0.0,0.0,0.0,-3.61,1.52,0.0
20231202:0310,0.0,0.0,0.0,-3.34,1.66,0.0
20231202:0410,0.0,0.0,0.0,-3.1,1.86,0.0
20231202:0510,0.0,0.0,0.0,-2.92,2.14,0.0
20231202:0610,0.0,0.0,0.0,-2.79,2.34,0.0
20231202:0710,6.02,16.05,7.46,-2.42,2.83,0.0
20231202:0810,9.16,20.51,12.83,-2.02,3.17,0.0
20231202:0910,21.82,36.56,16.21,-1.65,3.66,0.0
20231202:1010,10.44,22.29,17.32,-1.39,4.55,0.0
20231202:1110,15.26,28.54,16.03,-1.41,4.28,0.0
20231202:1210,5.39,15.16,12.48,-1.5,4.41,0.0
20231202:1310,0.72,7.13,6.99,-1.6,4.76,0.0
20231202:1410,0.0,0.0,0.0,-1.69,4.83,0.0
20231202:1510,0.0,0.0,0.0,-1.72,4.76,0.0
20231202:1610,0.0,0.0,0.0,-1.72,4.69,0.0
20231202:1710,0.0,0.0,0.0,-1.72,4.48,0.0
20231202:1810,0.0,0.0,0.0,-1.69,4.34,0.0
20231202:1910,0.0,0.0,0.0,-1.84,4.21,0.0
20231202:2010,0.0,0.0,0.0,-1.72,3.93,0.0
20231202:2110,0.0,0.0,0.0,-1.58,3.59,0.0
20231202:2210,0.0,0.0,0.0,-1.42,3.17,0.0
20231202:2310,0.0,0.0,0.0,-1.39,3.38,0.0
20231203:0010,0.0,0.0,0.0,-1.34,2.69,0.0
20231203:0110,0.0,0.0,0.0,-1.47,2.55,0.0
20231203:0210,0.0,0.0,0.0,-2.18,4.34,0.0
20231203:0310,0.0,0.0,0.0,-3.17,5.52,0.0
20231203:0410,0.0,0.0,0.0,-3.84,6.21,0.0
20231203:0510,0.0,0.0,0.0,-4.14,6.41,0.0
20231203:0610,0.0,0.0,0.0,-4.32,6.14,0.0
20231203:0710,13.35,25.86,7.29,-3.96,5.93,0.0
20231203:0810,34.48,50.83,12.66,-3.61,5.79,0.0
20231203:0910,24.27,39.24,16.05,-3.08,5.59,0.0
20231203:1010,29.6,45.48,17.17,-2.72,4.62,0.0
20231203:1110,25.74,41.02,15.9,-2.71,4.48,0.0
20231203:1210,5.43,15.16,12.37,-2.69,4.41,0.0
20231203:1310,2.12,9.81,6.9,-2.78,4.28,0.0
20231203:1410,0.0,0.0,0.0,-2.94,4.07,0.0
20231203:1510,0.0,0.0,0.0,-3.17,3.93,0.0
20231203:1610,0.0,0.0,0.0,-3.18,3.72,0.0
20231203:1710,0.0,0.0,0.0,-3.1,3.59,0.0
20231203:1810,0.0,0.0,0.0,-2.84,3.79,0.0
20231203:1910,0.0,0.0,0.0,-2.56,3.72,0.0
20231203:2010,0.0,0.0,0.0,-2.51,3.52,0.0
20231203:2110,0.0,0.0,0.0,-2.43,3.45,0.0
20231203:2210,0.0,0.0,0.0,-2.29,3.79,0.0
20231203:2310,0.0,0.0,0.0,-2.24,4.21,0.0
20231204:0010,0.0,0.0,0.0,-2.61,4.34,0.0
20231204:0110,0.0,0.0,0.0,-3.2,4.34,0.0
20231204:0210,0.0,0.0,0.0,-3.8,4.48,0.0
20231204:0310,0.0,0.0,0.0,-4.12,4.28,0.0
20231204:0410,0.0,0.0,0.0,-4.24,4.21,0.0
20231204:0510,0.0,0.0,0.0,-4.14,4.21,0.0
20231204:0610,0.0,0.0,0.0,-4.05,4.28,0.0
20231204:0710,24.03,38.76,7.13,-3.85,4.41,0.0
20231204:0810,42.52,59.75,12.5,-3.7,4.55,0.0
20231204:0910,11.92,24.08,15.9,-3.44,4.76,0.0
20231204:1010,16.13,29.43,17.03,-3.3,5.31,0.0
20231204:1110,22.76,37.45,15.78,-3.24,4.83,0.0
20231204:1210,14.7,27.65,12.27,-3.29,3.93,0.0
20231204:1310,3.72,12.48,6.81,-3.46,3.86,0.0
20231204:1410,0.0,0.0,0.0,-3.92,3.52,0.0
20231204:1510,0.0,0.0,0.0,-4.36,3.38,0.0
20231204:1610,0.0,0.0,0.0,-4.72,3.24,0.0
20231204:1710,0.0,0.0,0.0,-5.1,2.9,0.0
20231204:1810,0.0,0.0,0.0,-5.86,2.55,0.0
20231204:1910,0.0,0.0,0.0,-6.83,2.48,0.0
20231204:2010,0.0,0.0,0.0,-8.22,2.41,0.0
20231204:2110,0.0,0.0,0.0,-9.35,2.41,0.0
20231204:2210,0.0,0.0,0.0,-10.38,2.55,0.0
20231204:2310,0.0,0.0,0.0,-10.79,2.34,0.0
20231205:0010,0.0,0.0,0.0,-10.92,2.14,0.0
20231205:0110,0.0,0.0,0.0,-10.92,2.14,0.0
20231205:0210,0.0,0.0,0.0,-10.67,2.28,0.0
20231205:0310,0.0,0.0,0.0,-10.41,2.34,0.0
20231205:0410,0.0,0.0,0.0,-10.06,2.48,0.0
20231205:0510,0.0,0.0,0.0,-9.63,2.69,0.0
20231205:0610,0.0,0.0,0.0,-8.75,2.83,0.0
20231205:0710,13.6,25.86,6.97,-7.57,2.97,0.0
20231205:0810,20.83,34.78,12.34,-6.36,3.03,0.0
20231205:0910,64.58,83.03,15.76,-4.95,2.97,0.0
20231205:1010,32.12,48.16,16.9,-3.98,3.03,0.0
20231205:1110,16.1,29.43,15.67,-3.1,3.17,0.0
20231205:1210,8.53,19.62,12.18,-2.45,3.38,0.0
20231205:1310,66.38,85.2,6.74,-2.24,3.17,0.0
20231205:1410,0.0,0.0,0.0,-2.06,3.17,0.0
20231205:1510,0.0,0.0,0.0,-2.02,3.17,0.0
20231205:1610,0.0,0.0,0.0,-1.96,3.03,0.0
20231205:1710,0.0,0.0,0.0,-1.93,2.76,0.0
20231205:1810,0.0,0.0,0.0,-1.94,2.41,0.0
20231205:1910,0.0,0.0,0.0,-2.17,2.0,0.0
20231205:2010,0.0,0.0,0.0,-2.41,2.07,0.0
20231205:2110,0.0,0.0,0.0,-2.74,1.93,0.0
20231205:2210,0.0,0.0,0.0,-3.25,1.86,0.0
20231205:2310,0.0,0.0,0.0,-3.56,1.79,0.0
20231206:0010,0.0,0.0,0.0,-4.3,1.93,0.0
20231206:0110,0.0,0.0,0.0,-5.1,2.07,0.0
20231206:0210,0.0,0.0,0.0,-5.48,2.07,0.0
20231206:0310,0.0,0.0,0.0,-5.34,1.93,0.0
20231206:0410,0.0,0.0,0.0,-6.07,2.14,0.0
20231206:0510,0.0,0.0,0.0,-6.18,2.07,0.0
20231206:0610,0.0,0.0,0.0,-6.03,2.07,0.0
20231206:0710,8.05,18.73,6.82,-6.06,2.07,0.0
20231206:0810,36.29,52.62,12.19,-5.33,1.93,0.0
20231206:0910,44.28,61.53,15.62,-4.67,2.14,0.0
20231206:1010,17.64,31.21,16.78,-4.23,2.21,0.0
20231206:1110,13.3,25.86,15.56,-3.57,2.14,0.0
20231206:1210,9.86,21.4,12.09,-2.99,2.28,0.0
20231206:1310,59.91,78.33,6.67,-2.62,2.41,0.0
20231206:1410,0.0,0.0,0.0,-2.05,2.76,0.0
20231206:1510,0.0,0.0,0.0,-1.54,3.03,0.0
20231206:1610,0.0,0.0,0.0,-0.91,3.24,0.0
20231206:1710,0.0,0.0,0.0,-0.69,3.52,0.0
20231206:1810,0.0,0.0,0.0,-0.6,3.86,0.0
20231206:1910,0.0,0.0,0.0,-1.05,4.21,0.0
20231206:2010,0.0,0.0,0.0,-1.14,4.28,0.0
20231206:2110,0.0,0.0,0.0,-1.23,4.34,0.0
20231206:2210,0.0,0.0,0.0,-1.37,4.34,0.0
20231206:2310,0.0,0.0,0.0,-1.48,4.34,0.0
20231207:0010,0.0,0.0,0.0,-1.74,4.34,0.0
20231207:0110,0.0,0.0,0.0,-2.1,4.41,0.0
20231207:0210,0.0,0.0,0.0,-2.56,4.41,0.0
20231207:0310,0.0,0.0,0.0,-3.01,4.41,0.0
20231207:0410,0.0,0.0,0.0,-3.47,4.34,0.0
20231207:0510,0.0,0.0,0.0,-3.89,4.34,0.0
20231207:0610,0.0,0.0,0.0,-4.24,4.34,0.0
20231207:0710,126.05,145.02,6.67,-4.35,4.21,0.0
20231207:0810,48.37,65.79,12.05,-4.59,4.48,0.0
20231207:0910,18.43,32.1,15.49,-4.65,4.48,0.0
20231207:1010,36.21,52.62,16.66,-4.51,4.34,0.0
20231207:1110,62.83,81.3,15.46,-4.39,4.07,0.0
20231207:1210,29.84,45.48,12.01,-4.45,3.59,0.0
20231207:1310,46.88,63.89,6.61,-4.64,3.24,0.0
20231207:1410,0.0,0.0,0.0,-5.0,3.31,0.0
20231207:1510,0.0,0.0,0.0,-5.37,3.38,0.0
20231207:1610,0.0,0.0,0.0,-5.73,3.45,0.0
20231207:1710,0.0,0.0,0.0,-6.03,3.24,0.0
20231207:1810,0.0,0.0,0.0,-6.24,3.03,0.0
20231207:1910,0.0,0.0,0.0,-6.45,3.1,0.0
20231207:2010,0.0,0.0,0.0,-6.51,2.69,0.0
20231207:2110,0.0,0.0,0.0,-6.71,2.83,0.0
20231207:2210,0.0,0.0,0.0,-6.86,2.48,0.0
20231207:2310,0.0,0.0,0.0,-7.01,2.21,0.0
20231208:0010,0.0,0.0,0.0,-7.0,2.07,0.0
20231208:0110,0.0,0.0,0.0,-7.06,2.21,0.0
20231208:0210,0.0,0.0,0.0,-7.1,2.07,0.0
20231208:0310,0.0,0.0,0.0,-7.31,2.07,0.0
20231208:0410,0.0,0.0,0.0,-7.53,1.93,0.0
20231208:0510,0.0,0.0,0.0,-7.6,1.79,0.0
20231208:0610,0.0,0.0,0.0,-7.83,1.59,0.0
20231208:0710,12.9,24.97,6.53,-7.88,1.52,0.0
20231208:0810,33.41,49.05,11.92,-7.33,1.31,0.0
20231208:0910,26.14,41.02,15.36,-6.24,0.76,0.0
20231208:1010,22.95,37.45,16.55,-5.25,0.76,0.0
20231208:1110,20.65,34.78,15.37,-4.88,1.03,0.0
20231208:1210,11.99,24.08,11.94,-4.74,1.24,0.0
20231208:1310,1.66,8.92,6.55,-4.95,1.31,0.0
20231208:1410,0.0,0.0,0.0,-5.77,1.86,0.0
20231208:1510,0.0,0.0,0.0,-6.18,1.86,0.0
20231208:1610,0.0,0.0,0.0,-6.56,1.93,0.0
20231208:1710,0.0,0.0,0.0,-6.26,1.93,0.0
20231208:1810,0.0,0.0,0.0,-5.9,1.79,0.0
20231208:1910,0.0,0.0,0.0,-5.45,1.86,0.0
20231208:2010,0.0,0.0,0.0,-5.61,1.72,0.0
20231208:2110,0.0,0.0,0.0,-5.73,1.59,0.0
20231208:2210,0.0,0.0,0.0,-5.6,2.0,0.0
20231208:2310,0.0,0.0,0.0,-5.56,1.72,0.0
20231209:0010,0.0,0.0,0.0,-5.61,1.38,0.0
20231209:0110,0.0,0.0,0.0,-5.77,1.93,0.0
20231209:0210,0.0,0.0,0.0,-5.85,1.86,0.0
20231209:0310,0.0,0.0,0.0,-5.98,1.86,0.0
20231209:0410,0.0,0.0,0.0,-6.18,2.14,0.0
20231209:0510,0.0,0.0,0.0,-6.34,2.34,0.0
20231209:0610,0.0,0.0,0.0,-6.46,2.62,0.0
20231209:0710,0.76,7.13,6.39,-5.87,2.69,0.0
20231209:0810,4.93,14.27,11.79,-5.69,2.76,0.0
20231209:0910,8.67,19.62,15.24,-5.36,2.48,0.0
20231209:1010,9.97,21.4,16.45,-4.88,2.55,0.0
20231209:1110,8.62,19.62,15.29,-4.47,2.48,0.0
20231209:1210,6.7,16.94,11.87,-4.16,2.28,0.0
20231209:1310,0.74,7.13,6.51,-4.04,2.21,0.0
20231209:1410,0.0,0.0,0.0,-4.04,2.34,0.0
20231209:1510,0.0,0.0,0.0,-4.16,2.62,0.0
20231209:1610,0.0,0.0,0.0,-4.24,2.9,0.0
20231209:1710,0.0,0.0,0.0,-4.36,2.69,0.0
20231209:1810,0.0,0.0,0.0,-4.42,2.62,0.0
20231209:1910,0.0,0.0,0.0,-5.05,2.9,0.0
20231209:2010,0.0,0.0,0.0,-5.07,3.03,0.0
20231209:2110,0.0,0.0,0.0,-4.96,2.62,0.0
20231209:2210,0.0,0.0,0.0,-4.8,2.55,0.0
20231209:2310,0.0,0.0,0.0,-4.53,2.55,0.0
20231210:0010,0.0,0.0,0.0,-4.32,2.9,0.0
20231210:0110,0.0,0.0,0.0,-4.07,2.83,0.0
20231210:0210,0.0,0.0,0.0,-3.83,2.62,0.0
20231210:0310,0.0,0.0,0.0,-3.64,2.76,0.0
20231210:0410,0.0,0.0,0.0,-3.53,2.97,0.0
20231210:0510,0.0,0.0,0.0,-3.5,3.03,0.0
20231210:0610,0.0,0.0,0.0,-3.45,3.03,0.0
20231210:0710,14.71,27.65,6.26,-3.55,3.17,0.0
20231210:0810,19.77,33.89,11.67,-3.35,3.38,0.0
20231210:0910,23.47,38.35,15.13,-2.94,3.31,0.0
20231210:1010,11.86,24.08,16.35,-2.6,3.03,0.0
20231210:1110,16.75,30.32,15.21,-2.28,2.83,0.0
20231210:1210,9.81,21.4,11.81,-2.05,2.9,0.0
20231210:1310,0.72,7.13,6.47,-2.06,3.03,0.0
20231210:1410,0.0,0.0,0.0,-2.18,2.97,0.0
20231210:1510,0.0,0.0,0.0,-2.5,2.97,0.0
20231210:1610,0.0,0.0,0.0,-2.43,2.97,0.0
20231210:1710,0.0,0.0,0.0,-2.55,2.9,0.0
20231210:1810,0.0,0.0,0.0,-2.61,2.9,0.0
20231210:1910,0.0,0.0,0.0,-3.54,3.1,0.0
20231210:2010,0.0,0.0,0.0,-3.62,3.03,0.0
20231210:2110,0.0,0.0,0.0,-3.6,3.1,0.0
20231210:2210,0.0,0.0,0.0,-3.61,3.17,0.0
20231210:2310,0.0,0.0,0.0,-3.44,3.17,0.0
20231211:0010,0.0,0.0,0.0,-3.23,3.31,0.0
20231211:0110,0.0,0.0,0.0,-2.94,3.45,0.0
20231211:0210,0.0,0.0,0.0,-2.79,3.45,0.0
20231211:0310,0.0,0.0,0.0,-2.54,3.45,0.0
20231211:0410,0.0,0.0,0.0,-2.17,3.52,0.0
20231211:0510,0.0,0.0,0.0,-1.63,3.59,0.0
20231211:0610,0.0,0.0,0.0,-1.44,3.72,0.0
20231211:0710,0.71,7.13,6.14,-1.1,4.0,0.0
20231211:0810,13.78,26.75,11.55,-0.48,4.07,0.0
20231211:0910,7.77,18.73,15.03,0.16,3.93,0.0
20231211:1010,63.78,83.91,16.27,0.51,3.93,0.0
20231211:1110,50.42,69.56,15.14,0.77,3.93,0.0
20231211:1210,13.66,26.75,11.76,1.15,4.14,0.0
20231211:1310,2.55,10.7,6.43,1.29,4.21,0.0
20231211:1410,0.0,0.0,0.0,1.29,4.21,0.0
20231211:1510,0.0,0.0,0.0,1.05,4.21,0.0
20231211:1610,0.0,0.0,0.0,1.21,4.28,0.0
20231211:1710,0.0,0.0,0.0,1.38,4.21,0.0
20231211:1810,0.0,0.0,0.0,1.52,4.21,0.0
20231211:1910,0.0,0.0,0.0,1.7,4.41,0.0
20231211:2010,0.0,0.0,0.0,1.58,4.28,0.0
20231211:2110,0.0,0.0,0.0,1.24,4.07,0.0
20231211:2210,0.0,0.0,0.0,0.79,4.07,0.0
20231211:2310,0.0,0.0,0.0,0.67,4.14,0.0
20231212:0010,0.0,0.0,0.0,0.53,3.93,0.0
20231212:0110,0.0,0.0,0.0,0.56,3.66,0.0
20231212:0210,0.0,0.0,0.0,0.82,3.66,0.0
20231212:0310,0.0,0.0,0.0,1.21,3.93,0.0
20231212:0410,0.0,0.0,0.0,1.67,4.0,0.0
20231212:0510,0.0,0.0,0.0,1.81,4.0,0.0
20231212:0610,0.0,0.0,0.0,1.94,3.93,0.0
20231212:0710,3.05,11.59,6.02,2.1,3.79,0.0
20231212:0810,7.67,18.73,11.44,2.34,3.93,0.0
20231212:0910,66.19,87.08,14.93,2.58,4.0,0.0
20231212:1010,124.73,148.38,16.19,2.66,3.86,0.0
20231212:1110,274.82,302.29,15.08,2.73,3.72,0.0
20231212:1210,36.47,54.4,11.72,2.74,3.52,0.0
20231212:1310,50.46,69.56,6.41,2.64,3.38,0.0
20231212:1410,0.0,0.0,0.0,2.5,3.1,0.0
20231212:1510,0.0,0.0,0.0,2.38,2.76,0.0
20231212:1610,0.0,0.0,0.0,2.29,2.62,0.0
20231212:1710,0.0,0.0,0.0,2.21,2.62,0.0
20231212:1810,0.0,0.0,0.0,2.15,2.76,0.0
20231212:1910,0.0,0.0,0.0,2.43,3.52,0.0
20231212:2010,0.0,0.0,0.0,2.46,3.66,0.0
20231212:2110,0.0,0.0,0.0,2.38,3.24,0.0
20231212:2210,0.0,0.0,0.0,2.25,2.97,0.0
20231212:2310,0.0,0.0,0.0,2.17,2.76,0.0
20231213:0010,0.0,0.0,0.0,2.04,2.41,0.0
20231213:0110,0.0,0.0,0.0,1.96,2.34,0.0
20231213:0210,0.0,0.0,0.0,1.85,2.41,0.0
20231213:0310,0.0,0.0,0.0,1.7,2.41,0.0
20231213:0410,0.0,0.0,0.0,1.52,2.34,0.0
20231213:0510,0.0,0.0,0.0,1.07,2.34,0.0
20231213:0610,0.0,0.0,0.0,0.61,2.41,0.0
20231213:0710,10.98,23.19,5.91,0.62,2.55,0.0
20231213:0810,17.18,31.21,11.34,0.9,2.69,0.0
20231213:0910,42.11,60.64,14.84,1.94,3.03,0.0
20231213:1010,428.99,464.64,16.11,2.42,3.45,0.0
20231213:1110,82.8,104.87,15.02,2.83,3.59,0.0
20231213:1210,45.18,64.14,11.69,2.76,3.52,0.0
20231213:1310,4.68,14.27,6.39,2.58,3.59,0.0
20231213:1410,0.0,0.0,0.0,2.16,3.59,0.0
20231213:1510,0.0,0.0,0.0,1.83,3.45,0.0
20231213:1610,0.0,0.0,0.0,1.57,3.31,0.0
20231213:1710,0.0,0.0,0.0,1.42,3.31,0.0
20231213:1810,0.0,0.0,0.0,1.31,3.38,0.0
20231213:1910,0.0,0.0,0.0,1.09,3.31,0.0
20231213:2010,0.0,0.0,0.0,0.94,3.59,0.0
20231213:2110,0.0,0.0,0.0,0.82,3.59,0.0
20231213:2210,0.0,0.0,0.0,0.9,3.31,0.0
20231213:2310,0.0,0.0,0.0,0.76,2.97,0.0
20231214:0010,0.0,0.0,0.0,0.58,2.69,0.0
20231214:0110,0.0,0.0,0.0,0.52,2.48,0.0
20231214:0210,0.0,0.0,0.0,0.54,2.48,0.0
20231214:0310,0.0,0.0,0.0,0.45,2.41,0.0
20231214:0410,0.0,0.0,0.0,0.47,2.14,0.0
20231214:0510,0.0,0.0,0.0,0.44,1.86,0.0
20231214:0610,0.0,0.0,0.0,0.37,1.93,0.0
20231214:0710,36.27,53.35,5.8,0.19,2.28,0.0
20231214:0810,18.65,33.0,11.24,0.49,2.62,0.0
20231214:0910,25.27,41.02,14.76,0.8,3.1,0.0
20231214:1010,17.9,32.1,16.05,0.97,3.45,0.0
20231214:1110,17.9,32.1,14.98,0.97,3.52,0.0
20231214:1210,121.15,143.21,11.66,1.04,3.72,0.0
20231214:1310,9.65,21.4,6.38,0.99,3.79,0.0
20231214:1410,0.0,0.0,0.0,0.8,3.66,0.0
20231214:1510,0.0,0.0,0.0,0.69,3.52,0.0
20231214:1610,0.0,0.0,0.0,0.58,3.24,0.0
20231214:1710,0.0,0.0,0.0,0.49,3.17,0.0
20231214:1810,0.0,0.0,0.0,0.45,3.31,0.0
20231214:1910,0.0,0.0,0.0,0.42,2.97,0.0
20231214:2010,0.0,0.0,0.0,0.4,2.9,0.0
20231214:2110,0.0,0.0,0.0,0.38,2.83,0.0
20231214:2210,0.0,0.0,0.0,0.28,3.03,0.0
20231214:2310,0.0,0.0,0.0,0.15,3.24,0.0
20231215:0010,0.0,0.0,0.0,0.09,3.38,0.0
20231215:0110,0.0,0.0,0.0,-0.04,3.31,0.0
20231215:0210,0.0,0.0,0.0,-0.15,2.97,0.0
20231215:0310,0.0,0.0,0.0,-0.21,2.76,0.0
20231215:0410,0.0,0.0,0.0,-0.3,2.41,0.0
20231215:0510,0.0,0.0,0.0,-0.3,2.34,0.0
20231215:0610,0.0,0.0,0.0,-0.26,2.55,0.0
20231215:0710,57.46,76.44,5.71,0.1,3.1,0.0
20231215:0810,42.59,60.69,11.16,0.44,3.38,0.0
20231215:0910,40.83,58.86,14.69,0.46,3.24,0.0
20231215:1010,50.49,69.56,15.99,0.36,3.17,0.0
20231215:1110,76.7,97.37,14.94,0.11,3.59,0.0
20231215:1210,21.65,36.56,11.64,-0.13,3.52,0.0
20231215:1310,2.58,10.7,6.37,-0.52,2.83,0.0
20231215:1410,0.0,0.0,0.0,-1.38,2.28,0.0
20231215:1510,0.0,0.0,0.0,-2.18,2.34,0.0
20231215:1610,0.0,0.0,0.0,-1.87,2.62,0.0
20231215:1710,0.0,0.0,0.0,-1.27,3.1,0.0
20231215:1810,0.0,0.0,0.0,-0.83,3.31,0.0
20231215:1910,0.0,0.0,0.0,-0.63,3.38,0.0
20231215:2010,0.0,0.0,0.0,-0.59,3.24,0.0
20231215:2110,0.0,0.0,0.0,-0.38,3.31,0.0
20231215:2210,0.0,0.0,0.0,-0.12,3.52,0.0
20231215:2310,0.0,0.0,0.0,0.14,3.45,0.0
20231216:0010,0.0,0.0,0.0,0.33,3.17,0.0
20231216:0110,0.0,0.0,0.0,0.36,3.03,0.0
20231216:0210,0.0,0.0,0.0,0.55,3.31,0.0
20231216:0310,0.0,0.0,0.0,0.71,3.59,0.0
20231216:0410,0.0,0.0,0.0,0.94,3.72,0.0
20231216:0510,0.0,0.0,0.0,1.07,3.86,0.0
20231216:0610,0.0,0.0,0.0,1.14,4.0,0.0
20231216:0710,173.8,197.55,5.61,1.32,3.93,0.0
20231216:0810,18.56,33.0,11.08,1.62,4.07,0.0
20231216:0910,7.68,18.73,14.62,2.18,5.31,0.0
20231216:1010,16.35,30.32,15.94,2.43,4.76,0.0
20231216:1110,30.34,47.26,14.91,2.57,4.28,0.0
20231216:1210,41.22,59.66,11.62,2.77,4.21,0.0
20231216:1310,4.11,13.38,6.38,2.75,4.0,0.0
20231216:1410,0.0,0.0,0.0,2.7,4.14,0.0
20231216:1510,0.0,0.0,0.0,2.63,4.21,0.0
20231216:1610,0.0,0.0,0.0,2.67,4.21,0.0
20231216:1710,0.0,0.0,0.0,2.61,4.14,0.0
20231216:1810,0.0,0.0,0.0,2.64,4.07,0.0
20231216:1910,0.0,0.0,0.0,2.75,4.14,0.0
20231216:2010,0.0,0.0,0.0,2.82,3.93,0.0
20231216:2110,0.0,0.0,0.0,2.95,4.07,0.0
20231216:2210,0.0,0.0,0.0,3.17,4.55,0.0
20231216:2310,0.0,0.0,0.0,3.42,5.1,0.0
20231217:0010,0.0,0.0,0.0,3.59,5.52,0.0
20231217:0110,0.0,0.0,0.0,3.62,5.72,0.0
20231217:0210,0.0,0.0,0.0,3.65,6.07,0.0
20231217:0310,0.0,0.0,0.0,3.6,6.28,0.0
20231217:0410,0.0,0.0,0.0,3.61,6.34,0.0
20231217:0510,0.0,0.0,0.0,3.62,6.28,0.0
20231217:0610,0.0,0.0,0.0,3.68,6.28,0.0
20231217:0710,1.09,8.03,5.53,4.11,6.0,0.0
20231217:0810,12.74,25.86,11.0,4.57,6.07,0.0
20231217:0910,47.89,67.78,14.56,4.9,6.07,0.0
20231217:1010,47.83,67.78,15.9,5.15,6.0,0.0
20231217:1110,21.77,37.45,14.88,5.46,5.79,0.0
20231217:1210,43.86,63.28,11.62,5.53,5.59,0.0
20231217:1310,0.27,6.24,6.39,5.65,5.38,0.0
20231217:1410,0.0,0.0,0.0,5.58,5.17,0.0
20231217:1510,0.0,0.0,0.0,5.5,5.1,0.0
20231217:1610,0.0,0.0,0.0,5.42,4.97,0.0
20231217:1710,0.0,0.0,0.0,5.32,4.9,0.0
20231217:1810,0.0,0.0,0.0,5.24,5.1,0.0
20231217:1910,0.0,0.0,0.0,5.19,5.59,0.0
20231217:2010,0.0,0.0,0.0,5.25,5.66,0.0
20231217:2110,0.0,0.0,0.0,5.28,5.86,0.0
20231217:2210,0.0,0.0,0.0,5.4,6.0,0.0
20231217:2310,0.0,0.0,0.0,5.48,6.0,0.0
20231218:0010,0.0,0.0,0.0,5.4,5.86,0.0
20231218:0110,0.0,0.0,0.0,5.32,5.93,0.0
20231218:0210,0.0,0.0,0.0,5.39,5.86,0.0
20231218:0310,0.0,0.0,0.0,5.55,5.72,0.0
20231218:0410,0.0,0.0,0.0,5.73,5.72,0.0
20231218:0510,0.0,0.0,0.0,5.66,5.66,0.0
20231218:0610,0.0,0.0,0.0,5.49,5.52,0.0
20231218:0710,39.7,58.22,5.45,5.53,5.45,0.0
20231218:0810,47.46,67.2,10.93,5.44,5.31,0.0
20231218:0910,119.83,144.52,14.51,5.54,5.38,0.0
20231218:1010,36.76,55.29,15.86,5.57,5.38,0.0
20231218:1110,47.7,67.78,14.87,5.63,5.24,0.0
20231218:1210,27.7,44.59,11.62,5.19,4.97,0.0
20231218:1310,8.8,20.51,6.4,5.07,4.76,0.0
20231218:1410,0.0,0.0,0.0,5.03,4.55,0.0
20231218:1510,0.0,0.0,0.0,5.03,4.34,0.0
20231218:1610,0.0,0.0,0.0,5.03,4.21,0.0
20231218:1710,0.0,0.0,0.0,5.04,4.07,0.0
20231218:1810,0.0,0.0,0.0,5.11,3.72,0.0
20231218:1910,0.0,0.0,0.0,5.16,3.72,0.0
20231218:2010,0.0,0.0,0.0,5.21,3.59,0.0
20231218:2110,0.0,0.0,0.0,5.26,3.45,0.0
20231218:2210,0.0,0.0,0.0,5.3,3.38,0.0
20231218:2310,0.0,0.0,0.0,5.38,3.45,0.0
20231219:0010,0.0,0.0,0.0,5.41,3.52,0.0
20231219:0110,0.0,0.0,0.0,5.35,3.59,0.0
20231219:0210,0.0,0.0,0.0,5.23,3.79,0.0
20231219:0310,0.0,0.0,0.0,5.09,4.14,0.0
20231219:0410,0.0,0.0,0.0,4.65,4.28,0.0
20231219:0510,0.0,0.0,0.0,4.42,4.55,0.0
20231219:0610,0.0,0.0,0.0,4.51,4.48,0.0
20231219:0710,191.75,218.55,5.38,4.43,4.76,0.0
20231219:0810,110.51,133.96,10.87,4.67,5.03,0.0
20231219:0910,572.67,624.16,14.46,5.43,5.17,0.0
20231219:1010,385.51,422.56,15.84,6.26,5.1,0.0
20231219:1110,351.69,386.56,14.86,6.54,5.45,0.0
20231219:1210,190.5,218.11,11.63,6.61,5.24,0.0
20231219:1310,49.76,69.79,6.43,6.64,4.83,0.0
20231219:1410,0.0,0.0,0.0,6.42,4.48,0.0
20231219:1510,0.0,0.0,0.0,6.35,4.21,0.0
20231219:1610,0.0,0.0,0.0,6.07,4.21,0.0
20231219:1710,0.0,0.0,0.0,6.01,4.41,0.0
20231219:1810,0.0,0.0,0.0,5.36,4.62,0.0
20231219:1910,0.0,0.0,0.0,5.24,4.83,0.0
20231219:2010,0.0,0.0,0.0,4.49,4.9,0.0
20231219:2110,0.0,0.0,0.0,4.24,4.97,0.0
20231219:2210,0.0,0.0,0.0,4.52,5.03,0.0
20231219:2310,0.0,0.0,0.0,4.61,5.03,0.0
20231220:0010,0.0,0.0,0.0,4.52,4.97,0.0
20231220:0110,0.0,0.0,0.0,4.54,4.83,0.0
20231220:0210,0.0,0.0,0.0,4.5,4.69,0.0
20231220:0310,0.0,0.0,0.0,4.25,4.34,0.0
20231220:0410,0.0,0.0,0.0,4.09,4.14,0.0
20231220:0510,0.0,0.0,0.0,3.88,4.14,0.0
20231220:0610,0.0,0.0,0.0,3.77,4.21,0.0
20231220:0710,0.0,5.35,5.31,4.4,4.21,0.0
20231220:0810,19.7,34.78,10.82,4.55,4.07,0.0
20231220:0910,57.1,77.95,14.43,4.71,3.72,0.0
20231220:1010,8.18,19.62,15.82,4.85,3.93,0.0
20231220:1110,7.57,18.73,14.86,4.51,4.07,0.0
20231220:1210,14.84,28.54,11.64,3.82,4.21,0.0
20231220:1310,0.28,6.24,6.46,3.26,4.21,0.0
20231220:1410,0.0,0.0,0.0,2.81,4.14,0.0
20231220:1510,0.0,0.0,0.0,2.56,4.21,0.0
20231220:1610,0.0,0.0,0.0,2.44,4.21,0.0
20231220:1710,0.0,0.0,0.0,2.4,4.34,0.0
20231220:1810,0.0,0.0,0.0,2.49,4.28,0.0
20231220:1910,0.0,0.0,0.0,2.9,4.41,0.0
20231220:2010,0.0,0.0,0.0,3.06,4.83,0.0
20231220:2110,0.0,0.0,0.0,2.96,4.9,0.0
20231220:2210,0.0,0.0,0.0,3.06,4.9,0.0
20231220:2310,0.0,0.0,0.0,3.22,5.1,0.0
20231221:0010,0.0,0.0,0.0,3.35,5.31,0.0
20231221:0110,0.0,0.0,0.0,3.49,5.45,0.0
20231221:0210,0.0,0.0,0.0,3.42,5.24,0.0
20231221:0310,0.0,0.0,0.0,3.11,4.9,0.0
20231221:0410,0.0,0.0,0.0,2.59,4.62,0.0
20231221:0510,0.0,0.0,0.0,2.51,4.41,0.0
20231221:0610,0.0,0.0,0.0,2.69,4.14,0.0
20231221:0710,276.11,304.86,5.25,2.34,3.66,0.0
20231221:0810,7.63,18.73,10.78,3.15,3.24,0.0
20231221:0910,71.53,93.15,14.4,3.66,3.66,0.0
20231221:1010,675.67,741.25,15.8,3.93,4.07,0.0
20231221:1110,596.17,646.74,14.86,4.33,5.31,0.0
20231221:1210,539.57,582.67,11.67,4.14,5.72,0.0
20231221:1310,71.61,92.63,6.5,4.02,6.0,0.0
20231221:1410,0.0,0.0,0.0,4.08,5.66,0.0
20231221:1510,0.0,0.0,0.0,3.95,5.52,0.0
20231221:1610,0.0,0.0,0.0,3.83,5.59,0.0
20231221:1710,0.0,0.0,0.0,3.86,5.79,0.0
20231221:1810,0.0,0.0,0.0,3.93,6.14,0.0
20231221:1910,0.0,0.0,0.0,3.41,6.48,0.0
20231221:2010,0.0,0.0,0.0,3.74,7.1,0.0
20231221:2110,0.0,0.0,0.0,3.61,7.24,0.0
20231221:2210,0.0,0.0,0.0,3.61,7.1,0.0
20231221:2310,0.0,0.0,0.0,3.55,7.1,0.0
20231222:0010,0.0,0.0,0.0,2.75,6.83,0.0
20231222:0110,0.0,0.0,0.0,2.54,6.28,0.0
20231222:0210,0.0,0.0,0.0,2.8,5.79,0.0
20231222:0310,0.0,0.0,0.0,2.97,5.38,0.0
20231222:0410,0.0,0.0,0.0,2.85,5.24,0.0
20231222:0510,0.0,0.0,0.0,2.59,4.97,0.0
20231222:0610,0.0,0.0,0.0,2.52,4.55,0.0
20231222:0710,135.68,159.29,5.2,3.0,5.45,0.0
20231222:0810,215.93,240.78,10.74,2.98,5.31,0.0
20231222:0910,282.76,308.75,14.37,2.88,6.21,0.0
20231222:1010,634.52,683.41,15.8,3.03,5.93,0.0
20231222:1110,492.29,527.9,14.88,2.95,6.07,0.0
20231222:1210,553.39,594.38,11.7,3.14,6.0,0.0
20231222:1310,325.02,353.53,6.54,2.85,6.14,0.0
20231222:1410,0.0,0.0,0.0,2.19,5.03,0.0
20231222:1510,0.0,0.0,0.0,1.31,5.38,0.0
20231222:1610,0.0,0.0,0.0,0.93,5.66,0.0
20231222:1710,0.0,0.0,0.0,0.86,6.0,0.0
20231222:1810,0.0,0.0,0.0,0.45,6.0,0.0
20231222:1910,0.0,0.0,0.0,0.53,6.21,0.0
20231222:2010,0.0,0.0,0.0,0.84,6.69,0.0
20231222:2110,0.0,0.0,0.0,0.82,6.55,0.0
20231222:2210,0.0,0.0,0.0,0.85,6.69,0.0
20231222:2310,0.0,0.0,0.0,0.92,6.69,0.0
20231223:0010,0.0,0.0,0.0,0.89,6.48,0.0
20231223:0110,0.0,0.0,0.0,1.01,6.55,0.0
20231223:0210,0.0,0.0,0.0,0.98,6.48,0.0
20231223:0310,0.0,0.0,0.0,0.75,6.21,0.0
20231223:0410,0.0,0.0,0.0,0.58,6.0,0.0
20231223:0510,0.0,0.0,0.0,0.41,5.93,0.0
20231223:0610,0.0,0.0,0.0,0.3,5.93,0.0
20231223:0710,86.67,107.04,5.16,0.2,6.34,0.0
20231223:0810,243.82,265.71,10.71,0.25,6.41,0.0
20231223:0910,109.18,130.64,14.36,0.48,6.9,0.0
20231223:1010,87.95,109.01,15.8,0.47,7.52,0.0
20231223:1110,18.67,33.0,14.9,0.66,7.31,0.0
20231223:1210,10.32,22.29,11.74,0.8,6.76,0.0
20231223:1310,10.33,22.29,6.6,0.67,6.41,0.0
20231223:1410,0.0,0.0,0.0,0.15,5.79,0.0
20231223:1510,0.0,0.0,0.0,-0.14,5.59,0.0
20231223:1610,0.0,0.0,0.0,-0.43,5.52,0.0
20231223:1710,0.0,0.0,0.0,-0.75,5.52,0.0
20231223:1810,0.0,0.0,0.0,-0.96,5.66,0.0
20231223:1910,0.0,0.0,0.0,-1.29,5.66,0.0
20231223:2010,0.0,0.0,0.0,-1.27,5.86,0.0
20231223:2110,0.0,0.0,0.0,-1.28,6.07,0.0
20231223:2210,0.0,0.0,0.0,-1.09,5.86,0.0
20231223:2310,0.0,0.0,0.0,-0.88,5.79,0.0
20231224:0010,0.0,0.0,0.0,-0.84,5.52,0.0
20231224:0110,0.0,0.0,0.0,-0.83,5.45,0.0
20231224:0210,0.0,0.0,0.0,-0.94,5.38,0.0
20231224:0310,0.0,0.0,0.0,-1.03,5.24,0.0
20231224:0410,0.0,0.0,0.0,-1.13,5.17,0.0
20231224:0510,0.0,0.0,0.0,-1.09,5.17,0.0
20231224:0610,0.0,0.0,0.0,-0.96,5.17,0.0
20231224:0710,9.11,20.51,5.12,-1.09,5.38,0.0
20231224:0810,114.27,134.87,10.68,-0.64,5.79,0.0
20231224:0910,76.51,96.83,14.35,-0.25,6.41,0.0
20231224:1010,174.86,196.88,15.82,0.18,6.69,0.0
20231224:1110,425.58,452.6,14.93,0.62,5.93,0.0
20231224:1210,91.35,112.41,11.78,0.78,4.62,0.0
20231224:1310,98.9,120.02,6.65,0.77,3.86,0.0
20231224:1410,0.0,0.0,0.0,0.47,3.17,0.0
20231224:1510,0.0,0.0,0.0,0.1,2.69,0.0
20231224:1610,0.0,0.0,0.0,-0.48,2.28,0.0
20231224:1710,0.0,0.0,0.0,-0.7,2.34,0.0
20231224:1810,0.0,0.0,0.0,-0.62,2.69,0.0
20231224:1910,0.0,0.0,0.0,-0.78,2.76,0.0
20231224:2010,0.0,0.0,0.0,-0.42,3.1,0.0
20231224:2110,0.0,0.0,0.0,0.11,3.66,0.0
20231224:2210,0.0,0.0,0.0,0.87,4.0,0.0
20231224:2310,0.0,0.0,0.0,2.44,4.62,0.0
20231225:0010,0.0,0.0,0.0,4.02,5.93,0.0
20231225:0110,0.0,0.0,0.0,4.84,6.69,0.0
20231225:0210,0.0,0.0,0.0,5.37,7.24,0.0
20231225:0310,0.0,0.0,0.0,5.9,7.45,0.0
20231225:0410,0.0,0.0,0.0,6.48,7.38,0.0
20231225:0510,0.0,0.0,0.0,7.07,7.1,0.0
20231225:0610,0.0,0.0,0.0,7.4,6.41,0.0
20231225:0710,235.49,267.16,5.09,7.67,6.48,0.0
20231225:0810,482.84,529.89,10.67,8.21,6.41,0.0
20231225:0910,155.33,183.11,14.35,8.35,6.55,0.0
20231225:1010,46.94,67.78,15.84,9.05,6.9,0.0
20231225:1110,50.02,71.34,14.97,9.18,6.34,0.0
20231225:1210,242.78,273.79,11.84,8.81,8.07,0.0
20231225:1310,356.14,393.68,6.72,8.62,8.83,0.0
20231225:1410,0.0,0.0,0.0,8.56,8.97,0.0
20231225:1510,0.0,0.0,0.0,8.25,7.45,0.0
20231225:1610,0.0,0.0,0.0,7.59,7.66,0.0
20231225:1710,0.0,0.0,0.0,6.88,6.9,0.0
20231225:1810,0.0,0.0,0.0,6.38,6.83,0.0
20231225:1910,0.0,0.0,0.0,6.58,7.38,0.0
20231225:2010,0.0,0.0,0.0,6.42,7.24,0.0
20231225:2110,0.0,0.0,0.0,6.47,6.97,0.0
20231225:2210,0.0,0.0,0.0,6.32,6.55,0.0
20231225:2310,0.0,0.0,0.0,6.12,6.28,0.0
20231226:0010,0.0,0.0,0.0,6.09,6.07,0.0
20231226:0110,0.0,0.0,0.0,6.23,5.72,0.0
20231226:0210,0.0,0.0,0.0,6.11,5.24,0.0
20231226:0310,0.0,0.0,0.0,5.8,4.76,0.0
20231226:0410,0.0,0.0,0.0,5.77,4.14,0.0
20231226:0510,0.0,0.0,0.0,5.46,3.45,0.0
20231226:0610,0.0,0.0,0.0,5.48,2.97,0.0
20231226:0710,7.5,18.73,5.07,6.06,2.97,0.0
20231226:0810,13.23,26.75,10.66,6.98,3.38,0.0
20231226:0910,17.27,32.1,14.36,7.75,4.21,0.0
20231226:1010,26.55,43.7,15.86,8.04,4.48,0.0
20231226:1110,254.39,286.57,15.01,8.32,5.93,0.0
20231226:1210,32.35,50.83,11.9,9.21,6.76,0.0
20231226:1310,6.74,17.84,6.79,9.96,7.1,0.0
20231226:1410,0.0,0.0,0.0,10.13,7.03,0.0
20231226:1510,0.0,0.0,0.0,9.96,7.1,0.0
20231226:1610,0.0,0.0,0.0,9.71,7.17,0.0
20231226:1710,0.0,0.0,0.0,9.33,6.62,0.0
20231226:1810,0.0,0.0,0.0,8.86,6.28,0.0
20231226:1910,0.0,0.0,0.0,8.21,6.14,0.0
20231226:2010,0.0,0.0,0.0,7.8,6.07,0.0
20231226:2110,0.0,0.0,0.0,7.59,6.28,0.0
20231226:2210,0.0,0.0,0.0,6.81,6.0,0.0
20231226:2310,0.0,0.0,0.0,5.99,6.14,0.0
20231227:0010,0.0,0.0,0.0,5.63,6.41,0.0
20231227:0110,0.0,0.0,0.0,5.86,6.62,0.0
20231227:0210,0.0,0.0,0.0,5.89,6.76,0.0
20231227:0310,0.0,0.0,0.0,5.4,7.38,0.0
20231227:0410,0.0,0.0,0.0,4.66,7.38,0.0
20231227:0510,0.0,0.0,0.0,3.93,6.69,0.0
20231227:0610,0.0,0.0,0.0,3.43,6.48,0.0
20231227:0710,114.46,137.36,5.05,3.23,6.76,0.0
20231227:0810,168.12,192.15,10.66,3.77,7.66,0.0
20231227:0910,321.06,348.62,14.38,3.98,7.93,0.0
20231227:1010,269.57,296.14,15.9,4.17,8.34,0.0
20231227:1110,88.93,111.61,15.07,4.38,8.69,0.0
20231227:1210,60.41,81.04,11.97,4.33,8.21,0.0
20231227:1310,58.14,78.23,6.87,4.29,7.1,0.0
20231227:1410,0.0,0.0,0.0,3.84,5.93,0.0
20231227:1510,0.0,0.0,0.0,3.26,5.45,0.0
20231227:1610,0.0,0.0,0.0,3.03,5.24,0.0
20231227:1710,0.0,0.0,0.0,2.84,5.17,0.0
20231227:1810,0.0,0.0,0.0,2.66,5.03,0.0
20231227:1910,0.0,0.0,0.0,2.19,4.34,0.0
20231227:2010,0.0,0.0,0.0,1.85,4.14,0.0
20231227:2110,0.0,0.0,0.0,1.63,3.86,0.0
20231227:2210,0.0,0.0,0.0,1.53,3.59,0.0
20231227:2310,0.0,0.0,0.0,0.98,3.1,0.0
20231228:0010,0.0,0.0,0.0,0.64,2.62,0.0
20231228:0110,0.0,0.0,0.0,0.2,2.14,0.0
20231228:0210,0.0,0.0,0.0,-0.45,2.14,0.0
20231228:0310,0.0,0.0,0.0,-0.54,2.0,0.0
20231228:0410,0.0,0.0,0.0,-0.59,2.14,0.0
20231228:0510,0.0,0.0,0.0,-0.8,2.48,0.0
20231228:0610,0.0,0.0,0.0,-0.76,2.83,0.0
20231228:0710,149.9,172.45,5.04,0.0,3.31,0.0
20231228:0810,453.96,488.89,10.66,1.62,3.79,0.0
20231228:0910,622.08,681.54,14.4,3.39,3.38,0.0
20231228:1010,676.24,746.17,15.94,5.08,4.07,0.0
20231228:1110,644.52,713.41,15.13,6.37,4.14,0.0
20231228:1210,573.98,634.31,12.04,7.1,4.28,0.0
20231228:1310,339.38,377.28,6.96,7.39,4.69,0.0
20231228:1410,0.0,0.0,0.0,6.78,4.62,0.0
20231228:1510,0.0,0.0,0.0,6.07,4.48,0.0
20231228:1610,0.0,0.0,0.0,5.66,4.07,0.0
20231228:1710,0.0,0.0,0.0,5.65,4.21,0.0
20231228:1810,0.0,0.0,0.0,5.43,4.34,0.0
20231228:1910,0.0,0.0,0.0,5.92,4.34,0.0
20231228:2010,0.0,0.0,0.0,6.11,4.28,0.0
20231228:2110,0.0,0.0,0.0,5.77,4.34,0.0
20231228:2210,0.0,0.0,0.0,5.28,4.28,0.0
20231228:2310,0.0,0.0,0.0,4.99,4.07,0.0
20231229:0010,0.0,0.0,0.0,4.86,3.93,0.0
20231229:0110,0.0,0.0,0.0,4.54,3.79,0.0
20231229:0210,0.0,0.0,0.0,4.5,3.72,0.0
20231229:0310,0.0,0.0,0.0,4.6,3.79,0.0
20231229:0410,0.0,0.0,0.0,4.24,3.66,0.0
20231229:0510,0.0,0.0,0.0,3.94,3.66,0.0
20231229:0610,0.0,0.0,0.0,3.74,3.66,0.0
20231229:0710,8.18,19.62,5.04,4.74,4.14,0.0
20231229:0810,401.47,439.68,10.68,5.6,4.34,0.0
20231229:0910,326.78,362.66,14.43,6.82,3.79,0.0
20231229:1010,49.54,70.45,15.99,7.71,4.55,0.0
20231229:1110,72.94,96.31,15.19,8.06,4.62,0.0
20231229:1210,8.64,20.51,12.12,8.09,4.28,0.0
20231229:1310,6.23,16.94,7.05,8.13,5.17,0.0
20231229:1410,0.0,0.0,0.0,7.74,4.9,0.0
20231229:1510,0.0,0.0,0.0,7.51,4.9,0.0
20231229:1610,0.0,0.0,0.0,7.23,5.03,0.0
20231229:1710,0.0,0.0,0.0,6.7,5.03,0.0
20231229:1810,0.0,0.0,0.0,6.23,5.1,0.0
20231229:1910,0.0,0.0,0.0,5.8,5.1,0.0
20231229:2010,0.0,0.0,0.0,5.39,5.1,0.0
20231229:2110,0.0,0.0,0.0,5.18,4.97,0.0
20231229:2210,0.0,0.0,0.0,5.24,4.9,0.0
20231229:2310,0.0,0.0,0.0,5.23,4.76,0.0
20231230:0010,0.0,0.0,0.0,5.08,4.62,0.0
20231230:0110,0.0,0.0,0.0,4.78,4.48,0.0
20231230:0210,0.0,0.0,0.0,4.83,4.48,0.0
20231230:0310,0.0,0.0,0.0,4.89,4.41,0.0
20231230:0410,0.0,0.0,0.0,4.93,4.41,0.0
20231230:0510,0.0,0.0,0.0,4.99,4.41,0.0
20231230:0610,0.0,0.0,0.0,4.9,4.55,0.0
20231230:0710,39.06,57.69,5.04,6.24,5.17,0.0
20231230:0810,66.15,87.98,10.7,6.69,5.72,0.0
20231230:0910,309.75,343.93,14.47,7.36,5.17,0.0
20231230:1010,257.01,289.24,16.05,7.89,5.45,0.0
20231230:1110,76.25,99.91,15.27,8.08,5.38,0.0
20231230:1210,14.5,28.54,12.21,8.08,5.45,0.0
20231230:1310,359.14,397.36,7.15,7.76,6.21,0.0
20231230:1410,0.0,0.0,0.0,7.35,6.21,0.0
20231230:1510,0.0,0.0,0.0,6.96,6.14,0.0
20231230:1610,0.0,0.0,0.0,6.34,5.52,0.0
20231230:1710,0.0,0.0,0.0,5.8,5.03,0.0
20231230:1810,0.0,0.0,0.0,5.33,4.97,0.0
20231230:1910,0.0,0.0,0.0,4.62,4.62,0.0
20231230:2010,0.0,0.0,0.0,3.93,4.34,0.0
20231230:2110,0.0,0.0,0.0,3.38,4.0,0.0
20231230:2210,0.0,0.0,0.0,3.31,3.93,0.0
20231230:2310,0.0,0.0,0.0,3.35,3.93,0.0
20231231:0010,0.0,0.0,0.0,3.14,3.86,0.0
20231231:0110,0.0,0.0,0.0,2.91,3.79,0.0
20231231:0210,0.0,0.0,0.0,2.38,3.79,0.0
20231231:0310,0.0,0.0,0.0,1.96,3.79,0.0
20231231:0410,0.0,0.0,0.0,1.82,3.72,0.0
20231231:0510,0.0,0.0,0.0,2.01,3.38,0.0
20231231:0610,0.0,0.0,0.0,2.26,3.17,0.0
20231231:0710,233.92,260.92,5.05,1.6,2.9,0.0
20231231:0810,513.35,559.85,10.72,2.17,2.48,0.0
20231231:0910,642.05,702.86,14.52,3.24,3.59,0.0
20231231:1010,650.87,715.62,16.11,4.03,3.66,0.0
20231231:1110,590.91,649.6,15.35,4.49,3.38,0.0
20231231:1210,216.11,244.24,12.31,4.83,2.97,0.0
20231231:1310,84.46,107.01,7.26,4.74,1.72,0.0
20231231:1410,0.0,0.0,0.0,3.84,1.66,0.0
20231231:1510,0.0,0.0,0.0,2.62,1.86,0.0
20231231:1610,0.0,0.0,0.0,1.59,1.93,0.0
20231231:1710,0.0,0.0,0.0,0.91,2.07,0.0
20231231:1810,0.0,0.0,0.0,0.95,2.14,0.0
20231231:1910,0.0,0.0,0.0,1.87,2.41,0.0
20231231:2010,0.0,0.0,0.0,2.95,2.69,0.0
20231231:2110,0.0,0.0,0.0,3.44,2.83,0.0
20231231:2210,0.0,0.0,0.0,3.56,2.76,0.0
20231231:2310,0.0,0.0,0.0,3.87,2.76,0.0

P: PV system power (W)
G(i): Global irradiance on the inclined plane (plane of the array) (W/m2)
H_sun: Sun height (degree)
T2m: 2-m air temperature (degree Celsius)
WS10m: 10-m total wind speed (m/s)
Int: 1 means solar radiation values are reconstructed



PVGIS (c) European Union, 2001-2025