Latitude (decimal degrees):	46.482
Longitude (decimal degrees):	30.729
Elevation (m):	58
Radiation database:	PVGIS-ERA5


Slope: 39 deg. 
Azimuth: 0 deg. 
Nominal power of the PV system (c-Si) (kWp):	1.0
System losses (%):	10.0
time,P,G(i),H_sun,T2m,WS10m,Int
20230101:0030,0.0,0.0,0.0,4.27,2.97,0.0
20230101:0130,0.0,0.0,0.0,4.12,2.83,0.0
20230101:0230,0.0,0.0,0.0,3.68,2.62,0.0
20230101:0330,0.0,0.0,0.0,3.45,2.55,0.0
20230101:0430,0.0,0.0,0.0,3.37,2.55,0.0
20230101:0530,0.0,0.0,-2.42,3.26,2.62,0.0
20230101:0630,120.88,146.01,5.81,3.27,2.83,0.0
20230101:0730,280.51,309.93,12.62,3.47,3.31,0.0
20230101:0830,498.69,553.12,17.55,7.14,3.17,0.0
20230101:0930,602.63,673.03,20.17,7.17,3.03,0.0
20230101:1030,577.03,656.44,20.19,11.08,2.9,0.0
20230101:1130,463.78,524.21,17.62,11.37,3.17,0.0
20230101:1230,363.79,412.2,12.72,11.49,3.45,0.0
20230101:1330,176.82,212.11,5.94,11.63,3.45,0.0
20230101:1430,0.0,0.0,-2.27,10.36,3.31,0.0
20230101:1530,0.0,0.0,0.0,10.41,3.59,0.0
20230101:1630,0.0,0.0,0.0,10.5,3.79,0.0
20230101:1730,0.0,0.0,0.0,8.8,3.52,0.0
20230101:1830,0.0,0.0,0.0,8.64,3.24,0.0
20230101:1930,0.0,0.0,0.0,8.42,3.17,0.0
20230101:2030,0.0,0.0,0.0,7.52,3.1,0.0
20230101:2130,0.0,0.0,0.0,7.24,3.03,0.0
20230101:2230,0.0,0.0,0.0,6.41,3.66,0.0
20230101:2330,0.0,0.0,0.0,6.27,3.66,0.0
20230102:0030,0.0,0.0,0.0,6.03,3.31,0.0
20230102:0130,0.0,0.0,0.0,5.95,2.97,0.0
20230102:0230,0.0,0.0,0.0,5.12,3.03,0.0
20230102:0330,0.0,0.0,0.0,5.19,3.03,0.0
20230102:0430,0.0,0.0,0.0,5.28,2.76,0.0
20230102:0530,0.0,0.0,-2.42,4.78,2.21,0.0
20230102:0630,185.9,216.08,5.83,4.22,1.93,0.0
20230102:0730,395.53,436.45,12.66,4.8,2.41,0.0
20230102:0830,530.01,599.23,17.61,9.21,2.21,0.0
20230102:0930,604.19,685.75,20.24,9.12,2.41,0.0
20230102:1030,595.91,687.38,20.28,12.62,2.48,0.0
20230102:1130,527.92,605.07,17.73,12.65,2.55,0.0
20230102:1230,387.91,443.56,12.84,12.69,2.62,0.0
20230102:1330,186.43,224.21,6.07,12.85,2.62,0.0
20230102:1430,0.0,0.0,-2.14,10.13,2.14,0.0
20230102:1530,0.0,0.0,0.0,10.15,2.83,0.0
20230102:1630,0.0,0.0,0.0,10.4,3.24,0.0
20230102:1730,0.0,0.0,0.0,8.08,3.24,0.0
20230102:1830,0.0,0.0,0.0,8.16,3.03,0.0
20230102:1930,0.0,0.0,0.0,8.03,2.69,0.0
20230102:2030,0.0,0.0,0.0,6.23,2.55,0.0
20230102:2130,0.0,0.0,0.0,6.12,2.97,0.0
20230102:2230,0.0,0.0,0.0,5.73,3.66,0.0
20230102:2330,0.0,0.0,0.0,5.84,3.93,0.0
20230103:0030,0.0,0.0,0.0,5.9,4.28,0.0
20230103:0130,0.0,0.0,0.0,5.99,4.48,0.0
20230103:0230,0.0,0.0,0.0,5.94,4.62,0.0
20230103:0330,0.0,0.0,0.0,5.86,4.55,0.0
20230103:0430,0.0,0.0,0.0,5.83,4.14,0.0
20230103:0530,0.0,0.0,-2.41,5.46,3.66,0.0
20230103:0630,192.23,222.98,5.85,5.19,3.24,0.0
20230103:0730,405.12,445.32,12.7,5.31,3.52,0.0
20230103:0830,543.63,609.2,17.67,8.99,3.24,0.0
20230103:0930,616.36,695.4,20.32,9.02,3.1,0.0
20230103:1030,608.31,697.95,20.39,12.26,2.97,0.0
20230103:1130,533.52,609.46,17.84,12.59,2.97,0.0
20230103:1230,394.56,450.68,12.97,12.83,2.9,0.0
20230103:1330,188.22,226.32,6.2,12.96,2.48,0.0
20230103:1430,0.0,0.0,-2.0,10.85,2.55,0.0
20230103:1530,0.0,0.0,0.0,10.71,3.1,0.0
20230103:1630,0.0,0.0,0.0,10.24,3.52,0.0
20230103:1730,0.0,0.0,0.0,7.69,3.93,0.0
20230103:1830,0.0,0.0,0.0,7.5,4.14,0.0
20230103:1930,0.0,0.0,0.0,7.19,4.28,0.0
20230103:2030,0.0,0.0,0.0,6.61,4.34,0.0
20230103:2130,0.0,0.0,0.0,7.11,4.34,0.0
20230103:2230,0.0,0.0,0.0,6.86,4.55,0.0
20230103:2330,0.0,0.0,0.0,6.68,4.76,0.0
20230104:0030,0.0,0.0,0.0,6.73,4.55,0.0
20230104:0130,0.0,0.0,0.0,6.48,4.21,0.0
20230104:0230,0.0,0.0,0.0,6.05,4.0,0.0
20230104:0330,0.0,0.0,0.0,5.73,3.86,0.0
20230104:0430,0.0,0.0,0.0,5.66,3.86,0.0
20230104:0530,0.0,0.0,-2.4,4.74,3.72,0.0
20230104:0630,53.48,74.09,5.88,5.09,3.86,0.0
20230104:0730,28.93,46.1,12.74,5.26,4.48,0.0
20230104:0830,76.32,98.97,17.74,6.29,4.41,0.0
20230104:0930,167.64,194.71,20.42,6.4,5.45,0.0
20230104:1030,312.68,346.8,20.5,6.92,5.59,0.0
20230104:1130,286.16,318.48,17.97,6.65,5.45,0.0
20230104:1230,283.02,315.33,13.11,6.53,4.83,0.0
20230104:1330,105.86,131.4,6.34,6.49,4.28,0.0
20230104:1430,0.0,0.0,-1.86,4.51,2.9,0.0
20230104:1530,0.0,0.0,0.0,4.99,2.69,0.0
20230104:1630,0.0,0.0,0.0,4.74,2.69,0.0
20230104:1730,0.0,0.0,0.0,2.14,2.48,0.0
20230104:1830,0.0,0.0,0.0,1.78,2.28,0.0
20230104:1930,0.0,0.0,0.0,1.97,2.21,0.0
20230104:2030,0.0,0.0,0.0,1.03,2.0,0.0
20230104:2130,0.0,0.0,0.0,0.59,1.66,0.0
20230104:2230,0.0,0.0,0.0,-0.83,2.0,0.0
20230104:2330,0.0,0.0,0.0,-0.42,2.41,0.0
20230105:0030,0.0,0.0,0.0,-0.13,2.9,0.0
20230105:0130,0.0,0.0,0.0,0.76,4.07,0.0
20230105:0230,0.0,0.0,0.0,2.46,5.38,0.0
20230105:0330,0.0,0.0,0.0,3.29,6.0,0.0
20230105:0430,0.0,0.0,0.0,3.37,6.34,0.0
20230105:0530,0.0,0.0,-2.38,4.18,6.07,0.0
20230105:0630,87.1,110.09,5.91,3.87,6.0,0.0
20230105:0730,136.47,160.07,12.8,3.27,6.34,0.0
20230105:0830,125.05,148.58,17.81,3.77,6.41,0.0
20230105:0930,144.42,169.42,20.51,4.23,6.62,0.0
20230105:1030,286.31,315.42,20.61,5.78,6.69,0.0
20230105:1130,113.49,138.16,18.1,5.82,6.07,0.0
20230105:1230,56.55,77.68,13.25,6.05,5.45,0.0
20230105:1330,19.02,34.13,6.49,6.37,5.72,0.0
20230105:1430,0.0,0.0,-1.71,6.65,5.59,0.0
20230105:1530,0.0,0.0,0.0,7.07,5.52,0.0
20230105:1630,0.0,0.0,0.0,7.09,5.45,0.0
20230105:1730,0.0,0.0,0.0,7.05,5.38,0.0
20230105:1830,0.0,0.0,0.0,6.92,5.24,0.0
20230105:1930,0.0,0.0,0.0,6.96,5.17,0.0
20230105:2030,0.0,0.0,0.0,7.16,4.97,0.0
20230105:2130,0.0,0.0,0.0,7.08,4.76,0.0
20230105:2230,0.0,0.0,0.0,5.83,4.83,0.0
20230105:2330,0.0,0.0,0.0,5.76,4.9,0.0
20230106:0030,0.0,0.0,0.0,5.71,4.97,0.0
20230106:0130,0.0,0.0,0.0,5.64,5.1,0.0
20230106:0230,0.0,0.0,0.0,5.89,5.31,0.0
20230106:0330,0.0,0.0,0.0,6.18,5.93,0.0
20230106:0430,0.0,0.0,0.0,6.42,6.14,0.0
20230106:0530,0.0,0.0,-2.35,6.11,6.41,0.0
20230106:0630,137.2,164.45,5.96,6.07,6.55,0.0
20230106:0730,351.46,385.42,12.86,6.14,6.48,0.0
20230106:0830,463.16,506.47,17.9,7.25,6.28,0.0
20230106:0930,504.37,548.25,20.62,7.42,8.28,0.0
20230106:1030,433.45,469.41,20.74,6.92,9.38,0.0
20230106:1130,339.67,371.58,18.24,6.95,8.97,0.0
20230106:1230,171.64,198.79,13.39,7.01,8.14,0.0
20230106:1330,133.26,160.4,6.64,7.2,7.86,0.0
20230106:1430,0.0,0.0,-1.56,5.3,7.24,0.0
20230106:1530,0.0,0.0,0.0,5.34,6.55,0.0
20230106:1630,0.0,0.0,0.0,5.24,6.41,0.0
20230106:1730,0.0,0.0,0.0,3.63,6.0,0.0
20230106:1830,0.0,0.0,0.0,3.39,5.66,0.0
20230106:1930,0.0,0.0,0.0,3.25,4.97,0.0
20230106:2030,0.0,0.0,0.0,2.32,4.34,0.0
20230106:2130,0.0,0.0,0.0,2.29,4.28,0.0
20230106:2230,0.0,0.0,0.0,1.47,3.72,0.0
20230106:2330,0.0,0.0,0.0,1.69,3.03,0.0
20230107:0030,0.0,0.0,0.0,1.94,2.83,0.0
20230107:0130,0.0,0.0,0.0,1.81,2.28,0.0
20230107:0230,0.0,0.0,0.0,0.89,1.66,0.0
20230107:0330,0.0,0.0,0.0,0.13,1.59,0.0
20230107:0430,0.0,0.0,0.0,-0.39,1.17,0.0
20230107:0530,0.0,0.0,-2.32,-0.9,1.45,0.0
20230107:0630,67.1,87.6,6.01,-0.02,1.24,0.0
20230107:0730,65.7,85.64,12.93,-0.34,1.03,0.0
20230107:0830,127.79,151.94,17.99,1.0,0.76,0.0
20230107:0930,76.17,97.75,20.73,0.71,0.34,0.0
20230107:1030,99.64,122.41,20.87,1.64,0.9,0.0
20230107:1130,70.48,91.54,18.38,1.65,1.38,0.0
20230107:1230,99.11,121.39,13.55,1.84,2.14,0.0
20230107:1330,47.16,66.18,6.79,2.2,2.69,0.0
20230107:1430,0.0,0.0,-1.41,2.02,3.03,0.0
20230107:1530,0.0,0.0,0.0,2.28,3.03,0.0
20230107:1630,0.0,0.0,0.0,2.3,3.03,0.0
20230107:1730,0.0,0.0,0.0,1.86,3.24,0.0
20230107:1830,0.0,0.0,0.0,1.72,3.66,0.0
20230107:1930,0.0,0.0,0.0,1.7,4.41,0.0
20230107:2030,0.0,0.0,0.0,1.2,4.97,0.0
20230107:2130,0.0,0.0,0.0,1.05,5.24,0.0
20230107:2230,0.0,0.0,0.0,-0.02,5.86,0.0
20230107:2330,0.0,0.0,0.0,-0.29,5.86,0.0
20230108:0030,0.0,0.0,0.0,-0.44,6.14,0.0
20230108:0130,0.0,0.0,0.0,-0.54,6.14,0.0
20230108:0230,0.0,0.0,0.0,-1.45,6.28,0.0
20230108:0330,0.0,0.0,0.0,-1.65,6.28,0.0
20230108:0430,0.0,0.0,0.0,-1.75,6.28,0.0
20230108:0530,0.0,0.0,-2.28,-2.51,6.34,0.0
20230108:0630,5.87,15.83,6.06,-2.53,6.21,0.0
20230108:0730,26.9,42.12,13.0,-2.64,6.41,0.0
20230108:0830,78.33,96.87,18.08,-2.3,6.55,0.0
20230108:0930,81.85,100.55,20.85,-2.56,6.55,0.0
20230108:1030,77.5,96.15,21.01,-1.95,6.41,0.0
20230108:1130,52.89,70.42,18.54,-2.62,6.0,0.0
20230108:1230,22.54,37.24,13.7,-2.41,5.79,0.0
20230108:1330,15.0,28.05,6.95,-2.14,6.62,0.0
20230108:1430,0.0,0.0,-1.24,-1.83,6.41,0.0
20230108:1530,0.0,0.0,0.0,-1.38,6.21,0.0
20230108:1630,0.0,0.0,0.0,-1.04,6.55,0.0
20230108:1730,0.0,0.0,0.0,-0.38,6.83,0.0
20230108:1830,0.0,0.0,0.0,-0.17,6.76,0.0
20230108:1930,0.0,0.0,0.0,-0.07,7.1,0.0
20230108:2030,0.0,0.0,0.0,0.25,7.38,0.0
20230108:2130,0.0,0.0,0.0,0.3,7.38,0.0
20230108:2230,0.0,0.0,0.0,0.58,6.9,0.0
20230108:2330,0.0,0.0,0.0,0.54,7.03,0.0
20230109:0030,0.0,0.0,0.0,0.47,7.31,0.0
20230109:0130,0.0,0.0,0.0,0.46,7.38,0.0
20230109:0230,0.0,0.0,0.0,1.45,7.45,0.0
20230109:0330,0.0,0.0,0.0,1.4,7.52,0.0
20230109:0430,0.0,0.0,0.0,1.74,7.45,0.0
20230109:0530,0.0,0.0,-2.23,2.85,7.52,0.0
20230109:0630,3.45,12.33,6.12,3.6,7.52,0.0
20230109:0730,14.31,27.85,13.09,3.89,7.45,0.0
20230109:0830,30.08,47.42,18.19,5.3,7.66,0.0
20230109:0930,187.57,212.14,20.98,5.3,7.86,0.0
20230109:1030,323.73,354.54,21.15,6.56,8.0,0.0
20230109:1130,337.19,366.94,18.69,6.47,8.28,0.0
20230109:1230,237.71,264.68,13.87,5.68,7.86,0.0
20230109:1330,168.04,195.31,7.12,5.25,7.86,0.0
20230109:1430,0.0,0.0,-1.08,4.95,7.79,0.0
20230109:1530,0.0,0.0,0.0,5.2,7.66,0.0
20230109:1630,0.0,0.0,0.0,5.32,7.66,0.0
20230109:1730,0.0,0.0,0.0,4.24,8.07,0.0
20230109:1830,0.0,0.0,0.0,4.23,8.07,0.0
20230109:1930,0.0,0.0,0.0,4.02,7.86,0.0
20230109:2030,0.0,0.0,0.0,2.95,7.59,0.0
20230109:2130,0.0,0.0,0.0,2.87,7.52,0.0
20230109:2230,0.0,0.0,0.0,2.16,7.31,0.0
20230109:2330,0.0,0.0,0.0,2.39,7.03,0.0
20230110:0030,0.0,0.0,0.0,2.5,7.17,0.0
20230110:0130,0.0,0.0,0.0,2.53,7.66,0.0
20230110:0230,0.0,0.0,0.0,2.53,8.0,0.0
20230110:0330,0.0,0.0,0.0,2.2,8.07,0.0
20230110:0430,0.0,0.0,0.0,2.3,8.34,0.0
20230110:0530,0.0,0.0,-2.18,2.75,8.62,0.0
20230110:0630,31.04,48.04,6.19,2.67,8.76,0.0
20230110:0730,58.43,77.76,13.18,2.47,9.03,0.0
20230110:0830,33.64,51.2,18.3,3.36,9.31,0.0
20230110:0930,39.74,58.12,21.11,3.06,8.9,0.0
20230110:1030,87.57,110.13,21.3,3.93,8.97,0.0
20230110:1130,76.34,98.71,18.86,4.27,8.97,0.0
20230110:1230,42.36,61.37,14.04,4.62,8.83,0.0
20230110:1330,14.51,28.16,7.29,4.61,8.9,0.0
20230110:1430,0.0,0.0,-0.91,4.36,9.17,0.0
20230110:1530,0.0,0.0,0.0,4.24,9.31,0.0
20230110:1630,0.0,0.0,0.0,4.05,9.31,0.0
20230110:1730,0.0,0.0,0.0,2.39,9.24,0.0
20230110:1830,0.0,0.0,0.0,2.35,9.24,0.0
20230110:1930,0.0,0.0,0.0,2.36,9.24,0.0
20230110:2030,0.0,0.0,0.0,0.57,9.17,0.0
20230110:2130,0.0,0.0,0.0,0.29,9.03,0.0
20230110:2230,0.0,0.0,0.0,-0.47,9.24,0.0
20230110:2330,0.0,0.0,0.0,-0.62,8.69,0.0
20230111:0030,0.0,0.0,0.0,-0.67,8.48,0.0
20230111:0130,0.0,0.0,0.0,-0.7,8.21,0.0
20230111:0230,0.0,0.0,0.0,-1.92,8.21,0.0
20230111:0330,0.0,0.0,0.0,-2.0,7.86,0.0
20230111:0430,0.0,0.0,0.0,-2.1,7.38,0.0
20230111:0530,0.0,0.0,-2.12,-3.09,6.97,0.0
20230111:0630,24.81,39.93,6.27,-2.75,6.48,0.0
20230111:0730,102.73,122.4,13.27,-2.84,6.9,0.0
20230111:0830,147.76,167.54,18.42,-2.73,7.59,0.0
20230111:0930,180.05,199.81,21.25,-3.06,6.76,0.0
20230111:1030,281.75,301.13,21.46,-2.53,6.62,0.0
20230111:1130,214.34,234.15,19.03,-2.73,6.62,0.0
20230111:1230,138.91,159.03,14.22,-2.78,6.41,0.0
20230111:1330,107.46,127.95,7.47,-2.54,6.0,0.0
20230111:1430,0.0,0.0,-0.73,-2.56,5.31,0.0
20230111:1530,0.0,0.0,0.0,-2.52,5.03,0.0
20230111:1630,0.0,0.0,0.0,-2.3,5.38,0.0
20230111:1730,0.0,0.0,0.0,-2.45,5.1,0.0
20230111:1830,0.0,0.0,0.0,-2.42,5.03,0.0
20230111:1930,0.0,0.0,0.0,-2.54,5.31,0.0
20230111:2030,0.0,0.0,0.0,-2.45,5.31,0.0
20230111:2130,0.0,0.0,0.0,-2.52,5.03,0.0
20230111:2230,0.0,0.0,0.0,-1.36,4.76,0.0
20230111:2330,0.0,0.0,0.0,-1.63,4.83,0.0
20230112:0030,0.0,0.0,0.0,-1.49,4.62,0.0
20230112:0130,0.0,0.0,0.0,-1.35,4.34,0.0
20230112:0230,0.0,0.0,0.0,-1.35,4.62,0.0
20230112:0330,0.0,0.0,0.0,-1.23,5.31,0.0
20230112:0430,0.0,0.0,0.0,-1.38,5.03,0.0
20230112:0530,0.0,0.0,-2.05,-1.59,4.76,0.0
20230112:0630,29.22,45.25,6.35,-1.55,4.76,0.0
20230112:0730,58.24,77.3,13.38,-1.64,5.03,0.0
20230112:0830,126.73,148.26,18.55,-1.1,5.31,0.0
20230112:0930,121.45,143.35,21.4,-1.07,4.55,0.0
20230112:1030,191.19,213.71,21.63,-1.03,4.83,0.0
20230112:1130,256.24,278.44,19.21,-1.15,4.48,0.0
20230112:1230,149.56,170.78,14.4,-0.96,4.9,0.0
20230112:1330,63.11,82.58,7.65,-0.79,4.97,0.0
20230112:1430,0.0,0.0,-0.55,-0.93,4.0,0.0
20230112:1530,0.0,0.0,0.0,-0.96,4.21,0.0
20230112:1630,0.0,0.0,0.0,-0.99,4.69,0.0
20230112:1730,0.0,0.0,0.0,-1.48,4.69,0.0
20230112:1830,0.0,0.0,0.0,-1.49,4.34,0.0
20230112:1930,0.0,0.0,0.0,-1.67,3.86,0.0
20230112:2030,0.0,0.0,0.0,-1.77,3.31,0.0
20230112:2130,0.0,0.0,0.0,-1.73,2.83,0.0
20230112:2230,0.0,0.0,0.0,-2.32,2.83,0.0
20230112:2330,0.0,0.0,0.0,-2.01,3.31,0.0
20230113:0030,0.0,0.0,0.0,-1.98,3.52,0.0
20230113:0130,0.0,0.0,0.0,-1.76,3.38,0.0
20230113:0230,0.0,0.0,0.0,-1.59,3.24,0.0
20230113:0330,0.0,0.0,0.0,-1.56,3.17,0.0
20230113:0430,0.0,0.0,0.0,-1.6,3.31,0.0
20230113:0530,0.0,0.0,-1.98,-1.6,3.31,0.0
20230113:0630,61.74,81.1,6.44,-1.83,3.24,0.0
20230113:0730,148.36,169.23,13.49,-2.02,3.31,0.0
20230113:0830,264.65,286.72,18.68,-1.63,2.97,0.0
20230113:0930,273.57,296.39,21.56,-1.75,2.41,0.0
20230113:1030,253.06,275.85,21.8,-0.97,2.83,0.0
20230113:1130,153.11,174.23,19.39,-1.17,2.76,0.0
20230113:1230,64.23,83.27,14.59,-1.39,2.83,0.0
20230113:1330,36.57,53.55,7.84,-1.67,2.83,0.0
20230113:1430,0.0,0.0,-0.37,-0.83,2.69,0.0
20230113:1530,0.0,0.0,0.0,-0.59,2.69,0.0
20230113:1630,0.0,0.0,0.0,-0.61,2.83,0.0
20230113:1730,0.0,0.0,0.0,-0.81,2.9,0.0
20230113:1830,0.0,0.0,0.0,-0.72,2.9,0.0
20230113:1930,0.0,0.0,0.0,-0.62,2.41,0.0
20230113:2030,0.0,0.0,0.0,-0.61,2.28,0.0
20230113:2130,0.0,0.0,0.0,-0.83,2.34,0.0
20230113:2230,0.0,0.0,0.0,-0.3,2.21,0.0
20230113:2330,0.0,0.0,0.0,-0.34,2.41,0.0
20230114:0030,0.0,0.0,0.0,-0.28,2.55,0.0
20230114:0130,0.0,0.0,0.0,-0.43,2.69,0.0
20230114:0230,0.0,0.0,0.0,-0.61,2.62,0.0
20230114:0330,0.0,0.0,0.0,-0.79,2.69,0.0
20230114:0430,0.0,0.0,0.0,-1.07,2.83,0.0
20230114:0530,0.0,0.0,-1.9,-1.34,2.9,0.0
20230114:0630,18.64,32.76,6.54,-1.43,2.9,0.0
20230114:0730,78.62,98.58,13.61,-1.62,2.83,0.0
20230114:0830,116.98,138.97,18.82,-1.09,2.41,0.0
20230114:0930,101.52,123.04,21.72,-1.35,2.28,0.0
20230114:1030,147.46,169.48,21.98,-0.86,2.28,0.0
20230114:1130,114.71,136.41,19.58,-0.79,2.21,0.0
20230114:1230,58.29,77.61,14.78,-0.83,2.41,0.0
20230114:1330,29.17,45.26,8.03,-0.74,2.9,0.0
20230114:1430,0.0,0.0,-0.18,-0.93,2.9,0.0
20230114:1530,0.0,0.0,0.0,-0.58,2.62,0.0
20230114:1630,0.0,0.0,0.0,-0.48,2.48,0.0
20230114:1730,0.0,0.0,0.0,-0.57,2.07,0.0
20230114:1830,0.0,0.0,0.0,-0.77,1.93,0.0
20230114:1930,0.0,0.0,0.0,-0.65,2.21,0.0
20230114:2030,0.0,0.0,0.0,-0.96,2.07,0.0
20230114:2130,0.0,0.0,0.0,-0.79,1.72,0.0
20230114:2230,0.0,0.0,0.0,-1.3,1.31,0.0
20230114:2330,0.0,0.0,0.0,-1.13,1.45,0.0
20230115:0030,0.0,0.0,0.0,-0.93,1.79,0.0
20230115:0130,0.0,0.0,0.0,-0.72,1.93,0.0
20230115:0230,0.0,0.0,0.0,-0.94,1.86,0.0
20230115:0330,0.0,0.0,0.0,-0.91,1.79,0.0
20230115:0430,0.0,0.0,0.0,-0.86,1.66,0.0
20230115:0530,0.0,0.0,-1.82,-0.6,1.45,0.0
20230115:0630,14.73,27.99,6.64,-0.53,1.45,0.0
20230115:0730,39.63,57.1,13.73,-0.43,1.72,0.0
20230115:0830,48.82,67.9,18.97,0.61,1.59,0.0
20230115:0930,96.41,118.07,21.89,0.6,1.38,0.0
20230115:1030,101.29,123.51,22.17,1.0,1.1,0.0
20230115:1130,53.12,72.77,19.78,0.85,0.83,0.0
20230115:1230,29.83,46.42,14.98,0.59,1.03,0.0
20230115:1330,42.06,60.11,8.23,0.54,2.07,0.0
20230115:1430,0.0,3.6,0.01,0.54,2.0,0.0
20230115:1530,0.0,0.0,0.0,0.67,1.79,0.0
20230115:1630,0.0,0.0,0.0,1.12,2.0,0.0
20230115:1730,0.0,0.0,0.0,1.01,2.07,0.0
20230115:1830,0.0,0.0,0.0,1.07,2.34,0.0
20230115:1930,0.0,0.0,0.0,1.55,2.83,0.0
20230115:2030,0.0,0.0,0.0,2.2,3.03,0.0
20230115:2130,0.0,0.0,0.0,2.59,3.03,0.0
20230115:2230,0.0,0.0,0.0,3.42,3.66,0.0
20230115:2330,0.0,0.0,0.0,3.45,3.79,0.0
20230116:0030,0.0,0.0,0.0,3.53,3.72,0.0
20230116:0130,0.0,0.0,0.0,3.27,3.72,0.0
20230116:0230,0.0,0.0,0.0,4.18,3.59,0.0
20230116:0330,0.0,0.0,0.0,4.26,3.72,0.0
20230116:0430,0.0,0.0,0.0,4.35,4.07,0.0
20230116:0530,0.0,0.0,-1.73,4.65,4.41,0.0
20230116:0630,22.0,37.67,6.75,4.91,4.69,0.0
20230116:0730,110.03,133.76,13.86,5.13,5.52,0.0
20230116:0830,159.97,186.85,19.12,6.66,6.14,0.0
20230116:0930,226.12,254.91,22.07,6.36,6.69,0.0
20230116:1030,145.96,172.71,22.36,7.04,6.21,0.0
20230116:1130,188.75,216.83,19.98,6.44,7.17,0.0
20230116:1230,172.13,198.99,15.18,6.47,6.69,0.0
20230116:1330,68.08,90.17,8.43,6.29,6.62,0.0
20230116:1430,0.0,3.94,0.21,6.11,6.76,0.0
20230116:1530,0.0,0.0,0.0,6.11,6.76,0.0
20230116:1630,0.0,0.0,0.0,6.35,6.9,0.0
20230116:1730,0.0,0.0,0.0,6.65,7.03,0.0
20230116:1830,0.0,0.0,0.0,6.79,7.17,0.0
20230116:1930,0.0,0.0,0.0,6.93,7.59,0.0
20230116:2030,0.0,0.0,0.0,7.51,8.07,0.0
20230116:2130,0.0,0.0,0.0,7.57,8.28,0.0
20230116:2230,0.0,0.0,0.0,8.02,8.41,0.0
20230116:2330,0.0,0.0,0.0,7.97,8.34,0.0
20230117:0030,0.0,0.0,0.0,7.81,8.28,0.0
20230117:0130,0.0,0.0,0.0,7.79,8.14,0.0
20230117:0230,0.0,0.0,0.0,8.03,8.28,0.0
20230117:0330,0.0,0.0,0.0,8.04,8.41,0.0
20230117:0430,0.0,0.0,0.0,8.44,8.34,0.0
20230117:0530,0.0,0.0,-1.63,8.62,8.62,0.0
20230117:0630,23.61,40.16,6.87,8.66,8.97,0.0
20230117:0730,189.92,217.88,14.0,8.23,8.9,0.0
20230117:0830,387.62,427.33,19.29,10.1,8.9,0.0
20230117:0930,394.59,433.04,22.25,9.34,8.28,0.0
20230117:1030,285.85,322.46,22.56,11.13,8.21,0.0
20230117:1130,93.31,119.33,20.18,10.85,8.48,0.0
20230117:1230,148.54,177.19,15.39,10.24,8.34,0.0
20230117:1330,79.27,103.89,8.64,10.1,8.21,0.0
20230117:1430,0.52,6.91,0.41,9.39,7.86,0.0
20230117:1530,0.0,0.0,0.0,9.39,7.17,0.0
20230117:1630,0.0,0.0,0.0,9.45,7.38,0.0
20230117:1730,0.0,0.0,0.0,9.22,7.17,0.0
20230117:1830,0.0,0.0,0.0,8.38,6.83,0.0
20230117:1930,0.0,0.0,0.0,8.24,5.86,0.0
20230117:2030,0.0,0.0,0.0,7.95,5.03,0.0
20230117:2130,0.0,0.0,0.0,7.77,5.17,0.0
20230117:2230,0.0,0.0,0.0,8.47,5.45,0.0
20230117:2330,0.0,0.0,0.0,8.77,6.0,0.0
20230118:0030,0.0,0.0,0.0,8.93,6.28,0.0
20230118:0130,0.0,0.0,0.0,9.04,7.03,0.0
20230118:0230,0.0,0.0,0.0,9.57,7.1,0.0
20230118:0330,0.0,0.0,0.0,9.48,7.31,0.0
20230118:0430,0.0,0.0,0.0,9.44,8.21,0.0
20230118:0530,0.0,0.0,-1.53,10.03,8.55,0.0
20230118:0630,177.81,210.3,6.99,9.79,9.17,0.0
20230118:0730,317.12,352.57,14.14,9.79,9.45,0.0
20230118:0830,464.06,512.41,19.45,11.63,9.38,0.0
20230118:0930,626.47,693.16,22.44,11.21,8.55,0.0
20230118:1030,628.55,698.5,22.77,12.67,9.38,0.0
20230118:1130,221.0,255.55,20.4,12.55,9.72,0.0
20230118:1230,266.77,302.24,15.6,11.56,9.93,0.0
20230118:1330,178.64,211.24,8.85,11.69,9.66,0.0
20230118:1430,0.35,6.53,0.61,10.71,9.66,0.0
20230118:1530,0.0,0.0,0.0,10.77,8.83,0.0
20230118:1630,0.0,0.0,0.0,10.97,7.72,0.0
20230118:1730,0.0,0.0,0.0,9.65,7.31,0.0
20230118:1830,0.0,0.0,0.0,9.71,7.31,0.0
20230118:1930,0.0,0.0,0.0,9.91,6.48,0.0
20230118:2030,0.0,0.0,0.0,9.04,5.38,0.0
20230118:2130,0.0,0.0,0.0,9.28,4.97,0.0
20230118:2230,0.0,0.0,0.0,8.44,5.24,0.0
20230118:2330,0.0,0.0,0.0,8.66,5.59,0.0
20230119:0030,0.0,0.0,0.0,8.79,5.59,0.0
20230119:0130,0.0,0.0,0.0,8.76,5.79,0.0
20230119:0230,0.0,0.0,0.0,8.61,6.48,0.0
20230119:0330,0.0,0.0,0.0,8.72,6.76,0.0
20230119:0430,0.0,0.0,0.0,8.87,6.9,0.0
20230119:0530,0.0,0.0,-1.42,8.95,7.03,0.0
20230119:0630,208.92,243.14,7.12,8.95,7.52,0.0
20230119:0730,415.24,455.66,14.3,8.67,8.62,0.0
20230119:0830,535.68,593.93,19.63,11.93,8.41,0.0
20230119:0930,643.23,712.5,22.64,11.45,8.83,0.0
20230119:1030,666.98,747.77,22.98,13.68,8.76,0.0
20230119:1130,608.15,677.6,20.62,13.16,9.17,0.0
20230119:1230,473.04,526.78,15.82,12.66,8.83,0.0
20230119:1330,269.17,309.67,9.06,12.47,8.34,0.0
20230119:1430,0.62,7.16,0.82,10.22,9.24,0.0
20230119:1530,0.0,0.0,0.0,10.61,9.17,0.0
20230119:1630,0.0,0.0,0.0,10.98,9.1,0.0
20230119:1730,0.0,0.0,0.0,9.36,9.17,0.0
20230119:1830,0.0,0.0,0.0,9.49,9.03,0.0
20230119:1930,0.0,0.0,0.0,9.67,8.76,0.0
20230119:2030,0.0,0.0,0.0,9.43,8.41,0.0
20230119:2130,0.0,0.0,0.0,9.56,8.21,0.0
20230119:2230,0.0,0.0,0.0,8.97,8.28,0.0
20230119:2330,0.0,0.0,0.0,9.11,7.72,0.0
20230120:0030,0.0,0.0,0.0,9.21,7.03,0.0
20230120:0130,0.0,0.0,0.0,9.22,6.34,0.0
20230120:0230,0.0,0.0,0.0,8.52,6.14,0.0
20230120:0330,0.0,0.0,0.0,8.41,6.14,0.0
20230120:0430,0.0,0.0,0.0,8.46,6.14,0.0
20230120:0530,0.0,0.0,-1.3,8.27,6.14,0.0
20230120:0630,153.3,183.72,7.25,8.62,5.86,0.0
20230120:0730,383.59,425.86,14.45,8.9,5.79,0.0
20230120:0830,523.63,587.6,19.81,12.01,5.59,0.0
20230120:0930,556.54,624.11,22.84,11.59,5.66,0.0
20230120:1030,582.62,654.72,23.2,11.93,5.72,0.0
20230120:1130,515.22,577.2,20.84,11.54,5.52,0.0
20230120:1230,409.11,457.99,16.05,11.07,5.52,0.0
20230120:1330,195.21,229.31,9.28,10.74,5.31,0.0
20230120:1430,1.95,9.84,1.03,7.92,4.83,0.0
20230120:1530,0.0,0.0,0.0,8.26,4.34,0.0
20230120:1630,0.0,0.0,0.0,8.8,4.48,0.0
20230120:1730,0.0,0.0,0.0,6.31,4.62,0.0
20230120:1830,0.0,0.0,0.0,6.56,4.83,0.0
20230120:1930,0.0,0.0,0.0,6.54,5.31,0.0
20230120:2030,0.0,0.0,0.0,4.93,5.66,0.0
20230120:2130,0.0,0.0,0.0,4.87,5.38,0.0
20230120:2230,0.0,0.0,0.0,3.93,4.55,0.0
20230120:2330,0.0,0.0,0.0,3.8,4.69,0.0
20230121:0030,0.0,0.0,0.0,4.12,4.83,0.0
20230121:0130,0.0,0.0,0.0,4.7,4.83,0.0
20230121:0230,0.0,0.0,0.0,4.59,5.03,0.0
20230121:0330,0.0,0.0,0.0,5.04,5.17,0.0
20230121:0430,0.0,0.0,0.0,5.59,4.83,0.0
20230121:0530,0.0,0.0,-1.18,5.94,4.28,0.0
20230121:0630,221.52,255.1,7.4,6.31,4.28,0.0
20230121:0730,460.78,504.96,14.62,6.5,5.38,0.0
20230121:0830,630.14,698.09,20.0,8.45,5.59,0.0
20230121:0930,719.31,798.3,23.05,7.42,5.45,0.0
20230121:1030,706.64,800.67,23.42,10.01,4.28,0.0
20230121:1130,641.48,721.3,21.07,9.38,4.07,0.0
20230121:1230,505.83,563.62,16.28,9.02,4.21,0.0
20230121:1330,300.0,340.45,9.5,8.66,4.07,0.0
20230121:1430,1.61,9.15,1.25,6.83,3.31,0.0
20230121:1530,0.0,0.0,0.0,6.79,3.03,0.0
20230121:1630,0.0,0.0,0.0,6.84,3.1,0.0
20230121:1730,0.0,0.0,0.0,5.14,2.97,0.0
20230121:1830,0.0,0.0,0.0,5.94,2.83,0.0
20230121:1930,0.0,0.0,0.0,6.54,2.9,0.0
20230121:2030,0.0,0.0,0.0,5.98,2.69,0.0
20230121:2130,0.0,0.0,0.0,5.91,2.62,0.0
20230121:2230,0.0,0.0,0.0,4.63,3.1,0.0
20230121:2330,0.0,0.0,0.0,4.7,4.07,0.0
20230122:0030,0.0,0.0,0.0,4.61,4.69,0.0
20230122:0130,0.0,0.0,0.0,4.23,5.03,0.0
20230122:0230,0.0,0.0,0.0,3.34,5.24,0.0
20230122:0330,0.0,0.0,0.0,2.74,5.17,0.0
20230122:0430,0.0,0.0,0.0,2.68,5.31,0.0
20230122:0530,0.0,0.0,-1.05,1.85,5.52,0.0
20230122:0630,17.61,31.85,7.54,1.93,5.38,0.0
20230122:0730,110.74,132.66,14.79,1.78,5.52,0.0
20230122:0830,240.68,265.36,20.19,1.74,5.45,0.0
20230122:0930,255.99,281.34,23.26,2.04,5.31,0.0
20230122:1030,344.51,374.23,23.65,3.11,5.52,0.0
20230122:1130,326.47,355.7,21.31,3.4,5.52,0.0
20230122:1230,211.32,236.81,16.51,3.38,5.45,0.0
20230122:1330,83.56,105.57,9.73,3.07,5.52,0.0
20230122:1430,1.68,9.15,1.47,2.06,5.24,0.0
20230122:1530,0.0,0.0,0.0,1.98,5.1,0.0
20230122:1630,0.0,0.0,0.0,1.71,5.24,0.0
20230122:1730,0.0,0.0,0.0,0.86,5.38,0.0
20230122:1830,0.0,0.0,0.0,0.67,5.45,0.0
20230122:1930,0.0,0.0,0.0,0.56,5.45,0.0
20230122:2030,0.0,0.0,0.0,0.29,5.45,0.0
20230122:2130,0.0,0.0,0.0,0.29,5.38,0.0
20230122:2230,0.0,0.0,0.0,0.34,4.97,0.0
20230122:2330,0.0,0.0,0.0,0.53,5.17,0.0
20230123:0030,0.0,0.0,0.0,0.56,4.69,0.0
20230123:0130,0.0,0.0,0.0,0.48,4.97,0.0
20230123:0230,0.0,0.0,0.0,0.31,5.1,0.0
20230123:0330,0.0,0.0,0.0,0.41,5.03,0.0
20230123:0430,0.0,0.0,0.0,0.43,4.69,0.0
20230123:0530,0.0,0.0,-0.91,0.47,4.21,0.0
20230123:0630,43.41,61.68,7.7,0.38,4.14,0.0
20230123:0730,70.48,90.26,14.97,0.39,4.55,0.0
20230123:0830,87.52,108.56,20.4,0.6,4.97,0.0
20230123:0930,93.59,115.2,23.49,0.76,4.83,0.0
20230123:1030,95.57,117.65,23.89,1.24,5.79,0.0
20230123:1130,106.43,128.5,21.55,1.15,5.86,0.0
20230123:1230,56.06,75.58,16.75,1.35,6.0,0.0
20230123:1330,18.96,33.4,9.96,1.43,5.59,0.0
20230123:1430,0.07,5.69,1.69,1.33,5.72,0.0
20230123:1530,0.0,0.0,0.0,1.26,4.76,0.0
20230123:1630,0.0,0.0,0.0,1.22,4.69,0.0
20230123:1730,0.0,0.0,0.0,0.85,4.69,0.0
20230123:1830,0.0,0.0,0.0,0.87,4.83,0.0
20230123:1930,0.0,0.0,0.0,0.84,4.69,0.0
20230123:2030,0.0,0.0,0.0,0.69,4.55,0.0
20230123:2130,0.0,0.0,0.0,0.72,4.34,0.0
20230123:2230,0.0,0.0,0.0,0.62,4.48,0.0
20230123:2330,0.0,0.0,0.0,0.63,4.34,0.0
20230124:0030,0.0,0.0,0.0,0.63,4.21,0.0
20230124:0130,0.0,0.0,0.0,0.62,4.14,0.0
20230124:0230,0.0,0.0,0.0,0.33,4.14,0.0
20230124:0330,0.0,0.0,0.0,0.32,4.07,0.0
20230124:0430,0.0,0.0,0.0,0.21,4.28,0.0
20230124:0530,0.0,0.0,-0.77,-0.03,4.34,0.0
20230124:0630,14.48,27.69,7.86,-0.05,4.48,0.0
20230124:0730,33.08,49.86,15.15,-0.25,4.62,0.0
20230124:0830,85.5,106.44,20.6,-0.05,4.41,0.0
20230124:0930,109.67,131.73,23.71,-0.22,3.93,0.0
20230124:1030,131.74,154.29,24.13,0.25,4.28,0.0
20230124:1130,72.31,92.83,21.79,0.34,4.28,0.0
20230124:1230,51.6,70.43,16.99,0.24,4.48,0.0
20230124:1330,16.96,30.86,10.19,0.32,4.48,0.0
20230124:1430,0.0,5.32,1.91,0.13,4.76,0.0
20230124:1530,0.0,0.0,0.0,0.31,4.41,0.0
20230124:1630,0.0,0.0,0.0,0.31,4.34,0.0
20230124:1730,0.0,0.0,0.0,0.39,4.21,0.0
20230124:1830,0.0,0.0,0.0,-0.07,4.21,0.0
20230124:1930,0.0,0.0,0.0,0.13,4.21,0.0
20230124:2030,0.0,0.0,0.0,0.18,4.0,0.0
20230124:2130,0.0,0.0,0.0,0.19,4.0,0.0
20230124:2230,0.0,0.0,0.0,0.43,4.41,0.0
20230124:2330,0.0,0.0,0.0,0.54,4.55,0.0
20230125:0030,0.0,0.0,0.0,0.57,4.55,0.0
20230125:0130,0.0,0.0,0.0,0.6,4.34,0.0
20230125:0230,0.0,0.0,0.0,0.36,4.0,0.0
20230125:0330,0.0,0.0,0.0,0.32,3.86,0.0
20230125:0430,0.0,0.0,0.0,0.26,3.93,0.0
20230125:0530,0.0,0.0,-0.62,-0.04,4.07,0.0
20230125:0630,41.63,59.56,8.03,-0.13,4.14,0.0
20230125:0730,35.15,52.15,15.34,-0.34,4.21,0.0
20230125:0830,60.04,79.57,20.82,-0.07,4.0,0.0
20230125:0930,69.94,90.43,23.95,-0.25,3.66,0.0
20230125:1030,97.36,118.88,24.38,0.12,3.93,0.0
20230125:1130,106.96,128.83,22.04,0.09,3.59,0.0
20230125:1230,84.02,104.73,17.24,0.24,3.38,0.0
20230125:1330,36.1,53.39,10.43,0.28,3.52,0.0
20230125:1430,0.62,6.96,2.14,-0.05,3.59,0.0
20230125:1530,0.0,0.0,0.0,0.25,3.1,0.0
20230125:1630,0.0,0.0,0.0,0.5,2.97,0.0
20230125:1730,0.0,0.0,0.0,0.02,2.9,0.0
20230125:1830,0.0,0.0,0.0,0.15,2.83,0.0
20230125:1930,0.0,0.0,0.0,0.08,2.62,0.0
20230125:2030,0.0,0.0,0.0,-0.09,2.14,0.0
20230125:2130,0.0,0.0,0.0,-0.15,2.07,0.0
20230125:2230,0.0,0.0,0.0,-0.33,2.76,0.0
20230125:2330,0.0,0.0,0.0,-0.2,2.83,0.0
20230126:0030,0.0,0.0,0.0,-0.17,2.83,0.0
20230126:0130,0.0,0.0,0.0,-0.34,3.1,0.0
20230126:0230,0.0,0.0,0.0,-0.76,3.24,0.0
20230126:0330,0.0,0.0,0.0,-0.95,3.45,0.0
20230126:0430,0.0,0.0,0.0,-0.89,3.45,0.0
20230126:0530,0.0,0.0,-0.47,-1.3,3.52,0.0
20230126:0630,87.87,108.98,8.2,-1.14,3.66,0.0
20230126:0730,186.72,208.69,15.54,-1.13,3.93,0.0
20230126:0830,179.63,203.0,21.04,-0.39,3.59,0.0
20230126:0930,180.81,204.41,24.19,-0.6,3.52,0.0
20230126:1030,236.62,261.35,24.63,0.0,3.52,0.0
20230126:1130,209.27,232.97,22.3,0.0,3.24,0.0
20230126:1230,93.76,115.11,17.49,-0.12,3.38,0.0
20230126:1330,55.79,74.95,10.67,-0.34,3.45,0.0
20230126:1430,4.71,14.4,2.37,-0.9,3.52,0.0
20230126:1530,0.0,0.0,0.0,-0.68,3.59,0.0
20230126:1630,0.0,0.0,0.0,-0.64,3.72,0.0
20230126:1730,0.0,0.0,0.0,-1.65,3.59,0.0
20230126:1830,0.0,0.0,0.0,-1.6,3.86,0.0
20230126:1930,0.0,0.0,0.0,-1.62,3.79,0.0
20230126:2030,0.0,0.0,0.0,-1.89,3.66,0.0
20230126:2130,0.0,0.0,0.0,-1.74,4.0,0.0
20230126:2230,0.0,0.0,0.0,-1.32,4.76,0.0
20230126:2330,0.0,0.0,0.0,-1.21,4.9,0.0
20230127:0030,0.0,0.0,0.0,-1.04,4.48,0.0
20230127:0130,0.0,0.0,0.0,-1.18,3.66,0.0
20230127:0230,0.0,0.0,0.0,-0.87,3.93,0.0
20230127:0330,0.0,0.0,0.0,-0.67,4.48,0.0
20230127:0430,0.0,0.0,0.0,-0.63,4.41,0.0
20230127:0530,0.0,0.0,-0.31,-0.97,4.48,0.0
20230127:0630,117.03,139.19,8.38,-0.99,5.17,0.0
20230127:0730,151.27,171.92,15.74,-1.11,6.07,0.0
20230127:0830,108.42,129.69,21.26,-0.57,6.21,0.0
20230127:0930,134.6,156.44,24.43,-0.62,6.21,0.0
20230127:1030,204.61,225.64,24.89,-0.64,6.55,0.0
20230127:1130,133.59,155.62,22.56,-0.4,6.48,0.0
20230127:1230,68.62,88.71,17.74,-0.42,6.21,0.0
20230127:1330,20.61,35.27,10.91,-0.36,5.86,0.0
20230127:1430,1.43,8.6,2.6,-0.69,6.55,0.0
20230127:1530,0.0,0.0,0.0,-0.59,6.97,0.0
20230127:1630,0.0,0.0,0.0,-0.56,7.03,0.0
20230127:1730,0.0,0.0,0.0,-0.73,7.17,0.0
20230127:1830,0.0,0.0,0.0,-0.62,6.9,0.0
20230127:1930,0.0,0.0,0.0,-0.53,6.55,0.0
20230127:2030,0.0,0.0,0.0,-0.41,6.48,0.0
20230127:2130,0.0,0.0,0.0,-0.66,6.69,0.0
20230127:2230,0.0,0.0,0.0,-0.71,7.24,0.0
20230127:2330,0.0,0.0,0.0,-0.85,7.59,0.0
20230128:0030,0.0,0.0,0.0,-0.61,7.59,0.0
20230128:0130,0.0,0.0,0.0,-0.32,7.72,0.0
20230128:0230,0.0,0.0,0.0,-0.31,7.66,0.0
20230128:0330,0.0,0.0,0.0,-0.5,7.59,0.0
20230128:0430,0.0,0.0,0.0,-0.59,7.38,0.0
20230128:0530,0.0,0.0,-0.14,-0.63,7.24,0.0
20230128:0630,15.99,29.54,8.56,-0.62,7.45,0.0
20230128:0730,38.08,55.48,15.95,-0.58,7.38,0.0
20230128:0830,79.9,100.58,21.49,-0.2,7.79,0.0
20230128:0930,45.4,63.72,24.69,-0.09,7.72,0.0
20230128:1030,67.04,87.17,25.15,0.26,8.0,0.0
20230128:1130,38.73,56.39,22.83,0.27,7.66,0.0
20230128:1230,23.29,38.55,18.0,0.12,7.24,0.0
20230128:1330,9.81,21.57,11.16,0.22,6.83,0.0
20230128:1430,0.0,3.91,2.84,-0.36,7.45,0.0
20230128:1530,0.0,0.0,0.0,-0.15,7.24,0.0
20230128:1630,0.0,0.0,0.0,-0.18,7.24,0.0
20230128:1730,0.0,0.0,0.0,-0.88,7.03,0.0
20230128:1830,0.0,0.0,0.0,-0.9,6.9,0.0
20230128:1930,0.0,0.0,0.0,-0.88,6.83,0.0
20230128:2030,0.0,0.0,0.0,-1.36,6.76,0.0
20230128:2130,0.0,0.0,0.0,-1.44,6.76,0.0
20230128:2230,0.0,0.0,0.0,-1.86,6.83,0.0
20230128:2330,0.0,0.0,0.0,-1.96,7.1,0.0
20230129:0030,0.0,0.0,0.0,-2.0,7.17,0.0
20230129:0130,0.0,0.0,0.0,-2.02,7.24,0.0
20230129:0230,0.0,0.0,0.0,-2.21,7.1,0.0
20230129:0330,0.0,0.0,0.0,-2.22,7.03,0.0
20230129:0430,0.0,0.0,0.0,-2.26,7.1,0.0
20230129:0530,0.0,2.05,0.03,-2.24,7.1,0.0
20230129:0630,11.46,23.57,8.76,-2.28,6.97,0.0
20230129:0730,26.27,41.63,16.16,-2.38,6.62,0.0
20230129:0830,95.74,115.8,21.73,-1.76,6.83,0.0
20230129:0930,205.17,226.29,24.94,-1.78,7.38,0.0
20230129:1030,180.76,203.17,25.42,-0.79,7.93,0.0
20230129:1130,155.21,176.28,23.1,-0.8,7.52,0.0
20230129:1230,160.52,181.53,18.26,-0.78,7.31,0.0
20230129:1330,45.25,63.28,11.41,-0.75,6.9,0.0
20230129:1430,4.75,14.4,3.08,-0.98,6.69,0.0
20230129:1530,0.0,0.0,0.0,-0.93,6.07,0.0
20230129:1630,0.0,0.0,0.0,-0.88,5.45,0.0
20230129:1730,0.0,0.0,0.0,-1.58,4.97,0.0
20230129:1830,0.0,0.0,0.0,-1.45,4.69,0.0
20230129:1930,0.0,0.0,0.0,-1.43,4.62,0.0
20230129:2030,0.0,0.0,0.0,-1.96,4.34,0.0
20230129:2130,0.0,0.0,0.0,-1.92,3.66,0.0
20230129:2230,0.0,0.0,0.0,-1.8,3.17,0.0
20230129:2330,0.0,0.0,0.0,-2.03,3.31,0.0
20230130:0030,0.0,0.0,0.0,-2.13,3.52,0.0
20230130:0130,0.0,0.0,0.0,-2.17,3.31,0.0
20230130:0230,0.0,0.0,0.0,-2.67,3.17,0.0
20230130:0330,0.0,0.0,0.0,-2.66,2.83,0.0
20230130:0430,0.0,0.0,0.0,-3.64,2.34,0.0
20230130:0530,0.36,6.28,0.21,-5.14,2.55,0.0
20230130:0630,277.59,300.67,8.95,-5.7,2.55,0.0
20230130:0730,515.88,549.0,16.38,-4.78,1.79,0.0
20230130:0830,678.97,739.3,21.98,-0.91,2.48,0.0
20230130:0930,765.49,842.55,25.21,-0.61,2.55,0.0
20230130:1030,744.85,823.69,25.69,0.38,2.41,0.0
20230130:1130,675.96,734.08,23.37,0.21,3.31,0.0
20230130:1230,512.82,549.49,18.53,0.15,3.93,0.0
20230130:1330,328.66,357.14,11.67,0.13,4.07,0.0
20230130:1430,102.21,130.39,3.32,-0.53,4.07,0.0
20230130:1530,0.0,0.0,0.0,-0.08,3.66,0.0
20230130:1630,0.0,0.0,0.0,-0.02,4.0,0.0
20230130:1730,0.0,0.0,0.0,-1.41,3.86,0.0
20230130:1830,0.0,0.0,0.0,-1.82,3.72,0.0
20230130:1930,0.0,0.0,0.0,-2.54,3.72,0.0
20230130:2030,0.0,0.0,0.0,-2.65,3.66,0.0
20230130:2130,0.0,0.0,0.0,-2.35,3.45,0.0
20230130:2230,0.0,0.0,0.0,-1.88,4.14,0.0
20230130:2330,0.0,0.0,0.0,-1.38,4.14,0.0
20230131:0030,0.0,0.0,0.0,-1.33,3.93,0.0
20230131:0130,0.0,0.0,0.0,-1.91,3.45,0.0
20230131:0230,0.0,0.0,0.0,-2.67,2.83,0.0
20230131:0330,0.0,0.0,0.0,-3.44,2.34,0.0
20230131:0430,0.0,0.0,0.0,-4.15,2.14,0.0
20230131:0530,0.05,5.6,0.39,-2.45,2.28,0.0
20230131:0630,45.55,63.11,9.16,-3.8,2.34,0.0
20230131:0730,118.01,138.11,16.61,-3.46,2.34,0.0
20230131:0830,178.28,201.79,22.23,-1.21,2.48,0.0
20230131:0930,254.41,279.75,25.48,-1.0,2.76,0.0
20230131:1030,229.74,256.28,25.97,0.81,2.97,0.0
20230131:1130,106.98,129.87,23.65,1.01,3.1,0.0
20230131:1230,71.86,92.92,18.8,1.18,3.45,0.0
20230131:1330,45.15,63.89,11.92,1.38,3.52,0.0
20230131:1430,7.92,19.16,3.56,1.57,3.1,0.0
20230131:1530,0.0,0.0,0.0,1.54,2.07,0.0
20230131:1630,0.0,0.0,0.0,1.86,1.93,0.0
20230131:1730,0.0,0.0,0.0,1.31,2.34,0.0
20230131:1830,0.0,0.0,0.0,1.19,2.76,0.0
20230131:1930,0.0,0.0,0.0,1.01,2.83,0.0
20230131:2030,0.0,0.0,0.0,1.09,3.31,0.0
20230131:2130,0.0,0.0,0.0,0.9,3.38,0.0
20230131:2230,0.0,0.0,0.0,0.19,2.97,0.0
20230131:2330,0.0,0.0,0.0,0.16,3.24,0.0
20230201:0030,0.0,0.0,0.0,0.56,3.66,0.0
20230201:0130,0.0,0.0,0.0,1.1,4.07,0.0
20230201:0230,0.0,0.0,0.0,0.99,4.28,0.0
20230201:0330,0.0,0.0,0.0,1.13,4.34,0.0
20230201:0430,0.0,0.0,0.0,1.44,4.41,0.0
20230201:0530,0.12,5.83,0.58,1.15,4.14,0.0
20230201:0630,103.89,126.85,9.36,1.28,3.86,0.0
20230201:0730,295.63,322.24,16.84,1.31,3.59,0.0
20230201:0830,280.1,308.94,22.48,3.57,3.72,0.0
20230201:0930,486.29,529.32,25.75,3.12,3.38,0.0
20230201:1030,402.04,439.7,26.26,4.29,4.0,0.0
20230201:1130,507.37,552.86,23.93,4.42,4.48,0.0
20230201:1230,433.22,473.25,19.07,5.0,4.55,0.0
20230201:1330,327.57,362.62,12.18,4.99,4.97,0.0
20230201:1430,52.52,75.56,3.8,3.83,4.76,0.0
20230201:1530,0.0,0.0,0.0,3.81,4.69,0.0
20230201:1630,0.0,0.0,0.0,3.8,4.41,0.0
20230201:1730,0.0,0.0,0.0,2.68,3.93,0.0
20230201:1830,0.0,0.0,0.0,2.31,3.66,0.0
20230201:1930,0.0,0.0,0.0,2.01,3.45,0.0
20230201:2030,0.0,0.0,0.0,1.38,3.38,0.0
20230201:2130,0.0,0.0,0.0,1.24,3.66,0.0
20230201:2230,0.0,0.0,0.0,1.42,3.79,0.0
20230201:2330,0.0,0.0,0.0,1.48,3.66,0.0
20230202:0030,0.0,0.0,0.0,1.14,3.59,0.0
20230202:0130,0.0,0.0,0.0,0.85,3.66,0.0
20230202:0230,0.0,0.0,0.0,0.05,3.52,0.0
20230202:0330,0.0,0.0,0.0,-0.19,3.17,0.0
20230202:0430,0.0,0.0,0.0,-0.44,2.9,0.0
20230202:0530,2.17,9.97,0.78,-1.2,2.41,0.0
20230202:0630,233.34,260.63,9.58,-0.74,2.55,0.0
20230202:0730,334.03,362.08,17.08,-0.09,3.03,0.0
20230202:0830,315.41,348.95,22.74,3.75,2.83,0.0
20230202:0930,261.89,293.74,26.03,3.81,2.41,0.0
20230202:1030,266.17,300.87,26.55,6.3,2.9,0.0
20230202:1130,286.22,321.33,24.22,6.08,3.45,0.0
20230202:1230,253.25,285.46,19.35,6.11,3.79,0.0
20230202:1330,143.3,170.75,12.44,6.16,3.59,0.0
20230202:1430,64.05,88.87,4.05,4.49,2.41,0.0
20230202:1530,0.0,0.0,0.0,4.31,2.14,0.0
20230202:1630,0.0,0.0,0.0,3.98,2.14,0.0
20230202:1730,0.0,0.0,0.0,1.52,2.28,0.0
20230202:1830,0.0,0.0,0.0,1.15,2.21,0.0
20230202:1930,0.0,0.0,0.0,1.05,2.14,0.0
20230202:2030,0.0,0.0,0.0,0.16,1.86,0.0
20230202:2130,0.0,0.0,0.0,-0.1,2.21,0.0
20230202:2230,0.0,0.0,0.0,-1.66,2.14,0.0
20230202:2330,0.0,0.0,0.0,-1.33,1.72,0.0
20230203:0030,0.0,0.0,0.0,-1.03,1.86,0.0
20230203:0130,0.0,0.0,0.0,-1.46,2.0,0.0
20230203:0230,0.0,0.0,0.0,-2.74,1.79,0.0
20230203:0330,0.0,0.0,0.0,-2.99,1.79,0.0
20230203:0430,0.0,0.0,0.0,-2.47,2.21,0.0
20230203:0530,2.13,9.88,0.98,-1.65,2.48,0.0
20230203:0630,230.93,256.76,9.8,-1.58,3.03,0.0
20230203:0730,462.2,493.79,17.32,-1.31,3.31,0.0
20230203:0830,620.95,677.94,23.01,2.47,3.45,0.0
20230203:0930,732.71,807.28,26.32,3.1,3.86,0.0
20230203:1030,669.3,734.28,26.84,4.99,5.03,0.0
20230203:1130,583.7,634.21,24.51,4.67,5.31,0.0
20230203:1230,490.19,530.18,19.63,4.3,5.59,0.0
20230203:1330,318.92,351.25,12.71,4.23,5.66,0.0
20230203:1430,98.8,127.86,4.3,3.42,5.1,0.0
20230203:1530,0.0,0.0,0.0,3.95,5.52,0.0
20230203:1630,0.0,0.0,0.0,3.97,5.66,0.0
20230203:1730,0.0,0.0,0.0,1.94,5.31,0.0
20230203:1830,0.0,0.0,0.0,1.23,4.9,0.0
20230203:1930,0.0,0.0,0.0,0.98,4.07,0.0
20230203:2030,0.0,0.0,0.0,-0.73,3.1,0.0
20230203:2130,0.0,0.0,0.0,-1.17,2.55,0.0
20230203:2230,0.0,0.0,0.0,-2.66,2.41,0.0
20230203:2330,0.0,0.0,0.0,-3.14,1.86,0.0
20230204:0030,0.0,0.0,0.0,-3.61,1.86,0.0
20230204:0130,0.0,0.0,0.0,-3.81,1.93,0.0
20230204:0230,0.0,0.0,0.0,-2.05,0.62,0.0
20230204:0330,0.0,0.0,0.0,-2.49,1.52,0.0
20230204:0430,0.0,0.0,0.0,-4.11,1.72,0.0
20230204:0530,1.97,9.56,1.18,-2.62,2.28,0.0
20230204:0630,77.22,97.69,10.03,-1.39,3.1,0.0
20230204:0730,274.4,297.62,17.57,-0.76,3.93,0.0
20230204:0830,420.67,453.79,23.28,2.19,4.76,0.0
20230204:0930,379.62,408.61,26.61,1.91,5.52,0.0
20230204:1030,484.57,520.9,27.14,2.71,5.93,0.0
20230204:1130,287.96,314.72,24.81,2.46,5.86,0.0
20230204:1230,205.12,229.48,19.91,2.22,5.66,0.0
20230204:1330,72.56,93.66,12.97,2.24,5.52,0.0
20230204:1430,21.01,36.92,4.55,1.68,5.17,0.0
20230204:1530,0.0,0.0,0.0,1.95,5.03,0.0
20230204:1630,0.0,0.0,0.0,1.86,6.0,0.0
20230204:1730,0.0,0.0,0.0,0.25,6.34,0.0
20230204:1830,0.0,0.0,0.0,-0.2,6.34,0.0
20230204:1930,0.0,0.0,0.0,-0.43,6.21,0.0
20230204:2030,0.0,0.0,0.0,-1.1,5.79,0.0
20230204:2130,0.0,0.0,0.0,-1.09,5.59,0.0
20230204:2230,0.0,0.0,0.0,-1.91,6.0,0.0
20230204:2330,0.0,0.0,0.0,-1.82,5.86,0.0
20230205:0030,0.0,0.0,0.0,-1.65,5.66,0.0
20230205:0130,0.0,0.0,0.0,-1.44,5.66,0.0
20230205:0230,0.0,0.0,0.0,-1.86,6.14,0.0
20230205:0330,0.0,0.0,0.0,-1.93,6.62,0.0
20230205:0430,0.0,0.0,0.0,-2.03,6.76,0.0
20230205:0530,1.51,8.69,1.39,-3.05,6.97,0.0
20230205:0630,149.08,170.13,10.26,-3.29,6.83,0.0
20230205:0730,243.21,261.49,17.82,-3.42,7.31,0.0
20230205:0830,357.13,376.99,23.56,-1.82,7.72,0.0
20230205:0930,188.93,210.4,26.9,-1.67,7.66,0.0
20230205:1030,333.75,356.44,27.44,-0.69,7.31,0.0
20230205:1130,185.62,207.94,25.1,-0.25,6.97,0.0
20230205:1230,179.76,202.0,20.19,-0.34,6.76,0.0
20230205:1330,117.2,138.69,13.24,-0.41,6.76,0.0
20230205:1430,39.88,59.3,4.8,-0.63,6.62,0.0
20230205:1530,0.0,0.0,0.0,-0.46,6.07,0.0
20230205:1630,0.0,0.0,0.0,-0.33,6.28,0.0
20230205:1730,0.0,0.0,0.0,-0.4,6.34,0.0
20230205:1830,0.0,0.0,0.0,-0.18,6.21,0.0
20230205:1930,0.0,0.0,0.0,-0.21,5.93,0.0
20230205:2030,0.0,0.0,0.0,-0.86,5.72,0.0
20230205:2130,0.0,0.0,0.0,-1.55,5.59,0.0
20230205:2230,0.0,0.0,0.0,-1.81,5.59,0.0
20230205:2330,0.0,0.0,0.0,-2.26,5.79,0.0
20230206:0030,0.0,0.0,0.0,-2.15,6.28,0.0
20230206:0130,0.0,0.0,0.0,-2.25,6.76,0.0
20230206:0230,0.0,0.0,0.0,-2.19,7.17,0.0
20230206:0330,0.0,0.0,0.0,-1.78,7.59,0.0
20230206:0430,0.0,0.0,0.0,-1.76,7.66,0.0
20230206:0530,2.24,10.06,1.61,-1.9,7.72,0.0
20230206:0630,168.07,190.17,10.49,-1.95,7.66,0.0
20230206:0730,269.17,288.37,18.08,-2.24,7.93,0.0
20230206:0830,427.93,447.98,23.84,-1.2,9.31,0.0
20230206:0930,652.46,682.46,27.2,-1.21,8.9,0.0
20230206:1030,529.98,554.9,27.75,0.2,10.62,0.0
20230206:1130,322.28,344.04,25.41,0.13,10.55,0.0
20230206:1230,209.37,230.99,20.48,-0.04,9.31,0.0
20230206:1330,203.47,225.91,13.51,0.3,9.45,0.0
20230206:1430,35.58,53.88,5.06,-0.29,8.07,0.0
20230206:1530,0.0,0.0,-4.4,-0.1,7.66,0.0
20230206:1630,0.0,0.0,0.0,-0.27,7.31,0.0
20230206:1730,0.0,0.0,0.0,-0.92,7.24,0.0
20230206:1830,0.0,0.0,0.0,-0.96,7.1,0.0
20230206:1930,0.0,0.0,0.0,-1.16,7.1,0.0
20230206:2030,0.0,0.0,0.0,-1.7,7.17,0.0
20230206:2130,0.0,0.0,0.0,-1.9,7.24,0.0
20230206:2230,0.0,0.0,0.0,-2.27,7.72,0.0
20230206:2330,0.0,0.0,0.0,-1.91,7.86,0.0
20230207:0030,0.0,0.0,0.0,-1.84,7.66,0.0
20230207:0130,0.0,0.0,0.0,-1.85,7.38,0.0
20230207:0230,0.0,0.0,0.0,-2.17,6.9,0.0
20230207:0330,0.0,0.0,0.0,-2.13,6.9,0.0
20230207:0430,0.0,0.0,0.0,-2.29,6.55,0.0
20230207:0530,2.54,10.56,1.83,-2.97,6.55,0.0
20230207:0630,207.47,229.38,10.73,-3.12,6.41,0.0
20230207:0730,385.85,404.35,18.35,-3.21,7.31,0.0
20230207:0830,294.88,313.45,24.13,-1.95,7.66,0.0
20230207:0930,551.36,576.86,27.51,-1.82,7.38,0.0
20230207:1030,336.37,358.61,28.06,-1.17,8.0,0.0
20230207:1130,271.16,293.73,25.71,-1.11,7.52,0.0
20230207:1230,153.26,175.43,20.77,-1.0,7.1,0.0
20230207:1330,109.47,130.67,13.78,-0.91,7.03,0.0
20230207:1430,25.29,41.28,5.31,-1.29,6.48,0.0
20230207:1530,0.0,0.0,-4.15,-1.08,6.07,0.0
20230207:1630,0.0,0.0,0.0,-0.99,6.21,0.0
20230207:1730,0.0,0.0,0.0,-2.28,6.62,0.0
20230207:1830,0.0,0.0,0.0,-2.8,6.83,0.0
20230207:1930,0.0,0.0,0.0,-2.88,6.83,0.0
20230207:2030,0.0,0.0,0.0,-3.28,6.97,0.0
20230207:2130,0.0,0.0,0.0,-2.96,7.1,0.0
20230207:2230,0.0,0.0,0.0,-3.29,7.59,0.0
20230207:2330,0.0,0.0,0.0,-3.4,7.45,0.0
20230208:0030,0.0,0.0,0.0,-3.39,7.17,0.0
20230208:0130,0.0,0.0,0.0,-3.29,6.97,0.0
20230208:0230,0.0,0.0,0.0,-4.17,6.83,0.0
20230208:0330,0.0,0.0,0.0,-4.37,6.55,0.0
20230208:0430,0.0,0.0,0.0,-4.37,6.76,0.0
20230208:0530,4.21,13.2,2.06,-5.01,6.9,0.0
20230208:0630,136.95,156.61,10.98,-5.18,7.03,0.0
20230208:0730,283.87,299.7,18.62,-5.41,7.59,0.0
20230208:0830,536.54,560.29,24.42,-2.37,7.66,0.0
20230208:0930,676.91,709.61,27.81,-2.23,7.59,0.0
20230208:1030,736.98,783.19,28.38,0.54,7.93,0.0
20230208:1130,742.4,790.28,26.02,0.74,7.66,0.0
20230208:1230,642.64,681.62,21.07,0.95,7.72,0.0
20230208:1330,428.46,458.4,14.06,0.99,7.72,0.0
20230208:1430,160.79,191.75,5.57,-0.31,7.03,0.0
20230208:1530,0.0,0.0,-3.91,-0.4,6.69,0.0
20230208:1630,0.0,0.0,0.0,-0.54,6.76,0.0
20230208:1730,0.0,0.0,0.0,-3.53,6.83,0.0
20230208:1830,0.0,0.0,0.0,-3.84,6.69,0.0
20230208:1930,0.0,0.0,0.0,-4.16,6.41,0.0
20230208:2030,0.0,0.0,0.0,-5.99,6.21,0.0
20230208:2130,0.0,0.0,0.0,-6.15,6.0,0.0
20230208:2230,0.0,0.0,0.0,-7.34,6.76,0.0
20230208:2330,0.0,0.0,0.0,-7.15,6.62,0.0
20230209:0030,0.0,0.0,0.0,-7.03,6.21,0.0
20230209:0130,0.0,0.0,0.0,-7.04,5.79,0.0
20230209:0230,0.0,0.0,0.0,-8.1,5.66,0.0
20230209:0330,0.0,0.0,0.0,-7.94,5.38,0.0
20230209:0430,0.0,0.0,0.0,-8.03,5.31,0.0
20230209:0530,44.09,66.58,2.3,-8.35,4.9,0.0
20230209:0630,154.59,172.19,11.23,-8.63,4.9,0.0
20230209:0730,357.35,368.8,18.89,-8.88,4.9,0.0
20230209:0830,600.02,631.0,24.72,-3.57,4.62,0.0
20230209:0930,737.35,784.92,28.13,-3.46,4.41,0.0
20230209:1030,817.52,891.17,28.69,0.46,4.69,0.0
20230209:1130,770.82,840.35,26.33,0.57,4.14,0.0
20230209:1230,644.35,697.27,21.36,0.79,3.86,0.0
20230209:1330,432.99,469.56,14.34,0.92,3.66,0.0
20230209:1430,172.81,206.0,5.83,0.44,2.97,0.0
20230209:1530,0.0,0.0,-3.67,1.03,2.14,0.0
20230209:1630,0.0,0.0,0.0,0.39,2.28,0.0
20230209:1730,0.0,0.0,0.0,-3.47,2.21,0.0
20230209:1830,0.0,0.0,0.0,-3.75,2.21,0.0
20230209:1930,0.0,0.0,0.0,-4.05,2.21,0.0
20230209:2030,0.0,0.0,0.0,-6.16,2.14,0.0
20230209:2130,0.0,0.0,0.0,-6.55,2.07,0.0
20230209:2230,0.0,0.0,0.0,-7.21,2.14,0.0
20230209:2330,0.0,0.0,0.0,-7.56,1.86,0.0
20230210:0030,0.0,0.0,0.0,-7.64,1.79,0.0
20230210:0130,0.0,0.0,0.0,-7.56,1.86,0.0
20230210:0230,0.0,0.0,0.0,-8.72,1.79,0.0
20230210:0330,0.0,0.0,0.0,-8.45,1.72,0.0
20230210:0430,0.0,0.0,0.0,-8.35,1.79,0.0
20230210:0530,89.89,119.83,2.53,-8.55,1.86,0.0
20230210:0630,338.55,361.89,11.49,-6.71,2.41,0.0
20230210:0730,570.28,609.02,19.17,-5.03,1.72,0.0
20230210:0830,711.01,790.67,25.02,-0.42,1.45,0.0
20230210:0930,795.5,893.46,28.45,-0.58,1.59,0.0
20230210:1030,798.09,912.0,29.02,2.54,1.59,0.0
20230210:1130,752.12,842.71,26.65,2.52,2.34,0.0
20230210:1230,628.99,690.69,21.66,2.53,2.97,0.0
20230210:1330,425.63,466.6,14.61,2.67,3.1,0.0
20230210:1430,171.69,205.97,6.09,1.74,2.55,0.0
20230210:1530,0.0,0.0,-3.42,1.3,2.28,0.0
20230210:1630,0.0,0.0,0.0,1.26,2.62,0.0
20230210:1730,0.0,0.0,0.0,-1.79,2.97,0.0
20230210:1830,0.0,0.0,0.0,-1.51,3.38,0.0
20230210:1930,0.0,0.0,0.0,-1.76,3.52,0.0
20230210:2030,0.0,0.0,0.0,-3.68,3.31,0.0
20230210:2130,0.0,0.0,0.0,-4.09,3.24,0.0
20230210:2230,0.0,0.0,0.0,-5.41,3.45,0.0
20230210:2330,0.0,0.0,0.0,-5.43,3.59,0.0
20230211:0030,0.0,0.0,0.0,-5.3,3.66,0.0
20230211:0130,0.0,0.0,0.0,-5.37,3.52,0.0
20230211:0230,0.0,0.0,0.0,-5.87,3.45,0.0
20230211:0330,0.0,0.0,0.0,-5.85,3.52,0.0
20230211:0430,0.0,0.0,0.0,-5.8,3.17,0.0
20230211:0530,45.34,68.9,2.78,-4.85,2.97,0.0
20230211:0630,222.7,244.65,11.75,-4.34,3.59,0.0
20230211:0730,261.4,281.66,19.45,-3.36,3.93,0.0
20230211:0830,332.05,359.69,25.32,0.6,3.66,0.0
20230211:0930,436.96,471.84,28.77,0.88,3.38,0.0
20230211:1030,500.96,548.89,29.35,4.19,3.24,0.0
20230211:1130,561.56,615.62,26.97,4.33,3.59,0.0
20230211:1230,286.95,317.13,21.96,4.69,4.21,0.0
20230211:1330,196.57,224.34,14.89,4.22,4.28,0.0
20230211:1430,60.78,83.6,6.35,3.55,3.24,0.0
20230211:1530,0.0,0.0,-3.17,3.59,2.83,0.0
20230211:1630,0.0,0.0,0.0,3.83,3.59,0.0
20230211:1730,0.0,0.0,0.0,0.99,4.28,0.0
20230211:1830,0.0,0.0,0.0,1.1,4.62,0.0
20230211:1930,0.0,0.0,0.0,0.69,4.41,0.0
20230211:2030,0.0,0.0,0.0,-0.76,4.28,0.0
20230211:2130,0.0,0.0,0.0,-1.31,4.28,0.0
20230211:2230,0.0,0.0,0.0,-2.03,4.48,0.0
20230211:2330,0.0,0.0,0.0,-2.0,4.55,0.0
20230212:0030,0.0,0.0,0.0,-1.88,4.41,0.0
20230212:0130,0.0,0.0,0.0,-1.74,4.48,0.0
20230212:0230,0.0,0.0,0.0,-0.97,4.55,0.0
20230212:0330,0.0,0.0,0.0,-0.77,4.69,0.0
20230212:0430,0.0,0.0,0.0,-0.55,4.83,0.0
20230212:0530,20.02,37.27,3.03,0.77,4.9,0.0
20230212:0630,77.29,98.44,12.02,0.83,5.38,0.0
20230212:0730,138.05,160.88,19.74,0.79,5.38,0.0
20230212:0830,379.66,409.76,25.64,3.6,6.14,0.0
20230212:0930,457.48,491.82,29.1,4.21,7.86,0.0
20230212:1030,714.38,776.84,29.68,4.84,7.03,0.0
20230212:1130,640.6,692.6,27.29,4.42,7.24,0.0
20230212:1230,576.2,621.0,22.26,4.35,7.38,0.0
20230212:1330,435.08,472.62,15.18,4.28,7.24,0.0
20230212:1430,178.25,212.59,6.61,3.06,6.34,0.0
20230212:1530,0.0,0.0,-2.93,2.92,5.52,0.0
20230212:1630,0.0,0.0,0.0,2.66,5.24,0.0
20230212:1730,0.0,0.0,0.0,0.04,5.31,0.0
20230212:1830,0.0,0.0,0.0,0.06,5.38,0.0
20230212:1930,0.0,0.0,0.0,0.06,5.03,0.0
20230212:2030,0.0,0.0,0.0,-1.44,5.1,0.0
20230212:2130,0.0,0.0,0.0,-1.63,4.9,0.0
20230212:2230,0.0,0.0,0.0,-2.86,4.97,0.0
20230212:2330,0.0,0.0,0.0,-2.85,4.9,0.0
20230213:0030,0.0,0.0,0.0,-2.81,4.9,0.0
20230213:0130,0.0,0.0,0.0,-2.82,4.69,0.0
20230213:0230,0.0,0.0,0.0,-3.02,4.55,0.0
20230213:0330,0.0,0.0,0.0,-2.97,4.28,0.0
20230213:0430,0.0,0.0,0.0,-3.02,3.93,0.0
20230213:0530,72.4,100.69,3.28,-3.08,3.86,0.0
20230213:0630,311.25,336.21,12.29,-3.18,4.34,0.0
20230213:0730,565.85,595.77,20.04,-3.08,4.76,0.0
20230213:0830,724.54,786.86,25.95,2.03,4.9,0.0
20230213:0930,795.9,871.5,29.43,2.2,4.83,0.0
20230213:1030,809.7,901.28,30.01,4.95,4.69,0.0
20230213:1130,750.26,829.11,27.61,5.18,4.97,0.0
20230213:1230,622.28,679.27,22.57,5.28,5.59,0.0
20230213:1330,408.33,448.14,15.46,5.35,5.66,0.0
20230213:1430,150.67,183.96,6.87,4.7,4.9,0.0
20230213:1530,0.0,0.0,-2.68,4.07,4.69,0.0
20230213:1630,0.0,0.0,0.0,4.21,4.83,0.0
20230213:1730,0.0,0.0,0.0,3.09,5.1,0.0
20230213:1830,0.0,0.0,0.0,3.05,5.17,0.0
20230213:1930,0.0,0.0,0.0,2.86,4.97,0.0
20230213:2030,0.0,0.0,0.0,2.54,5.03,0.0
20230213:2130,0.0,0.0,0.0,2.77,5.24,0.0
20230213:2230,0.0,0.0,0.0,2.88,5.45,0.0
20230213:2330,0.0,0.0,0.0,3.1,5.86,0.0
20230214:0030,0.0,0.0,0.0,3.31,6.0,0.0
20230214:0130,0.0,0.0,0.0,3.33,6.14,0.0
20230214:0230,0.0,0.0,0.0,3.57,6.41,0.0
20230214:0330,0.0,0.0,0.0,3.69,6.48,0.0
20230214:0430,0.0,0.0,0.0,3.6,6.41,0.0
20230214:0530,1.03,7.92,3.54,3.83,6.41,0.0
20230214:0630,17.44,31.86,12.57,3.84,6.48,0.0
20230214:0730,47.54,67.13,20.33,3.9,6.9,0.0
20230214:0830,166.23,191.65,26.27,5.18,7.17,0.0
20230214:0930,91.02,114.57,29.76,5.13,6.55,0.0
20230214:1030,145.78,171.34,30.35,5.73,7.38,0.0
20230214:1130,353.09,383.45,27.94,5.79,9.72,0.0
20230214:1230,198.11,225.41,22.88,5.97,9.17,0.0
20230214:1330,177.23,204.63,15.74,5.9,8.14,0.0
20230214:1430,101.3,129.57,7.14,5.74,6.97,0.0
20230214:1530,0.0,0.0,-2.43,5.64,5.93,0.0
20230214:1630,0.0,0.0,0.0,5.4,5.24,0.0
20230214:1730,0.0,0.0,0.0,4.42,4.97,0.0
20230214:1830,0.0,0.0,0.0,4.55,5.66,0.0
20230214:1930,0.0,0.0,0.0,4.18,6.07,0.0
20230214:2030,0.0,0.0,0.0,3.25,6.34,0.0
20230214:2130,0.0,0.0,0.0,2.75,5.93,0.0
20230214:2230,0.0,0.0,0.0,1.59,6.48,0.0
20230214:2330,0.0,0.0,0.0,1.25,6.34,0.0
20230215:0030,0.0,0.0,0.0,0.92,6.21,0.0
20230215:0130,0.0,0.0,0.0,0.64,5.86,0.0
20230215:0230,0.0,0.0,0.0,0.18,5.72,0.0
20230215:0330,0.0,0.0,0.0,0.83,5.59,0.0
20230215:0430,0.0,0.0,0.0,0.92,5.52,0.0
20230215:0530,20.71,38.16,3.8,0.86,5.24,0.0
20230215:0630,65.1,85.37,12.85,0.85,5.38,0.0
20230215:0730,176.15,198.79,20.64,0.77,5.52,0.0
20230215:0830,509.22,547.85,26.59,3.34,6.0,0.0
20230215:0930,415.11,447.24,30.1,3.08,6.9,0.0
20230215:1030,373.61,405.29,30.69,4.39,7.03,0.0
20230215:1130,306.66,335.88,28.27,4.25,7.1,0.0
20230215:1230,151.0,175.85,23.18,3.81,7.03,0.0
20230215:1330,71.42,92.87,16.03,3.62,6.41,0.0
20230215:1430,76.47,101.18,7.4,3.29,5.93,0.0
20230215:1530,0.0,0.0,-2.18,3.57,4.55,0.0
20230215:1630,0.0,0.0,0.0,3.45,3.52,0.0
20230215:1730,0.0,0.0,0.0,-0.02,3.31,0.0
20230215:1830,0.0,0.0,0.0,-0.07,3.66,0.0
20230215:1930,0.0,0.0,0.0,0.04,3.86,0.0
20230215:2030,0.0,0.0,0.0,-1.21,3.93,0.0
20230215:2130,0.0,0.0,0.0,-1.31,3.86,0.0
20230215:2230,0.0,0.0,0.0,-1.75,3.79,0.0
20230215:2330,0.0,0.0,0.0,-1.86,3.72,0.0
20230216:0030,0.0,0.0,0.0,-1.87,3.59,0.0
20230216:0130,0.0,0.0,0.0,-1.98,3.66,0.0
20230216:0230,0.0,0.0,0.0,-2.09,3.66,0.0
20230216:0330,0.0,0.0,0.0,-2.04,3.45,0.0
20230216:0430,0.0,0.0,0.0,-1.65,3.17,0.0
20230216:0530,40.85,62.81,4.07,-0.99,2.69,0.0
20230216:0630,329.48,360.91,13.13,-0.43,3.03,0.0
20230216:0730,495.05,533.21,20.94,-0.7,2.62,0.0
20230216:0830,624.82,690.96,26.92,2.6,2.21,0.0
20230216:0930,728.07,824.69,30.45,2.58,1.45,0.0
20230216:1030,767.63,888.84,31.03,5.03,1.31,0.0
20230216:1130,694.9,796.29,28.6,5.17,1.24,0.0
20230216:1230,584.55,654.91,23.49,5.25,1.86,0.0
20230216:1330,374.34,416.52,16.31,5.39,2.76,0.0
20230216:1430,104.33,132.37,7.67,4.9,3.66,0.0
20230216:1530,0.0,0.0,-1.93,5.56,3.72,0.0
20230216:1630,0.0,0.0,0.0,5.57,3.79,0.0
20230216:1730,0.0,0.0,0.0,2.4,3.93,0.0
20230216:1830,0.0,0.0,0.0,2.79,4.34,0.0
20230216:1930,0.0,0.0,0.0,3.24,4.62,0.0
20230216:2030,0.0,0.0,0.0,2.77,4.9,0.0
20230216:2130,0.0,0.0,0.0,2.67,5.03,0.0
20230216:2230,0.0,0.0,0.0,1.96,4.97,0.0
20230216:2330,0.0,0.0,0.0,1.81,5.24,0.0
20230217:0030,0.0,0.0,0.0,1.37,5.03,0.0
20230217:0130,0.0,0.0,0.0,1.02,4.55,0.0
20230217:0230,0.0,0.0,0.0,-0.12,4.07,0.0
20230217:0330,0.0,0.0,0.0,-0.44,3.59,0.0
20230217:0430,0.0,0.0,0.0,-0.48,3.31,0.0
20230217:0530,46.27,69.07,4.34,0.13,3.52,0.0
20230217:0630,241.02,267.98,13.42,0.47,4.41,0.0
20230217:0730,416.09,446.62,21.26,1.1,4.9,0.0
20230217:0830,480.94,526.02,27.26,6.31,5.45,0.0
20230217:0930,555.64,609.39,30.79,6.37,5.52,0.0
20230217:1030,585.09,646.13,31.38,7.93,5.93,0.0
20230217:1130,434.96,477.46,28.93,7.83,6.62,0.0
20230217:1230,293.36,326.1,23.8,7.41,6.69,0.0
20230217:1330,110.68,136.69,16.6,7.62,6.41,0.0
20230217:1430,46.01,66.89,7.93,6.49,4.69,0.0
20230217:1530,0.0,0.0,-1.68,7.3,3.45,0.0
20230217:1630,0.0,0.0,0.0,7.18,2.69,0.0
20230217:1730,0.0,0.0,0.0,4.39,2.21,0.0
20230217:1830,0.0,0.0,0.0,3.23,1.86,0.0
20230217:1930,0.0,0.0,0.0,3.36,1.66,0.0
20230217:2030,0.0,0.0,0.0,2.19,1.79,0.0
20230217:2130,0.0,0.0,0.0,1.89,2.07,0.0
20230217:2230,0.0,0.0,0.0,2.55,2.48,0.0
20230217:2330,0.0,0.0,0.0,2.42,2.14,0.0
20230218:0030,0.0,0.0,0.0,2.37,2.48,0.0
20230218:0130,0.0,0.0,0.0,1.58,3.38,0.0
20230218:0230,0.0,0.0,0.0,1.93,3.38,0.0
20230218:0330,0.0,0.0,0.0,2.13,3.59,0.0
20230218:0430,0.0,0.0,0.0,2.15,4.28,0.0
20230218:0530,14.27,28.59,4.61,3.33,4.34,0.0
20230218:0630,116.75,141.26,13.72,3.59,4.76,0.0
20230218:0730,334.94,365.83,21.57,3.89,5.38,0.0
20230218:0830,151.97,179.32,27.59,7.24,6.0,0.0
20230218:0930,152.71,179.81,31.14,7.67,6.55,0.0
20230218:1030,334.71,375.13,31.73,11.44,6.48,0.0
20230218:1130,439.81,490.97,29.27,11.96,6.83,0.0
20230218:1230,507.45,568.61,24.12,12.07,6.55,0.0
20230218:1330,283.73,325.79,16.89,12.02,5.1,0.0
20230218:1430,118.46,151.77,8.2,11.37,5.03,0.0
20230218:1530,0.0,0.0,-1.43,11.04,3.93,0.0
20230218:1630,0.0,0.0,0.0,10.82,3.86,0.0
20230218:1730,0.0,0.0,0.0,7.09,4.07,0.0
20230218:1830,0.0,0.0,0.0,6.98,4.07,0.0
20230218:1930,0.0,0.0,0.0,7.04,4.07,0.0
20230218:2030,0.0,0.0,0.0,5.86,4.48,0.0
20230218:2130,0.0,0.0,0.0,6.43,4.83,0.0
20230218:2230,0.0,0.0,0.0,8.01,4.9,0.0
20230218:2330,0.0,0.0,0.0,7.59,4.55,0.0
20230219:0030,0.0,0.0,0.0,7.17,4.0,0.0
20230219:0130,0.0,0.0,0.0,6.95,4.55,0.0
20230219:0230,0.0,0.0,0.0,6.14,3.1,0.0
20230219:0330,0.0,0.0,0.0,5.8,2.07,0.0
20230219:0430,0.0,0.0,0.0,6.33,2.21,0.0
20230219:0530,34.57,56.33,4.89,6.74,2.97,0.0
20230219:0630,245.18,280.46,14.01,6.96,3.66,0.0
20230219:0730,531.03,587.21,21.89,6.61,3.86,0.0
20230219:0830,682.47,772.06,27.93,9.39,3.86,0.0
20230219:0930,689.52,769.76,31.5,9.25,5.66,0.0
20230219:1030,627.73,699.88,32.09,10.06,6.14,0.0
20230219:1130,539.63,598.71,29.61,10.02,6.34,0.0
20230219:1230,312.55,350.69,24.43,10.23,7.31,0.0
20230219:1330,129.25,157.97,17.17,10.27,6.34,0.0
20230219:1430,65.86,91.01,8.46,9.68,4.48,0.0
20230219:1530,0.0,0.0,-1.18,9.35,2.07,0.0
20230219:1630,0.0,0.0,0.0,8.29,1.59,0.0
20230219:1730,0.0,0.0,0.0,7.27,2.34,0.0
20230219:1830,0.0,0.0,0.0,7.86,3.52,0.0
20230219:1930,0.0,0.0,0.0,8.76,4.34,0.0
20230219:2030,0.0,0.0,0.0,8.8,4.76,0.0
20230219:2130,0.0,0.0,0.0,8.9,4.62,0.0
20230219:2230,0.0,0.0,0.0,5.97,5.03,0.0
20230219:2330,0.0,0.0,0.0,5.62,6.62,0.0
20230220:0030,0.0,0.0,0.0,5.07,6.28,0.0
20230220:0130,0.0,0.0,0.0,4.41,5.79,0.0
20230220:0230,0.0,0.0,0.0,2.61,6.07,0.0
20230220:0330,0.0,0.0,0.0,2.41,6.28,0.0
20230220:0430,0.0,0.0,0.0,2.22,6.0,0.0
20230220:0530,101.63,134.68,5.18,1.21,6.07,0.0
20230220:0630,360.86,392.71,14.31,1.3,6.28,0.0
20230220:0730,593.27,634.46,22.21,1.46,6.14,0.0
20230220:0830,753.89,820.91,28.28,4.72,7.03,0.0
20230220:0930,796.41,864.13,31.85,4.9,8.48,0.0
20230220:1030,794.9,870.28,32.44,6.34,8.14,0.0
20230220:1130,688.95,747.44,29.95,6.05,8.62,0.0
20230220:1230,423.72,460.31,24.75,6.19,8.69,0.0
20230220:1330,182.73,210.81,17.46,6.38,8.21,0.0
20230220:1430,116.47,146.12,8.73,6.18,6.41,0.0
20230220:1530,0.0,0.0,-0.93,6.34,5.86,0.0
20230220:1630,0.0,0.0,0.0,6.42,4.76,0.0
20230220:1730,0.0,0.0,0.0,3.33,3.86,0.0
20230220:1830,0.0,0.0,0.0,2.83,4.76,0.0
20230220:1930,0.0,0.0,0.0,3.41,6.55,0.0
20230220:2030,0.0,0.0,0.0,4.45,7.03,0.0
20230220:2130,0.0,0.0,0.0,4.65,7.52,0.0
20230220:2230,0.0,0.0,0.0,5.52,8.41,0.0
20230220:2330,0.0,0.0,0.0,5.59,8.55,0.0
20230221:0030,0.0,0.0,0.0,5.5,8.41,0.0
20230221:0130,0.0,0.0,0.0,5.53,8.34,0.0
20230221:0230,0.0,0.0,0.0,6.7,8.34,0.0
20230221:0330,0.0,0.0,0.0,6.77,8.28,0.0
20230221:0430,0.0,0.0,-4.44,6.66,8.28,0.0
20230221:0530,42.0,66.26,5.46,7.92,8.14,0.0
20230221:0630,301.77,339.2,14.62,7.86,8.07,0.0
20230221:0730,526.88,577.74,22.54,8.29,7.52,0.0
20230221:0830,669.38,748.16,28.62,12.43,8.55,0.0
20230221:0930,780.16,876.62,32.21,12.98,9.31,0.0
20230221:1030,758.85,854.03,32.8,14.15,10.34,0.0
20230221:1130,691.77,776.23,30.29,14.27,10.28,0.0
20230221:1230,521.26,584.22,25.06,14.23,9.24,0.0
20230221:1330,336.67,382.6,17.75,13.58,8.9,0.0
20230221:1430,120.32,153.78,9.0,12.03,8.69,0.0
20230221:1530,0.0,0.0,-0.68,12.1,8.28,0.0
20230221:1630,0.0,0.0,0.0,11.71,7.52,0.0
20230221:1730,0.0,0.0,0.0,8.36,7.38,0.0
20230221:1830,0.0,0.0,0.0,8.24,6.97,0.0
20230221:1930,0.0,0.0,0.0,8.08,6.28,0.0
20230221:2030,0.0,0.0,0.0,6.44,5.79,0.0
20230221:2130,0.0,0.0,0.0,6.21,5.59,0.0
20230221:2230,0.0,0.0,0.0,5.62,6.41,0.0
20230221:2330,0.0,0.0,0.0,5.15,6.14,0.0
20230222:0030,0.0,0.0,0.0,4.97,5.93,0.0
20230222:0130,0.0,0.0,0.0,5.3,5.93,0.0
20230222:0230,0.0,0.0,0.0,4.74,5.93,0.0
20230222:0330,0.0,0.0,0.0,4.82,5.59,0.0
20230222:0430,0.0,0.0,-4.16,4.69,5.17,0.0
20230222:0530,87.5,118.4,5.76,4.54,4.55,0.0
20230222:0630,274.89,308.49,14.93,4.72,4.62,0.0
20230222:0730,525.01,575.37,22.87,5.34,4.55,0.0
20230222:0830,630.28,695.97,28.97,7.78,5.93,0.0
20230222:0930,772.8,862.43,32.58,7.79,5.72,0.0
20230222:1030,722.39,805.03,33.16,8.36,5.79,0.0
20230222:1130,578.03,638.1,30.63,8.36,6.07,0.0
20230222:1230,354.82,392.92,25.38,8.25,6.07,0.0
20230222:1330,200.25,231.04,18.04,8.12,5.66,0.0
20230222:1430,135.6,167.94,9.26,6.9,5.1,0.0
20230222:1530,0.0,0.0,-0.43,6.64,3.79,0.0
20230222:1630,0.0,0.0,0.0,6.05,3.03,0.0
20230222:1730,0.0,0.0,0.0,4.22,2.9,0.0
20230222:1830,0.0,0.0,0.0,3.31,2.55,0.0
20230222:1930,0.0,0.0,0.0,2.56,2.28,0.0
20230222:2030,0.0,0.0,0.0,1.98,1.72,0.0
20230222:2130,0.0,0.0,0.0,1.8,1.52,0.0
20230222:2230,0.0,0.0,0.0,0.29,2.14,0.0
20230222:2330,0.0,0.0,0.0,1.02,2.21,0.0
20230223:0030,0.0,0.0,0.0,1.08,2.21,0.0
20230223:0130,0.0,0.0,0.0,-0.16,2.07,0.0
20230223:0230,0.0,0.0,0.0,-0.84,1.93,0.0
20230223:0330,0.0,0.0,0.0,-0.5,1.93,0.0
20230223:0430,0.0,0.0,-3.88,0.01,2.21,0.0
20230223:0530,79.68,107.54,6.05,-0.43,2.83,0.0
20230223:0630,203.41,228.5,15.24,-0.09,3.59,0.0
20230223:0730,502.89,539.2,23.2,0.43,4.07,0.0
20230223:0830,655.42,713.27,29.33,2.34,3.93,0.0
20230223:0930,720.31,792.88,32.94,2.29,3.38,0.0
20230223:1030,651.19,717.12,33.52,3.04,3.03,0.0
20230223:1130,549.48,602.45,30.98,2.81,2.55,0.0
20230223:1230,321.02,354.08,25.7,2.88,2.21,0.0
20230223:1330,224.49,253.64,18.33,2.86,1.93,0.0
20230223:1430,98.12,124.16,9.53,2.45,1.79,0.0
20230223:1530,0.0,0.0,-0.18,3.07,1.66,0.0
20230223:1630,0.0,0.0,0.0,2.31,1.66,0.0
20230223:1730,0.0,0.0,0.0,-0.13,2.34,0.0
20230223:1830,0.0,0.0,0.0,-0.12,2.69,0.0
20230223:1930,0.0,0.0,0.0,-0.39,3.1,0.0
20230223:2030,0.0,0.0,0.0,-1.33,3.24,0.0
20230223:2130,0.0,0.0,0.0,-1.35,3.1,0.0
20230223:2230,0.0,0.0,0.0,-1.56,2.83,0.0
20230223:2330,0.0,0.0,0.0,-1.67,2.9,0.0
20230224:0030,0.0,0.0,0.0,-1.61,3.31,0.0
20230224:0130,0.0,0.0,0.0,-1.38,4.0,0.0
20230224:0230,0.0,0.0,0.0,-0.73,4.69,0.0
20230224:0330,0.0,0.0,0.0,-0.14,5.1,0.0
20230224:0430,0.0,0.0,-3.59,0.65,5.1,0.0
20230224:0530,49.9,73.2,6.35,2.39,4.9,0.0
20230224:0630,48.02,67.32,15.56,2.5,5.17,0.0
20230224:0730,60.47,81.01,23.54,2.48,5.86,0.0
20230224:0830,97.97,121.74,29.69,4.9,6.34,0.0
20230224:0930,190.25,215.24,33.31,3.86,8.62,0.0
20230224:1030,157.51,183.46,33.89,5.69,7.93,0.0
20230224:1130,237.49,265.27,31.33,5.28,8.62,0.0
20230224:1230,158.27,184.15,26.02,5.34,8.97,0.0
20230224:1330,137.87,163.04,18.62,5.28,8.48,0.0
20230224:1430,72.44,96.73,9.8,5.0,7.24,0.0
20230224:1530,0.0,4.32,0.07,5.16,7.31,0.0
20230224:1630,0.0,0.0,0.0,5.41,7.03,0.0
20230224:1730,0.0,0.0,0.0,5.3,7.1,0.0
20230224:1830,0.0,0.0,0.0,5.67,7.24,0.0
20230224:1930,0.0,0.0,0.0,5.74,7.17,0.0
20230224:2030,0.0,0.0,0.0,5.77,7.24,0.0
20230224:2130,0.0,0.0,0.0,5.84,7.38,0.0
20230224:2230,0.0,0.0,0.0,6.05,7.45,0.0
20230224:2330,0.0,0.0,0.0,5.99,6.97,0.0
20230225:0030,0.0,0.0,0.0,5.89,6.48,0.0
20230225:0130,0.0,0.0,0.0,5.58,6.0,0.0
20230225:0230,0.0,0.0,0.0,5.4,5.38,0.0
20230225:0330,0.0,0.0,0.0,5.27,4.9,0.0
20230225:0430,0.0,0.0,-3.3,5.18,4.69,0.0
20230225:0530,109.6,144.35,6.65,5.04,4.9,0.0
20230225:0630,344.72,382.48,15.88,5.16,5.52,0.0
20230225:0730,526.88,573.15,23.88,5.19,5.86,0.0
20230225:0830,662.3,735.03,30.05,9.11,6.34,0.0
20230225:0930,774.3,860.62,33.68,9.1,7.52,0.0
20230225:1030,731.74,819.49,34.26,11.62,8.28,0.0
20230225:1130,553.09,613.49,31.67,11.04,8.62,0.0
20230225:1230,284.53,322.18,26.34,10.59,8.62,0.0
20230225:1330,86.58,112.44,18.91,10.39,8.14,0.0
20230225:1430,27.25,44.78,10.06,9.6,7.93,0.0
20230225:1530,0.0,3.14,0.32,9.95,8.48,0.0
20230225:1630,0.0,0.0,0.0,10.34,8.34,0.0
20230225:1730,0.0,0.0,0.0,8.92,8.21,0.0
20230225:1830,0.0,0.0,0.0,9.83,8.0,0.0
20230225:1930,0.0,0.0,0.0,10.29,8.0,0.0
20230225:2030,0.0,0.0,0.0,9.07,7.17,0.0
20230225:2130,0.0,0.0,0.0,9.04,6.07,0.0
20230225:2230,0.0,0.0,0.0,8.35,5.38,0.0
20230225:2330,0.0,0.0,0.0,8.5,3.52,0.0
20230226:0030,0.0,0.0,0.0,8.66,1.86,0.0
20230226:0130,0.0,0.0,0.0,8.18,1.52,0.0
20230226:0230,0.0,0.0,0.0,7.44,1.66,0.0
20230226:0330,0.0,0.0,0.0,7.31,1.24,0.0
20230226:0430,0.0,0.0,-3.0,7.26,2.62,0.0
20230226:0530,45.96,69.53,6.96,7.08,3.1,0.0
20230226:0630,173.65,203.8,16.2,6.82,3.72,0.0
20230226:0730,321.46,356.97,24.22,6.26,4.34,0.0
20230226:0830,316.38,352.74,30.41,6.75,4.55,0.0
20230226:0930,399.78,440.12,34.06,5.54,4.28,0.0
20230226:1030,557.86,620.96,34.63,7.84,4.34,0.0
20230226:1130,439.91,492.65,32.02,8.47,3.45,0.0
20230226:1230,375.13,422.53,26.66,8.96,2.69,0.0
20230226:1330,215.28,250.71,19.2,8.82,1.66,0.0
20230226:1430,74.14,99.95,10.33,8.11,1.59,0.0
20230226:1530,0.51,6.87,0.57,7.93,1.24,0.0
20230226:1630,0.0,0.0,0.0,6.27,0.9,0.0
20230226:1730,0.0,0.0,0.0,4.99,2.76,0.0
20230226:1830,0.0,0.0,0.0,5.5,4.07,0.0
20230226:1930,0.0,0.0,0.0,5.87,3.79,0.0
20230226:2030,0.0,0.0,0.0,5.21,4.07,0.0
20230226:2130,0.0,0.0,0.0,5.09,4.28,0.0
20230226:2230,0.0,0.0,0.0,4.82,4.55,0.0
20230226:2330,0.0,0.0,0.0,4.61,3.79,0.0
20230227:0030,0.0,0.0,0.0,4.81,3.24,0.0
20230227:0130,0.0,0.0,0.0,5.0,2.55,0.0
20230227:0230,0.0,0.0,0.0,4.64,1.93,0.0
20230227:0330,0.0,0.0,0.0,4.82,2.07,0.0
20230227:0430,0.0,0.0,-2.7,4.93,2.69,0.0
20230227:0530,44.41,66.44,7.27,4.93,2.9,0.0
20230227:0630,56.85,77.93,16.53,4.95,2.28,0.0
20230227:0730,143.16,169.84,24.57,5.19,1.86,0.0
20230227:0830,198.29,228.39,30.78,6.14,1.59,0.0
20230227:0930,127.29,154.21,34.44,6.7,1.79,0.0
20230227:1030,136.22,163.17,35.0,5.78,2.28,0.0
20230227:1130,260.01,291.0,32.37,5.62,2.28,0.0
20230227:1230,281.66,314.15,26.98,6.1,2.62,0.0
20230227:1330,175.07,203.94,19.49,6.6,2.76,0.0
20230227:1430,70.64,95.78,10.6,6.34,2.97,0.0
20230227:1530,0.0,3.87,0.82,6.3,3.59,0.0
20230227:1630,0.0,0.0,0.0,6.21,4.55,0.0
20230227:1730,0.0,0.0,0.0,4.74,4.97,0.0
20230227:1830,0.0,0.0,0.0,4.65,5.1,0.0
20230227:1930,0.0,0.0,0.0,4.44,5.1,0.0
20230227:2030,0.0,0.0,0.0,3.49,4.9,0.0
20230227:2130,0.0,0.0,0.0,3.47,4.34,0.0
20230227:2230,0.0,0.0,0.0,2.97,4.97,0.0
20230227:2330,0.0,0.0,0.0,2.91,5.17,0.0
20230228:0030,0.0,0.0,0.0,2.89,5.31,0.0
20230228:0130,0.0,0.0,0.0,2.79,5.24,0.0
20230228:0230,0.0,0.0,0.0,1.99,5.17,0.0
20230228:0330,0.0,0.0,0.0,1.85,5.1,0.0
20230228:0430,0.0,0.0,-2.4,1.42,4.76,0.0
20230228:0530,114.51,146.37,7.58,0.76,4.34,0.0
20230228:0630,379.78,413.32,16.86,1.02,4.69,0.0
20230228:0730,601.2,648.99,24.92,1.3,4.28,0.0
20230228:0830,745.93,822.6,31.14,2.86,3.86,0.0
20230228:0930,830.68,929.8,34.82,3.16,3.52,0.0
20230228:1030,848.03,954.53,35.37,4.88,4.0,0.0
20230228:1130,770.12,858.64,32.72,5.08,4.14,0.0
20230228:1230,567.59,623.38,27.3,5.08,4.14,0.0
20230228:1330,388.69,428.39,19.78,4.87,4.07,0.0
20230228:1430,191.83,227.19,10.86,4.06,3.93,0.0
20230228:1530,1.65,9.15,1.07,4.1,3.45,0.0
20230228:1630,0.0,0.0,0.0,4.69,2.62,0.0
20230228:1730,0.0,0.0,0.0,2.77,2.55,0.0
20230228:1830,0.0,0.0,0.0,2.43,2.76,0.0
20230228:1930,0.0,0.0,0.0,2.76,2.9,0.0
20230228:2030,0.0,0.0,0.0,1.65,3.24,0.0
20230228:2130,0.0,0.0,0.0,1.25,3.45,0.0
20230228:2230,0.0,0.0,0.0,-0.99,3.24,0.0
20230228:2330,0.0,0.0,0.0,-1.28,2.62,0.0
20230301:0030,0.0,0.0,0.0,-1.14,2.62,0.0
20230301:0130,0.0,0.0,0.0,-1.27,2.97,0.0
20230301:0230,0.0,0.0,0.0,-1.83,3.1,0.0
20230301:0330,0.0,0.0,0.0,-1.94,3.03,0.0
20230301:0430,0.0,0.0,-2.1,-1.95,2.83,0.0
20230301:0530,146.13,180.9,7.9,-1.63,3.38,0.0
20230301:0630,403.27,434.74,17.19,-1.42,3.93,0.0
20230301:0730,627.49,672.48,25.27,-0.66,4.14,0.0
20230301:0830,771.72,850.5,31.52,3.19,4.34,0.0
20230301:0930,855.25,953.1,35.2,3.74,4.48,0.0
20230301:1030,861.84,974.71,35.75,6.74,4.69,0.0
20230301:1130,791.74,887.29,33.08,6.91,4.83,0.0
20230301:1230,659.86,731.54,27.62,7.13,4.9,0.0
20230301:1330,463.34,513.69,20.07,7.27,4.76,0.0
20230301:1430,218.88,260.19,11.13,7.25,4.69,0.0
20230301:1530,1.96,9.83,1.32,7.36,3.72,0.0
20230301:1630,0.0,0.0,0.0,7.15,3.52,0.0
20230301:1730,0.0,0.0,0.0,3.06,3.72,0.0
20230301:1830,0.0,0.0,0.0,2.76,3.93,0.0
20230301:1930,0.0,0.0,0.0,3.02,3.93,0.0
20230301:2030,0.0,0.0,0.0,1.17,3.59,0.0
20230301:2130,0.0,0.0,0.0,0.73,3.38,0.0
20230301:2230,0.0,0.0,0.0,1.02,3.24,0.0
20230301:2330,0.0,0.0,0.0,0.92,2.97,0.0
20230302:0030,0.0,0.0,0.0,0.74,2.62,0.0
20230302:0130,0.0,0.0,0.0,1.01,2.69,0.0
20230302:0230,0.0,0.0,0.0,0.41,2.83,0.0
20230302:0330,0.0,0.0,0.0,0.51,2.83,0.0
20230302:0430,0.0,0.0,-1.79,0.14,2.9,0.0
20230302:0530,71.87,97.24,8.22,0.38,2.9,0.0
20230302:0630,123.98,147.31,17.52,0.46,3.24,0.0
20230302:0730,200.27,224.8,25.63,0.59,3.38,0.0
20230302:0830,297.61,331.1,31.89,4.67,2.97,0.0
20230302:0930,335.38,374.08,35.58,4.93,2.07,0.0
20230302:1030,429.9,479.09,36.13,6.72,2.55,0.0
20230302:1130,501.1,559.92,33.43,6.57,2.34,0.0
20230302:1230,324.94,364.36,27.94,6.67,2.07,0.0
20230302:1330,186.01,216.72,20.36,6.42,1.72,0.0
20230302:1430,82.38,108.1,11.39,6.5,1.52,0.0
20230302:1530,2.08,10.06,1.57,7.19,1.38,0.0
20230302:1630,0.0,0.0,0.0,7.27,1.52,0.0
20230302:1730,0.0,0.0,0.0,2.74,1.86,0.0
20230302:1830,0.0,0.0,0.0,3.36,2.41,0.0
20230302:1930,0.0,0.0,0.0,3.01,2.14,0.0
20230302:2030,0.0,0.0,0.0,0.65,2.21,0.0
20230302:2130,0.0,0.0,0.0,0.6,2.21,0.0
20230302:2230,0.0,0.0,0.0,-0.96,2.0,0.0
20230302:2330,0.0,0.0,0.0,-0.6,2.21,0.0
20230303:0030,0.0,0.0,0.0,-1.05,2.41,0.0
20230303:0130,0.0,0.0,0.0,-1.59,2.28,0.0
20230303:0230,0.0,0.0,0.0,-2.11,2.21,0.0
20230303:0330,0.0,0.0,0.0,-2.02,2.34,0.0
20230303:0430,0.0,0.0,-1.47,-2.13,2.41,0.0
20230303:0530,146.56,181.01,8.54,-1.59,2.0,0.0
20230303:0630,377.48,412.86,17.86,-0.65,1.93,0.0
20230303:0730,564.28,617.71,25.98,0.22,1.72,0.0
20230303:0830,647.59,729.42,32.27,5.33,2.0,0.0
20230303:0930,702.66,796.07,35.97,5.54,2.34,0.0
20230303:1030,799.37,914.9,36.5,7.67,3.24,0.0
20230303:1130,773.14,880.19,33.78,8.03,3.59,0.0
20230303:1230,637.96,716.58,28.26,8.34,3.72,0.0
20230303:1330,377.17,423.68,20.65,8.57,3.59,0.0
20230303:1430,201.3,242.27,11.66,8.33,3.31,0.0
20230303:1530,2.79,11.38,1.82,8.5,2.34,0.0
20230303:1630,0.0,0.0,0.0,6.26,2.34,0.0
20230303:1730,0.0,0.0,0.0,3.37,2.41,0.0
20230303:1830,0.0,0.0,0.0,2.47,2.55,0.0
20230303:1930,0.0,0.0,0.0,2.97,2.62,0.0
20230303:2030,0.0,0.0,0.0,2.33,2.83,0.0
20230303:2130,0.0,0.0,0.0,2.13,3.17,0.0
20230303:2230,0.0,0.0,0.0,1.37,3.79,0.0
20230303:2330,0.0,0.0,0.0,1.69,4.48,0.0
20230304:0030,0.0,0.0,0.0,1.77,4.62,0.0
20230304:0130,0.0,0.0,0.0,1.36,4.48,0.0
20230304:0230,0.0,0.0,0.0,-0.14,3.93,0.0
20230304:0330,0.0,0.0,0.0,-0.28,3.38,0.0
20230304:0430,0.0,0.0,-1.16,-0.68,3.03,0.0
20230304:0530,161.59,198.05,8.86,-0.81,2.9,0.0
20230304:0630,418.36,454.0,18.2,-0.26,3.45,0.0
20230304:0730,638.37,691.55,26.34,0.17,3.38,0.0
20230304:0830,767.44,864.93,32.64,6.44,3.72,0.0
20230304:0930,846.38,959.28,36.35,6.77,4.28,0.0
20230304:1030,816.38,930.96,36.88,10.41,5.31,0.0
20230304:1130,764.66,863.25,34.14,10.42,5.93,0.0
20230304:1230,660.0,737.19,28.58,10.41,6.34,0.0
20230304:1330,470.42,525.29,20.94,10.3,6.55,0.0
20230304:1430,226.53,270.72,11.92,9.78,6.21,0.0
20230304:1530,2.92,11.65,2.07,9.82,5.59,0.0
20230304:1630,0.0,0.0,0.0,9.6,4.97,0.0
20230304:1730,0.0,0.0,0.0,6.45,4.97,0.0
20230304:1830,0.0,0.0,0.0,6.4,4.76,0.0
20230304:1930,0.0,0.0,0.0,6.38,4.48,0.0
20230304:2030,0.0,0.0,0.0,5.06,4.55,0.0
20230304:2130,0.0,0.0,0.0,5.22,4.55,0.0
20230304:2230,0.0,0.0,0.0,3.4,4.14,0.0
20230304:2330,0.0,0.0,0.0,3.08,3.66,0.0
20230305:0030,0.0,0.0,0.0,2.65,3.45,0.0
20230305:0130,0.0,0.0,0.0,2.52,3.86,0.0
20230305:0230,0.0,0.0,0.0,1.01,4.48,0.0
20230305:0330,0.0,0.0,0.0,1.49,4.9,0.0
20230305:0430,0.0,0.0,-0.84,1.71,4.34,0.0
20230305:0530,153.86,190.53,9.19,1.49,3.93,0.0
20230305:0630,399.62,435.68,18.54,1.45,4.14,0.0
20230305:0730,610.97,661.64,26.71,1.71,4.14,0.0
20230305:0830,721.37,804.09,33.03,5.96,4.14,0.0
20230305:0930,834.6,941.16,36.74,5.95,4.21,0.0
20230305:1030,824.53,937.0,37.27,7.79,4.28,0.0
20230305:1130,742.76,838.31,34.49,7.95,4.14,0.0
20230305:1230,631.64,706.78,28.9,8.01,3.93,0.0
20230305:1330,396.48,443.69,21.23,8.0,3.72,0.0
20230305:1430,230.7,273.7,12.18,7.02,3.38,0.0
20230305:1530,25.72,57.55,2.32,7.37,1.79,0.0
20230305:1630,0.0,0.0,0.0,6.17,2.55,0.0
20230305:1730,0.0,0.0,0.0,4.26,2.41,0.0
20230305:1830,0.0,0.0,0.0,2.9,2.0,0.0
20230305:1930,0.0,0.0,0.0,1.96,2.28,0.0
20230305:2030,0.0,0.0,0.0,-0.15,2.76,0.0
20230305:2130,0.0,0.0,0.0,1.24,2.48,0.0
20230305:2230,0.0,0.0,0.0,-1.37,2.28,0.0
20230305:2330,0.0,0.0,0.0,-1.36,2.41,0.0
20230306:0030,0.0,0.0,0.0,-0.99,2.14,0.0
20230306:0130,0.0,0.0,0.0,0.51,1.45,0.0
20230306:0230,0.0,0.0,0.0,2.2,0.97,0.0
20230306:0330,0.0,0.0,0.0,2.64,1.24,0.0
20230306:0430,0.0,0.0,-0.52,1.93,1.59,0.0
20230306:0530,41.56,62.04,9.52,3.08,1.66,0.0
20230306:0630,142.63,168.06,18.89,2.86,2.48,0.0
20230306:0730,390.56,425.18,27.07,2.49,3.24,0.0
20230306:0830,554.7,612.78,33.41,6.19,3.93,0.0
20230306:0930,577.87,637.06,37.14,6.36,4.41,0.0
20230306:1030,373.44,415.35,37.65,8.74,4.83,0.0
20230306:1130,221.48,253.37,34.85,8.38,5.03,0.0
20230306:1230,197.31,226.48,29.22,7.64,5.1,0.0
20230306:1330,102.38,127.71,21.52,7.3,5.17,0.0
20230306:1430,70.24,94.84,12.45,6.48,5.1,0.0
20230306:1530,8.86,25.41,2.56,6.94,4.28,0.0
20230306:1630,0.0,0.0,0.0,7.99,3.52,0.0
20230306:1730,0.0,0.0,0.0,5.84,3.24,0.0
20230306:1830,0.0,0.0,0.0,6.38,3.03,0.0
20230306:1930,0.0,0.0,0.0,6.08,2.69,0.0
20230306:2030,0.0,0.0,0.0,4.13,2.48,0.0
20230306:2130,0.0,0.0,0.0,3.96,2.48,0.0
20230306:2230,0.0,0.0,0.0,3.54,2.21,0.0
20230306:2330,0.0,0.0,0.0,3.48,2.34,0.0
20230307:0030,0.0,0.0,0.0,3.57,2.55,0.0
20230307:0130,0.0,0.0,0.0,3.33,2.62,0.0
20230307:0230,0.0,0.0,0.0,2.97,2.9,0.0
20230307:0330,0.0,0.0,0.0,3.04,2.9,0.0
20230307:0430,0.0,0.0,-0.2,3.01,2.69,0.0
20230307:0530,62.95,85.72,9.85,4.26,2.83,0.0
20230307:0630,354.04,392.67,19.23,4.49,4.0,0.0
20230307:0730,569.09,620.62,27.44,4.03,4.62,0.0
20230307:0830,546.09,607.75,33.79,9.76,5.52,0.0
20230307:0930,568.25,628.41,37.53,9.09,5.79,0.0
20230307:1030,651.67,733.37,38.03,11.2,5.72,0.0
20230307:1130,617.69,694.65,35.2,11.36,5.72,0.0
20230307:1230,473.51,532.05,29.54,11.8,5.45,0.0
20230307:1330,261.61,301.59,21.81,11.88,5.24,0.0
20230307:1430,98.29,127.27,12.71,10.68,4.62,0.0
20230307:1530,8.64,22.24,2.81,11.16,3.86,0.0
20230307:1630,0.0,0.0,0.0,11.52,3.17,0.0
20230307:1730,0.0,0.0,0.0,8.38,2.76,0.0
20230307:1830,0.0,0.0,0.0,8.25,2.34,0.0
20230307:1930,0.0,0.0,0.0,8.2,1.93,0.0
20230307:2030,0.0,0.0,0.0,5.77,2.69,0.0
20230307:2130,0.0,0.0,0.0,5.79,2.76,0.0
20230307:2230,0.0,0.0,0.0,3.48,2.0,0.0
20230307:2330,0.0,0.0,0.0,3.87,2.28,0.0
20230308:0030,0.0,0.0,0.0,4.16,2.69,0.0
20230308:0130,0.0,0.0,0.0,4.68,3.24,0.0
20230308:0230,0.0,0.0,0.0,4.39,3.52,0.0
20230308:0330,0.0,0.0,0.0,4.47,3.52,0.0
20230308:0430,0.77,7.37,0.12,4.26,3.31,0.0
20230308:0530,143.24,179.93,10.18,5.25,3.31,0.0
20230308:0630,310.48,348.06,19.58,5.53,3.59,0.0
20230308:0730,579.21,644.66,27.8,5.92,3.03,0.0
20230308:0830,727.14,849.38,34.18,12.95,3.1,0.0
20230308:0930,814.1,951.17,37.92,12.46,3.86,0.0
20230308:1030,807.55,948.91,38.41,15.06,4.55,0.0
20230308:1130,768.98,890.6,35.56,14.62,5.38,0.0
20230308:1230,619.71,706.81,29.86,14.53,5.79,0.0
20230308:1330,430.74,491.95,22.09,14.53,6.0,0.0
20230308:1430,132.95,168.12,12.97,12.43,5.86,0.0
20230308:1530,22.48,51.89,3.06,12.37,5.38,0.0
20230308:1630,0.0,0.0,0.0,13.04,4.97,0.0
20230308:1730,0.0,0.0,0.0,8.91,4.9,0.0
20230308:1830,0.0,0.0,0.0,9.15,4.76,0.0
20230308:1930,0.0,0.0,0.0,9.46,4.55,0.0
20230308:2030,0.0,0.0,0.0,8.2,4.28,0.0
20230308:2130,0.0,0.0,0.0,8.39,3.93,0.0
20230308:2230,0.0,0.0,0.0,7.5,3.17,0.0
20230308:2330,0.0,0.0,0.0,7.65,2.76,0.0
20230309:0030,0.0,0.0,0.0,7.45,2.69,0.0
20230309:0130,0.0,0.0,0.0,7.07,2.83,0.0
20230309:0230,0.0,0.0,0.0,6.12,2.83,0.0
20230309:0330,0.0,0.0,0.0,5.94,2.55,0.0
20230309:0430,1.26,8.42,0.45,5.75,3.1,0.0
20230309:0530,168.35,210.9,10.52,7.46,4.07,0.0
20230309:0630,417.22,466.06,19.93,7.68,4.83,0.0
20230309:0730,615.98,683.34,28.17,7.68,4.9,0.0
20230309:0830,711.24,822.03,34.57,15.28,5.31,0.0
20230309:0930,796.91,926.45,38.32,14.96,5.59,0.0
20230309:1030,676.45,784.54,38.8,17.4,6.41,0.0
20230309:1130,726.69,840.56,35.91,17.21,7.17,0.0
20230309:1230,645.8,741.04,30.18,17.21,7.52,0.0
20230309:1330,452.78,520.31,22.38,17.04,7.52,0.0
20230309:1430,128.63,163.62,13.23,14.94,7.31,0.0
20230309:1530,14.08,32.64,3.3,14.52,7.03,0.0
20230309:1630,0.0,0.0,0.0,15.19,6.28,0.0
20230309:1730,0.0,0.0,0.0,11.6,5.93,0.0
20230309:1830,0.0,0.0,0.0,11.82,5.86,0.0
20230309:1930,0.0,0.0,0.0,12.05,5.59,0.0
20230309:2030,0.0,0.0,0.0,11.22,5.24,0.0
20230309:2130,0.0,0.0,0.0,11.86,4.69,0.0
20230309:2230,0.0,0.0,0.0,10.95,4.28,0.0
20230309:2330,0.0,0.0,0.0,11.19,4.14,0.0
20230310:0030,0.0,0.0,0.0,11.48,4.14,0.0
20230310:0130,0.0,0.0,0.0,11.42,3.93,0.0
20230310:0230,0.0,0.0,0.0,9.67,3.79,0.0
20230310:0330,0.0,0.0,0.0,9.51,3.79,0.0
20230310:0430,1.57,9.15,0.78,9.51,3.86,0.0
20230310:0530,117.72,152.62,10.85,9.18,3.72,0.0
20230310:0630,386.23,435.26,20.28,8.82,4.07,0.0
20230310:0730,623.94,695.86,28.55,8.6,4.83,0.0
20230310:0830,747.6,860.95,34.96,12.74,4.62,0.0
20230310:0930,816.67,962.74,38.72,12.74,3.31,0.0
20230310:1030,809.45,973.66,39.18,15.73,2.97,0.0
20230310:1130,743.83,901.34,36.27,15.66,1.79,0.0
20230310:1230,619.67,749.97,30.5,15.58,0.69,0.0
20230310:1330,448.47,530.5,22.66,15.4,1.1,0.0
20230310:1430,222.64,273.04,13.49,13.98,2.9,0.0
20230310:1530,29.22,63.02,3.55,13.24,3.93,0.0
20230310:1630,0.0,0.0,0.0,12.78,3.93,0.0
20230310:1730,0.0,0.0,0.0,7.64,3.17,0.0
20230310:1830,0.0,0.0,0.0,7.49,3.31,0.0
20230310:1930,0.0,0.0,0.0,7.86,3.1,0.0
20230310:2030,0.0,0.0,0.0,6.22,3.1,0.0
20230310:2130,0.0,0.0,0.0,6.63,3.66,0.0
20230310:2230,0.0,0.0,0.0,5.89,4.14,0.0
20230310:2330,0.0,0.0,0.0,6.08,4.41,0.0
20230311:0030,0.0,0.0,0.0,6.34,4.83,0.0
20230311:0130,0.0,0.0,0.0,6.72,5.86,0.0
20230311:0230,0.0,0.0,0.0,7.49,6.07,0.0
20230311:0330,0.0,0.0,0.0,7.65,6.69,0.0
20230311:0430,0.42,6.64,1.11,7.92,6.97,0.0
20230311:0530,82.04,110.76,11.19,9.63,6.9,0.0
20230311:0630,186.12,217.63,20.64,9.3,7.31,0.0
20230311:0730,362.02,401.25,28.92,9.18,9.03,0.0
20230311:0830,362.54,407.89,35.35,12.08,8.97,0.0
20230311:0930,329.4,372.16,39.11,11.52,8.62,0.0
20230311:1030,171.77,206.84,39.57,13.05,7.59,0.0
20230311:1130,161.98,194.13,36.63,12.19,8.14,0.0
20230311:1230,116.53,146.13,30.82,11.89,7.31,0.0
20230311:1330,136.24,166.61,22.95,11.93,6.76,0.0
20230311:1430,110.2,140.95,13.75,10.54,6.48,0.0
20230311:1530,9.05,24.01,3.79,10.64,6.21,0.0
20230311:1630,0.0,0.0,0.0,10.47,5.59,0.0
20230311:1730,0.0,0.0,0.0,9.23,5.38,0.0
20230311:1830,0.0,0.0,0.0,9.84,5.17,0.0
20230311:1930,0.0,0.0,0.0,10.8,4.62,0.0
20230311:2030,0.0,0.0,0.0,10.68,4.48,0.0
20230311:2130,0.0,0.0,0.0,11.46,6.69,0.0
20230311:2230,0.0,0.0,0.0,9.01,8.55,0.0
20230311:2330,0.0,0.0,0.0,8.04,8.69,0.0
20230312:0030,0.0,0.0,0.0,6.92,8.41,0.0
20230312:0130,0.0,0.0,0.0,6.17,8.48,0.0
20230312:0230,0.0,0.0,0.0,3.64,8.62,0.0
20230312:0330,0.0,0.0,0.0,3.46,8.21,0.0
20230312:0430,2.02,9.83,1.44,3.56,8.0,0.0
20230312:0530,200.81,240.79,11.53,2.64,7.86,0.0
20230312:0630,423.53,459.05,20.99,3.34,8.21,0.0
20230312:0730,527.93,565.71,29.29,3.63,8.34,0.0
20230312:0830,654.79,707.06,35.74,4.67,7.93,0.0
20230312:0930,630.6,683.16,39.51,5.04,8.0,0.0
20230312:1030,625.33,679.96,39.96,6.09,8.41,0.0
20230312:1130,589.75,640.38,36.98,5.97,8.34,0.0
20230312:1230,551.68,596.7,31.13,5.64,8.48,0.0
20230312:1330,457.86,498.14,23.23,5.41,8.21,0.0
20230312:1430,251.65,293.83,14.01,6.57,7.45,0.0
20230312:1530,33.87,68.11,4.03,6.64,5.24,0.0
20230312:1630,0.0,0.0,0.0,6.58,3.72,0.0
20230312:1730,0.0,0.0,0.0,3.6,3.52,0.0
20230312:1830,0.0,0.0,0.0,3.51,3.59,0.0
20230312:1930,0.0,0.0,0.0,3.6,3.38,0.0
20230312:2030,0.0,0.0,0.0,1.6,2.97,0.0
20230312:2130,0.0,0.0,0.0,1.05,2.28,0.0
20230312:2230,0.0,0.0,0.0,-1.08,2.34,0.0
20230312:2330,0.0,0.0,0.0,-0.53,2.28,0.0
20230313:0030,0.0,0.0,0.0,-0.14,2.48,0.0
20230313:0130,0.0,0.0,0.0,-0.3,2.55,0.0
20230313:0230,0.0,0.0,0.0,-1.73,2.21,0.0
20230313:0330,0.0,0.0,0.0,-2.54,2.48,0.0
20230313:0430,2.86,11.1,1.77,-2.93,2.48,0.0
20230313:0530,204.83,245.91,11.87,0.28,1.31,0.0
20230313:0630,447.19,498.87,21.35,1.09,0.55,0.0
20230313:0730,644.91,730.92,29.67,2.07,0.62,0.0
20230313:0830,769.23,902.13,36.13,7.18,1.31,0.0
20230313:0930,837.82,988.83,39.91,7.2,1.66,0.0
20230313:1030,857.24,1000.81,40.34,9.2,3.1,0.0
20230313:1130,809.45,925.58,37.34,9.01,4.14,0.0
20230313:1230,688.6,772.76,31.45,8.73,4.69,0.0
20230313:1330,497.57,555.63,23.51,8.46,4.55,0.0
20230313:1430,255.9,301.72,14.26,7.7,4.55,0.0
20230313:1530,34.68,70.6,4.28,7.87,4.28,0.0
20230313:1630,0.0,0.0,0.0,8.23,3.79,0.0
20230313:1730,0.0,0.0,0.0,4.41,4.0,0.0
20230313:1830,0.0,0.0,0.0,4.64,3.93,0.0
20230313:1930,0.0,0.0,0.0,5.06,4.0,0.0
20230313:2030,0.0,0.0,0.0,3.62,3.93,0.0
20230313:2130,0.0,0.0,0.0,3.66,3.59,0.0
20230313:2230,0.0,0.0,0.0,2.77,3.45,0.0
20230313:2330,0.0,0.0,0.0,3.04,3.17,0.0
20230314:0030,0.0,0.0,0.0,3.11,3.1,0.0
20230314:0130,0.0,0.0,0.0,3.26,3.66,0.0
20230314:0230,0.0,0.0,0.0,2.58,4.14,0.0
20230314:0330,0.0,0.0,0.0,2.66,4.21,0.0
20230314:0430,3.28,12.01,2.11,2.75,4.07,0.0
20230314:0530,205.0,249.09,12.22,5.37,4.28,0.0
20230314:0630,459.41,506.91,21.7,5.54,5.1,0.0
20230314:0730,675.28,736.99,30.04,4.89,6.07,0.0
20230314:0830,807.33,909.4,36.53,9.33,6.07,0.0
20230314:0930,887.28,1005.54,40.31,8.62,5.93,0.0
20230314:1030,892.1,1017.45,40.73,9.83,6.0,0.0
20230314:1130,833.03,943.42,37.69,9.25,5.66,0.0
20230314:1230,702.72,788.93,31.76,8.93,4.97,0.0
20230314:1330,508.66,568.97,23.79,8.87,4.69,0.0
20230314:1430,262.48,309.08,14.52,7.68,4.48,0.0
20230314:1530,36.22,72.8,4.52,8.06,3.66,0.0
20230314:1630,0.0,0.0,0.0,8.07,2.34,0.0
20230314:1730,0.0,0.0,0.0,3.81,2.34,0.0
20230314:1830,0.0,0.0,0.0,4.87,2.55,0.0
20230314:1930,0.0,0.0,0.0,5.68,2.97,0.0
20230314:2030,0.0,0.0,0.0,4.44,3.52,0.0
20230314:2130,0.0,0.0,0.0,4.62,3.66,0.0
20230314:2230,0.0,0.0,0.0,3.7,2.97,0.0
20230314:2330,0.0,0.0,0.0,3.34,2.28,0.0
20230315:0030,0.0,0.0,0.0,2.42,2.07,0.0
20230315:0130,0.0,0.0,0.0,1.95,2.28,0.0
20230315:0230,0.0,0.0,0.0,2.05,2.41,0.0
20230315:0330,0.0,0.0,0.0,2.16,2.62,0.0
20230315:0430,9.92,31.79,2.44,2.85,2.55,0.0
20230315:0530,170.51,210.2,12.56,5.46,2.41,0.0
20230315:0630,301.84,340.28,22.06,5.86,2.48,0.0
20230315:0730,148.94,175.84,30.42,5.92,4.83,0.0
20230315:0830,124.51,151.19,36.92,7.75,4.9,0.0
20230315:0930,162.07,191.4,40.71,6.33,4.0,0.0
20230315:1030,163.22,192.86,41.12,6.95,4.21,0.0
20230315:1130,121.85,148.65,38.04,6.68,4.76,0.0
20230315:1230,144.67,172.76,32.08,6.3,4.21,0.0
20230315:1330,170.7,200.02,24.07,6.63,3.45,0.0
20230315:1430,120.7,150.77,14.78,6.71,3.24,0.0
20230315:1530,22.3,48.18,4.76,6.91,3.03,0.0
20230315:1630,0.0,0.0,0.0,6.88,2.28,0.0
20230315:1730,0.0,0.0,0.0,5.59,1.79,0.0
20230315:1830,0.0,0.0,0.0,6.22,1.45,0.0
20230315:1930,0.0,0.0,0.0,6.84,1.38,0.0
20230315:2030,0.0,0.0,0.0,5.97,1.59,0.0
20230315:2130,0.0,0.0,0.0,5.4,0.41,0.0
20230315:2230,0.0,0.0,0.0,4.21,1.45,0.0
20230315:2330,0.0,0.0,0.0,5.54,1.45,0.0
20230316:0030,0.0,0.0,0.0,6.03,1.45,0.0
20230316:0130,0.0,0.0,0.0,6.13,1.66,0.0
20230316:0230,0.0,0.0,0.0,5.97,2.14,0.0
20230316:0330,0.0,0.0,0.0,6.22,2.07,0.0
20230316:0430,3.02,11.7,2.78,6.21,1.86,0.0
20230316:0530,45.44,66.01,12.9,6.28,2.14,0.0
20230316:0630,128.28,155.33,22.42,6.01,2.48,0.0
20230316:0730,206.28,236.97,30.8,5.83,2.34,0.0
20230316:0830,325.6,369.4,37.32,7.67,2.0,0.0
20230316:0930,439.57,495.51,41.12,7.28,1.79,0.0
20230316:1030,344.54,388.23,41.5,8.79,2.83,0.0
20230316:1130,355.18,398.36,38.4,8.53,3.38,0.0
20230316:1230,160.99,191.43,32.39,8.38,4.14,0.0
20230316:1330,127.12,154.86,24.35,8.36,4.21,0.0
20230316:1430,49.77,71.55,15.03,7.98,4.41,0.0
20230316:1530,7.29,19.76,5.0,7.96,4.62,0.0
20230316:1630,0.0,0.0,0.0,7.97,5.03,0.0
20230316:1730,0.0,0.0,0.0,6.49,5.45,0.0
20230316:1830,0.0,0.0,0.0,6.39,5.52,0.0
20230316:1930,0.0,0.0,0.0,6.33,5.79,0.0
20230316:2030,0.0,0.0,0.0,5.55,5.86,0.0
20230316:2130,0.0,0.0,0.0,5.51,5.86,0.0
20230316:2230,0.0,0.0,0.0,4.86,6.07,0.0
20230316:2330,0.0,0.0,0.0,5.02,6.14,0.0
20230317:0030,0.0,0.0,0.0,5.1,6.34,0.0
20230317:0130,0.0,0.0,0.0,5.14,6.55,0.0
20230317:0230,0.0,0.0,0.0,4.48,6.41,0.0
20230317:0330,0.0,0.0,0.0,4.48,6.28,0.0
20230317:0430,0.0,6.16,3.12,4.38,6.48,0.0
20230317:0530,32.57,50.13,13.25,4.06,6.83,0.0
20230317:0630,122.87,147.61,22.78,4.11,8.21,0.0
20230317:0730,128.24,152.56,31.18,3.96,7.38,0.0
20230317:0830,199.81,227.72,37.71,5.12,6.97,0.0
20230317:0930,399.99,435.55,41.52,5.48,6.69,0.0
20230317:1030,474.86,520.85,41.89,6.33,6.83,0.0
20230317:1130,472.45,519.38,38.75,7.07,6.76,0.0
20230317:1230,382.84,421.12,32.7,7.39,6.76,0.0
20230317:1330,202.48,232.3,24.63,7.22,6.48,0.0
20230317:1430,62.15,84.68,15.28,6.62,6.0,0.0
20230317:1530,6.95,19.46,5.24,6.29,5.59,0.0
20230317:1630,0.0,0.0,0.0,6.27,5.72,0.0
20230317:1730,0.0,0.0,0.0,5.0,5.79,0.0
20230317:1830,0.0,0.0,0.0,5.02,5.52,0.0
20230317:1930,0.0,0.0,0.0,4.91,5.52,0.0
20230317:2030,0.0,0.0,0.0,4.06,5.45,0.0
20230317:2130,0.0,0.0,0.0,4.09,5.24,0.0
20230317:2230,0.0,0.0,0.0,4.18,5.17,0.0
20230317:2330,0.0,0.0,0.0,4.22,5.1,0.0
20230318:0030,0.0,0.0,0.0,4.3,4.9,0.0
20230318:0130,0.0,0.0,0.0,4.35,4.9,0.0
20230318:0230,0.0,0.0,0.0,4.55,5.03,0.0
20230318:0330,0.0,0.0,0.0,4.75,5.17,0.0
20230318:0430,0.5,6.78,3.46,4.87,5.17,0.0
20230318:0530,21.15,36.72,13.6,5.21,5.24,0.0
20230318:0630,79.07,102.11,23.14,5.18,5.31,0.0
20230318:0730,185.2,212.87,31.55,5.11,6.55,0.0
20230318:0830,365.73,403.48,38.11,6.14,5.66,0.0
20230318:0930,448.75,495.06,41.92,6.54,5.31,0.0
20230318:1030,471.34,521.98,42.28,7.98,5.38,0.0
20230318:1130,343.23,383.26,39.1,7.94,5.17,0.0
20230318:1230,208.77,240.38,33.02,7.48,4.9,0.0
20230318:1330,123.05,150.13,24.9,7.12,4.97,0.0
20230318:1430,66.97,90.41,15.53,7.14,4.76,0.0
20230318:1530,13.18,29.41,5.48,7.21,4.41,0.0
20230318:1630,0.0,0.0,0.0,7.27,4.48,0.0
20230318:1730,0.0,0.0,0.0,6.61,4.76,0.0
20230318:1830,0.0,0.0,0.0,6.52,4.76,0.0
20230318:1930,0.0,0.0,0.0,6.56,4.48,0.0
20230318:2030,0.0,0.0,0.0,5.91,4.28,0.0
20230318:2130,0.0,0.0,0.0,5.83,4.0,0.0
20230318:2230,0.0,0.0,0.0,5.18,3.86,0.0
20230318:2330,0.0,0.0,0.0,5.14,3.79,0.0
20230319:0030,0.0,0.0,0.0,5.11,3.59,0.0
20230319:0130,0.0,0.0,0.0,4.95,3.38,0.0
20230319:0230,0.0,0.0,0.0,4.64,3.24,0.0
20230319:0330,0.0,0.0,0.0,4.49,3.24,0.0
20230319:0430,4.66,16.5,3.8,4.47,3.17,0.0
20230319:0530,75.06,99.19,13.94,4.34,3.38,0.0
20230319:0630,221.61,251.65,23.5,4.39,3.66,0.0
20230319:0730,353.84,390.2,31.93,4.52,3.52,0.0
20230319:0830,362.9,402.98,38.5,5.62,3.38,0.0
20230319:0930,454.86,503.74,42.32,5.8,3.24,0.0
20230319:1030,355.77,398.54,42.66,6.94,3.1,0.0
20230319:1130,410.05,456.95,39.45,6.73,2.97,0.0
20230319:1230,327.28,366.7,33.33,6.87,2.97,0.0
20230319:1330,248.88,283.47,25.18,6.9,3.03,0.0
20230319:1430,64.34,87.23,15.78,7.08,3.1,0.0
20230319:1530,9.83,23.19,5.71,6.91,2.97,0.0
20230319:1630,0.0,0.0,0.0,7.02,2.14,0.0
20230319:1730,0.0,0.0,0.0,5.5,1.86,0.0
20230319:1830,0.0,0.0,0.0,5.52,1.79,0.0
20230319:1930,0.0,0.0,0.0,5.53,2.0,0.0
20230319:2030,0.0,0.0,0.0,4.0,2.14,0.0
20230319:2130,0.0,0.0,0.0,4.15,2.07,0.0
20230319:2230,0.0,0.0,0.0,2.75,2.34,0.0
20230319:2330,0.0,0.0,0.0,2.83,2.48,0.0
20230320:0030,0.0,0.0,0.0,3.14,2.55,0.0
20230320:0130,0.0,0.0,0.0,2.99,2.14,0.0
20230320:0230,0.0,0.0,0.0,2.5,1.79,0.0
20230320:0330,0.0,0.0,0.0,2.31,1.79,0.0
20230320:0430,9.86,28.16,4.14,2.38,1.59,0.0
20230320:0530,63.35,85.84,14.29,3.76,2.0,0.0
20230320:0630,188.0,216.36,23.86,2.99,1.72,0.0
20230320:0730,333.78,370.04,32.31,3.27,1.45,0.0
20230320:0830,436.82,494.19,38.9,6.77,0.97,0.0
20230320:0930,627.78,733.76,42.73,6.84,0.28,0.0
20230320:1030,551.14,643.55,43.05,10.11,0.28,0.0
20230320:1130,535.8,616.32,39.8,9.28,1.03,0.0
20230320:1230,353.54,400.93,33.63,9.21,1.79,0.0
20230320:1330,324.01,368.19,25.45,8.84,2.14,0.0
20230320:1430,165.92,204.02,16.03,9.06,2.14,0.0
20230320:1530,27.17,53.14,5.95,8.85,2.48,0.0
20230320:1630,0.0,0.0,-4.36,9.3,2.41,0.0
20230320:1730,0.0,0.0,0.0,5.84,2.41,0.0
20230320:1830,0.0,0.0,0.0,5.98,2.41,0.0
20230320:1930,0.0,0.0,0.0,5.9,2.48,0.0
20230320:2030,0.0,0.0,0.0,3.78,2.41,0.0
20230320:2130,0.0,0.0,0.0,4.19,2.34,0.0
20230320:2230,0.0,0.0,0.0,3.86,2.41,0.0
20230320:2330,0.0,0.0,0.0,3.33,2.34,0.0
20230321:0030,0.0,0.0,0.0,3.77,2.0,0.0
20230321:0130,0.0,0.0,0.0,3.53,1.86,0.0
20230321:0230,0.0,0.0,0.0,3.21,2.21,0.0
20230321:0330,0.0,0.0,0.0,3.09,2.0,0.0
20230321:0430,17.65,42.66,4.48,2.45,1.86,0.0
20230321:0530,173.04,210.35,14.64,4.48,2.28,0.0
20230321:0630,285.78,322.44,24.22,4.76,1.79,0.0
20230321:0730,361.71,404.05,32.69,4.85,1.66,0.0
20230321:0830,503.47,578.36,39.3,10.35,1.86,0.0
20230321:0930,497.1,567.4,43.13,9.65,2.28,0.0
20230321:1030,571.37,657.89,43.44,11.56,2.83,0.0
20230321:1130,528.61,602.76,40.15,11.43,3.45,0.0
20230321:1230,332.24,375.63,33.94,11.08,3.79,0.0
20230321:1330,356.49,404.45,25.72,10.29,3.93,0.0
20230321:1430,197.16,237.61,16.28,9.43,4.14,0.0
20230321:1530,40.77,75.46,6.19,8.92,4.34,0.0
20230321:1630,0.0,0.0,-4.12,9.04,4.0,0.0
20230321:1730,0.0,0.0,0.0,6.17,3.59,0.0
20230321:1830,0.0,0.0,0.0,6.57,3.03,0.0
20230321:1930,0.0,0.0,0.0,6.95,2.69,0.0
20230321:2030,0.0,0.0,0.0,5.89,2.83,0.0
20230321:2130,0.0,0.0,0.0,6.47,2.55,0.0
20230321:2230,0.0,0.0,0.0,5.53,2.69,0.0
20230321:2330,0.0,0.0,0.0,5.81,2.69,0.0
20230322:0030,0.0,0.0,0.0,5.9,2.83,0.0
20230322:0130,0.0,0.0,0.0,5.93,2.41,0.0
20230322:0230,0.0,0.0,0.0,5.36,1.79,0.0
20230322:0330,0.0,0.0,0.0,5.64,1.52,0.0
20230322:0430,12.05,26.11,4.82,4.92,1.52,0.0
20230322:0530,88.91,114.74,14.98,6.2,2.14,0.0
20230322:0630,258.13,295.1,24.58,6.25,1.79,0.0
20230322:0730,395.69,441.7,33.07,5.93,1.79,0.0
20230322:0830,648.34,752.79,39.69,10.57,2.07,0.0
20230322:0930,694.2,806.52,43.53,10.34,2.41,0.0
20230322:1030,723.66,856.81,43.82,13.59,2.48,0.0
20230322:1130,672.01,787.71,40.5,13.23,2.62,0.0
20230322:1230,551.86,636.51,34.25,13.18,2.76,0.0
20230322:1330,342.33,394.68,25.99,12.67,3.24,0.0
20230322:1430,176.7,216.86,16.53,11.9,3.59,0.0
20230322:1530,32.07,56.02,6.42,11.52,3.38,0.0
20230322:1630,0.0,0.0,-3.89,11.46,2.41,0.0
20230322:1730,0.0,0.0,0.0,7.12,2.28,0.0
20230322:1830,0.0,0.0,0.0,8.13,2.0,0.0
20230322:1930,0.0,0.0,0.0,7.47,1.66,0.0
20230322:2030,0.0,0.0,0.0,5.52,1.59,0.0
20230322:2130,0.0,0.0,0.0,5.88,2.34,0.0
20230322:2230,0.0,0.0,0.0,4.74,1.72,0.0
20230322:2330,0.0,0.0,0.0,5.58,1.17,0.0
20230323:0030,0.0,0.0,0.0,6.33,0.97,0.0
20230323:0130,0.0,0.0,0.0,5.7,1.31,0.0
20230323:0230,0.0,0.0,0.0,3.51,1.59,0.0
20230323:0330,0.0,0.0,0.0,2.97,2.0,0.0
20230323:0430,20.12,46.46,5.16,2.62,2.0,0.0
20230323:0530,125.56,158.19,15.33,5.19,2.14,0.0
20230323:0630,427.91,480.93,24.94,5.29,1.59,0.0
20230323:0730,636.0,729.95,33.45,6.93,1.24,0.0
20230323:0830,737.71,884.5,40.09,12.48,1.38,0.0
20230323:0930,799.83,967.86,43.93,12.46,1.52,0.0
20230323:1030,797.49,979.94,44.21,14.95,1.45,0.0
20230323:1130,685.99,816.25,40.85,14.69,2.0,0.0
20230323:1230,469.33,542.34,34.55,14.48,2.14,0.0
20230323:1330,402.97,467.23,26.26,13.8,2.41,0.0
20230323:1430,241.84,296.02,16.77,14.23,2.83,0.0
20230323:1530,44.75,84.56,6.66,14.48,2.83,0.0
20230323:1630,0.0,0.0,-3.66,13.48,2.14,0.0
20230323:1730,0.0,0.0,0.0,9.0,2.14,0.0
20230323:1830,0.0,0.0,0.0,9.08,2.07,0.0
20230323:1930,0.0,0.0,0.0,9.33,1.93,0.0
20230323:2030,0.0,0.0,0.0,7.28,2.0,0.0
20230323:2130,0.0,0.0,0.0,7.32,2.07,0.0
20230323:2230,0.0,0.0,0.0,5.26,2.14,0.0
20230323:2330,0.0,0.0,0.0,5.46,2.14,0.0
20230324:0030,0.0,0.0,0.0,5.38,2.14,0.0
20230324:0130,0.0,0.0,0.0,5.43,2.07,0.0
20230324:0230,0.0,0.0,0.0,4.54,2.07,0.0
20230324:0330,0.0,0.0,0.0,4.33,2.21,0.0
20230324:0430,21.07,44.33,5.5,5.02,1.45,0.0
20230324:0530,125.96,157.33,15.68,7.05,1.03,0.0
20230324:0630,256.66,294.57,25.3,6.87,1.66,0.0
20230324:0730,477.31,536.99,33.83,6.76,1.93,0.0
20230324:0830,700.05,826.14,40.49,13.56,2.41,0.0
20230324:0930,822.42,973.87,44.33,13.36,3.31,0.0
20230324:1030,813.52,964.55,44.59,15.97,4.34,0.0
20230324:1130,675.15,784.32,41.19,15.49,4.83,0.0
20230324:1230,540.42,620.97,34.85,15.06,4.76,0.0
20230324:1330,367.35,423.35,26.53,14.59,4.76,0.0
20230324:1430,172.42,212.72,17.02,12.94,4.62,0.0
20230324:1530,32.1,59.4,6.89,12.28,4.28,0.0
20230324:1630,0.0,0.0,-3.42,12.51,4.0,0.0
20230324:1730,0.0,0.0,0.0,7.04,3.93,0.0
20230324:1830,0.0,0.0,0.0,7.31,4.14,0.0
20230324:1930,0.0,0.0,0.0,7.65,4.14,0.0
20230324:2030,0.0,0.0,0.0,5.25,4.14,0.0
20230324:2130,0.0,0.0,0.0,5.63,3.93,0.0
20230324:2230,0.0,0.0,0.0,4.97,3.86,0.0
20230324:2330,0.0,0.0,0.0,5.44,3.86,0.0
20230325:0030,0.0,0.0,0.0,5.71,3.86,0.0
20230325:0130,0.0,0.0,0.0,5.87,4.0,0.0
20230325:0230,0.0,0.0,0.0,5.41,4.07,0.0
20230325:0330,0.0,0.0,-4.47,5.87,4.34,0.0
20230325:0430,9.86,23.24,5.84,5.97,4.69,0.0
20230325:0530,72.32,96.08,16.02,6.55,5.17,0.0
20230325:0630,233.46,265.34,25.66,5.94,5.17,0.0
20230325:0730,396.16,435.52,34.2,5.29,5.31,0.0
20230325:0830,484.3,542.79,40.88,10.52,5.52,0.0
20230325:0930,618.31,692.22,44.74,9.91,5.93,0.0
20230325:1030,602.85,676.57,44.97,11.23,6.55,0.0
20230325:1130,557.71,620.29,41.54,10.48,7.24,0.0
20230325:1230,417.44,464.58,35.16,10.16,7.38,0.0
20230325:1330,245.89,281.93,26.8,9.99,7.52,0.0
20230325:1430,140.79,171.47,17.26,6.95,7.45,0.0
20230325:1530,36.58,63.87,7.12,7.36,7.24,0.0
20230325:1630,0.0,0.0,-3.19,8.36,6.55,0.0
20230325:1730,0.0,0.0,0.0,5.93,6.55,0.0
20230325:1830,0.0,0.0,0.0,6.87,6.21,0.0
20230325:1930,0.0,0.0,0.0,7.42,6.07,0.0
20230325:2030,0.0,0.0,0.0,6.48,6.0,0.0
20230325:2130,0.0,0.0,0.0,6.54,6.21,0.0
20230325:2230,0.0,0.0,0.0,6.67,6.21,0.0
20230325:2330,0.0,0.0,0.0,6.78,5.93,0.0
20230326:0030,0.0,0.0,0.0,6.74,5.86,0.0
20230326:0130,0.0,0.0,0.0,6.97,4.83,0.0
20230326:0230,0.0,0.0,0.0,7.25,4.21,0.0
20230326:0330,0.0,0.0,-4.13,7.32,3.79,0.0
20230326:0430,3.48,12.59,6.18,7.32,2.97,0.0
20230326:0530,17.38,32.27,16.37,7.64,2.28,0.0
20230326:0630,38.28,57.48,26.02,6.89,1.45,0.0
20230326:0730,56.06,77.69,34.58,6.48,1.1,0.0
20230326:0830,72.62,97.07,41.28,8.66,0.55,0.0
20230326:0930,157.73,190.84,45.14,9.26,0.14,0.0
20230326:1030,225.65,264.76,45.35,10.32,1.93,0.0
20230326:1130,324.27,374.33,41.88,11.6,2.28,0.0
20230326:1230,294.67,342.29,35.46,12.23,1.59,0.0
20230326:1330,226.99,269.8,27.06,12.31,0.28,0.0
20230326:1430,55.57,79.12,17.5,11.98,1.79,0.0
20230326:1530,8.81,21.03,7.35,11.63,2.21,0.0
20230326:1630,0.0,0.0,-2.96,11.98,2.48,0.0
20230326:1730,0.0,0.0,0.0,9.91,2.69,0.0
20230326:1830,0.0,0.0,0.0,9.99,3.38,0.0
20230326:1930,0.0,0.0,0.0,9.9,3.38,0.0
20230326:2030,0.0,0.0,0.0,7.65,3.66,0.0
20230326:2130,0.0,0.0,0.0,7.75,3.93,0.0
20230326:2230,0.0,0.0,0.0,6.16,3.72,0.0
20230326:2330,0.0,0.0,0.0,6.25,3.52,0.0
20230327:0030,0.0,0.0,0.0,6.21,2.83,0.0
20230327:0130,0.0,0.0,0.0,5.79,2.34,0.0
20230327:0230,0.0,0.0,0.0,3.99,2.28,0.0
20230327:0330,0.0,0.0,-3.79,4.02,2.0,0.0
20230327:0430,37.25,72.39,6.52,2.78,2.62,0.0
20230327:0530,240.0,289.18,16.71,6.79,1.24,0.0
20230327:0630,454.49,520.46,26.38,7.14,0.69,0.0
20230327:0730,650.12,743.01,34.96,7.34,1.86,0.0
20230327:0830,784.4,917.45,41.67,12.89,3.66,0.0
20230327:0930,867.45,1010.58,45.54,12.48,4.83,0.0
20230327:1030,838.16,975.05,45.73,13.83,5.52,0.0
20230327:1130,613.29,698.76,42.22,13.7,6.14,0.0
20230327:1230,346.09,394.77,35.75,12.98,6.62,0.0
20230327:1330,248.13,287.81,27.33,12.36,6.55,0.0
20230327:1430,72.44,97.14,17.75,10.34,6.28,0.0
20230327:1530,12.48,26.08,7.58,10.58,5.86,0.0
20230327:1630,0.0,0.0,-2.73,11.22,6.0,0.0
20230327:1730,0.0,0.0,0.0,9.71,6.21,0.0
20230327:1830,0.0,0.0,0.0,10.23,7.1,0.0
20230327:1930,0.0,0.0,0.0,10.63,8.07,0.0
20230327:2030,0.0,0.0,0.0,9.63,8.41,0.0
20230327:2130,0.0,0.0,0.0,9.74,7.79,0.0
20230327:2230,0.0,0.0,0.0,8.93,7.93,0.0
20230327:2330,0.0,0.0,0.0,8.84,7.79,0.0
20230328:0030,0.0,0.0,0.0,8.73,7.31,0.0
20230328:0130,0.0,0.0,0.0,8.74,7.38,0.0
20230328:0230,0.0,0.0,0.0,8.15,7.45,0.0
20230328:0330,0.0,0.0,-3.45,8.4,7.1,0.0
20230328:0430,2.19,10.29,6.86,8.42,6.21,0.0
20230328:0530,36.21,54.98,17.06,6.98,5.03,0.0
20230328:0630,124.7,151.8,26.74,7.47,6.0,0.0
20230328:0730,231.31,263.29,35.33,8.08,7.66,0.0
20230328:0830,295.62,332.43,42.07,8.0,8.55,0.0
20230328:0930,327.0,363.99,45.93,7.37,9.31,0.0
20230328:1030,463.3,501.79,46.11,5.05,10.28,0.0
20230328:1130,438.66,476.12,42.56,5.11,10.55,0.0
20230328:1230,425.91,462.05,36.05,5.27,11.03,0.0
20230328:1330,361.16,394.95,27.59,5.48,11.1,0.0
20230328:1430,195.38,227.95,17.98,4.5,11.1,0.0
20230328:1530,41.15,66.53,7.81,4.44,10.48,0.0
20230328:1630,0.0,0.0,-2.5,4.35,9.45,0.0
20230328:1730,0.0,0.0,0.0,2.91,8.83,0.0
20230328:1830,0.0,0.0,0.0,2.93,8.62,0.0
20230328:1930,0.0,0.0,0.0,3.03,8.55,0.0
20230328:2030,0.0,0.0,0.0,2.01,8.41,0.0
20230328:2130,0.0,0.0,0.0,1.87,8.07,0.0
20230328:2230,0.0,0.0,0.0,1.09,8.69,0.0
20230328:2330,0.0,0.0,0.0,1.25,8.41,0.0
20230329:0030,0.0,0.0,0.0,1.37,8.28,0.0
20230329:0130,0.0,0.0,0.0,1.31,7.79,0.0
20230329:0230,0.0,0.0,0.0,0.69,7.31,0.0
20230329:0330,0.0,0.0,-3.11,0.58,7.1,0.0
20230329:0430,44.8,81.44,7.19,0.52,6.69,0.0
20230329:0530,265.15,305.2,17.4,1.64,6.55,0.0
20230329:0630,504.08,539.78,27.09,1.86,8.41,0.0
20230329:0730,739.88,788.82,35.71,2.04,9.1,0.0
20230329:0830,779.34,841.01,42.46,3.76,9.1,0.0
20230329:0930,826.78,899.02,46.33,4.15,8.76,0.0
20230329:1030,643.16,695.86,46.49,4.59,8.83,0.0
20230329:1130,600.17,647.56,42.9,4.28,8.41,0.0
20230329:1230,382.64,415.81,36.35,4.21,8.21,0.0
20230329:1330,327.08,358.69,27.85,4.08,8.07,0.0
20230329:1430,157.41,187.02,18.22,3.25,7.59,0.0
20230329:1530,49.23,80.28,8.04,3.12,7.17,0.0
20230329:1630,0.0,0.0,-2.27,2.92,5.66,0.0
20230329:1730,0.0,0.0,0.0,1.15,4.34,0.0
20230329:1830,0.0,0.0,0.0,1.14,3.66,0.0
20230329:1930,0.0,0.0,0.0,1.17,3.72,0.0
20230329:2030,0.0,0.0,0.0,0.67,3.86,0.0
20230329:2130,0.0,0.0,0.0,0.88,4.0,0.0
20230329:2230,0.0,0.0,0.0,-0.42,4.21,0.0
20230329:2330,0.0,0.0,0.0,-0.68,4.41,0.0
20230330:0030,0.0,0.0,0.0,-0.9,4.21,0.0
20230330:0130,0.0,0.0,0.0,-0.93,4.28,0.0
20230330:0230,0.0,0.0,0.0,-1.51,4.14,0.0
20230330:0330,0.0,0.0,-2.77,-1.45,4.07,0.0
20230330:0430,47.11,84.66,7.53,-1.55,3.93,0.0
20230330:0530,270.22,311.03,17.74,0.61,4.21,0.0
20230330:0630,500.02,541.87,27.45,1.16,4.21,0.0
20230330:0730,641.32,691.93,36.08,1.46,4.97,0.0
20230330:0830,752.47,835.87,42.85,5.36,4.9,0.0
20230330:0930,899.74,1011.8,46.73,5.42,5.17,0.0
20230330:1030,837.18,947.6,46.87,8.44,5.45,0.0
20230330:1130,821.94,932.72,43.24,8.53,4.97,0.0
20230330:1230,686.59,771.99,36.64,8.74,4.55,0.0
20230330:1330,517.82,579.41,28.11,8.79,4.76,0.0
20230330:1430,280.46,332.7,18.46,10.02,5.38,0.0
20230330:1530,55.86,99.24,8.27,10.19,4.9,0.0
20230330:1630,0.0,0.0,-2.04,10.45,3.03,0.0
20230330:1730,0.0,0.0,0.0,6.14,2.83,0.0
20230330:1830,0.0,0.0,0.0,6.22,3.03,0.0
20230330:1930,0.0,0.0,0.0,6.26,2.97,0.0
20230330:2030,0.0,0.0,0.0,3.78,2.83,0.0
20230330:2130,0.0,0.0,0.0,3.74,2.83,0.0
20230330:2230,0.0,0.0,0.0,2.26,2.21,0.0
20230330:2330,0.0,0.0,0.0,1.99,2.21,0.0
20230331:0030,0.0,0.0,0.0,1.69,2.28,0.0
20230331:0130,0.0,0.0,0.0,2.14,2.48,0.0
20230331:0230,0.0,0.0,0.0,1.47,2.41,0.0
20230331:0330,0.0,0.0,-2.43,0.97,2.28,0.0
20230331:0430,49.08,88.62,7.87,1.0,2.55,0.0
20230331:0530,267.14,314.58,18.08,5.64,3.93,0.0
20230331:0630,491.26,543.93,27.8,5.94,4.28,0.0
20230331:0730,671.3,744.64,36.45,5.66,4.21,0.0
20230331:0830,799.05,916.63,43.24,11.03,4.83,0.0
20230331:0930,869.53,997.84,47.12,10.87,5.59,0.0
20230331:1030,831.43,953.24,47.24,11.82,6.0,0.0
20230331:1130,751.52,854.29,43.57,11.74,6.0,0.0
20230331:1230,528.48,593.19,36.93,11.53,6.28,0.0
20230331:1330,370.84,418.75,28.37,11.13,6.62,0.0
20230331:1430,83.32,108.66,18.7,9.28,6.28,0.0
20230331:1530,28.88,47.38,8.5,9.06,5.38,0.0
20230331:1630,0.0,0.0,-1.81,9.76,5.1,0.0
20230331:1730,0.0,0.0,0.0,8.05,4.83,0.0
20230331:1830,0.0,0.0,0.0,8.79,4.21,0.0
20230331:1930,0.0,0.0,0.0,9.33,3.31,0.0
20230331:2030,0.0,0.0,0.0,8.41,2.41,0.0
20230331:2130,0.0,0.0,0.0,8.64,2.0,0.0
20230331:2230,0.0,0.0,0.0,7.06,1.86,0.0
20230331:2330,0.0,0.0,0.0,7.3,2.07,0.0
20230401:0030,0.0,0.0,0.0,7.62,1.66,0.0
20230401:0130,0.0,0.0,0.0,5.32,1.66,0.0
20230401:0230,0.0,0.0,0.0,3.81,1.86,0.0
20230401:0330,0.0,0.0,-2.09,3.14,2.34,0.0
20230401:0430,45.49,77.16,8.2,2.86,2.14,0.0
20230401:0530,161.75,195.1,18.42,5.86,1.52,0.0
20230401:0630,251.89,287.61,28.15,6.19,2.28,0.0
20230401:0730,366.03,408.92,36.82,6.08,3.03,0.0
20230401:0830,513.95,580.58,43.63,10.03,3.79,0.0
20230401:0930,516.16,583.82,47.52,10.39,3.93,0.0
20230401:1030,588.24,666.42,47.62,10.99,5.03,0.0
20230401:1130,501.42,564.27,43.9,10.99,5.72,0.0
20230401:1230,489.19,547.26,37.22,10.49,5.45,0.0
20230401:1330,321.92,364.77,28.62,10.23,5.93,0.0
20230401:1430,120.76,150.56,18.93,9.47,5.31,0.0
20230401:1530,14.44,28.71,8.72,9.19,5.17,0.0
20230401:1630,0.0,0.0,-1.58,9.5,5.17,0.0
20230401:1730,0.0,0.0,0.0,8.19,5.38,0.0
20230401:1830,0.0,0.0,0.0,8.67,5.59,0.0
20230401:1930,0.0,0.0,0.0,8.93,5.31,0.0
20230401:2030,0.0,0.0,0.0,8.41,5.59,0.0
20230401:2130,0.0,0.0,0.0,8.41,5.72,0.0
20230401:2230,0.0,0.0,0.0,9.0,6.14,0.0
20230401:2330,0.0,0.0,0.0,9.1,6.07,0.0
20230402:0030,0.0,0.0,0.0,8.94,5.72,0.0
20230402:0130,0.0,0.0,0.0,8.99,5.31,0.0
20230402:0230,0.0,0.0,0.0,8.76,5.17,0.0
20230402:0330,0.0,0.0,-1.76,8.75,5.38,0.0
20230402:0430,0.05,5.73,8.53,8.73,5.59,0.0
20230402:0530,14.36,28.4,18.76,8.52,6.28,0.0
20230402:0630,53.85,75.39,28.5,8.3,5.79,0.0
20230402:0730,233.3,266.1,37.19,8.46,5.72,0.0
20230402:0830,267.87,304.98,44.01,9.16,4.97,0.0
20230402:0930,195.82,229.4,47.91,9.39,4.0,0.0
20230402:1030,268.65,306.04,47.99,9.74,4.07,0.0
20230402:1130,200.03,234.11,44.23,10.55,4.48,0.0
20230402:1230,117.26,145.9,37.51,10.72,4.0,0.0
20230402:1330,91.19,117.91,28.87,10.55,2.9,0.0
20230402:1430,39.12,59.28,19.16,10.39,2.34,0.0
20230402:1530,7.0,18.25,8.95,10.17,1.72,0.0
20230402:1630,0.0,0.0,-1.35,10.04,0.97,0.0
20230402:1730,0.0,0.0,0.0,9.48,1.31,0.0
20230402:1830,0.0,0.0,0.0,9.45,1.93,0.0
20230402:1930,0.0,0.0,0.0,9.44,2.55,0.0
20230402:2030,0.0,0.0,0.0,9.16,3.66,0.0
20230402:2130,0.0,0.0,0.0,9.18,4.62,0.0
20230402:2230,0.0,0.0,0.0,8.74,5.79,0.0
20230402:2330,0.0,0.0,0.0,8.78,6.07,0.0
20230403:0030,0.0,0.0,0.0,8.81,6.0,0.0
20230403:0130,0.0,0.0,0.0,8.92,5.79,0.0
20230403:0230,0.0,0.0,0.0,8.84,5.38,0.0
20230403:0330,0.0,0.0,-1.43,8.86,4.83,0.0
20230403:0430,11.62,24.76,8.87,8.9,4.41,0.0
20230403:0530,56.77,79.26,19.1,9.01,4.21,0.0
20230403:0630,273.14,311.45,28.85,9.05,4.21,0.0
20230403:0730,191.98,224.53,37.56,8.91,4.0,0.0
20230403:0830,305.14,347.38,44.4,10.44,4.69,0.0
20230403:0930,349.47,396.43,48.3,10.43,5.24,0.0
20230403:1030,315.83,360.29,48.36,11.67,6.21,0.0
20230403:1130,241.19,280.42,44.56,11.77,6.41,0.0
20230403:1230,170.48,204.81,37.79,11.8,6.48,0.0
20230403:1330,159.03,191.43,29.13,11.72,6.34,0.0
20230403:1430,129.66,162.41,19.4,11.15,5.45,0.0
20230403:1530,41.3,69.78,9.17,11.29,4.62,0.0
20230403:1630,0.0,0.0,-1.12,11.23,3.93,0.0
20230403:1730,0.0,0.0,0.0,9.5,3.1,0.0
20230403:1830,0.0,0.0,0.0,9.15,2.62,0.0
20230403:1930,0.0,0.0,0.0,9.2,2.83,0.0
20230403:2030,0.0,0.0,0.0,8.23,2.83,0.0
20230403:2130,0.0,0.0,0.0,7.25,2.69,0.0
20230403:2230,0.0,0.0,0.0,6.51,3.03,0.0
20230403:2330,0.0,0.0,0.0,6.55,3.59,0.0
20230404:0030,0.0,0.0,0.0,6.8,4.07,0.0
20230404:0130,0.0,0.0,0.0,6.88,3.93,0.0
20230404:0230,0.0,0.0,0.0,6.26,3.79,0.0
20230404:0330,0.0,0.0,-1.09,6.4,4.34,0.0
20230404:0430,29.6,47.88,9.19,6.39,4.62,0.0
20230404:0530,123.84,152.4,19.43,6.86,5.31,0.0
20230404:0630,106.98,133.08,29.2,7.15,5.66,0.0
20230404:0730,185.0,215.7,37.92,7.22,5.59,0.0
20230404:0830,223.8,259.21,44.78,8.9,5.38,0.0
20230404:0930,228.8,264.34,48.69,8.61,5.24,0.0
20230404:1030,347.33,391.46,48.73,10.29,6.62,0.0
20230404:1130,330.69,373.85,44.89,10.58,6.97,0.0
20230404:1230,232.41,268.47,38.08,10.83,7.03,0.0
20230404:1330,256.11,294.78,29.38,10.88,6.9,0.0
20230404:1430,110.48,140.15,19.63,11.11,5.93,0.0
20230404:1530,35.01,59.46,9.39,10.76,5.86,0.0
20230404:1630,0.0,0.0,-0.9,10.88,5.86,0.0
20230404:1730,0.0,0.0,0.0,10.41,5.66,0.0
20230404:1830,0.0,0.0,0.0,10.49,5.66,0.0
20230404:1930,0.0,0.0,0.0,10.51,5.45,0.0
20230404:2030,0.0,0.0,0.0,9.42,4.97,0.0
20230404:2130,0.0,0.0,0.0,9.16,4.97,0.0
20230404:2230,0.0,0.0,0.0,9.48,3.93,0.0
20230404:2330,0.0,0.0,0.0,8.98,3.72,0.0
20230405:0030,0.0,0.0,0.0,8.62,3.79,0.0
20230405:0130,0.0,0.0,0.0,8.52,4.48,0.0
20230405:0230,0.0,0.0,0.0,8.01,4.69,0.0
20230405:0330,0.0,0.0,-0.76,7.84,4.83,0.0
20230405:0430,14.89,29.43,9.52,7.85,4.76,0.0
20230405:0530,59.79,82.42,19.76,8.26,4.9,0.0
20230405:0630,60.58,82.99,29.54,8.31,4.62,0.0
20230405:0730,148.87,177.68,38.29,8.25,4.76,0.0
20230405:0830,242.44,277.83,45.16,9.71,4.62,0.0
20230405:0930,231.06,266.11,49.08,9.63,4.62,0.0
20230405:1030,149.45,179.8,49.1,10.0,4.62,0.0
20230405:1130,51.86,73.56,45.22,9.68,3.93,0.0
20230405:1230,67.82,91.47,38.36,9.47,3.66,0.0
20230405:1330,44.31,64.95,29.63,9.48,3.38,0.0
20230405:1430,10.16,22.66,19.86,7.96,3.45,0.0
20230405:1530,3.59,12.74,9.62,7.21,4.14,0.0
20230405:1630,0.0,0.0,-0.67,6.64,4.55,0.0
20230405:1730,0.0,0.0,0.0,5.62,5.17,0.0
20230405:1830,0.0,0.0,0.0,5.56,4.83,0.0
20230405:1930,0.0,0.0,0.0,5.65,4.62,0.0
20230405:2030,0.0,0.0,0.0,5.32,4.28,0.0
20230405:2130,0.0,0.0,0.0,5.22,3.86,0.0
20230405:2230,0.0,0.0,0.0,6.34,2.62,0.0
20230405:2330,0.0,0.0,0.0,6.26,1.59,0.0
20230406:0030,0.0,0.0,0.0,5.91,2.0,0.0
20230406:0130,0.0,0.0,0.0,5.35,3.66,0.0
20230406:0230,0.0,0.0,0.0,3.92,4.34,0.0
20230406:0330,0.0,0.0,-0.43,3.45,4.83,0.0
20230406:0430,0.76,7.33,9.85,3.13,5.31,0.0
20230406:0530,24.85,40.82,20.09,2.82,5.79,0.0
20230406:0630,33.25,50.65,29.88,2.66,6.41,0.0
20230406:0730,154.03,178.74,38.65,2.64,6.9,0.0
20230406:0830,386.41,418.86,45.54,3.55,7.03,0.0
20230406:0930,374.84,408.56,49.46,3.72,6.55,0.0
20230406:1030,503.8,550.57,49.46,4.71,6.07,0.0
20230406:1130,342.52,379.31,45.54,5.57,5.93,0.0
20230406:1230,194.87,224.68,38.64,5.77,5.93,0.0
20230406:1330,153.98,181.91,29.87,5.88,5.93,0.0
20230406:1430,103.5,130.57,20.08,6.43,5.38,0.0
20230406:1530,26.69,47.61,9.84,6.71,4.9,0.0
20230406:1630,0.0,0.0,-0.44,6.6,4.69,0.0
20230406:1730,0.0,0.0,0.0,5.87,4.55,0.0
20230406:1830,0.0,0.0,0.0,6.25,4.14,0.0
20230406:1930,0.0,0.0,0.0,6.17,3.72,0.0
20230406:2030,0.0,0.0,0.0,6.34,3.1,0.0
20230406:2130,0.0,0.0,0.0,6.4,2.69,0.0
20230406:2230,0.0,0.0,0.0,4.89,2.76,0.0
20230406:2330,0.0,0.0,0.0,4.71,2.14,0.0
20230407:0030,0.0,0.0,0.0,4.83,1.86,0.0
20230407:0130,0.0,0.0,0.0,4.62,2.07,0.0
20230407:0230,0.0,0.0,0.0,5.41,2.0,0.0
20230407:0330,0.0,0.0,-0.11,5.21,2.07,0.0
20230407:0430,42.87,71.19,10.17,5.28,2.34,0.0
20230407:0530,179.7,216.33,20.42,7.39,3.17,0.0
20230407:0630,175.98,205.63,30.22,7.74,4.48,0.0
20230407:0730,170.64,200.45,39.0,7.69,4.76,0.0
20230407:0830,261.82,297.52,45.92,9.75,4.76,0.0
20230407:0930,520.35,583.15,49.85,9.09,4.62,0.0
20230407:1030,650.55,739.49,49.82,10.34,4.14,0.0
20230407:1130,513.7,581.06,45.86,10.39,4.0,0.0
20230407:1230,424.31,479.03,38.92,10.09,3.72,0.0
20230407:1330,220.78,257.47,30.12,10.1,3.17,0.0
20230407:1430,170.45,207.96,20.31,9.62,2.55,0.0
20230407:1530,50.49,78.71,10.06,9.89,2.34,0.0
20230407:1630,0.0,0.0,-0.22,10.28,1.72,0.0
20230407:1730,0.0,0.0,0.0,6.77,1.66,0.0
20230407:1830,0.0,0.0,0.0,6.4,1.72,0.0
20230407:1930,0.0,0.0,0.0,6.54,2.0,0.0
20230407:2030,0.0,0.0,0.0,5.95,2.28,0.0
20230407:2130,0.0,0.0,0.0,6.3,2.55,0.0
20230407:2230,0.0,0.0,0.0,6.03,2.76,0.0
20230407:2330,0.0,0.0,0.0,6.73,2.69,0.0
20230408:0030,0.0,0.0,0.0,6.84,2.69,0.0
20230408:0130,0.0,0.0,0.0,7.65,2.62,0.0
20230408:0230,0.0,0.0,0.0,6.9,2.69,0.0
20230408:0330,0.0,4.62,0.22,7.26,2.76,0.0
20230408:0430,42.36,71.82,10.49,7.41,2.76,0.0
20230408:0530,144.57,177.86,20.75,9.62,2.97,0.0
20230408:0630,298.98,342.34,30.56,9.2,2.76,0.0
20230408:0730,469.63,531.72,39.36,8.93,2.62,0.0
20230408:0830,664.63,777.96,46.3,12.73,2.34,0.0
20230408:0930,676.76,793.87,50.23,12.28,1.93,0.0
20230408:1030,655.76,771.4,50.19,13.54,2.14,0.0
20230408:1130,537.18,628.19,46.18,13.61,1.38,0.0
20230408:1230,418.24,486.6,39.19,13.47,1.1,0.0
20230408:1330,302.95,353.99,30.36,13.47,1.79,0.0
20230408:1430,119.05,152.46,20.54,13.09,2.41,0.0
20230408:1530,43.18,73.15,10.28,13.06,3.17,0.0
20230408:1630,0.0,5.26,0.0,13.04,3.59,0.0
20230408:1730,0.0,0.0,0.0,10.72,3.59,0.0
20230408:1830,0.0,0.0,0.0,9.85,2.97,0.0
20230408:1930,0.0,0.0,0.0,10.29,3.24,0.0
20230408:2030,0.0,0.0,0.0,8.25,3.17,0.0
20230408:2130,0.0,0.0,0.0,8.19,3.1,0.0
20230408:2230,0.0,0.0,0.0,9.39,3.1,0.0
20230408:2330,0.0,0.0,0.0,9.24,2.97,0.0
20230409:0030,0.0,0.0,0.0,8.7,2.76,0.0
20230409:0130,0.0,0.0,0.0,8.16,2.69,0.0
20230409:0230,0.0,0.0,0.0,7.15,2.76,0.0
20230409:0330,0.61,7.08,0.54,7.12,2.69,0.0
20230409:0430,52.66,80.95,10.81,6.92,2.83,0.0
20230409:0530,206.01,247.26,21.07,9.1,3.03,0.0
20230409:0630,410.27,468.05,30.89,9.85,2.41,0.0
20230409:0730,577.32,664.65,39.71,10.44,2.07,0.0
20230409:0830,723.75,868.72,46.67,13.75,1.66,0.0
20230409:0930,679.59,809.6,50.61,13.26,1.38,0.0
20230409:1030,745.65,900.63,50.54,14.44,1.66,0.0
20230409:1130,649.12,768.88,46.49,14.38,1.86,0.0
20230409:1230,491.78,571.89,39.46,14.19,1.79,0.0
20230409:1330,395.94,462.05,30.6,14.0,1.72,0.0
20230409:1430,198.83,246.13,20.76,13.07,1.66,0.0
20230409:1530,57.83,102.65,10.49,13.68,1.66,0.0
20230409:1630,0.22,6.23,0.23,12.66,1.24,0.0
20230409:1730,0.0,0.0,0.0,9.05,2.21,0.0
20230409:1830,0.0,0.0,0.0,9.62,2.0,0.0
20230409:1930,0.0,0.0,0.0,9.5,1.79,0.0
20230409:2030,0.0,0.0,0.0,8.32,1.66,0.0
20230409:2130,0.0,0.0,0.0,8.01,1.66,0.0
20230409:2230,0.0,0.0,0.0,5.2,2.28,0.0
20230409:2330,0.0,0.0,0.0,5.32,2.34,0.0
20230410:0030,0.0,0.0,0.0,5.12,2.41,0.0
20230410:0130,0.0,0.0,0.0,5.13,1.86,0.0
20230410:0230,0.0,0.0,0.0,4.72,2.14,0.0
20230410:0330,1.36,8.61,0.86,4.8,2.28,0.0
20230410:0430,67.74,105.95,11.13,4.84,2.41,0.0
20230410:0530,244.73,289.77,21.39,7.38,2.28,0.0
20230410:0630,298.03,339.72,31.23,7.5,2.21,0.0
20230410:0730,449.35,505.8,40.06,7.6,2.55,0.0
20230410:0830,509.77,582.73,47.04,11.59,2.9,0.0
20230410:0930,495.72,564.06,50.99,11.15,3.38,0.0
20230410:1030,525.05,602.96,50.9,12.86,3.72,0.0
20230410:1130,474.07,544.35,46.81,13.23,3.72,0.0
20230410:1230,445.38,511.1,39.74,13.17,3.52,0.0
20230410:1330,384.66,443.29,30.84,13.57,3.86,0.0
20230410:1430,229.84,280.33,20.98,13.6,4.21,0.0
20230410:1530,49.94,84.15,10.71,13.82,4.0,0.0
20230410:1630,0.38,6.66,0.45,13.61,3.52,0.0
20230410:1730,0.0,0.0,0.0,10.82,3.86,0.0
20230410:1830,0.0,0.0,0.0,10.97,4.41,0.0
20230410:1930,0.0,0.0,0.0,10.66,4.76,0.0
20230410:2030,0.0,0.0,0.0,9.72,5.1,0.0
20230410:2130,0.0,0.0,0.0,9.68,5.59,0.0
20230410:2230,0.0,0.0,0.0,9.49,6.14,0.0
20230410:2330,0.0,0.0,0.0,9.61,6.62,0.0
20230411:0030,0.0,0.0,0.0,9.85,7.03,0.0
20230411:0130,0.0,0.0,0.0,10.19,7.31,0.0
20230411:0230,0.0,0.0,0.0,9.86,7.59,0.0
20230411:0330,0.0,1.7,1.18,9.5,7.86,0.0
20230411:0430,3.89,13.29,11.44,8.98,8.28,0.0
20230411:0530,5.47,15.84,21.71,8.99,8.62,0.0
20230411:0630,45.49,65.97,31.55,8.61,8.83,0.0
20230411:0730,106.3,132.19,40.41,8.62,9.24,0.0
20230411:0830,109.75,136.42,47.41,9.43,9.45,0.0
20230411:0930,328.24,362.82,51.36,9.07,9.38,0.0
20230411:1030,238.25,272.93,51.25,10.79,8.97,0.0
20230411:1130,124.7,154.1,47.12,10.55,8.0,0.0
20230411:1230,193.71,225.73,40.01,10.62,7.52,0.0
20230411:1330,176.87,208.21,31.08,10.77,7.03,0.0
20230411:1430,98.98,129.04,21.2,10.76,5.86,0.0
20230411:1530,30.03,54.34,10.93,10.55,5.03,0.0
20230411:1630,0.0,4.96,0.67,10.51,4.0,0.0
20230411:1730,0.0,0.0,0.0,9.9,3.03,0.0
20230411:1830,0.0,0.0,0.0,9.92,2.41,0.0
20230411:1930,0.0,0.0,0.0,9.89,2.14,0.0
20230411:2030,0.0,0.0,0.0,9.24,1.86,0.0
20230411:2130,0.0,0.0,0.0,9.02,1.38,0.0
20230411:2230,0.0,0.0,0.0,8.08,1.59,0.0
20230411:2330,0.0,0.0,0.0,7.5,1.45,0.0
20230412:0030,0.0,0.0,0.0,7.34,1.31,0.0
20230412:0130,0.0,0.0,0.0,7.78,0.97,0.0
20230412:0230,0.0,0.0,0.0,6.82,1.59,0.0
20230412:0330,1.13,8.18,1.49,6.93,1.66,0.0
20230412:0430,49.52,80.04,11.75,7.55,0.83,0.0
20230412:0530,162.39,198.7,22.02,8.71,0.97,0.0
20230412:0630,378.32,433.13,31.88,9.04,1.24,0.0
20230412:0730,353.12,403.19,40.75,9.13,1.79,0.0
20230412:0830,381.28,438.77,47.77,11.37,2.21,0.0
20230412:0930,546.17,628.66,51.73,11.1,2.48,0.0
20230412:1030,501.73,576.29,51.61,11.89,2.83,0.0
20230412:1130,322.88,373.42,47.43,11.65,2.34,0.0
20230412:1230,240.44,282.56,40.27,11.66,2.34,0.0
20230412:1330,276.71,320.07,31.32,11.16,2.97,0.0
20230412:1430,191.52,232.81,21.42,10.35,2.76,0.0
20230412:1530,60.32,97.56,11.14,10.58,2.55,0.0
20230412:1630,1.35,8.73,0.89,10.79,2.34,0.0
20230412:1730,0.0,0.0,0.0,7.91,1.86,0.0
20230412:1830,0.0,0.0,0.0,7.86,2.14,0.0
20230412:1930,0.0,0.0,0.0,8.61,2.21,0.0
20230412:2030,0.0,0.0,0.0,8.12,2.34,0.0
20230412:2130,0.0,0.0,0.0,8.17,2.9,0.0
20230412:2230,0.0,0.0,0.0,8.27,3.24,0.0
20230412:2330,0.0,0.0,0.0,8.14,3.38,0.0
20230413:0030,0.0,0.0,0.0,8.35,3.1,0.0
20230413:0130,0.0,0.0,0.0,8.67,2.97,0.0
20230413:0230,0.0,0.0,0.0,8.86,3.31,0.0
20230413:0330,0.22,6.19,1.8,9.26,3.86,0.0
20230413:0430,38.48,60.87,12.06,9.54,4.07,0.0
20230413:0530,148.25,182.73,22.33,10.64,4.34,0.0
20230413:0630,280.28,320.03,32.2,10.75,5.79,0.0
20230413:0730,316.37,354.67,41.1,10.47,6.28,0.0
20230413:0830,310.47,353.4,48.13,12.12,5.93,0.0
20230413:0930,478.56,540.31,52.1,12.72,5.66,0.0
20230413:1030,405.92,459.08,51.96,13.38,4.76,0.0
20230413:1130,455.97,517.15,47.74,13.49,4.41,0.0
20230413:1230,331.08,379.1,40.54,13.86,4.07,0.0
20230413:1330,317.79,366.83,31.55,13.78,4.21,0.0
20230413:1430,146.22,184.41,21.64,14.32,4.28,0.0
20230413:1530,35.0,63.52,11.36,13.74,3.17,0.0
20230413:1630,0.05,5.81,1.11,13.31,2.41,0.0
20230413:1730,0.0,0.0,0.0,11.0,2.21,0.0
20230413:1830,0.0,0.0,0.0,10.7,2.21,0.0
20230413:1930,0.0,0.0,0.0,11.31,2.62,0.0
20230413:2030,0.0,0.0,0.0,10.57,3.1,0.0
20230413:2130,0.0,0.0,0.0,10.65,3.45,0.0
20230413:2230,0.0,0.0,0.0,10.1,3.72,0.0
20230413:2330,0.0,0.0,0.0,9.91,3.79,0.0
20230414:0030,0.0,0.0,0.0,9.98,3.72,0.0
20230414:0130,0.0,0.0,0.0,10.1,3.52,0.0
20230414:0230,0.0,0.0,0.0,8.63,3.45,0.0
20230414:0330,1.72,9.41,2.11,8.93,3.17,0.0
20230414:0430,71.5,114.83,12.37,8.6,2.97,0.0
20230414:0530,265.51,318.76,22.64,11.68,3.1,0.0
20230414:0630,499.67,573.63,32.52,11.54,2.69,0.0
20230414:0730,670.77,783.07,41.43,12.23,2.34,0.0
20230414:0830,720.11,862.51,48.49,15.57,2.28,0.0
20230414:0930,641.47,770.17,52.47,15.77,1.38,0.0
20230414:1030,681.73,824.18,52.3,16.74,1.66,0.0
20230414:1130,571.67,673.45,48.04,16.58,2.41,0.0
20230414:1230,519.26,603.66,40.8,15.89,3.38,0.0
20230414:1330,406.03,470.96,31.79,15.68,4.07,0.0
20230414:1430,209.3,259.08,21.86,14.62,3.86,0.0
20230414:1530,55.67,97.58,11.57,14.07,3.45,0.0
20230414:1630,1.37,8.86,1.33,14.26,2.97,0.0
20230414:1730,0.0,0.0,0.0,9.8,2.41,0.0
20230414:1830,0.0,0.0,0.0,9.91,1.72,0.0
20230414:1930,0.0,0.0,0.0,10.06,2.07,0.0
20230414:2030,0.0,0.0,0.0,8.6,3.03,0.0
20230414:2130,0.0,0.0,0.0,8.72,3.1,0.0
20230414:2230,0.0,0.0,0.0,8.72,3.66,0.0
20230414:2330,0.0,0.0,0.0,9.04,4.34,0.0
20230415:0030,0.0,0.0,0.0,9.58,5.24,0.0
20230415:0130,0.0,0.0,0.0,10.01,5.72,0.0
20230415:0230,0.0,0.0,0.0,9.7,6.07,0.0
20230415:0330,2.51,10.94,2.42,9.89,6.41,0.0
20230415:0430,71.16,112.52,12.67,9.84,6.9,0.0
20230415:0530,272.6,322.02,22.95,11.01,7.17,0.0
20230415:0630,496.67,553.33,32.84,10.44,7.72,0.0
20230415:0730,586.48,647.1,41.77,9.47,7.66,0.0
20230415:0830,769.63,867.53,48.85,11.28,7.24,0.0
20230415:0930,847.73,960.89,52.83,10.94,7.1,0.0
20230415:1030,850.72,971.31,52.65,12.37,7.17,0.0
20230415:1130,790.51,898.29,48.34,12.58,7.03,0.0
20230415:1230,634.01,714.69,41.06,12.85,6.83,0.0
20230415:1330,387.33,439.14,32.02,12.53,6.69,0.0
20230415:1430,217.33,263.08,22.07,11.96,6.21,0.0
20230415:1530,56.0,92.8,11.78,11.63,6.0,0.0
20230415:1630,1.69,9.45,1.55,11.89,5.45,0.0
20230415:1730,0.0,0.0,0.0,9.93,4.48,0.0
20230415:1830,0.0,0.0,0.0,10.3,3.79,0.0
20230415:1930,0.0,0.0,0.0,10.46,3.66,0.0
20230415:2030,0.0,0.0,0.0,8.97,4.14,0.0
20230415:2130,0.0,0.0,0.0,9.46,4.83,0.0
20230415:2230,0.0,0.0,0.0,9.89,4.9,0.0
20230415:2330,0.0,0.0,0.0,10.24,5.03,0.0
20230416:0030,0.0,0.0,0.0,9.9,5.03,0.0
20230416:0130,0.0,0.0,0.0,9.79,4.9,0.0
20230416:0230,0.0,0.0,0.0,9.48,4.83,0.0
20230416:0330,5.19,15.43,2.72,9.52,4.76,0.0
20230416:0430,60.92,93.24,12.97,9.58,5.17,0.0
20230416:0530,171.97,207.61,23.25,10.59,6.28,0.0
20230416:0630,262.02,300.32,33.15,10.12,6.21,0.0
20230416:0730,347.79,390.34,42.1,9.59,5.93,0.0
20230416:0830,419.32,472.31,49.2,11.07,5.72,0.0
20230416:0930,474.27,532.59,53.2,10.53,5.66,0.0
20230416:1030,536.93,607.59,52.99,12.54,6.34,0.0
20230416:1130,564.54,638.8,48.64,13.22,6.9,0.0
20230416:1230,427.23,484.39,41.32,13.45,6.48,0.0
20230416:1330,260.82,303.38,32.25,13.25,6.34,0.0
20230416:1430,139.71,174.77,22.29,12.81,5.93,0.0
20230416:1530,52.13,79.03,11.99,12.5,5.24,0.0
20230416:1630,2.82,11.57,1.77,12.47,5.38,0.0
20230416:1730,0.0,0.0,0.0,10.96,5.24,0.0
20230416:1830,0.0,0.0,0.0,11.27,5.59,0.0
20230416:1930,0.0,0.0,0.0,11.3,5.86,0.0
20230416:2030,0.0,0.0,0.0,9.8,5.79,0.0
20230416:2130,0.0,0.0,0.0,9.67,5.66,0.0
20230416:2230,0.0,0.0,0.0,8.49,5.52,0.0
20230416:2330,0.0,0.0,0.0,8.73,5.79,0.0
20230417:0030,0.0,0.0,0.0,9.12,5.59,0.0
20230417:0130,0.0,0.0,0.0,9.31,5.24,0.0
20230417:0230,0.0,0.0,0.0,8.31,5.1,0.0
20230417:0330,0.93,7.8,3.02,8.24,5.17,0.0
20230417:0430,17.61,32.59,13.26,8.09,5.86,0.0
20230417:0530,64.44,87.29,23.55,8.25,6.34,0.0
20230417:0630,61.59,83.92,33.46,7.7,6.48,0.0
20230417:0730,186.04,217.27,42.43,7.11,6.83,0.0
20230417:0830,344.09,386.37,49.55,9.17,7.17,0.0
20230417:0930,523.51,581.74,53.55,9.12,6.97,0.0
20230417:1030,673.01,761.17,53.33,12.29,6.48,0.0
20230417:1130,689.48,784.33,48.94,12.61,6.0,0.0
20230417:1230,501.18,567.24,41.57,13.11,5.79,0.0
20230417:1330,438.03,498.55,32.48,12.87,5.45,0.0
20230417:1430,199.63,246.71,22.5,13.39,4.83,0.0
20230417:1530,56.73,99.01,12.2,13.31,3.79,0.0
20230417:1630,2.61,11.23,1.98,13.37,1.79,0.0
20230417:1730,0.0,0.0,0.0,9.91,1.86,0.0
20230417:1830,0.0,0.0,0.0,10.5,2.07,0.0
20230417:1930,0.0,0.0,0.0,10.81,2.41,0.0
20230417:2030,0.0,0.0,0.0,10.17,2.62,0.0
20230417:2130,0.0,0.0,0.0,10.33,2.97,0.0
20230417:2230,0.0,0.0,0.0,9.38,2.34,0.0
20230417:2330,0.0,0.0,0.0,9.05,1.86,0.0
20230418:0030,0.0,0.0,0.0,8.86,1.72,0.0
20230418:0130,0.0,0.0,0.0,8.46,1.86,0.0
20230418:0230,0.0,0.0,0.0,7.74,2.28,0.0
20230418:0330,4.5,14.24,3.31,7.78,2.9,0.0
20230418:0430,76.78,120.11,13.55,8.05,3.45,0.0
20230418:0530,265.46,315.11,23.84,10.36,3.86,0.0
20230418:0630,470.99,533.74,33.76,10.74,3.86,0.0
20230418:0730,649.64,739.36,42.75,10.7,3.86,0.0
20230418:0830,720.8,840.74,49.89,14.38,3.93,0.0
20230418:0930,800.17,946.0,53.91,14.32,3.66,0.0
20230418:1030,761.27,914.48,53.66,15.99,2.76,0.0
20230418:1130,695.05,825.21,49.23,15.73,2.76,0.0
20230418:1230,585.3,688.51,41.83,15.69,2.48,0.0
20230418:1330,414.33,485.77,32.7,15.78,2.55,0.0
20230418:1430,231.16,286.72,22.71,16.06,1.79,0.0
20230418:1530,61.5,106.52,12.41,16.5,0.9,0.0
20230418:1630,2.63,11.4,2.2,16.9,0.34,0.0
20230418:1730,0.0,0.0,0.0,14.86,0.69,0.0
20230418:1830,0.0,0.0,0.0,12.14,1.66,0.0
20230418:1930,0.0,0.0,0.0,12.05,2.14,0.0
20230418:2030,0.0,0.0,0.0,10.36,2.41,0.0
20230418:2130,0.0,0.0,0.0,10.89,1.86,0.0
20230418:2230,0.0,0.0,0.0,10.13,2.62,0.0
20230418:2330,0.0,0.0,0.0,10.36,2.62,0.0
20230419:0030,0.0,0.0,0.0,10.29,2.41,0.0
20230419:0130,0.0,0.0,0.0,9.84,2.0,0.0
20230419:0230,0.0,0.0,0.0,9.08,1.59,0.0
20230419:0330,5.41,15.73,3.61,8.73,2.0,0.0
20230419:0430,65.16,91.55,13.84,9.28,2.76,0.0
20230419:0530,136.23,168.89,24.13,11.49,3.31,0.0
20230419:0630,231.02,270.14,34.07,10.93,3.31,0.0
20230419:0730,445.05,504.23,43.07,10.41,3.31,0.0
20230419:0830,286.57,332.42,50.24,12.34,3.24,0.0
20230419:0930,343.63,396.03,54.26,12.3,2.97,0.0
20230419:1030,303.81,353.07,53.99,12.58,2.55,0.0
20230419:1130,446.66,513.4,49.52,12.6,2.76,0.0
20230419:1230,439.97,506.62,42.08,13.37,2.76,0.0
20230419:1330,300.67,349.17,32.93,13.96,3.31,0.0
20230419:1430,195.05,240.43,22.92,13.19,3.52,0.0
20230419:1530,48.35,83.03,12.62,13.13,3.17,0.0
20230419:1630,1.79,9.67,2.42,12.61,2.48,0.0
20230419:1730,0.0,0.0,0.0,10.74,1.59,0.0
20230419:1830,0.0,0.0,0.0,10.64,1.52,0.0
20230419:1930,0.0,0.0,0.0,11.09,1.66,0.0
20230419:2030,0.0,0.0,0.0,10.31,2.07,0.0
20230419:2130,0.0,0.0,0.0,10.56,2.28,0.0
20230419:2230,0.0,0.0,0.0,10.57,2.34,0.0
20230419:2330,0.0,0.0,0.0,10.66,1.59,0.0
20230420:0030,0.0,0.0,0.0,10.64,2.21,0.0
20230420:0130,0.0,0.0,0.0,10.61,2.62,0.0
20230420:0230,0.0,0.0,0.0,10.54,2.9,0.0
20230420:0330,0.85,7.67,3.89,10.44,3.31,0.0
20230420:0430,22.88,40.65,14.12,10.4,3.79,0.0
20230420:0530,33.06,52.02,24.42,10.56,4.14,0.0
20230420:0630,39.4,59.48,34.36,10.35,3.93,0.0
20230420:0730,62.76,86.21,43.39,10.21,3.86,0.0
20230420:0830,32.98,51.93,50.57,10.56,3.86,0.0
20230420:0930,83.53,109.49,54.61,10.85,3.59,0.0
20230420:1030,67.38,91.61,54.32,10.96,4.97,0.0
20230420:1130,87.39,113.82,49.81,10.87,5.1,0.0
20230420:1230,85.45,111.52,42.33,10.7,5.38,0.0
20230420:1330,97.93,124.89,33.15,10.53,4.76,0.0
20230420:1430,38.87,59.09,23.13,10.54,4.28,0.0
20230420:1530,12.42,26.13,12.82,10.8,3.86,0.0
20230420:1630,0.0,5.38,2.63,10.66,3.24,0.0
20230420:1730,0.0,0.0,0.0,9.91,3.17,0.0
20230420:1830,0.0,0.0,0.0,9.83,3.31,0.0
20230420:1930,0.0,0.0,0.0,9.9,3.59,0.0
20230420:2030,0.0,0.0,0.0,9.49,3.24,0.0
20230420:2130,0.0,0.0,0.0,9.56,2.76,0.0
20230420:2230,0.0,0.0,0.0,9.26,2.83,0.0
20230420:2330,0.0,0.0,0.0,9.41,2.83,0.0
20230421:0030,0.0,0.0,0.0,9.46,3.03,0.0
20230421:0130,0.0,0.0,0.0,9.52,3.59,0.0
20230421:0230,0.0,0.0,0.0,9.02,3.86,0.0
20230421:0330,0.98,7.93,4.18,8.9,4.0,0.0
20230421:0430,13.02,27.18,14.4,8.67,3.93,0.0
20230421:0530,39.91,59.84,24.7,8.6,4.07,0.0
20230421:0630,83.75,108.82,34.66,8.72,4.41,0.0
20230421:0730,169.39,200.54,43.7,9.71,4.9,0.0
20230421:0830,359.83,405.88,50.91,10.68,4.76,0.0
20230421:0930,225.87,262.83,54.95,11.4,4.9,0.0
20230421:1030,314.86,356.93,54.65,10.72,6.0,0.0
20230421:1130,202.5,237.11,50.1,10.83,6.34,0.0
20230421:1230,141.73,171.72,42.57,10.21,6.55,0.0
20230421:1330,39.35,59.3,33.37,10.06,6.21,0.0
20230421:1430,40.02,60.05,23.34,9.46,6.21,0.0
20230421:1530,11.83,25.12,13.03,9.73,4.97,0.0
20230421:1630,0.0,5.6,2.84,9.77,4.34,0.0
20230421:1730,0.0,0.0,0.0,9.58,4.48,0.0
20230421:1830,0.0,0.0,0.0,9.91,4.76,0.0
20230421:1930,0.0,0.0,0.0,10.05,4.97,0.0
20230421:2030,0.0,0.0,0.0,9.67,5.1,0.0
20230421:2130,0.0,0.0,0.0,9.69,5.1,0.0
20230421:2230,0.0,0.0,0.0,9.27,4.21,0.0
20230421:2330,0.0,0.0,0.0,9.44,4.07,0.0
20230422:0030,0.0,0.0,0.0,9.36,4.07,0.0
20230422:0130,0.0,0.0,0.0,9.31,4.34,0.0
20230422:0230,0.0,0.0,0.0,8.37,4.55,0.0
20230422:0330,8.07,19.71,4.46,8.39,4.62,0.0
20230422:0430,65.37,93.49,14.68,8.05,4.9,0.0
20230422:0530,211.11,250.34,24.98,9.67,4.69,0.0
20230422:0630,464.09,521.76,34.95,9.59,4.34,0.0
20230422:0730,655.86,741.53,44.01,9.41,4.21,0.0
20230422:0830,752.53,880.7,51.24,13.16,3.59,0.0
20230422:0930,674.84,787.5,55.3,13.12,3.03,0.0
20230422:1030,616.79,721.21,54.97,15.46,3.45,0.0
20230422:1130,631.11,741.3,50.38,15.41,3.03,0.0
20230422:1230,454.39,527.95,42.82,15.36,2.97,0.0
20230422:1330,351.31,412.22,33.59,15.37,2.21,0.0
20230422:1430,196.53,244.33,23.54,14.3,1.24,0.0
20230422:1530,49.07,83.16,13.23,14.68,0.21,0.0
20230422:1630,3.89,13.57,3.05,15.25,1.38,0.0
20230422:1730,0.0,0.0,0.0,13.09,2.07,0.0
20230422:1830,0.0,0.0,0.0,11.43,1.93,0.0
20230422:1930,0.0,0.0,0.0,11.79,1.93,0.0
20230422:2030,0.0,0.0,0.0,8.66,2.14,0.0
20230422:2130,0.0,0.0,0.0,8.61,2.28,0.0
20230422:2230,0.0,0.0,0.0,7.36,2.21,0.0
20230422:2330,0.0,0.0,0.0,7.41,2.28,0.0
20230423:0030,0.0,0.0,0.0,7.32,2.28,0.0
20230423:0130,0.0,0.0,0.0,7.07,2.48,0.0
20230423:0230,0.0,0.0,0.0,5.99,2.28,0.0
20230423:0330,9.41,21.45,4.74,5.8,2.07,0.0
20230423:0430,94.08,140.2,14.95,6.79,1.31,0.0
20230423:0530,290.71,347.27,25.25,10.6,1.45,0.0
20230423:0630,493.42,573.38,35.23,11.11,1.24,0.0
20230423:0730,624.35,727.65,44.31,10.94,1.72,0.0
20230423:0830,745.95,900.26,51.56,15.77,2.21,0.0
20230423:0930,811.02,983.19,55.63,15.42,2.48,0.0
20230423:1030,804.49,978.81,55.29,15.91,2.34,0.0
20230423:1130,742.41,888.31,50.66,15.87,2.76,0.0
20230423:1230,628.24,737.41,43.06,15.71,3.1,0.0
20230423:1330,427.26,498.78,33.8,15.83,3.31,0.0
20230423:1430,230.84,284.19,23.75,14.84,3.24,0.0
20230423:1530,59.38,97.52,13.44,15.36,2.62,0.0
20230423:1630,6.61,18.02,3.26,15.73,1.72,0.0
20230423:1730,0.0,0.0,0.0,13.09,1.79,0.0
20230423:1830,0.0,0.0,0.0,12.99,1.24,0.0
20230423:1930,0.0,0.0,0.0,13.29,0.97,0.0
20230423:2030,0.0,0.0,0.0,11.17,0.9,0.0
20230423:2130,0.0,0.0,0.0,11.23,1.1,0.0
20230423:2230,0.0,0.0,0.0,8.98,2.21,0.0
20230423:2330,0.0,0.0,0.0,7.9,2.41,0.0
20230424:0030,0.0,0.0,0.0,8.7,2.07,0.0
20230424:0130,0.0,0.0,0.0,9.41,1.52,0.0
20230424:0230,0.0,0.0,0.0,7.76,1.45,0.0
20230424:0330,9.5,21.66,5.01,6.85,1.66,0.0
20230424:0430,90.81,133.26,15.22,5.86,0.97,0.0
20230424:0530,268.91,321.15,25.52,9.86,0.9,0.0
20230424:0630,516.8,599.17,35.51,9.67,0.97,0.0
20230424:0730,677.47,796.5,44.61,10.36,1.31,0.0
20230424:0830,767.61,935.23,51.89,15.89,1.86,0.0
20230424:0930,812.83,986.64,55.97,16.13,2.62,0.0
20230424:1030,774.03,927.49,55.61,16.92,3.31,0.0
20230424:1130,779.29,927.68,50.94,16.49,3.79,0.0
20230424:1230,664.51,779.68,43.3,16.67,4.0,0.0
20230424:1330,467.57,545.92,34.02,16.69,4.0,0.0
20230424:1430,265.62,327.11,23.95,15.96,4.21,0.0
20230424:1530,68.42,119.76,13.64,15.68,4.07,0.0
20230424:1630,4.95,15.35,3.47,15.47,3.45,0.0
20230424:1730,0.0,0.0,0.0,10.87,2.41,0.0
20230424:1830,0.0,0.0,0.0,10.78,2.28,0.0
20230424:1930,0.0,0.0,0.0,11.08,2.28,0.0
20230424:2030,0.0,0.0,0.0,9.16,2.48,0.0
20230424:2130,0.0,0.0,0.0,9.39,2.34,0.0
20230424:2230,0.0,0.0,0.0,6.95,2.07,0.0
20230424:2330,0.0,0.0,0.0,6.73,2.48,0.0
20230425:0030,0.0,0.0,0.0,7.01,2.34,0.0
20230425:0130,0.0,0.0,0.0,7.3,2.14,0.0
20230425:0230,0.0,0.0,0.0,6.43,2.07,0.0
20230425:0330,9.44,21.58,5.28,6.82,2.14,0.0
20230425:0430,97.36,147.61,15.49,7.86,2.55,0.0
20230425:0530,305.2,364.76,25.79,12.76,3.17,0.0
20230425:0630,518.87,593.55,35.79,12.27,3.79,0.0
20230425:0730,690.67,790.67,44.9,12.0,4.41,0.0
20230425:0830,783.51,917.29,52.2,15.46,5.03,0.0
20230425:0930,790.8,924.87,56.3,15.33,5.52,0.0
20230425:1030,652.04,755.6,55.92,15.54,5.72,0.0
20230425:1130,396.18,457.22,51.21,15.29,5.86,0.0
20230425:1230,268.58,315.34,43.54,14.55,5.31,0.0
20230425:1330,239.55,282.55,34.23,14.4,5.31,0.0
20230425:1430,129.96,162.71,24.15,13.15,5.31,0.0
20230425:1530,65.06,93.18,13.84,13.15,5.24,0.0
20230425:1630,6.24,17.3,3.68,13.59,5.03,0.0
20230425:1730,0.0,0.0,0.0,10.96,4.9,0.0
20230425:1830,0.0,0.0,0.0,11.46,4.97,0.0
20230425:1930,0.0,0.0,0.0,12.22,5.24,0.0
20230425:2030,0.0,0.0,0.0,11.28,5.45,0.0
20230425:2130,0.0,0.0,0.0,11.4,5.79,0.0
20230425:2230,0.0,0.0,0.0,11.36,6.48,0.0
20230425:2330,0.0,0.0,0.0,11.74,6.0,0.0
20230426:0030,0.0,0.0,0.0,11.85,5.31,0.0
20230426:0130,0.0,0.0,0.0,11.87,4.97,0.0
20230426:0230,0.0,0.0,0.0,11.96,4.9,0.0
20230426:0330,5.98,16.79,5.55,11.7,5.59,0.0
20230426:0430,64.42,90.58,15.75,11.38,5.59,0.0
20230426:0530,72.76,98.36,26.05,12.91,5.72,0.0
20230426:0630,344.19,391.42,36.06,11.98,5.86,0.0
20230426:0730,455.8,509.54,45.19,11.38,6.76,0.0
20230426:0830,548.48,620.22,52.52,12.88,6.28,0.0
20230426:0930,585.91,668.62,56.63,13.71,5.66,0.0
20230426:1030,525.16,598.05,56.23,14.35,5.79,0.0
20230426:1130,546.58,622.72,51.48,14.05,5.93,0.0
20230426:1230,385.12,442.24,43.77,14.63,5.66,0.0
20230426:1330,364.53,421.17,34.44,15.0,5.66,0.0
20230426:1430,183.87,224.8,24.35,13.48,4.97,0.0
20230426:1530,61.91,90.74,14.04,13.68,4.28,0.0
20230426:1630,6.31,17.42,3.89,13.74,3.45,0.0
20230426:1730,0.0,0.0,0.0,11.22,2.34,0.0
20230426:1830,0.0,0.0,0.0,11.47,1.79,0.0
20230426:1930,0.0,0.0,0.0,12.55,1.17,0.0
20230426:2030,0.0,0.0,0.0,11.5,1.1,0.0
20230426:2130,0.0,0.0,0.0,11.76,3.1,0.0
20230426:2230,0.0,0.0,0.0,10.23,5.52,0.0
20230426:2330,0.0,0.0,0.0,9.67,5.86,0.0
20230427:0030,0.0,0.0,0.0,9.32,6.14,0.0
20230427:0130,0.0,0.0,0.0,8.99,6.21,0.0
20230427:0230,0.0,0.0,-3.92,8.2,6.21,0.0
20230427:0330,6.91,17.97,5.81,7.92,6.21,0.0
20230427:0430,42.29,62.7,16.0,7.7,6.41,0.0
20230427:0530,72.07,95.82,26.31,8.36,7.24,0.0
20230427:0630,122.69,149.88,36.32,8.05,7.45,0.0
20230427:0730,127.43,154.54,45.48,7.59,7.1,0.0
20230427:0830,148.69,178.62,52.83,9.12,7.31,0.0
20230427:0930,233.02,267.84,56.95,8.82,7.66,0.0
20230427:1030,172.81,205.19,56.54,10.26,7.45,0.0
20230427:1130,248.91,285.85,51.75,10.22,8.14,0.0
20230427:1230,93.23,120.06,44.0,10.98,8.41,0.0
20230427:1330,89.76,115.98,34.65,10.63,8.0,0.0
20230427:1430,60.12,83.19,24.55,10.06,8.0,0.0
20230427:1530,24.71,42.09,14.24,10.25,7.52,0.0
20230427:1630,1.09,8.18,4.1,10.42,6.9,0.0
20230427:1730,0.0,0.0,0.0,9.37,6.9,0.0
20230427:1830,0.0,0.0,0.0,9.36,6.97,0.0
20230427:1930,0.0,0.0,0.0,9.36,6.97,0.0
20230427:2030,0.0,0.0,0.0,8.64,6.69,0.0
20230427:2130,0.0,0.0,0.0,8.59,6.34,0.0
20230427:2230,0.0,0.0,0.0,8.63,7.1,0.0
20230427:2330,0.0,0.0,0.0,8.51,7.17,0.0
20230428:0030,0.0,0.0,0.0,8.48,7.31,0.0
20230428:0130,0.0,0.0,0.0,8.32,7.59,0.0
20230428:0230,0.0,0.0,0.0,8.08,7.31,0.0
20230428:0330,2.06,10.05,6.06,8.08,7.52,0.0
20230428:0430,17.18,32.2,16.25,7.96,7.66,0.0
20230428:0530,33.53,52.15,26.56,8.73,7.72,0.0
20230428:0630,67.12,90.29,36.58,8.56,8.0,0.0
20230428:0730,259.17,293.63,45.76,8.45,7.59,0.0
20230428:0830,349.62,394.37,53.13,10.83,8.55,0.0
20230428:0930,342.16,387.36,57.27,11.19,8.76,0.0
20230428:1030,402.08,458.81,56.84,14.26,8.69,0.0
20230428:1130,249.62,291.84,52.02,14.74,8.83,0.0
20230428:1230,206.09,245.81,44.23,14.82,8.69,0.0
20230428:1330,148.28,182.64,34.85,14.95,8.48,0.0
20230428:1430,86.65,114.7,24.74,14.74,7.31,0.0
20230428:1530,36.21,56.57,14.43,14.48,7.03,0.0
20230428:1630,3.23,12.38,4.3,14.39,6.62,0.0
20230428:1730,0.0,0.0,0.0,12.57,6.07,0.0
20230428:1830,0.0,0.0,0.0,12.57,5.59,0.0
20230428:1930,0.0,0.0,0.0,12.51,5.59,0.0
20230428:2030,0.0,0.0,0.0,10.32,5.93,0.0
20230428:2130,0.0,0.0,0.0,10.06,6.41,0.0
20230428:2230,0.0,0.0,0.0,8.7,7.66,0.0
20230428:2330,0.0,0.0,0.0,8.61,7.79,0.0
20230429:0030,0.0,0.0,0.0,8.54,7.59,0.0
20230429:0130,0.0,0.0,0.0,8.56,7.31,0.0
20230429:0230,0.0,0.0,-3.39,7.32,7.17,0.0
20230429:0330,12.77,26.16,6.31,7.21,7.24,0.0
20230429:0430,55.83,78.63,16.5,7.14,7.38,0.0
20230429:0530,135.28,165.91,26.81,9.95,7.17,0.0
20230429:0630,232.67,268.23,36.84,9.91,7.45,0.0
20230429:0730,331.34,371.02,46.03,9.6,8.55,0.0
20230429:0830,281.73,324.92,53.43,13.31,8.48,0.0
20230429:0930,294.93,339.52,57.58,13.49,8.55,0.0
20230429:1030,306.83,351.63,57.14,14.35,8.28,0.0
20230429:1130,155.53,189.41,52.28,14.36,8.14,0.0
20230429:1230,72.76,98.61,44.46,13.95,7.72,0.0
20230429:1330,96.73,124.73,35.06,13.35,6.9,0.0
20230429:1430,69.79,95.81,24.94,12.94,7.03,0.0
20230429:1530,13.05,27.68,14.63,13.13,6.55,0.0
20230429:1630,1.34,8.78,4.5,13.31,6.41,0.0
20230429:1730,0.0,0.0,0.0,11.67,5.86,0.0
20230429:1830,0.0,0.0,0.0,11.94,5.93,0.0
20230429:1930,0.0,0.0,0.0,12.15,5.93,0.0
20230429:2030,0.0,0.0,0.0,10.62,5.79,0.0
20230429:2130,0.0,0.0,0.0,10.8,5.66,0.0
20230429:2230,0.0,0.0,0.0,9.26,5.52,0.0
20230429:2330,0.0,0.0,0.0,8.85,5.93,0.0
20230430:0030,0.0,0.0,0.0,8.86,6.28,0.0
20230430:0130,0.0,0.0,0.0,8.93,6.34,0.0
20230430:0230,0.0,0.0,-3.13,8.01,6.34,0.0
20230430:0330,2.62,11.06,6.56,8.05,6.48,0.0
20230430:0430,30.56,48.51,16.74,8.08,6.41,0.0
20230430:0530,66.57,90.13,27.05,8.94,6.34,0.0
20230430:0630,83.76,108.8,37.09,8.96,6.41,0.0
20230430:0730,129.64,158.1,46.3,8.74,6.48,0.0
20230430:0830,124.4,153.13,53.72,10.47,6.69,0.0
20230430:0930,150.16,180.55,57.89,10.71,6.55,0.0
20230430:1030,221.87,259.46,57.44,11.58,5.66,0.0
20230430:1130,122.2,150.96,52.54,11.84,6.41,0.0
20230430:1230,41.25,61.89,44.68,11.63,6.21,0.0
20230430:1330,56.31,79.24,35.26,11.49,4.97,0.0
20230430:1430,41.05,61.76,25.13,11.77,4.28,0.0
20230430:1530,38.62,59.24,14.82,11.9,4.14,0.0
20230430:1630,4.33,14.16,4.7,12.13,3.72,0.0
20230430:1730,0.0,0.0,0.0,10.42,3.38,0.0
20230430:1830,0.0,0.0,0.0,10.69,3.24,0.0
20230430:1930,0.0,0.0,0.0,10.79,3.24,0.0
20230430:2030,0.0,0.0,0.0,9.48,2.55,0.0
20230430:2130,0.0,0.0,0.0,9.89,1.86,0.0
20230430:2230,0.0,0.0,0.0,8.29,2.34,0.0
20230430:2330,0.0,0.0,0.0,8.28,2.62,0.0
20230501:0030,0.0,0.0,0.0,8.27,2.62,0.0
20230501:0130,0.0,0.0,0.0,7.41,2.55,0.0
20230501:0230,0.0,0.0,-2.88,6.39,2.41,0.0
20230501:0330,19.74,35.06,6.8,6.03,2.62,0.0
20230501:0430,87.49,121.43,16.98,6.52,3.24,0.0
20230501:0530,174.35,210.9,27.29,10.73,3.59,0.0
20230501:0630,469.2,534.73,37.34,11.36,3.59,0.0
20230501:0730,614.58,706.07,46.57,12.26,3.66,0.0
20230501:0830,708.53,838.49,54.01,16.66,3.79,0.0
20230501:0930,822.09,985.26,58.2,16.5,3.86,0.0
20230501:1030,656.34,782.59,57.73,19.36,3.79,0.0
20230501:1130,636.68,747.35,52.79,18.68,4.9,0.0
20230501:1230,495.15,576.5,44.9,18.61,5.03,0.0
20230501:1330,418.4,490.69,35.46,18.91,5.24,0.0
20230501:1430,216.36,272.0,25.32,18.85,5.03,0.0
20230501:1530,63.49,112.47,15.01,18.67,4.28,0.0
20230501:1630,8.07,20.43,4.91,18.59,3.38,0.0
20230501:1730,0.0,0.0,0.0,13.66,3.03,0.0
20230501:1830,0.0,0.0,0.0,13.57,3.1,0.0
20230501:1930,0.0,0.0,0.0,13.44,3.17,0.0
20230501:2030,0.0,0.0,0.0,10.08,3.17,0.0
20230501:2130,0.0,0.0,0.0,10.32,3.24,0.0
20230501:2230,0.0,0.0,0.0,7.95,3.17,0.0
20230501:2330,0.0,0.0,0.0,7.86,2.76,0.0
20230502:0030,0.0,0.0,0.0,7.41,2.34,0.0
20230502:0130,0.0,0.0,0.0,7.07,2.21,0.0
20230502:0230,0.0,0.0,-2.63,5.53,2.21,0.0
20230502:0330,15.64,29.8,7.04,5.66,2.28,0.0
20230502:0430,110.49,163.92,17.21,5.97,2.9,0.0
20230502:0530,327.37,389.87,27.52,12.36,3.03,0.0
20230502:0630,537.95,621.76,37.58,12.55,2.76,0.0
20230502:0730,699.34,817.3,46.83,12.42,2.69,0.0
20230502:0830,789.06,956.09,54.3,16.51,2.62,0.0
20230502:0930,838.43,1025.46,58.5,16.38,2.55,0.0
20230502:1030,826.22,1017.75,58.02,17.6,2.41,0.0
20230502:1130,769.03,933.49,53.04,17.44,2.62,0.0
20230502:1230,654.38,781.07,45.12,17.3,2.62,0.0
20230502:1330,487.33,576.7,35.66,17.25,2.69,0.0
20230502:1430,277.2,345.05,25.51,17.04,2.83,0.0
20230502:1530,71.93,125.73,15.2,16.89,3.1,0.0
20230502:1630,8.88,21.54,5.1,16.99,2.76,0.0
20230502:1730,0.0,0.0,0.0,11.9,2.21,0.0
20230502:1830,0.0,0.0,0.0,11.58,2.07,0.0
20230502:1930,0.0,0.0,0.0,11.37,2.34,0.0
20230502:2030,0.0,0.0,0.0,7.93,2.69,0.0
20230502:2130,0.0,0.0,0.0,8.14,2.55,0.0
20230502:2230,0.0,0.0,0.0,7.2,2.48,0.0
20230502:2330,0.0,0.0,0.0,7.03,2.41,0.0
20230503:0030,0.0,0.0,0.0,7.23,2.9,0.0
20230503:0130,0.0,0.0,0.0,9.19,3.03,0.0
20230503:0230,0.0,0.0,-2.39,8.73,2.14,0.0
20230503:0330,16.18,30.86,7.28,8.73,0.83,0.0
20230503:0430,110.2,165.03,17.44,7.35,0.55,0.0
20230503:0530,321.6,389.67,27.75,13.79,1.24,0.0
20230503:0630,524.67,613.33,37.82,13.59,2.0,0.0
20230503:0730,689.81,806.55,47.08,13.39,2.97,0.0
20230503:0830,787.46,944.48,54.58,17.47,3.72,0.0
20230503:0930,844.7,1014.32,58.8,17.03,4.14,0.0
20230503:1030,839.41,1007.49,58.3,17.67,4.41,0.0
20230503:1130,779.14,923.55,53.29,17.39,4.69,0.0
20230503:1230,661.07,773.0,45.34,17.14,4.76,0.0
20230503:1330,488.89,571.84,35.86,17.16,4.34,0.0
20230503:1430,277.68,342.88,25.7,16.28,4.0,0.0
20230503:1530,75.64,126.44,15.39,16.2,3.86,0.0
20230503:1630,13.23,27.68,5.3,16.24,3.31,0.0
20230503:1730,0.0,0.0,-4.22,11.01,2.14,0.0
20230503:1830,0.0,0.0,0.0,10.4,2.07,0.0
20230503:1930,0.0,0.0,0.0,10.54,2.76,0.0
20230503:2030,0.0,0.0,0.0,8.88,2.28,0.0
20230503:2130,0.0,0.0,0.0,10.25,2.34,0.0
20230503:2230,0.0,0.0,0.0,9.99,1.86,0.0
20230503:2330,0.0,0.0,0.0,9.91,0.41,0.0
20230504:0030,0.0,0.0,0.0,8.22,0.07,0.0
20230504:0130,0.0,0.0,0.0,7.59,0.28,0.0
20230504:0230,0.0,0.0,-2.15,5.84,0.97,0.0
20230504:0330,23.36,39.6,7.5,6.22,1.72,0.0
20230504:0430,104.62,139.54,17.66,7.45,2.76,0.0
20230504:0530,227.04,273.13,27.97,13.48,2.69,0.0
20230504:0630,508.44,590.27,38.05,13.38,2.55,0.0
20230504:0730,668.17,775.4,47.33,13.09,3.38,0.0
20230504:0830,634.01,749.55,54.85,16.45,3.24,0.0
20230504:0930,618.73,732.96,59.09,16.69,3.1,0.0
20230504:1030,551.42,654.22,58.58,17.67,3.1,0.0
20230504:1130,455.51,536.46,53.54,16.95,3.24,0.0
20230504:1230,390.11,459.08,45.55,16.44,2.9,0.0
20230504:1330,246.82,296.48,36.05,16.47,2.28,0.0
20230504:1430,93.01,123.02,25.89,15.73,1.72,0.0
20230504:1530,63.78,96.48,15.58,15.59,1.45,0.0
20230504:1630,11.01,24.55,5.5,15.88,1.45,0.0
20230504:1730,0.0,0.0,-4.01,12.65,1.24,0.0
20230504:1830,0.0,0.0,0.0,12.87,1.24,0.0
20230504:1930,0.0,0.0,0.0,13.82,1.79,0.0
20230504:2030,0.0,0.0,0.0,9.87,1.45,0.0
20230504:2130,0.0,0.0,0.0,9.57,1.79,0.0
20230504:2230,0.0,0.0,0.0,8.94,2.48,0.0
20230504:2330,0.0,0.0,0.0,9.45,2.83,0.0
20230505:0030,0.0,0.0,0.0,9.49,2.83,0.0
20230505:0130,0.0,0.0,0.0,9.76,2.76,0.0
20230505:0230,0.0,0.0,-1.91,8.53,2.76,0.0
20230505:0330,17.76,32.9,7.73,8.86,2.69,0.0
20230505:0430,99.15,143.26,17.88,9.02,3.17,0.0
20230505:0530,264.03,318.76,28.19,14.37,2.69,0.0
20230505:0630,504.83,589.53,38.28,14.65,2.48,0.0
20230505:0730,661.25,785.44,47.57,15.15,2.14,0.0
20230505:0830,742.31,922.45,55.12,19.52,1.66,0.0
20230505:0930,778.89,988.99,59.38,19.67,1.1,0.0
20230505:1030,761.87,995.39,58.86,21.03,0.28,0.0
20230505:1130,642.81,811.11,53.78,21.13,0.48,0.0
20230505:1230,487.74,598.63,45.76,21.1,0.48,0.0
20230505:1330,353.5,430.94,36.24,20.76,0.62,0.0
20230505:1430,205.89,264.63,26.07,20.36,1.1,0.0
20230505:1530,56.02,98.33,15.76,20.57,1.52,0.0
20230505:1630,9.91,23.36,5.69,20.58,1.66,0.0
20230505:1730,0.0,0.0,-3.8,15.77,1.72,0.0
20230505:1830,0.0,0.0,0.0,15.56,2.0,0.0
20230505:1930,0.0,0.0,0.0,16.27,2.97,0.0
20230505:2030,0.0,0.0,0.0,14.03,3.86,0.0
20230505:2130,0.0,0.0,0.0,14.46,4.62,0.0
20230505:2230,0.0,0.0,0.0,13.03,6.0,0.0
20230505:2330,0.0,0.0,0.0,12.75,6.14,0.0
20230506:0030,0.0,0.0,0.0,12.62,6.07,0.0
20230506:0130,0.0,0.0,0.0,12.46,6.0,0.0
20230506:0230,0.0,0.0,-1.68,10.74,6.0,0.0
20230506:0330,17.71,33.02,7.95,10.58,6.14,0.0
20230506:0430,107.71,160.57,18.09,10.45,6.76,0.0
20230506:0530,314.65,373.74,28.4,14.5,7.1,0.0
20230506:0630,523.38,594.76,38.5,14.57,7.52,0.0
20230506:0730,688.56,783.79,47.81,14.75,7.52,0.0
20230506:0830,787.3,918.98,55.39,18.38,7.59,0.0
20230506:0930,839.61,986.56,59.66,18.5,7.45,0.0
20230506:1030,829.27,979.27,59.13,19.49,7.31,0.0
20230506:1130,764.78,898.63,54.02,19.53,7.1,0.0
20230506:1230,648.88,757.79,45.97,19.66,6.83,0.0
20230506:1330,469.37,549.56,36.43,19.69,6.76,0.0
20230506:1430,265.94,330.87,26.25,19.02,6.83,0.0
20230506:1530,70.91,123.7,15.95,19.04,6.41,0.0
20230506:1630,10.93,24.67,5.88,18.84,5.38,0.0
20230506:1730,0.0,0.0,-3.59,14.26,5.1,0.0
20230506:1830,0.0,0.0,0.0,14.17,5.24,0.0
20230506:1930,0.0,0.0,0.0,13.94,5.66,0.0
20230506:2030,0.0,0.0,0.0,10.68,5.86,0.0
20230506:2130,0.0,0.0,0.0,10.4,5.86,0.0
20230506:2230,0.0,0.0,0.0,8.39,5.93,0.0
20230506:2330,0.0,0.0,0.0,8.34,5.59,0.0
20230507:0030,0.0,0.0,0.0,8.29,5.31,0.0
20230507:0130,0.0,0.0,0.0,8.28,5.24,0.0
20230507:0230,0.0,0.0,-1.46,6.84,5.31,0.0
20230507:0330,21.01,36.71,8.16,6.75,5.45,0.0
20230507:0430,113.9,164.15,18.29,6.84,5.66,0.0
20230507:0530,319.7,374.09,28.61,11.16,6.28,0.0
20230507:0630,534.87,602.07,38.71,11.22,6.0,0.0
20230507:0730,696.5,787.88,48.04,11.19,5.66,0.0
20230507:0830,768.34,896.01,55.64,15.17,5.24,0.0
20230507:0930,804.84,947.15,59.94,15.32,4.9,0.0
20230507:1030,727.52,861.37,59.4,17.61,4.76,0.0
20230507:1130,698.61,823.21,54.25,17.56,4.55,0.0
20230507:1230,608.51,713.95,46.18,17.78,4.21,0.0
20230507:1330,451.87,531.54,36.62,18.05,4.0,0.0
20230507:1430,269.16,335.19,26.44,17.71,3.86,0.0
20230507:1530,72.14,126.4,16.13,17.98,3.59,0.0
20230507:1630,11.87,25.94,6.07,17.94,2.76,0.0
20230507:1730,0.0,0.0,-3.39,14.59,2.48,0.0
20230507:1830,0.0,0.0,0.0,14.26,3.38,0.0
20230507:1930,0.0,0.0,0.0,14.67,3.93,0.0
20230507:2030,0.0,0.0,0.0,13.1,4.34,0.0
20230507:2130,0.0,0.0,0.0,12.92,4.48,0.0
20230507:2230,0.0,0.0,0.0,11.93,4.62,0.0
20230507:2330,0.0,0.0,0.0,11.9,4.55,0.0
20230508:0030,0.0,0.0,0.0,12.08,4.48,0.0
20230508:0130,0.0,0.0,0.0,12.04,4.62,0.0
20230508:0230,0.0,0.0,-1.24,10.51,4.48,0.0
20230508:0330,21.49,37.73,8.37,9.65,4.34,0.0
20230508:0430,113.41,158.53,18.5,9.79,4.62,0.0
20230508:0530,282.91,332.7,28.81,11.42,5.1,0.0
20230508:0630,260.1,302.52,38.92,12.06,4.9,0.0
20230508:0730,267.17,311.76,48.27,12.56,4.34,0.0
20230508:0830,345.01,402.84,55.9,14.79,3.86,0.0
20230508:0930,374.39,436.9,60.21,14.95,3.72,0.0
20230508:1030,465.06,539.64,59.66,14.99,3.93,0.0
20230508:1130,346.15,401.22,54.49,14.87,3.72,0.0
20230508:1230,248.07,292.43,46.38,14.53,3.72,0.0
20230508:1330,89.33,117.8,36.81,14.59,3.66,0.0
20230508:1430,102.28,132.77,26.61,13.55,3.79,0.0
20230508:1530,53.67,82.59,16.31,13.87,3.52,0.0
20230508:1630,7.28,18.91,6.26,13.7,2.62,0.0
20230508:1730,0.0,0.0,-3.19,11.93,2.28,0.0
20230508:1830,0.0,0.0,0.0,11.88,2.48,0.0
20230508:1930,0.0,0.0,0.0,12.05,2.9,0.0
20230508:2030,0.0,0.0,0.0,10.7,3.38,0.0
20230508:2130,0.0,0.0,0.0,10.67,3.66,0.0
20230508:2230,0.0,0.0,0.0,9.67,3.79,0.0
20230508:2330,0.0,0.0,0.0,9.63,3.52,0.0
20230509:0030,0.0,0.0,0.0,9.68,3.59,0.0
20230509:0130,0.0,0.0,0.0,9.77,3.93,0.0
20230509:0230,0.0,0.0,-1.03,8.68,4.0,0.0
20230509:0330,25.9,43.03,8.57,8.58,3.93,0.0
20230509:0430,106.29,148.22,18.69,8.7,4.28,0.0
20230509:0530,284.06,336.23,29.01,11.76,4.62,0.0
20230509:0630,477.36,542.12,39.13,12.16,4.55,0.0
20230509:0730,622.71,709.47,48.49,12.07,4.41,0.0
20230509:0830,730.75,848.28,56.14,14.15,4.48,0.0
20230509:0930,735.39,855.31,60.48,14.38,4.69,0.0
20230509:1030,733.47,847.1,59.92,14.77,5.66,0.0
20230509:1130,659.42,757.22,54.71,14.9,5.86,0.0
20230509:1230,608.08,696.86,46.58,14.71,5.52,0.0
20230509:1330,430.47,496.34,36.99,14.87,5.03,0.0
20230509:1430,211.88,260.95,26.79,14.08,4.48,0.0
20230509:1530,68.59,112.15,16.49,13.96,4.28,0.0
20230509:1630,13.28,27.51,6.45,13.93,3.38,0.0
20230509:1730,0.0,0.0,-2.98,11.52,2.07,0.0
20230509:1830,0.0,0.0,0.0,11.58,1.93,0.0
20230509:1930,0.0,0.0,0.0,11.52,2.48,0.0
20230509:2030,0.0,0.0,0.0,8.67,1.72,0.0
20230509:2130,0.0,0.0,0.0,9.21,1.1,0.0
20230509:2230,0.0,0.0,0.0,9.21,1.79,0.0
20230509:2330,0.0,0.0,0.0,7.99,1.72,0.0
20230510:0030,0.0,0.0,0.0,8.08,2.14,0.0
20230510:0130,0.0,0.0,0.0,8.33,2.07,0.0
20230510:0230,0.0,0.0,-0.82,7.31,1.86,0.0
20230510:0330,21.83,37.86,8.77,7.32,1.79,0.0
20230510:0430,114.68,168.06,18.88,7.65,2.48,0.0
20230510:0530,317.66,380.31,29.2,12.43,1.93,0.0
20230510:0630,516.32,604.62,39.32,12.5,1.31,0.0
20230510:0730,655.93,779.89,48.71,12.37,1.17,0.0
20230510:0830,723.77,886.2,56.38,14.79,0.97,0.0
20230510:0930,763.51,941.19,60.74,14.85,1.03,0.0
20230510:1030,726.37,892.39,60.17,14.9,0.9,0.0
20230510:1130,608.87,724.94,54.94,14.62,1.38,0.0
20230510:1230,559.26,657.37,46.78,14.26,1.72,0.0
20230510:1330,413.32,484.42,37.17,14.39,1.86,0.0
20230510:1430,259.8,319.89,26.97,13.93,1.93,0.0
20230510:1530,78.44,128.99,16.67,14.68,1.86,0.0
20230510:1630,14.08,28.66,6.63,14.35,2.48,0.0
20230510:1730,0.0,0.0,-2.79,11.52,2.34,0.0
20230510:1830,0.0,0.0,0.0,11.37,2.69,0.0
20230510:1930,0.0,0.0,0.0,10.47,1.86,0.0
20230510:2030,0.0,0.0,0.0,8.34,1.52,0.0
20230510:2130,0.0,0.0,0.0,9.0,1.93,0.0
20230510:2230,0.0,0.0,0.0,6.15,2.07,0.0
20230510:2330,0.0,0.0,0.0,5.56,1.93,0.0
20230511:0030,0.0,0.0,0.0,5.14,2.14,0.0
20230511:0130,0.0,0.0,0.0,5.54,1.79,0.0
20230511:0230,0.0,0.0,-0.61,4.76,1.79,0.0
20230511:0330,22.18,38.03,8.96,5.44,1.86,0.0
20230511:0430,116.05,168.33,19.07,6.08,2.55,0.0
20230511:0530,319.58,381.22,29.38,12.34,2.48,0.0
20230511:0630,521.18,600.84,39.52,12.14,2.69,0.0
20230511:0730,665.76,774.29,48.92,12.17,2.62,0.0
20230511:0830,720.7,862.24,56.62,15.48,2.41,0.0
20230511:0930,725.3,867.96,61.0,15.54,2.48,0.0
20230511:1030,693.63,835.4,60.43,15.9,1.93,0.0
20230511:1130,680.24,816.38,55.16,15.9,1.93,0.0
20230511:1230,526.18,619.27,46.97,16.05,2.14,0.0
20230511:1330,440.7,518.66,37.35,15.79,2.34,0.0
20230511:1430,264.39,327.01,27.14,15.86,2.55,0.0
20230511:1530,76.54,130.89,16.84,15.97,3.24,0.0
20230511:1630,14.66,29.63,6.82,16.1,3.38,0.0
20230511:1730,0.0,0.0,-2.59,12.4,2.97,0.0
20230511:1830,0.0,0.0,0.0,12.21,3.1,0.0
20230511:1930,0.0,0.0,0.0,12.4,2.83,0.0
20230511:2030,0.0,0.0,0.0,8.58,2.62,0.0
20230511:2130,0.0,0.0,0.0,8.59,2.48,0.0
20230511:2230,0.0,0.0,0.0,6.26,2.21,0.0
20230511:2330,0.0,0.0,0.0,6.63,2.34,0.0
20230512:0030,0.0,0.0,0.0,7.02,2.55,0.0
20230512:0130,0.0,0.0,0.0,7.53,2.62,0.0
20230512:0230,0.0,0.0,-0.41,6.71,2.76,0.0
20230512:0330,22.66,38.75,9.15,6.52,3.03,0.0
20230512:0430,119.92,174.49,19.25,6.87,3.72,0.0
20230512:0530,330.31,394.6,29.56,13.82,3.59,0.0
20230512:0630,533.9,615.52,39.7,13.69,3.79,0.0
20230512:0730,694.24,803.98,49.12,13.57,4.07,0.0
20230512:0830,783.76,937.83,56.85,17.81,4.07,0.0
20230512:0930,801.57,963.53,61.25,17.71,3.93,0.0
20230512:1030,752.5,914.21,60.67,18.91,3.03,0.0
20230512:1130,704.33,856.59,55.38,18.81,2.41,0.0
20230512:1230,591.6,713.82,47.16,18.93,1.93,0.0
20230512:1330,466.75,563.33,37.52,19.01,1.52,0.0
20230512:1430,270.58,340.92,27.31,18.76,1.79,0.0
20230512:1530,78.9,122.28,17.01,18.96,2.07,0.0
20230512:1630,19.06,35.95,7.0,19.25,2.14,0.0
20230512:1730,0.0,0.0,-2.4,15.48,1.93,0.0
20230512:1830,0.0,0.0,0.0,15.58,2.21,0.0
20230512:1930,0.0,0.0,0.0,15.55,2.21,0.0
20230512:2030,0.0,0.0,0.0,13.25,2.69,0.0
20230512:2130,0.0,0.0,0.0,13.56,2.9,0.0
20230512:2230,0.0,0.0,0.0,11.98,2.55,0.0
20230512:2330,0.0,0.0,0.0,11.87,2.41,0.0
20230513:0030,0.0,0.0,0.0,11.58,2.41,0.0
20230513:0130,0.0,0.0,0.0,11.49,2.55,0.0
20230513:0230,0.0,0.0,-0.22,10.33,2.55,0.0
20230513:0330,31.61,50.24,9.33,10.09,2.41,0.0
20230513:0430,120.72,168.62,19.43,10.33,2.97,0.0
20230513:0530,314.77,380.69,29.74,15.63,2.62,0.0
20230513:0630,503.87,592.84,39.89,16.21,2.62,0.0
20230513:0730,671.66,795.84,49.32,16.05,2.83,0.0
20230513:0830,713.94,870.5,57.07,20.53,2.9,0.0
20230513:0930,734.42,900.87,61.5,20.35,2.69,0.0
20230513:1030,699.9,865.31,60.91,20.81,1.93,0.0
20230513:1130,636.21,786.38,55.59,20.78,1.38,0.0
20230513:1230,483.1,587.4,47.35,20.83,1.1,0.0
20230513:1330,388.87,473.08,37.7,20.58,1.1,0.0
20230513:1430,206.45,262.56,27.48,20.36,2.21,0.0
20230513:1530,75.72,114.88,17.18,20.31,2.69,0.0
20230513:1630,15.62,31.46,7.18,20.49,2.55,0.0
20230513:1730,0.0,0.0,-2.21,15.02,2.62,0.0
20230513:1830,0.0,0.0,0.0,14.63,3.1,0.0
20230513:1930,0.0,0.0,0.0,15.23,3.1,0.0
20230513:2030,0.0,0.0,0.0,12.7,3.03,0.0
20230513:2130,0.0,0.0,0.0,13.27,2.97,0.0
20230513:2230,0.0,0.0,0.0,12.06,3.24,0.0
20230513:2330,0.0,0.0,0.0,12.14,3.1,0.0
20230514:0030,0.0,0.0,0.0,12.03,3.1,0.0
20230514:0130,0.0,0.0,0.0,12.14,3.17,0.0
20230514:0230,0.0,0.0,-0.03,10.86,3.24,0.0
20230514:0330,22.62,39.3,9.51,10.59,3.31,0.0
20230514:0430,116.7,172.55,19.6,10.27,3.93,0.0
20230514:0530,320.58,387.56,29.91,16.24,3.59,0.0
20230514:0630,514.38,604.32,40.06,16.28,2.83,0.0
20230514:0730,660.91,789.91,49.51,16.45,2.21,0.0
20230514:0830,725.25,905.48,57.29,21.81,1.93,0.0
20230514:0930,719.3,903.06,61.74,21.69,1.59,0.0
20230514:1030,709.59,913.28,61.15,22.57,0.62,0.0
20230514:1130,681.6,867.55,55.8,22.5,0.76,0.0
20230514:1230,582.59,720.63,47.54,22.55,1.38,0.0
20230514:1330,436.05,533.89,37.87,22.6,1.59,0.0
20230514:1430,252.5,323.87,27.64,22.16,2.21,0.0
20230514:1530,74.24,130.11,17.35,21.92,3.31,0.0
20230514:1630,15.36,31.24,7.35,21.76,3.31,0.0
20230514:1730,0.0,0.0,-2.02,17.03,2.69,0.0
20230514:1830,0.0,0.0,0.0,16.69,2.62,0.0
20230514:1930,0.0,0.0,0.0,16.71,2.28,0.0
20230514:2030,0.0,0.0,0.0,13.15,2.14,0.0
20230514:2130,0.0,0.0,0.0,13.5,2.21,0.0
20230514:2230,0.0,0.0,0.0,10.85,2.14,0.0
20230514:2330,0.0,0.0,0.0,10.45,2.48,0.0
20230515:0030,0.0,0.0,0.0,10.74,1.79,0.0
20230515:0130,0.0,0.0,0.0,10.47,1.31,0.0
20230515:0230,0.01,5.64,0.15,9.91,1.86,0.0
20230515:0330,30.67,49.35,9.68,11.17,1.31,0.0
20230515:0430,119.57,171.6,19.76,10.16,0.83,0.0
20230515:0530,291.49,358.02,30.07,17.32,1.17,0.0
20230515:0630,430.83,514.85,40.23,17.37,1.38,0.0
20230515:0730,587.34,699.61,49.7,17.27,2.41,0.0
20230515:0830,708.09,863.87,57.5,21.41,3.38,0.0
20230515:0930,785.88,961.78,61.97,21.39,3.93,0.0
20230515:1030,794.45,968.18,61.38,21.41,4.34,0.0
20230515:1130,728.7,880.73,56.01,21.29,4.28,0.0
20230515:1230,618.19,741.29,47.72,21.16,3.79,0.0
20230515:1330,446.03,533.61,38.04,20.99,3.72,0.0
20230515:1430,254.65,318.18,27.81,19.51,4.0,0.0
20230515:1530,89.78,134.88,17.52,19.47,3.86,0.0
20230515:1630,24.48,43.07,7.53,19.55,3.17,0.0
20230515:1730,0.0,0.0,-1.83,15.46,2.07,0.0
20230515:1830,0.0,0.0,0.0,15.1,2.0,0.0
20230515:1930,0.0,0.0,0.0,15.15,2.14,0.0
20230515:2030,0.0,0.0,0.0,12.8,1.93,0.0
20230515:2130,0.0,0.0,0.0,12.56,1.93,0.0
20230515:2230,0.0,0.0,0.0,12.36,2.28,0.0
20230515:2330,0.0,0.0,0.0,12.38,1.93,0.0
20230516:0030,0.0,0.0,0.0,12.6,2.34,0.0
20230516:0130,0.0,0.0,0.0,13.98,2.9,0.0
20230516:0230,0.0,5.6,0.32,13.33,2.55,0.0
20230516:0330,24.78,42.94,9.84,16.42,2.69,0.0
20230516:0430,91.52,138.56,19.92,16.93,3.45,0.0
20230516:0530,173.18,216.7,30.23,17.99,3.59,0.0
20230516:0630,207.01,249.92,40.4,17.12,3.79,0.0
20230516:0730,275.99,326.46,49.88,16.03,3.72,0.0
20230516:0830,622.61,735.04,57.71,17.86,4.0,0.0
20230516:0930,770.29,930.68,62.2,20.14,4.21,0.0
20230516:1030,744.09,906.83,61.61,21.96,4.21,0.0
20230516:1130,687.4,823.49,56.21,21.43,5.03,0.0
20230516:1230,577.54,688.53,47.9,21.39,4.48,0.0
20230516:1330,425.42,509.19,38.21,21.21,3.86,0.0
20230516:1430,247.77,311.9,27.97,20.27,3.38,0.0
20230516:1530,82.02,129.42,17.68,19.87,2.76,0.0
20230516:1630,20.95,38.54,7.7,19.8,2.28,0.0
20230516:1730,0.0,0.0,-1.65,16.35,1.45,0.0
20230516:1830,0.0,0.0,0.0,15.65,2.0,0.0
20230516:1930,0.0,0.0,0.0,15.78,2.21,0.0
20230516:2030,0.0,0.0,0.0,13.22,2.28,0.0
20230516:2130,0.0,0.0,0.0,14.3,2.0,0.0
20230516:2230,0.0,0.0,0.0,14.91,2.21,0.0
20230516:2330,0.0,0.0,0.0,15.98,3.1,0.0
20230517:0030,0.0,0.0,0.0,16.85,3.72,0.0
20230517:0130,0.0,0.0,0.0,17.17,3.79,0.0
20230517:0230,0.08,5.94,0.5,16.78,3.45,0.0
20230517:0330,24.29,42.31,10.0,16.37,3.03,0.0
20230517:0430,109.88,167.42,20.07,15.96,3.31,0.0
20230517:0530,301.06,369.38,30.38,19.28,3.52,0.0
20230517:0630,476.1,562.45,40.55,18.71,3.59,0.0
20230517:0730,616.26,730.12,50.05,18.34,3.66,0.0
20230517:0830,721.11,876.03,57.91,21.41,3.72,0.0
20230517:0930,783.09,957.08,62.43,21.36,3.93,0.0
20230517:1030,771.04,951.41,61.83,24.33,4.34,0.0
20230517:1130,709.65,867.57,56.41,23.9,4.21,0.0
20230517:1230,614.51,746.86,48.08,23.85,3.79,0.0
20230517:1330,418.94,509.14,38.37,23.77,3.24,0.0
20230517:1430,236.41,304.08,28.13,23.48,2.62,0.0
20230517:1530,76.76,132.04,17.84,23.84,2.28,0.0
20230517:1630,16.82,33.53,7.87,23.88,2.07,0.0
20230517:1730,0.0,0.0,-1.47,20.45,2.21,0.0
20230517:1830,0.0,0.0,0.0,20.07,3.59,0.0
20230517:1930,0.0,0.0,0.0,19.62,4.21,0.0
20230517:2030,0.0,0.0,0.0,16.96,3.72,0.0
20230517:2130,0.0,0.0,0.0,16.61,3.24,0.0
20230517:2230,0.0,0.0,0.0,14.05,3.86,0.0
20230517:2330,0.0,0.0,0.0,14.28,3.59,0.0
20230518:0030,0.0,0.0,0.0,14.44,3.45,0.0
20230518:0130,0.0,0.0,0.0,14.56,3.59,0.0
20230518:0230,0.46,6.83,0.66,13.2,3.93,0.0
20230518:0330,24.55,42.1,10.16,13.18,4.48,0.0
20230518:0430,114.06,170.6,20.22,13.76,5.17,0.0
20230518:0530,318.12,386.26,30.53,18.63,5.66,0.0
20230518:0630,511.22,597.6,40.71,19.23,6.07,0.0
20230518:0730,668.32,781.96,50.22,19.47,6.55,0.0
20230518:0830,762.83,914.76,58.1,23.1,6.83,0.0
20230518:0930,810.59,979.19,62.64,23.52,6.83,0.0
20230518:1030,797.09,970.6,62.05,25.03,6.62,0.0
20230518:1130,702.07,847.79,56.6,25.21,6.62,0.0
20230518:1230,455.39,543.16,48.25,25.43,6.48,0.0
20230518:1330,409.99,492.42,38.53,24.83,6.83,0.0
20230518:1430,221.62,284.78,28.29,24.77,6.9,0.0
20230518:1530,70.08,124.58,18.0,24.86,4.9,0.0
20230518:1630,14.95,31.03,8.03,24.99,4.69,0.0
20230518:1730,0.0,0.0,-1.29,21.49,4.28,0.0
20230518:1830,0.0,0.0,0.0,21.45,4.14,0.0
20230518:1930,0.0,0.0,0.0,21.13,4.28,0.0
20230518:2030,0.0,0.0,0.0,18.12,4.48,0.0
20230518:2130,0.0,0.0,0.0,17.65,4.69,0.0
20230518:2230,0.0,0.0,0.0,16.69,4.97,0.0
20230518:2330,0.0,0.0,0.0,16.66,4.48,0.0
20230519:0030,0.0,0.0,0.0,16.35,4.14,0.0
20230519:0130,0.0,0.0,0.0,16.09,3.93,0.0
20230519:0230,0.5,6.95,0.82,14.9,3.93,0.0
20230519:0330,24.4,42.18,10.31,14.86,4.41,0.0
20230519:0430,111.13,167.29,20.36,15.14,5.03,0.0
20230519:0530,292.45,353.19,30.67,16.76,5.17,0.0
20230519:0630,446.13,533.5,40.85,23.39,5.31,0.0
20230519:0730,560.53,670.33,50.38,23.42,5.03,0.0
20230519:0830,669.77,814.52,58.29,25.26,5.03,0.0
20230519:0930,756.29,932.25,62.86,26.13,5.31,0.0
20230519:1030,655.68,795.42,62.26,26.52,6.0,0.0
20230519:1130,607.57,738.22,56.79,26.05,4.9,0.0
20230519:1230,440.74,534.74,48.42,26.1,3.66,0.0
20230519:1330,304.48,373.72,38.69,26.06,4.14,0.0
20230519:1430,190.58,247.8,28.44,25.07,5.24,0.0
20230519:1530,69.27,116.23,18.16,23.15,3.45,0.0
20230519:1630,14.1,29.72,8.2,23.72,1.66,0.0
20230519:1730,0.0,0.0,-1.12,20.66,2.69,0.0
20230519:1830,0.0,0.0,0.0,20.21,2.69,0.0
20230519:1930,0.0,0.0,0.0,20.14,2.83,0.0
20230519:2030,0.0,0.0,0.0,17.72,3.03,0.0
20230519:2130,0.0,0.0,0.0,18.15,3.45,0.0
20230519:2230,0.0,0.0,0.0,16.29,3.93,0.0
20230519:2330,0.0,0.0,0.0,16.33,4.48,0.0
20230520:0030,0.0,0.0,0.0,16.43,4.69,0.0
20230520:0130,0.0,0.0,0.0,16.47,4.62,0.0
20230520:0230,0.9,7.89,0.97,15.44,4.69,0.0
20230520:0330,29.5,48.62,10.45,15.36,4.83,0.0
20230520:0430,118.78,173.85,20.5,15.19,5.31,0.0
20230520:0530,317.0,387.83,30.8,20.05,5.38,0.0
20230520:0630,495.63,584.71,40.99,20.34,5.24,0.0
20230520:0730,650.22,771.41,50.54,20.72,5.17,0.0
20230520:0830,729.41,892.51,58.47,25.75,5.45,0.0
20230520:0930,726.28,883.91,63.06,25.57,6.14,0.0
20230520:1030,741.63,910.87,62.47,26.22,5.72,0.0
20230520:1130,676.42,822.3,56.98,26.58,6.21,0.0
20230520:1230,530.4,641.29,48.59,26.73,6.21,0.0
20230520:1330,392.83,478.8,38.84,26.76,5.66,0.0
20230520:1430,214.18,278.73,28.59,25.91,4.34,0.0
20230520:1530,77.58,125.28,18.32,25.59,2.97,0.0
20230520:1630,17.28,34.42,8.36,25.86,2.62,0.0
20230520:1730,0.0,0.0,-0.95,21.64,2.34,0.0
20230520:1830,0.0,0.0,0.0,20.98,2.97,0.0
20230520:1930,0.0,0.0,0.0,19.43,2.9,0.0
20230520:2030,0.0,0.0,0.0,15.6,2.9,0.0
20230520:2130,0.0,0.0,0.0,16.22,3.45,0.0
20230520:2230,0.0,0.0,0.0,16.57,4.34,0.0
20230520:2330,0.0,0.0,0.0,16.84,4.97,0.0
20230521:0030,0.0,0.0,0.0,16.58,5.24,0.0
20230521:0130,0.0,0.0,0.0,16.49,5.38,0.0
20230521:0230,1.05,8.22,1.12,15.38,5.31,0.0
20230521:0330,29.35,48.41,10.59,15.29,5.52,0.0
20230521:0430,117.24,173.69,20.63,15.29,5.79,0.0
20230521:0530,314.11,381.65,30.93,19.13,6.41,0.0
20230521:0630,464.31,543.25,41.13,19.52,6.41,0.0
20230521:0730,518.38,605.35,50.69,19.88,6.21,0.0
20230521:0830,655.69,789.68,58.65,24.24,5.93,0.0
20230521:0930,719.72,873.19,63.26,24.34,5.79,0.0
20230521:1030,699.13,849.77,62.67,25.69,6.07,0.0
20230521:1130,684.95,832.89,57.16,25.55,5.59,0.0
20230521:1230,536.97,646.75,48.75,25.69,5.59,0.0
20230521:1330,375.18,455.75,39.0,25.87,5.45,0.0
20230521:1430,233.1,300.12,28.74,24.82,5.31,0.0
20230521:1530,73.3,123.5,18.47,24.93,5.24,0.0
20230521:1630,17.15,33.91,8.52,23.55,4.62,0.0
20230521:1730,0.0,0.0,-0.78,20.41,5.17,0.0
20230521:1830,0.0,0.0,0.0,20.81,6.21,0.0
20230521:1930,0.0,0.0,0.0,20.88,6.34,0.0
20230521:2030,0.0,0.0,0.0,17.94,5.86,0.0
20230521:2130,0.0,0.0,0.0,17.85,5.1,0.0
20230521:2230,0.0,0.0,0.0,16.01,4.83,0.0
20230521:2330,0.0,0.0,0.0,16.07,4.28,0.0
20230522:0030,0.0,0.0,0.0,15.87,4.21,0.0
20230522:0130,0.0,0.0,0.0,15.89,4.34,0.0
20230522:0230,0.5,6.95,1.27,14.88,4.69,0.0
20230522:0330,22.5,39.72,10.72,14.57,4.97,0.0
20230522:0430,93.74,141.92,20.76,14.66,5.17,0.0
20230522:0530,224.81,276.07,31.06,18.13,5.45,0.0
20230522:0630,457.5,533.31,41.26,17.85,5.1,0.0
20230522:0730,604.12,708.57,50.83,18.13,4.55,0.0
20230522:0830,675.08,812.85,58.81,21.54,4.28,0.0
20230522:0930,593.06,708.63,63.46,22.36,4.21,0.0
20230522:1030,582.45,695.58,62.87,21.76,4.0,0.0
20230522:1130,478.4,566.73,57.34,21.24,4.14,0.0
20230522:1230,516.16,617.18,48.91,20.41,2.55,0.0
20230522:1330,297.74,360.18,39.15,21.21,2.76,0.0
20230522:1430,208.19,262.05,28.89,19.9,4.0,0.0
20230522:1530,75.9,120.28,18.62,20.24,3.93,0.0
20230522:1630,18.49,35.36,8.67,20.6,3.38,0.0
20230522:1730,0.0,0.0,-0.61,18.91,2.97,0.0
20230522:1830,0.0,0.0,0.0,18.5,3.59,0.0
20230522:1930,0.0,0.0,0.0,18.67,4.34,0.0
20230522:2030,0.0,0.0,0.0,17.27,4.69,0.0
20230522:2130,0.0,0.0,0.0,17.38,4.41,0.0
20230522:2230,0.0,0.0,0.0,16.09,3.93,0.0
20230522:2330,0.0,0.0,0.0,16.05,3.1,0.0
20230523:0030,0.0,0.0,0.0,15.79,2.55,0.0
20230523:0130,0.0,0.0,0.0,15.69,2.69,0.0
20230523:0230,1.11,8.35,1.4,15.19,3.03,0.0
20230523:0330,27.58,46.21,10.85,15.06,3.66,0.0
20230523:0430,89.52,137.44,20.88,15.1,4.0,0.0
20230523:0530,204.33,252.69,31.18,17.85,4.07,0.0
20230523:0630,334.14,392.63,41.38,17.67,3.72,0.0
20230523:0730,330.69,388.51,50.97,17.85,3.24,0.0
20230523:0830,572.32,691.69,58.98,21.63,2.83,0.0
20230523:0930,716.59,887.59,63.65,21.57,2.41,0.0
20230523:1030,636.61,794.77,63.06,23.52,1.59,0.0
20230523:1130,623.89,783.55,57.52,23.17,0.97,0.0
20230523:1230,447.41,548.4,49.07,23.41,1.03,0.0
20230523:1330,387.27,472.16,39.29,22.88,1.93,0.0
20230523:1430,184.09,237.63,29.03,21.28,2.28,0.0
20230523:1530,68.2,115.36,18.76,21.46,2.76,0.0
20230523:1630,18.62,35.61,8.83,21.13,2.9,0.0
20230523:1730,0.0,0.0,-0.45,18.5,2.0,0.0
20230523:1830,0.0,0.0,0.0,18.3,2.28,0.0
20230523:1930,0.0,0.0,0.0,18.47,2.55,0.0
20230523:2030,0.0,0.0,0.0,16.48,2.14,0.0
20230523:2130,0.0,0.0,0.0,16.37,1.86,0.0
20230523:2230,0.0,0.0,0.0,15.47,2.14,0.0
20230523:2330,0.0,0.0,0.0,15.1,1.79,0.0
20230524:0030,0.0,0.0,0.0,15.1,1.52,0.0
20230524:0130,0.0,0.0,0.0,15.2,1.45,0.0
20230524:0230,1.28,8.69,1.53,14.74,1.66,0.0
20230524:0330,27.05,45.53,10.97,14.73,2.0,0.0
20230524:0430,111.11,162.93,20.99,14.61,2.34,0.0
20230524:0530,290.63,360.65,31.29,19.63,1.93,0.0
20230524:0630,477.76,576.43,41.5,19.65,1.59,0.0
20230524:0730,618.48,757.03,51.1,19.53,1.31,0.0
20230524:0830,702.46,885.41,59.13,23.12,1.59,0.0
20230524:0930,741.42,939.57,63.83,23.18,1.72,0.0
20230524:1030,705.53,914.26,63.25,23.68,0.62,0.0
20230524:1130,605.27,760.01,57.69,23.68,1.1,0.0
20230524:1230,480.81,585.61,49.22,23.19,1.79,0.0
20230524:1330,384.16,466.43,39.44,22.64,2.34,0.0
20230524:1430,220.54,283.64,29.18,22.47,2.48,0.0
20230524:1530,75.54,131.15,18.91,22.82,1.72,0.0
20230524:1630,15.87,32.09,8.98,22.96,2.41,0.0
20230524:1730,0.0,0.0,-0.29,19.74,2.48,0.0
20230524:1830,0.0,0.0,0.0,19.54,1.93,0.0
20230524:1930,0.0,0.0,0.0,20.07,2.14,0.0
20230524:2030,0.0,0.0,0.0,17.68,1.86,0.0
20230524:2130,0.0,0.0,0.0,17.56,1.52,0.0
20230524:2230,0.0,0.0,0.0,15.57,1.72,0.0
20230524:2330,0.0,0.0,0.0,15.92,1.52,0.0
20230525:0030,0.0,0.0,0.0,15.79,1.52,0.0
20230525:0130,0.0,0.0,0.0,16.19,2.0,0.0
20230525:0230,1.31,8.78,1.66,15.31,2.14,0.0
20230525:0330,24.14,41.97,11.08,15.4,2.28,0.0
20230525:0430,112.94,169.73,21.1,15.57,2.83,0.0
20230525:0530,280.68,343.15,31.4,17.32,2.9,0.0
20230525:0630,437.52,526.76,41.61,22.21,3.17,0.0
20230525:0730,586.67,707.65,51.23,22.24,3.45,0.0
20230525:0830,659.77,812.25,59.28,23.63,2.97,0.0
20230525:0930,635.33,784.68,64.01,23.59,2.28,0.0
20230525:1030,615.42,765.74,63.43,22.34,1.1,0.0
20230525:1130,592.92,733.68,57.85,22.28,1.31,0.0
20230525:1230,482.28,586.57,49.37,22.65,1.79,0.0
20230525:1330,375.28,456.29,39.58,22.73,2.34,0.0
20230525:1430,189.36,242.02,29.32,20.61,3.79,0.0
20230525:1530,74.18,113.91,19.05,20.08,3.31,0.0
20230525:1630,25.62,44.72,9.12,20.56,2.41,0.0
20230525:1730,0.0,0.0,-0.14,18.33,1.38,0.0
20230525:1830,0.0,0.0,0.0,18.11,2.21,0.0
20230525:1930,0.0,0.0,0.0,18.02,2.97,0.0
20230525:2030,0.0,0.0,0.0,17.23,2.97,0.0
20230525:2130,0.0,0.0,0.0,17.11,2.97,0.0
20230525:2230,0.0,0.0,0.0,16.22,2.83,0.0
20230525:2330,0.0,0.0,0.0,16.25,2.41,0.0
20230526:0030,0.0,0.0,0.0,16.39,2.48,0.0
20230526:0130,0.0,0.0,0.0,16.25,2.62,0.0
20230526:0230,0.72,7.5,1.78,15.84,2.41,0.0
20230526:0330,29.63,48.84,11.19,15.45,2.83,0.0
20230526:0430,102.71,148.89,21.2,15.54,3.59,0.0
20230526:0530,216.52,267.81,31.5,18.52,3.93,0.0
20230526:0630,445.35,521.73,41.72,18.23,4.41,0.0
20230526:0730,552.7,649.12,51.34,18.49,4.21,0.0
20230526:0830,626.49,756.94,59.42,21.93,3.66,0.0
20230526:0930,689.07,842.85,64.18,21.81,3.1,0.0
20230526:1030,551.0,666.42,63.61,22.23,2.48,0.0
20230526:1130,486.38,584.87,58.02,20.65,1.86,0.0
20230526:1230,412.97,496.45,49.52,20.04,1.24,0.0
20230526:1330,389.14,468.19,39.72,19.53,1.66,0.0
20230526:1430,196.04,249.03,29.45,19.01,2.07,0.0
20230526:1530,81.69,127.79,19.19,19.85,1.24,0.0
20230526:1630,23.4,41.88,9.27,20.77,2.28,0.0
20230526:1730,0.0,4.88,0.01,19.07,2.76,0.0
20230526:1830,0.0,0.0,0.0,19.04,2.0,0.0
20230526:1930,0.0,0.0,0.0,18.75,2.14,0.0
20230526:2030,0.0,0.0,0.0,16.9,2.07,0.0
20230526:2130,0.0,0.0,0.0,17.07,1.59,0.0
20230526:2230,0.0,0.0,0.0,16.28,1.45,0.0
20230526:2330,0.0,0.0,0.0,15.76,1.79,0.0
20230527:0030,0.0,0.0,0.0,16.06,2.34,0.0
20230527:0130,0.0,0.0,0.0,15.69,2.76,0.0
20230527:0230,1.6,9.37,1.89,15.26,3.03,0.0
20230527:0330,27.5,46.17,11.29,15.23,2.62,0.0
20230527:0430,97.34,141.88,21.3,15.21,3.45,0.0
20230527:0530,192.78,239.34,31.59,17.8,3.66,0.0
20230527:0630,224.89,269.17,41.82,17.38,3.52,0.0
20230527:0730,342.24,402.77,51.46,17.31,2.97,0.0
20230527:0830,426.77,508.29,59.56,20.08,2.76,0.0
20230527:0930,495.42,593.28,64.34,19.75,2.41,0.0
20230527:1030,542.89,660.46,63.78,20.52,1.59,0.0
20230527:1130,426.03,513.45,58.17,20.68,1.86,0.0
20230527:1230,469.82,564.01,49.66,20.4,2.21,0.0
20230527:1330,359.32,433.08,39.85,20.64,2.0,0.0
20230527:1430,228.52,290.62,29.58,19.98,1.72,0.0
20230527:1530,76.76,126.48,19.32,21.09,1.66,0.0
20230527:1630,21.63,39.76,9.41,21.93,1.38,0.0
20230527:1730,0.0,5.0,0.16,19.0,1.17,0.0
20230527:1830,0.0,0.0,0.0,17.67,2.62,0.0
20230527:1930,0.0,0.0,0.0,17.5,2.69,0.0
20230527:2030,0.0,0.0,0.0,16.72,2.28,0.0
20230527:2130,0.0,0.0,0.0,16.76,2.76,0.0
20230527:2230,0.0,0.0,0.0,16.03,3.03,0.0
20230527:2330,0.0,0.0,0.0,16.27,3.17,0.0
20230528:0030,0.0,0.0,0.0,16.34,3.31,0.0
20230528:0130,0.0,0.0,0.0,16.34,3.45,0.0
20230528:0230,1.61,9.41,2.0,16.28,3.45,0.0
20230528:0330,31.03,50.7,11.39,16.23,3.52,0.0
20230528:0430,101.93,145.76,21.39,16.07,3.79,0.0
20230528:0530,165.8,208.57,31.68,18.29,4.0,0.0
20230528:0630,459.86,538.64,41.91,17.89,4.21,0.0
20230528:0730,471.48,547.65,51.56,17.94,4.48,0.0
20230528:0830,488.67,575.48,59.69,21.16,4.76,0.0
20230528:0930,591.93,702.06,64.5,20.9,4.55,0.0
20230528:1030,671.03,810.37,63.95,23.41,4.97,0.0
20230528:1130,575.38,692.55,58.33,23.97,4.76,0.0
20230528:1230,526.61,630.6,49.8,23.52,4.83,0.0
20230528:1330,359.09,431.7,39.99,22.84,4.83,0.0
20230528:1430,199.67,251.89,29.71,19.94,4.62,0.0
20230528:1530,77.02,115.62,19.45,19.3,3.79,0.0
20230528:1630,25.37,44.13,9.54,19.26,4.76,0.0
20230528:1730,0.0,4.92,0.31,18.08,4.55,0.0
20230528:1830,0.0,0.0,0.0,18.68,3.66,0.0
20230528:1930,0.0,0.0,0.0,19.06,3.1,0.0
20230528:2030,0.0,0.0,0.0,17.35,3.1,0.0
20230528:2130,0.0,0.0,0.0,17.19,3.31,0.0
20230528:2230,0.0,0.0,0.0,15.75,3.72,0.0
20230528:2330,0.0,0.0,0.0,15.94,4.07,0.0
20230529:0030,0.0,0.0,0.0,15.96,4.21,0.0
20230529:0130,0.0,0.0,0.0,16.02,4.55,0.0
20230529:0230,1.9,9.96,2.1,15.52,4.76,0.0
20230529:0330,29.61,48.79,11.49,15.55,5.03,0.0
20230529:0430,105.3,155.09,21.48,15.78,5.1,0.0
20230529:0530,236.02,288.64,31.77,18.21,5.24,0.0
20230529:0630,346.79,406.54,42.0,18.07,5.66,0.0
20230529:0730,507.78,589.73,51.66,18.24,5.66,0.0
20230529:0830,683.2,817.96,59.81,22.72,5.79,0.0
20230529:0930,738.94,893.05,64.65,22.86,5.38,0.0
20230529:1030,727.65,885.58,64.11,24.66,5.45,0.0
20230529:1130,680.39,824.42,58.48,24.85,5.52,0.0
20230529:1230,423.59,507.28,49.94,25.03,5.38,0.0
20230529:1330,323.51,390.96,40.12,23.78,5.17,0.0
20230529:1430,219.84,280.82,29.84,22.8,4.55,0.0
20230529:1530,85.65,134.12,19.58,22.8,4.62,0.0
20230529:1630,23.15,41.97,9.68,23.5,4.21,0.0
20230529:1730,0.0,5.17,0.45,20.9,4.14,0.0
20230529:1830,0.0,0.0,0.0,20.54,3.79,0.0
20230529:1930,0.0,0.0,0.0,20.54,3.03,0.0
20230529:2030,0.0,0.0,0.0,18.17,3.03,0.0
20230529:2130,0.0,0.0,0.0,18.32,3.45,0.0
20230529:2230,0.0,0.0,0.0,17.03,4.48,0.0
20230529:2330,0.0,0.0,0.0,17.05,4.48,0.0
20230530:0030,0.0,0.0,0.0,16.86,4.48,0.0
20230530:0130,0.0,0.0,0.0,16.83,4.48,0.0
20230530:0230,2.93,11.91,2.2,15.92,4.9,0.0
20230530:0330,37.49,58.5,11.57,16.01,5.24,0.0
20230530:0430,111.54,150.73,21.56,15.82,5.45,0.0
20230530:0530,260.31,318.25,31.85,19.57,5.59,0.0
20230530:0630,407.17,479.97,42.08,19.88,5.79,0.0
20230530:0730,572.34,671.89,51.76,20.03,5.86,0.0
20230530:0830,530.95,627.47,59.93,23.62,6.34,0.0
20230530:0930,601.06,717.77,64.79,23.81,6.62,0.0
20230530:1030,439.08,523.86,64.26,24.04,5.86,0.0
20230530:1130,610.03,731.42,58.62,23.99,5.72,0.0
20230530:1230,459.59,552.07,50.07,24.8,5.45,0.0
20230530:1330,328.79,399.53,40.24,24.9,5.31,0.0
20230530:1430,191.21,246.51,29.97,24.94,4.9,0.0
20230530:1530,82.97,141.09,19.71,24.85,4.55,0.0
20230530:1630,19.21,36.97,9.81,25.12,3.17,0.0
20230530:1730,0.14,6.15,0.58,21.29,2.48,0.0
20230530:1830,0.0,0.0,0.0,20.24,2.48,0.0
20230530:1930,0.0,0.0,0.0,19.93,2.55,0.0
20230530:2030,0.0,0.0,0.0,16.59,2.69,0.0
20230530:2130,0.0,0.0,0.0,16.42,2.55,0.0
20230530:2230,0.0,0.0,0.0,14.6,2.48,0.0
20230530:2330,0.0,0.0,0.0,14.44,2.62,0.0
20230531:0030,0.0,0.0,0.0,14.53,3.03,0.0
20230531:0130,0.0,0.0,0.0,14.73,3.31,0.0
20230531:0230,2.63,11.28,2.29,13.72,3.52,0.0
20230531:0330,34.43,54.39,11.65,14.0,3.86,0.0
20230531:0430,119.06,174.08,21.64,14.26,4.41,0.0
20230531:0530,310.16,380.71,31.92,19.62,4.41,0.0
20230531:0630,460.6,545.14,42.16,19.77,4.41,0.0
20230531:0730,530.13,628.36,51.85,19.8,4.07,0.0
20230531:0830,631.37,766.88,60.04,24.22,4.41,0.0
20230531:0930,613.07,742.0,64.93,24.14,4.69,0.0
20230531:1030,655.36,802.55,64.41,25.95,4.9,0.0
20230531:1130,652.05,796.05,58.76,26.08,5.03,0.0
20230531:1230,589.06,717.44,50.2,26.56,4.97,0.0
20230531:1330,369.92,453.17,40.36,26.94,4.62,0.0
20230531:1430,246.35,319.19,30.09,26.3,4.14,0.0
20230531:1530,79.93,133.2,19.83,26.47,3.1,0.0
20230531:1630,23.11,42.31,9.94,25.63,1.86,0.0
20230531:1730,0.27,6.49,0.72,20.92,1.93,0.0
20230531:1830,0.0,0.0,0.0,20.61,2.69,0.0
20230531:1930,0.0,0.0,0.0,21.23,3.38,0.0
20230531:2030,0.0,0.0,0.0,18.26,3.86,0.0
20230531:2130,0.0,0.0,0.0,18.39,3.72,0.0
20230531:2230,0.0,0.0,0.0,16.64,3.03,0.0
20230531:2330,0.0,0.0,0.0,16.51,2.9,0.0
20230601:0030,0.0,0.0,0.0,16.42,3.1,0.0
20230601:0130,0.0,0.0,0.0,16.33,3.31,0.0
20230601:0230,2.49,11.06,2.38,15.04,3.31,0.0
20230601:0330,27.63,46.25,11.73,14.93,3.38,0.0
20230601:0430,117.12,177.08,21.71,14.75,3.52,0.0
20230601:0530,312.8,385.72,31.99,19.8,3.52,0.0
20230601:0630,496.9,591.1,42.23,19.79,3.45,0.0
20230601:0730,635.36,763.62,51.93,19.88,3.03,0.0
20230601:0830,691.43,859.0,60.14,24.0,2.62,0.0
20230601:0930,749.59,946.37,65.06,24.21,2.34,0.0
20230601:1030,713.26,910.04,64.55,25.39,1.79,0.0
20230601:1130,650.47,825.71,58.89,25.55,1.45,0.0
20230601:1230,579.04,729.11,50.32,25.5,1.24,0.0
20230601:1330,426.98,532.85,40.48,25.55,1.17,0.0
20230601:1430,252.35,330.32,30.2,25.55,0.97,0.0
20230601:1530,82.72,144.75,19.95,25.48,0.41,0.0
20230601:1630,22.04,40.87,10.06,25.4,1.24,0.0
20230601:1730,0.45,6.95,0.85,20.89,1.86,0.0
20230601:1830,0.0,0.0,0.0,20.66,2.55,0.0
20230601:1930,0.0,0.0,0.0,21.08,2.9,0.0
20230601:2030,0.0,0.0,0.0,17.54,2.83,0.0
20230601:2130,0.0,0.0,0.0,17.58,2.83,0.0
20230601:2230,0.0,0.0,0.0,15.51,2.34,0.0
20230601:2330,0.0,0.0,0.0,15.62,2.21,0.0
20230602:0030,0.0,0.0,0.0,15.64,2.21,0.0
20230602:0130,0.0,0.0,0.0,15.73,2.0,0.0
20230602:0230,2.66,11.36,2.45,14.33,2.62,0.0
20230602:0330,27.99,46.63,11.8,14.35,1.72,0.0
20230602:0430,116.9,177.71,21.77,14.79,1.52,0.0
20230602:0530,309.5,386.06,32.05,18.89,0.9,0.0
20230602:0630,482.98,594.49,42.3,23.97,1.86,0.0
20230602:0730,623.31,763.79,52.01,23.94,3.03,0.0
20230602:0830,652.99,801.27,60.24,25.29,3.86,0.0
20230602:0930,716.0,880.02,65.18,25.2,4.48,0.0
20230602:1030,729.86,895.56,64.69,25.93,5.17,0.0
20230602:1130,720.49,879.98,59.02,25.57,5.45,0.0
20230602:1230,620.3,750.97,50.45,25.68,5.59,0.0
20230602:1330,460.31,557.8,40.6,25.75,5.66,0.0
20230602:1430,271.87,347.12,30.32,24.85,5.86,0.0
20230602:1530,84.84,146.53,20.07,24.6,5.86,0.0
20230602:1630,22.39,41.12,10.18,24.53,5.1,0.0
20230602:1730,0.58,7.25,0.97,20.27,4.0,0.0
20230602:1830,0.0,0.0,0.0,20.12,3.31,0.0
20230602:1930,0.0,0.0,0.0,20.58,3.31,0.0
20230602:2030,0.0,0.0,0.0,17.76,3.45,0.0
20230602:2130,0.0,0.0,0.0,18.11,3.52,0.0
20230602:2230,0.0,0.0,0.0,16.68,4.0,0.0
20230602:2330,0.0,0.0,0.0,16.95,3.59,0.0
20230603:0030,0.0,0.0,0.0,17.06,3.59,0.0
20230603:0130,0.0,0.0,0.0,17.39,3.52,0.0
20230603:0230,2.61,11.36,2.53,16.69,3.1,0.0
20230603:0330,27.78,46.8,11.87,16.9,2.97,0.0
20230603:0430,112.12,171.84,21.83,16.89,3.31,0.0
20230603:0530,309.35,383.74,32.11,20.83,3.45,0.0
20230603:0630,455.77,546.09,42.36,21.06,2.97,0.0
20230603:0730,540.25,651.49,52.08,21.23,2.28,0.0
20230603:0830,649.71,794.28,60.33,22.8,2.9,0.0
20230603:0930,659.02,800.28,65.3,23.34,4.0,0.0
20230603:1030,614.45,728.31,64.82,21.77,5.79,0.0
20230603:1130,510.91,595.98,59.15,20.23,6.07,0.0
20230603:1230,426.76,498.58,50.56,20.68,6.76,0.0
20230603:1330,403.4,474.86,40.71,20.81,7.17,0.0
20230603:1430,247.69,310.42,30.43,20.87,6.97,0.0
20230603:1530,86.37,140.79,20.18,20.98,6.62,0.0
20230603:1630,22.95,41.29,10.3,21.06,6.28,0.0
20230603:1730,0.61,7.29,1.09,18.17,5.72,0.0
20230603:1830,0.0,0.0,0.0,18.05,5.59,0.0
20230603:1930,0.0,0.0,0.0,17.94,5.59,0.0
20230603:2030,0.0,0.0,0.0,14.21,5.52,0.0
20230603:2130,0.0,0.0,0.0,13.77,5.38,0.0
20230603:2230,0.0,0.0,0.0,11.95,6.55,0.0
20230603:2330,0.0,0.0,0.0,11.58,6.28,0.0
20230604:0030,0.0,0.0,0.0,11.45,6.07,0.0
20230604:0130,0.0,0.0,0.0,11.4,5.93,0.0
20230604:0230,3.08,11.95,2.6,10.23,5.79,0.0
20230604:0330,29.51,47.65,11.92,10.14,6.0,0.0
20230604:0430,123.09,182.93,21.88,11.41,6.21,0.0
20230604:0530,333.58,399.7,32.16,16.09,6.9,0.0
20230604:0630,533.54,612.36,42.41,16.09,7.24,0.0
20230604:0730,694.14,798.67,52.14,16.27,7.1,0.0
20230604:0830,789.93,933.53,60.41,19.39,6.55,0.0
20230604:0930,839.73,1001.97,65.41,19.47,6.07,0.0
20230604:1030,825.04,996.98,64.94,21.95,5.93,0.0
20230604:1130,762.29,919.39,59.27,22.03,5.31,0.0
20230604:1230,648.13,777.13,50.68,22.15,4.76,0.0
20230604:1330,487.1,584.82,40.82,22.32,4.34,0.0
20230604:1430,288.03,365.48,30.54,22.75,4.0,0.0
20230604:1530,89.27,152.53,20.29,22.8,3.66,0.0
20230604:1630,23.73,42.65,10.41,22.86,3.24,0.0
20230604:1730,0.95,8.1,1.21,19.25,1.59,0.0
20230604:1830,0.0,0.0,0.0,18.67,2.55,0.0
20230604:1930,0.0,0.0,0.0,18.15,2.69,0.0
20230604:2030,0.0,0.0,0.0,14.22,2.62,0.0
20230604:2130,0.0,0.0,0.0,13.85,2.41,0.0
20230604:2230,0.0,0.0,0.0,11.49,2.14,0.0
20230604:2330,0.0,0.0,0.0,11.85,2.41,0.0
20230605:0030,0.0,0.0,0.0,12.18,2.55,0.0
20230605:0130,0.0,0.0,0.0,12.23,2.48,0.0
20230605:0230,3.0,11.87,2.66,11.45,2.41,0.0
20230605:0330,29.16,47.52,11.98,11.47,2.9,0.0
20230605:0430,118.96,178.89,21.93,12.68,3.38,0.0
20230605:0530,315.39,388.07,32.21,19.18,3.52,0.0
20230605:0630,505.87,599.81,42.46,19.19,3.59,0.0
20230605:0730,656.03,779.75,52.2,19.24,4.0,0.0
20230605:0830,745.42,908.81,60.49,22.16,4.0,0.0
20230605:0930,791.27,974.24,65.51,22.14,3.72,0.0
20230605:1030,771.25,968.23,65.06,23.37,2.62,0.0
20230605:1130,713.97,892.62,59.39,23.45,2.28,0.0
20230605:1230,609.64,754.08,50.79,23.54,2.0,0.0
20230605:1330,458.77,566.17,40.93,23.63,1.52,0.0
20230605:1430,277.05,357.82,30.64,23.62,1.31,0.0
20230605:1530,86.54,147.97,20.4,23.77,0.97,0.0
20230605:1630,22.85,41.71,10.52,23.95,1.03,0.0
20230605:1730,0.92,8.05,1.32,20.52,1.79,0.0
20230605:1830,0.0,0.0,0.0,19.89,2.21,0.0
20230605:1930,0.0,0.0,0.0,19.5,2.34,0.0
20230605:2030,0.0,0.0,0.0,14.42,2.07,0.0
20230605:2130,0.0,0.0,0.0,14.62,2.21,0.0
20230605:2230,0.0,0.0,0.0,12.1,1.93,0.0
20230605:2330,0.0,0.0,0.0,14.47,1.03,0.0
20230606:0030,0.0,0.0,0.0,14.62,0.48,0.0
20230606:0130,0.0,0.0,0.0,13.55,0.69,0.0
20230606:0230,3.13,12.17,2.71,13.04,1.03,0.0
20230606:0330,28.77,47.18,12.03,11.91,1.03,0.0
20230606:0430,118.62,179.68,21.98,13.63,0.83,0.0
20230606:0530,307.55,388.34,32.25,20.68,0.55,0.0
20230606:0630,456.98,563.77,42.51,20.86,0.41,0.0
20230606:0730,571.9,715.61,52.25,20.81,0.34,0.0
20230606:0830,687.91,882.33,60.56,22.25,0.55,0.0
20230606:0930,732.38,949.14,65.61,24.37,1.03,0.0
20230606:1030,702.9,888.12,65.18,25.38,2.28,0.0
20230606:1130,619.03,765.05,59.5,25.13,2.76,0.0
20230606:1230,516.56,628.53,50.89,24.36,2.97,0.0
20230606:1330,414.03,503.18,41.03,24.08,3.38,0.0
20230606:1430,231.81,298.02,30.74,24.06,3.31,0.0
20230606:1530,91.31,143.87,20.5,23.9,2.97,0.0
20230606:1630,26.95,47.1,10.62,24.21,2.83,0.0
20230606:1730,1.29,8.86,1.43,20.73,2.9,0.0
20230606:1830,0.0,0.0,0.0,20.37,2.48,0.0
20230606:1930,0.0,0.0,0.0,19.85,2.34,0.0
20230606:2030,0.0,0.0,0.0,15.61,2.07,0.0
20230606:2130,0.0,0.0,0.0,16.06,1.72,0.0
20230606:2230,0.0,0.0,0.0,12.92,1.66,0.0
20230606:2330,0.0,0.0,0.0,13.29,1.66,0.0
20230607:0030,0.0,0.0,0.0,12.97,1.86,0.0
20230607:0130,0.0,0.0,0.0,12.61,1.93,0.0
20230607:0230,3.64,13.01,2.76,12.19,1.66,0.0
20230607:0330,32.36,51.76,12.07,13.22,2.34,0.0
20230607:0430,121.58,177.2,22.01,14.42,2.69,0.0
20230607:0530,289.3,360.4,32.29,21.33,2.62,0.0
20230607:0630,482.02,581.09,42.54,21.63,2.9,0.0
20230607:0730,593.38,717.21,52.3,21.76,3.17,0.0
20230607:0830,602.03,742.51,60.63,25.25,3.38,0.0
20230607:0930,512.63,624.84,65.7,24.99,4.07,0.0
20230607:1030,410.46,499.83,65.28,24.82,4.34,0.0
20230607:1130,509.67,617.88,59.6,23.94,4.34,0.0
20230607:1230,536.82,651.09,50.99,24.0,3.86,0.0
20230607:1330,456.47,557.08,41.13,24.33,3.31,0.0
20230607:1430,274.07,350.2,30.84,24.01,2.97,0.0
20230607:1530,90.09,151.46,20.6,24.04,2.62,0.0
20230607:1630,23.56,42.69,10.72,24.37,2.28,0.0
20230607:1730,1.13,8.52,1.53,20.92,1.59,0.0
20230607:1830,0.0,0.0,0.0,21.34,1.86,0.0
20230607:1930,0.0,0.0,0.0,22.76,1.59,0.0
20230607:2030,0.0,0.0,0.0,19.9,0.9,0.0
20230607:2130,0.0,0.0,0.0,18.56,0.34,0.0
20230607:2230,0.0,0.0,0.0,15.55,0.28,0.0
20230607:2330,0.0,0.0,0.0,14.5,1.45,0.0
20230608:0030,0.0,0.0,0.0,15.33,1.86,0.0
20230608:0130,0.0,0.0,0.0,15.72,1.79,0.0
20230608:0230,3.2,12.38,2.81,15.62,1.93,0.0
20230608:0330,28.69,47.82,12.11,16.15,2.14,0.0
20230608:0430,107.67,158.95,22.05,15.66,2.76,0.0
20230608:0530,258.05,321.48,32.32,20.94,3.24,0.0
20230608:0630,456.16,542.43,42.58,20.58,4.14,0.0
20230608:0730,577.79,688.83,52.34,20.63,4.0,0.0
20230608:0830,683.61,835.83,60.69,23.32,3.79,0.0
20230608:0930,728.92,897.54,65.79,23.61,3.86,0.0
20230608:1030,735.63,907.77,65.38,24.9,4.28,0.0
20230608:1130,683.39,844.92,59.71,24.95,3.45,0.0
20230608:1230,570.71,698.86,51.09,24.77,3.17,0.0
20230608:1330,442.62,542.26,41.22,24.71,2.83,0.0
20230608:1430,266.93,344.11,30.93,25.07,2.48,0.0
20230608:1530,92.1,151.41,20.69,25.32,2.48,0.0
20230608:1630,29.02,50.07,10.82,25.59,1.93,0.0
20230608:1730,1.29,8.9,1.63,22.36,1.52,0.0
20230608:1830,0.0,0.0,0.0,21.94,1.66,0.0
20230608:1930,0.0,0.0,0.0,21.65,2.21,0.0
20230608:2030,0.0,0.0,0.0,18.95,2.62,0.0
20230608:2130,0.0,0.0,0.0,19.31,2.76,0.0
20230608:2230,0.0,0.0,0.0,16.84,2.21,0.0
20230608:2330,0.0,0.0,0.0,16.44,2.14,0.0
20230609:0030,0.0,0.0,0.0,16.16,2.21,0.0
20230609:0130,0.0,0.0,0.0,16.14,2.41,0.0
20230609:0230,3.7,13.27,2.85,15.87,3.03,0.0
20230609:0330,31.06,50.66,12.14,15.8,3.72,0.0
20230609:0430,118.37,173.56,22.07,16.53,4.21,0.0
20230609:0530,286.22,355.44,32.34,22.08,4.41,0.0
20230609:0630,461.51,550.39,42.6,21.68,4.62,0.0
20230609:0730,622.52,744.28,52.37,21.77,4.62,0.0
20230609:0830,691.28,850.34,60.74,25.83,4.69,0.0
20230609:0930,730.43,903.24,65.86,26.01,4.76,0.0
20230609:1030,749.94,939.36,65.48,27.6,4.41,0.0
20230609:1130,694.67,865.85,59.8,27.83,4.28,0.0
20230609:1230,594.9,737.69,51.18,28.05,3.86,0.0
20230609:1330,447.28,555.54,41.31,28.26,3.45,0.0
20230609:1430,268.45,350.57,31.02,28.49,3.31,0.0
20230609:1530,85.22,149.33,20.78,28.7,3.38,0.0
20230609:1630,22.8,42.44,10.91,29.04,3.52,0.0
20230609:1730,1.33,9.07,1.72,25.48,2.41,0.0
20230609:1830,0.0,0.0,0.0,24.83,2.21,0.0
20230609:1930,0.0,0.0,0.0,24.54,2.69,0.0
20230609:2030,0.0,0.0,0.0,20.61,2.97,0.0
20230609:2130,0.0,0.0,0.0,20.57,2.62,0.0
20230609:2230,0.0,0.0,0.0,17.62,2.48,0.0
20230609:2330,0.0,0.0,0.0,17.99,3.45,0.0
20230610:0030,0.0,0.0,0.0,18.1,4.07,0.0
20230610:0130,0.0,0.0,0.0,18.52,4.14,0.0
20230610:0230,4.35,14.46,2.88,17.57,4.21,0.0
20230610:0330,34.81,55.53,12.16,17.23,4.48,0.0
20230610:0430,114.54,173.73,22.09,17.18,4.76,0.0
20230610:0530,299.49,373.27,32.36,22.87,5.17,0.0
20230610:0630,482.25,575.14,42.63,22.68,5.45,0.0
20230610:0730,604.3,721.29,52.4,22.94,5.38,0.0
20230610:0830,671.8,826.4,60.78,27.18,5.03,0.0
20230610:0930,640.22,789.19,65.93,27.38,4.69,0.0
20230610:1030,578.69,714.17,65.57,28.68,4.41,0.0
20230610:1130,577.88,714.31,59.89,28.35,4.21,0.0
20230610:1230,443.16,545.05,51.27,28.54,4.21,0.0
20230610:1330,386.05,475.45,41.4,28.06,4.48,0.0
20230610:1430,242.87,316.22,31.11,27.86,4.0,0.0
20230610:1530,81.01,131.18,20.87,27.56,3.17,0.0
20230610:1630,25.42,45.57,11.0,26.91,3.03,0.0
20230610:1730,1.37,9.07,1.81,22.47,3.45,0.0
20230610:1830,0.0,0.0,0.0,22.31,3.59,0.0
20230610:1930,0.0,0.0,0.0,21.68,2.41,0.0
20230610:2030,0.0,0.0,0.0,17.77,1.03,0.0
20230610:2130,0.0,0.0,0.0,17.66,0.48,0.0
20230610:2230,0.0,0.0,0.0,17.78,0.97,0.0
20230610:2330,0.0,0.0,0.0,18.35,2.41,0.0
20230611:0030,0.0,0.0,0.0,18.76,3.17,0.0
20230611:0130,0.0,0.0,0.0,18.91,4.14,0.0
20230611:0230,0.0,4.96,2.91,18.67,4.76,0.0
20230611:0330,24.68,43.16,12.18,18.71,4.97,0.0
20230611:0430,32.86,53.25,22.11,17.89,5.59,0.0
20230611:0530,24.91,43.33,32.38,18.05,6.14,0.0
20230611:0630,59.01,83.74,42.64,16.3,6.69,0.0
20230611:0730,95.46,125.09,52.43,15.96,7.03,0.0
20230611:0830,110.16,141.99,60.82,17.6,6.83,0.0
20230611:0930,190.26,231.03,66.0,17.65,6.97,0.0
20230611:1030,364.97,430.28,65.65,20.05,7.03,0.0
20230611:1130,394.38,464.92,59.98,21.5,7.66,0.0
20230611:1230,328.53,392.7,51.35,22.66,6.34,0.0
20230611:1330,353.02,422.63,41.48,23.28,7.24,0.0
20230611:1430,210.76,268.18,31.19,24.35,7.72,0.0
20230611:1530,67.96,107.81,20.95,21.73,7.1,0.0
20230611:1630,16.42,32.6,11.08,21.06,5.31,0.0
20230611:1730,0.24,6.4,1.9,19.08,5.66,0.0
20230611:1830,0.0,0.0,0.0,19.56,5.59,0.0
20230611:1930,0.0,0.0,0.0,19.8,6.07,0.0
20230611:2030,0.0,0.0,0.0,17.73,6.41,0.0
20230611:2130,0.0,0.0,0.0,17.51,6.41,0.0
20230611:2230,0.0,0.0,0.0,15.9,6.83,0.0
20230611:2330,0.0,0.0,0.0,15.84,6.76,0.0
20230612:0030,0.0,0.0,0.0,15.84,6.69,0.0
20230612:0130,0.0,0.0,0.0,16.01,6.9,0.0
20230612:0230,2.18,10.51,2.93,15.62,7.1,0.0
20230612:0330,29.79,49.01,12.2,15.61,6.83,0.0
20230612:0430,112.21,158.92,22.12,15.76,6.83,0.0
20230612:0530,292.47,354.29,32.39,17.53,7.1,0.0
20230612:0630,377.88,439.37,42.65,18.28,7.93,0.0
20230612:0730,494.79,570.82,52.45,18.72,8.0,0.0
20230612:0830,483.04,560.14,60.86,19.73,8.07,0.0
20230612:0930,367.65,430.41,66.05,19.54,7.86,0.0
20230612:1030,445.71,519.96,65.72,20.29,7.79,0.0
20230612:1130,521.42,607.53,60.06,20.56,8.07,0.0
20230612:1230,445.43,518.8,51.43,20.98,7.93,0.0
20230612:1330,417.66,490.04,41.56,20.44,7.72,0.0
20230612:1430,278.39,345.48,31.27,20.52,7.66,0.0
20230612:1530,91.68,150.71,21.03,20.64,7.66,0.0
20230612:1630,25.46,44.34,11.16,20.02,7.79,0.0
20230612:1730,1.75,9.71,1.98,16.9,7.24,0.0
20230612:1830,0.0,0.0,0.0,16.03,6.55,0.0
20230612:1930,0.0,0.0,0.0,15.46,6.34,0.0
20230612:2030,0.0,0.0,0.0,14.18,6.07,0.0
20230612:2130,0.0,0.0,0.0,14.21,5.86,0.0
20230612:2230,0.0,0.0,0.0,15.0,7.1,0.0
20230612:2330,0.0,0.0,0.0,15.26,7.24,0.0
20230613:0030,0.0,0.0,0.0,15.35,6.83,0.0
20230613:0130,0.0,0.0,0.0,15.39,6.62,0.0
20230613:0230,0.0,5.43,2.94,15.46,6.34,0.0
20230613:0330,11.75,25.52,12.21,15.32,6.0,0.0
20230613:0430,66.74,96.74,22.13,14.9,6.21,0.0
20230613:0530,132.87,168.96,32.39,16.65,6.34,0.0
20230613:0630,170.37,208.38,42.66,16.35,6.14,0.0
20230613:0730,202.88,243.54,52.46,15.81,5.66,0.0
20230613:0830,221.26,265.82,60.88,17.94,5.38,0.0
20230613:0930,325.87,385.56,66.1,19.26,4.9,0.0
20230613:1030,364.26,433.99,65.79,21.65,5.66,0.0
20230613:1130,434.43,515.64,60.13,22.23,5.1,0.0
20230613:1230,340.2,405.59,51.51,22.18,4.55,0.0
20230613:1330,305.99,367.77,41.63,21.6,4.28,0.0
20230613:1430,128.43,168.55,31.34,21.6,3.86,0.0
20230613:1530,55.85,87.5,21.1,20.85,3.31,0.0
20230613:1630,17.03,33.36,11.24,20.38,3.45,0.0
20230613:1730,0.0,5.72,2.05,18.61,3.52,0.0
20230613:1830,0.0,0.0,0.0,18.74,3.45,0.0
20230613:1930,0.0,0.0,0.0,19.07,3.31,0.0
20230613:2030,0.0,0.0,0.0,17.77,3.24,0.0
20230613:2130,0.0,0.0,0.0,18.54,3.1,0.0
20230613:2230,0.0,0.0,0.0,17.32,3.03,0.0
20230613:2330,0.0,0.0,0.0,17.66,3.17,0.0
20230614:0030,0.0,0.0,0.0,17.82,3.38,0.0
20230614:0130,0.0,0.0,0.0,17.68,3.52,0.0
20230614:0230,0.88,7.89,2.96,17.0,3.38,0.0
20230614:0330,19.62,36.37,12.22,17.03,3.59,0.0
20230614:0430,85.08,125.62,22.13,16.76,3.86,0.0
20230614:0530,196.39,245.45,32.39,19.0,4.14,0.0
20230614:0630,435.23,513.51,42.66,19.1,4.28,0.0
20230614:0730,559.48,659.41,52.47,18.88,4.28,0.0
20230614:0830,531.93,636.95,60.9,23.32,4.69,0.0
20230614:0930,507.39,612.76,66.14,23.56,3.59,0.0
20230614:1030,432.29,525.54,65.86,24.64,2.34,0.0
20230614:1130,499.23,609.82,60.2,24.34,2.55,0.0
20230614:1230,383.77,467.5,51.58,24.85,2.83,0.0
20230614:1330,224.97,281.11,41.7,24.86,2.9,0.0
20230614:1430,140.5,184.26,31.41,24.13,2.55,0.0
20230614:1530,77.44,118.13,21.17,24.13,2.48,0.0
20230614:1630,29.72,50.66,11.31,24.14,2.69,0.0
20230614:1730,1.59,9.54,2.13,22.38,1.45,0.0
20230614:1830,0.0,0.0,0.0,22.22,1.86,0.0
20230614:1930,0.0,0.0,0.0,21.43,1.72,0.0
20230614:2030,0.0,0.0,0.0,18.72,1.86,0.0
20230614:2130,0.0,0.0,0.0,18.6,2.0,0.0
20230614:2230,0.0,0.0,0.0,17.58,1.79,0.0
20230614:2330,0.0,0.0,0.0,17.09,2.07,0.0
20230615:0030,0.0,0.0,0.0,17.21,2.14,0.0
20230615:0130,0.0,0.0,0.0,16.98,2.34,0.0
20230615:0230,2.37,10.9,2.96,16.36,2.55,0.0
20230615:0330,27.84,46.8,12.22,16.47,2.9,0.0
20230615:0430,98.44,147.1,22.13,17.15,3.17,0.0
20230615:0530,266.6,334.6,32.39,22.21,2.97,0.0
20230615:0630,431.5,522.8,42.66,22.81,2.9,0.0
20230615:0730,564.56,682.9,52.47,22.94,3.24,0.0
20230615:0830,605.21,743.57,60.92,26.58,4.07,0.0
20230615:0930,663.98,827.51,66.18,27.21,3.59,0.0
20230615:1030,609.38,775.14,65.91,29.09,2.34,0.0
20230615:1130,532.91,669.34,60.27,28.95,2.28,0.0
20230615:1230,461.85,579.6,51.64,28.56,1.66,0.0
20230615:1330,376.12,478.32,41.77,28.46,0.55,0.0
20230615:1430,235.18,311.18,31.48,28.82,0.97,0.0
20230615:1530,87.34,148.91,21.24,28.89,1.93,0.0
20230615:1630,22.19,41.59,11.37,28.8,2.34,0.0
20230615:1730,1.53,9.54,2.19,26.96,2.14,0.0
20230615:1830,0.0,0.0,0.0,24.1,1.66,0.0
20230615:1930,0.0,0.0,0.0,23.49,2.28,0.0
20230615:2030,0.0,0.0,0.0,20.77,1.79,0.0
20230615:2130,0.0,0.0,0.0,19.98,1.79,0.0
20230615:2230,0.0,0.0,0.0,17.65,1.45,0.0
20230615:2330,0.0,0.0,0.0,18.12,1.66,0.0
20230616:0030,0.0,0.0,0.0,18.23,1.66,0.0
20230616:0130,0.0,0.0,0.0,17.84,1.66,0.0
20230616:0230,2.97,12.04,2.96,17.39,1.79,0.0
20230616:0330,27.51,47.31,12.21,21.49,2.62,0.0
20230616:0430,105.63,168.34,22.12,21.9,3.17,0.0
20230616:0530,286.9,363.73,32.38,24.27,3.38,0.0
20230616:0630,463.23,564.11,42.65,24.24,3.17,0.0
20230616:0730,551.97,673.17,52.46,24.01,2.76,0.0
20230616:0830,639.08,800.62,60.92,26.88,2.62,0.0
20230616:0930,643.16,806.41,66.21,26.64,2.48,0.0
20230616:1030,626.82,791.07,65.96,27.31,2.07,0.0
20230616:1130,605.85,760.66,60.33,27.25,2.21,0.0
20230616:1230,514.53,640.89,51.71,27.58,2.14,0.0
20230616:1330,364.2,454.13,41.83,27.5,1.79,0.0
20230616:1430,251.95,328.87,31.54,27.1,2.0,0.0
20230616:1530,77.08,130.13,21.3,27.15,2.97,0.0
20230616:1630,25.63,45.87,11.43,26.99,2.97,0.0
20230616:1730,1.85,10.13,2.25,24.09,2.76,0.0
20230616:1830,0.0,0.0,0.0,23.69,2.55,0.0
20230616:1930,0.0,0.0,0.0,23.26,2.34,0.0
20230616:2030,0.0,0.0,0.0,20.02,2.14,0.0
20230616:2130,0.0,0.0,0.0,19.64,1.86,0.0
20230616:2230,0.0,0.0,0.0,18.64,1.86,0.0
20230616:2330,0.0,0.0,0.0,18.31,1.66,0.0
20230617:0030,0.0,0.0,0.0,19.08,1.66,0.0
20230617:0130,0.0,0.0,0.0,19.07,1.72,0.0
20230617:0230,3.29,12.63,2.95,17.76,1.66,0.0
20230617:0330,27.62,46.89,12.2,18.3,1.93,0.0
20230617:0430,109.36,169.02,22.1,18.52,2.14,0.0
20230617:0530,284.29,362.08,32.36,24.18,2.28,0.0
20230617:0630,385.77,471.6,42.64,24.49,2.69,0.0
20230617:0730,589.29,722.57,52.46,24.59,3.03,0.0
20230617:0830,648.59,820.5,60.93,28.2,2.62,0.0
20230617:0930,678.92,867.69,66.23,27.85,2.07,0.0
20230617:1030,608.92,778.78,66.0,28.66,1.52,0.0
20230617:1130,544.19,689.1,60.38,28.45,1.45,0.0
20230617:1230,533.92,675.11,51.76,28.33,1.52,0.0
20230617:1330,383.43,487.35,41.89,28.95,0.76,0.0
20230617:1430,237.69,315.74,31.6,28.88,0.62,0.0
20230617:1530,81.69,137.97,21.36,29.14,1.17,0.0
20230617:1630,24.71,45.11,11.49,29.19,0.62,0.0
20230617:1730,2.03,10.56,2.31,25.95,0.83,0.0
20230617:1830,0.0,0.0,0.0,24.32,1.24,0.0
20230617:1930,0.0,0.0,0.0,23.59,1.86,0.0
20230617:2030,0.0,0.0,0.0,20.35,2.9,0.0
20230617:2130,0.0,0.0,0.0,21.2,3.03,0.0
20230617:2230,0.0,0.0,0.0,19.99,3.1,0.0
20230617:2330,0.0,0.0,0.0,19.29,2.97,0.0
20230618:0030,0.0,0.0,0.0,19.55,3.17,0.0
20230618:0130,0.0,0.0,0.0,19.83,3.31,0.0
20230618:0230,3.31,12.72,2.94,19.24,3.52,0.0
20230618:0330,27.96,47.44,12.18,19.24,3.86,0.0
20230618:0430,91.5,144.35,22.09,19.42,4.07,0.0
20230618:0530,271.84,344.44,32.34,24.6,4.34,0.0
20230618:0630,466.27,565.77,42.62,24.78,4.14,0.0
20230618:0730,573.93,696.38,52.44,24.82,4.0,0.0
20230618:0830,647.6,807.35,60.92,28.89,4.14,0.0
20230618:0930,741.35,935.31,66.24,28.8,4.14,0.0
20230618:1030,680.27,857.66,66.04,30.13,4.07,0.0
20230618:1130,647.56,814.72,60.43,29.77,3.66,0.0
20230618:1230,527.3,657.8,51.81,29.85,3.24,0.0
20230618:1330,416.15,522.93,41.94,30.37,3.03,0.0
20230618:1430,249.37,330.09,31.65,30.82,2.62,0.0
20230618:1530,76.11,130.26,21.41,30.91,2.07,0.0
20230618:1630,22.83,42.82,11.54,30.8,1.52,0.0
20230618:1730,1.53,9.54,2.36,26.57,1.17,0.0
20230618:1830,0.0,0.0,0.0,26.0,2.0,0.0
20230618:1930,0.0,0.0,0.0,25.74,2.14,0.0
20230618:2030,0.0,0.0,0.0,22.68,0.83,0.0
20230618:2130,0.0,0.0,0.0,24.13,1.52,0.0
20230618:2230,0.0,0.0,0.0,20.21,3.24,0.0
20230618:2330,0.0,0.0,0.0,21.43,2.76,0.0
20230619:0030,0.0,0.0,0.0,21.71,1.79,0.0
20230619:0130,0.0,0.0,0.0,21.78,1.72,0.0
20230619:0230,2.28,10.85,2.93,20.42,2.07,0.0
20230619:0330,26.5,45.83,12.16,20.43,2.55,0.0
20230619:0430,89.79,140.9,22.06,20.42,2.62,0.0
20230619:0530,178.99,230.26,32.32,22.71,2.76,0.0
20230619:0630,335.65,405.47,42.6,22.28,3.31,0.0
20230619:0730,319.7,386.15,52.42,22.73,3.1,0.0
20230619:0830,373.53,455.69,60.91,24.87,2.34,0.0
20230619:0930,620.78,781.62,66.25,25.74,1.79,0.0
20230619:1030,623.31,790.87,66.07,26.07,1.59,0.0
20230619:1130,513.88,644.13,60.47,26.3,1.38,0.0
20230619:1230,486.78,614.45,51.86,26.71,0.9,0.0
20230619:1330,358.24,449.61,41.99,26.97,1.1,0.0
20230619:1430,225.83,294.94,31.7,27.54,2.21,0.0
20230619:1530,98.43,156.72,21.46,28.36,4.34,0.0
20230619:1630,29.41,51.04,11.59,28.2,4.69,0.0
20230619:1730,1.86,10.13,2.4,23.77,4.41,0.0
20230619:1830,0.0,0.0,0.0,22.9,4.28,0.0
20230619:1930,0.0,0.0,0.0,22.84,4.0,0.0
20230619:2030,0.0,0.0,0.0,21.06,3.66,0.0
20230619:2130,0.0,0.0,0.0,21.51,3.38,0.0
20230619:2230,0.0,0.0,0.0,19.85,3.72,0.0
20230619:2330,0.0,0.0,0.0,19.64,3.17,0.0
20230620:0030,0.0,0.0,0.0,19.63,2.69,0.0
20230620:0130,0.0,0.0,0.0,19.43,2.34,0.0
20230620:0230,3.21,12.51,2.9,18.38,2.07,0.0
20230620:0330,31.97,52.31,12.14,18.29,2.41,0.0
20230620:0430,105.59,166.4,22.04,18.56,2.97,0.0
20230620:0530,286.28,361.06,32.29,23.41,3.59,0.0
20230620:0630,462.87,559.65,42.57,23.48,3.72,0.0
20230620:0730,613.92,744.71,52.4,23.43,3.72,0.0
20230620:0830,680.11,836.96,60.9,24.84,3.66,0.0
20230620:0930,743.36,936.22,66.25,26.65,3.31,0.0
20230620:1030,727.76,940.72,66.09,28.88,2.28,0.0
20230620:1130,682.82,881.32,60.51,28.86,1.86,0.0
20230620:1230,589.62,751.99,51.9,28.81,1.66,0.0
20230620:1330,433.62,545.06,42.03,28.69,2.07,0.0
20230620:1430,264.1,342.73,31.75,28.07,3.52,0.0
20230620:1530,90.59,151.98,21.5,27.34,4.41,0.0
20230620:1630,27.22,47.95,11.63,27.12,4.9,0.0
20230620:1730,1.75,9.92,2.44,23.86,4.34,0.0
20230620:1830,0.0,0.0,0.0,24.32,3.93,0.0
20230620:1930,0.0,0.0,0.0,25.02,4.14,0.0
20230620:2030,0.0,0.0,0.0,21.85,4.14,0.0
20230620:2130,0.0,0.0,0.0,21.78,3.66,0.0
20230620:2230,0.0,0.0,0.0,20.13,3.31,0.0
20230620:2330,0.0,0.0,0.0,20.18,2.9,0.0
20230621:0030,0.0,0.0,0.0,20.39,2.9,0.0
20230621:0130,0.0,0.0,0.0,20.36,2.41,0.0
20230621:0230,3.55,13.18,2.88,20.1,2.28,0.0
20230621:0330,26.58,45.83,12.11,19.87,2.62,0.0
20230621:0430,96.11,148.53,22.0,19.98,3.59,0.0
20230621:0530,196.08,248.47,32.26,22.56,4.41,0.0
20230621:0630,420.34,503.82,42.53,22.62,4.62,0.0
20230621:0730,340.44,408.24,52.37,23.62,4.48,0.0
20230621:0830,483.63,591.23,60.88,26.64,3.38,0.0
20230621:0930,434.12,536.9,66.25,27.0,2.14,0.0
20230621:1030,606.39,757.17,66.11,25.74,2.41,0.0
20230621:1130,587.44,749.06,60.54,26.83,1.03,0.0
20230621:1230,469.26,596.97,51.94,26.6,0.21,0.0
20230621:1330,330.97,416.34,42.07,26.85,0.76,0.0
20230621:1430,235.04,305.51,31.79,26.57,1.38,0.0
20230621:1530,87.87,144.8,21.54,26.94,1.31,0.0
20230621:1630,27.53,48.2,11.67,25.91,1.66,0.0
20230621:1730,1.52,9.41,2.48,22.77,2.0,0.0
20230621:1830,0.0,0.0,0.0,22.48,1.79,0.0
20230621:1930,0.0,0.0,0.0,22.69,2.28,0.0
20230621:2030,0.0,0.0,0.0,19.83,2.34,0.0
20230621:2130,0.0,0.0,0.0,19.7,2.34,0.0
20230621:2230,0.0,0.0,0.0,19.42,2.14,0.0
20230621:2330,0.0,0.0,0.0,19.29,2.28,0.0
20230622:0030,0.0,0.0,0.0,19.16,2.34,0.0
20230622:0130,0.0,0.0,0.0,19.13,2.28,0.0
20230622:0230,2.99,12.12,2.84,18.43,1.93,0.0
20230622:0330,27.17,46.34,12.07,18.4,1.72,0.0
20230622:0430,103.22,163.84,21.97,18.7,2.41,0.0
20230622:0530,282.13,361.48,32.22,24.32,1.72,0.0
20230622:0630,453.62,563.68,42.5,24.26,1.03,0.0
20230622:0730,592.82,740.73,52.33,24.03,1.31,0.0
20230622:0830,670.4,859.95,60.85,27.77,1.72,0.0
20230622:0930,628.73,792.97,66.24,27.54,2.28,0.0
20230622:1030,692.42,884.87,66.12,28.44,2.41,0.0
20230622:1130,578.48,725.55,60.56,28.61,2.55,0.0
20230622:1230,562.76,702.75,51.97,28.36,2.83,0.0
20230622:1330,452.49,563.08,42.11,28.48,3.17,0.0
20230622:1430,280.22,364.8,31.82,28.76,3.52,0.0
20230622:1530,89.49,150.52,21.58,28.95,3.79,0.0
20230622:1630,21.07,40.02,11.7,28.67,3.38,0.0
20230622:1730,2.15,10.77,2.51,25.42,2.62,0.0
20230622:1830,0.0,0.0,0.0,24.6,2.07,0.0
20230622:1930,0.0,0.0,0.0,24.76,2.21,0.0
20230622:2030,0.0,0.0,0.0,21.26,2.21,0.0
20230622:2130,0.0,0.0,0.0,20.88,2.14,0.0
20230622:2230,0.0,0.0,0.0,19.15,2.62,0.0
20230622:2330,0.0,0.0,0.0,19.12,2.41,0.0
20230623:0030,0.0,0.0,0.0,18.79,2.14,0.0
20230623:0130,0.0,0.0,0.0,18.51,1.86,0.0
20230623:0230,2.99,12.08,2.81,17.48,1.79,0.0
20230623:0330,27.13,46.25,12.03,18.21,1.93,0.0
20230623:0430,104.03,165.71,21.93,18.69,2.0,0.0
20230623:0530,287.28,367.68,32.18,24.87,2.41,0.0
20230623:0630,466.69,571.46,42.46,24.84,2.9,0.0
20230623:0730,612.86,751.34,52.3,24.66,3.24,0.0
20230623:0830,706.65,890.09,60.81,28.59,3.72,0.0
20230623:0930,761.64,959.54,66.22,28.59,4.41,0.0
20230623:1030,761.79,959.39,66.12,30.22,5.38,0.0
20230623:1130,702.17,874.13,60.58,30.05,5.79,0.0
20230623:1230,612.07,753.29,52.0,29.6,6.07,0.0
20230623:1330,451.37,555.02,42.14,29.3,6.07,0.0
20230623:1430,281.09,361.51,31.85,28.06,6.07,0.0
20230623:1530,93.07,158.39,21.61,27.89,6.07,0.0
20230623:1630,24.98,45.11,11.73,27.76,5.86,0.0
20230623:1730,2.2,10.81,2.53,23.89,5.38,0.0
20230623:1830,0.0,0.0,0.0,24.25,5.1,0.0
20230623:1930,0.0,0.0,0.0,24.67,4.97,0.0
20230623:2030,0.0,0.0,0.0,21.94,4.76,0.0
20230623:2130,0.0,0.0,0.0,22.07,4.41,0.0
20230623:2230,0.0,0.0,0.0,20.43,4.28,0.0
20230623:2330,0.0,0.0,0.0,20.59,4.0,0.0
20230624:0030,0.0,0.0,0.0,20.53,4.0,0.0
20230624:0130,0.0,0.0,0.0,20.52,4.0,0.0
20230624:0230,2.78,11.79,2.76,19.81,3.86,0.0
20230624:0330,26.87,46.21,11.99,20.06,3.72,0.0
20230624:0430,101.83,163.37,21.88,20.35,4.14,0.0
20230624:0530,285.67,362.85,32.13,25.11,4.69,0.0
20230624:0630,465.34,562.84,42.41,24.95,4.9,0.0
20230624:0730,610.06,737.32,52.25,24.8,4.97,0.0
20230624:0830,692.8,864.45,60.78,29.47,4.97,0.0
20230624:0930,720.73,899.7,66.19,29.26,5.17,0.0
20230624:1030,731.45,916.35,66.12,31.14,6.21,0.0
20230624:1130,663.5,821.69,60.59,30.78,6.48,0.0
20230624:1230,576.78,709.95,52.02,30.64,6.55,0.0
20230624:1330,438.91,541.11,42.16,30.69,7.03,0.0
20230624:1430,274.77,354.43,31.88,29.03,7.24,0.0
20230624:1530,95.65,160.06,21.63,29.4,7.52,0.0
20230624:1630,25.77,46.51,11.75,29.68,5.24,0.0
20230624:1730,1.65,9.79,2.55,26.7,4.14,0.0
20230624:1830,0.0,0.0,0.0,26.8,3.38,0.0
20230624:1930,0.0,0.0,0.0,26.44,3.03,0.0
20230624:2030,0.0,0.0,0.0,24.96,3.31,0.0
20230624:2130,0.0,0.0,0.0,24.06,3.24,0.0
20230624:2230,0.0,0.0,0.0,22.16,1.86,0.0
20230624:2330,0.0,0.0,0.0,21.98,2.14,0.0
20230625:0030,0.0,0.0,0.0,21.94,2.62,0.0
20230625:0130,0.0,0.0,0.0,22.04,2.21,0.0
20230625:0230,3.03,12.29,2.72,21.06,1.86,0.0
20230625:0330,27.65,47.48,11.94,21.35,2.28,0.0
20230625:0430,98.44,159.28,21.83,21.71,2.62,0.0
20230625:0530,273.75,350.72,32.08,25.33,2.97,0.0
20230625:0630,453.64,556.46,42.36,25.43,2.97,0.0
20230625:0730,588.93,723.83,52.2,25.56,3.17,0.0
20230625:0830,638.37,808.15,60.73,29.42,2.9,0.0
20230625:0930,707.62,913.83,66.16,29.74,2.41,0.0
20230625:1030,706.61,912.83,66.11,30.95,2.83,0.0
20230625:1130,646.79,829.65,60.6,30.83,2.62,0.0
20230625:1230,542.29,689.64,52.04,30.64,2.21,0.0
20230625:1330,416.93,530.28,42.18,30.17,1.52,0.0
20230625:1430,218.47,288.39,31.9,29.72,1.24,0.0
20230625:1530,93.73,145.94,21.65,28.56,3.1,0.0
20230625:1630,29.89,52.06,11.77,29.87,2.76,0.0
20230625:1730,2.38,11.28,2.56,27.04,2.97,0.0
20230625:1830,0.0,0.0,0.0,26.88,2.97,0.0
20230625:1930,0.0,0.0,0.0,26.22,3.31,0.0
20230625:2030,0.0,0.0,0.0,23.63,4.14,0.0
20230625:2130,0.0,0.0,0.0,23.12,4.76,0.0
20230625:2230,0.0,0.0,0.0,22.81,5.24,0.0
20230625:2330,0.0,0.0,0.0,22.15,5.38,0.0
20230626:0030,0.0,0.0,0.0,21.57,5.24,0.0
20230626:0130,0.0,0.0,0.0,21.37,4.9,0.0
20230626:0230,3.25,12.68,2.66,20.66,4.34,0.0
20230626:0330,27.23,46.72,11.88,20.32,3.93,0.0
20230626:0430,90.25,130.12,21.77,20.07,3.52,0.0
20230626:0530,223.37,279.32,32.02,20.98,4.21,0.0
20230626:0630,357.91,427.45,42.3,21.24,4.76,0.0
20230626:0730,386.53,456.32,52.15,20.82,4.97,0.0
20230626:0830,408.39,485.96,60.68,22.98,5.1,0.0
20230626:0930,413.64,492.18,66.12,22.38,5.03,0.0
20230626:1030,290.65,354.43,66.09,24.97,5.1,0.0
20230626:1130,302.27,366.03,60.6,24.23,4.21,0.0
20230626:1230,342.42,414.62,52.05,25.18,3.72,0.0
20230626:1330,339.34,417.34,42.2,26.47,3.86,0.0
20230626:1430,254.89,329.76,31.91,27.91,4.41,0.0
20230626:1530,84.06,140.67,21.67,27.97,4.41,0.0
20230626:1630,22.13,41.33,11.78,27.97,4.48,0.0
20230626:1730,2.31,11.06,2.57,24.82,3.31,0.0
20230626:1830,0.0,0.0,0.0,24.51,3.1,0.0
20230626:1930,0.0,0.0,0.0,23.95,3.31,0.0
20230626:2030,0.0,0.0,0.0,20.27,3.03,0.0
20230626:2130,0.0,0.0,0.0,20.07,2.55,0.0
20230626:2230,0.0,0.0,0.0,17.39,2.62,0.0
20230626:2330,0.0,0.0,0.0,17.4,2.41,0.0
20230627:0030,0.0,0.0,0.0,17.39,2.28,0.0
20230627:0130,0.0,0.0,0.0,17.34,2.41,0.0
20230627:0230,2.73,11.57,2.61,16.5,2.34,0.0
20230627:0330,26.86,45.57,11.83,16.43,2.62,0.0
20230627:0430,103.84,165.25,21.71,16.87,3.17,0.0
20230627:0530,293.81,371.15,31.97,23.01,3.52,0.0
20230627:0630,476.58,575.4,42.25,23.43,4.0,0.0
20230627:0730,606.04,729.17,52.09,23.67,4.76,0.0
20230627:0830,651.5,801.24,60.63,27.87,5.1,0.0
20230627:0930,709.0,877.01,66.07,27.75,5.17,0.0
20230627:1030,701.86,881.28,66.06,29.88,4.62,0.0
20230627:1130,614.66,765.99,60.6,30.05,4.41,0.0
20230627:1230,572.31,709.8,52.05,29.84,4.62,0.0
20230627:1330,435.24,541.53,42.21,30.29,4.55,0.0
20230627:1430,248.55,324.26,31.93,30.35,4.62,0.0
20230627:1530,92.57,155.16,21.68,30.34,4.55,0.0
20230627:1630,25.02,45.61,11.79,30.27,4.9,0.0
20230627:1730,2.35,11.19,2.57,26.13,4.62,0.0
20230627:1830,0.0,0.0,0.0,24.82,4.48,0.0
20230627:1930,0.0,0.0,0.0,25.79,4.34,0.0
20230627:2030,0.0,0.0,0.0,22.65,4.48,0.0
20230627:2130,0.0,0.0,0.0,22.71,4.83,0.0
20230627:2230,0.0,0.0,0.0,21.95,5.31,0.0
20230627:2330,0.0,0.0,0.0,21.86,6.07,0.0
20230628:0030,0.0,0.0,0.0,21.68,5.45,0.0
20230628:0130,0.0,0.0,0.0,21.2,3.93,0.0
20230628:0230,2.46,11.19,2.54,19.92,4.21,0.0
20230628:0330,23.45,41.76,11.76,19.82,4.97,0.0
20230628:0430,98.66,157.47,21.65,19.91,5.31,0.0
20230628:0530,255.43,318.67,31.9,21.14,5.79,0.0
20230628:0630,359.02,425.15,42.18,21.2,6.14,0.0
20230628:0730,355.82,418.85,52.03,21.45,6.28,0.0
20230628:0830,440.83,516.21,60.56,21.17,5.93,0.0
20230628:0930,477.53,559.3,66.02,20.6,5.1,0.0
20230628:1030,330.17,389.68,66.03,20.27,5.38,0.0
20230628:1130,199.42,244.94,60.59,19.79,3.93,0.0
20230628:1230,251.58,302.23,52.05,18.75,2.83,0.0
20230628:1330,142.14,179.63,42.21,18.94,2.14,0.0
20230628:1430,21.7,39.28,31.93,18.18,1.66,0.0
20230628:1530,28.75,48.24,21.68,18.08,2.69,0.0
20230628:1630,10.26,23.7,11.79,18.59,3.38,0.0
20230628:1730,0.0,5.47,2.57,17.31,3.52,0.0
20230628:1830,0.0,0.0,0.0,17.08,3.59,0.0
20230628:1930,0.0,0.0,0.0,17.2,3.86,0.0
20230628:2030,0.0,0.0,0.0,15.96,4.14,0.0
20230628:2130,0.0,0.0,0.0,16.16,4.34,0.0
20230628:2230,0.0,0.0,0.0,14.74,4.28,0.0
20230628:2330,0.0,0.0,0.0,14.58,4.14,0.0
20230629:0030,0.0,0.0,0.0,14.52,3.93,0.0
20230629:0130,0.0,0.0,0.0,14.5,4.07,0.0
20230629:0230,2.86,11.7,2.48,13.72,4.21,0.0
20230629:0330,37.59,58.16,11.69,13.95,4.41,0.0
20230629:0430,109.66,162.34,21.58,13.98,5.03,0.0
20230629:0530,296.63,364.11,31.83,17.89,4.76,0.0
20230629:0630,440.52,517.42,42.12,18.46,4.76,0.0
20230629:0730,646.54,760.2,51.96,18.84,5.03,0.0
20230629:0830,714.19,848.27,60.5,20.39,5.45,0.0
20230629:0930,669.85,799.63,65.96,22.99,5.93,0.0
20230629:1030,703.52,845.24,65.99,24.13,6.21,0.0
20230629:1130,522.31,622.15,60.57,24.74,6.55,0.0
20230629:1230,436.13,517.77,52.05,24.3,6.9,0.0
20230629:1330,358.21,431.3,42.21,24.32,5.93,0.0
20230629:1430,228.53,290.01,31.93,24.16,5.86,0.0
20230629:1530,75.26,119.1,21.68,24.43,6.48,0.0
20230629:1630,22.71,41.5,11.79,24.3,5.52,0.0
20230629:1730,1.76,9.88,2.56,21.9,4.76,0.0
20230629:1830,0.0,0.0,0.0,21.93,4.21,0.0
20230629:1930,0.0,0.0,0.0,21.16,4.69,0.0
20230629:2030,0.0,0.0,0.0,19.04,5.1,0.0
20230629:2130,0.0,0.0,0.0,18.89,5.17,0.0
20230629:2230,0.0,0.0,0.0,17.86,5.66,0.0
20230629:2330,0.0,0.0,0.0,17.76,5.31,0.0
20230630:0030,0.0,0.0,0.0,17.49,4.9,0.0
20230630:0130,0.0,0.0,0.0,17.33,4.69,0.0
20230630:0230,2.25,10.68,2.4,16.9,5.03,0.0
20230630:0330,26.59,45.28,11.62,16.91,4.9,0.0
20230630:0430,100.2,159.37,21.51,16.99,5.1,0.0
20230630:0530,288.52,359.32,31.76,21.32,5.79,0.0
20230630:0630,468.59,554.48,42.04,21.39,5.93,0.0
20230630:0730,593.72,700.52,51.89,21.52,5.93,0.0
20230630:0830,703.2,856.31,60.43,25.96,5.79,0.0
20230630:0930,664.92,806.35,65.9,26.01,6.0,0.0
20230630:1030,570.11,693.73,65.95,27.52,5.24,0.0
20230630:1130,619.79,756.64,60.55,27.34,5.52,0.0
20230630:1230,487.53,591.68,52.04,27.79,5.79,0.0
20230630:1330,410.42,500.4,42.21,27.76,6.14,0.0
20230630:1430,245.46,315.46,31.93,27.23,5.93,0.0
20230630:1530,82.28,132.2,21.68,27.31,5.59,0.0
20230630:1630,18.54,36.33,11.78,27.31,5.66,0.0
20230630:1730,1.81,10.05,2.55,24.44,4.21,0.0
20230630:1830,0.0,0.0,0.0,24.78,3.31,0.0
20230630:1930,0.0,0.0,0.0,24.37,2.97,0.0
20230630:2030,0.0,0.0,0.0,20.87,3.24,0.0
20230630:2130,0.0,0.0,0.0,20.84,3.45,0.0
20230630:2230,0.0,0.0,0.0,18.96,3.45,0.0
20230630:2330,0.0,0.0,0.0,18.96,3.17,0.0
20230701:0030,0.0,0.0,0.0,18.68,3.03,0.0
20230701:0130,0.0,0.0,0.0,18.57,2.76,0.0
20230701:0230,2.1,10.43,2.33,18.16,2.62,0.0
20230701:0330,25.68,44.3,11.55,17.8,3.24,0.0
20230701:0430,99.23,159.79,21.44,17.83,3.31,0.0
20230701:0530,284.16,362.35,31.69,23.97,2.83,0.0
20230701:0630,451.96,553.87,41.97,24.21,2.34,0.0
20230701:0730,600.5,744.11,51.81,24.39,2.07,0.0
20230701:0830,654.16,833.51,60.35,28.32,2.14,0.0
20230701:0930,718.52,917.87,65.83,28.27,2.69,0.0
20230701:1030,687.6,876.7,65.9,30.25,3.17,0.0
20230701:1130,558.46,692.96,60.52,30.13,4.21,0.0
20230701:1230,546.95,673.62,52.02,29.6,4.97,0.0
20230701:1330,355.27,439.41,42.2,29.94,5.38,0.0
20230701:1430,233.47,302.21,31.92,28.66,5.66,0.0
20230701:1530,83.91,136.63,21.67,28.06,5.93,0.0
20230701:1630,26.46,47.06,11.76,27.76,5.72,0.0
20230701:1730,2.27,10.98,2.53,24.51,5.31,0.0
20230701:1830,0.0,0.0,0.0,24.77,5.03,0.0
20230701:1930,0.0,0.0,0.0,24.92,4.62,0.0
20230701:2030,0.0,0.0,0.0,22.0,4.48,0.0
20230701:2130,0.0,0.0,0.0,22.11,4.48,0.0
20230701:2230,0.0,0.0,0.0,20.55,4.55,0.0
20230701:2330,0.0,0.0,0.0,20.53,4.34,0.0
20230702:0030,0.0,0.0,0.0,20.52,4.0,0.0
20230702:0130,0.0,0.0,0.0,20.4,3.66,0.0
20230702:0230,1.71,9.71,2.25,19.55,3.66,0.0
20230702:0330,25.3,44.13,11.47,19.64,3.66,0.0
20230702:0430,98.62,161.74,21.36,19.88,3.72,0.0
20230702:0530,291.7,370.94,31.61,24.67,4.41,0.0
20230702:0630,475.59,574.12,41.89,24.62,5.1,0.0
20230702:0730,623.67,750.58,51.73,24.46,5.52,0.0
20230702:0830,720.33,889.13,60.27,28.25,5.93,0.0
20230702:0930,790.44,976.61,65.75,27.64,6.41,0.0
20230702:1030,758.71,938.15,65.84,28.9,7.03,0.0
20230702:1130,694.0,850.14,60.48,28.53,7.31,0.0
20230702:1230,569.01,690.47,52.0,28.25,7.45,0.0
20230702:1330,438.02,532.73,42.18,27.71,7.24,0.0
20230702:1430,264.6,334.97,31.91,26.1,7.03,0.0
20230702:1530,101.45,159.05,21.65,25.95,6.97,0.0
20230702:1630,31.56,53.29,11.74,25.88,6.9,0.0
20230702:1730,2.73,11.79,2.5,22.49,6.0,0.0
20230702:1830,0.0,0.0,0.0,22.94,5.59,0.0
20230702:1930,0.0,0.0,0.0,23.4,5.31,0.0
20230702:2030,0.0,0.0,0.0,20.76,4.48,0.0
20230702:2130,0.0,0.0,0.0,20.93,3.93,0.0
20230702:2230,0.0,0.0,0.0,19.57,3.45,0.0
20230702:2330,0.0,0.0,0.0,19.64,3.03,0.0
20230703:0030,0.0,0.0,0.0,19.95,3.03,0.0
20230703:0130,0.0,0.0,0.0,20.05,2.97,0.0
20230703:0230,1.81,9.92,2.16,19.92,2.97,0.0
20230703:0330,21.47,39.21,11.38,19.91,2.97,0.0
20230703:0430,95.55,151.18,21.28,20.08,3.93,0.0
20230703:0530,262.63,333.91,31.53,23.78,3.52,0.0
20230703:0630,355.34,431.11,41.81,23.7,3.24,0.0
20230703:0730,499.96,605.16,51.65,23.66,2.97,0.0
20230703:0830,589.21,729.36,60.18,27.1,3.31,0.0
20230703:0930,639.87,789.69,65.67,26.76,3.93,0.0
20230703:1030,674.61,841.73,65.77,27.36,3.79,0.0
20230703:1130,605.04,747.18,60.44,27.85,4.21,0.0
20230703:1230,580.36,707.68,51.97,26.79,4.83,0.0
20230703:1330,397.72,484.88,42.16,26.63,5.03,0.0
20230703:1430,254.42,321.1,31.89,23.88,4.9,0.0
20230703:1530,95.3,149.68,21.63,24.0,4.41,0.0
20230703:1630,24.48,43.83,11.72,24.16,4.21,0.0
20230703:1730,2.08,10.56,2.47,22.78,3.66,0.0
20230703:1830,0.0,0.0,0.0,23.04,2.21,0.0
20230703:1930,0.0,0.0,0.0,22.91,1.79,0.0
20230703:2030,0.0,0.0,0.0,20.75,0.69,0.0
20230703:2130,0.0,0.0,0.0,20.88,0.69,0.0
20230703:2230,0.0,0.0,0.0,18.85,0.69,0.0
20230703:2330,0.0,0.0,0.0,19.2,1.38,0.0
20230704:0030,0.0,0.0,0.0,18.7,1.52,0.0
20230704:0130,0.0,0.0,0.0,18.74,2.0,0.0
20230704:0230,1.61,9.45,2.07,17.93,2.14,0.0
20230704:0330,24.95,43.54,11.29,18.59,2.14,0.0
20230704:0430,94.39,153.31,21.19,18.98,2.34,0.0
20230704:0530,274.22,351.43,31.44,24.04,2.14,0.0
20230704:0630,429.55,527.74,41.72,23.92,1.93,0.0
20230704:0730,573.51,714.15,51.56,23.83,1.38,0.0
20230704:0830,663.91,864.95,60.09,27.99,0.97,0.0
20230704:0930,696.45,904.29,65.58,27.83,1.38,0.0
20230704:1030,720.52,944.26,65.7,29.96,1.79,0.0
20230704:1130,649.14,836.03,60.39,30.06,2.0,0.0
20230704:1230,595.0,756.85,51.94,29.85,2.28,0.0
20230704:1330,426.51,536.58,42.14,30.17,2.62,0.0
20230704:1430,276.69,362.81,31.87,30.15,2.76,0.0
20230704:1530,94.35,159.48,21.6,30.33,3.03,0.0
20230704:1630,23.92,44.17,11.69,30.3,3.17,0.0
20230704:1730,2.55,11.62,2.43,27.07,3.17,0.0
20230704:1830,0.0,0.0,0.0,26.46,2.55,0.0
20230704:1930,0.0,0.0,0.0,25.91,1.86,0.0
20230704:2030,0.0,0.0,0.0,21.4,1.59,0.0
20230704:2130,0.0,0.0,0.0,21.51,1.59,0.0
20230704:2230,0.0,0.0,0.0,19.92,1.79,0.0
20230704:2330,0.0,0.0,0.0,19.88,1.59,0.0
20230705:0030,0.0,0.0,0.0,20.03,1.52,0.0
20230705:0130,0.0,0.0,0.0,20.2,1.86,0.0
20230705:0230,1.61,9.5,1.97,19.56,1.93,0.0
20230705:0330,24.19,42.82,11.2,20.21,2.34,0.0
20230705:0430,94.45,156.16,21.1,20.99,2.55,0.0
20230705:0530,274.46,356.69,31.35,27.33,2.62,0.0
20230705:0630,448.81,557.13,41.63,27.34,2.69,0.0
20230705:0730,577.49,718.48,51.46,27.19,2.69,0.0
20230705:0830,642.38,826.07,59.99,31.47,2.55,0.0
20230705:0930,699.31,907.11,65.48,31.04,2.48,0.0
20230705:1030,691.71,903.06,65.62,32.45,2.48,0.0
20230705:1130,606.67,783.42,60.33,32.29,2.14,0.0
20230705:1230,518.8,660.3,51.9,31.9,2.21,0.0
20230705:1330,428.8,545.08,42.11,31.86,2.34,0.0
20230705:1430,252.21,335.44,31.84,32.08,2.21,0.0
20230705:1530,94.5,160.32,21.57,29.83,1.93,0.0
20230705:1630,21.81,41.33,11.65,30.34,2.0,0.0
20230705:1730,1.87,10.34,2.39,29.83,2.34,0.0
20230705:1830,0.0,0.0,0.0,28.91,2.34,0.0
20230705:1930,0.0,0.0,0.0,28.98,2.48,0.0
20230705:2030,0.0,0.0,0.0,24.97,2.76,0.0
20230705:2130,0.0,0.0,0.0,25.42,2.97,0.0
20230705:2230,0.0,0.0,0.0,23.46,3.31,0.0
20230705:2330,0.0,0.0,0.0,23.49,3.24,0.0
20230706:0030,0.0,0.0,0.0,23.43,3.1,0.0
20230706:0130,0.0,0.0,0.0,23.45,2.97,0.0
20230706:0230,1.34,9.03,1.87,22.88,2.9,0.0
20230706:0330,23.39,42.22,11.1,22.99,3.24,0.0
20230706:0430,92.08,153.6,21.0,22.94,3.59,0.0
20230706:0530,271.5,352.74,31.26,28.08,3.66,0.0
20230706:0630,449.87,556.13,41.53,27.72,3.52,0.0
20230706:0730,586.35,726.36,51.37,27.33,3.31,0.0
20230706:0830,670.5,863.09,59.89,32.46,3.24,0.0
20230706:0930,711.69,921.66,65.38,32.43,3.31,0.0
20230706:1030,693.95,907.66,65.53,33.56,2.9,0.0
20230706:1130,580.43,748.95,60.27,34.01,2.83,0.0
20230706:1230,513.9,659.09,51.86,33.82,2.76,0.0
20230706:1330,380.13,487.62,42.07,34.36,2.9,0.0
20230706:1430,257.02,340.55,31.8,33.33,2.97,0.0
20230706:1530,98.08,158.88,21.54,33.68,2.69,0.0
20230706:1630,28.31,50.79,11.61,33.8,2.34,0.0
20230706:1730,2.96,12.51,2.34,29.67,1.45,0.0
20230706:1830,0.0,0.0,0.0,29.33,1.79,0.0
20230706:1930,0.0,0.0,0.0,29.23,2.0,0.0
20230706:2030,0.0,0.0,0.0,25.71,2.62,0.0
20230706:2130,0.0,0.0,0.0,25.78,2.55,0.0
20230706:2230,0.0,0.0,0.0,23.67,2.41,0.0
20230706:2330,0.0,0.0,0.0,23.48,3.03,0.0
20230707:0030,0.0,0.0,0.0,23.39,3.31,0.0
20230707:0130,0.0,0.0,0.0,23.26,3.38,0.0
20230707:0230,1.19,8.69,1.77,22.53,3.52,0.0
20230707:0330,23.7,42.56,11.0,22.66,4.07,0.0
20230707:0430,91.24,152.79,20.91,23.18,4.14,0.0
20230707:0530,271.45,351.22,31.16,27.58,4.21,0.0
20230707:0630,449.18,552.54,41.44,27.52,4.14,0.0
20230707:0730,592.15,730.49,51.26,27.54,3.93,0.0
20230707:0830,660.09,838.68,59.78,31.64,3.86,0.0
20230707:0930,721.66,924.06,65.27,31.9,4.07,0.0
20230707:1030,624.56,784.1,65.44,31.32,4.55,0.0
20230707:1130,547.59,692.01,60.2,32.7,3.66,0.0
20230707:1230,503.07,649.52,51.81,34.5,2.28,0.0
20230707:1330,225.49,290.83,42.03,33.43,4.97,0.0
20230707:1430,196.53,251.93,31.76,26.02,7.45,0.0
20230707:1530,101.09,152.38,21.49,26.4,6.97,0.0
20230707:1630,37.25,60.75,11.56,26.78,6.07,0.0
20230707:1730,2.43,11.28,2.28,24.43,7.59,0.0
20230707:1830,0.0,0.0,0.0,23.33,7.24,0.0
20230707:1930,0.0,0.0,0.0,23.03,6.9,0.0
20230707:2030,0.0,0.0,0.0,21.84,5.72,0.0
20230707:2130,0.0,0.0,0.0,21.62,4.21,0.0
20230707:2230,0.0,0.0,0.0,20.4,5.79,0.0
20230707:2330,0.0,0.0,0.0,20.42,6.97,0.0
20230708:0030,0.0,0.0,0.0,20.19,6.83,0.0
20230708:0130,0.0,0.0,0.0,19.77,6.28,0.0
20230708:0230,0.93,8.05,1.66,19.92,6.21,0.0
20230708:0330,21.29,38.96,10.9,19.97,6.14,0.0
20230708:0430,89.69,141.36,20.8,20.26,7.1,0.0
20230708:0530,221.46,277.91,31.06,21.99,7.38,0.0
20230708:0630,229.02,279.9,41.34,22.6,7.17,0.0
20230708:0730,283.19,341.73,51.16,22.86,7.31,0.0
20230708:0830,402.61,479.84,59.67,24.04,7.31,0.0
20230708:0930,531.49,634.28,65.15,24.05,7.31,0.0
20230708:1030,547.09,652.64,65.34,25.75,8.9,0.0
20230708:1130,572.35,680.38,60.13,25.98,9.38,0.0
20230708:1230,393.98,467.35,51.75,25.38,10.14,0.0
20230708:1330,308.42,371.2,41.98,24.73,10.14,0.0
20230708:1430,86.87,119.84,31.72,23.51,10.07,0.0
20230708:1530,71.31,110.62,21.45,22.39,9.93,0.0
20230708:1630,26.78,46.42,11.51,22.25,9.72,0.0
20230708:1730,1.0,8.22,2.22,20.63,9.31,0.0
20230708:1830,0.0,0.0,0.0,20.59,9.31,0.0
20230708:1930,0.0,0.0,0.0,20.9,8.9,0.0
20230708:2030,0.0,0.0,0.0,19.47,8.34,0.0
20230708:2130,0.0,0.0,0.0,19.3,8.14,0.0
20230708:2230,0.0,0.0,0.0,19.06,7.93,0.0
20230708:2330,0.0,0.0,0.0,19.2,8.14,0.0
20230709:0030,0.0,0.0,0.0,19.35,7.93,0.0
20230709:0130,0.0,0.0,0.0,19.45,7.86,0.0
20230709:0230,0.0,4.15,1.55,19.26,7.93,0.0
20230709:0330,15.35,30.9,10.79,19.29,8.14,0.0
20230709:0430,38.2,60.07,20.7,19.28,7.79,0.0
20230709:0530,89.11,120.96,30.96,20.85,8.97,0.0
20230709:0630,394.37,461.95,41.23,20.8,9.79,0.0
20230709:0730,372.24,434.11,51.05,20.91,10.07,0.0
20230709:0830,578.83,683.6,59.55,24.21,10.0,0.0
20230709:0930,763.56,911.28,65.03,24.95,10.0,0.0
20230709:1030,705.21,850.0,65.24,27.65,9.45,0.0
20230709:1130,589.3,706.66,60.05,27.59,9.66,0.0
20230709:1230,522.47,626.34,51.69,27.57,9.17,0.0
20230709:1330,378.34,458.02,41.93,27.19,9.03,0.0
20230709:1430,252.82,319.32,31.67,26.92,8.97,0.0
20230709:1530,112.13,161.95,21.39,26.84,8.76,0.0
20230709:1630,31.7,53.63,11.45,26.65,7.38,0.0
20230709:1730,1.86,10.13,2.16,23.89,6.14,0.0
20230709:1830,0.0,0.0,0.0,24.13,5.52,0.0
20230709:1930,0.0,0.0,0.0,24.06,4.48,0.0
20230709:2030,0.0,0.0,0.0,20.23,4.07,0.0
20230709:2130,0.0,0.0,0.0,20.06,4.14,0.0
20230709:2230,0.0,0.0,0.0,18.21,4.97,0.0
20230709:2330,0.0,0.0,0.0,18.08,4.48,0.0
20230710:0030,0.0,0.0,0.0,17.97,3.93,0.0
20230710:0130,0.0,0.0,0.0,17.8,4.14,0.0
20230710:0230,0.94,8.01,1.44,17.06,4.0,0.0
20230710:0330,22.33,39.89,10.68,17.07,4.34,0.0
20230710:0430,92.04,150.19,20.59,17.45,4.62,0.0
20230710:0530,265.37,336.14,30.85,23.01,4.55,0.0
20230710:0630,415.85,499.05,41.12,23.26,4.69,0.0
20230710:0730,571.63,683.19,50.94,23.55,5.17,0.0
20230710:0830,563.83,683.51,59.43,26.9,5.59,0.0
20230710:0930,618.18,755.73,64.91,27.32,5.52,0.0
20230710:1030,581.42,709.82,65.12,28.86,6.07,0.0
20230710:1130,596.13,729.55,59.96,28.89,6.41,0.0
20230710:1230,535.7,650.97,51.62,28.79,6.55,0.0
20230710:1330,394.33,481.99,41.87,28.71,6.48,0.0
20230710:1430,271.25,347.28,31.61,27.92,6.41,0.0
20230710:1530,83.93,140.28,21.34,28.31,5.86,0.0
20230710:1630,19.87,38.28,11.39,28.15,5.52,0.0
20230710:1730,0.77,7.8,2.08,25.1,4.34,0.0
20230710:1830,0.0,0.0,0.0,25.08,3.38,0.0
20230710:1930,0.0,0.0,0.0,24.68,3.24,0.0
20230710:2030,0.0,0.0,0.0,20.61,3.59,0.0
20230710:2130,0.0,0.0,0.0,20.41,3.52,0.0
20230710:2230,0.0,0.0,0.0,18.89,3.86,0.0
20230710:2330,0.0,0.0,0.0,18.54,4.0,0.0
20230711:0030,0.0,0.0,0.0,18.63,4.07,0.0
20230711:0130,0.0,0.0,0.0,18.37,3.86,0.0
20230711:0230,0.59,7.21,1.32,16.86,3.72,0.0
20230711:0330,23.25,41.04,10.57,16.81,3.93,0.0
20230711:0430,93.43,153.01,20.48,17.53,4.28,0.0
20230711:0530,282.55,356.85,30.74,22.63,4.28,0.0
20230711:0630,472.09,568.58,41.01,22.89,4.0,0.0
20230711:0730,624.74,753.8,50.82,23.07,4.21,0.0
20230711:0830,694.9,860.81,59.3,27.01,4.34,0.0
20230711:0930,748.97,933.31,64.77,27.16,4.55,0.0
20230711:1030,713.03,890.36,65.0,28.82,4.76,0.0
20230711:1130,643.0,797.77,59.87,28.78,4.55,0.0
20230711:1230,594.44,729.69,51.54,27.72,4.83,0.0
20230711:1330,353.65,435.7,41.8,28.34,4.9,0.0
20230711:1430,176.29,228.57,31.55,27.07,5.24,0.0
20230711:1530,81.4,123.3,21.27,26.62,3.86,0.0
20230711:1630,28.3,49.3,11.32,26.54,2.34,0.0
20230711:1730,0.57,7.29,2.01,23.62,1.72,0.0
20230711:1830,0.0,0.0,0.0,23.72,2.28,0.0
20230711:1930,0.0,0.0,0.0,23.68,3.45,0.0
20230711:2030,0.0,0.0,0.0,21.13,3.17,0.0
20230711:2130,0.0,0.0,0.0,20.67,2.14,0.0
20230711:2230,0.0,0.0,0.0,18.3,2.69,0.0
20230711:2330,0.0,0.0,0.0,18.51,2.48,0.0
20230712:0030,0.0,0.0,0.0,18.23,2.9,0.0
20230712:0130,0.0,0.0,0.0,17.92,2.97,0.0
20230712:0230,0.51,7.04,1.19,17.16,3.03,0.0
20230712:0330,23.11,40.91,10.45,17.12,3.52,0.0
20230712:0430,92.45,150.93,20.37,16.95,3.93,0.0
20230712:0530,283.68,355.27,30.63,20.68,4.07,0.0
20230712:0630,471.69,562.9,40.9,21.04,4.0,0.0
20230712:0730,624.86,751.2,50.7,21.35,3.59,0.0
20230712:0830,704.23,873.24,59.17,25.18,3.45,0.0
20230712:0930,722.98,898.18,64.64,25.5,3.59,0.0
20230712:1030,695.47,869.69,64.88,27.1,3.45,0.0
20230712:1130,701.39,880.51,59.77,27.21,3.31,0.0
20230712:1230,600.25,744.7,51.46,27.55,3.45,0.0
20230712:1330,472.56,581.26,41.73,27.61,4.21,0.0
20230712:1430,268.52,346.45,31.48,28.22,4.07,0.0
20230712:1530,99.66,163.94,21.2,27.94,4.07,0.0
20230712:1630,23.0,42.52,11.24,27.94,3.52,0.0
20230712:1730,1.35,9.16,1.92,27.16,1.66,0.0
20230712:1830,0.0,0.0,0.0,26.15,1.38,0.0
20230712:1930,0.0,0.0,0.0,24.01,2.69,0.0
20230712:2030,0.0,0.0,0.0,21.19,3.38,0.0
20230712:2130,0.0,0.0,0.0,21.09,3.86,0.0
20230712:2230,0.0,0.0,0.0,20.28,4.07,0.0
20230712:2330,0.0,0.0,0.0,20.31,3.93,0.0
20230713:0030,0.0,0.0,0.0,20.61,4.62,0.0
20230713:0130,0.0,0.0,0.0,20.85,4.9,0.0
20230713:0230,0.34,6.7,1.06,21.61,4.69,0.0
20230713:0330,19.13,36.37,10.33,21.84,4.97,0.0
20230713:0430,48.68,80.15,20.25,21.48,5.59,0.0
20230713:0530,160.16,209.46,30.51,24.46,6.97,0.0
20230713:0630,347.92,417.8,40.78,24.57,8.0,0.0
20230713:0730,440.05,522.69,50.57,24.61,7.79,0.0
20230713:0830,364.69,442.28,59.04,28.12,7.17,0.0
20230713:0930,446.51,540.16,64.49,28.35,6.97,0.0
20230713:1030,591.75,720.21,64.74,29.48,8.0,0.0
20230713:1130,583.49,713.99,59.66,29.96,7.17,0.0
20230713:1230,451.14,550.32,51.38,29.94,6.55,0.0
20230713:1330,406.34,497.24,41.66,29.34,7.17,0.0
20230713:1430,248.38,318.8,31.41,28.3,7.45,0.0
20230713:1530,91.02,148.72,21.13,27.55,7.52,0.0
20230713:1630,25.07,45.15,11.16,27.43,6.97,0.0
20230713:1730,1.26,8.9,1.83,24.33,6.28,0.0
20230713:1830,0.0,0.0,0.0,24.7,6.14,0.0
20230713:1930,0.0,0.0,0.0,25.01,5.72,0.0
20230713:2030,0.0,0.0,0.0,22.91,5.52,0.0
20230713:2130,0.0,0.0,0.0,23.16,5.1,0.0
20230713:2230,0.0,0.0,0.0,23.35,5.45,0.0
20230713:2330,0.0,0.0,0.0,23.17,3.93,0.0
20230714:0030,0.0,0.0,0.0,22.91,4.07,0.0
20230714:0130,0.0,0.0,0.0,22.69,4.69,0.0
20230714:0230,0.32,6.66,0.93,22.26,4.69,0.0
20230714:0330,21.36,39.47,10.2,22.72,4.83,0.0
20230714:0430,83.52,141.34,20.13,23.51,4.97,0.0
20230714:0530,250.05,320.35,30.39,26.57,6.14,0.0
20230714:0630,413.55,501.68,40.66,26.27,6.28,0.0
20230714:0730,534.63,644.69,50.45,26.36,6.69,0.0
20230714:0830,593.88,723.19,58.9,28.08,7.24,0.0
20230714:0930,713.38,874.64,64.34,28.48,7.24,0.0
20230714:1030,691.64,847.32,64.61,29.74,8.34,0.0
20230714:1130,638.61,778.16,59.55,29.55,8.0,0.0
20230714:1230,510.7,618.86,51.29,29.26,7.93,0.0
20230714:1330,435.79,531.6,41.57,28.92,7.45,0.0
20230714:1430,280.1,359.13,31.33,28.91,7.03,0.0
20230714:1530,97.92,162.61,21.05,29.02,6.83,0.0
20230714:1630,22.33,41.76,11.08,29.02,6.48,0.0
20230714:1730,1.05,8.48,1.74,26.3,5.24,0.0
20230714:1830,0.0,0.0,0.0,26.01,4.0,0.0
20230714:1930,0.0,0.0,0.0,25.43,3.52,0.0
20230714:2030,0.0,0.0,0.0,22.01,3.38,0.0
20230714:2130,0.0,0.0,0.0,21.85,3.52,0.0
20230714:2230,0.0,0.0,0.0,19.97,4.0,0.0
20230714:2330,0.0,0.0,0.0,19.8,3.86,0.0
20230715:0030,0.0,0.0,0.0,19.9,3.52,0.0
20230715:0130,0.0,0.0,0.0,19.76,3.45,0.0
20230715:0230,0.25,6.4,0.8,18.47,3.24,0.0
20230715:0330,21.58,39.13,10.07,18.4,3.66,0.0
20230715:0430,88.73,146.93,20.0,18.68,4.28,0.0
20230715:0530,273.28,347.7,30.27,23.98,4.48,0.0
20230715:0630,459.25,555.65,40.53,24.25,4.28,0.0
20230715:0730,608.25,738.84,50.32,24.37,4.0,0.0
20230715:0830,690.72,868.97,58.75,28.34,3.52,0.0
20230715:0930,737.17,940.89,64.19,28.37,2.97,0.0
20230715:1030,708.56,909.53,64.46,30.42,3.03,0.0
20230715:1130,652.56,831.7,59.43,30.52,2.9,0.0
20230715:1230,573.57,724.23,51.19,30.56,2.97,0.0
20230715:1330,413.34,518.3,41.49,30.65,3.1,0.0
20230715:1430,278.06,363.37,31.24,30.35,3.1,0.0
20230715:1530,91.35,153.22,20.96,30.47,3.38,0.0
20230715:1630,22.71,42.52,10.99,30.28,3.38,0.0
20230715:1730,1.16,8.73,1.64,27.05,2.48,0.0
20230715:1830,0.0,0.0,0.0,26.17,1.86,0.0
20230715:1930,0.0,0.0,0.0,25.63,2.21,0.0
20230715:2030,0.0,0.0,0.0,20.93,1.66,0.0
20230715:2130,0.0,0.0,0.0,21.49,1.24,0.0
20230715:2230,0.0,0.0,0.0,20.41,1.86,0.0
20230715:2330,0.0,0.0,0.0,19.79,1.86,0.0
20230716:0030,0.0,0.0,0.0,19.28,1.79,0.0
20230716:0130,0.0,0.0,0.0,19.11,1.59,0.0
20230716:0230,0.12,6.06,0.66,18.34,1.79,0.0
20230716:0330,21.14,38.62,9.94,18.68,2.21,0.0
20230716:0430,88.13,146.96,19.88,19.05,2.48,0.0
20230716:0530,271.01,350.17,30.15,25.17,2.21,0.0
20230716:0630,450.18,556.92,40.41,25.16,1.86,0.0
20230716:0730,590.64,739.03,50.18,24.99,1.52,0.0
20230716:0830,671.1,873.82,58.61,28.96,1.31,0.0
20230716:0930,708.83,934.16,64.03,29.05,1.17,0.0
20230716:1030,621.84,809.38,64.31,30.5,1.31,0.0
20230716:1130,516.03,651.91,59.3,29.94,2.14,0.0
20230716:1230,450.96,560.85,51.08,29.4,3.31,0.0
20230716:1330,352.83,437.1,41.39,28.95,4.07,0.0
20230716:1430,242.49,313.56,31.16,28.64,4.14,0.0
20230716:1530,94.67,152.56,20.87,28.85,4.21,0.0
20230716:1630,21.56,40.74,10.89,29.06,4.41,0.0
20230716:1730,0.89,8.1,1.53,25.91,4.21,0.0
20230716:1830,0.0,0.0,0.0,25.9,3.66,0.0
20230716:1930,0.0,0.0,0.0,26.21,3.45,0.0
20230716:2030,0.0,0.0,0.0,22.54,3.24,0.0
20230716:2130,0.0,0.0,0.0,22.45,3.03,0.0
20230716:2230,0.0,0.0,0.0,21.01,2.9,0.0
20230716:2330,0.0,0.0,0.0,21.08,2.41,0.0
20230717:0030,0.0,0.0,0.0,21.24,2.0,0.0
20230717:0130,0.0,0.0,0.0,20.98,1.79,0.0
20230717:0230,0.0,5.72,0.52,19.96,1.72,0.0
20230717:0330,20.01,37.35,9.81,20.16,1.59,0.0
20230717:0430,81.37,137.17,19.75,20.45,0.97,0.0
20230717:0530,241.71,317.64,30.02,26.78,0.76,0.0
20230717:0630,432.92,541.98,40.28,27.22,1.66,0.0
20230717:0730,582.48,727.49,50.04,27.4,2.55,0.0
20230717:0830,648.1,813.51,58.45,28.57,3.38,0.0
20230717:0930,708.99,903.73,63.86,31.63,4.21,0.0
20230717:1030,652.02,818.56,64.15,31.61,4.97,0.0
20230717:1130,615.49,764.24,59.17,30.88,5.45,0.0
20230717:1230,496.1,610.98,50.97,30.67,5.86,0.0
20230717:1330,408.16,503.12,41.29,30.1,6.14,0.0
20230717:1430,264.78,341.81,31.06,29.82,6.28,0.0
20230717:1530,96.99,161.44,20.77,30.02,6.28,0.0
20230717:1630,21.23,40.4,10.78,29.84,5.72,0.0
20230717:1730,0.72,7.72,1.42,26.09,4.9,0.0
20230717:1830,0.0,0.0,0.0,26.48,4.48,0.0
20230717:1930,0.0,0.0,0.0,26.87,4.28,0.0
20230717:2030,0.0,0.0,0.0,23.57,4.28,0.0
20230717:2130,0.0,0.0,0.0,24.06,4.14,0.0
20230717:2230,0.0,0.0,0.0,22.34,4.48,0.0
20230717:2330,0.0,0.0,0.0,22.52,4.34,0.0
20230718:0030,0.0,0.0,0.0,22.62,4.21,0.0
20230718:0130,0.0,0.0,0.0,22.72,4.07,0.0
20230718:0230,0.0,5.43,0.37,21.84,3.66,0.0
20230718:0330,19.5,36.88,9.67,21.88,3.66,0.0
20230718:0430,85.36,144.72,19.61,21.85,3.93,0.0
20230718:0530,269.13,346.74,29.89,26.19,4.21,0.0
20230718:0630,451.54,551.74,40.14,26.46,4.41,0.0
20230718:0730,599.57,731.29,49.9,26.68,4.9,0.0
20230718:0830,534.87,657.02,58.3,30.24,5.66,0.0
20230718:0930,470.68,579.07,63.69,30.63,5.93,0.0
20230718:1030,519.59,639.91,63.98,31.63,6.41,0.0
20230718:1130,413.52,511.06,59.03,31.99,5.38,0.0
20230718:1230,276.56,347.99,50.86,32.39,5.24,0.0
20230718:1330,251.14,320.16,41.19,33.12,5.03,0.0
20230718:1430,119.32,163.39,30.96,30.05,4.55,0.0
20230718:1530,61.68,100.29,20.67,29.3,4.69,0.0
20230718:1630,19.29,37.81,10.67,30.39,4.69,0.0
20230718:1730,0.29,6.66,1.3,27.99,4.41,0.0
20230718:1830,0.0,0.0,0.0,28.04,3.59,0.0
20230718:1930,0.0,0.0,0.0,27.96,3.59,0.0
20230718:2030,0.0,0.0,0.0,24.58,3.93,0.0
20230718:2130,0.0,0.0,0.0,24.51,4.14,0.0
20230718:2230,0.0,0.0,0.0,23.36,3.72,0.0
20230718:2330,0.0,0.0,0.0,22.98,3.31,0.0
20230719:0030,0.0,0.0,0.0,22.72,3.17,0.0
20230719:0130,0.0,0.0,0.0,22.45,3.03,0.0
20230719:0230,0.0,5.0,0.22,20.7,3.1,0.0
20230719:0330,19.38,36.54,9.53,20.58,3.1,0.0
20230719:0430,84.17,137.6,19.48,20.63,3.24,0.0
20230719:0530,252.34,324.24,29.75,24.46,3.17,0.0
20230719:0630,342.28,420.05,40.01,24.74,2.48,0.0
20230719:0730,490.3,605.95,49.76,24.45,1.66,0.0
20230719:0830,526.43,668.22,58.14,28.09,1.03,0.0
20230719:0930,623.02,800.71,63.51,27.83,1.24,0.0
20230719:1030,677.36,869.28,63.81,28.57,2.0,0.0
20230719:1130,619.54,781.55,58.89,28.79,2.62,0.0
20230719:1230,503.38,624.39,50.73,28.86,3.03,0.0
20230719:1330,383.55,476.06,41.08,28.84,3.31,0.0
20230719:1430,155.98,207.44,30.85,28.54,3.86,0.0
20230719:1530,84.85,138.04,20.56,27.45,4.14,0.0
20230719:1630,21.76,40.78,10.56,27.68,4.55,0.0
20230719:1730,0.49,7.12,1.17,24.56,4.28,0.0
20230719:1830,0.0,0.0,0.0,25.03,3.79,0.0
20230719:1930,0.0,0.0,0.0,25.5,3.72,0.0
20230719:2030,0.0,0.0,0.0,23.1,3.59,0.0
20230719:2130,0.0,0.0,0.0,23.5,3.45,0.0
20230719:2230,0.0,0.0,0.0,22.33,4.55,0.0
20230719:2330,0.0,0.0,0.0,22.5,3.79,0.0
20230720:0030,0.0,0.0,0.0,22.27,3.24,0.0
20230720:0130,0.0,0.0,0.0,21.73,2.9,0.0
20230720:0230,0.0,3.56,0.07,21.43,3.31,0.0
20230720:0330,15.54,31.41,9.38,21.18,4.34,0.0
20230720:0430,69.25,116.29,19.34,21.03,5.17,0.0
20230720:0530,216.56,275.63,29.62,23.07,5.72,0.0
20230720:0630,393.59,469.81,39.87,22.73,5.93,0.0
20230720:0730,429.27,509.76,49.61,22.72,5.1,0.0
20230720:0830,512.22,618.31,57.97,24.96,4.21,0.0
20230720:0930,516.3,626.43,63.33,25.0,3.52,0.0
20230720:1030,419.32,510.74,63.64,28.34,5.24,0.0
20230720:1130,491.79,595.68,58.74,26.8,5.31,0.0
20230720:1230,183.04,231.86,50.6,26.67,6.0,0.0
20230720:1330,148.13,190.34,40.96,25.59,6.48,0.0
20230720:1430,176.04,227.33,30.74,26.17,6.0,0.0
20230720:1530,100.29,149.86,20.45,26.56,3.79,0.0
20230720:1630,22.93,42.31,10.44,27.16,2.69,0.0
20230720:1730,0.39,6.87,1.04,24.97,2.14,0.0
20230720:1830,0.0,0.0,0.0,25.17,2.28,0.0
20230720:1930,0.0,0.0,0.0,25.22,2.28,0.0
20230720:2030,0.0,0.0,0.0,23.39,1.93,0.0
20230720:2130,0.0,0.0,0.0,23.45,3.24,0.0
20230720:2230,0.0,0.0,0.0,23.0,4.28,0.0
20230720:2330,0.0,0.0,0.0,22.64,4.21,0.0
20230721:0030,0.0,0.0,0.0,22.18,3.72,0.0
20230721:0130,0.0,0.0,0.0,21.78,4.21,0.0
20230721:0230,0.0,0.0,-0.08,19.81,4.55,0.0
20230721:0330,18.45,35.19,9.24,19.78,4.62,0.0
20230721:0430,78.35,132.76,19.2,19.79,4.97,0.0
20230721:0530,254.24,321.85,29.48,22.73,5.45,0.0
20230721:0630,458.09,548.67,39.73,22.81,4.83,0.0
20230721:0730,610.4,733.89,49.46,22.9,4.34,0.0
20230721:0830,704.67,873.35,57.8,25.99,3.86,0.0
20230721:0930,762.62,956.56,63.14,26.06,3.59,0.0
20230721:1030,752.45,960.27,63.45,28.58,3.24,0.0
20230721:1130,704.76,895.48,58.58,28.71,3.03,0.0
20230721:1230,611.54,772.14,50.47,28.82,2.55,0.0
20230721:1330,465.56,584.39,40.84,28.9,2.28,0.0
20230721:1430,285.75,372.81,30.62,29.21,2.14,0.0
20230721:1530,98.32,164.82,20.33,29.05,1.45,0.0
20230721:1630,20.72,39.64,10.31,28.87,0.34,0.0
20230721:1730,0.3,6.66,0.9,25.54,1.24,0.0
20230721:1830,0.0,0.0,0.0,24.13,2.07,0.0
20230721:1930,0.0,0.0,0.0,23.5,2.07,0.0
20230721:2030,0.0,0.0,0.0,20.48,1.93,0.0
20230721:2130,0.0,0.0,0.0,20.56,2.21,0.0
20230721:2230,0.0,0.0,0.0,19.56,2.28,0.0
20230721:2330,0.0,0.0,0.0,19.67,1.93,0.0
20230722:0030,0.0,0.0,0.0,19.93,2.14,0.0
20230722:0130,0.0,0.0,0.0,19.75,1.93,0.0
20230722:0230,0.0,0.0,-0.24,19.67,2.48,0.0
20230722:0330,20.3,37.73,9.09,20.3,3.38,0.0
20230722:0430,82.67,140.24,19.06,20.84,4.83,0.0
20230722:0530,267.47,340.86,29.34,24.76,5.86,0.0
20230722:0630,431.9,518.01,39.58,24.53,6.48,0.0
20230722:0730,210.19,259.99,49.3,24.62,6.83,0.0
20230722:0830,400.6,478.83,57.63,25.61,6.55,0.0
20230722:0930,475.38,565.25,62.95,25.19,7.1,0.0
20230722:1030,571.81,691.47,63.26,27.29,7.38,0.0
20230722:1130,556.85,671.27,58.41,28.01,7.86,0.0
20230722:1230,544.56,655.98,50.33,27.35,7.45,0.0
20230722:1330,379.88,461.61,40.71,27.29,6.69,0.0
20230722:1430,258.08,330.1,30.5,27.9,5.66,0.0
20230722:1530,78.94,130.29,20.2,28.06,5.38,0.0
20230722:1630,12.59,27.98,10.18,27.96,5.17,0.0
20230722:1730,0.0,5.51,0.76,24.66,3.52,0.0
20230722:1830,0.0,0.0,0.0,24.81,2.0,0.0
20230722:1930,0.0,0.0,0.0,24.74,1.45,0.0
20230722:2030,0.0,0.0,0.0,21.4,2.69,0.0
20230722:2130,0.0,0.0,0.0,21.7,3.79,0.0
20230722:2230,0.0,0.0,0.0,20.67,4.34,0.0
20230722:2330,0.0,0.0,0.0,20.33,3.72,0.0
20230723:0030,0.0,0.0,0.0,20.14,2.76,0.0
20230723:0130,0.0,0.0,0.0,19.78,2.34,0.0
20230723:0230,0.0,0.0,-0.4,18.63,2.55,0.0
20230723:0330,25.23,43.88,8.94,18.65,3.17,0.0
20230723:0430,85.06,140.29,18.91,18.84,3.38,0.0
20230723:0530,257.29,326.27,29.2,22.58,3.59,0.0
20230723:0630,416.43,501.01,39.44,22.74,3.93,0.0
20230723:0730,535.28,641.7,49.15,22.55,4.14,0.0
20230723:0830,335.9,405.77,57.45,24.1,3.93,0.0
20230723:0930,505.51,614.07,62.75,24.27,3.45,0.0
20230723:1030,271.2,332.53,63.07,25.68,3.79,0.0
20230723:1130,118.16,157.12,58.24,26.17,3.03,0.0
20230723:1230,84.54,118.18,50.18,25.97,2.62,0.0
20230723:1330,101.22,137.52,40.58,26.01,2.34,0.0
20230723:1430,96.39,133.74,30.37,27.68,2.14,0.0
20230723:1530,90.89,128.87,20.07,27.94,2.14,0.0
20230723:1630,24.53,44.6,10.04,27.94,1.93,0.0
20230723:1730,0.03,5.89,0.61,23.86,0.97,0.0
20230723:1830,0.0,0.0,0.0,24.26,1.31,0.0
20230723:1930,0.0,0.0,0.0,23.73,1.79,0.0
20230723:2030,0.0,0.0,0.0,19.89,1.86,0.0
20230723:2130,0.0,0.0,0.0,20.11,1.86,0.0
20230723:2230,0.0,0.0,0.0,18.48,1.66,0.0
20230723:2330,0.0,0.0,0.0,17.96,2.14,0.0
20230724:0030,0.0,0.0,0.0,18.08,1.79,0.0
20230724:0130,0.0,0.0,0.0,18.75,1.93,0.0
20230724:0230,0.0,0.0,-0.57,17.86,1.79,0.0
20230724:0330,18.21,34.64,8.78,17.84,1.93,0.0
20230724:0430,84.01,140.37,18.77,17.66,2.41,0.0
20230724:0530,270.59,347.4,29.05,23.49,2.0,0.0
20230724:0630,451.6,555.34,39.29,23.7,1.72,0.0
20230724:0730,598.46,743.34,48.98,24.19,1.79,0.0
20230724:0830,685.31,881.96,57.27,28.53,1.93,0.0
20230724:0930,738.0,956.34,62.55,28.58,2.14,0.0
20230724:1030,732.75,963.51,62.87,30.8,2.0,0.0
20230724:1130,646.54,831.05,58.07,31.16,2.48,0.0
20230724:1230,545.36,687.35,50.03,30.93,3.1,0.0
20230724:1330,405.86,505.62,40.44,30.13,4.07,0.0
20230724:1430,227.41,294.08,30.23,29.0,5.45,0.0
20230724:1530,97.34,149.8,19.93,28.2,5.93,0.0
20230724:1630,20.9,39.68,9.9,28.1,5.66,0.0
20230724:1730,0.0,5.0,0.46,24.75,5.17,0.0
20230724:1830,0.0,0.0,0.0,25.33,4.76,0.0
20230724:1930,0.0,0.0,0.0,25.87,4.48,0.0
20230724:2030,0.0,0.0,0.0,23.06,4.28,0.0
20230724:2130,0.0,0.0,0.0,23.16,4.21,0.0
20230724:2230,0.0,0.0,0.0,21.73,4.28,0.0
20230724:2330,0.0,0.0,0.0,21.63,4.21,0.0
20230725:0030,0.0,0.0,0.0,21.61,4.07,0.0
20230725:0130,0.0,0.0,0.0,21.65,3.93,0.0
20230725:0230,0.0,0.0,-0.73,21.11,4.07,0.0
20230725:0330,17.63,34.25,8.63,21.1,4.28,0.0
20230725:0430,80.98,137.46,18.62,21.17,4.83,0.0
20230725:0530,262.07,336.27,28.9,25.82,5.38,0.0
20230725:0630,448.57,540.8,39.14,25.4,6.14,0.0
20230725:0730,604.16,722.05,48.82,24.94,6.9,0.0
20230725:0830,697.72,856.4,57.08,29.24,7.17,0.0
20230725:0930,752.63,923.8,62.34,28.86,7.72,0.0
20230725:1030,755.43,927.1,62.66,29.73,8.69,0.0
20230725:1130,668.27,812.17,57.88,29.55,9.31,0.0
20230725:1230,613.12,740.55,49.87,29.04,9.59,0.0
20230725:1330,338.53,415.45,40.29,29.61,9.45,0.0
20230725:1430,240.99,306.89,30.09,27.85,9.03,0.0
20230725:1530,96.46,156.56,19.79,27.98,8.76,0.0
20230725:1630,19.57,37.86,9.75,28.25,8.9,0.0
20230725:1730,0.0,4.96,0.3,24.51,8.07,0.0
20230725:1830,0.0,0.0,0.0,24.88,7.79,0.0
20230725:1930,0.0,0.0,0.0,25.35,7.38,0.0
20230725:2030,0.0,0.0,0.0,23.13,7.52,0.0
20230725:2130,0.0,0.0,0.0,23.36,7.31,0.0
20230725:2230,0.0,0.0,0.0,22.32,6.28,0.0
20230725:2330,0.0,0.0,0.0,22.52,5.93,0.0
20230726:0030,0.0,0.0,0.0,22.74,5.93,0.0
20230726:0130,0.0,0.0,0.0,23.06,6.55,0.0
20230726:0230,0.0,0.0,-0.9,22.95,6.97,0.0
20230726:0330,17.18,33.87,8.47,23.05,6.97,0.0
20230726:0430,79.19,136.38,18.46,23.12,7.17,0.0
20230726:0530,264.03,337.01,28.75,26.01,8.55,0.0
20230726:0630,416.14,498.12,38.98,25.51,8.97,0.0
20230726:0730,606.01,717.84,48.65,24.81,9.03,0.0
20230726:0830,697.6,839.98,56.9,27.42,9.52,0.0
20230726:0930,769.27,926.29,62.13,26.91,10.0,0.0
20230726:1030,738.93,894.82,62.45,28.38,9.86,0.0
20230726:1130,731.72,883.17,57.69,27.93,9.79,0.0
20230726:1230,628.67,754.46,49.7,27.84,9.72,0.0
20230726:1330,470.44,566.03,40.14,27.64,9.79,0.0
20230726:1430,282.03,356.01,29.95,26.77,9.45,0.0
20230726:1530,99.58,159.87,19.64,27.26,8.83,0.0
20230726:1630,30.45,52.14,9.6,27.28,8.07,0.0
20230726:1730,0.0,5.81,0.14,23.12,6.69,0.0
20230726:1830,0.0,0.0,0.0,23.35,6.34,0.0
20230726:1930,0.0,0.0,0.0,23.77,5.72,0.0
20230726:2030,0.0,0.0,0.0,22.02,4.97,0.0
20230726:2130,0.0,0.0,0.0,22.47,4.0,0.0
20230726:2230,0.0,0.0,0.0,21.47,4.28,0.0
20230726:2330,0.0,0.0,0.0,21.52,4.0,0.0
20230727:0030,0.0,0.0,0.0,21.58,2.9,0.0
20230727:0130,0.0,0.0,0.0,21.74,1.86,0.0
20230727:0230,0.0,0.0,-1.07,21.37,1.66,0.0
20230727:0330,3.31,12.8,8.31,21.22,1.72,0.0
20230727:0430,25.56,44.86,18.31,20.65,3.72,0.0
20230727:0530,70.92,100.49,28.6,21.6,4.48,0.0
20230727:0630,313.68,375.89,38.83,21.48,4.83,0.0
20230727:0730,484.45,571.61,48.48,21.43,5.52,0.0
20230727:0830,378.47,451.17,56.7,22.56,5.52,0.0
20230727:0930,314.8,378.14,61.91,21.75,4.55,0.0
20230727:1030,377.95,451.82,62.23,22.12,5.52,0.0
20230727:1130,429.78,509.81,57.5,21.69,6.48,0.0
20230727:1230,317.46,379.48,49.53,21.74,6.83,0.0
20230727:1330,123.46,159.7,39.98,21.15,6.14,0.0
20230727:1430,72.2,100.69,29.8,19.69,6.07,0.0
20230727:1530,64.5,94.56,19.49,20.22,6.41,0.0
20230727:1630,16.54,32.69,9.44,20.54,7.03,0.0
20230727:1730,0.0,0.0,-0.03,18.93,7.17,0.0
20230727:1830,0.0,0.0,0.0,18.37,7.17,0.0
20230727:1930,0.0,0.0,0.0,17.97,7.17,0.0
20230727:2030,0.0,0.0,0.0,16.6,7.79,0.0
20230727:2130,0.0,0.0,0.0,16.34,7.93,0.0
20230727:2230,0.0,0.0,0.0,14.26,7.38,0.0
20230727:2330,0.0,0.0,0.0,14.52,7.24,0.0
20230728:0030,0.0,0.0,0.0,14.78,7.45,0.0
20230728:0130,0.0,0.0,0.0,15.28,7.45,0.0
20230728:0230,0.0,0.0,-1.25,15.26,7.59,0.0
20230728:0330,7.87,19.92,8.14,15.75,7.72,0.0
20230728:0430,71.55,108.95,18.15,15.83,7.86,0.0
20230728:0530,198.01,246.74,28.45,18.3,8.21,0.0
20230728:0630,468.05,540.32,38.67,18.15,8.83,0.0
20230728:0730,652.25,752.47,48.31,18.68,8.48,0.0
20230728:0830,717.95,847.2,56.51,22.25,8.14,0.0
20230728:0930,752.63,891.07,61.69,22.41,8.34,0.0
20230728:1030,725.09,871.75,62.0,25.31,8.07,0.0
20230728:1130,720.11,865.56,57.3,25.23,7.79,0.0
20230728:1230,650.18,779.2,49.35,25.46,7.45,0.0
20230728:1330,500.68,601.06,39.82,25.44,7.03,0.0
20230728:1430,296.69,374.32,29.64,25.93,6.62,0.0
20230728:1530,99.19,162.87,19.33,25.59,5.52,0.0
20230728:1630,19.51,37.39,9.27,25.32,3.79,0.0
20230728:1730,0.0,0.0,-0.21,21.37,2.41,0.0
20230728:1830,0.0,0.0,0.0,20.62,2.41,0.0
20230728:1930,0.0,0.0,0.0,19.76,2.55,0.0
20230728:2030,0.0,0.0,0.0,16.53,2.76,0.0
20230728:2130,0.0,0.0,0.0,17.08,2.76,0.0
20230728:2230,0.0,0.0,0.0,16.28,2.0,0.0
20230728:2330,0.0,0.0,0.0,16.27,2.0,0.0
20230729:0030,0.0,0.0,0.0,16.4,2.0,0.0
20230729:0130,0.0,0.0,0.0,16.55,1.93,0.0
20230729:0230,0.0,0.0,-1.43,16.03,2.07,0.0
20230729:0330,17.69,33.74,7.98,16.33,2.0,0.0
20230729:0430,81.36,137.26,18.0,16.73,2.34,0.0
20230729:0530,255.58,325.83,28.29,22.01,2.28,0.0
20230729:0630,440.99,535.12,38.51,21.93,2.14,0.0
20230729:0730,576.33,706.53,48.14,22.06,1.72,0.0
20230729:0830,682.49,875.72,56.31,26.76,1.52,0.0
20230729:0930,657.98,838.74,61.47,26.86,1.59,0.0
20230729:1030,693.05,887.55,61.77,28.2,2.21,0.0
20230729:1130,597.13,748.3,57.09,28.24,2.76,0.0
20230729:1230,449.11,553.47,49.17,28.11,3.17,0.0
20230729:1330,393.26,485.36,39.65,27.78,3.17,0.0
20230729:1430,234.37,303.09,29.47,27.64,3.72,0.0
20230729:1530,85.51,140.7,19.17,27.02,4.14,0.0
20230729:1630,18.83,36.71,9.1,27.11,4.21,0.0
20230729:1730,0.0,0.0,-0.39,23.72,3.86,0.0
20230729:1830,0.0,0.0,0.0,23.83,3.66,0.0
20230729:1930,0.0,0.0,0.0,23.57,3.24,0.0
20230729:2030,0.0,0.0,0.0,20.94,2.9,0.0
20230729:2130,0.0,0.0,0.0,20.65,2.34,0.0
20230729:2230,0.0,0.0,0.0,18.61,2.21,0.0
20230729:2330,0.0,0.0,0.0,18.7,2.14,0.0
20230730:0030,0.0,0.0,0.0,18.56,2.0,0.0
20230730:0130,0.0,0.0,0.0,18.4,1.79,0.0
20230730:0230,0.0,0.0,-1.61,16.8,1.59,0.0
20230730:0330,15.06,30.27,7.81,16.79,1.45,0.0
20230730:0430,80.4,136.2,17.84,17.66,1.72,0.0
20230730:0530,263.41,340.46,28.13,23.61,1.1,0.0
20230730:0630,434.71,541.06,38.34,23.63,0.55,0.0
20230730:0730,592.24,739.73,47.96,23.63,1.17,0.0
20230730:0830,663.89,848.5,56.1,28.26,2.0,0.0
20230730:0930,725.74,925.35,61.23,28.4,2.9,0.0
20230730:1030,679.92,858.8,61.54,29.7,3.59,0.0
20230730:1130,621.33,769.75,56.87,29.28,4.55,0.0
20230730:1230,416.93,508.51,48.98,29.0,5.24,0.0
20230730:1330,447.68,547.05,39.48,28.1,5.66,0.0
20230730:1430,243.13,312.63,29.31,27.98,5.79,0.0
20230730:1530,73.21,120.52,19.0,27.82,5.52,0.0
20230730:1630,19.58,37.77,8.93,27.45,5.31,0.0
20230730:1730,0.0,0.0,-0.58,23.87,5.17,0.0
20230730:1830,0.0,0.0,0.0,24.21,5.1,0.0
20230730:1930,0.0,0.0,0.0,24.49,4.9,0.0
20230730:2030,0.0,0.0,0.0,21.79,4.69,0.0
20230730:2130,0.0,0.0,0.0,22.05,4.28,0.0
20230730:2230,0.0,0.0,0.0,20.52,3.66,0.0
20230730:2330,0.0,0.0,0.0,20.43,2.62,0.0
20230731:0030,0.0,0.0,0.0,20.32,2.21,0.0
20230731:0130,0.0,0.0,0.0,19.97,2.41,0.0
20230731:0230,0.0,0.0,-1.79,18.95,2.41,0.0
20230731:0330,14.69,29.97,7.64,18.74,2.48,0.0
20230731:0430,81.65,134.57,17.67,19.73,2.97,0.0
20230731:0530,233.15,298.73,27.97,23.12,2.83,0.0
20230731:0630,398.59,483.57,38.18,23.3,2.9,0.0
20230731:0730,556.75,676.55,47.78,23.4,2.9,0.0
20230731:0830,611.74,759.85,55.9,26.06,2.76,0.0
20230731:0930,676.69,848.32,61.0,26.15,2.83,0.0
20230731:1030,628.77,798.54,61.3,27.58,2.07,0.0
20230731:1130,550.84,693.61,56.66,27.79,2.14,0.0
20230731:1230,520.72,649.58,48.78,27.47,2.48,0.0
20230731:1330,414.59,514.79,39.3,27.78,2.76,0.0
20230731:1430,255.73,329.17,29.13,27.03,3.1,0.0
20230731:1530,94.0,150.62,18.82,27.01,2.97,0.0
20230731:1630,21.63,40.53,8.74,26.99,2.62,0.0
20230731:1730,0.0,0.0,-0.77,24.05,1.59,0.0
20230731:1830,0.0,0.0,0.0,23.57,1.93,0.0
20230731:1930,0.0,0.0,0.0,23.49,1.66,0.0
20230731:2030,0.0,0.0,0.0,21.55,1.66,0.0
20230731:2130,0.0,0.0,0.0,21.49,1.86,0.0
20230731:2230,0.0,0.0,0.0,20.91,2.9,0.0
20230731:2330,0.0,0.0,0.0,20.79,2.48,0.0
20230801:0030,0.0,0.0,0.0,20.99,2.07,0.0
20230801:0130,0.0,0.0,0.0,20.5,1.66,0.0
20230801:0230,0.0,0.0,-1.97,19.84,1.38,0.0
20230801:0330,15.1,30.73,7.47,20.36,1.24,0.0
20230801:0430,67.8,111.99,17.51,20.46,1.86,0.0
20230801:0530,187.82,242.29,27.81,22.91,1.45,0.0
20230801:0630,350.17,428.73,38.01,22.65,1.31,0.0
20230801:0730,500.0,616.48,47.59,22.56,0.9,0.0
20230801:0830,600.64,780.69,55.69,26.35,0.14,0.0
20230801:0930,713.11,937.33,60.76,26.68,0.76,0.0
20230801:1030,714.17,929.4,61.05,28.33,1.59,0.0
20230801:1130,611.22,771.2,56.43,28.32,2.34,0.0
20230801:1230,568.32,707.94,48.58,28.13,2.9,0.0
20230801:1330,400.1,493.86,39.11,27.93,3.24,0.0
20230801:1430,239.41,309.49,28.95,27.23,3.45,0.0
20230801:1530,92.6,152.18,18.64,26.95,3.45,0.0
20230801:1630,16.71,33.74,8.56,26.88,3.17,0.0
20230801:1730,0.0,0.0,-0.97,23.52,2.48,0.0
20230801:1830,0.0,0.0,0.0,23.67,2.48,0.0
20230801:1930,0.0,0.0,0.0,23.69,2.48,0.0
20230801:2030,0.0,0.0,0.0,21.2,2.41,0.0
20230801:2130,0.0,0.0,0.0,20.91,2.28,0.0
20230801:2230,0.0,0.0,0.0,19.22,2.62,0.0
20230801:2330,0.0,0.0,0.0,19.29,2.48,0.0
20230802:0030,0.0,0.0,0.0,19.12,1.93,0.0
20230802:0130,0.0,0.0,0.0,19.12,1.72,0.0
20230802:0230,0.0,0.0,-2.16,17.89,1.72,0.0
20230802:0330,15.78,31.37,7.3,17.85,1.72,0.0
20230802:0430,84.25,133.44,17.34,18.91,2.0,0.0
20230802:0530,246.49,315.33,27.65,23.82,2.34,0.0
20230802:0630,400.58,487.84,37.84,23.61,2.69,0.0
20230802:0730,504.64,610.9,47.41,23.33,3.38,0.0
20230802:0830,506.1,623.99,55.47,27.13,3.79,0.0
20230802:0930,629.63,778.17,60.51,26.87,4.34,0.0
20230802:1030,630.06,779.92,60.8,27.6,4.55,0.0
20230802:1130,448.99,550.31,56.2,27.37,4.76,0.0
20230802:1230,299.15,369.05,48.38,27.04,4.97,0.0
20230802:1330,313.39,384.77,38.92,26.85,5.31,0.0
20230802:1430,218.26,278.61,28.77,25.25,5.52,0.0
20230802:1530,81.32,133.98,18.46,25.24,5.24,0.0
20230802:1630,17.29,34.38,8.36,25.59,4.55,0.0
20230802:1730,0.0,0.0,-1.17,22.72,3.66,0.0
20230802:1830,0.0,0.0,0.0,23.09,3.59,0.0
20230802:1930,0.0,0.0,0.0,23.42,3.38,0.0
20230802:2030,0.0,0.0,0.0,21.82,3.79,0.0
20230802:2130,0.0,0.0,0.0,20.89,4.14,0.0
20230802:2230,0.0,0.0,0.0,19.05,1.24,0.0
20230802:2330,0.0,0.0,0.0,19.39,2.0,0.0
20230803:0030,0.0,0.0,0.0,19.64,1.86,0.0
20230803:0130,0.0,0.0,0.0,19.93,1.59,0.0
20230803:0230,0.0,0.0,-2.35,19.21,1.45,0.0
20230803:0330,13.95,29.0,7.12,19.1,1.24,0.0
20230803:0430,77.88,132.03,17.18,18.98,1.38,0.0
20230803:0530,256.91,329.55,27.48,22.66,1.45,0.0
20230803:0630,419.2,512.92,37.67,22.59,1.45,0.0
20230803:0730,488.43,597.92,47.22,22.71,1.24,0.0
20230803:0830,634.91,814.06,55.25,26.73,1.03,0.0
20230803:0930,652.87,839.29,60.27,26.82,1.1,0.0
20230803:1030,638.5,819.09,60.54,28.29,1.52,0.0
20230803:1130,622.8,791.94,55.96,28.09,1.79,0.0
20230803:1230,531.15,666.6,48.16,28.02,1.86,0.0
20230803:1330,399.88,497.94,38.72,27.81,2.07,0.0
20230803:1430,234.8,305.32,28.58,27.76,2.34,0.0
20230803:1530,90.11,150.13,18.26,27.39,2.9,0.0
20230803:1630,15.17,31.63,8.17,27.19,3.17,0.0
20230803:1730,0.0,0.0,-1.38,23.64,2.76,0.0
20230803:1830,0.0,0.0,0.0,23.84,2.55,0.0
20230803:1930,0.0,0.0,0.0,24.23,2.21,0.0
20230803:2030,0.0,0.0,0.0,21.48,1.93,0.0
20230803:2130,0.0,0.0,0.0,21.42,1.86,0.0
20230803:2230,0.0,0.0,0.0,20.55,1.72,0.0
20230803:2330,0.0,0.0,0.0,20.31,1.66,0.0
20230804:0030,0.0,0.0,0.0,20.42,2.28,0.0
20230804:0130,0.0,0.0,0.0,21.84,1.93,0.0
20230804:0230,0.0,0.0,-2.54,21.33,1.31,0.0
20230804:0330,12.73,27.51,6.94,21.31,1.52,0.0
20230804:0430,76.51,129.49,17.01,20.55,1.45,0.0
20230804:0530,247.68,321.74,27.31,25.63,2.07,0.0
20230804:0630,401.35,493.01,37.49,25.18,2.41,0.0
20230804:0730,560.86,686.14,47.03,24.57,2.9,0.0
20230804:0830,667.92,842.16,55.03,28.47,3.17,0.0
20230804:0930,715.27,905.85,60.01,28.0,3.24,0.0
20230804:1030,724.15,927.2,60.28,29.47,3.1,0.0
20230804:1130,693.16,879.15,55.72,29.24,3.24,0.0
20230804:1230,597.25,746.92,47.94,29.05,3.31,0.0
20230804:1330,455.31,566.11,38.52,28.88,3.24,0.0
20230804:1430,274.74,355.76,28.38,28.4,3.03,0.0
20230804:1530,88.69,150.16,18.07,28.4,2.9,0.0
20230804:1630,14.67,31.07,7.96,28.58,2.62,0.0
20230804:1730,0.0,0.0,-1.6,24.56,1.66,0.0
20230804:1830,0.0,0.0,0.0,23.71,1.45,0.0
20230804:1930,0.0,0.0,0.0,24.13,1.59,0.0
20230804:2030,0.0,0.0,0.0,21.44,2.14,0.0
20230804:2130,0.0,0.0,0.0,21.85,2.0,0.0
20230804:2230,0.0,0.0,0.0,22.05,0.69,0.0
20230804:2330,0.0,0.0,0.0,22.31,0.97,0.0
20230805:0030,0.0,0.0,0.0,20.48,1.66,0.0
20230805:0130,0.0,0.0,0.0,20.79,1.45,0.0
20230805:0230,0.0,0.0,-2.73,20.89,2.21,0.0
20230805:0330,12.16,26.71,6.76,21.45,2.69,0.0
20230805:0430,75.7,130.64,16.84,22.08,3.45,0.0
20230805:0530,257.13,333.9,27.14,27.3,3.72,0.0
20230805:0630,449.61,550.57,37.32,26.88,4.28,0.0
20230805:0730,607.96,740.65,46.83,26.27,4.83,0.0
20230805:0830,704.62,883.78,54.81,30.34,5.03,0.0
20230805:0930,760.77,961.74,59.76,30.2,4.9,0.0
20230805:1030,754.52,963.71,60.01,31.95,4.76,0.0
20230805:1130,701.64,893.79,55.47,32.06,4.34,0.0
20230805:1230,597.16,756.25,47.72,32.28,3.79,0.0
20230805:1330,450.84,570.48,38.31,32.66,3.45,0.0
20230805:1430,270.47,357.09,28.18,32.56,3.38,0.0
20230805:1530,86.13,149.64,17.87,32.71,3.38,0.0
20230805:1630,13.71,30.14,7.75,32.59,2.83,0.0
20230805:1730,0.0,0.0,-1.82,28.43,3.38,0.0
20230805:1830,0.0,0.0,0.0,28.77,4.9,0.0
20230805:1930,0.0,0.0,0.0,29.21,5.93,0.0
20230805:2030,0.0,0.0,0.0,26.8,5.93,0.0
20230805:2130,0.0,0.0,0.0,26.73,5.52,0.0
20230805:2230,0.0,0.0,0.0,25.36,5.72,0.0
20230805:2330,0.0,0.0,0.0,25.48,6.0,0.0
20230806:0030,0.0,0.0,0.0,25.71,6.0,0.0
20230806:0130,0.0,0.0,0.0,25.85,5.79,0.0
20230806:0230,0.0,0.0,-2.93,24.64,5.31,0.0
20230806:0330,11.38,25.86,6.58,24.55,4.69,0.0
20230806:0430,74.24,130.71,16.66,24.46,4.9,0.0
20230806:0530,258.24,335.39,26.97,28.46,5.66,0.0
20230806:0630,453.64,552.04,37.14,27.7,6.48,0.0
20230806:0730,610.99,740.51,46.63,27.18,6.41,0.0
20230806:0830,701.63,877.8,54.58,31.18,5.86,0.0
20230806:0930,755.08,953.21,59.49,30.79,5.31,0.0
20230806:1030,749.82,958.32,59.74,32.18,4.76,0.0
20230806:1130,703.33,893.55,55.22,32.04,4.62,0.0
20230806:1230,607.02,760.38,47.49,31.96,5.03,0.0
20230806:1330,459.43,572.77,38.1,31.77,5.24,0.0
20230806:1430,275.11,356.68,27.97,30.15,5.17,0.0
20230806:1530,86.23,147.81,17.66,29.96,5.03,0.0
20230806:1630,13.22,29.12,7.54,30.03,4.48,0.0
20230806:1730,0.0,0.0,-2.04,26.11,4.41,0.0
20230806:1830,0.0,0.0,0.0,25.86,4.62,0.0
20230806:1930,0.0,0.0,0.0,26.22,4.62,0.0
20230806:2030,0.0,0.0,0.0,23.6,4.9,0.0
20230806:2130,0.0,0.0,0.0,24.23,5.17,0.0
20230806:2230,0.0,0.0,0.0,22.52,5.45,0.0
20230806:2330,0.0,0.0,0.0,22.85,5.38,0.0
20230807:0030,0.0,0.0,0.0,23.09,5.24,0.0
20230807:0130,0.0,0.0,0.0,23.07,5.24,0.0
20230807:0230,0.0,0.0,-3.12,21.58,5.38,0.0
20230807:0330,11.53,25.77,6.4,21.41,5.45,0.0
20230807:0430,76.44,129.12,16.49,21.56,5.66,0.0
20230807:0530,243.34,309.5,26.8,23.98,5.79,0.0
20230807:0630,451.74,542.21,36.96,24.2,5.66,0.0
20230807:0730,560.56,670.38,46.43,24.36,5.59,0.0
20230807:0830,656.44,802.56,54.35,27.4,5.52,0.0
20230807:0930,673.57,826.56,59.23,27.33,5.17,0.0
20230807:1030,732.12,910.34,59.46,28.05,5.03,0.0
20230807:1130,698.02,862.49,54.96,28.5,5.52,0.0
20230807:1230,597.52,733.22,47.25,28.88,5.52,0.0
20230807:1330,417.69,513.51,37.88,29.18,5.24,0.0
20230807:1430,277.52,358.41,27.76,29.21,4.9,0.0
20230807:1530,86.69,145.17,17.45,29.53,4.55,0.0
20230807:1630,11.65,26.75,7.32,29.48,3.79,0.0
20230807:1730,0.0,0.0,-2.27,25.31,2.41,0.0
20230807:1830,0.0,0.0,0.0,24.98,2.07,0.0
20230807:1930,0.0,0.0,0.0,24.92,2.62,0.0
20230807:2030,0.0,0.0,0.0,21.83,3.03,0.0
20230807:2130,0.0,0.0,0.0,21.43,2.83,0.0
20230807:2230,0.0,0.0,0.0,19.18,2.9,0.0
20230807:2330,0.0,0.0,0.0,18.91,2.55,0.0
20230808:0030,0.0,0.0,0.0,18.75,2.41,0.0
20230808:0130,0.0,0.0,0.0,18.91,2.41,0.0
20230808:0230,0.0,0.0,-3.32,17.55,2.48,0.0
20230808:0330,10.12,23.4,6.22,17.58,2.62,0.0
20230808:0430,59.87,102.4,16.31,17.72,3.38,0.0
20230808:0530,253.61,319.38,26.63,20.81,3.72,0.0
20230808:0630,397.05,473.86,36.77,21.27,3.72,0.0
20230808:0730,511.72,610.52,46.23,21.72,3.79,0.0
20230808:0830,337.24,405.42,54.11,23.75,3.38,0.0
20230808:0930,414.44,501.16,58.96,23.97,2.76,0.0
20230808:1030,300.48,362.53,59.18,22.44,3.86,0.0
20230808:1130,246.86,297.23,54.69,20.74,4.55,0.0
20230808:1230,165.53,204.77,47.01,19.86,4.62,0.0
20230808:1330,48.98,73.17,37.65,19.8,5.17,0.0
20230808:1430,20.22,37.36,27.54,18.7,5.86,0.0
20230808:1530,32.09,54.38,17.23,18.8,5.66,0.0
20230808:1630,9.22,22.21,7.1,19.37,5.66,0.0
20230808:1730,0.0,0.0,-2.5,17.44,5.31,0.0
20230808:1830,0.0,0.0,0.0,17.24,4.69,0.0
20230808:1930,0.0,0.0,0.0,17.08,4.34,0.0
20230808:2030,0.0,0.0,0.0,15.48,3.93,0.0
20230808:2130,0.0,0.0,0.0,15.45,3.72,0.0
20230808:2230,0.0,0.0,0.0,14.07,3.79,0.0
20230808:2330,0.0,0.0,0.0,13.96,3.1,0.0
20230809:0030,0.0,0.0,0.0,13.96,2.9,0.0
20230809:0130,0.0,0.0,0.0,14.11,3.1,0.0
20230809:0230,0.0,0.0,-3.52,13.66,3.31,0.0
20230809:0330,10.94,24.25,6.03,13.75,3.52,0.0
20230809:0430,78.54,130.92,16.14,14.04,3.93,0.0
20230809:0530,274.16,340.27,26.45,18.33,3.86,0.0
20230809:0630,474.44,558.79,36.59,18.56,4.0,0.0
20230809:0730,637.18,754.92,46.03,18.77,3.79,0.0
20230809:0830,715.99,878.86,53.88,23.33,3.59,0.0
20230809:0930,709.95,871.21,58.69,23.48,3.66,0.0
20230809:1030,762.74,951.75,58.9,25.39,3.79,0.0
20230809:1130,712.51,887.62,54.42,25.92,3.45,0.0
20230809:1230,625.15,773.35,46.77,26.21,3.24,0.0
20230809:1330,477.53,587.01,37.42,26.28,3.17,0.0
20230809:1430,285.18,364.86,27.32,26.3,3.52,0.0
20230809:1530,86.82,147.46,17.01,26.31,3.72,0.0
20230809:1630,12.15,27.17,6.87,26.34,3.17,0.0
20230809:1730,0.0,0.0,-2.74,22.5,2.48,0.0
20230809:1830,0.0,0.0,0.0,22.27,2.69,0.0
20230809:1930,0.0,0.0,0.0,21.99,2.97,0.0
20230809:2030,0.0,0.0,0.0,19.37,3.31,0.0
20230809:2130,0.0,0.0,0.0,19.25,3.59,0.0
20230809:2230,0.0,0.0,0.0,17.21,3.52,0.0
20230809:2330,0.0,0.0,0.0,17.17,3.52,0.0
20230810:0030,0.0,0.0,0.0,16.82,3.52,0.0
20230810:0130,0.0,0.0,0.0,16.72,3.79,0.0
20230810:0230,0.0,0.0,-3.72,15.79,4.07,0.0
20230810:0330,12.9,27.17,5.85,15.77,4.21,0.0
20230810:0430,84.81,124.73,15.96,15.78,4.48,0.0
20230810:0530,197.43,246.76,26.27,20.13,4.76,0.0
20230810:0630,379.08,449.22,36.4,20.05,4.9,0.0
20230810:0730,519.84,613.5,45.82,20.55,4.76,0.0
20230810:0830,668.73,812.32,53.63,24.93,5.03,0.0
20230810:0930,543.01,655.62,58.41,25.07,5.24,0.0
20230810:1030,498.66,604.31,58.61,26.88,6.0,0.0
20230810:1130,493.05,597.64,54.15,26.59,5.45,0.0
20230810:1230,379.98,463.2,46.51,26.76,4.83,0.0
20230810:1330,322.49,396.47,37.19,26.83,4.55,0.0
20230810:1430,201.83,259.62,27.09,26.8,4.69,0.0
20230810:1530,79.52,117.19,16.78,26.93,5.17,0.0
20230810:1630,13.32,28.95,6.64,27.12,5.03,0.0
20230810:1730,0.0,0.0,-2.99,23.71,5.1,0.0
20230810:1830,0.0,0.0,0.0,23.96,5.24,0.0
20230810:1930,0.0,0.0,0.0,24.22,5.1,0.0
20230810:2030,0.0,0.0,0.0,21.4,5.03,0.0
20230810:2130,0.0,0.0,0.0,21.39,4.97,0.0
20230810:2230,0.0,0.0,0.0,19.49,5.31,0.0
20230810:2330,0.0,0.0,0.0,19.45,5.03,0.0
20230811:0030,0.0,0.0,0.0,19.04,5.17,0.0
20230811:0130,0.0,0.0,0.0,19.3,5.31,0.0
20230811:0230,0.0,0.0,-3.92,18.06,5.38,0.0
20230811:0330,10.78,24.38,5.66,17.92,5.45,0.0
20230811:0430,75.65,116.47,15.78,18.17,5.72,0.0
20230811:0530,245.97,307.8,26.09,21.05,5.79,0.0
20230811:0630,383.93,454.52,36.21,21.3,6.28,0.0
20230811:0730,500.85,587.32,45.61,21.28,6.9,0.0
20230811:0830,573.91,688.0,53.39,25.48,7.31,0.0
20230811:0930,466.42,559.34,58.13,25.63,7.31,0.0
20230811:1030,547.01,657.76,58.31,26.81,7.24,0.0
20230811:1130,336.62,407.47,53.87,27.06,6.07,0.0
20230811:1230,506.46,609.72,46.26,26.33,5.66,0.0
20230811:1330,319.71,389.34,36.95,27.09,6.07,0.0
20230811:1430,183.38,238.14,26.86,26.36,5.86,0.0
20230811:1530,79.77,130.76,16.55,26.38,5.66,0.0
20230811:1630,11.42,26.16,6.4,27.06,4.83,0.0
20230811:1730,0.0,0.0,-3.24,23.98,3.86,0.0
20230811:1830,0.0,0.0,0.0,23.89,3.31,0.0
20230811:1930,0.0,0.0,0.0,23.64,3.59,0.0
20230811:2030,0.0,0.0,0.0,21.58,3.86,0.0
20230811:2130,0.0,0.0,0.0,21.27,4.34,0.0
20230811:2230,0.0,0.0,0.0,19.85,4.76,0.0
20230811:2330,0.0,0.0,0.0,19.54,4.55,0.0
20230812:0030,0.0,0.0,0.0,19.29,4.34,0.0
20230812:0130,0.0,0.0,0.0,19.02,4.21,0.0
20230812:0230,0.0,0.0,-4.13,17.58,4.14,0.0
20230812:0330,8.71,21.32,5.47,17.49,4.14,0.0
20230812:0430,74.95,127.78,15.6,17.75,4.62,0.0
20230812:0530,266.88,335.33,25.91,21.5,4.83,0.0
20230812:0630,463.27,551.89,36.02,21.88,4.76,0.0
20230812:0730,621.18,743.47,45.4,22.07,4.41,0.0
20230812:0830,631.2,776.11,53.14,26.45,3.93,0.0
20230812:0930,740.8,929.57,57.84,26.65,3.52,0.0
20230812:1030,628.75,782.68,58.01,28.52,3.79,0.0
20230812:1130,634.75,789.89,53.58,28.42,3.86,0.0
20230812:1230,525.57,650.84,46.0,28.7,3.45,0.0
20230812:1330,399.98,496.07,36.7,28.69,3.17,0.0
20230812:1430,248.96,323.79,26.62,28.48,2.97,0.0
20230812:1530,76.44,131.8,16.31,28.45,3.03,0.0
20230812:1630,9.46,23.36,6.15,28.56,2.9,0.0
20230812:1730,0.0,0.0,-3.49,24.6,1.66,0.0
20230812:1830,0.0,0.0,0.0,23.82,1.86,0.0
20230812:1930,0.0,0.0,0.0,23.46,2.21,0.0
20230812:2030,0.0,0.0,0.0,20.76,2.48,0.0
20230812:2130,0.0,0.0,0.0,20.7,2.69,0.0
20230812:2230,0.0,0.0,0.0,18.51,2.62,0.0
20230812:2330,0.0,0.0,0.0,18.43,2.69,0.0
20230813:0030,0.0,0.0,0.0,18.61,2.69,0.0
20230813:0130,0.0,0.0,0.0,18.62,2.69,0.0
20230813:0230,0.0,0.0,0.0,17.26,2.48,0.0
20230813:0330,8.28,20.65,5.28,17.05,2.28,0.0
20230813:0430,75.46,128.43,15.42,16.75,2.97,0.0
20230813:0530,266.51,338.33,25.73,22.06,2.62,0.0
20230813:0630,459.61,557.45,35.83,22.41,2.41,0.0
20230813:0730,598.64,732.96,45.18,22.69,2.21,0.0
20230813:0830,642.58,818.07,52.89,28.01,1.93,0.0
20230813:0930,671.02,862.06,57.55,28.12,1.72,0.0
20230813:1030,611.35,792.88,57.71,29.34,1.1,0.0
20230813:1130,578.28,741.65,53.29,28.98,1.24,0.0
20230813:1230,499.11,627.64,45.73,28.81,1.79,0.0
20230813:1330,369.38,459.51,36.45,28.43,2.62,0.0
20230813:1430,219.74,286.26,26.38,27.81,3.03,0.0
20230813:1530,73.03,124.82,16.07,27.75,3.1,0.0
20230813:1630,8.96,22.55,5.91,28.18,2.9,0.0
20230813:1730,0.0,0.0,-3.75,24.02,1.93,0.0
20230813:1830,0.0,0.0,0.0,24.02,1.59,0.0
20230813:1930,0.0,0.0,0.0,23.57,2.07,0.0
20230813:2030,0.0,0.0,0.0,19.75,2.0,0.0
20230813:2130,0.0,0.0,0.0,19.73,2.07,0.0
20230813:2230,0.0,0.0,0.0,17.62,1.59,0.0
20230813:2330,0.0,0.0,0.0,17.62,1.59,0.0
20230814:0030,0.0,0.0,0.0,17.79,1.66,0.0
20230814:0130,0.0,0.0,0.0,17.92,1.66,0.0
20230814:0230,0.0,0.0,0.0,16.38,1.86,0.0
20230814:0330,7.8,19.88,5.09,16.35,1.79,0.0
20230814:0430,75.23,128.55,15.23,17.15,2.28,0.0
20230814:0530,266.22,340.44,25.55,23.22,2.21,0.0
20230814:0630,460.15,560.56,35.64,23.04,2.28,0.0
20230814:0730,614.46,753.83,44.96,23.15,2.41,0.0
20230814:0830,704.03,895.31,52.64,28.4,2.83,0.0
20230814:0930,743.8,951.2,57.26,28.42,2.97,0.0
20230814:1030,750.68,974.19,57.4,30.09,2.69,0.0
20230814:1130,700.38,902.95,53.0,30.01,2.48,0.0
20230814:1230,602.26,764.26,45.46,29.88,2.48,0.0
20230814:1330,456.54,574.75,36.19,29.82,2.34,0.0
20230814:1430,269.07,353.21,26.13,29.79,2.21,0.0
20230814:1530,78.75,138.87,15.82,29.91,2.07,0.0
20230814:1630,8.41,21.87,5.65,30.36,1.86,0.0
20230814:1730,0.0,0.0,-4.01,25.21,1.17,0.0
20230814:1830,0.0,0.0,0.0,26.43,1.59,0.0
20230814:1930,0.0,0.0,0.0,27.36,0.55,0.0
20230814:2030,0.0,0.0,0.0,21.32,1.66,0.0
20230814:2130,0.0,0.0,0.0,22.14,2.34,0.0
20230814:2230,0.0,0.0,0.0,20.39,2.62,0.0
20230814:2330,0.0,0.0,0.0,20.06,2.21,0.0
20230815:0030,0.0,0.0,0.0,20.31,2.28,0.0
20230815:0130,0.0,0.0,0.0,20.33,2.62,0.0
20230815:0230,0.0,0.0,0.0,19.37,3.17,0.0
20230815:0330,6.98,18.82,4.89,19.51,3.72,0.0
20230815:0430,73.2,126.27,15.05,19.27,4.62,0.0
20230815:0530,262.41,335.0,25.36,24.78,4.69,0.0
20230815:0630,457.16,550.39,35.44,24.47,5.1,0.0
20230815:0730,615.61,739.65,44.74,24.6,5.66,0.0
20230815:0830,707.63,877.77,52.38,29.37,5.79,0.0
20230815:0930,763.04,952.62,56.96,29.34,5.79,0.0
20230815:1030,754.14,950.02,57.09,31.16,5.79,0.0
20230815:1130,701.28,884.05,52.7,31.06,4.83,0.0
20230815:1230,598.22,748.3,45.18,30.91,4.34,0.0
20230815:1330,449.89,561.1,35.93,31.06,4.41,0.0
20230815:1430,254.67,333.82,25.88,31.19,4.48,0.0
20230815:1530,77.39,128.76,15.57,31.35,4.55,0.0
20230815:1630,10.56,25.31,5.4,31.55,3.59,0.0
20230815:1730,0.0,0.0,0.0,27.38,2.69,0.0
20230815:1830,0.0,0.0,0.0,27.6,3.59,0.0
20230815:1930,0.0,0.0,0.0,28.06,4.55,0.0
20230815:2030,0.0,0.0,0.0,25.06,4.76,0.0
20230815:2130,0.0,0.0,0.0,24.87,4.62,0.0
20230815:2230,0.0,0.0,0.0,22.98,5.1,0.0
20230815:2330,0.0,0.0,0.0,22.9,4.62,0.0
20230816:0030,0.0,0.0,0.0,22.76,4.48,0.0
20230816:0130,0.0,0.0,0.0,22.67,4.62,0.0
20230816:0230,0.0,0.0,0.0,21.48,4.48,0.0
20230816:0330,6.58,18.31,4.7,21.45,4.41,0.0
20230816:0430,71.55,124.8,14.86,21.29,5.17,0.0
20230816:0530,260.43,334.15,25.17,26.3,5.59,0.0
20230816:0630,452.1,547.5,35.24,26.31,5.79,0.0
20230816:0730,610.08,738.26,44.52,26.46,6.0,0.0
20230816:0830,707.4,883.44,52.12,31.14,6.14,0.0
20230816:0930,760.64,958.58,56.67,31.35,5.93,0.0
20230816:1030,755.18,960.1,56.77,33.07,5.93,0.0
20230816:1130,697.59,882.42,52.4,33.2,5.79,0.0
20230816:1230,573.46,721.75,44.9,33.21,4.9,0.0
20230816:1330,437.2,550.35,35.67,33.35,4.9,0.0
20230816:1430,255.93,338.17,25.62,32.87,4.76,0.0
20230816:1530,73.28,132.01,15.31,33.2,4.21,0.0
20230816:1630,6.76,19.42,5.13,33.47,3.1,0.0
20230816:1730,0.0,0.0,0.0,28.76,2.48,0.0
20230816:1830,0.0,0.0,0.0,28.67,3.45,0.0
20230816:1930,0.0,0.0,0.0,28.88,4.34,0.0
20230816:2030,0.0,0.0,0.0,25.7,4.83,0.0
20230816:2130,0.0,0.0,0.0,25.2,4.83,0.0
20230816:2230,0.0,0.0,0.0,22.95,5.24,0.0
20230816:2330,0.0,0.0,0.0,22.53,4.9,0.0
20230817:0030,0.0,0.0,0.0,22.23,4.55,0.0
20230817:0130,0.0,0.0,0.0,22.07,4.28,0.0
20230817:0230,0.0,0.0,0.0,20.46,4.34,0.0
20230817:0330,6.19,17.64,4.51,20.35,4.48,0.0
20230817:0430,71.73,124.23,14.68,20.35,4.83,0.0
20230817:0530,260.34,331.29,24.99,24.4,5.1,0.0
20230817:0630,455.19,548.61,35.04,24.66,5.03,0.0
20230817:0730,610.85,739.76,44.3,24.98,4.69,0.0
20230817:0830,697.96,880.69,51.86,30.46,4.34,0.0
20230817:0930,748.75,955.25,56.36,30.71,4.14,0.0
20230817:1030,738.21,949.07,56.45,32.88,4.41,0.0
20230817:1130,689.22,880.85,52.09,32.85,4.28,0.0
20230817:1230,589.77,748.52,44.61,32.89,3.79,0.0
20230817:1330,418.66,529.9,35.4,32.87,3.38,0.0
20230817:1430,256.93,340.98,25.36,32.28,2.97,0.0
20230817:1530,71.91,129.06,15.05,32.55,2.48,0.0
20230817:1630,6.19,18.44,4.87,32.9,1.52,0.0
20230817:1730,0.0,0.0,0.0,29.36,1.1,0.0
20230817:1830,0.0,0.0,0.0,29.75,1.52,0.0
20230817:1930,0.0,0.0,0.0,27.33,2.48,0.0
20230817:2030,0.0,0.0,0.0,25.86,4.28,0.0
20230817:2130,0.0,0.0,0.0,25.94,4.97,0.0
20230817:2230,0.0,0.0,0.0,23.92,4.9,0.0
20230817:2330,0.0,0.0,0.0,23.63,4.69,0.0
20230818:0030,0.0,0.0,0.0,23.38,4.55,0.0
20230818:0130,0.0,0.0,0.0,23.39,4.28,0.0
20230818:0230,0.0,0.0,0.0,22.06,4.21,0.0
20230818:0330,5.82,17.13,4.31,21.82,4.14,0.0
20230818:0430,70.94,122.19,14.49,21.66,4.48,0.0
20230818:0530,257.68,329.81,24.8,25.33,4.62,0.0
20230818:0630,450.71,546.13,34.84,25.29,4.55,0.0
20230818:0730,608.02,738.27,44.07,25.25,4.48,0.0
20230818:0830,697.62,877.19,51.6,29.96,4.41,0.0
20230818:0930,697.94,878.85,56.06,30.01,4.28,0.0
20230818:1030,713.73,909.49,56.12,31.41,4.14,0.0
20230818:1130,656.75,833.15,51.77,31.42,3.79,0.0
20230818:1230,554.97,699.74,44.32,31.32,3.31,0.0
20230818:1330,416.51,525.73,35.12,31.32,2.69,0.0
20230818:1430,251.09,332.73,25.09,31.15,2.21,0.0
20230818:1530,71.19,128.88,14.79,31.46,1.72,0.0
20230818:1630,5.76,17.64,4.6,31.83,1.17,0.0
20230818:1730,0.0,0.0,0.0,27.91,0.69,0.0
20230818:1830,0.0,0.0,0.0,27.97,1.24,0.0
20230818:1930,0.0,0.0,0.0,25.9,1.79,0.0
20230818:2030,0.0,0.0,0.0,24.19,3.31,0.0
20230818:2130,0.0,0.0,0.0,24.54,3.59,0.0
20230818:2230,0.0,0.0,0.0,22.64,3.45,0.0
20230818:2330,0.0,0.0,0.0,22.35,3.31,0.0
20230819:0030,0.0,0.0,0.0,22.3,3.66,0.0
20230819:0130,0.0,0.0,0.0,22.34,3.59,0.0
20230819:0230,0.0,0.0,0.0,21.03,3.45,0.0
20230819:0330,5.44,16.45,4.11,20.92,3.45,0.0
20230819:0430,70.98,123.16,14.3,20.66,4.28,0.0
20230819:0530,258.7,331.21,24.61,25.36,4.41,0.0
20230819:0630,452.29,548.59,34.64,25.35,4.41,0.0
20230819:0730,605.55,739.8,43.84,25.59,3.93,0.0
20230819:0830,697.56,887.22,51.33,30.84,3.79,0.0
20230819:0930,742.37,952.62,55.75,30.87,3.66,0.0
20230819:1030,716.2,927.75,55.8,33.06,3.59,0.0
20230819:1130,639.11,822.07,51.46,32.94,3.1,0.0
20230819:1230,563.23,722.68,44.02,32.81,2.41,0.0
20230819:1330,381.14,491.62,34.84,33.17,1.1,0.0
20230819:1430,223.05,302.88,24.82,33.15,0.21,0.0
20230819:1530,63.74,115.07,14.52,33.56,1.17,0.0
20230819:1630,4.61,15.77,4.32,34.24,1.72,0.0
20230819:1730,0.0,0.0,0.0,29.54,1.72,0.0
20230819:1830,0.0,0.0,0.0,29.18,2.41,0.0
20230819:1930,0.0,0.0,0.0,28.33,2.83,0.0
20230819:2030,0.0,0.0,0.0,26.08,2.83,0.0
20230819:2130,0.0,0.0,0.0,26.26,2.76,0.0
20230819:2230,0.0,0.0,0.0,24.23,3.59,0.0
20230819:2330,0.0,0.0,0.0,24.11,3.59,0.0
20230820:0030,0.0,0.0,0.0,23.97,3.52,0.0
20230820:0130,0.0,0.0,0.0,23.98,3.66,0.0
20230820:0230,0.0,0.0,0.0,22.9,4.0,0.0
20230820:0330,4.76,15.43,3.91,23.1,4.14,0.0
20230820:0430,63.01,110.75,14.11,22.96,4.55,0.0
20230820:0530,257.25,332.01,24.41,27.18,4.69,0.0
20230820:0630,447.69,547.49,34.43,27.43,4.76,0.0
20230820:0730,587.47,718.79,43.61,27.65,4.83,0.0
20230820:0830,671.13,856.64,51.06,34.18,4.9,0.0
20230820:0930,667.73,854.24,55.43,34.48,4.76,0.0
20230820:1030,627.57,813.4,55.46,36.0,3.79,0.0
20230820:1130,661.31,866.41,51.14,35.8,3.17,0.0
20230820:1230,492.91,636.79,43.72,36.26,2.69,0.0
20230820:1330,330.6,428.38,34.56,36.13,2.21,0.0
20230820:1430,211.03,288.94,24.55,35.47,1.59,0.0
20230820:1530,62.76,118.75,14.24,36.06,1.03,0.0
20230820:1630,3.92,14.63,4.05,36.25,0.83,0.0
20230820:1730,0.0,0.0,0.0,30.96,2.21,0.0
20230820:1830,0.0,0.0,0.0,31.25,2.83,0.0
20230820:1930,0.0,0.0,0.0,31.17,2.97,0.0
20230820:2030,0.0,0.0,0.0,28.09,2.97,0.0
20230820:2130,0.0,0.0,0.0,27.31,2.9,0.0
20230820:2230,0.0,0.0,0.0,25.11,3.31,0.0
20230820:2330,0.0,0.0,0.0,24.9,3.38,0.0
20230821:0030,0.0,0.0,0.0,24.79,2.76,0.0
20230821:0130,0.0,0.0,0.0,24.58,2.48,0.0
20230821:0230,0.0,0.0,0.0,23.15,2.62,0.0
20230821:0330,4.56,15.09,3.72,23.02,3.45,0.0
20230821:0430,68.52,120.86,13.92,22.58,4.21,0.0
20230821:0530,254.42,329.16,24.22,27.19,3.93,0.0
20230821:0630,445.17,546.8,34.23,27.58,4.07,0.0
20230821:0730,598.88,736.06,43.38,27.57,4.34,0.0
20230821:0830,683.5,876.14,50.78,33.83,4.41,0.0
20230821:0930,688.71,890.28,55.12,33.96,3.79,0.0
20230821:1030,707.77,930.79,55.13,35.02,3.17,0.0
20230821:1130,646.39,845.97,50.81,35.37,2.9,0.0
20230821:1230,511.88,658.56,43.42,35.7,3.03,0.0
20230821:1330,277.95,359.03,34.27,35.95,3.38,0.0
20230821:1430,174.98,239.28,24.27,34.61,3.52,0.0
20230821:1530,45.69,88.72,13.96,34.82,4.34,0.0
20230821:1630,2.41,11.62,3.76,34.73,4.34,0.0
20230821:1730,0.0,0.0,0.0,31.11,3.72,0.0
20230821:1830,0.0,0.0,0.0,30.8,3.45,0.0
20230821:1930,0.0,0.0,0.0,30.28,2.97,0.0
20230821:2030,0.0,0.0,0.0,26.56,2.41,0.0
20230821:2130,0.0,0.0,0.0,26.02,2.07,0.0
20230821:2230,0.0,0.0,0.0,24.19,2.48,0.0
20230821:2330,0.0,0.0,0.0,24.01,2.14,0.0
20230822:0030,0.0,0.0,0.0,24.18,1.93,0.0
20230822:0130,0.0,0.0,0.0,24.23,2.14,0.0
20230822:0230,0.0,0.0,0.0,22.86,2.34,0.0
20230822:0330,3.88,13.9,3.52,22.82,2.48,0.0
20230822:0430,67.4,118.53,13.72,22.76,3.17,0.0
20230822:0530,248.87,323.08,24.03,27.04,2.9,0.0
20230822:0630,429.55,532.35,34.02,27.41,2.55,0.0
20230822:0730,571.84,713.0,43.14,27.59,2.55,0.0
20230822:0830,672.19,869.7,50.5,32.14,2.69,0.0
20230822:0930,701.61,913.57,54.8,32.4,2.76,0.0
20230822:1030,673.64,878.25,54.79,34.48,3.1,0.0
20230822:1130,510.07,648.3,50.48,34.69,3.59,0.0
20230822:1230,493.31,623.31,43.11,34.06,4.0,0.0
20230822:1330,372.36,472.39,33.98,34.15,4.0,0.0
20230822:1430,213.72,286.58,23.99,33.3,4.28,0.0
20230822:1530,60.78,111.94,13.68,33.43,4.55,0.0
20230822:1630,3.28,13.27,3.48,33.41,4.9,0.0
20230822:1730,0.0,0.0,0.0,28.82,4.28,0.0
20230822:1830,0.0,0.0,0.0,28.92,4.07,0.0
20230822:1930,0.0,0.0,0.0,28.77,3.1,0.0
20230822:2030,0.0,0.0,0.0,24.56,2.07,0.0
20230822:2130,0.0,0.0,0.0,23.55,1.72,0.0
20230822:2230,0.0,0.0,0.0,20.91,1.59,0.0
20230822:2330,0.0,0.0,0.0,20.53,1.45,0.0
20230823:0030,0.0,0.0,0.0,19.99,1.86,0.0
20230823:0130,0.0,0.0,0.0,19.64,1.52,0.0
20230823:0230,0.0,0.0,0.0,18.23,0.55,0.0
20230823:0330,4.08,14.03,3.32,18.2,0.97,0.0
20230823:0430,69.3,120.06,13.53,19.11,1.79,0.0
20230823:0530,252.68,326.25,23.83,24.74,1.59,0.0
20230823:0630,402.47,499.52,33.81,24.66,0.9,0.0
20230823:0730,543.24,677.08,42.9,24.59,1.17,0.0
20230823:0830,614.61,795.08,50.23,30.06,1.45,0.0
20230823:0930,721.93,956.02,54.48,30.49,1.45,0.0
20230823:1030,699.66,953.25,54.45,31.82,0.48,0.0
20230823:1130,659.74,878.5,50.15,31.7,0.9,0.0
20230823:1230,565.94,733.7,42.79,31.73,1.31,0.0
20230823:1330,420.68,537.15,33.68,31.59,1.59,0.0
20230823:1430,240.17,318.48,23.7,30.7,2.41,0.0
20230823:1530,62.85,115.48,13.4,30.48,3.17,0.0
20230823:1630,3.88,14.24,3.19,30.32,3.86,0.0
20230823:1730,0.0,0.0,0.0,26.49,4.0,0.0
20230823:1830,0.0,0.0,0.0,26.38,3.79,0.0
20230823:1930,0.0,0.0,0.0,26.32,3.24,0.0
20230823:2030,0.0,0.0,0.0,23.88,2.83,0.0
20230823:2130,0.0,0.0,0.0,24.68,1.93,0.0
20230823:2230,0.0,0.0,0.0,21.67,1.38,0.0
20230823:2330,0.0,0.0,0.0,22.01,1.17,0.0
20230824:0030,0.0,0.0,0.0,22.6,0.62,0.0
20230824:0130,0.0,0.0,0.0,22.94,1.1,0.0
20230824:0230,0.0,0.0,0.0,22.01,1.59,0.0
20230824:0330,1.74,9.84,3.11,22.15,2.07,0.0
20230824:0430,46.42,82.67,13.34,22.32,2.69,0.0
20230824:0530,187.67,245.66,23.63,26.28,2.9,0.0
20230824:0630,313.32,384.72,33.6,25.92,2.9,0.0
20230824:0730,525.99,639.26,42.66,24.77,3.1,0.0
20230824:0830,547.27,678.07,49.94,28.9,3.59,0.0
20230824:0930,660.61,812.61,54.15,26.19,4.14,0.0
20230824:1030,609.04,754.88,54.1,28.94,4.34,0.0
20230824:1130,578.18,712.38,49.81,28.55,4.34,0.0
20230824:1230,538.1,661.18,42.48,28.59,4.34,0.0
20230824:1330,353.26,437.59,33.38,29.07,3.79,0.0
20230824:1430,158.63,211.44,23.41,27.65,2.83,0.0
20230824:1530,46.3,83.02,13.11,25.8,2.34,0.0
20230824:1630,2.48,11.45,2.89,26.03,2.83,0.0
20230824:1730,0.0,0.0,0.0,23.35,2.48,0.0
20230824:1830,0.0,0.0,0.0,24.05,2.41,0.0
20230824:1930,0.0,0.0,0.0,24.21,2.28,0.0
20230824:2030,0.0,0.0,0.0,22.14,1.86,0.0
20230824:2130,0.0,0.0,0.0,21.86,1.45,0.0
20230824:2230,0.0,0.0,0.0,20.27,1.24,0.0
20230824:2330,0.0,0.0,0.0,20.49,1.72,0.0
20230825:0030,0.0,0.0,0.0,20.24,1.45,0.0
20230825:0130,0.0,0.0,0.0,20.9,1.24,0.0
20230825:0230,0.0,0.0,0.0,20.38,1.17,0.0
20230825:0330,3.54,13.18,2.91,20.16,0.97,0.0
20230825:0430,64.66,111.2,13.14,20.05,1.38,0.0
20230825:0530,233.81,300.2,23.43,23.9,2.0,0.0
20230825:0630,390.29,476.01,33.38,23.78,2.07,0.0
20230825:0730,582.6,719.1,42.42,23.28,1.66,0.0
20230825:0830,643.12,826.38,49.66,27.81,1.38,0.0
20230825:0930,715.99,931.02,53.82,28.14,1.59,0.0
20230825:1030,688.67,887.97,53.75,29.95,2.28,0.0
20230825:1130,679.7,869.69,49.47,29.6,2.55,0.0
20230825:1230,445.3,554.76,42.16,29.43,2.41,0.0
20230825:1330,360.16,450.45,33.08,28.96,2.21,0.0
20230825:1430,216.56,286.52,23.11,29.31,2.41,0.0
20230825:1530,53.32,99.6,12.81,29.47,3.59,0.0
20230825:1630,2.12,10.85,2.59,29.37,4.14,0.0
20230825:1730,0.0,0.0,0.0,25.52,3.72,0.0
20230825:1830,0.0,0.0,0.0,25.3,3.38,0.0
20230825:1930,0.0,0.0,0.0,25.27,3.31,0.0
20230825:2030,0.0,0.0,0.0,23.22,2.69,0.0
20230825:2130,0.0,0.0,0.0,23.02,2.07,0.0
20230825:2230,0.0,0.0,0.0,22.15,2.34,0.0
20230825:2330,0.0,0.0,0.0,21.99,2.0,0.0
20230826:0030,0.0,0.0,0.0,21.96,1.79,0.0
20230826:0130,0.0,0.0,0.0,22.01,1.79,0.0
20230826:0230,0.0,0.0,0.0,21.08,2.07,0.0
20230826:0330,2.57,11.45,2.71,21.52,2.14,0.0
20230826:0430,46.9,81.55,12.94,21.99,2.76,0.0
20230826:0530,242.19,311.38,23.23,25.63,3.52,0.0
20230826:0630,366.79,446.42,33.17,25.68,4.0,0.0
20230826:0730,592.78,720.47,42.17,25.47,4.28,0.0
20230826:0830,666.35,835.97,49.37,30.07,4.28,0.0
20230826:0930,721.11,909.08,53.49,29.81,4.34,0.0
20230826:1030,748.49,946.32,53.4,30.95,5.17,0.0
20230826:1130,604.09,748.21,49.12,31.02,5.59,0.0
20230826:1230,553.36,678.75,41.83,30.1,6.07,0.0
20230826:1330,333.99,412.41,32.77,30.36,6.48,0.0
20230826:1430,205.86,269.59,22.81,28.36,6.28,0.0
20230826:1530,46.66,90.0,12.52,28.44,6.07,0.0
20230826:1630,1.31,9.11,2.29,28.42,5.52,0.0
20230826:1730,0.0,0.0,0.0,25.07,4.76,0.0
20230826:1830,0.0,0.0,0.0,25.25,4.55,0.0
20230826:1930,0.0,0.0,0.0,25.44,4.34,0.0
20230826:2030,0.0,0.0,0.0,23.79,4.28,0.0
20230826:2130,0.0,0.0,0.0,23.8,4.0,0.0
20230826:2230,0.0,0.0,0.0,22.69,4.07,0.0
20230826:2330,0.0,0.0,0.0,22.76,3.52,0.0
20230827:0030,0.0,0.0,0.0,22.83,2.9,0.0
20230827:0130,0.0,0.0,0.0,22.73,2.69,0.0
20230827:0230,0.0,0.0,0.0,21.99,2.55,0.0
20230827:0330,2.55,11.4,2.51,21.41,2.62,0.0
20230827:0430,65.47,114.71,12.75,21.78,3.24,0.0
20230827:0530,251.66,323.11,23.03,25.55,3.45,0.0
20230827:0630,439.11,535.86,32.95,25.93,3.66,0.0
20230827:0730,596.61,729.86,41.93,25.88,3.79,0.0
20230827:0830,687.94,871.21,49.08,31.03,4.14,0.0
20230827:0930,742.96,945.05,53.16,30.92,4.41,0.0
20230827:1030,734.85,943.46,53.04,33.68,4.9,0.0
20230827:1130,682.91,867.88,48.78,33.55,5.17,0.0
20230827:1230,576.08,722.75,41.5,33.46,5.52,0.0
20230827:1330,420.78,526.4,32.46,33.27,6.14,0.0
20230827:1430,231.49,306.79,22.51,32.14,6.62,0.0
20230827:1530,53.89,103.25,12.22,31.72,6.48,0.0
20230827:1630,1.74,10.13,1.99,31.84,5.66,0.0
20230827:1730,0.0,0.0,0.0,27.19,4.69,0.0
20230827:1830,0.0,0.0,0.0,27.32,4.28,0.0
20230827:1930,0.0,0.0,0.0,27.83,4.55,0.0
20230827:2030,0.0,0.0,0.0,25.43,4.41,0.0
20230827:2130,0.0,0.0,0.0,25.47,4.0,0.0
20230827:2230,0.0,0.0,0.0,23.48,3.79,0.0
20230827:2330,0.0,0.0,0.0,23.83,3.45,0.0
20230828:0030,0.0,0.0,0.0,23.82,3.45,0.0
20230828:0130,0.0,0.0,0.0,23.84,3.31,0.0
20230828:0230,0.0,0.0,0.0,22.52,3.1,0.0
20230828:0330,2.2,10.77,2.3,22.34,2.97,0.0
20230828:0430,65.13,114.59,12.55,22.12,3.24,0.0
20230828:0530,247.44,320.31,22.83,26.81,2.97,0.0
20230828:0630,431.69,533.33,32.73,26.91,2.55,0.0
20230828:0730,579.66,726.94,41.68,27.08,1.93,0.0
20230828:0830,658.38,869.97,48.79,33.47,1.72,0.0
20230828:0930,709.74,940.9,52.82,33.75,2.21,0.0
20230828:1030,687.55,916.29,52.68,35.83,2.34,0.0
20230828:1130,618.24,813.68,48.43,35.94,2.41,0.0
20230828:1230,522.6,676.46,41.17,35.79,2.62,0.0
20230828:1330,362.36,466.59,32.14,35.65,2.97,0.0
20230828:1430,211.37,287.9,22.2,35.42,3.45,0.0
20230828:1530,51.29,99.53,11.91,35.39,3.79,0.0
20230828:1630,0.69,7.84,1.68,36.09,4.07,0.0
20230828:1730,0.0,0.0,0.0,31.22,3.79,0.0
20230828:1830,0.0,0.0,0.0,30.77,3.86,0.0
20230828:1930,0.0,0.0,0.0,30.85,4.21,0.0
20230828:2030,0.0,0.0,0.0,28.29,3.86,0.0
20230828:2130,0.0,0.0,0.0,27.9,3.66,0.0
20230828:2230,0.0,0.0,0.0,25.79,3.72,0.0
20230828:2330,0.0,0.0,0.0,25.72,3.59,0.0
20230829:0030,0.0,0.0,0.0,25.85,3.24,0.0
20230829:0130,0.0,0.0,0.0,25.42,2.76,0.0
20230829:0230,0.0,0.0,0.0,23.8,2.34,0.0
20230829:0330,1.76,9.92,2.1,23.21,1.66,0.0
20230829:0430,63.97,113.7,12.35,23.69,1.59,0.0
20230829:0530,243.06,319.27,22.63,28.69,1.79,0.0
20230829:0630,436.05,542.14,32.51,28.46,2.76,0.0
20230829:0730,593.9,733.4,41.43,28.08,4.0,0.0
20230829:0830,684.41,871.08,48.49,33.47,4.97,0.0
20230829:0930,738.7,942.95,52.48,33.26,5.31,0.0
20230829:1030,712.76,912.44,52.32,34.29,5.31,0.0
20230829:1130,660.1,837.0,48.07,34.08,5.59,0.0
20230829:1230,508.86,639.35,40.83,34.2,5.24,0.0
20230829:1330,393.75,499.03,31.82,34.67,4.83,0.0
20230829:1430,217.72,292.95,21.9,33.26,3.86,0.0
20230829:1530,51.66,100.91,11.61,32.81,3.45,0.0
20230829:1630,0.9,8.27,1.37,32.53,2.83,0.0
20230829:1730,0.0,0.0,0.0,27.82,2.0,0.0
20230829:1830,0.0,0.0,0.0,28.19,2.07,0.0
20230829:1930,0.0,0.0,0.0,28.52,3.1,0.0
20230829:2030,0.0,0.0,0.0,26.43,4.34,0.0
20230829:2130,0.0,0.0,0.0,26.62,5.17,0.0
20230829:2230,0.0,0.0,0.0,25.05,5.93,0.0
20230829:2330,0.0,0.0,0.0,24.88,6.21,0.0
20230830:0030,0.0,0.0,0.0,24.8,6.07,0.0
20230830:0130,0.0,0.0,0.0,24.78,5.66,0.0
20230830:0230,0.0,0.0,0.0,23.67,5.38,0.0
20230830:0330,1.78,9.96,1.89,23.71,5.31,0.0
20230830:0430,64.33,113.56,12.15,23.69,5.66,0.0
20230830:0530,254.3,325.17,22.42,26.72,6.48,0.0
20230830:0630,456.77,550.37,32.29,26.32,6.76,0.0
20230830:0730,628.84,755.37,41.17,25.66,6.76,0.0
20230830:0830,735.98,903.67,48.19,28.2,6.76,0.0
20230830:0930,793.51,980.46,52.14,28.06,6.69,0.0
20230830:1030,792.26,979.59,51.96,29.0,7.31,0.0
20230830:1130,731.12,899.52,47.71,29.06,7.1,0.0
20230830:1230,611.17,748.83,40.49,29.13,6.21,0.0
20230830:1330,444.14,545.16,31.5,29.02,5.79,0.0
20230830:1430,242.91,315.0,21.58,27.18,5.66,0.0
20230830:1530,53.82,102.09,11.3,27.59,5.24,0.0
20230830:1630,0.76,7.84,1.05,27.56,4.55,0.0
20230830:1730,0.0,0.0,0.0,23.49,3.45,0.0
20230830:1830,0.0,0.0,0.0,23.91,3.24,0.0
20230830:1930,0.0,0.0,0.0,24.31,4.28,0.0
20230830:2030,0.0,0.0,0.0,22.46,4.55,0.0
20230830:2130,0.0,0.0,0.0,22.66,4.34,0.0
20230830:2230,0.0,0.0,0.0,22.16,3.38,0.0
20230830:2330,0.0,0.0,0.0,21.87,2.55,0.0
20230831:0030,0.0,0.0,0.0,21.66,1.93,0.0
20230831:0130,0.0,0.0,0.0,20.86,2.34,0.0
20230831:0230,0.0,0.0,0.0,19.95,1.52,0.0
20230831:0330,1.54,9.37,1.68,19.9,0.48,0.0
20230831:0430,64.85,113.87,11.95,20.57,0.69,0.0
20230831:0530,222.13,290.33,22.22,25.78,0.76,0.0
20230831:0630,442.41,554.69,32.06,25.24,0.48,0.0
20230831:0730,594.75,751.9,40.92,25.02,0.9,0.0
20230831:0830,686.44,889.84,47.89,29.22,1.72,0.0
20230831:0930,738.13,953.1,51.79,29.13,2.48,0.0
20230831:1030,718.57,931.44,51.59,31.8,3.03,0.0
20230831:1130,628.06,799.5,47.35,31.65,3.38,0.0
20230831:1230,572.5,722.72,40.15,31.44,3.31,0.0
20230831:1330,357.02,448.18,31.18,31.19,3.38,0.0
20230831:1430,170.7,228.74,21.27,29.88,3.17,0.0
20230831:1530,45.78,78.61,10.98,29.56,3.03,0.0
20230831:1630,0.69,7.72,0.74,29.89,3.24,0.0
20230831:1730,0.0,0.0,0.0,25.69,3.38,0.0
20230831:1830,0.0,0.0,0.0,25.96,3.1,0.0
20230831:1930,0.0,0.0,0.0,26.36,2.55,0.0
20230831:2030,0.0,0.0,0.0,24.44,2.14,0.0
20230831:2130,0.0,0.0,0.0,24.88,2.0,0.0
20230831:2230,0.0,0.0,0.0,22.12,4.55,0.0
20230831:2330,0.0,0.0,0.0,20.54,5.03,0.0
20230901:0030,0.0,0.0,0.0,20.04,5.03,0.0
20230901:0130,0.0,0.0,0.0,20.51,4.14,0.0
20230901:0230,0.0,0.0,0.0,19.43,2.9,0.0
20230901:0330,1.3,8.86,1.48,19.29,2.76,0.0
20230901:0430,62.31,107.99,11.75,19.29,2.97,0.0
20230901:0530,253.45,319.07,22.01,21.59,3.17,0.0
20230901:0630,439.57,528.55,31.84,21.91,2.9,0.0
20230901:0730,580.13,705.77,40.66,22.33,2.34,0.0
20230901:0830,681.75,861.06,47.59,26.93,2.48,0.0
20230901:0930,749.71,947.72,51.45,27.36,3.38,0.0
20230901:1030,726.31,919.18,51.22,29.38,3.93,0.0
20230901:1130,539.49,666.17,46.99,29.67,4.28,0.0
20230901:1230,476.63,587.6,39.81,29.22,4.0,0.0
20230901:1330,404.49,498.03,30.85,29.9,6.14,0.0
20230901:1430,192.59,255.98,20.95,29.79,6.28,0.0
20230901:1530,42.69,82.22,10.67,29.84,6.14,0.0
20230901:1630,0.0,5.68,0.42,29.79,5.24,0.0
20230901:1730,0.0,0.0,0.0,25.44,4.48,0.0
20230901:1830,0.0,0.0,0.0,25.21,4.14,0.0
20230901:1930,0.0,0.0,0.0,25.03,3.93,0.0
20230901:2030,0.0,0.0,0.0,21.93,3.66,0.0
20230901:2130,0.0,0.0,0.0,21.6,3.52,0.0
20230901:2230,0.0,0.0,0.0,19.38,3.93,0.0
20230901:2330,0.0,0.0,0.0,19.36,3.86,0.0
20230902:0030,0.0,0.0,0.0,19.26,3.93,0.0
20230902:0130,0.0,0.0,0.0,19.26,4.0,0.0
20230902:0230,0.0,0.0,0.0,17.84,4.0,0.0
20230902:0330,1.14,8.48,1.27,17.77,3.66,0.0
20230902:0430,65.37,111.8,11.54,17.6,3.72,0.0
20230902:0530,257.92,323.34,21.8,21.49,3.93,0.0
20230902:0630,456.94,545.75,31.61,21.57,3.66,0.0
20230902:0730,608.03,732.22,40.4,21.7,3.24,0.0
20230902:0830,701.98,879.33,47.29,26.77,3.24,0.0
20230902:0930,748.12,945.06,51.1,26.94,3.24,0.0
20230902:1030,739.2,944.59,50.85,28.56,2.97,0.0
20230902:1130,694.13,884.38,46.62,28.76,2.69,0.0
20230902:1230,513.43,641.53,39.46,29.16,2.62,0.0
20230902:1330,297.08,373.0,30.51,29.2,2.34,0.0
20230902:1430,137.66,187.47,20.63,28.3,2.0,0.0
20230902:1530,24.89,49.48,10.35,28.29,1.93,0.0
20230902:1630,0.0,4.37,0.1,28.65,2.0,0.0
20230902:1730,0.0,0.0,0.0,25.17,1.66,0.0
20230902:1830,0.0,0.0,0.0,24.49,1.52,0.0
20230902:1930,0.0,0.0,0.0,24.14,1.72,0.0
20230902:2030,0.0,0.0,0.0,20.94,1.72,0.0
20230902:2130,0.0,0.0,0.0,20.94,1.79,0.0
20230902:2230,0.0,0.0,0.0,18.63,1.93,0.0
20230902:2330,0.0,0.0,0.0,19.15,2.14,0.0
20230903:0030,0.0,0.0,0.0,19.06,2.07,0.0
20230903:0130,0.0,0.0,0.0,19.17,1.86,0.0
20230903:0230,0.0,0.0,0.0,17.56,2.07,0.0
20230903:0330,0.8,7.72,1.06,17.41,1.72,0.0
20230903:0430,63.71,109.78,11.34,17.92,1.59,0.0
20230903:0530,244.0,311.16,21.59,23.05,2.0,0.0
20230903:0630,449.61,546.53,31.38,22.38,1.86,0.0
20230903:0730,592.86,731.71,40.14,22.01,1.31,0.0
20230903:0830,678.58,885.95,46.98,27.08,0.76,0.0
20230903:0930,715.72,950.74,50.75,27.32,0.55,0.0
20230903:1030,691.77,905.11,50.48,28.91,1.24,0.0
20230903:1130,499.87,633.58,46.25,29.06,0.9,0.0
20230903:1230,402.42,507.65,39.11,28.53,0.41,0.0
20230903:1330,229.61,291.86,30.18,28.24,1.1,0.0
20230903:1430,140.9,191.61,20.3,26.81,1.45,0.0
20230903:1530,33.76,68.82,10.03,27.2,1.52,0.0
20230903:1630,0.0,0.0,-0.23,28.08,2.21,0.0
20230903:1730,0.0,0.0,0.0,24.24,2.48,0.0
20230903:1830,0.0,0.0,0.0,24.16,2.83,0.0
20230903:1930,0.0,0.0,0.0,23.86,2.9,0.0
20230903:2030,0.0,0.0,0.0,21.71,2.97,0.0
20230903:2130,0.0,0.0,0.0,21.7,3.1,0.0
20230903:2230,0.0,0.0,0.0,20.68,3.86,0.0
20230903:2330,0.0,0.0,0.0,20.42,3.79,0.0
20230904:0030,0.0,0.0,0.0,20.79,3.59,0.0
20230904:0130,0.0,0.0,0.0,21.01,3.52,0.0
20230904:0230,0.0,0.0,0.0,20.02,3.59,0.0
20230904:0330,0.62,7.33,0.85,19.69,3.66,0.0
20230904:0430,63.84,110.45,11.14,19.52,3.93,0.0
20230904:0530,248.61,312.15,21.38,21.81,4.28,0.0
20230904:0630,364.99,435.22,31.15,21.86,4.41,0.0
20230904:0730,538.91,638.77,39.87,21.68,4.48,0.0
20230904:0830,693.73,851.93,46.67,25.68,4.41,0.0
20230904:0930,761.7,945.16,50.39,25.94,4.41,0.0
20230904:1030,757.74,944.83,50.1,28.3,5.17,0.0
20230904:1130,694.34,859.57,45.88,28.4,5.17,0.0
20230904:1230,578.95,710.21,38.75,28.53,5.1,0.0
20230904:1330,421.44,517.5,29.84,28.51,5.17,0.0
20230904:1430,207.74,273.22,19.97,27.64,5.31,0.0
20230904:1530,42.73,85.53,9.7,27.86,5.52,0.0
20230904:1630,0.0,0.0,-0.56,27.81,5.24,0.0
20230904:1730,0.0,0.0,0.0,24.17,5.79,0.0
20230904:1830,0.0,0.0,0.0,24.09,6.83,0.0
20230904:1930,0.0,0.0,0.0,23.54,7.1,0.0
20230904:2030,0.0,0.0,0.0,21.34,6.9,0.0
20230904:2130,0.0,0.0,0.0,20.97,6.62,0.0
20230904:2230,0.0,0.0,0.0,19.51,7.52,0.0
20230904:2330,0.0,0.0,0.0,19.42,7.24,0.0
20230905:0030,0.0,0.0,0.0,19.39,7.03,0.0
20230905:0130,0.0,0.0,0.0,19.41,7.03,0.0
20230905:0230,0.0,0.0,0.0,18.08,6.97,0.0
20230905:0330,0.49,6.99,0.64,17.99,6.69,0.0
20230905:0430,63.08,108.45,10.93,18.03,6.48,0.0
20230905:0530,248.77,308.43,21.17,20.5,7.03,0.0
20230905:0630,369.64,433.02,30.92,20.57,7.38,0.0
20230905:0730,496.01,577.63,39.61,20.7,6.9,0.0
20230905:0830,549.74,656.26,46.36,25.16,6.34,0.0
20230905:0930,708.13,858.09,50.04,25.31,6.07,0.0
20230905:1030,725.26,890.16,49.72,27.14,5.86,0.0
20230905:1130,692.95,851.4,45.51,27.82,5.66,0.0
20230905:1230,582.64,711.95,38.4,28.37,5.59,0.0
20230905:1330,385.36,472.59,29.5,28.69,5.79,0.0
20230905:1430,177.08,236.11,19.65,27.83,6.0,0.0
20230905:1530,28.38,60.52,9.38,27.28,6.14,0.0
20230905:1630,0.0,0.0,-0.89,26.88,5.66,0.0
20230905:1730,0.0,0.0,0.0,23.87,4.9,0.0
20230905:1830,0.0,0.0,0.0,24.02,5.31,0.0
20230905:1930,0.0,0.0,0.0,23.87,5.24,0.0
20230905:2030,0.0,0.0,0.0,21.05,5.31,0.0
20230905:2130,0.0,0.0,0.0,20.73,5.1,0.0
20230905:2230,0.0,0.0,0.0,19.35,5.52,0.0
20230905:2330,0.0,0.0,0.0,19.21,5.24,0.0
20230906:0030,0.0,0.0,0.0,19.05,4.9,0.0
20230906:0130,0.0,0.0,0.0,18.91,4.76,0.0
20230906:0230,0.0,0.0,0.0,17.47,4.97,0.0
20230906:0330,0.29,6.49,0.43,17.55,5.24,0.0
20230906:0430,61.87,106.0,10.72,17.53,5.59,0.0
20230906:0530,251.61,312.24,20.95,20.49,6.0,0.0
20230906:0630,450.0,528.82,30.68,20.71,6.0,0.0
20230906:0730,615.06,725.77,39.34,21.05,5.52,0.0
20230906:0830,710.98,871.79,46.04,26.51,5.31,0.0
20230906:0930,762.38,944.47,49.68,26.65,4.97,0.0
20230906:1030,743.8,931.21,49.34,28.51,4.69,0.0
20230906:1130,630.28,784.02,45.13,28.63,4.14,0.0
20230906:1230,510.89,631.81,38.04,28.66,3.31,0.0
20230906:1330,392.55,489.01,29.16,28.64,2.69,0.0
20230906:1430,203.56,271.22,19.31,28.19,2.76,0.0
20230906:1530,38.49,80.25,9.05,28.2,3.45,0.0
20230906:1630,0.0,0.0,-1.22,28.63,3.52,0.0
20230906:1730,0.0,0.0,0.0,24.01,3.72,0.0
20230906:1830,0.0,0.0,0.0,23.69,4.07,0.0
20230906:1930,0.0,0.0,0.0,23.73,4.14,0.0
20230906:2030,0.0,0.0,0.0,20.57,4.0,0.0
20230906:2130,0.0,0.0,0.0,20.55,3.66,0.0
20230906:2230,0.0,0.0,0.0,18.42,4.14,0.0
20230906:2330,0.0,0.0,0.0,17.87,3.52,0.0
20230907:0030,0.0,0.0,0.0,17.31,2.83,0.0
20230907:0130,0.0,0.0,0.0,16.77,2.41,0.0
20230907:0230,0.0,0.0,0.0,15.5,2.62,0.0
20230907:0330,0.07,5.89,0.22,15.43,2.97,0.0
20230907:0430,60.46,102.4,10.52,15.4,3.52,0.0
20230907:0530,205.15,257.64,20.74,19.79,4.0,0.0
20230907:0630,345.33,409.13,30.45,20.08,4.07,0.0
20230907:0730,475.06,561.33,39.07,20.8,3.93,0.0
20230907:0830,514.71,629.15,45.73,26.68,4.0,0.0
20230907:0930,575.4,703.26,49.32,26.82,4.55,0.0
20230907:1030,590.26,726.75,48.96,28.05,4.41,0.0
20230907:1130,528.38,645.59,44.76,28.03,4.62,0.0
20230907:1230,451.5,551.0,37.68,28.04,4.76,0.0
20230907:1330,309.44,382.44,28.82,28.33,4.76,0.0
20230907:1430,114.38,157.63,18.98,27.86,4.97,0.0
20230907:1530,25.5,52.66,8.72,27.91,5.03,0.0
20230907:1630,0.0,0.0,-1.55,27.95,4.62,0.0
20230907:1730,0.0,0.0,0.0,23.97,4.76,0.0
20230907:1830,0.0,0.0,0.0,24.41,5.38,0.0
20230907:1930,0.0,0.0,0.0,23.91,6.21,0.0
20230907:2030,0.0,0.0,0.0,20.37,6.28,0.0
20230907:2130,0.0,0.0,0.0,19.87,5.72,0.0
20230907:2230,0.0,0.0,0.0,17.29,6.34,0.0
20230907:2330,0.0,0.0,0.0,17.13,5.93,0.0
20230908:0030,0.0,0.0,0.0,17.03,5.38,0.0
20230908:0130,0.0,0.0,0.0,16.96,5.03,0.0
20230908:0230,0.0,0.0,0.0,14.15,4.9,0.0
20230908:0330,0.05,5.81,0.01,14.06,4.9,0.0
20230908:0430,67.4,113.06,10.31,13.96,4.97,0.0
20230908:0530,275.15,335.72,20.52,17.47,5.38,0.0
20230908:0630,491.04,569.64,30.21,17.5,5.52,0.0
20230908:0730,662.13,772.99,38.79,17.59,5.1,0.0
20230908:0830,756.66,918.95,45.41,22.86,4.83,0.0
20230908:0930,807.35,992.01,48.96,22.92,4.41,0.0
20230908:1030,795.63,985.26,48.58,24.78,4.48,0.0
20230908:1130,727.79,899.11,44.38,24.9,3.86,0.0
20230908:1230,605.94,741.74,37.31,25.09,3.45,0.0
20230908:1330,432.96,530.02,28.47,25.28,3.03,0.0
20230908:1430,222.67,291.83,18.64,25.32,2.97,0.0
20230908:1530,37.87,79.47,8.39,25.43,2.9,0.0
20230908:1630,0.0,0.0,-1.89,25.81,1.66,0.0
20230908:1730,0.0,0.0,0.0,19.84,1.86,0.0
20230908:1830,0.0,0.0,0.0,19.79,1.86,0.0
20230908:1930,0.0,0.0,0.0,19.73,1.93,0.0
20230908:2030,0.0,0.0,0.0,16.63,2.07,0.0
20230908:2130,0.0,0.0,0.0,16.55,2.21,0.0
20230908:2230,0.0,0.0,0.0,15.05,2.34,0.0
20230908:2330,0.0,0.0,0.0,15.07,2.62,0.0
20230909:0030,0.0,0.0,0.0,14.97,2.83,0.0
20230909:0130,0.0,0.0,0.0,14.86,3.03,0.0
20230909:0230,0.0,0.0,0.0,13.87,3.38,0.0
20230909:0330,0.0,0.0,-0.2,13.99,3.59,0.0
20230909:0430,63.07,105.94,10.1,13.72,4.07,0.0
20230909:0530,263.72,323.42,20.3,17.86,4.55,0.0
20230909:0630,467.9,546.77,29.97,18.2,4.62,0.0
20230909:0730,639.13,753.25,38.52,18.9,4.41,0.0
20230909:0830,724.63,892.85,45.09,25.2,4.21,0.0
20230909:0930,781.37,966.17,48.59,25.45,4.76,0.0
20230909:1030,774.96,957.84,48.19,26.94,5.59,0.0
20230909:1130,722.05,885.8,43.99,27.1,5.79,0.0
20230909:1230,555.14,672.76,36.95,27.27,5.93,0.0
20230909:1330,354.36,433.88,28.12,27.72,5.79,0.0
20230909:1430,172.5,230.05,18.3,26.76,6.28,0.0
20230909:1530,34.08,70.92,8.05,26.16,6.69,0.0
20230909:1630,0.0,0.0,-2.23,25.78,6.55,0.0
20230909:1730,0.0,0.0,0.0,20.8,6.28,0.0
20230909:1830,0.0,0.0,0.0,20.7,6.34,0.0
20230909:1930,0.0,0.0,0.0,20.52,6.21,0.0
20230909:2030,0.0,0.0,0.0,16.99,5.72,0.0
20230909:2130,0.0,0.0,0.0,16.72,5.24,0.0
20230909:2230,0.0,0.0,0.0,13.86,5.03,0.0
20230909:2330,0.0,0.0,0.0,13.95,4.62,0.0
20230910:0030,0.0,0.0,0.0,14.0,4.21,0.0
20230910:0130,0.0,0.0,0.0,13.92,3.72,0.0
20230910:0230,0.0,0.0,0.0,11.75,3.31,0.0
20230910:0330,0.0,0.0,-0.41,11.71,3.03,0.0
20230910:0430,67.04,111.28,9.89,11.46,3.03,0.0
20230910:0530,273.91,334.3,20.08,16.44,3.52,0.0
20230910:0630,488.15,568.29,29.73,16.1,3.59,0.0
20230910:0730,659.66,771.71,38.24,15.75,3.66,0.0
20230910:0830,756.3,915.13,44.77,19.92,3.66,0.0
20230910:0930,806.34,986.85,48.23,19.75,3.31,0.0
20230910:1030,791.6,979.35,47.8,21.77,3.17,0.0
20230910:1130,723.98,892.63,43.61,21.76,2.62,0.0
20230910:1230,600.87,735.31,36.58,21.85,1.93,0.0
20230910:1330,428.25,523.13,27.77,22.0,1.38,0.0
20230910:1430,218.1,284.74,17.96,21.9,0.9,0.0
20230910:1530,34.72,73.94,7.71,22.19,0.21,0.0
20230910:1630,0.0,0.0,-2.57,23.01,0.76,0.0
20230910:1730,0.0,0.0,0.0,18.71,2.0,0.0
20230910:1830,0.0,0.0,0.0,19.01,2.07,0.0
20230910:1930,0.0,0.0,0.0,17.99,1.86,0.0
20230910:2030,0.0,0.0,0.0,12.81,2.21,0.0
20230910:2130,0.0,0.0,0.0,12.61,2.21,0.0
20230910:2230,0.0,0.0,0.0,11.32,2.14,0.0
20230910:2330,0.0,0.0,0.0,11.31,1.93,0.0
20230911:0030,0.0,0.0,0.0,11.26,1.79,0.0
20230911:0130,0.0,0.0,0.0,11.32,1.79,0.0
20230911:0230,0.0,0.0,0.0,10.29,1.72,0.0
20230911:0330,0.0,0.0,-0.63,10.72,1.72,0.0
20230911:0430,64.16,107.13,9.68,11.26,2.0,0.0
20230911:0530,264.59,324.68,19.86,16.57,2.55,0.0
20230911:0630,475.27,559.56,29.49,16.67,2.34,0.0
20230911:0730,631.91,754.79,37.97,17.0,2.07,0.0
20230911:0830,716.34,900.38,44.44,22.57,1.66,0.0
20230911:0930,756.62,967.73,47.86,22.5,1.24,0.0
20230911:1030,736.85,960.21,47.41,24.32,0.76,0.0
20230911:1130,683.02,871.6,43.22,24.14,1.03,0.0
20230911:1230,574.6,715.15,36.21,24.04,1.31,0.0
20230911:1330,411.2,504.59,27.42,23.9,1.79,0.0
20230911:1430,207.49,271.88,17.62,23.55,2.55,0.0
20230911:1530,31.43,68.52,7.38,23.27,3.45,0.0
20230911:1630,0.0,0.0,-2.91,23.9,3.72,0.0
20230911:1730,0.0,0.0,0.0,19.24,3.66,0.0
20230911:1830,0.0,0.0,0.0,19.47,3.24,0.0
20230911:1930,0.0,0.0,0.0,19.64,2.97,0.0
20230911:2030,0.0,0.0,0.0,16.73,2.9,0.0
20230911:2130,0.0,0.0,0.0,16.79,2.69,0.0
20230911:2230,0.0,0.0,0.0,15.27,2.83,0.0
20230911:2330,0.0,0.0,0.0,15.32,2.55,0.0
20230912:0030,0.0,0.0,0.0,15.68,2.07,0.0
20230912:0130,0.0,0.0,0.0,15.49,1.79,0.0
20230912:0230,0.0,0.0,0.0,13.04,1.66,0.0
20230912:0330,0.0,0.0,-0.84,12.58,1.72,0.0
20230912:0430,60.41,102.0,9.47,12.48,1.45,0.0
20230912:0530,253.35,315.27,19.64,18.53,1.79,0.0
20230912:0630,455.68,544.3,29.24,18.41,1.59,0.0
20230912:0730,611.85,743.02,37.68,18.75,1.38,0.0
20230912:0830,695.68,885.2,44.12,24.96,1.52,0.0
20230912:0930,747.63,956.43,47.49,24.97,1.79,0.0
20230912:1030,745.14,948.77,47.02,26.84,2.62,0.0
20230912:1130,688.88,863.94,42.84,26.76,2.97,0.0
20230912:1230,574.83,708.32,35.84,26.77,3.31,0.0
20230912:1330,408.2,500.27,27.06,26.57,3.86,0.0
20230912:1430,203.23,267.76,17.28,25.56,4.76,0.0
20230912:1530,29.32,65.83,7.04,25.13,5.38,0.0
20230912:1630,0.0,0.0,-3.25,25.65,5.03,0.0
20230912:1730,0.0,0.0,0.0,20.76,4.76,0.0
20230912:1830,0.0,0.0,0.0,20.71,4.41,0.0
20230912:1930,0.0,0.0,0.0,20.85,4.14,0.0
20230912:2030,0.0,0.0,0.0,18.46,3.66,0.0
20230912:2130,0.0,0.0,0.0,18.49,3.38,0.0
20230912:2230,0.0,0.0,0.0,16.49,3.17,0.0
20230912:2330,0.0,0.0,0.0,16.44,2.9,0.0
20230913:0030,0.0,0.0,0.0,16.25,2.41,0.0
20230913:0130,0.0,0.0,0.0,15.88,2.07,0.0
20230913:0230,0.0,0.0,0.0,13.8,2.0,0.0
20230913:0330,0.0,0.0,-1.06,13.68,1.86,0.0
20230913:0430,60.44,102.69,9.25,13.85,1.72,0.0
20230913:0530,255.03,317.52,19.42,18.83,1.86,0.0
20230913:0630,457.04,547.45,29.0,18.95,1.59,0.0
20230913:0730,618.42,745.5,37.4,19.1,2.07,0.0
20230913:0830,707.7,885.12,43.79,25.4,2.83,0.0
20230913:0930,763.51,952.81,47.12,25.19,3.59,0.0
20230913:1030,755.52,943.22,46.63,27.09,4.34,0.0
20230913:1130,696.06,855.88,42.45,26.83,4.97,0.0
20230913:1230,578.13,701.39,35.47,26.59,5.24,0.0
20230913:1330,399.96,486.17,26.71,26.33,5.38,0.0
20230913:1430,199.49,262.13,16.93,24.73,5.31,0.0
20230913:1530,26.82,61.92,6.7,24.49,5.1,0.0
20230913:1630,0.0,0.0,-3.59,24.99,4.21,0.0
20230913:1730,0.0,0.0,0.0,20.69,3.72,0.0
20230913:1830,0.0,0.0,0.0,20.9,3.45,0.0
20230913:1930,0.0,0.0,0.0,21.22,3.24,0.0
20230913:2030,0.0,0.0,0.0,19.49,3.38,0.0
20230913:2130,0.0,0.0,0.0,19.68,3.45,0.0
20230913:2230,0.0,0.0,0.0,18.39,3.72,0.0
20230913:2330,0.0,0.0,0.0,18.53,3.59,0.0
20230914:0030,0.0,0.0,0.0,18.5,3.31,0.0
20230914:0130,0.0,0.0,0.0,18.66,3.17,0.0
20230914:0230,0.0,0.0,0.0,18.09,3.03,0.0
20230914:0330,0.0,0.0,-1.27,18.19,3.1,0.0
20230914:0430,54.87,95.33,9.04,18.21,3.17,0.0
20230914:0530,225.71,284.16,19.19,21.74,3.72,0.0
20230914:0630,442.99,525.88,28.75,21.49,4.41,0.0
20230914:0730,599.68,709.78,37.12,21.27,4.97,0.0
20230914:0830,559.73,671.61,43.46,25.17,5.38,0.0
20230914:0930,603.99,724.41,46.75,24.98,6.14,0.0
20230914:1030,648.56,782.39,46.24,26.83,7.1,0.0
20230914:1130,467.03,558.17,42.06,26.52,7.38,0.0
20230914:1230,460.11,549.19,35.1,26.02,7.24,0.0
20230914:1330,341.2,413.35,26.35,26.11,7.03,0.0
20230914:1430,187.03,247.04,16.59,25.35,6.83,0.0
20230914:1530,22.5,54.27,6.36,25.4,6.62,0.0
20230914:1630,0.0,0.0,-3.94,25.95,5.86,0.0
20230914:1730,0.0,0.0,0.0,22.61,5.59,0.0
20230914:1830,0.0,0.0,0.0,22.83,5.45,0.0
20230914:1930,0.0,0.0,0.0,22.79,5.31,0.0
20230914:2030,0.0,0.0,0.0,21.34,5.1,0.0
20230914:2130,0.0,0.0,0.0,21.47,5.1,0.0
20230914:2230,0.0,0.0,0.0,20.22,5.1,0.0
20230914:2330,0.0,0.0,0.0,20.35,4.62,0.0
20230915:0030,0.0,0.0,0.0,20.76,4.34,0.0
20230915:0130,0.0,0.0,0.0,20.63,4.14,0.0
20230915:0230,0.0,0.0,0.0,20.02,4.0,0.0
20230915:0330,0.0,0.0,-1.49,19.85,3.79,0.0
20230915:0430,39.02,71.63,8.83,19.95,3.72,0.0
20230915:0530,193.56,245.62,18.97,21.51,4.0,0.0
20230915:0630,422.66,501.28,28.5,21.51,4.62,0.0
20230915:0730,553.61,657.11,36.83,22.06,4.76,0.0
20230915:0830,633.37,769.51,43.13,24.97,4.55,0.0
20230915:0930,524.46,631.71,46.37,24.98,4.55,0.0
20230915:1030,551.02,676.41,45.84,26.57,3.45,0.0
20230915:1130,408.47,501.46,41.67,26.7,2.55,0.0
20230915:1230,306.45,378.5,34.72,26.47,2.14,0.0
20230915:1330,229.16,287.76,25.99,26.51,2.34,0.0
20230915:1430,132.01,179.87,16.24,26.16,2.07,0.0
20230915:1530,19.86,45.37,6.01,26.74,1.93,0.0
20230915:1630,0.0,0.0,-4.28,26.76,1.72,0.0
20230915:1730,0.0,0.0,0.0,23.96,1.59,0.0
20230915:1830,0.0,0.0,0.0,23.83,1.86,0.0
20230915:1930,0.0,0.0,0.0,24.0,2.0,0.0
20230915:2030,0.0,0.0,0.0,21.81,3.24,0.0
20230915:2130,0.0,0.0,0.0,21.77,4.21,0.0
20230915:2230,0.0,0.0,0.0,20.28,5.79,0.0
20230915:2330,0.0,0.0,0.0,20.02,5.72,0.0
20230916:0030,0.0,0.0,0.0,19.8,5.66,0.0
20230916:0130,0.0,0.0,0.0,19.43,5.38,0.0
20230916:0230,0.0,0.0,0.0,18.23,5.1,0.0
20230916:0330,0.0,0.0,-1.7,17.9,5.17,0.0
20230916:0430,34.39,63.18,8.61,17.62,5.1,0.0
20230916:0530,210.33,260.43,18.74,18.45,5.59,0.0
20230916:0630,370.46,433.96,28.25,18.93,5.38,0.0
20230916:0730,559.19,653.73,36.55,19.38,5.17,0.0
20230916:0830,601.65,718.72,42.79,23.11,5.03,0.0
20230916:0930,639.53,770.02,46.0,23.06,4.69,0.0
20230916:1030,674.9,822.68,45.45,25.09,4.83,0.0
20230916:1130,537.22,649.33,41.28,25.3,4.62,0.0
20230916:1230,502.44,607.06,34.35,25.31,4.28,0.0
20230916:1330,381.27,465.98,25.63,25.65,3.72,0.0
20230916:1430,173.03,231.32,15.89,25.42,3.38,0.0
20230916:1530,16.85,43.44,5.67,25.52,2.76,0.0
20230916:1630,0.0,0.0,-4.63,25.68,1.31,0.0
20230916:1730,0.0,0.0,0.0,21.78,1.72,0.0
20230916:1830,0.0,0.0,0.0,21.87,1.72,0.0
20230916:1930,0.0,0.0,0.0,21.83,3.31,0.0
20230916:2030,0.0,0.0,0.0,18.75,4.9,0.0
20230916:2130,0.0,0.0,0.0,18.51,4.69,0.0
20230916:2230,0.0,0.0,0.0,16.26,3.66,0.0
20230916:2330,0.0,0.0,0.0,15.8,3.1,0.0
20230917:0030,0.0,0.0,0.0,15.51,3.1,0.0
20230917:0130,0.0,0.0,0.0,15.4,3.17,0.0
20230917:0230,0.0,0.0,0.0,14.15,3.17,0.0
20230917:0330,0.0,0.0,-1.92,14.12,3.17,0.0
20230917:0430,46.89,81.33,8.39,14.11,3.17,0.0
20230917:0530,198.73,248.0,18.51,18.58,3.59,0.0
20230917:0630,440.57,517.15,28.0,18.39,3.72,0.0
20230917:0730,587.96,691.18,36.26,18.08,3.66,0.0
20230917:0830,701.78,859.73,42.46,23.44,3.66,0.0
20230917:0930,775.34,960.82,45.62,23.59,3.59,0.0
20230917:1030,758.56,950.34,45.05,25.21,3.24,0.0
20230917:1130,693.72,861.96,40.88,25.1,3.03,0.0
20230917:1230,570.64,701.63,33.97,24.94,2.55,0.0
20230917:1330,395.4,487.39,25.27,24.95,1.93,0.0
20230917:1430,187.04,250.55,15.54,24.35,1.17,0.0
20230917:1530,17.43,48.43,5.32,24.72,0.97,0.0
20230917:1630,0.0,0.0,0.0,25.12,1.38,0.0
20230917:1730,0.0,0.0,0.0,18.57,1.86,0.0
20230917:1830,0.0,0.0,0.0,18.96,2.34,0.0
20230917:1930,0.0,0.0,0.0,19.26,2.34,0.0
20230917:2030,0.0,0.0,0.0,16.22,2.07,0.0
20230917:2130,0.0,0.0,0.0,16.31,2.07,0.0
20230917:2230,0.0,0.0,0.0,14.84,1.86,0.0
20230917:2330,0.0,0.0,0.0,14.91,1.93,0.0
20230918:0030,0.0,0.0,0.0,15.48,2.0,0.0
20230918:0130,0.0,0.0,0.0,15.95,2.0,0.0
20230918:0230,0.0,0.0,0.0,14.63,2.07,0.0
20230918:0330,0.0,0.0,-2.14,14.57,2.21,0.0
20230918:0430,56.23,96.68,8.18,14.66,2.28,0.0
20230918:0530,251.99,312.02,18.28,18.93,3.03,0.0
20230918:0630,459.79,542.64,27.75,18.51,3.03,0.0
20230918:0730,625.57,745.23,35.97,18.86,3.03,0.0
20230918:0830,717.6,887.9,42.12,24.17,3.24,0.0
20230918:0930,771.28,958.73,45.25,24.1,3.52,0.0
20230918:1030,756.55,947.99,44.66,25.63,3.38,0.0
20230918:1130,693.5,859.05,40.49,25.47,3.45,0.0
20230918:1230,574.44,698.36,33.59,24.41,3.45,0.0
20230918:1330,398.89,485.76,24.91,24.24,3.17,0.0
20230918:1430,187.43,249.21,15.19,23.79,2.76,0.0
20230918:1530,16.44,46.94,4.98,24.07,2.62,0.0
20230918:1630,0.0,0.0,0.0,23.82,1.52,0.0
20230918:1730,0.0,0.0,0.0,20.89,2.07,0.0
20230918:1830,0.0,0.0,0.0,21.28,2.07,0.0
20230918:1930,0.0,0.0,0.0,21.81,1.66,0.0
20230918:2030,0.0,0.0,0.0,19.26,1.38,0.0
20230918:2130,0.0,0.0,0.0,19.74,1.1,0.0
20230918:2230,0.0,0.0,0.0,16.91,0.76,0.0
20230918:2330,0.0,0.0,0.0,17.13,0.41,0.0
20230919:0030,0.0,0.0,0.0,17.31,0.55,0.0
20230919:0130,0.0,0.0,0.0,15.38,1.17,0.0
20230919:0230,0.0,0.0,0.0,12.22,2.14,0.0
20230919:0330,0.0,0.0,-2.35,13.13,2.28,0.0
20230919:0430,56.92,97.61,7.96,13.96,1.93,0.0
20230919:0530,255.52,317.06,18.05,19.66,3.17,0.0
20230919:0630,466.23,551.28,27.49,19.52,3.52,0.0
20230919:0730,633.61,751.87,35.67,19.82,4.07,0.0
20230919:0830,731.08,893.69,41.79,24.95,4.97,0.0
20230919:0930,786.87,962.74,44.87,24.58,5.45,0.0
20230919:1030,774.12,951.48,44.26,25.84,5.52,0.0
20230919:1130,705.72,859.95,40.1,25.55,5.38,0.0
20230919:1230,576.11,694.56,33.21,25.31,5.24,0.0
20230919:1330,397.71,482.4,24.55,25.2,4.9,0.0
20230919:1430,183.83,243.96,14.84,23.82,4.41,0.0
20230919:1530,15.13,42.97,4.63,23.88,3.45,0.0
20230919:1630,0.0,0.0,0.0,23.78,1.59,0.0
20230919:1730,0.0,0.0,0.0,18.61,1.52,0.0
20230919:1830,0.0,0.0,0.0,19.1,1.59,0.0
20230919:1930,0.0,0.0,0.0,19.76,1.86,0.0
20230919:2030,0.0,0.0,0.0,18.31,1.93,0.0
20230919:2130,0.0,0.0,0.0,18.55,1.72,0.0
20230919:2230,0.0,0.0,0.0,17.17,2.07,0.0
20230919:2330,0.0,0.0,0.0,17.94,1.86,0.0
20230920:0030,0.0,0.0,0.0,17.44,2.41,0.0
20230920:0130,0.0,0.0,0.0,20.04,1.59,0.0
20230920:0230,0.0,0.0,0.0,19.04,0.97,0.0
20230920:0330,0.0,0.0,-2.57,18.74,1.1,0.0
20230920:0430,49.77,87.62,7.74,18.32,1.24,0.0
20230920:0530,230.66,291.6,17.82,20.51,0.69,0.0
20230920:0630,293.14,356.6,27.23,20.9,1.17,0.0
20230920:0730,461.28,554.18,35.38,20.66,2.07,0.0
20230920:0830,465.91,572.51,41.45,25.92,2.69,0.0
20230920:0930,547.5,671.79,44.49,25.6,3.24,0.0
20230920:1030,584.09,715.16,43.86,25.6,3.79,0.0
20230920:1130,532.48,649.19,39.7,25.45,3.79,0.0
20230920:1230,473.97,573.92,32.83,25.35,3.93,0.0
20230920:1330,329.84,403.24,24.18,25.23,4.0,0.0
20230920:1430,114.72,156.79,14.49,23.96,3.72,0.0
20230920:1530,12.05,30.8,4.29,23.85,3.59,0.0
20230920:1630,0.0,0.0,0.0,24.15,2.83,0.0
20230920:1730,0.0,0.0,0.0,20.54,2.14,0.0
20230920:1830,0.0,0.0,0.0,20.8,2.07,0.0
20230920:1930,0.0,0.0,0.0,21.01,2.0,0.0
20230920:2030,0.0,0.0,0.0,18.88,1.72,0.0
20230920:2130,0.0,0.0,0.0,19.03,1.38,0.0
20230920:2230,0.0,0.0,0.0,18.06,1.52,0.0
20230920:2330,0.0,0.0,0.0,18.2,1.38,0.0
20230921:0030,0.0,0.0,0.0,19.07,1.59,0.0
20230921:0130,0.0,0.0,0.0,19.75,1.45,0.0
20230921:0230,0.0,0.0,0.0,18.85,1.45,0.0
20230921:0330,0.0,0.0,-2.79,18.37,1.52,0.0
20230921:0430,34.32,63.94,7.52,17.85,0.9,0.0
20230921:0530,185.08,236.67,17.59,20.84,0.83,0.0
20230921:0630,376.92,456.91,26.97,20.45,0.76,0.0
20230921:0730,551.34,668.58,35.08,19.49,1.17,0.0
20230921:0830,664.97,833.36,41.11,24.36,1.86,0.0
20230921:0930,742.31,933.31,44.11,23.96,2.34,0.0
20230921:1030,714.88,908.85,43.46,27.0,2.41,0.0
20230921:1130,665.07,833.56,39.31,26.71,2.69,0.0
20230921:1230,547.55,673.92,32.46,26.47,2.97,0.0
20230921:1330,376.12,463.0,23.82,26.26,3.1,0.0
20230921:1430,162.93,220.47,14.14,25.3,3.1,0.0
20230921:1530,11.81,34.28,3.94,25.23,2.9,0.0
20230921:1630,0.0,0.0,0.0,25.21,1.93,0.0
20230921:1730,0.0,0.0,0.0,19.35,1.66,0.0
20230921:1830,0.0,0.0,0.0,19.05,1.79,0.0
20230921:1930,0.0,0.0,0.0,19.53,2.21,0.0
20230921:2030,0.0,0.0,0.0,17.44,2.21,0.0
20230921:2130,0.0,0.0,0.0,19.43,1.86,0.0
20230921:2230,0.0,0.0,0.0,17.36,1.45,0.0
20230921:2330,0.0,0.0,0.0,18.12,1.45,0.0
20230922:0030,0.0,0.0,0.0,17.26,2.0,0.0
20230922:0130,0.0,0.0,0.0,15.86,2.48,0.0
20230922:0230,0.0,0.0,0.0,14.72,2.41,0.0
20230922:0330,0.0,0.0,-3.01,15.06,2.55,0.0
20230922:0430,41.23,71.41,7.3,15.58,2.41,0.0
20230922:0530,201.16,253.68,17.35,20.38,2.21,0.0
20230922:0630,445.1,532.3,26.71,20.33,2.34,0.0
20230922:0730,603.3,722.65,34.79,19.71,2.69,0.0
20230922:0830,675.57,833.56,40.77,24.8,3.31,0.0
20230922:0930,757.94,933.29,43.73,24.14,4.14,0.0
20230922:1030,751.08,923.05,43.06,25.52,4.97,0.0
20230922:1130,685.65,832.69,38.91,24.9,5.03,0.0
20230922:1230,560.05,673.74,32.08,24.63,4.76,0.0
20230922:1330,374.19,453.63,23.46,24.45,4.41,0.0
20230922:1430,164.53,220.38,13.79,22.88,4.14,0.0
20230922:1530,10.46,35.54,3.6,22.86,3.86,0.0
20230922:1630,0.0,0.0,0.0,23.28,2.9,0.0
20230922:1730,0.0,0.0,0.0,19.44,2.55,0.0
20230922:1830,0.0,0.0,0.0,19.56,2.34,0.0
20230922:1930,0.0,0.0,0.0,19.79,2.14,0.0
20230922:2030,0.0,0.0,0.0,17.46,2.07,0.0
20230922:2130,0.0,0.0,0.0,17.67,2.0,0.0
20230922:2230,0.0,0.0,0.0,16.82,2.07,0.0
20230922:2330,0.0,0.0,0.0,16.49,1.72,0.0
20230923:0030,0.0,0.0,0.0,16.6,1.79,0.0
20230923:0130,0.0,0.0,0.0,17.06,1.86,0.0
20230923:0230,0.0,0.0,0.0,16.42,2.21,0.0
20230923:0330,0.0,0.0,-3.23,16.19,2.28,0.0
20230923:0430,47.72,84.9,7.08,16.16,1.72,0.0
20230923:0530,232.33,291.18,17.12,20.68,2.69,0.0
20230923:0630,415.82,493.13,26.45,20.57,3.66,0.0
20230923:0730,563.02,665.84,34.49,20.02,3.93,0.0
20230923:0830,636.45,776.75,40.42,25.11,4.14,0.0
20230923:0930,732.31,901.73,43.35,24.6,4.07,0.0
20230923:1030,731.1,905.02,42.66,25.97,4.21,0.0
20230923:1130,662.58,811.97,38.52,25.5,4.07,0.0
20230923:1230,537.53,652.27,31.7,25.28,3.79,0.0
20230923:1330,362.04,442.17,23.1,24.99,3.52,0.0
20230923:1430,157.79,213.38,13.44,23.52,3.17,0.0
20230923:1530,9.26,33.25,3.25,23.66,2.83,0.0
20230923:1630,0.0,0.0,0.0,23.91,1.86,0.0
20230923:1730,0.0,0.0,0.0,19.03,1.24,0.0
20230923:1830,0.0,0.0,0.0,19.4,1.66,0.0
20230923:1930,0.0,0.0,0.0,20.96,1.24,0.0
20230923:2030,0.0,0.0,0.0,19.52,0.9,0.0
20230923:2130,0.0,0.0,0.0,18.49,1.31,0.0
20230923:2230,0.0,0.0,0.0,16.26,1.17,0.0
20230923:2330,0.0,0.0,0.0,16.72,1.31,0.0
20230924:0030,0.0,0.0,0.0,17.36,1.52,0.0
20230924:0130,0.0,0.0,0.0,17.82,1.79,0.0
20230924:0230,0.0,0.0,0.0,17.2,1.86,0.0
20230924:0330,0.0,0.0,-3.45,17.22,2.07,0.0
20230924:0430,47.31,84.77,6.85,17.07,2.34,0.0
20230924:0530,236.46,293.82,16.88,19.44,3.24,0.0
20230924:0630,450.59,531.19,26.19,19.21,3.59,0.0
20230924:0730,616.58,730.31,34.19,18.82,3.45,0.0
20230924:0830,699.23,869.92,40.08,25.42,3.1,0.0
20230924:0930,745.62,936.82,42.97,25.13,2.83,0.0
20230924:1030,721.06,918.58,42.26,27.94,2.69,0.0
20230924:1130,656.4,826.21,38.12,27.89,2.76,0.0
20230924:1230,537.96,664.22,31.32,27.73,3.24,0.0
20230924:1330,363.63,450.02,22.73,27.58,3.45,0.0
20230924:1430,156.56,215.85,13.09,26.58,2.07,0.0
20230924:1530,8.4,32.59,2.91,27.12,0.41,0.0
20230924:1630,0.0,0.0,0.0,28.78,0.83,0.0
20230924:1730,0.0,0.0,0.0,22.88,1.52,0.0
20230924:1830,0.0,0.0,0.0,21.26,1.79,0.0
20230924:1930,0.0,0.0,0.0,21.08,1.93,0.0
20230924:2030,0.0,0.0,0.0,19.99,2.34,0.0
20230924:2130,0.0,0.0,0.0,20.35,2.07,0.0
20230924:2230,0.0,0.0,0.0,18.02,2.83,0.0
20230924:2330,0.0,0.0,0.0,17.55,2.48,0.0
20230925:0030,0.0,0.0,0.0,17.67,2.62,0.0
20230925:0130,0.0,0.0,0.0,18.13,3.24,0.0
20230925:0230,0.0,0.0,0.0,17.19,3.86,0.0
20230925:0330,0.0,0.0,-3.67,17.1,4.21,0.0
20230925:0430,50.4,89.53,6.63,16.88,4.34,0.0
20230925:0530,248.91,307.53,16.64,19.82,4.9,0.0
20230925:0630,462.05,540.86,25.93,19.55,5.31,0.0
20230925:0730,632.71,740.58,33.89,19.26,5.52,0.0
20230925:0830,718.56,880.59,39.73,26.49,5.45,0.0
20230925:0930,767.39,946.45,42.59,26.77,5.59,0.0
20230925:1030,751.83,933.73,41.86,28.93,5.93,0.0
20230925:1130,682.58,840.08,37.73,29.04,6.21,0.0
20230925:1230,552.4,675.22,30.94,29.2,6.0,0.0
20230925:1330,369.99,457.26,22.37,29.38,5.86,0.0
20230925:1430,158.17,218.22,12.74,28.22,5.66,0.0
20230925:1530,7.8,32.14,2.56,28.38,4.34,0.0
20230925:1630,0.0,0.0,0.0,28.48,3.59,0.0
20230925:1730,0.0,0.0,0.0,23.01,4.14,0.0
20230925:1830,0.0,0.0,0.0,23.1,4.9,0.0
20230925:1930,0.0,0.0,0.0,23.19,5.24,0.0
20230925:2030,0.0,0.0,0.0,20.75,5.31,0.0
20230925:2130,0.0,0.0,0.0,20.67,5.17,0.0
20230925:2230,0.0,0.0,0.0,18.77,5.79,0.0
20230925:2330,0.0,0.0,0.0,18.61,5.45,0.0
20230926:0030,0.0,0.0,0.0,18.35,5.1,0.0
20230926:0130,0.0,0.0,0.0,18.13,4.76,0.0
20230926:0230,0.0,0.0,0.0,16.53,4.69,0.0
20230926:0330,0.0,0.0,-3.89,16.34,4.83,0.0
20230926:0430,49.11,87.52,6.41,16.26,5.1,0.0
20230926:0530,247.38,304.33,16.4,19.22,5.66,0.0
20230926:0630,463.6,539.91,25.66,19.1,6.0,0.0
20230926:0730,636.66,741.71,33.58,19.08,6.21,0.0
20230926:0830,723.78,882.91,39.39,26.49,6.14,0.0
20230926:0930,773.3,949.13,42.2,26.76,6.28,0.0
20230926:1030,755.85,934.48,41.47,28.77,6.48,0.0
20230926:1130,682.85,839.54,37.33,28.84,6.21,0.0
20230926:1230,551.09,673.03,30.56,28.89,5.86,0.0
20230926:1330,366.94,453.33,22.01,28.98,5.52,0.0
20230926:1430,154.18,213.32,12.39,27.92,5.24,0.0
20230926:1530,2.95,12.42,2.22,28.1,3.93,0.0
20230926:1630,0.0,0.0,0.0,28.2,3.24,0.0
20230926:1730,0.0,0.0,0.0,22.35,3.66,0.0
20230926:1830,0.0,0.0,0.0,22.33,4.07,0.0
20230926:1930,0.0,0.0,0.0,22.44,4.07,0.0
20230926:2030,0.0,0.0,0.0,20.09,4.07,0.0
20230926:2130,0.0,0.0,0.0,19.83,4.14,0.0
20230926:2230,0.0,0.0,0.0,18.1,4.55,0.0
20230926:2330,0.0,0.0,0.0,17.96,4.07,0.0
20230927:0030,0.0,0.0,0.0,17.64,3.93,0.0
20230927:0130,0.0,0.0,0.0,17.51,4.14,0.0
20230927:0230,0.0,0.0,0.0,16.28,4.48,0.0
20230927:0330,0.0,0.0,-4.12,16.21,4.83,0.0
20230927:0430,47.89,85.68,6.18,16.17,5.1,0.0
20230927:0530,244.54,301.05,16.16,19.31,5.72,0.0
20230927:0630,459.82,535.87,25.39,19.31,6.07,0.0
20230927:0730,632.69,737.54,33.28,19.55,6.48,0.0
20230927:0830,723.17,879.19,39.04,26.39,6.55,0.0
20230927:0930,778.15,946.48,41.82,26.46,7.45,0.0
20230927:1030,762.69,932.98,41.07,28.22,7.79,0.0
20230927:1130,687.76,838.42,36.94,28.39,7.31,0.0
20230927:1230,554.33,672.34,30.18,28.61,7.03,0.0
20230927:1330,367.51,452.03,21.65,28.72,6.55,0.0
20230927:1430,152.79,211.14,12.04,27.42,6.21,0.0
20230927:1530,2.52,11.56,1.87,27.43,4.55,0.0
20230927:1630,0.0,0.0,0.0,27.6,3.72,0.0
20230927:1730,0.0,0.0,0.0,22.05,3.93,0.0
20230927:1830,0.0,0.0,0.0,22.09,4.21,0.0
20230927:1930,0.0,0.0,0.0,22.06,4.28,0.0
20230927:2030,0.0,0.0,0.0,19.49,4.34,0.0
20230927:2130,0.0,0.0,0.0,19.29,4.34,0.0
20230927:2230,0.0,0.0,0.0,17.44,5.03,0.0
20230927:2330,0.0,0.0,0.0,17.36,4.9,0.0
20230928:0030,0.0,0.0,0.0,17.17,4.69,0.0
20230928:0130,0.0,0.0,0.0,17.09,4.69,0.0
20230928:0230,0.0,0.0,0.0,16.09,4.62,0.0
20230928:0330,0.0,0.0,-4.34,16.02,4.76,0.0
20230928:0430,48.54,86.73,5.95,15.95,5.24,0.0
20230928:0530,249.26,305.53,15.92,18.77,6.07,0.0
20230928:0630,466.99,541.64,25.13,18.68,6.55,0.0
20230928:0730,639.62,741.74,32.98,18.63,6.69,0.0
20230928:0830,724.9,878.71,38.7,25.88,6.62,0.0
20230928:0930,770.84,940.51,41.44,26.07,6.55,0.0
20230928:1030,754.27,925.7,40.67,28.05,6.97,0.0
20230928:1130,680.56,830.7,36.55,28.4,6.97,0.0
20230928:1230,544.99,660.96,29.8,28.56,6.9,0.0
20230928:1330,356.65,438.59,21.28,28.62,6.76,0.0
20230928:1430,143.66,199.71,11.69,27.37,6.21,0.0
20230928:1530,2.12,10.79,1.53,27.47,4.83,0.0
20230928:1630,0.0,0.0,0.0,27.35,4.07,0.0
20230928:1730,0.0,0.0,0.0,22.0,3.86,0.0
20230928:1830,0.0,0.0,0.0,21.67,3.66,0.0
20230928:1930,0.0,0.0,0.0,21.35,3.79,0.0
20230928:2030,0.0,0.0,0.0,19.42,4.34,0.0
20230928:2130,0.0,0.0,0.0,19.52,4.9,0.0
20230928:2230,0.0,0.0,0.0,18.28,5.79,0.0
20230928:2330,0.0,0.0,0.0,18.45,5.86,0.0
20230929:0030,0.0,0.0,0.0,18.43,5.93,0.0
20230929:0130,0.0,0.0,0.0,18.43,6.0,0.0
20230929:0230,0.0,0.0,0.0,17.08,6.0,0.0
20230929:0330,0.0,0.0,-4.56,16.97,5.79,0.0
20230929:0430,36.84,70.28,5.73,16.87,5.59,0.0
20230929:0530,227.4,280.95,15.68,19.34,5.93,0.0
20230929:0630,407.57,474.29,24.86,19.05,6.34,0.0
20230929:0730,600.25,695.48,32.67,18.86,6.55,0.0
20230929:0830,668.53,804.39,38.35,25.25,6.48,0.0
20230929:0930,714.74,867.13,41.06,25.84,6.28,0.0
20230929:1030,737.66,905.15,40.27,28.04,6.76,0.0
20230929:1130,669.1,816.96,36.15,28.36,6.69,0.0
20230929:1230,504.93,612.98,29.42,28.52,6.28,0.0
20230929:1330,349.17,430.91,20.92,28.66,5.86,0.0
20230929:1430,143.33,199.8,11.34,27.16,5.59,0.0
20230929:1530,1.49,9.47,1.19,27.25,4.14,0.0
20230929:1630,0.0,0.0,0.0,27.53,3.72,0.0
20230929:1730,0.0,0.0,0.0,22.03,4.14,0.0
20230929:1830,0.0,0.0,0.0,21.95,4.34,0.0
20230929:1930,0.0,0.0,0.0,21.85,4.21,0.0
20230929:2030,0.0,0.0,0.0,19.19,3.86,0.0
20230929:2130,0.0,0.0,0.0,19.09,3.66,0.0
20230929:2230,0.0,0.0,0.0,17.5,4.14,0.0
20230929:2330,0.0,0.0,0.0,17.45,4.07,0.0
20230930:0030,0.0,0.0,0.0,17.43,4.21,0.0
20230930:0130,0.0,0.0,0.0,17.36,4.28,0.0
20230930:0230,0.0,0.0,0.0,16.25,4.21,0.0
20230930:0330,0.0,0.0,0.0,16.34,4.14,0.0
20230930:0430,41.04,77.23,5.5,16.25,4.07,0.0
20230930:0530,240.64,295.37,15.44,17.92,4.55,0.0
20230930:0630,451.18,527.92,24.59,18.82,4.55,0.0
20230930:0730,617.9,728.17,32.36,19.79,4.69,0.0
20230930:0830,708.05,865.66,38.0,25.24,4.76,0.0
20230930:0930,756.85,929.98,40.67,25.24,4.9,0.0
20230930:1030,744.89,915.88,39.87,26.56,5.45,0.0
20230930:1130,671.87,821.7,35.76,26.51,5.03,0.0
20230930:1230,534.56,650.94,29.05,26.64,4.28,0.0
20230930:1330,351.62,433.96,20.56,26.84,3.66,0.0
20230930:1430,139.5,194.5,10.99,25.34,3.1,0.0
20230930:1530,1.03,8.42,0.85,25.8,1.31,0.0
20230930:1630,0.0,0.0,0.0,25.47,1.72,0.0
20230930:1730,0.0,0.0,0.0,19.73,1.72,0.0
20230930:1830,0.0,0.0,0.0,19.55,2.0,0.0
20230930:1930,0.0,0.0,0.0,19.78,1.86,0.0
20230930:2030,0.0,0.0,0.0,18.14,1.93,0.0
20230930:2130,0.0,0.0,0.0,18.06,1.93,0.0
20230930:2230,0.0,0.0,0.0,16.88,2.0,0.0
20230930:2330,0.0,0.0,0.0,16.45,1.72,0.0
20231001:0030,0.0,0.0,0.0,16.55,1.93,0.0
20231001:0130,0.0,0.0,0.0,16.43,2.62,0.0
20231001:0230,0.0,0.0,0.0,15.2,2.9,0.0
20231001:0330,0.0,0.0,0.0,15.78,3.1,0.0
20231001:0430,36.92,70.52,5.27,15.15,3.1,0.0
20231001:0530,233.44,286.34,15.19,17.07,3.79,0.0
20231001:0630,456.51,533.88,24.31,17.59,3.59,0.0
20231001:0730,615.09,730.46,32.05,19.37,3.45,0.0
20231001:0830,665.07,819.19,37.65,25.09,3.38,0.0
20231001:0930,744.0,923.15,40.29,25.24,3.79,0.0
20231001:1030,727.45,908.72,39.48,27.07,3.86,0.0
20231001:1130,652.59,811.54,35.37,27.34,3.45,0.0
20231001:1230,528.39,650.54,28.67,27.56,3.38,0.0
20231001:1330,309.8,384.41,20.21,27.85,4.21,0.0
20231001:1430,71.79,107.49,10.65,25.44,5.79,0.0
20231001:1530,0.44,6.99,0.51,25.16,7.45,0.0
20231001:1630,0.0,0.0,0.0,24.56,7.38,0.0
20231001:1730,0.0,0.0,0.0,19.88,6.55,0.0
20231001:1830,0.0,0.0,0.0,19.39,6.76,0.0
20231001:1930,0.0,0.0,0.0,18.96,7.17,0.0
20231001:2030,0.0,0.0,0.0,16.14,7.03,0.0
20231001:2130,0.0,0.0,0.0,15.91,6.76,0.0
20231001:2230,0.0,0.0,0.0,14.3,7.03,0.0
20231001:2330,0.0,0.0,0.0,14.41,6.76,0.0
20231002:0030,0.0,0.0,0.0,14.25,6.55,0.0
20231002:0130,0.0,0.0,0.0,14.13,6.41,0.0
20231002:0230,0.0,0.0,0.0,13.4,6.28,0.0
20231002:0330,0.0,0.0,0.0,13.31,6.21,0.0
20231002:0430,37.09,70.54,5.04,13.34,6.21,0.0
20231002:0530,219.48,266.01,14.94,14.84,6.21,0.0
20231002:0630,441.09,502.11,24.04,15.13,7.17,0.0
20231002:0730,601.87,682.52,31.74,15.36,7.59,0.0
20231002:0830,605.26,700.57,37.3,19.88,8.21,0.0
20231002:0930,480.61,556.68,39.91,20.04,7.93,0.0
20231002:1030,283.56,337.19,39.08,21.15,8.07,0.0
20231002:1130,221.82,268.13,34.98,21.15,8.0,0.0
20231002:1230,404.74,471.32,28.3,20.88,7.93,0.0
20231002:1330,112.37,146.85,19.85,21.39,7.59,0.0
20231002:1430,36.1,58.88,10.3,19.9,7.24,0.0
20231002:1530,0.0,4.07,0.17,19.82,6.0,0.0
20231002:1630,0.0,0.0,0.0,19.86,4.76,0.0
20231002:1730,0.0,0.0,0.0,16.44,4.28,0.0
20231002:1830,0.0,0.0,0.0,16.01,3.93,0.0
20231002:1930,0.0,0.0,0.0,16.07,3.52,0.0
20231002:2030,0.0,0.0,0.0,13.42,3.45,0.0
20231002:2130,0.0,0.0,0.0,13.09,3.52,0.0
20231002:2230,0.0,0.0,0.0,11.06,3.66,0.0
20231002:2330,0.0,0.0,0.0,11.01,3.59,0.0
20231003:0030,0.0,0.0,0.0,10.98,3.52,0.0
20231003:0130,0.0,0.0,0.0,11.02,3.52,0.0
20231003:0230,0.0,0.0,0.0,9.63,3.52,0.0
20231003:0330,0.0,0.0,0.0,9.76,3.31,0.0
20231003:0430,39.06,72.36,4.81,9.76,3.17,0.0
20231003:0530,244.54,291.24,14.7,10.94,3.59,0.0
20231003:0630,470.38,535.16,23.77,11.35,3.24,0.0
20231003:0730,615.06,710.65,31.43,12.75,2.76,0.0
20231003:0830,720.88,877.81,36.95,18.77,2.28,0.0
20231003:0930,711.22,867.39,39.53,18.89,2.07,0.0
20231003:1030,722.73,917.85,38.68,20.97,0.83,0.0
20231003:1130,656.41,819.73,34.59,21.11,0.97,0.0
20231003:1230,530.11,642.03,27.92,21.22,1.79,0.0
20231003:1330,347.13,420.01,19.49,21.3,2.55,0.0
20231003:1430,131.1,180.73,9.96,20.4,2.9,0.0
20231003:1530,0.0,0.0,-0.16,20.71,2.41,0.0
20231003:1630,0.0,0.0,0.0,19.36,2.07,0.0
20231003:1730,0.0,0.0,0.0,15.08,2.76,0.0
20231003:1830,0.0,0.0,0.0,15.88,3.31,0.0
20231003:1930,0.0,0.0,0.0,16.27,3.59,0.0
20231003:2030,0.0,0.0,0.0,14.82,3.52,0.0
20231003:2130,0.0,0.0,0.0,14.8,3.38,0.0
20231003:2230,0.0,0.0,0.0,13.51,3.31,0.0
20231003:2330,0.0,0.0,0.0,13.43,3.17,0.0
20231004:0030,0.0,0.0,0.0,13.23,3.1,0.0
20231004:0130,0.0,0.0,0.0,13.12,3.1,0.0
20231004:0230,0.0,0.0,0.0,12.5,3.17,0.0
20231004:0330,0.0,0.0,0.0,12.63,3.24,0.0
20231004:0430,37.4,71.14,4.57,12.75,3.24,0.0
20231004:0530,234.16,286.42,14.45,16.45,3.79,0.0
20231004:0630,448.26,518.85,23.49,16.59,4.55,0.0
20231004:0730,622.5,717.85,31.12,16.25,5.31,0.0
20231004:0830,715.24,856.08,36.6,22.45,5.66,0.0
20231004:0930,766.99,918.53,39.14,22.15,6.14,0.0
20231004:1030,743.88,896.47,38.29,24.36,6.55,0.0
20231004:1130,666.75,795.17,34.2,24.04,6.83,0.0
20231004:1230,527.0,624.46,27.55,23.94,6.76,0.0
20231004:1330,333.56,403.22,19.14,24.12,6.41,0.0
20231004:1430,121.22,169.5,9.62,22.33,5.93,0.0
20231004:1530,0.0,0.0,-0.5,22.66,5.17,0.0
20231004:1630,0.0,0.0,0.0,22.57,5.03,0.0
20231004:1730,0.0,0.0,0.0,19.3,4.83,0.0
20231004:1830,0.0,0.0,0.0,19.25,4.34,0.0
20231004:1930,0.0,0.0,0.0,19.76,3.45,0.0
20231004:2030,0.0,0.0,0.0,18.6,2.9,0.0
20231004:2130,0.0,0.0,0.0,18.71,3.24,0.0
20231004:2230,0.0,0.0,0.0,17.08,4.21,0.0
20231004:2330,0.0,0.0,0.0,17.03,4.76,0.0
20231005:0030,0.0,0.0,0.0,16.87,4.83,0.0
20231005:0130,0.0,0.0,0.0,16.74,4.76,0.0
20231005:0230,0.0,0.0,0.0,14.91,4.97,0.0
20231005:0330,0.0,0.0,0.0,15.18,5.1,0.0
20231005:0430,8.96,24.16,4.34,15.27,4.97,0.0
20231005:0530,133.14,169.31,14.2,15.44,4.83,0.0
20231005:0630,383.03,440.3,23.22,15.16,4.83,0.0
20231005:0730,627.95,724.32,30.81,15.18,4.55,0.0
20231005:0830,595.65,704.68,36.25,20.17,4.34,0.0
20231005:0930,707.16,851.1,38.76,20.24,3.72,0.0
20231005:1030,739.99,909.99,37.9,21.98,3.03,0.0
20231005:1130,662.63,812.41,33.81,22.07,2.41,0.0
20231005:1230,533.3,646.46,27.18,22.08,2.14,0.0
20231005:1330,342.71,417.7,18.79,22.22,2.21,0.0
20231005:1430,123.11,171.91,9.28,21.04,2.41,0.0
20231005:1530,0.0,0.0,-0.83,21.44,1.72,0.0
20231005:1630,0.0,0.0,0.0,20.16,1.79,0.0
20231005:1730,0.0,0.0,0.0,16.26,2.07,0.0
20231005:1830,0.0,0.0,0.0,16.07,2.55,0.0
20231005:1930,0.0,0.0,0.0,15.57,2.97,0.0
20231005:2030,0.0,0.0,0.0,14.49,3.1,0.0
20231005:2130,0.0,0.0,0.0,14.67,3.38,0.0
20231005:2230,0.0,0.0,0.0,14.75,3.79,0.0
20231005:2330,0.0,0.0,0.0,14.78,3.72,0.0
20231006:0030,0.0,0.0,0.0,14.85,3.86,0.0
20231006:0130,0.0,0.0,0.0,15.19,4.28,0.0
20231006:0230,0.0,0.0,0.0,15.36,4.21,0.0
20231006:0330,0.0,0.0,0.0,14.8,3.86,0.0
20231006:0430,14.6,33.33,4.11,14.69,3.38,0.0
20231006:0530,148.17,187.0,13.95,15.69,3.79,0.0
20231006:0630,375.67,431.91,22.94,15.25,4.97,0.0
20231006:0730,462.09,528.34,30.5,15.92,5.59,0.0
20231006:0830,671.09,791.67,35.9,20.46,5.72,0.0
20231006:0930,713.65,845.52,38.38,20.6,5.79,0.0
20231006:1030,756.56,900.64,37.5,21.42,6.28,0.0
20231006:1130,650.13,766.63,33.43,21.61,6.48,0.0
20231006:1230,533.25,624.83,26.81,21.62,6.83,0.0
20231006:1330,296.36,354.96,18.43,21.43,7.1,0.0
20231006:1430,115.48,160.26,8.94,18.93,6.9,0.0
20231006:1530,0.0,0.0,-1.16,18.93,5.79,0.0
20231006:1630,0.0,0.0,0.0,18.98,4.55,0.0
20231006:1730,0.0,0.0,0.0,14.87,3.86,0.0
20231006:1830,0.0,0.0,0.0,14.73,3.72,0.0
20231006:1930,0.0,0.0,0.0,14.76,3.93,0.0
20231006:2030,0.0,0.0,0.0,12.26,3.66,0.0
20231006:2130,0.0,0.0,0.0,12.23,3.17,0.0
20231006:2230,0.0,0.0,0.0,9.69,3.03,0.0
20231006:2330,0.0,0.0,0.0,9.45,2.41,0.0
20231007:0030,0.0,0.0,0.0,9.27,2.0,0.0
20231007:0130,0.0,0.0,0.0,9.17,1.93,0.0
20231007:0230,0.0,0.0,0.0,7.33,1.79,0.0
20231007:0330,0.0,0.0,0.0,7.04,1.86,0.0
20231007:0430,36.01,67.97,3.87,6.95,1.93,0.0
20231007:0530,238.79,286.7,13.7,11.65,2.55,0.0
20231007:0630,435.05,496.38,22.66,12.41,3.59,0.0
20231007:0730,543.21,617.81,30.19,13.89,5.31,0.0
20231007:0830,573.86,668.96,35.55,19.79,6.76,0.0
20231007:0930,625.95,728.7,38.0,19.69,7.59,0.0
20231007:1030,710.37,837.94,37.11,22.56,8.48,0.0
20231007:1130,674.58,791.04,33.05,22.59,9.03,0.0
20231007:1230,531.58,622.22,26.45,22.92,8.9,0.0
20231007:1330,330.44,396.41,18.09,23.16,8.34,0.0
20231007:1430,103.3,147.43,8.61,22.82,7.45,0.0
20231007:1530,0.0,0.0,-1.49,22.71,5.86,0.0
20231007:1630,0.0,0.0,0.0,22.5,5.59,0.0
20231007:1730,0.0,0.0,0.0,19.72,5.66,0.0
20231007:1830,0.0,0.0,0.0,19.59,5.72,0.0
20231007:1930,0.0,0.0,0.0,19.33,5.66,0.0
20231007:2030,0.0,0.0,0.0,18.22,5.38,0.0
20231007:2130,0.0,0.0,0.0,18.32,4.97,0.0
20231007:2230,0.0,0.0,0.0,16.96,5.1,0.0
20231007:2330,0.0,0.0,0.0,16.61,4.9,0.0
20231008:0030,0.0,0.0,0.0,16.78,4.76,0.0
20231008:0130,0.0,0.0,0.0,17.0,4.76,0.0
20231008:0230,0.0,0.0,0.0,15.52,4.83,0.0
20231008:0330,0.0,0.0,0.0,15.32,4.76,0.0
20231008:0430,20.99,45.8,3.64,15.34,4.62,0.0
20231008:0530,142.58,180.64,13.45,16.24,4.76,0.0
20231008:0630,302.1,352.07,22.38,16.95,5.03,0.0
20231008:0730,375.93,431.72,29.87,17.18,5.52,0.0
20231008:0830,333.79,387.7,35.2,18.15,5.72,0.0
20231008:0930,199.41,241.2,37.63,19.62,5.66,0.0
20231008:1030,284.13,328.46,36.73,15.61,4.97,0.0
20231008:1130,125.17,157.58,32.66,15.74,7.31,0.0
20231008:1230,21.06,37.5,26.08,12.14,8.14,0.0
20231008:1330,7.47,18.98,17.74,10.72,6.21,0.0
20231008:1430,3.14,12.01,8.27,9.25,4.9,0.0
20231008:1530,0.0,0.0,-1.81,9.55,5.38,0.0
20231008:1630,0.0,0.0,0.0,9.8,5.66,0.0
20231008:1730,0.0,0.0,0.0,8.7,5.59,0.0
20231008:1830,0.0,0.0,0.0,8.75,5.24,0.0
20231008:1930,0.0,0.0,0.0,8.23,5.1,0.0
20231008:2030,0.0,0.0,0.0,7.22,5.52,0.0
20231008:2130,0.0,0.0,0.0,7.33,5.66,0.0
20231008:2230,0.0,0.0,0.0,6.44,6.28,0.0
20231008:2330,0.0,0.0,0.0,6.61,6.34,0.0
20231009:0030,0.0,0.0,0.0,6.73,6.41,0.0
20231009:0130,0.0,0.0,0.0,6.81,6.41,0.0
20231009:0230,0.0,0.0,0.0,5.31,6.14,0.0
20231009:0330,0.0,0.0,0.0,5.26,6.14,0.0
20231009:0430,36.97,69.21,3.4,5.27,6.21,0.0
20231009:0530,253.15,293.67,13.19,6.88,6.41,0.0
20231009:0630,458.78,503.28,22.1,7.29,7.24,0.0
20231009:0730,622.75,679.7,29.56,7.47,8.34,0.0
20231009:0830,745.95,834.23,34.85,10.95,7.86,0.0
20231009:0930,625.75,698.31,37.25,10.97,7.31,0.0
20231009:1030,648.27,733.17,36.34,12.88,6.69,0.0
20231009:1130,460.16,520.22,32.28,13.09,6.41,0.0
20231009:1230,264.84,306.35,25.72,12.93,6.0,0.0
20231009:1330,161.18,195.04,17.39,12.68,6.14,0.0
20231009:1430,20.75,37.0,7.94,11.29,5.59,0.0
20231009:1530,0.0,0.0,-2.14,11.3,4.14,0.0
20231009:1630,0.0,0.0,0.0,11.63,3.52,0.0
20231009:1730,0.0,0.0,0.0,9.74,2.97,0.0
20231009:1830,0.0,0.0,0.0,8.7,2.34,0.0
20231009:1930,0.0,0.0,0.0,9.52,2.0,0.0
20231009:2030,0.0,0.0,0.0,8.28,1.52,0.0
20231009:2130,0.0,0.0,0.0,7.78,1.38,0.0
20231009:2230,0.0,0.0,0.0,7.23,1.38,0.0
20231009:2330,0.0,0.0,0.0,6.83,1.38,0.0
20231010:0030,0.0,0.0,0.0,7.09,1.59,0.0
20231010:0130,0.0,0.0,0.0,7.78,1.52,0.0
20231010:0230,0.0,0.0,0.0,7.98,2.0,0.0
20231010:0330,0.0,0.0,0.0,8.16,2.62,0.0
20231010:0430,6.02,18.05,3.17,7.81,3.17,0.0
20231010:0530,32.55,51.09,12.94,8.38,3.45,0.0
20231010:0630,74.99,98.87,21.82,7.7,3.38,0.0
20231010:0730,232.88,266.25,29.24,7.83,3.38,0.0
20231010:0830,234.09,271.02,34.5,11.64,3.31,0.0
20231010:0930,549.55,626.29,36.87,11.94,3.38,0.0
20231010:1030,587.92,677.26,35.95,13.9,3.59,0.0
20231010:1130,648.8,751.3,31.91,14.04,3.79,0.0
20231010:1230,489.7,561.34,25.36,14.74,4.21,0.0
20231010:1330,264.39,311.31,17.05,14.78,4.48,0.0
20231010:1430,41.46,64.87,7.62,13.52,4.83,0.0
20231010:1530,0.0,0.0,-2.46,13.28,3.93,0.0
20231010:1630,0.0,0.0,0.0,12.89,4.07,0.0
20231010:1730,0.0,0.0,0.0,8.92,4.0,0.0
20231010:1830,0.0,0.0,0.0,8.62,3.66,0.0
20231010:1930,0.0,0.0,0.0,8.56,3.24,0.0
20231010:2030,0.0,0.0,0.0,6.4,2.83,0.0
20231010:2130,0.0,0.0,0.0,5.83,2.62,0.0
20231010:2230,0.0,0.0,0.0,4.44,2.76,0.0
20231010:2330,0.0,0.0,0.0,4.73,2.9,0.0
20231011:0030,0.0,0.0,0.0,4.43,2.83,0.0
20231011:0130,0.0,0.0,0.0,4.38,2.48,0.0
20231011:0230,0.0,0.0,0.0,3.01,2.34,0.0
20231011:0330,0.0,0.0,0.0,3.16,2.21,0.0
20231011:0430,27.5,53.67,2.93,3.0,2.0,0.0
20231011:0530,202.54,239.8,12.69,6.35,2.21,0.0
20231011:0630,454.22,508.44,21.54,6.91,2.48,0.0
20231011:0730,618.54,701.57,28.93,8.74,2.69,0.0
20231011:0830,726.64,859.42,34.15,14.17,2.62,0.0
20231011:0930,768.42,915.72,36.5,13.97,2.48,0.0
20231011:1030,730.68,868.26,35.57,15.98,3.1,0.0
20231011:1130,670.99,786.15,31.53,15.73,3.52,0.0
20231011:1230,533.7,616.31,25.0,15.42,3.86,0.0
20231011:1330,333.67,390.33,16.71,15.2,4.28,0.0
20231011:1430,108.0,149.77,7.29,13.81,4.55,0.0
20231011:1530,0.0,0.0,-2.77,14.18,3.79,0.0
20231011:1630,0.0,0.0,0.0,14.36,3.45,0.0
20231011:1730,0.0,0.0,0.0,11.07,3.66,0.0
20231011:1830,0.0,0.0,0.0,11.52,3.72,0.0
20231011:1930,0.0,0.0,0.0,12.17,3.79,0.0
20231011:2030,0.0,0.0,0.0,11.35,4.07,0.0
20231011:2130,0.0,0.0,0.0,11.58,4.14,0.0
20231011:2230,0.0,0.0,0.0,11.5,4.21,0.0
20231011:2330,0.0,0.0,0.0,11.84,4.28,0.0
20231012:0030,0.0,0.0,0.0,11.74,4.14,0.0
20231012:0130,0.0,0.0,0.0,11.72,3.86,0.0
20231012:0230,0.0,0.0,0.0,11.61,4.0,0.0
20231012:0330,0.0,0.0,0.0,11.53,4.21,0.0
20231012:0430,28.46,58.36,2.69,11.58,4.07,0.0
20231012:0530,214.23,260.88,12.43,14.41,4.21,0.0
20231012:0630,402.28,461.34,21.26,14.67,4.76,0.0
20231012:0730,553.31,626.67,28.61,14.22,6.07,0.0
20231012:0830,615.91,718.55,33.8,19.68,6.48,0.0
20231012:0930,664.15,773.31,36.12,19.02,6.83,0.0
20231012:1030,725.18,850.84,35.19,20.56,7.45,0.0
20231012:1130,656.98,764.18,31.16,20.1,7.66,0.0
20231012:1230,510.01,589.65,24.65,19.66,7.72,0.0
20231012:1330,307.84,364.88,16.37,19.37,7.72,0.0
20231012:1430,94.82,135.52,6.97,17.24,7.59,0.0
20231012:1530,0.0,0.0,-3.09,17.59,6.83,0.0
20231012:1630,0.0,0.0,0.0,18.05,6.34,0.0
20231012:1730,0.0,0.0,0.0,15.36,5.93,0.0
20231012:1830,0.0,0.0,0.0,15.68,5.66,0.0
20231012:1930,0.0,0.0,0.0,16.0,5.79,0.0
20231012:2030,0.0,0.0,0.0,15.14,5.66,0.0
20231012:2130,0.0,0.0,0.0,15.26,5.38,0.0
20231012:2230,0.0,0.0,0.0,14.43,5.66,0.0
20231012:2330,0.0,0.0,0.0,14.71,5.38,0.0
20231013:0030,0.0,0.0,0.0,14.76,4.69,0.0
20231013:0130,0.0,0.0,0.0,14.75,4.28,0.0
20231013:0230,0.0,0.0,0.0,13.8,4.0,0.0
20231013:0330,0.0,0.0,0.0,13.69,3.59,0.0
20231013:0430,9.27,24.21,2.45,13.52,3.1,0.0
20231013:0530,61.69,86.67,12.17,14.37,3.03,0.0
20231013:0630,111.9,142.69,20.98,14.03,3.1,0.0
20231013:0730,202.43,241.15,28.3,13.44,2.9,0.0
20231013:0830,202.9,246.2,33.45,16.54,2.21,0.0
20231013:0930,166.78,206.59,35.75,16.58,1.79,0.0
20231013:1030,231.2,281.24,34.81,18.78,1.72,0.0
20231013:1130,261.98,316.62,30.79,19.14,1.38,0.0
20231013:1230,249.18,300.86,24.29,19.02,1.38,0.0
20231013:1330,208.6,256.88,16.04,19.1,1.38,0.0
20231013:1430,42.72,69.59,6.65,18.55,1.03,0.0
20231013:1530,0.0,0.0,-3.4,18.33,0.76,0.0
20231013:1630,0.0,0.0,0.0,17.66,0.48,0.0
20231013:1730,0.0,0.0,0.0,13.57,0.28,0.0
20231013:1830,0.0,0.0,0.0,13.82,0.55,0.0
20231013:1930,0.0,0.0,0.0,14.27,0.83,0.0
20231013:2030,0.0,0.0,0.0,12.32,0.69,0.0
20231013:2130,0.0,0.0,0.0,12.65,0.41,0.0
20231013:2230,0.0,0.0,0.0,13.74,0.55,0.0
20231013:2330,0.0,0.0,0.0,13.48,0.55,0.0
20231014:0030,0.0,0.0,0.0,12.34,0.97,0.0
20231014:0130,0.0,0.0,0.0,11.09,1.72,0.0
20231014:0230,0.0,0.0,0.0,9.66,2.34,0.0
20231014:0330,0.0,0.0,0.0,10.08,2.48,0.0
20231014:0430,3.24,12.24,2.21,10.38,2.21,0.0
20231014:0530,207.95,254.1,11.92,13.12,1.86,0.0
20231014:0630,421.7,487.64,20.69,13.75,2.34,0.0
20231014:0730,588.87,685.9,27.99,14.87,2.76,0.0
20231014:0830,679.55,820.68,33.11,20.69,3.17,0.0
20231014:0930,729.69,880.85,35.38,20.2,3.59,0.0
20231014:1030,708.53,858.17,34.43,22.43,4.14,0.0
20231014:1130,607.5,723.1,30.42,21.91,4.55,0.0
20231014:1230,488.49,576.9,23.94,21.54,4.76,0.0
20231014:1330,272.1,329.4,15.71,21.31,5.1,0.0
20231014:1430,85.46,125.51,6.33,18.95,5.1,0.0
20231014:1530,0.0,0.0,-3.71,19.26,4.34,0.0
20231014:1630,0.0,0.0,0.0,19.65,4.28,0.0
20231014:1730,0.0,0.0,0.0,16.54,4.41,0.0
20231014:1830,0.0,0.0,0.0,16.97,4.48,0.0
20231014:1930,0.0,0.0,0.0,17.24,4.41,0.0
20231014:2030,0.0,0.0,0.0,15.63,4.21,0.0
20231014:2130,0.0,0.0,0.0,15.61,4.07,0.0
20231014:2230,0.0,0.0,0.0,14.97,4.41,0.0
20231014:2330,0.0,0.0,0.0,15.1,4.34,0.0
20231015:0030,0.0,0.0,0.0,15.26,4.41,0.0
20231015:0130,0.0,0.0,0.0,15.5,4.28,0.0
20231015:0230,0.0,0.0,0.0,15.13,4.28,0.0
20231015:0330,0.0,0.0,0.0,15.14,3.86,0.0
20231015:0430,2.71,11.47,1.97,15.02,3.59,0.0
20231015:0530,200.33,248.0,11.66,16.63,3.59,0.0
20231015:0630,393.82,458.49,20.41,17.16,4.0,0.0
20231015:0730,559.01,645.42,27.67,16.88,4.9,0.0
20231015:0830,670.69,797.69,32.76,21.52,5.24,0.0
20231015:0930,703.03,835.88,35.01,20.99,5.38,0.0
20231015:1030,711.47,851.38,34.05,22.69,5.79,0.0
20231015:1130,632.32,746.4,30.05,22.04,6.34,0.0
20231015:1230,492.77,576.78,23.59,21.38,6.55,0.0
20231015:1330,284.98,342.95,15.38,21.09,6.34,0.0
20231015:1430,84.93,124.86,6.01,18.58,6.0,0.0
20231015:1530,0.0,0.0,-4.01,19.11,5.24,0.0
20231015:1630,0.0,0.0,0.0,19.59,4.83,0.0
20231015:1730,0.0,0.0,0.0,16.77,4.41,0.0
20231015:1830,0.0,0.0,0.0,17.05,4.34,0.0
20231015:1930,0.0,0.0,0.0,17.62,4.14,0.0
20231015:2030,0.0,0.0,0.0,16.48,4.28,0.0
20231015:2130,0.0,0.0,0.0,16.74,4.28,0.0
20231015:2230,0.0,0.0,0.0,15.36,4.28,0.0
20231015:2330,0.0,0.0,0.0,15.41,4.14,0.0
20231016:0030,0.0,0.0,0.0,15.51,4.07,0.0
20231016:0130,0.0,0.0,0.0,15.55,6.62,0.0
20231016:0230,0.0,0.0,0.0,11.63,8.55,0.0
20231016:0330,0.0,0.0,0.0,10.06,9.66,0.0
20231016:0430,0.0,1.55,1.73,9.6,9.79,0.0
20231016:0530,3.7,12.88,11.4,6.74,10.14,0.0
20231016:0630,24.31,40.68,20.13,6.5,9.52,0.0
20231016:0730,122.07,147.98,27.36,7.41,9.24,0.0
20231016:0830,105.2,131.94,32.42,9.71,9.38,0.0
20231016:0930,148.23,177.61,34.64,10.06,9.24,0.0
20231016:1030,259.2,296.26,33.68,11.75,8.48,0.0
20231016:1130,426.69,475.28,29.69,11.97,8.76,0.0
20231016:1230,378.89,424.21,23.25,12.25,8.9,0.0
20231016:1330,280.15,323.03,15.05,12.32,8.76,0.0
20231016:1430,88.04,125.54,5.7,11.37,8.55,0.0
20231016:1530,0.0,0.0,-4.32,11.26,7.38,0.0
20231016:1630,0.0,0.0,0.0,11.31,6.9,0.0
20231016:1730,0.0,0.0,0.0,8.27,6.55,0.0
20231016:1830,0.0,0.0,0.0,8.17,6.0,0.0
20231016:1930,0.0,0.0,0.0,8.18,5.59,0.0
20231016:2030,0.0,0.0,0.0,6.69,5.17,0.0
20231016:2130,0.0,0.0,0.0,6.69,5.17,0.0
20231016:2230,0.0,0.0,0.0,5.52,5.17,0.0
20231016:2330,0.0,0.0,0.0,5.33,4.69,0.0
20231017:0030,0.0,0.0,0.0,5.37,4.48,0.0
20231017:0130,0.0,0.0,0.0,5.25,4.21,0.0
20231017:0230,0.0,0.0,0.0,4.18,4.07,0.0
20231017:0330,0.0,0.0,0.0,4.12,4.07,0.0
20231017:0430,2.26,10.29,1.49,3.87,3.93,0.0
20231017:0530,220.22,257.77,11.15,5.57,4.0,0.0
20231017:0630,456.1,503.47,19.85,6.15,4.21,0.0
20231017:0730,638.83,706.13,27.04,6.67,4.69,0.0
20231017:0830,740.44,850.48,32.07,11.7,4.21,0.0
20231017:0930,722.18,831.49,34.28,12.04,4.14,0.0
20231017:1030,587.18,674.69,33.31,13.63,3.86,0.0
20231017:1130,443.04,505.15,29.33,13.72,4.55,0.0
20231017:1230,189.46,226.47,22.91,13.9,4.34,0.0
20231017:1330,109.82,140.07,14.73,13.68,4.14,0.0
20231017:1430,24.37,43.15,5.4,12.02,3.66,0.0
20231017:1530,0.0,0.0,-4.62,12.28,2.34,0.0
20231017:1630,0.0,0.0,0.0,12.08,2.07,0.0
20231017:1730,0.0,0.0,0.0,7.84,1.93,0.0
20231017:1830,0.0,0.0,0.0,7.26,1.93,0.0
20231017:1930,0.0,0.0,0.0,7.07,2.07,0.0
20231017:2030,0.0,0.0,0.0,4.26,2.28,0.0
20231017:2130,0.0,0.0,0.0,3.95,2.21,0.0
20231017:2230,0.0,0.0,0.0,3.93,2.0,0.0
20231017:2330,0.0,0.0,0.0,3.59,2.0,0.0
20231018:0030,0.0,0.0,0.0,3.8,1.86,0.0
20231018:0130,0.0,0.0,0.0,3.6,1.79,0.0
20231018:0230,0.0,0.0,0.0,3.38,1.86,0.0
20231018:0330,0.0,0.0,0.0,2.65,1.79,0.0
20231018:0430,2.39,10.47,1.25,2.39,1.93,0.0
20231018:0530,193.71,230.37,10.89,5.89,1.86,0.0
20231018:0630,389.41,435.64,19.56,6.72,2.41,0.0
20231018:0730,618.83,703.92,26.73,9.14,2.55,0.0
20231018:0830,575.53,666.61,31.73,13.29,2.41,0.0
20231018:0930,738.27,875.29,33.91,13.36,2.28,0.0
20231018:1030,617.15,729.31,32.94,15.7,2.21,0.0
20231018:1130,255.55,300.8,28.97,15.64,2.48,0.0
20231018:1230,218.02,258.14,22.57,14.99,2.9,0.0
20231018:1330,128.71,162.19,14.41,15.17,2.97,0.0
20231018:1430,39.65,66.45,5.09,13.85,2.28,0.0
20231018:1530,0.0,0.0,0.0,14.09,2.34,0.0
20231018:1630,0.0,0.0,0.0,13.98,2.62,0.0
20231018:1730,0.0,0.0,0.0,10.27,2.9,0.0
20231018:1830,0.0,0.0,0.0,11.31,3.17,0.0
20231018:1930,0.0,0.0,0.0,11.63,3.31,0.0
20231018:2030,0.0,0.0,0.0,10.82,3.59,0.0
20231018:2130,0.0,0.0,0.0,10.93,3.79,0.0
20231018:2230,0.0,0.0,0.0,9.38,3.79,0.0
20231018:2330,0.0,0.0,0.0,9.11,3.72,0.0
20231019:0030,0.0,0.0,0.0,9.74,3.86,0.0
20231019:0130,0.0,0.0,0.0,9.6,3.93,0.0
20231019:0230,0.0,0.0,0.0,8.6,3.79,0.0
20231019:0330,0.0,0.0,0.0,8.62,3.52,0.0
20231019:0430,1.37,8.69,1.01,7.96,3.24,0.0
20231019:0530,181.77,220.27,10.63,9.76,3.1,0.0
20231019:0630,391.22,441.79,19.28,10.11,3.45,0.0
20231019:0730,549.77,618.4,26.42,10.33,3.93,0.0
20231019:0830,679.95,796.22,31.39,17.49,4.69,0.0
20231019:0930,619.35,716.4,33.55,17.59,5.86,0.0
20231019:1030,571.17,661.13,32.58,19.77,7.03,0.0
20231019:1130,430.64,496.84,28.62,19.61,8.41,0.0
20231019:1230,174.45,213.07,22.23,19.32,8.83,0.0
20231019:1330,139.93,176.45,14.09,19.06,8.69,0.0
20231019:1430,40.85,68.41,4.79,17.56,7.52,0.0
20231019:1530,0.0,0.0,0.0,17.62,7.72,0.0
20231019:1630,0.0,0.0,0.0,17.92,8.34,0.0
20231019:1730,0.0,0.0,0.0,15.79,8.41,0.0
20231019:1830,0.0,0.0,0.0,15.85,8.21,0.0
20231019:1930,0.0,0.0,0.0,16.02,8.62,0.0
20231019:2030,0.0,0.0,0.0,16.44,9.03,0.0
20231019:2130,0.0,0.0,0.0,16.7,9.03,0.0
20231019:2230,0.0,0.0,0.0,16.78,9.03,0.0
20231019:2330,0.0,0.0,0.0,16.91,8.83,0.0
20231020:0030,0.0,0.0,0.0,16.71,8.62,0.0
20231020:0130,0.0,0.0,0.0,16.74,8.41,0.0
20231020:0230,0.0,0.0,0.0,16.59,8.21,0.0
20231020:0330,0.0,0.0,0.0,16.66,7.79,0.0
20231020:0430,0.98,8.1,0.77,16.79,7.31,0.0
20231020:0530,177.5,221.8,10.37,17.82,7.52,0.0
20231020:0630,382.73,441.84,19.0,17.8,7.45,0.0
20231020:0730,564.31,642.8,26.1,17.47,8.69,0.0
20231020:0830,667.72,778.1,31.05,21.38,8.76,0.0
20231020:0930,714.29,833.22,33.19,20.88,8.69,0.0
20231020:1030,672.32,790.16,32.22,22.89,8.62,0.0
20231020:1130,603.2,706.01,28.27,22.5,8.21,0.0
20231020:1230,456.35,534.13,21.9,22.19,7.66,0.0
20231020:1330,259.48,314.89,13.78,21.89,7.17,0.0
20231020:1430,55.59,89.35,4.49,19.8,6.07,0.0
20231020:1530,0.0,0.0,0.0,20.14,5.86,0.0
20231020:1630,0.0,0.0,0.0,20.36,5.66,0.0
20231020:1730,0.0,0.0,0.0,18.3,5.31,0.0
20231020:1830,0.0,0.0,0.0,18.68,4.97,0.0
20231020:1930,0.0,0.0,0.0,19.16,4.83,0.0
20231020:2030,0.0,0.0,0.0,18.5,5.1,0.0
20231020:2130,0.0,0.0,0.0,18.3,4.9,0.0
20231020:2230,0.0,0.0,0.0,17.3,4.9,0.0
20231020:2330,0.0,0.0,0.0,17.09,4.69,0.0
20231021:0030,0.0,0.0,0.0,17.04,4.69,0.0
20231021:0130,0.0,0.0,0.0,16.86,4.14,0.0
20231021:0230,0.0,0.0,0.0,16.32,3.86,0.0
20231021:0330,0.0,0.0,0.0,16.53,3.66,0.0
20231021:0430,0.66,7.37,0.53,16.63,2.9,0.0
20231021:0530,189.32,237.54,10.11,17.65,2.41,0.0
20231021:0630,405.07,476.29,18.71,18.1,2.97,0.0
20231021:0730,570.38,676.09,25.79,18.69,2.76,0.0
20231021:0830,654.81,810.55,30.71,25.49,2.97,0.0
20231021:0930,699.28,869.82,32.84,25.33,3.03,0.0
20231021:1030,667.07,840.84,31.86,28.46,2.97,0.0
20231021:1130,587.76,735.97,27.92,28.66,2.69,0.0
20231021:1230,451.11,560.36,21.57,28.8,2.48,0.0
20231021:1330,260.83,331.24,13.47,28.68,2.48,0.0
20231021:1430,62.54,102.0,4.2,25.46,2.14,0.0
20231021:1530,0.0,0.0,0.0,24.93,2.14,0.0
20231021:1630,0.0,0.0,0.0,22.8,2.28,0.0
20231021:1730,0.0,0.0,0.0,19.78,2.28,0.0
20231021:1830,0.0,0.0,0.0,19.47,2.34,0.0
20231021:1930,0.0,0.0,0.0,19.56,2.76,0.0
20231021:2030,0.0,0.0,0.0,17.33,2.83,0.0
20231021:2130,0.0,0.0,0.0,17.06,2.28,0.0
20231021:2230,0.0,0.0,0.0,15.64,1.79,0.0
20231021:2330,0.0,0.0,0.0,14.91,2.21,0.0
20231022:0030,0.0,0.0,0.0,14.47,2.28,0.0
20231022:0130,0.0,0.0,0.0,14.74,2.34,0.0
20231022:0230,0.0,0.0,0.0,13.77,2.41,0.0
20231022:0330,0.0,0.0,0.0,13.93,3.03,0.0
20231022:0430,0.43,6.78,0.29,13.78,2.97,0.0
20231022:0530,190.06,234.88,9.85,14.38,2.62,0.0
20231022:0630,405.24,473.23,18.43,15.81,2.34,0.0
20231022:0730,567.39,671.68,25.48,18.09,2.55,0.0
20231022:0830,655.09,804.9,30.37,23.81,2.83,0.0
20231022:0930,700.06,860.21,32.48,23.08,3.03,0.0
20231022:1030,668.83,833.39,31.5,27.79,3.66,0.0
20231022:1130,593.06,725.69,27.58,26.76,4.07,0.0
20231022:1230,454.94,549.44,21.25,25.7,4.28,0.0
20231022:1330,259.11,320.94,13.17,24.83,4.48,0.0
20231022:1430,59.01,95.56,3.91,21.3,4.41,0.0
20231022:1530,0.0,0.0,0.0,21.8,3.72,0.0
20231022:1630,0.0,0.0,0.0,22.14,3.79,0.0
20231022:1730,0.0,0.0,0.0,19.33,4.0,0.0
20231022:1830,0.0,0.0,0.0,19.44,4.0,0.0
20231022:1930,0.0,0.0,0.0,20.1,3.79,0.0
20231022:2030,0.0,0.0,0.0,17.95,3.45,0.0
20231022:2130,0.0,0.0,0.0,17.77,3.38,0.0
20231022:2230,0.0,0.0,0.0,16.22,3.24,0.0
20231022:2330,0.0,0.0,0.0,16.15,3.03,0.0
20231023:0030,0.0,0.0,0.0,16.45,3.03,0.0
20231023:0130,0.0,0.0,0.0,16.62,3.38,0.0
20231023:0230,0.0,0.0,0.0,15.1,3.66,0.0
20231023:0330,0.0,0.0,0.0,15.22,3.52,0.0
20231023:0430,0.21,6.23,0.04,14.98,3.1,0.0
20231023:0530,178.75,223.35,9.59,16.0,3.03,0.0
20231023:0630,398.32,462.69,18.15,16.35,3.66,0.0
20231023:0730,557.88,651.02,25.17,17.48,3.72,0.0
20231023:0830,642.54,769.47,30.03,22.31,4.48,0.0
20231023:0930,647.63,774.37,32.13,22.36,4.9,0.0
20231023:1030,594.2,713.81,31.15,23.88,4.76,0.0
20231023:1130,499.63,598.16,27.24,24.05,4.55,0.0
20231023:1230,352.63,423.42,20.93,24.12,4.55,0.0
20231023:1330,221.11,275.55,12.87,24.11,4.41,0.0
20231023:1430,55.73,91.43,3.63,21.43,3.79,0.0
20231023:1530,0.0,0.0,0.0,21.27,3.1,0.0
20231023:1630,0.0,0.0,0.0,20.98,3.45,0.0
20231023:1730,0.0,0.0,0.0,16.81,3.59,0.0
20231023:1830,0.0,0.0,0.0,16.48,3.72,0.0
20231023:1930,0.0,0.0,0.0,16.38,3.66,0.0
20231023:2030,0.0,0.0,0.0,13.96,3.38,0.0
20231023:2130,0.0,0.0,0.0,13.67,2.97,0.0
20231023:2230,0.0,0.0,0.0,12.11,2.34,0.0
20231023:2330,0.0,0.0,0.0,12.18,2.21,0.0
20231024:0030,0.0,0.0,0.0,12.36,2.21,0.0
20231024:0130,0.0,0.0,0.0,12.24,2.28,0.0
20231024:0230,0.0,0.0,0.0,10.82,2.14,0.0
20231024:0330,0.0,0.0,0.0,10.44,1.86,0.0
20231024:0430,0.0,0.0,-0.2,10.69,1.72,0.0
20231024:0530,173.55,213.04,9.33,10.58,1.86,0.0
20231024:0630,306.12,351.96,17.87,11.47,2.21,0.0
20231024:0730,493.37,564.09,24.86,11.92,2.28,0.0
20231024:0830,600.21,717.22,29.7,17.49,1.79,0.0
20231024:0930,575.88,696.28,31.78,17.55,0.9,0.0
20231024:1030,615.16,763.19,30.8,20.06,0.62,0.0
20231024:1130,523.86,635.03,26.9,20.1,1.03,0.0
20231024:1230,418.21,500.33,20.61,20.04,1.52,0.0
20231024:1330,221.43,272.8,12.57,19.99,2.14,0.0
20231024:1430,48.59,80.93,3.35,17.82,3.03,0.0
20231024:1530,0.0,0.0,0.0,17.71,2.97,0.0
20231024:1630,0.0,0.0,0.0,17.58,2.9,0.0
20231024:1730,0.0,0.0,0.0,14.65,2.55,0.0
20231024:1830,0.0,0.0,0.0,14.97,2.28,0.0
20231024:1930,0.0,0.0,0.0,15.29,2.14,0.0
20231024:2030,0.0,0.0,0.0,14.63,2.76,0.0
20231024:2130,0.0,0.0,0.0,15.11,3.52,0.0
20231024:2230,0.0,0.0,0.0,16.07,4.14,0.0
20231024:2330,0.0,0.0,0.0,16.24,4.14,0.0
20231025:0030,0.0,0.0,0.0,16.43,4.76,0.0
20231025:0130,0.0,0.0,0.0,16.55,5.03,0.0
20231025:0230,0.0,0.0,0.0,17.17,5.38,0.0
20231025:0330,0.0,0.0,0.0,17.12,5.52,0.0
20231025:0430,0.0,0.0,-0.44,16.95,5.93,0.0
20231025:0530,29.43,48.98,9.08,17.04,6.34,0.0
20231025:0630,86.57,115.28,17.58,16.99,6.62,0.0
20231025:0730,111.66,143.36,24.56,17.01,6.83,0.0
20231025:0830,211.48,254.03,29.37,19.55,7.24,0.0
20231025:0930,163.53,201.2,31.44,19.24,7.72,0.0
20231025:1030,161.34,199.99,30.45,20.66,7.38,0.0
20231025:1130,123.32,156.56,26.57,19.93,7.31,0.0
20231025:1230,259.54,305.85,20.3,19.62,7.17,0.0
20231025:1330,179.96,222.11,12.28,19.6,8.14,0.0
20231025:1430,30.48,56.69,3.07,19.16,6.41,0.0
20231025:1530,0.0,0.0,0.0,19.78,5.31,0.0
20231025:1630,0.0,0.0,0.0,19.93,4.55,0.0
20231025:1730,0.0,0.0,0.0,17.84,4.14,0.0
20231025:1830,0.0,0.0,0.0,17.62,3.72,0.0
20231025:1930,0.0,0.0,0.0,17.43,3.45,0.0
20231025:2030,0.0,0.0,0.0,17.08,3.52,0.0
20231025:2130,0.0,0.0,0.0,17.42,4.28,0.0
20231025:2230,0.0,0.0,0.0,15.98,4.48,0.0
20231025:2330,0.0,0.0,0.0,15.94,4.34,0.0
20231026:0030,0.0,0.0,0.0,15.93,3.79,0.0
20231026:0130,0.0,0.0,0.0,15.92,3.38,0.0
20231026:0230,0.0,0.0,0.0,14.86,3.24,0.0
20231026:0330,0.0,0.0,0.0,14.79,3.03,0.0
20231026:0430,0.0,0.0,-0.68,14.77,2.97,0.0
20231026:0530,112.75,146.73,8.82,15.0,3.17,0.0
20231026:0630,357.44,414.02,17.3,14.89,3.1,0.0
20231026:0730,503.4,582.99,24.25,15.37,2.9,0.0
20231026:0830,612.67,738.52,29.04,19.84,2.21,0.0
20231026:0930,657.31,806.05,31.09,20.03,1.59,0.0
20231026:1030,647.18,795.4,30.11,22.41,2.14,0.0
20231026:1130,558.23,664.17,26.24,22.0,4.14,0.0
20231026:1230,427.35,503.26,19.99,21.33,5.03,0.0
20231026:1330,222.04,272.11,11.99,20.73,5.31,0.0
20231026:1430,44.03,75.17,2.8,18.42,4.97,0.0
20231026:1530,0.0,0.0,0.0,19.1,5.03,0.0
20231026:1630,0.0,0.0,0.0,19.57,5.1,0.0
20231026:1730,0.0,0.0,0.0,17.86,5.1,0.0
20231026:1830,0.0,0.0,0.0,18.27,5.1,0.0
20231026:1930,0.0,0.0,0.0,18.49,5.17,0.0
20231026:2030,0.0,0.0,0.0,17.64,4.97,0.0
20231026:2130,0.0,0.0,0.0,17.49,4.76,0.0
20231026:2230,0.0,0.0,0.0,16.93,4.41,0.0
20231026:2330,0.0,0.0,0.0,16.64,4.0,0.0
20231027:0030,0.0,0.0,0.0,16.3,3.52,0.0
20231027:0130,0.0,0.0,0.0,15.85,3.45,0.0
20231027:0230,0.0,0.0,0.0,14.49,3.31,0.0
20231027:0330,0.0,0.0,0.0,14.37,2.76,0.0
20231027:0430,0.0,0.0,-0.92,13.9,3.24,0.0
20231027:0530,119.8,154.07,8.56,13.81,3.1,0.0
20231027:0630,370.92,427.71,17.02,14.32,3.45,0.0
20231027:0730,550.54,636.64,23.94,14.91,3.17,0.0
20231027:0830,639.6,772.77,28.71,21.08,2.83,0.0
20231027:0930,697.98,846.15,30.75,21.05,3.17,0.0
20231027:1030,662.97,800.93,29.77,23.22,4.21,0.0
20231027:1130,422.26,500.81,25.91,22.92,5.17,0.0
20231027:1230,182.04,225.18,19.69,22.14,5.72,0.0
20231027:1330,82.76,113.52,11.7,21.43,5.72,0.0
20231027:1430,25.82,49.26,2.53,19.17,6.07,0.0
20231027:1530,0.0,0.0,0.0,19.79,6.48,0.0
20231027:1630,0.0,0.0,0.0,19.99,6.9,0.0
20231027:1730,0.0,0.0,0.0,18.78,7.03,0.0
20231027:1830,0.0,0.0,0.0,18.93,6.55,0.0
20231027:1930,0.0,0.0,0.0,19.01,6.55,0.0
20231027:2030,0.0,0.0,0.0,18.88,6.48,0.0
20231027:2130,0.0,0.0,0.0,18.69,6.48,0.0
20231027:2230,0.0,0.0,0.0,18.84,7.1,0.0
20231027:2330,0.0,0.0,0.0,18.61,7.45,0.0
20231028:0030,0.0,0.0,0.0,18.55,7.93,0.0
20231028:0130,0.0,0.0,0.0,18.4,7.86,0.0
20231028:0230,0.0,0.0,0.0,18.58,7.79,0.0
20231028:0330,0.0,0.0,0.0,18.67,7.52,0.0
20231028:0430,0.0,0.0,-1.16,18.84,7.1,0.0
20231028:0530,163.57,207.02,8.3,18.13,6.48,0.0
20231028:0630,391.71,454.57,16.74,18.15,6.21,0.0
20231028:0730,571.89,659.03,23.64,18.28,6.76,0.0
20231028:0830,677.2,793.69,28.39,21.0,7.24,0.0
20231028:0930,722.29,850.36,30.42,21.01,7.1,0.0
20231028:1030,695.1,823.54,29.44,22.09,6.55,0.0
20231028:1130,606.74,716.39,25.59,22.04,5.93,0.0
20231028:1230,452.98,533.93,19.39,22.08,5.72,0.0
20231028:1330,245.66,301.11,11.42,22.1,5.52,0.0
20231028:1430,3.16,12.47,2.27,19.62,4.28,0.0
20231028:1530,0.0,0.0,0.0,19.28,2.28,0.0
20231028:1630,0.0,0.0,0.0,18.58,2.55,0.0
20231028:1730,0.0,0.0,0.0,13.79,2.48,0.0
20231028:1830,0.0,0.0,0.0,12.99,1.66,0.0
20231028:1930,0.0,0.0,0.0,13.03,1.31,0.0
20231028:2030,0.0,0.0,0.0,12.09,1.24,0.0
20231028:2130,0.0,0.0,0.0,13.42,1.03,0.0
20231028:2230,0.0,0.0,0.0,12.51,1.31,0.0
20231028:2330,0.0,0.0,0.0,12.89,1.79,0.0
20231029:0030,0.0,0.0,0.0,13.54,2.21,0.0
20231029:0130,0.0,0.0,0.0,13.7,2.14,0.0
20231029:0230,0.0,0.0,0.0,11.6,1.93,0.0
20231029:0330,0.0,0.0,0.0,12.09,2.0,0.0
20231029:0430,0.0,0.0,-1.4,12.62,1.59,0.0
20231029:0530,163.09,205.8,8.05,14.06,0.48,0.0
20231029:0630,315.66,369.41,16.47,12.02,0.21,0.0
20231029:0730,507.48,601.47,23.34,14.06,0.41,0.0
20231029:0830,627.95,766.53,28.06,19.69,1.45,0.0
20231029:0930,687.5,838.54,30.08,19.61,2.07,0.0
20231029:1030,663.68,815.47,29.11,22.04,2.21,0.0
20231029:1130,581.32,706.82,25.28,22.23,2.21,0.0
20231029:1230,437.22,526.53,19.09,22.4,2.28,0.0
20231029:1330,235.83,293.65,11.15,22.49,1.93,0.0
20231029:1430,2.74,11.7,2.01,19.6,1.24,0.0
20231029:1530,0.0,0.0,0.0,20.4,2.28,0.0
20231029:1630,0.0,0.0,0.0,19.23,2.07,0.0
20231029:1730,0.0,0.0,0.0,13.58,2.07,0.0
20231029:1830,0.0,0.0,0.0,13.07,2.41,0.0
20231029:1930,0.0,0.0,0.0,13.84,2.14,0.0
20231029:2030,0.0,0.0,0.0,13.65,2.48,0.0
20231029:2130,0.0,0.0,0.0,14.04,2.55,0.0
20231029:2230,0.0,0.0,0.0,12.85,3.03,0.0
20231029:2330,0.0,0.0,0.0,13.06,3.03,0.0
20231030:0030,0.0,0.0,0.0,12.91,3.03,0.0
20231030:0130,0.0,0.0,0.0,12.87,3.17,0.0
20231030:0230,0.0,0.0,0.0,12.87,3.45,0.0
20231030:0330,0.0,0.0,0.0,12.93,3.72,0.0
20231030:0430,0.0,0.0,-1.65,13.2,3.93,0.0
20231030:0530,164.59,206.33,7.79,15.06,4.21,0.0
20231030:0630,389.33,448.12,16.19,15.34,4.83,0.0
20231030:0730,570.63,651.6,23.04,15.14,5.45,0.0
20231030:0830,665.28,789.24,27.74,22.37,6.14,0.0
20231030:0930,712.52,845.01,29.75,21.81,6.41,0.0
20231030:1030,686.24,816.64,28.78,23.18,6.62,0.0
20231030:1130,599.12,706.56,24.97,22.69,6.69,0.0
20231030:1230,446.0,523.96,18.8,22.18,6.76,0.0
20231030:1330,236.91,290.08,10.88,21.71,6.55,0.0
20231030:1430,2.4,11.01,1.75,18.51,6.07,0.0
20231030:1530,0.0,0.0,0.0,19.1,5.66,0.0
20231030:1630,0.0,0.0,0.0,19.54,5.38,0.0
20231030:1730,0.0,0.0,0.0,16.47,5.38,0.0
20231030:1830,0.0,0.0,0.0,16.7,5.03,0.0
20231030:1930,0.0,0.0,0.0,16.88,4.62,0.0
20231030:2030,0.0,0.0,0.0,16.07,4.34,0.0
20231030:2130,0.0,0.0,0.0,16.22,4.28,0.0
20231030:2230,0.0,0.0,0.0,15.51,4.9,0.0
20231030:2330,0.0,0.0,0.0,15.82,4.83,0.0
20231031:0030,0.0,0.0,0.0,15.96,4.55,0.0
20231031:0130,0.0,0.0,0.0,15.96,4.41,0.0
20231031:0230,0.0,0.0,0.0,15.88,4.55,0.0
20231031:0330,0.0,0.0,0.0,15.92,4.76,0.0
20231031:0430,0.0,0.0,-1.89,16.3,4.62,0.0
20231031:0530,150.93,192.26,7.53,16.85,4.34,0.0
20231031:0630,345.41,401.31,15.91,16.71,4.76,0.0
20231031:0730,424.02,484.17,22.74,16.17,6.07,0.0
20231031:0830,520.59,606.59,27.43,20.33,6.07,0.0
20231031:0930,577.39,671.39,29.42,19.74,6.48,0.0
20231031:1030,576.14,674.67,28.45,21.41,6.76,0.0
20231031:1130,488.51,568.1,24.66,21.1,7.38,0.0
20231031:1230,407.62,474.62,18.51,20.58,7.45,0.0
20231031:1330,208.47,256.03,10.61,20.64,7.38,0.0
20231031:1430,2.0,10.24,1.51,18.04,6.76,0.0
20231031:1530,0.0,0.0,0.0,18.5,5.52,0.0
20231031:1630,0.0,0.0,0.0,18.98,5.66,0.0
20231031:1730,0.0,0.0,0.0,17.15,6.21,0.0
20231031:1830,0.0,0.0,0.0,17.7,6.48,0.0
20231031:1930,0.0,0.0,0.0,18.15,6.34,0.0
20231031:2030,0.0,0.0,0.0,17.79,6.48,0.0
20231031:2130,0.0,0.0,0.0,18.05,6.55,0.0
20231031:2230,0.0,0.0,0.0,17.59,6.76,0.0
20231031:2330,0.0,0.0,0.0,17.56,6.41,0.0
20231101:0030,0.0,0.0,0.0,17.75,6.21,0.0
20231101:0130,0.0,0.0,0.0,17.92,5.79,0.0
20231101:0230,0.0,0.0,0.0,18.22,5.52,0.0
20231101:0330,0.0,0.0,0.0,17.55,5.17,0.0
20231101:0430,0.0,0.0,-2.12,17.6,5.24,0.0
20231101:0530,19.1,35.95,7.28,18.2,5.59,0.0
20231101:0630,97.92,128.14,15.64,18.24,5.31,0.0
20231101:0730,112.84,145.56,22.44,18.33,5.72,0.0
20231101:0830,113.19,146.02,27.11,18.28,5.17,0.0
20231101:0930,108.55,140.64,29.1,17.33,4.28,0.0
20231101:1030,46.14,69.33,28.14,17.94,4.9,0.0
20231101:1130,51.76,75.41,24.35,16.7,4.14,0.0
20231101:1230,261.35,306.06,18.23,15.83,3.93,0.0
20231101:1330,210.5,255.3,10.35,16.43,3.79,0.0
20231101:1430,1.66,9.47,1.26,14.86,3.66,0.0
20231101:1530,0.0,0.0,0.0,14.9,3.45,0.0
20231101:1630,0.0,0.0,0.0,14.94,3.52,0.0
20231101:1730,0.0,0.0,0.0,13.09,3.72,0.0
20231101:1830,0.0,0.0,0.0,13.03,4.34,0.0
20231101:1930,0.0,0.0,0.0,12.94,4.83,0.0
20231101:2030,0.0,0.0,0.0,11.42,4.55,0.0
20231101:2130,0.0,0.0,0.0,11.63,4.07,0.0
20231101:2230,0.0,0.0,0.0,9.71,4.21,0.0
20231101:2330,0.0,0.0,0.0,9.73,3.86,0.0
20231102:0030,0.0,0.0,0.0,9.67,3.45,0.0
20231102:0130,0.0,0.0,0.0,9.71,3.31,0.0
20231102:0230,0.0,0.0,0.0,7.99,3.1,0.0
20231102:0330,0.0,0.0,0.0,7.58,2.69,0.0
20231102:0430,0.0,0.0,-2.36,7.41,2.14,0.0
20231102:0530,79.29,105.13,7.02,6.67,1.66,0.0
20231102:0630,169.54,199.84,15.36,7.53,1.86,0.0
20231102:0730,254.65,291.38,22.15,7.83,1.79,0.0
20231102:0830,273.5,319.47,26.8,12.6,1.72,0.0
20231102:0930,366.57,422.61,28.78,12.59,2.07,0.0
20231102:1030,294.14,344.23,27.82,14.74,2.48,0.0
20231102:1130,221.12,262.83,24.06,14.53,2.55,0.0
20231102:1230,216.12,256.16,17.95,14.41,2.69,0.0
20231102:1330,116.46,148.47,10.1,14.37,2.97,0.0
20231102:1430,1.75,9.58,1.02,12.53,2.9,0.0
20231102:1530,0.0,0.0,0.0,11.96,2.0,0.0
20231102:1630,0.0,0.0,0.0,12.19,1.66,0.0
20231102:1730,0.0,0.0,0.0,10.36,2.07,0.0
20231102:1830,0.0,0.0,0.0,11.19,2.41,0.0
20231102:1930,0.0,0.0,0.0,11.53,2.83,0.0
20231102:2030,0.0,0.0,0.0,11.04,3.24,0.0
20231102:2130,0.0,0.0,0.0,11.25,3.93,0.0
20231102:2230,0.0,0.0,0.0,11.49,4.69,0.0
20231102:2330,0.0,0.0,0.0,11.82,4.55,0.0
20231103:0030,0.0,0.0,0.0,11.75,4.69,0.0
20231103:0130,0.0,0.0,0.0,11.35,4.28,0.0
20231103:0230,0.0,0.0,0.0,10.7,3.72,0.0
20231103:0330,0.0,0.0,0.0,11.07,3.66,0.0
20231103:0430,0.0,0.0,-2.6,11.33,3.86,0.0
20231103:0530,104.21,135.37,6.77,11.1,4.21,0.0
20231103:0630,329.31,374.04,15.09,11.3,4.55,0.0
20231103:0730,479.01,536.89,21.86,11.37,4.83,0.0
20231103:0830,615.82,708.42,26.49,15.64,4.97,0.0
20231103:0930,420.26,479.59,28.47,15.05,4.97,0.0
20231103:1030,399.65,456.92,27.51,15.73,4.97,0.0
20231103:1130,381.25,435.18,23.76,15.27,5.17,0.0
20231103:1230,235.73,275.65,17.68,15.25,5.31,0.0
20231103:1330,94.1,123.55,9.84,15.18,5.52,0.0
20231103:1430,0.03,5.77,0.79,13.74,4.69,0.0
20231103:1530,0.0,0.0,0.0,14.36,4.76,0.0
20231103:1630,0.0,0.0,0.0,14.7,5.79,0.0
20231103:1730,0.0,0.0,0.0,14.45,5.52,0.0
20231103:1830,0.0,0.0,0.0,14.59,5.45,0.0
20231103:1930,0.0,0.0,0.0,14.99,5.17,0.0
20231103:2030,0.0,0.0,0.0,16.28,5.66,0.0
20231103:2130,0.0,0.0,0.0,16.45,5.72,0.0
20231103:2230,0.0,0.0,0.0,17.17,5.66,0.0
20231103:2330,0.0,0.0,0.0,17.33,5.93,0.0
20231104:0030,0.0,0.0,0.0,17.4,6.28,0.0
20231104:0130,0.0,0.0,0.0,17.5,6.55,0.0
20231104:0230,0.0,0.0,0.0,18.16,6.55,0.0
20231104:0330,0.0,0.0,0.0,18.18,6.07,0.0
20231104:0430,0.0,0.0,-2.84,18.18,5.79,0.0
20231104:0530,124.11,162.36,6.52,18.0,5.38,0.0
20231104:0630,350.11,408.24,14.82,18.03,5.52,0.0
20231104:0730,232.76,277.04,21.57,18.33,6.21,0.0
20231104:0830,174.92,215.89,26.19,20.78,6.83,0.0
20231104:0930,507.05,587.2,28.15,20.3,8.21,0.0
20231104:1030,477.34,554.55,27.21,20.64,7.52,0.0
20231104:1130,201.68,245.12,23.47,20.76,7.38,0.0
20231104:1230,123.77,158.56,17.41,20.23,7.93,0.0
20231104:1330,49.11,73.53,9.6,20.2,7.59,0.0
20231104:1430,0.36,6.7,0.56,18.77,8.55,0.0
20231104:1530,0.0,0.0,0.0,18.73,9.03,0.0
20231104:1630,0.0,0.0,0.0,18.84,9.72,0.0
20231104:1730,0.0,0.0,0.0,18.26,9.1,0.0
20231104:1830,0.0,0.0,0.0,18.57,9.24,0.0
20231104:1930,0.0,0.0,0.0,19.21,9.38,0.0
20231104:2030,0.0,0.0,0.0,18.93,10.28,0.0
20231104:2130,0.0,0.0,0.0,18.42,9.52,0.0
20231104:2230,0.0,0.0,0.0,17.5,10.62,0.0
20231104:2330,0.0,0.0,0.0,16.96,8.41,0.0
20231105:0030,0.0,0.0,0.0,16.25,6.97,0.0
20231105:0130,0.0,0.0,0.0,15.8,6.21,0.0
20231105:0230,0.0,0.0,0.0,14.5,5.31,0.0
20231105:0330,0.0,0.0,0.0,14.4,4.69,0.0
20231105:0430,0.0,0.0,-3.07,14.4,3.93,0.0
20231105:0530,132.39,169.16,6.27,13.11,2.97,0.0
20231105:0630,346.62,398.47,14.55,13.47,3.66,0.0
20231105:0730,515.43,587.83,21.28,13.78,4.07,0.0
20231105:0830,617.97,719.04,25.88,16.77,4.21,0.0
20231105:0930,668.79,778.4,27.85,16.7,4.76,0.0
20231105:1030,645.49,753.24,26.91,17.98,5.03,0.0
20231105:1130,421.17,485.12,23.19,17.56,6.34,0.0
20231105:1230,184.59,222.13,17.15,17.04,7.24,0.0
20231105:1330,101.99,133.05,9.36,16.61,7.38,0.0
20231105:1430,0.27,6.4,0.34,15.03,6.41,0.0
20231105:1530,0.0,0.0,0.0,15.55,6.0,0.0
20231105:1630,0.0,0.0,0.0,16.21,6.41,0.0
20231105:1730,0.0,0.0,0.0,15.75,7.45,0.0
20231105:1830,0.0,0.0,0.0,16.08,7.45,0.0
20231105:1930,0.0,0.0,0.0,16.21,7.17,0.0
20231105:2030,0.0,0.0,0.0,16.35,6.76,0.0
20231105:2130,0.0,0.0,0.0,16.36,6.07,0.0
20231105:2230,0.0,0.0,0.0,15.88,6.14,0.0
20231105:2330,0.0,0.0,0.0,15.43,5.59,0.0
20231106:0030,0.0,0.0,0.0,15.12,4.55,0.0
20231106:0130,0.0,0.0,0.0,14.78,4.48,0.0
20231106:0230,0.0,0.0,0.0,13.91,4.55,0.0
20231106:0330,0.0,0.0,0.0,13.84,3.79,0.0
20231106:0430,0.0,0.0,-3.31,13.31,3.72,0.0
20231106:0530,136.88,173.69,6.02,12.65,4.21,0.0
20231106:0630,360.76,411.51,14.29,12.89,4.76,0.0
20231106:0730,543.13,616.75,21.0,13.26,4.55,0.0
20231106:0830,643.14,752.54,25.59,18.4,4.83,0.0
20231106:0930,687.12,809.63,27.54,18.72,4.69,0.0
20231106:1030,656.41,781.67,26.61,20.94,4.41,0.0
20231106:1130,566.5,670.38,22.91,21.03,4.28,0.0
20231106:1230,412.22,487.11,16.89,21.07,4.14,0.0
20231106:1330,203.36,252.62,9.12,21.07,4.07,0.0
20231106:1430,0.06,5.89,0.12,18.05,3.24,0.0
20231106:1530,0.0,0.0,0.0,17.43,3.24,0.0
20231106:1630,0.0,0.0,0.0,17.13,3.52,0.0
20231106:1730,0.0,0.0,0.0,13.52,3.66,0.0
20231106:1830,0.0,0.0,0.0,13.08,3.86,0.0
20231106:1930,0.0,0.0,0.0,12.72,4.21,0.0
20231106:2030,0.0,0.0,0.0,10.9,4.48,0.0
20231106:2130,0.0,0.0,0.0,11.3,4.55,0.0
20231106:2230,0.0,0.0,0.0,11.17,4.69,0.0
20231106:2330,0.0,0.0,0.0,11.0,4.28,0.0
20231107:0030,0.0,0.0,0.0,10.83,3.79,0.0
20231107:0130,0.0,0.0,0.0,10.61,3.31,0.0
20231107:0230,0.0,0.0,0.0,9.08,2.97,0.0
20231107:0330,0.0,0.0,0.0,8.68,2.62,0.0
20231107:0430,0.0,0.0,-3.54,8.02,2.14,0.0
20231107:0530,143.03,177.81,5.77,7.71,1.86,0.0
20231107:0630,369.73,418.04,14.02,8.32,2.14,0.0
20231107:0730,546.55,625.97,20.71,9.83,1.59,0.0
20231107:0830,637.06,764.89,25.29,16.4,1.45,0.0
20231107:0930,681.32,821.89,27.24,16.56,1.66,0.0
20231107:1030,649.56,793.1,26.32,19.11,1.45,0.0
20231107:1130,569.78,680.6,22.64,19.11,2.21,0.0
20231107:1230,419.47,493.8,16.64,19.05,3.1,0.0
20231107:1330,207.27,254.83,8.89,18.83,3.72,0.0
20231107:1430,0.0,0.0,-0.09,15.87,2.97,0.0
20231107:1530,0.0,0.0,0.0,15.7,2.9,0.0
20231107:1630,0.0,0.0,0.0,15.68,2.9,0.0
20231107:1730,0.0,0.0,0.0,12.9,2.76,0.0
20231107:1830,0.0,0.0,0.0,12.89,2.76,0.0
20231107:1930,0.0,0.0,0.0,13.09,2.76,0.0
20231107:2030,0.0,0.0,0.0,12.83,2.69,0.0
20231107:2130,0.0,0.0,0.0,13.27,2.76,0.0
20231107:2230,0.0,0.0,0.0,13.03,2.69,0.0
20231107:2330,0.0,0.0,0.0,13.57,2.9,0.0
20231108:0030,0.0,0.0,0.0,13.83,3.79,0.0
20231108:0130,0.0,0.0,0.0,14.3,4.28,0.0
20231108:0230,0.0,0.0,0.0,15.32,4.62,0.0
20231108:0330,0.0,0.0,0.0,15.6,5.24,0.0
20231108:0430,0.0,0.0,-3.78,15.6,5.66,0.0
20231108:0530,6.42,17.87,5.53,16.86,5.86,0.0
20231108:0630,185.34,222.55,13.76,16.6,6.48,0.0
20231108:0730,211.99,249.91,20.44,16.28,6.76,0.0
20231108:0830,83.02,111.4,25.0,18.15,7.93,0.0
20231108:0930,55.05,79.64,26.95,17.46,7.52,0.0
20231108:1030,213.54,255.1,26.03,18.27,6.62,0.0
20231108:1130,65.58,92.14,22.37,18.73,6.9,0.0
20231108:1230,22.6,40.24,16.4,18.1,5.31,0.0
20231108:1330,50.64,74.79,8.67,17.84,4.83,0.0
20231108:1430,0.0,0.0,-0.3,17.12,4.41,0.0
20231108:1530,0.0,0.0,0.0,16.7,3.52,0.0
20231108:1630,0.0,0.0,0.0,17.03,3.17,0.0
20231108:1730,0.0,0.0,0.0,15.32,3.59,0.0
20231108:1830,0.0,0.0,0.0,15.2,4.21,0.0
20231108:1930,0.0,0.0,0.0,15.36,4.34,0.0
20231108:2030,0.0,0.0,0.0,13.33,5.31,0.0
20231108:2130,0.0,0.0,0.0,12.88,5.79,0.0
20231108:2230,0.0,0.0,0.0,10.46,6.55,0.0
20231108:2330,0.0,0.0,0.0,10.31,6.34,0.0
20231109:0030,0.0,0.0,0.0,10.24,5.93,0.0
20231109:0130,0.0,0.0,0.0,10.25,5.72,0.0
20231109:0230,0.0,0.0,0.0,9.17,5.86,0.0
20231109:0330,0.0,0.0,0.0,9.22,5.79,0.0
20231109:0430,0.0,0.0,-4.01,9.35,5.79,0.0
20231109:0530,97.52,127.49,5.28,9.39,5.72,0.0
20231109:0630,317.34,357.38,13.5,9.52,5.52,0.0
20231109:0730,497.92,549.42,20.16,9.64,7.03,0.0
20231109:0830,609.03,683.22,24.71,12.51,6.83,0.0
20231109:0930,667.63,752.9,26.66,12.84,6.76,0.0
20231109:1030,623.68,706.45,25.75,14.06,6.48,0.0
20231109:1130,540.52,610.67,22.11,13.84,5.93,0.0
20231109:1230,398.3,451.6,16.15,13.62,5.79,0.0
20231109:1330,205.6,246.22,8.45,13.55,5.52,0.0
20231109:1430,0.0,0.0,-0.5,11.28,4.62,0.0
20231109:1530,0.0,0.0,0.0,11.38,3.38,0.0
20231109:1630,0.0,0.0,0.0,10.47,2.9,0.0
20231109:1730,0.0,0.0,0.0,6.78,2.41,0.0
20231109:1830,0.0,0.0,0.0,6.15,2.0,0.0
20231109:1930,0.0,0.0,0.0,5.53,2.21,0.0
20231109:2030,0.0,0.0,0.0,3.33,2.48,0.0
20231109:2130,0.0,0.0,0.0,4.33,1.93,0.0
20231109:2230,0.0,0.0,0.0,5.07,0.55,0.0
20231109:2330,0.0,0.0,0.0,6.46,0.62,0.0
20231110:0030,0.0,0.0,0.0,6.9,1.38,0.0
20231110:0130,0.0,0.0,0.0,7.05,2.28,0.0
20231110:0230,0.0,0.0,0.0,4.15,3.03,0.0
20231110:0330,0.0,0.0,0.0,3.01,2.55,0.0
20231110:0430,0.0,0.0,-4.24,3.66,2.48,0.0
20231110:0530,123.73,154.81,5.04,4.99,2.41,0.0
20231110:0630,135.03,162.5,13.24,7.36,2.69,0.0
20231110:0730,303.11,343.35,19.89,10.52,3.79,0.0
20231110:0830,461.75,525.7,24.43,15.23,5.86,0.0
20231110:0930,431.35,488.5,26.37,14.86,6.76,0.0
20231110:1030,288.38,334.37,25.47,16.38,6.62,0.0
20231110:1130,188.9,225.69,21.85,16.02,6.9,0.0
20231110:1230,70.32,96.26,15.92,15.78,6.9,0.0
20231110:1330,24.8,42.84,8.23,15.77,6.69,0.0
20231110:1430,0.0,0.0,-0.7,13.75,5.79,0.0
20231110:1530,0.0,0.0,0.0,13.93,5.59,0.0
20231110:1630,0.0,0.0,0.0,14.41,6.07,0.0
20231110:1730,0.0,0.0,0.0,13.2,6.41,0.0
20231110:1830,0.0,0.0,0.0,13.69,6.41,0.0
20231110:1930,0.0,0.0,0.0,13.49,6.9,0.0
20231110:2030,0.0,0.0,0.0,12.92,8.14,0.0
20231110:2130,0.0,0.0,0.0,13.09,8.34,0.0
20231110:2230,0.0,0.0,0.0,14.21,8.34,0.0
20231110:2330,0.0,0.0,0.0,14.47,8.21,0.0
20231111:0030,0.0,0.0,0.0,13.54,8.55,0.0
20231111:0130,0.0,0.0,0.0,12.81,8.9,0.0
20231111:0230,0.0,0.0,0.0,12.85,9.03,0.0
20231111:0330,0.0,0.0,0.0,12.49,9.03,0.0
20231111:0430,0.0,0.0,0.0,12.92,8.97,0.0
20231111:0530,17.88,34.66,4.8,14.05,7.79,0.0
20231111:0630,106.34,134.86,12.99,14.49,5.86,0.0
20231111:0730,187.01,221.5,19.62,14.69,5.93,0.0
20231111:0830,397.71,454.04,24.15,16.26,6.0,0.0
20231111:0930,432.03,489.18,26.09,15.62,7.45,0.0
20231111:1030,199.68,238.53,25.2,18.28,7.03,0.0
20231111:1130,56.24,80.94,21.6,17.16,7.17,0.0
20231111:1230,148.27,180.97,15.69,15.79,6.76,0.0
20231111:1330,114.31,146.99,8.03,16.07,5.31,0.0
20231111:1430,0.0,0.0,-0.88,15.54,4.9,0.0
20231111:1530,0.0,0.0,0.0,15.55,4.55,0.0
20231111:1630,0.0,0.0,0.0,15.9,4.55,0.0
20231111:1730,0.0,0.0,0.0,14.84,3.66,0.0
20231111:1830,0.0,0.0,0.0,14.51,3.03,0.0
20231111:1930,0.0,0.0,0.0,14.18,3.31,0.0
20231111:2030,0.0,0.0,0.0,12.95,5.31,0.0
20231111:2130,0.0,0.0,0.0,12.6,4.9,0.0
20231111:2230,0.0,0.0,0.0,11.88,5.45,0.0
20231111:2330,0.0,0.0,0.0,11.78,6.55,0.0
20231112:0030,0.0,0.0,0.0,11.86,6.69,0.0
20231112:0130,0.0,0.0,0.0,11.69,6.97,0.0
20231112:0230,0.0,0.0,0.0,11.08,7.45,0.0
20231112:0330,0.0,0.0,0.0,10.98,7.86,0.0
20231112:0430,0.0,0.0,0.0,11.0,8.14,0.0
20231112:0530,65.64,91.68,4.56,10.14,8.62,0.0
20231112:0630,266.65,301.65,12.73,9.99,9.38,0.0
20231112:0730,363.06,399.73,19.35,9.93,10.62,0.0
20231112:0830,416.17,454.35,23.87,9.97,12.07,0.0
20231112:0930,239.77,271.37,25.82,9.92,11.24,0.0
20231112:1030,240.28,271.81,24.94,9.53,9.86,0.0
20231112:1130,243.38,274.03,21.35,9.71,9.93,0.0
20231112:1230,154.18,182.13,15.47,9.6,8.69,0.0
20231112:1330,50.9,72.58,7.82,9.43,8.14,0.0
20231112:1430,0.0,0.0,-1.07,8.87,6.69,0.0
20231112:1530,0.0,0.0,0.0,9.02,6.62,0.0
20231112:1630,0.0,0.0,0.0,9.09,6.28,0.0
20231112:1730,0.0,0.0,0.0,8.59,5.66,0.0
20231112:1830,0.0,0.0,0.0,8.59,5.31,0.0
20231112:1930,0.0,0.0,0.0,8.82,4.9,0.0
20231112:2030,0.0,0.0,0.0,7.7,4.62,0.0
20231112:2130,0.0,0.0,0.0,7.97,4.48,0.0
20231112:2230,0.0,0.0,0.0,6.46,4.83,0.0
20231112:2330,0.0,0.0,0.0,6.14,4.34,0.0
20231113:0030,0.0,0.0,0.0,5.95,3.66,0.0
20231113:0130,0.0,0.0,0.0,5.91,3.03,0.0
20231113:0230,0.0,0.0,0.0,4.58,2.48,0.0
20231113:0330,0.0,0.0,0.0,4.63,2.07,0.0
20231113:0430,0.0,0.0,0.0,4.21,1.86,0.0
20231113:0530,118.17,148.5,4.32,3.52,1.79,0.0
20231113:0630,335.0,373.07,12.48,4.47,2.14,0.0
20231113:0730,522.35,582.22,19.09,5.47,1.93,0.0
20231113:0830,627.03,727.6,23.6,10.66,1.59,0.0
20231113:0930,674.07,791.09,25.55,10.85,1.38,0.0
20231113:1030,635.43,750.82,24.68,12.34,1.1,0.0
20231113:1130,559.05,657.06,21.11,12.41,0.76,0.0
20231113:1230,395.49,459.13,15.25,12.43,0.83,0.0
20231113:1330,151.26,187.31,7.63,12.51,1.03,0.0
20231113:1430,0.0,0.0,-1.25,10.16,0.9,0.0
20231113:1530,0.0,0.0,0.0,9.73,0.48,0.0
20231113:1630,0.0,0.0,0.0,10.56,0.34,0.0
20231113:1730,0.0,0.0,0.0,8.55,0.69,0.0
20231113:1830,0.0,0.0,0.0,7.94,0.83,0.0
20231113:1930,0.0,0.0,0.0,6.62,0.41,0.0
20231113:2030,0.0,0.0,0.0,4.97,0.21,0.0
20231113:2130,0.0,0.0,0.0,4.69,0.97,0.0
20231113:2230,0.0,0.0,0.0,5.88,2.07,0.0
20231113:2330,0.0,0.0,0.0,5.54,2.0,0.0
20231114:0030,0.0,0.0,0.0,5.8,1.86,0.0
20231114:0130,0.0,0.0,0.0,5.63,2.0,0.0
20231114:0230,0.0,0.0,0.0,4.47,1.93,0.0
20231114:0330,0.0,0.0,0.0,4.55,2.41,0.0
20231114:0430,0.0,0.0,0.0,4.3,2.55,0.0
20231114:0530,112.29,142.02,4.09,3.51,2.55,0.0
20231114:0630,245.61,278.67,12.24,5.76,2.34,0.0
20231114:0730,337.93,373.82,18.83,6.51,4.28,0.0
20231114:0830,494.21,556.97,23.33,12.53,5.17,0.0
20231114:0930,660.1,741.89,25.28,12.5,7.03,0.0
20231114:1030,411.32,462.4,24.42,14.36,8.28,0.0
20231114:1130,332.98,375.69,20.87,13.33,8.07,0.0
20231114:1230,145.84,176.23,15.04,13.07,7.72,0.0
20231114:1330,15.07,29.87,7.44,13.29,6.9,0.0
20231114:1430,0.0,0.0,-1.42,13.01,6.07,0.0
20231114:1530,0.0,0.0,0.0,12.83,5.66,0.0
20231114:1630,0.0,0.0,0.0,12.54,5.24,0.0
20231114:1730,0.0,0.0,0.0,12.15,4.48,0.0
20231114:1830,0.0,0.0,0.0,12.14,3.72,0.0
20231114:1930,0.0,0.0,0.0,12.08,3.66,0.0
20231114:2030,0.0,0.0,0.0,10.73,3.1,0.0
20231114:2130,0.0,0.0,0.0,10.52,2.83,0.0
20231114:2230,0.0,0.0,0.0,9.73,2.21,0.0
20231114:2330,0.0,0.0,0.0,9.37,2.07,0.0
20231115:0030,0.0,0.0,0.0,8.97,1.66,0.0
20231115:0130,0.0,0.0,0.0,9.07,1.59,0.0
20231115:0230,0.0,0.0,0.0,8.41,1.72,0.0
20231115:0330,0.0,0.0,0.0,8.46,1.79,0.0
20231115:0430,0.0,0.0,0.0,8.56,1.66,0.0
20231115:0530,2.96,11.7,3.86,8.69,1.38,0.0
20231115:0630,11.31,24.35,11.99,8.94,1.1,0.0
20231115:0730,30.92,49.24,18.57,9.07,1.31,0.0
20231115:0830,65.94,89.97,23.07,10.42,1.52,0.0
20231115:0930,25.79,43.23,25.02,10.51,2.14,0.0
20231115:1030,104.38,131.75,24.17,11.15,1.66,0.0
20231115:1130,63.96,87.53,20.64,11.82,2.07,0.0
20231115:1230,50.72,72.71,14.83,11.5,1.38,0.0
20231115:1330,19.08,35.03,7.25,11.42,1.31,0.0
20231115:1430,0.0,0.0,-1.59,10.99,1.31,0.0
20231115:1530,0.0,0.0,0.0,11.38,1.59,0.0
20231115:1630,0.0,0.0,0.0,11.28,1.79,0.0
20231115:1730,0.0,0.0,0.0,9.76,1.72,0.0
20231115:1830,0.0,0.0,0.0,9.53,1.52,0.0
20231115:1930,0.0,0.0,0.0,9.43,1.79,0.0
20231115:2030,0.0,0.0,0.0,8.56,1.93,0.0
20231115:2130,0.0,0.0,0.0,8.37,2.41,0.0
20231115:2230,0.0,0.0,0.0,7.79,2.34,0.0
20231115:2330,0.0,0.0,0.0,7.73,3.03,0.0
20231116:0030,0.0,0.0,0.0,7.7,3.45,0.0
20231116:0130,0.0,0.0,0.0,7.77,3.45,0.0
20231116:0230,0.0,0.0,0.0,7.74,3.31,0.0
20231116:0330,0.0,0.0,0.0,7.9,3.45,0.0
20231116:0430,0.0,0.0,0.0,8.13,3.93,0.0
20231116:0530,93.59,123.62,3.63,8.1,4.07,0.0
20231116:0630,237.88,271.28,11.75,8.14,4.62,0.0
20231116:0730,431.37,476.37,18.32,8.48,5.1,0.0
20231116:0830,534.22,591.0,22.81,10.26,6.55,0.0
20231116:0930,656.61,730.66,24.76,10.24,6.69,0.0
20231116:1030,581.39,643.09,23.93,10.37,7.72,0.0
20231116:1130,551.95,609.23,20.42,10.26,7.72,0.0
20231116:1230,413.13,458.18,14.63,10.11,7.66,0.0
20231116:1330,184.37,219.06,7.07,9.91,7.24,0.0
20231116:1430,0.0,0.0,-1.75,7.6,6.28,0.0
20231116:1530,0.0,0.0,0.0,7.65,6.0,0.0
20231116:1630,0.0,0.0,0.0,7.15,6.14,0.0
20231116:1730,0.0,0.0,0.0,5.29,6.48,0.0
20231116:1830,0.0,0.0,0.0,5.77,5.86,0.0
20231116:1930,0.0,0.0,0.0,5.18,5.24,0.0
20231116:2030,0.0,0.0,0.0,3.36,4.83,0.0
20231116:2130,0.0,0.0,0.0,3.24,4.76,0.0
20231116:2230,0.0,0.0,0.0,2.14,4.9,0.0
20231116:2330,0.0,0.0,0.0,1.95,4.69,0.0
20231117:0030,0.0,0.0,0.0,1.79,4.14,0.0
20231117:0130,0.0,0.0,0.0,1.68,3.59,0.0
20231117:0230,0.0,0.0,0.0,0.23,3.38,0.0
20231117:0330,0.0,0.0,0.0,-0.29,2.83,0.0
20231117:0430,0.0,0.0,0.0,-0.64,2.34,0.0
20231117:0530,10.2,22.11,3.4,-0.27,1.79,0.0
20231117:0630,303.56,333.14,11.51,0.65,2.41,0.0
20231117:0730,444.12,482.61,18.07,0.92,1.93,0.0
20231117:0830,568.09,635.17,22.56,4.43,1.52,0.0
20231117:0930,606.09,682.52,24.51,4.55,1.31,0.0
20231117:1030,466.26,520.1,23.69,6.89,2.28,0.0
20231117:1130,213.6,245.13,20.2,7.19,2.76,0.0
20231117:1230,113.02,138.83,14.43,6.95,3.45,0.0
20231117:1330,10.84,23.53,6.9,7.04,3.93,0.0
20231117:1430,0.0,0.0,-1.9,6.29,3.93,0.0
20231117:1530,0.0,0.0,0.0,6.92,3.86,0.0
20231117:1630,0.0,0.0,0.0,7.46,4.41,0.0
20231117:1730,0.0,0.0,0.0,6.67,4.97,0.0
20231117:1830,0.0,0.0,0.0,6.71,5.45,0.0
20231117:1930,0.0,0.0,0.0,6.79,5.66,0.0
20231117:2030,0.0,0.0,0.0,6.55,6.0,0.0
20231117:2130,0.0,0.0,0.0,6.56,6.34,0.0
20231117:2230,0.0,0.0,0.0,6.01,7.31,0.0
20231117:2330,0.0,0.0,0.0,5.8,6.9,0.0
20231118:0030,0.0,0.0,0.0,5.56,6.97,0.0
20231118:0130,0.0,0.0,0.0,5.41,7.52,0.0
20231118:0230,0.0,0.0,0.0,5.06,7.31,0.0
20231118:0330,0.0,0.0,0.0,5.15,8.0,0.0
20231118:0430,0.0,0.0,0.0,5.04,8.21,0.0
20231118:0530,0.83,7.51,3.18,5.23,8.21,0.0
20231118:0630,23.67,39.73,11.28,5.2,8.76,0.0
20231118:0730,38.25,56.89,17.83,5.17,9.17,0.0
20231118:0830,42.65,62.08,22.31,5.93,10.07,0.0
20231118:0930,71.36,93.72,24.27,5.76,9.1,0.0
20231118:1030,33.41,51.46,23.46,6.24,9.66,0.0
20231118:1130,37.7,56.46,19.99,6.31,10.0,0.0
20231118:1230,21.35,37.09,14.25,6.66,10.21,0.0
20231118:1330,4.38,13.99,6.74,6.74,10.28,0.0
20231118:1430,0.0,0.0,-2.05,6.32,10.48,0.0
20231118:1530,0.0,0.0,0.0,6.34,10.83,0.0
20231118:1630,0.0,0.0,0.0,6.07,11.1,0.0
20231118:1730,0.0,0.0,0.0,5.13,11.31,0.0
20231118:1830,0.0,0.0,0.0,4.74,11.31,0.0
20231118:1930,0.0,0.0,0.0,4.54,11.03,0.0
20231118:2030,0.0,0.0,0.0,3.37,10.97,0.0
20231118:2130,0.0,0.0,0.0,3.23,11.1,0.0
20231118:2230,0.0,0.0,0.0,2.68,11.52,0.0
20231118:2330,0.0,0.0,0.0,2.71,11.66,0.0
20231119:0030,0.0,0.0,0.0,2.67,11.72,0.0
20231119:0130,0.0,0.0,0.0,2.66,11.93,0.0
20231119:0230,0.0,0.0,0.0,2.07,11.79,0.0
20231119:0330,0.0,0.0,0.0,2.07,11.52,0.0
20231119:0430,0.0,0.0,0.0,1.89,11.45,0.0
20231119:0530,0.49,6.69,2.95,1.39,11.52,0.0
20231119:0630,10.97,23.21,11.05,1.31,11.66,0.0
20231119:0730,23.41,38.82,17.59,1.14,10.76,0.0
20231119:0830,29.29,45.75,22.07,1.2,10.41,0.0
20231119:0930,108.6,129.87,24.03,1.74,10.34,0.0
20231119:1030,120.8,143.0,23.24,1.65,10.69,0.0
20231119:1130,64.36,84.44,19.79,1.89,10.0,0.0
20231119:1230,25.4,41.15,14.07,1.82,9.86,0.0
20231119:1330,7.33,18.2,6.58,1.89,9.59,0.0
20231119:1430,0.0,0.0,-2.19,1.26,9.03,0.0
20231119:1530,0.0,0.0,0.0,1.34,8.97,0.0
20231119:1630,0.0,0.0,0.0,1.36,8.48,0.0
20231119:1730,0.0,0.0,0.0,1.01,8.14,0.0
20231119:1830,0.0,0.0,0.0,1.03,7.79,0.0
20231119:1930,0.0,0.0,0.0,1.12,7.52,0.0
20231119:2030,0.0,0.0,0.0,0.95,7.31,0.0
20231119:2130,0.0,0.0,0.0,1.0,6.9,0.0
20231119:2230,0.0,0.0,0.0,1.0,6.21,0.0
20231119:2330,0.0,0.0,0.0,0.81,6.07,0.0
20231120:0030,0.0,0.0,0.0,0.81,6.14,0.0
20231120:0130,0.0,0.0,0.0,0.98,6.55,0.0
20231120:0230,0.0,0.0,0.0,0.73,6.21,0.0
20231120:0330,0.0,0.0,0.0,0.89,5.86,0.0
20231120:0430,0.0,0.0,0.0,0.8,5.72,0.0
20231120:0530,35.69,54.68,2.74,0.57,5.72,0.0
20231120:0630,200.01,223.18,10.82,0.4,5.66,0.0
20231120:0730,256.21,278.26,17.35,0.47,6.14,0.0
20231120:0830,538.39,577.06,21.83,2.44,5.72,0.0
20231120:0930,508.07,545.71,23.8,2.67,5.45,0.0
20231120:1030,509.91,552.8,23.02,4.42,5.24,0.0
20231120:1130,461.12,499.68,19.59,4.35,5.38,0.0
20231120:1230,301.84,332.04,13.89,4.33,5.24,0.0
20231120:1330,103.44,128.4,6.42,4.11,5.03,0.0
20231120:1430,0.0,0.0,-2.33,3.37,4.34,0.0
20231120:1530,0.0,0.0,0.0,3.28,4.21,0.0
20231120:1630,0.0,0.0,0.0,3.02,3.86,0.0
20231120:1730,0.0,0.0,0.0,2.12,3.31,0.0
20231120:1830,0.0,0.0,0.0,1.74,3.1,0.0
20231120:1930,0.0,0.0,0.0,1.86,2.76,0.0
20231120:2030,0.0,0.0,0.0,1.88,2.34,0.0
20231120:2130,0.0,0.0,0.0,1.94,2.07,0.0
20231120:2230,0.0,0.0,0.0,1.25,1.79,0.0
20231120:2330,0.0,0.0,0.0,1.65,1.66,0.0
20231121:0030,0.0,0.0,0.0,2.5,1.45,0.0
20231121:0130,0.0,0.0,0.0,2.85,1.38,0.0
20231121:0230,0.0,0.0,0.0,3.1,0.69,0.0
20231121:0330,0.0,0.0,0.0,2.94,0.48,0.0
20231121:0430,0.0,0.0,0.0,3.07,0.69,0.0
20231121:0530,72.39,98.9,2.52,4.23,0.97,0.0
20231121:0630,143.17,169.7,10.59,4.23,1.03,0.0
20231121:0730,320.09,355.82,17.12,4.31,1.24,0.0
20231121:0830,281.2,317.15,21.6,7.42,2.0,0.0
20231121:0930,554.51,618.72,23.57,7.51,2.9,0.0
20231121:1030,429.26,478.07,22.8,9.49,3.72,0.0
20231121:1130,136.56,164.71,19.4,9.26,3.59,0.0
20231121:1230,185.38,215.43,13.72,8.84,3.66,0.0
20231121:1330,81.86,107.31,6.27,8.52,3.93,0.0
20231121:1430,0.0,0.0,-2.46,7.36,4.21,0.0
20231121:1530,0.0,0.0,0.0,7.43,4.48,0.0
20231121:1630,0.0,0.0,0.0,7.56,4.69,0.0
20231121:1730,0.0,0.0,0.0,6.13,4.55,0.0
20231121:1830,0.0,0.0,0.0,5.76,4.55,0.0
20231121:1930,0.0,0.0,0.0,5.7,4.48,0.0
20231121:2030,0.0,0.0,0.0,5.32,4.48,0.0
20231121:2130,0.0,0.0,0.0,5.42,4.41,0.0
20231121:2230,0.0,0.0,0.0,5.5,4.34,0.0
20231121:2330,0.0,0.0,0.0,5.58,4.28,0.0
20231122:0030,0.0,0.0,0.0,5.36,4.41,0.0
20231122:0130,0.0,0.0,0.0,5.31,4.34,0.0
20231122:0230,0.0,0.0,0.0,5.47,4.21,0.0
20231122:0330,0.0,0.0,0.0,5.68,4.41,0.0
20231122:0430,0.0,0.0,0.0,5.66,4.55,0.0
20231122:0530,0.0,3.87,2.31,5.47,4.41,0.0
20231122:0630,9.86,22.03,10.37,5.35,4.34,0.0
20231122:0730,22.15,37.91,16.89,5.22,4.55,0.0
20231122:0830,42.61,61.97,21.37,5.33,4.69,0.0
20231122:0930,50.92,71.25,23.35,5.0,4.34,0.0
20231122:1030,41.59,60.71,22.6,4.97,4.48,0.0
20231122:1130,17.82,32.44,19.21,4.65,4.41,0.0
20231122:1230,27.4,44.01,13.56,4.37,4.55,0.0
20231122:1330,3.22,11.98,6.13,4.24,4.48,0.0
20231122:1430,0.0,0.0,-2.58,3.64,4.34,0.0
20231122:1530,0.0,0.0,0.0,3.64,4.41,0.0
20231122:1630,0.0,0.0,0.0,3.49,4.9,0.0
20231122:1730,0.0,0.0,0.0,2.76,5.38,0.0
20231122:1830,0.0,0.0,0.0,2.8,5.31,0.0
20231122:1930,0.0,0.0,0.0,2.89,5.52,0.0
20231122:2030,0.0,0.0,0.0,2.43,5.72,0.0
20231122:2130,0.0,0.0,0.0,2.55,5.79,0.0
20231122:2230,0.0,0.0,0.0,1.77,6.14,0.0
20231122:2330,0.0,0.0,0.0,1.7,5.93,0.0
20231123:0030,0.0,0.0,0.0,1.71,5.79,0.0
20231123:0130,0.0,0.0,0.0,1.52,5.52,0.0
20231123:0230,0.0,0.0,0.0,0.21,5.03,0.0
20231123:0330,0.0,0.0,0.0,0.14,4.55,0.0
20231123:0430,0.0,0.0,0.0,0.08,3.86,0.0
20231123:0530,5.43,15.29,2.1,-0.4,3.17,0.0
20231123:0630,88.87,109.8,10.16,-0.61,2.97,0.0
20231123:0730,214.46,238.01,16.67,-0.78,2.48,0.0
20231123:0830,580.77,628.73,21.15,-0.04,2.62,0.0
20231123:0930,569.15,613.67,23.13,0.09,3.17,0.0
20231123:1030,411.06,444.07,22.4,1.61,3.86,0.0
20231123:1130,243.68,268.95,19.03,1.83,4.83,0.0
20231123:1230,134.81,157.88,13.4,1.72,5.52,0.0
20231123:1330,31.13,48.19,6.0,2.09,6.28,0.0
20231123:1430,0.0,0.0,-2.7,3.47,6.34,0.0
20231123:1530,0.0,0.0,0.0,3.59,6.48,0.0
20231123:1630,0.0,0.0,0.0,3.4,6.83,0.0
20231123:1730,0.0,0.0,0.0,4.67,6.83,0.0
20231123:1830,0.0,0.0,0.0,4.6,6.83,0.0
20231123:1930,0.0,0.0,0.0,4.72,6.55,0.0
20231123:2030,0.0,0.0,0.0,5.53,6.62,0.0
20231123:2130,0.0,0.0,0.0,5.59,6.55,0.0
20231123:2230,0.0,0.0,0.0,5.27,6.21,0.0
20231123:2330,0.0,0.0,0.0,5.41,6.0,0.0
20231124:0030,0.0,0.0,0.0,5.27,5.79,0.0
20231124:0130,0.0,0.0,0.0,5.27,5.72,0.0
20231124:0230,0.0,0.0,0.0,5.3,5.79,0.0
20231124:0330,0.0,0.0,0.0,5.1,5.79,0.0
20231124:0430,0.0,0.0,0.0,5.21,5.79,0.0
20231124:0530,3.63,12.7,1.89,5.27,5.72,0.0
20231124:0630,169.26,196.09,9.94,5.31,5.79,0.0
20231124:0730,218.49,246.54,16.46,5.6,5.79,0.0
20231124:0830,358.27,396.36,20.93,8.27,5.72,0.0
20231124:0930,388.22,430.01,22.92,9.05,6.0,0.0
20231124:1030,200.91,231.66,22.2,9.49,5.93,0.0
20231124:1130,122.02,149.46,18.86,8.83,5.38,0.0
20231124:1230,78.48,102.75,13.25,9.13,5.45,0.0
20231124:1330,13.67,27.58,5.87,9.35,5.31,0.0
20231124:1430,0.0,0.0,-2.81,8.29,4.34,0.0
20231124:1530,0.0,0.0,0.0,8.22,4.21,0.0
20231124:1630,0.0,0.0,0.0,8.3,4.34,0.0
20231124:1730,0.0,0.0,0.0,7.23,4.14,0.0
20231124:1830,0.0,0.0,0.0,7.15,3.31,0.0
20231124:1930,0.0,0.0,0.0,7.24,2.97,0.0
20231124:2030,0.0,0.0,0.0,6.03,3.17,0.0
20231124:2130,0.0,0.0,0.0,6.56,2.62,0.0
20231124:2230,0.0,0.0,0.0,5.45,1.86,0.0
20231124:2330,0.0,0.0,0.0,5.59,1.79,0.0
20231125:0030,0.0,0.0,0.0,5.87,1.86,0.0
20231125:0130,0.0,0.0,0.0,6.09,1.59,0.0
20231125:0230,0.0,0.0,0.0,5.91,2.14,0.0
20231125:0330,0.0,0.0,0.0,6.18,2.34,0.0
20231125:0430,0.0,0.0,0.0,6.32,3.38,0.0
20231125:0530,0.75,7.37,1.69,6.2,4.14,0.0
20231125:0630,12.05,25.08,9.74,5.89,4.07,0.0
20231125:0730,28.46,45.6,16.24,5.65,4.83,0.0
20231125:0830,14.03,27.76,20.72,6.49,4.97,0.0
20231125:0930,26.85,43.74,22.72,6.04,5.03,0.0
20231125:1030,7.46,18.61,22.02,5.22,5.45,0.0
20231125:1130,14.9,28.72,18.69,4.79,6.28,0.0
20231125:1230,0.76,7.37,13.11,5.06,6.69,0.0
20231125:1330,0.0,3.37,5.75,5.09,7.52,0.0
20231125:1430,0.0,0.0,-2.91,3.85,6.9,0.0
20231125:1530,0.0,0.0,0.0,3.31,7.66,0.0
20231125:1630,0.0,0.0,0.0,2.74,8.28,0.0
20231125:1730,0.0,0.0,0.0,1.84,9.17,0.0
20231125:1830,0.0,0.0,0.0,1.97,9.45,0.0
20231125:1930,0.0,0.0,0.0,2.21,9.31,0.0
20231125:2030,0.0,0.0,0.0,2.06,9.45,0.0
20231125:2130,0.0,0.0,0.0,2.0,9.31,0.0
20231125:2230,0.0,0.0,0.0,2.09,8.9,0.0
20231125:2330,0.0,0.0,0.0,2.04,9.03,0.0
20231126:0030,0.0,0.0,0.0,2.03,9.03,0.0
20231126:0130,0.0,0.0,0.0,1.96,9.24,0.0
20231126:0230,0.0,0.0,0.0,1.6,9.52,0.0
20231126:0330,0.0,0.0,0.0,1.53,9.86,0.0
20231126:0430,0.0,0.0,0.0,1.47,10.41,0.0
20231126:0530,0.0,1.09,1.49,0.9,10.97,0.0
20231126:0630,0.0,4.6,9.53,0.81,12.0,0.0
20231126:0730,10.02,21.89,16.04,0.8,13.31,0.0
20231126:0830,9.86,21.66,20.51,0.76,13.1,0.0
20231126:0930,54.9,74.27,22.52,0.64,10.97,0.0
20231126:1030,58.34,77.91,21.84,1.12,11.38,0.0
20231126:1130,38.85,56.33,18.53,0.64,13.59,0.0
20231126:1230,9.48,21.1,12.97,0.41,14.48,0.0
20231126:1330,2.8,11.13,5.63,0.25,14.97,0.0
20231126:1430,0.0,0.0,-3.01,0.32,15.31,0.0
20231126:1530,0.0,0.0,0.0,0.06,15.59,0.0
20231126:1630,0.0,0.0,0.0,0.0,16.14,0.0
20231126:1730,0.0,0.0,0.0,-0.62,16.21,0.0
20231126:1830,0.0,0.0,0.0,-0.58,15.66,0.0
20231126:1930,0.0,0.0,0.0,-0.32,14.97,0.0
20231126:2030,0.0,0.0,0.0,-0.65,14.14,0.0
20231126:2130,0.0,0.0,0.0,-0.3,13.17,0.0
20231126:2230,0.0,0.0,0.0,-1.38,12.69,0.0
20231126:2330,0.0,0.0,0.0,-1.59,11.45,0.0
20231127:0030,0.0,0.0,0.0,-1.87,10.34,0.0
20231127:0130,0.0,0.0,0.0,-1.7,10.0,0.0
20231127:0230,0.0,0.0,0.0,-1.73,9.79,0.0
20231127:0330,0.0,0.0,0.0,-1.42,9.52,0.0
20231127:0430,0.0,0.0,0.0,-1.14,9.31,0.0
20231127:0530,1.63,8.97,1.3,-0.93,9.1,0.0
20231127:0630,187.32,208.85,9.33,-0.93,8.97,0.0
20231127:0730,319.44,339.05,15.83,-1.2,8.76,0.0
20231127:0830,431.16,454.39,20.31,0.14,8.69,0.0
20231127:0930,523.77,549.87,22.33,0.04,8.9,0.0
20231127:1030,658.07,697.04,21.66,1.4,8.21,0.0
20231127:1130,585.51,620.07,18.38,1.28,7.59,0.0
20231127:1230,399.98,426.84,12.84,1.26,7.31,0.0
20231127:1330,166.03,192.52,5.52,1.38,6.62,0.0
20231127:1430,0.0,0.0,-3.1,-0.01,6.07,0.0
20231127:1530,0.0,0.0,0.0,-0.09,5.86,0.0
20231127:1630,0.0,0.0,0.0,0.0,5.86,0.0
20231127:1730,0.0,0.0,0.0,-0.88,5.86,0.0
20231127:1830,0.0,0.0,0.0,-0.86,5.72,0.0
20231127:1930,0.0,0.0,0.0,-0.72,5.38,0.0
20231127:2030,0.0,0.0,0.0,-1.61,4.9,0.0
20231127:2130,0.0,0.0,0.0,-1.71,4.34,0.0
20231127:2230,0.0,0.0,0.0,-2.91,3.72,0.0
20231127:2330,0.0,0.0,0.0,-2.94,3.1,0.0
20231128:0030,0.0,0.0,0.0,-2.91,2.41,0.0
20231128:0130,0.0,0.0,0.0,-3.63,2.07,0.0
20231128:0230,0.0,0.0,0.0,-5.31,2.07,0.0
20231128:0330,0.0,0.0,0.0,-5.58,2.97,0.0
20231128:0430,0.0,0.0,0.0,-4.38,3.03,0.0
20231128:0530,1.46,8.6,1.11,-3.12,3.17,0.0
20231128:0630,281.94,305.57,9.14,-2.77,3.03,0.0
20231128:0730,463.71,498.91,15.64,-0.01,2.69,0.0
20231128:0830,478.09,522.29,20.12,4.92,3.72,0.0
20231128:0930,464.6,506.63,22.15,4.71,3.86,0.0
20231128:1030,461.07,506.65,21.49,6.73,4.41,0.0
20231128:1130,446.86,489.89,18.24,7.09,5.31,0.0
20231128:1230,309.31,343.16,12.72,7.18,6.14,0.0
20231128:1330,84.46,109.44,5.42,7.39,6.9,0.0
20231128:1430,0.0,0.0,-3.19,7.79,6.69,0.0
20231128:1530,0.0,0.0,0.0,7.81,7.79,0.0
20231128:1630,0.0,0.0,0.0,7.64,8.69,0.0
20231128:1730,0.0,0.0,0.0,9.24,9.93,0.0
20231128:1830,0.0,0.0,0.0,8.53,11.1,0.0
20231128:1930,0.0,0.0,0.0,8.09,11.66,0.0
20231128:2030,0.0,0.0,0.0,8.33,11.66,0.0
20231128:2130,0.0,0.0,0.0,8.23,11.86,0.0
20231128:2230,0.0,0.0,0.0,8.94,12.41,0.0
20231128:2330,0.0,0.0,0.0,9.61,12.28,0.0
20231129:0030,0.0,0.0,0.0,9.84,11.38,0.0
20231129:0130,0.0,0.0,0.0,9.84,8.62,0.0
20231129:0230,0.0,0.0,0.0,9.77,6.28,0.0
20231129:0330,0.0,0.0,0.0,9.18,5.24,0.0
20231129:0430,0.0,0.0,0.0,7.87,5.03,0.0
20231129:0530,1.25,8.42,0.92,6.37,5.59,0.0
20231129:0630,186.95,215.32,8.95,5.9,5.45,0.0
20231129:0730,348.36,381.89,15.44,5.88,5.66,0.0
20231129:0830,532.37,579.09,19.93,6.44,6.48,0.0
20231129:0930,617.55,674.28,21.97,6.62,6.48,0.0
20231129:1030,663.6,722.21,21.33,5.97,6.9,0.0
20231129:1130,570.61,619.28,18.1,6.1,6.9,0.0
20231129:1230,386.06,422.5,12.6,6.08,6.34,0.0
20231129:1330,147.9,177.18,5.33,6.01,5.38,0.0
20231129:1430,0.0,0.0,-3.26,3.98,4.48,0.0
20231129:1530,0.0,0.0,0.0,4.1,4.48,0.0
20231129:1630,0.0,0.0,0.0,3.84,3.72,0.0
20231129:1730,0.0,0.0,0.0,1.91,3.24,0.0
20231129:1830,0.0,0.0,0.0,2.11,3.03,0.0
20231129:1930,0.0,0.0,0.0,2.23,3.17,0.0
20231129:2030,0.0,0.0,0.0,1.11,3.1,0.0
20231129:2130,0.0,0.0,0.0,0.96,3.1,0.0
20231129:2230,0.0,0.0,0.0,-0.38,4.07,0.0
20231129:2330,0.0,0.0,0.0,-0.43,4.21,0.0
20231130:0030,0.0,0.0,0.0,-0.36,4.21,0.0
20231130:0130,0.0,0.0,0.0,-0.43,4.34,0.0
20231130:0230,0.0,0.0,0.0,-2.19,4.34,0.0
20231130:0330,0.0,0.0,0.0,-2.42,4.0,0.0
20231130:0430,0.0,0.0,0.0,-2.63,3.52,0.0
20231130:0530,1.43,8.51,0.74,-4.04,2.97,0.0
20231130:0630,305.56,328.9,8.76,-3.89,2.83,0.0
20231130:0730,517.54,548.98,15.26,-3.58,2.69,0.0
20231130:0830,636.05,695.24,19.75,0.09,2.14,0.0
20231130:0930,663.85,736.62,21.8,0.16,1.31,0.0
20231130:1030,613.45,693.71,21.18,2.23,0.41,0.0
20231130:1130,526.22,581.95,17.96,2.4,1.24,0.0
20231130:1230,401.46,439.87,12.49,2.54,2.14,0.0
20231130:1330,98.94,123.46,5.24,2.95,2.28,0.0
20231130:1430,0.0,0.0,-3.34,1.74,2.07,0.0
20231130:1530,0.0,0.0,0.0,2.72,2.48,0.0
20231130:1630,0.0,0.0,0.0,3.77,3.31,0.0
20231130:1730,0.0,0.0,0.0,4.23,4.07,0.0
20231130:1830,0.0,0.0,0.0,5.43,4.07,0.0
20231130:1930,0.0,0.0,0.0,5.86,4.83,0.0
20231130:2030,0.0,0.0,0.0,6.91,5.17,0.0
20231130:2130,0.0,0.0,0.0,7.33,5.86,0.0
20231130:2230,0.0,0.0,0.0,8.83,6.34,0.0
20231130:2330,0.0,0.0,0.0,8.8,7.17,0.0
20231201:0030,0.0,0.0,0.0,8.58,7.79,0.0
20231201:0130,0.0,0.0,0.0,8.26,8.07,0.0
20231201:0230,0.0,0.0,0.0,9.5,8.07,0.0
20231201:0330,0.0,0.0,0.0,9.56,8.41,0.0
20231201:0430,0.0,0.0,0.0,9.61,8.48,0.0
20231201:0530,0.82,7.6,0.56,10.58,8.48,0.0
20231201:0630,164.92,195.33,8.58,10.15,8.07,0.0
20231201:0730,387.41,427.78,15.08,9.59,8.34,0.0
20231201:0830,527.29,584.03,19.57,11.1,7.59,0.0
20231201:0930,491.77,543.08,21.63,10.6,7.45,0.0
20231201:1030,457.7,509.16,21.03,12.13,7.38,0.0
20231201:1130,401.4,449.78,17.84,12.34,6.48,0.0
20231201:1230,175.53,207.97,12.39,12.56,6.0,0.0
20231201:1330,64.82,89.75,5.15,12.69,5.79,0.0
20231201:1430,0.0,0.0,-3.4,11.57,4.48,0.0
20231201:1530,0.0,0.0,0.0,11.16,3.31,0.0
20231201:1630,0.0,0.0,0.0,10.73,2.21,0.0
20231201:1730,0.0,0.0,0.0,9.24,2.48,0.0
20231201:1830,0.0,0.0,0.0,9.93,1.93,0.0
20231201:1930,0.0,0.0,0.0,10.21,1.93,0.0
20231201:2030,0.0,0.0,0.0,8.98,2.07,0.0
20231201:2130,0.0,0.0,0.0,8.44,2.14,0.0
20231201:2230,0.0,0.0,0.0,8.35,2.76,0.0
20231201:2330,0.0,0.0,0.0,8.41,2.76,0.0
20231202:0030,0.0,0.0,0.0,8.47,2.62,0.0
20231202:0130,0.0,0.0,0.0,8.36,2.34,0.0
20231202:0230,0.0,0.0,0.0,6.98,2.48,0.0
20231202:0330,0.0,0.0,0.0,6.11,1.86,0.0
20231202:0430,0.0,0.0,0.0,5.53,1.1,0.0
20231202:0530,0.88,7.65,0.38,5.96,0.76,0.0
20231202:0630,157.11,186.1,8.4,5.98,1.03,0.0
20231202:0730,327.27,367.11,14.9,5.54,0.9,0.0
20231202:0830,445.7,505.13,19.4,8.09,1.03,0.0
20231202:0930,608.73,701.54,21.48,9.28,1.38,0.0
20231202:1030,556.14,634.1,20.89,10.41,2.28,0.0
20231202:1130,403.72,457.29,17.72,11.06,2.83,0.0
20231202:1230,346.2,393.56,12.29,11.02,2.83,0.0
20231202:1330,55.98,79.12,5.08,10.8,2.55,0.0
20231202:1430,0.0,0.0,-3.46,10.1,2.48,0.0
20231202:1530,0.0,0.0,0.0,10.27,2.76,0.0
20231202:1630,0.0,0.0,0.0,10.2,3.45,0.0
20231202:1730,0.0,0.0,0.0,10.32,3.38,0.0
20231202:1830,0.0,0.0,0.0,9.96,3.45,0.0
20231202:1930,0.0,0.0,0.0,9.93,4.0,0.0
20231202:2030,0.0,0.0,0.0,10.13,4.07,0.0
20231202:2130,0.0,0.0,0.0,9.97,4.62,0.0
20231202:2230,0.0,0.0,0.0,10.36,5.66,0.0
20231202:2330,0.0,0.0,0.0,10.46,5.79,0.0
20231203:0030,0.0,0.0,0.0,10.42,5.59,0.0
20231203:0130,0.0,0.0,0.0,10.23,5.52,0.0
20231203:0230,0.0,0.0,0.0,10.3,6.21,0.0
20231203:0330,0.0,0.0,0.0,10.04,6.14,0.0
20231203:0430,0.0,0.0,0.0,10.06,4.9,0.0
20231203:0530,0.53,6.92,0.21,8.77,4.34,0.0
20231203:0630,124.63,152.15,8.23,8.79,4.41,0.0
20231203:0730,277.63,312.17,14.73,8.7,4.21,0.0
20231203:0830,337.71,379.43,19.24,10.65,3.79,0.0
20231203:0930,323.9,366.11,21.32,11.64,4.48,0.0
20231203:1030,200.67,230.63,20.76,9.0,5.31,0.0
20231203:1130,89.88,114.39,17.61,8.64,5.1,0.0
20231203:1230,22.92,39.37,12.21,8.68,4.48,0.0
20231203:1330,6.89,17.98,5.01,8.44,4.83,0.0
20231203:1430,0.0,0.0,-3.51,5.4,5.03,0.0
20231203:1530,0.0,0.0,0.0,5.32,5.03,0.0
20231203:1630,0.0,0.0,0.0,5.16,5.45,0.0
20231203:1730,0.0,0.0,0.0,3.11,6.34,0.0
20231203:1830,0.0,0.0,0.0,2.77,6.69,0.0
20231203:1930,0.0,0.0,0.0,2.56,6.62,0.0
20231203:2030,0.0,0.0,0.0,1.15,6.14,0.0
20231203:2130,0.0,0.0,0.0,1.06,5.72,0.0
20231203:2230,0.0,0.0,0.0,0.63,4.9,0.0
20231203:2330,0.0,0.0,0.0,0.66,4.62,0.0
20231204:0030,0.0,0.0,0.0,0.57,4.28,0.0
20231204:0130,0.0,0.0,0.0,0.67,4.14,0.0
20231204:0230,0.0,0.0,0.0,0.06,4.34,0.0
20231204:0330,0.0,0.0,0.0,-0.12,4.21,0.0
20231204:0430,0.0,0.0,0.0,-0.32,4.0,0.0
20231204:0530,0.87,7.46,0.05,-1.65,3.72,0.0
20231204:0630,193.15,215.38,8.07,-2.0,4.07,0.0
20231204:0730,466.4,493.87,14.57,-1.81,4.28,0.0
20231204:0830,568.36,608.02,19.08,0.14,4.28,0.0
20231204:0930,609.01,653.93,21.18,0.38,4.21,0.0
20231204:1030,488.2,525.05,20.64,1.17,3.86,0.0
20231204:1130,342.74,370.59,17.51,1.2,3.86,0.0
20231204:1230,224.13,248.7,12.12,1.12,3.93,0.0
20231204:1330,62.76,83.47,4.95,1.11,3.86,0.0
20231204:1430,0.0,0.0,-3.56,0.57,3.72,0.0
20231204:1530,0.0,0.0,0.0,0.97,3.03,0.0
20231204:1630,0.0,0.0,0.0,0.82,2.55,0.0
20231204:1730,0.0,0.0,0.0,-1.09,2.21,0.0
20231204:1830,0.0,0.0,0.0,-1.91,2.07,0.0
20231204:1930,0.0,0.0,0.0,-2.75,1.93,0.0
20231204:2030,0.0,0.0,0.0,-3.7,1.72,0.0
20231204:2130,0.0,0.0,0.0,-3.89,1.86,0.0
20231204:2230,0.0,0.0,0.0,-3.4,1.93,0.0
20231204:2330,0.0,0.0,0.0,-3.7,1.72,0.0
20231205:0030,0.0,0.0,0.0,-3.23,1.03,0.0
20231205:0130,0.0,0.0,0.0,-1.29,0.62,0.0
20231205:0230,0.0,0.0,0.0,-2.39,0.62,0.0
20231205:0330,0.0,0.0,0.0,-4.04,1.24,0.0
20231205:0430,0.0,0.0,0.0,-3.97,1.93,0.0
20231205:0530,0.0,0.0,-0.11,-3.41,2.28,0.0
20231205:0630,118.21,139.42,7.9,-2.47,2.0,0.0
20231205:0730,169.06,190.97,14.41,-1.6,2.07,0.0
20231205:0830,155.77,180.85,18.93,2.76,2.83,0.0
20231205:0930,127.83,152.09,21.04,2.8,3.66,0.0
20231205:1030,115.54,139.89,20.52,4.29,3.72,0.0
20231205:1130,126.26,149.71,17.41,4.03,4.21,0.0
20231205:1230,129.11,152.6,12.05,3.79,4.83,0.0
20231205:1330,26.32,42.81,4.89,3.38,5.1,0.0
20231205:1430,0.0,0.0,-3.6,2.7,5.45,0.0
20231205:1530,0.0,0.0,0.0,2.71,5.93,0.0
20231205:1630,0.0,0.0,0.0,2.82,5.66,0.0
20231205:1730,0.0,0.0,0.0,1.95,5.38,0.0
20231205:1830,0.0,0.0,0.0,1.87,5.1,0.0
20231205:1930,0.0,0.0,0.0,1.88,4.76,0.0
20231205:2030,0.0,0.0,0.0,1.94,4.69,0.0
20231205:2130,0.0,0.0,0.0,2.15,4.55,0.0
20231205:2230,0.0,0.0,0.0,2.07,4.28,0.0
20231205:2330,0.0,0.0,0.0,2.02,4.69,0.0
20231206:0030,0.0,0.0,0.0,2.23,4.97,0.0
20231206:0130,0.0,0.0,0.0,2.13,5.03,0.0
20231206:0230,0.0,0.0,0.0,2.08,5.1,0.0
20231206:0330,0.0,0.0,0.0,1.82,5.17,0.0
20231206:0430,0.0,0.0,0.0,1.81,5.03,0.0
20231206:0530,0.0,0.0,-0.27,1.44,4.97,0.0
20231206:0630,15.95,29.72,7.75,1.4,5.38,0.0
20231206:0730,35.47,52.91,14.26,1.25,5.72,0.0
20231206:0830,134.76,157.03,18.79,1.56,6.0,0.0
20231206:0930,134.02,156.62,20.91,1.49,5.66,0.0
20231206:1030,170.74,194.52,20.41,1.88,5.93,0.0
20231206:1130,126.14,148.92,17.32,1.67,5.72,0.0
20231206:1230,91.77,113.31,11.98,1.67,5.59,0.0
20231206:1330,34.12,51.56,4.84,1.49,5.72,0.0
20231206:1430,0.0,0.0,-3.63,0.49,5.66,0.0
20231206:1530,0.0,0.0,0.0,0.25,5.59,0.0
20231206:1630,0.0,0.0,0.0,-0.01,5.59,0.0
20231206:1730,0.0,0.0,0.0,-0.53,5.59,0.0
20231206:1830,0.0,0.0,0.0,-0.4,5.45,0.0
20231206:1930,0.0,0.0,0.0,-0.14,5.38,0.0
20231206:2030,0.0,0.0,0.0,-0.38,5.17,0.0
20231206:2130,0.0,0.0,0.0,-0.26,5.1,0.0
20231206:2230,0.0,0.0,0.0,-0.76,5.38,0.0
20231206:2330,0.0,0.0,0.0,-0.83,5.72,0.0
20231207:0030,0.0,0.0,0.0,-0.72,5.72,0.0
20231207:0130,0.0,0.0,0.0,-0.75,5.59,0.0
20231207:0230,0.0,0.0,0.0,-0.79,5.31,0.0
20231207:0330,0.0,0.0,0.0,-0.97,5.52,0.0
20231207:0430,0.0,0.0,0.0,-0.99,5.59,0.0
20231207:0530,0.0,0.0,-0.42,-0.9,5.59,0.0
20231207:0630,9.23,20.71,7.6,-0.75,5.45,0.0
20231207:0730,27.55,43.46,14.11,-0.68,5.52,0.0
20231207:0830,65.63,85.66,18.65,0.14,5.31,0.0
20231207:0930,88.76,110.12,20.79,0.08,5.24,0.0
20231207:1030,78.87,99.59,20.3,0.32,5.79,0.0
20231207:1130,43.96,62.2,17.24,0.37,5.86,0.0
20231207:1230,16.16,29.85,11.92,0.26,6.21,0.0
20231207:1330,2.13,9.92,4.8,0.19,6.14,0.0
20231207:1430,0.0,0.0,-3.66,0.15,5.72,0.0
20231207:1530,0.0,0.0,0.0,0.19,6.0,0.0
20231207:1630,0.0,0.0,0.0,0.17,6.14,0.0
20231207:1730,0.0,0.0,0.0,0.16,6.21,0.0
20231207:1830,0.0,0.0,0.0,0.3,5.93,0.0
20231207:1930,0.0,0.0,0.0,0.43,5.72,0.0
20231207:2030,0.0,0.0,0.0,0.57,5.66,0.0
20231207:2130,0.0,0.0,0.0,0.56,5.59,0.0
20231207:2230,0.0,0.0,0.0,0.44,5.66,0.0
20231207:2330,0.0,0.0,0.0,0.4,5.79,0.0
20231208:0030,0.0,0.0,0.0,0.37,5.66,0.0
20231208:0130,0.0,0.0,0.0,0.5,5.38,0.0
20231208:0230,0.0,0.0,0.0,0.55,5.17,0.0
20231208:0330,0.0,0.0,0.0,0.75,5.31,0.0
20231208:0430,0.0,0.0,0.0,0.89,5.31,0.0
20231208:0530,0.0,0.0,-0.57,0.94,5.38,0.0
20231208:0630,4.31,13.61,7.45,0.92,5.38,0.0
20231208:0730,12.58,25.3,13.97,0.66,5.24,0.0
20231208:0830,23.44,38.87,18.52,1.02,5.38,0.0
20231208:0930,26.03,41.91,20.68,0.74,5.03,0.0
20231208:1030,38.34,56.04,20.21,0.88,5.52,0.0
20231208:1130,20.96,35.86,17.16,0.89,5.59,0.0
20231208:1230,7.33,18.13,11.87,0.76,5.38,0.0
20231208:1330,0.11,5.78,4.77,0.78,5.45,0.0
20231208:1430,0.0,0.0,0.0,0.67,5.59,0.0
20231208:1530,0.0,0.0,0.0,0.74,5.72,0.0
20231208:1630,0.0,0.0,0.0,0.79,5.93,0.0
20231208:1730,0.0,0.0,0.0,0.68,5.86,0.0
20231208:1830,0.0,0.0,0.0,0.8,5.66,0.0
20231208:1930,0.0,0.0,0.0,0.91,5.66,0.0
20231208:2030,0.0,0.0,0.0,0.94,5.59,0.0
20231208:2130,0.0,0.0,0.0,1.06,5.17,0.0
20231208:2230,0.0,0.0,0.0,0.73,5.38,0.0
20231208:2330,0.0,0.0,0.0,0.7,5.31,0.0
20231209:0030,0.0,0.0,0.0,0.59,5.38,0.0
20231209:0130,0.0,0.0,0.0,0.5,5.59,0.0
20231209:0230,0.0,0.0,0.0,0.25,5.86,0.0
20231209:0330,0.0,0.0,0.0,0.28,6.14,0.0
20231209:0430,0.0,0.0,0.0,0.27,6.28,0.0
20231209:0530,0.0,0.0,-0.71,0.31,6.07,0.0
20231209:0630,43.77,61.66,7.31,0.3,5.93,0.0
20231209:0730,96.32,117.01,13.84,0.13,5.52,0.0
20231209:0830,147.15,168.65,18.39,0.33,5.59,0.0
20231209:0930,240.13,262.27,20.57,0.29,5.93,0.0
20231209:1030,92.01,112.81,20.12,0.12,6.41,0.0
20231209:1130,61.01,80.47,17.1,0.0,6.28,0.0
20231209:1230,43.13,60.95,11.82,-0.06,6.21,0.0
20231209:1330,17.2,31.19,4.74,0.09,6.28,0.0
20231209:1430,0.0,0.0,-3.7,-0.19,6.34,0.0
20231209:1530,0.0,0.0,0.0,-0.1,6.21,0.0
20231209:1630,0.0,0.0,0.0,-0.02,5.86,0.0
20231209:1730,0.0,0.0,0.0,-0.24,5.59,0.0
20231209:1830,0.0,0.0,0.0,-0.06,5.52,0.0
20231209:1930,0.0,0.0,0.0,-0.08,5.31,0.0
20231209:2030,0.0,0.0,0.0,-0.24,4.97,0.0
20231209:2130,0.0,0.0,0.0,-0.29,4.69,0.0
20231209:2230,0.0,0.0,0.0,-0.57,4.62,0.0
20231209:2330,0.0,0.0,0.0,-0.64,4.48,0.0
20231210:0030,0.0,0.0,0.0,-0.68,4.41,0.0
20231210:0130,0.0,0.0,0.0,-0.67,4.0,0.0
20231210:0230,0.0,0.0,0.0,-1.1,3.59,0.0
20231210:0330,0.0,0.0,0.0,-1.12,3.45,0.0
20231210:0430,0.0,0.0,0.0,-1.05,3.86,0.0
20231210:0530,0.0,0.0,-0.85,-0.86,3.59,0.0
20231210:0630,7.47,18.25,7.18,-0.82,3.31,0.0
20231210:0730,32.0,48.52,13.71,-0.82,2.62,0.0
20231210:0830,28.15,44.33,18.28,-0.06,2.0,0.0
20231210:0930,69.5,89.59,20.47,-0.31,1.52,0.0
20231210:1030,67.61,88.1,20.04,-0.18,0.69,0.0
20231210:1130,97.84,118.84,17.04,-0.38,0.48,0.0
20231210:1230,46.5,64.74,11.78,0.15,0.62,0.0
20231210:1330,15.06,28.6,4.72,0.52,0.55,0.0
20231210:1430,0.0,0.0,-3.7,0.86,0.48,0.0
20231210:1530,0.0,0.0,0.0,0.96,0.55,0.0
20231210:1630,0.0,0.0,0.0,0.97,0.76,0.0
20231210:1730,0.0,0.0,0.0,1.16,0.69,0.0
20231210:1830,0.0,0.0,0.0,0.91,0.48,0.0
20231210:1930,0.0,0.0,0.0,1.07,0.41,0.0
20231210:2030,0.0,0.0,0.0,0.75,0.14,0.0
20231210:2130,0.0,0.0,0.0,0.47,0.55,0.0
20231210:2230,0.0,0.0,0.0,1.96,1.31,0.0
20231210:2330,0.0,0.0,0.0,1.44,0.69,0.0
20231211:0030,0.0,0.0,0.0,1.01,1.17,0.0
20231211:0130,0.0,0.0,0.0,1.65,1.24,0.0
20231211:0230,0.0,0.0,0.0,2.54,1.79,0.0
20231211:0330,0.0,0.0,0.0,2.83,2.14,0.0
20231211:0430,0.0,0.0,0.0,3.43,2.0,0.0
20231211:0530,0.0,0.0,-0.98,3.72,1.66,0.0
20231211:0630,15.59,29.56,7.05,4.13,1.45,0.0
20231211:0730,143.82,169.26,13.59,4.38,1.24,0.0
20231211:0830,173.62,201.3,18.17,5.19,1.31,0.0
20231211:0930,253.91,285.01,20.37,5.19,2.28,0.0
20231211:1030,293.33,325.82,19.96,4.99,2.55,0.0
20231211:1130,161.78,187.71,16.98,4.46,2.97,0.0
20231211:1230,112.31,136.01,11.75,3.9,3.38,0.0
20231211:1330,20.24,35.37,4.7,3.34,3.38,0.0
20231211:1430,0.0,0.0,-3.7,2.78,2.55,0.0
20231211:1530,0.0,0.0,0.0,2.57,2.07,0.0
20231211:1630,0.0,0.0,0.0,2.83,2.0,0.0
20231211:1730,0.0,0.0,0.0,2.9,2.28,0.0
20231211:1830,0.0,0.0,0.0,2.99,2.55,0.0
20231211:1930,0.0,0.0,0.0,2.79,3.1,0.0
20231211:2030,0.0,0.0,0.0,2.19,2.69,0.0
20231211:2130,0.0,0.0,0.0,1.13,1.66,0.0
20231211:2230,0.0,0.0,0.0,0.8,2.14,0.0
20231211:2330,0.0,0.0,0.0,1.42,2.97,0.0
20231212:0030,0.0,0.0,0.0,1.59,2.62,0.0
20231212:0130,0.0,0.0,0.0,1.98,2.21,0.0
20231212:0230,0.0,0.0,0.0,2.33,1.72,0.0
20231212:0330,0.0,0.0,0.0,2.8,1.52,0.0
20231212:0430,0.0,0.0,0.0,2.69,1.66,0.0
20231212:0530,0.0,0.0,-1.1,2.84,1.52,0.0
20231212:0630,77.56,99.56,6.93,3.14,1.86,0.0
20231212:0730,149.16,173.47,13.47,3.37,2.28,0.0
20231212:0830,234.67,263.38,18.07,4.07,2.9,0.0
20231212:0930,292.65,324.95,20.29,4.63,2.9,0.0
20231212:1030,187.24,215.68,19.9,4.63,1.72,0.0
20231212:1130,100.94,125.24,16.94,4.37,1.79,0.0
20231212:1230,46.11,65.69,11.72,4.24,1.86,0.0
20231212:1330,12.77,25.91,4.69,4.17,1.93,0.0
20231212:1430,0.0,0.0,-3.7,4.73,1.38,0.0
20231212:1530,0.0,0.0,0.0,4.16,1.1,0.0
20231212:1630,0.0,0.0,0.0,2.86,1.52,0.0
20231212:1730,0.0,0.0,0.0,2.32,2.28,0.0
20231212:1830,0.0,0.0,0.0,2.05,2.34,0.0
20231212:1930,0.0,0.0,0.0,1.81,1.72,0.0
20231212:2030,0.0,0.0,0.0,1.63,1.93,0.0
20231212:2130,0.0,0.0,0.0,1.73,2.34,0.0
20231212:2230,0.0,0.0,0.0,1.68,2.0,0.0
20231212:2330,0.0,0.0,0.0,1.81,2.28,0.0
20231213:0030,0.0,0.0,0.0,1.66,2.34,0.0
20231213:0130,0.0,0.0,0.0,1.84,1.93,0.0
20231213:0230,0.0,0.0,0.0,1.51,2.0,0.0
20231213:0330,0.0,0.0,0.0,1.16,2.41,0.0
20231213:0430,0.0,0.0,0.0,1.02,2.41,0.0
20231213:0530,0.0,0.0,-1.22,0.33,2.07,0.0
20231213:0630,16.95,30.9,6.82,0.48,1.38,0.0
20231213:0730,84.57,105.68,13.37,0.14,1.45,0.0
20231213:0830,138.98,162.45,17.97,0.58,0.9,0.0
20231213:0930,178.89,204.1,20.21,0.52,1.45,0.0
20231213:1030,199.91,225.73,19.84,2.14,2.76,0.0
20231213:1130,138.89,162.94,16.9,2.31,3.31,0.0
20231213:1230,89.98,111.7,11.7,2.52,3.93,0.0
20231213:1330,19.3,34.14,4.69,2.98,4.48,0.0
20231213:1430,0.0,0.0,-3.69,4.22,4.28,0.0
20231213:1530,0.0,0.0,0.0,4.96,4.34,0.0
20231213:1630,0.0,0.0,0.0,5.7,4.48,0.0
20231213:1730,0.0,0.0,0.0,7.3,6.0,0.0
20231213:1830,0.0,0.0,0.0,7.5,7.24,0.0
20231213:1930,0.0,0.0,0.0,7.43,8.41,0.0
20231213:2030,0.0,0.0,0.0,8.5,9.17,0.0
20231213:2130,0.0,0.0,0.0,8.72,9.52,0.0
20231213:2230,0.0,0.0,0.0,9.26,10.07,0.0
20231213:2330,0.0,0.0,0.0,9.54,10.28,0.0
20231214:0030,0.0,0.0,0.0,9.73,10.07,0.0
20231214:0130,0.0,0.0,0.0,9.77,9.79,0.0
20231214:0230,0.0,0.0,0.0,10.02,9.66,0.0
20231214:0330,0.0,0.0,0.0,10.01,9.38,0.0
20231214:0430,0.0,0.0,0.0,9.83,9.45,0.0
20231214:0530,0.0,0.0,-1.34,10.2,9.38,0.0
20231214:0630,41.23,61.21,6.7,10.12,9.24,0.0
20231214:0730,106.82,131.78,13.26,9.62,9.03,0.0
20231214:0830,256.15,288.71,17.88,10.46,8.9,0.0
20231214:0930,199.45,230.2,20.13,10.1,7.86,0.0
20231214:1030,208.13,239.66,19.78,11.2,7.72,0.0
20231214:1130,72.14,96.05,16.87,11.01,7.79,0.0
20231214:1230,11.61,24.89,11.69,10.7,5.59,0.0
20231214:1330,2.23,10.42,4.7,10.36,5.03,0.0
20231214:1430,0.0,0.0,-3.67,9.8,4.21,0.0
20231214:1530,0.0,0.0,0.0,9.96,3.24,0.0
20231214:1630,0.0,0.0,0.0,10.05,2.97,0.0
20231214:1730,0.0,0.0,0.0,8.65,3.59,0.0
20231214:1830,0.0,0.0,0.0,8.75,4.62,0.0
20231214:1930,0.0,0.0,0.0,8.44,5.45,0.0
20231214:2030,0.0,0.0,0.0,5.96,5.72,0.0
20231214:2130,0.0,0.0,0.0,5.58,5.59,0.0
20231214:2230,0.0,0.0,0.0,4.05,5.24,0.0
20231214:2330,0.0,0.0,0.0,4.12,5.66,0.0
20231215:0030,0.0,0.0,0.0,4.06,5.93,0.0
20231215:0130,0.0,0.0,0.0,3.98,5.93,0.0
20231215:0230,0.0,0.0,0.0,3.14,6.21,0.0
20231215:0330,0.0,0.0,0.0,3.33,6.07,0.0
20231215:0430,0.0,0.0,0.0,3.43,5.86,0.0
20231215:0530,0.0,0.0,-1.45,2.81,5.72,0.0
20231215:0630,15.3,29.03,6.6,2.81,5.79,0.0
20231215:0730,59.1,79.32,13.17,2.74,6.14,0.0
20231215:0830,129.95,153.39,17.8,2.61,6.41,0.0
20231215:0930,116.83,139.79,20.07,2.63,6.41,0.0
20231215:1030,125.85,149.6,19.74,3.01,6.83,0.0
20231215:1130,94.3,116.87,16.85,3.07,6.97,0.0
20231215:1230,73.06,94.17,11.69,3.07,6.97,0.0
20231215:1330,19.45,34.3,4.71,3.01,6.69,0.0
20231215:1430,0.0,0.0,-3.64,2.62,5.93,0.0
20231215:1530,0.0,0.0,0.0,2.3,5.59,0.0
20231215:1630,0.0,0.0,0.0,2.05,5.31,0.0
20231215:1730,0.0,0.0,0.0,1.68,5.59,0.0
20231215:1830,0.0,0.0,0.0,1.68,5.1,0.0
20231215:1930,0.0,0.0,0.0,1.69,4.34,0.0
20231215:2030,0.0,0.0,0.0,2.07,4.07,0.0
20231215:2130,0.0,0.0,0.0,2.52,3.86,0.0
20231215:2230,0.0,0.0,0.0,1.86,3.1,0.0
20231215:2330,0.0,0.0,0.0,2.25,3.1,0.0
20231216:0030,0.0,0.0,0.0,2.33,3.66,0.0
20231216:0130,0.0,0.0,0.0,2.22,4.48,0.0
20231216:0230,0.0,0.0,0.0,0.94,5.03,0.0
20231216:0330,0.0,0.0,0.0,0.85,4.28,0.0
20231216:0430,0.0,0.0,0.0,0.68,3.17,0.0
20231216:0530,0.0,0.0,-1.55,-0.39,3.1,0.0
20231216:0630,84.19,104.97,6.5,-0.71,3.72,0.0
20231216:0730,249.17,272.57,13.08,-0.52,3.66,0.0
20231216:0830,293.07,320.02,17.72,1.19,3.45,0.0
20231216:0930,206.27,231.63,20.01,1.23,3.24,0.0
20231216:1030,177.94,203.99,19.7,2.78,2.9,0.0
20231216:1130,193.85,219.8,16.83,2.73,3.38,0.0
20231216:1230,130.71,154.35,11.69,2.73,3.72,0.0
20231216:1330,45.91,65.23,4.73,2.85,3.72,0.0
20231216:1430,0.0,0.0,-3.61,1.85,3.31,0.0
20231216:1530,0.0,0.0,0.0,2.22,3.24,0.0
20231216:1630,0.0,0.0,0.0,1.87,3.17,0.0
20231216:1730,0.0,0.0,0.0,1.53,2.76,0.0
20231216:1830,0.0,0.0,0.0,1.81,2.28,0.0
20231216:1930,0.0,0.0,0.0,1.87,2.83,0.0
20231216:2030,0.0,0.0,0.0,2.67,3.31,0.0
20231216:2130,0.0,0.0,0.0,2.99,3.59,0.0
20231216:2230,0.0,0.0,0.0,2.56,4.14,0.0
20231216:2330,0.0,0.0,0.0,2.42,4.21,0.0
20231217:0030,0.0,0.0,0.0,2.37,4.14,0.0
20231217:0130,0.0,0.0,0.0,2.69,4.21,0.0
20231217:0230,0.0,0.0,0.0,2.0,4.07,0.0
20231217:0330,0.0,0.0,0.0,2.19,4.14,0.0
20231217:0430,0.0,0.0,0.0,2.21,4.55,0.0
20231217:0530,0.0,0.0,-1.65,2.08,4.48,0.0
20231217:0630,46.12,65.01,6.41,2.24,4.07,0.0
20231217:0730,177.76,201.84,13.0,2.3,4.34,0.0
20231217:0830,342.07,373.91,17.66,4.73,4.62,0.0
20231217:0930,373.8,406.56,19.97,5.11,5.24,0.0
20231217:1030,378.3,413.74,19.68,6.72,5.52,0.0
20231217:1130,166.88,193.95,16.82,6.85,5.52,0.0
20231217:1230,61.91,83.47,11.7,6.87,5.59,0.0
20231217:1330,5.02,15.02,4.75,6.87,5.38,0.0
20231217:1430,0.0,0.0,-3.58,5.96,5.52,0.0
20231217:1530,0.0,0.0,0.0,5.87,5.66,0.0
20231217:1630,0.0,0.0,0.0,5.71,5.45,0.0
20231217:1730,0.0,0.0,0.0,5.04,5.03,0.0
20231217:1830,0.0,0.0,0.0,5.15,4.9,0.0
20231217:1930,0.0,0.0,0.0,5.48,4.83,0.0
20231217:2030,0.0,0.0,0.0,5.32,4.76,0.0
20231217:2130,0.0,0.0,0.0,5.3,4.62,0.0
20231217:2230,0.0,0.0,0.0,5.09,4.55,0.0
20231217:2330,0.0,0.0,0.0,5.04,4.55,0.0
20231218:0030,0.0,0.0,0.0,4.99,4.48,0.0
20231218:0130,0.0,0.0,0.0,5.12,4.55,0.0
20231218:0230,0.0,0.0,0.0,5.17,5.03,0.0
20231218:0330,0.0,0.0,0.0,5.5,5.03,0.0
20231218:0430,0.0,0.0,0.0,5.61,5.17,0.0
20231218:0530,0.0,0.0,-1.75,5.91,4.97,0.0
20231218:0630,33.03,50.9,6.33,5.76,4.76,0.0
20231218:0730,72.85,94.95,12.93,5.28,5.03,0.0
20231218:0830,47.72,68.16,17.6,6.99,5.1,0.0
20231218:0930,77.79,101.32,19.92,6.66,5.1,0.0
20231218:1030,62.02,84.88,19.66,9.0,5.66,0.0
20231218:1130,91.41,115.93,16.82,9.04,5.86,0.0
20231218:1230,73.54,97.1,11.72,9.47,5.86,0.0
20231218:1330,5.15,15.38,4.78,9.92,5.45,0.0
20231218:1430,0.0,0.0,-3.53,9.14,5.03,0.0
20231218:1530,0.0,0.0,0.0,9.23,4.9,0.0
20231218:1630,0.0,0.0,0.0,9.69,4.83,0.0
20231218:1730,0.0,0.0,0.0,8.63,4.69,0.0
20231218:1830,0.0,0.0,0.0,8.36,4.34,0.0
20231218:1930,0.0,0.0,0.0,7.91,4.14,0.0
20231218:2030,0.0,0.0,0.0,7.52,4.21,0.0
20231218:2130,0.0,0.0,0.0,7.3,4.07,0.0
20231218:2230,0.0,0.0,0.0,6.89,4.14,0.0
20231218:2330,0.0,0.0,0.0,6.79,3.93,0.0
20231219:0030,0.0,0.0,0.0,6.64,3.45,0.0
20231219:0130,0.0,0.0,0.0,6.56,2.83,0.0
20231219:0230,0.0,0.0,0.0,6.03,2.48,0.0
20231219:0330,0.0,0.0,0.0,5.99,2.14,0.0
20231219:0430,0.0,0.0,0.0,5.82,1.86,0.0
20231219:0530,0.0,0.0,-1.83,5.71,1.79,0.0
20231219:0630,16.22,30.52,6.25,5.69,1.72,0.0
20231219:0730,47.04,66.99,12.86,5.7,2.21,0.0
20231219:0830,90.58,115.49,17.55,7.45,2.14,0.0
20231219:0930,121.88,148.45,19.89,7.63,2.0,0.0
20231219:1030,141.91,171.05,19.64,9.31,2.0,0.0
20231219:1130,83.22,107.89,16.83,9.24,2.62,0.0
20231219:1230,96.2,121.16,11.74,8.98,3.1,0.0
20231219:1330,45.97,66.94,4.82,9.09,3.1,0.0
20231219:1430,0.0,0.0,-3.48,8.22,2.76,0.0
20231219:1530,0.0,0.0,0.0,7.75,2.9,0.0
20231219:1630,0.0,0.0,0.0,7.11,2.9,0.0
20231219:1730,0.0,0.0,0.0,5.36,3.31,0.0
20231219:1830,0.0,0.0,0.0,5.38,3.86,0.0
20231219:1930,0.0,0.0,0.0,5.5,3.93,0.0
20231219:2030,0.0,0.0,0.0,4.86,3.86,0.0
20231219:2130,0.0,0.0,0.0,5.07,3.86,0.0
20231219:2230,0.0,0.0,0.0,4.39,4.07,0.0
20231219:2330,0.0,0.0,0.0,4.54,4.07,0.0
20231220:0030,0.0,0.0,0.0,4.68,4.14,0.0
20231220:0130,0.0,0.0,0.0,4.9,4.28,0.0
20231220:0230,0.0,0.0,0.0,4.39,4.28,0.0
20231220:0330,0.0,0.0,0.0,4.62,4.21,0.0
20231220:0430,0.0,0.0,0.0,4.9,4.14,0.0
20231220:0530,0.0,0.0,-1.91,5.13,4.14,0.0
20231220:0630,215.15,246.13,6.17,5.19,4.14,0.0
20231220:0730,431.04,470.78,12.8,5.13,4.55,0.0
20231220:0830,568.85,631.34,17.5,8.58,4.62,0.0
20231220:0930,637.19,707.38,19.86,8.18,4.9,0.0
20231220:1030,619.44,694.66,19.64,10.76,5.1,0.0
20231220:1130,538.61,601.31,16.84,10.56,5.03,0.0
20231220:1230,378.63,424.07,11.78,10.42,5.1,0.0
20231220:1330,151.7,183.95,4.87,10.38,5.1,0.0
20231220:1430,0.0,0.0,-3.43,8.55,5.31,0.0
20231220:1530,0.0,0.0,0.0,8.84,5.66,0.0
20231220:1630,0.0,0.0,0.0,9.18,5.59,0.0
20231220:1730,0.0,0.0,0.0,8.62,5.45,0.0
20231220:1830,0.0,0.0,0.0,8.78,5.59,0.0
20231220:1930,0.0,0.0,0.0,8.98,5.72,0.0
20231220:2030,0.0,0.0,0.0,8.38,5.79,0.0
20231220:2130,0.0,0.0,0.0,8.37,4.9,0.0
20231220:2230,0.0,0.0,0.0,7.98,4.21,0.0
20231220:2330,0.0,0.0,0.0,7.85,3.38,0.0
20231221:0030,0.0,0.0,0.0,7.47,2.34,0.0
20231221:0130,0.0,0.0,0.0,6.83,2.0,0.0
20231221:0230,0.0,0.0,0.0,4.79,2.28,0.0
20231221:0330,0.0,0.0,0.0,4.35,2.69,0.0
20231221:0430,0.0,0.0,0.0,4.33,4.0,0.0
20231221:0530,0.0,0.0,-1.99,3.38,5.1,0.0
20231221:0630,75.35,97.18,6.11,3.53,5.31,0.0
20231221:0730,107.62,130.67,12.74,3.55,5.38,0.0
20231221:0830,211.98,239.4,17.46,5.02,5.1,0.0
20231221:0930,269.13,298.55,19.85,5.23,5.59,0.0
20231221:1030,369.45,406.0,19.64,6.51,5.45,0.0
20231221:1130,433.12,475.33,16.87,6.68,4.69,0.0
20231221:1230,361.15,399.96,11.81,6.71,3.93,0.0
20231221:1330,134.41,163.04,4.92,6.74,3.17,0.0
20231221:1430,0.0,0.0,-3.37,4.41,2.0,0.0
20231221:1530,0.0,0.0,0.0,3.67,1.93,0.0
20231221:1630,0.0,0.0,0.0,3.7,2.55,0.0
20231221:1730,0.0,0.0,0.0,2.04,2.34,0.0
20231221:1830,0.0,0.0,0.0,2.27,2.34,0.0
20231221:1930,0.0,0.0,0.0,1.94,2.55,0.0
20231221:2030,0.0,0.0,0.0,0.11,2.62,0.0
20231221:2130,0.0,0.0,0.0,1.06,2.76,0.0
20231221:2230,0.0,0.0,0.0,0.27,2.48,0.0
20231221:2330,0.0,0.0,0.0,1.96,2.97,0.0
20231222:0030,0.0,0.0,0.0,2.87,3.86,0.0
20231222:0130,0.0,0.0,0.0,3.25,4.48,0.0
20231222:0230,0.0,0.0,0.0,3.59,4.69,0.0
20231222:0330,0.0,0.0,0.0,3.52,4.55,0.0
20231222:0430,0.0,0.0,0.0,3.53,4.48,0.0
20231222:0530,0.0,0.0,-2.06,4.32,4.69,0.0
20231222:0630,30.0,47.16,6.05,4.52,5.31,0.0
20231222:0730,98.21,121.26,12.7,4.33,5.93,0.0
20231222:0830,137.65,163.64,17.43,6.03,6.28,0.0
20231222:0930,112.13,136.62,19.83,5.44,7.17,0.0
20231222:1030,60.1,81.74,19.65,6.11,6.76,0.0
20231222:1130,71.63,94.13,16.9,5.93,6.28,0.0
20231222:1230,54.43,75.13,11.86,6.28,6.14,0.0
20231222:1330,30.42,48.1,4.98,6.57,5.93,0.0
20231222:1430,0.0,0.0,-3.3,5.98,5.1,0.0
20231222:1530,0.0,0.0,0.0,6.25,4.07,0.0
20231222:1630,0.0,0.0,0.0,6.51,3.38,0.0
20231222:1730,0.0,0.0,0.0,4.68,3.86,0.0
20231222:1830,0.0,0.0,0.0,4.2,4.21,0.0
20231222:1930,0.0,0.0,0.0,3.97,4.14,0.0
20231222:2030,0.0,0.0,0.0,2.32,3.72,0.0
20231222:2130,0.0,0.0,0.0,1.98,4.07,0.0
20231222:2230,0.0,0.0,0.0,1.28,3.93,0.0
20231222:2330,0.0,0.0,0.0,0.98,3.24,0.0
20231223:0030,0.0,0.0,0.0,0.83,2.83,0.0
20231223:0130,0.0,0.0,0.0,1.1,2.9,0.0
20231223:0230,0.0,0.0,0.0,0.71,3.38,0.0
20231223:0330,0.0,0.0,0.0,0.8,3.79,0.0
20231223:0430,0.0,0.0,0.0,0.63,4.0,0.0
20231223:0530,0.0,0.0,-2.12,0.34,4.41,0.0
20231223:0630,174.03,198.62,5.99,0.39,4.55,0.0
20231223:0730,382.82,411.09,12.66,0.19,3.93,0.0
20231223:0830,263.4,290.55,17.41,2.04,3.17,0.0
20231223:0930,168.88,193.96,19.83,2.33,4.07,0.0
20231223:1030,189.88,215.32,19.67,2.72,4.34,0.0
20231223:1130,160.72,184.96,16.93,2.57,4.9,0.0
20231223:1230,182.52,206.63,11.91,2.15,5.24,0.0
20231223:1330,175.62,202.48,5.04,2.17,5.17,0.0
20231223:1430,0.0,0.0,-3.23,0.98,4.97,0.0
20231223:1530,0.0,0.0,0.0,1.11,6.28,0.0
20231223:1630,0.0,0.0,0.0,0.95,6.76,0.0
20231223:1730,0.0,0.0,0.0,0.08,6.76,0.0
20231223:1830,0.0,0.0,0.0,0.32,6.55,0.0
20231223:1930,0.0,0.0,0.0,0.34,6.69,0.0
20231223:2030,0.0,0.0,0.0,-0.49,6.9,0.0
20231223:2130,0.0,0.0,0.0,-0.52,6.41,0.0
20231223:2230,0.0,0.0,0.0,-0.52,5.93,0.0
20231223:2330,0.0,0.0,0.0,-0.74,5.72,0.0
20231224:0030,0.0,0.0,0.0,-1.03,5.72,0.0
20231224:0130,0.0,0.0,0.0,-0.75,5.52,0.0
20231224:0230,0.0,0.0,0.0,-0.74,5.86,0.0
20231224:0330,0.0,0.0,0.0,-0.51,6.14,0.0
20231224:0430,0.0,0.0,0.0,-0.32,6.14,0.0
20231224:0530,0.0,0.0,-2.18,-0.7,6.21,0.0
20231224:0630,228.71,253.11,5.95,-0.78,6.34,0.0
20231224:0730,467.1,493.12,12.62,-0.59,6.69,0.0
20231224:0830,577.45,617.36,17.39,2.56,6.55,0.0
20231224:0930,640.12,682.92,19.84,2.61,7.38,0.0
20231224:1030,532.85,569.16,19.69,4.09,8.9,0.0
20231224:1130,440.36,472.61,16.98,4.16,8.07,0.0
20231224:1230,401.59,434.43,11.97,4.32,7.03,0.0
20231224:1330,182.32,211.01,5.11,4.46,6.69,0.0
20231224:1430,0.0,0.0,-3.15,2.93,5.79,0.0
20231224:1530,0.0,0.0,0.0,2.87,4.69,0.0
20231224:1630,0.0,0.0,0.0,2.73,4.28,0.0
20231224:1730,0.0,0.0,0.0,1.81,4.28,0.0
20231224:1830,0.0,0.0,0.0,1.09,3.52,0.0
20231224:1930,0.0,0.0,0.0,0.95,2.83,0.0
20231224:2030,0.0,0.0,0.0,0.6,2.21,0.0
20231224:2130,0.0,0.0,0.0,0.83,2.07,0.0
20231224:2230,0.0,0.0,0.0,1.76,2.07,0.0
20231224:2330,0.0,0.0,0.0,2.19,1.79,0.0
20231225:0030,0.0,0.0,0.0,2.23,1.52,0.0
20231225:0130,0.0,0.0,0.0,2.67,2.07,0.0
20231225:0230,0.0,0.0,0.0,2.52,3.03,0.0
20231225:0330,0.0,0.0,0.0,2.62,3.66,0.0
20231225:0430,0.0,0.0,0.0,2.33,4.28,0.0
20231225:0530,0.0,0.0,-2.23,3.3,4.34,0.0
20231225:0630,10.26,22.44,5.91,3.41,4.62,0.0
20231225:0730,55.68,75.67,12.6,3.49,5.03,0.0
20231225:0830,26.92,44.01,17.39,7.19,5.31,0.0
20231225:0930,375.07,412.33,19.85,7.45,5.38,0.0
20231225:1030,564.37,628.26,19.72,10.89,6.14,0.0
20231225:1130,452.84,504.86,17.03,11.58,6.34,0.0
20231225:1230,333.53,375.63,12.04,11.89,6.97,0.0
20231225:1330,148.39,181.12,5.19,12.0,5.86,0.0
20231225:1430,0.0,0.0,-3.06,11.27,5.24,0.0
20231225:1530,0.0,0.0,0.0,10.92,5.24,0.0
20231225:1630,0.0,0.0,0.0,10.62,4.9,0.0
20231225:1730,0.0,0.0,0.0,10.3,5.17,0.0
20231225:1830,0.0,0.0,0.0,9.91,5.52,0.0
20231225:1930,0.0,0.0,0.0,9.62,5.38,0.0
20231225:2030,0.0,0.0,0.0,9.6,5.59,0.0
20231225:2130,0.0,0.0,0.0,9.9,5.79,0.0
20231225:2230,0.0,0.0,0.0,9.99,6.62,0.0
20231225:2330,0.0,0.0,0.0,10.79,6.97,0.0
20231226:0030,0.0,0.0,0.0,10.99,6.28,0.0
20231226:0130,0.0,0.0,0.0,10.79,5.59,0.0
20231226:0230,0.0,0.0,0.0,10.4,5.31,0.0
20231226:0330,0.0,0.0,0.0,10.53,4.69,0.0
20231226:0430,0.0,0.0,0.0,9.28,3.86,0.0
20231226:0530,0.0,0.0,-2.28,7.75,3.59,0.0
20231226:0630,27.67,44.94,5.87,7.41,3.45,0.0
20231226:0730,254.84,287.48,12.58,7.43,3.66,0.0
20231226:0830,388.48,435.89,17.39,10.59,4.21,0.0
20231226:0930,516.72,579.46,19.87,10.85,4.34,0.0
20231226:1030,527.37,600.05,19.76,13.17,3.86,0.0
20231226:1130,458.87,522.78,17.09,13.61,3.66,0.0
20231226:1230,336.54,386.59,12.11,13.87,3.38,0.0
20231226:1330,150.74,185.99,5.28,13.97,3.1,0.0
20231226:1430,0.0,0.0,-2.97,11.51,3.31,0.0
20231226:1530,0.0,0.0,0.0,11.4,3.93,0.0
20231226:1630,0.0,0.0,0.0,11.36,4.07,0.0
20231226:1730,0.0,0.0,0.0,9.56,3.93,0.0
20231226:1830,0.0,0.0,0.0,9.5,3.79,0.0
20231226:1930,0.0,0.0,0.0,9.49,3.86,0.0
20231226:2030,0.0,0.0,0.0,9.3,3.72,0.0
20231226:2130,0.0,0.0,0.0,9.19,3.31,0.0
20231226:2230,0.0,0.0,0.0,8.13,2.9,0.0
20231226:2330,0.0,0.0,0.0,8.08,2.83,0.0
20231227:0030,0.0,0.0,0.0,7.91,2.69,0.0
20231227:0130,0.0,0.0,0.0,8.23,3.03,0.0
20231227:0230,0.0,0.0,0.0,8.2,3.59,0.0
20231227:0330,0.0,0.0,0.0,8.39,3.72,0.0
20231227:0430,0.0,0.0,0.0,8.29,4.0,0.0
20231227:0530,0.0,0.0,-2.32,7.73,4.21,0.0
20231227:0630,182.36,213.88,5.85,7.62,4.48,0.0
20231227:0730,393.64,434.16,12.57,7.52,5.17,0.0
20231227:0830,510.52,567.59,17.39,10.53,5.66,0.0
20231227:0930,533.75,592.39,19.9,10.71,6.14,0.0
20231227:1030,505.52,561.19,19.81,10.94,6.28,0.0
20231227:1130,462.4,512.15,17.15,10.9,6.83,0.0
20231227:1230,400.95,446.4,12.19,11.07,7.66,0.0
20231227:1330,176.48,210.33,5.37,11.1,7.52,0.0
20231227:1430,0.0,0.0,-2.87,8.08,6.41,0.0
20231227:1530,0.0,0.0,0.0,8.07,5.86,0.0
20231227:1630,0.0,0.0,0.0,7.87,5.93,0.0
20231227:1730,0.0,0.0,0.0,5.65,6.0,0.0
20231227:1830,0.0,0.0,0.0,5.57,5.86,0.0
20231227:1930,0.0,0.0,0.0,5.25,5.66,0.0
20231227:2030,0.0,0.0,0.0,3.36,5.38,0.0
20231227:2130,0.0,0.0,0.0,3.18,5.1,0.0
20231227:2230,0.0,0.0,0.0,1.45,4.76,0.0
20231227:2330,0.0,0.0,0.0,1.42,4.21,0.0
20231228:0030,0.0,0.0,0.0,1.32,3.59,0.0
20231228:0130,0.0,0.0,0.0,1.31,3.1,0.0
20231228:0230,0.0,0.0,0.0,0.12,2.9,0.0
20231228:0330,0.0,0.0,0.0,-0.15,2.83,0.0
20231228:0430,0.0,0.0,0.0,-0.26,2.9,0.0
20231228:0530,0.0,0.0,-2.35,-1.15,2.55,0.0
20231228:0630,213.21,238.94,5.83,-1.56,2.0,0.0
20231228:0730,434.53,468.63,12.56,-0.68,2.07,0.0
20231228:0830,548.86,610.26,17.41,4.51,1.79,0.0
20231228:0930,592.53,658.65,19.93,4.95,2.41,0.0
20231228:1030,574.97,643.04,19.87,8.0,3.24,0.0
20231228:1130,544.81,604.57,17.22,8.06,4.07,0.0
20231228:1230,397.12,439.82,12.28,7.93,4.69,0.0
20231228:1330,179.97,212.06,5.46,8.15,4.9,0.0
20231228:1430,0.0,0.0,-2.77,6.58,4.83,0.0
20231228:1530,0.0,0.0,0.0,6.93,4.62,0.0
20231228:1630,0.0,0.0,0.0,7.31,4.34,0.0
20231228:1730,0.0,0.0,0.0,6.54,4.14,0.0
20231228:1830,0.0,0.0,0.0,6.72,3.86,0.0
20231228:1930,0.0,0.0,0.0,6.84,3.72,0.0
20231228:2030,0.0,0.0,0.0,6.47,3.52,0.0
20231228:2130,0.0,0.0,0.0,6.29,3.38,0.0
20231228:2230,0.0,0.0,0.0,5.93,3.1,0.0
20231228:2330,0.0,0.0,0.0,5.86,2.83,0.0
20231229:0030,0.0,0.0,0.0,5.58,2.48,0.0
20231229:0130,0.0,0.0,0.0,5.29,2.28,0.0
20231229:0230,0.0,0.0,0.0,4.1,2.07,0.0
20231229:0330,0.0,0.0,0.0,2.88,1.72,0.0
20231229:0430,0.0,0.0,0.0,1.81,1.59,0.0
20231229:0530,0.0,0.0,-2.37,0.43,1.24,0.0
20231229:0630,137.85,162.46,5.81,0.37,1.17,0.0
20231229:0730,290.84,319.36,12.57,0.92,1.38,0.0
20231229:0830,390.69,426.97,17.43,2.43,1.79,0.0
20231229:0930,395.47,430.25,19.97,2.04,2.14,0.0
20231229:1030,417.53,461.16,19.93,4.3,1.66,0.0
20231229:1130,219.77,249.19,17.31,4.3,1.31,0.0
20231229:1230,80.53,103.17,12.37,3.95,1.59,0.0
20231229:1330,26.78,43.38,5.56,4.15,1.86,0.0
20231229:1430,0.0,0.0,-2.66,3.34,1.72,0.0
20231229:1530,0.0,0.0,0.0,3.88,1.59,0.0
20231229:1630,0.0,0.0,0.0,4.3,1.38,0.0
20231229:1730,0.0,0.0,0.0,2.32,0.9,0.0
20231229:1830,0.0,0.0,0.0,2.38,1.45,0.0
20231229:1930,0.0,0.0,0.0,2.6,1.72,0.0
20231229:2030,0.0,0.0,0.0,1.72,2.0,0.0
20231229:2130,0.0,0.0,0.0,1.91,1.59,0.0
20231229:2230,0.0,0.0,0.0,1.13,1.66,0.0
20231229:2330,0.0,0.0,0.0,1.21,1.79,0.0
20231230:0030,0.0,0.0,0.0,1.45,1.79,0.0
20231230:0130,0.0,0.0,0.0,1.63,1.79,0.0
20231230:0230,0.0,0.0,0.0,1.35,1.93,0.0
20231230:0330,0.0,0.0,0.0,1.26,1.66,0.0
20231230:0430,0.0,0.0,0.0,1.53,1.17,0.0
20231230:0530,0.0,0.0,-2.39,1.31,0.76,0.0
20231230:0630,120.37,144.93,5.8,1.45,0.83,0.0
20231230:0730,276.33,305.59,12.58,0.9,0.69,0.0
20231230:0830,420.46,466.73,17.46,4.19,0.97,0.0
20231230:0930,438.31,486.51,20.03,3.76,0.97,0.0
20231230:1030,450.66,508.18,20.0,6.7,0.97,0.0
20231230:1130,457.36,513.83,17.39,7.3,1.52,0.0
20231230:1230,387.08,433.93,12.47,7.89,2.28,0.0
20231230:1330,129.46,158.66,5.67,8.55,2.48,0.0
20231230:1430,0.0,0.0,-2.55,6.29,1.86,0.0
20231230:1530,0.0,0.0,0.0,5.6,2.28,0.0
20231230:1630,0.0,0.0,0.0,5.92,2.55,0.0
20231230:1730,0.0,0.0,0.0,4.14,2.07,0.0
20231230:1830,0.0,0.0,0.0,5.13,2.62,0.0
20231230:1930,0.0,0.0,0.0,4.83,2.55,0.0
20231230:2030,0.0,0.0,0.0,3.31,2.28,0.0
20231230:2130,0.0,0.0,0.0,2.61,2.28,0.0
20231230:2230,0.0,0.0,0.0,2.07,2.62,0.0
20231230:2330,0.0,0.0,0.0,2.06,2.9,0.0
20231231:0030,0.0,0.0,0.0,2.81,3.31,0.0
20231231:0130,0.0,0.0,0.0,3.11,3.66,0.0
20231231:0230,0.0,0.0,0.0,2.63,3.31,0.0
20231231:0330,0.0,0.0,0.0,2.66,3.31,0.0
20231231:0430,0.0,0.0,0.0,2.69,3.52,0.0
20231231:0530,0.0,0.0,-2.41,1.77,3.31,0.0
20231231:0630,204.45,232.45,5.8,1.79,3.24,0.0
20231231:0730,419.65,453.9,12.59,1.8,3.45,0.0
20231231:0830,561.6,621.91,17.5,6.49,3.38,0.0
20231231:0930,631.78,705.13,20.08,6.8,3.24,0.0
20231231:1030,618.67,703.67,20.08,10.17,2.9,0.0
20231231:1130,544.86,617.6,17.49,10.34,2.69,0.0
20231231:1230,396.63,449.94,12.58,10.48,2.28,0.0
20231231:1330,188.85,225.59,5.79,10.54,1.52,0.0
20231231:1430,0.0,0.0,-2.43,7.12,2.14,0.0
20231231:1530,0.0,0.0,0.0,6.93,2.62,0.0
20231231:1630,0.0,0.0,0.0,6.62,2.62,0.0
20231231:1730,0.0,0.0,0.0,3.51,2.41,0.0
20231231:1830,0.0,0.0,0.0,3.5,2.34,0.0
20231231:1930,0.0,0.0,0.0,3.98,2.55,0.0
20231231:2030,0.0,0.0,0.0,3.55,2.69,0.0
20231231:2130,0.0,0.0,0.0,3.58,2.69,0.0
20231231:2230,0.0,0.0,0.0,3.85,3.03,0.0
20231231:2330,0.0,0.0,0.0,3.53,2.9,0.0

P: PV system power (W)
G(i): Global irradiance on the inclined plane (plane of the array) (W/m2)
H_sun: Sun height (degree)
T2m: 2-m air temperature (degree Celsius)
WS10m: 10-m total wind speed (m/s)
Int: 1 means solar radiation values are reconstructed



PVGIS (c) European Union, 2001-2025