Latitude (decimal degrees):	50.620
Longitude (decimal degrees):	26.247
Elevation (m):	189
Radiation database:	PVGIS-SARAH3


Slope: 42 deg. 
Azimuth: 0 deg. 
Nominal power of the PV system (c-Si) (kWp):	1.0
System losses (%):	10.0
time,P,G(i),H_sun,T2m,WS10m,Int
20230101:0010,0.0,0.0,0.0,8.78,5.31,0.0
20230101:0110,0.0,0.0,0.0,9.02,5.24,0.0
20230101:0210,0.0,0.0,0.0,9.08,5.24,0.0
20230101:0310,0.0,0.0,0.0,9.27,5.31,0.0
20230101:0410,0.0,0.0,0.0,9.12,5.24,0.0
20230101:0510,0.0,0.0,0.0,9.07,5.31,0.0
20230101:0610,0.0,0.0,0.0,9.01,5.38,0.0
20230101:0710,269.62,306.89,5.57,9.77,5.52,0.0
20230101:0810,333.41,373.92,11.17,10.6,5.66,0.0
20230101:0910,357.97,402.23,14.87,11.65,5.72,0.0
20230101:1010,326.36,369.53,16.35,12.47,5.79,0.0
20230101:1110,639.04,721.94,15.46,12.96,5.93,0.0
20230101:1210,519.7,584.82,12.3,13.06,5.86,0.0
20230101:1310,78.5,103.57,7.13,12.67,5.59,0.0
20230101:1410,0.0,0.0,0.0,11.97,5.31,0.0
20230101:1510,0.0,0.0,0.0,11.11,5.17,0.0
20230101:1610,0.0,0.0,0.0,10.43,5.1,0.0
20230101:1710,0.0,0.0,0.0,9.85,5.1,0.0
20230101:1810,0.0,0.0,0.0,9.44,5.03,0.0
20230101:1910,0.0,0.0,0.0,9.65,5.52,0.0
20230101:2010,0.0,0.0,0.0,9.41,5.31,0.0
20230101:2110,0.0,0.0,0.0,8.91,4.97,0.0
20230101:2210,0.0,0.0,0.0,8.57,4.83,0.0
20230101:2310,0.0,0.0,0.0,8.19,4.62,0.0
20230102:0010,0.0,0.0,0.0,7.76,4.21,0.0
20230102:0110,0.0,0.0,0.0,7.29,3.79,0.0
20230102:0210,0.0,0.0,0.0,6.82,3.45,0.0
20230102:0310,0.0,0.0,0.0,6.51,3.24,0.0
20230102:0410,0.0,0.0,0.0,6.18,2.97,0.0
20230102:0510,0.0,0.0,0.0,5.89,2.76,0.0
20230102:0610,0.0,0.0,0.0,5.53,2.55,0.0
20230102:0710,230.67,262.45,5.59,5.91,2.83,0.0
20230102:0810,474.49,527.61,11.22,6.95,2.69,0.0
20230102:0910,593.99,670.33,14.94,8.49,2.62,0.0
20230102:1010,623.29,708.02,16.44,9.89,2.97,0.0
20230102:1110,562.45,637.81,15.56,10.7,3.03,0.0
20230102:1210,313.06,355.82,12.41,11.0,2.97,0.0
20230102:1310,236.62,273.62,7.26,10.84,2.9,0.0
20230102:1410,0.0,0.0,0.0,10.0,2.9,0.0
20230102:1510,0.0,0.0,0.0,9.1,3.17,0.0
20230102:1610,0.0,0.0,0.0,8.66,3.38,0.0
20230102:1710,0.0,0.0,0.0,8.3,3.59,0.0
20230102:1810,0.0,0.0,0.0,7.93,3.59,0.0
20230102:1910,0.0,0.0,0.0,7.36,3.24,0.0
20230102:2010,0.0,0.0,0.0,6.95,3.24,0.0
20230102:2110,0.0,0.0,0.0,6.69,3.31,0.0
20230102:2210,0.0,0.0,0.0,6.41,3.31,0.0
20230102:2310,0.0,0.0,0.0,6.17,3.52,0.0
20230103:0010,0.0,0.0,0.0,6.24,3.86,0.0
20230103:0110,0.0,0.0,0.0,6.34,4.14,0.0
20230103:0210,0.0,0.0,0.0,6.33,4.41,0.0
20230103:0310,0.0,0.0,0.0,6.29,4.62,0.0
20230103:0410,0.0,0.0,0.0,6.25,4.55,0.0
20230103:0510,0.0,0.0,0.0,6.14,4.55,0.0
20230103:0610,0.0,0.0,0.0,5.97,4.48,0.0
20230103:0710,144.28,171.12,5.63,6.69,4.83,0.0
20230103:0810,89.78,113.59,11.27,7.1,4.76,0.0
20230103:0910,75.72,99.33,15.01,7.91,4.55,0.0
20230103:1010,384.72,427.82,16.53,8.7,4.41,0.0
20230103:1110,372.47,412.86,15.67,9.24,6.34,0.0
20230103:1210,131.46,158.77,12.53,9.1,5.03,0.0
20230103:1310,7.46,18.83,7.38,8.66,4.55,0.0
20230103:1410,0.0,0.0,0.0,8.02,4.34,0.0
20230103:1510,0.0,0.0,0.0,7.39,4.28,0.0
20230103:1610,0.0,0.0,0.0,6.82,4.34,0.0
20230103:1710,0.0,0.0,0.0,6.33,4.34,0.0
20230103:1810,0.0,0.0,0.0,5.88,4.41,0.0
20230103:1910,0.0,0.0,0.0,5.49,4.34,0.0
20230103:2010,0.0,0.0,0.0,5.02,4.34,0.0
20230103:2110,0.0,0.0,0.0,4.6,4.48,0.0
20230103:2210,0.0,0.0,0.0,4.23,4.55,0.0
20230103:2310,0.0,0.0,0.0,4.03,4.62,0.0
20230104:0010,0.0,0.0,0.0,3.92,4.55,0.0
20230104:0110,0.0,0.0,0.0,3.91,4.55,0.0
20230104:0210,0.0,0.0,0.0,3.8,4.55,0.0
20230104:0310,0.0,0.0,0.0,3.7,4.55,0.0
20230104:0410,0.0,0.0,0.0,3.66,4.55,0.0
20230104:0510,0.0,0.0,0.0,3.49,4.41,0.0
20230104:0610,0.0,0.0,0.0,3.24,4.21,0.0
20230104:0710,101.93,124.66,5.67,3.08,4.07,0.0
20230104:0810,161.35,185.76,11.33,3.03,3.79,0.0
20230104:0910,83.54,105.84,15.09,3.37,4.34,0.0
20230104:1010,68.13,89.62,16.63,3.47,4.21,0.0
20230104:1110,64.04,85.23,15.79,3.64,4.0,0.0
20230104:1210,122.39,146.2,12.66,3.7,3.86,0.0
20230104:1310,266.05,295.31,7.52,3.49,3.45,0.0
20230104:1410,0.0,0.0,0.0,3.07,2.9,0.0
20230104:1510,0.0,0.0,0.0,2.5,3.03,0.0
20230104:1610,0.0,0.0,0.0,2.17,3.03,0.0
20230104:1710,0.0,0.0,0.0,2.17,3.24,0.0
20230104:1810,0.0,0.0,0.0,2.09,3.31,0.0
20230104:1910,0.0,0.0,0.0,2.02,4.0,0.0
20230104:2010,0.0,0.0,0.0,2.56,4.76,0.0
20230104:2110,0.0,0.0,0.0,2.85,5.03,0.0
20230104:2210,0.0,0.0,0.0,2.7,5.31,0.0
20230104:2310,0.0,0.0,0.0,3.22,5.86,0.0
20230105:0010,0.0,0.0,0.0,3.6,6.0,0.0
20230105:0110,0.0,0.0,0.0,4.6,6.28,0.0
20230105:0210,0.0,0.0,0.0,5.29,6.69,0.0
20230105:0310,0.0,0.0,0.0,5.5,6.9,0.0
20230105:0410,0.0,0.0,0.0,5.82,7.03,0.0
20230105:0510,0.0,0.0,0.0,6.15,7.1,0.0
20230105:0610,0.0,0.0,0.0,6.37,7.17,0.0
20230105:0710,0.0,5.38,5.72,6.45,7.17,0.0
20230105:0810,12.71,26.0,11.4,6.54,7.38,0.0
20230105:0910,18.2,33.17,15.18,6.91,6.9,0.0
20230105:1010,58.04,79.79,16.73,7.21,6.28,0.0
20230105:1110,35.14,53.79,15.91,7.41,5.72,0.0
20230105:1210,57.48,79.03,12.79,7.5,6.07,0.0
20230105:1310,116.39,141.7,7.66,7.47,5.86,0.0
20230105:1410,0.0,0.0,0.0,7.16,5.93,0.0
20230105:1510,0.0,0.0,0.0,6.65,5.72,0.0
20230105:1610,0.0,0.0,0.0,6.22,5.45,0.0
20230105:1710,0.0,0.0,0.0,5.73,5.38,0.0
20230105:1810,0.0,0.0,0.0,5.23,5.17,0.0
20230105:1910,0.0,0.0,0.0,5.32,4.76,0.0
20230105:2010,0.0,0.0,0.0,5.33,4.97,0.0
20230105:2110,0.0,0.0,0.0,5.14,5.24,0.0
20230105:2210,0.0,0.0,0.0,4.79,5.52,0.0
20230105:2310,0.0,0.0,0.0,4.44,5.72,0.0
20230106:0010,0.0,0.0,0.0,4.26,5.79,0.0
20230106:0110,0.0,0.0,0.0,4.22,5.52,0.0
20230106:0210,0.0,0.0,0.0,3.79,5.38,0.0
20230106:0310,0.0,0.0,0.0,2.36,5.66,0.0
20230106:0410,0.0,0.0,0.0,0.47,5.45,0.0
20230106:0510,0.0,0.0,0.0,-0.55,4.83,0.0
20230106:0610,0.0,0.0,0.0,-1.14,4.69,0.0
20230106:0710,42.12,59.61,5.78,-0.88,4.55,0.0
20230106:0810,52.01,70.52,11.47,-1.17,4.34,0.0
20230106:0910,42.3,60.07,15.27,-1.34,4.21,0.0
20230106:1010,43.93,61.86,16.84,-1.41,4.0,0.0
20230106:1110,18.27,32.27,16.04,-1.53,3.79,0.0
20230106:1210,20.5,34.96,12.93,-1.72,3.66,0.0
20230106:1310,6.06,16.14,7.81,-1.98,3.72,0.0
20230106:1410,0.0,0.0,0.0,-2.37,3.24,0.0
20230106:1510,0.0,0.0,0.0,-2.66,2.9,0.0
20230106:1610,0.0,0.0,0.0,-2.84,2.48,0.0
20230106:1710,0.0,0.0,0.0,-3.02,2.07,0.0
20230106:1810,0.0,0.0,0.0,-3.16,1.72,0.0
20230106:1910,0.0,0.0,0.0,-2.56,1.1,0.0
20230106:2010,0.0,0.0,0.0,-2.56,0.97,0.0
20230106:2110,0.0,0.0,0.0,-2.48,0.55,0.0
20230106:2210,0.0,0.0,0.0,-2.29,0.97,0.0
20230106:2310,0.0,0.0,0.0,-2.0,1.24,0.0
20230107:0010,0.0,0.0,0.0,-2.16,1.93,0.0
20230107:0110,0.0,0.0,0.0,-2.43,2.41,0.0
20230107:0210,0.0,0.0,0.0,-2.51,3.03,0.0
20230107:0310,0.0,0.0,0.0,-2.58,3.1,0.0
20230107:0410,0.0,0.0,0.0,-2.6,3.17,0.0
20230107:0510,0.0,0.0,0.0,-2.58,3.31,0.0
20230107:0610,0.0,0.0,0.0,-2.56,3.38,0.0
20230107:0710,2.14,9.86,5.84,-2.57,3.31,0.0
20230107:0810,30.52,46.62,11.55,-2.37,3.59,0.0
20230107:0910,28.13,43.93,15.37,-1.98,3.66,0.0
20230107:1010,19.76,34.07,16.96,-1.75,3.66,0.0
20230107:1110,30.41,46.62,16.17,-1.65,3.52,0.0
20230107:1210,36.71,53.79,13.08,-1.57,3.31,0.0
20230107:1310,5.44,15.24,7.96,-1.62,3.03,0.0
20230107:1410,0.0,0.0,0.0,-1.8,2.76,0.0
20230107:1510,0.0,0.0,0.0,-2.02,2.69,0.0
20230107:1610,0.0,0.0,0.0,-2.08,2.69,0.0
20230107:1710,0.0,0.0,0.0,-2.09,2.55,0.0
20230107:1810,0.0,0.0,0.0,-2.05,2.55,0.0
20230107:1910,0.0,0.0,0.0,-2.33,2.69,0.0
20230107:2010,0.0,0.0,0.0,-2.28,2.76,0.0
20230107:2110,0.0,0.0,0.0,-2.24,2.97,0.0
20230107:2210,0.0,0.0,0.0,-2.22,2.76,0.0
20230107:2310,0.0,0.0,0.0,-2.15,2.76,0.0
20230108:0010,0.0,0.0,0.0,-2.12,2.83,0.0
20230108:0110,0.0,0.0,0.0,-2.15,2.76,0.0
20230108:0210,0.0,0.0,0.0,-2.24,2.9,0.0
20230108:0310,0.0,0.0,0.0,-2.31,3.1,0.0
20230108:0410,0.0,0.0,0.0,-2.4,3.24,0.0
20230108:0510,0.0,0.0,0.0,-2.25,3.52,0.0
20230108:0610,0.0,0.0,0.0,-2.22,3.72,0.0
20230108:0710,9.25,20.62,5.91,-2.23,3.66,0.0
20230108:0810,20.5,34.96,11.64,-1.73,4.34,0.0
20230108:0910,43.08,60.96,15.48,-1.11,4.83,0.0
20230108:1010,32.59,49.31,17.09,-0.44,4.83,0.0
20230108:1110,26.33,42.14,16.32,0.04,4.9,0.0
20230108:1210,5.98,16.14,13.23,0.27,5.31,0.0
20230108:1310,6.59,17.03,8.12,0.23,5.1,0.0
20230108:1410,0.0,0.0,0.0,-0.12,4.97,0.0
20230108:1510,0.0,0.0,0.0,-0.51,5.17,0.0
20230108:1610,0.0,0.0,0.0,-0.6,5.38,0.0
20230108:1710,0.0,0.0,0.0,-0.61,5.38,0.0
20230108:1810,0.0,0.0,0.0,-0.65,5.45,0.0
20230108:1910,0.0,0.0,0.0,-1.33,5.45,0.0
20230108:2010,0.0,0.0,0.0,-1.45,5.66,0.0
20230108:2110,0.0,0.0,0.0,-1.43,5.79,0.0
20230108:2210,0.0,0.0,0.0,-1.53,5.79,0.0
20230108:2310,0.0,0.0,0.0,-1.4,5.86,0.0
20230109:0010,0.0,0.0,0.0,-1.39,5.86,0.0
20230109:0110,0.0,0.0,0.0,-1.31,5.93,0.0
20230109:0210,0.0,0.0,0.0,-1.2,5.93,0.0
20230109:0310,0.0,0.0,0.0,-1.0,5.93,0.0
20230109:0410,0.0,0.0,0.0,-0.85,5.79,0.0
20230109:0510,0.0,0.0,0.0,-0.56,5.79,0.0
20230109:0610,0.0,0.0,0.0,-0.19,5.86,0.0
20230109:0710,6.0,16.14,5.99,-0.2,5.52,0.0
20230109:0810,17.38,31.38,11.74,0.36,5.52,0.0
20230109:0910,21.71,36.76,15.6,0.88,5.52,0.0
20230109:1010,57.18,77.1,17.23,1.48,5.52,0.0
20230109:1110,20.86,35.86,16.47,1.94,5.31,0.0
20230109:1210,27.58,43.93,13.39,2.01,5.17,0.0
20230109:1310,4.17,13.45,8.28,2.27,4.97,0.0
20230109:1410,0.0,0.0,0.0,2.35,4.9,0.0
20230109:1510,0.0,0.0,0.0,2.39,5.03,0.0
20230109:1610,0.0,0.0,0.0,2.47,5.03,0.0
20230109:1710,0.0,0.0,0.0,2.59,4.97,0.0
20230109:1810,0.0,0.0,0.0,2.67,4.9,0.0
20230109:1910,0.0,0.0,0.0,2.51,5.17,0.0
20230109:2010,0.0,0.0,0.0,2.68,5.03,0.0
20230109:2110,0.0,0.0,0.0,2.86,5.03,0.0
20230109:2210,0.0,0.0,0.0,2.99,5.03,0.0
20230109:2310,0.0,0.0,0.0,3.28,5.03,0.0
20230110:0010,0.0,0.0,0.0,3.41,4.9,0.0
20230110:0110,0.0,0.0,0.0,3.43,4.83,0.0
20230110:0210,0.0,0.0,0.0,3.29,4.97,0.0
20230110:0310,0.0,0.0,0.0,3.1,5.03,0.0
20230110:0410,0.0,0.0,0.0,2.75,5.1,0.0
20230110:0510,0.0,0.0,0.0,2.26,5.03,0.0
20230110:0610,0.0,0.0,0.0,1.65,5.17,0.0
20230110:0710,11.04,23.31,6.07,1.4,5.86,0.0
20230110:0810,17.32,31.38,11.84,1.0,6.0,0.0
20230110:0910,12.43,25.1,15.72,0.81,6.07,0.0
20230110:1010,16.65,30.48,17.37,0.43,5.17,0.0
20230110:1110,13.85,26.9,16.62,0.14,4.62,0.0
20230110:1210,24.8,40.34,13.56,0.03,4.14,0.0
20230110:1310,18.85,33.17,8.46,0.02,3.93,0.0
20230110:1410,0.0,0.9,1.72,0.05,4.97,0.0
20230110:1510,0.0,0.0,0.0,-0.03,4.55,0.0
20230110:1610,0.0,0.0,0.0,-0.09,4.21,0.0
20230110:1710,0.0,0.0,0.0,-0.1,3.93,0.0
20230110:1810,0.0,0.0,0.0,-0.02,3.72,0.0
20230110:1910,0.0,0.0,0.0,-0.51,3.93,0.0
20230110:2010,0.0,0.0,0.0,-0.45,3.72,0.0
20230110:2110,0.0,0.0,0.0,-0.32,3.59,0.0
20230110:2210,0.0,0.0,0.0,-0.21,3.45,0.0
20230110:2310,0.0,0.0,0.0,-0.12,3.45,0.0
20230111:0010,0.0,0.0,0.0,-0.12,3.59,0.0
20230111:0110,0.0,0.0,0.0,-0.14,3.59,0.0
20230111:0210,0.0,0.0,0.0,-0.26,3.52,0.0
20230111:0310,0.0,0.0,0.0,-0.39,3.38,0.0
20230111:0410,0.0,0.0,0.0,-0.4,3.24,0.0
20230111:0510,0.0,0.0,0.0,-0.37,3.31,0.0
20230111:0610,0.0,0.0,0.0,-0.33,3.45,0.0
20230111:0710,54.59,73.36,6.16,-0.38,3.17,0.0
20230111:0810,177.58,199.91,11.95,-0.15,3.45,0.0
20230111:0910,249.83,273.84,15.85,0.14,3.52,0.0
20230111:1010,27.03,43.03,17.52,0.39,3.72,0.0
20230111:1110,23.94,39.45,16.79,0.84,4.07,0.0
20230111:1210,24.69,40.34,13.73,0.81,3.45,0.0
20230111:1310,73.02,93.22,8.63,0.67,3.31,0.0
20230111:1410,0.0,0.9,1.89,0.09,3.66,0.0
20230111:1510,0.0,0.0,0.0,-0.82,3.45,0.0
20230111:1610,0.0,0.0,0.0,-1.48,3.24,0.0
20230111:1710,0.0,0.0,0.0,-2.18,3.24,0.0
20230111:1810,0.0,0.0,0.0,-2.58,3.52,0.0
20230111:1910,0.0,0.0,0.0,-3.33,3.52,0.0
20230111:2010,0.0,0.0,0.0,-3.64,3.45,0.0
20230111:2110,0.0,0.0,0.0,-3.85,3.59,0.0
20230111:2210,0.0,0.0,0.0,-3.91,4.14,0.0
20230111:2310,0.0,0.0,0.0,-3.89,4.14,0.0
20230112:0010,0.0,0.0,0.0,-3.84,3.86,0.0
20230112:0110,0.0,0.0,0.0,-3.8,3.59,0.0
20230112:0210,0.0,0.0,0.0,-3.77,3.31,0.0
20230112:0310,0.0,0.0,0.0,-3.84,3.59,0.0
20230112:0410,0.0,0.0,0.0,-3.76,4.0,0.0
20230112:0510,0.0,0.0,0.0,-3.58,3.86,0.0
20230112:0610,0.0,0.0,0.0,-3.1,3.17,0.0
20230112:0710,5.46,15.24,6.26,-2.07,3.17,0.0
20230112:0810,191.82,213.83,12.07,-1.03,2.97,0.0
20230112:0910,185.03,208.57,15.99,0.38,3.03,0.0
20230112:1010,83.52,105.46,17.68,1.61,2.97,0.0
20230112:1110,337.61,368.84,16.96,2.64,3.1,0.0
20230112:1210,55.22,75.52,13.91,3.3,2.83,0.0
20230112:1310,8.97,20.62,8.81,2.94,2.41,0.0
20230112:1410,0.0,1.79,2.08,2.04,2.55,0.0
20230112:1510,0.0,0.0,0.0,0.69,2.83,0.0
20230112:1610,0.0,0.0,0.0,-0.02,2.9,0.0
20230112:1710,0.0,0.0,0.0,-0.55,2.83,0.0
20230112:1810,0.0,0.0,0.0,-1.04,2.83,0.0
20230112:1910,0.0,0.0,0.0,-1.4,3.17,0.0
20230112:2010,0.0,0.0,0.0,-1.34,3.45,0.0
20230112:2110,0.0,0.0,0.0,-1.48,3.38,0.0
20230112:2210,0.0,0.0,0.0,-1.42,3.24,0.0
20230112:2310,0.0,0.0,0.0,-1.73,3.1,0.0
20230113:0010,0.0,0.0,0.0,-2.02,3.38,0.0
20230113:0110,0.0,0.0,0.0,-2.28,3.59,0.0
20230113:0210,0.0,0.0,0.0,-2.28,3.45,0.0
20230113:0310,0.0,0.0,0.0,-2.2,3.17,0.0
20230113:0410,0.0,0.0,0.0,-2.14,3.1,0.0
20230113:0510,0.0,0.0,0.0,-2.0,3.17,0.0
20230113:0610,0.0,0.0,0.0,-1.91,3.31,0.0
20230113:0710,204.54,227.46,6.37,-1.35,3.45,0.0
20230113:0810,95.92,116.81,12.2,-0.5,3.24,0.0
20230113:0910,93.08,114.83,16.14,0.8,3.72,0.0
20230113:1010,62.67,83.38,17.84,2.15,3.72,0.0
20230113:1110,68.91,90.37,17.13,3.07,3.66,0.0
20230113:1210,46.88,66.34,14.09,3.4,3.52,0.0
20230113:1310,21.46,36.76,9.0,2.99,3.59,0.0
20230113:1410,0.0,2.69,2.26,2.17,3.59,0.0
20230113:1510,0.0,0.0,0.0,0.92,3.72,0.0
20230113:1610,0.0,0.0,0.0,0.46,3.79,0.0
20230113:1710,0.0,0.0,0.0,0.15,3.79,0.0
20230113:1810,0.0,0.0,0.0,-0.03,3.79,0.0
20230113:1910,0.0,0.0,0.0,-0.76,3.93,0.0
20230113:2010,0.0,0.0,0.0,-0.76,3.93,0.0
20230113:2110,0.0,0.0,0.0,-0.66,3.86,0.0
20230113:2210,0.0,0.0,0.0,-0.56,3.72,0.0
20230113:2310,0.0,0.0,0.0,-0.39,3.59,0.0
20230114:0010,0.0,0.0,0.0,-0.37,3.52,0.0
20230114:0110,0.0,0.0,0.0,-0.29,3.52,0.0
20230114:0210,0.0,0.0,0.0,-0.08,3.45,0.0
20230114:0310,0.0,0.0,0.0,0.34,3.38,0.0
20230114:0410,0.0,0.0,0.0,0.85,3.24,0.0
20230114:0510,0.0,0.0,0.0,1.2,3.03,0.0
20230114:0610,0.0,0.0,0.0,1.44,2.97,0.0
20230114:0710,0.31,6.28,6.48,1.37,3.03,0.0
20230114:0810,108.26,130.85,12.33,2.02,2.83,0.0
20230114:0910,136.83,161.38,16.29,2.91,2.69,0.0
20230114:1010,34.2,52.0,18.01,3.63,2.62,0.0
20230114:1110,61.99,83.38,17.32,4.11,2.41,0.0
20230114:1210,155.51,181.73,14.28,4.63,2.48,0.0
20230114:1310,115.04,139.4,9.19,4.67,2.14,0.0
20230114:1410,0.0,1.79,2.46,3.75,2.28,0.0
20230114:1510,0.0,0.0,0.0,2.71,2.34,0.0
20230114:1610,0.0,0.0,0.0,2.25,2.28,0.0
20230114:1710,0.0,0.0,0.0,2.02,2.14,0.0
20230114:1810,0.0,0.0,0.0,1.75,2.14,0.0
20230114:1910,0.0,0.0,0.0,0.84,2.28,0.0
20230114:2010,0.0,0.0,0.0,0.51,2.28,0.0
20230114:2110,0.0,0.0,0.0,-0.02,2.34,0.0
20230114:2210,0.0,0.0,0.0,-0.25,2.55,0.0
20230114:2310,0.0,0.0,0.0,-0.76,2.9,0.0
20230115:0010,0.0,0.0,0.0,-0.88,3.03,0.0
20230115:0110,0.0,0.0,0.0,-1.29,3.03,0.0
20230115:0210,0.0,0.0,0.0,-1.56,3.24,0.0
20230115:0310,0.0,0.0,0.0,-1.74,3.52,0.0
20230115:0410,0.0,0.0,0.0,-1.71,3.86,0.0
20230115:0510,0.0,0.0,0.0,-1.71,4.0,0.0
20230115:0610,0.0,0.0,0.0,-1.43,3.86,0.0
20230115:0710,196.82,220.29,6.6,-0.43,3.86,0.0
20230115:0810,14.56,27.79,12.47,-0.03,4.41,0.0
20230115:0910,49.16,68.14,16.45,0.76,4.76,0.0
20230115:1010,66.32,86.96,18.19,1.29,5.03,0.0
20230115:1110,70.18,91.2,17.51,1.85,5.24,0.0
20230115:1210,129.37,152.58,14.48,2.28,4.97,0.0
20230115:1310,30.76,47.62,9.39,2.39,4.97,0.0
20230115:1410,0.0,2.69,2.65,1.81,4.83,0.0
20230115:1510,0.0,0.0,0.0,1.3,4.76,0.0
20230115:1610,0.0,0.0,0.0,1.0,4.76,0.0
20230115:1710,0.0,0.0,0.0,0.71,4.9,0.0
20230115:1810,0.0,0.0,0.0,0.52,4.83,0.0
20230115:1910,0.0,0.0,0.0,0.17,4.48,0.0
20230115:2010,0.0,0.0,0.0,0.25,4.34,0.0
20230115:2110,0.0,0.0,0.0,0.07,4.28,0.0
20230115:2210,0.0,0.0,0.0,-0.03,4.21,0.0
20230115:2310,0.0,0.0,0.0,-0.1,4.14,0.0
20230116:0010,0.0,0.0,0.0,0.18,4.0,0.0
20230116:0110,0.0,0.0,0.0,0.39,3.93,0.0
20230116:0210,0.0,0.0,0.0,0.52,3.79,0.0
20230116:0310,0.0,0.0,0.0,0.46,3.59,0.0
20230116:0410,0.0,0.0,0.0,0.39,3.38,0.0
20230116:0510,0.0,0.0,0.0,0.3,3.17,0.0
20230116:0610,0.0,0.0,0.0,0.28,2.97,0.0
20230116:0710,36.06,53.25,6.73,0.36,2.69,0.0
20230116:0810,54.82,74.22,12.61,0.66,2.48,0.0
20230116:0910,87.97,109.88,16.61,1.37,3.03,0.0
20230116:1010,33.72,51.1,18.37,1.94,2.9,0.0
20230116:1110,52.74,72.62,17.7,2.39,2.83,0.0
20230116:1210,123.23,147.05,14.68,2.79,2.69,0.0
20230116:1310,59.73,79.92,9.6,2.68,2.48,0.0
20230116:1410,0.0,5.38,2.85,1.86,2.9,0.0
20230116:1510,0.0,0.0,0.0,0.8,3.31,0.0
20230116:1610,0.0,0.0,0.0,0.19,3.66,0.0
20230116:1710,0.0,0.0,0.0,-0.09,3.93,0.0
20230116:1810,0.0,0.0,0.0,-0.01,4.21,0.0
20230116:1910,0.0,0.0,0.0,0.11,4.14,0.0
20230116:2010,0.0,0.0,0.0,0.47,4.21,0.0
20230116:2110,0.0,0.0,0.0,0.83,4.0,0.0
20230116:2210,0.0,0.0,0.0,1.37,4.21,0.0
20230116:2310,0.0,0.0,0.0,1.84,4.55,0.0
20230117:0010,0.0,0.0,0.0,2.22,4.9,0.0
20230117:0110,0.0,0.0,0.0,2.49,5.03,0.0
20230117:0210,0.0,0.0,0.0,2.43,4.69,0.0
20230117:0310,0.0,0.0,0.0,2.44,4.48,0.0
20230117:0410,0.0,0.0,0.0,2.57,4.34,0.0
20230117:0510,0.0,0.0,0.0,2.02,4.14,0.0
20230117:0610,0.0,0.0,0.0,1.55,4.07,0.0
20230117:0710,107.21,129.63,6.86,1.77,4.07,0.0
20230117:0810,50.67,70.23,12.77,2.62,4.14,0.0
20230117:0910,393.2,427.97,16.79,3.66,4.07,0.0
20230117:1010,284.41,314.69,18.56,4.35,4.28,0.0
20230117:1110,95.4,119.27,17.91,4.79,4.07,0.0
20230117:1210,47.37,67.24,14.89,4.78,3.79,0.0
20230117:1310,105.61,129.28,9.81,4.84,3.93,0.0
20230117:1410,0.0,2.69,3.06,4.52,3.79,0.0
20230117:1510,0.0,0.0,0.0,4.12,3.86,0.0
20230117:1610,0.0,0.0,0.0,3.47,3.86,0.0
20230117:1710,0.0,0.0,0.0,2.97,3.93,0.0
20230117:1810,0.0,0.0,0.0,2.6,3.66,0.0
20230117:1910,0.0,0.0,0.0,1.8,3.17,0.0
20230117:2010,0.0,0.0,0.0,1.27,3.03,0.0
20230117:2110,0.0,0.0,0.0,0.7,2.69,0.0
20230117:2210,0.0,0.0,0.0,0.73,2.69,0.0
20230117:2310,0.0,0.0,0.0,0.86,2.69,0.0
20230118:0010,0.0,0.0,0.0,0.96,2.83,0.0
20230118:0110,0.0,0.0,0.0,1.25,3.31,0.0
20230118:0210,0.0,0.0,0.0,1.53,4.0,0.0
20230118:0310,0.0,0.0,0.0,2.04,4.41,0.0
20230118:0410,0.0,0.0,0.0,2.68,5.03,0.0
20230118:0510,0.0,0.0,0.0,3.62,5.24,0.0
20230118:0610,0.0,0.0,0.0,4.49,5.38,0.0
20230118:0710,22.05,37.72,7.0,5.41,5.1,0.0
20230118:0810,34.62,52.89,12.93,5.98,4.97,0.0
20230118:0910,58.09,79.79,16.97,6.84,4.9,0.0
20230118:1010,154.8,183.21,18.76,7.65,4.76,0.0
20230118:1110,38.74,58.27,18.11,8.55,3.93,0.0
20230118:1210,22.27,38.55,15.1,8.74,4.76,0.0
20230118:1310,59.75,81.78,10.02,8.79,4.76,0.0
20230118:1410,0.0,2.69,3.27,8.45,4.76,0.0
20230118:1510,0.0,0.0,0.0,8.05,5.03,0.0
20230118:1610,0.0,0.0,0.0,8.08,6.0,0.0
20230118:1710,0.0,0.0,0.0,8.17,6.55,0.0
20230118:1810,0.0,0.0,0.0,7.36,6.0,0.0
20230118:1910,0.0,0.0,0.0,6.3,5.03,0.0
20230118:2010,0.0,0.0,0.0,5.23,4.34,0.0
20230118:2110,0.0,0.0,0.0,4.37,3.52,0.0
20230118:2210,0.0,0.0,0.0,3.42,2.9,0.0
20230118:2310,0.0,0.0,0.0,2.67,2.9,0.0
20230119:0010,0.0,0.0,0.0,2.34,2.55,0.0
20230119:0110,0.0,0.0,0.0,1.96,2.07,0.0
20230119:0210,0.0,0.0,0.0,1.6,1.59,0.0
20230119:0310,0.0,0.0,0.0,0.83,1.24,0.0
20230119:0410,0.0,0.0,0.0,0.19,1.31,0.0
20230119:0510,0.0,0.0,0.0,0.23,1.93,0.0
20230119:0610,0.0,0.0,0.0,0.89,2.76,0.0
20230119:0710,7.16,17.93,7.14,1.29,3.03,0.0
20230119:0810,15.79,29.59,13.09,2.05,3.38,0.0
20230119:0910,32.03,49.31,17.15,2.85,3.24,0.0
20230119:1010,38.89,57.38,18.96,3.64,3.24,0.0
20230119:1110,35.58,53.79,18.33,4.62,2.83,0.0
20230119:1210,38.58,57.38,15.32,5.14,2.48,0.0
20230119:1310,33.77,51.79,10.24,5.51,2.21,0.0
20230119:1410,2.01,9.86,3.49,5.59,2.21,0.0
20230119:1510,0.0,0.0,0.0,5.46,2.34,0.0
20230119:1610,0.0,0.0,0.0,5.36,2.41,0.0
20230119:1710,0.0,0.0,0.0,5.64,2.14,0.0
20230119:1810,0.0,0.0,0.0,5.56,1.93,0.0
20230119:1910,0.0,0.0,0.0,4.28,2.07,0.0
20230119:2010,0.0,0.0,0.0,4.15,2.21,0.0
20230119:2110,0.0,0.0,0.0,3.91,2.14,0.0
20230119:2210,0.0,0.0,0.0,3.16,2.21,0.0
20230119:2310,0.0,0.0,0.0,2.78,2.21,0.0
20230120:0010,0.0,0.0,0.0,2.19,2.14,0.0
20230120:0110,0.0,0.0,0.0,1.95,2.14,0.0
20230120:0210,0.0,0.0,0.0,1.51,2.21,0.0
20230120:0310,0.0,0.0,0.0,1.29,2.0,0.0
20230120:0410,0.0,0.0,0.0,0.99,2.14,0.0
20230120:0510,0.0,0.0,0.0,0.69,2.41,0.0
20230120:0610,0.0,0.0,0.0,0.44,2.48,0.0
20230120:0710,1.15,8.07,7.3,0.51,2.55,0.0
20230120:0810,24.7,40.34,13.26,0.66,2.21,0.0
20230120:0910,23.16,38.55,17.35,0.96,2.0,0.0
20230120:1010,67.87,88.76,19.17,1.08,2.34,0.0
20230120:1110,48.17,67.24,18.55,1.18,2.62,0.0
20230120:1210,37.02,54.69,15.55,1.06,3.38,0.0
20230120:1310,11.06,23.31,10.46,0.86,3.45,0.0
20230120:1410,4.21,13.45,3.7,0.66,3.03,0.0
20230120:1510,0.0,0.0,0.0,0.56,3.45,0.0
20230120:1610,0.0,0.0,0.0,0.51,3.79,0.0
20230120:1710,0.0,0.0,0.0,0.46,3.93,0.0
20230120:1810,0.0,0.0,0.0,0.51,3.93,0.0
20230120:1910,0.0,0.0,0.0,0.5,3.93,0.0
20230120:2010,0.0,0.0,0.0,0.79,3.66,0.0
20230120:2110,0.0,0.0,0.0,1.35,3.45,0.0
20230120:2210,0.0,0.0,0.0,2.2,3.38,0.0
20230120:2310,0.0,0.0,0.0,3.05,3.59,0.0
20230121:0010,0.0,0.0,0.0,3.68,3.72,0.0
20230121:0110,0.0,0.0,0.0,4.15,4.0,0.0
20230121:0210,0.0,0.0,0.0,4.21,3.93,0.0
20230121:0310,0.0,0.0,0.0,3.85,4.07,0.0
20230121:0410,0.0,0.0,0.0,3.34,4.48,0.0
20230121:0510,0.0,0.0,0.0,2.86,4.41,0.0
20230121:0610,0.0,0.0,0.0,2.65,3.93,0.0
20230121:0710,5.32,15.24,7.45,2.0,3.52,0.0
20230121:0810,19.35,34.07,13.44,2.3,3.52,0.0
20230121:0910,10.29,22.41,17.55,2.7,3.66,0.0
20230121:1010,230.32,258.19,19.39,3.14,3.1,0.0
20230121:1110,60.54,81.58,18.78,3.52,2.48,0.0
20230121:1210,8.3,19.72,15.78,3.63,2.0,0.0
20230121:1310,3.58,12.55,10.69,3.7,1.79,0.0
20230121:1410,0.0,3.59,3.93,3.47,1.79,0.0
20230121:1510,0.0,0.0,0.0,3.1,1.93,0.0
20230121:1610,0.0,0.0,0.0,2.87,1.93,0.0
20230121:1710,0.0,0.0,0.0,2.83,1.72,0.0
20230121:1810,0.0,0.0,0.0,2.8,1.52,0.0
20230121:1910,0.0,0.0,0.0,2.13,1.86,0.0
20230121:2010,0.0,0.0,0.0,1.45,2.07,0.0
20230121:2110,0.0,0.0,0.0,0.94,1.93,0.0
20230121:2210,0.0,0.0,0.0,1.21,1.52,0.0
20230121:2310,0.0,0.0,0.0,1.33,1.24,0.0
20230122:0010,0.0,0.0,0.0,1.61,1.17,0.0
20230122:0110,0.0,0.0,0.0,1.84,1.45,0.0
20230122:0210,0.0,0.0,0.0,1.79,1.72,0.0
20230122:0310,0.0,0.0,0.0,1.77,1.86,0.0
20230122:0410,0.0,0.0,0.0,1.93,1.93,0.0
20230122:0510,0.0,0.0,0.0,1.91,2.07,0.0
20230122:0610,0.0,0.0,0.0,2.08,2.34,0.0
20230122:0710,94.72,117.21,7.62,2.43,2.41,0.0
20230122:0810,33.5,51.1,13.63,3.2,2.48,0.0
20230122:0910,72.59,94.68,17.75,3.85,3.38,0.0
20230122:1010,76.51,99.01,19.61,4.07,3.45,0.0
20230122:1110,176.29,203.21,19.01,4.02,3.1,0.0
20230122:1210,37.3,55.58,16.01,3.79,3.1,0.0
20230122:1310,3.58,12.55,10.92,3.72,3.17,0.0
20230122:1410,0.0,3.59,4.15,3.52,3.03,0.0
20230122:1510,0.0,0.0,0.0,3.25,2.9,0.0
20230122:1610,0.0,0.0,0.0,3.16,2.76,0.0
20230122:1710,0.0,0.0,0.0,3.21,2.69,0.0
20230122:1810,0.0,0.0,0.0,3.31,2.69,0.0
20230122:1910,0.0,0.0,0.0,3.64,2.48,0.0
20230122:2010,0.0,0.0,0.0,3.69,2.48,0.0
20230122:2110,0.0,0.0,0.0,3.64,2.48,0.0
20230122:2210,0.0,0.0,0.0,3.43,2.41,0.0
20230122:2310,0.0,0.0,0.0,3.34,2.34,0.0
20230123:0010,0.0,0.0,0.0,3.16,2.28,0.0
20230123:0110,0.0,0.0,0.0,2.81,2.28,0.0
20230123:0210,0.0,0.0,0.0,2.62,2.34,0.0
20230123:0310,0.0,0.0,0.0,2.44,2.28,0.0
20230123:0410,0.0,0.0,0.0,2.28,2.28,0.0
20230123:0510,0.0,0.0,0.0,2.06,2.34,0.0
20230123:0610,0.0,0.0,0.0,1.83,2.34,0.0
20230123:0710,67.88,88.62,7.79,2.23,2.55,0.0
20230123:0810,99.86,122.48,13.82,2.26,2.9,0.0
20230123:0910,82.85,105.09,17.96,2.38,2.97,0.0
20230123:1010,81.16,103.48,19.84,2.53,2.69,0.0
20230123:1110,82.73,105.33,19.25,2.82,2.34,0.0
20230123:1210,66.29,87.62,16.26,2.99,2.21,0.0
20230123:1310,30.44,47.52,11.16,3.04,2.21,0.0
20230123:1410,90.69,114.58,4.39,2.87,2.07,0.0
20230123:1510,0.0,0.0,0.0,2.6,1.72,0.0
20230123:1610,0.0,0.0,0.0,2.32,1.72,0.0
20230123:1710,0.0,0.0,0.0,2.16,1.93,0.0
20230123:1810,0.0,0.0,0.0,1.63,1.86,0.0
20230123:1910,0.0,0.0,0.0,1.08,2.0,0.0
20230123:2010,0.0,0.0,0.0,0.85,1.93,0.0
20230123:2110,0.0,0.0,0.0,0.6,2.07,0.0
20230123:2210,0.0,0.0,0.0,0.5,1.66,0.0
20230123:2310,0.0,0.0,0.0,0.37,1.38,0.0
20230124:0010,0.0,0.0,0.0,0.25,1.24,0.0
20230124:0110,0.0,0.0,0.0,0.12,1.31,0.0
20230124:0210,0.0,0.0,0.0,0.07,1.52,0.0
20230124:0310,0.0,0.0,0.0,-0.06,1.66,0.0
20230124:0410,0.0,0.0,0.0,-0.21,1.79,0.0
20230124:0510,0.0,0.0,0.0,-0.38,1.79,0.0
20230124:0610,0.0,0.0,0.0,-0.56,1.79,0.0
20230124:0710,58.15,77.55,7.97,0.02,1.66,0.0
20230124:0810,64.16,84.3,14.02,0.17,1.72,0.0
20230124:0910,63.86,84.27,18.18,0.46,1.72,0.0
20230124:1010,56.38,76.2,20.07,0.71,1.72,0.0
20230124:1110,49.8,69.03,19.49,0.94,1.86,0.0
20230124:1210,45.72,64.55,16.5,1.19,2.07,0.0
20230124:1310,26.89,43.03,11.4,1.22,2.34,0.0
20230124:1410,1.14,8.07,4.62,1.16,2.48,0.0
20230124:1510,0.0,0.0,0.0,0.9,2.21,0.0
20230124:1610,0.0,0.0,0.0,0.67,1.93,0.0
20230124:1710,0.0,0.0,0.0,0.37,1.59,0.0
20230124:1810,0.0,0.0,0.0,0.14,1.59,0.0
20230124:1910,0.0,0.0,0.0,0.11,1.52,0.0
20230124:2010,0.0,0.0,0.0,0.03,1.45,0.0
20230124:2110,0.0,0.0,0.0,-0.11,1.38,0.0
20230124:2210,0.0,0.0,0.0,-0.1,1.31,0.0
20230124:2310,0.0,0.0,0.0,-0.23,1.03,0.0
20230125:0010,0.0,0.0,0.0,-0.35,0.97,0.0
20230125:0110,0.0,0.0,0.0,-0.72,1.38,0.0
20230125:0210,0.0,0.0,0.0,-0.89,1.03,0.0
20230125:0310,0.0,0.0,0.0,-0.98,0.76,0.0
20230125:0410,0.0,0.0,0.0,-0.99,0.76,0.0
20230125:0510,0.0,0.0,0.0,-1.35,0.76,0.0
20230125:0610,0.0,0.0,0.0,-1.01,0.28,0.0
20230125:0710,54.78,73.86,8.16,-0.67,0.48,0.0
20230125:0810,66.57,86.92,14.23,-0.16,0.69,0.0
20230125:0910,58.89,78.89,18.41,0.25,0.83,0.0
20230125:1010,33.08,50.21,20.31,0.78,0.97,0.0
20230125:1110,32.26,49.31,19.74,1.07,1.1,0.0
20230125:1210,19.44,34.07,16.75,1.14,0.97,0.0
20230125:1310,12.37,25.1,11.65,1.33,1.03,0.0
20230125:1410,0.31,6.28,4.86,1.09,0.76,0.0
20230125:1510,0.0,0.0,0.0,0.62,0.9,0.0
20230125:1610,0.0,0.0,0.0,-0.04,1.17,0.0
20230125:1710,0.0,0.0,0.0,-0.71,1.45,0.0
20230125:1810,0.0,0.0,0.0,-0.87,1.59,0.0
20230125:1910,0.0,0.0,0.0,-1.31,1.86,0.0
20230125:2010,0.0,0.0,0.0,-1.46,2.0,0.0
20230125:2110,0.0,0.0,0.0,-1.58,1.93,0.0
20230125:2210,0.0,0.0,0.0,-1.45,1.79,0.0
20230125:2310,0.0,0.0,0.0,-1.49,1.79,0.0
20230126:0010,0.0,0.0,0.0,-1.54,1.93,0.0
20230126:0110,0.0,0.0,0.0,-1.85,2.07,0.0
20230126:0210,0.0,0.0,0.0,-1.94,1.93,0.0
20230126:0310,0.0,0.0,0.0,-2.1,1.79,0.0
20230126:0410,0.0,0.0,0.0,-2.42,1.79,0.0
20230126:0510,0.0,0.0,0.0,-2.49,1.93,0.0
20230126:0610,0.0,0.0,0.0,-2.58,2.07,0.0
20230126:0710,9.89,21.52,8.35,-1.95,2.07,0.0
20230126:0810,21.97,36.76,14.44,-1.63,2.83,0.0
20230126:0910,43.06,60.96,18.64,-1.28,2.83,0.0
20230126:1010,105.61,127.47,20.56,-1.03,2.9,0.0
20230126:1110,57.71,77.1,20.0,-0.83,3.03,0.0
20230126:1210,59.32,78.89,17.01,-0.66,3.03,0.0
20230126:1310,52.51,71.34,11.9,-0.6,2.9,0.0
20230126:1410,42.02,60.1,5.1,-0.65,2.28,0.0
20230126:1510,0.0,0.0,0.0,-0.91,1.59,0.0
20230126:1610,0.0,0.0,0.0,-1.17,1.52,0.0
20230126:1710,0.0,0.0,0.0,-1.47,1.52,0.0
20230126:1810,0.0,0.0,0.0,-1.73,1.72,0.0
20230126:1910,0.0,0.0,0.0,-1.96,1.72,0.0
20230126:2010,0.0,0.0,0.0,-2.14,1.79,0.0
20230126:2110,0.0,0.0,0.0,-2.13,1.93,0.0
20230126:2210,0.0,0.0,0.0,-2.26,1.86,0.0
20230126:2310,0.0,0.0,0.0,-2.39,1.59,0.0
20230127:0010,0.0,0.0,0.0,-2.39,1.45,0.0
20230127:0110,0.0,0.0,0.0,-2.56,1.31,0.0
20230127:0210,0.0,0.0,0.0,-2.84,1.24,0.0
20230127:0310,0.0,0.0,0.0,-2.97,1.24,0.0
20230127:0410,0.0,0.0,0.0,-2.64,1.31,0.0
20230127:0510,0.0,0.0,0.0,-2.7,1.24,0.0
20230127:0610,0.0,0.0,0.0,-2.6,0.97,0.0
20230127:0710,134.79,156.77,8.54,-2.02,1.17,0.0
20230127:0810,367.27,396.65,14.66,-1.37,1.66,0.0
20230127:0910,241.44,266.33,18.88,-0.87,1.86,0.0
20230127:1010,358.6,389.63,20.81,-0.35,1.72,0.0
20230127:1110,197.12,222.15,20.26,0.02,1.72,0.0
20230127:1210,99.12,121.26,17.27,0.2,1.93,0.0
20230127:1310,42.92,61.08,12.15,0.18,2.41,0.0
20230127:1410,0.0,5.38,5.35,0.0,2.76,0.0
20230127:1510,0.0,0.0,0.0,-0.37,2.69,0.0
20230127:1610,0.0,0.0,0.0,-0.84,2.69,0.0
20230127:1710,0.0,0.0,0.0,-1.16,2.69,0.0
20230127:1810,0.0,0.0,0.0,-1.31,2.69,0.0
20230127:1910,0.0,0.0,0.0,-1.43,2.55,0.0
20230127:2010,0.0,0.0,0.0,-1.43,2.21,0.0
20230127:2110,0.0,0.0,0.0,-1.58,2.34,0.0
20230127:2210,0.0,0.0,0.0,-1.69,2.55,0.0
20230127:2310,0.0,0.0,0.0,-1.89,2.55,0.0
20230128:0010,0.0,0.0,0.0,-1.91,2.69,0.0
20230128:0110,0.0,0.0,0.0,-2.06,2.55,0.0
20230128:0210,0.0,0.0,0.0,-2.16,2.55,0.0
20230128:0310,0.0,0.0,0.0,-2.25,2.55,0.0
20230128:0410,0.0,0.0,0.0,-2.44,2.41,0.0
20230128:0510,0.0,0.0,0.0,-2.46,2.48,0.0
20230128:0610,0.0,0.0,0.0,-2.48,2.48,0.0
20230128:0710,111.28,131.98,8.75,-2.49,2.55,0.0
20230128:0810,150.18,171.69,14.88,-1.92,2.69,0.0
20230128:0910,217.73,240.99,19.12,-1.21,2.83,0.0
20230128:1010,271.65,296.4,21.07,-0.96,2.9,0.0
20230128:1110,551.11,592.81,20.52,-0.71,2.97,0.0
20230128:1210,87.9,109.1,17.53,-0.57,2.97,0.0
20230128:1310,57.22,76.5,12.41,-0.52,2.9,0.0
20230128:1410,98.09,120.37,5.59,-0.6,2.76,0.0
20230128:1510,0.0,0.0,0.0,-1.05,2.21,0.0
20230128:1610,0.0,0.0,0.0,-1.37,2.34,0.0
20230128:1710,0.0,0.0,0.0,-1.52,2.48,0.0
20230128:1810,0.0,0.0,0.0,-1.91,2.48,0.0
20230128:1910,0.0,0.0,0.0,-1.98,2.21,0.0
20230128:2010,0.0,0.0,0.0,-2.29,2.07,0.0
20230128:2110,0.0,0.0,0.0,-2.43,2.21,0.0
20230128:2210,0.0,0.0,0.0,-2.56,2.14,0.0
20230128:2310,0.0,0.0,0.0,-2.93,2.07,0.0
20230129:0010,0.0,0.0,0.0,-2.8,2.07,0.0
20230129:0110,0.0,0.0,0.0,-2.9,2.07,0.0
20230129:0210,0.0,0.0,0.0,-2.75,1.86,0.0
20230129:0310,0.0,0.0,0.0,-2.66,1.66,0.0
20230129:0410,0.0,0.0,0.0,-2.47,1.79,0.0
20230129:0510,0.0,0.0,0.0,-2.26,2.07,0.0
20230129:0610,0.0,0.0,0.0,-2.02,2.62,0.0
20230129:0710,55.64,74.28,8.96,-1.66,3.59,0.0
20230129:0810,46.37,64.55,15.11,-1.48,3.31,0.0
20230129:0910,39.86,57.38,19.37,-1.29,3.59,0.0
20230129:1010,31.92,48.41,21.34,-1.29,3.66,0.0
20230129:1110,29.58,45.72,20.79,-1.31,3.66,0.0
20230129:1210,26.48,42.14,17.8,-1.23,3.79,0.0
20230129:1310,18.23,32.27,12.67,-1.09,3.93,0.0
20230129:1410,6.02,16.14,5.85,-0.94,3.59,0.0
20230129:1510,0.0,0.0,0.0,-1.05,2.34,0.0
20230129:1610,0.0,0.0,0.0,-1.28,2.07,0.0
20230129:1710,0.0,0.0,0.0,-1.72,2.28,0.0
20230129:1810,0.0,0.0,0.0,-1.89,2.62,0.0
20230129:1910,0.0,0.0,0.0,-1.54,3.45,0.0
20230129:2010,0.0,0.0,0.0,-1.41,3.52,0.0
20230129:2110,0.0,0.0,0.0,-1.46,3.45,0.0
20230129:2210,0.0,0.0,0.0,-1.36,3.45,0.0
20230129:2310,0.0,0.0,0.0,-1.38,3.59,0.0
20230130:0010,0.0,0.0,0.0,-1.31,3.72,0.0
20230130:0110,0.0,0.0,0.0,-1.39,3.79,0.0
20230130:0210,0.0,0.0,0.0,-1.38,3.79,0.0
20230130:0310,0.0,0.0,0.0,-1.41,3.79,0.0
20230130:0410,0.0,0.0,0.0,-1.39,3.86,0.0
20230130:0510,0.0,0.0,0.0,-1.29,4.0,0.0
20230130:0610,0.0,0.0,0.0,-1.13,4.21,0.0
20230130:0710,30.11,46.34,9.17,-0.86,4.62,0.0
20230130:0810,213.95,236.82,15.35,-0.27,4.34,0.0
20230130:0910,33.27,50.21,19.62,0.22,5.03,0.0
20230130:1010,248.19,272.64,21.6,0.75,5.72,0.0
20230130:1110,177.93,201.93,21.07,1.19,5.93,0.0
20230130:1210,98.79,121.07,18.07,1.38,5.79,0.0
20230130:1310,24.68,40.34,12.94,1.08,5.38,0.0
20230130:1410,7.83,18.83,6.1,0.51,5.93,0.0
20230130:1510,0.0,0.0,0.0,-0.03,5.79,0.0
20230130:1610,0.0,0.0,0.0,-0.34,5.66,0.0
20230130:1710,0.0,0.0,0.0,-0.43,5.59,0.0
20230130:1810,0.0,0.0,0.0,-0.5,5.45,0.0
20230130:1910,0.0,0.0,0.0,-0.86,5.52,0.0
20230130:2010,0.0,0.0,0.0,-0.64,5.45,0.0
20230130:2110,0.0,0.0,0.0,-0.54,5.1,0.0
20230130:2210,0.0,0.0,0.0,-0.36,4.62,0.0
20230130:2310,0.0,0.0,0.0,-0.21,4.07,0.0
20230131:0010,0.0,0.0,0.0,-0.18,3.93,0.0
20230131:0110,0.0,0.0,0.0,-0.16,3.93,0.0
20230131:0210,0.0,0.0,0.0,-0.1,3.86,0.0
20230131:0310,0.0,0.0,0.0,-0.18,3.79,0.0
20230131:0410,0.0,0.0,0.0,-0.09,3.72,0.0
20230131:0510,0.0,0.0,0.0,-0.12,3.72,0.0
20230131:0610,0.0,0.9,1.77,-0.12,3.79,0.0
20230131:0710,57.5,76.97,9.39,0.59,3.86,0.0
20230131:0810,114.21,136.93,15.59,1.05,3.03,0.0
20230131:0910,69.51,90.55,19.89,1.57,4.28,0.0
20230131:1010,86.17,108.48,21.88,2.09,5.45,0.0
20230131:1110,74.99,96.82,21.35,2.9,6.14,0.0
20230131:1210,85.97,108.35,18.35,2.62,4.97,0.0
20230131:1310,19.35,34.07,13.21,2.36,4.55,0.0
20230131:1410,18.51,32.96,6.36,1.79,4.0,0.0
20230131:1510,0.0,0.0,0.0,0.71,3.66,0.0
20230131:1610,0.0,0.0,0.0,0.23,3.59,0.0
20230131:1710,0.0,0.0,0.0,-0.21,3.52,0.0
20230131:1810,0.0,0.0,0.0,-0.6,3.31,0.0
20230131:1910,0.0,0.0,0.0,-1.03,3.1,0.0
20230131:2010,0.0,0.0,0.0,-0.96,3.17,0.0
20230131:2110,0.0,0.0,0.0,-1.08,3.17,0.0
20230131:2210,0.0,0.0,0.0,-1.16,3.17,0.0
20230131:2310,0.0,0.0,0.0,-1.27,3.38,0.0
20230201:0010,0.0,0.0,0.0,-1.34,3.72,0.0
20230201:0110,0.0,0.0,0.0,-1.11,3.79,0.0
20230201:0210,0.0,0.0,0.0,-0.96,3.86,0.0
20230201:0310,0.0,0.0,0.0,-0.54,4.28,0.0
20230201:0410,0.0,0.0,0.0,-0.09,4.69,0.0
20230201:0510,0.0,0.0,0.0,0.05,5.03,0.0
20230201:0610,0.0,2.69,1.98,0.2,5.1,0.0
20230201:0710,16.61,30.48,9.62,0.9,5.52,0.0
20230201:0810,214.71,239.15,15.83,1.66,5.52,0.0
20230201:0910,224.07,249.93,20.15,1.79,4.28,0.0
20230201:1010,97.24,120.27,22.16,2.45,5.52,0.0
20230201:1110,260.96,288.49,21.63,2.75,5.17,0.0
20230201:1210,363.95,393.9,18.63,2.58,5.45,0.0
20230201:1310,30.64,47.52,13.48,2.11,5.52,0.0
20230201:1410,121.54,145.68,6.62,1.77,5.03,0.0
20230201:1510,0.0,0.0,0.0,1.56,4.69,0.0
20230201:1610,0.0,0.0,0.0,1.11,4.48,0.0
20230201:1710,0.0,0.0,0.0,0.96,4.62,0.0
20230201:1810,0.0,0.0,0.0,0.39,4.48,0.0
20230201:1910,0.0,0.0,0.0,0.32,4.48,0.0
20230201:2010,0.0,0.0,0.0,-0.04,4.41,0.0
20230201:2110,0.0,0.0,0.0,0.0,4.34,0.0
20230201:2210,0.0,0.0,0.0,0.12,4.21,0.0
20230201:2310,0.0,0.0,0.0,0.2,4.14,0.0
20230202:0010,0.0,0.0,0.0,0.2,4.14,0.0
20230202:0110,0.0,0.0,0.0,0.21,4.07,0.0
20230202:0210,0.0,0.0,0.0,0.54,4.07,0.0
20230202:0310,0.0,0.0,0.0,0.83,3.93,0.0
20230202:0410,0.0,0.0,0.0,0.88,3.93,0.0
20230202:0510,0.0,0.0,0.0,0.74,3.93,0.0
20230202:0610,0.0,1.79,2.19,0.6,3.79,0.0
20230202:0710,8.45,19.72,9.85,0.73,3.72,0.0
20230202:0810,260.36,286.21,16.09,1.14,3.72,0.0
20230202:0910,386.51,417.95,20.42,1.6,4.07,0.0
20230202:1010,292.35,320.35,22.44,1.73,4.14,0.0
20230202:1110,222.35,248.94,21.92,2.32,4.41,0.0
20230202:1210,602.71,654.33,18.92,2.55,4.21,0.0
20230202:1310,124.53,148.36,13.75,2.82,3.72,0.0
20230202:1410,215.17,245.18,6.88,2.42,2.9,0.0
20230202:1510,0.0,0.0,0.0,1.55,2.41,0.0
20230202:1610,0.0,0.0,0.0,0.7,2.34,0.0
20230202:1710,0.0,0.0,0.0,0.23,2.14,0.0
20230202:1810,0.0,0.0,0.0,-0.4,2.0,0.0
20230202:1910,0.0,0.0,0.0,-0.08,2.28,0.0
20230202:2010,0.0,0.0,0.0,-0.29,2.28,0.0
20230202:2110,0.0,0.0,0.0,-0.34,2.48,0.0
20230202:2210,0.0,0.0,0.0,-0.43,3.03,0.0
20230202:2310,0.0,0.0,0.0,-0.12,3.93,0.0
20230203:0010,0.0,0.0,0.0,-0.05,4.62,0.0
20230203:0110,0.0,0.0,0.0,0.0,5.03,0.0
20230203:0210,0.0,0.0,0.0,-0.36,5.17,0.0
20230203:0310,0.0,0.0,0.0,-0.82,5.03,0.0
20230203:0410,0.0,0.0,0.0,-1.2,4.69,0.0
20230203:0510,0.0,0.0,0.0,-1.59,4.55,0.0
20230203:0610,0.0,3.59,2.41,-1.87,4.34,0.0
20230203:0710,190.22,212.79,10.09,-1.38,3.93,0.0
20230203:0810,462.25,491.95,16.35,-1.29,4.0,0.0
20230203:0910,120.89,142.86,20.7,-1.27,3.93,0.0
20230203:1010,104.72,126.5,22.73,-1.11,4.14,0.0
20230203:1110,236.91,260.63,22.22,-0.52,4.62,0.0
20230203:1210,742.43,804.61,19.21,-0.02,4.14,0.0
20230203:1310,523.35,564.0,14.03,0.46,3.52,0.0
20230203:1410,153.07,178.09,7.15,0.26,2.62,0.0
20230203:1510,0.0,0.0,0.0,-0.16,1.66,0.0
20230203:1610,0.0,0.0,0.0,-0.76,1.31,0.0
20230203:1710,0.0,0.0,0.0,-1.52,1.45,0.0
20230203:1810,0.0,0.0,0.0,-2.42,1.93,0.0
20230203:1910,0.0,0.0,0.0,-2.8,2.28,0.0
20230203:2010,0.0,0.0,0.0,-2.61,2.34,0.0
20230203:2110,0.0,0.0,0.0,-2.37,2.55,0.0
20230203:2210,0.0,0.0,0.0,-2.26,2.76,0.0
20230203:2310,0.0,0.0,0.0,-2.14,2.83,0.0
20230204:0010,0.0,0.0,0.0,-2.07,2.83,0.0
20230204:0110,0.0,0.0,0.0,-2.46,3.03,0.0
20230204:0210,0.0,0.0,0.0,-2.4,3.31,0.0
20230204:0310,0.0,0.0,0.0,-2.52,3.59,0.0
20230204:0410,0.0,0.0,0.0,-2.53,3.45,0.0
20230204:0510,0.0,0.0,0.0,-2.6,3.93,0.0
20230204:0610,0.0,2.69,2.64,-2.67,4.34,0.0
20230204:0710,313.42,336.6,10.33,-2.92,4.0,0.0
20230204:0810,592.27,627.4,16.61,-2.81,4.07,0.0
20230204:0910,264.35,286.05,20.98,-2.53,4.21,0.0
20230204:1010,601.65,637.78,23.03,-2.33,4.55,0.0
20230204:1110,709.29,756.03,22.51,-2.14,4.76,0.0
20230204:1210,758.62,810.96,19.5,-1.88,4.9,0.0
20230204:1310,568.81,601.61,14.31,-2.05,5.03,0.0
20230204:1410,14.05,26.9,7.42,-2.54,4.97,0.0
20230204:1510,0.0,0.0,0.0,-3.3,4.69,0.0
20230204:1610,0.0,0.0,0.0,-4.15,4.28,0.0
20230204:1710,0.0,0.0,0.0,-4.58,4.07,0.0
20230204:1810,0.0,0.0,0.0,-5.18,3.66,0.0
20230204:1910,0.0,0.0,0.0,-5.04,3.86,0.0
20230204:2010,0.0,0.0,0.0,-5.22,3.59,0.0
20230204:2110,0.0,0.0,0.0,-5.45,3.38,0.0
20230204:2210,0.0,0.0,0.0,-5.45,3.24,0.0
20230204:2310,0.0,0.0,0.0,-5.07,3.38,0.0
20230205:0010,0.0,0.0,0.0,-5.08,3.59,0.0
20230205:0110,0.0,0.0,0.0,-5.05,3.79,0.0
20230205:0210,0.0,0.0,0.0,-5.1,4.28,0.0
20230205:0310,0.0,0.0,0.0,-5.21,4.28,0.0
20230205:0410,0.0,0.0,0.0,-5.21,4.34,0.0
20230205:0510,0.0,0.0,0.0,-5.05,4.28,0.0
20230205:0610,0.76,7.17,2.87,-4.89,4.41,0.0
20230205:0710,20.04,34.07,10.58,-4.4,5.45,0.0
20230205:0810,52.77,70.83,16.88,-3.74,6.0,0.0
20230205:0910,91.05,111.26,21.27,-2.96,5.86,0.0
20230205:1010,106.41,127.34,23.33,-2.56,5.72,0.0
20230205:1110,62.38,81.58,22.82,-2.11,5.93,0.0
20230205:1210,122.88,144.14,19.8,-2.02,5.59,0.0
20230205:1310,28.92,44.83,14.6,-1.89,5.93,0.0
20230205:1410,15.44,28.69,7.69,-2.12,4.97,0.0
20230205:1510,0.0,0.0,0.0,-2.64,4.76,0.0
20230205:1610,0.0,0.0,0.0,-3.31,4.62,0.0
20230205:1710,0.0,0.0,0.0,-3.69,4.62,0.0
20230205:1810,0.0,0.0,0.0,-3.78,4.55,0.0
20230205:1910,0.0,0.0,0.0,-3.43,4.07,0.0
20230205:2010,0.0,0.0,0.0,-3.32,5.24,0.0
20230205:2110,0.0,0.0,0.0,-3.29,4.48,0.0
20230205:2210,0.0,0.0,0.0,-3.24,4.28,0.0
20230205:2310,0.0,0.0,0.0,-3.26,3.93,0.0
20230206:0010,0.0,0.0,0.0,-3.34,3.72,0.0
20230206:0110,0.0,0.0,0.0,-3.54,3.59,0.0
20230206:0210,0.0,0.0,0.0,-3.68,3.66,0.0
20230206:0310,0.0,0.0,0.0,-3.87,3.45,0.0
20230206:0410,0.0,0.0,0.0,-4.1,3.31,0.0
20230206:0510,0.0,0.0,0.0,-4.34,3.38,0.0
20230206:0610,0.0,4.48,3.11,-4.54,3.38,0.0
20230206:0710,0.0,0.0,0.0,-4.22,3.59,0.0
20230206:0810,679.65,722.63,17.15,-4.07,3.52,0.0
20230206:0910,571.61,606.13,21.56,-3.74,3.24,0.0
20230206:1010,877.41,960.14,23.63,-3.41,3.1,0.0
20230206:1110,810.54,881.16,23.12,-3.23,3.03,0.0
20230206:1210,769.07,830.82,20.1,-3.11,3.17,0.0
20230206:1310,579.21,615.55,14.89,-3.16,3.45,0.0
20230206:1410,264.76,289.52,7.96,-3.34,3.52,0.0
20230206:1510,0.0,0.0,0.0,-3.78,2.83,0.0
20230206:1610,0.0,0.0,0.0,-4.57,2.48,0.0
20230206:1710,0.0,0.0,0.0,-5.12,2.41,0.0
20230206:1810,0.0,0.0,0.0,-5.85,2.34,0.0
20230206:1910,0.0,0.0,0.0,-5.4,2.76,0.0
20230206:2010,0.0,0.0,0.0,-4.91,2.76,0.0
20230206:2110,0.0,0.0,0.0,-4.25,2.9,0.0
20230206:2210,0.0,0.0,0.0,-3.61,3.17,0.0
20230206:2310,0.0,0.0,0.0,-3.44,3.31,0.0
20230207:0010,0.0,0.0,0.0,-3.36,3.45,0.0
20230207:0110,0.0,0.0,0.0,-3.15,3.66,0.0
20230207:0210,0.0,0.0,0.0,-3.06,3.52,0.0
20230207:0310,0.0,0.0,0.0,-2.98,2.97,0.0
20230207:0410,0.0,0.0,0.0,-2.95,2.97,0.0
20230207:0510,0.0,0.0,0.0,-2.89,3.17,0.0
20230207:0610,0.0,5.38,3.35,-2.64,3.66,0.0
20230207:0710,444.66,474.66,11.1,-2.15,4.14,0.0
20230207:0810,226.02,248.21,17.43,-1.69,3.86,0.0
20230207:0910,175.13,198.22,21.86,-1.02,3.59,0.0
20230207:1010,82.85,104.0,23.94,-0.61,3.38,0.0
20230207:1110,65.03,85.17,23.43,-0.17,3.52,0.0
20230207:1210,109.98,132.42,20.4,0.06,3.66,0.0
20230207:1310,62.1,82.01,15.18,0.1,3.79,0.0
20230207:1410,1.61,8.97,8.24,-0.11,2.97,0.0
20230207:1510,0.0,0.0,0.0,-0.68,2.62,0.0
20230207:1610,0.0,0.0,0.0,-1.61,2.69,0.0
20230207:1710,0.0,0.0,0.0,-2.09,3.1,0.0
20230207:1810,0.0,0.0,0.0,-2.44,3.38,0.0
20230207:1910,0.0,0.0,0.0,-3.22,3.03,0.0
20230207:2010,0.0,0.0,0.0,-3.59,3.17,0.0
20230207:2110,0.0,0.0,0.0,-3.94,3.38,0.0
20230207:2210,0.0,0.0,0.0,-4.3,3.59,0.0
20230207:2310,0.0,0.0,0.0,-4.62,3.17,0.0
20230208:0010,0.0,0.0,0.0,-4.86,2.76,0.0
20230208:0110,0.0,0.0,0.0,-5.16,2.34,0.0
20230208:0210,0.0,0.0,0.0,-5.42,2.0,0.0
20230208:0310,0.0,0.0,0.0,-5.92,1.79,0.0
20230208:0410,0.0,0.0,0.0,-6.45,1.66,0.0
20230208:0510,0.0,0.0,0.0,-7.03,1.59,0.0
20230208:0610,4.44,13.45,3.6,-7.43,1.52,0.0
20230208:0710,470.07,497.92,11.36,-6.93,1.86,0.0
20230208:0810,677.0,726.64,17.72,-5.82,1.79,0.0
20230208:0910,815.0,900.95,22.16,-4.97,1.38,0.0
20230208:1010,819.03,918.75,24.26,-4.4,0.9,0.0
20230208:1110,843.13,961.99,23.75,-3.69,0.55,0.0
20230208:1210,709.41,794.94,20.71,-3.14,0.34,0.0
20230208:1310,592.93,654.79,15.47,-3.01,0.28,0.0
20230208:1410,347.29,382.96,8.51,-2.88,0.48,0.0
20230208:1510,0.0,0.0,0.0,-3.2,0.48,0.0
20230208:1610,0.0,0.0,0.0,-3.87,0.34,0.0
20230208:1710,0.0,0.0,0.0,-4.34,0.28,0.0
20230208:1810,0.0,0.0,0.0,-4.7,0.21,0.0
20230208:1910,0.0,0.0,0.0,-6.38,1.72,0.0
20230208:2010,0.0,0.0,0.0,-7.95,2.07,0.0
20230208:2110,0.0,0.0,0.0,-8.45,2.0,0.0
20230208:2210,0.0,0.0,0.0,-7.81,1.86,0.0
20230208:2310,0.0,0.0,0.0,-7.64,1.79,0.0
20230209:0010,0.0,0.0,0.0,-8.55,1.86,0.0
20230209:0110,0.0,0.0,0.0,-8.4,1.72,0.0
20230209:0210,0.0,0.0,0.0,-7.72,1.59,0.0
20230209:0310,0.0,0.0,0.0,-7.3,1.38,0.0
20230209:0410,0.0,0.0,0.0,-7.61,1.38,0.0
20230209:0510,0.0,0.0,0.0,-8.1,1.52,0.0
20230209:0610,12.05,24.04,3.85,-9.41,1.59,0.0
20230209:0710,305.1,319.64,11.63,-10.76,1.93,0.0
20230209:0810,641.17,671.51,18.01,-9.15,2.21,0.0
20230209:0910,810.98,879.59,22.47,-5.23,2.41,0.0
20230209:1010,846.44,933.1,24.57,-2.35,2.69,0.0
20230209:1110,834.35,922.01,24.07,-0.99,2.9,0.0
20230209:1210,716.82,781.2,21.02,-0.46,3.1,0.0
20230209:1310,138.48,161.01,15.76,-0.44,3.17,0.0
20230209:1410,63.54,83.26,8.79,-1.1,2.62,0.0
20230209:1510,0.0,0.0,0.0,-2.62,2.69,0.0
20230209:1610,0.0,0.0,0.0,-4.19,2.83,0.0
20230209:1710,0.0,0.0,0.0,-5.22,2.83,0.0
20230209:1810,0.0,0.0,0.0,-6.12,2.76,0.0
20230209:1910,0.0,0.0,0.0,-6.61,2.83,0.0
20230209:2010,0.0,0.0,0.0,-7.26,2.9,0.0
20230209:2110,0.0,0.0,0.0,-7.71,3.03,0.0
20230209:2210,0.0,0.0,0.0,-7.88,3.17,0.0
20230209:2310,0.0,0.0,0.0,-7.73,3.31,0.0
20230210:0010,0.0,0.0,0.0,-7.28,3.45,0.0
20230210:0110,0.0,0.0,0.0,-6.61,3.66,0.0
20230210:0210,0.0,0.0,0.0,-6.08,3.66,0.0
20230210:0310,0.0,0.0,0.0,-5.71,3.59,0.0
20230210:0410,0.0,0.0,0.0,-5.39,3.66,0.0
20230210:0510,0.0,0.0,0.0,-4.85,3.79,0.0
20230210:0610,0.76,7.17,4.11,-4.22,4.0,0.0
20230210:0710,113.46,133.49,11.91,-3.7,4.0,0.0
20230210:0810,692.02,735.07,18.3,-2.6,4.69,0.0
20230210:0910,825.04,885.31,22.78,-1.12,5.72,0.0
20230210:1010,896.85,972.26,24.9,-0.05,6.0,0.0
20230210:1110,851.13,921.47,24.39,0.62,6.07,0.0
20230210:1210,591.79,631.63,21.33,0.95,6.07,0.0
20230210:1310,292.36,317.54,16.06,0.97,5.93,0.0
20230210:1410,23.24,38.55,9.07,0.58,5.1,0.0
20230210:1510,0.0,0.0,0.0,0.12,4.69,0.0
20230210:1610,0.0,0.0,0.0,-0.2,4.41,0.0
20230210:1710,0.0,0.0,0.0,-0.27,4.28,0.0
20230210:1810,0.0,0.0,0.0,-0.3,4.14,0.0
20230210:1910,0.0,0.0,0.0,-0.38,4.07,0.0
20230210:2010,0.0,0.0,0.0,-0.35,3.79,0.0
20230210:2110,0.0,0.0,0.0,-0.38,3.66,0.0
20230210:2210,0.0,0.0,0.0,-0.41,3.59,0.0
20230210:2310,0.0,0.0,0.0,-0.37,3.38,0.0
20230211:0010,0.0,0.0,0.0,-0.39,3.45,0.0
20230211:0110,0.0,0.0,0.0,-0.32,3.72,0.0
20230211:0210,0.0,0.0,0.0,-0.17,3.66,0.0
20230211:0310,0.0,0.0,0.0,-0.03,3.66,0.0
20230211:0410,0.0,0.0,0.0,0.08,3.79,0.0
20230211:0510,0.0,0.0,0.0,0.06,4.21,0.0
20230211:0610,0.0,4.48,4.37,0.01,4.69,0.0
20230211:0710,28.6,44.83,12.19,0.22,4.55,0.0
20230211:0810,235.86,259.66,18.6,0.52,5.93,0.0
20230211:0910,234.36,258.86,23.1,0.83,6.41,0.0
20230211:1010,228.0,252.86,25.22,0.85,6.28,0.0
20230211:1110,570.2,607.85,24.72,0.99,6.48,0.0
20230211:1210,127.74,150.89,21.65,0.87,5.93,0.0
20230211:1310,35.49,52.89,16.36,1.11,6.07,0.0
20230211:1410,17.31,31.38,9.36,1.17,6.83,0.0
20230211:1510,0.0,0.0,0.0,1.13,6.69,0.0
20230211:1610,0.0,0.0,0.0,1.1,6.55,0.0
20230211:1710,0.0,0.0,0.0,1.12,6.55,0.0
20230211:1810,0.0,0.0,0.0,1.14,6.48,0.0
20230211:1910,0.0,0.0,0.0,1.23,6.48,0.0
20230211:2010,0.0,0.0,0.0,1.2,6.07,0.0
20230211:2110,0.0,0.0,0.0,1.3,5.38,0.0
20230211:2210,0.0,0.0,0.0,1.96,5.17,0.0
20230211:2310,0.0,0.0,0.0,2.52,5.38,0.0
20230212:0010,0.0,0.0,0.0,2.5,5.52,0.0
20230212:0110,0.0,0.0,0.0,1.79,5.38,0.0
20230212:0210,0.0,0.0,0.0,0.63,5.1,0.0
20230212:0310,0.0,0.0,0.0,-0.67,4.69,0.0
20230212:0410,0.0,0.0,0.0,-1.83,4.21,0.0
20230212:0510,0.0,0.0,0.0,-2.87,3.66,0.0
20230212:0610,7.36,17.93,4.64,-3.36,3.31,0.0
20230212:0710,441.35,471.0,12.48,-2.77,3.52,0.0
20230212:0810,655.32,696.59,18.91,-2.18,4.55,0.0
20230212:0910,787.74,850.17,23.42,-1.38,4.41,0.0
20230212:1010,844.68,922.16,25.55,-0.74,4.21,0.0
20230212:1110,876.07,965.62,25.05,-0.06,3.93,0.0
20230212:1210,783.12,856.11,21.96,0.34,3.86,0.0
20230212:1310,610.38,658.71,16.66,0.55,4.0,0.0
20230212:1410,363.24,397.86,9.64,0.3,3.66,0.0
20230212:1510,0.0,0.0,0.0,-0.73,2.76,0.0
20230212:1610,0.0,0.0,0.0,-2.18,2.83,0.0
20230212:1710,0.0,0.0,0.0,-2.79,3.1,0.0
20230212:1810,0.0,0.0,0.0,-3.06,3.31,0.0
20230212:1910,0.0,0.0,0.0,-3.06,3.03,0.0
20230212:2010,0.0,0.0,0.0,-3.43,2.97,0.0
20230212:2110,0.0,0.0,0.0,-3.67,3.17,0.0
20230212:2210,0.0,0.0,0.0,-3.79,3.24,0.0
20230212:2310,0.0,0.0,0.0,-3.75,3.31,0.0
20230213:0010,0.0,0.0,0.0,-3.58,3.38,0.0
20230213:0110,0.0,0.0,0.0,-2.97,3.52,0.0
20230213:0210,0.0,0.0,0.0,-2.64,3.66,0.0
20230213:0310,0.0,0.0,0.0,-2.35,3.66,0.0
20230213:0410,0.0,0.0,0.0,-1.82,3.66,0.0
20230213:0510,0.0,0.0,0.0,-1.04,3.79,0.0
20230213:0610,1.16,8.07,4.91,-0.42,3.93,0.0
20230213:0710,37.12,54.69,12.77,0.64,4.41,0.0
20230213:0810,22.39,37.65,19.21,1.35,3.93,0.0
20230213:0910,76.0,97.72,23.74,2.09,4.21,0.0
20230213:1010,72.49,94.14,25.89,2.53,3.86,0.0
20230213:1110,43.84,62.76,25.38,2.76,4.0,0.0
20230213:1210,35.88,53.79,22.28,3.14,4.41,0.0
20230213:1310,9.6,21.52,16.97,3.43,4.55,0.0
20230213:1410,9.59,21.52,9.92,3.51,4.69,0.0
20230213:1510,0.0,0.0,0.0,3.35,4.97,0.0
20230213:1610,0.0,0.0,0.0,3.24,5.17,0.0
20230213:1710,0.0,0.0,0.0,3.06,4.97,0.0
20230213:1810,0.0,0.0,0.0,2.86,4.97,0.0
20230213:1910,0.0,0.0,0.0,2.97,5.03,0.0
20230213:2010,0.0,0.0,0.0,2.81,5.1,0.0
20230213:2110,0.0,0.0,0.0,2.65,5.1,0.0
20230213:2210,0.0,0.0,0.0,2.67,5.31,0.0
20230213:2310,0.0,0.0,0.0,2.74,5.52,0.0
20230214:0010,0.0,0.0,0.0,2.73,5.66,0.0
20230214:0110,0.0,0.0,0.0,2.7,5.79,0.0
20230214:0210,0.0,0.0,0.0,2.55,5.79,0.0
20230214:0310,0.0,0.0,0.0,2.3,5.66,0.0
20230214:0410,0.0,0.0,0.0,2.09,5.66,0.0
20230214:0510,0.0,0.0,0.0,1.94,5.52,0.0
20230214:0610,13.74,27.12,5.19,1.9,5.38,0.0
20230214:0710,36.04,53.79,13.06,2.33,5.24,0.0
20230214:0810,54.42,74.41,19.53,2.54,5.24,0.0
20230214:0910,260.58,288.51,24.07,2.83,5.52,0.0
20230214:1010,282.15,311.21,26.22,3.3,6.21,0.0
20230214:1110,520.76,562.54,25.71,3.65,6.28,0.0
20230214:1210,615.49,666.92,22.61,4.11,6.21,0.0
20230214:1310,593.54,644.16,17.27,4.45,6.14,0.0
20230214:1410,355.99,394.57,10.21,4.55,5.79,0.0
20230214:1510,0.0,1.79,1.93,4.02,5.1,0.0
20230214:1610,0.0,0.0,0.0,2.9,4.9,0.0
20230214:1710,0.0,0.0,0.0,2.21,4.76,0.0
20230214:1810,0.0,0.0,0.0,1.5,4.41,0.0
20230214:1910,0.0,0.0,0.0,1.6,4.21,0.0
20230214:2010,0.0,0.0,0.0,0.72,3.72,0.0
20230214:2110,0.0,0.0,0.0,-0.09,3.45,0.0
20230214:2210,0.0,0.0,0.0,-0.81,3.24,0.0
20230214:2310,0.0,0.0,0.0,-1.29,3.1,0.0
20230215:0010,0.0,0.0,0.0,-1.66,2.9,0.0
20230215:0110,0.0,0.0,0.0,-1.79,2.76,0.0
20230215:0210,0.0,0.0,0.0,-2.05,2.69,0.0
20230215:0310,0.0,0.0,0.0,-2.4,2.55,0.0
20230215:0410,0.0,0.0,0.0,-2.89,2.41,0.0
20230215:0510,0.0,0.0,0.0,-3.34,2.21,0.0
20230215:0610,66.93,88.39,5.47,-3.64,2.0,0.0
20230215:0710,124.57,146.52,13.36,-1.5,2.21,0.0
20230215:0810,214.15,239.65,19.84,0.21,2.21,0.0
20230215:0910,191.59,218.43,24.41,1.7,2.28,0.0
20230215:1010,109.06,133.58,26.57,2.97,2.62,0.0
20230215:1110,93.58,117.44,26.05,3.81,2.9,0.0
20230215:1210,54.65,75.31,22.93,4.42,3.1,0.0
20230215:1310,40.26,59.17,17.58,4.63,3.1,0.0
20230215:1410,12.84,26.0,10.5,4.41,2.69,0.0
20230215:1510,0.0,0.9,2.2,3.16,2.0,0.0
20230215:1610,0.0,0.0,0.0,1.37,2.21,0.0
20230215:1710,0.0,0.0,0.0,-0.11,2.14,0.0
20230215:1810,0.0,0.0,0.0,-0.84,2.14,0.0
20230215:1910,0.0,0.0,0.0,-1.08,2.14,0.0
20230215:2010,0.0,0.0,0.0,-1.38,1.93,0.0
20230215:2110,0.0,0.0,0.0,-1.38,1.66,0.0
20230215:2210,0.0,0.0,0.0,-1.34,1.45,0.0
20230215:2310,0.0,0.0,0.0,-1.22,1.31,0.0
20230216:0010,0.0,0.0,0.0,-1.43,1.38,0.0
20230216:0110,0.0,0.0,0.0,-1.55,1.45,0.0
20230216:0210,0.0,0.0,0.0,-1.39,1.52,0.0
20230216:0310,0.0,0.0,0.0,-1.2,1.72,0.0
20230216:0410,0.0,0.0,0.0,-1.21,2.0,0.0
20230216:0510,0.0,0.0,0.0,-1.15,2.28,0.0
20230216:0610,174.84,206.8,5.75,-1.03,2.48,0.0
20230216:0710,356.84,388.65,13.66,0.04,2.55,0.0
20230216:0810,643.5,704.33,20.17,2.12,3.31,0.0
20230216:0910,395.7,433.31,24.74,3.91,3.93,0.0
20230216:1010,806.06,901.23,26.91,5.11,4.41,0.0
20230216:1110,804.32,900.8,26.39,5.79,4.55,0.0
20230216:1210,762.0,850.56,23.26,6.26,4.62,0.0
20230216:1310,414.82,457.13,17.89,6.35,4.62,0.0
20230216:1410,308.34,347.19,10.79,5.84,3.93,0.0
20230216:1510,0.0,3.59,2.48,4.49,3.79,0.0
20230216:1610,0.0,0.0,0.0,3.0,3.72,0.0
20230216:1710,0.0,0.0,0.0,2.05,3.86,0.0
20230216:1810,0.0,0.0,0.0,1.64,3.93,0.0
20230216:1910,0.0,0.0,0.0,1.7,4.07,0.0
20230216:2010,0.0,0.0,0.0,1.64,4.0,0.0
20230216:2110,0.0,0.0,0.0,1.72,4.0,0.0
20230216:2210,0.0,0.0,0.0,1.98,3.93,0.0
20230216:2310,0.0,0.0,0.0,2.14,3.86,0.0
20230217:0010,0.0,0.0,0.0,2.04,3.79,0.0
20230217:0110,0.0,0.0,0.0,2.09,3.72,0.0
20230217:0210,0.0,0.0,0.0,2.12,3.66,0.0
20230217:0310,0.0,0.0,0.0,2.02,3.59,0.0
20230217:0410,0.0,0.0,0.0,1.91,3.45,0.0
20230217:0510,0.0,0.0,0.0,1.85,3.38,0.0
20230217:0610,2.57,10.76,6.04,1.81,3.31,0.0
20230217:0710,35.23,52.89,13.97,2.32,3.45,0.0
20230217:0810,79.79,102.07,20.49,2.79,3.38,0.0
20230217:0910,73.78,95.93,25.09,3.51,3.52,0.0
20230217:1010,335.37,370.49,27.26,4.51,4.07,0.0
20230217:1110,702.98,780.95,26.74,5.54,4.28,0.0
20230217:1210,234.27,265.89,23.59,6.18,4.34,0.0
20230217:1310,118.66,145.06,18.2,6.95,4.41,0.0
20230217:1410,59.01,80.88,11.08,7.07,3.45,0.0
20230217:1510,0.0,1.79,2.75,6.49,3.45,0.0
20230217:1610,0.0,0.0,0.0,5.75,3.52,0.0
20230217:1710,0.0,0.0,0.0,5.25,4.0,0.0
20230217:1810,0.0,0.0,0.0,5.06,4.28,0.0
20230217:1910,0.0,0.0,0.0,4.86,4.9,0.0
20230217:2010,0.0,0.0,0.0,4.56,5.17,0.0
20230217:2110,0.0,0.0,0.0,4.36,5.24,0.0
20230217:2210,0.0,0.0,0.0,4.36,5.52,0.0
20230217:2310,0.0,0.0,0.0,4.59,5.52,0.0
20230218:0010,0.0,0.0,0.0,5.22,6.14,0.0
20230218:0110,0.0,0.0,0.0,5.88,6.9,0.0
20230218:0210,0.0,0.0,0.0,6.78,6.9,0.0
20230218:0310,0.0,0.0,0.0,6.8,7.1,0.0
20230218:0410,0.0,0.0,0.0,5.94,7.38,0.0
20230218:0510,0.0,0.0,0.0,5.25,7.38,0.0
20230218:0610,27.55,44.77,6.34,4.72,7.52,0.0
20230218:0710,71.83,94.13,14.28,5.53,7.66,0.0
20230218:0810,87.98,111.92,20.82,5.98,7.59,0.0
20230218:0910,81.26,104.89,25.43,6.46,8.69,0.0
20230218:1010,105.42,130.89,27.61,6.63,9.52,0.0
20230218:1110,85.27,109.38,27.09,6.84,9.24,0.0
20230218:1210,48.59,69.03,23.93,6.77,7.79,0.0
20230218:1310,88.58,112.89,18.51,6.92,7.17,0.0
20230218:1410,70.6,93.41,11.37,6.85,6.76,0.0
20230218:1510,0.0,4.48,3.02,6.35,5.93,0.0
20230218:1610,0.0,0.0,0.0,5.78,5.52,0.0
20230218:1710,0.0,0.0,0.0,5.06,5.24,0.0
20230218:1810,0.0,0.0,0.0,4.64,5.03,0.0
20230218:1910,0.0,0.0,0.0,4.5,4.76,0.0
20230218:2010,0.0,0.0,0.0,3.7,4.48,0.0
20230218:2110,0.0,0.0,0.0,3.18,4.28,0.0
20230218:2210,0.0,0.0,0.0,2.8,4.14,0.0
20230218:2310,0.0,0.0,0.0,2.27,4.0,0.0
20230219:0010,0.0,0.0,0.0,2.06,4.28,0.0
20230219:0110,0.0,0.0,0.0,1.84,4.41,0.0
20230219:0210,0.0,0.0,0.0,1.91,4.55,0.0
20230219:0310,0.0,0.0,0.0,1.88,4.62,0.0
20230219:0410,0.0,0.0,0.0,1.85,4.48,0.0
20230219:0510,0.0,0.0,0.0,1.58,4.28,0.0
20230219:0610,0.71,7.17,6.64,1.41,4.28,0.0
20230219:0710,38.49,56.48,14.6,1.88,5.31,0.0
20230219:0810,110.61,133.94,21.16,2.12,6.0,0.0
20230219:0910,159.2,184.72,25.78,2.82,6.76,0.0
20230219:1010,238.72,267.11,27.97,3.41,6.21,0.0
20230219:1110,99.94,123.72,27.44,3.54,6.0,0.0
20230219:1210,361.92,393.84,24.26,3.57,6.28,0.0
20230219:1310,217.6,244.37,18.82,3.27,5.79,0.0
20230219:1410,166.58,193.06,11.66,3.17,5.24,0.0
20230219:1510,1.57,8.97,3.3,2.9,4.83,0.0
20230219:1610,0.0,0.0,0.0,2.1,4.69,0.0
20230219:1710,0.0,0.0,0.0,1.54,4.83,0.0
20230219:1810,0.0,0.0,0.0,1.21,4.76,0.0
20230219:1910,0.0,0.0,0.0,0.83,4.9,0.0
20230219:2010,0.0,0.0,0.0,0.33,4.69,0.0
20230219:2110,0.0,0.0,0.0,-0.16,4.55,0.0
20230219:2210,0.0,0.0,0.0,-0.54,4.55,0.0
20230219:2310,0.0,0.0,0.0,-0.87,4.9,0.0
20230220:0010,0.0,0.0,0.0,-1.05,5.17,0.0
20230220:0110,0.0,0.0,0.0,-1.24,5.24,0.0
20230220:0210,0.0,0.0,0.0,-1.45,5.24,0.0
20230220:0310,0.0,0.0,0.0,-1.51,5.17,0.0
20230220:0410,0.0,0.0,0.0,-1.73,5.24,0.0
20230220:0510,0.0,0.0,0.0,-1.81,5.1,0.0
20230220:0610,57.29,77.63,6.94,-1.26,5.24,0.0
20230220:0710,38.86,56.48,14.92,-0.17,4.41,0.0
20230220:0810,105.99,128.55,21.49,0.91,5.72,0.0
20230220:0910,121.75,145.51,26.13,2.09,8.0,0.0
20230220:1010,345.83,375.76,28.33,2.97,7.59,0.0
20230220:1110,260.77,289.43,27.79,3.5,6.97,0.0
20230220:1210,109.19,133.3,24.6,3.38,6.55,0.0
20230220:1310,27.47,43.93,19.14,2.84,4.97,0.0
20230220:1410,13.7,26.9,11.96,2.22,6.07,0.0
20230220:1510,0.0,5.38,3.58,1.65,5.86,0.0
20230220:1610,0.0,0.0,0.0,1.41,6.41,0.0
20230220:1710,0.0,0.0,0.0,2.02,7.52,0.0
20230220:1810,0.0,0.0,0.0,3.68,8.41,0.0
20230220:1910,0.0,0.0,0.0,4.54,9.03,0.0
20230220:2010,0.0,0.0,0.0,5.15,8.97,0.0
20230220:2110,0.0,0.0,0.0,5.57,8.55,0.0
20230220:2210,0.0,0.0,0.0,5.83,8.48,0.0
20230220:2310,0.0,0.0,0.0,6.01,8.83,0.0
20230221:0010,0.0,0.0,0.0,6.27,9.31,0.0
20230221:0110,0.0,0.0,0.0,6.05,9.45,0.0
20230221:0210,0.0,0.0,0.0,5.47,8.21,0.0
20230221:0310,0.0,0.0,0.0,4.97,7.38,0.0
20230221:0410,0.0,0.0,0.0,4.76,6.97,0.0
20230221:0510,0.0,0.0,0.0,4.47,7.1,0.0
20230221:0610,21.28,36.79,7.25,4.23,7.45,0.0
20230221:0710,72.21,94.3,15.24,4.77,8.14,0.0
20230221:0810,227.49,255.62,21.83,4.88,8.34,0.0
20230221:0910,118.25,144.0,26.49,5.54,7.59,0.0
20230221:1010,619.38,674.43,28.69,6.26,8.07,0.0
20230221:1110,94.21,119.24,28.14,7.25,8.62,0.0
20230221:1210,111.96,138.35,24.93,7.64,8.69,0.0
20230221:1310,188.51,217.86,19.45,7.6,8.69,0.0
20230221:1410,73.36,96.34,12.25,6.8,8.14,0.0
20230221:1510,0.0,4.48,3.85,6.03,7.72,0.0
20230221:1610,0.0,0.0,0.0,5.22,7.1,0.0
20230221:1710,0.0,0.0,0.0,4.66,6.69,0.0
20230221:1810,0.0,0.0,0.0,4.35,6.21,0.0
20230221:1910,0.0,0.0,0.0,3.86,6.21,0.0
20230221:2010,0.0,0.0,0.0,3.63,5.79,0.0
20230221:2110,0.0,0.0,0.0,3.31,5.24,0.0
20230221:2210,0.0,0.0,0.0,2.82,4.41,0.0
20230221:2310,0.0,0.0,0.0,2.27,3.72,0.0
20230222:0010,0.0,0.0,0.0,1.62,2.97,0.0
20230222:0110,0.0,0.0,0.0,0.97,2.55,0.0
20230222:0210,0.0,0.0,0.0,0.36,2.41,0.0
20230222:0310,0.0,0.0,0.0,0.02,2.48,0.0
20230222:0410,0.0,0.0,0.0,-0.4,2.34,0.0
20230222:0510,0.0,0.0,0.0,-0.91,2.07,0.0
20230222:0610,47.44,66.61,7.56,-1.07,1.93,0.0
20230222:0710,78.6,99.58,15.57,-0.26,2.55,0.0
20230222:0810,133.68,157.27,22.18,0.19,2.83,0.0
20230222:0910,92.37,114.76,26.85,0.86,2.97,0.0
20230222:1010,99.93,122.82,29.05,1.04,3.03,0.0
20230222:1110,69.6,90.55,28.5,1.06,3.1,0.0
20230222:1210,30.78,47.52,25.27,0.99,3.17,0.0
20230222:1310,62.18,82.48,19.77,0.96,3.45,0.0
20230222:1410,28.49,44.83,12.54,0.83,3.38,0.0
20230222:1510,0.0,5.38,4.13,0.47,3.03,0.0
20230222:1610,0.0,0.0,0.0,0.06,2.62,0.0
20230222:1710,0.0,0.0,0.0,-0.49,2.48,0.0
20230222:1810,0.0,0.0,0.0,-0.85,2.34,0.0
20230222:1910,0.0,0.0,0.0,-0.98,2.21,0.0
20230222:2010,0.0,0.0,0.0,-1.24,2.07,0.0
20230222:2110,0.0,0.0,0.0,-1.26,1.93,0.0
20230222:2210,0.0,0.0,0.0,-1.55,1.79,0.0
20230222:2310,0.0,0.0,0.0,-2.08,1.79,0.0
20230223:0010,0.0,0.0,0.0,-2.08,1.93,0.0
20230223:0110,0.0,0.0,0.0,-2.26,2.0,0.0
20230223:0210,0.0,0.0,0.0,-2.68,2.07,0.0
20230223:0310,0.0,0.0,0.0,-3.18,2.28,0.0
20230223:0410,0.0,0.0,0.0,-3.76,2.41,0.0
20230223:0510,0.0,0.0,0.0,-4.1,2.48,0.0
20230223:0610,232.09,263.87,7.88,-4.03,2.48,0.0
20230223:0710,515.02,551.41,15.9,-2.62,3.1,0.0
20230223:0810,604.36,650.1,22.53,-1.3,3.24,0.0
20230223:0910,832.32,919.08,27.21,-0.02,3.38,0.0
20230223:1010,897.55,1004.11,29.42,0.93,3.45,0.0
20230223:1110,869.38,970.59,28.86,1.61,3.59,0.0
20230223:1210,675.2,739.23,25.61,2.04,3.72,0.0
20230223:1310,307.88,337.87,20.09,2.25,3.79,0.0
20230223:1410,94.39,117.22,12.84,2.28,3.93,0.0
20230223:1510,3.63,12.55,4.4,1.72,3.31,0.0
20230223:1610,0.0,0.0,0.0,0.73,3.17,0.0
20230223:1710,0.0,0.0,0.0,-0.13,3.31,0.0
20230223:1810,0.0,0.0,0.0,-0.38,3.79,0.0
20230223:1910,0.0,0.0,0.0,-0.42,4.14,0.0
20230223:2010,0.0,0.0,0.0,-0.4,4.34,0.0
20230223:2110,0.0,0.0,0.0,-0.45,4.41,0.0
20230223:2210,0.0,0.0,0.0,-0.29,4.41,0.0
20230223:2310,0.0,0.0,0.0,-0.13,4.34,0.0
20230224:0010,0.0,0.0,0.0,-0.02,4.34,0.0
20230224:0110,0.0,0.0,0.0,-0.02,4.28,0.0
20230224:0210,0.0,0.0,0.0,-0.09,4.0,0.0
20230224:0310,0.0,0.0,0.0,-0.07,4.0,0.0
20230224:0410,0.0,0.0,0.0,0.16,4.14,0.0
20230224:0510,0.0,0.0,0.0,0.2,4.07,0.0
20230224:0610,65.97,87.53,8.19,0.43,4.0,0.0
20230224:0710,36.87,54.69,16.23,2.0,4.28,0.0
20230224:0810,82.29,104.89,22.88,3.12,4.07,0.0
20230224:0910,106.01,130.89,27.57,4.48,4.07,0.0
20230224:1010,97.81,122.82,29.79,5.96,4.48,0.0
20230224:1110,123.73,151.06,29.22,6.78,4.28,0.0
20230224:1210,104.28,130.48,25.96,7.26,3.86,0.0
20230224:1310,136.59,164.57,20.41,7.48,4.34,0.0
20230224:1410,43.68,63.66,13.13,7.32,4.34,0.0
20230224:1510,5.17,15.24,4.68,6.84,4.21,0.0
20230224:1610,0.0,0.0,0.0,6.26,4.0,0.0
20230224:1710,0.0,0.0,0.0,6.03,3.86,0.0
20230224:1810,0.0,0.0,0.0,5.92,3.79,0.0
20230224:1910,0.0,0.0,0.0,5.73,4.21,0.0
20230224:2010,0.0,0.0,0.0,5.39,4.14,0.0
20230224:2110,0.0,0.0,0.0,4.76,3.86,0.0
20230224:2210,0.0,0.0,0.0,3.97,3.79,0.0
20230224:2310,0.0,0.0,0.0,3.2,3.66,0.0
20230225:0010,0.0,0.0,0.0,2.7,3.45,0.0
20230225:0110,0.0,0.0,0.0,2.52,3.38,0.0
20230225:0210,0.0,0.0,0.0,2.52,3.59,0.0
20230225:0310,0.0,0.0,0.0,2.99,4.0,0.0
20230225:0410,0.0,0.0,0.0,3.38,4.48,0.0
20230225:0510,0.0,0.0,0.0,3.62,4.62,0.0
20230225:0610,22.11,37.65,8.52,3.87,4.9,0.0
20230225:0710,129.45,155.11,16.57,4.97,5.31,0.0
20230225:0810,60.78,82.48,23.23,6.01,5.38,0.0
20230225:0910,40.71,60.07,27.94,6.59,5.45,0.0
20230225:1010,66.21,88.76,30.16,6.86,5.72,0.0
20230225:1110,122.66,149.24,29.59,5.94,5.17,0.0
20230225:1210,269.8,302.25,26.3,4.65,3.59,0.0
20230225:1310,34.12,52.0,20.72,4.17,3.1,0.0
20230225:1410,9.56,21.52,13.43,4.04,3.52,0.0
20230225:1510,3.58,12.55,4.96,3.83,3.24,0.0
20230225:1610,0.0,0.0,0.0,3.01,3.45,0.0
20230225:1710,0.0,0.0,0.0,2.35,3.72,0.0
20230225:1810,0.0,0.0,0.0,2.18,4.48,0.0
20230225:1910,0.0,0.0,0.0,1.39,4.69,0.0
20230225:2010,0.0,0.0,0.0,1.13,4.9,0.0
20230225:2110,0.0,0.0,0.0,0.78,4.76,0.0
20230225:2210,0.0,0.0,0.0,0.37,4.41,0.0
20230225:2310,0.0,0.0,0.0,0.27,4.21,0.0
20230226:0010,0.0,0.0,0.0,0.44,4.21,0.0
20230226:0110,0.0,0.0,0.0,0.77,4.14,0.0
20230226:0210,0.0,0.0,0.0,0.84,4.0,0.0
20230226:0310,0.0,0.0,0.0,0.94,3.72,0.0
20230226:0410,0.0,0.0,0.0,0.98,3.31,0.0
20230226:0510,0.0,0.0,0.0,1.02,2.76,0.0
20230226:0610,52.65,72.77,8.84,1.16,2.28,0.0
20230226:0710,20.88,35.86,16.91,1.53,3.1,0.0
20230226:0810,106.0,129.62,23.59,1.98,3.24,0.0
20230226:0910,214.06,242.4,28.31,2.33,2.97,0.0
20230226:1010,154.42,181.51,30.54,3.08,2.48,0.0
20230226:1110,120.41,146.13,29.95,3.91,2.83,0.0
20230226:1210,57.06,78.0,26.64,4.45,2.97,0.0
20230226:1310,83.96,107.23,21.04,4.3,3.03,0.0
20230226:1410,22.08,37.65,13.72,3.97,2.9,0.0
20230226:1510,0.3,6.28,5.24,3.23,2.48,0.0
20230226:1610,0.0,0.0,0.0,1.72,2.55,0.0
20230226:1710,0.0,0.0,0.0,0.96,2.9,0.0
20230226:1810,0.0,0.0,0.0,0.59,3.03,0.0
20230226:1910,0.0,0.0,0.0,-0.66,2.83,0.0
20230226:2010,0.0,0.0,0.0,-1.33,2.21,0.0
20230226:2110,0.0,0.0,0.0,-1.79,1.86,0.0
20230226:2210,0.0,0.0,0.0,-2.31,1.86,0.0
20230226:2310,0.0,0.0,0.0,-2.92,2.14,0.0
20230227:0010,0.0,0.0,0.0,-3.36,2.34,0.0
20230227:0110,0.0,0.0,0.0,-3.51,2.28,0.0
20230227:0210,0.0,0.0,0.0,-3.64,2.0,0.0
20230227:0310,0.0,0.0,0.0,-3.64,2.0,0.0
20230227:0410,0.0,0.0,0.0,-3.56,2.0,0.0
20230227:0510,0.0,0.0,0.0,-3.37,2.07,0.0
20230227:0610,6.09,16.14,9.17,-2.97,2.41,0.0
20230227:0710,79.58,99.95,17.25,-1.89,3.17,0.0
20230227:0810,256.61,281.39,23.95,-1.03,3.45,0.0
20230227:0910,165.25,189.25,28.69,-0.86,3.24,0.0
20230227:1010,179.65,204.36,30.91,-0.78,2.97,0.0
20230227:1110,98.1,120.13,30.32,-0.57,2.9,0.0
20230227:1210,200.72,225.98,26.99,-0.37,2.76,0.0
20230227:1310,222.01,247.21,21.36,-0.38,2.62,0.0
20230227:1410,126.02,149.13,14.02,-0.39,2.55,0.0
20230227:1510,9.16,20.62,5.51,-0.58,2.55,0.0
20230227:1610,0.0,0.0,0.0,-0.98,2.28,0.0
20230227:1710,0.0,0.0,0.0,-1.26,2.34,0.0
20230227:1810,0.0,0.0,0.0,-1.47,2.28,0.0
20230227:1910,0.0,0.0,0.0,-1.82,1.93,0.0
20230227:2010,0.0,0.0,0.0,-2.02,1.93,0.0
20230227:2110,0.0,0.0,0.0,-2.02,1.93,0.0
20230227:2210,0.0,0.0,0.0,-2.3,1.59,0.0
20230227:2310,0.0,0.0,0.0,-2.48,1.31,0.0
20230228:0010,0.0,0.0,0.0,-2.63,1.31,0.0
20230228:0110,0.0,0.0,0.0,-2.82,1.17,0.0
20230228:0210,0.0,0.0,0.0,-3.12,1.1,0.0
20230228:0310,0.0,0.0,0.0,-3.06,1.31,0.0
20230228:0410,0.0,0.0,0.0,-3.03,1.45,0.0
20230228:0510,0.0,0.0,0.0,-3.03,1.38,0.0
20230228:0610,73.0,93.89,9.5,-2.8,1.31,0.0
20230228:0710,305.25,332.14,17.6,-2.23,1.79,0.0
20230228:0810,683.57,747.88,24.31,-1.58,2.07,0.0
20230228:0910,656.0,718.91,29.06,-1.18,2.0,0.0
20230228:1010,873.87,987.73,31.29,-0.52,2.07,0.0
20230228:1110,883.45,999.59,30.69,0.13,2.28,0.0
20230228:1210,822.99,924.55,27.34,0.92,2.34,0.0
20230228:1310,660.92,728.57,21.68,1.17,2.41,0.0
20230228:1410,428.88,472.26,14.31,0.98,2.41,0.0
20230228:1510,134.17,171.52,5.79,0.25,1.79,0.0
20230228:1610,0.0,0.0,0.0,-1.12,2.14,0.0
20230228:1710,0.0,0.0,0.0,-2.19,2.28,0.0
20230228:1810,0.0,0.0,0.0,-2.91,2.28,0.0
20230228:1910,0.0,0.0,0.0,-3.01,2.48,0.0
20230228:2010,0.0,0.0,0.0,-3.28,2.48,0.0
20230228:2110,0.0,0.0,0.0,-3.48,2.55,0.0
20230228:2210,0.0,0.0,0.0,-3.68,2.62,0.0
20230228:2310,0.0,0.0,0.0,-3.79,2.83,0.0
20230301:0010,0.0,0.0,0.0,-3.85,2.97,0.0
20230301:0110,0.0,0.0,0.0,-3.9,3.1,0.0
20230301:0210,0.0,0.0,0.0,-3.93,3.17,0.0
20230301:0310,0.0,0.0,0.0,-3.91,3.31,0.0
20230301:0410,0.0,0.0,0.0,-3.83,3.38,0.0
20230301:0510,0.0,0.0,0.0,-3.78,3.52,0.0
20230301:0610,212.3,241.64,9.83,-3.0,3.24,0.0
20230301:0710,372.52,400.15,17.95,-1.26,4.0,0.0
20230301:0810,119.2,142.08,24.68,0.02,4.21,0.0
20230301:0910,98.51,121.03,29.44,0.81,4.41,0.0
20230301:1010,75.36,96.82,31.67,1.53,4.14,0.0
20230301:1110,55.3,75.31,31.06,2.15,4.14,0.0
20230301:1210,32.91,50.21,27.68,2.24,3.93,0.0
20230301:1310,178.43,204.45,22.0,2.24,3.66,0.0
20230301:1410,273.15,304.34,14.61,2.15,3.38,0.0
20230301:1510,104.63,137.5,6.07,1.75,2.48,0.0
20230301:1610,0.0,0.0,0.0,1.09,2.07,0.0
20230301:1710,0.0,0.0,0.0,0.62,1.79,0.0
20230301:1810,0.0,0.0,0.0,0.15,1.79,0.0
20230301:1910,0.0,0.0,0.0,-0.42,2.0,0.0
20230301:2010,0.0,0.0,0.0,-0.92,2.0,0.0
20230301:2110,0.0,0.0,0.0,-1.53,2.14,0.0
20230301:2210,0.0,0.0,0.0,-1.83,2.07,0.0
20230301:2310,0.0,0.0,0.0,-2.08,2.07,0.0
20230302:0010,0.0,0.0,0.0,-2.05,2.0,0.0
20230302:0110,0.0,0.0,0.0,-1.98,1.93,0.0
20230302:0210,0.0,0.0,0.0,-1.49,1.86,0.0
20230302:0310,0.0,0.0,0.0,-1.45,1.72,0.0
20230302:0410,0.0,0.0,0.0,-1.35,1.59,0.0
20230302:0510,0.0,0.0,0.0,-1.63,1.59,0.0
20230302:0610,23.4,38.55,10.17,-1.13,1.45,0.0
20230302:0710,62.16,82.48,18.3,0.72,2.07,0.0
20230302:0810,119.37,143.79,25.05,2.04,2.48,0.0
20230302:0910,147.9,174.49,29.82,3.27,3.03,0.0
20230302:1010,139.52,166.18,32.06,3.81,3.17,0.0
20230302:1110,169.39,197.65,31.43,4.07,3.17,0.0
20230302:1210,547.91,603.72,28.03,4.13,3.17,0.0
20230302:1310,161.14,188.26,22.32,4.02,3.1,0.0
20230302:1410,27.32,43.93,14.91,3.68,2.76,0.0
20230302:1510,7.07,17.93,6.34,3.28,2.14,0.0
20230302:1610,0.0,0.0,0.0,2.37,1.86,0.0
20230302:1710,0.0,0.0,0.0,1.62,1.66,0.0
20230302:1810,0.0,0.0,0.0,1.2,1.52,0.0
20230302:1910,0.0,0.0,0.0,1.15,1.45,0.0
20230302:2010,0.0,0.0,0.0,0.78,1.31,0.0
20230302:2110,0.0,0.0,0.0,0.52,1.45,0.0
20230302:2210,0.0,0.0,0.0,0.55,1.52,0.0
20230302:2310,0.0,0.0,0.0,0.27,1.59,0.0
20230303:0010,0.0,0.0,0.0,0.05,1.52,0.0
20230303:0110,0.0,0.0,0.0,0.03,1.52,0.0
20230303:0210,0.0,0.0,0.0,-0.28,1.66,0.0
20230303:0310,0.0,0.0,0.0,-0.41,1.72,0.0
20230303:0410,0.0,0.0,0.0,-0.37,1.93,0.0
20230303:0510,0.0,0.0,0.0,-0.53,2.07,0.0
20230303:0610,12.51,25.1,10.51,-0.58,2.41,0.0
20230303:0710,29.35,45.72,18.65,0.18,3.24,0.0
20230303:0810,40.23,58.27,25.42,0.9,3.59,0.0
20230303:0910,180.01,206.01,30.21,1.36,3.86,0.0
20230303:1010,174.72,201.07,32.44,1.82,3.93,0.0
20230303:1110,134.66,159.88,31.8,2.43,4.14,0.0
20230303:1210,478.49,520.16,28.38,3.21,4.55,0.0
20230303:1310,178.93,205.71,22.64,3.54,4.83,0.0
20230303:1410,20.67,35.86,15.2,3.69,4.97,0.0
20230303:1510,27.93,45.67,6.62,3.43,4.28,0.0
20230303:1610,0.0,0.0,0.0,2.9,4.14,0.0
20230303:1710,0.0,0.0,0.0,2.23,4.07,0.0
20230303:1810,0.0,0.0,0.0,1.72,4.07,0.0
20230303:1910,0.0,0.0,0.0,0.99,3.86,0.0
20230303:2010,0.0,0.0,0.0,0.54,3.79,0.0
20230303:2110,0.0,0.0,0.0,0.3,3.72,0.0
20230303:2210,0.0,0.0,0.0,0.16,3.59,0.0
20230303:2310,0.0,0.0,0.0,-0.12,3.66,0.0
20230304:0010,0.0,0.0,0.0,-0.41,4.0,0.0
20230304:0110,0.0,0.0,0.0,-0.5,4.62,0.0
20230304:0210,0.0,0.0,0.0,-0.77,4.83,0.0
20230304:0310,0.0,0.0,0.0,-0.99,4.76,0.0
20230304:0410,0.0,0.0,0.0,-1.12,4.9,0.0
20230304:0510,0.0,0.9,1.84,-1.22,5.24,0.0
20230304:0610,28.83,44.83,10.85,-1.25,6.14,0.0
20230304:0710,60.31,79.79,19.01,-0.63,7.1,0.0
20230304:0810,66.9,86.96,25.79,-0.27,7.24,0.0
20230304:0910,56.77,76.2,30.59,0.16,7.24,0.0
20230304:1010,62.52,82.48,32.83,0.35,6.97,0.0
20230304:1110,67.4,87.86,32.18,0.77,6.97,0.0
20230304:1210,27.72,43.93,28.73,1.18,6.97,0.0
20230304:1310,38.61,56.48,22.97,1.42,7.17,0.0
20230304:1410,13.06,26.0,15.5,1.5,6.76,0.0
20230304:1510,9.06,20.62,6.9,1.55,7.17,0.0
20230304:1610,0.0,0.0,0.0,1.34,6.48,0.0
20230304:1710,0.0,0.0,0.0,1.25,6.55,0.0
20230304:1810,0.0,0.0,0.0,0.94,6.41,0.0
20230304:1910,0.0,0.0,0.0,0.13,6.62,0.0
20230304:2010,0.0,0.0,0.0,-0.34,6.21,0.0
20230304:2110,0.0,0.0,0.0,-1.24,5.52,0.0
20230304:2210,0.0,0.0,0.0,-2.2,4.97,0.0
20230304:2310,0.0,0.0,0.0,-3.02,4.69,0.0
20230305:0010,0.0,0.0,0.0,-3.68,4.55,0.0
20230305:0110,0.0,0.0,0.0,-4.06,4.48,0.0
20230305:0210,0.0,0.0,0.0,-4.32,4.41,0.0
20230305:0310,0.0,0.0,0.0,-4.5,4.28,0.0
20230305:0410,0.0,0.0,0.0,-4.64,4.07,0.0
20230305:0510,0.0,1.79,2.17,-4.75,3.93,0.0
20230305:0610,228.44,256.37,11.2,-4.11,3.52,0.0
20230305:0710,332.07,355.43,19.37,-2.61,4.62,0.0
20230305:0810,481.51,512.0,26.17,-1.23,4.9,0.0
20230305:0910,680.93,732.17,30.98,0.12,5.17,0.0
20230305:1010,845.79,926.0,33.22,1.05,5.1,0.0
20230305:1110,884.59,971.97,32.55,1.28,5.17,0.0
20230305:1210,580.28,624.19,29.08,1.48,5.38,0.0
20230305:1310,122.66,146.31,23.29,1.57,5.45,0.0
20230305:1410,367.6,402.27,15.79,1.27,4.14,0.0
20230305:1510,141.13,178.45,7.17,0.87,3.1,0.0
20230305:1610,0.0,0.0,0.0,-0.68,2.41,0.0
20230305:1710,0.0,0.0,0.0,-1.98,2.55,0.0
20230305:1810,0.0,0.0,0.0,-2.08,2.41,0.0
20230305:1910,0.0,0.0,0.0,-2.3,2.28,0.0
20230305:2010,0.0,0.0,0.0,-1.95,2.83,0.0
20230305:2110,0.0,0.0,0.0,-1.44,3.45,0.0
20230305:2210,0.0,0.0,0.0,-1.36,3.79,0.0
20230305:2310,0.0,0.0,0.0,-1.95,3.52,0.0
20230306:0010,0.0,0.0,0.0,-2.58,3.1,0.0
20230306:0110,0.0,0.0,0.0,-3.19,2.83,0.0
20230306:0210,0.0,0.0,0.0,-3.56,2.69,0.0
20230306:0310,0.0,0.0,0.0,-3.55,2.62,0.0
20230306:0410,0.0,0.0,0.0,-3.59,2.55,0.0
20230306:0510,0.0,1.79,2.51,-3.66,2.55,0.0
20230306:0610,101.14,123.35,11.55,-2.92,2.48,0.0
20230306:0710,245.11,268.83,19.73,-1.75,3.59,0.0
20230306:0810,572.21,615.49,26.55,-0.42,3.66,0.0
20230306:0910,781.38,858.54,31.37,0.84,3.79,0.0
20230306:1010,394.34,429.34,33.61,1.65,3.86,0.0
20230306:1110,420.74,457.83,32.93,2.22,4.14,0.0
20230306:1210,75.02,96.82,29.43,2.47,4.07,0.0
20230306:1310,278.95,308.48,23.61,2.92,4.55,0.0
20230306:1410,171.63,198.36,16.09,2.87,4.21,0.0
20230306:1510,58.42,81.95,7.45,2.23,2.83,0.0
20230306:1610,0.0,0.0,0.0,0.66,2.48,0.0
20230306:1710,0.0,0.0,0.0,-0.39,2.62,0.0
20230306:1810,0.0,0.0,0.0,-0.75,3.03,0.0
20230306:1910,0.0,0.0,0.0,-0.39,3.31,0.0
20230306:2010,0.0,0.0,0.0,-0.19,3.59,0.0
20230306:2110,0.0,0.0,0.0,-0.28,3.52,0.0
20230306:2210,0.0,0.0,0.0,-0.14,3.45,0.0
20230306:2310,0.0,0.0,0.0,-0.08,3.31,0.0
20230307:0010,0.0,0.0,0.0,-0.01,3.38,0.0
20230307:0110,0.0,0.0,0.0,0.16,3.52,0.0
20230307:0210,0.0,0.0,0.0,0.09,3.52,0.0
20230307:0310,0.0,0.0,0.0,-0.28,3.38,0.0
20230307:0410,0.0,0.0,0.0,-0.67,3.17,0.0
20230307:0510,0.0,3.59,2.85,-1.17,2.97,0.0
20230307:0610,72.48,93.62,11.89,-0.45,2.62,0.0
20230307:0710,176.69,201.52,20.1,0.83,3.79,0.0
20230307:0810,487.62,527.52,26.93,2.09,4.41,0.0
20230307:0910,573.33,624.66,31.76,3.0,4.41,0.0
20230307:1010,710.91,785.9,34.0,3.84,4.21,0.0
20230307:1110,283.07,316.38,33.3,4.38,4.07,0.0
20230307:1210,128.77,155.35,29.78,4.9,3.79,0.0
20230307:1310,261.66,294.27,23.93,5.0,3.31,0.0
20230307:1410,403.71,451.61,16.38,4.89,2.69,0.0
20230307:1510,36.19,55.69,7.72,4.68,2.07,0.0
20230307:1610,0.0,0.0,0.0,3.27,2.41,0.0
20230307:1710,0.0,0.0,0.0,1.72,2.83,0.0
20230307:1810,0.0,0.0,0.0,0.93,3.17,0.0
20230307:1910,0.0,0.0,0.0,1.83,3.45,0.0
20230307:2010,0.0,0.0,0.0,1.4,3.59,0.0
20230307:2110,0.0,0.0,0.0,1.11,3.52,0.0
20230307:2210,0.0,0.0,0.0,0.88,3.52,0.0
20230307:2310,0.0,0.0,0.0,0.78,3.66,0.0
20230308:0010,0.0,0.0,0.0,1.0,3.86,0.0
20230308:0110,0.0,0.0,0.0,0.84,3.93,0.0
20230308:0210,0.0,0.0,0.0,1.09,4.0,0.0
20230308:0310,0.0,0.0,0.0,1.15,3.93,0.0
20230308:0410,0.0,0.0,0.0,1.18,4.07,0.0
20230308:0510,0.0,1.79,3.19,1.32,4.14,0.0
20230308:0610,172.84,202.41,12.25,2.11,4.21,0.0
20230308:0710,43.69,62.76,20.46,3.5,4.07,0.0
20230308:0810,436.55,477.41,27.31,4.73,4.97,0.0
20230308:0910,179.72,209.23,32.15,5.99,5.79,0.0
20230308:1010,71.94,95.03,34.39,6.74,5.31,0.0
20230308:1110,60.44,82.48,33.68,7.1,5.17,0.0
20230308:1210,281.1,316.02,30.13,6.77,5.38,0.0
20230308:1310,635.1,703.83,24.25,6.88,4.83,0.0
20230308:1410,397.47,444.46,16.67,6.45,4.21,0.0
20230308:1510,131.9,170.79,8.0,5.81,2.83,0.0
20230308:1610,0.0,0.0,0.0,4.5,2.21,0.0
20230308:1710,0.0,0.0,0.0,2.86,2.28,0.0
20230308:1810,0.0,0.0,0.0,1.56,2.41,0.0
20230308:1910,0.0,0.0,0.0,1.63,2.34,0.0
20230308:2010,0.0,0.0,0.0,1.63,2.9,0.0
20230308:2110,0.0,0.0,0.0,2.32,3.31,0.0
20230308:2210,0.0,0.0,0.0,2.97,3.72,0.0
20230308:2310,0.0,0.0,0.0,3.42,3.52,0.0
20230309:0010,0.0,0.0,0.0,3.42,3.52,0.0
20230309:0110,0.0,0.0,0.0,3.37,3.79,0.0
20230309:0210,0.0,0.0,0.0,3.7,4.14,0.0
20230309:0310,0.0,0.0,0.0,4.37,4.41,0.0
20230309:0410,0.0,0.0,0.0,4.67,4.41,0.0
20230309:0510,0.0,3.59,3.54,4.59,4.28,0.0
20230309:0610,9.52,21.52,12.6,4.88,4.14,0.0
20230309:0710,71.13,94.14,20.83,6.36,3.45,0.0
20230309:0810,116.34,143.9,27.69,7.78,3.17,0.0
20230309:0910,98.89,125.51,32.55,8.82,4.0,0.0
20230309:1010,136.12,166.03,34.79,9.2,4.21,0.0
20230309:1110,142.27,173.22,34.06,9.77,3.79,0.0
20230309:1210,64.54,87.86,30.48,9.01,2.69,0.0
20230309:1310,66.28,89.65,24.57,8.41,2.0,0.0
20230309:1410,103.38,130.08,16.97,7.67,1.52,0.0
20230309:1510,23.6,40.12,8.27,6.5,1.72,0.0
20230309:1610,0.0,0.0,0.0,4.92,2.34,0.0
20230309:1710,0.0,0.0,0.0,3.37,2.9,0.0
20230309:1810,0.0,0.0,0.0,2.06,3.17,0.0
20230309:1910,0.0,0.0,0.0,1.09,4.07,0.0
20230309:2010,0.0,0.0,0.0,0.04,3.86,0.0
20230309:2110,0.0,0.0,0.0,-0.3,3.24,0.0
20230309:2210,0.0,0.0,0.0,-0.46,2.41,0.0
20230309:2310,0.0,0.0,0.0,-0.54,1.72,0.0
20230310:0010,0.0,0.0,0.0,-0.55,1.24,0.0
20230310:0110,0.0,0.0,0.0,-0.66,0.97,0.0
20230310:0210,0.0,0.0,0.0,-0.63,1.1,0.0
20230310:0310,0.0,0.0,0.0,-0.73,1.86,0.0
20230310:0410,0.0,0.0,0.0,-0.66,2.62,0.0
20230310:0510,0.0,2.69,3.88,-0.53,3.59,0.0
20230310:0610,74.84,96.1,12.95,0.05,3.79,0.0
20230310:0710,250.75,277.97,21.2,1.16,3.72,0.0
20230310:0810,153.12,179.24,28.07,2.82,3.86,0.0
20230310:0910,470.76,518.27,32.94,5.74,4.69,0.0
20230310:1010,857.29,975.63,35.18,9.07,5.38,0.0
20230310:1110,857.97,987.95,34.44,11.63,5.52,0.0
20230310:1210,749.16,861.87,30.83,12.87,4.97,0.0
20230310:1310,601.87,688.4,24.89,13.55,4.69,0.0
20230310:1410,390.4,451.34,17.26,13.52,4.14,0.0
20230310:1510,136.21,180.56,8.55,12.61,4.14,0.0
20230310:1610,0.0,0.0,0.0,11.09,4.55,0.0
20230310:1710,0.0,0.0,0.0,9.92,5.17,0.0
20230310:1810,0.0,0.0,0.0,9.36,5.45,0.0
20230310:1910,0.0,0.0,0.0,8.93,4.76,0.0
20230310:2010,0.0,0.0,0.0,8.33,4.48,0.0
20230310:2110,0.0,0.0,0.0,7.97,4.28,0.0
20230310:2210,0.0,0.0,0.0,7.53,4.0,0.0
20230310:2310,0.0,0.0,0.0,7.19,4.0,0.0
20230311:0010,0.0,0.0,0.0,6.6,3.93,0.0
20230311:0110,0.0,0.0,0.0,5.97,3.86,0.0
20230311:0210,0.0,0.0,0.0,5.55,3.86,0.0
20230311:0310,0.0,0.0,0.0,5.05,3.72,0.0
20230311:0410,0.0,0.0,0.0,4.87,3.59,0.0
20230311:0510,0.29,6.28,4.23,4.6,3.52,0.0
20230311:0610,54.47,75.53,13.31,5.49,3.59,0.0
20230311:0710,109.97,136.99,21.57,8.2,3.72,0.0
20230311:0810,251.55,288.98,28.46,9.74,4.62,0.0
20230311:0910,152.32,184.32,33.34,10.51,4.62,0.0
20230311:1010,167.83,201.53,35.58,10.7,3.86,0.0
20230311:1110,69.86,94.14,34.81,10.02,3.17,0.0
20230311:1210,51.88,73.51,31.18,9.03,3.72,0.0
20230311:1310,88.48,113.86,25.21,8.22,4.0,0.0
20230311:1410,8.74,20.62,17.55,7.64,4.48,0.0
20230311:1510,24.17,40.85,8.82,7.09,5.1,0.0
20230311:1610,0.0,0.0,0.0,6.24,5.52,0.0
20230311:1710,0.0,0.0,0.0,5.27,5.66,0.0
20230311:1810,0.0,0.0,0.0,4.5,5.45,0.0
20230311:1910,0.0,0.0,0.0,3.74,6.21,0.0
20230311:2010,0.0,0.0,0.0,1.58,7.24,0.0
20230311:2110,0.0,0.0,0.0,-0.23,6.34,0.0
20230311:2210,0.0,0.0,0.0,-0.64,5.93,0.0
20230311:2310,0.0,0.0,0.0,-0.91,5.52,0.0
20230312:0010,0.0,0.0,0.0,-1.03,5.72,0.0
20230312:0110,0.0,0.0,0.0,-1.12,6.34,0.0
20230312:0210,0.0,0.0,0.0,-1.25,6.76,0.0
20230312:0310,0.0,0.0,0.0,-1.52,6.48,0.0
20230312:0410,0.0,0.0,0.0,-1.92,6.07,0.0
20230312:0510,16.36,32.35,4.58,-2.35,5.38,0.0
20230312:0610,100.65,122.53,13.67,-1.92,4.62,0.0
20230312:0710,198.03,221.09,21.94,-0.7,6.76,0.0
20230312:0810,205.2,229.4,28.85,0.13,7.17,0.0
20230312:0910,250.15,276.09,33.74,0.75,7.1,0.0
20230312:1010,85.53,107.58,35.97,1.83,6.97,0.0
20230312:1110,345.64,375.86,35.19,2.23,7.24,0.0
20230312:1210,237.2,264.88,31.53,2.55,6.62,0.0
20230312:1310,471.66,508.07,25.52,2.7,6.41,0.0
20230312:1410,29.81,46.62,17.84,2.52,6.07,0.0
20230312:1510,36.88,55.26,9.09,1.99,5.52,0.0
20230312:1610,0.0,0.0,0.0,1.28,5.17,0.0
20230312:1710,0.0,0.0,0.0,0.51,4.76,0.0
20230312:1810,0.0,0.0,0.0,-0.07,4.34,0.0
20230312:1910,0.0,0.0,0.0,-0.47,3.93,0.0
20230312:2010,0.0,0.0,0.0,-1.03,3.45,0.0
20230312:2110,0.0,0.0,0.0,-1.56,2.97,0.0
20230312:2210,0.0,0.0,0.0,-1.87,2.9,0.0
20230312:2310,0.0,0.0,0.0,-2.07,2.76,0.0
20230313:0010,0.0,0.0,0.0,-2.39,2.55,0.0
20230313:0110,0.0,0.0,0.0,-2.57,2.34,0.0
20230313:0210,0.0,0.0,0.0,-2.47,2.69,0.0
20230313:0310,0.0,0.0,0.0,-2.21,2.69,0.0
20230313:0410,0.0,0.0,0.0,-1.83,2.76,0.0
20230313:0510,11.78,25.26,4.93,-1.27,3.17,0.0
20230313:0610,104.76,127.87,14.03,-0.14,3.66,0.0
20230313:0710,189.87,215.9,22.31,1.75,4.14,0.0
20230313:0810,210.31,237.76,29.24,2.39,4.48,0.0
20230313:0910,308.28,339.91,34.14,3.06,5.17,0.0
20230313:1010,154.61,181.22,36.37,3.2,4.76,0.0
20230313:1110,103.09,127.31,35.57,3.64,4.34,0.0
20230313:1210,152.12,179.77,31.88,4.9,4.69,0.0
20230313:1310,281.24,315.86,25.84,6.66,5.1,0.0
20230313:1410,419.23,469.84,18.13,7.73,4.97,0.0
20230313:1510,66.41,92.25,9.36,7.86,4.62,0.0
20230313:1610,0.0,0.0,0.0,7.26,4.9,0.0
20230313:1710,0.0,0.0,0.0,6.88,5.31,0.0
20230313:1810,0.0,0.0,0.0,6.39,5.52,0.0
20230313:1910,0.0,0.0,0.0,6.3,5.31,0.0
20230313:2010,0.0,0.0,0.0,6.2,5.17,0.0
20230313:2110,0.0,0.0,0.0,6.26,4.97,0.0
20230313:2210,0.0,0.0,0.0,5.87,4.48,0.0
20230313:2310,0.0,0.0,0.0,5.45,4.41,0.0
20230314:0010,0.0,0.0,0.0,5.44,4.62,0.0
20230314:0110,0.0,0.0,0.0,5.54,4.55,0.0
20230314:0210,0.0,0.0,0.0,5.24,4.48,0.0
20230314:0310,0.0,0.0,0.0,4.73,4.41,0.0
20230314:0410,0.0,0.0,0.0,3.97,4.48,0.0
20230314:0510,7.68,18.83,5.28,3.71,4.69,0.0
20230314:0610,184.47,215.76,14.39,4.43,5.03,0.0
20230314:0710,144.42,172.46,22.69,6.57,4.48,0.0
20230314:0810,531.33,590.68,29.62,8.5,5.1,0.0
20230314:0910,266.43,306.28,34.54,10.63,5.45,0.0
20230314:1010,632.07,717.08,36.77,12.32,5.86,0.0
20230314:1110,420.46,478.69,35.95,13.67,6.28,0.0
20230314:1210,558.78,635.29,32.23,14.47,6.69,0.0
20230314:1310,382.38,436.57,26.16,14.6,6.69,0.0
20230314:1410,137.24,170.08,18.42,14.38,6.97,0.0
20230314:1510,115.4,154.42,9.63,13.68,6.21,0.0
20230314:1610,0.0,0.0,0.0,12.51,5.93,0.0
20230314:1710,0.0,0.0,0.0,11.33,5.79,0.0
20230314:1810,0.0,0.0,0.0,10.35,5.66,0.0
20230314:1910,0.0,0.0,0.0,9.44,5.38,0.0
20230314:2010,0.0,0.0,0.0,8.87,5.17,0.0
20230314:2110,0.0,0.0,0.0,8.28,5.03,0.0
20230314:2210,0.0,0.0,0.0,7.47,4.97,0.0
20230314:2310,0.0,0.0,0.0,6.61,4.83,0.0
20230315:0010,0.0,0.0,0.0,5.99,4.55,0.0
20230315:0110,0.0,0.0,0.0,5.56,4.21,0.0
20230315:0210,0.0,0.0,0.0,5.27,3.93,0.0
20230315:0310,0.0,0.0,0.0,4.95,3.45,0.0
20230315:0410,0.0,0.0,0.0,4.87,3.17,0.0
20230315:0510,0.0,4.48,5.63,4.93,3.03,0.0
20230315:0610,46.6,66.5,14.75,4.98,2.83,0.0
20230315:0710,78.46,102.2,23.06,6.24,2.62,0.0
20230315:0810,104.14,130.89,30.01,7.57,2.21,0.0
20230315:0910,151.58,183.09,34.94,8.3,1.45,0.0
20230315:1010,185.43,220.38,37.17,8.61,1.1,0.0
20230315:1110,66.12,89.65,36.33,8.79,1.66,0.0
20230315:1210,61.34,84.27,32.58,9.0,2.62,0.0
20230315:1310,69.64,93.24,26.47,8.36,3.52,0.0
20230315:1410,18.27,33.17,18.71,6.02,4.76,0.0
20230315:1510,14.3,27.79,9.9,3.35,5.03,0.0
20230315:1610,0.0,0.0,0.0,1.71,5.24,0.0
20230315:1710,0.0,0.0,0.0,1.33,4.76,0.0
20230315:1810,0.0,0.0,0.0,1.19,4.41,0.0
20230315:1910,0.0,0.0,0.0,1.09,4.0,0.0
20230315:2010,0.0,0.0,0.0,1.05,3.72,0.0
20230315:2110,0.0,0.0,0.0,0.96,3.66,0.0
20230315:2210,0.0,0.0,0.0,0.94,3.59,0.0
20230315:2310,0.0,0.0,0.0,0.89,3.72,0.0
20230316:0010,0.0,0.0,0.0,0.82,3.66,0.0
20230316:0110,0.0,0.0,0.0,0.82,3.86,0.0
20230316:0210,0.0,0.0,0.0,0.77,3.93,0.0
20230316:0310,0.0,0.0,0.0,0.7,4.14,0.0
20230316:0410,0.0,0.0,0.0,0.62,4.21,0.0
20230316:0510,36.37,59.53,5.99,0.55,4.21,0.0
20230316:0610,67.65,88.37,15.11,0.85,4.55,0.0
20230316:0710,116.95,140.38,23.44,1.44,5.52,0.0
20230316:0810,105.72,129.1,30.41,2.04,5.59,0.0
20230316:0910,364.91,398.62,35.34,3.08,5.72,0.0
20230316:1010,301.38,334.36,37.56,4.12,5.72,0.0
20230316:1110,180.55,209.29,36.71,4.81,6.0,0.0
20230316:1210,98.22,122.82,32.93,5.38,5.86,0.0
20230316:1310,76.5,99.51,26.79,5.55,5.79,0.0
20230316:1410,50.39,70.83,19.0,5.7,5.52,0.0
20230316:1510,113.8,146.6,10.17,5.26,4.55,0.0
20230316:1610,0.0,0.0,0.0,4.07,3.59,0.0
20230316:1710,0.0,0.0,0.0,2.47,3.03,0.0
20230316:1810,0.0,0.0,0.0,1.38,2.9,0.0
20230316:1910,0.0,0.0,0.0,0.46,2.62,0.0
20230316:2010,0.0,0.0,0.0,-0.35,2.55,0.0
20230316:2110,0.0,0.0,0.0,-1.11,2.55,0.0
20230316:2210,0.0,0.0,0.0,-1.8,2.48,0.0
20230316:2310,0.0,0.0,0.0,-2.32,2.41,0.0
20230317:0010,0.0,0.0,0.0,-2.73,2.41,0.0
20230317:0110,0.0,0.0,0.0,-3.07,2.34,0.0
20230317:0210,0.0,0.0,0.0,-3.4,2.28,0.0
20230317:0310,0.0,0.0,0.0,-3.71,2.21,0.0
20230317:0410,0.0,0.0,0.0,-4.02,2.14,0.0
20230317:0510,76.69,114.59,6.34,-4.16,1.93,0.0
20230317:0610,324.53,363.11,15.47,-1.48,1.59,0.0
20230317:0710,579.27,639.08,23.81,1.45,2.07,0.0
20230317:0810,730.91,819.1,30.8,3.38,2.62,0.0
20230317:0910,871.57,992.97,35.74,4.49,3.24,0.0
20230317:1010,935.27,1081.42,37.96,5.23,3.17,0.0
20230317:1110,894.13,1031.6,37.09,5.8,3.1,0.0
20230317:1210,807.91,920.73,33.27,6.27,3.24,0.0
20230317:1310,651.32,730.05,27.1,6.42,3.31,0.0
20230317:1410,446.96,502.05,19.28,6.31,3.17,0.0
20230317:1510,162.66,205.95,10.44,5.83,2.41,0.0
20230317:1610,0.0,0.0,0.0,4.49,2.14,0.0
20230317:1710,0.0,0.0,0.0,2.78,2.34,0.0
20230317:1810,0.0,0.0,0.0,1.45,2.34,0.0
20230317:1910,0.0,0.0,0.0,0.7,2.21,0.0
20230317:2010,0.0,0.0,0.0,-0.55,2.28,0.0
20230317:2110,0.0,0.0,0.0,-1.55,2.41,0.0
20230317:2210,0.0,0.0,0.0,-2.16,2.28,0.0
20230317:2310,0.0,0.0,0.0,-2.65,2.07,0.0
20230318:0010,0.0,0.0,0.0,-2.93,1.86,0.0
20230318:0110,0.0,0.0,0.0,-2.96,1.66,0.0
20230318:0210,0.0,0.0,0.0,-3.31,1.72,0.0
20230318:0310,0.0,0.0,0.0,-3.58,2.07,0.0
20230318:0410,0.0,0.0,0.0,-3.46,2.28,0.0
20230318:0510,7.98,18.83,6.7,-3.08,2.21,0.0
20230318:0610,65.05,85.34,15.84,-0.31,1.93,0.0
20230318:0710,172.22,199.74,24.19,2.96,2.28,0.0
20230318:0810,220.46,252.0,31.19,4.95,3.17,0.0
20230318:0910,214.82,247.78,36.14,6.42,3.66,0.0
20230318:1010,193.88,227.21,38.36,8.07,4.0,0.0
20230318:1110,138.53,168.55,37.47,8.79,3.72,0.0
20230318:1210,121.51,150.62,33.62,9.52,3.59,0.0
20230318:1310,193.38,227.88,27.42,9.86,3.45,0.0
20230318:1410,160.38,192.65,19.57,9.79,3.31,0.0
20230318:1510,90.67,121.27,10.71,9.32,2.97,0.0
20230318:1610,0.0,0.0,0.0,8.17,2.48,0.0
20230318:1710,0.0,0.0,0.0,6.73,2.76,0.0
20230318:1810,0.0,0.0,0.0,6.02,2.9,0.0
20230318:1910,0.0,0.0,0.0,5.05,3.03,0.0
20230318:2010,0.0,0.0,0.0,4.37,2.97,0.0
20230318:2110,0.0,0.0,0.0,3.78,2.97,0.0
20230318:2210,0.0,0.0,0.0,3.26,2.9,0.0
20230318:2310,0.0,0.0,0.0,2.86,2.83,0.0
20230319:0010,0.0,0.0,0.0,2.52,2.76,0.0
20230319:0110,0.0,0.0,0.0,2.18,2.69,0.0
20230319:0210,0.0,0.0,0.0,1.74,2.69,0.0
20230319:0310,0.0,0.0,0.0,1.44,2.62,0.0
20230319:0410,0.0,0.0,0.0,1.03,2.62,0.0
20230319:0510,23.89,40.63,7.05,1.08,2.55,0.0
20230319:0610,267.26,303.92,16.2,2.41,2.55,0.0
20230319:0710,524.22,578.75,24.57,4.72,3.45,0.0
20230319:0810,703.6,786.53,31.58,6.31,4.0,0.0
20230319:0910,776.67,883.3,36.54,7.56,3.79,0.0
20230319:1010,713.96,814.63,38.76,8.61,3.52,0.0
20230319:1110,751.94,866.08,37.85,9.36,3.31,0.0
20230319:1210,625.2,713.47,33.97,9.95,3.17,0.0
20230319:1310,495.48,561.76,27.73,10.09,3.03,0.0
20230319:1410,414.38,474.26,19.85,10.02,2.9,0.0
20230319:1510,165.12,212.59,10.97,9.56,2.48,0.0
20230319:1610,0.0,0.0,0.0,8.23,2.34,0.0
20230319:1710,0.0,0.0,0.0,6.21,2.62,0.0
20230319:1810,0.0,0.0,0.0,4.9,2.69,0.0
20230319:1910,0.0,0.0,0.0,4.25,2.97,0.0
20230319:2010,0.0,0.0,0.0,3.57,3.1,0.0
20230319:2110,0.0,0.0,0.0,3.04,3.03,0.0
20230319:2210,0.0,0.0,0.0,2.52,2.9,0.0
20230319:2310,0.0,0.0,0.0,2.06,2.9,0.0
20230320:0010,0.0,0.0,0.0,1.72,2.83,0.0
20230320:0110,0.0,0.0,0.0,1.5,2.76,0.0
20230320:0210,0.0,0.0,0.0,1.23,2.76,0.0
20230320:0310,0.0,0.0,0.0,0.97,2.76,0.0
20230320:0410,0.0,0.0,0.0,0.72,2.83,0.0
20230320:0510,43.7,67.09,7.41,0.95,2.83,0.0
20230320:0610,88.56,111.53,16.57,2.23,2.83,0.0
20230320:0710,231.08,261.82,24.95,4.03,3.03,0.0
20230320:0810,346.89,387.46,31.97,5.75,3.03,0.0
20230320:0910,684.89,778.73,36.95,7.7,3.03,0.0
20230320:1010,816.9,951.29,39.16,9.12,2.97,0.0
20230320:1110,759.89,885.06,38.22,10.4,2.9,0.0
20230320:1210,700.33,812.27,34.31,11.43,2.97,0.0
20230320:1310,604.37,696.99,28.04,12.07,2.83,0.0
20230320:1410,406.22,471.2,20.14,12.48,2.62,0.0
20230320:1510,154.94,202.56,11.24,12.23,1.79,0.0
20230320:1610,0.0,1.79,1.84,11.13,1.59,0.0
20230320:1710,0.0,0.0,0.0,8.87,1.86,0.0
20230320:1810,0.0,0.0,0.0,6.79,2.14,0.0
20230320:1910,0.0,0.0,0.0,5.26,2.07,0.0
20230320:2010,0.0,0.0,0.0,4.5,2.14,0.0
20230320:2110,0.0,0.0,0.0,4.14,2.28,0.0
20230320:2210,0.0,0.0,0.0,4.42,2.41,0.0
20230320:2310,0.0,0.0,0.0,4.66,2.55,0.0
20230321:0010,0.0,0.0,0.0,4.53,2.69,0.0
20230321:0110,0.0,0.0,0.0,4.39,2.62,0.0
20230321:0210,0.0,0.0,0.0,4.25,2.55,0.0
20230321:0310,0.0,0.0,0.0,4.14,2.55,0.0
20230321:0410,0.0,0.0,0.0,3.82,2.69,0.0
20230321:0510,3.57,12.55,7.76,3.98,2.55,0.0
20230321:0610,70.4,93.2,16.93,5.58,2.41,0.0
20230321:0710,0.0,0.0,0.0,8.15,2.69,0.0
20230321:0810,0.0,0.0,0.0,10.12,3.66,0.0
20230321:0910,90.27,117.44,37.35,11.42,3.24,0.0
20230321:1010,101.41,130.0,39.56,11.88,3.38,0.0
20230321:1110,104.76,133.58,38.6,11.81,3.86,0.0
20230321:1210,398.77,452.07,34.65,11.2,4.55,0.0
20230321:1310,252.16,291.75,28.35,10.95,4.14,0.0
20230321:1410,97.22,124.68,20.42,10.72,3.38,0.0
20230321:1510,69.58,96.16,11.5,10.27,2.76,0.0
20230321:1610,0.0,0.9,2.1,9.39,1.79,0.0
20230321:1710,0.0,0.0,0.0,8.07,1.79,0.0
20230321:1810,0.0,0.0,0.0,6.92,1.79,0.0
20230321:1910,0.0,0.0,0.0,5.88,1.86,0.0
20230321:2010,0.0,0.0,0.0,5.17,1.66,0.0
20230321:2110,0.0,0.0,0.0,4.51,1.38,0.0
20230321:2210,0.0,0.0,0.0,4.54,1.1,0.0
20230321:2310,0.0,0.0,0.0,4.35,0.97,0.0
20230322:0010,0.0,0.0,0.0,4.03,0.9,0.0
20230322:0110,0.0,0.0,0.0,4.18,0.48,0.0
20230322:0210,0.0,0.0,0.0,3.85,0.21,0.0
20230322:0310,0.0,0.0,0.0,3.9,0.48,0.0
20230322:0410,0.0,0.0,0.0,3.43,0.48,0.0
20230322:0510,26.95,44.49,8.12,3.24,0.41,0.0
20230322:0610,106.73,132.73,17.3,4.46,0.62,0.0
20230322:0710,0.0,0.0,0.0,7.14,1.24,0.0
20230322:0810,329.26,375.97,32.76,8.75,1.86,0.0
20230322:0910,796.2,935.45,37.75,10.0,2.41,0.0
20230322:1010,601.44,692.92,39.96,10.96,2.76,0.0
20230322:1110,705.74,823.22,38.98,11.65,2.83,0.0
20230322:1210,741.35,868.99,35.0,12.1,2.76,0.0
20230322:1310,566.15,652.7,28.66,12.36,2.76,0.0
20230322:1410,136.66,168.98,20.7,12.02,2.34,0.0
20230322:1510,170.97,222.03,11.77,11.6,1.79,0.0
20230322:1610,0.0,1.79,2.35,10.69,1.86,0.0
20230322:1710,0.0,0.0,0.0,9.05,2.14,0.0
20230322:1810,0.0,0.0,0.0,8.19,2.07,0.0
20230322:1910,0.0,0.0,0.0,7.72,2.28,0.0
20230322:2010,0.0,0.0,0.0,6.82,2.34,0.0
20230322:2110,0.0,0.0,0.0,6.34,2.41,0.0
20230322:2210,0.0,0.0,0.0,6.02,2.41,0.0
20230322:2310,0.0,0.0,0.0,5.88,2.55,0.0
20230323:0010,0.0,0.0,0.0,5.99,2.76,0.0
20230323:0110,0.0,0.0,0.0,6.26,2.69,0.0
20230323:0210,0.0,0.0,0.0,6.46,2.41,0.0
20230323:0310,0.0,0.0,0.0,6.46,2.34,0.0
20230323:0410,0.0,0.0,0.0,6.52,2.48,0.0
20230323:0510,1.07,8.07,8.48,6.83,2.69,0.0
20230323:0610,309.44,358.41,17.66,8.06,2.69,0.0
20230323:0710,443.61,501.96,26.08,10.04,3.38,0.0
20230323:0810,524.06,597.0,33.15,11.92,3.86,0.0
20230323:0910,448.93,515.82,38.15,13.63,4.0,0.0
20230323:1010,630.12,732.94,40.35,14.88,4.14,0.0
20230323:1110,776.64,917.85,39.35,16.09,4.41,0.0
20230323:1210,688.68,806.84,35.34,16.59,4.55,0.0
20230323:1310,439.8,510.32,28.96,16.74,4.48,0.0
20230323:1410,228.84,274.28,20.98,16.61,4.28,0.0
20230323:1510,42.1,64.33,12.03,15.96,3.72,0.0
20230323:1610,0.22,6.28,2.61,14.6,3.52,0.0
20230323:1710,0.0,0.0,0.0,12.84,3.59,0.0
20230323:1810,0.0,0.0,0.0,11.86,3.79,0.0
20230323:1910,0.0,0.0,0.0,11.61,3.72,0.0
20230323:2010,0.0,0.0,0.0,11.18,3.93,0.0
20230323:2110,0.0,0.0,0.0,11.25,4.21,0.0
20230323:2210,0.0,0.0,0.0,11.54,4.28,0.0
20230323:2310,0.0,0.0,0.0,11.31,3.93,0.0
20230324:0010,0.0,0.0,0.0,10.94,3.72,0.0
20230324:0110,0.0,0.0,0.0,10.3,3.52,0.0
20230324:0210,0.0,0.0,0.0,10.19,3.38,0.0
20230324:0310,0.0,0.0,0.0,10.42,3.31,0.0
20230324:0410,0.0,0.0,0.0,10.59,3.31,0.0
20230324:0510,2.4,10.76,8.83,10.79,3.1,0.0
20230324:0610,20.53,36.76,18.02,11.4,2.9,0.0
20230324:0710,181.85,218.67,26.46,13.11,3.24,0.0
20230324:0810,252.33,297.74,33.54,14.45,3.31,0.0
20230324:0910,138.78,173.93,38.55,15.61,3.31,0.0
20230324:1010,264.25,314.58,40.75,16.5,3.31,0.0
20230324:1110,361.61,425.44,39.73,17.39,3.66,0.0
20230324:1210,267.36,318.69,35.68,17.85,4.0,0.0
20230324:1310,107.44,139.79,29.27,17.44,3.72,0.0
20230324:1410,56.8,81.58,21.26,16.6,3.1,0.0
20230324:1510,61.07,87.66,12.29,15.86,2.62,0.0
20230324:1610,0.59,7.17,2.86,15.15,2.76,0.0
20230324:1710,0.0,0.0,0.0,14.45,3.1,0.0
20230324:1810,0.0,0.0,0.0,13.76,3.45,0.0
20230324:1910,0.0,0.0,0.0,13.81,3.93,0.0
20230324:2010,0.0,0.0,0.0,13.65,4.14,0.0
20230324:2110,0.0,0.0,0.0,13.52,4.0,0.0
20230324:2210,0.0,0.0,0.0,13.42,4.07,0.0
20230324:2310,0.0,0.0,0.0,13.29,4.55,0.0
20230325:0010,0.0,0.0,0.0,12.36,4.34,0.0
20230325:0110,0.0,0.0,0.0,11.37,3.72,0.0
20230325:0210,0.0,0.0,0.0,10.69,3.38,0.0
20230325:0310,0.0,0.0,0.0,10.2,3.17,0.0
20230325:0410,0.0,0.0,0.0,9.98,3.03,0.0
20230325:0510,1.93,9.86,9.19,10.07,2.97,0.0
20230325:0610,17.83,33.17,18.39,10.46,2.9,0.0
20230325:0710,48.34,69.93,26.83,10.55,3.24,0.0
20230325:0810,52.92,75.31,33.93,10.89,2.76,0.0
20230325:0910,123.28,154.2,38.95,11.97,3.24,0.0
20230325:1010,159.88,195.38,41.15,12.72,2.41,0.0
20230325:1110,78.25,104.89,40.1,12.79,1.59,0.0
20230325:1210,131.46,164.06,36.02,12.42,1.66,0.0
20230325:1310,93.68,121.93,29.58,12.13,1.45,0.0
20230325:1410,40.29,60.96,21.54,11.8,1.38,0.0
20230325:1510,10.41,23.31,12.55,11.46,1.17,0.0
20230325:1610,0.0,1.79,3.12,10.93,1.66,0.0
20230325:1710,0.0,0.0,0.0,10.37,2.0,0.0
20230325:1810,0.0,0.0,0.0,9.95,2.07,0.0
20230325:1910,0.0,0.0,0.0,9.44,2.14,0.0
20230325:2010,0.0,0.0,0.0,8.66,2.34,0.0
20230325:2110,0.0,0.0,0.0,7.97,2.69,0.0
20230325:2210,0.0,0.0,0.0,7.32,2.76,0.0
20230325:2310,0.0,0.0,0.0,7.02,2.9,0.0
20230326:0010,0.0,0.0,0.0,6.52,3.1,0.0
20230326:0110,0.0,0.0,0.0,6.37,3.31,0.0
20230326:0210,0.0,0.0,0.0,6.4,3.24,0.0
20230326:0310,0.0,0.0,0.0,6.32,3.1,0.0
20230326:0410,0.0,0.0,0.0,6.24,3.03,0.0
20230326:0510,46.48,69.2,9.54,6.31,2.97,0.0
20230326:0610,16.07,30.48,18.75,7.05,3.86,0.0
20230326:0710,557.08,621.14,27.21,8.22,4.69,0.0
20230326:0810,708.71,803.65,34.32,9.33,4.21,0.0
20230326:0910,424.82,481.48,39.35,10.44,4.0,0.0
20230326:1010,336.02,384.88,41.54,11.38,4.34,0.0
20230326:1110,551.38,626.78,40.47,11.9,4.83,0.0
20230326:1210,431.04,489.38,36.36,11.97,4.9,0.0
20230326:1310,393.04,445.43,29.88,11.93,5.45,0.0
20230326:1410,128.23,158.57,21.81,11.35,5.52,0.0
20230326:1510,179.87,230.03,12.81,10.53,4.62,0.0
20230326:1610,0.0,5.38,3.37,9.33,4.48,0.0
20230326:1710,0.0,0.0,0.0,8.22,3.38,0.0
20230326:1810,0.0,0.0,0.0,7.71,3.03,0.0
20230326:1910,0.0,0.0,0.0,6.62,2.55,0.0
20230326:2010,0.0,0.0,0.0,5.71,2.76,0.0
20230326:2110,0.0,0.0,0.0,5.56,2.62,0.0
20230326:2210,0.0,0.0,0.0,5.04,2.55,0.0
20230326:2310,0.0,0.0,0.0,4.32,2.69,0.0
20230327:0010,0.0,0.0,0.0,3.92,2.62,0.0
20230327:0110,0.0,0.0,0.0,3.51,2.55,0.0
20230327:0210,0.0,0.0,0.0,3.2,2.41,0.0
20230327:0310,0.0,0.0,0.0,2.83,2.34,0.0
20230327:0410,0.0,0.0,0.0,2.54,2.21,0.0
20230327:0510,8.97,20.62,9.9,2.97,1.72,0.0
20230327:0610,27.12,43.93,19.11,4.97,1.52,0.0
20230327:0710,89.3,114.76,27.58,7.63,2.07,0.0
20230327:0810,191.69,227.18,34.71,9.3,1.79,0.0
20230327:0910,388.4,446.59,39.75,10.71,2.0,0.0
20230327:1010,218.89,259.64,41.94,11.96,2.34,0.0
20230327:1110,197.86,237.26,40.85,12.86,2.55,0.0
20230327:1210,434.89,501.42,36.69,13.14,2.97,0.0
20230327:1310,84.96,112.07,30.18,12.56,3.31,0.0
20230327:1410,77.1,102.93,22.09,11.76,3.1,0.0
20230327:1510,11.11,24.21,13.07,10.61,3.1,0.0
20230327:1610,0.0,2.69,3.62,9.32,2.83,0.0
20230327:1710,0.0,0.0,0.0,8.02,2.21,0.0
20230327:1810,0.0,0.0,0.0,7.72,2.28,0.0
20230327:1910,0.0,0.0,0.0,7.2,1.38,0.0
20230327:2010,0.0,0.0,0.0,6.95,0.9,0.0
20230327:2110,0.0,0.0,0.0,6.91,0.83,0.0
20230327:2210,0.0,0.0,0.0,5.45,3.79,0.0
20230327:2310,0.0,0.0,0.0,2.85,6.48,0.0
20230328:0010,0.0,0.0,0.0,1.33,7.45,0.0
20230328:0110,0.0,0.0,0.0,0.71,7.38,0.0
20230328:0210,0.0,0.0,0.0,0.14,7.38,0.0
20230328:0310,0.0,0.0,0.0,-0.57,7.03,0.0
20230328:0410,0.0,0.0,0.0,-1.11,6.83,0.0
20230328:0510,6.05,16.14,10.25,-1.59,7.03,0.0
20230328:0610,23.54,38.55,19.47,-1.84,6.9,0.0
20230328:0710,61.55,80.69,27.96,-1.98,7.31,0.0
20230328:0810,104.27,125.51,35.1,-1.67,7.52,0.0
20230328:0910,159.08,181.99,40.15,-1.18,7.93,0.0
20230328:1010,219.05,243.54,42.33,-0.47,8.34,0.0
20230328:1110,346.26,373.55,41.22,0.35,8.48,0.0
20230328:1210,423.59,453.45,37.03,0.78,7.93,0.0
20230328:1310,298.53,325.68,30.48,1.38,7.66,0.0
20230328:1410,185.22,210.88,22.36,1.61,7.03,0.0
20230328:1510,55.16,75.34,13.33,1.65,5.93,0.0
20230328:1610,1.14,8.07,3.88,1.37,5.1,0.0
20230328:1710,0.0,0.0,0.0,0.85,4.9,0.0
20230328:1810,0.0,0.0,0.0,0.41,5.03,0.0
20230328:1910,0.0,0.0,0.0,-0.34,5.17,0.0
20230328:2010,0.0,0.0,0.0,-0.89,5.31,0.0
20230328:2110,0.0,0.0,0.0,-1.37,5.52,0.0
20230328:2210,0.0,0.0,0.0,-1.91,5.59,0.0
20230328:2310,0.0,0.0,0.0,-2.45,5.79,0.0
20230329:0010,0.0,0.0,0.0,-3.13,5.86,0.0
20230329:0110,0.0,0.0,0.0,-3.64,5.79,0.0
20230329:0210,0.0,0.0,0.0,-4.02,5.72,0.0
20230329:0310,0.0,0.0,0.0,-4.27,5.66,0.0
20230329:0410,0.0,0.0,0.0,-4.11,5.79,0.0
20230329:0510,4.34,13.45,10.61,-3.74,5.93,0.0
20230329:0610,45.95,63.65,19.84,-2.91,6.07,0.0
20230329:0710,113.63,135.38,28.33,-1.19,8.14,0.0
20230329:0810,283.62,308.68,35.49,-0.35,7.86,0.0
20230329:0910,127.63,150.62,40.55,0.01,7.1,0.0
20230329:1010,256.75,283.59,42.73,0.54,6.9,0.0
20230329:1110,184.15,209.69,41.58,1.0,6.76,0.0
20230329:1210,358.27,388.49,37.36,1.35,6.62,0.0
20230329:1310,293.82,322.36,30.78,1.97,6.69,0.0
20230329:1410,400.56,437.63,22.63,2.76,6.41,0.0
20230329:1510,156.21,192.6,13.58,3.34,5.24,0.0
20230329:1610,6.6,18.2,4.13,2.8,4.14,0.0
20230329:1710,0.0,0.0,0.0,1.37,3.59,0.0
20230329:1810,0.0,0.0,0.0,0.23,3.1,0.0
20230329:1910,0.0,0.0,0.0,-0.43,2.69,0.0
20230329:2010,0.0,0.0,0.0,-1.25,2.48,0.0
20230329:2110,0.0,0.0,0.0,-1.97,2.41,0.0
20230329:2210,0.0,0.0,0.0,-2.53,2.34,0.0
20230329:2310,0.0,0.0,0.0,-2.98,2.41,0.0
20230330:0010,0.0,0.0,0.0,-3.31,2.28,0.0
20230330:0110,0.0,0.0,0.0,-3.76,2.14,0.0
20230330:0210,0.0,0.0,0.0,-4.16,2.07,0.0
20230330:0310,0.0,0.0,0.0,-4.37,2.14,0.0
20230330:0410,0.0,0.0,0.0,-4.4,2.21,0.0
20230330:0510,134.42,180.19,10.96,-3.25,1.93,0.0
20230330:0610,359.44,400.44,20.19,0.37,2.21,0.0
20230330:0710,620.57,686.82,28.7,3.38,2.97,0.0
20230330:0810,554.24,614.68,35.88,5.52,3.66,0.0
20230330:0910,864.17,985.88,40.95,7.22,4.28,0.0
20230330:1010,914.69,1053.68,43.12,8.35,4.55,0.0
20230330:1110,895.43,1030.85,41.95,9.18,4.76,0.0
20230330:1210,624.7,704.48,37.69,9.77,4.76,0.0
20230330:1310,300.29,341.88,31.08,9.72,4.69,0.0
20230330:1410,115.81,144.11,22.91,9.38,4.34,0.0
20230330:1510,51.83,73.7,13.84,8.85,3.31,0.0
20230330:1610,2.45,10.76,4.38,8.09,2.83,0.0
20230330:1710,0.0,0.0,0.0,7.33,2.9,0.0
20230330:1810,0.0,0.0,0.0,6.66,3.1,0.0
20230330:1910,0.0,0.0,0.0,6.03,2.97,0.0
20230330:2010,0.0,0.0,0.0,4.84,2.97,0.0
20230330:2110,0.0,0.0,0.0,4.71,2.69,0.0
20230330:2210,0.0,0.0,0.0,4.76,2.76,0.0
20230330:2310,0.0,0.0,0.0,4.81,3.03,0.0
20230331:0010,0.0,0.0,0.0,4.82,3.31,0.0
20230331:0110,0.0,0.0,0.0,4.6,3.38,0.0
20230331:0210,0.0,0.0,0.0,4.54,3.45,0.0
20230331:0310,0.0,0.0,0.0,4.67,3.52,0.0
20230331:0410,0.0,0.83,1.81,4.81,3.59,0.0
20230331:0510,21.26,36.76,11.31,4.79,3.66,0.0
20230331:0610,33.96,52.0,20.55,5.16,3.66,0.0
20230331:0710,54.18,75.31,29.07,6.25,3.59,0.0
20230331:0810,124.51,152.41,36.26,7.14,3.31,0.0
20230331:0910,102.75,129.1,41.34,7.82,4.62,0.0
20230331:1010,117.09,145.24,43.51,8.97,4.83,0.0
20230331:1110,206.57,243.22,42.32,10.5,4.41,0.0
20230331:1210,277.69,321.03,38.02,11.57,4.48,0.0
20230331:1310,347.51,397.63,31.37,12.48,4.76,0.0
20230331:1410,270.8,315.82,23.17,12.85,4.62,0.0
20230331:1510,101.16,133.75,14.09,12.48,3.31,0.0
20230331:1610,8.58,21.56,4.63,11.65,2.76,0.0
20230331:1710,0.0,0.0,0.0,9.82,2.83,0.0
20230331:1810,0.0,0.0,0.0,8.56,2.97,0.0
20230331:1910,0.0,0.0,0.0,7.78,2.83,0.0
20230331:2010,0.0,0.0,0.0,7.44,2.97,0.0
20230331:2110,0.0,0.0,0.0,7.16,3.03,0.0
20230331:2210,0.0,0.0,0.0,6.77,3.03,0.0
20230331:2310,0.0,0.0,0.0,6.38,2.97,0.0
20230401:0010,0.0,0.0,0.0,5.96,2.97,0.0
20230401:0110,0.0,0.0,0.0,5.56,3.03,0.0
20230401:0210,0.0,0.0,0.0,5.43,2.83,0.0
20230401:0310,0.0,0.0,0.0,5.23,2.9,0.0
20230401:0410,0.0,0.83,2.16,5.33,3.17,0.0
20230401:0510,3.0,11.65,11.66,5.78,3.31,0.0
20230401:0610,18.93,34.07,20.91,6.43,3.38,0.0
20230401:0710,35.11,53.79,29.44,7.26,2.83,0.0
20230401:0810,134.0,163.17,36.65,7.79,2.97,0.0
20230401:0910,101.3,128.2,41.74,8.69,3.17,0.0
20230401:1010,176.96,210.54,43.9,9.17,3.31,0.0
20230401:1110,97.44,124.62,42.68,10.08,3.72,0.0
20230401:1210,290.61,335.35,38.35,10.83,3.24,0.0
20230401:1310,48.86,70.83,31.67,11.55,2.76,0.0
20230401:1410,61.18,85.17,23.44,12.08,2.28,0.0
20230401:1510,48.43,70.87,14.34,12.32,1.66,0.0
20230401:1610,7.36,19.28,4.87,11.41,2.0,0.0
20230401:1710,0.0,0.0,0.0,9.58,2.21,0.0
20230401:1810,0.0,0.0,0.0,8.59,1.93,0.0
20230401:1910,0.0,0.0,0.0,7.13,2.14,0.0
20230401:2010,0.0,0.0,0.0,6.46,2.0,0.0
20230401:2110,0.0,0.0,0.0,5.71,2.0,0.0
20230401:2210,0.0,0.0,0.0,4.9,2.14,0.0
20230401:2310,0.0,0.0,0.0,4.2,2.14,0.0
20230402:0010,0.0,0.0,0.0,3.8,2.21,0.0
20230402:0110,0.0,0.0,0.0,3.1,2.14,0.0
20230402:0210,0.0,0.0,0.0,2.82,2.0,0.0
20230402:0310,0.0,0.0,0.0,2.39,1.86,0.0
20230402:0410,0.0,1.65,2.51,2.52,1.72,0.0
20230402:0510,12.18,25.1,12.01,4.14,1.38,0.0
20230402:0610,124.77,152.49,21.26,6.24,2.34,0.0
20230402:0710,137.85,167.72,29.81,7.68,1.31,0.0
20230402:0810,286.34,331.44,37.03,9.59,1.45,0.0
20230402:0910,210.26,250.0,42.13,11.0,1.38,0.0
20230402:1010,125.48,156.89,44.28,11.65,1.72,0.0
20230402:1110,163.87,199.76,43.05,12.54,2.21,0.0
20230402:1210,99.16,128.2,38.68,12.87,2.48,0.0
20230402:1310,88.96,116.55,31.96,12.55,3.17,0.0
20230402:1410,48.99,70.83,23.71,11.17,3.66,0.0
20230402:1510,23.57,40.34,14.6,9.95,4.76,0.0
20230402:1610,0.0,4.48,5.12,8.91,4.48,0.0
20230402:1710,0.0,0.0,0.0,8.02,4.21,0.0
20230402:1810,0.0,0.0,0.0,7.4,4.07,0.0
20230402:1910,0.0,0.0,0.0,5.92,4.0,0.0
20230402:2010,0.0,0.0,0.0,5.48,3.93,0.0
20230402:2110,0.0,0.0,0.0,5.08,3.93,0.0
20230402:2210,0.0,0.0,0.0,4.65,3.79,0.0
20230402:2310,0.0,0.0,0.0,4.19,3.66,0.0
20230403:0010,0.0,0.0,0.0,3.76,3.38,0.0
20230403:0110,0.0,0.0,0.0,3.29,4.07,0.0
20230403:0210,0.0,0.0,0.0,2.87,4.28,0.0
20230403:0310,0.0,0.0,0.0,2.33,4.48,0.0
20230403:0410,0.0,1.65,2.86,1.66,4.48,0.0
20230403:0510,3.65,12.55,12.35,1.12,4.55,0.0
20230403:0610,51.6,70.83,21.62,0.84,5.24,0.0
20230403:0710,64.75,85.17,30.18,0.93,4.62,0.0
20230403:0810,118.1,141.65,37.41,1.09,4.83,0.0
20230403:0910,99.2,121.93,42.52,1.25,4.76,0.0
20230403:1010,86.37,108.48,44.67,1.48,4.76,0.0
20230403:1110,55.46,75.31,43.41,1.64,4.69,0.0
20230403:1210,57.86,78.0,39.01,1.86,4.55,0.0
20230403:1310,56.22,76.2,32.25,1.8,4.28,0.0
20230403:1410,26.08,42.14,23.97,1.88,4.62,0.0
20230403:1510,31.46,48.41,14.85,1.61,3.79,0.0
20230403:1610,0.0,5.38,5.37,1.28,3.59,0.0
20230403:1710,0.0,0.0,0.0,0.84,4.21,0.0
20230403:1810,0.0,0.0,0.0,0.53,3.93,0.0
20230403:1910,0.0,0.0,0.0,0.11,3.59,0.0
20230403:2010,0.0,0.0,0.0,-0.12,3.24,0.0
20230403:2110,0.0,0.0,0.0,-0.42,3.24,0.0
20230403:2210,0.0,0.0,0.0,-0.69,3.38,0.0
20230403:2310,0.0,0.0,0.0,-1.03,3.31,0.0
20230404:0010,0.0,0.0,0.0,-1.26,3.31,0.0
20230404:0110,0.0,0.0,0.0,-1.46,3.24,0.0
20230404:0210,0.0,0.0,0.0,-1.84,3.03,0.0
20230404:0310,0.0,0.0,0.0,-1.97,2.83,0.0
20230404:0410,0.0,3.31,3.2,-2.41,2.69,0.0
20230404:0510,109.41,140.86,12.7,-2.26,2.55,0.0
20230404:0610,224.47,251.05,21.97,-1.48,3.1,0.0
20230404:0710,355.2,384.45,30.54,-0.66,3.86,0.0
20230404:0810,178.14,203.84,37.79,0.38,3.52,0.0
20230404:0910,149.5,174.82,42.91,1.12,3.24,0.0
20230404:1010,132.94,157.79,45.06,1.54,3.17,0.0
20230404:1110,207.47,236.04,43.77,1.91,3.24,0.0
20230404:1210,162.19,188.97,39.33,2.3,3.24,0.0
20230404:1310,243.91,273.55,32.54,2.19,3.38,0.0
20230404:1410,173.98,200.88,24.24,2.25,3.72,0.0
20230404:1510,44.81,63.65,15.1,1.97,3.93,0.0
20230404:1610,1.13,8.07,5.61,1.61,3.45,0.0
20230404:1710,0.0,0.0,0.0,0.96,2.97,0.0
20230404:1810,0.0,0.0,0.0,0.64,2.76,0.0
20230404:1910,0.0,0.0,0.0,-0.3,2.83,0.0
20230404:2010,0.0,0.0,0.0,-0.54,2.62,0.0
20230404:2110,0.0,0.0,0.0,-0.83,2.62,0.0
20230404:2210,0.0,0.0,0.0,-1.13,2.55,0.0
20230404:2310,0.0,0.0,0.0,-1.31,2.69,0.0
20230405:0010,0.0,0.0,0.0,-1.46,2.9,0.0
20230405:0110,0.0,0.0,0.0,-1.68,2.83,0.0
20230405:0210,0.0,0.0,0.0,-1.86,2.83,0.0
20230405:0310,0.0,0.0,0.0,-2.04,3.03,0.0
20230405:0410,3.63,12.4,3.54,-2.01,3.17,0.0
20230405:0510,62.82,83.67,13.04,-1.74,2.9,0.0
20230405:0610,78.79,99.51,22.32,-1.01,3.66,0.0
20230405:0710,244.0,270.71,30.9,0.52,4.69,0.0
20230405:0810,747.7,815.4,38.17,1.87,4.97,0.0
20230405:0910,659.16,721.21,43.3,2.77,4.76,0.0
20230405:1010,660.94,727.21,45.44,3.74,4.76,0.0
20230405:1110,415.79,458.13,44.13,4.33,4.55,0.0
20230405:1210,185.96,215.29,39.65,4.61,4.69,0.0
20230405:1310,166.24,194.09,32.82,4.2,4.62,0.0
20230405:1410,120.11,145.47,24.5,4.07,4.76,0.0
20230405:1510,40.55,59.17,15.34,3.32,3.86,0.0
20230405:1610,17.78,40.97,5.86,2.71,3.86,0.0
20230405:1710,0.0,0.0,0.0,1.96,3.86,0.0
20230405:1810,0.0,0.0,0.0,1.66,4.07,0.0
20230405:1910,0.0,0.0,0.0,0.89,4.28,0.0
20230405:2010,0.0,0.0,0.0,0.82,4.48,0.0
20230405:2110,0.0,0.0,0.0,0.73,4.48,0.0
20230405:2210,0.0,0.0,0.0,0.65,4.69,0.0
20230405:2310,0.0,0.0,0.0,0.63,4.76,0.0
20230406:0010,0.0,0.0,0.0,0.64,4.62,0.0
20230406:0110,0.0,0.0,0.0,0.74,4.48,0.0
20230406:0210,0.0,0.0,0.0,0.86,4.69,0.0
20230406:0310,0.0,0.0,0.0,1.05,4.83,0.0
20230406:0410,0.0,2.48,3.88,1.33,4.76,0.0
20230406:0510,4.75,14.34,13.38,1.71,4.48,0.0
20230406:0610,19.35,34.07,22.67,2.32,4.14,0.0
20230406:0710,37.32,55.58,31.26,3.73,3.79,0.0
20230406:0810,115.76,141.65,38.54,5.2,4.34,0.0
20230406:0910,64.77,86.96,43.68,6.22,5.31,0.0
20230406:1010,90.6,115.65,45.82,7.44,5.52,0.0
20230406:1110,68.08,91.45,44.48,8.46,4.9,0.0
20230406:1210,32.65,51.1,39.97,8.48,4.0,0.0
20230406:1310,80.91,105.79,33.11,8.68,3.79,0.0
20230406:1410,31.77,50.21,24.76,9.23,3.86,0.0
20230406:1510,22.94,39.45,15.59,9.09,3.79,0.0
20230406:1610,18.82,41.68,6.1,8.93,3.72,0.0
20230406:1710,0.0,0.0,0.0,8.74,3.66,0.0
20230406:1810,0.0,0.0,0.0,8.59,3.59,0.0
20230406:1910,0.0,0.0,0.0,8.1,2.97,0.0
20230406:2010,0.0,0.0,0.0,7.83,2.76,0.0
20230406:2110,0.0,0.0,0.0,7.64,2.55,0.0
20230406:2210,0.0,0.0,0.0,7.55,2.55,0.0
20230406:2310,0.0,0.0,0.0,7.3,2.9,0.0
20230407:0010,0.0,0.0,0.0,6.82,3.24,0.0
20230407:0110,0.0,0.0,0.0,6.15,3.38,0.0
20230407:0210,0.0,0.0,0.0,5.33,3.31,0.0
20230407:0310,0.0,0.0,0.0,4.54,3.38,0.0
20230407:0410,0.0,4.13,4.22,3.76,3.59,0.0
20230407:0510,39.79,58.27,13.72,3.16,3.93,0.0
20230407:0610,132.66,158.29,23.01,3.06,4.28,0.0
20230407:0710,86.21,109.38,31.62,3.77,4.07,0.0
20230407:0810,142.53,169.44,38.91,4.21,4.21,0.0
20230407:0910,133.63,160.48,44.07,4.9,4.28,0.0
20230407:1010,213.52,245.78,46.2,5.75,4.41,0.0
20230407:1110,144.32,173.03,44.83,6.61,4.34,0.0
20230407:1210,180.01,211.81,40.29,7.48,4.21,0.0
20230407:1310,227.86,263.23,33.39,8.15,3.93,0.0
20230407:1410,85.0,110.27,25.02,8.52,3.31,0.0
20230407:1510,38.7,58.27,15.84,8.56,2.69,0.0
20230407:1610,20.09,39.17,6.35,8.14,2.07,0.0
20230407:1710,0.0,0.0,0.0,7.36,1.93,0.0
20230407:1810,0.0,0.0,0.0,6.76,2.0,0.0
20230407:1910,0.0,0.0,0.0,4.76,2.34,0.0
20230407:2010,0.0,0.0,0.0,3.87,2.34,0.0
20230407:2110,0.0,0.0,0.0,3.13,2.28,0.0
20230407:2210,0.0,0.0,0.0,2.69,2.28,0.0
20230407:2310,0.0,0.0,0.0,2.54,2.21,0.0
20230408:0010,0.0,0.0,0.0,2.37,2.07,0.0
20230408:0110,0.0,0.0,0.0,2.22,2.0,0.0
20230408:0210,0.0,0.0,0.0,2.4,2.07,0.0
20230408:0310,0.0,0.0,0.0,2.7,2.14,0.0
20230408:0410,0.0,4.96,4.56,3.18,2.21,0.0
20230408:0510,62.09,84.54,14.06,4.53,1.93,0.0
20230408:0610,165.47,196.38,23.35,6.25,2.07,0.0
20230408:0710,341.91,387.97,31.97,7.45,1.93,0.0
20230408:0810,432.48,492.21,39.28,8.92,2.14,0.0
20230408:0910,528.76,608.21,44.45,10.17,2.14,0.0
20230408:1010,258.21,302.25,46.58,10.71,1.86,0.0
20230408:1110,99.13,127.31,45.19,10.94,1.72,0.0
20230408:1210,81.45,107.58,40.6,10.88,1.93,0.0
20230408:1310,128.61,159.28,33.67,10.38,2.14,0.0
20230408:1410,69.79,94.14,25.27,9.88,1.93,0.0
20230408:1510,29.42,47.52,16.08,9.61,1.31,0.0
20230408:1610,20.29,46.0,6.59,9.23,0.62,0.0
20230408:1710,0.0,0.0,0.0,8.37,1.03,0.0
20230408:1810,0.0,0.0,0.0,6.37,1.38,0.0
20230408:1910,0.0,0.0,0.0,5.49,1.24,0.0
20230408:2010,0.0,0.0,0.0,6.37,0.9,0.0
20230408:2110,0.0,0.0,0.0,6.15,0.21,0.0
20230408:2210,0.0,0.0,0.0,5.77,0.55,0.0
20230408:2310,0.0,0.0,0.0,4.09,1.1,0.0
20230409:0010,0.0,0.0,0.0,2.64,1.45,0.0
20230409:0110,0.0,0.0,0.0,1.87,1.17,0.0
20230409:0210,0.0,0.0,0.0,1.35,0.9,0.0
20230409:0310,0.0,0.0,0.0,1.13,0.83,0.0
20230409:0410,0.0,3.31,4.89,1.49,0.76,0.0
20230409:0510,65.77,88.25,14.39,2.74,0.76,0.0
20230409:0610,147.75,176.78,23.69,4.69,0.76,0.0
20230409:0710,276.7,318.04,32.33,7.06,0.9,0.0
20230409:0810,274.82,319.27,39.65,9.29,1.1,0.0
20230409:0910,147.96,181.1,44.83,10.88,1.79,0.0
20230409:1010,106.09,135.38,46.95,11.64,1.86,0.0
20230409:1110,486.11,566.01,45.54,12.1,1.66,0.0
20230409:1210,692.82,824.35,40.92,12.41,1.52,0.0
20230409:1310,467.92,545.05,33.95,12.46,1.38,0.0
20230409:1410,45.46,67.24,25.53,12.67,1.66,0.0
20230409:1510,6.74,17.93,16.32,11.24,1.66,0.0
20230409:1610,0.25,6.28,6.83,10.49,1.72,0.0
20230409:1710,0.0,0.0,0.0,9.42,1.86,0.0
20230409:1810,0.0,0.0,0.0,8.83,1.72,0.0
20230409:1910,0.0,0.0,0.0,7.86,1.86,0.0
20230409:2010,0.0,0.0,0.0,7.09,2.07,0.0
20230409:2110,0.0,0.0,0.0,6.77,2.07,0.0
20230409:2210,0.0,0.0,0.0,6.6,2.14,0.0
20230409:2310,0.0,0.0,0.0,6.45,2.28,0.0
20230410:0010,0.0,0.0,0.0,6.16,2.34,0.0
20230410:0110,0.0,0.0,0.0,5.55,2.41,0.0
20230410:0210,0.0,0.0,0.0,5.27,2.48,0.0
20230410:0310,0.0,0.0,0.0,5.38,2.48,0.0
20230410:0410,0.0,3.31,5.22,5.34,2.41,0.0
20230410:0510,6.95,17.93,14.72,6.27,3.31,0.0
20230410:0610,46.01,66.34,24.03,7.06,2.76,0.0
20230410:0710,86.79,112.07,32.68,8.23,3.59,0.0
20230410:0810,214.29,250.43,40.02,9.14,3.66,0.0
20230410:0910,157.29,190.06,45.21,10.05,3.1,0.0
20230410:1010,296.63,343.03,47.32,10.72,3.03,0.0
20230410:1110,203.12,241.14,45.88,11.3,3.17,0.0
20230410:1210,372.25,427.55,41.23,11.83,3.31,0.0
20230410:1310,440.46,502.68,34.23,11.77,3.59,0.0
20230410:1410,77.26,103.1,25.78,11.72,3.17,0.0
20230410:1510,48.13,69.93,16.56,11.48,3.52,0.0
20230410:1610,21.91,48.32,7.07,10.81,2.48,0.0
20230410:1710,0.0,0.0,0.0,9.47,2.62,0.0
20230410:1810,0.0,0.0,0.0,8.42,2.69,0.0
20230410:1910,0.0,0.0,0.0,7.67,2.48,0.0
20230410:2010,0.0,0.0,0.0,6.82,2.48,0.0
20230410:2110,0.0,0.0,0.0,6.5,2.34,0.0
20230410:2210,0.0,0.0,0.0,5.99,2.28,0.0
20230410:2310,0.0,0.0,0.0,5.44,2.21,0.0
20230411:0010,0.0,0.0,0.0,4.99,2.14,0.0
20230411:0110,0.0,0.0,0.0,4.67,2.0,0.0
20230411:0210,0.0,0.0,0.0,4.09,2.0,0.0
20230411:0310,0.0,0.0,0.0,3.72,1.93,0.0
20230411:0410,6.12,16.54,5.55,3.48,1.86,0.0
20230411:0510,137.96,178.68,15.05,4.95,1.59,0.0
20230411:0610,379.37,434.89,24.37,7.09,1.86,0.0
20230411:0710,573.74,656.44,33.02,9.7,2.41,0.0
20230411:0810,742.52,868.58,40.38,11.9,2.9,0.0
20230411:0910,842.66,992.2,45.58,13.49,4.21,0.0
20230411:1010,826.18,970.41,47.69,14.02,4.69,0.0
20230411:1110,722.09,844.51,46.23,14.56,4.34,0.0
20230411:1210,762.53,896.41,41.54,14.9,4.07,0.0
20230411:1310,393.87,456.43,34.51,14.99,3.93,0.0
20230411:1410,311.18,365.4,26.04,14.78,3.66,0.0
20230411:1510,122.52,159.5,16.8,14.39,2.97,0.0
20230411:1610,24.08,43.63,7.31,13.19,2.34,0.0
20230411:1710,0.0,0.0,0.0,11.29,2.69,0.0
20230411:1810,0.0,0.0,0.0,9.94,2.97,0.0
20230411:1910,0.0,0.0,0.0,10.04,2.34,0.0
20230411:2010,0.0,0.0,0.0,9.3,1.93,0.0
20230411:2110,0.0,0.0,0.0,8.32,1.72,0.0
20230411:2210,0.0,0.0,0.0,7.66,1.79,0.0
20230411:2310,0.0,0.0,0.0,6.89,2.14,0.0
20230412:0010,0.0,0.0,0.0,6.65,2.14,0.0
20230412:0110,0.0,0.0,0.0,6.33,2.0,0.0
20230412:0210,0.0,0.0,0.0,6.11,1.93,0.0
20230412:0310,0.0,0.0,0.0,5.91,2.14,0.0
20230412:0410,5.18,15.24,5.88,6.24,2.28,0.0
20230412:0510,71.61,96.34,15.38,7.25,2.34,0.0
20230412:0610,214.53,251.28,24.7,8.44,2.62,0.0
20230412:0710,229.54,266.51,33.37,9.04,3.38,0.0
20230412:0810,177.2,210.72,40.74,9.28,3.52,0.0
20230412:0910,174.07,207.72,45.95,9.93,4.21,0.0
20230412:1010,143.68,174.82,48.06,10.15,4.83,0.0
20230412:1110,102.4,130.0,46.57,10.29,4.97,0.0
20230412:1210,92.6,119.24,41.84,10.08,4.21,0.0
20230412:1310,40.0,60.07,34.78,9.86,3.45,0.0
20230412:1410,55.63,78.0,26.29,9.56,2.76,0.0
20230412:1510,33.24,52.0,17.04,9.24,2.41,0.0
20230412:1610,20.14,36.45,7.54,8.94,2.14,0.0
20230412:1710,0.0,0.0,0.0,8.56,2.0,0.0
20230412:1810,0.0,0.0,0.0,8.25,1.72,0.0
20230412:1910,0.0,0.0,0.0,8.1,1.31,0.0
20230412:2010,0.0,0.0,0.0,7.98,1.38,0.0
20230412:2110,0.0,0.0,0.0,7.86,1.59,0.0
20230412:2210,0.0,0.0,0.0,7.77,1.66,0.0
20230412:2310,0.0,0.0,0.0,7.71,1.86,0.0
20230413:0010,0.0,0.0,0.0,7.64,2.07,0.0
20230413:0110,0.0,0.0,0.0,7.5,2.14,0.0
20230413:0210,0.0,0.0,0.0,7.52,2.14,0.0
20230413:0310,0.0,0.0,0.0,7.49,2.07,0.0
20230413:0410,7.51,18.83,6.2,7.4,2.0,0.0
20230413:0510,13.96,27.79,15.7,7.68,2.69,0.0
20230413:0610,45.76,66.34,25.03,8.15,2.69,0.0
20230413:0710,142.8,173.2,33.71,8.54,2.76,0.0
20230413:0810,169.56,202.9,41.1,9.33,2.69,0.0
20230413:0910,212.38,250.63,46.32,10.57,2.97,0.0
20230413:1010,321.13,371.71,48.43,11.59,2.97,0.0
20230413:1110,180.94,218.48,46.91,12.41,2.34,0.0
20230413:1210,164.22,200.52,42.15,12.82,2.0,0.0
20230413:1310,146.01,180.4,35.05,12.91,1.86,0.0
20230413:1410,79.04,105.79,26.54,12.78,1.52,0.0
20230413:1510,48.49,70.83,17.28,12.69,1.17,0.0
20230413:1610,19.77,36.43,7.78,12.3,0.9,0.0
20230413:1710,0.0,0.0,0.0,11.62,1.1,0.0
20230413:1810,0.0,0.0,0.0,10.13,1.1,0.0
20230413:1910,0.0,0.0,0.0,8.57,1.59,0.0
20230413:2010,0.0,0.0,0.0,7.9,1.72,0.0
20230413:2110,0.0,0.0,0.0,7.22,1.52,0.0
20230413:2210,0.0,0.0,0.0,6.79,1.31,0.0
20230413:2310,0.0,0.0,0.0,6.4,1.24,0.0
20230414:0010,0.0,0.0,0.0,6.33,1.1,0.0
20230414:0110,0.0,0.0,0.0,5.69,1.17,0.0
20230414:0210,0.0,0.0,0.0,4.33,1.72,0.0
20230414:0310,0.0,0.0,0.0,5.02,1.93,0.0
20230414:0410,0.0,5.38,6.52,5.81,2.28,0.0
20230414:0510,21.0,36.76,16.02,7.14,3.17,0.0
20230414:0610,89.31,114.76,25.35,8.05,3.45,0.0
20230414:0710,119.19,147.93,34.05,9.39,4.0,0.0
20230414:0810,120.12,149.72,41.45,10.8,4.48,0.0
20230414:0910,116.39,146.13,46.69,11.61,4.55,0.0
20230414:1010,108.2,137.17,48.79,11.58,4.28,0.0
20230414:1110,140.59,173.03,47.25,12.14,4.41,0.0
20230414:1210,146.21,179.3,42.45,12.29,4.41,0.0
20230414:1310,217.95,256.87,35.32,12.32,4.97,0.0
20230414:1410,219.38,258.28,26.78,11.89,5.1,0.0
20230414:1510,66.49,90.93,17.52,11.22,4.55,0.0
20230414:1610,23.56,41.39,8.02,10.65,4.83,0.0
20230414:1710,0.0,0.0,0.0,10.01,4.97,0.0
20230414:1810,0.0,0.0,0.0,9.52,5.1,0.0
20230414:1910,0.0,0.0,0.0,9.17,5.17,0.0
20230414:2010,0.0,0.0,0.0,9.05,5.17,0.0
20230414:2110,0.0,0.0,0.0,8.91,5.17,0.0
20230414:2210,0.0,0.0,0.0,8.7,5.17,0.0
20230414:2310,0.0,0.0,0.0,8.41,5.1,0.0
20230415:0010,0.0,0.0,0.0,7.97,5.03,0.0
20230415:0110,0.0,0.0,0.0,7.78,5.03,0.0
20230415:0210,0.0,0.0,0.0,7.4,5.1,0.0
20230415:0310,0.0,0.0,0.0,7.25,5.1,0.0
20230415:0410,1.98,9.86,6.84,7.09,5.1,0.0
20230415:0510,10.69,23.31,16.34,7.06,5.1,0.0
20230415:0610,23.2,39.45,25.68,7.07,4.83,0.0
20230415:0710,49.25,69.93,34.38,7.05,4.83,0.0
20230415:0810,68.53,91.45,41.8,7.12,4.9,0.0
20230415:0910,62.86,85.17,47.05,7.27,6.14,0.0
20230415:1010,107.25,133.58,49.15,7.34,5.59,0.0
20230415:1110,62.81,85.17,47.58,7.37,5.66,0.0
20230415:1210,146.61,175.72,42.75,7.28,5.45,0.0
20230415:1310,69.31,92.34,35.59,7.19,4.83,0.0
20230415:1410,79.88,104.0,27.03,7.25,4.34,0.0
20230415:1510,27.56,44.83,17.75,7.41,3.86,0.0
20230415:1610,1.07,8.07,8.25,7.37,4.48,0.0
20230415:1710,0.0,0.0,0.0,7.46,4.21,0.0
20230415:1810,0.0,0.0,0.0,7.6,3.59,0.0
20230415:1910,0.0,0.0,0.0,6.88,3.66,0.0
20230415:2010,0.0,0.0,0.0,6.87,3.45,0.0
20230415:2110,0.0,0.0,0.0,6.65,3.31,0.0
20230415:2210,0.0,0.0,0.0,6.11,3.24,0.0
20230415:2310,0.0,0.0,0.0,5.65,3.03,0.0
20230416:0010,0.0,0.0,0.0,5.58,2.97,0.0
20230416:0110,0.0,0.0,0.0,5.67,3.03,0.0
20230416:0210,0.0,0.0,0.0,5.37,2.9,0.0
20230416:0310,0.0,0.0,0.0,5.37,2.76,0.0
20230416:0410,0.28,6.28,7.15,5.53,2.55,0.0
20230416:0510,16.12,30.48,16.65,6.3,2.34,0.0
20230416:0610,68.8,92.34,25.99,8.44,3.45,0.0
20230416:0710,135.28,165.45,34.71,9.4,3.59,0.0
20230416:0810,167.58,201.38,42.15,10.55,3.79,0.0
20230416:0910,223.32,263.69,47.41,12.05,3.86,0.0
20230416:1010,305.36,355.29,49.51,12.69,3.52,0.0
20230416:1110,378.51,439.21,47.92,13.49,3.17,0.0
20230416:1210,454.41,527.61,43.04,13.71,2.69,0.0
20230416:1310,296.67,347.74,35.85,14.07,2.76,0.0
20230416:1410,187.62,227.08,27.27,14.35,3.17,0.0
20230416:1510,69.41,95.5,17.98,13.98,2.97,0.0
20230416:1610,31.04,55.07,8.48,13.27,2.97,0.0
20230416:1710,0.0,0.0,0.0,12.28,3.31,0.0
20230416:1810,0.0,0.0,0.0,11.16,3.59,0.0
20230416:1910,0.0,0.0,0.0,9.83,3.52,0.0
20230416:2010,0.0,0.0,0.0,9.18,3.17,0.0
20230416:2110,0.0,0.0,0.0,8.79,2.83,0.0
20230416:2210,0.0,0.0,0.0,8.43,2.62,0.0
20230416:2310,0.0,0.0,0.0,8.32,2.62,0.0
20230417:0010,0.0,0.0,0.0,8.32,2.76,0.0
20230417:0110,0.0,0.0,0.0,8.27,2.83,0.0
20230417:0210,0.0,0.0,0.0,8.2,2.83,0.0
20230417:0310,0.0,0.0,0.0,8.12,2.83,0.0
20230417:0410,0.26,6.28,7.46,8.08,2.9,0.0
20230417:0510,7.48,18.83,16.96,8.15,2.9,0.0
20230417:0610,29.64,47.52,26.31,8.4,3.17,0.0
20230417:0710,38.65,58.27,35.04,8.99,3.72,0.0
20230417:0810,91.78,118.34,42.49,9.9,3.52,0.0
20230417:0910,154.26,187.37,47.77,10.97,3.45,0.0
20230417:1010,213.3,252.84,49.86,12.02,3.72,0.0
20230417:1110,578.38,666.44,48.25,12.36,3.59,0.0
20230417:1210,275.45,321.6,43.34,13.01,4.07,0.0
20230417:1310,389.35,447.99,36.12,13.24,3.86,0.0
20230417:1410,90.32,118.34,27.51,13.24,3.59,0.0
20230417:1510,98.14,128.58,18.22,13.31,3.79,0.0
20230417:1610,19.71,36.1,8.72,12.79,3.59,0.0
20230417:1710,0.0,0.0,0.0,12.07,3.86,0.0
20230417:1810,0.0,0.0,0.0,11.11,4.14,0.0
20230417:1910,0.0,0.0,0.0,10.34,4.0,0.0
20230417:2010,0.0,0.0,0.0,9.85,3.72,0.0
20230417:2110,0.0,0.0,0.0,9.03,3.17,0.0
20230417:2210,0.0,0.0,0.0,7.65,2.69,0.0
20230417:2310,0.0,0.0,0.0,6.8,2.62,0.0
20230418:0010,0.0,0.0,0.0,6.24,2.55,0.0
20230418:0110,0.0,0.0,0.0,5.85,2.69,0.0
20230418:0210,0.0,0.0,0.0,6.21,2.83,0.0
20230418:0310,0.0,0.0,0.0,6.17,2.83,0.0
20230418:0410,1.08,8.07,7.77,5.95,2.83,0.0
20230418:0510,59.57,81.65,17.27,6.68,2.69,0.0
20230418:0610,210.43,245.94,26.62,8.34,3.52,0.0
20230418:0710,475.62,538.67,35.36,10.23,3.79,0.0
20230418:0810,696.6,801.5,42.83,11.96,4.21,0.0
20230418:0910,786.77,917.62,48.12,13.13,4.48,0.0
20230418:1010,640.73,741.12,50.21,13.74,4.62,0.0
20230418:1110,751.71,877.51,48.57,14.07,4.62,0.0
20230418:1210,511.65,590.15,43.63,14.35,4.34,0.0
20230418:1310,220.46,262.56,36.38,14.33,4.07,0.0
20230418:1410,198.19,238.23,27.75,14.23,4.0,0.0
20230418:1510,110.85,143.88,18.45,13.71,3.24,0.0
20230418:1610,33.23,55.69,8.95,12.88,2.55,0.0
20230418:1710,0.0,0.0,0.0,11.33,2.0,0.0
20230418:1810,0.0,0.0,0.0,10.02,1.72,0.0
20230418:1910,0.0,0.0,0.0,9.39,1.93,0.0
20230418:2010,0.0,0.0,0.0,8.4,1.93,0.0
20230418:2110,0.0,0.0,0.0,7.49,1.93,0.0
20230418:2210,0.0,0.0,0.0,6.67,1.72,0.0
20230418:2310,0.0,0.0,0.0,6.35,1.17,0.0
20230419:0010,0.0,0.0,0.0,7.13,0.41,0.0
20230419:0110,0.0,0.0,0.0,6.1,0.9,0.0
20230419:0210,0.0,0.0,0.0,4.57,1.31,0.0
20230419:0310,0.0,0.0,0.0,3.98,1.79,0.0
20230419:0410,1.1,8.07,8.07,4.67,2.0,0.0
20230419:0510,25.46,42.14,17.57,6.29,2.0,0.0
20230419:0610,122.99,151.12,26.93,7.47,2.76,0.0
20230419:0710,92.81,119.24,35.68,9.33,3.17,0.0
20230419:0810,133.35,164.06,43.17,10.23,3.24,0.0
20230419:0910,246.72,288.98,48.47,11.16,2.97,0.0
20230419:1010,328.86,381.91,50.56,12.01,2.62,0.0
20230419:1110,153.32,188.27,48.9,12.71,2.21,0.0
20230419:1210,75.03,101.31,43.92,13.12,2.14,0.0
20230419:1310,94.22,122.82,36.64,13.07,2.34,0.0
20230419:1410,77.59,104.0,27.99,12.78,2.55,0.0
20230419:1510,47.86,69.93,18.67,12.47,2.76,0.0
20230419:1610,14.97,29.59,9.17,11.95,2.62,0.0
20230419:1710,0.0,0.0,0.0,11.22,2.62,0.0
20230419:1810,0.0,0.0,0.0,10.95,2.69,0.0
20230419:1910,0.0,0.0,0.0,9.88,2.48,0.0
20230419:2010,0.0,0.0,0.0,9.62,2.48,0.0
20230419:2110,0.0,0.0,0.0,9.46,2.41,0.0
20230419:2210,0.0,0.0,0.0,9.3,2.62,0.0
20230419:2310,0.0,0.0,0.0,9.07,2.83,0.0
20230420:0010,0.0,0.0,0.0,8.92,3.03,0.0
20230420:0110,0.0,0.0,0.0,8.3,3.03,0.0
20230420:0210,0.0,0.0,0.0,7.52,2.9,0.0
20230420:0310,0.0,0.0,0.0,6.53,3.1,0.0
20230420:0410,21.95,42.86,8.37,5.9,3.17,0.0
20230420:0510,187.58,242.69,17.87,6.84,2.76,0.0
20230420:0610,332.83,380.62,27.23,8.6,3.52,0.0
20230420:0710,318.27,364.33,36.0,10.73,4.21,0.0
20230420:0810,327.56,376.85,43.5,12.09,4.62,0.0
20230420:0910,366.03,421.85,48.82,13.29,4.83,0.0
20230420:1010,640.5,737.72,50.9,14.31,5.72,0.0
20230420:1110,641.3,734.9,49.22,14.64,6.9,0.0
20230420:1210,167.36,203.14,44.21,13.8,6.48,0.0
20230420:1310,148.25,181.57,36.89,12.75,5.59,0.0
20230420:1410,284.56,330.17,28.23,12.19,5.17,0.0
20230420:1510,41.19,61.86,18.9,11.64,4.07,0.0
20230420:1610,15.7,30.48,9.4,11.38,3.86,0.0
20230420:1710,0.0,0.0,0.0,11.24,3.52,0.0
20230420:1810,0.0,0.0,0.0,11.09,3.52,0.0
20230420:1910,0.0,0.0,0.0,10.56,2.34,0.0
20230420:2010,0.0,0.0,0.0,10.07,3.17,0.0
20230420:2110,0.0,0.0,0.0,9.82,3.79,0.0
20230420:2210,0.0,0.0,0.0,9.72,4.07,0.0
20230420:2310,0.0,0.0,0.0,9.04,4.07,0.0
20230421:0010,0.0,0.0,0.0,8.16,4.0,0.0
20230421:0110,0.0,0.0,0.0,7.34,3.86,0.0
20230421:0210,0.0,0.0,0.0,6.62,3.59,0.0
20230421:0310,0.0,0.0,0.0,5.91,3.45,0.0
20230421:0410,32.32,51.81,8.67,5.67,3.38,0.0
20230421:0510,147.71,185.38,18.16,6.86,3.03,0.0
20230421:0610,430.52,490.68,27.53,8.8,3.86,0.0
20230421:0710,618.43,703.0,36.31,10.83,4.21,0.0
20230421:0810,781.54,906.03,43.83,12.58,4.48,0.0
20230421:0910,856.72,1007.82,49.16,14.15,4.83,0.0
20230421:1010,889.52,1052.04,51.25,15.33,5.38,0.0
20230421:1110,857.41,1009.47,49.54,15.83,5.72,0.0
20230421:1210,759.84,885.72,44.49,16.13,5.86,0.0
20230421:1310,529.07,611.11,37.15,15.95,5.31,0.0
20230421:1410,435.1,508.14,28.46,15.51,4.62,0.0
20230421:1510,185.27,238.48,19.13,14.95,3.59,0.0
20230421:1610,25.91,44.13,9.63,13.99,3.03,0.0
20230421:1710,0.0,0.0,0.0,12.67,2.69,0.0
20230421:1810,0.0,0.0,0.0,11.59,2.69,0.0
20230421:1910,0.0,0.0,0.0,10.71,2.83,0.0
20230421:2010,0.0,0.0,0.0,9.68,2.76,0.0
20230421:2110,0.0,0.0,0.0,8.68,2.62,0.0
20230421:2210,0.0,0.0,0.0,7.67,2.55,0.0
20230421:2310,0.0,0.0,0.0,6.74,2.41,0.0
20230422:0010,0.0,0.0,0.0,5.91,2.34,0.0
20230422:0110,0.0,0.0,0.0,5.22,2.34,0.0
20230422:0210,0.0,0.0,0.0,4.71,2.21,0.0
20230422:0310,0.0,0.0,0.0,4.43,2.14,0.0
20230422:0410,26.76,48.87,8.96,4.62,1.79,0.0
20230422:0510,169.18,214.18,18.45,6.64,1.38,0.0
20230422:0610,433.77,503.84,27.83,9.53,1.59,0.0
20230422:0710,612.18,713.82,36.62,11.5,1.86,0.0
20230422:0810,748.25,892.32,44.16,12.84,2.0,0.0
20230422:0910,138.62,173.03,49.5,14.15,2.28,0.0
20230422:1010,517.58,606.21,51.58,15.32,3.17,0.0
20230422:1110,310.97,367.64,49.85,15.72,2.9,0.0
20230422:1210,522.68,615.71,44.77,15.59,2.41,0.0
20230422:1310,277.6,329.97,37.4,15.56,2.07,0.0
20230422:1410,190.45,232.35,28.7,15.23,1.59,0.0
20230422:1510,130.89,169.04,19.35,14.7,1.45,0.0
20230422:1610,36.57,64.91,9.85,14.0,1.45,0.0
20230422:1710,0.0,0.0,0.0,13.04,1.66,0.0
20230422:1810,0.0,0.0,0.0,11.69,1.59,0.0
20230422:1910,0.0,0.0,0.0,13.34,0.55,0.0
20230422:2010,0.0,0.0,0.0,12.92,0.21,0.0
20230422:2110,0.0,0.0,0.0,12.5,0.48,0.0
20230422:2210,0.0,0.0,0.0,11.79,0.9,0.0
20230422:2310,0.0,0.0,0.0,10.04,1.17,0.0
20230423:0010,0.0,0.0,0.0,9.07,1.31,0.0
20230423:0110,0.0,0.0,0.0,8.73,1.24,0.0
20230423:0210,0.0,0.0,0.0,8.05,1.31,0.0
20230423:0310,0.0,0.0,0.0,7.72,1.38,0.0
20230423:0410,24.42,48.2,9.25,7.79,1.24,0.0
20230423:0510,189.76,248.13,18.74,9.14,0.69,0.0
20230423:0610,354.19,418.08,28.12,12.05,0.83,0.0
20230423:0710,587.86,702.19,36.92,12.99,0.62,0.0
20230423:0810,734.18,903.02,44.48,14.63,0.83,0.0
20230423:0910,787.17,970.23,49.84,15.84,1.59,0.0
20230423:1010,598.11,712.62,51.92,16.41,2.48,0.0
20230423:1110,692.44,832.84,50.16,16.98,2.69,0.0
20230423:1210,777.05,942.01,45.05,16.92,2.62,0.0
20230423:1310,604.71,719.0,37.65,17.1,2.55,0.0
20230423:1410,420.47,501.33,28.93,17.13,2.41,0.0
20230423:1510,196.44,257.83,19.57,16.79,2.28,0.0
20230423:1610,31.05,63.21,10.08,15.63,2.28,0.0
20230423:1710,0.0,0.0,0.0,13.63,2.9,0.0
20230423:1810,0.0,0.0,0.0,11.89,3.17,0.0
20230423:1910,0.0,0.0,0.0,12.06,3.52,0.0
20230423:2010,0.0,0.0,0.0,11.33,3.38,0.0
20230423:2110,0.0,0.0,0.0,10.66,3.1,0.0
20230423:2210,0.0,0.0,0.0,9.88,2.97,0.0
20230423:2310,0.0,0.0,0.0,9.17,2.83,0.0
20230424:0010,0.0,0.0,0.0,8.34,2.83,0.0
20230424:0110,0.0,0.0,0.0,7.72,2.83,0.0
20230424:0210,0.0,0.0,0.0,7.09,2.76,0.0
20230424:0310,0.0,0.0,0.0,6.54,2.76,0.0
20230424:0410,28.42,52.57,9.53,6.63,2.62,0.0
20230424:0510,197.31,255.61,19.02,8.6,2.48,0.0
20230424:0610,434.66,503.58,28.41,11.25,2.97,0.0
20230424:0710,615.98,714.15,37.22,13.14,3.17,0.0
20230424:0810,760.94,900.92,44.79,15.13,3.52,0.0
20230424:0910,302.1,357.43,50.17,16.67,4.14,0.0
20230424:1010,251.71,301.52,52.25,17.34,4.48,0.0
20230424:1110,664.78,787.03,50.47,17.69,4.34,0.0
20230424:1210,752.41,896.14,45.33,17.94,4.28,0.0
20230424:1310,362.48,426.89,37.89,17.99,4.28,0.0
20230424:1410,42.2,64.55,29.15,17.6,4.28,0.0
20230424:1510,51.57,75.31,19.8,16.22,3.52,0.0
20230424:1610,35.09,56.38,10.3,15.33,3.38,0.0
20230424:1710,0.0,0.0,0.0,13.79,3.52,0.0
20230424:1810,0.0,0.0,0.0,12.5,3.52,0.0
20230424:1910,0.0,0.0,0.0,12.44,3.79,0.0
20230424:2010,0.0,0.0,0.0,11.86,3.72,0.0
20230424:2110,0.0,0.0,0.0,11.15,3.52,0.0
20230424:2210,0.0,0.0,0.0,10.34,3.45,0.0
20230424:2310,0.0,0.0,0.0,9.78,3.52,0.0
20230425:0010,0.0,0.0,0.0,9.34,3.59,0.0
20230425:0110,0.0,0.0,0.0,8.89,3.38,0.0
20230425:0210,0.0,0.0,0.0,8.45,3.24,0.0
20230425:0310,0.0,0.0,0.0,7.85,3.17,0.0
20230425:0410,35.51,59.03,9.81,7.98,3.24,0.0
20230425:0510,175.26,223.01,19.3,9.32,3.24,0.0
20230425:0610,365.05,419.74,28.69,10.99,4.28,0.0
20230425:0710,247.89,290.73,37.52,12.77,4.14,0.0
20230425:0810,239.83,284.25,45.11,14.26,4.07,0.0
20230425:0910,215.73,259.43,50.5,15.74,4.21,0.0
20230425:1010,88.93,118.34,52.58,16.61,4.41,0.0
20230425:1110,84.04,112.96,50.78,17.04,4.69,0.0
20230425:1210,156.71,192.75,45.6,14.77,4.76,0.0
20230425:1310,234.9,278.66,38.14,14.47,4.14,0.0
20230425:1410,77.92,104.89,29.38,14.13,3.03,0.0
20230425:1510,112.67,146.0,20.01,14.58,3.24,0.0
20230425:1610,42.31,67.31,10.52,13.61,3.17,0.0
20230425:1710,0.0,0.0,0.0,12.44,3.38,0.0
20230425:1810,0.0,0.0,0.0,11.82,3.31,0.0
20230425:1910,0.0,0.0,0.0,11.53,2.83,0.0
20230425:2010,0.0,0.0,0.0,10.66,2.62,0.0
20230425:2110,0.0,0.0,0.0,10.13,2.55,0.0
20230425:2210,0.0,0.0,0.0,9.63,2.55,0.0
20230425:2310,0.0,0.0,0.0,9.42,2.55,0.0
20230426:0010,0.0,0.0,0.0,9.39,2.34,0.0
20230426:0110,0.0,0.0,0.0,9.08,2.21,0.0
20230426:0210,0.0,0.0,0.0,8.9,2.0,0.0
20230426:0310,0.0,0.0,0.0,8.74,1.52,0.0
20230426:0410,1.95,9.86,10.09,9.0,1.1,0.0
20230426:0510,9.89,22.41,19.57,9.51,0.97,0.0
20230426:0610,31.67,50.21,28.97,9.51,1.45,0.0
20230426:0710,73.6,97.72,37.81,8.52,3.1,0.0
20230426:0810,91.84,117.44,45.41,7.92,3.52,0.0
20230426:0910,78.46,102.2,50.82,6.74,4.69,0.0
20230426:1010,102.36,127.31,52.9,5.4,5.45,0.0
20230426:1110,154.71,181.99,51.08,4.38,6.07,0.0
20230426:1210,82.07,104.89,45.87,4.06,6.07,0.0
20230426:1310,52.42,72.62,38.38,4.07,5.86,0.0
20230426:1410,123.01,148.49,29.61,4.13,5.59,0.0
20230426:1510,85.87,109.43,20.23,4.29,5.24,0.0
20230426:1610,16.29,30.48,10.74,4.51,4.97,0.0
20230426:1710,0.0,0.0,0.0,4.69,4.55,0.0
20230426:1810,0.0,0.0,0.0,4.81,4.28,0.0
20230426:1910,0.0,0.0,0.0,4.79,4.34,0.0
20230426:2010,0.0,0.0,0.0,4.68,4.07,0.0
20230426:2110,0.0,0.0,0.0,4.51,3.79,0.0
20230426:2210,0.0,0.0,0.0,4.37,3.52,0.0
20230426:2310,0.0,0.0,0.0,4.24,3.45,0.0
20230427:0010,0.0,0.0,0.0,4.0,3.52,0.0
20230427:0110,0.0,0.0,0.0,3.64,3.59,0.0
20230427:0210,0.0,0.0,0.0,3.18,3.59,0.0
20230427:0310,0.0,0.0,0.0,2.91,3.66,0.0
20230427:0410,35.61,54.0,10.36,3.08,3.72,0.0
20230427:0510,205.47,257.18,19.84,4.0,3.79,0.0
20230427:0610,449.68,501.09,29.24,5.11,4.83,0.0
20230427:0710,573.25,634.1,38.09,6.46,5.17,0.0
20230427:0810,464.47,516.06,45.72,7.31,5.59,0.0
20230427:0910,456.36,509.45,51.14,7.76,5.38,0.0
20230427:1010,716.13,808.29,53.22,8.6,5.31,0.0
20230427:1110,654.32,738.01,51.38,9.22,5.24,0.0
20230427:1210,591.58,665.45,46.14,9.88,5.52,0.0
20230427:1310,429.33,483.71,38.62,10.29,5.52,0.0
20230427:1410,327.63,374.32,29.83,10.02,5.24,0.0
20230427:1510,135.16,168.23,20.45,9.6,4.9,0.0
20230427:1610,40.77,61.8,10.96,9.1,4.21,0.0
20230427:1710,0.0,0.83,1.75,8.28,3.31,0.0
20230427:1810,0.0,0.0,0.0,7.13,2.55,0.0
20230427:1910,0.0,0.0,0.0,6.46,2.48,0.0
20230427:2010,0.0,0.0,0.0,5.57,2.41,0.0
20230427:2110,0.0,0.0,0.0,5.34,2.34,0.0
20230427:2210,0.0,0.0,0.0,5.27,2.28,0.0
20230427:2310,0.0,0.0,0.0,5.47,2.34,0.0
20230428:0010,0.0,0.0,0.0,5.4,2.34,0.0
20230428:0110,0.0,0.0,0.0,5.48,2.34,0.0
20230428:0210,0.0,0.0,0.0,5.24,2.41,0.0
20230428:0310,0.0,0.0,0.0,4.91,2.34,0.0
20230428:0410,37.15,63.33,10.63,5.19,2.14,0.0
20230428:0510,203.86,257.12,20.11,5.88,2.41,0.0
20230428:0610,440.94,502.3,29.51,6.89,2.34,0.0
20230428:0710,632.1,715.76,38.37,8.31,3.31,0.0
20230428:0810,465.18,525.25,46.01,8.98,3.79,0.0
20230428:0910,243.3,282.83,51.45,9.75,3.93,0.0
20230428:1010,472.16,537.73,53.54,10.18,3.66,0.0
20230428:1110,562.41,643.05,51.68,10.38,3.45,0.0
20230428:1210,514.34,587.95,46.4,11.03,3.45,0.0
20230428:1310,250.18,291.49,38.86,10.92,3.59,0.0
20230428:1410,175.86,210.83,30.05,11.01,3.66,0.0
20230428:1510,124.68,157.02,20.66,10.7,3.38,0.0
20230428:1610,34.76,67.98,11.17,10.1,2.62,0.0
20230428:1710,0.0,2.48,1.97,8.93,1.93,0.0
20230428:1810,0.0,0.0,0.0,7.37,1.86,0.0
20230428:1910,0.0,0.0,0.0,5.9,1.72,0.0
20230428:2010,0.0,0.0,0.0,4.72,1.52,0.0
20230428:2110,0.0,0.0,0.0,4.04,1.45,0.0
20230428:2210,0.0,0.0,0.0,2.95,1.66,0.0
20230428:2310,0.0,0.0,0.0,2.39,1.59,0.0
20230429:0010,0.0,0.0,0.0,2.31,1.45,0.0
20230429:0110,0.0,0.0,0.0,1.64,1.52,0.0
20230429:0210,0.0,0.0,0.0,0.66,1.66,0.0
20230429:0310,0.0,0.83,1.72,0.26,1.66,0.0
20230429:0410,28.59,57.36,10.89,1.44,1.1,0.0
20230429:0510,216.37,275.75,20.37,4.54,0.55,0.0
20230429:0610,445.6,516.95,29.78,8.19,1.03,0.0
20230429:0710,640.09,742.55,38.65,9.47,1.72,0.0
20230429:0810,777.46,921.06,46.31,10.53,1.93,0.0
20230429:0910,865.3,1038.42,51.76,11.37,2.34,0.0
20230429:1010,884.3,1068.41,53.85,12.08,2.41,0.0
20230429:1110,856.32,1030.44,51.97,12.54,2.48,0.0
20230429:1210,796.72,952.89,46.66,13.07,2.34,0.0
20230429:1310,633.33,744.29,39.09,13.4,2.21,0.0
20230429:1410,443.04,521.07,30.27,13.46,2.07,0.0
20230429:1510,214.9,278.31,20.87,13.01,2.14,0.0
20230429:1610,30.85,66.22,11.39,12.35,1.79,0.0
20230429:1710,0.0,3.31,2.2,10.86,2.07,0.0
20230429:1810,0.0,0.0,0.0,9.1,2.34,0.0
20230429:1910,0.0,0.0,0.0,8.51,2.41,0.0
20230429:2010,0.0,0.0,0.0,7.31,2.41,0.0
20230429:2110,0.0,0.0,0.0,6.11,2.21,0.0
20230429:2210,0.0,0.0,0.0,4.97,2.28,0.0
20230429:2310,0.0,0.0,0.0,4.09,2.34,0.0
20230430:0010,0.0,0.0,0.0,3.4,2.28,0.0
20230430:0110,0.0,0.0,0.0,2.82,2.28,0.0
20230430:0210,0.0,0.0,0.0,2.24,2.14,0.0
20230430:0310,0.0,0.83,1.99,1.72,2.07,0.0
20230430:0410,31.66,60.57,11.15,2.38,1.66,0.0
20230430:0510,213.5,273.23,20.62,6.28,1.1,0.0
20230430:0610,432.98,505.09,30.04,9.37,0.97,0.0
20230430:0710,616.54,731.34,38.92,11.84,0.9,0.0
20230430:0810,736.41,901.02,46.6,13.28,0.76,0.0
20230430:0910,813.99,1023.06,52.07,14.08,0.62,0.0
20230430:1010,848.11,1051.64,54.16,14.79,1.59,0.0
20230430:1110,834.68,1020.63,52.26,15.41,2.28,0.0
20230430:1210,765.95,919.27,46.92,15.86,2.83,0.0
20230430:1310,629.13,740.45,39.33,16.15,3.31,0.0
20230430:1410,445.06,524.38,30.48,16.33,3.86,0.0
20230430:1510,213.97,280.75,21.08,15.89,2.83,0.0
20230430:1610,47.92,76.35,11.6,14.99,2.48,0.0
20230430:1710,0.04,5.79,2.42,13.55,3.72,0.0
20230430:1810,0.0,0.0,0.0,11.89,4.76,0.0
20230430:1910,0.0,0.0,0.0,11.12,4.97,0.0
20230430:2010,0.0,0.0,0.0,10.34,4.76,0.0
20230430:2110,0.0,0.0,0.0,9.64,4.55,0.0
20230430:2210,0.0,0.0,0.0,8.88,4.34,0.0
20230430:2310,0.0,0.0,0.0,7.76,4.0,0.0
20230501:0010,0.0,0.0,0.0,6.91,3.59,0.0
20230501:0110,0.0,0.0,0.0,5.91,3.38,0.0
20230501:0210,0.0,0.0,0.0,5.07,3.24,0.0
20230501:0310,0.0,0.83,2.25,4.26,3.03,0.0
20230501:0410,30.56,61.07,11.4,4.3,2.9,0.0
20230501:0510,217.5,273.48,20.88,5.49,3.24,0.0
20230501:0610,454.94,514.97,30.29,6.87,3.31,0.0
20230501:0710,655.52,747.86,39.19,8.62,2.9,0.0
20230501:0810,792.94,920.71,46.88,9.93,3.24,0.0
20230501:0910,881.97,1043.16,52.37,10.88,3.24,0.0
20230501:1010,896.82,1071.9,54.47,11.66,3.03,0.0
20230501:1110,863.12,1033.93,52.54,12.32,2.76,0.0
20230501:1210,778.67,926.88,47.18,12.77,2.41,0.0
20230501:1310,639.29,751.91,39.56,13.04,2.07,0.0
20230501:1410,452.39,532.86,30.7,13.11,1.79,0.0
20230501:1510,219.35,284.81,21.29,12.92,1.45,0.0
20230501:1610,34.58,70.01,11.81,12.53,0.97,0.0
20230501:1710,0.38,6.61,2.64,11.49,0.69,0.0
20230501:1810,0.0,0.0,0.0,9.63,1.17,0.0
20230501:1910,0.0,0.0,0.0,8.08,1.72,0.0
20230501:2010,0.0,0.0,0.0,6.18,2.21,0.0
20230501:2110,0.0,0.0,0.0,5.32,2.34,0.0
20230501:2210,0.0,0.0,0.0,4.84,2.62,0.0
20230501:2310,0.0,0.0,0.0,4.7,2.83,0.0
20230502:0010,0.0,0.0,0.0,4.77,3.03,0.0
20230502:0110,0.0,0.0,0.0,4.95,3.17,0.0
20230502:0210,0.0,0.0,0.0,5.09,3.24,0.0
20230502:0310,0.0,1.65,2.5,5.1,3.24,0.0
20230502:0410,32.79,63.53,11.65,5.86,3.17,0.0
20230502:0510,195.84,245.15,21.12,8.11,2.97,0.0
20230502:0610,432.26,496.98,30.54,10.78,3.72,0.0
20230502:0710,0.0,0.0,0.0,13.17,4.48,0.0
20230502:0810,688.19,801.91,47.16,15.24,4.76,0.0
20230502:0910,754.44,894.89,52.67,17.01,4.62,0.0
20230502:1010,837.11,1010.82,54.77,18.5,4.48,0.0
20230502:1110,799.75,968.42,52.82,19.67,4.34,0.0
20230502:1210,628.17,751.5,47.43,20.33,4.21,0.0
20230502:1310,484.73,576.47,39.78,20.47,4.07,0.0
20230502:1410,276.97,335.71,30.91,20.51,3.93,0.0
20230502:1510,195.26,257.25,21.5,19.97,3.24,0.0
20230502:1610,47.82,79.36,12.02,18.69,3.1,0.0
20230502:1710,0.03,5.79,2.86,17.0,3.38,0.0
20230502:1810,0.0,0.0,0.0,15.32,3.59,0.0
20230502:1910,0.0,0.0,0.0,14.85,3.38,0.0
20230502:2010,0.0,0.0,0.0,13.89,3.24,0.0
20230502:2110,0.0,0.0,0.0,12.77,2.97,0.0
20230502:2210,0.0,0.0,0.0,11.67,2.9,0.0
20230502:2310,0.0,0.0,0.0,10.76,2.83,0.0
20230503:0010,0.0,0.0,0.0,10.37,2.76,0.0
20230503:0110,0.0,0.0,0.0,10.02,2.55,0.0
20230503:0210,0.0,0.0,0.0,9.39,2.21,0.0
20230503:0310,0.0,1.65,2.76,8.54,1.72,0.0
20230503:0410,2.94,11.65,11.89,8.52,1.38,0.0
20230503:0510,24.88,42.14,21.36,10.73,2.0,0.0
20230503:0610,125.12,156.42,30.79,12.19,3.03,0.0
20230503:0710,450.67,524.97,39.7,14.21,2.55,0.0
20230503:0810,616.09,728.07,47.43,15.76,2.83,0.0
20230503:0910,665.64,792.02,52.96,16.66,3.24,0.0
20230503:1010,547.62,648.08,55.06,17.15,3.24,0.0
20230503:1110,503.15,594.53,53.1,17.01,3.03,0.0
20230503:1210,372.49,440.02,47.68,16.81,2.83,0.0
20230503:1310,358.48,422.94,40.01,16.52,2.69,0.0
20230503:1410,243.24,291.59,31.12,15.9,2.9,0.0
20230503:1510,142.75,181.9,21.7,15.14,3.1,0.0
20230503:1610,50.96,79.8,12.23,14.41,3.1,0.0
20230503:1710,0.0,4.13,3.07,13.5,3.1,0.0
20230503:1810,0.0,0.0,0.0,12.53,2.97,0.0
20230503:1910,0.0,0.0,0.0,11.47,2.41,0.0
20230503:2010,0.0,0.0,0.0,10.73,2.41,0.0
20230503:2110,0.0,0.0,0.0,10.24,2.34,0.0
20230503:2210,0.0,0.0,0.0,9.72,2.21,0.0
20230503:2310,0.0,0.0,0.0,9.39,2.07,0.0
20230504:0010,0.0,0.0,0.0,9.22,2.14,0.0
20230504:0110,0.0,0.0,0.0,9.1,2.34,0.0
20230504:0210,0.0,0.0,0.0,8.95,2.55,0.0
20230504:0310,0.0,1.65,3.0,8.77,2.62,0.0
20230504:0410,3.45,12.55,12.13,9.17,2.69,0.0
20230504:0510,55.63,78.0,21.6,9.59,2.83,0.0
20230504:0610,50.82,72.62,31.03,9.97,3.03,0.0
20230504:0710,79.37,104.89,39.96,10.37,3.03,0.0
20230504:0810,93.78,121.03,47.7,10.86,3.45,0.0
20230504:0910,158.96,192.75,53.25,11.47,3.93,0.0
20230504:1010,156.87,190.96,55.35,12.16,4.14,0.0
20230504:1110,144.3,177.51,53.38,12.31,3.45,0.0
20230504:1210,65.78,90.55,47.92,12.69,3.1,0.0
20230504:1310,63.52,87.86,40.23,12.34,3.03,0.0
20230504:1410,47.94,69.93,31.33,12.23,3.17,0.0
20230504:1510,64.46,88.76,21.91,11.86,2.97,0.0
20230504:1610,29.89,48.41,12.43,11.53,2.34,0.0
20230504:1710,0.0,4.13,3.29,11.15,1.93,0.0
20230504:1810,0.0,0.0,0.0,10.27,1.72,0.0
20230504:1910,0.0,0.0,0.0,9.21,1.59,0.0
20230504:2010,0.0,0.0,0.0,8.62,1.38,0.0
20230504:2110,0.0,0.0,0.0,8.21,1.03,0.0
20230504:2210,0.0,0.0,0.0,7.76,0.9,0.0
20230504:2310,0.0,0.0,0.0,7.45,1.03,0.0
20230505:0010,0.0,0.0,0.0,6.72,1.38,0.0
20230505:0110,0.0,0.0,0.0,6.05,1.59,0.0
20230505:0210,0.0,0.0,0.0,5.73,1.66,0.0
20230505:0310,0.0,1.65,3.24,5.22,1.52,0.0
20230505:0410,55.26,80.33,12.36,5.74,1.17,0.0
20230505:0510,211.03,267.94,21.83,7.44,1.1,0.0
20230505:0610,437.39,508.99,31.26,9.48,1.24,0.0
20230505:0710,622.11,732.26,40.2,11.1,1.17,0.0
20230505:0810,749.45,903.9,47.97,12.76,1.38,0.0
20230505:0910,816.69,999.73,53.53,13.99,1.66,0.0
20230505:1010,818.49,1004.16,55.64,14.84,1.86,0.0
20230505:1110,687.2,830.77,53.65,15.13,1.66,0.0
20230505:1210,461.14,546.65,48.17,15.3,1.45,0.0
20230505:1310,423.32,500.63,40.45,15.36,1.45,0.0
20230505:1410,74.95,102.2,31.53,15.3,1.66,0.0
20230505:1510,73.34,100.34,22.11,15.11,1.86,0.0
20230505:1610,46.45,69.71,12.64,14.15,2.21,0.0
20230505:1710,2.82,11.58,3.5,12.63,3.45,0.0
20230505:1810,0.0,0.0,0.0,11.02,3.72,0.0
20230505:1910,0.0,0.0,0.0,9.49,3.31,0.0
20230505:2010,0.0,0.0,0.0,8.5,2.83,0.0
20230505:2110,0.0,0.0,0.0,7.62,2.62,0.0
20230505:2210,0.0,0.0,0.0,6.87,2.55,0.0
20230505:2310,0.0,0.0,0.0,6.36,2.69,0.0
20230506:0010,0.0,0.0,0.0,6.12,2.83,0.0
20230506:0110,0.0,0.0,0.0,6.02,2.9,0.0
20230506:0210,0.0,0.0,0.0,5.55,2.97,0.0
20230506:0310,0.0,1.65,3.48,5.02,2.97,0.0
20230506:0410,24.14,40.34,12.59,5.18,2.97,0.0
20230506:0510,73.71,96.82,22.05,6.09,3.79,0.0
20230506:0610,104.52,130.89,31.49,7.37,3.79,0.0
20230506:0710,570.42,641.63,40.44,8.87,4.28,0.0
20230506:0810,755.8,864.95,48.22,10.25,4.41,0.0
20230506:0910,868.49,1011.7,53.81,11.21,4.41,0.0
20230506:1010,890.26,1044.45,55.92,12.07,4.48,0.0
20230506:1110,864.15,1013.31,53.91,12.83,4.55,0.0
20230506:1210,759.4,880.38,48.41,13.23,4.69,0.0
20230506:1310,575.18,659.48,40.67,13.28,4.62,0.0
20230506:1410,214.87,255.28,31.74,13.09,4.55,0.0
20230506:1510,87.15,114.59,22.31,12.64,4.48,0.0
20230506:1610,29.87,48.41,12.84,11.87,4.0,0.0
20230506:1710,0.0,4.13,3.71,10.92,4.28,0.0
20230506:1810,0.0,0.0,0.0,10.17,4.76,0.0
20230506:1910,0.0,0.0,0.0,10.01,5.24,0.0
20230506:2010,0.0,0.0,0.0,9.5,5.72,0.0
20230506:2110,0.0,0.0,0.0,9.07,5.72,0.0
20230506:2210,0.0,0.0,0.0,7.91,5.31,0.0
20230506:2310,0.0,0.0,0.0,6.37,5.38,0.0
20230507:0010,0.0,0.0,0.0,5.76,5.93,0.0
20230507:0110,0.0,0.0,0.0,5.11,6.28,0.0
20230507:0210,0.0,0.0,0.0,4.5,6.48,0.0
20230507:0310,0.0,2.48,3.71,4.32,6.34,0.0
20230507:0410,4.11,13.45,12.81,4.5,6.28,0.0
20230507:0510,18.37,33.17,22.27,5.02,5.59,0.0
20230507:0610,56.83,78.0,31.72,5.68,5.52,0.0
20230507:0710,85.42,109.38,40.68,6.04,5.79,0.0
20230507:0810,109.48,135.38,48.48,6.3,5.72,0.0
20230507:0910,121.03,147.93,54.08,6.67,5.86,0.0
20230507:1010,148.72,177.51,56.2,6.89,6.28,0.0
20230507:1110,140.35,168.55,54.17,6.64,5.59,0.0
20230507:1210,59.83,81.58,48.64,6.55,6.07,0.0
20230507:1310,51.0,71.72,40.88,6.51,6.0,0.0
20230507:1410,47.91,68.14,31.94,6.07,5.17,0.0
20230507:1510,28.56,45.72,22.5,5.73,4.9,0.0
20230507:1610,24.87,41.24,13.04,5.45,4.9,0.0
20230507:1710,1.19,8.27,3.92,5.21,4.48,0.0
20230507:1810,0.0,0.0,0.0,5.07,4.21,0.0
20230507:1910,0.0,0.0,0.0,4.47,3.72,0.0
20230507:2010,0.0,0.0,0.0,4.34,3.52,0.0
20230507:2110,0.0,0.0,0.0,4.1,3.38,0.0
20230507:2210,0.0,0.0,0.0,3.9,3.38,0.0
20230507:2310,0.0,0.0,0.0,3.7,3.38,0.0
20230508:0010,0.0,0.0,0.0,3.66,3.45,0.0
20230508:0110,0.0,0.0,0.0,3.65,3.52,0.0
20230508:0210,0.0,0.0,0.0,3.57,3.38,0.0
20230508:0310,0.0,2.48,3.93,3.29,3.17,0.0
20230508:0410,4.13,13.45,13.03,3.71,3.17,0.0
20230508:0510,23.43,39.45,22.49,5.0,3.24,0.0
20230508:0610,128.48,156.17,31.93,6.56,3.86,0.0
20230508:0710,287.52,326.33,40.9,7.13,4.14,0.0
20230508:0810,303.35,344.82,48.72,8.57,5.31,0.0
20230508:0910,447.66,504.88,54.34,9.55,5.17,0.0
20230508:1010,286.83,329.83,56.48,10.08,5.03,0.0
20230508:1110,267.92,310.31,54.43,10.79,4.9,0.0
20230508:1210,424.48,482.81,48.87,11.18,4.83,0.0
20230508:1310,199.67,236.34,41.09,11.16,4.76,0.0
20230508:1410,159.92,193.2,32.14,11.16,4.9,0.0
20230508:1510,93.41,120.75,22.7,10.87,4.55,0.0
20230508:1610,47.08,81.4,13.24,10.34,3.59,0.0
20230508:1710,5.91,16.54,4.13,9.35,3.17,0.0
20230508:1810,0.0,0.0,0.0,7.67,2.9,0.0
20230508:1910,0.0,0.0,0.0,7.71,2.0,0.0
20230508:2010,0.0,0.0,0.0,6.6,2.28,0.0
20230508:2110,0.0,0.0,0.0,5.73,2.41,0.0
20230508:2210,0.0,0.0,0.0,4.79,2.48,0.0
20230508:2310,0.0,0.0,0.0,3.94,2.48,0.0
20230509:0010,0.0,0.0,0.0,3.12,2.48,0.0
20230509:0110,0.0,0.0,0.0,2.45,2.48,0.0
20230509:0210,0.0,0.0,0.0,1.91,2.48,0.0
20230509:0310,0.11,5.79,4.15,1.49,2.48,0.0
20230509:0410,42.61,76.18,13.24,2.48,2.14,0.0
20230509:0510,227.34,284.05,22.7,5.29,2.28,0.0
20230509:0610,454.96,519.19,32.15,7.7,2.62,0.0
20230509:0710,645.95,741.74,41.13,9.72,2.76,0.0
20230509:0810,680.3,785.06,48.97,11.38,3.66,0.0
20230509:0910,763.84,887.35,54.61,12.38,4.48,0.0
20230509:1010,819.38,963.67,56.74,12.79,4.07,0.0
20230509:1110,756.9,888.63,54.69,12.96,3.66,0.0
20230509:1210,583.94,676.81,49.1,13.12,3.45,0.0
20230509:1310,328.37,381.2,41.3,12.91,3.38,0.0
20230509:1410,393.13,456.27,32.33,12.53,3.38,0.0
20230509:1510,206.84,260.03,22.89,12.07,3.1,0.0
20230509:1610,43.52,80.17,13.43,11.32,2.55,0.0
20230509:1710,6.95,18.19,4.33,10.39,2.41,0.0
20230509:1810,0.0,0.0,0.0,8.84,2.41,0.0
20230509:1910,0.0,0.0,0.0,8.91,2.14,0.0
20230509:2010,0.0,0.0,0.0,7.73,2.14,0.0
20230509:2110,0.0,0.0,0.0,6.46,2.07,0.0
20230509:2210,0.0,0.0,0.0,5.06,2.0,0.0
20230509:2310,0.0,0.0,0.0,3.94,1.86,0.0
20230510:0010,0.0,0.0,0.0,3.54,1.59,0.0
20230510:0110,0.0,0.0,0.0,3.73,1.24,0.0
20230510:0210,0.0,0.0,0.0,3.36,1.17,0.0
20230510:0310,0.0,3.31,4.37,1.35,1.66,0.0
20230510:0410,40.53,75.06,13.45,2.28,1.59,0.0
20230510:0510,225.92,284.11,22.9,6.38,1.86,0.0
20230510:0610,419.78,481.83,32.35,8.62,2.28,0.0
20230510:0710,585.31,673.83,41.35,10.69,2.62,0.0
20230510:0810,777.21,909.39,49.2,11.88,3.31,0.0
20230510:0910,607.64,704.96,54.86,12.41,3.31,0.0
20230510:1010,686.02,802.05,57.01,12.29,3.17,0.0
20230510:1110,371.97,431.45,54.94,12.49,2.9,0.0
20230510:1210,623.98,730.25,49.33,12.67,2.48,0.0
20230510:1310,433.36,503.44,41.5,12.82,2.21,0.0
20230510:1410,409.73,479.51,32.53,12.73,2.21,0.0
20230510:1510,214.11,272.21,23.08,12.56,2.34,0.0
20230510:1610,39.18,77.63,13.62,11.83,2.07,0.0
20230510:1710,7.48,19.02,4.53,10.85,2.41,0.0
20230510:1810,0.0,0.0,0.0,9.49,2.76,0.0
20230510:1910,0.0,0.0,0.0,9.25,2.62,0.0
20230510:2010,0.0,0.0,0.0,8.45,2.83,0.0
20230510:2110,0.0,0.0,0.0,7.94,2.97,0.0
20230510:2210,0.0,0.0,0.0,7.37,2.9,0.0
20230510:2310,0.0,0.0,0.0,7.05,2.62,0.0
20230511:0010,0.0,0.0,0.0,6.36,2.55,0.0
20230511:0110,0.0,0.0,0.0,5.53,2.55,0.0
20230511:0210,0.0,0.0,0.0,5.04,2.48,0.0
20230511:0310,0.8,7.44,4.58,4.62,2.41,0.0
20230511:0410,43.01,77.82,13.65,5.3,2.21,0.0
20230511:0510,224.71,283.76,23.1,7.79,2.21,0.0
20230511:0610,444.93,513.41,32.56,10.2,2.69,0.0
20230511:0710,635.99,735.59,41.56,11.91,3.03,0.0
20230511:0810,590.43,683.37,49.43,13.44,3.86,0.0
20230511:0910,647.62,755.18,55.11,14.21,4.07,0.0
20230511:1010,752.15,890.59,57.27,14.56,3.66,0.0
20230511:1110,545.69,635.71,55.18,14.39,3.59,0.0
20230511:1210,546.81,636.13,49.55,14.35,3.52,0.0
20230511:1310,596.1,694.81,41.71,14.65,3.45,0.0
20230511:1410,412.37,482.77,32.72,14.37,3.38,0.0
20230511:1510,220.95,284.67,23.27,13.75,2.97,0.0
20230511:1610,42.51,80.4,13.81,13.14,2.9,0.0
20230511:1710,7.99,19.84,4.73,11.98,2.69,0.0
20230511:1810,0.0,0.0,0.0,10.56,2.69,0.0
20230511:1910,0.0,0.0,0.0,9.91,2.9,0.0
20230511:2010,0.0,0.0,0.0,8.98,2.9,0.0
20230511:2110,0.0,0.0,0.0,8.11,2.83,0.0
20230511:2210,0.0,0.0,0.0,7.25,2.76,0.0
20230511:2310,0.0,0.0,0.0,6.57,2.55,0.0
20230512:0010,0.0,0.0,0.0,5.7,2.48,0.0
20230512:0110,0.0,0.0,0.0,4.98,2.34,0.0
20230512:0210,0.0,0.0,0.0,4.21,2.34,0.0
20230512:0310,0.81,7.44,4.78,3.53,2.28,0.0
20230512:0410,44.7,79.46,13.85,4.74,1.72,0.0
20230512:0510,221.07,280.74,23.29,9.05,1.45,0.0
20230512:0610,426.77,500.25,32.75,11.91,1.66,0.0
20230512:0710,619.0,732.65,41.77,14.11,1.86,0.0
20230512:0810,756.25,905.38,49.66,15.39,2.76,0.0
20230512:0910,839.43,1016.71,55.36,16.19,3.17,0.0
20230512:1010,869.3,1054.72,57.52,16.68,3.59,0.0
20230512:1110,799.43,962.08,55.42,16.83,3.59,0.0
20230512:1210,739.93,885.07,49.77,17.0,3.38,0.0
20230512:1310,534.12,629.87,41.91,17.08,3.17,0.0
20230512:1410,353.0,419.78,32.9,16.9,2.9,0.0
20230512:1510,200.73,257.73,23.45,16.69,2.62,0.0
20230512:1610,50.56,87.31,14.0,16.11,1.59,0.0
20230512:1710,8.95,21.5,4.93,15.09,1.24,0.0
20230512:1810,0.0,0.0,0.0,12.79,1.86,0.0
20230512:1910,0.0,0.0,0.0,11.21,2.34,0.0
20230512:2010,0.0,0.0,0.0,10.34,2.34,0.0
20230512:2110,0.0,0.0,0.0,9.43,2.34,0.0
20230512:2210,0.0,0.0,0.0,8.59,2.34,0.0
20230512:2310,0.0,0.0,0.0,7.65,2.14,0.0
20230513:0010,0.0,0.0,0.0,7.04,1.86,0.0
20230513:0110,0.0,0.0,0.0,6.7,1.66,0.0
20230513:0210,0.0,0.0,0.0,7.27,1.24,0.0
20230513:0310,1.59,9.1,4.98,6.65,1.24,0.0
20230513:0410,44.36,79.77,14.04,7.0,1.1,0.0
20230513:0510,218.65,281.22,23.48,10.89,1.24,0.0
20230513:0610,423.77,501.04,32.94,13.96,1.79,0.0
20230513:0710,611.03,724.18,41.97,15.74,2.34,0.0
20230513:0810,742.78,895.03,49.87,17.32,2.9,0.0
20230513:0910,591.05,705.19,55.6,18.17,3.24,0.0
20230513:1010,397.11,472.17,57.77,18.35,3.24,0.0
20230513:1110,742.66,900.58,55.66,18.66,3.24,0.0
20230513:1210,662.22,797.89,49.98,19.03,3.03,0.0
20230513:1310,352.68,421.6,42.1,19.17,2.83,0.0
20230513:1410,398.75,479.8,33.09,19.01,2.55,0.0
20230513:1510,140.46,181.08,23.63,18.68,2.21,0.0
20230513:1610,57.87,92.54,14.19,16.27,1.31,0.0
20230513:1710,10.64,23.98,5.12,15.49,1.31,0.0
20230513:1810,0.0,0.0,0.0,14.06,1.24,0.0
20230513:1910,0.0,0.0,0.0,13.88,1.17,0.0
20230513:2010,0.0,0.0,0.0,13.28,1.1,0.0
20230513:2110,0.0,0.0,0.0,12.91,1.03,0.0
20230513:2210,0.0,0.0,0.0,10.74,1.38,0.0
20230513:2310,0.0,0.0,0.0,8.81,1.66,0.0
20230514:0010,0.0,0.0,0.0,7.79,1.72,0.0
20230514:0110,0.0,0.0,0.0,7.26,1.66,0.0
20230514:0210,0.0,0.0,0.0,7.17,1.52,0.0
20230514:0310,0.0,3.31,5.17,8.13,1.1,0.0
20230514:0410,53.77,87.92,14.23,9.43,0.28,0.0
20230514:0510,216.57,281.55,23.66,12.17,0.34,0.0
20230514:0610,422.62,508.58,33.13,15.58,0.83,0.0
20230514:0710,593.24,719.06,42.16,17.12,1.1,0.0
20230514:0810,725.46,898.04,50.09,18.66,1.52,0.0
20230514:0910,797.99,996.32,55.83,19.78,2.14,0.0
20230514:1010,811.02,1007.99,58.01,20.08,2.69,0.0
20230514:1110,751.08,924.16,55.89,20.4,2.9,0.0
20230514:1210,488.1,587.87,50.2,20.66,2.76,0.0
20230514:1310,578.84,699.42,42.29,20.57,2.62,0.0
20230514:1410,365.19,442.06,33.27,20.51,2.76,0.0
20230514:1510,209.78,277.57,23.81,20.16,2.69,0.0
20230514:1610,40.73,81.18,14.37,19.23,2.07,0.0
20230514:1710,10.5,23.98,5.31,17.92,2.14,0.0
20230514:1810,0.0,0.0,0.0,15.97,2.55,0.0
20230514:1910,0.0,0.0,0.0,14.87,2.55,0.0
20230514:2010,0.0,0.0,0.0,13.49,2.55,0.0
20230514:2110,0.0,0.0,0.0,12.33,2.55,0.0
20230514:2210,0.0,0.0,0.0,11.38,2.48,0.0
20230514:2310,0.0,0.0,0.0,10.56,2.55,0.0
20230515:0010,0.0,0.0,0.0,10.05,2.62,0.0
20230515:0110,0.0,0.0,0.0,9.91,2.69,0.0
20230515:0210,0.0,0.0,0.0,10.13,2.9,0.0
20230515:0310,0.0,4.13,5.36,10.29,3.03,0.0
20230515:0410,5.02,15.24,14.41,11.23,3.17,0.0
20230515:0510,127.43,160.87,23.84,13.05,3.31,0.0
20230515:0610,301.28,355.87,33.31,15.4,3.79,0.0
20230515:0710,399.04,467.68,42.35,17.96,5.24,0.0
20230515:0810,587.16,688.71,50.29,19.21,6.21,0.0
20230515:0910,740.31,874.41,56.06,19.95,7.17,0.0
20230515:1010,744.42,880.29,58.25,20.08,7.31,0.0
20230515:1110,718.84,849.03,56.12,20.15,7.17,0.0
20230515:1210,504.89,593.43,50.4,20.8,7.52,0.0
20230515:1310,330.96,393.82,42.48,20.85,6.97,0.0
20230515:1410,185.24,229.74,33.45,20.55,5.59,0.0
20230515:1510,70.5,98.62,23.99,19.88,4.97,0.0
20230515:1610,37.47,59.17,14.55,19.1,4.83,0.0
20230515:1710,4.09,14.06,5.5,18.43,4.76,0.0
20230515:1810,0.0,0.0,0.0,17.97,4.41,0.0
20230515:1910,0.0,0.0,0.0,16.78,4.48,0.0
20230515:2010,0.0,0.0,0.0,16.46,4.34,0.0
20230515:2110,0.0,0.0,0.0,16.16,3.86,0.0
20230515:2210,0.0,0.0,0.0,15.86,3.52,0.0
20230515:2310,0.0,0.0,0.0,15.57,3.45,0.0
20230516:0010,0.0,0.0,0.0,15.32,3.45,0.0
20230516:0110,0.0,0.0,0.0,15.03,3.31,0.0
20230516:0210,0.0,0.0,0.0,14.69,3.03,0.0
20230516:0310,0.0,4.13,5.54,14.36,2.62,0.0
20230516:0410,6.05,17.03,14.58,14.08,2.41,0.0
20230516:0510,199.97,256.72,24.01,15.13,2.41,0.0
20230516:0610,348.75,414.67,33.48,16.28,2.48,0.0
20230516:0710,281.06,337.16,42.53,17.19,1.93,0.0
20230516:0810,446.16,532.3,50.49,18.7,2.55,0.0
20230516:0910,473.25,566.83,56.28,19.41,2.76,0.0
20230516:1010,481.54,579.78,58.48,19.84,2.48,0.0
20230516:1110,554.4,670.71,56.35,20.24,2.55,0.0
20230516:1210,376.17,452.85,50.61,20.35,2.55,0.0
20230516:1310,350.72,423.12,42.67,20.62,2.41,0.0
20230516:1410,152.16,193.72,33.63,20.65,1.93,0.0
20230516:1510,71.46,100.41,24.16,20.5,1.24,0.0
20230516:1610,55.17,92.12,14.73,20.12,0.07,0.0
20230516:1710,9.85,23.15,5.68,19.26,1.1,0.0
20230516:1810,0.0,0.0,0.0,17.8,2.14,0.0
20230516:1910,0.0,0.0,0.0,16.25,2.41,0.0
20230516:2010,0.0,0.0,0.0,15.44,2.48,0.0
20230516:2110,0.0,0.0,0.0,14.95,2.48,0.0
20230516:2210,0.0,0.0,0.0,15.09,2.48,0.0
20230516:2310,0.0,0.0,0.0,15.04,2.41,0.0
20230517:0010,0.0,0.0,0.0,14.74,2.55,0.0
20230517:0110,0.0,0.0,0.0,14.67,2.69,0.0
20230517:0210,0.0,0.0,0.0,14.58,2.83,0.0
20230517:0310,0.0,4.13,5.72,14.3,2.9,0.0
20230517:0410,4.91,15.24,14.75,14.86,2.97,0.0
20230517:0510,16.0,31.38,24.18,15.68,2.97,0.0
20230517:0610,66.23,92.34,33.65,16.16,3.31,0.0
20230517:0710,121.46,155.1,42.71,16.53,3.59,0.0
20230517:0810,105.34,137.17,50.69,16.88,3.59,0.0
20230517:0910,115.52,148.82,56.49,17.16,3.59,0.0
20230517:1010,213.53,259.89,58.71,18.39,4.62,0.0
20230517:1110,216.62,264.75,56.56,20.1,5.79,0.0
20230517:1210,196.8,242.76,50.81,20.42,5.52,0.0
20230517:1310,145.69,184.68,42.85,19.92,4.55,0.0
20230517:1410,183.42,227.7,33.8,20.19,4.62,0.0
20230517:1510,144.03,186.1,24.34,20.53,4.34,0.0
20230517:1610,54.83,81.2,14.9,20.4,3.52,0.0
20230517:1710,6.59,18.19,5.87,19.32,2.69,0.0
20230517:1810,0.0,0.0,0.0,17.7,2.48,0.0
20230517:1910,0.0,0.0,0.0,16.96,2.21,0.0
20230517:2010,0.0,0.0,0.0,16.22,2.21,0.0
20230517:2110,0.0,0.0,0.0,15.56,2.41,0.0
20230517:2210,0.0,0.0,0.0,15.1,2.62,0.0
20230517:2310,0.0,0.0,0.0,15.13,2.69,0.0
20230518:0010,0.0,0.0,0.0,15.04,2.62,0.0
20230518:0110,0.0,0.0,0.0,14.86,2.41,0.0
20230518:0210,0.0,0.0,0.0,14.58,2.07,0.0
20230518:0310,0.0,4.13,5.89,14.18,1.59,0.0
20230518:0410,5.48,16.14,14.91,14.23,1.45,0.0
20230518:0510,16.68,32.27,24.34,15.3,1.17,0.0
20230518:0610,98.92,130.0,33.81,16.03,1.1,0.0
20230518:0710,307.58,367.28,42.88,16.1,1.31,0.0
20230518:0810,240.05,290.86,50.88,16.9,1.52,0.0
20230518:0910,396.28,476.23,56.7,18.4,1.66,0.0
20230518:1010,276.71,337.15,58.93,19.88,1.93,0.0
20230518:1110,444.52,536.83,56.78,20.62,2.41,0.0
20230518:1210,588.49,713.3,51.0,20.91,2.76,0.0
20230518:1310,420.89,505.98,43.04,21.23,3.03,0.0
20230518:1410,262.66,321.26,33.98,21.33,3.24,0.0
20230518:1510,151.29,194.57,24.51,19.26,2.69,0.0
20230518:1610,36.02,57.38,15.08,18.8,3.1,0.0
20230518:1710,7.18,19.02,6.05,17.72,3.17,0.0
20230518:1810,0.0,0.0,0.0,16.93,3.45,0.0
20230518:1910,0.0,0.0,0.0,15.91,3.31,0.0
20230518:2010,0.0,0.0,0.0,15.04,3.17,0.0
20230518:2110,0.0,0.0,0.0,14.5,3.03,0.0
20230518:2210,0.0,0.0,0.0,13.96,2.83,0.0
20230518:2310,0.0,0.0,0.0,13.55,2.69,0.0
20230519:0010,0.0,0.0,0.0,13.3,2.62,0.0
20230519:0110,0.0,0.0,0.0,13.02,2.55,0.0
20230519:0210,0.0,0.0,0.0,12.74,2.48,0.0
20230519:0310,0.0,4.13,6.05,12.51,2.41,0.0
20230519:0410,5.52,16.14,15.07,13.16,2.14,0.0
20230519:0510,34.55,54.69,24.49,14.71,2.97,0.0
20230519:0610,144.95,181.56,33.97,16.19,2.55,0.0
20230519:0710,250.3,300.57,43.05,16.41,2.28,0.0
20230519:0810,359.64,429.23,51.06,17.54,2.0,0.0
20230519:0910,429.67,516.82,56.91,19.0,1.93,0.0
20230519:1010,610.31,748.06,59.15,20.35,2.0,0.0
20230519:1110,743.61,927.86,56.99,21.19,2.14,0.0
20230519:1210,654.79,805.13,51.19,21.59,2.34,0.0
20230519:1310,382.5,462.61,43.21,21.69,2.62,0.0
20230519:1410,198.52,246.43,34.14,20.87,3.24,0.0
20230519:1510,56.89,82.48,24.67,19.09,3.66,0.0
20230519:1610,58.39,84.88,15.25,18.16,2.41,0.0
20230519:1710,10.52,23.98,6.22,17.66,2.41,0.0
20230519:1810,0.0,0.0,0.0,16.87,2.62,0.0
20230519:1910,0.0,0.0,0.0,16.62,2.34,0.0
20230519:2010,0.0,0.0,0.0,16.01,2.14,0.0
20230519:2110,0.0,0.0,0.0,15.79,1.93,0.0
20230519:2210,0.0,0.0,0.0,15.51,1.86,0.0
20230519:2310,0.0,0.0,0.0,15.07,1.86,0.0
20230520:0010,0.0,0.0,0.0,14.83,1.93,0.0
20230520:0110,0.0,0.0,0.0,14.55,2.14,0.0
20230520:0210,0.0,0.0,0.0,14.03,2.34,0.0
20230520:0310,0.0,4.13,6.21,13.55,2.41,0.0
20230520:0410,5.49,16.14,15.22,13.89,2.28,0.0
20230520:0510,68.82,95.03,24.64,15.26,2.69,0.0
20230520:0610,267.67,320.84,34.12,16.73,2.83,0.0
20230520:0710,584.23,693.97,43.2,18.31,3.17,0.0
20230520:0810,704.36,845.33,51.23,19.46,3.86,0.0
20230520:0910,790.2,959.74,57.1,20.25,4.14,0.0
20230520:1010,829.61,1015.08,59.36,20.79,4.21,0.0
20230520:1110,814.93,996.49,57.19,21.16,4.21,0.0
20230520:1210,734.2,888.82,51.38,21.32,4.21,0.0
20230520:1310,607.05,725.97,43.39,21.33,4.34,0.0
20230520:1410,417.37,501.95,34.31,21.08,4.41,0.0
20230520:1510,220.91,294.07,24.84,20.58,4.41,0.0
20230520:1610,46.1,87.57,15.41,19.81,3.66,0.0
20230520:1710,15.18,30.59,6.39,18.45,3.24,0.0
20230520:1810,0.0,0.0,0.0,16.74,3.03,0.0
20230520:1910,0.0,0.0,0.0,16.3,3.03,0.0
20230520:2010,0.0,0.0,0.0,15.28,3.17,0.0
20230520:2110,0.0,0.0,0.0,14.45,3.24,0.0
20230520:2210,0.0,0.0,0.0,13.7,3.24,0.0
20230520:2310,0.0,0.0,0.0,12.87,3.03,0.0
20230521:0010,0.0,0.0,0.0,12.0,2.97,0.0
20230521:0110,0.0,0.0,0.0,11.18,2.9,0.0
20230521:0210,0.0,0.0,0.0,10.39,2.83,0.0
20230521:0310,14.65,28.94,6.37,9.86,2.83,0.0
20230521:0410,45.66,84.93,15.36,10.53,2.76,0.0
20230521:0510,224.92,286.41,24.78,12.01,3.45,0.0
20230521:0610,438.42,511.34,34.26,13.66,3.66,0.0
20230521:0710,617.9,722.3,43.36,15.51,3.72,0.0
20230521:0810,754.72,894.22,51.4,16.8,4.28,0.0
20230521:0910,837.24,1003.26,57.3,17.72,4.69,0.0
20230521:1010,872.48,1053.38,59.57,18.37,4.76,0.0
20230521:1110,850.86,1026.99,57.39,18.82,4.69,0.0
20230521:1210,762.18,912.6,51.57,19.06,4.48,0.0
20230521:1310,608.46,721.16,43.56,19.15,4.21,0.0
20230521:1410,442.26,528.42,34.47,19.19,4.0,0.0
20230521:1510,221.19,289.96,25.0,19.05,3.66,0.0
20230521:1610,43.55,87.29,15.58,18.55,3.03,0.0
20230521:1710,14.67,29.77,6.56,17.25,2.83,0.0
20230521:1810,0.0,0.0,0.0,15.43,2.9,0.0
20230521:1910,0.0,0.0,0.0,14.6,2.34,0.0
20230521:2010,0.0,0.0,0.0,13.26,2.21,0.0
20230521:2110,0.0,0.0,0.0,11.74,1.86,0.0
20230521:2210,0.0,0.0,0.0,11.54,1.31,0.0
20230521:2310,0.0,0.0,0.0,11.43,1.17,0.0
20230522:0010,0.0,0.0,0.0,8.72,1.79,0.0
20230522:0110,0.0,0.0,0.0,7.81,2.07,0.0
20230522:0210,0.0,0.0,0.0,7.5,2.21,0.0
20230522:0310,18.69,33.9,6.51,7.32,2.14,0.0
20230522:0410,63.86,98.64,15.5,9.08,1.59,0.0
20230522:0510,218.63,280.58,24.92,13.11,1.59,0.0
20230522:0610,425.05,505.95,34.4,15.36,1.86,0.0
20230522:0710,599.19,714.55,43.5,16.74,2.21,0.0
20230522:0810,592.09,708.56,51.57,18.14,2.76,0.0
20230522:0910,731.23,882.04,57.48,19.16,3.86,0.0
20230522:1010,730.36,880.3,59.77,19.62,4.28,0.0
20230522:1110,631.34,758.0,57.59,19.96,3.93,0.0
20230522:1210,650.58,785.08,51.75,20.01,3.31,0.0
20230522:1310,458.0,549.5,43.72,20.24,2.76,0.0
20230522:1410,385.02,466.2,34.63,20.2,2.48,0.0
20230522:1510,199.74,258.22,25.15,19.92,2.41,0.0
20230522:1610,47.51,90.57,15.74,19.37,2.55,0.0
20230522:1710,17.04,33.07,6.73,18.05,2.69,0.0
20230522:1810,0.0,0.0,0.0,16.51,2.9,0.0
20230522:1910,0.0,0.0,0.0,15.48,2.69,0.0
20230522:2010,0.0,0.0,0.0,14.37,2.76,0.0
20230522:2110,0.0,0.0,0.0,13.59,2.76,0.0
20230522:2210,0.0,0.0,0.0,13.24,2.69,0.0
20230522:2310,0.0,0.0,0.0,12.48,2.55,0.0
20230523:0010,0.0,0.0,0.0,11.83,2.34,0.0
20230523:0110,0.0,0.0,0.0,10.92,2.28,0.0
20230523:0210,0.0,0.0,0.0,10.25,2.21,0.0
20230523:0310,2.87,11.58,6.66,9.76,2.07,0.0
20230523:0410,73.44,101.53,15.64,11.36,1.59,0.0
20230523:0510,132.85,168.28,25.05,14.42,1.86,0.0
20230523:0610,302.45,361.57,34.53,16.52,2.28,0.0
20230523:0710,549.58,653.73,43.65,18.07,2.83,0.0
20230523:0810,713.29,863.81,51.72,19.46,3.17,0.0
20230523:0910,668.06,812.68,57.66,20.37,3.1,0.0
20230523:1010,506.56,615.49,59.96,20.98,2.34,0.0
20230523:1110,649.63,808.08,57.78,21.27,1.66,0.0
20230523:1210,663.62,831.26,51.92,21.63,1.31,0.0
20230523:1310,564.67,697.95,43.89,21.55,1.17,0.0
20230523:1410,412.95,509.03,34.79,21.51,1.24,0.0
20230523:1510,217.4,290.94,25.31,21.16,1.31,0.0
20230523:1610,46.0,90.18,15.89,20.74,1.59,0.0
20230523:1710,16.29,32.25,6.89,19.47,2.07,0.0
20230523:1810,0.0,0.0,0.0,17.48,2.55,0.0
20230523:1910,0.0,0.0,0.0,16.47,2.07,0.0
20230523:2010,0.0,0.0,0.0,14.39,2.21,0.0
20230523:2110,0.0,0.0,0.0,12.89,2.0,0.0
20230523:2210,0.0,0.0,0.0,11.89,2.0,0.0
20230523:2310,0.0,0.0,0.0,11.2,2.0,0.0
20230524:0010,0.0,0.0,0.0,10.43,2.0,0.0
20230524:0110,0.0,0.0,0.0,10.05,2.14,0.0
20230524:0210,0.0,0.0,0.0,9.98,2.14,0.0
20230524:0310,19.73,35.55,6.79,9.94,2.14,0.0
20230524:0410,65.43,100.81,15.77,11.71,1.72,0.0
20230524:0510,186.32,235.09,25.17,15.17,1.59,0.0
20230524:0610,388.97,469.78,34.66,17.86,1.45,0.0
20230524:0710,274.81,335.24,43.78,19.58,1.24,0.0
20230524:0810,180.17,227.13,51.87,21.31,1.45,0.0
20230524:0910,549.42,681.41,57.83,22.39,1.45,0.0
20230524:1010,780.88,1006.82,60.15,22.94,1.38,0.0
20230524:1110,741.52,954.0,57.96,23.41,1.24,0.0
20230524:1210,689.13,874.75,52.09,23.7,1.38,0.0
20230524:1310,574.19,712.9,44.05,23.63,1.66,0.0
20230524:1410,416.61,515.46,34.94,23.54,1.93,0.0
20230524:1510,219.64,296.5,25.46,23.1,2.21,0.0
20230524:1610,45.82,90.93,16.05,22.34,2.07,0.0
20230524:1710,16.78,33.07,7.05,20.84,2.34,0.0
20230524:1810,0.0,0.0,0.0,19.02,2.62,0.0
20230524:1910,0.0,0.0,0.0,18.07,2.55,0.0
20230524:2010,0.0,0.0,0.0,16.74,2.48,0.0
20230524:2110,0.0,0.0,0.0,15.49,2.41,0.0
20230524:2210,0.0,0.0,0.0,14.32,2.28,0.0
20230524:2310,0.0,0.0,0.0,13.23,2.07,0.0
20230525:0010,0.0,0.0,0.0,12.42,1.79,0.0
20230525:0110,0.0,0.0,0.0,12.16,1.66,0.0
20230525:0210,0.0,0.0,0.0,11.37,1.72,0.0
20230525:0310,18.97,34.73,6.92,10.98,1.66,0.0
20230525:0410,64.08,100.11,15.89,13.24,1.03,0.0
20230525:0510,212.6,279.38,25.29,16.88,1.03,0.0
20230525:0610,403.09,491.82,34.78,19.39,1.24,0.0
20230525:0710,568.74,696.57,43.91,21.55,1.79,0.0
20230525:0810,700.36,868.66,52.02,22.88,2.55,0.0
20230525:0910,670.71,830.29,58.0,23.12,2.83,0.0
20230525:1010,432.31,528.32,60.33,23.51,2.83,0.0
20230525:1110,566.14,698.17,58.14,23.8,2.62,0.0
20230525:1210,222.42,278.42,52.26,24.07,2.69,0.0
20230525:1310,406.77,496.49,44.2,24.0,2.9,0.0
20230525:1410,324.43,398.9,35.09,23.95,3.24,0.0
20230525:1510,205.72,271.87,25.61,23.45,3.38,0.0
20230525:1610,30.33,51.1,16.2,22.64,3.1,0.0
20230525:1710,17.97,34.73,7.21,21.14,2.76,0.0
20230525:1810,0.0,0.0,0.0,19.55,2.83,0.0
20230525:1910,0.0,0.0,0.0,18.37,2.83,0.0
20230525:2010,0.0,0.0,0.0,17.23,2.69,0.0
20230525:2110,0.0,0.0,0.0,16.28,2.55,0.0
20230525:2210,0.0,0.0,0.0,15.32,2.48,0.0
20230525:2310,0.0,0.0,0.0,14.5,2.48,0.0
20230526:0010,0.0,0.0,0.0,13.81,2.55,0.0
20230526:0110,0.0,0.0,0.0,13.37,2.48,0.0
20230526:0210,0.0,0.0,0.0,12.92,2.48,0.0
20230526:0310,1.5,9.1,7.05,12.71,2.28,0.0
20230526:0410,73.5,106.38,16.01,13.95,1.79,0.0
20230526:0510,208.64,270.74,25.41,16.65,2.14,0.0
20230526:0610,399.41,481.46,34.89,18.75,2.28,0.0
20230526:0710,561.24,680.37,44.03,20.63,2.21,0.0
20230526:0810,686.59,847.39,52.16,22.25,2.55,0.0
20230526:0910,745.05,931.48,58.16,23.31,2.76,0.0
20230526:1010,218.9,274.18,60.51,24.05,2.97,0.0
20230526:1110,444.32,544.71,58.32,24.53,3.03,0.0
20230526:1210,253.93,315.56,52.42,24.63,3.24,0.0
20230526:1310,558.6,681.82,44.35,24.38,3.45,0.0
20230526:1410,434.69,528.14,35.24,21.38,2.97,0.0
20230526:1510,205.17,268.15,25.75,21.22,2.76,0.0
20230526:1610,73.85,109.91,16.35,20.72,2.76,0.0
20230526:1710,21.19,38.86,7.36,20.04,2.34,0.0
20230526:1810,0.0,0.0,0.0,18.86,2.48,0.0
20230526:1910,0.0,0.0,0.0,17.97,2.76,0.0
20230526:2010,0.0,0.0,0.0,17.16,2.83,0.0
20230526:2110,0.0,0.0,0.0,16.47,2.9,0.0
20230526:2210,0.0,0.0,0.0,16.11,2.97,0.0
20230526:2310,0.0,0.0,0.0,15.44,3.1,0.0
20230527:0010,0.0,0.0,0.0,14.98,3.24,0.0
20230527:0110,0.0,0.0,0.0,14.37,3.24,0.0
20230527:0210,0.0,0.0,0.0,13.92,3.24,0.0
20230527:0310,0.04,5.79,7.16,13.58,3.31,0.0
20230527:0410,75.59,105.07,16.12,14.08,3.24,0.0
20230527:0510,207.41,262.57,25.51,15.05,3.79,0.0
20230527:0610,401.3,473.27,35.0,16.33,4.0,0.0
20230527:0710,583.23,683.64,44.15,17.02,4.14,0.0
20230527:0810,723.37,861.36,52.29,18.45,4.34,0.0
20230527:0910,760.3,913.98,58.31,19.41,4.55,0.0
20230527:1010,829.77,1008.88,60.68,19.94,4.41,0.0
20230527:1110,833.39,1014.6,58.49,20.46,4.48,0.0
20230527:1210,753.73,906.96,52.58,20.62,4.69,0.0
20230527:1310,631.66,750.92,44.5,20.59,4.9,0.0
20230527:1410,438.57,523.92,35.38,20.39,5.17,0.0
20230527:1510,223.82,292.63,25.9,19.86,5.17,0.0
20230527:1610,54.72,97.94,16.49,19.23,4.83,0.0
20230527:1710,20.12,37.21,7.51,18.45,4.21,0.0
20230527:1810,0.0,0.0,0.0,16.95,3.79,0.0
20230527:1910,0.0,0.0,0.0,15.31,3.38,0.0
20230527:2010,0.0,0.0,0.0,14.3,3.45,0.0
20230527:2110,0.0,0.0,0.0,13.43,3.45,0.0
20230527:2210,0.0,0.0,0.0,12.64,3.31,0.0
20230527:2310,0.0,0.0,0.0,11.91,3.17,0.0
20230528:0010,0.0,0.0,0.0,11.27,3.24,0.0
20230528:0110,0.0,0.0,0.0,10.7,3.24,0.0
20230528:0210,0.0,0.0,0.0,10.15,3.1,0.0
20230528:0310,0.06,5.79,7.28,9.83,2.97,0.0
20230528:0410,75.23,108.54,16.22,10.53,2.62,0.0
20230528:0510,223.3,281.82,25.61,11.92,3.38,0.0
20230528:0610,428.79,500.8,35.1,13.37,3.24,0.0
20230528:0710,607.91,712.16,44.26,14.63,2.97,0.0
20230528:0810,740.68,885.96,52.41,16.09,2.97,0.0
20230528:0910,824.28,1005.33,58.46,17.13,2.9,0.0
20230528:1010,858.8,1061.14,60.84,17.99,2.76,0.0
20230528:1110,821.49,1013.22,58.65,18.64,2.69,0.0
20230528:1210,754.11,921.77,52.74,19.14,2.69,0.0
20230528:1310,623.84,752.42,44.65,19.45,2.62,0.0
20230528:1410,446.19,538.82,35.52,19.52,2.62,0.0
20230528:1510,231.11,305.41,26.03,19.36,2.69,0.0
20230528:1610,48.15,94.43,16.63,18.95,2.69,0.0
20230528:1710,20.15,37.21,7.66,18.0,2.14,0.0
20230528:1810,0.0,0.0,0.0,16.33,2.34,0.0
20230528:1910,0.0,0.0,0.0,15.04,2.48,0.0
20230528:2010,0.0,0.0,0.0,13.74,2.55,0.0
20230528:2110,0.0,0.0,0.0,12.66,2.55,0.0
20230528:2210,0.0,0.0,0.0,11.66,2.41,0.0
20230528:2310,0.0,0.0,0.0,10.69,2.34,0.0
20230529:0010,0.0,0.0,0.0,9.82,2.34,0.0
20230529:0110,0.0,0.0,0.0,9.06,2.28,0.0
20230529:0210,0.0,0.0,0.0,8.39,2.28,0.0
20230529:0310,3.88,13.23,7.38,8.09,2.14,0.0
20230529:0410,73.96,107.98,16.32,10.02,1.79,0.0
20230529:0510,222.43,284.99,25.71,13.16,2.0,0.0
20230529:0610,429.18,510.36,35.2,15.35,2.07,0.0
20230529:0710,600.07,718.88,44.36,16.75,1.86,0.0
20230529:0810,725.79,889.75,52.53,18.2,1.93,0.0
20230529:0910,801.57,1003.24,58.6,19.13,1.86,0.0
20230529:1010,830.98,1058.99,61.0,19.83,1.52,0.0
20230529:1110,787.63,1006.33,58.81,20.43,1.17,0.0
20230529:1210,724.65,920.93,52.89,20.89,0.9,0.0
20230529:1310,600.41,747.63,44.79,21.23,0.9,0.0
20230529:1410,436.16,538.45,35.66,21.34,1.17,0.0
20230529:1510,227.41,304.5,26.17,21.2,1.52,0.0
20230529:1610,47.92,95.18,16.77,20.79,1.79,0.0
20230529:1710,19.32,36.38,7.8,19.88,1.59,0.0
20230529:1810,0.0,0.0,0.0,18.17,2.0,0.0
20230529:1910,0.0,0.0,0.0,16.16,1.72,0.0
20230529:2010,0.0,0.0,0.0,14.47,1.66,0.0
20230529:2110,0.0,0.0,0.0,13.75,1.52,0.0
20230529:2210,0.0,0.0,0.0,13.44,1.31,0.0
20230529:2310,0.0,0.0,0.0,13.71,1.03,0.0
20230530:0010,0.0,0.0,0.0,13.43,0.76,0.0
20230530:0110,0.0,0.0,0.0,12.71,0.69,0.0
20230530:0210,0.0,0.0,0.0,12.17,0.83,0.0
20230530:0310,0.05,5.79,7.48,11.62,0.97,0.0
20230530:0410,77.46,110.36,16.42,12.6,0.55,0.0
20230530:0510,210.74,272.03,25.8,15.45,0.69,0.0
20230530:0610,399.11,484.88,35.29,18.47,1.24,0.0
20230530:0710,559.96,679.57,44.46,19.73,1.79,0.0
20230530:0810,680.22,838.25,52.65,21.02,2.21,0.0
20230530:0910,735.35,921.26,58.73,21.78,2.07,0.0
20230530:1010,658.84,819.61,61.15,22.1,2.07,0.0
20230530:1110,547.79,671.32,58.96,22.34,2.41,0.0
20230530:1210,496.38,602.32,53.03,22.29,2.97,0.0
20230530:1310,474.17,572.57,44.92,22.3,3.31,0.0
20230530:1410,215.52,267.42,35.79,22.12,3.38,0.0
20230530:1510,218.26,286.04,26.3,21.81,3.38,0.0
20230530:1610,72.8,113.35,16.9,21.43,3.31,0.0
20230530:1710,19.92,37.21,7.94,20.27,3.03,0.0
20230530:1810,0.0,0.0,0.0,18.44,3.1,0.0
20230530:1910,0.0,0.0,0.0,17.69,3.45,0.0
20230530:2010,0.0,0.0,0.0,16.66,3.45,0.0
20230530:2110,0.0,0.0,0.0,15.69,3.03,0.0
20230530:2210,0.0,0.0,0.0,14.92,2.69,0.0
20230530:2310,0.0,0.0,0.0,14.0,2.62,0.0
20230531:0010,0.0,0.0,0.0,13.27,2.62,0.0
20230531:0110,0.0,0.0,0.0,12.6,2.76,0.0
20230531:0210,0.0,0.0,0.0,12.04,2.69,0.0
20230531:0310,5.3,15.71,7.58,11.75,2.62,0.0
20230531:0410,64.73,101.86,16.5,12.84,2.34,0.0
20230531:0510,190.56,238.5,25.88,14.72,2.76,0.0
20230531:0610,388.12,460.7,35.38,16.36,2.9,0.0
20230531:0710,598.23,710.25,44.55,17.77,3.1,0.0
20230531:0810,728.14,879.28,52.75,19.03,3.31,0.0
20230531:0910,746.86,910.04,58.86,19.68,3.31,0.0
20230531:1010,823.99,1017.9,61.29,20.28,3.24,0.0
20230531:1110,797.46,983.64,59.11,20.64,3.17,0.0
20230531:1210,739.82,906.13,53.17,20.95,3.1,0.0
20230531:1310,608.98,736.24,45.06,21.21,3.1,0.0
20230531:1410,438.79,531.86,35.92,21.18,3.17,0.0
20230531:1510,230.23,305.68,26.43,20.96,3.17,0.0
20230531:1610,47.45,95.62,17.03,20.51,3.03,0.0
20230531:1710,19.98,37.21,8.07,19.58,2.14,0.0
20230531:1810,0.0,0.0,0.0,18.05,1.86,0.0
20230531:1910,0.0,0.0,0.0,16.28,1.52,0.0
20230531:2010,0.0,0.0,0.0,15.41,1.38,0.0
20230531:2110,0.0,0.0,0.0,13.35,1.86,0.0
20230531:2210,0.0,0.0,0.0,12.05,2.14,0.0
20230531:2310,0.0,0.0,0.0,11.3,2.14,0.0
20230601:0010,0.0,0.0,0.0,10.73,2.14,0.0
20230601:0110,0.0,0.0,0.0,10.29,2.14,0.0
20230601:0210,0.0,0.0,0.0,9.92,2.28,0.0
20230601:0310,18.44,33.9,7.67,9.92,2.14,0.0
20230601:0410,45.07,86.05,16.58,12.11,1.59,0.0
20230601:0510,221.43,293.18,25.96,16.41,1.66,0.0
20230601:0610,427.61,517.43,35.46,18.83,2.07,0.0
20230601:0710,604.92,726.15,44.64,19.75,3.03,0.0
20230601:0810,731.29,893.43,52.85,21.05,3.24,0.0
20230601:0910,811.0,1007.16,58.98,21.98,3.31,0.0
20230601:1010,844.26,1058.03,61.43,22.79,3.38,0.0
20230601:1110,805.78,1005.82,59.25,23.53,3.52,0.0
20230601:1210,735.97,911.25,53.31,24.05,3.52,0.0
20230601:1310,605.77,740.99,45.19,24.34,3.52,0.0
20230601:1410,433.88,533.15,36.04,24.44,3.52,0.0
20230601:1510,227.65,307.07,26.55,24.21,3.45,0.0
20230601:1610,44.7,94.36,17.16,23.69,2.9,0.0
20230601:1710,19.67,37.21,8.2,22.43,2.07,0.0
20230601:1810,0.0,0.0,0.0,20.59,2.28,0.0
20230601:1910,0.0,0.0,0.0,19.06,2.28,0.0
20230601:2010,0.0,0.0,0.0,17.33,2.41,0.0
20230601:2110,0.0,0.0,0.0,16.11,2.55,0.0
20230601:2210,0.0,0.0,0.0,15.33,2.69,0.0
20230601:2310,0.0,0.0,0.0,14.84,2.76,0.0
20230602:0010,0.0,0.0,0.0,14.46,2.83,0.0
20230602:0110,0.0,0.0,0.0,14.18,2.83,0.0
20230602:0210,0.0,0.0,0.0,14.02,2.9,0.0
20230602:0310,0.36,6.61,7.75,14.21,2.83,0.0
20230602:0410,77.17,111.01,16.66,15.75,2.62,0.0
20230602:0510,214.66,282.85,26.04,18.28,2.9,0.0
20230602:0610,411.5,496.12,35.53,20.16,3.45,0.0
20230602:0710,584.35,701.95,44.72,22.24,4.28,0.0
20230602:0810,705.7,857.68,52.94,23.34,4.69,0.0
20230602:0910,772.91,949.14,59.09,24.03,4.9,0.0
20230602:1010,797.14,979.83,61.56,24.16,5.24,0.0
20230602:1110,530.86,632.97,59.39,21.99,5.93,0.0
20230602:1210,639.87,773.16,53.44,22.73,4.62,0.0
20230602:1310,479.96,577.53,45.31,23.33,4.69,0.0
20230602:1410,436.51,525.21,36.16,21.94,5.17,0.0
20230602:1510,228.59,302.28,26.67,20.98,4.14,0.0
20230602:1610,48.81,96.83,17.28,20.45,3.59,0.0
20230602:1710,19.98,37.21,8.33,19.67,3.24,0.0
20230602:1810,0.0,0.0,0.0,18.37,4.07,0.0
20230602:1910,0.0,0.0,0.0,15.36,5.45,0.0
20230602:2010,0.0,0.0,0.0,13.75,5.31,0.0
20230602:2110,0.0,0.0,0.0,12.35,5.03,0.0
20230602:2210,0.0,0.0,0.0,11.22,4.97,0.0
20230602:2310,0.0,0.0,0.0,10.52,5.03,0.0
20230603:0010,0.0,0.0,0.0,9.99,4.97,0.0
20230603:0110,0.0,0.0,0.0,9.38,4.41,0.0
20230603:0210,0.0,0.0,0.0,8.72,4.07,0.0
20230603:0310,19.27,34.73,7.83,8.19,3.59,0.0
20230603:0410,48.81,88.89,16.73,8.6,3.66,0.0
20230603:0510,233.52,297.7,26.1,9.84,3.59,0.0
20230603:0610,454.83,526.64,35.6,11.44,3.38,0.0
20230603:0710,616.66,712.99,44.79,12.32,3.24,0.0
20230603:0810,679.92,792.12,53.03,14.06,4.14,0.0
20230603:0910,719.76,846.45,59.2,14.7,4.07,0.0
20230603:1010,866.29,1037.23,61.69,15.76,4.21,0.0
20230603:1110,845.82,1014.86,59.52,16.5,4.07,0.0
20230603:1210,774.6,925.81,53.56,17.39,3.93,0.0
20230603:1310,640.57,758.01,45.43,17.62,3.72,0.0
20230603:1410,459.64,546.6,36.28,17.71,3.59,0.0
20230603:1510,241.4,315.16,26.79,17.6,3.38,0.0
20230603:1610,47.45,97.29,17.4,17.15,3.17,0.0
20230603:1710,19.7,36.38,8.45,16.39,2.55,0.0
20230603:1810,0.0,0.0,0.0,14.96,2.21,0.0
20230603:1910,0.0,0.0,0.0,13.48,2.41,0.0
20230603:2010,0.0,0.0,0.0,12.22,2.48,0.0
20230603:2110,0.0,0.0,0.0,11.19,2.48,0.0
20230603:2210,0.0,0.0,0.0,10.3,2.41,0.0
20230603:2310,0.0,0.0,0.0,9.49,2.34,0.0
20230604:0010,0.0,0.0,0.0,8.73,2.34,0.0
20230604:0110,0.0,0.0,0.0,8.15,2.41,0.0
20230604:0210,0.0,0.0,0.0,7.75,2.48,0.0
20230604:0310,0.41,6.61,7.9,7.72,2.41,0.0
20230604:0410,44.29,85.22,16.8,9.63,2.14,0.0
20230604:0510,230.5,299.93,26.16,12.53,2.55,0.0
20230604:0610,445.54,525.7,35.66,14.73,2.9,0.0
20230604:0710,621.45,733.86,44.86,15.51,2.69,0.0
20230604:0810,746.6,902.79,53.11,17.18,2.62,0.0
20230604:0910,815.71,1012.2,59.3,18.43,2.21,0.0
20230604:1010,835.08,1046.69,61.81,19.21,2.14,0.0
20230604:1110,785.34,976.21,59.65,19.67,2.28,0.0
20230604:1210,605.4,737.41,53.69,20.36,2.34,0.0
20230604:1310,530.91,641.82,45.55,20.27,2.28,0.0
20230604:1410,400.8,486.32,36.39,20.23,2.21,0.0
20230604:1510,217.85,280.85,26.9,20.05,2.21,0.0
20230604:1610,45.49,96.48,17.51,19.73,2.14,0.0
20230604:1710,23.88,42.17,8.56,18.66,1.79,0.0
20230604:1810,0.0,0.0,0.0,17.45,2.0,0.0
20230604:1910,0.0,0.0,0.0,17.69,0.83,0.0
20230604:2010,0.0,0.0,0.0,16.97,0.76,0.0
20230604:2110,0.0,0.0,0.0,16.19,0.55,0.0
20230604:2210,0.0,0.0,0.0,15.15,0.62,0.0
20230604:2310,0.0,0.0,0.0,13.83,0.97,0.0
20230605:0010,0.0,0.0,0.0,13.22,1.03,0.0
20230605:0110,0.0,0.0,0.0,12.81,0.97,0.0
20230605:0210,0.0,0.0,0.0,12.27,0.97,0.0
20230605:0310,1.11,8.27,7.96,11.78,0.9,0.0
20230605:0410,78.43,112.62,16.85,12.45,0.21,0.0
20230605:0510,213.42,278.8,26.22,15.44,0.07,0.0
20230605:0610,403.38,494.71,35.72,18.11,0.34,0.0
20230605:0710,581.59,710.18,44.92,18.48,1.03,0.0
20230605:0810,679.16,846.69,53.19,19.93,1.17,0.0
20230605:0910,751.84,960.93,59.39,21.13,1.03,0.0
20230605:1010,762.45,998.23,61.92,22.03,0.48,0.0
20230605:1110,755.34,985.13,59.77,22.22,0.55,0.0
20230605:1210,697.63,894.28,53.8,22.47,0.69,0.0
20230605:1310,580.65,725.03,45.66,22.49,0.97,0.0
20230605:1410,433.52,537.83,36.5,22.44,1.17,0.0
20230605:1510,231.85,310.84,27.01,22.25,1.79,0.0
20230605:1610,48.82,99.38,17.62,21.7,2.34,0.0
20230605:1710,21.12,38.86,8.68,20.62,2.48,0.0
20230605:1810,0.0,0.0,0.0,19.15,2.62,0.0
20230605:1910,0.0,0.0,0.0,18.23,2.69,0.0
20230605:2010,0.0,0.0,0.0,17.09,2.76,0.0
20230605:2110,0.0,0.0,0.0,16.07,2.9,0.0
20230605:2210,0.0,0.0,0.0,15.32,3.03,0.0
20230605:2310,0.0,0.0,0.0,14.75,2.97,0.0
20230606:0010,0.0,0.0,0.0,14.16,2.62,0.0
20230606:0110,0.0,0.0,0.0,13.33,2.34,0.0
20230606:0210,0.0,0.0,0.0,12.37,2.14,0.0
20230606:0310,16.34,31.42,8.02,11.91,1.66,0.0
20230606:0410,78.56,112.4,16.91,13.58,1.1,0.0
20230606:0510,208.7,269.83,26.27,16.1,1.03,0.0
20230606:0610,389.29,472.6,35.77,18.01,1.1,0.0
20230606:0710,0.0,0.0,0.0,19.78,1.52,0.0
20230606:0810,556.07,681.91,53.25,21.82,2.0,0.0
20230606:0910,437.49,534.75,59.48,22.89,2.41,0.0
20230606:1010,595.32,735.0,62.03,23.89,2.9,0.0
20230606:1110,670.09,833.28,59.88,24.36,3.03,0.0
20230606:1210,590.08,728.65,53.91,24.55,2.9,0.0
20230606:1310,528.95,651.42,45.77,24.88,2.69,0.0
20230606:1410,322.62,400.1,36.61,25.0,2.55,0.0
20230606:1510,188.93,246.47,27.12,24.97,2.69,0.0
20230606:1610,74.69,118.85,17.73,24.18,2.34,0.0
20230606:1710,28.46,48.78,8.79,22.9,2.48,0.0
20230606:1810,0.0,0.0,0.0,21.68,2.69,0.0
20230606:1910,0.0,0.0,0.0,20.35,2.62,0.0
20230606:2010,0.0,0.0,0.0,19.4,2.55,0.0
20230606:2110,0.0,0.0,0.0,18.61,2.41,0.0
20230606:2210,0.0,0.0,0.0,17.73,2.28,0.0
20230606:2310,0.0,0.0,0.0,16.93,2.34,0.0
20230607:0010,0.0,0.0,0.0,16.65,2.69,0.0
20230607:0110,0.0,0.0,0.0,16.26,3.17,0.0
20230607:0210,0.0,0.0,0.0,15.81,2.97,0.0
20230607:0310,0.35,6.61,8.07,15.52,3.1,0.0
20230607:0410,7.16,18.83,16.96,15.55,3.59,0.0
20230607:0510,40.32,61.86,26.31,15.77,3.52,0.0
20230607:0610,44.06,66.34,35.81,15.85,3.66,0.0
20230607:0710,83.75,112.07,45.03,15.75,4.41,0.0
20230607:0810,138.75,173.93,53.32,16.05,4.34,0.0
20230607:0910,133.67,168.55,59.56,16.41,4.21,0.0
20230607:1010,123.15,156.89,62.12,16.63,4.34,0.0
20230607:1110,115.18,147.93,59.99,16.51,4.07,0.0
20230607:1210,77.31,104.89,54.02,15.89,3.59,0.0
20230607:1310,65.64,91.45,45.87,15.49,2.9,0.0
20230607:1410,92.5,121.93,36.71,15.22,2.69,0.0
20230607:1510,41.93,63.65,27.22,15.07,2.48,0.0
20230607:1610,49.5,72.62,17.83,15.1,2.41,0.0
20230607:1710,0.7,7.44,8.89,15.04,2.55,0.0
20230607:1810,0.0,0.0,0.0,14.95,2.83,0.0
20230607:1910,0.0,0.0,0.0,14.44,3.38,0.0
20230607:2010,0.0,0.0,0.0,14.35,3.38,0.0
20230607:2110,0.0,0.0,0.0,14.44,3.59,0.0
20230607:2210,0.0,0.0,0.0,14.45,3.59,0.0
20230607:2310,0.0,0.0,0.0,14.48,3.66,0.0
20230608:0010,0.0,0.0,0.0,14.48,3.72,0.0
20230608:0110,0.0,0.0,0.0,14.45,3.66,0.0
20230608:0210,0.0,0.0,0.0,14.38,3.52,0.0
20230608:0310,0.36,6.61,8.12,14.35,3.31,0.0
20230608:0410,7.2,18.83,17.0,14.45,3.24,0.0
20230608:0510,75.37,102.2,26.35,14.58,2.97,0.0
20230608:0610,226.1,271.81,35.85,15.37,2.9,0.0
20230608:0710,279.96,334.24,45.07,17.33,3.38,0.0
20230608:0810,191.59,236.06,53.37,18.63,3.38,0.0
20230608:0910,439.5,523.89,59.63,19.65,3.72,0.0
20230608:1010,230.54,282.52,62.22,20.51,3.72,0.0
20230608:1110,415.56,500.18,60.09,21.23,3.45,0.0
20230608:1210,569.8,691.25,54.12,21.99,3.17,0.0
20230608:1310,469.97,570.64,45.97,22.78,2.83,0.0
20230608:1410,303.4,373.4,36.81,23.15,2.55,0.0
20230608:1510,151.42,196.82,27.31,23.23,2.41,0.0
20230608:1610,77.44,110.07,17.93,22.58,2.28,0.0
20230608:1710,21.68,39.69,8.99,21.32,3.1,0.0
20230608:1810,0.0,0.0,0.0,19.87,3.66,0.0
20230608:1910,0.0,0.0,0.0,18.49,3.38,0.0
20230608:2010,0.0,0.0,0.0,17.73,3.31,0.0
20230608:2110,0.0,0.0,0.0,17.25,3.24,0.0
20230608:2210,0.0,0.0,0.0,16.7,3.03,0.0
20230608:2310,0.0,0.0,0.0,16.23,2.83,0.0
20230609:0010,0.0,0.0,0.0,15.65,2.62,0.0
20230609:0110,0.0,0.0,0.0,15.13,2.41,0.0
20230609:0210,0.0,0.0,0.0,14.39,2.14,0.0
20230609:0310,0.36,6.61,8.16,14.1,1.79,0.0
20230609:0410,7.17,18.83,17.03,15.21,1.38,0.0
20230609:0510,158.2,201.82,26.39,17.93,1.45,0.0
20230609:0610,291.47,356.44,35.89,19.93,1.45,0.0
20230609:0710,564.08,694.15,45.11,21.69,1.45,0.0
20230609:0810,669.24,839.7,53.42,23.46,1.72,0.0
20230609:0910,616.16,768.33,59.7,24.62,2.41,0.0
20230609:1010,506.49,625.68,62.3,25.29,2.9,0.0
20230609:1110,468.37,578.73,60.18,25.63,2.83,0.0
20230609:1210,436.38,537.89,54.22,25.66,2.9,0.0
20230609:1310,459.59,564.01,46.06,24.95,2.83,0.0
20230609:1410,384.23,472.52,36.9,24.43,3.17,0.0
20230609:1510,223.46,298.04,27.41,24.1,2.76,0.0
20230609:1610,78.63,112.12,18.02,23.44,2.55,0.0
20230609:1710,27.91,47.96,9.08,22.3,2.83,0.0
20230609:1810,0.0,0.0,0.0,20.97,3.03,0.0
20230609:1910,0.0,0.0,0.0,20.82,2.55,0.0
20230609:2010,0.0,0.0,0.0,20.2,2.48,0.0
20230609:2110,0.0,0.0,0.0,19.63,2.41,0.0
20230609:2210,0.0,0.0,0.0,18.89,2.48,0.0
20230609:2310,0.0,0.0,0.0,18.34,2.41,0.0
20230610:0010,0.0,0.0,0.0,17.77,2.41,0.0
20230610:0110,0.0,0.0,0.0,17.05,2.69,0.0
20230610:0210,0.0,0.0,0.0,16.65,2.9,0.0
20230610:0310,1.45,9.1,8.2,16.48,2.97,0.0
20230610:0410,7.08,18.83,17.06,17.2,2.76,0.0
20230610:0510,53.29,78.0,26.41,18.3,3.24,0.0
20230610:0610,121.06,156.89,35.91,19.8,3.38,0.0
20230610:0710,326.42,393.05,45.14,20.99,3.79,0.0
20230610:0810,381.59,459.75,53.46,22.45,4.41,0.0
20230610:0910,183.66,231.3,59.76,23.36,4.62,0.0
20230610:1010,83.47,114.76,62.38,22.16,4.69,0.0
20230610:1110,153.24,193.65,60.27,20.67,5.38,0.0
20230610:1210,119.68,156.0,54.31,21.26,4.76,0.0
20230610:1310,191.48,238.59,46.15,21.81,4.48,0.0
20230610:1410,61.07,87.86,36.99,20.63,5.17,0.0
20230610:1510,75.9,104.89,27.49,19.98,5.45,0.0
20230610:1610,22.38,40.34,18.11,19.79,5.38,0.0
20230610:1710,0.67,7.44,9.17,19.17,4.62,0.0
20230610:1810,0.0,0.0,0.0,18.25,4.62,0.0
20230610:1910,0.0,0.0,0.0,17.21,4.48,0.0
20230610:2010,0.0,0.0,0.0,16.79,4.83,0.0
20230610:2110,0.0,0.0,0.0,16.28,4.62,0.0
20230610:2210,0.0,0.0,0.0,15.82,4.41,0.0
20230610:2310,0.0,0.0,0.0,15.06,4.28,0.0
20230611:0010,0.0,0.0,0.0,14.52,4.34,0.0
20230611:0110,0.0,0.0,0.0,14.03,4.41,0.0
20230611:0210,0.0,0.0,0.0,13.61,4.41,0.0
20230611:0310,0.37,6.61,8.23,13.3,4.76,0.0
20230611:0410,7.26,18.83,17.09,13.1,4.21,0.0
20230611:0510,16.24,31.38,26.44,13.01,4.14,0.0
20230611:0610,26.78,44.83,35.94,13.05,4.28,0.0
20230611:0710,50.68,73.51,45.17,13.78,4.21,0.0
20230611:0810,123.08,155.1,53.5,14.19,4.83,0.0
20230611:0910,162.65,199.03,59.81,14.85,6.07,0.0
20230611:1010,90.36,119.24,62.45,15.52,6.14,0.0
20230611:1110,131.72,165.86,60.36,16.33,6.48,0.0
20230611:1210,112.31,144.34,54.39,16.5,6.41,0.0
20230611:1310,91.6,121.03,46.24,16.36,6.48,0.0
20230611:1410,109.25,140.75,37.07,16.23,6.48,0.0
20230611:1510,76.7,104.0,27.58,15.94,6.34,0.0
20230611:1610,44.25,66.34,18.19,15.29,6.0,0.0
20230611:1710,29.13,47.96,9.26,14.35,5.59,0.0
20230611:1810,0.0,0.0,0.0,13.46,5.17,0.0
20230611:1910,0.0,0.0,0.0,12.04,4.48,0.0
20230611:2010,0.0,0.0,0.0,11.13,4.14,0.0
20230611:2110,0.0,0.0,0.0,10.52,3.93,0.0
20230611:2210,0.0,0.0,0.0,10.1,3.86,0.0
20230611:2310,0.0,0.0,0.0,10.03,3.86,0.0
20230612:0010,0.0,0.0,0.0,10.12,4.0,0.0
20230612:0110,0.0,0.0,0.0,10.16,3.93,0.0
20230612:0210,0.0,0.0,0.0,10.25,3.93,0.0
20230612:0310,0.75,7.44,8.25,10.19,4.14,0.0
20230612:0410,19.25,34.96,17.11,10.32,4.76,0.0
20230612:0510,138.67,170.59,26.45,10.49,5.45,0.0
20230612:0610,68.2,92.34,35.95,10.56,5.1,0.0
20230612:0710,61.72,85.17,45.19,10.82,4.97,0.0
20230612:0810,80.14,105.79,53.53,10.88,4.9,0.0
20230612:0910,0.0,0.0,0.0,10.83,4.9,0.0
20230612:1010,119.3,148.82,62.52,10.96,5.1,0.0
20230612:1110,85.83,112.07,60.44,10.88,5.17,0.0
20230612:1210,86.57,112.96,54.48,11.01,4.9,0.0
20230612:1310,74.46,99.51,46.32,10.93,4.55,0.0
20230612:1410,47.52,69.03,37.15,10.93,4.34,0.0
20230612:1510,52.97,75.31,27.66,10.93,4.0,0.0
20230612:1610,27.8,45.72,18.27,10.89,3.45,0.0
20230612:1710,13.95,28.11,9.34,10.97,3.31,0.0
20230612:1810,0.0,0.0,0.0,10.83,2.62,0.0
20230612:1910,0.0,0.0,0.0,10.69,2.28,0.0
20230612:2010,0.0,0.0,0.0,10.59,2.14,0.0
20230612:2110,0.0,0.0,0.0,10.48,2.0,0.0
20230612:2210,0.0,0.0,0.0,10.41,1.86,0.0
20230612:2310,0.0,0.0,0.0,10.41,1.93,0.0
20230613:0010,0.0,0.0,0.0,10.46,1.93,0.0
20230613:0110,0.0,0.0,0.0,10.22,2.07,0.0
20230613:0210,0.0,0.0,0.0,10.3,2.14,0.0
20230613:0310,0.39,6.61,8.27,10.6,2.28,0.0
20230613:0410,7.35,18.83,17.12,11.09,2.55,0.0
20230613:0510,24.74,42.14,26.47,11.98,3.17,0.0
20230613:0610,126.92,158.68,35.96,12.54,2.9,0.0
20230613:0710,313.34,365.35,45.21,13.59,3.79,0.0
20230613:0810,265.83,313.3,53.55,13.88,3.72,0.0
20230613:0910,193.89,233.99,59.9,14.06,3.24,0.0
20230613:1010,215.91,259.42,62.58,14.76,3.1,0.0
20230613:1110,198.25,240.27,60.51,15.44,3.31,0.0
20230613:1210,125.03,158.68,54.55,15.91,3.59,0.0
20230613:1310,125.02,158.68,46.39,15.82,3.31,0.0
20230613:1410,66.34,92.34,37.23,15.83,3.31,0.0
20230613:1510,18.02,34.07,27.73,15.67,2.97,0.0
20230613:1610,14.02,28.69,18.35,15.51,2.28,0.0
20230613:1710,15.45,30.59,9.41,15.08,1.79,0.0
20230613:1810,0.0,0.0,0.0,14.58,1.72,0.0
20230613:1910,0.0,0.0,0.0,14.03,1.66,0.0
20230613:2010,0.0,0.0,0.0,13.8,1.52,0.0
20230613:2110,0.0,0.0,0.0,13.64,1.38,0.0
20230613:2210,0.0,0.0,0.0,13.4,1.24,0.0
20230613:2310,0.0,0.0,0.0,13.23,1.17,0.0
20230614:0010,0.0,0.0,0.0,13.09,1.31,0.0
20230614:0110,0.0,0.0,0.0,12.97,1.45,0.0
20230614:0210,0.0,0.0,0.0,12.87,1.45,0.0
20230614:0310,0.37,6.61,8.28,12.86,1.45,0.0
20230614:0410,7.25,18.83,17.13,13.3,1.45,0.0
20230614:0510,66.89,92.34,26.47,13.68,1.59,0.0
20230614:0610,315.67,374.66,35.97,14.34,1.79,0.0
20230614:0710,423.63,500.45,45.22,15.68,1.93,0.0
20230614:0810,558.34,665.52,53.57,16.74,2.21,0.0
20230614:0910,459.44,546.26,59.93,17.42,2.55,0.0
20230614:1010,678.41,823.4,62.63,18.37,2.55,0.0
20230614:1110,335.87,404.18,60.57,19.12,2.41,0.0
20230614:1210,264.33,321.79,54.62,19.6,2.21,0.0
20230614:1310,372.41,449.32,46.46,19.99,2.0,0.0
20230614:1410,176.31,221.07,37.3,20.04,1.79,0.0
20230614:1510,142.91,183.84,27.8,20.04,1.72,0.0
20230614:1610,52.77,105.67,18.42,19.96,1.72,0.0
20230614:1710,24.41,43.0,9.48,19.54,1.45,0.0
20230614:1810,0.0,0.0,0.0,18.76,1.38,0.0
20230614:1910,0.0,0.0,0.0,17.4,1.66,0.0
20230614:2010,0.0,0.0,0.0,16.33,1.66,0.0
20230614:2110,0.0,0.0,0.0,15.46,1.52,0.0
20230614:2210,0.0,0.0,0.0,14.99,1.45,0.0
20230614:2310,0.0,0.0,0.0,14.49,1.52,0.0
20230615:0010,0.0,0.0,0.0,13.89,1.52,0.0
20230615:0110,0.0,0.0,0.0,13.56,1.52,0.0
20230615:0210,0.0,0.0,0.0,13.4,1.38,0.0
20230615:0310,22.57,39.69,8.29,13.49,1.24,0.0
20230615:0410,39.21,79.05,17.13,14.96,0.76,0.0
20230615:0510,210.23,284.15,26.47,17.33,0.69,0.0
20230615:0610,410.21,504.44,35.97,19.1,0.69,0.0
20230615:0710,574.79,708.03,45.22,20.18,0.97,0.0
20230615:0810,694.33,873.38,53.59,21.14,1.1,0.0
20230615:0910,760.33,976.57,59.96,21.64,0.97,0.0
20230615:1010,676.53,863.97,62.67,22.36,0.83,0.0
20230615:1110,666.19,857.21,60.63,23.01,0.55,0.0
20230615:1210,600.43,773.53,54.68,23.34,0.0,0.0
20230615:1310,498.88,629.01,46.53,23.51,0.21,0.0
20230615:1410,404.65,505.06,37.36,23.44,0.83,0.0
20230615:1510,231.55,310.56,27.87,23.24,1.31,0.0
20230615:1610,53.02,106.73,18.49,22.56,1.66,0.0
20230615:1710,31.21,52.09,9.55,21.73,1.59,0.0
20230615:1810,0.0,0.0,0.0,20.55,1.86,0.0
20230615:1910,0.0,0.0,0.0,19.63,2.21,0.0
20230615:2010,0.0,0.0,0.0,18.82,2.07,0.0
20230615:2110,0.0,0.0,0.0,18.21,1.79,0.0
20230615:2210,0.0,0.0,0.0,17.45,1.66,0.0
20230615:2310,0.0,0.0,0.0,16.61,1.59,0.0
20230616:0010,0.0,0.0,0.0,15.87,1.52,0.0
20230616:0110,0.0,0.0,0.0,15.49,1.38,0.0
20230616:0210,0.0,0.0,0.0,15.2,1.31,0.0
20230616:0310,0.36,6.61,8.29,15.13,1.24,0.0
20230616:0410,69.7,97.87,17.13,16.8,0.9,0.0
20230616:0510,138.66,179.09,26.47,18.82,0.9,0.0
20230616:0610,134.73,173.96,35.97,20.39,0.97,0.0
20230616:0710,279.14,341.87,45.22,20.42,1.17,0.0
20230616:0810,486.19,594.65,53.59,21.78,1.72,0.0
20230616:0910,275.91,340.59,59.98,22.61,1.93,0.0
20230616:1010,267.81,332.24,62.71,23.44,2.0,0.0
20230616:1110,54.08,80.69,60.68,23.28,1.72,0.0
20230616:1210,40.94,64.55,54.74,23.05,1.66,0.0
20230616:1310,72.98,103.1,46.59,22.77,1.72,0.0
20230616:1410,30.42,51.1,37.42,21.84,1.38,0.0
20230616:1510,106.57,141.93,27.93,21.28,1.45,0.0
20230616:1610,19.54,36.76,18.55,20.55,1.72,0.0
20230616:1710,9.25,22.32,9.61,20.11,2.28,0.0
20230616:1810,0.0,0.0,0.0,19.33,2.48,0.0
20230616:1910,0.0,0.0,0.0,18.82,2.21,0.0
20230616:2010,0.0,0.0,0.0,18.39,2.07,0.0
20230616:2110,0.0,0.0,0.0,17.99,1.86,0.0
20230616:2210,0.0,0.0,0.0,17.7,1.72,0.0
20230616:2310,0.0,0.0,0.0,17.3,1.66,0.0
20230617:0010,0.0,0.0,0.0,16.75,1.72,0.0
20230617:0110,0.0,0.0,0.0,16.58,1.72,0.0
20230617:0210,0.0,0.0,0.0,16.12,1.38,0.0
20230617:0310,0.35,6.61,8.29,16.4,0.83,0.0
20230617:0410,7.07,18.83,17.12,17.4,0.69,0.0
20230617:0510,30.1,50.21,26.46,19.31,1.1,0.0
20230617:0610,116.12,152.41,35.96,20.71,1.52,0.0
20230617:0710,194.44,242.25,45.21,20.47,1.93,0.0
20230617:0810,303.47,370.89,53.59,21.17,1.72,0.0
20230617:0910,142.67,183.79,59.99,21.58,1.52,0.0
20230617:1010,427.02,524.85,62.74,22.43,1.52,0.0
20230617:1110,676.05,851.14,60.73,22.63,1.52,0.0
20230617:1210,453.0,558.53,54.8,23.06,1.45,0.0
20230617:1310,407.79,504.61,46.65,23.21,0.9,0.0
20230617:1410,26.04,45.72,37.48,22.93,0.69,0.0
20230617:1510,87.88,120.13,27.99,21.56,1.38,0.0
20230617:1610,79.33,111.16,18.6,20.21,1.79,0.0
20230617:1710,12.12,26.46,9.67,19.5,1.1,0.0
20230617:1810,0.0,0.83,1.5,19.05,0.48,0.0
20230617:1910,0.0,0.0,0.0,18.36,2.0,0.0
20230617:2010,0.0,0.0,0.0,17.77,1.93,0.0
20230617:2110,0.0,0.0,0.0,17.3,1.86,0.0
20230617:2210,0.0,0.0,0.0,16.89,1.72,0.0
20230617:2310,0.0,0.0,0.0,16.76,1.66,0.0
20230618:0010,0.0,0.0,0.0,16.59,1.79,0.0
20230618:0110,0.0,0.0,0.0,16.63,1.93,0.0
20230618:0210,0.0,0.0,0.0,16.6,2.07,0.0
20230618:0310,0.35,6.61,8.28,16.54,2.07,0.0
20230618:0410,7.11,18.83,17.11,16.65,2.0,0.0
20230618:0510,25.48,43.93,26.44,17.08,2.34,0.0
20230618:0610,253.64,308.03,35.94,17.9,1.86,0.0
20230618:0710,310.76,376.14,45.2,19.28,1.59,0.0
20230618:0810,205.18,255.4,53.59,20.36,1.24,0.0
20230618:0910,230.12,287.25,60.0,21.37,0.48,0.0
20230618:1010,169.15,216.06,62.77,22.31,0.62,0.0
20230618:1110,281.34,349.41,60.77,23.34,1.38,0.0
20230618:1210,473.65,583.14,54.84,23.7,2.0,0.0
20230618:1310,551.26,673.5,46.7,23.01,2.55,0.0
20230618:1410,367.81,448.68,37.53,22.59,2.97,0.0
20230618:1510,215.39,277.06,28.04,21.57,3.03,0.0
20230618:1610,68.59,97.49,18.65,20.71,2.9,0.0
20230618:1710,26.94,46.3,9.72,20.02,2.48,0.0
20230618:1810,0.0,0.83,1.55,19.18,2.41,0.0
20230618:1910,0.0,0.0,0.0,17.89,2.14,0.0
20230618:2010,0.0,0.0,0.0,17.35,2.34,0.0
20230618:2110,0.0,0.0,0.0,16.66,2.21,0.0
20230618:2210,0.0,0.0,0.0,16.11,2.07,0.0
20230618:2310,0.0,0.0,0.0,15.81,2.21,0.0
20230619:0010,0.0,0.0,0.0,15.33,2.21,0.0
20230619:0110,0.0,0.0,0.0,15.18,1.86,0.0
20230619:0210,0.0,0.0,0.0,14.97,1.38,0.0
20230619:0310,0.36,6.61,8.26,14.6,1.38,0.0
20230619:0410,7.16,18.83,17.09,15.27,1.38,0.0
20230619:0510,15.92,31.38,26.42,16.38,1.59,0.0
20230619:0610,39.22,60.96,35.92,17.17,1.59,0.0
20230619:0710,89.82,120.13,45.18,17.78,2.97,0.0
20230619:0810,119.25,154.2,53.58,18.59,2.69,0.0
20230619:0910,182.23,226.82,60.0,19.39,2.41,0.0
20230619:1010,266.86,324.34,62.78,19.57,2.55,0.0
20230619:1110,460.76,554.11,60.8,19.76,2.55,0.0
20230619:1210,527.13,636.29,54.88,20.32,2.55,0.0
20230619:1310,424.64,513.41,46.74,20.99,2.21,0.0
20230619:1410,217.37,270.1,37.58,21.6,2.07,0.0
20230619:1510,218.11,282.05,28.09,21.66,2.21,0.0
20230619:1610,87.15,122.98,18.7,21.57,2.0,0.0
20230619:1710,32.64,53.75,9.76,21.02,1.52,0.0
20230619:1810,0.0,0.83,1.59,19.78,2.07,0.0
20230619:1910,0.0,0.0,0.0,18.27,1.86,0.0
20230619:2010,0.0,0.0,0.0,17.54,2.07,0.0
20230619:2110,0.0,0.0,0.0,16.94,2.21,0.0
20230619:2210,0.0,0.0,0.0,16.31,2.07,0.0
20230619:2310,0.0,0.0,0.0,15.74,1.79,0.0
20230620:0010,0.0,0.0,0.0,15.1,1.86,0.0
20230620:0110,0.0,0.0,0.0,14.69,1.93,0.0
20230620:0210,0.0,0.0,0.0,14.37,1.86,0.0
20230620:0310,2.33,10.75,8.24,14.18,1.45,0.0
20230620:0410,70.08,104.82,17.07,15.83,1.1,0.0
20230620:0510,199.52,262.36,26.4,17.64,1.38,0.0
20230620:0610,357.99,435.43,35.9,19.39,1.72,0.0
20230620:0710,527.6,642.36,45.16,21.08,1.86,0.0
20230620:0810,531.74,652.23,53.56,22.19,1.93,0.0
20230620:0910,443.01,545.69,59.99,23.1,1.66,0.0
20230620:1010,516.6,643.41,62.79,23.9,1.52,0.0
20230620:1110,659.37,834.13,60.83,24.69,1.79,0.0
20230620:1210,41.26,65.45,54.92,25.07,2.28,0.0
20230620:1310,124.69,164.96,46.78,24.93,2.48,0.0
20230620:1410,26.69,46.62,37.62,23.67,3.1,0.0
20230620:1510,155.54,198.42,28.13,20.48,3.31,0.0
20230620:1610,85.48,129.24,18.74,19.95,1.31,0.0
20230620:1710,31.49,52.09,9.8,19.92,0.97,0.0
20230620:1810,0.0,0.83,1.63,19.41,1.17,0.0
20230620:1910,0.0,0.0,0.0,18.63,1.72,0.0
20230620:2010,0.0,0.0,0.0,17.54,1.59,0.0
20230620:2110,0.0,0.0,0.0,16.47,1.03,0.0
20230620:2210,0.0,0.0,0.0,16.84,0.48,0.0
20230620:2310,0.0,0.0,0.0,16.37,0.48,0.0
20230621:0010,0.0,0.0,0.0,16.01,0.76,0.0
20230621:0110,0.0,0.0,0.0,14.68,1.03,0.0
20230621:0210,0.0,0.0,0.0,13.46,1.45,0.0
20230621:0310,0.36,6.61,8.22,13.85,1.1,0.0
20230621:0410,77.86,108.08,17.04,15.62,0.69,0.0
20230621:0510,196.67,257.63,26.37,17.46,0.62,0.0
20230621:0610,383.81,470.05,35.87,19.3,1.03,0.0
20230621:0710,527.27,640.01,45.13,19.98,1.66,0.0
20230621:0810,657.69,813.16,53.54,21.38,1.86,0.0
20230621:0910,744.64,938.57,59.98,22.49,1.93,0.0
20230621:1010,667.63,841.25,62.8,23.39,1.72,0.0
20230621:1110,619.62,781.71,60.85,24.07,1.45,0.0
20230621:1210,610.01,777.9,54.95,24.42,0.76,0.0
20230621:1310,446.17,557.54,46.82,24.39,0.76,0.0
20230621:1410,389.52,487.03,37.66,24.35,0.97,0.0
20230621:1510,229.49,306.7,28.17,24.43,1.03,0.0
20230621:1610,63.03,115.93,18.78,24.32,1.03,0.0
20230621:1710,32.8,54.57,9.83,23.69,0.48,0.0
20230621:1810,0.0,0.83,1.66,22.91,0.55,0.0
20230621:1910,0.0,0.0,0.0,20.85,1.24,0.0
20230621:2010,0.0,0.0,0.0,19.31,1.38,0.0
20230621:2110,0.0,0.0,0.0,18.36,1.38,0.0
20230621:2210,0.0,0.0,0.0,17.09,1.66,0.0
20230621:2310,0.0,0.0,0.0,16.01,1.93,0.0
20230622:0010,0.0,0.0,0.0,15.55,2.0,0.0
20230622:0110,0.0,0.0,0.0,15.18,2.07,0.0
20230622:0210,0.0,0.0,0.0,14.92,2.0,0.0
20230622:0310,3.23,12.4,8.19,15.01,1.79,0.0
20230622:0410,73.17,107.05,17.01,17.14,1.38,0.0
20230622:0510,189.83,249.41,26.33,20.23,1.38,0.0
20230622:0610,372.78,461.0,35.83,22.37,1.59,0.0
20230622:0710,511.37,629.31,45.1,23.95,2.14,0.0
20230622:0810,621.88,772.83,53.51,25.1,2.69,0.0
20230622:0910,701.27,885.81,59.96,25.72,2.55,0.0
20230622:1010,749.28,955.69,62.79,26.17,2.55,0.0
20230622:1110,723.39,922.91,60.86,26.61,2.41,0.0
20230622:1210,618.55,779.72,54.97,26.75,2.28,0.0
20230622:1310,471.97,589.58,46.85,27.07,2.07,0.0
20230622:1410,330.76,415.09,37.69,27.07,2.07,0.0
20230622:1510,80.4,113.86,28.2,27.06,2.14,0.0
20230622:1610,81.38,116.97,18.81,26.63,1.79,0.0
20230622:1710,24.26,43.82,9.86,25.57,1.72,0.0
20230622:1810,0.0,1.65,1.69,23.95,2.21,0.0
20230622:1910,0.0,0.0,0.0,22.47,2.34,0.0
20230622:2010,0.0,0.0,0.0,21.4,2.48,0.0
20230622:2110,0.0,0.0,0.0,20.56,2.62,0.0
20230622:2210,0.0,0.0,0.0,19.9,2.48,0.0
20230622:2310,0.0,0.0,0.0,19.23,2.21,0.0
20230623:0010,0.0,0.0,0.0,18.32,2.0,0.0
20230623:0110,0.0,0.0,0.0,17.69,1.93,0.0
20230623:0210,0.0,0.0,0.0,17.17,2.0,0.0
20230623:0310,0.34,6.61,8.15,17.39,2.0,0.0
20230623:0410,76.38,109.16,16.97,18.95,1.59,0.0
20230623:0510,191.89,256.36,26.29,20.83,1.45,0.0
20230623:0610,357.49,443.46,35.8,22.48,1.24,0.0
20230623:0710,534.06,658.43,45.06,24.07,2.07,0.0
20230623:0810,626.78,782.2,53.47,25.29,2.41,0.0
20230623:0910,674.46,852.32,59.93,26.08,2.41,0.0
20230623:1010,763.38,985.71,62.78,26.87,2.14,0.0
20230623:1110,667.97,853.26,60.86,27.36,2.14,0.0
20230623:1210,625.14,801.78,54.99,27.58,1.45,0.0
20230623:1310,62.88,93.24,46.87,27.98,0.83,0.0
20230623:1410,47.67,74.41,37.72,28.25,1.59,0.0
20230623:1510,77.93,111.17,28.23,27.82,2.69,0.0
20230623:1610,58.23,87.15,18.84,26.97,1.86,0.0
20230623:1710,6.81,19.02,9.89,26.25,0.9,0.0
20230623:1810,0.0,0.83,1.71,25.09,1.38,0.0
20230623:1910,0.0,0.0,0.0,21.58,2.21,0.0
20230623:2010,0.0,0.0,0.0,20.98,1.52,0.0
20230623:2110,0.0,0.0,0.0,20.58,1.72,0.0
20230623:2210,0.0,0.0,0.0,20.22,2.34,0.0
20230623:2310,0.0,0.0,0.0,20.17,2.62,0.0
20230624:0010,0.0,0.0,0.0,20.23,2.55,0.0
20230624:0110,0.0,0.0,0.0,20.11,2.34,0.0
20230624:0210,0.0,0.0,0.0,19.86,1.86,0.0
20230624:0310,2.67,11.58,8.11,19.66,1.45,0.0
20230624:0410,6.4,17.93,16.92,19.83,1.72,0.0
20230624:0510,30.7,51.1,26.25,20.17,2.07,0.0
20230624:0610,96.74,130.0,35.75,21.1,2.28,0.0
20230624:0710,138.61,179.3,45.02,22.72,3.03,0.0
20230624:0810,289.49,356.15,53.43,23.85,3.24,0.0
20230624:0910,369.52,452.44,59.9,24.51,3.45,0.0
20230624:1010,328.05,404.09,62.77,24.89,3.31,0.0
20230624:1110,169.78,217.86,60.86,25.33,3.17,0.0
20230624:1210,165.95,213.37,55.0,25.38,3.24,0.0
20230624:1310,178.96,228.3,46.89,25.22,3.38,0.0
20230624:1410,89.8,123.72,37.74,24.9,3.52,0.0
20230624:1510,87.71,121.03,28.25,24.46,3.45,0.0
20230624:1610,18.59,35.86,18.86,23.43,3.24,0.0
20230624:1710,31.81,52.92,9.91,22.25,2.62,0.0
20230624:1810,0.0,1.65,1.72,21.31,2.34,0.0
20230624:1910,0.0,0.0,0.0,21.08,2.62,0.0
20230624:2010,0.0,0.0,0.0,20.48,2.48,0.0
20230624:2110,0.0,0.0,0.0,19.92,2.41,0.0
20230624:2210,0.0,0.0,0.0,19.4,2.55,0.0
20230624:2310,0.0,0.0,0.0,19.08,2.55,0.0
20230625:0010,0.0,0.0,0.0,18.67,2.69,0.0
20230625:0110,0.0,0.0,0.0,18.37,2.9,0.0
20230625:0210,0.0,0.0,0.0,17.83,2.97,0.0
20230625:0310,0.34,6.61,8.06,17.32,3.03,0.0
20230625:0410,8.26,20.62,16.88,17.2,2.76,0.0
20230625:0510,15.84,31.38,26.2,17.45,2.76,0.0
20230625:0610,43.57,66.34,35.7,17.94,2.9,0.0
20230625:0710,88.43,119.24,44.97,19.25,3.24,0.0
20230625:0810,347.74,416.73,53.39,19.49,3.1,0.0
20230625:0910,344.79,414.75,59.86,20.03,3.1,0.0
20230625:1010,191.6,238.48,62.74,20.78,3.24,0.0
20230625:1110,256.19,312.81,60.86,20.78,3.31,0.0
20230625:1210,362.85,437.22,55.01,21.27,3.52,0.0
20230625:1310,573.17,689.56,46.9,21.61,3.59,0.0
20230625:1410,265.02,324.37,37.75,21.78,3.38,0.0
20230625:1510,109.07,144.65,28.26,21.78,3.17,0.0
20230625:1610,58.89,113.69,18.87,21.57,3.72,0.0
20230625:1710,33.4,54.57,9.92,20.7,3.1,0.0
20230625:1810,0.0,1.65,1.73,19.73,2.76,0.0
20230625:1910,0.0,0.0,0.0,19.33,2.07,0.0
20230625:2010,0.0,0.0,0.0,18.17,2.07,0.0
20230625:2110,0.0,0.0,0.0,17.24,2.0,0.0
20230625:2210,0.0,0.0,0.0,16.5,2.0,0.0
20230625:2310,0.0,0.0,0.0,15.94,2.14,0.0
20230626:0010,0.0,0.0,0.0,15.57,2.41,0.0
20230626:0110,0.0,0.0,0.0,15.18,2.55,0.0
20230626:0210,0.0,0.0,0.0,14.75,2.48,0.0
20230626:0310,20.53,37.21,8.01,14.52,2.28,0.0
20230626:0410,53.12,88.16,16.82,15.66,1.93,0.0
20230626:0510,203.53,275.56,26.15,17.66,2.07,0.0
20230626:0610,409.83,498.39,35.65,19.4,2.14,0.0
20230626:0710,584.34,708.98,44.92,20.89,2.41,0.0
20230626:0810,719.08,883.05,53.34,22.26,3.17,0.0
20230626:0910,715.49,875.94,59.82,22.99,4.14,0.0
20230626:1010,675.62,825.03,62.71,23.23,4.34,0.0
20230626:1110,618.57,753.23,60.84,23.36,4.21,0.0
20230626:1210,596.21,723.61,55.01,23.06,4.0,0.0
20230626:1310,451.39,544.39,46.91,22.99,4.07,0.0
20230626:1410,428.0,519.83,37.77,23.18,4.07,0.0
20230626:1510,244.41,321.64,28.28,22.89,3.79,0.0
20230626:1610,37.5,60.07,18.88,22.51,3.31,0.0
20230626:1710,34.51,56.23,9.92,21.86,2.62,0.0
20230626:1810,0.0,1.65,1.73,20.59,2.34,0.0
20230626:1910,0.0,0.0,0.0,19.7,2.21,0.0
20230626:2010,0.0,0.0,0.0,18.58,1.93,0.0
20230626:2110,0.0,0.0,0.0,17.45,1.45,0.0
20230626:2210,0.0,0.0,0.0,16.81,1.93,0.0
20230626:2310,0.0,0.0,0.0,16.52,2.14,0.0
20230627:0010,0.0,0.0,0.0,16.32,2.34,0.0
20230627:0110,0.0,0.0,0.0,15.85,2.34,0.0
20230627:0210,0.0,0.0,0.0,15.62,2.14,0.0
20230627:0310,9.51,22.32,7.95,15.36,1.93,0.0
20230627:0410,11.37,25.1,16.76,16.47,1.52,0.0
20230627:0510,154.88,198.72,26.09,18.43,1.45,0.0
20230627:0610,94.18,126.41,35.59,19.59,1.45,0.0
20230627:0710,116.39,152.41,44.86,20.96,3.03,0.0
20230627:0810,69.72,98.62,53.28,21.78,3.45,0.0
20230627:0910,256.18,314.0,59.77,21.74,3.45,0.0
20230627:1010,238.76,292.7,62.67,20.82,3.38,0.0
20230627:1110,244.47,300.49,60.82,21.24,2.76,0.0
20230627:1210,247.01,299.64,55.0,19.13,3.45,0.0
20230627:1310,203.41,249.56,46.91,18.55,2.97,0.0
20230627:1410,75.33,104.0,37.77,19.06,3.59,0.0
20230627:1510,80.57,110.27,28.28,19.66,4.07,0.0
20230627:1610,83.03,114.0,18.89,17.97,3.86,0.0
20230627:1710,12.24,26.46,9.93,17.91,3.66,0.0
20230627:1810,0.0,1.65,1.73,17.77,3.24,0.0
20230627:1910,0.0,0.0,0.0,17.34,3.72,0.0
20230627:2010,0.0,0.0,0.0,17.01,3.79,0.0
20230627:2110,0.0,0.0,0.0,16.71,4.0,0.0
20230627:2210,0.0,0.0,0.0,16.1,4.41,0.0
20230627:2310,0.0,0.0,0.0,15.42,4.62,0.0
20230628:0010,0.0,0.0,0.0,15.08,4.55,0.0
20230628:0110,0.0,0.0,0.0,14.45,4.28,0.0
20230628:0210,0.0,0.0,0.0,13.93,4.14,0.0
20230628:0310,21.94,38.86,7.89,13.69,4.41,0.0
20230628:0410,43.19,77.63,16.7,14.27,4.14,0.0
20230628:0510,205.92,273.14,26.03,15.31,5.1,0.0
20230628:0610,419.49,492.89,35.53,16.35,5.93,0.0
20230628:0710,559.84,648.57,44.8,17.26,6.41,0.0
20230628:0810,498.16,579.8,53.22,17.89,6.62,0.0
20230628:0910,567.58,663.59,59.71,18.49,6.62,0.0
20230628:1010,710.1,839.41,62.63,19.33,6.41,0.0
20230628:1110,721.26,855.24,60.8,19.64,6.14,0.0
20230628:1210,732.98,866.45,54.99,19.5,6.07,0.0
20230628:1310,360.05,426.57,46.91,19.86,6.0,0.0
20230628:1410,319.17,380.99,37.77,19.81,5.93,0.0
20230628:1510,220.34,274.39,28.28,17.65,4.83,0.0
20230628:1610,27.73,46.62,18.89,16.45,4.07,0.0
20230628:1710,27.52,46.3,9.92,16.1,3.59,0.0
20230628:1810,0.0,0.83,1.72,15.64,3.93,0.0
20230628:1910,0.0,0.0,0.0,15.21,4.41,0.0
20230628:2010,0.0,0.0,0.0,14.75,4.48,0.0
20230628:2110,0.0,0.0,0.0,14.13,4.41,0.0
20230628:2210,0.0,0.0,0.0,13.75,4.34,0.0
20230628:2310,0.0,0.0,0.0,13.65,4.69,0.0
20230629:0010,0.0,0.0,0.0,13.66,4.9,0.0
20230629:0110,0.0,0.0,0.0,13.78,4.69,0.0
20230629:0210,0.0,0.0,0.0,13.8,4.76,0.0
20230629:0310,5.23,15.71,7.82,13.72,4.9,0.0
20230629:0410,7.82,19.72,16.63,14.02,4.83,0.0
20230629:0510,32.37,52.0,25.96,14.8,5.38,0.0
20230629:0610,286.68,339.16,35.46,16.18,5.86,0.0
20230629:0710,203.39,246.02,44.73,17.15,6.83,0.0
20230629:0810,445.98,521.15,53.15,18.35,6.48,0.0
20230629:0910,478.39,561.47,59.65,19.08,6.34,0.0
20230629:1010,636.79,750.95,62.58,19.44,6.28,0.0
20230629:1110,619.15,731.51,60.76,20.29,6.48,0.0
20230629:1210,164.15,205.3,54.97,20.17,6.41,0.0
20230629:1310,295.99,354.98,46.9,20.73,6.21,0.0
20230629:1410,420.96,501.54,37.77,21.05,6.07,0.0
20230629:1510,246.41,318.73,28.28,20.96,5.79,0.0
20230629:1610,87.07,132.06,18.88,19.79,4.34,0.0
20230629:1710,5.04,15.71,9.91,19.6,4.41,0.0
20230629:1810,0.0,0.83,1.7,17.91,4.07,0.0
20230629:1910,0.0,0.0,0.0,16.93,3.31,0.0
20230629:2010,0.0,0.0,0.0,16.2,3.24,0.0
20230629:2110,0.0,0.0,0.0,15.89,3.66,0.0
20230629:2210,0.0,0.0,0.0,15.74,3.86,0.0
20230629:2310,0.0,0.0,0.0,15.66,3.86,0.0
20230630:0010,0.0,0.0,0.0,15.53,3.79,0.0
20230630:0110,0.0,0.0,0.0,15.28,3.72,0.0
20230630:0210,0.0,0.0,0.0,15.04,3.59,0.0
20230630:0310,11.85,25.63,7.75,14.93,3.45,0.0
20230630:0410,53.91,87.3,16.56,15.62,3.24,0.0
20230630:0510,199.57,268.11,25.89,16.92,3.72,0.0
20230630:0610,404.27,483.1,35.39,18.29,4.14,0.0
20230630:0710,587.11,696.26,44.66,19.79,4.34,0.0
20230630:0810,714.45,859.97,53.08,21.31,4.55,0.0
20230630:0910,801.81,976.2,59.58,22.5,5.1,0.0
20230630:1010,788.16,962.23,62.52,23.37,5.38,0.0
20230630:1110,0.0,0.0,0.0,23.85,5.31,0.0
20230630:1210,683.02,829.36,54.95,23.91,5.03,0.0
20230630:1310,607.85,734.97,46.88,24.02,4.69,0.0
20230630:1410,432.81,525.98,37.76,23.91,4.55,0.0
20230630:1510,244.82,321.5,28.27,23.02,3.93,0.0
20230630:1610,70.7,123.04,18.87,22.37,2.9,0.0
20230630:1710,33.9,55.4,9.9,21.58,2.62,0.0
20230630:1810,0.0,1.65,1.68,20.55,2.41,0.0
20230630:1910,0.0,0.0,0.0,19.81,2.34,0.0
20230630:2010,0.0,0.0,0.0,18.7,2.48,0.0
20230630:2110,0.0,0.0,0.0,17.92,2.34,0.0
20230630:2210,0.0,0.0,0.0,17.37,2.21,0.0
20230630:2310,0.0,0.0,0.0,16.76,2.21,0.0
20230701:0010,0.0,0.0,0.0,16.25,2.21,0.0
20230701:0110,0.0,0.0,0.0,15.87,2.21,0.0
20230701:0210,0.0,0.0,0.0,15.72,2.14,0.0
20230701:0310,0.03,5.79,7.67,15.77,2.0,0.0
20230701:0410,6.52,17.93,16.49,16.93,1.79,0.0
20230701:0510,189.74,251.64,25.81,19.02,2.0,0.0
20230701:0610,286.87,351.29,35.31,20.71,2.14,0.0
20230701:0710,201.57,251.79,44.58,22.29,2.76,0.0
20230701:0810,213.84,266.72,53.0,22.81,2.83,0.0
20230701:0910,549.02,672.41,59.51,22.79,2.62,0.0
20230701:1010,247.43,307.2,62.45,23.18,2.34,0.0
20230701:1110,210.43,261.52,60.68,21.71,2.83,0.0
20230701:1210,533.54,650.36,54.92,21.49,2.21,0.0
20230701:1310,136.83,176.62,46.86,21.37,2.0,0.0
20230701:1410,306.02,375.17,37.74,22.26,2.28,0.0
20230701:1510,168.6,216.79,28.25,22.73,2.48,0.0
20230701:1610,77.22,109.31,18.85,22.69,2.62,0.0
20230701:1710,18.5,35.55,9.88,21.91,2.0,0.0
20230701:1810,0.0,1.65,1.66,20.72,2.41,0.0
20230701:1910,0.0,0.0,0.0,19.73,2.0,0.0
20230701:2010,0.0,0.0,0.0,18.83,2.0,0.0
20230701:2110,0.0,0.0,0.0,18.3,2.0,0.0
20230701:2210,0.0,0.0,0.0,18.03,1.93,0.0
20230701:2310,0.0,0.0,0.0,17.77,1.86,0.0
20230702:0010,0.0,0.0,0.0,17.47,1.86,0.0
20230702:0110,0.0,0.0,0.0,17.43,1.86,0.0
20230702:0210,0.0,0.0,0.0,16.95,1.86,0.0
20230702:0310,0.03,5.79,7.59,16.92,1.59,0.0
20230702:0410,6.47,17.93,16.4,18.01,1.38,0.0
20230702:0510,121.53,158.88,25.73,19.7,2.0,0.0
20230702:0610,213.01,263.75,35.23,20.94,2.9,0.0
20230702:0710,307.98,373.06,44.5,21.25,3.17,0.0
20230702:0810,581.56,706.95,52.92,22.79,3.38,0.0
20230702:0910,567.17,693.87,59.42,24.21,3.66,0.0
20230702:1010,352.78,433.01,62.38,25.25,4.0,0.0
20230702:1110,402.99,494.32,60.62,25.87,4.14,0.0
20230702:1210,78.01,110.27,54.88,26.09,4.07,0.0
20230702:1310,567.61,696.2,46.84,26.22,4.0,0.0
20230702:1410,40.55,64.55,37.72,25.3,3.93,0.0
20230702:1510,238.52,311.92,28.23,23.15,3.79,0.0
20230702:1610,82.66,129.62,18.83,21.75,2.9,0.0
20230702:1710,29.32,49.61,9.85,21.38,1.93,0.0
20230702:1810,0.0,0.83,1.62,20.76,2.21,0.0
20230702:1910,0.0,0.0,0.0,20.86,2.41,0.0
20230702:2010,0.0,0.0,0.0,20.22,2.69,0.0
20230702:2110,0.0,0.0,0.0,19.72,2.83,0.0
20230702:2210,0.0,0.0,0.0,19.35,2.55,0.0
20230702:2310,0.0,0.0,0.0,18.81,2.21,0.0
20230703:0010,0.0,0.0,0.0,18.38,2.0,0.0
20230703:0110,0.0,0.0,0.0,17.66,2.0,0.0
20230703:0210,0.0,0.0,0.0,16.97,2.0,0.0
20230703:0310,22.88,40.52,7.5,16.4,2.0,0.0
20230703:0410,49.69,82.74,16.32,17.26,1.86,0.0
20230703:0510,194.61,264.03,25.64,18.56,2.34,0.0
20230703:0610,392.89,477.76,35.15,19.68,2.34,0.0
20230703:0710,567.58,690.11,44.41,20.94,2.14,0.0
20230703:0810,702.73,863.15,52.83,21.98,2.9,0.0
20230703:0910,784.36,970.53,59.34,22.42,3.45,0.0
20230703:1010,837.21,1043.35,62.3,22.96,3.72,0.0
20230703:1110,730.2,899.53,60.56,23.19,3.79,0.0
20230703:1210,719.54,884.51,54.84,23.36,3.66,0.0
20230703:1310,595.5,724.37,46.81,23.56,3.59,0.0
20230703:1410,445.83,545.53,37.69,23.85,3.31,0.0
20230703:1510,247.73,327.04,28.21,23.57,2.76,0.0
20230703:1610,80.46,130.26,18.8,23.24,2.0,0.0
20230703:1710,31.08,52.09,9.82,22.45,1.24,0.0
20230703:1810,0.0,1.65,1.58,21.24,1.03,0.0
20230703:1910,0.0,0.0,0.0,19.43,1.93,0.0
20230703:2010,0.0,0.0,0.0,18.16,2.34,0.0
20230703:2110,0.0,0.0,0.0,17.71,2.55,0.0
20230703:2210,0.0,0.0,0.0,17.7,2.55,0.0
20230703:2310,0.0,0.0,0.0,17.35,2.83,0.0
20230704:0010,0.0,0.0,0.0,17.32,2.97,0.0
20230704:0110,0.0,0.0,0.0,17.34,2.97,0.0
20230704:0210,0.0,0.0,0.0,17.34,2.9,0.0
20230704:0310,0.03,5.79,7.41,17.13,2.62,0.0
20230704:0410,5.91,17.03,16.23,17.96,2.21,0.0
20230704:0510,96.39,129.16,25.56,19.81,2.28,0.0
20230704:0610,319.99,392.71,35.06,21.51,2.14,0.0
20230704:0710,542.54,661.69,44.32,22.95,2.62,0.0
20230704:0810,664.42,826.54,52.74,24.04,2.41,0.0
20230704:0910,504.98,627.22,59.25,24.99,2.07,0.0
20230704:1010,588.1,741.08,62.22,26.03,2.0,0.0
20230704:1110,82.25,115.65,60.49,26.16,2.07,0.0
20230704:1210,80.0,112.96,54.79,26.16,2.07,0.0
20230704:1310,33.91,56.48,46.77,26.3,2.21,0.0
20230704:1410,25.7,45.72,37.66,25.72,2.41,0.0
20230704:1510,16.53,33.17,28.18,24.29,2.07,0.0
20230704:1610,9.17,22.41,18.77,22.68,2.0,0.0
20230704:1710,1.01,8.27,9.78,21.52,1.93,0.0
20230704:1810,0.0,0.83,1.54,20.83,1.59,0.0
20230704:1910,0.0,0.0,0.0,20.43,1.17,0.0
20230704:2010,0.0,0.0,0.0,19.29,1.03,0.0
20230704:2110,0.0,0.0,0.0,18.7,1.17,0.0
20230704:2210,0.0,0.0,0.0,18.23,1.66,0.0
20230704:2310,0.0,0.0,0.0,17.86,1.79,0.0
20230705:0010,0.0,0.0,0.0,17.38,1.93,0.0
20230705:0110,0.0,0.0,0.0,17.19,1.86,0.0
20230705:0210,0.0,0.0,0.0,16.85,1.72,0.0
20230705:0310,2.29,10.75,7.32,16.66,1.72,0.0
20230705:0410,70.37,99.78,16.14,17.8,1.38,0.0
20230705:0510,179.6,237.1,25.46,19.42,1.03,0.0
20230705:0610,373.25,464.21,34.96,20.91,0.48,0.0
20230705:0710,0.0,0.0,0.0,22.61,0.62,0.0
20230705:0810,659.46,836.5,52.65,24.0,1.17,0.0
20230705:0910,736.59,946.37,59.15,24.79,1.52,0.0
20230705:1010,787.84,1019.33,62.13,25.22,1.79,0.0
20230705:1110,663.03,841.18,60.42,25.6,1.93,0.0
20230705:1210,709.86,902.61,54.73,25.68,2.0,0.0
20230705:1310,568.43,706.56,46.72,25.64,2.28,0.0
20230705:1410,405.55,504.54,37.62,25.83,2.21,0.0
20230705:1510,215.49,282.23,28.14,25.55,2.07,0.0
20230705:1610,64.07,93.89,18.73,25.26,2.14,0.0
20230705:1710,7.43,19.84,9.73,24.13,2.48,0.0
20230705:1810,0.0,0.83,1.49,22.7,2.14,0.0
20230705:1910,0.0,0.0,0.0,22.25,2.34,0.0
20230705:2010,0.0,0.0,0.0,21.44,2.28,0.0
20230705:2110,0.0,0.0,0.0,20.86,2.34,0.0
20230705:2210,0.0,0.0,0.0,20.14,3.1,0.0
20230705:2310,0.0,0.0,0.0,19.6,2.9,0.0
20230706:0010,0.0,0.0,0.0,19.37,2.14,0.0
20230706:0110,0.0,0.0,0.0,19.05,2.76,0.0
20230706:0210,0.0,0.0,0.0,18.71,3.38,0.0
20230706:0310,0.02,5.79,7.22,18.61,2.76,0.0
20230706:0410,11.85,26.0,16.04,18.9,2.28,0.0
20230706:0510,184.52,246.92,25.37,19.85,2.83,0.0
20230706:0610,182.12,228.28,34.87,21.22,2.97,0.0
20230706:0710,297.38,362.32,44.13,21.3,2.28,0.0
20230706:0810,612.62,761.32,52.54,22.4,1.52,0.0
20230706:0910,401.95,499.26,59.04,23.04,0.69,0.0
20230706:1010,417.83,523.99,62.03,23.76,0.34,0.0
20230706:1110,746.16,993.97,60.34,24.85,0.28,0.0
20230706:1210,545.99,700.22,54.67,25.16,0.21,0.0
20230706:1310,331.28,415.41,46.67,25.47,0.69,0.0
20230706:1410,241.02,305.68,37.58,25.84,0.83,0.0
20230706:1510,133.35,177.82,28.1,25.99,0.55,0.0
20230706:1610,25.11,44.83,18.68,25.0,2.0,0.0
20230706:1710,1.78,9.92,9.68,22.3,2.97,0.0
20230706:1810,0.0,0.83,1.43,20.94,2.62,0.0
20230706:1910,0.0,0.0,0.0,21.8,1.72,0.0
20230706:2010,0.0,0.0,0.0,20.89,2.34,0.0
20230706:2110,0.0,0.0,0.0,20.08,2.76,0.0
20230706:2210,0.0,0.0,0.0,19.39,2.83,0.0
20230706:2310,0.0,0.0,0.0,18.91,2.62,0.0
20230707:0010,0.0,0.0,0.0,18.5,2.62,0.0
20230707:0110,0.0,0.0,0.0,18.14,2.9,0.0
20230707:0210,0.0,0.0,0.0,17.75,3.03,0.0
20230707:0310,0.02,5.79,7.11,17.59,3.17,0.0
20230707:0410,10.04,23.31,15.93,18.02,4.28,0.0
20230707:0510,33.17,53.79,25.26,18.51,3.45,0.0
20230707:0610,67.7,95.03,34.77,18.84,3.93,0.0
20230707:0710,303.09,361.16,44.03,18.92,4.9,0.0
20230707:0810,559.98,662.37,52.44,19.6,4.83,0.0
20230707:0910,446.0,529.7,58.93,20.22,4.9,0.0
20230707:1010,482.23,574.4,61.92,20.85,4.97,0.0
20230707:1110,624.09,747.53,60.25,21.54,5.17,0.0
20230707:1210,560.31,668.95,54.6,21.99,5.38,0.0
20230707:1310,501.17,596.91,46.62,22.25,5.59,0.0
20230707:1410,421.47,505.59,37.53,22.54,5.93,0.0
20230707:1510,217.88,277.04,28.05,22.14,5.66,0.0
20230707:1610,82.51,129.89,18.63,21.54,4.83,0.0
20230707:1710,30.13,50.44,9.63,20.71,4.62,0.0
20230707:1810,0.0,4.96,1.36,19.81,4.55,0.0
20230707:1910,0.0,0.0,0.0,18.8,3.72,0.0
20230707:2010,0.0,0.0,0.0,18.04,3.72,0.0
20230707:2110,0.0,0.0,0.0,17.4,3.79,0.0
20230707:2210,0.0,0.0,0.0,16.87,3.79,0.0
20230707:2310,0.0,0.0,0.0,16.38,3.79,0.0
20230708:0010,0.0,0.0,0.0,15.91,3.52,0.0
20230708:0110,0.0,0.0,0.0,15.4,3.24,0.0
20230708:0210,0.0,0.0,0.0,14.79,3.17,0.0
20230708:0310,0.04,5.79,7.0,14.46,3.17,0.0
20230708:0410,21.53,38.55,15.83,15.06,2.97,0.0
20230708:0510,152.58,193.65,25.16,16.45,3.31,0.0
20230708:0610,372.32,445.61,34.66,18.08,3.66,0.0
20230708:0710,527.49,623.18,43.92,18.83,4.14,0.0
20230708:0810,706.61,843.7,52.33,19.83,4.62,0.0
20230708:0910,784.84,948.79,58.82,20.78,4.83,0.0
20230708:1010,829.6,1011.98,61.81,21.6,4.9,0.0
20230708:1110,846.29,1035.48,60.16,22.24,5.03,0.0
20230708:1210,765.53,928.76,54.53,22.78,5.17,0.0
20230708:1310,618.19,740.61,46.56,23.07,5.52,0.0
20230708:1410,459.51,552.8,37.47,23.04,5.72,0.0
20230708:1510,254.11,330.18,27.99,22.73,5.59,0.0
20230708:1610,81.53,131.31,18.57,22.09,4.55,0.0
20230708:1710,30.7,51.26,9.56,21.18,3.66,0.0
20230708:1810,0.0,0.0,0.0,19.95,2.97,0.0
20230708:1910,0.0,0.0,0.0,18.89,2.34,0.0
20230708:2010,0.0,0.0,0.0,17.76,2.28,0.0
20230708:2110,0.0,0.0,0.0,16.73,2.14,0.0
20230708:2210,0.0,0.0,0.0,15.87,2.28,0.0
20230708:2310,0.0,0.0,0.0,15.24,2.41,0.0
20230709:0010,0.0,0.0,0.0,14.8,2.55,0.0
20230709:0110,0.0,0.0,0.0,14.47,2.48,0.0
20230709:0210,0.0,0.0,0.0,14.07,2.41,0.0
20230709:0310,5.74,16.54,6.89,13.91,2.34,0.0
20230709:0410,44.99,75.29,15.72,15.24,2.14,0.0
20230709:0510,192.32,261.77,25.05,17.62,2.48,0.0
20230709:0610,391.38,474.03,34.55,19.59,2.97,0.0
20230709:0710,565.43,681.2,43.81,21.36,3.24,0.0
20230709:0810,698.33,853.11,52.21,22.44,3.52,0.0
20230709:0910,777.98,961.53,58.7,23.28,3.86,0.0
20230709:1010,778.46,965.36,61.7,23.99,4.07,0.0
20230709:1110,764.98,948.04,60.05,24.43,4.14,0.0
20230709:1210,645.97,791.58,54.45,24.74,4.21,0.0
20230709:1310,625.08,760.61,46.49,24.74,4.48,0.0
20230709:1410,401.1,488.36,37.41,24.45,4.69,0.0
20230709:1510,249.93,327.06,27.93,23.49,4.21,0.0
20230709:1610,81.12,130.79,18.51,22.94,3.66,0.0
20230709:1710,29.92,50.44,9.5,21.91,3.03,0.0
20230709:1810,0.0,0.0,0.0,20.5,2.9,0.0
20230709:1910,0.0,0.0,0.0,19.73,2.9,0.0
20230709:2010,0.0,0.0,0.0,18.61,2.83,0.0
20230709:2110,0.0,0.0,0.0,17.71,2.69,0.0
20230709:2210,0.0,0.0,0.0,17.07,2.62,0.0
20230709:2310,0.0,0.0,0.0,16.3,2.69,0.0
20230710:0010,0.0,0.0,0.0,15.7,2.76,0.0
20230710:0110,0.0,0.0,0.0,15.22,2.76,0.0
20230710:0210,0.0,0.0,0.0,14.9,2.62,0.0
20230710:0310,17.35,33.07,6.77,14.73,2.62,0.0
20230710:0410,37.47,67.41,15.6,15.66,2.55,0.0
20230710:0510,193.17,262.38,24.94,17.33,3.1,0.0
20230710:0610,396.33,477.44,34.44,18.86,3.31,0.0
20230710:0710,574.7,682.34,43.69,20.04,4.34,0.0
20230710:0810,671.35,801.63,52.09,21.04,5.17,0.0
20230710:0910,725.15,872.32,58.57,21.41,5.31,0.0
20230710:1010,779.38,944.07,61.57,21.85,5.38,0.0
20230710:1110,770.58,933.65,59.95,22.19,5.38,0.0
20230710:1210,534.88,641.32,54.36,22.76,5.31,0.0
20230710:1310,628.33,754.93,46.41,23.05,5.1,0.0
20230710:1410,390.85,471.88,37.34,22.98,5.1,0.0
20230710:1510,253.95,330.99,27.87,23.01,4.83,0.0
20230710:1610,73.49,126.6,18.44,22.51,3.93,0.0
20230710:1710,28.66,48.78,9.42,21.63,2.97,0.0
20230710:1810,0.0,0.0,0.0,20.16,2.55,0.0
20230710:1910,0.0,0.0,0.0,18.79,2.41,0.0
20230710:2010,0.0,0.0,0.0,17.64,2.21,0.0
20230710:2110,0.0,0.0,0.0,16.42,1.86,0.0
20230710:2210,0.0,0.0,0.0,15.4,1.38,0.0
20230710:2310,0.0,0.0,0.0,16.44,0.9,0.0
20230711:0010,0.0,0.0,0.0,15.49,0.97,0.0
20230711:0110,0.0,0.0,0.0,15.35,0.83,0.0
20230711:0210,0.0,0.0,0.0,14.87,0.76,0.0
20230711:0310,13.07,27.29,6.65,14.34,0.83,0.0
20230711:0410,66.57,95.82,15.49,15.13,0.48,0.0
20230711:0510,153.57,197.21,24.82,16.59,0.55,0.0
20230711:0610,60.81,86.96,34.32,17.8,0.55,0.0
20230711:0710,136.58,174.82,43.58,18.39,0.55,0.0
20230711:0810,174.45,219.65,51.96,19.34,0.34,0.0
20230711:0910,246.27,301.84,58.44,19.51,1.52,0.0
20230711:1010,116.86,152.41,61.44,19.71,2.07,0.0
20230711:1110,158.08,198.13,59.83,18.15,2.34,0.0
20230711:1210,125.49,160.48,54.26,17.28,2.41,0.0
20230711:1310,62.56,88.76,46.33,17.69,2.21,0.0
20230711:1410,354.34,424.57,37.27,18.68,2.69,0.0
20230711:1510,245.86,312.57,27.8,18.66,3.1,0.0
20230711:1610,74.76,125.85,18.37,18.74,3.1,0.0
20230711:1710,31.13,51.26,9.34,18.38,2.83,0.0
20230711:1810,0.0,0.0,0.0,17.56,2.48,0.0
20230711:1910,0.0,0.0,0.0,17.02,1.52,0.0
20230711:2010,0.0,0.0,0.0,15.65,1.24,0.0
20230711:2110,0.0,0.0,0.0,15.75,0.83,0.0
20230711:2210,0.0,0.0,0.0,15.25,0.9,0.0
20230711:2310,0.0,0.0,0.0,14.06,1.1,0.0
20230712:0010,0.0,0.0,0.0,13.72,1.03,0.0
20230712:0110,0.0,0.0,0.0,14.49,0.34,0.0
20230712:0210,0.0,0.0,0.0,14.34,0.55,0.0
20230712:0310,0.0,4.96,6.53,13.06,1.17,0.0
20230712:0410,60.11,89.08,15.36,14.74,1.03,0.0
20230712:0510,187.63,253.3,24.7,16.46,1.45,0.0
20230712:0610,379.88,459.1,34.2,18.05,2.14,0.0
20230712:0710,556.57,670.39,43.45,19.47,2.21,0.0
20230712:0810,664.48,811.48,51.83,20.64,2.48,0.0
20230712:0910,553.38,671.02,58.3,21.67,3.1,0.0
20230712:1010,785.12,971.05,61.31,22.69,3.72,0.0
20230712:1110,784.65,977.12,59.71,23.34,3.38,0.0
20230712:1210,655.91,813.44,54.16,24.1,2.76,0.0
20230712:1310,557.92,688.63,46.25,25.29,2.76,0.0
20230712:1410,439.26,546.79,37.19,25.55,2.07,0.0
20230712:1510,239.56,318.46,27.72,25.5,1.66,0.0
20230712:1610,75.57,127.37,18.29,24.85,1.17,0.0
20230712:1710,27.67,47.96,9.26,23.78,1.93,0.0
20230712:1810,0.0,0.0,0.0,22.28,2.48,0.0
20230712:1910,0.0,0.0,0.0,21.28,2.48,0.0
20230712:2010,0.0,0.0,0.0,20.37,2.83,0.0
20230712:2110,0.0,0.0,0.0,19.76,2.83,0.0
20230712:2210,0.0,0.0,0.0,19.02,2.48,0.0
20230712:2310,0.0,0.0,0.0,18.47,2.41,0.0
20230713:0010,0.0,0.0,0.0,18.17,2.62,0.0
20230713:0110,0.0,0.0,0.0,18.33,2.55,0.0
20230713:0210,0.0,0.0,0.0,18.33,2.55,0.0
20230713:0310,0.0,4.96,6.4,18.36,2.62,0.0
20230713:0410,64.46,92.85,15.24,19.02,2.41,0.0
20230713:0510,173.98,231.36,24.58,20.31,3.52,0.0
20230713:0610,347.64,424.27,34.08,21.69,3.38,0.0
20230713:0710,521.23,631.9,43.33,23.11,3.24,0.0
20230713:0810,644.15,792.65,51.7,24.43,3.31,0.0
20230713:0910,718.63,898.42,58.16,25.52,3.31,0.0
20230713:1010,767.3,973.4,61.16,26.43,3.1,0.0
20230713:1110,462.96,575.92,59.58,27.23,2.9,0.0
20230713:1210,360.26,449.27,54.05,27.56,2.69,0.0
20230713:1310,155.81,203.74,46.15,27.45,2.48,0.0
20230713:1410,53.12,80.69,37.11,26.96,2.41,0.0
20230713:1510,46.78,72.62,27.64,26.17,2.28,0.0
20230713:1610,20.46,38.55,18.21,24.5,2.28,0.0
20230713:1710,10.23,23.98,9.17,22.36,2.34,0.0
20230713:1810,0.0,0.0,0.0,20.22,2.34,0.0
20230713:1910,0.0,0.0,0.0,20.76,2.34,0.0
20230713:2010,0.0,0.0,0.0,20.17,2.28,0.0
20230713:2110,0.0,0.0,0.0,19.26,2.14,0.0
20230713:2210,0.0,0.0,0.0,18.89,2.0,0.0
20230713:2310,0.0,0.0,0.0,18.66,2.34,0.0
20230714:0010,0.0,0.0,0.0,18.36,2.55,0.0
20230714:0110,0.0,0.0,0.0,18.14,2.83,0.0
20230714:0210,0.0,0.0,0.0,17.86,3.31,0.0
20230714:0310,0.0,4.96,6.26,17.57,3.72,0.0
20230714:0410,22.67,40.34,15.11,17.33,3.93,0.0
20230714:0510,69.78,96.82,24.45,17.23,3.59,0.0
20230714:0610,181.4,223.16,33.95,17.35,3.72,0.0
20230714:0710,201.69,246.64,43.2,18.28,3.86,0.0
20230714:0810,290.81,349.71,51.56,19.44,3.72,0.0
20230714:0910,595.63,719.63,58.01,20.71,3.24,0.0
20230714:1010,637.68,778.87,61.02,21.85,3.17,0.0
20230714:1110,758.19,935.02,59.45,22.25,3.45,0.0
20230714:1210,582.89,709.09,53.94,23.0,3.52,0.0
20230714:1310,570.4,694.22,46.06,23.48,3.31,0.0
20230714:1410,351.33,428.28,37.02,23.32,3.59,0.0
20230714:1510,38.92,61.86,27.55,22.65,3.66,0.0
20230714:1610,76.82,126.57,18.11,22.23,3.17,0.0
20230714:1710,28.62,48.78,9.07,21.79,2.21,0.0
20230714:1810,0.0,0.0,0.0,20.89,2.14,0.0
20230714:1910,0.0,0.0,0.0,19.88,2.28,0.0
20230714:2010,0.0,0.0,0.0,18.85,2.28,0.0
20230714:2110,0.0,0.0,0.0,17.82,2.28,0.0
20230714:2210,0.0,0.0,0.0,16.91,2.21,0.0
20230714:2310,0.0,0.0,0.0,16.16,2.21,0.0
20230715:0010,0.0,0.0,0.0,15.55,2.21,0.0
20230715:0110,0.0,0.0,0.0,15.06,2.14,0.0
20230715:0210,0.0,0.0,0.0,14.54,2.07,0.0
20230715:0310,1.9,9.92,6.13,14.23,1.93,0.0
20230715:0410,50.33,78.47,14.98,15.35,1.38,0.0
20230715:0510,182.49,247.81,24.32,18.05,1.38,0.0
20230715:0610,375.99,461.42,33.82,19.9,1.38,0.0
20230715:0710,542.91,665.19,43.06,21.38,1.52,0.0
20230715:0810,661.49,821.24,51.42,22.55,2.0,0.0
20230715:0910,720.25,903.89,57.86,22.95,2.14,0.0
20230715:1010,569.16,706.28,60.86,23.32,1.93,0.0
20230715:1110,630.99,791.76,59.31,23.64,1.72,0.0
20230715:1210,535.77,669.46,53.82,24.1,1.31,0.0
20230715:1310,540.41,680.48,45.95,24.35,0.76,0.0
20230715:1410,381.18,475.91,36.92,24.47,0.97,0.0
20230715:1510,224.68,294.6,27.45,24.58,1.31,0.0
20230715:1610,71.29,124.12,18.02,24.31,0.34,0.0
20230715:1710,27.02,47.13,8.97,23.69,0.83,0.0
20230715:1810,0.0,0.0,0.0,22.28,1.59,0.0
20230715:1910,0.0,0.0,0.0,21.46,2.07,0.0
20230715:2010,0.0,0.0,0.0,20.43,2.28,0.0
20230715:2110,0.0,0.0,0.0,19.77,2.41,0.0
20230715:2210,0.0,0.0,0.0,19.11,2.41,0.0
20230715:2310,0.0,0.0,0.0,18.59,2.34,0.0
20230716:0010,0.0,0.0,0.0,18.22,2.34,0.0
20230716:0110,0.0,0.0,0.0,17.63,2.28,0.0
20230716:0210,0.0,0.0,0.0,17.15,2.14,0.0
20230716:0310,0.0,4.13,5.98,16.78,2.0,0.0
20230716:0410,62.95,90.35,14.84,17.78,1.59,0.0
20230716:0510,171.26,228.2,24.19,20.28,1.59,0.0
20230716:0610,345.97,428.72,33.69,22.28,1.45,0.0
20230716:0710,526.35,650.83,42.92,23.91,1.72,0.0
20230716:0810,656.06,832.78,51.27,25.6,1.59,0.0
20230716:0910,657.16,843.86,57.71,26.95,1.59,0.0
20230716:1010,679.11,878.44,60.7,27.66,1.66,0.0
20230716:1110,740.26,969.4,59.16,28.33,1.66,0.0
20230716:1210,647.56,837.5,53.69,28.67,1.52,0.0
20230716:1310,547.73,700.95,45.84,28.99,1.31,0.0
20230716:1410,401.91,513.09,36.82,29.02,1.1,0.0
20230716:1510,227.66,307.54,27.35,29.01,1.03,0.0
20230716:1610,65.15,120.94,17.91,28.68,1.03,0.0
20230716:1710,25.24,45.48,8.86,27.49,1.31,0.0
20230716:1810,0.0,0.0,0.0,25.75,2.07,0.0
20230716:1910,0.0,0.0,0.0,24.0,2.21,0.0
20230716:2010,0.0,0.0,0.0,22.55,2.28,0.0
20230716:2110,0.0,0.0,0.0,21.6,2.34,0.0
20230716:2210,0.0,0.0,0.0,20.93,2.41,0.0
20230716:2310,0.0,0.0,0.0,20.55,2.41,0.0
20230717:0010,0.0,0.0,0.0,20.31,2.41,0.0
20230717:0110,0.0,0.0,0.0,19.95,2.41,0.0
20230717:0210,0.0,0.0,0.0,19.64,2.34,0.0
20230717:0310,5.55,16.54,5.84,19.4,2.21,0.0
20230717:0410,47.07,75.59,14.7,20.47,1.79,0.0
20230717:0510,173.65,241.35,24.05,22.98,1.72,0.0
20230717:0610,350.33,439.37,33.55,25.05,1.72,0.0
20230717:0710,520.67,648.31,42.78,26.81,2.34,0.0
20230717:0810,648.88,821.12,51.12,28.32,2.69,0.0
20230717:0910,717.96,921.13,57.54,29.47,2.97,0.0
20230717:1010,758.05,984.96,60.53,30.16,2.83,0.0
20230717:1110,642.64,828.21,59.01,30.64,2.55,0.0
20230717:1210,544.55,696.74,53.56,30.76,2.21,0.0
20230717:1310,82.52,118.34,45.72,30.66,1.66,0.0
20230717:1410,24.36,44.83,36.71,30.49,1.1,0.0
20230717:1510,15.38,32.27,27.25,29.93,0.62,0.0
20230717:1610,82.01,122.24,17.8,29.23,0.41,0.0
20230717:1710,26.97,47.96,8.74,28.22,0.21,0.0
20230717:1810,0.0,0.0,0.0,26.57,1.1,0.0
20230717:1910,0.0,0.0,0.0,23.63,1.03,0.0
20230717:2010,0.0,0.0,0.0,22.61,1.17,0.0
20230717:2110,0.0,0.0,0.0,22.02,1.72,0.0
20230717:2210,0.0,0.0,0.0,21.22,2.14,0.0
20230717:2310,0.0,0.0,0.0,20.49,2.28,0.0
20230718:0010,0.0,0.0,0.0,19.84,2.0,0.0
20230718:0110,0.0,0.0,0.0,19.55,1.79,0.0
20230718:0210,0.0,0.0,0.0,19.32,1.86,0.0
20230718:0310,0.0,4.13,5.69,19.29,2.14,0.0
20230718:0410,57.03,85.46,14.56,19.31,1.79,0.0
20230718:0510,88.27,119.62,23.92,19.67,2.41,0.0
20230718:0610,147.57,187.7,33.41,20.77,4.07,0.0
20230718:0710,546.94,651.84,42.64,21.92,5.03,0.0
20230718:0810,656.48,791.49,50.97,22.76,4.83,0.0
20230718:0910,689.08,839.23,57.38,23.58,4.76,0.0
20230718:1010,519.09,629.11,60.36,24.43,5.03,0.0
20230718:1110,549.31,664.85,58.85,24.62,5.52,0.0
20230718:1210,726.22,881.24,53.42,24.34,5.72,0.0
20230718:1310,599.52,721.55,45.6,24.4,5.66,0.0
20230718:1410,430.18,521.54,36.59,24.24,5.1,0.0
20230718:1510,244.13,318.42,27.13,24.12,4.83,0.0
20230718:1610,62.91,119.51,17.69,23.66,4.07,0.0
20230718:1710,24.05,43.0,8.62,22.57,3.24,0.0
20230718:1810,0.0,0.0,0.0,21.14,2.83,0.0
20230718:1910,0.0,0.0,0.0,20.34,2.83,0.0
20230718:2010,0.0,0.0,0.0,19.45,2.76,0.0
20230718:2110,0.0,0.0,0.0,18.62,2.76,0.0
20230718:2210,0.0,0.0,0.0,18.33,2.48,0.0
20230718:2310,0.0,0.0,0.0,17.69,2.07,0.0
20230719:0010,0.0,0.0,0.0,16.84,1.79,0.0
20230719:0110,0.0,0.0,0.0,15.56,1.52,0.0
20230719:0210,0.0,0.0,0.0,14.33,1.59,0.0
20230719:0310,0.0,4.13,5.54,13.71,1.93,0.0
20230719:0410,45.44,68.0,14.41,15.16,1.45,0.0
20230719:0510,179.19,240.91,23.77,17.98,1.59,0.0
20230719:0610,348.7,426.28,33.27,19.83,1.66,0.0
20230719:0710,539.45,656.7,42.49,21.13,1.93,0.0
20230719:0810,641.33,788.84,50.81,22.68,2.62,0.0
20230719:0910,715.32,888.53,57.2,22.81,2.76,0.0
20230719:1010,742.48,926.71,60.18,23.17,2.9,0.0
20230719:1110,710.81,881.04,58.68,23.5,3.24,0.0
20230719:1210,607.91,748.38,53.28,23.61,2.83,0.0
20230719:1310,467.0,570.59,45.47,23.63,2.55,0.0
20230719:1410,434.62,534.37,36.47,23.59,2.28,0.0
20230719:1510,247.07,325.9,27.02,23.23,1.45,0.0
20230719:1610,69.62,122.44,17.57,23.1,0.48,0.0
20230719:1710,27.23,47.13,8.49,22.11,0.34,0.0
20230719:1810,0.0,0.0,0.0,21.05,1.03,0.0
20230719:1910,0.0,0.0,0.0,20.14,1.72,0.0
20230719:2010,0.0,0.0,0.0,18.6,1.79,0.0
20230719:2110,0.0,0.0,0.0,17.66,1.79,0.0
20230719:2210,0.0,0.0,0.0,17.52,2.28,0.0
20230719:2310,0.0,0.0,0.0,16.89,2.21,0.0
20230720:0010,0.0,0.0,0.0,16.19,1.86,0.0
20230720:0110,0.0,0.0,0.0,15.73,2.41,0.0
20230720:0210,0.0,0.0,0.0,15.45,2.83,0.0
20230720:0310,0.0,4.13,5.39,15.14,2.62,0.0
20230720:0410,42.85,69.03,14.26,15.79,2.07,0.0
20230720:0510,179.46,243.72,23.63,17.32,2.14,0.0
20230720:0610,368.42,447.27,33.12,18.87,2.07,0.0
20230720:0710,439.92,534.67,42.34,21.28,1.72,0.0
20230720:0810,579.15,718.25,50.65,22.64,1.52,0.0
20230720:0910,574.65,714.8,57.03,23.55,1.79,0.0
20230720:1010,175.28,223.23,60.0,24.02,2.76,0.0
20230720:1110,208.19,256.77,58.51,20.68,4.21,0.0
20230720:1210,218.92,270.65,53.12,20.77,2.28,0.0
20230720:1310,159.94,203.76,45.33,21.53,1.52,0.0
20230720:1410,51.27,76.2,36.35,20.38,4.21,0.0
20230720:1510,26.67,45.72,26.89,18.99,4.55,0.0
20230720:1610,71.38,121.48,17.44,18.79,4.9,0.0
20230720:1710,25.27,43.82,8.36,18.22,4.21,0.0
20230720:1810,0.0,0.0,0.0,17.52,3.59,0.0
20230720:1910,0.0,0.0,0.0,16.64,2.83,0.0
20230720:2010,0.0,0.0,0.0,16.02,2.48,0.0
20230720:2110,0.0,0.0,0.0,15.41,2.14,0.0
20230720:2210,0.0,0.0,0.0,14.77,2.14,0.0
20230720:2310,0.0,0.0,0.0,14.22,2.21,0.0
20230721:0010,0.0,0.0,0.0,13.84,2.28,0.0
20230721:0110,0.0,0.0,0.0,13.6,2.34,0.0
20230721:0210,0.0,0.0,0.0,13.33,2.28,0.0
20230721:0310,0.0,3.31,5.23,13.15,2.21,0.0
20230721:0410,54.35,80.54,14.11,14.08,1.93,0.0
20230721:0510,181.12,243.7,23.48,16.02,2.07,0.0
20230721:0610,379.68,458.09,32.97,17.51,2.07,0.0
20230721:0710,571.08,674.43,42.18,18.07,3.66,0.0
20230721:0810,706.82,851.14,50.48,19.12,3.31,0.0
20230721:0910,733.31,893.37,56.84,20.3,3.38,0.0
20230721:1010,784.88,973.02,59.81,21.02,2.9,0.0
20230721:1110,790.52,993.0,58.33,21.83,2.34,0.0
20230721:1210,293.6,360.16,52.97,22.23,2.14,0.0
20230721:1310,166.78,211.84,45.19,22.12,2.14,0.0
20230721:1410,404.6,492.58,36.21,22.23,2.62,0.0
20230721:1510,90.08,122.71,26.76,21.83,2.28,0.0
20230721:1610,70.83,101.46,17.31,21.7,1.72,0.0
20230721:1710,5.49,16.54,8.22,21.12,0.69,0.0
20230721:1810,0.0,0.0,0.0,20.84,0.28,0.0
20230721:1910,0.0,0.0,0.0,18.14,2.0,0.0
20230721:2010,0.0,0.0,0.0,17.43,2.21,0.0
20230721:2110,0.0,0.0,0.0,17.16,2.28,0.0
20230721:2210,0.0,0.0,0.0,17.09,2.34,0.0
20230721:2310,0.0,0.0,0.0,17.11,2.48,0.0
20230722:0010,0.0,0.0,0.0,17.08,2.48,0.0
20230722:0110,0.0,0.0,0.0,17.32,2.55,0.0
20230722:0210,0.0,0.0,0.0,17.27,2.55,0.0
20230722:0310,0.0,3.31,5.06,17.05,2.9,0.0
20230722:0410,4.3,14.34,13.96,17.02,3.17,0.0
20230722:0510,24.1,42.14,23.33,16.94,3.17,0.0
20230722:0610,75.24,103.1,32.82,17.12,3.17,0.0
20230722:0710,123.19,157.79,42.02,17.56,3.38,0.0
20230722:0810,128.35,164.06,50.31,18.06,3.03,0.0
20230722:0910,225.99,275.82,56.66,18.68,2.69,0.0
20230722:1010,79.62,109.38,59.62,19.62,2.34,0.0
20230722:1110,265.04,326.11,58.15,21.36,1.72,0.0
20230722:1210,625.33,777.1,52.8,22.27,1.66,0.0
20230722:1310,480.07,589.21,45.05,22.79,1.66,0.0
20230722:1410,230.28,287.52,36.08,23.33,1.86,0.0
20230722:1510,174.69,222.99,26.63,21.71,3.59,0.0
20230722:1610,6.96,18.83,17.17,20.05,3.17,0.0
20230722:1710,15.66,31.42,8.08,19.82,2.69,0.0
20230722:1810,0.0,0.0,0.0,19.15,2.69,0.0
20230722:1910,0.0,0.0,0.0,17.86,2.28,0.0
20230722:2010,0.0,0.0,0.0,17.06,2.41,0.0
20230722:2110,0.0,0.0,0.0,16.45,2.48,0.0
20230722:2210,0.0,0.0,0.0,15.97,2.48,0.0
20230722:2310,0.0,0.0,0.0,15.59,2.69,0.0
20230723:0010,0.0,0.0,0.0,15.32,2.83,0.0
20230723:0110,0.0,0.0,0.0,14.99,2.83,0.0
20230723:0210,0.0,0.0,0.0,14.5,2.69,0.0
20230723:0310,0.0,3.31,4.9,14.05,2.48,0.0
20230723:0410,27.24,45.72,13.8,14.6,1.93,0.0
20230723:0510,113.4,147.68,23.17,16.4,1.86,0.0
20230723:0610,346.65,419.56,32.67,18.17,1.93,0.0
20230723:0710,556.67,665.6,41.86,19.29,2.83,0.0
20230723:0810,682.67,829.77,50.14,20.43,2.9,0.0
20230723:0910,725.28,887.28,56.47,21.24,3.38,0.0
20230723:1010,787.04,972.98,59.42,22.03,3.52,0.0
20230723:1110,619.39,756.83,57.96,22.44,3.24,0.0
20230723:1210,712.36,878.14,52.63,22.43,2.97,0.0
20230723:1310,552.15,672.0,44.89,22.46,2.69,0.0
20230723:1410,447.82,547.85,35.93,22.64,2.34,0.0
20230723:1510,244.51,320.64,26.49,22.91,2.07,0.0
20230723:1610,65.75,118.83,17.03,22.89,1.72,0.0
20230723:1710,23.49,42.17,7.93,21.78,2.0,0.0
20230723:1810,0.0,0.0,0.0,20.1,2.62,0.0
20230723:1910,0.0,0.0,0.0,19.44,2.62,0.0
20230723:2010,0.0,0.0,0.0,18.65,2.83,0.0
20230723:2110,0.0,0.0,0.0,18.25,3.17,0.0
20230723:2210,0.0,0.0,0.0,18.26,3.38,0.0
20230723:2310,0.0,0.0,0.0,18.1,3.59,0.0
20230724:0010,0.0,0.0,0.0,18.03,3.66,0.0
20230724:0110,0.0,0.0,0.0,17.94,3.79,0.0
20230724:0210,0.0,0.0,0.0,17.83,3.72,0.0
20230724:0310,0.0,3.31,4.73,17.83,3.72,0.0
20230724:0410,36.73,58.2,13.64,18.5,3.72,0.0
20230724:0510,170.23,229.79,23.02,19.48,3.38,0.0
20230724:0610,109.69,144.41,32.51,20.44,2.9,0.0
20230724:0710,238.5,292.43,41.7,22.06,4.55,0.0
20230724:0810,368.04,445.11,49.96,23.59,4.76,0.0
20230724:0910,608.92,743.25,56.27,24.79,4.55,0.0
20230724:1010,811.01,1017.26,59.21,26.04,4.28,0.0
20230724:1110,804.81,1010.41,57.76,27.02,4.55,0.0
20230724:1210,715.54,888.95,52.45,27.57,4.76,0.0
20230724:1310,596.69,734.78,44.73,27.43,4.41,0.0
20230724:1410,349.12,431.18,35.78,25.38,2.9,0.0
20230724:1510,234.98,308.92,26.34,23.39,1.59,0.0
20230724:1610,49.12,74.68,16.88,22.82,1.72,0.0
20230724:1710,13.09,28.11,7.77,22.28,1.93,0.0
20230724:1810,0.0,0.0,0.0,21.63,2.21,0.0
20230724:1910,0.0,0.0,0.0,22.01,2.55,0.0
20230724:2010,0.0,0.0,0.0,21.32,2.83,0.0
20230724:2110,0.0,0.0,0.0,20.91,3.03,0.0
20230724:2210,0.0,0.0,0.0,20.77,3.1,0.0
20230724:2310,0.0,0.0,0.0,20.64,3.03,0.0
20230725:0010,0.0,0.0,0.0,20.29,2.76,0.0
20230725:0110,0.0,0.0,0.0,19.65,2.62,0.0
20230725:0210,0.0,0.0,0.0,19.08,2.97,0.0
20230725:0310,0.0,3.31,4.56,18.8,2.97,0.0
20230725:0410,9.97,23.31,13.48,19.21,2.97,0.0
20230725:0510,126.36,166.4,22.86,20.33,3.17,0.0
20230725:0610,287.56,352.56,32.35,22.19,3.66,0.0
20230725:0710,223.1,275.64,41.53,22.14,3.52,0.0
20230725:0810,646.73,790.12,49.78,23.46,3.52,0.0
20230725:0910,638.08,784.16,56.07,25.28,4.21,0.0
20230725:1010,639.44,790.39,59.0,26.04,4.14,0.0
20230725:1110,681.54,848.26,57.55,26.31,3.86,0.0
20230725:1210,568.47,702.11,52.27,26.51,3.66,0.0
20230725:1310,429.21,527.67,44.57,26.63,3.59,0.0
20230725:1410,365.45,451.48,35.63,26.39,3.59,0.0
20230725:1510,96.61,132.39,26.19,25.43,2.62,0.0
20230725:1610,6.75,18.83,16.73,25.09,1.52,0.0
20230725:1710,22.53,41.34,7.61,24.53,1.86,0.0
20230725:1810,0.0,0.0,0.0,23.29,2.48,0.0
20230725:1910,0.0,0.0,0.0,21.29,1.86,0.0
20230725:2010,0.0,0.0,0.0,20.36,1.31,0.0
20230725:2110,0.0,0.0,0.0,19.62,1.72,0.0
20230725:2210,0.0,0.0,0.0,19.2,2.28,0.0
20230725:2310,0.0,0.0,0.0,18.99,3.45,0.0
20230726:0010,0.0,0.0,0.0,19.27,4.55,0.0
20230726:0110,0.0,0.0,0.0,18.67,5.03,0.0
20230726:0210,0.0,0.0,0.0,17.77,4.83,0.0
20230726:0310,0.0,2.48,4.39,17.28,4.76,0.0
20230726:0410,4.3,14.34,13.31,17.18,4.48,0.0
20230726:0510,19.87,36.76,22.69,17.62,4.14,0.0
20230726:0610,103.04,135.38,32.19,18.46,4.14,0.0
20230726:0710,95.47,127.31,41.36,19.48,4.14,0.0
20230726:0810,348.54,418.83,49.59,20.43,3.17,0.0
20230726:0910,443.46,536.92,55.87,21.26,2.41,0.0
20230726:1010,399.47,487.33,58.78,21.82,1.86,0.0
20230726:1110,585.24,726.42,57.35,22.2,1.52,0.0
20230726:1210,411.25,503.79,52.08,22.34,1.52,0.0
20230726:1310,280.15,344.85,44.39,22.35,1.66,0.0
20230726:1410,60.32,87.86,35.46,22.38,1.93,0.0
20230726:1510,46.96,71.72,26.03,22.27,1.79,0.0
20230726:1610,16.76,33.17,16.56,21.77,1.79,0.0
20230726:1710,0.01,5.79,7.44,21.21,1.59,0.0
20230726:1810,0.0,0.0,0.0,20.46,1.66,0.0
20230726:1910,0.0,0.0,0.0,18.87,1.79,0.0
20230726:2010,0.0,0.0,0.0,18.39,1.72,0.0
20230726:2110,0.0,0.0,0.0,18.2,1.66,0.0
20230726:2210,0.0,0.0,0.0,17.77,1.52,0.0
20230726:2310,0.0,0.0,0.0,17.53,1.45,0.0
20230727:0010,0.0,0.0,0.0,17.25,2.0,0.0
20230727:0110,0.0,0.0,0.0,16.77,2.9,0.0
20230727:0210,0.0,0.0,0.0,16.09,4.0,0.0
20230727:0310,0.0,2.48,4.21,15.36,4.48,0.0
20230727:0410,3.83,13.45,13.14,15.06,4.07,0.0
20230727:0510,85.62,114.08,22.53,14.86,4.48,0.0
20230727:0610,137.46,171.61,32.02,15.03,4.97,0.0
20230727:0710,122.98,155.1,41.19,14.55,5.52,0.0
20230727:0810,220.37,262.09,49.4,14.41,5.93,0.0
20230727:0910,237.29,280.8,55.66,14.43,6.07,0.0
20230727:1010,162.03,198.13,58.56,14.7,6.41,0.0
20230727:1110,376.86,435.8,57.13,14.77,6.14,0.0
20230727:1210,396.55,457.61,51.88,15.24,6.62,0.0
20230727:1310,174.53,213.05,44.22,15.92,6.07,0.0
20230727:1410,111.35,143.44,35.3,16.62,5.66,0.0
20230727:1510,147.24,185.51,25.86,17.24,5.31,0.0
20230727:1610,81.38,119.69,16.4,17.57,4.76,0.0
20230727:1710,21.51,38.86,7.27,17.37,4.28,0.0
20230727:1810,0.0,0.0,0.0,16.84,4.07,0.0
20230727:1910,0.0,0.0,0.0,15.03,3.17,0.0
20230727:2010,0.0,0.0,0.0,14.46,3.1,0.0
20230727:2110,0.0,0.0,0.0,14.21,3.1,0.0
20230727:2210,0.0,0.0,0.0,13.81,3.31,0.0
20230727:2310,0.0,0.0,0.0,13.52,3.38,0.0
20230728:0010,0.0,0.0,0.0,13.2,3.24,0.0
20230728:0110,0.0,0.0,0.0,12.86,3.03,0.0
20230728:0210,0.0,0.0,0.0,12.5,2.97,0.0
20230728:0310,0.0,4.13,4.03,12.2,2.83,0.0
20230728:0410,34.68,56.99,12.97,12.91,2.55,0.0
20230728:0510,179.05,243.21,22.36,14.73,2.55,0.0
20230728:0610,386.8,463.26,31.85,16.79,2.69,0.0
20230728:0710,568.95,677.24,41.01,18.55,2.97,0.0
20230728:0810,708.21,857.92,49.21,20.11,3.24,0.0
20230728:0910,784.86,965.28,55.45,20.98,3.31,0.0
20230728:1010,659.8,803.45,58.33,21.6,3.52,0.0
20230728:1110,444.09,534.52,56.91,22.27,4.14,0.0
20230728:1210,290.2,353.59,51.68,22.33,3.79,0.0
20230728:1310,333.92,403.75,44.03,23.03,4.76,0.0
20230728:1410,209.47,259.11,35.12,21.79,4.41,0.0
20230728:1510,201.2,254.04,25.69,19.97,4.76,0.0
20230728:1610,45.79,69.31,16.23,18.58,3.72,0.0
20230728:1710,21.45,38.86,7.09,17.83,3.59,0.0
20230728:1810,0.0,0.0,0.0,17.41,3.17,0.0
20230728:1910,0.0,0.0,0.0,16.79,2.76,0.0
20230728:2010,0.0,0.0,0.0,16.34,2.83,0.0
20230728:2110,0.0,0.0,0.0,15.9,2.83,0.0
20230728:2210,0.0,0.0,0.0,15.57,2.83,0.0
20230728:2310,0.0,0.0,0.0,15.53,2.97,0.0
20230729:0010,0.0,0.0,0.0,15.47,3.03,0.0
20230729:0110,0.0,0.0,0.0,15.61,3.24,0.0
20230729:0210,0.0,0.0,0.0,15.78,3.38,0.0
20230729:0310,0.7,7.44,3.85,15.71,3.45,0.0
20230729:0410,51.61,76.22,12.8,16.43,3.52,0.0
20230729:0510,36.3,57.38,22.19,17.45,4.28,0.0
20230729:0610,88.27,118.34,31.68,18.25,5.03,0.0
20230729:0710,293.52,351.37,40.83,19.68,4.76,0.0
20230729:0810,302.61,364.15,49.01,20.87,4.69,0.0
20230729:0910,637.12,766.77,55.23,21.77,4.62,0.0
20230729:1010,490.57,589.49,58.1,22.27,4.48,0.0
20230729:1110,468.77,565.19,56.68,22.83,4.28,0.0
20230729:1210,667.09,811.58,51.47,22.96,4.07,0.0
20230729:1310,553.44,667.69,43.84,23.12,4.07,0.0
20230729:1410,411.79,500.02,34.94,22.81,3.38,0.0
20230729:1510,236.97,309.62,25.52,22.85,2.62,0.0
20230729:1610,61.14,112.78,16.05,22.62,1.59,0.0
20230729:1710,19.08,36.38,6.9,22.06,0.83,0.0
20230729:1810,0.0,0.0,0.0,21.48,0.14,0.0
20230729:1910,0.0,0.0,0.0,20.2,1.03,0.0
20230729:2010,0.0,0.0,0.0,17.99,1.66,0.0
20230729:2110,0.0,0.0,0.0,17.25,1.93,0.0
20230729:2210,0.0,0.0,0.0,17.1,2.0,0.0
20230729:2310,0.0,0.0,0.0,17.07,2.0,0.0
20230730:0010,0.0,0.0,0.0,17.0,2.14,0.0
20230730:0110,0.0,0.0,0.0,17.09,2.34,0.0
20230730:0210,0.0,0.0,0.0,17.02,2.34,0.0
20230730:0310,0.0,2.48,3.66,17.01,2.48,0.0
20230730:0410,3.26,12.55,12.62,17.47,2.34,0.0
20230730:0510,168.83,232.06,22.02,18.83,2.28,0.0
20230730:0610,342.76,416.88,31.51,19.52,2.21,0.0
20230730:0710,547.35,658.03,40.65,21.8,3.52,0.0
20230730:0810,694.48,848.75,48.81,23.01,3.66,0.0
20230730:0910,699.83,864.3,55.01,23.8,3.45,0.0
20230730:1010,681.18,844.09,57.86,24.5,3.45,0.0
20230730:1110,651.93,805.44,56.45,25.22,3.79,0.0
20230730:1210,546.62,666.45,51.26,24.81,4.07,0.0
20230730:1310,54.51,81.58,43.65,24.86,3.66,0.0
20230730:1410,333.56,409.95,34.76,24.88,3.52,0.0
20230730:1510,70.45,100.41,25.34,23.9,3.03,0.0
20230730:1610,29.59,50.21,15.86,22.8,2.34,0.0
20230730:1710,16.67,33.07,6.71,21.91,1.86,0.0
20230730:1810,0.0,0.0,0.0,21.17,1.79,0.0
20230730:1910,0.0,0.0,0.0,20.76,2.07,0.0
20230730:2010,0.0,0.0,0.0,19.97,2.0,0.0
20230730:2110,0.0,0.0,0.0,19.36,1.93,0.0
20230730:2210,0.0,0.0,0.0,18.86,1.79,0.0
20230730:2310,0.0,0.0,0.0,18.42,1.72,0.0
20230731:0010,0.0,0.0,0.0,18.09,1.59,0.0
20230731:0110,0.0,0.0,0.0,17.82,1.66,0.0
20230731:0210,0.0,0.0,0.0,17.67,1.66,0.0
20230731:0310,0.0,1.65,3.48,17.27,1.59,0.0
20230731:0410,19.16,35.86,12.44,17.64,1.1,0.0
20230731:0510,163.92,224.14,21.85,19.13,0.9,0.0
20230731:0610,281.84,348.14,31.33,20.57,0.9,0.0
20230731:0710,543.91,669.77,40.46,21.35,1.1,0.0
20230731:0810,616.74,770.76,48.61,22.8,1.31,0.0
20230731:0910,678.09,865.66,54.78,23.75,1.1,0.0
20230731:1010,670.07,857.69,57.62,24.2,1.1,0.0
20230731:1110,516.99,644.99,56.21,24.71,1.59,0.0
20230731:1210,673.86,851.88,51.04,25.07,1.86,0.0
20230731:1310,516.52,643.17,43.44,25.14,1.59,0.0
20230731:1410,246.95,309.82,34.57,24.92,1.59,0.0
20230731:1510,125.47,165.86,25.15,23.67,2.69,0.0
20230731:1610,72.69,114.6,15.68,22.25,2.69,0.0
20230731:1710,16.71,33.07,6.52,21.52,1.79,0.0
20230731:1810,0.0,0.0,0.0,20.61,1.66,0.0
20230731:1910,0.0,0.0,0.0,19.76,1.24,0.0
20230731:2010,0.0,0.0,0.0,19.02,1.1,0.0
20230731:2110,0.0,0.0,0.0,18.06,1.38,0.0
20230731:2210,0.0,0.0,0.0,17.28,1.59,0.0
20230731:2310,0.0,0.0,0.0,16.65,1.72,0.0
20230801:0010,0.0,0.0,0.0,16.22,1.72,0.0
20230801:0110,0.0,0.0,0.0,15.86,1.72,0.0
20230801:0210,0.0,0.0,0.0,15.36,1.66,0.0
20230801:0310,0.0,1.65,3.29,15.06,1.59,0.0
20230801:0410,38.53,61.13,12.26,15.8,1.17,0.0
20230801:0510,169.53,236.97,21.67,18.55,0.76,0.0
20230801:0610,343.52,425.3,31.15,20.37,0.55,0.0
20230801:0710,519.13,633.75,40.27,21.99,1.86,0.0
20230801:0810,586.98,721.16,48.4,23.07,2.41,0.0
20230801:0910,705.2,881.01,54.55,24.09,2.69,0.0
20230801:1010,669.43,834.51,57.38,24.97,3.03,0.0
20230801:1110,544.65,671.46,55.97,25.51,3.31,0.0
20230801:1210,580.0,715.88,50.82,26.02,3.52,0.0
20230801:1310,303.77,375.61,43.24,26.19,3.66,0.0
20230801:1410,409.18,504.19,34.37,26.18,3.66,0.0
20230801:1510,192.99,252.49,24.96,25.88,3.38,0.0
20230801:1610,57.67,108.59,15.48,25.15,2.41,0.0
20230801:1710,15.29,31.42,6.32,24.06,2.34,0.0
20230801:1810,0.0,0.0,0.0,22.81,2.62,0.0
20230801:1910,0.0,0.0,0.0,22.14,3.17,0.0
20230801:2010,0.0,0.0,0.0,21.56,3.24,0.0
20230801:2110,0.0,0.0,0.0,21.12,3.24,0.0
20230801:2210,0.0,0.0,0.0,20.95,3.17,0.0
20230801:2310,0.0,0.0,0.0,20.72,3.03,0.0
20230802:0010,0.0,0.0,0.0,20.51,2.83,0.0
20230802:0110,0.0,0.0,0.0,20.21,2.76,0.0
20230802:0210,0.0,0.0,0.0,19.91,2.62,0.0
20230802:0310,0.0,1.65,3.09,19.48,2.55,0.0
20230802:0410,2.73,11.65,12.08,19.15,2.34,0.0
20230802:0510,16.35,32.27,21.49,19.15,2.07,0.0
20230802:0610,182.75,228.19,30.97,19.42,1.66,0.0
20230802:0710,177.65,223.5,40.08,20.98,1.66,0.0
20230802:0810,191.48,239.98,48.2,21.3,1.66,0.0
20230802:0910,121.95,159.58,54.32,21.5,1.79,0.0
20230802:1010,108.19,143.44,57.12,21.41,2.28,0.0
20230802:1110,377.57,451.53,55.72,19.78,3.38,0.0
20230802:1210,172.63,216.44,50.59,20.08,2.41,0.0
20230802:1310,47.33,71.72,43.02,20.82,2.07,0.0
20230802:1410,307.71,375.98,34.17,21.3,1.79,0.0
20230802:1510,232.99,302.85,24.76,20.89,2.28,0.0
20230802:1610,57.91,107.06,15.28,20.97,2.34,0.0
20230802:1710,15.6,31.42,6.11,20.45,1.72,0.0
20230802:1810,0.0,0.0,0.0,19.62,1.72,0.0
20230802:1910,0.0,0.0,0.0,18.55,1.38,0.0
20230802:2010,0.0,0.0,0.0,17.21,1.93,0.0
20230802:2110,0.0,0.0,0.0,16.58,2.14,0.0
20230802:2210,0.0,0.0,0.0,16.2,2.28,0.0
20230802:2310,0.0,0.0,0.0,16.05,2.34,0.0
20230803:0010,0.0,0.0,0.0,15.84,2.41,0.0
20230803:0110,0.0,0.0,0.0,15.74,2.48,0.0
20230803:0210,0.0,0.0,0.0,15.62,2.48,0.0
20230803:0310,0.0,4.13,2.9,15.58,2.55,0.0
20230803:0410,28.36,48.87,11.89,16.33,2.41,0.0
20230803:0510,171.28,239.16,21.31,18.4,2.55,0.0
20230803:0610,376.99,458.42,30.79,20.57,3.17,0.0
20230803:0710,560.18,671.79,39.89,22.19,4.14,0.0
20230803:0810,695.9,848.55,47.98,23.65,4.21,0.0
20230803:0910,789.07,979.11,54.08,24.81,4.28,0.0
20230803:1010,809.2,1012.17,56.87,25.76,4.34,0.0
20230803:1110,808.34,1011.23,55.47,26.88,4.83,0.0
20230803:1210,639.79,790.21,50.35,27.38,4.69,0.0
20230803:1310,419.13,515.72,42.81,27.21,3.86,0.0
20230803:1410,402.19,498.93,33.96,27.07,3.24,0.0
20230803:1510,229.63,307.33,24.56,27.05,3.1,0.0
20230803:1610,64.61,97.91,15.08,26.59,2.76,0.0
20230803:1710,14.04,29.77,5.9,25.05,2.41,0.0
20230803:1810,0.0,0.0,0.0,23.63,2.21,0.0
20230803:1910,0.0,0.0,0.0,22.67,2.21,0.0
20230803:2010,0.0,0.0,0.0,21.52,2.07,0.0
20230803:2110,0.0,0.0,0.0,21.08,2.34,0.0
20230803:2210,0.0,0.0,0.0,20.53,2.69,0.0
20230803:2310,0.0,0.0,0.0,19.9,2.69,0.0
20230804:0010,0.0,0.0,0.0,19.1,2.14,0.0
20230804:0110,0.0,0.0,0.0,18.28,1.66,0.0
20230804:0210,0.0,0.0,0.0,17.36,1.52,0.0
20230804:0310,0.0,2.48,2.7,16.41,1.59,0.0
20230804:0410,32.33,53.54,11.71,16.69,1.03,0.0
20230804:0510,165.44,232.72,21.13,19.36,0.69,0.0
20230804:0610,358.95,447.08,30.6,21.36,0.55,0.0
20230804:0710,338.56,417.57,39.69,22.21,0.55,0.0
20230804:0810,536.31,672.67,47.77,23.63,0.76,0.0
20230804:0910,318.85,397.82,53.84,24.9,1.1,0.0
20230804:1010,112.99,152.41,56.61,25.96,1.1,0.0
20230804:1110,55.26,83.38,55.21,26.68,0.9,0.0
20230804:1210,172.03,224.53,50.11,26.94,0.28,0.0
20230804:1310,125.52,168.55,42.58,27.19,0.55,0.0
20230804:1410,431.51,539.87,33.75,26.76,2.0,0.0
20230804:1510,127.5,170.56,24.35,26.22,2.48,0.0
20230804:1610,67.7,106.07,14.86,25.72,2.48,0.0
20230804:1710,14.07,29.77,5.68,24.74,2.55,0.0
20230804:1810,0.0,0.0,0.0,23.56,2.69,0.0
20230804:1910,0.0,0.0,0.0,22.92,3.03,0.0
20230804:2010,0.0,0.0,0.0,22.51,3.1,0.0
20230804:2110,0.0,0.0,0.0,22.31,2.97,0.0
20230804:2210,0.0,0.0,0.0,21.82,2.62,0.0
20230804:2310,0.0,0.0,0.0,21.5,2.62,0.0
20230805:0010,0.0,0.0,0.0,21.18,2.69,0.0
20230805:0110,0.0,0.0,0.0,20.99,2.62,0.0
20230805:0210,0.0,0.0,0.0,20.83,2.55,0.0
20230805:0310,0.0,0.83,2.5,20.97,2.55,0.0
20230805:0410,42.83,66.79,11.52,21.88,2.76,0.0
20230805:0510,157.37,220.11,20.94,23.61,3.03,0.0
20230805:0610,355.81,441.5,30.42,25.43,3.79,0.0
20230805:0710,535.92,654.59,39.5,26.89,4.76,0.0
20230805:0810,676.56,836.76,47.55,28.15,5.1,0.0
20230805:0910,784.58,982.95,53.59,29.08,5.59,0.0
20230805:1010,810.34,1015.97,56.34,29.69,6.34,0.0
20230805:1110,762.69,950.82,54.94,30.14,6.83,0.0
20230805:1210,707.27,879.36,49.86,30.44,6.48,0.0
20230805:1310,596.94,737.17,42.35,30.51,6.34,0.0
20230805:1410,431.46,536.12,33.53,30.33,6.14,0.0
20230805:1510,227.25,306.73,24.13,29.87,5.45,0.0
20230805:1610,53.83,103.09,14.65,29.02,4.69,0.0
20230805:1710,13.27,28.94,5.46,27.78,4.41,0.0
20230805:1810,0.0,0.0,0.0,26.56,4.21,0.0
20230805:1910,0.0,0.0,0.0,25.67,4.07,0.0
20230805:2010,0.0,0.0,0.0,24.95,4.14,0.0
20230805:2110,0.0,0.0,0.0,24.5,4.48,0.0
20230805:2210,0.0,0.0,0.0,24.15,4.69,0.0
20230805:2310,0.0,0.0,0.0,23.72,4.55,0.0
20230806:0010,0.0,0.0,0.0,23.17,4.41,0.0
20230806:0110,0.0,0.0,0.0,22.62,4.34,0.0
20230806:0210,0.0,0.0,0.0,22.22,4.34,0.0
20230806:0310,0.0,0.83,2.3,21.94,4.34,0.0
20230806:0410,35.78,58.5,11.33,22.23,4.62,0.0
20230806:0510,162.29,228.19,20.76,23.42,4.76,0.0
20230806:0610,363.75,446.87,30.23,24.87,5.52,0.0
20230806:0710,547.01,658.61,39.29,26.0,6.76,0.0
20230806:0810,691.54,841.22,47.33,27.32,7.17,0.0
20230806:0910,802.59,987.75,53.34,28.46,7.86,0.0
20230806:1010,791.75,977.59,56.07,29.39,8.28,0.0
20230806:1110,785.19,973.37,54.67,29.88,7.79,0.0
20230806:1210,714.83,883.64,49.61,30.79,7.93,0.0
20230806:1310,601.23,740.19,42.11,31.03,7.59,0.0
20230806:1410,194.43,251.18,33.31,30.97,6.41,0.0
20230806:1510,179.24,240.17,23.91,30.83,5.24,0.0
20230806:1610,55.78,103.8,14.43,30.11,4.34,0.0
20230806:1710,8.26,21.5,5.23,28.82,3.45,0.0
20230806:1810,0.0,0.0,0.0,27.05,2.76,0.0
20230806:1910,0.0,0.0,0.0,23.97,3.86,0.0
20230806:2010,0.0,0.0,0.0,21.98,4.21,0.0
20230806:2110,0.0,0.0,0.0,20.91,3.72,0.0
20230806:2210,0.0,0.0,0.0,20.21,3.24,0.0
20230806:2310,0.0,0.0,0.0,19.79,2.83,0.0
20230807:0010,0.0,0.0,0.0,19.41,2.28,0.0
20230807:0110,0.0,0.0,0.0,19.08,2.14,0.0
20230807:0210,0.0,0.0,0.0,18.87,2.69,0.0
20230807:0310,0.0,0.83,2.1,18.43,3.79,0.0
20230807:0410,2.28,10.76,11.13,17.55,5.03,0.0
20230807:0510,13.96,28.69,20.57,16.41,4.97,0.0
20230807:0610,86.95,115.65,30.03,15.68,4.34,0.0
20230807:0710,60.81,86.07,39.09,16.4,4.9,0.0
20230807:0810,75.4,103.1,47.1,17.19,5.72,0.0
20230807:0910,152.88,190.96,53.09,18.34,6.76,0.0
20230807:1010,249.46,300.16,55.8,19.36,7.03,0.0
20230807:1110,259.14,311.92,54.4,19.9,6.69,0.0
20230807:1210,247.56,298.94,49.35,19.92,6.28,0.0
20230807:1310,158.25,198.83,41.87,20.36,6.0,0.0
20230807:1410,354.46,422.41,33.08,20.58,5.79,0.0
20230807:1510,77.91,107.56,23.69,20.54,5.31,0.0
20230807:1610,40.3,63.05,14.2,20.05,4.83,0.0
20230807:1710,5.56,16.54,5.0,19.04,4.41,0.0
20230807:1810,0.0,0.0,0.0,17.81,3.72,0.0
20230807:1910,0.0,0.0,0.0,16.68,3.52,0.0
20230807:2010,0.0,0.0,0.0,15.93,3.59,0.0
20230807:2110,0.0,0.0,0.0,15.39,3.59,0.0
20230807:2210,0.0,0.0,0.0,15.12,3.59,0.0
20230807:2310,0.0,0.0,0.0,14.73,3.45,0.0
20230808:0010,0.0,0.0,0.0,14.44,3.31,0.0
20230808:0110,0.0,0.0,0.0,14.21,3.17,0.0
20230808:0210,0.0,0.0,0.0,14.24,3.31,0.0
20230808:0310,0.0,0.83,1.9,14.06,3.24,0.0
20230808:0410,2.34,10.76,10.94,14.16,3.31,0.0
20230808:0510,167.68,223.78,20.38,14.69,4.21,0.0
20230808:0610,94.1,123.72,29.84,15.51,3.66,0.0
20230808:0710,362.88,426.27,38.88,16.71,3.66,0.0
20230808:0810,605.72,715.1,46.87,17.8,3.93,0.0
20230808:0910,380.7,450.33,52.83,18.29,4.07,0.0
20230808:1010,320.81,382.67,55.52,19.04,4.41,0.0
20230808:1110,222.7,271.73,54.12,19.65,4.62,0.0
20230808:1210,503.92,598.53,49.08,20.09,4.28,0.0
20230808:1310,533.32,633.5,41.63,20.14,4.07,0.0
20230808:1410,246.82,299.53,32.84,19.96,4.21,0.0
20230808:1510,237.37,305.83,23.46,19.51,4.07,0.0
20230808:1610,57.59,101.57,13.97,18.98,3.24,0.0
20230808:1710,10.48,23.98,4.76,18.18,2.34,0.0
20230808:1810,0.0,0.0,0.0,16.89,1.86,0.0
20230808:1910,0.0,0.0,0.0,15.68,2.21,0.0
20230808:2010,0.0,0.0,0.0,14.91,2.41,0.0
20230808:2110,0.0,0.0,0.0,14.43,2.41,0.0
20230808:2210,0.0,0.0,0.0,13.98,2.41,0.0
20230808:2310,0.0,0.0,0.0,13.43,2.34,0.0
20230809:0010,0.0,0.0,0.0,12.87,2.41,0.0
20230809:0110,0.0,0.0,0.0,12.4,2.41,0.0
20230809:0210,0.0,0.0,0.0,11.98,2.28,0.0
20230809:0310,0.0,0.83,1.69,11.55,2.21,0.0
20230809:0410,28.79,47.8,10.74,11.89,1.93,0.0
20230809:0510,172.88,236.06,20.18,14.05,2.07,0.0
20230809:0610,385.64,461.72,29.64,16.11,2.14,0.0
20230809:0710,572.48,679.05,38.68,17.5,2.76,0.0
20230809:0810,709.44,857.03,46.64,19.12,3.03,0.0
20230809:0910,815.48,1000.58,52.57,20.15,3.45,0.0
20230809:1010,831.88,1027.78,55.24,20.6,3.38,0.0
20230809:1110,679.26,828.08,53.84,20.93,3.17,0.0
20230809:1210,590.72,718.41,48.81,21.27,2.62,0.0
20230809:1310,514.03,623.53,41.38,21.7,2.34,0.0
20230809:1410,414.96,506.28,32.6,21.67,1.93,0.0
20230809:1510,225.84,295.78,23.22,21.57,1.66,0.0
20230809:1610,52.63,99.16,13.73,21.21,1.03,0.0
20230809:1710,9.24,22.32,4.52,20.16,1.24,0.0
20230809:1810,0.0,0.0,0.0,18.72,1.93,0.0
20230809:1910,0.0,0.0,0.0,17.32,2.14,0.0
20230809:2010,0.0,0.0,0.0,16.65,2.14,0.0
20230809:2110,0.0,0.0,0.0,15.94,2.21,0.0
20230809:2210,0.0,0.0,0.0,15.36,2.21,0.0
20230809:2310,0.0,0.0,0.0,15.11,2.21,0.0
20230810:0010,0.0,0.0,0.0,14.79,2.07,0.0
20230810:0110,0.0,0.0,0.0,14.28,1.93,0.0
20230810:0210,0.0,0.0,0.0,13.63,1.79,0.0
20230810:0310,0.0,0.83,1.48,13.29,1.66,0.0
20230810:0410,2.35,10.76,10.54,13.55,1.38,0.0
20230810:0510,82.76,112.32,19.99,16.29,1.03,0.0
20230810:0610,357.82,435.99,29.45,18.35,1.17,0.0
20230810:0710,543.09,659.61,38.47,20.07,1.59,0.0
20230810:0810,678.47,839.15,46.41,21.4,1.93,0.0
20230810:0910,778.94,986.62,52.31,22.19,1.86,0.0
20230810:1010,783.81,1000.63,54.95,22.93,1.79,0.0
20230810:1110,405.65,498.25,53.55,23.3,1.79,0.0
20230810:1210,192.1,242.5,48.54,23.36,2.21,0.0
20230810:1310,203.8,254.86,41.12,22.82,2.69,0.0
20230810:1410,377.8,459.49,32.36,22.04,2.55,0.0
20230810:1510,114.81,152.51,22.98,21.93,1.86,0.0
20230810:1610,39.8,63.05,13.49,21.81,1.24,0.0
20230810:1710,6.52,18.19,4.27,20.85,1.24,0.0
20230810:1810,0.0,0.0,0.0,19.28,1.66,0.0
20230810:1910,0.0,0.0,0.0,17.62,1.66,0.0
20230810:2010,0.0,0.0,0.0,16.77,1.86,0.0
20230810:2110,0.0,0.0,0.0,16.11,1.93,0.0
20230810:2210,0.0,0.0,0.0,15.53,1.93,0.0
20230810:2310,0.0,0.0,0.0,14.89,1.79,0.0
20230811:0010,0.0,0.0,0.0,14.26,1.66,0.0
20230811:0110,0.0,0.0,0.0,13.77,1.66,0.0
20230811:0210,0.0,0.0,0.0,13.08,1.86,0.0
20230811:0310,0.0,0.0,0.0,12.8,2.07,0.0
20230811:0410,7.24,18.83,10.34,13.62,2.28,0.0
20230811:0510,99.63,131.94,19.79,15.64,2.62,0.0
20230811:0610,298.0,358.02,29.25,17.42,2.83,0.0
20230811:0710,417.98,500.12,38.25,19.1,2.07,0.0
20230811:0810,611.81,743.58,46.17,20.64,2.41,0.0
20230811:0910,249.87,306.8,52.04,21.49,2.76,0.0
20230811:1010,109.46,145.24,54.66,22.17,2.83,0.0
20230811:1110,98.41,132.69,53.25,22.62,2.76,0.0
20230811:1210,74.61,104.89,48.26,22.83,2.83,0.0
20230811:1310,167.43,212.22,40.86,22.25,2.76,0.0
20230811:1410,343.9,416.68,32.1,21.2,2.69,0.0
20230811:1510,140.4,181.76,22.74,20.06,2.9,0.0
20230811:1610,56.79,96.6,13.24,19.47,2.14,0.0
20230811:1710,5.56,16.54,4.01,19.05,2.41,0.0
20230811:1810,0.0,0.0,0.0,17.9,2.9,0.0
20230811:1910,0.0,0.0,0.0,16.67,2.21,0.0
20230811:2010,0.0,0.0,0.0,16.14,2.14,0.0
20230811:2110,0.0,0.0,0.0,16.05,2.07,0.0
20230811:2210,0.0,0.0,0.0,15.7,2.28,0.0
20230811:2310,0.0,0.0,0.0,15.52,2.48,0.0
20230812:0010,0.0,0.0,0.0,15.13,2.62,0.0
20230812:0110,0.0,0.0,0.0,14.66,2.69,0.0
20230812:0210,0.0,0.0,0.0,14.26,2.62,0.0
20230812:0310,0.0,0.0,0.0,13.84,2.55,0.0
20230812:0410,24.65,42.85,10.14,13.96,2.41,0.0
20230812:0510,170.87,234.81,19.6,15.29,2.55,0.0
20230812:0610,385.84,460.99,29.04,16.94,3.03,0.0
20230812:0710,570.53,675.53,38.04,18.57,3.52,0.0
20230812:0810,713.17,854.99,45.93,20.13,4.28,0.0
20230812:0910,794.48,963.49,51.77,21.11,4.69,0.0
20230812:1010,654.51,787.87,54.36,21.76,4.83,0.0
20230812:1110,604.53,726.98,52.96,22.09,4.69,0.0
20230812:1210,484.4,580.67,47.98,22.49,4.62,0.0
20230812:1310,558.44,669.6,40.59,22.54,4.48,0.0
20230812:1410,271.13,331.01,31.85,22.42,4.21,0.0
20230812:1510,223.41,292.14,22.49,22.06,3.59,0.0
20230812:1610,49.81,93.75,12.99,21.66,2.83,0.0
20230812:1710,7.05,19.02,3.76,20.69,1.86,0.0
20230812:1810,0.0,0.0,0.0,19.5,1.52,0.0
20230812:1910,0.0,0.0,0.0,19.36,0.76,0.0
20230812:2010,0.0,0.0,0.0,19.5,0.34,0.0
20230812:2110,0.0,0.0,0.0,16.99,1.52,0.0
20230812:2210,0.0,0.0,0.0,16.28,1.86,0.0
20230812:2310,0.0,0.0,0.0,15.79,1.86,0.0
20230813:0010,0.0,0.0,0.0,15.41,1.86,0.0
20230813:0110,0.0,0.0,0.0,14.86,2.0,0.0
20230813:0210,0.0,0.0,0.0,14.6,2.28,0.0
20230813:0310,0.0,0.0,0.0,14.32,2.34,0.0
20230813:0410,25.02,43.34,9.94,14.37,2.14,0.0
20230813:0510,166.72,230.87,19.4,16.72,1.79,0.0
20230813:0610,374.61,455.49,28.84,19.11,1.93,0.0
20230813:0710,555.26,673.14,37.82,20.66,2.07,0.0
20230813:0810,687.57,851.37,45.69,22.35,2.28,0.0
20230813:0910,772.54,971.12,51.5,23.64,2.69,0.0
20230813:1010,807.63,1026.82,54.06,24.48,2.69,0.0
20230813:1110,767.06,976.54,52.65,25.12,2.41,0.0
20230813:1210,701.65,885.26,47.69,25.66,2.41,0.0
20230813:1310,589.86,733.7,40.32,26.0,2.48,0.0
20230813:1410,435.63,541.33,31.59,26.1,2.48,0.0
20230813:1510,223.57,300.72,22.23,25.92,2.34,0.0
20230813:1610,46.62,91.24,12.74,25.32,1.72,0.0
20230813:1710,5.39,16.54,3.49,24.07,1.72,0.0
20230813:1810,0.0,0.0,0.0,22.25,1.93,0.0
20230813:1910,0.0,0.0,0.0,20.81,2.14,0.0
20230813:2010,0.0,0.0,0.0,19.56,2.21,0.0
20230813:2110,0.0,0.0,0.0,18.89,2.34,0.0
20230813:2210,0.0,0.0,0.0,18.48,2.41,0.0
20230813:2310,0.0,0.0,0.0,18.19,2.48,0.0
20230814:0010,0.0,0.0,0.0,17.98,2.48,0.0
20230814:0110,0.0,0.0,0.0,17.76,2.48,0.0
20230814:0210,0.0,0.0,0.0,17.56,2.48,0.0
20230814:0310,0.0,0.0,0.0,17.41,2.48,0.0
20230814:0410,27.95,47.48,9.73,17.63,2.21,0.0
20230814:0510,159.73,223.81,19.2,19.62,1.79,0.0
20230814:0610,362.2,446.7,28.63,22.09,1.93,0.0
20230814:0710,535.64,657.29,37.6,23.86,2.28,0.0
20230814:0810,647.23,810.56,45.44,25.61,2.34,0.0
20230814:0910,741.62,950.11,51.22,26.93,2.34,0.0
20230814:1010,777.45,1010.21,53.76,27.72,2.21,0.0
20230814:1110,737.49,959.75,52.35,28.38,1.93,0.0
20230814:1210,668.45,864.19,47.39,28.73,1.66,0.0
20230814:1310,563.31,720.12,40.04,28.94,1.38,0.0
20230814:1410,393.51,501.87,31.32,28.93,1.03,0.0
20230814:1510,210.16,289.36,21.97,28.74,0.69,0.0
20230814:1610,45.65,89.18,12.47,28.4,0.41,0.0
20230814:1710,3.86,14.06,3.23,27.09,0.62,0.0
20230814:1810,0.0,0.0,0.0,24.94,1.17,0.0
20230814:1910,0.0,0.0,0.0,22.96,2.14,0.0
20230814:2010,0.0,0.0,0.0,21.96,2.28,0.0
20230814:2110,0.0,0.0,0.0,21.33,2.41,0.0
20230814:2210,0.0,0.0,0.0,20.93,2.48,0.0
20230814:2310,0.0,0.0,0.0,20.5,2.48,0.0
20230815:0010,0.0,0.0,0.0,20.11,2.34,0.0
20230815:0110,0.0,0.0,0.0,19.63,2.21,0.0
20230815:0210,0.0,0.0,0.0,18.82,1.93,0.0
20230815:0310,0.0,0.0,0.0,18.0,1.66,0.0
20230815:0410,24.76,43.54,9.53,17.93,1.45,0.0
20230815:0510,158.99,224.74,18.99,20.79,1.03,0.0
20230815:0610,359.53,449.71,28.43,23.57,1.1,0.0
20230815:0710,529.81,661.01,37.38,25.38,1.52,0.0
20230815:0810,654.71,836.39,45.19,27.13,1.66,0.0
20230815:0910,736.08,955.72,50.94,28.33,2.0,0.0
20230815:1010,776.4,1015.84,53.45,29.14,2.28,0.0
20230815:1110,746.22,971.27,52.03,29.68,2.41,0.0
20230815:1210,679.05,873.94,47.1,30.07,2.48,0.0
20230815:1310,562.36,714.49,39.76,30.26,2.34,0.0
20230815:1410,406.11,516.75,31.05,30.22,2.0,0.0
20230815:1510,209.84,289.29,21.71,29.98,1.72,0.0
20230815:1610,45.08,87.94,12.21,29.16,1.31,0.0
20230815:1710,2.95,12.4,2.95,27.54,1.93,0.0
20230815:1810,0.0,0.0,0.0,25.51,2.34,0.0
20230815:1910,0.0,0.0,0.0,24.4,2.48,0.0
20230815:2010,0.0,0.0,0.0,23.5,2.62,0.0
20230815:2110,0.0,0.0,0.0,22.84,2.76,0.0
20230815:2210,0.0,0.0,0.0,22.3,2.76,0.0
20230815:2310,0.0,0.0,0.0,21.68,2.62,0.0
20230816:0010,0.0,0.0,0.0,20.98,2.48,0.0
20230816:0110,0.0,0.0,0.0,20.3,2.41,0.0
20230816:0210,0.0,0.0,0.0,19.69,2.28,0.0
20230816:0310,0.0,0.0,0.0,19.25,2.07,0.0
20230816:0410,1.36,8.97,9.32,19.11,1.86,0.0
20230816:0510,21.48,39.45,18.79,21.28,1.66,0.0
20230816:0610,81.65,113.86,28.22,23.87,1.79,0.0
20230816:0710,320.8,397.83,37.15,25.7,1.93,0.0
20230816:0810,661.5,839.88,44.94,27.3,2.14,0.0
20230816:0910,721.06,928.74,50.66,28.84,2.48,0.0
20230816:1010,466.52,584.93,53.14,29.59,3.24,0.0
20230816:1110,705.78,899.94,51.72,29.93,3.59,0.0
20230816:1210,678.49,865.02,46.79,30.12,3.17,0.0
20230816:1310,559.39,705.8,39.47,30.22,2.9,0.0
20230816:1410,399.57,506.0,30.78,30.11,2.48,0.0
20230816:1510,204.33,281.17,21.44,29.88,2.21,0.0
20230816:1610,42.38,84.83,11.94,28.95,1.59,0.0
20230816:1710,2.1,10.75,2.68,27.46,2.07,0.0
20230816:1810,0.0,0.0,0.0,25.8,2.28,0.0
20230816:1910,0.0,0.0,0.0,25.08,2.14,0.0
20230816:2010,0.0,0.0,0.0,24.21,2.21,0.0
20230816:2110,0.0,0.0,0.0,23.42,2.28,0.0
20230816:2210,0.0,0.0,0.0,22.74,2.14,0.0
20230816:2310,0.0,0.0,0.0,22.12,2.0,0.0
20230817:0010,0.0,0.0,0.0,21.56,2.0,0.0
20230817:0110,0.0,0.0,0.0,21.04,2.14,0.0
20230817:0210,0.0,0.0,0.0,20.69,2.28,0.0
20230817:0310,0.0,0.0,0.0,20.55,2.41,0.0
20230817:0410,28.48,48.45,9.11,20.76,2.28,0.0
20230817:0510,104.02,142.18,18.58,21.69,2.28,0.0
20230817:0610,326.56,402.75,28.01,23.18,2.69,0.0
20230817:0710,510.24,628.68,36.92,25.15,2.34,0.0
20230817:0810,632.21,791.11,44.69,26.76,2.76,0.0
20230817:0910,736.56,936.57,50.37,27.8,3.1,0.0
20230817:1010,776.18,995.85,52.83,28.39,3.17,0.0
20230817:1110,724.21,923.02,51.4,28.7,3.24,0.0
20230817:1210,660.65,835.88,46.48,29.02,3.17,0.0
20230817:1310,557.21,696.95,39.18,29.07,3.17,0.0
20230817:1410,393.67,493.05,30.5,28.85,3.17,0.0
20230817:1510,207.49,282.85,21.16,28.46,3.24,0.0
20230817:1610,39.68,83.12,11.66,27.62,2.55,0.0
20230817:1710,2.13,10.75,2.4,26.09,2.28,0.0
20230817:1810,0.0,0.0,0.0,24.46,2.34,0.0
20230817:1910,0.0,0.0,0.0,23.27,2.48,0.0
20230817:2010,0.0,0.0,0.0,22.25,2.34,0.0
20230817:2110,0.0,0.0,0.0,21.33,2.28,0.0
20230817:2210,0.0,0.0,0.0,20.53,2.34,0.0
20230817:2310,0.0,0.0,0.0,19.91,2.41,0.0
20230818:0010,0.0,0.0,0.0,19.41,2.41,0.0
20230818:0110,0.0,0.0,0.0,19.03,2.41,0.0
20230818:0210,0.0,0.0,0.0,18.56,2.41,0.0
20230818:0310,0.0,0.0,0.0,18.22,2.41,0.0
20230818:0410,27.99,47.59,8.9,18.27,2.34,0.0
20230818:0510,156.62,218.63,18.38,19.9,2.28,0.0
20230818:0610,359.43,441.24,27.79,22.05,2.48,0.0
20230818:0710,537.09,658.66,36.69,23.87,2.34,0.0
20230818:0810,671.11,839.91,44.43,25.66,2.62,0.0
20230818:0910,743.5,940.01,50.08,26.87,3.24,0.0
20230818:1010,709.31,893.9,52.51,27.49,3.59,0.0
20230818:1110,685.12,862.01,51.07,27.95,3.66,0.0
20230818:1210,592.03,738.79,46.17,28.29,3.59,0.0
20230818:1310,535.85,666.2,38.88,28.54,3.45,0.0
20230818:1410,397.13,496.14,30.21,28.49,3.31,0.0
20230818:1510,203.21,276.6,20.88,28.25,2.97,0.0
20230818:1610,41.2,81.74,11.38,27.51,2.21,0.0
20230818:1710,0.96,8.27,2.11,25.96,2.14,0.0
20230818:1810,0.0,0.0,0.0,24.31,2.41,0.0
20230818:1910,0.0,0.0,0.0,23.22,2.76,0.0
20230818:2010,0.0,0.0,0.0,22.48,2.62,0.0
20230818:2110,0.0,0.0,0.0,21.71,2.48,0.0
20230818:2210,0.0,0.0,0.0,21.08,2.55,0.0
20230818:2310,0.0,0.0,0.0,20.55,2.48,0.0
20230819:0010,0.0,0.0,0.0,20.09,2.55,0.0
20230819:0110,0.0,0.0,0.0,19.67,2.55,0.0
20230819:0210,0.0,0.0,0.0,19.24,2.55,0.0
20230819:0310,0.0,0.0,0.0,18.91,2.48,0.0
20230819:0410,28.49,48.11,8.69,18.81,2.28,0.0
20230819:0510,144.41,199.19,18.17,20.43,2.14,0.0
20230819:0610,333.99,411.24,27.58,22.51,2.34,0.0
20230819:0710,516.05,635.33,36.46,24.51,2.14,0.0
20230819:0810,612.85,768.2,44.18,26.12,2.21,0.0
20230819:0910,734.22,940.08,49.78,27.62,2.55,0.0
20230819:1010,768.15,993.54,52.19,28.48,2.62,0.0
20230819:1110,738.92,953.33,50.75,28.74,2.55,0.0
20230819:1210,672.28,861.03,45.86,29.21,2.41,0.0
20230819:1310,549.62,695.64,38.58,29.34,2.14,0.0
20230819:1410,387.35,490.84,29.93,29.47,2.0,0.0
20230819:1510,197.48,271.77,20.6,29.27,1.86,0.0
20230819:1610,42.07,79.98,11.1,28.44,1.79,0.0
20230819:1710,0.0,4.13,1.82,26.74,2.28,0.0
20230819:1810,0.0,0.0,0.0,25.05,2.34,0.0
20230819:1910,0.0,0.0,0.0,24.23,2.14,0.0
20230819:2010,0.0,0.0,0.0,23.22,1.93,0.0
20230819:2110,0.0,0.0,0.0,21.97,1.66,0.0
20230819:2210,0.0,0.0,0.0,21.13,1.59,0.0
20230819:2310,0.0,0.0,0.0,20.44,1.59,0.0
20230820:0010,0.0,0.0,0.0,19.97,1.52,0.0
20230820:0110,0.0,0.0,0.0,19.43,1.52,0.0
20230820:0210,0.0,0.0,0.0,18.97,1.52,0.0
20230820:0310,0.0,0.0,0.0,18.45,1.59,0.0
20230820:0410,27.52,46.92,8.48,18.68,1.38,0.0
20230820:0510,147.57,207.57,17.96,21.04,0.55,0.0
20230820:0610,309.2,390.44,27.36,24.69,0.48,0.0
20230820:0710,226.4,287.16,36.23,25.64,0.62,0.0
20230820:0810,184.23,238.86,43.91,27.08,0.55,0.0
20230820:0910,459.79,584.72,49.49,28.37,1.03,0.0
20230820:1010,680.61,880.79,51.87,28.87,1.93,0.0
20230820:1110,721.84,918.93,50.41,27.59,2.83,0.0
20230820:1210,660.51,841.74,45.53,27.11,1.86,0.0
20230820:1310,541.42,688.58,38.28,27.78,1.1,0.0
20230820:1410,388.64,492.82,29.63,28.08,1.17,0.0
20230820:1510,194.2,265.9,20.31,27.61,1.72,0.0
20230820:1610,41.7,76.62,10.81,27.13,1.59,0.0
20230820:1710,0.0,1.65,1.53,26.14,1.38,0.0
20230820:1810,0.0,0.0,0.0,24.79,1.59,0.0
20230820:1910,0.0,0.0,0.0,23.99,2.28,0.0
20230820:2010,0.0,0.0,0.0,23.31,2.28,0.0
20230820:2110,0.0,0.0,0.0,22.54,2.07,0.0
20230820:2210,0.0,0.0,0.0,21.9,1.93,0.0
20230820:2310,0.0,0.0,0.0,21.33,2.0,0.0
20230821:0010,0.0,0.0,0.0,20.93,2.0,0.0
20230821:0110,0.0,0.0,0.0,20.66,2.0,0.0
20230821:0210,0.0,0.0,0.0,20.31,2.0,0.0
20230821:0310,0.0,0.0,0.0,20.11,1.93,0.0
20230821:0410,25.07,44.0,8.26,20.07,1.72,0.0
20230821:0510,135.95,188.22,17.75,21.47,1.59,0.0
20230821:0610,324.67,402.74,27.14,23.41,1.86,0.0
20230821:0710,510.98,628.85,35.99,24.98,2.34,0.0
20230821:0810,647.65,809.92,43.65,26.58,2.83,0.0
20230821:0910,690.22,868.29,49.19,27.62,3.45,0.0
20230821:1010,579.27,723.39,51.54,28.22,3.59,0.0
20230821:1110,680.12,859.66,50.08,28.73,3.52,0.0
20230821:1210,609.66,764.67,45.21,29.13,3.59,0.0
20230821:1310,538.22,671.27,37.97,29.6,3.66,0.0
20230821:1410,353.78,444.33,29.34,29.47,3.38,0.0
20230821:1510,193.15,264.84,20.02,28.81,3.31,0.0
20230821:1610,19.52,37.65,10.52,27.15,3.93,0.0
20230821:1710,0.0,0.83,1.23,25.5,3.66,0.0
20230821:1810,0.0,0.0,0.0,24.31,2.41,0.0
20230821:1910,0.0,0.0,0.0,23.42,2.62,0.0
20230821:2010,0.0,0.0,0.0,22.67,2.83,0.0
20230821:2110,0.0,0.0,0.0,22.19,3.1,0.0
20230821:2210,0.0,0.0,0.0,21.93,3.86,0.0
20230821:2310,0.0,0.0,0.0,21.48,4.07,0.0
20230822:0010,0.0,0.0,0.0,20.61,3.59,0.0
20230822:0110,0.0,0.0,0.0,19.62,3.03,0.0
20230822:0210,0.0,0.0,0.0,18.82,2.48,0.0
20230822:0310,0.0,0.0,0.0,18.17,2.14,0.0
20230822:0410,5.35,16.14,8.05,18.05,1.93,0.0
20230822:0510,129.22,175.21,17.53,18.93,2.0,0.0
20230822:0610,352.8,430.28,26.93,20.57,2.28,0.0
20230822:0710,531.89,647.75,35.76,21.7,1.93,0.0
20230822:0810,668.95,826.74,43.38,23.01,2.48,0.0
20230822:0910,630.94,771.23,48.89,24.37,4.14,0.0
20230822:1010,532.4,645.14,51.21,25.08,5.31,0.0
20230822:1110,566.11,688.05,49.74,25.55,5.31,0.0
20230822:1210,585.71,711.6,44.88,25.61,5.24,0.0
20230822:1310,483.32,585.64,37.65,25.61,4.9,0.0
20230822:1410,401.56,490.9,29.03,25.46,4.69,0.0
20230822:1510,203.23,273.5,19.73,25.06,4.34,0.0
20230822:1610,36.99,73.31,10.23,24.52,3.59,0.0
20230822:1710,0.0,0.0,0.0,23.29,2.69,0.0
20230822:1810,0.0,0.0,0.0,21.91,2.21,0.0
20230822:1910,0.0,0.0,0.0,20.55,1.79,0.0
20230822:2010,0.0,0.0,0.0,19.18,1.72,0.0
20230822:2110,0.0,0.0,0.0,17.87,1.66,0.0
20230822:2210,0.0,0.0,0.0,17.04,1.79,0.0
20230822:2310,0.0,0.0,0.0,16.62,2.07,0.0
20230823:0010,0.0,0.0,0.0,16.39,1.86,0.0
20230823:0110,0.0,0.0,0.0,16.82,2.0,0.0
20230823:0210,0.0,0.0,0.0,17.16,1.86,0.0
20230823:0310,0.0,0.0,0.0,17.2,2.07,0.0
20230823:0410,2.77,11.65,7.83,16.86,1.45,0.0
20230823:0510,101.78,138.15,17.32,17.91,0.83,0.0
20230823:0610,203.32,251.68,26.7,18.65,1.1,0.0
20230823:0710,174.67,219.97,35.52,21.26,1.93,0.0
20230823:0810,202.47,253.28,43.11,22.41,2.21,0.0
20230823:0910,176.06,223.79,48.58,23.2,2.0,0.0
20230823:1010,703.98,894.41,50.87,24.21,1.72,0.0
20230823:1110,347.85,430.94,49.4,25.01,1.72,0.0
20230823:1210,664.82,835.27,44.55,25.48,2.28,0.0
20230823:1310,415.33,510.53,37.34,25.51,2.48,0.0
20230823:1410,379.55,469.07,28.73,25.21,2.55,0.0
20230823:1510,194.34,262.76,19.43,24.97,2.41,0.0
20230823:1610,34.69,70.1,9.93,24.28,2.07,0.0
20230823:1710,0.0,0.0,0.0,23.0,2.14,0.0
20230823:1810,0.0,0.0,0.0,21.6,2.28,0.0
20230823:1910,0.0,0.0,0.0,20.07,2.55,0.0
20230823:2010,0.0,0.0,0.0,19.07,2.41,0.0
20230823:2110,0.0,0.0,0.0,18.21,2.14,0.0
20230823:2210,0.0,0.0,0.0,17.29,1.93,0.0
20230823:2310,0.0,0.0,0.0,16.14,1.59,0.0
20230824:0010,0.0,0.0,0.0,15.66,1.45,0.0
20230824:0110,0.0,0.0,0.0,15.07,1.52,0.0
20230824:0210,0.0,0.0,0.0,14.84,1.38,0.0
20230824:0310,0.0,0.0,0.0,14.7,1.31,0.0
20230824:0410,24.04,42.07,7.61,14.67,1.31,0.0
20230824:0510,161.9,224.71,17.1,16.56,0.83,0.0
20230824:0610,358.87,442.13,26.48,20.26,0.83,0.0
20230824:0710,540.22,667.54,35.28,20.99,0.69,0.0
20230824:0810,656.8,829.02,42.84,22.49,0.97,0.0
20230824:0910,654.98,827.24,48.27,23.54,1.38,0.0
20230824:1010,729.04,924.46,50.53,24.23,2.07,0.0
20230824:1110,596.22,742.9,49.05,24.74,2.21,0.0
20230824:1210,582.41,722.45,44.21,25.03,2.41,0.0
20230824:1310,316.33,390.09,37.02,25.22,2.48,0.0
20230824:1410,397.16,490.9,28.42,25.08,2.48,0.0
20230824:1510,197.58,267.82,19.12,24.72,2.34,0.0
20230824:1610,34.28,68.52,9.62,24.17,1.93,0.0
20230824:1710,0.0,0.0,0.0,23.12,1.79,0.0
20230824:1810,0.0,0.0,0.0,21.7,1.86,0.0
20230824:1910,0.0,0.0,0.0,20.2,1.72,0.0
20230824:2010,0.0,0.0,0.0,19.26,1.24,0.0
20230824:2110,0.0,0.0,0.0,17.97,1.59,0.0
20230824:2210,0.0,0.0,0.0,17.43,1.52,0.0
20230824:2310,0.0,0.0,0.0,16.52,1.79,0.0
20230825:0010,0.0,0.0,0.0,15.84,1.93,0.0
20230825:0110,0.0,0.0,0.0,15.35,2.0,0.0
20230825:0210,0.0,0.0,0.0,15.07,1.93,0.0
20230825:0310,0.0,0.0,0.0,14.96,1.86,0.0
20230825:0410,0.22,6.28,7.39,15.18,1.66,0.0
20230825:0510,100.58,136.4,16.89,17.01,1.03,0.0
20230825:0610,350.69,430.99,26.26,20.25,1.03,0.0
20230825:0710,469.14,573.04,35.03,21.42,1.17,0.0
20230825:0810,446.93,550.3,42.57,22.83,1.1,0.0
20230825:0910,516.2,644.38,47.96,24.39,1.24,0.0
20230825:1010,528.06,661.53,50.19,25.39,1.52,0.0
20230825:1110,288.64,361.75,48.7,26.34,1.66,0.0
20230825:1210,111.29,150.62,43.87,26.7,1.79,0.0
20230825:1310,93.2,129.1,36.69,26.44,1.17,0.0
20230825:1410,16.98,34.07,28.11,26.36,1.03,0.0
20230825:1510,48.13,74.41,18.82,26.37,1.45,0.0
20230825:1610,31.4,54.5,9.32,25.46,1.79,0.0
20230825:1710,0.0,0.0,0.0,24.19,2.21,0.0
20230825:1810,0.0,0.0,0.0,23.13,2.34,0.0
20230825:1910,0.0,0.0,0.0,22.34,1.93,0.0
20230825:2010,0.0,0.0,0.0,21.79,2.34,0.0
20230825:2110,0.0,0.0,0.0,21.22,2.34,0.0
20230825:2210,0.0,0.0,0.0,20.96,2.21,0.0
20230825:2310,0.0,0.0,0.0,20.53,2.14,0.0
20230826:0010,0.0,0.0,0.0,20.09,2.28,0.0
20230826:0110,0.0,0.0,0.0,19.71,2.28,0.0
20230826:0210,0.0,0.0,0.0,19.7,2.14,0.0
20230826:0310,0.0,0.0,0.0,19.66,2.14,0.0
20230826:0410,0.19,6.28,7.17,19.78,2.21,0.0
20230826:0510,27.05,46.62,16.67,20.99,2.0,0.0
20230826:0610,195.89,246.61,26.03,23.0,2.41,0.0
20230826:0710,220.64,275.42,34.79,24.49,3.17,0.0
20230826:0810,270.33,335.94,42.29,26.11,3.38,0.0
20230826:0910,731.95,924.68,47.65,27.63,3.45,0.0
20230826:1010,762.99,975.88,49.85,28.6,3.31,0.0
20230826:1110,704.53,898.26,48.35,29.48,3.31,0.0
20230826:1210,560.62,703.27,43.53,29.96,3.59,0.0
20230826:1310,464.42,578.38,36.36,30.14,3.86,0.0
20230826:1410,365.22,458.89,27.79,30.04,3.86,0.0
20230826:1510,175.51,243.2,18.51,29.73,3.86,0.0
20230826:1610,28.62,63.03,9.0,28.5,2.62,0.0
20230826:1710,0.0,0.0,0.0,27.18,2.21,0.0
20230826:1810,0.0,0.0,0.0,25.71,2.21,0.0
20230826:1910,0.0,0.0,0.0,25.2,1.66,0.0
20230826:2010,0.0,0.0,0.0,23.94,1.86,0.0
20230826:2110,0.0,0.0,0.0,22.94,1.79,0.0
20230826:2210,0.0,0.0,0.0,22.02,1.79,0.0
20230826:2310,0.0,0.0,0.0,21.73,2.14,0.0
20230827:0010,0.0,0.0,0.0,21.76,2.97,0.0
20230827:0110,0.0,0.0,0.0,21.4,2.0,0.0
20230827:0210,0.0,0.0,0.0,20.75,1.59,0.0
20230827:0310,0.0,0.0,0.0,20.33,1.31,0.0
20230827:0410,0.0,5.38,6.95,20.16,1.31,0.0
20230827:0510,10.45,24.21,16.45,21.38,1.31,0.0
20230827:0610,64.53,93.24,25.8,23.0,1.03,0.0
20230827:0710,203.24,256.09,34.54,24.72,2.48,0.0
20230827:0810,405.41,498.08,42.01,25.91,2.9,0.0
20230827:0910,297.0,370.25,47.33,26.8,2.69,0.0
20230827:1010,685.88,881.93,49.5,27.26,1.79,0.0
20230827:1110,706.55,919.72,47.99,28.55,1.66,0.0
20230827:1210,631.0,807.16,43.18,29.56,2.21,0.0
20230827:1310,499.49,628.94,36.03,30.33,2.69,0.0
20230827:1410,336.16,426.23,27.47,30.7,2.97,0.0
20230827:1510,172.18,241.17,18.19,30.72,2.9,0.0
20230827:1610,29.1,60.01,8.69,29.84,2.34,0.0
20230827:1710,0.0,0.0,0.0,28.24,2.41,0.0
20230827:1810,0.0,0.0,0.0,26.64,0.69,0.0
20230827:1910,0.0,0.0,0.0,24.19,2.0,0.0
20230827:2010,0.0,0.0,0.0,23.38,2.34,0.0
20230827:2110,0.0,0.0,0.0,22.84,2.62,0.0
20230827:2210,0.0,0.0,0.0,22.62,2.62,0.0
20230827:2310,0.0,0.0,0.0,22.36,2.62,0.0
20230828:0010,0.0,0.0,0.0,22.24,2.69,0.0
20230828:0110,0.0,0.0,0.0,22.13,2.76,0.0
20230828:0210,0.0,0.0,0.0,22.03,2.69,0.0
20230828:0310,0.0,0.0,0.0,21.88,2.62,0.0
20230828:0410,18.91,36.59,6.73,22.02,2.62,0.0
20230828:0510,124.5,174.43,16.23,23.45,2.48,0.0
20230828:0610,325.42,405.96,25.57,25.81,2.69,0.0
20230828:0710,507.13,626.68,34.29,26.97,2.9,0.0
20230828:0810,610.19,772.49,41.73,28.19,2.21,0.0
20230828:0910,711.61,923.34,47.01,29.48,2.14,0.0
20230828:1010,743.03,974.7,49.16,30.5,2.21,0.0
20230828:1110,717.1,938.44,47.63,31.17,2.28,0.0
20230828:1210,635.54,823.81,42.83,31.47,2.07,0.0
20230828:1310,355.12,450.76,35.69,31.46,2.14,0.0
20230828:1410,265.86,337.92,27.15,29.56,2.69,0.0
20230828:1510,161.54,224.31,17.87,29.02,2.69,0.0
20230828:1610,28.16,51.86,8.37,28.33,1.79,0.0
20230828:1710,0.0,0.0,0.0,27.21,2.21,0.0
20230828:1810,0.0,0.0,0.0,26.07,2.48,0.0
20230828:1910,0.0,0.0,0.0,25.5,3.31,0.0
20230828:2010,0.0,0.0,0.0,24.81,3.52,0.0
20230828:2110,0.0,0.0,0.0,24.44,3.52,0.0
20230828:2210,0.0,0.0,0.0,24.09,3.38,0.0
20230828:2310,0.0,0.0,0.0,23.83,3.38,0.0
20230829:0010,0.0,0.0,0.0,23.53,3.52,0.0
20230829:0110,0.0,0.0,0.0,23.36,3.72,0.0
20230829:0210,0.0,0.0,0.0,23.2,3.72,0.0
20230829:0310,0.0,0.0,0.0,23.09,3.52,0.0
20230829:0410,18.37,36.0,6.51,23.02,3.38,0.0
20230829:0510,135.3,190.92,16.01,24.02,3.31,0.0
20230829:0610,334.17,415.52,25.34,26.04,3.45,0.0
20230829:0710,517.99,636.02,34.04,27.6,4.21,0.0
20230829:0810,647.43,809.88,41.45,29.75,4.41,0.0
20230829:0910,731.0,931.34,46.69,31.69,4.69,0.0
20230829:1010,755.39,968.85,48.8,33.06,5.17,0.0
20230829:1110,737.42,944.99,47.27,33.96,5.52,0.0
20230829:1210,656.86,835.5,42.48,34.42,5.59,0.0
20230829:1310,528.6,666.5,35.35,34.42,5.59,0.0
20230829:1410,364.36,464.77,26.82,34.18,5.17,0.0
20230829:1510,170.99,241.25,17.55,32.31,4.76,0.0
20230829:1610,27.19,55.6,8.05,30.78,3.45,0.0
20230829:1710,0.0,0.0,0.0,29.12,3.24,0.0
20230829:1810,0.0,0.0,0.0,27.63,5.03,0.0
20230829:1910,0.0,0.0,0.0,27.74,3.86,0.0
20230829:2010,0.0,0.0,0.0,27.01,3.93,0.0
20230829:2110,0.0,0.0,0.0,26.44,3.93,0.0
20230829:2210,0.0,0.0,0.0,26.0,3.93,0.0
20230829:2310,0.0,0.0,0.0,25.45,3.86,0.0
20230830:0010,0.0,0.0,0.0,25.06,3.79,0.0
20230830:0110,0.0,0.0,0.0,24.49,3.79,0.0
20230830:0210,0.0,0.0,0.0,24.33,4.0,0.0
20230830:0310,0.0,0.0,0.0,24.02,4.0,0.0
20230830:0410,0.9,8.07,6.29,23.78,3.86,0.0
20230830:0510,10.28,24.21,15.79,24.28,3.93,0.0
20230830:0610,134.02,175.66,25.11,25.12,3.66,0.0
20230830:0710,159.35,204.93,33.78,25.52,4.41,0.0
20230830:0810,407.02,497.23,41.16,26.89,4.76,0.0
20230830:0910,84.87,119.24,46.37,27.89,4.97,0.0
20230830:1010,89.06,124.62,48.45,28.8,5.93,0.0
20230830:1110,44.72,69.93,46.91,26.22,5.45,0.0
20230830:1210,52.82,78.89,42.12,22.9,3.52,0.0
20230830:1310,27.58,47.52,35.01,22.22,2.41,0.0
20230830:1410,33.2,54.69,26.49,22.44,3.24,0.0
20230830:1510,58.11,85.57,17.23,23.06,3.1,0.0
20230830:1610,26.16,52.11,7.73,23.03,2.97,0.0
20230830:1710,0.0,0.0,0.0,22.19,3.24,0.0
20230830:1810,0.0,0.0,0.0,21.06,3.17,0.0
20230830:1910,0.0,0.0,0.0,20.45,3.52,0.0
20230830:2010,0.0,0.0,0.0,20.27,3.45,0.0
20230830:2110,0.0,0.0,0.0,20.11,3.03,0.0
20230830:2210,0.0,0.0,0.0,19.81,2.62,0.0
20230830:2310,0.0,0.0,0.0,19.5,2.48,0.0
20230831:0010,0.0,0.0,0.0,19.04,2.41,0.0
20230831:0110,0.0,0.0,0.0,18.8,2.34,0.0
20230831:0210,0.0,0.0,0.0,18.8,2.07,0.0
20230831:0310,0.0,0.0,0.0,18.01,1.86,0.0
20230831:0410,16.81,33.17,6.06,18.08,2.0,0.0
20230831:0510,35.42,56.48,15.56,18.02,2.76,0.0
20230831:0610,78.02,106.69,24.88,18.06,3.38,0.0
20230831:0710,237.21,287.3,33.53,18.88,2.97,0.0
20230831:0810,363.96,432.04,40.87,19.35,3.72,0.0
20230831:0910,595.36,707.54,46.04,19.72,4.28,0.0
20230831:1010,142.16,181.1,48.09,20.42,4.48,0.0
20230831:1110,87.75,119.24,46.54,21.1,4.34,0.0
20230831:1210,502.79,601.95,41.76,21.83,3.93,0.0
20230831:1310,460.86,552.86,34.67,22.72,3.93,0.0
20230831:1410,223.03,276.22,26.15,22.83,3.86,0.0
20230831:1510,173.55,234.97,16.9,22.32,3.38,0.0
20230831:1610,24.85,50.66,7.4,21.44,2.69,0.0
20230831:1710,0.0,0.0,0.0,20.25,2.48,0.0
20230831:1810,0.0,0.0,0.0,19.14,2.41,0.0
20230831:1910,0.0,0.0,0.0,18.44,2.55,0.0
20230831:2010,0.0,0.0,0.0,17.81,2.41,0.0
20230831:2110,0.0,0.0,0.0,17.21,2.14,0.0
20230831:2210,0.0,0.0,0.0,16.51,2.14,0.0
20230831:2310,0.0,0.0,0.0,16.22,2.14,0.0
20230901:0010,0.0,0.0,0.0,15.83,2.14,0.0
20230901:0110,0.0,0.0,0.0,15.45,2.28,0.0
20230901:0210,0.0,0.0,0.0,15.33,2.34,0.0
20230901:0310,0.0,0.0,0.0,15.34,2.28,0.0
20230901:0410,1.41,8.97,5.84,15.09,2.14,0.0
20230901:0510,19.38,35.86,15.34,15.66,2.69,0.0
20230901:0610,260.25,312.81,24.64,16.73,2.69,0.0
20230901:0710,513.61,606.37,33.27,16.9,2.41,0.0
20230901:0810,694.62,839.06,40.58,18.63,2.62,0.0
20230901:0910,774.89,948.88,45.71,20.03,3.1,0.0
20230901:1010,708.51,864.14,47.73,20.64,3.17,0.0
20230901:1110,775.5,959.73,46.17,21.37,2.9,0.0
20230901:1210,646.67,787.97,41.4,21.56,2.83,0.0
20230901:1310,431.86,517.92,34.32,21.75,3.24,0.0
20230901:1410,331.29,401.54,25.82,21.65,3.45,0.0
20230901:1510,178.96,242.67,16.57,21.33,3.1,0.0
20230901:1610,22.79,48.1,7.07,20.54,1.93,0.0
20230901:1710,0.0,0.0,0.0,19.61,1.52,0.0
20230901:1810,0.0,0.0,0.0,17.92,1.45,0.0
20230901:1910,0.0,0.0,0.0,16.07,1.86,0.0
20230901:2010,0.0,0.0,0.0,15.09,1.86,0.0
20230901:2110,0.0,0.0,0.0,14.35,2.0,0.0
20230901:2210,0.0,0.0,0.0,13.93,2.21,0.0
20230901:2310,0.0,0.0,0.0,13.73,2.21,0.0
20230902:0010,0.0,0.0,0.0,13.37,2.07,0.0
20230902:0110,0.0,0.0,0.0,13.11,2.07,0.0
20230902:0210,0.0,0.0,0.0,13.08,2.0,0.0
20230902:0310,0.0,0.0,0.0,13.12,2.07,0.0
20230902:0410,14.22,29.16,5.61,12.97,1.79,0.0
20230902:0510,67.76,94.74,15.11,14.42,1.31,0.0
20230902:0610,28.96,48.41,24.4,17.46,1.38,0.0
20230902:0710,131.92,168.8,33.01,18.56,1.93,0.0
20230902:0810,114.52,149.72,40.29,19.77,2.21,0.0
20230902:0910,198.96,247.21,45.38,20.59,2.28,0.0
20230902:1010,72.54,101.31,47.37,19.64,1.31,0.0
20230902:1110,171.27,215.82,45.8,19.78,0.83,0.0
20230902:1210,43.02,66.34,41.03,20.16,1.59,0.0
20230902:1310,81.01,111.17,33.97,19.62,1.38,0.0
20230902:1410,300.63,365.66,25.48,19.27,1.24,0.0
20230902:1510,174.41,236.15,16.24,19.28,1.24,0.0
20230902:1610,22.25,43.78,6.74,19.04,1.03,0.0
20230902:1710,0.0,0.0,0.0,18.33,0.76,0.0
20230902:1810,0.0,0.0,0.0,17.09,0.97,0.0
20230902:1910,0.0,0.0,0.0,16.17,0.9,0.0
20230902:2010,0.0,0.0,0.0,15.54,1.03,0.0
20230902:2110,0.0,0.0,0.0,15.11,1.03,0.0
20230902:2210,0.0,0.0,0.0,15.31,0.9,0.0
20230902:2310,0.0,0.0,0.0,15.7,0.69,0.0
20230903:0010,0.0,0.0,0.0,15.51,0.48,0.0
20230903:0110,0.0,0.0,0.0,15.23,0.48,0.0
20230903:0210,0.0,0.0,0.0,13.88,0.76,0.0
20230903:0310,0.0,0.0,0.0,13.16,0.9,0.0
20230903:0410,1.89,9.86,5.38,13.09,0.76,0.0
20230903:0510,101.64,137.81,14.88,14.28,0.34,0.0
20230903:0610,314.21,379.78,24.16,15.69,0.28,0.0
20230903:0710,534.93,645.11,32.75,16.86,0.76,0.0
20230903:0810,624.39,766.31,40.0,18.36,0.97,0.0
20230903:0910,86.36,117.44,45.05,19.54,0.97,0.0
20230903:1010,45.9,69.93,47.01,20.35,1.17,0.0
20230903:1110,35.57,57.38,45.42,20.96,1.59,0.0
20230903:1210,318.14,386.77,40.67,21.4,1.86,0.0
20230903:1310,318.47,384.91,33.61,21.23,2.41,0.0
20230903:1410,146.15,185.68,25.13,19.69,2.41,0.0
20230903:1510,112.4,152.02,15.9,19.44,1.93,0.0
20230903:1610,18.97,37.7,6.4,18.72,1.45,0.0
20230903:1710,0.0,0.0,0.0,18.05,1.86,0.0
20230903:1810,0.0,0.0,0.0,17.2,2.0,0.0
20230903:1910,0.0,0.0,0.0,16.59,2.14,0.0
20230903:2010,0.0,0.0,0.0,16.08,2.34,0.0
20230903:2110,0.0,0.0,0.0,15.73,2.48,0.0
20230903:2210,0.0,0.0,0.0,15.36,2.55,0.0
20230903:2310,0.0,0.0,0.0,14.94,2.55,0.0
20230904:0010,0.0,0.0,0.0,14.55,2.48,0.0
20230904:0110,0.0,0.0,0.0,14.26,2.55,0.0
20230904:0210,0.0,0.0,0.0,13.84,2.69,0.0
20230904:0310,0.0,0.0,0.0,13.52,2.76,0.0
20230904:0410,11.44,25.8,5.15,13.48,2.76,0.0
20230904:0510,142.82,193.38,14.65,14.28,2.62,0.0
20230904:0610,365.8,432.95,23.93,15.77,3.1,0.0
20230904:0710,563.89,662.95,32.49,16.74,3.03,0.0
20230904:0810,707.66,847.7,39.7,18.22,3.24,0.0
20230904:0910,810.87,990.11,44.71,19.51,3.45,0.0
20230904:1010,618.83,743.18,46.64,20.43,3.72,0.0
20230904:1110,204.28,252.52,45.05,20.84,3.66,0.0
20230904:1210,656.38,792.34,40.3,21.17,3.59,0.0
20230904:1310,545.92,653.19,33.25,21.52,3.72,0.0
20230904:1410,319.92,387.24,24.79,21.51,3.93,0.0
20230904:1510,170.46,232.44,15.56,21.22,3.59,0.0
20230904:1610,18.5,40.16,6.07,20.31,2.9,0.0
20230904:1710,0.0,0.0,0.0,18.82,2.9,0.0
20230904:1810,0.0,0.0,0.0,17.72,3.03,0.0
20230904:1910,0.0,0.0,0.0,16.79,2.69,0.0
20230904:2010,0.0,0.0,0.0,15.85,2.41,0.0
20230904:2110,0.0,0.0,0.0,14.91,2.34,0.0
20230904:2210,0.0,0.0,0.0,14.06,2.21,0.0
20230904:2310,0.0,0.0,0.0,13.31,2.07,0.0
20230905:0010,0.0,0.0,0.0,12.45,2.0,0.0
20230905:0110,0.0,0.0,0.0,11.72,2.07,0.0
20230905:0210,0.0,0.0,0.0,11.17,2.14,0.0
20230905:0310,0.0,0.0,0.0,10.73,2.14,0.0
20230905:0410,11.18,24.77,4.92,10.42,2.0,0.0
20230905:0510,152.26,205.11,14.42,11.82,1.38,0.0
20230905:0610,382.21,457.77,23.68,15.66,1.31,0.0
20230905:0710,565.13,681.06,32.22,17.5,1.24,0.0
20230905:0810,695.81,857.82,39.4,19.37,1.59,0.0
20230905:0910,774.39,968.75,44.38,20.66,2.0,0.0
20230905:1010,702.85,865.77,46.27,21.6,2.76,0.0
20230905:1110,696.33,858.43,44.67,21.71,2.62,0.0
20230905:1210,560.5,682.1,39.92,21.92,2.41,0.0
20230905:1310,427.11,515.99,32.9,21.98,2.34,0.0
20230905:1410,373.75,456.33,24.44,21.87,2.28,0.0
20230905:1510,165.82,227.78,15.22,21.54,2.0,0.0
20230905:1610,15.01,33.98,5.73,20.5,1.66,0.0
20230905:1710,0.0,0.0,0.0,18.94,2.0,0.0
20230905:1810,0.0,0.0,0.0,17.19,1.86,0.0
20230905:1910,0.0,0.0,0.0,15.75,1.66,0.0
20230905:2010,0.0,0.0,0.0,15.7,1.24,0.0
20230905:2110,0.0,0.0,0.0,16.73,0.55,0.0
20230905:2210,0.0,0.0,0.0,16.37,0.28,0.0
20230905:2310,0.0,0.0,0.0,15.01,1.17,0.0
20230906:0010,0.0,0.0,0.0,12.27,1.79,0.0
20230906:0110,0.0,0.0,0.0,11.61,2.0,0.0
20230906:0210,0.0,0.0,0.0,11.53,2.07,0.0
20230906:0310,0.0,0.0,0.0,11.69,2.07,0.0
20230906:0410,1.02,8.07,4.69,11.61,2.14,0.0
20230906:0510,96.95,131.05,14.19,13.14,1.66,0.0
20230906:0610,373.84,448.47,23.44,16.56,1.59,0.0
20230906:0710,562.29,671.89,31.96,18.21,2.14,0.0
20230906:0810,694.92,847.38,39.1,19.87,2.41,0.0
20230906:0910,770.61,958.04,44.04,21.22,2.48,0.0
20230906:1010,781.25,977.6,45.9,22.28,2.62,0.0
20230906:1110,743.95,928.3,44.29,23.08,2.69,0.0
20230906:1210,643.52,793.62,39.55,23.17,2.48,0.0
20230906:1310,522.9,637.6,32.53,22.86,2.21,0.0
20230906:1410,248.61,308.15,24.09,22.72,2.0,0.0
20230906:1510,151.84,209.95,14.88,22.37,1.52,0.0
20230906:1610,13.57,31.36,5.38,21.78,1.38,0.0
20230906:1710,0.0,0.0,0.0,20.84,1.66,0.0
20230906:1810,0.0,0.0,0.0,19.67,1.79,0.0
20230906:1910,0.0,0.0,0.0,18.41,2.0,0.0
20230906:2010,0.0,0.0,0.0,17.08,1.79,0.0
20230906:2110,0.0,0.0,0.0,16.29,1.66,0.0
20230906:2210,0.0,0.0,0.0,16.07,1.66,0.0
20230906:2310,0.0,0.0,0.0,15.55,1.86,0.0
20230907:0010,0.0,0.0,0.0,15.23,1.93,0.0
20230907:0110,0.0,0.0,0.0,15.25,1.79,0.0
20230907:0210,0.0,0.0,0.0,15.37,1.66,0.0
20230907:0310,0.0,0.0,0.0,15.36,1.59,0.0
20230907:0410,7.59,19.61,4.46,15.77,1.72,0.0
20230907:0510,79.86,111.12,13.96,16.24,1.93,0.0
20230907:0610,352.24,420.67,23.2,16.97,2.48,0.0
20230907:0710,548.84,657.54,31.69,18.48,1.93,0.0
20230907:0810,648.76,792.51,38.8,19.91,1.93,0.0
20230907:0910,753.76,941.65,43.7,21.28,2.07,0.0
20230907:1010,633.28,775.95,45.53,22.21,2.76,0.0
20230907:1110,472.54,571.15,43.9,22.63,3.17,0.0
20230907:1210,435.06,524.59,39.17,22.7,3.24,0.0
20230907:1310,438.16,528.32,32.17,22.79,3.1,0.0
20230907:1410,260.81,320.95,23.74,22.52,2.97,0.0
20230907:1510,101.56,141.01,14.53,22.03,2.55,0.0
20230907:1610,11.6,27.0,5.04,20.77,2.14,0.0
20230907:1710,0.0,0.0,0.0,18.85,2.55,0.0
20230907:1810,0.0,0.0,0.0,17.29,2.55,0.0
20230907:1910,0.0,0.0,0.0,16.43,2.55,0.0
20230907:2010,0.0,0.0,0.0,15.43,2.55,0.0
20230907:2110,0.0,0.0,0.0,14.55,2.48,0.0
20230907:2210,0.0,0.0,0.0,13.76,2.34,0.0
20230907:2310,0.0,0.0,0.0,12.93,2.14,0.0
20230908:0010,0.0,0.0,0.0,11.93,1.93,0.0
20230908:0110,0.0,0.0,0.0,11.01,1.72,0.0
20230908:0210,0.0,0.0,0.0,10.87,1.45,0.0
20230908:0310,0.0,0.0,0.0,10.97,1.17,0.0
20230908:0410,7.55,19.4,4.23,9.94,1.38,0.0
20230908:0510,148.52,199.93,13.73,11.38,0.97,0.0
20230908:0610,378.5,452.72,22.95,14.57,0.83,0.0
20230908:0710,563.99,678.75,31.42,16.48,0.97,0.0
20230908:0810,687.01,856.11,38.5,18.53,0.76,0.0
20230908:0910,751.13,967.23,43.35,20.2,0.48,0.0
20230908:1010,769.19,994.07,45.16,21.28,0.76,0.0
20230908:1110,743.73,950.65,43.52,22.01,1.1,0.0
20230908:1210,636.41,792.0,38.79,22.56,1.59,0.0
20230908:1310,541.76,662.96,31.8,22.81,2.0,0.0
20230908:1410,368.99,453.0,23.39,22.72,2.21,0.0
20230908:1510,156.12,217.21,14.19,22.31,2.14,0.0
20230908:1610,10.22,26.82,4.69,21.2,1.72,0.0
20230908:1710,0.0,0.0,0.0,19.61,2.14,0.0
20230908:1810,0.0,0.0,0.0,18.09,2.21,0.0
20230908:1910,0.0,0.0,0.0,17.03,2.14,0.0
20230908:2010,0.0,0.0,0.0,15.79,1.86,0.0
20230908:2110,0.0,0.0,0.0,15.02,1.45,0.0
20230908:2210,0.0,0.0,0.0,14.99,1.17,0.0
20230908:2310,0.0,0.0,0.0,13.78,1.45,0.0
20230909:0010,0.0,0.0,0.0,12.89,1.66,0.0
20230909:0110,0.0,0.0,0.0,12.68,1.72,0.0
20230909:0210,0.0,0.0,0.0,12.43,1.86,0.0
20230909:0310,0.0,0.0,0.0,12.26,1.86,0.0
20230909:0410,5.88,16.91,4.0,12.2,1.86,0.0
20230909:0510,132.6,179.81,13.49,13.54,1.38,0.0
20230909:0610,349.55,420.04,22.7,16.72,1.38,0.0
20230909:0710,504.1,603.86,31.15,18.19,1.52,0.0
20230909:0810,665.4,815.81,38.19,19.86,1.79,0.0
20230909:0910,757.51,942.78,43.01,21.19,2.28,0.0
20230909:1010,782.02,976.83,44.78,21.99,2.62,0.0
20230909:1110,761.26,947.45,43.13,22.46,2.76,0.0
20230909:1210,656.55,804.07,38.41,22.64,2.9,0.0
20230909:1310,505.49,610.0,31.44,22.46,2.97,0.0
20230909:1410,394.33,480.43,23.03,22.07,2.97,0.0
20230909:1510,147.55,205.1,13.84,21.39,2.76,0.0
20230909:1610,9.3,24.17,4.35,20.17,2.34,0.0
20230909:1710,0.0,0.0,0.0,18.4,2.55,0.0
20230909:1810,0.0,0.0,0.0,17.06,2.62,0.0
20230909:1910,0.0,0.0,0.0,16.23,2.69,0.0
20230909:2010,0.0,0.0,0.0,15.45,2.62,0.0
20230909:2110,0.0,0.0,0.0,14.74,2.55,0.0
20230909:2210,0.0,0.0,0.0,14.07,2.48,0.0
20230909:2310,0.0,0.0,0.0,13.44,2.41,0.0
20230910:0010,0.0,0.0,0.0,12.87,2.34,0.0
20230910:0110,0.0,0.0,0.0,12.36,2.34,0.0
20230910:0210,0.0,0.0,0.0,11.93,2.34,0.0
20230910:0310,0.0,0.0,0.0,11.61,2.34,0.0
20230910:0410,6.33,17.74,3.77,11.39,2.34,0.0
20230910:0510,146.85,198.53,13.26,12.36,2.14,0.0
20230910:0610,382.68,451.8,22.46,14.51,2.34,0.0
20230910:0710,567.21,670.62,30.88,16.39,2.28,0.0
20230910:0810,695.87,845.29,37.88,18.4,2.14,0.0
20230910:0910,767.62,954.97,42.66,20.17,2.07,0.0
20230910:1010,779.87,980.17,44.4,21.43,2.07,0.0
20230910:1110,751.23,944.19,42.74,22.2,2.0,0.0
20230910:1210,654.23,812.78,38.03,22.73,1.86,0.0
20230910:1310,533.46,655.12,31.07,22.88,1.66,0.0
20230910:1410,355.61,439.36,22.67,22.85,1.52,0.0
20230910:1510,146.06,205.76,13.49,22.61,1.31,0.0
20230910:1610,8.17,22.3,4.0,21.68,1.59,0.0
20230910:1710,0.0,0.0,0.0,19.69,2.28,0.0
20230910:1810,0.0,0.0,0.0,18.13,2.41,0.0
20230910:1910,0.0,0.0,0.0,17.01,2.48,0.0
20230910:2010,0.0,0.0,0.0,16.19,2.55,0.0
20230910:2110,0.0,0.0,0.0,15.51,2.48,0.0
20230910:2210,0.0,0.0,0.0,14.91,2.41,0.0
20230910:2310,0.0,0.0,0.0,14.32,2.28,0.0
20230911:0010,0.0,0.0,0.0,13.82,2.28,0.0
20230911:0110,0.0,0.0,0.0,13.43,2.21,0.0
20230911:0210,0.0,0.0,0.0,13.07,2.14,0.0
20230911:0310,0.0,0.0,0.0,12.81,2.14,0.0
20230911:0410,0.0,2.69,3.53,12.69,2.14,0.0
20230911:0510,137.82,187.29,13.02,13.68,1.86,0.0
20230911:0610,354.01,422.53,22.21,16.33,2.0,0.0
20230911:0710,526.9,627.9,30.6,18.41,2.21,0.0
20230911:0810,663.08,810.65,37.57,20.59,2.21,0.0
20230911:0910,728.91,907.99,42.31,22.32,2.34,0.0
20230911:1010,742.46,929.33,44.02,23.4,2.62,0.0
20230911:1110,694.57,865.06,42.35,23.84,2.62,0.0
20230911:1210,626.67,774.26,37.64,24.15,2.55,0.0
20230911:1310,491.6,601.42,30.69,24.25,2.34,0.0
20230911:1410,332.62,411.87,22.31,24.14,2.14,0.0
20230911:1510,127.81,181.17,13.13,23.68,1.66,0.0
20230911:1610,6.47,18.81,3.64,22.43,1.93,0.0
20230911:1710,0.0,0.0,0.0,20.51,2.41,0.0
20230911:1810,0.0,0.0,0.0,19.07,2.48,0.0
20230911:1910,0.0,0.0,0.0,17.97,2.62,0.0
20230911:2010,0.0,0.0,0.0,17.25,2.69,0.0
20230911:2110,0.0,0.0,0.0,16.62,2.76,0.0
20230911:2210,0.0,0.0,0.0,16.05,2.83,0.0
20230911:2310,0.0,0.0,0.0,15.53,2.76,0.0
20230912:0010,0.0,0.0,0.0,15.01,2.69,0.0
20230912:0110,0.0,0.0,0.0,14.53,2.62,0.0
20230912:0210,0.0,0.0,0.0,14.06,2.55,0.0
20230912:0310,0.0,0.0,0.0,13.61,2.48,0.0
20230912:0410,4.31,14.36,3.3,13.22,2.41,0.0
20230912:0510,139.58,190.07,12.78,13.93,2.14,0.0
20230912:0610,367.56,437.26,21.95,16.16,2.34,0.0
20230912:0710,551.71,658.63,30.32,18.45,2.21,0.0
20230912:0810,678.94,831.62,37.26,20.59,2.21,0.0
20230912:0910,751.04,939.34,41.96,22.48,2.34,0.0
20230912:1010,768.45,971.98,43.64,24.02,2.41,0.0
20230912:1110,734.37,926.7,41.96,24.9,2.48,0.0
20230912:1210,633.43,792.24,37.26,25.46,2.21,0.0
20230912:1310,428.68,528.38,30.32,25.51,1.93,0.0
20230912:1410,230.66,291.3,21.95,25.52,1.79,0.0
20230912:1510,128.31,184.18,12.78,24.94,1.45,0.0
20230912:1610,5.2,16.94,3.29,23.84,1.86,0.0
20230912:1710,0.0,0.0,0.0,22.24,2.14,0.0
20230912:1810,0.0,0.0,0.0,20.72,2.28,0.0
20230912:1910,0.0,0.0,0.0,20.69,2.69,0.0
20230912:2010,0.0,0.0,0.0,20.13,2.9,0.0
20230912:2110,0.0,0.0,0.0,19.72,2.97,0.0
20230912:2210,0.0,0.0,0.0,19.12,2.97,0.0
20230912:2310,0.0,0.0,0.0,18.63,2.9,0.0
20230913:0010,0.0,0.0,0.0,18.24,2.76,0.0
20230913:0110,0.0,0.0,0.0,18.09,2.62,0.0
20230913:0210,0.0,0.0,0.0,17.92,2.48,0.0
20230913:0310,0.0,0.0,0.0,17.6,2.34,0.0
20230913:0410,3.6,14.59,3.06,17.14,2.28,0.0
20230913:0510,72.61,103.56,12.54,17.48,2.0,0.0
20230913:0610,321.21,388.27,21.7,18.84,2.0,0.0
20230913:0710,514.29,621.25,30.05,20.78,1.93,0.0
20230913:0810,643.43,798.83,36.95,22.65,1.72,0.0
20230913:0910,720.51,917.05,41.61,24.09,1.59,0.0
20230913:1010,736.54,947.96,43.26,25.36,1.59,0.0
20230913:1110,522.72,653.63,41.57,26.03,1.66,0.0
20230913:1210,132.52,175.57,36.87,26.27,1.52,0.0
20230913:1310,455.3,566.14,29.95,26.4,1.59,0.0
20230913:1410,263.73,332.19,21.59,25.86,1.59,0.0
20230913:1510,75.41,111.06,12.42,24.84,0.97,0.0
20230913:1610,2.64,11.65,2.94,23.68,1.59,0.0
20230913:1710,0.0,0.0,0.0,21.86,2.07,0.0
20230913:1810,0.0,0.0,0.0,20.71,2.21,0.0
20230913:1910,0.0,0.0,0.0,21.12,1.86,0.0
20230913:2010,0.0,0.0,0.0,20.12,2.0,0.0
20230913:2110,0.0,0.0,0.0,19.28,2.21,0.0
20230913:2210,0.0,0.0,0.0,18.84,2.34,0.0
20230913:2310,0.0,0.0,0.0,18.68,2.41,0.0
20230914:0010,0.0,0.0,0.0,18.44,2.41,0.0
20230914:0110,0.0,0.0,0.0,18.07,2.41,0.0
20230914:0210,0.0,0.0,0.0,18.12,2.34,0.0
20230914:0310,0.0,0.0,0.0,17.72,2.48,0.0
20230914:0410,1.82,9.86,2.82,17.49,2.48,0.0
20230914:0510,107.2,149.72,12.31,18.14,2.14,0.0
20230914:0610,321.81,391.33,21.45,20.12,2.0,0.0
20230914:0710,510.31,617.37,29.77,21.6,2.14,0.0
20230914:0810,616.71,759.12,36.63,23.3,2.34,0.0
20230914:0910,507.79,620.16,41.26,24.6,3.1,0.0
20230914:1010,282.72,348.37,42.88,25.23,3.93,0.0
20230914:1110,425.72,514.44,41.17,24.28,4.28,0.0
20230914:1210,103.51,138.96,36.48,23.64,4.14,0.0
20230914:1310,36.07,58.27,29.57,22.44,3.31,0.0
20230914:1410,41.3,64.55,21.22,21.5,2.41,0.0
20230914:1510,30.69,51.1,12.07,20.29,2.34,0.0
20230914:1610,0.0,5.38,2.58,19.58,2.41,0.0
20230914:1710,0.0,0.0,0.0,18.99,2.62,0.0
20230914:1810,0.0,0.0,0.0,18.57,2.62,0.0
20230914:1910,0.0,0.0,0.0,17.44,2.69,0.0
20230914:2010,0.0,0.0,0.0,17.06,2.9,0.0
20230914:2110,0.0,0.0,0.0,16.6,3.17,0.0
20230914:2210,0.0,0.0,0.0,16.24,3.17,0.0
20230914:2310,0.0,0.0,0.0,15.98,3.31,0.0
20230915:0010,0.0,0.0,0.0,15.92,3.59,0.0
20230915:0110,0.0,0.0,0.0,15.73,3.66,0.0
20230915:0210,0.0,0.0,0.0,15.55,3.52,0.0
20230915:0310,0.0,0.0,0.0,15.34,3.45,0.0
20230915:0410,1.41,8.97,2.59,15.18,3.45,0.0
20230915:0510,10.83,24.21,12.06,15.14,3.31,0.0
20230915:0610,45.71,68.14,21.19,15.29,3.72,0.0
20230915:0710,104.4,135.38,29.48,15.64,3.66,0.0
20230915:0810,111.3,143.44,36.31,16.38,4.34,0.0
20230915:0910,130.05,164.96,40.9,16.95,3.86,0.0
20230915:1010,117.83,151.51,42.49,17.34,3.72,0.0
20230915:1110,295.19,350.66,40.78,17.64,3.66,0.0
20230915:1210,230.27,277.71,36.09,17.81,3.52,0.0
20230915:1310,252.94,302.52,29.19,17.84,3.52,0.0
20230915:1410,218.64,265.79,20.86,17.8,3.52,0.0
20230915:1510,106.52,148.98,11.71,17.56,3.38,0.0
20230915:1610,0.96,8.07,2.23,17.18,2.76,0.0
20230915:1710,0.0,0.0,0.0,16.31,2.21,0.0
20230915:1810,0.0,0.0,0.0,15.49,2.07,0.0
20230915:1910,0.0,0.0,0.0,14.74,1.86,0.0
20230915:2010,0.0,0.0,0.0,14.3,1.66,0.0
20230915:2110,0.0,0.0,0.0,13.9,1.52,0.0
20230915:2210,0.0,0.0,0.0,13.33,1.52,0.0
20230915:2310,0.0,0.0,0.0,12.7,1.52,0.0
20230916:0010,0.0,0.0,0.0,12.69,1.52,0.0
20230916:0110,0.0,0.0,0.0,12.34,1.72,0.0
20230916:0210,0.0,0.0,0.0,12.27,1.79,0.0
20230916:0310,0.0,0.0,0.0,12.37,1.86,0.0
20230916:0410,0.0,2.69,2.35,12.53,1.93,0.0
20230916:0510,57.65,83.0,11.82,13.12,1.93,0.0
20230916:0610,133.57,167.39,20.93,14.12,2.07,0.0
20230916:0710,146.48,182.28,29.2,15.14,2.21,0.0
20230916:0810,291.96,345.49,36.0,16.11,2.62,0.0
20230916:0910,750.09,903.47,40.54,17.0,2.9,0.0
20230916:1010,819.61,998.28,42.11,17.6,3.03,0.0
20230916:1110,533.59,631.5,40.38,18.09,3.17,0.0
20230916:1210,474.56,560.51,35.7,18.38,3.1,0.0
20230916:1310,480.58,567.51,28.81,18.29,2.97,0.0
20230916:1410,312.46,375.65,20.49,18.29,2.9,0.0
20230916:1510,109.7,154.53,11.35,18.15,2.76,0.0
20230916:1610,0.57,7.17,1.87,17.67,2.07,0.0
20230916:1710,0.0,0.0,0.0,16.88,2.0,0.0
20230916:1810,0.0,0.0,0.0,16.19,2.14,0.0
20230916:1910,0.0,0.0,0.0,16.12,2.55,0.0
20230916:2010,0.0,0.0,0.0,15.61,2.76,0.0
20230916:2110,0.0,0.0,0.0,15.32,2.9,0.0
20230916:2210,0.0,0.0,0.0,15.08,2.97,0.0
20230916:2310,0.0,0.0,0.0,15.04,2.97,0.0
20230917:0010,0.0,0.0,0.0,15.32,2.83,0.0
20230917:0110,0.0,0.0,0.0,15.26,2.83,0.0
20230917:0210,0.0,0.0,0.0,15.18,2.9,0.0
20230917:0310,0.0,0.0,0.0,14.91,3.03,0.0
20230917:0410,0.0,2.69,2.11,14.69,3.1,0.0
20230917:0510,135.99,186.36,11.58,15.02,3.1,0.0
20230917:0610,373.13,441.96,20.68,16.26,3.03,0.0
20230917:0710,564.97,664.25,28.92,17.93,3.66,0.0
20230917:0810,706.77,844.83,35.68,19.44,4.0,0.0
20230917:0910,781.64,947.73,40.19,20.75,4.28,0.0
20230917:1010,811.22,993.36,41.72,21.79,4.28,0.0
20230917:1110,758.3,929.72,39.98,22.89,4.07,0.0
20230917:1210,661.98,807.24,35.31,23.26,3.59,0.0
20230917:1310,530.29,641.82,28.43,23.11,3.1,0.0
20230917:1410,331.98,408.41,20.12,22.77,2.48,0.0
20230917:1510,118.37,171.36,10.99,22.35,2.62,0.0
20230917:1610,0.0,3.31,1.51,21.17,2.69,0.0
20230917:1710,0.0,0.0,0.0,20.16,2.76,0.0
20230917:1810,0.0,0.0,0.0,19.61,2.9,0.0
20230917:1910,0.0,0.0,0.0,18.67,3.17,0.0
20230917:2010,0.0,0.0,0.0,18.05,3.24,0.0
20230917:2110,0.0,0.0,0.0,17.52,3.24,0.0
20230917:2210,0.0,0.0,0.0,17.03,3.17,0.0
20230917:2310,0.0,0.0,0.0,16.53,3.1,0.0
20230918:0010,0.0,0.0,0.0,16.08,2.97,0.0
20230918:0110,0.0,0.0,0.0,15.58,2.9,0.0
20230918:0210,0.0,0.0,0.0,15.08,2.9,0.0
20230918:0310,0.0,0.0,0.0,14.69,2.83,0.0
20230918:0410,0.0,1.79,1.87,14.31,2.76,0.0
20230918:0510,135.97,186.58,11.34,14.77,2.69,0.0
20230918:0610,366.24,434.91,20.42,16.56,2.83,0.0
20230918:0710,557.31,657.7,28.63,18.6,3.52,0.0
20230918:0810,685.79,825.82,35.36,20.52,3.59,0.0
20230918:0910,761.59,932.85,39.83,22.15,3.79,0.0
20230918:1010,792.75,977.35,41.33,23.39,4.21,0.0
20230918:1110,749.29,921.65,39.59,24.05,4.21,0.0
20230918:1210,649.3,792.4,34.92,24.48,4.0,0.0
20230918:1310,518.76,628.19,28.05,24.56,3.86,0.0
20230918:1410,320.92,395.93,19.76,24.39,3.66,0.0
20230918:1510,109.78,161.05,10.63,23.64,2.9,0.0
20230918:1610,0.0,1.65,1.15,22.04,2.9,0.0
20230918:1710,0.0,0.0,0.0,20.59,3.45,0.0
20230918:1810,0.0,0.0,0.0,19.96,3.93,0.0
20230918:1910,0.0,0.0,0.0,19.48,4.07,0.0
20230918:2010,0.0,0.0,0.0,18.91,4.0,0.0
20230918:2110,0.0,0.0,0.0,18.32,3.93,0.0
20230918:2210,0.0,0.0,0.0,17.67,3.79,0.0
20230918:2310,0.0,0.0,0.0,17.13,3.72,0.0
20230919:0010,0.0,0.0,0.0,16.67,3.66,0.0
20230919:0110,0.0,0.0,0.0,16.19,3.59,0.0
20230919:0210,0.0,0.0,0.0,15.74,3.52,0.0
20230919:0310,0.0,0.0,0.0,15.37,3.59,0.0
20230919:0410,0.0,0.9,1.63,15.09,3.66,0.0
20230919:0510,109.35,151.18,11.09,15.4,3.79,0.0
20230919:0610,324.86,384.66,20.16,16.78,4.07,0.0
20230919:0710,546.51,639.17,28.34,18.4,4.55,0.0
20230919:0810,663.04,787.9,35.03,20.17,4.62,0.0
20230919:0910,630.71,755.24,39.47,21.74,4.69,0.0
20230919:1010,760.17,925.35,40.95,23.01,4.9,0.0
20230919:1110,714.12,866.51,39.19,23.5,4.97,0.0
20230919:1210,540.82,648.02,34.52,23.75,5.1,0.0
20230919:1310,72.68,102.2,27.67,22.26,4.55,0.0
20230919:1410,110.03,144.53,19.39,20.26,3.79,0.0
20230919:1510,27.72,47.3,10.27,18.93,3.59,0.0
20230919:1610,0.0,0.0,0.0,18.01,3.86,0.0
20230919:1710,0.0,0.0,0.0,17.48,4.0,0.0
20230919:1810,0.0,0.0,0.0,17.33,4.0,0.0
20230919:1910,0.0,0.0,0.0,16.99,3.24,0.0
20230919:2010,0.0,0.0,0.0,17.07,3.03,0.0
20230919:2110,0.0,0.0,0.0,17.17,2.97,0.0
20230919:2210,0.0,0.0,0.0,17.22,3.03,0.0
20230919:2310,0.0,0.0,0.0,17.16,3.03,0.0
20230920:0010,0.0,0.0,0.0,17.1,2.97,0.0
20230920:0110,0.0,0.0,0.0,17.0,3.24,0.0
20230920:0210,0.0,0.0,0.0,16.89,3.59,0.0
20230920:0310,0.0,0.0,0.0,16.75,3.86,0.0
20230920:0410,0.0,0.83,1.39,16.73,4.21,0.0
20230920:0510,2.3,10.76,10.84,16.75,4.14,0.0
20230920:0610,34.18,54.69,19.89,16.9,3.72,0.0
20230920:0710,72.8,100.41,28.06,17.58,4.0,0.0
20230920:0810,152.34,190.87,34.71,18.44,4.21,0.0
20230920:0910,193.76,238.51,39.11,19.7,4.55,0.0
20230920:1010,756.99,913.37,40.56,20.56,4.41,0.0
20230920:1110,697.49,840.44,38.79,21.2,4.21,0.0
20230920:1210,586.01,700.97,34.13,21.54,4.0,0.0
20230920:1310,246.64,300.34,27.29,21.8,3.66,0.0
20230920:1410,319.88,391.22,19.02,21.83,3.1,0.0
20230920:1510,95.21,140.54,9.91,21.18,2.0,0.0
20230920:1610,0.0,0.0,0.0,20.16,1.93,0.0
20230920:1710,0.0,0.0,0.0,18.55,2.21,0.0
20230920:1810,0.0,0.0,0.0,17.39,2.28,0.0
20230920:1910,0.0,0.0,0.0,17.0,2.41,0.0
20230920:2010,0.0,0.0,0.0,16.64,2.34,0.0
20230920:2110,0.0,0.0,0.0,16.41,2.14,0.0
20230920:2210,0.0,0.0,0.0,15.77,2.07,0.0
20230920:2310,0.0,0.0,0.0,15.57,1.93,0.0
20230921:0010,0.0,0.0,0.0,15.2,1.86,0.0
20230921:0110,0.0,0.0,0.0,14.89,1.86,0.0
20230921:0210,0.0,0.0,0.0,14.45,2.0,0.0
20230921:0310,0.0,0.0,0.0,14.24,2.0,0.0
20230921:0410,0.0,0.0,0.0,14.05,2.07,0.0
20230921:0510,130.12,179.15,10.6,14.66,1.93,0.0
20230921:0610,355.2,424.3,19.63,16.65,1.93,0.0
20230921:0710,548.31,652.95,27.77,18.27,2.28,0.0
20230921:0810,685.89,833.19,34.38,20.19,2.69,0.0
20230921:0910,758.27,931.99,38.74,21.63,3.24,0.0
20230921:1010,627.77,762.6,40.17,22.49,3.52,0.0
20230921:1110,563.92,682.88,38.39,23.04,3.52,0.0
20230921:1210,446.47,537.55,33.74,23.1,3.45,0.0
20230921:1310,264.65,323.07,26.91,23.1,3.45,0.0
20230921:1410,310.52,382.13,18.65,22.85,3.03,0.0
20230921:1510,100.57,149.28,9.55,22.02,2.34,0.0
20230921:1610,0.0,0.0,0.0,20.7,2.55,0.0
20230921:1710,0.0,0.0,0.0,19.79,2.76,0.0
20230921:1810,0.0,0.0,0.0,19.02,3.03,0.0
20230921:1910,0.0,0.0,0.0,17.98,3.17,0.0
20230921:2010,0.0,0.0,0.0,17.3,3.17,0.0
20230921:2110,0.0,0.0,0.0,16.75,3.17,0.0
20230921:2210,0.0,0.0,0.0,16.31,3.17,0.0
20230921:2310,0.0,0.0,0.0,15.92,3.1,0.0
20230922:0010,0.0,0.0,0.0,15.61,3.17,0.0
20230922:0110,0.0,0.0,0.0,15.4,3.24,0.0
20230922:0210,0.0,0.0,0.0,15.21,3.31,0.0
20230922:0310,0.0,0.0,0.0,15.07,3.45,0.0
20230922:0410,0.0,0.0,0.0,15.03,3.59,0.0
20230922:0510,125.29,173.15,10.35,15.66,3.79,0.0
20230922:0610,350.13,415.64,19.37,17.49,3.79,0.0
20230922:0710,544.41,637.77,27.47,18.95,4.69,0.0
20230922:0810,684.21,813.63,34.06,20.76,5.1,0.0
20230922:0910,754.58,911.14,38.38,22.45,5.31,0.0
20230922:1010,759.4,923.12,39.78,23.78,5.52,0.0
20230922:1110,711.93,862.19,37.99,24.51,5.86,0.0
20230922:1210,384.03,462.14,33.34,24.72,5.45,0.0
20230922:1310,227.01,280.62,26.53,24.82,5.31,0.0
20230922:1410,142.3,184.42,18.28,24.19,4.76,0.0
20230922:1510,86.89,130.85,9.18,23.23,4.41,0.0
20230922:1610,0.0,0.0,0.0,21.97,4.28,0.0
20230922:1710,0.0,0.0,0.0,20.96,4.34,0.0
20230922:1810,0.0,0.0,0.0,20.18,4.41,0.0
20230922:1910,0.0,0.0,0.0,19.66,4.0,0.0
20230922:2010,0.0,0.0,0.0,19.23,3.72,0.0
20230922:2110,0.0,0.0,0.0,19.01,3.66,0.0
20230922:2210,0.0,0.0,0.0,18.52,3.45,0.0
20230922:2310,0.0,0.0,0.0,18.27,3.38,0.0
20230923:0010,0.0,0.0,0.0,18.06,3.38,0.0
20230923:0110,0.0,0.0,0.0,17.88,3.45,0.0
20230923:0210,0.0,0.0,0.0,17.48,3.52,0.0
20230923:0310,0.0,0.0,0.0,17.25,3.59,0.0
20230923:0410,0.0,0.0,0.0,16.99,3.59,0.0
20230923:0510,106.02,148.98,10.1,17.21,3.66,0.0
20230923:0610,327.87,391.33,19.1,18.44,3.86,0.0
20230923:0710,410.4,483.92,27.18,20.05,4.34,0.0
20230923:0810,500.54,596.02,33.73,21.84,4.28,0.0
20230923:0910,575.31,693.6,38.02,23.41,4.34,0.0
20230923:1010,352.7,428.01,39.39,24.62,4.34,0.0
20230923:1110,447.02,541.88,37.59,25.43,4.41,0.0
20230923:1210,114.7,153.3,32.95,25.83,4.41,0.0
20230923:1310,189.4,239.42,26.15,26.09,4.48,0.0
20230923:1410,163.37,210.7,17.91,25.9,4.41,0.0
20230923:1510,18.42,35.86,8.82,25.14,3.79,0.0
20230923:1610,0.0,0.0,0.0,23.72,3.72,0.0
20230923:1710,0.0,0.0,0.0,22.71,3.86,0.0
20230923:1810,0.0,0.0,0.0,21.96,3.93,0.0
20230923:1910,0.0,0.0,0.0,21.65,3.38,0.0
20230923:2010,0.0,0.0,0.0,21.18,2.97,0.0
20230923:2110,0.0,0.0,0.0,20.43,2.69,0.0
20230923:2210,0.0,0.0,0.0,19.74,2.34,0.0
20230923:2310,0.0,0.0,0.0,19.21,2.0,0.0
20230924:0010,0.0,0.0,0.0,18.59,1.79,0.0
20230924:0110,0.0,0.0,0.0,18.27,1.93,0.0
20230924:0210,0.0,0.0,0.0,17.74,2.14,0.0
20230924:0310,0.0,0.0,0.0,17.41,2.14,0.0
20230924:0410,0.0,0.0,0.0,16.99,2.28,0.0
20230924:0510,26.0,44.85,9.85,17.3,2.14,0.0
20230924:0610,56.82,82.48,18.83,19.01,2.28,0.0
20230924:0710,99.14,131.81,26.89,19.4,2.07,0.0
20230924:0810,253.21,307.58,33.4,20.31,2.34,0.0
20230924:0910,178.97,223.63,37.65,20.47,2.55,0.0
20230924:1010,159.07,200.91,39.0,20.4,2.62,0.0
20230924:1110,48.89,73.51,37.19,20.63,2.62,0.0
20230924:1210,43.74,67.24,32.55,20.48,2.76,0.0
20230924:1310,70.25,98.62,25.77,20.25,3.31,0.0
20230924:1410,45.44,69.03,17.54,19.72,3.72,0.0
20230924:1510,16.36,32.27,8.46,19.13,4.0,0.0
20230924:1610,0.0,0.0,0.0,18.6,4.0,0.0
20230924:1710,0.0,0.0,0.0,18.27,3.79,0.0
20230924:1810,0.0,0.0,0.0,18.01,3.59,0.0
20230924:1910,0.0,0.0,0.0,16.94,3.59,0.0
20230924:2010,0.0,0.0,0.0,16.81,3.52,0.0
20230924:2110,0.0,0.0,0.0,16.75,3.31,0.0
20230924:2210,0.0,0.0,0.0,16.68,3.24,0.0
20230924:2310,0.0,0.0,0.0,16.56,3.1,0.0
20230925:0010,0.0,0.0,0.0,16.44,3.03,0.0
20230925:0110,0.0,0.0,0.0,16.27,3.03,0.0
20230925:0210,0.0,0.0,0.0,16.03,2.83,0.0
20230925:0310,0.0,0.0,0.0,15.62,2.69,0.0
20230925:0410,0.0,0.0,0.0,15.34,2.69,0.0
20230925:0510,22.19,39.45,9.6,15.33,2.62,0.0
20230925:0610,44.8,67.24,18.57,16.05,4.28,0.0
20230925:0710,118.83,151.77,26.59,16.48,4.21,0.0
20230925:0810,161.28,199.53,33.07,17.15,4.48,0.0
20230925:0910,141.87,179.34,37.29,18.61,4.28,0.0
20230925:1010,141.23,180.23,38.6,20.49,3.79,0.0
20230925:1110,117.38,154.2,36.79,21.95,3.03,0.0
20230925:1210,520.21,630.41,32.16,22.63,2.55,0.0
20230925:1310,468.23,566.81,25.39,23.01,2.55,0.0
20230925:1410,266.44,330.63,17.17,23.03,2.76,0.0
20230925:1510,69.26,108.12,8.1,22.42,2.62,0.0
20230925:1610,0.0,0.0,0.0,20.99,2.69,0.0
20230925:1710,0.0,0.0,0.0,19.61,2.97,0.0
20230925:1810,0.0,0.0,0.0,18.81,3.24,0.0
20230925:1910,0.0,0.0,0.0,17.89,3.31,0.0
20230925:2010,0.0,0.0,0.0,17.33,3.24,0.0
20230925:2110,0.0,0.0,0.0,16.79,2.9,0.0
20230925:2210,0.0,0.0,0.0,16.3,2.62,0.0
20230925:2310,0.0,0.0,0.0,15.83,2.28,0.0
20230926:0010,0.0,0.0,0.0,15.35,2.0,0.0
20230926:0110,0.0,0.0,0.0,14.92,1.93,0.0
20230926:0210,0.0,0.0,0.0,14.51,1.93,0.0
20230926:0310,0.0,0.0,0.0,14.2,2.07,0.0
20230926:0410,0.0,0.0,0.0,14.03,2.28,0.0
20230926:0510,36.67,58.1,9.35,14.31,2.28,0.0
20230926:0610,114.18,146.68,18.3,15.86,2.41,0.0
20230926:0710,198.46,240.49,26.3,16.74,2.97,0.0
20230926:0810,360.65,425.82,32.74,17.88,2.76,0.0
20230926:0910,720.0,877.12,36.92,19.26,2.55,0.0
20230926:1010,746.62,925.48,38.21,21.05,2.34,0.0
20230926:1110,711.01,880.82,36.39,22.26,2.41,0.0
20230926:1210,600.21,734.76,31.77,23.13,2.48,0.0
20230926:1310,475.75,577.1,25.0,23.44,2.62,0.0
20230926:1410,265.74,330.43,16.8,23.27,2.69,0.0
20230926:1510,67.23,105.67,7.74,22.54,2.34,0.0
20230926:1610,0.0,0.0,0.0,20.88,2.48,0.0
20230926:1710,0.0,0.0,0.0,19.39,2.62,0.0
20230926:1810,0.0,0.0,0.0,18.51,2.76,0.0
20230926:1910,0.0,0.0,0.0,18.1,2.83,0.0
20230926:2010,0.0,0.0,0.0,17.43,2.69,0.0
20230926:2110,0.0,0.0,0.0,16.75,2.55,0.0
20230926:2210,0.0,0.0,0.0,16.17,2.34,0.0
20230926:2310,0.0,0.0,0.0,15.59,2.21,0.0
20230927:0010,0.0,0.0,0.0,15.11,2.07,0.0
20230927:0110,0.0,0.0,0.0,14.6,2.0,0.0
20230927:0210,0.0,0.0,0.0,14.15,2.0,0.0
20230927:0310,0.0,0.0,0.0,13.77,2.07,0.0
20230927:0410,0.0,0.0,0.0,13.46,2.14,0.0
20230927:0510,97.45,136.14,9.1,13.65,2.14,0.0
20230927:0610,320.27,379.92,18.03,15.3,2.14,0.0
20230927:0710,510.9,606.82,26.0,17.48,1.86,0.0
20230927:0810,642.91,783.42,32.41,19.27,1.72,0.0
20230927:0910,724.29,906.33,36.55,21.04,1.59,0.0
20230927:1010,740.89,939.73,37.82,22.52,1.52,0.0
20230927:1110,704.21,893.71,35.99,23.47,1.38,0.0
20230927:1210,585.58,729.83,31.37,23.92,1.38,0.0
20230927:1310,475.05,584.34,24.62,23.98,1.52,0.0
20230927:1410,269.5,337.46,16.43,23.71,1.72,0.0
20230927:1510,64.14,102.07,7.38,22.87,1.52,0.0
20230927:1610,0.0,0.0,0.0,21.25,2.07,0.0
20230927:1710,0.0,0.0,0.0,19.5,2.34,0.0
20230927:1810,0.0,0.0,0.0,18.17,2.41,0.0
20230927:1910,0.0,0.0,0.0,17.34,2.62,0.0
20230927:2010,0.0,0.0,0.0,16.52,2.62,0.0
20230927:2110,0.0,0.0,0.0,15.73,2.55,0.0
20230927:2210,0.0,0.0,0.0,14.94,2.41,0.0
20230927:2310,0.0,0.0,0.0,14.18,2.21,0.0
20230928:0010,0.0,0.0,0.0,13.39,2.07,0.0
20230928:0110,0.0,0.0,0.0,12.6,2.07,0.0
20230928:0210,0.0,0.0,0.0,12.01,2.07,0.0
20230928:0310,0.0,0.0,0.0,11.52,2.0,0.0
20230928:0410,0.0,0.0,0.0,11.08,2.07,0.0
20230928:0510,112.86,154.6,8.84,11.16,1.86,0.0
20230928:0610,344.43,406.75,17.76,13.91,1.66,0.0
20230928:0710,533.3,633.13,25.7,16.54,1.66,0.0
20230928:0810,662.47,808.76,32.07,18.87,1.66,0.0
20230928:0910,735.27,918.98,36.19,20.91,1.72,0.0
20230928:1010,753.88,951.06,37.43,22.34,1.86,0.0
20230928:1110,708.91,897.3,35.59,23.04,1.45,0.0
20230928:1210,586.14,731.98,30.98,23.39,1.1,0.0
20230928:1310,475.24,586.58,24.24,23.42,1.03,0.0
20230928:1410,266.35,334.15,16.07,23.24,1.17,0.0
20230928:1510,68.09,108.3,7.02,22.42,1.38,0.0
20230928:1610,0.0,0.0,0.0,20.81,2.07,0.0
20230928:1710,0.0,0.0,0.0,18.93,2.28,0.0
20230928:1810,0.0,0.0,0.0,17.68,2.34,0.0
20230928:1910,0.0,0.0,0.0,16.76,2.55,0.0
20230928:2010,0.0,0.0,0.0,15.96,2.48,0.0
20230928:2110,0.0,0.0,0.0,15.19,2.41,0.0
20230928:2210,0.0,0.0,0.0,14.44,2.34,0.0
20230928:2310,0.0,0.0,0.0,13.73,2.28,0.0
20230929:0010,0.0,0.0,0.0,13.04,2.21,0.0
20230929:0110,0.0,0.0,0.0,12.34,2.07,0.0
20230929:0210,0.0,0.0,0.0,11.72,2.0,0.0
20230929:0310,0.0,0.0,0.0,11.19,2.0,0.0
20230929:0410,0.0,0.0,0.0,10.76,2.0,0.0
20230929:0510,106.46,146.45,8.59,10.83,1.79,0.0
20230929:0610,336.6,399.03,17.48,14.05,1.24,0.0
20230929:0710,523.02,623.87,25.4,17.17,1.45,0.0
20230929:0810,654.45,805.24,31.74,19.68,1.38,0.0
20230929:0910,725.57,915.74,35.82,21.73,1.38,0.0
20230929:1010,747.89,947.93,37.04,23.13,1.79,0.0
20230929:1110,706.09,884.67,35.19,23.76,2.21,0.0
20230929:1210,584.01,720.61,30.59,23.91,2.07,0.0
20230929:1310,474.56,581.16,23.86,23.83,1.86,0.0
20230929:1410,262.4,329.01,15.7,23.54,1.66,0.0
20230929:1510,58.91,95.73,6.66,22.6,1.38,0.0
20230929:1610,0.0,0.0,0.0,20.91,2.14,0.0
20230929:1710,0.0,0.0,0.0,18.83,2.34,0.0
20230929:1810,0.0,0.0,0.0,17.39,2.41,0.0
20230929:1910,0.0,0.0,0.0,16.26,2.48,0.0
20230929:2010,0.0,0.0,0.0,15.43,2.48,0.0
20230929:2110,0.0,0.0,0.0,14.65,2.48,0.0
20230929:2210,0.0,0.0,0.0,14.02,2.41,0.0
20230929:2310,0.0,0.0,0.0,13.46,2.41,0.0
20230930:0010,0.0,0.0,0.0,12.97,2.41,0.0
20230930:0110,0.0,0.0,0.0,12.55,2.34,0.0
20230930:0210,0.0,0.0,0.0,12.13,2.34,0.0
20230930:0310,0.0,0.0,0.0,11.78,2.28,0.0
20230930:0410,0.0,0.0,0.0,11.42,2.21,0.0
20230930:0510,88.6,124.19,8.33,11.44,2.0,0.0
20230930:0610,255.32,304.45,17.21,14.15,1.52,0.0
20230930:0710,525.21,622.55,25.1,17.34,2.07,0.0
20230930:0810,656.87,797.56,31.41,19.78,2.28,0.0
20230930:0910,725.97,897.25,35.45,21.72,2.55,0.0
20230930:1010,749.49,929.22,36.65,22.99,3.1,0.0
20230930:1110,690.48,848.0,34.79,23.69,3.52,0.0
20230930:1210,542.7,657.77,30.2,23.92,3.45,0.0
20230930:1310,467.58,565.28,23.49,23.83,3.31,0.0
20230930:1410,273.25,340.03,15.33,23.46,3.03,0.0
20230930:1510,46.12,77.31,6.31,22.13,2.28,0.0
20230930:1610,0.0,0.0,0.0,20.52,2.41,0.0
20230930:1710,0.0,0.0,0.0,19.07,2.62,0.0
20230930:1810,0.0,0.0,0.0,18.31,2.83,0.0
20230930:1910,0.0,0.0,0.0,17.33,3.03,0.0
20230930:2010,0.0,0.0,0.0,16.73,2.83,0.0
20230930:2110,0.0,0.0,0.0,16.31,2.62,0.0
20230930:2210,0.0,0.0,0.0,16.31,2.83,0.0
20230930:2310,0.0,0.0,0.0,16.17,3.45,0.0
20231001:0010,0.0,0.0,0.0,15.59,4.28,0.0
20231001:0110,0.0,0.0,0.0,14.88,4.14,0.0
20231001:0210,0.0,0.0,0.0,14.1,3.66,0.0
20231001:0310,0.0,0.0,0.0,13.54,3.45,0.0
20231001:0410,0.0,0.0,0.0,12.59,3.17,0.0
20231001:0510,107.81,149.31,8.08,12.02,2.76,0.0
20231001:0610,153.7,188.08,16.94,12.64,2.9,0.0
20231001:0710,346.0,398.47,24.8,14.08,4.21,0.0
20231001:0810,455.67,525.01,31.07,15.13,4.21,0.0
20231001:0910,605.76,704.27,35.08,15.98,4.41,0.0
20231001:1010,395.12,459.15,36.26,16.44,4.55,0.0
20231001:1110,457.28,530.85,34.4,16.94,4.69,0.0
20231001:1210,224.89,269.38,29.81,17.18,4.69,0.0
20231001:1310,337.08,393.78,23.11,17.19,4.62,0.0
20231001:1410,86.02,115.48,14.97,17.07,4.21,0.0
20231001:1510,10.75,24.21,5.95,16.53,3.24,0.0
20231001:1610,0.0,0.0,0.0,15.94,3.03,0.0
20231001:1710,0.0,0.0,0.0,14.83,2.69,0.0
20231001:1810,0.0,0.0,0.0,14.43,2.55,0.0
20231001:1910,0.0,0.0,0.0,13.77,2.69,0.0
20231001:2010,0.0,0.0,0.0,13.32,2.55,0.0
20231001:2110,0.0,0.0,0.0,12.79,2.55,0.0
20231001:2210,0.0,0.0,0.0,12.54,2.55,0.0
20231001:2310,0.0,0.0,0.0,12.49,2.55,0.0
20231002:0010,0.0,0.0,0.0,12.28,2.48,0.0
20231002:0110,0.0,0.0,0.0,12.16,2.55,0.0
20231002:0210,0.0,0.0,0.0,11.92,2.62,0.0
20231002:0310,0.0,0.0,0.0,12.24,2.55,0.0
20231002:0410,0.0,0.0,0.0,12.43,2.48,0.0
20231002:0510,64.28,93.92,7.82,12.38,2.34,0.0
20231002:0610,244.5,289.76,16.66,13.13,2.28,0.0
20231002:0710,434.38,497.4,24.5,13.1,3.45,0.0
20231002:0810,619.27,717.07,30.74,14.16,3.66,0.0
20231002:0910,715.01,837.8,34.72,15.53,4.21,0.0
20231002:1010,757.17,891.19,35.87,16.58,4.83,0.0
20231002:1110,618.88,723.04,34.0,17.04,4.55,0.0
20231002:1210,355.6,415.53,29.42,17.27,4.21,0.0
20231002:1310,227.05,272.0,22.73,17.23,3.66,0.0
20231002:1410,120.05,154.66,14.61,17.23,3.03,0.0
20231002:1510,25.68,47.0,5.6,16.69,1.86,0.0
20231002:1610,0.0,0.0,0.0,15.8,1.66,0.0
20231002:1710,0.0,0.0,0.0,15.18,1.52,0.0
20231002:1810,0.0,0.0,0.0,14.86,1.59,0.0
20231002:1910,0.0,0.0,0.0,13.65,1.93,0.0
20231002:2010,0.0,0.0,0.0,13.25,1.86,0.0
20231002:2110,0.0,0.0,0.0,13.08,2.0,0.0
20231002:2210,0.0,0.0,0.0,13.04,2.21,0.0
20231002:2310,0.0,0.0,0.0,12.98,2.34,0.0
20231003:0010,0.0,0.0,0.0,13.01,2.48,0.0
20231003:0110,0.0,0.0,0.0,12.99,2.62,0.0
20231003:0210,0.0,0.0,0.0,12.76,2.69,0.0
20231003:0310,0.0,0.0,0.0,12.28,2.76,0.0
20231003:0410,0.0,0.0,0.0,12.07,2.76,0.0
20231003:0510,69.21,100.31,7.56,11.97,2.83,0.0
20231003:0610,311.81,365.82,16.39,13.55,2.76,0.0
20231003:0710,509.5,587.84,24.19,14.77,3.59,0.0
20231003:0810,656.24,769.79,30.4,16.65,3.86,0.0
20231003:0910,700.5,832.28,34.35,18.35,4.07,0.0
20231003:1010,752.98,904.61,35.48,19.6,4.21,0.0
20231003:1110,708.89,848.79,33.61,20.49,4.48,0.0
20231003:1210,563.04,666.74,29.03,21.12,4.76,0.0
20231003:1310,455.86,539.91,22.36,21.3,4.55,0.0
20231003:1410,248.25,305.77,14.24,20.97,4.28,0.0
20231003:1510,37.46,66.63,5.24,20.05,3.66,0.0
20231003:1610,0.0,0.0,0.0,18.53,3.66,0.0
20231003:1710,0.0,0.0,0.0,17.53,3.79,0.0
20231003:1810,0.0,0.0,0.0,16.85,4.14,0.0
20231003:1910,0.0,0.0,0.0,16.15,4.07,0.0
20231003:2010,0.0,0.0,0.0,15.68,4.21,0.0
20231003:2110,0.0,0.0,0.0,15.25,4.28,0.0
20231003:2210,0.0,0.0,0.0,14.83,4.28,0.0
20231003:2310,0.0,0.0,0.0,14.5,4.34,0.0
20231004:0010,0.0,0.0,0.0,14.41,4.55,0.0
20231004:0110,0.0,0.0,0.0,14.56,4.76,0.0
20231004:0210,0.0,0.0,0.0,14.72,4.9,0.0
20231004:0310,0.0,0.0,0.0,15.01,5.1,0.0
20231004:0410,0.0,0.0,0.0,15.65,5.31,0.0
20231004:0510,14.02,28.69,7.3,15.64,5.24,0.0
20231004:0610,12.7,26.9,16.11,15.97,4.9,0.0
20231004:0710,86.78,115.88,23.89,17.0,6.0,0.0
20231004:0810,375.81,435.01,30.07,17.03,6.07,0.0
20231004:0910,507.05,586.24,33.98,17.36,5.93,0.0
20231004:1010,528.65,614.12,35.09,17.98,5.72,0.0
20231004:1110,326.38,382.82,33.21,18.4,6.14,0.0
20231004:1210,111.47,144.55,28.64,18.4,6.0,0.0
20231004:1310,323.81,379.3,21.98,18.11,5.52,0.0
20231004:1410,160.05,199.97,13.88,17.57,5.03,0.0
20231004:1510,15.36,32.29,4.89,16.68,4.41,0.0
20231004:1610,0.0,0.0,0.0,15.69,3.86,0.0
20231004:1710,0.0,0.0,0.0,14.94,3.59,0.0
20231004:1810,0.0,0.0,0.0,14.55,3.72,0.0
20231004:1910,0.0,0.0,0.0,13.71,3.38,0.0
20231004:2010,0.0,0.0,0.0,13.08,3.38,0.0
20231004:2110,0.0,0.0,0.0,12.72,3.45,0.0
20231004:2210,0.0,0.0,0.0,12.19,3.45,0.0
20231004:2310,0.0,0.0,0.0,11.6,3.31,0.0
20231005:0010,0.0,0.0,0.0,11.09,3.17,0.0
20231005:0110,0.0,0.0,0.0,10.64,3.1,0.0
20231005:0210,0.0,0.0,0.0,10.18,2.97,0.0
20231005:0310,0.0,0.0,0.0,9.71,2.76,0.0
20231005:0410,0.0,0.0,0.0,9.35,2.62,0.0
20231005:0510,16.92,32.18,7.04,9.51,2.69,0.0
20231005:0610,88.15,114.78,15.83,10.73,2.76,0.0
20231005:0710,190.48,225.9,23.59,11.53,3.45,0.0
20231005:0810,237.97,279.06,29.73,13.0,3.93,0.0
20231005:0910,743.02,866.73,33.61,14.82,4.55,0.0
20231005:1010,731.52,855.46,34.7,16.27,5.1,0.0
20231005:1110,491.54,568.82,32.82,17.29,5.59,0.0
20231005:1210,299.21,350.88,28.26,17.65,5.93,0.0
20231005:1310,359.18,417.79,21.61,17.62,5.79,0.0
20231005:1410,138.97,175.96,13.53,17.35,5.1,0.0
20231005:1510,5.96,17.03,4.54,16.76,4.28,0.0
20231005:1610,0.0,0.0,0.0,16.0,4.14,0.0
20231005:1710,0.0,0.0,0.0,15.44,4.28,0.0
20231005:1810,0.0,0.0,0.0,15.15,4.55,0.0
20231005:1910,0.0,0.0,0.0,14.73,4.28,0.0
20231005:2010,0.0,0.0,0.0,14.11,4.41,0.0
20231005:2110,0.0,0.0,0.0,13.7,4.62,0.0
20231005:2210,0.0,0.0,0.0,12.76,4.69,0.0
20231005:2310,0.0,0.0,0.0,12.21,4.9,0.0
20231006:0010,0.0,0.0,0.0,11.6,4.9,0.0
20231006:0110,0.0,0.0,0.0,11.16,4.83,0.0
20231006:0210,0.0,0.0,0.0,10.8,4.97,0.0
20231006:0310,0.0,0.0,0.0,10.33,4.69,0.0
20231006:0410,0.0,0.0,0.0,10.09,4.34,0.0
20231006:0510,95.41,132.81,6.78,9.95,4.07,0.0
20231006:0610,215.2,252.23,15.55,10.5,4.9,0.0
20231006:0710,386.61,437.17,23.28,11.51,4.9,0.0
20231006:0810,434.18,491.43,29.39,12.47,5.38,0.0
20231006:0910,612.78,697.97,33.25,13.38,5.66,0.0
20231006:1010,669.64,770.5,34.32,14.36,5.38,0.0
20231006:1110,502.66,576.55,32.43,14.9,5.03,0.0
20231006:1210,423.05,486.2,27.87,15.32,4.9,0.0
20231006:1310,297.57,346.33,21.24,15.31,4.69,0.0
20231006:1410,199.15,242.34,13.17,15.1,4.34,0.0
20231006:1510,33.44,61.17,4.2,14.56,3.17,0.0
20231006:1610,0.0,0.0,0.0,13.09,2.62,0.0
20231006:1710,0.0,0.0,0.0,12.26,2.62,0.0
20231006:1810,0.0,0.0,0.0,11.98,2.69,0.0
20231006:1910,0.0,0.0,0.0,11.73,2.83,0.0
20231006:2010,0.0,0.0,0.0,11.37,3.03,0.0
20231006:2110,0.0,0.0,0.0,10.92,3.45,0.0
20231006:2210,0.0,0.0,0.0,10.85,3.93,0.0
20231006:2310,0.0,0.0,0.0,10.95,4.41,0.0
20231007:0010,0.0,0.0,0.0,11.17,4.9,0.0
20231007:0110,0.0,0.0,0.0,11.68,5.38,0.0
20231007:0210,0.0,0.0,0.0,11.51,5.72,0.0
20231007:0310,0.0,0.0,0.0,11.56,6.48,0.0
20231007:0410,0.0,0.0,0.0,11.64,6.97,0.0
20231007:0510,6.13,17.03,6.52,12.2,7.1,0.0
20231007:0610,49.74,72.16,15.27,13.29,7.38,0.0
20231007:0710,101.74,131.02,22.97,14.36,7.79,0.0
20231007:0810,134.44,167.91,29.06,15.52,7.24,0.0
20231007:0910,97.56,127.31,32.88,15.8,8.0,0.0
20231007:1010,302.41,350.52,33.93,16.03,8.9,0.0
20231007:1110,166.79,204.02,32.04,16.54,8.34,0.0
20231007:1210,188.06,227.22,27.49,17.03,8.28,0.0
20231007:1310,50.66,74.41,20.87,17.3,8.0,0.0
20231007:1410,8.26,20.62,12.81,17.36,8.62,0.0
20231007:1510,0.0,3.59,3.85,17.08,7.93,0.0
20231007:1610,0.0,0.0,0.0,16.14,7.38,0.0
20231007:1710,0.0,0.0,0.0,15.6,6.55,0.0
20231007:1810,0.0,0.0,0.0,14.64,5.86,0.0
20231007:1910,0.0,0.0,0.0,14.24,5.45,0.0
20231007:2010,0.0,0.0,0.0,13.59,4.97,0.0
20231007:2110,0.0,0.0,0.0,12.94,4.69,0.0
20231007:2210,0.0,0.0,0.0,12.32,4.41,0.0
20231007:2310,0.0,0.0,0.0,11.71,4.28,0.0
20231008:0010,0.0,0.0,0.0,11.11,4.14,0.0
20231008:0110,0.0,0.0,0.0,10.41,4.07,0.0
20231008:0210,0.0,0.0,0.0,9.71,4.34,0.0
20231008:0310,0.0,0.0,0.0,8.96,4.55,0.0
20231008:0410,0.0,0.0,0.0,8.35,4.07,0.0
20231008:0510,26.7,45.26,6.26,8.23,3.93,0.0
20231008:0610,25.96,43.03,14.99,8.32,4.21,0.0
20231008:0710,193.39,225.22,22.67,8.01,3.93,0.0
20231008:0810,376.43,419.8,28.72,8.59,5.52,0.0
20231008:0910,755.29,852.27,32.52,9.56,5.52,0.0
20231008:1010,652.7,732.21,33.55,10.34,6.14,0.0
20231008:1110,711.92,799.46,31.65,11.0,6.97,0.0
20231008:1210,552.34,615.4,27.11,11.37,7.72,0.0
20231008:1310,311.74,352.31,20.51,11.05,8.14,0.0
20231008:1410,201.73,239.26,12.46,10.61,8.55,0.0
20231008:1510,4.51,14.34,3.51,9.9,7.45,0.0
20231008:1610,0.0,0.0,0.0,9.1,7.31,0.0
20231008:1710,0.0,0.0,0.0,8.55,7.45,0.0
20231008:1810,0.0,0.0,0.0,8.11,7.52,0.0
20231008:1910,0.0,0.0,0.0,7.17,6.28,0.0
20231008:2010,0.0,0.0,0.0,6.87,6.34,0.0
20231008:2110,0.0,0.0,0.0,6.59,6.48,0.0
20231008:2210,0.0,0.0,0.0,6.22,6.41,0.0
20231008:2310,0.0,0.0,0.0,5.88,6.28,0.0
20231009:0010,0.0,0.0,0.0,5.64,5.93,0.0
20231009:0110,0.0,0.0,0.0,5.51,5.52,0.0
20231009:0210,0.0,0.0,0.0,5.09,5.03,0.0
20231009:0310,0.0,0.0,0.0,4.72,4.69,0.0
20231009:0410,0.0,0.0,0.0,4.26,4.28,0.0
20231009:0510,64.86,92.67,6.0,3.99,3.86,0.0
20231009:0610,174.21,203.33,14.71,4.79,3.59,0.0
20231009:0710,160.03,188.17,22.36,5.83,4.34,0.0
20231009:0810,143.1,171.72,28.38,7.0,4.41,0.0
20231009:0910,691.59,779.65,32.15,8.17,4.14,0.0
20231009:1010,637.99,720.65,33.16,9.17,4.07,0.0
20231009:1110,404.66,454.83,31.26,9.97,4.83,0.0
20231009:1210,130.34,160.11,26.73,10.19,4.9,0.0
20231009:1310,97.85,124.64,20.14,9.84,4.55,0.0
20231009:1410,28.02,45.72,12.11,9.45,4.48,0.0
20231009:1510,0.64,7.17,3.17,8.97,3.79,0.0
20231009:1610,0.0,0.0,0.0,8.27,3.1,0.0
20231009:1710,0.0,0.0,0.0,7.25,2.76,0.0
20231009:1810,0.0,0.0,0.0,6.14,2.76,0.0
20231009:1910,0.0,0.0,0.0,5.61,2.97,0.0
20231009:2010,0.0,0.0,0.0,5.46,2.76,0.0
20231009:2110,0.0,0.0,0.0,5.38,2.55,0.0
20231009:2210,0.0,0.0,0.0,5.21,2.62,0.0
20231009:2310,0.0,0.0,0.0,5.23,2.55,0.0
20231010:0010,0.0,0.0,0.0,5.19,2.41,0.0
20231010:0110,0.0,0.0,0.0,5.1,2.41,0.0
20231010:0210,0.0,0.0,0.0,4.79,2.48,0.0
20231010:0310,0.0,0.0,0.0,5.06,2.48,0.0
20231010:0410,0.0,0.0,0.0,4.95,2.55,0.0
20231010:0510,67.78,96.87,5.74,4.67,2.48,0.0
20231010:0610,340.78,385.03,14.43,5.56,2.55,0.0
20231010:0710,562.76,625.54,22.06,5.81,3.1,0.0
20231010:0810,698.14,787.26,28.04,6.75,3.17,0.0
20231010:0910,786.56,901.12,31.79,7.83,3.24,0.0
20231010:1010,784.67,900.77,32.78,8.76,3.52,0.0
20231010:1110,407.57,458.84,30.88,9.15,3.52,0.0
20231010:1210,81.29,106.69,26.36,9.65,3.24,0.0
20231010:1310,80.03,105.35,19.78,9.74,2.69,0.0
20231010:1410,61.99,85.45,11.76,9.54,2.34,0.0
20231010:1510,8.18,21.92,2.83,9.16,1.79,0.0
20231010:1610,0.0,0.0,0.0,8.37,1.79,0.0
20231010:1710,0.0,0.0,0.0,7.77,1.86,0.0
20231010:1810,0.0,0.0,0.0,7.17,1.93,0.0
20231010:1910,0.0,0.0,0.0,6.65,2.0,0.0
20231010:2010,0.0,0.0,0.0,5.85,2.21,0.0
20231010:2110,0.0,0.0,0.0,5.5,2.28,0.0
20231010:2210,0.0,0.0,0.0,4.7,2.41,0.0
20231010:2310,0.0,0.0,0.0,4.22,2.34,0.0
20231011:0010,0.0,0.0,0.0,3.84,2.55,0.0
20231011:0110,0.0,0.0,0.0,3.75,2.83,0.0
20231011:0210,0.0,0.0,0.0,3.71,3.1,0.0
20231011:0310,0.0,0.0,0.0,3.84,3.31,0.0
20231011:0410,0.0,0.0,0.0,3.95,3.38,0.0
20231011:0510,2.02,9.86,5.48,4.52,3.72,0.0
20231011:0610,5.77,16.14,14.15,5.95,3.72,0.0
20231011:0710,46.96,67.24,21.75,6.59,4.28,0.0
20231011:0810,101.82,128.2,27.71,8.03,4.62,0.0
20231011:0910,153.05,184.27,31.42,9.6,4.76,0.0
20231011:1010,524.98,591.07,32.4,10.83,4.9,0.0
20231011:1110,101.71,130.0,30.49,11.68,4.9,0.0
20231011:1210,61.29,85.17,25.98,12.23,4.9,0.0
20231011:1310,125.72,156.15,19.42,12.41,4.9,0.0
20231011:1410,120.1,151.97,11.42,12.65,5.17,0.0
20231011:1510,4.42,15.47,2.49,12.59,5.24,0.0
20231011:1610,0.0,0.0,0.0,12.23,5.17,0.0
20231011:1710,0.0,0.0,0.0,11.82,5.17,0.0
20231011:1810,0.0,0.0,0.0,11.81,5.24,0.0
20231011:1910,0.0,0.0,0.0,11.99,5.03,0.0
20231011:2010,0.0,0.0,0.0,12.1,5.03,0.0
20231011:2110,0.0,0.0,0.0,12.02,5.03,0.0
20231011:2210,0.0,0.0,0.0,11.9,5.1,0.0
20231011:2310,0.0,0.0,0.0,11.94,5.17,0.0
20231012:0010,0.0,0.0,0.0,12.1,5.24,0.0
20231012:0110,0.0,0.0,0.0,12.25,5.31,0.0
20231012:0210,0.0,0.0,0.0,12.36,5.31,0.0
20231012:0310,0.0,0.0,0.0,12.44,5.31,0.0
20231012:0410,0.0,0.0,0.0,12.52,5.31,0.0
20231012:0510,26.03,45.84,5.21,12.68,5.24,0.0
20231012:0610,256.69,301.26,13.87,13.63,5.38,0.0
20231012:0710,405.94,466.33,21.44,15.39,4.9,0.0
20231012:0810,278.73,326.81,27.37,16.93,5.93,0.0
20231012:0910,255.22,303.19,31.06,18.24,6.21,0.0
20231012:1010,666.28,780.71,32.02,19.77,6.62,0.0
20231012:1110,587.58,688.13,30.11,20.47,6.48,0.0
20231012:1210,389.25,456.98,25.61,20.92,6.41,0.0
20231012:1310,441.72,519.0,19.06,20.88,5.93,0.0
20231012:1410,54.25,79.92,11.07,20.22,5.52,0.0
20231012:1510,0.2,6.28,2.16,19.14,4.9,0.0
20231012:1610,0.0,0.0,0.0,18.26,4.28,0.0
20231012:1710,0.0,0.0,0.0,17.4,3.66,0.0
20231012:1810,0.0,0.0,0.0,16.3,3.38,0.0
20231012:1910,0.0,0.0,0.0,15.75,3.38,0.0
20231012:2010,0.0,0.0,0.0,14.94,3.45,0.0
20231012:2110,0.0,0.0,0.0,14.65,3.45,0.0
20231012:2210,0.0,0.0,0.0,14.29,3.38,0.0
20231012:2310,0.0,0.0,0.0,13.96,3.24,0.0
20231013:0010,0.0,0.0,0.0,13.57,2.9,0.0
20231013:0110,0.0,0.0,0.0,13.13,2.69,0.0
20231013:0210,0.0,0.0,0.0,12.71,2.55,0.0
20231013:0310,0.0,0.0,0.0,12.35,2.28,0.0
20231013:0410,0.0,0.0,0.0,11.53,1.86,0.0
20231013:0510,18.81,35.8,4.95,11.0,1.59,0.0
20231013:0610,167.41,203.35,13.59,11.7,1.17,0.0
20231013:0710,362.6,421.0,21.13,12.6,1.1,0.0
20231013:0810,640.6,761.87,27.04,13.36,1.17,0.0
20231013:0910,729.8,875.73,30.7,14.67,1.93,0.0
20231013:1010,638.17,753.24,31.64,15.89,2.83,0.0
20231013:1110,655.19,776.06,29.73,16.56,2.9,0.0
20231013:1210,110.37,142.96,25.24,17.15,2.83,0.0
20231013:1310,318.28,375.82,18.71,17.2,2.41,0.0
20231013:1410,186.41,232.87,10.73,17.13,1.72,0.0
20231013:1510,0.21,6.28,1.83,16.63,1.86,0.0
20231013:1610,0.0,0.0,0.0,15.75,2.28,0.0
20231013:1710,0.0,0.0,0.0,14.95,2.83,0.0
20231013:1810,0.0,0.0,0.0,14.46,3.38,0.0
20231013:1910,0.0,0.0,0.0,14.78,3.72,0.0
20231013:2010,0.0,0.0,0.0,15.09,4.34,0.0
20231013:2110,0.0,0.0,0.0,14.91,4.55,0.0
20231013:2210,0.0,0.0,0.0,14.64,4.21,0.0
20231013:2310,0.0,0.0,0.0,14.33,3.93,0.0
20231014:0010,0.0,0.0,0.0,14.32,4.0,0.0
20231014:0110,0.0,0.0,0.0,14.2,4.07,0.0
20231014:0210,0.0,0.0,0.0,14.05,4.07,0.0
20231014:0310,0.0,0.0,0.0,13.89,4.07,0.0
20231014:0410,0.0,0.0,0.0,13.7,4.14,0.0
20231014:0510,13.03,28.02,4.69,13.64,4.21,0.0
20231014:0610,44.26,66.22,13.31,14.67,4.34,0.0
20231014:0710,155.18,191.09,20.83,16.31,4.34,0.0
20231014:0810,195.1,236.97,26.7,18.29,5.17,0.0
20231014:0910,609.95,716.44,30.34,19.91,5.59,0.0
20231014:1010,581.12,685.47,31.27,21.26,5.86,0.0
20231014:1110,652.5,775.41,29.36,22.23,5.93,0.0
20231014:1210,451.05,533.91,24.87,22.71,5.66,0.0
20231014:1310,377.39,449.62,18.36,22.83,5.31,0.0
20231014:1410,172.67,220.36,10.39,22.21,4.97,0.0
20231014:1510,0.0,1.79,1.5,21.05,4.62,0.0
20231014:1610,0.0,0.0,0.0,19.68,4.28,0.0
20231014:1710,0.0,0.0,0.0,18.49,4.07,0.0
20231014:1810,0.0,0.0,0.0,17.6,3.93,0.0
20231014:1910,0.0,0.0,0.0,17.14,3.93,0.0
20231014:2010,0.0,0.0,0.0,16.63,4.0,0.0
20231014:2110,0.0,0.0,0.0,16.19,3.93,0.0
20231014:2210,0.0,0.0,0.0,15.91,3.72,0.0
20231014:2310,0.0,0.0,0.0,15.75,3.45,0.0
20231015:0010,0.0,0.0,0.0,15.49,3.24,0.0
20231015:0110,0.0,0.0,0.0,15.27,3.24,0.0
20231015:0210,0.0,0.0,0.0,14.9,3.93,0.0
20231015:0310,0.0,0.0,0.0,13.99,4.41,0.0
20231015:0410,0.0,0.0,0.0,13.16,4.0,0.0
20231015:0510,10.25,23.63,4.42,12.49,3.45,0.0
20231015:0610,19.09,34.96,13.02,11.83,3.31,0.0
20231015:0710,48.18,69.93,20.52,11.27,3.59,0.0
20231015:0810,82.31,108.48,26.37,11.19,3.45,0.0
20231015:0910,21.93,38.55,29.98,11.55,3.1,0.0
20231015:1010,29.86,48.41,30.9,11.84,3.1,0.0
20231015:1110,55.04,78.0,28.98,11.87,3.38,0.0
20231015:1210,16.35,31.38,24.51,11.68,3.38,0.0
20231015:1310,30.65,49.31,18.01,11.48,2.97,0.0
20231015:1410,3.4,12.55,10.06,11.09,2.34,0.0
20231015:1510,0.0,0.0,0.0,10.83,2.62,0.0
20231015:1610,0.0,0.0,0.0,10.32,2.76,0.0
20231015:1710,0.0,0.0,0.0,10.04,2.69,0.0
20231015:1810,0.0,0.0,0.0,9.77,2.9,0.0
20231015:1910,0.0,0.0,0.0,8.96,3.03,0.0
20231015:2010,0.0,0.0,0.0,8.61,3.59,0.0
20231015:2110,0.0,0.0,0.0,8.18,3.59,0.0
20231015:2210,0.0,0.0,0.0,7.84,3.31,0.0
20231015:2310,0.0,0.0,0.0,7.63,3.03,0.0
20231016:0010,0.0,0.0,0.0,7.39,3.17,0.0
20231016:0110,0.0,0.0,0.0,7.06,3.45,0.0
20231016:0210,0.0,0.0,0.0,6.75,3.72,0.0
20231016:0310,0.0,0.0,0.0,6.54,3.93,0.0
20231016:0410,0.0,0.0,0.0,5.89,4.14,0.0
20231016:0510,46.8,72.82,4.16,5.25,4.34,0.0
20231016:0610,100.53,125.55,12.74,5.71,4.21,0.0
20231016:0710,147.83,175.07,20.21,6.26,6.28,0.0
20231016:0810,64.58,86.96,26.03,6.93,6.14,0.0
20231016:0910,34.31,52.89,29.62,7.77,5.52,0.0
20231016:1010,40.31,60.07,30.52,8.55,5.45,0.0
20231016:1110,50.28,71.72,28.61,9.37,5.66,0.0
20231016:1210,16.54,31.38,24.15,9.65,5.86,0.0
20231016:1310,54.3,76.2,17.66,9.2,6.55,0.0
20231016:1410,2.45,10.76,9.73,8.47,6.07,0.0
20231016:1510,0.0,0.0,0.0,7.77,5.17,0.0
20231016:1610,0.0,0.0,0.0,7.29,4.83,0.0
20231016:1710,0.0,0.0,0.0,6.87,5.03,0.0
20231016:1810,0.0,0.0,0.0,6.62,4.76,0.0
20231016:1910,0.0,0.0,0.0,5.9,4.76,0.0
20231016:2010,0.0,0.0,0.0,5.8,4.83,0.0
20231016:2110,0.0,0.0,0.0,5.84,4.76,0.0
20231016:2210,0.0,0.0,0.0,5.8,4.48,0.0
20231016:2310,0.0,0.0,0.0,5.71,4.34,0.0
20231017:0010,0.0,0.0,0.0,5.49,4.0,0.0
20231017:0110,0.0,0.0,0.0,5.29,3.72,0.0
20231017:0210,0.0,0.0,0.0,4.97,3.38,0.0
20231017:0310,0.0,0.0,0.0,4.74,3.03,0.0
20231017:0410,0.0,0.0,0.0,4.76,2.9,0.0
20231017:0510,20.87,38.42,3.89,4.53,2.76,0.0
20231017:0610,278.59,315.98,12.46,5.06,2.76,0.0
20231017:0710,256.28,288.66,19.91,5.68,3.59,0.0
20231017:0810,606.78,673.93,25.7,6.51,3.93,0.0
20231017:0910,760.76,860.74,29.26,7.51,3.93,0.0
20231017:1010,630.26,708.33,30.15,8.38,4.0,0.0
20231017:1110,429.23,480.73,28.24,9.05,4.07,0.0
20231017:1210,252.74,289.33,23.79,9.15,3.86,0.0
20231017:1310,302.77,343.27,17.32,9.18,3.79,0.0
20231017:1410,107.45,136.57,9.4,9.02,3.24,0.0
20231017:1510,0.0,0.0,0.0,8.63,2.48,0.0
20231017:1610,0.0,0.0,0.0,7.62,2.07,0.0
20231017:1710,0.0,0.0,0.0,6.87,2.07,0.0
20231017:1810,0.0,0.0,0.0,6.21,2.14,0.0
20231017:1910,0.0,0.0,0.0,5.23,2.41,0.0
20231017:2010,0.0,0.0,0.0,5.16,2.28,0.0
20231017:2110,0.0,0.0,0.0,5.17,2.21,0.0
20231017:2210,0.0,0.0,0.0,5.25,2.21,0.0
20231017:2310,0.0,0.0,0.0,5.28,2.21,0.0
20231018:0010,0.0,0.0,0.0,5.26,2.21,0.0
20231018:0110,0.0,0.0,0.0,5.27,2.28,0.0
20231018:0210,0.0,0.0,0.0,5.38,2.34,0.0
20231018:0310,0.0,0.0,0.0,5.34,2.48,0.0
20231018:0410,0.0,0.0,0.0,5.25,2.62,0.0
20231018:0510,4.65,14.34,3.63,4.95,2.76,0.0
20231018:0610,79.81,103.38,12.18,5.68,2.62,0.0
20231018:0710,240.4,272.44,19.6,5.85,3.17,0.0
20231018:0810,420.59,467.02,25.37,6.78,3.52,0.0
20231018:0910,754.73,856.47,28.91,7.83,3.72,0.0
20231018:1010,770.95,873.93,29.79,8.86,4.62,0.0
20231018:1110,470.03,524.01,27.87,9.28,5.1,0.0
20231018:1210,70.21,94.14,23.43,9.39,5.24,0.0
20231018:1310,261.73,298.22,16.98,9.32,5.1,0.0
20231018:1410,159.14,193.76,9.07,9.12,4.48,0.0
20231018:1510,0.0,0.0,0.0,8.71,4.0,0.0
20231018:1610,0.0,0.0,0.0,7.87,3.72,0.0
20231018:1710,0.0,0.0,0.0,7.16,3.52,0.0
20231018:1810,0.0,0.0,0.0,6.53,3.45,0.0
20231018:1910,0.0,0.0,0.0,5.49,2.76,0.0
20231018:2010,0.0,0.0,0.0,4.92,2.83,0.0
20231018:2110,0.0,0.0,0.0,4.82,2.76,0.0
20231018:2210,0.0,0.0,0.0,4.47,2.69,0.0
20231018:2310,0.0,0.0,0.0,4.16,2.55,0.0
20231019:0010,0.0,0.0,0.0,3.87,2.34,0.0
20231019:0110,0.0,0.0,0.0,3.33,2.28,0.0
20231019:0210,0.0,0.0,0.0,2.9,2.28,0.0
20231019:0310,0.0,0.0,0.0,2.66,2.28,0.0
20231019:0410,0.0,0.0,0.0,2.2,2.21,0.0
20231019:0510,3.09,11.65,3.36,1.95,2.07,0.0
20231019:0610,211.52,242.4,11.89,2.91,1.72,0.0
20231019:0710,348.83,387.59,19.3,4.47,2.0,0.0
20231019:0810,487.56,546.15,25.04,6.69,2.14,0.0
20231019:0910,672.91,768.81,28.56,8.54,2.62,0.0
20231019:1010,738.43,852.21,29.42,9.97,3.03,0.0
20231019:1110,673.09,773.13,27.51,10.85,3.17,0.0
20231019:1210,115.45,144.77,23.08,11.3,3.38,0.0
20231019:1310,117.04,146.04,16.64,11.24,3.59,0.0
20231019:1410,2.41,10.76,8.75,10.6,3.1,0.0
20231019:1510,0.0,0.0,0.0,10.12,3.31,0.0
20231019:1610,0.0,0.0,0.0,9.65,3.38,0.0
20231019:1710,0.0,0.0,0.0,9.03,3.17,0.0
20231019:1810,0.0,0.0,0.0,8.25,2.9,0.0
20231019:1910,0.0,0.0,0.0,8.2,2.76,0.0
20231019:2010,0.0,0.0,0.0,8.18,2.62,0.0
20231019:2110,0.0,0.0,0.0,8.21,2.48,0.0
20231019:2210,0.0,0.0,0.0,8.28,2.48,0.0
20231019:2310,0.0,0.0,0.0,8.4,2.41,0.0
20231020:0010,0.0,0.0,0.0,8.51,2.34,0.0
20231020:0110,0.0,0.0,0.0,8.61,2.28,0.0
20231020:0210,0.0,0.0,0.0,8.76,2.28,0.0
20231020:0310,0.0,0.0,0.0,8.92,2.55,0.0
20231020:0410,0.0,0.0,0.0,9.19,2.41,0.0
20231020:0510,0.0,1.79,3.1,9.46,2.14,0.0
20231020:0610,30.89,49.31,11.61,9.76,1.72,0.0
20231020:0710,74.03,99.14,18.99,10.94,2.21,0.0
20231020:0810,115.76,145.82,24.71,11.93,2.34,0.0
20231020:0910,77.55,104.0,28.21,12.75,2.14,0.0
20231020:1010,51.47,74.41,29.06,13.28,1.86,0.0
20231020:1110,28.77,47.52,27.15,14.07,2.28,0.0
20231020:1210,14.06,28.69,22.73,15.06,2.41,0.0
20231020:1310,12.11,26.0,16.31,15.06,2.28,0.0
20231020:1410,24.07,41.88,8.43,15.06,2.55,0.0
20231020:1510,0.0,0.0,0.0,14.63,2.69,0.0
20231020:1610,0.0,0.0,0.0,14.42,2.76,0.0
20231020:1710,0.0,0.0,0.0,14.45,2.9,0.0
20231020:1810,0.0,0.0,0.0,14.58,2.83,0.0
20231020:1910,0.0,0.0,0.0,14.73,2.83,0.0
20231020:2010,0.0,0.0,0.0,14.74,2.97,0.0
20231020:2110,0.0,0.0,0.0,14.97,2.97,0.0
20231020:2210,0.0,0.0,0.0,14.9,3.24,0.0
20231020:2310,0.0,0.0,0.0,14.8,3.24,0.0
20231021:0010,0.0,0.0,0.0,14.95,3.17,0.0
20231021:0110,0.0,0.0,0.0,14.57,3.17,0.0
20231021:0210,0.0,0.0,0.0,14.48,2.9,0.0
20231021:0310,0.0,0.0,0.0,14.29,2.69,0.0
20231021:0410,0.0,0.0,0.0,13.79,2.69,0.0
20231021:0510,0.0,1.79,2.83,13.38,2.55,0.0
20231021:0610,26.65,44.83,11.33,13.68,2.0,0.0
20231021:0710,111.5,143.61,18.69,16.38,1.52,0.0
20231021:0810,278.29,335.38,24.38,19.15,1.03,0.0
20231021:0910,376.63,455.43,27.86,20.99,1.1,0.0
20231021:1010,242.98,299.26,28.7,22.46,1.45,0.0
20231021:1110,301.09,367.41,26.79,23.45,1.93,0.0
20231021:1210,79.25,110.9,22.39,23.88,2.07,0.0
20231021:1310,51.05,77.05,15.98,23.69,2.21,0.0
20231021:1410,11.61,26.0,8.12,22.43,2.41,0.0
20231021:1510,0.0,0.0,0.0,20.67,2.69,0.0
20231021:1610,0.0,0.0,0.0,19.55,2.9,0.0
20231021:1710,0.0,0.0,0.0,18.75,2.97,0.0
20231021:1810,0.0,0.0,0.0,18.18,2.9,0.0
20231021:1910,0.0,0.0,0.0,16.3,2.83,0.0
20231021:2010,0.0,0.0,0.0,15.64,2.9,0.0
20231021:2110,0.0,0.0,0.0,15.26,3.17,0.0
20231021:2210,0.0,0.0,0.0,15.01,2.97,0.0
20231021:2310,0.0,0.0,0.0,14.59,2.83,0.0
20231022:0010,0.0,0.0,0.0,14.41,2.55,0.0
20231022:0110,0.0,0.0,0.0,13.95,2.34,0.0
20231022:0210,0.0,0.0,0.0,13.96,2.07,0.0
20231022:0310,0.0,0.0,0.0,13.68,1.59,0.0
20231022:0410,0.0,0.0,0.0,13.2,2.0,0.0
20231022:0510,0.0,1.79,2.57,13.16,2.41,0.0
20231022:0610,125.88,158.56,11.05,14.24,2.97,0.0
20231022:0710,46.45,69.03,18.38,15.28,3.17,0.0
20231022:0810,57.59,82.48,24.05,16.49,2.97,0.0
20231022:0910,77.15,105.79,27.51,18.25,3.17,0.0
20231022:1010,55.28,80.69,28.34,19.3,3.03,0.0
20231022:1110,83.61,113.86,26.44,19.19,2.0,0.0
20231022:1210,469.3,558.87,22.05,19.24,1.93,0.0
20231022:1310,166.14,206.39,15.65,19.18,2.21,0.0
20231022:1410,187.14,236.55,7.81,18.93,2.97,0.0
20231022:1510,0.0,0.0,0.0,18.08,3.72,0.0
20231022:1610,0.0,0.0,0.0,17.86,4.83,0.0
20231022:1710,0.0,0.0,0.0,17.59,5.86,0.0
20231022:1810,0.0,0.0,0.0,16.97,6.34,0.0
20231022:1910,0.0,0.0,0.0,15.82,5.59,0.0
20231022:2010,0.0,0.0,0.0,15.27,5.72,0.0
20231022:2110,0.0,0.0,0.0,15.01,6.21,0.0
20231022:2210,0.0,0.0,0.0,14.56,6.48,0.0
20231022:2310,0.0,0.0,0.0,14.11,6.83,0.0
20231023:0010,0.0,0.0,0.0,13.56,6.97,0.0
20231023:0110,0.0,0.0,0.0,12.72,6.48,0.0
20231023:0210,0.0,0.0,0.0,12.11,6.21,0.0
20231023:0310,0.0,0.0,0.0,11.88,6.0,0.0
20231023:0410,0.0,0.0,0.0,11.99,5.86,0.0
20231023:0510,4.33,15.09,2.31,12.18,5.72,0.0
20231023:0610,103.82,132.55,10.77,12.37,5.59,0.0
20231023:0710,124.55,154.67,18.08,12.81,5.86,0.0
20231023:0810,56.37,79.79,23.72,13.09,5.86,0.0
20231023:0910,305.73,351.49,27.17,13.65,5.59,0.0
20231023:1010,128.35,160.43,27.99,14.07,5.72,0.0
20231023:1110,411.81,469.05,26.09,14.36,5.79,0.0
20231023:1210,85.02,112.77,21.71,14.58,5.52,0.0
20231023:1310,33.14,52.89,15.33,14.6,5.1,0.0
20231023:1410,19.52,35.94,7.5,14.35,4.14,0.0
20231023:1510,0.0,0.0,0.0,13.52,3.52,0.0
20231023:1610,0.0,0.0,0.0,12.65,3.03,0.0
20231023:1710,0.0,0.0,0.0,11.8,2.69,0.0
20231023:1810,0.0,0.0,0.0,10.94,2.48,0.0
20231023:1910,0.0,0.0,0.0,10.98,2.28,0.0
20231023:2010,0.0,0.0,0.0,10.85,2.07,0.0
20231023:2110,0.0,0.0,0.0,10.68,1.79,0.0
20231023:2210,0.0,0.0,0.0,10.18,1.79,0.0
20231023:2310,0.0,0.0,0.0,9.9,1.59,0.0
20231024:0010,0.0,0.0,0.0,9.68,1.52,0.0
20231024:0110,0.0,0.0,0.0,9.48,1.66,0.0
20231024:0210,0.0,0.0,0.0,9.33,1.66,0.0
20231024:0310,0.0,0.0,0.0,9.35,1.59,0.0
20231024:0410,0.0,0.0,0.0,9.1,1.79,0.0
20231024:0510,0.0,1.79,2.04,8.66,1.93,0.0
20231024:0610,170.4,204.16,10.49,9.05,1.66,0.0
20231024:0710,277.66,319.03,17.78,10.11,1.93,0.0
20231024:0810,593.35,688.23,23.4,11.61,1.79,0.0
20231024:0910,474.51,550.24,26.82,13.08,1.72,0.0
20231024:1010,451.77,524.53,27.64,13.87,1.93,0.0
20231024:1110,625.17,736.07,25.74,14.69,2.21,0.0
20231024:1210,438.12,509.19,21.37,15.12,2.28,0.0
20231024:1310,265.83,313.01,15.01,15.31,2.62,0.0
20231024:1410,14.07,28.69,7.2,14.81,2.14,0.0
20231024:1510,0.0,0.0,0.0,13.61,2.48,0.0
20231024:1610,0.0,0.0,0.0,12.74,2.69,0.0
20231024:1710,0.0,0.0,0.0,12.69,3.03,0.0
20231024:1810,0.0,0.0,0.0,12.63,3.31,0.0
20231024:1910,0.0,0.0,0.0,12.57,3.59,0.0
20231024:2010,0.0,0.0,0.0,12.67,3.45,0.0
20231024:2110,0.0,0.0,0.0,12.73,3.66,0.0
20231024:2210,0.0,0.0,0.0,12.86,3.86,0.0
20231024:2310,0.0,0.0,0.0,12.81,4.21,0.0
20231025:0010,0.0,0.0,0.0,12.93,4.41,0.0
20231025:0110,0.0,0.0,0.0,12.93,4.48,0.0
20231025:0210,0.0,0.0,0.0,12.6,4.28,0.0
20231025:0310,0.0,0.0,0.0,11.81,3.93,0.0
20231025:0410,0.0,0.0,0.0,11.58,3.93,0.0
20231025:0510,0.0,0.9,1.78,11.51,3.93,0.0
20231025:0610,14.33,28.69,10.21,11.6,3.93,0.0
20231025:0710,11.7,25.1,17.48,11.51,2.9,0.0
20231025:0810,34.29,53.79,23.08,11.93,2.9,0.0
20231025:0910,31.24,50.21,26.48,12.41,2.9,0.0
20231025:1010,46.94,69.03,27.29,13.04,2.48,0.0
20231025:1110,59.24,83.38,25.4,13.42,2.62,0.0
20231025:1210,53.72,77.1,21.04,13.61,2.28,0.0
20231025:1310,11.56,25.1,14.7,13.63,2.14,0.0
20231025:1410,3.35,12.55,6.9,13.58,2.14,0.0
20231025:1510,0.0,0.0,0.0,13.51,2.41,0.0
20231025:1610,0.0,0.0,0.0,13.44,3.17,0.0
20231025:1710,0.0,0.0,0.0,13.24,3.86,0.0
20231025:1810,0.0,0.0,0.0,13.02,4.28,0.0
20231025:1910,0.0,0.0,0.0,12.79,4.97,0.0
20231025:2010,0.0,0.0,0.0,12.34,4.97,0.0
20231025:2110,0.0,0.0,0.0,11.94,4.69,0.0
20231025:2210,0.0,0.0,0.0,11.7,4.48,0.0
20231025:2310,0.0,0.0,0.0,11.52,4.48,0.0
20231026:0010,0.0,0.0,0.0,11.4,4.48,0.0
20231026:0110,0.0,0.0,0.0,11.14,4.21,0.0
20231026:0210,0.0,0.0,0.0,10.86,3.86,0.0
20231026:0310,0.0,0.0,0.0,10.72,3.38,0.0
20231026:0410,0.0,0.0,0.0,10.36,2.83,0.0
20231026:0510,0.0,0.9,1.52,9.98,2.34,0.0
20231026:0610,11.78,25.1,9.93,10.29,2.07,0.0
20231026:0710,35.15,54.69,17.18,11.24,2.28,0.0
20231026:0810,89.04,116.38,22.76,11.91,2.34,0.0
20231026:0910,197.86,235.24,26.14,12.21,2.28,0.0
20231026:1010,276.9,321.61,26.95,12.6,2.62,0.0
20231026:1110,291.48,337.47,25.06,13.44,3.45,0.0
20231026:1210,457.06,525.77,20.71,14.14,3.03,0.0
20231026:1310,61.3,85.93,14.39,14.32,2.14,0.0
20231026:1410,28.66,47.7,6.61,13.92,2.07,0.0
20231026:1510,0.0,0.0,0.0,12.89,1.93,0.0
20231026:1610,0.0,0.0,0.0,12.32,2.07,0.0
20231026:1710,0.0,0.0,0.0,11.82,2.41,0.0
20231026:1810,0.0,0.0,0.0,11.67,2.55,0.0
20231026:1910,0.0,0.0,0.0,11.76,3.38,0.0
20231026:2010,0.0,0.0,0.0,11.62,3.45,0.0
20231026:2110,0.0,0.0,0.0,11.48,3.17,0.0
20231026:2210,0.0,0.0,0.0,11.13,3.17,0.0
20231026:2310,0.0,0.0,0.0,10.71,3.52,0.0
20231027:0010,0.0,0.0,0.0,10.34,3.52,0.0
20231027:0110,0.0,0.0,0.0,10.07,3.24,0.0
20231027:0210,0.0,0.0,0.0,9.79,2.9,0.0
20231027:0310,0.0,0.0,0.0,9.5,2.76,0.0
20231027:0410,0.0,0.0,0.0,9.17,2.69,0.0
20231027:0510,0.0,0.0,0.0,8.89,2.69,0.0
20231027:0610,70.17,94.32,9.65,9.41,2.48,0.0
20231027:0710,102.2,129.83,16.88,10.82,2.48,0.0
20231027:0810,82.63,109.22,22.44,11.93,2.41,0.0
20231027:0910,176.68,213.0,25.81,13.49,3.03,0.0
20231027:1010,390.68,451.02,26.61,14.59,3.17,0.0
20231027:1110,158.75,194.8,24.72,15.29,3.31,0.0
20231027:1210,54.04,78.0,20.39,15.35,2.48,0.0
20231027:1310,22.21,39.45,14.08,15.04,1.66,0.0
20231027:1410,3.84,13.45,6.32,14.58,1.86,0.0
20231027:1510,0.0,0.0,0.0,13.66,2.21,0.0
20231027:1610,0.0,0.0,0.0,13.16,2.55,0.0
20231027:1710,0.0,0.0,0.0,12.99,2.97,0.0
20231027:1810,0.0,0.0,0.0,12.91,3.31,0.0
20231027:1910,0.0,0.0,0.0,13.12,3.52,0.0
20231027:2010,0.0,0.0,0.0,13.21,3.31,0.0
20231027:2110,0.0,0.0,0.0,13.37,3.38,0.0
20231027:2210,0.0,0.0,0.0,13.59,4.0,0.0
20231027:2310,0.0,0.0,0.0,13.73,5.31,0.0
20231028:0010,0.0,0.0,0.0,13.22,6.14,0.0
20231028:0110,0.0,0.0,0.0,11.89,8.76,0.0
20231028:0210,0.0,0.0,0.0,10.53,11.31,0.0
20231028:0310,0.0,0.0,0.0,9.76,9.59,0.0
20231028:0410,0.0,0.0,0.0,9.4,8.0,0.0
20231028:0510,0.0,0.0,0.0,9.04,7.38,0.0
20231028:0610,4.54,14.34,9.37,8.84,7.1,0.0
20231028:0710,34.14,52.89,16.58,8.9,7.45,0.0
20231028:0810,89.98,115.55,22.12,9.1,7.31,0.0
20231028:0910,124.99,153.54,25.48,9.54,6.62,0.0
20231028:1010,138.39,168.42,26.27,10.5,7.1,0.0
20231028:1110,16.44,31.38,24.39,10.83,5.93,0.0
20231028:1210,11.74,25.1,20.07,11.08,6.41,0.0
20231028:1310,13.05,26.9,13.78,11.14,6.0,0.0
20231028:1410,7.96,19.72,6.03,10.96,4.07,0.0
20231028:1510,0.0,0.0,0.0,10.75,3.45,0.0
20231028:1610,0.0,0.0,0.0,10.39,3.17,0.0
20231028:1710,0.0,0.0,0.0,10.29,3.17,0.0
20231028:1810,0.0,0.0,0.0,10.01,3.1,0.0
20231028:1910,0.0,0.0,0.0,8.94,2.83,0.0
20231028:2010,0.0,0.0,0.0,8.91,2.9,0.0
20231028:2110,0.0,0.0,0.0,9.12,2.76,0.0
20231028:2210,0.0,0.0,0.0,9.09,2.76,0.0
20231028:2310,0.0,0.0,0.0,9.08,2.48,0.0
20231029:0010,0.0,0.0,0.0,9.09,2.21,0.0
20231029:0110,0.0,0.0,0.0,8.88,2.34,0.0
20231029:0210,0.0,0.0,0.0,8.84,2.34,0.0
20231029:0310,0.0,0.0,0.0,8.86,2.34,0.0
20231029:0410,0.0,0.0,0.0,8.95,2.55,0.0
20231029:0510,0.0,0.0,0.0,8.91,2.48,0.0
20231029:0610,128.58,158.35,9.09,9.02,2.41,0.0
20231029:0710,389.02,439.26,16.28,9.94,3.03,0.0
20231029:0810,387.18,439.15,21.8,10.85,2.9,0.0
20231029:0910,125.3,156.22,25.15,12.27,3.17,0.0
20231029:1010,717.77,843.94,25.93,13.29,2.62,0.0
20231029:1110,692.77,812.65,24.06,14.05,2.83,0.0
20231029:1210,592.39,685.58,19.76,14.91,3.59,0.0
20231029:1310,316.88,369.2,13.49,15.18,3.24,0.0
20231029:1410,111.29,145.93,5.75,14.63,2.83,0.0
20231029:1510,0.0,0.0,0.0,13.47,2.9,0.0
20231029:1610,0.0,0.0,0.0,13.19,3.38,0.0
20231029:1710,0.0,0.0,0.0,13.14,3.79,0.0
20231029:1810,0.0,0.0,0.0,12.94,4.0,0.0
20231029:1910,0.0,0.0,0.0,12.07,4.0,0.0
20231029:2010,0.0,0.0,0.0,11.66,3.72,0.0
20231029:2110,0.0,0.0,0.0,11.4,3.86,0.0
20231029:2210,0.0,0.0,0.0,11.51,3.93,0.0
20231029:2310,0.0,0.0,0.0,11.49,4.0,0.0
20231030:0010,0.0,0.0,0.0,11.59,4.21,0.0
20231030:0110,0.0,0.0,0.0,11.6,4.21,0.0
20231030:0210,0.0,0.0,0.0,11.65,4.28,0.0
20231030:0310,0.0,0.0,0.0,11.86,4.41,0.0
20231030:0410,0.0,0.0,0.0,12.02,4.48,0.0
20231030:0510,0.0,0.0,0.0,12.08,4.48,0.0
20231030:0610,113.51,143.61,8.82,12.56,4.62,0.0
20231030:0710,206.21,243.32,15.99,13.8,4.83,0.0
20231030:0810,398.37,458.03,21.49,15.17,4.07,0.0
20231030:0910,569.12,657.38,24.82,16.37,4.83,0.0
20231030:1010,694.81,810.84,25.6,17.35,5.31,0.0
20231030:1110,653.14,761.27,23.74,18.06,5.45,0.0
20231030:1210,597.76,697.04,19.45,18.44,5.03,0.0
20231030:1310,198.82,240.48,13.19,18.25,4.62,0.0
20231030:1410,6.5,17.93,5.48,17.49,4.28,0.0
20231030:1510,0.0,0.0,0.0,16.58,3.86,0.0
20231030:1610,0.0,0.0,0.0,15.61,3.38,0.0
20231030:1710,0.0,0.0,0.0,14.5,3.17,0.0
20231030:1810,0.0,0.0,0.0,13.78,3.1,0.0
20231030:1910,0.0,0.0,0.0,13.44,3.1,0.0
20231030:2010,0.0,0.0,0.0,12.96,3.03,0.0
20231030:2110,0.0,0.0,0.0,12.76,2.97,0.0
20231030:2210,0.0,0.0,0.0,12.52,2.9,0.0
20231030:2310,0.0,0.0,0.0,12.4,3.03,0.0
20231031:0010,0.0,0.0,0.0,12.42,3.24,0.0
20231031:0110,0.0,0.0,0.0,12.67,3.31,0.0
20231031:0210,0.0,0.0,0.0,13.13,3.45,0.0
20231031:0310,0.0,0.0,0.0,13.33,3.52,0.0
20231031:0410,0.0,0.0,0.0,13.25,3.79,0.0
20231031:0510,0.0,0.0,0.0,13.5,4.07,0.0
20231031:0610,1.87,9.86,8.55,14.03,4.34,0.0
20231031:0710,68.52,94.15,15.7,14.88,4.62,0.0
20231031:0810,43.25,65.45,21.18,16.28,4.62,0.0
20231031:0910,111.43,144.07,24.5,17.6,4.34,0.0
20231031:1010,132.1,167.94,25.28,18.95,4.55,0.0
20231031:1110,311.09,368.09,23.41,19.88,4.41,0.0
20231031:1210,40.17,62.76,19.14,20.25,4.55,0.0
20231031:1310,11.16,25.1,12.91,19.97,4.07,0.0
20231031:1410,4.25,14.34,5.21,18.85,3.72,0.0
20231031:1510,0.0,0.0,0.0,17.47,3.45,0.0
20231031:1610,0.0,0.0,0.0,15.76,2.9,0.0
20231031:1710,0.0,0.0,0.0,14.93,2.34,0.0
20231031:1810,0.0,0.0,0.0,14.15,2.83,0.0
20231031:1910,0.0,0.0,0.0,14.18,3.52,0.0
20231031:2010,0.0,0.0,0.0,13.9,3.31,0.0
20231031:2110,0.0,0.0,0.0,13.38,3.38,0.0
20231031:2210,0.0,0.0,0.0,13.38,3.86,0.0
20231031:2310,0.0,0.0,0.0,13.34,3.66,0.0
20231101:0010,0.0,0.0,0.0,13.14,3.79,0.0
20231101:0110,0.0,0.0,0.0,13.11,4.07,0.0
20231101:0210,0.0,0.0,0.0,13.06,4.14,0.0
20231101:0310,0.0,0.0,0.0,12.84,4.34,0.0
20231101:0410,0.0,0.0,0.0,12.18,4.55,0.0
20231101:0510,0.0,0.0,0.0,11.57,4.28,0.0
20231101:0610,26.65,44.36,8.27,11.2,4.14,0.0
20231101:0710,24.16,41.24,15.41,10.94,4.21,0.0
20231101:0810,100.01,127.53,20.87,11.13,4.62,0.0
20231101:0910,306.13,348.83,24.18,11.68,4.97,0.0
20231101:1010,107.95,136.95,24.95,12.1,4.69,0.0
20231101:1110,76.37,102.2,23.1,12.29,4.62,0.0
20231101:1210,64.41,88.76,18.84,12.34,4.69,0.0
20231101:1310,24.75,42.14,12.62,12.01,4.55,0.0
20231101:1410,3.4,12.55,4.94,11.48,4.48,0.0
20231101:1510,0.0,0.0,0.0,10.86,3.86,0.0
20231101:1610,0.0,0.0,0.0,10.57,3.59,0.0
20231101:1710,0.0,0.0,0.0,10.32,3.31,0.0
20231101:1810,0.0,0.0,0.0,10.31,3.03,0.0
20231101:1910,0.0,0.0,0.0,9.09,2.0,0.0
20231101:2010,0.0,0.0,0.0,8.46,2.0,0.0
20231101:2110,0.0,0.0,0.0,8.5,1.86,0.0
20231101:2210,0.0,0.0,0.0,8.05,2.0,0.0
20231101:2310,0.0,0.0,0.0,7.8,2.0,0.0
20231102:0010,0.0,0.0,0.0,7.65,1.93,0.0
20231102:0110,0.0,0.0,0.0,7.4,1.86,0.0
20231102:0210,0.0,0.0,0.0,6.95,2.07,0.0
20231102:0310,0.0,0.0,0.0,6.54,2.28,0.0
20231102:0410,0.0,0.0,0.0,6.25,2.41,0.0
20231102:0510,0.0,0.0,0.0,5.96,2.34,0.0
20231102:0610,274.7,315.26,8.0,6.07,2.07,0.0
20231102:0710,481.28,539.84,15.12,7.45,2.34,0.0
20231102:0810,643.81,732.82,20.57,9.32,2.83,0.0
20231102:0910,720.7,835.03,23.86,10.96,2.83,0.0
20231102:1010,742.24,866.05,24.63,12.23,3.03,0.0
20231102:1110,685.64,793.88,22.79,13.01,3.45,0.0
20231102:1210,583.03,667.52,18.55,13.29,3.86,0.0
20231102:1310,364.13,417.65,12.35,13.12,3.86,0.0
20231102:1410,143.7,182.17,4.68,12.26,3.59,0.0
20231102:1510,0.0,0.0,0.0,10.89,3.79,0.0
20231102:1610,0.0,0.0,0.0,10.07,4.21,0.0
20231102:1710,0.0,0.0,0.0,9.59,4.48,0.0
20231102:1810,0.0,0.0,0.0,9.21,4.55,0.0
20231102:1910,0.0,0.0,0.0,9.03,4.62,0.0
20231102:2010,0.0,0.0,0.0,8.8,4.62,0.0
20231102:2110,0.0,0.0,0.0,8.57,4.69,0.0
20231102:2210,0.0,0.0,0.0,8.4,4.76,0.0
20231102:2310,0.0,0.0,0.0,8.22,4.69,0.0
20231103:0010,0.0,0.0,0.0,8.08,4.69,0.0
20231103:0110,0.0,0.0,0.0,8.01,4.76,0.0
20231103:0210,0.0,0.0,0.0,7.95,4.97,0.0
20231103:0310,0.0,0.0,0.0,7.97,5.24,0.0
20231103:0410,0.0,0.0,0.0,8.26,5.52,0.0
20231103:0510,0.0,0.0,0.0,8.98,5.79,0.0
20231103:0610,7.4,18.83,7.73,9.99,6.21,0.0
20231103:0710,51.83,73.91,14.83,11.14,6.21,0.0
20231103:0810,27.7,45.72,20.27,11.76,5.38,0.0
20231103:0910,256.71,295.5,23.55,12.0,5.72,0.0
20231103:1010,26.9,44.83,24.32,12.34,6.41,0.0
20231103:1110,50.95,73.51,22.48,13.16,7.93,0.0
20231103:1210,18.91,34.96,18.26,13.9,8.34,0.0
20231103:1310,11.56,25.1,12.07,13.85,7.72,0.0
20231103:1410,1.0,8.07,4.42,13.37,7.24,0.0
20231103:1510,0.0,0.0,0.0,13.17,7.38,0.0
20231103:1610,0.0,0.0,0.0,13.27,7.66,0.0
20231103:1710,0.0,0.0,0.0,13.41,7.72,0.0
20231103:1810,0.0,0.0,0.0,13.45,7.79,0.0
20231103:1910,0.0,0.0,0.0,13.38,7.59,0.0
20231103:2010,0.0,0.0,0.0,13.25,7.17,0.0
20231103:2110,0.0,0.0,0.0,13.0,6.62,0.0
20231103:2210,0.0,0.0,0.0,12.79,6.14,0.0
20231103:2310,0.0,0.0,0.0,12.77,5.79,0.0
20231104:0010,0.0,0.0,0.0,12.69,5.24,0.0
20231104:0110,0.0,0.0,0.0,12.24,4.41,0.0
20231104:0210,0.0,0.0,0.0,11.88,3.93,0.0
20231104:0310,0.0,0.0,0.0,11.45,3.59,0.0
20231104:0410,0.0,0.0,0.0,10.84,3.38,0.0
20231104:0510,0.0,0.0,0.0,10.21,3.17,0.0
20231104:0610,13.79,27.79,7.46,9.89,2.9,0.0
20231104:0710,131.11,160.72,14.55,10.71,2.41,0.0
20231104:0810,140.66,172.76,19.97,12.35,2.14,0.0
20231104:0910,121.87,153.57,23.24,13.48,1.66,0.0
20231104:1010,93.48,122.78,24.01,14.26,1.17,0.0
20231104:1110,367.81,429.17,22.18,14.67,1.45,0.0
20231104:1210,33.78,53.79,17.97,14.77,2.14,0.0
20231104:1310,28.7,47.52,11.8,14.56,2.07,0.0
20231104:1410,4.94,15.24,4.17,13.65,2.41,0.0
20231104:1510,0.0,0.0,0.0,12.41,2.55,0.0
20231104:1610,0.0,0.0,0.0,11.87,2.34,0.0
20231104:1710,0.0,0.0,0.0,11.41,2.41,0.0
20231104:1810,0.0,0.0,0.0,10.95,2.41,0.0
20231104:1910,0.0,0.0,0.0,10.76,3.1,0.0
20231104:2010,0.0,0.0,0.0,10.03,3.03,0.0
20231104:2110,0.0,0.0,0.0,9.3,2.62,0.0
20231104:2210,0.0,0.0,0.0,8.86,2.07,0.0
20231104:2310,0.0,0.0,0.0,8.5,1.93,0.0
20231105:0010,0.0,0.0,0.0,8.0,2.21,0.0
20231105:0110,0.0,0.0,0.0,7.71,2.62,0.0
20231105:0210,0.0,0.0,0.0,7.87,2.69,0.0
20231105:0310,0.0,0.0,0.0,7.78,3.03,0.0
20231105:0410,0.0,0.0,0.0,8.07,3.24,0.0
20231105:0510,0.0,0.0,0.0,8.03,3.17,0.0
20231105:0610,11.95,25.1,7.2,7.81,3.24,0.0
20231105:0710,57.04,79.06,14.27,8.46,3.31,0.0
20231105:0810,152.16,182.3,19.67,9.58,3.93,0.0
20231105:0910,62.52,86.07,22.93,10.76,4.62,0.0
20231105:1010,66.88,91.45,23.7,12.16,5.24,0.0
20231105:1110,13.57,27.79,21.88,12.99,5.31,0.0
20231105:1210,30.45,49.31,17.69,12.98,4.69,0.0
20231105:1310,103.69,131.82,11.54,12.61,4.41,0.0
20231105:1410,16.07,31.5,3.93,11.99,4.28,0.0
20231105:1510,0.0,0.0,0.0,11.17,4.41,0.0
20231105:1610,0.0,0.0,0.0,10.17,4.62,0.0
20231105:1710,0.0,0.0,0.0,9.8,5.03,0.0
20231105:1810,0.0,0.0,0.0,9.7,5.31,0.0
20231105:1910,0.0,0.0,0.0,9.75,4.97,0.0
20231105:2010,0.0,0.0,0.0,9.93,4.76,0.0
20231105:2110,0.0,0.0,0.0,10.19,4.83,0.0
20231105:2210,0.0,0.0,0.0,10.41,4.76,0.0
20231105:2310,0.0,0.0,0.0,10.08,4.34,0.0
20231106:0010,0.0,0.0,0.0,9.22,4.76,0.0
20231106:0110,0.0,0.0,0.0,9.01,4.9,0.0
20231106:0210,0.0,0.0,0.0,9.02,4.97,0.0
20231106:0310,0.0,0.0,0.0,8.99,5.03,0.0
20231106:0410,0.0,0.0,0.0,8.82,5.1,0.0
20231106:0510,0.0,0.0,0.0,8.78,5.24,0.0
20231106:0610,205.16,240.61,6.93,8.79,5.31,0.0
20231106:0710,457.12,508.35,13.99,10.05,6.21,0.0
20231106:0810,188.4,221.25,19.38,11.07,5.86,0.0
20231106:0910,100.51,128.33,22.63,11.92,7.86,0.0
20231106:1010,57.43,80.69,23.4,12.27,7.52,0.0
20231106:1110,91.33,118.53,21.59,12.46,7.59,0.0
20231106:1210,253.89,291.42,17.41,12.45,7.38,0.0
20231106:1310,31.34,50.21,11.28,12.2,6.97,0.0
20231106:1410,4.46,14.34,3.69,11.71,5.86,0.0
20231106:1510,0.0,0.0,0.0,11.05,5.31,0.0
20231106:1610,0.0,0.0,0.0,10.36,4.97,0.0
20231106:1710,0.0,0.0,0.0,9.87,4.97,0.0
20231106:1810,0.0,0.0,0.0,9.81,5.03,0.0
20231106:1910,0.0,0.0,0.0,9.73,4.9,0.0
20231106:2010,0.0,0.0,0.0,9.77,4.9,0.0
20231106:2110,0.0,0.0,0.0,9.93,5.03,0.0
20231106:2210,0.0,0.0,0.0,9.52,5.03,0.0
20231106:2310,0.0,0.0,0.0,9.27,5.03,0.0
20231107:0010,0.0,0.0,0.0,8.78,4.76,0.0
20231107:0110,0.0,0.0,0.0,8.47,4.48,0.0
20231107:0210,0.0,0.0,0.0,8.05,4.14,0.0
20231107:0310,0.0,0.0,0.0,7.61,3.66,0.0
20231107:0410,0.0,0.0,0.0,7.09,3.24,0.0
20231107:0510,0.0,0.0,0.0,6.61,3.17,0.0
20231107:0610,222.83,258.65,6.67,6.59,3.17,0.0
20231107:0710,443.44,494.71,13.71,7.63,3.1,0.0
20231107:0810,615.64,694.78,19.08,9.6,3.59,0.0
20231107:0910,539.62,609.0,22.33,11.3,4.28,0.0
20231107:1010,631.05,718.09,23.1,12.57,4.76,0.0
20231107:1110,349.13,398.4,21.3,13.43,4.76,0.0
20231107:1210,547.01,624.49,17.14,13.79,4.28,0.0
20231107:1310,295.7,342.96,11.03,13.64,3.31,0.0
20231107:1410,21.0,38.36,3.45,12.77,2.9,0.0
20231107:1510,0.0,0.0,0.0,10.91,2.97,0.0
20231107:1610,0.0,0.0,0.0,10.02,2.83,0.0
20231107:1710,0.0,0.0,0.0,9.65,2.62,0.0
20231107:1810,0.0,0.0,0.0,9.24,2.62,0.0
20231107:1910,0.0,0.0,0.0,8.62,2.83,0.0
20231107:2010,0.0,0.0,0.0,8.53,2.62,0.0
20231107:2110,0.0,0.0,0.0,8.19,2.14,0.0
20231107:2210,0.0,0.0,0.0,7.61,2.0,0.0
20231107:2310,0.0,0.0,0.0,6.92,2.07,0.0
20231108:0010,0.0,0.0,0.0,6.35,1.72,0.0
20231108:0110,0.0,0.0,0.0,5.99,1.38,0.0
20231108:0210,0.0,0.0,0.0,5.64,1.45,0.0
20231108:0310,0.0,0.0,0.0,5.65,1.38,0.0
20231108:0410,0.0,0.0,0.0,5.66,1.24,0.0
20231108:0510,0.0,0.0,0.0,6.13,0.76,0.0
20231108:0610,46.41,67.01,6.41,6.69,0.28,0.0
20231108:0710,5.73,16.14,13.43,6.9,0.83,0.0
20231108:0810,64.78,87.86,18.8,7.78,1.17,0.0
20231108:0910,104.8,132.21,22.04,8.89,1.59,0.0
20231108:1010,72.18,96.82,22.81,9.98,2.14,0.0
20231108:1110,90.24,116.86,21.02,10.56,2.9,0.0
20231108:1210,327.57,371.24,16.87,10.48,3.31,0.0
20231108:1310,170.11,202.05,10.79,10.16,3.03,0.0
20231108:1410,33.56,53.94,3.22,9.8,2.62,0.0
20231108:1510,0.0,0.0,0.0,9.06,2.28,0.0
20231108:1610,0.0,0.0,0.0,8.32,2.41,0.0
20231108:1710,0.0,0.0,0.0,7.74,2.69,0.0
20231108:1810,0.0,0.0,0.0,7.46,2.9,0.0
20231108:1910,0.0,0.0,0.0,6.57,2.83,0.0
20231108:2010,0.0,0.0,0.0,6.32,3.03,0.0
20231108:2110,0.0,0.0,0.0,5.92,3.17,0.0
20231108:2210,0.0,0.0,0.0,5.52,2.97,0.0
20231108:2310,0.0,0.0,0.0,5.04,2.76,0.0
20231109:0010,0.0,0.0,0.0,4.62,2.83,0.0
20231109:0110,0.0,0.0,0.0,4.43,2.97,0.0
20231109:0210,0.0,0.0,0.0,4.27,2.97,0.0
20231109:0310,0.0,0.0,0.0,4.24,2.97,0.0
20231109:0410,0.0,0.0,0.0,4.39,3.03,0.0
20231109:0510,0.0,0.0,0.0,4.54,3.1,0.0
20231109:0610,36.12,54.6,6.15,5.03,3.31,0.0
20231109:0710,143.96,170.44,13.16,6.03,4.21,0.0
20231109:0810,159.08,186.91,18.51,6.51,4.41,0.0
20231109:0910,126.64,153.89,21.75,7.24,4.34,0.0
20231109:1010,379.85,422.94,22.52,7.99,4.14,0.0
20231109:1110,425.43,474.77,20.74,8.73,3.79,0.0
20231109:1210,179.42,210.66,16.61,9.3,3.66,0.0
20231109:1310,176.26,208.2,10.54,9.6,2.97,0.0
20231109:1410,14.6,29.43,3.0,9.08,2.0,0.0
20231109:1510,0.0,0.0,0.0,7.67,2.34,0.0
20231109:1610,0.0,0.0,0.0,6.54,2.55,0.0
20231109:1710,0.0,0.0,0.0,5.8,2.83,0.0
20231109:1810,0.0,0.0,0.0,5.5,3.03,0.0
20231109:1910,0.0,0.0,0.0,5.08,3.1,0.0
20231109:2010,0.0,0.0,0.0,4.9,3.03,0.0
20231109:2110,0.0,0.0,0.0,4.58,3.03,0.0
20231109:2210,0.0,0.0,0.0,4.29,3.1,0.0
20231109:2310,0.0,0.0,0.0,4.14,3.24,0.0
20231110:0010,0.0,0.0,0.0,4.17,3.38,0.0
20231110:0110,0.0,0.0,0.0,4.25,3.66,0.0
20231110:0210,0.0,0.0,0.0,4.4,3.93,0.0
20231110:0310,0.0,0.0,0.0,4.37,3.93,0.0
20231110:0410,0.0,0.0,0.0,4.16,3.86,0.0
20231110:0510,0.0,0.0,0.0,4.03,4.0,0.0
20231110:0610,36.31,54.62,5.89,4.12,4.14,0.0
20231110:0710,175.19,201.89,12.89,4.43,3.52,0.0
20231110:0810,143.44,170.29,18.23,5.9,3.86,0.0
20231110:0910,173.11,202.74,21.46,7.25,4.0,0.0
20231110:1010,227.28,260.87,22.24,8.42,4.0,0.0
20231110:1110,161.83,192.46,20.47,9.3,3.93,0.0
20231110:1210,320.95,361.93,16.36,9.68,3.86,0.0
20231110:1310,351.56,397.15,10.31,9.44,3.72,0.0
20231110:1410,14.78,29.67,2.78,8.65,3.86,0.0
20231110:1510,0.0,0.0,0.0,7.53,3.93,0.0
20231110:1610,0.0,0.0,0.0,7.03,3.93,0.0
20231110:1710,0.0,0.0,0.0,6.88,3.93,0.0
20231110:1810,0.0,0.0,0.0,6.94,3.86,0.0
20231110:1910,0.0,0.0,0.0,6.83,3.66,0.0
20231110:2010,0.0,0.0,0.0,7.01,3.59,0.0
20231110:2110,0.0,0.0,0.0,7.09,3.45,0.0
20231110:2210,0.0,0.0,0.0,7.07,3.31,0.0
20231110:2310,0.0,0.0,0.0,6.96,3.45,0.0
20231111:0010,0.0,0.0,0.0,6.75,3.52,0.0
20231111:0110,0.0,0.0,0.0,6.46,3.45,0.0
20231111:0210,0.0,0.0,0.0,6.41,3.45,0.0
20231111:0310,0.0,0.0,0.0,6.7,3.45,0.0
20231111:0410,0.0,0.0,0.0,7.01,3.59,0.0
20231111:0510,0.0,0.0,0.0,7.63,3.59,0.0
20231111:0610,71.54,95.74,5.64,8.32,3.38,0.0
20231111:0710,36.28,55.58,12.63,9.3,3.31,0.0
20231111:0810,51.74,73.51,17.96,9.49,3.24,0.0
20231111:0910,66.91,90.55,21.18,9.03,2.41,0.0
20231111:1010,62.03,85.17,21.96,9.06,1.52,0.0
20231111:1110,56.39,78.89,20.2,8.97,0.41,0.0
20231111:1210,60.96,83.88,16.11,8.65,0.41,0.0
20231111:1310,18.69,34.07,10.08,8.57,0.83,0.0
20231111:1410,7.31,18.97,2.57,8.2,1.1,0.0
20231111:1510,0.0,0.0,0.0,7.59,1.66,0.0
20231111:1610,0.0,0.0,0.0,7.0,2.14,0.0
20231111:1710,0.0,0.0,0.0,6.43,2.55,0.0
20231111:1810,0.0,0.0,0.0,5.87,2.62,0.0
20231111:1910,0.0,0.0,0.0,6.87,2.21,0.0
20231111:2010,0.0,0.0,0.0,6.81,2.41,0.0
20231111:2110,0.0,0.0,0.0,6.76,2.28,0.0
20231111:2210,0.0,0.0,0.0,6.64,2.62,0.0
20231111:2310,0.0,0.0,0.0,6.48,2.83,0.0
20231112:0010,0.0,0.0,0.0,6.35,3.1,0.0
20231112:0110,0.0,0.0,0.0,6.2,3.38,0.0
20231112:0210,0.0,0.0,0.0,6.09,3.59,0.0
20231112:0310,0.0,0.0,0.0,6.05,3.52,0.0
20231112:0410,0.0,0.0,0.0,6.05,3.79,0.0
20231112:0510,0.0,0.0,0.0,6.05,4.14,0.0
20231112:0610,0.0,5.38,5.39,6.05,4.07,0.0
20231112:0710,20.43,35.86,12.36,5.86,4.41,0.0
20231112:0810,38.51,57.38,17.68,5.75,4.14,0.0
20231112:0910,30.06,47.52,20.9,5.87,5.45,0.0
20231112:1010,55.1,76.2,21.68,6.23,6.69,0.0
20231112:1110,36.77,55.58,19.94,7.0,6.48,0.0
20231112:1210,9.39,21.52,15.87,7.37,6.21,0.0
20231112:1310,2.97,11.65,9.85,7.36,6.07,0.0
20231112:1410,0.0,1.79,2.36,6.95,5.66,0.0
20231112:1510,0.0,0.0,0.0,6.55,5.52,0.0
20231112:1610,0.0,0.0,0.0,6.35,5.72,0.0
20231112:1710,0.0,0.0,0.0,6.15,6.14,0.0
20231112:1810,0.0,0.0,0.0,5.94,6.21,0.0
20231112:1910,0.0,0.0,0.0,5.51,5.86,0.0
20231112:2010,0.0,0.0,0.0,5.3,5.59,0.0
20231112:2110,0.0,0.0,0.0,5.3,5.24,0.0
20231112:2210,0.0,0.0,0.0,5.43,4.97,0.0
20231112:2310,0.0,0.0,0.0,5.38,4.76,0.0
20231113:0010,0.0,0.0,0.0,5.41,4.69,0.0
20231113:0110,0.0,0.0,0.0,5.49,4.41,0.0
20231113:0210,0.0,0.0,0.0,5.44,4.28,0.0
20231113:0310,0.0,0.0,0.0,5.47,4.69,0.0
20231113:0410,0.0,0.0,0.0,5.41,4.69,0.0
20231113:0510,0.0,0.0,0.0,5.33,4.41,0.0
20231113:0610,27.06,43.95,5.14,4.99,4.14,0.0
20231113:0710,348.35,383.28,12.1,5.21,4.62,0.0
20231113:0810,216.77,245.31,17.42,5.46,5.1,0.0
20231113:0910,495.77,540.57,20.63,6.04,6.0,0.0
20231113:1010,188.98,217.88,21.42,6.54,6.07,0.0
20231113:1110,465.47,510.14,19.68,6.96,5.79,0.0
20231113:1210,165.56,193.6,15.63,7.3,5.66,0.0
20231113:1310,21.02,36.76,9.64,7.09,4.9,0.0
20231113:1410,0.0,3.59,2.16,6.46,4.48,0.0
20231113:1510,0.0,0.0,0.0,5.85,4.07,0.0
20231113:1610,0.0,0.0,0.0,5.24,3.72,0.0
20231113:1710,0.0,0.0,0.0,4.8,3.31,0.0
20231113:1810,0.0,0.0,0.0,4.39,3.03,0.0
20231113:1910,0.0,0.0,0.0,3.93,2.76,0.0
20231113:2010,0.0,0.0,0.0,3.53,2.83,0.0
20231113:2110,0.0,0.0,0.0,3.4,2.83,0.0
20231113:2210,0.0,0.0,0.0,3.01,2.83,0.0
20231113:2310,0.0,0.0,0.0,3.02,2.76,0.0
20231114:0010,0.0,0.0,0.0,2.93,2.83,0.0
20231114:0110,0.0,0.0,0.0,2.9,2.83,0.0
20231114:0210,0.0,0.0,0.0,3.1,2.97,0.0
20231114:0310,0.0,0.0,0.0,3.33,3.31,0.0
20231114:0410,0.0,0.0,0.0,3.5,3.52,0.0
20231114:0510,0.0,0.0,0.0,3.66,4.34,0.0
20231114:0610,3.58,12.55,4.89,3.84,5.31,0.0
20231114:0710,96.48,119.38,11.85,4.0,5.38,0.0
20231114:0810,34.84,52.89,17.15,4.71,5.1,0.0
20231114:0910,60.72,82.48,20.36,6.15,4.97,0.0
20231114:1010,30.48,48.41,21.15,8.07,5.45,0.0
20231114:1110,99.61,126.2,19.43,9.59,4.83,0.0
20231114:1210,34.68,53.79,15.4,10.03,5.45,0.0
20231114:1310,23.61,40.34,9.42,9.73,6.14,0.0
20231114:1410,0.0,1.79,1.97,9.1,4.9,0.0
20231114:1510,0.0,0.0,0.0,8.37,4.55,0.0
20231114:1610,0.0,0.0,0.0,7.98,4.83,0.0
20231114:1710,0.0,0.0,0.0,7.85,4.83,0.0
20231114:1810,0.0,0.0,0.0,7.84,5.03,0.0
20231114:1910,0.0,0.0,0.0,7.91,5.31,0.0
20231114:2010,0.0,0.0,0.0,8.01,5.31,0.0
20231114:2110,0.0,0.0,0.0,8.11,5.72,0.0
20231114:2210,0.0,0.0,0.0,8.26,5.93,0.0
20231114:2310,0.0,0.0,0.0,7.97,5.79,0.0
20231115:0010,0.0,0.0,0.0,7.73,5.38,0.0
20231115:0110,0.0,0.0,0.0,7.38,4.97,0.0
20231115:0210,0.0,0.0,0.0,6.9,4.69,0.0
20231115:0310,0.0,0.0,0.0,6.68,4.34,0.0
20231115:0410,0.0,0.0,0.0,6.38,4.07,0.0
20231115:0510,0.0,0.0,0.0,6.09,3.93,0.0
20231115:0610,63.61,86.21,4.65,5.99,3.79,0.0
20231115:0710,309.02,344.73,11.59,6.61,3.72,0.0
20231115:0810,411.64,457.65,16.89,7.84,3.52,0.0
20231115:0910,203.13,235.47,20.1,8.96,4.14,0.0
20231115:1010,115.76,143.7,20.89,9.85,5.03,0.0
20231115:1110,39.15,59.17,19.19,10.53,5.38,0.0
20231115:1210,20.65,36.76,15.17,10.44,4.41,0.0
20231115:1310,23.55,40.34,9.22,10.04,3.93,0.0
20231115:1410,0.0,0.9,1.78,9.33,3.38,0.0
20231115:1510,0.0,0.0,0.0,8.57,3.1,0.0
20231115:1610,0.0,0.0,0.0,8.13,3.24,0.0
20231115:1710,0.0,0.0,0.0,7.68,3.45,0.0
20231115:1810,0.0,0.0,0.0,7.28,3.66,0.0
20231115:1910,0.0,0.0,0.0,7.53,4.28,0.0
20231115:2010,0.0,0.0,0.0,7.48,4.48,0.0
20231115:2110,0.0,0.0,0.0,7.46,5.38,0.0
20231115:2210,0.0,0.0,0.0,6.76,5.93,0.0
20231115:2310,0.0,0.0,0.0,5.85,6.0,0.0
20231116:0010,0.0,0.0,0.0,5.27,5.1,0.0
20231116:0110,0.0,0.0,0.0,4.89,4.28,0.0
20231116:0210,0.0,0.0,0.0,4.35,4.34,0.0
20231116:0310,0.0,0.0,0.0,3.85,4.34,0.0
20231116:0410,0.0,0.0,0.0,3.45,5.24,0.0
20231116:0510,0.0,0.0,0.0,3.02,5.72,0.0
20231116:0610,45.69,65.17,4.41,2.79,5.66,0.0
20231116:0710,28.2,44.83,11.35,3.05,5.72,0.0
20231116:0810,58.38,78.89,16.63,3.15,6.55,0.0
20231116:0910,166.06,191.35,19.84,3.47,6.69,0.0
20231116:1010,22.15,37.65,20.64,3.57,6.14,0.0
20231116:1110,22.87,38.55,18.95,3.66,5.45,0.0
20231116:1210,24.36,40.34,14.95,3.58,5.17,0.0
20231116:1310,8.96,20.62,9.02,3.38,4.55,0.0
20231116:1410,0.0,0.9,1.6,3.12,4.07,0.0
20231116:1510,0.0,0.0,0.0,2.97,3.52,0.0
20231116:1610,0.0,0.0,0.0,2.75,2.97,0.0
20231116:1710,0.0,0.0,0.0,2.52,2.28,0.0
20231116:1810,0.0,0.0,0.0,2.36,2.14,0.0
20231116:1910,0.0,0.0,0.0,1.96,1.24,0.0
20231116:2010,0.0,0.0,0.0,1.51,0.69,0.0
20231116:2110,0.0,0.0,0.0,1.64,0.28,0.0
20231116:2210,0.0,0.0,0.0,1.51,0.21,0.0
20231116:2310,0.0,0.0,0.0,0.5,0.9,0.0
20231117:0010,0.0,0.0,0.0,0.27,1.72,0.0
20231117:0110,0.0,0.0,0.0,-0.09,2.07,0.0
20231117:0210,0.0,0.0,0.0,-0.33,2.21,0.0
20231117:0310,0.0,0.0,0.0,0.03,2.21,0.0
20231117:0410,0.0,0.0,0.0,0.28,2.34,0.0
20231117:0510,0.0,0.0,0.0,0.47,2.48,0.0
20231117:0610,46.97,66.23,4.17,0.7,2.62,0.0
20231117:0710,95.03,116.41,11.1,0.61,3.38,0.0
20231117:0810,86.82,108.48,16.38,1.15,4.0,0.0
20231117:0910,343.04,372.14,19.59,1.88,4.28,0.0
20231117:1010,357.04,387.72,20.4,2.43,4.34,0.0
20231117:1110,235.36,262.12,18.72,2.9,4.48,0.0
20231117:1210,133.55,157.54,14.74,3.09,4.55,0.0
20231117:1310,151.34,176.04,8.82,3.08,4.48,0.0
20231117:1410,0.0,0.9,1.42,2.67,4.28,0.0
20231117:1510,0.0,0.0,0.0,2.18,4.34,0.0
20231117:1610,0.0,0.0,0.0,1.85,4.48,0.0
20231117:1710,0.0,0.0,0.0,1.63,4.48,0.0
20231117:1810,0.0,0.0,0.0,1.46,4.28,0.0
20231117:1910,0.0,0.0,0.0,0.9,4.28,0.0
20231117:2010,0.0,0.0,0.0,0.84,3.66,0.0
20231117:2110,0.0,0.0,0.0,0.82,3.59,0.0
20231117:2210,0.0,0.0,0.0,0.88,3.45,0.0
20231117:2310,0.0,0.0,0.0,0.95,3.31,0.0
20231118:0010,0.0,0.0,0.0,1.01,3.31,0.0
20231118:0110,0.0,0.0,0.0,1.08,3.24,0.0
20231118:0210,0.0,0.0,0.0,1.06,3.38,0.0
20231118:0310,0.0,0.0,0.0,1.09,3.31,0.0
20231118:0410,0.0,0.0,0.0,1.1,3.38,0.0
20231118:0510,0.0,0.0,0.0,1.13,3.38,0.0
20231118:0610,5.35,15.24,3.94,1.28,3.45,0.0
20231118:0710,12.37,25.1,10.86,1.57,3.59,0.0
20231118:0810,48.82,68.14,16.13,2.16,4.83,0.0
20231118:0910,32.09,49.31,19.34,2.64,4.97,0.0
20231118:1010,64.03,85.17,20.16,3.15,4.14,0.0
20231118:1110,144.58,169.81,18.49,3.47,3.59,0.0
20231118:1210,127.47,151.78,14.53,3.58,3.38,0.0
20231118:1310,3.06,11.65,8.63,3.42,3.1,0.0
20231118:1410,0.0,0.0,0.0,2.87,2.83,0.0
20231118:1510,0.0,0.0,0.0,2.3,2.76,0.0
20231118:1610,0.0,0.0,0.0,1.78,2.76,0.0
20231118:1710,0.0,0.0,0.0,1.42,2.69,0.0
20231118:1810,0.0,0.0,0.0,1.12,2.48,0.0
20231118:1910,0.0,0.0,0.0,0.72,2.76,0.0
20231118:2010,0.0,0.0,0.0,0.41,2.34,0.0
20231118:2110,0.0,0.0,0.0,-0.02,1.93,0.0
20231118:2210,0.0,0.0,0.0,-0.22,1.72,0.0
20231118:2310,0.0,0.0,0.0,-0.36,1.59,0.0
20231119:0010,0.0,0.0,0.0,-0.43,1.66,0.0
20231119:0110,0.0,0.0,0.0,-0.7,1.72,0.0
20231119:0210,0.0,0.0,0.0,-1.14,1.52,0.0
20231119:0310,0.0,0.0,0.0,-1.31,1.45,0.0
20231119:0410,0.0,0.0,0.0,-1.88,1.59,0.0
20231119:0510,0.0,0.0,0.0,-2.39,1.52,0.0
20231119:0610,70.71,91.43,3.71,-2.6,1.45,0.0
20231119:0710,325.93,353.67,10.62,-1.41,1.59,0.0
20231119:0810,527.93,572.22,15.89,-0.26,2.0,0.0
20231119:0910,285.06,312.6,19.1,0.32,1.93,0.0
20231119:1010,442.85,480.86,19.92,1.03,2.28,0.0
20231119:1110,482.91,523.6,18.27,1.34,2.69,0.0
20231119:1210,379.73,411.96,14.33,1.3,2.69,0.0
20231119:1310,65.12,85.24,8.45,1.02,2.41,0.0
20231119:1410,0.0,0.0,0.0,0.59,1.86,0.0
20231119:1510,0.0,0.0,0.0,-0.1,1.93,0.0
20231119:1610,0.0,0.0,0.0,-0.92,2.14,0.0
20231119:1710,0.0,0.0,0.0,-1.52,2.28,0.0
20231119:1810,0.0,0.0,0.0,-1.91,2.14,0.0
20231119:1910,0.0,0.0,0.0,-1.46,2.28,0.0
20231119:2010,0.0,0.0,0.0,-1.59,2.28,0.0
20231119:2110,0.0,0.0,0.0,-1.72,2.21,0.0
20231119:2210,0.0,0.0,0.0,-2.03,2.07,0.0
20231119:2310,0.0,0.0,0.0,-2.25,2.0,0.0
20231120:0010,0.0,0.0,0.0,-2.48,2.14,0.0
20231120:0110,0.0,0.0,0.0,-2.53,2.41,0.0
20231120:0210,0.0,0.0,0.0,-2.45,2.41,0.0
20231120:0310,0.0,0.0,0.0,-2.33,2.55,0.0
20231120:0410,0.0,0.0,0.0,-2.35,2.48,0.0
20231120:0510,0.0,0.0,0.0,-2.49,2.48,0.0
20231120:0610,2.14,9.86,3.48,-2.42,2.55,0.0
20231120:0710,39.02,56.21,10.39,-2.1,2.69,0.0
20231120:0810,58.57,77.79,15.65,-1.31,2.83,0.0
20231120:0910,94.66,116.29,18.86,-0.42,2.76,0.0
20231120:1010,68.14,88.76,19.69,0.37,2.76,0.0
20231120:1110,19.49,34.07,18.06,0.81,2.83,0.0
20231120:1210,31.57,48.41,14.13,0.8,2.9,0.0
20231120:1310,17.35,31.38,8.28,0.46,2.69,0.0
20231120:1410,0.0,0.0,0.0,0.04,2.76,0.0
20231120:1510,0.0,0.0,0.0,-0.4,2.97,0.0
20231120:1610,0.0,0.0,0.0,-0.73,3.03,0.0
20231120:1710,0.0,0.0,0.0,-0.93,2.76,0.0
20231120:1810,0.0,0.0,0.0,-1.13,2.83,0.0
20231120:1910,0.0,0.0,0.0,-1.18,2.62,0.0
20231120:2010,0.0,0.0,0.0,-1.43,2.62,0.0
20231120:2110,0.0,0.0,0.0,-1.38,2.48,0.0
20231120:2210,0.0,0.0,0.0,-1.4,2.69,0.0
20231120:2310,0.0,0.0,0.0,-1.42,2.76,0.0
20231121:0010,0.0,0.0,0.0,-1.47,2.76,0.0
20231121:0110,0.0,0.0,0.0,-1.45,2.9,0.0
20231121:0210,0.0,0.0,0.0,-1.42,2.9,0.0
20231121:0310,0.0,0.0,0.0,-1.47,2.9,0.0
20231121:0410,0.0,0.0,0.0,-1.46,2.9,0.0
20231121:0510,0.0,0.0,0.0,-1.39,2.9,0.0
20231121:0610,0.0,4.48,3.26,-1.24,2.97,0.0
20231121:0710,35.66,52.67,10.16,-0.88,2.97,0.0
20231121:0810,40.48,58.27,15.42,-0.42,3.03,0.0
20231121:0910,25.52,41.24,18.63,0.27,3.45,0.0
20231121:1010,23.2,38.55,19.47,0.71,3.17,0.0
20231121:1110,53.11,72.62,17.85,1.01,3.17,0.0
20231121:1210,10.4,22.41,13.94,0.68,3.03,0.0
20231121:1310,32.49,49.23,8.11,0.36,3.31,0.0
20231121:1410,0.0,0.0,0.0,0.0,3.72,0.0
20231121:1510,0.0,0.0,0.0,-0.34,3.79,0.0
20231121:1610,0.0,0.0,0.0,-0.6,3.79,0.0
20231121:1710,0.0,0.0,0.0,-0.95,3.66,0.0
20231121:1810,0.0,0.0,0.0,-1.25,3.86,0.0
20231121:1910,0.0,0.0,0.0,-1.5,3.93,0.0
20231121:2010,0.0,0.0,0.0,-1.76,3.86,0.0
20231121:2110,0.0,0.0,0.0,-1.91,3.66,0.0
20231121:2210,0.0,0.0,0.0,-1.96,3.24,0.0
20231121:2310,0.0,0.0,0.0,-2.06,3.31,0.0
20231122:0010,0.0,0.0,0.0,-2.18,3.52,0.0
20231122:0110,0.0,0.0,0.0,-2.31,3.45,0.0
20231122:0210,0.0,0.0,0.0,-2.49,3.52,0.0
20231122:0310,0.0,0.0,0.0,-2.68,3.66,0.0
20231122:0410,0.0,0.0,0.0,-2.95,3.72,0.0
20231122:0510,0.0,0.0,0.0,-3.29,3.72,0.0
20231122:0610,0.0,5.38,3.04,-3.65,3.59,0.0
20231122:0710,45.42,62.65,9.93,-4.25,3.31,0.0
20231122:0810,51.94,69.93,15.19,-4.06,3.72,0.0
20231122:0910,40.35,57.38,18.4,-3.79,3.52,0.0
20231122:1010,58.51,77.1,19.25,-3.65,3.38,0.0
20231122:1110,41.9,59.17,17.65,-3.42,3.52,0.0
20231122:1210,19.19,33.17,13.76,-3.4,3.59,0.0
20231122:1310,4.33,13.45,7.94,-3.54,3.31,0.0
20231122:1410,0.0,0.0,0.0,-3.77,2.76,0.0
20231122:1510,0.0,0.0,0.0,-4.1,2.62,0.0
20231122:1610,0.0,0.0,0.0,-4.41,2.9,0.0
20231122:1710,0.0,0.0,0.0,-4.6,3.03,0.0
20231122:1810,0.0,0.0,0.0,-4.78,2.62,0.0
20231122:1910,0.0,0.0,0.0,-5.04,2.69,0.0
20231122:2010,0.0,0.0,0.0,-5.38,2.0,0.0
20231122:2110,0.0,0.0,0.0,-5.56,1.86,0.0
20231122:2210,0.0,0.0,0.0,-5.61,2.07,0.0
20231122:2310,0.0,0.0,0.0,-5.94,2.21,0.0
20231123:0010,0.0,0.0,0.0,-5.94,2.34,0.0
20231123:0110,0.0,0.0,0.0,-5.81,2.41,0.0
20231123:0210,0.0,0.0,0.0,-5.83,2.62,0.0
20231123:0310,0.0,0.0,0.0,-6.12,2.69,0.0
20231123:0410,0.0,0.0,0.0,-6.41,2.9,0.0
20231123:0510,0.0,0.0,0.0,-6.42,3.24,0.0
20231123:0610,0.0,2.69,2.82,-6.34,3.59,0.0
20231123:0710,20.88,34.96,9.71,-5.22,4.62,0.0
20231123:0810,51.15,69.03,14.97,-4.02,5.03,0.0
20231123:0910,26.7,42.14,18.18,-2.71,5.79,0.0
20231123:1010,30.47,46.62,19.04,-1.89,5.1,0.0
20231123:1110,47.16,65.45,17.45,-0.95,6.97,0.0
20231123:1210,5.99,16.14,13.58,0.01,7.59,0.0
20231123:1310,5.96,16.14,7.79,0.99,7.79,0.0
20231123:1410,0.0,0.0,0.0,1.41,7.93,0.0
20231123:1510,0.0,0.0,0.0,1.82,8.14,0.0
20231123:1610,0.0,0.0,0.0,2.3,8.55,0.0
20231123:1710,0.0,0.0,0.0,2.61,8.83,0.0
20231123:1810,0.0,0.0,0.0,2.77,8.9,0.0
20231123:1910,0.0,0.0,0.0,3.02,9.38,0.0
20231123:2010,0.0,0.0,0.0,3.11,9.31,0.0
20231123:2110,0.0,0.0,0.0,3.32,9.03,0.0
20231123:2210,0.0,0.0,0.0,3.57,9.17,0.0
20231123:2310,0.0,0.0,0.0,3.77,9.45,0.0
20231124:0010,0.0,0.0,0.0,3.84,9.52,0.0
20231124:0110,0.0,0.0,0.0,3.59,9.17,0.0
20231124:0210,0.0,0.0,0.0,3.49,8.69,0.0
20231124:0310,0.0,0.0,0.0,3.53,8.21,0.0
20231124:0410,0.0,0.0,0.0,3.7,7.72,0.0
20231124:0510,0.0,0.0,0.0,3.74,7.45,0.0
20231124:0610,0.0,5.38,2.61,3.73,7.59,0.0
20231124:0710,96.67,118.95,9.49,3.43,7.24,0.0
20231124:0810,558.3,598.38,14.75,3.67,7.38,0.0
20231124:0910,435.49,468.03,17.97,3.83,7.59,0.0
20231124:1010,278.18,305.59,18.84,3.75,6.97,0.0
20231124:1110,239.66,266.26,17.26,3.92,6.76,0.0
20231124:1210,66.56,87.68,13.41,3.8,7.03,0.0
20231124:1310,12.25,25.1,7.64,3.36,6.14,0.0
20231124:1410,0.0,0.0,0.0,2.62,5.17,0.0
20231124:1510,0.0,0.0,0.0,1.73,4.76,0.0
20231124:1610,0.0,0.0,0.0,1.12,4.76,0.0
20231124:1710,0.0,0.0,0.0,0.84,4.83,0.0
20231124:1810,0.0,0.0,0.0,0.3,4.69,0.0
20231124:1910,0.0,0.0,0.0,0.04,4.34,0.0
20231124:2010,0.0,0.0,0.0,-0.4,4.28,0.0
20231124:2110,0.0,0.0,0.0,-0.87,3.93,0.0
20231124:2210,0.0,0.0,0.0,-1.33,3.45,0.0
20231124:2310,0.0,0.0,0.0,-1.72,3.03,0.0
20231125:0010,0.0,0.0,0.0,-2.21,2.76,0.0
20231125:0110,0.0,0.0,0.0,-2.57,2.69,0.0
20231125:0210,0.0,0.0,0.0,-2.85,2.69,0.0
20231125:0310,0.0,0.0,0.0,-3.05,2.69,0.0
20231125:0410,0.0,0.0,0.0,-3.06,2.76,0.0
20231125:0510,0.0,0.0,0.0,-2.87,2.76,0.0
20231125:0610,0.0,3.59,2.4,-2.58,2.83,0.0
20231125:0710,98.87,119.26,9.28,-1.62,2.97,0.0
20231125:0810,114.95,136.66,14.54,-0.48,2.69,0.0
20231125:0910,80.31,101.69,17.76,0.81,3.17,0.0
20231125:1010,150.81,174.93,18.64,1.92,4.41,0.0
20231125:1110,608.05,659.95,17.08,2.47,4.07,0.0
20231125:1210,259.1,286.35,13.25,2.52,3.31,0.0
20231125:1310,39.38,57.4,7.5,2.18,2.55,0.0
20231125:1410,0.0,0.0,0.0,1.12,2.0,0.0
20231125:1510,0.0,0.0,0.0,-0.09,2.21,0.0
20231125:1610,0.0,0.0,0.0,-1.21,2.34,0.0
20231125:1710,0.0,0.0,0.0,-1.69,2.48,0.0
20231125:1810,0.0,0.0,0.0,-1.78,2.55,0.0
20231125:1910,0.0,0.0,0.0,-1.42,2.55,0.0
20231125:2010,0.0,0.0,0.0,-1.15,2.48,0.0
20231125:2110,0.0,0.0,0.0,-1.09,2.41,0.0
20231125:2210,0.0,0.0,0.0,-1.09,2.55,0.0
20231125:2310,0.0,0.0,0.0,-1.06,2.55,0.0
20231126:0010,0.0,0.0,0.0,-0.99,2.69,0.0
20231126:0110,0.0,0.0,0.0,-1.09,2.62,0.0
20231126:0210,0.0,0.0,0.0,-0.97,2.83,0.0
20231126:0310,0.0,0.0,0.0,-1.04,3.1,0.0
20231126:0410,0.0,0.0,0.0,-1.13,3.17,0.0
20231126:0510,0.0,0.0,0.0,-1.09,3.03,0.0
20231126:0610,2.12,9.86,2.2,-1.29,2.83,0.0
20231126:0710,86.42,106.54,9.08,-1.31,2.97,0.0
20231126:0810,194.61,216.23,14.33,-0.96,4.62,0.0
20231126:0910,74.42,94.79,17.56,-0.66,5.45,0.0
20231126:1010,38.96,56.48,18.45,-0.52,5.79,0.0
20231126:1110,79.54,100.11,16.91,-0.6,5.59,0.0
20231126:1210,28.01,43.93,13.1,-1.04,5.31,0.0
20231126:1310,70.3,89.52,7.36,-1.65,5.52,0.0
20231126:1410,0.0,0.0,0.0,-2.45,5.52,0.0
20231126:1510,0.0,0.0,0.0,-3.06,5.79,0.0
20231126:1610,0.0,0.0,0.0,-3.53,5.38,0.0
20231126:1710,0.0,0.0,0.0,-3.68,4.97,0.0
20231126:1810,0.0,0.0,0.0,-3.56,4.07,0.0
20231126:1910,0.0,0.0,0.0,-3.05,3.72,0.0
20231126:2010,0.0,0.0,0.0,-3.13,4.55,0.0
20231126:2110,0.0,0.0,0.0,-3.14,4.83,0.0
20231126:2210,0.0,0.0,0.0,-3.24,4.41,0.0
20231126:2310,0.0,0.0,0.0,-3.42,4.41,0.0
20231127:0010,0.0,0.0,0.0,-3.66,4.48,0.0
20231127:0110,0.0,0.0,0.0,-3.91,4.76,0.0
20231127:0210,0.0,0.0,0.0,-4.21,4.9,0.0
20231127:0310,0.0,0.0,0.0,-4.5,4.69,0.0
20231127:0410,0.0,0.0,0.0,-4.72,4.83,0.0
20231127:0510,0.0,0.0,0.0,-5.06,4.97,0.0
20231127:0610,0.77,7.17,2.0,-5.2,4.34,0.0
20231127:0710,203.19,221.22,8.87,-5.0,4.83,0.0
20231127:0810,373.54,390.76,14.13,-4.66,5.17,0.0
20231127:0910,522.75,544.34,17.36,-3.88,5.93,0.0
20231127:1010,561.65,586.08,18.26,-3.53,5.93,0.0
20231127:1110,484.42,505.4,16.74,-3.22,6.28,0.0
20231127:1210,385.99,404.85,12.95,-3.14,6.28,0.0
20231127:1310,196.04,215.92,7.23,-3.25,5.72,0.0
20231127:1410,0.0,0.0,0.0,-3.49,4.83,0.0
20231127:1510,0.0,0.0,0.0,-3.81,4.21,0.0
20231127:1610,0.0,0.0,0.0,-3.91,4.14,0.0
20231127:1710,0.0,0.0,0.0,-4.09,4.07,0.0
20231127:1810,0.0,0.0,0.0,-4.22,3.93,0.0
20231127:1910,0.0,0.0,0.0,-3.78,4.34,0.0
20231127:2010,0.0,0.0,0.0,-3.63,3.93,0.0
20231127:2110,0.0,0.0,0.0,-3.72,3.45,0.0
20231127:2210,0.0,0.0,0.0,-3.59,3.31,0.0
20231127:2310,0.0,0.0,0.0,-3.16,3.45,0.0
20231128:0010,0.0,0.0,0.0,-2.98,3.59,0.0
20231128:0110,0.0,0.0,0.0,-2.94,3.31,0.0
20231128:0210,0.0,0.0,0.0,-3.09,2.97,0.0
20231128:0310,0.0,0.0,0.0,-3.12,2.69,0.0
20231128:0410,0.0,0.0,0.0,-3.17,2.34,0.0
20231128:0510,0.0,0.0,0.0,-3.24,2.14,0.0
20231128:0610,0.0,1.79,1.81,-3.36,2.41,0.0
20231128:0710,7.36,17.93,8.68,-3.44,2.28,0.0
20231128:0810,57.64,76.39,13.93,-2.71,2.62,0.0
20231128:0910,68.8,88.55,17.17,-1.81,3.24,0.0
20231128:1010,46.27,64.55,18.08,-0.99,3.72,0.0
20231128:1110,225.98,248.6,16.57,-0.76,3.79,0.0
20231128:1210,27.16,43.03,12.8,-0.57,3.93,0.0
20231128:1310,9.15,20.62,7.11,-0.42,4.07,0.0
20231128:1410,0.0,0.0,0.0,-0.6,4.21,0.0
20231128:1510,0.0,0.0,0.0,-0.61,4.14,0.0
20231128:1610,0.0,0.0,0.0,-0.57,4.0,0.0
20231128:1710,0.0,0.0,0.0,-0.58,3.86,0.0
20231128:1810,0.0,0.0,0.0,-0.64,3.79,0.0
20231128:1910,0.0,0.0,0.0,-1.18,3.59,0.0
20231128:2010,0.0,0.0,0.0,-1.26,3.31,0.0
20231128:2110,0.0,0.0,0.0,-1.31,2.9,0.0
20231128:2210,0.0,0.0,0.0,-1.54,2.28,0.0
20231128:2310,0.0,0.0,0.0,-1.63,1.79,0.0
20231129:0010,0.0,0.0,0.0,-1.75,1.79,0.0
20231129:0110,0.0,0.0,0.0,-1.83,1.93,0.0
20231129:0210,0.0,0.0,0.0,-1.92,2.07,0.0
20231129:0310,0.0,0.0,0.0,-2.09,2.48,0.0
20231129:0410,0.0,0.0,0.0,-2.24,3.24,0.0
20231129:0510,0.0,0.0,0.0,-2.55,4.28,0.0
20231129:0610,0.0,1.79,1.62,-2.97,5.03,0.0
20231129:0710,28.07,43.48,8.48,-3.6,5.31,0.0
20231129:0810,47.8,65.45,13.74,-3.82,6.0,0.0
20231129:0910,80.03,99.26,16.98,-3.92,6.48,0.0
20231129:1010,43.7,60.96,17.91,-3.88,6.62,0.0
20231129:1110,18.51,32.27,16.42,-3.92,6.55,0.0
20231129:1210,19.26,33.17,12.67,-3.96,6.76,0.0
20231129:1310,2.17,9.86,6.99,-4.26,6.28,0.0
20231129:1410,0.0,0.0,0.0,-4.79,6.76,0.0
20231129:1510,0.0,0.0,0.0,-5.48,6.41,0.0
20231129:1610,0.0,0.0,0.0,-5.73,6.14,0.0
20231129:1710,0.0,0.0,0.0,-5.46,5.93,0.0
20231129:1810,0.0,0.0,0.0,-5.24,5.79,0.0
20231129:1910,0.0,0.0,0.0,-4.73,5.79,0.0
20231129:2010,0.0,0.0,0.0,-4.73,5.59,0.0
20231129:2110,0.0,0.0,0.0,-4.68,5.31,0.0
20231129:2210,0.0,0.0,0.0,-4.72,4.9,0.0
20231129:2310,0.0,0.0,0.0,-4.91,4.62,0.0
20231130:0010,0.0,0.0,0.0,-5.19,4.41,0.0
20231130:0110,0.0,0.0,0.0,-5.66,4.07,0.0
20231130:0210,0.0,0.0,0.0,-6.15,3.79,0.0
20231130:0310,0.0,0.0,0.0,-6.69,3.66,0.0
20231130:0410,0.0,0.0,0.0,-7.0,3.79,0.0
20231130:0510,0.0,0.0,0.0,-6.91,4.0,0.0
20231130:0610,0.0,0.9,1.43,-6.71,4.0,0.0
20231130:0710,57.27,74.56,8.3,-6.0,4.0,0.0
20231130:0810,52.45,70.16,13.56,-4.83,3.72,0.0
20231130:0910,33.87,50.21,16.81,-3.48,4.14,0.0
20231130:1010,39.26,56.48,17.74,-2.26,4.41,0.0
20231130:1110,22.72,37.65,16.27,-1.44,4.34,0.0
20231130:1210,23.43,38.55,12.54,-1.14,4.14,0.0
20231130:1310,3.7,12.55,6.88,-1.21,3.86,0.0
20231130:1410,0.0,0.0,0.0,-1.8,3.66,0.0
20231130:1510,0.0,0.0,0.0,-2.12,3.72,0.0
20231130:1610,0.0,0.0,0.0,-2.12,4.0,0.0
20231130:1710,0.0,0.0,0.0,-2.17,4.14,0.0
20231130:1810,0.0,0.0,0.0,-2.11,4.07,0.0
20231130:1910,0.0,0.0,0.0,-1.64,3.86,0.0
20231130:2010,0.0,0.0,0.0,-1.83,3.38,0.0
20231130:2110,0.0,0.0,0.0,-1.95,2.97,0.0
20231130:2210,0.0,0.0,0.0,-2.02,2.69,0.0
20231130:2310,0.0,0.0,0.0,-2.06,2.14,0.0
20231201:0010,0.0,0.0,0.0,-2.21,1.72,0.0
20231201:0110,0.0,0.0,0.0,-2.4,1.31,0.0
20231201:0210,0.0,0.0,0.0,-2.67,1.1,0.0
20231201:0310,0.0,0.0,0.0,-2.82,1.17,0.0
20231201:0410,0.0,0.0,0.0,-2.98,1.24,0.0
20231201:0510,0.0,0.0,0.0,-3.1,1.17,0.0
20231201:0610,0.0,0.0,0.0,-3.26,1.17,0.0
20231201:0710,29.78,45.53,8.12,-3.52,1.45,0.0
20231201:0810,39.4,56.48,13.38,-3.38,1.72,0.0
20231201:0910,32.74,49.31,16.64,-1.73,1.93,0.0
20231201:1010,29.43,45.72,17.59,-0.52,2.0,0.0
20231201:1110,75.11,95.9,16.13,-0.13,1.93,0.0
20231201:1210,15.95,29.59,12.42,0.02,1.93,0.0
20231201:1310,163.19,186.72,6.78,-0.07,1.79,0.0
20231201:1410,0.0,0.0,0.0,-0.54,1.17,0.0
20231201:1510,0.0,0.0,0.0,-1.18,0.9,0.0
20231201:1610,0.0,0.0,0.0,-1.52,0.9,0.0
20231201:1710,0.0,0.0,0.0,-1.82,0.97,0.0
20231201:1810,0.0,0.0,0.0,-1.65,0.83,0.0
20231201:1910,0.0,0.0,0.0,-2.47,1.24,0.0
20231201:2010,0.0,0.0,0.0,-1.74,0.83,0.0
20231201:2110,0.0,0.0,0.0,-1.66,0.76,0.0
20231201:2210,0.0,0.0,0.0,-2.28,0.9,0.0
20231201:2310,0.0,0.0,0.0,-1.72,0.69,0.0
20231202:0010,0.0,0.0,0.0,-1.93,0.69,0.0
20231202:0110,0.0,0.0,0.0,-2.9,1.1,0.0
20231202:0210,0.0,0.0,0.0,-3.18,1.45,0.0
20231202:0310,0.0,0.0,0.0,-2.82,1.72,0.0
20231202:0410,0.0,0.0,0.0,-2.51,1.79,0.0
20231202:0510,0.0,0.0,0.0,-2.21,2.07,0.0
20231202:0610,0.0,0.0,0.0,-2.05,2.34,0.0
20231202:0710,1.64,8.97,7.94,-1.69,2.97,0.0
20231202:0810,94.52,114.93,13.21,-1.57,3.31,0.0
20231202:0910,19.73,34.07,16.47,-1.49,3.59,0.0
20231202:1010,19.73,34.07,17.43,-1.46,3.93,0.0
20231202:1110,22.72,37.65,16.0,-1.48,4.41,0.0
20231202:1210,4.85,14.34,12.3,-1.5,4.48,0.0
20231202:1310,2.12,9.86,6.69,-1.59,4.21,0.0
20231202:1410,0.0,0.0,0.0,-1.61,4.55,0.0
20231202:1510,0.0,0.0,0.0,-1.59,4.55,0.0
20231202:1610,0.0,0.0,0.0,-1.56,4.48,0.0
20231202:1710,0.0,0.0,0.0,-1.47,4.55,0.0
20231202:1810,0.0,0.0,0.0,-1.33,4.28,0.0
20231202:1910,0.0,0.0,0.0,-1.31,4.21,0.0
20231202:2010,0.0,0.0,0.0,-1.19,3.52,0.0
20231202:2110,0.0,0.0,0.0,-1.05,3.79,0.0
20231202:2210,0.0,0.0,0.0,-0.79,2.97,0.0
20231202:2310,0.0,0.0,0.0,-0.43,2.41,0.0
20231203:0010,0.0,0.0,0.0,-0.14,2.0,0.0
20231203:0110,0.0,0.0,0.0,0.15,0.97,0.0
20231203:0210,0.0,0.0,0.0,0.34,2.28,0.0
20231203:0310,0.0,0.0,0.0,-0.4,5.03,0.0
20231203:0410,0.0,0.0,0.0,-1.9,6.21,0.0
20231203:0510,0.0,0.0,0.0,-3.13,6.41,0.0
20231203:0610,0.0,0.0,0.0,-3.79,6.34,0.0
20231203:0710,20.77,34.96,7.77,-4.09,6.55,0.0
20231203:0810,34.76,51.1,13.04,-3.82,6.28,0.0
20231203:0910,29.13,44.83,16.31,-3.34,6.34,0.0
20231203:1010,19.16,33.17,17.29,-3.01,5.86,0.0
20231203:1110,12.68,25.1,15.87,-2.9,5.17,0.0
20231203:1210,10.61,22.41,12.2,-2.82,4.9,0.0
20231203:1310,1.65,8.97,6.6,-2.94,4.41,0.0
20231203:1410,0.0,0.0,0.0,-3.04,4.34,0.0
20231203:1510,0.0,0.0,0.0,-3.19,4.34,0.0
20231203:1610,0.0,0.0,0.0,-3.34,4.28,0.0
20231203:1710,0.0,0.0,0.0,-3.37,4.07,0.0
20231203:1810,0.0,0.0,0.0,-3.29,3.66,0.0
20231203:1910,0.0,0.0,0.0,-3.05,3.59,0.0
20231203:2010,0.0,0.0,0.0,-2.86,3.45,0.0
20231203:2110,0.0,0.0,0.0,-2.83,3.17,0.0
20231203:2210,0.0,0.0,0.0,-2.75,3.17,0.0
20231203:2310,0.0,0.0,0.0,-2.55,3.31,0.0
20231204:0010,0.0,0.0,0.0,-2.43,3.66,0.0
20231204:0110,0.0,0.0,0.0,-2.51,4.0,0.0
20231204:0210,0.0,0.0,0.0,-2.83,4.34,0.0
20231204:0310,0.0,0.0,0.0,-3.53,4.48,0.0
20231204:0410,0.0,0.0,0.0,-4.1,4.41,0.0
20231204:0510,0.0,0.0,0.0,-4.42,4.21,0.0
20231204:0610,0.0,0.0,0.0,-4.41,4.07,0.0
20231204:0710,6.14,16.14,7.6,-4.14,4.07,0.0
20231204:0810,59.69,78.01,12.88,-3.89,4.34,0.0
20231204:0910,28.34,43.93,16.16,-3.43,4.14,0.0
20231204:1010,22.16,36.76,17.15,-3.08,5.31,0.0
20231204:1110,17.68,31.38,15.75,-2.92,4.9,0.0
20231204:1210,14.08,26.9,12.1,-2.99,4.34,0.0
20231204:1310,2.66,10.76,6.52,-3.11,3.86,0.0
20231204:1410,0.0,0.0,0.0,-3.46,3.66,0.0
20231204:1510,0.0,0.0,0.0,-3.92,3.52,0.0
20231204:1610,0.0,0.0,0.0,-4.32,3.45,0.0
20231204:1710,0.0,0.0,0.0,-4.79,3.31,0.0
20231204:1810,0.0,0.0,0.0,-5.29,2.9,0.0
20231204:1910,0.0,0.0,0.0,-5.62,2.69,0.0
20231204:2010,0.0,0.0,0.0,-6.75,2.48,0.0
20231204:2110,0.0,0.0,0.0,-7.9,2.48,0.0
20231204:2210,0.0,0.0,0.0,-9.3,2.48,0.0
20231204:2310,0.0,0.0,0.0,-10.25,2.55,0.0
20231205:0010,0.0,0.0,0.0,-10.44,2.34,0.0
20231205:0110,0.0,0.0,0.0,-10.48,2.21,0.0
20231205:0210,0.0,0.0,0.0,-10.46,2.28,0.0
20231205:0310,0.0,0.0,0.0,-10.18,2.34,0.0
20231205:0410,0.0,0.0,0.0,-10.11,2.48,0.0
20231205:0510,0.0,0.0,0.0,-9.89,2.55,0.0
20231205:0610,0.0,0.0,0.0,-9.16,2.76,0.0
20231205:0710,2.23,9.86,7.45,-7.6,2.9,0.0
20231205:0810,49.56,66.77,12.72,-5.97,3.1,0.0
20231205:0910,97.63,117.12,16.02,-4.63,2.97,0.0
20231205:1010,27.56,43.03,17.02,-3.48,3.66,0.0
20231205:1110,15.48,28.69,15.64,-2.77,3.45,0.0
20231205:1210,8.59,19.72,12.0,-2.2,3.86,0.0
20231205:1310,0.74,7.17,6.44,-1.96,3.31,0.0
20231205:1410,0.0,0.0,0.0,-1.93,3.31,0.0
20231205:1510,0.0,0.0,0.0,-1.86,3.38,0.0
20231205:1610,0.0,0.0,0.0,-1.79,3.24,0.0
20231205:1710,0.0,0.0,0.0,-1.73,3.1,0.0
20231205:1810,0.0,0.0,0.0,-1.72,2.83,0.0
20231205:1910,0.0,0.0,0.0,-1.83,2.41,0.0
20231205:2010,0.0,0.0,0.0,-1.93,2.34,0.0
20231205:2110,0.0,0.0,0.0,-2.1,2.21,0.0
20231205:2210,0.0,0.0,0.0,-2.37,1.93,0.0
20231205:2310,0.0,0.0,0.0,-2.66,1.79,0.0
20231206:0010,0.0,0.0,0.0,-3.24,1.86,0.0
20231206:0110,0.0,0.0,0.0,-3.7,1.72,0.0
20231206:0210,0.0,0.0,0.0,-4.14,1.79,0.0
20231206:0310,0.0,0.0,0.0,-4.6,1.79,0.0
20231206:0410,0.0,0.0,0.0,-5.01,1.86,0.0
20231206:0510,0.0,0.0,0.0,-5.09,1.79,0.0
20231206:0610,0.0,0.0,0.0,-5.02,1.72,0.0
20231206:0710,61.39,79.18,7.29,-5.26,1.59,0.0
20231206:0810,33.17,49.31,12.58,-4.49,1.38,0.0
20231206:0910,16.22,29.59,15.88,-3.04,2.14,0.0
20231206:1010,12.6,25.1,16.9,-1.98,2.41,0.0
20231206:1110,12.56,25.1,15.53,-1.42,2.48,0.0
20231206:1210,16.03,29.59,11.92,-0.76,2.69,0.0
20231206:1310,1.62,8.97,6.37,-0.56,2.69,0.0
20231206:1410,0.0,0.0,0.0,-0.52,3.03,0.0
20231206:1510,0.0,0.0,0.0,-0.68,3.52,0.0
20231206:1610,0.0,0.0,0.0,-0.79,3.79,0.0
20231206:1710,0.0,0.0,0.0,-0.94,3.72,0.0
20231206:1810,0.0,0.0,0.0,-1.03,3.79,0.0
20231206:1910,0.0,0.0,0.0,-1.5,4.07,0.0
20231206:2010,0.0,0.0,0.0,-1.65,4.34,0.0
20231206:2110,0.0,0.0,0.0,-1.84,4.34,0.0
20231206:2210,0.0,0.0,0.0,-2.1,4.28,0.0
20231206:2310,0.0,0.0,0.0,-2.45,4.14,0.0
20231207:0010,0.0,0.0,0.0,-3.0,4.0,0.0
20231207:0110,0.0,0.0,0.0,-3.54,4.0,0.0
20231207:0210,0.0,0.0,0.0,-3.98,3.93,0.0
20231207:0310,0.0,0.0,0.0,-4.43,3.93,0.0
20231207:0410,0.0,0.0,0.0,-4.76,3.93,0.0
20231207:0510,0.0,0.0,0.0,-5.14,3.93,0.0
20231207:0610,0.0,0.0,0.0,-5.33,4.0,0.0
20231207:0710,1.22,8.07,7.14,-5.51,3.93,0.0
20231207:0810,42.35,59.17,12.44,-5.54,3.86,0.0
20231207:0910,54.81,72.62,15.75,-5.33,4.41,0.0
20231207:1010,137.31,156.36,16.78,-5.09,4.28,0.0
20231207:1110,27.78,43.03,15.43,-5.06,4.07,0.0
20231207:1210,101.64,120.21,11.84,-5.25,3.86,0.0
20231207:1310,8.1,18.83,6.31,-5.52,3.66,0.0
20231207:1410,0.0,0.0,0.0,-5.94,3.24,0.0
20231207:1510,0.0,0.0,0.0,-6.31,3.24,0.0
20231207:1610,0.0,0.0,0.0,-6.61,3.1,0.0
20231207:1710,0.0,0.0,0.0,-6.68,2.83,0.0
20231207:1810,0.0,0.0,0.0,-6.6,3.1,0.0
20231207:1910,0.0,0.0,0.0,-6.95,2.69,0.0
20231207:2010,0.0,0.0,0.0,-6.83,2.55,0.0
20231207:2110,0.0,0.0,0.0,-6.86,2.55,0.0
20231207:2210,0.0,0.0,0.0,-6.83,2.41,0.0
20231207:2310,0.0,0.0,0.0,-6.87,2.21,0.0
20231208:0010,0.0,0.0,0.0,-6.79,1.79,0.0
20231208:0110,0.0,0.0,0.0,-6.74,1.86,0.0
20231208:0210,0.0,0.0,0.0,-6.72,1.86,0.0
20231208:0310,0.0,0.0,0.0,-6.68,1.59,0.0
20231208:0410,0.0,0.0,0.0,-6.68,1.66,0.0
20231208:0510,0.0,0.0,0.0,-6.59,1.45,0.0
20231208:0610,0.0,0.0,0.0,-6.36,1.31,0.0
20231208:0710,25.37,39.93,7.0,-6.87,1.52,0.0
20231208:0810,35.86,52.0,12.3,-6.2,1.17,0.0
20231208:0910,29.36,44.83,15.62,-5.49,1.03,0.0
20231208:1010,30.07,45.72,16.67,-5.04,0.76,0.0
20231208:1110,20.04,34.07,15.34,-4.73,0.97,0.0
20231208:1210,7.41,17.93,11.77,-4.58,1.17,0.0
20231208:1310,2.69,10.76,6.26,-4.68,1.45,0.0
20231208:1410,0.0,0.0,0.0,-4.84,1.38,0.0
20231208:1510,0.0,0.0,0.0,-4.97,1.52,0.0
20231208:1610,0.0,0.0,0.0,-5.06,1.24,0.0
20231208:1710,0.0,0.0,0.0,-5.12,1.24,0.0
20231208:1810,0.0,0.0,0.0,-5.15,1.31,0.0
20231208:1910,0.0,0.0,0.0,-4.97,1.1,0.0
20231208:2010,0.0,0.0,0.0,-5.0,1.1,0.0
20231208:2110,0.0,0.0,0.0,-5.01,1.17,0.0
20231208:2210,0.0,0.0,0.0,-5.0,1.03,0.0
20231208:2310,0.0,0.0,0.0,-5.13,1.45,0.0
20231209:0010,0.0,0.0,0.0,-5.15,0.83,0.0
20231209:0110,0.0,0.0,0.0,-5.27,0.76,0.0
20231209:0210,0.0,0.0,0.0,-5.32,1.03,0.0
20231209:0310,0.0,0.0,0.0,-5.37,1.66,0.0
20231209:0410,0.0,0.0,0.0,-5.29,1.45,0.0
20231209:0510,0.0,0.0,0.0,-5.21,1.17,0.0
20231209:0610,0.0,0.0,0.0,-5.32,2.14,0.0
20231209:0710,0.76,7.17,6.87,-4.78,2.48,0.0
20231209:0810,12.79,25.1,12.17,-4.65,2.55,0.0
20231209:0910,20.02,34.07,15.51,-4.44,2.34,0.0
20231209:1010,12.06,24.21,16.57,-4.21,2.28,0.0
20231209:1110,8.67,19.72,15.26,-3.95,2.62,0.0
20231209:1210,4.92,14.34,11.7,-3.73,2.69,0.0
20231209:1310,1.66,8.97,6.22,-3.69,2.14,0.0
20231209:1410,0.0,0.0,0.0,-3.71,1.79,0.0
20231209:1510,0.0,0.0,0.0,-3.79,2.0,0.0
20231209:1610,0.0,0.0,0.0,-3.73,2.55,0.0
20231209:1710,0.0,0.0,0.0,-3.75,2.83,0.0
20231209:1810,0.0,0.0,0.0,-3.69,2.9,0.0
20231209:1910,0.0,0.0,0.0,-4.36,2.97,0.0
20231209:2010,0.0,0.0,0.0,-4.4,2.97,0.0
20231209:2110,0.0,0.0,0.0,-4.37,2.97,0.0
20231209:2210,0.0,0.0,0.0,-4.3,2.9,0.0
20231209:2310,0.0,0.0,0.0,-4.21,3.03,0.0
20231210:0010,0.0,0.0,0.0,-4.08,2.9,0.0
20231210:0110,0.0,0.0,0.0,-4.01,3.03,0.0
20231210:0210,0.0,0.0,0.0,-3.94,2.83,0.0
20231210:0310,0.0,0.0,0.0,-3.81,2.76,0.0
20231210:0410,0.0,0.0,0.0,-3.74,2.76,0.0
20231210:0510,0.0,0.0,0.0,-3.71,3.1,0.0
20231210:0610,0.0,0.0,0.0,-3.63,3.24,0.0
20231210:0710,12.73,25.1,6.74,-3.7,3.66,0.0
20231210:0810,29.12,44.83,12.05,-3.52,3.59,0.0
20231210:0910,28.3,43.93,15.4,-3.16,3.93,0.0
20231210:1010,19.12,33.17,16.48,-2.75,3.66,0.0
20231210:1110,9.92,21.52,15.18,-2.43,3.17,0.0
20231210:1210,4.87,14.34,11.65,-2.19,3.17,0.0
20231210:1310,9.9,21.52,6.18,-2.07,2.97,0.0
20231210:1410,0.0,0.0,0.0,-2.14,2.76,0.0
20231210:1510,0.0,0.0,0.0,-2.26,2.9,0.0
20231210:1610,0.0,0.0,0.0,-2.18,2.97,0.0
20231210:1710,0.0,0.0,0.0,-2.18,2.97,0.0
20231210:1810,0.0,0.0,0.0,-2.22,2.9,0.0
20231210:1910,0.0,0.0,0.0,-3.15,2.97,0.0
20231210:2010,0.0,0.0,0.0,-3.14,3.17,0.0
20231210:2110,0.0,0.0,0.0,-3.24,3.17,0.0
20231210:2210,0.0,0.0,0.0,-3.33,3.17,0.0
20231210:2310,0.0,0.0,0.0,-3.6,3.1,0.0
20231211:0010,0.0,0.0,0.0,-3.77,3.17,0.0
20231211:0110,0.0,0.0,0.0,-3.75,3.31,0.0
20231211:0210,0.0,0.0,0.0,-3.82,3.45,0.0
20231211:0310,0.0,0.0,0.0,-4.02,3.38,0.0
20231211:0410,0.0,0.0,0.0,-3.93,3.38,0.0
20231211:0510,0.0,0.0,0.0,-3.68,3.52,0.0
20231211:0610,0.0,0.0,0.0,-3.4,3.66,0.0
20231211:0710,3.2,11.65,6.61,-3.29,3.72,0.0
20231211:0810,37.72,54.69,11.94,-2.66,3.72,0.0
20231211:0910,11.91,24.21,15.29,-1.86,3.59,0.0
20231211:1010,42.27,60.07,16.39,-1.27,3.59,0.0
20231211:1110,40.61,58.27,15.12,-1.0,3.72,0.0
20231211:1210,58.6,77.69,11.6,-0.69,4.14,0.0
20231211:1310,50.05,68.24,6.14,-0.73,4.07,0.0
20231211:1410,0.0,0.0,0.0,-0.86,4.07,0.0
20231211:1510,0.0,0.0,0.0,-0.69,4.14,0.0
20231211:1610,0.0,0.0,0.0,-0.46,4.28,0.0
20231211:1710,0.0,0.0,0.0,-0.41,4.28,0.0
20231211:1810,0.0,0.0,0.0,-0.17,4.21,0.0
20231211:1910,0.0,0.0,0.0,0.36,4.28,0.0
20231211:2010,0.0,0.0,0.0,0.54,4.14,0.0
20231211:2110,0.0,0.0,0.0,0.42,3.93,0.0
20231211:2210,0.0,0.0,0.0,0.15,3.86,0.0
20231211:2310,0.0,0.0,0.0,-0.24,3.79,0.0
20231212:0010,0.0,0.0,0.0,-0.39,3.72,0.0
20231212:0110,0.0,0.0,0.0,-0.43,3.52,0.0
20231212:0210,0.0,0.0,0.0,-0.48,3.45,0.0
20231212:0310,0.0,0.0,0.0,-0.43,3.66,0.0
20231212:0410,0.0,0.0,0.0,-0.04,3.79,0.0
20231212:0510,0.0,0.0,0.0,0.34,3.86,0.0
20231212:0610,0.0,0.0,0.0,0.78,3.79,0.0
20231212:0710,2.08,9.86,6.5,1.33,3.86,0.0
20231212:0810,46.41,65.25,11.83,1.72,4.0,0.0
20231212:0910,30.62,47.52,15.2,2.12,4.07,0.0
20231212:1010,29.8,46.62,16.31,2.43,4.0,0.0
20231212:1110,11.62,24.21,15.06,2.65,3.79,0.0
20231212:1210,8.99,20.62,11.56,2.69,3.52,0.0
20231212:1310,5.31,15.24,6.12,2.52,3.31,0.0
20231212:1410,0.0,0.0,0.0,2.31,3.17,0.0
20231212:1510,0.0,0.0,0.0,2.17,2.97,0.0
20231212:1610,0.0,0.0,0.0,2.07,2.76,0.0
20231212:1710,0.0,0.0,0.0,1.97,2.62,0.0
20231212:1810,0.0,0.0,0.0,1.95,2.62,0.0
20231212:1910,0.0,0.0,0.0,2.07,2.9,0.0
20231212:2010,0.0,0.0,0.0,2.18,3.17,0.0
20231212:2110,0.0,0.0,0.0,2.23,3.1,0.0
20231212:2210,0.0,0.0,0.0,2.14,2.9,0.0
20231212:2310,0.0,0.0,0.0,2.03,2.9,0.0
20231213:0010,0.0,0.0,0.0,2.0,2.97,0.0
20231213:0110,0.0,0.0,0.0,1.95,2.76,0.0
20231213:0210,0.0,0.0,0.0,1.8,2.41,0.0
20231213:0310,0.0,0.0,0.0,1.61,2.14,0.0
20231213:0410,0.0,0.0,0.0,1.5,2.07,0.0
20231213:0510,0.0,0.0,0.0,1.35,2.21,0.0
20231213:0610,0.0,0.0,0.0,1.07,2.41,0.0
20231213:0710,44.59,62.82,6.39,1.14,2.69,0.0
20231213:0810,23.13,38.55,11.73,1.31,2.9,0.0
20231213:0910,181.58,206.07,15.11,1.9,3.17,0.0
20231213:1010,92.93,115.4,16.24,2.4,3.59,0.0
20231213:1110,104.3,127.24,15.0,2.79,3.93,0.0
20231213:1210,27.48,43.93,11.52,2.67,4.07,0.0
20231213:1310,48.65,67.55,6.1,2.5,4.07,0.0
20231213:1410,0.0,0.0,0.0,2.19,4.07,0.0
20231213:1510,0.0,0.0,0.0,1.92,3.93,0.0
20231213:1610,0.0,0.0,0.0,1.69,3.86,0.0
20231213:1710,0.0,0.0,0.0,1.58,3.79,0.0
20231213:1810,0.0,0.0,0.0,1.42,3.86,0.0
20231213:1910,0.0,0.0,0.0,0.76,3.72,0.0
20231213:2010,0.0,0.0,0.0,0.77,3.86,0.0
20231213:2110,0.0,0.0,0.0,0.78,4.0,0.0
20231213:2210,0.0,0.0,0.0,0.75,3.79,0.0
20231213:2310,0.0,0.0,0.0,0.7,3.52,0.0
20231214:0010,0.0,0.0,0.0,0.61,3.17,0.0
20231214:0110,0.0,0.0,0.0,0.53,2.76,0.0
20231214:0210,0.0,0.0,0.0,0.51,2.41,0.0
20231214:0310,0.0,0.0,0.0,0.44,2.28,0.0
20231214:0410,0.0,0.0,0.0,0.4,2.14,0.0
20231214:0510,0.0,0.0,0.0,0.37,1.86,0.0
20231214:0610,0.0,0.0,0.0,0.32,1.52,0.0
20231214:0710,0.32,6.28,6.28,0.15,1.79,0.0
20231214:0810,15.92,29.59,11.63,0.45,2.21,0.0
20231214:0910,12.41,25.1,15.03,0.89,2.62,0.0
20231214:1010,22.41,37.65,16.17,1.06,3.03,0.0
20231214:1110,129.13,151.92,14.96,1.05,3.17,0.0
20231214:1210,85.91,106.86,11.5,0.87,3.59,0.0
20231214:1310,34.35,51.25,6.09,0.68,3.59,0.0
20231214:1410,0.0,0.0,0.0,0.47,3.66,0.0
20231214:1510,0.0,0.0,0.0,0.25,3.72,0.0
20231214:1610,0.0,0.0,0.0,0.06,3.59,0.0
20231214:1710,0.0,0.0,0.0,-0.08,3.52,0.0
20231214:1810,0.0,0.0,0.0,-0.23,3.52,0.0
20231214:1910,0.0,0.0,0.0,-0.17,3.31,0.0
20231214:2010,0.0,0.0,0.0,-0.11,3.31,0.0
20231214:2110,0.0,0.0,0.0,-0.02,3.38,0.0
20231214:2210,0.0,0.0,0.0,-0.02,3.45,0.0
20231214:2310,0.0,0.0,0.0,-0.1,3.45,0.0
20231215:0010,0.0,0.0,0.0,0.01,3.45,0.0
20231215:0110,0.0,0.0,0.0,0.02,3.31,0.0
20231215:0210,0.0,0.0,0.0,0.0,3.1,0.0
20231215:0310,0.0,0.0,0.0,-0.07,2.83,0.0
20231215:0410,0.0,0.0,0.0,-0.18,2.62,0.0
20231215:0510,0.0,0.0,0.0,-0.22,2.55,0.0
20231215:0610,0.0,0.0,0.0,-0.23,2.48,0.0
20231215:0710,13.15,26.0,6.18,0.04,2.62,0.0
20231215:0810,37.13,54.69,11.54,0.47,3.31,0.0
20231215:0910,38.68,56.48,14.96,0.66,3.38,0.0
20231215:1010,19.52,34.07,16.12,0.64,3.59,0.0
20231215:1110,24.74,40.34,14.92,0.48,3.66,0.0
20231215:1210,35.63,52.89,11.48,0.09,3.93,0.0
20231215:1310,4.24,13.45,6.09,-0.48,3.93,0.0
20231215:1410,0.0,0.0,0.0,-1.33,3.24,0.0
20231215:1510,0.0,0.0,0.0,-2.5,2.48,0.0
20231215:1610,0.0,0.0,0.0,-3.11,2.55,0.0
20231215:1710,0.0,0.0,0.0,-2.99,2.76,0.0
20231215:1810,0.0,0.0,0.0,-2.08,3.1,0.0
20231215:1910,0.0,0.0,0.0,-0.97,3.72,0.0
20231215:2010,0.0,0.0,0.0,-0.78,3.59,0.0
20231215:2110,0.0,0.0,0.0,-0.74,3.45,0.0
20231215:2210,0.0,0.0,0.0,-0.66,3.45,0.0
20231215:2310,0.0,0.0,0.0,-0.48,3.45,0.0
20231216:0010,0.0,0.0,0.0,-0.18,3.52,0.0
20231216:0110,0.0,0.0,0.0,-0.07,3.24,0.0
20231216:0210,0.0,0.0,0.0,0.02,3.03,0.0
20231216:0310,0.0,0.0,0.0,0.19,3.24,0.0
20231216:0410,0.0,0.0,0.0,0.48,3.66,0.0
20231216:0510,0.0,0.0,0.0,0.74,3.86,0.0
20231216:0610,0.0,0.0,0.0,0.95,4.14,0.0
20231216:0710,5.95,16.14,6.09,1.0,4.0,0.0
20231216:0810,42.56,60.84,11.46,1.27,4.14,0.0
20231216:0910,26.11,42.14,14.89,1.64,4.41,0.0
20231216:1010,11.67,24.21,16.07,1.96,4.55,0.0
20231216:1110,7.74,18.83,14.89,2.31,4.62,0.0
20231216:1210,19.33,34.07,11.46,2.59,4.62,0.0
20231216:1310,3.07,11.65,6.09,2.56,4.34,0.0
20231216:1410,0.0,0.0,0.0,2.45,4.28,0.0
20231216:1510,0.0,0.0,0.0,2.43,4.21,0.0
20231216:1610,0.0,0.0,0.0,2.47,4.28,0.0
20231216:1710,0.0,0.0,0.0,2.44,4.28,0.0
20231216:1810,0.0,0.0,0.0,2.44,4.34,0.0
20231216:1910,0.0,0.0,0.0,2.45,4.28,0.0
20231216:2010,0.0,0.0,0.0,2.59,4.28,0.0
20231216:2110,0.0,0.0,0.0,2.66,4.0,0.0
20231216:2210,0.0,0.0,0.0,2.78,4.07,0.0
20231216:2310,0.0,0.0,0.0,3.17,4.69,0.0
20231217:0010,0.0,0.0,0.0,3.46,5.38,0.0
20231217:0110,0.0,0.0,0.0,3.63,5.59,0.0
20231217:0210,0.0,0.0,0.0,3.69,5.93,0.0
20231217:0310,0.0,0.0,0.0,3.71,6.28,0.0
20231217:0410,0.0,0.0,0.0,3.66,6.41,0.0
20231217:0510,0.0,0.0,0.0,3.63,6.48,0.0
20231217:0610,0.0,0.0,0.0,3.67,6.55,0.0
20231217:0710,0.68,7.17,6.01,3.95,6.34,0.0
20231217:0810,6.44,17.03,11.39,4.19,6.21,0.0
20231217:0910,17.7,32.27,14.83,4.62,6.21,0.0
20231217:1010,16.26,30.48,16.03,4.97,6.34,0.0
20231217:1110,37.09,55.58,14.87,5.21,6.28,0.0
20231217:1210,28.62,45.72,11.46,5.43,6.0,0.0
20231217:1310,7.6,18.83,6.1,5.62,5.79,0.0
20231217:1410,0.0,0.0,0.0,5.59,5.52,0.0
20231217:1510,0.0,0.0,0.0,5.52,5.31,0.0
20231217:1610,0.0,0.0,0.0,5.43,5.31,0.0
20231217:1710,0.0,0.0,0.0,5.35,5.17,0.0
20231217:1810,0.0,0.0,0.0,5.28,5.24,0.0
20231217:1910,0.0,0.0,0.0,5.13,5.72,0.0
20231217:2010,0.0,0.0,0.0,5.14,5.86,0.0
20231217:2110,0.0,0.0,0.0,5.13,5.93,0.0
20231217:2210,0.0,0.0,0.0,5.24,6.28,0.0
20231217:2310,0.0,0.0,0.0,5.32,6.34,0.0
20231218:0010,0.0,0.0,0.0,5.38,6.21,0.0
20231218:0110,0.0,0.0,0.0,5.3,6.0,0.0
20231218:0210,0.0,0.0,0.0,5.21,5.86,0.0
20231218:0310,0.0,0.0,0.0,5.22,5.79,0.0
20231218:0410,0.0,0.0,0.0,5.37,5.79,0.0
20231218:0510,0.0,0.0,0.0,5.48,5.72,0.0
20231218:0610,0.0,0.0,0.0,5.42,5.66,0.0
20231218:0710,10.14,22.41,5.93,5.38,5.72,0.0
20231218:0810,105.33,128.82,11.32,5.11,5.52,0.0
20231218:0910,71.15,93.18,14.78,5.08,5.38,0.0
20231218:1010,17.66,32.27,15.99,5.06,5.31,0.0
20231218:1110,27.16,43.93,14.85,5.07,5.17,0.0
20231218:1210,15.55,29.59,11.46,5.07,5.03,0.0
20231218:1310,7.01,17.93,6.12,4.99,4.9,0.0
20231218:1410,0.0,0.0,0.0,4.92,4.69,0.0
20231218:1510,0.0,0.0,0.0,4.89,4.48,0.0
20231218:1610,0.0,0.0,0.0,4.88,4.28,0.0
20231218:1710,0.0,0.0,0.0,4.93,4.07,0.0
20231218:1810,0.0,0.0,0.0,4.97,3.93,0.0
20231218:1910,0.0,0.0,0.0,4.94,4.0,0.0
20231218:2010,0.0,0.0,0.0,5.02,3.93,0.0
20231218:2110,0.0,0.0,0.0,5.06,3.66,0.0
20231218:2210,0.0,0.0,0.0,5.11,3.45,0.0
20231218:2310,0.0,0.0,0.0,5.17,3.38,0.0
20231219:0010,0.0,0.0,0.0,5.23,3.45,0.0
20231219:0110,0.0,0.0,0.0,5.25,3.52,0.0
20231219:0210,0.0,0.0,0.0,5.22,3.59,0.0
20231219:0310,0.0,0.0,0.0,5.15,3.93,0.0
20231219:0410,0.0,0.0,0.0,4.96,4.14,0.0
20231219:0510,0.0,0.0,0.0,4.78,4.41,0.0
20231219:0610,0.0,0.0,0.0,4.67,4.62,0.0
20231219:0710,62.35,83.11,5.86,4.8,4.76,0.0
20231219:0810,455.47,494.81,11.26,4.87,5.03,0.0
20231219:0910,650.89,712.28,14.74,5.49,5.17,0.0
20231219:1010,636.95,701.32,15.97,6.28,4.69,0.0
20231219:1110,265.56,296.08,14.84,6.45,5.45,0.0
20231219:1210,156.63,183.08,11.47,6.67,5.38,0.0
20231219:1310,17.69,32.42,6.15,6.74,5.1,0.0
20231219:1410,0.0,0.0,0.0,6.53,4.83,0.0
20231219:1510,0.0,0.0,0.0,6.28,4.48,0.0
20231219:1610,0.0,0.0,0.0,6.23,4.28,0.0
20231219:1710,0.0,0.0,0.0,6.29,4.28,0.0
20231219:1810,0.0,0.0,0.0,5.98,4.48,0.0
20231219:1910,0.0,0.0,0.0,6.09,4.69,0.0
20231219:2010,0.0,0.0,0.0,5.2,4.76,0.0
20231219:2110,0.0,0.0,0.0,4.52,4.9,0.0
20231219:2210,0.0,0.0,0.0,4.55,4.97,0.0
20231219:2310,0.0,0.0,0.0,4.6,4.97,0.0
20231220:0010,0.0,0.0,0.0,4.59,4.9,0.0
20231220:0110,0.0,0.0,0.0,4.42,4.83,0.0
20231220:0210,0.0,0.0,0.0,4.39,4.76,0.0
20231220:0310,0.0,0.0,0.0,4.2,4.55,0.0
20231220:0410,0.0,0.0,0.0,4.1,4.21,0.0
20231220:0510,0.0,0.0,0.0,3.77,4.07,0.0
20231220:0610,0.0,0.0,0.0,3.49,4.14,0.0
20231220:0710,3.04,11.65,5.79,4.28,4.41,0.0
20231220:0810,4.67,14.34,11.21,4.61,4.28,0.0
20231220:0910,72.0,94.15,14.7,4.95,4.0,0.0
20231220:1010,13.46,26.9,15.95,5.31,3.72,0.0
20231220:1110,7.59,18.83,14.84,5.66,4.14,0.0
20231220:1210,13.46,26.9,11.49,5.31,4.0,0.0
20231220:1310,42.06,60.77,6.18,4.69,4.07,0.0
20231220:1410,0.0,0.0,0.0,4.25,4.07,0.0
20231220:1510,0.0,0.0,0.0,3.77,4.14,0.0
20231220:1610,0.0,0.0,0.0,3.54,4.41,0.0
20231220:1710,0.0,0.0,0.0,3.24,4.55,0.0
20231220:1810,0.0,0.0,0.0,3.08,4.62,0.0
20231220:1910,0.0,0.0,0.0,3.12,4.76,0.0
20231220:2010,0.0,0.0,0.0,3.25,4.69,0.0
20231220:2110,0.0,0.0,0.0,3.23,4.97,0.0
20231220:2210,0.0,0.0,0.0,3.11,4.97,0.0
20231220:2310,0.0,0.0,0.0,3.07,4.97,0.0
20231221:0010,0.0,0.0,0.0,3.22,5.1,0.0
20231221:0110,0.0,0.0,0.0,3.42,5.31,0.0
20231221:0210,0.0,0.0,0.0,3.51,5.52,0.0
20231221:0310,0.0,0.0,0.0,3.35,5.31,0.0
20231221:0410,0.0,0.0,0.0,3.02,4.97,0.0
20231221:0510,0.0,0.0,0.0,2.61,4.69,0.0
20231221:0610,0.0,0.0,0.0,2.61,4.34,0.0
20231221:0710,56.29,75.86,5.74,2.39,3.79,0.0
20231221:0810,269.69,297.35,11.17,2.95,3.38,0.0
20231221:0910,144.27,169.04,14.67,3.74,3.59,0.0
20231221:1010,362.17,395.65,15.94,4.17,4.0,0.0
20231221:1110,375.43,409.4,14.85,4.74,4.83,0.0
20231221:1210,311.79,342.11,11.51,4.8,5.17,0.0
20231221:1310,134.9,159.38,6.22,4.56,5.52,0.0
20231221:1410,0.0,0.0,0.0,4.21,5.24,0.0
20231221:1510,0.0,0.0,0.0,3.95,5.17,0.0
20231221:1610,0.0,0.0,0.0,3.95,5.24,0.0
20231221:1710,0.0,0.0,0.0,3.94,5.38,0.0
20231221:1810,0.0,0.0,0.0,3.98,5.72,0.0
20231221:1910,0.0,0.0,0.0,3.62,5.93,0.0
20231221:2010,0.0,0.0,0.0,3.86,6.28,0.0
20231221:2110,0.0,0.0,0.0,4.03,6.62,0.0
20231221:2210,0.0,0.0,0.0,3.88,6.62,0.0
20231221:2310,0.0,0.0,0.0,3.59,6.62,0.0
20231222:0010,0.0,0.0,0.0,3.19,6.62,0.0
20231222:0110,0.0,0.0,0.0,2.37,6.07,0.0
20231222:0210,0.0,0.0,0.0,1.91,5.66,0.0
20231222:0310,0.0,0.0,0.0,2.1,5.31,0.0
20231222:0410,0.0,0.0,0.0,2.3,4.97,0.0
20231222:0510,0.0,0.0,0.0,2.06,4.48,0.0
20231222:0610,0.0,0.0,0.0,1.83,3.86,0.0
20231222:0710,8.31,19.72,5.69,3.59,5.24,0.0
20231222:0810,40.6,59.13,11.13,3.62,5.45,0.0
20231222:0910,23.61,39.45,14.65,3.7,5.59,0.0
20231222:1010,237.94,264.4,15.94,3.56,5.38,0.0
20231222:1110,476.15,510.87,14.87,3.22,6.28,0.0
20231222:1210,138.57,161.85,11.55,2.99,5.86,0.0
20231222:1310,232.62,258.22,6.27,2.69,6.34,0.0
20231222:1410,0.0,0.0,0.0,2.09,4.69,0.0
20231222:1510,0.0,0.0,0.0,1.35,4.34,0.0
20231222:1610,0.0,0.0,0.0,0.84,5.03,0.0
20231222:1710,0.0,0.0,0.0,0.73,5.52,0.0
20231222:1810,0.0,0.0,0.0,0.52,5.72,0.0
20231222:1910,0.0,0.0,0.0,0.08,5.66,0.0
20231222:2010,0.0,0.0,0.0,0.34,6.14,0.0
20231222:2110,0.0,0.0,0.0,0.66,6.69,0.0
20231222:2210,0.0,0.0,0.0,0.77,6.62,0.0
20231222:2310,0.0,0.0,0.0,0.67,6.55,0.0
20231223:0010,0.0,0.0,0.0,0.67,6.55,0.0
20231223:0110,0.0,0.0,0.0,0.71,6.41,0.0
20231223:0210,0.0,0.0,0.0,0.79,6.41,0.0
20231223:0310,0.0,0.0,0.0,0.74,6.28,0.0
20231223:0410,0.0,0.0,0.0,0.55,6.0,0.0
20231223:0510,0.0,0.0,0.0,0.42,5.86,0.0
20231223:0610,0.0,0.0,0.0,0.32,5.79,0.0
20231223:0710,1.16,8.07,5.64,-0.44,5.66,0.0
20231223:0810,395.98,420.99,11.1,0.09,5.93,0.0
20231223:0910,184.52,206.86,14.64,0.53,6.0,0.0
20231223:1010,123.23,145.2,15.94,0.66,7.59,0.0
20231223:1110,44.37,62.76,14.89,0.6,6.76,0.0
20231223:1210,36.36,53.79,11.59,0.67,6.55,0.0
20231223:1310,9.77,21.52,6.32,0.42,6.21,0.0
20231223:1410,0.0,0.0,0.0,-0.19,5.59,0.0
20231223:1510,0.0,0.0,0.0,-0.41,5.45,0.0
20231223:1610,0.0,0.0,0.0,-0.65,5.45,0.0
20231223:1710,0.0,0.0,0.0,-0.82,5.59,0.0
20231223:1810,0.0,0.0,0.0,-0.96,5.72,0.0
20231223:1910,0.0,0.0,0.0,-1.51,5.31,0.0
20231223:2010,0.0,0.0,0.0,-1.62,5.59,0.0
20231223:2110,0.0,0.0,0.0,-1.4,5.72,0.0
20231223:2210,0.0,0.0,0.0,-1.41,5.93,0.0
20231223:2310,0.0,0.0,0.0,-1.19,5.93,0.0
20231224:0010,0.0,0.0,0.0,-1.08,5.86,0.0
20231224:0110,0.0,0.0,0.0,-0.92,5.79,0.0
20231224:0210,0.0,0.0,0.0,-0.81,5.93,0.0
20231224:0310,0.0,0.0,0.0,-0.81,5.93,0.0
20231224:0410,0.0,0.0,0.0,-0.92,5.86,0.0
20231224:0510,0.0,0.0,0.0,-1.04,5.72,0.0
20231224:0610,0.0,0.0,0.0,-1.11,5.59,0.0
20231224:0710,310.23,333.76,5.6,-1.06,5.79,0.0
20231224:0810,169.86,190.81,11.08,-0.76,5.66,0.0
20231224:0910,264.05,285.52,14.63,-0.33,6.69,0.0
20231224:1010,270.98,292.75,15.95,-0.05,7.24,0.0
20231224:1110,145.28,167.21,14.92,0.35,6.48,0.0
20231224:1210,231.59,254.16,11.63,0.48,5.24,0.0
20231224:1310,297.19,323.19,6.38,0.38,4.14,0.0
20231224:1410,0.0,0.0,0.0,0.02,3.59,0.0
20231224:1510,0.0,0.0,0.0,-0.05,3.31,0.0
20231224:1610,0.0,0.0,0.0,-0.36,2.76,0.0
20231224:1710,0.0,0.0,0.0,-0.68,2.28,0.0
20231224:1810,0.0,0.0,0.0,-1.2,2.48,0.0
20231224:1910,0.0,0.0,0.0,-1.41,2.62,0.0
20231224:2010,0.0,0.0,0.0,-1.16,2.83,0.0
20231224:2110,0.0,0.0,0.0,-0.66,3.31,0.0
20231224:2210,0.0,0.0,0.0,-0.21,4.0,0.0
20231224:2310,0.0,0.0,0.0,0.5,4.48,0.0
20231225:0010,0.0,0.0,0.0,1.99,4.83,0.0
20231225:0110,0.0,0.0,0.0,3.77,5.66,0.0
20231225:0210,0.0,0.0,0.0,4.96,6.55,0.0
20231225:0310,0.0,0.0,0.0,5.59,7.38,0.0
20231225:0410,0.0,0.0,0.0,5.98,7.45,0.0
20231225:0510,0.0,0.0,0.0,6.51,7.31,0.0
20231225:0610,0.0,0.0,0.0,7.09,7.1,0.0
20231225:0710,60.27,81.57,5.57,7.27,6.83,0.0
20231225:0810,87.06,110.78,11.06,7.85,6.76,0.0
20231225:0910,558.84,613.76,14.63,8.52,6.62,0.0
20231225:1010,63.39,86.16,15.97,8.88,7.1,0.0
20231225:1110,59.46,81.8,14.96,8.98,7.17,0.0
20231225:1210,295.35,329.78,11.69,9.16,7.1,0.0
20231225:1310,60.6,82.32,6.45,8.79,8.41,0.0
20231225:1410,0.0,0.0,0.0,8.73,9.24,0.0
20231225:1510,0.0,0.0,0.0,8.35,8.76,0.0
20231225:1610,0.0,0.0,0.0,8.04,7.86,0.0
20231225:1710,0.0,0.0,0.0,7.3,7.52,0.0
20231225:1810,0.0,0.0,0.0,6.6,7.24,0.0
20231225:1910,0.0,0.0,0.0,6.75,7.66,0.0
20231225:2010,0.0,0.0,0.0,6.31,7.59,0.0
20231225:2110,0.0,0.0,0.0,6.24,7.45,0.0
20231225:2210,0.0,0.0,0.0,6.05,7.03,0.0
20231225:2310,0.0,0.0,0.0,5.81,6.76,0.0
20231226:0010,0.0,0.0,0.0,5.8,6.62,0.0
20231226:0110,0.0,0.0,0.0,5.84,6.41,0.0
20231226:0210,0.0,0.0,0.0,5.8,6.0,0.0
20231226:0310,0.0,0.0,0.0,5.6,5.66,0.0
20231226:0410,0.0,0.0,0.0,5.51,5.1,0.0
20231226:0510,0.0,0.0,0.0,5.3,4.48,0.0
20231226:0610,0.0,0.0,0.0,5.25,3.86,0.0
20231226:0710,39.82,58.46,5.55,5.55,3.45,0.0
20231226:0810,16.13,30.48,11.05,6.32,3.03,0.0
20231226:0910,12.0,25.1,14.64,7.06,3.24,0.0
20231226:1010,21.68,37.65,16.0,7.57,3.86,0.0
20231226:1110,115.93,142.09,15.01,8.02,4.83,0.0
20231226:1210,10.6,23.31,11.75,8.53,6.14,0.0
20231226:1310,0.26,6.28,6.52,9.29,6.76,0.0
20231226:1410,0.0,0.0,0.0,9.76,6.9,0.0
20231226:1510,0.0,0.0,0.0,9.77,7.1,0.0
20231226:1610,0.0,0.0,0.0,9.67,7.17,0.0
20231226:1710,0.0,0.0,0.0,9.43,7.1,0.0
20231226:1810,0.0,0.0,0.0,8.97,6.62,0.0
20231226:1910,0.0,0.0,0.0,8.48,6.21,0.0
20231226:2010,0.0,0.0,0.0,7.84,6.14,0.0
20231226:2110,0.0,0.0,0.0,7.65,6.41,0.0
20231226:2210,0.0,0.0,0.0,7.23,6.28,0.0
20231226:2310,0.0,0.0,0.0,6.43,6.14,0.0
20231227:0010,0.0,0.0,0.0,5.7,6.34,0.0
20231227:0110,0.0,0.0,0.0,5.64,6.62,0.0
20231227:0210,0.0,0.0,0.0,5.87,6.76,0.0
20231227:0310,0.0,0.0,0.0,5.68,7.24,0.0
20231227:0410,0.0,0.0,0.0,4.97,8.0,0.0
20231227:0510,0.0,0.0,0.0,4.24,7.31,0.0
20231227:0610,0.0,0.0,0.0,3.6,7.17,0.0
20231227:0710,149.39,173.55,5.53,3.38,6.83,0.0
20231227:0810,97.09,119.41,11.05,3.7,7.59,0.0
20231227:0910,621.46,665.56,14.66,3.97,8.21,0.0
20231227:1010,665.06,714.05,16.04,4.13,8.14,0.0
20231227:1110,161.88,186.69,15.06,4.3,7.93,0.0
20231227:1210,83.69,105.65,11.82,4.05,8.0,0.0
20231227:1310,347.31,377.71,6.6,4.02,7.79,0.0
20231227:1410,0.0,0.0,0.0,3.62,6.48,0.0
20231227:1510,0.0,0.0,0.0,3.12,5.93,0.0
20231227:1610,0.0,0.0,0.0,2.99,5.72,0.0
20231227:1710,0.0,0.0,0.0,2.96,5.59,0.0
20231227:1810,0.0,0.0,0.0,2.77,5.45,0.0
20231227:1910,0.0,0.0,0.0,2.22,4.69,0.0
20231227:2010,0.0,0.0,0.0,1.92,4.48,0.0
20231227:2110,0.0,0.0,0.0,1.53,4.28,0.0
20231227:2210,0.0,0.0,0.0,1.33,4.07,0.0
20231227:2310,0.0,0.0,0.0,1.03,3.66,0.0
20231228:0010,0.0,0.0,0.0,0.92,3.31,0.0
20231228:0110,0.0,0.0,0.0,0.5,2.76,0.0
20231228:0210,0.0,0.0,0.0,-0.08,2.28,0.0
20231228:0310,0.0,0.0,0.0,-0.42,2.21,0.0
20231228:0410,0.0,0.0,0.0,-0.48,2.07,0.0
20231228:0510,0.0,0.0,0.0,-0.58,2.21,0.0
20231228:0610,0.0,0.0,0.0,-0.95,2.55,0.0
20231228:0710,62.5,81.72,5.53,-0.39,3.1,0.0
20231228:0810,355.8,384.22,11.06,0.91,3.31,0.0
20231228:0910,609.23,663.52,14.68,2.52,3.45,0.0
20231228:1010,710.43,782.92,16.08,4.27,4.07,0.0
20231228:1110,637.21,701.58,15.12,5.44,4.14,0.0
20231228:1210,523.26,575.88,11.89,6.11,3.79,0.0
20231228:1310,287.12,320.76,6.69,6.38,4.34,0.0
20231228:1410,0.0,0.0,0.0,5.83,4.28,0.0
20231228:1510,0.0,0.0,0.0,5.27,4.28,0.0
20231228:1610,0.0,0.0,0.0,5.0,4.07,0.0
20231228:1710,0.0,0.0,0.0,5.1,4.07,0.0
20231228:1810,0.0,0.0,0.0,5.03,4.21,0.0
20231228:1910,0.0,0.0,0.0,5.68,4.55,0.0
20231228:2010,0.0,0.0,0.0,5.9,4.41,0.0
20231228:2110,0.0,0.0,0.0,5.83,4.34,0.0
20231228:2210,0.0,0.0,0.0,5.62,4.34,0.0
20231228:2310,0.0,0.0,0.0,5.23,4.21,0.0
20231229:0010,0.0,0.0,0.0,4.93,4.0,0.0
20231229:0110,0.0,0.0,0.0,4.8,3.93,0.0
20231229:0210,0.0,0.0,0.0,4.58,3.79,0.0
20231229:0310,0.0,0.0,0.0,4.59,3.79,0.0
20231229:0410,0.0,0.0,0.0,4.51,3.72,0.0
20231229:0510,0.0,0.0,0.0,4.15,3.52,0.0
20231229:0610,0.0,0.0,0.0,4.03,3.59,0.0
20231229:0710,127.44,152.17,5.52,4.63,3.86,0.0
20231229:0810,54.81,75.44,11.07,5.68,4.14,0.0
20231229:0910,332.0,368.9,14.72,6.94,3.52,0.0
20231229:1010,385.98,427.36,16.13,7.92,4.48,0.0
20231229:1110,427.81,473.35,15.19,8.44,4.76,0.0
20231229:1210,31.93,50.21,11.98,8.41,5.17,0.0
20231229:1310,6.27,17.03,6.78,8.36,5.1,0.0
20231229:1410,0.0,0.0,0.0,8.03,4.76,0.0
20231229:1510,0.0,0.0,0.0,7.6,4.69,0.0
20231229:1610,0.0,0.0,0.0,7.38,4.9,0.0
20231229:1710,0.0,0.0,0.0,7.04,5.03,0.0
20231229:1810,0.0,0.0,0.0,6.68,5.03,0.0
20231229:1910,0.0,0.0,0.0,6.09,5.03,0.0
20231229:2010,0.0,0.0,0.0,5.83,5.24,0.0
20231229:2110,0.0,0.0,0.0,5.61,5.1,0.0
20231229:2210,0.0,0.0,0.0,5.54,5.03,0.0
20231229:2310,0.0,0.0,0.0,5.5,4.97,0.0
20231230:0010,0.0,0.0,0.0,5.48,4.83,0.0
20231230:0110,0.0,0.0,0.0,5.26,4.69,0.0
20231230:0210,0.0,0.0,0.0,5.36,4.69,0.0
20231230:0310,0.0,0.0,0.0,5.34,4.55,0.0
20231230:0410,0.0,0.0,0.0,5.23,4.28,0.0
20231230:0510,0.0,0.0,0.0,5.34,4.14,0.0
20231230:0610,0.0,0.0,0.0,5.02,4.14,0.0
20231230:0710,33.54,51.4,5.53,6.2,4.69,0.0
20231230:0810,318.98,352.6,11.1,6.71,5.24,0.0
20231230:0910,65.88,88.37,14.76,7.36,4.83,0.0
20231230:1010,204.71,234.98,16.19,7.87,4.69,0.0
20231230:1110,366.88,405.94,15.27,8.39,5.66,0.0
20231230:1210,77.19,100.67,12.07,8.5,6.83,0.0
20231230:1310,98.8,123.44,6.88,8.32,6.55,0.0
20231230:1410,0.0,0.0,0.0,7.67,6.07,0.0
20231230:1510,0.0,0.0,0.0,7.25,6.14,0.0
20231230:1610,0.0,0.0,0.0,6.74,6.14,0.0
20231230:1710,0.0,0.0,0.0,6.04,5.52,0.0
20231230:1810,0.0,0.0,0.0,5.49,5.24,0.0
20231230:1910,0.0,0.0,0.0,5.11,5.24,0.0
20231230:2010,0.0,0.0,0.0,4.49,4.76,0.0
20231230:2110,0.0,0.0,0.0,3.83,4.55,0.0
20231230:2210,0.0,0.0,0.0,3.59,4.41,0.0
20231230:2310,0.0,0.0,0.0,3.49,4.34,0.0
20231231:0010,0.0,0.0,0.0,3.38,4.28,0.0
20231231:0110,0.0,0.0,0.0,3.27,4.14,0.0
20231231:0210,0.0,0.0,0.0,3.08,4.14,0.0
20231231:0310,0.0,0.0,0.0,2.59,4.14,0.0
20231231:0410,0.0,0.0,0.0,2.24,4.21,0.0
20231231:0510,0.0,0.0,0.0,2.06,4.07,0.0
20231231:0610,0.0,0.0,0.0,2.23,3.79,0.0
20231231:0710,262.45,290.57,5.54,2.03,3.59,0.0
20231231:0810,515.44,557.98,11.12,2.62,3.86,0.0
20231231:0910,659.52,718.28,14.8,3.24,4.41,0.0
20231231:1010,705.39,772.88,16.26,3.72,4.41,0.0
20231231:1110,604.86,660.76,15.35,4.09,4.07,0.0
20231231:1210,204.21,231.03,12.16,4.45,3.79,0.0
20231231:1310,70.03,91.39,6.99,4.44,2.69,0.0
20231231:1410,0.0,0.0,0.0,3.66,1.72,0.0
20231231:1510,0.0,0.0,0.0,2.79,1.72,0.0
20231231:1610,0.0,0.0,0.0,1.82,1.59,0.0
20231231:1710,0.0,0.0,0.0,0.44,1.72,0.0
20231231:1810,0.0,0.0,0.0,-0.45,1.93,0.0
20231231:1910,0.0,0.0,0.0,0.15,2.0,0.0
20231231:2010,0.0,0.0,0.0,1.56,2.34,0.0
20231231:2110,0.0,0.0,0.0,2.39,2.76,0.0
20231231:2210,0.0,0.0,0.0,3.05,2.97,0.0
20231231:2310,0.0,0.0,0.0,3.36,2.97,0.0

P: PV system power (W)
G(i): Global irradiance on the inclined plane (plane of the array) (W/m2)
H_sun: Sun height (degree)
T2m: 2-m air temperature (degree Celsius)
WS10m: 10-m total wind speed (m/s)
Int: 1 means solar radiation values are reconstructed



PVGIS (c) European Union, 2001-2025