Latitude (decimal degrees):	49.256
Longitude (decimal degrees):	23.855
Elevation (m):	297
Radiation database:	PVGIS-SARAH3


Slope: 41 deg. 
Azimuth: 0 deg. 
Nominal power of the PV system (c-Si) (kWp):	1.0
System losses (%):	10.0
time,P,G(i),H_sun,T2m,WS10m,Int
20230101:0010,0.0,0.0,0.0,9.83,7.31,0.0
20230101:0110,0.0,0.0,0.0,9.85,7.38,0.0
20230101:0210,0.0,0.0,0.0,9.9,7.45,0.0
20230101:0310,0.0,0.0,0.0,10.07,7.79,0.0
20230101:0410,0.0,0.0,0.0,10.29,7.93,0.0
20230101:0510,0.0,0.0,0.0,10.4,7.86,0.0
20230101:0610,0.0,0.0,0.0,10.46,7.79,0.0
20230101:0710,106.32,133.27,5.49,10.73,8.07,0.0
20230101:0810,254.37,289.34,11.55,11.28,8.28,0.0
20230101:0910,146.88,176.88,15.72,11.71,8.07,0.0
20230101:1010,78.56,104.08,17.63,11.91,7.79,0.0
20230101:1110,182.96,215.78,17.11,12.23,7.17,0.0
20230101:1210,149.79,180.32,14.19,12.34,7.17,0.0
20230101:1310,351.83,396.2,9.17,12.25,7.45,0.0
20230101:1410,0.0,3.6,2.43,11.84,7.1,0.0
20230101:1510,0.0,0.0,0.0,11.29,7.17,0.0
20230101:1610,0.0,0.0,0.0,10.95,7.31,0.0
20230101:1710,0.0,0.0,0.0,10.75,7.17,0.0
20230101:1810,0.0,0.0,0.0,10.7,6.9,0.0
20230101:1910,0.0,0.0,0.0,10.53,6.83,0.0
20230101:2010,0.0,0.0,0.0,10.35,6.69,0.0
20230101:2110,0.0,0.0,0.0,10.24,6.62,0.0
20230101:2210,0.0,0.0,0.0,10.18,6.21,0.0
20230101:2310,0.0,0.0,0.0,10.1,5.66,0.0
20230102:0010,0.0,0.0,0.0,10.01,4.76,0.0
20230102:0110,0.0,0.0,0.0,9.69,3.86,0.0
20230102:0210,0.0,0.0,0.0,9.4,3.59,0.0
20230102:0310,0.0,0.0,0.0,9.2,3.45,0.0
20230102:0410,0.0,0.0,0.0,8.92,3.24,0.0
20230102:0510,0.0,0.0,0.0,8.47,3.03,0.0
20230102:0610,0.0,0.0,0.0,8.06,3.03,0.0
20230102:0710,182.87,214.34,5.51,8.6,4.34,0.0
20230102:0810,480.79,537.96,11.59,10.0,4.21,0.0
20230102:0910,559.45,633.86,15.78,11.64,3.79,0.0
20230102:1010,622.29,718.58,17.71,12.88,2.9,0.0
20230102:1110,618.37,714.86,17.21,13.62,3.1,0.0
20230102:1210,515.92,591.0,14.3,13.68,3.31,0.0
20230102:1310,356.75,407.76,9.29,13.07,3.72,0.0
20230102:1410,100.64,130.29,2.56,11.89,3.79,0.0
20230102:1510,0.0,0.0,0.0,10.54,4.0,0.0
20230102:1610,0.0,0.0,0.0,10.04,4.28,0.0
20230102:1710,0.0,0.0,0.0,10.22,4.48,0.0
20230102:1810,0.0,0.0,0.0,10.45,4.62,0.0
20230102:1910,0.0,0.0,0.0,9.77,4.62,0.0
20230102:2010,0.0,0.0,0.0,9.8,4.34,0.0
20230102:2110,0.0,0.0,0.0,9.65,4.14,0.0
20230102:2210,0.0,0.0,0.0,9.6,4.34,0.0
20230102:2310,0.0,0.0,0.0,9.33,4.62,0.0
20230103:0010,0.0,0.0,0.0,9.0,4.69,0.0
20230103:0110,0.0,0.0,0.0,8.63,4.55,0.0
20230103:0210,0.0,0.0,0.0,8.29,4.21,0.0
20230103:0310,0.0,0.0,0.0,7.87,3.86,0.0
20230103:0410,0.0,0.0,0.0,7.73,3.59,0.0
20230103:0510,0.0,0.0,0.0,7.6,3.31,0.0
20230103:0610,0.0,0.0,0.0,7.34,3.17,0.0
20230103:0710,221.03,254.99,5.54,8.02,3.59,0.0
20230103:0810,140.05,168.06,11.64,8.88,3.79,0.0
20230103:0910,99.88,126.31,15.84,9.67,3.79,0.0
20230103:1010,41.03,61.28,17.8,9.98,4.14,0.0
20230103:1110,15.25,29.74,17.31,9.99,4.9,0.0
20230103:1210,53.76,75.75,14.42,9.76,4.28,0.0
20230103:1310,98.05,123.51,9.42,9.24,3.79,0.0
20230103:1410,0.0,2.7,2.69,8.83,3.52,0.0
20230103:1510,0.0,0.0,0.0,8.23,3.31,0.0
20230103:1610,0.0,0.0,0.0,7.59,3.31,0.0
20230103:1710,0.0,0.0,0.0,6.99,3.31,0.0
20230103:1810,0.0,0.0,0.0,6.47,3.24,0.0
20230103:1910,0.0,0.0,0.0,6.31,3.52,0.0
20230103:2010,0.0,0.0,0.0,5.96,3.45,0.0
20230103:2110,0.0,0.0,0.0,5.48,3.31,0.0
20230103:2210,0.0,0.0,0.0,5.09,3.24,0.0
20230103:2310,0.0,0.0,0.0,4.52,3.17,0.0
20230104:0010,0.0,0.0,0.0,4.1,3.1,0.0
20230104:0110,0.0,0.0,0.0,3.67,3.1,0.0
20230104:0210,0.0,0.0,0.0,3.07,2.97,0.0
20230104:0310,0.0,0.0,0.0,2.77,2.83,0.0
20230104:0410,0.0,0.0,0.0,2.64,2.69,0.0
20230104:0510,0.0,0.0,0.0,1.88,2.34,0.0
20230104:0610,0.0,0.0,0.0,1.53,1.93,0.0
20230104:0710,117.11,140.5,5.58,1.48,1.93,0.0
20230104:0810,325.27,358.42,11.69,2.64,1.72,0.0
20230104:0910,643.23,714.34,15.92,3.52,2.34,0.0
20230104:1010,712.39,800.46,17.9,4.23,2.34,0.0
20230104:1110,675.22,756.9,17.42,4.8,2.41,0.0
20230104:1210,590.79,658.87,14.55,5.52,2.41,0.0
20230104:1310,409.38,457.41,9.55,5.72,1.59,0.0
20230104:1410,18.76,33.88,2.83,5.18,2.0,0.0
20230104:1510,0.0,0.0,0.0,4.16,2.9,0.0
20230104:1610,0.0,0.0,0.0,3.69,3.24,0.0
20230104:1710,0.0,0.0,0.0,3.75,3.93,0.0
20230104:1810,0.0,0.0,0.0,4.19,5.17,0.0
20230104:1910,0.0,0.0,0.0,4.72,7.52,0.0
20230104:2010,0.0,0.0,0.0,5.19,8.0,0.0
20230104:2110,0.0,0.0,0.0,5.54,8.69,0.0
20230104:2210,0.0,0.0,0.0,5.65,9.17,0.0
20230104:2310,0.0,0.0,0.0,5.37,8.69,0.0
20230105:0010,0.0,0.0,0.0,5.12,8.28,0.0
20230105:0110,0.0,0.0,0.0,5.34,8.28,0.0
20230105:0210,0.0,0.0,0.0,5.53,8.55,0.0
20230105:0310,0.0,0.0,0.0,5.52,8.69,0.0
20230105:0410,0.0,0.0,0.0,5.48,8.62,0.0
20230105:0510,0.0,0.0,0.0,5.49,8.34,0.0
20230105:0610,0.0,0.0,0.0,5.53,8.21,0.0
20230105:0710,8.92,20.73,5.62,5.76,8.34,0.0
20230105:0810,66.24,87.94,11.75,5.95,8.07,0.0
20230105:0910,191.92,219.37,16.0,6.2,7.59,0.0
20230105:1010,66.75,89.22,18.0,6.64,7.1,0.0
20230105:1110,263.77,294.89,17.54,7.03,6.83,0.0
20230105:1210,211.73,240.81,14.68,7.05,6.34,0.0
20230105:1310,110.66,135.55,9.69,7.16,6.14,0.0
20230105:1410,1.54,9.01,2.97,7.21,6.28,0.0
20230105:1510,0.0,0.0,0.0,7.04,5.86,0.0
20230105:1610,0.0,0.0,0.0,6.54,5.72,0.0
20230105:1710,0.0,0.0,0.0,6.19,6.07,0.0
20230105:1810,0.0,0.0,0.0,5.96,6.07,0.0
20230105:1910,0.0,0.0,0.0,5.75,6.48,0.0
20230105:2010,0.0,0.0,0.0,5.45,7.03,0.0
20230105:2110,0.0,0.0,0.0,4.98,7.38,0.0
20230105:2210,0.0,0.0,0.0,4.43,7.17,0.0
20230105:2310,0.0,0.0,0.0,4.03,6.9,0.0
20230106:0010,0.0,0.0,0.0,3.72,6.76,0.0
20230106:0110,0.0,0.0,0.0,3.47,6.9,0.0
20230106:0210,0.0,0.0,0.0,3.09,6.76,0.0
20230106:0310,0.0,0.0,0.0,2.62,6.69,0.0
20230106:0410,0.0,0.0,0.0,2.09,6.41,0.0
20230106:0510,0.0,0.0,0.0,1.69,5.93,0.0
20230106:0610,0.0,0.0,0.0,1.28,5.24,0.0
20230106:0710,18.15,32.39,5.67,1.21,4.34,0.0
20230106:0810,68.34,88.76,11.82,1.16,3.66,0.0
20230106:0910,66.64,87.27,16.09,1.32,4.21,0.0
20230106:1010,36.42,54.07,18.11,1.43,4.07,0.0
20230106:1110,27.81,44.16,17.67,1.63,3.79,0.0
20230106:1210,42.69,61.28,14.82,1.9,3.59,0.0
20230106:1310,9.1,20.73,9.84,2.0,3.24,0.0
20230106:1410,10.58,22.82,3.12,1.92,2.83,0.0
20230106:1510,0.0,0.0,0.0,1.63,1.79,0.0
20230106:1610,0.0,0.0,0.0,1.39,1.03,0.0
20230106:1710,0.0,0.0,0.0,1.49,0.14,0.0
20230106:1810,0.0,0.0,0.0,1.05,0.69,0.0
20230106:1910,0.0,0.0,0.0,0.3,1.59,0.0
20230106:2010,0.0,0.0,0.0,0.19,1.79,0.0
20230106:2110,0.0,0.0,0.0,0.98,2.14,0.0
20230106:2210,0.0,0.0,0.0,2.12,2.55,0.0
20230106:2310,0.0,0.0,0.0,2.82,3.38,0.0
20230107:0010,0.0,0.0,0.0,3.33,4.48,0.0
20230107:0110,0.0,0.0,0.0,3.8,5.31,0.0
20230107:0210,0.0,0.0,0.0,4.24,5.45,0.0
20230107:0310,0.0,0.0,0.0,4.57,5.45,0.0
20230107:0410,0.0,0.0,0.0,4.96,4.97,0.0
20230107:0510,0.0,0.0,0.0,5.1,4.48,0.0
20230107:0610,0.0,0.0,0.0,5.2,4.07,0.0
20230107:0710,140.59,166.79,5.73,4.67,3.52,0.0
20230107:0810,106.78,130.82,11.9,4.93,3.31,0.0
20230107:0910,126.3,152.13,16.19,5.47,2.76,0.0
20230107:1010,82.91,106.59,18.23,5.74,2.97,0.0
20230107:1110,52.18,73.0,17.8,5.97,3.45,0.0
20230107:1210,23.47,39.65,14.97,5.96,2.9,0.0
20230107:1310,77.36,100.0,9.99,5.64,2.28,0.0
20230107:1410,0.0,2.7,3.28,5.12,1.72,0.0
20230107:1510,0.0,0.0,0.0,4.48,1.31,0.0
20230107:1610,0.0,0.0,0.0,4.08,1.31,0.0
20230107:1710,0.0,0.0,0.0,3.38,1.52,0.0
20230107:1810,0.0,0.0,0.0,3.02,1.59,0.0
20230107:1910,0.0,0.0,0.0,2.65,1.86,0.0
20230107:2010,0.0,0.0,0.0,2.31,1.93,0.0
20230107:2110,0.0,0.0,0.0,1.93,1.93,0.0
20230107:2210,0.0,0.0,0.0,1.43,1.93,0.0
20230107:2310,0.0,0.0,0.0,1.19,1.79,0.0
20230108:0010,0.0,0.0,0.0,0.5,1.79,0.0
20230108:0110,0.0,0.0,0.0,-0.07,1.93,0.0
20230108:0210,0.0,0.0,0.0,-0.28,1.93,0.0
20230108:0310,0.0,0.0,0.0,-0.23,2.07,0.0
20230108:0410,0.0,0.0,0.0,0.25,2.34,0.0
20230108:0510,0.0,0.0,0.0,0.35,2.62,0.0
20230108:0610,0.0,0.0,0.0,0.48,2.76,0.0
20230108:0710,12.52,25.23,5.8,0.64,3.03,0.0
20230108:0810,34.82,52.27,11.98,1.48,3.24,0.0
20230108:0910,36.22,54.07,16.3,2.46,3.45,0.0
20230108:1010,30.59,47.76,18.35,3.57,3.72,0.0
20230108:1110,32.05,49.56,17.95,4.08,3.66,0.0
20230108:1210,15.71,29.74,15.12,4.52,3.86,0.0
20230108:1310,3.06,11.72,10.15,4.78,3.79,0.0
20230108:1410,3.06,11.72,3.44,4.6,3.52,0.0
20230108:1510,0.0,0.0,0.0,4.31,3.17,0.0
20230108:1610,0.0,0.0,0.0,4.05,3.1,0.0
20230108:1710,0.0,0.0,0.0,3.75,3.24,0.0
20230108:1810,0.0,0.0,0.0,3.53,3.31,0.0
20230108:1910,0.0,0.0,0.0,2.79,3.38,0.0
20230108:2010,0.0,0.0,0.0,2.56,3.66,0.0
20230108:2110,0.0,0.0,0.0,2.14,3.66,0.0
20230108:2210,0.0,0.0,0.0,1.87,3.59,0.0
20230108:2310,0.0,0.0,0.0,2.0,3.52,0.0
20230109:0010,0.0,0.0,0.0,1.97,3.52,0.0
20230109:0110,0.0,0.0,0.0,2.36,3.59,0.0
20230109:0210,0.0,0.0,0.0,2.78,3.52,0.0
20230109:0310,0.0,0.0,0.0,3.19,3.31,0.0
20230109:0410,0.0,0.0,0.0,3.61,3.03,0.0
20230109:0510,0.0,0.0,0.0,3.75,3.03,0.0
20230109:0610,0.0,0.0,0.0,3.81,3.03,0.0
20230109:0710,26.76,43.25,5.87,4.31,3.1,0.0
20230109:0810,14.26,27.94,12.08,5.23,3.24,0.0
20230109:0910,35.51,54.07,16.41,6.39,3.1,0.0
20230109:1010,40.75,60.38,18.48,7.32,2.69,0.0
20230109:1110,26.23,43.26,18.09,7.52,2.62,0.0
20230109:1210,18.97,34.24,15.28,7.36,2.62,0.0
20230109:1310,6.98,18.02,10.31,6.99,2.69,0.0
20230109:1410,2.51,10.81,3.61,6.39,2.83,0.0
20230109:1510,0.0,0.0,0.0,5.84,2.83,0.0
20230109:1610,0.0,0.0,0.0,5.38,2.76,0.0
20230109:1710,0.0,0.0,0.0,5.05,2.69,0.0
20230109:1810,0.0,0.0,0.0,4.85,2.62,0.0
20230109:1910,0.0,0.0,0.0,4.41,2.41,0.0
20230109:2010,0.0,0.0,0.0,3.95,2.14,0.0
20230109:2110,0.0,0.0,0.0,3.51,2.07,0.0
20230109:2210,0.0,0.0,0.0,3.3,2.21,0.0
20230109:2310,0.0,0.0,0.0,3.33,2.21,0.0
20230110:0010,0.0,0.0,0.0,3.25,2.28,0.0
20230110:0110,0.0,0.0,0.0,3.17,2.21,0.0
20230110:0210,0.0,0.0,0.0,3.23,2.07,0.0
20230110:0310,0.0,0.0,0.0,3.23,2.07,0.0
20230110:0410,0.0,0.0,0.0,3.2,2.14,0.0
20230110:0510,0.0,0.0,0.0,3.13,2.28,0.0
20230110:0610,0.0,0.0,0.0,3.06,2.28,0.0
20230110:0710,4.76,14.42,5.95,3.01,2.14,0.0
20230110:0810,22.3,37.85,12.18,3.36,2.21,0.0
20230110:0910,26.7,43.26,16.53,4.11,3.03,0.0
20230110:1010,42.9,62.18,18.62,4.61,3.1,0.0
20230110:1110,19.92,35.15,18.25,5.09,2.76,0.0
20230110:1210,23.54,39.65,15.44,5.31,2.21,0.0
20230110:1310,8.3,19.83,10.49,5.05,1.86,0.0
20230110:1410,32.25,50.09,3.78,4.6,1.79,0.0
20230110:1510,0.0,0.0,0.0,4.12,1.38,0.0
20230110:1610,0.0,0.0,0.0,3.74,1.17,0.0
20230110:1710,0.0,0.0,0.0,3.42,1.24,0.0
20230110:1810,0.0,0.0,0.0,3.14,1.17,0.0
20230110:1910,0.0,0.0,0.0,2.27,1.79,0.0
20230110:2010,0.0,0.0,0.0,1.9,1.24,0.0
20230110:2110,0.0,0.0,0.0,1.84,0.97,0.0
20230110:2210,0.0,0.0,0.0,1.72,1.17,0.0
20230110:2310,0.0,0.0,0.0,1.61,1.24,0.0
20230111:0010,0.0,0.0,0.0,1.42,1.24,0.0
20230111:0110,0.0,0.0,0.0,1.23,1.31,0.0
20230111:0210,0.0,0.0,0.0,1.11,1.24,0.0
20230111:0310,0.0,0.0,0.0,1.0,1.17,0.0
20230111:0410,0.0,0.0,0.0,1.0,1.31,0.0
20230111:0510,0.0,0.0,0.0,0.99,1.38,0.0
20230111:0610,0.0,0.0,0.0,1.15,1.1,0.0
20230111:0710,46.61,65.32,6.03,1.36,2.28,0.0
20230111:0810,148.36,172.02,12.28,1.63,2.69,0.0
20230111:0910,85.26,107.57,16.65,2.32,2.76,0.0
20230111:1010,59.41,80.2,18.77,3.07,2.55,0.0
20230111:1110,41.51,60.38,18.41,3.62,2.69,0.0
20230111:1210,32.07,49.56,15.62,3.89,2.83,0.0
20230111:1310,25.98,42.36,10.66,3.85,2.97,0.0
20230111:1410,5.32,15.32,3.96,3.57,2.83,0.0
20230111:1510,0.0,0.0,0.0,2.47,2.76,0.0
20230111:1610,0.0,0.0,0.0,1.54,2.69,0.0
20230111:1710,0.0,0.0,0.0,0.89,2.41,0.0
20230111:1810,0.0,0.0,0.0,0.2,2.28,0.0
20230111:1910,0.0,0.0,0.0,-0.18,2.34,0.0
20230111:2010,0.0,0.0,0.0,-0.42,2.14,0.0
20230111:2110,0.0,0.0,0.0,-0.26,2.14,0.0
20230111:2210,0.0,0.0,0.0,-0.36,2.0,0.0
20230111:2310,0.0,0.0,0.0,-0.54,2.0,0.0
20230112:0010,0.0,0.0,0.0,-0.74,1.86,0.0
20230112:0110,0.0,0.0,0.0,-0.48,1.66,0.0
20230112:0210,0.0,0.0,0.0,0.25,1.52,0.0
20230112:0310,0.0,0.0,0.0,0.64,2.14,0.0
20230112:0410,0.0,0.0,0.0,1.25,2.34,0.0
20230112:0510,0.0,0.0,0.0,1.44,1.79,0.0
20230112:0610,0.0,0.0,0.0,1.55,1.45,0.0
20230112:0710,19.96,34.77,6.13,1.97,1.17,0.0
20230112:0810,56.02,76.31,12.39,2.86,1.1,0.0
20230112:0910,187.5,216.83,16.79,4.97,0.97,0.0
20230112:1010,432.28,485.0,18.92,6.39,1.31,0.0
20230112:1110,157.29,186.61,18.58,7.06,1.59,0.0
20230112:1210,185.0,216.04,15.79,7.23,1.1,0.0
20230112:1310,175.12,205.19,10.84,7.16,1.1,0.0
20230112:1410,0.0,3.6,4.14,6.51,1.38,0.0
20230112:1510,0.0,0.0,0.0,5.44,1.79,0.0
20230112:1610,0.0,0.0,0.0,4.34,1.79,0.0
20230112:1710,0.0,0.0,0.0,3.17,1.79,0.0
20230112:1810,0.0,0.0,0.0,2.58,1.86,0.0
20230112:1910,0.0,0.0,0.0,1.91,2.07,0.0
20230112:2010,0.0,0.0,0.0,1.95,2.21,0.0
20230112:2110,0.0,0.0,0.0,2.04,2.21,0.0
20230112:2210,0.0,0.0,0.0,2.06,2.07,0.0
20230112:2310,0.0,0.0,0.0,2.11,2.07,0.0
20230113:0010,0.0,0.0,0.0,2.82,2.07,0.0
20230113:0110,0.0,0.0,0.0,3.17,2.0,0.0
20230113:0210,0.0,0.0,0.0,2.85,2.07,0.0
20230113:0310,0.0,0.0,0.0,2.28,2.34,0.0
20230113:0410,0.0,0.0,0.0,2.38,2.69,0.0
20230113:0510,0.0,0.0,0.0,2.66,3.03,0.0
20230113:0610,0.0,0.0,0.0,3.29,3.45,0.0
20230113:0710,261.47,292.64,6.23,2.99,3.17,0.0
20230113:0810,543.16,597.09,12.51,4.11,3.03,0.0
20230113:0910,668.33,742.68,16.93,5.04,3.24,0.0
20230113:1010,744.31,831.96,19.08,5.99,3.93,0.0
20230113:1110,744.74,832.73,18.76,6.55,4.21,0.0
20230113:1210,475.6,523.76,15.98,6.71,4.21,0.0
20230113:1310,461.3,509.1,11.03,6.68,4.14,0.0
20230113:1410,185.14,216.66,4.33,5.95,4.07,0.0
20230113:1510,0.0,0.0,0.0,4.92,3.86,0.0
20230113:1610,0.0,0.0,0.0,4.35,3.72,0.0
20230113:1710,0.0,0.0,0.0,4.07,3.66,0.0
20230113:1810,0.0,0.0,0.0,3.75,3.59,0.0
20230113:1910,0.0,0.0,0.0,3.86,3.17,0.0
20230113:2010,0.0,0.0,0.0,3.99,3.03,0.0
20230113:2110,0.0,0.0,0.0,3.75,2.97,0.0
20230113:2210,0.0,0.0,0.0,3.45,2.97,0.0
20230113:2310,0.0,0.0,0.0,3.49,2.9,0.0
20230114:0010,0.0,0.0,0.0,3.44,2.9,0.0
20230114:0110,0.0,0.0,0.0,3.66,2.9,0.0
20230114:0210,0.0,0.0,0.0,3.69,3.03,0.0
20230114:0310,0.0,0.0,0.0,3.72,3.17,0.0
20230114:0410,0.0,0.0,0.0,3.64,3.1,0.0
20230114:0510,0.0,0.0,0.0,3.46,2.76,0.0
20230114:0610,0.0,0.0,0.0,3.4,2.41,0.0
20230114:0710,13.01,26.13,6.33,3.38,2.0,0.0
20230114:0810,41.41,60.38,12.64,3.92,1.66,0.0
20230114:0910,90.36,114.31,17.08,4.95,1.72,0.0
20230114:1010,151.26,179.09,19.25,5.53,1.86,0.0
20230114:1110,357.36,398.76,18.94,5.74,1.72,0.0
20230114:1210,588.48,665.11,16.17,6.2,1.52,0.0
20230114:1310,210.76,242.5,11.22,6.28,0.97,0.0
20230114:1410,39.26,58.53,4.52,6.1,0.83,0.0
20230114:1510,0.0,0.0,0.0,5.1,1.17,0.0
20230114:1610,0.0,0.0,0.0,3.96,1.59,0.0
20230114:1710,0.0,0.0,0.0,2.32,1.86,0.0
20230114:1810,0.0,0.0,0.0,1.27,1.93,0.0
20230114:1910,0.0,0.0,0.0,-0.72,2.07,0.0
20230114:2010,0.0,0.0,0.0,-1.48,2.0,0.0
20230114:2110,0.0,0.0,0.0,-1.55,2.21,0.0
20230114:2210,0.0,0.0,0.0,-0.95,2.41,0.0
20230114:2310,0.0,0.0,0.0,-0.42,2.55,0.0
20230115:0010,0.0,0.0,0.0,0.27,2.55,0.0
20230115:0110,0.0,0.0,0.0,1.23,2.69,0.0
20230115:0210,0.0,0.0,0.0,1.75,3.03,0.0
20230115:0310,0.0,0.0,0.0,2.36,3.38,0.0
20230115:0410,0.0,0.0,0.0,2.43,3.52,0.0
20230115:0510,0.0,0.0,0.0,2.43,3.79,0.0
20230115:0610,0.0,0.0,0.0,2.66,3.79,0.0
20230115:0710,330.75,365.02,6.45,2.84,4.14,0.0
20230115:0810,527.75,574.71,12.77,3.45,3.86,0.0
20230115:0910,474.62,518.17,17.23,4.44,3.93,0.0
20230115:1010,767.38,851.42,19.43,5.23,4.62,0.0
20230115:1110,778.15,863.42,19.13,5.94,5.17,0.0
20230115:1210,594.55,652.92,16.37,6.07,4.83,0.0
20230115:1310,480.49,528.46,11.42,5.77,4.0,0.0
20230115:1410,110.06,135.7,4.72,5.09,4.14,0.0
20230115:1510,0.0,0.0,0.0,4.36,3.52,0.0
20230115:1610,0.0,0.0,0.0,3.77,3.17,0.0
20230115:1710,0.0,0.0,0.0,3.37,2.97,0.0
20230115:1810,0.0,0.0,0.0,3.19,2.9,0.0
20230115:1910,0.0,0.0,0.0,3.18,3.31,0.0
20230115:2010,0.0,0.0,0.0,3.27,2.9,0.0
20230115:2110,0.0,0.0,0.0,3.34,2.48,0.0
20230115:2210,0.0,0.0,0.0,3.39,2.76,0.0
20230115:2310,0.0,0.0,0.0,3.08,2.83,0.0
20230116:0010,0.0,0.0,0.0,2.97,2.76,0.0
20230116:0110,0.0,0.0,0.0,2.95,2.41,0.0
20230116:0210,0.0,0.0,0.0,2.77,1.79,0.0
20230116:0310,0.0,0.0,0.0,2.33,1.45,0.0
20230116:0410,0.0,0.0,0.0,2.12,1.59,0.0
20230116:0510,0.0,0.0,0.0,2.04,1.59,0.0
20230116:0610,0.0,0.0,0.0,1.61,1.52,0.0
20230116:0710,42.33,60.72,6.57,1.64,1.31,0.0
20230116:0810,190.25,216.74,12.91,2.62,1.52,0.0
20230116:0910,215.23,243.41,17.39,3.44,2.14,0.0
20230116:1010,65.69,87.41,19.61,4.06,2.55,0.0
20230116:1110,39.03,57.68,19.32,4.19,2.69,0.0
20230116:1210,42.12,61.28,16.57,4.58,3.17,0.0
20230116:1310,73.56,95.49,11.63,4.41,3.31,0.0
20230116:1410,6.5,17.12,4.92,3.93,3.31,0.0
20230116:1510,0.0,0.0,0.0,3.2,3.31,0.0
20230116:1610,0.0,0.0,0.0,2.56,3.31,0.0
20230116:1710,0.0,0.0,0.0,2.13,3.17,0.0
20230116:1810,0.0,0.0,0.0,1.74,3.17,0.0
20230116:1910,0.0,0.0,0.0,1.49,2.76,0.0
20230116:2010,0.0,0.0,0.0,1.49,2.55,0.0
20230116:2110,0.0,0.0,0.0,1.61,2.69,0.0
20230116:2210,0.0,0.0,0.0,1.69,2.97,0.0
20230116:2310,0.0,0.0,0.0,1.77,3.03,0.0
20230117:0010,0.0,0.0,0.0,1.94,2.69,0.0
20230117:0110,0.0,0.0,0.0,1.62,2.48,0.0
20230117:0210,0.0,0.0,0.0,0.99,2.55,0.0
20230117:0310,0.0,0.0,0.0,0.99,2.62,0.0
20230117:0410,0.0,0.0,0.0,1.18,2.62,0.0
20230117:0510,0.0,0.0,0.0,1.3,2.62,0.0
20230117:0610,0.0,0.0,0.0,1.27,2.69,0.0
20230117:0710,14.57,27.94,6.69,1.1,2.55,0.0
20230117:0810,40.92,59.48,13.06,2.6,2.62,0.0
20230117:0910,31.27,48.66,17.56,4.03,2.76,0.0
20230117:1010,180.71,208.91,19.79,4.87,2.76,0.0
20230117:1110,371.88,411.3,19.52,5.32,2.83,0.0
20230117:1210,628.68,701.0,16.78,5.89,2.97,0.0
20230117:1310,299.75,335.48,11.84,6.45,2.83,0.0
20230117:1410,216.07,249.48,5.12,5.79,3.38,0.0
20230117:1510,0.0,0.0,0.0,4.82,3.17,0.0
20230117:1610,0.0,0.0,0.0,4.43,2.76,0.0
20230117:1710,0.0,0.0,0.0,3.99,2.14,0.0
20230117:1810,0.0,0.0,0.0,2.97,2.14,0.0
20230117:1910,0.0,0.0,0.0,3.32,2.48,0.0
20230117:2010,0.0,0.0,0.0,3.33,2.55,0.0
20230117:2110,0.0,0.0,0.0,3.2,2.62,0.0
20230117:2210,0.0,0.0,0.0,3.08,2.9,0.0
20230117:2310,0.0,0.0,0.0,3.13,2.97,0.0
20230118:0010,0.0,0.0,0.0,3.09,3.1,0.0
20230118:0110,0.0,0.0,0.0,3.21,3.59,0.0
20230118:0210,0.0,0.0,0.0,3.39,3.72,0.0
20230118:0310,0.0,0.0,0.0,4.08,3.59,0.0
20230118:0410,0.0,0.0,0.0,4.59,3.1,0.0
20230118:0510,0.0,0.0,0.0,5.05,2.97,0.0
20230118:0610,0.0,0.0,0.0,5.13,2.97,0.0
20230118:0710,263.64,298.51,6.83,5.44,2.83,0.0
20230118:0810,42.58,62.18,13.22,6.08,2.83,0.0
20230118:0910,70.04,93.28,17.74,7.38,2.9,0.0
20230118:1010,78.22,103.03,19.99,9.26,3.24,0.0
20230118:1110,12.55,26.13,19.73,10.02,3.31,0.0
20230118:1210,129.29,158.34,16.99,10.65,4.41,0.0
20230118:1310,455.23,506.04,12.05,10.49,6.69,0.0
20230118:1410,124.88,153.1,5.34,8.77,7.79,0.0
20230118:1510,0.0,0.0,0.0,7.11,7.31,0.0
20230118:1610,0.0,0.0,0.0,5.98,6.9,0.0
20230118:1710,0.0,0.0,0.0,5.36,6.62,0.0
20230118:1810,0.0,0.0,0.0,5.05,6.41,0.0
20230118:1910,0.0,0.0,0.0,5.02,5.52,0.0
20230118:2010,0.0,0.0,0.0,4.72,4.9,0.0
20230118:2110,0.0,0.0,0.0,4.51,4.28,0.0
20230118:2210,0.0,0.0,0.0,4.36,3.24,0.0
20230118:2310,0.0,0.0,0.0,4.08,0.97,0.0
20230119:0010,0.0,0.0,0.0,3.18,2.76,0.0
20230119:0110,0.0,0.0,0.0,2.91,2.97,0.0
20230119:0210,0.0,0.0,0.0,3.17,2.48,0.0
20230119:0310,0.0,0.0,0.0,2.97,2.28,0.0
20230119:0410,0.0,0.0,0.0,2.87,2.48,0.0
20230119:0510,0.0,0.0,0.0,2.99,2.21,0.0
20230119:0610,0.0,0.0,0.0,3.21,1.79,0.0
20230119:0710,4.76,14.42,6.97,3.02,2.07,0.0
20230119:0810,13.68,27.04,13.38,3.64,1.86,0.0
20230119:0910,37.34,55.87,17.92,4.71,2.14,0.0
20230119:1010,165.14,194.03,20.19,5.83,1.79,0.0
20230119:1110,241.32,275.68,19.94,6.98,1.72,0.0
20230119:1210,10.09,22.53,17.21,7.58,2.14,0.0
20230119:1310,354.6,399.25,12.27,7.88,1.93,0.0
20230119:1410,17.19,32.05,5.55,7.93,1.79,0.0
20230119:1510,0.0,0.0,0.0,7.39,1.86,0.0
20230119:1610,0.0,0.0,0.0,6.55,1.86,0.0
20230119:1710,0.0,0.0,0.0,5.75,2.07,0.0
20230119:1810,0.0,0.0,0.0,6.0,2.69,0.0
20230119:1910,0.0,0.0,0.0,5.25,2.0,0.0
20230119:2010,0.0,0.0,0.0,4.91,2.62,0.0
20230119:2110,0.0,0.0,0.0,4.08,2.62,0.0
20230119:2210,0.0,0.0,0.0,3.57,2.28,0.0
20230119:2310,0.0,0.0,0.0,2.92,2.07,0.0
20230120:0010,0.0,0.0,0.0,2.32,2.0,0.0
20230120:0110,0.0,0.0,0.0,1.41,2.21,0.0
20230120:0210,0.0,0.0,0.0,0.74,2.28,0.0
20230120:0310,0.0,0.0,0.0,0.25,2.14,0.0
20230120:0410,0.0,0.0,0.0,0.01,2.14,0.0
20230120:0510,0.0,0.0,0.0,-0.02,2.21,0.0
20230120:0610,0.0,0.0,0.0,-0.09,2.0,0.0
20230120:0710,6.65,17.12,7.11,0.13,1.59,0.0
20230120:0810,18.93,33.34,13.54,0.42,1.72,0.0
20230120:0910,64.23,84.71,18.11,0.58,1.86,0.0
20230120:1010,44.48,63.08,20.4,0.82,2.0,0.0
20230120:1110,42.85,61.28,20.16,0.93,2.28,0.0
20230120:1210,43.64,62.18,17.43,1.03,2.41,0.0
20230120:1310,31.77,48.66,12.49,0.87,2.55,0.0
20230120:1410,4.26,13.52,5.77,0.63,2.69,0.0
20230120:1510,0.0,0.0,0.0,0.43,2.21,0.0
20230120:1610,0.0,0.0,0.0,0.31,2.28,0.0
20230120:1710,0.0,0.0,0.0,0.18,2.28,0.0
20230120:1810,0.0,0.0,0.0,0.02,2.21,0.0
20230120:1910,0.0,0.0,0.0,-0.21,2.34,0.0
20230120:2010,0.0,0.0,0.0,-0.27,2.0,0.0
20230120:2110,0.0,0.0,0.0,-0.38,1.52,0.0
20230120:2210,0.0,0.0,0.0,-0.44,1.38,0.0
20230120:2310,0.0,0.0,0.0,-0.45,1.66,0.0
20230121:0010,0.0,0.0,0.0,-0.43,1.86,0.0
20230121:0110,0.0,0.0,0.0,-0.43,1.93,0.0
20230121:0210,0.0,0.0,0.0,-0.41,2.14,0.0
20230121:0310,0.0,0.0,0.0,-0.35,1.79,0.0
20230121:0410,0.0,0.0,0.0,-0.72,1.31,0.0
20230121:0510,0.0,0.0,0.0,-0.77,0.83,0.0
20230121:0610,0.0,0.0,0.0,-0.98,0.97,0.0
20230121:0710,7.97,18.92,7.27,-1.5,0.83,0.0
20230121:0810,34.29,51.37,13.72,-0.55,0.55,0.0
20230121:0910,146.83,171.49,18.31,0.38,0.28,0.0
20230121:1010,117.67,141.27,20.61,0.44,0.9,0.0
20230121:1110,72.51,93.72,20.39,0.6,1.24,0.0
20230121:1210,60.02,80.2,17.66,0.61,1.24,0.0
20230121:1310,47.99,66.72,12.72,0.0,1.52,0.0
20230121:1410,62.77,82.42,5.99,-1.35,1.79,0.0
20230121:1510,0.0,0.0,0.0,-2.34,1.59,0.0
20230121:1610,0.0,0.0,0.0,-1.72,1.17,0.0
20230121:1710,0.0,0.0,0.0,-1.93,1.1,0.0
20230121:1810,0.0,0.0,0.0,-2.3,0.97,0.0
20230121:1910,0.0,0.0,0.0,-5.06,1.93,0.0
20230121:2010,0.0,0.0,0.0,-5.19,1.93,0.0
20230121:2110,0.0,0.0,0.0,-5.76,2.0,0.0
20230121:2210,0.0,0.0,0.0,-6.29,2.14,0.0
20230121:2310,0.0,0.0,0.0,-5.51,1.86,0.0
20230122:0010,0.0,0.0,0.0,-4.88,1.79,0.0
20230122:0110,0.0,0.0,0.0,-4.27,1.72,0.0
20230122:0210,0.0,0.0,0.0,-3.6,1.79,0.0
20230122:0310,0.0,0.0,0.0,-2.83,1.72,0.0
20230122:0410,0.0,0.0,0.0,-2.18,1.72,0.0
20230122:0510,0.0,0.0,0.0,-1.63,1.86,0.0
20230122:0610,0.0,0.0,0.0,-0.57,1.86,0.0
20230122:0710,32.76,49.64,7.43,0.53,3.31,0.0
20230122:0810,142.65,165.93,13.9,1.24,3.38,0.0
20230122:0910,33.21,50.47,18.51,1.72,3.52,0.0
20230122:1010,43.46,62.18,20.83,2.04,3.45,0.0
20230122:1110,20.21,35.15,20.62,2.35,3.1,0.0
20230122:1210,13.76,27.04,17.9,2.6,2.69,0.0
20230122:1310,19.43,34.24,12.95,2.78,2.55,0.0
20230122:1410,27.24,43.64,6.22,2.55,2.34,0.0
20230122:1510,0.0,0.0,0.0,2.23,2.34,0.0
20230122:1610,0.0,0.0,0.0,2.12,2.28,0.0
20230122:1710,0.0,0.0,0.0,1.98,2.07,0.0
20230122:1810,0.0,0.0,0.0,1.88,1.93,0.0
20230122:1910,0.0,0.0,0.0,1.51,1.79,0.0
20230122:2010,0.0,0.0,0.0,1.5,1.86,0.0
20230122:2110,0.0,0.0,0.0,1.51,1.93,0.0
20230122:2210,0.0,0.0,0.0,1.52,2.07,0.0
20230122:2310,0.0,0.0,0.0,1.46,2.07,0.0
20230123:0010,0.0,0.0,0.0,1.74,2.28,0.0
20230123:0110,0.0,0.0,0.0,2.02,2.55,0.0
20230123:0210,0.0,0.0,0.0,2.07,2.9,0.0
20230123:0310,0.0,0.0,0.0,2.03,2.9,0.0
20230123:0410,0.0,0.0,0.0,1.87,2.69,0.0
20230123:0510,0.0,0.0,0.0,1.65,2.55,0.0
20230123:0610,0.0,0.0,0.0,1.51,2.62,0.0
20230123:0710,39.15,57.13,7.59,1.7,2.97,0.0
20230123:0810,154.79,178.85,14.09,1.91,3.45,0.0
20230123:0910,92.03,114.64,18.72,2.23,3.79,0.0
20230123:1010,92.49,115.55,21.06,2.75,3.93,0.0
20230123:1110,75.23,97.33,20.86,3.14,4.0,0.0
20230123:1210,75.57,97.7,18.14,3.38,3.86,0.0
20230123:1310,200.42,226.39,13.19,3.13,4.0,0.0
20230123:1410,32.33,49.58,6.45,2.65,3.52,0.0
20230123:1510,0.0,0.0,0.0,1.83,3.17,0.0
20230123:1610,0.0,0.0,0.0,1.2,3.03,0.0
20230123:1710,0.0,0.0,0.0,0.92,2.97,0.0
20230123:1810,0.0,0.0,0.0,0.88,2.97,0.0
20230123:1910,0.0,0.0,0.0,0.74,3.1,0.0
20230123:2010,0.0,0.0,0.0,0.54,3.03,0.0
20230123:2110,0.0,0.0,0.0,0.4,2.97,0.0
20230123:2210,0.0,0.0,0.0,0.2,2.9,0.0
20230123:2310,0.0,0.0,0.0,0.09,2.97,0.0
20230124:0010,0.0,0.0,0.0,-0.13,2.83,0.0
20230124:0110,0.0,0.0,0.0,-0.17,2.76,0.0
20230124:0210,0.0,0.0,0.0,-0.24,2.76,0.0
20230124:0310,0.0,0.0,0.0,-0.37,2.48,0.0
20230124:0410,0.0,0.0,0.0,-0.36,2.21,0.0
20230124:0510,0.0,0.0,0.0,-0.45,2.0,0.0
20230124:0610,0.0,0.0,0.0,-0.56,1.79,0.0
20230124:0710,55.85,75.17,7.76,0.11,2.28,0.0
20230124:0810,94.73,116.56,14.28,0.4,2.07,0.0
20230124:0910,76.26,97.61,18.93,0.85,2.34,0.0
20230124:1010,52.56,72.09,21.29,1.07,2.28,0.0
20230124:1110,58.3,78.4,21.1,1.03,1.86,0.0
20230124:1210,47.57,66.69,18.39,1.3,1.45,0.0
20230124:1310,31.65,48.66,13.43,1.39,1.31,0.0
20230124:1410,7.84,18.92,6.68,1.4,1.45,0.0
20230124:1510,0.0,0.0,0.0,1.3,1.59,0.0
20230124:1610,0.0,0.0,0.0,1.17,1.66,0.0
20230124:1710,0.0,0.0,0.0,0.88,1.66,0.0
20230124:1810,0.0,0.0,0.0,0.7,1.45,0.0
20230124:1910,0.0,0.0,0.0,0.28,1.38,0.0
20230124:2010,0.0,0.0,0.0,0.17,1.45,0.0
20230124:2110,0.0,0.0,0.0,-0.02,1.45,0.0
20230124:2210,0.0,0.0,0.0,-0.14,1.52,0.0
20230124:2310,0.0,0.0,0.0,-0.19,1.38,0.0
20230125:0010,0.0,0.0,0.0,-0.49,1.17,0.0
20230125:0110,0.0,0.0,0.0,-0.55,1.17,0.0
20230125:0210,0.0,0.0,0.0,-0.66,1.24,0.0
20230125:0310,0.0,0.0,0.0,-0.58,1.38,0.0
20230125:0410,0.0,0.0,0.0,-0.77,0.97,0.0
20230125:0510,0.0,0.0,0.0,-0.82,1.03,0.0
20230125:0610,0.0,0.0,0.0,-0.63,1.38,0.0
20230125:0710,57.14,76.42,7.94,-0.73,1.1,0.0
20230125:0810,74.24,94.97,14.48,-0.36,1.1,0.0
20230125:0910,69.35,90.12,19.15,0.03,1.24,0.0
20230125:1010,49.39,68.49,21.53,0.55,1.66,0.0
20230125:1110,97.25,120.03,21.35,0.8,1.72,0.0
20230125:1210,47.71,66.69,18.64,0.78,1.79,0.0
20230125:1310,23.36,38.75,13.68,0.59,1.86,0.0
20230125:1410,5.43,15.32,6.92,0.39,2.0,0.0
20230125:1510,0.0,0.0,0.0,0.04,1.72,0.0
20230125:1610,0.0,0.0,0.0,-0.43,1.59,0.0
20230125:1710,0.0,0.0,0.0,-0.82,1.72,0.0
20230125:1810,0.0,0.0,0.0,-1.16,1.93,0.0
20230125:1910,0.0,0.0,0.0,-1.76,2.28,0.0
20230125:2010,0.0,0.0,0.0,-2.13,2.48,0.0
20230125:2110,0.0,0.0,0.0,-2.49,2.48,0.0
20230125:2210,0.0,0.0,0.0,-3.28,2.34,0.0
20230125:2310,0.0,0.0,0.0,-3.98,2.21,0.0
20230126:0010,0.0,0.0,0.0,-5.0,2.28,0.0
20230126:0110,0.0,0.0,0.0,-5.5,2.28,0.0
20230126:0210,0.0,0.0,0.0,-5.71,2.21,0.0
20230126:0310,0.0,0.0,0.0,-5.76,2.14,0.0
20230126:0410,0.0,0.0,0.0,-6.12,2.07,0.0
20230126:0510,0.0,0.0,0.0,-6.08,2.07,0.0
20230126:0610,0.0,0.0,0.0,-6.26,2.07,0.0
20230126:0710,47.92,65.41,8.13,-4.41,2.21,0.0
20230126:0810,70.14,89.62,14.69,-2.95,2.14,0.0
20230126:0910,49.02,67.59,19.38,-1.25,2.07,0.0
20230126:1010,31.9,48.66,21.77,0.02,2.21,0.0
20230126:1110,24.13,39.65,21.6,0.5,2.21,0.0
20230126:1210,18.18,32.44,18.89,0.62,2.07,0.0
20230126:1310,7.25,18.02,13.93,0.71,2.14,0.0
20230126:1410,1.17,8.11,7.16,0.38,2.55,0.0
20230126:1510,0.0,0.0,0.0,-0.36,2.55,0.0
20230126:1610,0.0,0.0,0.0,-1.3,2.48,0.0
20230126:1710,0.0,0.0,0.0,-2.28,2.41,0.0
20230126:1810,0.0,0.0,0.0,-3.37,2.41,0.0
20230126:1910,0.0,0.0,0.0,-4.39,2.34,0.0
20230126:2010,0.0,0.0,0.0,-5.43,2.21,0.0
20230126:2110,0.0,0.0,0.0,-6.0,2.07,0.0
20230126:2210,0.0,0.0,0.0,-6.37,1.93,0.0
20230126:2310,0.0,0.0,0.0,-6.02,1.79,0.0
20230127:0010,0.0,0.0,0.0,-5.77,1.79,0.0
20230127:0110,0.0,0.0,0.0,-5.82,1.79,0.0
20230127:0210,0.0,0.0,0.0,-6.24,1.86,0.0
20230127:0310,0.0,0.0,0.0,-5.86,1.79,0.0
20230127:0410,0.0,0.0,0.0,-6.01,1.79,0.0
20230127:0510,0.0,0.0,0.0,-7.03,2.41,0.0
20230127:0610,0.0,0.0,0.0,-5.47,2.21,0.0
20230127:0710,29.2,44.96,8.32,-3.02,3.17,0.0
20230127:0810,159.92,181.29,14.9,-2.09,3.24,0.0
20230127:0910,302.76,326.8,19.61,-1.49,3.38,0.0
20230127:1010,77.62,98.23,22.02,-1.2,3.52,0.0
20230127:1110,111.65,133.79,21.86,-0.76,3.72,0.0
20230127:1210,66.4,86.51,19.15,-0.5,3.93,0.0
20230127:1310,63.56,83.33,14.19,-0.41,3.86,0.0
20230127:1410,12.6,25.23,7.41,-0.37,3.86,0.0
20230127:1510,0.0,0.0,0.0,-0.57,3.24,0.0
20230127:1610,0.0,0.0,0.0,-0.78,2.9,0.0
20230127:1710,0.0,0.0,0.0,-1.03,2.76,0.0
20230127:1810,0.0,0.0,0.0,-1.06,2.83,0.0
20230127:1910,0.0,0.0,0.0,-1.6,3.17,0.0
20230127:2010,0.0,0.0,0.0,-1.63,2.9,0.0
20230127:2110,0.0,0.0,0.0,-1.52,3.17,0.0
20230127:2210,0.0,0.0,0.0,-1.51,2.97,0.0
20230127:2310,0.0,0.0,0.0,-1.51,3.1,0.0
20230128:0010,0.0,0.0,0.0,-1.6,2.9,0.0
20230128:0110,0.0,0.0,0.0,-1.7,2.69,0.0
20230128:0210,0.0,0.0,0.0,-1.89,2.55,0.0
20230128:0310,0.0,0.0,0.0,-1.97,2.48,0.0
20230128:0410,0.0,0.0,0.0,-1.98,2.55,0.0
20230128:0510,0.0,0.0,0.0,-2.0,2.48,0.0
20230128:0610,0.0,0.0,0.0,-2.08,2.48,0.0
20230128:0710,9.31,20.73,8.51,-2.03,2.97,0.0
20230128:0810,15.52,28.84,15.12,-1.91,2.76,0.0
20230128:0910,59.97,79.3,19.85,-1.76,2.48,0.0
20230128:1010,48.24,66.69,22.28,-1.38,2.28,0.0
20230128:1110,47.37,65.79,22.13,-1.14,2.28,0.0
20230128:1210,127.91,150.3,19.42,-1.23,2.28,0.0
20230128:1310,65.34,85.04,14.44,-1.37,2.28,0.0
20230128:1410,13.37,26.13,7.66,-1.63,2.55,0.0
20230128:1510,0.0,0.0,0.0,-1.98,2.55,0.0
20230128:1610,0.0,0.0,0.0,-2.25,2.55,0.0
20230128:1710,0.0,0.0,0.0,-2.46,2.48,0.0
20230128:1810,0.0,0.0,0.0,-2.7,2.34,0.0
20230128:1910,0.0,0.0,0.0,-2.55,2.0,0.0
20230128:2010,0.0,0.0,0.0,-2.64,1.86,0.0
20230128:2110,0.0,0.0,0.0,-2.63,2.0,0.0
20230128:2210,0.0,0.0,0.0,-2.58,2.14,0.0
20230128:2310,0.0,0.0,0.0,-2.56,2.07,0.0
20230129:0010,0.0,0.0,0.0,-2.49,2.41,0.0
20230129:0110,0.0,0.0,0.0,-2.51,2.34,0.0
20230129:0210,0.0,0.0,0.0,-2.61,2.28,0.0
20230129:0310,0.0,0.0,0.0,-2.34,2.48,0.0
20230129:0410,0.0,0.0,0.0,-2.12,2.76,0.0
20230129:0510,0.0,0.0,0.0,-2.15,2.83,0.0
20230129:0610,0.0,0.0,0.0,-2.53,2.55,0.0
20230129:0710,22.17,36.95,8.72,-2.01,2.83,0.0
20230129:0810,50.85,69.39,15.34,-1.78,3.17,0.0
20230129:0910,41.78,59.48,20.1,-1.44,3.72,0.0
20230129:1010,30.57,46.86,22.54,-1.31,4.21,0.0
20230129:1110,29.0,45.06,22.4,-1.23,4.28,0.0
20230129:1210,23.63,38.75,19.69,-1.44,4.14,0.0
20230129:1310,14.08,27.04,14.71,-1.6,4.28,0.0
20230129:1410,8.0,18.92,7.91,-1.89,4.21,0.0
20230129:1510,0.0,0.0,0.0,-2.31,3.38,0.0
20230129:1610,0.0,0.0,0.0,-2.95,2.76,0.0
20230129:1710,0.0,0.0,0.0,-3.68,2.62,0.0
20230129:1810,0.0,0.0,0.0,-4.03,2.48,0.0
20230129:1910,0.0,0.0,0.0,-3.72,2.55,0.0
20230129:2010,0.0,0.0,0.0,-3.26,2.69,0.0
20230129:2110,0.0,0.0,0.0,-2.67,2.55,0.0
20230129:2210,0.0,0.0,0.0,-2.12,2.55,0.0
20230129:2310,0.0,0.0,0.0,-1.88,2.55,0.0
20230130:0010,0.0,0.0,0.0,-1.75,2.55,0.0
20230130:0110,0.0,0.0,0.0,-1.75,2.48,0.0
20230130:0210,0.0,0.0,0.0,-1.61,2.62,0.0
20230130:0310,0.0,0.0,0.0,-1.66,2.97,0.0
20230130:0410,0.0,0.0,0.0,-1.85,3.31,0.0
20230130:0510,0.0,0.0,0.0,-1.87,3.79,0.0
20230130:0610,0.0,0.0,0.0,-1.86,4.34,0.0
20230130:0710,90.21,110.65,8.93,-1.61,5.31,0.0
20230130:0810,471.4,498.78,15.57,-1.18,5.45,0.0
20230130:0910,345.71,368.76,20.35,-0.63,6.83,0.0
20230130:1010,165.45,188.12,22.81,-0.51,6.9,0.0
20230130:1110,354.15,378.17,22.67,-0.32,6.9,0.0
20230130:1210,148.47,170.85,19.96,-0.29,6.83,0.0
20230130:1310,247.23,269.43,14.97,-0.6,6.0,0.0
20230130:1410,18.35,32.44,8.16,-0.82,6.41,0.0
20230130:1510,0.0,0.0,0.0,-1.06,6.55,0.0
20230130:1610,0.0,0.0,0.0,-1.09,6.83,0.0
20230130:1710,0.0,0.0,0.0,-0.9,6.76,0.0
20230130:1810,0.0,0.0,0.0,-0.71,6.55,0.0
20230130:1910,0.0,0.0,0.0,-1.01,6.55,0.0
20230130:2010,0.0,0.0,0.0,-0.77,6.21,0.0
20230130:2110,0.0,0.0,0.0,-0.64,5.86,0.0
20230130:2210,0.0,0.0,0.0,-0.76,5.38,0.0
20230130:2310,0.0,0.0,0.0,-0.85,4.97,0.0
20230131:0010,0.0,0.0,0.0,-0.86,4.62,0.0
20230131:0110,0.0,0.0,0.0,-0.94,4.34,0.0
20230131:0210,0.0,0.0,0.0,-0.89,4.34,0.0
20230131:0310,0.0,0.0,0.0,-0.79,4.48,0.0
20230131:0410,0.0,0.0,0.0,-0.61,4.55,0.0
20230131:0510,0.0,0.0,0.0,-0.25,4.62,0.0
20230131:0610,0.0,0.0,0.0,-0.12,4.34,0.0
20230131:0710,66.11,86.17,9.14,0.27,4.28,0.0
20230131:0810,119.47,141.97,15.81,0.52,3.93,0.0
20230131:0910,81.19,102.73,20.6,0.95,5.24,0.0
20230131:1010,45.33,63.98,23.08,1.17,6.07,0.0
20230131:1110,70.92,91.92,22.95,1.46,6.21,0.0
20230131:1210,85.47,107.35,20.24,1.46,5.93,0.0
20230131:1310,15.27,28.84,15.24,1.38,5.86,0.0
20230131:1410,15.99,29.74,8.42,1.17,4.83,0.0
20230131:1510,0.0,0.0,0.0,0.49,4.21,0.0
20230131:1610,0.0,0.0,0.0,-0.29,4.0,0.0
20230131:1710,0.0,0.0,0.0,-0.78,3.86,0.0
20230131:1810,0.0,0.0,0.0,-0.88,3.79,0.0
20230131:1910,0.0,0.0,0.0,-0.76,3.86,0.0
20230131:2010,0.0,0.0,0.0,-0.73,3.52,0.0
20230131:2110,0.0,0.0,0.0,-0.92,3.31,0.0
20230131:2210,0.0,0.0,0.0,-1.09,3.45,0.0
20230131:2310,0.0,0.0,0.0,-0.77,4.14,0.0
20230201:0010,0.0,0.0,0.0,-0.26,4.9,0.0
20230201:0110,0.0,0.0,0.0,0.17,5.24,0.0
20230201:0210,0.0,0.0,0.0,0.39,5.52,0.0
20230201:0310,0.0,0.0,0.0,0.64,6.0,0.0
20230201:0410,0.0,0.0,0.0,0.77,6.34,0.0
20230201:0510,0.0,0.0,0.0,0.71,6.34,0.0
20230201:0610,0.0,0.0,0.0,0.5,5.93,0.0
20230201:0710,210.38,235.32,9.36,0.7,5.59,0.0
20230201:0810,337.99,364.99,16.05,1.2,5.31,0.0
20230201:0910,187.12,211.91,20.87,1.62,5.31,0.0
20230201:1010,163.46,188.3,23.36,2.27,7.24,0.0
20230201:1110,63.06,83.81,23.24,2.67,7.72,0.0
20230201:1210,137.79,162.15,20.52,2.77,7.03,0.0
20230201:1310,119.93,143.46,15.51,2.64,5.03,0.0
20230201:1410,26.62,42.82,8.68,2.28,4.9,0.0
20230201:1510,0.0,0.0,0.0,1.41,4.34,0.0
20230201:1610,0.0,0.0,0.0,0.75,4.07,0.0
20230201:1710,0.0,0.0,0.0,0.22,4.07,0.0
20230201:1810,0.0,0.0,0.0,0.18,4.21,0.0
20230201:1910,0.0,0.0,0.0,0.75,4.76,0.0
20230201:2010,0.0,0.0,0.0,0.68,4.69,0.0
20230201:2110,0.0,0.0,0.0,0.73,4.9,0.0
20230201:2210,0.0,0.0,0.0,1.0,4.83,0.0
20230201:2310,0.0,0.0,0.0,1.01,4.41,0.0
20230202:0010,0.0,0.0,0.0,1.19,4.07,0.0
20230202:0110,0.0,0.0,0.0,1.02,3.66,0.0
20230202:0210,0.0,0.0,0.0,0.66,3.52,0.0
20230202:0310,0.0,0.0,0.0,0.2,3.52,0.0
20230202:0410,0.0,0.0,0.0,-0.1,3.66,0.0
20230202:0510,0.0,0.0,0.0,-0.25,3.66,0.0
20230202:0610,0.0,0.0,0.0,-0.21,3.72,0.0
20230202:0710,85.53,106.69,9.59,0.23,4.07,0.0
20230202:0810,328.11,355.17,16.3,0.78,4.34,0.0
20230202:0910,166.39,190.95,21.13,1.18,3.93,0.0
20230202:1010,120.38,144.13,23.64,1.61,4.62,0.0
20230202:1110,204.78,230.84,23.53,1.93,4.55,0.0
20230202:1210,209.67,235.98,20.81,2.35,4.28,0.0
20230202:1310,176.85,201.93,15.79,2.54,4.48,0.0
20230202:1410,16.64,30.64,8.95,1.94,4.69,0.0
20230202:1510,0.0,0.0,0.0,1.56,5.38,0.0
20230202:1610,0.0,0.0,0.0,1.37,6.0,0.0
20230202:1710,0.0,0.0,0.0,1.21,6.07,0.0
20230202:1810,0.0,0.0,0.0,0.99,6.21,0.0
20230202:1910,0.0,0.0,0.0,0.85,6.62,0.0
20230202:2010,0.0,0.0,0.0,0.77,6.48,0.0
20230202:2110,0.0,0.0,0.0,0.44,6.34,0.0
20230202:2210,0.0,0.0,0.0,0.25,6.0,0.0
20230202:2310,0.0,0.0,0.0,0.02,5.72,0.0
20230203:0010,0.0,0.0,0.0,-0.36,5.52,0.0
20230203:0110,0.0,0.0,0.0,-0.86,5.17,0.0
20230203:0210,0.0,0.0,0.0,-1.23,5.1,0.0
20230203:0310,0.0,0.0,0.0,-1.66,4.97,0.0
20230203:0410,0.0,0.0,0.0,-2.2,4.48,0.0
20230203:0510,0.0,0.0,0.0,-2.51,4.14,0.0
20230203:0610,0.0,0.9,1.72,-2.61,3.93,0.0
20230203:0710,403.41,434.05,9.82,-2.0,3.66,0.0
20230203:0810,322.72,346.8,16.55,-1.79,3.45,0.0
20230203:0910,412.24,440.39,21.41,-1.35,3.66,0.0
20230203:1010,319.77,345.24,23.93,-0.9,4.07,0.0
20230203:1110,506.73,542.54,23.82,-0.52,3.86,0.0
20230203:1210,530.01,569.54,21.1,-0.09,3.52,0.0
20230203:1310,492.93,529.86,16.07,0.15,3.52,0.0
20230203:1410,376.1,410.84,9.21,-0.04,3.03,0.0
20230203:1510,0.0,0.0,0.0,-0.85,3.52,0.0
20230203:1610,0.0,0.0,0.0,-1.39,3.79,0.0
20230203:1710,0.0,0.0,0.0,-1.27,4.14,0.0
20230203:1810,0.0,0.0,0.0,-0.96,4.41,0.0
20230203:1910,0.0,0.0,0.0,-0.73,4.34,0.0
20230203:2010,0.0,0.0,0.0,-0.57,4.07,0.0
20230203:2110,0.0,0.0,0.0,-0.45,3.45,0.0
20230203:2210,0.0,0.0,0.0,-0.42,2.69,0.0
20230203:2310,0.0,0.0,0.0,-0.41,2.48,0.0
20230204:0010,0.0,0.0,0.0,-0.27,2.55,0.0
20230204:0110,0.0,0.0,0.0,-0.13,2.62,0.0
20230204:0210,0.0,0.0,0.0,0.06,2.97,0.0
20230204:0310,0.0,0.0,0.0,0.3,3.24,0.0
20230204:0410,0.0,0.0,0.0,0.38,3.24,0.0
20230204:0510,0.0,0.0,0.0,0.44,3.03,0.0
20230204:0610,0.0,0.9,1.94,0.39,2.9,0.0
20230204:0710,4.27,13.52,10.06,0.0,2.76,0.0
20230204:0810,84.27,105.39,16.81,-0.27,3.59,0.0
20230204:0910,29.78,45.96,21.69,-1.15,5.1,0.0
20230204:1010,53.46,72.09,24.22,-1.9,5.72,0.0
20230204:1110,82.44,102.73,24.12,-2.19,5.79,0.0
20230204:1210,65.4,84.71,21.39,-2.42,5.72,0.0
20230204:1310,103.95,124.2,16.35,-2.84,5.66,0.0
20230204:1410,27.71,43.26,9.48,-3.06,4.9,0.0
20230204:1510,0.0,0.0,0.0,-3.74,4.14,0.0
20230204:1610,0.0,0.0,0.0,-4.43,3.79,0.0
20230204:1710,0.0,0.0,0.0,-5.03,3.72,0.0
20230204:1810,0.0,0.0,0.0,-5.28,3.93,0.0
20230204:1910,0.0,0.0,0.0,-5.48,3.93,0.0
20230204:2010,0.0,0.0,0.0,-5.7,3.86,0.0
20230204:2110,0.0,0.0,0.0,-5.99,3.52,0.0
20230204:2210,0.0,0.0,0.0,-6.26,3.45,0.0
20230204:2310,0.0,0.0,0.0,-6.35,3.24,0.0
20230205:0010,0.0,0.0,0.0,-6.54,3.24,0.0
20230205:0110,0.0,0.0,0.0,-6.57,3.45,0.0
20230205:0210,0.0,0.0,0.0,-6.63,3.59,0.0
20230205:0310,0.0,0.0,0.0,-6.59,3.72,0.0
20230205:0410,0.0,0.0,0.0,-6.47,4.69,0.0
20230205:0510,0.0,0.0,0.0,-6.5,4.76,0.0
20230205:0610,0.0,1.8,2.16,-6.42,4.69,0.0
20230205:0710,22.69,36.95,10.3,-6.47,4.21,0.0
20230205:0810,117.05,135.85,17.07,-6.12,5.03,0.0
20230205:0910,88.16,107.24,21.97,-5.68,5.38,0.0
20230205:1010,41.8,58.58,24.52,-5.45,5.03,0.0
20230205:1110,72.24,91.02,24.42,-5.04,5.38,0.0
20230205:1210,19.46,33.34,21.69,-4.69,4.41,0.0
20230205:1310,27.92,43.26,16.64,-4.61,4.34,0.0
20230205:1410,6.22,16.22,9.75,-4.85,4.14,0.0
20230205:1510,0.0,0.0,0.0,-5.4,4.0,0.0
20230205:1610,0.0,0.0,0.0,-5.81,3.93,0.0
20230205:1710,0.0,0.0,0.0,-6.08,3.79,0.0
20230205:1810,0.0,0.0,0.0,-6.3,3.59,0.0
20230205:1910,0.0,0.0,0.0,-6.58,3.45,0.0
20230205:2010,0.0,0.0,0.0,-6.93,3.17,0.0
20230205:2110,0.0,0.0,0.0,-7.35,3.03,0.0
20230205:2210,0.0,0.0,0.0,-7.56,2.97,0.0
20230205:2310,0.0,0.0,0.0,-7.64,2.9,0.0
20230206:0010,0.0,0.0,0.0,-7.79,2.97,0.0
20230206:0110,0.0,0.0,0.0,-7.82,2.97,0.0
20230206:0210,0.0,0.0,0.0,-7.62,2.76,0.0
20230206:0310,0.0,0.0,0.0,-7.64,2.62,0.0
20230206:0410,0.0,0.0,0.0,-7.72,2.55,0.0
20230206:0510,0.0,0.0,0.0,-7.7,2.48,0.0
20230206:0610,0.0,1.8,2.39,-7.82,2.34,0.0
20230206:0710,0.0,0.0,0.0,-6.76,2.34,0.0
20230206:0810,122.82,142.18,17.34,-6.15,2.07,0.0
20230206:0910,91.2,110.84,22.26,-5.41,2.14,0.0
20230206:1010,59.14,77.5,24.82,-4.75,2.48,0.0
20230206:1110,69.25,88.32,24.73,-4.39,2.55,0.0
20230206:1210,49.77,67.59,21.99,-4.22,2.9,0.0
20230206:1310,27.06,42.36,16.92,-4.23,3.17,0.0
20230206:1410,14.3,27.04,10.02,-4.48,2.97,0.0
20230206:1510,0.0,0.9,1.79,-4.86,2.34,0.0
20230206:1610,0.0,0.0,0.0,-5.59,1.93,0.0
20230206:1710,0.0,0.0,0.0,-6.23,1.86,0.0
20230206:1810,0.0,0.0,0.0,-6.91,1.86,0.0
20230206:1910,0.0,0.0,0.0,-7.24,1.72,0.0
20230206:2010,0.0,0.0,0.0,-7.85,1.86,0.0
20230206:2110,0.0,0.0,0.0,-8.53,2.07,0.0
20230206:2210,0.0,0.0,0.0,-9.02,2.28,0.0
20230206:2310,0.0,0.0,0.0,-9.81,2.48,0.0
20230207:0010,0.0,0.0,0.0,-9.74,2.62,0.0
20230207:0110,0.0,0.0,0.0,-9.84,2.69,0.0
20230207:0210,0.0,0.0,0.0,-9.67,2.83,0.0
20230207:0310,0.0,0.0,0.0,-9.19,3.03,0.0
20230207:0410,0.0,0.0,0.0,-8.43,2.9,0.0
20230207:0510,0.0,0.0,0.0,-7.64,3.17,0.0
20230207:0610,0.0,1.8,2.63,-6.93,3.17,0.0
20230207:0710,75.35,93.73,10.8,-6.11,3.38,0.0
20230207:0810,136.73,156.24,17.61,-5.23,3.79,0.0
20230207:0910,78.87,98.23,22.55,-4.45,4.14,0.0
20230207:1010,92.49,112.65,25.13,-3.71,4.34,0.0
20230207:1110,52.88,71.19,25.04,-3.05,4.28,0.0
20230207:1210,43.66,61.28,22.29,-2.58,4.21,0.0
20230207:1310,37.88,54.97,17.22,-2.18,3.86,0.0
20230207:1410,14.83,27.94,10.3,-2.12,3.79,0.0
20230207:1510,0.0,0.9,2.05,-2.47,3.03,0.0
20230207:1610,0.0,0.0,0.0,-2.56,3.03,0.0
20230207:1710,0.0,0.0,0.0,-2.52,2.9,0.0
20230207:1810,0.0,0.0,0.0,-2.93,2.55,0.0
20230207:1910,0.0,0.0,0.0,-3.24,2.48,0.0
20230207:2010,0.0,0.0,0.0,-3.38,2.07,0.0
20230207:2110,0.0,0.0,0.0,-3.52,1.93,0.0
20230207:2210,0.0,0.0,0.0,-3.75,2.07,0.0
20230207:2310,0.0,0.0,0.0,-3.96,2.48,0.0
20230208:0010,0.0,0.0,0.0,-4.29,2.69,0.0
20230208:0110,0.0,0.0,0.0,-4.7,2.69,0.0
20230208:0210,0.0,0.0,0.0,-5.16,2.55,0.0
20230208:0310,0.0,0.0,0.0,-5.57,2.34,0.0
20230208:0410,0.0,0.0,0.0,-5.98,2.34,0.0
20230208:0510,0.0,0.0,0.0,-6.37,2.41,0.0
20230208:0610,0.0,4.51,2.87,-6.62,2.48,0.0
20230208:0710,81.1,99.5,11.06,-6.61,2.97,0.0
20230208:0810,134.75,153.7,17.89,-6.37,3.38,0.0
20230208:0910,110.12,129.66,22.85,-5.97,3.59,0.0
20230208:1010,121.34,141.29,25.44,-5.64,3.45,0.0
20230208:1110,118.47,138.59,25.36,-5.3,3.31,0.0
20230208:1210,107.77,127.87,22.6,-5.0,2.97,0.0
20230208:1310,126.45,146.43,17.51,-4.84,2.76,0.0
20230208:1410,62.6,80.93,10.57,-5.07,2.34,0.0
20230208:1510,0.0,1.8,2.31,-6.1,2.07,0.0
20230208:1610,0.0,0.0,0.0,-7.94,2.07,0.0
20230208:1710,0.0,0.0,0.0,-9.0,1.93,0.0
20230208:1810,0.0,0.0,0.0,-9.45,1.72,0.0
20230208:1910,0.0,0.0,0.0,-10.3,1.86,0.0
20230208:2010,0.0,0.0,0.0,-11.13,1.93,0.0
20230208:2110,0.0,0.0,0.0,-11.94,1.93,0.0
20230208:2210,0.0,0.0,0.0,-13.05,2.0,0.0
20230208:2310,0.0,0.0,0.0,-14.1,1.93,0.0
20230209:0010,0.0,0.0,0.0,-14.83,1.79,0.0
20230209:0110,0.0,0.0,0.0,-15.16,1.72,0.0
20230209:0210,0.0,0.0,0.0,-16.3,1.79,0.0
20230209:0310,0.0,0.0,0.0,-17.54,2.0,0.0
20230209:0410,0.0,0.0,0.0,-18.16,2.07,0.0
20230209:0510,0.0,0.0,0.0,-18.03,2.0,0.0
20230209:0610,74.76,94.96,3.11,-17.96,1.93,0.0
20230209:0710,474.88,482.2,11.33,-17.02,1.86,0.0
20230209:0810,706.96,733.44,18.18,-13.67,1.72,0.0
20230209:0910,842.47,909.29,23.16,-9.58,1.59,0.0
20230209:1010,896.42,998.15,25.76,-6.26,1.38,0.0
20230209:1110,882.06,994.62,25.68,-3.75,1.31,0.0
20230209:1210,509.61,553.57,22.91,-2.03,1.17,0.0
20230209:1310,611.42,673.79,17.8,-1.23,1.03,0.0
20230209:1410,386.7,424.55,10.85,-1.39,1.03,0.0
20230209:1510,0.0,1.8,2.57,-4.89,1.72,0.0
20230209:1610,0.0,0.0,0.0,-8.66,2.41,0.0
20230209:1710,0.0,0.0,0.0,-11.45,2.34,0.0
20230209:1810,0.0,0.0,0.0,-13.02,2.28,0.0
20230209:1910,0.0,0.0,0.0,-13.04,2.41,0.0
20230209:2010,0.0,0.0,0.0,-13.61,2.76,0.0
20230209:2110,0.0,0.0,0.0,-13.91,2.9,0.0
20230209:2210,0.0,0.0,0.0,-14.04,3.03,0.0
20230209:2310,0.0,0.0,0.0,-14.0,3.03,0.0
20230210:0010,0.0,0.0,0.0,-13.72,2.97,0.0
20230210:0110,0.0,0.0,0.0,-13.47,2.9,0.0
20230210:0210,0.0,0.0,0.0,-14.04,3.1,0.0
20230210:0310,0.0,0.0,0.0,-14.33,3.31,0.0
20230210:0410,0.0,0.0,0.0,-13.49,3.1,0.0
20230210:0510,0.0,0.0,0.0,-13.34,3.24,0.0
20230210:0610,0.42,6.31,3.36,-12.29,3.45,0.0
20230210:0710,44.79,60.93,11.59,-9.25,4.21,0.0
20230210:0810,222.24,239.85,18.47,-6.33,4.28,0.0
20230210:0910,676.76,712.04,23.46,-4.16,5.03,0.0
20230210:1010,305.77,327.38,26.08,-2.96,5.31,0.0
20230210:1110,266.27,288.62,26.0,-2.32,5.17,0.0
20230210:1210,251.11,273.5,23.23,-2.02,4.83,0.0
20230210:1310,271.79,294.19,18.1,-1.89,4.41,0.0
20230210:1410,111.54,132.56,11.13,-2.28,4.07,0.0
20230210:1510,0.0,3.6,2.84,-3.18,3.86,0.0
20230210:1610,0.0,0.0,0.0,-3.91,3.79,0.0
20230210:1710,0.0,0.0,0.0,-4.12,3.72,0.0
20230210:1810,0.0,0.0,0.0,-4.33,3.66,0.0
20230210:1910,0.0,0.0,0.0,-3.65,4.0,0.0
20230210:2010,0.0,0.0,0.0,-3.14,3.93,0.0
20230210:2110,0.0,0.0,0.0,-2.99,3.79,0.0
20230210:2210,0.0,0.0,0.0,-2.94,3.66,0.0
20230210:2310,0.0,0.0,0.0,-3.08,3.66,0.0
20230211:0010,0.0,0.0,0.0,-2.99,3.79,0.0
20230211:0110,0.0,0.0,0.0,-3.19,3.66,0.0
20230211:0210,0.0,0.0,0.0,-3.51,3.31,0.0
20230211:0310,0.0,0.0,0.0,-4.05,3.31,0.0
20230211:0410,0.0,0.0,0.0,-4.53,3.52,0.0
20230211:0510,0.0,0.0,0.0,-4.55,3.79,0.0
20230211:0610,0.36,6.31,3.62,-4.17,4.14,0.0
20230211:0710,4.97,14.42,11.87,-3.67,5.24,0.0
20230211:0810,212.01,232.51,18.76,-2.92,5.59,0.0
20230211:0910,39.52,56.77,23.78,-2.07,6.34,0.0
20230211:1010,393.1,417.3,26.41,-1.28,6.69,0.0
20230211:1110,234.48,257.63,26.32,-0.87,6.69,0.0
20230211:1210,281.0,304.45,23.54,-0.56,6.41,0.0
20230211:1310,128.41,150.61,18.4,-0.27,6.21,0.0
20230211:1410,36.05,53.17,11.41,-0.74,6.34,0.0
20230211:1510,0.0,2.7,3.1,-0.87,6.48,0.0
20230211:1610,0.0,0.0,0.0,-1.03,6.62,0.0
20230211:1710,0.0,0.0,0.0,-0.93,6.55,0.0
20230211:1810,0.0,0.0,0.0,-0.63,6.28,0.0
20230211:1910,0.0,0.0,0.0,-0.61,6.48,0.0
20230211:2010,0.0,0.0,0.0,-0.27,6.41,0.0
20230211:2110,0.0,0.0,0.0,-0.06,6.07,0.0
20230211:2210,0.0,0.0,0.0,0.22,5.72,0.0
20230211:2310,0.0,0.0,0.0,0.48,5.38,0.0
20230212:0010,0.0,0.0,0.0,0.65,5.17,0.0
20230212:0110,0.0,0.0,0.0,0.83,4.9,0.0
20230212:0210,0.0,0.0,0.0,1.03,4.48,0.0
20230212:0310,0.0,0.0,0.0,1.11,4.14,0.0
20230212:0410,0.0,0.0,0.0,1.1,3.86,0.0
20230212:0510,0.0,0.0,0.0,0.91,3.79,0.0
20230212:0610,0.33,6.31,3.88,0.4,3.52,0.0
20230212:0710,49.18,68.04,12.15,0.24,3.59,0.0
20230212:0810,95.22,117.09,19.06,-0.04,3.24,0.0
20230212:0910,106.99,129.54,24.09,-0.14,3.24,0.0
20230212:1010,91.65,113.55,26.74,-0.17,2.9,0.0
20230212:1110,204.4,230.31,26.65,0.03,2.41,0.0
20230212:1210,103.26,125.93,23.86,0.16,2.41,0.0
20230212:1310,228.22,253.71,18.71,0.25,2.69,0.0
20230212:1410,114.41,137.02,11.7,0.06,2.76,0.0
20230212:1510,0.0,4.51,3.37,-0.6,2.34,0.0
20230212:1610,0.0,0.0,0.0,-1.61,2.14,0.0
20230212:1710,0.0,0.0,0.0,-2.3,2.21,0.0
20230212:1810,0.0,0.0,0.0,-2.85,2.28,0.0
20230212:1910,0.0,0.0,0.0,-3.06,2.21,0.0
20230212:2010,0.0,0.0,0.0,-3.34,2.21,0.0
20230212:2110,0.0,0.0,0.0,-3.96,2.21,0.0
20230212:2210,0.0,0.0,0.0,-5.01,2.21,0.0
20230212:2310,0.0,0.0,0.0,-5.5,2.41,0.0
20230213:0010,0.0,0.0,0.0,-6.08,2.69,0.0
20230213:0110,0.0,0.0,0.0,-6.27,2.9,0.0
20230213:0210,0.0,0.0,0.0,-6.92,3.1,0.0
20230213:0310,0.0,0.0,0.0,-6.87,3.24,0.0
20230213:0410,0.0,0.0,0.0,-6.03,3.31,0.0
20230213:0510,0.0,0.0,0.0,-4.54,3.52,0.0
20230213:0610,0.0,5.41,4.15,-2.82,3.72,0.0
20230213:0710,47.66,66.15,12.43,-0.54,4.21,0.0
20230213:0810,166.11,190.05,19.36,0.72,4.41,0.0
20230213:0910,195.98,221.75,24.42,1.63,4.62,0.0
20230213:1010,89.07,111.75,27.07,2.26,4.28,0.0
20230213:1110,122.82,147.48,26.99,2.63,4.62,0.0
20230213:1210,125.19,149.86,24.19,2.69,4.55,0.0
20230213:1310,95.8,118.86,19.01,2.75,4.76,0.0
20230213:1410,67.89,89.01,11.98,2.66,4.55,0.0
20230213:1510,3.11,11.72,3.64,2.39,4.48,0.0
20230213:1610,0.0,0.0,0.0,2.12,4.69,0.0
20230213:1710,0.0,0.0,0.0,2.13,4.97,0.0
20230213:1810,0.0,0.0,0.0,2.2,5.03,0.0
20230213:1910,0.0,0.0,0.0,2.25,4.97,0.0
20230213:2010,0.0,0.0,0.0,2.19,4.83,0.0
20230213:2110,0.0,0.0,0.0,2.15,4.9,0.0
20230213:2210,0.0,0.0,0.0,2.18,4.97,0.0
20230213:2310,0.0,0.0,0.0,2.19,5.1,0.0
20230214:0010,0.0,0.0,0.0,2.16,5.17,0.0
20230214:0110,0.0,0.0,0.0,2.04,5.24,0.0
20230214:0210,0.0,0.0,0.0,1.94,5.31,0.0
20230214:0310,0.0,0.0,0.0,1.77,5.24,0.0
20230214:0410,0.0,0.0,0.0,1.61,5.17,0.0
20230214:0510,0.0,0.0,0.0,1.51,5.17,0.0
20230214:0610,0.32,6.31,4.42,1.38,5.1,0.0
20230214:0710,44.68,63.35,12.72,1.62,5.03,0.0
20230214:0810,125.68,149.3,19.67,1.8,5.59,0.0
20230214:0910,130.69,154.92,24.74,1.98,5.59,0.0
20230214:1010,99.4,122.56,27.41,2.29,5.79,0.0
20230214:1110,100.99,124.36,27.33,2.5,5.59,0.0
20230214:1210,85.58,108.14,24.51,2.75,5.59,0.0
20230214:1310,129.63,153.93,19.32,2.81,5.52,0.0
20230214:1410,7.78,18.92,12.27,3.05,5.45,0.0
20230214:1510,1.14,8.11,3.91,3.01,4.83,0.0
20230214:1610,0.0,0.0,0.0,2.9,4.55,0.0
20230214:1710,0.0,0.0,0.0,2.78,4.41,0.0
20230214:1810,0.0,0.0,0.0,2.39,4.14,0.0
20230214:1910,0.0,0.0,0.0,2.03,4.28,0.0
20230214:2010,0.0,0.0,0.0,1.54,3.86,0.0
20230214:2110,0.0,0.0,0.0,1.24,3.66,0.0
20230214:2210,0.0,0.0,0.0,0.97,3.45,0.0
20230214:2310,0.0,0.0,0.0,0.77,3.31,0.0
20230215:0010,0.0,0.0,0.0,0.84,3.17,0.0
20230215:0110,0.0,0.0,0.0,0.87,3.03,0.0
20230215:0210,0.0,0.0,0.0,0.84,2.9,0.0
20230215:0310,0.0,0.0,0.0,0.83,2.76,0.0
20230215:0410,0.0,0.0,0.0,0.7,2.48,0.0
20230215:0510,0.0,0.0,0.0,0.58,2.41,0.0
20230215:0610,3.7,12.62,4.69,0.45,2.21,0.0
20230215:0710,233.24,260.26,13.01,0.72,2.9,0.0
20230215:0810,675.69,741.54,19.98,0.82,2.69,0.0
20230215:0910,771.36,858.42,25.07,1.31,2.62,0.0
20230215:1010,835.32,942.68,27.75,1.82,2.48,0.0
20230215:1110,828.79,939.07,27.67,2.36,2.34,0.0
20230215:1210,788.56,895.13,24.84,3.17,2.07,0.0
20230215:1310,610.82,680.83,19.62,3.14,1.79,0.0
20230215:1410,384.19,428.56,12.56,3.02,1.45,0.0
20230215:1510,10.41,23.01,4.18,3.36,0.83,0.0
20230215:1610,0.0,0.0,0.0,2.62,0.41,0.0
20230215:1710,0.0,0.0,0.0,1.53,0.55,0.0
20230215:1810,0.0,0.0,0.0,-0.76,1.38,0.0
20230215:1910,0.0,0.0,0.0,-4.41,2.14,0.0
20230215:2010,0.0,0.0,0.0,-5.69,2.14,0.0
20230215:2110,0.0,0.0,0.0,-6.19,2.14,0.0
20230215:2210,0.0,0.0,0.0,-6.1,2.34,0.0
20230215:2310,0.0,0.0,0.0,-6.4,2.55,0.0
20230216:0010,0.0,0.0,0.0,-6.81,2.62,0.0
20230216:0110,0.0,0.0,0.0,-6.69,2.62,0.0
20230216:0210,0.0,0.0,0.0,-6.25,2.69,0.0
20230216:0310,0.0,0.0,0.0,-5.6,2.9,0.0
20230216:0410,0.0,0.0,0.0,-4.76,2.97,0.0
20230216:0510,0.0,0.0,0.0,-3.86,3.1,0.0
20230216:0610,12.5,25.15,4.97,-2.97,3.03,0.0
20230216:0710,463.35,502.43,13.31,0.32,3.72,0.0
20230216:0810,683.3,750.12,20.3,2.48,3.59,0.0
20230216:0910,809.06,898.13,25.41,3.85,4.41,0.0
20230216:1010,850.21,950.71,28.09,4.5,4.55,0.0
20230216:1110,831.06,929.76,28.01,5.6,4.9,0.0
20230216:1210,757.53,841.06,25.17,5.65,4.9,0.0
20230216:1310,614.06,674.72,19.93,5.4,4.76,0.0
20230216:1410,293.41,327.82,12.85,4.88,4.34,0.0
20230216:1510,6.52,17.12,4.45,3.6,4.28,0.0
20230216:1610,0.0,0.0,0.0,2.21,4.34,0.0
20230216:1710,0.0,0.0,0.0,1.76,4.55,0.0
20230216:1810,0.0,0.0,0.0,1.54,4.62,0.0
20230216:1910,0.0,0.0,0.0,1.82,5.17,0.0
20230216:2010,0.0,0.0,0.0,1.58,4.9,0.0
20230216:2110,0.0,0.0,0.0,1.38,4.76,0.0
20230216:2210,0.0,0.0,0.0,1.27,4.69,0.0
20230216:2310,0.0,0.0,0.0,1.49,4.69,0.0
20230217:0010,0.0,0.0,0.0,1.52,4.55,0.0
20230217:0110,0.0,0.0,0.0,1.5,4.34,0.0
20230217:0210,0.0,0.0,0.0,1.3,4.21,0.0
20230217:0310,0.0,0.0,0.0,1.06,4.0,0.0
20230217:0410,0.0,0.0,0.0,1.06,4.0,0.0
20230217:0510,0.0,0.0,0.0,1.19,3.93,0.0
20230217:0610,4.81,14.42,5.26,1.21,3.93,0.0
20230217:0710,405.63,443.88,13.61,3.0,4.48,0.0
20230217:0810,615.48,674.0,20.62,4.4,4.48,0.0
20230217:0910,484.98,531.68,25.75,5.58,4.9,0.0
20230217:1010,429.99,474.55,28.44,6.63,5.03,0.0
20230217:1110,213.95,246.28,28.35,7.34,5.1,0.0
20230217:1210,215.12,247.13,25.5,7.42,5.17,0.0
20230217:1310,84.39,108.83,20.25,7.36,5.24,0.0
20230217:1410,34.8,53.17,13.14,6.23,4.76,0.0
20230217:1510,1.11,8.11,4.72,5.51,5.17,0.0
20230217:1610,0.0,0.0,0.0,4.44,5.24,0.0
20230217:1710,0.0,0.0,0.0,4.51,5.59,0.0
20230217:1810,0.0,0.0,0.0,4.64,5.86,0.0
20230217:1910,0.0,0.0,0.0,4.31,6.76,0.0
20230217:2010,0.0,0.0,0.0,4.48,6.76,0.0
20230217:2110,0.0,0.0,0.0,4.66,7.24,0.0
20230217:2210,0.0,0.0,0.0,4.91,8.0,0.0
20230217:2310,0.0,0.0,0.0,5.23,7.93,0.0
20230218:0010,0.0,0.0,0.0,5.44,7.52,0.0
20230218:0110,0.0,0.0,0.0,5.9,7.24,0.0
20230218:0210,0.0,0.0,0.0,6.3,7.03,0.0
20230218:0310,0.0,0.0,0.0,6.48,6.76,0.0
20230218:0410,0.0,0.0,0.0,6.67,6.62,0.0
20230218:0510,0.0,0.0,0.0,6.48,6.62,0.0
20230218:0610,35.69,55.66,5.55,6.47,6.76,0.0
20230218:0710,400.52,443.02,13.91,7.28,7.31,0.0
20230218:0810,635.29,701.45,20.95,7.88,6.14,0.0
20230218:0910,763.49,844.39,26.09,8.34,7.72,0.0
20230218:1010,842.33,933.94,28.79,8.76,8.9,0.0
20230218:1110,838.84,930.95,28.7,9.14,9.03,0.0
20230218:1210,628.33,690.95,25.83,9.34,9.1,0.0
20230218:1310,135.66,164.14,20.56,9.18,8.34,0.0
20230218:1410,26.84,44.16,13.43,8.79,6.83,0.0
20230218:1510,2.48,10.81,4.99,8.04,6.55,0.0
20230218:1610,0.0,0.0,0.0,7.34,5.93,0.0
20230218:1710,0.0,0.0,0.0,6.52,4.34,0.0
20230218:1810,0.0,0.0,0.0,6.01,3.1,0.0
20230218:1910,0.0,0.0,0.0,7.04,5.03,0.0
20230218:2010,0.0,0.0,0.0,7.55,5.45,0.0
20230218:2110,0.0,0.0,0.0,7.96,7.24,0.0
20230218:2210,0.0,0.0,0.0,7.62,7.79,0.0
20230218:2310,0.0,0.0,0.0,7.19,6.62,0.0
20230219:0010,0.0,0.0,0.0,6.59,6.0,0.0
20230219:0110,0.0,0.0,0.0,5.71,5.72,0.0
20230219:0210,0.0,0.0,0.0,4.95,4.55,0.0
20230219:0310,0.0,0.0,0.0,4.45,3.72,0.0
20230219:0410,0.0,0.0,0.0,4.31,3.17,0.0
20230219:0510,0.0,0.0,0.0,4.26,2.9,0.0
20230219:0610,1.12,8.11,5.84,4.31,2.55,0.0
20230219:0710,45.23,64.88,14.22,4.8,2.69,0.0
20230219:0810,53.01,73.9,21.28,5.53,1.86,0.0
20230219:0910,53.59,74.8,26.43,6.29,1.59,0.0
20230219:1010,124.77,152.74,29.15,6.78,2.07,0.0
20230219:1110,114.32,141.48,29.05,6.94,2.62,0.0
20230219:1210,97.68,123.46,26.17,7.11,3.17,0.0
20230219:1310,26.4,43.26,20.87,6.36,3.38,0.0
20230219:1410,43.68,63.08,13.72,4.79,3.66,0.0
20230219:1510,0.0,5.41,5.26,3.19,3.1,0.0
20230219:1610,0.0,0.0,0.0,2.24,3.93,0.0
20230219:1710,0.0,0.0,0.0,1.74,4.41,0.0
20230219:1810,0.0,0.0,0.0,1.27,4.76,0.0
20230219:1910,0.0,0.0,0.0,1.18,4.41,0.0
20230219:2010,0.0,0.0,0.0,0.85,4.48,0.0
20230219:2110,0.0,0.0,0.0,0.42,4.41,0.0
20230219:2210,0.0,0.0,0.0,0.11,4.48,0.0
20230219:2310,0.0,0.0,0.0,-0.42,4.76,0.0
20230220:0010,0.0,0.0,0.0,-0.57,4.97,0.0
20230220:0110,0.0,0.0,0.0,-0.88,4.97,0.0
20230220:0210,0.0,0.0,0.0,-0.92,5.03,0.0
20230220:0310,0.0,0.0,0.0,-1.28,4.9,0.0
20230220:0410,0.0,0.0,0.0,-1.75,4.97,0.0
20230220:0510,0.0,0.0,0.0,-1.77,5.03,0.0
20230220:0610,186.48,221.27,6.13,-1.42,5.17,0.0
20230220:0710,458.43,494.09,14.54,0.37,4.9,0.0
20230220:0810,654.19,704.42,21.61,2.09,5.86,0.0
20230220:0910,839.41,918.51,26.78,3.53,6.41,0.0
20230220:1010,543.43,589.56,29.51,4.55,6.69,0.0
20230220:1110,343.62,378.11,29.41,5.45,7.24,0.0
20230220:1210,300.63,333.48,26.51,6.03,7.66,0.0
20230220:1310,146.4,173.23,21.19,5.73,7.1,0.0
20230220:1410,39.72,58.58,14.01,5.1,6.62,0.0
20230220:1510,1.57,9.01,5.54,4.73,7.93,0.0
20230220:1610,0.0,0.0,0.0,4.67,8.21,0.0
20230220:1710,0.0,0.0,0.0,4.67,8.69,0.0
20230220:1810,0.0,0.0,0.0,4.99,9.1,0.0
20230220:1910,0.0,0.0,0.0,5.7,9.72,0.0
20230220:2010,0.0,0.0,0.0,6.28,9.38,0.0
20230220:2110,0.0,0.0,0.0,6.63,9.1,0.0
20230220:2210,0.0,0.0,0.0,6.58,8.62,0.0
20230220:2310,0.0,0.0,0.0,6.84,8.28,0.0
20230221:0010,0.0,0.0,0.0,6.81,7.93,0.0
20230221:0110,0.0,0.0,0.0,6.73,7.66,0.0
20230221:0210,0.0,0.0,0.0,6.54,7.52,0.0
20230221:0310,0.0,0.0,0.0,6.57,7.52,0.0
20230221:0410,0.0,0.0,0.0,6.61,7.52,0.0
20230221:0510,0.0,0.0,0.0,6.55,7.45,0.0
20230221:0610,165.14,203.76,6.43,6.46,7.31,0.0
20230221:0710,334.81,372.25,14.85,7.24,7.59,0.0
20230221:0810,98.26,123.69,21.94,7.57,7.72,0.0
20230221:0910,220.58,252.79,27.14,8.01,7.72,0.0
20230221:1010,203.07,235.4,29.87,8.51,7.59,0.0
20230221:1110,143.71,173.42,29.77,9.2,7.72,0.0
20230221:1210,106.59,133.37,26.85,8.65,7.86,0.0
20230221:1310,179.53,209.42,21.5,8.14,7.93,0.0
20230221:1410,6.95,18.02,14.3,7.96,6.55,0.0
20230221:1510,139.89,178.3,5.81,7.5,6.28,0.0
20230221:1610,0.0,0.0,0.0,6.73,5.72,0.0
20230221:1710,0.0,0.0,0.0,6.3,5.59,0.0
20230221:1810,0.0,0.0,0.0,5.88,5.38,0.0
20230221:1910,0.0,0.0,0.0,5.53,5.03,0.0
20230221:2010,0.0,0.0,0.0,5.22,5.03,0.0
20230221:2110,0.0,0.0,0.0,4.86,4.9,0.0
20230221:2210,0.0,0.0,0.0,4.68,4.76,0.0
20230221:2310,0.0,0.0,0.0,4.29,4.62,0.0
20230222:0010,0.0,0.0,0.0,3.94,4.55,0.0
20230222:0110,0.0,0.0,0.0,3.71,4.41,0.0
20230222:0210,0.0,0.0,0.0,3.54,4.28,0.0
20230222:0310,0.0,0.0,0.0,3.21,4.14,0.0
20230222:0410,0.0,0.0,0.0,2.95,3.93,0.0
20230222:0510,0.0,0.0,0.0,2.74,3.72,0.0
20230222:0610,63.9,87.12,6.74,2.53,3.45,0.0
20230222:0710,180.34,208.01,15.18,3.6,2.97,0.0
20230222:0810,95.53,119.48,22.28,4.23,4.41,0.0
20230222:0910,304.74,338.71,27.49,4.87,4.41,0.0
20230222:1010,260.94,294.21,30.23,5.23,3.86,0.0
20230222:1110,112.81,138.78,30.12,5.49,3.79,0.0
20230222:1210,192.31,222.37,27.19,5.61,4.0,0.0
20230222:1310,71.86,94.62,21.82,5.69,4.28,0.0
20230222:1410,203.58,233.91,14.6,5.51,3.86,0.0
20230222:1510,12.91,26.13,6.08,4.9,3.17,0.0
20230222:1610,0.0,0.0,0.0,4.15,2.76,0.0
20230222:1710,0.0,0.0,0.0,3.11,2.34,0.0
20230222:1810,0.0,0.0,0.0,2.23,1.93,0.0
20230222:1910,0.0,0.0,0.0,2.23,1.17,0.0
20230222:2010,0.0,0.0,0.0,1.53,1.1,0.0
20230222:2110,0.0,0.0,0.0,0.67,1.24,0.0
20230222:2210,0.0,0.0,0.0,0.61,1.1,0.0
20230222:2310,0.0,0.0,0.0,0.0,1.31,0.0
20230223:0010,0.0,0.0,0.0,-0.69,1.59,0.0
20230223:0110,0.0,0.0,0.0,-0.56,1.66,0.0
20230223:0210,0.0,0.0,0.0,-0.41,1.86,0.0
20230223:0310,0.0,0.0,0.0,-0.45,2.21,0.0
20230223:0410,0.0,0.0,0.0,-0.4,2.48,0.0
20230223:0510,0.0,0.0,0.0,-0.54,2.76,0.0
20230223:0610,19.42,34.02,7.05,-0.3,3.1,0.0
20230223:0710,76.04,96.94,15.5,0.09,3.52,0.0
20230223:0810,339.32,368.62,22.63,0.96,4.0,0.0
20230223:0910,123.8,148.2,27.85,2.0,4.28,0.0
20230223:1010,161.25,188.15,30.6,3.38,4.62,0.0
20230223:1110,571.62,626.11,30.49,4.23,4.55,0.0
20230223:1210,750.05,834.14,27.53,5.03,4.34,0.0
20230223:1310,659.99,731.1,22.14,5.45,4.07,0.0
20230223:1410,433.26,480.48,14.89,5.3,3.93,0.0
20230223:1510,148.7,185.94,6.36,4.38,3.72,0.0
20230223:1610,0.0,0.0,0.0,2.59,3.59,0.0
20230223:1710,0.0,0.0,0.0,1.25,3.31,0.0
20230223:1810,0.0,0.0,0.0,0.31,2.76,0.0
20230223:1910,0.0,0.0,0.0,-0.04,2.28,0.0
20230223:2010,0.0,0.0,0.0,-0.63,2.07,0.0
20230223:2110,0.0,0.0,0.0,-1.07,1.86,0.0
20230223:2210,0.0,0.0,0.0,-1.35,1.72,0.0
20230223:2310,0.0,0.0,0.0,-1.07,1.59,0.0
20230224:0010,0.0,0.0,0.0,-0.79,1.72,0.0
20230224:0110,0.0,0.0,0.0,-0.47,1.93,0.0
20230224:0210,0.0,0.0,0.0,-0.46,2.14,0.0
20230224:0310,0.0,0.0,0.0,-0.15,2.48,0.0
20230224:0410,0.0,0.0,0.0,0.83,3.03,0.0
20230224:0510,0.0,0.0,0.0,1.65,3.66,0.0
20230224:0610,16.58,30.64,7.36,2.52,3.93,0.0
20230224:0710,21.42,36.95,15.83,4.84,5.03,0.0
20230224:0810,69.26,91.92,22.97,6.14,4.69,0.0
20230224:0910,64.01,86.51,28.22,7.35,5.52,0.0
20230224:1010,67.1,90.12,30.97,7.86,5.38,0.0
20230224:1110,68.66,91.92,30.85,8.1,5.59,0.0
20230224:1210,119.54,147.28,27.88,8.31,5.86,0.0
20230224:1310,107.26,133.99,22.46,8.46,5.86,0.0
20230224:1410,111.88,138.57,15.18,8.05,5.17,0.0
20230224:1510,79.79,107.84,6.63,7.1,5.38,0.0
20230224:1610,0.0,0.0,0.0,6.05,5.24,0.0
20230224:1710,0.0,0.0,0.0,5.52,5.17,0.0
20230224:1810,0.0,0.0,0.0,5.53,5.24,0.0
20230224:1910,0.0,0.0,0.0,5.36,5.72,0.0
20230224:2010,0.0,0.0,0.0,5.67,5.59,0.0
20230224:2110,0.0,0.0,0.0,6.14,5.45,0.0
20230224:2210,0.0,0.0,0.0,6.7,5.52,0.0
20230224:2310,0.0,0.0,0.0,7.13,5.59,0.0
20230225:0010,0.0,0.0,0.0,7.24,5.66,0.0
20230225:0110,0.0,0.0,0.0,7.25,5.72,0.0
20230225:0210,0.0,0.0,0.0,7.21,5.66,0.0
20230225:0310,0.0,0.0,0.0,7.12,5.31,0.0
20230225:0410,0.0,0.0,0.0,7.1,5.1,0.0
20230225:0510,0.0,0.0,0.0,7.01,4.97,0.0
20230225:0610,1.09,8.11,7.67,7.02,5.03,0.0
20230225:0710,124.47,151.74,16.16,7.74,5.45,0.0
20230225:0810,49.51,70.29,23.32,7.32,5.24,0.0
20230225:0910,57.66,79.3,28.58,6.89,5.66,0.0
20230225:1010,62.98,84.71,31.34,5.33,5.1,0.0
20230225:1110,180.46,209.05,31.22,3.97,3.59,0.0
20230225:1210,41.44,60.38,28.22,4.13,3.66,0.0
20230225:1310,33.52,51.37,22.78,4.6,4.0,0.0
20230225:1410,419.95,466.4,15.48,5.19,3.52,0.0
20230225:1510,94.72,124.29,6.9,5.25,2.97,0.0
20230225:1610,0.0,0.0,0.0,3.83,3.38,0.0
20230225:1710,0.0,0.0,0.0,3.06,3.72,0.0
20230225:1810,0.0,0.0,0.0,2.57,3.93,0.0
20230225:1910,0.0,0.0,0.0,1.32,2.83,0.0
20230225:2010,0.0,0.0,0.0,0.68,2.76,0.0
20230225:2110,0.0,0.0,0.0,0.16,2.9,0.0
20230225:2210,0.0,0.0,0.0,-0.23,3.03,0.0
20230225:2310,0.0,0.0,0.0,-0.45,2.97,0.0
20230226:0010,0.0,0.0,0.0,-0.58,2.83,0.0
20230226:0110,0.0,0.0,0.0,-0.59,2.83,0.0
20230226:0210,0.0,0.0,0.0,-0.31,2.83,0.0
20230226:0310,0.0,0.0,0.0,0.06,2.69,0.0
20230226:0410,0.0,0.0,0.0,0.43,2.48,0.0
20230226:0510,0.0,0.0,0.0,0.52,2.28,0.0
20230226:0610,16.74,30.64,7.99,0.57,2.14,0.0
20230226:0710,54.34,73.9,16.49,0.68,2.9,0.0
20230226:0810,80.22,101.83,23.68,0.9,3.38,0.0
20230226:0910,330.43,361.32,28.95,1.28,3.59,0.0
20230226:1010,138.44,163.41,31.72,1.58,3.59,0.0
20230226:1110,130.73,155.9,31.58,2.29,3.45,0.0
20230226:1210,101.39,125.26,28.57,2.84,3.24,0.0
20230226:1310,35.33,53.17,23.1,2.98,3.03,0.0
20230226:1410,24.55,40.55,15.77,3.27,3.03,0.0
20230226:1510,7.16,18.02,7.18,2.87,2.76,0.0
20230226:1610,0.0,0.0,0.0,2.3,2.69,0.0
20230226:1710,0.0,0.0,0.0,1.74,2.76,0.0
20230226:1810,0.0,0.0,0.0,1.16,2.9,0.0
20230226:1910,0.0,0.0,0.0,-0.13,2.83,0.0
20230226:2010,0.0,0.0,0.0,-0.77,2.9,0.0
20230226:2110,0.0,0.0,0.0,-1.24,3.17,0.0
20230226:2210,0.0,0.0,0.0,-1.81,2.9,0.0
20230226:2310,0.0,0.0,0.0,-2.32,2.55,0.0
20230227:0010,0.0,0.0,0.0,-2.62,2.34,0.0
20230227:0110,0.0,0.0,0.0,-2.99,2.21,0.0
20230227:0210,0.0,0.0,0.0,-3.12,2.34,0.0
20230227:0310,0.0,0.0,0.0,-3.35,2.48,0.0
20230227:0410,0.0,0.0,0.0,-3.53,2.41,0.0
20230227:0510,0.0,0.0,0.0,-3.71,2.41,0.0
20230227:0610,14.95,27.94,8.32,-3.63,2.83,0.0
20230227:0710,114.13,135.36,16.83,-2.5,3.45,0.0
20230227:0810,103.12,124.74,24.03,-1.48,3.79,0.0
20230227:0910,202.66,227.25,29.32,-0.83,3.79,0.0
20230227:1010,102.2,124.36,32.09,-0.52,3.59,0.0
20230227:1110,186.36,211.46,31.95,-0.33,3.45,0.0
20230227:1210,139.08,162.88,28.92,-0.1,3.59,0.0
20230227:1310,25.73,41.45,23.42,0.03,3.45,0.0
20230227:1410,27.29,43.26,16.07,-0.22,3.31,0.0
20230227:1510,6.68,17.12,7.45,-0.64,2.9,0.0
20230227:1610,0.0,0.0,0.0,-1.13,2.34,0.0
20230227:1710,0.0,0.0,0.0,-1.55,2.0,0.0
20230227:1810,0.0,0.0,0.0,-1.72,2.21,0.0
20230227:1910,0.0,0.0,0.0,-2.25,2.07,0.0
20230227:2010,0.0,0.0,0.0,-2.39,1.93,0.0
20230227:2110,0.0,0.0,0.0,-2.45,2.0,0.0
20230227:2210,0.0,0.0,0.0,-2.53,2.07,0.0
20230227:2310,0.0,0.0,0.0,-2.53,2.21,0.0
20230228:0010,0.0,0.0,0.0,-2.76,2.14,0.0
20230228:0110,0.0,0.0,0.0,-2.92,2.07,0.0
20230228:0210,0.0,0.0,0.0,-2.93,1.86,0.0
20230228:0310,0.0,0.0,0.0,-3.09,1.79,0.0
20230228:0410,0.0,0.0,0.0,-3.27,2.0,0.0
20230228:0510,0.0,0.0,0.0,-3.64,2.0,0.0
20230228:0610,29.34,45.22,8.64,-3.71,1.86,0.0
20230228:0710,64.49,83.81,17.17,-2.94,2.0,0.0
20230228:0810,104.84,126.52,24.39,-2.09,2.07,0.0
20230228:0910,109.98,132.47,29.7,-1.11,2.07,0.0
20230228:1010,93.27,115.35,32.47,-0.11,2.41,0.0
20230228:1110,92.13,114.45,32.32,0.53,2.41,0.0
20230228:1210,37.24,54.97,29.27,1.0,2.21,0.0
20230228:1310,66.61,87.41,23.74,1.01,2.0,0.0
20230228:1410,54.18,73.9,16.36,1.01,1.72,0.0
20230228:1510,22.67,38.11,7.73,0.64,1.52,0.0
20230228:1610,0.0,0.0,0.0,0.2,1.38,0.0
20230228:1710,0.0,0.0,0.0,-0.33,1.45,0.0
20230228:1810,0.0,0.0,0.0,-0.76,1.31,0.0
20230228:1910,0.0,0.0,0.0,-1.6,1.31,0.0
20230228:2010,0.0,0.0,0.0,-2.29,1.24,0.0
20230228:2110,0.0,0.0,0.0,-1.79,0.55,0.0
20230228:2210,0.0,0.0,0.0,-1.91,0.21,0.0
20230228:2310,0.0,0.0,0.0,-1.9,0.14,0.0
20230301:0010,0.0,0.0,0.0,-1.96,0.41,0.0
20230301:0110,0.0,0.0,0.0,-3.23,1.1,0.0
20230301:0210,0.0,0.0,0.0,-3.51,1.17,0.0
20230301:0310,0.0,0.0,0.0,-3.62,1.17,0.0
20230301:0410,0.0,0.0,0.0,-3.63,1.31,0.0
20230301:0510,0.0,0.0,0.0,-3.97,1.72,0.0
20230301:0610,204.66,237.86,8.97,-3.83,1.38,0.0
20230301:0710,385.34,419.53,17.52,-1.12,1.79,0.0
20230301:0810,522.23,569.49,24.75,-0.09,1.86,0.0
20230301:0910,666.73,739.41,30.07,1.19,2.07,0.0
20230301:1010,758.51,852.56,32.86,2.24,2.34,0.0
20230301:1110,821.38,936.35,32.69,3.0,2.21,0.0
20230301:1210,779.11,887.59,29.62,3.66,2.0,0.0
20230301:1310,648.07,727.14,24.06,4.01,2.0,0.0
20230301:1410,447.74,498.88,16.65,3.97,2.14,0.0
20230301:1510,158.51,195.91,8.0,3.34,1.66,0.0
20230301:1610,0.0,0.0,0.0,1.95,1.38,0.0
20230301:1710,0.0,0.0,0.0,-0.43,1.59,0.0
20230301:1810,0.0,0.0,0.0,-2.4,2.14,0.0
20230301:1910,0.0,0.0,0.0,-3.29,1.86,0.0
20230301:2010,0.0,0.0,0.0,-3.82,1.79,0.0
20230301:2110,0.0,0.0,0.0,-4.41,1.72,0.0
20230301:2210,0.0,0.0,0.0,-4.4,1.66,0.0
20230301:2310,0.0,0.0,0.0,-4.44,1.72,0.0
20230302:0010,0.0,0.0,0.0,-4.73,1.86,0.0
20230302:0110,0.0,0.0,0.0,-4.86,1.66,0.0
20230302:0210,0.0,0.0,0.0,-4.64,1.45,0.0
20230302:0310,0.0,0.0,0.0,-4.73,1.52,0.0
20230302:0410,0.0,0.0,0.0,-4.75,1.59,0.0
20230302:0510,0.0,0.0,0.0,-4.66,1.52,0.0
20230302:0610,206.17,240.45,9.3,-3.03,0.9,0.0
20230302:0710,484.64,536.12,17.86,-0.63,0.62,0.0
20230302:0810,685.77,771.07,25.12,1.82,1.38,0.0
20230302:0910,800.88,915.66,30.45,3.22,1.86,0.0
20230302:1010,853.3,992.45,33.24,4.38,1.79,0.0
20230302:1110,859.71,1006.7,33.07,5.18,1.72,0.0
20230302:1210,779.84,899.8,29.97,5.58,1.86,0.0
20230302:1310,646.06,731.79,24.38,5.58,1.86,0.0
20230302:1410,448.55,504.32,16.95,5.29,1.79,0.0
20230302:1510,173.38,213.92,8.27,4.37,1.52,0.0
20230302:1610,0.0,0.0,0.0,2.66,1.59,0.0
20230302:1710,0.0,0.0,0.0,0.55,1.1,0.0
20230302:1810,0.0,0.0,0.0,0.82,0.9,0.0
20230302:1910,0.0,0.0,0.0,-1.12,1.24,0.0
20230302:2010,0.0,0.0,0.0,-1.87,1.24,0.0
20230302:2110,0.0,0.0,0.0,-2.96,1.31,0.0
20230302:2210,0.0,0.0,0.0,-3.91,1.45,0.0
20230302:2310,0.0,0.0,0.0,-4.46,1.45,0.0
20230303:0010,0.0,0.0,0.0,-4.6,1.31,0.0
20230303:0110,0.0,0.0,0.0,-4.91,1.38,0.0
20230303:0210,0.0,0.0,0.0,-5.14,1.59,0.0
20230303:0310,0.0,0.0,0.0,-5.23,1.79,0.0
20230303:0410,0.0,0.0,0.0,-5.12,1.93,0.0
20230303:0510,0.0,0.0,0.0,-5.06,2.0,0.0
20230303:0610,46.6,64.68,9.63,-4.14,1.72,0.0
20230303:0710,157.02,181.3,18.21,-0.29,1.86,0.0
20230303:0810,124.41,148.72,25.48,1.34,2.48,0.0
20230303:0910,288.62,320.49,30.83,2.54,3.03,0.0
20230303:1010,459.62,503.19,33.63,3.47,3.93,0.0
20230303:1110,378.68,415.92,33.44,3.89,4.55,0.0
20230303:1210,569.72,622.29,30.32,3.49,4.34,0.0
20230303:1310,473.33,515.49,24.7,3.28,4.21,0.0
20230303:1410,436.42,478.04,17.24,2.76,4.0,0.0
20230303:1510,174.6,211.87,8.55,1.99,3.24,0.0
20230303:1610,0.0,0.0,0.0,0.84,2.76,0.0
20230303:1710,0.0,0.0,0.0,-0.01,2.62,0.0
20230303:1810,0.0,0.0,0.0,-0.54,2.55,0.0
20230303:1910,0.0,0.0,0.0,-0.55,2.62,0.0
20230303:2010,0.0,0.0,0.0,-0.62,2.62,0.0
20230303:2110,0.0,0.0,0.0,-1.07,2.62,0.0
20230303:2210,0.0,0.0,0.0,-1.35,2.62,0.0
20230303:2310,0.0,0.0,0.0,-1.45,2.69,0.0
20230304:0010,0.0,0.0,0.0,-1.63,2.62,0.0
20230304:0110,0.0,0.0,0.0,-1.91,2.55,0.0
20230304:0210,0.0,0.0,0.0,-1.66,2.62,0.0
20230304:0310,0.0,0.0,0.0,-1.66,2.69,0.0
20230304:0410,0.0,0.0,0.0,-1.44,2.62,0.0
20230304:0510,0.0,0.0,0.0,-1.09,2.76,0.0
20230304:0610,156.61,186.47,9.97,-0.32,2.9,0.0
20230304:0710,499.3,546.04,18.56,2.78,3.93,0.0
20230304:0810,692.95,759.56,25.85,4.67,5.45,0.0
20230304:0910,825.84,915.09,31.22,5.82,6.28,0.0
20230304:1010,885.33,991.4,34.01,6.66,6.28,0.0
20230304:1110,900.22,1012.1,33.82,7.3,6.34,0.0
20230304:1210,821.91,917.58,30.67,7.42,6.28,0.0
20230304:1310,664.1,731.86,25.02,7.36,6.55,0.0
20230304:1410,408.55,453.93,17.54,6.82,5.24,0.0
20230304:1510,57.41,80.26,8.82,5.68,4.34,0.0
20230304:1610,0.0,0.0,0.0,3.46,3.93,0.0
20230304:1710,0.0,0.0,0.0,1.72,4.14,0.0
20230304:1810,0.0,0.0,0.0,0.86,4.55,0.0
20230304:1910,0.0,0.0,0.0,0.39,5.24,0.0
20230304:2010,0.0,0.0,0.0,0.36,5.17,0.0
20230304:2110,0.0,0.0,0.0,0.55,4.9,0.0
20230304:2210,0.0,0.0,0.0,0.55,4.48,0.0
20230304:2310,0.0,0.0,0.0,0.06,4.0,0.0
20230305:0010,0.0,0.0,0.0,-0.94,3.45,0.0
20230305:0110,0.0,0.0,0.0,-1.85,2.62,0.0
20230305:0210,0.0,0.0,0.0,-2.37,2.41,0.0
20230305:0310,0.0,0.0,0.0,-3.24,2.41,0.0
20230305:0410,0.0,0.0,0.0,-3.74,2.41,0.0
20230305:0510,0.0,0.0,0.0,-3.88,2.34,0.0
20230305:0610,202.14,233.52,10.31,-3.46,2.0,0.0
20230305:0710,225.05,250.88,18.91,-0.62,2.28,0.0
20230305:0810,428.03,463.54,26.22,1.01,3.52,0.0
20230305:0910,551.23,597.27,31.6,2.42,4.9,0.0
20230305:1010,250.47,280.68,34.4,3.41,5.1,0.0
20230305:1110,123.21,148.69,34.2,3.82,4.62,0.0
20230305:1210,59.3,80.2,31.02,3.85,4.62,0.0
20230305:1310,93.4,117.15,25.35,4.01,4.55,0.0
20230305:1410,51.96,72.09,17.83,3.71,3.66,0.0
20230305:1510,25.02,41.26,9.09,2.99,1.72,0.0
20230305:1610,0.0,0.0,0.0,2.1,1.45,0.0
20230305:1710,0.0,0.0,0.0,0.92,1.86,0.0
20230305:1810,0.0,0.0,0.0,0.32,2.34,0.0
20230305:1910,0.0,0.0,0.0,0.0,3.31,0.0
20230305:2010,0.0,0.0,0.0,-0.58,3.31,0.0
20230305:2110,0.0,0.0,0.0,-0.6,3.17,0.0
20230305:2210,0.0,0.0,0.0,-1.34,2.9,0.0
20230305:2310,0.0,0.0,0.0,-1.82,2.62,0.0
20230306:0010,0.0,0.0,0.0,-2.16,2.41,0.0
20230306:0110,0.0,0.0,0.0,-2.52,2.07,0.0
20230306:0210,0.0,0.0,0.0,-2.97,1.72,0.0
20230306:0310,0.0,0.0,0.0,-3.48,1.52,0.0
20230306:0410,0.0,0.0,0.0,-3.54,1.79,0.0
20230306:0510,0.0,0.0,0.0,-2.86,1.86,0.0
20230306:0610,96.49,120.15,10.65,-1.38,2.07,0.0
20230306:0710,49.49,68.49,19.27,0.24,2.21,0.0
20230306:0810,175.73,202.01,26.6,1.91,3.52,0.0
20230306:0910,732.03,805.49,31.99,2.58,4.14,0.0
20230306:1010,774.51,861.0,34.79,3.63,4.14,0.0
20230306:1110,438.22,482.27,34.58,4.25,3.79,0.0
20230306:1210,137.0,164.2,31.37,5.04,3.86,0.0
20230306:1310,294.36,329.18,25.67,5.42,3.72,0.0
20230306:1410,70.6,93.15,18.12,5.36,3.52,0.0
20230306:1510,83.06,109.35,9.36,4.82,3.1,0.0
20230306:1610,0.0,0.0,0.0,3.28,3.03,0.0
20230306:1710,0.0,0.0,0.0,1.96,3.03,0.0
20230306:1810,0.0,0.0,0.0,1.41,2.9,0.0
20230306:1910,0.0,0.0,0.0,1.3,2.48,0.0
20230306:2010,0.0,0.0,0.0,0.74,1.72,0.0
20230306:2110,0.0,0.0,0.0,0.39,1.66,0.0
20230306:2210,0.0,0.0,0.0,0.02,1.52,0.0
20230306:2310,0.0,0.0,0.0,-0.34,1.38,0.0
20230307:0010,0.0,0.0,0.0,-0.62,1.38,0.0
20230307:0110,0.0,0.0,0.0,-0.86,1.52,0.0
20230307:0210,0.0,0.0,0.0,-1.34,1.66,0.0
20230307:0310,0.0,0.0,0.0,-2.04,1.93,0.0
20230307:0410,0.0,0.0,0.0,-2.34,2.14,0.0
20230307:0510,0.0,0.0,0.0,-2.34,2.21,0.0
20230307:0610,106.83,131.26,10.99,-1.42,1.93,0.0
20230307:0710,437.6,482.57,19.63,1.44,1.59,0.0
20230307:0810,647.44,726.26,26.97,3.42,1.79,0.0
20230307:0910,762.71,864.02,32.38,4.76,2.69,0.0
20230307:1010,657.29,736.37,35.19,5.83,3.38,0.0
20230307:1110,709.27,797.95,34.96,6.56,3.79,0.0
20230307:1210,627.3,697.53,31.73,6.68,4.41,0.0
20230307:1310,331.15,368.55,25.99,6.32,4.62,0.0
20230307:1410,197.24,227.47,18.42,5.64,4.0,0.0
20230307:1510,154.79,191.12,9.63,4.99,3.38,0.0
20230307:1610,0.0,0.0,0.0,3.63,3.03,0.0
20230307:1710,0.0,0.0,0.0,2.31,3.1,0.0
20230307:1810,0.0,0.0,0.0,1.72,3.45,0.0
20230307:1910,0.0,0.0,0.0,2.27,3.86,0.0
20230307:2010,0.0,0.0,0.0,2.11,3.86,0.0
20230307:2110,0.0,0.0,0.0,2.02,3.79,0.0
20230307:2210,0.0,0.0,0.0,2.02,3.72,0.0
20230307:2310,0.0,0.0,0.0,2.5,3.59,0.0
20230308:0010,0.0,0.0,0.0,3.19,3.52,0.0
20230308:0110,0.0,0.0,0.0,3.42,3.38,0.0
20230308:0210,0.0,0.0,0.0,3.2,3.59,0.0
20230308:0310,0.0,0.0,0.0,2.81,3.66,0.0
20230308:0410,0.0,0.0,0.0,2.72,4.0,0.0
20230308:0510,0.0,0.9,1.92,3.17,4.34,0.0
20230308:0610,24.44,40.55,11.34,4.3,4.34,0.0
20230308:0710,171.8,200.69,19.99,5.38,3.24,0.0
20230308:0810,181.38,211.86,27.35,6.84,4.48,0.0
20230308:0910,250.73,285.83,32.77,7.8,5.52,0.0
20230308:1010,790.31,891.1,35.58,8.26,5.38,0.0
20230308:1110,93.99,119.86,35.34,8.38,4.97,0.0
20230308:1210,44.45,64.88,32.08,8.63,4.83,0.0
20230308:1310,182.48,214.65,26.31,9.01,5.1,0.0
20230308:1410,416.47,467.4,18.71,8.87,4.97,0.0
20230308:1510,31.77,50.1,9.9,7.92,3.86,0.0
20230308:1610,0.0,0.0,0.0,6.71,3.79,0.0
20230308:1710,0.0,0.0,0.0,5.8,3.66,0.0
20230308:1810,0.0,0.0,0.0,5.65,4.07,0.0
20230308:1910,0.0,0.0,0.0,5.98,4.69,0.0
20230308:2010,0.0,0.0,0.0,5.81,4.0,0.0
20230308:2110,0.0,0.0,0.0,5.76,3.93,0.0
20230308:2210,0.0,0.0,0.0,5.91,4.69,0.0
20230308:2310,0.0,0.0,0.0,5.75,5.52,0.0
20230309:0010,0.0,0.0,0.0,5.71,5.66,0.0
20230309:0110,0.0,0.0,0.0,6.0,5.45,0.0
20230309:0210,0.0,0.0,0.0,6.47,5.31,0.0
20230309:0310,0.0,0.0,0.0,6.9,5.17,0.0
20230309:0410,0.0,0.0,0.0,6.89,5.1,0.0
20230309:0510,0.0,0.9,2.26,6.87,5.17,0.0
20230309:0610,8.84,20.73,11.68,7.12,5.38,0.0
20230309:0710,124.29,151.76,20.35,7.75,5.38,0.0
20230309:0810,263.4,299.51,27.73,8.08,4.62,0.0
20230309:0910,225.99,261.71,33.16,8.68,3.86,0.0
20230309:1010,380.43,426.71,35.97,9.62,6.28,0.0
20230309:1110,188.8,222.74,35.72,10.01,5.93,0.0
20230309:1210,122.95,152.3,32.43,10.31,5.79,0.0
20230309:1310,199.24,234.07,26.63,11.05,5.93,0.0
20230309:1410,85.47,111.62,19.0,11.09,5.93,0.0
20230309:1510,19.4,35.15,10.17,10.31,5.66,0.0
20230309:1610,0.0,0.0,0.0,9.37,4.97,0.0
20230309:1710,0.0,0.0,0.0,8.69,4.97,0.0
20230309:1810,0.0,0.0,0.0,8.25,5.1,0.0
20230309:1910,0.0,0.0,0.0,7.39,5.93,0.0
20230309:2010,0.0,0.0,0.0,6.24,4.9,0.0
20230309:2110,0.0,0.0,0.0,5.38,3.72,0.0
20230309:2210,0.0,0.0,0.0,4.33,2.41,0.0
20230309:2310,0.0,0.0,0.0,2.72,1.59,0.0
20230310:0010,0.0,0.0,0.0,2.0,1.1,0.0
20230310:0110,0.0,0.0,0.0,0.88,1.45,0.0
20230310:0210,0.0,0.0,0.0,0.43,1.79,0.0
20230310:0310,0.0,0.0,0.0,0.97,2.0,0.0
20230310:0410,0.0,0.0,0.0,2.44,2.48,0.0
20230310:0510,0.0,5.41,2.6,3.75,3.03,0.0
20230310:0610,243.44,287.46,12.03,6.1,3.79,0.0
20230310:0710,451.38,503.28,20.71,7.98,4.69,0.0
20230310:0810,686.62,769.29,28.11,9.78,5.86,0.0
20230310:0910,800.27,910.02,33.55,11.38,6.28,0.0
20230310:1010,845.95,972.8,36.37,12.78,6.41,0.0
20230310:1110,836.58,966.46,36.1,13.66,6.28,0.0
20230310:1210,729.6,838.67,32.78,14.19,5.93,0.0
20230310:1310,622.54,713.56,26.95,14.32,5.17,0.0
20230310:1410,258.24,303.09,19.29,14.24,4.14,0.0
20230310:1510,93.31,125.17,10.44,13.49,3.17,0.0
20230310:1610,0.0,0.0,0.0,11.61,2.97,0.0
20230310:1710,0.0,0.0,0.0,9.58,2.9,0.0
20230310:1810,0.0,0.0,0.0,8.33,2.76,0.0
20230310:1910,0.0,0.0,0.0,8.0,2.69,0.0
20230310:2010,0.0,0.0,0.0,7.2,2.62,0.0
20230310:2110,0.0,0.0,0.0,6.35,2.55,0.0
20230310:2210,0.0,0.0,0.0,5.44,2.48,0.0
20230310:2310,0.0,0.0,0.0,4.89,2.48,0.0
20230311:0010,0.0,0.0,0.0,4.84,2.48,0.0
20230311:0110,0.0,0.0,0.0,4.53,2.34,0.0
20230311:0210,0.0,0.0,0.0,4.11,1.93,0.0
20230311:0310,0.0,0.0,0.0,4.03,1.66,0.0
20230311:0410,0.0,0.0,0.0,4.3,1.72,0.0
20230311:0510,0.0,2.7,2.94,5.02,1.93,0.0
20230311:0610,5.82,16.22,12.38,5.96,2.21,0.0
20230311:0710,61.58,83.81,21.08,6.84,2.83,0.0
20230311:0810,207.96,240.5,28.49,7.06,3.66,0.0
20230311:0910,108.62,135.18,33.95,7.0,3.52,0.0
20230311:1010,97.58,123.46,36.77,7.38,3.31,0.0
20230311:1110,75.99,100.03,36.48,7.84,3.86,0.0
20230311:1210,53.49,74.8,33.14,7.3,4.62,0.0
20230311:1310,42.84,62.18,27.27,5.22,5.52,0.0
20230311:1410,115.43,139.96,19.58,3.56,5.31,0.0
20230311:1510,22.37,37.85,10.71,2.92,4.62,0.0
20230311:1610,0.0,0.0,0.0,2.65,6.0,0.0
20230311:1710,0.0,0.0,0.0,1.65,7.38,0.0
20230311:1810,0.0,0.0,0.0,0.05,8.0,0.0
20230311:1910,0.0,0.0,0.0,-0.34,7.59,0.0
20230311:2010,0.0,0.0,0.0,-0.71,7.24,0.0
20230311:2110,0.0,0.0,0.0,-0.89,6.55,0.0
20230311:2210,0.0,0.0,0.0,-1.04,6.28,0.0
20230311:2310,0.0,0.0,0.0,-1.33,6.55,0.0
20230312:0010,0.0,0.0,0.0,-1.52,6.41,0.0
20230312:0110,0.0,0.0,0.0,-1.86,6.07,0.0
20230312:0210,0.0,0.0,0.0,-2.12,5.52,0.0
20230312:0310,0.0,0.0,0.0,-2.47,4.97,0.0
20230312:0410,0.0,0.0,0.0,-2.43,4.69,0.0
20230312:0510,0.76,7.21,3.28,-2.66,4.34,0.0
20230312:0610,167.91,194.93,12.73,-1.87,4.41,0.0
20230312:0710,381.66,408.97,21.44,-0.83,5.72,0.0
20230312:0810,612.03,652.9,28.87,0.58,6.55,0.0
20230312:0910,736.62,795.81,34.35,1.86,6.55,0.0
20230312:1010,882.22,967.98,37.16,3.18,6.83,0.0
20230312:1110,395.42,431.09,36.86,3.94,7.24,0.0
20230312:1210,464.72,504.57,33.49,4.48,7.38,0.0
20230312:1310,692.34,753.88,27.59,5.08,7.17,0.0
20230312:1410,466.83,512.89,19.87,5.37,6.14,0.0
20230312:1510,222.41,267.58,10.98,4.86,4.55,0.0
20230312:1610,0.0,0.0,0.0,3.63,3.52,0.0
20230312:1710,0.0,0.0,0.0,1.87,2.76,0.0
20230312:1810,0.0,0.0,0.0,0.51,2.62,0.0
20230312:1910,0.0,0.0,0.0,0.04,3.24,0.0
20230312:2010,0.0,0.0,0.0,-0.29,3.1,0.0
20230312:2110,0.0,0.0,0.0,-0.55,2.97,0.0
20230312:2210,0.0,0.0,0.0,-0.64,2.97,0.0
20230312:2310,0.0,0.0,0.0,-0.71,3.1,0.0
20230313:0010,0.0,0.0,0.0,-0.56,3.1,0.0
20230313:0110,0.0,0.0,0.0,0.1,3.17,0.0
20230313:0210,0.0,0.0,0.0,0.87,3.72,0.0
20230313:0310,0.0,0.0,0.0,1.41,4.55,0.0
20230313:0410,0.0,0.0,0.0,1.78,5.24,0.0
20230313:0510,0.0,3.6,3.63,1.79,5.66,0.0
20230313:0610,5.97,16.22,13.09,2.05,6.21,0.0
20230313:0710,101.21,124.74,21.81,3.1,6.07,0.0
20230313:0810,147.07,173.42,29.25,4.18,7.1,0.0
20230313:0910,700.03,763.92,34.74,5.67,7.79,0.0
20230313:1010,890.59,986.84,37.56,6.31,7.72,0.0
20230313:1110,786.4,870.03,37.24,7.2,7.59,0.0
20230313:1210,797.98,886.3,33.84,7.96,7.31,0.0
20230313:1310,646.38,713.85,27.9,8.27,6.9,0.0
20230313:1410,411.35,457.91,20.16,8.17,6.55,0.0
20230313:1510,194.47,237.5,11.25,7.46,6.14,0.0
20230313:1610,0.0,0.9,1.7,6.6,6.9,0.0
20230313:1710,0.0,0.0,0.0,6.08,6.97,0.0
20230313:1810,0.0,0.0,0.0,6.31,7.1,0.0
20230313:1910,0.0,0.0,0.0,6.8,7.38,0.0
20230313:2010,0.0,0.0,0.0,7.24,7.24,0.0
20230313:2110,0.0,0.0,0.0,7.26,7.1,0.0
20230313:2210,0.0,0.0,0.0,7.15,6.97,0.0
20230313:2310,0.0,0.0,0.0,7.2,6.69,0.0
20230314:0010,0.0,0.0,0.0,7.24,6.48,0.0
20230314:0110,0.0,0.0,0.0,7.43,6.07,0.0
20230314:0210,0.0,0.0,0.0,7.56,5.59,0.0
20230314:0310,0.0,0.0,0.0,7.69,5.38,0.0
20230314:0410,0.0,0.0,0.0,7.84,5.52,0.0
20230314:0510,0.0,3.6,3.97,8.1,5.59,0.0
20230314:0610,14.66,28.84,13.44,8.88,5.59,0.0
20230314:0710,100.84,128.28,22.18,10.72,6.28,0.0
20230314:0810,54.6,77.5,29.64,12.08,4.76,0.0
20230314:0910,70.82,96.43,35.14,13.48,5.03,0.0
20230314:1010,196.68,235.72,37.96,14.23,5.52,0.0
20230314:1110,264.56,309.62,37.63,13.9,4.9,0.0
20230314:1210,397.51,455.73,34.19,14.09,5.17,0.0
20230314:1310,528.62,605.77,28.22,14.02,4.41,0.0
20230314:1410,422.39,486.63,20.44,14.18,4.62,0.0
20230314:1510,144.82,185.53,11.51,13.75,4.62,0.0
20230314:1610,0.0,0.9,1.95,12.33,3.93,0.0
20230314:1710,0.0,0.0,0.0,10.82,3.52,0.0
20230314:1810,0.0,0.0,0.0,9.89,3.52,0.0
20230314:1910,0.0,0.0,0.0,9.72,3.03,0.0
20230314:2010,0.0,0.0,0.0,9.11,3.1,0.0
20230314:2110,0.0,0.0,0.0,8.55,2.97,0.0
20230314:2210,0.0,0.0,0.0,7.86,2.69,0.0
20230314:2310,0.0,0.0,0.0,7.11,2.34,0.0
20230315:0010,0.0,0.0,0.0,6.26,2.14,0.0
20230315:0110,0.0,0.0,0.0,5.64,2.14,0.0
20230315:0210,0.0,0.0,0.0,5.23,2.14,0.0
20230315:0310,0.0,0.0,0.0,4.99,1.93,0.0
20230315:0410,0.0,0.0,0.0,4.69,1.59,0.0
20230315:0510,0.0,3.6,4.32,4.49,1.38,0.0
20230315:0610,9.57,21.63,13.8,5.26,1.03,0.0
20230315:0710,85.51,109.99,22.55,6.8,3.59,0.0
20230315:0810,84.09,108.14,30.03,6.14,4.14,0.0
20230315:0910,77.0,100.03,35.54,5.22,4.34,0.0
20230315:1010,83.41,106.34,38.36,3.84,4.9,0.0
20230315:1110,53.16,73.0,38.01,2.45,5.59,0.0
20230315:1210,140.99,165.83,34.54,1.79,5.45,0.0
20230315:1310,136.94,161.48,28.54,1.54,4.69,0.0
20230315:1410,27.09,43.26,20.73,1.41,4.62,0.0
20230315:1510,14.56,27.94,11.78,1.33,4.21,0.0
20230315:1610,0.0,0.9,2.21,1.13,3.38,0.0
20230315:1710,0.0,0.0,0.0,1.04,2.97,0.0
20230315:1810,0.0,0.0,0.0,1.01,3.1,0.0
20230315:1910,0.0,0.0,0.0,0.79,2.62,0.0
20230315:2010,0.0,0.0,0.0,0.75,2.69,0.0
20230315:2110,0.0,0.0,0.0,0.67,3.17,0.0
20230315:2210,0.0,0.0,0.0,0.59,3.38,0.0
20230315:2310,0.0,0.0,0.0,0.42,3.52,0.0
20230316:0010,0.0,0.0,0.0,0.26,3.52,0.0
20230316:0110,0.0,0.0,0.0,0.22,3.59,0.0
20230316:0210,0.0,0.0,0.0,0.04,3.52,0.0
20230316:0310,0.0,0.0,0.0,-0.18,3.38,0.0
20230316:0410,0.0,0.0,0.0,-0.45,3.45,0.0
20230316:0510,0.34,6.31,4.67,-0.66,3.45,0.0
20230316:0610,20.51,35.15,14.15,-0.45,3.1,0.0
20230316:0710,167.93,192.22,22.92,0.13,4.28,0.0
20230316:0810,220.03,246.12,30.41,0.63,4.69,0.0
20230316:0910,430.9,466.89,35.94,1.25,4.41,0.0
20230316:1010,137.94,163.11,38.76,2.09,4.41,0.0
20230316:1110,302.24,333.93,38.39,2.28,4.48,0.0
20230316:1210,135.67,161.31,34.89,2.96,4.48,0.0
20230316:1310,136.48,162.32,28.85,3.38,4.28,0.0
20230316:1410,119.64,144.9,21.02,3.9,3.79,0.0
20230316:1510,130.62,161.67,12.04,4.01,3.1,0.0
20230316:1610,0.31,6.31,2.46,3.16,2.83,0.0
20230316:1710,0.0,0.0,0.0,1.6,2.76,0.0
20230316:1810,0.0,0.0,0.0,0.46,2.76,0.0
20230316:1910,0.0,0.0,0.0,-0.38,2.28,0.0
20230316:2010,0.0,0.0,0.0,-1.27,2.21,0.0
20230316:2110,0.0,0.0,0.0,-2.22,2.28,0.0
20230316:2210,0.0,0.0,0.0,-3.01,2.34,0.0
20230316:2310,0.0,0.0,0.0,-3.56,2.34,0.0
20230317:0010,0.0,0.0,0.0,-3.94,2.34,0.0
20230317:0110,0.0,0.0,0.0,-4.21,2.34,0.0
20230317:0210,0.0,0.0,0.0,-4.41,2.34,0.0
20230317:0310,0.0,0.0,0.0,-4.6,2.21,0.0
20230317:0410,0.0,0.0,0.0,-4.93,2.14,0.0
20230317:0510,15.19,29.91,5.02,-5.19,2.0,0.0
20230317:0610,295.63,333.11,14.51,-3.38,1.38,0.0
20230317:0710,542.06,603.16,23.29,0.59,0.9,0.0
20230317:0810,731.45,847.94,30.8,2.73,0.48,0.0
20230317:0910,846.67,991.71,36.34,4.02,1.31,0.0
20230317:1010,852.77,995.33,39.16,4.75,1.79,0.0
20230317:1110,895.77,1058.91,38.77,5.25,1.66,0.0
20230317:1210,837.14,977.73,35.24,5.48,1.72,0.0
20230317:1310,691.22,788.19,29.17,5.47,1.79,0.0
20230317:1410,488.84,550.41,21.3,5.27,1.86,0.0
20230317:1510,169.33,207.14,12.31,4.85,1.59,0.0
20230317:1610,2.6,11.94,2.71,3.68,1.93,0.0
20230317:1710,0.0,0.0,0.0,1.76,2.34,0.0
20230317:1810,0.0,0.0,0.0,0.26,2.28,0.0
20230317:1910,0.0,0.0,0.0,-0.58,2.48,0.0
20230317:2010,0.0,0.0,0.0,-1.43,2.55,0.0
20230317:2110,0.0,0.0,0.0,-2.05,2.41,0.0
20230317:2210,0.0,0.0,0.0,-2.58,2.28,0.0
20230317:2310,0.0,0.0,0.0,-2.89,2.07,0.0
20230318:0010,0.0,0.0,0.0,-3.7,1.86,0.0
20230318:0110,0.0,0.0,0.0,-4.39,1.86,0.0
20230318:0210,0.0,0.0,0.0,-4.7,2.07,0.0
20230318:0310,0.0,0.0,0.0,-4.72,2.21,0.0
20230318:0410,0.0,0.0,0.0,-4.67,2.21,0.0
20230318:0510,45.8,80.72,5.37,-4.58,2.14,0.0
20230318:0610,307.4,347.31,14.87,-1.83,1.86,0.0
20230318:0710,548.67,605.45,23.66,1.96,2.28,0.0
20230318:0810,727.56,816.39,31.19,4.43,2.97,0.0
20230318:0910,848.23,971.72,36.74,6.21,3.31,0.0
20230318:1010,913.3,1067.65,39.56,7.54,3.1,0.0
20230318:1110,897.2,1056.66,39.16,8.57,2.83,0.0
20230318:1210,819.44,958.52,35.59,9.32,2.69,0.0
20230318:1310,675.54,776.86,29.48,9.73,2.69,0.0
20230318:1410,474.29,541.88,21.58,9.76,2.62,0.0
20230318:1510,204.31,251.37,12.57,8.66,2.48,0.0
20230318:1610,2.5,11.76,2.97,6.28,2.9,0.0
20230318:1710,0.0,0.0,0.0,3.72,2.97,0.0
20230318:1810,0.0,0.0,0.0,1.9,2.76,0.0
20230318:1910,0.0,0.0,0.0,1.05,2.48,0.0
20230318:2010,0.0,0.0,0.0,-0.06,2.34,0.0
20230318:2110,0.0,0.0,0.0,-1.14,2.21,0.0
20230318:2210,0.0,0.0,0.0,-1.91,2.14,0.0
20230318:2310,0.0,0.0,0.0,-2.41,2.0,0.0
20230319:0010,0.0,0.0,0.0,-2.85,1.93,0.0
20230319:0110,0.0,0.0,0.0,-3.16,1.86,0.0
20230319:0210,0.0,0.0,0.0,-3.29,1.72,0.0
20230319:0310,0.0,0.0,0.0,-3.22,1.72,0.0
20230319:0410,0.0,0.0,0.0,-3.24,1.79,0.0
20230319:0510,8.04,18.92,5.72,-2.91,1.72,0.0
20230319:0610,274.48,313.84,15.23,-0.15,1.24,0.0
20230319:0710,521.46,586.32,24.03,3.88,1.17,0.0
20230319:0810,688.99,795.98,31.57,6.58,1.31,0.0
20230319:0910,793.14,940.45,37.14,8.54,1.45,0.0
20230319:1010,863.55,1042.16,39.96,9.98,1.66,0.0
20230319:1110,837.47,1009.95,39.54,11.0,1.72,0.0
20230319:1210,779.96,933.28,35.94,11.68,1.72,0.0
20230319:1310,647.77,760.58,29.79,12.0,1.72,0.0
20230319:1410,455.56,529.62,21.86,11.99,1.72,0.0
20230319:1510,169.14,212.64,12.83,11.12,1.79,0.0
20230319:1610,2.91,12.5,3.22,9.15,2.28,0.0
20230319:1710,0.0,0.0,0.0,6.79,2.28,0.0
20230319:1810,0.0,0.0,0.0,4.6,2.21,0.0
20230319:1910,0.0,0.0,0.0,2.8,2.07,0.0
20230319:2010,0.0,0.0,0.0,1.16,2.0,0.0
20230319:2110,0.0,0.0,0.0,0.19,1.93,0.0
20230319:2210,0.0,0.0,0.0,-0.21,2.0,0.0
20230319:2310,0.0,0.0,0.0,-0.39,2.14,0.0
20230320:0010,0.0,0.0,0.0,-0.79,2.21,0.0
20230320:0110,0.0,0.0,0.0,-1.08,2.28,0.0
20230320:0210,0.0,0.0,0.0,-0.73,2.14,0.0
20230320:0310,0.0,0.0,0.0,-0.31,2.07,0.0
20230320:0410,0.0,0.0,0.0,-0.31,2.21,0.0
20230320:0510,0.0,5.41,6.07,-0.3,2.14,0.0
20230320:0610,18.08,32.44,15.59,1.7,1.59,0.0
20230320:0710,296.57,336.97,24.4,6.1,1.31,0.0
20230320:0810,324.91,372.65,31.96,9.04,1.45,0.0
20230320:0910,460.82,530.23,37.54,11.15,2.07,0.0
20230320:1010,613.41,715.21,40.37,12.63,2.55,0.0
20230320:1110,643.35,755.0,39.92,13.52,2.62,0.0
20230320:1210,419.04,486.51,36.29,13.95,2.55,0.0
20230320:1310,586.47,685.89,30.1,14.17,2.41,0.0
20230320:1410,326.75,382.71,22.15,14.18,2.28,0.0
20230320:1510,126.84,164.36,13.09,13.66,1.66,0.0
20230320:1610,0.25,6.31,3.47,12.34,1.79,0.0
20230320:1710,0.0,0.0,0.0,10.06,2.28,0.0
20230320:1810,0.0,0.0,0.0,7.64,2.48,0.0
20230320:1910,0.0,0.0,0.0,5.88,2.48,0.0
20230320:2010,0.0,0.0,0.0,5.04,2.41,0.0
20230320:2110,0.0,0.0,0.0,4.28,2.41,0.0
20230320:2210,0.0,0.0,0.0,3.9,2.34,0.0
20230320:2310,0.0,0.0,0.0,3.9,2.34,0.0
20230321:0010,0.0,0.0,0.0,3.87,2.34,0.0
20230321:0110,0.0,0.0,0.0,3.64,2.48,0.0
20230321:0210,0.0,0.0,0.0,3.71,2.48,0.0
20230321:0310,0.0,0.0,0.0,3.43,2.48,0.0
20230321:0410,0.0,0.0,0.0,3.44,2.41,0.0
20230321:0510,49.72,82.79,6.42,3.75,2.21,0.0
20230321:0610,37.98,56.77,15.94,5.38,1.79,0.0
20230321:0710,0.0,0.0,0.0,8.03,2.07,0.0
20230321:0810,0.0,0.0,0.0,9.56,2.69,0.0
20230321:0910,140.65,172.12,37.94,10.21,2.97,0.0
20230321:1010,140.07,171.22,40.77,9.54,2.34,0.0
20230321:1110,249.94,290.11,40.3,9.52,2.76,0.0
20230321:1210,51.25,73.0,36.64,9.48,2.62,0.0
20230321:1310,28.16,45.96,30.41,9.6,2.34,0.0
20230321:1410,30.3,48.66,22.42,10.16,1.93,0.0
20230321:1510,20.07,36.05,13.35,10.29,1.59,0.0
20230321:1610,0.0,4.51,3.72,9.81,1.17,0.0
20230321:1710,0.0,0.0,0.0,8.1,1.66,0.0
20230321:1810,0.0,0.0,0.0,6.26,1.79,0.0
20230321:1910,0.0,0.0,0.0,4.9,1.52,0.0
20230321:2010,0.0,0.0,0.0,4.18,1.66,0.0
20230321:2110,0.0,0.0,0.0,4.1,1.66,0.0
20230321:2210,0.0,0.0,0.0,3.87,1.72,0.0
20230321:2310,0.0,0.0,0.0,3.97,1.59,0.0
20230322:0010,0.0,0.0,0.0,4.09,1.52,0.0
20230322:0110,0.0,0.0,0.0,4.02,1.38,0.0
20230322:0210,0.0,0.0,0.0,3.31,1.52,0.0
20230322:0310,0.0,0.0,0.0,3.21,1.24,0.0
20230322:0410,0.0,0.0,0.0,3.11,1.17,0.0
20230322:0510,2.57,10.81,6.77,3.35,1.03,0.0
20230322:0610,28.91,45.96,16.3,4.17,0.97,0.0
20230322:0710,0.0,0.0,0.0,4.86,0.83,0.0
20230322:0810,166.36,197.99,32.74,6.62,0.97,0.0
20230322:0910,675.52,787.09,38.34,8.68,1.52,0.0
20230322:1010,362.17,419.41,41.17,10.7,1.31,0.0
20230322:1110,265.26,313.45,40.68,11.81,0.62,0.0
20230322:1210,499.34,592.36,36.98,12.49,0.28,0.0
20230322:1310,620.96,742.54,30.72,13.11,0.76,0.0
20230322:1410,313.36,369.85,22.7,13.36,0.76,0.0
20230322:1510,182.04,231.34,13.61,13.26,0.55,0.0
20230322:1610,7.97,21.99,3.97,12.19,0.55,0.0
20230322:1710,0.0,0.0,0.0,10.54,0.76,0.0
20230322:1810,0.0,0.0,0.0,6.76,1.72,0.0
20230322:1910,0.0,0.0,0.0,4.66,2.28,0.0
20230322:2010,0.0,0.0,0.0,3.57,2.48,0.0
20230322:2110,0.0,0.0,0.0,3.83,2.76,0.0
20230322:2210,0.0,0.0,0.0,4.47,2.9,0.0
20230322:2310,0.0,0.0,0.0,5.38,3.03,0.0
20230323:0010,0.0,0.0,0.0,6.08,3.17,0.0
20230323:0110,0.0,0.0,0.0,6.48,3.24,0.0
20230323:0210,0.0,0.0,0.0,6.32,3.45,0.0
20230323:0310,0.0,0.0,0.0,6.35,3.52,0.0
20230323:0410,0.0,0.0,0.0,6.3,3.59,0.0
20230323:0510,57.2,93.53,7.12,6.72,3.52,0.0
20230323:0610,244.06,287.52,16.66,8.56,3.52,0.0
20230323:0710,501.15,570.0,25.52,11.44,3.93,0.0
20230323:0810,675.19,774.4,33.13,13.32,4.97,0.0
20230323:0910,758.04,879.96,38.74,14.5,5.31,0.0
20230323:1010,722.22,839.97,41.57,15.11,5.31,0.0
20230323:1110,762.24,891.07,41.06,15.55,5.31,0.0
20230323:1210,767.17,896.18,37.33,15.89,5.38,0.0
20230323:1310,644.28,745.24,31.03,15.94,5.31,0.0
20230323:1410,310.47,362.99,22.98,15.77,5.03,0.0
20230323:1510,131.62,170.0,13.87,15.17,4.34,0.0
20230323:1610,8.43,22.62,4.22,13.64,4.14,0.0
20230323:1710,0.0,0.0,0.0,12.16,4.34,0.0
20230323:1810,0.0,0.0,0.0,11.51,4.62,0.0
20230323:1910,0.0,0.0,0.0,11.51,4.83,0.0
20230323:2010,0.0,0.0,0.0,11.82,4.97,0.0
20230323:2110,0.0,0.0,0.0,12.13,4.97,0.0
20230323:2210,0.0,0.0,0.0,12.14,4.97,0.0
20230323:2310,0.0,0.0,0.0,12.1,4.9,0.0
20230324:0010,0.0,0.0,0.0,11.83,4.76,0.0
20230324:0110,0.0,0.0,0.0,11.46,4.76,0.0
20230324:0210,0.0,0.0,0.0,11.26,4.62,0.0
20230324:0310,0.0,0.0,0.0,10.94,4.41,0.0
20230324:0410,0.0,0.0,0.0,10.61,4.28,0.0
20230324:0510,23.4,41.43,7.47,10.57,4.28,0.0
20230324:0610,270.29,320.33,17.02,11.47,4.55,0.0
20230324:0710,280.96,326.44,25.89,13.53,4.69,0.0
20230324:0810,397.38,457.54,33.51,15.14,5.31,0.0
20230324:0910,124.24,157.71,39.14,16.33,5.52,0.0
20230324:1010,152.14,189.25,41.97,16.9,5.52,0.0
20230324:1110,128.53,163.11,41.44,17.2,5.45,0.0
20230324:1210,181.59,222.1,37.67,17.15,5.24,0.0
20230324:1310,194.82,235.91,31.34,16.59,4.9,0.0
20230324:1410,153.37,189.41,23.26,15.72,4.62,0.0
20230324:1510,70.01,96.93,14.12,14.96,4.34,0.0
20230324:1610,0.0,3.6,4.46,14.35,4.28,0.0
20230324:1710,0.0,0.0,0.0,13.91,4.34,0.0
20230324:1810,0.0,0.0,0.0,13.78,4.55,0.0
20230324:1910,0.0,0.0,0.0,13.78,4.07,0.0
20230324:2010,0.0,0.0,0.0,13.49,4.28,0.0
20230324:2110,0.0,0.0,0.0,13.34,4.07,0.0
20230324:2210,0.0,0.0,0.0,13.01,3.38,0.0
20230324:2310,0.0,0.0,0.0,12.67,2.76,0.0
20230325:0010,0.0,0.0,0.0,11.98,2.21,0.0
20230325:0110,0.0,0.0,0.0,10.9,1.52,0.0
20230325:0210,0.0,0.0,0.0,11.24,0.62,0.0
20230325:0310,0.0,0.0,0.0,10.81,0.41,0.0
20230325:0410,0.0,0.0,0.0,9.22,1.03,0.0
20230325:0510,4.05,13.52,7.83,8.29,1.52,0.0
20230325:0610,34.94,54.07,17.38,9.29,1.24,0.0
20230325:0710,104.07,133.22,26.26,11.46,1.1,0.0
20230325:0810,89.26,117.15,33.9,12.41,1.38,0.0
20230325:0910,87.68,115.35,39.54,12.31,1.31,0.0
20230325:1010,62.23,86.51,42.36,12.25,1.59,0.0
20230325:1110,39.09,59.48,41.81,11.68,2.14,0.0
20230325:1210,83.7,109.94,38.01,10.9,3.1,0.0
20230325:1310,71.84,96.43,31.64,10.34,3.86,0.0
20230325:1410,105.26,132.93,23.53,9.84,4.14,0.0
20230325:1510,82.95,109.53,14.38,9.2,3.03,0.0
20230325:1610,1.98,9.91,4.71,8.82,2.34,0.0
20230325:1710,0.0,0.0,0.0,8.21,2.48,0.0
20230325:1810,0.0,0.0,0.0,7.05,2.62,0.0
20230325:1910,0.0,0.0,0.0,6.44,2.76,0.0
20230325:2010,0.0,0.0,0.0,6.37,2.9,0.0
20230325:2110,0.0,0.0,0.0,6.27,3.03,0.0
20230325:2210,0.0,0.0,0.0,6.2,3.03,0.0
20230325:2310,0.0,0.0,0.0,6.18,2.97,0.0
20230326:0010,0.0,0.0,0.0,6.14,2.97,0.0
20230326:0110,0.0,0.0,0.0,6.04,2.97,0.0
20230326:0210,0.0,0.0,0.0,5.83,2.97,0.0
20230326:0310,0.0,0.0,0.0,5.55,2.9,0.0
20230326:0410,0.0,0.0,0.0,4.83,2.9,0.0
20230326:0510,1.12,8.11,8.18,4.51,2.83,0.0
20230326:0610,321.94,373.2,17.73,6.12,2.48,0.0
20230326:0710,513.93,580.16,26.63,7.59,2.48,0.0
20230326:0810,585.51,662.27,34.29,9.32,3.59,0.0
20230326:0910,702.83,805.71,39.94,10.51,3.93,0.0
20230326:1010,382.01,436.37,42.76,11.15,3.86,0.0
20230326:1110,648.07,742.89,42.19,11.7,4.28,0.0
20230326:1210,39.14,59.48,38.35,11.79,4.9,0.0
20230326:1310,30.09,48.66,31.94,11.9,5.24,0.0
20230326:1410,486.34,552.53,23.8,11.73,5.31,0.0
20230326:1510,101.72,131.82,14.63,11.17,4.55,0.0
20230326:1610,18.9,48.23,4.96,10.49,3.59,0.0
20230326:1710,0.0,0.0,0.0,8.89,2.97,0.0
20230326:1810,0.0,0.0,0.0,7.66,2.48,0.0
20230326:1910,0.0,0.0,0.0,6.99,2.9,0.0
20230326:2010,0.0,0.0,0.0,6.37,2.97,0.0
20230326:2110,0.0,0.0,0.0,5.75,2.9,0.0
20230326:2210,0.0,0.0,0.0,5.37,2.97,0.0
20230326:2310,0.0,0.0,0.0,5.03,2.9,0.0
20230327:0010,0.0,0.0,0.0,4.73,2.69,0.0
20230327:0110,0.0,0.0,0.0,4.58,2.34,0.0
20230327:0210,0.0,0.0,0.0,4.1,1.72,0.0
20230327:0310,0.0,0.0,0.0,3.99,1.45,0.0
20230327:0410,0.0,0.0,0.0,4.0,1.52,0.0
20230327:0510,6.48,17.12,8.53,4.39,1.79,0.0
20230327:0610,100.51,126.08,18.09,5.16,1.86,0.0
20230327:0710,39.96,59.48,27.0,7.14,1.38,0.0
20230327:0810,46.84,67.59,34.67,7.94,1.59,0.0
20230327:0910,142.6,173.03,40.34,7.93,1.79,0.0
20230327:1010,320.49,366.15,43.16,8.05,2.14,0.0
20230327:1110,155.14,186.54,42.57,8.23,2.48,0.0
20230327:1210,168.96,201.58,38.69,8.17,2.07,0.0
20230327:1310,158.56,190.34,32.24,8.22,1.79,0.0
20230327:1410,57.88,80.2,24.08,8.05,1.17,0.0
20230327:1510,21.05,36.95,14.89,7.74,0.97,0.0
20230327:1610,5.21,15.32,5.2,6.96,2.14,0.0
20230327:1710,0.0,0.0,0.0,5.67,4.34,0.0
20230327:1810,0.0,0.0,0.0,3.35,5.72,0.0
20230327:1910,0.0,0.0,0.0,2.83,5.45,0.0
20230327:2010,0.0,0.0,0.0,1.71,6.21,0.0
20230327:2110,0.0,0.0,0.0,1.2,6.62,0.0
20230327:2210,0.0,0.0,0.0,0.87,6.83,0.0
20230327:2310,0.0,0.0,0.0,0.55,6.48,0.0
20230328:0010,0.0,0.0,0.0,0.25,6.48,0.0
20230328:0110,0.0,0.0,0.0,-0.18,7.24,0.0
20230328:0210,0.0,0.0,0.0,-0.78,6.97,0.0
20230328:0310,0.0,0.0,0.0,-1.49,6.69,0.0
20230328:0410,0.0,0.0,0.0,-2.3,6.55,0.0
20230328:0510,8.7,19.83,8.87,-2.94,6.41,0.0
20230328:0610,103.65,124.52,18.45,-3.07,6.21,0.0
20230328:0710,305.55,329.12,27.37,-1.95,6.41,0.0
20230328:0810,414.78,442.93,35.06,-0.82,6.34,0.0
20230328:0910,666.22,712.8,40.74,0.92,7.52,0.0
20230328:1010,763.7,828.42,43.56,1.98,6.76,0.0
20230328:1110,325.74,357.92,42.94,2.69,6.48,0.0
20230328:1210,568.73,616.59,39.03,3.21,6.28,0.0
20230328:1310,328.71,359.63,32.54,2.54,6.34,0.0
20230328:1410,245.04,272.29,24.35,1.61,6.62,0.0
20230328:1510,210.36,247.62,15.14,1.56,5.86,0.0
20230328:1610,20.91,43.54,5.45,0.78,5.93,0.0
20230328:1710,0.0,0.0,0.0,0.0,6.0,0.0
20230328:1810,0.0,0.0,0.0,-0.78,5.86,0.0
20230328:1910,0.0,0.0,0.0,-1.33,5.52,0.0
20230328:2010,0.0,0.0,0.0,-1.8,5.38,0.0
20230328:2110,0.0,0.0,0.0,-2.22,5.17,0.0
20230328:2210,0.0,0.0,0.0,-2.77,5.03,0.0
20230328:2310,0.0,0.0,0.0,-3.08,5.03,0.0
20230329:0010,0.0,0.0,0.0,-3.48,5.1,0.0
20230329:0110,0.0,0.0,0.0,-3.61,5.17,0.0
20230329:0210,0.0,0.0,0.0,-4.04,5.03,0.0
20230329:0310,0.0,0.0,0.0,-4.1,5.03,0.0
20230329:0410,0.0,0.0,0.0,-4.08,4.97,0.0
20230329:0510,35.18,52.51,9.22,-4.02,4.9,0.0
20230329:0610,225.05,250.63,18.8,-3.21,4.9,0.0
20230329:0710,552.84,584.53,27.74,-1.81,6.69,0.0
20230329:0810,790.49,841.0,35.44,-0.62,7.66,0.0
20230329:0910,925.81,1001.97,41.14,0.37,7.31,0.0
20230329:1010,990.26,1086.17,43.95,1.28,6.97,0.0
20230329:1110,945.35,1040.31,43.31,2.54,6.83,0.0
20230329:1210,882.51,969.92,39.36,3.41,6.62,0.0
20230329:1310,749.63,818.83,32.84,3.94,6.28,0.0
20230329:1410,534.16,585.23,24.61,4.13,5.72,0.0
20230329:1510,248.82,296.23,15.39,4.14,4.69,0.0
20230329:1610,22.72,54.19,5.69,3.41,3.66,0.0
20230329:1710,0.0,0.0,0.0,1.49,3.17,0.0
20230329:1810,0.0,0.0,0.0,0.17,3.03,0.0
20230329:1910,0.0,0.0,0.0,-0.39,3.03,0.0
20230329:2010,0.0,0.0,0.0,-0.94,3.03,0.0
20230329:2110,0.0,0.0,0.0,-1.32,2.97,0.0
20230329:2210,0.0,0.0,0.0,-1.6,2.97,0.0
20230329:2310,0.0,0.0,0.0,-1.81,2.9,0.0
20230330:0010,0.0,0.0,0.0,-2.16,2.76,0.0
20230330:0110,0.0,0.0,0.0,-2.4,2.76,0.0
20230330:0210,0.0,0.0,0.0,-2.44,2.83,0.0
20230330:0310,0.0,0.0,0.0,-2.36,3.1,0.0
20230330:0410,0.0,0.0,0.0,-1.92,3.31,0.0
20230330:0510,91.63,134.47,9.57,-0.93,3.31,0.0
20230330:0610,353.97,398.72,19.16,1.51,3.24,0.0
20230330:0710,564.83,618.67,28.1,3.91,4.55,0.0
20230330:0810,337.44,374.57,35.82,5.5,5.52,0.0
20230330:0910,302.07,339.78,41.53,6.87,5.79,0.0
20230330:1010,277.29,315.03,44.34,7.78,5.86,0.0
20230330:1110,791.64,890.84,43.69,8.24,5.93,0.0
20230330:1210,862.29,974.95,39.7,8.48,5.86,0.0
20230330:1310,701.87,783.86,33.14,8.44,5.66,0.0
20230330:1410,483.95,541.8,24.88,8.54,5.31,0.0
20230330:1510,61.31,83.98,15.64,8.05,4.55,0.0
20230330:1610,14.16,28.92,5.93,6.81,4.28,0.0
20230330:1710,0.0,0.0,0.0,5.54,4.34,0.0
20230330:1810,0.0,0.0,0.0,5.51,4.62,0.0
20230330:1910,0.0,0.0,0.0,5.62,5.38,0.0
20230330:2010,0.0,0.0,0.0,5.85,5.31,0.0
20230330:2110,0.0,0.0,0.0,5.9,5.24,0.0
20230330:2210,0.0,0.0,0.0,5.89,4.97,0.0
20230330:2310,0.0,0.0,0.0,5.93,4.83,0.0
20230331:0010,0.0,0.0,0.0,5.79,4.9,0.0
20230331:0110,0.0,0.0,0.0,5.6,4.97,0.0
20230331:0210,0.0,0.0,0.0,5.37,4.97,0.0
20230331:0310,0.0,0.0,0.0,5.55,4.97,0.0
20230331:0410,0.0,0.0,0.0,5.71,4.76,0.0
20230331:0510,22.04,37.85,9.92,5.81,4.55,0.0
20230331:0610,41.84,61.28,19.51,6.09,4.41,0.0
20230331:0710,99.34,125.26,28.47,7.35,3.93,0.0
20230331:0810,252.22,289.8,36.2,8.59,4.21,0.0
20230331:0910,820.42,938.26,41.92,9.65,4.83,0.0
20230331:1010,505.09,570.94,44.74,11.0,5.31,0.0
20230331:1110,716.42,821.65,44.06,11.93,5.03,0.0
20230331:1210,507.24,578.43,40.03,12.44,4.55,0.0
20230331:1310,550.67,628.5,33.43,12.71,4.41,0.0
20230331:1410,462.89,530.35,25.15,12.39,4.21,0.0
20230331:1510,225.99,279.97,15.89,11.73,4.14,0.0
20230331:1610,26.72,57.54,6.18,10.65,3.86,0.0
20230331:1710,0.0,0.0,0.0,9.11,3.52,0.0
20230331:1810,0.0,0.0,0.0,8.1,3.38,0.0
20230331:1910,0.0,0.0,0.0,7.95,3.72,0.0
20230331:2010,0.0,0.0,0.0,8.03,3.45,0.0
20230331:2110,0.0,0.0,0.0,8.0,3.03,0.0
20230331:2210,0.0,0.0,0.0,7.78,3.03,0.0
20230331:2310,0.0,0.0,0.0,7.85,3.17,0.0
20230401:0010,0.0,0.0,0.0,8.01,3.24,0.0
20230401:0110,0.0,0.0,0.0,8.1,3.31,0.0
20230401:0210,0.0,0.0,0.0,7.89,3.45,0.0
20230401:0310,0.0,0.0,0.0,7.78,3.45,0.0
20230401:0410,0.0,0.0,0.0,7.77,3.45,0.0
20230401:0510,2.0,9.91,10.26,7.77,3.24,0.0
20230401:0610,33.7,52.27,19.86,7.93,2.76,0.0
20230401:0710,106.42,134.0,28.83,9.02,2.9,0.0
20230401:0810,146.76,179.11,36.58,10.88,3.38,0.0
20230401:0910,282.49,328.3,42.32,11.95,3.52,0.0
20230401:1010,172.91,209.77,45.13,13.08,3.17,0.0
20230401:1110,729.82,867.22,44.42,13.74,2.55,0.0
20230401:1210,164.38,201.45,40.36,13.94,2.34,0.0
20230401:1310,52.44,75.7,33.73,13.84,2.21,0.0
20230401:1410,75.64,101.83,25.41,12.89,2.76,0.0
20230401:1510,115.71,148.52,16.13,11.62,2.28,0.0
20230401:1610,28.14,59.79,6.42,11.26,1.31,0.0
20230401:1710,0.0,0.0,0.0,10.17,1.66,0.0
20230401:1810,0.0,0.0,0.0,8.35,1.72,0.0
20230401:1910,0.0,0.0,0.0,6.94,1.66,0.0
20230401:2010,0.0,0.0,0.0,6.03,2.07,0.0
20230401:2110,0.0,0.0,0.0,5.56,2.14,0.0
20230401:2210,0.0,0.0,0.0,5.2,2.21,0.0
20230401:2310,0.0,0.0,0.0,4.73,2.41,0.0
20230402:0010,0.0,0.0,0.0,4.8,2.41,0.0
20230402:0110,0.0,0.0,0.0,4.67,2.55,0.0
20230402:0210,0.0,0.0,0.0,5.01,2.62,0.0
20230402:0310,0.0,0.0,0.0,5.95,2.62,0.0
20230402:0410,0.0,0.0,0.0,6.37,2.69,0.0
20230402:0510,19.75,35.15,10.6,6.75,2.76,0.0
20230402:0610,71.68,95.14,20.21,7.39,3.72,0.0
20230402:0710,99.08,125.26,29.19,8.01,4.41,0.0
20230402:0810,181.39,214.31,36.96,8.75,4.41,0.0
20230402:0910,155.01,186.54,42.71,9.25,4.34,0.0
20230402:1010,218.36,255.02,45.52,9.47,4.41,0.0
20230402:1110,151.95,183.84,44.79,9.97,4.21,0.0
20230402:1210,206.14,242.87,40.69,10.55,4.28,0.0
20230402:1310,98.78,126.16,34.02,10.39,4.41,0.0
20230402:1410,73.71,98.23,25.68,9.74,4.41,0.0
20230402:1510,60.02,82.91,16.38,9.18,4.41,0.0
20230402:1610,9.41,21.63,6.66,8.31,4.28,0.0
20230402:1710,0.0,0.0,0.0,7.44,3.93,0.0
20230402:1810,0.0,0.0,0.0,6.82,3.93,0.0
20230402:1910,0.0,0.0,0.0,5.81,3.45,0.0
20230402:2010,0.0,0.0,0.0,5.4,3.17,0.0
20230402:2110,0.0,0.0,0.0,5.06,3.03,0.0
20230402:2210,0.0,0.0,0.0,4.74,3.1,0.0
20230402:2310,0.0,0.0,0.0,4.39,3.24,0.0
20230403:0010,0.0,0.0,0.0,3.97,3.45,0.0
20230403:0110,0.0,0.0,0.0,3.4,3.59,0.0
20230403:0210,0.0,0.0,0.0,2.82,3.59,0.0
20230403:0310,0.0,0.0,0.0,2.26,3.79,0.0
20230403:0410,0.0,0.0,0.0,1.67,3.66,0.0
20230403:0510,9.8,21.63,10.94,1.25,4.0,0.0
20230403:0610,107.4,130.79,20.56,1.23,4.28,0.0
20230403:0710,104.78,127.97,29.55,1.5,4.55,0.0
20230403:0810,133.84,158.61,37.34,1.83,4.62,0.0
20230403:0910,157.0,182.94,43.1,2.03,4.69,0.0
20230403:1010,89.99,112.65,45.91,2.18,4.69,0.0
20230403:1110,79.84,101.83,45.16,2.16,4.69,0.0
20230403:1210,51.58,71.19,41.02,2.16,4.83,0.0
20230403:1310,46.79,65.79,34.31,1.81,5.03,0.0
20230403:1410,46.92,65.79,25.94,1.25,5.17,0.0
20230403:1510,27.2,43.26,16.62,0.62,4.97,0.0
20230403:1610,11.2,23.43,6.9,0.16,4.83,0.0
20230403:1710,0.0,0.0,0.0,-0.23,4.21,0.0
20230403:1810,0.0,0.0,0.0,-0.45,4.14,0.0
20230403:1910,0.0,0.0,0.0,-0.55,3.45,0.0
20230403:2010,0.0,0.0,0.0,-0.72,3.31,0.0
20230403:2110,0.0,0.0,0.0,-0.85,3.38,0.0
20230403:2210,0.0,0.0,0.0,-1.06,3.03,0.0
20230403:2310,0.0,0.0,0.0,-1.07,3.03,0.0
20230404:0010,0.0,0.0,0.0,-1.14,3.17,0.0
20230404:0110,0.0,0.0,0.0,-1.4,2.97,0.0
20230404:0210,0.0,0.0,0.0,-1.57,3.17,0.0
20230404:0310,0.0,0.0,0.0,-1.85,3.1,0.0
20230404:0410,0.0,0.0,0.0,-2.35,2.9,0.0
20230404:0510,35.45,52.47,11.28,-2.47,2.97,0.0
20230404:0610,142.85,166.04,20.9,-2.07,3.52,0.0
20230404:0710,199.57,224.21,29.91,-1.1,3.66,0.0
20230404:0810,195.9,221.17,37.71,-0.53,3.93,0.0
20230404:0910,231.98,259.0,43.49,-0.08,4.0,0.0
20230404:1010,170.14,195.56,46.3,0.45,4.07,0.0
20230404:1110,254.02,282.85,45.52,0.75,4.0,0.0
20230404:1210,286.81,316.73,41.35,0.76,3.79,0.0
20230404:1310,302.01,331.79,34.6,0.59,3.66,0.0
20230404:1410,112.26,135.4,26.2,0.65,4.0,0.0
20230404:1510,93.88,117.01,16.87,0.66,4.0,0.0
20230404:1610,0.33,6.31,7.13,0.6,3.52,0.0
20230404:1710,0.0,0.0,0.0,0.2,2.48,0.0
20230404:1810,0.0,0.0,0.0,-0.13,2.07,0.0
20230404:1910,0.0,0.0,0.0,-1.39,1.59,0.0
20230404:2010,0.0,0.0,0.0,-1.53,1.45,0.0
20230404:2110,0.0,0.0,0.0,-1.68,1.45,0.0
20230404:2210,0.0,0.0,0.0,-1.82,1.52,0.0
20230404:2310,0.0,0.0,0.0,-1.97,1.66,0.0
20230405:0010,0.0,0.0,0.0,-2.24,1.66,0.0
20230405:0110,0.0,0.0,0.0,-2.41,1.59,0.0
20230405:0210,0.0,0.0,0.0,-2.32,1.59,0.0
20230405:0310,0.0,0.0,0.0,-2.38,1.79,0.0
20230405:0410,0.0,0.83,1.85,-2.79,1.79,0.0
20230405:0510,32.29,48.66,11.62,-2.48,2.0,0.0
20230405:0610,270.72,301.99,21.24,-1.73,2.28,0.0
20230405:0710,469.42,508.55,30.27,-0.43,2.9,0.0
20230405:0810,581.02,631.79,38.08,0.45,3.31,0.0
20230405:0910,540.19,589.44,43.87,1.05,3.31,0.0
20230405:1010,444.14,486.74,46.68,1.75,3.24,0.0
20230405:1110,397.31,437.76,45.88,2.63,3.31,0.0
20230405:1210,265.07,297.81,41.67,3.29,3.38,0.0
20230405:1310,217.4,247.52,34.88,3.53,3.59,0.0
20230405:1410,150.31,176.98,26.45,3.35,3.72,0.0
20230405:1510,89.36,113.23,17.11,3.2,3.79,0.0
20230405:1610,9.05,20.73,7.37,2.94,3.59,0.0
20230405:1710,0.0,0.0,0.0,2.45,3.1,0.0
20230405:1810,0.0,0.0,0.0,1.8,3.03,0.0
20230405:1910,0.0,0.0,0.0,0.73,2.69,0.0
20230405:2010,0.0,0.0,0.0,0.48,2.83,0.0
20230405:2110,0.0,0.0,0.0,0.1,2.83,0.0
20230405:2210,0.0,0.0,0.0,-0.3,3.1,0.0
20230405:2310,0.0,0.0,0.0,-0.61,3.03,0.0
20230406:0010,0.0,0.0,0.0,-0.81,3.31,0.0
20230406:0110,0.0,0.0,0.0,-1.05,3.66,0.0
20230406:0210,0.0,0.0,0.0,-1.22,3.86,0.0
20230406:0310,0.0,0.0,0.0,-1.41,4.21,0.0
20230406:0410,0.0,1.67,2.19,-1.65,4.48,0.0
20230406:0510,9.3,20.73,11.96,-1.72,5.45,0.0
20230406:0610,13.4,26.13,21.59,-1.8,5.59,0.0
20230406:0710,59.37,78.4,30.62,-2.11,5.17,0.0
20230406:0810,79.76,100.03,38.45,-1.87,6.14,0.0
20230406:0910,122.14,144.19,44.26,-1.47,6.21,0.0
20230406:1010,98.38,119.86,47.06,-1.07,5.79,0.0
20230406:1110,102.56,124.36,46.24,-0.78,5.66,0.0
20230406:1210,41.65,59.48,41.99,-0.58,6.0,0.0
20230406:1310,46.49,64.88,35.17,-0.45,5.24,0.0
20230406:1410,19.03,33.34,26.71,-0.3,5.24,0.0
20230406:1510,36.74,54.07,17.35,-0.18,5.38,0.0
20230406:1610,26.86,45.31,7.61,-0.04,5.1,0.0
20230406:1710,0.0,0.0,0.0,0.07,4.83,0.0
20230406:1810,0.0,0.0,0.0,0.2,4.55,0.0
20230406:1910,0.0,0.0,0.0,-0.47,3.86,0.0
20230406:2010,0.0,0.0,0.0,-0.29,3.72,0.0
20230406:2110,0.0,0.0,0.0,-0.11,3.45,0.0
20230406:2210,0.0,0.0,0.0,0.04,3.1,0.0
20230406:2310,0.0,0.0,0.0,0.15,2.9,0.0
20230407:0010,0.0,0.0,0.0,0.22,2.76,0.0
20230407:0110,0.0,0.0,0.0,0.33,2.55,0.0
20230407:0210,0.0,0.0,0.0,0.39,2.21,0.0
20230407:0310,0.0,0.0,0.0,0.41,1.93,0.0
20230407:0410,0.0,0.83,2.52,0.45,1.45,0.0
20230407:0510,8.53,19.83,12.29,0.39,0.69,0.0
20230407:0610,27.09,43.26,21.93,0.75,0.21,0.0
20230407:0710,111.87,136.08,30.97,0.96,0.48,0.0
20230407:0810,134.63,160.41,38.82,1.24,0.48,0.0
20230407:0910,144.33,170.32,44.64,1.52,1.59,0.0
20230407:1010,105.91,129.77,47.44,2.02,2.48,0.0
20230407:1110,109.93,134.28,46.6,2.66,2.97,0.0
20230407:1210,151.53,178.43,42.31,3.16,3.38,0.0
20230407:1310,145.18,171.81,35.45,3.32,3.38,0.0
20230407:1410,156.37,183.54,26.97,3.38,3.24,0.0
20230407:1510,28.35,45.06,17.59,3.1,2.69,0.0
20230407:1610,2.58,10.81,7.84,2.66,2.62,0.0
20230407:1710,0.0,0.0,0.0,1.8,2.41,0.0
20230407:1810,0.0,0.0,0.0,0.97,2.34,0.0
20230407:1910,0.0,0.0,0.0,0.0,2.48,0.0
20230407:2010,0.0,0.0,0.0,-0.29,2.34,0.0
20230407:2110,0.0,0.0,0.0,-0.34,2.21,0.0
20230407:2210,0.0,0.0,0.0,-0.61,2.0,0.0
20230407:2310,0.0,0.0,0.0,-1.05,1.72,0.0
20230408:0010,0.0,0.0,0.0,-1.35,1.38,0.0
20230408:0110,0.0,0.0,0.0,-1.64,1.17,0.0
20230408:0210,0.0,0.0,0.0,-1.49,1.03,0.0
20230408:0310,0.0,0.0,0.0,-1.96,1.1,0.0
20230408:0410,0.0,1.67,2.86,-2.33,1.17,0.0
20230408:0510,7.34,18.02,12.62,-1.61,0.97,0.0
20230408:0610,54.52,73.9,22.26,-0.54,0.83,0.0
20230408:0710,83.78,106.34,31.32,2.28,2.34,0.0
20230408:0810,208.95,238.39,39.19,2.95,3.45,0.0
20230408:0910,229.99,261.38,45.02,3.69,3.66,0.0
20230408:1010,254.83,288.74,47.82,4.54,3.66,0.0
20230408:1110,289.06,326.12,46.95,5.48,3.86,0.0
20230408:1210,141.26,169.42,42.63,5.88,3.72,0.0
20230408:1310,96.21,121.66,35.73,6.84,3.66,0.0
20230408:1410,120.7,148.41,27.22,7.41,3.45,0.0
20230408:1510,70.93,94.38,17.83,7.04,3.1,0.0
20230408:1610,36.25,71.36,8.08,5.95,2.28,0.0
20230408:1710,0.0,0.0,0.0,4.41,1.93,0.0
20230408:1810,0.0,0.0,0.0,3.22,1.59,0.0
20230408:1910,0.0,0.0,0.0,1.84,1.31,0.0
20230408:2010,0.0,0.0,0.0,1.64,1.03,0.0
20230408:2110,0.0,0.0,0.0,0.41,1.38,0.0
20230408:2210,0.0,0.0,0.0,-2.39,1.86,0.0
20230408:2310,0.0,0.0,0.0,-3.32,1.72,0.0
20230409:0010,0.0,0.0,0.0,-3.92,1.59,0.0
20230409:0110,0.0,0.0,0.0,-4.42,1.59,0.0
20230409:0210,0.0,0.0,0.0,-4.79,1.72,0.0
20230409:0310,0.0,0.0,0.0,-5.0,1.66,0.0
20230409:0410,0.0,2.5,3.19,-4.99,1.59,0.0
20230409:0510,97.9,128.6,12.95,-2.52,1.1,0.0
20230409:0610,265.4,302.03,22.6,1.25,0.76,0.0
20230409:0710,491.67,557.43,31.67,4.51,0.62,0.0
20230409:0810,679.35,800.38,39.55,6.87,0.41,0.0
20230409:0910,774.97,938.26,45.4,8.44,0.48,0.0
20230409:1010,782.09,947.11,48.2,9.56,0.83,0.0
20230409:1110,749.16,899.31,47.31,10.54,1.17,0.0
20230409:1210,289.42,338.18,42.94,10.93,1.24,0.0
20230409:1310,255.62,300.19,36.01,10.95,1.1,0.0
20230409:1410,173.72,209.67,27.47,10.85,1.03,0.0
20230409:1510,168.12,209.66,18.06,10.63,0.9,0.0
20230409:1610,35.62,62.11,8.31,10.11,0.41,0.0
20230409:1710,0.0,0.0,0.0,9.55,0.62,0.0
20230409:1810,0.0,0.0,0.0,8.22,0.9,0.0
20230409:1910,0.0,0.0,0.0,4.62,2.07,0.0
20230409:2010,0.0,0.0,0.0,4.03,1.86,0.0
20230409:2110,0.0,0.0,0.0,3.87,1.93,0.0
20230409:2210,0.0,0.0,0.0,3.73,2.28,0.0
20230409:2310,0.0,0.0,0.0,3.57,2.28,0.0
20230410:0010,0.0,0.0,0.0,3.92,2.34,0.0
20230410:0110,0.0,0.0,0.0,4.11,2.55,0.0
20230410:0210,0.0,0.0,0.0,3.91,2.76,0.0
20230410:0310,0.0,0.0,0.0,4.21,2.83,0.0
20230410:0410,0.0,2.5,3.51,4.13,2.83,0.0
20230410:0510,4.71,14.42,13.28,4.6,2.76,0.0
20230410:0610,64.47,86.51,22.93,5.37,2.83,0.0
20230410:0710,49.54,70.29,32.01,6.83,2.97,0.0
20230410:0810,97.19,123.46,39.91,8.17,3.17,0.0
20230410:0910,97.32,124.36,45.77,9.53,2.83,0.0
20230410:1010,294.55,341.33,48.58,10.72,2.76,0.0
20230410:1110,310.06,358.47,47.66,10.49,2.48,0.0
20230410:1210,480.46,549.05,43.26,10.06,2.55,0.0
20230410:1310,82.99,109.04,36.28,10.39,2.28,0.0
20230410:1410,41.67,62.18,27.72,10.19,1.72,0.0
20230410:1510,120.15,152.15,18.3,10.23,1.79,0.0
20230410:1610,22.72,39.91,8.54,9.48,1.52,0.0
20230410:1710,0.0,0.0,0.0,8.55,1.52,0.0
20230410:1810,0.0,0.0,0.0,7.02,1.31,0.0
20230410:1910,0.0,0.0,0.0,5.75,1.31,0.0
20230410:2010,0.0,0.0,0.0,6.21,0.83,0.0
20230410:2110,0.0,0.0,0.0,5.3,1.03,0.0
20230410:2210,0.0,0.0,0.0,4.59,1.17,0.0
20230410:2310,0.0,0.0,0.0,4.54,1.03,0.0
20230411:0010,0.0,0.0,0.0,4.67,0.76,0.0
20230411:0110,0.0,0.0,0.0,4.79,0.48,0.0
20230411:0210,0.0,0.0,0.0,4.26,0.55,0.0
20230411:0310,0.0,0.0,0.0,3.72,0.62,0.0
20230411:0410,0.0,2.5,3.84,2.94,0.83,0.0
20230411:0510,28.17,45.06,13.6,4.05,1.03,0.0
20230411:0610,108.84,134.95,23.26,5.06,1.17,0.0
20230411:0710,161.2,191.49,32.35,6.26,2.07,0.0
20230411:0810,317.91,361.67,40.27,8.01,2.9,0.0
20230411:0910,694.37,796.88,46.14,9.67,3.45,0.0
20230411:1010,881.17,1032.6,48.95,11.01,4.0,0.0
20230411:1110,380.32,436.56,48.01,12.07,4.14,0.0
20230411:1210,508.0,583.62,43.57,12.7,3.72,0.0
20230411:1310,677.02,784.78,36.56,13.01,3.59,0.0
20230411:1410,416.69,481.72,27.97,13.03,3.38,0.0
20230411:1510,172.66,215.53,18.53,12.66,2.9,0.0
20230411:1610,37.6,75.71,8.77,11.87,2.21,0.0
20230411:1710,0.0,0.0,0.0,10.61,2.14,0.0
20230411:1810,0.0,0.0,0.0,8.82,2.0,0.0
20230411:1910,0.0,0.0,0.0,7.56,2.55,0.0
20230411:2010,0.0,0.0,0.0,6.77,2.55,0.0
20230411:2110,0.0,0.0,0.0,5.66,2.55,0.0
20230411:2210,0.0,0.0,0.0,4.84,2.48,0.0
20230411:2310,0.0,0.0,0.0,4.2,2.28,0.0
20230412:0010,0.0,0.0,0.0,3.72,2.07,0.0
20230412:0110,0.0,0.0,0.0,3.07,1.79,0.0
20230412:0210,0.0,0.0,0.0,3.47,1.24,0.0
20230412:0310,0.0,0.0,0.0,4.65,0.83,0.0
20230412:0410,1.67,9.17,4.16,3.31,1.59,0.0
20230412:0510,30.38,47.76,13.92,4.65,1.59,0.0
20230412:0610,136.89,165.56,23.58,5.89,1.86,0.0
20230412:0710,128.43,156.39,32.69,6.58,2.76,0.0
20230412:0810,93.21,118.96,40.62,7.81,3.1,0.0
20230412:0910,105.95,133.37,46.51,8.75,2.9,0.0
20230412:1010,68.58,92.82,49.32,10.25,3.03,0.0
20230412:1110,162.17,196.46,48.35,11.33,3.17,0.0
20230412:1210,226.87,267.36,43.87,11.64,3.31,0.0
20230412:1310,64.87,89.22,36.83,11.79,2.9,0.0
20230412:1410,42.18,63.08,28.22,11.61,2.62,0.0
20230412:1510,32.44,51.37,18.77,10.98,3.17,0.0
20230412:1610,19.45,35.15,9.0,9.68,3.24,0.0
20230412:1710,0.0,0.0,0.0,8.43,3.24,0.0
20230412:1810,0.0,0.0,0.0,7.81,3.24,0.0
20230412:1910,0.0,0.0,0.0,7.55,3.1,0.0
20230412:2010,0.0,0.0,0.0,6.94,2.97,0.0
20230412:2110,0.0,0.0,0.0,6.47,2.76,0.0
20230412:2210,0.0,0.0,0.0,6.22,2.55,0.0
20230412:2310,0.0,0.0,0.0,5.91,2.28,0.0
20230413:0010,0.0,0.0,0.0,5.66,2.14,0.0
20230413:0110,0.0,0.0,0.0,4.71,2.14,0.0
20230413:0210,0.0,0.0,0.0,3.7,2.07,0.0
20230413:0310,0.0,0.0,0.0,2.79,2.0,0.0
20230413:0410,4.11,13.34,4.48,1.99,1.93,0.0
20230413:0510,132.75,182.51,14.24,3.47,1.38,0.0
20230413:0610,371.22,431.45,23.91,6.81,0.97,0.0
20230413:0710,585.54,672.21,33.03,9.56,2.21,0.0
20230413:0810,730.02,858.05,40.98,11.29,2.21,0.0
20230413:0910,642.79,751.69,46.88,12.68,2.69,0.0
20230413:1010,341.21,399.72,49.69,13.46,2.07,0.0
20230413:1110,333.81,392.56,48.7,13.44,1.52,0.0
20230413:1210,635.55,758.44,44.18,13.62,1.38,0.0
20230413:1310,491.22,577.67,37.1,13.87,1.38,0.0
20230413:1410,240.96,287.53,28.46,13.63,1.17,0.0
20230413:1510,177.56,223.52,19.0,13.51,1.03,0.0
20230413:1610,39.16,79.37,9.23,13.09,1.03,0.0
20230413:1710,0.0,0.0,0.0,11.8,1.52,0.0
20230413:1810,0.0,0.0,0.0,9.6,2.14,0.0
20230413:1910,0.0,0.0,0.0,9.54,1.72,0.0
20230413:2010,0.0,0.0,0.0,7.97,2.0,0.0
20230413:2110,0.0,0.0,0.0,6.68,1.86,0.0
20230413:2210,0.0,0.0,0.0,5.41,1.79,0.0
20230413:2310,0.0,0.0,0.0,4.3,1.59,0.0
20230414:0010,0.0,0.0,0.0,3.72,1.45,0.0
20230414:0110,0.0,0.0,0.0,3.53,1.52,0.0
20230414:0210,0.0,0.0,0.0,2.95,1.79,0.0
20230414:0310,0.0,0.0,0.0,2.27,2.14,0.0
20230414:0410,3.59,12.51,4.8,1.99,2.21,0.0
20230414:0510,122.03,163.88,14.56,4.0,1.93,0.0
20230414:0610,279.06,324.76,24.23,8.92,2.55,0.0
20230414:0710,425.79,483.82,33.36,11.24,4.28,0.0
20230414:0810,589.79,672.24,41.33,12.98,5.45,0.0
20230414:0910,825.98,957.0,47.25,14.16,6.21,0.0
20230414:1010,676.03,779.29,50.05,14.94,6.41,0.0
20230414:1110,649.53,749.37,49.04,15.58,6.55,0.0
20230414:1210,440.95,508.48,44.48,16.18,6.76,0.0
20230414:1310,401.11,462.97,37.37,16.28,6.76,0.0
20230414:1410,335.13,390.34,28.7,15.94,6.41,0.0
20230414:1510,91.35,120.81,19.23,15.08,5.93,0.0
20230414:1610,41.58,70.43,9.46,13.96,5.66,0.0
20230414:1710,0.0,0.0,0.0,12.91,5.45,0.0
20230414:1810,0.0,0.0,0.0,12.04,5.31,0.0
20230414:1910,0.0,0.0,0.0,11.85,4.14,0.0
20230414:2010,0.0,0.0,0.0,11.15,3.24,0.0
20230414:2110,0.0,0.0,0.0,10.16,2.21,0.0
20230414:2210,0.0,0.0,0.0,9.6,1.86,0.0
20230414:2310,0.0,0.0,0.0,9.05,1.52,0.0
20230415:0010,0.0,0.0,0.0,8.37,0.97,0.0
20230415:0110,0.0,0.0,0.0,8.01,0.83,0.0
20230415:0210,0.0,0.0,0.0,7.18,0.97,0.0
20230415:0310,0.0,0.0,0.0,5.78,1.38,0.0
20230415:0410,8.44,20.01,5.11,4.92,1.59,0.0
20230415:0510,22.74,38.75,14.87,5.64,0.76,0.0
20230415:0610,113.51,142.29,24.54,8.6,0.62,0.0
20230415:0710,581.66,674.93,33.68,10.66,1.72,0.0
20230415:0810,670.24,792.39,41.67,11.75,1.52,0.0
20230415:0910,425.2,498.1,47.61,12.86,1.31,0.0
20230415:1010,117.3,149.6,50.41,13.86,0.83,0.0
20230415:1110,88.97,118.05,49.38,14.57,0.69,0.0
20230415:1210,783.12,957.63,44.79,14.68,1.52,0.0
20230415:1310,45.75,67.59,37.64,12.78,2.21,0.0
20230415:1410,44.83,65.79,28.94,10.12,2.69,0.0
20230415:1510,224.63,278.16,19.46,10.02,1.38,0.0
20230415:1610,1.5,9.01,9.69,9.93,0.76,0.0
20230415:1710,0.0,0.0,0.0,9.35,1.38,0.0
20230415:1810,0.0,0.0,0.0,7.69,1.86,0.0
20230415:1910,0.0,0.0,0.0,7.33,2.21,0.0
20230415:2010,0.0,0.0,0.0,6.42,2.21,0.0
20230415:2110,0.0,0.0,0.0,5.5,2.14,0.0
20230415:2210,0.0,0.0,0.0,4.6,2.07,0.0
20230415:2310,0.0,0.0,0.0,3.74,1.93,0.0
20230416:0010,0.0,0.0,0.0,2.9,1.86,0.0
20230416:0110,0.0,0.0,0.0,2.07,1.79,0.0
20230416:0210,0.0,0.0,0.0,1.38,1.72,0.0
20230416:0310,0.0,0.0,0.0,0.88,1.59,0.0
20230416:0410,2.63,10.84,5.42,0.88,1.45,0.0
20230416:0510,105.43,137.47,15.18,3.67,0.9,0.0
20230416:0610,113.92,141.9,24.86,7.74,1.45,0.0
20230416:0710,392.28,448.57,34.01,9.91,2.28,0.0
20230416:0810,585.56,675.95,42.01,11.45,2.69,0.0
20230416:0910,781.65,924.41,47.96,12.69,2.97,0.0
20230416:1010,714.59,841.56,50.77,13.48,3.17,0.0
20230416:1110,810.66,965.45,49.72,14.22,3.38,0.0
20230416:1210,381.64,444.44,45.08,14.86,3.59,0.0
20230416:1310,238.38,283.62,37.9,15.16,3.79,0.0
20230416:1410,72.67,99.13,29.18,14.79,4.0,0.0
20230416:1510,30.42,49.56,19.68,14.37,4.07,0.0
20230416:1610,2.88,11.72,9.91,13.39,3.38,0.0
20230416:1710,0.0,0.0,0.0,12.24,3.17,0.0
20230416:1810,0.0,0.0,0.0,11.29,2.97,0.0
20230416:1910,0.0,0.0,0.0,10.68,3.72,0.0
20230416:2010,0.0,0.0,0.0,10.36,3.93,0.0
20230416:2110,0.0,0.0,0.0,10.02,3.86,0.0
20230416:2210,0.0,0.0,0.0,9.74,3.79,0.0
20230416:2310,0.0,0.0,0.0,9.41,3.59,0.0
20230417:0010,0.0,0.0,0.0,9.22,3.52,0.0
20230417:0110,0.0,0.0,0.0,8.94,3.52,0.0
20230417:0210,0.0,0.0,0.0,8.75,3.59,0.0
20230417:0310,0.0,0.0,0.0,8.62,3.66,0.0
20230417:0410,4.44,14.18,5.73,8.5,3.72,0.0
20230417:0510,22.45,38.75,15.48,8.51,3.66,0.0
20230417:0610,42.83,63.08,25.17,8.69,3.24,0.0
20230417:0710,47.33,68.49,34.33,9.64,4.0,0.0
20230417:0810,107.34,135.18,42.35,9.88,4.97,0.0
20230417:0910,127.09,156.8,48.32,10.38,6.0,0.0
20230417:1010,165.99,199.16,51.13,10.86,6.55,0.0
20230417:1110,162.4,195.56,50.05,11.11,6.28,0.0
20230417:1210,147.11,179.33,45.38,11.51,6.0,0.0
20230417:1310,86.96,113.55,38.16,11.42,5.45,0.0
20230417:1410,83.79,109.94,29.42,11.14,5.1,0.0
20230417:1510,39.37,59.48,19.91,10.65,4.9,0.0
20230417:1610,26.77,44.62,10.14,10.23,4.34,0.0
20230417:1710,0.0,0.0,0.0,9.43,3.79,0.0
20230417:1810,0.0,0.0,0.0,8.77,3.1,0.0
20230417:1910,0.0,0.0,0.0,8.43,2.69,0.0
20230417:2010,0.0,0.0,0.0,8.06,2.55,0.0
20230417:2110,0.0,0.0,0.0,7.49,2.21,0.0
20230417:2210,0.0,0.0,0.0,6.89,2.0,0.0
20230417:2310,0.0,0.0,0.0,6.43,1.86,0.0
20230418:0010,0.0,0.0,0.0,6.27,1.86,0.0
20230418:0110,0.0,0.0,0.0,6.11,1.86,0.0
20230418:0210,0.0,0.0,0.0,5.64,1.86,0.0
20230418:0310,0.0,0.0,0.0,4.93,1.59,0.0
20230418:0410,13.95,27.52,6.03,4.84,1.45,0.0
20230418:0510,40.17,59.48,15.78,6.03,1.24,0.0
20230418:0610,176.5,209.93,25.47,7.57,1.72,0.0
20230418:0710,578.12,661.55,34.65,8.59,2.0,0.0
20230418:0810,398.89,457.35,42.69,10.24,2.28,0.0
20230418:0910,636.75,739.89,48.67,11.91,2.9,0.0
20230418:1010,451.39,519.33,51.48,13.16,4.28,0.0
20230418:1110,376.31,435.02,50.38,13.87,4.69,0.0
20230418:1210,355.35,411.12,45.67,13.58,4.28,0.0
20230418:1310,122.51,154.1,38.42,13.4,4.14,0.0
20230418:1410,103.18,132.47,29.66,12.97,4.0,0.0
20230418:1510,118.2,150.1,20.13,12.05,3.17,0.0
20230418:1610,44.47,69.91,10.36,11.28,2.69,0.0
20230418:1710,0.0,0.0,0.0,10.38,1.86,0.0
20230418:1810,0.0,0.0,0.0,9.33,1.17,0.0
20230418:1910,0.0,0.0,0.0,7.81,1.59,0.0
20230418:2010,0.0,0.0,0.0,7.08,1.66,0.0
20230418:2110,0.0,0.0,0.0,6.32,1.79,0.0
20230418:2210,0.0,0.0,0.0,5.34,1.86,0.0
20230418:2310,0.0,0.0,0.0,4.67,1.86,0.0
20230419:0010,0.0,0.0,0.0,3.85,2.0,0.0
20230419:0110,0.0,0.0,0.0,3.46,2.07,0.0
20230419:0210,0.0,0.0,0.0,2.98,2.0,0.0
20230419:0310,0.0,0.0,0.0,2.57,1.93,0.0
20230419:0410,0.0,5.0,6.33,2.27,1.86,0.0
20230419:0510,116.8,151.08,16.08,4.33,1.31,0.0
20230419:0610,315.45,366.15,25.77,7.45,1.1,0.0
20230419:0710,364.09,421.12,34.96,10.31,1.17,0.0
20230419:0810,497.44,574.16,43.02,11.4,2.21,0.0
20230419:0910,477.11,549.09,49.02,11.86,3.03,0.0
20230419:1010,613.78,710.7,51.83,11.87,3.17,0.0
20230419:1110,519.27,599.33,50.71,12.33,3.17,0.0
20230419:1210,466.38,537.25,45.96,12.19,2.97,0.0
20230419:1310,235.34,277.17,38.68,11.97,2.9,0.0
20230419:1410,193.73,231.49,29.89,11.77,2.62,0.0
20230419:1510,107.75,137.98,20.36,11.51,2.21,0.0
20230419:1610,44.73,69.35,10.58,11.16,1.86,0.0
20230419:1710,0.0,0.0,0.0,10.36,1.52,0.0
20230419:1810,0.0,0.0,0.0,9.63,1.52,0.0
20230419:1910,0.0,0.0,0.0,8.83,1.38,0.0
20230419:2010,0.0,0.0,0.0,8.26,1.31,0.0
20230419:2110,0.0,0.0,0.0,7.79,1.1,0.0
20230419:2210,0.0,0.0,0.0,7.73,1.1,0.0
20230419:2310,0.0,0.0,0.0,7.67,1.31,0.0
20230420:0010,0.0,0.0,0.0,7.19,1.59,0.0
20230420:0110,0.0,0.0,0.0,6.93,1.59,0.0
20230420:0210,0.0,0.0,0.0,6.47,1.72,0.0
20230420:0310,0.0,0.0,0.0,6.39,1.79,0.0
20230420:0410,7.78,19.18,6.63,6.54,1.79,0.0
20230420:0510,8.21,19.83,16.37,7.04,1.72,0.0
20230420:0610,98.05,124.63,26.07,8.04,1.72,0.0
20230420:0710,343.99,393.26,35.27,8.97,2.14,0.0
20230420:0810,728.56,849.9,43.34,10.61,2.48,0.0
20230420:0910,626.49,727.87,49.36,11.88,2.83,0.0
20230420:1010,552.63,639.82,52.18,12.93,3.38,0.0
20230420:1110,349.31,405.94,51.03,13.75,3.86,0.0
20230420:1210,126.16,158.61,46.25,14.13,4.21,0.0
20230420:1310,142.63,176.63,38.93,13.93,4.41,0.0
20230420:1410,168.17,204.35,30.12,13.54,4.21,0.0
20230420:1510,52.72,75.7,20.58,13.06,3.59,0.0
20230420:1610,22.72,39.65,10.8,12.25,3.45,0.0
20230420:1710,0.0,0.0,0.0,11.17,3.52,0.0
20230420:1810,0.0,0.0,0.0,10.23,3.93,0.0
20230420:1910,0.0,0.0,0.0,10.73,3.79,0.0
20230420:2010,0.0,0.0,0.0,9.9,3.1,0.0
20230420:2110,0.0,0.0,0.0,9.09,1.66,0.0
20230420:2210,0.0,0.0,0.0,8.92,0.34,0.0
20230420:2310,0.0,0.0,0.0,7.55,1.72,0.0
20230421:0010,0.0,0.0,0.0,7.13,2.14,0.0
20230421:0110,0.0,0.0,0.0,6.9,2.41,0.0
20230421:0210,0.0,0.0,0.0,6.41,2.76,0.0
20230421:0310,0.0,0.0,0.0,6.01,2.9,0.0
20230421:0410,0.11,5.84,6.92,5.39,2.55,0.0
20230421:0510,85.75,112.11,16.66,6.42,1.86,0.0
20230421:0610,365.45,422.37,26.37,8.54,2.41,0.0
20230421:0710,578.73,663.36,35.58,10.8,2.97,0.0
20230421:0810,747.83,873.76,43.67,12.27,3.24,0.0
20230421:0910,860.65,1023.4,49.7,13.6,3.66,0.0
20230421:1010,847.48,1007.64,52.52,14.65,4.14,0.0
20230421:1110,776.36,916.24,51.35,14.58,4.07,0.0
20230421:1210,475.77,551.77,46.54,15.03,4.14,0.0
20230421:1310,463.96,537.08,39.18,15.13,4.21,0.0
20230421:1410,235.85,280.59,30.35,14.79,3.79,0.0
20230421:1510,100.28,130.79,20.8,14.33,2.9,0.0
20230421:1610,50.11,79.38,11.02,13.66,2.48,0.0
20230421:1710,0.0,0.0,0.0,12.36,2.28,0.0
20230421:1810,0.0,0.0,0.0,10.73,2.41,0.0
20230421:1910,0.0,0.0,0.0,10.02,2.14,0.0
20230421:2010,0.0,0.0,0.0,8.12,2.14,0.0
20230421:2110,0.0,0.0,0.0,7.18,2.07,0.0
20230421:2210,0.0,0.0,0.0,6.07,2.14,0.0
20230421:2310,0.0,0.0,0.0,5.34,2.21,0.0
20230422:0010,0.0,0.0,0.0,4.39,2.41,0.0
20230422:0110,0.0,0.0,0.0,3.84,2.41,0.0
20230422:0210,0.0,0.0,0.0,3.46,2.41,0.0
20230422:0310,0.0,0.0,0.0,3.16,2.34,0.0
20230422:0410,0.47,6.67,7.21,2.94,2.14,0.0
20230422:0510,22.79,38.75,16.95,5.38,1.52,0.0
20230422:0610,85.59,111.75,26.66,9.71,1.52,0.0
20230422:0710,252.05,296.49,35.88,11.9,1.93,0.0
20230422:0810,384.86,448.34,43.99,13.3,2.21,0.0
20230422:0910,493.88,577.3,50.04,13.9,2.41,0.0
20230422:1010,777.45,942.1,52.86,14.18,2.0,0.0
20230422:1110,864.4,1070.83,51.67,14.46,1.66,0.0
20230422:1210,678.98,817.64,46.82,14.61,1.52,0.0
20230422:1310,484.68,571.89,39.43,14.76,1.52,0.0
20230422:1410,274.21,326.74,30.58,14.83,1.45,0.0
20230422:1510,178.06,224.12,21.02,14.51,1.17,0.0
20230422:1610,51.81,84.44,11.24,14.1,0.69,0.0
20230422:1710,0.0,0.0,0.0,13.75,0.07,0.0
20230422:1810,0.0,0.0,0.0,12.65,0.83,0.0
20230422:1910,0.0,0.0,0.0,11.0,1.45,0.0
20230422:2010,0.0,0.0,0.0,8.79,1.93,0.0
20230422:2110,0.0,0.0,0.0,7.52,2.07,0.0
20230422:2210,0.0,0.0,0.0,6.16,2.14,0.0
20230422:2310,0.0,0.0,0.0,5.3,2.0,0.0
20230423:0010,0.0,0.0,0.0,4.51,1.86,0.0
20230423:0110,0.0,0.0,0.0,3.52,1.79,0.0
20230423:0210,0.0,0.0,0.0,3.0,1.66,0.0
20230423:0310,0.0,0.0,0.0,2.73,1.66,0.0
20230423:0410,0.46,6.67,7.49,3.32,1.45,0.0
20230423:0510,153.4,206.24,17.23,6.52,0.97,0.0
20230423:0610,372.49,440.0,26.94,10.87,0.97,0.0
20230423:0710,573.66,673.6,36.18,13.09,1.72,0.0
20230423:0810,731.3,878.07,44.3,14.79,2.07,0.0
20230423:0910,826.0,1015.76,50.37,15.81,2.0,0.0
20230423:1010,849.35,1059.75,53.2,16.64,1.79,0.0
20230423:1110,816.25,1017.25,51.99,17.07,1.66,0.0
20230423:1210,653.93,799.5,47.1,17.39,1.31,0.0
20230423:1310,607.68,741.56,39.68,17.44,0.9,0.0
20230423:1410,443.37,537.36,30.81,17.21,0.55,0.0
20230423:1510,212.8,270.97,21.23,16.53,1.24,0.0
20230423:1610,45.77,90.34,11.46,15.38,2.0,0.0
20230423:1710,0.0,2.5,1.88,13.74,2.34,0.0
20230423:1810,0.0,0.0,0.0,11.83,2.34,0.0
20230423:1910,0.0,0.0,0.0,10.86,2.41,0.0
20230423:2010,0.0,0.0,0.0,9.23,2.41,0.0
20230423:2110,0.0,0.0,0.0,7.83,2.28,0.0
20230423:2210,0.0,0.0,0.0,6.77,2.28,0.0
20230423:2310,0.0,0.0,0.0,5.85,2.21,0.0
20230424:0010,0.0,0.0,0.0,5.14,2.21,0.0
20230424:0110,0.0,0.0,0.0,4.52,2.21,0.0
20230424:0210,0.0,0.0,0.0,3.98,2.14,0.0
20230424:0310,0.0,0.0,0.0,3.47,2.14,0.0
20230424:0410,22.03,37.53,7.77,3.33,1.93,0.0
20230424:0510,158.19,212.89,17.51,6.06,1.38,0.0
20230424:0610,379.37,447.18,27.22,10.54,1.03,0.0
20230424:0710,570.06,674.61,36.47,13.79,1.38,0.0
20230424:0810,723.4,878.68,44.61,15.6,1.59,0.0
20230424:0910,821.71,1016.24,50.7,16.7,1.93,0.0
20230424:1010,792.46,972.69,53.53,17.2,2.34,0.0
20230424:1110,88.04,118.05,52.3,17.49,2.48,0.0
20230424:1210,210.87,257.45,47.38,17.72,2.55,0.0
20230424:1310,615.91,735.54,39.93,17.82,2.62,0.0
20230424:1410,434.38,516.65,31.03,17.75,2.69,0.0
20230424:1510,74.15,101.91,21.45,16.74,2.14,0.0
20230424:1610,51.41,79.68,11.67,16.1,1.66,0.0
20230424:1710,0.0,0.83,2.11,14.45,1.86,0.0
20230424:1810,0.0,0.0,0.0,12.24,2.07,0.0
20230424:1910,0.0,0.0,0.0,11.19,2.76,0.0
20230424:2010,0.0,0.0,0.0,10.33,2.55,0.0
20230424:2110,0.0,0.0,0.0,9.42,2.21,0.0
20230424:2210,0.0,0.0,0.0,8.35,1.93,0.0
20230424:2310,0.0,0.0,0.0,7.93,1.38,0.0
20230425:0010,0.0,0.0,0.0,7.89,1.17,0.0
20230425:0110,0.0,0.0,0.0,6.68,1.31,0.0
20230425:0210,0.0,0.0,0.0,5.88,1.66,0.0
20230425:0310,0.0,0.0,0.0,6.17,1.66,0.0
20230425:0410,0.44,6.67,8.05,6.39,1.38,0.0
20230425:0510,22.54,38.75,17.78,7.36,1.03,0.0
20230425:0610,39.44,59.48,27.5,9.7,1.1,0.0
20230425:0710,213.14,254.08,36.76,11.72,1.24,0.0
20230425:0810,345.93,402.72,44.92,12.08,1.79,0.0
20230425:0910,704.16,829.18,51.03,12.61,2.62,0.0
20230425:1010,266.65,314.45,53.86,12.98,2.41,0.0
20230425:1110,303.08,356.21,52.61,13.12,2.0,0.0
20230425:1210,96.24,125.26,47.65,12.87,1.17,0.0
20230425:1310,58.17,82.01,40.17,12.78,1.86,0.0
20230425:1410,30.76,49.56,31.26,12.12,3.03,0.0
20230425:1510,14.52,28.84,21.66,10.66,3.66,0.0
20230425:1610,44.79,66.65,11.89,9.39,4.07,0.0
20230425:1710,0.0,1.67,2.33,8.35,3.86,0.0
20230425:1810,0.0,0.0,0.0,7.56,4.28,0.0
20230425:1910,0.0,0.0,0.0,7.18,4.28,0.0
20230425:2010,0.0,0.0,0.0,6.55,4.48,0.0
20230425:2110,0.0,0.0,0.0,6.0,4.55,0.0
20230425:2210,0.0,0.0,0.0,5.51,4.9,0.0
20230425:2310,0.0,0.0,0.0,5.29,4.76,0.0
20230426:0010,0.0,0.0,0.0,5.3,4.97,0.0
20230426:0110,0.0,0.0,0.0,5.34,4.97,0.0
20230426:0210,0.0,0.0,0.0,5.38,5.03,0.0
20230426:0310,0.0,0.0,0.0,5.4,5.03,0.0
20230426:0410,0.45,6.67,8.32,5.46,5.03,0.0
20230426:0510,8.92,20.73,18.05,5.65,5.24,0.0
20230426:0610,65.32,87.41,27.77,5.78,5.52,0.0
20230426:0710,77.69,100.93,37.04,5.83,5.72,0.0
20230426:0810,122.37,148.69,45.22,5.5,5.52,0.0
20230426:0910,89.29,113.55,51.35,5.96,5.66,0.0
20230426:1010,219.7,252.82,54.19,6.68,6.07,0.0
20230426:1110,363.22,406.52,52.92,7.34,6.21,0.0
20230426:1210,587.39,652.48,47.92,7.8,6.14,0.0
20230426:1310,254.76,291.51,40.41,8.27,5.86,0.0
20230426:1410,230.26,265.71,31.48,8.27,5.45,0.0
20230426:1510,50.89,72.09,21.87,8.18,5.45,0.0
20230426:1610,12.71,26.13,12.1,7.88,4.62,0.0
20230426:1710,0.0,0.83,2.55,7.47,4.07,0.0
20230426:1810,0.0,0.0,0.0,6.89,3.72,0.0
20230426:1910,0.0,0.0,0.0,5.25,3.17,0.0
20230426:2010,0.0,0.0,0.0,4.79,3.03,0.0
20230426:2110,0.0,0.0,0.0,3.77,2.9,0.0
20230426:2210,0.0,0.0,0.0,3.32,2.9,0.0
20230426:2310,0.0,0.0,0.0,2.94,2.9,0.0
20230427:0010,0.0,0.0,0.0,2.37,3.03,0.0
20230427:0110,0.0,0.0,0.0,2.25,3.03,0.0
20230427:0210,0.0,0.0,0.0,1.8,3.17,0.0
20230427:0310,0.0,0.0,0.0,1.72,3.24,0.0
20230427:0410,0.86,7.51,8.59,1.96,3.24,0.0
20230427:0510,16.54,30.64,18.32,2.97,3.1,0.0
20230427:0610,118.95,144.6,28.04,4.22,3.72,0.0
20230427:0710,265.82,301.25,37.32,5.83,4.14,0.0
20230427:0810,778.74,872.97,45.52,6.94,5.1,0.0
20230427:0910,329.01,371.38,51.66,7.56,5.03,0.0
20230427:1010,251.27,289.06,54.51,8.3,4.9,0.0
20230427:1110,720.31,818.53,53.22,8.65,4.48,0.0
20230427:1210,343.22,389.74,48.19,9.09,4.48,0.0
20230427:1310,287.55,329.15,40.65,9.16,4.28,0.0
20230427:1410,389.13,440.83,31.7,8.82,4.07,0.0
20230427:1510,115.94,144.75,22.08,8.71,3.86,0.0
20230427:1610,55.06,79.61,12.31,8.2,2.9,0.0
20230427:1710,0.8,7.51,2.77,7.45,2.34,0.0
20230427:1810,0.0,0.0,0.0,6.49,2.28,0.0
20230427:1910,0.0,0.0,0.0,5.8,2.41,0.0
20230427:2010,0.0,0.0,0.0,5.1,2.55,0.0
20230427:2110,0.0,0.0,0.0,4.47,2.55,0.0
20230427:2210,0.0,0.0,0.0,3.76,2.55,0.0
20230427:2310,0.0,0.0,0.0,3.2,2.48,0.0
20230428:0010,0.0,0.0,0.0,2.8,2.48,0.0
20230428:0110,0.0,0.0,0.0,2.37,2.41,0.0
20230428:0210,0.0,0.0,0.0,1.85,2.34,0.0
20230428:0310,0.0,0.0,0.0,1.37,2.28,0.0
20230428:0410,28.58,45.03,8.86,1.2,2.07,0.0
20230428:0510,172.0,226.95,18.58,3.78,1.66,0.0
20230428:0610,405.33,464.69,28.31,6.68,2.21,0.0
20230428:0710,555.23,629.85,37.6,7.85,2.48,0.0
20230428:0810,550.16,626.52,45.81,8.77,2.69,0.0
20230428:0910,439.77,502.32,51.98,9.23,2.48,0.0
20230428:1010,422.49,484.36,54.83,10.11,2.69,0.0
20230428:1110,783.16,921.13,53.52,10.32,2.62,0.0
20230428:1210,758.1,891.53,48.46,11.03,2.48,0.0
20230428:1310,684.52,797.58,40.88,11.03,2.34,0.0
20230428:1410,494.66,573.48,31.91,11.01,2.14,0.0
20230428:1510,242.8,301.12,22.29,10.89,1.86,0.0
20230428:1610,51.01,94.79,12.52,10.43,1.59,0.0
20230428:1710,1.59,9.17,2.99,9.5,1.72,0.0
20230428:1810,0.0,0.0,0.0,7.98,1.86,0.0
20230428:1910,0.0,0.0,0.0,7.22,2.41,0.0
20230428:2010,0.0,0.0,0.0,5.83,2.62,0.0
20230428:2110,0.0,0.0,0.0,4.82,2.55,0.0
20230428:2210,0.0,0.0,0.0,3.84,2.28,0.0
20230428:2310,0.0,0.0,0.0,2.88,2.0,0.0
20230429:0010,0.0,0.0,0.0,2.0,2.0,0.0
20230429:0110,0.0,0.0,0.0,1.51,1.93,0.0
20230429:0210,0.0,0.0,0.0,1.04,1.93,0.0
20230429:0310,0.0,0.0,0.0,0.67,1.86,0.0
20230429:0410,26.51,42.53,9.11,0.69,1.59,0.0
20230429:0510,140.32,176.36,18.83,4.05,1.1,0.0
20230429:0610,402.39,467.2,28.56,8.01,1.38,0.0
20230429:0710,475.65,542.84,37.86,9.66,2.48,0.0
20230429:0810,662.93,767.86,46.1,11.32,2.97,0.0
20230429:0910,843.85,1000.38,52.28,12.38,3.24,0.0
20230429:1010,892.18,1066.2,55.14,13.17,3.52,0.0
20230429:1110,838.04,996.02,53.81,13.68,3.59,0.0
20230429:1210,771.19,904.69,48.72,13.67,3.86,0.0
20230429:1310,442.12,509.47,41.12,13.63,3.93,0.0
20230429:1410,247.11,291.57,32.13,13.49,3.79,0.0
20230429:1510,78.05,104.56,22.5,12.98,3.59,0.0
20230429:1610,58.82,96.09,12.73,12.26,3.03,0.0
20230429:1710,1.57,9.17,3.21,10.94,2.9,0.0
20230429:1810,0.0,0.0,0.0,9.21,2.83,0.0
20230429:1910,0.0,0.0,0.0,8.96,2.76,0.0
20230429:2010,0.0,0.0,0.0,7.87,2.41,0.0
20230429:2110,0.0,0.0,0.0,6.9,2.14,0.0
20230429:2210,0.0,0.0,0.0,5.6,1.93,0.0
20230429:2310,0.0,0.0,0.0,4.28,1.72,0.0
20230430:0010,0.0,0.0,0.0,3.32,1.59,0.0
20230430:0110,0.0,0.0,0.0,2.5,1.52,0.0
20230430:0210,0.0,0.0,0.0,1.88,1.52,0.0
20230430:0310,0.0,0.0,0.0,1.58,1.52,0.0
20230430:0410,1.26,8.34,9.37,2.17,1.24,0.0
20230430:0510,28.7,45.96,19.08,5.53,0.48,0.0
20230430:0610,221.02,262.8,28.82,9.49,0.21,0.0
20230430:0710,551.03,652.42,38.13,11.27,0.41,0.0
20230430:0810,721.77,878.68,46.38,12.63,0.69,0.0
20230430:0910,793.22,981.41,52.59,13.86,0.97,0.0
20230430:1010,821.17,1014.17,55.45,14.66,1.52,0.0
20230430:1110,554.09,653.95,54.1,15.39,2.62,0.0
20230430:1210,400.5,468.73,48.98,15.22,3.03,0.0
20230430:1310,85.13,113.55,41.35,15.24,3.17,0.0
20230430:1410,61.85,86.51,32.34,14.12,4.21,0.0
20230430:1510,129.63,162.7,22.7,12.74,4.62,0.0
20230430:1610,6.79,18.02,12.94,11.67,3.93,0.0
20230430:1710,0.0,2.5,3.42,11.19,4.14,0.0
20230430:1810,0.0,0.0,0.0,10.6,4.21,0.0
20230430:1910,0.0,0.0,0.0,10.75,3.79,0.0
20230430:2010,0.0,0.0,0.0,10.25,3.1,0.0
20230430:2110,0.0,0.0,0.0,9.48,2.69,0.0
20230430:2210,0.0,0.0,0.0,8.39,2.48,0.0
20230430:2310,0.0,0.0,0.0,7.32,2.34,0.0
20230501:0010,0.0,0.0,0.0,6.3,2.34,0.0
20230501:0110,0.0,0.0,0.0,5.39,2.34,0.0
20230501:0210,0.0,0.0,0.0,4.49,2.28,0.0
20230501:0310,0.0,0.0,0.0,3.34,2.07,0.0
20230501:0410,28.99,45.87,9.62,3.17,1.66,0.0
20230501:0510,180.68,240.82,19.33,5.09,1.24,0.0
20230501:0610,412.41,479.23,29.07,6.87,0.76,0.0
20230501:0710,598.77,704.03,38.39,8.93,0.48,0.0
20230501:0810,754.92,902.99,46.66,10.52,1.24,0.0
20230501:0910,852.51,1038.39,52.88,11.64,1.59,0.0
20230501:1010,893.3,1099.99,55.76,12.55,1.72,0.0
20230501:1110,854.96,1049.31,54.39,13.31,1.72,0.0
20230501:1210,805.45,979.65,49.24,13.91,1.79,0.0
20230501:1310,673.4,799.47,41.58,14.3,2.14,0.0
20230501:1410,479.07,562.76,32.55,14.41,2.48,0.0
20230501:1510,252.38,317.64,22.91,14.12,2.83,0.0
20230501:1610,51.52,98.17,13.14,13.49,2.62,0.0
20230501:1710,3.84,13.34,3.63,12.09,2.55,0.0
20230501:1810,0.0,0.0,0.0,10.3,2.76,0.0
20230501:1910,0.0,0.0,0.0,10.09,2.97,0.0
20230501:2010,0.0,0.0,0.0,9.25,3.1,0.0
20230501:2110,0.0,0.0,0.0,8.5,3.03,0.0
20230501:2210,0.0,0.0,0.0,7.74,2.97,0.0
20230501:2310,0.0,0.0,0.0,7.0,2.83,0.0
20230502:0010,0.0,0.0,0.0,6.26,2.62,0.0
20230502:0110,0.0,0.0,0.0,5.5,2.48,0.0
20230502:0210,0.0,0.0,0.0,4.83,2.34,0.0
20230502:0310,0.0,0.0,0.0,4.28,2.28,0.0
20230502:0410,38.09,56.71,9.86,4.53,2.07,0.0
20230502:0510,159.56,205.38,19.57,7.69,1.72,0.0
20230502:0610,296.53,349.43,29.31,11.7,1.59,0.0
20230502:0710,0.0,0.0,0.0,15.62,1.72,0.0
20230502:0810,685.89,832.96,46.93,18.05,2.14,0.0
20230502:0910,762.3,945.07,53.18,19.41,2.14,0.0
20230502:1010,643.67,790.55,56.06,19.93,2.0,0.0
20230502:1110,647.12,800.53,54.68,20.31,1.66,0.0
20230502:1210,589.98,724.72,49.49,20.49,1.59,0.0
20230502:1310,297.31,362.7,41.8,20.57,1.38,0.0
20230502:1410,64.99,92.82,32.76,20.52,1.1,0.0
20230502:1510,203.33,262.7,23.11,20.27,0.83,0.0
20230502:1610,61.91,99.53,13.34,19.51,1.24,0.0
20230502:1710,4.18,14.18,3.85,17.69,1.66,0.0
20230502:1810,0.0,0.0,0.0,15.19,1.52,0.0
20230502:1910,0.0,0.0,0.0,13.6,1.52,0.0
20230502:2010,0.0,0.0,0.0,10.59,1.93,0.0
20230502:2110,0.0,0.0,0.0,9.16,2.28,0.0
20230502:2210,0.0,0.0,0.0,9.01,2.55,0.0
20230502:2310,0.0,0.0,0.0,9.13,2.69,0.0
20230503:0010,0.0,0.0,0.0,9.23,2.62,0.0
20230503:0110,0.0,0.0,0.0,9.15,2.48,0.0
20230503:0210,0.0,0.0,0.0,9.13,2.41,0.0
20230503:0310,0.0,0.0,0.0,9.11,2.55,0.0
20230503:0410,1.59,9.17,10.1,9.58,2.41,0.0
20230503:0510,22.91,39.65,19.81,10.55,2.48,0.0
20230503:0610,138.8,171.32,29.55,11.74,2.76,0.0
20230503:0710,244.36,288.88,38.89,12.81,2.34,0.0
20230503:0810,434.18,507.81,47.2,14.12,2.21,0.0
20230503:0910,393.76,464.28,53.47,15.38,2.21,0.0
20230503:1010,350.06,415.38,56.36,16.2,2.21,0.0
20230503:1110,378.79,448.5,54.96,16.2,2.28,0.0
20230503:1210,218.57,264.32,49.74,16.11,2.55,0.0
20230503:1310,177.86,218.22,42.02,16.11,2.9,0.0
20230503:1410,123.89,157.02,32.96,15.35,3.66,0.0
20230503:1510,43.07,64.88,23.31,14.78,3.79,0.0
20230503:1610,16.25,31.54,13.54,14.16,3.45,0.0
20230503:1710,0.0,2.5,4.06,13.28,2.97,0.0
20230503:1810,0.0,0.0,0.0,12.25,2.9,0.0
20230503:1910,0.0,0.0,0.0,11.35,2.9,0.0
20230503:2010,0.0,0.0,0.0,10.55,2.48,0.0
20230503:2110,0.0,0.0,0.0,10.13,2.28,0.0
20230503:2210,0.0,0.0,0.0,9.81,2.14,0.0
20230503:2310,0.0,0.0,0.0,9.54,2.0,0.0
20230504:0010,0.0,0.0,0.0,9.07,2.0,0.0
20230504:0110,0.0,0.0,0.0,8.78,2.14,0.0
20230504:0210,0.0,0.0,0.0,8.51,2.21,0.0
20230504:0310,0.0,0.0,0.0,8.25,2.14,0.0
20230504:0410,5.5,15.84,10.34,8.14,2.21,0.0
20230504:0510,35.94,54.97,20.04,8.14,2.28,0.0
20230504:0610,70.0,93.72,29.78,8.44,2.97,0.0
20230504:0710,100.74,127.97,39.14,9.13,2.48,0.0
20230504:0810,160.86,193.75,47.46,9.53,2.62,0.0
20230504:0910,136.52,167.62,53.75,10.1,2.69,0.0
20230504:1010,106.43,135.18,56.65,10.96,2.69,0.0
20230504:1110,120.88,151.4,55.23,11.49,2.76,0.0
20230504:1210,142.79,175.73,49.98,11.85,2.83,0.0
20230504:1310,110.67,140.58,42.24,12.26,2.83,0.0
20230504:1410,52.12,74.8,33.17,12.22,2.83,0.0
20230504:1510,49.08,71.19,23.5,11.93,2.83,0.0
20230504:1610,37.63,57.68,13.74,11.44,2.76,0.0
20230504:1710,1.16,8.34,4.26,10.96,2.62,0.0
20230504:1810,0.0,0.0,0.0,10.68,2.21,0.0
20230504:1910,0.0,0.0,0.0,10.38,1.79,0.0
20230504:2010,0.0,0.0,0.0,10.16,1.52,0.0
20230504:2110,0.0,0.0,0.0,9.99,1.17,0.0
20230504:2210,0.0,0.0,0.0,9.78,0.9,0.0
20230504:2310,0.0,0.0,0.0,9.6,0.83,0.0
20230505:0010,0.0,0.0,0.0,9.29,0.76,0.0
20230505:0110,0.0,0.0,0.0,9.22,0.76,0.0
20230505:0210,0.0,0.0,0.0,8.84,0.9,0.0
20230505:0310,0.0,0.0,0.0,8.21,1.1,0.0
20230505:0410,2.04,10.01,10.57,8.17,0.97,0.0
20230505:0510,67.69,91.75,20.27,9.12,1.03,0.0
20230505:0610,261.28,307.06,30.01,9.94,1.24,0.0
20230505:0710,569.0,663.44,39.38,11.01,1.45,0.0
20230505:0810,690.8,817.23,47.72,12.24,1.86,0.0
20230505:0910,760.73,915.87,54.03,13.48,1.93,0.0
20230505:1010,800.89,977.0,56.94,14.08,1.79,0.0
20230505:1110,781.43,953.61,55.51,14.82,1.79,0.0
20230505:1210,659.95,789.24,50.23,15.28,2.07,0.0
20230505:1310,459.76,539.27,42.46,15.34,2.48,0.0
20230505:1410,415.3,489.05,33.37,15.36,2.55,0.0
20230505:1510,193.43,241.51,23.7,15.16,2.48,0.0
20230505:1610,59.09,85.67,13.94,14.58,1.72,0.0
20230505:1710,5.83,16.68,4.47,13.79,1.38,0.0
20230505:1810,0.0,0.0,0.0,12.21,1.24,0.0
20230505:1910,0.0,0.0,0.0,11.59,2.07,0.0
20230505:2010,0.0,0.0,0.0,11.16,2.21,0.0
20230505:2110,0.0,0.0,0.0,10.58,2.48,0.0
20230505:2210,0.0,0.0,0.0,9.35,2.62,0.0
20230505:2310,0.0,0.0,0.0,8.94,2.55,0.0
20230506:0010,0.0,0.0,0.0,8.13,2.41,0.0
20230506:0110,0.0,0.0,0.0,7.28,2.28,0.0
20230506:0210,0.0,0.0,0.0,6.36,2.21,0.0
20230506:0310,0.0,0.0,0.0,5.6,2.14,0.0
20230506:0410,37.1,55.87,10.79,5.91,1.86,0.0
20230506:0510,176.64,234.83,20.49,8.7,2.14,0.0
20230506:0610,393.31,456.74,30.24,10.57,2.9,0.0
20230506:0710,531.85,611.89,39.61,12.57,3.45,0.0
20230506:0810,643.56,748.14,47.97,14.2,4.0,0.0
20230506:0910,791.23,933.48,54.3,15.36,4.55,0.0
20230506:1010,870.09,1035.18,57.22,16.24,5.03,0.0
20230506:1110,826.87,977.18,55.77,16.55,5.45,0.0
20230506:1210,434.57,506.36,50.47,16.97,5.52,0.0
20230506:1310,133.43,168.52,42.67,17.08,5.38,0.0
20230506:1410,157.31,195.01,33.57,16.85,5.1,0.0
20230506:1510,155.87,195.49,23.89,16.05,4.62,0.0
20230506:1610,66.04,96.2,14.14,15.27,4.83,0.0
20230506:1710,4.27,14.18,4.67,14.56,4.76,0.0
20230506:1810,0.0,0.0,0.0,13.91,4.62,0.0
20230506:1910,0.0,0.0,0.0,13.37,3.1,0.0
20230506:2010,0.0,0.0,0.0,12.44,2.97,0.0
20230506:2110,0.0,0.0,0.0,11.74,2.55,0.0
20230506:2210,0.0,0.0,0.0,10.92,2.21,0.0
20230506:2310,0.0,0.0,0.0,10.61,1.86,0.0
20230507:0010,0.0,0.0,0.0,10.12,1.59,0.0
20230507:0110,0.0,0.0,0.0,9.75,1.24,0.0
20230507:0210,0.0,0.0,0.0,9.95,1.38,0.0
20230507:0310,0.0,0.83,1.75,10.53,2.14,0.0
20230507:0410,2.0,10.01,11.01,10.74,2.41,0.0
20230507:0510,33.16,52.27,20.7,11.03,2.34,0.0
20230507:0610,43.01,63.98,30.46,11.25,2.28,0.0
20230507:0710,115.53,145.99,39.84,12.02,2.14,0.0
20230507:0810,95.96,124.36,48.21,12.25,2.28,0.0
20230507:0910,115.57,145.99,54.57,12.21,2.76,0.0
20230507:1010,128.82,160.41,57.5,11.96,2.9,0.0
20230507:1110,77.64,103.64,56.04,11.95,3.17,0.0
20230507:1210,99.46,127.97,50.7,12.04,3.24,0.0
20230507:1310,98.74,127.07,42.89,11.89,3.38,0.0
20230507:1410,83.47,109.94,33.76,11.56,3.45,0.0
20230507:1510,68.5,92.82,24.08,10.64,3.66,0.0
20230507:1610,53.85,76.81,14.33,9.91,3.52,0.0
20230507:1710,4.42,14.18,4.88,9.19,3.24,0.0
20230507:1810,0.0,0.0,0.0,8.76,2.55,0.0
20230507:1910,0.0,0.0,0.0,8.01,2.0,0.0
20230507:2010,0.0,0.0,0.0,7.39,2.83,0.0
20230507:2110,0.0,0.0,0.0,6.62,3.79,0.0
20230507:2210,0.0,0.0,0.0,5.8,3.93,0.0
20230507:2310,0.0,0.0,0.0,5.28,3.72,0.0
20230508:0010,0.0,0.0,0.0,5.02,3.52,0.0
20230508:0110,0.0,0.0,0.0,4.63,3.38,0.0
20230508:0210,0.0,0.0,0.0,4.34,3.59,0.0
20230508:0310,0.0,0.83,1.97,4.09,3.79,0.0
20230508:0410,2.57,10.84,11.23,3.91,3.66,0.0
20230508:0510,17.16,31.54,20.91,4.12,4.41,0.0
20230508:0610,68.91,91.02,30.67,4.67,4.34,0.0
20230508:0710,122.49,148.69,40.06,4.89,4.07,0.0
20230508:0810,142.14,170.32,48.45,5.95,4.07,0.0
20230508:0910,143.46,172.12,54.83,6.57,4.28,0.0
20230508:1010,103.7,129.77,57.77,7.07,4.41,0.0
20230508:1110,109.31,136.08,56.3,7.61,4.69,0.0
20230508:1210,103.27,129.77,50.94,7.95,4.41,0.0
20230508:1310,84.0,109.04,43.09,8.51,4.62,0.0
20230508:1410,57.84,80.2,33.96,8.9,4.28,0.0
20230508:1510,108.18,135.88,24.27,8.81,4.14,0.0
20230508:1610,38.26,57.68,14.52,8.27,3.59,0.0
20230508:1710,3.96,13.34,5.08,7.71,2.76,0.0
20230508:1810,0.0,0.0,0.0,6.88,2.34,0.0
20230508:1910,0.0,0.0,0.0,6.45,2.28,0.0
20230508:2010,0.0,0.0,0.0,6.05,2.0,0.0
20230508:2110,0.0,0.0,0.0,5.05,1.86,0.0
20230508:2210,0.0,0.0,0.0,4.08,1.72,0.0
20230508:2310,0.0,0.0,0.0,2.98,1.52,0.0
20230509:0010,0.0,0.0,0.0,2.51,1.52,0.0
20230509:0110,0.0,0.0,0.0,2.12,1.45,0.0
20230509:0210,0.0,0.0,0.0,1.75,1.38,0.0
20230509:0310,0.0,0.83,2.19,1.54,1.38,0.0
20230509:0410,45.15,64.4,11.44,1.89,1.24,0.0
20230509:0510,162.51,201.24,21.12,4.63,1.38,0.0
20230509:0610,382.61,437.59,30.88,6.72,2.28,0.0
20230509:0710,550.61,625.42,40.28,8.35,2.69,0.0
20230509:0810,443.73,504.97,48.69,9.9,3.45,0.0
20230509:0910,610.29,695.51,55.09,11.1,4.9,0.0
20230509:1010,481.4,549.01,58.04,11.57,4.9,0.0
20230509:1110,712.75,823.6,56.56,11.9,4.41,0.0
20230509:1210,689.69,796.34,51.17,11.95,4.07,0.0
20230509:1310,641.07,738.24,43.3,12.35,3.86,0.0
20230509:1410,421.48,486.36,34.15,12.13,3.45,0.0
20230509:1510,240.48,295.87,24.46,12.06,3.45,0.0
20230509:1610,65.61,108.92,14.71,11.5,2.9,0.0
20230509:1710,10.51,23.35,5.27,10.38,2.69,0.0
20230509:1810,0.0,0.0,0.0,8.73,2.69,0.0
20230509:1910,0.0,0.0,0.0,7.55,2.83,0.0
20230509:2010,0.0,0.0,0.0,6.62,2.69,0.0
20230509:2110,0.0,0.0,0.0,5.77,2.69,0.0
20230509:2210,0.0,0.0,0.0,4.89,2.55,0.0
20230509:2310,0.0,0.0,0.0,3.96,2.41,0.0
20230510:0010,0.0,0.0,0.0,3.1,2.34,0.0
20230510:0110,0.0,0.0,0.0,2.36,2.21,0.0
20230510:0210,0.0,0.0,0.0,1.72,2.14,0.0
20230510:0310,0.0,0.83,2.4,1.1,2.14,0.0
20230510:0410,28.96,46.48,11.64,1.82,1.93,0.0
20230510:0510,191.78,251.65,21.32,5.57,2.07,0.0
20230510:0610,422.38,484.64,31.08,7.94,2.9,0.0
20230510:0710,617.54,701.27,40.49,9.88,3.93,0.0
20230510:0810,746.57,856.91,48.92,11.32,4.69,0.0
20230510:0910,783.58,907.07,55.34,12.23,4.97,0.0
20230510:1010,864.72,1017.67,58.3,12.93,4.48,0.0
20230510:1110,813.31,956.2,56.81,13.39,4.28,0.0
20230510:1210,812.91,953.34,51.39,13.43,4.21,0.0
20230510:1310,680.67,785.27,43.5,13.4,4.55,0.0
20230510:1410,487.88,562.51,34.34,13.25,4.62,0.0
20230510:1510,258.73,321.59,24.64,12.98,4.62,0.0
20230510:1610,57.91,106.74,14.9,12.29,3.93,0.0
20230510:1710,11.07,24.18,5.47,11.0,3.52,0.0
20230510:1810,0.0,0.0,0.0,9.47,3.38,0.0
20230510:1910,0.0,0.0,0.0,9.01,3.93,0.0
20230510:2010,0.0,0.0,0.0,8.19,3.79,0.0
20230510:2110,0.0,0.0,0.0,7.63,3.59,0.0
20230510:2210,0.0,0.0,0.0,7.37,3.24,0.0
20230510:2310,0.0,0.0,0.0,6.82,2.9,0.0
20230511:0010,0.0,0.0,0.0,6.21,2.48,0.0
20230511:0110,0.0,0.0,0.0,5.2,2.28,0.0
20230511:0210,0.0,0.0,0.0,4.33,2.07,0.0
20230511:0310,0.0,1.67,2.61,3.58,2.07,0.0
20230511:0410,47.86,68.33,11.84,4.17,1.93,0.0
20230511:0510,188.66,248.34,21.51,6.86,2.21,0.0
20230511:0610,413.88,476.86,31.27,9.05,3.03,0.0
20230511:0710,591.36,680.09,40.69,11.21,3.03,0.0
20230511:0810,763.19,892.87,49.14,12.99,3.66,0.0
20230511:0910,858.27,1016.4,55.58,14.37,4.34,0.0
20230511:1010,873.46,1036.86,58.56,15.06,4.76,0.0
20230511:1110,642.78,749.28,57.06,15.5,5.03,0.0
20230511:1210,704.43,821.49,51.61,15.53,5.17,0.0
20230511:1310,674.98,783.33,43.7,15.6,5.17,0.0
20230511:1410,472.53,548.84,34.53,15.4,5.17,0.0
20230511:1510,258.61,324.19,24.83,14.74,4.9,0.0
20230511:1610,57.54,106.5,15.08,13.77,4.76,0.0
20230511:1710,12.18,25.85,5.66,12.41,4.48,0.0
20230511:1810,0.0,0.0,0.0,10.9,4.07,0.0
20230511:1910,0.0,0.0,0.0,10.97,4.21,0.0
20230511:2010,0.0,0.0,0.0,10.21,3.93,0.0
20230511:2110,0.0,0.0,0.0,9.4,3.72,0.0
20230511:2210,0.0,0.0,0.0,8.66,3.59,0.0
20230511:2310,0.0,0.0,0.0,8.08,3.45,0.0
20230512:0010,0.0,0.0,0.0,7.6,3.24,0.0
20230512:0110,0.0,0.0,0.0,7.35,3.17,0.0
20230512:0210,0.0,0.0,0.0,6.74,3.1,0.0
20230512:0310,0.0,1.67,2.81,6.23,3.1,0.0
20230512:0410,30.44,49.7,12.03,6.55,3.03,0.0
20230512:0510,189.62,250.02,21.7,8.09,3.24,0.0
20230512:0610,406.51,467.49,31.46,9.98,4.21,0.0
20230512:0710,609.13,693.5,40.89,11.53,4.62,0.0
20230512:0810,716.89,821.28,49.36,13.02,5.86,0.0
20230512:0910,388.5,445.57,55.82,13.44,6.76,0.0
20230512:1010,472.0,540.2,58.82,14.05,7.03,0.0
20230512:1110,226.45,268.43,57.3,14.17,6.55,0.0
20230512:1210,648.75,744.52,51.83,14.33,6.41,0.0
20230512:1310,288.11,336.27,43.9,14.36,6.0,0.0
20230512:1410,360.46,417.68,34.71,14.4,5.72,0.0
20230512:1510,203.85,250.24,25.01,14.23,5.31,0.0
20230512:1610,71.36,112.77,15.27,13.57,4.28,0.0
20230512:1710,13.4,27.52,5.85,12.45,3.59,0.0
20230512:1810,0.0,0.0,0.0,11.01,3.03,0.0
20230512:1910,0.0,0.0,0.0,10.16,2.69,0.0
20230512:2010,0.0,0.0,0.0,9.11,2.41,0.0
20230512:2110,0.0,0.0,0.0,8.01,2.41,0.0
20230512:2210,0.0,0.0,0.0,7.09,2.48,0.0
20230512:2310,0.0,0.0,0.0,6.39,2.55,0.0
20230513:0010,0.0,0.0,0.0,5.99,2.62,0.0
20230513:0110,0.0,0.0,0.0,5.75,2.69,0.0
20230513:0210,0.0,0.0,0.0,5.63,2.62,0.0
20230513:0310,0.0,1.67,3.01,5.37,2.55,0.0
20230513:0410,5.24,15.32,12.22,6.05,2.48,0.0
20230513:0510,152.42,189.84,21.89,8.24,2.48,0.0
20230513:0610,291.4,338.28,31.65,10.38,3.45,0.0
20230513:0710,479.29,547.46,41.09,11.73,4.0,0.0
20230513:0810,514.45,590.19,49.57,13.39,4.9,0.0
20230513:0910,456.07,524.9,56.06,14.21,5.59,0.0
20230513:1010,562.92,649.83,59.07,14.58,5.45,0.0
20230513:1110,611.07,707.9,57.54,14.4,4.9,0.0
20230513:1210,335.82,391.61,52.05,14.98,5.03,0.0
20230513:1310,215.91,258.59,44.1,15.19,4.76,0.0
20230513:1410,126.38,159.66,34.89,15.42,4.48,0.0
20230513:1510,82.78,110.84,25.19,15.31,3.79,0.0
20230513:1610,64.45,91.22,15.45,14.51,2.55,0.0
20230513:1710,15.15,30.02,6.04,13.61,2.0,0.0
20230513:1810,0.0,0.0,0.0,12.19,1.86,0.0
20230513:1910,0.0,0.0,0.0,10.57,1.17,0.0
20230513:2010,0.0,0.0,0.0,9.28,1.31,0.0
20230513:2110,0.0,0.0,0.0,7.81,1.52,0.0
20230513:2210,0.0,0.0,0.0,7.17,1.45,0.0
20230513:2310,0.0,0.0,0.0,7.87,1.17,0.0
20230514:0010,0.0,0.0,0.0,6.84,1.38,0.0
20230514:0110,0.0,0.0,0.0,5.39,1.72,0.0
20230514:0210,0.0,0.0,0.0,5.13,1.59,0.0
20230514:0310,0.0,2.5,3.2,4.35,1.79,0.0
20230514:0410,42.66,63.6,12.4,5.14,1.59,0.0
20230514:0510,184.01,243.53,22.06,9.11,1.66,0.0
20230514:0610,402.99,471.55,31.83,11.7,2.55,0.0
20230514:0710,598.26,691.58,41.28,13.91,4.0,0.0
20230514:0810,745.16,870.72,49.78,15.23,4.76,0.0
20230514:0910,828.66,980.74,56.29,16.38,5.1,0.0
20230514:1010,903.04,1081.72,59.31,17.26,5.24,0.0
20230514:1110,842.51,1004.49,57.77,17.9,5.38,0.0
20230514:1210,752.99,890.2,52.26,18.25,5.45,0.0
20230514:1310,630.06,738.09,44.29,18.36,5.45,0.0
20230514:1410,388.87,458.75,35.07,18.32,5.24,0.0
20230514:1510,146.54,185.51,25.36,17.94,4.76,0.0
20230514:1610,66.92,95.03,15.62,17.09,4.62,0.0
20230514:1710,12.53,26.69,6.23,16.07,4.55,0.0
20230514:1810,0.0,0.0,0.0,15.15,4.48,0.0
20230514:1910,0.0,0.0,0.0,14.34,3.72,0.0
20230514:2010,0.0,0.0,0.0,13.79,3.17,0.0
20230514:2110,0.0,0.0,0.0,13.19,2.62,0.0
20230514:2210,0.0,0.0,0.0,12.57,2.48,0.0
20230514:2310,0.0,0.0,0.0,12.22,2.28,0.0
20230515:0010,0.0,0.0,0.0,11.82,2.14,0.0
20230515:0110,0.0,0.0,0.0,11.65,2.21,0.0
20230515:0210,0.0,0.0,0.0,11.11,2.62,0.0
20230515:0310,0.0,2.5,3.39,10.57,2.9,0.0
20230515:0410,9.92,22.53,12.58,10.61,2.76,0.0
20230515:0510,85.21,112.19,22.24,11.49,2.55,0.0
20230515:0610,182.85,220.79,32.0,12.82,2.97,0.0
20230515:0710,111.12,142.39,41.46,14.54,3.1,0.0
20230515:0810,191.51,233.14,49.98,15.94,3.38,0.0
20230515:0910,250.79,301.31,56.51,17.19,3.52,0.0
20230515:1010,444.2,525.51,59.55,17.77,3.52,0.0
20230515:1110,148.94,187.44,58.0,18.29,3.38,0.0
20230515:1210,119.19,154.1,52.47,18.57,2.83,0.0
20230515:1310,85.25,115.35,44.47,18.24,1.79,0.0
20230515:1410,52.16,76.6,35.25,17.76,1.93,0.0
20230515:1510,39.58,61.28,25.53,16.72,1.86,0.0
20230515:1610,39.72,61.28,15.8,16.01,1.86,0.0
20230515:1710,14.41,29.19,6.41,15.1,2.07,0.0
20230515:1810,0.0,0.0,0.0,14.49,2.0,0.0
20230515:1910,0.0,0.0,0.0,14.0,1.31,0.0
20230515:2010,0.0,0.0,0.0,13.41,1.52,0.0
20230515:2110,0.0,0.0,0.0,13.0,1.66,0.0
20230515:2210,0.0,0.0,0.0,12.74,1.52,0.0
20230515:2310,0.0,0.0,0.0,12.69,1.79,0.0
20230516:0010,0.0,0.0,0.0,12.47,1.72,0.0
20230516:0110,0.0,0.0,0.0,12.27,1.52,0.0
20230516:0210,0.0,0.0,0.0,11.93,1.17,0.0
20230516:0310,0.0,1.67,3.57,12.09,0.76,0.0
20230516:0410,5.6,16.22,12.75,12.1,0.41,0.0
20230516:0510,12.29,26.13,22.4,13.58,0.28,0.0
20230516:0610,59.03,83.81,32.17,14.99,1.24,0.0
20230516:0710,117.86,151.4,41.63,15.57,0.69,0.0
20230516:0810,136.71,173.03,50.17,16.34,1.24,0.0
20230516:0910,117.51,151.4,56.73,16.8,1.66,0.0
20230516:1010,140.74,178.43,59.78,17.57,1.45,0.0
20230516:1110,169.51,211.78,58.23,18.33,1.66,0.0
20230516:1210,107.26,140.58,52.67,18.36,2.07,0.0
20230516:1310,105.88,138.78,44.66,18.16,2.48,0.0
20230516:1410,148.64,187.11,35.42,17.97,2.62,0.0
20230516:1510,77.7,106.34,25.71,17.87,2.62,0.0
20230516:1610,5.98,17.12,15.97,17.44,2.62,0.0
20230516:1710,0.0,5.0,6.59,17.0,2.76,0.0
20230516:1810,0.0,0.0,0.0,16.39,2.76,0.0
20230516:1910,0.0,0.0,0.0,15.36,3.1,0.0
20230516:2010,0.0,0.0,0.0,15.17,2.97,0.0
20230516:2110,0.0,0.0,0.0,14.91,2.62,0.0
20230516:2210,0.0,0.0,0.0,14.27,2.28,0.0
20230516:2310,0.0,0.0,0.0,13.73,2.28,0.0
20230517:0010,0.0,0.0,0.0,13.42,2.14,0.0
20230517:0110,0.0,0.0,0.0,12.97,2.07,0.0
20230517:0210,0.0,0.0,0.0,12.88,1.93,0.0
20230517:0310,0.0,2.5,3.74,12.76,1.79,0.0
20230517:0410,12.33,26.13,12.92,13.15,1.45,0.0
20230517:0510,15.51,30.64,22.56,14.77,1.38,0.0
20230517:0610,86.68,116.25,32.33,16.65,1.59,0.0
20230517:0710,157.2,195.78,41.81,16.33,1.93,0.0
20230517:0810,199.04,244.25,50.36,17.74,2.34,0.0
20230517:0910,126.82,163.11,56.94,18.75,2.21,0.0
20230517:1010,317.02,381.68,60.01,19.19,2.69,0.0
20230517:1110,656.03,794.52,58.45,19.68,3.03,0.0
20230517:1210,532.14,640.0,52.87,20.43,3.03,0.0
20230517:1310,116.59,152.3,44.84,20.31,2.76,0.0
20230517:1410,116.72,152.3,35.59,19.93,2.41,0.0
20230517:1510,15.1,30.64,25.87,19.71,2.07,0.0
20230517:1610,19.16,36.05,16.14,18.96,1.45,0.0
20230517:1710,8.37,20.85,6.77,17.96,1.45,0.0
20230517:1810,0.0,0.0,0.0,16.68,0.97,0.0
20230517:1910,0.0,0.0,0.0,15.28,2.0,0.0
20230517:2010,0.0,0.0,0.0,14.76,2.21,0.0
20230517:2110,0.0,0.0,0.0,14.15,2.34,0.0
20230517:2210,0.0,0.0,0.0,13.43,2.34,0.0
20230517:2310,0.0,0.0,0.0,12.83,2.55,0.0
20230518:0010,0.0,0.0,0.0,12.21,2.55,0.0
20230518:0110,0.0,0.0,0.0,11.65,2.48,0.0
20230518:0210,0.0,0.0,0.0,11.28,2.48,0.0
20230518:0310,0.0,2.5,3.91,10.93,2.48,0.0
20230518:0410,3.98,13.52,13.08,10.86,2.34,0.0
20230518:0510,12.49,26.13,22.72,10.94,2.48,0.0
20230518:0610,56.37,79.3,32.49,11.05,2.97,0.0
20230518:0710,91.71,118.96,41.97,11.17,3.1,0.0
20230518:0810,148.97,182.04,50.54,11.32,3.03,0.0
20230518:0910,128.96,160.41,57.14,11.79,3.03,0.0
20230518:1010,116.54,146.89,60.23,12.12,3.24,0.0
20230518:1110,150.01,183.84,58.66,12.39,3.52,0.0
20230518:1210,183.42,220.79,53.07,12.69,3.72,0.0
20230518:1310,174.5,211.13,45.02,12.94,3.79,0.0
20230518:1410,125.24,156.8,35.76,12.74,3.59,0.0
20230518:1510,83.07,109.94,26.04,12.56,3.52,0.0
20230518:1610,79.41,110.04,16.31,12.5,3.38,0.0
20230518:1710,17.15,32.52,6.95,12.33,3.17,0.0
20230518:1810,0.0,0.0,0.0,11.83,2.9,0.0
20230518:1910,0.0,0.0,0.0,10.19,2.83,0.0
20230518:2010,0.0,0.0,0.0,10.1,2.48,0.0
20230518:2110,0.0,0.0,0.0,10.14,2.21,0.0
20230518:2210,0.0,0.0,0.0,10.15,2.0,0.0
20230518:2310,0.0,0.0,0.0,10.08,1.93,0.0
20230519:0010,0.0,0.0,0.0,10.12,2.0,0.0
20230519:0110,0.0,0.0,0.0,10.15,1.93,0.0
20230519:0210,0.0,0.0,0.0,10.08,2.07,0.0
20230519:0310,0.0,2.5,4.07,10.11,2.0,0.0
20230519:0410,3.99,13.52,13.23,10.27,2.0,0.0
20230519:0510,33.93,53.17,22.87,10.83,1.66,0.0
20230519:0610,53.77,76.6,32.64,11.56,1.45,0.0
20230519:0710,109.93,139.68,42.13,10.9,0.48,0.0
20230519:0810,163.35,200.06,50.71,12.4,0.83,0.0
20230519:0910,172.81,211.78,57.34,13.88,1.1,0.0
20230519:1010,214.32,259.9,60.44,15.53,1.66,0.0
20230519:1110,260.0,312.96,58.88,16.85,2.21,0.0
20230519:1210,163.54,203.67,53.26,17.66,2.83,0.0
20230519:1310,166.45,207.52,45.19,18.15,2.55,0.0
20230519:1410,157.47,198.0,35.93,18.61,2.0,0.0
20230519:1510,132.56,170.67,26.2,18.86,1.93,0.0
20230519:1610,70.97,100.83,16.48,18.54,2.07,0.0
20230519:1710,19.81,36.69,7.12,17.52,2.07,0.0
20230519:1810,0.0,0.0,0.0,16.11,2.34,0.0
20230519:1910,0.0,0.0,0.0,14.37,2.14,0.0
20230519:2010,0.0,0.0,0.0,13.35,1.1,0.0
20230519:2110,0.0,0.0,0.0,13.9,0.34,0.0
20230519:2210,0.0,0.0,0.0,13.51,0.41,0.0
20230519:2310,0.0,0.0,0.0,13.07,0.62,0.0
20230520:0010,0.0,0.0,0.0,12.22,0.97,0.0
20230520:0110,0.0,0.0,0.0,11.21,1.24,0.0
20230520:0210,0.0,0.0,0.0,10.6,1.31,0.0
20230520:0310,0.0,2.5,4.23,10.54,1.17,0.0
20230520:0410,3.95,13.52,13.38,11.74,0.62,0.0
20230520:0510,51.66,74.8,23.01,13.26,0.28,0.0
20230520:0610,109.68,141.48,32.79,14.75,1.03,0.0
20230520:0710,328.69,390.47,42.28,15.51,1.45,0.0
20230520:0810,646.57,776.99,50.88,17.07,2.21,0.0
20230520:0910,770.45,939.11,57.53,18.49,2.9,0.0
20230520:1010,755.79,926.16,60.65,19.26,2.83,0.0
20230520:1110,262.74,319.99,59.08,20.05,2.76,0.0
20230520:1210,361.49,435.59,53.45,20.76,3.03,0.0
20230520:1310,553.21,664.54,45.37,21.15,3.45,0.0
20230520:1410,442.84,533.11,36.09,21.17,3.59,0.0
20230520:1510,241.62,312.29,26.36,20.98,3.31,0.0
20230520:1610,81.01,117.78,16.64,19.81,2.69,0.0
20230520:1710,20.3,37.53,7.29,18.89,2.41,0.0
20230520:1810,0.0,0.0,0.0,17.59,2.62,0.0
20230520:1910,0.0,0.0,0.0,16.97,2.69,0.0
20230520:2010,0.0,0.0,0.0,15.76,2.83,0.0
20230520:2110,0.0,0.0,0.0,14.8,2.76,0.0
20230520:2210,0.0,0.0,0.0,13.67,2.62,0.0
20230520:2310,0.0,0.0,0.0,12.44,2.28,0.0
20230521:0010,0.0,0.0,0.0,11.17,1.86,0.0
20230521:0110,0.0,0.0,0.0,10.61,1.59,0.0
20230521:0210,0.0,0.0,0.0,10.55,1.45,0.0
20230521:0310,0.0,4.17,4.38,10.41,1.31,0.0
20230521:0410,39.88,63.25,13.52,10.56,1.17,0.0
20230521:0510,116.0,148.56,23.15,12.98,1.31,0.0
20230521:0610,345.77,410.31,32.92,14.43,2.21,0.0
20230521:0710,555.31,655.46,42.43,16.23,2.69,0.0
20230521:0810,727.0,872.4,51.04,17.45,3.1,0.0
20230521:0910,807.68,981.29,57.72,18.52,3.52,0.0
20230521:1010,847.33,1037.1,60.86,19.23,3.72,0.0
20230521:1110,834.28,1023.11,59.28,19.68,3.59,0.0
20230521:1210,764.41,929.85,53.63,20.02,3.52,0.0
20230521:1310,646.47,776.22,45.54,20.12,3.52,0.0
20230521:1410,460.42,551.53,36.25,20.03,3.59,0.0
20230521:1510,253.38,325.74,26.52,19.58,3.59,0.0
20230521:1610,63.44,115.52,16.8,18.8,3.1,0.0
20230521:1710,18.57,35.03,7.45,17.36,2.97,0.0
20230521:1810,0.0,0.0,0.0,15.44,2.97,0.0
20230521:1910,0.0,0.0,0.0,14.9,3.17,0.0
20230521:2010,0.0,0.0,0.0,13.82,3.31,0.0
20230521:2110,0.0,0.0,0.0,12.95,3.38,0.0
20230521:2210,0.0,0.0,0.0,12.02,3.03,0.0
20230521:2310,0.0,0.0,0.0,10.96,2.55,0.0
20230522:0010,0.0,0.0,0.0,9.76,2.21,0.0
20230522:0110,0.0,0.0,0.0,8.72,1.72,0.0
20230522:0210,0.0,0.0,0.0,8.53,1.45,0.0
20230522:0310,8.88,20.85,4.53,7.84,1.52,0.0
20230522:0410,33.66,56.18,13.66,8.31,1.38,0.0
20230522:0510,188.88,252.64,23.29,11.48,1.38,0.0
20230522:0610,402.69,476.68,33.06,13.33,2.07,0.0
20230522:0710,595.42,697.05,42.57,14.76,3.03,0.0
20230522:0810,739.62,879.92,51.2,16.24,3.45,0.0
20230522:0910,771.35,924.08,57.9,17.44,4.0,0.0
20230522:1010,849.61,1031.46,61.06,18.25,4.0,0.0
20230522:1110,840.7,1024.86,59.48,18.86,3.79,0.0
20230522:1210,773.12,937.48,53.81,19.17,3.52,0.0
20230522:1310,642.52,770.77,45.7,19.39,3.24,0.0
20230522:1410,466.56,559.34,36.41,19.37,3.03,0.0
20230522:1510,256.65,330.04,26.67,19.3,2.97,0.0
20230522:1610,64.41,117.26,16.96,18.84,2.34,0.0
20230522:1710,19.15,35.86,7.62,17.72,1.93,0.0
20230522:1810,0.0,0.0,0.0,15.94,2.14,0.0
20230522:1910,0.0,0.0,0.0,14.3,2.28,0.0
20230522:2010,0.0,0.0,0.0,12.74,2.21,0.0
20230522:2110,0.0,0.0,0.0,11.76,2.21,0.0
20230522:2210,0.0,0.0,0.0,11.02,2.14,0.0
20230522:2310,0.0,0.0,0.0,10.38,2.0,0.0
20230523:0010,0.0,0.0,0.0,10.04,1.86,0.0
20230523:0110,0.0,0.0,0.0,9.76,1.72,0.0
20230523:0210,0.0,0.0,0.0,9.53,1.59,0.0
20230523:0310,9.97,22.52,4.67,9.29,1.52,0.0
20230523:0410,34.53,57.43,13.79,9.6,1.24,0.0
20230523:0510,186.08,251.57,23.41,12.83,0.97,0.0
20230523:0610,392.16,471.29,33.19,15.58,1.52,0.0
20230523:0710,569.81,685.6,42.7,17.61,1.66,0.0
20230523:0810,698.86,865.29,51.35,19.28,1.45,0.0
20230523:0910,772.98,983.44,58.07,20.32,1.17,0.0
20230523:1010,802.36,1039.2,61.25,21.17,0.97,0.0
20230523:1110,784.74,1014.42,59.67,21.6,0.97,0.0
20230523:1210,702.79,891.02,53.99,21.69,1.03,0.0
20230523:1310,539.73,668.75,45.86,21.79,0.97,0.0
20230523:1410,209.97,262.79,36.56,21.87,1.17,0.0
20230523:1510,148.42,191.84,26.82,21.65,1.59,0.0
20230523:1610,78.0,111.11,17.11,21.01,1.79,0.0
20230523:1710,22.76,40.86,7.78,19.59,2.07,0.0
20230523:1810,0.0,0.0,0.0,18.14,2.14,0.0
20230523:1910,0.0,0.0,0.0,16.56,2.14,0.0
20230523:2010,0.0,0.0,0.0,14.99,2.28,0.0
20230523:2110,0.0,0.0,0.0,13.5,2.34,0.0
20230523:2210,0.0,0.0,0.0,12.33,2.21,0.0
20230523:2310,0.0,0.0,0.0,12.27,2.0,0.0
20230524:0010,0.0,0.0,0.0,11.92,2.07,0.0
20230524:0110,0.0,0.0,0.0,11.42,2.07,0.0
20230524:0210,0.0,0.0,0.0,10.87,1.93,0.0
20230524:0310,10.52,23.35,4.8,10.15,1.79,0.0
20230524:0410,47.22,71.6,13.92,11.24,1.24,0.0
20230524:0510,24.54,42.36,23.53,14.54,0.9,0.0
20230524:0610,59.35,84.71,33.31,16.42,0.97,0.0
20230524:0710,254.68,311.6,42.83,18.81,0.76,0.0
20230524:0810,559.28,688.76,51.5,19.95,0.97,0.0
20230524:0910,723.88,915.97,58.24,20.64,1.1,0.0
20230524:1010,780.35,999.63,61.43,21.09,1.17,0.0
20230524:1110,721.51,923.47,59.86,21.43,0.83,0.0
20230524:1210,113.11,149.6,54.16,21.28,0.83,0.0
20230524:1310,238.59,293.79,46.02,20.32,1.45,0.0
20230524:1410,243.49,296.93,36.71,19.01,2.07,0.0
20230524:1510,61.06,87.41,26.97,18.63,1.66,0.0
20230524:1610,80.59,113.79,17.26,18.48,0.97,0.0
20230524:1710,21.63,39.2,7.93,18.16,0.76,0.0
20230524:1810,0.0,0.0,0.0,16.96,1.31,0.0
20230524:1910,0.0,0.0,0.0,15.53,2.55,0.0
20230524:2010,0.0,0.0,0.0,14.55,2.41,0.0
20230524:2110,0.0,0.0,0.0,13.81,2.41,0.0
20230524:2210,0.0,0.0,0.0,13.49,2.55,0.0
20230524:2310,0.0,0.0,0.0,13.2,2.69,0.0
20230525:0010,0.0,0.0,0.0,12.9,2.76,0.0
20230525:0110,0.0,0.0,0.0,12.75,2.83,0.0
20230525:0210,0.0,0.0,0.0,12.68,2.69,0.0
20230525:0310,0.0,3.34,4.93,12.77,2.55,0.0
20230525:0410,4.45,14.42,14.04,13.38,3.31,0.0
20230525:0510,57.08,81.11,23.65,14.25,3.66,0.0
20230525:0610,139.79,174.93,33.42,15.36,3.24,0.0
20230525:0710,259.62,310.35,42.96,16.43,3.03,0.0
20230525:0810,412.79,489.94,51.63,17.69,2.76,0.0
20230525:0910,705.65,858.68,58.4,19.02,2.76,0.0
20230525:1010,820.92,1017.74,61.62,20.11,2.9,0.0
20230525:1110,811.58,1005.08,60.04,20.84,3.1,0.0
20230525:1210,718.54,877.42,54.33,21.22,3.31,0.0
20230525:1310,619.48,747.66,46.17,21.44,3.45,0.0
20230525:1410,451.81,544.29,36.86,21.25,3.59,0.0
20230525:1510,251.55,323.73,27.12,20.44,3.79,0.0
20230525:1610,69.67,120.73,17.41,18.53,3.24,0.0
20230525:1710,23.0,40.86,8.09,17.7,2.34,0.0
20230525:1810,0.0,0.0,0.0,16.84,1.93,0.0
20230525:1910,0.0,0.0,0.0,15.89,2.41,0.0
20230525:2010,0.0,0.0,0.0,15.04,2.41,0.0
20230525:2110,0.0,0.0,0.0,14.29,2.48,0.0
20230525:2210,0.0,0.0,0.0,13.79,2.48,0.0
20230525:2310,0.0,0.0,0.0,13.29,2.48,0.0
20230526:0010,0.0,0.0,0.0,12.93,2.55,0.0
20230526:0110,0.0,0.0,0.0,12.87,2.62,0.0
20230526:0210,0.0,0.0,0.0,12.77,2.69,0.0
20230526:0310,0.0,3.34,5.05,12.92,2.55,0.0
20230526:0410,4.99,15.32,14.15,13.58,2.21,0.0
20230526:0510,33.24,53.17,23.76,14.95,2.41,0.0
20230526:0610,256.84,309.07,33.53,16.2,2.34,0.0
20230526:0710,498.43,592.13,43.07,16.96,2.14,0.0
20230526:0810,567.28,684.15,51.76,18.68,2.07,0.0
20230526:0910,664.93,816.48,58.55,20.0,2.14,0.0
20230526:1010,747.24,927.1,61.79,20.79,2.48,0.0
20230526:1110,709.05,874.65,60.21,21.42,2.76,0.0
20230526:1210,638.69,781.9,54.49,21.66,2.69,0.0
20230526:1310,504.62,611.33,46.32,21.85,2.69,0.0
20230526:1410,90.85,123.46,37.0,21.77,2.62,0.0
20230526:1510,187.43,237.16,27.26,20.61,3.52,0.0
20230526:1610,74.46,123.42,17.55,19.49,3.17,0.0
20230526:1710,23.52,41.7,8.23,18.68,2.55,0.0
20230526:1810,0.0,0.0,0.0,16.93,2.07,0.0
20230526:1910,0.0,0.0,0.0,15.78,2.14,0.0
20230526:2010,0.0,0.0,0.0,15.15,2.21,0.0
20230526:2110,0.0,0.0,0.0,14.64,2.14,0.0
20230526:2210,0.0,0.0,0.0,14.41,2.14,0.0
20230526:2310,0.0,0.0,0.0,14.22,2.21,0.0
20230527:0010,0.0,0.0,0.0,14.12,2.21,0.0
20230527:0110,0.0,0.0,0.0,14.08,2.34,0.0
20230527:0210,0.0,0.0,0.0,13.8,2.41,0.0
20230527:0310,0.0,3.34,5.17,13.64,2.41,0.0
20230527:0410,4.99,15.32,14.26,13.74,2.34,0.0
20230527:0510,46.21,68.49,23.86,14.12,2.28,0.0
20230527:0610,174.04,213.1,33.64,14.73,2.41,0.0
20230527:0710,537.79,635.0,43.18,15.51,2.21,0.0
20230527:0810,627.28,746.92,51.89,16.33,2.55,0.0
20230527:0910,775.67,939.32,58.7,17.43,3.03,0.0
20230527:1010,492.32,584.35,61.96,18.22,3.52,0.0
20230527:1110,420.41,498.61,60.38,18.48,3.79,0.0
20230527:1210,314.27,375.05,54.65,18.57,4.0,0.0
20230527:1310,380.53,450.84,46.47,18.67,4.0,0.0
20230527:1410,275.57,330.9,37.14,18.75,4.21,0.0
20230527:1510,254.56,323.14,27.4,18.23,4.14,0.0
20230527:1610,70.14,121.86,17.7,17.81,3.79,0.0
20230527:1710,22.46,40.03,8.38,16.81,2.97,0.0
20230527:1810,0.0,0.0,0.0,15.44,2.69,0.0
20230527:1910,0.0,0.0,0.0,13.92,2.48,0.0
20230527:2010,0.0,0.0,0.0,12.79,2.28,0.0
20230527:2110,0.0,0.0,0.0,11.5,2.07,0.0
20230527:2210,0.0,0.0,0.0,10.17,1.93,0.0
20230527:2310,0.0,0.0,0.0,9.26,1.79,0.0
20230528:0010,0.0,0.0,0.0,8.81,1.59,0.0
20230528:0110,0.0,0.0,0.0,8.42,1.52,0.0
20230528:0210,0.0,0.0,0.0,7.81,1.52,0.0
20230528:0310,0.0,4.17,5.28,7.45,1.52,0.0
20230528:0410,27.42,45.06,14.37,9.31,0.83,0.0
20230528:0510,177.34,225.76,23.96,11.21,0.69,0.0
20230528:0610,363.6,431.77,33.74,12.71,1.1,0.0
20230528:0710,561.0,660.83,43.29,14.23,2.0,0.0
20230528:0810,703.78,846.4,52.01,15.81,2.14,0.0
20230528:0910,803.56,985.83,58.84,17.17,2.34,0.0
20230528:1010,844.1,1041.52,62.12,18.35,2.83,0.0
20230528:1110,824.42,1016.96,60.55,19.14,2.9,0.0
20230528:1210,766.05,941.19,54.8,19.73,2.69,0.0
20230528:1310,622.92,755.11,46.62,19.98,2.41,0.0
20230528:1410,456.13,551.85,37.28,20.09,2.28,0.0
20230528:1510,261.29,338.02,27.53,19.97,2.14,0.0
20230528:1610,69.0,123.34,17.83,19.72,2.14,0.0
20230528:1710,22.87,40.86,8.52,18.67,1.93,0.0
20230528:1810,0.0,0.0,0.0,16.95,2.28,0.0
20230528:1910,0.0,0.0,0.0,15.79,2.28,0.0
20230528:2010,0.0,0.0,0.0,13.97,2.14,0.0
20230528:2110,0.0,0.0,0.0,12.61,2.0,0.0
20230528:2210,0.0,0.0,0.0,11.67,1.86,0.0
20230528:2310,0.0,0.0,0.0,11.19,1.66,0.0
20230529:0010,0.0,0.0,0.0,10.63,1.66,0.0
20230529:0110,0.0,0.0,0.0,10.01,1.66,0.0
20230529:0210,0.0,0.0,0.0,9.59,1.66,0.0
20230529:0310,0.0,4.17,5.39,9.14,1.72,0.0
20230529:0410,47.64,69.2,14.46,10.2,1.45,0.0
20230529:0510,157.71,200.0,24.06,13.67,1.66,0.0
20230529:0610,357.54,426.91,33.83,15.66,2.28,0.0
20230529:0710,546.58,649.96,43.39,17.52,2.55,0.0
20230529:0810,695.96,842.71,52.12,18.84,2.69,0.0
20230529:0910,781.98,964.36,58.97,19.79,2.69,0.0
20230529:1010,825.49,1036.33,62.27,20.54,2.34,0.0
20230529:1110,788.29,1001.25,60.71,21.12,1.59,0.0
20230529:1210,717.64,906.87,54.95,21.25,1.17,0.0
20230529:1310,597.67,735.51,46.75,21.08,1.52,0.0
20230529:1410,438.99,537.92,37.41,21.26,1.45,0.0
20230529:1510,195.11,249.23,27.67,21.15,1.1,0.0
20230529:1610,77.2,128.1,17.97,20.89,1.03,0.0
20230529:1710,23.38,41.7,8.66,19.56,0.9,0.0
20230529:1810,0.0,0.0,0.0,18.32,1.52,0.0
20230529:1910,0.0,0.0,0.0,16.83,1.45,0.0
20230529:2010,0.0,0.0,0.0,14.91,1.86,0.0
20230529:2110,0.0,0.0,0.0,14.05,1.72,0.0
20230529:2210,0.0,0.0,0.0,14.48,1.31,0.0
20230529:2310,0.0,0.0,0.0,14.57,1.1,0.0
20230530:0010,0.0,0.0,0.0,12.62,1.52,0.0
20230530:0110,0.0,0.0,0.0,11.37,1.72,0.0
20230530:0210,0.0,0.0,0.0,10.58,1.79,0.0
20230530:0310,0.0,4.17,5.49,10.01,1.79,0.0
20230530:0410,15.12,29.74,14.55,11.4,1.45,0.0
20230530:0510,95.88,126.19,24.14,14.98,1.52,0.0
20230530:0610,238.71,289.12,33.92,16.31,1.72,0.0
20230530:0710,358.88,431.18,43.48,17.52,1.1,0.0
20230530:0810,421.41,508.58,52.23,18.5,1.24,0.0
20230530:0910,396.73,480.51,59.1,19.67,1.59,0.0
20230530:1010,742.16,928.89,62.42,20.31,1.79,0.0
20230530:1110,764.04,959.36,60.86,20.74,1.86,0.0
20230530:1210,714.69,886.66,55.1,20.82,2.0,0.0
20230530:1310,428.51,516.02,46.89,20.71,2.62,0.0
20230530:1410,341.85,413.7,37.54,20.41,2.48,0.0
20230530:1510,252.14,325.3,27.8,20.38,2.21,0.0
20230530:1610,87.28,122.32,18.1,20.15,2.21,0.0
20230530:1710,15.29,30.86,8.8,19.2,1.93,0.0
20230530:1810,0.0,0.0,0.0,17.67,2.34,0.0
20230530:1910,0.0,0.0,0.0,16.91,2.55,0.0
20230530:2010,0.0,0.0,0.0,15.7,2.62,0.0
20230530:2110,0.0,0.0,0.0,14.55,2.55,0.0
20230530:2210,0.0,0.0,0.0,13.43,2.41,0.0
20230530:2310,0.0,0.0,0.0,12.5,2.41,0.0
20230531:0010,0.0,0.0,0.0,12.19,2.34,0.0
20230531:0110,0.0,0.0,0.0,11.71,2.28,0.0
20230531:0210,0.0,0.0,0.0,10.96,2.34,0.0
20230531:0310,0.0,4.17,5.58,10.38,2.28,0.0
20230531:0410,65.9,91.4,14.64,11.29,1.72,0.0
20230531:0510,185.76,246.05,24.22,13.79,1.72,0.0
20230531:0610,384.67,460.76,34.0,15.42,1.86,0.0
20230531:0710,577.39,688.49,43.57,16.35,1.93,0.0
20230531:0810,711.02,867.84,52.33,17.68,1.86,0.0
20230531:0910,794.97,987.06,59.22,18.73,2.07,0.0
20230531:1010,831.17,1038.09,62.57,19.42,2.34,0.0
20230531:1110,814.95,1014.79,61.01,20.11,2.55,0.0
20230531:1210,756.88,930.18,55.24,20.21,2.76,0.0
20230531:1310,631.34,763.07,47.02,20.22,2.83,0.0
20230531:1410,464.81,560.79,37.67,20.17,2.69,0.0
20230531:1510,261.5,337.39,27.92,20.06,2.41,0.0
20230531:1610,68.33,124.82,18.23,19.7,2.21,0.0
20230531:1710,24.79,43.37,8.93,18.75,1.59,0.0
20230531:1810,0.0,0.0,0.0,17.03,1.79,0.0
20230531:1910,0.0,0.0,0.0,15.34,2.07,0.0
20230531:2010,0.0,0.0,0.0,13.85,2.07,0.0
20230531:2110,0.0,0.0,0.0,12.61,2.14,0.0
20230531:2210,0.0,0.0,0.0,11.53,2.14,0.0
20230531:2310,0.0,0.0,0.0,10.51,2.21,0.0
20230601:0010,0.0,0.0,0.0,9.65,2.14,0.0
20230601:0110,0.0,0.0,0.0,9.0,2.0,0.0
20230601:0210,0.0,0.0,0.0,8.44,2.0,0.0
20230601:0310,13.09,26.69,5.67,8.11,1.93,0.0
20230601:0410,32.71,55.7,14.72,9.91,1.24,0.0
20230601:0510,185.2,253.55,24.3,14.73,0.76,0.0
20230601:0610,388.11,477.02,34.07,17.42,0.34,0.0
20230601:0710,561.46,696.74,43.65,18.74,0.14,0.0
20230601:0810,679.43,869.39,52.42,20.27,0.14,0.0
20230601:0910,769.64,994.41,59.34,21.55,0.83,0.0
20230601:1010,811.93,1044.48,62.7,22.42,1.59,0.0
20230601:1110,802.25,1021.18,61.15,23.28,2.21,0.0
20230601:1210,746.58,936.3,55.37,23.82,2.62,0.0
20230601:1310,627.38,772.98,47.15,24.14,2.9,0.0
20230601:1410,460.28,564.94,37.79,23.99,2.9,0.0
20230601:1510,258.15,338.62,28.04,23.69,2.69,0.0
20230601:1610,67.6,125.55,18.35,23.13,2.21,0.0
20230601:1710,23.76,42.53,9.06,21.74,1.38,0.0
20230601:1810,0.0,0.0,0.0,20.21,0.97,0.0
20230601:1910,0.0,0.0,0.0,17.4,2.34,0.0
20230601:2010,0.0,0.0,0.0,15.32,2.48,0.0
20230601:2110,0.0,0.0,0.0,14.28,2.48,0.0
20230601:2210,0.0,0.0,0.0,13.82,2.76,0.0
20230601:2310,0.0,0.0,0.0,13.66,2.9,0.0
20230602:0010,0.0,0.0,0.0,13.4,2.97,0.0
20230602:0110,0.0,0.0,0.0,13.52,3.03,0.0
20230602:0210,0.0,0.0,0.0,13.55,3.03,0.0
20230602:0310,14.53,29.19,5.75,13.6,2.9,0.0
20230602:0410,64.09,90.8,14.79,14.94,2.55,0.0
20230602:0510,175.1,230.17,24.37,17.56,2.07,0.0
20230602:0610,353.3,431.48,34.14,20.4,2.41,0.0
20230602:0710,508.28,609.48,43.72,21.53,3.86,0.0
20230602:0810,667.37,808.44,52.51,21.93,3.93,0.0
20230602:0910,537.98,651.72,59.45,22.58,3.79,0.0
20230602:1010,77.37,107.24,62.83,21.07,3.86,0.0
20230602:1110,166.92,209.07,61.29,19.88,3.79,0.0
20230602:1210,125.79,162.21,55.5,19.64,3.31,0.0
20230602:1310,284.42,343.78,47.27,19.65,2.9,0.0
20230602:1410,146.08,185.79,37.91,20.01,2.83,0.0
20230602:1510,105.06,138.47,28.16,19.41,3.52,0.0
20230602:1610,56.67,82.27,18.47,18.7,3.59,0.0
20230602:1710,6.74,18.35,9.18,17.96,3.1,0.0
20230602:1810,0.0,0.0,0.0,16.88,3.31,0.0
20230602:1910,0.0,0.0,0.0,15.82,4.14,0.0
20230602:2010,0.0,0.0,0.0,14.88,4.14,0.0
20230602:2110,0.0,0.0,0.0,13.94,4.0,0.0
20230602:2210,0.0,0.0,0.0,13.17,4.0,0.0
20230602:2310,0.0,0.0,0.0,12.38,4.0,0.0
20230603:0010,0.0,0.0,0.0,11.65,4.07,0.0
20230603:0110,0.0,0.0,0.0,10.82,4.07,0.0
20230603:0210,0.0,0.0,0.0,9.96,3.86,0.0
20230603:0310,13.64,27.52,5.83,9.14,3.38,0.0
20230603:0410,28.95,51.15,14.86,8.84,3.03,0.0
20230603:0510,194.61,258.33,24.43,9.16,2.97,0.0
20230603:0610,421.16,488.75,34.21,10.08,3.03,0.0
20230603:0710,613.35,705.79,43.79,10.72,2.9,0.0
20230603:0810,752.61,880.16,52.59,12.08,3.17,0.0
20230603:0910,841.85,1000.96,59.55,13.49,3.45,0.0
20230603:1010,881.74,1058.01,62.95,14.54,3.66,0.0
20230603:1110,865.63,1040.43,61.42,15.35,3.66,0.0
20230603:1210,795.58,949.64,55.63,16.02,3.66,0.0
20230603:1310,665.07,784.88,47.39,16.46,3.59,0.0
20230603:1410,490.24,578.54,38.03,16.69,3.52,0.0
20230603:1510,275.63,348.3,28.28,16.68,3.45,0.0
20230603:1610,70.08,128.32,18.59,16.39,3.24,0.0
20230603:1710,23.89,41.7,9.3,15.72,2.48,0.0
20230603:1810,0.0,0.0,0.0,14.24,2.21,0.0
20230603:1910,0.0,0.0,0.0,12.67,2.55,0.0
20230603:2010,0.0,0.0,0.0,11.47,2.62,0.0
20230603:2110,0.0,0.0,0.0,10.55,2.69,0.0
20230603:2210,0.0,0.0,0.0,10.22,2.76,0.0
20230603:2310,0.0,0.0,0.0,10.2,2.76,0.0
20230604:0010,0.0,0.0,0.0,10.16,2.76,0.0
20230604:0110,0.0,0.0,0.0,10.4,2.76,0.0
20230604:0210,0.0,0.0,0.0,10.55,2.83,0.0
20230604:0310,0.0,4.17,5.9,10.62,2.83,0.0
20230604:0410,13.13,27.04,14.93,11.21,2.76,0.0
20230604:0510,102.36,131.54,24.49,12.04,2.97,0.0
20230604:0610,273.32,321.79,34.27,12.7,3.24,0.0
20230604:0710,267.57,315.6,43.85,13.7,2.97,0.0
20230604:0810,415.08,485.21,52.66,14.76,3.03,0.0
20230604:0910,644.07,763.33,59.64,15.82,3.17,0.0
20230604:1010,773.15,936.3,63.07,17.24,3.1,0.0
20230604:1110,826.81,1014.12,61.54,18.31,2.97,0.0
20230604:1210,749.65,915.35,55.75,18.84,2.62,0.0
20230604:1310,603.67,727.72,47.51,19.16,2.41,0.0
20230604:1410,425.95,512.52,38.14,19.17,2.28,0.0
20230604:1510,238.84,301.58,28.39,19.19,2.21,0.0
20230604:1610,82.73,114.36,18.7,18.75,2.28,0.0
20230604:1710,14.18,29.19,9.42,17.94,1.93,0.0
20230604:1810,0.0,0.0,0.0,16.62,1.93,0.0
20230604:1910,0.0,0.0,0.0,15.83,1.72,0.0
20230604:2010,0.0,0.0,0.0,15.33,1.38,0.0
20230604:2110,0.0,0.0,0.0,15.2,1.17,0.0
20230604:2210,0.0,0.0,0.0,15.59,0.76,0.0
20230604:2310,0.0,0.0,0.0,14.87,0.21,0.0
20230605:0010,0.0,0.0,0.0,14.24,0.69,0.0
20230605:0110,0.0,0.0,0.0,13.25,0.97,0.0
20230605:0210,0.0,0.0,0.0,12.64,0.97,0.0
20230605:0310,14.0,28.35,5.96,12.38,0.9,0.0
20230605:0410,41.37,65.5,14.98,12.66,0.76,0.0
20230605:0510,184.97,250.49,24.55,14.6,0.28,0.0
20230605:0610,357.43,437.15,34.32,16.7,0.21,0.0
20230605:0710,518.79,627.12,43.91,17.83,1.17,0.0
20230605:0810,695.88,854.53,52.73,19.34,1.93,0.0
20230605:0910,788.45,982.21,59.73,20.59,2.41,0.0
20230605:1010,732.27,911.69,63.18,21.21,2.34,0.0
20230605:1110,644.47,796.19,61.66,21.65,2.28,0.0
20230605:1210,719.35,897.03,55.87,22.17,2.21,0.0
20230605:1310,528.97,648.66,47.62,22.45,2.0,0.0
20230605:1410,383.23,470.2,38.25,22.32,1.72,0.0
20230605:1510,238.34,306.43,28.5,22.32,1.59,0.0
20230605:1610,96.56,141.43,18.81,22.04,1.45,0.0
20230605:1710,32.38,53.37,9.53,20.64,0.9,0.0
20230605:1810,0.0,0.0,0.0,20.34,0.83,0.0
20230605:1910,0.0,0.0,0.0,17.87,1.59,0.0
20230605:2010,0.0,0.0,0.0,16.72,1.66,0.0
20230605:2110,0.0,0.0,0.0,15.32,1.72,0.0
20230605:2210,0.0,0.0,0.0,14.31,1.79,0.0
20230605:2310,0.0,0.0,0.0,13.72,1.72,0.0
20230606:0010,0.0,0.0,0.0,14.37,1.38,0.0
20230606:0110,0.0,0.0,0.0,13.86,1.38,0.0
20230606:0210,0.0,0.0,0.0,12.79,1.52,0.0
20230606:0310,0.0,4.17,6.02,12.01,1.72,0.0
20230606:0410,5.58,16.22,15.04,12.89,1.38,0.0
20230606:0510,60.36,85.61,24.59,15.75,1.31,0.0
20230606:0610,257.26,313.06,34.37,18.06,1.86,0.0
20230606:0710,0.0,0.0,0.0,18.98,2.0,0.0
20230606:0810,456.99,553.6,52.8,20.72,2.07,0.0
20230606:0910,412.64,502.74,59.81,21.94,2.21,0.0
20230606:1010,346.51,424.52,63.28,22.73,2.28,0.0
20230606:1110,560.64,691.88,61.78,23.31,2.34,0.0
20230606:1210,67.95,97.33,55.98,23.47,2.48,0.0
20230606:1310,88.14,120.76,47.73,22.71,2.76,0.0
20230606:1410,63.49,91.02,38.35,20.85,2.34,0.0
20230606:1510,44.91,68.49,28.6,19.47,1.17,0.0
20230606:1610,25.41,44.16,18.91,18.6,0.41,0.0
20230606:1710,2.31,10.84,9.63,18.38,0.97,0.0
20230606:1810,0.0,0.0,0.0,17.64,1.66,0.0
20230606:1910,0.0,0.0,0.0,16.79,1.45,0.0
20230606:2010,0.0,0.0,0.0,16.29,1.66,0.0
20230606:2110,0.0,0.0,0.0,15.92,1.79,0.0
20230606:2210,0.0,0.0,0.0,15.55,1.59,0.0
20230606:2310,0.0,0.0,0.0,15.19,1.31,0.0
20230607:0010,0.0,0.0,0.0,14.87,1.24,0.0
20230607:0110,0.0,0.0,0.0,14.63,1.24,0.0
20230607:0210,0.0,0.0,0.0,14.45,1.31,0.0
20230607:0310,0.0,4.17,6.07,14.32,1.52,0.0
20230607:0410,58.43,83.02,15.08,14.42,1.66,0.0
20230607:0510,14.18,28.84,24.64,14.7,1.66,0.0
20230607:0610,49.03,72.09,34.41,14.99,1.59,0.0
20230607:0710,67.55,93.72,44.01,15.19,1.31,0.0
20230607:0810,198.21,241.99,52.85,15.68,1.38,0.0
20230607:0910,170.62,210.88,59.89,16.02,1.66,0.0
20230607:1010,110.66,143.29,63.38,16.35,1.86,0.0
20230607:1110,48.49,72.09,61.89,17.3,2.07,0.0
20230607:1210,43.78,66.69,56.09,18.16,2.41,0.0
20230607:1310,171.88,213.77,47.83,18.31,2.69,0.0
20230607:1410,311.19,372.84,38.45,18.68,3.31,0.0
20230607:1510,52.91,77.5,28.7,18.03,2.9,0.0
20230607:1610,44.62,67.59,19.01,17.79,2.48,0.0
20230607:1710,14.82,30.02,9.74,17.54,2.07,0.0
20230607:1810,0.0,0.0,0.0,16.78,2.0,0.0
20230607:1910,0.0,0.0,0.0,15.97,1.45,0.0
20230607:2010,0.0,0.0,0.0,14.69,1.1,0.0
20230607:2110,0.0,0.0,0.0,14.26,0.83,0.0
20230607:2210,0.0,0.0,0.0,12.9,1.1,0.0
20230607:2310,0.0,0.0,0.0,12.25,1.24,0.0
20230608:0010,0.0,0.0,0.0,12.0,1.45,0.0
20230608:0110,0.0,0.0,0.0,11.34,1.59,0.0
20230608:0210,0.0,0.0,0.0,11.11,1.38,0.0
20230608:0310,0.0,4.17,6.12,10.68,1.45,0.0
20230608:0410,5.6,16.22,15.12,12.21,0.97,0.0
20230608:0510,100.75,132.09,24.67,15.03,0.69,0.0
20230608:0610,277.37,338.5,34.44,17.38,0.62,0.0
20230608:0710,338.75,411.85,44.05,18.32,0.34,0.0
20230608:0810,487.61,596.58,52.9,19.18,0.69,0.0
20230608:0910,531.49,647.08,59.95,19.51,1.59,0.0
20230608:1010,274.02,333.37,63.47,19.64,2.21,0.0
20230608:1110,87.65,118.96,61.99,19.97,1.86,0.0
20230608:1210,52.29,77.5,56.19,20.04,1.52,0.0
20230608:1310,68.13,96.43,47.93,20.44,1.59,0.0
20230608:1410,134.92,173.99,38.55,20.65,1.72,0.0
20230608:1510,71.09,100.03,28.8,20.7,1.52,0.0
20230608:1610,65.93,94.25,19.11,20.64,1.52,0.0
20230608:1710,27.84,47.53,9.83,20.21,1.24,0.0
20230608:1810,0.0,0.0,0.0,19.23,1.52,0.0
20230608:1910,0.0,0.0,0.0,17.39,1.79,0.0
20230608:2010,0.0,0.0,0.0,16.2,1.66,0.0
20230608:2110,0.0,0.0,0.0,15.42,1.24,0.0
20230608:2210,0.0,0.0,0.0,14.33,1.1,0.0
20230608:2310,0.0,0.0,0.0,13.38,1.1,0.0
20230609:0010,0.0,0.0,0.0,13.09,1.17,0.0
20230609:0110,0.0,0.0,0.0,12.86,1.1,0.0
20230609:0210,0.0,0.0,0.0,12.56,1.1,0.0
20230609:0310,0.0,4.17,6.16,12.22,1.1,0.0
20230609:0410,14.98,29.74,15.16,12.93,0.83,0.0
20230609:0510,94.51,124.62,24.7,14.69,0.69,0.0
20230609:0610,244.33,297.12,34.48,16.59,1.1,0.0
20230609:0710,288.17,349.86,44.08,18.86,1.24,0.0
20230609:0810,305.08,370.55,52.95,19.64,1.59,0.0
20230609:0910,359.55,434.95,60.02,20.25,2.21,0.0
20230609:1010,753.2,932.27,63.55,20.13,2.41,0.0
20230609:1110,138.56,177.53,62.08,20.09,2.21,0.0
20230609:1210,53.8,79.3,56.28,20.13,1.86,0.0
20230609:1310,40.29,63.08,48.02,20.39,1.45,0.0
20230609:1410,35.8,57.68,38.64,20.87,1.1,0.0
20230609:1510,40.1,63.08,28.89,21.24,1.24,0.0
20230609:1610,39.38,62.18,19.2,21.23,1.45,0.0
20230609:1710,27.13,46.7,9.93,20.52,0.62,0.0
20230609:1810,0.0,0.0,0.0,20.31,0.41,0.0
20230609:1910,0.0,0.0,0.0,17.66,0.9,0.0
20230609:2010,0.0,0.0,0.0,16.98,0.9,0.0
20230609:2110,0.0,0.0,0.0,17.41,0.55,0.0
20230609:2210,0.0,0.0,0.0,17.08,0.34,0.0
20230609:2310,0.0,0.0,0.0,16.82,0.34,0.0
20230610:0010,0.0,0.0,0.0,16.41,0.48,0.0
20230610:0110,0.0,0.0,0.0,15.66,0.48,0.0
20230610:0210,0.0,0.0,0.0,15.3,0.62,0.0
20230610:0310,0.0,4.17,6.19,14.96,0.48,0.0
20230610:0410,5.49,16.22,15.19,15.23,0.34,0.0
20230610:0510,45.53,68.49,24.73,16.66,0.76,0.0
20230610:0610,306.25,372.71,34.5,17.93,1.24,0.0
20230610:0710,387.04,470.37,44.11,19.23,0.76,0.0
20230610:0810,448.52,545.12,52.98,20.51,1.59,0.0
20230610:0910,595.36,728.88,60.07,21.33,2.34,0.0
20230610:1010,758.53,937.69,63.63,21.81,3.17,0.0
20230610:1110,610.13,744.34,62.17,22.02,3.17,0.0
20230610:1210,336.01,408.22,56.37,21.32,2.48,0.0
20230610:1310,135.95,175.73,48.11,21.93,2.76,0.0
20230610:1410,34.65,55.87,38.73,19.58,2.97,0.0
20230610:1510,18.51,35.15,28.97,18.78,1.93,0.0
20230610:1610,11.93,26.13,19.29,18.92,0.69,0.0
20230610:1710,2.74,11.68,10.02,18.86,0.9,0.0
20230610:1810,0.0,0.0,0.0,18.13,1.72,0.0
20230610:1910,0.0,0.0,0.0,17.45,2.28,0.0
20230610:2010,0.0,0.0,0.0,16.95,2.55,0.0
20230610:2110,0.0,0.0,0.0,16.46,2.55,0.0
20230610:2210,0.0,0.0,0.0,15.9,2.34,0.0
20230610:2310,0.0,0.0,0.0,15.32,2.07,0.0
20230611:0010,0.0,0.0,0.0,15.09,1.72,0.0
20230611:0110,0.0,0.0,0.0,14.93,1.59,0.0
20230611:0210,0.0,0.0,0.0,14.77,1.93,0.0
20230611:0310,0.0,5.0,6.22,14.71,2.21,0.0
20230611:0410,5.52,16.22,15.21,14.57,2.55,0.0
20230611:0510,18.27,34.24,24.75,14.47,3.03,0.0
20230611:0610,42.4,63.98,34.52,14.3,3.24,0.0
20230611:0710,56.84,81.11,44.14,14.84,2.41,0.0
20230611:0810,85.05,113.55,53.02,15.18,2.34,0.0
20230611:0910,100.67,131.57,60.12,16.01,2.76,0.0
20230611:1010,84.29,112.65,63.7,15.37,3.24,0.0
20230611:1110,62.17,87.41,62.25,15.54,3.66,0.0
20230611:1210,59.1,83.81,56.46,15.39,3.72,0.0
20230611:1310,45.32,67.59,48.2,15.08,4.9,0.0
20230611:1410,46.21,68.49,38.81,14.52,4.69,0.0
20230611:1510,23.89,41.45,29.06,14.46,4.21,0.0
20230611:1610,14.87,29.74,19.37,14.63,4.07,0.0
20230611:1710,1.52,9.17,10.1,14.57,3.59,0.0
20230611:1810,0.0,0.83,1.57,14.09,3.45,0.0
20230611:1910,0.0,0.0,0.0,12.78,3.17,0.0
20230611:2010,0.0,0.0,0.0,12.04,2.9,0.0
20230611:2110,0.0,0.0,0.0,11.42,2.55,0.0
20230611:2210,0.0,0.0,0.0,10.73,2.28,0.0
20230611:2310,0.0,0.0,0.0,10.06,2.34,0.0
20230612:0010,0.0,0.0,0.0,9.44,2.41,0.0
20230612:0110,0.0,0.0,0.0,8.89,2.34,0.0
20230612:0210,0.0,0.0,0.0,8.4,2.21,0.0
20230612:0310,0.0,5.0,6.25,8.16,2.07,0.0
20230612:0410,6.32,17.12,15.23,8.51,2.14,0.0
20230612:0510,18.79,34.24,24.77,9.12,2.83,0.0
20230612:0610,53.55,75.7,34.54,9.83,3.1,0.0
20230612:0710,93.87,120.76,44.15,9.9,2.83,0.0
20230612:0810,108.42,136.98,53.04,10.45,3.17,0.0
20230612:0910,0.0,0.0,0.0,10.81,3.31,0.0
20230612:1010,136.83,168.52,63.76,11.24,3.52,0.0
20230612:1110,99.81,127.97,62.33,11.38,3.45,0.0
20230612:1210,72.21,97.33,56.54,11.5,3.52,0.0
20230612:1310,112.02,141.48,48.28,11.52,3.52,0.0
20230612:1410,66.6,91.02,38.89,11.42,3.1,0.0
20230612:1510,66.56,91.02,29.14,11.46,2.83,0.0
20230612:1610,59.38,82.91,19.45,11.57,2.83,0.0
20230612:1710,29.17,47.53,10.18,11.47,2.34,0.0
20230612:1810,0.0,0.83,1.65,11.34,2.48,0.0
20230612:1910,0.0,0.0,0.0,10.88,2.07,0.0
20230612:2010,0.0,0.0,0.0,10.65,1.79,0.0
20230612:2110,0.0,0.0,0.0,10.56,1.66,0.0
20230612:2210,0.0,0.0,0.0,10.38,1.66,0.0
20230612:2310,0.0,0.0,0.0,10.27,1.79,0.0
20230613:0010,0.0,0.0,0.0,10.24,1.86,0.0
20230613:0110,0.0,0.0,0.0,10.19,2.14,0.0
20230613:0210,0.0,0.0,0.0,10.16,2.07,0.0
20230613:0310,0.0,5.0,6.26,10.09,1.93,0.0
20230613:0410,6.25,17.12,15.24,10.3,2.07,0.0
20230613:0510,28.75,46.86,24.78,10.61,2.34,0.0
20230613:0610,65.09,89.22,34.54,10.98,2.41,0.0
20230613:0710,147.13,180.24,44.17,11.73,3.31,0.0
20230613:0810,293.36,342.0,53.06,12.39,3.52,0.0
20230613:0910,162.28,198.26,60.2,13.59,3.79,0.0
20230613:1010,230.76,275.16,63.81,14.34,3.66,0.0
20230613:1110,153.8,190.15,62.4,14.97,3.45,0.0
20230613:1210,332.48,391.92,56.62,15.42,3.1,0.0
20230613:1310,78.45,106.34,48.35,16.05,3.1,0.0
20230613:1410,38.96,60.38,38.97,16.3,3.03,0.0
20230613:1510,27.94,46.86,29.21,16.26,3.17,0.0
20230613:1610,9.61,22.53,19.53,16.2,3.31,0.0
20230613:1710,4.74,15.01,10.26,15.67,2.21,0.0
20230613:1810,0.0,0.83,1.72,14.82,2.07,0.0
20230613:1910,0.0,0.0,0.0,12.98,1.93,0.0
20230613:2010,0.0,0.0,0.0,12.24,1.59,0.0
20230613:2110,0.0,0.0,0.0,11.52,1.59,0.0
20230613:2210,0.0,0.0,0.0,11.13,1.86,0.0
20230613:2310,0.0,0.0,0.0,10.76,1.93,0.0
20230614:0010,0.0,0.0,0.0,10.46,2.0,0.0
20230614:0110,0.0,0.0,0.0,10.42,1.72,0.0
20230614:0210,0.0,0.0,0.0,9.83,1.79,0.0
20230614:0310,0.0,5.0,6.28,9.96,1.59,0.0
20230614:0410,5.64,16.22,15.25,11.03,1.45,0.0
20230614:0510,25.59,43.26,24.78,12.16,1.93,0.0
20230614:0610,90.72,118.96,34.55,13.22,2.55,0.0
20230614:0710,261.21,309.16,44.17,14.34,3.17,0.0
20230614:0810,250.27,298.02,53.08,14.81,2.97,0.0
20230614:0910,400.09,471.53,60.22,15.77,2.76,0.0
20230614:1010,322.41,384.84,63.86,16.5,2.0,0.0
20230614:1110,490.49,590.18,62.46,17.75,1.66,0.0
20230614:1210,669.61,829.45,56.69,18.61,1.1,0.0
20230614:1310,540.78,665.25,48.42,19.25,0.62,0.0
20230614:1410,318.87,390.19,39.04,19.53,0.55,0.0
20230614:1510,269.6,347.87,29.28,19.54,1.1,0.0
20230614:1610,79.3,137.08,19.6,19.3,1.59,0.0
20230614:1710,29.42,49.2,10.33,18.52,1.38,0.0
20230614:1810,0.0,1.67,1.79,17.42,1.38,0.0
20230614:1910,0.0,0.0,0.0,15.69,1.72,0.0
20230614:2010,0.0,0.0,0.0,14.59,1.59,0.0
20230614:2110,0.0,0.0,0.0,13.67,1.52,0.0
20230614:2210,0.0,0.0,0.0,13.29,1.31,0.0
20230614:2310,0.0,0.0,0.0,12.28,1.52,0.0
20230615:0010,0.0,0.0,0.0,11.52,1.66,0.0
20230615:0110,0.0,0.0,0.0,10.88,1.79,0.0
20230615:0210,0.0,0.0,0.0,10.92,1.59,0.0
20230615:0310,0.0,5.0,6.28,11.01,1.52,0.0
20230615:0410,17.8,33.34,15.25,11.98,1.1,0.0
20230615:0510,62.18,87.41,24.78,14.79,1.1,0.0
20230615:0610,125.73,160.38,34.55,15.99,1.17,0.0
20230615:0710,207.66,253.64,44.17,16.51,1.31,0.0
20230615:0810,466.6,563.15,53.09,17.63,1.03,0.0
20230615:0910,642.69,793.46,60.25,18.35,1.1,0.0
20230615:1010,637.29,789.48,63.9,19.12,1.17,0.0
20230615:1110,642.35,794.95,62.52,19.78,1.45,0.0
20230615:1210,628.12,771.9,56.75,20.22,1.79,0.0
20230615:1310,481.05,582.57,48.49,20.24,1.86,0.0
20230615:1410,413.88,503.17,39.11,20.22,1.59,0.0
20230615:1510,265.17,340.43,29.35,20.21,1.86,0.0
20230615:1610,80.56,111.52,19.67,19.68,1.93,0.0
20230615:1710,34.05,55.04,10.39,18.87,1.52,0.0
20230615:1810,0.0,1.67,1.86,17.95,1.66,0.0
20230615:1910,0.0,0.0,0.0,16.84,1.38,0.0
20230615:2010,0.0,0.0,0.0,15.82,1.59,0.0
20230615:2110,0.0,0.0,0.0,15.2,1.59,0.0
20230615:2210,0.0,0.0,0.0,14.77,1.52,0.0
20230615:2310,0.0,0.0,0.0,14.49,1.52,0.0
20230616:0010,0.0,0.0,0.0,14.23,1.59,0.0
20230616:0110,0.0,0.0,0.0,14.12,1.59,0.0
20230616:0210,0.0,0.0,0.0,13.97,1.52,0.0
20230616:0310,0.0,5.0,6.28,13.93,1.38,0.0
20230616:0410,5.53,16.22,15.25,14.13,1.24,0.0
20230616:0510,14.19,28.84,24.77,14.51,1.17,0.0
20230616:0610,43.71,65.79,34.54,14.82,1.31,0.0
20230616:0710,91.36,120.76,44.17,15.14,1.93,0.0
20230616:0810,110.48,142.39,53.09,15.36,2.21,0.0
20230616:0910,102.48,133.37,60.26,15.4,2.28,0.0
20230616:1010,113.34,145.99,63.94,16.11,2.48,0.0
20230616:1110,92.3,122.56,62.57,16.7,2.21,0.0
20230616:1210,104.05,136.08,56.81,16.84,1.86,0.0
20230616:1310,68.53,95.52,48.55,17.11,1.93,0.0
20230616:1410,48.51,72.09,39.17,17.17,1.93,0.0
20230616:1510,18.68,35.15,29.41,17.09,2.28,0.0
20230616:1610,81.82,111.8,19.73,17.03,2.55,0.0
20230616:1710,7.88,20.01,10.46,16.6,1.86,0.0
20230616:1810,0.0,1.67,1.92,16.09,1.66,0.0
20230616:1910,0.0,0.0,0.0,15.4,1.31,0.0
20230616:2010,0.0,0.0,0.0,15.12,1.24,0.0
20230616:2110,0.0,0.0,0.0,14.84,1.45,0.0
20230616:2210,0.0,0.0,0.0,14.6,1.38,0.0
20230616:2310,0.0,0.0,0.0,14.35,1.45,0.0
20230617:0010,0.0,0.0,0.0,14.25,1.24,0.0
20230617:0110,0.0,0.0,0.0,14.24,1.24,0.0
20230617:0210,0.0,0.0,0.0,14.22,1.03,0.0
20230617:0310,16.34,31.69,6.28,14.21,1.31,0.0
20230617:0410,13.25,27.52,15.24,14.28,1.38,0.0
20230617:0510,19.63,36.05,24.76,14.45,1.52,0.0
20230617:0610,184.69,225.78,34.53,14.65,1.45,0.0
20230617:0710,122.5,155.9,44.16,15.05,1.59,0.0
20230617:0810,133.02,167.62,53.08,14.98,1.72,0.0
20230617:0910,126.46,160.41,60.27,15.57,2.41,0.0
20230617:1010,124.5,158.61,63.97,16.37,2.9,0.0
20230617:1110,94.75,125.26,62.62,16.83,3.03,0.0
20230617:1210,112.95,145.99,56.86,17.1,3.17,0.0
20230617:1310,79.55,108.14,48.6,17.31,3.24,0.0
20230617:1410,28.46,47.76,39.22,17.63,3.24,0.0
20230617:1510,29.93,49.56,29.47,17.41,2.9,0.0
20230617:1610,9.56,22.53,19.78,16.95,2.62,0.0
20230617:1710,3.72,13.34,10.51,16.69,2.28,0.0
20230617:1810,0.0,0.83,1.97,16.23,1.86,0.0
20230617:1910,0.0,0.0,0.0,15.54,1.52,0.0
20230617:2010,0.0,0.0,0.0,15.08,1.79,0.0
20230617:2110,0.0,0.0,0.0,14.8,1.72,0.0
20230617:2210,0.0,0.0,0.0,14.46,1.66,0.0
20230617:2310,0.0,0.0,0.0,14.36,1.59,0.0
20230618:0010,0.0,0.0,0.0,14.3,1.59,0.0
20230618:0110,0.0,0.0,0.0,14.19,1.52,0.0
20230618:0210,0.0,0.0,0.0,13.98,1.66,0.0
20230618:0310,0.0,5.0,6.27,13.9,1.66,0.0
20230618:0410,4.77,15.01,15.22,14.55,1.24,0.0
20230618:0510,14.11,28.84,24.75,15.57,1.24,0.0
20230618:0610,35.2,55.87,34.51,16.27,1.66,0.0
20230618:0710,88.15,118.05,44.15,17.03,1.93,0.0
20230618:0810,190.88,234.53,53.08,16.89,1.86,0.0
20230618:0910,332.35,397.65,60.27,17.0,1.79,0.0
20230618:1010,478.86,574.93,63.99,17.28,1.59,0.0
20230618:1110,394.39,473.33,62.66,17.84,1.66,0.0
20230618:1210,451.28,544.04,56.91,18.08,1.31,0.0
20230618:1310,415.55,501.15,48.66,18.7,1.31,0.0
20230618:1410,347.15,420.7,39.28,18.77,1.1,0.0
20230618:1510,223.9,281.73,29.52,18.79,0.9,0.0
20230618:1610,102.04,141.12,19.84,18.66,0.76,0.0
20230618:1710,37.44,59.21,10.56,18.57,0.55,0.0
20230618:1810,0.0,1.67,2.02,18.19,0.48,0.0
20230618:1910,0.0,0.0,0.0,16.6,0.9,0.0
20230618:2010,0.0,0.0,0.0,16.61,0.76,0.0
20230618:2110,0.0,0.0,0.0,15.9,0.83,0.0
20230618:2210,0.0,0.0,0.0,13.99,1.31,0.0
20230618:2310,0.0,0.0,0.0,12.86,1.59,0.0
20230619:0010,0.0,0.0,0.0,12.35,1.59,0.0
20230619:0110,0.0,0.0,0.0,11.69,1.45,0.0
20230619:0210,0.0,0.0,0.0,11.57,1.45,0.0
20230619:0310,0.0,5.0,6.25,11.9,1.45,0.0
20230619:0410,66.54,91.73,15.2,12.86,1.1,0.0
20230619:0510,174.45,240.67,24.73,14.36,0.83,0.0
20230619:0610,376.97,458.64,34.49,15.71,0.69,0.0
20230619:0710,556.9,680.0,44.13,18.93,1.03,0.0
20230619:0810,684.99,848.12,53.06,20.01,1.52,0.0
20230619:0910,724.43,904.09,60.27,20.46,1.72,0.0
20230619:1010,674.16,837.59,64.0,20.94,1.86,0.0
20230619:1110,433.94,527.23,62.69,21.21,2.21,0.0
20230619:1210,597.36,730.7,56.95,21.46,2.41,0.0
20230619:1310,495.51,600.85,48.7,21.33,2.34,0.0
20230619:1410,292.04,358.53,39.32,21.42,1.52,0.0
20230619:1510,27.88,47.76,29.57,21.27,1.31,0.0
20230619:1610,31.49,52.27,19.88,20.98,1.79,0.0
20230619:1710,27.84,47.53,10.61,20.3,1.66,0.0
20230619:1810,0.0,2.5,2.07,18.95,1.45,0.0
20230619:1910,0.0,0.0,0.0,18.62,0.69,0.0
20230619:2010,0.0,0.0,0.0,18.17,0.21,0.0
20230619:2110,0.0,0.0,0.0,17.56,0.48,0.0
20230619:2210,0.0,0.0,0.0,14.31,1.79,0.0
20230619:2310,0.0,0.0,0.0,13.44,2.07,0.0
20230620:0010,0.0,0.0,0.0,12.85,2.0,0.0
20230620:0110,0.0,0.0,0.0,12.36,2.07,0.0
20230620:0210,0.0,0.0,0.0,11.98,2.07,0.0
20230620:0310,17.16,32.52,6.23,12.12,1.72,0.0
20230620:0410,64.14,89.23,15.18,13.57,1.17,0.0
20230620:0510,167.61,219.47,24.7,16.6,0.83,0.0
20230620:0610,352.34,433.19,34.47,18.31,0.69,0.0
20230620:0710,526.8,652.58,44.1,20.05,0.34,0.0
20230620:0810,663.87,843.65,53.04,21.05,0.41,0.0
20230620:0910,739.81,963.75,60.26,21.76,0.34,0.0
20230620:1010,783.28,1027.75,64.01,22.48,0.62,0.0
20230620:1110,782.72,1014.56,62.71,22.87,1.1,0.0
20230620:1210,737.77,935.27,56.99,22.79,1.59,0.0
20230620:1310,628.77,778.11,48.74,22.67,1.93,0.0
20230620:1410,465.33,572.43,39.37,22.67,1.79,0.0
20230620:1510,268.6,349.83,29.61,22.64,1.45,0.0
20230620:1610,103.32,149.03,19.92,22.5,0.9,0.0
20230620:1710,36.78,59.21,10.65,22.02,0.62,0.0
20230620:1810,0.0,3.34,2.1,20.44,1.1,0.0
20230620:1910,0.0,0.0,0.0,20.85,0.62,0.0
20230620:2010,0.0,0.0,0.0,17.89,1.59,0.0
20230620:2110,0.0,0.0,0.0,16.04,2.34,0.0
20230620:2210,0.0,0.0,0.0,15.29,2.14,0.0
20230620:2310,0.0,0.0,0.0,14.22,2.0,0.0
20230621:0010,0.0,0.0,0.0,13.34,1.86,0.0
20230621:0110,0.0,0.0,0.0,12.78,1.72,0.0
20230621:0210,0.0,0.0,0.0,12.16,1.79,0.0
20230621:0310,14.04,28.35,6.21,11.9,1.59,0.0
20230621:0410,61.92,86.73,15.15,13.65,1.03,0.0
20230621:0510,171.16,235.47,24.67,17.6,0.62,0.0
20230621:0610,357.65,444.49,34.44,20.25,0.69,0.0
20230621:0710,528.28,660.66,44.07,22.08,0.41,0.0
20230621:0810,645.79,823.35,53.02,23.1,0.62,0.0
20230621:0910,730.55,955.87,60.24,23.92,0.55,0.0
20230621:1010,764.75,1009.61,64.01,24.56,0.69,0.0
20230621:1110,763.79,1002.28,62.73,25.0,0.97,0.0
20230621:1210,718.61,924.62,57.02,25.22,1.38,0.0
20230621:1310,607.88,765.28,48.78,25.37,1.59,0.0
20230621:1410,377.24,469.49,39.4,25.24,1.66,0.0
20230621:1510,241.53,312.67,29.65,24.9,1.79,0.0
20230621:1610,101.26,143.42,19.96,24.37,1.66,0.0
20230621:1710,37.89,60.88,10.68,23.44,1.66,0.0
20230621:1810,0.0,2.5,2.14,21.99,2.07,0.0
20230621:1910,0.0,0.0,0.0,20.24,2.48,0.0
20230621:2010,0.0,0.0,0.0,18.85,2.48,0.0
20230621:2110,0.0,0.0,0.0,17.64,2.34,0.0
20230621:2210,0.0,0.0,0.0,16.63,2.21,0.0
20230621:2310,0.0,0.0,0.0,15.59,2.07,0.0
20230622:0010,0.0,0.0,0.0,15.05,1.79,0.0
20230622:0110,0.0,0.0,0.0,14.85,1.59,0.0
20230622:0210,0.0,0.0,0.0,14.82,1.59,0.0
20230622:0310,11.43,25.02,6.17,14.6,1.59,0.0
20230622:0410,55.44,80.06,15.12,16.23,1.17,0.0
20230622:0510,82.24,112.3,24.63,18.62,1.1,0.0
20230622:0610,265.61,328.7,34.4,20.52,1.03,0.0
20230622:0710,445.75,553.83,44.04,23.61,0.9,0.0
20230622:0810,626.63,795.41,52.99,24.53,1.03,0.0
20230622:0910,637.92,812.05,60.22,25.2,1.38,0.0
20230622:1010,742.51,960.31,64.0,25.74,1.59,0.0
20230622:1110,750.4,971.05,62.74,25.99,1.66,0.0
20230622:1210,534.31,672.56,57.04,26.32,1.66,0.0
20230622:1310,444.89,557.78,48.81,26.35,1.31,0.0
20230622:1410,266.8,337.44,39.44,26.11,0.83,0.0
20230622:1510,89.24,123.46,29.68,25.09,1.93,0.0
20230622:1610,87.9,123.39,19.99,24.15,2.0,0.0
20230622:1710,19.86,37.53,10.71,22.87,1.93,0.0
20230622:1810,0.0,0.83,2.16,21.52,2.34,0.0
20230622:1910,0.0,0.0,0.0,21.7,2.41,0.0
20230622:2010,0.0,0.0,0.0,20.52,2.34,0.0
20230622:2110,0.0,0.0,0.0,19.84,2.07,0.0
20230622:2210,0.0,0.0,0.0,18.75,1.93,0.0
20230622:2310,0.0,0.0,0.0,17.85,1.93,0.0
20230623:0010,0.0,0.0,0.0,17.45,2.0,0.0
20230623:0110,0.0,0.0,0.0,16.99,2.0,0.0
20230623:0210,0.0,0.0,0.0,16.48,2.0,0.0
20230623:0310,0.0,4.17,6.14,16.22,2.0,0.0
20230623:0410,51.69,75.89,15.08,17.15,1.59,0.0
20230623:0510,165.48,226.27,24.59,19.82,1.03,0.0
20230623:0610,339.76,426.35,34.36,22.64,0.83,0.0
20230623:0710,508.21,631.57,44.0,25.2,1.79,0.0
20230623:0810,567.74,708.64,52.95,26.24,2.41,0.0
20230623:0910,677.82,856.6,60.19,26.91,2.76,0.0
20230623:1010,668.25,849.91,63.99,27.62,2.62,0.0
20230623:1110,545.66,689.98,62.75,28.41,2.41,0.0
20230623:1210,613.98,781.11,57.06,28.79,2.41,0.0
20230623:1310,572.14,721.91,48.83,28.67,2.41,0.0
20230623:1410,440.2,547.85,39.46,26.81,2.62,0.0
20230623:1510,261.42,340.38,29.71,23.55,1.79,0.0
20230623:1610,98.3,137.49,20.02,22.71,1.38,0.0
20230623:1710,1.41,9.17,10.74,22.71,1.93,0.0
20230623:1810,0.0,0.83,2.19,22.6,1.45,0.0
20230623:1910,0.0,0.0,0.0,19.9,1.31,0.0
20230623:2010,0.0,0.0,0.0,19.11,1.52,0.0
20230623:2110,0.0,0.0,0.0,18.44,1.86,0.0
20230623:2210,0.0,0.0,0.0,18.07,1.93,0.0
20230623:2310,0.0,0.0,0.0,17.55,1.86,0.0
20230624:0010,0.0,0.0,0.0,17.19,1.59,0.0
20230624:0110,0.0,0.0,0.0,17.23,1.79,0.0
20230624:0210,0.0,0.0,0.0,17.63,2.0,0.0
20230624:0310,0.0,4.17,6.1,18.22,1.93,0.0
20230624:0410,56.92,82.56,15.03,18.65,1.66,0.0
20230624:0510,127.52,167.21,24.55,19.68,1.38,0.0
20230624:0610,43.25,66.69,34.31,20.5,2.07,0.0
20230624:0710,101.57,135.18,43.95,20.08,1.66,0.0
20230624:0810,155.6,197.36,52.91,20.31,2.07,0.0
20230624:0910,119.29,155.9,60.16,20.73,2.07,0.0
20230624:1010,107.46,142.39,63.97,20.98,2.14,0.0
20230624:1110,200.1,249.91,62.75,21.74,2.48,0.0
20230624:1210,116.34,153.2,57.07,21.98,2.48,0.0
20230624:1310,97.02,129.77,48.85,20.36,3.03,0.0
20230624:1410,52.4,77.5,39.49,20.1,3.52,0.0
20230624:1510,54.01,79.3,29.73,19.75,3.66,0.0
20230624:1610,68.12,96.12,20.04,19.37,3.17,0.0
20230624:1710,24.14,42.53,10.76,19.0,3.17,0.0
20230624:1810,0.0,1.67,2.2,18.39,3.24,0.0
20230624:1910,0.0,0.0,0.0,18.18,2.41,0.0
20230624:2010,0.0,0.0,0.0,18.06,2.41,0.0
20230624:2110,0.0,0.0,0.0,17.8,2.55,0.0
20230624:2210,0.0,0.0,0.0,17.5,2.69,0.0
20230624:2310,0.0,0.0,0.0,17.02,2.62,0.0
20230625:0010,0.0,0.0,0.0,16.46,2.34,0.0
20230625:0110,0.0,0.0,0.0,16.28,2.14,0.0
20230625:0210,0.0,0.0,0.0,16.08,2.21,0.0
20230625:0310,14.35,29.19,6.05,15.89,2.34,0.0
20230625:0410,4.74,15.01,14.99,15.76,2.34,0.0
20230625:0510,14.09,28.84,24.5,16.04,2.34,0.0
20230625:0610,49.46,73.0,34.26,16.6,2.69,0.0
20230625:0710,279.64,334.0,43.91,16.16,2.14,0.0
20230625:0810,294.6,353.55,52.86,17.64,2.28,0.0
20230625:0910,535.51,645.41,60.12,18.86,2.21,0.0
20230625:1010,718.01,884.5,63.94,19.82,2.34,0.0
20230625:1110,753.7,932.18,62.74,20.87,2.69,0.0
20230625:1210,495.83,598.69,57.08,21.4,3.1,0.0
20230625:1310,624.13,752.31,48.87,21.54,3.66,0.0
20230625:1410,424.35,510.78,39.5,21.63,3.86,0.0
20230625:1510,233.17,293.25,29.75,21.26,3.45,0.0
20230625:1610,103.55,151.76,20.06,20.83,2.9,0.0
20230625:1710,37.88,60.04,10.77,20.29,2.69,0.0
20230625:1810,0.0,2.5,2.21,18.96,2.28,0.0
20230625:1910,0.0,0.0,0.0,18.26,2.21,0.0
20230625:2010,0.0,0.0,0.0,17.06,2.21,0.0
20230625:2110,0.0,0.0,0.0,16.31,2.14,0.0
20230625:2210,0.0,0.0,0.0,15.94,2.07,0.0
20230625:2310,0.0,0.0,0.0,15.49,2.21,0.0
20230626:0010,0.0,0.0,0.0,15.11,2.28,0.0
20230626:0110,0.0,0.0,0.0,14.8,2.21,0.0
20230626:0210,0.0,0.0,0.0,14.26,2.21,0.0
20230626:0310,15.13,30.02,6.0,13.88,2.28,0.0
20230626:0410,49.42,72.55,14.93,15.09,2.14,0.0
20230626:0510,169.16,237.94,24.44,17.15,2.41,0.0
20230626:0610,375.61,456.58,34.21,18.57,2.69,0.0
20230626:0710,561.7,674.39,43.85,19.79,2.83,0.0
20230626:0810,690.3,842.58,52.81,21.06,2.9,0.0
20230626:0910,676.85,831.91,60.07,21.99,2.97,0.0
20230626:1010,703.46,871.25,63.91,22.3,2.83,0.0
20230626:1110,746.66,929.16,62.72,22.42,2.83,0.0
20230626:1210,726.82,899.97,57.08,22.54,2.83,0.0
20230626:1310,605.04,738.54,48.88,22.53,2.83,0.0
20230626:1410,440.26,535.78,39.52,22.41,2.76,0.0
20230626:1510,267.7,343.24,29.76,22.2,2.48,0.0
20230626:1610,104.07,153.65,20.07,21.85,2.07,0.0
20230626:1710,32.32,53.37,10.78,21.17,1.72,0.0
20230626:1810,1.45,9.17,2.22,19.92,2.0,0.0
20230626:1910,0.0,0.0,0.0,18.84,2.34,0.0
20230626:2010,0.0,0.0,0.0,17.67,2.55,0.0
20230626:2110,0.0,0.0,0.0,16.68,2.69,0.0
20230626:2210,0.0,0.0,0.0,15.94,2.76,0.0
20230626:2310,0.0,0.0,0.0,15.86,2.83,0.0
20230627:0010,0.0,0.0,0.0,16.08,2.9,0.0
20230627:0110,0.0,0.0,0.0,16.1,2.97,0.0
20230627:0210,0.0,0.0,0.0,15.95,3.03,0.0
20230627:0310,3.74,13.34,5.94,15.93,3.1,0.0
20230627:0410,13.07,27.52,14.87,16.79,2.97,0.0
20230627:0510,34.05,54.97,24.39,18.8,2.9,0.0
20230627:0610,115.48,151.36,34.15,21.02,3.31,0.0
20230627:0710,166.14,208.43,43.79,19.92,3.24,0.0
20230627:0810,521.48,623.17,52.75,20.69,4.0,0.0
20230627:0910,367.29,440.82,60.02,20.59,3.86,0.0
20230627:1010,464.63,553.78,63.87,19.9,4.14,0.0
20230627:1110,156.06,195.56,62.7,18.87,4.62,0.0
20230627:1210,66.27,92.82,57.07,17.69,5.52,0.0
20230627:1310,102.0,133.37,48.88,17.05,4.34,0.0
20230627:1410,52.29,76.6,39.52,17.66,3.72,0.0
20230627:1510,46.91,70.29,29.77,17.9,3.72,0.0
20230627:1610,33.59,54.07,20.08,17.27,2.83,0.0
20230627:1710,38.51,60.04,10.79,17.08,2.76,0.0
20230627:1810,0.0,0.83,2.21,16.58,2.97,0.0
20230627:1910,0.0,0.0,0.0,15.4,3.31,0.0
20230627:2010,0.0,0.0,0.0,15.07,3.59,0.0
20230627:2110,0.0,0.0,0.0,14.76,3.79,0.0
20230627:2210,0.0,0.0,0.0,14.23,3.79,0.0
20230627:2310,0.0,0.0,0.0,13.79,3.59,0.0
20230628:0010,0.0,0.0,0.0,13.11,3.52,0.0
20230628:0110,0.0,0.0,0.0,12.45,3.52,0.0
20230628:0210,0.0,0.0,0.0,11.98,3.38,0.0
20230628:0310,13.44,27.52,5.88,11.8,3.38,0.0
20230628:0410,45.14,66.72,14.81,12.41,3.59,0.0
20230628:0510,172.76,239.4,24.32,13.46,3.52,0.0
20230628:0610,391.5,463.3,34.09,14.52,4.21,0.0
20230628:0710,501.66,585.02,43.73,15.95,4.07,0.0
20230628:0810,553.9,649.16,52.69,16.93,4.34,0.0
20230628:0910,107.35,139.68,59.96,17.55,4.48,0.0
20230628:1010,272.3,326.02,63.82,17.96,4.55,0.0
20230628:1110,687.91,815.72,62.67,17.94,4.76,0.0
20230628:1210,676.32,804.53,57.06,18.52,4.34,0.0
20230628:1310,594.25,700.75,48.88,18.24,4.34,0.0
20230628:1410,86.49,116.25,39.53,18.05,4.69,0.0
20230628:1510,288.37,360.6,29.78,17.89,4.55,0.0
20230628:1610,105.78,155.23,20.08,17.72,4.07,0.0
20230628:1710,40.69,62.55,10.78,16.81,4.48,0.0
20230628:1810,1.1,8.34,2.21,15.85,4.0,0.0
20230628:1910,0.0,0.0,0.0,14.28,3.72,0.0
20230628:2010,0.0,0.0,0.0,13.85,3.93,0.0
20230628:2110,0.0,0.0,0.0,13.68,4.0,0.0
20230628:2210,0.0,0.0,0.0,13.63,4.07,0.0
20230628:2310,0.0,0.0,0.0,13.72,4.07,0.0
20230629:0010,0.0,0.0,0.0,13.51,4.0,0.0
20230629:0110,0.0,0.0,0.0,13.51,3.93,0.0
20230629:0210,0.0,0.0,0.0,13.53,3.93,0.0
20230629:0310,0.0,4.17,5.81,13.7,4.07,0.0
20230629:0410,4.79,15.01,14.74,13.99,4.48,0.0
20230629:0510,69.65,95.52,24.26,14.6,5.24,0.0
20230629:0610,126.3,159.47,34.02,15.48,5.31,0.0
20230629:0710,179.92,219.38,43.66,16.06,5.45,0.0
20230629:0810,229.22,275.37,52.62,17.01,5.45,0.0
20230629:0910,385.15,452.83,59.9,17.58,5.17,0.0
20230629:1010,620.02,734.88,63.76,18.82,4.9,0.0
20230629:1110,695.26,830.07,62.63,19.49,4.9,0.0
20230629:1210,742.45,888.39,57.04,20.08,4.97,0.0
20230629:1310,576.88,683.91,48.87,20.15,4.83,0.0
20230629:1410,390.11,464.73,39.52,20.12,4.76,0.0
20230629:1510,206.2,256.81,29.77,20.22,4.76,0.0
20230629:1610,105.36,144.59,20.08,19.88,4.41,0.0
20230629:1710,32.06,52.54,10.78,19.06,3.93,0.0
20230629:1810,0.7,7.51,2.19,18.39,3.66,0.0
20230629:1910,0.0,0.0,0.0,17.81,3.45,0.0
20230629:2010,0.0,0.0,0.0,16.92,3.45,0.0
20230629:2110,0.0,0.0,0.0,16.56,3.72,0.0
20230629:2210,0.0,0.0,0.0,16.49,3.93,0.0
20230629:2310,0.0,0.0,0.0,16.43,3.93,0.0
20230630:0010,0.0,0.0,0.0,16.12,3.86,0.0
20230630:0110,0.0,0.0,0.0,15.77,3.72,0.0
20230630:0210,0.0,0.0,0.0,15.42,3.59,0.0
20230630:0310,5.26,15.84,5.74,15.46,3.38,0.0
20230630:0410,53.49,77.56,14.67,16.07,3.17,0.0
20230630:0510,164.7,231.75,24.18,17.69,2.83,0.0
20230630:0610,363.57,442.47,33.95,19.57,3.38,0.0
20230630:0710,545.74,649.73,43.59,20.68,4.34,0.0
20230630:0810,634.87,762.71,52.55,21.67,4.48,0.0
20230630:0910,710.26,865.04,59.83,22.17,4.14,0.0
20230630:1010,771.7,953.65,63.7,22.58,3.66,0.0
20230630:1110,0.0,0.0,0.0,22.97,3.24,0.0
20230630:1210,661.25,814.58,57.02,23.02,2.97,0.0
20230630:1310,151.58,194.65,48.85,23.16,3.17,0.0
20230630:1410,258.08,318.35,39.51,23.26,3.31,0.0
20230630:1510,39.96,63.08,29.77,22.31,2.97,0.0
20230630:1610,106.55,152.21,20.07,21.78,2.41,0.0
20230630:1710,38.97,61.71,10.76,21.33,1.31,0.0
20230630:1810,0.34,6.67,2.17,20.24,1.52,0.0
20230630:1910,0.0,0.0,0.0,18.96,2.34,0.0
20230630:2010,0.0,0.0,0.0,18.18,2.41,0.0
20230630:2110,0.0,0.0,0.0,17.59,2.62,0.0
20230630:2210,0.0,0.0,0.0,17.4,2.62,0.0
20230630:2310,0.0,0.0,0.0,17.07,2.76,0.0
20230701:0010,0.0,0.0,0.0,17.29,2.83,0.0
20230701:0110,0.0,0.0,0.0,17.06,2.9,0.0
20230701:0210,0.0,0.0,0.0,16.97,2.97,0.0
20230701:0310,0.0,4.17,5.66,17.01,2.97,0.0
20230701:0410,22.36,40.03,14.59,17.69,2.76,0.0
20230701:0510,132.63,173.1,24.11,19.0,2.48,0.0
20230701:0610,316.31,388.74,33.87,21.05,2.55,0.0
20230701:0710,473.74,575.01,43.51,22.29,2.62,0.0
20230701:0810,607.19,745.37,52.47,22.93,2.62,0.0
20230701:0910,647.03,801.49,59.75,23.83,2.83,0.0
20230701:1010,370.4,455.58,63.64,24.78,3.03,0.0
20230701:1110,320.86,396.12,62.54,24.87,3.03,0.0
20230701:1210,208.22,263.03,56.98,25.08,2.76,0.0
20230701:1310,196.54,249.72,48.83,25.18,2.28,0.0
20230701:1410,73.39,104.54,39.5,25.08,2.28,0.0
20230701:1510,246.87,314.58,29.75,22.96,2.69,0.0
20230701:1610,103.37,145.05,20.05,22.07,1.03,0.0
20230701:1710,34.84,56.71,10.74,21.68,0.48,0.0
20230701:1810,1.05,8.34,2.15,20.96,1.38,0.0
20230701:1910,0.0,0.0,0.0,19.82,1.79,0.0
20230701:2010,0.0,0.0,0.0,18.58,2.0,0.0
20230701:2110,0.0,0.0,0.0,18.07,2.0,0.0
20230701:2210,0.0,0.0,0.0,17.66,2.21,0.0
20230701:2310,0.0,0.0,0.0,17.49,2.21,0.0
20230702:0010,0.0,0.0,0.0,17.17,2.14,0.0
20230702:0110,0.0,0.0,0.0,16.35,2.14,0.0
20230702:0210,0.0,0.0,0.0,15.85,2.07,0.0
20230702:0310,0.0,4.17,5.58,15.6,1.79,0.0
20230702:0410,20.61,37.53,14.51,15.93,1.45,0.0
20230702:0510,153.66,202.65,24.03,17.73,1.03,0.0
20230702:0610,177.0,222.97,33.79,19.89,0.76,0.0
20230702:0710,478.28,589.84,43.43,21.56,0.83,0.0
20230702:0810,589.33,741.2,52.39,23.14,0.9,0.0
20230702:0910,297.34,370.27,59.67,24.04,1.24,0.0
20230702:1010,329.9,410.68,63.56,24.57,1.38,0.0
20230702:1110,71.18,101.83,62.49,24.66,1.45,0.0
20230702:1210,84.86,117.15,56.95,23.28,3.03,0.0
20230702:1310,205.22,257.15,48.81,22.97,2.48,0.0
20230702:1410,173.65,221.35,39.48,23.39,1.72,0.0
20230702:1510,30.53,51.37,29.73,22.65,2.97,0.0
20230702:1610,10.57,24.33,20.03,20.82,2.83,0.0
20230702:1710,36.59,58.38,10.72,19.79,1.93,0.0
20230702:1810,0.0,0.83,2.12,19.19,2.21,0.0
20230702:1910,0.0,0.0,0.0,18.69,2.14,0.0
20230702:2010,0.0,0.0,0.0,18.2,2.41,0.0
20230702:2110,0.0,0.0,0.0,17.85,2.69,0.0
20230702:2210,0.0,0.0,0.0,17.67,2.69,0.0
20230702:2310,0.0,0.0,0.0,17.47,2.48,0.0
20230703:0010,0.0,0.0,0.0,17.16,2.34,0.0
20230703:0110,0.0,0.0,0.0,16.93,2.34,0.0
20230703:0210,0.0,0.0,0.0,16.57,2.28,0.0
20230703:0310,0.0,4.17,5.49,16.29,2.21,0.0
20230703:0410,29.73,49.2,14.43,16.6,2.0,0.0
20230703:0510,129.25,167.74,23.94,17.32,1.86,0.0
20230703:0610,306.54,372.65,33.71,18.01,1.86,0.0
20230703:0710,490.15,597.34,43.35,19.38,0.97,0.0
20230703:0810,599.06,751.61,52.31,20.57,0.41,0.0
20230703:0910,722.49,940.51,59.58,21.6,0.21,0.0
20230703:1010,762.61,1001.61,63.48,22.36,0.41,0.0
20230703:1110,749.43,981.32,62.42,22.81,0.48,0.0
20230703:1210,707.93,918.47,56.9,23.17,0.48,0.0
20230703:1310,492.92,616.78,48.78,23.42,0.62,0.0
20230703:1410,248.22,311.86,39.46,23.53,0.41,0.0
20230703:1510,272.74,359.17,29.71,23.63,0.0,0.0
20230703:1610,103.53,147.02,20.01,23.52,0.07,0.0
20230703:1710,33.34,55.04,10.69,22.78,0.9,0.0
20230703:1810,0.68,7.51,2.08,21.5,1.86,0.0
20230703:1910,0.0,0.0,0.0,20.18,1.38,0.0
20230703:2010,0.0,0.0,0.0,17.95,2.0,0.0
20230703:2110,0.0,0.0,0.0,16.5,2.07,0.0
20230703:2210,0.0,0.0,0.0,15.4,2.0,0.0
20230703:2310,0.0,0.0,0.0,14.52,1.86,0.0
20230704:0010,0.0,0.0,0.0,14.22,1.79,0.0
20230704:0110,0.0,0.0,0.0,13.85,1.93,0.0
20230704:0210,0.0,0.0,0.0,13.77,2.0,0.0
20230704:0310,0.0,4.17,5.4,13.86,1.93,0.0
20230704:0410,9.07,21.68,14.34,15.15,1.59,0.0
20230704:0510,160.61,218.87,23.85,18.01,1.38,0.0
20230704:0610,294.8,365.09,33.62,20.7,1.1,0.0
20230704:0710,499.43,614.97,43.26,22.78,1.52,0.0
20230704:0810,623.66,786.49,52.21,24.06,1.24,0.0
20230704:0910,712.39,906.93,59.49,24.53,1.72,0.0
20230704:1010,796.68,1001.71,63.39,23.62,2.97,0.0
20230704:1110,112.28,148.69,62.36,22.36,2.62,0.0
20230704:1210,207.49,259.17,56.85,22.11,2.21,0.0
20230704:1310,184.18,232.0,48.74,21.91,1.93,0.0
20230704:1410,77.43,108.14,39.42,22.22,1.66,0.0
20230704:1510,170.52,218.37,29.68,22.58,1.72,0.0
20230704:1610,53.94,80.2,19.98,22.17,1.24,0.0
20230704:1710,37.58,60.04,10.65,21.37,0.69,0.0
20230704:1810,0.68,7.51,2.04,20.54,0.55,0.0
20230704:1910,0.0,0.0,0.0,19.25,1.17,0.0
20230704:2010,0.0,0.0,0.0,18.85,0.9,0.0
20230704:2110,0.0,0.0,0.0,19.15,0.34,0.0
20230704:2210,0.0,0.0,0.0,17.8,1.1,0.0
20230704:2310,0.0,0.0,0.0,16.13,1.93,0.0
20230705:0010,0.0,0.0,0.0,15.61,2.07,0.0
20230705:0110,0.0,0.0,0.0,15.36,1.86,0.0
20230705:0210,0.0,0.0,0.0,14.78,1.72,0.0
20230705:0310,12.6,26.69,5.3,14.86,1.31,0.0
20230705:0410,59.41,85.06,14.25,17.0,0.55,0.0
20230705:0510,158.6,222.76,23.76,18.26,0.55,0.0
20230705:0610,346.85,429.6,33.53,19.7,0.97,0.0
20230705:0710,0.0,0.0,0.0,21.97,1.03,0.0
20230705:0810,635.05,793.02,52.12,23.11,1.59,0.0
20230705:0910,721.75,915.2,59.39,24.07,1.86,0.0
20230705:1010,670.78,846.27,63.3,24.77,2.14,0.0
20230705:1110,215.16,271.85,62.28,25.2,2.34,0.0
20230705:1210,508.49,627.18,56.8,24.9,2.69,0.0
20230705:1310,560.28,690.27,48.7,24.68,2.69,0.0
20230705:1410,371.07,456.83,39.39,24.17,2.28,0.0
20230705:1510,267.03,347.32,29.65,24.5,1.86,0.0
20230705:1610,104.24,149.65,19.94,23.92,1.86,0.0
20230705:1710,28.07,48.37,10.61,23.16,1.72,0.0
20230705:1810,0.02,5.84,1.99,22.14,2.0,0.0
20230705:1910,0.0,0.0,0.0,21.06,1.59,0.0
20230705:2010,0.0,0.0,0.0,19.7,1.79,0.0
20230705:2110,0.0,0.0,0.0,18.4,1.72,0.0
20230705:2210,0.0,0.0,0.0,17.41,1.93,0.0
20230705:2310,0.0,0.0,0.0,16.55,1.86,0.0
20230706:0010,0.0,0.0,0.0,16.02,1.66,0.0
20230706:0110,0.0,0.0,0.0,15.33,1.72,0.0
20230706:0210,0.0,0.0,0.0,14.86,1.72,0.0
20230706:0310,12.63,26.69,5.2,14.53,1.72,0.0
20230706:0410,57.69,82.56,14.15,15.85,1.24,0.0
20230706:0510,157.45,218.08,23.67,19.48,1.17,0.0
20230706:0610,327.61,407.0,33.43,22.0,1.79,0.0
20230706:0710,508.1,615.22,43.07,21.55,2.55,0.0
20230706:0810,538.74,656.11,52.02,22.37,2.69,0.0
20230706:0910,478.8,585.65,59.29,23.11,2.55,0.0
20230706:1010,654.67,815.78,63.2,23.72,2.48,0.0
20230706:1110,645.97,804.95,62.2,24.13,2.55,0.0
20230706:1210,494.25,605.73,56.74,23.76,2.69,0.0
20230706:1310,349.68,428.86,48.65,23.71,2.41,0.0
20230706:1410,301.37,367.13,39.35,22.06,3.24,0.0
20230706:1510,259.54,329.31,29.61,21.93,3.03,0.0
20230706:1610,39.34,62.18,19.9,21.72,2.83,0.0
20230706:1710,10.45,24.18,10.56,21.09,2.34,0.0
20230706:1810,0.03,5.84,1.94,20.23,2.34,0.0
20230706:1910,0.0,0.0,0.0,19.8,3.24,0.0
20230706:2010,0.0,0.0,0.0,19.13,2.97,0.0
20230706:2110,0.0,0.0,0.0,18.45,3.03,0.0
20230706:2210,0.0,0.0,0.0,18.07,3.1,0.0
20230706:2310,0.0,0.0,0.0,17.81,3.17,0.0
20230707:0010,0.0,0.0,0.0,17.64,3.31,0.0
20230707:0110,0.0,0.0,0.0,17.39,3.24,0.0
20230707:0210,0.0,0.0,0.0,17.13,3.03,0.0
20230707:0310,0.0,3.34,5.1,16.86,3.03,0.0
20230707:0410,9.0,21.68,14.05,16.67,2.9,0.0
20230707:0510,22.18,39.65,23.57,16.74,2.83,0.0
20230707:0610,32.18,52.27,33.33,16.97,3.03,0.0
20230707:0710,90.61,120.76,42.97,17.05,2.55,0.0
20230707:0810,123.25,157.71,51.91,17.08,2.83,0.0
20230707:0910,85.04,114.45,59.18,17.56,3.93,0.0
20230707:1010,98.39,129.77,63.09,17.73,3.72,0.0
20230707:1110,88.09,118.05,62.11,17.92,4.34,0.0
20230707:1210,298.42,355.3,56.67,17.99,4.62,0.0
20230707:1310,494.82,582.0,48.6,18.02,4.21,0.0
20230707:1410,417.49,493.91,39.3,18.37,4.07,0.0
20230707:1510,237.97,295.23,29.56,18.89,3.52,0.0
20230707:1610,104.25,143.69,19.85,19.05,2.83,0.0
20230707:1710,10.59,24.18,10.51,18.69,2.14,0.0
20230707:1810,0.04,5.84,1.88,17.92,1.52,0.0
20230707:1910,0.0,0.0,0.0,16.91,1.93,0.0
20230707:2010,0.0,0.0,0.0,16.05,1.72,0.0
20230707:2110,0.0,0.0,0.0,15.82,1.45,0.0
20230707:2210,0.0,0.0,0.0,15.23,1.52,0.0
20230707:2310,0.0,0.0,0.0,14.01,1.86,0.0
20230708:0010,0.0,0.0,0.0,13.29,1.93,0.0
20230708:0110,0.0,0.0,0.0,12.77,2.0,0.0
20230708:0210,0.0,0.0,0.0,12.24,2.07,0.0
20230708:0310,0.07,5.84,4.99,11.83,2.07,0.0
20230708:0410,5.87,16.68,13.94,12.88,1.66,0.0
20230708:0510,161.42,216.61,23.46,16.0,1.31,0.0
20230708:0610,318.03,386.83,33.23,17.49,1.52,0.0
20230708:0710,475.82,571.02,42.86,18.48,1.86,0.0
20230708:0810,618.93,750.92,51.8,19.56,2.28,0.0
20230708:0910,671.0,818.29,59.06,20.46,2.9,0.0
20230708:1010,812.59,1005.05,62.98,21.23,3.38,0.0
20230708:1110,790.5,973.96,62.01,21.86,3.72,0.0
20230708:1210,738.72,903.28,56.59,22.09,3.79,0.0
20230708:1310,617.62,746.85,48.54,22.44,3.86,0.0
20230708:1410,473.92,573.02,39.25,22.26,3.52,0.0
20230708:1510,282.53,361.72,29.51,22.21,2.76,0.0
20230708:1610,104.92,155.07,19.8,21.95,1.72,0.0
20230708:1710,38.3,60.88,10.45,21.19,0.97,0.0
20230708:1810,0.03,5.84,1.81,19.79,1.52,0.0
20230708:1910,0.0,0.0,0.0,18.42,2.0,0.0
20230708:2010,0.0,0.0,0.0,16.85,2.34,0.0
20230708:2110,0.0,0.0,0.0,15.8,2.14,0.0
20230708:2210,0.0,0.0,0.0,15.01,2.21,0.0
20230708:2310,0.0,0.0,0.0,14.52,2.28,0.0
20230709:0010,0.0,0.0,0.0,14.02,2.41,0.0
20230709:0110,0.0,0.0,0.0,13.86,2.55,0.0
20230709:0210,0.0,0.0,0.0,13.7,2.55,0.0
20230709:0310,0.75,7.51,4.88,13.58,2.48,0.0
20230709:0410,43.87,65.88,13.83,14.63,2.14,0.0
20230709:0510,157.19,224.12,23.36,17.83,1.79,0.0
20230709:0610,355.17,438.17,33.12,20.37,2.0,0.0
20230709:0710,545.1,659.51,42.75,22.24,3.24,0.0
20230709:0810,681.35,834.15,51.69,23.33,3.59,0.0
20230709:0910,774.52,958.76,58.94,24.26,4.14,0.0
20230709:1010,818.47,1017.09,62.86,24.77,4.62,0.0
20230709:1110,788.06,974.56,61.91,24.9,4.83,0.0
20230709:1210,702.17,862.53,56.51,24.69,4.41,0.0
20230709:1310,631.18,768.26,48.47,24.97,4.69,0.0
20230709:1410,469.06,570.48,39.19,24.61,4.41,0.0
20230709:1510,276.66,355.57,29.45,23.85,3.45,0.0
20230709:1610,105.22,154.19,19.74,23.37,2.55,0.0
20230709:1710,36.04,58.38,10.39,22.73,1.93,0.0
20230709:1810,0.0,1.67,1.74,21.27,1.66,0.0
20230709:1910,0.0,0.0,0.0,19.46,2.69,0.0
20230709:2010,0.0,0.0,0.0,18.2,2.55,0.0
20230709:2110,0.0,0.0,0.0,17.04,2.34,0.0
20230709:2210,0.0,0.0,0.0,16.06,2.41,0.0
20230709:2310,0.0,0.0,0.0,15.27,2.48,0.0
20230710:0010,0.0,0.0,0.0,14.63,2.41,0.0
20230710:0110,0.0,0.0,0.0,13.97,2.28,0.0
20230710:0210,0.0,0.0,0.0,13.37,2.28,0.0
20230710:0310,0.0,3.34,4.76,12.91,2.28,0.0
20230710:0410,41.22,62.55,13.72,13.82,1.79,0.0
20230710:0510,157.85,226.58,23.24,17.04,1.52,0.0
20230710:0610,362.37,445.65,33.01,19.2,1.72,0.0
20230710:0710,549.84,665.39,42.64,20.81,2.48,0.0
20230710:0810,682.66,832.2,51.57,21.91,3.31,0.0
20230710:0910,769.64,951.05,58.82,22.51,3.45,0.0
20230710:1010,796.48,991.38,62.74,22.91,3.45,0.0
20230710:1110,732.62,902.46,61.8,23.27,3.93,0.0
20230710:1210,688.55,839.07,56.42,23.51,4.55,0.0
20230710:1310,479.99,580.38,48.4,23.38,4.0,0.0
20230710:1410,435.12,529.55,39.12,23.37,3.31,0.0
20230710:1510,207.38,263.34,29.39,23.21,2.62,0.0
20230710:1610,105.55,152.05,19.67,23.13,2.07,0.0
20230710:1710,36.81,59.21,10.32,22.08,1.38,0.0
20230710:1810,0.34,6.67,1.66,20.63,1.52,0.0
20230710:1910,0.0,0.0,0.0,18.89,2.21,0.0
20230710:2010,0.0,0.0,0.0,17.21,2.41,0.0
20230710:2110,0.0,0.0,0.0,16.09,2.28,0.0
20230710:2210,0.0,0.0,0.0,15.34,2.28,0.0
20230710:2310,0.0,0.0,0.0,14.93,2.21,0.0
20230711:0010,0.0,0.0,0.0,14.46,2.28,0.0
20230711:0110,0.0,0.0,0.0,14.19,2.34,0.0
20230711:0210,0.0,0.0,0.0,14.62,2.34,0.0
20230711:0310,0.0,3.34,4.64,15.21,2.34,0.0
20230711:0410,3.73,13.34,13.6,16.31,2.07,0.0
20230711:0510,12.65,27.04,23.13,17.84,2.21,0.0
20230711:0610,113.27,147.77,32.9,19.15,2.76,0.0
20230711:0710,192.24,238.11,42.52,19.29,2.34,0.0
20230711:0810,225.33,275.75,51.45,19.57,3.1,0.0
20230711:0910,116.8,152.3,58.69,20.48,4.21,0.0
20230711:1010,320.63,386.09,62.61,21.46,5.38,0.0
20230711:1110,261.41,317.13,61.68,21.03,5.66,0.0
20230711:1210,155.63,197.36,56.33,21.72,5.17,0.0
20230711:1310,176.62,220.1,48.32,20.61,5.52,0.0
20230711:1410,327.35,391.21,39.05,19.93,4.83,0.0
20230711:1510,244.76,304.61,29.32,19.57,3.59,0.0
20230711:1610,105.88,148.88,19.6,19.43,2.28,0.0
20230711:1710,36.01,57.54,10.24,19.11,1.03,0.0
20230711:1810,0.0,4.17,1.57,18.54,0.76,0.0
20230711:1910,0.0,0.0,0.0,17.39,1.66,0.0
20230711:2010,0.0,0.0,0.0,16.11,2.0,0.0
20230711:2110,0.0,0.0,0.0,15.43,1.93,0.0
20230711:2210,0.0,0.0,0.0,14.69,1.93,0.0
20230711:2310,0.0,0.0,0.0,13.98,1.93,0.0
20230712:0010,0.0,0.0,0.0,13.52,2.07,0.0
20230712:0110,0.0,0.0,0.0,12.82,2.07,0.0
20230712:0210,0.0,0.0,0.0,12.24,2.07,0.0
20230712:0310,0.0,3.34,4.52,11.97,2.07,0.0
20230712:0410,40.07,60.88,13.48,12.6,1.86,0.0
20230712:0510,156.79,221.77,23.01,14.21,1.52,0.0
20230712:0610,358.38,438.09,32.78,17.15,1.24,0.0
20230712:0710,524.92,641.31,42.4,21.12,1.59,0.0
20230712:0810,651.25,812.19,51.32,22.92,1.72,0.0
20230712:0910,737.69,939.49,58.55,24.16,1.79,0.0
20230712:1010,777.98,1009.35,62.47,25.12,1.59,0.0
20230712:1110,748.28,972.7,61.56,25.94,1.45,0.0
20230712:1210,701.09,901.83,56.23,26.67,1.66,0.0
20230712:1310,604.11,762.2,48.23,27.05,2.0,0.0
20230712:1410,117.95,158.61,38.98,27.17,2.55,0.0
20230712:1510,79.16,110.84,29.25,24.09,2.97,0.0
20230712:1610,52.02,78.4,19.52,23.67,0.9,0.0
20230712:1710,21.01,39.2,10.16,23.56,0.9,0.0
20230712:1810,0.0,2.5,1.48,22.8,1.72,0.0
20230712:1910,0.0,0.0,0.0,20.97,1.24,0.0
20230712:2010,0.0,0.0,0.0,20.3,2.28,0.0
20230712:2110,0.0,0.0,0.0,20.11,2.69,0.0
20230712:2210,0.0,0.0,0.0,19.93,2.97,0.0
20230712:2310,0.0,0.0,0.0,19.69,3.03,0.0
20230713:0010,0.0,0.0,0.0,19.33,3.03,0.0
20230713:0110,0.0,0.0,0.0,18.92,2.9,0.0
20230713:0210,0.0,0.0,0.0,18.35,2.76,0.0
20230713:0310,1.08,8.34,4.39,17.9,2.76,0.0
20230713:0410,45.12,68.38,13.36,18.41,2.34,0.0
20230713:0510,149.43,205.11,22.89,20.17,1.93,0.0
20230713:0610,338.41,423.68,32.66,22.62,1.52,0.0
20230713:0710,511.65,633.49,42.28,24.15,1.66,0.0
20230713:0810,565.69,715.51,51.19,24.84,0.9,0.0
20230713:0910,119.94,160.41,58.41,25.57,1.1,0.0
20230713:1010,342.96,428.2,62.32,25.91,1.72,0.0
20230713:1110,167.44,216.28,61.43,25.91,2.21,0.0
20230713:1210,74.03,105.44,56.12,25.34,2.07,0.0
20230713:1310,121.37,160.41,48.14,23.23,1.17,0.0
20230713:1410,35.52,57.68,38.89,22.27,0.62,0.0
20230713:1510,42.3,65.79,29.17,21.46,2.0,0.0
20230713:1610,13.72,28.84,19.44,20.82,2.83,0.0
20230713:1710,17.07,33.36,10.07,20.01,3.31,0.0
20230713:1810,0.0,0.83,1.39,19.39,3.03,0.0
20230713:1910,0.0,0.0,0.0,18.75,2.0,0.0
20230713:2010,0.0,0.0,0.0,18.53,1.72,0.0
20230713:2110,0.0,0.0,0.0,18.53,2.07,0.0
20230713:2210,0.0,0.0,0.0,18.37,2.62,0.0
20230713:2310,0.0,0.0,0.0,18.05,2.97,0.0
20230714:0010,0.0,0.0,0.0,17.78,3.24,0.0
20230714:0110,0.0,0.0,0.0,17.53,3.31,0.0
20230714:0210,0.0,0.0,0.0,17.26,3.66,0.0
20230714:0310,0.0,2.5,4.25,16.86,3.38,0.0
20230714:0410,3.25,12.51,13.23,16.57,3.1,0.0
20230714:0510,66.54,92.82,22.77,16.47,3.38,0.0
20230714:0610,175.3,216.16,32.54,16.84,3.38,0.0
20230714:0710,342.13,406.59,42.15,17.44,2.76,0.0
20230714:0810,517.15,617.12,51.06,18.98,2.97,0.0
20230714:0910,708.13,863.71,58.27,20.42,3.1,0.0
20230714:1010,768.77,949.13,62.18,21.52,3.24,0.0
20230714:1110,663.56,812.06,61.29,22.3,3.45,0.0
20230714:1210,673.82,824.74,56.0,22.63,3.45,0.0
20230714:1310,598.78,728.34,48.05,22.67,3.17,0.0
20230714:1410,464.13,563.89,38.81,22.81,3.1,0.0
20230714:1510,277.64,355.27,29.08,22.69,3.03,0.0
20230714:1610,94.65,150.93,19.36,22.23,2.28,0.0
20230714:1710,30.96,51.7,9.98,21.42,1.72,0.0
20230714:1810,0.0,0.0,0.0,20.16,1.66,0.0
20230714:1910,0.0,0.0,0.0,18.47,1.93,0.0
20230714:2010,0.0,0.0,0.0,17.14,2.14,0.0
20230714:2110,0.0,0.0,0.0,16.04,2.34,0.0
20230714:2210,0.0,0.0,0.0,15.09,2.28,0.0
20230714:2310,0.0,0.0,0.0,14.18,2.21,0.0
20230715:0010,0.0,0.0,0.0,13.51,2.14,0.0
20230715:0110,0.0,0.0,0.0,13.16,1.93,0.0
20230715:0210,0.0,0.0,0.0,12.57,1.93,0.0
20230715:0310,0.07,5.84,4.12,12.38,1.79,0.0
20230715:0410,51.21,74.22,13.1,13.42,1.38,0.0
20230715:0510,152.11,215.05,22.64,17.44,1.03,0.0
20230715:0610,341.67,425.86,32.41,20.63,0.9,0.0
20230715:0710,528.38,648.1,42.02,22.64,1.93,0.0
20230715:0810,650.9,816.91,50.92,23.68,1.59,0.0
20230715:0910,630.4,800.02,58.12,24.35,1.24,0.0
20230715:1010,711.4,923.33,62.02,24.41,0.9,0.0
20230715:1110,659.87,856.61,61.15,24.68,0.55,0.0
20230715:1210,656.14,858.03,55.88,24.96,0.21,0.0
20230715:1310,591.67,760.79,47.94,25.08,0.28,0.0
20230715:1410,449.12,567.09,38.71,25.55,0.62,0.0
20230715:1510,270.8,356.5,28.99,25.23,0.41,0.0
20230715:1610,88.27,149.07,19.26,25.11,0.62,0.0
20230715:1710,28.56,49.2,9.88,24.18,1.38,0.0
20230715:1810,0.0,0.0,0.0,22.83,2.14,0.0
20230715:1910,0.0,0.0,0.0,21.66,2.21,0.0
20230715:2010,0.0,0.0,0.0,19.93,2.41,0.0
20230715:2110,0.0,0.0,0.0,18.53,2.34,0.0
20230715:2210,0.0,0.0,0.0,17.35,2.28,0.0
20230715:2310,0.0,0.0,0.0,16.54,2.21,0.0
20230716:0010,0.0,0.0,0.0,15.96,2.21,0.0
20230716:0110,0.0,0.0,0.0,15.49,2.14,0.0
20230716:0210,0.0,0.0,0.0,15.11,2.21,0.0
20230716:0310,4.76,15.01,3.98,14.86,2.21,0.0
20230716:0410,37.34,58.38,12.96,15.84,1.79,0.0
20230716:0510,150.3,219.86,22.51,18.92,1.45,0.0
20230716:0610,347.64,436.42,32.28,22.27,1.1,0.0
20230716:0710,520.92,649.49,41.89,24.6,1.38,0.0
20230716:0810,649.93,829.7,50.78,26.13,1.38,0.0
20230716:0910,725.29,950.22,57.96,27.16,1.17,0.0
20230716:1010,759.74,1015.88,61.86,27.88,0.9,0.0
20230716:1110,731.83,980.29,61.0,28.3,0.69,0.0
20230716:1210,675.57,892.97,55.76,28.47,0.69,0.0
20230716:1310,580.75,751.73,47.83,28.48,0.76,0.0
20230716:1410,440.58,563.93,38.61,28.5,0.69,0.0
20230716:1510,259.8,346.8,28.89,28.44,0.34,0.0
20230716:1610,84.93,148.86,19.16,28.13,0.28,0.0
20230716:1710,28.08,49.2,9.77,27.32,1.1,0.0
20230716:1810,0.0,0.0,0.0,25.69,2.0,0.0
20230716:1910,0.0,0.0,0.0,23.74,2.07,0.0
20230716:2010,0.0,0.0,0.0,21.92,2.34,0.0
20230716:2110,0.0,0.0,0.0,20.23,2.28,0.0
20230716:2210,0.0,0.0,0.0,19.12,2.14,0.0
20230716:2310,0.0,0.0,0.0,18.28,2.14,0.0
20230717:0010,0.0,0.0,0.0,17.92,2.07,0.0
20230717:0110,0.0,0.0,0.0,17.29,2.21,0.0
20230717:0210,0.0,0.0,0.0,17.07,2.21,0.0
20230717:0310,0.04,5.84,3.83,17.04,2.14,0.0
20230717:0410,41.75,64.21,12.82,17.89,1.79,0.0
20230717:0510,147.07,212.78,22.37,20.85,1.31,0.0
20230717:0610,332.14,421.11,32.14,24.23,0.97,0.0
20230717:0710,498.82,631.02,41.75,26.08,0.76,0.0
20230717:0810,622.12,810.53,50.63,27.23,0.48,0.0
20230717:0910,695.76,927.78,57.8,27.82,0.41,0.0
20230717:1010,739.57,991.99,61.69,28.2,0.69,0.0
20230717:1110,727.27,968.12,60.84,28.42,0.9,0.0
20230717:1210,671.97,882.12,55.62,28.58,0.97,0.0
20230717:1310,584.75,754.75,47.72,28.63,0.97,0.0
20230717:1410,434.52,554.05,38.51,28.42,0.9,0.0
20230717:1510,38.66,63.08,28.79,28.19,0.9,0.0
20230717:1610,64.41,95.34,19.06,27.66,0.76,0.0
20230717:1710,28.13,49.2,9.66,26.76,0.34,0.0
20230717:1810,0.0,0.0,0.0,25.76,0.76,0.0
20230717:1910,0.0,0.0,0.0,23.03,1.86,0.0
20230717:2010,0.0,0.0,0.0,21.87,2.07,0.0
20230717:2110,0.0,0.0,0.0,20.93,2.41,0.0
20230717:2210,0.0,0.0,0.0,20.11,2.83,0.0
20230717:2310,0.0,0.0,0.0,19.54,2.76,0.0
20230718:0010,0.0,0.0,0.0,19.28,2.21,0.0
20230718:0110,0.0,0.0,0.0,18.91,2.28,0.0
20230718:0210,0.0,0.0,0.0,18.67,2.34,0.0
20230718:0310,0.0,2.5,3.69,18.8,2.34,0.0
20230718:0410,2.73,11.68,12.68,19.32,3.03,0.0
20230718:0510,137.58,182.97,22.24,19.83,3.79,0.0
20230718:0610,343.98,421.5,32.01,20.83,3.66,0.0
20230718:0710,504.82,602.58,41.61,22.04,4.97,0.0
20230718:0810,333.53,400.79,50.48,21.78,5.38,0.0
20230718:0910,240.51,294.85,57.64,22.13,5.38,0.0
20230718:1010,711.81,861.78,61.52,22.42,5.17,0.0
20230718:1110,615.35,741.85,60.68,22.97,5.31,0.0
20230718:1210,733.93,889.81,55.48,22.76,4.97,0.0
20230718:1310,622.57,748.79,47.6,22.74,4.69,0.0
20230718:1410,473.34,570.73,38.39,22.74,4.21,0.0
20230718:1510,278.33,354.66,28.68,22.62,3.72,0.0
20230718:1610,88.07,148.08,18.95,22.23,2.83,0.0
20230718:1710,28.98,49.2,9.55,21.5,1.93,0.0
20230718:1810,0.0,0.0,0.0,20.07,1.45,0.0
20230718:1910,0.0,0.0,0.0,18.44,1.45,0.0
20230718:2010,0.0,0.0,0.0,16.95,2.14,0.0
20230718:2110,0.0,0.0,0.0,16.44,2.21,0.0
20230718:2210,0.0,0.0,0.0,15.99,2.14,0.0
20230718:2310,0.0,0.0,0.0,16.16,1.93,0.0
20230719:0010,0.0,0.0,0.0,15.99,1.93,0.0
20230719:0110,0.0,0.0,0.0,15.63,1.86,0.0
20230719:0210,0.0,0.0,0.0,14.84,1.86,0.0
20230719:0310,0.0,2.5,3.53,14.3,1.86,0.0
20230719:0410,2.82,11.68,12.54,14.81,1.45,0.0
20230719:0510,21.96,39.65,22.1,18.41,1.17,0.0
20230719:0610,181.73,229.19,31.87,20.89,1.24,0.0
20230719:0710,511.99,627.08,41.47,21.48,1.45,0.0
20230719:0810,652.17,814.32,50.33,22.94,1.66,0.0
20230719:0910,739.26,938.92,57.47,23.87,1.86,0.0
20230719:1010,777.33,998.57,61.34,24.46,1.86,0.0
20230719:1110,759.16,974.63,60.51,24.71,1.79,0.0
20230719:1210,702.0,893.32,55.34,24.95,1.72,0.0
20230719:1310,358.22,443.53,47.47,24.96,1.79,0.0
20230719:1410,109.76,147.79,38.28,25.09,1.72,0.0
20230719:1510,65.89,95.52,28.57,24.71,1.31,0.0
20230719:1610,8.59,21.63,18.83,23.85,0.83,0.0
20230719:1710,23.61,42.53,9.42,22.96,1.52,0.0
20230719:1810,0.0,0.0,0.0,21.38,2.41,0.0
20230719:1910,0.0,0.0,0.0,19.58,1.31,0.0
20230719:2010,0.0,0.0,0.0,18.62,1.72,0.0
20230719:2110,0.0,0.0,0.0,17.33,1.86,0.0
20230719:2210,0.0,0.0,0.0,16.37,1.86,0.0
20230719:2310,0.0,0.0,0.0,15.85,2.07,0.0
20230720:0010,0.0,0.0,0.0,15.79,2.28,0.0
20230720:0110,0.0,0.0,0.0,15.46,2.41,0.0
20230720:0210,0.0,0.0,0.0,14.96,2.34,0.0
20230720:0310,0.0,1.67,3.38,14.41,2.34,0.0
20230720:0410,46.65,69.22,12.39,14.76,1.93,0.0
20230720:0510,148.64,211.75,21.95,16.59,1.52,0.0
20230720:0610,340.49,421.76,31.73,19.44,0.97,0.0
20230720:0710,119.84,156.8,41.32,20.78,1.45,0.0
20230720:0810,132.5,172.12,50.17,22.32,2.55,0.0
20230720:0910,190.71,237.91,57.3,21.71,4.21,0.0
20230720:1010,432.19,515.48,61.16,20.69,4.69,0.0
20230720:1110,378.46,451.41,60.34,19.96,4.41,0.0
20230720:1210,334.84,401.67,55.18,20.16,3.93,0.0
20230720:1310,541.17,645.93,47.33,20.69,4.0,0.0
20230720:1410,429.84,513.72,38.15,20.91,4.28,0.0
20230720:1510,270.3,340.12,28.45,21.1,4.14,0.0
20230720:1610,99.91,148.31,18.71,20.67,3.31,0.0
20230720:1710,27.9,47.53,9.29,20.0,2.41,0.0
20230720:1810,0.0,0.0,0.0,18.75,1.93,0.0
20230720:1910,0.0,0.0,0.0,17.99,2.0,0.0
20230720:2010,0.0,0.0,0.0,17.07,2.0,0.0
20230720:2110,0.0,0.0,0.0,16.25,2.07,0.0
20230720:2210,0.0,0.0,0.0,15.42,2.14,0.0
20230720:2310,0.0,0.0,0.0,14.85,2.14,0.0
20230721:0010,0.0,0.0,0.0,14.44,2.28,0.0
20230721:0110,0.0,0.0,0.0,14.0,2.34,0.0
20230721:0210,0.0,0.0,0.0,13.53,2.21,0.0
20230721:0310,0.0,1.67,3.22,13.01,2.14,0.0
20230721:0410,41.3,62.55,12.24,13.39,1.59,0.0
20230721:0510,148.17,213.16,21.81,16.22,1.1,0.0
20230721:0610,345.35,424.44,31.58,17.9,1.03,0.0
20230721:0710,524.1,643.76,41.17,19.04,0.48,0.0
20230721:0810,642.66,809.25,50.01,20.49,0.48,0.0
20230721:0910,578.49,727.78,57.12,21.46,0.48,0.0
20230721:1010,398.33,494.59,60.97,22.13,0.41,0.0
20230721:1110,519.72,653.73,60.16,22.77,0.48,0.0
20230721:1210,571.84,725.28,55.03,23.28,0.48,0.0
20230721:1310,555.61,694.67,47.19,23.45,1.03,0.0
20230721:1410,401.9,496.08,38.02,23.48,1.45,0.0
20230721:1510,202.59,258.61,28.32,23.23,1.72,0.0
20230721:1610,89.98,147.45,18.58,21.97,1.38,0.0
20230721:1710,23.94,42.53,9.16,20.32,1.17,0.0
20230721:1810,0.0,0.0,0.0,19.09,1.66,0.0
20230721:1910,0.0,0.0,0.0,19.62,2.21,0.0
20230721:2010,0.0,0.0,0.0,19.0,2.55,0.0
20230721:2110,0.0,0.0,0.0,18.32,2.62,0.0
20230721:2210,0.0,0.0,0.0,17.69,2.21,0.0
20230721:2310,0.0,0.0,0.0,17.11,2.0,0.0
20230722:0010,0.0,0.0,0.0,16.65,2.07,0.0
20230722:0110,0.0,0.0,0.0,16.42,1.72,0.0
20230722:0210,0.0,0.0,0.0,16.33,1.31,0.0
20230722:0310,0.0,1.67,3.06,16.15,1.24,0.0
20230722:0410,2.34,10.84,12.09,16.26,0.55,0.0
20230722:0510,34.28,54.97,21.66,17.11,0.76,0.0
20230722:0610,168.18,210.34,31.43,18.32,1.93,0.0
20230722:0710,398.03,474.37,41.02,20.39,4.14,0.0
20230722:0810,382.99,457.66,49.84,21.18,4.76,0.0
20230722:0910,167.42,210.88,56.94,21.64,4.83,0.0
20230722:1010,273.51,333.39,60.77,22.14,4.76,0.0
20230722:1110,616.91,743.23,59.97,22.13,4.76,0.0
20230722:1210,383.13,460.33,54.86,22.05,4.69,0.0
20230722:1310,145.35,186.54,47.05,22.39,3.86,0.0
20230722:1410,360.65,435.64,37.89,21.61,3.31,0.0
20230722:1510,27.3,46.86,28.19,20.75,3.66,0.0
20230722:1610,99.4,142.1,18.45,20.36,2.62,0.0
20230722:1710,27.95,47.53,9.02,19.67,2.21,0.0
20230722:1810,0.0,0.0,0.0,18.91,2.0,0.0
20230722:1910,0.0,0.0,0.0,18.12,2.14,0.0
20230722:2010,0.0,0.0,0.0,17.19,2.28,0.0
20230722:2110,0.0,0.0,0.0,16.63,2.28,0.0
20230722:2210,0.0,0.0,0.0,16.05,2.41,0.0
20230722:2310,0.0,0.0,0.0,15.87,2.28,0.0
20230723:0010,0.0,0.0,0.0,15.41,2.21,0.0
20230723:0110,0.0,0.0,0.0,14.67,2.28,0.0
20230723:0210,0.0,0.0,0.0,14.11,2.21,0.0
20230723:0310,0.0,1.67,2.9,13.31,2.14,0.0
20230723:0410,48.3,70.89,11.93,13.71,1.66,0.0
20230723:0510,146.9,205.26,21.51,16.7,1.17,0.0
20230723:0610,329.3,405.5,31.28,18.98,1.24,0.0
20230723:0710,519.2,631.04,40.86,20.52,1.72,0.0
20230723:0810,666.03,817.14,49.67,21.07,2.28,0.0
20230723:0910,750.41,937.19,56.75,21.6,2.21,0.0
20230723:1010,770.47,971.09,60.57,22.12,2.14,0.0
20230723:1110,673.33,837.29,59.78,22.6,2.34,0.0
20230723:1210,381.4,464.77,54.69,23.25,3.03,0.0
20230723:1310,566.31,692.23,46.9,23.16,2.76,0.0
20230723:1410,407.18,496.64,37.75,23.03,2.62,0.0
20230723:1510,267.8,343.43,28.05,22.99,2.0,0.0
20230723:1610,85.89,145.65,18.31,22.69,1.1,0.0
20230723:1710,24.36,43.37,8.87,22.03,1.31,0.0
20230723:1810,0.0,0.0,0.0,20.53,2.14,0.0
20230723:1910,0.0,0.0,0.0,19.25,2.9,0.0
20230723:2010,0.0,0.0,0.0,18.46,3.03,0.0
20230723:2110,0.0,0.0,0.0,17.99,3.17,0.0
20230723:2210,0.0,0.0,0.0,17.63,3.24,0.0
20230723:2310,0.0,0.0,0.0,17.63,3.52,0.0
20230724:0010,0.0,0.0,0.0,17.97,4.07,0.0
20230724:0110,0.0,0.0,0.0,18.52,4.48,0.0
20230724:0210,0.0,0.0,0.0,18.77,4.69,0.0
20230724:0310,0.0,2.5,2.73,18.76,4.69,0.0
20230724:0410,37.52,59.21,11.77,18.87,4.62,0.0
20230724:0510,143.83,209.73,21.35,19.93,4.62,0.0
20230724:0610,325.6,399.6,31.13,21.52,4.0,0.0
20230724:0710,499.93,595.41,40.7,22.62,5.93,0.0
20230724:0810,499.92,598.14,49.5,23.54,6.14,0.0
20230724:0910,770.73,937.84,56.56,24.36,6.0,0.0
20230724:1010,819.33,1008.86,60.37,25.09,5.72,0.0
20230724:1110,769.97,948.8,59.58,25.73,5.52,0.0
20230724:1210,721.17,887.03,54.51,26.29,5.31,0.0
20230724:1310,620.48,758.35,46.74,26.4,4.97,0.0
20230724:1410,367.72,451.13,37.6,26.35,4.76,0.0
20230724:1510,48.68,74.8,27.91,25.94,4.0,0.0
20230724:1610,32.96,54.97,18.16,25.1,2.97,0.0
20230724:1710,8.07,20.85,8.72,24.23,2.83,0.0
20230724:1810,0.0,0.0,0.0,22.99,3.24,0.0
20230724:1910,0.0,0.0,0.0,22.6,4.41,0.0
20230724:2010,0.0,0.0,0.0,22.38,4.48,0.0
20230724:2110,0.0,0.0,0.0,22.29,4.34,0.0
20230724:2210,0.0,0.0,0.0,22.51,4.62,0.0
20230724:2310,0.0,0.0,0.0,22.46,5.1,0.0
20230725:0010,0.0,0.0,0.0,22.04,5.03,0.0
20230725:0110,0.0,0.0,0.0,21.2,4.97,0.0
20230725:0210,0.0,0.0,0.0,20.66,4.69,0.0
20230725:0310,0.0,1.67,2.56,20.17,4.41,0.0
20230725:0410,18.88,35.86,11.61,20.57,4.14,0.0
20230725:0510,132.39,180.61,21.2,21.49,3.66,0.0
20230725:0610,210.57,263.61,30.97,22.73,3.24,0.0
20230725:0710,216.28,269.5,40.54,23.85,4.14,0.0
20230725:0810,289.15,354.76,49.32,23.91,3.86,0.0
20230725:0910,572.48,698.43,56.36,24.49,4.14,0.0
20230725:1010,444.11,543.49,60.16,25.14,3.79,0.0
20230725:1110,547.23,675.66,59.37,25.96,3.52,0.0
20230725:1210,570.69,708.88,54.33,26.32,3.03,0.0
20230725:1310,48.48,74.8,46.57,26.46,2.55,0.0
20230725:1410,239.43,302.44,37.45,26.32,1.79,0.0
20230725:1510,107.95,146.65,27.76,25.93,0.97,0.0
20230725:1610,7.35,19.83,18.01,25.59,1.38,0.0
20230725:1710,18.43,35.86,8.56,24.78,2.07,0.0
20230725:1810,0.0,0.0,0.0,23.43,1.72,0.0
20230725:1910,0.0,0.0,0.0,21.36,3.79,0.0
20230725:2010,0.0,0.0,0.0,20.75,3.66,0.0
20230725:2110,0.0,0.0,0.0,20.16,3.38,0.0
20230725:2210,0.0,0.0,0.0,19.45,4.0,0.0
20230725:2310,0.0,0.0,0.0,18.31,4.0,0.0
20230726:0010,0.0,0.0,0.0,17.47,3.17,0.0
20230726:0110,0.0,0.0,0.0,16.87,2.55,0.0
20230726:0210,0.0,0.0,0.0,16.47,2.07,0.0
20230726:0310,0.0,0.83,2.39,16.54,1.72,0.0
20230726:0410,2.34,10.84,11.45,16.65,1.66,0.0
20230726:0510,16.01,31.54,21.04,16.75,2.28,0.0
20230726:0610,65.44,91.92,30.81,17.16,2.28,0.0
20230726:0710,81.61,110.84,40.37,17.67,2.0,0.0
20230726:0810,115.77,150.5,49.15,18.7,2.14,0.0
20230726:0910,134.2,172.12,56.17,19.69,2.48,0.0
20230726:1010,138.32,176.63,59.94,19.32,2.28,0.0
20230726:1110,165.67,208.17,59.16,19.47,2.07,0.0
20230726:1210,136.44,174.83,54.14,19.12,1.24,0.0
20230726:1310,109.06,143.29,46.4,19.11,1.45,0.0
20230726:1410,169.63,212.94,37.29,18.87,0.9,0.0
20230726:1510,39.09,61.28,27.61,18.95,0.97,0.0
20230726:1610,19.87,36.95,17.85,18.56,0.69,0.0
20230726:1710,0.36,6.67,8.4,18.12,1.52,0.0
20230726:1810,0.0,0.0,0.0,17.33,2.28,0.0
20230726:1910,0.0,0.0,0.0,15.4,4.62,0.0
20230726:2010,0.0,0.0,0.0,14.76,4.07,0.0
20230726:2110,0.0,0.0,0.0,14.01,4.21,0.0
20230726:2210,0.0,0.0,0.0,13.38,4.21,0.0
20230726:2310,0.0,0.0,0.0,13.0,4.21,0.0
20230727:0010,0.0,0.0,0.0,12.86,4.55,0.0
20230727:0110,0.0,0.0,0.0,12.78,4.97,0.0
20230727:0210,0.0,0.0,0.0,12.66,5.1,0.0
20230727:0310,0.0,0.83,2.21,12.5,4.97,0.0
20230727:0410,2.41,10.84,11.28,12.63,4.83,0.0
20230727:0510,17.76,33.34,20.88,12.74,5.1,0.0
20230727:0610,62.27,86.51,30.65,13.0,5.86,0.0
20230727:0710,142.68,175.73,40.21,13.12,5.93,0.0
20230727:0810,428.16,490.33,48.96,13.34,5.59,0.0
20230727:0910,211.52,252.68,55.96,14.29,5.31,0.0
20230727:1010,238.08,283.2,59.72,15.08,5.03,0.0
20230727:1110,510.54,594.0,58.95,15.97,4.97,0.0
20230727:1210,236.29,283.27,53.94,16.9,5.24,0.0
20230727:1310,80.47,109.04,46.23,17.46,5.38,0.0
20230727:1410,447.85,523.61,37.13,17.37,5.24,0.0
20230727:1510,103.25,135.07,27.45,17.52,4.83,0.0
20230727:1610,86.16,143.59,17.69,17.47,3.86,0.0
20230727:1710,25.04,43.37,8.23,17.05,2.97,0.0
20230727:1810,0.0,0.0,0.0,16.2,2.55,0.0
20230727:1910,0.0,0.0,0.0,14.99,2.62,0.0
20230727:2010,0.0,0.0,0.0,14.12,2.62,0.0
20230727:2110,0.0,0.0,0.0,13.46,2.55,0.0
20230727:2210,0.0,0.0,0.0,12.8,2.55,0.0
20230727:2310,0.0,0.0,0.0,12.3,2.62,0.0
20230728:0010,0.0,0.0,0.0,12.09,2.62,0.0
20230728:0110,0.0,0.0,0.0,11.79,2.76,0.0
20230728:0210,0.0,0.0,0.0,11.83,2.9,0.0
20230728:0310,0.0,0.83,2.04,12.03,3.1,0.0
20230728:0410,33.07,52.54,11.11,12.94,3.17,0.0
20230728:0510,144.56,206.22,20.71,15.05,3.31,0.0
20230728:0610,322.57,389.06,30.49,17.4,3.38,0.0
20230728:0710,539.63,633.21,40.03,17.95,4.41,0.0
20230728:0810,580.74,683.35,48.78,18.46,4.76,0.0
20230728:0910,511.23,602.45,55.75,19.54,5.66,0.0
20230728:1010,195.11,240.61,59.5,20.34,6.14,0.0
20230728:1110,130.46,167.62,58.72,20.62,6.0,0.0
20230728:1210,158.29,199.16,53.74,20.39,5.38,0.0
20230728:1310,79.33,109.04,46.04,20.27,5.03,0.0
20230728:1410,148.68,187.95,36.96,19.85,4.69,0.0
20230728:1510,20.48,37.85,27.28,19.71,4.28,0.0
20230728:1610,33.19,54.07,17.52,19.71,3.93,0.0
20230728:1710,12.29,26.69,8.06,19.49,3.72,0.0
20230728:1810,0.0,0.0,0.0,19.01,3.66,0.0
20230728:1910,0.0,0.0,0.0,18.35,3.59,0.0
20230728:2010,0.0,0.0,0.0,17.9,3.86,0.0
20230728:2110,0.0,0.0,0.0,17.71,3.93,0.0
20230728:2210,0.0,0.0,0.0,17.62,3.79,0.0
20230728:2310,0.0,0.0,0.0,17.04,3.66,0.0
20230729:0010,0.0,0.0,0.0,16.93,3.66,0.0
20230729:0110,0.0,0.0,0.0,16.54,3.52,0.0
20230729:0210,0.0,0.0,0.0,16.4,3.17,0.0
20230729:0310,0.0,0.83,1.85,15.96,2.9,0.0
20230729:0410,39.4,60.88,10.94,16.03,2.48,0.0
20230729:0510,138.96,191.92,20.55,17.48,2.0,0.0
20230729:0610,270.65,332.5,30.32,19.44,1.86,0.0
20230729:0710,446.62,541.09,39.86,21.25,2.07,0.0
20230729:0810,526.19,641.24,48.59,22.41,2.48,0.0
20230729:0910,613.87,755.32,55.54,23.23,2.83,0.0
20230729:1010,686.93,855.05,59.27,23.75,2.83,0.0
20230729:1110,489.66,600.21,58.5,24.05,2.9,0.0
20230729:1210,235.72,294.35,53.53,24.49,2.97,0.0
20230729:1310,264.77,328.55,45.86,24.66,2.83,0.0
20230729:1410,311.32,384.57,36.78,24.68,2.48,0.0
20230729:1510,217.15,279.1,27.11,24.6,2.07,0.0
20230729:1610,87.96,140.64,17.35,23.99,1.79,0.0
20230729:1710,16.77,33.36,7.88,22.99,1.24,0.0
20230729:1810,0.0,0.0,0.0,21.46,1.1,0.0
20230729:1910,0.0,0.0,0.0,19.52,1.86,0.0
20230729:2010,0.0,0.0,0.0,18.74,1.93,0.0
20230729:2110,0.0,0.0,0.0,18.6,2.48,0.0
20230729:2210,0.0,0.0,0.0,18.67,2.9,0.0
20230729:2310,0.0,0.0,0.0,18.91,3.1,0.0
20230730:0010,0.0,0.0,0.0,18.82,3.45,0.0
20230730:0110,0.0,0.0,0.0,18.58,3.66,0.0
20230730:0210,0.0,0.0,0.0,18.52,3.66,0.0
20230730:0310,0.0,0.83,1.67,18.38,3.45,0.0
20230730:0410,12.94,27.52,10.77,18.61,3.03,0.0
20230730:0510,93.48,126.73,20.38,19.53,2.48,0.0
20230730:0610,131.35,169.76,30.15,21.02,3.03,0.0
20230730:0710,440.28,528.9,39.69,22.09,3.79,0.0
20230730:0810,666.18,811.26,48.4,22.72,3.59,0.0
20230730:0910,602.71,738.24,55.33,23.27,3.17,0.0
20230730:1010,528.9,646.91,59.03,23.71,3.17,0.0
20230730:1110,429.59,526.33,58.26,24.36,2.97,0.0
20230730:1210,93.77,127.97,53.32,23.81,2.62,0.0
20230730:1310,91.02,123.46,45.66,21.57,3.1,0.0
20230730:1410,31.47,52.27,36.6,21.17,2.28,0.0
20230730:1510,31.48,52.27,26.93,21.01,1.72,0.0
20230730:1610,15.03,30.64,17.17,20.52,1.52,0.0
20230730:1710,4.11,14.18,7.69,20.19,1.52,0.0
20230730:1810,0.0,0.0,0.0,19.48,1.72,0.0
20230730:1910,0.0,0.0,0.0,18.89,1.59,0.0
20230730:2010,0.0,0.0,0.0,18.36,1.59,0.0
20230730:2110,0.0,0.0,0.0,18.13,1.59,0.0
20230730:2210,0.0,0.0,0.0,17.75,1.72,0.0
20230730:2310,0.0,0.0,0.0,17.51,1.72,0.0
20230731:0010,0.0,0.0,0.0,17.35,1.72,0.0
20230731:0110,0.0,0.0,0.0,17.17,1.79,0.0
20230731:0210,0.0,0.0,0.0,16.74,1.93,0.0
20230731:0310,0.0,0.83,1.49,16.2,2.07,0.0
20230731:0410,4.73,15.01,10.59,16.07,1.86,0.0
20230731:0510,62.71,88.92,20.21,17.14,1.79,0.0
20230731:0610,352.85,431.5,29.98,18.26,2.0,0.0
20230731:0710,525.25,627.54,39.51,19.64,2.97,0.0
20230731:0810,669.07,816.41,48.2,20.59,2.48,0.0
20230731:0910,624.2,767.72,55.11,21.38,2.14,0.0
20230731:1010,646.87,801.71,58.79,22.07,2.14,0.0
20230731:1110,625.47,772.75,58.02,22.51,2.34,0.0
20230731:1210,592.17,727.49,53.1,22.72,2.48,0.0
20230731:1310,565.26,690.25,45.46,22.84,2.62,0.0
20230731:1410,416.82,504.97,36.41,22.44,3.1,0.0
20230731:1510,229.06,288.76,26.75,21.3,3.1,0.0
20230731:1610,6.99,18.92,16.99,20.77,2.41,0.0
20230731:1710,8.81,21.68,7.5,20.24,1.93,0.0
20230731:1810,0.0,0.0,0.0,19.34,1.79,0.0
20230731:1910,0.0,0.0,0.0,18.95,1.79,0.0
20230731:2010,0.0,0.0,0.0,17.81,1.93,0.0
20230731:2110,0.0,0.0,0.0,16.99,2.07,0.0
20230731:2210,0.0,0.0,0.0,16.51,2.0,0.0
20230731:2310,0.0,0.0,0.0,15.97,1.86,0.0
20230801:0010,0.0,0.0,0.0,15.21,1.93,0.0
20230801:0110,0.0,0.0,0.0,14.61,1.79,0.0
20230801:0210,0.0,0.0,0.0,13.77,1.79,0.0
20230801:0310,0.0,0.0,0.0,13.26,1.59,0.0
20230801:0410,30.89,50.04,10.42,13.36,1.24,0.0
20230801:0510,137.56,194.04,20.04,16.77,1.1,0.0
20230801:0610,314.4,387.22,29.81,19.37,1.45,0.0
20230801:0710,515.67,624.66,39.33,21.12,2.21,0.0
20230801:0810,632.27,773.08,48.0,22.57,2.9,0.0
20230801:0910,636.0,780.22,54.88,23.6,3.45,0.0
20230801:1010,804.92,1007.34,58.54,24.18,3.59,0.0
20230801:1110,766.26,958.35,57.78,24.62,3.45,0.0
20230801:1210,711.02,883.52,52.87,25.18,3.52,0.0
20230801:1310,584.76,719.0,45.26,25.33,3.31,0.0
20230801:1410,418.33,514.01,36.22,25.18,2.97,0.0
20230801:1510,239.67,308.45,26.56,24.84,2.76,0.0
20230801:1610,86.7,133.52,16.8,24.37,2.34,0.0
20230801:1710,19.81,37.53,7.31,23.31,2.07,0.0
20230801:1810,0.0,0.0,0.0,21.8,2.28,0.0
20230801:1910,0.0,0.0,0.0,20.44,1.45,0.0
20230801:2010,0.0,0.0,0.0,19.14,1.38,0.0
20230801:2110,0.0,0.0,0.0,18.14,1.59,0.0
20230801:2210,0.0,0.0,0.0,17.47,1.59,0.0
20230801:2310,0.0,0.0,0.0,17.05,1.66,0.0
20230802:0010,0.0,0.0,0.0,16.82,1.66,0.0
20230802:0110,0.0,0.0,0.0,16.66,1.59,0.0
20230802:0210,0.0,0.0,0.0,16.51,1.66,0.0
20230802:0310,0.0,0.0,0.0,16.43,1.59,0.0
20230802:0410,1.9,10.01,10.24,16.75,1.72,0.0
20230802:0510,9.55,22.53,19.86,17.15,1.66,0.0
20230802:0610,29.18,48.66,29.63,17.32,1.52,0.0
20230802:0710,146.57,184.08,39.14,16.94,2.34,0.0
20230802:0810,580.98,687.44,47.8,17.05,3.03,0.0
20230802:0910,463.62,547.83,54.66,17.48,3.24,0.0
20230802:1010,618.51,740.68,58.3,18.65,3.31,0.0
20230802:1110,779.41,957.69,57.53,20.4,3.17,0.0
20230802:1210,617.49,751.16,52.64,21.48,2.97,0.0
20230802:1310,151.4,193.75,45.04,22.32,3.1,0.0
20230802:1410,254.74,313.35,36.02,22.43,2.9,0.0
20230802:1510,163.32,209.74,26.37,22.48,2.41,0.0
20230802:1610,83.39,134.97,16.6,21.79,1.66,0.0
20230802:1710,21.31,39.2,7.1,21.05,1.79,0.0
20230802:1810,0.0,0.0,0.0,19.84,1.93,0.0
20230802:1910,0.0,0.0,0.0,18.73,2.07,0.0
20230802:2010,0.0,0.0,0.0,17.55,2.34,0.0
20230802:2110,0.0,0.0,0.0,16.61,2.34,0.0
20230802:2210,0.0,0.0,0.0,15.94,2.48,0.0
20230802:2310,0.0,0.0,0.0,15.73,2.62,0.0
20230803:0010,0.0,0.0,0.0,15.55,2.69,0.0
20230803:0110,0.0,0.0,0.0,15.48,2.69,0.0
20230803:0210,0.0,0.0,0.0,15.22,2.55,0.0
20230803:0310,0.0,0.0,0.0,15.08,2.55,0.0
20230803:0410,29.91,49.2,10.05,15.53,2.48,0.0
20230803:0510,137.7,202.77,19.69,17.74,2.28,0.0
20230803:0610,343.68,422.93,29.46,20.23,2.48,0.0
20230803:0710,480.75,577.53,38.96,22.24,3.79,0.0
20230803:0810,670.81,817.88,47.6,23.6,3.93,0.0
20230803:0910,754.6,935.28,54.42,24.65,3.93,0.0
20230803:1010,797.72,1002.02,58.04,25.57,3.79,0.0
20230803:1110,339.57,419.62,57.27,26.42,3.79,0.0
20230803:1210,644.66,800.94,52.4,26.81,3.79,0.0
20230803:1310,281.82,350.71,44.83,27.31,4.41,0.0
20230803:1410,250.7,314.37,35.81,27.21,3.93,0.0
20230803:1510,88.83,123.45,26.17,26.36,3.24,0.0
20230803:1610,34.28,56.77,16.4,25.48,2.07,0.0
20230803:1710,16.66,33.36,6.9,24.29,1.72,0.0
20230803:1810,0.0,0.0,0.0,22.65,0.97,0.0
20230803:1910,0.0,0.0,0.0,20.77,1.03,0.0
20230803:2010,0.0,0.0,0.0,20.29,0.62,0.0
20230803:2110,0.0,0.0,0.0,19.55,1.59,0.0
20230803:2210,0.0,0.0,0.0,19.28,1.86,0.0
20230803:2310,0.0,0.0,0.0,18.68,1.86,0.0
20230804:0010,0.0,0.0,0.0,18.06,1.72,0.0
20230804:0110,0.0,0.0,0.0,17.55,1.59,0.0
20230804:0210,0.0,0.0,0.0,17.25,1.38,0.0
20230804:0310,0.0,0.0,0.0,17.14,1.17,0.0
20230804:0410,6.73,18.35,9.87,17.95,0.62,0.0
20230804:0510,23.22,41.45,19.51,19.27,0.14,0.0
20230804:0610,30.72,51.37,29.28,21.04,0.48,0.0
20230804:0710,52.94,78.4,38.77,20.35,1.24,0.0
20230804:0810,66.14,94.62,47.39,21.82,1.66,0.0
20230804:0910,110.65,147.79,54.19,23.28,1.38,0.0
20230804:1010,303.4,376.53,57.78,23.98,1.52,0.0
20230804:1110,753.32,970.71,57.01,25.19,1.66,0.0
20230804:1210,702.43,897.44,52.16,25.83,1.72,0.0
20230804:1310,594.34,746.54,44.6,25.9,1.72,0.0
20230804:1410,439.22,550.16,35.6,26.42,1.45,0.0
20230804:1510,248.02,326.65,25.96,26.37,1.03,0.0
20230804:1610,75.32,130.28,16.2,26.14,1.24,0.0
20230804:1710,17.18,34.19,6.68,25.12,1.86,0.0
20230804:1810,0.0,0.0,0.0,23.48,2.14,0.0
20230804:1910,0.0,0.0,0.0,23.03,1.38,0.0
20230804:2010,0.0,0.0,0.0,23.3,0.21,0.0
20230804:2110,0.0,0.0,0.0,21.51,1.03,0.0
20230804:2210,0.0,0.0,0.0,19.76,1.45,0.0
20230804:2310,0.0,0.0,0.0,19.01,1.38,0.0
20230805:0010,0.0,0.0,0.0,18.29,1.38,0.0
20230805:0110,0.0,0.0,0.0,17.97,1.31,0.0
20230805:0210,0.0,0.0,0.0,17.56,1.38,0.0
20230805:0310,0.0,0.0,0.0,18.03,0.97,0.0
20230805:0410,31.34,51.7,9.68,18.82,0.62,0.0
20230805:0510,113.33,156.15,19.33,20.36,0.48,0.0
20230805:0610,271.19,339.64,29.1,22.34,1.1,0.0
20230805:0710,74.56,105.44,38.58,23.12,0.28,0.0
20230805:0810,296.56,368.11,47.18,23.91,1.24,0.0
20230805:0910,644.35,802.27,53.95,25.87,3.17,0.0
20230805:1010,667.9,840.46,57.52,27.99,3.59,0.0
20230805:1110,236.7,301.22,56.75,29.38,4.07,0.0
20230805:1210,452.3,561.91,51.91,29.62,4.62,0.0
20230805:1310,391.56,486.88,44.37,29.54,4.28,0.0
20230805:1410,435.59,543.92,35.39,29.47,3.66,0.0
20230805:1510,251.87,332.54,25.75,29.15,3.66,0.0
20230805:1610,74.53,128.97,15.98,28.11,3.79,0.0
20230805:1710,17.06,34.19,6.47,26.63,4.07,0.0
20230805:1810,0.0,0.0,0.0,25.3,4.14,0.0
20230805:1910,0.0,0.0,0.0,24.38,5.31,0.0
20230805:2010,0.0,0.0,0.0,23.76,5.17,0.0
20230805:2110,0.0,0.0,0.0,23.06,4.76,0.0
20230805:2210,0.0,0.0,0.0,22.27,4.34,0.0
20230805:2310,0.0,0.0,0.0,21.42,3.93,0.0
20230806:0010,0.0,0.0,0.0,20.57,3.72,0.0
20230806:0110,0.0,0.0,0.0,19.91,3.52,0.0
20230806:0210,0.0,0.0,0.0,19.18,3.03,0.0
20230806:0310,0.0,0.0,0.0,18.36,2.69,0.0
20230806:0410,32.88,53.37,9.5,18.05,2.62,0.0
20230806:0510,131.59,188.58,19.15,19.6,2.9,0.0
20230806:0610,305.72,376.44,28.91,21.7,3.52,0.0
20230806:0710,517.89,622.9,38.38,23.1,4.28,0.0
20230806:0810,662.27,808.06,46.97,24.47,4.28,0.0
20230806:0910,744.43,924.67,53.71,25.64,4.14,0.0
20230806:1010,694.91,869.57,57.25,26.24,3.52,0.0
20230806:1110,42.73,67.59,56.48,26.31,3.03,0.0
20230806:1210,58.46,86.51,51.66,25.21,3.45,0.0
20230806:1310,67.39,96.43,44.14,23.1,3.24,0.0
20230806:1410,62.94,91.02,35.17,22.74,2.97,0.0
20230806:1510,42.24,65.79,25.54,21.88,2.9,0.0
20230806:1610,17.62,34.24,15.77,21.07,2.62,0.0
20230806:1710,0.34,6.67,6.24,20.22,2.48,0.0
20230806:1810,0.0,0.0,0.0,19.31,2.28,0.0
20230806:1910,0.0,0.0,0.0,17.97,1.24,0.0
20230806:2010,0.0,0.0,0.0,17.97,1.66,0.0
20230806:2110,0.0,0.0,0.0,17.51,2.14,0.0
20230806:2210,0.0,0.0,0.0,16.91,3.03,0.0
20230806:2310,0.0,0.0,0.0,16.17,3.59,0.0
20230807:0010,0.0,0.0,0.0,15.21,4.07,0.0
20230807:0110,0.0,0.0,0.0,14.65,4.28,0.0
20230807:0210,0.0,0.0,0.0,14.35,4.41,0.0
20230807:0310,0.0,0.0,0.0,14.18,4.48,0.0
20230807:0410,1.12,8.34,9.31,14.16,4.34,0.0
20230807:0510,54.75,78.4,18.96,14.34,4.34,0.0
20230807:0610,65.63,91.02,28.73,14.62,4.14,0.0
20230807:0710,95.63,125.26,38.19,15.34,4.41,0.0
20230807:0810,349.7,409.59,46.75,16.02,4.21,0.0
20230807:0910,297.74,353.05,53.46,17.3,4.76,0.0
20230807:1010,481.71,566.57,56.98,18.25,4.83,0.0
20230807:1110,413.58,490.72,56.2,19.3,4.28,0.0
20230807:1210,201.07,246.81,51.4,19.15,4.34,0.0
20230807:1310,275.0,328.79,43.9,18.11,4.07,0.0
20230807:1410,71.24,99.13,34.94,18.86,4.28,0.0
20230807:1510,126.88,162.45,25.32,17.67,3.93,0.0
20230807:1610,71.77,101.72,15.55,17.18,3.24,0.0
20230807:1710,13.68,28.35,6.01,16.77,3.52,0.0
20230807:1810,0.0,0.0,0.0,15.78,3.79,0.0
20230807:1910,0.0,0.0,0.0,14.94,3.59,0.0
20230807:2010,0.0,0.0,0.0,14.49,3.52,0.0
20230807:2110,0.0,0.0,0.0,13.84,3.24,0.0
20230807:2210,0.0,0.0,0.0,13.42,3.31,0.0
20230807:2310,0.0,0.0,0.0,13.46,3.24,0.0
20230808:0010,0.0,0.0,0.0,13.24,3.1,0.0
20230808:0110,0.0,0.0,0.0,13.29,2.97,0.0
20230808:0210,0.0,0.0,0.0,13.31,2.9,0.0
20230808:0310,0.0,0.0,0.0,13.21,2.97,0.0
20230808:0410,1.13,8.34,9.11,13.22,2.97,0.0
20230808:0510,54.84,78.4,18.78,13.72,2.83,0.0
20230808:0610,54.67,78.4,28.54,14.54,3.79,0.0
20230808:0710,343.28,400.51,37.99,15.12,4.07,0.0
20230808:0810,576.55,673.38,46.53,16.03,4.0,0.0
20230808:0910,677.35,802.06,53.21,16.94,3.93,0.0
20230808:1010,321.53,382.32,56.7,17.79,3.79,0.0
20230808:1110,98.95,130.67,55.92,18.15,3.52,0.0
20230808:1210,244.77,296.62,51.13,18.65,3.17,0.0
20230808:1310,293.92,352.72,43.66,18.7,2.9,0.0
20230808:1410,359.15,428.69,34.71,18.93,3.03,0.0
20230808:1510,228.99,286.79,25.09,18.5,2.21,0.0
20230808:1610,79.31,127.38,15.32,17.81,1.93,0.0
20230808:1710,14.3,29.19,5.78,16.36,1.1,0.0
20230808:1810,0.0,0.0,0.0,15.46,1.31,0.0
20230808:1910,0.0,0.0,0.0,14.86,1.79,0.0
20230808:2010,0.0,0.0,0.0,13.84,1.52,0.0
20230808:2110,0.0,0.0,0.0,12.64,1.72,0.0
20230808:2210,0.0,0.0,0.0,11.99,2.07,0.0
20230808:2310,0.0,0.0,0.0,11.87,2.28,0.0
20230809:0010,0.0,0.0,0.0,11.8,2.41,0.0
20230809:0110,0.0,0.0,0.0,11.64,2.48,0.0
20230809:0210,0.0,0.0,0.0,11.49,2.55,0.0
20230809:0310,0.0,0.0,0.0,11.42,2.62,0.0
20230809:0410,30.51,49.2,8.92,11.69,2.48,0.0
20230809:0510,110.11,145.65,18.59,13.43,2.28,0.0
20230809:0610,315.59,378.94,28.35,15.66,2.55,0.0
20230809:0710,523.07,618.04,37.79,17.43,2.97,0.0
20230809:0810,618.08,739.6,46.31,18.93,3.1,0.0
20230809:0910,699.81,848.43,52.96,19.93,3.31,0.0
20230809:1010,722.17,881.98,56.42,20.09,3.1,0.0
20230809:1110,740.89,911.04,55.63,20.72,2.97,0.0
20230809:1210,669.4,821.51,50.86,20.93,2.41,0.0
20230809:1310,553.78,672.78,43.4,20.97,2.14,0.0
20230809:1410,434.03,525.22,34.47,20.99,2.28,0.0
20230809:1510,226.03,286.0,24.86,20.7,2.41,0.0
20230809:1610,78.11,124.42,15.09,20.1,2.0,0.0
20230809:1710,5.13,15.84,5.54,19.12,1.79,0.0
20230809:1810,0.0,0.0,0.0,17.79,1.86,0.0
20230809:1910,0.0,0.0,0.0,16.73,1.31,0.0
20230809:2010,0.0,0.0,0.0,15.11,1.72,0.0
20230809:2110,0.0,0.0,0.0,14.37,1.79,0.0
20230809:2210,0.0,0.0,0.0,13.81,1.79,0.0
20230809:2310,0.0,0.0,0.0,13.33,1.72,0.0
20230810:0010,0.0,0.0,0.0,13.03,1.59,0.0
20230810:0110,0.0,0.0,0.0,13.0,1.38,0.0
20230810:0210,0.0,0.0,0.0,12.56,1.38,0.0
20230810:0310,0.0,0.0,0.0,11.9,1.45,0.0
20230810:0410,27.7,45.87,8.73,11.97,1.17,0.0
20230810:0510,130.53,182.47,18.4,14.72,0.41,0.0
20230810:0610,285.2,350.33,28.16,17.48,0.48,0.0
20230810:0710,453.01,549.43,37.59,18.57,0.69,0.0
20230810:0810,393.76,476.73,46.08,19.57,1.17,0.0
20230810:0910,678.91,846.15,52.71,20.4,1.38,0.0
20230810:1010,779.86,989.79,56.14,20.99,1.52,0.0
20230810:1110,783.07,983.53,55.34,21.34,2.14,0.0
20230810:1210,620.91,769.16,50.59,21.55,1.59,0.0
20230810:1310,226.69,280.44,43.15,20.55,1.17,0.0
20230810:1410,30.98,51.37,34.23,19.71,2.07,0.0
20230810:1510,27.59,46.86,24.62,18.54,2.55,0.0
20230810:1610,55.24,81.01,14.85,17.69,2.28,0.0
20230810:1710,12.45,26.69,5.3,17.12,1.72,0.0
20230810:1810,0.0,0.0,0.0,16.6,1.38,0.0
20230810:1910,0.0,0.0,0.0,15.83,1.66,0.0
20230810:2010,0.0,0.0,0.0,15.48,1.59,0.0
20230810:2110,0.0,0.0,0.0,15.14,1.52,0.0
20230810:2210,0.0,0.0,0.0,15.13,1.45,0.0
20230810:2310,0.0,0.0,0.0,14.88,1.52,0.0
20230811:0010,0.0,0.0,0.0,14.51,1.59,0.0
20230811:0110,0.0,0.0,0.0,14.29,1.66,0.0
20230811:0210,0.0,0.0,0.0,14.07,1.79,0.0
20230811:0310,0.0,0.0,0.0,14.07,1.79,0.0
20230811:0410,19.53,35.86,8.53,14.01,1.72,0.0
20230811:0510,88.43,119.06,18.21,14.65,1.86,0.0
20230811:0610,169.07,208.38,27.97,15.26,2.34,0.0
20230811:0710,310.03,367.04,37.38,16.07,2.55,0.0
20230811:0810,283.04,338.01,45.86,16.99,2.69,0.0
20230811:0910,465.46,552.64,52.45,18.03,2.9,0.0
20230811:1010,740.54,899.77,55.85,19.25,3.31,0.0
20230811:1110,784.89,957.52,55.05,19.69,3.52,0.0
20230811:1210,752.21,909.79,50.31,19.88,3.79,0.0
20230811:1310,639.84,763.76,42.89,20.22,4.07,0.0
20230811:1410,463.72,552.68,33.98,20.2,3.93,0.0
20230811:1510,260.15,328.65,24.38,20.0,3.79,0.0
20230811:1610,75.88,113.45,14.61,19.42,3.1,0.0
20230811:1710,11.79,25.85,5.05,18.22,2.62,0.0
20230811:1810,0.0,0.0,0.0,16.73,2.55,0.0
20230811:1910,0.0,0.0,0.0,16.24,2.41,0.0
20230811:2010,0.0,0.0,0.0,15.63,2.28,0.0
20230811:2110,0.0,0.0,0.0,14.56,2.34,0.0
20230811:2210,0.0,0.0,0.0,13.77,2.34,0.0
20230811:2310,0.0,0.0,0.0,13.42,2.28,0.0
20230812:0010,0.0,0.0,0.0,12.75,2.48,0.0
20230812:0110,0.0,0.0,0.0,12.43,2.48,0.0
20230812:0210,0.0,0.0,0.0,12.05,2.48,0.0
20230812:0310,0.0,0.0,0.0,11.65,2.48,0.0
20230812:0410,27.77,45.87,8.33,11.69,2.34,0.0
20230812:0510,136.62,195.74,18.02,13.8,1.79,0.0
20230812:0610,345.77,420.68,27.77,17.23,1.79,0.0
20230812:0710,535.72,645.25,37.18,19.0,1.86,0.0
20230812:0810,676.37,832.89,45.63,20.2,1.79,0.0
20230812:0910,757.42,951.8,52.18,20.92,1.72,0.0
20230812:1010,792.95,1006.42,55.56,21.53,1.79,0.0
20230812:1110,750.56,948.38,54.75,21.76,1.72,0.0
20230812:1210,680.54,853.6,50.02,21.89,1.45,0.0
20230812:1310,599.41,745.77,42.62,21.95,1.1,0.0
20230812:1410,442.83,545.9,33.73,22.01,0.97,0.0
20230812:1510,264.09,342.52,24.13,21.87,0.83,0.0
20230812:1610,67.89,121.63,14.36,21.54,0.62,0.0
20230812:1710,11.06,25.02,4.8,20.38,1.03,0.0
20230812:1810,0.0,0.0,0.0,18.8,2.0,0.0
20230812:1910,0.0,0.0,0.0,17.19,2.55,0.0
20230812:2010,0.0,0.0,0.0,15.78,2.69,0.0
20230812:2110,0.0,0.0,0.0,14.82,2.55,0.0
20230812:2210,0.0,0.0,0.0,14.14,2.48,0.0
20230812:2310,0.0,0.0,0.0,13.84,2.55,0.0
20230813:0010,0.0,0.0,0.0,13.63,2.62,0.0
20230813:0110,0.0,0.0,0.0,13.49,2.62,0.0
20230813:0210,0.0,0.0,0.0,13.62,2.55,0.0
20230813:0310,0.0,0.0,0.0,13.66,2.55,0.0
20230813:0410,25.46,43.37,8.13,13.85,2.48,0.0
20230813:0510,133.19,193.5,17.82,15.63,2.14,0.0
20230813:0610,339.8,416.3,27.58,18.98,2.0,0.0
20230813:0710,531.36,640.72,36.97,21.04,2.69,0.0
20230813:0810,671.46,822.03,45.39,22.5,3.03,0.0
20230813:0910,756.83,946.15,51.92,23.65,2.9,0.0
20230813:1010,798.1,1013.62,55.26,24.54,2.69,0.0
20230813:1110,781.97,1000.06,54.45,25.22,2.34,0.0
20230813:1210,716.29,911.42,49.73,25.69,2.07,0.0
20230813:1310,603.99,758.72,42.35,26.0,1.86,0.0
20230813:1410,449.61,561.17,33.47,26.09,1.72,0.0
20230813:1510,255.91,337.05,23.88,25.89,1.66,0.0
20230813:1610,65.38,118.91,14.11,25.33,1.24,0.0
20230813:1710,9.72,23.35,4.54,23.88,1.17,0.0
20230813:1810,0.0,0.0,0.0,21.58,1.66,0.0
20230813:1910,0.0,0.0,0.0,19.66,2.28,0.0
20230813:2010,0.0,0.0,0.0,18.07,2.28,0.0
20230813:2110,0.0,0.0,0.0,16.77,2.07,0.0
20230813:2210,0.0,0.0,0.0,15.94,2.0,0.0
20230813:2310,0.0,0.0,0.0,15.37,2.0,0.0
20230814:0010,0.0,0.0,0.0,15.0,2.07,0.0
20230814:0110,0.0,0.0,0.0,14.69,2.07,0.0
20230814:0210,0.0,0.0,0.0,14.37,2.07,0.0
20230814:0310,0.0,0.0,0.0,14.07,2.0,0.0
20230814:0410,24.09,41.7,7.93,14.09,1.79,0.0
20230814:0510,131.59,192.29,17.63,16.53,1.38,0.0
20230814:0610,331.24,411.87,27.38,20.45,0.97,0.0
20230814:0710,514.27,638.39,36.76,23.2,1.03,0.0
20230814:0810,641.65,819.6,45.16,25.11,0.97,0.0
20230814:0910,717.6,943.8,51.65,26.33,0.76,0.0
20230814:1010,749.55,1010.04,54.96,27.11,0.41,0.0
20230814:1110,728.88,989.65,54.14,27.72,0.14,0.0
20230814:1210,672.74,896.66,49.44,28.1,0.28,0.0
20230814:1310,579.99,750.99,42.07,28.21,0.62,0.0
20230814:1410,435.57,553.94,33.21,28.06,0.9,0.0
20230814:1510,251.34,335.27,23.63,27.76,1.24,0.0
20230814:1610,63.01,115.76,13.85,27.03,1.24,0.0
20230814:1710,8.53,21.68,4.28,25.62,1.45,0.0
20230814:1810,0.0,0.0,0.0,23.3,1.66,0.0
20230814:1910,0.0,0.0,0.0,21.34,2.14,0.0
20230814:2010,0.0,0.0,0.0,20.03,2.14,0.0
20230814:2110,0.0,0.0,0.0,18.99,2.21,0.0
20230814:2210,0.0,0.0,0.0,18.1,2.21,0.0
20230814:2310,0.0,0.0,0.0,17.22,2.14,0.0
20230815:0010,0.0,0.0,0.0,16.26,2.14,0.0
20230815:0110,0.0,0.0,0.0,15.46,2.07,0.0
20230815:0210,0.0,0.0,0.0,14.68,2.0,0.0
20230815:0310,0.0,0.0,0.0,13.93,1.93,0.0
20230815:0410,22.82,40.03,7.73,13.66,1.79,0.0
20230815:0510,133.15,194.41,17.43,16.1,1.17,0.0
20230815:0610,333.62,413.57,27.18,20.69,1.45,0.0
20230815:0710,526.2,643.22,36.54,22.86,2.21,0.0
20230815:0810,663.34,820.81,44.92,24.51,2.97,0.0
20230815:0910,752.99,944.76,51.37,25.74,3.45,0.0
20230815:1010,800.72,1012.38,54.66,26.7,3.86,0.0
20230815:1110,784.91,990.48,53.83,27.39,4.14,0.0
20230815:1210,716.76,897.29,49.14,27.84,4.21,0.0
20230815:1310,605.87,750.57,41.79,28.05,4.14,0.0
20230815:1410,395.34,489.64,32.94,27.95,3.93,0.0
20230815:1510,224.59,294.54,23.36,27.43,3.24,0.0
20230815:1610,66.87,113.17,13.59,26.3,2.97,0.0
20230815:1710,7.51,20.01,4.01,24.67,3.03,0.0
20230815:1810,0.0,0.0,0.0,23.31,3.03,0.0
20230815:1910,0.0,0.0,0.0,22.71,2.83,0.0
20230815:2010,0.0,0.0,0.0,21.84,2.69,0.0
20230815:2110,0.0,0.0,0.0,20.76,2.34,0.0
20230815:2210,0.0,0.0,0.0,19.51,2.14,0.0
20230815:2310,0.0,0.0,0.0,18.39,2.0,0.0
20230816:0010,0.0,0.0,0.0,17.59,1.93,0.0
20230816:0110,0.0,0.0,0.0,17.07,1.86,0.0
20230816:0210,0.0,0.0,0.0,16.7,1.66,0.0
20230816:0310,0.0,0.0,0.0,16.31,1.66,0.0
20230816:0410,0.05,5.84,7.53,16.41,1.72,0.0
20230816:0510,84.03,116.5,17.23,18.34,1.38,0.0
20230816:0610,157.48,201.64,26.98,21.68,1.31,0.0
20230816:0710,446.71,548.26,36.33,23.58,1.72,0.0
20230816:0810,614.37,768.38,44.68,24.9,1.86,0.0
20230816:0910,649.55,819.05,51.1,25.74,2.14,0.0
20230816:1010,618.48,775.03,54.35,26.32,2.69,0.0
20230816:1110,222.2,281.9,53.51,26.85,2.55,0.0
20230816:1210,140.62,185.64,48.84,27.17,2.21,0.0
20230816:1310,142.17,187.83,41.51,27.32,1.72,0.0
20230816:1410,89.0,124.36,32.67,26.91,1.1,0.0
20230816:1510,44.73,70.29,23.1,26.38,0.48,0.0
20230816:1610,13.97,29.74,13.32,25.53,0.83,0.0
20230816:1710,5.47,16.68,3.74,24.16,0.97,0.0
20230816:1810,0.0,0.0,0.0,24.3,0.07,0.0
20230816:1910,0.0,0.0,0.0,22.03,0.97,0.0
20230816:2010,0.0,0.0,0.0,20.56,1.45,0.0
20230816:2110,0.0,0.0,0.0,19.59,1.66,0.0
20230816:2210,0.0,0.0,0.0,19.39,1.45,0.0
20230816:2310,0.0,0.0,0.0,19.9,1.1,0.0
20230817:0010,0.0,0.0,0.0,20.18,0.9,0.0
20230817:0110,0.0,0.0,0.0,18.87,1.1,0.0
20230817:0210,0.0,0.0,0.0,17.32,1.72,0.0
20230817:0310,0.0,0.0,0.0,17.22,1.52,0.0
20230817:0410,0.04,5.84,7.32,17.56,1.17,0.0
20230817:0510,86.53,120.58,17.03,18.98,0.62,0.0
20230817:0610,193.05,243.68,26.77,20.97,0.62,0.0
20230817:0710,288.11,356.5,36.11,23.97,1.59,0.0
20230817:0810,593.34,740.5,44.43,25.42,2.07,0.0
20230817:0910,582.16,730.13,50.82,26.32,2.21,0.0
20230817:1010,699.45,892.51,54.04,27.18,2.41,0.0
20230817:1110,736.7,948.6,53.19,27.17,2.14,0.0
20230817:1210,627.9,794.24,48.53,27.02,2.14,0.0
20230817:1310,475.77,590.17,41.22,26.4,2.21,0.0
20230817:1410,228.79,289.79,32.39,26.24,1.45,0.0
20230817:1510,191.09,251.51,22.83,25.32,0.69,0.0
20230817:1610,37.39,60.84,13.05,24.6,0.41,0.0
20230817:1710,2.64,11.68,3.46,24.09,0.62,0.0
20230817:1810,0.0,0.0,0.0,23.16,0.69,0.0
20230817:1910,0.0,0.0,0.0,21.96,2.21,0.0
20230817:2010,0.0,0.0,0.0,21.24,2.21,0.0
20230817:2110,0.0,0.0,0.0,20.5,2.34,0.0
20230817:2210,0.0,0.0,0.0,19.91,2.34,0.0
20230817:2310,0.0,0.0,0.0,19.2,2.14,0.0
20230818:0010,0.0,0.0,0.0,18.46,2.07,0.0
20230818:0110,0.0,0.0,0.0,17.8,2.07,0.0
20230818:0210,0.0,0.0,0.0,17.33,2.07,0.0
20230818:0310,0.0,0.0,0.0,17.05,2.14,0.0
20230818:0410,13.07,27.52,7.12,16.83,2.0,0.0
20230818:0510,112.53,158.05,16.83,18.41,1.59,0.0
20230818:0610,288.2,356.79,26.57,21.24,1.93,0.0
20230818:0710,478.9,582.05,35.89,22.86,2.48,0.0
20230818:0810,577.5,709.86,44.19,24.3,2.76,0.0
20230818:0910,730.54,914.74,50.54,25.35,3.17,0.0
20230818:1010,776.6,979.94,53.73,26.4,3.59,0.0
20230818:1110,770.04,971.06,52.87,27.15,3.86,0.0
20230818:1210,697.94,871.64,48.22,27.37,3.93,0.0
20230818:1310,313.43,389.22,40.92,27.53,3.59,0.0
20230818:1410,397.93,493.26,32.11,27.67,3.45,0.0
20230818:1510,235.12,311.25,22.55,27.36,2.83,0.0
20230818:1610,59.57,105.58,12.78,26.59,2.07,0.0
20230818:1710,3.51,13.34,3.18,25.3,1.86,0.0
20230818:1810,0.0,0.0,0.0,23.65,2.34,0.0
20230818:1910,0.0,0.0,0.0,22.69,2.62,0.0
20230818:2010,0.0,0.0,0.0,21.91,2.76,0.0
20230818:2110,0.0,0.0,0.0,21.33,2.76,0.0
20230818:2210,0.0,0.0,0.0,20.68,2.55,0.0
20230818:2310,0.0,0.0,0.0,19.84,2.34,0.0
20230819:0010,0.0,0.0,0.0,19.02,2.21,0.0
20230819:0110,0.0,0.0,0.0,18.38,2.14,0.0
20230819:0210,0.0,0.0,0.0,17.83,2.14,0.0
20230819:0310,0.0,0.0,0.0,17.34,2.0,0.0
20230819:0410,18.59,35.03,6.91,17.01,1.72,0.0
20230819:0510,117.37,167.17,16.63,18.72,1.38,0.0
20230819:0610,305.76,380.93,26.36,22.33,1.72,0.0
20230819:0710,496.79,610.87,35.67,24.25,2.07,0.0
20230819:0810,633.9,795.71,43.94,25.73,2.07,0.0
20230819:0910,716.21,922.45,50.25,27.12,1.86,0.0
20230819:1010,751.26,981.68,53.41,28.07,1.79,0.0
20230819:1110,745.07,978.53,52.54,28.71,1.66,0.0
20230819:1210,640.68,826.32,47.9,29.11,1.72,0.0
20230819:1310,144.01,191.46,40.62,28.58,1.17,0.0
20230819:1410,414.77,521.9,31.82,27.92,1.66,0.0
20230819:1510,122.57,165.77,22.27,27.0,1.31,0.0
20230819:1610,43.49,69.87,12.5,26.34,0.97,0.0
20230819:1710,0.0,3.34,2.9,25.32,0.83,0.0
20230819:1810,0.0,0.0,0.0,23.55,1.17,0.0
20230819:1910,0.0,0.0,0.0,23.29,1.1,0.0
20230819:2010,0.0,0.0,0.0,22.54,1.03,0.0
20230819:2110,0.0,0.0,0.0,22.23,0.9,0.0
20230819:2210,0.0,0.0,0.0,21.38,1.03,0.0
20230819:2310,0.0,0.0,0.0,20.0,1.31,0.0
20230820:0010,0.0,0.0,0.0,19.11,1.52,0.0
20230820:0110,0.0,0.0,0.0,18.33,1.59,0.0
20230820:0210,0.0,0.0,0.0,17.85,1.52,0.0
20230820:0310,0.0,0.0,0.0,17.58,1.52,0.0
20230820:0410,17.31,33.36,6.7,17.2,1.52,0.0
20230820:0510,116.23,167.67,16.43,19.58,0.83,0.0
20230820:0610,302.75,380.5,26.15,22.76,0.83,0.0
20230820:0710,492.88,611.39,35.45,23.05,0.83,0.0
20230820:0810,621.23,792.04,43.69,24.73,0.76,0.0
20230820:0910,705.42,918.81,49.97,26.11,0.97,0.0
20230820:1010,748.14,984.03,53.09,26.9,1.17,0.0
20230820:1110,683.81,884.04,52.21,27.28,1.52,0.0
20230820:1210,674.71,874.07,47.58,27.43,1.24,0.0
20230820:1310,569.99,731.28,40.32,27.48,0.76,0.0
20230820:1410,416.5,527.3,31.53,27.32,0.83,0.0
20230820:1510,231.55,307.46,21.99,25.97,1.24,0.0
20230820:1610,54.26,103.93,12.22,24.68,1.79,0.0
20230820:1710,0.0,4.17,2.61,23.62,1.38,0.0
20230820:1810,0.0,0.0,0.0,22.67,1.59,0.0
20230820:1910,0.0,0.0,0.0,21.2,2.07,0.0
20230820:2010,0.0,0.0,0.0,20.72,2.14,0.0
20230820:2110,0.0,0.0,0.0,20.32,2.21,0.0
20230820:2210,0.0,0.0,0.0,19.87,2.21,0.0
20230820:2310,0.0,0.0,0.0,19.49,2.28,0.0
20230821:0010,0.0,0.0,0.0,19.39,2.34,0.0
20230821:0110,0.0,0.0,0.0,19.4,2.41,0.0
20230821:0210,0.0,0.0,0.0,19.41,2.41,0.0
20230821:0310,0.0,0.0,0.0,19.33,2.41,0.0
20230821:0410,14.09,29.19,6.49,19.2,2.34,0.0
20230821:0510,109.23,155.5,16.22,20.28,2.0,0.0
20230821:0610,293.57,365.15,25.94,22.62,2.21,0.0
20230821:0710,486.83,594.25,35.22,23.73,2.48,0.0
20230821:0810,629.21,781.57,43.43,24.92,2.48,0.0
20230821:0910,722.43,912.96,49.67,26.2,2.76,0.0
20230821:1010,707.29,898.25,52.77,27.08,2.76,0.0
20230821:1110,644.08,815.42,51.87,27.66,2.62,0.0
20230821:1210,584.14,735.58,47.25,27.92,2.48,0.0
20230821:1310,560.57,700.59,40.01,28.05,2.76,0.0
20230821:1410,427.84,532.11,31.24,27.9,3.1,0.0
20230821:1510,61.46,91.02,21.7,27.12,1.93,0.0
20230821:1610,52.26,99.55,11.93,26.55,1.86,0.0
20230821:1710,0.64,7.51,2.32,25.45,2.28,0.0
20230821:1810,0.0,0.0,0.0,24.08,2.62,0.0
20230821:1910,0.0,0.0,0.0,23.15,2.28,0.0
20230821:2010,0.0,0.0,0.0,22.23,2.21,0.0
20230821:2110,0.0,0.0,0.0,21.23,2.0,0.0
20230821:2210,0.0,0.0,0.0,20.75,2.21,0.0
20230821:2310,0.0,0.0,0.0,20.21,2.21,0.0
20230822:0010,0.0,0.0,0.0,20.01,2.0,0.0
20230822:0110,0.0,0.0,0.0,19.71,1.93,0.0
20230822:0210,0.0,0.0,0.0,19.52,1.72,0.0
20230822:0310,0.0,0.0,0.0,19.19,1.59,0.0
20230822:0410,14.72,30.02,6.28,18.74,1.45,0.0
20230822:0510,112.67,161.74,16.02,19.96,0.76,0.0
20230822:0610,306.94,383.93,25.73,21.61,0.69,0.0
20230822:0710,493.34,611.0,34.99,23.12,0.97,0.0
20230822:0810,636.66,803.71,43.18,24.44,1.31,0.0
20230822:0910,693.73,881.62,49.38,25.29,1.86,0.0
20230822:1010,754.27,962.18,52.44,26.17,2.55,0.0
20230822:1110,742.19,939.21,51.53,26.41,3.03,0.0
20230822:1210,657.94,824.67,46.92,26.43,2.83,0.0
20230822:1310,586.12,728.54,39.7,26.78,2.83,0.0
20230822:1410,424.28,526.74,30.94,26.51,2.41,0.0
20230822:1510,227.48,301.66,21.41,26.35,2.14,0.0
20230822:1610,52.73,96.74,11.64,25.72,1.45,0.0
20230822:1710,0.32,6.67,2.02,24.26,1.38,0.0
20230822:1810,0.0,0.0,0.0,23.34,1.03,0.0
20230822:1910,0.0,0.0,0.0,21.78,1.45,0.0
20230822:2010,0.0,0.0,0.0,20.47,2.07,0.0
20230822:2110,0.0,0.0,0.0,19.27,2.0,0.0
20230822:2210,0.0,0.0,0.0,18.26,1.79,0.0
20230822:2310,0.0,0.0,0.0,17.71,1.59,0.0
20230823:0010,0.0,0.0,0.0,17.26,1.52,0.0
20230823:0110,0.0,0.0,0.0,17.2,1.72,0.0
20230823:0210,0.0,0.0,0.0,17.41,1.93,0.0
20230823:0310,0.0,0.0,0.0,17.42,1.31,0.0
20230823:0410,0.0,4.17,6.07,18.01,1.93,0.0
20230823:0510,89.4,125.16,15.81,18.66,2.14,0.0
20230823:0610,243.24,299.01,25.52,19.75,2.76,0.0
20230823:0710,266.55,327.82,34.76,21.26,0.97,0.0
20230823:0810,225.15,281.38,42.92,22.7,1.1,0.0
20230823:0910,615.12,766.2,49.08,22.55,1.52,0.0
20230823:1010,626.11,785.62,52.11,22.29,1.17,0.0
20230823:1110,534.52,668.91,51.19,22.64,0.69,0.0
20230823:1210,88.97,122.56,46.59,23.41,0.76,0.0
20230823:1310,485.54,604.94,39.38,23.82,0.76,0.0
20230823:1410,291.22,361.69,30.64,23.95,1.17,0.0
20230823:1510,125.99,167.55,21.12,23.45,1.59,0.0
20230823:1610,2.69,11.72,11.34,22.56,1.45,0.0
20230823:1710,0.0,5.0,1.72,21.7,0.83,0.0
20230823:1810,0.0,0.0,0.0,21.38,0.34,0.0
20230823:1910,0.0,0.0,0.0,19.81,1.79,0.0
20230823:2010,0.0,0.0,0.0,19.11,1.86,0.0
20230823:2110,0.0,0.0,0.0,18.8,1.72,0.0
20230823:2210,0.0,0.0,0.0,18.38,1.79,0.0
20230823:2310,0.0,0.0,0.0,18.01,1.66,0.0
20230824:0010,0.0,0.0,0.0,17.64,1.52,0.0
20230824:0110,0.0,0.0,0.0,17.25,1.45,0.0
20230824:0210,0.0,0.0,0.0,16.73,1.38,0.0
20230824:0310,0.0,0.0,0.0,16.73,1.24,0.0
20230824:0410,11.9,25.85,5.86,16.37,1.31,0.0
20230824:0510,37.94,59.48,15.6,17.36,1.31,0.0
20230824:0610,51.83,76.6,25.31,18.82,1.17,0.0
20230824:0710,218.1,269.23,34.53,19.44,0.76,0.0
20230824:0810,323.51,394.73,42.66,20.77,1.03,0.0
20230824:0910,579.38,715.35,48.79,21.86,1.59,0.0
20230824:1010,636.9,794.45,51.78,22.8,1.79,0.0
20230824:1110,395.46,486.02,50.84,23.31,1.66,0.0
20230824:1210,580.07,722.23,46.25,23.62,1.59,0.0
20230824:1310,407.79,501.14,39.06,23.7,1.52,0.0
20230824:1410,375.2,461.87,30.33,23.62,1.66,0.0
20230824:1510,211.67,277.02,20.82,23.63,1.86,0.0
20230824:1610,50.66,91.14,11.05,23.03,1.38,0.0
20230824:1710,0.0,1.67,1.42,21.72,1.1,0.0
20230824:1810,0.0,0.0,0.0,20.98,0.97,0.0
20230824:1910,0.0,0.0,0.0,18.75,1.66,0.0
20230824:2010,0.0,0.0,0.0,18.78,1.31,0.0
20230824:2110,0.0,0.0,0.0,17.85,1.45,0.0
20230824:2210,0.0,0.0,0.0,16.91,1.59,0.0
20230824:2310,0.0,0.0,0.0,16.32,1.59,0.0
20230825:0010,0.0,0.0,0.0,15.58,1.72,0.0
20230825:0110,0.0,0.0,0.0,14.63,1.86,0.0
20230825:0210,0.0,0.0,0.0,14.04,1.79,0.0
20230825:0310,0.0,0.0,0.0,13.52,1.72,0.0
20230825:0410,12.12,25.85,5.65,13.22,1.59,0.0
20230825:0510,110.23,155.02,15.39,15.56,0.83,0.0
20230825:0610,306.04,379.15,25.09,19.35,0.48,0.0
20230825:0710,486.64,595.16,34.3,21.0,1.03,0.0
20230825:0810,528.25,655.37,42.4,23.03,1.1,0.0
20230825:0910,711.8,921.16,48.48,24.49,0.9,0.0
20230825:1010,517.04,651.25,51.44,25.67,1.17,0.0
20230825:1110,320.15,400.36,50.49,26.51,1.72,0.0
20230825:1210,343.28,427.91,45.91,26.93,2.07,0.0
20230825:1310,355.13,440.96,38.74,27.04,2.34,0.0
20230825:1410,126.56,168.64,30.02,27.01,2.48,0.0
20230825:1510,41.22,65.79,20.51,26.51,2.28,0.0
20230825:1610,34.89,58.7,10.74,25.77,1.79,0.0
20230825:1710,0.0,0.0,0.0,24.39,1.93,0.0
20230825:1810,0.0,0.0,0.0,22.75,2.28,0.0
20230825:1910,0.0,0.0,0.0,21.31,2.07,0.0
20230825:2010,0.0,0.0,0.0,20.41,2.34,0.0
20230825:2110,0.0,0.0,0.0,20.07,2.41,0.0
20230825:2210,0.0,0.0,0.0,20.0,2.41,0.0
20230825:2310,0.0,0.0,0.0,19.45,2.48,0.0
20230826:0010,0.0,0.0,0.0,19.32,2.62,0.0
20230826:0110,0.0,0.0,0.0,19.37,2.76,0.0
20230826:0210,0.0,0.0,0.0,19.42,2.83,0.0
20230826:0310,0.0,0.0,0.0,19.31,2.83,0.0
20230826:0410,6.16,17.51,5.43,19.21,2.76,0.0
20230826:0510,57.64,84.61,15.18,20.32,2.41,0.0
20230826:0610,311.6,388.44,24.87,22.98,2.0,0.0
20230826:0710,506.5,622.58,34.06,24.47,2.21,0.0
20230826:0810,638.49,798.05,42.13,26.47,2.69,0.0
20230826:0910,721.37,919.79,48.18,27.9,2.76,0.0
20230826:1010,752.26,971.44,51.1,28.89,2.69,0.0
20230826:1110,741.65,959.93,50.14,29.28,2.55,0.0
20230826:1210,671.33,862.7,45.57,29.08,2.14,0.0
20230826:1310,558.81,708.77,38.41,28.97,1.86,0.0
20230826:1410,315.68,399.35,29.7,28.87,1.66,0.0
20230826:1510,90.84,127.92,20.21,28.47,1.72,0.0
20230826:1610,37.97,64.23,10.44,27.68,1.17,0.0
20230826:1710,0.0,0.0,0.0,26.39,1.59,0.0
20230826:1810,0.0,0.0,0.0,24.36,1.24,0.0
20230826:1910,0.0,0.0,0.0,22.45,1.31,0.0
20230826:2010,0.0,0.0,0.0,21.53,1.17,0.0
20230826:2110,0.0,0.0,0.0,20.1,1.79,0.0
20230826:2210,0.0,0.0,0.0,19.4,1.79,0.0
20230826:2310,0.0,0.0,0.0,18.91,1.79,0.0
20230827:0010,0.0,0.0,0.0,18.49,1.59,0.0
20230827:0110,0.0,0.0,0.0,18.37,1.1,0.0
20230827:0210,0.0,0.0,0.0,17.66,1.52,0.0
20230827:0310,0.0,0.0,0.0,17.58,1.79,0.0
20230827:0410,0.0,3.34,5.22,17.33,1.72,0.0
20230827:0510,5.36,16.22,14.97,19.1,1.52,0.0
20230827:0610,79.87,111.15,24.66,22.51,1.72,0.0
20230827:0710,112.07,150.93,33.83,25.26,0.9,0.0
20230827:0810,323.78,407.63,41.86,27.37,1.03,0.0
20230827:0910,657.13,846.66,47.87,28.78,1.86,0.0
20230827:1010,741.93,958.6,50.76,29.8,2.9,0.0
20230827:1110,746.77,961.88,49.78,30.46,3.38,0.0
20230827:1210,672.78,857.93,45.22,30.85,3.45,0.0
20230827:1310,561.66,707.86,38.08,30.93,3.38,0.0
20230827:1410,395.64,499.33,29.39,30.55,2.9,0.0
20230827:1510,198.85,269.69,19.9,30.06,2.28,0.0
20230827:1610,43.68,82.08,10.13,28.89,2.14,0.0
20230827:1710,0.0,0.0,0.0,27.27,2.55,0.0
20230827:1810,0.0,0.0,0.0,25.57,2.69,0.0
20230827:1910,0.0,0.0,0.0,24.53,2.62,0.0
20230827:2010,0.0,0.0,0.0,23.47,2.41,0.0
20230827:2110,0.0,0.0,0.0,22.41,2.41,0.0
20230827:2210,0.0,0.0,0.0,21.67,2.41,0.0
20230827:2310,0.0,0.0,0.0,21.09,2.41,0.0
20230828:0010,0.0,0.0,0.0,20.82,2.55,0.0
20230828:0110,0.0,0.0,0.0,20.75,2.62,0.0
20230828:0210,0.0,0.0,0.0,20.53,2.55,0.0
20230828:0310,0.0,0.0,0.0,20.17,2.48,0.0
20230828:0410,9.96,23.35,5.0,19.74,2.41,0.0
20230828:0510,85.01,121.26,14.76,20.22,1.59,0.0
20230828:0610,311.69,394.17,24.44,24.08,0.76,0.0
20230828:0710,492.95,615.82,33.59,25.8,1.31,0.0
20230828:0810,618.44,793.82,41.59,26.81,0.97,0.0
20230828:0910,647.4,851.03,47.56,27.84,0.55,0.0
20230828:1010,696.64,930.51,50.41,28.85,0.62,0.0
20230828:1110,719.67,959.06,49.42,29.62,1.03,0.0
20230828:1210,586.93,757.32,44.87,30.01,1.52,0.0
20230828:1310,545.49,694.74,37.74,29.97,1.86,0.0
20230828:1410,371.83,473.34,29.06,29.32,1.1,0.0
20230828:1510,204.28,278.08,19.58,28.93,0.9,0.0
20230828:1610,41.89,77.98,9.81,28.24,1.31,0.0
20230828:1710,0.0,0.0,0.0,26.97,2.0,0.0
20230828:1810,0.0,0.0,0.0,25.44,2.0,0.0
20230828:1910,0.0,0.0,0.0,24.48,1.38,0.0
20230828:2010,0.0,0.0,0.0,24.21,1.17,0.0
20230828:2110,0.0,0.0,0.0,22.08,1.79,0.0
20230828:2210,0.0,0.0,0.0,21.31,2.34,0.0
20230828:2310,0.0,0.0,0.0,21.05,2.69,0.0
20230829:0010,0.0,0.0,0.0,20.98,2.9,0.0
20230829:0110,0.0,0.0,0.0,20.64,2.76,0.0
20230829:0210,0.0,0.0,0.0,19.77,2.41,0.0
20230829:0310,0.0,0.0,0.0,18.69,2.14,0.0
20230829:0410,8.93,21.68,4.78,17.88,2.07,0.0
20230829:0510,112.73,163.69,14.54,19.04,1.66,0.0
20230829:0610,319.36,399.45,24.21,23.12,1.52,0.0
20230829:0710,505.07,628.84,33.35,25.77,1.66,0.0
20230829:0810,633.8,806.24,41.32,27.82,1.93,0.0
20230829:0910,719.92,934.43,47.25,29.25,2.14,0.0
20230829:1010,757.69,992.76,50.06,30.18,2.34,0.0
20230829:1110,739.3,966.65,49.06,30.85,2.48,0.0
20230829:1210,671.85,867.14,44.51,31.26,2.69,0.0
20230829:1310,547.32,693.94,37.4,31.3,2.9,0.0
20230829:1410,378.64,478.6,28.74,30.78,2.9,0.0
20230829:1510,8.89,22.53,19.26,29.36,3.1,0.0
20230829:1610,1.28,9.01,9.5,27.18,2.62,0.0
20230829:1710,0.0,0.0,0.0,25.29,2.41,0.0
20230829:1810,0.0,0.0,0.0,23.42,1.93,0.0
20230829:1910,0.0,0.0,0.0,22.39,1.45,0.0
20230829:2010,0.0,0.0,0.0,21.92,1.17,0.0
20230829:2110,0.0,0.0,0.0,21.68,1.1,0.0
20230829:2210,0.0,0.0,0.0,19.45,1.79,0.0
20230829:2310,0.0,0.0,0.0,19.76,2.55,0.0
20230830:0010,0.0,0.0,0.0,20.78,3.45,0.0
20230830:0110,0.0,0.0,0.0,20.88,3.31,0.0
20230830:0210,0.0,0.0,0.0,20.32,2.48,0.0
20230830:0310,0.0,0.0,0.0,19.37,1.38,0.0
20230830:0410,0.0,3.34,4.57,20.14,0.28,0.0
20230830:0510,15.72,31.54,14.33,19.9,0.28,0.0
20230830:0610,67.83,96.43,23.99,20.66,0.14,0.0
20230830:0710,116.88,153.67,33.1,21.19,1.31,0.0
20230830:0810,474.91,583.71,41.05,22.04,1.03,0.0
20230830:0910,687.4,877.97,46.93,22.96,0.9,0.0
20230830:1010,752.21,978.54,49.71,24.0,0.97,0.0
20230830:1110,682.22,877.94,48.7,24.82,1.03,0.0
20230830:1210,506.24,635.15,44.16,25.22,1.03,0.0
20230830:1310,364.35,453.54,37.06,24.84,0.69,0.0
20230830:1410,287.9,357.58,28.41,23.9,1.17,0.0
20230830:1510,47.87,73.0,18.94,22.63,1.1,0.0
20230830:1610,5.26,16.22,9.18,22.32,1.1,0.0
20230830:1710,0.0,0.0,0.0,21.81,0.9,0.0
20230830:1810,0.0,0.0,0.0,20.11,1.79,0.0
20230830:1910,0.0,0.0,0.0,19.33,1.72,0.0
20230830:2010,0.0,0.0,0.0,18.74,1.86,0.0
20230830:2110,0.0,0.0,0.0,17.99,1.45,0.0
20230830:2210,0.0,0.0,0.0,17.37,1.79,0.0
20230830:2310,0.0,0.0,0.0,16.98,2.07,0.0
20230831:0010,0.0,0.0,0.0,16.95,2.21,0.0
20230831:0110,0.0,0.0,0.0,16.91,2.21,0.0
20230831:0210,0.0,0.0,0.0,16.58,2.28,0.0
20230831:0310,0.0,0.0,0.0,16.43,2.34,0.0
20230831:0410,7.35,19.18,4.35,16.28,2.34,0.0
20230831:0510,11.45,25.23,14.11,16.72,2.0,0.0
20230831:0610,313.83,380.87,23.77,17.85,2.14,0.0
20230831:0710,450.36,537.05,32.86,18.76,2.14,0.0
20230831:0810,611.43,737.59,40.77,19.79,2.55,0.0
20230831:0910,529.68,636.73,46.62,20.35,2.83,0.0
20230831:1010,471.73,566.95,49.36,21.13,3.17,0.0
20230831:1110,345.88,416.87,48.33,21.06,3.1,0.0
20230831:1210,150.0,191.05,43.8,21.11,3.24,0.0
20230831:1310,252.42,307.7,36.72,21.31,3.38,0.0
20230831:1410,209.77,257.21,28.08,19.44,3.1,0.0
20230831:1510,57.96,84.05,18.62,19.37,2.21,0.0
20230831:1610,19.33,36.57,8.86,18.9,1.59,0.0
20230831:1710,0.0,0.0,0.0,18.11,1.45,0.0
20230831:1810,0.0,0.0,0.0,17.46,1.17,0.0
20230831:1910,0.0,0.0,0.0,17.02,1.93,0.0
20230831:2010,0.0,0.0,0.0,16.56,1.86,0.0
20230831:2110,0.0,0.0,0.0,16.38,1.72,0.0
20230831:2210,0.0,0.0,0.0,15.94,1.72,0.0
20230831:2310,0.0,0.0,0.0,15.52,1.79,0.0
20230901:0010,0.0,0.0,0.0,15.08,1.86,0.0
20230901:0110,0.0,0.0,0.0,14.4,1.79,0.0
20230901:0210,0.0,0.0,0.0,13.9,1.79,0.0
20230901:0310,0.0,0.0,0.0,13.6,1.72,0.0
20230901:0410,8.04,20.01,4.13,13.32,1.52,0.0
20230901:0510,4.97,15.32,13.89,14.18,1.1,0.0
20230901:0610,332.59,405.28,23.54,16.71,0.83,0.0
20230901:0710,509.14,610.32,32.61,17.85,1.45,0.0
20230901:0810,562.78,680.65,40.49,19.0,1.66,0.0
20230901:0910,693.69,850.0,46.3,20.01,2.34,0.0
20230901:1010,471.75,567.59,49.01,20.61,2.69,0.0
20230901:1110,522.96,630.23,47.96,21.15,3.03,0.0
20230901:1210,154.19,196.13,43.43,21.44,3.17,0.0
20230901:1310,54.31,80.2,36.37,21.3,3.03,0.0
20230901:1410,72.62,101.83,27.74,21.06,2.55,0.0
20230901:1510,120.88,160.46,18.29,20.89,2.28,0.0
20230901:1610,29.69,51.75,8.53,20.32,1.86,0.0
20230901:1710,0.0,0.0,0.0,19.26,1.93,0.0
20230901:1810,0.0,0.0,0.0,18.08,1.86,0.0
20230901:1910,0.0,0.0,0.0,16.79,1.66,0.0
20230901:2010,0.0,0.0,0.0,15.96,1.72,0.0
20230901:2110,0.0,0.0,0.0,15.57,1.72,0.0
20230901:2210,0.0,0.0,0.0,15.44,1.72,0.0
20230901:2310,0.0,0.0,0.0,15.47,1.72,0.0
20230902:0010,0.0,0.0,0.0,15.49,1.72,0.0
20230902:0110,0.0,0.0,0.0,15.18,1.86,0.0
20230902:0210,0.0,0.0,0.0,15.04,2.0,0.0
20230902:0310,0.0,0.0,0.0,14.96,2.0,0.0
20230902:0410,0.0,2.5,3.91,14.49,2.0,0.0
20230902:0510,11.53,25.23,13.68,15.4,1.59,0.0
20230902:0610,44.56,67.59,23.31,17.76,1.17,0.0
20230902:0710,83.98,114.45,32.37,19.42,1.79,0.0
20230902:0810,256.44,312.74,40.21,20.93,2.76,0.0
20230902:0910,420.24,506.07,45.98,22.19,3.45,0.0
20230902:1010,179.93,226.81,48.65,22.57,3.31,0.0
20230902:1110,193.11,241.57,47.59,22.62,4.07,0.0
20230902:1210,595.69,719.79,43.07,21.54,3.24,0.0
20230902:1310,333.92,400.51,36.02,20.26,2.83,0.0
20230902:1410,17.73,34.24,27.41,19.93,2.28,0.0
20230902:1510,65.76,93.38,17.96,19.47,2.07,0.0
20230902:1610,0.97,8.11,8.2,18.85,1.31,0.0
20230902:1710,0.0,0.0,0.0,18.06,1.72,0.0
20230902:1810,0.0,0.0,0.0,17.2,1.72,0.0
20230902:1910,0.0,0.0,0.0,16.57,1.38,0.0
20230902:2010,0.0,0.0,0.0,15.83,1.45,0.0
20230902:2110,0.0,0.0,0.0,15.34,1.66,0.0
20230902:2210,0.0,0.0,0.0,14.95,1.66,0.0
20230902:2310,0.0,0.0,0.0,14.4,1.79,0.0
20230903:0010,0.0,0.0,0.0,14.17,1.79,0.0
20230903:0110,0.0,0.0,0.0,13.96,1.66,0.0
20230903:0210,0.0,0.0,0.0,13.68,1.72,0.0
20230903:0310,0.0,0.0,0.0,13.6,1.45,0.0
20230903:0410,0.0,2.5,3.69,13.58,1.24,0.0
20230903:0510,31.03,50.47,13.46,14.64,0.83,0.0
20230903:0610,63.45,89.22,23.09,15.64,0.9,0.0
20230903:0710,222.33,270.65,32.12,16.95,0.83,0.0
20230903:0810,310.72,373.62,39.93,18.02,1.24,0.0
20230903:0910,175.64,219.31,45.65,18.61,1.24,0.0
20230903:1010,198.09,246.12,48.29,19.28,1.03,0.0
20230903:1110,83.96,114.45,47.21,19.39,1.59,0.0
20230903:1210,54.14,79.3,42.7,18.98,2.28,0.0
20230903:1310,44.45,67.59,35.66,18.4,1.86,0.0
20230903:1410,50.45,74.8,27.07,18.37,1.45,0.0
20230903:1510,43.31,65.79,17.63,16.77,1.72,0.0
20230903:1610,9.6,22.53,7.87,16.08,1.38,0.0
20230903:1710,0.0,0.0,0.0,15.61,1.93,0.0
20230903:1810,0.0,0.0,0.0,14.99,2.34,0.0
20230903:1910,0.0,0.0,0.0,14.39,2.62,0.0
20230903:2010,0.0,0.0,0.0,14.12,2.48,0.0
20230903:2110,0.0,0.0,0.0,13.77,2.55,0.0
20230903:2210,0.0,0.0,0.0,13.52,2.55,0.0
20230903:2310,0.0,0.0,0.0,13.27,2.62,0.0
20230904:0010,0.0,0.0,0.0,13.16,2.69,0.0
20230904:0110,0.0,0.0,0.0,12.88,2.76,0.0
20230904:0210,0.0,0.0,0.0,12.48,2.76,0.0
20230904:0310,0.0,0.0,0.0,12.26,2.69,0.0
20230904:0410,4.34,14.18,3.46,11.98,2.62,0.0
20230904:0510,111.44,157.11,13.24,12.39,2.83,0.0
20230904:0610,343.58,404.82,22.86,13.44,3.59,0.0
20230904:0710,551.01,635.07,31.87,14.1,3.93,0.0
20230904:0810,700.38,823.36,39.64,15.49,3.59,0.0
20230904:0910,606.19,716.16,45.32,16.92,3.38,0.0
20230904:1010,720.85,864.12,47.93,17.66,3.45,0.0
20230904:1110,530.55,627.18,46.84,18.43,3.79,0.0
20230904:1210,708.25,847.86,42.33,18.96,3.79,0.0
20230904:1310,273.48,328.33,35.31,19.34,3.72,0.0
20230904:1410,65.71,92.82,26.72,19.0,3.38,0.0
20230904:1510,64.69,91.64,17.3,18.51,3.31,0.0
20230904:1610,12.01,26.13,7.54,17.94,2.76,0.0
20230904:1710,0.0,0.0,0.0,17.04,2.34,0.0
20230904:1810,0.0,0.0,0.0,16.29,2.07,0.0
20230904:1910,0.0,0.0,0.0,15.52,1.17,0.0
20230904:2010,0.0,0.0,0.0,14.99,0.97,0.0
20230904:2110,0.0,0.0,0.0,14.68,0.9,0.0
20230904:2210,0.0,0.0,0.0,14.42,0.97,0.0
20230904:2310,0.0,0.0,0.0,13.87,1.24,0.0
20230905:0010,0.0,0.0,0.0,12.88,1.52,0.0
20230905:0110,0.0,0.0,0.0,12.1,1.59,0.0
20230905:0210,0.0,0.0,0.0,11.73,1.38,0.0
20230905:0310,0.0,0.0,0.0,12.07,1.1,0.0
20230905:0410,2.41,10.84,3.24,12.41,0.76,0.0
20230905:0510,107.95,152.4,13.01,12.02,0.28,0.0
20230905:0610,342.8,414.79,22.62,13.93,0.14,0.0
20230905:0710,553.12,661.36,31.61,15.66,1.1,0.0
20230905:0810,690.53,840.87,39.35,16.82,1.45,0.0
20230905:0910,783.95,970.78,45.0,18.11,1.86,0.0
20230905:1010,800.83,991.89,47.56,19.17,2.41,0.0
20230905:1110,793.12,976.39,46.46,19.98,2.97,0.0
20230905:1210,724.88,885.63,41.95,20.32,2.83,0.0
20230905:1310,575.53,694.09,34.95,20.53,2.55,0.0
20230905:1410,423.43,511.87,26.38,20.48,2.21,0.0
20230905:1510,206.65,272.63,16.96,20.34,1.72,0.0
20230905:1610,28.96,58.89,7.2,19.48,0.9,0.0
20230905:1710,0.0,0.0,0.0,19.16,0.69,0.0
20230905:1810,0.0,0.0,0.0,18.3,0.76,0.0
20230905:1910,0.0,0.0,0.0,17.57,0.97,0.0
20230905:2010,0.0,0.0,0.0,14.87,1.45,0.0
20230905:2110,0.0,0.0,0.0,12.82,1.93,0.0
20230905:2210,0.0,0.0,0.0,11.88,1.93,0.0
20230905:2310,0.0,0.0,0.0,11.12,1.93,0.0
20230906:0010,0.0,0.0,0.0,10.45,1.93,0.0
20230906:0110,0.0,0.0,0.0,10.21,1.86,0.0
20230906:0210,0.0,0.0,0.0,10.19,1.72,0.0
20230906:0310,0.0,0.0,0.0,9.94,1.79,0.0
20230906:0410,2.02,10.01,3.02,9.44,1.93,0.0
20230906:0510,116.39,164.15,12.79,10.52,1.52,0.0
20230906:0610,345.26,416.78,22.39,14.79,0.76,0.0
20230906:0710,543.45,653.18,31.36,17.45,1.31,0.0
20230906:0810,684.49,835.61,39.07,18.95,1.93,0.0
20230906:0910,774.48,958.75,44.67,19.88,2.34,0.0
20230906:1010,787.48,984.06,47.2,20.47,2.21,0.0
20230906:1110,783.09,983.26,46.08,20.9,2.0,0.0
20230906:1210,702.91,871.07,41.58,21.19,2.0,0.0
20230906:1310,585.47,713.19,34.59,21.26,2.07,0.0
20230906:1410,421.61,511.55,26.03,21.09,2.14,0.0
20230906:1510,203.84,269.62,16.62,20.72,1.93,0.0
20230906:1610,26.47,55.37,6.87,19.92,1.24,0.0
20230906:1710,0.0,0.0,0.0,18.32,1.31,0.0
20230906:1810,0.0,0.0,0.0,16.25,1.66,0.0
20230906:1910,0.0,0.0,0.0,14.72,2.34,0.0
20230906:2010,0.0,0.0,0.0,13.72,2.28,0.0
20230906:2110,0.0,0.0,0.0,12.94,2.14,0.0
20230906:2210,0.0,0.0,0.0,12.56,2.0,0.0
20230906:2310,0.0,0.0,0.0,12.49,1.86,0.0
20230907:0010,0.0,0.0,0.0,12.2,1.79,0.0
20230907:0110,0.0,0.0,0.0,12.53,1.52,0.0
20230907:0210,0.0,0.0,0.0,12.49,1.59,0.0
20230907:0310,0.0,0.0,0.0,12.41,1.72,0.0
20230907:0410,0.76,7.51,2.79,12.51,1.66,0.0
20230907:0510,110.99,158.39,12.57,13.45,1.24,0.0
20230907:0610,334.57,407.02,22.16,16.35,0.69,0.0
20230907:0710,524.56,639.08,31.1,17.81,0.41,0.0
20230907:0810,655.53,815.95,38.77,19.36,0.76,0.0
20230907:0910,745.86,942.74,44.33,20.64,1.24,0.0
20230907:1010,785.12,997.05,46.83,21.54,1.66,0.0
20230907:1110,748.42,937.25,45.69,22.09,2.21,0.0
20230907:1210,702.57,867.68,41.2,22.37,2.62,0.0
20230907:1310,578.57,704.03,34.22,22.32,2.55,0.0
20230907:1410,410.02,500.3,25.68,21.93,1.93,0.0
20230907:1510,162.56,216.63,16.28,21.63,1.24,0.0
20230907:1610,24.31,51.6,6.53,20.95,0.83,0.0
20230907:1710,0.0,0.0,0.0,19.72,0.97,0.0
20230907:1810,0.0,0.0,0.0,17.99,1.24,0.0
20230907:1910,0.0,0.0,0.0,19.48,0.83,0.0
20230907:2010,0.0,0.0,0.0,18.63,0.9,0.0
20230907:2110,0.0,0.0,0.0,17.58,1.03,0.0
20230907:2210,0.0,0.0,0.0,16.4,1.24,0.0
20230907:2310,0.0,0.0,0.0,15.31,1.38,0.0
20230908:0010,0.0,0.0,0.0,14.26,1.52,0.0
20230908:0110,0.0,0.0,0.0,13.81,1.45,0.0
20230908:0210,0.0,0.0,0.0,13.58,1.38,0.0
20230908:0310,0.0,0.0,0.0,13.23,1.31,0.0
20230908:0410,0.39,6.67,2.57,13.07,1.24,0.0
20230908:0510,104.73,148.54,12.34,12.94,1.24,0.0
20230908:0610,328.29,397.47,21.92,15.83,0.9,0.0
20230908:0710,530.11,638.68,30.84,18.24,1.31,0.0
20230908:0810,662.14,815.7,38.48,19.98,1.52,0.0
20230908:0910,756.12,949.78,44.0,21.28,1.79,0.0
20230908:1010,763.96,967.0,46.46,22.09,1.79,0.0
20230908:1110,759.31,966.69,45.31,22.63,1.59,0.0
20230908:1210,678.54,854.0,40.82,22.95,1.45,0.0
20230908:1310,566.81,702.01,33.86,23.06,1.38,0.0
20230908:1410,400.8,493.15,25.33,22.89,1.52,0.0
20230908:1510,188.44,253.21,15.93,22.43,1.31,0.0
20230908:1610,22.14,47.21,6.18,21.43,0.83,0.0
20230908:1710,0.0,0.0,0.0,20.92,0.28,0.0
20230908:1810,0.0,0.0,0.0,19.85,0.62,0.0
20230908:1910,0.0,0.0,0.0,18.36,1.17,0.0
20230908:2010,0.0,0.0,0.0,15.12,1.93,0.0
20230908:2110,0.0,0.0,0.0,13.86,2.34,0.0
20230908:2210,0.0,0.0,0.0,13.07,2.28,0.0
20230908:2310,0.0,0.0,0.0,12.27,2.14,0.0
20230909:0010,0.0,0.0,0.0,11.65,2.0,0.0
20230909:0110,0.0,0.0,0.0,11.25,1.93,0.0
20230909:0210,0.0,0.0,0.0,11.33,2.0,0.0
20230909:0310,0.0,0.0,0.0,11.33,2.07,0.0
20230909:0410,0.0,3.34,2.34,11.38,2.14,0.0
20230909:0510,98.79,139.78,12.12,12.52,1.72,0.0
20230909:0610,320.61,388.65,21.68,16.59,1.17,0.0
20230909:0710,508.99,616.49,30.58,19.32,1.17,0.0
20230909:0810,637.08,789.15,38.19,20.55,1.17,0.0
20230909:0910,728.84,912.29,43.66,21.45,1.79,0.0
20230909:1010,751.56,944.4,46.09,22.14,2.07,0.0
20230909:1110,668.36,834.1,44.92,22.79,1.93,0.0
20230909:1210,567.27,701.19,40.44,23.0,1.66,0.0
20230909:1310,300.15,368.68,33.49,23.47,1.79,0.0
20230909:1410,198.08,249.46,24.97,23.45,1.79,0.0
20230909:1510,104.2,143.44,15.59,23.05,1.1,0.0
20230909:1610,19.74,43.57,5.84,22.06,0.55,0.0
20230909:1710,0.0,0.0,0.0,21.86,0.34,0.0
20230909:1810,0.0,0.0,0.0,20.87,0.41,0.0
20230909:1910,0.0,0.0,0.0,19.81,0.14,0.0
20230909:2010,0.0,0.0,0.0,19.07,0.28,0.0
20230909:2110,0.0,0.0,0.0,18.31,0.48,0.0
20230909:2210,0.0,0.0,0.0,17.5,0.83,0.0
20230909:2310,0.0,0.0,0.0,15.94,1.17,0.0
20230910:0010,0.0,0.0,0.0,14.34,1.31,0.0
20230910:0110,0.0,0.0,0.0,13.3,1.31,0.0
20230910:0210,0.0,0.0,0.0,12.51,1.31,0.0
20230910:0310,0.0,0.0,0.0,11.67,1.38,0.0
20230910:0410,0.0,3.34,2.12,10.84,1.52,0.0
20230910:0510,103.17,146.41,11.89,11.79,1.1,0.0
20230910:0610,323.68,392.95,21.45,15.81,0.55,0.0
20230910:0710,511.55,619.79,30.32,18.21,0.76,0.0
20230910:0810,644.66,799.97,37.89,19.96,0.97,0.0
20230910:0910,728.12,924.01,43.32,21.42,1.1,0.0
20230910:1010,755.4,969.49,45.71,22.49,1.17,0.0
20230910:1110,736.7,945.02,44.53,23.14,1.17,0.0
20230910:1210,663.91,839.46,40.06,23.57,1.24,0.0
20230910:1310,541.21,671.84,33.12,23.69,1.24,0.0
20230910:1410,362.6,448.52,24.62,23.57,1.24,0.0
20230910:1510,171.34,232.07,15.24,23.19,1.31,0.0
20230910:1610,15.4,36.66,5.49,22.21,1.38,0.0
20230910:1710,0.0,0.0,0.0,20.27,1.66,0.0
20230910:1810,0.0,0.0,0.0,18.06,1.79,0.0
20230910:1910,0.0,0.0,0.0,16.5,2.0,0.0
20230910:2010,0.0,0.0,0.0,15.44,1.93,0.0
20230910:2110,0.0,0.0,0.0,14.64,1.86,0.0
20230910:2210,0.0,0.0,0.0,13.62,1.79,0.0
20230910:2310,0.0,0.0,0.0,12.53,1.79,0.0
20230911:0010,0.0,0.0,0.0,11.67,1.79,0.0
20230911:0110,0.0,0.0,0.0,11.08,1.79,0.0
20230911:0210,0.0,0.0,0.0,10.59,1.79,0.0
20230911:0310,0.0,0.0,0.0,10.23,1.72,0.0
20230911:0410,0.0,1.67,1.89,9.93,1.72,0.0
20230911:0510,100.69,142.26,11.66,10.96,1.24,0.0
20230911:0610,327.74,396.32,21.21,15.67,0.9,0.0
20230911:0710,513.2,620.43,30.06,18.35,0.97,0.0
20230911:0810,641.65,799.89,37.59,20.9,0.97,0.0
20230911:0910,716.5,925.11,42.98,22.7,0.62,0.0
20230911:1010,746.58,976.87,45.34,23.93,0.69,0.0
20230911:1110,724.88,944.81,44.14,24.82,0.83,0.0
20230911:1210,650.8,837.79,39.67,25.36,0.76,0.0
20230911:1310,530.12,669.86,32.75,25.61,0.69,0.0
20230911:1410,367.84,462.49,24.26,25.5,0.62,0.0
20230911:1510,166.18,228.79,14.89,25.13,0.48,0.0
20230911:1610,13.99,33.43,5.15,24.19,0.14,0.0
20230911:1710,0.0,0.0,0.0,22.94,0.69,0.0
20230911:1810,0.0,0.0,0.0,19.82,1.79,0.0
20230911:1910,0.0,0.0,0.0,18.54,2.14,0.0
20230911:2010,0.0,0.0,0.0,17.42,2.07,0.0
20230911:2110,0.0,0.0,0.0,16.77,1.93,0.0
20230911:2210,0.0,0.0,0.0,16.35,1.93,0.0
20230911:2310,0.0,0.0,0.0,16.06,1.93,0.0
20230912:0010,0.0,0.0,0.0,15.66,2.0,0.0
20230912:0110,0.0,0.0,0.0,15.81,1.93,0.0
20230912:0210,0.0,0.0,0.0,15.91,2.0,0.0
20230912:0310,0.0,0.0,0.0,16.1,2.0,0.0
20230912:0410,0.0,0.83,1.66,16.02,1.93,0.0
20230912:0510,64.25,94.18,11.43,16.31,1.66,0.0
20230912:0610,288.27,353.18,20.97,18.5,1.03,0.0
20230912:0710,499.03,606.56,29.79,20.08,1.1,0.0
20230912:0810,624.83,782.53,37.29,22.27,0.97,0.0
20230912:0910,707.86,911.28,42.64,24.1,0.97,0.0
20230912:1010,672.49,869.59,44.96,24.92,0.76,0.0
20230912:1110,698.65,907.38,43.75,25.5,0.9,0.0
20230912:1210,33.47,55.87,39.28,25.89,1.17,0.0
20230912:1310,376.09,466.46,32.38,25.99,1.45,0.0
20230912:1410,44.98,70.29,23.9,25.59,1.31,0.0
20230912:1510,154.49,213.29,14.54,25.1,0.62,0.0
20230912:1610,9.19,23.0,4.8,23.96,0.97,0.0
20230912:1710,0.0,0.0,0.0,22.15,1.66,0.0
20230912:1810,0.0,0.0,0.0,20.15,2.0,0.0
20230912:1910,0.0,0.0,0.0,19.23,2.14,0.0
20230912:2010,0.0,0.0,0.0,17.9,2.14,0.0
20230912:2110,0.0,0.0,0.0,17.28,2.14,0.0
20230912:2210,0.0,0.0,0.0,17.26,2.21,0.0
20230912:2310,0.0,0.0,0.0,16.77,2.34,0.0
20230913:0010,0.0,0.0,0.0,16.54,2.34,0.0
20230913:0110,0.0,0.0,0.0,16.12,2.41,0.0
20230913:0210,0.0,0.0,0.0,16.41,2.28,0.0
20230913:0310,0.0,0.0,0.0,16.16,2.34,0.0
20230913:0410,0.0,0.83,1.43,16.06,2.34,0.0
20230913:0510,25.73,44.16,11.2,16.49,2.14,0.0
20230913:0610,275.19,336.71,20.72,19.0,1.72,0.0
20230913:0710,475.25,575.92,29.52,22.1,2.14,0.0
20230913:0810,620.68,763.05,36.99,24.03,2.83,0.0
20230913:0910,720.61,900.1,42.3,25.38,3.24,0.0
20230913:1010,685.96,856.97,44.58,26.19,3.38,0.0
20230913:1110,688.72,862.55,43.36,26.71,3.38,0.0
20230913:1210,603.66,750.27,38.9,26.91,3.17,0.0
20230913:1310,471.03,580.63,32.0,26.88,2.9,0.0
20230913:1410,361.8,449.96,23.54,26.24,2.28,0.0
20230913:1510,164.04,226.83,14.19,25.55,1.72,0.0
20230913:1610,10.94,29.34,4.45,24.3,1.86,0.0
20230913:1710,0.0,0.0,0.0,22.17,2.21,0.0
20230913:1810,0.0,0.0,0.0,20.05,2.48,0.0
20230913:1910,0.0,0.0,0.0,18.33,2.41,0.0
20230913:2010,0.0,0.0,0.0,17.72,2.48,0.0
20230913:2110,0.0,0.0,0.0,17.44,2.48,0.0
20230913:2210,0.0,0.0,0.0,16.86,2.55,0.0
20230913:2310,0.0,0.0,0.0,16.75,2.62,0.0
20230914:0010,0.0,0.0,0.0,17.1,2.69,0.0
20230914:0110,0.0,0.0,0.0,17.25,2.76,0.0
20230914:0210,0.0,0.0,0.0,17.38,2.41,0.0
20230914:0310,0.0,0.0,0.0,17.02,2.21,0.0
20230914:0410,0.0,0.0,0.0,16.31,2.14,0.0
20230914:0510,95.11,138.92,10.97,16.32,1.93,0.0
20230914:0610,260.53,318.16,20.48,18.47,1.93,0.0
20230914:0710,132.07,170.25,29.26,20.76,2.55,0.0
20230914:0810,95.06,127.97,36.68,21.4,3.66,0.0
20230914:0910,401.35,478.42,41.95,20.93,4.0,0.0
20230914:1010,278.09,336.61,44.2,20.18,2.9,0.0
20230914:1110,120.87,156.8,42.97,19.17,1.66,0.0
20230914:1210,70.83,99.13,38.51,19.11,1.1,0.0
20230914:1310,43.56,66.69,31.63,18.87,1.1,0.0
20230914:1410,23.31,41.45,23.18,18.8,1.72,0.0
20230914:1510,26.19,45.06,13.83,18.33,2.0,0.0
20230914:1610,6.0,17.66,4.1,17.92,2.62,0.0
20230914:1710,0.0,0.0,0.0,17.3,3.17,0.0
20230914:1810,0.0,0.0,0.0,17.02,3.79,0.0
20230914:1910,0.0,0.0,0.0,16.61,3.38,0.0
20230914:2010,0.0,0.0,0.0,16.48,3.17,0.0
20230914:2110,0.0,0.0,0.0,16.37,2.83,0.0
20230914:2210,0.0,0.0,0.0,16.12,2.34,0.0
20230914:2310,0.0,0.0,0.0,15.91,2.41,0.0
20230915:0010,0.0,0.0,0.0,15.52,2.48,0.0
20230915:0110,0.0,0.0,0.0,15.18,2.69,0.0
20230915:0210,0.0,0.0,0.0,14.75,2.69,0.0
20230915:0310,0.0,0.0,0.0,14.41,2.48,0.0
20230915:0410,0.0,0.0,0.0,14.28,2.28,0.0
20230915:0510,7.27,18.92,10.74,14.21,2.21,0.0
20230915:0610,64.03,89.22,20.23,14.46,2.97,0.0
20230915:0710,187.19,226.65,28.99,15.06,3.24,0.0
20230915:0810,68.47,94.62,36.38,15.36,3.24,0.0
20230915:0910,155.83,193.59,41.6,16.27,3.1,0.0
20230915:1010,139.61,175.73,43.82,16.49,2.76,0.0
20230915:1110,209.08,254.05,42.57,16.89,2.76,0.0
20230915:1210,161.28,200.49,38.12,17.11,2.76,0.0
20230915:1310,265.77,317.26,31.25,17.18,2.62,0.0
20230915:1410,168.8,208.92,22.81,17.17,2.55,0.0
20230915:1510,151.62,201.64,13.48,16.97,2.34,0.0
20230915:1610,7.22,20.52,3.75,16.6,2.07,0.0
20230915:1710,0.0,0.0,0.0,16.2,2.07,0.0
20230915:1810,0.0,0.0,0.0,15.86,2.14,0.0
20230915:1910,0.0,0.0,0.0,15.26,2.07,0.0
20230915:2010,0.0,0.0,0.0,15.15,2.28,0.0
20230915:2110,0.0,0.0,0.0,15.05,2.34,0.0
20230915:2210,0.0,0.0,0.0,14.9,2.48,0.0
20230915:2310,0.0,0.0,0.0,14.7,2.62,0.0
20230916:0010,0.0,0.0,0.0,14.52,2.62,0.0
20230916:0110,0.0,0.0,0.0,14.13,2.76,0.0
20230916:0210,0.0,0.0,0.0,13.84,2.76,0.0
20230916:0310,0.0,0.0,0.0,13.48,2.69,0.0
20230916:0410,0.0,0.0,0.0,13.22,2.62,0.0
20230916:0510,118.25,171.32,10.51,13.66,2.76,0.0
20230916:0610,349.15,411.5,19.99,14.44,4.07,0.0
20230916:0710,452.44,521.92,28.71,15.32,4.48,0.0
20230916:0810,631.59,737.39,36.07,16.65,4.48,0.0
20230916:0910,290.24,344.23,41.26,17.61,4.48,0.0
20230916:1010,350.52,414.52,43.44,18.58,4.34,0.0
20230916:1110,452.45,534.53,42.18,19.31,4.14,0.0
20230916:1210,444.68,525.42,37.73,19.66,4.14,0.0
20230916:1310,527.45,620.5,30.87,19.34,4.48,0.0
20230916:1410,365.02,433.12,22.45,18.87,4.62,0.0
20230916:1510,168.28,225.04,13.12,18.42,4.21,0.0
20230916:1610,6.06,19.37,3.39,17.33,3.45,0.0
20230916:1710,0.0,0.0,0.0,16.02,3.24,0.0
20230916:1810,0.0,0.0,0.0,15.16,3.1,0.0
20230916:1910,0.0,0.0,0.0,15.34,3.52,0.0
20230916:2010,0.0,0.0,0.0,14.81,3.31,0.0
20230916:2110,0.0,0.0,0.0,14.28,3.03,0.0
20230916:2210,0.0,0.0,0.0,13.87,2.69,0.0
20230916:2310,0.0,0.0,0.0,13.52,2.41,0.0
20230917:0010,0.0,0.0,0.0,13.37,2.21,0.0
20230917:0110,0.0,0.0,0.0,12.91,2.14,0.0
20230917:0210,0.0,0.0,0.0,12.74,2.07,0.0
20230917:0310,0.0,0.0,0.0,12.62,2.0,0.0
20230917:0410,0.0,0.0,0.0,12.39,1.93,0.0
20230917:0510,66.99,97.64,10.27,12.74,1.66,0.0
20230917:0610,140.1,175.99,19.74,15.03,1.52,0.0
20230917:0710,497.22,593.14,28.44,18.28,1.86,0.0
20230917:0810,657.42,803.62,35.76,20.29,2.0,0.0
20230917:0910,739.94,929.03,40.91,21.85,1.79,0.0
20230917:1010,766.9,979.83,43.06,22.86,1.52,0.0
20230917:1110,115.2,153.2,41.78,23.36,1.31,0.0
20230917:1210,27.54,47.76,37.33,23.58,1.24,0.0
20230917:1310,188.63,238.28,30.49,23.24,1.24,0.0
20230917:1410,92.95,126.34,22.08,22.29,1.72,0.0
20230917:1510,31.49,52.27,12.77,20.92,1.52,0.0
20230917:1610,0.0,3.6,3.04,20.33,1.45,0.0
20230917:1710,0.0,0.0,0.0,18.97,0.83,0.0
20230917:1810,0.0,0.0,0.0,17.27,1.38,0.0
20230917:1910,0.0,0.0,0.0,15.93,1.86,0.0
20230917:2010,0.0,0.0,0.0,15.12,1.79,0.0
20230917:2110,0.0,0.0,0.0,14.73,1.66,0.0
20230917:2210,0.0,0.0,0.0,14.28,1.72,0.0
20230917:2310,0.0,0.0,0.0,13.9,1.79,0.0
20230918:0010,0.0,0.0,0.0,13.54,1.86,0.0
20230918:0110,0.0,0.0,0.0,13.36,1.93,0.0
20230918:0210,0.0,0.0,0.0,13.22,1.93,0.0
20230918:0310,0.0,0.0,0.0,12.87,1.93,0.0
20230918:0410,0.0,0.0,0.0,12.64,1.86,0.0
20230918:0510,112.34,162.93,10.04,12.95,1.66,0.0
20230918:0610,326.42,393.02,19.49,15.44,1.17,0.0
20230918:0710,517.52,623.67,28.17,18.35,1.17,0.0
20230918:0810,654.57,806.68,35.45,20.65,1.59,0.0
20230918:0910,742.61,932.57,40.56,22.03,1.86,0.0
20230918:1010,356.72,434.65,42.67,22.81,2.21,0.0
20230918:1110,647.19,803.05,41.38,23.05,2.14,0.0
20230918:1210,331.76,405.54,36.94,23.41,2.07,0.0
20230918:1310,256.02,316.1,30.11,23.61,2.0,0.0
20230918:1410,312.66,386.39,21.72,23.54,1.66,0.0
20230918:1510,158.41,220.23,12.41,22.93,1.38,0.0
20230918:1610,2.77,13.06,2.69,21.85,1.72,0.0
20230918:1710,0.0,0.0,0.0,19.87,2.0,0.0
20230918:1810,0.0,0.0,0.0,18.14,2.14,0.0
20230918:1910,0.0,0.0,0.0,16.72,2.14,0.0
20230918:2010,0.0,0.0,0.0,15.77,2.14,0.0
20230918:2110,0.0,0.0,0.0,15.05,2.14,0.0
20230918:2210,0.0,0.0,0.0,14.52,2.14,0.0
20230918:2310,0.0,0.0,0.0,14.06,2.14,0.0
20230919:0010,0.0,0.0,0.0,13.69,2.14,0.0
20230919:0110,0.0,0.0,0.0,13.47,2.21,0.0
20230919:0210,0.0,0.0,0.0,13.56,2.21,0.0
20230919:0310,0.0,0.0,0.0,13.47,2.21,0.0
20230919:0410,0.0,0.0,0.0,13.49,2.28,0.0
20230919:0510,3.89,13.52,9.8,14.21,2.28,0.0
20230919:0610,19.47,36.05,19.24,16.12,2.55,0.0
20230919:0710,52.09,76.6,27.89,18.29,3.1,0.0
20230919:0810,46.14,69.39,35.14,17.86,3.17,0.0
20230919:0910,31.39,51.37,40.2,17.34,3.17,0.0
20230919:1010,206.53,251.74,42.29,17.75,3.24,0.0
20230919:1110,348.4,414.62,40.98,18.85,2.97,0.0
20230919:1210,133.22,171.1,36.55,20.63,4.21,0.0
20230919:1310,19.67,36.95,29.73,20.8,3.38,0.0
20230919:1410,13.09,27.94,21.35,20.69,2.48,0.0
20230919:1510,32.81,53.82,12.05,19.73,2.14,0.0
20230919:1610,0.97,8.11,2.33,18.43,2.14,0.0
20230919:1710,0.0,0.0,0.0,17.6,2.55,0.0
20230919:1810,0.0,0.0,0.0,17.01,3.03,0.0
20230919:1910,0.0,0.0,0.0,16.5,3.79,0.0
20230919:2010,0.0,0.0,0.0,16.41,3.66,0.0
20230919:2110,0.0,0.0,0.0,16.29,3.59,0.0
20230919:2210,0.0,0.0,0.0,16.26,3.72,0.0
20230919:2310,0.0,0.0,0.0,16.32,3.93,0.0
20230920:0010,0.0,0.0,0.0,16.32,3.79,0.0
20230920:0110,0.0,0.0,0.0,16.33,3.52,0.0
20230920:0210,0.0,0.0,0.0,16.26,3.1,0.0
20230920:0310,0.0,0.0,0.0,16.12,2.62,0.0
20230920:0410,0.0,0.0,0.0,15.94,2.34,0.0
20230920:0510,84.46,124.45,9.57,15.79,2.07,0.0
20230920:0610,104.01,135.89,18.99,16.32,1.72,0.0
20230920:0710,163.39,203.57,27.61,17.71,1.59,0.0
20230920:0810,297.97,358.42,34.82,18.96,1.72,0.0
20230920:0910,403.08,482.87,39.85,19.37,1.93,0.0
20230920:1010,307.39,370.63,41.9,20.38,2.76,0.0
20230920:1110,318.74,384.22,40.58,21.0,3.03,0.0
20230920:1210,277.62,337.01,36.15,21.19,2.69,0.0
20230920:1310,534.86,645.89,29.35,21.31,2.34,0.0
20230920:1410,353.14,430.52,20.98,21.38,2.0,0.0
20230920:1510,137.75,191.55,11.69,21.0,1.31,0.0
20230920:1610,0.0,3.6,1.98,19.87,0.76,0.0
20230920:1710,0.0,0.0,0.0,17.88,1.17,0.0
20230920:1810,0.0,0.0,0.0,15.22,2.14,0.0
20230920:1910,0.0,0.0,0.0,14.36,2.14,0.0
20230920:2010,0.0,0.0,0.0,13.36,2.07,0.0
20230920:2110,0.0,0.0,0.0,12.73,2.07,0.0
20230920:2210,0.0,0.0,0.0,12.21,2.21,0.0
20230920:2310,0.0,0.0,0.0,11.89,2.21,0.0
20230921:0010,0.0,0.0,0.0,11.52,2.28,0.0
20230921:0110,0.0,0.0,0.0,11.16,2.34,0.0
20230921:0210,0.0,0.0,0.0,10.86,2.28,0.0
20230921:0310,0.0,0.0,0.0,10.65,2.21,0.0
20230921:0410,0.0,0.0,0.0,10.41,2.21,0.0
20230921:0510,113.72,163.27,9.33,10.7,1.86,0.0
20230921:0610,346.02,411.56,18.74,13.32,1.38,0.0
20230921:0710,536.17,640.04,27.33,16.67,1.38,0.0
20230921:0810,673.52,821.72,34.51,19.28,1.93,0.0
20230921:0910,770.55,955.4,39.5,20.83,2.48,0.0
20230921:1010,793.9,991.84,41.52,21.76,2.62,0.0
20230921:1110,758.43,947.3,40.18,22.42,2.48,0.0
20230921:1210,652.32,804.95,35.76,22.86,2.34,0.0
20230921:1310,537.33,653.59,28.97,23.05,2.55,0.0
20230921:1410,367.35,449.07,20.62,22.83,2.69,0.0
20230921:1510,140.86,196.19,11.34,21.89,2.62,0.0
20230921:1610,0.0,4.51,1.62,20.14,2.9,0.0
20230921:1710,0.0,0.0,0.0,18.51,3.03,0.0
20230921:1810,0.0,0.0,0.0,17.35,2.9,0.0
20230921:1910,0.0,0.0,0.0,16.37,2.69,0.0
20230921:2010,0.0,0.0,0.0,15.15,2.48,0.0
20230921:2110,0.0,0.0,0.0,14.1,2.34,0.0
20230921:2210,0.0,0.0,0.0,13.27,2.28,0.0
20230921:2310,0.0,0.0,0.0,12.8,2.14,0.0
20230922:0010,0.0,0.0,0.0,12.36,2.07,0.0
20230922:0110,0.0,0.0,0.0,11.91,2.07,0.0
20230922:0210,0.0,0.0,0.0,11.62,2.07,0.0
20230922:0310,0.0,0.0,0.0,11.52,2.07,0.0
20230922:0410,0.0,0.0,0.0,11.58,2.14,0.0
20230922:0510,21.66,38.59,9.09,12.1,1.93,0.0
20230922:0610,92.38,122.09,18.48,15.2,1.59,0.0
20230922:0710,323.48,385.32,27.05,18.23,2.0,0.0
20230922:0810,403.98,481.55,34.19,20.16,2.83,0.0
20230922:0910,347.45,416.87,39.14,21.63,3.86,0.0
20230922:1010,254.57,311.75,41.13,22.55,3.79,0.0
20230922:1110,649.18,792.68,39.78,23.09,3.45,0.0
20230922:1210,592.26,719.7,35.36,23.27,3.31,0.0
20230922:1310,392.35,473.91,28.59,23.3,3.03,0.0
20230922:1410,366.25,448.68,20.25,23.2,2.69,0.0
20230922:1510,42.6,67.22,10.98,22.64,2.21,0.0
20230922:1610,0.0,0.9,1.27,21.4,2.41,0.0
20230922:1710,0.0,0.0,0.0,19.82,2.55,0.0
20230922:1810,0.0,0.0,0.0,18.65,2.55,0.0
20230922:1910,0.0,0.0,0.0,18.83,2.69,0.0
20230922:2010,0.0,0.0,0.0,18.39,2.62,0.0
20230922:2110,0.0,0.0,0.0,17.59,2.55,0.0
20230922:2210,0.0,0.0,0.0,17.08,2.41,0.0
20230922:2310,0.0,0.0,0.0,16.69,2.41,0.0
20230923:0010,0.0,0.0,0.0,16.41,2.41,0.0
20230923:0110,0.0,0.0,0.0,15.92,2.41,0.0
20230923:0210,0.0,0.0,0.0,15.48,2.48,0.0
20230923:0310,0.0,0.0,0.0,15.25,2.41,0.0
20230923:0410,0.0,0.0,0.0,16.05,2.21,0.0
20230923:0510,68.11,102.79,8.85,16.45,2.14,0.0
20230923:0610,41.69,63.98,18.23,17.38,2.07,0.0
20230923:0710,94.04,126.09,26.77,19.78,2.41,0.0
20230923:0810,243.69,298.95,33.88,22.04,2.62,0.0
20230923:0910,219.04,273.03,38.78,24.08,3.38,0.0
20230923:1010,283.89,348.78,40.74,24.09,3.1,0.0
20230923:1110,302.4,371.91,39.38,24.49,2.55,0.0
20230923:1210,329.77,406.28,34.97,25.04,1.93,0.0
20230923:1310,235.74,294.94,28.21,25.71,2.07,0.0
20230923:1410,307.8,385.5,19.88,25.68,1.45,0.0
20230923:1510,35.9,59.29,10.62,24.62,0.83,0.0
20230923:1610,0.0,0.0,0.0,23.4,1.17,0.0
20230923:1710,0.0,0.0,0.0,21.17,1.24,0.0
20230923:1810,0.0,0.0,0.0,19.53,1.17,0.0
20230923:1910,0.0,0.0,0.0,18.85,2.48,0.0
20230923:2010,0.0,0.0,0.0,18.23,2.76,0.0
20230923:2110,0.0,0.0,0.0,17.79,2.97,0.0
20230923:2210,0.0,0.0,0.0,17.07,2.97,0.0
20230923:2310,0.0,0.0,0.0,16.68,2.83,0.0
20230924:0010,0.0,0.0,0.0,16.62,2.48,0.0
20230924:0110,0.0,0.0,0.0,16.24,2.34,0.0
20230924:0210,0.0,0.0,0.0,16.2,2.41,0.0
20230924:0310,0.0,0.0,0.0,15.94,2.62,0.0
20230924:0410,0.0,0.0,0.0,15.6,2.9,0.0
20230924:0510,3.87,13.52,8.61,15.18,3.03,0.0
20230924:0610,34.71,54.97,17.97,15.08,2.83,0.0
20230924:0710,112.63,144.09,26.49,14.77,3.03,0.0
20230924:0810,50.63,73.9,33.56,15.01,2.83,0.0
20230924:0910,80.96,109.04,38.43,15.62,2.76,0.0
20230924:1010,69.05,95.52,40.36,15.89,2.97,0.0
20230924:1110,47.22,70.29,38.98,16.52,3.31,0.0
20230924:1210,68.78,95.52,34.57,16.72,3.17,0.0
20230924:1310,18.68,35.15,27.83,17.18,3.1,0.0
20230924:1410,60.89,86.51,19.51,17.0,2.83,0.0
20230924:1510,53.13,79.49,10.26,16.95,2.62,0.0
20230924:1610,0.0,0.0,0.0,16.77,2.0,0.0
20230924:1710,0.0,0.0,0.0,16.54,1.86,0.0
20230924:1810,0.0,0.0,0.0,16.37,1.72,0.0
20230924:1910,0.0,0.0,0.0,15.32,1.24,0.0
20230924:2010,0.0,0.0,0.0,15.33,1.52,0.0
20230924:2110,0.0,0.0,0.0,15.34,1.45,0.0
20230924:2210,0.0,0.0,0.0,15.36,1.24,0.0
20230924:2310,0.0,0.0,0.0,15.37,1.59,0.0
20230925:0010,0.0,0.0,0.0,15.41,1.86,0.0
20230925:0110,0.0,0.0,0.0,15.47,1.66,0.0
20230925:0210,0.0,0.0,0.0,15.55,1.72,0.0
20230925:0310,0.0,0.0,0.0,15.65,2.14,0.0
20230925:0410,0.0,0.0,0.0,15.68,2.28,0.0
20230925:0510,2.83,11.72,8.37,15.89,2.55,0.0
20230925:0610,41.23,63.08,17.71,16.24,3.24,0.0
20230925:0710,52.5,76.6,26.2,16.6,2.34,0.0
20230925:0810,199.96,243.88,33.24,17.4,2.48,0.0
20230925:0910,128.1,164.01,38.07,18.18,2.62,0.0
20230925:1010,104.64,137.88,39.97,19.25,3.03,0.0
20230925:1110,80.87,110.84,38.59,19.93,3.38,0.0
20230925:1210,59.13,85.61,34.18,20.42,3.38,0.0
20230925:1310,65.13,92.82,27.45,20.75,3.31,0.0
20230925:1410,35.88,57.68,19.15,20.82,3.03,0.0
20230925:1510,27.13,46.87,9.9,20.54,1.93,0.0
20230925:1610,0.0,0.0,0.0,19.63,1.86,0.0
20230925:1710,0.0,0.0,0.0,18.7,1.93,0.0
20230925:1810,0.0,0.0,0.0,17.71,1.93,0.0
20230925:1910,0.0,0.0,0.0,16.51,1.93,0.0
20230925:2010,0.0,0.0,0.0,15.79,1.86,0.0
20230925:2110,0.0,0.0,0.0,15.08,1.79,0.0
20230925:2210,0.0,0.0,0.0,14.66,1.66,0.0
20230925:2310,0.0,0.0,0.0,14.35,1.59,0.0
20230926:0010,0.0,0.0,0.0,13.84,1.59,0.0
20230926:0110,0.0,0.0,0.0,13.51,1.59,0.0
20230926:0210,0.0,0.0,0.0,13.09,1.59,0.0
20230926:0310,0.0,0.0,0.0,12.56,1.66,0.0
20230926:0410,0.0,0.0,0.0,12.22,1.59,0.0
20230926:0510,17.77,33.34,8.13,12.34,1.45,0.0
20230926:0610,68.58,94.68,17.46,14.46,1.1,0.0
20230926:0710,139.35,175.24,25.92,16.36,1.86,0.0
20230926:0810,262.54,315.23,32.92,18.24,2.48,0.0
20230926:0910,662.23,802.81,37.71,19.75,2.62,0.0
20230926:1010,783.16,965.34,39.58,21.05,3.1,0.0
20230926:1110,764.8,938.83,38.19,21.87,3.52,0.0
20230926:1210,661.73,800.87,33.79,22.29,3.79,0.0
20230926:1310,532.61,637.89,27.07,22.34,3.86,0.0
20230926:1410,338.64,411.93,18.78,22.07,3.38,0.0
20230926:1510,108.89,155.8,9.55,21.21,2.69,0.0
20230926:1610,0.0,0.0,0.0,19.63,2.55,0.0
20230926:1710,0.0,0.0,0.0,18.07,2.48,0.0
20230926:1810,0.0,0.0,0.0,16.86,2.48,0.0
20230926:1910,0.0,0.0,0.0,15.94,2.69,0.0
20230926:2010,0.0,0.0,0.0,15.11,2.69,0.0
20230926:2110,0.0,0.0,0.0,14.38,2.62,0.0
20230926:2210,0.0,0.0,0.0,13.61,2.48,0.0
20230926:2310,0.0,0.0,0.0,12.72,2.28,0.0
20230927:0010,0.0,0.0,0.0,11.85,2.07,0.0
20230927:0110,0.0,0.0,0.0,11.2,2.07,0.0
20230927:0210,0.0,0.0,0.0,10.64,2.07,0.0
20230927:0310,0.0,0.0,0.0,10.21,2.14,0.0
20230927:0410,0.0,0.0,0.0,9.85,2.14,0.0
20230927:0510,92.02,133.24,7.88,9.9,2.0,0.0
20230927:0610,319.7,378.91,17.2,12.73,1.45,0.0
20230927:0710,521.99,623.37,25.63,17.56,1.59,0.0
20230927:0810,669.52,813.44,32.59,19.55,2.28,0.0
20230927:0910,766.22,944.29,37.35,20.83,2.83,0.0
20230927:1010,797.45,984.88,39.19,21.66,3.38,0.0
20230927:1110,774.51,950.42,37.79,22.12,3.79,0.0
20230927:1210,657.48,795.54,33.39,22.34,3.86,0.0
20230927:1310,537.46,645.1,26.69,22.33,3.66,0.0
20230927:1410,344.07,419.17,18.41,21.98,3.03,0.0
20230927:1510,108.68,156.06,9.19,21.0,2.55,0.0
20230927:1610,0.0,0.0,0.0,19.3,2.55,0.0
20230927:1710,0.0,0.0,0.0,17.6,2.48,0.0
20230927:1810,0.0,0.0,0.0,16.12,2.41,0.0
20230927:1910,0.0,0.0,0.0,14.85,2.48,0.0
20230927:2010,0.0,0.0,0.0,13.56,2.28,0.0
20230927:2110,0.0,0.0,0.0,12.45,2.21,0.0
20230927:2210,0.0,0.0,0.0,11.64,2.14,0.0
20230927:2310,0.0,0.0,0.0,10.97,2.14,0.0
20230928:0010,0.0,0.0,0.0,10.38,2.21,0.0
20230928:0110,0.0,0.0,0.0,9.83,2.14,0.0
20230928:0210,0.0,0.0,0.0,9.29,2.07,0.0
20230928:0310,0.0,0.0,0.0,8.83,2.07,0.0
20230928:0410,0.0,0.0,0.0,8.43,2.0,0.0
20230928:0510,90.28,130.42,7.64,8.43,1.79,0.0
20230928:0610,324.36,382.87,16.94,11.59,1.24,0.0
20230928:0710,523.5,621.3,25.34,16.65,1.72,0.0
20230928:0810,671.89,811.52,32.27,18.92,2.48,0.0
20230928:0910,756.95,928.17,36.99,20.51,2.97,0.0
20230928:1010,794.65,981.69,38.8,21.62,3.31,0.0
20230928:1110,762.28,939.37,37.39,22.27,3.38,0.0
20230928:1210,645.43,784.89,33.0,22.49,3.31,0.0
20230928:1310,527.42,634.83,26.31,22.36,3.24,0.0
20230928:1410,331.22,404.02,18.05,21.83,2.83,0.0
20230928:1510,102.94,148.64,8.83,20.72,2.62,0.0
20230928:1610,0.0,0.0,0.0,18.99,2.62,0.0
20230928:1710,0.0,0.0,0.0,17.48,2.55,0.0
20230928:1810,0.0,0.0,0.0,16.25,2.48,0.0
20230928:1910,0.0,0.0,0.0,15.08,2.62,0.0
20230928:2010,0.0,0.0,0.0,13.95,2.48,0.0
20230928:2110,0.0,0.0,0.0,12.81,2.34,0.0
20230928:2210,0.0,0.0,0.0,11.66,2.21,0.0
20230928:2310,0.0,0.0,0.0,10.63,2.0,0.0
20230929:0010,0.0,0.0,0.0,9.86,1.93,0.0
20230929:0110,0.0,0.0,0.0,9.09,1.93,0.0
20230929:0210,0.0,0.0,0.0,8.58,2.0,0.0
20230929:0310,0.0,0.0,0.0,8.14,2.0,0.0
20230929:0410,0.0,0.0,0.0,7.8,2.0,0.0
20230929:0510,81.99,119.08,7.39,7.81,1.86,0.0
20230929:0610,313.12,368.61,16.67,10.95,1.24,0.0
20230929:0710,514.16,610.75,25.06,16.19,1.38,0.0
20230929:0810,649.62,792.53,31.95,18.89,1.59,0.0
20230929:0910,732.72,914.27,36.63,20.71,1.72,0.0
20230929:1010,763.65,968.2,38.42,21.89,1.59,0.0
20230929:1110,731.18,932.57,36.99,22.55,1.17,0.0
20230929:1210,617.17,777.58,32.61,22.82,0.76,0.0
20230929:1310,506.95,627.46,25.93,22.85,0.83,0.0
20230929:1410,323.61,400.39,17.68,22.49,1.24,0.0
20230929:1510,95.83,140.62,8.48,21.41,1.59,0.0
20230929:1610,0.0,0.0,0.0,19.58,1.86,0.0
20230929:1710,0.0,0.0,0.0,17.26,2.0,0.0
20230929:1810,0.0,0.0,0.0,15.58,2.21,0.0
20230929:1910,0.0,0.0,0.0,14.37,2.48,0.0
20230929:2010,0.0,0.0,0.0,12.77,2.34,0.0
20230929:2110,0.0,0.0,0.0,11.56,2.21,0.0
20230929:2210,0.0,0.0,0.0,10.73,2.07,0.0
20230929:2310,0.0,0.0,0.0,10.13,2.07,0.0
20230930:0010,0.0,0.0,0.0,9.62,2.0,0.0
20230930:0110,0.0,0.0,0.0,9.14,2.07,0.0
20230930:0210,0.0,0.0,0.0,8.78,2.14,0.0
20230930:0310,0.0,0.0,0.0,8.49,2.21,0.0
20230930:0410,0.0,0.0,0.0,8.19,2.28,0.0
20230930:0510,83.04,121.19,7.15,8.41,2.21,0.0
20230930:0610,318.0,373.91,16.41,11.33,1.66,0.0
20230930:0710,512.7,604.42,24.77,15.99,1.93,0.0
20230930:0810,653.41,792.33,31.62,19.27,2.14,0.0
20230930:0910,682.73,832.86,36.27,20.99,2.83,0.0
20230930:1010,753.48,927.17,38.03,21.78,3.24,0.0
20230930:1110,677.71,826.95,36.59,22.17,3.31,0.0
20230930:1210,544.83,656.09,32.21,22.25,3.31,0.0
20230930:1310,485.46,582.13,25.55,22.13,3.31,0.0
20230930:1410,265.19,325.41,17.32,21.43,2.62,0.0
20230930:1510,42.77,68.5,8.12,20.18,2.48,0.0
20230930:1610,0.0,0.0,0.0,18.73,2.76,0.0
20230930:1710,0.0,0.0,0.0,17.18,2.9,0.0
20230930:1810,0.0,0.0,0.0,16.12,2.83,0.0
20230930:1910,0.0,0.0,0.0,15.52,2.97,0.0
20230930:2010,0.0,0.0,0.0,15.28,2.76,0.0
20230930:2110,0.0,0.0,0.0,15.11,2.83,0.0
20230930:2210,0.0,0.0,0.0,14.92,3.59,0.0
20230930:2310,0.0,0.0,0.0,14.38,4.0,0.0
20231001:0010,0.0,0.0,0.0,13.76,4.0,0.0
20231001:0110,0.0,0.0,0.0,13.1,3.72,0.0
20231001:0210,0.0,0.0,0.0,12.57,3.24,0.0
20231001:0310,0.0,0.0,0.0,11.95,2.83,0.0
20231001:0410,0.0,0.0,0.0,11.41,2.76,0.0
20231001:0510,25.38,43.89,6.9,11.09,2.55,0.0
20231001:0610,189.4,227.58,16.15,11.59,2.48,0.0
20231001:0710,455.07,522.06,24.47,12.4,2.76,0.0
20231001:0810,240.6,283.94,31.3,13.44,2.62,0.0
20231001:0910,287.65,337.46,35.91,14.1,2.62,0.0
20231001:1010,244.3,289.51,37.64,14.28,2.9,0.0
20231001:1110,327.5,382.19,36.19,14.69,3.1,0.0
20231001:1210,143.6,178.71,31.82,14.98,3.17,0.0
20231001:1310,165.17,202.25,25.17,15.28,3.24,0.0
20231001:1410,83.01,111.18,16.95,15.29,3.03,0.0
20231001:1510,42.96,67.47,7.77,14.83,2.34,0.0
20231001:1610,0.0,0.0,0.0,14.06,2.21,0.0
20231001:1710,0.0,0.0,0.0,13.39,2.28,0.0
20231001:1810,0.0,0.0,0.0,12.79,2.55,0.0
20231001:1910,0.0,0.0,0.0,12.65,2.9,0.0
20231001:2010,0.0,0.0,0.0,12.22,2.9,0.0
20231001:2110,0.0,0.0,0.0,11.45,2.69,0.0
20231001:2210,0.0,0.0,0.0,10.91,2.55,0.0
20231001:2310,0.0,0.0,0.0,10.43,2.55,0.0
20231002:0010,0.0,0.0,0.0,10.51,2.41,0.0
20231002:0110,0.0,0.0,0.0,10.7,2.28,0.0
20231002:0210,0.0,0.0,0.0,10.59,2.28,0.0
20231002:0310,0.0,0.0,0.0,10.32,2.28,0.0
20231002:0410,0.0,0.0,0.0,10.03,2.28,0.0
20231002:0510,59.94,91.01,6.65,10.15,2.07,0.0
20231002:0610,261.93,308.98,15.88,11.09,1.79,0.0
20231002:0710,485.91,561.35,24.18,12.64,2.14,0.0
20231002:0810,637.01,748.38,30.97,13.96,2.28,0.0
20231002:0910,679.27,809.99,35.55,15.29,2.21,0.0
20231002:1010,701.28,841.66,37.25,15.99,2.28,0.0
20231002:1110,510.48,602.18,35.8,16.7,2.41,0.0
20231002:1210,398.75,469.62,31.43,16.82,2.14,0.0
20231002:1310,182.22,223.5,24.8,16.96,1.79,0.0
20231002:1410,260.1,315.1,16.59,16.95,1.31,0.0
20231002:1510,84.8,124.9,7.42,16.62,0.48,0.0
20231002:1610,0.0,0.0,0.0,16.35,0.21,0.0
20231002:1710,0.0,0.0,0.0,13.88,1.45,0.0
20231002:1810,0.0,0.0,0.0,13.1,1.93,0.0
20231002:1910,0.0,0.0,0.0,11.98,2.14,0.0
20231002:2010,0.0,0.0,0.0,11.3,1.93,0.0
20231002:2110,0.0,0.0,0.0,11.35,2.0,0.0
20231002:2210,0.0,0.0,0.0,11.66,2.07,0.0
20231002:2310,0.0,0.0,0.0,11.59,2.14,0.0
20231003:0010,0.0,0.0,0.0,11.44,2.14,0.0
20231003:0110,0.0,0.0,0.0,11.59,2.14,0.0
20231003:0210,0.0,0.0,0.0,12.25,2.14,0.0
20231003:0310,0.0,0.0,0.0,12.68,2.14,0.0
20231003:0410,0.0,0.0,0.0,12.93,2.28,0.0
20231003:0510,49.82,78.59,6.4,12.96,2.48,0.0
20231003:0610,223.41,268.11,15.62,13.85,2.55,0.0
20231003:0710,303.89,355.42,23.89,15.02,2.83,0.0
20231003:0810,572.9,669.32,30.64,16.84,3.79,0.0
20231003:0910,747.92,891.85,35.18,18.14,4.07,0.0
20231003:1010,784.21,943.54,36.87,19.33,4.28,0.0
20231003:1110,742.2,890.99,35.4,20.02,4.34,0.0
20231003:1210,618.76,734.53,31.04,20.26,4.34,0.0
20231003:1310,502.43,592.34,24.42,20.08,4.34,0.0
20231003:1410,306.81,369.58,16.23,19.48,4.0,0.0
20231003:1510,72.44,109.26,7.07,18.39,3.66,0.0
20231003:1610,0.0,0.0,0.0,16.76,3.72,0.0
20231003:1710,0.0,0.0,0.0,15.65,4.0,0.0
20231003:1810,0.0,0.0,0.0,15.14,4.21,0.0
20231003:1910,0.0,0.0,0.0,14.94,4.76,0.0
20231003:2010,0.0,0.0,0.0,14.96,4.97,0.0
20231003:2110,0.0,0.0,0.0,15.04,5.17,0.0
20231003:2210,0.0,0.0,0.0,15.16,5.45,0.0
20231003:2310,0.0,0.0,0.0,15.25,5.72,0.0
20231004:0010,0.0,0.0,0.0,15.4,6.07,0.0
20231004:0110,0.0,0.0,0.0,15.75,6.28,0.0
20231004:0210,0.0,0.0,0.0,15.94,6.07,0.0
20231004:0310,0.0,0.0,0.0,16.2,5.45,0.0
20231004:0410,0.0,0.0,0.0,16.25,5.03,0.0
20231004:0510,20.36,38.42,6.15,16.33,5.1,0.0
20231004:0610,94.35,124.13,15.35,15.75,4.62,0.0
20231004:0710,349.5,403.67,23.6,15.53,5.31,0.0
20231004:0810,440.85,505.93,30.32,15.26,5.24,0.0
20231004:0910,747.55,872.89,34.82,15.48,4.9,0.0
20231004:1010,724.82,847.84,36.48,15.88,4.83,0.0
20231004:1110,682.73,798.69,35.01,16.4,4.62,0.0
20231004:1210,595.72,695.96,30.66,16.69,3.93,0.0
20231004:1310,400.31,466.15,24.05,16.68,3.72,0.0
20231004:1410,201.36,244.62,15.87,16.33,3.79,0.0
20231004:1510,24.67,43.69,6.72,15.57,3.17,0.0
20231004:1610,0.0,0.0,0.0,14.38,2.83,0.0
20231004:1710,0.0,0.0,0.0,13.47,2.41,0.0
20231004:1810,0.0,0.0,0.0,12.48,2.28,0.0
20231004:1910,0.0,0.0,0.0,11.86,2.28,0.0
20231004:2010,0.0,0.0,0.0,10.76,2.48,0.0
20231004:2110,0.0,0.0,0.0,10.2,2.55,0.0
20231004:2210,0.0,0.0,0.0,9.85,2.62,0.0
20231004:2310,0.0,0.0,0.0,9.54,2.69,0.0
20231005:0010,0.0,0.0,0.0,9.27,2.62,0.0
20231005:0110,0.0,0.0,0.0,8.83,2.48,0.0
20231005:0210,0.0,0.0,0.0,8.38,2.48,0.0
20231005:0310,0.0,0.0,0.0,8.05,2.41,0.0
20231005:0410,0.0,0.0,0.0,7.86,2.34,0.0
20231005:0510,17.52,33.32,5.9,7.89,2.21,0.0
20231005:0610,58.91,81.76,15.08,9.4,1.79,0.0
20231005:0710,254.88,297.96,23.3,11.78,1.66,0.0
20231005:0810,657.23,779.96,29.99,14.02,1.72,0.0
20231005:0910,737.2,891.51,34.46,15.88,2.0,0.0
20231005:1010,702.7,841.03,36.09,17.16,2.97,0.0
20231005:1110,590.27,696.63,34.61,17.86,3.59,0.0
20231005:1210,603.34,710.14,30.27,18.07,3.93,0.0
20231005:1310,379.06,443.58,23.68,17.88,4.07,0.0
20231005:1410,206.91,252.14,15.52,17.34,3.72,0.0
20231005:1510,20.18,37.73,6.38,16.35,3.17,0.0
20231005:1610,0.0,0.0,0.0,14.96,2.83,0.0
20231005:1710,0.0,0.0,0.0,14.28,2.9,0.0
20231005:1810,0.0,0.0,0.0,13.4,3.17,0.0
20231005:1910,0.0,0.0,0.0,13.2,3.45,0.0
20231005:2010,0.0,0.0,0.0,13.17,3.45,0.0
20231005:2110,0.0,0.0,0.0,12.86,3.38,0.0
20231005:2210,0.0,0.0,0.0,12.78,3.38,0.0
20231005:2310,0.0,0.0,0.0,13.09,3.72,0.0
20231006:0010,0.0,0.0,0.0,13.04,4.0,0.0
20231006:0110,0.0,0.0,0.0,12.74,3.93,0.0
20231006:0210,0.0,0.0,0.0,12.3,4.0,0.0
20231006:0310,0.0,0.0,0.0,11.65,3.79,0.0
20231006:0410,0.0,0.0,0.0,10.96,3.45,0.0
20231006:0510,10.56,23.43,5.65,10.5,3.17,0.0
20231006:0610,122.55,152.96,14.81,10.94,3.38,0.0
20231006:0710,171.28,205.34,23.01,11.76,3.86,0.0
20231006:0810,351.64,402.02,29.66,12.27,4.07,0.0
20231006:0910,589.17,673.45,34.1,13.19,4.76,0.0
20231006:1010,506.97,580.24,35.71,13.93,4.83,0.0
20231006:1110,626.88,723.82,34.22,14.32,4.41,0.0
20231006:1210,285.58,333.3,29.89,14.65,4.07,0.0
20231006:1310,492.57,568.35,23.31,14.77,3.66,0.0
20231006:1410,301.36,356.81,15.16,14.73,3.24,0.0
20231006:1510,80.6,120.37,6.03,14.2,2.14,0.0
20231006:1610,0.0,0.0,0.0,13.17,1.86,0.0
20231006:1710,0.0,0.0,0.0,11.93,1.79,0.0
20231006:1810,0.0,0.0,0.0,10.36,2.14,0.0
20231006:1910,0.0,0.0,0.0,8.7,2.34,0.0
20231006:2010,0.0,0.0,0.0,8.15,2.41,0.0
20231006:2110,0.0,0.0,0.0,8.48,2.62,0.0
20231006:2210,0.0,0.0,0.0,9.13,3.03,0.0
20231006:2310,0.0,0.0,0.0,10.02,3.86,0.0
20231007:0010,0.0,0.0,0.0,10.93,4.9,0.0
20231007:0110,0.0,0.0,0.0,11.58,5.66,0.0
20231007:0210,0.0,0.0,0.0,11.86,6.07,0.0
20231007:0310,0.0,0.0,0.0,12.18,6.48,0.0
20231007:0410,0.0,0.0,0.0,12.37,6.9,0.0
20231007:0510,61.03,95.93,5.4,12.54,7.38,0.0
20231007:0610,182.13,219.17,14.54,13.3,7.79,0.0
20231007:0710,355.55,403.98,22.71,13.44,7.45,0.0
20231007:0810,227.25,267.19,29.33,14.59,8.41,0.0
20231007:0910,274.46,319.47,33.74,15.28,8.41,0.0
20231007:1010,100.48,130.67,35.33,15.98,8.07,0.0
20231007:1110,475.61,544.64,33.83,16.58,7.66,0.0
20231007:1210,310.87,361.13,29.5,16.45,6.97,0.0
20231007:1310,406.23,467.31,22.94,16.65,6.62,0.0
20231007:1410,243.06,290.36,14.81,16.54,6.9,0.0
20231007:1510,3.32,12.62,5.69,16.47,6.69,0.0
20231007:1610,0.0,0.0,0.0,16.2,6.55,0.0
20231007:1710,0.0,0.0,0.0,16.2,6.55,0.0
20231007:1810,0.0,0.0,0.0,16.47,6.41,0.0
20231007:1910,0.0,0.0,0.0,16.63,6.55,0.0
20231007:2010,0.0,0.0,0.0,16.54,6.62,0.0
20231007:2110,0.0,0.0,0.0,16.54,6.69,0.0
20231007:2210,0.0,0.0,0.0,16.33,6.28,0.0
20231007:2310,0.0,0.0,0.0,16.18,6.07,0.0
20231008:0010,0.0,0.0,0.0,16.27,5.86,0.0
20231008:0110,0.0,0.0,0.0,16.12,5.45,0.0
20231008:0210,0.0,0.0,0.0,15.64,5.1,0.0
20231008:0310,0.0,0.0,0.0,15.02,4.34,0.0
20231008:0410,0.0,0.0,0.0,12.94,4.76,0.0
20231008:0510,4.52,14.42,5.15,10.92,4.76,0.0
20231008:0610,9.34,21.63,14.27,9.6,4.76,0.0
20231008:0710,17.41,32.44,22.41,9.0,3.93,0.0
20231008:0810,44.43,64.88,29.0,8.61,4.0,0.0
20231008:0910,237.07,272.92,33.38,8.38,4.07,0.0
20231008:1010,471.92,526.19,34.94,8.66,5.03,0.0
20231008:1110,533.89,595.39,33.44,9.58,5.79,0.0
20231008:1210,427.07,477.55,29.12,10.54,6.41,0.0
20231008:1310,496.69,554.53,22.57,10.68,6.41,0.0
20231008:1410,294.8,339.38,14.46,10.34,6.62,0.0
20231008:1510,49.62,78.27,5.35,9.47,6.28,0.0
20231008:1610,0.0,0.0,0.0,8.51,5.72,0.0
20231008:1710,0.0,0.0,0.0,7.92,5.38,0.0
20231008:1810,0.0,0.0,0.0,7.53,5.03,0.0
20231008:1910,0.0,0.0,0.0,6.74,4.9,0.0
20231008:2010,0.0,0.0,0.0,6.33,4.62,0.0
20231008:2110,0.0,0.0,0.0,5.91,4.48,0.0
20231008:2210,0.0,0.0,0.0,5.53,4.21,0.0
20231008:2310,0.0,0.0,0.0,5.13,4.21,0.0
20231009:0010,0.0,0.0,0.0,4.83,4.07,0.0
20231009:0110,0.0,0.0,0.0,4.36,3.72,0.0
20231009:0210,0.0,0.0,0.0,3.89,3.45,0.0
20231009:0310,0.0,0.0,0.0,3.56,3.1,0.0
20231009:0410,0.0,0.0,0.0,3.42,2.62,0.0
20231009:0510,14.83,29.52,4.9,3.38,2.41,0.0
20231009:0610,124.87,151.63,14.0,4.36,2.14,0.0
20231009:0710,75.74,99.13,22.12,5.88,2.28,0.0
20231009:0810,75.3,99.13,28.68,7.2,2.69,0.0
20231009:0910,75.15,99.13,33.02,7.69,2.97,0.0
20231009:1010,236.8,272.99,34.56,7.99,3.31,0.0
20231009:1110,99.84,126.16,33.06,7.97,3.72,0.0
20231009:1210,134.98,163.84,28.74,7.78,3.66,0.0
20231009:1310,167.84,198.32,22.21,7.75,3.45,0.0
20231009:1410,249.31,288.48,14.11,7.24,2.69,0.0
20231009:1510,8.22,19.83,5.01,6.81,1.72,0.0
20231009:1610,0.0,0.0,0.0,6.42,1.31,0.0
20231009:1710,0.0,0.0,0.0,6.19,1.1,0.0
20231009:1810,0.0,0.0,0.0,6.08,1.1,0.0
20231009:1910,0.0,0.0,0.0,6.05,1.24,0.0
20231009:2010,0.0,0.0,0.0,5.87,1.03,0.0
20231009:2110,0.0,0.0,0.0,5.62,0.9,0.0
20231009:2210,0.0,0.0,0.0,5.79,0.76,0.0
20231009:2310,0.0,0.0,0.0,5.8,0.83,0.0
20231010:0010,0.0,0.0,0.0,5.62,0.9,0.0
20231010:0110,0.0,0.0,0.0,5.66,1.1,0.0
20231010:0210,0.0,0.0,0.0,5.48,1.24,0.0
20231010:0310,0.0,0.0,0.0,5.29,1.31,0.0
20231010:0410,0.0,0.0,0.0,5.2,1.24,0.0
20231010:0510,34.96,58.59,4.64,5.13,1.03,0.0
20231010:0610,219.84,256.37,13.73,5.66,0.97,0.0
20231010:0710,488.58,554.2,21.82,5.68,0.69,0.0
20231010:0810,299.08,342.25,28.35,6.41,0.21,0.0
20231010:0910,543.95,629.3,32.66,7.2,0.34,0.0
20231010:1010,418.12,480.23,34.18,7.7,0.34,0.0
20231010:1110,567.32,661.96,32.67,8.52,0.41,0.0
20231010:1210,590.22,691.62,28.37,9.04,0.41,0.0
20231010:1310,502.92,584.38,21.85,9.45,0.41,0.0
20231010:1410,285.32,336.51,13.76,9.66,0.41,0.0
20231010:1510,44.23,72.46,4.68,9.49,0.83,0.0
20231010:1610,0.0,0.0,0.0,8.34,1.93,0.0
20231010:1710,0.0,0.0,0.0,7.27,2.0,0.0
20231010:1810,0.0,0.0,0.0,6.36,2.14,0.0
20231010:1910,0.0,0.0,0.0,5.77,2.07,0.0
20231010:2010,0.0,0.0,0.0,5.1,1.93,0.0
20231010:2110,0.0,0.0,0.0,4.71,1.93,0.0
20231010:2210,0.0,0.0,0.0,4.71,2.14,0.0
20231010:2310,0.0,0.0,0.0,4.75,1.72,0.0
20231011:0010,0.0,0.0,0.0,5.25,1.72,0.0
20231011:0110,0.0,0.0,0.0,5.65,1.93,0.0
20231011:0210,0.0,0.0,0.0,6.07,2.07,0.0
20231011:0310,0.0,0.0,0.0,5.99,2.34,0.0
20231011:0410,0.0,0.0,0.0,6.58,2.41,0.0
20231011:0510,4.64,14.42,4.39,6.81,2.62,0.0
20231011:0610,247.69,288.16,13.46,8.23,2.76,0.0
20231011:0710,90.41,116.97,21.52,10.28,3.17,0.0
20231011:0810,56.29,79.3,28.02,11.48,3.66,0.0
20231011:0910,69.78,94.62,32.3,11.77,4.55,0.0
20231011:1010,61.72,85.61,33.8,12.1,4.97,0.0
20231011:1110,133.33,165.14,32.29,12.43,4.83,0.0
20231011:1210,174.06,209.24,27.99,12.94,5.1,0.0
20231011:1310,472.25,537.73,21.49,14.21,5.59,0.0
20231011:1410,241.79,287.29,13.42,14.25,5.45,0.0
20231011:1510,29.45,52.81,4.34,13.68,6.07,0.0
20231011:1610,0.0,0.0,0.0,13.05,6.07,0.0
20231011:1710,0.0,0.0,0.0,13.02,6.21,0.0
20231011:1810,0.0,0.0,0.0,13.27,6.34,0.0
20231011:1910,0.0,0.0,0.0,13.31,6.83,0.0
20231011:2010,0.0,0.0,0.0,13.35,6.9,0.0
20231011:2110,0.0,0.0,0.0,13.47,6.97,0.0
20231011:2210,0.0,0.0,0.0,13.48,6.97,0.0
20231011:2310,0.0,0.0,0.0,13.52,6.97,0.0
20231012:0010,0.0,0.0,0.0,13.46,6.9,0.0
20231012:0110,0.0,0.0,0.0,13.47,6.9,0.0
20231012:0210,0.0,0.0,0.0,13.61,6.97,0.0
20231012:0310,0.0,0.0,0.0,13.63,7.03,0.0
20231012:0410,0.0,0.0,0.0,13.68,7.17,0.0
20231012:0510,12.05,26.97,4.13,13.7,7.24,0.0
20231012:0610,291.57,341.87,13.19,14.29,7.38,0.0
20231012:0710,480.54,548.33,21.22,15.27,6.28,0.0
20231012:0810,491.53,562.07,27.69,16.58,7.31,0.0
20231012:0910,666.16,768.26,31.94,17.7,7.79,0.0
20231012:1010,625.89,723.39,33.43,18.49,8.0,0.0
20231012:1110,570.35,660.14,31.91,19.07,7.79,0.0
20231012:1210,572.85,664.16,27.62,19.31,7.24,0.0
20231012:1310,467.23,543.18,21.13,19.24,6.41,0.0
20231012:1410,253.18,305.74,13.07,18.71,6.34,0.0
20231012:1510,8.5,21.63,4.01,17.61,5.72,0.0
20231012:1610,0.0,0.0,0.0,16.63,5.45,0.0
20231012:1710,0.0,0.0,0.0,16.18,5.1,0.0
20231012:1810,0.0,0.0,0.0,16.28,4.9,0.0
20231012:1910,0.0,0.0,0.0,16.45,4.55,0.0
20231012:2010,0.0,0.0,0.0,16.18,3.86,0.0
20231012:2110,0.0,0.0,0.0,15.47,3.59,0.0
20231012:2210,0.0,0.0,0.0,14.62,3.52,0.0
20231012:2310,0.0,0.0,0.0,13.9,3.31,0.0
20231013:0010,0.0,0.0,0.0,13.66,2.9,0.0
20231013:0110,0.0,0.0,0.0,13.49,2.48,0.0
20231013:0210,0.0,0.0,0.0,13.07,2.14,0.0
20231013:0310,0.0,0.0,0.0,12.75,1.79,0.0
20231013:0410,0.0,0.0,0.0,12.53,1.72,0.0
20231013:0510,11.75,26.52,3.88,12.22,1.66,0.0
20231013:0610,218.91,263.04,12.91,12.35,1.1,0.0
20231013:0710,201.76,243.25,20.93,14.72,0.9,0.0
20231013:0810,610.62,737.41,27.36,16.62,1.03,0.0
20231013:0910,676.25,828.53,31.59,18.03,1.31,0.0
20231013:1010,658.47,815.45,33.05,18.87,0.9,0.0
20231013:1110,421.43,506.77,31.53,19.67,1.31,0.0
20231013:1210,331.26,399.98,27.25,20.08,0.97,0.0
20231013:1310,44.79,68.49,20.77,20.03,1.24,0.0
20231013:1410,69.58,97.98,12.74,19.77,1.66,0.0
20231013:1510,13.7,30.66,3.69,18.64,1.72,0.0
20231013:1610,0.0,0.0,0.0,17.02,2.34,0.0
20231013:1710,0.0,0.0,0.0,15.67,2.69,0.0
20231013:1810,0.0,0.0,0.0,14.79,2.76,0.0
20231013:1910,0.0,0.0,0.0,15.36,3.52,0.0
20231013:2010,0.0,0.0,0.0,15.46,4.07,0.0
20231013:2110,0.0,0.0,0.0,15.86,4.34,0.0
20231013:2210,0.0,0.0,0.0,15.92,4.28,0.0
20231013:2310,0.0,0.0,0.0,15.91,4.21,0.0
20231014:0010,0.0,0.0,0.0,15.87,4.28,0.0
20231014:0110,0.0,0.0,0.0,15.81,4.48,0.0
20231014:0210,0.0,0.0,0.0,15.86,4.69,0.0
20231014:0310,0.0,0.0,0.0,15.97,4.83,0.0
20231014:0410,0.0,0.0,0.0,16.04,4.97,0.0
20231014:0510,18.59,38.29,3.62,16.05,5.17,0.0
20231014:0610,260.33,311.78,12.64,16.78,5.31,0.0
20231014:0710,470.36,545.95,20.63,17.83,5.03,0.0
20231014:0810,485.97,565.78,27.03,19.31,5.86,0.0
20231014:0910,670.63,789.06,31.23,20.57,6.55,0.0
20231014:1010,717.71,850.03,32.68,21.36,6.76,0.0
20231014:1110,545.87,642.9,31.15,21.7,6.41,0.0
20231014:1210,58.83,85.61,26.88,21.79,5.52,0.0
20231014:1310,45.33,69.39,20.42,21.54,4.34,0.0
20231014:1410,225.54,278.52,12.4,20.89,4.21,0.0
20231014:1510,12.88,29.8,3.36,19.62,4.21,0.0
20231014:1610,0.0,0.0,0.0,18.3,4.21,0.0
20231014:1710,0.0,0.0,0.0,17.51,4.21,0.0
20231014:1810,0.0,0.0,0.0,17.08,4.34,0.0
20231014:1910,0.0,0.0,0.0,16.95,4.41,0.0
20231014:2010,0.0,0.0,0.0,16.91,4.28,0.0
20231014:2110,0.0,0.0,0.0,16.9,4.0,0.0
20231014:2210,0.0,0.0,0.0,16.64,3.52,0.0
20231014:2310,0.0,0.0,0.0,16.37,2.9,0.0
20231015:0010,0.0,0.0,0.0,15.57,2.28,0.0
20231015:0110,0.0,0.0,0.0,14.76,2.41,0.0
20231015:0210,0.0,0.0,0.0,14.11,3.93,0.0
20231015:0310,0.0,0.0,0.0,12.56,4.62,0.0
20231015:0410,0.0,0.0,0.0,11.43,3.93,0.0
20231015:0510,0.0,2.7,3.37,10.73,3.17,0.0
20231015:0610,17.26,32.44,12.37,10.52,2.34,0.0
20231015:0710,20.79,36.95,20.33,10.38,3.1,0.0
20231015:0810,30.25,48.66,26.71,10.52,2.55,0.0
20231015:0910,36.24,55.87,30.88,10.84,3.24,0.0
20231015:1010,28.77,46.86,32.3,10.59,3.17,0.0
20231015:1110,28.06,45.96,30.77,10.39,3.38,0.0
20231015:1210,18.71,34.24,26.52,9.91,2.76,0.0
20231015:1310,65.52,89.22,20.07,9.57,2.14,0.0
20231015:1410,4.02,13.52,12.07,9.45,2.14,0.0
20231015:1510,0.0,2.7,3.04,9.45,2.07,0.0
20231015:1610,0.0,0.0,0.0,9.16,1.93,0.0
20231015:1710,0.0,0.0,0.0,8.81,2.21,0.0
20231015:1810,0.0,0.0,0.0,8.59,2.48,0.0
20231015:1910,0.0,0.0,0.0,7.77,2.83,0.0
20231015:2010,0.0,0.0,0.0,7.41,2.97,0.0
20231015:2110,0.0,0.0,0.0,7.03,2.97,0.0
20231015:2210,0.0,0.0,0.0,6.56,3.31,0.0
20231015:2310,0.0,0.0,0.0,6.05,3.72,0.0
20231016:0010,0.0,0.0,0.0,5.6,4.0,0.0
20231016:0110,0.0,0.0,0.0,5.36,4.21,0.0
20231016:0210,0.0,0.0,0.0,5.12,4.34,0.0
20231016:0310,0.0,0.0,0.0,4.97,4.48,0.0
20231016:0410,0.0,0.0,0.0,4.79,4.62,0.0
20231016:0510,9.95,23.72,3.11,4.97,4.69,0.0
20231016:0610,222.4,255.78,12.09,5.5,5.31,0.0
20231016:0710,175.08,203.34,20.03,5.73,5.17,0.0
20231016:0810,101.66,127.07,26.38,6.41,5.72,0.0
20231016:0910,57.55,79.3,30.52,7.44,7.17,0.0
20231016:1010,58.2,80.2,31.93,7.98,6.76,0.0
20231016:1110,44.45,64.88,30.4,8.84,6.9,0.0
20231016:1210,38.11,57.68,26.15,9.4,6.76,0.0
20231016:1310,231.16,265.11,19.73,9.22,6.28,0.0
20231016:1410,67.75,91.35,11.74,8.88,5.66,0.0
20231016:1510,1.99,9.91,2.72,8.33,4.28,0.0
20231016:1610,0.0,0.0,0.0,7.47,3.52,0.0
20231016:1710,0.0,0.0,0.0,6.78,3.17,0.0
20231016:1810,0.0,0.0,0.0,6.1,2.9,0.0
20231016:1910,0.0,0.0,0.0,5.44,2.9,0.0
20231016:2010,0.0,0.0,0.0,5.16,2.97,0.0
20231016:2110,0.0,0.0,0.0,5.16,2.97,0.0
20231016:2210,0.0,0.0,0.0,5.14,2.97,0.0
20231016:2310,0.0,0.0,0.0,4.68,2.83,0.0
20231017:0010,0.0,0.0,0.0,4.11,2.76,0.0
20231017:0110,0.0,0.0,0.0,3.84,2.62,0.0
20231017:0210,0.0,0.0,0.0,3.53,2.48,0.0
20231017:0310,0.0,0.0,0.0,3.31,2.34,0.0
20231017:0410,0.0,0.0,0.0,2.89,2.28,0.0
20231017:0510,5.71,16.72,2.86,2.32,2.14,0.0
20231017:0610,251.41,287.44,11.82,3.16,1.52,0.0
20231017:0710,496.63,559.19,19.73,5.96,1.45,0.0
20231017:0810,586.61,665.15,26.05,7.24,1.93,0.0
20231017:0910,448.9,507.28,30.17,8.12,2.07,0.0
20231017:1010,586.16,671.55,31.57,8.58,1.79,0.0
20231017:1110,290.87,334.28,30.03,9.02,1.52,0.0
20231017:1210,456.57,520.99,25.79,8.98,1.31,0.0
20231017:1310,425.43,487.46,19.38,9.0,0.9,0.0
20231017:1410,142.61,175.02,11.41,8.83,0.83,0.0
20231017:1510,4.6,15.51,2.41,8.38,1.1,0.0
20231017:1610,0.0,0.0,0.0,7.64,1.24,0.0
20231017:1710,0.0,0.0,0.0,6.7,1.31,0.0
20231017:1810,0.0,0.0,0.0,5.73,1.59,0.0
20231017:1910,0.0,0.0,0.0,4.8,2.0,0.0
20231017:2010,0.0,0.0,0.0,4.07,1.86,0.0
20231017:2110,0.0,0.0,0.0,3.73,1.72,0.0
20231017:2210,0.0,0.0,0.0,3.3,1.59,0.0
20231017:2310,0.0,0.0,0.0,2.94,1.45,0.0
20231018:0010,0.0,0.0,0.0,2.8,1.31,0.0
20231018:0110,0.0,0.0,0.0,2.62,1.24,0.0
20231018:0210,0.0,0.0,0.0,2.2,1.38,0.0
20231018:0310,0.0,0.0,0.0,1.65,1.59,0.0
20231018:0410,0.0,0.0,0.0,1.26,1.66,0.0
20231018:0510,16.82,34.67,2.6,1.35,1.66,0.0
20231018:0610,297.98,338.21,11.55,2.6,1.31,0.0
20231018:0710,540.78,605.93,19.43,4.63,1.59,0.0
20231018:0810,680.34,778.89,25.73,7.05,1.86,0.0
20231018:0910,667.59,757.29,29.82,8.74,3.45,0.0
20231018:1010,794.82,913.07,31.2,9.6,3.93,0.0
20231018:1110,716.59,817.96,29.66,9.75,3.79,0.0
20231018:1210,609.7,689.3,25.44,9.97,3.86,0.0
20231018:1310,462.07,520.87,19.04,9.97,3.66,0.0
20231018:1410,227.61,268.12,11.09,9.63,3.38,0.0
20231018:1510,0.66,7.21,2.1,8.75,2.62,0.0
20231018:1610,0.0,0.0,0.0,7.29,2.28,0.0
20231018:1710,0.0,0.0,0.0,5.76,2.41,0.0
20231018:1810,0.0,0.0,0.0,4.83,2.41,0.0
20231018:1910,0.0,0.0,0.0,3.79,2.28,0.0
20231018:2010,0.0,0.0,0.0,3.01,2.21,0.0
20231018:2110,0.0,0.0,0.0,2.29,2.21,0.0
20231018:2210,0.0,0.0,0.0,1.68,2.28,0.0
20231018:2310,0.0,0.0,0.0,1.14,2.28,0.0
20231019:0010,0.0,0.0,0.0,0.69,2.28,0.0
20231019:0110,0.0,0.0,0.0,0.36,2.21,0.0
20231019:0210,0.0,0.0,0.0,0.08,2.07,0.0
20231019:0310,0.0,0.0,0.0,-0.25,2.0,0.0
20231019:0410,0.0,0.0,0.0,-0.62,1.93,0.0
20231019:0510,13.04,28.99,2.34,-0.78,1.93,0.0
20231019:0610,154.67,181.1,11.27,0.54,1.66,0.0
20231019:0710,344.96,384.73,19.14,4.26,1.45,0.0
20231019:0810,218.47,252.46,25.4,7.31,2.07,0.0
20231019:0910,106.48,134.28,29.47,9.29,2.76,0.0
20231019:1010,89.59,116.25,30.84,10.39,2.97,0.0
20231019:1110,26.52,44.16,29.3,10.81,2.76,0.0
20231019:1210,17.25,32.44,25.08,10.56,2.48,0.0
20231019:1310,22.89,39.65,18.71,10.73,2.55,0.0
20231019:1410,9.28,21.63,10.77,10.65,2.69,0.0
20231019:1510,0.0,1.8,1.79,10.11,2.69,0.0
20231019:1610,0.0,0.0,0.0,9.72,2.76,0.0
20231019:1710,0.0,0.0,0.0,9.89,2.76,0.0
20231019:1810,0.0,0.0,0.0,10.26,2.83,0.0
20231019:1910,0.0,0.0,0.0,10.94,4.28,0.0
20231019:2010,0.0,0.0,0.0,11.56,4.76,0.0
20231019:2110,0.0,0.0,0.0,11.84,4.41,0.0
20231019:2210,0.0,0.0,0.0,12.08,4.34,0.0
20231019:2310,0.0,0.0,0.0,12.09,4.28,0.0
20231020:0010,0.0,0.0,0.0,12.11,4.21,0.0
20231020:0110,0.0,0.0,0.0,12.32,4.28,0.0
20231020:0210,0.0,0.0,0.0,12.55,4.41,0.0
20231020:0310,0.0,0.0,0.0,12.67,4.76,0.0
20231020:0410,0.0,0.0,0.0,12.86,5.03,0.0
20231020:0510,0.0,2.7,2.09,13.09,4.9,0.0
20231020:0610,32.91,52.41,11.0,13.4,4.55,0.0
20231020:0710,25.34,43.26,18.84,14.33,4.69,0.0
20231020:0810,46.74,69.39,25.08,15.55,4.69,0.0
20231020:0910,58.77,83.81,29.12,16.65,4.62,0.0
20231020:1010,62.3,88.32,30.48,17.7,4.07,0.0
20231020:1110,188.58,230.45,28.94,18.33,4.48,0.0
20231020:1210,330.25,385.39,24.73,17.98,5.59,0.0
20231020:1310,389.12,452.73,18.37,17.94,5.03,0.0
20231020:1410,61.11,87.38,10.45,18.31,4.34,0.0
20231020:1510,0.0,4.51,1.49,18.12,4.0,0.0
20231020:1610,0.0,0.0,0.0,17.77,4.41,0.0
20231020:1710,0.0,0.0,0.0,18.1,5.03,0.0
20231020:1810,0.0,0.0,0.0,19.09,5.93,0.0
20231020:1910,0.0,0.0,0.0,19.14,5.72,0.0
20231020:2010,0.0,0.0,0.0,19.62,6.28,0.0
20231020:2110,0.0,0.0,0.0,19.73,6.9,0.0
20231020:2210,0.0,0.0,0.0,19.85,7.38,0.0
20231020:2310,0.0,0.0,0.0,19.93,7.66,0.0
20231021:0010,0.0,0.0,0.0,20.06,7.86,0.0
20231021:0110,0.0,0.0,0.0,19.81,7.52,0.0
20231021:0210,0.0,0.0,0.0,19.35,6.97,0.0
20231021:0310,0.0,0.0,0.0,19.06,6.55,0.0
20231021:0410,0.0,0.0,0.0,18.97,6.21,0.0
20231021:0510,0.0,4.51,1.83,18.9,5.93,0.0
20231021:0610,31.34,51.58,10.72,18.91,5.79,0.0
20231021:0710,96.8,128.48,18.54,19.97,5.79,0.0
20231021:0810,192.66,236.55,24.75,20.95,5.79,0.0
20231021:0910,352.62,418.56,28.78,21.73,5.38,0.0
20231021:1010,298.99,356.82,30.12,21.38,5.79,0.0
20231021:1110,324.87,386.26,28.58,21.26,5.17,0.0
20231021:1210,267.82,321.68,24.39,21.4,4.76,0.0
20231021:1310,64.12,91.69,18.05,21.13,3.66,0.0
20231021:1410,10.58,24.33,10.14,20.64,3.38,0.0
20231021:1510,0.0,0.0,0.0,19.7,3.1,0.0
20231021:1610,0.0,0.0,0.0,18.48,2.83,0.0
20231021:1710,0.0,0.0,0.0,17.77,2.76,0.0
20231021:1810,0.0,0.0,0.0,17.02,2.62,0.0
20231021:1910,0.0,0.0,0.0,16.69,2.14,0.0
20231021:2010,0.0,0.0,0.0,15.87,1.52,0.0
20231021:2110,0.0,0.0,0.0,15.26,1.52,0.0
20231021:2210,0.0,0.0,0.0,14.95,1.66,0.0
20231021:2310,0.0,0.0,0.0,14.53,1.66,0.0
20231022:0010,0.0,0.0,0.0,14.37,1.79,0.0
20231022:0110,0.0,0.0,0.0,14.16,2.0,0.0
20231022:0210,0.0,0.0,0.0,13.75,2.07,0.0
20231022:0310,0.0,0.0,0.0,13.46,2.0,0.0
20231022:0410,0.0,0.0,0.0,13.18,2.21,0.0
20231022:0510,0.0,0.9,1.57,13.85,2.55,0.0
20231022:0610,7.84,19.83,10.45,14.97,3.03,0.0
20231022:0710,28.68,47.76,18.25,16.09,2.97,0.0
20231022:0810,68.84,95.52,24.43,16.58,3.24,0.0
20231022:0910,382.45,448.69,28.43,18.04,3.45,0.0
20231022:1010,200.1,243.66,29.76,19.13,5.52,0.0
20231022:1110,46.73,70.29,28.23,18.93,5.72,0.0
20231022:1210,17.21,33.34,24.05,18.63,5.66,0.0
20231022:1310,158.46,195.54,17.72,17.96,5.59,0.0
20231022:1410,12.05,26.13,9.83,17.47,6.14,0.0
20231022:1510,0.0,0.0,0.0,16.87,5.93,0.0
20231022:1610,0.0,0.0,0.0,16.01,5.38,0.0
20231022:1710,0.0,0.0,0.0,15.36,5.1,0.0
20231022:1810,0.0,0.0,0.0,14.97,4.9,0.0
20231022:1910,0.0,0.0,0.0,15.08,4.76,0.0
20231022:2010,0.0,0.0,0.0,14.78,4.62,0.0
20231022:2110,0.0,0.0,0.0,14.33,4.48,0.0
20231022:2210,0.0,0.0,0.0,13.76,4.9,0.0
20231022:2310,0.0,0.0,0.0,13.45,4.97,0.0
20231023:0010,0.0,0.0,0.0,13.31,4.83,0.0
20231023:0110,0.0,0.0,0.0,13.2,4.48,0.0
20231023:0210,0.0,0.0,0.0,12.92,4.07,0.0
20231023:0310,0.0,0.0,0.0,12.64,3.86,0.0
20231023:0410,0.0,0.0,0.0,11.92,3.66,0.0
20231023:0510,0.0,0.9,1.32,11.17,3.45,0.0
20231023:0610,120.41,151.16,10.18,11.24,3.31,0.0
20231023:0710,327.92,376.06,17.95,12.34,3.31,0.0
20231023:0810,638.34,736.73,24.11,13.62,3.66,0.0
20231023:0910,440.31,506.55,28.09,14.49,3.72,0.0
20231023:1010,250.18,295.17,29.41,15.17,3.79,0.0
20231023:1110,200.91,241.4,27.87,15.81,4.28,0.0
20231023:1210,87.84,116.78,23.71,15.99,4.07,0.0
20231023:1310,48.15,71.19,17.4,15.87,3.52,0.0
20231023:1410,63.45,89.35,9.52,15.59,2.55,0.0
20231023:1510,0.0,0.0,0.0,14.35,1.86,0.0
20231023:1610,0.0,0.0,0.0,13.12,1.72,0.0
20231023:1710,0.0,0.0,0.0,11.47,2.0,0.0
20231023:1810,0.0,0.0,0.0,10.04,2.21,0.0
20231023:1910,0.0,0.0,0.0,8.85,1.93,0.0
20231023:2010,0.0,0.0,0.0,7.85,1.93,0.0
20231023:2110,0.0,0.0,0.0,7.3,1.93,0.0
20231023:2210,0.0,0.0,0.0,6.99,2.0,0.0
20231023:2310,0.0,0.0,0.0,6.7,2.07,0.0
20231024:0010,0.0,0.0,0.0,6.45,2.07,0.0
20231024:0110,0.0,0.0,0.0,6.23,2.07,0.0
20231024:0210,0.0,0.0,0.0,6.0,2.0,0.0
20231024:0310,0.0,0.0,0.0,5.89,2.0,0.0
20231024:0410,0.0,0.0,0.0,6.04,1.86,0.0
20231024:0510,0.0,0.0,0.0,6.19,1.79,0.0
20231024:0610,16.86,31.54,9.9,7.18,1.59,0.0
20231024:0710,51.8,73.9,17.65,10.08,1.38,0.0
20231024:0810,346.75,400.44,23.79,12.25,1.59,0.0
20231024:0910,121.08,153.3,27.75,14.01,2.07,0.0
20231024:1010,193.45,233.43,29.06,14.7,2.28,0.0
20231024:1110,251.89,297.88,27.53,15.02,2.41,0.0
20231024:1210,59.77,84.71,23.37,15.43,2.28,0.0
20231024:1310,28.74,47.76,17.08,15.62,2.34,0.0
20231024:1410,105.12,137.39,9.22,15.51,2.28,0.0
20231024:1510,0.0,0.0,0.0,14.39,2.21,0.0
20231024:1610,0.0,0.0,0.0,13.17,2.21,0.0
20231024:1710,0.0,0.0,0.0,13.09,2.28,0.0
20231024:1810,0.0,0.0,0.0,13.02,2.41,0.0
20231024:1910,0.0,0.0,0.0,12.37,2.41,0.0
20231024:2010,0.0,0.0,0.0,12.25,2.34,0.0
20231024:2110,0.0,0.0,0.0,12.41,2.48,0.0
20231024:2210,0.0,0.0,0.0,12.12,2.55,0.0
20231024:2310,0.0,0.0,0.0,12.13,2.34,0.0
20231025:0010,0.0,0.0,0.0,12.13,2.48,0.0
20231025:0110,0.0,0.0,0.0,12.19,2.69,0.0
20231025:0210,0.0,0.0,0.0,12.2,2.69,0.0
20231025:0310,0.0,0.0,0.0,12.16,2.9,0.0
20231025:0410,0.0,0.0,0.0,12.18,3.03,0.0
20231025:0510,0.0,0.0,0.0,12.45,2.97,0.0
20231025:0610,2.89,11.72,9.63,12.7,3.03,0.0
20231025:0710,18.4,34.24,17.36,13.09,3.03,0.0
20231025:0810,61.84,86.51,23.48,13.99,3.38,0.0
20231025:0910,114.6,146.11,27.42,14.81,3.86,0.0
20231025:1010,80.53,108.14,28.71,15.08,4.21,0.0
20231025:1110,33.98,54.07,27.18,15.2,4.14,0.0
20231025:1210,14.22,28.84,23.04,14.44,4.07,0.0
20231025:1310,86.79,114.38,16.77,14.11,4.28,0.0
20231025:1410,1.45,9.01,8.92,13.62,4.34,0.0
20231025:1510,0.0,0.0,0.0,13.25,4.28,0.0
20231025:1610,0.0,0.0,0.0,12.95,4.21,0.0
20231025:1710,0.0,0.0,0.0,12.8,4.07,0.0
20231025:1810,0.0,0.0,0.0,12.28,3.52,0.0
20231025:1910,0.0,0.0,0.0,11.65,2.41,0.0
20231025:2010,0.0,0.0,0.0,11.22,2.0,0.0
20231025:2110,0.0,0.0,0.0,10.77,1.79,0.0
20231025:2210,0.0,0.0,0.0,10.54,1.38,0.0
20231025:2310,0.0,0.0,0.0,11.26,0.83,0.0
20231026:0010,0.0,0.0,0.0,11.11,0.9,0.0
20231026:0110,0.0,0.0,0.0,10.8,1.45,0.0
20231026:0210,0.0,0.0,0.0,11.05,1.72,0.0
20231026:0310,0.0,0.0,0.0,11.09,1.72,0.0
20231026:0410,0.0,0.0,0.0,10.82,1.66,0.0
20231026:0510,0.0,0.0,0.0,10.81,1.86,0.0
20231026:0610,146.59,180.61,9.36,11.07,2.0,0.0
20231026:0710,458.06,527.99,17.07,11.95,1.72,0.0
20231026:0810,185.48,222.93,23.16,13.35,1.86,0.0
20231026:0910,109.36,140.21,27.08,14.44,3.45,0.0
20231026:1010,102.06,132.47,28.37,15.43,4.76,0.0
20231026:1110,193.74,233.29,26.84,15.96,4.9,0.0
20231026:1210,83.98,112.36,22.71,15.95,4.34,0.0
20231026:1310,23.73,41.45,16.46,15.66,3.31,0.0
20231026:1410,1.88,9.91,8.63,15.16,3.31,0.0
20231026:1510,0.0,0.0,0.0,14.62,3.24,0.0
20231026:1610,0.0,0.0,0.0,13.74,3.38,0.0
20231026:1710,0.0,0.0,0.0,13.09,3.72,0.0
20231026:1810,0.0,0.0,0.0,12.84,4.07,0.0
20231026:1910,0.0,0.0,0.0,12.87,4.55,0.0
20231026:2010,0.0,0.0,0.0,12.71,4.48,0.0
20231026:2110,0.0,0.0,0.0,12.62,4.21,0.0
20231026:2210,0.0,0.0,0.0,12.38,3.72,0.0
20231026:2310,0.0,0.0,0.0,12.23,3.1,0.0
20231027:0010,0.0,0.0,0.0,12.23,2.69,0.0
20231027:0110,0.0,0.0,0.0,11.98,1.93,0.0
20231027:0210,0.0,0.0,0.0,11.42,1.79,0.0
20231027:0310,0.0,0.0,0.0,11.23,1.86,0.0
20231027:0410,0.0,0.0,0.0,11.34,1.86,0.0
20231027:0510,0.0,0.0,0.0,11.42,1.93,0.0
20231027:0610,12.44,26.13,9.09,11.6,1.79,0.0
20231027:0710,21.92,38.75,16.77,12.78,1.45,0.0
20231027:0810,29.71,48.66,22.85,13.89,1.66,0.0
20231027:0910,28.91,47.76,26.75,14.47,2.28,0.0
20231027:1010,20.33,36.95,28.02,14.51,2.28,0.0
20231027:1110,23.2,40.55,26.5,14.14,2.48,0.0
20231027:1210,26.09,44.16,22.39,13.91,2.28,0.0
20231027:1310,12.3,26.13,16.15,13.59,2.55,0.0
20231027:1410,1.02,8.11,8.34,13.3,3.38,0.0
20231027:1510,0.0,0.0,0.0,13.16,4.21,0.0
20231027:1610,0.0,0.0,0.0,13.09,4.41,0.0
20231027:1710,0.0,0.0,0.0,13.3,3.93,0.0
20231027:1810,0.0,0.0,0.0,13.91,3.52,0.0
20231027:1910,0.0,0.0,0.0,14.24,4.55,0.0
20231027:2010,0.0,0.0,0.0,14.18,7.1,0.0
20231027:2110,0.0,0.0,0.0,13.0,8.76,0.0
20231027:2210,0.0,0.0,0.0,11.54,8.9,0.0
20231027:2310,0.0,0.0,0.0,10.89,7.52,0.0
20231028:0010,0.0,0.0,0.0,10.66,6.14,0.0
20231028:0110,0.0,0.0,0.0,10.67,5.66,0.0
20231028:0210,0.0,0.0,0.0,10.85,5.45,0.0
20231028:0310,0.0,0.0,0.0,11.12,5.93,0.0
20231028:0410,0.0,0.0,0.0,11.25,6.41,0.0
20231028:0510,0.0,0.0,0.0,11.03,6.41,0.0
20231028:0610,20.75,36.95,8.82,10.94,5.93,0.0
20231028:0710,418.29,471.63,16.48,11.44,4.9,0.0
20231028:0810,688.47,774.48,22.53,11.93,6.69,0.0
20231028:0910,744.59,842.51,26.42,12.74,7.17,0.0
20231028:1010,547.66,618.22,27.69,13.24,6.55,0.0
20231028:1110,302.16,346.95,26.17,13.68,6.41,0.0
20231028:1210,152.3,185.81,22.07,13.85,5.38,0.0
20231028:1310,261.5,303.96,15.85,13.99,4.83,0.0
20231028:1410,184.54,225.35,8.06,13.41,3.86,0.0
20231028:1510,0.0,0.0,0.0,12.72,3.38,0.0
20231028:1610,0.0,0.0,0.0,11.9,3.31,0.0
20231028:1710,0.0,0.0,0.0,11.16,3.31,0.0
20231028:1810,0.0,0.0,0.0,10.77,3.17,0.0
20231028:1910,0.0,0.0,0.0,10.93,4.21,0.0
20231028:2010,0.0,0.0,0.0,11.1,4.41,0.0
20231028:2110,0.0,0.0,0.0,11.32,4.55,0.0
20231028:2210,0.0,0.0,0.0,11.28,4.34,0.0
20231028:2310,0.0,0.0,0.0,11.18,4.21,0.0
20231029:0010,0.0,0.0,0.0,10.86,3.93,0.0
20231029:0110,0.0,0.0,0.0,10.82,3.59,0.0
20231029:0210,0.0,0.0,0.0,10.71,3.24,0.0
20231029:0310,0.0,0.0,0.0,10.2,3.1,0.0
20231029:0410,0.0,0.0,0.0,9.86,3.17,0.0
20231029:0510,0.0,0.0,0.0,9.73,3.1,0.0
20231029:0610,18.0,33.34,8.55,10.05,3.17,0.0
20231029:0710,193.68,228.4,16.19,11.22,3.1,0.0
20231029:0810,527.3,601.58,22.22,12.86,3.72,0.0
20231029:0910,724.68,842.81,26.09,14.4,4.21,0.0
20231029:1010,748.03,873.47,27.35,15.6,4.76,0.0
20231029:1110,687.97,798.16,25.84,16.09,5.17,0.0
20231029:1210,520.11,597.74,21.75,16.1,5.1,0.0
20231029:1310,408.88,471.38,15.55,15.79,4.69,0.0
20231029:1410,216.59,263.59,7.78,15.25,4.21,0.0
20231029:1510,0.0,0.0,0.0,14.49,3.72,0.0
20231029:1610,0.0,0.0,0.0,13.41,3.38,0.0
20231029:1710,0.0,0.0,0.0,12.95,3.1,0.0
20231029:1810,0.0,0.0,0.0,12.99,3.38,0.0
20231029:1910,0.0,0.0,0.0,13.58,4.48,0.0
20231029:2010,0.0,0.0,0.0,14.0,5.1,0.0
20231029:2110,0.0,0.0,0.0,14.44,5.52,0.0
20231029:2210,0.0,0.0,0.0,14.56,5.38,0.0
20231029:2310,0.0,0.0,0.0,14.53,4.76,0.0
20231030:0010,0.0,0.0,0.0,14.15,4.0,0.0
20231030:0110,0.0,0.0,0.0,13.9,3.66,0.0
20231030:0210,0.0,0.0,0.0,13.68,3.72,0.0
20231030:0310,0.0,0.0,0.0,13.66,4.14,0.0
20231030:0410,0.0,0.0,0.0,13.75,4.55,0.0
20231030:0510,0.0,0.0,0.0,13.83,4.62,0.0
20231030:0610,143.58,178.92,8.28,14.0,4.48,0.0
20231030:0710,181.93,218.48,15.91,14.8,4.41,0.0
20231030:0810,195.14,235.03,21.91,16.16,3.52,0.0
20231030:0910,726.67,857.28,25.77,17.16,4.21,0.0
20231030:1010,167.43,206.18,27.02,17.8,5.1,0.0
20231030:1110,107.67,140.06,25.51,17.92,4.76,0.0
20231030:1210,86.41,115.95,21.44,17.69,3.66,0.0
20231030:1310,27.79,46.86,15.26,17.46,4.9,0.0
20231030:1410,3.3,12.62,7.51,17.26,4.41,0.0
20231030:1510,0.0,0.0,0.0,16.85,4.0,0.0
20231030:1610,0.0,0.0,0.0,16.24,3.66,0.0
20231030:1710,0.0,0.0,0.0,15.74,3.52,0.0
20231030:1810,0.0,0.0,0.0,15.29,3.38,0.0
20231030:1910,0.0,0.0,0.0,14.67,3.03,0.0
20231030:2010,0.0,0.0,0.0,13.91,2.9,0.0
20231030:2110,0.0,0.0,0.0,13.34,2.83,0.0
20231030:2210,0.0,0.0,0.0,12.85,2.83,0.0
20231030:2310,0.0,0.0,0.0,12.53,3.03,0.0
20231031:0010,0.0,0.0,0.0,12.59,3.24,0.0
20231031:0110,0.0,0.0,0.0,13.01,3.31,0.0
20231031:0210,0.0,0.0,0.0,13.47,3.31,0.0
20231031:0310,0.0,0.0,0.0,13.86,3.24,0.0
20231031:0410,0.0,0.0,0.0,14.25,3.24,0.0
20231031:0510,0.0,0.0,0.0,14.51,3.31,0.0
20231031:0610,3.88,13.52,8.01,14.73,3.38,0.0
20231031:0710,43.56,65.79,15.62,15.98,3.72,0.0
20231031:0810,20.05,36.95,21.61,17.27,3.79,0.0
20231031:0910,29.02,48.66,25.45,18.8,4.34,0.0
20231031:1010,24.66,43.26,26.69,19.55,4.76,0.0
20231031:1110,19.8,36.95,25.19,19.75,4.97,0.0
20231031:1210,24.06,42.36,21.13,18.72,4.28,0.0
20231031:1310,6.52,18.02,14.97,18.29,2.41,0.0
20231031:1410,3.81,13.52,7.24,17.38,1.38,0.0
20231031:1510,0.0,0.0,0.0,15.86,1.52,0.0
20231031:1610,0.0,0.0,0.0,13.79,2.28,0.0
20231031:1710,0.0,0.0,0.0,13.08,2.69,0.0
20231031:1810,0.0,0.0,0.0,13.11,2.9,0.0
20231031:1910,0.0,0.0,0.0,14.36,4.34,0.0
20231031:2010,0.0,0.0,0.0,14.14,4.21,0.0
20231031:2110,0.0,0.0,0.0,14.17,3.72,0.0
20231031:2210,0.0,0.0,0.0,14.07,3.52,0.0
20231031:2310,0.0,0.0,0.0,13.74,4.21,0.0
20231101:0010,0.0,0.0,0.0,13.29,4.48,0.0
20231101:0110,0.0,0.0,0.0,12.24,4.55,0.0
20231101:0210,0.0,0.0,0.0,10.95,4.41,0.0
20231101:0310,0.0,0.0,0.0,10.17,3.72,0.0
20231101:0410,0.0,0.0,0.0,9.88,3.45,0.0
20231101:0510,0.0,0.0,0.0,9.67,3.52,0.0
20231101:0610,24.03,40.93,7.74,9.64,3.52,0.0
20231101:0710,210.86,244.86,15.33,9.64,3.45,0.0
20231101:0810,224.53,260.0,21.3,10.03,3.59,0.0
20231101:0910,228.68,265.36,25.13,11.08,4.9,0.0
20231101:1010,208.08,244.4,26.37,11.62,4.48,0.0
20231101:1110,154.88,187.73,24.87,12.02,4.28,0.0
20231101:1210,589.03,670.7,20.83,12.31,4.0,0.0
20231101:1310,50.04,72.31,14.69,12.27,3.24,0.0
20231101:1410,26.61,44.61,6.97,11.85,2.21,0.0
20231101:1510,0.0,0.0,0.0,10.9,1.79,0.0
20231101:1610,0.0,0.0,0.0,9.78,1.86,0.0
20231101:1710,0.0,0.0,0.0,9.07,2.07,0.0
20231101:1810,0.0,0.0,0.0,8.82,2.28,0.0
20231101:1910,0.0,0.0,0.0,8.79,3.1,0.0
20231101:2010,0.0,0.0,0.0,8.69,3.24,0.0
20231101:2110,0.0,0.0,0.0,8.61,3.17,0.0
20231101:2210,0.0,0.0,0.0,8.24,3.1,0.0
20231101:2310,0.0,0.0,0.0,8.28,3.24,0.0
20231102:0010,0.0,0.0,0.0,8.31,3.17,0.0
20231102:0110,0.0,0.0,0.0,8.36,2.83,0.0
20231102:0210,0.0,0.0,0.0,7.82,2.48,0.0
20231102:0310,0.0,0.0,0.0,6.93,2.34,0.0
20231102:0410,0.0,0.0,0.0,6.18,2.28,0.0
20231102:0510,0.0,0.0,0.0,5.54,2.28,0.0
20231102:0610,130.01,158.68,7.48,5.35,2.14,0.0
20231102:0710,448.45,505.52,15.05,7.86,2.0,0.0
20231102:0810,585.86,667.85,21.0,9.63,2.34,0.0
20231102:0910,694.23,804.5,24.81,11.27,2.69,0.0
20231102:1010,722.01,842.91,26.05,12.75,3.03,0.0
20231102:1110,664.05,773.49,24.56,13.82,3.1,0.0
20231102:1210,209.63,249.3,20.53,14.5,2.97,0.0
20231102:1310,157.9,192.74,14.41,14.48,2.69,0.0
20231102:1410,48.42,71.42,6.71,13.49,2.76,0.0
20231102:1510,0.0,0.0,0.0,11.69,3.17,0.0
20231102:1610,0.0,0.0,0.0,10.21,3.24,0.0
20231102:1710,0.0,0.0,0.0,9.18,3.1,0.0
20231102:1810,0.0,0.0,0.0,8.36,3.03,0.0
20231102:1910,0.0,0.0,0.0,7.48,2.76,0.0
20231102:2010,0.0,0.0,0.0,6.83,2.62,0.0
20231102:2110,0.0,0.0,0.0,6.33,2.62,0.0
20231102:2210,0.0,0.0,0.0,6.11,2.83,0.0
20231102:2310,0.0,0.0,0.0,5.94,2.76,0.0
20231103:0010,0.0,0.0,0.0,5.73,2.76,0.0
20231103:0110,0.0,0.0,0.0,5.6,2.83,0.0
20231103:0210,0.0,0.0,0.0,5.91,3.03,0.0
20231103:0310,0.0,0.0,0.0,6.31,3.24,0.0
20231103:0410,0.0,0.0,0.0,6.66,3.45,0.0
20231103:0510,0.0,0.0,0.0,7.27,3.66,0.0
20231103:0610,38.48,58.0,7.21,7.75,3.79,0.0
20231103:0710,124.15,151.46,14.77,8.33,4.07,0.0
20231103:0810,219.19,254.18,20.7,10.27,4.0,0.0
20231103:0910,490.03,554.0,24.5,12.28,4.69,0.0
20231103:1010,172.03,207.27,25.74,13.59,5.1,0.0
20231103:1110,678.45,779.69,24.25,14.71,5.31,0.0
20231103:1210,159.74,194.78,20.24,15.23,5.03,0.0
20231103:1310,140.35,173.32,14.14,15.28,5.38,0.0
20231103:1410,2.85,11.72,6.46,14.77,5.31,0.0
20231103:1510,0.0,0.0,0.0,14.01,5.1,0.0
20231103:1610,0.0,0.0,0.0,13.73,4.76,0.0
20231103:1710,0.0,0.0,0.0,13.52,4.48,0.0
20231103:1810,0.0,0.0,0.0,13.51,4.14,0.0
20231103:1910,0.0,0.0,0.0,12.84,3.72,0.0
20231103:2010,0.0,0.0,0.0,12.69,3.66,0.0
20231103:2110,0.0,0.0,0.0,12.21,3.66,0.0
20231103:2210,0.0,0.0,0.0,12.13,4.28,0.0
20231103:2310,0.0,0.0,0.0,11.67,4.55,0.0
20231104:0010,0.0,0.0,0.0,11.15,4.21,0.0
20231104:0110,0.0,0.0,0.0,10.53,3.03,0.0
20231104:0210,0.0,0.0,0.0,9.25,1.66,0.0
20231104:0310,0.0,0.0,0.0,7.12,2.0,0.0
20231104:0410,0.0,0.0,0.0,5.99,2.07,0.0
20231104:0510,0.0,0.0,0.0,5.25,2.28,0.0
20231104:0610,155.17,185.89,6.95,5.04,2.14,0.0
20231104:0710,118.19,145.17,14.49,7.38,1.66,0.0
20231104:0810,123.14,152.89,20.41,10.58,1.66,0.0
20231104:0910,407.31,468.92,24.19,11.94,1.59,0.0
20231104:1010,93.87,122.56,25.42,12.82,1.24,0.0
20231104:1110,41.75,63.08,23.95,13.33,1.24,0.0
20231104:1210,141.43,174.73,19.95,13.44,1.52,0.0
20231104:1310,21.18,37.85,13.87,13.14,1.59,0.0
20231104:1410,15.74,30.76,6.21,12.43,1.79,0.0
20231104:1510,0.0,0.0,0.0,11.43,2.0,0.0
20231104:1610,0.0,0.0,0.0,10.63,1.93,0.0
20231104:1710,0.0,0.0,0.0,9.77,1.79,0.0
20231104:1810,0.0,0.0,0.0,9.26,1.72,0.0
20231104:1910,0.0,0.0,0.0,8.01,2.48,0.0
20231104:2010,0.0,0.0,0.0,7.65,2.76,0.0
20231104:2110,0.0,0.0,0.0,7.81,2.83,0.0
20231104:2210,0.0,0.0,0.0,8.63,3.24,0.0
20231104:2310,0.0,0.0,0.0,9.05,3.86,0.0
20231105:0010,0.0,0.0,0.0,8.98,4.28,0.0
20231105:0110,0.0,0.0,0.0,8.36,5.03,0.0
20231105:0210,0.0,0.0,0.0,8.12,5.03,0.0
20231105:0310,0.0,0.0,0.0,8.3,4.55,0.0
20231105:0410,0.0,0.0,0.0,8.53,4.28,0.0
20231105:0510,0.0,0.0,0.0,8.52,4.0,0.0
20231105:0610,1.07,8.11,6.69,8.82,3.79,0.0
20231105:0710,25.21,42.36,14.21,9.74,4.0,0.0
20231105:0810,211.46,246.45,20.11,10.54,3.52,0.0
20231105:0910,47.76,69.39,23.89,11.04,3.38,0.0
20231105:1010,27.19,45.06,25.12,11.37,3.59,0.0
20231105:1110,55.59,78.4,23.65,11.19,3.79,0.0
20231105:1210,41.61,62.18,19.67,10.94,4.55,0.0
20231105:1310,20.78,36.95,13.61,10.65,4.69,0.0
20231105:1410,8.06,19.83,5.96,10.31,4.28,0.0
20231105:1510,0.0,0.0,0.0,10.27,3.86,0.0
20231105:1610,0.0,0.0,0.0,10.55,3.59,0.0
20231105:1710,0.0,0.0,0.0,10.9,4.55,0.0
20231105:1810,0.0,0.0,0.0,11.61,6.07,0.0
20231105:1910,0.0,0.0,0.0,11.01,5.59,0.0
20231105:2010,0.0,0.0,0.0,10.81,5.17,0.0
20231105:2110,0.0,0.0,0.0,10.29,4.83,0.0
20231105:2210,0.0,0.0,0.0,10.06,5.1,0.0
20231105:2310,0.0,0.0,0.0,9.83,5.17,0.0
20231106:0010,0.0,0.0,0.0,9.65,5.03,0.0
20231106:0110,0.0,0.0,0.0,9.28,5.1,0.0
20231106:0210,0.0,0.0,0.0,9.07,5.52,0.0
20231106:0310,0.0,0.0,0.0,9.36,5.52,0.0
20231106:0410,0.0,0.0,0.0,9.72,5.45,0.0
20231106:0510,0.0,0.0,0.0,9.93,5.38,0.0
20231106:0610,82.43,108.71,6.43,9.87,5.24,0.0
20231106:0710,436.37,489.41,13.94,10.58,5.1,0.0
20231106:0810,507.28,568.77,19.82,11.26,5.24,0.0
20231106:0910,694.3,786.85,23.59,11.9,5.52,0.0
20231106:1010,657.16,746.02,24.81,12.53,5.45,0.0
20231106:1110,37.42,57.68,23.36,12.91,5.66,0.0
20231106:1210,11.72,25.23,19.39,12.83,5.59,0.0
20231106:1310,82.44,108.48,13.35,12.47,5.31,0.0
20231106:1410,96.23,125.92,5.72,12.02,4.83,0.0
20231106:1510,0.0,0.0,0.0,11.33,4.62,0.0
20231106:1610,0.0,0.0,0.0,10.66,4.55,0.0
20231106:1710,0.0,0.0,0.0,10.1,4.62,0.0
20231106:1810,0.0,0.0,0.0,10.15,4.76,0.0
20231106:1910,0.0,0.0,0.0,9.78,4.76,0.0
20231106:2010,0.0,0.0,0.0,9.86,4.9,0.0
20231106:2110,0.0,0.0,0.0,9.71,4.97,0.0
20231106:2210,0.0,0.0,0.0,9.53,4.97,0.0
20231106:2310,0.0,0.0,0.0,9.45,4.76,0.0
20231107:0010,0.0,0.0,0.0,9.0,4.28,0.0
20231107:0110,0.0,0.0,0.0,8.65,3.86,0.0
20231107:0210,0.0,0.0,0.0,8.45,3.59,0.0
20231107:0310,0.0,0.0,0.0,8.2,3.52,0.0
20231107:0410,0.0,0.0,0.0,8.11,3.45,0.0
20231107:0510,0.0,0.0,0.0,8.07,3.45,0.0
20231107:0610,181.04,216.62,6.17,8.29,3.45,0.0
20231107:0710,12.58,26.13,13.66,9.68,3.52,0.0
20231107:0810,56.27,79.3,19.54,11.44,3.1,0.0
20231107:0910,163.92,197.88,23.29,12.7,4.07,0.0
20231107:1010,633.4,725.77,24.52,13.54,4.55,0.0
20231107:1110,26.85,45.06,23.07,13.88,4.62,0.0
20231107:1210,221.57,260.46,19.12,13.91,4.28,0.0
20231107:1310,207.05,244.72,13.09,13.57,3.79,0.0
20231107:1410,96.68,127.08,5.49,12.67,3.31,0.0
20231107:1510,0.0,0.0,0.0,11.41,2.69,0.0
20231107:1610,0.0,0.0,0.0,10.25,2.14,0.0
20231107:1710,0.0,0.0,0.0,9.29,1.59,0.0
20231107:1810,0.0,0.0,0.0,9.05,1.03,0.0
20231107:1910,0.0,0.0,0.0,7.48,1.72,0.0
20231107:2010,0.0,0.0,0.0,9.22,0.9,0.0
20231107:2110,0.0,0.0,0.0,8.55,1.03,0.0
20231107:2210,0.0,0.0,0.0,7.07,1.17,0.0
20231107:2310,0.0,0.0,0.0,6.23,1.45,0.0
20231108:0010,0.0,0.0,0.0,6.56,1.38,0.0
20231108:0110,0.0,0.0,0.0,7.09,1.31,0.0
20231108:0210,0.0,0.0,0.0,7.41,1.17,0.0
20231108:0310,0.0,0.0,0.0,7.65,1.03,0.0
20231108:0410,0.0,0.0,0.0,7.76,1.1,0.0
20231108:0510,0.0,0.0,0.0,7.77,0.97,0.0
20231108:0610,59.69,82.77,5.92,7.71,1.17,0.0
20231108:0710,5.75,16.22,13.39,7.97,1.1,0.0
20231108:0810,29.07,46.86,19.25,8.38,2.0,0.0
20231108:0910,27.6,45.06,22.99,8.32,2.55,0.0
20231108:1010,51.59,73.0,24.22,8.18,2.97,0.0
20231108:1110,39.84,59.48,22.78,8.15,3.59,0.0
20231108:1210,205.39,237.06,18.85,8.11,4.0,0.0
20231108:1310,79.27,103.3,12.85,8.18,3.86,0.0
20231108:1410,6.94,18.02,5.26,8.03,3.93,0.0
20231108:1510,0.0,0.0,0.0,7.55,3.45,0.0
20231108:1610,0.0,0.0,0.0,7.01,3.38,0.0
20231108:1710,0.0,0.0,0.0,6.79,3.38,0.0
20231108:1810,0.0,0.0,0.0,6.41,3.31,0.0
20231108:1910,0.0,0.0,0.0,6.05,3.31,0.0
20231108:2010,0.0,0.0,0.0,5.71,3.38,0.0
20231108:2110,0.0,0.0,0.0,5.57,3.31,0.0
20231108:2210,0.0,0.0,0.0,5.12,3.17,0.0
20231108:2310,0.0,0.0,0.0,4.95,3.1,0.0
20231109:0010,0.0,0.0,0.0,4.95,2.97,0.0
20231109:0110,0.0,0.0,0.0,5.03,2.83,0.0
20231109:0210,0.0,0.0,0.0,5.17,2.83,0.0
20231109:0310,0.0,0.0,0.0,4.9,2.76,0.0
20231109:0410,0.0,0.0,0.0,4.56,2.62,0.0
20231109:0510,0.0,0.0,0.0,4.05,2.69,0.0
20231109:0610,183.0,215.53,5.66,3.95,2.62,0.0
20231109:0710,441.31,490.14,13.13,4.82,2.07,0.0
20231109:0810,585.18,659.91,18.97,7.24,2.21,0.0
20231109:0910,709.21,808.6,22.7,8.81,3.1,0.0
20231109:1010,736.27,839.76,23.93,9.62,3.79,0.0
20231109:1110,744.77,847.84,22.5,10.08,4.28,0.0
20231109:1210,606.33,681.75,18.59,9.97,4.28,0.0
20231109:1310,365.3,411.05,12.61,9.52,4.07,0.0
20231109:1410,190.71,229.39,5.04,8.67,3.59,0.0
20231109:1510,0.0,0.0,0.0,7.44,3.31,0.0
20231109:1610,0.0,0.0,0.0,6.5,3.1,0.0
20231109:1710,0.0,0.0,0.0,5.89,3.03,0.0
20231109:1810,0.0,0.0,0.0,5.39,2.83,0.0
20231109:1910,0.0,0.0,0.0,4.78,2.55,0.0
20231109:2010,0.0,0.0,0.0,4.08,2.55,0.0
20231109:2110,0.0,0.0,0.0,3.55,2.55,0.0
20231109:2210,0.0,0.0,0.0,3.12,2.48,0.0
20231109:2310,0.0,0.0,0.0,2.72,2.41,0.0
20231110:0010,0.0,0.0,0.0,2.34,2.48,0.0
20231110:0110,0.0,0.0,0.0,1.91,2.28,0.0
20231110:0210,0.0,0.0,0.0,1.45,2.14,0.0
20231110:0310,0.0,0.0,0.0,1.1,2.28,0.0
20231110:0410,0.0,0.0,0.0,0.9,2.41,0.0
20231110:0510,0.0,0.0,0.0,0.86,2.55,0.0
20231110:0610,9.8,21.63,5.41,1.14,2.55,0.0
20231110:0710,38.38,56.77,12.86,3.39,2.28,0.0
20231110:0810,52.01,73.0,18.69,6.35,2.0,0.0
20231110:0910,71.61,95.52,22.42,8.29,2.28,0.0
20231110:1010,43.4,63.98,23.65,9.51,2.62,0.0
20231110:1110,28.09,45.96,22.23,10.17,3.03,0.0
20231110:1210,20.09,36.05,18.34,10.28,3.03,0.0
20231110:1310,20.12,36.05,12.37,9.98,2.69,0.0
20231110:1410,8.73,20.73,4.82,9.21,2.55,0.0
20231110:1510,0.0,0.0,0.0,8.17,2.69,0.0
20231110:1610,0.0,0.0,0.0,7.44,2.55,0.0
20231110:1710,0.0,0.0,0.0,6.82,2.21,0.0
20231110:1810,0.0,0.0,0.0,6.4,1.93,0.0
20231110:1910,0.0,0.0,0.0,5.2,1.86,0.0
20231110:2010,0.0,0.0,0.0,4.73,1.72,0.0
20231110:2110,0.0,0.0,0.0,4.0,1.72,0.0
20231110:2210,0.0,0.0,0.0,3.72,1.52,0.0
20231110:2310,0.0,0.0,0.0,3.55,1.38,0.0
20231111:0010,0.0,0.0,0.0,3.81,1.24,0.0
20231111:0110,0.0,0.0,0.0,4.23,1.03,0.0
20231111:0210,0.0,0.0,0.0,4.43,0.9,0.0
20231111:0310,0.0,0.0,0.0,4.65,1.1,0.0
20231111:0410,0.0,0.0,0.0,4.86,1.38,0.0
20231111:0510,0.0,0.0,0.0,4.83,1.31,0.0
20231111:0610,2.04,9.91,5.16,4.83,1.03,0.0
20231111:0710,28.02,45.06,12.6,5.09,0.69,0.0
20231111:0810,92.54,117.29,18.42,5.69,0.83,0.0
20231111:0910,80.3,104.54,22.14,6.29,0.83,0.0
20231111:1010,18.28,33.34,23.37,6.91,0.55,0.0
20231111:1110,14.73,28.84,21.96,7.56,0.14,0.0
20231111:1210,10.07,22.53,18.08,7.76,0.62,0.0
20231111:1310,16.79,31.54,12.14,7.82,1.03,0.0
20231111:1410,41.69,62.37,4.61,7.5,1.17,0.0
20231111:1510,0.0,0.0,0.0,7.16,1.31,0.0
20231111:1610,0.0,0.0,0.0,6.84,1.31,0.0
20231111:1710,0.0,0.0,0.0,6.65,1.38,0.0
20231111:1810,0.0,0.0,0.0,6.39,1.45,0.0
20231111:1910,0.0,0.0,0.0,6.46,1.72,0.0
20231111:2010,0.0,0.0,0.0,6.37,1.79,0.0
20231111:2110,0.0,0.0,0.0,6.16,1.72,0.0
20231111:2210,0.0,0.0,0.0,5.68,2.0,0.0
20231111:2310,0.0,0.0,0.0,5.67,2.62,0.0
20231112:0010,0.0,0.0,0.0,5.7,3.1,0.0
20231112:0110,0.0,0.0,0.0,5.65,3.59,0.0
20231112:0210,0.0,0.0,0.0,5.52,3.86,0.0
20231112:0310,0.0,0.0,0.0,5.38,4.0,0.0
20231112:0410,0.0,0.0,0.0,5.28,3.66,0.0
20231112:0510,0.0,0.0,0.0,5.13,4.0,0.0
20231112:0610,0.69,7.21,4.92,4.96,4.21,0.0
20231112:0710,34.16,52.27,12.34,5.35,3.59,0.0
20231112:0810,45.86,65.79,18.15,5.71,3.86,0.0
20231112:0910,66.07,88.32,21.86,5.84,4.55,0.0
20231112:1010,90.07,114.43,23.09,6.09,4.9,0.0
20231112:1110,103.91,129.14,21.7,6.22,5.38,0.0
20231112:1210,306.1,339.12,17.84,6.38,5.79,0.0
20231112:1310,140.48,167.06,11.91,6.49,5.03,0.0
20231112:1410,23.5,40.15,4.41,6.4,4.48,0.0
20231112:1510,0.0,0.0,0.0,5.7,3.93,0.0
20231112:1610,0.0,0.0,0.0,5.38,3.72,0.0
20231112:1710,0.0,0.0,0.0,5.0,3.59,0.0
20231112:1810,0.0,0.0,0.0,4.65,3.24,0.0
20231112:1910,0.0,0.0,0.0,4.51,3.03,0.0
20231112:2010,0.0,0.0,0.0,4.07,2.76,0.0
20231112:2110,0.0,0.0,0.0,3.71,2.55,0.0
20231112:2210,0.0,0.0,0.0,3.48,2.48,0.0
20231112:2310,0.0,0.0,0.0,3.05,2.69,0.0
20231113:0010,0.0,0.0,0.0,3.07,2.83,0.0
20231113:0110,0.0,0.0,0.0,3.8,2.97,0.0
20231113:0210,0.0,0.0,0.0,3.67,2.97,0.0
20231113:0310,0.0,0.0,0.0,3.44,2.9,0.0
20231113:0410,0.0,0.0,0.0,2.88,2.97,0.0
20231113:0510,0.0,0.0,0.0,2.77,3.17,0.0
20231113:0610,31.95,49.61,4.67,2.6,3.52,0.0
20231113:0710,289.29,319.93,12.08,3.71,3.93,0.0
20231113:0810,175.46,202.73,17.88,4.99,4.21,0.0
20231113:0910,96.86,121.85,21.59,6.37,4.34,0.0
20231113:1010,175.53,205.45,22.82,7.4,4.48,0.0
20231113:1110,67.88,91.02,21.44,7.95,5.31,0.0
20231113:1210,14.08,27.94,17.6,7.51,3.72,0.0
20231113:1310,65.51,87.93,11.7,7.23,3.03,0.0
20231113:1410,53.17,75.56,4.21,6.71,2.41,0.0
20231113:1510,0.0,0.0,0.0,6.18,2.21,0.0
20231113:1610,0.0,0.0,0.0,5.8,2.21,0.0
20231113:1710,0.0,0.0,0.0,5.56,2.21,0.0
20231113:1810,0.0,0.0,0.0,4.76,2.21,0.0
20231113:1910,0.0,0.0,0.0,4.16,3.03,0.0
20231113:2010,0.0,0.0,0.0,4.54,3.24,0.0
20231113:2110,0.0,0.0,0.0,4.74,3.24,0.0
20231113:2210,0.0,0.0,0.0,4.87,3.17,0.0
20231113:2310,0.0,0.0,0.0,5.09,3.38,0.0
20231114:0010,0.0,0.0,0.0,5.75,3.86,0.0
20231114:0110,0.0,0.0,0.0,5.88,4.0,0.0
20231114:0210,0.0,0.0,0.0,6.01,4.28,0.0
20231114:0310,0.0,0.0,0.0,6.13,5.52,0.0
20231114:0410,0.0,0.0,0.0,6.65,6.69,0.0
20231114:0510,0.0,0.0,0.0,7.37,7.66,0.0
20231114:0610,41.97,62.56,4.43,8.14,7.59,0.0
20231114:0710,436.62,480.33,11.83,7.94,7.45,0.0
20231114:0810,134.58,162.24,17.62,8.51,6.62,0.0
20231114:0910,53.74,75.7,21.32,9.5,5.52,0.0
20231114:1010,42.49,63.08,22.56,10.51,5.24,0.0
20231114:1110,49.37,71.19,21.19,11.15,5.52,0.0
20231114:1210,373.81,419.78,17.37,11.24,5.59,0.0
20231114:1310,144.0,174.01,11.48,11.09,5.03,0.0
20231114:1410,69.89,96.0,4.01,10.57,4.55,0.0
20231114:1510,0.0,0.0,0.0,9.47,4.28,0.0
20231114:1610,0.0,0.0,0.0,9.29,4.55,0.0
20231114:1710,0.0,0.0,0.0,9.26,4.9,0.0
20231114:1810,0.0,0.0,0.0,9.14,4.83,0.0
20231114:1910,0.0,0.0,0.0,9.14,4.69,0.0
20231114:2010,0.0,0.0,0.0,8.79,4.62,0.0
20231114:2110,0.0,0.0,0.0,8.52,4.69,0.0
20231114:2210,0.0,0.0,0.0,8.28,4.55,0.0
20231114:2310,0.0,0.0,0.0,8.23,4.69,0.0
20231115:0010,0.0,0.0,0.0,8.15,4.48,0.0
20231115:0110,0.0,0.0,0.0,8.19,4.48,0.0
20231115:0210,0.0,0.0,0.0,8.19,4.34,0.0
20231115:0310,0.0,0.0,0.0,8.23,4.14,0.0
20231115:0410,0.0,0.0,0.0,8.28,3.93,0.0
20231115:0510,0.0,0.0,0.0,8.39,3.79,0.0
20231115:0610,0.0,3.6,4.19,8.38,3.52,0.0
20231115:0710,4.04,13.52,11.58,8.57,3.59,0.0
20231115:0810,11.32,24.33,17.36,8.69,3.24,0.0
20231115:0910,192.72,225.43,21.06,9.07,2.9,0.0
20231115:1010,38.81,58.58,22.3,9.37,3.17,0.0
20231115:1110,20.23,36.05,20.94,9.03,4.07,0.0
20231115:1210,27.51,45.06,17.14,9.15,4.07,0.0
20231115:1310,3.49,12.62,11.28,8.92,4.21,0.0
20231115:1410,2.47,10.81,3.83,8.6,4.0,0.0
20231115:1510,0.0,0.0,0.0,8.05,4.07,0.0
20231115:1610,0.0,0.0,0.0,7.75,4.21,0.0
20231115:1710,0.0,0.0,0.0,7.62,4.83,0.0
20231115:1810,0.0,0.0,0.0,7.29,5.17,0.0
20231115:1910,0.0,0.0,0.0,7.5,5.52,0.0
20231115:2010,0.0,0.0,0.0,7.27,5.24,0.0
20231115:2110,0.0,0.0,0.0,7.07,5.31,0.0
20231115:2210,0.0,0.0,0.0,6.57,5.52,0.0
20231115:2310,0.0,0.0,0.0,5.88,5.52,0.0
20231116:0010,0.0,0.0,0.0,5.2,5.38,0.0
20231116:0110,0.0,0.0,0.0,4.72,5.45,0.0
20231116:0210,0.0,0.0,0.0,4.26,5.17,0.0
20231116:0310,0.0,0.0,0.0,3.84,4.83,0.0
20231116:0410,0.0,0.0,0.0,3.54,4.48,0.0
20231116:0510,0.0,0.0,0.0,3.2,4.07,0.0
20231116:0610,37.69,56.55,3.95,2.95,3.86,0.0
20231116:0710,256.51,285.35,11.33,3.51,4.0,0.0
20231116:0810,344.21,375.9,17.1,4.09,5.17,0.0
20231116:0910,524.47,570.41,20.8,4.73,5.24,0.0
20231116:1010,687.29,755.12,22.05,5.35,5.24,0.0
20231116:1110,673.82,743.08,20.7,6.3,5.17,0.0
20231116:1210,588.68,650.21,16.92,6.57,4.28,0.0
20231116:1310,408.52,453.7,11.08,6.82,3.79,0.0
20231116:1410,0.29,6.31,3.64,6.34,2.0,0.0
20231116:1510,0.0,0.0,0.0,5.39,1.31,0.0
20231116:1610,0.0,0.0,0.0,5.14,0.41,0.0
20231116:1710,0.0,0.0,0.0,4.31,0.83,0.0
20231116:1810,0.0,0.0,0.0,3.53,1.45,0.0
20231116:1910,0.0,0.0,0.0,3.17,1.79,0.0
20231116:2010,0.0,0.0,0.0,2.6,1.93,0.0
20231116:2110,0.0,0.0,0.0,2.69,2.07,0.0
20231116:2210,0.0,0.0,0.0,2.88,2.21,0.0
20231116:2310,0.0,0.0,0.0,2.93,2.28,0.0
20231117:0010,0.0,0.0,0.0,3.06,2.28,0.0
20231117:0110,0.0,0.0,0.0,3.22,2.21,0.0
20231117:0210,0.0,0.0,0.0,3.11,2.21,0.0
20231117:0310,0.0,0.0,0.0,3.23,2.21,0.0
20231117:0410,0.0,0.0,0.0,3.5,2.21,0.0
20231117:0510,0.0,0.0,0.0,3.59,2.07,0.0
20231117:0610,17.73,32.53,3.72,3.58,2.07,0.0
20231117:0710,19.38,34.24,11.09,3.38,3.59,0.0
20231117:0810,55.3,75.7,16.85,3.38,3.79,0.0
20231117:0910,60.97,82.01,20.55,3.57,3.45,0.0
20231117:1010,60.0,81.11,21.8,4.09,3.66,0.0
20231117:1110,37.45,55.87,20.47,4.35,3.52,0.0
20231117:1210,25.13,41.45,16.7,4.6,3.31,0.0
20231117:1310,5.88,16.22,10.88,4.47,3.31,0.0
20231117:1410,0.0,2.7,3.47,4.28,3.17,0.0
20231117:1510,0.0,0.0,0.0,4.07,2.97,0.0
20231117:1610,0.0,0.0,0.0,4.03,2.83,0.0
20231117:1710,0.0,0.0,0.0,3.98,2.62,0.0
20231117:1810,0.0,0.0,0.0,3.95,2.41,0.0
20231117:1910,0.0,0.0,0.0,3.75,2.48,0.0
20231117:2010,0.0,0.0,0.0,3.81,2.48,0.0
20231117:2110,0.0,0.0,0.0,3.73,2.48,0.0
20231117:2210,0.0,0.0,0.0,3.46,2.48,0.0
20231117:2310,0.0,0.0,0.0,3.08,2.14,0.0
20231118:0010,0.0,0.0,0.0,2.58,2.14,0.0
20231118:0110,0.0,0.0,0.0,1.93,2.07,0.0
20231118:0210,0.0,0.0,0.0,1.47,1.66,0.0
20231118:0310,0.0,0.0,0.0,1.26,1.38,0.0
20231118:0410,0.0,0.0,0.0,1.14,1.38,0.0
20231118:0510,0.0,0.0,0.0,1.07,1.38,0.0
20231118:0610,24.86,41.12,3.49,0.97,1.45,0.0
20231118:0710,182.78,207.98,10.85,1.03,1.52,0.0
20231118:0810,103.74,126.51,16.61,1.16,1.72,0.0
20231118:0910,68.14,89.22,20.3,1.38,1.86,0.0
20231118:1010,34.77,52.27,21.56,1.58,2.0,0.0
20231118:1110,60.56,81.11,20.24,1.84,2.07,0.0
20231118:1210,75.83,97.44,16.49,1.9,2.48,0.0
20231118:1310,27.74,44.16,10.69,1.96,2.28,0.0
20231118:1410,0.0,2.7,3.3,1.84,2.21,0.0
20231118:1510,0.0,0.0,0.0,1.63,1.72,0.0
20231118:1610,0.0,0.0,0.0,1.45,1.52,0.0
20231118:1710,0.0,0.0,0.0,1.19,1.72,0.0
20231118:1810,0.0,0.0,0.0,1.0,1.79,0.0
20231118:1910,0.0,0.0,0.0,0.15,1.17,0.0
20231118:2010,0.0,0.0,0.0,0.0,1.17,0.0
20231118:2110,0.0,0.0,0.0,-0.06,1.1,0.0
20231118:2210,0.0,0.0,0.0,-0.1,1.1,0.0
20231118:2310,0.0,0.0,0.0,0.09,1.38,0.0
20231119:0010,0.0,0.0,0.0,0.1,1.1,0.0
20231119:0110,0.0,0.0,0.0,0.04,0.76,0.0
20231119:0210,0.0,0.0,0.0,0.0,0.69,0.0
20231119:0310,0.0,0.0,0.0,-0.02,1.17,0.0
20231119:0410,0.0,0.0,0.0,-0.21,1.1,0.0
20231119:0510,0.0,0.0,0.0,-0.15,0.9,0.0
20231119:0610,3.17,11.72,3.26,-0.21,1.03,0.0
20231119:0710,101.53,123.29,10.61,-0.46,0.62,0.0
20231119:0810,172.42,196.52,16.36,0.2,1.66,0.0
20231119:0910,412.0,447.99,20.06,1.04,2.14,0.0
20231119:1010,168.4,194.27,21.32,2.17,2.41,0.0
20231119:1110,39.97,58.58,20.02,3.32,2.14,0.0
20231119:1210,62.04,83.4,16.29,4.06,1.66,0.0
20231119:1310,90.97,114.32,10.51,4.37,1.45,0.0
20231119:1410,0.0,2.7,3.14,3.79,1.52,0.0
20231119:1510,0.0,0.0,0.0,2.62,1.86,0.0
20231119:1610,0.0,0.0,0.0,1.77,1.72,0.0
20231119:1710,0.0,0.0,0.0,1.65,1.59,0.0
20231119:1810,0.0,0.0,0.0,1.54,1.79,0.0
20231119:1910,0.0,0.0,0.0,1.31,1.86,0.0
20231119:2010,0.0,0.0,0.0,1.27,2.14,0.0
20231119:2110,0.0,0.0,0.0,1.38,2.34,0.0
20231119:2210,0.0,0.0,0.0,1.5,2.55,0.0
20231119:2310,0.0,0.0,0.0,1.53,2.76,0.0
20231120:0010,0.0,0.0,0.0,1.93,3.03,0.0
20231120:0110,0.0,0.0,0.0,2.05,3.17,0.0
20231120:0210,0.0,0.0,0.0,2.44,3.24,0.0
20231120:0310,0.0,0.0,0.0,2.84,3.59,0.0
20231120:0410,0.0,0.0,0.0,3.08,3.79,0.0
20231120:0510,0.0,0.0,0.0,3.33,3.79,0.0
20231120:0610,9.16,21.13,3.04,3.56,3.66,0.0
20231120:0710,12.32,25.23,10.38,3.7,4.21,0.0
20231120:0810,51.72,72.09,16.13,4.74,4.34,0.0
20231120:0910,83.7,107.52,19.82,5.89,4.0,0.0
20231120:1010,25.57,42.36,21.09,7.08,4.55,0.0
20231120:1110,43.14,63.08,19.8,7.4,4.48,0.0
20231120:1210,50.26,71.19,16.09,7.38,4.41,0.0
20231120:1310,10.13,22.53,10.33,6.96,4.14,0.0
20231120:1410,23.68,40.6,2.98,6.31,3.93,0.0
20231120:1510,0.0,0.0,0.0,5.59,3.79,0.0
20231120:1610,0.0,0.0,0.0,5.29,3.79,0.0
20231120:1710,0.0,0.0,0.0,5.09,3.59,0.0
20231120:1810,0.0,0.0,0.0,4.97,3.24,0.0
20231120:1910,0.0,0.0,0.0,4.37,3.45,0.0
20231120:2010,0.0,0.0,0.0,4.44,3.38,0.0
20231120:2110,0.0,0.0,0.0,4.29,3.1,0.0
20231120:2210,0.0,0.0,0.0,4.41,3.03,0.0
20231120:2310,0.0,0.0,0.0,4.59,2.97,0.0
20231121:0010,0.0,0.0,0.0,4.78,2.97,0.0
20231121:0110,0.0,0.0,0.0,5.0,3.03,0.0
20231121:0210,0.0,0.0,0.0,5.27,3.17,0.0
20231121:0310,0.0,0.0,0.0,5.52,3.24,0.0
20231121:0410,0.0,0.0,0.0,5.73,3.17,0.0
20231121:0510,0.0,0.0,0.0,5.83,3.03,0.0
20231121:0610,2.03,9.91,2.82,5.97,3.1,0.0
20231121:0710,65.02,86.74,10.15,5.53,2.34,0.0
20231121:0810,33.24,51.37,15.89,6.02,2.21,0.0
20231121:0910,58.42,80.2,19.58,6.45,2.21,0.0
20231121:1010,156.53,185.54,20.86,6.77,2.21,0.0
20231121:1110,16.16,30.64,19.59,7.23,2.48,0.0
20231121:1210,105.57,131.49,15.9,7.41,2.21,0.0
20231121:1310,58.8,80.56,10.16,7.48,2.21,0.0
20231121:1410,0.28,6.31,2.83,7.24,2.21,0.0
20231121:1510,0.0,0.0,0.0,6.72,2.28,0.0
20231121:1610,0.0,0.0,0.0,6.44,2.21,0.0
20231121:1710,0.0,0.0,0.0,6.2,2.07,0.0
20231121:1810,0.0,0.0,0.0,5.9,1.86,0.0
20231121:1910,0.0,0.0,0.0,5.5,1.66,0.0
20231121:2010,0.0,0.0,0.0,5.15,1.52,0.0
20231121:2110,0.0,0.0,0.0,4.57,1.79,0.0
20231121:2210,0.0,0.0,0.0,4.03,1.72,0.0
20231121:2310,0.0,0.0,0.0,3.44,1.72,0.0
20231122:0010,0.0,0.0,0.0,2.85,1.93,0.0
20231122:0110,0.0,0.0,0.0,2.37,1.93,0.0
20231122:0210,0.0,0.0,0.0,1.91,2.0,0.0
20231122:0310,0.0,0.0,0.0,1.33,2.28,0.0
20231122:0410,0.0,0.0,0.0,0.79,2.62,0.0
20231122:0510,0.0,0.0,0.0,0.17,2.97,0.0
20231122:0610,9.6,21.51,2.6,-0.35,2.9,0.0
20231122:0710,36.62,53.75,9.93,-0.95,2.9,0.0
20231122:0810,59.65,78.99,15.67,-1.15,3.38,0.0
20231122:0910,40.11,57.68,19.36,-1.25,3.52,0.0
20231122:1010,30.56,46.86,20.64,-1.34,3.03,0.0
20231122:1110,28.21,44.16,19.39,-1.36,2.62,0.0
20231122:1210,12.65,25.23,15.72,-1.19,2.97,0.0
20231122:1310,8.62,19.83,10.0,-1.32,3.17,0.0
20231122:1410,0.0,1.8,2.69,-1.7,2.9,0.0
20231122:1510,0.0,0.0,0.0,-2.06,2.9,0.0
20231122:1610,0.0,0.0,0.0,-2.42,2.83,0.0
20231122:1710,0.0,0.0,0.0,-2.77,2.48,0.0
20231122:1810,0.0,0.0,0.0,-3.09,2.0,0.0
20231122:1910,0.0,0.0,0.0,-3.55,1.79,0.0
20231122:2010,0.0,0.0,0.0,-3.82,1.17,0.0
20231122:2110,0.0,0.0,0.0,-4.0,0.69,0.0
20231122:2210,0.0,0.0,0.0,-4.17,0.48,0.0
20231122:2310,0.0,0.0,0.0,-4.3,0.62,0.0
20231123:0010,0.0,0.0,0.0,-4.36,0.76,0.0
20231123:0110,0.0,0.0,0.0,-4.34,1.24,0.0
20231123:0210,0.0,0.0,0.0,-4.44,1.52,0.0
20231123:0310,0.0,0.0,0.0,-4.54,1.31,0.0
20231123:0410,0.0,0.0,0.0,-4.47,0.97,0.0
20231123:0510,0.0,0.0,0.0,-4.19,0.55,0.0
20231123:0610,0.0,5.41,2.39,-3.76,0.76,0.0
20231123:0710,70.85,90.41,9.71,-1.73,2.28,0.0
20231123:0810,131.08,153.77,15.44,0.54,3.38,0.0
20231123:0910,279.96,306.22,19.14,1.66,4.76,0.0
20231123:1010,199.83,224.64,20.43,2.0,6.07,0.0
20231123:1110,314.3,340.43,19.19,2.01,6.69,0.0
20231123:1210,130.74,153.57,15.54,1.77,7.03,0.0
20231123:1310,15.94,29.74,9.84,1.93,7.52,0.0
20231123:1410,0.72,7.21,2.55,1.9,7.86,0.0
20231123:1510,0.0,0.0,0.0,1.55,7.93,0.0
20231123:1610,0.0,0.0,0.0,1.41,8.21,0.0
20231123:1710,0.0,0.0,0.0,1.68,8.34,0.0
20231123:1810,0.0,0.0,0.0,1.97,8.41,0.0
20231123:1910,0.0,0.0,0.0,2.12,8.97,0.0
20231123:2010,0.0,0.0,0.0,2.37,9.1,0.0
20231123:2110,0.0,0.0,0.0,2.5,9.45,0.0
20231123:2210,0.0,0.0,0.0,2.6,9.72,0.0
20231123:2310,0.0,0.0,0.0,2.89,10.07,0.0
20231124:0010,0.0,0.0,0.0,3.17,10.21,0.0
20231124:0110,0.0,0.0,0.0,3.29,9.93,0.0
20231124:0210,0.0,0.0,0.0,3.13,9.31,0.0
20231124:0310,0.0,0.0,0.0,3.21,8.76,0.0
20231124:0410,0.0,0.0,0.0,3.31,8.0,0.0
20231124:0510,0.0,0.0,0.0,3.18,7.24,0.0
20231124:0610,0.0,1.8,2.18,3.12,6.69,0.0
20231124:0710,79.7,101.2,9.5,3.01,6.21,0.0
20231124:0810,28.27,45.06,15.22,3.94,5.45,0.0
20231124:0910,71.88,94.07,18.92,4.6,5.24,0.0
20231124:1010,391.35,426.16,20.23,4.69,5.66,0.0
20231124:1110,627.46,681.43,19.0,4.87,6.14,0.0
20231124:1210,556.09,603.4,15.37,4.82,5.72,0.0
20231124:1310,286.43,316.94,9.69,4.54,5.31,0.0
20231124:1410,0.0,1.8,2.42,3.59,4.62,0.0
20231124:1510,0.0,0.0,0.0,2.34,4.14,0.0
20231124:1610,0.0,0.0,0.0,1.73,3.59,0.0
20231124:1710,0.0,0.0,0.0,1.15,3.03,0.0
20231124:1810,0.0,0.0,0.0,1.02,2.9,0.0
20231124:1910,0.0,0.0,0.0,1.01,2.48,0.0
20231124:2010,0.0,0.0,0.0,0.39,2.0,0.0
20231124:2110,0.0,0.0,0.0,-0.32,1.93,0.0
20231124:2210,0.0,0.0,0.0,-1.05,2.07,0.0
20231124:2310,0.0,0.0,0.0,-0.96,2.0,0.0
20231125:0010,0.0,0.0,0.0,-1.06,2.07,0.0
20231125:0110,0.0,0.0,0.0,-1.34,2.07,0.0
20231125:0210,0.0,0.0,0.0,-1.73,1.93,0.0
20231125:0310,0.0,0.0,0.0,-2.29,2.07,0.0
20231125:0410,0.0,0.0,0.0,-3.01,2.21,0.0
20231125:0510,0.0,0.0,0.0,-3.52,2.21,0.0
20231125:0610,0.0,2.7,1.97,-3.88,2.14,0.0
20231125:0710,70.7,89.9,9.28,-2.89,1.66,0.0
20231125:0810,307.1,334.86,15.01,-0.23,1.72,0.0
20231125:0910,323.48,356.16,18.71,1.4,1.17,0.0
20231125:1010,373.23,412.23,20.02,2.41,1.03,0.0
20231125:1110,334.43,368.6,18.81,2.73,1.79,0.0
20231125:1210,23.87,39.65,15.2,2.62,2.14,0.0
20231125:1310,33.12,50.3,9.55,1.7,2.48,0.0
20231125:1410,0.0,3.6,2.29,0.67,2.28,0.0
20231125:1510,0.0,0.0,0.0,-0.24,2.69,0.0
20231125:1610,0.0,0.0,0.0,-0.72,2.97,0.0
20231125:1710,0.0,0.0,0.0,-0.96,3.45,0.0
20231125:1810,0.0,0.0,0.0,-1.46,3.31,0.0
20231125:1910,0.0,0.0,0.0,-1.59,2.97,0.0
20231125:2010,0.0,0.0,0.0,-1.7,2.69,0.0
20231125:2110,0.0,0.0,0.0,-1.47,3.03,0.0
20231125:2210,0.0,0.0,0.0,-1.87,2.9,0.0
20231125:2310,0.0,0.0,0.0,-1.86,3.17,0.0
20231126:0010,0.0,0.0,0.0,-2.37,3.17,0.0
20231126:0110,0.0,0.0,0.0,-2.14,3.03,0.0
20231126:0210,0.0,0.0,0.0,-2.31,2.9,0.0
20231126:0310,0.0,0.0,0.0,-2.52,3.17,0.0
20231126:0410,0.0,0.0,0.0,-2.79,3.38,0.0
20231126:0510,0.0,0.0,0.0,-2.69,3.93,0.0
20231126:0610,0.0,3.6,1.77,-2.73,3.86,0.0
20231126:0710,34.81,51.41,9.08,-2.33,4.28,0.0
20231126:0810,63.53,82.8,14.8,-2.02,4.69,0.0
20231126:0910,63.47,82.91,18.51,-1.78,4.76,0.0
20231126:1010,180.12,201.71,19.83,-1.75,5.24,0.0
20231126:1110,41.86,59.48,18.63,-1.64,5.79,0.0
20231126:1210,43.53,61.28,15.05,-1.75,6.21,0.0
20231126:1310,19.18,33.34,9.41,-1.8,6.21,0.0
20231126:1410,0.0,1.8,2.17,-2.08,5.72,0.0
20231126:1510,0.0,0.0,0.0,-2.58,5.31,0.0
20231126:1610,0.0,0.0,0.0,-2.67,5.31,0.0
20231126:1710,0.0,0.0,0.0,-2.48,5.45,0.0
20231126:1810,0.0,0.0,0.0,-2.53,6.0,0.0
20231126:1910,0.0,0.0,0.0,-2.97,6.07,0.0
20231126:2010,0.0,0.0,0.0,-2.92,5.93,0.0
20231126:2110,0.0,0.0,0.0,-2.9,5.79,0.0
20231126:2210,0.0,0.0,0.0,-2.79,5.38,0.0
20231126:2310,0.0,0.0,0.0,-2.57,5.86,0.0
20231127:0010,0.0,0.0,0.0,-2.51,5.1,0.0
20231127:0110,0.0,0.0,0.0,-2.49,5.72,0.0
20231127:0210,0.0,0.0,0.0,-2.73,6.34,0.0
20231127:0310,0.0,0.0,0.0,-2.82,6.07,0.0
20231127:0410,0.0,0.0,0.0,-2.77,5.31,0.0
20231127:0510,0.0,0.0,0.0,-2.83,5.66,0.0
20231127:0610,0.0,0.9,1.57,-2.95,5.59,0.0
20231127:0710,76.09,95.25,8.88,-2.67,5.59,0.0
20231127:0810,234.27,254.42,14.6,-2.12,5.86,0.0
20231127:0910,206.16,227.4,18.31,-1.53,6.0,0.0
20231127:1010,404.53,428.69,19.64,-1.11,5.79,0.0
20231127:1110,135.89,157.77,18.46,-0.74,5.52,0.0
20231127:1210,35.17,52.27,14.9,-0.29,5.66,0.0
20231127:1310,167.48,189.61,9.28,-0.29,5.03,0.0
20231127:1410,0.0,2.7,2.06,-0.83,3.93,0.0
20231127:1510,0.0,0.0,0.0,-1.74,3.52,0.0
20231127:1610,0.0,0.0,0.0,-2.33,3.24,0.0
20231127:1710,0.0,0.0,0.0,-2.46,3.03,0.0
20231127:1810,0.0,0.0,0.0,-2.74,3.03,0.0
20231127:1910,0.0,0.0,0.0,-3.14,2.97,0.0
20231127:2010,0.0,0.0,0.0,-2.55,2.97,0.0
20231127:2110,0.0,0.0,0.0,-2.15,2.62,0.0
20231127:2210,0.0,0.0,0.0,-2.0,2.34,0.0
20231127:2310,0.0,0.0,0.0,-2.19,1.59,0.0
20231128:0010,0.0,0.0,0.0,-1.36,0.55,0.0
20231128:0110,0.0,0.0,0.0,-2.72,1.38,0.0
20231128:0210,0.0,0.0,0.0,-2.0,1.86,0.0
20231128:0310,0.0,0.0,0.0,-1.62,2.41,0.0
20231128:0410,0.0,0.0,0.0,-1.68,2.9,0.0
20231128:0510,0.0,0.0,0.0,-1.72,3.03,0.0
20231128:0610,0.0,0.9,1.38,-1.76,3.24,0.0
20231128:0710,3.74,12.62,8.68,-1.24,3.1,0.0
20231128:0810,65.66,85.56,14.41,-0.51,3.24,0.0
20231128:0910,132.74,155.47,18.12,0.07,3.31,0.0
20231128:1010,69.34,90.12,19.46,0.71,3.52,0.0
20231128:1110,21.07,36.05,18.3,1.19,3.52,0.0
20231128:1210,19.58,34.24,14.75,1.36,3.31,0.0
20231128:1310,19.58,34.24,9.16,1.35,3.03,0.0
20231128:1410,0.0,0.9,1.96,1.2,2.69,0.0
20231128:1510,0.0,0.0,0.0,0.79,2.48,0.0
20231128:1610,0.0,0.0,0.0,0.55,2.14,0.0
20231128:1710,0.0,0.0,0.0,0.3,1.72,0.0
20231128:1810,0.0,0.0,0.0,-0.08,1.45,0.0
20231128:1910,0.0,0.0,0.0,-0.25,0.9,0.0
20231128:2010,0.0,0.0,0.0,-0.11,0.28,0.0
20231128:2110,0.0,0.0,0.0,-0.47,0.97,0.0
20231128:2210,0.0,0.0,0.0,-0.2,2.0,0.0
20231128:2310,0.0,0.0,0.0,-0.06,3.52,0.0
20231129:0010,0.0,0.0,0.0,-0.56,4.69,0.0
20231129:0110,0.0,0.0,0.0,-1.5,5.17,0.0
20231129:0210,0.0,0.0,0.0,-2.43,5.52,0.0
20231129:0310,0.0,0.0,0.0,-3.06,5.52,0.0
20231129:0410,0.0,0.0,0.0,-3.52,5.59,0.0
20231129:0510,0.0,0.0,0.0,-3.94,5.59,0.0
20231129:0610,0.0,0.0,0.0,-4.33,5.79,0.0
20231129:0710,12.17,24.33,8.49,-4.32,5.59,0.0
20231129:0810,49.02,66.69,14.21,-4.15,5.93,0.0
20231129:0910,425.34,443.94,17.93,-4.02,5.86,0.0
20231129:1010,182.17,201.81,19.29,-3.85,5.52,0.0
20231129:1110,65.76,84.71,18.14,-3.64,5.31,0.0
20231129:1210,34.09,50.47,14.61,-3.43,4.55,0.0
20231129:1310,161.44,181.4,9.04,-3.54,3.66,0.0
20231129:1410,0.0,1.8,1.86,-4.04,3.1,0.0
20231129:1510,0.0,0.0,0.0,-5.06,2.9,0.0
20231129:1610,0.0,0.0,0.0,-6.09,2.76,0.0
20231129:1710,0.0,0.0,0.0,-7.31,2.48,0.0
20231129:1810,0.0,0.0,0.0,-8.35,2.21,0.0
20231129:1910,0.0,0.0,0.0,-8.75,2.34,0.0
20231129:2010,0.0,0.0,0.0,-9.45,2.55,0.0
20231129:2110,0.0,0.0,0.0,-11.06,3.1,0.0
20231129:2210,0.0,0.0,0.0,-11.84,3.72,0.0
20231129:2310,0.0,0.0,0.0,-10.66,4.0,0.0
20231130:0010,0.0,0.0,0.0,-9.03,4.14,0.0
20231130:0110,0.0,0.0,0.0,-7.16,4.21,0.0
20231130:0210,0.0,0.0,0.0,-5.59,4.48,0.0
20231130:0310,0.0,0.0,0.0,-4.66,4.69,0.0
20231130:0410,0.0,0.0,0.0,-4.1,4.76,0.0
20231130:0510,0.0,0.0,0.0,-3.7,4.9,0.0
20231130:0610,0.0,0.0,0.0,-3.39,5.1,0.0
20231130:0710,304.95,326.58,8.3,-2.54,5.17,0.0
20231130:0810,186.76,207.47,14.03,-1.9,4.97,0.0
20231130:0910,70.58,90.63,17.75,-1.08,4.55,0.0
20231130:1010,161.57,184.27,19.12,-0.38,4.28,0.0
20231130:1110,82.6,103.82,17.99,0.14,3.66,0.0
20231130:1210,58.72,78.37,14.48,0.11,3.45,0.0
20231130:1310,18.98,33.34,8.93,0.05,3.1,0.0
20231130:1410,0.0,0.9,1.77,-0.36,2.62,0.0
20231130:1510,0.0,0.0,0.0,-0.82,2.41,0.0
20231130:1610,0.0,0.0,0.0,-0.88,2.21,0.0
20231130:1710,0.0,0.0,0.0,-0.9,1.86,0.0
20231130:1810,0.0,0.0,0.0,-0.89,1.66,0.0
20231130:1910,0.0,0.0,0.0,-0.87,1.31,0.0
20231130:2010,0.0,0.0,0.0,-0.86,1.31,0.0
20231130:2110,0.0,0.0,0.0,-1.01,1.52,0.0
20231130:2210,0.0,0.0,0.0,-0.99,1.79,0.0
20231130:2310,0.0,0.0,0.0,-0.98,1.72,0.0
20231201:0010,0.0,0.0,0.0,-0.95,1.66,0.0
20231201:0110,0.0,0.0,0.0,-0.88,1.52,0.0
20231201:0210,0.0,0.0,0.0,-0.85,1.31,0.0
20231201:0310,0.0,0.0,0.0,-0.83,1.1,0.0
20231201:0410,0.0,0.0,0.0,-0.83,0.83,0.0
20231201:0510,0.0,0.0,0.0,-0.85,0.69,0.0
20231201:0610,0.0,0.0,0.0,-0.86,0.48,0.0
20231201:0710,3.73,12.62,8.12,-0.81,0.55,0.0
20231201:0810,31.21,47.76,13.85,-0.84,0.83,0.0
20231201:0910,23.45,38.75,17.58,-0.28,1.03,0.0
20231201:1010,36.55,54.07,18.96,0.34,1.52,0.0
20231201:1110,11.18,23.43,17.85,0.18,1.59,0.0
20231201:1210,23.43,38.75,14.36,0.04,1.79,0.0
20231201:1310,16.8,30.64,8.83,-0.12,1.31,0.0
20231201:1410,0.0,0.9,1.68,-0.32,0.97,0.0
20231201:1510,0.0,0.0,0.0,-0.42,1.03,0.0
20231201:1610,0.0,0.0,0.0,-0.46,1.1,0.0
20231201:1710,0.0,0.0,0.0,-0.51,1.38,0.0
20231201:1810,0.0,0.0,0.0,-0.53,1.45,0.0
20231201:1910,0.0,0.0,0.0,-0.48,2.21,0.0
20231201:2010,0.0,0.0,0.0,-0.46,2.76,0.0
20231201:2110,0.0,0.0,0.0,-0.47,2.97,0.0
20231201:2210,0.0,0.0,0.0,-0.51,3.1,0.0
20231201:2310,0.0,0.0,0.0,-0.55,3.24,0.0
20231202:0010,0.0,0.0,0.0,-0.6,3.45,0.0
20231202:0110,0.0,0.0,0.0,-0.62,3.72,0.0
20231202:0210,0.0,0.0,0.0,-0.64,3.72,0.0
20231202:0310,0.0,0.0,0.0,-0.69,3.86,0.0
20231202:0410,0.0,0.0,0.0,-0.7,4.0,0.0
20231202:0510,0.0,0.0,0.0,-0.65,4.07,0.0
20231202:0610,0.0,0.0,0.0,-0.6,4.07,0.0
20231202:0710,16.17,29.74,7.94,-0.99,3.45,0.0
20231202:0810,9.25,20.73,13.67,-0.81,3.38,0.0
20231202:0910,20.51,35.15,17.41,-0.47,3.38,0.0
20231202:1010,66.16,86.51,18.8,0.12,3.24,0.0
20231202:1110,26.41,42.36,17.71,0.62,2.9,0.0
20231202:1210,7.24,18.02,14.25,0.85,2.28,0.0
20231202:1310,2.62,10.81,8.74,0.88,1.93,0.0
20231202:1410,0.0,0.9,1.61,0.62,2.14,0.0
20231202:1510,0.0,0.0,0.0,0.52,1.93,0.0
20231202:1610,0.0,0.0,0.0,0.49,1.79,0.0
20231202:1710,0.0,0.0,0.0,0.41,1.59,0.0
20231202:1810,0.0,0.0,0.0,0.48,1.17,0.0
20231202:1910,0.0,0.0,0.0,0.82,1.79,0.0
20231202:2010,0.0,0.0,0.0,1.52,0.97,0.0
20231202:2110,0.0,0.0,0.0,1.96,1.86,0.0
20231202:2210,0.0,0.0,0.0,2.41,4.07,0.0
20231202:2310,0.0,0.0,0.0,0.5,5.86,0.0
20231203:0010,0.0,0.0,0.0,-1.26,6.83,0.0
20231203:0110,0.0,0.0,0.0,-2.58,7.17,0.0
20231203:0210,0.0,0.0,0.0,-3.26,6.9,0.0
20231203:0310,0.0,0.0,0.0,-3.55,6.69,0.0
20231203:0410,0.0,0.0,0.0,-3.59,6.34,0.0
20231203:0510,0.0,0.0,0.0,-3.65,6.07,0.0
20231203:0610,0.0,0.0,0.0,-3.66,6.0,0.0
20231203:0710,10.73,22.53,7.77,-3.29,5.59,0.0
20231203:0810,34.85,51.37,13.51,-3.09,5.66,0.0
20231203:0910,36.43,53.17,17.25,-2.97,4.9,0.0
20231203:1010,18.51,32.44,18.66,-2.63,4.28,0.0
20231203:1110,28.38,44.16,17.58,-2.3,4.9,0.0
20231203:1210,26.81,42.36,14.14,-2.28,4.28,0.0
20231203:1310,87.62,107.28,8.65,-2.44,3.93,0.0
20231203:1410,0.0,0.9,1.54,-2.49,3.86,0.0
20231203:1510,0.0,0.0,0.0,-2.93,3.79,0.0
20231203:1610,0.0,0.0,0.0,-3.0,3.93,0.0
20231203:1710,0.0,0.0,0.0,-3.37,4.0,0.0
20231203:1810,0.0,0.0,0.0,-3.72,4.07,0.0
20231203:1910,0.0,0.0,0.0,-3.87,4.07,0.0
20231203:2010,0.0,0.0,0.0,-3.67,4.14,0.0
20231203:2110,0.0,0.0,0.0,-3.66,3.93,0.0
20231203:2210,0.0,0.0,0.0,-3.65,3.66,0.0
20231203:2310,0.0,0.0,0.0,-3.82,3.38,0.0
20231204:0010,0.0,0.0,0.0,-4.05,3.17,0.0
20231204:0110,0.0,0.0,0.0,-4.26,3.03,0.0
20231204:0210,0.0,0.0,0.0,-4.47,2.83,0.0
20231204:0310,0.0,0.0,0.0,-4.95,2.55,0.0
20231204:0410,0.0,0.0,0.0,-5.32,2.34,0.0
20231204:0510,0.0,0.0,0.0,-6.09,2.21,0.0
20231204:0610,0.0,0.0,0.0,-6.92,2.28,0.0
20231204:0710,26.79,41.25,7.61,-8.89,2.55,0.0
20231204:0810,158.61,175.45,13.34,-8.31,2.41,0.0
20231204:0910,175.95,194.21,17.1,-6.77,2.28,0.0
20231204:1010,90.6,110.15,18.52,-5.17,1.86,0.0
20231204:1110,84.61,104.93,17.46,-3.01,1.31,0.0
20231204:1210,54.16,73.04,14.03,-1.76,0.9,0.0
20231204:1310,3.2,11.72,8.56,-1.68,0.21,0.0
20231204:1410,0.0,0.9,1.47,-2.22,0.48,0.0
20231204:1510,0.0,0.0,0.0,-3.45,1.17,0.0
20231204:1610,0.0,0.0,0.0,-7.17,1.93,0.0
20231204:1710,0.0,0.0,0.0,-9.07,2.34,0.0
20231204:1810,0.0,0.0,0.0,-10.27,2.41,0.0
20231204:1910,0.0,0.0,0.0,-9.21,2.21,0.0
20231204:2010,0.0,0.0,0.0,-9.55,2.14,0.0
20231204:2110,0.0,0.0,0.0,-10.25,2.28,0.0
20231204:2210,0.0,0.0,0.0,-10.43,2.21,0.0
20231204:2310,0.0,0.0,0.0,-10.31,2.07,0.0
20231205:0010,0.0,0.0,0.0,-9.82,1.93,0.0
20231205:0110,0.0,0.0,0.0,-9.34,1.72,0.0
20231205:0210,0.0,0.0,0.0,-9.04,1.72,0.0
20231205:0310,0.0,0.0,0.0,-8.91,1.72,0.0
20231205:0410,0.0,0.0,0.0,-8.7,1.79,0.0
20231205:0510,0.0,0.0,0.0,-8.4,1.79,0.0
20231205:0610,0.0,0.0,0.0,-8.64,2.07,0.0
20231205:0710,42.79,58.75,7.45,-8.73,2.28,0.0
20231205:0810,115.38,133.1,13.19,-8.0,2.21,0.0
20231205:0910,32.1,47.76,16.95,-6.28,1.93,0.0
20231205:1010,59.91,78.4,18.38,-4.67,1.79,0.0
20231205:1110,68.15,87.41,17.34,-3.77,2.0,0.0
20231205:1210,8.73,19.83,13.94,-3.54,2.21,0.0
20231205:1310,2.18,9.91,8.49,-3.36,2.21,0.0
20231205:1410,0.0,0.0,0.0,-3.24,2.28,0.0
20231205:1510,0.0,0.0,0.0,-3.43,2.28,0.0
20231205:1610,0.0,0.0,0.0,-3.55,2.21,0.0
20231205:1710,0.0,0.0,0.0,-3.8,2.07,0.0
20231205:1810,0.0,0.0,0.0,-4.15,1.93,0.0
20231205:1910,0.0,0.0,0.0,-5.41,1.79,0.0
20231205:2010,0.0,0.0,0.0,-6.11,1.86,0.0
20231205:2110,0.0,0.0,0.0,-6.44,1.93,0.0
20231205:2210,0.0,0.0,0.0,-7.11,1.93,0.0
20231205:2310,0.0,0.0,0.0,-7.05,1.66,0.0
20231206:0010,0.0,0.0,0.0,-6.78,1.52,0.0
20231206:0110,0.0,0.0,0.0,-6.48,1.45,0.0
20231206:0210,0.0,0.0,0.0,-7.0,1.72,0.0
20231206:0310,0.0,0.0,0.0,-7.49,1.86,0.0
20231206:0410,0.0,0.0,0.0,-7.28,1.79,0.0
20231206:0510,0.0,0.0,0.0,-7.52,1.86,0.0
20231206:0610,0.0,0.0,0.0,-8.56,2.21,0.0
20231206:0710,27.89,42.4,7.29,-9.48,2.48,0.0
20231206:0810,82.28,99.98,13.04,-8.1,2.28,0.0
20231206:0910,70.79,88.99,16.81,-6.84,2.34,0.0
20231206:1010,79.57,98.79,18.26,-4.88,2.97,0.0
20231206:1110,48.74,66.69,17.24,-3.33,3.24,0.0
20231206:1210,12.03,24.33,13.85,-2.31,3.38,0.0
20231206:1310,15.53,28.84,8.42,-1.93,3.03,0.0
20231206:1410,0.0,0.0,0.0,-2.19,3.1,0.0
20231206:1510,0.0,0.0,0.0,-2.4,3.17,0.0
20231206:1610,0.0,0.0,0.0,-2.32,3.31,0.0
20231206:1710,0.0,0.0,0.0,-2.15,3.24,0.0
20231206:1810,0.0,0.0,0.0,-1.99,3.24,0.0
20231206:1910,0.0,0.0,0.0,-1.82,3.66,0.0
20231206:2010,0.0,0.0,0.0,-1.56,3.79,0.0
20231206:2110,0.0,0.0,0.0,-1.59,3.79,0.0
20231206:2210,0.0,0.0,0.0,-1.63,3.79,0.0
20231206:2310,0.0,0.0,0.0,-1.75,3.72,0.0
20231207:0010,0.0,0.0,0.0,-1.84,3.72,0.0
20231207:0110,0.0,0.0,0.0,-1.91,3.86,0.0
20231207:0210,0.0,0.0,0.0,-1.88,3.93,0.0
20231207:0310,0.0,0.0,0.0,-1.98,3.93,0.0
20231207:0410,0.0,0.0,0.0,-2.15,3.86,0.0
20231207:0510,0.0,0.0,0.0,-2.37,3.86,0.0
20231207:0610,0.0,0.0,0.0,-2.53,3.86,0.0
20231207:0710,1.2,8.11,7.14,-2.42,4.28,0.0
20231207:0810,29.16,45.06,12.9,-2.35,3.93,0.0
20231207:0910,22.21,36.95,16.68,-2.19,4.55,0.0
20231207:1010,28.33,44.16,18.14,-2.03,4.21,0.0
20231207:1110,131.79,153.03,17.14,-1.81,4.21,0.0
20231207:1210,8.0,18.92,13.77,-1.81,3.79,0.0
20231207:1310,17.71,31.54,8.36,-1.97,3.72,0.0
20231207:1410,0.0,0.0,0.0,-2.16,3.17,0.0
20231207:1510,0.0,0.0,0.0,-2.51,2.9,0.0
20231207:1610,0.0,0.0,0.0,-2.9,2.69,0.0
20231207:1710,0.0,0.0,0.0,-3.02,2.55,0.0
20231207:1810,0.0,0.0,0.0,-3.13,2.34,0.0
20231207:1910,0.0,0.0,0.0,-3.53,2.55,0.0
20231207:2010,0.0,0.0,0.0,-3.73,2.48,0.0
20231207:2110,0.0,0.0,0.0,-3.84,2.28,0.0
20231207:2210,0.0,0.0,0.0,-3.76,1.86,0.0
20231207:2310,0.0,0.0,0.0,-3.76,1.52,0.0
20231208:0010,0.0,0.0,0.0,-4.05,1.31,0.0
20231208:0110,0.0,0.0,0.0,-4.03,1.24,0.0
20231208:0210,0.0,0.0,0.0,-4.05,1.31,0.0
20231208:0310,0.0,0.0,0.0,-4.19,1.52,0.0
20231208:0410,0.0,0.0,0.0,-4.45,1.66,0.0
20231208:0510,0.0,0.0,0.0,-4.83,1.59,0.0
20231208:0610,0.0,0.0,0.0,-5.1,1.52,0.0
20231208:0710,17.33,30.64,7.0,-6.04,1.86,0.0
20231208:0810,35.22,51.37,12.76,-5.62,2.14,0.0
20231208:0910,41.61,58.58,16.55,-4.97,1.72,0.0
20231208:1010,33.37,49.56,18.03,-4.28,1.66,0.0
20231208:1110,30.9,46.86,17.04,-3.71,1.86,0.0
20231208:1210,18.56,32.44,13.7,-3.37,1.72,0.0
20231208:1310,8.08,18.92,8.31,-3.79,1.38,0.0
20231208:1410,0.0,0.0,0.0,-4.78,1.66,0.0
20231208:1510,0.0,0.0,0.0,-6.1,1.59,0.0
20231208:1610,0.0,0.0,0.0,-6.27,1.17,0.0
20231208:1710,0.0,0.0,0.0,-7.47,1.59,0.0
20231208:1810,0.0,0.0,0.0,-9.15,2.07,0.0
20231208:1910,0.0,0.0,0.0,-8.31,1.93,0.0
20231208:2010,0.0,0.0,0.0,-9.16,2.0,0.0
20231208:2110,0.0,0.0,0.0,-9.23,1.86,0.0
20231208:2210,0.0,0.0,0.0,-8.98,1.66,0.0
20231208:2310,0.0,0.0,0.0,-8.77,1.59,0.0
20231209:0010,0.0,0.0,0.0,-9.39,1.72,0.0
20231209:0110,0.0,0.0,0.0,-9.31,1.72,0.0
20231209:0210,0.0,0.0,0.0,-8.74,1.52,0.0
20231209:0310,0.0,0.0,0.0,-8.45,1.38,0.0
20231209:0410,0.0,0.0,0.0,-9.73,1.72,0.0
20231209:0510,0.0,0.0,0.0,-9.91,1.86,0.0
20231209:0610,0.0,0.0,0.0,-10.22,1.93,0.0
20231209:0710,1.76,9.01,6.86,-8.42,1.66,0.0
20231209:0810,53.02,70.64,12.63,-5.89,1.1,0.0
20231209:0910,40.67,57.68,16.43,-4.56,0.9,0.0
20231209:1010,25.48,40.55,17.92,-4.24,1.31,0.0
20231209:1110,37.98,54.97,16.96,-3.17,1.1,0.0
20231209:1210,53.69,72.25,13.63,-2.64,1.17,0.0
20231209:1310,11.4,23.43,8.26,-3.26,1.52,0.0
20231209:1410,0.0,0.0,0.0,-4.48,1.79,0.0
20231209:1510,0.0,0.0,0.0,-5.58,2.21,0.0
20231209:1610,0.0,0.0,0.0,-6.04,2.21,0.0
20231209:1710,0.0,0.0,0.0,-6.28,1.79,0.0
20231209:1810,0.0,0.0,0.0,-6.99,1.86,0.0
20231209:1910,0.0,0.0,0.0,-6.68,1.86,0.0
20231209:2010,0.0,0.0,0.0,-6.93,2.07,0.0
20231209:2110,0.0,0.0,0.0,-6.96,1.93,0.0
20231209:2210,0.0,0.0,0.0,-6.65,1.79,0.0
20231209:2310,0.0,0.0,0.0,-6.23,1.72,0.0
20231210:0010,0.0,0.0,0.0,-6.54,1.86,0.0
20231210:0110,0.0,0.0,0.0,-6.19,1.72,0.0
20231210:0210,0.0,0.0,0.0,-6.96,1.93,0.0
20231210:0310,0.0,0.0,0.0,-7.44,2.14,0.0
20231210:0410,0.0,0.0,0.0,-7.81,2.14,0.0
20231210:0510,0.0,0.0,0.0,-8.51,2.14,0.0
20231210:0610,0.0,0.0,0.0,-9.22,2.34,0.0
20231210:0710,13.1,25.23,6.73,-7.69,2.21,0.0
20231210:0810,111.12,129.48,12.5,-6.72,1.93,0.0
20231210:0910,69.3,88.17,16.32,-4.89,1.66,0.0
20231210:1010,42.94,60.38,17.83,-3.48,1.72,0.0
20231210:1110,43.64,61.28,16.88,-2.88,1.86,0.0
20231210:1210,39.49,56.77,13.58,-2.44,2.0,0.0
20231210:1310,1.68,9.01,8.22,-2.84,2.28,0.0
20231210:1410,0.0,0.0,0.0,-3.5,2.28,0.0
20231210:1510,0.0,0.0,0.0,-4.22,2.21,0.0
20231210:1610,0.0,0.0,0.0,-4.02,1.93,0.0
20231210:1710,0.0,0.0,0.0,-3.82,1.72,0.0
20231210:1810,0.0,0.0,0.0,-3.3,1.59,0.0
20231210:1910,0.0,0.0,0.0,-3.94,1.79,0.0
20231210:2010,0.0,0.0,0.0,-3.44,1.66,0.0
20231210:2110,0.0,0.0,0.0,-3.18,1.79,0.0
20231210:2210,0.0,0.0,0.0,-2.99,2.0,0.0
20231210:2310,0.0,0.0,0.0,-2.48,2.14,0.0
20231211:0010,0.0,0.0,0.0,-1.87,2.41,0.0
20231211:0110,0.0,0.0,0.0,-1.21,2.76,0.0
20231211:0210,0.0,0.0,0.0,-1.42,3.24,0.0
20231211:0310,0.0,0.0,0.0,-1.6,3.86,0.0
20231211:0410,0.0,0.0,0.0,-1.48,4.28,0.0
20231211:0510,0.0,0.0,0.0,-0.85,4.34,0.0
20231211:0610,0.0,0.0,0.0,-0.21,4.48,0.0
20231211:0710,9.21,20.73,6.61,-0.06,4.55,0.0
20231211:0810,38.16,55.87,12.39,0.67,4.69,0.0
20231211:0910,121.66,144.44,16.21,1.42,5.1,0.0
20231211:1010,45.1,63.98,17.74,2.13,5.31,0.0
20231211:1110,60.55,81.11,16.81,2.52,5.59,0.0
20231211:1210,6.55,17.12,13.52,2.67,5.72,0.0
20231211:1310,22.41,37.85,8.19,2.71,5.79,0.0
20231211:1410,0.0,0.0,0.0,2.7,5.66,0.0
20231211:1510,0.0,0.0,0.0,2.47,5.59,0.0
20231211:1610,0.0,0.0,0.0,2.36,5.45,0.0
20231211:1710,0.0,0.0,0.0,2.2,5.59,0.0
20231211:1810,0.0,0.0,0.0,2.39,5.66,0.0
20231211:1910,0.0,0.0,0.0,1.98,5.86,0.0
20231211:2010,0.0,0.0,0.0,2.22,5.93,0.0
20231211:2110,0.0,0.0,0.0,2.41,6.14,0.0
20231211:2210,0.0,0.0,0.0,2.5,6.21,0.0
20231211:2310,0.0,0.0,0.0,2.4,6.28,0.0
20231212:0010,0.0,0.0,0.0,2.42,6.21,0.0
20231212:0110,0.0,0.0,0.0,2.53,6.07,0.0
20231212:0210,0.0,0.0,0.0,2.32,6.0,0.0
20231212:0310,0.0,0.0,0.0,2.3,6.0,0.0
20231212:0410,0.0,0.0,0.0,2.29,5.86,0.0
20231212:0510,0.0,0.0,0.0,2.43,5.79,0.0
20231212:0610,0.0,0.0,0.0,2.56,5.66,0.0
20231212:0710,43.96,62.51,6.49,2.65,5.1,0.0
20231212:0810,23.84,39.65,12.28,3.08,4.83,0.0
20231212:0910,40.79,59.48,16.11,3.51,4.69,0.0
20231212:1010,22.27,37.85,17.65,3.77,4.48,0.0
20231212:1110,17.87,32.44,16.75,4.13,4.34,0.0
20231212:1210,84.9,107.47,13.48,4.16,4.21,0.0
20231212:1310,15.05,28.84,8.16,4.01,4.07,0.0
20231212:1410,0.0,0.0,0.0,3.57,3.72,0.0
20231212:1510,0.0,0.0,0.0,2.86,3.31,0.0
20231212:1610,0.0,0.0,0.0,2.28,3.17,0.0
20231212:1710,0.0,0.0,0.0,1.76,3.17,0.0
20231212:1810,0.0,0.0,0.0,1.72,3.1,0.0
20231212:1910,0.0,0.0,0.0,1.09,3.24,0.0
20231212:2010,0.0,0.0,0.0,1.42,3.17,0.0
20231212:2110,0.0,0.0,0.0,1.45,3.17,0.0
20231212:2210,0.0,0.0,0.0,1.7,3.1,0.0
20231212:2310,0.0,0.0,0.0,1.82,3.1,0.0
20231213:0010,0.0,0.0,0.0,1.87,2.9,0.0
20231213:0110,0.0,0.0,0.0,1.42,2.62,0.0
20231213:0210,0.0,0.0,0.0,0.51,2.28,0.0
20231213:0310,0.0,0.0,0.0,-0.93,2.34,0.0
20231213:0410,0.0,0.0,0.0,-1.37,2.28,0.0
20231213:0510,0.0,0.0,0.0,-0.95,2.21,0.0
20231213:0610,0.0,0.0,0.0,-0.48,2.28,0.0
20231213:0710,12.53,25.23,6.38,0.55,2.28,0.0
20231213:0810,74.71,95.64,12.17,1.27,2.28,0.0
20231213:0910,31.63,48.66,16.02,1.74,2.41,0.0
20231213:1010,46.72,65.79,17.58,1.72,2.48,0.0
20231213:1110,131.07,154.85,16.69,1.8,2.55,0.0
20231213:1210,30.83,47.76,13.45,1.93,2.69,0.0
20231213:1310,11.09,23.43,8.15,1.87,2.76,0.0
20231213:1410,0.0,0.0,0.0,1.74,2.76,0.0
20231213:1510,0.0,0.0,0.0,1.49,2.69,0.0
20231213:1610,0.0,0.0,0.0,1.36,2.48,0.0
20231213:1710,0.0,0.0,0.0,1.15,2.28,0.0
20231213:1810,0.0,0.0,0.0,1.14,1.93,0.0
20231213:1910,0.0,0.0,0.0,1.02,1.59,0.0
20231213:2010,0.0,0.0,0.0,1.08,1.03,0.0
20231213:2110,0.0,0.0,0.0,1.4,0.83,0.0
20231213:2210,0.0,0.0,0.0,1.58,0.69,0.0
20231213:2310,0.0,0.0,0.0,1.97,0.21,0.0
20231214:0010,0.0,0.0,0.0,1.95,0.48,0.0
20231214:0110,0.0,0.0,0.0,1.32,0.9,0.0
20231214:0210,0.0,0.0,0.0,1.01,1.03,0.0
20231214:0310,0.0,0.0,0.0,0.93,1.31,0.0
20231214:0410,0.0,0.0,0.0,0.99,1.52,0.0
20231214:0510,0.0,0.0,0.0,1.03,1.79,0.0
20231214:0610,0.0,0.0,0.0,0.84,2.14,0.0
20231214:0710,0.33,6.31,6.27,0.46,2.48,0.0
20231214:0810,19.66,34.24,12.07,0.57,3.17,0.0
20231214:0910,11.17,23.43,15.94,0.61,3.66,0.0
20231214:1010,22.61,37.85,17.51,0.83,3.93,0.0
20231214:1110,51.88,71.19,16.64,0.79,3.66,0.0
20231214:1210,39.73,57.68,13.42,0.69,3.52,0.0
20231214:1310,19.67,34.24,8.13,0.54,3.59,0.0
20231214:1410,0.0,0.0,0.0,0.45,3.31,0.0
20231214:1510,0.0,0.0,0.0,0.36,3.24,0.0
20231214:1610,0.0,0.0,0.0,0.36,3.24,0.0
20231214:1710,0.0,0.0,0.0,0.37,3.24,0.0
20231214:1810,0.0,0.0,0.0,0.47,3.1,0.0
20231214:1910,0.0,0.0,0.0,0.69,2.9,0.0
20231214:2010,0.0,0.0,0.0,0.73,2.97,0.0
20231214:2110,0.0,0.0,0.0,0.73,2.76,0.0
20231214:2210,0.0,0.0,0.0,0.73,2.69,0.0
20231214:2310,0.0,0.0,0.0,0.74,2.76,0.0
20231215:0010,0.0,0.0,0.0,0.71,2.55,0.0
20231215:0110,0.0,0.0,0.0,0.81,2.48,0.0
20231215:0210,0.0,0.0,0.0,0.82,2.41,0.0
20231215:0310,0.0,0.0,0.0,0.85,2.48,0.0
20231215:0410,0.0,0.0,0.0,0.82,2.62,0.0
20231215:0510,0.0,0.0,0.0,0.65,2.62,0.0
20231215:0610,0.0,0.0,0.0,0.53,2.76,0.0
20231215:0710,19.59,34.1,6.17,0.7,3.24,0.0
20231215:0810,124.42,146.58,11.98,0.62,3.31,0.0
20231215:0910,80.66,101.79,15.86,0.54,3.72,0.0
20231215:1010,18.2,32.44,17.45,0.59,4.07,0.0
20231215:1110,16.05,29.74,16.6,0.53,4.28,0.0
20231215:1210,16.06,29.74,13.4,0.32,3.93,0.0
20231215:1310,8.55,19.83,8.13,0.04,3.72,0.0
20231215:1410,0.0,0.0,0.0,-0.33,3.31,0.0
20231215:1510,0.0,0.0,0.0,-0.86,2.76,0.0
20231215:1610,0.0,0.0,0.0,-1.86,2.48,0.0
20231215:1710,0.0,0.0,0.0,-2.23,2.41,0.0
20231215:1810,0.0,0.0,0.0,-2.3,2.48,0.0
20231215:1910,0.0,0.0,0.0,-1.89,2.76,0.0
20231215:2010,0.0,0.0,0.0,-2.03,2.69,0.0
20231215:2110,0.0,0.0,0.0,-2.27,2.76,0.0
20231215:2210,0.0,0.0,0.0,-1.91,2.97,0.0
20231215:2310,0.0,0.0,0.0,-1.49,3.03,0.0
20231216:0010,0.0,0.0,0.0,-0.92,3.17,0.0
20231216:0110,0.0,0.0,0.0,-0.71,3.31,0.0
20231216:0210,0.0,0.0,0.0,-0.29,3.45,0.0
20231216:0310,0.0,0.0,0.0,-0.1,3.52,0.0
20231216:0410,0.0,0.0,0.0,0.01,3.45,0.0
20231216:0510,0.0,0.0,0.0,0.13,3.38,0.0
20231216:0610,0.0,0.0,0.0,0.12,3.38,0.0
20231216:0710,35.52,52.65,6.08,0.61,3.38,0.0
20231216:0810,494.04,531.86,11.9,1.14,3.66,0.0
20231216:0910,150.74,174.37,15.79,1.61,3.93,0.0
20231216:1010,83.92,106.0,17.4,2.11,4.07,0.0
20231216:1110,37.03,54.97,16.57,2.47,4.28,0.0
20231216:1210,7.79,18.92,13.38,2.72,3.79,0.0
20231216:1310,9.71,21.63,8.13,2.78,3.38,0.0
20231216:1410,0.0,0.0,0.0,2.63,3.17,0.0
20231216:1510,0.0,0.0,0.0,2.44,3.17,0.0
20231216:1610,0.0,0.0,0.0,2.4,3.24,0.0
20231216:1710,0.0,0.0,0.0,2.43,3.31,0.0
20231216:1810,0.0,0.0,0.0,2.43,3.38,0.0
20231216:1910,0.0,0.0,0.0,2.22,3.72,0.0
20231216:2010,0.0,0.0,0.0,2.44,3.93,0.0
20231216:2110,0.0,0.0,0.0,2.65,4.14,0.0
20231216:2210,0.0,0.0,0.0,2.74,4.41,0.0
20231216:2310,0.0,0.0,0.0,2.68,4.69,0.0
20231217:0010,0.0,0.0,0.0,2.6,4.9,0.0
20231217:0110,0.0,0.0,0.0,2.26,5.1,0.0
20231217:0210,0.0,0.0,0.0,2.27,5.52,0.0
20231217:0310,0.0,0.0,0.0,2.32,5.72,0.0
20231217:0410,0.0,0.0,0.0,2.44,5.93,0.0
20231217:0510,0.0,0.0,0.0,2.52,6.28,0.0
20231217:0610,0.0,0.0,0.0,2.6,6.34,0.0
20231217:0710,9.74,21.63,5.99,2.34,6.55,0.0
20231217:0810,153.32,176.78,11.82,2.8,6.55,0.0
20231217:0910,215.23,240.55,15.73,3.22,6.21,0.0
20231217:1010,129.09,153.28,17.36,3.56,6.07,0.0
20231217:1110,41.54,60.38,16.54,3.85,5.79,0.0
20231217:1210,17.17,31.54,13.38,4.04,5.66,0.0
20231217:1310,1.58,9.01,8.14,4.27,5.24,0.0
20231217:1410,0.0,0.0,0.0,4.18,4.9,0.0
20231217:1510,0.0,0.0,0.0,4.04,4.69,0.0
20231217:1610,0.0,0.0,0.0,3.84,4.62,0.0
20231217:1710,0.0,0.0,0.0,3.75,4.55,0.0
20231217:1810,0.0,0.0,0.0,3.66,4.62,0.0
20231217:1910,0.0,0.0,0.0,3.0,5.17,0.0
20231217:2010,0.0,0.0,0.0,2.84,5.24,0.0
20231217:2110,0.0,0.0,0.0,2.93,5.52,0.0
20231217:2210,0.0,0.0,0.0,3.06,5.66,0.0
20231217:2310,0.0,0.0,0.0,3.31,5.66,0.0
20231218:0010,0.0,0.0,0.0,3.39,5.45,0.0
20231218:0110,0.0,0.0,0.0,3.59,5.45,0.0
20231218:0210,0.0,0.0,0.0,3.85,5.52,0.0
20231218:0310,0.0,0.0,0.0,3.86,5.66,0.0
20231218:0410,0.0,0.0,0.0,3.86,5.79,0.0
20231218:0510,0.0,0.0,0.0,3.81,5.79,0.0
20231218:0610,0.0,0.0,0.0,3.89,5.86,0.0
20231218:0710,264.45,293.35,5.91,3.89,6.97,0.0
20231218:0810,517.6,558.13,11.76,4.5,6.76,0.0
20231218:0910,644.22,700.33,15.67,5.01,6.0,0.0
20231218:1010,691.52,758.06,17.32,5.65,5.59,0.0
20231218:1110,637.73,698.72,16.53,6.13,5.52,0.0
20231218:1210,126.47,151.86,13.38,6.23,5.24,0.0
20231218:1310,398.07,437.64,8.16,6.57,5.86,0.0
20231218:1410,0.0,0.0,0.0,5.84,5.1,0.0
20231218:1510,0.0,0.0,0.0,4.75,4.48,0.0
20231218:1610,0.0,0.0,0.0,4.05,4.14,0.0
20231218:1710,0.0,0.0,0.0,3.74,3.93,0.0
20231218:1810,0.0,0.0,0.0,3.49,3.66,0.0
20231218:1910,0.0,0.0,0.0,3.96,3.93,0.0
20231218:2010,0.0,0.0,0.0,4.24,3.66,0.0
20231218:2110,0.0,0.0,0.0,4.34,3.38,0.0
20231218:2210,0.0,0.0,0.0,4.34,3.1,0.0
20231218:2310,0.0,0.0,0.0,4.18,2.97,0.0
20231219:0010,0.0,0.0,0.0,4.22,2.97,0.0
20231219:0110,0.0,0.0,0.0,4.14,2.97,0.0
20231219:0210,0.0,0.0,0.0,4.03,3.03,0.0
20231219:0310,0.0,0.0,0.0,3.75,3.24,0.0
20231219:0410,0.0,0.0,0.0,3.19,3.45,0.0
20231219:0510,0.0,0.0,0.0,3.12,3.72,0.0
20231219:0610,0.0,0.0,0.0,3.01,3.86,0.0
20231219:0710,294.63,325.86,5.83,3.4,4.62,0.0
20231219:0810,517.45,562.13,11.69,4.37,4.83,0.0
20231219:0910,592.54,647.45,15.63,5.39,4.97,0.0
20231219:1010,485.32,530.33,17.29,6.07,5.17,0.0
20231219:1110,638.78,703.95,16.52,6.46,4.83,0.0
20231219:1210,575.09,633.32,13.39,6.68,4.55,0.0
20231219:1310,355.91,392.71,8.19,6.07,4.9,0.0
20231219:1410,0.0,0.0,0.0,5.27,4.69,0.0
20231219:1510,0.0,0.0,0.0,4.51,4.9,0.0
20231219:1610,0.0,0.0,0.0,4.41,5.17,0.0
20231219:1710,0.0,0.0,0.0,4.35,5.45,0.0
20231219:1810,0.0,0.0,0.0,4.42,5.86,0.0
20231219:1910,0.0,0.0,0.0,4.46,6.48,0.0
20231219:2010,0.0,0.0,0.0,4.56,6.48,0.0
20231219:2110,0.0,0.0,0.0,4.42,6.83,0.0
20231219:2210,0.0,0.0,0.0,4.57,6.97,0.0
20231219:2310,0.0,0.0,0.0,4.75,6.83,0.0
20231220:0010,0.0,0.0,0.0,4.89,6.55,0.0
20231220:0110,0.0,0.0,0.0,4.98,6.28,0.0
20231220:0210,0.0,0.0,0.0,5.12,6.21,0.0
20231220:0310,0.0,0.0,0.0,5.37,6.0,0.0
20231220:0410,0.0,0.0,0.0,5.32,5.66,0.0
20231220:0510,0.0,0.0,0.0,5.24,5.38,0.0
20231220:0610,0.0,0.0,0.0,5.15,5.1,0.0
20231220:0710,33.93,51.66,5.76,4.99,5.72,0.0
20231220:0810,519.17,566.2,11.64,5.95,5.66,0.0
20231220:0910,651.79,717.83,15.59,7.09,5.59,0.0
20231220:1010,262.52,295.81,17.27,7.77,4.69,0.0
20231220:1110,670.48,748.79,16.52,8.1,4.41,0.0
20231220:1210,534.28,591.29,13.4,7.92,4.48,0.0
20231220:1310,1.53,9.01,8.22,7.83,3.66,0.0
20231220:1410,0.0,0.0,0.0,6.68,3.17,0.0
20231220:1510,0.0,0.0,0.0,5.51,3.1,0.0
20231220:1610,0.0,0.0,0.0,4.61,3.17,0.0
20231220:1710,0.0,0.0,0.0,3.73,3.17,0.0
20231220:1810,0.0,0.0,0.0,3.24,3.17,0.0
20231220:1910,0.0,0.0,0.0,3.28,3.79,0.0
20231220:2010,0.0,0.0,0.0,2.59,3.59,0.0
20231220:2110,0.0,0.0,0.0,1.96,3.59,0.0
20231220:2210,0.0,0.0,0.0,1.58,3.52,0.0
20231220:2310,0.0,0.0,0.0,1.19,3.52,0.0
20231221:0010,0.0,0.0,0.0,1.13,3.66,0.0
20231221:0110,0.0,0.0,0.0,1.59,3.93,0.0
20231221:0210,0.0,0.0,0.0,2.22,3.86,0.0
20231221:0310,0.0,0.0,0.0,1.91,3.59,0.0
20231221:0410,0.0,0.0,0.0,1.55,3.45,0.0
20231221:0510,0.0,0.0,0.0,1.39,3.52,0.0
20231221:0610,0.0,0.0,0.0,1.22,3.79,0.0
20231221:0710,317.72,347.46,5.7,1.7,4.83,0.0
20231221:0810,518.27,555.78,11.59,2.42,5.72,0.0
20231221:0910,428.31,459.76,15.56,2.73,6.14,0.0
20231221:1010,141.25,165.44,17.26,3.06,6.34,0.0
20231221:1110,193.86,219.42,16.52,3.91,6.97,0.0
20231221:1210,475.77,512.66,13.42,3.85,6.07,0.0
20231221:1310,271.64,298.83,8.26,3.58,6.83,0.0
20231221:1410,0.0,0.0,0.0,3.35,7.86,0.0
20231221:1510,0.0,0.0,0.0,3.28,8.14,0.0
20231221:1610,0.0,0.0,0.0,3.4,8.41,0.0
20231221:1710,0.0,0.0,0.0,3.38,8.76,0.0
20231221:1810,0.0,0.0,0.0,3.2,9.1,0.0
20231221:1910,0.0,0.0,0.0,3.2,10.14,0.0
20231221:2010,0.0,0.0,0.0,2.99,9.86,0.0
20231221:2110,0.0,0.0,0.0,2.86,9.66,0.0
20231221:2210,0.0,0.0,0.0,2.77,9.45,0.0
20231221:2310,0.0,0.0,0.0,2.8,9.38,0.0
20231222:0010,0.0,0.0,0.0,2.77,9.17,0.0
20231222:0110,0.0,0.0,0.0,3.02,8.62,0.0
20231222:0210,0.0,0.0,0.0,3.25,7.66,0.0
20231222:0310,0.0,0.0,0.0,2.49,6.83,0.0
20231222:0410,0.0,0.0,0.0,2.34,6.69,0.0
20231222:0510,0.0,0.0,0.0,2.77,5.93,0.0
20231222:0610,0.0,0.0,0.0,2.66,5.38,0.0
20231222:0710,3.11,11.72,5.65,2.53,5.17,0.0
20231222:0810,37.04,54.97,11.55,2.54,5.59,0.0
20231222:0910,404.8,436.29,15.53,2.99,5.66,0.0
20231222:1010,224.25,250.24,17.25,3.16,5.59,0.0
20231222:1110,228.75,254.74,16.53,3.29,5.86,0.0
20231222:1210,392.97,425.83,13.46,3.62,5.03,0.0
20231222:1310,313.78,344.09,8.3,3.48,4.62,0.0
20231222:1410,0.0,0.0,0.0,2.56,4.62,0.0
20231222:1510,0.0,0.0,0.0,1.66,4.9,0.0
20231222:1610,0.0,0.0,0.0,1.13,4.83,0.0
20231222:1710,0.0,0.0,0.0,0.97,5.03,0.0
20231222:1810,0.0,0.0,0.0,0.42,5.45,0.0
20231222:1910,0.0,0.0,0.0,0.37,5.45,0.0
20231222:2010,0.0,0.0,0.0,0.39,5.72,0.0
20231222:2110,0.0,0.0,0.0,0.33,5.93,0.0
20231222:2210,0.0,0.0,0.0,0.04,5.93,0.0
20231222:2310,0.0,0.0,0.0,-0.21,5.86,0.0
20231223:0010,0.0,0.0,0.0,-0.42,5.59,0.0
20231223:0110,0.0,0.0,0.0,-0.51,5.59,0.0
20231223:0210,0.0,0.0,0.0,-0.72,5.59,0.0
20231223:0310,0.0,0.0,0.0,-0.75,5.86,0.0
20231223:0410,0.0,0.0,0.0,-0.94,5.93,0.0
20231223:0510,0.0,0.0,0.0,-1.13,5.72,0.0
20231223:0610,0.0,0.0,0.0,-1.26,5.24,0.0
20231223:0710,75.48,95.18,5.6,-1.07,5.93,0.0
20231223:0810,130.28,151.21,11.51,-0.73,6.14,0.0
20231223:0910,114.78,136.37,15.51,-0.18,5.52,0.0
20231223:1010,89.18,110.43,17.25,0.28,7.03,0.0
20231223:1110,227.14,249.4,16.56,0.24,7.31,0.0
20231223:1210,119.9,141.41,13.49,0.25,6.97,0.0
20231223:1310,13.96,27.04,8.36,0.19,6.48,0.0
20231223:1410,0.0,0.9,1.54,-0.12,5.86,0.0
20231223:1510,0.0,0.0,0.0,-0.46,5.59,0.0
20231223:1610,0.0,0.0,0.0,-0.86,5.45,0.0
20231223:1710,0.0,0.0,0.0,-1.16,5.45,0.0
20231223:1810,0.0,0.0,0.0,-1.12,5.52,0.0
20231223:1910,0.0,0.0,0.0,-0.64,5.93,0.0
20231223:2010,0.0,0.0,0.0,-0.63,6.0,0.0
20231223:2110,0.0,0.0,0.0,-0.55,6.14,0.0
20231223:2210,0.0,0.0,0.0,-0.19,6.48,0.0
20231223:2310,0.0,0.0,0.0,-0.57,6.0,0.0
20231224:0010,0.0,0.0,0.0,-0.59,5.79,0.0
20231224:0110,0.0,0.0,0.0,-0.69,5.66,0.0
20231224:0210,0.0,0.0,0.0,-0.67,5.52,0.0
20231224:0310,0.0,0.0,0.0,-0.43,5.45,0.0
20231224:0410,0.0,0.0,0.0,-0.56,5.17,0.0
20231224:0510,0.0,0.0,0.0,-0.94,4.69,0.0
20231224:0610,0.0,0.0,0.0,-1.07,4.41,0.0
20231224:0710,7.31,18.02,5.56,-0.62,5.03,0.0
20231224:0810,37.45,54.97,11.49,0.27,5.17,0.0
20231224:0910,60.99,81.07,15.5,1.04,4.14,0.0
20231224:1010,86.71,108.59,17.26,1.89,6.07,0.0
20231224:1110,162.88,186.7,16.58,2.17,6.14,0.0
20231224:1210,17.32,31.54,13.54,2.38,4.9,0.0
20231224:1310,111.08,133.64,8.41,2.35,3.52,0.0
20231224:1410,0.0,0.9,1.61,1.83,2.55,0.0
20231224:1510,0.0,0.0,0.0,1.52,2.28,0.0
20231224:1610,0.0,0.0,0.0,1.72,2.55,0.0
20231224:1710,0.0,0.0,0.0,2.24,3.45,0.0
20231224:1810,0.0,0.0,0.0,2.89,4.41,0.0
20231224:1910,0.0,0.0,0.0,3.56,5.52,0.0
20231224:2010,0.0,0.0,0.0,3.97,6.0,0.0
20231224:2110,0.0,0.0,0.0,4.21,6.34,0.0
20231224:2210,0.0,0.0,0.0,4.4,6.55,0.0
20231224:2310,0.0,0.0,0.0,4.64,6.83,0.0
20231225:0010,0.0,0.0,0.0,4.95,7.31,0.0
20231225:0110,0.0,0.0,0.0,5.37,7.72,0.0
20231225:0210,0.0,0.0,0.0,5.67,7.72,0.0
20231225:0310,0.0,0.0,0.0,6.12,7.59,0.0
20231225:0410,0.0,0.0,0.0,6.46,7.52,0.0
20231225:0510,0.0,0.0,0.0,6.92,7.52,0.0
20231225:0610,0.0,0.0,0.0,7.51,7.52,0.0
20231225:0710,15.62,29.9,5.53,7.89,7.72,0.0
20231225:0810,108.5,133.9,11.47,8.5,7.59,0.0
20231225:0910,178.88,208.36,15.5,9.14,7.52,0.0
20231225:1010,129.09,156.97,17.28,9.71,7.52,0.0
20231225:1110,26.73,44.16,16.62,9.67,7.24,0.0
20231225:1210,78.36,102.61,13.59,9.72,7.31,0.0
20231225:1310,42.27,62.25,8.48,9.7,8.0,0.0
20231225:1410,0.0,0.9,1.69,9.57,8.07,0.0
20231225:1510,0.0,0.0,0.0,9.45,7.93,0.0
20231225:1610,0.0,0.0,0.0,9.41,7.66,0.0
20231225:1710,0.0,0.0,0.0,9.4,7.38,0.0
20231225:1810,0.0,0.0,0.0,9.28,6.97,0.0
20231225:1910,0.0,0.0,0.0,9.37,6.41,0.0
20231225:2010,0.0,0.0,0.0,9.49,6.41,0.0
20231225:2110,0.0,0.0,0.0,9.58,6.34,0.0
20231225:2210,0.0,0.0,0.0,9.58,6.14,0.0
20231225:2310,0.0,0.0,0.0,9.34,5.79,0.0
20231226:0010,0.0,0.0,0.0,9.3,5.52,0.0
20231226:0110,0.0,0.0,0.0,9.26,5.1,0.0
20231226:0210,0.0,0.0,0.0,9.23,4.76,0.0
20231226:0310,0.0,0.0,0.0,9.11,4.62,0.0
20231226:0410,0.0,0.0,0.0,9.07,4.9,0.0
20231226:0510,0.0,0.0,0.0,9.11,5.17,0.0
20231226:0610,0.0,0.0,0.0,8.94,4.97,0.0
20231226:0710,0.0,5.41,5.5,8.07,4.83,0.0
20231226:0810,29.84,47.76,11.46,8.68,6.0,0.0
20231226:0910,234.34,266.13,15.51,9.03,7.17,0.0
20231226:1010,209.36,240.45,17.3,9.1,7.17,0.0
20231226:1110,161.2,190.04,16.66,9.26,8.62,0.0
20231226:1210,124.84,151.94,13.65,9.7,8.21,0.0
20231226:1310,52.95,74.28,8.55,9.69,7.45,0.0
20231226:1410,0.0,0.9,1.77,9.35,7.03,0.0
20231226:1510,0.0,0.0,0.0,9.11,6.55,0.0
20231226:1610,0.0,0.0,0.0,8.8,6.07,0.0
20231226:1710,0.0,0.0,0.0,8.81,5.72,0.0
20231226:1810,0.0,0.0,0.0,8.85,5.38,0.0
20231226:1910,0.0,0.0,0.0,9.24,5.24,0.0
20231226:2010,0.0,0.0,0.0,9.03,5.17,0.0
20231226:2110,0.0,0.0,0.0,8.74,5.24,0.0
20231226:2210,0.0,0.0,0.0,8.19,5.1,0.0
20231226:2310,0.0,0.0,0.0,7.57,4.9,0.0
20231227:0010,0.0,0.0,0.0,7.19,5.03,0.0
20231227:0110,0.0,0.0,0.0,6.91,5.1,0.0
20231227:0210,0.0,0.0,0.0,6.77,5.45,0.0
20231227:0310,0.0,0.0,0.0,6.53,6.0,0.0
20231227:0410,0.0,0.0,0.0,5.9,6.07,0.0
20231227:0510,0.0,0.0,0.0,5.51,6.28,0.0
20231227:0610,0.0,0.0,0.0,4.83,6.14,0.0
20231227:0710,314.34,347.17,5.48,4.58,6.69,0.0
20231227:0810,235.58,262.44,11.45,4.54,6.62,0.0
20231227:0910,436.98,472.74,15.52,4.74,6.48,0.0
20231227:1010,719.32,783.55,17.34,4.86,6.41,0.0
20231227:1110,363.6,395.79,16.71,4.88,6.48,0.0
20231227:1210,414.45,449.19,13.72,4.96,6.55,0.0
20231227:1310,371.0,405.1,8.63,4.87,6.0,0.0
20231227:1410,0.3,6.31,1.86,4.2,4.69,0.0
20231227:1510,0.0,0.0,0.0,3.46,3.93,0.0
20231227:1610,0.0,0.0,0.0,2.5,3.38,0.0
20231227:1710,0.0,0.0,0.0,1.79,3.17,0.0
20231227:1810,0.0,0.0,0.0,1.31,3.1,0.0
20231227:1910,0.0,0.0,0.0,1.03,2.69,0.0
20231227:2010,0.0,0.0,0.0,0.37,2.55,0.0
20231227:2110,0.0,0.0,0.0,0.02,2.55,0.0
20231227:2210,0.0,0.0,0.0,0.28,2.62,0.0
20231227:2310,0.0,0.0,0.0,0.84,2.69,0.0
20231228:0010,0.0,0.0,0.0,1.63,2.69,0.0
20231228:0110,0.0,0.0,0.0,2.4,2.9,0.0
20231228:0210,0.0,0.0,0.0,2.97,3.24,0.0
20231228:0310,0.0,0.0,0.0,3.35,3.59,0.0
20231228:0410,0.0,0.0,0.0,3.62,3.72,0.0
20231228:0510,0.0,0.0,0.0,3.77,3.86,0.0
20231228:0610,0.0,0.0,0.0,3.8,4.0,0.0
20231228:0710,130.02,154.85,5.47,4.43,5.86,0.0
20231228:0810,482.32,524.07,11.45,5.66,6.28,0.0
20231228:0910,413.68,452.89,15.54,6.81,6.0,0.0
20231228:1010,675.74,748.08,17.38,7.9,5.66,0.0
20231228:1110,470.83,518.88,16.77,8.75,6.21,0.0
20231228:1210,567.08,625.81,13.79,8.9,6.14,0.0
20231228:1310,362.4,401.79,8.72,8.61,6.83,0.0
20231228:1410,1.08,8.11,1.95,7.94,6.28,0.0
20231228:1510,0.0,0.0,0.0,7.06,6.07,0.0
20231228:1610,0.0,0.0,0.0,6.62,5.93,0.0
20231228:1710,0.0,0.0,0.0,6.26,5.86,0.0
20231228:1810,0.0,0.0,0.0,5.94,5.72,0.0
20231228:1910,0.0,0.0,0.0,5.96,5.79,0.0
20231228:2010,0.0,0.0,0.0,6.06,5.72,0.0
20231228:2110,0.0,0.0,0.0,6.1,5.66,0.0
20231228:2210,0.0,0.0,0.0,6.09,5.59,0.0
20231228:2310,0.0,0.0,0.0,6.03,5.52,0.0
20231229:0010,0.0,0.0,0.0,5.92,5.45,0.0
20231229:0110,0.0,0.0,0.0,6.09,5.31,0.0
20231229:0210,0.0,0.0,0.0,6.3,5.17,0.0
20231229:0310,0.0,0.0,0.0,6.11,4.9,0.0
20231229:0410,0.0,0.0,0.0,6.04,4.76,0.0
20231229:0510,0.0,0.0,0.0,6.36,5.03,0.0
20231229:0610,0.0,0.0,0.0,6.41,5.52,0.0
20231229:0710,164.49,192.25,5.46,6.32,6.14,0.0
20231229:0810,268.37,299.05,11.46,6.56,6.0,0.0
20231229:0910,259.09,290.21,15.57,6.86,5.52,0.0
20231229:1010,192.6,221.73,17.42,7.38,6.0,0.0
20231229:1110,233.53,264.52,16.84,7.84,6.28,0.0
20231229:1210,488.23,534.73,13.88,7.57,6.21,0.0
20231229:1310,341.97,378.11,8.82,7.34,6.34,0.0
20231229:1410,0.29,6.31,2.06,6.98,6.28,0.0
20231229:1510,0.0,0.0,0.0,6.63,6.0,0.0
20231229:1610,0.0,0.0,0.0,6.43,5.79,0.0
20231229:1710,0.0,0.0,0.0,6.37,5.79,0.0
20231229:1810,0.0,0.0,0.0,6.44,5.86,0.0
20231229:1910,0.0,0.0,0.0,6.56,5.79,0.0
20231229:2010,0.0,0.0,0.0,6.69,5.93,0.0
20231229:2110,0.0,0.0,0.0,6.79,6.14,0.0
20231229:2210,0.0,0.0,0.0,6.94,6.21,0.0
20231229:2310,0.0,0.0,0.0,6.73,5.86,0.0
20231230:0010,0.0,0.0,0.0,6.88,5.66,0.0
20231230:0110,0.0,0.0,0.0,6.9,5.31,0.0
20231230:0210,0.0,0.0,0.0,7.05,5.24,0.0
20231230:0310,0.0,0.0,0.0,7.08,5.38,0.0
20231230:0410,0.0,0.0,0.0,7.1,5.72,0.0
20231230:0510,0.0,0.0,0.0,7.22,6.34,0.0
20231230:0610,0.0,0.0,0.0,7.13,6.69,0.0
20231230:0710,23.91,40.24,5.46,7.45,7.1,0.0
20231230:0810,99.22,123.77,11.48,7.61,6.41,0.0
20231230:0910,110.37,136.05,15.61,7.6,5.93,0.0
20231230:1010,526.12,577.96,17.48,7.78,5.86,0.0
20231230:1110,255.59,287.94,16.91,7.87,5.66,0.0
20231230:1210,515.99,567.37,13.97,7.85,5.59,0.0
20231230:1310,259.08,291.63,8.92,7.51,5.03,0.0
20231230:1410,0.0,1.8,2.16,6.95,5.59,0.0
20231230:1510,0.0,0.0,0.0,6.34,5.03,0.0
20231230:1610,0.0,0.0,0.0,5.89,4.69,0.0
20231230:1710,0.0,0.0,0.0,5.69,4.41,0.0
20231230:1810,0.0,0.0,0.0,5.41,4.0,0.0
20231230:1910,0.0,0.0,0.0,5.54,3.93,0.0
20231230:2010,0.0,0.0,0.0,5.3,3.79,0.0
20231230:2110,0.0,0.0,0.0,4.9,3.52,0.0
20231230:2210,0.0,0.0,0.0,4.54,3.24,0.0
20231230:2310,0.0,0.0,0.0,4.26,3.03,0.0
20231231:0010,0.0,0.0,0.0,4.16,2.9,0.0
20231231:0110,0.0,0.0,0.0,4.22,2.83,0.0
20231231:0210,0.0,0.0,0.0,4.04,2.83,0.0
20231231:0310,0.0,0.0,0.0,4.01,2.76,0.0
20231231:0410,0.0,0.0,0.0,4.03,2.69,0.0
20231231:0510,0.0,0.0,0.0,4.3,2.55,0.0
20231231:0610,0.0,0.0,0.0,4.42,2.41,0.0
20231231:0710,157.74,184.72,5.47,4.19,2.34,0.0
20231231:0810,471.3,522.52,11.51,5.13,2.07,0.0
20231231:0910,359.28,399.45,15.65,6.15,2.34,0.0
20231231:1010,626.0,703.69,17.54,6.95,2.62,0.0
20231231:1110,398.51,443.93,17.0,7.58,2.9,0.0
20231231:1210,492.07,549.67,14.06,7.89,2.76,0.0
20231231:1310,113.01,139.17,9.02,7.9,1.79,0.0
20231231:1410,0.0,3.6,2.28,7.62,1.66,0.0
20231231:1510,0.0,0.0,0.0,7.29,1.93,0.0
20231231:1610,0.0,0.0,0.0,6.96,2.14,0.0
20231231:1710,0.0,0.0,0.0,6.76,2.28,0.0
20231231:1810,0.0,0.0,0.0,5.96,2.41,0.0
20231231:1910,0.0,0.0,0.0,5.7,2.62,0.0
20231231:2010,0.0,0.0,0.0,5.12,2.69,0.0
20231231:2110,0.0,0.0,0.0,4.58,2.76,0.0
20231231:2210,0.0,0.0,0.0,4.24,2.83,0.0
20231231:2310,0.0,0.0,0.0,4.74,2.83,0.0

P: PV system power (W)
G(i): Global irradiance on the inclined plane (plane of the array) (W/m2)
H_sun: Sun height (degree)
T2m: 2-m air temperature (degree Celsius)
WS10m: 10-m total wind speed (m/s)
Int: 1 means solar radiation values are reconstructed



PVGIS (c) European Union, 2001-2025