Latitude (decimal degrees):	47.851
Longitude (decimal degrees):	35.117
Elevation (m):	58
Radiation database:	PVGIS-ERA5


Slope: 40 deg. 
Azimuth: 0 deg. 
Nominal power of the PV system (c-Si) (kWp):	1.0
System losses (%):	10.0
time,P,G(i),H_sun,T2m,WS10m,Int
20230101:0030,0.0,0.0,0.0,2.31,3.93,0.0
20230101:0130,0.0,0.0,0.0,2.52,4.0,0.0
20230101:0230,0.0,0.0,0.0,2.68,4.48,0.0
20230101:0330,0.0,0.0,0.0,3.01,4.55,0.0
20230101:0430,0.0,0.0,0.0,3.31,4.41,0.0
20230101:0530,0.0,0.0,-0.67,3.49,4.28,0.0
20230101:0630,31.38,48.52,6.99,3.79,4.62,0.0
20230101:0730,47.77,67.48,13.11,4.37,5.1,0.0
20230101:0830,92.67,115.85,17.27,5.24,5.03,0.0
20230101:0930,173.6,199.68,19.08,6.14,5.17,0.0
20230101:1030,144.74,170.6,18.36,6.98,5.17,0.0
20230101:1130,141.8,167.88,15.17,7.59,4.9,0.0
20230101:1230,199.47,229.08,9.84,8.08,5.1,0.0
20230101:1330,62.39,86.08,2.79,8.3,5.1,0.0
20230101:1430,0.0,0.0,0.0,7.75,4.9,0.0
20230101:1530,0.0,0.0,0.0,7.31,4.97,0.0
20230101:1630,0.0,0.0,0.0,6.99,5.1,0.0
20230101:1730,0.0,0.0,0.0,6.75,5.1,0.0
20230101:1830,0.0,0.0,0.0,6.54,4.97,0.0
20230101:1930,0.0,0.0,0.0,6.46,5.1,0.0
20230101:2030,0.0,0.0,0.0,6.26,4.97,0.0
20230101:2130,0.0,0.0,0.0,6.16,4.76,0.0
20230101:2230,0.0,0.0,0.0,5.98,4.69,0.0
20230101:2330,0.0,0.0,0.0,5.84,4.55,0.0
20230102:0030,0.0,0.0,0.0,5.78,4.48,0.0
20230102:0130,0.0,0.0,0.0,5.66,4.28,0.0
20230102:0230,0.0,0.0,0.0,5.51,4.14,0.0
20230102:0330,0.0,0.0,0.0,5.37,3.93,0.0
20230102:0430,0.0,0.0,0.0,5.23,3.79,0.0
20230102:0530,0.0,0.0,-0.66,5.17,4.07,0.0
20230102:0630,220.97,250.9,7.01,5.23,4.28,0.0
20230102:0730,390.61,429.2,13.15,5.91,3.93,0.0
20230102:0830,527.34,582.84,17.33,7.14,3.72,0.0
20230102:0930,581.12,647.46,19.16,8.29,3.79,0.0
20230102:1030,562.93,630.18,18.45,9.22,3.59,0.0
20230102:1130,454.93,509.19,15.29,9.79,3.45,0.0
20230102:1230,288.73,328.53,9.96,9.95,2.97,0.0
20230102:1330,93.96,122.11,2.92,9.45,2.55,0.0
20230102:1430,0.0,0.0,0.0,8.16,2.62,0.0
20230102:1530,0.0,0.0,0.0,6.97,2.41,0.0
20230102:1630,0.0,0.0,0.0,6.14,2.34,0.0
20230102:1730,0.0,0.0,0.0,5.46,2.41,0.0
20230102:1830,0.0,0.0,0.0,4.93,2.48,0.0
20230102:1930,0.0,0.0,0.0,4.85,2.55,0.0
20230102:2030,0.0,0.0,0.0,4.52,2.41,0.0
20230102:2130,0.0,0.0,0.0,4.07,2.14,0.0
20230102:2230,0.0,0.0,0.0,3.48,2.21,0.0
20230102:2330,0.0,0.0,0.0,3.38,2.34,0.0
20230103:0030,0.0,0.0,0.0,3.75,2.76,0.0
20230103:0130,0.0,0.0,0.0,3.95,3.1,0.0
20230103:0230,0.0,0.0,0.0,4.16,3.31,0.0
20230103:0330,0.0,0.0,0.0,4.28,3.45,0.0
20230103:0430,0.0,0.0,0.0,4.31,3.59,0.0
20230103:0530,0.0,0.0,-0.65,4.31,3.72,0.0
20230103:0630,227.96,257.49,7.04,4.38,4.0,0.0
20230103:0730,431.46,470.71,13.2,5.42,4.76,0.0
20230103:0830,570.64,625.81,17.4,6.75,5.03,0.0
20230103:0930,617.93,681.22,19.25,7.99,5.59,0.0
20230103:1030,583.15,643.7,18.56,8.92,5.93,0.0
20230103:1130,447.65,493.86,15.41,9.59,6.48,0.0
20230103:1230,227.85,260.54,10.09,9.59,5.93,0.0
20230103:1330,73.86,99.12,3.06,9.01,5.17,0.0
20230103:1430,0.0,0.0,0.0,8.15,4.69,0.0
20230103:1530,0.0,0.0,0.0,7.5,4.48,0.0
20230103:1630,0.0,0.0,0.0,7.22,4.21,0.0
20230103:1730,0.0,0.0,0.0,7.27,4.0,0.0
20230103:1830,0.0,0.0,0.0,7.38,3.72,0.0
20230103:1930,0.0,0.0,0.0,6.74,3.31,0.0
20230103:2030,0.0,0.0,0.0,6.24,3.17,0.0
20230103:2130,0.0,0.0,0.0,5.66,3.17,0.0
20230103:2230,0.0,0.0,0.0,5.62,3.24,0.0
20230103:2330,0.0,0.0,0.0,5.58,3.38,0.0
20230104:0030,0.0,0.0,0.0,5.46,3.45,0.0
20230104:0130,0.0,0.0,0.0,5.33,3.52,0.0
20230104:0230,0.0,0.0,0.0,5.03,3.72,0.0
20230104:0330,0.0,0.0,0.0,4.91,3.93,0.0
20230104:0430,0.0,0.0,0.0,4.69,4.0,0.0
20230104:0530,0.0,0.0,-0.63,4.67,4.21,0.0
20230104:0630,12.85,25.99,7.07,4.31,4.48,0.0
20230104:0730,52.2,72.17,13.25,4.56,4.62,0.0
20230104:0830,98.68,121.92,17.47,4.72,4.21,0.0
20230104:0930,191.73,218.5,19.35,5.08,4.62,0.0
20230104:1030,283.92,313.05,18.68,5.64,5.79,0.0
20230104:1130,153.65,179.07,15.53,6.07,6.21,0.0
20230104:1230,102.63,126.03,10.23,6.13,5.93,0.0
20230104:1330,59.49,81.81,3.2,5.7,5.38,0.0
20230104:1430,0.0,0.0,0.0,4.97,5.1,0.0
20230104:1530,0.0,0.0,0.0,4.36,4.9,0.0
20230104:1630,0.0,0.0,0.0,4.08,4.62,0.0
20230104:1730,0.0,0.0,0.0,3.83,4.48,0.0
20230104:1830,0.0,0.0,0.0,3.55,4.0,0.0
20230104:1930,0.0,0.0,0.0,3.68,3.45,0.0
20230104:2030,0.0,0.0,0.0,3.36,3.1,0.0
20230104:2130,0.0,0.0,0.0,3.1,2.62,0.0
20230104:2230,0.0,0.0,0.0,2.66,2.21,0.0
20230104:2330,0.0,0.0,0.0,2.37,2.07,0.0
20230105:0030,0.0,0.0,0.0,2.21,1.93,0.0
20230105:0130,0.0,0.0,0.0,2.31,2.28,0.0
20230105:0230,0.0,0.0,0.0,2.3,2.97,0.0
20230105:0330,0.0,0.0,0.0,2.14,3.66,0.0
20230105:0430,0.0,0.0,0.0,2.02,4.34,0.0
20230105:0530,0.0,0.0,-0.6,2.01,5.1,0.0
20230105:0630,23.12,38.57,7.12,1.99,5.79,0.0
20230105:0730,34.4,51.89,13.32,2.24,5.93,0.0
20230105:0830,32.31,49.48,17.56,2.6,6.14,0.0
20230105:0930,31.25,48.37,19.45,2.9,6.83,0.0
20230105:1030,35.98,53.94,18.8,3.51,7.66,0.0
20230105:1130,19.6,34.59,15.67,4.19,7.66,0.0
20230105:1230,9.27,21.16,10.37,4.88,7.59,0.0
20230105:1330,0.0,5.16,3.34,5.51,7.31,0.0
20230105:1430,0.0,0.0,0.0,5.61,6.9,0.0
20230105:1530,0.0,0.0,0.0,5.56,6.76,0.0
20230105:1630,0.0,0.0,0.0,5.41,6.83,0.0
20230105:1730,0.0,0.0,0.0,5.21,6.76,0.0
20230105:1830,0.0,0.0,0.0,5.05,6.62,0.0
20230105:1930,0.0,0.0,0.0,4.89,5.93,0.0
20230105:2030,0.0,0.0,0.0,4.84,5.86,0.0
20230105:2130,0.0,0.0,0.0,4.84,5.79,0.0
20230105:2230,0.0,0.0,0.0,4.91,5.66,0.0
20230105:2330,0.0,0.0,0.0,4.9,5.66,0.0
20230106:0030,0.0,0.0,0.0,4.91,5.45,0.0
20230106:0130,0.0,0.0,0.0,4.8,5.24,0.0
20230106:0230,0.0,0.0,0.0,4.78,5.17,0.0
20230106:0330,0.0,0.0,0.0,4.84,4.9,0.0
20230106:0430,0.0,0.0,0.0,4.89,4.76,0.0
20230106:0530,0.0,0.0,-0.57,4.92,4.62,0.0
20230106:0630,10.59,23.01,7.17,4.89,4.48,0.0
20230106:0730,51.82,71.67,13.39,5.41,4.69,0.0
20230106:0830,41.85,61.03,17.65,5.71,5.38,0.0
20230106:0930,85.43,108.39,19.56,5.95,4.83,0.0
20230106:1030,115.83,139.32,18.93,6.03,4.83,0.0
20230106:1130,66.27,86.89,15.81,5.65,5.66,0.0
20230106:1230,34.93,52.5,10.52,4.44,6.34,0.0
20230106:1330,5.86,16.12,3.49,2.96,6.76,0.0
20230106:1430,0.0,0.0,0.0,1.59,7.38,0.0
20230106:1530,0.0,0.0,0.0,0.5,7.45,0.0
20230106:1630,0.0,0.0,0.0,-0.28,7.24,0.0
20230106:1730,0.0,0.0,0.0,-0.87,7.45,0.0
20230106:1830,0.0,0.0,0.0,-1.5,7.1,0.0
20230106:1930,0.0,0.0,0.0,-2.11,6.34,0.0
20230106:2030,0.0,0.0,0.0,-2.59,6.14,0.0
20230106:2130,0.0,0.0,0.0,-3.12,5.93,0.0
20230106:2230,0.0,0.0,0.0,-3.7,5.79,0.0
20230106:2330,0.0,0.0,0.0,-4.42,5.38,0.0
20230107:0030,0.0,0.0,0.0,-5.14,5.17,0.0
20230107:0130,0.0,0.0,0.0,-5.92,4.9,0.0
20230107:0230,0.0,0.0,0.0,-6.51,4.69,0.0
20230107:0330,0.0,0.0,0.0,-6.96,4.55,0.0
20230107:0430,0.0,0.0,0.0,-7.35,4.34,0.0
20230107:0530,0.0,0.0,-0.53,-7.64,4.07,0.0
20230107:0630,248.92,265.42,7.22,-7.93,3.93,0.0
20230107:0730,486.13,500.84,13.46,-8.28,3.79,0.0
20230107:0830,659.71,687.1,17.75,-7.79,3.38,0.0
20230107:0930,707.93,743.89,19.68,-7.16,3.17,0.0
20230107:1030,695.63,732.63,19.06,-6.57,3.1,0.0
20230107:1130,581.05,609.06,15.95,-6.19,2.9,0.0
20230107:1230,392.68,413.12,10.67,-6.03,2.55,0.0
20230107:1330,138.91,160.56,3.65,-6.13,2.41,0.0
20230107:1430,0.0,0.0,0.0,-6.4,2.48,0.0
20230107:1530,0.0,0.0,0.0,-6.8,2.69,0.0
20230107:1630,0.0,0.0,0.0,-7.06,2.9,0.0
20230107:1730,0.0,0.0,0.0,-7.32,3.17,0.0
20230107:1830,0.0,0.0,0.0,-7.62,3.38,0.0
20230107:1930,0.0,0.0,0.0,-8.4,3.31,0.0
20230107:2030,0.0,0.0,0.0,-8.85,3.45,0.0
20230107:2130,0.0,0.0,0.0,-9.22,3.45,0.0
20230107:2230,0.0,0.0,0.0,-9.55,3.38,0.0
20230107:2330,0.0,0.0,0.0,-9.89,3.31,0.0
20230108:0030,0.0,0.0,0.0,-10.12,3.24,0.0
20230108:0130,0.0,0.0,0.0,-10.32,3.38,0.0
20230108:0230,0.0,0.0,0.0,-10.51,3.45,0.0
20230108:0330,0.0,0.0,0.0,-10.67,3.52,0.0
20230108:0430,0.0,0.0,0.0,-10.79,3.59,0.0
20230108:0530,0.0,0.0,-0.48,-10.77,3.59,0.0
20230108:0630,176.98,192.24,7.29,-10.51,3.52,0.0
20230108:0730,258.56,269.74,13.55,-10.98,3.59,0.0
20230108:0830,431.2,442.15,17.85,-10.09,3.38,0.0
20230108:0930,628.63,651.62,19.81,-8.98,3.1,0.0
20230108:1030,725.79,764.25,19.2,-7.93,2.76,0.0
20230108:1130,624.77,656.99,16.11,-7.1,2.41,0.0
20230108:1230,432.57,454.12,10.83,-6.6,2.34,0.0
20230108:1330,173.76,195.93,3.81,-6.49,2.34,0.0
20230108:1430,0.0,0.0,0.0,-6.74,2.41,0.0
20230108:1530,0.0,0.0,0.0,-7.08,2.55,0.0
20230108:1630,0.0,0.0,0.0,-7.4,2.83,0.0
20230108:1730,0.0,0.0,0.0,-7.64,3.1,0.0
20230108:1830,0.0,0.0,0.0,-7.8,3.17,0.0
20230108:1930,0.0,0.0,0.0,-8.46,3.38,0.0
20230108:2030,0.0,0.0,0.0,-8.63,3.52,0.0
20230108:2130,0.0,0.0,0.0,-8.75,3.86,0.0
20230108:2230,0.0,0.0,0.0,-8.84,4.0,0.0
20230108:2330,0.0,0.0,0.0,-8.89,3.79,0.0
20230109:0030,0.0,0.0,0.0,-8.74,3.86,0.0
20230109:0130,0.0,0.0,0.0,-8.59,4.28,0.0
20230109:0230,0.0,0.0,0.0,-8.51,4.55,0.0
20230109:0330,0.0,0.0,0.0,-8.53,4.62,0.0
20230109:0430,0.0,0.0,0.0,-8.6,4.69,0.0
20230109:0530,0.0,0.0,-0.43,-8.67,4.62,0.0
20230109:0630,257.39,272.86,7.36,-8.5,4.41,0.0
20230109:0730,451.71,465.0,13.64,-7.31,4.97,0.0
20230109:0830,594.33,613.86,17.97,-6.01,5.38,0.0
20230109:0930,631.93,658.35,19.94,-4.39,5.52,0.0
20230109:1030,592.56,619.46,19.35,-2.9,5.86,0.0
20230109:1130,542.2,568.73,16.27,-1.92,6.0,0.0
20230109:1230,393.34,416.58,11.0,-1.46,5.93,0.0
20230109:1330,129.15,152.5,3.98,-1.71,5.24,0.0
20230109:1430,0.0,0.0,0.0,-2.64,5.24,0.0
20230109:1530,0.0,0.0,0.0,-3.52,5.72,0.0
20230109:1630,0.0,0.0,0.0,-4.31,6.0,0.0
20230109:1730,0.0,0.0,0.0,-4.75,6.07,0.0
20230109:1830,0.0,0.0,0.0,-5.02,6.07,0.0
20230109:1930,0.0,0.0,0.0,-5.85,6.48,0.0
20230109:2030,0.0,0.0,0.0,-6.0,6.83,0.0
20230109:2130,0.0,0.0,0.0,-6.08,6.48,0.0
20230109:2230,0.0,0.0,0.0,-6.14,6.21,0.0
20230109:2330,0.0,0.0,0.0,-6.14,6.34,0.0
20230110:0030,0.0,0.0,0.0,-6.03,6.83,0.0
20230110:0130,0.0,0.0,0.0,-5.87,7.03,0.0
20230110:0230,0.0,0.0,0.0,-5.85,7.17,0.0
20230110:0330,0.0,0.0,0.0,-5.85,7.45,0.0
20230110:0430,0.0,0.0,0.0,-5.88,7.38,0.0
20230110:0530,0.0,0.0,-0.37,-6.01,7.86,0.0
20230110:0630,200.91,218.12,7.43,-6.14,7.86,0.0
20230110:0730,388.32,399.47,13.74,-6.14,8.55,0.0
20230110:0830,567.09,579.28,18.09,-5.65,8.76,0.0
20230110:0930,579.99,595.19,20.08,-4.58,8.83,0.0
20230110:1030,604.69,623.18,19.51,-3.77,8.76,0.0
20230110:1130,516.0,533.65,16.44,-3.2,8.62,0.0
20230110:1230,366.67,384.27,11.17,-3.1,8.34,0.0
20230110:1330,125.89,147.59,4.15,-3.54,7.86,0.0
20230110:1430,0.0,0.0,0.0,-4.43,8.28,0.0
20230110:1530,0.0,0.0,0.0,-5.32,8.34,0.0
20230110:1630,0.0,0.0,0.0,-6.11,8.28,0.0
20230110:1730,0.0,0.0,0.0,-6.7,8.21,0.0
20230110:1830,0.0,0.0,0.0,-7.17,8.14,0.0
20230110:1930,0.0,0.0,0.0,-8.35,8.55,0.0
20230110:2030,0.0,0.0,0.0,-8.52,8.41,0.0
20230110:2130,0.0,0.0,0.0,-8.64,7.86,0.0
20230110:2230,0.0,0.0,0.0,-8.76,7.38,0.0
20230110:2330,0.0,0.0,0.0,-8.86,7.45,0.0
20230111:0030,0.0,0.0,0.0,-8.96,7.66,0.0
20230111:0130,0.0,0.0,0.0,-9.0,7.59,0.0
20230111:0230,0.0,0.0,0.0,-8.95,7.38,0.0
20230111:0330,0.0,0.0,0.0,-8.87,7.38,0.0
20230111:0430,0.0,0.0,0.0,-8.73,7.24,0.0
20230111:0530,0.0,0.0,-0.3,-8.6,6.83,0.0
20230111:0630,247.29,262.21,7.52,-8.29,6.41,0.0
20230111:0730,430.94,442.74,13.84,-6.86,6.62,0.0
20230111:0830,603.34,619.57,18.21,-5.8,7.31,0.0
20230111:0930,718.18,744.2,20.23,-4.67,7.31,0.0
20230111:1030,710.22,741.05,19.67,-3.47,6.9,0.0
20230111:1130,578.03,602.8,16.61,-2.68,6.76,0.0
20230111:1230,391.9,412.29,11.35,-2.45,6.69,0.0
20230111:1330,149.09,171.91,4.33,-2.79,6.48,0.0
20230111:1430,0.0,0.0,-4.0,-3.66,6.62,0.0
20230111:1530,0.0,0.0,0.0,-4.38,6.41,0.0
20230111:1630,0.0,0.0,0.0,-4.78,5.93,0.0
20230111:1730,0.0,0.0,0.0,-4.99,5.66,0.0
20230111:1830,0.0,0.0,0.0,-5.04,5.52,0.0
20230111:1930,0.0,0.0,0.0,-5.34,5.31,0.0
20230111:2030,0.0,0.0,0.0,-5.11,5.38,0.0
20230111:2130,0.0,0.0,0.0,-5.01,5.45,0.0
20230111:2230,0.0,0.0,0.0,-5.03,5.24,0.0
20230111:2330,0.0,0.0,0.0,-5.07,4.9,0.0
20230112:0030,0.0,0.0,0.0,-5.09,4.97,0.0
20230112:0130,0.0,0.0,0.0,-5.07,5.38,0.0
20230112:0230,0.0,0.0,0.0,-5.03,5.72,0.0
20230112:0330,0.0,0.0,0.0,-4.93,5.66,0.0
20230112:0430,0.0,0.0,0.0,-4.91,5.79,0.0
20230112:0530,0.0,0.0,-0.23,-4.83,5.72,0.0
20230112:0630,75.8,94.29,7.61,-4.56,5.79,0.0
20230112:0730,171.32,189.33,13.95,-4.21,5.93,0.0
20230112:0830,383.44,402.11,18.35,-3.33,5.79,0.0
20230112:0930,630.68,664.06,20.38,-2.11,5.52,0.0
20230112:1030,663.96,705.25,19.84,-0.79,5.38,0.0
20230112:1130,588.58,626.5,16.79,0.01,5.03,0.0
20230112:1230,395.84,423.66,11.53,0.36,4.97,0.0
20230112:1330,128.76,153.03,4.51,0.12,4.55,0.0
20230112:1430,0.0,0.0,-3.82,-1.03,4.41,0.0
20230112:1530,0.0,0.0,0.0,-1.94,4.62,0.0
20230112:1630,0.0,0.0,0.0,-2.25,4.62,0.0
20230112:1730,0.0,0.0,0.0,-2.46,4.28,0.0
20230112:1830,0.0,0.0,0.0,-2.69,4.0,0.0
20230112:1930,0.0,0.0,0.0,-2.67,4.0,0.0
20230112:2030,0.0,0.0,0.0,-2.75,3.93,0.0
20230112:2130,0.0,0.0,0.0,-2.94,3.72,0.0
20230112:2230,0.0,0.0,0.0,-3.11,3.72,0.0
20230112:2330,0.0,0.0,0.0,-2.94,3.66,0.0
20230113:0030,0.0,0.0,0.0,-2.88,3.66,0.0
20230113:0130,0.0,0.0,0.0,-2.71,3.66,0.0
20230113:0230,0.0,0.0,0.0,-2.51,3.66,0.0
20230113:0330,0.0,0.0,0.0,-2.32,3.66,0.0
20230113:0430,0.0,0.0,0.0,-2.24,3.59,0.0
20230113:0530,0.0,0.0,-0.15,-2.21,3.66,0.0
20230113:0630,34.4,50.91,7.71,-2.01,3.59,0.0
20230113:0730,76.51,96.25,14.07,-1.64,4.21,0.0
20230113:0830,144.62,166.09,18.49,-1.28,3.72,0.0
20230113:0930,194.63,217.2,20.54,-0.7,3.45,0.0
20230113:1030,145.12,167.71,20.02,-0.29,3.17,0.0
20230113:1130,153.42,176.27,16.97,-0.04,2.97,0.0
20230113:1230,47.38,65.95,11.72,0.23,2.97,0.0
20230113:1330,23.11,38.45,4.7,0.11,3.03,0.0
20230113:1430,0.0,0.0,-3.63,-0.29,2.83,0.0
20230113:1530,0.0,0.0,0.0,-0.57,3.1,0.0
20230113:1630,0.0,0.0,0.0,-0.86,3.24,0.0
20230113:1730,0.0,0.0,0.0,-0.83,3.31,0.0
20230113:1830,0.0,0.0,0.0,-0.94,3.17,0.0
20230113:1930,0.0,0.0,0.0,-0.88,2.83,0.0
20230113:2030,0.0,0.0,0.0,-1.12,2.48,0.0
20230113:2130,0.0,0.0,0.0,-1.15,2.41,0.0
20230113:2230,0.0,0.0,0.0,-1.22,2.48,0.0
20230113:2330,0.0,0.0,0.0,-1.07,2.62,0.0
20230114:0030,0.0,0.0,0.0,-1.08,2.76,0.0
20230114:0130,0.0,0.0,0.0,-1.01,2.83,0.0
20230114:0230,0.0,0.0,0.0,-0.99,3.03,0.0
20230114:0330,0.0,0.0,0.0,-0.94,3.1,0.0
20230114:0430,0.0,0.0,0.0,-0.89,3.17,0.0
20230114:0530,0.0,0.0,-0.06,-0.88,3.03,0.0
20230114:0630,15.73,29.13,7.81,-0.84,3.1,0.0
20230114:0730,52.5,71.1,14.2,-0.47,3.1,0.0
20230114:0830,86.94,107.65,18.64,0.08,3.72,0.0
20230114:0930,84.91,105.5,20.71,0.31,3.79,0.0
20230114:1030,62.29,82.33,20.2,0.4,3.31,0.0
20230114:1130,53.26,72.26,17.16,0.45,3.1,0.0
20230114:1230,33.8,50.8,11.91,0.52,3.1,0.0
20230114:1330,6.42,16.82,4.89,0.44,3.03,0.0
20230114:1430,0.0,0.0,-3.45,0.16,2.83,0.0
20230114:1530,0.0,0.0,0.0,-0.17,2.9,0.0
20230114:1630,0.0,0.0,0.0,-0.36,2.97,0.0
20230114:1730,0.0,0.0,0.0,-0.58,3.03,0.0
20230114:1830,0.0,0.0,0.0,-0.75,2.97,0.0
20230114:1930,0.0,0.0,0.0,-1.14,2.9,0.0
20230114:2030,0.0,0.0,0.0,-1.16,2.83,0.0
20230114:2130,0.0,0.0,0.0,-1.11,2.97,0.0
20230114:2230,0.0,0.0,0.0,-1.02,3.17,0.0
20230114:2330,0.0,0.0,0.0,-1.05,3.17,0.0
20230115:0030,0.0,0.0,0.0,-0.94,3.17,0.0
20230115:0130,0.0,0.0,0.0,-0.84,3.1,0.0
20230115:0230,0.0,0.0,0.0,-0.82,3.03,0.0
20230115:0330,0.0,0.0,0.0,-0.74,2.97,0.0
20230115:0430,0.0,0.0,0.0,-0.76,2.83,0.0
20230115:0530,0.0,2.14,0.03,-0.67,2.69,0.0
20230115:0630,13.82,26.71,7.93,-0.65,2.55,0.0
20230115:0730,33.72,50.35,14.33,-0.59,2.62,0.0
20230115:0830,82.0,101.83,18.79,-0.29,2.9,0.0
20230115:0930,127.43,149.3,20.89,-0.05,2.62,0.0
20230115:1030,99.43,120.93,20.39,0.31,2.14,0.0
20230115:1130,65.11,84.99,17.36,0.51,2.0,0.0
20230115:1230,35.53,52.73,12.11,0.52,2.21,0.0
20230115:1330,8.29,19.51,5.08,0.39,2.34,0.0
20230115:1430,0.0,0.0,-3.25,-0.01,2.14,0.0
20230115:1530,0.0,0.0,0.0,-0.41,2.14,0.0
20230115:1630,0.0,0.0,0.0,-0.62,2.07,0.0
20230115:1730,0.0,0.0,0.0,-0.8,1.93,0.0
20230115:1830,0.0,0.0,0.0,-0.96,1.45,0.0
20230115:1930,0.0,0.0,0.0,-1.27,0.76,0.0
20230115:2030,0.0,0.0,0.0,-1.0,0.48,0.0
20230115:2130,0.0,0.0,0.0,-0.99,0.21,0.0
20230115:2230,0.0,0.0,0.0,-1.12,0.28,0.0
20230115:2330,0.0,0.0,0.0,-1.24,0.48,0.0
20230116:0030,0.0,0.0,0.0,-1.41,0.69,0.0
20230116:0130,0.0,0.0,0.0,-2.22,1.17,0.0
20230116:0230,0.0,0.0,0.0,-2.0,1.45,0.0
20230116:0330,0.0,0.0,0.0,-2.07,1.59,0.0
20230116:0430,0.0,0.0,0.0,-1.69,1.79,0.0
20230116:0530,0.0,2.65,0.13,-1.48,2.07,0.0
20230116:0630,7.07,17.66,8.04,-1.01,2.34,0.0
20230116:0730,36.31,53.09,14.47,-0.77,3.31,0.0
20230116:0830,107.73,127.84,18.95,-0.25,3.66,0.0
20230116:0930,254.0,276.02,21.07,0.37,4.0,0.0
20230116:1030,221.0,243.57,20.59,1.16,4.21,0.0
20230116:1130,193.0,216.21,17.56,1.63,4.28,0.0
20230116:1230,71.09,91.66,12.31,2.09,4.28,0.0
20230116:1330,41.57,60.21,5.29,2.1,3.79,0.0
20230116:1430,0.0,0.0,-3.06,1.75,3.38,0.0
20230116:1530,0.0,0.0,0.0,1.4,3.59,0.0
20230116:1630,0.0,0.0,0.0,1.36,4.07,0.0
20230116:1730,0.0,0.0,0.0,1.16,4.14,0.0
20230116:1830,0.0,0.0,0.0,1.09,4.28,0.0
20230116:1930,0.0,0.0,0.0,0.94,4.83,0.0
20230116:2030,0.0,0.0,0.0,1.24,5.03,0.0
20230116:2130,0.0,0.0,0.0,1.48,5.1,0.0
20230116:2230,0.0,0.0,0.0,1.76,5.24,0.0
20230116:2330,0.0,0.0,0.0,1.59,5.1,0.0
20230117:0030,0.0,0.0,0.0,0.98,4.83,0.0
20230117:0130,0.0,0.0,0.0,0.54,4.76,0.0
20230117:0230,0.0,0.0,0.0,0.2,4.62,0.0
20230117:0330,0.0,0.0,0.0,0.0,4.69,0.0
20230117:0430,0.0,0.0,0.0,-0.06,4.9,0.0
20230117:0530,0.46,6.6,0.24,0.08,5.38,0.0
20230117:0630,64.35,84.24,8.17,0.46,6.0,0.0
20230117:0730,156.81,179.82,14.62,1.39,6.34,0.0
20230117:0830,150.16,174.82,19.12,2.69,5.72,0.0
20230117:0930,163.68,189.62,21.26,3.82,6.0,0.0
20230117:1030,194.89,222.08,20.79,4.81,6.07,0.0
20230117:1130,299.22,329.4,17.77,5.48,6.69,0.0
20230117:1230,279.14,308.98,12.52,5.91,7.03,0.0
20230117:1330,135.46,162.92,5.49,5.64,6.76,0.0
20230117:1430,0.0,0.0,-2.86,4.81,6.55,0.0
20230117:1530,0.0,0.0,0.0,3.99,6.55,0.0
20230117:1630,0.0,0.0,0.0,3.68,6.83,0.0
20230117:1730,0.0,0.0,0.0,3.79,7.1,0.0
20230117:1830,0.0,0.0,0.0,3.99,7.1,0.0
20230117:1930,0.0,0.0,0.0,4.39,6.62,0.0
20230117:2030,0.0,0.0,0.0,4.67,6.55,0.0
20230117:2130,0.0,0.0,0.0,4.63,6.48,0.0
20230117:2230,0.0,0.0,0.0,4.72,6.55,0.0
20230117:2330,0.0,0.0,0.0,4.9,6.69,0.0
20230118:0030,0.0,0.0,0.0,5.16,6.9,0.0
20230118:0130,0.0,0.0,0.0,5.49,7.03,0.0
20230118:0230,0.0,0.0,0.0,5.77,7.1,0.0
20230118:0330,0.0,0.0,0.0,5.7,7.03,0.0
20230118:0430,0.0,0.0,0.0,5.47,6.9,0.0
20230118:0530,0.0,4.96,0.35,5.3,6.9,0.0
20230118:0630,58.68,79.38,8.3,5.53,7.38,0.0
20230118:0730,24.67,40.78,14.77,5.12,7.38,0.0
20230118:0830,21.9,37.55,19.3,5.54,7.59,0.0
20230118:0930,36.36,54.87,21.45,5.93,7.59,0.0
20230118:1030,136.04,160.94,21.0,6.09,7.31,0.0
20230118:1130,72.26,94.37,17.99,6.58,7.31,0.0
20230118:1230,97.45,121.09,12.73,6.85,7.45,0.0
20230118:1330,76.71,100.51,5.7,7.2,7.45,0.0
20230118:1430,0.0,0.0,-2.65,6.92,7.38,0.0
20230118:1530,0.0,0.0,0.0,6.5,7.38,0.0
20230118:1630,0.0,0.0,0.0,6.22,7.52,0.0
20230118:1730,0.0,0.0,0.0,6.09,7.72,0.0
20230118:1830,0.0,0.0,0.0,6.07,7.93,0.0
20230118:1930,0.0,0.0,0.0,5.83,7.79,0.0
20230118:2030,0.0,0.0,0.0,5.92,7.59,0.0
20230118:2130,0.0,0.0,0.0,6.23,7.79,0.0
20230118:2230,0.0,0.0,0.0,6.43,7.52,0.0
20230118:2330,0.0,0.0,0.0,6.44,6.97,0.0
20230119:0030,0.0,0.0,0.0,6.31,6.62,0.0
20230119:0130,0.0,0.0,0.0,6.02,6.34,0.0
20230119:0230,0.0,0.0,0.0,5.77,6.21,0.0
20230119:0330,0.0,0.0,0.0,5.85,6.14,0.0
20230119:0430,0.0,0.0,0.0,5.58,6.07,0.0
20230119:0530,0.26,6.22,0.47,5.4,6.0,0.0
20230119:0630,248.55,279.23,8.44,5.25,5.93,0.0
20230119:0730,427.35,465.89,14.93,6.03,5.86,0.0
20230119:0830,594.26,652.48,19.48,7.32,5.59,0.0
20230119:0930,659.14,731.29,21.66,8.93,5.79,0.0
20230119:1030,607.84,676.21,21.21,10.28,5.86,0.0
20230119:1130,480.94,535.14,18.21,10.97,5.79,0.0
20230119:1230,248.24,283.03,12.95,11.03,6.48,0.0
20230119:1330,140.23,171.17,5.91,10.34,6.62,0.0
20230119:1430,0.0,0.0,-2.45,9.04,6.69,0.0
20230119:1530,0.0,0.0,0.0,7.78,6.69,0.0
20230119:1630,0.0,0.0,0.0,6.78,6.62,0.0
20230119:1730,0.0,0.0,0.0,5.94,6.62,0.0
20230119:1830,0.0,0.0,0.0,5.46,6.69,0.0
20230119:1930,0.0,0.0,0.0,5.32,6.83,0.0
20230119:2030,0.0,0.0,0.0,5.21,6.69,0.0
20230119:2130,0.0,0.0,0.0,4.99,6.69,0.0
20230119:2230,0.0,0.0,0.0,4.76,6.55,0.0
20230119:2330,0.0,0.0,0.0,4.46,6.21,0.0
20230120:0030,0.0,0.0,0.0,4.15,5.93,0.0
20230120:0130,0.0,0.0,0.0,3.83,5.79,0.0
20230120:0230,0.0,0.0,0.0,3.54,5.66,0.0
20230120:0330,0.0,0.0,0.0,3.25,5.66,0.0
20230120:0430,0.0,0.0,0.0,2.97,5.59,0.0
20230120:0530,1.0,7.82,0.6,2.81,5.59,0.0
20230120:0630,148.31,172.95,8.58,2.86,5.59,0.0
20230120:0730,253.44,280.39,15.1,3.36,5.31,0.0
20230120:0830,382.42,416.28,19.67,4.27,4.97,0.0
20230120:0930,433.29,471.83,21.86,5.39,5.45,0.0
20230120:1030,515.56,564.18,21.43,6.39,5.17,0.0
20230120:1130,474.29,520.86,18.43,7.17,5.1,0.0
20230120:1230,351.52,389.4,13.18,7.39,4.9,0.0
20230120:1330,183.86,215.47,6.13,6.93,5.24,0.0
20230120:1430,0.0,0.0,-2.24,5.56,5.52,0.0
20230120:1530,0.0,0.0,0.0,4.11,5.86,0.0
20230120:1630,0.0,0.0,0.0,3.17,5.93,0.0
20230120:1730,0.0,0.0,0.0,2.67,6.0,0.0
20230120:1830,0.0,0.0,0.0,2.35,5.86,0.0
20230120:1930,0.0,0.0,0.0,1.88,5.93,0.0
20230120:2030,0.0,0.0,0.0,1.78,5.72,0.0
20230120:2130,0.0,0.0,0.0,1.63,5.45,0.0
20230120:2230,0.0,0.0,0.0,1.5,5.45,0.0
20230120:2330,0.0,0.0,0.0,1.27,5.72,0.0
20230121:0030,0.0,0.0,0.0,1.07,6.0,0.0
20230121:0130,0.0,0.0,0.0,0.94,6.21,0.0
20230121:0230,0.0,0.0,0.0,0.81,6.0,0.0
20230121:0330,0.0,0.0,0.0,0.67,5.52,0.0
20230121:0430,0.0,0.0,0.0,0.56,4.76,0.0
20230121:0530,0.68,7.11,0.73,0.42,4.07,0.0
20230121:0630,98.97,120.55,8.74,0.31,3.93,0.0
20230121:0730,273.9,298.54,15.27,1.22,4.62,0.0
20230121:0830,517.07,553.67,19.87,2.17,5.52,0.0
20230121:0930,671.07,728.08,22.08,3.18,5.17,0.0
20230121:1030,685.33,750.31,21.66,4.33,4.76,0.0
20230121:1130,591.41,647.26,18.66,5.09,4.41,0.0
20230121:1230,372.84,410.27,13.4,5.43,3.93,0.0
20230121:1330,171.95,201.7,6.35,5.1,3.45,0.0
20230121:1430,0.0,0.0,-2.02,3.87,3.72,0.0
20230121:1530,0.0,0.0,0.0,2.52,3.93,0.0
20230121:1630,0.0,0.0,0.0,1.58,3.93,0.0
20230121:1730,0.0,0.0,0.0,0.68,3.86,0.0
20230121:1830,0.0,0.0,0.0,0.13,3.66,0.0
20230121:1930,0.0,0.0,0.0,-0.63,3.45,0.0
20230121:2030,0.0,0.0,0.0,-0.92,3.17,0.0
20230121:2130,0.0,0.0,0.0,-1.09,2.83,0.0
20230121:2230,0.0,0.0,0.0,-1.26,2.62,0.0
20230121:2330,0.0,0.0,0.0,-1.44,2.83,0.0
20230122:0030,0.0,0.0,0.0,-1.4,3.17,0.0
20230122:0130,0.0,0.0,0.0,-1.49,3.31,0.0
20230122:0230,0.0,0.0,0.0,-1.49,3.38,0.0
20230122:0330,0.0,0.0,0.0,-1.39,3.66,0.0
20230122:0430,0.0,0.0,0.0,-1.25,3.59,0.0
20230122:0530,0.66,7.02,0.87,-0.89,3.45,0.0
20230122:0630,20.3,34.89,8.89,-0.38,3.45,0.0
20230122:0730,53.6,72.86,15.45,0.54,4.07,0.0
20230122:0830,65.33,85.62,20.07,1.15,4.07,0.0
20230122:0930,74.52,95.68,22.3,1.57,3.93,0.0
20230122:1030,93.09,115.07,21.89,1.84,3.93,0.0
20230122:1130,72.78,93.87,18.9,2.09,3.93,0.0
20230122:1230,47.75,66.69,13.64,2.22,4.14,0.0
20230122:1330,14.36,27.77,6.58,2.25,4.14,0.0
20230122:1430,0.0,0.0,-1.8,2.05,3.93,0.0
20230122:1530,0.0,0.0,0.0,1.61,4.14,0.0
20230122:1630,0.0,0.0,0.0,1.4,4.14,0.0
20230122:1730,0.0,0.0,0.0,1.31,4.07,0.0
20230122:1830,0.0,0.0,0.0,1.12,3.72,0.0
20230122:1930,0.0,0.0,0.0,0.67,3.66,0.0
20230122:2030,0.0,0.0,0.0,0.53,3.79,0.0
20230122:2130,0.0,0.0,0.0,0.44,4.07,0.0
20230122:2230,0.0,0.0,0.0,0.41,4.34,0.0
20230122:2330,0.0,0.0,0.0,0.35,4.55,0.0
20230123:0030,0.0,0.0,0.0,0.37,4.62,0.0
20230123:0130,0.0,0.0,0.0,0.47,4.62,0.0
20230123:0230,0.0,0.0,0.0,0.56,4.62,0.0
20230123:0330,0.0,0.0,0.0,0.55,4.62,0.0
20230123:0430,0.0,0.0,0.0,0.42,4.69,0.0
20230123:0530,0.0,4.57,1.01,0.3,4.76,0.0
20230123:0630,45.64,63.75,9.06,0.21,4.76,0.0
20230123:0730,113.93,135.19,15.64,0.61,4.97,0.0
20230123:0830,154.94,177.13,20.28,0.95,5.52,0.0
20230123:0930,145.78,168.77,22.53,1.18,5.17,0.0
20230123:1030,148.21,171.71,22.13,1.38,4.97,0.0
20230123:1130,94.88,117.51,19.14,1.49,4.69,0.0
20230123:1230,71.78,92.71,13.87,1.53,4.55,0.0
20230123:1330,23.19,38.64,6.81,1.5,4.62,0.0
20230123:1430,0.0,0.0,-1.58,1.15,4.0,0.0
20230123:1530,0.0,0.0,0.0,0.71,3.93,0.0
20230123:1630,0.0,0.0,0.0,0.27,3.93,0.0
20230123:1730,0.0,0.0,0.0,-0.29,3.52,0.0
20230123:1830,0.0,0.0,0.0,-0.53,3.24,0.0
20230123:1930,0.0,0.0,0.0,-0.75,3.72,0.0
20230123:2030,0.0,0.0,0.0,-0.64,3.93,0.0
20230123:2130,0.0,0.0,0.0,-0.57,4.0,0.0
20230123:2230,0.0,0.0,0.0,-0.38,4.07,0.0
20230123:2330,0.0,0.0,0.0,-0.31,4.14,0.0
20230124:0030,0.0,0.0,0.0,-0.34,4.34,0.0
20230124:0130,0.0,0.0,0.0,-0.29,4.48,0.0
20230124:0230,0.0,0.0,0.0,-0.35,4.55,0.0
20230124:0330,0.0,0.0,0.0,-0.46,4.55,0.0
20230124:0430,0.0,0.0,0.0,-0.53,4.48,0.0
20230124:0530,0.0,4.57,1.16,-0.73,4.41,0.0
20230124:0630,115.52,136.81,9.23,-0.85,4.28,0.0
20230124:0730,267.15,288.7,15.83,-0.7,4.34,0.0
20230124:0830,291.16,313.49,20.49,-0.32,4.41,0.0
20230124:0930,520.74,554.42,22.76,0.1,4.14,0.0
20230124:1030,521.67,559.2,22.37,0.8,3.72,0.0
20230124:1130,410.94,441.67,19.38,1.32,3.45,0.0
20230124:1230,361.37,391.38,14.11,1.46,3.24,0.0
20230124:1330,169.18,195.57,7.04,1.45,3.24,0.0
20230124:1430,0.0,0.0,-1.36,0.73,3.03,0.0
20230124:1530,0.0,0.0,0.0,-0.34,3.1,0.0
20230124:1630,0.0,0.0,0.0,-1.05,3.1,0.0
20230124:1730,0.0,0.0,0.0,-1.46,2.97,0.0
20230124:1830,0.0,0.0,0.0,-1.77,2.76,0.0
20230124:1930,0.0,0.0,0.0,-2.12,2.55,0.0
20230124:2030,0.0,0.0,0.0,-2.38,2.55,0.0
20230124:2130,0.0,0.0,0.0,-2.46,2.62,0.0
20230124:2230,0.0,0.0,0.0,-2.78,2.62,0.0
20230124:2330,0.0,0.0,0.0,-2.99,2.69,0.0
20230125:0030,0.0,0.0,0.0,-3.2,2.62,0.0
20230125:0130,0.0,0.0,0.0,-3.32,2.62,0.0
20230125:0230,0.0,0.0,0.0,-3.41,2.76,0.0
20230125:0330,0.0,0.0,0.0,-3.54,2.83,0.0
20230125:0430,0.0,0.0,0.0,-3.64,2.9,0.0
20230125:0530,1.44,8.56,1.32,-3.4,2.9,0.0
20230125:0630,135.82,156.68,9.4,-2.97,2.76,0.0
20230125:0730,252.87,274.93,16.03,-1.51,2.9,0.0
20230125:0830,429.71,459.72,20.72,-0.71,2.69,0.0
20230125:0930,426.89,460.2,23.0,0.09,2.28,0.0
20230125:1030,486.16,527.08,22.62,0.61,2.0,0.0
20230125:1130,421.18,456.78,19.63,1.13,2.14,0.0
20230125:1230,262.17,288.7,14.36,1.39,2.41,0.0
20230125:1330,94.95,117.65,7.27,1.23,2.55,0.0
20230125:1430,0.0,0.0,-1.13,0.72,2.48,0.0
20230125:1530,0.0,0.0,0.0,0.06,2.55,0.0
20230125:1630,0.0,0.0,0.0,-0.46,2.48,0.0
20230125:1730,0.0,0.0,0.0,-0.69,2.14,0.0
20230125:1830,0.0,0.0,0.0,-1.05,1.86,0.0
20230125:1930,0.0,0.0,0.0,-1.72,1.79,0.0
20230125:2030,0.0,0.0,0.0,-1.93,1.59,0.0
20230125:2130,0.0,0.0,0.0,-2.52,1.59,0.0
20230125:2230,0.0,0.0,0.0,-2.71,1.66,0.0
20230125:2330,0.0,0.0,0.0,-2.79,1.66,0.0
20230126:0030,0.0,0.0,0.0,-2.97,1.66,0.0
20230126:0130,0.0,0.0,0.0,-2.67,1.59,0.0
20230126:0230,0.0,0.0,0.0,-2.7,1.66,0.0
20230126:0330,0.0,0.0,0.0,-2.95,1.66,0.0
20230126:0430,0.0,0.0,0.0,-3.1,1.66,0.0
20230126:0530,1.6,8.88,1.48,-2.88,1.59,0.0
20230126:0630,118.83,139.72,9.59,-2.75,1.52,0.0
20230126:0730,174.99,196.91,16.24,-1.55,1.52,0.0
20230126:0830,342.77,370.87,20.94,-0.98,1.31,0.0
20230126:0930,311.2,339.47,23.24,-0.49,1.1,0.0
20230126:1030,246.08,273.72,22.88,-0.14,0.76,0.0
20230126:1130,229.91,257.5,19.89,0.03,0.41,0.0
20230126:1230,255.57,283.9,14.61,0.1,0.41,0.0
20230126:1330,142.7,167.98,7.51,0.06,0.41,0.0
20230126:1430,0.0,0.0,-0.9,-0.19,0.48,0.0
20230126:1530,0.0,0.0,0.0,-0.78,1.03,0.0
20230126:1630,0.0,0.0,0.0,-1.4,1.45,0.0
20230126:1730,0.0,0.0,0.0,-1.66,1.66,0.0
20230126:1830,0.0,0.0,0.0,-1.66,1.86,0.0
20230126:1930,0.0,0.0,0.0,-2.67,2.76,0.0
20230126:2030,0.0,0.0,0.0,-2.92,2.48,0.0
20230126:2130,0.0,0.0,0.0,-3.29,2.55,0.0
20230126:2230,0.0,0.0,0.0,-3.59,2.69,0.0
20230126:2330,0.0,0.0,0.0,-3.75,2.55,0.0
20230127:0030,0.0,0.0,0.0,-4.0,2.69,0.0
20230127:0130,0.0,0.0,0.0,-4.21,2.69,0.0
20230127:0230,0.0,0.0,0.0,-4.39,2.28,0.0
20230127:0330,0.0,0.0,0.0,-4.62,2.55,0.0
20230127:0430,0.0,0.0,0.0,-4.66,2.9,0.0
20230127:0530,1.75,9.1,1.65,-4.65,2.97,0.0
20230127:0630,211.06,231.95,9.78,-4.17,2.83,0.0
20230127:0730,284.38,305.61,16.45,-2.71,2.69,0.0
20230127:0830,383.01,409.86,21.18,-1.43,2.55,0.0
20230127:0930,373.88,402.13,23.5,-0.14,2.9,0.0
20230127:1030,394.67,425.66,23.14,0.79,2.97,0.0
20230127:1130,414.23,448.19,20.15,1.59,2.9,0.0
20230127:1230,356.12,388.96,14.86,2.34,2.62,0.0
20230127:1330,182.63,211.03,7.76,2.63,2.14,0.0
20230127:1430,0.0,0.0,-0.67,1.96,2.48,0.0
20230127:1530,0.0,0.0,0.0,0.47,3.38,0.0
20230127:1630,0.0,0.0,0.0,-0.29,3.86,0.0
20230127:1730,0.0,0.0,0.0,-0.82,4.14,0.0
20230127:1830,0.0,0.0,0.0,-1.21,4.21,0.0
20230127:1930,0.0,0.0,0.0,-1.82,3.93,0.0
20230127:2030,0.0,0.0,0.0,-2.1,4.0,0.0
20230127:2130,0.0,0.0,0.0,-2.32,4.07,0.0
20230127:2230,0.0,0.0,0.0,-2.48,4.0,0.0
20230127:2330,0.0,0.0,0.0,-2.61,4.14,0.0
20230128:0030,0.0,0.0,0.0,-2.63,4.34,0.0
20230128:0130,0.0,0.0,0.0,-2.65,4.62,0.0
20230128:0230,0.0,0.0,0.0,-2.81,5.03,0.0
20230128:0330,0.0,0.0,0.0,-2.88,5.24,0.0
20230128:0430,0.0,0.0,0.0,-2.95,5.1,0.0
20230128:0530,3.29,11.82,1.83,-2.81,4.9,0.0
20230128:0630,124.96,145.54,9.97,-2.68,4.69,0.0
20230128:0730,214.13,233.91,16.67,-1.8,5.24,0.0
20230128:0830,178.41,200.0,21.42,-0.71,5.17,0.0
20230128:0930,155.79,178.84,23.75,0.2,4.83,0.0
20230128:1030,219.11,243.19,23.4,0.82,4.48,0.0
20230128:1130,143.25,166.78,20.41,1.55,4.62,0.0
20230128:1230,72.52,93.57,15.12,1.91,5.03,0.0
20230128:1330,19.31,33.97,8.0,1.88,5.17,0.0
20230128:1430,0.0,0.0,-0.44,1.39,5.03,0.0
20230128:1530,0.0,0.0,0.0,0.76,4.97,0.0
20230128:1630,0.0,0.0,0.0,0.39,4.69,0.0
20230128:1730,0.0,0.0,0.0,0.22,4.28,0.0
20230128:1830,0.0,0.0,0.0,-0.08,3.86,0.0
20230128:1930,0.0,0.0,0.0,-0.5,3.72,0.0
20230128:2030,0.0,0.0,0.0,-0.57,3.59,0.0
20230128:2130,0.0,0.0,0.0,-0.68,3.66,0.0
20230128:2230,0.0,0.0,0.0,-0.66,3.59,0.0
20230128:2330,0.0,0.0,0.0,-0.64,3.52,0.0
20230129:0030,0.0,0.0,0.0,-0.62,3.59,0.0
20230129:0130,0.0,0.0,0.0,-0.59,3.72,0.0
20230129:0230,0.0,0.0,0.0,-0.53,3.72,0.0
20230129:0330,0.0,0.0,0.0,-0.52,3.72,0.0
20230129:0430,0.0,0.0,0.0,-0.48,3.79,0.0
20230129:0530,0.0,3.85,2.01,-0.47,3.86,0.0
20230129:0630,22.45,37.43,10.17,-0.39,3.72,0.0
20230129:0730,24.67,40.21,16.89,0.12,3.59,0.0
20230129:0830,46.96,65.54,21.66,0.41,3.52,0.0
20230129:0930,42.66,60.79,24.01,0.68,3.59,0.0
20230129:1030,39.11,56.98,23.67,0.79,3.66,0.0
20230129:1130,33.29,50.31,20.68,0.84,3.93,0.0
20230129:1230,21.58,36.59,15.38,0.74,4.28,0.0
20230129:1330,2.45,10.51,8.25,0.6,4.48,0.0
20230129:1430,0.0,0.0,-0.2,0.31,4.62,0.0
20230129:1530,0.0,0.0,0.0,0.08,4.83,0.0
20230129:1630,0.0,0.0,0.0,-0.06,5.03,0.0
20230129:1730,0.0,0.0,0.0,-0.2,5.1,0.0
20230129:1830,0.0,0.0,0.0,-0.41,4.97,0.0
20230129:1930,0.0,0.0,0.0,-0.79,4.83,0.0
20230129:2030,0.0,0.0,0.0,-1.04,4.9,0.0
20230129:2130,0.0,0.0,0.0,-1.26,4.69,0.0
20230129:2230,0.0,0.0,0.0,-1.48,4.55,0.0
20230129:2330,0.0,0.0,0.0,-1.74,4.76,0.0
20230130:0030,0.0,0.0,0.0,-2.11,4.83,0.0
20230130:0130,0.0,0.0,0.0,-2.26,4.55,0.0
20230130:0230,0.0,0.0,0.0,-2.27,4.28,0.0
20230130:0330,0.0,0.0,0.0,-2.33,4.0,0.0
20230130:0430,0.0,0.0,0.0,-2.39,3.66,0.0
20230130:0530,1.99,9.6,2.2,-2.58,3.03,0.0
20230130:0630,95.67,115.9,10.38,-2.7,2.83,0.0
20230130:0730,103.57,123.98,17.12,-2.17,2.97,0.0
20230130:0830,206.73,228.41,21.91,-1.64,2.41,0.0
20230130:0930,266.34,291.13,24.28,-0.93,2.07,0.0
20230130:1030,262.11,287.33,23.95,-0.25,1.86,0.0
20230130:1130,286.73,313.79,20.95,0.04,1.38,0.0
20230130:1230,275.29,303.44,15.64,0.36,0.97,0.0
20230130:1330,172.34,198.9,8.5,0.51,0.97,0.0
20230130:1430,0.0,4.96,0.04,0.19,1.52,0.0
20230130:1530,0.0,0.0,0.0,-0.71,2.21,0.0
20230130:1630,0.0,0.0,0.0,-1.47,2.48,0.0
20230130:1730,0.0,0.0,0.0,-1.9,2.62,0.0
20230130:1830,0.0,0.0,0.0,-2.21,2.69,0.0
20230130:1930,0.0,0.0,0.0,-2.36,2.76,0.0
20230130:2030,0.0,0.0,0.0,-2.46,2.83,0.0
20230130:2130,0.0,0.0,0.0,-2.25,2.9,0.0
20230130:2230,0.0,0.0,0.0,-2.32,2.97,0.0
20230130:2330,0.0,0.0,0.0,-2.32,2.97,0.0
20230131:0030,0.0,0.0,0.0,-2.32,2.76,0.0
20230131:0130,0.0,0.0,0.0,-2.32,2.62,0.0
20230131:0230,0.0,0.0,0.0,-2.24,2.41,0.0
20230131:0330,0.0,0.0,0.0,-2.26,2.28,0.0
20230131:0430,0.0,0.0,0.0,-2.17,2.14,0.0
20230131:0530,34.03,53.39,2.39,-2.01,2.14,0.0
20230131:0630,120.31,141.83,10.59,-1.54,2.28,0.0
20230131:0730,194.44,216.24,17.36,-0.96,3.31,0.0
20230131:0830,230.63,253.61,22.17,-0.2,3.66,0.0
20230131:0930,224.62,248.82,24.56,0.38,3.66,0.0
20230131:1030,167.79,191.07,24.23,0.88,3.59,0.0
20230131:1130,105.43,127.81,21.23,1.22,3.72,0.0
20230131:1230,105.14,127.16,15.91,1.54,3.66,0.0
20230131:1330,69.08,90.0,8.76,1.84,3.72,0.0
20230131:1430,0.0,3.28,0.28,1.61,3.03,0.0
20230131:1530,0.0,0.0,0.0,1.2,2.76,0.0
20230131:1630,0.0,0.0,0.0,0.97,2.83,0.0
20230131:1730,0.0,0.0,0.0,0.8,2.97,0.0
20230131:1830,0.0,0.0,0.0,0.62,3.1,0.0
20230131:1930,0.0,0.0,0.0,0.01,3.31,0.0
20230131:2030,0.0,0.0,0.0,-0.08,3.17,0.0
20230131:2130,0.0,0.0,0.0,-0.13,3.1,0.0
20230131:2230,0.0,0.0,0.0,-0.15,3.03,0.0
20230131:2330,0.0,0.0,0.0,-0.15,3.1,0.0
20230201:0030,0.0,0.0,0.0,-0.14,3.1,0.0
20230201:0130,0.0,0.0,0.0,-0.25,2.83,0.0
20230201:0230,0.0,0.0,0.0,-0.27,2.76,0.0
20230201:0330,0.0,0.0,0.0,-0.3,2.48,0.0
20230201:0430,0.0,0.0,0.0,-0.3,2.21,0.0
20230201:0530,2.42,10.5,2.59,-0.35,1.86,0.0
20230201:0630,60.42,79.88,10.81,-0.19,1.79,0.0
20230201:0730,100.57,122.28,17.6,0.32,2.07,0.0
20230201:0830,168.09,192.48,22.43,0.87,1.93,0.0
20230201:0930,197.04,223.45,24.83,1.37,2.14,0.0
20230201:1030,167.49,192.73,24.51,1.85,2.76,0.0
20230201:1130,191.87,216.65,21.51,2.0,2.83,0.0
20230201:1230,239.21,266.02,16.18,2.14,2.55,0.0
20230201:1330,160.95,187.38,9.02,2.16,2.34,0.0
20230201:1430,0.43,6.56,0.53,1.58,2.34,0.0
20230201:1530,0.0,0.0,0.0,0.66,2.48,0.0
20230201:1630,0.0,0.0,0.0,-0.17,2.76,0.0
20230201:1730,0.0,0.0,0.0,-0.73,3.1,0.0
20230201:1830,0.0,0.0,0.0,-0.73,3.24,0.0
20230201:1930,0.0,0.0,0.0,-0.64,3.24,0.0
20230201:2030,0.0,0.0,0.0,-0.64,3.24,0.0
20230201:2130,0.0,0.0,0.0,-0.59,3.17,0.0
20230201:2230,0.0,0.0,0.0,-0.73,3.45,0.0
20230201:2330,0.0,0.0,0.0,-0.71,3.59,0.0
20230202:0030,0.0,0.0,0.0,-0.55,3.66,0.0
20230202:0130,0.0,0.0,0.0,-0.42,3.79,0.0
20230202:0230,0.0,0.0,0.0,-0.38,4.0,0.0
20230202:0330,0.0,0.0,0.0,-0.31,3.86,0.0
20230202:0430,0.0,0.0,0.0,-0.35,3.52,0.0
20230202:0530,19.05,34.7,2.79,-0.49,3.38,0.0
20230202:0630,41.01,58.85,11.04,-0.4,3.52,0.0
20230202:0730,124.84,147.36,17.84,0.34,4.41,0.0
20230202:0830,186.69,210.74,22.7,0.82,4.34,0.0
20230202:0930,269.66,296.17,25.12,1.42,4.07,0.0
20230202:1030,309.06,336.37,24.8,2.11,4.21,0.0
20230202:1130,400.47,432.7,21.8,2.45,4.07,0.0
20230202:1230,267.23,294.51,16.45,2.86,4.0,0.0
20230202:1330,211.03,240.02,9.27,2.89,3.38,0.0
20230202:1430,0.55,6.85,0.77,2.58,2.97,0.0
20230202:1530,0.0,0.0,0.0,1.46,3.03,0.0
20230202:1630,0.0,0.0,0.0,0.77,3.17,0.0
20230202:1730,0.0,0.0,0.0,0.54,3.45,0.0
20230202:1830,0.0,0.0,0.0,0.25,3.72,0.0
20230202:1930,0.0,0.0,0.0,0.16,4.07,0.0
20230202:2030,0.0,0.0,0.0,0.09,3.86,0.0
20230202:2130,0.0,0.0,0.0,-0.1,3.72,0.0
20230202:2230,0.0,0.0,0.0,-0.23,3.72,0.0
20230202:2330,0.0,0.0,0.0,-0.37,3.72,0.0
20230203:0030,0.0,0.0,0.0,-0.55,3.66,0.0
20230203:0130,0.0,0.0,0.0,-0.66,3.38,0.0
20230203:0230,0.0,0.0,0.0,-0.93,3.24,0.0
20230203:0330,0.0,0.0,0.0,-1.13,3.17,0.0
20230203:0430,0.0,0.0,0.0,-1.33,3.03,0.0
20230203:0530,83.24,109.88,3.0,-1.49,2.97,0.0
20230203:0630,258.87,284.32,11.27,-1.13,2.9,0.0
20230203:0730,411.26,441.84,18.1,0.41,3.52,0.0
20230203:0830,514.01,552.58,22.97,1.75,4.14,0.0
20230203:0930,660.86,720.85,25.41,2.7,4.21,0.0
20230203:1030,603.51,658.19,25.1,3.62,4.14,0.0
20230203:1130,483.24,526.57,22.09,4.14,3.86,0.0
20230203:1230,252.02,281.44,16.73,4.27,3.45,0.0
20230203:1330,147.55,174.48,9.54,4.08,2.69,0.0
20230203:1430,1.03,7.9,1.02,3.41,2.14,0.0
20230203:1530,0.0,0.0,0.0,2.18,2.14,0.0
20230203:1630,0.0,0.0,0.0,1.14,2.34,0.0
20230203:1730,0.0,0.0,0.0,0.56,2.69,0.0
20230203:1830,0.0,0.0,0.0,0.25,2.97,0.0
20230203:1930,0.0,0.0,0.0,0.21,4.07,0.0
20230203:2030,0.0,0.0,0.0,-0.08,3.86,0.0
20230203:2130,0.0,0.0,0.0,-0.07,3.66,0.0
20230203:2230,0.0,0.0,0.0,-0.18,3.59,0.0
20230203:2330,0.0,0.0,0.0,-0.1,3.52,0.0
20230204:0030,0.0,0.0,0.0,-0.06,3.38,0.0
20230204:0130,0.0,0.0,0.0,-0.2,3.1,0.0
20230204:0230,0.0,0.0,0.0,-0.31,2.83,0.0
20230204:0330,0.0,0.0,0.0,-0.47,2.76,0.0
20230204:0430,0.0,0.0,0.0,-0.41,2.83,0.0
20230204:0530,2.51,10.6,3.22,-0.25,2.97,0.0
20230204:0630,44.89,63.16,11.5,-0.06,3.38,0.0
20230204:0730,143.74,165.54,18.35,0.15,3.66,0.0
20230204:0830,383.04,411.84,23.25,0.35,3.31,0.0
20230204:0930,442.4,478.22,25.7,0.78,2.76,0.0
20230204:1030,616.62,676.27,25.4,1.19,2.21,0.0
20230204:1130,369.88,402.17,22.38,1.52,2.14,0.0
20230204:1230,321.68,351.65,17.01,1.42,2.21,0.0
20230204:1330,199.82,227.15,9.8,1.2,2.34,0.0
20230204:1430,1.46,8.7,1.27,0.84,1.93,0.0
20230204:1530,0.0,0.0,0.0,-0.07,2.14,0.0
20230204:1630,0.0,0.0,0.0,-1.33,2.34,0.0
20230204:1730,0.0,0.0,0.0,-2.34,2.34,0.0
20230204:1830,0.0,0.0,0.0,-2.97,2.28,0.0
20230204:1930,0.0,0.0,0.0,-3.57,2.34,0.0
20230204:2030,0.0,0.0,0.0,-3.8,2.55,0.0
20230204:2130,0.0,0.0,0.0,-3.83,2.62,0.0
20230204:2230,0.0,0.0,0.0,-3.75,2.62,0.0
20230204:2330,0.0,0.0,0.0,-3.63,2.62,0.0
20230205:0030,0.0,0.0,0.0,-3.37,2.62,0.0
20230205:0130,0.0,0.0,0.0,-3.41,2.76,0.0
20230205:0230,0.0,0.0,0.0,-3.23,2.9,0.0
20230205:0330,0.0,0.0,0.0,-2.83,2.97,0.0
20230205:0430,0.0,0.0,0.0,-2.34,2.9,0.0
20230205:0530,21.58,37.48,3.44,-2.06,3.03,0.0
20230205:0630,100.36,121.25,11.74,-1.79,3.24,0.0
20230205:0730,207.45,231.1,18.62,-0.71,2.62,0.0
20230205:0830,386.03,415.69,23.54,0.13,3.03,0.0
20230205:0930,445.67,480.62,26.0,0.97,3.31,0.0
20230205:1030,431.02,466.65,25.7,1.47,3.03,0.0
20230205:1130,167.05,191.77,22.67,1.79,3.17,0.0
20230205:1230,76.42,97.91,17.29,1.61,3.72,0.0
20230205:1330,79.97,101.4,10.07,1.29,3.93,0.0
20230205:1430,1.38,8.54,1.53,0.89,4.07,0.0
20230205:1530,0.0,0.0,0.0,0.31,3.93,0.0
20230205:1630,0.0,0.0,0.0,-0.11,3.86,0.0
20230205:1730,0.0,0.0,0.0,-0.25,4.0,0.0
20230205:1830,0.0,0.0,0.0,-0.56,4.07,0.0
20230205:1930,0.0,0.0,0.0,-1.39,4.28,0.0
20230205:2030,0.0,0.0,0.0,-1.46,4.34,0.0
20230205:2130,0.0,0.0,0.0,-1.54,4.41,0.0
20230205:2230,0.0,0.0,0.0,-1.5,4.41,0.0
20230205:2330,0.0,0.0,0.0,-1.58,4.48,0.0
20230206:0030,0.0,0.0,0.0,-1.8,4.62,0.0
20230206:0130,0.0,0.0,0.0,-1.9,4.97,0.0
20230206:0230,0.0,0.0,0.0,-2.01,5.31,0.0
20230206:0330,0.0,0.0,0.0,-2.21,5.52,0.0
20230206:0430,0.0,0.0,0.0,-2.37,5.66,0.0
20230206:0530,22.19,38.05,3.67,-2.39,5.86,0.0
20230206:0630,180.67,201.98,11.99,-2.29,5.86,0.0
20230206:0730,373.53,394.2,18.88,-1.97,6.21,0.0
20230206:0830,584.9,613.5,23.83,-1.57,6.83,0.0
20230206:0930,517.88,544.45,26.3,-0.9,7.24,0.0
20230206:1030,293.38,316.64,26.01,-0.16,7.1,0.0
20230206:1130,194.95,217.39,22.97,0.11,7.03,0.0
20230206:1230,109.32,130.85,17.58,0.0,6.55,0.0
20230206:1330,85.01,105.87,10.34,-0.26,6.21,0.0
20230206:1430,2.59,10.72,1.78,-0.6,6.21,0.0
20230206:1530,0.0,0.0,0.0,-1.36,6.0,0.0
20230206:1630,0.0,0.0,0.0,-2.14,5.86,0.0
20230206:1730,0.0,0.0,0.0,-2.71,5.86,0.0
20230206:1830,0.0,0.0,0.0,-3.15,5.86,0.0
20230206:1930,0.0,0.0,0.0,-3.59,5.72,0.0
20230206:2030,0.0,0.0,0.0,-3.89,5.86,0.0
20230206:2130,0.0,0.0,0.0,-4.03,6.14,0.0
20230206:2230,0.0,0.0,0.0,-4.1,6.21,0.0
20230206:2330,0.0,0.0,0.0,-3.97,6.21,0.0
20230207:0030,0.0,0.0,0.0,-3.98,6.28,0.0
20230207:0130,0.0,0.0,0.0,-4.1,6.34,0.0
20230207:0230,0.0,0.0,0.0,-4.3,6.34,0.0
20230207:0330,0.0,0.0,0.0,-4.53,6.34,0.0
20230207:0430,0.0,0.0,0.0,-4.76,6.34,0.0
20230207:0530,27.21,43.53,3.9,-5.09,6.34,0.0
20230207:0630,156.31,175.27,12.24,-5.14,6.41,0.0
20230207:0730,251.4,269.07,19.16,-4.47,7.31,0.0
20230207:0830,322.95,340.09,24.12,-4.12,7.52,0.0
20230207:0930,285.04,304.18,26.61,-3.88,7.59,0.0
20230207:1030,216.43,236.48,26.32,-3.7,7.66,0.0
20230207:1130,179.86,199.51,23.28,-3.8,7.66,0.0
20230207:1230,146.19,165.66,17.86,-3.85,7.66,0.0
20230207:1330,74.75,93.8,10.61,-3.74,7.66,0.0
20230207:1430,2.73,10.85,2.03,-3.6,7.31,0.0
20230207:1530,0.0,0.0,0.0,-3.68,6.97,0.0
20230207:1630,0.0,0.0,0.0,-3.61,7.17,0.0
20230207:1730,0.0,0.0,0.0,-3.78,7.38,0.0
20230207:1830,0.0,0.0,0.0,-4.12,7.45,0.0
20230207:1930,0.0,0.0,0.0,-4.36,7.52,0.0
20230207:2030,0.0,0.0,0.0,-4.77,7.66,0.0
20230207:2130,0.0,0.0,0.0,-5.32,7.59,0.0
20230207:2230,0.0,0.0,0.0,-5.85,7.52,0.0
20230207:2330,0.0,0.0,0.0,-6.32,7.45,0.0
20230208:0030,0.0,0.0,0.0,-6.63,7.31,0.0
20230208:0130,0.0,0.0,0.0,-7.03,7.17,0.0
20230208:0230,0.0,0.0,0.0,-7.3,7.03,0.0
20230208:0330,0.0,0.0,0.0,-7.51,7.03,0.0
20230208:0430,0.0,0.0,0.0,-7.6,7.1,0.0
20230208:0530,32.65,49.64,4.14,-7.69,7.1,0.0
20230208:0630,141.59,158.94,12.5,-7.56,7.66,0.0
20230208:0730,310.1,323.82,19.44,-6.65,7.93,0.0
20230208:0830,590.18,606.96,24.42,-5.8,7.72,0.0
20230208:0930,815.05,850.19,26.92,-4.63,7.52,0.0
20230208:1030,835.98,878.05,26.63,-3.4,7.52,0.0
20230208:1130,749.69,786.15,23.58,-2.51,7.52,0.0
20230208:1230,577.98,604.59,18.15,-1.92,7.66,0.0
20230208:1330,335.82,360.47,10.88,-1.82,7.45,0.0
20230208:1430,2.92,11.23,2.29,-2.26,6.76,0.0
20230208:1530,0.0,0.0,0.0,-3.22,6.34,0.0
20230208:1630,0.0,0.0,0.0,-3.9,6.14,0.0
20230208:1730,0.0,0.0,0.0,-4.38,6.0,0.0
20230208:1830,0.0,0.0,0.0,-4.83,5.93,0.0
20230208:1930,0.0,0.0,0.0,-5.35,5.59,0.0
20230208:2030,0.0,0.0,0.0,-5.88,5.38,0.0
20230208:2130,0.0,0.0,0.0,-6.4,5.17,0.0
20230208:2230,0.0,0.0,0.0,-6.89,4.97,0.0
20230208:2330,0.0,0.0,0.0,-7.42,4.76,0.0
20230209:0030,0.0,0.0,0.0,-7.82,4.41,0.0
20230209:0130,0.0,0.0,0.0,-8.26,4.28,0.0
20230209:0230,0.0,0.0,0.0,-8.57,4.34,0.0
20230209:0330,0.0,0.0,0.0,-8.95,4.34,0.0
20230209:0430,0.0,0.0,0.0,-9.18,4.28,0.0
20230209:0530,107.33,131.37,4.38,-9.28,4.07,0.0
20230209:0630,249.03,264.43,12.76,-8.9,3.93,0.0
20230209:0730,435.41,451.01,19.72,-8.13,3.38,0.0
20230209:0830,616.82,646.58,24.72,-7.11,2.97,0.0
20230209:0930,744.93,797.35,27.24,-5.87,2.62,0.0
20230209:1030,798.24,866.34,26.95,-4.57,2.48,0.0
20230209:1130,734.72,795.57,23.89,-3.36,2.48,0.0
20230209:1230,573.91,615.06,18.45,-2.55,2.55,0.0
20230209:1330,340.41,369.47,11.15,-2.27,2.76,0.0
20230209:1430,90.21,121.0,2.55,-2.6,2.62,0.0
20230209:1530,0.0,0.0,0.0,-3.66,2.76,0.0
20230209:1630,0.0,0.0,0.0,-4.52,2.97,0.0
20230209:1730,0.0,0.0,0.0,-5.03,2.83,0.0
20230209:1830,0.0,0.0,0.0,-5.43,2.48,0.0
20230209:1930,0.0,0.0,0.0,-5.39,2.07,0.0
20230209:2030,0.0,0.0,0.0,-5.72,1.52,0.0
20230209:2130,0.0,0.0,0.0,-5.77,1.1,0.0
20230209:2230,0.0,0.0,0.0,-5.21,0.76,0.0
20230209:2330,0.0,0.0,0.0,-5.02,0.69,0.0
20230210:0030,0.0,0.0,0.0,-5.05,0.69,0.0
20230210:0130,0.0,0.0,0.0,-5.15,0.69,0.0
20230210:0230,0.0,0.0,0.0,-4.91,0.55,0.0
20230210:0330,0.0,0.0,0.0,-4.88,0.41,0.0
20230210:0430,0.0,0.0,0.0,-4.79,0.21,0.0
20230210:0530,60.3,82.31,4.63,-4.72,0.41,0.0
20230210:0630,208.11,230.66,13.03,-4.31,0.55,0.0
20230210:0730,360.86,387.52,20.01,-3.13,1.17,0.0
20230210:0830,505.33,546.19,25.03,-2.55,1.17,0.0
20230210:0930,441.04,477.44,27.56,-1.93,0.97,0.0
20230210:1030,494.83,537.41,27.27,-1.64,1.03,0.0
20230210:1130,378.74,410.52,24.2,-1.28,1.31,0.0
20230210:1230,322.4,350.21,18.74,-1.07,1.59,0.0
20230210:1330,201.21,226.68,11.43,-0.95,1.79,0.0
20230210:1430,43.67,66.44,2.81,-1.09,1.86,0.0
20230210:1530,0.0,0.0,0.0,-1.88,2.07,0.0
20230210:1630,0.0,0.0,0.0,-2.66,2.41,0.0
20230210:1730,0.0,0.0,0.0,-3.25,2.76,0.0
20230210:1830,0.0,0.0,0.0,-3.51,3.03,0.0
20230210:1930,0.0,0.0,0.0,-3.57,3.52,0.0
20230210:2030,0.0,0.0,0.0,-3.59,3.59,0.0
20230210:2130,0.0,0.0,0.0,-3.71,3.66,0.0
20230210:2230,0.0,0.0,0.0,-3.88,3.52,0.0
20230210:2330,0.0,0.0,0.0,-4.14,3.45,0.0
20230211:0030,0.0,0.0,0.0,-4.37,3.31,0.0
20230211:0130,0.0,0.0,0.0,-4.59,3.24,0.0
20230211:0230,0.0,0.0,0.0,-4.8,3.1,0.0
20230211:0330,0.0,0.0,0.0,-5.0,2.97,0.0
20230211:0430,0.0,0.0,-4.47,-5.2,2.9,0.0
20230211:0530,138.72,167.26,4.88,-5.35,2.83,0.0
20230211:0630,399.16,425.77,13.3,-4.63,2.41,0.0
20230211:0730,623.06,666.25,20.3,-3.2,2.76,0.0
20230211:0830,744.54,810.47,25.35,-1.69,2.83,0.0
20230211:0930,738.85,806.87,27.89,-0.33,3.03,0.0
20230211:1030,732.41,800.89,27.6,0.6,3.38,0.0
20230211:1130,578.15,625.42,24.52,1.41,3.59,0.0
20230211:1230,347.59,376.98,19.04,1.79,3.66,0.0
20230211:1330,119.63,143.18,11.71,1.73,3.59,0.0
20230211:1430,5.71,15.85,3.07,1.23,3.17,0.0
20230211:1530,0.0,0.0,0.0,0.5,3.1,0.0
20230211:1630,0.0,0.0,0.0,-0.04,3.38,0.0
20230211:1730,0.0,0.0,0.0,-0.21,3.72,0.0
20230211:1830,0.0,0.0,0.0,-0.64,4.14,0.0
20230211:1930,0.0,0.0,0.0,-0.9,4.62,0.0
20230211:2030,0.0,0.0,0.0,-1.19,4.76,0.0
20230211:2130,0.0,0.0,0.0,-1.49,4.83,0.0
20230211:2230,0.0,0.0,0.0,-1.34,4.9,0.0
20230211:2330,0.0,0.0,0.0,-1.07,5.24,0.0
20230212:0030,0.0,0.0,0.0,-0.79,5.59,0.0
20230212:0130,0.0,0.0,0.0,-0.61,5.79,0.0
20230212:0230,0.0,0.0,0.0,-0.52,6.07,0.0
20230212:0330,0.0,0.0,0.0,-0.45,6.28,0.0
20230212:0430,0.0,0.0,-4.22,-0.6,6.41,0.0
20230212:0530,5.92,16.01,5.14,-0.79,6.28,0.0
20230212:0630,23.53,38.72,13.57,-0.72,6.07,0.0
20230212:0730,66.67,86.26,20.6,-0.76,5.66,0.0
20230212:0830,165.42,187.93,25.66,0.08,6.0,0.0
20230212:0930,313.17,339.23,28.22,1.63,7.24,0.0
20230212:1030,390.74,417.15,27.93,1.47,8.0,0.0
20230212:1130,400.6,426.0,24.84,0.85,8.14,0.0
20230212:1230,203.13,226.0,19.34,0.62,8.34,0.0
20230212:1330,113.99,136.02,11.99,0.23,8.34,0.0
20230212:1430,30.17,49.47,3.33,-0.24,7.66,0.0
20230212:1530,0.0,0.0,0.0,-0.86,7.24,0.0
20230212:1630,0.0,0.0,0.0,-1.23,6.83,0.0
20230212:1730,0.0,0.0,0.0,-1.62,6.48,0.0
20230212:1830,0.0,0.0,0.0,-1.96,6.48,0.0
20230212:1930,0.0,0.0,0.0,-1.9,5.86,0.0
20230212:2030,0.0,0.0,0.0,-2.21,6.0,0.0
20230212:2130,0.0,0.0,0.0,-2.32,6.21,0.0
20230212:2230,0.0,0.0,0.0,-2.64,6.07,0.0
20230212:2330,0.0,0.0,0.0,-2.86,5.86,0.0
20230213:0030,0.0,0.0,0.0,-3.02,5.93,0.0
20230213:0130,0.0,0.0,0.0,-3.45,5.86,0.0
20230213:0230,0.0,0.0,0.0,-3.92,5.59,0.0
20230213:0330,0.0,0.0,0.0,-4.48,5.31,0.0
20230213:0430,0.0,0.0,-3.97,-4.81,5.17,0.0
20230213:0530,148.24,176.72,5.4,-4.99,4.97,0.0
20230213:0630,398.13,420.91,13.85,-4.43,4.48,0.0
20230213:0730,441.35,464.84,20.9,-2.92,4.9,0.0
20230213:0830,523.12,553.73,25.98,-1.63,5.03,0.0
20230213:0930,440.49,469.52,28.55,-0.47,4.97,0.0
20230213:1030,407.15,435.18,28.26,0.24,5.03,0.0
20230213:1130,269.99,294.15,25.16,0.73,5.24,0.0
20230213:1230,122.51,144.34,19.64,1.05,5.38,0.0
20230213:1330,44.0,62.4,12.27,1.13,5.1,0.0
20230213:1430,13.48,27.85,3.59,1.21,4.83,0.0
20230213:1530,0.0,0.0,0.0,0.99,4.62,0.0
20230213:1630,0.0,0.0,0.0,0.86,4.97,0.0
20230213:1730,0.0,0.0,0.0,0.72,5.03,0.0
20230213:1830,0.0,0.0,0.0,0.71,4.97,0.0
20230213:1930,0.0,0.0,0.0,0.92,5.03,0.0
20230213:2030,0.0,0.0,0.0,0.97,5.03,0.0
20230213:2130,0.0,0.0,0.0,0.98,5.03,0.0
20230213:2230,0.0,0.0,0.0,0.94,5.1,0.0
20230213:2330,0.0,0.0,0.0,0.97,5.17,0.0
20230214:0030,0.0,0.0,0.0,1.1,5.24,0.0
20230214:0130,0.0,0.0,0.0,1.19,5.45,0.0
20230214:0230,0.0,0.0,0.0,1.28,5.72,0.0
20230214:0330,0.0,0.0,0.0,1.38,6.14,0.0
20230214:0430,0.0,0.0,-3.72,1.38,6.34,0.0
20230214:0530,4.05,13.22,5.67,1.39,6.41,0.0
20230214:0630,20.21,35.0,14.14,1.42,6.07,0.0
20230214:0730,36.94,54.45,21.21,1.17,5.59,0.0
20230214:0830,42.52,60.87,26.31,1.22,5.38,0.0
20230214:0930,146.61,169.95,28.89,1.51,6.21,0.0
20230214:1030,221.89,246.27,28.6,2.5,6.21,0.0
20230214:1130,429.7,462.46,25.48,3.33,6.34,0.0
20230214:1230,324.77,353.5,19.94,3.87,6.41,0.0
20230214:1330,307.8,340.22,12.55,3.58,5.86,0.0
20230214:1430,79.91,110.15,3.86,3.04,5.79,0.0
20230214:1530,0.0,0.0,0.0,1.81,5.45,0.0
20230214:1630,0.0,0.0,0.0,0.83,5.17,0.0
20230214:1730,0.0,0.0,0.0,0.28,5.24,0.0
20230214:1830,0.0,0.0,0.0,0.04,5.45,0.0
20230214:1930,0.0,0.0,0.0,0.23,5.52,0.0
20230214:2030,0.0,0.0,0.0,-0.11,5.59,0.0
20230214:2130,0.0,0.0,0.0,-0.42,5.66,0.0
20230214:2230,0.0,0.0,0.0,-0.7,5.72,0.0
20230214:2330,0.0,0.0,0.0,-0.96,5.72,0.0
20230215:0030,0.0,0.0,0.0,-0.85,6.0,0.0
20230215:0130,0.0,0.0,0.0,-0.39,6.76,0.0
20230215:0230,0.0,0.0,0.0,-0.09,6.76,0.0
20230215:0330,0.0,0.0,0.0,-0.09,6.62,0.0
20230215:0430,0.0,0.0,-3.46,-0.12,6.41,0.0
20230215:0530,23.37,39.47,5.94,-0.13,6.28,0.0
20230215:0630,143.76,165.97,14.43,0.14,6.0,0.0
20230215:0730,470.11,498.59,21.52,0.49,6.55,0.0
20230215:0830,598.97,637.62,26.64,1.22,6.55,0.0
20230215:0930,649.98,696.93,29.23,1.75,6.21,0.0
20230215:1030,632.53,680.1,28.94,2.15,5.79,0.0
20230215:1130,507.07,543.79,25.8,2.34,5.79,0.0
20230215:1230,453.23,484.94,20.24,1.98,6.48,0.0
20230215:1330,264.37,291.51,12.83,1.67,7.03,0.0
20230215:1430,70.53,97.99,4.12,1.02,6.76,0.0
20230215:1530,0.0,0.0,0.0,0.0,6.83,0.0
20230215:1630,0.0,0.0,0.0,-0.82,6.48,0.0
20230215:1730,0.0,0.0,0.0,-1.31,6.0,0.0
20230215:1830,0.0,0.0,0.0,-1.79,5.38,0.0
20230215:1930,0.0,0.0,0.0,-1.87,4.21,0.0
20230215:2030,0.0,0.0,0.0,-2.59,3.59,0.0
20230215:2130,0.0,0.0,0.0,-3.16,3.45,0.0
20230215:2230,0.0,0.0,0.0,-3.52,3.66,0.0
20230215:2330,0.0,0.0,0.0,-3.85,3.86,0.0
20230216:0030,0.0,0.0,0.0,-4.19,4.07,0.0
20230216:0130,0.0,0.0,0.0,-4.56,4.21,0.0
20230216:0230,0.0,0.0,0.0,-4.89,4.28,0.0
20230216:0330,0.0,0.0,0.0,-5.02,4.28,0.0
20230216:0430,0.0,0.0,-3.2,-5.01,4.14,0.0
20230216:0530,50.95,70.37,6.22,-4.76,3.93,0.0
20230216:0630,146.19,166.19,14.73,-4.03,3.86,0.0
20230216:0730,315.28,336.02,21.84,-3.29,3.66,0.0
20230216:0830,216.66,238.78,26.98,-2.41,3.45,0.0
20230216:0930,234.01,257.84,29.57,-2.04,2.97,0.0
20230216:1030,261.98,286.7,29.28,-1.52,2.62,0.0
20230216:1130,199.55,223.32,26.13,-1.1,2.62,0.0
20230216:1230,126.17,148.48,20.55,-0.91,2.48,0.0
20230216:1330,52.82,71.8,13.11,-0.87,2.48,0.0
20230216:1430,22.65,39.62,4.38,-0.93,2.69,0.0
20230216:1530,0.0,0.0,0.0,-1.19,2.07,0.0
20230216:1630,0.0,0.0,0.0,-1.35,1.66,0.0
20230216:1730,0.0,0.0,0.0,-1.7,1.38,0.0
20230216:1830,0.0,0.0,0.0,-2.08,1.79,0.0
20230216:1930,0.0,0.0,0.0,-2.05,2.76,0.0
20230216:2030,0.0,0.0,0.0,-2.04,3.03,0.0
20230216:2130,0.0,0.0,0.0,-1.75,3.24,0.0
20230216:2230,0.0,0.0,0.0,-1.77,3.24,0.0
20230216:2330,0.0,0.0,0.0,-1.81,3.31,0.0
20230217:0030,0.0,0.0,0.0,-1.84,3.38,0.0
20230217:0130,0.0,0.0,0.0,-1.8,3.66,0.0
20230217:0230,0.0,0.0,0.0,-1.63,4.07,0.0
20230217:0330,0.0,0.0,0.0,-1.46,4.34,0.0
20230217:0430,0.0,0.0,-2.93,-1.34,4.48,0.0
20230217:0530,8.34,19.57,6.5,-1.08,4.55,0.0
20230217:0630,40.95,58.59,15.02,-0.64,4.83,0.0
20230217:0730,80.64,101.0,22.16,-0.39,5.38,0.0
20230217:0830,89.79,111.43,27.32,0.41,5.1,0.0
20230217:0930,98.94,120.89,29.92,0.94,4.62,0.0
20230217:1030,85.51,107.37,29.62,1.14,3.86,0.0
20230217:1130,69.56,90.62,26.46,1.35,3.24,0.0
20230217:1230,57.54,77.43,20.86,1.39,2.97,0.0
20230217:1330,26.45,42.46,13.4,1.25,3.17,0.0
20230217:1430,4.76,14.81,4.65,0.89,3.24,0.0
20230217:1530,0.0,0.0,0.0,0.36,3.38,0.0
20230217:1630,0.0,0.0,0.0,-0.06,3.52,0.0
20230217:1730,0.0,0.0,0.0,-0.37,3.52,0.0
20230217:1830,0.0,0.0,0.0,-0.61,3.45,0.0
20230217:1930,0.0,0.0,0.0,-0.72,3.1,0.0
20230217:2030,0.0,0.0,0.0,-0.85,2.9,0.0
20230217:2130,0.0,0.0,0.0,-1.01,3.17,0.0
20230217:2230,0.0,0.0,0.0,-1.12,2.83,0.0
20230217:2330,0.0,0.0,0.0,-1.09,2.07,0.0
20230218:0030,0.0,0.0,0.0,-1.1,2.62,0.0
20230218:0130,0.0,0.0,0.0,-1.1,2.83,0.0
20230218:0230,0.0,0.0,0.0,-1.06,2.83,0.0
20230218:0330,0.0,0.0,0.0,-0.86,2.9,0.0
20230218:0430,0.0,0.0,-2.66,-0.57,3.59,0.0
20230218:0530,10.19,22.05,6.78,-0.25,4.07,0.0
20230218:0630,32.25,49.06,15.33,0.26,4.69,0.0
20230218:0730,32.49,49.36,22.48,0.4,5.03,0.0
20230218:0830,36.16,53.62,27.66,0.75,5.17,0.0
20230218:0930,89.58,110.93,30.28,1.07,5.86,0.0
20230218:1030,66.24,87.04,29.97,1.85,6.0,0.0
20230218:1130,44.07,62.82,26.79,2.76,6.62,0.0
20230218:1230,27.69,44.25,21.16,3.59,6.9,0.0
20230218:1330,74.65,96.3,13.68,3.86,6.41,0.0
20230218:1430,72.33,101.4,4.92,4.1,6.0,0.0
20230218:1530,0.0,0.0,0.0,4.22,5.72,0.0
20230218:1630,0.0,0.0,0.0,4.26,5.72,0.0
20230218:1730,0.0,0.0,0.0,4.07,5.93,0.0
20230218:1830,0.0,0.0,0.0,3.52,5.66,0.0
20230218:1930,0.0,0.0,0.0,2.9,5.17,0.0
20230218:2030,0.0,0.0,0.0,2.48,5.03,0.0
20230218:2130,0.0,0.0,0.0,2.09,4.76,0.0
20230218:2230,0.0,0.0,0.0,1.76,4.62,0.0
20230218:2330,0.0,0.0,0.0,1.4,4.62,0.0
20230219:0030,0.0,0.0,0.0,1.32,4.55,0.0
20230219:0130,0.0,0.0,0.0,1.37,4.21,0.0
20230219:0230,0.0,0.0,0.0,1.35,3.72,0.0
20230219:0330,0.0,0.0,0.0,1.36,3.59,0.0
20230219:0430,0.0,0.0,-2.38,1.34,3.52,0.0
20230219:0530,48.01,68.81,7.07,1.37,3.52,0.0
20230219:0630,295.77,325.64,15.64,1.95,3.38,0.0
20230219:0730,624.33,683.22,22.81,3.12,3.66,0.0
20230219:0830,774.56,860.17,28.0,4.26,4.14,0.0
20230219:0930,830.83,935.65,30.63,6.04,4.34,0.0
20230219:1030,697.18,777.27,30.32,7.07,4.48,0.0
20230219:1130,417.49,461.04,27.13,7.46,4.62,0.0
20230219:1230,232.29,263.71,21.47,7.52,4.48,0.0
20230219:1330,79.15,102.85,13.97,7.12,3.93,0.0
20230219:1430,23.51,41.2,5.18,6.37,3.52,0.0
20230219:1530,0.0,0.0,0.0,5.15,3.24,0.0
20230219:1630,0.0,0.0,0.0,4.02,3.24,0.0
20230219:1730,0.0,0.0,0.0,3.33,2.83,0.0
20230219:1830,0.0,0.0,0.0,2.85,2.62,0.0
20230219:1930,0.0,0.0,0.0,2.75,3.66,0.0
20230219:2030,0.0,0.0,0.0,2.35,3.24,0.0
20230219:2130,0.0,0.0,0.0,2.01,3.45,0.0
20230219:2230,0.0,0.0,0.0,1.92,3.66,0.0
20230219:2330,0.0,0.0,0.0,1.68,3.66,0.0
20230220:0030,0.0,0.0,0.0,1.52,3.52,0.0
20230220:0130,0.0,0.0,0.0,1.31,3.59,0.0
20230220:0230,0.0,0.0,0.0,1.07,3.72,0.0
20230220:0330,0.0,0.0,0.0,0.69,4.07,0.0
20230220:0430,0.0,0.0,-2.1,0.25,4.48,0.0
20230220:0530,53.98,74.32,7.36,-0.18,4.62,0.0
20230220:0630,245.1,270.41,15.95,0.11,4.41,0.0
20230220:0730,495.38,530.7,23.14,1.05,5.03,0.0
20230220:0830,600.44,642.96,28.35,2.09,6.55,0.0
20230220:0930,490.45,525.37,30.99,2.92,7.52,0.0
20230220:1030,657.28,706.31,30.68,3.21,7.45,0.0
20230220:1130,560.38,601.12,27.46,3.57,7.66,0.0
20230220:1230,321.87,350.44,21.78,3.78,7.52,0.0
20230220:1330,171.76,198.06,14.25,3.66,6.55,0.0
20230220:1430,86.05,115.77,5.45,3.23,5.24,0.0
20230220:1530,0.0,0.0,-4.15,2.24,4.55,0.0
20230220:1630,0.0,0.0,0.0,0.98,4.28,0.0
20230220:1730,0.0,0.0,0.0,0.11,4.14,0.0
20230220:1830,0.0,0.0,0.0,-0.26,4.83,0.0
20230220:1930,0.0,0.0,0.0,0.32,5.79,0.0
20230220:2030,0.0,0.0,0.0,0.48,5.72,0.0
20230220:2130,0.0,0.0,0.0,0.64,6.0,0.0
20230220:2230,0.0,0.0,0.0,0.81,6.41,0.0
20230220:2330,0.0,0.0,0.0,1.0,7.03,0.0
20230221:0030,0.0,0.0,0.0,1.28,7.86,0.0
20230221:0130,0.0,0.0,0.0,1.27,8.48,0.0
20230221:0230,0.0,0.0,0.0,1.23,8.83,0.0
20230221:0330,0.0,0.0,0.0,1.59,8.83,0.0
20230221:0430,0.0,0.0,-1.82,2.15,8.76,0.0
20230221:0530,36.82,56.01,7.66,2.69,8.41,0.0
20230221:0630,287.31,315.19,16.26,3.54,8.9,0.0
20230221:0730,448.15,482.28,23.48,4.85,8.62,0.0
20230221:0830,487.36,527.43,28.71,6.19,8.48,0.0
20230221:0930,578.7,630.06,31.35,7.24,8.0,0.0
20230221:1030,612.78,669.27,31.03,8.02,8.34,0.0
20230221:1130,391.13,429.57,27.8,8.4,8.21,0.0
20230221:1230,296.71,327.56,22.1,7.08,9.52,0.0
20230221:1330,135.51,162.42,14.54,6.99,7.38,0.0
20230221:1430,28.56,47.63,5.72,6.34,7.24,0.0
20230221:1530,0.0,0.0,-3.9,5.68,6.55,0.0
20230221:1630,0.0,0.0,0.0,4.91,6.41,0.0
20230221:1730,0.0,0.0,0.0,4.39,6.69,0.0
20230221:1830,0.0,0.0,0.0,4.0,6.76,0.0
20230221:1930,0.0,0.0,0.0,3.53,6.76,0.0
20230221:2030,0.0,0.0,0.0,3.33,7.03,0.0
20230221:2130,0.0,0.0,0.0,3.29,7.45,0.0
20230221:2230,0.0,0.0,0.0,3.25,7.59,0.0
20230221:2330,0.0,0.0,0.0,2.98,7.59,0.0
20230222:0030,0.0,0.0,0.0,2.76,7.66,0.0
20230222:0130,0.0,0.0,0.0,2.31,7.1,0.0
20230222:0230,0.0,0.0,0.0,1.74,6.97,0.0
20230222:0330,0.0,0.0,0.0,1.29,6.62,0.0
20230222:0430,0.0,0.0,-1.53,0.69,6.14,0.0
20230222:0530,72.96,96.11,7.96,0.27,5.59,0.0
20230222:0630,275.1,300.39,16.58,0.25,5.1,0.0
20230222:0730,501.18,536.59,23.82,0.73,4.41,0.0
20230222:0830,561.22,601.97,29.06,1.27,4.69,0.0
20230222:0930,529.41,568.34,31.71,1.89,5.45,0.0
20230222:1030,518.83,556.05,31.39,2.15,5.72,0.0
20230222:1130,298.44,324.46,28.14,2.06,5.86,0.0
20230222:1230,293.77,318.8,22.41,1.4,5.93,0.0
20230222:1330,118.67,141.09,14.83,0.52,5.86,0.0
20230222:1430,25.45,42.38,5.98,-0.58,5.59,0.0
20230222:1530,0.0,0.0,-3.64,-1.54,5.1,0.0
20230222:1630,0.0,0.0,0.0,-2.26,4.97,0.0
20230222:1730,0.0,0.0,0.0,-2.77,5.03,0.0
20230222:1830,0.0,0.0,0.0,-3.23,4.69,0.0
20230222:1930,0.0,0.0,0.0,-2.46,4.62,0.0
20230222:2030,0.0,0.0,0.0,-2.62,4.62,0.0
20230222:2130,0.0,0.0,0.0,-2.84,4.48,0.0
20230222:2230,0.0,0.0,0.0,-3.01,4.41,0.0
20230222:2330,0.0,0.0,0.0,-3.24,4.28,0.0
20230223:0030,0.0,0.0,0.0,-3.45,4.34,0.0
20230223:0130,0.0,0.0,0.0,-3.75,4.21,0.0
20230223:0230,0.0,0.0,0.0,-3.99,4.14,0.0
20230223:0330,0.0,0.0,0.0,-4.35,3.93,0.0
20230223:0430,0.0,0.0,-1.24,-4.88,3.86,0.0
20230223:0530,204.57,234.33,8.27,-5.24,3.86,0.0
20230223:0630,230.92,250.46,16.9,-5.02,4.41,0.0
20230223:0730,454.58,476.57,24.16,-4.8,4.34,0.0
20230223:0830,596.72,630.0,29.42,-4.13,4.14,0.0
20230223:0930,632.29,672.59,32.08,-3.39,3.93,0.0
20230223:1030,698.01,747.79,31.75,-2.73,3.93,0.0
20230223:1130,625.81,667.72,28.48,-2.13,4.0,0.0
20230223:1230,490.51,521.62,22.72,-1.75,4.0,0.0
20230223:1330,291.31,316.98,15.11,-1.65,3.93,0.0
20230223:1430,101.54,129.81,6.25,-1.95,3.72,0.0
20230223:1530,0.0,0.0,-3.39,-2.71,3.1,0.0
20230223:1630,0.0,0.0,0.0,-3.68,2.97,0.0
20230223:1730,0.0,0.0,0.0,-4.2,2.62,0.0
20230223:1830,0.0,0.0,0.0,-4.73,2.0,0.0
20230223:1930,0.0,0.0,0.0,-4.6,1.03,0.0
20230223:2030,0.0,0.0,0.0,-3.83,0.41,0.0
20230223:2130,0.0,0.0,0.0,-3.89,0.76,0.0
20230223:2230,0.0,0.0,0.0,-4.94,1.24,0.0
20230223:2330,0.0,0.0,0.0,-6.19,1.86,0.0
20230224:0030,0.0,0.0,0.0,-5.71,2.69,0.0
20230224:0130,0.0,0.0,0.0,-5.26,3.24,0.0
20230224:0230,0.0,0.0,0.0,-5.01,3.52,0.0
20230224:0330,0.0,0.0,0.0,-4.91,3.72,0.0
20230224:0430,0.0,0.0,-0.94,-4.92,3.93,0.0
20230224:0530,210.31,240.55,8.58,-4.8,4.07,0.0
20230224:0630,473.87,500.72,17.23,-3.61,4.69,0.0
20230224:0730,683.39,721.11,24.5,-2.65,5.59,0.0
20230224:0830,819.1,874.96,29.79,-1.27,6.21,0.0
20230224:0930,864.73,934.04,32.45,0.11,6.28,0.0
20230224:1030,836.38,905.56,32.11,1.31,6.41,0.0
20230224:1130,682.51,733.25,28.82,2.17,6.48,0.0
20230224:1230,488.62,523.58,23.03,2.54,6.62,0.0
20230224:1330,195.56,221.6,15.4,2.46,6.55,0.0
20230224:1430,36.32,55.39,6.52,1.76,6.07,0.0
20230224:1530,0.0,0.0,-3.13,0.68,6.07,0.0
20230224:1630,0.0,0.0,0.0,-0.14,6.07,0.0
20230224:1730,0.0,0.0,0.0,-0.64,5.93,0.0
20230224:1830,0.0,0.0,0.0,-0.73,5.72,0.0
20230224:1930,0.0,0.0,0.0,-1.03,5.79,0.0
20230224:2030,0.0,0.0,0.0,-0.73,5.59,0.0
20230224:2130,0.0,0.0,0.0,-0.26,5.45,0.0
20230224:2230,0.0,0.0,0.0,0.16,5.17,0.0
20230224:2330,0.0,0.0,0.0,0.45,4.97,0.0
20230225:0030,0.0,0.0,0.0,0.78,4.9,0.0
20230225:0130,0.0,0.0,0.0,0.9,4.97,0.0
20230225:0230,0.0,0.0,0.0,0.98,4.97,0.0
20230225:0330,0.0,0.0,0.0,1.02,5.03,0.0
20230225:0430,0.0,0.0,-0.64,1.2,5.03,0.0
20230225:0530,11.13,23.46,8.89,1.61,5.1,0.0
20230225:0630,68.0,88.65,17.56,2.14,5.17,0.0
20230225:0730,171.22,196.32,24.85,2.72,5.79,0.0
20230225:0830,339.4,370.26,30.15,3.66,6.0,0.0
20230225:0930,435.39,474.35,32.82,5.21,6.07,0.0
20230225:1030,648.67,712.06,32.48,6.53,6.07,0.0
20230225:1130,578.29,634.84,29.16,7.81,6.28,0.0
20230225:1230,425.3,469.38,23.35,8.44,5.72,0.0
20230225:1330,204.69,237.5,15.69,8.82,5.72,0.0
20230225:1430,72.34,101.43,6.78,8.84,5.93,0.0
20230225:1530,0.0,0.0,-2.88,8.2,6.34,0.0
20230225:1630,0.0,0.0,0.0,7.55,7.1,0.0
20230225:1730,0.0,0.0,0.0,7.3,7.66,0.0
20230225:1830,0.0,0.0,0.0,7.15,8.21,0.0
20230225:1930,0.0,0.0,0.0,6.98,8.41,0.0
20230225:2030,0.0,0.0,0.0,6.75,8.48,0.0
20230225:2130,0.0,0.0,0.0,6.98,8.41,0.0
20230225:2230,0.0,0.0,0.0,7.19,8.07,0.0
20230225:2330,0.0,0.0,0.0,7.31,7.45,0.0
20230226:0030,0.0,0.0,0.0,7.05,6.83,0.0
20230226:0130,0.0,0.0,0.0,6.76,5.93,0.0
20230226:0230,0.0,0.0,0.0,6.45,4.97,0.0
20230226:0330,0.0,0.0,0.0,6.09,4.41,0.0
20230226:0430,0.0,0.0,-0.34,5.76,4.0,0.0
20230226:0530,6.55,17.33,9.2,5.89,4.0,0.0
20230226:0630,12.95,26.31,17.89,6.23,3.45,0.0
20230226:0730,27.6,44.63,25.2,6.28,3.59,0.0
20230226:0830,116.4,141.22,30.52,6.24,2.83,0.0
20230226:0930,93.65,118.82,33.2,6.38,1.72,0.0
20230226:1030,65.84,88.76,32.84,6.91,1.03,0.0
20230226:1130,64.71,87.57,29.5,6.93,0.28,0.0
20230226:1230,60.19,82.18,23.66,7.32,0.69,0.0
20230226:1330,20.98,36.86,15.98,7.75,0.83,0.0
20230226:1430,7.65,19.37,7.05,7.96,1.03,0.0
20230226:1530,0.0,0.0,-2.63,8.21,1.86,0.0
20230226:1630,0.0,0.0,0.0,8.4,2.76,0.0
20230226:1730,0.0,0.0,0.0,8.55,3.52,0.0
20230226:1830,0.0,0.0,0.0,8.51,4.21,0.0
20230226:1930,0.0,0.0,0.0,7.93,4.0,0.0
20230226:2030,0.0,0.0,0.0,7.67,4.34,0.0
20230226:2130,0.0,0.0,0.0,7.21,4.55,0.0
20230226:2230,0.0,0.0,0.0,6.82,4.21,0.0
20230226:2330,0.0,0.0,0.0,6.43,3.52,0.0
20230227:0030,0.0,0.0,0.0,5.87,2.83,0.0
20230227:0130,0.0,0.0,0.0,5.57,2.07,0.0
20230227:0230,0.0,0.0,0.0,5.3,1.79,0.0
20230227:0330,0.0,0.0,0.0,5.05,2.0,0.0
20230227:0430,0.0,0.0,-0.03,4.82,2.21,0.0
20230227:0530,105.24,133.75,9.52,4.6,2.48,0.0
20230227:0630,156.66,184.57,18.22,5.49,2.41,0.0
20230227:0730,294.84,332.13,25.56,7.25,2.55,0.0
20230227:0830,349.27,392.64,30.89,8.91,2.9,0.0
20230227:0930,176.13,209.21,33.58,10.31,3.31,0.0
20230227:1030,71.46,96.04,33.21,10.98,3.66,0.0
20230227:1130,60.04,83.04,29.84,10.86,4.41,0.0
20230227:1230,89.95,115.5,23.98,10.49,3.86,0.0
20230227:1330,46.08,67.12,16.26,10.51,3.17,0.0
20230227:1430,24.07,42.58,7.32,10.33,2.21,0.0
20230227:1530,0.0,0.0,-2.37,9.39,1.38,0.0
20230227:1630,0.0,0.0,0.0,8.28,0.76,0.0
20230227:1730,0.0,0.0,0.0,7.27,1.17,0.0
20230227:1830,0.0,0.0,0.0,5.75,1.66,0.0
20230227:1930,0.0,0.0,0.0,4.97,1.31,0.0
20230227:2030,0.0,0.0,0.0,4.6,1.52,0.0
20230227:2130,0.0,0.0,0.0,4.06,2.97,0.0
20230227:2230,0.0,0.0,0.0,3.19,4.07,0.0
20230227:2330,0.0,0.0,0.0,2.51,4.62,0.0
20230228:0030,0.0,0.0,0.0,2.14,4.9,0.0
20230228:0130,0.0,0.0,0.0,1.94,4.9,0.0
20230228:0230,0.0,0.0,0.0,1.63,5.1,0.0
20230228:0330,0.0,0.0,0.0,1.35,5.24,0.0
20230228:0430,0.0,2.19,0.28,0.94,5.24,0.0
20230228:0530,28.21,44.91,9.84,0.54,4.97,0.0
20230228:0630,40.55,58.37,18.56,0.43,4.83,0.0
20230228:0730,79.14,100.03,25.92,0.71,5.03,0.0
20230228:0830,157.52,180.59,31.27,0.93,4.48,0.0
20230228:0930,175.8,200.37,33.96,1.44,4.21,0.0
20230228:1030,172.71,197.22,33.58,1.92,4.34,0.0
20230228:1130,197.35,223.23,30.19,2.26,4.41,0.0
20230228:1230,222.81,249.18,24.29,2.63,4.41,0.0
20230228:1330,237.17,265.8,16.55,2.83,4.55,0.0
20230228:1430,59.73,83.04,7.58,2.58,4.55,0.0
20230228:1530,0.0,0.0,-2.12,1.9,4.21,0.0
20230228:1630,0.0,0.0,0.0,1.28,4.34,0.0
20230228:1730,0.0,0.0,0.0,0.72,4.41,0.0
20230228:1830,0.0,0.0,0.0,0.19,4.48,0.0
20230228:1930,0.0,0.0,0.0,-0.05,4.83,0.0
20230228:2030,0.0,0.0,0.0,-0.27,4.69,0.0
20230228:2130,0.0,0.0,0.0,-0.35,4.34,0.0
20230228:2230,0.0,0.0,0.0,-0.41,4.0,0.0
20230228:2330,0.0,0.0,0.0,-0.68,3.93,0.0
20230301:0030,0.0,0.0,0.0,-1.01,3.72,0.0
20230301:0130,0.0,0.0,0.0,-1.46,3.52,0.0
20230301:0230,0.0,0.0,0.0,-1.66,3.79,0.0
20230301:0330,0.0,0.0,0.0,-2.11,3.93,0.0
20230301:0430,0.81,7.32,0.59,-2.41,4.07,0.0
20230301:0530,230.4,263.17,10.17,-2.44,4.34,0.0
20230301:0630,476.0,507.31,18.9,-1.37,4.9,0.0
20230301:0730,688.14,735.89,26.28,0.0,5.52,0.0
20230301:0830,828.49,902.65,31.64,1.37,5.38,0.0
20230301:0930,791.55,865.2,34.34,2.71,5.38,0.0
20230301:1030,647.08,702.23,33.95,3.79,5.72,0.0
20230301:1130,445.46,481.1,30.54,4.24,5.79,0.0
20230301:1230,296.89,325.82,24.61,4.26,5.86,0.0
20230301:1330,132.94,157.97,16.84,4.01,5.86,0.0
20230301:1430,26.73,43.9,7.85,3.51,5.17,0.0
20230301:1530,0.0,0.0,-1.86,2.79,4.48,0.0
20230301:1630,0.0,0.0,0.0,2.02,3.86,0.0
20230301:1730,0.0,0.0,0.0,1.41,3.66,0.0
20230301:1830,0.0,0.0,0.0,1.03,3.66,0.0
20230301:1930,0.0,0.0,0.0,1.16,3.72,0.0
20230301:2030,0.0,0.0,0.0,0.78,3.66,0.0
20230301:2130,0.0,0.0,0.0,0.55,3.59,0.0
20230301:2230,0.0,0.0,0.0,0.28,3.38,0.0
20230301:2330,0.0,0.0,0.0,-0.02,3.17,0.0
20230302:0030,0.0,0.0,0.0,-0.4,2.97,0.0
20230302:0130,0.0,0.0,0.0,-0.65,2.9,0.0
20230302:0230,0.0,0.0,0.0,-0.82,2.76,0.0
20230302:0330,0.0,0.0,0.0,-1.39,2.62,0.0
20230302:0430,1.24,8.2,0.91,-1.75,2.62,0.0
20230302:0530,230.94,265.43,10.49,-1.85,2.62,0.0
20230302:0630,486.06,526.08,19.25,-0.33,2.9,0.0
20230302:0730,676.86,738.08,26.64,1.52,3.66,0.0
20230302:0830,780.52,860.33,32.02,2.88,4.34,0.0
20230302:0930,774.02,856.77,34.72,4.11,4.62,0.0
20230302:1030,756.64,841.02,34.32,4.8,4.34,0.0
20230302:1130,527.5,576.95,30.88,5.31,4.21,0.0
20230302:1230,411.18,450.4,24.92,5.4,4.34,0.0
20230302:1330,247.69,280.05,17.13,5.46,4.07,0.0
20230302:1430,99.88,131.43,8.12,5.17,3.03,0.0
20230302:1530,0.0,0.0,-1.61,4.13,2.55,0.0
20230302:1630,0.0,0.0,0.0,2.94,2.76,0.0
20230302:1730,0.0,0.0,0.0,2.2,2.9,0.0
20230302:1830,0.0,0.0,0.0,1.8,2.97,0.0
20230302:1930,0.0,0.0,0.0,1.69,3.17,0.0
20230302:2030,0.0,0.0,0.0,1.5,3.24,0.0
20230302:2130,0.0,0.0,0.0,1.41,3.24,0.0
20230302:2230,0.0,0.0,0.0,1.19,3.31,0.0
20230302:2330,0.0,0.0,0.0,0.95,3.38,0.0
20230303:0030,0.0,0.0,0.0,0.71,3.24,0.0
20230303:0130,0.0,0.0,0.0,0.63,2.97,0.0
20230303:0230,0.0,0.0,0.0,0.17,2.76,0.0
20230303:0330,0.0,0.0,0.0,-0.26,2.76,0.0
20230303:0430,2.24,10.1,1.23,-0.57,2.9,0.0
20230303:0530,179.61,210.78,10.82,-0.52,2.97,0.0
20230303:0630,327.05,356.81,19.59,0.85,3.17,0.0
20230303:0730,504.27,547.2,27.01,2.47,3.59,0.0
20230303:0830,646.58,711.49,32.4,3.96,3.72,0.0
20230303:0930,724.16,805.76,35.11,5.0,3.93,0.0
20230303:1030,536.47,591.19,34.69,5.87,4.14,0.0
20230303:1130,313.35,348.03,31.23,6.02,4.21,0.0
20230303:1230,174.07,201.47,25.24,5.73,4.21,0.0
20230303:1330,112.08,137.21,17.41,5.39,4.0,0.0
20230303:1430,35.8,56.25,8.38,4.98,3.79,0.0
20230303:1530,0.0,0.0,-1.36,4.33,3.86,0.0
20230303:1630,0.0,0.0,0.0,3.83,4.14,0.0
20230303:1730,0.0,0.0,0.0,3.34,4.14,0.0
20230303:1830,0.0,0.0,0.0,2.83,4.0,0.0
20230303:1930,0.0,0.0,0.0,2.54,3.72,0.0
20230303:2030,0.0,0.0,0.0,2.47,4.0,0.0
20230303:2130,0.0,0.0,0.0,2.44,4.34,0.0
20230303:2230,0.0,0.0,0.0,2.27,4.48,0.0
20230303:2330,0.0,0.0,0.0,2.13,4.55,0.0
20230304:0030,0.0,0.0,0.0,1.85,4.48,0.0
20230304:0130,0.0,0.0,0.0,1.54,4.62,0.0
20230304:0230,0.0,0.0,0.0,1.23,4.48,0.0
20230304:0330,0.0,0.0,0.0,1.0,4.14,0.0
20230304:0430,1.87,9.46,1.55,0.54,3.86,0.0
20230304:0530,201.6,234.68,11.16,0.42,3.59,0.0
20230304:0630,461.82,501.62,19.94,1.47,3.59,0.0
20230304:0730,669.25,732.35,27.37,3.19,4.14,0.0
20230304:0830,784.33,873.75,32.79,4.48,4.07,0.0
20230304:0930,743.14,824.29,35.5,5.73,4.97,0.0
20230304:1030,663.41,729.92,35.07,6.53,6.07,0.0
20230304:1130,615.26,673.71,31.58,7.04,6.9,0.0
20230304:1230,551.35,602.71,25.55,7.12,7.1,0.0
20230304:1330,364.62,404.63,17.7,7.04,7.31,0.0
20230304:1430,122.99,158.0,8.65,6.74,6.83,0.0
20230304:1530,0.0,0.0,-1.11,5.91,6.76,0.0
20230304:1630,0.0,0.0,0.0,5.04,6.83,0.0
20230304:1730,0.0,0.0,0.0,4.35,6.9,0.0
20230304:1830,0.0,0.0,0.0,3.77,6.9,0.0
20230304:1930,0.0,0.0,0.0,3.57,6.83,0.0
20230304:2030,0.0,0.0,0.0,3.24,6.83,0.0
20230304:2130,0.0,0.0,0.0,2.87,6.48,0.0
20230304:2230,0.0,0.0,0.0,2.71,6.55,0.0
20230304:2330,0.0,0.0,0.0,2.75,6.55,0.0
20230305:0030,0.0,0.0,0.0,3.06,6.34,0.0
20230305:0130,0.0,0.0,0.0,2.84,5.79,0.0
20230305:0230,0.0,0.0,0.0,2.44,5.03,0.0
20230305:0330,0.0,0.0,0.0,1.95,4.48,0.0
20230305:0430,2.9,11.32,1.87,1.3,4.0,0.0
20230305:0530,224.98,260.66,11.49,0.87,3.59,0.0
20230305:0630,376.21,410.16,20.29,1.85,3.59,0.0
20230305:0730,499.72,539.66,27.74,2.52,4.55,0.0
20230305:0830,594.62,645.41,33.17,3.07,4.69,0.0
20230305:0930,620.45,676.7,35.88,3.51,4.41,0.0
20230305:1030,605.9,662.57,35.44,3.97,4.34,0.0
20230305:1130,617.43,676.38,31.92,4.31,4.41,0.0
20230305:1230,492.6,537.58,25.87,4.62,4.41,0.0
20230305:1330,309.84,345.15,17.99,4.66,4.14,0.0
20230305:1430,153.57,192.3,8.91,4.5,3.59,0.0
20230305:1530,0.0,0.0,-0.85,3.62,2.41,0.0
20230305:1630,0.0,0.0,0.0,2.41,2.28,0.0
20230305:1730,0.0,0.0,0.0,1.17,2.28,0.0
20230305:1830,0.0,0.0,0.0,-0.09,2.21,0.0
20230305:1930,0.0,0.0,0.0,-0.89,1.93,0.0
20230305:2030,0.0,0.0,0.0,-1.25,1.86,0.0
20230305:2130,0.0,0.0,0.0,-1.43,1.72,0.0
20230305:2230,0.0,0.0,0.0,-1.68,1.72,0.0
20230305:2330,0.0,0.0,0.0,-2.15,1.72,0.0
20230306:0030,0.0,0.0,0.0,-2.15,1.52,0.0
20230306:0130,0.0,0.0,0.0,-0.77,1.03,0.0
20230306:0230,0.0,0.0,0.0,-0.81,0.97,0.0
20230306:0330,0.0,0.0,0.0,-2.35,1.45,0.0
20230306:0430,3.51,12.14,2.2,-3.81,2.0,0.0
20230306:0530,247.87,281.71,11.83,-2.96,2.34,0.0
20230306:0630,492.41,535.77,20.65,0.01,2.34,0.0
20230306:0730,678.05,752.13,28.12,1.93,2.21,0.0
20230306:0830,812.67,917.16,33.56,3.37,2.76,0.0
20230306:0930,876.91,999.83,36.28,4.37,3.1,0.0
20230306:1030,862.11,978.78,35.82,5.23,3.59,0.0
20230306:1130,757.93,846.66,32.27,5.77,4.14,0.0
20230306:1230,463.59,507.02,26.18,6.17,4.97,0.0
20230306:1330,254.46,287.32,18.27,5.95,4.83,0.0
20230306:1430,98.94,129.97,9.17,5.48,4.34,0.0
20230306:1530,0.0,0.0,-0.6,4.56,4.0,0.0
20230306:1630,0.0,0.0,0.0,3.17,3.59,0.0
20230306:1730,0.0,0.0,0.0,2.46,3.31,0.0
20230306:1830,0.0,0.0,0.0,2.05,3.17,0.0
20230306:1930,0.0,0.0,0.0,1.97,2.97,0.0
20230306:2030,0.0,0.0,0.0,1.81,3.17,0.0
20230306:2130,0.0,0.0,0.0,1.75,3.1,0.0
20230306:2230,0.0,0.0,0.0,1.79,2.97,0.0
20230306:2330,0.0,0.0,0.0,1.72,3.24,0.0
20230307:0030,0.0,0.0,0.0,1.65,3.31,0.0
20230307:0130,0.0,0.0,0.0,1.39,3.31,0.0
20230307:0230,0.0,0.0,0.0,1.22,2.97,0.0
20230307:0330,0.0,0.0,0.0,1.07,2.83,0.0
20230307:0430,6.66,18.92,2.53,1.05,2.83,0.0
20230307:0530,94.58,118.92,12.17,1.25,2.83,0.0
20230307:0630,224.4,252.13,21.0,2.16,3.03,0.0
20230307:0730,462.92,506.93,28.49,3.41,3.17,0.0
20230307:0830,605.84,669.07,33.95,4.87,3.72,0.0
20230307:0930,688.97,768.45,36.67,6.42,3.93,0.0
20230307:1030,564.39,626.63,36.2,7.59,4.21,0.0
20230307:1130,428.02,477.11,32.62,8.31,4.34,0.0
20230307:1230,267.95,304.6,26.5,8.8,4.34,0.0
20230307:1330,177.26,209.49,18.56,9.01,3.52,0.0
20230307:1430,35.27,55.95,9.44,8.75,2.62,0.0
20230307:1530,0.0,0.0,-0.35,7.43,2.0,0.0
20230307:1630,0.0,0.0,0.0,5.88,2.41,0.0
20230307:1730,0.0,0.0,0.0,5.14,2.62,0.0
20230307:1830,0.0,0.0,0.0,5.15,2.83,0.0
20230307:1930,0.0,0.0,0.0,5.71,4.0,0.0
20230307:2030,0.0,0.0,0.0,5.7,4.0,0.0
20230307:2130,0.0,0.0,0.0,5.47,3.93,0.0
20230307:2230,0.0,0.0,0.0,5.21,3.66,0.0
20230307:2330,0.0,0.0,0.0,4.97,3.17,0.0
20230308:0030,0.0,0.0,0.0,4.61,2.48,0.0
20230308:0130,0.0,0.0,0.0,4.4,2.21,0.0
20230308:0230,0.0,0.0,0.0,4.33,2.28,0.0
20230308:0330,0.0,0.0,0.0,4.55,2.76,0.0
20230308:0430,3.23,12.59,2.86,4.74,3.24,0.0
20230308:0530,56.84,78.37,12.51,4.9,3.38,0.0
20230308:0630,267.01,299.25,21.36,5.53,4.28,0.0
20230308:0730,372.28,410.81,28.87,7.23,5.52,0.0
20230308:0830,418.44,462.6,34.34,8.52,6.28,0.0
20230308:0930,536.12,596.53,37.06,10.11,6.69,0.0
20230308:1030,606.9,681.2,36.57,11.74,6.69,0.0
20230308:1130,647.16,730.69,32.97,12.81,6.48,0.0
20230308:1230,516.68,581.91,26.81,13.44,6.62,0.0
20230308:1330,308.34,355.3,18.84,13.53,6.0,0.0
20230308:1430,69.62,98.58,9.7,12.0,5.86,0.0
20230308:1530,0.0,0.0,-0.1,10.88,5.17,0.0
20230308:1630,0.0,0.0,0.0,9.73,4.83,0.0
20230308:1730,0.0,0.0,0.0,9.0,4.9,0.0
20230308:1830,0.0,0.0,0.0,8.51,5.24,0.0
20230308:1930,0.0,0.0,0.0,8.39,5.38,0.0
20230308:2030,0.0,0.0,0.0,7.78,5.1,0.0
20230308:2130,0.0,0.0,0.0,7.19,4.83,0.0
20230308:2230,0.0,0.0,0.0,6.7,4.48,0.0
20230308:2330,0.0,0.0,0.0,6.25,4.0,0.0
20230309:0030,0.0,0.0,0.0,5.89,3.59,0.0
20230309:0130,0.0,0.0,0.0,5.82,3.38,0.0
20230309:0230,0.0,0.0,0.0,5.95,3.45,0.0
20230309:0330,0.0,0.0,0.0,5.96,3.59,0.0
20230309:0430,9.86,26.76,3.19,5.86,3.52,0.0
20230309:0530,58.51,80.58,12.85,5.93,3.79,0.0
20230309:0630,159.74,188.07,21.72,6.62,4.97,0.0
20230309:0730,347.57,387.43,29.24,7.48,4.62,0.0
20230309:0830,656.81,737.19,34.73,9.12,4.83,0.0
20230309:0930,837.86,964.13,37.46,10.98,4.83,0.0
20230309:1030,810.1,935.16,36.95,12.68,5.1,0.0
20230309:1130,694.94,796.07,33.31,13.8,5.24,0.0
20230309:1230,533.16,606.97,27.13,14.42,5.24,0.0
20230309:1330,344.48,398.35,19.12,14.62,5.1,0.0
20230309:1430,142.44,186.83,9.96,14.16,4.9,0.0
20230309:1530,0.0,5.17,0.15,12.81,5.1,0.0
20230309:1630,0.0,0.0,0.0,11.15,5.17,0.0
20230309:1730,0.0,0.0,0.0,10.1,5.38,0.0
20230309:1830,0.0,0.0,0.0,9.43,5.79,0.0
20230309:1930,0.0,0.0,0.0,9.04,5.93,0.0
20230309:2030,0.0,0.0,0.0,8.4,5.86,0.0
20230309:2130,0.0,0.0,0.0,7.76,5.79,0.0
20230309:2230,0.0,0.0,0.0,7.26,5.72,0.0
20230309:2330,0.0,0.0,0.0,6.84,5.72,0.0
20230310:0030,0.0,0.0,0.0,6.67,5.59,0.0
20230310:0130,0.0,0.0,0.0,6.53,5.24,0.0
20230310:0230,0.0,0.0,0.0,6.4,4.69,0.0
20230310:0330,0.0,0.0,0.0,6.07,4.14,0.0
20230310:0430,30.55,62.91,3.53,5.74,3.79,0.0
20230310:0530,217.43,257.07,13.2,5.85,3.31,0.0
20230310:0630,422.42,471.68,22.08,7.16,3.1,0.0
20230310:0730,501.92,565.24,29.62,9.1,2.76,0.0
20230310:0830,675.08,779.6,35.13,10.36,2.41,0.0
20230310:0930,611.51,706.3,37.85,11.65,2.48,0.0
20230310:1030,419.0,479.9,37.33,12.39,2.41,0.0
20230310:1130,271.77,316.04,33.66,12.44,2.14,0.0
20230310:1230,232.59,271.73,27.44,12.42,2.41,0.0
20230310:1330,131.45,162.75,19.41,12.11,2.76,0.0
20230310:1430,56.62,82.75,10.22,11.55,2.69,0.0
20230310:1530,0.0,5.38,0.4,10.51,2.41,0.0
20230310:1630,0.0,0.0,0.0,9.04,2.62,0.0
20230310:1730,0.0,0.0,0.0,8.09,2.76,0.0
20230310:1830,0.0,0.0,0.0,7.19,2.69,0.0
20230310:1930,0.0,0.0,0.0,5.91,2.55,0.0
20230310:2030,0.0,0.0,0.0,5.23,2.28,0.0
20230310:2130,0.0,0.0,0.0,4.68,2.55,0.0
20230310:2230,0.0,0.0,0.0,4.44,2.48,0.0
20230310:2330,0.0,0.0,0.0,4.13,2.55,0.0
20230311:0030,0.0,0.0,0.0,4.08,2.62,0.0
20230311:0130,0.0,0.0,0.0,4.11,3.03,0.0
20230311:0230,0.0,0.0,0.0,4.49,3.66,0.0
20230311:0330,0.0,0.0,0.0,4.95,4.07,0.0
20230311:0430,9.02,21.91,3.87,5.29,4.48,0.0
20230311:0530,39.19,58.15,13.54,5.73,4.83,0.0
20230311:0630,92.65,117.26,22.44,6.34,4.76,0.0
20230311:0730,106.28,132.36,30.0,7.1,4.83,0.0
20230311:0830,198.18,228.97,35.52,7.66,5.1,0.0
20230311:0930,126.03,153.03,38.25,8.64,5.72,0.0
20230311:1030,155.84,184.73,37.71,8.91,7.31,0.0
20230311:1130,125.09,152.27,34.01,9.22,6.83,0.0
20230311:1230,123.29,150.61,27.75,9.32,6.83,0.0
20230311:1330,66.43,89.99,19.69,9.88,6.97,0.0
20230311:1430,33.5,53.45,10.48,9.78,6.97,0.0
20230311:1530,0.0,3.62,0.65,9.32,6.55,0.0
20230311:1630,0.0,0.0,0.0,8.85,6.69,0.0
20230311:1730,0.0,0.0,0.0,8.45,6.9,0.0
20230311:1830,0.0,0.0,0.0,8.29,6.9,0.0
20230311:1930,0.0,0.0,0.0,8.52,6.55,0.0
20230311:2030,0.0,0.0,0.0,8.78,6.69,0.0
20230311:2130,0.0,0.0,0.0,8.74,6.14,0.0
20230311:2230,0.0,0.0,0.0,8.64,5.79,0.0
20230311:2330,0.0,0.0,0.0,8.59,6.34,0.0
20230312:0030,0.0,0.0,0.0,8.47,6.97,0.0
20230312:0130,0.0,0.0,0.0,8.41,7.24,0.0
20230312:0230,0.0,0.0,0.0,8.55,7.17,0.0
20230312:0330,0.0,0.0,0.0,8.85,7.52,0.0
20230312:0430,0.0,4.48,4.2,8.79,7.24,0.0
20230312:0530,4.61,14.45,13.89,8.5,6.76,0.0
20230312:0630,51.34,72.39,22.81,8.15,6.48,0.0
20230312:0730,100.54,125.41,30.39,6.53,6.62,0.0
20230312:0830,222.29,252.15,35.92,6.64,7.1,0.0
20230312:0930,422.86,459.74,38.65,6.55,8.07,0.0
20230312:1030,324.47,357.96,38.09,6.38,8.62,0.0
20230312:1130,220.15,250.18,34.36,5.91,8.41,0.0
20230312:1230,163.44,190.51,28.06,5.49,7.79,0.0
20230312:1330,72.36,94.76,19.97,5.07,7.31,0.0
20230312:1430,33.05,51.41,10.74,4.66,6.62,0.0
20230312:1530,0.2,6.05,0.9,4.25,5.52,0.0
20230312:1630,0.0,0.0,0.0,3.88,4.55,0.0
20230312:1730,0.0,0.0,0.0,3.45,3.52,0.0
20230312:1830,0.0,0.0,0.0,2.67,2.55,0.0
20230312:1930,0.0,0.0,0.0,1.83,2.76,0.0
20230312:2030,0.0,0.0,0.0,1.15,2.62,0.0
20230312:2130,0.0,0.0,0.0,0.61,2.9,0.0
20230312:2230,0.0,0.0,0.0,0.38,3.17,0.0
20230312:2330,0.0,0.0,0.0,0.35,3.72,0.0
20230313:0030,0.0,0.0,0.0,0.42,4.34,0.0
20230313:0130,0.0,0.0,0.0,0.24,4.07,0.0
20230313:0230,0.0,0.0,0.0,-0.13,3.59,0.0
20230313:0330,0.0,0.0,0.0,-0.48,3.38,0.0
20230313:0430,44.96,81.69,4.54,-0.78,3.31,0.0
20230313:0530,281.5,319.14,14.24,-0.28,3.03,0.0
20230313:0630,521.47,567.61,23.17,1.38,3.24,0.0
20230313:0730,711.63,783.72,30.77,2.83,3.66,0.0
20230313:0830,799.55,896.12,36.31,3.96,3.52,0.0
20230313:0930,869.33,990.16,39.04,4.83,3.31,0.0
20230313:1030,849.1,973.0,38.47,5.62,2.97,0.0
20230313:1130,774.49,885.01,34.7,6.16,2.55,0.0
20230313:1230,626.21,709.21,28.37,6.55,2.0,0.0
20230313:1330,422.03,477.28,20.25,6.76,1.93,0.0
20230313:1430,176.91,221.95,11.0,6.64,1.66,0.0
20230313:1530,1.02,7.95,1.15,6.12,0.34,0.0
20230313:1630,0.0,0.0,0.0,4.67,0.97,0.0
20230313:1730,0.0,0.0,0.0,3.03,1.38,0.0
20230313:1830,0.0,0.0,0.0,1.61,1.72,0.0
20230313:1930,0.0,0.0,0.0,0.0,2.55,0.0
20230313:2030,0.0,0.0,0.0,-0.19,2.83,0.0
20230313:2130,0.0,0.0,0.0,-0.25,2.97,0.0
20230313:2230,0.0,0.0,0.0,-0.46,2.76,0.0
20230313:2330,0.0,0.0,0.0,-0.72,2.76,0.0
20230314:0030,0.0,0.0,0.0,-0.87,2.9,0.0
20230314:0130,0.0,0.0,0.0,-0.85,3.03,0.0
20230314:0230,0.0,0.0,0.0,-0.73,3.31,0.0
20230314:0330,0.0,0.0,0.0,-0.6,3.52,0.0
20230314:0430,47.72,85.09,4.89,-0.51,3.59,0.0
20230314:0530,280.22,317.63,14.59,0.26,3.52,0.0
20230314:0630,523.07,570.44,23.54,2.25,3.59,0.0
20230314:0730,710.77,783.05,31.15,3.96,4.28,0.0
20230314:0830,828.27,928.09,36.71,5.42,4.55,0.0
20230314:0930,876.25,994.59,39.44,6.58,4.48,0.0
20230314:1030,859.77,981.0,38.85,7.58,4.28,0.0
20230314:1130,781.07,887.71,35.05,8.36,4.07,0.0
20230314:1230,600.57,673.14,28.68,8.89,4.14,0.0
20230314:1330,427.93,482.71,20.53,9.04,4.14,0.0
20230314:1430,180.69,227.14,11.26,8.88,4.0,0.0
20230314:1530,1.31,8.58,1.39,7.82,3.72,0.0
20230314:1630,0.0,0.0,0.0,6.05,4.07,0.0
20230314:1730,0.0,0.0,0.0,4.99,4.21,0.0
20230314:1830,0.0,0.0,0.0,4.39,4.21,0.0
20230314:1930,0.0,0.0,0.0,5.02,5.31,0.0
20230314:2030,0.0,0.0,0.0,4.99,5.1,0.0
20230314:2130,0.0,0.0,0.0,4.84,5.03,0.0
20230314:2230,0.0,0.0,0.0,4.61,4.97,0.0
20230314:2330,0.0,0.0,0.0,4.41,4.62,0.0
20230315:0030,0.0,0.0,0.0,4.01,4.48,0.0
20230315:0130,0.0,0.0,0.0,3.69,4.34,0.0
20230315:0230,0.0,0.0,0.0,3.46,4.0,0.0
20230315:0330,0.0,0.0,0.0,3.31,3.59,0.0
20230315:0430,38.55,71.55,5.23,2.98,3.17,0.0
20230315:0530,247.17,285.42,14.95,3.15,3.31,0.0
20230315:0630,471.9,518.19,23.9,4.54,3.86,0.0
20230315:0730,674.83,748.94,31.54,6.01,4.14,0.0
20230315:0830,779.11,883.3,37.11,7.55,3.86,0.0
20230315:0930,730.68,829.78,39.84,9.01,4.07,0.0
20230315:1030,693.36,790.1,39.23,10.08,3.93,0.0
20230315:1130,548.43,621.74,35.4,10.85,3.72,0.0
20230315:1230,360.37,410.5,28.99,11.23,3.31,0.0
20230315:1330,160.27,193.49,20.81,11.34,3.24,0.0
20230315:1430,30.68,49.48,11.52,10.97,3.31,0.0
20230315:1530,0.0,3.91,1.64,9.62,3.17,0.0
20230315:1630,0.0,0.0,0.0,8.07,2.97,0.0
20230315:1730,0.0,0.0,0.0,7.09,2.9,0.0
20230315:1830,0.0,0.0,0.0,6.75,2.55,0.0
20230315:1930,0.0,0.0,0.0,6.53,2.28,0.0
20230315:2030,0.0,0.0,0.0,6.4,1.86,0.0
20230315:2130,0.0,0.0,0.0,6.32,1.38,0.0
20230315:2230,0.0,0.0,0.0,6.48,1.72,0.0
20230315:2330,0.0,0.0,0.0,6.44,2.0,0.0
20230316:0030,0.0,0.0,0.0,6.3,2.21,0.0
20230316:0130,0.0,0.0,0.0,6.33,2.48,0.0
20230316:0230,0.0,0.0,0.0,6.29,2.55,0.0
20230316:0330,0.0,0.0,-4.46,6.12,2.48,0.0
20230316:0430,2.47,10.83,5.57,5.94,2.55,0.0
20230316:0530,17.86,32.72,15.3,6.09,2.69,0.0
20230316:0630,82.55,106.45,24.27,6.33,2.55,0.0
20230316:0730,68.18,90.88,31.92,6.72,2.07,0.0
20230316:0830,67.63,90.54,37.51,7.05,1.24,0.0
20230316:0930,92.67,118.63,40.24,7.34,0.48,0.0
20230316:1030,178.61,212.16,39.61,7.79,0.34,0.0
20230316:1130,103.03,130.61,35.74,8.42,0.62,0.0
20230316:1230,92.03,117.87,29.3,8.76,1.45,0.0
20230316:1330,45.88,66.67,21.08,8.96,2.0,0.0
20230316:1430,15.6,30.2,11.77,8.97,1.93,0.0
20230316:1530,0.0,4.12,1.88,8.73,1.72,0.0
20230316:1630,0.0,0.0,0.0,8.26,1.72,0.0
20230316:1730,0.0,0.0,0.0,7.95,1.79,0.0
20230316:1830,0.0,0.0,0.0,7.64,2.0,0.0
20230316:1930,0.0,0.0,0.0,7.37,2.28,0.0
20230316:2030,0.0,0.0,0.0,7.18,2.34,0.0
20230316:2130,0.0,0.0,0.0,7.08,2.48,0.0
20230316:2230,0.0,0.0,0.0,6.94,2.62,0.0
20230316:2330,0.0,0.0,0.0,6.81,2.76,0.0
20230317:0030,0.0,0.0,0.0,6.64,2.83,0.0
20230317:0130,0.0,0.0,0.0,6.58,2.83,0.0
20230317:0230,0.0,0.0,0.0,6.54,2.83,0.0
20230317:0330,0.0,0.0,-4.12,6.47,2.97,0.0
20230317:0430,0.92,7.74,5.92,6.39,3.03,0.0
20230317:0530,17.71,32.69,15.65,6.48,3.24,0.0
20230317:0630,48.24,68.61,24.64,6.77,4.0,0.0
20230317:0730,89.22,113.78,32.31,7.29,3.66,0.0
20230317:0830,106.93,133.47,37.91,7.9,3.66,0.0
20230317:0930,164.87,195.51,40.64,8.47,3.31,0.0
20230317:1030,132.59,161.42,39.99,9.24,3.17,0.0
20230317:1130,100.45,127.54,36.09,9.6,3.1,0.0
20230317:1230,84.91,110.28,29.6,9.76,3.38,0.0
20230317:1330,48.18,69.5,21.36,9.72,3.66,0.0
20230317:1430,20.56,36.83,12.03,9.43,4.14,0.0
20230317:1530,0.0,5.3,2.13,8.87,4.48,0.0
20230317:1630,0.0,0.0,0.0,8.28,4.62,0.0
20230317:1730,0.0,0.0,0.0,7.83,4.55,0.0
20230317:1830,0.0,0.0,0.0,7.52,4.55,0.0
20230317:1930,0.0,0.0,0.0,7.37,4.48,0.0
20230317:2030,0.0,0.0,0.0,7.2,4.41,0.0
20230317:2130,0.0,0.0,0.0,6.83,4.48,0.0
20230317:2230,0.0,0.0,0.0,6.51,4.76,0.0
20230317:2330,0.0,0.0,0.0,6.07,4.76,0.0
20230318:0030,0.0,0.0,0.0,5.67,4.41,0.0
20230318:0130,0.0,0.0,0.0,5.29,3.86,0.0
20230318:0230,0.0,0.0,0.0,5.01,3.59,0.0
20230318:0330,0.0,0.0,-3.78,4.82,3.66,0.0
20230318:0430,8.43,19.97,6.26,4.71,4.0,0.0
20230318:0530,45.52,65.29,16.01,4.79,4.62,0.0
20230318:0630,136.59,162.67,25.01,5.06,5.38,0.0
20230318:0730,146.64,174.27,32.7,6.1,5.38,0.0
20230318:0830,206.25,236.01,38.31,6.39,5.1,0.0
20230318:0930,198.09,229.14,41.04,6.72,5.17,0.0
20230318:1030,218.73,250.79,40.37,7.05,5.24,0.0
20230318:1130,190.53,221.14,36.43,7.46,5.45,0.0
20230318:1230,196.32,227.43,29.91,7.68,5.52,0.0
20230318:1330,203.56,235.75,21.63,7.82,5.38,0.0
20230318:1430,87.63,116.56,12.28,7.78,5.38,0.0
20230318:1530,4.12,17.22,2.37,7.24,4.62,0.0
20230318:1630,0.0,0.0,0.0,6.46,4.41,0.0
20230318:1730,0.0,0.0,0.0,6.08,4.48,0.0
20230318:1830,0.0,0.0,0.0,5.63,4.41,0.0
20230318:1930,0.0,0.0,0.0,4.9,4.41,0.0
20230318:2030,0.0,0.0,0.0,4.48,4.07,0.0
20230318:2130,0.0,0.0,0.0,4.16,3.86,0.0
20230318:2230,0.0,0.0,0.0,4.0,3.79,0.0
20230318:2330,0.0,0.0,0.0,3.85,3.79,0.0
20230319:0030,0.0,0.0,0.0,3.67,3.72,0.0
20230319:0130,0.0,0.0,0.0,3.59,3.79,0.0
20230319:0230,0.0,0.0,0.0,3.48,3.86,0.0
20230319:0330,0.0,0.0,-3.43,3.39,3.93,0.0
20230319:0430,6.89,18.45,6.61,3.23,3.93,0.0
20230319:0530,47.1,66.74,16.36,3.28,4.07,0.0
20230319:0630,145.28,170.51,25.38,3.53,4.28,0.0
20230319:0730,137.44,163.59,33.08,4.08,4.21,0.0
20230319:0830,211.3,240.06,38.71,4.45,4.0,0.0
20230319:0930,149.45,176.87,41.44,5.02,4.0,0.0
20230319:1030,193.84,223.38,40.75,5.29,4.0,0.0
20230319:1130,202.33,232.08,36.77,5.66,4.21,0.0
20230319:1230,192.25,221.62,30.21,5.94,4.34,0.0
20230319:1330,98.41,123.3,21.91,6.13,4.41,0.0
20230319:1430,50.25,72.08,12.53,6.19,4.41,0.0
20230319:1530,1.86,10.5,2.62,6.01,4.14,0.0
20230319:1630,0.0,0.0,0.0,5.6,3.45,0.0
20230319:1730,0.0,0.0,0.0,5.34,3.24,0.0
20230319:1830,0.0,0.0,0.0,5.21,3.1,0.0
20230319:1930,0.0,0.0,0.0,4.94,3.17,0.0
20230319:2030,0.0,0.0,0.0,4.45,2.9,0.0
20230319:2130,0.0,0.0,0.0,4.44,2.97,0.0
20230319:2230,0.0,0.0,0.0,4.05,2.97,0.0
20230319:2330,0.0,0.0,0.0,3.72,2.97,0.0
20230320:0030,0.0,0.0,0.0,3.36,2.9,0.0
20230320:0130,0.0,0.0,0.0,3.24,2.97,0.0
20230320:0230,0.0,0.0,0.0,3.01,2.97,0.0
20230320:0330,0.0,0.0,-3.09,2.84,2.97,0.0
20230320:0430,23.2,43.05,6.95,2.65,3.1,0.0
20230320:0530,145.97,174.46,16.71,2.95,3.59,0.0
20230320:0630,307.24,339.52,25.75,3.6,3.72,0.0
20230320:0730,461.97,506.27,33.47,4.64,3.79,0.0
20230320:0830,492.12,544.71,39.11,5.9,3.38,0.0
20230320:0930,594.38,664.94,41.84,7.16,3.24,0.0
20230320:1030,582.63,658.9,41.13,8.24,2.69,0.0
20230320:1130,529.46,599.78,37.11,8.97,2.28,0.0
20230320:1230,440.22,500.32,30.52,9.55,2.0,0.0
20230320:1330,241.45,281.32,22.18,9.81,1.86,0.0
20230320:1430,91.94,122.86,12.79,9.78,1.93,0.0
20230320:1530,4.2,15.82,2.86,9.33,1.66,0.0
20230320:1630,0.0,0.0,0.0,8.51,1.79,0.0
20230320:1730,0.0,0.0,0.0,7.63,1.93,0.0
20230320:1830,0.0,0.0,0.0,6.98,1.86,0.0
20230320:1930,0.0,0.0,0.0,5.98,2.0,0.0
20230320:2030,0.0,0.0,0.0,5.55,1.93,0.0
20230320:2130,0.0,0.0,0.0,5.07,1.79,0.0
20230320:2230,0.0,0.0,0.0,4.48,1.59,0.0
20230320:2330,0.0,0.0,0.0,4.08,1.38,0.0
20230321:0030,0.0,0.0,0.0,4.38,1.03,0.0
20230321:0130,0.0,0.0,0.0,4.97,0.76,0.0
20230321:0230,0.0,0.0,0.0,5.06,0.62,0.0
20230321:0330,0.0,0.0,-2.74,5.01,0.48,0.0
20230321:0430,40.05,65.83,7.3,4.79,0.76,0.0
20230321:0530,176.44,209.38,17.07,4.3,0.9,0.0
20230321:0630,334.2,377.8,26.12,6.37,1.1,0.0
20230321:0730,352.88,398.16,33.86,7.64,1.72,0.0
20230321:0830,316.04,358.39,39.51,8.43,2.07,0.0
20230321:0930,196.78,231.05,42.24,8.94,2.48,0.0
20230321:1030,206.64,240.85,41.5,9.1,2.48,0.0
20230321:1130,146.85,177.43,37.45,9.39,2.48,0.0
20230321:1230,122.58,151.21,30.82,9.5,2.28,0.0
20230321:1330,85.18,110.92,22.45,9.61,2.0,0.0
20230321:1430,57.47,83.75,13.04,9.51,1.45,0.0
20230321:1530,1.77,10.44,3.1,9.1,0.97,0.0
20230321:1630,0.0,0.0,0.0,8.26,1.52,0.0
20230321:1730,0.0,0.0,0.0,7.65,1.93,0.0
20230321:1830,0.0,0.0,0.0,7.5,2.21,0.0
20230321:1930,0.0,0.0,0.0,7.19,2.48,0.0
20230321:2030,0.0,0.0,0.0,6.61,2.48,0.0
20230321:2130,0.0,0.0,0.0,6.0,2.48,0.0
20230321:2230,0.0,0.0,0.0,5.29,2.48,0.0
20230321:2330,0.0,0.0,0.0,4.7,2.34,0.0
20230322:0030,0.0,0.0,0.0,4.17,2.21,0.0
20230322:0130,0.0,0.0,0.0,3.93,1.86,0.0
20230322:0230,0.0,0.0,0.0,3.71,1.66,0.0
20230322:0330,0.0,0.0,-2.4,3.54,1.79,0.0
20230322:0430,40.61,65.25,7.65,3.54,1.66,0.0
20230322:0530,186.85,220.66,17.42,4.68,1.31,0.0
20230322:0630,407.07,460.01,26.49,7.07,1.45,0.0
20230322:0730,590.94,678.96,34.24,9.35,1.66,0.0
20230322:0830,584.11,675.45,39.91,11.01,1.72,0.0
20230322:0930,711.18,841.53,42.64,11.98,1.79,0.0
20230322:1030,533.38,620.59,41.88,12.92,1.79,0.0
20230322:1130,286.11,334.43,37.79,13.17,1.38,0.0
20230322:1230,238.54,281.68,31.12,13.0,0.9,0.0
20230322:1330,148.3,183.01,22.72,13.07,0.48,0.0
20230322:1430,83.62,115.31,13.29,12.88,0.34,0.0
20230322:1530,5.04,19.76,3.34,12.37,0.14,0.0
20230322:1630,0.0,0.0,0.0,11.34,0.62,0.0
20230322:1730,0.0,0.0,0.0,9.61,1.17,0.0
20230322:1830,0.0,0.0,0.0,8.38,1.79,0.0
20230322:1930,0.0,0.0,0.0,7.12,1.93,0.0
20230322:2030,0.0,0.0,0.0,6.14,1.86,0.0
20230322:2130,0.0,0.0,0.0,5.52,1.79,0.0
20230322:2230,0.0,0.0,0.0,4.89,1.79,0.0
20230322:2330,0.0,0.0,0.0,4.66,1.72,0.0
20230323:0030,0.0,0.0,0.0,4.23,1.72,0.0
20230323:0130,0.0,0.0,0.0,3.36,1.93,0.0
20230323:0230,0.0,0.0,0.0,3.01,2.14,0.0
20230323:0330,0.0,0.0,-2.05,2.97,2.34,0.0
20230323:0430,64.48,99.64,7.99,3.1,2.41,0.0
20230323:0530,274.24,317.08,17.78,4.88,2.14,0.0
20230323:0630,491.44,557.1,26.86,8.15,1.93,0.0
20230323:0730,664.16,772.51,34.63,10.75,1.93,0.0
20230323:0830,763.39,915.2,40.31,12.84,1.72,0.0
20230323:0930,797.89,972.32,43.04,14.25,1.66,0.0
20230323:1030,764.97,936.46,42.26,15.1,1.38,0.0
20230323:1130,609.45,730.68,38.13,15.51,1.1,0.0
20230323:1230,408.9,482.84,31.42,15.67,0.62,0.0
20230323:1330,182.01,223.3,22.99,15.62,0.48,0.0
20230323:1430,77.05,108.34,13.54,15.31,0.83,0.0
20230323:1530,6.74,25.05,3.59,14.32,1.24,0.0
20230323:1630,0.0,0.0,0.0,13.16,1.59,0.0
20230323:1730,0.0,0.0,0.0,11.38,1.72,0.0
20230323:1830,0.0,0.0,0.0,9.5,1.66,0.0
20230323:1930,0.0,0.0,0.0,8.94,1.45,0.0
20230323:2030,0.0,0.0,0.0,8.77,1.24,0.0
20230323:2130,0.0,0.0,0.0,8.69,1.1,0.0
20230323:2230,0.0,0.0,0.0,8.11,1.17,0.0
20230323:2330,0.0,0.0,0.0,6.82,1.38,0.0
20230324:0030,0.0,0.0,0.0,6.11,1.52,0.0
20230324:0130,0.0,0.0,0.0,6.55,1.31,0.0
20230324:0230,0.0,0.0,0.0,7.37,1.17,0.0
20230324:0330,0.0,0.0,-1.71,6.33,1.31,0.0
20230324:0430,72.09,114.23,8.34,6.99,0.97,0.0
20230324:0530,282.18,333.03,18.13,7.41,0.41,0.0
20230324:0630,466.48,539.53,27.22,9.74,0.69,0.0
20230324:0730,574.43,673.4,35.02,11.94,1.17,0.0
20230324:0830,590.4,696.14,40.71,13.57,1.66,0.0
20230324:0930,605.42,714.23,43.44,14.59,2.21,0.0
20230324:1030,704.2,837.92,42.63,15.28,2.62,0.0
20230324:1130,684.34,809.33,38.47,15.83,3.03,0.0
20230324:1230,559.32,653.2,31.72,16.11,3.17,0.0
20230324:1330,310.42,365.63,23.25,16.12,3.1,0.0
20230324:1430,140.56,185.91,13.78,15.74,2.34,0.0
20230324:1530,10.04,35.14,3.83,14.83,1.86,0.0
20230324:1630,0.0,0.0,0.0,13.1,2.07,0.0
20230324:1730,0.0,0.0,0.0,11.35,2.21,0.0
20230324:1830,0.0,0.0,0.0,9.82,2.41,0.0
20230324:1930,0.0,0.0,0.0,9.16,3.24,0.0
20230324:2030,0.0,0.0,0.0,8.63,3.31,0.0
20230324:2130,0.0,0.0,0.0,8.05,3.24,0.0
20230324:2230,0.0,0.0,0.0,7.59,3.03,0.0
20230324:2330,0.0,0.0,0.0,7.17,2.83,0.0
20230325:0030,0.0,0.0,0.0,6.72,2.69,0.0
20230325:0130,0.0,0.0,0.0,6.26,2.76,0.0
20230325:0230,0.0,0.0,0.0,5.98,2.83,0.0
20230325:0330,0.0,0.0,-1.36,5.76,2.9,0.0
20230325:0430,61.85,93.17,8.69,5.68,3.03,0.0
20230325:0530,201.15,236.65,18.49,6.68,3.17,0.0
20230325:0630,312.46,353.58,27.59,8.4,3.66,0.0
20230325:0730,448.71,503.43,35.4,9.26,4.28,0.0
20230325:0830,595.65,674.81,41.11,10.66,4.48,0.0
20230325:0930,643.92,735.47,43.84,11.92,4.69,0.0
20230325:1030,650.38,746.76,43.0,13.01,4.62,0.0
20230325:1130,603.66,691.82,38.8,13.83,4.69,0.0
20230325:1230,472.92,539.98,32.01,14.34,4.83,0.0
20230325:1330,281.37,328.4,23.52,14.37,4.83,0.0
20230325:1430,129.26,168.29,14.03,13.69,4.97,0.0
20230325:1530,10.86,28.11,4.06,12.31,5.45,0.0
20230325:1630,0.0,0.0,0.0,10.28,5.52,0.0
20230325:1730,0.0,0.0,0.0,8.71,5.45,0.0
20230325:1830,0.0,0.0,0.0,7.73,5.03,0.0
20230325:1930,0.0,0.0,0.0,6.8,4.83,0.0
20230325:2030,0.0,0.0,0.0,6.49,4.69,0.0
20230325:2130,0.0,0.0,0.0,6.35,4.55,0.0
20230325:2230,0.0,0.0,0.0,6.24,4.28,0.0
20230325:2330,0.0,0.0,0.0,6.19,4.34,0.0
20230326:0030,0.0,0.0,0.0,6.05,4.21,0.0
20230326:0130,0.0,0.0,0.0,5.92,3.86,0.0
20230326:0230,0.0,0.0,0.0,5.88,4.0,0.0
20230326:0330,0.0,0.0,-1.02,5.92,3.93,0.0
20230326:0430,18.13,33.43,9.03,6.0,3.86,0.0
20230326:0530,57.77,79.38,18.84,6.38,4.21,0.0
20230326:0630,134.87,162.43,27.96,6.96,4.07,0.0
20230326:0730,160.15,190.17,35.79,7.61,4.0,0.0
20230326:0830,257.7,295.01,41.51,8.41,4.21,0.0
20230326:0930,383.8,432.04,44.23,9.52,4.48,0.0
20230326:1030,238.98,277.31,43.38,10.59,4.48,0.0
20230326:1130,161.65,194.53,39.14,11.05,4.28,0.0
20230326:1230,62.75,86.52,32.31,11.19,3.66,0.0
20230326:1330,33.65,52.8,23.78,10.82,2.83,0.0
20230326:1430,17.61,32.95,14.28,10.46,1.72,0.0
20230326:1530,0.68,7.34,4.3,9.95,1.1,0.0
20230326:1630,0.0,0.0,0.0,9.41,0.97,0.0
20230326:1730,0.0,0.0,0.0,8.93,0.97,0.0
20230326:1830,0.0,0.0,0.0,8.55,0.76,0.0
20230326:1930,0.0,0.0,0.0,8.04,2.62,0.0
20230326:2030,0.0,0.0,0.0,7.6,2.62,0.0
20230326:2130,0.0,0.0,0.0,7.27,2.41,0.0
20230326:2230,0.0,0.0,0.0,7.08,2.21,0.0
20230326:2330,0.0,0.0,0.0,6.98,1.93,0.0
20230327:0030,0.0,0.0,0.0,6.88,1.66,0.0
20230327:0130,0.0,0.0,0.0,6.98,1.86,0.0
20230327:0230,0.0,0.0,0.0,6.98,1.93,0.0
20230327:0330,0.0,0.0,-0.67,6.98,2.07,0.0
20230327:0430,42.38,65.68,9.38,6.88,2.07,0.0
20230327:0530,154.76,186.7,19.19,7.34,2.97,0.0
20230327:0630,268.67,306.1,28.33,8.32,3.1,0.0
20230327:0730,364.56,410.88,36.17,9.22,2.9,0.0
20230327:0830,550.65,623.75,41.91,10.25,2.9,0.0
20230327:0930,595.35,683.22,44.63,11.5,2.83,0.0
20230327:1030,592.44,680.55,43.75,12.69,3.1,0.0
20230327:1130,585.14,675.26,39.47,13.37,3.03,0.0
20230327:1230,469.04,541.8,32.6,13.79,2.55,0.0
20230327:1330,261.04,307.53,24.05,13.94,2.69,0.0
20230327:1430,109.38,145.03,14.52,13.56,2.28,0.0
20230327:1530,11.3,31.61,4.54,12.71,2.07,0.0
20230327:1630,0.0,0.0,0.0,11.25,2.48,0.0
20230327:1730,0.0,0.0,0.0,9.89,2.97,0.0
20230327:1830,0.0,0.0,0.0,9.22,3.59,0.0
20230327:1930,0.0,0.0,0.0,9.15,4.0,0.0
20230327:2030,0.0,0.0,0.0,8.77,4.48,0.0
20230327:2130,0.0,0.0,0.0,8.35,4.55,0.0
20230327:2230,0.0,0.0,0.0,8.08,4.69,0.0
20230327:2330,0.0,0.0,0.0,7.76,4.69,0.0
20230328:0030,0.0,0.0,0.0,7.36,4.69,0.0
20230328:0130,0.0,0.0,0.0,7.0,5.03,0.0
20230328:0230,0.0,0.0,0.0,6.85,5.38,0.0
20230328:0330,0.0,0.0,-0.33,6.72,6.21,0.0
20230328:0430,69.88,105.0,9.72,6.5,6.9,0.0
20230328:0530,189.36,222.33,19.55,7.02,6.97,0.0
20230328:0630,150.48,179.42,28.69,8.12,9.52,0.0
20230328:0730,142.95,171.67,36.56,8.65,9.93,0.0
20230328:0830,281.45,316.92,42.31,9.02,8.69,0.0
20230328:0930,317.82,353.58,45.03,9.65,8.69,0.0
20230328:1030,232.5,264.77,44.12,10.11,8.07,0.0
20230328:1130,313.1,350.48,39.8,10.33,8.14,0.0
20230328:1230,66.42,90.45,32.89,11.24,8.9,0.0
20230328:1330,46.85,68.03,24.31,11.0,8.14,0.0
20230328:1430,29.98,49.25,14.76,10.75,7.17,0.0
20230328:1530,3.42,13.81,4.78,10.48,5.93,0.0
20230328:1630,0.0,0.0,0.0,9.94,4.62,0.0
20230328:1730,0.0,0.0,0.0,9.04,4.9,0.0
20230328:1830,0.0,0.0,0.0,8.08,5.45,0.0
20230328:1930,0.0,0.0,0.0,6.76,5.59,0.0
20230328:2030,0.0,0.0,0.0,5.94,5.52,0.0
20230328:2130,0.0,0.0,0.0,5.01,5.45,0.0
20230328:2230,0.0,0.0,0.0,4.21,5.24,0.0
20230328:2330,0.0,0.0,0.0,3.47,5.31,0.0
20230329:0030,0.0,0.0,0.0,2.78,5.31,0.0
20230329:0130,0.0,0.0,0.0,2.23,4.97,0.0
20230329:0230,0.0,0.0,0.0,1.91,4.83,0.0
20230329:0330,0.0,3.24,0.01,1.81,5.1,0.0
20230329:0430,28.27,47.35,10.06,1.91,5.72,0.0
20230329:0530,33.6,50.99,19.9,2.11,5.66,0.0
20230329:0630,53.17,72.93,29.06,2.19,5.59,0.0
20230329:0730,126.07,150.42,36.94,2.18,6.07,0.0
20230329:0830,226.29,253.96,42.71,2.82,5.86,0.0
20230329:0930,249.7,279.9,45.42,3.59,5.66,0.0
20230329:1030,216.03,245.04,44.49,4.19,5.59,0.0
20230329:1130,138.38,164.4,40.13,4.46,5.66,0.0
20230329:1230,123.87,148.75,33.18,4.34,5.86,0.0
20230329:1330,93.36,116.85,24.57,4.27,6.34,0.0
20230329:1430,36.89,55.74,15.01,4.09,6.69,0.0
20230329:1530,2.34,11.23,5.01,3.72,6.28,0.0
20230329:1630,0.0,0.0,0.0,3.28,5.72,0.0
20230329:1730,0.0,0.0,0.0,2.95,5.31,0.0
20230329:1830,0.0,0.0,0.0,2.8,5.1,0.0
20230329:1930,0.0,0.0,0.0,2.17,5.66,0.0
20230329:2030,0.0,0.0,0.0,1.9,5.66,0.0
20230329:2130,0.0,0.0,0.0,1.51,4.97,0.0
20230329:2230,0.0,0.0,0.0,1.39,4.62,0.0
20230329:2330,0.0,0.0,0.0,1.24,4.41,0.0
20230330:0030,0.0,0.0,0.0,1.03,4.9,0.0
20230330:0130,0.0,0.0,0.0,0.94,5.03,0.0
20230330:0230,0.0,0.0,0.0,1.0,4.97,0.0
20230330:0330,0.0,4.2,0.36,1.0,4.9,0.0
20230330:0430,29.53,46.59,10.41,0.98,4.76,0.0
20230330:0530,81.62,103.39,20.25,1.04,5.24,0.0
20230330:0630,110.96,134.19,29.42,1.39,5.59,0.0
20230330:0730,124.73,148.57,37.32,1.67,5.45,0.0
20230330:0830,111.08,134.84,43.1,2.09,5.1,0.0
20230330:0930,151.77,177.33,45.81,2.42,5.17,0.0
20230330:1030,160.79,186.74,44.86,2.88,5.45,0.0
20230330:1130,116.99,141.5,40.46,3.19,5.31,0.0
20230330:1230,67.49,88.93,33.47,3.48,5.03,0.0
20230330:1330,59.62,80.47,24.83,3.57,4.83,0.0
20230330:1430,25.91,42.21,15.25,3.57,4.9,0.0
20230330:1530,3.58,12.54,5.25,3.45,4.14,0.0
20230330:1630,0.0,0.0,0.0,3.29,4.21,0.0
20230330:1730,0.0,0.0,0.0,3.31,4.14,0.0
20230330:1830,0.0,0.0,0.0,3.44,4.07,0.0
20230330:1930,0.0,0.0,0.0,3.16,4.21,0.0
20230330:2030,0.0,0.0,0.0,3.25,4.62,0.0
20230330:2130,0.0,0.0,0.0,3.16,4.83,0.0
20230330:2230,0.0,0.0,0.0,2.72,5.03,0.0
20230330:2330,0.0,0.0,0.0,2.21,4.9,0.0
20230331:0030,0.0,0.0,0.0,1.51,4.34,0.0
20230331:0130,0.0,0.0,0.0,0.86,4.21,0.0
20230331:0230,0.0,0.0,0.0,0.43,4.28,0.0
20230331:0330,0.89,7.53,0.7,0.03,4.14,0.0
20230331:0430,104.94,149.73,10.75,-0.09,4.07,0.0
20230331:0530,354.74,395.08,20.59,1.03,4.28,0.0
20230331:0630,584.37,636.03,29.78,2.75,4.48,0.0
20230331:0730,716.27,789.78,37.7,4.05,4.41,0.0
20230331:0830,585.56,645.72,43.5,5.56,4.21,0.0
20230331:0930,471.4,523.86,46.21,6.59,4.21,0.0
20230331:1030,658.3,736.1,45.22,7.43,4.55,0.0
20230331:1130,392.6,437.03,40.78,8.54,5.1,0.0
20230331:1230,221.63,254.04,33.76,8.91,5.1,0.0
20230331:1330,146.93,176.88,25.08,8.95,4.34,0.0
20230331:1430,92.68,122.7,15.49,9.01,3.86,0.0
20230331:1530,7.71,25.43,5.48,8.86,3.86,0.0
20230331:1630,0.0,0.0,0.0,8.25,4.76,0.0
20230331:1730,0.0,0.0,0.0,7.65,5.66,0.0
20230331:1830,0.0,0.0,0.0,7.07,5.93,0.0
20230331:1930,0.0,0.0,0.0,6.47,6.07,0.0
20230331:2030,0.0,0.0,0.0,5.7,5.93,0.0
20230331:2130,0.0,0.0,0.0,5.24,5.86,0.0
20230331:2230,0.0,0.0,0.0,4.95,5.79,0.0
20230331:2330,0.0,0.0,0.0,4.82,5.72,0.0
20230401:0030,0.0,0.0,0.0,4.84,5.66,0.0
20230401:0130,0.0,0.0,0.0,4.87,5.59,0.0
20230401:0230,0.0,0.0,0.0,5.05,5.38,0.0
20230401:0330,0.0,4.54,1.04,5.2,5.24,0.0
20230401:0430,17.49,32.17,11.09,5.34,5.17,0.0
20230401:0530,37.3,55.97,20.94,5.71,5.17,0.0
20230401:0630,46.73,66.68,30.14,6.0,4.9,0.0
20230401:0730,76.47,99.79,38.08,6.46,5.24,0.0
20230401:0830,120.33,146.35,43.89,7.05,5.72,0.0
20230401:0930,108.95,135.19,46.6,7.7,5.93,0.0
20230401:1030,82.78,107.37,45.59,8.05,5.72,0.0
20230401:1130,84.05,108.64,41.11,8.18,5.24,0.0
20230401:1230,52.76,74.25,34.04,8.39,5.17,0.0
20230401:1330,53.6,75.17,25.34,8.41,4.83,0.0
20230401:1430,22.2,38.54,15.72,8.45,4.9,0.0
20230401:1530,3.33,12.32,5.71,8.25,5.38,0.0
20230401:1630,0.0,0.0,0.0,7.94,5.52,0.0
20230401:1730,0.0,0.0,0.0,7.75,5.79,0.0
20230401:1830,0.0,0.0,0.0,7.62,5.79,0.0
20230401:1930,0.0,0.0,0.0,7.01,5.45,0.0
20230401:2030,0.0,0.0,0.0,6.58,5.38,0.0
20230401:2130,0.0,0.0,0.0,6.35,5.59,0.0
20230401:2230,0.0,0.0,0.0,5.89,5.59,0.0
20230401:2330,0.0,0.0,0.0,5.71,5.45,0.0
20230402:0030,0.0,0.0,0.0,5.64,5.24,0.0
20230402:0130,0.0,0.0,0.0,5.59,5.03,0.0
20230402:0230,0.0,0.0,0.0,5.57,4.97,0.0
20230402:0330,1.09,8.07,1.38,5.59,5.1,0.0
20230402:0430,41.55,64.54,11.43,5.79,5.31,0.0
20230402:0530,59.35,81.09,21.29,6.33,5.24,0.0
20230402:0630,115.1,141.54,30.5,6.93,5.03,0.0
20230402:0730,171.04,201.8,38.45,7.89,5.24,0.0
20230402:0830,104.33,130.92,44.28,8.95,5.72,0.0
20230402:0930,139.96,169.68,46.99,9.17,5.03,0.0
20230402:1030,190.18,223.85,45.95,9.95,5.31,0.0
20230402:1130,177.78,211.0,41.43,10.73,5.31,0.0
20230402:1230,92.42,119.17,34.32,10.75,5.38,0.0
20230402:1330,42.6,62.94,25.59,9.93,5.59,0.0
20230402:1430,24.15,41.09,15.96,8.62,5.24,0.0
20230402:1530,2.46,11.94,5.95,7.97,5.59,0.0
20230402:1630,0.0,0.0,-4.04,7.63,5.45,0.0
20230402:1730,0.0,0.0,0.0,7.5,5.38,0.0
20230402:1830,0.0,0.0,0.0,7.53,5.1,0.0
20230402:1930,0.0,0.0,0.0,7.71,4.83,0.0
20230402:2030,0.0,0.0,0.0,7.43,4.21,0.0
20230402:2130,0.0,0.0,0.0,7.01,3.59,0.0
20230402:2230,0.0,0.0,0.0,6.82,3.24,0.0
20230402:2330,0.0,0.0,0.0,6.81,3.1,0.0
20230403:0030,0.0,0.0,0.0,6.71,3.03,0.0
20230403:0130,0.0,0.0,0.0,6.88,3.03,0.0
20230403:0230,0.0,0.0,0.0,6.97,2.97,0.0
20230403:0330,0.0,1.93,1.71,7.04,2.76,0.0
20230403:0430,3.76,13.0,11.76,7.08,2.41,0.0
20230403:0530,11.33,24.23,21.63,7.3,1.72,0.0
20230403:0630,20.27,35.89,30.86,7.65,1.72,0.0
20230403:0730,33.79,52.4,38.83,8.11,3.59,0.0
20230403:0830,53.76,75.4,44.67,8.16,3.93,0.0
20230403:0930,106.63,133.74,47.37,8.66,4.14,0.0
20230403:1030,147.79,178.36,46.31,9.56,4.21,0.0
20230403:1130,216.04,250.49,41.75,10.4,4.34,0.0
20230403:1230,108.26,136.31,34.6,11.06,4.28,0.0
20230403:1330,80.5,105.99,25.85,11.08,4.21,0.0
20230403:1430,39.2,62.0,16.2,10.6,4.48,0.0
20230403:1530,4.63,17.0,6.18,9.96,4.48,0.0
20230403:1630,0.0,0.0,-3.8,9.26,4.07,0.0
20230403:1730,0.0,0.0,0.0,8.83,3.79,0.0
20230403:1830,0.0,0.0,0.0,8.51,3.45,0.0
20230403:1930,0.0,0.0,0.0,8.1,3.86,0.0
20230403:2030,0.0,0.0,0.0,7.92,3.79,0.0
20230403:2130,0.0,0.0,0.0,7.8,3.72,0.0
20230403:2230,0.0,0.0,0.0,7.67,3.59,0.0
20230403:2330,0.0,0.0,0.0,7.53,2.9,0.0
20230404:0030,0.0,0.0,0.0,7.24,2.69,0.0
20230404:0130,0.0,0.0,0.0,7.06,2.14,0.0
20230404:0230,0.0,0.0,0.0,6.79,1.66,0.0
20230404:0330,1.12,8.16,2.05,6.59,1.52,0.0
20230404:0430,31.43,50.25,12.1,6.63,1.17,0.0
20230404:0530,81.24,106.02,21.97,7.25,0.76,0.0
20230404:0630,288.61,332.92,31.22,8.13,0.21,0.0
20230404:0730,363.33,416.29,39.2,9.53,1.24,0.0
20230404:0830,382.69,439.13,45.06,10.51,1.45,0.0
20230404:0930,453.21,521.38,47.76,11.26,1.86,0.0
20230404:1030,468.48,541.35,46.67,12.05,1.72,0.0
20230404:1130,519.35,607.02,42.07,12.9,1.38,0.0
20230404:1230,330.88,387.97,34.88,13.67,1.24,0.0
20230404:1330,216.94,260.27,26.1,14.04,1.38,0.0
20230404:1430,86.85,116.65,16.43,14.24,1.52,0.0
20230404:1530,16.77,33.07,6.41,13.69,1.66,0.0
20230404:1630,0.0,0.0,-3.57,12.41,2.76,0.0
20230404:1730,0.0,0.0,0.0,11.17,3.59,0.0
20230404:1830,0.0,0.0,0.0,10.42,4.55,0.0
20230404:1930,0.0,0.0,0.0,10.47,4.76,0.0
20230404:2030,0.0,0.0,0.0,10.18,5.1,0.0
20230404:2130,0.0,0.0,0.0,9.93,5.31,0.0
20230404:2230,0.0,0.0,0.0,9.62,5.59,0.0
20230404:2330,0.0,0.0,0.0,9.45,5.86,0.0
20230405:0030,0.0,0.0,0.0,9.17,5.66,0.0
20230405:0130,0.0,0.0,0.0,8.87,5.52,0.0
20230405:0230,0.0,0.0,0.0,8.58,5.59,0.0
20230405:0330,4.26,13.88,2.38,8.5,6.07,0.0
20230405:0430,104.42,148.66,12.43,8.42,6.34,0.0
20230405:0530,310.07,357.14,22.31,9.4,5.79,0.0
20230405:0630,383.36,431.36,31.57,10.95,6.41,0.0
20230405:0730,334.33,380.99,39.57,12.67,6.97,0.0
20230405:0830,338.28,388.31,45.44,13.55,6.76,0.0
20230405:0930,307.8,356.38,48.15,14.22,6.48,0.0
20230405:1030,177.99,214.58,47.03,14.19,6.0,0.0
20230405:1130,129.27,160.89,42.38,13.33,5.79,0.0
20230405:1230,175.86,209.6,35.16,12.34,5.59,0.0
20230405:1330,111.13,139.95,26.35,11.92,5.38,0.0
20230405:1430,90.64,121.15,16.67,11.77,5.45,0.0
20230405:1530,17.39,35.79,6.64,12.21,5.59,0.0
20230405:1630,0.0,0.0,-3.33,12.08,5.72,0.0
20230405:1730,0.0,0.0,0.0,11.7,5.86,0.0
20230405:1830,0.0,0.0,0.0,11.31,5.79,0.0
20230405:1930,0.0,0.0,0.0,10.7,4.62,0.0
20230405:2030,0.0,0.0,0.0,10.08,4.34,0.0
20230405:2130,0.0,0.0,0.0,9.53,4.14,0.0
20230405:2230,0.0,0.0,0.0,8.83,3.72,0.0
20230405:2330,0.0,0.0,0.0,8.51,3.24,0.0
20230406:0030,0.0,0.0,0.0,8.59,2.9,0.0
20230406:0130,0.0,0.0,0.0,8.47,2.9,0.0
20230406:0230,0.0,0.0,0.0,8.4,3.1,0.0
20230406:0330,0.0,4.54,2.71,8.35,3.38,0.0
20230406:0430,13.71,27.53,12.76,8.35,3.59,0.0
20230406:0530,38.74,58.38,22.65,8.53,4.55,0.0
20230406:0630,75.38,99.47,31.92,8.77,4.34,0.0
20230406:0730,152.81,182.84,39.94,8.86,3.45,0.0
20230406:0830,132.67,161.93,45.83,9.22,3.38,0.0
20230406:0930,130.78,159.92,48.53,9.49,3.31,0.0
20230406:1030,134.78,165.27,47.39,9.99,3.72,0.0
20230406:1130,121.83,151.39,42.7,10.55,4.0,0.0
20230406:1230,85.73,111.33,35.44,10.69,4.14,0.0
20230406:1330,64.57,88.29,26.59,10.38,3.52,0.0
20230406:1430,37.02,56.91,16.9,10.09,2.97,0.0
20230406:1530,10.17,23.04,6.87,9.71,2.14,0.0
20230406:1630,0.0,0.0,-3.09,9.29,1.86,0.0
20230406:1730,0.0,0.0,0.0,8.68,1.79,0.0
20230406:1830,0.0,0.0,0.0,8.14,1.86,0.0
20230406:1930,0.0,0.0,0.0,7.19,1.93,0.0
20230406:2030,0.0,0.0,0.0,6.99,1.86,0.0
20230406:2130,0.0,0.0,0.0,6.77,2.07,0.0
20230406:2230,0.0,0.0,0.0,6.5,2.21,0.0
20230406:2330,0.0,0.0,0.0,6.33,2.28,0.0
20230407:0030,0.0,0.0,0.0,6.18,2.34,0.0
20230407:0130,0.0,0.0,0.0,6.04,2.41,0.0
20230407:0230,0.0,0.0,0.0,5.99,2.48,0.0
20230407:0330,1.07,8.03,3.04,5.89,2.62,0.0
20230407:0430,33.0,53.35,13.09,6.04,2.76,0.0
20230407:0530,97.3,122.94,22.99,6.48,3.24,0.0
20230407:0630,141.02,169.77,32.27,7.11,3.38,0.0
20230407:0730,252.28,287.58,40.31,7.53,3.86,0.0
20230407:0830,254.28,292.1,46.21,8.75,3.79,0.0
20230407:0930,362.74,409.81,48.91,9.59,3.66,0.0
20230407:1030,292.55,335.36,47.74,10.64,3.45,0.0
20230407:1130,223.07,260.22,43.01,11.16,2.9,0.0
20230407:1230,172.15,205.76,35.71,11.22,2.9,0.0
20230407:1330,145.63,177.85,26.84,11.39,2.9,0.0
20230407:1430,77.4,104.2,17.13,11.43,3.24,0.0
20230407:1530,20.63,37.94,7.1,11.03,3.38,0.0
20230407:1630,0.0,0.0,-2.86,10.2,3.45,0.0
20230407:1730,0.0,0.0,0.0,9.44,3.52,0.0
20230407:1830,0.0,0.0,0.0,9.24,3.52,0.0
20230407:1930,0.0,0.0,0.0,8.97,1.93,0.0
20230407:2030,0.0,0.0,0.0,8.27,1.66,0.0
20230407:2130,0.0,0.0,0.0,7.66,1.93,0.0
20230407:2230,0.0,0.0,0.0,6.97,2.28,0.0
20230407:2330,0.0,0.0,0.0,6.67,2.28,0.0
20230408:0030,0.0,0.0,0.0,6.63,2.41,0.0
20230408:0130,0.0,0.0,0.0,6.37,2.69,0.0
20230408:0230,0.0,0.0,0.0,6.34,2.83,0.0
20230408:0330,5.62,15.94,3.37,6.43,2.97,0.0
20230408:0430,55.0,78.8,13.42,6.69,2.97,0.0
20230408:0530,212.7,248.9,23.32,7.45,2.9,0.0
20230408:0630,479.2,540.8,32.61,9.07,2.97,0.0
20230408:0730,579.63,664.2,40.67,11.52,3.1,0.0
20230408:0830,643.18,749.5,46.59,13.13,2.83,0.0
20230408:0930,634.32,744.11,49.29,14.48,2.76,0.0
20230408:1030,463.43,536.17,48.09,15.17,3.24,0.0
20230408:1130,382.41,443.03,43.32,15.46,3.03,0.0
20230408:1230,291.95,343.31,35.98,15.47,2.55,0.0
20230408:1330,105.08,136.18,27.08,15.28,2.21,0.0
20230408:1430,71.45,99.74,17.36,13.98,1.93,0.0
20230408:1530,9.43,22.56,7.32,12.97,0.41,0.0
20230408:1630,0.0,0.0,-2.63,11.95,2.07,0.0
20230408:1730,0.0,0.0,0.0,11.1,2.41,0.0
20230408:1830,0.0,0.0,0.0,10.55,2.48,0.0
20230408:1930,0.0,0.0,0.0,10.1,2.0,0.0
20230408:2030,0.0,0.0,0.0,9.57,2.14,0.0
20230408:2130,0.0,0.0,0.0,9.0,2.48,0.0
20230408:2230,0.0,0.0,0.0,8.68,2.55,0.0
20230408:2330,0.0,0.0,0.0,8.11,2.48,0.0
20230409:0030,0.0,0.0,0.0,7.85,2.34,0.0
20230409:0130,0.0,0.0,0.0,7.37,2.28,0.0
20230409:0230,0.0,0.0,0.0,7.12,2.48,0.0
20230409:0330,6.75,17.66,3.7,6.72,2.62,0.0
20230409:0430,88.76,121.54,13.74,7.06,2.62,0.0
20230409:0530,214.82,251.51,23.65,8.1,3.52,0.0
20230409:0630,299.77,341.8,32.96,9.33,3.31,0.0
20230409:0730,352.05,397.35,41.04,10.56,3.59,0.0
20230409:0830,357.2,406.82,46.97,11.37,3.17,0.0
20230409:0930,336.2,385.41,49.66,12.18,2.9,0.0
20230409:1030,434.47,498.09,48.44,12.67,2.97,0.0
20230409:1130,313.15,361.58,43.63,13.31,3.24,0.0
20230409:1230,346.24,396.65,36.25,13.11,3.52,0.0
20230409:1330,227.12,268.03,27.33,13.27,3.66,0.0
20230409:1430,77.69,107.61,17.59,12.49,4.14,0.0
20230409:1530,17.44,37.92,7.55,11.92,3.93,0.0
20230409:1630,0.0,0.0,-2.39,11.24,3.72,0.0
20230409:1730,0.0,0.0,0.0,10.56,3.79,0.0
20230409:1830,0.0,0.0,0.0,9.73,3.86,0.0
20230409:1930,0.0,0.0,0.0,9.29,3.66,0.0
20230409:2030,0.0,0.0,0.0,8.71,3.31,0.0
20230409:2130,0.0,0.0,0.0,8.15,2.9,0.0
20230409:2230,0.0,0.0,0.0,7.8,2.34,0.0
20230409:2330,0.0,0.0,0.0,7.45,1.86,0.0
20230410:0030,0.0,0.0,0.0,7.27,1.79,0.0
20230410:0130,0.0,0.0,0.0,7.05,2.21,0.0
20230410:0230,0.0,0.0,0.0,6.9,2.55,0.0
20230410:0330,5.1,15.14,4.02,6.56,2.69,0.0
20230410:0430,99.24,139.38,14.06,7.1,2.62,0.0
20230410:0530,226.18,265.08,23.98,8.61,2.83,0.0
20230410:0630,319.97,363.81,33.3,10.42,3.31,0.0
20230410:0730,429.32,484.43,41.39,11.34,3.52,0.0
20230410:0830,430.07,487.66,47.34,12.33,3.72,0.0
20230410:0930,514.38,585.23,50.04,13.08,4.14,0.0
20230410:1030,426.5,487.12,48.79,14.0,4.69,0.0
20230410:1130,386.54,441.94,43.93,14.53,4.62,0.0
20230410:1230,262.69,306.58,36.52,14.92,4.83,0.0
20230410:1330,123.76,156.16,27.57,15.0,4.55,0.0
20230410:1430,52.21,76.21,17.81,14.89,3.86,0.0
20230410:1530,13.91,29.28,7.77,14.28,3.52,0.0
20230410:1630,0.0,0.0,-2.16,13.46,3.59,0.0
20230410:1730,0.0,0.0,0.0,12.56,3.66,0.0
20230410:1830,0.0,0.0,0.0,11.87,4.0,0.0
20230410:1930,0.0,0.0,0.0,11.74,4.55,0.0
20230410:2030,0.0,0.0,0.0,11.22,4.62,0.0
20230410:2130,0.0,0.0,0.0,10.87,5.17,0.0
20230410:2230,0.0,0.0,0.0,10.45,5.59,0.0
20230410:2330,0.0,0.0,0.0,9.98,5.93,0.0
20230411:0030,0.0,0.0,0.0,9.66,6.28,0.0
20230411:0130,0.0,0.0,0.0,9.67,6.62,0.0
20230411:0230,0.0,0.0,0.0,9.7,6.9,0.0
20230411:0330,6.66,17.7,4.34,9.71,6.97,0.0
20230411:0430,50.65,73.88,14.38,9.8,6.97,0.0
20230411:0530,199.33,235.48,24.3,10.27,6.97,0.0
20230411:0630,209.39,245.23,33.64,11.06,6.83,0.0
20230411:0730,486.24,545.12,41.75,11.84,7.59,0.0
20230411:0830,448.93,505.59,47.71,13.23,7.86,0.0
20230411:0930,163.62,198.96,50.41,14.13,7.93,0.0
20230411:1030,331.56,377.82,49.13,13.88,6.9,0.0
20230411:1130,350.03,399.65,44.24,14.19,7.38,0.0
20230411:1230,275.99,318.85,36.78,14.6,7.59,0.0
20230411:1330,163.66,199.46,27.81,15.07,7.31,0.0
20230411:1430,42.49,64.55,18.04,14.68,6.28,0.0
20230411:1530,9.93,23.09,8.0,14.16,5.72,0.0
20230411:1630,0.0,0.0,-1.93,13.71,5.66,0.0
20230411:1730,0.0,0.0,0.0,13.09,5.45,0.0
20230411:1830,0.0,0.0,0.0,12.45,4.83,0.0
20230411:1930,0.0,0.0,0.0,11.56,4.48,0.0
20230411:2030,0.0,0.0,0.0,11.05,4.21,0.0
20230411:2130,0.0,0.0,0.0,10.87,3.59,0.0
20230411:2230,0.0,0.0,0.0,10.79,3.45,0.0
20230411:2330,0.0,0.0,0.0,10.61,3.72,0.0
20230412:0030,0.0,0.0,0.0,10.42,4.07,0.0
20230412:0130,0.0,0.0,0.0,10.29,4.28,0.0
20230412:0230,0.0,0.0,0.0,10.14,4.41,0.0
20230412:0330,0.81,7.57,4.66,10.02,4.41,0.0
20230412:0430,21.78,38.81,14.7,9.95,4.48,0.0
20230412:0530,35.25,54.53,24.62,10.15,4.69,0.0
20230412:0630,46.96,68.25,33.97,10.39,4.55,0.0
20230412:0730,30.51,49.14,42.1,11.52,3.86,0.0
20230412:0830,33.39,52.62,48.08,11.62,4.14,0.0
20230412:0930,41.47,62.22,50.78,11.69,3.86,0.0
20230412:1030,55.58,78.64,49.48,11.99,3.72,0.0
20230412:1130,53.12,75.94,44.54,12.38,3.66,0.0
20230412:1230,54.59,77.68,37.05,12.81,3.1,0.0
20230412:1330,28.31,46.78,28.04,13.17,2.76,0.0
20230412:1430,8.28,20.33,18.27,12.91,2.62,0.0
20230412:1530,2.68,11.37,8.22,12.6,2.34,0.0
20230412:1630,0.0,0.0,-1.69,12.23,2.07,0.0
20230412:1730,0.0,0.0,0.0,11.72,1.66,0.0
20230412:1830,0.0,0.0,0.0,11.39,1.72,0.0
20230412:1930,0.0,0.0,0.0,11.12,2.21,0.0
20230412:2030,0.0,0.0,0.0,10.92,2.0,0.0
20230412:2130,0.0,0.0,0.0,10.69,1.93,0.0
20230412:2230,0.0,0.0,0.0,10.43,2.0,0.0
20230412:2330,0.0,0.0,0.0,10.12,2.48,0.0
20230413:0030,0.0,0.0,0.0,9.7,2.9,0.0
20230413:0130,0.0,0.0,0.0,9.36,3.17,0.0
20230413:0230,0.0,0.0,0.0,9.07,3.03,0.0
20230413:0330,5.22,15.43,4.97,8.77,2.83,0.0
20230413:0430,47.44,70.74,15.01,8.67,2.62,0.0
20230413:0530,110.52,138.75,24.94,8.97,3.31,0.0
20230413:0630,122.66,151.58,34.3,9.52,3.24,0.0
20230413:0730,126.67,156.41,42.46,10.25,3.24,0.0
20230413:0830,124.24,153.93,48.45,10.74,2.97,0.0
20230413:0930,129.91,160.96,51.15,11.24,3.31,0.0
20230413:1030,203.72,241.1,49.82,11.76,3.79,0.0
20230413:1130,154.62,188.4,44.84,12.81,3.86,0.0
20230413:1230,111.29,140.92,37.31,13.23,3.59,0.0
20230413:1330,77.59,103.94,28.28,13.41,3.31,0.0
20230413:1430,43.15,65.28,18.49,13.42,2.97,0.0
20230413:1530,12.36,26.45,8.44,13.25,2.62,0.0
20230413:1630,0.0,0.0,-1.46,12.64,2.48,0.0
20230413:1730,0.0,0.0,0.0,12.0,2.62,0.0
20230413:1830,0.0,0.0,0.0,11.36,2.62,0.0
20230413:1930,0.0,0.0,0.0,10.69,3.03,0.0
20230413:2030,0.0,0.0,0.0,10.4,3.17,0.0
20230413:2130,0.0,0.0,0.0,10.06,3.03,0.0
20230413:2230,0.0,0.0,0.0,9.86,3.1,0.0
20230413:2330,0.0,0.0,0.0,9.65,3.24,0.0
20230414:0030,0.0,0.0,0.0,9.45,3.52,0.0
20230414:0130,0.0,0.0,0.0,9.24,3.66,0.0
20230414:0230,0.0,0.0,0.0,9.2,3.79,0.0
20230414:0330,1.61,9.21,5.28,9.05,3.86,0.0
20230414:0430,15.71,30.3,15.32,9.2,4.0,0.0
20230414:0530,41.2,61.35,25.26,9.47,4.69,0.0
20230414:0630,89.83,115.32,34.63,9.86,4.69,0.0
20230414:0730,110.69,138.84,42.8,10.41,4.83,0.0
20230414:0830,169.93,202.39,48.82,10.88,4.48,0.0
20230414:0930,149.12,180.82,51.51,11.29,4.55,0.0
20230414:1030,143.81,175.86,50.15,11.39,4.28,0.0
20230414:1130,157.11,189.96,45.13,11.64,4.0,0.0
20230414:1230,133.17,164.73,37.57,11.91,3.93,0.0
20230414:1330,96.28,124.34,28.51,12.07,3.52,0.0
20230414:1430,46.69,69.41,18.71,11.94,2.9,0.0
20230414:1530,10.3,24.41,8.66,11.57,2.83,0.0
20230414:1630,0.0,0.0,-1.23,10.81,3.03,0.0
20230414:1730,0.0,0.0,0.0,10.11,3.45,0.0
20230414:1830,0.0,0.0,0.0,9.53,3.45,0.0
20230414:1930,0.0,0.0,0.0,8.61,3.24,0.0
20230414:2030,0.0,0.0,0.0,8.29,3.59,0.0
20230414:2130,0.0,0.0,0.0,8.01,3.66,0.0
20230414:2230,0.0,0.0,0.0,7.74,3.17,0.0
20230414:2330,0.0,0.0,0.0,7.44,2.9,0.0
20230415:0030,0.0,0.0,0.0,6.81,2.97,0.0
20230415:0130,0.0,0.0,0.0,6.22,3.31,0.0
20230415:0230,0.0,0.0,-4.16,5.65,3.38,0.0
20230415:0330,11.17,23.84,5.59,5.41,3.38,0.0
20230415:0430,96.23,131.03,15.63,5.74,3.72,0.0
20230415:0530,242.4,278.86,25.57,6.78,4.83,0.0
20230415:0630,325.77,365.39,34.96,7.83,4.76,0.0
20230415:0730,259.87,296.81,43.15,8.44,4.41,0.0
20230415:0830,353.49,399.5,49.18,9.05,4.14,0.0
20230415:0930,355.33,403.96,51.87,9.82,4.21,0.0
20230415:1030,355.51,404.61,50.49,10.49,4.0,0.0
20230415:1130,284.58,328.26,45.43,10.97,3.79,0.0
20230415:1230,236.29,275.45,37.83,11.28,3.86,0.0
20230415:1330,171.23,205.74,28.75,11.52,4.07,0.0
20230415:1430,104.43,135.09,18.93,11.53,4.62,0.0
20230415:1530,28.4,50.67,8.88,11.28,4.76,0.0
20230415:1630,0.0,0.0,-1.01,10.73,4.55,0.0
20230415:1730,0.0,0.0,0.0,9.87,4.62,0.0
20230415:1830,0.0,0.0,0.0,9.33,4.76,0.0
20230415:1930,0.0,0.0,0.0,8.04,5.17,0.0
20230415:2030,0.0,0.0,0.0,7.55,5.38,0.0
20230415:2130,0.0,0.0,0.0,7.09,5.38,0.0
20230415:2230,0.0,0.0,0.0,6.61,5.1,0.0
20230415:2330,0.0,0.0,0.0,6.34,5.1,0.0
20230416:0030,0.0,0.0,0.0,6.06,5.1,0.0
20230416:0130,0.0,0.0,0.0,5.78,5.03,0.0
20230416:0230,0.0,0.0,-3.85,5.39,4.9,0.0
20230416:0330,12.97,26.24,5.9,5.13,4.9,0.0
20230416:0430,126.71,169.71,15.93,5.43,4.69,0.0
20230416:0530,336.51,380.15,25.88,6.38,5.59,0.0
20230416:0630,508.68,561.87,35.28,7.69,5.79,0.0
20230416:0730,612.41,682.31,43.49,9.01,5.52,0.0
20230416:0830,696.85,786.56,49.54,10.36,5.59,0.0
20230416:0930,761.42,870.47,52.23,11.63,5.59,0.0
20230416:1030,752.12,863.91,50.82,12.71,5.45,0.0
20230416:1130,705.79,811.37,45.72,13.49,5.17,0.0
20230416:1230,586.17,670.95,38.08,14.06,4.9,0.0
20230416:1330,403.63,466.96,28.98,14.23,4.69,0.0
20230416:1430,187.22,238.62,19.15,14.03,4.55,0.0
20230416:1530,33.62,63.52,9.1,13.36,3.93,0.0
20230416:1630,0.0,0.0,-0.78,11.97,4.07,0.0
20230416:1730,0.0,0.0,0.0,10.6,4.41,0.0
20230416:1830,0.0,0.0,0.0,9.75,4.76,0.0
20230416:1930,0.0,0.0,0.0,8.82,4.97,0.0
20230416:2030,0.0,0.0,0.0,8.18,5.1,0.0
20230416:2130,0.0,0.0,0.0,7.48,5.24,0.0
20230416:2230,0.0,0.0,0.0,6.81,5.1,0.0
20230416:2330,0.0,0.0,0.0,6.22,5.17,0.0
20230417:0030,0.0,0.0,0.0,5.74,5.24,0.0
20230417:0130,0.0,0.0,0.0,5.33,5.24,0.0
20230417:0230,0.0,0.0,-3.54,4.99,5.31,0.0
20230417:0330,13.61,27.04,6.2,4.67,5.52,0.0
20230417:0430,145.6,193.73,16.23,4.95,5.86,0.0
20230417:0530,376.29,422.4,26.18,6.0,6.21,0.0
20230417:0630,598.66,658.75,35.6,7.47,6.97,0.0
20230417:0730,737.01,819.87,43.82,9.46,7.66,0.0
20230417:0830,834.67,943.87,49.89,11.07,7.66,0.0
20230417:0930,874.35,1000.34,52.59,12.62,7.59,0.0
20230417:1030,850.89,977.68,51.15,13.94,7.59,0.0
20230417:1130,770.97,883.21,46.01,14.84,7.52,0.0
20230417:1230,598.67,681.59,38.33,15.34,7.52,0.0
20230417:1330,385.55,444.93,29.21,15.27,7.31,0.0
20230417:1430,162.08,206.69,19.37,14.86,6.48,0.0
20230417:1530,36.06,60.24,9.32,14.0,5.93,0.0
20230417:1630,0.0,0.0,-0.55,12.88,5.79,0.0
20230417:1730,0.0,0.0,0.0,11.96,5.79,0.0
20230417:1830,0.0,0.0,0.0,11.33,5.86,0.0
20230417:1930,0.0,0.0,0.0,10.65,5.72,0.0
20230417:2030,0.0,0.0,0.0,10.22,5.31,0.0
20230417:2130,0.0,0.0,0.0,9.74,4.97,0.0
20230417:2230,0.0,0.0,0.0,9.33,4.97,0.0
20230417:2330,0.0,0.0,0.0,9.07,5.1,0.0
20230418:0030,0.0,0.0,0.0,8.87,5.1,0.0
20230418:0130,0.0,0.0,0.0,8.52,5.1,0.0
20230418:0230,0.0,0.0,-3.23,8.21,5.1,0.0
20230418:0330,15.21,29.43,6.5,7.67,4.97,0.0
20230418:0430,125.39,169.2,16.53,7.73,4.9,0.0
20230418:0530,343.16,391.16,26.49,8.32,5.24,0.0
20230418:0630,521.71,581.61,35.91,9.26,5.45,0.0
20230418:0730,724.14,818.26,44.16,10.39,5.38,0.0
20230418:0830,807.12,930.47,50.24,11.71,4.83,0.0
20230418:0930,831.12,972.19,52.94,12.99,4.41,0.0
20230418:1030,782.82,919.06,51.47,14.08,4.07,0.0
20230418:1130,710.31,831.49,46.29,14.95,3.86,0.0
20230418:1230,557.23,646.64,38.58,15.63,3.86,0.0
20230418:1330,364.14,426.78,29.43,15.91,3.93,0.0
20230418:1430,171.89,221.08,19.59,15.82,4.0,0.0
20230418:1530,37.4,62.65,9.54,15.31,3.45,0.0
20230418:1630,0.0,0.0,-0.33,14.23,3.59,0.0
20230418:1730,0.0,0.0,0.0,13.0,3.59,0.0
20230418:1830,0.0,0.0,0.0,12.09,3.38,0.0
20230418:1930,0.0,0.0,0.0,11.38,2.9,0.0
20230418:2030,0.0,0.0,0.0,10.76,3.03,0.0
20230418:2130,0.0,0.0,0.0,10.15,3.17,0.0
20230418:2230,0.0,0.0,0.0,9.63,3.03,0.0
20230418:2330,0.0,0.0,0.0,9.14,3.03,0.0
20230419:0030,0.0,0.0,0.0,9.02,3.24,0.0
20230419:0130,0.0,0.0,0.0,8.83,3.59,0.0
20230419:0230,0.0,0.0,-2.93,8.77,3.66,0.0
20230419:0330,14.99,29.27,6.79,8.63,3.72,0.0
20230419:0430,88.41,121.36,16.82,8.89,3.93,0.0
20230419:0530,208.54,245.62,26.78,9.58,4.07,0.0
20230419:0630,382.42,431.62,36.22,10.33,4.34,0.0
20230419:0730,439.37,496.11,44.49,11.33,5.17,0.0
20230419:0830,570.72,646.72,50.59,12.18,5.52,0.0
20230419:0930,518.85,590.66,53.29,13.2,5.86,0.0
20230419:1030,568.47,648.5,51.8,13.79,5.66,0.0
20230419:1130,482.36,549.58,46.58,14.48,5.86,0.0
20230419:1230,378.05,432.28,38.83,14.35,5.86,0.0
20230419:1330,241.0,283.66,29.66,14.21,5.93,0.0
20230419:1430,90.17,121.18,19.8,13.8,6.0,0.0
20230419:1530,26.93,48.73,9.75,13.31,5.66,0.0
20230419:1630,0.0,0.0,-0.1,12.65,5.03,0.0
20230419:1730,0.0,0.0,0.0,11.91,4.83,0.0
20230419:1830,0.0,0.0,0.0,11.24,4.83,0.0
20230419:1930,0.0,0.0,0.0,10.42,4.21,0.0
20230419:2030,0.0,0.0,0.0,10.2,3.93,0.0
20230419:2130,0.0,0.0,0.0,9.97,3.79,0.0
20230419:2230,0.0,0.0,0.0,9.96,3.72,0.0
20230419:2330,0.0,0.0,0.0,9.85,3.66,0.0
20230420:0030,0.0,0.0,0.0,9.72,3.52,0.0
20230420:0130,0.0,0.0,0.0,9.49,3.38,0.0
20230420:0230,0.0,0.0,-2.63,9.58,3.38,0.0
20230420:0330,3.95,13.41,7.08,9.59,3.31,0.0
20230420:0430,20.91,37.14,17.11,9.71,3.1,0.0
20230420:0530,78.41,103.71,27.08,10.02,3.17,0.0
20230420:0630,99.18,126.86,36.53,10.87,3.86,0.0
20230420:0730,207.77,244.8,44.81,11.18,3.31,0.0
20230420:0830,260.78,303.74,50.93,12.42,3.38,0.0
20230420:0930,378.45,436.62,53.63,13.68,2.97,0.0
20230420:1030,268.02,314.3,52.12,14.65,2.9,0.0
20230420:1130,362.32,420.55,46.86,14.97,2.41,0.0
20230420:1230,225.83,267.6,39.08,15.49,2.0,0.0
20230420:1330,195.99,237.48,29.88,15.25,1.59,0.0
20230420:1430,88.06,121.91,20.02,14.69,2.0,0.0
20230420:1530,14.9,33.91,9.97,13.56,3.38,0.0
20230420:1630,0.0,3.32,0.12,12.55,4.14,0.0
20230420:1730,0.0,0.0,0.0,11.63,3.79,0.0
20230420:1830,0.0,0.0,0.0,11.03,3.66,0.0
20230420:1930,0.0,0.0,0.0,11.08,3.03,0.0
20230420:2030,0.0,0.0,0.0,10.74,2.97,0.0
20230420:2130,0.0,0.0,0.0,10.42,2.97,0.0
20230420:2230,0.0,0.0,0.0,10.08,2.9,0.0
20230420:2330,0.0,0.0,0.0,9.88,2.55,0.0
20230421:0030,0.0,0.0,0.0,9.54,2.28,0.0
20230421:0130,0.0,0.0,0.0,9.22,2.41,0.0
20230421:0230,0.0,0.0,-2.33,9.09,2.69,0.0
20230421:0330,8.8,20.81,7.37,8.92,2.69,0.0
20230421:0430,68.84,96.2,17.4,9.1,2.48,0.0
20230421:0530,168.71,202.75,27.37,9.55,2.48,0.0
20230421:0630,156.18,187.52,36.83,10.31,2.76,0.0
20230421:0730,245.51,285.18,45.13,10.72,2.41,0.0
20230421:0830,352.69,403.46,51.27,11.55,2.55,0.0
20230421:0930,260.34,302.34,53.98,12.46,2.48,0.0
20230421:1030,302.74,350.77,52.44,12.72,2.48,0.0
20230421:1130,327.3,376.65,47.14,13.07,2.9,0.0
20230421:1230,281.09,325.24,39.32,13.19,3.79,0.0
20230421:1330,139.3,171.84,30.11,13.15,4.76,0.0
20230421:1430,47.59,70.45,20.23,12.45,5.45,0.0
20230421:1530,10.68,23.68,10.18,11.67,5.03,0.0
20230421:1630,0.0,2.52,0.35,11.05,4.69,0.0
20230421:1730,0.0,0.0,0.0,10.48,4.69,0.0
20230421:1830,0.0,0.0,0.0,10.09,4.48,0.0
20230421:1930,0.0,0.0,0.0,8.74,4.55,0.0
20230421:2030,0.0,0.0,0.0,8.21,4.28,0.0
20230421:2130,0.0,0.0,0.0,7.72,4.55,0.0
20230421:2230,0.0,0.0,0.0,7.48,4.83,0.0
20230421:2330,0.0,0.0,0.0,7.25,4.62,0.0
20230422:0030,0.0,0.0,0.0,7.19,4.34,0.0
20230422:0130,0.0,0.0,0.0,7.24,4.34,0.0
20230422:0230,0.0,0.0,-2.04,7.23,4.41,0.0
20230422:0330,12.95,26.41,7.66,7.21,4.41,0.0
20230422:0430,79.91,106.87,17.68,7.41,4.28,0.0
20230422:0530,240.59,277.53,27.65,7.91,5.52,0.0
20230422:0630,210.99,243.91,37.13,8.7,5.03,0.0
20230422:0730,448.74,503.29,45.45,9.11,4.14,0.0
20230422:0830,556.54,630.52,51.61,10.4,3.66,0.0
20230422:0930,666.46,770.56,54.32,11.34,3.17,0.0
20230422:1030,684.99,797.99,52.75,12.1,2.97,0.0
20230422:1130,473.48,544.7,47.41,12.69,2.83,0.0
20230422:1230,326.79,376.05,39.56,12.76,3.03,0.0
20230422:1330,170.48,205.75,30.33,12.5,3.1,0.0
20230422:1430,139.52,179.67,20.44,12.29,3.03,0.0
20230422:1530,28.28,51.97,10.39,12.27,2.97,0.0
20230422:1630,0.14,6.01,0.57,11.62,2.21,0.0
20230422:1730,0.0,0.0,0.0,10.59,2.21,0.0
20230422:1830,0.0,0.0,0.0,9.95,2.07,0.0
20230422:1930,0.0,0.0,0.0,8.9,2.14,0.0
20230422:2030,0.0,0.0,0.0,8.19,2.0,0.0
20230422:2130,0.0,0.0,0.0,7.24,1.72,0.0
20230422:2230,0.0,0.0,0.0,6.39,1.72,0.0
20230422:2330,0.0,0.0,0.0,5.69,2.07,0.0
20230423:0030,0.0,0.0,0.0,5.37,2.21,0.0
20230423:0130,0.0,0.0,0.0,5.06,2.14,0.0
20230423:0230,0.0,0.0,-1.75,4.81,1.93,0.0
20230423:0330,23.07,39.02,7.94,4.8,1.72,0.0
20230423:0430,113.84,149.27,17.96,6.29,1.31,0.0
20230423:0530,244.18,285.45,27.93,7.68,0.9,0.0
20230423:0630,505.16,587.46,37.42,9.22,0.41,0.0
20230423:0730,671.29,810.82,45.76,11.77,0.34,0.0
20230423:0830,743.08,928.34,51.94,13.37,0.07,0.0
20230423:0930,733.58,920.81,54.65,14.42,0.07,0.0
20230423:1030,631.02,764.88,53.06,15.14,0.69,0.0
20230423:1130,503.62,593.5,47.68,15.44,1.38,0.0
20230423:1230,439.91,517.57,39.8,15.21,1.1,0.0
20230423:1330,358.73,425.5,30.55,15.21,1.31,0.0
20230423:1430,178.52,232.08,20.65,15.25,1.52,0.0
20230423:1530,30.49,60.4,10.6,14.2,1.66,0.0
20230423:1630,0.46,6.85,0.79,13.7,2.21,0.0
20230423:1730,0.0,0.0,0.0,12.47,2.48,0.0
20230423:1830,0.0,0.0,0.0,11.47,2.28,0.0
20230423:1930,0.0,0.0,0.0,10.41,1.52,0.0
20230423:2030,0.0,0.0,0.0,11.33,0.69,0.0
20230423:2130,0.0,0.0,0.0,10.98,0.41,0.0
20230423:2230,0.0,0.0,0.0,10.38,0.97,0.0
20230423:2330,0.0,0.0,0.0,8.55,1.45,0.0
20230424:0030,0.0,0.0,0.0,7.49,1.93,0.0
20230424:0130,0.0,0.0,0.0,6.88,2.21,0.0
20230424:0230,0.0,0.0,-1.47,6.42,2.21,0.0
20230424:0330,19.6,34.9,8.21,6.14,1.93,0.0
20230424:0430,145.88,196.35,18.23,7.6,1.52,0.0
20230424:0530,318.05,372.96,28.21,10.48,1.24,0.0
20230424:0630,525.84,614.67,37.71,12.14,1.17,0.0
20230424:0730,621.87,736.58,46.07,13.66,1.59,0.0
20230424:0830,613.45,731.39,52.27,14.61,1.45,0.0
20230424:0930,616.56,738.58,54.99,15.21,1.24,0.0
20230424:1030,635.84,770.92,53.37,15.59,0.83,0.0
20230424:1130,546.06,656.29,47.95,15.97,0.62,0.0
20230424:1230,410.06,488.21,40.04,16.11,0.62,0.0
20230424:1330,261.93,316.19,30.76,15.98,0.28,0.0
20230424:1430,111.77,151.28,20.86,15.79,0.14,0.0
20230424:1530,32.41,55.35,10.81,15.22,1.1,0.0
20230424:1630,0.78,7.61,1.01,14.48,1.24,0.0
20230424:1730,0.0,0.0,0.0,13.38,0.83,0.0
20230424:1830,0.0,0.0,0.0,11.93,1.03,0.0
20230424:1930,0.0,0.0,0.0,11.87,1.1,0.0
20230424:2030,0.0,0.0,0.0,11.58,1.03,0.0
20230424:2130,0.0,0.0,0.0,10.78,1.1,0.0
20230424:2230,0.0,0.0,0.0,9.63,1.66,0.0
20230424:2330,0.0,0.0,0.0,9.34,1.79,0.0
20230425:0030,0.0,0.0,0.0,9.22,1.79,0.0
20230425:0130,0.0,0.0,0.0,8.74,1.66,0.0
20230425:0230,0.0,0.0,-1.19,8.38,1.59,0.0
20230425:0330,29.57,47.51,8.48,8.51,1.31,0.0
20230425:0430,101.17,136.72,18.5,9.59,0.83,0.0
20230425:0530,268.8,318.93,28.48,11.46,0.69,0.0
20230425:0630,270.64,319.46,38.0,13.04,0.97,0.0
20230425:0730,393.91,460.01,46.38,13.44,1.24,0.0
20230425:0830,473.82,559.67,52.6,14.36,0.97,0.0
20230425:0930,597.09,725.37,55.31,15.13,0.55,0.0
20230425:1030,604.42,734.48,53.68,15.97,0.83,0.0
20230425:1130,519.71,620.38,48.22,16.55,1.52,0.0
20230425:1230,376.52,441.52,40.28,16.77,2.62,0.0
20230425:1330,259.1,308.7,30.98,16.16,3.1,0.0
20230425:1430,120.09,157.85,21.06,14.97,3.17,0.0
20230425:1530,27.64,51.25,11.02,14.82,1.86,0.0
20230425:1630,0.42,6.77,1.23,14.55,1.45,0.0
20230425:1730,0.0,0.0,0.0,13.54,2.34,0.0
20230425:1830,0.0,0.0,0.0,12.5,2.62,0.0
20230425:1930,0.0,0.0,0.0,11.88,3.1,0.0
20230425:2030,0.0,0.0,0.0,11.56,2.9,0.0
20230425:2130,0.0,0.0,0.0,10.95,2.55,0.0
20230425:2230,0.0,0.0,0.0,10.12,2.76,0.0
20230425:2330,0.0,0.0,0.0,9.54,2.69,0.0
20230426:0030,0.0,0.0,0.0,9.06,2.48,0.0
20230426:0130,0.0,0.0,0.0,8.9,2.69,0.0
20230426:0230,0.0,0.0,-0.91,8.72,2.9,0.0
20230426:0330,25.36,42.53,8.75,8.63,3.03,0.0
20230426:0430,117.66,159.14,18.76,9.22,3.03,0.0
20230426:0530,334.54,387.28,28.75,10.43,3.31,0.0
20230426:0630,559.92,640.55,38.28,12.23,3.66,0.0
20230426:0730,656.9,762.1,46.68,14.53,3.79,0.0
20230426:0830,806.34,950.09,52.92,15.78,4.76,0.0
20230426:0930,828.89,980.28,55.64,16.89,5.38,0.0
20230426:1030,808.39,954.0,53.98,17.52,5.72,0.0
20230426:1130,736.72,863.19,48.48,17.89,5.86,0.0
20230426:1230,597.92,694.3,40.51,17.92,5.86,0.0
20230426:1330,414.32,485.88,31.19,17.72,5.59,0.0
20230426:1430,199.79,259.8,21.27,17.47,4.97,0.0
20230426:1530,35.51,70.0,11.23,16.92,4.14,0.0
20230426:1630,1.48,9.12,1.44,15.65,3.79,0.0
20230426:1730,0.0,0.0,0.0,14.2,3.86,0.0
20230426:1830,0.0,0.0,0.0,13.15,4.07,0.0
20230426:1930,0.0,0.0,0.0,12.37,3.79,0.0
20230426:2030,0.0,0.0,0.0,11.87,3.86,0.0
20230426:2130,0.0,0.0,0.0,11.74,4.0,0.0
20230426:2230,0.0,0.0,0.0,11.43,3.52,0.0
20230426:2330,0.0,0.0,0.0,11.56,3.45,0.0
20230427:0030,0.0,0.0,0.0,11.69,3.72,0.0
20230427:0130,0.0,0.0,0.0,11.62,4.14,0.0
20230427:0230,0.0,0.0,-0.64,11.45,4.48,0.0
20230427:0330,21.06,37.76,9.01,11.1,4.28,0.0
20230427:0430,150.11,200.7,19.02,11.35,3.79,0.0
20230427:0530,355.41,414.24,29.02,12.57,3.79,0.0
20230427:0630,529.14,610.02,38.55,14.2,3.66,0.0
20230427:0730,576.55,670.5,46.97,16.18,4.0,0.0
20230427:0830,558.03,656.45,53.23,17.27,3.59,0.0
20230427:0930,423.88,500.06,55.96,17.88,3.38,0.0
20230427:1030,296.64,350.91,54.28,17.95,3.52,0.0
20230427:1130,328.62,386.32,48.75,17.37,3.66,0.0
20230427:1230,244.69,290.46,40.74,16.85,3.86,0.0
20230427:1330,197.78,239.81,31.4,16.4,3.17,0.0
20230427:1430,109.86,148.51,21.47,16.25,2.48,0.0
20230427:1530,26.78,48.59,11.43,16.11,1.66,0.0
20230427:1630,0.26,6.39,1.66,15.56,1.03,0.0
20230427:1730,0.0,0.0,0.0,14.55,1.24,0.0
20230427:1830,0.0,0.0,0.0,13.22,1.45,0.0
20230427:1930,0.0,0.0,0.0,14.34,0.55,0.0
20230427:2030,0.0,0.0,0.0,12.38,1.24,0.0
20230427:2130,0.0,0.0,0.0,10.43,2.07,0.0
20230427:2230,0.0,0.0,0.0,10.2,2.69,0.0
20230427:2330,0.0,0.0,0.0,10.22,3.03,0.0
20230428:0030,0.0,0.0,0.0,10.43,3.45,0.0
20230428:0130,0.0,0.0,0.0,10.43,3.79,0.0
20230428:0230,0.0,0.0,-0.37,10.52,4.28,0.0
20230428:0330,19.67,35.68,9.27,10.57,4.0,0.0
20230428:0430,40.57,61.62,19.28,10.81,4.07,0.0
20230428:0530,94.5,121.89,29.28,11.17,4.41,0.0
20230428:0630,100.29,128.43,38.82,11.77,4.76,0.0
20230428:0730,214.38,251.58,47.26,12.61,5.1,0.0
20230428:0830,291.98,335.32,53.55,13.31,5.17,0.0
20230428:0930,216.13,254.49,56.28,14.03,4.97,0.0
20230428:1030,125.75,157.55,54.57,13.99,5.93,0.0
20230428:1130,134.0,165.79,49.0,13.96,5.45,0.0
20230428:1230,106.68,136.54,40.97,14.01,5.66,0.0
20230428:1330,89.95,117.85,31.61,13.75,5.79,0.0
20230428:1430,53.49,78.49,21.67,13.19,6.48,0.0
20230428:1530,17.76,33.33,11.63,12.64,6.55,0.0
20230428:1630,0.0,2.31,1.87,12.15,6.97,0.0
20230428:1730,0.0,0.0,0.0,11.73,6.62,0.0
20230428:1830,0.0,0.0,0.0,11.23,6.48,0.0
20230428:1930,0.0,0.0,0.0,11.06,6.07,0.0
20230428:2030,0.0,0.0,0.0,10.6,5.79,0.0
20230428:2130,0.0,0.0,0.0,10.37,5.66,0.0
20230428:2230,0.0,0.0,0.0,10.13,5.45,0.0
20230428:2330,0.0,0.0,0.0,9.97,5.31,0.0
20230429:0030,0.0,0.0,0.0,9.88,5.38,0.0
20230429:0130,0.0,0.0,0.0,9.74,5.45,0.0
20230429:0230,0.0,0.0,-0.11,9.63,5.38,0.0
20230429:0330,8.91,21.01,9.53,9.58,5.38,0.0
20230429:0430,26.06,43.37,19.53,9.63,6.0,0.0
20230429:0530,60.93,83.92,29.53,9.78,5.93,0.0
20230429:0630,136.55,165.01,39.09,10.04,5.93,0.0
20230429:0730,156.62,189.13,47.55,11.1,4.48,0.0
20230429:0830,154.4,187.43,53.85,11.81,4.83,0.0
20230429:0930,134.04,165.73,56.59,12.41,4.83,0.0
20230429:1030,138.74,170.75,54.86,12.81,4.83,0.0
20230429:1130,167.69,202.0,49.26,13.1,4.97,0.0
20230429:1230,85.39,112.46,41.19,13.54,5.03,0.0
20230429:1330,54.85,78.25,31.82,13.56,5.1,0.0
20230429:1430,27.1,45.28,21.87,13.36,5.31,0.0
20230429:1530,6.71,17.98,11.84,12.92,5.45,0.0
20230429:1630,0.0,3.66,2.08,12.49,5.52,0.0
20230429:1730,0.0,0.0,0.0,12.17,5.52,0.0
20230429:1830,0.0,0.0,0.0,11.82,5.31,0.0
20230429:1930,0.0,0.0,0.0,10.86,4.83,0.0
20230429:2030,0.0,0.0,0.0,10.6,4.14,0.0
20230429:2130,0.0,0.0,0.0,10.32,3.86,0.0
20230429:2230,0.0,0.0,0.0,10.04,4.0,0.0
20230429:2330,0.0,0.0,0.0,9.73,3.93,0.0
20230430:0030,0.0,0.0,0.0,9.54,3.79,0.0
20230430:0130,0.0,0.0,0.0,9.25,3.66,0.0
20230430:0230,0.0,3.66,0.15,8.92,3.72,0.0
20230430:0330,13.7,27.57,9.78,8.66,3.52,0.0
20230430:0430,44.62,65.21,19.77,8.74,3.52,0.0
20230430:0530,65.3,88.65,29.78,8.96,3.52,0.0
20230430:0630,67.53,91.18,39.35,9.17,3.24,0.0
20230430:0730,115.15,143.54,47.83,8.92,2.34,0.0
20230430:0830,118.94,148.19,54.16,9.39,1.31,0.0
20230430:0930,88.43,115.18,56.9,9.91,0.41,0.0
20230430:1030,80.01,106.02,55.15,10.31,0.55,0.0
20230430:1130,113.67,143.05,49.51,10.77,0.76,0.0
20230430:1230,55.64,78.66,41.41,11.1,0.97,0.0
20230430:1330,89.45,116.42,32.02,11.2,1.66,0.0
20230430:1430,33.89,53.36,22.07,11.28,2.41,0.0
20230430:1530,9.15,21.47,12.04,10.96,3.03,0.0
20230430:1630,0.0,3.95,2.29,10.54,3.45,0.0
20230430:1730,0.0,0.0,0.0,10.05,3.72,0.0
20230430:1830,0.0,0.0,0.0,9.63,3.79,0.0
20230430:1930,0.0,0.0,0.0,9.23,3.45,0.0
20230430:2030,0.0,0.0,0.0,8.96,3.31,0.0
20230430:2130,0.0,0.0,0.0,8.83,3.38,0.0
20230430:2230,0.0,0.0,0.0,8.58,3.24,0.0
20230430:2330,0.0,0.0,0.0,8.41,3.1,0.0
20230501:0030,0.0,0.0,0.0,8.28,2.97,0.0
20230501:0130,0.0,0.0,0.0,8.14,3.24,0.0
20230501:0230,0.0,1.77,0.4,8.01,3.59,0.0
20230501:0330,6.73,17.71,10.02,7.87,3.93,0.0
20230501:0430,30.34,48.59,20.01,7.86,4.14,0.0
20230501:0530,50.02,71.12,30.02,8.05,4.28,0.0
20230501:0630,111.65,138.27,39.61,8.35,4.41,0.0
20230501:0730,137.45,166.55,48.1,8.77,4.21,0.0
20230501:0830,85.6,111.13,54.45,9.27,4.21,0.0
20230501:0930,97.5,123.75,57.21,9.29,4.55,0.0
20230501:1030,77.88,102.52,55.43,9.31,4.9,0.0
20230501:1130,81.33,106.31,49.76,9.28,4.97,0.0
20230501:1230,106.23,133.17,41.63,9.3,5.03,0.0
20230501:1330,64.33,87.63,32.22,9.63,4.9,0.0
20230501:1430,46.63,69.11,22.27,9.79,4.69,0.0
20230501:1530,25.73,45.55,12.24,9.97,3.93,0.0
20230501:1630,1.28,8.58,2.5,10.06,3.66,0.0
20230501:1730,0.0,0.0,0.0,9.83,3.31,0.0
20230501:1830,0.0,0.0,0.0,9.61,2.97,0.0
20230501:1930,0.0,0.0,0.0,9.23,2.97,0.0
20230501:2030,0.0,0.0,0.0,8.7,2.9,0.0
20230501:2130,0.0,0.0,0.0,8.0,2.83,0.0
20230501:2230,0.0,0.0,0.0,7.29,2.76,0.0
20230501:2330,0.0,0.0,0.0,6.94,3.1,0.0
20230502:0030,0.0,0.0,0.0,6.86,3.45,0.0
20230502:0130,0.0,0.0,0.0,6.81,3.72,0.0
20230502:0230,0.61,7.06,0.65,6.62,3.86,0.0
20230502:0330,22.85,42.06,10.26,6.47,3.86,0.0
20230502:0430,170.86,224.96,20.25,7.25,3.79,0.0
20230502:0530,397.91,454.35,30.26,8.89,4.21,0.0
20230502:0630,599.04,677.19,39.86,10.57,4.55,0.0
20230502:0730,724.67,831.79,48.38,12.13,4.69,0.0
20230502:0830,810.27,941.58,54.75,13.22,4.97,0.0
20230502:0930,868.82,1021.69,57.51,13.94,4.83,0.0
20230502:1030,831.75,980.08,55.71,14.56,4.48,0.0
20230502:1130,769.03,902.72,50.01,15.03,4.28,0.0
20230502:1230,612.55,710.8,41.85,15.32,4.14,0.0
20230502:1330,432.86,505.72,32.43,15.36,4.0,0.0
20230502:1430,211.5,273.34,22.46,15.23,3.86,0.0
20230502:1530,35.91,73.68,12.43,14.78,3.24,0.0
20230502:1630,3.38,12.61,2.71,13.74,2.62,0.0
20230502:1730,0.0,0.0,0.0,12.26,2.62,0.0
20230502:1830,0.0,0.0,0.0,10.93,2.48,0.0
20230502:1930,0.0,0.0,0.0,9.62,2.0,0.0
20230502:2030,0.0,0.0,0.0,8.2,2.0,0.0
20230502:2130,0.0,0.0,0.0,7.49,2.0,0.0
20230502:2230,0.0,0.0,0.0,7.33,1.86,0.0
20230502:2330,0.0,0.0,0.0,7.6,1.59,0.0
20230503:0030,0.0,0.0,0.0,7.96,1.45,0.0
20230503:0130,0.0,0.0,0.0,8.71,1.24,0.0
20230503:0230,0.84,7.61,0.9,8.82,1.1,0.0
20230503:0330,22.38,42.35,10.5,8.29,1.24,0.0
20230503:0430,170.98,228.22,20.48,8.38,1.03,0.0
20230503:0530,388.42,457.36,30.5,10.96,0.97,0.0
20230503:0630,571.47,676.0,40.1,12.85,0.97,0.0
20230503:0730,699.8,854.36,48.64,14.44,0.76,0.0
20230503:0830,777.83,972.3,55.03,15.52,0.76,0.0
20230503:0930,811.08,1017.44,57.8,16.33,1.1,0.0
20230503:1030,792.15,985.94,55.99,16.92,1.38,0.0
20230503:1130,718.99,880.13,50.25,17.37,1.59,0.0
20230503:1230,592.98,711.03,42.07,17.66,1.86,0.0
20230503:1330,416.47,498.32,32.62,17.76,2.07,0.0
20230503:1430,205.8,270.92,22.66,17.57,1.79,0.0
20230503:1530,35.95,74.27,12.63,17.17,1.17,0.0
20230503:1630,3.72,13.33,2.92,16.38,0.76,0.0
20230503:1730,0.0,0.0,0.0,15.25,0.69,0.0
20230503:1830,0.0,0.0,0.0,15.08,0.62,0.0
20230503:1930,0.0,0.0,0.0,13.64,1.45,0.0
20230503:2030,0.0,0.0,0.0,11.03,1.93,0.0
20230503:2130,0.0,0.0,0.0,9.06,2.48,0.0
20230503:2230,0.0,0.0,0.0,8.59,2.83,0.0
20230503:2330,0.0,0.0,0.0,8.35,2.9,0.0
20230504:0030,0.0,0.0,0.0,8.2,2.83,0.0
20230504:0130,0.0,0.0,0.0,8.18,2.97,0.0
20230504:0230,1.12,8.2,1.13,7.87,2.48,0.0
20230504:0330,23.52,44.38,10.73,10.42,0.83,0.0
20230504:0430,168.56,227.14,20.71,10.82,0.41,0.0
20230504:0530,370.62,443.54,30.73,12.47,0.07,0.0
20230504:0630,558.2,671.43,40.34,14.29,0.34,0.0
20230504:0730,687.06,852.87,48.9,16.04,0.34,0.0
20230504:0830,771.54,969.57,55.32,17.31,0.9,0.0
20230504:0930,800.53,1004.75,58.1,18.22,1.45,0.0
20230504:1030,773.4,964.96,56.26,18.74,1.59,0.0
20230504:1130,703.16,868.88,50.49,19.07,1.45,0.0
20230504:1230,581.58,708.69,42.28,19.32,1.24,0.0
20230504:1330,403.25,490.0,32.82,19.46,1.24,0.0
20230504:1430,190.79,251.91,22.85,19.36,1.38,0.0
20230504:1530,52.94,85.29,12.83,18.87,1.03,0.0
20230504:1630,5.9,17.03,3.12,18.02,0.0,0.0
20230504:1730,0.0,0.0,0.0,17.16,0.69,0.0
20230504:1830,0.0,0.0,0.0,16.46,0.28,0.0
20230504:1930,0.0,0.0,0.0,12.81,1.79,0.0
20230504:2030,0.0,0.0,0.0,12.05,2.07,0.0
20230504:2130,0.0,0.0,0.0,11.69,2.34,0.0
20230504:2230,0.0,0.0,0.0,11.23,2.21,0.0
20230504:2330,0.0,0.0,0.0,10.99,1.79,0.0
20230505:0030,0.0,0.0,0.0,12.23,1.17,0.0
20230505:0130,0.0,0.0,0.0,12.99,0.83,0.0
20230505:0230,1.86,9.8,1.37,12.69,0.83,0.0
20230505:0330,28.43,49.72,10.95,12.46,0.9,0.0
20230505:0430,159.33,215.97,20.93,12.64,0.76,0.0
20230505:0530,365.94,439.23,30.95,14.26,0.55,0.0
20230505:0630,547.09,660.65,40.58,15.83,0.48,0.0
20230505:0730,665.09,829.39,49.16,17.35,0.28,0.0
20230505:0830,727.89,914.46,55.6,18.29,0.76,0.0
20230505:0930,772.91,973.31,58.38,18.96,1.24,0.0
20230505:1030,739.37,922.35,56.53,19.55,1.45,0.0
20230505:1130,680.02,839.2,50.73,19.89,1.59,0.0
20230505:1230,548.89,664.65,42.49,20.06,1.66,0.0
20230505:1330,387.38,469.29,33.02,20.07,1.86,0.0
20230505:1430,178.28,236.84,23.04,19.88,2.21,0.0
20230505:1530,37.84,73.51,13.02,19.32,1.86,0.0
20230505:1630,3.84,13.62,3.32,18.46,1.66,0.0
20230505:1730,0.0,0.0,0.0,17.16,1.86,0.0
20230505:1830,0.0,0.0,0.0,15.51,2.0,0.0
20230505:1930,0.0,0.0,0.0,13.65,2.0,0.0
20230505:2030,0.0,0.0,0.0,12.29,2.21,0.0
20230505:2130,0.0,0.0,0.0,11.46,2.48,0.0
20230505:2230,0.0,0.0,0.0,11.36,3.03,0.0
20230505:2330,0.0,0.0,0.0,11.42,3.72,0.0
20230506:0030,0.0,0.0,0.0,11.33,4.34,0.0
20230506:0130,0.0,0.0,0.0,10.98,4.76,0.0
20230506:0230,1.52,9.08,1.6,10.66,5.1,0.0
20230506:0330,24.57,45.93,11.17,10.46,5.38,0.0
20230506:0430,156.51,209.08,21.15,10.96,5.59,0.0
20230506:0530,376.61,433.16,31.17,11.9,6.21,0.0
20230506:0630,558.89,632.66,40.81,13.23,6.28,0.0
20230506:0730,718.22,823.2,49.4,14.35,6.21,0.0
20230506:0830,784.74,909.62,55.87,15.62,6.41,0.0
20230506:0930,843.53,986.38,58.67,16.51,6.69,0.0
20230506:1030,821.06,961.24,56.8,17.12,6.62,0.0
20230506:1130,739.89,861.08,50.96,17.44,6.55,0.0
20230506:1230,604.96,699.03,42.7,17.5,6.55,0.0
20230506:1330,423.11,493.85,33.21,17.33,6.62,0.0
20230506:1430,207.64,269.14,23.22,16.92,6.48,0.0
20230506:1530,37.6,75.75,13.21,16.32,5.79,0.0
20230506:1630,4.86,15.18,3.52,15.16,5.72,0.0
20230506:1730,0.0,0.0,0.0,13.76,6.07,0.0
20230506:1830,0.0,0.0,0.0,12.61,6.48,0.0
20230506:1930,0.0,0.0,0.0,12.01,6.76,0.0
20230506:2030,0.0,0.0,0.0,11.05,7.24,0.0
20230506:2130,0.0,0.0,0.0,10.18,7.24,0.0
20230506:2230,0.0,0.0,0.0,9.46,6.97,0.0
20230506:2330,0.0,0.0,0.0,8.81,6.55,0.0
20230507:0030,0.0,0.0,0.0,8.17,6.28,0.0
20230507:0130,0.0,0.0,0.0,7.48,6.62,0.0
20230507:0230,2.15,10.18,1.82,6.9,6.55,0.0
20230507:0330,25.38,47.24,11.39,6.53,6.34,0.0
20230507:0430,180.62,234.93,21.36,6.83,6.34,0.0
20230507:0530,411.14,462.51,31.38,7.72,6.76,0.0
20230507:0630,615.81,683.24,41.03,8.96,6.76,0.0
20230507:0730,764.9,859.99,49.65,10.74,7.1,0.0
20230507:0830,834.13,951.53,56.14,12.06,6.9,0.0
20230507:0930,869.92,1003.21,58.95,13.16,6.69,0.0
20230507:1030,837.45,968.28,57.06,14.04,6.41,0.0
20230507:1130,698.72,800.88,51.19,14.64,6.28,0.0
20230507:1230,600.68,686.72,42.9,14.9,6.14,0.0
20230507:1330,378.21,438.71,33.4,15.09,5.86,0.0
20230507:1430,199.59,256.62,23.41,14.9,5.52,0.0
20230507:1530,38.9,72.56,13.4,14.47,5.03,0.0
20230507:1630,3.67,13.12,3.72,13.61,4.83,0.0
20230507:1730,0.0,0.0,0.0,12.62,5.1,0.0
20230507:1830,0.0,0.0,0.0,11.75,5.31,0.0
20230507:1930,0.0,0.0,0.0,10.93,5.03,0.0
20230507:2030,0.0,0.0,0.0,10.43,4.9,0.0
20230507:2130,0.0,0.0,0.0,10.3,4.97,0.0
20230507:2230,0.0,0.0,0.0,10.22,4.97,0.0
20230507:2330,0.0,0.0,0.0,10.13,5.1,0.0
20230508:0030,0.0,0.0,0.0,9.92,5.31,0.0
20230508:0130,0.0,0.0,0.0,9.76,5.45,0.0
20230508:0230,0.17,6.05,2.04,9.52,5.17,0.0
20230508:0330,27.05,44.7,11.6,9.22,5.17,0.0
20230508:0430,98.35,127.74,21.56,9.14,5.1,0.0
20230508:0530,188.63,222.56,31.59,9.33,5.79,0.0
20230508:0630,375.93,420.86,41.25,9.75,5.93,0.0
20230508:0730,508.62,569.2,49.89,10.55,6.28,0.0
20230508:0830,763.36,870.17,56.4,11.44,6.14,0.0
20230508:0930,745.46,853.36,59.22,12.89,5.93,0.0
20230508:1030,812.66,942.65,57.32,13.86,5.72,0.0
20230508:1130,431.0,491.15,51.42,14.86,5.86,0.0
20230508:1230,345.77,397.62,43.1,14.52,5.72,0.0
20230508:1330,228.89,270.59,33.59,14.17,5.93,0.0
20230508:1430,138.73,177.5,23.59,13.55,5.66,0.0
20230508:1530,44.2,68.1,13.58,12.98,5.03,0.0
20230508:1630,4.74,14.84,3.92,12.24,4.07,0.0
20230508:1730,0.0,0.0,0.0,11.33,3.79,0.0
20230508:1830,0.0,0.0,0.0,10.72,3.72,0.0
20230508:1930,0.0,0.0,0.0,10.17,4.07,0.0
20230508:2030,0.0,0.0,0.0,9.85,3.79,0.0
20230508:2130,0.0,0.0,0.0,9.5,3.52,0.0
20230508:2230,0.0,0.0,0.0,9.17,3.59,0.0
20230508:2330,0.0,0.0,0.0,8.78,3.72,0.0
20230509:0030,0.0,0.0,0.0,8.41,3.79,0.0
20230509:0130,0.0,0.0,0.0,8.21,4.07,0.0
20230509:0230,0.24,6.22,2.26,7.83,4.0,0.0
20230509:0330,23.21,39.58,11.8,7.65,3.86,0.0
20230509:0430,55.01,77.11,21.76,7.64,3.79,0.0
20230509:0530,116.57,144.23,31.8,7.85,4.07,0.0
20230509:0630,283.84,322.45,41.46,8.15,4.07,0.0
20230509:0730,201.04,236.38,50.12,10.21,3.66,0.0
20230509:0830,239.77,278.81,56.65,10.68,4.34,0.0
20230509:0930,347.59,396.51,59.49,11.31,5.38,0.0
20230509:1030,194.77,231.36,57.57,12.0,5.86,0.0
20230509:1130,175.99,210.95,51.64,11.85,5.38,0.0
20230509:1230,133.47,164.78,43.3,11.65,4.69,0.0
20230509:1330,108.82,137.73,33.77,11.34,4.28,0.0
20230509:1430,63.52,87.36,23.78,11.05,3.86,0.0
20230509:1530,27.49,45.31,13.77,10.48,2.76,0.0
20230509:1630,1.69,9.38,4.11,9.62,2.62,0.0
20230509:1730,0.0,0.0,0.0,8.75,2.21,0.0
20230509:1830,0.0,0.0,0.0,7.96,1.66,0.0
20230509:1930,0.0,0.0,0.0,8.24,2.34,0.0
20230509:2030,0.0,0.0,0.0,7.48,1.59,0.0
20230509:2130,0.0,0.0,0.0,7.52,1.1,0.0
20230509:2230,0.0,0.0,0.0,6.6,2.28,0.0
20230509:2330,0.0,0.0,0.0,6.71,3.03,0.0
20230510:0030,0.0,0.0,0.0,6.85,3.31,0.0
20230510:0130,0.0,0.0,0.0,6.78,3.59,0.0
20230510:0230,3.07,11.82,2.47,6.95,3.66,0.0
20230510:0330,41.93,64.46,12.0,7.07,3.72,0.0
20230510:0430,166.11,213.0,21.96,7.93,3.52,0.0
20230510:0530,348.1,397.41,31.99,8.95,4.62,0.0
20230510:0630,530.99,594.61,41.67,9.73,4.9,0.0
20230510:0730,689.17,779.3,50.34,10.76,5.38,0.0
20230510:0830,714.3,814.23,56.91,11.36,5.03,0.0
20230510:0930,716.76,823.71,59.75,11.97,4.48,0.0
20230510:1030,689.6,794.5,57.82,12.46,4.14,0.0
20230510:1130,581.86,666.52,51.86,12.91,4.07,0.0
20230510:1230,498.76,569.81,43.5,13.03,4.34,0.0
20230510:1330,358.28,414.53,33.96,13.15,4.55,0.0
20230510:1430,183.77,233.32,23.96,13.06,4.62,0.0
20230510:1530,49.74,81.37,13.95,12.71,4.55,0.0
20230510:1630,6.12,17.03,4.31,12.1,4.0,0.0
20230510:1730,0.0,0.0,0.0,11.06,3.66,0.0
20230510:1830,0.0,0.0,0.0,10.19,3.31,0.0
20230510:1930,0.0,0.0,0.0,9.34,2.55,0.0
20230510:2030,0.0,0.0,0.0,8.35,2.21,0.0
20230510:2130,0.0,0.0,0.0,7.3,2.34,0.0
20230510:2230,0.0,0.0,0.0,6.72,2.76,0.0
20230510:2330,0.0,0.0,0.0,6.48,2.97,0.0
20230511:0030,0.0,0.0,0.0,6.38,3.17,0.0
20230511:0130,0.0,0.0,0.0,6.27,3.24,0.0
20230511:0230,3.71,12.87,2.67,6.17,3.24,0.0
20230511:0330,27.33,50.74,12.19,6.39,3.1,0.0
20230511:0430,177.88,233.4,22.15,7.95,2.97,0.0
20230511:0530,393.29,453.16,32.18,9.99,3.31,0.0
20230511:0630,582.86,666.17,41.87,11.7,3.66,0.0
20230511:0730,585.85,671.74,50.57,13.08,3.66,0.0
20230511:0830,603.61,696.29,57.15,13.81,3.79,0.0
20230511:0930,659.76,770.26,60.01,14.37,3.52,0.0
20230511:1030,719.22,846.98,58.06,14.87,3.52,0.0
20230511:1130,591.65,688.13,52.08,15.38,3.66,0.0
20230511:1230,536.82,623.62,43.69,15.55,3.79,0.0
20230511:1330,324.05,381.11,34.14,15.75,3.86,0.0
20230511:1430,155.46,199.83,24.13,15.54,3.86,0.0
20230511:1530,44.89,75.01,14.13,15.2,3.31,0.0
20230511:1630,7.42,19.17,4.5,14.45,2.48,0.0
20230511:1730,0.0,0.0,0.0,13.12,2.41,0.0
20230511:1830,0.0,0.0,0.0,11.8,2.48,0.0
20230511:1930,0.0,0.0,0.0,10.75,2.41,0.0
20230511:2030,0.0,0.0,0.0,9.53,2.62,0.0
20230511:2130,0.0,0.0,0.0,8.68,2.69,0.0
20230511:2230,0.0,0.0,0.0,8.12,2.76,0.0
20230511:2330,0.0,0.0,0.0,7.72,2.83,0.0
20230512:0030,0.0,0.0,0.0,7.35,2.76,0.0
20230512:0130,0.0,0.0,0.0,6.91,2.55,0.0
20230512:0230,3.98,13.33,2.87,6.45,2.55,0.0
20230512:0330,27.87,51.73,12.38,6.46,2.28,0.0
20230512:0430,178.66,236.4,22.33,9.04,1.79,0.0
20230512:0530,390.65,459.48,32.37,11.81,1.52,0.0
20230512:0630,571.74,674.0,42.07,13.7,1.52,0.0
20230512:0730,709.78,847.77,50.78,15.21,2.28,0.0
20230512:0830,800.3,973.91,57.39,16.32,2.41,0.0
20230512:0930,807.15,989.2,60.27,17.04,2.34,0.0
20230512:1030,577.82,686.99,58.3,17.71,2.41,0.0
20230512:1130,474.11,562.06,52.29,17.77,2.21,0.0
20230512:1230,333.44,395.61,43.88,17.98,2.34,0.0
20230512:1330,164.67,204.97,34.32,17.91,2.48,0.0
20230512:1430,132.78,174.64,24.31,17.51,2.55,0.0
20230512:1530,50.19,83.36,14.31,17.23,2.9,0.0
20230512:1630,8.37,20.73,4.68,16.47,2.9,0.0
20230512:1730,0.0,0.0,0.0,14.95,3.03,0.0
20230512:1830,0.0,0.0,0.0,13.54,3.17,0.0
20230512:1930,0.0,0.0,0.0,13.12,2.76,0.0
20230512:2030,0.0,0.0,0.0,11.88,2.76,0.0
20230512:2130,0.0,0.0,0.0,10.89,2.83,0.0
20230512:2230,0.0,0.0,0.0,10.19,2.83,0.0
20230512:2330,0.0,0.0,0.0,9.62,2.83,0.0
20230513:0030,0.0,0.0,0.0,9.31,2.9,0.0
20230513:0130,0.0,0.0,0.0,9.21,2.97,0.0
20230513:0230,4.55,14.38,3.06,9.19,2.97,0.0
20230513:0330,37.63,61.37,12.57,9.48,2.9,0.0
20230513:0430,165.98,216.25,22.51,11.09,2.69,0.0
20230513:0530,350.34,411.87,32.55,13.37,2.62,0.0
20230513:0630,549.52,645.12,42.26,15.44,2.55,0.0
20230513:0730,693.99,824.01,50.99,17.11,3.45,0.0
20230513:0830,790.96,953.23,57.63,18.22,3.72,0.0
20230513:0930,762.09,920.42,60.51,18.91,3.52,0.0
20230513:1030,624.64,744.5,58.54,19.24,3.31,0.0
20230513:1130,400.0,471.61,52.5,19.36,3.17,0.0
20230513:1230,350.83,416.55,44.07,19.24,2.76,0.0
20230513:1330,224.79,274.96,34.49,19.27,2.21,0.0
20230513:1430,154.77,204.83,24.48,19.16,2.14,0.0
20230513:1530,43.26,77.0,14.49,18.92,2.21,0.0
20230513:1630,6.49,17.95,4.87,17.87,2.55,0.0
20230513:1730,0.0,0.0,0.0,16.49,2.9,0.0
20230513:1830,0.0,0.0,0.0,15.14,3.1,0.0
20230513:1930,0.0,0.0,0.0,14.45,2.97,0.0
20230513:2030,0.0,0.0,0.0,13.62,2.83,0.0
20230513:2130,0.0,0.0,0.0,12.82,2.62,0.0
20230513:2230,0.0,0.0,0.0,11.95,2.48,0.0
20230513:2330,0.0,0.0,0.0,11.19,2.48,0.0
20230514:0030,0.0,0.0,0.0,10.6,2.55,0.0
20230514:0130,0.0,0.0,0.0,10.1,2.55,0.0
20230514:0230,4.66,14.59,3.25,9.75,2.62,0.0
20230514:0330,28.91,53.58,12.74,9.93,2.48,0.0
20230514:0430,173.0,231.7,22.69,12.43,2.0,0.0
20230514:0530,376.55,449.52,32.73,15.31,1.72,0.0
20230514:0630,543.09,650.84,42.44,17.28,1.45,0.0
20230514:0730,662.92,813.12,51.19,18.77,1.38,0.0
20230514:0830,722.84,902.57,57.85,20.2,1.52,0.0
20230514:0930,762.45,961.17,60.76,21.19,1.72,0.0
20230514:1030,723.97,903.1,58.77,21.85,2.07,0.0
20230514:1130,608.46,743.89,52.71,22.08,2.34,0.0
20230514:1230,522.89,633.16,44.26,22.15,2.48,0.0
20230514:1330,315.03,384.24,34.67,22.03,2.48,0.0
20230514:1430,162.57,217.89,24.65,21.71,2.48,0.0
20230514:1530,47.46,81.56,14.66,20.92,2.48,0.0
20230514:1630,7.85,20.18,5.05,19.65,2.83,0.0
20230514:1730,0.0,0.0,-3.83,18.02,2.76,0.0
20230514:1830,0.0,0.0,0.0,16.71,2.69,0.0
20230514:1930,0.0,0.0,0.0,16.21,3.03,0.0
20230514:2030,0.0,0.0,0.0,15.29,3.03,0.0
20230514:2130,0.0,0.0,0.0,14.58,3.1,0.0
20230514:2230,0.0,0.0,0.0,14.0,3.17,0.0
20230514:2330,0.0,0.0,0.0,13.47,3.1,0.0
20230515:0030,0.0,0.0,0.0,12.97,2.97,0.0
20230515:0130,0.0,0.0,0.0,12.38,2.69,0.0
20230515:0230,4.78,14.88,3.43,11.7,2.55,0.0
20230515:0330,28.24,53.48,12.92,11.46,2.28,0.0
20230515:0430,172.09,232.6,22.85,13.56,1.79,0.0
20230515:0530,374.8,448.95,32.9,15.89,1.66,0.0
20230515:0630,547.89,659.36,42.62,17.9,1.38,0.0
20230515:0730,666.99,829.59,51.39,19.73,0.97,0.0
20230515:0830,738.61,932.33,58.08,21.35,1.38,0.0
20230515:0930,697.91,878.54,61.0,22.48,1.45,0.0
20230515:1030,595.69,742.57,59.0,22.78,1.03,0.0
20230515:1130,523.97,648.56,52.91,22.97,0.9,0.0
20230515:1230,524.17,646.49,44.44,23.07,1.31,0.0
20230515:1330,343.48,423.95,34.84,23.15,1.38,0.0
20230515:1430,184.76,251.1,24.82,22.94,1.17,0.0
20230515:1530,46.27,83.92,14.84,22.64,0.97,0.0
20230515:1630,8.02,20.6,5.23,21.76,0.55,0.0
20230515:1730,0.0,0.0,-3.64,20.97,0.34,0.0
20230515:1830,0.0,0.0,0.0,20.18,0.21,0.0
20230515:1930,0.0,0.0,0.0,15.78,2.21,0.0
20230515:2030,0.0,0.0,0.0,14.8,2.48,0.0
20230515:2130,0.0,0.0,0.0,14.2,2.83,0.0
20230515:2230,0.0,0.0,0.0,13.94,3.17,0.0
20230515:2330,0.0,0.0,0.0,13.73,3.17,0.0
20230516:0030,0.0,0.0,0.0,13.36,3.03,0.0
20230516:0130,0.0,0.0,0.0,12.86,2.83,0.0
20230516:0230,6.8,18.08,3.6,12.32,2.69,0.0
20230516:0330,37.76,63.6,13.08,12.38,2.41,0.0
20230516:0430,171.53,231.54,23.02,14.41,2.0,0.0
20230516:0530,369.28,443.64,33.06,16.84,1.86,0.0
20230516:0630,533.15,641.59,42.8,18.71,1.66,0.0
20230516:0730,658.48,819.55,51.58,20.41,1.1,0.0
20230516:0830,683.49,867.51,58.29,21.83,0.83,0.0
20230516:0930,610.89,765.67,61.23,22.73,0.97,0.0
20230516:1030,461.42,564.22,59.22,22.99,1.45,0.0
20230516:1130,271.39,333.02,53.11,23.02,1.66,0.0
20230516:1230,216.04,266.71,44.62,22.83,1.86,0.0
20230516:1330,155.02,198.26,35.01,22.45,2.07,0.0
20230516:1430,81.1,113.0,24.99,21.89,2.76,0.0
20230516:1530,25.99,47.53,15.01,20.94,3.31,0.0
20230516:1630,2.24,10.76,5.41,19.89,3.72,0.0
20230516:1730,0.0,0.0,-3.45,19.13,3.72,0.0
20230516:1830,0.0,0.0,0.0,18.62,3.72,0.0
20230516:1930,0.0,0.0,0.0,18.27,3.45,0.0
20230516:2030,0.0,0.0,0.0,17.89,3.38,0.0
20230516:2130,0.0,0.0,0.0,17.53,3.45,0.0
20230516:2230,0.0,0.0,0.0,17.15,3.79,0.0
20230516:2330,0.0,0.0,0.0,16.59,4.07,0.0
20230517:0030,0.0,0.0,0.0,15.99,4.34,0.0
20230517:0130,0.0,0.0,0.0,15.6,4.28,0.0
20230517:0230,3.73,13.29,3.78,15.27,4.14,0.0
20230517:0330,29.23,53.28,13.25,14.9,3.93,0.0
20230517:0430,156.07,209.77,23.17,15.22,3.66,0.0
20230517:0530,368.02,436.42,33.22,16.41,3.72,0.0
20230517:0630,557.94,657.0,42.96,17.9,3.59,0.0
20230517:0730,701.19,838.04,51.77,19.03,3.79,0.0
20230517:0830,788.3,953.59,58.5,20.01,4.21,0.0
20230517:0930,818.74,996.48,61.46,20.74,4.41,0.0
20230517:1030,791.94,963.87,59.44,21.32,4.34,0.0
20230517:1130,712.21,860.51,53.3,21.76,4.28,0.0
20230517:1230,574.33,687.06,44.79,22.04,4.28,0.0
20230517:1330,382.96,461.86,35.17,22.11,4.34,0.0
20230517:1430,195.87,260.44,25.15,21.92,4.34,0.0
20230517:1530,42.62,83.94,15.17,21.52,3.79,0.0
20230517:1630,10.19,23.76,5.59,20.59,3.45,0.0
20230517:1730,0.0,0.0,-3.27,19.02,3.31,0.0
20230517:1830,0.0,0.0,0.0,17.53,3.45,0.0
20230517:1930,0.0,0.0,0.0,16.78,3.72,0.0
20230517:2030,0.0,0.0,0.0,16.06,3.66,0.0
20230517:2130,0.0,0.0,0.0,15.39,3.52,0.0
20230517:2230,0.0,0.0,0.0,14.77,3.52,0.0
20230517:2330,0.0,0.0,0.0,14.25,3.59,0.0
20230518:0030,0.0,0.0,0.0,13.79,3.45,0.0
20230518:0130,0.0,0.0,0.0,13.31,3.38,0.0
20230518:0230,6.01,16.9,3.94,12.86,3.45,0.0
20230518:0330,29.45,55.76,13.4,12.99,3.59,0.0
20230518:0430,174.62,235.37,23.32,14.4,3.59,0.0
20230518:0530,380.68,451.01,33.37,16.51,4.0,0.0
20230518:0630,557.8,655.79,43.12,18.72,4.34,0.0
20230518:0730,692.19,825.57,51.94,20.64,4.83,0.0
20230518:0830,588.89,699.28,58.71,22.22,5.03,0.0
20230518:0930,680.65,815.71,61.68,22.82,5.38,0.0
20230518:1030,728.49,879.66,59.65,23.49,5.59,0.0
20230518:1130,581.49,695.65,53.49,24.07,5.66,0.0
20230518:1230,430.95,515.93,44.97,24.17,5.52,0.0
20230518:1330,219.85,273.15,35.34,24.15,5.17,0.0
20230518:1430,151.55,203.4,25.31,23.57,4.21,0.0
20230518:1530,39.46,74.27,15.34,23.0,4.28,0.0
20230518:1630,7.3,19.47,5.76,21.79,4.0,0.0
20230518:1730,0.0,0.0,-3.08,20.44,3.79,0.0
20230518:1830,0.0,0.0,0.0,19.09,3.72,0.0
20230518:1930,0.0,0.0,0.0,18.11,3.24,0.0
20230518:2030,0.0,0.0,0.0,17.3,3.24,0.0
20230518:2130,0.0,0.0,0.0,16.48,3.45,0.0
20230518:2230,0.0,0.0,0.0,15.88,3.59,0.0
20230518:2330,0.0,0.0,0.0,15.37,3.79,0.0
20230519:0030,0.0,0.0,0.0,14.99,3.93,0.0
20230519:0130,0.0,0.0,0.0,14.89,3.86,0.0
20230519:0230,5.73,16.57,4.1,14.76,3.79,0.0
20230519:0330,33.05,59.01,13.55,14.84,3.72,0.0
20230519:0430,147.14,197.98,23.47,15.91,3.59,0.0
20230519:0530,329.64,392.69,33.52,17.47,4.21,0.0
20230519:0630,543.1,639.21,43.28,19.15,4.41,0.0
20230519:0730,621.57,739.35,52.12,21.22,4.76,0.0
20230519:0830,664.23,801.54,58.9,22.71,4.62,0.0
20230519:0930,759.02,932.69,61.89,23.82,4.48,0.0
20230519:1030,622.07,752.85,59.86,24.68,4.62,0.0
20230519:1130,505.2,605.34,53.68,24.66,4.9,0.0
20230519:1230,470.35,564.57,45.14,24.46,4.83,0.0
20230519:1330,334.99,408.81,35.5,24.47,4.62,0.0
20230519:1430,160.51,217.47,25.47,24.43,4.14,0.0
20230519:1530,46.22,80.59,15.5,23.93,3.45,0.0
20230519:1630,12.11,26.74,5.93,22.68,3.38,0.0
20230519:1730,0.0,0.0,-2.9,21.2,3.86,0.0
20230519:1830,0.0,0.0,0.0,20.0,4.07,0.0
20230519:1930,0.0,0.0,0.0,18.82,3.38,0.0
20230519:2030,0.0,0.0,0.0,17.81,3.1,0.0
20230519:2130,0.0,0.0,0.0,17.09,2.9,0.0
20230519:2230,0.0,0.0,0.0,16.52,2.9,0.0
20230519:2330,0.0,0.0,0.0,16.04,2.97,0.0
20230520:0030,0.0,0.0,0.0,15.57,3.03,0.0
20230520:0130,0.0,0.0,0.0,14.93,3.24,0.0
20230520:0230,7.74,19.64,4.25,14.42,3.38,0.0
20230520:0330,36.73,64.0,13.7,14.57,3.38,0.0
20230520:0430,173.48,233.68,23.61,15.95,3.17,0.0
20230520:0530,361.42,433.31,33.66,18.17,3.24,0.0
20230520:0630,543.06,648.53,43.43,20.28,3.31,0.0
20230520:0730,676.05,820.35,52.28,21.83,3.52,0.0
20230520:0830,705.69,866.38,59.1,23.41,3.59,0.0
20230520:0930,717.66,887.67,62.1,24.18,3.52,0.0
20230520:1030,695.75,860.96,60.07,24.72,3.52,0.0
20230520:1130,423.98,512.12,53.86,25.14,3.86,0.0
20230520:1230,373.46,453.13,45.31,24.83,3.86,0.0
20230520:1330,180.34,229.03,35.66,24.9,4.0,0.0
20230520:1430,153.69,204.24,25.63,24.3,2.97,0.0
20230520:1530,46.75,82.99,15.66,23.86,2.97,0.0
20230520:1630,10.11,23.8,6.1,22.46,3.38,0.0
20230520:1730,0.0,0.0,-2.72,21.04,3.79,0.0
20230520:1830,0.0,0.0,0.0,20.03,4.14,0.0
20230520:1930,0.0,0.0,0.0,19.28,3.72,0.0
20230520:2030,0.0,0.0,0.0,18.53,3.66,0.0
20230520:2130,0.0,0.0,0.0,17.58,3.31,0.0
20230520:2230,0.0,0.0,0.0,16.59,3.03,0.0
20230520:2330,0.0,0.0,0.0,15.76,3.1,0.0
20230521:0030,0.0,0.0,0.0,15.16,3.45,0.0
20230521:0130,0.0,0.0,0.0,14.78,3.66,0.0
20230521:0230,8.55,20.86,4.4,14.46,3.66,0.0
20230521:0330,36.74,63.15,13.84,14.66,3.72,0.0
20230521:0430,156.72,208.64,23.74,15.76,3.93,0.0
20230521:0530,337.35,400.58,33.79,17.13,4.55,0.0
20230521:0630,491.19,574.06,43.57,18.63,4.83,0.0
20230521:0730,646.02,767.97,52.44,20.26,4.55,0.0
20230521:0830,619.68,739.76,59.28,21.74,4.48,0.0
20230521:0930,602.51,721.94,62.31,22.59,4.41,0.0
20230521:1030,659.29,800.59,60.27,23.3,4.0,0.0
20230521:1130,525.01,632.21,54.04,24.1,4.0,0.0
20230521:1230,342.21,409.28,45.47,22.57,4.14,0.0
20230521:1330,201.57,251.58,35.81,22.6,3.03,0.0
20230521:1430,102.1,139.33,25.78,22.16,3.24,0.0
20230521:1530,48.53,76.82,15.82,21.19,3.93,0.0
20230521:1630,11.03,24.93,6.26,20.1,4.55,0.0
20230521:1730,0.0,0.0,-2.55,18.72,4.9,0.0
20230521:1830,0.0,0.0,0.0,17.81,4.69,0.0
20230521:1930,0.0,0.0,0.0,17.28,4.0,0.0
20230521:2030,0.0,0.0,0.0,17.02,3.86,0.0
20230521:2130,0.0,0.0,0.0,16.49,3.59,0.0
20230521:2230,0.0,0.0,0.0,16.05,3.45,0.0
20230521:2330,0.0,0.0,0.0,15.67,3.45,0.0
20230522:0030,0.0,0.0,0.0,15.34,3.24,0.0
20230522:0130,0.0,0.0,0.0,15.09,3.31,0.0
20230522:0230,4.03,13.79,4.54,14.89,3.45,0.0
20230522:0330,32.2,53.0,13.97,15.05,3.72,0.0
20230522:0430,72.76,102.87,23.87,15.79,3.72,0.0
20230522:0530,132.55,167.67,33.92,16.65,3.86,0.0
20230522:0630,441.5,516.27,43.71,17.43,3.79,0.0
20230522:0730,478.91,566.32,52.6,19.3,3.72,0.0
20230522:0830,423.68,504.22,59.46,20.25,3.66,0.0
20230522:0930,369.35,441.13,62.51,20.81,3.52,0.0
20230522:1030,340.73,408.98,60.46,21.17,3.31,0.0
20230522:1130,325.52,392.4,54.22,21.47,3.24,0.0
20230522:1230,237.35,291.77,45.63,21.8,3.17,0.0
20230522:1330,223.98,276.93,35.96,21.94,2.97,0.0
20230522:1430,102.54,139.01,25.93,22.04,3.03,0.0
20230522:1530,53.15,82.6,15.97,21.63,2.76,0.0
20230522:1630,12.99,27.84,6.42,21.01,3.1,0.0
20230522:1730,0.0,0.0,-2.38,19.76,3.59,0.0
20230522:1830,0.0,0.0,0.0,18.67,3.86,0.0
20230522:1930,0.0,0.0,0.0,17.96,3.1,0.0
20230522:2030,0.0,0.0,0.0,17.1,3.1,0.0
20230522:2130,0.0,0.0,0.0,16.51,3.1,0.0
20230522:2230,0.0,0.0,0.0,16.09,2.9,0.0
20230522:2330,0.0,0.0,0.0,15.74,2.62,0.0
20230523:0030,0.0,0.0,0.0,15.36,2.48,0.0
20230523:0130,0.0,0.0,0.0,14.9,2.28,0.0
20230523:0230,8.1,20.18,4.68,14.39,2.41,0.0
20230523:0330,35.84,61.42,14.1,14.61,2.41,0.0
20230523:0430,140.84,191.2,24.0,15.73,2.76,0.0
20230523:0530,312.3,373.68,34.05,16.86,2.83,0.0
20230523:0630,319.99,378.11,43.84,18.14,3.24,0.0
20230523:0730,368.45,436.66,52.75,18.63,2.07,0.0
20230523:0830,486.08,584.73,59.63,19.21,1.38,0.0
20230523:0930,430.01,518.98,62.7,19.97,0.9,0.0
20230523:1030,355.39,428.52,60.65,20.33,1.24,0.0
20230523:1130,233.76,285.29,54.39,20.71,1.59,0.0
20230523:1230,169.84,212.58,45.79,20.77,1.66,0.0
20230523:1330,256.21,314.22,36.11,20.75,1.72,0.0
20230523:1430,145.92,197.77,26.08,21.05,1.17,0.0
20230523:1530,45.58,77.0,16.12,21.02,1.45,0.0
20230523:1630,9.83,23.25,6.58,20.71,0.83,0.0
20230523:1730,0.0,0.0,-2.21,19.68,0.76,0.0
20230523:1830,0.0,0.0,0.0,18.37,1.52,0.0
20230523:1930,0.0,0.0,0.0,17.29,1.93,0.0
20230523:2030,0.0,0.0,0.0,16.54,2.14,0.0
20230523:2130,0.0,0.0,0.0,16.11,2.28,0.0
20230523:2230,0.0,0.0,0.0,15.86,2.07,0.0
20230523:2330,0.0,0.0,0.0,15.5,1.45,0.0
20230524:0030,0.0,0.0,0.0,15.29,1.24,0.0
20230524:0130,0.0,0.0,0.0,14.67,1.86,0.0
20230524:0230,6.58,17.87,4.81,14.36,2.21,0.0
20230524:0330,29.44,54.61,14.22,14.67,1.66,0.0
20230524:0430,140.94,193.42,24.11,16.58,1.52,0.0
20230524:0530,302.66,366.39,34.16,18.1,1.93,0.0
20230524:0630,420.59,501.63,43.96,19.29,2.14,0.0
20230524:0730,590.64,720.13,52.89,20.32,1.72,0.0
20230524:0830,544.83,661.9,59.8,21.44,2.07,0.0
20230524:0930,450.98,544.69,62.89,22.02,2.34,0.0
20230524:1030,400.82,482.77,60.83,22.29,2.41,0.0
20230524:1130,382.95,463.12,54.56,22.16,1.86,0.0
20230524:1230,291.96,358.94,45.94,22.51,1.1,0.0
20230524:1330,177.64,224.62,36.26,22.43,2.07,0.0
20230524:1430,106.16,141.08,26.23,21.14,2.48,0.0
20230524:1530,54.9,82.72,16.27,20.64,1.24,0.0
20230524:1630,16.38,32.5,6.73,20.27,0.21,0.0
20230524:1730,0.0,0.0,-2.05,19.76,0.76,0.0
20230524:1830,0.0,0.0,0.0,18.52,1.17,0.0
20230524:1930,0.0,0.0,0.0,17.32,1.59,0.0
20230524:2030,0.0,0.0,0.0,16.75,2.07,0.0
20230524:2130,0.0,0.0,0.0,16.49,2.28,0.0
20230524:2230,0.0,0.0,0.0,16.26,2.07,0.0
20230524:2330,0.0,0.0,0.0,15.78,1.38,0.0
20230525:0030,0.0,0.0,0.0,16.61,0.69,0.0
20230525:0130,0.0,0.0,-3.63,16.06,0.97,0.0
20230525:0230,9.89,22.83,4.94,14.64,1.59,0.0
20230525:0330,49.87,75.5,14.34,14.93,1.52,0.0
20230525:0430,143.52,192.75,24.23,16.42,1.45,0.0
20230525:0530,341.68,414.15,34.28,17.73,1.31,0.0
20230525:0630,506.59,615.41,44.08,19.14,0.9,0.0
20230525:0730,573.08,696.96,53.02,20.84,1.79,0.0
20230525:0830,568.34,691.2,59.96,21.66,2.14,0.0
20230525:0930,451.82,544.3,63.07,22.11,2.34,0.0
20230525:1030,443.05,534.99,61.01,22.26,2.21,0.0
20230525:1130,452.53,548.28,54.72,22.59,2.0,0.0
20230525:1230,317.07,384.14,46.09,22.73,1.86,0.0
20230525:1330,234.35,293.25,36.4,22.64,0.48,0.0
20230525:1430,133.53,180.23,26.37,22.51,1.86,0.0
20230525:1530,39.05,67.2,16.42,21.33,2.62,0.0
20230525:1630,10.83,24.68,6.88,20.17,0.83,0.0
20230525:1730,0.0,0.0,-1.89,19.58,0.48,0.0
20230525:1830,0.0,0.0,0.0,18.44,1.31,0.0
20230525:1930,0.0,0.0,0.0,16.77,1.31,0.0
20230525:2030,0.0,0.0,0.0,16.75,0.76,0.0
20230525:2130,0.0,0.0,0.0,16.22,0.9,0.0
20230525:2230,0.0,0.0,0.0,14.61,1.59,0.0
20230525:2330,0.0,0.0,0.0,14.6,1.31,0.0
20230526:0030,0.0,0.0,0.0,14.09,1.38,0.0
20230526:0130,0.0,0.0,-3.5,13.9,1.1,0.0
20230526:0230,7.39,19.09,5.06,13.97,0.76,0.0
20230526:0330,51.61,76.04,14.45,14.24,0.62,0.0
20230526:0430,127.97,166.36,24.33,15.01,0.69,0.0
20230526:0530,245.42,298.13,34.38,16.02,0.69,0.0
20230526:0630,395.04,474.3,44.2,17.49,0.83,0.0
20230526:0730,561.08,684.81,53.15,19.53,0.97,0.0
20230526:0830,620.12,773.92,60.11,20.76,0.69,0.0
20230526:0930,595.26,746.1,63.24,21.78,0.55,0.0
20230526:1030,638.11,813.18,61.19,22.4,0.41,0.0
20230526:1130,532.5,665.87,54.88,23.05,0.41,0.0
20230526:1230,368.68,449.07,46.24,23.32,1.31,0.0
20230526:1330,196.05,246.86,36.54,23.36,1.79,0.0
20230526:1430,96.53,134.7,26.51,22.79,1.86,0.0
20230526:1530,40.31,72.94,16.56,20.72,2.9,0.0
20230526:1630,13.38,28.3,7.03,20.13,2.0,0.0
20230526:1730,0.0,0.0,-1.73,19.45,1.59,0.0
20230526:1830,0.0,0.0,0.0,18.61,1.72,0.0
20230526:1930,0.0,0.0,0.0,17.86,1.79,0.0
20230526:2030,0.0,0.0,0.0,17.25,1.79,0.0
20230526:2130,0.0,0.0,0.0,16.67,1.38,0.0
20230526:2230,0.0,0.0,0.0,16.03,1.45,0.0
20230526:2330,0.0,0.0,0.0,15.69,1.86,0.0
20230527:0030,0.0,0.0,0.0,15.51,1.72,0.0
20230527:0130,0.0,0.0,-3.37,15.46,1.1,0.0
20230527:0230,8.29,20.52,5.17,15.01,1.03,0.0
20230527:0330,42.26,64.54,14.55,15.64,1.03,0.0
20230527:0430,68.57,95.63,24.43,16.32,1.24,0.0
20230527:0530,100.96,132.69,34.48,16.76,1.38,0.0
20230527:0630,299.77,358.06,44.3,17.02,1.79,0.0
20230527:0730,308.81,374.17,53.27,19.43,1.38,0.0
20230527:0830,408.39,496.73,60.26,20.08,1.03,0.0
20230527:0930,278.94,342.4,63.41,20.81,0.62,0.0
20230527:1030,239.79,296.19,61.36,20.92,0.62,0.0
20230527:1130,195.87,245.2,55.04,21.09,0.62,0.0
20230527:1230,264.45,324.93,46.38,21.07,0.9,0.0
20230527:1330,207.16,258.67,36.68,21.29,1.03,0.0
20230527:1430,156.12,204.21,26.64,21.24,0.9,0.0
20230527:1530,72.5,107.19,16.7,21.12,0.62,0.0
20230527:1630,20.16,37.67,7.18,20.87,0.41,0.0
20230527:1730,0.0,0.0,-1.58,20.36,0.14,0.0
20230527:1830,0.0,0.0,0.0,19.81,0.14,0.0
20230527:1930,0.0,0.0,0.0,16.82,1.52,0.0
20230527:2030,0.0,0.0,0.0,16.3,1.72,0.0
20230527:2130,0.0,0.0,0.0,15.68,1.72,0.0
20230527:2230,0.0,0.0,0.0,15.39,1.59,0.0
20230527:2330,0.0,0.0,0.0,15.25,1.52,0.0
20230528:0030,0.0,0.0,0.0,15.04,1.59,0.0
20230528:0130,0.0,0.0,-3.25,14.69,1.66,0.0
20230528:0230,7.9,19.93,5.28,14.92,1.72,0.0
20230528:0330,49.31,75.02,14.65,15.26,1.66,0.0
20230528:0430,136.96,183.32,24.53,15.79,1.31,0.0
20230528:0530,304.99,368.82,34.58,16.53,0.97,0.0
20230528:0630,338.9,408.94,44.4,18.25,0.76,0.0
20230528:0730,455.64,544.71,53.39,19.23,2.07,0.0
20230528:0830,540.21,650.41,60.4,20.42,2.41,0.0
20230528:0930,559.76,672.17,63.57,21.29,2.62,0.0
20230528:1030,520.29,625.84,61.52,21.78,2.97,0.0
20230528:1130,495.04,593.41,55.19,22.21,3.31,0.0
20230528:1230,447.57,536.01,46.52,22.61,3.52,0.0
20230528:1330,324.49,395.23,36.82,23.02,3.52,0.0
20230528:1430,131.2,178.02,26.78,22.21,4.21,0.0
20230528:1530,35.74,68.48,16.83,20.8,4.21,0.0
20230528:1630,12.67,27.29,7.32,20.16,3.93,0.0
20230528:1730,0.0,0.0,-1.43,19.32,3.52,0.0
20230528:1830,0.0,0.0,0.0,18.4,3.24,0.0
20230528:1930,0.0,0.0,0.0,17.64,2.69,0.0
20230528:2030,0.0,0.0,0.0,17.12,2.62,0.0
20230528:2130,0.0,0.0,0.0,16.74,2.97,0.0
20230528:2230,0.0,0.0,0.0,16.42,3.17,0.0
20230528:2330,0.0,0.0,0.0,16.19,3.38,0.0
20230529:0030,0.0,0.0,0.0,15.93,3.66,0.0
20230529:0130,0.0,0.0,-3.14,15.63,4.07,0.0
20230529:0230,10.09,23.17,5.38,15.34,4.34,0.0
20230529:0330,35.42,62.62,14.74,15.51,4.41,0.0
20230529:0430,158.08,214.06,24.62,16.38,4.48,0.0
20230529:0530,321.48,382.87,34.67,17.61,4.9,0.0
20230529:0630,484.15,565.67,44.5,18.87,5.17,0.0
20230529:0730,591.03,695.12,53.5,20.12,5.52,0.0
20230529:0830,699.96,834.06,60.53,21.58,5.79,0.0
20230529:0930,672.51,806.41,63.73,22.49,5.52,0.0
20230529:1030,634.69,760.22,61.68,22.98,5.59,0.0
20230529:1130,452.37,535.68,55.34,23.12,5.59,0.0
20230529:1230,277.84,333.88,46.66,22.57,5.52,0.0
20230529:1330,175.68,220.51,36.95,22.56,5.24,0.0
20230529:1430,97.35,132.21,26.91,21.59,4.83,0.0
20230529:1530,41.48,65.44,16.96,20.52,4.21,0.0
20230529:1630,8.7,21.49,7.46,19.91,3.79,0.0
20230529:1730,0.0,0.0,-1.29,19.11,3.59,0.0
20230529:1830,0.0,0.0,0.0,18.69,3.93,0.0
20230529:1930,0.0,0.0,0.0,17.98,3.66,0.0
20230529:2030,0.0,0.0,0.0,17.36,3.24,0.0
20230529:2130,0.0,0.0,0.0,17.0,3.45,0.0
20230529:2230,0.0,0.0,0.0,16.71,3.45,0.0
20230529:2330,0.0,0.0,0.0,16.6,3.59,0.0
20230530:0030,0.0,0.0,0.0,16.63,3.93,0.0
20230530:0130,0.0,0.0,0.0,16.66,4.34,0.0
20230530:0230,0.0,2.35,5.47,16.67,4.69,0.0
20230530:0330,1.5,9.19,14.83,16.55,4.9,0.0
20230530:0430,10.59,23.96,24.7,16.35,4.76,0.0
20230530:0530,65.62,91.66,34.75,16.23,4.48,0.0
20230530:0630,121.08,153.58,44.59,16.49,4.07,0.0
20230530:0730,157.56,194.73,53.6,16.55,4.62,0.0
20230530:0830,162.28,199.94,60.66,16.88,4.14,0.0
20230530:0930,147.67,184.8,63.88,17.32,3.59,0.0
20230530:1030,369.43,432.88,61.83,17.64,3.72,0.0
20230530:1130,132.59,167.29,55.48,18.56,3.93,0.0
20230530:1230,227.8,273.68,46.79,18.55,3.86,0.0
20230530:1330,186.81,230.52,37.07,19.28,3.66,0.0
20230530:1430,127.47,169.28,27.03,19.48,4.28,0.0
20230530:1530,51.89,81.95,17.09,19.17,4.69,0.0
20230530:1630,8.6,21.23,7.59,18.66,4.55,0.0
20230530:1730,0.0,0.0,-1.15,17.98,4.0,0.0
20230530:1830,0.0,0.0,0.0,17.38,3.79,0.0
20230530:1930,0.0,0.0,0.0,17.34,3.24,0.0
20230530:2030,0.0,0.0,0.0,17.0,3.31,0.0
20230530:2130,0.0,0.0,0.0,16.65,3.31,0.0
20230530:2230,0.0,0.0,0.0,16.45,3.45,0.0
20230530:2330,0.0,0.0,0.0,16.17,3.45,0.0
20230531:0030,0.0,0.0,0.0,15.98,3.45,0.0
20230531:0130,0.0,0.0,-2.93,15.77,3.45,0.0
20230531:0230,1.36,8.87,5.57,15.54,3.59,0.0
20230531:0330,24.58,42.61,14.91,15.43,3.72,0.0
20230531:0430,52.55,77.32,24.78,15.56,4.0,0.0
20230531:0530,120.77,153.8,34.83,15.72,4.41,0.0
20230531:0630,186.22,224.91,44.67,16.16,4.62,0.0
20230531:0730,238.49,282.35,53.7,16.68,4.48,0.0
20230531:0830,240.45,285.02,60.78,17.34,4.34,0.0
20230531:0930,326.74,383.39,64.02,17.86,4.41,0.0
20230531:1030,406.33,476.64,61.98,18.57,4.41,0.0
20230531:1130,350.07,412.23,55.62,19.44,4.55,0.0
20230531:1230,255.05,305.95,46.92,20.05,4.48,0.0
20230531:1330,289.45,349.53,37.2,20.45,4.0,0.0
20230531:1430,183.6,238.93,27.16,21.02,3.79,0.0
20230531:1530,54.6,96.36,17.22,21.08,3.17,0.0
20230531:1630,16.5,32.67,7.72,20.63,2.48,0.0
20230531:1730,0.0,0.0,-1.01,19.42,2.07,0.0
20230531:1830,0.0,0.0,0.0,17.78,1.72,0.0
20230531:1930,0.0,0.0,0.0,18.19,0.9,0.0
20230531:2030,0.0,0.0,0.0,16.76,1.31,0.0
20230531:2130,0.0,0.0,0.0,15.23,1.72,0.0
20230531:2230,0.0,0.0,0.0,14.3,2.0,0.0
20230531:2330,0.0,0.0,0.0,14.07,2.34,0.0
20230601:0030,0.0,0.0,0.0,14.18,2.83,0.0
20230601:0130,0.0,0.0,-2.84,14.43,3.38,0.0
20230601:0230,12.32,26.24,5.65,14.49,3.72,0.0
20230601:0330,45.87,73.15,14.99,14.74,3.79,0.0
20230601:0430,159.9,212.03,24.85,15.83,3.93,0.0
20230601:0530,342.39,407.41,34.9,16.96,4.0,0.0
20230601:0630,513.84,603.86,44.75,18.25,3.93,0.0
20230601:0730,579.01,685.98,53.79,19.43,3.93,0.0
20230601:0830,678.84,813.06,60.9,20.4,4.0,0.0
20230601:0930,503.87,597.34,64.16,21.33,4.14,0.0
20230601:1030,545.71,651.39,62.12,21.46,3.86,0.0
20230601:1130,501.84,599.05,55.75,21.84,3.52,0.0
20230601:1230,397.33,474.36,47.04,21.97,3.31,0.0
20230601:1330,343.23,416.53,37.32,21.98,3.1,0.0
20230601:1430,197.66,263.85,27.28,22.06,2.9,0.0
20230601:1530,43.85,83.83,17.34,21.85,2.69,0.0
20230601:1630,15.99,32.04,7.85,21.11,2.14,0.0
20230601:1730,0.0,0.0,-0.88,19.92,2.28,0.0
20230601:1830,0.0,0.0,0.0,18.53,2.34,0.0
20230601:1930,0.0,0.0,0.0,17.19,1.66,0.0
20230601:2030,0.0,0.0,0.0,16.53,1.59,0.0
20230601:2130,0.0,0.0,0.0,16.4,1.52,0.0
20230601:2230,0.0,0.0,0.0,16.47,1.38,0.0
20230601:2330,0.0,0.0,0.0,16.48,1.31,0.0
20230602:0030,0.0,0.0,0.0,15.35,1.45,0.0
20230602:0130,0.0,0.0,-2.75,14.61,1.52,0.0
20230602:0230,10.37,23.5,5.73,14.46,1.52,0.0
20230602:0330,29.87,57.67,15.06,15.14,1.24,0.0
20230602:0430,170.36,235.4,24.92,16.35,0.69,0.0
20230602:0530,370.03,454.87,34.97,18.85,0.62,0.0
20230602:0630,536.64,658.53,44.82,20.37,0.9,0.0
20230602:0730,663.34,827.07,53.88,21.2,1.24,0.0
20230602:0830,739.79,939.84,61.0,22.05,1.31,0.0
20230602:0930,757.28,966.2,64.29,22.64,1.45,0.0
20230602:1030,715.49,902.4,62.26,23.17,1.72,0.0
20230602:1130,654.88,818.78,55.88,23.53,1.72,0.0
20230602:1230,564.54,698.28,47.17,23.8,1.72,0.0
20230602:1330,395.24,489.01,37.44,23.97,1.72,0.0
20230602:1430,215.96,290.87,27.39,23.93,1.59,0.0
20230602:1530,48.76,96.81,17.46,23.71,1.66,0.0
20230602:1630,16.34,32.76,7.97,23.01,1.86,0.0
20230602:1730,0.0,0.0,-0.75,21.69,2.48,0.0
20230602:1830,0.0,0.0,0.0,20.35,3.03,0.0
20230602:1930,0.0,0.0,0.0,19.23,3.45,0.0
20230602:2030,0.0,0.0,0.0,18.53,3.79,0.0
20230602:2130,0.0,0.0,0.0,18.03,3.93,0.0
20230602:2230,0.0,0.0,0.0,17.64,3.79,0.0
20230602:2330,0.0,0.0,0.0,17.24,3.38,0.0
20230603:0030,0.0,0.0,0.0,16.82,3.1,0.0
20230603:0130,0.0,0.0,-2.67,16.37,2.83,0.0
20230603:0230,11.17,24.77,5.8,15.96,2.62,0.0
20230603:0330,30.93,58.96,15.13,16.21,2.34,0.0
20230603:0430,172.24,238.01,24.98,17.96,2.28,0.0
20230603:0530,369.83,449.23,35.03,19.6,2.48,0.0
20230603:0630,540.21,651.51,44.89,21.01,2.55,0.0
20230603:0730,668.2,820.59,53.96,21.69,2.34,0.0
20230603:0830,736.23,917.54,61.1,22.78,2.48,0.0
20230603:0930,703.94,874.37,64.42,23.63,2.62,0.0
20230603:1030,728.85,909.83,62.39,24.17,2.76,0.0
20230603:1130,578.73,708.8,56.0,24.61,2.83,0.0
20230603:1230,395.07,477.6,47.28,24.71,3.03,0.0
20230603:1330,303.29,371.88,37.55,24.14,3.59,0.0
20230603:1430,157.64,211.3,27.51,22.8,5.1,0.0
20230603:1530,43.18,83.82,17.58,21.09,6.69,0.0
20230603:1630,13.2,27.96,8.09,19.6,7.24,0.0
20230603:1730,0.0,0.0,-0.63,18.33,7.38,0.0
20230603:1830,0.0,0.0,0.0,17.36,7.31,0.0
20230603:1930,0.0,0.0,0.0,15.69,7.38,0.0
20230603:2030,0.0,0.0,0.0,15.08,7.31,0.0
20230603:2130,0.0,0.0,0.0,14.5,7.24,0.0
20230603:2230,0.0,0.0,0.0,13.91,7.1,0.0
20230603:2330,0.0,0.0,0.0,13.38,7.17,0.0
20230604:0030,0.0,0.0,0.0,12.9,7.31,0.0
20230604:0130,0.0,0.0,-2.59,12.26,7.17,0.0
20230604:0230,11.51,24.85,5.87,11.67,7.1,0.0
20230604:0330,31.97,59.38,15.19,11.37,6.9,0.0
20230604:0430,184.75,244.9,25.03,11.66,7.59,0.0
20230604:0530,405.02,465.77,35.08,12.53,7.72,0.0
20230604:0630,595.62,674.68,44.95,13.76,7.38,0.0
20230604:0730,739.18,846.43,54.03,14.79,7.17,0.0
20230604:0830,826.71,961.79,61.2,16.08,6.9,0.0
20230604:0930,855.7,1006.32,64.53,17.17,6.62,0.0
20230604:1030,828.71,978.65,62.51,18.06,6.28,0.0
20230604:1130,748.81,880.87,56.12,18.72,6.14,0.0
20230604:1230,616.86,722.2,47.4,19.15,5.86,0.0
20230604:1330,439.77,520.15,37.66,19.3,5.59,0.0
20230604:1430,232.09,301.11,27.62,19.22,5.38,0.0
20230604:1530,51.68,100.6,17.69,18.86,5.03,0.0
20230604:1630,18.33,34.82,8.2,18.2,4.41,0.0
20230604:1730,0.0,0.0,-0.51,16.97,4.14,0.0
20230604:1830,0.0,0.0,0.0,15.71,3.93,0.0
20230604:1930,0.0,0.0,0.0,15.05,3.93,0.0
20230604:2030,0.0,0.0,0.0,14.35,3.93,0.0
20230604:2130,0.0,0.0,0.0,13.72,3.86,0.0
20230604:2230,0.0,0.0,0.0,13.14,3.93,0.0
20230604:2330,0.0,0.0,0.0,12.67,4.14,0.0
20230605:0030,0.0,0.0,0.0,12.3,4.21,0.0
20230605:0130,0.0,0.0,-2.52,11.99,4.28,0.0
20230605:0230,12.33,25.99,5.93,11.67,4.14,0.0
20230605:0330,31.27,58.98,15.24,11.96,4.0,0.0
20230605:0430,183.53,246.93,25.08,13.2,3.66,0.0
20230605:0530,393.56,464.68,35.13,14.94,3.59,0.0
20230605:0630,571.96,671.08,45.0,16.6,3.45,0.0
20230605:0730,706.86,837.72,54.1,17.89,4.14,0.0
20230605:0830,796.57,951.34,61.29,18.86,4.97,0.0
20230605:0930,805.1,963.27,64.64,19.51,5.31,0.0
20230605:1030,791.74,947.98,62.63,19.97,5.31,0.0
20230605:1130,689.4,819.63,56.24,20.39,5.24,0.0
20230605:1230,536.99,633.47,47.51,20.46,5.24,0.0
20230605:1330,389.56,464.17,37.77,20.38,5.17,0.0
20230605:1430,211.27,272.88,27.72,20.27,5.1,0.0
20230605:1530,54.34,102.26,17.79,19.92,4.83,0.0
20230605:1630,18.04,34.56,8.31,19.26,4.07,0.0
20230605:1730,0.0,0.0,-0.4,17.98,3.38,0.0
20230605:1830,0.0,0.0,0.0,16.58,3.03,0.0
20230605:1930,0.0,0.0,0.0,16.0,2.83,0.0
20230605:2030,0.0,0.0,0.0,14.95,2.76,0.0
20230605:2130,0.0,0.0,0.0,13.97,2.62,0.0
20230605:2230,0.0,0.0,0.0,12.97,2.41,0.0
20230605:2330,0.0,0.0,0.0,12.0,2.28,0.0
20230606:0030,0.0,0.0,0.0,11.24,2.28,0.0
20230606:0130,0.0,0.0,-2.45,10.68,2.28,0.0
20230606:0230,12.29,25.82,5.98,10.36,2.41,0.0
20230606:0330,30.94,58.33,15.29,11.26,2.28,0.0
20230606:0430,180.35,244.91,25.13,14.3,2.21,0.0
20230606:0530,378.79,453.92,35.18,16.41,2.28,0.0
20230606:0630,556.41,661.67,45.05,18.07,2.62,0.0
20230606:0730,689.62,830.85,54.16,19.2,3.03,0.0
20230606:0830,770.2,941.37,61.37,20.24,3.24,0.0
20230606:0930,798.26,986.36,64.75,21.02,3.1,0.0
20230606:1030,779.11,964.66,62.75,21.64,2.97,0.0
20230606:1130,689.62,844.15,56.35,22.13,2.97,0.0
20230606:1230,453.38,545.41,47.61,22.6,3.24,0.0
20230606:1330,304.49,371.68,37.87,22.56,3.17,0.0
20230606:1430,179.96,235.61,27.83,22.38,3.17,0.0
20230606:1530,58.45,104.65,17.9,22.09,2.9,0.0
20230606:1630,17.38,33.97,8.42,21.42,2.28,0.0
20230606:1730,0.0,0.0,-0.29,20.1,2.41,0.0
20230606:1830,0.0,0.0,0.0,18.57,2.48,0.0
20230606:1930,0.0,0.0,0.0,17.47,2.9,0.0
20230606:2030,0.0,0.0,0.0,16.45,2.48,0.0
20230606:2130,0.0,0.0,0.0,15.59,1.79,0.0
20230606:2230,0.0,0.0,0.0,16.99,1.24,0.0
20230606:2330,0.0,0.0,0.0,16.85,1.31,0.0
20230607:0030,0.0,0.0,0.0,15.44,1.59,0.0
20230607:0130,0.0,0.0,-2.4,14.79,1.72,0.0
20230607:0230,12.12,25.99,6.03,14.6,1.66,0.0
20230607:0330,37.62,65.39,15.33,14.18,1.66,0.0
20230607:0430,173.74,233.13,25.17,16.54,1.24,0.0
20230607:0530,343.87,421.33,35.21,19.08,0.97,0.0
20230607:0630,527.67,649.61,45.09,20.49,0.69,0.0
20230607:0730,650.38,817.87,54.21,21.37,0.76,0.0
20230607:0830,718.81,916.33,61.44,22.47,1.1,0.0
20230607:0930,739.56,942.11,64.84,23.24,1.59,0.0
20230607:1030,734.95,931.32,62.85,23.74,1.86,0.0
20230607:1130,661.16,828.63,56.45,24.12,1.86,0.0
20230607:1230,489.61,604.72,47.71,24.43,1.72,0.0
20230607:1330,299.93,373.91,37.97,24.51,1.31,0.0
20230607:1430,187.42,249.16,27.92,24.41,0.76,0.0
20230607:1530,61.54,107.53,18.0,24.33,0.55,0.0
20230607:1630,23.85,43.01,8.52,23.77,0.69,0.0
20230607:1730,0.0,0.0,-0.18,22.22,0.97,0.0
20230607:1830,0.0,0.0,0.0,21.39,1.03,0.0
20230607:1930,0.0,0.0,0.0,21.33,0.69,0.0
20230607:2030,0.0,0.0,0.0,18.96,1.31,0.0
20230607:2130,0.0,0.0,0.0,16.51,2.62,0.0
20230607:2230,0.0,0.0,0.0,16.28,2.83,0.0
20230607:2330,0.0,0.0,0.0,15.85,2.28,0.0
20230608:0030,0.0,0.0,0.0,16.31,1.72,0.0
20230608:0130,0.0,0.0,-2.34,18.45,0.97,0.0
20230608:0230,14.97,30.4,6.08,18.85,0.34,0.0
20230608:0330,52.66,80.78,15.37,18.57,0.9,0.0
20230608:0430,162.98,215.13,25.2,17.82,1.24,0.0
20230608:0530,283.0,347.78,35.25,20.32,1.52,0.0
20230608:0630,453.31,549.83,45.13,21.33,1.72,0.0
20230608:0730,582.48,711.32,54.26,22.0,2.41,0.0
20230608:0830,637.77,784.58,61.51,22.95,2.76,0.0
20230608:0930,604.99,743.92,64.94,23.65,2.9,0.0
20230608:1030,517.49,632.49,62.96,24.04,2.97,0.0
20230608:1130,355.93,434.08,56.55,24.22,2.76,0.0
20230608:1230,366.85,446.31,47.81,24.12,2.48,0.0
20230608:1330,321.55,396.75,38.06,24.26,2.48,0.0
20230608:1430,202.24,269.02,28.02,24.33,2.55,0.0
20230608:1530,50.46,100.3,18.09,24.12,2.48,0.0
20230608:1630,17.86,34.9,8.62,23.42,1.93,0.0
20230608:1730,0.0,0.0,-0.08,22.14,2.07,0.0
20230608:1830,0.0,0.0,0.0,20.57,2.48,0.0
20230608:1930,0.0,0.0,0.0,19.42,2.97,0.0
20230608:2030,0.0,0.0,0.0,18.6,2.83,0.0
20230608:2130,0.0,0.0,0.0,18.09,3.03,0.0
20230608:2230,0.0,0.0,0.0,17.64,3.24,0.0
20230608:2330,0.0,0.0,0.0,17.23,3.31,0.0
20230609:0030,0.0,0.0,0.0,16.88,3.38,0.0
20230609:0130,0.0,0.0,-2.3,16.51,3.59,0.0
20230609:0230,11.87,25.78,6.12,16.18,3.66,0.0
20230609:0330,31.38,58.01,15.4,16.62,3.59,0.0
20230609:0430,165.53,226.18,25.23,18.06,3.45,0.0
20230609:0530,340.32,411.58,35.28,19.97,3.79,0.0
20230609:0630,529.83,632.74,45.16,21.85,4.28,0.0
20230609:0730,671.67,809.38,54.3,23.59,5.24,0.0
20230609:0830,750.98,917.07,61.57,24.84,5.45,0.0
20230609:0930,779.38,961.42,65.02,25.73,5.24,0.0
20230609:1030,755.45,934.39,63.05,26.34,4.97,0.0
20230609:1130,677.44,833.54,56.65,26.74,4.76,0.0
20230609:1230,536.62,655.04,47.9,26.97,4.76,0.0
20230609:1330,334.4,412.75,38.15,26.92,4.69,0.0
20230609:1430,211.03,282.33,28.11,26.52,4.28,0.0
20230609:1530,53.56,102.17,18.19,26.15,4.0,0.0
20230609:1630,20.53,38.73,8.71,25.07,3.79,0.0
20230609:1730,0.0,4.84,0.01,23.5,3.66,0.0
20230609:1830,0.0,0.0,0.0,22.05,3.52,0.0
20230609:1930,0.0,0.0,0.0,21.33,3.72,0.0
20230609:2030,0.0,0.0,0.0,20.48,3.59,0.0
20230609:2130,0.0,0.0,0.0,19.75,3.52,0.0
20230609:2230,0.0,0.0,0.0,19.15,3.59,0.0
20230609:2330,0.0,0.0,0.0,18.74,3.86,0.0
20230610:0030,0.0,0.0,0.0,18.55,4.14,0.0
20230610:0130,0.0,0.0,-2.26,18.43,4.21,0.0
20230610:0230,14.8,30.06,6.15,18.3,4.41,0.0
20230610:0330,64.14,91.8,15.43,18.62,4.48,0.0
20230610:0430,145.3,188.48,25.25,19.47,4.55,0.0
20230610:0530,243.6,297.91,35.3,20.78,4.55,0.0
20230610:0630,354.03,424.67,45.19,22.04,4.76,0.0
20230610:0730,414.55,497.48,54.34,23.4,4.83,0.0
20230610:0830,428.84,518.21,61.62,24.54,4.9,0.0
20230610:0930,501.24,606.61,65.1,25.22,5.24,0.0
20230610:1030,555.73,674.93,63.14,25.78,5.52,0.0
20230610:1130,480.09,581.66,56.74,26.31,5.31,0.0
20230610:1230,375.27,457.7,47.99,26.52,4.97,0.0
20230610:1330,275.75,342.1,38.24,26.47,5.03,0.0
20230610:1430,143.01,190.16,28.2,26.29,5.17,0.0
20230610:1530,64.68,97.62,18.27,25.63,4.69,0.0
20230610:1630,17.74,34.86,8.8,24.51,4.28,0.0
20230610:1730,0.0,2.86,0.1,23.45,3.86,0.0
20230610:1830,0.0,0.0,0.0,22.64,3.31,0.0
20230610:1930,0.0,0.0,0.0,21.7,3.66,0.0
20230610:2030,0.0,0.0,0.0,20.88,3.45,0.0
20230610:2130,0.0,0.0,0.0,20.46,3.31,0.0
20230610:2230,0.0,0.0,0.0,19.99,2.97,0.0
20230610:2330,0.0,0.0,0.0,20.09,2.9,0.0
20230611:0030,0.0,0.0,0.0,19.99,3.59,0.0
20230611:0130,0.0,0.0,-2.22,19.9,4.34,0.0
20230611:0230,5.12,15.85,6.18,19.82,4.83,0.0
20230611:0330,42.69,65.72,15.45,19.68,4.97,0.0
20230611:0430,107.92,144.68,25.27,19.84,4.69,0.0
20230611:0530,134.61,172.76,35.32,20.36,3.79,0.0
20230611:0630,152.74,193.33,45.21,20.77,4.28,0.0
20230611:0730,232.03,283.49,54.37,21.24,5.1,0.0
20230611:0830,223.06,273.52,61.67,21.45,5.38,0.0
20230611:0930,176.15,219.88,65.17,21.18,5.45,0.0
20230611:1030,146.65,185.12,63.23,19.81,5.03,0.0
20230611:1130,152.23,190.26,56.83,18.75,5.24,0.0
20230611:1230,175.5,215.27,48.07,18.54,5.45,0.0
20230611:1330,128.01,163.04,38.32,18.25,5.24,0.0
20230611:1430,87.57,119.35,28.28,18.13,5.38,0.0
20230611:1530,30.58,53.08,18.36,17.81,5.93,0.0
20230611:1630,5.8,16.82,8.88,17.39,5.86,0.0
20230611:1730,0.0,1.35,0.19,17.06,6.0,0.0
20230611:1830,0.0,0.0,0.0,16.8,6.14,0.0
20230611:1930,0.0,0.0,0.0,16.0,6.21,0.0
20230611:2030,0.0,0.0,0.0,15.37,6.21,0.0
20230611:2130,0.0,0.0,0.0,14.94,6.21,0.0
20230611:2230,0.0,0.0,0.0,14.63,5.79,0.0
20230611:2330,0.0,0.0,0.0,14.34,5.45,0.0
20230612:0030,0.0,0.0,0.0,14.25,5.45,0.0
20230612:0130,0.0,0.0,-2.19,14.08,5.52,0.0
20230612:0230,1.23,8.58,6.2,14.14,5.17,0.0
20230612:0330,12.89,27.6,15.47,14.29,5.17,0.0
20230612:0430,59.94,88.72,25.28,14.6,5.86,0.0
20230612:0530,113.28,145.11,35.33,15.12,5.66,0.0
20230612:0630,187.19,224.23,45.23,15.79,5.45,0.0
20230612:0730,304.6,353.75,54.39,16.97,5.59,0.0
20230612:0830,338.73,396.73,61.71,18.55,5.31,0.0
20230612:0930,508.64,595.23,65.23,19.78,5.31,0.0
20230612:1030,389.53,459.35,63.3,20.92,5.45,0.0
20230612:1130,326.26,386.38,56.91,21.4,5.31,0.0
20230612:1230,265.79,319.38,48.15,21.62,5.38,0.0
20230612:1330,159.03,200.4,38.4,21.66,5.31,0.0
20230612:1430,98.46,134.95,28.36,21.33,4.83,0.0
20230612:1530,37.13,63.43,18.44,20.71,4.07,0.0
20230612:1630,10.96,24.85,8.96,20.29,3.38,0.0
20230612:1730,0.0,3.2,0.27,19.89,3.24,0.0
20230612:1830,0.0,0.0,0.0,19.21,2.69,0.0
20230612:1930,0.0,0.0,0.0,18.86,5.1,0.0
20230612:2030,0.0,0.0,0.0,18.82,5.17,0.0
20230612:2130,0.0,0.0,0.0,18.65,4.9,0.0
20230612:2230,0.0,0.0,0.0,18.2,4.55,0.0
20230612:2330,0.0,0.0,0.0,17.38,4.34,0.0
20230613:0030,0.0,0.0,0.0,16.5,4.28,0.0
20230613:0130,0.0,0.0,-2.17,15.63,4.14,0.0
20230613:0230,11.9,25.69,6.21,14.9,4.21,0.0
20230613:0330,35.36,61.5,15.48,14.93,4.21,0.0
20230613:0430,161.39,218.95,25.29,15.68,4.62,0.0
20230613:0530,338.52,402.48,35.34,16.78,4.62,0.0
20230613:0630,437.61,512.7,45.24,18.08,4.48,0.0
20230613:0730,569.98,671.97,54.41,19.45,4.97,0.0
20230613:0830,509.66,602.07,61.75,20.66,5.38,0.0
20230613:0930,499.25,595.13,65.29,21.27,4.83,0.0
20230613:1030,444.08,531.85,63.38,21.92,4.21,0.0
20230613:1130,354.36,428.57,56.98,22.51,3.66,0.0
20230613:1230,243.86,300.1,48.23,22.81,3.66,0.0
20230613:1330,178.89,225.25,38.48,22.72,4.07,0.0
20230613:1430,155.78,202.14,28.43,22.44,4.55,0.0
20230613:1530,74.65,108.82,18.51,22.13,4.9,0.0
20230613:1630,24.54,43.44,9.04,21.47,4.62,0.0
20230613:1730,0.0,4.46,0.34,20.68,4.0,0.0
20230613:1830,0.0,0.0,0.0,19.75,4.14,0.0
20230613:1930,0.0,0.0,0.0,20.28,4.28,0.0
20230613:2030,0.0,0.0,0.0,19.8,3.66,0.0
20230613:2130,0.0,0.0,0.0,19.17,3.66,0.0
20230613:2230,0.0,0.0,0.0,18.24,3.45,0.0
20230613:2330,0.0,0.0,0.0,17.67,3.31,0.0
20230614:0030,0.0,0.0,0.0,17.21,3.31,0.0
20230614:0130,0.0,0.0,-2.15,16.99,3.31,0.0
20230614:0230,7.06,18.75,6.22,16.58,3.72,0.0
20230614:0330,34.62,58.41,15.48,16.59,4.0,0.0
20230614:0430,111.23,154.79,25.29,17.08,4.0,0.0
20230614:0530,225.19,273.74,35.34,17.65,4.14,0.0
20230614:0630,292.98,346.55,45.24,18.53,4.21,0.0
20230614:0730,514.44,603.45,54.42,19.26,4.55,0.0
20230614:0830,374.08,439.98,61.77,20.76,5.52,0.0
20230614:0930,384.6,454.67,65.34,21.1,5.24,0.0
20230614:1030,288.44,346.97,63.44,21.68,4.55,0.0
20230614:1130,240.05,294.6,57.05,22.16,3.72,0.0
20230614:1230,197.0,244.26,48.3,22.49,3.72,0.0
20230614:1330,167.65,211.94,38.55,22.62,3.93,0.0
20230614:1430,134.82,180.02,28.5,22.55,4.0,0.0
20230614:1530,51.89,89.25,18.58,22.43,3.66,0.0
20230614:1630,14.25,29.73,9.11,22.08,3.45,0.0
20230614:1730,0.0,3.57,0.41,21.3,3.45,0.0
20230614:1830,0.0,0.0,0.0,20.58,3.52,0.0
20230614:1930,0.0,0.0,0.0,19.65,3.79,0.0
20230614:2030,0.0,0.0,0.0,18.95,3.24,0.0
20230614:2130,0.0,0.0,0.0,18.08,2.9,0.0
20230614:2230,0.0,0.0,0.0,17.4,2.76,0.0
20230614:2330,0.0,0.0,0.0,16.92,2.76,0.0
20230615:0030,0.0,0.0,0.0,16.56,2.9,0.0
20230615:0130,0.0,0.0,-2.14,16.39,3.03,0.0
20230615:0230,10.76,24.22,6.23,16.3,3.03,0.0
20230615:0330,37.87,61.46,15.48,16.76,2.83,0.0
20230615:0430,123.59,167.88,25.29,17.67,2.9,0.0
20230615:0530,252.95,308.03,35.34,18.66,2.76,0.0
20230615:0630,268.35,324.76,45.24,19.7,2.48,0.0
20230615:0730,206.84,255.23,54.43,20.3,2.69,0.0
20230615:0830,243.8,298.19,61.8,20.79,2.34,0.0
20230615:0930,265.54,324.51,65.38,21.21,2.07,0.0
20230615:1030,243.71,299.93,63.5,21.69,2.28,0.0
20230615:1130,181.8,228.72,57.12,22.11,2.41,0.0
20230615:1230,177.5,223.39,48.37,22.34,2.69,0.0
20230615:1330,181.91,228.99,38.61,22.56,2.9,0.0
20230615:1430,143.18,191.14,28.57,22.92,2.83,0.0
20230615:1530,45.14,81.56,18.65,23.22,2.55,0.0
20230615:1630,14.71,30.48,9.18,23.02,2.21,0.0
20230615:1730,0.0,4.2,0.48,22.21,2.41,0.0
20230615:1830,0.0,0.0,0.0,21.41,2.69,0.0
20230615:1930,0.0,0.0,0.0,20.81,2.9,0.0
20230615:2030,0.0,0.0,0.0,20.28,2.97,0.0
20230615:2130,0.0,0.0,0.0,19.85,3.1,0.0
20230615:2230,0.0,0.0,0.0,19.45,3.52,0.0
20230615:2330,0.0,0.0,0.0,19.06,3.79,0.0
20230616:0030,0.0,0.0,0.0,18.48,3.93,0.0
20230616:0130,0.0,0.0,-2.14,18.01,3.86,0.0
20230616:0230,12.02,26.11,6.23,17.51,3.79,0.0
20230616:0330,31.37,56.86,15.48,17.56,3.66,0.0
20230616:0430,162.34,226.25,25.28,18.38,3.93,0.0
20230616:0530,356.38,430.29,35.33,19.46,3.93,0.0
20230616:0630,527.58,627.11,45.24,20.57,3.93,0.0
20230616:0730,660.1,789.71,54.43,21.44,4.55,0.0
20230616:0830,649.38,780.76,61.81,22.53,4.62,0.0
20230616:0930,499.68,598.76,65.41,23.53,4.69,0.0
20230616:1030,427.64,514.77,63.55,23.97,4.14,0.0
20230616:1130,325.98,395.99,57.18,24.48,4.0,0.0
20230616:1230,255.3,313.6,48.43,24.72,4.07,0.0
20230616:1330,265.27,327.56,38.68,24.74,4.14,0.0
20230616:1430,141.14,186.9,28.63,24.94,4.28,0.0
20230616:1530,67.56,107.95,18.71,24.58,3.24,0.0
20230616:1630,21.34,39.69,9.24,24.15,2.69,0.0
20230616:1730,0.0,4.5,0.54,23.18,2.41,0.0
20230616:1830,0.0,0.0,0.0,22.1,2.62,0.0
20230616:1930,0.0,0.0,0.0,21.71,2.76,0.0
20230616:2030,0.0,0.0,0.0,20.88,3.03,0.0
20230616:2130,0.0,0.0,0.0,20.51,3.1,0.0
20230616:2230,0.0,0.0,0.0,19.84,3.17,0.0
20230616:2330,0.0,0.0,0.0,19.44,3.31,0.0
20230617:0030,0.0,0.0,0.0,18.86,3.31,0.0
20230617:0130,0.0,0.0,-2.14,18.32,3.24,0.0
20230617:0230,11.62,25.56,6.22,17.69,3.38,0.0
20230617:0330,29.35,54.58,15.47,17.85,3.59,0.0
20230617:0430,163.2,228.53,25.27,18.89,3.79,0.0
20230617:0530,354.53,429.8,35.31,20.27,3.93,0.0
20230617:0630,521.09,622.92,45.22,21.63,3.86,0.0
20230617:0730,621.48,749.48,54.43,22.85,4.0,0.0
20230617:0830,735.89,905.93,61.82,23.78,3.79,0.0
20230617:0930,663.89,813.75,65.44,24.77,3.79,0.0
20230617:1030,622.2,760.14,63.6,25.29,3.86,0.0
20230617:1130,488.87,591.45,57.23,25.78,4.0,0.0
20230617:1230,444.64,539.19,48.48,26.08,3.93,0.0
20230617:1330,278.29,344.7,38.73,26.39,4.34,0.0
20230617:1430,175.11,236.66,28.69,26.05,4.62,0.0
20230617:1530,45.35,87.36,18.77,25.9,4.0,0.0
20230617:1630,16.08,32.67,9.29,25.38,3.38,0.0
20230617:1730,0.0,4.92,0.59,24.39,3.03,0.0
20230617:1830,0.0,0.0,0.0,23.25,2.97,0.0
20230617:1930,0.0,0.0,0.0,22.18,2.9,0.0
20230617:2030,0.0,0.0,0.0,21.33,2.9,0.0
20230617:2130,0.0,0.0,0.0,20.63,3.1,0.0
20230617:2230,0.0,0.0,0.0,20.13,3.31,0.0
20230617:2330,0.0,0.0,0.0,19.58,3.52,0.0
20230618:0030,0.0,0.0,0.0,19.15,3.79,0.0
20230618:0130,0.0,0.0,-2.14,18.82,4.07,0.0
20230618:0230,11.87,25.99,6.21,18.51,4.21,0.0
20230618:0330,28.81,53.85,15.45,18.74,4.07,0.0
20230618:0430,162.55,228.83,25.25,19.81,4.0,0.0
20230618:0530,353.01,429.17,35.3,21.33,4.48,0.0
20230618:0630,528.71,632.52,45.21,22.77,4.69,0.0
20230618:0730,658.39,795.74,54.42,24.12,5.03,0.0
20230618:0830,739.03,905.96,61.82,25.44,5.17,0.0
20230618:0930,744.76,918.09,65.47,26.62,5.31,0.0
20230618:1030,704.33,867.86,63.64,27.54,5.38,0.0
20230618:1130,586.13,716.32,57.28,28.13,5.38,0.0
20230618:1230,518.29,633.2,48.54,28.17,5.1,0.0
20230618:1330,364.31,450.86,38.79,28.19,4.9,0.0
20230618:1430,176.95,240.76,28.74,27.93,4.55,0.0
20230618:1530,45.85,87.15,18.82,27.38,4.07,0.0
20230618:1630,17.59,34.9,9.34,26.37,3.72,0.0
20230618:1730,0.0,5.63,0.64,25.01,3.59,0.0
20230618:1830,0.0,0.0,0.0,23.54,3.59,0.0
20230618:1930,0.0,0.0,0.0,22.4,4.07,0.0
20230618:2030,0.0,0.0,0.0,21.61,4.21,0.0
20230618:2130,0.0,0.0,0.0,20.94,4.0,0.0
20230618:2230,0.0,0.0,0.0,20.26,3.93,0.0
20230618:2330,0.0,0.0,0.0,19.81,3.79,0.0
20230619:0030,0.0,0.0,0.0,19.33,3.66,0.0
20230619:0130,0.0,0.0,-2.16,18.82,3.59,0.0
20230619:0230,10.84,24.51,6.19,18.38,3.66,0.0
20230619:0330,28.19,51.95,15.43,18.46,3.72,0.0
20230619:0430,149.1,206.04,25.23,19.26,3.86,0.0
20230619:0530,326.53,396.6,35.27,20.48,4.07,0.0
20230619:0630,536.3,641.52,45.19,21.94,4.14,0.0
20230619:0730,665.59,808.22,54.4,23.44,4.14,0.0
20230619:0830,748.04,923.19,61.82,24.71,4.21,0.0
20230619:0930,775.79,967.78,65.48,25.51,4.0,0.0
20230619:1030,751.24,941.6,63.67,25.98,3.59,0.0
20230619:1130,686.11,855.06,57.32,26.35,3.38,0.0
20230619:1230,573.73,708.27,48.58,26.55,3.24,0.0
20230619:1330,420.29,520.2,38.83,26.54,3.31,0.0
20230619:1430,218.5,292.85,28.79,26.34,3.31,0.0
20230619:1530,56.75,107.71,18.87,25.94,3.38,0.0
20230619:1630,19.45,37.3,9.39,25.18,3.17,0.0
20230619:1730,0.14,6.18,0.69,23.79,3.24,0.0
20230619:1830,0.0,0.0,0.0,22.34,3.38,0.0
20230619:1930,0.0,0.0,0.0,21.2,3.52,0.0
20230619:2030,0.0,0.0,0.0,20.39,3.66,0.0
20230619:2130,0.0,0.0,0.0,19.74,3.66,0.0
20230619:2230,0.0,0.0,0.0,19.17,3.38,0.0
20230619:2330,0.0,0.0,0.0,18.55,3.03,0.0
20230620:0030,0.0,0.0,0.0,17.94,2.83,0.0
20230620:0130,0.0,0.0,-2.17,17.32,2.83,0.0
20230620:0230,11.94,25.94,6.17,16.82,2.83,0.0
20230620:0330,28.64,52.85,15.41,17.1,2.55,0.0
20230620:0430,163.16,229.64,25.2,18.57,2.41,0.0
20230620:0530,356.64,437.0,35.25,20.21,2.07,0.0
20230620:0630,520.48,636.31,45.16,21.83,1.59,0.0
20230620:0730,651.5,801.65,54.38,23.02,2.55,0.0
20230620:0830,729.85,913.11,61.81,24.26,2.69,0.0
20230620:0930,760.53,961.44,65.49,25.15,2.69,0.0
20230620:1030,738.05,937.01,63.7,25.82,2.41,0.0
20230620:1130,668.43,846.38,57.36,26.3,2.0,0.0
20230620:1230,549.55,689.11,48.62,26.67,1.72,0.0
20230620:1330,413.79,519.18,38.88,26.86,1.72,0.0
20230620:1430,225.37,305.26,28.83,26.86,1.66,0.0
20230620:1530,55.18,109.08,18.91,26.65,1.38,0.0
20230620:1630,19.17,37.09,9.43,26.23,1.31,0.0
20230620:1730,0.19,6.35,0.72,24.97,1.72,0.0
20230620:1830,0.0,0.0,0.0,22.92,1.86,0.0
20230620:1930,0.0,0.0,0.0,22.18,1.45,0.0
20230620:2030,0.0,0.0,0.0,22.4,1.24,0.0
20230620:2130,0.0,0.0,0.0,21.33,1.59,0.0
20230620:2230,0.0,0.0,0.0,19.93,2.07,0.0
20230620:2330,0.0,0.0,0.0,19.4,2.28,0.0
20230621:0030,0.0,0.0,0.0,19.11,2.21,0.0
20230621:0130,0.0,0.0,-2.2,18.95,2.28,0.0
20230621:0230,12.64,27.12,6.14,18.81,2.34,0.0
20230621:0330,43.91,69.92,15.38,19.55,2.41,0.0
20230621:0430,146.7,200.68,25.17,21.3,2.48,0.0
20230621:0530,300.25,370.27,35.21,22.48,2.97,0.0
20230621:0630,488.55,592.96,45.13,23.5,3.03,0.0
20230621:0730,566.62,708.23,54.35,23.9,1.17,0.0
20230621:0830,587.85,739.65,61.79,24.61,1.17,0.0
20230621:0930,540.42,671.04,65.49,25.04,1.86,0.0
20230621:1030,494.5,604.75,63.72,25.15,2.62,0.0
20230621:1130,350.94,428.8,57.39,25.04,2.97,0.0
20230621:1230,378.49,460.3,48.66,24.32,2.97,0.0
20230621:1330,281.7,348.11,38.92,24.58,2.9,0.0
20230621:1430,158.01,210.54,28.87,24.51,2.55,0.0
20230621:1530,63.86,104.05,18.95,24.53,1.24,0.0
20230621:1630,17.98,35.15,9.47,24.0,1.31,0.0
20230621:1730,0.0,5.17,0.76,22.17,1.72,0.0
20230621:1830,0.0,0.0,0.0,21.6,2.14,0.0
20230621:1930,0.0,0.0,0.0,20.95,2.34,0.0
20230621:2030,0.0,0.0,0.0,20.49,2.21,0.0
20230621:2130,0.0,0.0,0.0,20.02,2.34,0.0
20230621:2230,0.0,0.0,0.0,19.67,2.55,0.0
20230621:2330,0.0,0.0,0.0,19.28,2.9,0.0
20230622:0030,0.0,0.0,0.0,18.87,3.1,0.0
20230622:0130,0.0,0.0,-2.23,18.39,3.38,0.0
20230622:0230,10.93,24.6,6.11,17.92,3.59,0.0
20230622:0330,29.87,53.62,15.34,18.15,3.52,0.0
20230622:0430,159.69,225.03,25.14,19.06,3.59,0.0
20230622:0530,356.44,433.86,35.18,20.45,3.45,0.0
20230622:0630,468.45,563.29,45.1,22.05,3.24,0.0
20230622:0730,643.62,784.62,54.32,23.06,3.31,0.0
20230622:0830,748.59,928.9,61.77,24.39,3.59,0.0
20230622:0930,768.34,962.21,65.48,25.29,3.52,0.0
20230622:1030,755.66,945.85,63.73,25.87,3.66,0.0
20230622:1130,679.72,843.31,57.42,26.24,3.72,0.0
20230622:1230,579.66,716.05,48.69,26.38,3.24,0.0
20230622:1330,426.78,529.24,38.95,26.45,2.97,0.0
20230622:1430,234.81,314.52,28.9,26.33,3.03,0.0
20230622:1530,55.98,110.74,18.98,25.94,3.03,0.0
20230622:1630,19.78,37.76,9.5,25.19,2.34,0.0
20230622:1730,0.13,6.18,0.78,23.95,2.14,0.0
20230622:1830,0.0,0.0,0.0,22.3,2.34,0.0
20230622:1930,0.0,0.0,0.0,21.2,3.03,0.0
20230622:2030,0.0,0.0,0.0,20.45,3.1,0.0
20230622:2130,0.0,0.0,0.0,19.66,3.24,0.0
20230622:2230,0.0,0.0,0.0,19.06,3.38,0.0
20230622:2330,0.0,0.0,0.0,18.5,3.24,0.0
20230623:0030,0.0,0.0,0.0,18.07,2.97,0.0
20230623:0130,0.0,0.0,-2.26,17.8,2.9,0.0
20230623:0230,13.45,28.13,6.07,17.63,2.83,0.0
20230623:0330,37.43,62.12,15.3,18.08,2.76,0.0
20230623:0430,160.07,225.58,25.1,19.45,3.1,0.0
20230623:0530,354.33,432.99,35.14,21.06,3.31,0.0
20230623:0630,512.06,616.41,45.06,22.51,3.59,0.0
20230623:0730,623.22,757.13,54.28,23.61,3.93,0.0
20230623:0830,671.71,824.8,61.74,24.77,4.0,0.0
20230623:0930,660.43,810.73,65.47,25.71,4.21,0.0
20230623:1030,659.44,814.28,63.74,26.3,4.34,0.0
20230623:1130,551.44,674.29,57.44,26.94,4.55,0.0
20230623:1230,475.41,579.43,48.72,27.12,4.76,0.0
20230623:1330,341.64,421.5,38.98,27.23,4.97,0.0
20230623:1430,177.02,235.9,28.93,27.11,5.03,0.0
20230623:1530,63.93,110.17,19.01,26.7,4.48,0.0
20230623:1630,21.84,40.66,9.53,26.22,4.14,0.0
20230623:1730,0.1,6.1,0.81,25.22,4.21,0.0
20230623:1830,0.0,0.0,0.0,24.26,4.41,0.0
20230623:1930,0.0,0.0,0.0,23.93,4.97,0.0
20230623:2030,0.0,0.0,0.0,23.2,4.9,0.0
20230623:2130,0.0,0.0,0.0,22.51,4.76,0.0
20230623:2230,0.0,0.0,0.0,21.87,4.69,0.0
20230623:2330,0.0,0.0,0.0,21.33,4.48,0.0
20230624:0030,0.0,0.0,0.0,20.93,4.21,0.0
20230624:0130,0.0,0.0,-2.3,20.5,3.79,0.0
20230624:0230,10.59,24.3,6.03,20.2,3.59,0.0
20230624:0330,30.75,53.96,15.26,20.26,3.86,0.0
20230624:0430,147.64,209.81,25.05,21.08,4.14,0.0
20230624:0530,331.58,405.44,35.09,22.28,4.69,0.0
20230624:0630,449.68,538.89,45.01,23.6,4.76,0.0
20230624:0730,615.39,746.48,54.24,24.73,4.41,0.0
20230624:0830,707.42,871.7,61.7,26.25,4.62,0.0
20230624:0930,735.7,914.03,65.45,27.54,4.9,0.0
20230624:1030,668.68,827.82,63.74,28.52,5.03,0.0
20230624:1130,599.81,739.34,57.45,28.99,5.24,0.0
20230624:1230,509.22,625.05,48.74,29.37,5.38,0.0
20230624:1330,351.64,437.18,39.0,29.65,5.59,0.0
20230624:1430,191.96,261.09,28.96,29.66,5.1,0.0
20230624:1530,53.56,96.16,19.03,29.69,4.76,0.0
20230624:1630,15.78,32.59,9.55,28.05,3.86,0.0
20230624:1730,0.0,3.49,0.82,25.52,2.83,0.0
20230624:1830,0.0,0.0,0.0,23.35,1.79,0.0
20230624:1930,0.0,0.0,0.0,23.08,3.38,0.0
20230624:2030,0.0,0.0,0.0,22.62,3.17,0.0
20230624:2130,0.0,0.0,0.0,22.11,3.45,0.0
20230624:2230,0.0,0.0,0.0,21.56,3.45,0.0
20230624:2330,0.0,0.0,0.0,21.04,2.9,0.0
20230625:0030,0.0,0.0,0.0,20.59,2.76,0.0
20230625:0130,0.0,0.0,-2.35,20.2,2.41,0.0
20230625:0230,9.57,22.79,5.98,19.9,1.93,0.0
20230625:0330,29.66,52.29,15.21,20.24,1.45,0.0
20230625:0430,107.26,155.23,25.0,21.27,1.38,0.0
20230625:0530,189.93,240.29,35.04,21.65,1.31,0.0
20230625:0630,316.8,383.95,44.96,21.68,1.66,0.0
20230625:0730,313.28,381.72,54.19,23.18,1.66,0.0
20230625:0830,348.29,424.42,61.66,24.13,1.45,0.0
20230625:0930,373.84,457.66,65.43,24.67,1.45,0.0
20230625:1030,418.9,515.28,63.73,25.35,1.59,0.0
20230625:1130,538.98,670.47,57.46,25.84,1.79,0.0
20230625:1230,336.04,412.26,48.76,26.24,2.62,0.0
20230625:1330,243.64,305.27,39.02,25.77,2.41,0.0
20230625:1430,169.89,227.85,28.98,25.62,1.17,0.0
20230625:1530,61.72,104.37,19.05,25.25,1.03,0.0
20230625:1630,17.4,34.44,9.56,24.61,1.52,0.0
20230625:1730,0.0,4.96,0.83,24.1,1.17,0.0
20230625:1830,0.0,0.0,0.0,23.5,1.1,0.0
20230625:1930,0.0,0.0,0.0,22.78,1.1,0.0
20230625:2030,0.0,0.0,0.0,21.87,1.24,0.0
20230625:2130,0.0,0.0,0.0,21.02,1.45,0.0
20230625:2230,0.0,0.0,0.0,20.57,1.52,0.0
20230625:2330,0.0,0.0,0.0,20.49,1.38,0.0
20230626:0030,0.0,0.0,0.0,20.94,1.17,0.0
20230626:0130,0.0,0.0,-2.4,21.18,0.97,0.0
20230626:0230,11.05,25.06,5.93,20.85,0.83,0.0
20230626:0330,49.0,75.12,15.15,20.89,0.62,0.0
20230626:0430,133.77,186.36,24.95,21.65,0.41,0.0
20230626:0530,259.44,325.8,34.99,22.5,0.76,0.0
20230626:0630,178.29,225.39,44.91,23.03,1.59,0.0
20230626:0730,167.42,212.56,54.14,22.35,1.31,0.0
20230626:0830,180.72,228.79,61.62,22.09,1.31,0.0
20230626:0930,208.96,261.05,65.39,22.5,1.66,0.0
20230626:1030,351.15,428.92,63.72,23.1,2.0,0.0
20230626:1130,248.61,306.41,57.46,23.41,2.48,0.0
20230626:1230,188.93,235.74,48.77,22.15,3.38,0.0
20230626:1330,134.61,174.06,39.04,22.13,3.1,0.0
20230626:1430,134.53,177.43,28.99,22.21,2.55,0.0
20230626:1530,59.08,92.24,19.06,22.36,2.76,0.0
20230626:1630,18.17,35.15,9.57,22.21,2.83,0.0
20230626:1730,0.07,5.97,0.84,21.84,2.76,0.0
20230626:1830,0.0,0.0,0.0,21.19,2.62,0.0
20230626:1930,0.0,0.0,0.0,20.65,3.52,0.0
20230626:2030,0.0,0.0,0.0,20.0,3.79,0.0
20230626:2130,0.0,0.0,0.0,19.29,4.07,0.0
20230626:2230,0.0,0.0,0.0,18.57,4.69,0.0
20230626:2330,0.0,0.0,0.0,17.86,5.17,0.0
20230627:0030,0.0,0.0,0.0,17.17,5.38,0.0
20230627:0130,0.0,0.0,-2.45,16.59,5.31,0.0
20230627:0230,11.87,25.78,5.87,16.2,5.17,0.0
20230627:0330,37.77,60.64,15.1,16.28,4.9,0.0
20230627:0430,155.87,212.88,24.89,16.81,5.1,0.0
20230627:0530,344.89,412.22,34.93,17.66,4.83,0.0
20230627:0630,474.65,556.35,44.85,18.82,4.9,0.0
20230627:0730,532.36,623.29,54.08,19.85,6.34,0.0
20230627:0830,539.85,634.77,61.56,20.91,6.34,0.0
20230627:0930,454.94,537.17,65.35,21.76,6.14,0.0
20230627:1030,558.29,659.98,63.7,22.02,6.07,0.0
20230627:1130,557.77,659.13,57.46,22.51,5.79,0.0
20230627:1230,525.88,624.47,48.77,22.82,5.45,0.0
20230627:1330,355.34,428.49,39.05,23.15,5.24,0.0
20230627:1430,215.94,282.95,29.0,23.14,5.03,0.0
20230627:1530,62.29,109.51,19.07,23.08,4.48,0.0
20230627:1630,20.14,37.84,9.58,22.62,3.38,0.0
20230627:1730,0.13,6.14,0.84,21.75,2.48,0.0
20230627:1830,0.0,0.0,0.0,20.64,1.72,0.0
20230627:1930,0.0,0.0,0.0,19.27,1.52,0.0
20230627:2030,0.0,0.0,0.0,18.12,1.72,0.0
20230627:2130,0.0,0.0,0.0,17.36,2.0,0.0
20230627:2230,0.0,0.0,0.0,17.21,2.28,0.0
20230627:2330,0.0,0.0,0.0,17.27,2.41,0.0
20230628:0030,0.0,0.0,0.0,17.46,2.48,0.0
20230628:0130,0.0,0.0,-2.51,17.58,2.69,0.0
20230628:0230,10.25,23.59,5.81,17.65,2.9,0.0
20230628:0330,35.39,57.97,15.03,18.26,3.1,0.0
20230628:0430,149.86,209.78,24.82,19.62,3.52,0.0
20230628:0530,318.98,389.32,34.86,21.07,3.93,0.0
20230628:0630,418.31,499.95,44.79,22.4,4.07,0.0
20230628:0730,481.89,574.84,54.02,23.63,4.97,0.0
20230628:0830,460.97,550.94,61.51,24.28,5.45,0.0
20230628:0930,428.18,508.66,65.31,22.99,5.24,0.0
20230628:1030,368.94,440.73,63.68,22.61,4.0,0.0
20230628:1130,292.37,353.43,57.45,22.88,3.17,0.0
20230628:1230,273.1,329.19,48.77,21.6,3.72,0.0
20230628:1330,194.73,241.63,39.05,21.56,3.66,0.0
20230628:1430,144.93,193.25,29.01,21.66,2.76,0.0
20230628:1530,53.62,91.69,19.07,21.75,2.07,0.0
20230628:1630,23.28,41.88,9.57,21.58,1.52,0.0
20230628:1730,0.0,5.34,0.83,21.12,1.38,0.0
20230628:1830,0.0,0.0,0.0,20.19,1.52,0.0
20230628:1930,0.0,0.0,0.0,17.95,3.52,0.0
20230628:2030,0.0,0.0,0.0,17.19,3.1,0.0
20230628:2130,0.0,0.0,0.0,16.56,2.48,0.0
20230628:2230,0.0,0.0,0.0,16.43,1.93,0.0
20230628:2330,0.0,0.0,0.0,16.44,2.0,0.0
20230629:0030,0.0,0.0,0.0,16.52,2.0,0.0
20230629:0130,0.0,0.0,-2.58,16.55,2.21,0.0
20230629:0230,2.7,11.52,5.74,16.54,2.28,0.0
20230629:0330,40.43,62.43,14.97,16.68,2.34,0.0
20230629:0430,113.26,154.56,24.76,17.26,2.97,0.0
20230629:0530,247.71,301.05,34.8,18.01,3.59,0.0
20230629:0630,421.37,498.29,44.72,18.88,3.86,0.0
20230629:0730,371.85,441.24,53.95,19.37,3.93,0.0
20230629:0830,284.32,340.93,61.44,19.86,4.41,0.0
20230629:0930,298.26,357.53,65.25,20.08,4.69,0.0
20230629:1030,377.41,448.76,63.64,20.38,4.9,0.0
20230629:1130,255.23,308.28,57.44,20.84,5.1,0.0
20230629:1230,293.2,351.87,48.77,20.93,4.76,0.0
20230629:1330,255.97,310.9,39.05,21.27,4.83,0.0
20230629:1430,164.63,214.29,29.01,21.49,4.97,0.0
20230629:1530,40.37,78.96,19.07,21.23,4.9,0.0
20230629:1630,16.99,33.3,9.57,20.51,4.48,0.0
20230629:1730,0.08,5.97,0.82,19.72,4.21,0.0
20230629:1830,0.0,0.0,0.0,18.84,4.14,0.0
20230629:1930,0.0,0.0,0.0,17.78,4.48,0.0
20230629:2030,0.0,0.0,0.0,17.6,4.62,0.0
20230629:2130,0.0,0.0,0.0,17.32,4.55,0.0
20230629:2230,0.0,0.0,0.0,17.36,4.55,0.0
20230629:2330,0.0,0.0,0.0,17.17,4.48,0.0
20230630:0030,0.0,0.0,0.0,16.86,4.83,0.0
20230630:0130,0.0,0.0,-2.65,16.62,4.97,0.0
20230630:0230,8.35,20.69,5.67,16.36,5.03,0.0
20230630:0330,29.23,49.35,14.89,16.42,4.83,0.0
20230630:0430,149.04,206.55,24.68,17.01,5.38,0.0
20230630:0530,279.11,335.14,34.72,18.14,6.55,0.0
20230630:0630,419.72,489.42,44.65,19.21,6.0,0.0
20230630:0730,507.34,593.03,53.88,20.14,5.72,0.0
20230630:0830,680.89,810.23,61.37,21.18,5.38,0.0
20230630:0930,588.19,696.7,65.19,22.31,5.45,0.0
20230630:1030,393.86,467.15,63.6,22.92,5.52,0.0
20230630:1130,440.32,521.35,57.42,22.68,5.31,0.0
20230630:1230,390.42,463.56,48.76,23.02,5.45,0.0
20230630:1330,380.41,457.99,39.04,23.01,5.38,0.0
20230630:1430,205.7,268.75,29.0,23.4,5.17,0.0
20230630:1530,59.53,106.23,19.06,23.39,4.76,0.0
20230630:1630,17.67,34.52,9.56,22.8,5.03,0.0
20230630:1730,0.0,4.41,0.8,20.63,4.76,0.0
20230630:1830,0.0,0.0,0.0,19.73,3.86,0.0
20230630:1930,0.0,0.0,0.0,19.44,4.41,0.0
20230630:2030,0.0,0.0,0.0,19.08,4.21,0.0
20230630:2130,0.0,0.0,0.0,18.68,3.93,0.0
20230630:2230,0.0,0.0,0.0,18.37,3.66,0.0
20230630:2330,0.0,0.0,0.0,18.06,3.66,0.0
20230701:0030,0.0,0.0,0.0,17.77,3.66,0.0
20230701:0130,0.0,0.0,-2.73,17.48,3.66,0.0
20230701:0230,9.87,23.0,5.59,17.23,3.66,0.0
20230701:0330,27.49,47.39,14.82,17.51,3.59,0.0
20230701:0430,151.7,215.57,24.61,18.55,3.52,0.0
20230701:0530,342.7,416.16,34.65,19.85,3.72,0.0
20230701:0630,492.97,586.96,44.57,21.2,3.86,0.0
20230701:0730,596.57,712.62,53.81,22.5,4.55,0.0
20230701:0830,617.27,739.96,61.29,23.51,4.83,0.0
20230701:0930,686.98,833.88,65.13,24.23,4.83,0.0
20230701:1030,640.61,776.03,63.56,24.89,4.76,0.0
20230701:1130,552.74,667.3,57.39,25.3,4.48,0.0
20230701:1230,416.83,502.9,48.74,25.55,4.14,0.0
20230701:1330,369.15,453.02,39.03,25.55,3.66,0.0
20230701:1430,168.48,227.09,28.99,25.76,3.45,0.0
20230701:1530,53.18,101.3,19.05,25.4,3.1,0.0
20230701:1630,17.51,34.61,9.54,24.9,2.62,0.0
20230701:1730,0.0,5.63,0.78,23.86,2.34,0.0
20230701:1830,0.0,0.0,0.0,22.79,2.28,0.0
20230701:1930,0.0,0.0,0.0,22.3,2.76,0.0
20230701:2030,0.0,0.0,0.0,21.85,3.17,0.0
20230701:2130,0.0,0.0,0.0,21.56,3.52,0.0
20230701:2230,0.0,0.0,0.0,21.22,3.72,0.0
20230701:2330,0.0,0.0,0.0,21.03,3.79,0.0
20230702:0030,0.0,0.0,0.0,20.65,3.72,0.0
20230702:0130,0.0,0.0,-2.81,20.52,3.59,0.0
20230702:0230,6.91,18.75,5.51,20.21,3.59,0.0
20230702:0330,30.87,51.6,14.74,20.42,3.52,0.0
20230702:0430,116.8,167.99,24.53,21.09,3.31,0.0
20230702:0530,269.0,332.32,34.57,22.08,3.52,0.0
20230702:0630,346.46,417.57,44.49,23.11,3.38,0.0
20230702:0730,562.8,680.24,53.72,23.82,3.59,0.0
20230702:0830,506.55,612.01,61.21,25.02,3.79,0.0
20230702:0930,552.52,671.7,65.05,25.55,3.93,0.0
20230702:1030,470.9,572.29,63.5,26.33,3.93,0.0
20230702:1130,537.49,658.27,57.36,26.87,3.72,0.0
20230702:1230,456.34,558.98,48.72,27.6,3.72,0.0
20230702:1330,306.12,380.8,39.01,27.88,3.79,0.0
20230702:1430,197.71,266.07,28.97,27.65,3.66,0.0
20230702:1530,56.24,103.57,19.03,27.42,3.17,0.0
20230702:1630,16.71,33.72,9.52,26.67,2.69,0.0
20230702:1730,0.0,5.42,0.75,25.61,2.76,0.0
20230702:1830,0.0,0.0,0.0,24.49,3.17,0.0
20230702:1930,0.0,0.0,0.0,23.69,3.59,0.0
20230702:2030,0.0,0.0,0.0,22.99,3.72,0.0
20230702:2130,0.0,0.0,0.0,22.34,3.66,0.0
20230702:2230,0.0,0.0,0.0,21.78,3.24,0.0
20230702:2330,0.0,0.0,0.0,21.0,2.62,0.0
20230703:0030,0.0,0.0,0.0,20.24,2.28,0.0
20230703:0130,0.0,0.0,-2.9,19.1,2.0,0.0
20230703:0230,9.58,22.66,5.43,18.16,2.0,0.0
20230703:0330,30.82,50.92,14.65,18.38,1.86,0.0
20230703:0430,150.16,218.67,24.45,21.25,1.59,0.0
20230703:0530,343.39,427.8,34.49,22.83,1.86,0.0
20230703:0630,510.92,627.09,44.41,23.99,2.14,0.0
20230703:0730,628.41,779.35,53.64,24.98,2.48,0.0
20230703:0830,664.34,832.73,61.12,26.09,2.48,0.0
20230703:0930,689.49,869.08,64.97,26.97,2.76,0.0
20230703:1030,633.91,793.34,63.44,27.59,2.9,0.0
20230703:1130,589.19,735.29,57.32,27.99,2.83,0.0
20230703:1230,479.12,593.9,48.69,28.17,2.62,0.0
20230703:1330,342.79,429.17,38.99,28.28,2.55,0.0
20230703:1430,207.73,280.44,28.95,28.15,2.48,0.0
20230703:1530,51.45,103.14,19.01,27.98,2.34,0.0
20230703:1630,16.75,33.89,9.49,27.37,1.66,0.0
20230703:1730,0.0,5.68,0.71,25.97,1.1,0.0
20230703:1830,0.0,0.0,0.0,25.69,0.9,0.0
20230703:1930,0.0,0.0,0.0,23.01,2.21,0.0
20230703:2030,0.0,0.0,0.0,22.27,2.48,0.0
20230703:2130,0.0,0.0,0.0,21.41,2.21,0.0
20230703:2230,0.0,0.0,0.0,21.41,1.45,0.0
20230703:2330,0.0,0.0,0.0,22.7,0.76,0.0
20230704:0030,0.0,0.0,0.0,22.23,0.34,0.0
20230704:0130,0.0,0.0,-2.99,21.83,0.48,0.0
20230704:0230,7.7,20.06,5.34,21.1,0.97,0.0
20230704:0330,28.83,48.86,14.56,20.57,1.17,0.0
20230704:0430,141.74,207.45,24.36,21.94,1.03,0.0
20230704:0530,331.97,419.03,34.4,23.76,0.83,0.0
20230704:0630,488.78,616.33,44.32,25.33,0.48,0.0
20230704:0730,599.09,767.37,53.55,26.73,0.83,0.0
20230704:0830,668.24,874.91,61.03,27.86,0.76,0.0
20230704:0930,605.79,789.59,64.89,28.67,0.55,0.0
20230704:1030,559.61,722.62,63.38,28.89,0.62,0.0
20230704:1130,485.28,613.76,57.27,29.09,1.03,0.0
20230704:1230,489.87,618.6,48.66,29.22,1.52,0.0
20230704:1330,317.71,401.63,38.96,29.51,2.0,0.0
20230704:1430,169.17,232.66,28.93,29.33,2.14,0.0
20230704:1530,54.78,103.38,18.98,29.01,2.21,0.0
20230704:1630,18.34,36.24,9.45,28.45,2.0,0.0
20230704:1730,0.0,5.42,0.67,27.37,2.28,0.0
20230704:1830,0.0,0.0,0.0,26.08,2.55,0.0
20230704:1930,0.0,0.0,0.0,25.35,2.97,0.0
20230704:2030,0.0,0.0,0.0,24.32,3.1,0.0
20230704:2130,0.0,0.0,0.0,23.55,3.17,0.0
20230704:2230,0.0,0.0,0.0,22.95,3.1,0.0
20230704:2330,0.0,0.0,0.0,22.45,3.1,0.0
20230705:0030,0.0,0.0,0.0,22.02,3.03,0.0
20230705:0130,0.0,0.0,-3.09,21.54,3.03,0.0
20230705:0230,8.19,20.81,5.24,21.12,2.97,0.0
20230705:0330,30.64,51.26,14.47,21.35,2.83,0.0
20230705:0430,146.47,214.69,24.27,22.68,2.69,0.0
20230705:0530,336.18,420.36,34.31,24.52,2.62,0.0
20230705:0630,500.49,619.24,44.22,26.42,2.48,0.0
20230705:0730,621.9,784.32,53.45,27.72,2.28,0.0
20230705:0830,695.4,896.11,60.93,29.26,2.21,0.0
20230705:0930,720.31,939.12,64.79,30.46,2.21,0.0
20230705:1030,553.11,704.11,63.3,31.37,2.07,0.0
20230705:1130,517.47,658.56,57.22,31.63,1.93,0.0
20230705:1230,429.28,544.99,48.62,31.9,1.72,0.0
20230705:1330,346.42,443.69,38.93,32.12,1.86,0.0
20230705:1430,169.57,236.63,28.89,32.23,1.93,0.0
20230705:1530,52.66,102.08,18.94,31.78,1.86,0.0
20230705:1630,15.8,32.97,9.41,30.81,2.55,0.0
20230705:1730,0.0,4.16,0.62,29.29,3.1,0.0
20230705:1830,0.0,0.0,0.0,27.91,3.38,0.0
20230705:1930,0.0,0.0,0.0,26.79,3.79,0.0
20230705:2030,0.0,0.0,0.0,25.85,3.66,0.0
20230705:2130,0.0,0.0,0.0,25.05,3.31,0.0
20230705:2230,0.0,0.0,0.0,24.23,2.97,0.0
20230705:2330,0.0,0.0,0.0,23.57,2.83,0.0
20230706:0030,0.0,0.0,0.0,23.07,2.9,0.0
20230706:0130,0.0,0.0,-3.19,22.71,3.17,0.0
20230706:0230,7.88,20.44,5.14,22.49,3.38,0.0
20230706:0330,29.92,50.63,14.37,22.79,3.24,0.0
20230706:0430,144.86,213.98,24.17,24.07,3.03,0.0
20230706:0530,335.14,421.08,34.21,26.01,3.1,0.0
20230706:0630,499.59,619.37,44.13,28.03,3.17,0.0
20230706:0730,623.47,785.36,53.35,29.79,3.31,0.0
20230706:0830,701.12,898.61,60.83,31.32,3.45,0.0
20230706:0930,635.52,809.26,64.69,32.53,3.79,0.0
20230706:1030,507.03,637.3,63.22,33.07,3.86,0.0
20230706:1130,509.9,641.96,57.16,33.08,3.86,0.0
20230706:1230,399.64,500.92,48.58,33.23,4.14,0.0
20230706:1330,318.12,404.37,38.89,32.89,4.14,0.0
20230706:1430,184.21,254.99,28.86,32.64,3.93,0.0
20230706:1530,49.7,99.17,18.9,32.11,3.93,0.0
20230706:1630,16.78,34.35,9.37,30.81,4.21,0.0
20230706:1730,0.0,5.0,0.57,29.46,4.55,0.0
20230706:1830,0.0,0.0,0.0,28.25,4.62,0.0
20230706:1930,0.0,0.0,0.0,27.59,4.14,0.0
20230706:2030,0.0,0.0,0.0,26.77,4.14,0.0
20230706:2130,0.0,0.0,0.0,26.06,4.21,0.0
20230706:2230,0.0,0.0,0.0,25.53,4.41,0.0
20230706:2330,0.0,0.0,0.0,25.07,4.55,0.0
20230707:0030,0.0,0.0,0.0,24.75,4.62,0.0
20230707:0130,0.0,0.0,-3.3,24.39,4.69,0.0
20230707:0230,7.9,20.56,5.04,23.98,4.76,0.0
20230707:0330,32.54,54.16,14.27,23.96,4.76,0.0
20230707:0430,144.59,210.51,24.07,24.81,4.76,0.0
20230707:0530,331.96,414.45,34.12,26.22,4.69,0.0
20230707:0630,410.85,501.84,44.03,27.79,4.76,0.0
20230707:0730,565.55,698.25,53.25,28.98,4.69,0.0
20230707:0830,571.15,710.01,60.72,30.5,4.48,0.0
20230707:0930,661.89,837.8,64.59,31.42,4.21,0.0
20230707:1030,631.06,798.55,63.14,32.45,4.41,0.0
20230707:1130,579.76,731.14,57.09,33.03,4.69,0.0
20230707:1230,501.0,629.72,48.52,33.38,4.97,0.0
20230707:1330,340.61,432.0,38.85,33.42,5.03,0.0
20230707:1430,189.83,261.09,28.81,33.11,4.76,0.0
20230707:1530,57.12,108.11,18.86,32.03,4.69,0.0
20230707:1630,19.66,38.39,9.32,30.75,3.79,0.0
20230707:1730,0.0,5.63,0.51,29.21,4.0,0.0
20230707:1830,0.0,0.0,0.0,27.97,4.34,0.0
20230707:1930,0.0,0.0,0.0,26.91,3.86,0.0
20230707:2030,0.0,0.0,0.0,25.95,3.79,0.0
20230707:2130,0.0,0.0,0.0,25.13,3.66,0.0
20230707:2230,0.0,0.0,0.0,24.42,3.52,0.0
20230707:2330,0.0,0.0,0.0,23.75,3.38,0.0
20230708:0030,0.0,0.0,0.0,23.16,3.24,0.0
20230708:0130,0.0,0.0,-3.41,22.6,2.97,0.0
20230708:0230,8.97,22.07,4.93,22.16,2.76,0.0
20230708:0330,38.33,61.1,14.17,22.24,2.34,0.0
20230708:0430,138.81,200.0,23.97,23.37,2.28,0.0
20230708:0530,307.15,386.14,34.01,24.97,2.21,0.0
20230708:0630,428.72,530.74,43.93,26.55,2.14,0.0
20230708:0730,574.82,711.81,53.14,27.31,3.24,0.0
20230708:0830,534.81,661.82,60.61,28.71,3.31,0.0
20230708:0930,588.54,738.52,64.48,29.5,3.17,0.0
20230708:1030,581.48,734.22,63.04,30.27,2.97,0.0
20230708:1130,566.12,718.57,57.02,30.84,2.55,0.0
20230708:1230,507.66,641.76,48.47,31.16,2.55,0.0
20230708:1330,379.49,479.17,38.8,31.01,3.31,0.0
20230708:1430,127.25,175.56,28.77,29.2,4.83,0.0
20230708:1530,45.53,72.01,18.81,26.89,4.69,0.0
20230708:1630,10.13,23.97,9.26,24.02,3.52,0.0
20230708:1730,0.0,2.19,0.45,23.36,2.69,0.0
20230708:1830,0.0,0.0,0.0,23.07,3.31,0.0
20230708:1930,0.0,0.0,0.0,22.77,2.83,0.0
20230708:2030,0.0,0.0,0.0,22.41,1.93,0.0
20230708:2130,0.0,0.0,0.0,21.7,2.0,0.0
20230708:2230,0.0,0.0,0.0,21.38,1.93,0.0
20230708:2330,0.0,0.0,0.0,21.14,2.48,0.0
20230709:0030,0.0,0.0,0.0,21.07,3.03,0.0
20230709:0130,0.0,0.0,-3.52,20.96,3.31,0.0
20230709:0230,9.14,22.2,4.82,20.64,3.72,0.0
20230709:0330,48.55,73.08,14.06,20.72,4.21,0.0
20230709:0430,122.74,169.1,23.86,21.05,4.9,0.0
20230709:0530,229.15,282.56,33.91,21.47,5.38,0.0
20230709:0630,205.18,251.91,43.82,21.97,5.59,0.0
20230709:0730,200.15,244.91,53.03,21.5,5.93,0.0
20230709:0830,129.29,166.12,60.49,21.52,6.34,0.0
20230709:0930,120.65,156.51,64.36,21.28,6.21,0.0
20230709:1030,134.33,171.81,62.94,21.51,6.83,0.0
20230709:1130,151.57,190.43,56.95,21.7,6.83,0.0
20230709:1230,104.85,138.21,48.41,21.83,7.38,0.0
20230709:1330,36.91,59.05,38.74,21.69,7.31,0.0
20230709:1430,11.5,25.72,28.71,21.37,7.03,0.0
20230709:1530,15.47,31.32,18.75,21.13,6.97,0.0
20230709:1630,3.64,13.37,9.2,20.77,6.48,0.0
20230709:1730,0.0,1.47,0.37,20.27,6.07,0.0
20230709:1830,0.0,0.0,0.0,20.15,5.24,0.0
20230709:1930,0.0,0.0,0.0,19.63,4.62,0.0
20230709:2030,0.0,0.0,0.0,19.61,4.97,0.0
20230709:2130,0.0,0.0,0.0,19.47,5.45,0.0
20230709:2230,0.0,0.0,0.0,19.19,5.72,0.0
20230709:2330,0.0,0.0,0.0,18.91,5.72,0.0
20230710:0030,0.0,0.0,0.0,18.57,5.66,0.0
20230710:0130,0.0,0.0,-3.64,18.23,5.52,0.0
20230710:0230,7.75,19.89,4.7,17.89,5.31,0.0
20230710:0330,34.86,55.71,13.95,17.89,5.38,0.0
20230710:0430,150.73,211.89,23.76,18.59,5.59,0.0
20230710:0530,344.95,415.21,33.8,19.63,6.14,0.0
20230710:0630,513.9,604.24,43.71,20.82,6.07,0.0
20230710:0730,559.26,658.16,52.91,21.73,6.41,0.0
20230710:0830,600.45,710.14,60.36,22.42,6.41,0.0
20230710:0930,606.92,719.71,64.23,22.83,6.21,0.0
20230710:1030,574.2,679.24,62.84,23.02,6.21,0.0
20230710:1130,530.39,626.87,56.86,23.23,6.07,0.0
20230710:1230,486.77,577.25,48.34,23.44,5.93,0.0
20230710:1330,270.59,329.57,38.68,23.72,5.72,0.0
20230710:1430,196.09,256.88,28.65,23.52,5.38,0.0
20230710:1530,47.78,86.39,18.69,22.65,5.31,0.0
20230710:1630,12.47,27.16,9.13,21.78,4.62,0.0
20230710:1730,0.0,4.58,0.3,21.05,3.66,0.0
20230710:1830,0.0,0.0,0.0,20.03,3.93,0.0
20230710:1930,0.0,0.0,0.0,19.65,3.93,0.0
20230710:2030,0.0,0.0,0.0,18.95,3.52,0.0
20230710:2130,0.0,0.0,0.0,18.42,3.86,0.0
20230710:2230,0.0,0.0,0.0,17.96,4.07,0.0
20230710:2330,0.0,0.0,0.0,17.55,4.0,0.0
20230711:0030,0.0,0.0,0.0,17.17,3.93,0.0
20230711:0130,0.0,0.0,0.0,16.82,3.79,0.0
20230711:0230,6.65,18.12,4.58,16.57,3.66,0.0
20230711:0330,30.98,50.75,13.83,16.77,3.31,0.0
20230711:0430,142.53,204.08,23.64,17.56,3.45,0.0
20230711:0530,324.92,392.7,33.69,18.69,3.93,0.0
20230711:0630,400.82,473.41,43.59,19.69,4.0,0.0
20230711:0730,492.67,583.64,52.79,20.25,3.93,0.0
20230711:0830,538.36,642.59,60.23,20.97,4.0,0.0
20230711:0930,566.14,678.29,64.1,21.59,4.21,0.0
20230711:1030,543.64,648.97,62.72,22.11,4.34,0.0
20230711:1130,456.36,544.13,56.77,22.47,4.0,0.0
20230711:1230,537.52,645.97,48.26,22.77,3.59,0.0
20230711:1330,359.91,436.8,38.62,23.33,3.66,0.0
20230711:1430,220.45,288.5,28.59,23.44,3.59,0.0
20230711:1530,52.99,97.7,18.62,22.57,3.79,0.0
20230711:1630,13.99,29.31,9.05,21.67,3.79,0.0
20230711:1730,0.0,4.29,0.21,21.22,2.48,0.0
20230711:1830,0.0,0.0,0.0,20.58,1.86,0.0
20230711:1930,0.0,0.0,0.0,19.54,1.03,0.0
20230711:2030,0.0,0.0,0.0,19.43,0.97,0.0
20230711:2130,0.0,0.0,0.0,19.02,1.03,0.0
20230711:2230,0.0,0.0,0.0,18.02,1.38,0.0
20230711:2330,0.0,0.0,0.0,17.45,1.59,0.0
20230712:0030,0.0,0.0,0.0,17.21,1.86,0.0
20230712:0130,0.0,0.0,0.0,17.14,2.14,0.0
20230712:0230,4.31,14.38,4.46,17.3,2.07,0.0
20230712:0330,34.9,55.76,13.72,17.44,2.14,0.0
20230712:0430,136.85,194.57,23.53,18.68,2.34,0.0
20230712:0530,321.9,393.58,33.57,19.66,2.48,0.0
20230712:0630,499.0,597.64,43.47,20.75,2.97,0.0
20230712:0730,641.0,777.31,52.66,21.44,2.97,0.0
20230712:0830,696.66,856.76,60.1,22.39,2.83,0.0
20230712:0930,646.83,790.63,63.96,22.74,2.69,0.0
20230712:1030,513.8,617.56,62.6,23.1,3.1,0.0
20230712:1130,581.9,701.02,56.68,22.98,3.66,0.0
20230712:1230,456.37,546.45,48.18,23.32,3.79,0.0
20230712:1330,281.65,343.65,38.54,23.57,4.0,0.0
20230712:1430,193.22,253.27,28.52,23.56,3.79,0.0
20230712:1530,61.11,109.13,18.55,23.55,3.31,0.0
20230712:1630,15.79,32.0,8.97,23.13,3.03,0.0
20230712:1730,0.0,3.95,0.12,22.16,2.97,0.0
20230712:1830,0.0,0.0,0.0,21.07,3.31,0.0
20230712:1930,0.0,0.0,0.0,20.21,3.03,0.0
20230712:2030,0.0,0.0,0.0,19.55,2.41,0.0
20230712:2130,0.0,0.0,0.0,18.6,1.31,0.0
20230712:2230,0.0,0.0,0.0,19.49,0.55,0.0
20230712:2330,0.0,0.0,0.0,17.87,1.24,0.0
20230713:0030,0.0,0.0,0.0,16.11,1.79,0.0
20230713:0130,0.0,0.0,0.0,15.33,2.07,0.0
20230713:0230,6.41,17.66,4.33,15.02,2.14,0.0
20230713:0330,30.75,50.29,13.59,15.64,1.93,0.0
20230713:0430,144.07,210.04,23.41,18.68,1.45,0.0
20230713:0530,341.04,421.21,33.45,20.92,1.93,0.0
20230713:0630,507.14,612.32,43.35,22.23,2.9,0.0
20230713:0730,644.98,787.48,52.53,22.89,3.03,0.0
20230713:0830,731.44,903.84,59.96,24.16,3.59,0.0
20230713:0930,749.45,928.0,63.82,25.13,4.07,0.0
20230713:1030,714.56,882.7,62.48,25.85,4.28,0.0
20230713:1130,663.7,816.85,56.57,26.4,4.48,0.0
20230713:1230,551.88,671.8,48.1,26.71,4.76,0.0
20230713:1330,342.98,421.12,38.47,26.79,4.83,0.0
20230713:1430,103.82,145.65,28.44,26.14,5.03,0.0
20230713:1530,37.91,65.57,18.47,24.53,4.28,0.0
20230713:1630,7.69,20.18,8.89,23.26,3.31,0.0
20230713:1730,0.0,2.14,0.03,22.65,1.66,0.0
20230713:1830,0.0,0.0,0.0,22.56,2.34,0.0
20230713:1930,0.0,0.0,0.0,23.2,5.24,0.0
20230713:2030,0.0,0.0,0.0,22.81,5.31,0.0
20230713:2130,0.0,0.0,0.0,22.55,5.1,0.0
20230713:2230,0.0,0.0,0.0,22.26,4.69,0.0
20230713:2330,0.0,0.0,0.0,21.86,4.55,0.0
20230714:0030,0.0,0.0,0.0,21.35,4.55,0.0
20230714:0130,0.0,0.0,0.0,20.52,4.76,0.0
20230714:0230,2.29,10.85,4.2,19.61,4.34,0.0
20230714:0330,20.1,37.34,13.47,19.51,4.14,0.0
20230714:0430,108.93,160.35,23.29,20.06,4.0,0.0
20230714:0530,233.04,288.23,33.33,21.19,4.34,0.0
20230714:0630,268.39,324.53,43.23,22.34,4.55,0.0
20230714:0730,333.25,402.16,52.4,24.18,5.86,0.0
20230714:0830,224.05,278.46,59.81,25.25,5.59,0.0
20230714:0930,229.46,284.23,63.67,25.17,4.97,0.0
20230714:1030,314.88,382.21,62.34,24.68,4.76,0.0
20230714:1130,377.28,456.07,56.46,25.1,4.83,0.0
20230714:1230,284.53,346.47,48.0,25.08,4.69,0.0
20230714:1330,162.27,206.25,38.38,23.88,5.24,0.0
20230714:1430,145.59,193.79,28.36,23.84,5.59,0.0
20230714:1530,44.37,75.25,18.38,23.52,6.07,0.0
20230714:1630,9.46,22.87,8.8,23.08,6.0,0.0
20230714:1730,0.0,0.0,-0.07,22.38,6.62,0.0
20230714:1830,0.0,0.0,0.0,21.83,6.55,0.0
20230714:1930,0.0,0.0,0.0,21.39,5.45,0.0
20230714:2030,0.0,0.0,0.0,21.05,5.52,0.0
20230714:2130,0.0,0.0,0.0,20.89,5.38,0.0
20230714:2230,0.0,0.0,0.0,20.49,5.1,0.0
20230714:2330,0.0,0.0,0.0,20.02,5.17,0.0
20230715:0030,0.0,0.0,0.0,19.55,5.31,0.0
20230715:0130,0.0,0.0,0.0,19.19,5.17,0.0
20230715:0230,5.33,16.15,4.07,18.88,4.97,0.0
20230715:0330,29.22,48.94,13.34,18.89,4.83,0.0
20230715:0430,141.82,205.87,23.16,19.6,4.83,0.0
20230715:0530,342.11,415.45,33.21,20.69,5.31,0.0
20230715:0630,512.43,608.3,43.1,21.9,5.31,0.0
20230715:0730,654.73,785.73,52.26,22.81,5.03,0.0
20230715:0830,732.8,890.26,59.66,24.02,5.24,0.0
20230715:0930,645.62,779.05,63.52,24.85,5.38,0.0
20230715:1030,599.72,721.88,62.2,25.06,5.24,0.0
20230715:1130,549.58,661.07,56.35,25.22,5.31,0.0
20230715:1230,490.28,588.31,47.91,25.38,5.31,0.0
20230715:1330,322.56,393.01,38.29,25.38,5.38,0.0
20230715:1430,163.92,219.1,28.27,25.0,5.17,0.0
20230715:1530,52.7,100.17,18.29,24.45,4.55,0.0
20230715:1630,14.14,29.77,8.7,23.88,4.14,0.0
20230715:1730,0.0,0.0,-0.18,22.87,3.59,0.0
20230715:1830,0.0,0.0,0.0,21.84,3.31,0.0
20230715:1930,0.0,0.0,0.0,21.36,3.03,0.0
20230715:2030,0.0,0.0,0.0,20.75,2.97,0.0
20230715:2130,0.0,0.0,0.0,20.07,3.03,0.0
20230715:2230,0.0,0.0,0.0,19.61,3.24,0.0
20230715:2330,0.0,0.0,0.0,19.19,3.45,0.0
20230716:0030,0.0,0.0,0.0,18.89,3.59,0.0
20230716:0130,0.0,0.0,0.0,18.53,3.59,0.0
20230716:0230,5.15,15.81,3.93,18.09,3.45,0.0
20230716:0330,29.76,49.49,13.21,18.07,3.31,0.0
20230716:0430,144.71,210.58,23.03,19.06,3.31,0.0
20230716:0530,347.72,424.37,33.08,20.42,3.66,0.0
20230716:0630,525.26,629.2,42.97,21.74,3.72,0.0
20230716:0730,663.04,801.35,52.12,22.8,4.21,0.0
20230716:0830,690.75,836.43,59.51,23.95,4.97,0.0
20230716:0930,753.55,921.8,63.36,24.48,4.97,0.0
20230716:1030,735.0,903.13,62.06,25.07,4.62,0.0
20230716:1130,658.49,804.23,56.23,25.54,4.55,0.0
20230716:1230,505.51,611.24,47.8,25.87,4.76,0.0
20230716:1330,364.72,445.16,38.2,25.84,4.97,0.0
20230716:1430,180.85,239.38,28.18,25.74,4.9,0.0
20230716:1530,56.63,102.14,18.2,25.27,4.14,0.0
20230716:1630,18.09,35.36,8.6,24.62,3.24,0.0
20230716:1730,0.0,0.0,-0.29,23.54,2.55,0.0
20230716:1830,0.0,0.0,0.0,22.37,2.28,0.0
20230716:1930,0.0,0.0,0.0,20.95,1.72,0.0
20230716:2030,0.0,0.0,0.0,20.02,1.52,0.0
20230716:2130,0.0,0.0,0.0,19.19,1.66,0.0
20230716:2230,0.0,0.0,0.0,17.81,2.0,0.0
20230716:2330,0.0,0.0,0.0,17.36,2.41,0.0
20230717:0030,0.0,0.0,0.0,17.22,2.55,0.0
20230717:0130,0.0,0.0,0.0,17.13,2.62,0.0
20230717:0230,5.0,15.52,3.79,17.0,2.62,0.0
20230717:0330,30.33,50.08,13.07,17.32,2.34,0.0
20230717:0430,139.88,204.29,22.9,19.7,1.93,0.0
20230717:0530,321.6,399.52,32.95,22.24,2.07,0.0
20230717:0630,481.87,589.08,42.83,23.84,2.34,0.0
20230717:0730,643.29,798.07,51.98,24.47,2.41,0.0
20230717:0830,727.89,918.16,59.35,25.65,2.62,0.0
20230717:0930,713.78,900.87,63.19,26.57,2.76,0.0
20230717:1030,594.95,740.65,61.9,27.31,3.1,0.0
20230717:1130,512.05,632.58,56.1,27.7,3.24,0.0
20230717:1230,418.21,515.74,47.69,27.96,3.03,0.0
20230717:1330,266.93,335.78,38.1,28.11,2.69,0.0
20230717:1430,156.0,211.46,28.08,28.03,2.69,0.0
20230717:1530,53.77,95.47,18.09,27.73,2.28,0.0
20230717:1630,14.7,30.95,8.49,27.02,1.79,0.0
20230717:1730,0.0,0.0,-0.41,26.06,1.45,0.0
20230717:1830,0.0,0.0,0.0,24.78,1.1,0.0
20230717:1930,0.0,0.0,0.0,24.08,1.17,0.0
20230717:2030,0.0,0.0,0.0,22.04,1.72,0.0
20230717:2130,0.0,0.0,0.0,20.84,2.14,0.0
20230717:2230,0.0,0.0,0.0,20.43,2.34,0.0
20230717:2330,0.0,0.0,0.0,20.26,2.34,0.0
20230718:0030,0.0,0.0,0.0,19.94,2.48,0.0
20230718:0130,0.0,0.0,0.0,19.59,2.48,0.0
20230718:0230,4.56,14.88,3.64,19.08,2.48,0.0
20230718:0330,29.78,49.78,12.93,19.32,2.34,0.0
20230718:0430,131.52,194.62,22.77,21.72,1.93,0.0
20230718:0530,326.62,409.38,32.81,23.94,2.0,0.0
20230718:0630,492.19,607.39,42.69,25.38,2.21,0.0
20230718:0730,628.37,788.56,51.83,26.24,2.14,0.0
20230718:0830,709.88,907.93,59.19,27.29,2.14,0.0
20230718:0930,730.51,942.45,63.02,28.16,2.21,0.0
20230718:1030,684.94,880.02,61.74,28.77,2.28,0.0
20230718:1130,606.31,771.27,55.96,29.29,2.34,0.0
20230718:1230,487.96,611.46,47.58,29.6,2.69,0.0
20230718:1330,365.56,459.99,37.99,29.83,2.97,0.0
20230718:1430,199.91,269.26,27.97,29.98,2.97,0.0
20230718:1530,51.84,92.79,17.99,29.83,3.17,0.0
20230718:1630,14.08,30.11,8.37,27.62,4.14,0.0
20230718:1730,0.0,0.0,-0.53,26.08,3.31,0.0
20230718:1830,0.0,0.0,0.0,25.09,2.83,0.0
20230718:1930,0.0,0.0,0.0,24.68,3.86,0.0
20230718:2030,0.0,0.0,0.0,24.05,3.93,0.0
20230718:2130,0.0,0.0,0.0,23.65,4.34,0.0
20230718:2230,0.0,0.0,0.0,23.31,5.24,0.0
20230718:2330,0.0,0.0,0.0,22.32,5.79,0.0
20230719:0030,0.0,0.0,0.0,21.82,5.03,0.0
20230719:0130,0.0,0.0,0.0,21.25,4.21,0.0
20230719:0230,3.76,13.58,3.49,20.48,4.28,0.0
20230719:0330,30.58,50.88,12.79,20.03,4.55,0.0
20230719:0430,142.6,201.78,22.63,20.36,4.55,0.0
20230719:0530,303.08,369.55,32.68,21.09,4.76,0.0
20230719:0630,477.95,570.31,42.55,21.86,4.41,0.0
20230719:0730,629.89,763.93,51.68,22.29,3.38,0.0
20230719:0830,731.84,906.32,59.02,23.29,3.1,0.0
20230719:0930,767.74,961.45,62.84,24.21,3.03,0.0
20230719:1030,767.18,963.13,61.58,24.92,3.1,0.0
20230719:1130,669.77,826.28,55.82,25.57,3.66,0.0
20230719:1230,439.95,533.57,47.45,25.99,4.34,0.0
20230719:1330,369.8,451.78,37.88,25.68,4.41,0.0
20230719:1430,222.51,292.96,27.86,25.56,3.72,0.0
20230719:1530,57.93,111.62,17.87,25.33,3.1,0.0
20230719:1630,16.06,32.59,8.25,24.81,2.34,0.0
20230719:1730,0.0,0.0,-0.67,24.06,1.38,0.0
20230719:1830,0.0,0.0,0.0,23.13,0.76,0.0
20230719:1930,0.0,0.0,0.0,21.05,1.79,0.0
20230719:2030,0.0,0.0,0.0,20.48,2.0,0.0
20230719:2130,0.0,0.0,0.0,20.57,2.34,0.0
20230719:2230,0.0,0.0,0.0,20.64,2.55,0.0
20230719:2330,0.0,0.0,0.0,20.41,2.62,0.0
20230720:0030,0.0,0.0,0.0,20.43,2.62,0.0
20230720:0130,0.0,0.0,0.0,20.01,2.9,0.0
20230720:0230,2.64,11.52,3.34,20.03,3.03,0.0
20230720:0330,27.93,47.6,12.65,20.23,3.03,0.0
20230720:0430,108.28,161.43,22.49,21.22,2.97,0.0
20230720:0530,260.71,323.7,32.54,22.58,3.72,0.0
20230720:0630,301.05,365.42,42.41,23.81,4.0,0.0
20230720:0730,319.1,387.11,51.52,23.62,2.62,0.0
20230720:0830,322.74,393.64,58.85,23.87,1.31,0.0
20230720:0930,141.46,182.41,62.65,23.89,0.62,0.0
20230720:1030,240.94,296.99,61.41,23.49,2.21,0.0
20230720:1130,256.03,313.14,55.67,23.52,2.41,0.0
20230720:1230,147.86,188.65,47.32,23.58,2.9,0.0
20230720:1330,144.92,185.87,37.76,23.58,3.86,0.0
20230720:1430,87.65,123.77,27.75,23.93,4.0,0.0
20230720:1530,42.89,72.12,17.75,24.36,3.1,0.0
20230720:1630,8.86,22.07,8.13,24.37,3.38,0.0
20230720:1730,0.0,0.0,-0.8,23.95,4.14,0.0
20230720:1830,0.0,0.0,0.0,23.68,4.9,0.0
20230720:1930,0.0,0.0,0.0,22.93,3.86,0.0
20230720:2030,0.0,0.0,0.0,22.55,4.55,0.0
20230720:2130,0.0,0.0,0.0,22.43,4.97,0.0
20230720:2230,0.0,0.0,0.0,22.3,5.03,0.0
20230720:2330,0.0,0.0,0.0,22.21,4.97,0.0
20230721:0030,0.0,0.0,0.0,22.03,4.97,0.0
20230721:0130,0.0,0.0,0.0,21.36,5.17,0.0
20230721:0230,0.2,6.31,3.19,20.57,4.62,0.0
20230721:0330,11.86,26.15,12.5,20.32,4.0,0.0
20230721:0430,41.77,65.13,22.35,20.41,4.14,0.0
20230721:0530,97.98,131.14,32.4,20.73,3.66,0.0
20230721:0630,383.61,459.27,42.26,21.59,3.17,0.0
20230721:0730,556.45,666.28,51.36,22.95,4.34,0.0
20230721:0830,609.57,736.48,58.67,23.77,4.41,0.0
20230721:0930,713.53,871.43,62.46,24.34,4.69,0.0
20230721:1030,724.08,887.25,61.23,24.98,4.83,0.0
20230721:1130,652.05,793.79,55.52,25.41,4.9,0.0
20230721:1230,551.85,667.27,47.19,25.61,4.97,0.0
20230721:1330,405.25,493.71,37.63,25.63,4.9,0.0
20230721:1430,226.37,297.14,27.62,25.48,4.9,0.0
20230721:1530,59.77,110.63,17.63,25.07,4.83,0.0
20230721:1630,16.36,32.92,7.99,24.35,4.28,0.0
20230721:1730,0.0,0.0,-0.94,23.24,3.45,0.0
20230721:1830,0.0,0.0,0.0,22.03,2.97,0.0
20230721:1930,0.0,0.0,0.0,21.17,2.76,0.0
20230721:2030,0.0,0.0,0.0,20.45,2.76,0.0
20230721:2130,0.0,0.0,0.0,19.78,2.41,0.0
20230721:2230,0.0,0.0,0.0,18.93,2.07,0.0
20230721:2330,0.0,0.0,0.0,17.96,2.14,0.0
20230722:0030,0.0,0.0,0.0,17.15,2.07,0.0
20230722:0130,0.0,0.0,0.0,16.49,2.0,0.0
20230722:0230,3.2,12.4,3.03,16.2,2.21,0.0
20230722:0330,27.45,46.34,12.35,16.49,1.79,0.0
20230722:0430,138.78,203.99,22.2,18.87,1.24,0.0
20230722:0530,308.65,383.65,32.25,20.73,1.03,0.0
20230722:0630,507.43,624.55,42.11,21.98,1.03,0.0
20230722:0730,638.73,796.09,51.2,22.73,1.45,0.0
20230722:0830,720.31,914.66,58.49,23.8,1.59,0.0
20230722:0930,731.2,929.13,62.27,24.67,2.0,0.0
20230722:1030,734.56,936.54,61.04,25.41,2.07,0.0
20230722:1130,676.3,858.26,55.36,26.03,1.93,0.0
20230722:1230,542.02,678.99,47.05,26.5,1.59,0.0
20230722:1330,347.01,433.74,37.5,26.67,1.45,0.0
20230722:1430,118.68,165.82,27.5,26.5,0.76,0.0
20230722:1530,32.32,63.43,17.5,26.05,0.83,0.0
20230722:1630,7.03,19.3,7.86,25.32,1.86,0.0
20230722:1730,0.0,0.0,-1.09,24.69,2.9,0.0
20230722:1830,0.0,0.0,0.0,23.98,3.1,0.0
20230722:1930,0.0,0.0,0.0,22.71,3.52,0.0
20230722:2030,0.0,0.0,0.0,22.42,3.45,0.0
20230722:2130,0.0,0.0,0.0,22.23,3.17,0.0
20230722:2230,0.0,0.0,0.0,22.22,3.03,0.0
20230722:2330,0.0,0.0,0.0,22.32,3.38,0.0
20230723:0030,0.0,0.0,0.0,22.1,3.31,0.0
20230723:0130,0.0,0.0,0.0,21.87,3.31,0.0
20230723:0230,2.59,11.48,2.87,21.5,3.24,0.0
20230723:0330,26.19,45.58,12.2,21.38,3.38,0.0
20230723:0430,108.26,156.5,22.06,21.77,3.59,0.0
20230723:0530,284.23,350.79,32.1,22.23,3.79,0.0
20230723:0630,394.43,474.16,41.96,23.0,3.79,0.0
20230723:0730,517.3,619.72,51.03,23.2,4.28,0.0
20230723:0830,542.32,653.12,58.3,24.05,4.48,0.0
20230723:0930,625.07,759.98,62.07,24.5,4.83,0.0
20230723:1030,596.59,721.69,60.85,24.82,5.1,0.0
20230723:1130,551.44,663.79,55.19,24.99,5.45,0.0
20230723:1230,527.13,632.65,46.9,25.15,5.72,0.0
20230723:1330,378.02,458.79,37.37,25.25,5.79,0.0
20230723:1430,198.1,257.38,27.36,25.04,5.79,0.0
20230723:1530,76.63,116.15,17.36,24.52,5.59,0.0
20230723:1630,19.14,36.67,7.71,23.93,5.24,0.0
20230723:1730,0.0,0.0,-1.25,23.02,4.69,0.0
20230723:1830,0.0,0.0,0.0,22.11,4.21,0.0
20230723:1930,0.0,0.0,0.0,21.11,4.28,0.0
20230723:2030,0.0,0.0,0.0,20.37,4.07,0.0
20230723:2130,0.0,0.0,0.0,19.79,3.72,0.0
20230723:2230,0.0,0.0,0.0,19.27,3.38,0.0
20230723:2330,0.0,0.0,0.0,18.78,3.38,0.0
20230724:0030,0.0,0.0,0.0,18.32,3.31,0.0
20230724:0130,0.0,0.0,0.0,17.9,3.17,0.0
20230724:0230,2.96,12.03,2.71,17.51,2.97,0.0
20230724:0330,26.6,45.41,12.04,17.46,2.9,0.0
20230724:0430,137.67,201.11,21.91,18.48,2.97,0.0
20230724:0530,338.41,413.51,31.96,19.94,3.03,0.0
20230724:0630,519.3,623.96,41.8,21.39,3.03,0.0
20230724:0730,657.6,798.42,50.86,22.54,3.52,0.0
20230724:0830,713.61,876.08,58.11,23.61,3.66,0.0
20230724:0930,715.23,883.3,61.86,24.47,3.79,0.0
20230724:1030,605.78,741.93,60.66,25.08,3.66,0.0
20230724:1130,562.47,688.45,55.02,25.44,3.59,0.0
20230724:1230,482.99,589.44,46.75,25.81,3.59,0.0
20230724:1330,278.21,344.6,37.22,26.04,3.59,0.0
20230724:1430,171.81,226.69,27.22,25.8,3.45,0.0
20230724:1530,67.88,114.23,17.22,25.47,3.03,0.0
20230724:1630,13.75,29.35,7.56,24.93,2.07,0.0
20230724:1730,0.0,0.0,-1.41,24.13,1.1,0.0
20230724:1830,0.0,0.0,0.0,23.69,0.41,0.0
20230724:1930,0.0,0.0,0.0,21.25,1.38,0.0
20230724:2030,0.0,0.0,0.0,20.38,1.59,0.0
20230724:2130,0.0,0.0,0.0,20.47,1.38,0.0
20230724:2230,0.0,0.0,0.0,20.26,1.38,0.0
20230724:2330,0.0,0.0,0.0,19.16,1.72,0.0
20230725:0030,0.0,0.0,0.0,18.2,2.0,0.0
20230725:0130,0.0,0.0,0.0,17.63,2.21,0.0
20230725:0230,2.57,11.31,2.54,17.42,2.21,0.0
20230725:0330,25.47,44.02,11.89,17.57,2.21,0.0
20230725:0430,135.09,200.09,21.75,20.23,2.07,0.0
20230725:0530,331.15,411.54,31.8,22.69,2.41,0.0
20230725:0630,506.14,617.92,41.64,24.15,2.69,0.0
20230725:0730,643.93,790.35,50.69,25.32,3.72,0.0
20230725:0830,730.14,911.62,57.92,26.45,3.72,0.0
20230725:0930,776.27,985.6,61.65,27.47,3.45,0.0
20230725:1030,721.93,915.26,60.45,28.4,3.24,0.0
20230725:1130,634.79,796.59,54.84,29.01,3.31,0.0
20230725:1230,519.97,647.43,46.59,29.49,3.31,0.0
20230725:1330,340.31,426.83,37.08,29.75,3.24,0.0
20230725:1430,191.76,259.66,27.08,29.83,3.45,0.0
20230725:1530,48.97,90.35,17.07,29.46,3.52,0.0
20230725:1630,12.31,27.63,7.41,28.53,3.24,0.0
20230725:1730,0.0,0.0,-1.57,27.34,3.17,0.0
20230725:1830,0.0,0.0,0.0,26.19,3.45,0.0
20230725:1930,0.0,0.0,0.0,25.68,5.17,0.0
20230725:2030,0.0,0.0,0.0,24.99,5.03,0.0
20230725:2130,0.0,0.0,0.0,24.32,4.76,0.0
20230725:2230,0.0,0.0,0.0,23.68,4.48,0.0
20230725:2330,0.0,0.0,0.0,23.19,4.41,0.0
20230726:0030,0.0,0.0,0.0,22.69,4.34,0.0
20230726:0130,0.0,0.0,0.0,22.23,4.41,0.0
20230726:0230,2.42,11.18,2.37,21.88,4.62,0.0
20230726:0330,25.23,44.4,11.73,21.88,4.62,0.0
20230726:0430,130.51,191.25,21.6,22.57,4.48,0.0
20230726:0530,327.13,403.65,31.65,23.75,5.24,0.0
20230726:0630,493.98,594.8,41.48,25.33,5.66,0.0
20230726:0730,644.15,779.4,50.51,26.45,6.41,0.0
20230726:0830,732.25,898.53,57.72,27.96,6.62,0.0
20230726:0930,766.91,950.11,61.44,29.22,6.76,0.0
20230726:1030,750.87,933.18,60.24,30.12,6.76,0.0
20230726:1130,684.12,847.33,54.66,30.69,6.69,0.0
20230726:1230,569.09,700.9,46.43,30.93,6.62,0.0
20230726:1330,414.46,513.69,36.92,30.83,6.83,0.0
20230726:1430,225.91,303.25,26.93,30.43,6.76,0.0
20230726:1530,53.92,107.73,16.92,29.55,5.86,0.0
20230726:1630,12.24,27.5,7.25,28.32,6.0,0.0
20230726:1730,0.0,0.0,-1.74,26.86,5.59,0.0
20230726:1830,0.0,0.0,0.0,25.61,5.24,0.0
20230726:1930,0.0,0.0,0.0,24.53,6.14,0.0
20230726:2030,0.0,0.0,0.0,23.82,5.79,0.0
20230726:2130,0.0,0.0,0.0,23.34,5.45,0.0
20230726:2230,0.0,0.0,0.0,22.99,5.24,0.0
20230726:2330,0.0,0.0,0.0,22.72,4.97,0.0
20230727:0030,0.0,0.0,0.0,22.43,4.69,0.0
20230727:0130,0.0,0.0,0.0,22.16,4.41,0.0
20230727:0230,1.97,10.3,2.2,21.87,3.86,0.0
20230727:0330,24.15,43.01,11.56,21.82,3.1,0.0
20230727:0430,130.9,196.31,21.44,22.99,2.76,0.0
20230727:0530,325.98,407.56,31.49,24.88,3.31,0.0
20230727:0630,498.77,612.47,41.32,26.78,3.52,0.0
20230727:0730,629.48,777.49,50.34,28.08,4.48,0.0
20230727:0830,705.76,881.8,57.51,29.58,5.1,0.0
20230727:0930,722.62,907.34,61.22,30.84,5.72,0.0
20230727:1030,698.57,878.35,60.03,31.61,5.86,0.0
20230727:1130,622.44,779.59,54.46,31.97,5.59,0.0
20230727:1230,550.4,687.48,46.25,32.01,5.03,0.0
20230727:1330,364.64,459.81,36.76,31.95,4.34,0.0
20230727:1430,175.85,239.99,26.77,31.52,3.38,0.0
20230727:1530,61.31,105.71,16.76,30.81,2.21,0.0
20230727:1630,11.97,27.29,7.08,29.87,0.97,0.0
20230727:1730,0.0,0.0,-1.92,28.74,1.17,0.0
20230727:1830,0.0,0.0,0.0,27.33,0.9,0.0
20230727:1930,0.0,0.0,0.0,25.17,3.03,0.0
20230727:2030,0.0,0.0,0.0,24.45,2.34,0.0
20230727:2130,0.0,0.0,0.0,23.73,2.55,0.0
20230727:2230,0.0,0.0,0.0,23.19,2.9,0.0
20230727:2330,0.0,0.0,0.0,22.39,3.79,0.0
20230728:0030,0.0,0.0,0.0,21.68,4.07,0.0
20230728:0130,0.0,0.0,0.0,20.89,4.07,0.0
20230728:0230,0.0,1.68,2.03,20.71,4.07,0.0
20230728:0330,0.33,6.64,11.4,20.6,3.72,0.0
20230728:0430,25.98,46.11,21.28,20.4,3.52,0.0
20230728:0530,45.86,69.71,31.33,20.31,4.34,0.0
20230728:0630,112.96,146.68,41.15,20.25,5.31,0.0
20230728:0730,194.86,239.66,50.15,20.17,2.48,0.0
20230728:0830,279.59,333.62,57.31,20.25,3.66,0.0
20230728:0930,263.91,314.41,60.99,20.5,5.38,0.0
20230728:1030,116.65,150.21,59.81,20.84,6.34,0.0
20230728:1130,162.98,202.08,54.27,19.81,7.66,0.0
20230728:1230,49.78,73.96,46.08,19.31,7.45,0.0
20230728:1330,25.68,44.41,36.6,18.92,8.48,0.0
20230728:1430,21.45,38.95,26.61,18.73,8.9,0.0
20230728:1530,6.28,17.66,16.6,18.81,9.38,0.0
20230728:1630,3.42,12.91,6.91,19.0,8.69,0.0
20230728:1730,0.0,0.0,-2.1,19.29,7.86,0.0
20230728:1830,0.0,0.0,0.0,19.42,6.97,0.0
20230728:1930,0.0,0.0,0.0,19.3,6.41,0.0
20230728:2030,0.0,0.0,0.0,19.36,6.07,0.0
20230728:2130,0.0,0.0,0.0,19.29,5.59,0.0
20230728:2230,0.0,0.0,0.0,18.97,5.31,0.0
20230728:2330,0.0,0.0,0.0,18.44,5.31,0.0
20230729:0030,0.0,0.0,0.0,18.0,5.24,0.0
20230729:0130,0.0,0.0,0.0,17.63,5.1,0.0
20230729:0230,1.68,9.59,1.85,17.28,4.9,0.0
20230729:0330,24.37,42.51,11.23,17.15,4.62,0.0
20230729:0430,136.16,198.81,21.12,17.87,4.28,0.0
20230729:0530,343.22,415.8,31.17,19.28,4.21,0.0
20230729:0630,512.41,608.87,40.98,20.91,4.14,0.0
20230729:0730,614.3,736.3,49.97,21.83,4.0,0.0
20230729:0830,595.96,718.29,57.1,22.87,4.07,0.0
20230729:0930,516.01,618.18,60.76,23.55,4.48,0.0
20230729:1030,463.73,557.62,59.58,23.89,4.76,0.0
20230729:1130,476.92,572.85,54.06,24.25,4.76,0.0
20230729:1230,436.35,523.8,45.89,24.7,4.83,0.0
20230729:1330,282.21,345.74,36.43,24.98,4.69,0.0
20230729:1430,157.71,209.83,26.44,24.99,4.28,0.0
20230729:1530,40.98,79.19,16.43,24.67,3.52,0.0
20230729:1630,7.54,20.01,6.73,24.15,2.62,0.0
20230729:1730,0.0,0.0,-2.29,23.1,2.28,0.0
20230729:1830,0.0,0.0,0.0,22.13,2.28,0.0
20230729:1930,0.0,0.0,0.0,21.35,2.21,0.0
20230729:2030,0.0,0.0,0.0,20.55,2.21,0.0
20230729:2130,0.0,0.0,0.0,19.87,2.21,0.0
20230729:2230,0.0,0.0,0.0,19.42,2.41,0.0
20230729:2330,0.0,0.0,0.0,19.23,2.55,0.0
20230730:0030,0.0,0.0,0.0,19.09,2.62,0.0
20230730:0130,0.0,0.0,0.0,18.87,2.62,0.0
20230730:0230,1.28,8.79,1.67,18.57,2.48,0.0
20230730:0330,23.9,42.13,11.06,18.35,2.28,0.0
20230730:0430,123.99,183.64,20.96,19.71,1.86,0.0
20230730:0530,321.25,398.47,31.01,21.29,1.66,0.0
20230730:0630,499.67,614.51,40.81,22.79,1.31,0.0
20230730:0730,591.32,737.7,49.78,24.07,1.31,0.0
20230730:0830,590.2,733.19,56.88,25.08,1.86,0.0
20230730:0930,635.95,793.18,60.52,25.8,2.34,0.0
20230730:1030,669.6,839.67,59.35,26.37,2.69,0.0
20230730:1130,548.13,673.72,53.85,26.79,3.17,0.0
20230730:1230,503.22,616.77,45.71,26.78,3.31,0.0
20230730:1330,344.08,426.67,36.25,26.85,2.62,0.0
20230730:1430,217.21,290.85,26.27,26.64,1.52,0.0
20230730:1530,51.22,101.58,16.25,26.52,1.38,0.0
20230730:1630,11.24,25.82,6.55,26.04,1.38,0.0
20230730:1730,0.0,0.0,-2.48,25.06,1.38,0.0
20230730:1830,0.0,0.0,0.0,24.23,0.9,0.0
20230730:1930,0.0,0.0,0.0,24.45,1.03,0.0
20230730:2030,0.0,0.0,0.0,23.44,1.24,0.0
20230730:2130,0.0,0.0,0.0,21.61,1.79,0.0
20230730:2230,0.0,0.0,0.0,20.59,2.14,0.0
20230730:2330,0.0,0.0,0.0,20.34,2.28,0.0
20230731:0030,0.0,0.0,0.0,20.2,2.28,0.0
20230731:0130,0.0,0.0,0.0,19.95,2.21,0.0
20230731:0230,1.51,9.29,1.49,19.64,2.07,0.0
20230731:0330,30.54,50.84,10.89,19.72,2.0,0.0
20230731:0430,128.25,186.25,20.79,21.6,1.79,0.0
20230731:0530,299.97,374.31,30.84,23.29,2.14,0.0
20230731:0630,472.83,578.01,40.64,24.38,2.48,0.0
20230731:0730,585.09,721.98,49.58,25.27,2.69,0.0
20230731:0830,696.24,874.29,56.66,26.26,2.83,0.0
20230731:0930,723.03,916.04,60.28,27.17,2.83,0.0
20230731:1030,724.3,921.58,59.11,27.83,2.83,0.0
20230731:1130,623.63,783.6,53.64,28.31,2.76,0.0
20230731:1230,407.47,504.46,45.51,28.47,2.48,0.0
20230731:1330,332.53,416.41,36.07,28.26,2.14,0.0
20230731:1430,176.03,240.34,26.09,28.19,1.86,0.0
20230731:1530,44.47,88.9,16.07,27.85,1.93,0.0
20230731:1630,6.51,18.59,6.36,27.15,1.59,0.0
20230731:1730,0.0,0.0,-2.68,26.09,1.31,0.0
20230731:1830,0.0,0.0,0.0,25.37,0.97,0.0
20230731:1930,0.0,0.0,0.0,26.15,0.55,0.0
20230731:2030,0.0,0.0,0.0,25.76,0.14,0.0
20230731:2130,0.0,0.0,0.0,24.99,0.83,0.0
20230731:2230,0.0,0.0,0.0,22.47,1.45,0.0
20230731:2330,0.0,0.0,0.0,21.0,1.72,0.0
20230801:0030,0.0,0.0,0.0,20.46,1.79,0.0
20230801:0130,0.0,0.0,0.0,20.43,1.66,0.0
20230801:0230,0.97,8.16,1.3,20.53,1.52,0.0
20230801:0330,23.64,42.17,10.72,20.47,1.45,0.0
20230801:0430,119.19,179.24,20.62,21.35,1.1,0.0
20230801:0530,320.57,405.43,30.67,24.03,0.9,0.0
20230801:0630,465.16,583.0,40.46,25.68,0.76,0.0
20230801:0730,517.55,653.15,49.39,26.95,0.83,0.0
20230801:0830,613.57,791.72,56.44,27.77,0.83,0.0
20230801:0930,667.15,876.62,60.04,28.59,0.76,0.0
20230801:1030,614.19,799.09,58.87,29.02,0.76,0.0
20230801:1130,601.84,781.54,53.42,29.23,0.83,0.0
20230801:1230,387.25,488.58,45.31,29.57,0.83,0.0
20230801:1330,317.0,403.96,35.88,29.32,0.76,0.0
20230801:1430,168.3,230.94,25.91,29.71,1.03,0.0
20230801:1530,47.44,89.82,15.89,29.05,1.93,0.0
20230801:1630,8.15,21.23,6.17,27.64,3.31,0.0
20230801:1730,0.0,0.0,-2.89,25.83,3.86,0.0
20230801:1830,0.0,0.0,0.0,24.59,3.86,0.0
20230801:1930,0.0,0.0,0.0,24.09,3.17,0.0
20230801:2030,0.0,0.0,0.0,23.66,2.83,0.0
20230801:2130,0.0,0.0,0.0,23.24,2.55,0.0
20230801:2230,0.0,0.0,0.0,22.76,2.0,0.0
20230801:2330,0.0,0.0,0.0,22.11,1.66,0.0
20230802:0030,0.0,0.0,0.0,21.49,1.86,0.0
20230802:0130,0.0,0.0,0.0,21.13,2.0,0.0
20230802:0230,0.51,7.11,1.12,20.86,2.0,0.0
20230802:0330,21.81,39.82,10.54,20.76,1.66,0.0
20230802:0430,123.32,185.9,20.45,22.53,1.24,0.0
20230802:0530,310.7,392.53,30.5,24.21,1.1,0.0
20230802:0630,480.5,598.96,40.28,25.49,1.17,0.0
20230802:0730,615.83,772.83,49.19,25.99,1.86,0.0
20230802:0830,699.56,897.32,56.21,26.88,1.72,0.0
20230802:0930,719.98,932.12,59.79,27.69,1.72,0.0
20230802:1030,688.61,886.75,58.62,28.36,1.86,0.0
20230802:1130,544.1,685.05,53.19,28.62,1.79,0.0
20230802:1230,457.63,571.67,45.1,28.63,1.86,0.0
20230802:1330,294.72,370.71,35.69,28.63,2.07,0.0
20230802:1430,157.89,216.8,25.72,28.3,2.34,0.0
20230802:1530,40.87,75.55,15.69,27.64,2.83,0.0
20230802:1630,9.81,23.76,5.97,27.04,1.93,0.0
20230802:1730,0.0,0.0,-3.1,26.35,1.24,0.0
20230802:1830,0.0,0.0,0.0,25.29,1.38,0.0
20230802:1930,0.0,0.0,0.0,24.39,1.31,0.0
20230802:2030,0.0,0.0,0.0,23.88,1.93,0.0
20230802:2130,0.0,0.0,0.0,23.89,2.62,0.0
20230802:2230,0.0,0.0,0.0,23.59,3.1,0.0
20230802:2330,0.0,0.0,0.0,23.1,3.45,0.0
20230803:0030,0.0,0.0,0.0,22.64,3.17,0.0
20230803:0130,0.0,0.0,0.0,22.14,2.83,0.0
20230803:0230,0.56,7.23,0.93,21.61,2.55,0.0
20230803:0330,21.26,39.15,10.37,21.28,2.48,0.0
20230803:0430,125.53,187.66,20.28,22.02,2.62,0.0
20230803:0530,315.81,393.4,30.33,23.05,2.28,0.0
20230803:0630,490.87,602.33,40.1,24.16,2.0,0.0
20230803:0730,615.6,763.46,48.99,25.4,2.48,0.0
20230803:0830,688.57,862.99,55.98,26.34,2.83,0.0
20230803:0930,713.23,897.32,59.53,27.01,3.17,0.0
20230803:1030,610.56,754.55,58.37,27.39,3.59,0.0
20230803:1130,530.51,652.85,52.96,27.4,3.17,0.0
20230803:1230,429.64,528.66,44.89,27.57,2.69,0.0
20230803:1330,330.95,411.9,35.49,27.68,2.69,0.0
20230803:1430,185.88,251.33,25.53,27.81,2.76,0.0
20230803:1530,46.52,90.35,15.5,27.63,2.48,0.0
20230803:1630,6.4,18.42,5.77,27.23,1.72,0.0
20230803:1730,0.0,0.0,-3.31,26.45,1.31,0.0
20230803:1830,0.0,0.0,0.0,25.09,1.03,0.0
20230803:1930,0.0,0.0,0.0,23.46,1.52,0.0
20230803:2030,0.0,0.0,0.0,22.86,1.45,0.0
20230803:2130,0.0,0.0,0.0,22.24,1.52,0.0
20230803:2230,0.0,0.0,0.0,21.71,1.59,0.0
20230803:2330,0.0,0.0,0.0,22.16,1.24,0.0
20230804:0030,0.0,0.0,0.0,23.09,0.76,0.0
20230804:0130,0.0,0.0,0.0,22.83,0.83,0.0
20230804:0230,0.33,6.69,0.74,22.44,0.97,0.0
20230804:0330,21.22,39.23,10.19,21.94,1.03,0.0
20230804:0430,125.55,189.2,20.11,21.97,0.9,0.0
20230804:0530,315.59,400.61,30.16,24.59,0.76,0.0
20230804:0630,482.64,609.75,39.91,26.0,0.48,0.0
20230804:0730,609.64,785.83,48.78,27.12,0.69,0.0
20230804:0830,680.99,907.53,55.75,28.04,0.28,0.0
20230804:0930,698.32,939.56,59.27,28.74,0.28,0.0
20230804:1030,606.83,794.16,58.11,29.36,0.55,0.0
20230804:1130,570.62,736.66,52.72,29.73,0.97,0.0
20230804:1230,406.88,514.47,44.68,30.08,1.31,0.0
20230804:1330,291.81,371.53,35.28,30.04,1.52,0.0
20230804:1430,157.45,215.85,25.33,30.01,1.79,0.0
20230804:1530,47.24,89.16,15.29,29.73,2.14,0.0
20230804:1630,8.55,21.99,5.56,29.18,2.28,0.0
20230804:1730,0.0,0.0,-3.54,28.11,2.69,0.0
20230804:1830,0.0,0.0,0.0,26.97,3.1,0.0
20230804:1930,0.0,0.0,0.0,26.42,3.45,0.0
20230804:2030,0.0,0.0,0.0,25.78,3.52,0.0
20230804:2130,0.0,0.0,0.0,25.17,3.59,0.0
20230804:2230,0.0,0.0,0.0,24.73,3.52,0.0
20230804:2330,0.0,0.0,0.0,24.35,3.52,0.0
20230805:0030,0.0,0.0,0.0,24.06,3.52,0.0
20230805:0130,0.0,0.0,0.0,23.72,3.45,0.0
20230805:0230,0.14,6.18,0.55,23.45,3.38,0.0
20230805:0330,20.64,38.6,10.01,23.22,3.38,0.0
20230805:0430,125.28,189.48,19.94,23.94,3.31,0.0
20230805:0530,321.15,401.98,29.98,25.53,3.66,0.0
20230805:0630,497.75,612.09,39.73,27.33,3.66,0.0
20230805:0730,629.9,785.53,48.58,28.76,3.79,0.0
20230805:0830,716.1,908.12,55.51,30.23,4.0,0.0
20230805:0930,748.76,964.11,59.01,31.28,3.66,0.0
20230805:1030,724.58,942.34,57.85,32.08,2.97,0.0
20230805:1130,657.36,854.11,52.48,32.73,2.48,0.0
20230805:1230,545.04,699.18,44.45,33.18,2.48,0.0
20230805:1330,397.31,509.15,35.07,33.45,2.69,0.0
20230805:1430,213.2,294.36,25.12,33.44,3.03,0.0
20230805:1530,47.01,98.22,15.09,32.99,3.24,0.0
20230805:1630,7.12,19.89,5.34,31.84,3.52,0.0
20230805:1730,0.0,0.0,-3.76,30.25,3.86,0.0
20230805:1830,0.0,0.0,0.0,29.02,4.07,0.0
20230805:1930,0.0,0.0,0.0,28.17,4.34,0.0
20230805:2030,0.0,0.0,0.0,27.46,4.69,0.0
20230805:2130,0.0,0.0,0.0,26.88,4.97,0.0
20230805:2230,0.0,0.0,0.0,26.4,5.1,0.0
20230805:2330,0.0,0.0,0.0,25.97,5.17,0.0
20230806:0030,0.0,0.0,0.0,25.61,5.31,0.0
20230806:0130,0.0,0.0,0.0,25.31,5.17,0.0
20230806:0230,0.02,5.89,0.35,25.02,5.24,0.0
20230806:0330,19.78,37.67,9.83,24.91,5.45,0.0
20230806:0430,126.64,192.62,19.76,25.64,5.79,0.0
20230806:0530,327.34,409.36,29.8,27.09,5.86,0.0
20230806:0630,509.73,622.05,39.54,28.93,6.55,0.0
20230806:0730,649.87,800.78,48.37,30.93,7.38,0.0
20230806:0830,740.92,924.45,55.27,32.48,8.0,0.0
20230806:0930,780.28,979.5,58.74,33.63,8.76,0.0
20230806:1030,764.75,961.32,57.58,34.25,8.83,0.0
20230806:1130,695.19,870.87,52.23,34.61,8.62,0.0
20230806:1230,575.6,717.67,44.22,34.75,8.34,0.0
20230806:1330,410.76,517.7,34.86,34.67,7.52,0.0
20230806:1430,216.54,297.55,24.91,34.25,6.28,0.0
20230806:1530,46.36,97.65,14.87,33.52,6.55,0.0
20230806:1630,6.51,18.92,5.12,32.49,5.86,0.0
20230806:1730,0.0,0.0,0.0,31.19,5.17,0.0
20230806:1830,0.0,0.0,0.0,29.99,4.76,0.0
20230806:1930,0.0,0.0,0.0,29.17,4.62,0.0
20230806:2030,0.0,0.0,0.0,28.36,4.76,0.0
20230806:2130,0.0,0.0,0.0,27.82,4.9,0.0
20230806:2230,0.0,0.0,0.0,27.46,4.9,0.0
20230806:2330,0.0,0.0,0.0,27.11,4.76,0.0
20230807:0030,0.0,0.0,0.0,26.79,4.69,0.0
20230807:0130,0.0,0.0,0.0,26.49,4.41,0.0
20230807:0230,0.0,5.38,0.16,26.04,3.86,0.0
20230807:0330,18.34,35.78,9.64,25.23,3.52,0.0
20230807:0430,119.07,181.97,19.58,25.47,3.17,0.0
20230807:0530,278.88,352.03,29.62,26.4,3.38,0.0
20230807:0630,399.59,487.96,39.35,26.86,3.72,0.0
20230807:0730,508.81,621.1,48.15,27.1,4.07,0.0
20230807:0830,618.72,762.29,55.02,28.12,4.62,0.0
20230807:0930,719.54,894.81,58.47,29.05,5.45,0.0
20230807:1030,723.73,901.44,57.3,29.9,5.86,0.0
20230807:1130,673.08,835.22,51.97,30.44,6.14,0.0
20230807:1230,544.76,669.94,43.99,30.68,6.28,0.0
20230807:1330,416.58,516.59,34.63,30.44,6.14,0.0
20230807:1430,214.79,290.2,24.69,30.23,5.52,0.0
20230807:1530,46.25,95.36,14.66,29.66,5.03,0.0
20230807:1630,6.35,18.42,4.9,28.67,3.86,0.0
20230807:1730,0.0,0.0,0.0,27.2,3.31,0.0
20230807:1830,0.0,0.0,0.0,25.9,3.24,0.0
20230807:1930,0.0,0.0,0.0,24.96,3.93,0.0
20230807:2030,0.0,0.0,0.0,24.2,3.66,0.0
20230807:2130,0.0,0.0,0.0,23.43,2.97,0.0
20230807:2230,0.0,0.0,0.0,22.75,2.34,0.0
20230807:2330,0.0,0.0,0.0,22.21,2.41,0.0
20230808:0030,0.0,0.0,0.0,21.74,2.69,0.0
20230808:0130,0.0,0.0,0.0,21.39,3.03,0.0
20230808:0230,0.0,0.0,-0.04,21.04,3.31,0.0
20230808:0330,19.7,37.0,9.46,20.8,3.52,0.0
20230808:0430,116.06,173.21,19.4,21.28,3.93,0.0
20230808:0530,288.72,355.38,29.44,22.16,4.21,0.0
20230808:0630,505.33,607.94,39.16,23.31,3.93,0.0
20230808:0730,638.1,781.02,47.94,24.44,3.45,0.0
20230808:0830,705.25,880.98,54.78,25.73,3.03,0.0
20230808:0930,659.27,824.7,58.19,26.75,2.9,0.0
20230808:1030,541.43,668.29,57.02,27.45,3.17,0.0
20230808:1130,431.9,527.34,51.71,27.62,3.45,0.0
20230808:1230,356.6,436.63,43.75,27.66,3.79,0.0
20230808:1330,256.03,320.04,34.41,27.71,4.0,0.0
20230808:1430,120.76,167.14,24.47,27.55,4.21,0.0
20230808:1530,40.09,78.02,14.43,27.15,4.34,0.0
20230808:1630,3.29,12.99,4.67,26.61,4.21,0.0
20230808:1730,0.0,0.0,0.0,25.64,4.14,0.0
20230808:1830,0.0,0.0,0.0,24.95,4.07,0.0
20230808:1930,0.0,0.0,0.0,24.33,4.34,0.0
20230808:2030,0.0,0.0,0.0,23.55,4.14,0.0
20230808:2130,0.0,0.0,0.0,23.0,4.48,0.0
20230808:2230,0.0,0.0,0.0,22.02,5.17,0.0
20230808:2330,0.0,0.0,0.0,20.91,6.14,0.0
20230809:0030,0.0,0.0,0.0,19.94,6.83,0.0
20230809:0130,0.0,0.0,0.0,19.22,6.76,0.0
20230809:0230,0.0,0.0,-0.24,18.83,6.0,0.0
20230809:0330,21.29,38.73,9.27,18.45,5.45,0.0
20230809:0430,129.26,188.6,19.22,18.67,5.45,0.0
20230809:0530,329.89,398.05,29.26,19.57,5.59,0.0
20230809:0630,418.5,493.48,38.96,20.92,5.66,0.0
20230809:0730,575.4,680.55,47.72,21.8,5.59,0.0
20230809:0830,610.82,729.06,54.52,22.92,5.59,0.0
20230809:0930,654.11,787.83,57.91,23.82,5.45,0.0
20230809:1030,667.92,807.22,56.74,24.62,5.52,0.0
20230809:1130,571.11,687.46,51.45,25.3,5.45,0.0
20230809:1230,460.02,553.46,43.5,25.58,5.52,0.0
20230809:1330,332.93,405.21,34.18,25.59,5.72,0.0
20230809:1430,183.61,242.72,24.24,25.23,5.93,0.0
20230809:1530,38.65,76.54,14.2,24.81,6.0,0.0
20230809:1630,5.36,16.48,4.43,23.95,5.45,0.0
20230809:1730,0.0,0.0,0.0,22.9,4.97,0.0
20230809:1830,0.0,0.0,0.0,22.05,4.76,0.0
20230809:1930,0.0,0.0,0.0,21.39,4.69,0.0
20230809:2030,0.0,0.0,0.0,20.86,4.69,0.0
20230809:2130,0.0,0.0,0.0,20.4,4.76,0.0
20230809:2230,0.0,0.0,0.0,19.95,4.69,0.0
20230809:2330,0.0,0.0,0.0,19.53,4.69,0.0
20230810:0030,0.0,0.0,0.0,19.12,4.76,0.0
20230810:0130,0.0,0.0,0.0,18.8,4.83,0.0
20230810:0230,0.0,0.0,-0.44,18.56,4.83,0.0
20230810:0330,18.75,35.4,9.08,18.5,4.76,0.0
20230810:0430,123.88,182.06,19.04,19.3,4.62,0.0
20230810:0530,310.4,377.88,29.07,20.82,5.03,0.0
20230810:0630,457.76,543.29,38.76,22.62,5.38,0.0
20230810:0730,611.79,734.38,47.5,24.15,5.31,0.0
20230810:0830,691.61,847.36,54.27,25.79,4.76,0.0
20230810:0930,615.59,754.27,57.62,27.11,4.41,0.0
20230810:1030,403.0,491.5,56.45,27.41,3.86,0.0
20230810:1130,263.79,325.16,51.17,26.72,2.69,0.0
20230810:1230,266.48,329.22,43.25,26.24,2.69,0.0
20230810:1330,162.84,209.31,33.94,25.38,2.07,0.0
20230810:1430,38.09,61.99,24.01,24.32,2.9,0.0
20230810:1530,29.6,53.05,13.97,23.28,3.03,0.0
20230810:1630,2.17,10.72,4.19,22.73,2.83,0.0
20230810:1730,0.0,0.0,0.0,22.26,3.03,0.0
20230810:1830,0.0,0.0,0.0,22.15,3.24,0.0
20230810:1930,0.0,0.0,0.0,24.09,2.55,0.0
20230810:2030,0.0,0.0,0.0,23.77,2.21,0.0
20230810:2130,0.0,0.0,0.0,23.63,2.0,0.0
20230810:2230,0.0,0.0,0.0,23.3,1.59,0.0
20230810:2330,0.0,0.0,0.0,22.93,1.72,0.0
20230811:0030,0.0,0.0,0.0,22.55,2.34,0.0
20230811:0130,0.0,0.0,0.0,22.07,2.28,0.0
20230811:0230,0.0,0.0,-0.64,21.5,2.41,0.0
20230811:0330,2.02,10.39,8.89,21.25,3.03,0.0
20230811:0430,19.01,36.29,18.85,21.23,3.38,0.0
20230811:0530,59.76,86.86,28.88,21.32,3.31,0.0
20230811:0630,119.79,156.3,38.56,21.68,2.97,0.0
20230811:0730,92.23,125.49,47.27,22.91,1.86,0.0
20230811:0830,65.57,94.24,54.01,22.86,2.69,0.0
20230811:0930,177.71,222.49,57.34,22.73,3.24,0.0
20230811:1030,198.06,246.67,56.16,23.12,2.76,0.0
20230811:1130,192.13,242.03,50.9,23.71,2.0,0.0
20230811:1230,203.15,254.55,43.0,23.85,1.93,0.0
20230811:1330,215.02,269.23,33.7,24.26,2.14,0.0
20230811:1430,100.32,140.18,23.78,24.68,2.07,0.0
20230811:1530,27.89,54.6,13.73,24.65,1.52,0.0
20230811:1630,1.93,10.3,3.95,24.28,0.76,0.0
20230811:1730,0.0,0.0,0.0,23.53,1.59,0.0
20230811:1830,0.0,0.0,0.0,22.66,1.86,0.0
20230811:1930,0.0,0.0,0.0,21.5,2.62,0.0
20230811:2030,0.0,0.0,0.0,21.18,3.45,0.0
20230811:2130,0.0,0.0,0.0,20.84,3.31,0.0
20230811:2230,0.0,0.0,0.0,20.45,3.03,0.0
20230811:2330,0.0,0.0,0.0,20.14,2.9,0.0
20230812:0030,0.0,0.0,0.0,20.0,2.69,0.0
20230812:0130,0.0,0.0,0.0,20.05,2.48,0.0
20230812:0230,0.0,0.0,-0.85,19.94,2.07,0.0
20230812:0330,12.85,27.54,8.7,19.93,1.93,0.0
20230812:0430,57.62,87.28,18.67,20.08,2.48,0.0
20230812:0530,102.02,135.76,28.69,20.31,2.9,0.0
20230812:0630,180.07,222.19,38.36,20.5,3.17,0.0
20230812:0730,268.81,321.87,47.05,20.38,3.72,0.0
20230812:0830,485.19,576.07,53.75,20.92,3.31,0.0
20230812:0930,522.86,625.41,57.04,22.07,3.31,0.0
20230812:1030,512.65,615.44,55.86,23.07,3.72,0.0
20230812:1130,540.16,650.51,50.62,23.71,3.86,0.0
20230812:1230,426.75,513.7,42.74,24.19,3.72,0.0
20230812:1330,342.35,418.04,33.45,24.47,3.38,0.0
20230812:1430,194.67,259.48,23.53,24.69,3.03,0.0
20230812:1530,43.49,88.13,13.49,24.58,2.69,0.0
20230812:1630,3.91,14.0,3.7,23.96,1.72,0.0
20230812:1730,0.0,0.0,0.0,22.84,1.38,0.0
20230812:1830,0.0,0.0,0.0,21.03,1.59,0.0
20230812:1930,0.0,0.0,0.0,19.72,1.79,0.0
20230812:2030,0.0,0.0,0.0,18.84,1.93,0.0
20230812:2130,0.0,0.0,0.0,18.17,2.0,0.0
20230812:2230,0.0,0.0,0.0,17.71,1.93,0.0
20230812:2330,0.0,0.0,0.0,17.55,1.86,0.0
20230813:0030,0.0,0.0,0.0,17.24,1.79,0.0
20230813:0130,0.0,0.0,0.0,16.85,1.86,0.0
20230813:0230,0.0,0.0,-1.05,16.68,1.79,0.0
20230813:0330,17.68,33.81,8.51,16.92,1.66,0.0
20230813:0430,126.87,187.1,18.48,17.8,1.31,0.0
20230813:0530,325.59,404.0,28.5,20.81,1.1,0.0
20230813:0630,502.93,619.85,38.16,22.34,0.97,0.0
20230813:0730,625.45,798.65,46.82,23.17,0.28,0.0
20230813:0830,681.69,888.86,53.48,24.16,0.21,0.0
20230813:0930,710.06,929.98,56.75,24.9,0.48,0.0
20230813:1030,687.42,886.47,55.56,25.57,0.97,0.0
20230813:1130,630.43,795.12,50.33,26.04,1.66,0.0
20230813:1230,488.28,602.05,42.47,26.29,2.34,0.0
20230813:1330,358.95,443.52,33.2,26.26,2.69,0.0
20230813:1430,210.4,281.54,23.29,26.1,3.03,0.0
20230813:1530,40.74,85.05,13.24,25.79,3.24,0.0
20230813:1630,3.62,13.54,3.44,25.05,2.83,0.0
20230813:1730,0.0,0.0,0.0,23.93,2.9,0.0
20230813:1830,0.0,0.0,0.0,23.0,2.9,0.0
20230813:1930,0.0,0.0,0.0,22.24,2.55,0.0
20230813:2030,0.0,0.0,0.0,21.4,2.62,0.0
20230813:2130,0.0,0.0,0.0,20.73,2.69,0.0
20230813:2230,0.0,0.0,0.0,20.17,2.69,0.0
20230813:2330,0.0,0.0,0.0,19.62,2.55,0.0
20230814:0030,0.0,0.0,0.0,19.02,2.34,0.0
20230814:0130,0.0,0.0,0.0,18.46,2.28,0.0
20230814:0230,0.0,0.0,-1.26,18.02,2.28,0.0
20230814:0330,16.98,32.97,8.31,17.75,2.28,0.0
20230814:0430,125.08,185.28,18.29,19.02,2.0,0.0
20230814:0530,324.09,401.04,28.31,21.53,1.93,0.0
20230814:0630,503.12,614.57,37.95,23.16,2.0,0.0
20230814:0730,641.76,793.08,46.58,23.92,2.41,0.0
20230814:0830,725.07,914.19,53.21,24.95,2.34,0.0
20230814:0930,756.69,966.81,56.44,25.78,2.21,0.0
20230814:1030,740.85,946.01,55.25,26.44,2.28,0.0
20230814:1130,675.01,854.23,50.04,26.98,2.28,0.0
20230814:1230,560.81,700.21,42.2,27.33,2.28,0.0
20230814:1330,400.01,499.12,32.94,27.48,2.28,0.0
20230814:1430,207.39,280.15,23.04,27.42,2.55,0.0
20230814:1530,40.53,85.31,12.99,27.01,2.69,0.0
20230814:1630,3.14,12.7,3.18,26.06,2.55,0.0
20230814:1730,0.0,0.0,0.0,24.72,2.97,0.0
20230814:1830,0.0,0.0,0.0,23.67,3.17,0.0
20230814:1930,0.0,0.0,0.0,22.81,3.03,0.0
20230814:2030,0.0,0.0,0.0,22.11,2.9,0.0
20230814:2130,0.0,0.0,0.0,21.48,2.69,0.0
20230814:2230,0.0,0.0,0.0,20.87,2.62,0.0
20230814:2330,0.0,0.0,0.0,20.36,2.69,0.0
20230815:0030,0.0,0.0,0.0,19.98,2.76,0.0
20230815:0130,0.0,0.0,0.0,19.65,2.69,0.0
20230815:0230,0.0,0.0,-1.47,19.33,2.62,0.0
20230815:0330,16.2,32.08,8.12,19.15,2.69,0.0
20230815:0430,123.31,183.46,18.1,20.08,2.55,0.0
20230815:0530,321.44,397.86,28.12,22.29,2.48,0.0
20230815:0630,499.53,610.06,37.74,24.16,2.48,0.0
20230815:0730,639.27,787.6,46.35,25.43,3.31,0.0
20230815:0830,724.9,909.1,52.94,26.52,3.31,0.0
20230815:0930,754.1,961.93,56.14,27.42,2.83,0.0
20230815:1030,733.08,940.95,54.94,28.22,2.48,0.0
20230815:1130,666.37,849.07,49.74,28.84,2.41,0.0
20230815:1230,552.14,694.76,41.92,29.29,2.41,0.0
20230815:1330,393.16,494.97,32.68,29.5,2.41,0.0
20230815:1430,202.46,276.53,22.78,29.42,2.62,0.0
20230815:1530,38.91,83.23,12.73,29.02,2.76,0.0
20230815:1630,2.7,11.94,2.92,27.96,2.97,0.0
20230815:1730,0.0,0.0,0.0,26.45,3.31,0.0
20230815:1830,0.0,0.0,0.0,25.36,3.45,0.0
20230815:1930,0.0,0.0,0.0,24.43,3.38,0.0
20230815:2030,0.0,0.0,0.0,23.71,3.38,0.0
20230815:2130,0.0,0.0,0.0,23.12,3.31,0.0
20230815:2230,0.0,0.0,0.0,22.58,3.1,0.0
20230815:2330,0.0,0.0,0.0,22.05,2.9,0.0
20230816:0030,0.0,0.0,0.0,21.6,2.83,0.0
20230816:0130,0.0,0.0,0.0,21.22,2.9,0.0
20230816:0230,0.0,0.0,-1.68,20.92,2.97,0.0
20230816:0330,15.51,31.33,7.92,20.77,3.03,0.0
20230816:0430,120.77,181.0,17.91,21.66,2.9,0.0
20230816:0530,317.48,394.14,27.92,23.52,3.03,0.0
20230816:0630,493.63,603.58,37.53,25.35,2.97,0.0
20230816:0730,627.68,781.83,46.11,26.89,2.9,0.0
20230816:0830,714.04,905.23,52.67,28.12,3.03,0.0
20230816:0930,742.26,948.5,55.83,28.99,3.17,0.0
20230816:1030,731.29,934.0,54.62,29.57,3.31,0.0
20230816:1130,664.53,840.18,49.44,29.93,3.45,0.0
20230816:1230,554.93,692.93,41.64,30.07,3.66,0.0
20230816:1330,378.34,472.97,32.41,29.98,3.86,0.0
20230816:1430,199.51,271.71,22.52,29.67,3.93,0.0
20230816:1530,37.42,79.96,12.47,29.12,3.66,0.0
20230816:1630,2.21,10.97,2.65,27.91,3.72,0.0
20230816:1730,0.0,0.0,0.0,26.39,3.93,0.0
20230816:1830,0.0,0.0,0.0,25.36,4.0,0.0
20230816:1930,0.0,0.0,0.0,24.5,4.0,0.0
20230816:2030,0.0,0.0,0.0,23.9,3.93,0.0
20230816:2130,0.0,0.0,0.0,23.38,3.86,0.0
20230816:2230,0.0,0.0,0.0,22.87,3.93,0.0
20230816:2330,0.0,0.0,0.0,22.47,4.14,0.0
20230817:0030,0.0,0.0,0.0,22.19,4.28,0.0
20230817:0130,0.0,0.0,0.0,21.9,4.28,0.0
20230817:0230,0.0,0.0,-1.89,21.65,4.14,0.0
20230817:0330,15.23,30.99,7.72,21.3,4.07,0.0
20230817:0430,121.68,182.07,17.72,21.76,3.93,0.0
20230817:0530,323.29,398.1,27.73,23.06,4.28,0.0
20230817:0630,504.46,608.15,37.32,24.57,4.48,0.0
20230817:0730,633.17,774.61,45.87,26.02,4.34,0.0
20230817:0830,721.74,901.78,52.39,27.48,4.07,0.0
20230817:0930,753.48,954.82,55.52,28.74,3.86,0.0
20230817:1030,713.08,903.4,54.3,29.67,3.79,0.0
20230817:1130,633.59,796.68,49.14,30.22,3.79,0.0
20230817:1230,495.22,615.28,41.36,30.48,3.93,0.0
20230817:1330,366.71,458.84,32.14,30.37,4.21,0.0
20230817:1430,200.88,274.25,22.25,30.01,4.34,0.0
20230817:1530,36.81,80.01,12.21,29.24,4.41,0.0
20230817:1630,2.0,10.55,2.38,27.93,4.28,0.0
20230817:1730,0.0,0.0,0.0,26.41,4.07,0.0
20230817:1830,0.0,0.0,0.0,25.29,4.07,0.0
20230817:1930,0.0,0.0,0.0,24.22,4.0,0.0
20230817:2030,0.0,0.0,0.0,23.56,4.21,0.0
20230817:2130,0.0,0.0,0.0,22.96,4.14,0.0
20230817:2230,0.0,0.0,0.0,22.35,4.0,0.0
20230817:2330,0.0,0.0,0.0,21.76,3.93,0.0
20230818:0030,0.0,0.0,0.0,21.24,3.79,0.0
20230818:0130,0.0,0.0,0.0,20.73,3.59,0.0
20230818:0230,0.0,0.0,-2.1,20.26,3.59,0.0
20230818:0330,14.92,30.4,7.52,19.86,3.66,0.0
20230818:0430,124.26,184.43,17.52,20.36,3.45,0.0
20230818:0530,328.48,402.98,27.53,21.84,3.66,0.0
20230818:0630,510.35,616.24,37.11,23.61,3.59,0.0
20230818:0730,647.02,795.44,45.63,25.25,3.52,0.0
20230818:0830,734.41,919.99,52.11,26.68,3.59,0.0
20230818:0930,757.5,957.27,55.2,27.74,3.72,0.0
20230818:1030,646.45,808.2,53.98,28.74,3.72,0.0
20230818:1130,458.4,565.68,48.83,29.29,3.52,0.0
20230818:1230,350.7,433.72,41.07,29.29,3.72,0.0
20230818:1330,221.19,280.48,31.86,29.11,4.34,0.0
20230818:1430,147.64,201.6,21.98,28.71,4.55,0.0
20230818:1530,36.08,73.21,11.94,28.42,4.14,0.0
20230818:1630,1.72,9.97,2.1,27.5,3.31,0.0
20230818:1730,0.0,0.0,0.0,26.06,2.9,0.0
20230818:1830,0.0,0.0,0.0,24.82,2.97,0.0
20230818:1930,0.0,0.0,0.0,24.08,2.9,0.0
20230818:2030,0.0,0.0,0.0,23.43,3.1,0.0
20230818:2130,0.0,0.0,0.0,23.03,3.38,0.0
20230818:2230,0.0,0.0,0.0,22.79,3.52,0.0
20230818:2330,0.0,0.0,0.0,22.52,3.59,0.0
20230819:0030,0.0,0.0,0.0,22.26,3.66,0.0
20230819:0130,0.0,0.0,0.0,21.94,3.66,0.0
20230819:0230,0.0,0.0,-2.31,21.65,3.72,0.0
20230819:0330,13.92,29.18,7.32,21.37,3.72,0.0
20230819:0430,120.42,180.33,17.33,21.91,3.59,0.0
20230819:0530,321.29,397.1,27.33,23.47,3.79,0.0
20230819:0630,501.02,609.26,36.89,25.36,3.72,0.0
20230819:0730,636.41,788.52,45.38,27.11,3.59,0.0
20230819:0830,719.49,910.99,51.82,28.87,3.52,0.0
20230819:0930,713.76,910.39,54.89,30.42,3.52,0.0
20230819:1030,676.16,865.25,53.65,31.63,3.38,0.0
20230819:1130,488.47,614.47,48.52,32.52,3.03,0.0
20230819:1230,367.18,463.03,40.77,32.77,2.55,0.0
20230819:1330,309.77,397.1,31.58,32.81,2.28,0.0
20230819:1430,149.33,212.23,21.71,32.8,2.14,0.0
20230819:1530,33.63,74.06,11.66,32.11,2.21,0.0
20230819:1630,0.78,7.95,1.82,30.72,2.76,0.0
20230819:1730,0.0,0.0,0.0,28.93,3.31,0.0
20230819:1830,0.0,0.0,0.0,27.9,3.52,0.0
20230819:1930,0.0,0.0,0.0,27.4,4.07,0.0
20230819:2030,0.0,0.0,0.0,26.65,4.07,0.0
20230819:2130,0.0,0.0,0.0,25.98,4.0,0.0
20230819:2230,0.0,0.0,0.0,25.27,3.86,0.0
20230819:2330,0.0,0.0,0.0,24.59,3.72,0.0
20230820:0030,0.0,0.0,0.0,23.99,3.59,0.0
20230820:0130,0.0,0.0,0.0,23.52,3.45,0.0
20230820:0230,0.0,0.0,-2.52,22.92,3.38,0.0
20230820:0330,13.09,28.13,7.12,22.44,3.24,0.0
20230820:0430,120.6,181.46,17.13,22.8,3.03,0.0
20230820:0530,321.76,401.33,27.13,24.54,2.9,0.0
20230820:0630,507.4,627.21,36.67,26.8,2.69,0.0
20230820:0730,632.77,800.1,45.14,28.89,2.62,0.0
20230820:0830,699.93,909.19,51.53,30.76,2.28,0.0
20230820:0930,710.43,935.87,54.56,32.34,2.14,0.0
20230820:1030,612.93,798.4,53.32,33.47,2.07,0.0
20230820:1130,627.33,823.09,48.2,34.02,2.0,0.0
20230820:1230,473.36,610.34,40.47,34.43,1.86,0.0
20230820:1330,288.89,375.48,31.3,34.33,1.66,0.0
20230820:1430,151.81,217.01,21.43,33.6,1.1,0.0
20230820:1530,34.19,69.13,11.38,32.44,1.66,0.0
20230820:1630,0.51,7.27,1.54,30.62,2.48,0.0
20230820:1730,0.0,0.0,0.0,28.97,3.17,0.0
20230820:1830,0.0,0.0,0.0,27.94,3.45,0.0
20230820:1930,0.0,0.0,0.0,27.23,3.24,0.0
20230820:2030,0.0,0.0,0.0,26.37,3.03,0.0
20230820:2130,0.0,0.0,0.0,25.37,2.83,0.0
20230820:2230,0.0,0.0,0.0,24.3,2.48,0.0
20230820:2330,0.0,0.0,0.0,23.02,2.14,0.0
20230821:0030,0.0,0.0,0.0,22.3,1.79,0.0
20230821:0130,0.0,0.0,0.0,21.65,1.72,0.0
20230821:0230,0.0,0.0,-2.74,21.02,1.79,0.0
20230821:0330,12.9,27.71,6.92,20.92,1.72,0.0
20230821:0430,118.06,177.54,16.93,21.52,1.52,0.0
20230821:0530,310.92,393.7,26.92,24.97,0.97,0.0
20230821:0630,487.05,615.45,36.45,27.35,0.9,0.0
20230821:0730,626.23,795.02,44.89,29.15,2.34,0.0
20230821:0830,705.9,906.62,51.24,30.47,2.97,0.0
20230821:0930,687.03,886.48,54.24,31.51,2.9,0.0
20230821:1030,697.58,906.74,52.98,32.19,2.69,0.0
20230821:1130,532.35,674.53,47.88,32.55,3.03,0.0
20230821:1230,385.99,477.83,40.17,31.77,5.52,0.0
20230821:1330,271.06,340.51,31.01,30.23,5.45,0.0
20230821:1430,145.65,201.31,21.15,29.56,4.34,0.0
20230821:1530,31.45,65.82,11.1,28.94,4.21,0.0
20230821:1630,0.41,6.98,1.25,27.91,3.93,0.0
20230821:1730,0.0,0.0,0.0,26.53,3.93,0.0
20230821:1830,0.0,0.0,0.0,25.46,3.86,0.0
20230821:1930,0.0,0.0,0.0,25.28,3.45,0.0
20230821:2030,0.0,0.0,0.0,24.51,3.45,0.0
20230821:2130,0.0,0.0,0.0,23.9,3.24,0.0
20230821:2230,0.0,0.0,0.0,23.36,2.9,0.0
20230821:2330,0.0,0.0,0.0,22.57,2.83,0.0
20230822:0030,0.0,0.0,0.0,21.91,2.97,0.0
20230822:0130,0.0,0.0,0.0,21.46,3.1,0.0
20230822:0230,0.0,0.0,-2.96,20.87,3.1,0.0
20230822:0330,12.14,26.57,6.72,20.45,2.9,0.0
20230822:0430,119.06,177.38,16.73,20.76,2.28,0.0
20230822:0530,313.99,389.04,26.72,22.13,2.0,0.0
20230822:0630,483.77,593.9,36.23,23.7,1.59,0.0
20230822:0730,627.25,789.81,44.63,25.09,1.45,0.0
20230822:0830,706.55,901.33,50.95,26.63,2.0,0.0
20230822:0930,701.19,889.61,53.91,27.95,2.76,0.0
20230822:1030,589.58,732.85,52.64,28.7,3.45,0.0
20230822:1130,508.37,620.88,47.55,28.64,4.69,0.0
20230822:1230,380.66,461.09,39.86,27.25,5.17,0.0
20230822:1330,210.34,264.52,30.71,27.12,4.83,0.0
20230822:1430,138.75,193.39,20.86,27.07,4.62,0.0
20230822:1530,27.45,61.17,10.81,26.9,4.83,0.0
20230822:1630,0.38,6.85,0.95,26.02,5.38,0.0
20230822:1730,0.0,0.0,0.0,24.5,5.72,0.0
20230822:1830,0.0,0.0,0.0,23.24,5.03,0.0
20230822:1930,0.0,0.0,0.0,22.39,4.0,0.0
20230822:2030,0.0,0.0,0.0,21.53,3.45,0.0
20230822:2130,0.0,0.0,0.0,20.87,3.31,0.0
20230822:2230,0.0,0.0,0.0,20.35,3.17,0.0
20230822:2330,0.0,0.0,0.0,19.84,3.1,0.0
20230823:0030,0.0,0.0,0.0,19.41,2.97,0.0
20230823:0130,0.0,0.0,0.0,19.01,2.97,0.0
20230823:0230,0.0,0.0,-3.17,18.67,3.03,0.0
20230823:0330,12.13,26.36,6.51,18.39,2.97,0.0
20230823:0430,120.54,177.78,16.53,18.92,2.69,0.0
20230823:0530,324.4,396.9,26.51,20.46,2.69,0.0
20230823:0630,501.06,603.98,36.01,22.04,2.69,0.0
20230823:0730,625.94,760.84,44.38,22.96,3.17,0.0
20230823:0830,596.37,720.61,50.65,24.23,4.28,0.0
20230823:0930,598.86,727.22,53.58,24.76,4.55,0.0
20230823:1030,652.16,793.8,52.3,25.29,4.76,0.0
20230823:1130,574.5,697.85,47.22,25.78,4.69,0.0
20230823:1230,469.98,568.37,39.55,25.98,4.55,0.0
20230823:1330,358.06,438.12,30.42,25.99,4.69,0.0
20230823:1430,187.28,252.02,20.57,25.75,4.9,0.0
20230823:1530,30.36,65.95,10.52,25.03,4.76,0.0
20230823:1630,0.18,6.31,0.66,23.96,4.28,0.0
20230823:1730,0.0,0.0,0.0,22.7,3.79,0.0
20230823:1830,0.0,0.0,0.0,21.79,2.97,0.0
20230823:1930,0.0,0.0,0.0,21.03,2.48,0.0
20230823:2030,0.0,0.0,0.0,20.36,2.55,0.0
20230823:2130,0.0,0.0,0.0,19.74,2.55,0.0
20230823:2230,0.0,0.0,0.0,19.11,2.34,0.0
20230823:2330,0.0,0.0,0.0,18.27,1.93,0.0
20230824:0030,0.0,0.0,0.0,17.49,2.07,0.0
20230824:0130,0.0,0.0,0.0,17.07,2.34,0.0
20230824:0230,0.0,0.0,-3.39,16.86,2.48,0.0
20230824:0330,11.47,25.27,6.31,16.69,2.41,0.0
20230824:0430,120.69,176.5,16.33,17.3,2.0,0.0
20230824:0530,322.9,396.41,26.3,20.0,1.72,0.0
20230824:0630,494.88,602.71,35.78,21.86,1.59,0.0
20230824:0730,631.28,791.36,44.12,23.19,1.17,0.0
20230824:0830,694.07,880.07,50.35,24.4,1.52,0.0
20230824:0930,718.97,910.68,53.24,25.25,2.14,0.0
20230824:1030,589.15,724.06,51.95,26.06,3.17,0.0
20230824:1130,526.28,641.15,46.89,26.31,3.66,0.0
20230824:1230,412.82,500.74,39.24,26.52,3.86,0.0
20230824:1330,231.68,289.73,30.11,26.48,3.86,0.0
20230824:1430,138.99,190.57,20.28,26.12,3.79,0.0
20230824:1530,25.07,53.66,10.23,25.72,3.17,0.0
20230824:1630,0.0,5.38,0.36,24.9,2.21,0.0
20230824:1730,0.0,0.0,0.0,23.8,2.14,0.0
20230824:1830,0.0,0.0,0.0,22.87,1.93,0.0
20230824:1930,0.0,0.0,0.0,21.97,1.72,0.0
20230824:2030,0.0,0.0,0.0,21.14,1.52,0.0
20230824:2130,0.0,0.0,0.0,21.12,1.31,0.0
20230824:2230,0.0,0.0,0.0,20.94,1.24,0.0
20230824:2330,0.0,0.0,0.0,20.94,1.1,0.0
20230825:0030,0.0,0.0,0.0,21.03,0.97,0.0
20230825:0130,0.0,0.0,0.0,21.04,0.9,0.0
20230825:0230,0.0,0.0,-3.61,19.52,1.31,0.0
20230825:0330,12.01,26.2,6.1,18.33,1.66,0.0
20230825:0430,85.55,126.03,16.13,18.75,1.59,0.0
20230825:0530,259.99,323.24,26.1,21.48,1.45,0.0
20230825:0630,425.14,518.22,35.55,23.22,1.59,0.0
20230825:0730,608.81,756.14,43.86,24.26,1.86,0.0
20230825:0830,647.89,809.0,50.05,25.54,2.28,0.0
20230825:0930,705.02,886.85,52.9,26.3,2.76,0.0
20230825:1030,620.26,771.04,51.61,26.92,2.9,0.0
20230825:1130,565.58,697.75,46.55,27.21,3.24,0.0
20230825:1230,411.56,503.77,38.92,27.37,3.24,0.0
20230825:1330,283.57,352.82,29.81,27.25,3.52,0.0
20230825:1430,152.88,210.68,19.98,27.01,3.79,0.0
20230825:1530,25.89,59.35,9.93,26.51,3.52,0.0
20230825:1630,0.0,4.5,0.05,25.63,2.9,0.0
20230825:1730,0.0,0.0,0.0,24.28,2.62,0.0
20230825:1830,0.0,0.0,0.0,23.34,2.28,0.0
20230825:1930,0.0,0.0,0.0,22.45,2.41,0.0
20230825:2030,0.0,0.0,0.0,21.57,2.0,0.0
20230825:2130,0.0,0.0,0.0,20.43,1.86,0.0
20230825:2230,0.0,0.0,0.0,19.6,1.79,0.0
20230825:2330,0.0,0.0,0.0,18.91,1.93,0.0
20230826:0030,0.0,0.0,0.0,18.5,2.0,0.0
20230826:0130,0.0,0.0,0.0,18.19,1.79,0.0
20230826:0230,0.0,0.0,-3.83,18.39,1.59,0.0
20230826:0330,10.2,23.59,5.9,18.37,1.52,0.0
20230826:0430,113.15,167.47,15.93,19.08,1.24,0.0
20230826:0530,306.44,381.03,25.88,21.59,1.03,0.0
20230826:0630,486.46,599.64,35.32,23.41,1.17,0.0
20230826:0730,624.07,785.35,43.6,24.41,1.24,0.0
20230826:0830,700.71,906.05,49.75,25.69,1.03,0.0
20230826:0930,733.91,967.48,52.56,26.63,0.83,0.0
20230826:1030,686.37,896.94,51.25,27.45,0.9,0.0
20230826:1130,490.16,616.63,46.21,28.01,1.17,0.0
20230826:1230,336.91,419.33,38.59,28.16,1.59,0.0
20230826:1330,326.63,410.92,29.5,28.13,1.66,0.0
20230826:1430,176.24,244.71,19.68,28.13,1.17,0.0
20230826:1530,26.38,62.23,9.63,27.91,1.38,0.0
20230826:1630,0.0,0.0,-0.26,27.12,1.45,0.0
20230826:1730,0.0,0.0,0.0,25.93,1.38,0.0
20230826:1830,0.0,0.0,0.0,25.47,0.83,0.0
20230826:1930,0.0,0.0,0.0,23.73,2.21,0.0
20230826:2030,0.0,0.0,0.0,23.74,3.93,0.0
20230826:2130,0.0,0.0,0.0,23.29,5.03,0.0
20230826:2230,0.0,0.0,0.0,22.57,4.83,0.0
20230826:2330,0.0,0.0,0.0,22.1,4.48,0.0
20230827:0030,0.0,0.0,0.0,21.96,4.14,0.0
20230827:0130,0.0,0.0,0.0,21.89,3.86,0.0
20230827:0230,0.0,0.0,-4.05,21.98,4.0,0.0
20230827:0330,2.96,12.19,5.69,21.92,3.93,0.0
20230827:0430,57.76,90.35,15.72,22.1,3.93,0.0
20230827:0530,156.75,200.72,25.67,22.78,4.28,0.0
20230827:0630,435.68,521.35,35.09,23.64,4.62,0.0
20230827:0730,579.47,698.16,43.33,25.51,5.24,0.0
20230827:0830,699.5,858.13,49.44,26.86,5.31,0.0
20230827:0930,744.9,924.75,52.22,28.06,5.31,0.0
20230827:1030,687.16,852.57,50.9,29.07,5.24,0.0
20230827:1130,637.1,790.27,45.86,29.69,4.9,0.0
20230827:1230,485.21,599.52,38.27,30.31,4.55,0.0
20230827:1330,304.92,383.82,29.19,30.51,3.86,0.0
20230827:1430,143.82,203.58,19.37,30.57,3.17,0.0
20230827:1530,21.66,50.98,9.32,30.16,2.41,0.0
20230827:1630,0.0,0.0,-0.57,28.94,1.86,0.0
20230827:1730,0.0,0.0,0.0,27.63,2.0,0.0
20230827:1830,0.0,0.0,0.0,26.64,1.79,0.0
20230827:1930,0.0,0.0,0.0,25.78,1.52,0.0
20230827:2030,0.0,0.0,0.0,24.7,1.31,0.0
20230827:2130,0.0,0.0,0.0,23.89,1.31,0.0
20230827:2230,0.0,0.0,0.0,23.19,1.72,0.0
20230827:2330,0.0,0.0,0.0,22.8,1.72,0.0
20230828:0030,0.0,0.0,0.0,22.28,1.72,0.0
20230828:0130,0.0,0.0,0.0,21.87,1.79,0.0
20230828:0230,0.0,0.0,-4.27,21.52,2.0,0.0
20230828:0330,8.57,21.4,5.48,21.33,2.07,0.0
20230828:0430,110.4,165.87,15.52,21.98,1.72,0.0
20230828:0530,299.67,376.39,25.46,24.61,1.66,0.0
20230828:0630,459.33,571.42,34.86,26.64,1.52,0.0
20230828:0730,602.05,761.98,43.07,28.22,1.93,0.0
20230828:0830,690.29,888.9,49.13,29.44,2.21,0.0
20230828:0930,727.55,943.76,51.87,30.47,2.55,0.0
20230828:1030,713.2,918.5,50.54,31.42,3.24,0.0
20230828:1130,616.86,780.35,45.51,32.05,3.86,0.0
20230828:1230,487.23,608.23,37.94,32.21,4.34,0.0
20230828:1330,315.09,398.58,28.87,32.13,4.48,0.0
20230828:1430,130.75,186.51,19.06,31.57,4.48,0.0
20230828:1530,20.42,48.88,9.01,30.75,4.07,0.0
20230828:1630,0.0,0.0,-0.88,29.64,3.38,0.0
20230828:1730,0.0,0.0,0.0,28.32,3.03,0.0
20230828:1830,0.0,0.0,0.0,27.38,2.97,0.0
20230828:1930,0.0,0.0,0.0,26.78,3.59,0.0
20230828:2030,0.0,0.0,0.0,26.19,3.45,0.0
20230828:2130,0.0,0.0,0.0,25.55,3.24,0.0
20230828:2230,0.0,0.0,0.0,24.9,2.97,0.0
20230828:2330,0.0,0.0,0.0,24.26,2.76,0.0
20230829:0030,0.0,0.0,0.0,23.63,2.55,0.0
20230829:0130,0.0,0.0,0.0,23.02,2.48,0.0
20230829:0230,0.0,0.0,0.0,22.48,2.55,0.0
20230829:0330,8.01,20.6,5.27,22.04,2.83,0.0
20230829:0430,111.58,167.59,15.31,22.38,3.03,0.0
20230829:0530,307.25,380.14,25.24,23.67,3.52,0.0
20230829:0630,483.06,586.95,34.62,25.27,3.52,0.0
20230829:0730,613.09,763.67,42.8,27.02,2.76,0.0
20230829:0830,698.45,889.3,48.82,28.52,2.69,0.0
20230829:0930,730.4,942.76,51.52,29.7,2.62,0.0
20230829:1030,680.9,873.39,50.18,30.61,2.83,0.0
20230829:1130,630.67,803.93,45.16,31.18,2.9,0.0
20230829:1230,513.34,649.07,37.6,31.47,2.62,0.0
20230829:1330,348.16,443.96,28.55,31.46,2.14,0.0
20230829:1430,166.31,235.65,18.75,31.57,2.0,0.0
20230829:1530,22.1,54.45,8.7,30.97,1.52,0.0
20230829:1630,0.0,0.0,-1.2,30.01,1.45,0.0
20230829:1730,0.0,0.0,0.0,28.51,2.41,0.0
20230829:1830,0.0,0.0,0.0,27.34,3.24,0.0
20230829:1930,0.0,0.0,0.0,25.96,3.86,0.0
20230829:2030,0.0,0.0,0.0,24.99,3.59,0.0
20230829:2130,0.0,0.0,0.0,24.15,3.38,0.0
20230829:2230,0.0,0.0,0.0,23.37,3.24,0.0
20230829:2330,0.0,0.0,0.0,22.7,3.24,0.0
20230830:0030,0.0,0.0,0.0,22.18,3.24,0.0
20230830:0130,0.0,0.0,0.0,21.62,3.17,0.0
20230830:0230,0.0,0.0,0.0,21.04,3.03,0.0
20230830:0330,7.21,19.26,5.06,20.55,3.03,0.0
20230830:0430,107.76,160.09,15.1,20.77,3.38,0.0
20230830:0530,303.8,371.43,25.03,21.49,3.86,0.0
20230830:0630,508.7,608.65,34.38,22.57,4.0,0.0
20230830:0730,655.45,794.43,42.53,23.94,4.34,0.0
20230830:0830,748.86,923.06,48.5,25.35,4.55,0.0
20230830:0930,782.57,974.56,51.17,26.59,4.69,0.0
20230830:1030,760.21,947.73,49.81,27.49,4.76,0.0
20230830:1130,684.29,847.9,44.81,28.17,4.76,0.0
20230830:1230,555.93,683.83,37.27,28.54,4.55,0.0
20230830:1330,381.91,473.53,28.23,28.59,4.55,0.0
20230830:1430,178.38,246.34,18.43,28.25,4.62,0.0
20230830:1530,22.13,54.92,8.38,27.52,4.48,0.0
20230830:1630,0.0,0.0,-1.52,26.21,4.07,0.0
20230830:1730,0.0,0.0,0.0,24.61,3.93,0.0
20230830:1830,0.0,0.0,0.0,23.46,3.86,0.0
20230830:1930,0.0,0.0,0.0,22.32,4.07,0.0
20230830:2030,0.0,0.0,0.0,21.56,4.0,0.0
20230830:2130,0.0,0.0,0.0,20.87,3.93,0.0
20230830:2230,0.0,0.0,0.0,20.31,3.93,0.0
20230830:2330,0.0,0.0,0.0,19.85,3.86,0.0
20230831:0030,0.0,0.0,0.0,19.49,3.86,0.0
20230831:0130,0.0,0.0,0.0,19.19,3.79,0.0
20230831:0230,0.0,0.0,0.0,18.94,3.66,0.0
20230831:0330,6.99,18.8,4.85,18.77,3.52,0.0
20230831:0430,107.77,158.12,14.89,19.21,3.31,0.0
20230831:0530,286.65,349.71,24.81,20.45,3.59,0.0
20230831:0630,434.44,519.61,34.15,22.23,3.52,0.0
20230831:0730,565.54,686.67,42.25,24.27,3.31,0.0
20230831:0830,707.37,883.99,48.19,26.06,3.17,0.0
20230831:0930,749.39,951.57,50.82,27.89,3.24,0.0
20230831:1030,736.87,938.91,49.44,29.36,3.45,0.0
20230831:1130,664.1,838.78,44.45,30.46,3.79,0.0
20230831:1230,540.06,674.46,36.92,31.04,4.07,0.0
20230831:1330,368.88,463.57,27.9,31.06,4.34,0.0
20230831:1430,169.94,238.54,18.11,30.65,4.28,0.0
20230831:1530,20.28,51.61,8.07,29.75,3.52,0.0
20230831:1630,0.0,0.0,-1.84,28.14,3.24,0.0
20230831:1730,0.0,0.0,0.0,26.4,3.31,0.0
20230831:1830,0.0,0.0,0.0,25.21,3.38,0.0
20230831:1930,0.0,0.0,0.0,24.47,3.31,0.0
20230831:2030,0.0,0.0,0.0,23.66,2.97,0.0
20230831:2130,0.0,0.0,0.0,22.93,2.69,0.0
20230831:2230,0.0,0.0,0.0,22.29,2.41,0.0
20230831:2330,0.0,0.0,0.0,21.56,2.14,0.0
20230901:0030,0.0,0.0,0.0,20.83,2.0,0.0
20230901:0130,0.0,0.0,0.0,20.34,2.14,0.0
20230901:0230,0.0,0.0,0.0,20.19,2.21,0.0
20230901:0330,8.74,21.57,4.64,20.12,2.34,0.0
20230901:0430,88.82,129.51,14.68,20.76,2.28,0.0
20230901:0530,232.14,289.55,24.59,22.55,2.41,0.0
20230901:0630,412.68,502.59,33.9,24.36,2.55,0.0
20230901:0730,484.47,597.55,41.98,25.98,2.41,0.0
20230901:0830,491.08,606.97,47.87,27.33,2.9,0.0
20230901:0930,576.94,719.88,50.46,28.15,3.31,0.0
20230901:1030,506.56,627.43,49.07,28.82,3.72,0.0
20230901:1130,339.59,417.48,44.09,28.06,3.45,0.0
20230901:1230,267.81,329.79,36.58,25.72,3.31,0.0
20230901:1330,159.74,204.9,27.57,23.94,1.45,0.0
20230901:1430,76.74,111.54,17.79,22.92,1.31,0.0
20230901:1530,7.51,21.21,7.75,21.68,0.55,0.0
20230901:1630,0.0,0.0,-2.17,21.67,1.59,0.0
20230901:1730,0.0,0.0,0.0,21.33,2.07,0.0
20230901:1830,0.0,0.0,0.0,21.13,1.86,0.0
20230901:1930,0.0,0.0,0.0,20.85,1.24,0.0
20230901:2030,0.0,0.0,0.0,20.49,1.17,0.0
20230901:2130,0.0,0.0,0.0,20.1,1.59,0.0
20230901:2230,0.0,0.0,0.0,20.27,2.69,0.0
20230901:2330,0.0,0.0,0.0,20.21,3.52,0.0
20230902:0030,0.0,0.0,0.0,19.99,3.93,0.0
20230902:0130,0.0,0.0,0.0,19.61,4.21,0.0
20230902:0230,0.0,0.0,0.0,19.17,4.28,0.0
20230902:0330,6.46,17.95,4.42,18.75,4.21,0.0
20230902:0430,111.26,163.17,14.47,18.79,4.07,0.0
20230902:0530,303.7,366.0,24.37,19.56,5.31,0.0
20230902:0630,306.96,364.59,33.66,20.8,5.31,0.0
20230902:0730,477.23,558.46,41.7,20.51,5.59,0.0
20230902:0830,704.04,843.11,47.55,21.79,5.24,0.0
20230902:0930,743.5,904.4,50.1,23.37,4.9,0.0
20230902:1030,722.27,882.16,48.7,24.46,4.83,0.0
20230902:1130,628.4,762.14,43.73,25.22,4.83,0.0
20230902:1230,517.06,623.86,36.23,25.57,4.97,0.0
20230902:1330,342.3,418.23,27.24,25.58,5.17,0.0
20230902:1430,156.86,214.86,17.47,25.24,5.1,0.0
20230902:1530,18.49,45.67,7.42,24.6,4.9,0.0
20230902:1630,0.0,0.0,-2.5,23.48,4.55,0.0
20230902:1730,0.0,0.0,0.0,22.24,4.55,0.0
20230902:1830,0.0,0.0,0.0,21.38,4.48,0.0
20230902:1930,0.0,0.0,0.0,20.78,4.41,0.0
20230902:2030,0.0,0.0,0.0,20.14,4.21,0.0
20230902:2130,0.0,0.0,0.0,19.57,3.93,0.0
20230902:2230,0.0,0.0,0.0,19.05,3.79,0.0
20230902:2330,0.0,0.0,0.0,18.58,3.72,0.0
20230903:0030,0.0,0.0,0.0,18.31,3.66,0.0
20230903:0130,0.0,0.0,0.0,17.94,3.66,0.0
20230903:0230,0.0,0.0,0.0,17.61,3.66,0.0
20230903:0330,6.22,17.49,4.21,17.32,3.66,0.0
20230903:0430,116.5,169.95,14.26,17.62,3.52,0.0
20230903:0530,314.96,379.92,24.15,18.97,3.86,0.0
20230903:0630,514.43,609.95,33.42,20.72,4.0,0.0
20230903:0730,643.32,774.66,41.42,22.47,4.07,0.0
20230903:0830,704.57,857.71,47.22,23.86,4.55,0.0
20230903:0930,707.44,867.29,49.74,24.79,4.41,0.0
20230903:1030,706.91,869.94,48.33,25.51,4.41,0.0
20230903:1130,662.85,814.78,43.36,26.13,4.21,0.0
20230903:1230,541.96,660.8,35.89,26.59,4.28,0.0
20230903:1330,314.54,388.38,26.9,26.64,4.34,0.0
20230903:1430,133.25,186.39,17.14,26.19,4.48,0.0
20230903:1530,14.84,40.16,7.1,25.43,4.41,0.0
20230903:1630,0.0,0.0,-2.83,24.35,4.48,0.0
20230903:1730,0.0,0.0,0.0,23.0,4.48,0.0
20230903:1830,0.0,0.0,0.0,22.08,4.48,0.0
20230903:1930,0.0,0.0,0.0,21.31,4.34,0.0
20230903:2030,0.0,0.0,0.0,20.69,4.28,0.0
20230903:2130,0.0,0.0,0.0,20.21,4.41,0.0
20230903:2230,0.0,0.0,0.0,19.78,4.48,0.0
20230903:2330,0.0,0.0,0.0,19.39,4.55,0.0
20230904:0030,0.0,0.0,0.0,19.14,4.55,0.0
20230904:0130,0.0,0.0,0.0,18.89,4.48,0.0
20230904:0230,0.0,0.0,0.0,18.63,4.48,0.0
20230904:0330,5.58,16.52,4.0,18.39,4.55,0.0
20230904:0430,112.63,164.79,14.05,18.68,4.62,0.0
20230904:0530,319.7,385.54,23.93,19.88,4.97,0.0
20230904:0630,518.14,611.38,33.17,21.43,5.45,0.0
20230904:0730,654.56,782.32,41.14,22.5,5.24,0.0
20230904:0830,730.36,887.79,46.9,24.02,5.03,0.0
20230904:0930,770.68,948.4,49.38,25.32,5.03,0.0
20230904:1030,740.22,912.79,47.95,26.44,5.03,0.0
20230904:1130,639.49,783.09,42.99,27.25,4.97,0.0
20230904:1230,478.62,582.17,35.53,27.66,4.9,0.0
20230904:1330,333.84,412.71,26.57,27.57,4.76,0.0
20230904:1430,101.94,147.04,16.81,27.47,4.9,0.0
20230904:1530,11.28,32.41,6.77,26.29,4.14,0.0
20230904:1630,0.0,0.0,-3.16,24.02,3.93,0.0
20230904:1730,0.0,0.0,0.0,22.74,2.21,0.0
20230904:1830,0.0,0.0,0.0,21.93,2.0,0.0
20230904:1930,0.0,0.0,0.0,21.82,2.62,0.0
20230904:2030,0.0,0.0,0.0,21.32,2.69,0.0
20230904:2130,0.0,0.0,0.0,20.92,2.83,0.0
20230904:2230,0.0,0.0,0.0,20.59,2.83,0.0
20230904:2330,0.0,0.0,0.0,20.16,2.76,0.0
20230905:0030,0.0,0.0,0.0,19.72,2.76,0.0
20230905:0130,0.0,0.0,0.0,19.24,2.83,0.0
20230905:0230,0.0,0.0,0.0,18.87,2.97,0.0
20230905:0330,4.95,15.52,3.78,18.61,3.03,0.0
20230905:0430,109.06,160.54,13.83,18.81,3.03,0.0
20230905:0530,314.59,382.86,23.7,20.31,3.17,0.0
20230905:0630,501.84,601.45,32.92,22.17,3.38,0.0
20230905:0730,648.65,781.02,40.85,23.27,4.62,0.0
20230905:0830,710.95,868.03,46.57,24.8,4.69,0.0
20230905:0930,745.12,919.06,49.01,26.02,4.83,0.0
20230905:1030,695.78,854.66,47.57,27.03,5.1,0.0
20230905:1130,538.55,653.54,42.62,27.55,5.38,0.0
20230905:1230,390.78,474.4,35.18,27.74,5.59,0.0
20230905:1330,300.27,371.72,26.23,27.61,5.38,0.0
20230905:1430,118.72,170.3,16.48,27.24,5.1,0.0
20230905:1530,11.62,34.45,6.44,26.31,4.41,0.0
20230905:1630,0.0,0.0,-3.5,24.59,4.62,0.0
20230905:1730,0.0,0.0,0.0,23.05,4.48,0.0
20230905:1830,0.0,0.0,0.0,22.33,3.86,0.0
20230905:1930,0.0,0.0,0.0,21.94,2.83,0.0
20230905:2030,0.0,0.0,0.0,20.93,2.62,0.0
20230905:2130,0.0,0.0,0.0,20.2,2.48,0.0
20230905:2230,0.0,0.0,0.0,19.58,2.34,0.0
20230905:2330,0.0,0.0,0.0,18.86,2.28,0.0
20230906:0030,0.0,0.0,0.0,18.25,2.48,0.0
20230906:0130,0.0,0.0,0.0,17.8,2.62,0.0
20230906:0230,0.0,0.0,0.0,17.46,2.83,0.0
20230906:0330,4.59,14.84,3.57,17.18,2.97,0.0
20230906:0430,108.93,158.94,13.62,17.46,3.1,0.0
20230906:0530,305.38,368.6,23.47,18.79,3.52,0.0
20230906:0630,486.77,577.48,32.67,20.47,3.52,0.0
20230906:0730,603.04,731.11,40.56,22.29,2.9,0.0
20230906:0830,708.91,884.33,46.24,23.75,2.41,0.0
20230906:0930,748.87,952.24,48.64,25.04,2.14,0.0
20230906:1030,672.5,847.73,47.19,26.07,2.14,0.0
20230906:1130,542.23,669.28,42.25,26.61,2.55,0.0
20230906:1230,387.61,472.66,34.82,26.76,3.1,0.0
20230906:1330,267.5,332.4,25.88,26.49,3.93,0.0
20230906:1430,140.89,197.88,16.14,26.12,4.34,0.0
20230906:1530,12.8,34.89,6.1,25.47,4.55,0.0
20230906:1630,0.0,0.0,-3.84,24.37,4.34,0.0
20230906:1730,0.0,0.0,0.0,23.09,4.48,0.0
20230906:1830,0.0,0.0,0.0,22.1,4.62,0.0
20230906:1930,0.0,0.0,0.0,21.22,4.34,0.0
20230906:2030,0.0,0.0,0.0,20.37,3.72,0.0
20230906:2130,0.0,0.0,0.0,19.6,3.24,0.0
20230906:2230,0.0,0.0,0.0,18.87,3.1,0.0
20230906:2330,0.0,0.0,0.0,18.25,3.03,0.0
20230907:0030,0.0,0.0,0.0,17.79,3.03,0.0
20230907:0130,0.0,0.0,0.0,17.52,3.1,0.0
20230907:0230,0.0,0.0,0.0,17.39,3.31,0.0
20230907:0330,3.84,13.58,3.35,17.38,3.38,0.0
20230907:0430,97.64,144.35,13.4,17.72,3.31,0.0
20230907:0530,245.62,299.45,23.25,19.02,3.38,0.0
20230907:0630,478.57,567.35,32.42,20.45,3.52,0.0
20230907:0730,625.71,753.81,40.28,22.09,3.59,0.0
20230907:0830,687.26,834.54,45.9,23.51,4.28,0.0
20230907:0930,636.05,769.14,48.27,24.42,5.03,0.0
20230907:1030,480.88,576.7,46.81,24.96,5.24,0.0
20230907:1130,335.77,403.46,41.87,25.03,5.38,0.0
20230907:1230,301.09,362.72,34.46,24.77,5.66,0.0
20230907:1330,270.52,331.62,25.54,24.58,5.72,0.0
20230907:1430,135.84,188.88,15.8,24.16,5.86,0.0
20230907:1530,11.86,34.39,5.77,23.3,5.79,0.0
20230907:1630,0.0,0.0,-4.18,22.07,5.52,0.0
20230907:1730,0.0,0.0,0.0,20.71,5.52,0.0
20230907:1830,0.0,0.0,0.0,19.58,5.52,0.0
20230907:1930,0.0,0.0,0.0,18.63,5.52,0.0
20230907:2030,0.0,0.0,0.0,17.77,5.03,0.0
20230907:2130,0.0,0.0,0.0,16.99,4.48,0.0
20230907:2230,0.0,0.0,0.0,16.26,4.07,0.0
20230907:2330,0.0,0.0,0.0,15.6,3.86,0.0
20230908:0030,0.0,0.0,0.0,15.01,3.86,0.0
20230908:0130,0.0,0.0,0.0,14.48,3.72,0.0
20230908:0230,0.0,0.0,0.0,13.99,3.52,0.0
20230908:0330,4.29,14.17,3.13,13.53,3.45,0.0
20230908:0430,120.44,171.61,13.18,13.52,3.24,0.0
20230908:0530,339.63,401.38,23.02,14.73,3.38,0.0
20230908:0630,535.08,625.48,32.17,16.41,3.17,0.0
20230908:0730,680.03,810.27,39.99,17.64,3.03,0.0
20230908:0830,770.94,932.06,45.57,18.92,3.45,0.0
20230908:0930,802.95,978.56,47.9,19.94,3.66,0.0
20230908:1030,775.62,946.13,46.42,20.74,3.59,0.0
20230908:1130,694.39,837.78,41.5,21.38,3.86,0.0
20230908:1230,557.35,663.99,34.1,21.75,4.21,0.0
20230908:1330,369.71,444.4,25.19,21.76,4.62,0.0
20230908:1430,155.8,213.31,15.47,21.41,4.62,0.0
20230908:1530,8.56,29.75,5.43,20.78,4.41,0.0
20230908:1630,0.0,0.0,0.0,19.73,3.52,0.0
20230908:1730,0.0,0.0,0.0,18.65,2.97,0.0
20230908:1830,0.0,0.0,0.0,17.85,2.76,0.0
20230908:1930,0.0,0.0,0.0,17.31,2.69,0.0
20230908:2030,0.0,0.0,0.0,16.71,2.83,0.0
20230908:2130,0.0,0.0,0.0,16.22,2.9,0.0
20230908:2230,0.0,0.0,0.0,16.05,2.97,0.0
20230908:2330,0.0,0.0,0.0,15.94,3.1,0.0
20230909:0030,0.0,0.0,0.0,15.54,3.24,0.0
20230909:0130,0.0,0.0,0.0,15.21,3.38,0.0
20230909:0230,0.0,0.0,0.0,14.86,3.38,0.0
20230909:0330,4.12,13.92,2.92,14.52,3.31,0.0
20230909:0430,114.56,164.33,12.96,14.55,3.38,0.0
20230909:0530,285.23,339.84,22.79,15.9,3.86,0.0
20230909:0630,443.28,513.88,31.91,17.25,4.41,0.0
20230909:0730,544.85,636.04,39.69,18.44,4.34,0.0
20230909:0830,656.02,774.11,45.23,19.36,4.9,0.0
20230909:0930,605.86,711.62,47.53,20.24,5.59,0.0
20230909:1030,659.33,772.85,46.03,20.16,6.28,0.0
20230909:1130,567.62,660.04,41.12,20.03,6.55,0.0
20230909:1230,510.54,594.78,33.74,19.82,6.34,0.0
20230909:1330,372.15,440.46,24.84,19.65,6.28,0.0
20230909:1430,154.98,209.48,15.12,19.24,6.34,0.0
20230909:1530,8.13,29.05,5.09,18.45,6.21,0.0
20230909:1630,0.0,0.0,0.0,17.44,5.1,0.0
20230909:1730,0.0,0.0,0.0,16.44,4.76,0.0
20230909:1830,0.0,0.0,0.0,15.57,4.55,0.0
20230909:1930,0.0,0.0,0.0,14.06,4.41,0.0
20230909:2030,0.0,0.0,0.0,13.42,3.72,0.0
20230909:2130,0.0,0.0,0.0,12.88,3.1,0.0
20230909:2230,0.0,0.0,0.0,12.39,2.97,0.0
20230909:2330,0.0,0.0,0.0,11.98,3.03,0.0
20230910:0030,0.0,0.0,0.0,11.65,3.17,0.0
20230910:0130,0.0,0.0,0.0,11.38,3.31,0.0
20230910:0230,0.0,0.0,0.0,11.19,3.45,0.0
20230910:0330,3.51,12.74,2.7,11.01,3.45,0.0
20230910:0430,118.19,166.81,12.75,11.22,3.38,0.0
20230910:0530,332.68,389.25,22.56,12.72,3.52,0.0
20230910:0630,480.47,553.01,31.66,14.75,3.93,0.0
20230910:0730,599.19,695.81,39.4,15.95,4.21,0.0
20230910:0830,678.25,797.05,44.89,17.29,4.34,0.0
20230910:0930,732.91,872.57,47.15,18.38,4.21,0.0
20230910:1030,690.66,825.41,45.64,19.65,4.0,0.0
20230910:1130,523.63,620.21,40.74,20.48,3.79,0.0
20230910:1230,379.56,450.28,33.37,20.97,3.72,0.0
20230910:1330,193.44,239.61,24.49,21.02,3.93,0.0
20230910:1430,83.81,120.09,14.78,20.68,4.28,0.0
20230910:1530,5.01,17.81,4.75,20.04,4.48,0.0
20230910:1630,0.0,0.0,0.0,19.19,4.34,0.0
20230910:1730,0.0,0.0,0.0,18.47,4.14,0.0
20230910:1830,0.0,0.0,0.0,17.87,3.66,0.0
20230910:1930,0.0,0.0,0.0,17.71,3.17,0.0
20230910:2030,0.0,0.0,0.0,17.2,2.97,0.0
20230910:2130,0.0,0.0,0.0,16.81,2.9,0.0
20230910:2230,0.0,0.0,0.0,16.42,2.83,0.0
20230910:2330,0.0,0.0,0.0,15.9,2.83,0.0
20230911:0030,0.0,0.0,0.0,15.67,2.76,0.0
20230911:0130,0.0,0.0,0.0,15.37,2.62,0.0
20230911:0230,0.0,0.0,0.0,15.18,2.62,0.0
20230911:0330,1.64,9.42,2.48,14.63,2.69,0.0
20230911:0430,68.63,102.09,12.53,14.73,2.69,0.0
20230911:0530,232.51,280.77,22.32,16.01,2.76,0.0
20230911:0630,459.43,537.72,31.4,17.56,3.24,0.0
20230911:0730,580.38,689.66,39.1,18.3,2.55,0.0
20230911:0830,599.71,723.46,44.55,19.44,2.07,0.0
20230911:0930,616.09,752.57,46.78,20.29,1.79,0.0
20230911:1030,577.09,704.4,45.25,21.31,1.79,0.0
20230911:1130,417.23,505.6,40.35,22.07,1.79,0.0
20230911:1230,304.91,370.28,33.01,22.29,1.93,0.0
20230911:1330,169.0,214.17,24.14,22.41,2.07,0.0
20230911:1430,68.98,103.2,14.44,22.19,2.14,0.0
20230911:1530,5.96,20.95,4.41,21.74,2.14,0.0
20230911:1630,0.0,0.0,0.0,20.85,2.41,0.0
20230911:1730,0.0,0.0,0.0,19.66,2.9,0.0
20230911:1830,0.0,0.0,0.0,18.73,3.17,0.0
20230911:1930,0.0,0.0,0.0,18.22,2.69,0.0
20230911:2030,0.0,0.0,0.0,17.57,2.9,0.0
20230911:2130,0.0,0.0,0.0,17.03,2.9,0.0
20230911:2230,0.0,0.0,0.0,16.57,2.76,0.0
20230911:2330,0.0,0.0,0.0,16.18,2.62,0.0
20230912:0030,0.0,0.0,0.0,15.91,2.48,0.0
20230912:0130,0.0,0.0,0.0,15.51,2.34,0.0
20230912:0230,0.0,0.0,0.0,15.32,2.14,0.0
20230912:0330,1.1,8.33,2.26,15.01,1.79,0.0
20230912:0430,79.36,118.59,12.3,15.13,1.52,0.0
20230912:0530,134.64,171.55,22.09,17.18,1.31,0.0
20230912:0630,271.66,325.51,31.14,18.29,1.24,0.0
20230912:0730,393.46,470.25,38.8,19.44,1.24,0.0
20230912:0830,553.39,677.14,44.21,20.65,1.03,0.0
20230912:0930,419.93,507.74,46.4,21.54,1.03,0.0
20230912:1030,427.67,517.7,44.86,21.86,1.17,0.0
20230912:1130,320.51,387.63,39.97,22.22,1.17,0.0
20230912:1230,286.7,348.67,32.64,22.31,1.17,0.0
20230912:1330,243.57,302.2,23.78,22.43,1.31,0.0
20230912:1430,90.56,132.74,14.09,22.44,1.31,0.0
20230912:1530,4.9,19.24,4.06,22.11,1.03,0.0
20230912:1630,0.0,0.0,0.0,21.42,0.83,0.0
20230912:1730,0.0,0.0,0.0,20.96,0.48,0.0
20230912:1830,0.0,0.0,0.0,20.43,0.07,0.0
20230912:1930,0.0,0.0,0.0,18.39,1.38,0.0
20230912:2030,0.0,0.0,0.0,17.91,1.52,0.0
20230912:2130,0.0,0.0,0.0,17.27,1.59,0.0
20230912:2230,0.0,0.0,0.0,17.01,1.52,0.0
20230912:2330,0.0,0.0,0.0,16.32,1.66,0.0
20230913:0030,0.0,0.0,0.0,15.54,1.86,0.0
20230913:0130,0.0,0.0,0.0,14.83,2.21,0.0
20230913:0230,0.0,0.0,0.0,14.72,2.28,0.0
20230913:0330,1.92,9.97,2.04,14.34,2.07,0.0
20230913:0430,97.14,142.13,12.08,14.5,1.79,0.0
20230913:0530,297.32,359.14,21.85,16.81,1.45,0.0
20230913:0630,485.67,584.18,30.87,19.85,1.59,0.0
20230913:0730,626.45,769.39,38.5,20.98,1.59,0.0
20230913:0830,594.07,734.86,43.87,22.41,1.24,0.0
20230913:0930,659.91,841.97,46.02,23.18,0.62,0.0
20230913:1030,582.58,738.7,44.47,23.92,0.28,0.0
20230913:1130,565.73,706.06,39.58,24.4,1.03,0.0
20230913:1230,398.62,487.04,32.27,24.79,1.72,0.0
20230913:1330,269.44,335.08,23.43,24.86,2.34,0.0
20230913:1430,86.71,128.92,13.74,24.69,2.21,0.0
20230913:1530,4.38,19.4,3.72,23.93,1.24,0.0
20230913:1630,0.0,0.0,0.0,22.88,0.62,0.0
20230913:1730,0.0,0.0,0.0,20.62,1.52,0.0
20230913:1830,0.0,0.0,0.0,19.16,2.41,0.0
20230913:1930,0.0,0.0,0.0,18.61,3.79,0.0
20230913:2030,0.0,0.0,0.0,18.22,4.0,0.0
20230913:2130,0.0,0.0,0.0,17.71,3.66,0.0
20230913:2230,0.0,0.0,0.0,17.26,3.17,0.0
20230913:2330,0.0,0.0,0.0,16.68,2.9,0.0
20230914:0030,0.0,0.0,0.0,16.14,2.97,0.0
20230914:0130,0.0,0.0,0.0,15.74,3.03,0.0
20230914:0230,0.0,0.0,0.0,15.34,3.1,0.0
20230914:0330,1.3,8.75,1.82,15.05,2.97,0.0
20230914:0430,94.51,137.92,11.86,15.04,2.76,0.0
20230914:0530,291.9,349.19,21.61,16.27,2.83,0.0
20230914:0630,490.52,578.05,30.61,18.2,2.83,0.0
20230914:0730,554.84,659.93,38.2,20.15,3.1,0.0
20230914:0830,650.88,784.07,43.52,21.7,3.59,0.0
20230914:0930,678.28,825.23,45.64,22.78,3.52,0.0
20230914:1030,631.31,770.06,44.08,23.53,3.1,0.0
20230914:1130,525.01,637.73,39.2,24.04,2.62,0.0
20230914:1230,378.07,458.01,31.89,24.33,2.34,0.0
20230914:1330,215.44,270.29,23.07,24.27,2.21,0.0
20230914:1430,91.29,134.54,13.39,23.95,2.21,0.0
20230914:1530,3.88,18.07,3.37,23.33,1.79,0.0
20230914:1630,0.0,0.0,0.0,22.32,1.52,0.0
20230914:1730,0.0,0.0,0.0,21.42,1.66,0.0
20230914:1830,0.0,0.0,0.0,20.35,2.21,0.0
20230914:1930,0.0,0.0,0.0,19.65,2.62,0.0
20230914:2030,0.0,0.0,0.0,18.96,2.28,0.0
20230914:2130,0.0,0.0,0.0,18.43,2.28,0.0
20230914:2230,0.0,0.0,0.0,17.96,2.41,0.0
20230914:2330,0.0,0.0,0.0,17.71,2.41,0.0
20230915:0030,0.0,0.0,0.0,17.46,2.48,0.0
20230915:0130,0.0,0.0,0.0,17.4,2.55,0.0
20230915:0230,0.0,0.0,0.0,17.38,2.48,0.0
20230915:0330,0.94,8.03,1.6,17.52,2.69,0.0
20230915:0430,24.58,43.36,11.63,17.66,2.9,0.0
20230915:0530,45.31,68.48,21.38,18.09,3.03,0.0
20230915:0630,214.27,257.68,30.35,18.11,3.31,0.0
20230915:0730,180.1,220.79,37.9,19.72,3.86,0.0
20230915:0830,123.73,158.07,43.17,20.17,3.45,0.0
20230915:0930,65.22,92.39,45.25,19.98,3.45,0.0
20230915:1030,45.65,69.22,43.68,19.52,4.21,0.0
20230915:1130,95.49,125.96,38.81,19.44,4.48,0.0
20230915:1230,126.49,160.42,31.52,19.84,4.97,0.0
20230915:1330,145.8,184.77,22.71,20.22,4.34,0.0
20230915:1430,43.94,70.01,13.04,20.44,4.21,0.0
20230915:1530,1.74,10.85,3.02,18.85,4.76,0.0
20230915:1630,0.0,0.0,0.0,18.13,4.14,0.0
20230915:1730,0.0,0.0,0.0,17.72,3.86,0.0
20230915:1830,0.0,0.0,0.0,17.25,3.86,0.0
20230915:1930,0.0,0.0,0.0,16.57,4.34,0.0
20230915:2030,0.0,0.0,0.0,16.05,4.07,0.0
20230915:2130,0.0,0.0,0.0,15.71,3.86,0.0
20230915:2230,0.0,0.0,0.0,15.19,3.93,0.0
20230915:2330,0.0,0.0,0.0,14.67,4.21,0.0
20230916:0030,0.0,0.0,0.0,14.11,4.48,0.0
20230916:0130,0.0,0.0,0.0,13.7,4.69,0.0
20230916:0230,0.0,0.0,0.0,13.36,4.48,0.0
20230916:0330,1.35,8.79,1.37,13.12,4.28,0.0
20230916:0430,91.31,131.78,11.41,13.14,4.21,0.0
20230916:0530,302.48,355.13,21.14,13.92,4.55,0.0
20230916:0630,379.02,436.76,30.08,15.34,4.62,0.0
20230916:0730,554.62,637.64,37.59,16.43,5.59,0.0
20230916:0830,666.8,779.97,42.82,17.99,5.38,0.0
20230916:0930,716.98,850.78,44.87,19.3,4.97,0.0
20230916:1030,726.25,869.65,43.28,20.29,4.55,0.0
20230916:1130,680.73,813.78,38.42,21.07,4.48,0.0
20230916:1230,529.45,627.33,31.15,21.55,4.69,0.0
20230916:1330,334.98,403.73,22.35,21.63,4.9,0.0
20230916:1430,127.87,180.57,12.69,21.31,4.9,0.0
20230916:1530,3.16,16.7,2.68,20.54,3.93,0.0
20230916:1630,0.0,0.0,0.0,19.09,2.97,0.0
20230916:1730,0.0,0.0,0.0,17.87,2.55,0.0
20230916:1830,0.0,0.0,0.0,16.81,2.48,0.0
20230916:1930,0.0,0.0,0.0,15.89,2.21,0.0
20230916:2030,0.0,0.0,0.0,15.14,2.34,0.0
20230916:2130,0.0,0.0,0.0,14.56,2.55,0.0
20230916:2230,0.0,0.0,0.0,14.3,2.76,0.0
20230916:2330,0.0,0.0,0.0,14.15,2.9,0.0
20230917:0030,0.0,0.0,0.0,13.96,3.1,0.0
20230917:0130,0.0,0.0,0.0,13.8,3.1,0.0
20230917:0230,0.0,0.0,0.0,13.66,3.24,0.0
20230917:0330,1.2,8.49,1.15,13.49,3.24,0.0
20230917:0430,106.24,152.4,11.18,13.57,3.24,0.0
20230917:0530,316.98,375.62,20.89,15.01,3.03,0.0
20230917:0630,514.55,602.46,29.81,17.03,3.1,0.0
20230917:0730,660.08,786.18,37.29,18.67,3.31,0.0
20230917:0830,745.22,905.24,42.47,20.37,3.38,0.0
20230917:0930,779.44,954.21,44.49,21.61,3.72,0.0
20230917:1030,718.9,875.33,42.89,22.43,3.86,0.0
20230917:1130,629.29,759.37,38.03,22.9,3.93,0.0
20230917:1230,443.73,531.11,30.77,23.2,3.86,0.0
20230917:1330,186.13,233.86,21.99,23.13,3.86,0.0
20230917:1430,81.02,120.56,12.34,22.53,3.45,0.0
20230917:1530,1.92,11.91,2.33,21.8,3.24,0.0
20230917:1630,0.0,0.0,0.0,20.46,3.03,0.0
20230917:1730,0.0,0.0,0.0,19.3,2.97,0.0
20230917:1830,0.0,0.0,0.0,18.49,2.76,0.0
20230917:1930,0.0,0.0,0.0,17.75,2.69,0.0
20230917:2030,0.0,0.0,0.0,16.96,2.55,0.0
20230917:2130,0.0,0.0,0.0,16.09,2.41,0.0
20230917:2230,0.0,0.0,0.0,15.12,2.21,0.0
20230917:2330,0.0,0.0,0.0,14.23,2.14,0.0
20230918:0030,0.0,0.0,0.0,13.61,2.21,0.0
20230918:0130,0.0,0.0,0.0,13.22,2.28,0.0
20230918:0230,0.0,0.0,0.0,12.92,2.28,0.0
20230918:0330,0.93,7.9,0.93,12.69,2.34,0.0
20230918:0430,105.49,151.07,10.95,12.78,2.28,0.0
20230918:0530,316.24,377.14,20.65,15.15,1.93,0.0
20230918:0630,506.66,603.72,29.54,18.2,1.79,0.0
20230918:0730,647.82,787.92,36.98,20.23,2.14,0.0
20230918:0830,731.35,908.04,42.12,21.88,2.28,0.0
20230918:0930,756.54,952.72,44.1,22.88,2.07,0.0
20230918:1030,721.3,916.14,42.49,23.49,1.45,0.0
20230918:1130,632.62,801.07,37.64,23.84,0.83,0.0
20230918:1230,498.14,624.5,30.4,24.04,0.28,0.0
20230918:1330,313.02,393.58,21.63,23.98,0.14,0.0
20230918:1430,116.95,170.73,11.99,23.83,0.55,0.0
20230918:1530,2.05,10.51,1.98,23.33,1.1,0.0
20230918:1630,0.0,0.0,0.0,21.83,1.72,0.0
20230918:1730,0.0,0.0,0.0,19.56,2.0,0.0
20230918:1830,0.0,0.0,0.0,17.97,2.28,0.0
20230918:1930,0.0,0.0,0.0,17.09,2.62,0.0
20230918:2030,0.0,0.0,0.0,16.58,2.9,0.0
20230918:2130,0.0,0.0,0.0,16.26,3.03,0.0
20230918:2230,0.0,0.0,0.0,15.91,2.9,0.0
20230918:2330,0.0,0.0,0.0,15.41,2.62,0.0
20230919:0030,0.0,0.0,0.0,14.72,2.34,0.0
20230919:0130,0.0,0.0,0.0,14.03,2.14,0.0
20230919:0230,0.0,0.0,0.0,13.54,2.14,0.0
20230919:0330,0.7,7.4,0.7,13.34,2.07,0.0
20230919:0430,105.42,151.24,10.73,13.12,2.14,0.0
20230919:0530,317.34,379.45,20.41,15.57,1.79,0.0
20230919:0630,507.2,606.7,29.27,18.95,1.79,0.0
20230919:0730,650.71,792.12,36.67,21.01,2.41,0.0
20230919:0830,740.55,913.77,41.77,22.7,3.1,0.0
20230919:0930,771.83,958.12,43.71,23.69,3.45,0.0
20230919:1030,742.6,920.39,42.09,24.26,3.45,0.0
20230919:1130,655.58,805.5,37.25,24.65,3.31,0.0
20230919:1230,514.12,625.53,30.02,24.78,3.1,0.0
20230919:1330,324.99,401.45,21.27,24.65,2.9,0.0
20230919:1430,117.09,170.73,11.64,24.28,2.83,0.0
20230919:1530,1.62,9.63,1.63,23.11,2.28,0.0
20230919:1630,0.0,0.0,0.0,21.56,2.69,0.0
20230919:1730,0.0,0.0,0.0,20.14,2.97,0.0
20230919:1830,0.0,0.0,0.0,19.01,3.17,0.0
20230919:1930,0.0,0.0,0.0,18.27,2.76,0.0
20230919:2030,0.0,0.0,0.0,17.3,2.55,0.0
20230919:2130,0.0,0.0,0.0,16.5,2.83,0.0
20230919:2230,0.0,0.0,0.0,16.09,3.24,0.0
20230919:2330,0.0,0.0,0.0,15.92,3.52,0.0
20230920:0030,0.0,0.0,0.0,15.87,3.79,0.0
20230920:0130,0.0,0.0,0.0,15.79,3.86,0.0
20230920:0230,0.0,0.0,0.0,15.6,3.72,0.0
20230920:0330,0.57,7.15,0.48,15.34,3.52,0.0
20230920:0430,97.37,140.31,10.5,15.15,3.38,0.0
20230920:0530,283.59,338.63,20.16,16.36,3.38,0.0
20230920:0630,485.93,568.9,28.99,18.29,3.93,0.0
20230920:0730,620.41,736.86,36.36,20.37,4.34,0.0
20230920:0830,732.41,888.39,41.41,22.12,4.28,0.0
20230920:0930,770.45,945.93,43.33,23.47,4.28,0.0
20230920:1030,739.18,906.75,41.69,24.38,4.41,0.0
20230920:1130,653.41,797.21,36.85,24.9,4.14,0.0
20230920:1230,508.2,616.35,29.64,25.15,3.72,0.0
20230920:1330,309.4,382.75,20.9,25.08,3.31,0.0
20230920:1430,109.03,159.92,11.28,24.63,2.9,0.0
20230920:1530,1.18,8.7,1.28,23.4,2.62,0.0
20230920:1630,0.0,0.0,0.0,21.57,3.17,0.0
20230920:1730,0.0,0.0,0.0,20.21,3.38,0.0
20230920:1830,0.0,0.0,0.0,19.23,3.24,0.0
20230920:1930,0.0,0.0,0.0,18.59,3.1,0.0
20230920:2030,0.0,0.0,0.0,17.86,3.24,0.0
20230920:2130,0.0,0.0,0.0,17.25,3.45,0.0
20230920:2230,0.0,0.0,0.0,16.7,3.45,0.0
20230920:2330,0.0,0.0,0.0,16.18,3.38,0.0
20230921:0030,0.0,0.0,0.0,15.72,3.31,0.0
20230921:0130,0.0,0.0,0.0,15.31,3.38,0.0
20230921:0230,0.0,0.0,0.0,14.93,3.45,0.0
20230921:0330,0.24,6.31,0.25,14.6,3.52,0.0
20230921:0430,103.55,149.35,10.27,14.47,3.52,0.0
20230921:0530,319.28,378.44,19.92,15.67,3.52,0.0
20230921:0630,519.3,606.96,28.72,17.58,3.72,0.0
20230921:0730,661.81,789.48,36.04,19.74,3.72,0.0
20230921:0830,746.08,908.33,41.06,21.53,3.72,0.0
20230921:0930,770.44,950.3,42.94,23.07,3.66,0.0
20230921:1030,736.47,910.81,41.29,24.2,3.52,0.0
20230921:1130,645.75,794.35,36.46,24.83,3.17,0.0
20230921:1230,498.19,608.04,29.27,25.14,2.83,0.0
20230921:1330,313.12,388.64,20.54,25.11,2.69,0.0
20230921:1430,107.69,159.41,10.93,24.76,2.76,0.0
20230921:1530,0.81,7.86,0.93,23.69,2.69,0.0
20230921:1630,0.0,0.0,0.0,21.9,3.38,0.0
20230921:1730,0.0,0.0,0.0,20.68,3.86,0.0
20230921:1830,0.0,0.0,0.0,19.76,3.86,0.0
20230921:1930,0.0,0.0,0.0,18.9,3.24,0.0
20230921:2030,0.0,0.0,0.0,18.15,3.03,0.0
20230921:2130,0.0,0.0,0.0,17.46,3.24,0.0
20230921:2230,0.0,0.0,0.0,16.91,3.38,0.0
20230921:2330,0.0,0.0,0.0,16.45,3.45,0.0
20230922:0030,0.0,0.0,0.0,16.07,3.52,0.0
20230922:0130,0.0,0.0,0.0,15.7,3.45,0.0
20230922:0230,0.0,0.0,0.0,15.38,3.52,0.0
20230922:0330,0.06,5.84,0.02,15.12,3.52,0.0
20230922:0430,99.39,144.24,10.03,15.02,3.45,0.0
20230922:0530,310.89,369.69,19.67,16.24,3.52,0.0
20230922:0630,505.32,591.21,28.44,18.16,3.86,0.0
20230922:0730,647.97,772.21,35.73,20.37,4.0,0.0
20230922:0830,730.87,889.67,40.7,22.21,3.86,0.0
20230922:0930,750.26,923.04,42.55,23.77,3.93,0.0
20230922:1030,708.59,871.31,40.89,25.03,4.07,0.0
20230922:1130,610.01,744.02,36.07,25.89,4.21,0.0
20230922:1230,418.16,506.29,28.89,26.28,4.28,0.0
20230922:1330,274.55,341.98,20.18,26.15,4.0,0.0
20230922:1430,95.22,143.53,10.58,25.76,3.86,0.0
20230922:1530,0.43,6.98,0.58,24.72,3.45,0.0
20230922:1630,0.0,0.0,0.0,22.99,3.79,0.0
20230922:1730,0.0,0.0,0.0,21.81,4.07,0.0
20230922:1830,0.0,0.0,0.0,20.89,4.21,0.0
20230922:1930,0.0,0.0,0.0,19.93,3.72,0.0
20230922:2030,0.0,0.0,0.0,19.4,3.86,0.0
20230922:2130,0.0,0.0,0.0,19.16,3.93,0.0
20230922:2230,0.0,0.0,0.0,18.85,3.79,0.0
20230922:2330,0.0,0.0,0.0,18.5,3.79,0.0
20230923:0030,0.0,0.0,0.0,18.14,4.0,0.0
20230923:0130,0.0,0.0,0.0,17.83,4.28,0.0
20230923:0230,0.0,0.0,0.0,17.49,4.41,0.0
20230923:0330,0.0,0.0,-0.2,17.18,4.28,0.0
20230923:0430,94.64,139.19,9.8,16.95,4.07,0.0
20230923:0530,302.72,362.16,19.42,17.84,4.07,0.0
20230923:0630,500.13,586.01,28.17,19.39,4.55,0.0
20230923:0730,647.81,769.76,35.41,21.12,4.83,0.0
20230923:0830,733.93,889.32,40.35,22.72,4.62,0.0
20230923:0930,759.07,932.01,42.16,24.15,4.41,0.0
20230923:1030,726.2,893.45,40.49,25.23,4.34,0.0
20230923:1130,636.07,778.61,35.68,25.85,4.07,0.0
20230923:1230,492.58,599.38,28.51,26.13,3.79,0.0
20230923:1330,302.43,375.8,19.81,26.07,3.79,0.0
20230923:1430,98.65,148.38,10.22,25.57,3.79,0.0
20230923:1530,0.32,6.69,0.23,24.3,3.38,0.0
20230923:1630,0.0,0.0,0.0,22.5,3.59,0.0
20230923:1730,0.0,0.0,0.0,21.36,3.59,0.0
20230923:1830,0.0,0.0,0.0,20.51,3.17,0.0
20230923:1930,0.0,0.0,0.0,19.67,3.45,0.0
20230923:2030,0.0,0.0,0.0,18.95,3.72,0.0
20230923:2130,0.0,0.0,0.0,18.42,3.79,0.0
20230923:2230,0.0,0.0,0.0,17.97,3.79,0.0
20230923:2330,0.0,0.0,0.0,17.53,3.72,0.0
20230924:0030,0.0,0.0,0.0,17.15,3.86,0.0
20230924:0130,0.0,0.0,0.0,16.86,4.07,0.0
20230924:0230,0.0,0.0,0.0,16.58,4.0,0.0
20230924:0330,0.0,0.0,-0.43,16.28,3.79,0.0
20230924:0430,95.95,140.42,9.57,16.11,3.86,0.0
20230924:0530,307.1,366.06,19.17,17.17,4.07,0.0
20230924:0630,503.97,588.77,27.89,18.91,4.69,0.0
20230924:0730,648.02,771.36,35.1,21.04,4.55,0.0
20230924:0830,733.56,890.22,39.99,22.64,4.41,0.0
20230924:0930,760.88,933.88,41.77,24.03,4.41,0.0
20230924:1030,729.99,897.2,40.09,25.07,4.41,0.0
20230924:1130,640.87,782.93,35.28,25.82,4.34,0.0
20230924:1230,496.36,602.88,28.14,26.16,4.14,0.0
20230924:1330,304.28,378.31,19.45,26.19,3.86,0.0
20230924:1430,98.74,149.32,9.87,25.84,3.66,0.0
20230924:1530,0.0,0.0,-0.12,24.57,3.31,0.0
20230924:1630,0.0,0.0,0.0,22.55,3.66,0.0
20230924:1730,0.0,0.0,0.0,21.3,4.07,0.0
20230924:1830,0.0,0.0,0.0,20.41,4.28,0.0
20230924:1930,0.0,0.0,0.0,19.89,4.14,0.0
20230924:2030,0.0,0.0,0.0,19.22,4.21,0.0
20230924:2130,0.0,0.0,0.0,18.63,4.07,0.0
20230924:2230,0.0,0.0,0.0,18.07,3.93,0.0
20230924:2330,0.0,0.0,0.0,17.52,3.79,0.0
20230925:0030,0.0,0.0,0.0,17.05,4.0,0.0
20230925:0130,0.0,0.0,0.0,16.66,4.0,0.0
20230925:0230,0.0,0.0,0.0,16.31,4.07,0.0
20230925:0330,0.0,0.0,-0.66,16.01,4.14,0.0
20230925:0430,95.54,139.75,9.33,15.85,4.14,0.0
20230925:0530,308.51,367.35,18.92,16.89,3.93,0.0
20230925:0630,509.49,596.28,27.61,18.9,4.41,0.0
20230925:0730,654.72,780.19,34.78,21.12,4.55,0.0
20230925:0830,739.55,898.27,39.63,23.15,4.69,0.0
20230925:0930,766.42,938.65,41.38,24.74,5.1,0.0
20230925:1030,734.18,897.44,39.69,25.69,5.45,0.0
20230925:1130,641.36,779.99,34.89,26.19,5.17,0.0
20230925:1230,493.88,597.57,27.76,26.32,4.9,0.0
20230925:1330,299.72,371.66,19.09,26.13,4.76,0.0
20230925:1430,94.46,143.57,9.52,25.46,4.69,0.0
20230925:1530,0.0,0.0,-0.47,24.0,4.41,0.0
20230925:1630,0.0,0.0,0.0,22.13,4.48,0.0
20230925:1730,0.0,0.0,0.0,20.88,4.62,0.0
20230925:1830,0.0,0.0,0.0,19.93,4.55,0.0
20230925:1930,0.0,0.0,0.0,19.26,4.21,0.0
20230925:2030,0.0,0.0,0.0,18.58,4.14,0.0
20230925:2130,0.0,0.0,0.0,18.0,4.21,0.0
20230925:2230,0.0,0.0,0.0,17.51,4.07,0.0
20230925:2330,0.0,0.0,0.0,17.07,3.93,0.0
20230926:0030,0.0,0.0,0.0,16.6,3.79,0.0
20230926:0130,0.0,0.0,0.0,16.16,3.72,0.0
20230926:0230,0.0,0.0,0.0,15.77,3.79,0.0
20230926:0330,0.0,0.0,-0.89,15.45,3.93,0.0
20230926:0430,94.51,138.1,9.1,15.34,4.07,0.0
20230926:0530,307.02,365.01,18.66,16.54,3.93,0.0
20230926:0630,504.06,590.06,27.33,18.85,4.28,0.0
20230926:0730,646.89,771.86,34.46,21.32,4.41,0.0
20230926:0830,729.69,888.97,39.27,23.59,4.48,0.0
20230926:0930,754.96,929.22,40.99,25.34,4.76,0.0
20230926:1030,723.41,888.63,39.29,26.32,5.1,0.0
20230926:1130,632.21,771.28,34.5,26.78,5.03,0.0
20230926:1230,485.84,589.19,27.38,26.92,4.97,0.0
20230926:1330,292.57,364.11,18.73,26.72,4.9,0.0
20230926:1430,89.57,137.74,9.17,26.09,4.83,0.0
20230926:1530,0.0,0.0,-0.82,24.71,4.34,0.0
20230926:1630,0.0,0.0,0.0,22.94,4.34,0.0
20230926:1730,0.0,0.0,0.0,21.72,4.48,0.0
20230926:1830,0.0,0.0,0.0,20.88,4.41,0.0
20230926:1930,0.0,0.0,0.0,20.27,3.93,0.0
20230926:2030,0.0,0.0,0.0,19.47,3.66,0.0
20230926:2130,0.0,0.0,0.0,18.73,3.52,0.0
20230926:2230,0.0,0.0,0.0,18.05,3.59,0.0
20230926:2330,0.0,0.0,0.0,17.5,3.72,0.0
20230927:0030,0.0,0.0,0.0,17.08,3.86,0.0
20230927:0130,0.0,0.0,0.0,16.74,3.93,0.0
20230927:0230,0.0,0.0,0.0,16.46,3.93,0.0
20230927:0330,0.0,0.0,-1.12,16.18,4.0,0.0
20230927:0430,92.07,135.34,8.86,16.01,4.07,0.0
20230927:0530,304.65,363.09,18.41,17.09,4.0,0.0
20230927:0630,504.6,591.62,27.04,19.24,4.34,0.0
20230927:0730,650.01,777.45,34.14,21.6,4.34,0.0
20230927:0830,736.53,898.19,38.91,23.84,4.62,0.0
20230927:0930,768.64,940.44,40.6,25.38,5.66,0.0
20230927:1030,735.99,900.28,38.89,26.18,5.72,0.0
20230927:1130,643.06,782.03,34.11,26.6,5.52,0.0
20230927:1230,493.73,597.2,27.0,26.73,5.38,0.0
20230927:1330,296.19,367.94,18.36,26.5,5.17,0.0
20230927:1430,89.33,137.64,8.81,25.83,5.1,0.0
20230927:1530,0.0,0.0,-1.17,24.41,4.62,0.0
20230927:1630,0.0,0.0,0.0,22.61,4.62,0.0
20230927:1730,0.0,0.0,0.0,21.4,4.62,0.0
20230927:1830,0.0,0.0,0.0,20.46,4.48,0.0
20230927:1930,0.0,0.0,0.0,19.8,4.34,0.0
20230927:2030,0.0,0.0,0.0,19.11,4.34,0.0
20230927:2130,0.0,0.0,0.0,18.48,4.21,0.0
20230927:2230,0.0,0.0,0.0,17.86,4.14,0.0
20230927:2330,0.0,0.0,0.0,17.3,4.21,0.0
20230928:0030,0.0,0.0,0.0,16.84,4.41,0.0
20230928:0130,0.0,0.0,0.0,16.51,4.62,0.0
20230928:0230,0.0,0.0,0.0,16.29,4.83,0.0
20230928:0330,0.0,0.0,-1.35,16.17,5.03,0.0
20230928:0430,93.91,137.7,8.62,16.18,5.17,0.0
20230928:0530,310.48,368.83,18.15,17.27,5.03,0.0
20230928:0630,513.71,599.4,26.76,19.39,5.45,0.0
20230928:0730,662.81,785.38,33.82,21.76,5.93,0.0
20230928:0830,751.11,904.44,38.55,23.76,6.34,0.0
20230928:0930,777.94,943.65,40.21,25.2,6.83,0.0
20230928:1030,742.58,901.1,38.49,26.08,6.9,0.0
20230928:1130,646.03,780.46,33.72,26.58,6.62,0.0
20230928:1230,492.86,593.67,26.63,26.72,6.28,0.0
20230928:1330,292.77,362.93,18.0,26.49,6.28,0.0
20230928:1430,85.51,132.73,8.46,25.74,5.72,0.0
20230928:1530,0.0,0.0,-1.52,24.33,5.24,0.0
20230928:1630,0.0,0.0,0.0,22.69,5.03,0.0
20230928:1730,0.0,0.0,0.0,21.55,4.97,0.0
20230928:1830,0.0,0.0,0.0,20.68,5.03,0.0
20230928:1930,0.0,0.0,0.0,20.11,4.76,0.0
20230928:2030,0.0,0.0,0.0,19.44,4.69,0.0
20230928:2130,0.0,0.0,0.0,18.84,4.62,0.0
20230928:2230,0.0,0.0,0.0,18.29,4.69,0.0
20230928:2330,0.0,0.0,0.0,17.78,4.62,0.0
20230929:0030,0.0,0.0,0.0,17.27,4.55,0.0
20230929:0130,0.0,0.0,0.0,16.82,4.62,0.0
20230929:0230,0.0,0.0,0.0,16.45,4.62,0.0
20230929:0330,0.0,0.0,-1.58,16.12,4.55,0.0
20230929:0430,91.65,134.69,8.39,15.85,4.48,0.0
20230929:0530,306.82,364.69,17.9,16.75,4.21,0.0
20230929:0630,507.1,593.15,26.47,18.74,4.34,0.0
20230929:0730,651.76,777.27,33.49,21.33,4.55,0.0
20230929:0830,736.53,895.75,38.19,23.46,4.69,0.0
20230929:0930,763.58,935.26,39.83,25.05,5.24,0.0
20230929:1030,732.1,892.72,38.1,25.88,5.86,0.0
20230929:1130,637.23,772.42,33.33,26.26,5.66,0.0
20230929:1230,485.59,586.45,26.25,26.32,5.24,0.0
20230929:1330,286.49,356.38,17.64,26.12,4.83,0.0
20230929:1430,81.81,128.11,8.11,25.48,4.48,0.0
20230929:1530,0.0,0.0,-1.86,24.06,3.79,0.0
20230929:1630,0.0,0.0,0.0,22.15,3.93,0.0
20230929:1730,0.0,0.0,0.0,20.96,4.14,0.0
20230929:1830,0.0,0.0,0.0,20.13,4.28,0.0
20230929:1930,0.0,0.0,0.0,19.47,3.93,0.0
20230929:2030,0.0,0.0,0.0,18.83,3.93,0.0
20230929:2130,0.0,0.0,0.0,18.24,3.93,0.0
20230929:2230,0.0,0.0,0.0,17.68,3.86,0.0
20230929:2330,0.0,0.0,0.0,17.12,3.72,0.0
20230930:0030,0.0,0.0,0.0,16.54,3.52,0.0
20230930:0130,0.0,0.0,0.0,16.0,3.45,0.0
20230930:0230,0.0,0.0,0.0,15.48,3.31,0.0
20230930:0330,0.0,0.0,-1.82,15.01,3.24,0.0
20230930:0430,91.35,133.8,8.15,14.63,3.24,0.0
20230930:0530,308.28,366.03,17.64,15.63,3.1,0.0
20230930:0630,508.88,597.4,26.19,17.94,3.24,0.0
20230930:0730,650.62,783.55,33.17,20.61,3.1,0.0
20230930:0830,728.67,901.95,37.83,22.78,2.76,0.0
20230930:0930,754.22,940.78,39.44,24.26,3.1,0.0
20230930:1030,719.23,896.62,37.7,25.2,3.1,0.0
20230930:1130,624.53,773.43,32.94,25.73,2.76,0.0
20230930:1230,476.18,584.44,25.88,26.01,2.55,0.0
20230930:1330,281.12,352.61,17.28,25.98,2.76,0.0
20230930:1430,78.28,123.99,7.76,25.52,2.9,0.0
20230930:1530,0.0,0.0,-2.21,24.08,2.9,0.0
20230930:1630,0.0,0.0,0.0,22.16,3.45,0.0
20230930:1730,0.0,0.0,0.0,20.94,3.72,0.0
20230930:1830,0.0,0.0,0.0,20.03,3.66,0.0
20230930:1930,0.0,0.0,0.0,19.28,3.24,0.0
20230930:2030,0.0,0.0,0.0,18.5,2.97,0.0
20230930:2130,0.0,0.0,0.0,17.75,2.83,0.0
20230930:2230,0.0,0.0,0.0,17.02,2.76,0.0
20230930:2330,0.0,0.0,0.0,16.35,2.69,0.0
20231001:0030,0.0,0.0,0.0,15.7,2.55,0.0
20231001:0130,0.0,0.0,0.0,15.04,2.41,0.0
20231001:0230,0.0,0.0,0.0,14.4,2.34,0.0
20231001:0330,0.0,0.0,-2.05,13.83,2.34,0.0
20231001:0430,86.42,127.06,7.91,13.44,2.34,0.0
20231001:0530,294.95,351.48,17.38,14.84,1.86,0.0
20231001:0630,487.31,580.15,25.9,18.2,1.66,0.0
20231001:0730,621.33,760.18,32.85,20.82,1.66,0.0
20231001:0830,697.56,878.53,37.46,22.94,1.45,0.0
20231001:0930,716.67,914.88,39.05,24.31,1.38,0.0
20231001:1030,673.27,858.95,37.3,25.09,1.17,0.0
20231001:1130,577.29,726.61,32.55,25.5,1.03,0.0
20231001:1230,454.29,563.35,25.51,25.55,1.17,0.0
20231001:1330,266.21,335.88,16.93,25.46,1.59,0.0
20231001:1430,71.42,114.68,7.42,25.11,1.93,0.0
20231001:1530,0.0,0.0,-2.55,24.0,2.07,0.0
20231001:1630,0.0,0.0,0.0,22.29,2.48,0.0
20231001:1730,0.0,0.0,0.0,20.81,2.83,0.0
20231001:1830,0.0,0.0,0.0,19.81,3.03,0.0
20231001:1930,0.0,0.0,0.0,19.36,3.24,0.0
20231001:2030,0.0,0.0,0.0,18.62,3.24,0.0
20231001:2130,0.0,0.0,0.0,17.99,3.66,0.0
20231001:2230,0.0,0.0,0.0,17.34,4.41,0.0
20231001:2330,0.0,0.0,0.0,16.52,4.9,0.0
20231002:0030,0.0,0.0,0.0,15.79,5.03,0.0
20231002:0130,0.0,0.0,0.0,15.16,5.24,0.0
20231002:0230,0.0,0.0,0.0,14.63,5.45,0.0
20231002:0330,0.0,0.0,-2.28,14.27,5.59,0.0
20231002:0430,63.65,96.61,7.66,14.12,5.66,0.0
20231002:0530,236.35,280.45,17.12,14.6,5.93,0.0
20231002:0630,346.56,397.48,25.61,15.77,6.41,0.0
20231002:0730,494.08,563.21,32.52,16.42,6.48,0.0
20231002:0830,566.36,649.9,37.1,17.48,6.62,0.0
20231002:0930,625.4,722.67,38.66,18.37,6.83,0.0
20231002:1030,586.49,677.65,36.9,19.15,7.03,0.0
20231002:1130,522.87,604.22,32.16,19.49,7.1,0.0
20231002:1230,424.1,492.45,25.13,19.64,7.03,0.0
20231002:1330,229.91,279.67,16.57,19.53,6.97,0.0
20231002:1430,61.96,98.57,7.07,18.98,6.83,0.0
20231002:1530,0.0,0.0,-2.89,18.25,6.14,0.0
20231002:1630,0.0,0.0,0.0,17.56,5.59,0.0
20231002:1730,0.0,0.0,0.0,16.89,5.24,0.0
20231002:1830,0.0,0.0,0.0,16.22,5.17,0.0
20231002:1930,0.0,0.0,0.0,15.59,5.1,0.0
20231002:2030,0.0,0.0,0.0,14.92,5.24,0.0
20231002:2130,0.0,0.0,0.0,14.35,5.1,0.0
20231002:2230,0.0,0.0,0.0,13.85,4.97,0.0
20231002:2330,0.0,0.0,0.0,13.38,4.83,0.0
20231003:0030,0.0,0.0,0.0,12.96,4.76,0.0
20231003:0130,0.0,0.0,0.0,12.62,4.9,0.0
20231003:0230,0.0,0.0,0.0,12.54,4.83,0.0
20231003:0330,0.0,0.0,-2.51,12.53,4.62,0.0
20231003:0430,44.79,71.78,7.42,12.83,4.55,0.0
20231003:0530,187.1,224.95,16.86,13.17,4.83,0.0
20231003:0630,400.75,455.33,25.32,13.78,5.31,0.0
20231003:0730,578.34,659.1,32.19,14.3,5.24,0.0
20231003:0830,713.16,824.52,36.74,15.43,5.38,0.0
20231003:0930,736.63,860.04,38.27,16.36,5.24,0.0
20231003:1030,722.68,846.41,36.51,16.99,5.03,0.0
20231003:1130,635.1,740.95,31.77,17.47,4.69,0.0
20231003:1230,494.5,574.78,24.76,17.7,4.55,0.0
20231003:1330,281.85,338.27,16.21,17.65,4.48,0.0
20231003:1430,72.23,112.63,6.73,17.26,4.28,0.0
20231003:1530,0.0,0.0,-3.23,16.41,3.31,0.0
20231003:1630,0.0,0.0,0.0,15.24,2.55,0.0
20231003:1730,0.0,0.0,0.0,14.35,2.28,0.0
20231003:1830,0.0,0.0,0.0,13.43,2.07,0.0
20231003:1930,0.0,0.0,0.0,13.89,0.9,0.0
20231003:2030,0.0,0.0,0.0,13.96,0.48,0.0
20231003:2130,0.0,0.0,0.0,13.72,0.41,0.0
20231003:2230,0.0,0.0,0.0,13.49,0.55,0.0
20231003:2330,0.0,0.0,0.0,12.66,1.24,0.0
20231004:0030,0.0,0.0,0.0,10.29,1.86,0.0
20231004:0130,0.0,0.0,0.0,9.54,2.21,0.0
20231004:0230,0.0,0.0,0.0,9.51,2.48,0.0
20231004:0330,0.0,0.0,-2.75,9.55,2.55,0.0
20231004:0430,81.96,119.38,7.18,9.65,2.62,0.0
20231004:0530,289.32,338.18,16.6,11.24,2.48,0.0
20231004:0630,490.45,565.75,25.03,14.21,2.97,0.0
20231004:0730,646.15,755.84,31.87,15.48,3.24,0.0
20231004:0830,730.49,866.54,36.38,17.14,3.72,0.0
20231004:0930,760.04,906.81,37.88,18.46,4.21,0.0
20231004:1030,723.38,861.73,36.11,19.44,4.41,0.0
20231004:1130,626.37,740.13,31.39,20.04,4.55,0.0
20231004:1230,471.06,554.13,24.39,20.39,4.62,0.0
20231004:1330,266.54,324.98,15.86,20.48,4.55,0.0
20231004:1430,64.75,104.36,6.38,20.24,4.14,0.0
20231004:1530,0.0,0.0,-3.57,19.07,3.24,0.0
20231004:1630,0.0,0.0,0.0,17.77,3.38,0.0
20231004:1730,0.0,0.0,0.0,17.09,3.93,0.0
20231004:1830,0.0,0.0,0.0,16.67,4.48,0.0
20231004:1930,0.0,0.0,0.0,16.47,5.03,0.0
20231004:2030,0.0,0.0,0.0,16.11,4.9,0.0
20231004:2130,0.0,0.0,0.0,15.84,4.55,0.0
20231004:2230,0.0,0.0,0.0,15.52,4.0,0.0
20231004:2330,0.0,0.0,0.0,15.18,3.45,0.0
20231005:0030,0.0,0.0,0.0,15.08,2.9,0.0
20231005:0130,0.0,0.0,0.0,15.24,2.76,0.0
20231005:0230,0.0,0.0,0.0,15.45,2.69,0.0
20231005:0330,0.0,0.0,-2.98,15.41,2.9,0.0
20231005:0430,17.44,34.32,6.94,15.07,3.24,0.0
20231005:0530,151.99,188.43,16.34,15.12,3.24,0.0
20231005:0630,387.84,448.53,24.74,15.86,3.38,0.0
20231005:0730,623.39,734.08,31.54,17.06,3.17,0.0
20231005:0830,676.32,802.77,36.02,18.56,3.79,0.0
20231005:0930,729.43,869.22,37.5,19.34,4.41,0.0
20231005:1030,680.73,808.17,35.72,19.79,4.55,0.0
20231005:1130,574.22,677.48,31.0,20.07,4.41,0.0
20231005:1230,428.81,505.06,24.03,20.18,4.21,0.0
20231005:1330,265.35,323.99,15.51,19.99,3.59,0.0
20231005:1430,64.24,103.89,6.04,19.49,2.9,0.0
20231005:1530,0.0,0.0,-3.91,18.42,1.72,0.0
20231005:1630,0.0,0.0,0.0,16.98,1.38,0.0
20231005:1730,0.0,0.0,0.0,15.91,0.97,0.0
20231005:1830,0.0,0.0,0.0,16.2,0.14,0.0
20231005:1930,0.0,0.0,0.0,14.3,1.38,0.0
20231005:2030,0.0,0.0,0.0,12.91,1.79,0.0
20231005:2130,0.0,0.0,0.0,11.91,2.34,0.0
20231005:2230,0.0,0.0,0.0,11.92,2.76,0.0
20231005:2330,0.0,0.0,0.0,12.14,2.9,0.0
20231006:0030,0.0,0.0,0.0,12.19,3.03,0.0
20231006:0130,0.0,0.0,0.0,12.3,3.1,0.0
20231006:0230,0.0,0.0,0.0,12.4,3.03,0.0
20231006:0330,0.0,0.0,-3.22,12.58,3.1,0.0
20231006:0430,26.41,45.13,6.69,12.79,3.24,0.0
20231006:0530,95.76,124.66,16.07,13.56,3.38,0.0
20231006:0630,189.57,228.09,24.45,14.78,3.72,0.0
20231006:0730,354.96,411.12,31.21,15.56,3.93,0.0
20231006:0830,484.53,561.3,35.65,16.89,4.48,0.0
20231006:0930,425.64,494.14,37.11,18.07,4.9,0.0
20231006:1030,483.41,559.91,35.33,18.63,5.52,0.0
20231006:1130,515.65,596.26,30.62,19.0,6.0,0.0
20231006:1230,341.05,396.47,23.66,18.9,6.69,0.0
20231006:1330,188.85,232.2,15.16,18.03,6.76,0.0
20231006:1430,46.52,79.3,5.7,17.27,6.28,0.0
20231006:1530,0.0,0.0,-4.24,16.2,5.72,0.0
20231006:1630,0.0,0.0,0.0,15.06,5.52,0.0
20231006:1730,0.0,0.0,0.0,14.28,5.52,0.0
20231006:1830,0.0,0.0,0.0,13.64,5.52,0.0
20231006:1930,0.0,0.0,0.0,13.5,5.31,0.0
20231006:2030,0.0,0.0,0.0,12.83,4.9,0.0
20231006:2130,0.0,0.0,0.0,12.19,4.48,0.0
20231006:2230,0.0,0.0,0.0,11.54,4.14,0.0
20231006:2330,0.0,0.0,0.0,10.92,3.72,0.0
20231007:0030,0.0,0.0,0.0,10.32,3.38,0.0
20231007:0130,0.0,0.0,0.0,9.79,3.1,0.0
20231007:0230,0.0,0.0,0.0,9.32,2.76,0.0
20231007:0330,0.0,0.0,-3.46,8.83,2.41,0.0
20231007:0430,80.95,117.77,6.45,8.35,2.41,0.0
20231007:0530,302.04,349.69,15.81,9.45,2.48,0.0
20231007:0630,511.81,581.21,24.15,11.96,3.79,0.0
20231007:0730,657.98,749.0,30.89,13.07,5.31,0.0
20231007:0830,543.08,617.2,35.29,14.58,6.69,0.0
20231007:0930,401.96,459.66,36.73,15.62,7.72,0.0
20231007:1030,372.29,428.0,34.94,16.39,7.86,0.0
20231007:1130,301.5,349.93,30.24,17.12,8.0,0.0
20231007:1230,145.91,180.95,23.3,17.62,8.21,0.0
20231007:1330,51.57,75.7,14.81,17.71,6.97,0.0
20231007:1430,9.88,24.12,5.37,17.63,7.52,0.0
20231007:1530,0.0,0.0,0.0,17.32,7.93,0.0
20231007:1630,0.0,0.0,0.0,17.01,8.34,0.0
20231007:1730,0.0,0.0,0.0,16.65,8.48,0.0
20231007:1830,0.0,0.0,0.0,16.37,8.14,0.0
20231007:1930,0.0,0.0,0.0,16.73,8.21,0.0
20231007:2030,0.0,0.0,0.0,16.75,7.86,0.0
20231007:2130,0.0,0.0,0.0,16.83,7.72,0.0
20231007:2230,0.0,0.0,0.0,16.91,7.66,0.0
20231007:2330,0.0,0.0,0.0,16.9,7.52,0.0
20231008:0030,0.0,0.0,0.0,16.86,7.17,0.0
20231008:0130,0.0,0.0,0.0,16.93,6.76,0.0
20231008:0230,0.0,0.0,0.0,16.56,6.28,0.0
20231008:0330,0.0,0.0,-3.69,14.45,6.21,0.0
20231008:0430,0.06,5.84,6.2,13.75,6.28,0.0
20231008:0530,7.31,18.93,15.54,13.61,6.41,0.0
20231008:0630,15.72,30.75,23.86,13.54,6.41,0.0
20231008:0730,19.27,35.41,30.56,13.62,6.14,0.0
20231008:0830,12.66,26.63,34.93,13.74,5.45,0.0
20231008:0930,15.14,29.98,36.34,13.49,5.03,0.0
20231008:1030,9.73,22.42,34.55,12.64,5.24,0.0
20231008:1130,17.43,32.74,29.86,11.35,5.86,0.0
20231008:1230,10.87,23.82,22.93,10.19,6.14,0.0
20231008:1330,6.56,17.53,14.46,9.42,5.52,0.0
20231008:1430,0.3,6.39,5.03,9.12,4.76,0.0
20231008:1530,0.0,0.0,0.0,9.19,4.55,0.0
20231008:1630,0.0,0.0,0.0,9.25,4.97,0.0
20231008:1730,0.0,0.0,0.0,9.04,5.45,0.0
20231008:1830,0.0,0.0,0.0,8.81,5.45,0.0
20231008:1930,0.0,0.0,0.0,8.64,5.38,0.0
20231008:2030,0.0,0.0,0.0,8.62,5.79,0.0
20231008:2130,0.0,0.0,0.0,8.44,5.86,0.0
20231008:2230,0.0,0.0,0.0,8.49,6.07,0.0
20231008:2330,0.0,0.0,0.0,8.5,6.41,0.0
20231009:0030,0.0,0.0,0.0,8.29,6.83,0.0
20231009:0130,0.0,0.0,0.0,8.07,7.17,0.0
20231009:0230,0.0,0.0,0.0,7.71,7.31,0.0
20231009:0330,0.0,0.0,-3.93,7.37,7.24,0.0
20231009:0430,65.67,97.46,5.95,7.09,7.24,0.0
20231009:0530,254.04,289.85,15.28,7.17,7.03,0.0
20231009:0630,284.7,317.25,23.57,7.65,9.1,0.0
20231009:0730,226.27,257.59,30.23,8.23,8.41,0.0
20231009:0830,348.74,384.82,34.57,8.62,7.72,0.0
20231009:0930,483.85,532.37,35.96,9.22,7.93,0.0
20231009:1030,419.28,464.09,34.16,10.01,8.0,0.0
20231009:1130,320.56,358.68,29.49,10.55,7.72,0.0
20231009:1230,184.75,216.12,22.57,10.59,7.66,0.0
20231009:1330,131.57,162.38,14.12,10.49,7.1,0.0
20231009:1430,14.67,32.01,4.7,10.22,6.83,0.0
20231009:1530,0.0,0.0,0.0,9.8,5.66,0.0
20231009:1630,0.0,0.0,0.0,9.43,4.34,0.0
20231009:1730,0.0,0.0,0.0,8.92,3.1,0.0
20231009:1830,0.0,0.0,0.0,8.32,2.21,0.0
20231009:1930,0.0,0.0,0.0,8.31,2.62,0.0
20231009:2030,0.0,0.0,0.0,7.71,2.76,0.0
20231009:2130,0.0,0.0,0.0,7.38,2.83,0.0
20231009:2230,0.0,0.0,0.0,6.99,2.83,0.0
20231009:2330,0.0,0.0,0.0,6.57,2.97,0.0
20231010:0030,0.0,0.0,0.0,6.16,2.9,0.0
20231010:0130,0.0,0.0,0.0,5.83,2.83,0.0
20231010:0230,0.0,0.0,0.0,5.72,2.55,0.0
20231010:0330,0.0,0.0,-4.17,5.26,2.34,0.0
20231010:0430,55.51,84.21,5.71,4.63,2.14,0.0
20231010:0530,161.17,191.23,15.01,5.47,1.86,0.0
20231010:0630,354.0,400.03,23.27,7.71,1.52,0.0
20231010:0730,507.63,578.82,29.9,8.28,1.17,0.0
20231010:0830,464.12,528.42,34.21,9.46,1.72,0.0
20231010:0930,494.04,558.67,35.58,10.28,2.83,0.0
20231010:1030,403.63,454.17,33.78,10.87,4.07,0.0
20231010:1130,334.77,378.23,29.11,11.23,4.55,0.0
20231010:1230,167.48,199.23,22.21,11.32,4.76,0.0
20231010:1330,118.3,148.62,13.78,11.04,4.97,0.0
20231010:1430,22.0,42.88,4.37,10.63,4.9,0.0
20231010:1530,0.0,0.0,0.0,10.1,4.21,0.0
20231010:1630,0.0,0.0,0.0,9.35,4.07,0.0
20231010:1730,0.0,0.0,0.0,8.68,4.28,0.0
20231010:1830,0.0,0.0,0.0,8.15,4.76,0.0
20231010:1930,0.0,0.0,0.0,7.79,4.55,0.0
20231010:2030,0.0,0.0,0.0,7.16,4.48,0.0
20231010:2130,0.0,0.0,0.0,6.55,4.41,0.0
20231010:2230,0.0,0.0,0.0,5.99,4.28,0.0
20231010:2330,0.0,0.0,0.0,5.54,4.21,0.0
20231011:0030,0.0,0.0,0.0,5.1,3.93,0.0
20231011:0130,0.0,0.0,0.0,4.66,3.72,0.0
20231011:0230,0.0,0.0,0.0,4.25,3.66,0.0
20231011:0330,0.0,0.0,-4.41,3.91,3.59,0.0
20231011:0430,71.13,104.27,5.46,3.58,3.31,0.0
20231011:0530,308.71,347.62,14.74,3.97,3.03,0.0
20231011:0630,530.54,586.58,22.98,5.29,3.17,0.0
20231011:0730,689.26,777.4,29.58,6.17,2.69,0.0
20231011:0830,774.11,887.67,33.85,7.16,2.69,0.0
20231011:0930,796.22,926.87,35.2,7.95,2.21,0.0
20231011:1030,756.14,884.57,33.4,8.64,1.72,0.0
20231011:1130,649.64,754.39,28.74,9.14,1.31,0.0
20231011:1230,482.77,555.53,21.86,9.42,0.9,0.0
20231011:1330,263.27,311.99,13.44,9.47,0.55,0.0
20231011:1430,48.2,81.87,4.04,9.2,0.07,0.0
20231011:1530,0.0,0.0,0.0,8.87,1.17,0.0
20231011:1630,0.0,0.0,0.0,7.77,1.93,0.0
20231011:1730,0.0,0.0,0.0,6.88,2.55,0.0
20231011:1830,0.0,0.0,0.0,6.52,2.97,0.0
20231011:1930,0.0,0.0,0.0,6.43,3.45,0.0
20231011:2030,0.0,0.0,0.0,6.49,3.72,0.0
20231011:2130,0.0,0.0,0.0,6.51,3.93,0.0
20231011:2230,0.0,0.0,0.0,6.52,4.21,0.0
20231011:2330,0.0,0.0,0.0,6.51,4.28,0.0
20231012:0030,0.0,0.0,0.0,6.45,4.28,0.0
20231012:0130,0.0,0.0,0.0,6.39,4.21,0.0
20231012:0230,0.0,0.0,0.0,6.32,4.21,0.0
20231012:0330,0.0,0.0,0.0,6.29,4.28,0.0
20231012:0430,60.03,91.02,5.21,6.31,4.48,0.0
20231012:0530,270.62,308.85,14.47,7.04,4.9,0.0
20231012:0630,506.71,560.97,22.68,8.49,5.38,0.0
20231012:0730,665.05,741.32,29.25,9.71,6.0,0.0
20231012:0830,760.61,857.94,33.49,11.17,6.48,0.0
20231012:0930,778.96,886.41,34.82,12.49,6.41,0.0
20231012:1030,727.27,828.56,33.02,13.56,6.34,0.0
20231012:1130,623.77,708.19,28.37,14.28,6.28,0.0
20231012:1230,453.98,516.12,21.51,14.69,6.28,0.0
20231012:1330,235.99,282.42,13.1,14.67,5.93,0.0
20231012:1430,38.98,70.47,3.72,14.14,5.1,0.0
20231012:1530,0.0,0.0,0.0,12.94,5.03,0.0
20231012:1630,0.0,0.0,0.0,11.93,5.24,0.0
20231012:1730,0.0,0.0,0.0,11.08,5.79,0.0
20231012:1830,0.0,0.0,0.0,10.43,5.72,0.0
20231012:1930,0.0,0.0,0.0,10.13,5.59,0.0
20231012:2030,0.0,0.0,0.0,9.91,5.38,0.0
20231012:2130,0.0,0.0,0.0,9.78,5.1,0.0
20231012:2230,0.0,0.0,0.0,9.67,4.9,0.0
20231012:2330,0.0,0.0,0.0,9.6,4.83,0.0
20231013:0030,0.0,0.0,0.0,9.57,4.69,0.0
20231013:0130,0.0,0.0,0.0,9.53,4.69,0.0
20231013:0230,0.0,0.0,0.0,9.65,4.69,0.0
20231013:0330,0.0,0.0,0.0,9.75,4.62,0.0
20231013:0430,36.26,60.68,4.96,9.79,4.41,0.0
20231013:0530,136.95,167.91,14.21,10.32,4.21,0.0
20231013:0630,145.93,177.74,22.39,11.47,4.07,0.0
20231013:0730,235.8,274.69,28.92,12.35,4.28,0.0
20231013:0830,285.14,330.63,33.13,13.6,4.14,0.0
20231013:0930,266.12,312.03,34.44,14.87,4.28,0.0
20231013:1030,181.33,219.7,32.64,15.92,4.34,0.0
20231013:1130,108.14,139.86,28.0,16.48,4.14,0.0
20231013:1230,63.38,89.17,21.16,16.81,3.45,0.0
20231013:1330,39.5,61.45,12.77,16.94,2.55,0.0
20231013:1430,7.05,20.26,3.39,16.72,1.45,0.0
20231013:1530,0.0,0.0,0.0,16.19,0.76,0.0
20231013:1630,0.0,0.0,0.0,15.99,0.14,0.0
20231013:1730,0.0,0.0,0.0,15.47,0.34,0.0
20231013:1830,0.0,0.0,0.0,14.6,0.62,0.0
20231013:1930,0.0,0.0,0.0,11.81,1.38,0.0
20231013:2030,0.0,0.0,0.0,11.07,1.52,0.0
20231013:2130,0.0,0.0,0.0,10.25,1.38,0.0
20231013:2230,0.0,0.0,0.0,9.69,1.24,0.0
20231013:2330,0.0,0.0,0.0,9.62,1.38,0.0
20231014:0030,0.0,0.0,0.0,9.63,1.59,0.0
20231014:0130,0.0,0.0,0.0,9.56,1.45,0.0
20231014:0230,0.0,0.0,0.0,9.61,1.38,0.0
20231014:0330,0.0,0.0,0.0,9.63,1.45,0.0
20231014:0430,15.04,31.4,4.71,9.58,1.24,0.0
20231014:0530,86.48,112.95,13.94,9.91,1.24,0.0
20231014:0630,192.99,227.88,22.09,10.68,1.45,0.0
20231014:0730,272.16,315.69,28.59,12.59,2.34,0.0
20231014:0830,487.98,563.41,32.78,14.16,2.69,0.0
20231014:0930,622.33,727.43,34.07,16.45,3.59,0.0
20231014:1030,561.95,654.7,32.26,18.38,4.69,0.0
20231014:1130,282.39,332.76,27.64,19.02,4.55,0.0
20231014:1230,137.44,173.5,20.81,19.1,3.72,0.0
20231014:1330,84.05,114.77,12.43,19.02,3.1,0.0
20231014:1430,14.66,34.2,3.07,18.64,2.9,0.0
20231014:1530,0.0,0.0,0.0,17.58,3.31,0.0
20231014:1630,0.0,0.0,0.0,16.53,4.0,0.0
20231014:1730,0.0,0.0,0.0,15.45,4.62,0.0
20231014:1830,0.0,0.0,0.0,14.31,4.83,0.0
20231014:1930,0.0,0.0,0.0,13.37,4.21,0.0
20231014:2030,0.0,0.0,0.0,12.64,3.93,0.0
20231014:2130,0.0,0.0,0.0,12.0,3.72,0.0
20231014:2230,0.0,0.0,0.0,11.5,3.59,0.0
20231014:2330,0.0,0.0,0.0,11.11,3.38,0.0
20231015:0030,0.0,0.0,0.0,10.8,3.17,0.0
20231015:0130,0.0,0.0,0.0,10.57,2.9,0.0
20231015:0230,0.0,0.0,0.0,10.38,2.76,0.0
20231015:0330,0.0,0.0,0.0,10.24,2.76,0.0
20231015:0430,56.59,89.25,4.46,10.13,2.83,0.0
20231015:0530,266.21,311.1,13.67,10.66,2.83,0.0
20231015:0630,477.39,545.47,21.79,12.44,2.97,0.0
20231015:0730,630.39,731.96,28.27,14.3,3.17,0.0
20231015:0830,714.69,844.66,32.42,15.93,3.24,0.0
20231015:0930,731.81,873.37,33.7,17.28,3.24,0.0
20231015:1030,691.56,825.16,31.89,18.29,3.24,0.0
20231015:1130,588.08,696.26,27.27,18.91,3.17,0.0
20231015:1230,425.63,502.11,20.46,19.21,3.1,0.0
20231015:1330,215.6,267.06,12.11,19.18,3.1,0.0
20231015:1430,32.06,62.7,2.76,18.43,2.48,0.0
20231015:1530,0.0,0.0,0.0,16.95,2.62,0.0
20231015:1630,0.0,0.0,0.0,15.79,2.69,0.0
20231015:1730,0.0,0.0,0.0,14.8,2.97,0.0
20231015:1830,0.0,0.0,0.0,13.87,3.31,0.0
20231015:1930,0.0,0.0,0.0,12.98,3.31,0.0
20231015:2030,0.0,0.0,0.0,12.46,3.24,0.0
20231015:2130,0.0,0.0,0.0,12.05,3.03,0.0
20231015:2230,0.0,0.0,0.0,11.57,2.83,0.0
20231015:2330,0.0,0.0,0.0,11.24,2.76,0.0
20231016:0030,0.0,0.0,0.0,10.99,2.9,0.0
20231016:0130,0.0,0.0,0.0,10.73,3.03,0.0
20231016:0230,0.0,0.0,0.0,10.68,3.03,0.0
20231016:0330,0.0,0.0,0.0,10.89,3.38,0.0
20231016:0430,9.99,23.77,4.21,10.97,3.59,0.0
20231016:0530,40.9,61.41,13.4,11.17,4.76,0.0
20231016:0630,121.21,150.34,21.5,11.83,5.38,0.0
20231016:0730,153.25,184.95,27.94,12.78,6.21,0.0
20231016:0830,174.84,207.98,32.07,13.99,6.55,0.0
20231016:0930,45.87,67.71,33.33,13.57,4.62,0.0
20231016:1030,6.83,17.89,31.51,8.75,8.76,0.0
20231016:1130,4.17,13.63,26.91,6.32,10.0,0.0
20231016:1230,8.81,20.56,20.12,5.59,9.1,0.0
20231016:1330,19.44,34.61,11.78,5.94,8.48,0.0
20231016:1430,0.33,6.53,2.45,6.95,7.79,0.0
20231016:1530,0.0,0.0,0.0,7.59,7.72,0.0
20231016:1630,0.0,0.0,0.0,7.92,7.31,0.0
20231016:1730,0.0,0.0,0.0,7.98,7.24,0.0
20231016:1830,0.0,0.0,0.0,7.85,6.69,0.0
20231016:1930,0.0,0.0,0.0,7.77,7.03,0.0
20231016:2030,0.0,0.0,0.0,7.68,6.41,0.0
20231016:2130,0.0,0.0,0.0,7.5,6.28,0.0
20231016:2230,0.0,0.0,0.0,7.51,6.34,0.0
20231016:2330,0.0,0.0,0.0,7.37,6.14,0.0
20231017:0030,0.0,0.0,0.0,7.24,5.79,0.0
20231017:0130,0.0,0.0,0.0,6.93,5.45,0.0
20231017:0230,0.0,0.0,0.0,6.7,5.1,0.0
20231017:0330,0.0,0.0,0.0,6.4,4.9,0.0
20231017:0430,45.35,73.11,3.96,6.2,4.83,0.0
20231017:0530,256.08,292.52,13.13,6.34,4.69,0.0
20231017:0630,302.29,336.68,21.2,7.3,5.24,0.0
20231017:0730,301.67,335.93,27.61,8.14,6.28,0.0
20231017:0830,236.26,269.15,31.72,8.96,6.14,0.0
20231017:0930,385.62,427.96,32.96,9.44,6.0,0.0
20231017:1030,356.43,396.65,31.15,9.97,5.93,0.0
20231017:1130,225.35,258.49,26.56,10.3,5.79,0.0
20231017:1230,235.93,270.26,19.78,10.52,5.59,0.0
20231017:1330,142.03,174.95,11.46,10.66,5.24,0.0
20231017:1430,2.92,11.69,2.14,10.39,4.14,0.0
20231017:1530,0.0,0.0,0.0,9.36,3.38,0.0
20231017:1630,0.0,0.0,0.0,8.5,2.97,0.0
20231017:1730,0.0,0.0,0.0,7.86,2.76,0.0
20231017:1830,0.0,0.0,0.0,7.23,2.55,0.0
20231017:1930,0.0,0.0,0.0,6.8,2.62,0.0
20231017:2030,0.0,0.0,0.0,6.29,2.41,0.0
20231017:2130,0.0,0.0,0.0,5.44,2.28,0.0
20231017:2230,0.0,0.0,0.0,4.59,1.93,0.0
20231017:2330,0.0,0.0,0.0,5.27,1.45,0.0
20231018:0030,0.0,0.0,0.0,6.75,0.83,0.0
20231018:0130,0.0,0.0,0.0,6.68,0.28,0.0
20231018:0230,0.0,0.0,0.0,6.75,0.76,0.0
20231018:0330,0.0,0.0,0.0,6.21,1.31,0.0
20231018:0430,56.08,87.4,3.71,5.1,1.59,0.0
20231018:0530,276.37,315.95,12.86,4.88,1.66,0.0
20231018:0630,449.87,505.76,20.91,6.98,1.66,0.0
20231018:0730,636.76,726.37,27.29,8.07,2.0,0.0
20231018:0830,716.82,829.18,31.36,9.43,2.28,0.0
20231018:0930,748.18,872.12,32.59,10.49,2.48,0.0
20231018:1030,624.01,718.48,30.78,11.24,2.48,0.0
20231018:1130,416.2,473.88,26.2,11.56,2.55,0.0
20231018:1230,278.13,320.5,19.45,11.61,2.76,0.0
20231018:1330,142.07,176.48,11.14,11.48,2.62,0.0
20231018:1430,1.84,9.71,1.83,11.06,2.0,0.0
20231018:1530,0.0,0.0,0.0,10.25,1.86,0.0
20231018:1630,0.0,0.0,0.0,9.42,2.07,0.0
20231018:1730,0.0,0.0,0.0,8.76,2.34,0.0
20231018:1830,0.0,0.0,0.0,8.13,2.76,0.0
20231018:1930,0.0,0.0,0.0,8.02,3.24,0.0
20231018:2030,0.0,0.0,0.0,7.96,3.59,0.0
20231018:2130,0.0,0.0,0.0,7.95,3.86,0.0
20231018:2230,0.0,0.0,0.0,7.93,4.07,0.0
20231018:2330,0.0,0.0,0.0,8.03,4.34,0.0
20231019:0030,0.0,0.0,0.0,8.08,4.48,0.0
20231019:0130,0.0,0.0,0.0,8.02,4.55,0.0
20231019:0230,0.0,0.0,0.0,8.09,4.55,0.0
20231019:0330,0.0,0.0,0.0,7.99,4.62,0.0
20231019:0430,23.16,44.15,3.46,7.99,4.76,0.0
20231019:0530,78.76,103.31,12.59,8.36,4.83,0.0
20231019:0630,150.38,179.32,20.61,9.07,4.76,0.0
20231019:0730,337.7,377.74,26.96,9.73,4.9,0.0
20231019:0830,382.24,428.0,31.01,10.92,5.24,0.0
20231019:0930,405.02,454.45,32.23,11.86,5.38,0.0
20231019:1030,516.57,580.82,30.42,12.61,5.52,0.0
20231019:1130,385.54,436.21,25.85,13.53,5.79,0.0
20231019:1230,177.06,211.05,19.11,13.92,5.79,0.0
20231019:1330,31.45,50.83,10.83,13.64,5.1,0.0
20231019:1430,0.0,5.59,1.53,13.21,4.83,0.0
20231019:1530,0.0,0.0,0.0,12.83,5.1,0.0
20231019:1630,0.0,0.0,0.0,12.59,5.52,0.0
20231019:1730,0.0,0.0,0.0,12.31,5.79,0.0
20231019:1830,0.0,0.0,0.0,12.14,5.79,0.0
20231019:1930,0.0,0.0,0.0,11.74,5.79,0.0
20231019:2030,0.0,0.0,0.0,11.56,6.0,0.0
20231019:2130,0.0,0.0,0.0,11.25,5.93,0.0
20231019:2230,0.0,0.0,0.0,10.81,5.59,0.0
20231019:2330,0.0,0.0,0.0,10.51,5.66,0.0
20231020:0030,0.0,0.0,0.0,10.23,5.86,0.0
20231020:0130,0.0,0.0,0.0,9.99,5.93,0.0
20231020:0230,0.0,0.0,0.0,9.95,6.0,0.0
20231020:0330,0.0,0.0,0.0,9.97,6.07,0.0
20231020:0430,15.75,33.85,3.2,10.04,6.14,0.0
20231020:0530,108.29,136.53,12.32,10.32,6.21,0.0
20231020:0630,317.36,357.92,20.32,11.04,5.72,0.0
20231020:0730,493.24,552.09,26.64,12.49,6.41,0.0
20231020:0830,526.68,592.86,30.67,14.16,6.97,0.0
20231020:0930,583.43,662.28,31.87,15.59,7.17,0.0
20231020:1030,504.67,573.61,30.05,16.8,7.59,0.0
20231020:1130,314.96,363.86,25.51,17.41,7.38,0.0
20231020:1230,149.3,184.66,18.78,17.76,7.38,0.0
20231020:1330,80.21,109.73,10.51,17.82,6.55,0.0
20231020:1430,0.81,7.74,1.23,17.52,6.34,0.0
20231020:1530,0.0,0.0,0.0,16.81,6.07,0.0
20231020:1630,0.0,0.0,0.0,16.1,5.79,0.0
20231020:1730,0.0,0.0,0.0,15.48,5.79,0.0
20231020:1830,0.0,0.0,0.0,15.03,5.86,0.0
20231020:1930,0.0,0.0,0.0,14.79,5.79,0.0
20231020:2030,0.0,0.0,0.0,14.5,5.59,0.0
20231020:2130,0.0,0.0,0.0,14.21,5.38,0.0
20231020:2230,0.0,0.0,0.0,13.95,5.03,0.0
20231020:2330,0.0,0.0,0.0,13.84,4.9,0.0
20231021:0030,0.0,0.0,0.0,13.78,4.76,0.0
20231021:0130,0.0,0.0,0.0,13.77,4.62,0.0
20231021:0230,0.0,0.0,0.0,13.85,4.41,0.0
20231021:0330,0.0,0.0,0.0,13.79,4.14,0.0
20231021:0430,13.69,29.83,2.95,13.81,4.21,0.0
20231021:0530,147.72,182.6,12.05,14.0,4.34,0.0
20231021:0630,290.32,336.54,20.02,15.03,4.14,0.0
20231021:0730,449.05,516.89,26.32,16.34,4.55,0.0
20231021:0830,435.99,505.38,30.32,18.0,4.48,0.0
20231021:0930,590.3,694.41,31.51,19.21,4.21,0.0
20231021:1030,605.63,718.45,29.7,20.62,4.14,0.0
20231021:1130,487.61,577.19,25.16,21.6,4.07,0.0
20231021:1230,344.39,411.81,18.46,22.1,3.59,0.0
20231021:1330,154.59,200.15,10.21,22.08,2.21,0.0
20231021:1430,0.7,7.57,0.94,21.11,1.38,0.0
20231021:1530,0.0,0.0,0.0,19.56,0.76,0.0
20231021:1630,0.0,0.0,0.0,18.25,1.03,0.0
20231021:1730,0.0,0.0,0.0,15.86,2.21,0.0
20231021:1830,0.0,0.0,0.0,15.49,2.97,0.0
20231021:1930,0.0,0.0,0.0,15.08,4.07,0.0
20231021:2030,0.0,0.0,0.0,14.59,4.41,0.0
20231021:2130,0.0,0.0,0.0,14.07,4.62,0.0
20231021:2230,0.0,0.0,0.0,13.48,4.83,0.0
20231021:2330,0.0,0.0,0.0,13.07,4.97,0.0
20231022:0030,0.0,0.0,0.0,12.93,4.9,0.0
20231022:0130,0.0,0.0,0.0,12.64,4.83,0.0
20231022:0230,0.0,0.0,0.0,12.54,4.69,0.0
20231022:0330,0.0,0.0,0.0,12.38,4.69,0.0
20231022:0430,18.96,39.08,2.7,12.14,4.55,0.0
20231022:0530,138.07,170.63,11.78,12.23,4.62,0.0
20231022:0630,163.97,196.57,19.73,13.03,4.9,0.0
20231022:0730,220.36,258.14,26.0,14.1,5.17,0.0
20231022:0830,242.88,284.98,29.98,15.11,5.1,0.0
20231022:0930,391.67,449.88,31.15,16.22,5.66,0.0
20231022:1030,499.69,575.33,29.34,17.2,5.52,0.0
20231022:1130,511.24,592.03,24.82,18.37,5.24,0.0
20231022:1230,367.63,429.64,18.14,18.83,4.97,0.0
20231022:1330,181.79,227.66,9.9,18.8,4.62,0.0
20231022:1430,0.52,7.06,0.65,17.87,4.28,0.0
20231022:1530,0.0,0.0,0.0,16.29,4.55,0.0
20231022:1630,0.0,0.0,0.0,15.12,4.83,0.0
20231022:1730,0.0,0.0,0.0,14.39,4.9,0.0
20231022:1830,0.0,0.0,0.0,13.98,4.76,0.0
20231022:1930,0.0,0.0,0.0,13.72,4.9,0.0
20231022:2030,0.0,0.0,0.0,13.77,4.9,0.0
20231022:2130,0.0,0.0,0.0,13.79,4.69,0.0
20231022:2230,0.0,0.0,0.0,13.7,4.14,0.0
20231022:2330,0.0,0.0,0.0,13.48,3.72,0.0
20231023:0030,0.0,0.0,0.0,13.32,3.59,0.0
20231023:0130,0.0,0.0,0.0,13.16,3.31,0.0
20231023:0230,0.0,0.0,0.0,13.14,3.24,0.0
20231023:0330,0.0,0.0,0.0,13.07,3.52,0.0
20231023:0430,26.06,49.81,2.45,13.09,3.66,0.0
20231023:0530,201.07,241.58,11.51,13.27,3.52,0.0
20231023:0630,332.88,383.68,19.43,14.13,3.38,0.0
20231023:0730,429.88,493.04,25.68,15.81,4.55,0.0
20231023:0830,489.8,567.31,29.63,17.05,4.28,0.0
20231023:0930,617.65,727.79,30.8,18.48,3.72,0.0
20231023:1030,622.15,737.74,28.99,19.77,3.79,0.0
20231023:1130,528.61,623.5,24.48,20.62,4.14,0.0
20231023:1230,378.74,447.86,17.82,20.9,4.34,0.0
20231023:1330,165.28,210.62,9.6,20.51,3.93,0.0
20231023:1430,0.49,7.02,0.36,19.25,3.93,0.0
20231023:1530,0.0,0.0,0.0,17.51,3.79,0.0
20231023:1630,0.0,0.0,0.0,16.41,3.59,0.0
20231023:1730,0.0,0.0,0.0,15.61,3.31,0.0
20231023:1830,0.0,0.0,0.0,14.91,3.31,0.0
20231023:1930,0.0,0.0,0.0,14.76,3.52,0.0
20231023:2030,0.0,0.0,0.0,14.39,3.66,0.0
20231023:2130,0.0,0.0,0.0,14.0,3.72,0.0
20231023:2230,0.0,0.0,0.0,13.46,3.72,0.0
20231023:2330,0.0,0.0,0.0,12.88,3.59,0.0
20231024:0030,0.0,0.0,0.0,12.76,3.52,0.0
20231024:0130,0.0,0.0,0.0,12.66,3.59,0.0
20231024:0230,0.0,0.0,0.0,12.21,3.31,0.0
20231024:0330,0.0,0.0,0.0,11.65,3.24,0.0
20231024:0430,3.4,12.54,2.2,11.06,3.17,0.0
20231024:0530,219.63,259.89,11.24,10.89,3.03,0.0
20231024:0630,411.22,467.8,19.14,12.05,3.17,0.0
20231024:0730,520.17,590.9,25.36,13.15,4.14,0.0
20231024:0830,476.44,542.57,29.29,14.13,4.34,0.0
20231024:0930,422.74,483.15,30.45,14.93,4.48,0.0
20231024:1030,364.3,417.9,28.65,15.49,4.69,0.0
20231024:1130,492.74,564.84,24.15,15.69,4.62,0.0
20231024:1230,369.16,426.65,17.51,15.95,4.48,0.0
20231024:1330,165.9,206.92,9.31,15.68,4.07,0.0
20231024:1430,0.0,5.68,0.08,14.87,3.59,0.0
20231024:1530,0.0,0.0,0.0,13.61,3.24,0.0
20231024:1630,0.0,0.0,0.0,12.45,2.97,0.0
20231024:1730,0.0,0.0,0.0,11.76,2.97,0.0
20231024:1830,0.0,0.0,0.0,11.24,2.62,0.0
20231024:1930,0.0,0.0,0.0,10.6,2.14,0.0
20231024:2030,0.0,0.0,0.0,9.58,2.0,0.0
20231024:2130,0.0,0.0,0.0,8.9,1.72,0.0
20231024:2230,0.0,0.0,0.0,10.06,1.17,0.0
20231024:2330,0.0,0.0,0.0,10.85,0.69,0.0
20231025:0030,0.0,0.0,0.0,10.68,0.55,0.0
20231025:0130,0.0,0.0,0.0,10.53,0.48,0.0
20231025:0230,0.0,0.0,0.0,8.62,1.45,0.0
20231025:0330,0.0,0.0,0.0,7.41,2.0,0.0
20231025:0430,2.72,11.23,1.95,7.61,2.07,0.0
20231025:0530,35.53,54.57,10.97,8.56,2.55,0.0
20231025:0630,49.52,71.15,18.85,9.93,2.9,0.0
20231025:0730,96.02,123.19,25.04,10.49,3.72,0.0
20231025:0830,89.78,116.89,28.96,11.57,4.21,0.0
20231025:0930,89.48,116.64,30.1,12.27,4.14,0.0
20231025:1030,30.78,49.63,28.3,12.42,4.21,0.0
20231025:1130,15.99,30.93,23.82,11.98,4.55,0.0
20231025:1230,2.89,11.68,17.2,11.96,5.31,0.0
20231025:1330,0.71,7.38,9.02,11.92,5.86,0.0
20231025:1430,0.0,0.0,-0.2,11.88,6.28,0.0
20231025:1530,0.0,0.0,0.0,11.65,6.69,0.0
20231025:1630,0.0,0.0,0.0,11.51,6.69,0.0
20231025:1730,0.0,0.0,0.0,11.51,6.76,0.0
20231025:1830,0.0,0.0,0.0,11.65,7.1,0.0
20231025:1930,0.0,0.0,0.0,11.57,7.59,0.0
20231025:2030,0.0,0.0,0.0,11.92,7.93,0.0
20231025:2130,0.0,0.0,0.0,12.36,7.38,0.0
20231025:2230,0.0,0.0,0.0,12.96,6.41,0.0
20231025:2330,0.0,0.0,0.0,13.41,5.24,0.0
20231026:0030,0.0,0.0,0.0,13.68,4.34,0.0
20231026:0130,0.0,0.0,0.0,13.77,3.79,0.0
20231026:0230,0.0,0.0,0.0,13.86,3.38,0.0
20231026:0330,0.0,0.0,0.0,13.99,3.17,0.0
20231026:0430,0.0,4.3,1.69,14.12,3.1,0.0
20231026:0530,21.42,38.31,10.7,14.23,2.83,0.0
20231026:0630,26.3,44.52,18.55,14.55,3.24,0.0
20231026:0730,57.88,82.06,24.73,14.47,3.38,0.0
20231026:0830,47.99,70.83,28.62,15.2,3.52,0.0
20231026:0930,59.01,83.74,29.75,15.55,4.0,0.0
20231026:1030,72.77,99.56,27.96,15.7,4.0,0.0
20231026:1130,50.18,73.5,23.5,15.66,4.21,0.0
20231026:1230,46.63,69.33,16.89,15.59,3.45,0.0
20231026:1330,14.46,29.3,8.73,15.56,3.1,0.0
20231026:1430,0.0,0.0,-0.47,15.24,2.97,0.0
20231026:1530,0.0,0.0,0.0,14.73,2.41,0.0
20231026:1630,0.0,0.0,0.0,14.2,1.59,0.0
20231026:1730,0.0,0.0,0.0,13.63,0.76,0.0
20231026:1830,0.0,0.0,0.0,12.81,1.17,0.0
20231026:1930,0.0,0.0,0.0,11.61,2.62,0.0
20231026:2030,0.0,0.0,0.0,12.05,2.83,0.0
20231026:2130,0.0,0.0,0.0,12.35,3.1,0.0
20231026:2230,0.0,0.0,0.0,12.57,3.45,0.0
20231026:2330,0.0,0.0,0.0,12.67,3.52,0.0
20231027:0030,0.0,0.0,0.0,12.74,3.45,0.0
20231027:0130,0.0,0.0,0.0,12.9,3.72,0.0
20231027:0230,0.0,0.0,0.0,12.92,3.93,0.0
20231027:0330,0.0,0.0,0.0,13.05,4.0,0.0
20231027:0430,0.0,5.3,1.44,13.49,4.0,0.0
20231027:0530,23.97,41.54,10.43,14.07,3.66,0.0
20231027:0630,46.49,68.93,18.26,14.73,3.52,0.0
20231027:0730,107.5,137.79,24.41,15.27,4.83,0.0
20231027:0830,127.8,160.89,28.29,16.28,5.38,0.0
20231027:0930,248.74,291.5,29.41,16.86,5.79,0.0
20231027:1030,405.96,466.53,27.63,17.05,5.24,0.0
20231027:1130,466.31,539.52,23.18,17.79,4.69,0.0
20231027:1230,245.46,292.29,16.59,18.38,4.28,0.0
20231027:1330,74.38,103.57,8.44,18.2,3.38,0.0
20231027:1430,0.0,0.0,-0.74,17.32,3.03,0.0
20231027:1530,0.0,0.0,0.0,15.96,3.1,0.0
20231027:1630,0.0,0.0,0.0,15.19,3.24,0.0
20231027:1730,0.0,0.0,0.0,14.73,3.31,0.0
20231027:1830,0.0,0.0,0.0,14.43,3.72,0.0
20231027:1930,0.0,0.0,0.0,14.75,4.48,0.0
20231027:2030,0.0,0.0,0.0,15.13,4.69,0.0
20231027:2130,0.0,0.0,0.0,15.41,5.17,0.0
20231027:2230,0.0,0.0,0.0,15.56,5.59,0.0
20231027:2330,0.0,0.0,0.0,15.66,6.0,0.0
20231028:0030,0.0,0.0,0.0,15.7,6.21,0.0
20231028:0130,0.0,0.0,0.0,16.07,6.69,0.0
20231028:0230,0.0,0.0,0.0,16.42,7.38,0.0
20231028:0330,0.0,0.0,0.0,16.68,7.24,0.0
20231028:0430,1.35,8.88,1.19,16.52,6.97,0.0
20231028:0530,158.0,195.8,10.16,16.52,7.03,0.0
20231028:0630,386.11,442.79,17.97,17.05,7.24,0.0
20231028:0730,570.51,654.9,24.1,17.53,6.62,0.0
20231028:0830,664.24,766.08,27.96,18.46,7.72,0.0
20231028:0930,683.35,787.36,29.07,18.84,8.62,0.0
20231028:1030,659.36,758.33,27.29,18.75,8.69,0.0
20231028:1130,566.05,648.36,22.86,18.68,8.76,0.0
20231028:1230,381.41,440.27,16.29,18.46,8.69,0.0
20231028:1330,157.26,198.64,8.17,17.97,7.86,0.0
20231028:1430,0.0,0.0,-1.0,17.21,7.52,0.0
20231028:1530,0.0,0.0,0.0,16.38,7.38,0.0
20231028:1630,0.0,0.0,0.0,15.79,7.17,0.0
20231028:1730,0.0,0.0,0.0,15.23,6.76,0.0
20231028:1830,0.0,0.0,0.0,14.54,6.14,0.0
20231028:1930,0.0,0.0,0.0,13.9,6.28,0.0
20231028:2030,0.0,0.0,0.0,13.43,5.72,0.0
20231028:2130,0.0,0.0,0.0,12.96,5.24,0.0
20231028:2230,0.0,0.0,0.0,12.53,4.97,0.0
20231028:2330,0.0,0.0,0.0,12.17,4.69,0.0
20231029:0030,0.0,0.0,0.0,11.8,4.41,0.0
20231029:0130,0.0,0.0,0.0,11.38,4.07,0.0
20231029:0230,0.0,0.0,0.0,10.87,3.45,0.0
20231029:0330,0.0,0.0,0.0,10.37,3.17,0.0
20231029:0430,1.34,8.7,0.94,9.99,3.38,0.0
20231029:0530,216.11,255.08,9.89,10.05,3.45,0.0
20231029:0630,432.16,489.23,17.69,11.33,3.45,0.0
20231029:0730,583.81,664.89,23.79,12.67,3.93,0.0
20231029:0830,679.84,786.36,27.63,14.16,4.0,0.0
20231029:0930,693.67,808.76,28.74,15.39,4.0,0.0
20231029:1030,661.06,770.64,26.96,16.29,4.14,0.0
20231029:1130,516.83,597.95,22.55,16.83,4.21,0.0
20231029:1230,206.4,247.63,16.0,16.99,4.14,0.0
20231029:1330,98.42,131.06,7.89,16.62,3.24,0.0
20231029:1430,0.0,0.0,-1.26,15.67,2.48,0.0
20231029:1530,0.0,0.0,0.0,14.45,2.14,0.0
20231029:1630,0.0,0.0,0.0,13.27,1.79,0.0
20231029:1730,0.0,0.0,0.0,11.83,1.52,0.0
20231029:1830,0.0,0.0,0.0,11.51,1.31,0.0
20231029:1930,0.0,0.0,0.0,10.44,1.52,0.0
20231029:2030,0.0,0.0,0.0,9.62,1.72,0.0
20231029:2130,0.0,0.0,0.0,8.87,2.21,0.0
20231029:2230,0.0,0.0,0.0,8.79,2.48,0.0
20231029:2330,0.0,0.0,0.0,8.74,2.48,0.0
20231030:0030,0.0,0.0,0.0,8.64,2.48,0.0
20231030:0130,0.0,0.0,0.0,8.61,2.62,0.0
20231030:0230,0.0,0.0,0.0,8.73,2.76,0.0
20231030:0330,0.0,0.0,0.0,8.98,2.97,0.0
20231030:0430,1.46,8.91,0.69,9.3,2.97,0.0
20231030:0530,121.02,150.8,9.63,9.73,3.03,0.0
20231030:0630,268.15,308.49,17.4,11.3,3.17,0.0
20231030:0730,451.65,514.77,23.48,12.94,3.45,0.0
20231030:0830,654.98,756.15,27.31,14.62,4.28,0.0
20231030:0930,706.31,822.62,28.41,16.11,4.69,0.0
20231030:1030,642.03,746.26,26.64,17.23,4.97,0.0
20231030:1130,473.57,548.24,22.24,17.96,4.97,0.0
20231030:1230,272.9,322.46,15.71,18.2,4.62,0.0
20231030:1330,103.05,136.95,7.62,17.78,4.14,0.0
20231030:1430,0.0,0.0,-1.52,16.67,4.07,0.0
20231030:1530,0.0,0.0,0.0,15.22,4.28,0.0
20231030:1630,0.0,0.0,0.0,14.31,4.48,0.0
20231030:1730,0.0,0.0,0.0,13.54,4.48,0.0
20231030:1830,0.0,0.0,0.0,12.92,4.41,0.0
20231030:1930,0.0,0.0,0.0,12.38,4.34,0.0
20231030:2030,0.0,0.0,0.0,12.11,4.21,0.0
20231030:2130,0.0,0.0,0.0,11.95,4.21,0.0
20231030:2230,0.0,0.0,0.0,11.81,3.86,0.0
20231030:2330,0.0,0.0,0.0,11.64,3.52,0.0
20231031:0030,0.0,0.0,0.0,11.39,3.1,0.0
20231031:0130,0.0,0.0,0.0,11.14,3.03,0.0
20231031:0230,0.0,0.0,0.0,10.98,3.24,0.0
20231031:0330,0.0,0.0,0.0,10.91,3.24,0.0
20231031:0430,0.6,7.11,0.44,10.6,3.17,0.0
20231031:0530,164.32,198.99,9.36,10.57,3.1,0.0
20231031:0630,295.99,339.12,17.11,11.38,2.69,0.0
20231031:0730,490.39,558.21,23.18,12.06,2.97,0.0
20231031:0830,656.04,761.29,26.98,13.52,3.1,0.0
20231031:0930,699.23,821.53,28.08,15.1,3.17,0.0
20231031:1030,651.61,766.79,26.32,16.54,3.17,0.0
20231031:1130,541.56,633.26,21.94,17.53,3.31,0.0
20231031:1230,367.11,430.93,15.43,18.07,3.31,0.0
20231031:1330,148.85,190.72,7.36,17.94,2.76,0.0
20231031:1430,0.0,0.0,-1.77,16.83,3.1,0.0
20231031:1530,0.0,0.0,0.0,15.46,3.59,0.0
20231031:1630,0.0,0.0,0.0,14.73,3.93,0.0
20231031:1730,0.0,0.0,0.0,14.1,4.07,0.0
20231031:1830,0.0,0.0,0.0,13.44,4.14,0.0
20231031:1930,0.0,0.0,0.0,13.03,4.48,0.0
20231031:2030,0.0,0.0,0.0,12.67,4.41,0.0
20231031:2130,0.0,0.0,0.0,12.29,4.07,0.0
20231031:2230,0.0,0.0,0.0,11.93,4.21,0.0
20231031:2330,0.0,0.0,0.0,11.8,4.41,0.0
20231101:0030,0.0,0.0,0.0,11.78,4.14,0.0
20231101:0130,0.0,0.0,0.0,11.67,3.66,0.0
20231101:0230,0.0,0.0,0.0,11.54,3.59,0.0
20231101:0330,0.0,0.0,0.0,11.52,3.86,0.0
20231101:0430,0.17,6.1,0.2,11.53,4.07,0.0
20231101:0530,202.56,241.77,9.1,11.67,4.14,0.0
20231101:0630,385.03,438.35,16.83,12.84,4.0,0.0
20231101:0730,505.12,577.1,22.87,14.42,4.28,0.0
20231101:0830,527.35,607.55,26.66,15.91,4.28,0.0
20231101:0930,532.28,617.75,27.76,17.09,4.21,0.0
20231101:1030,470.39,547.41,26.0,18.09,4.14,0.0
20231101:1130,327.4,384.54,21.64,18.68,3.72,0.0
20231101:1230,147.4,184.22,15.15,18.86,2.9,0.0
20231101:1330,24.77,43.62,7.1,17.99,1.86,0.0
20231101:1430,0.0,0.0,-2.01,16.93,2.21,0.0
20231101:1530,0.0,0.0,0.0,15.86,2.83,0.0
20231101:1630,0.0,0.0,0.0,15.36,3.66,0.0
20231101:1730,0.0,0.0,0.0,14.96,4.48,0.0
20231101:1830,0.0,0.0,0.0,14.67,5.17,0.0
20231101:1930,0.0,0.0,0.0,14.38,5.1,0.0
20231101:2030,0.0,0.0,0.0,14.22,4.76,0.0
20231101:2130,0.0,0.0,0.0,13.95,5.03,0.0
20231101:2230,0.0,0.0,0.0,13.37,4.83,0.0
20231101:2330,0.0,0.0,0.0,12.71,3.86,0.0
20231102:0030,0.0,0.0,0.0,12.14,3.52,0.0
20231102:0130,0.0,0.0,0.0,11.65,3.79,0.0
20231102:0230,0.0,0.0,0.0,11.61,4.14,0.0
20231102:0330,0.0,0.0,0.0,11.52,4.07,0.0
20231102:0430,0.0,0.0,-0.05,11.24,3.59,0.0
20231102:0530,77.64,103.63,8.84,10.98,3.24,0.0
20231102:0630,106.94,133.77,16.55,11.13,3.38,0.0
20231102:0730,96.69,123.44,22.57,11.0,4.62,0.0
20231102:0830,99.06,126.62,26.35,11.15,4.62,0.0
20231102:0930,140.16,171.01,27.44,11.35,4.28,0.0
20231102:1030,167.38,200.69,25.69,11.59,3.93,0.0
20231102:1130,181.84,215.58,21.34,11.83,3.52,0.0
20231102:1230,98.24,125.74,14.87,11.88,3.03,0.0
20231102:1330,34.83,54.81,6.84,11.79,2.62,0.0
20231102:1430,0.0,0.0,-2.25,11.52,1.93,0.0
20231102:1530,0.0,0.0,0.0,11.1,1.24,0.0
20231102:1630,0.0,0.0,0.0,11.16,0.34,0.0
20231102:1730,0.0,0.0,0.0,10.4,0.97,0.0
20231102:1830,0.0,0.0,0.0,8.23,1.66,0.0
20231102:1930,0.0,0.0,0.0,8.2,1.45,0.0
20231102:2030,0.0,0.0,0.0,6.59,2.0,0.0
20231102:2130,0.0,0.0,0.0,6.08,2.28,0.0
20231102:2230,0.0,0.0,0.0,5.83,2.28,0.0
20231102:2330,0.0,0.0,0.0,6.12,2.76,0.0
20231103:0030,0.0,0.0,0.0,6.52,2.97,0.0
20231103:0130,0.0,0.0,0.0,6.81,3.31,0.0
20231103:0230,0.0,0.0,0.0,7.21,3.52,0.0
20231103:0330,0.0,0.0,0.0,7.6,3.52,0.0
20231103:0430,0.0,0.0,-0.3,7.66,4.0,0.0
20231103:0530,6.77,17.75,8.57,7.8,3.66,0.0
20231103:0630,25.9,42.9,16.27,8.07,3.66,0.0
20231103:0730,97.88,123.68,22.27,8.4,4.14,0.0
20231103:0830,136.18,164.78,26.04,9.48,4.62,0.0
20231103:0930,47.95,69.33,27.12,10.28,4.48,0.0
20231103:1030,27.57,45.27,25.39,10.11,3.59,0.0
20231103:1130,32.19,50.49,21.05,10.11,3.93,0.0
20231103:1230,9.97,22.57,14.61,10.45,4.07,0.0
20231103:1330,0.11,5.93,6.59,10.67,4.55,0.0
20231103:1430,0.0,0.0,-2.49,10.88,4.62,0.0
20231103:1530,0.0,0.0,0.0,10.9,4.69,0.0
20231103:1630,0.0,0.0,0.0,10.94,4.9,0.0
20231103:1730,0.0,0.0,0.0,11.07,5.03,0.0
20231103:1830,0.0,0.0,0.0,11.2,4.55,0.0
20231103:1930,0.0,0.0,0.0,11.85,5.24,0.0
20231103:2030,0.0,0.0,0.0,12.07,5.31,0.0
20231103:2130,0.0,0.0,0.0,12.32,5.17,0.0
20231103:2230,0.0,0.0,0.0,12.5,4.97,0.0
20231103:2330,0.0,0.0,0.0,12.59,5.24,0.0
20231104:0030,0.0,0.0,0.0,12.68,5.45,0.0
20231104:0130,0.0,0.0,0.0,12.84,4.9,0.0
20231104:0230,0.0,0.0,0.0,13.03,4.69,0.0
20231104:0330,0.0,0.0,0.0,13.28,4.48,0.0
20231104:0430,0.0,0.0,-0.54,13.56,4.34,0.0
20231104:0530,33.37,53.18,8.31,13.81,4.62,0.0
20231104:0630,65.63,90.06,15.99,14.16,4.97,0.0
20231104:0730,106.89,135.35,21.98,14.55,5.72,0.0
20231104:0830,114.38,145.11,25.73,15.14,6.21,0.0
20231104:0930,209.51,247.55,26.81,16.01,6.28,0.0
20231104:1030,225.48,265.29,25.08,17.0,6.34,0.0
20231104:1130,407.2,466.89,20.77,17.72,6.9,0.0
20231104:1230,267.61,314.59,14.34,18.24,6.9,0.0
20231104:1330,78.32,108.47,6.35,17.82,7.59,0.0
20231104:1430,0.0,0.0,-2.72,16.88,7.38,0.0
20231104:1530,0.0,0.0,0.0,16.15,7.45,0.0
20231104:1630,0.0,0.0,0.0,15.66,7.59,0.0
20231104:1730,0.0,0.0,0.0,15.45,7.79,0.0
20231104:1830,0.0,0.0,0.0,15.46,7.93,0.0
20231104:1930,0.0,0.0,0.0,15.55,8.69,0.0
20231104:2030,0.0,0.0,0.0,15.61,9.1,0.0
20231104:2130,0.0,0.0,0.0,15.73,9.52,0.0
20231104:2230,0.0,0.0,0.0,15.87,9.72,0.0
20231104:2330,0.0,0.0,0.0,16.01,9.79,0.0
20231105:0030,0.0,0.0,0.0,16.03,9.72,0.0
20231105:0130,0.0,0.0,0.0,16.09,9.03,0.0
20231105:0230,0.0,0.0,0.0,16.05,7.72,0.0
20231105:0330,0.0,0.0,0.0,15.67,7.52,0.0
20231105:0430,0.0,0.0,-0.79,15.39,7.1,0.0
20231105:0530,77.17,104.64,8.06,14.99,6.48,0.0
20231105:0630,139.29,171.53,15.71,15.08,6.55,0.0
20231105:0730,285.1,330.09,21.68,16.01,5.93,0.0
20231105:0830,266.15,309.6,25.42,16.84,6.48,0.0
20231105:0930,253.84,293.72,26.51,15.9,7.31,0.0
20231105:1030,384.84,438.08,24.79,15.85,5.59,0.0
20231105:1130,405.37,463.49,20.49,16.72,5.86,0.0
20231105:1230,254.17,298.91,14.08,17.1,5.38,0.0
20231105:1330,101.18,134.97,6.11,16.91,4.62,0.0
20231105:1430,0.0,0.0,-2.94,15.99,4.07,0.0
20231105:1530,0.0,0.0,0.0,15.0,4.28,0.0
20231105:1630,0.0,0.0,0.0,14.46,4.97,0.0
20231105:1730,0.0,0.0,0.0,14.21,5.52,0.0
20231105:1830,0.0,0.0,0.0,13.93,5.17,0.0
20231105:1930,0.0,0.0,0.0,13.31,4.83,0.0
20231105:2030,0.0,0.0,0.0,12.99,5.31,0.0
20231105:2130,0.0,0.0,0.0,12.94,5.38,0.0
20231105:2230,0.0,0.0,0.0,13.04,5.72,0.0
20231105:2330,0.0,0.0,0.0,13.23,5.93,0.0
20231106:0030,0.0,0.0,0.0,13.23,5.86,0.0
20231106:0130,0.0,0.0,0.0,13.52,6.41,0.0
20231106:0230,0.0,0.0,0.0,13.7,6.97,0.0
20231106:0330,0.0,0.0,0.0,13.87,6.62,0.0
20231106:0430,0.0,0.0,-1.03,13.92,6.07,0.0
20231106:0530,4.48,14.5,7.8,13.91,5.1,0.0
20231106:0630,10.34,23.4,15.44,14.1,4.62,0.0
20231106:0730,21.34,38.18,21.39,14.16,4.07,0.0
20231106:0830,77.72,103.74,25.12,14.29,3.93,0.0
20231106:0930,236.09,276.05,26.2,14.54,4.0,0.0
20231106:1030,410.12,469.89,24.49,15.28,4.34,0.0
20231106:1130,467.92,536.59,20.21,16.09,4.69,0.0
20231106:1230,331.31,384.55,13.83,16.44,4.83,0.0
20231106:1330,125.83,162.86,5.88,16.08,4.34,0.0
20231106:1430,0.0,0.0,-3.16,14.93,3.93,0.0
20231106:1530,0.0,0.0,0.0,13.58,3.52,0.0
20231106:1630,0.0,0.0,0.0,12.81,3.52,0.0
20231106:1730,0.0,0.0,0.0,12.43,3.52,0.0
20231106:1830,0.0,0.0,0.0,12.41,3.66,0.0
20231106:1930,0.0,0.0,0.0,12.54,4.55,0.0
20231106:2030,0.0,0.0,0.0,12.58,4.48,0.0
20231106:2130,0.0,0.0,0.0,12.03,4.14,0.0
20231106:2230,0.0,0.0,0.0,11.42,3.72,0.0
20231106:2330,0.0,0.0,0.0,10.85,3.38,0.0
20231107:0030,0.0,0.0,0.0,10.34,3.24,0.0
20231107:0130,0.0,0.0,0.0,9.9,3.24,0.0
20231107:0230,0.0,0.0,0.0,9.58,3.31,0.0
20231107:0330,0.0,0.0,0.0,9.3,3.17,0.0
20231107:0430,0.0,0.0,-1.27,9.06,3.1,0.0
20231107:0530,180.65,216.0,7.54,8.9,3.03,0.0
20231107:0630,405.65,457.59,15.17,9.76,2.9,0.0
20231107:0730,569.13,643.27,21.1,11.31,3.93,0.0
20231107:0830,662.47,756.84,24.82,12.56,4.28,0.0
20231107:0930,684.78,785.76,25.9,13.54,4.62,0.0
20231107:1030,643.45,735.62,24.21,14.23,5.1,0.0
20231107:1130,529.02,601.1,19.94,14.58,5.45,0.0
20231107:1230,348.76,400.38,13.58,14.65,5.24,0.0
20231107:1330,121.45,156.84,5.65,14.25,4.28,0.0
20231107:1430,0.0,0.0,-3.37,13.25,3.59,0.0
20231107:1530,0.0,0.0,0.0,11.95,3.03,0.0
20231107:1630,0.0,0.0,0.0,11.08,2.83,0.0
20231107:1730,0.0,0.0,0.0,10.29,2.55,0.0
20231107:1830,0.0,0.0,0.0,9.47,2.55,0.0
20231107:1930,0.0,0.0,0.0,8.83,2.62,0.0
20231107:2030,0.0,0.0,0.0,8.27,2.41,0.0
20231107:2130,0.0,0.0,0.0,7.83,2.55,0.0
20231107:2230,0.0,0.0,0.0,7.55,2.62,0.0
20231107:2330,0.0,0.0,0.0,7.41,2.69,0.0
20231108:0030,0.0,0.0,0.0,7.28,2.62,0.0
20231108:0130,0.0,0.0,0.0,7.2,2.69,0.0
20231108:0230,0.0,0.0,0.0,7.23,2.83,0.0
20231108:0330,0.0,0.0,0.0,7.49,2.97,0.0
20231108:0430,0.0,0.0,-1.51,7.77,3.17,0.0
20231108:0530,67.34,90.94,7.29,8.06,3.38,0.0
20231108:0630,190.89,222.85,14.9,9.17,3.66,0.0
20231108:0730,209.78,244.68,20.82,10.78,4.34,0.0
20231108:0830,203.07,239.0,24.53,12.23,5.1,0.0
20231108:0930,145.4,177.16,25.61,13.37,5.72,0.0
20231108:1030,45.56,67.46,23.92,13.94,4.76,0.0
20231108:1130,27.6,46.01,19.68,14.0,4.69,0.0
20231108:1230,12.35,26.22,13.34,14.03,5.45,0.0
20231108:1330,0.81,7.65,5.43,13.96,6.28,0.0
20231108:1430,0.0,0.0,-3.58,13.84,6.34,0.0
20231108:1530,0.0,0.0,0.0,13.66,6.14,0.0
20231108:1630,0.0,0.0,0.0,13.54,6.0,0.0
20231108:1730,0.0,0.0,0.0,13.2,6.0,0.0
20231108:1830,0.0,0.0,0.0,12.94,6.21,0.0
20231108:1930,0.0,0.0,0.0,12.9,5.17,0.0
20231108:2030,0.0,0.0,0.0,12.62,4.62,0.0
20231108:2130,0.0,0.0,0.0,12.35,3.93,0.0
20231108:2230,0.0,0.0,0.0,12.2,3.31,0.0
20231108:2330,0.0,0.0,0.0,12.27,3.66,0.0
20231109:0030,0.0,0.0,0.0,12.12,5.1,0.0
20231109:0130,0.0,0.0,0.0,11.28,5.52,0.0
20231109:0230,0.0,0.0,0.0,10.41,5.31,0.0
20231109:0330,0.0,0.0,0.0,9.9,5.38,0.0
20231109:0430,0.0,0.0,-1.75,9.57,5.79,0.0
20231109:0530,7.1,18.35,7.04,9.33,6.34,0.0
20231109:0630,135.64,162.83,14.63,9.21,6.69,0.0
20231109:0730,430.63,474.25,20.54,9.34,6.9,0.0
20231109:0830,603.16,665.32,24.24,9.6,7.24,0.0
20231109:0930,648.68,718.32,25.32,9.86,7.17,0.0
20231109:1030,535.44,591.72,23.65,10.29,7.03,0.0
20231109:1130,402.5,446.29,19.42,10.69,7.38,0.0
20231109:1230,208.11,241.06,13.1,10.9,7.31,0.0
20231109:1330,30.9,50.21,5.21,10.65,7.03,0.0
20231109:1430,0.0,0.0,-3.78,10.14,6.34,0.0
20231109:1530,0.0,0.0,0.0,9.68,5.59,0.0
20231109:1630,0.0,0.0,0.0,9.52,5.45,0.0
20231109:1730,0.0,0.0,0.0,9.3,5.38,0.0
20231109:1830,0.0,0.0,0.0,9.08,5.17,0.0
20231109:1930,0.0,0.0,0.0,8.45,4.14,0.0
20231109:2030,0.0,0.0,0.0,8.04,4.0,0.0
20231109:2130,0.0,0.0,0.0,7.81,3.93,0.0
20231109:2230,0.0,0.0,0.0,7.42,3.59,0.0
20231109:2330,0.0,0.0,0.0,7.18,3.1,0.0
20231110:0030,0.0,0.0,0.0,6.76,2.97,0.0
20231110:0130,0.0,0.0,0.0,6.65,2.9,0.0
20231110:0230,0.0,0.0,0.0,6.73,2.55,0.0
20231110:0330,0.0,0.0,0.0,6.84,2.07,0.0
20231110:0430,0.0,0.0,-1.99,6.81,1.52,0.0
20231110:0530,49.92,71.25,6.79,6.78,1.03,0.0
20231110:0630,107.1,133.09,14.37,7.79,0.76,0.0
20231110:0730,258.31,293.76,20.26,7.58,1.45,0.0
20231110:0830,352.91,396.74,23.96,8.43,1.93,0.0
20231110:0930,351.6,395.38,25.04,9.11,2.07,0.0
20231110:1030,220.57,255.47,23.37,9.47,2.07,0.0
20231110:1130,178.47,210.64,19.17,9.77,2.14,0.0
20231110:1230,129.63,158.6,12.87,9.93,2.07,0.0
20231110:1330,53.33,76.98,5.0,9.92,2.28,0.0
20231110:1430,0.0,0.0,-3.98,9.51,2.48,0.0
20231110:1530,0.0,0.0,0.0,8.69,3.1,0.0
20231110:1630,0.0,0.0,0.0,8.23,3.59,0.0
20231110:1730,0.0,0.0,0.0,7.68,3.72,0.0
20231110:1830,0.0,0.0,0.0,7.04,3.66,0.0
20231110:1930,0.0,0.0,0.0,6.55,3.72,0.0
20231110:2030,0.0,0.0,0.0,6.24,3.66,0.0
20231110:2130,0.0,0.0,0.0,6.02,4.14,0.0
20231110:2230,0.0,0.0,0.0,5.96,4.83,0.0
20231110:2330,0.0,0.0,0.0,6.24,4.9,0.0
20231111:0030,0.0,0.0,0.0,6.76,4.76,0.0
20231111:0130,0.0,0.0,0.0,7.06,4.9,0.0
20231111:0230,0.0,0.0,0.0,7.31,5.31,0.0
20231111:0330,0.0,0.0,0.0,7.26,5.45,0.0
20231111:0430,0.0,0.0,-2.22,6.93,5.59,0.0
20231111:0530,42.44,62.31,6.54,6.81,6.0,0.0
20231111:0630,101.83,126.83,14.1,7.33,6.14,0.0
20231111:0730,139.44,167.39,19.99,8.04,6.69,0.0
20231111:0830,148.28,176.94,23.67,8.98,7.17,0.0
20231111:0930,60.86,83.78,24.76,9.83,6.9,0.0
20231111:1030,41.29,61.17,23.11,9.5,7.24,0.0
20231111:1130,49.68,70.46,18.92,9.42,7.24,0.0
20231111:1230,16.26,30.94,12.64,9.62,7.45,0.0
20231111:1330,1.91,9.85,4.79,9.91,7.52,0.0
20231111:1430,0.0,0.0,0.0,10.28,7.59,0.0
20231111:1530,0.0,0.0,0.0,10.42,7.59,0.0
20231111:1630,0.0,0.0,0.0,10.39,7.66,0.0
20231111:1730,0.0,0.0,0.0,10.66,7.79,0.0
20231111:1830,0.0,0.0,0.0,11.05,7.86,0.0
20231111:1930,0.0,0.0,0.0,11.47,7.93,0.0
20231111:2030,0.0,0.0,0.0,11.66,8.07,0.0
20231111:2130,0.0,0.0,0.0,12.37,8.14,0.0
20231111:2230,0.0,0.0,0.0,13.05,9.72,0.0
20231111:2330,0.0,0.0,0.0,13.63,11.17,0.0
20231112:0030,0.0,0.0,0.0,13.63,9.86,0.0
20231112:0130,0.0,0.0,0.0,13.27,8.41,0.0
20231112:0230,0.0,0.0,0.0,12.58,7.1,0.0
20231112:0330,0.0,0.0,0.0,12.19,6.48,0.0
20231112:0430,0.0,0.0,-2.45,11.95,6.9,0.0
20231112:0530,18.17,33.86,6.29,11.76,7.45,0.0
20231112:0630,178.13,209.66,13.85,12.13,8.21,0.0
20231112:0730,471.34,523.31,19.72,12.57,8.97,0.0
20231112:0830,513.67,569.34,23.4,13.05,9.52,0.0
20231112:0930,403.87,448.2,24.49,13.24,10.48,0.0
20231112:1030,424.71,469.14,22.85,12.38,10.97,0.0
20231112:1130,427.5,473.53,18.68,12.47,10.14,0.0
20231112:1230,268.3,305.04,12.42,12.0,10.48,0.0
20231112:1330,69.07,95.76,4.59,11.34,10.48,0.0
20231112:1430,0.0,0.0,0.0,10.47,9.59,0.0
20231112:1530,0.0,0.0,0.0,9.86,9.03,0.0
20231112:1630,0.0,0.0,0.0,9.1,8.21,0.0
20231112:1730,0.0,0.0,0.0,8.55,7.79,0.0
20231112:1830,0.0,0.0,0.0,8.2,7.52,0.0
20231112:1930,0.0,0.0,0.0,8.45,7.03,0.0
20231112:2030,0.0,0.0,0.0,8.36,6.69,0.0
20231112:2130,0.0,0.0,0.0,8.29,6.34,0.0
20231112:2230,0.0,0.0,0.0,8.23,6.07,0.0
20231112:2330,0.0,0.0,0.0,8.12,5.79,0.0
20231113:0030,0.0,0.0,0.0,7.99,5.52,0.0
20231113:0130,0.0,0.0,0.0,7.87,5.31,0.0
20231113:0230,0.0,0.0,0.0,7.56,5.03,0.0
20231113:0330,0.0,0.0,0.0,7.45,4.83,0.0
20231113:0430,0.0,0.0,-2.69,7.32,4.69,0.0
20231113:0530,93.12,119.51,6.05,7.23,4.34,0.0
20231113:0630,124.92,150.96,13.59,7.48,4.48,0.0
20231113:0730,214.15,244.42,19.45,7.96,5.17,0.0
20231113:0830,336.61,373.59,23.12,8.28,5.03,0.0
20231113:0930,466.19,515.11,24.22,8.61,5.1,0.0
20231113:1030,436.19,482.56,22.59,9.07,5.31,0.0
20231113:1130,341.02,380.58,18.44,9.56,5.24,0.0
20231113:1230,204.51,237.16,12.21,9.92,4.97,0.0
20231113:1330,59.4,84.15,4.4,9.87,3.79,0.0
20231113:1430,0.0,0.0,0.0,9.32,2.97,0.0
20231113:1530,0.0,0.0,0.0,8.56,2.9,0.0
20231113:1630,0.0,0.0,0.0,8.23,2.76,0.0
20231113:1730,0.0,0.0,0.0,7.71,2.55,0.0
20231113:1830,0.0,0.0,0.0,7.35,2.28,0.0
20231113:1930,0.0,0.0,0.0,6.37,1.38,0.0
20231113:2030,0.0,0.0,0.0,7.46,0.9,0.0
20231113:2130,0.0,0.0,0.0,7.23,0.97,0.0
20231113:2230,0.0,0.0,0.0,6.17,1.24,0.0
20231113:2330,0.0,0.0,0.0,5.43,1.38,0.0
20231114:0030,0.0,0.0,0.0,4.44,1.72,0.0
20231114:0130,0.0,0.0,0.0,3.41,2.28,0.0
20231114:0230,0.0,0.0,0.0,3.1,2.41,0.0
20231114:0330,0.0,0.0,0.0,2.94,2.14,0.0
20231114:0430,0.0,0.0,-2.92,2.99,2.14,0.0
20231114:0530,135.05,162.64,5.81,2.67,2.21,0.0
20231114:0630,197.48,225.1,13.34,4.35,2.28,0.0
20231114:0730,345.53,383.32,19.19,6.62,2.83,0.0
20231114:0830,500.36,555.62,22.86,7.8,3.38,0.0
20231114:0930,413.85,460.68,23.95,8.88,4.14,0.0
20231114:1030,195.38,227.71,22.34,9.4,4.34,0.0
20231114:1130,103.86,130.23,18.21,9.54,5.1,0.0
20231114:1230,35.61,54.75,12.0,9.25,4.9,0.0
20231114:1330,5.12,15.26,4.21,8.73,4.69,0.0
20231114:1430,0.0,0.0,0.0,8.25,5.38,0.0
20231114:1530,0.0,0.0,0.0,7.85,6.41,0.0
20231114:1630,0.0,0.0,0.0,7.9,7.17,0.0
20231114:1730,0.0,0.0,0.0,8.32,7.38,0.0
20231114:1830,0.0,0.0,0.0,8.86,6.62,0.0
20231114:1930,0.0,0.0,0.0,9.93,6.07,0.0
20231114:2030,0.0,0.0,0.0,9.93,5.1,0.0
20231114:2130,0.0,0.0,0.0,9.49,4.34,0.0
20231114:2230,0.0,0.0,0.0,8.78,3.72,0.0
20231114:2330,0.0,0.0,0.0,8.17,3.52,0.0
20231115:0030,0.0,0.0,0.0,7.73,3.59,0.0
20231115:0130,0.0,0.0,0.0,7.27,3.45,0.0
20231115:0230,0.0,0.0,0.0,6.9,3.52,0.0
20231115:0330,0.0,0.0,0.0,6.69,3.45,0.0
20231115:0430,0.0,0.0,-3.14,6.54,3.45,0.0
20231115:0530,77.28,101.75,5.57,6.52,3.45,0.0
20231115:0630,121.83,148.45,13.09,7.11,3.17,0.0
20231115:0730,151.11,180.2,18.93,7.84,3.03,0.0
20231115:0830,185.08,216.94,22.59,8.61,2.97,0.0
20231115:0930,110.2,137.79,23.69,9.27,2.55,0.0
20231115:1030,148.9,179.14,22.1,9.49,2.48,0.0
20231115:1130,114.87,142.99,17.99,9.98,2.55,0.0
20231115:1230,63.31,86.54,11.8,10.17,2.21,0.0
20231115:1330,15.26,30.23,4.03,9.97,1.93,0.0
20231115:1430,0.0,0.0,0.0,9.48,1.79,0.0
20231115:1530,0.0,0.0,0.0,8.95,1.93,0.0
20231115:1630,0.0,0.0,0.0,8.49,2.07,0.0
20231115:1730,0.0,0.0,0.0,8.08,2.07,0.0
20231115:1830,0.0,0.0,0.0,7.71,2.14,0.0
20231115:1930,0.0,0.0,0.0,8.02,2.69,0.0
20231115:2030,0.0,0.0,0.0,7.99,2.83,0.0
20231115:2130,0.0,0.0,0.0,7.84,2.69,0.0
20231115:2230,0.0,0.0,0.0,7.61,2.62,0.0
20231115:2330,0.0,0.0,0.0,7.13,2.69,0.0
20231116:0030,0.0,0.0,0.0,6.77,2.76,0.0
20231116:0130,0.0,0.0,0.0,6.54,2.9,0.0
20231116:0230,0.0,0.0,0.0,6.37,2.76,0.0
20231116:0330,0.0,0.0,0.0,6.24,2.83,0.0
20231116:0430,0.0,0.0,-3.37,6.1,2.9,0.0
20231116:0530,79.06,103.96,5.34,6.26,2.9,0.0
20231116:0630,213.35,244.49,12.84,7.04,2.62,0.0
20231116:0730,374.47,416.8,18.67,8.24,3.72,0.0
20231116:0830,411.47,459.36,22.34,9.17,3.66,0.0
20231116:0930,378.58,424.76,23.44,9.93,3.52,0.0
20231116:1030,122.87,151.23,21.86,10.5,3.52,0.0
20231116:1130,124.04,151.8,17.77,10.19,3.45,0.0
20231116:1230,26.97,44.53,11.6,9.97,4.0,0.0
20231116:1330,2.94,11.68,3.85,9.42,3.93,0.0
20231116:1430,0.0,0.0,0.0,9.02,3.52,0.0
20231116:1530,0.0,0.0,0.0,8.67,3.86,0.0
20231116:1630,0.0,0.0,0.0,8.17,4.14,0.0
20231116:1730,0.0,0.0,0.0,7.77,4.9,0.0
20231116:1830,0.0,0.0,0.0,7.09,5.38,0.0
20231116:1930,0.0,0.0,0.0,6.53,5.59,0.0
20231116:2030,0.0,0.0,0.0,6.07,5.52,0.0
20231116:2130,0.0,0.0,0.0,5.82,5.1,0.0
20231116:2230,0.0,0.0,0.0,5.6,4.97,0.0
20231116:2330,0.0,0.0,0.0,5.63,5.03,0.0
20231117:0030,0.0,0.0,0.0,5.56,5.31,0.0
20231117:0130,0.0,0.0,0.0,5.47,5.45,0.0
20231117:0230,0.0,0.0,0.0,5.41,5.72,0.0
20231117:0330,0.0,0.0,0.0,5.25,5.72,0.0
20231117:0430,0.0,0.0,-3.59,5.36,6.14,0.0
20231117:0530,3.68,12.8,5.11,5.42,6.14,0.0
20231117:0630,17.51,32.15,12.6,5.53,5.93,0.0
20231117:0730,28.49,45.54,18.42,5.42,5.79,0.0
20231117:0830,65.54,87.58,22.08,5.57,5.72,0.0
20231117:0930,73.98,96.89,23.19,5.93,5.31,0.0
20231117:1030,86.36,109.9,21.62,6.29,4.9,0.0
20231117:1130,53.32,74.02,17.56,6.39,4.34,0.0
20231117:1230,56.46,77.32,11.41,6.41,3.93,0.0
20231117:1330,25.13,42.67,3.68,6.31,3.38,0.0
20231117:1430,0.0,0.0,0.0,6.05,2.69,0.0
20231117:1530,0.0,0.0,0.0,5.75,2.21,0.0
20231117:1630,0.0,0.0,0.0,5.68,1.86,0.0
20231117:1730,0.0,0.0,0.0,5.45,1.66,0.0
20231117:1830,0.0,0.0,0.0,5.48,1.38,0.0
20231117:1930,0.0,0.0,0.0,5.14,1.17,0.0
20231117:2030,0.0,0.0,0.0,4.95,0.97,0.0
20231117:2130,0.0,0.0,0.0,4.77,0.83,0.0
20231117:2230,0.0,0.0,0.0,4.56,1.1,0.0
20231117:2330,0.0,0.0,0.0,4.75,1.66,0.0
20231118:0030,0.0,0.0,0.0,4.74,2.14,0.0
20231118:0130,0.0,0.0,0.0,4.56,2.34,0.0
20231118:0230,0.0,0.0,0.0,4.74,2.97,0.0
20231118:0330,0.0,0.0,0.0,4.88,3.72,0.0
20231118:0430,0.0,0.0,-3.81,4.94,4.14,0.0
20231118:0530,12.53,25.65,4.88,4.91,4.62,0.0
20231118:0630,136.25,160.6,12.36,5.1,5.72,0.0
20231118:0730,118.94,143.04,18.18,5.03,6.07,0.0
20231118:0830,140.58,165.74,21.83,5.22,6.0,0.0
20231118:0930,90.47,114.08,22.95,5.55,6.07,0.0
20231118:1030,96.44,120.41,21.4,5.64,6.21,0.0
20231118:1130,65.49,87.33,17.35,5.82,6.69,0.0
20231118:1230,32.79,50.58,11.23,5.81,7.17,0.0
20231118:1330,7.09,18.18,3.51,5.6,7.52,0.0
20231118:1430,0.0,0.0,0.0,5.22,7.93,0.0
20231118:1530,0.0,0.0,0.0,4.79,8.41,0.0
20231118:1630,0.0,0.0,0.0,4.42,8.28,0.0
20231118:1730,0.0,0.0,0.0,4.23,8.69,0.0
20231118:1830,0.0,0.0,0.0,4.04,8.28,0.0
20231118:1930,0.0,0.0,0.0,3.4,8.34,0.0
20231118:2030,0.0,0.0,0.0,3.14,8.48,0.0
20231118:2130,0.0,0.0,0.0,2.88,8.55,0.0
20231118:2230,0.0,0.0,0.0,2.69,8.28,0.0
20231118:2330,0.0,0.0,0.0,2.54,8.28,0.0
20231119:0030,0.0,0.0,0.0,2.35,8.55,0.0
20231119:0130,0.0,0.0,0.0,2.38,8.48,0.0
20231119:0230,0.0,0.0,0.0,2.56,8.21,0.0
20231119:0330,0.0,0.0,0.0,2.75,8.07,0.0
20231119:0430,0.0,0.0,-4.03,2.91,8.07,0.0
20231119:0530,4.52,14.04,4.65,3.07,7.93,0.0
20231119:0630,8.41,19.84,12.13,3.31,7.72,0.0
20231119:0730,23.02,38.67,17.93,3.41,8.28,0.0
20231119:0830,26.48,42.84,21.59,3.54,9.31,0.0
20231119:0930,27.25,43.79,22.72,3.76,8.83,0.0
20231119:1030,38.36,56.66,21.18,3.96,8.83,0.0
20231119:1130,34.22,51.66,17.15,4.18,9.59,0.0
20231119:1230,10.77,23.09,11.05,4.29,9.24,0.0
20231119:1330,0.0,1.86,3.36,4.13,8.28,0.0
20231119:1430,0.0,0.0,0.0,3.6,7.38,0.0
20231119:1530,0.0,0.0,0.0,2.3,6.28,0.0
20231119:1630,0.0,0.0,0.0,1.98,6.55,0.0
20231119:1730,0.0,0.0,0.0,1.84,6.69,0.0
20231119:1830,0.0,0.0,0.0,1.78,6.76,0.0
20231119:1930,0.0,0.0,0.0,1.9,7.17,0.0
20231119:2030,0.0,0.0,0.0,1.85,6.76,0.0
20231119:2130,0.0,0.0,0.0,1.82,6.28,0.0
20231119:2230,0.0,0.0,0.0,1.77,6.21,0.0
20231119:2330,0.0,0.0,0.0,1.71,5.86,0.0
20231120:0030,0.0,0.0,0.0,1.71,5.38,0.0
20231120:0130,0.0,0.0,0.0,1.62,5.17,0.0
20231120:0230,0.0,0.0,0.0,1.68,5.17,0.0
20231120:0330,0.0,0.0,0.0,1.68,5.24,0.0
20231120:0430,0.0,0.0,0.0,1.57,5.24,0.0
20231120:0530,13.41,26.61,4.43,1.44,5.38,0.0
20231120:0630,81.24,102.34,11.89,1.38,5.52,0.0
20231120:0730,136.96,159.32,17.7,1.1,5.52,0.0
20231120:0830,107.63,128.96,21.35,1.27,5.1,0.0
20231120:0930,58.84,78.83,22.49,1.26,5.17,0.0
20231120:1030,119.77,142.18,20.96,1.21,5.72,0.0
20231120:1130,74.7,95.62,16.96,1.29,6.76,0.0
20231120:1230,39.9,57.58,10.88,1.1,7.1,0.0
20231120:1330,8.82,20.61,3.2,0.78,6.76,0.0
20231120:1430,0.0,0.0,0.0,0.39,5.86,0.0
20231120:1530,0.0,0.0,0.0,0.04,5.52,0.0
20231120:1630,0.0,0.0,0.0,-0.28,5.38,0.0
20231120:1730,0.0,0.0,0.0,-0.53,5.52,0.0
20231120:1830,0.0,0.0,0.0,-0.74,5.52,0.0
20231120:1930,0.0,0.0,0.0,-0.64,5.66,0.0
20231120:2030,0.0,0.0,0.0,-0.79,5.59,0.0
20231120:2130,0.0,0.0,0.0,-0.93,5.31,0.0
20231120:2230,0.0,0.0,0.0,-1.1,5.24,0.0
20231120:2330,0.0,0.0,0.0,-1.25,5.17,0.0
20231121:0030,0.0,0.0,0.0,-1.44,5.17,0.0
20231121:0130,0.0,0.0,0.0,-1.64,5.1,0.0
20231121:0230,0.0,0.0,0.0,-1.87,5.24,0.0
20231121:0330,0.0,0.0,0.0,-2.08,5.1,0.0
20231121:0430,0.0,0.0,0.0,-2.2,4.76,0.0
20231121:0530,7.67,18.45,4.21,-2.31,4.41,0.0
20231121:0630,36.41,53.21,11.67,-2.37,4.21,0.0
20231121:0730,83.23,103.4,17.46,-1.6,4.21,0.0
20231121:0830,103.6,124.66,21.12,-1.16,3.72,0.0
20231121:0930,126.04,148.29,22.26,-0.79,3.31,0.0
20231121:1030,137.88,160.18,20.75,-0.42,3.1,0.0
20231121:1130,108.03,129.81,16.77,-0.16,3.03,0.0
20231121:1230,56.08,75.19,10.71,-0.03,2.76,0.0
20231121:1330,6.5,17.03,3.06,-0.14,2.55,0.0
20231121:1430,0.0,0.0,0.0,-0.46,2.28,0.0
20231121:1530,0.0,0.0,0.0,-0.71,2.0,0.0
20231121:1630,0.0,0.0,0.0,-1.03,1.86,0.0
20231121:1730,0.0,0.0,0.0,-1.29,1.93,0.0
20231121:1830,0.0,0.0,0.0,-1.66,2.21,0.0
20231121:1930,0.0,0.0,0.0,-1.97,2.14,0.0
20231121:2030,0.0,0.0,0.0,-2.0,2.0,0.0
20231121:2130,0.0,0.0,0.0,-1.98,2.21,0.0
20231121:2230,0.0,0.0,0.0,-1.8,2.48,0.0
20231121:2330,0.0,0.0,0.0,-1.76,2.62,0.0
20231122:0030,0.0,0.0,0.0,-1.82,2.69,0.0
20231122:0130,0.0,0.0,0.0,-1.93,2.76,0.0
20231122:0230,0.0,0.0,0.0,-1.83,3.1,0.0
20231122:0330,0.0,0.0,0.0,-2.0,3.59,0.0
20231122:0430,0.0,0.0,0.0,-2.16,3.86,0.0
20231122:0530,6.88,17.42,3.99,-2.41,4.0,0.0
20231122:0630,82.49,101.68,11.44,-2.38,4.21,0.0
20231122:0730,113.18,133.09,17.24,-2.42,4.0,0.0
20231122:0830,143.16,163.99,20.89,-1.81,3.79,0.0
20231122:0930,184.69,206.56,22.04,-1.24,3.52,0.0
20231122:1030,103.4,124.22,20.55,-0.69,3.31,0.0
20231122:1130,81.15,101.14,16.59,-0.42,3.24,0.0
20231122:1230,28.85,44.87,10.55,-0.44,3.31,0.0
20231122:1330,1.11,7.98,2.92,-0.8,3.52,0.0
20231122:1430,0.0,0.0,0.0,-1.33,3.93,0.0
20231122:1530,0.0,0.0,0.0,-1.86,4.28,0.0
20231122:1630,0.0,0.0,0.0,-2.3,4.41,0.0
20231122:1730,0.0,0.0,0.0,-2.61,4.41,0.0
20231122:1830,0.0,0.0,0.0,-2.88,4.28,0.0
20231122:1930,0.0,0.0,0.0,-2.94,4.07,0.0
20231122:2030,0.0,0.0,0.0,-3.1,4.0,0.0
20231122:2130,0.0,0.0,0.0,-3.22,4.14,0.0
20231122:2230,0.0,0.0,0.0,-3.2,4.14,0.0
20231122:2330,0.0,0.0,0.0,-3.18,4.34,0.0
20231123:0030,0.0,0.0,0.0,-3.16,4.62,0.0
20231123:0130,0.0,0.0,0.0,-3.39,4.83,0.0
20231123:0230,0.0,0.0,0.0,-3.54,5.31,0.0
20231123:0330,0.0,0.0,0.0,-3.7,5.17,0.0
20231123:0430,0.0,0.0,0.0,-3.86,5.17,0.0
20231123:0530,16.32,29.9,3.78,-4.21,4.97,0.0
20231123:0630,38.44,55.07,11.22,-4.37,4.34,0.0
20231123:0730,75.54,94.81,17.01,-3.8,4.0,0.0
20231123:0830,88.44,108.31,20.67,-3.46,3.17,0.0
20231123:0930,98.69,119.17,21.83,-3.07,2.76,0.0
20231123:1030,75.98,95.86,20.36,-2.49,3.45,0.0
20231123:1130,50.08,68.39,16.42,-2.03,4.69,0.0
20231123:1230,25.45,40.85,10.4,-1.66,5.45,0.0
20231123:1330,3.04,11.46,2.79,-1.48,5.66,0.0
20231123:1430,0.0,0.0,0.0,-1.37,5.93,0.0
20231123:1530,0.0,0.0,0.0,-1.22,6.21,0.0
20231123:1630,0.0,0.0,0.0,-0.93,6.69,0.0
20231123:1730,0.0,0.0,0.0,-0.32,7.03,0.0
20231123:1830,0.0,0.0,0.0,0.22,6.97,0.0
20231123:1930,0.0,0.0,0.0,1.14,7.38,0.0
20231123:2030,0.0,0.0,0.0,1.98,7.45,0.0
20231123:2130,0.0,0.0,0.0,2.72,7.52,0.0
20231123:2230,0.0,0.0,0.0,3.27,7.66,0.0
20231123:2330,0.0,0.0,0.0,3.72,7.31,0.0
20231124:0030,0.0,0.0,0.0,3.98,7.17,0.0
20231124:0130,0.0,0.0,0.0,4.18,7.03,0.0
20231124:0230,0.0,0.0,0.0,4.14,6.83,0.0
20231124:0330,0.0,0.0,0.0,4.05,6.62,0.0
20231124:0430,0.0,0.0,0.0,3.97,6.62,0.0
20231124:0530,83.08,107.79,3.57,3.8,6.55,0.0
20231124:0630,196.31,221.72,11.01,3.87,6.69,0.0
20231124:0730,92.75,115.01,16.79,4.6,6.83,0.0
20231124:0830,102.51,125.91,20.46,5.02,6.76,0.0
20231124:0930,147.12,172.28,21.63,5.5,6.21,0.0
20231124:1030,155.18,180.56,20.17,5.99,6.21,0.0
20231124:1130,106.23,129.65,16.25,6.28,6.34,0.0
20231124:1230,25.08,41.47,10.25,6.37,6.34,0.0
20231124:1330,1.62,9.23,2.66,5.97,5.86,0.0
20231124:1430,0.0,0.0,0.0,5.27,5.24,0.0
20231124:1530,0.0,0.0,0.0,4.92,4.9,0.0
20231124:1630,0.0,0.0,0.0,4.71,4.62,0.0
20231124:1730,0.0,0.0,0.0,4.59,4.28,0.0
20231124:1830,0.0,0.0,0.0,4.4,4.14,0.0
20231124:1930,0.0,0.0,0.0,4.78,4.69,0.0
20231124:2030,0.0,0.0,0.0,4.86,4.28,0.0
20231124:2130,0.0,0.0,0.0,4.78,3.93,0.0
20231124:2230,0.0,0.0,0.0,4.41,3.86,0.0
20231124:2330,0.0,0.0,0.0,4.2,3.03,0.0
20231125:0030,0.0,0.0,0.0,3.83,2.69,0.0
20231125:0130,0.0,0.0,0.0,3.63,2.21,0.0
20231125:0230,0.0,0.0,0.0,3.47,2.07,0.0
20231125:0330,0.0,0.0,0.0,3.4,2.0,0.0
20231125:0430,0.0,0.0,0.0,3.23,1.86,0.0
20231125:0530,3.1,11.73,3.36,3.29,1.17,0.0
20231125:0630,29.87,46.85,10.8,2.95,1.45,0.0
20231125:0730,53.75,74.34,16.58,4.44,1.86,0.0
20231125:0830,48.79,69.11,20.25,5.35,1.66,0.0
20231125:0930,42.29,61.69,21.43,5.68,1.93,0.0
20231125:1030,21.48,37.13,19.99,5.81,2.69,0.0
20231125:1130,9.11,21.01,16.09,5.67,3.31,0.0
20231125:1230,3.06,11.73,10.12,5.29,3.86,0.0
20231125:1330,0.0,5.03,2.54,4.86,4.62,0.0
20231125:1430,0.0,0.0,0.0,4.43,5.52,0.0
20231125:1530,0.0,0.0,0.0,4.07,6.21,0.0
20231125:1630,0.0,0.0,0.0,3.53,6.97,0.0
20231125:1730,0.0,0.0,0.0,2.5,6.62,0.0
20231125:1830,0.0,0.0,0.0,2.33,6.83,0.0
20231125:1930,0.0,0.0,0.0,2.3,6.76,0.0
20231125:2030,0.0,0.0,0.0,2.38,6.21,0.0
20231125:2130,0.0,0.0,0.0,2.53,5.66,0.0
20231125:2230,0.0,0.0,0.0,2.8,5.17,0.0
20231125:2330,0.0,0.0,0.0,3.2,4.34,0.0
20231126:0030,0.0,0.0,0.0,3.64,3.79,0.0
20231126:0130,0.0,0.0,0.0,4.15,2.76,0.0
20231126:0230,0.0,0.0,0.0,4.91,1.93,0.0
20231126:0330,0.0,0.0,0.0,5.89,2.21,0.0
20231126:0430,0.0,0.0,0.0,6.84,3.1,0.0
20231126:0530,47.69,69.62,3.16,7.24,2.9,0.0
20231126:0630,107.49,132.65,10.59,7.43,2.28,0.0
20231126:0730,121.72,148.32,16.37,7.87,1.93,0.0
20231126:0830,69.17,93.05,20.04,9.6,2.41,0.0
20231126:0930,88.69,114.69,21.23,10.96,3.24,0.0
20231126:1030,49.77,71.97,19.81,12.26,5.24,0.0
20231126:1130,54.78,77.46,15.93,12.61,6.62,0.0
20231126:1230,13.37,27.41,9.98,12.12,6.48,0.0
20231126:1330,0.0,3.4,2.43,11.39,5.72,0.0
20231126:1430,0.0,0.0,0.0,10.87,5.24,0.0
20231126:1530,0.0,0.0,0.0,10.55,5.31,0.0
20231126:1630,0.0,0.0,0.0,9.86,5.17,0.0
20231126:1730,0.0,0.0,0.0,8.89,6.14,0.0
20231126:1830,0.0,0.0,0.0,8.35,7.86,0.0
20231126:1930,0.0,0.0,0.0,6.55,7.59,0.0
20231126:2030,0.0,0.0,0.0,5.54,8.07,0.0
20231126:2130,0.0,0.0,0.0,4.61,8.55,0.0
20231126:2230,0.0,0.0,0.0,4.07,7.38,0.0
20231126:2330,0.0,0.0,0.0,4.09,7.52,0.0
20231127:0030,0.0,0.0,0.0,3.05,8.83,0.0
20231127:0130,0.0,0.0,0.0,1.48,9.03,0.0
20231127:0230,0.0,0.0,0.0,0.84,10.55,0.0
20231127:0330,0.0,0.0,0.0,0.56,10.62,0.0
20231127:0430,0.0,0.0,0.0,0.02,11.31,0.0
20231127:0530,3.16,11.68,2.97,-0.34,11.24,0.0
20231127:0630,99.19,119.69,10.39,-0.5,11.1,0.0
20231127:0730,148.6,169.43,16.17,-0.79,11.31,0.0
20231127:0830,165.16,186.54,19.85,-0.47,11.31,0.0
20231127:0930,203.61,224.8,21.05,-0.11,11.1,0.0
20231127:1030,181.9,203.64,19.64,0.38,10.62,0.0
20231127:1130,146.98,168.47,15.78,0.62,10.21,0.0
20231127:1230,45.18,63.44,9.86,0.76,9.86,0.0
20231127:1330,2.6,10.85,2.32,0.76,9.03,0.0
20231127:1430,0.0,0.0,0.0,0.56,8.28,0.0
20231127:1530,0.0,0.0,0.0,0.44,8.0,0.0
20231127:1630,0.0,0.0,0.0,0.15,7.66,0.0
20231127:1730,0.0,0.0,0.0,-0.22,7.38,0.0
20231127:1830,0.0,0.0,0.0,-0.47,7.1,0.0
20231127:1930,0.0,0.0,0.0,-0.64,7.17,0.0
20231127:2030,0.0,0.0,0.0,-0.62,6.97,0.0
20231127:2130,0.0,0.0,0.0,-0.43,6.83,0.0
20231127:2230,0.0,0.0,0.0,-0.19,6.48,0.0
20231127:2330,0.0,0.0,0.0,-0.14,6.0,0.0
20231128:0030,0.0,0.0,0.0,-0.21,5.45,0.0
20231128:0130,0.0,0.0,0.0,-0.38,4.83,0.0
20231128:0230,0.0,0.0,0.0,-0.67,4.55,0.0
20231128:0330,0.0,0.0,0.0,-0.81,4.48,0.0
20231128:0430,0.0,0.0,0.0,-0.94,4.41,0.0
20231128:0530,95.51,119.66,2.77,-0.99,4.14,0.0
20231128:0630,302.36,326.93,10.19,-0.88,3.66,0.0
20231128:0730,501.84,535.95,15.97,-0.13,3.79,0.0
20231128:0830,616.59,664.5,19.65,0.9,3.86,0.0
20231128:0930,694.91,756.52,20.87,1.9,4.0,0.0
20231128:1030,621.44,673.72,19.48,2.81,4.34,0.0
20231128:1130,474.58,512.98,15.64,3.44,4.55,0.0
20231128:1230,252.62,281.18,9.74,3.9,4.55,0.0
20231128:1330,2.07,9.92,2.22,3.74,4.14,0.0
20231128:1430,0.0,0.0,0.0,3.17,4.41,0.0
20231128:1530,0.0,0.0,0.0,3.22,5.17,0.0
20231128:1630,0.0,0.0,0.0,3.36,5.72,0.0
20231128:1730,0.0,0.0,0.0,3.58,6.07,0.0
20231128:1830,0.0,0.0,0.0,3.81,6.14,0.0
20231128:1930,0.0,0.0,0.0,3.85,6.34,0.0
20231128:2030,0.0,0.0,0.0,4.26,6.55,0.0
20231128:2130,0.0,0.0,0.0,4.82,6.69,0.0
20231128:2230,0.0,0.0,0.0,5.37,6.69,0.0
20231128:2330,0.0,0.0,0.0,5.96,7.52,0.0
20231129:0030,0.0,0.0,0.0,6.16,8.07,0.0
20231129:0130,0.0,0.0,0.0,6.24,8.76,0.0
20231129:0230,0.0,0.0,0.0,6.65,9.66,0.0
20231129:0330,0.0,0.0,0.0,6.99,10.34,0.0
20231129:0430,0.0,0.0,0.0,7.26,10.9,0.0
20231129:0530,0.0,2.54,2.58,7.36,11.31,0.0
20231129:0630,3.07,11.82,10.0,7.54,11.24,0.0
20231129:0730,5.32,15.53,15.78,7.73,10.69,0.0
20231129:0830,7.47,18.79,19.47,7.9,10.28,0.0
20231129:0930,7.8,19.23,20.69,8.19,9.59,0.0
20231129:1030,24.14,40.8,19.32,8.51,8.55,0.0
20231129:1130,43.77,63.55,15.51,8.96,7.66,0.0
20231129:1230,112.09,137.69,9.62,8.85,7.38,0.0
20231129:1330,0.45,6.73,2.13,8.26,6.97,0.0
20231129:1430,0.0,0.0,0.0,7.35,6.69,0.0
20231129:1530,0.0,0.0,0.0,6.48,6.41,0.0
20231129:1630,0.0,0.0,0.0,5.59,5.93,0.0
20231129:1730,0.0,0.0,0.0,4.76,5.86,0.0
20231129:1830,0.0,0.0,0.0,4.0,5.86,0.0
20231129:1930,0.0,0.0,0.0,2.87,5.59,0.0
20231129:2030,0.0,0.0,0.0,2.51,5.52,0.0
20231129:2130,0.0,0.0,0.0,2.16,5.45,0.0
20231129:2230,0.0,0.0,0.0,1.93,5.59,0.0
20231129:2330,0.0,0.0,0.0,1.61,5.38,0.0
20231130:0030,0.0,0.0,0.0,1.15,5.24,0.0
20231130:0130,0.0,0.0,0.0,0.54,4.76,0.0
20231130:0230,0.0,0.0,0.0,-0.08,3.72,0.0
20231130:0330,0.0,0.0,0.0,-0.47,2.9,0.0
20231130:0430,0.0,0.0,0.0,-0.99,2.55,0.0
20231130:0530,123.23,149.46,2.4,-1.52,2.62,0.0
20231130:0630,158.94,180.11,9.82,-1.65,2.83,0.0
20231130:0730,390.48,417.7,15.6,-0.55,3.1,0.0
20231130:0830,428.08,459.72,19.29,0.09,3.17,0.0
20231130:0930,599.38,648.21,20.53,0.53,3.1,0.0
20231130:1030,563.0,608.83,19.18,0.93,3.1,0.0
20231130:1130,510.82,551.79,15.38,1.15,3.03,0.0
20231130:1230,314.91,344.31,9.52,1.14,2.97,0.0
20231130:1330,2.3,10.26,2.04,0.83,2.62,0.0
20231130:1430,0.0,0.0,0.0,0.24,2.14,0.0
20231130:1530,0.0,0.0,0.0,-0.43,2.48,0.0
20231130:1630,0.0,0.0,0.0,-1.16,1.93,0.0
20231130:1730,0.0,0.0,0.0,-1.25,2.41,0.0
20231130:1830,0.0,0.0,0.0,-1.31,2.21,0.0
20231130:1930,0.0,0.0,0.0,-1.49,2.83,0.0
20231130:2030,0.0,0.0,0.0,-1.4,3.1,0.0
20231130:2130,0.0,0.0,0.0,-1.04,3.38,0.0
20231130:2230,0.0,0.0,0.0,-0.77,3.72,0.0
20231130:2330,0.0,0.0,0.0,-0.51,3.72,0.0
20231201:0030,0.0,0.0,0.0,-0.02,4.07,0.0
20231201:0130,0.0,0.0,0.0,0.56,4.41,0.0
20231201:0230,0.0,0.0,0.0,1.13,4.9,0.0
20231201:0330,0.0,0.0,0.0,1.72,5.38,0.0
20231201:0430,0.0,0.0,0.0,2.41,6.07,0.0
20231201:0530,1.09,8.02,2.22,3.2,6.55,0.0
20231201:0630,4.45,13.99,9.64,4.3,6.21,0.0
20231201:0730,10.97,23.55,15.42,5.38,6.41,0.0
20231201:0830,13.85,27.49,19.12,6.19,6.9,0.0
20231201:0930,24.01,40.4,20.37,6.8,7.03,0.0
20231201:1030,16.21,30.7,19.03,7.46,7.1,0.0
20231201:1130,11.45,24.44,15.26,8.17,6.97,0.0
20231201:1230,9.4,21.6,9.42,8.84,6.76,0.0
20231201:1330,0.0,4.5,1.96,9.33,6.48,0.0
20231201:1430,0.0,0.0,0.0,9.41,5.86,0.0
20231201:1530,0.0,0.0,0.0,9.28,5.03,0.0
20231201:1630,0.0,0.0,0.0,8.97,4.28,0.0
20231201:1730,0.0,0.0,0.0,8.58,3.59,0.0
20231201:1830,0.0,0.0,0.0,8.21,2.97,0.0
20231201:1930,0.0,0.0,0.0,8.03,2.76,0.0
20231201:2030,0.0,0.0,0.0,7.76,2.21,0.0
20231201:2130,0.0,0.0,0.0,7.51,2.21,0.0
20231201:2230,0.0,0.0,0.0,7.24,1.59,0.0
20231201:2330,0.0,0.0,0.0,6.86,0.9,0.0
20231202:0030,0.0,0.0,0.0,6.38,1.86,0.0
20231202:0130,0.0,0.0,0.0,5.78,2.62,0.0
20231202:0230,0.0,0.0,0.0,5.14,3.1,0.0
20231202:0330,0.0,0.0,0.0,4.7,3.38,0.0
20231202:0430,0.0,0.0,0.0,4.39,3.38,0.0
20231202:0530,0.0,5.43,2.04,4.16,3.45,0.0
20231202:0630,8.58,20.15,9.46,4.22,3.59,0.0
20231202:0730,27.24,44.02,15.24,4.81,3.59,0.0
20231202:0830,31.26,48.86,18.95,5.26,3.31,0.0
20231202:0930,40.47,59.64,20.21,5.62,3.17,0.0
20231202:1030,49.3,69.79,18.9,6.01,3.17,0.0
20231202:1130,41.49,60.95,15.15,6.51,2.97,0.0
20231202:1230,16.33,30.81,9.33,6.96,2.83,0.0
20231202:1330,0.0,4.79,1.89,7.18,2.48,0.0
20231202:1430,0.0,0.0,0.0,7.22,2.55,0.0
20231202:1530,0.0,0.0,0.0,7.34,2.55,0.0
20231202:1630,0.0,0.0,0.0,7.75,2.69,0.0
20231202:1730,0.0,0.0,0.0,8.38,2.76,0.0
20231202:1830,0.0,0.0,0.0,9.03,3.03,0.0
20231202:1930,0.0,0.0,0.0,9.82,3.93,0.0
20231202:2030,0.0,0.0,0.0,10.31,4.41,0.0
20231202:2130,0.0,0.0,0.0,10.38,4.62,0.0
20231202:2230,0.0,0.0,0.0,10.33,5.17,0.0
20231202:2330,0.0,0.0,0.0,10.38,5.45,0.0
20231203:0030,0.0,0.0,0.0,10.59,5.79,0.0
20231203:0130,0.0,0.0,0.0,10.96,6.0,0.0
20231203:0230,0.0,0.0,0.0,11.18,5.86,0.0
20231203:0330,0.0,0.0,0.0,11.24,5.93,0.0
20231203:0430,0.0,0.0,0.0,11.14,6.07,0.0
20231203:0530,1.24,8.51,1.87,11.2,6.07,0.0
20231203:0630,29.8,48.1,9.29,11.18,6.07,0.0
20231203:0730,181.08,212.33,15.08,11.03,5.79,0.0
20231203:0830,419.4,468.09,18.79,11.43,5.45,0.0
20231203:0930,488.05,544.87,20.07,11.91,5.93,0.0
20231203:1030,463.07,518.06,18.77,12.01,5.66,0.0
20231203:1130,292.74,331.2,15.04,11.71,5.52,0.0
20231203:1230,107.5,134.03,9.24,10.6,5.31,0.0
20231203:1330,1.21,8.41,1.82,9.58,4.76,0.0
20231203:1430,0.0,0.0,0.0,8.59,4.55,0.0
20231203:1530,0.0,0.0,0.0,8.02,4.69,0.0
20231203:1630,0.0,0.0,0.0,7.52,4.97,0.0
20231203:1730,0.0,0.0,0.0,6.98,5.31,0.0
20231203:1830,0.0,0.0,0.0,5.84,5.93,0.0
20231203:1930,0.0,0.0,0.0,4.49,5.52,0.0
20231203:2030,0.0,0.0,0.0,3.12,5.38,0.0
20231203:2130,0.0,0.0,0.0,2.24,4.97,0.0
20231203:2230,0.0,0.0,0.0,1.7,4.69,0.0
20231203:2330,0.0,0.0,0.0,1.32,4.76,0.0
20231204:0030,0.0,0.0,0.0,0.95,4.76,0.0
20231204:0130,0.0,0.0,0.0,0.7,4.83,0.0
20231204:0230,0.0,0.0,0.0,0.44,4.76,0.0
20231204:0330,0.0,0.0,0.0,0.23,4.9,0.0
20231204:0430,0.0,0.0,0.0,0.02,4.97,0.0
20231204:0530,2.83,11.14,1.71,-0.15,4.83,0.0
20231204:0630,117.25,138.46,9.12,-0.25,4.69,0.0
20231204:0730,168.02,189.96,14.91,0.04,4.48,0.0
20231204:0830,122.52,144.74,18.64,0.28,4.34,0.0
20231204:0930,115.39,137.98,19.93,0.46,4.14,0.0
20231204:1030,128.67,151.31,18.65,0.57,4.07,0.0
20231204:1130,89.57,110.78,14.95,0.6,4.28,0.0
20231204:1230,24.51,40.08,9.16,0.54,4.55,0.0
20231204:1330,0.17,5.93,1.76,0.31,4.76,0.0
20231204:1430,0.0,0.0,0.0,0.0,4.83,0.0
20231204:1530,0.0,0.0,0.0,-0.25,4.83,0.0
20231204:1630,0.0,0.0,0.0,-0.5,4.76,0.0
20231204:1730,0.0,0.0,0.0,-0.78,4.62,0.0
20231204:1830,0.0,0.0,0.0,-0.96,4.34,0.0
20231204:1930,0.0,0.0,0.0,-0.87,3.66,0.0
20231204:2030,0.0,0.0,0.0,-0.84,3.45,0.0
20231204:2130,0.0,0.0,0.0,-0.87,2.48,0.0
20231204:2230,0.0,0.0,0.0,-0.78,2.07,0.0
20231204:2330,0.0,0.0,0.0,-0.71,2.14,0.0
20231205:0030,0.0,0.0,0.0,-0.49,2.41,0.0
20231205:0130,0.0,0.0,0.0,-0.51,2.76,0.0
20231205:0230,0.0,0.0,0.0,-0.55,2.97,0.0
20231205:0330,0.0,0.0,0.0,-0.72,2.69,0.0
20231205:0430,0.0,0.0,0.0,-1.08,2.55,0.0
20231205:0530,2.3,10.19,1.55,-1.36,2.41,0.0
20231205:0630,215.96,239.06,8.96,-1.46,2.14,0.0
20231205:0730,355.84,383.59,14.76,-0.95,1.93,0.0
20231205:0830,415.75,451.29,18.49,-0.24,1.24,0.0
20231205:0930,427.47,467.15,19.8,0.25,0.83,0.0
20231205:1030,183.4,208.68,18.54,0.75,1.17,0.0
20231205:1130,58.77,78.85,14.85,0.79,1.31,0.0
20231205:1230,26.58,42.61,9.09,0.73,1.31,0.0
20231205:1330,1.19,8.16,1.71,0.67,1.38,0.0
20231205:1430,0.0,0.0,0.0,0.53,1.66,0.0
20231205:1530,0.0,0.0,0.0,0.33,1.93,0.0
20231205:1630,0.0,0.0,0.0,0.18,2.14,0.0
20231205:1730,0.0,0.0,0.0,0.06,2.48,0.0
20231205:1830,0.0,0.0,0.0,-0.13,2.83,0.0
20231205:1930,0.0,0.0,0.0,-0.43,3.45,0.0
20231205:2030,0.0,0.0,0.0,-0.57,3.93,0.0
20231205:2130,0.0,0.0,0.0,-0.76,4.21,0.0
20231205:2230,0.0,0.0,0.0,-1.06,4.21,0.0
20231205:2330,0.0,0.0,0.0,-1.22,4.21,0.0
20231206:0030,0.0,0.0,0.0,-1.33,4.21,0.0
20231206:0130,0.0,0.0,0.0,-1.61,4.48,0.0
20231206:0230,0.0,0.0,0.0,-1.8,4.97,0.0
20231206:0330,0.0,0.0,0.0,-2.05,4.9,0.0
20231206:0430,0.0,0.0,0.0,-2.14,4.83,0.0
20231206:0530,3.01,11.37,1.39,-2.35,4.9,0.0
20231206:0630,80.39,99.86,8.81,-2.26,4.83,0.0
20231206:0730,303.95,324.15,14.61,-1.76,5.45,0.0
20231206:0830,427.05,450.62,18.35,-1.19,5.66,0.0
20231206:0930,448.7,475.15,19.67,-0.57,5.59,0.0
20231206:1030,328.39,352.03,18.43,0.05,5.52,0.0
20231206:1130,272.89,295.57,14.77,0.46,5.52,0.0
20231206:1230,134.38,156.15,9.03,0.57,5.45,0.0
20231206:1330,0.86,7.48,1.66,0.41,5.1,0.0
20231206:1430,0.0,0.0,0.0,-0.09,4.97,0.0
20231206:1530,0.0,0.0,0.0,-0.4,5.1,0.0
20231206:1630,0.0,0.0,0.0,-0.47,5.31,0.0
20231206:1730,0.0,0.0,0.0,-0.62,5.45,0.0
20231206:1830,0.0,0.0,0.0,-0.6,5.52,0.0
20231206:1930,0.0,0.0,0.0,-0.95,5.24,0.0
20231206:2030,0.0,0.0,0.0,-0.81,4.9,0.0
20231206:2130,0.0,0.0,0.0,-0.68,4.9,0.0
20231206:2230,0.0,0.0,0.0,-0.55,4.9,0.0
20231206:2330,0.0,0.0,0.0,-0.49,4.97,0.0
20231207:0030,0.0,0.0,0.0,-0.56,5.1,0.0
20231207:0130,0.0,0.0,0.0,-0.6,5.45,0.0
20231207:0230,0.0,0.0,0.0,-0.58,5.79,0.0
20231207:0330,0.0,0.0,0.0,-0.57,5.86,0.0
20231207:0430,0.0,0.0,0.0,-0.51,5.93,0.0
20231207:0530,0.0,3.71,1.24,-0.47,5.93,0.0
20231207:0630,5.29,15.06,8.66,-0.43,6.0,0.0
20231207:0730,12.21,24.73,14.46,-0.29,5.66,0.0
20231207:0830,30.12,46.51,18.22,-0.12,5.24,0.0
20231207:0930,39.56,57.31,19.55,0.24,6.0,0.0
20231207:1030,25.82,41.57,18.34,0.47,5.79,0.0
20231207:1130,17.2,31.18,14.69,0.67,6.07,0.0
20231207:1230,17.6,31.44,8.97,0.74,5.86,0.0
20231207:1330,0.0,2.19,1.62,0.68,5.79,0.0
20231207:1430,0.0,0.0,0.0,0.63,5.86,0.0
20231207:1530,0.0,0.0,0.0,0.53,6.07,0.0
20231207:1630,0.0,0.0,0.0,0.43,6.34,0.0
20231207:1730,0.0,0.0,0.0,0.31,6.55,0.0
20231207:1830,0.0,0.0,0.0,0.18,6.76,0.0
20231207:1930,0.0,0.0,0.0,-0.06,7.1,0.0
20231207:2030,0.0,0.0,0.0,-0.21,7.1,0.0
20231207:2130,0.0,0.0,0.0,-0.31,7.03,0.0
20231207:2230,0.0,0.0,0.0,-0.36,6.83,0.0
20231207:2330,0.0,0.0,0.0,-0.36,6.62,0.0
20231208:0030,0.0,0.0,0.0,-0.3,6.62,0.0
20231208:0130,0.0,0.0,0.0,-0.34,6.69,0.0
20231208:0230,0.0,0.0,0.0,-0.32,6.9,0.0
20231208:0330,0.0,0.0,0.0,-0.29,7.1,0.0
20231208:0430,0.0,0.0,0.0,-0.27,6.97,0.0
20231208:0530,0.0,1.81,1.09,-0.27,6.9,0.0
20231208:0630,3.13,11.64,8.51,-0.27,6.83,0.0
20231208:0730,11.07,23.23,14.33,-0.14,6.48,0.0
20231208:0830,11.05,23.23,18.09,0.12,5.79,0.0
20231208:0930,25.53,40.73,19.44,0.3,5.38,0.0
20231208:1030,15.92,29.57,18.25,0.52,5.66,0.0
20231208:1130,14.09,27.26,14.62,0.72,6.21,0.0
20231208:1230,1.32,8.42,8.92,0.91,6.0,0.0
20231208:1330,0.0,0.93,1.59,0.96,5.72,0.0
20231208:1430,0.0,0.0,0.0,0.97,5.66,0.0
20231208:1530,0.0,0.0,0.0,0.94,5.66,0.0
20231208:1630,0.0,0.0,0.0,0.88,5.45,0.0
20231208:1730,0.0,0.0,0.0,0.82,5.24,0.0
20231208:1830,0.0,0.0,0.0,0.8,5.24,0.0
20231208:1930,0.0,0.0,0.0,0.36,5.17,0.0
20231208:2030,0.0,0.0,0.0,0.43,4.69,0.0
20231208:2130,0.0,0.0,0.0,0.48,4.28,0.0
20231208:2230,0.0,0.0,0.0,0.55,4.34,0.0
20231208:2330,0.0,0.0,0.0,0.68,4.55,0.0
20231209:0030,0.0,0.0,0.0,0.83,4.34,0.0
20231209:0130,0.0,0.0,0.0,0.99,4.41,0.0
20231209:0230,0.0,0.0,0.0,1.05,4.48,0.0
20231209:0330,0.0,0.0,0.0,1.08,4.34,0.0
20231209:0430,0.0,0.0,0.0,1.14,4.48,0.0
20231209:0530,0.0,2.76,0.95,1.11,4.62,0.0
20231209:0630,24.82,40.38,8.38,1.07,4.62,0.0
20231209:0730,40.03,57.86,14.2,0.74,4.9,0.0
20231209:0830,75.17,95.23,17.97,1.05,4.83,0.0
20231209:0930,70.13,90.84,19.34,1.33,4.9,0.0
20231209:1030,34.99,52.34,18.16,1.6,4.62,0.0
20231209:1130,16.49,30.41,14.56,1.66,4.97,0.0
20231209:1230,9.98,21.76,8.88,1.6,4.28,0.0
20231209:1330,0.0,2.73,1.56,1.42,4.48,0.0
20231209:1430,0.0,0.0,0.0,1.23,4.83,0.0
20231209:1530,0.0,0.0,0.0,1.16,4.97,0.0
20231209:1630,0.0,0.0,0.0,1.2,4.76,0.0
20231209:1730,0.0,0.0,0.0,1.31,4.62,0.0
20231209:1830,0.0,0.0,0.0,1.4,4.41,0.0
20231209:1930,0.0,0.0,0.0,0.97,4.14,0.0
20231209:2030,0.0,0.0,0.0,0.99,4.14,0.0
20231209:2130,0.0,0.0,0.0,1.03,4.28,0.0
20231209:2230,0.0,0.0,0.0,1.11,4.21,0.0
20231209:2330,0.0,0.0,0.0,1.2,4.21,0.0
20231210:0030,0.0,0.0,0.0,1.33,4.34,0.0
20231210:0130,0.0,0.0,0.0,1.44,4.48,0.0
20231210:0230,0.0,0.0,0.0,1.53,4.48,0.0
20231210:0330,0.0,0.0,0.0,1.61,4.48,0.0
20231210:0430,0.0,0.0,0.0,1.63,4.41,0.0
20231210:0530,0.0,4.03,0.82,1.55,4.41,0.0
20231210:0630,14.46,27.78,8.25,1.47,4.55,0.0
20231210:0730,36.48,53.84,14.07,1.09,4.28,0.0
20231210:0830,66.68,86.69,17.86,1.25,4.21,0.0
20231210:0930,39.26,57.28,19.25,1.45,4.14,0.0
20231210:1030,52.12,71.18,18.09,1.61,4.0,0.0
20231210:1130,52.94,72.17,14.5,1.81,3.86,0.0
20231210:1230,32.62,49.6,8.84,2.05,3.79,0.0
20231210:1330,0.03,5.59,1.54,2.14,3.66,0.0
20231210:1430,0.0,0.0,0.0,1.9,3.24,0.0
20231210:1530,0.0,0.0,0.0,1.75,3.38,0.0
20231210:1630,0.0,0.0,0.0,1.59,3.72,0.0
20231210:1730,0.0,0.0,0.0,1.41,4.14,0.0
20231210:1830,0.0,0.0,0.0,1.2,4.34,0.0
20231210:1930,0.0,0.0,0.0,0.82,3.72,0.0
20231210:2030,0.0,0.0,0.0,0.7,3.31,0.0
20231210:2130,0.0,0.0,0.0,0.64,2.83,0.0
20231210:2230,0.0,0.0,0.0,0.58,2.76,0.0
20231210:2330,0.0,0.0,0.0,0.45,3.1,0.0
20231211:0030,0.0,0.0,0.0,0.48,3.72,0.0
20231211:0130,0.0,0.0,0.0,0.46,3.66,0.0
20231211:0230,0.0,0.0,0.0,0.35,3.38,0.0
20231211:0330,0.0,0.0,0.0,0.37,3.38,0.0
20231211:0430,0.0,0.0,0.0,0.42,3.17,0.0
20231211:0530,0.0,1.18,0.69,0.53,2.69,0.0
20231211:0630,0.85,7.47,8.12,0.66,2.28,0.0
20231211:0730,11.36,23.67,13.96,0.42,1.93,0.0
20231211:0830,15.37,28.94,17.75,0.86,2.34,0.0
20231211:0930,40.27,58.15,19.16,1.09,2.41,0.0
20231211:1030,45.59,64.37,18.02,1.42,2.55,0.0
20231211:1130,23.16,38.64,14.46,1.93,2.41,0.0
20231211:1230,5.95,16.21,8.81,2.18,2.07,0.0
20231211:1330,0.0,3.11,1.53,2.21,1.79,0.0
20231211:1430,0.0,0.0,0.0,2.23,1.66,0.0
20231211:1530,0.0,0.0,0.0,2.26,1.66,0.0
20231211:1630,0.0,0.0,0.0,2.33,1.72,0.0
20231211:1730,0.0,0.0,0.0,2.33,2.07,0.0
20231211:1830,0.0,0.0,0.0,2.47,2.41,0.0
20231211:1930,0.0,0.0,0.0,2.17,2.48,0.0
20231211:2030,0.0,0.0,0.0,2.35,2.21,0.0
20231211:2130,0.0,0.0,0.0,2.55,2.41,0.0
20231211:2230,0.0,0.0,0.0,2.78,2.83,0.0
20231211:2330,0.0,0.0,0.0,3.05,3.24,0.0
20231212:0030,0.0,0.0,0.0,3.04,3.59,0.0
20231212:0130,0.0,0.0,0.0,3.16,3.66,0.0
20231212:0230,0.0,0.0,0.0,3.03,3.72,0.0
20231212:0330,0.0,0.0,0.0,2.89,3.59,0.0
20231212:0430,0.0,0.0,0.0,2.79,3.52,0.0
20231212:0530,0.0,2.06,0.56,2.67,3.45,0.0
20231212:0630,6.79,17.48,8.0,2.8,3.38,0.0
20231212:0730,24.58,40.54,13.84,3.07,3.79,0.0
20231212:0830,93.27,115.37,17.66,3.49,4.28,0.0
20231212:0930,62.63,83.2,19.08,4.13,4.55,0.0
20231212:1030,35.83,53.94,17.96,4.55,3.93,0.0
20231212:1130,18.55,33.32,14.42,4.72,3.38,0.0
20231212:1230,5.42,15.53,8.79,4.79,3.03,0.0
20231212:1330,0.0,2.61,1.52,4.67,2.9,0.0
20231212:1430,0.0,0.0,0.0,4.45,3.03,0.0
20231212:1530,0.0,0.0,0.0,4.21,3.24,0.0
20231212:1630,0.0,0.0,0.0,3.97,3.31,0.0
20231212:1730,0.0,0.0,0.0,3.83,3.31,0.0
20231212:1830,0.0,0.0,0.0,3.71,3.24,0.0
20231212:1930,0.0,0.0,0.0,2.71,3.79,0.0
20231212:2030,0.0,0.0,0.0,2.55,3.59,0.0
20231212:2130,0.0,0.0,0.0,2.4,3.45,0.0
20231212:2230,0.0,0.0,0.0,2.2,3.38,0.0
20231212:2330,0.0,0.0,0.0,2.02,3.38,0.0
20231213:0030,0.0,0.0,0.0,1.82,3.52,0.0
20231213:0130,0.0,0.0,0.0,1.66,3.52,0.0
20231213:0230,0.0,0.0,0.0,1.44,3.31,0.0
20231213:0330,0.0,0.0,0.0,1.15,3.45,0.0
20231213:0430,0.0,0.0,0.0,0.89,3.66,0.0
20231213:0530,0.0,1.98,0.44,0.65,3.72,0.0
20231213:0630,10.98,23.09,7.89,0.5,3.52,0.0
20231213:0730,62.93,81.82,13.74,-0.3,3.72,0.0
20231213:0830,56.49,75.41,17.56,-0.11,3.93,0.0
20231213:0930,58.16,77.58,19.0,0.11,3.86,0.0
20231213:1030,39.53,57.22,17.9,0.29,3.38,0.0
20231213:1130,25.16,40.85,14.38,0.47,3.66,0.0
20231213:1230,14.22,27.37,8.78,0.51,4.0,0.0
20231213:1330,0.0,5.34,1.52,0.47,3.86,0.0
20231213:1430,0.0,0.0,0.0,0.26,3.31,0.0
20231213:1530,0.0,0.0,0.0,0.14,3.38,0.0
20231213:1630,0.0,0.0,0.0,-0.01,4.21,0.0
20231213:1730,0.0,0.0,0.0,-0.15,4.55,0.0
20231213:1830,0.0,0.0,0.0,-0.32,4.07,0.0
20231213:1930,0.0,0.0,0.0,-1.19,5.17,0.0
20231213:2030,0.0,0.0,0.0,-1.15,4.41,0.0
20231213:2130,0.0,0.0,0.0,-1.08,4.21,0.0
20231213:2230,0.0,0.0,0.0,-1.02,4.55,0.0
20231213:2330,0.0,0.0,0.0,-0.91,5.17,0.0
20231214:0030,0.0,0.0,0.0,-0.76,5.66,0.0
20231214:0130,0.0,0.0,0.0,-0.44,5.59,0.0
20231214:0230,0.0,0.0,0.0,-0.07,6.0,0.0
20231214:0330,0.0,0.0,0.0,0.27,6.34,0.0
20231214:0430,0.0,0.0,0.0,0.68,6.76,0.0
20231214:0530,0.0,1.77,0.33,1.09,6.83,0.0
20231214:0630,14.4,27.7,7.78,1.47,7.1,0.0
20231214:0730,11.23,23.55,13.64,1.14,7.31,0.0
20231214:0830,16.97,31.02,17.48,1.77,7.38,0.0
20231214:0930,30.75,47.59,18.94,2.52,7.38,0.0
20231214:1030,29.31,46.14,17.86,3.28,7.52,0.0
20231214:1130,18.6,33.28,14.36,4.02,7.59,0.0
20231214:1230,8.66,20.29,8.77,4.65,8.21,0.0
20231214:1330,0.0,4.12,1.53,5.31,8.62,0.0
20231214:1430,0.0,0.0,0.0,5.77,8.55,0.0
20231214:1530,0.0,0.0,0.0,6.16,8.48,0.0
20231214:1630,0.0,0.0,0.0,6.44,8.48,0.0
20231214:1730,0.0,0.0,0.0,6.73,8.69,0.0
20231214:1830,0.0,0.0,0.0,6.98,8.28,0.0
20231214:1930,0.0,0.0,0.0,6.55,8.55,0.0
20231214:2030,0.0,0.0,0.0,6.8,8.0,0.0
20231214:2130,0.0,0.0,0.0,7.01,7.66,0.0
20231214:2230,0.0,0.0,0.0,7.24,7.24,0.0
20231214:2330,0.0,0.0,0.0,7.38,6.55,0.0
20231215:0030,0.0,0.0,0.0,7.21,5.66,0.0
20231215:0130,0.0,0.0,0.0,7.11,4.55,0.0
20231215:0230,0.0,0.0,0.0,6.76,3.45,0.0
20231215:0330,0.0,0.0,0.0,6.24,2.21,0.0
20231215:0430,0.0,0.0,0.0,5.29,2.69,0.0
20231215:0530,0.0,1.22,0.22,3.58,4.97,0.0
20231215:0630,1.61,9.01,7.68,1.86,5.52,0.0
20231215:0730,13.25,26.18,13.55,0.64,5.86,0.0
20231215:0830,29.75,46.07,17.41,-0.09,6.21,0.0
20231215:0930,43.52,61.5,18.88,-0.6,6.21,0.0
20231215:1030,57.8,76.57,17.82,-1.07,6.07,0.0
20231215:1130,47.89,65.9,14.34,-1.43,6.14,0.0
20231215:1230,28.74,44.5,8.77,-1.84,6.21,0.0
20231215:1330,0.46,6.56,1.54,-2.1,6.41,0.0
20231215:1430,0.0,0.0,0.0,-2.32,6.62,0.0
20231215:1530,0.0,0.0,0.0,-2.46,6.76,0.0
20231215:1630,0.0,0.0,0.0,-2.56,6.48,0.0
20231215:1730,0.0,0.0,0.0,-2.59,6.55,0.0
20231215:1830,0.0,0.0,0.0,-2.27,6.0,0.0
20231215:1930,0.0,0.0,0.0,-1.63,5.59,0.0
20231215:2030,0.0,0.0,0.0,-1.26,4.76,0.0
20231215:2130,0.0,0.0,0.0,-1.05,4.14,0.0
20231215:2230,0.0,0.0,0.0,-0.82,4.14,0.0
20231215:2330,0.0,0.0,0.0,-0.85,4.0,0.0
20231216:0030,0.0,0.0,0.0,-0.89,4.28,0.0
20231216:0130,0.0,0.0,0.0,-1.05,4.62,0.0
20231216:0230,0.0,0.0,0.0,-1.32,4.9,0.0
20231216:0330,0.0,0.0,0.0,-1.67,4.9,0.0
20231216:0430,0.0,0.0,0.0,-1.91,4.55,0.0
20231216:0530,0.0,4.5,0.12,-1.99,4.07,0.0
20231216:0630,52.86,70.94,7.59,-1.98,3.79,0.0
20231216:0730,157.52,178.62,13.47,-0.96,2.97,0.0
20231216:0830,208.77,231.06,17.34,-0.4,3.31,0.0
20231216:0930,281.52,305.98,18.83,0.2,3.52,0.0
20231216:1030,179.03,201.66,17.79,0.56,3.93,0.0
20231216:1130,63.07,82.91,14.33,0.74,4.21,0.0
20231216:1230,35.05,52.07,8.77,0.76,4.14,0.0
20231216:1330,0.49,6.69,1.56,0.48,3.31,0.0
20231216:1430,0.0,0.0,0.0,0.0,2.97,0.0
20231216:1530,0.0,0.0,0.0,-0.48,2.97,0.0
20231216:1630,0.0,0.0,0.0,-0.71,2.76,0.0
20231216:1730,0.0,0.0,0.0,-0.79,2.34,0.0
20231216:1830,0.0,0.0,0.0,-0.76,2.14,0.0
20231216:1930,0.0,0.0,0.0,-0.77,2.28,0.0
20231216:2030,0.0,0.0,0.0,-0.59,2.14,0.0
20231216:2130,0.0,0.0,0.0,-0.25,2.34,0.0
20231216:2230,0.0,0.0,0.0,0.05,2.83,0.0
20231216:2330,0.0,0.0,0.0,0.25,3.31,0.0
20231217:0030,0.0,0.0,0.0,0.27,3.66,0.0
20231217:0130,0.0,0.0,0.0,0.36,3.93,0.0
20231217:0230,0.0,0.0,0.0,0.61,4.07,0.0
20231217:0330,0.0,0.0,0.0,0.91,4.0,0.0
20231217:0430,0.0,0.0,0.0,1.09,3.59,0.0
20231217:0530,0.0,3.45,0.02,1.25,3.52,0.0
20231217:0630,23.11,38.37,7.5,1.55,3.86,0.0
20231217:0730,88.47,109.38,13.39,1.76,3.93,0.0
20231217:0830,286.07,311.69,17.27,2.35,4.41,0.0
20231217:0930,219.88,245.05,18.78,3.18,5.17,0.0
20231217:1030,146.57,170.93,17.76,3.65,5.66,0.0
20231217:1130,48.41,68.08,14.32,3.9,6.0,0.0
20231217:1230,33.57,51.11,8.79,3.91,5.93,0.0
20231217:1330,0.0,5.13,1.59,3.87,6.14,0.0
20231217:1430,0.0,0.0,0.0,3.57,6.34,0.0
20231217:1530,0.0,0.0,0.0,3.29,6.34,0.0
20231217:1630,0.0,0.0,0.0,3.06,6.28,0.0
20231217:1730,0.0,0.0,0.0,2.96,5.93,0.0
20231217:1830,0.0,0.0,0.0,2.87,5.79,0.0
20231217:1930,0.0,0.0,0.0,2.6,5.93,0.0
20231217:2030,0.0,0.0,0.0,2.56,5.52,0.0
20231217:2130,0.0,0.0,0.0,2.63,5.17,0.0
20231217:2230,0.0,0.0,0.0,2.77,4.97,0.0
20231217:2330,0.0,0.0,0.0,2.86,4.76,0.0
20231218:0030,0.0,0.0,0.0,3.03,4.9,0.0
20231218:0130,0.0,0.0,0.0,3.21,4.76,0.0
20231218:0230,0.0,0.0,0.0,3.42,4.69,0.0
20231218:0330,0.0,0.0,0.0,3.6,4.55,0.0
20231218:0430,0.0,0.0,0.0,3.84,5.1,0.0
20231218:0530,0.0,0.0,-0.07,4.06,5.52,0.0
20231218:0630,0.76,7.34,7.42,4.24,5.45,0.0
20231218:0730,6.51,17.16,13.32,4.33,5.17,0.0
20231218:0830,8.82,20.51,17.22,4.51,5.03,0.0
20231218:0930,12.05,24.95,18.75,4.63,4.97,0.0
20231218:1030,11.0,23.55,17.75,4.76,4.83,0.0
20231218:1130,9.06,20.88,14.33,4.91,4.55,0.0
20231218:1230,2.88,11.41,8.81,5.07,4.21,0.0
20231218:1330,0.0,2.02,1.62,5.12,3.93,0.0
20231218:1430,0.0,0.0,0.0,5.1,3.72,0.0
20231218:1530,0.0,0.0,0.0,5.09,3.59,0.0
20231218:1630,0.0,0.0,0.0,5.09,3.38,0.0
20231218:1730,0.0,0.0,0.0,5.07,2.9,0.0
20231218:1830,0.0,0.0,0.0,4.99,2.69,0.0
20231218:1930,0.0,0.0,0.0,4.89,2.48,0.0
20231218:2030,0.0,0.0,0.0,4.84,2.69,0.0
20231218:2130,0.0,0.0,0.0,4.78,2.55,0.0
20231218:2230,0.0,0.0,0.0,4.69,2.55,0.0
20231218:2330,0.0,0.0,0.0,4.57,2.55,0.0
20231219:0030,0.0,0.0,0.0,4.46,2.62,0.0
20231219:0130,0.0,0.0,0.0,4.37,2.55,0.0
20231219:0230,0.0,0.0,0.0,4.28,2.55,0.0
20231219:0330,0.0,0.0,0.0,4.22,2.34,0.0
20231219:0430,0.0,0.0,0.0,4.14,2.0,0.0
20231219:0530,0.0,0.0,-0.15,4.03,1.45,0.0
20231219:0630,5.35,15.4,7.34,4.11,1.45,0.0
20231219:0730,9.86,21.96,13.26,4.38,1.93,0.0
20231219:0830,19.17,34.16,17.17,4.64,1.93,0.0
20231219:0930,23.1,39.05,18.72,4.95,2.21,0.0
20231219:1030,28.18,45.18,17.74,5.17,2.48,0.0
20231219:1130,12.16,25.18,14.34,5.36,2.9,0.0
20231219:1230,7.12,18.07,8.83,5.37,2.83,0.0
20231219:1330,0.0,3.74,1.66,5.36,3.1,0.0
20231219:1430,0.0,0.0,0.0,5.21,3.52,0.0
20231219:1530,0.0,0.0,0.0,5.25,3.93,0.0
20231219:1630,0.0,0.0,0.0,5.29,4.28,0.0
20231219:1730,0.0,0.0,0.0,5.31,4.62,0.0
20231219:1830,0.0,0.0,0.0,5.32,4.83,0.0
20231219:1930,0.0,0.0,0.0,4.88,5.1,0.0
20231219:2030,0.0,0.0,0.0,4.88,5.1,0.0
20231219:2130,0.0,0.0,0.0,4.79,5.1,0.0
20231219:2230,0.0,0.0,0.0,4.71,5.03,0.0
20231219:2330,0.0,0.0,0.0,4.67,4.76,0.0
20231220:0030,0.0,0.0,0.0,4.71,4.97,0.0
20231220:0130,0.0,0.0,0.0,4.7,5.31,0.0
20231220:0230,0.0,0.0,0.0,4.77,5.31,0.0
20231220:0330,0.0,0.0,0.0,4.84,5.17,0.0
20231220:0430,0.0,0.0,0.0,4.8,5.03,0.0
20231220:0530,0.0,0.0,-0.23,4.68,4.9,0.0
20231220:0630,164.55,190.7,7.27,4.7,4.83,0.0
20231220:0730,323.32,353.31,13.21,4.87,5.52,0.0
20231220:0830,430.84,467.57,17.13,5.75,6.14,0.0
20231220:0930,563.42,614.28,18.7,6.76,6.21,0.0
20231220:1030,526.39,576.54,17.74,7.6,5.93,0.0
20231220:1130,448.81,493.39,14.36,8.22,5.72,0.0
20231220:1230,245.24,277.95,8.87,8.46,5.66,0.0
20231220:1330,1.12,8.2,1.71,8.04,5.31,0.0
20231220:1430,0.0,0.0,0.0,7.43,5.17,0.0
20231220:1530,0.0,0.0,0.0,6.95,5.17,0.0
20231220:1630,0.0,0.0,0.0,6.68,5.1,0.0
20231220:1730,0.0,0.0,0.0,6.4,4.9,0.0
20231220:1830,0.0,0.0,0.0,6.2,4.62,0.0
20231220:1930,0.0,0.0,0.0,5.69,4.76,0.0
20231220:2030,0.0,0.0,0.0,5.53,4.62,0.0
20231220:2130,0.0,0.0,0.0,5.3,4.55,0.0
20231220:2230,0.0,0.0,0.0,5.02,4.48,0.0
20231220:2330,0.0,0.0,0.0,4.79,4.34,0.0
20231221:0030,0.0,0.0,0.0,4.64,4.28,0.0
20231221:0130,0.0,0.0,0.0,4.63,4.34,0.0
20231221:0230,0.0,0.0,0.0,4.54,4.28,0.0
20231221:0330,0.0,0.0,0.0,4.52,4.21,0.0
20231221:0430,0.0,0.0,0.0,4.47,4.0,0.0
20231221:0530,0.0,0.0,-0.3,4.56,3.79,0.0
20231221:0630,36.01,54.05,7.21,4.67,3.59,0.0
20231221:0730,35.85,54.2,13.16,5.45,3.45,0.0
20231221:0830,47.79,68.0,17.1,6.19,3.52,0.0
20231221:0930,32.78,50.95,18.69,6.82,3.79,0.0
20231221:1030,20.62,36.27,17.75,7.25,3.79,0.0
20231221:1130,20.31,35.86,14.38,7.5,3.52,0.0
20231221:1230,14.88,28.93,8.91,7.83,3.31,0.0
20231221:1330,0.0,3.7,1.76,7.92,2.97,0.0
20231221:1430,0.0,0.0,0.0,7.69,2.62,0.0
20231221:1530,0.0,0.0,0.0,7.36,2.28,0.0
20231221:1630,0.0,0.0,0.0,6.93,2.0,0.0
20231221:1730,0.0,0.0,0.0,6.4,1.93,0.0
20231221:1830,0.0,0.0,0.0,5.9,1.72,0.0
20231221:1930,0.0,0.0,0.0,5.92,1.59,0.0
20231221:2030,0.0,0.0,0.0,5.55,1.38,0.0
20231221:2130,0.0,0.0,0.0,5.23,1.03,0.0
20231221:2230,0.0,0.0,0.0,5.09,0.69,0.0
20231221:2330,0.0,0.0,0.0,4.9,0.62,0.0
20231222:0030,0.0,0.0,0.0,4.81,0.62,0.0
20231222:0130,0.0,0.0,0.0,4.74,0.34,0.0
20231222:0230,0.0,0.0,0.0,4.7,0.55,0.0
20231222:0330,0.0,0.0,0.0,4.77,0.83,0.0
20231222:0430,0.0,0.0,0.0,4.83,1.52,0.0
20231222:0530,0.0,0.0,-0.36,4.78,2.41,0.0
20231222:0630,14.44,28.11,7.16,4.71,2.97,0.0
20231222:0730,55.32,75.42,13.12,4.34,4.34,0.0
20231222:0830,135.01,158.87,17.08,4.27,5.1,0.0
20231222:0930,112.36,136.12,18.68,4.39,5.31,0.0
20231222:1030,115.82,140.03,17.76,4.58,5.17,0.0
20231222:1130,64.65,86.1,14.41,4.99,5.03,0.0
20231222:1230,16.72,31.09,8.96,5.45,4.48,0.0
20231222:1330,0.0,4.08,1.82,5.79,3.59,0.0
20231222:1430,0.0,0.0,0.0,5.94,3.86,0.0
20231222:1530,0.0,0.0,0.0,6.18,4.76,0.0
20231222:1630,0.0,0.0,0.0,6.28,5.31,0.0
20231222:1730,0.0,0.0,0.0,6.23,5.72,0.0
20231222:1830,0.0,0.0,0.0,6.21,6.14,0.0
20231222:1930,0.0,0.0,0.0,5.81,5.93,0.0
20231222:2030,0.0,0.0,0.0,5.73,6.07,0.0
20231222:2130,0.0,0.0,0.0,5.68,5.93,0.0
20231222:2230,0.0,0.0,0.0,5.69,5.24,0.0
20231222:2330,0.0,0.0,0.0,5.38,4.0,0.0
20231223:0030,0.0,0.0,0.0,4.84,3.31,0.0
20231223:0130,0.0,0.0,0.0,4.14,4.34,0.0
20231223:0230,0.0,0.0,0.0,3.4,4.9,0.0
20231223:0330,0.0,0.0,0.0,2.82,4.97,0.0
20231223:0430,0.0,0.0,0.0,2.29,4.62,0.0
20231223:0530,0.0,0.0,-0.42,1.89,3.79,0.0
20231223:0630,88.96,110.46,7.11,1.6,3.38,0.0
20231223:0730,223.89,248.08,13.08,1.51,3.93,0.0
20231223:0830,436.03,467.76,17.06,1.92,4.55,0.0
20231223:0930,560.6,606.26,18.69,2.69,4.21,0.0
20231223:1030,441.35,478.95,17.79,3.68,4.14,0.0
20231223:1130,274.41,302.75,14.46,3.98,4.21,0.0
20231223:1230,95.06,117.47,9.01,3.69,4.07,0.0
20231223:1330,1.29,8.41,1.89,2.99,3.72,0.0
20231223:1430,0.0,0.0,0.0,2.0,3.1,0.0
20231223:1530,0.0,0.0,0.0,1.27,2.48,0.0
20231223:1630,0.0,0.0,0.0,1.12,2.83,0.0
20231223:1730,0.0,0.0,0.0,0.83,3.59,0.0
20231223:1830,0.0,0.0,0.0,0.38,4.07,0.0
20231223:1930,0.0,0.0,0.0,0.46,5.03,0.0
20231223:2030,0.0,0.0,0.0,0.22,5.52,0.0
20231223:2130,0.0,0.0,0.0,0.0,5.52,0.0
20231223:2230,0.0,0.0,0.0,-0.14,5.45,0.0
20231223:2330,0.0,0.0,0.0,-0.36,5.45,0.0
20231224:0030,0.0,0.0,0.0,-0.61,5.52,0.0
20231224:0130,0.0,0.0,0.0,-0.85,5.52,0.0
20231224:0230,0.0,0.0,0.0,-1.23,5.31,0.0
20231224:0330,0.0,0.0,0.0,-1.44,5.17,0.0
20231224:0430,0.0,0.0,0.0,-1.62,5.24,0.0
20231224:0530,0.0,0.0,-0.48,-1.61,5.45,0.0
20231224:0630,226.69,248.85,7.07,-1.42,5.38,0.0
20231224:0730,446.9,472.76,13.05,-0.93,5.17,0.0
20231224:0830,441.99,468.63,17.05,-0.28,5.17,0.0
20231224:0930,363.42,387.21,18.7,0.34,5.66,0.0
20231224:1030,200.11,222.18,17.82,0.81,6.07,0.0
20231224:1130,326.27,349.73,14.5,1.1,6.34,0.0
20231224:1230,110.11,131.79,9.08,1.26,5.72,0.0
20231224:1330,2.37,10.39,1.96,1.19,5.79,0.0
20231224:1430,0.0,0.0,0.0,0.74,5.66,0.0
20231224:1530,0.0,0.0,0.0,0.57,5.79,0.0
20231224:1630,0.0,0.0,0.0,0.38,5.72,0.0
20231224:1730,0.0,0.0,0.0,0.0,5.93,0.0
20231224:1830,0.0,0.0,0.0,-0.34,5.86,0.0
20231224:1930,0.0,0.0,0.0,-0.33,5.66,0.0
20231224:2030,0.0,0.0,0.0,-0.46,5.38,0.0
20231224:2130,0.0,0.0,0.0,-0.48,5.31,0.0
20231224:2230,0.0,0.0,0.0,-0.21,5.31,0.0
20231224:2330,0.0,0.0,0.0,0.14,5.17,0.0
20231225:0030,0.0,0.0,0.0,0.23,4.97,0.0
20231225:0130,0.0,0.0,0.0,0.15,4.83,0.0
20231225:0230,0.0,0.0,0.0,-0.31,4.41,0.0
20231225:0330,0.0,0.0,0.0,-0.76,3.45,0.0
20231225:0430,0.0,0.0,0.0,-1.16,2.83,0.0
20231225:0530,0.0,0.0,-0.52,-1.48,3.66,0.0
20231225:0630,17.16,30.89,7.03,-1.04,4.48,0.0
20231225:0730,19.68,34.1,13.04,-0.72,4.62,0.0
20231225:0830,34.43,51.38,17.05,-0.33,5.59,0.0
20231225:0930,22.75,37.91,18.72,0.17,6.41,0.0
20231225:1030,13.91,27.04,17.85,0.83,5.93,0.0
20231225:1130,11.61,24.05,14.56,1.77,6.21,0.0
20231225:1230,8.24,19.56,9.14,2.75,5.52,0.0
20231225:1330,0.0,4.58,2.04,3.33,5.45,0.0
20231225:1430,0.0,0.0,0.0,3.54,6.14,0.0
20231225:1530,0.0,0.0,0.0,3.8,6.21,0.0
20231225:1630,0.0,0.0,0.0,3.76,6.34,0.0
20231225:1730,0.0,0.0,0.0,3.77,6.21,0.0
20231225:1830,0.0,0.0,0.0,4.03,5.79,0.0
20231225:1930,0.0,0.0,0.0,4.43,6.55,0.0
20231225:2030,0.0,0.0,0.0,4.82,6.41,0.0
20231225:2130,0.0,0.0,0.0,4.91,5.52,0.0
20231225:2230,0.0,0.0,0.0,4.88,5.17,0.0
20231225:2330,0.0,0.0,0.0,5.57,6.34,0.0
20231226:0030,0.0,0.0,0.0,6.1,7.17,0.0
20231226:0130,0.0,0.0,0.0,6.21,7.24,0.0
20231226:0230,0.0,0.0,0.0,5.91,7.24,0.0
20231226:0330,0.0,0.0,0.0,5.43,7.45,0.0
20231226:0430,0.0,0.0,0.0,5.45,7.38,0.0
20231226:0530,0.0,0.0,-0.56,5.34,6.97,0.0
20231226:0630,145.59,171.07,7.0,5.14,6.41,0.0
20231226:0730,210.62,237.13,13.02,5.72,6.07,0.0
20231226:0830,335.81,367.9,17.06,6.28,6.28,0.0
20231226:0930,409.76,446.9,18.74,7.29,6.69,0.0
20231226:1030,327.09,361.13,17.9,8.15,6.9,0.0
20231226:1130,367.2,405.36,14.62,8.63,6.41,0.0
20231226:1230,227.3,259.37,9.22,8.8,5.59,0.0
20231226:1330,2.38,10.64,2.12,8.3,4.48,0.0
20231226:1430,0.0,0.0,0.0,6.86,4.07,0.0
20231226:1530,0.0,0.0,0.0,6.19,3.93,0.0
20231226:1630,0.0,0.0,0.0,6.02,3.79,0.0
20231226:1730,0.0,0.0,0.0,6.07,4.07,0.0
20231226:1830,0.0,0.0,0.0,6.16,4.48,0.0
20231226:1930,0.0,0.0,0.0,6.47,5.31,0.0
20231226:2030,0.0,0.0,0.0,6.63,5.66,0.0
20231226:2130,0.0,0.0,0.0,6.72,5.79,0.0
20231226:2230,0.0,0.0,0.0,6.87,5.72,0.0
20231226:2330,0.0,0.0,0.0,6.81,5.45,0.0
20231227:0030,0.0,0.0,0.0,6.58,5.03,0.0
20231227:0130,0.0,0.0,0.0,6.42,4.76,0.0
20231227:0230,0.0,0.0,0.0,6.22,4.55,0.0
20231227:0330,0.0,0.0,0.0,6.0,4.28,0.0
20231227:0430,0.0,0.0,0.0,5.94,3.93,0.0
20231227:0530,0.0,0.0,-0.6,5.9,3.66,0.0
20231227:0630,39.49,58.38,6.98,5.99,3.59,0.0
20231227:0730,143.37,169.49,13.02,6.62,3.79,0.0
20231227:0830,459.16,506.38,17.07,7.51,4.14,0.0
20231227:0930,506.68,559.97,18.78,8.6,4.69,0.0
20231227:1030,463.99,510.7,17.95,9.14,6.0,0.0
20231227:1130,384.58,423.44,14.69,8.98,7.1,0.0
20231227:1230,163.47,191.29,9.3,8.5,7.79,0.0
20231227:1330,2.19,10.26,2.22,7.59,7.93,0.0
20231227:1430,0.0,0.0,0.0,6.95,7.86,0.0
20231227:1530,0.0,0.0,0.0,6.1,7.17,0.0
20231227:1630,0.0,0.0,0.0,5.32,6.83,0.0
20231227:1730,0.0,0.0,0.0,4.8,6.9,0.0
20231227:1830,0.0,0.0,0.0,4.34,7.24,0.0
20231227:1930,0.0,0.0,0.0,4.04,7.38,0.0
20231227:2030,0.0,0.0,0.0,3.8,7.52,0.0
20231227:2130,0.0,0.0,0.0,3.69,7.1,0.0
20231227:2230,0.0,0.0,0.0,3.26,6.76,0.0
20231227:2330,0.0,0.0,0.0,2.83,6.48,0.0
20231228:0030,0.0,0.0,0.0,2.56,6.28,0.0
20231228:0130,0.0,0.0,0.0,2.23,5.93,0.0
20231228:0230,0.0,0.0,0.0,1.99,5.45,0.0
20231228:0330,0.0,0.0,0.0,1.71,5.03,0.0
20231228:0430,0.0,0.0,0.0,1.35,4.76,0.0
20231228:0530,0.0,0.0,-0.62,0.87,4.83,0.0
20231228:0630,138.28,160.98,6.97,0.85,4.69,0.0
20231228:0730,297.35,322.43,13.02,1.4,4.69,0.0
20231228:0830,263.65,288.8,17.09,2.38,4.83,0.0
20231228:0930,259.41,284.93,18.82,2.99,5.79,0.0
20231228:1030,164.76,188.78,18.01,3.24,5.59,0.0
20231228:1130,117.35,140.23,14.77,3.31,5.1,0.0
20231228:1230,132.69,156.19,9.39,3.36,4.69,0.0
20231228:1330,51.95,73.01,2.31,3.27,3.79,0.0
20231228:1430,0.0,0.0,0.0,2.65,2.97,0.0
20231228:1530,0.0,0.0,0.0,1.75,2.83,0.0
20231228:1630,0.0,0.0,0.0,1.27,3.1,0.0
20231228:1730,0.0,0.0,0.0,0.85,3.38,0.0
20231228:1830,0.0,0.0,0.0,0.61,3.59,0.0
20231228:1930,0.0,0.0,0.0,0.71,3.66,0.0
20231228:2030,0.0,0.0,0.0,0.78,4.0,0.0
20231228:2130,0.0,0.0,0.0,0.97,4.48,0.0
20231228:2230,0.0,0.0,0.0,1.35,4.83,0.0
20231228:2330,0.0,0.0,0.0,1.9,4.9,0.0
20231229:0030,0.0,0.0,0.0,2.48,4.9,0.0
20231229:0130,0.0,0.0,0.0,3.14,4.97,0.0
20231229:0230,0.0,0.0,0.0,3.55,5.03,0.0
20231229:0330,0.0,0.0,0.0,3.88,4.9,0.0
20231229:0430,0.0,0.0,0.0,4.23,4.9,0.0
20231229:0530,0.0,0.0,-0.64,4.67,4.76,0.0
20231229:0630,12.66,25.72,6.96,4.93,4.48,0.0
20231229:0730,29.1,46.26,13.03,5.24,4.07,0.0
20231229:0830,49.26,69.51,17.12,5.57,4.48,0.0
20231229:0930,76.01,98.66,18.87,5.84,4.28,0.0
20231229:1030,81.73,104.9,18.08,6.09,4.0,0.0
20231229:1130,53.09,73.74,14.85,6.28,3.72,0.0
20231229:1230,49.13,69.2,9.49,6.3,3.52,0.0
20231229:1330,7.73,19.22,2.42,6.24,3.24,0.0
20231229:1430,0.0,0.0,0.0,5.72,3.03,0.0
20231229:1530,0.0,0.0,0.0,5.38,2.9,0.0
20231229:1630,0.0,0.0,0.0,4.91,2.69,0.0
20231229:1730,0.0,0.0,0.0,4.33,2.62,0.0
20231229:1830,0.0,0.0,0.0,3.96,2.62,0.0
20231229:1930,0.0,0.0,0.0,3.65,2.55,0.0
20231229:2030,0.0,0.0,0.0,3.75,2.83,0.0
20231229:2130,0.0,0.0,0.0,3.95,3.03,0.0
20231229:2230,0.0,0.0,0.0,3.78,3.03,0.0
20231229:2330,0.0,0.0,0.0,3.28,2.97,0.0
20231230:0030,0.0,0.0,0.0,2.81,2.83,0.0
20231230:0130,0.0,0.0,0.0,2.49,2.69,0.0
20231230:0230,0.0,0.0,0.0,2.53,2.62,0.0
20231230:0330,0.0,0.0,0.0,2.52,2.55,0.0
20231230:0430,0.0,0.0,0.0,2.16,2.69,0.0
20231230:0530,0.0,0.0,-0.66,2.0,2.76,0.0
20231230:0630,149.44,173.56,6.96,1.59,2.76,0.0
20231230:0730,232.73,257.64,13.05,1.63,3.03,0.0
20231230:0830,285.58,312.28,17.16,2.24,3.31,0.0
20231230:0930,342.25,372.78,18.92,2.8,3.31,0.0
20231230:1030,343.28,374.64,18.16,3.34,3.31,0.0
20231230:1130,141.45,165.33,14.94,3.71,3.52,0.0
20231230:1230,152.68,177.4,9.59,3.68,3.59,0.0
20231230:1330,34.92,53.44,2.53,3.54,3.59,0.0
20231230:1430,0.0,0.0,0.0,2.96,3.1,0.0
20231230:1530,0.0,0.0,0.0,2.59,3.17,0.0
20231230:1630,0.0,0.0,0.0,2.24,3.17,0.0
20231230:1730,0.0,0.0,0.0,2.2,3.66,0.0
20231230:1830,0.0,0.0,0.0,2.15,3.59,0.0
20231230:1930,0.0,0.0,0.0,2.34,3.66,0.0
20231230:2030,0.0,0.0,0.0,2.39,3.93,0.0
20231230:2130,0.0,0.0,0.0,2.31,4.0,0.0
20231230:2230,0.0,0.0,0.0,2.26,4.14,0.0
20231230:2330,0.0,0.0,0.0,2.18,4.14,0.0
20231231:0030,0.0,0.0,0.0,2.09,4.07,0.0
20231231:0130,0.0,0.0,0.0,2.13,3.79,0.0
20231231:0230,0.0,0.0,0.0,2.08,3.52,0.0
20231231:0330,0.0,0.0,0.0,2.11,3.52,0.0
20231231:0430,0.0,0.0,0.0,2.0,3.45,0.0
20231231:0530,0.0,0.0,-0.67,1.89,3.38,0.0
20231231:0630,205.57,231.7,6.97,1.85,3.45,0.0
20231231:0730,321.59,350.41,13.07,2.56,3.45,0.0
20231231:0830,471.45,513.0,17.2,3.7,3.45,0.0
20231231:0930,368.37,402.08,18.99,4.98,4.0,0.0
20231231:1030,379.92,415.04,18.24,5.53,4.62,0.0
20231231:1130,342.45,375.18,15.04,5.77,5.17,0.0
20231231:1230,174.17,200.64,9.7,5.71,4.83,0.0
20231231:1330,68.21,91.69,2.64,5.35,4.14,0.0
20231231:1430,0.0,0.0,0.0,4.54,3.72,0.0
20231231:1530,0.0,0.0,0.0,3.57,3.38,0.0
20231231:1630,0.0,0.0,0.0,3.22,3.31,0.0
20231231:1730,0.0,0.0,0.0,3.29,3.38,0.0
20231231:1830,0.0,0.0,0.0,3.09,3.52,0.0
20231231:1930,0.0,0.0,0.0,1.97,3.72,0.0
20231231:2030,0.0,0.0,0.0,1.76,3.59,0.0
20231231:2130,0.0,0.0,0.0,1.29,3.38,0.0
20231231:2230,0.0,0.0,0.0,0.97,3.03,0.0
20231231:2330,0.0,0.0,0.0,0.68,2.9,0.0

P: PV system power (W)
G(i): Global irradiance on the inclined plane (plane of the array) (W/m2)
H_sun: Sun height (degree)
T2m: 2-m air temperature (degree Celsius)
WS10m: 10-m total wind speed (m/s)
Int: 1 means solar radiation values are reconstructed



PVGIS (c) European Union, 2001-2025