"power_demand_home, kW"
0.591940569
0.621537598
0.644394102
0.748382005
0.754448477
0.733797962
0.705794148
0.67668734
0.691455215
0.716150045
0.726138276
0.647764364
0.596107438
0.485317734
0.500024332
0.47612611
0.386048197
0.324219208
0.332981889
0.301117594
0.308838558
0.193453041
0.154419279
0.158095928
0.161772578
0.094367337
0.094367337
0.094367337
0.094367337
0.094367337
0.035050725
0.035050725
0
0.045835564
0.045835564
0.045835564
0.045835564
0.045835564
0.045835564
0.105152176
0.105152176
0.105152176
0.105152176
0.105152176
0.105152176
0.188734674
0.280405802
0.14289911
0.086278708
0.086278708
0.188734674
0.188734674
0.188734674
0.188734674
0.188734674
0.253443705
0.253443705
0.334329994
0.307367898
0.388254187
0.388254187
0.471836685
0.444874589
0.315456527
0.339722414
0.479925314
0.455659428
0.407127654
0.207853252
0.21961853
0.230403369
0.263738324
0.255894805
0.269620963
0.271581843
0.29217108
0.332369115
0.347075713
0.36472363
0.409823864
0.434334861
0.414726063
0.426491342
0.444139259
0.450021898
0.464728496
0.492180813
0.538261486
0.556889844
0.520613569
0.501985211
0.51375049
0.559831163
0.554193634
0.588999249
0.638021243
0.637285913
0.638266353
0.69157777
0.690597331
0.680915487
0.641881725
0.69304843
0.643597494
0.591940569
0.568655122
0.569880672
0.588876694
0.578459521
0.541938136
0.485440289
0.499717944
0.478699765
0.396771758
0.225868834
0.205524707
0.210794571
0.153255007
0.090077913
0.092222625
0.094367337
0.040443144
0.040443144
0.040443144
0.040443144
0.040443144
0.040443144
0
0
0
0
0
0
0
0
0
0
0.032354516
0.032354516
0.032354516
0.091671127
0.091671127
0.126721853
0.196823303
0.245355076
0.245355076
0.196823303
0.390950397
0.431393541
0.345114833
0.304671688
0.323545156
0.231874028
0.231874028
0.328937575
0.269620963
0.248051286
0.275013382
0.312760317
0.399039025
0.399039025
0.399039025
0.539241926
0.547330555
0.214716331
0.278444922
0.285308001
0.306877678
0.306877678
0.306877678
0.349036592
0.36374319
0.399039025
0.394136826
0.433354421
0.409823864
0.428452221
0.443158819
0.4402175
0.467669816
0.444139259
0.444139259
0.434334861
0.447080579
0.443158819
0.443158819
0.446100139
0.463748057
0.493161253
0.540651309
0.537158492
0.575150536
0.726751051
0.748933503
0.737413334
0.721603741
0.775037714
0.741457649
0.748810948
0.703159216
0.676013288
0.691271383
0.625030415
0.600274308
0.58630304
0.574292651
0.531275852
0.446100139
0.399284135
0.335555544
0.307367898
0.298727772
0.279425362
0.208527304
0.190450444
0.134381539
0.099759756
0.078190079
0.067405241
0.067405241
0.026962096
0.026962096
0.026962096
0.026962096
0.026962096
0.010784839
0.010784839
0.059316612
0.07549387
0.07549387
0.067405241
0.067405241
0.037746935
0.040443144
0.043139354
0.064709031
0.102455966
0.094367337
0.07279766
0.094367337
0.051227983
0.07279766
0.07010145
0.062012822
0.053924193
0.062012822
0.07549387
0.078190079
0.107848385
0.124025643
0.199519513
0.242658867
0.188734674
0.253443705
0.269620963
0.288494431
0.312760317
0.358595881
0.320848946
0.393646606
0.157850818
0.195107533
0.22059897
0.249031726
0.28922976
0.310799438
0.392175946
0.408843424
0.404921665
0.421589142
0.455904538
0.478454655
0.495122132
0.489239493
0.491200373
0.498063452
0.505906971
0.504926531
0.538261486
0.555909404
0.593166119
0.605911837
0.604931397
0.624540195
0.635325033
0.664615674
0.710328683
0.757941294
0.834599436
0.833864106
0.845261719
0.880863942
0.892690498
0.902311064
0.927251003
0.893425828
0.87504258
0.828104022
0.737168224
0.687656011
0.682386147
0.612713639
0.575027981
0.450389563
0.430167991
0.442117102
0.426123677
0.356083504
0.296583059
0.278873864
0.25479181
0.237143893
0.226481609
0.188734674
0.14829153
0.064709031
0.045835564
0.045835564
0.045835564
0.045835564
0.048531773
0.091671127
0.091671127
0.088974918
0.094367337
0.094367337
0.07549387
0.102455966
0.115937014
0.137506691
0.118633224
0.080886289
0.080886289
0.086278708
0.126721853
0.134810482
0.094367337
0.140202901
0.213000561
0.253443705
0.223785399
0.223785399
0.207608142
0.175253626
0.248051286
0.312760317
0.318152737
0.355899671
0.334329994
0.3639883
0.358595881
0.393646606
0.409823864
0.431393541
0.482621524
0.426001122
0.171576977
0.205892372
0.254914365
0.276484042
0.273542723
0.262757884
0.262757884
0.260797004
0.274523162
0.271581843
0.271581843
0.280405802
0.279425362
0.286288441
0.28922976
0.361782311
0.361782311
0.386293307
0.402960785
0.420608702
0.402960785
0.408843424
0.390215067
0.377469348
0.415706503
0.416686943
0.44119794
0.465708936
0.507377631
0.472265628
0.47857721
0.490465043
0.489729713
0.471836685
0.490710153
0.47318479
0.468405146
0.447815909
0.376856573
0.334329994
0.29217108
0.264902596
0.272929948
0.212326508
0.21839298
0.188183177
0.193269209
0.19835524
0.203441272
0.208527304
0.164713898
0.168635657
0.07549387
0.045835564
0.045835564
0.045835564
0.045835564
0
0
0
0
0
0
0
0
0
0
0
0
0
0.048531773
0.048531773
0.078190079
0.078190079
0.078190079
0.078190079
0.180646045
0.250747496
0.199519513
0.237266448
0.194127093
0.194127093
0.194127093
0.121329433
0.021569677
0.021569677
0
0.045835564
0.045835564
0.078190079
0.129418062
0.14289911
0.14289911
0.180646045
0.239962657
0.239962657
0.102946186
0.114711464
0.150987739
0.200990173
0.250992606
0.257855685
0.277464482
0.281386242
0.325506036
0.329427795
0.347075713
0.347075713
0.347075713
0.350017032
0.350017032
0.327466915
0.343153953
0.343153953
0.350997472
0.332369115
0.350017032
0.351977912
0.351977912
0.337271314
0.36276275
0.385435422
0.380533223
0.41797377
0.43997239
0.436234463
0.469140476
0.505968248
0.507377631
0.453453438
0.420608702
0.3854967
0.36374319
0.36251764
0.380533223
0.315333972
0.29413196
0.272991225
0.281263687
0.231628918
0.198539073
0.204054047
0.169983762
0.174457019
0.178930276
0.183403532
0.146698315
0.150191132
0.099759756
0.099759756
0.099759756
0.029658306
0.029658306
0.029658306
0.029658306
0
0
0
0
0
0
0
0
0
0
0
0
0
0
0
0
0.026962096
0.026962096
0.026962096
0.07010145
0.07010145
0.07010145
0.140202901
0.213000561
0.213000561
0.164468788
0.164468788
0.207608142
0.248051286
0.288494431
0.204911932
0.07010145
0.07010145
0.172557416
0.124025643
0.124025643
0.124025643
0.118633224
0.154909499
0.174518296
0.250992606
0.250992606
0.28922976
0.355899671
0.382371548
0.402960785
0.402960785
0.449041459
0.415706503
0.415706503
0.413745623
0.399039025
0.426491342
0.426491342
0.421589142
0.43629574
0.404921665
0.402960785
0.402960785
0.443158819
0.445119699
0.387273747
0.429187551
0.464360832
0.507622741
1.256188578
1.340874072
1.345408606
1.413610454
1.413304067
1.449212677
1.429113659
1.346756711
1.328005798
1.350555915
1.303372247
1.208147025
1.123584086
1.039388813
1.016716141
0.980133478
0.8779839
0.723258234
0.705549039
0.501862656
0.370116049
0.298972882
0.234202573
0.139651403
0.14289911
0.086278708
0.086278708
0.043139354
0.091671127
0.048531773
0.048531773
0.088974918
0.048531773
0.048531773
0.048531773
0.107848385
0.07010145
0.051227983
0.051227983
0.051227983
0.083582499
0.051227983
0.056620402
0.029658306
0.029658306
0.029658306
0.078190079
0.078190079
0.118633224
0.083582499
0.086278708
0.086278708
0.086278708
0.051227983
0.051227983
0.062012822
0.062012822
0.172557416
0.175253626
0.175253626
0.248051286
0.272317173
0.239962657
0.334329994
0.353203462
0.36938072
0.447570799
0.555419184
0.245109967
0.278444922
0.271581843
0.317662517
0.325506036
0.402960785
0.484337294
0.559831163
0.635325033
0.647090312
0.686307906
0.701994944
0.691210105
0.678464387
0.694151425
0.66081647
0.701014504
0.717681982
0.715721102
0.72944726
0.724545061
0.707877583
0.721603741
0.752977817
0.725525501
0.806289235
0.921000699
0.958196136
1.02578521
1.097663707
1.124319416
1.199384343
1.276532705
1.354232565
1.38609686
1.379846556
1.400068128
1.409198475
1.35484534
1.284131114
1.152997282
1.160718246
1.014632706
0.962975781
0.840482075
0.827552524
0.819647728
0.69304843
0.58581282
0.53011158
0.543041131
0.421589142
0.307367898
0.183342255
0.080886289
0.080886289
0.048531773
0
0
0
0
0
0
0.040443144
0.040443144
0.040443144
0.07010145
0.07010145
0.132114272
0.086278708
0.223785399
0.191430884
0.183342255
0.183342255
0.264228544
0.331633785
0.204911932
0.223785399
0.312760317
0.412520074
0.353203462
0.399039025
0.463748057
0.43678596
0.461051847
0.493406363
0.320848946
0.272317173
0.272317173
0.248051286
0.242658867
0.172557416
0.229177819
0.134810482
0.134810482
0.237266448
0.106867945
0.139222461
0.232364248
0.246090406
0.246090406
0.2902102
0.300014599
0.315701637
0.355899671
0.392175946
0.402960785
0.36472363
0.36472363
0.372567149
0.334329994
0.36864539
0.36864539
0.398058586
0.375508469
0.410804304
0.410804304
0.389234627
0.407862984
0.401980345
0.434334861
0.551068482
0.602235188
0.700891949
0.757389796
0.806840732
0.831780671
0.865360737
0.88092522
0.940609496
0.87945456
0.913279735
0.924799904
0.957828471
0.937545622
0.982094358
0.996126904
0.867505449
0.893793493
0.900779127
0.825040147
0.802612585
0.700891949
0.681099319
0.644639212
0.527599203
0.470978801
0.395239821
0.320848946
0.234570238
0.188734674
0.188734674
0.099759756
0.099759756
0.099759756
0.099759756
0.099759756
0.064709031
0.064709031
0.064709031
0.064709031
0.14289911
0.14289911
0.14289911
0.094367337
0.094367337
0.159076368
0.132114272
0.156380159
0.067405241
0.067405241
0.067405241
0.164468788
0.134810482
0.253443705
0.283102011
0.328937575
0.328937575
0.331633785
0.307367898
0.337026204
0.337026204
0.477229105
0.568900232
0.504191201
0.517672249
0.426001122
0.547330555
0.703710714
0.722584181
0.771115955
0.719887972
0.276484042
0.376488909
0.451002338
0.495122132
0.523554888
0.556889844
0.559831163
0.556889844
0.571596442
0.531398407
0.569635562
0.609833597
0.609833597
0.591205239
0.591205239
0.569635562
0.561792043
0.534339727
0.556889844
0.545124565
0.575518201
0.601990078
0.570616002
0.523554888
0.51178961
0.527108983
0.555909404
0.632199881
0.605421617
0.615103461
0.622824425
0.601806245
0.629442394
0.625030415
0.587896255
0.612162141
0.634834813
0.618412445
0.639737013
0.653463171
0.554928964
0.519694406
0.500024332
0.478270822
0.414726063
0.426246232
0.393524051
0.351303859
0.360311651
0.27384911
0.200745063
0.205524707
0.159076368
0.159076368
0.129418062
0.129418062
0.129418062
0.156380159
0.156380159
0.113240805
0.14829153
0.202215722
0.202215722
0.202215722
0.150987739
0.150987739
0.194127093
0.194127093
0.194127093
0.194127093
0.229177819
0.202215722
0.202215722
0.202215722
0.124025643
0.124025643
0.172557416
0.126721853
0.126721853
0.126721853
0.126721853
0.137506691
0.137506691
0.053924193
0.132114272
0.231874028
0.277709592
0.277709592
0.229177819
0.299279269
0.374773139
0.423304912
0.423304912
0.423304912
0.434089751
0.434089751
0.129418062
0.151968179
0.151968179
0.200009733
0.21667721
0.299034159
0.331388675
0.414726063
0.470611136
0.463748057
0.491200373
0.548065885
0.546105005
0.515711369
0.497083012
0.51277005
0.551987645
0.601990078
0.625520634
0.688268786
0.709838463
0.696112305
0.738271219
0.764743095
0.750036497
0.74899478
0.762169441
0.790540919
0.851757134
0.872468926
0.87626813
0.900595294
0.926515673
0.914566562
0.925657788
0.936442627
0.923084134
0.920510479
0.902617452
0.830126179
0.817686848
0.766397588
0.718784977
0.632690101
0.615471126
0.516936919
0.447080579
0.332185282
0.301485259
0.268824356
0.226481609
0.168635657
0.132114272
0.132114272
0.132114272
0.091671127
0.091671127
0.091671127
0.064709031
0
0
0
0.037746935
0.037746935
0.037746935
0
0.140202901
0.140202901
0.140202901
0.140202901
0.140202901
0.062012822
0
0.026962096
0.026962096
0.026962096
0.026962096
0.026962096
0.088974918
0.062012822
0.062012822
0.088974918
0.088974918
0.026962096
0.053924193
0.053924193
0.026962096
0.026962096
0.026962096
0.080886289
0.053924193
0.196823303
0.196823303
0.196823303
0.194127093
0.307367898
0.14902686
0.162753018
0.21961853
0.249031726
0.284327561
0.383351988
0.43825662
0.450021898
0.453943658
0.473552455
0.473552455
0.482376414
0.536300607
0.579439961
0.625520634
0.701994944
0.761801776
0.792195412
0.775527934
0.80690201
0.854943563
0.870630601
0.885337199
0.906906876
0.94808535
1.042759075
1.108509823
1.1491368
1.201038836
1.261090777
1.341364291
1.353007015
1.361830974
1.354232565
1.370164713
1.330211788
1.307416561
1.27591993
1.259252453
1.084672879
1.054953296
0.956480367
0.897960362
0.860029595
0.884601869
0.589489469
0.519265464
0.497083012
0.424040242
0.394443214
0.334575104
0.289842535
0.264228544
0.264228544
0.172557416
0.126721853
0.118633224
0.07010145
0.07010145
0.102455966
0.102455966
0.110544595
0.110544595
0.110544595
0.156380159
0.156380159
0.188734674
0.150987739
0.150987739
0.150987739
0.118633224
0.078190079
0.150987739
0.150987739
0.150987739
0.191430884
0.223785399
0.223785399
0.191430884
0.191430884
0.14559532
0.110544595
0.07279766
0.113240805
0.113240805
0.14289911
0.202215722
0.202215722
0.118633224
0.118633224
0.3639883
0.320848946
0.353203462
0.326241365
0.401735235
0.444874589
0.22157941
0.263738324
0.263738324
0.277464482
0.348056152
0.429432661
0.468650256
0.533359287
0.577479081
0.616696676
0.58728348
0.573557322
0.572576882
0.5853226
0.601990078
0.572576882
0.567674682
0.591205239
0.58238128
0.612774916
0.681405707
0.721603741
0.709838463
0.778469254
0.800038931
0.862541972
0.864747962
0.940732051
1.083386052
1.11567929
1.195768971
1.205021873
1.24270753
1.171932027
1.163046791
1.18627096
1.142702664
1.087552921
0.994533689
1.004889585
0.896122037
0.924125851
0.900043797
0.845016609
0.756654467
0.69378376
0.565836358
0.499472834
0.409333644
0.384393705
0.357737996
0.281937739
0.256139915
0.210304351
0.210304351
0.169861207
0.088974918
0.045835564
0.132114272
0.113240805
0.086278708
0.086278708
0.045835564
0.045835564
0.091671127
0.091671127
0.191430884
0.215696771
0.215696771
0.215696771
0.215696771
0.215696771
0.256139915
0.256139915
0.126721853
0.080886289
0.080886289
0.080886289
0.080886289
0.097063547
0.016177258
0.016177258
0.016177258
0.016177258
0.14289911
0.14289911
0.245355076
0.245355076
0.245355076
0.245355076
0.310064108
0.342418623
0.266924754
0.261532334
0.261532334
0.237266448
0.115691904
0.140202901
0.1500073
0.208833691
0.270601403
0.306877678
0.36374319
0.454924098
0.454924098
0.547085445
0.58336172
0.639246793
0.667679549
0.66081647
0.675523068
0.768664855
0.800038931
0.831413006
0.858865323
0.855924003
0.919652594
0.916711275
0.942202711
0.955928869
0.991224704
1.075052313
1.185719463
1.194543422
1.163046791
1.192888929
1.303617357
1.30085987
1.311828541
1.311338321
1.314402195
1.283886004
1.247364619
1.245710127
1.235354231
1.255637081
1.131427605
1.04141097
0.937545622
0.847161322
0.723564621
0.609894874
0.626378519
0.530540522
0.458355637
0.30902239
0.265086429
0.27139801
0.161772578
0.113240805
0.113240805
0.113240805
0.080886289
0.048531773
0.048531773
0.048531773
0.086278708
0.086278708
0.048531773
0.048531773
0.048531773
0.048531773
0.048531773
0.137506691
0.088974918
0.083582499
0.121329433
0.121329433
0.121329433
0.126721853
0.091671127
0.091671127
0.140202901
0.091671127
0.091671127
0.07549387
0.07549387
0.088974918
0.121329433
0.159076368
0.213000561
0.194127093
0.239962657
0.36938072
0.399039025
0.471836685
0.36668451
0.285798221
0.285798221
0.426001122
0.517672249
0.776508374
0.300995039
0.344134393
0.380410668
0.457865417
0.478454655
0.51080917
0.602970518
0.610814036
0.616696676
0.693170985
0.674542628
0.668659989
0.641207672
0.650031631
0.678464387
0.65591427
0.692190545
0.714740662
0.756899576
0.745134298
0.723564621
0.723564621
0.741212539
0.835334766
0.868669721
0.956296534
1.012549271
1.087430366
1.127505846
1.228920094
1.290136308
1.378375896
1.438305283
1.482915297
1.394062934
1.414590894
1.448109682
1.396759144
1.367713613
1.352516795
1.311828541
1.294180623
1.291729523
1.153855167
1.078728962
0.997597564
0.947717685
0.932030648
0.786802992
0.638143798
0.627971734
0.424224075
0.36668451
0.328937575
0.180646045
0.180646045
0.107848385
0
0
0
0
0
0
0
0
0
0
0
0
0
0
0
0.018873467
0.350507252
0.320848946
0.226481609
0.277709592
0.239962657
0.374773139
0.299279269
0.21839298
0.355899671
0.301975479
0.312760317
0.417912493
0.323545156
0.280405802
0.280405802
0.258836125
0.285798221
0.353203462
0.409823864
0.482621524
0.674052408
0.674052408
0.434089751
0.201970612
0.240207767
0.337271314
0.421589142
0.501985211
0.597087878
0.553948524
0.58336172
0.667679549
0.622579315
0.622579315
0.650031631
0.641207672
0.670620868
0.679444827
0.65493383
0.634344593
0.617677116
0.589244359
0.566694243
0.566694243
0.58434216
0.601009638
0.58434216
0.536300607
0.54794333
0.557012399
0.587957532
0.605421617
0.564917195
0.593166119
0.596168716
0.642678332
0.618902665
0.643658772
0.64028851
0.617677116
0.671723863
0.661796909
0.664860784
0.686307906
0.812907204
0.822956712
0.879332005
0.8779839
0.902372342
0.856904443
0.71455683
0.767194195
0.758737901
0.743786193
0.642923442
0.466444266
0.415216283
0.377469348
0.377469348
0.339722414
0.296583059
0.248051286
0.207608142
0.207608142
0.169861207
0.048531773
0
0.043139354
0.043139354
0.088974918
0.140202901
0.140202901
0.140202901
0.140202901
0.140202901
0.094367337
0.167164997
0.167164997
0.21839298
0.269620963
0.307367898
0.296583059
0.477229105
0.396342816
0.396342816
0.444874589
0.447570799
0.396342816
0.345114833
0.409823864
0.388254187
0.444874589
0.547330555
0.471836685
0.471836685
0.504191201
0.636305473
0.674052408
0.617432006
0.261777444
0.348056152
0.401980345
0.469630696
0.530417967
0.542183246
0.58434216
0.560811603
0.58434216
0.556889844
0.576498641
0.576498641
0.590224799
0.595126999
0.571596442
0.672581748
0.647090312
0.65787515
0.674542628
0.673562188
0.662777349
0.680425267
0.718662422
0.7304277
0.717681982
0.786496605
0.863644967
0.838276085
0.638511463
0.656281935
0.616083901
0.644087714
0.645619652
0.672520471
0.699421289
0.726322108
0.670865978
0.632628823
0.597455543
0.588876694
0.564733363
0.533849507
0.487523723
0.435376578
0.421344032
0.337822811
0.346953158
0.356083504
0.340702853
0.349220425
0.162140243
0.126476743
0.129418062
0.129418062
0.129418062
0.099759756
0.099759756
0.137506691
0.07279766
0.07279766
0.118633224
0.121329433
0.07549387
0.07549387
0.07549387
0.037746935
0.07279766
0.07279766
0.07279766
0.102455966
0.102455966
0.102455966
0.07279766
0.07279766
0.107848385
0.110544595
0.134810482
0.097063547
0.191430884
0.245355076
0.245355076
0.256139915
0.261532334
0.207608142
0.207608142
0.207608142
0.161772578
0.191430884
0.283102011
0.283102011
0.345114833
0.315456527
0.334329994
0.339722414
0.339722414
0.380165558
0.155889939
0.225501169
0.225501169
0.274523162
0.324525596
0.375508469
0.416686943
0.446100139
0.577479081
0.575518201
0.595126999
0.595126999
0.602970518
0.631403274
0.675523068
0.663757789
0.740232099
0.771606174
0.796117171
0.797097611
0.800038931
0.832393446
0.851021804
0.862787082
0.846119604
0.902127232
0.968429478
0.983810128
1.050296206
0.956112702
0.946369581
0.968245645
0.994166024
0.960524681
0.882640989
0.853718013
0.861316422
0.808556502
0.836437761
0.841523792
0.80592157
0.75022033
0.593778894
0.576927584
0.502965651
0.394504491
0.405166775
0.341744571
0.267169863
0.236163453
0.200745063
0.126476743
0.051227983
0.051227983
0.051227983
0.051227983
0.029658306
0.029658306
0.029658306
0.029658306
0.029658306
0
0
0
0
0
0
0
0
0
0
0
0
0
0
0
0.094367337
0.094367337
0.062012822
0.14559532
0.180646045
0.180646045
0.242658867
0.191430884
0.210304351
0.210304351
0.210304351
0.180646045
0.210304351
0.210304351
0.183342255
0.088974918
0.102455966
0.07010145
0.156380159
0.21839298
0.079415629
0.091180908
0.105887506
0.150987739
0.237266448
0.329427795
0.355899671
0.472572015
0.50982873
0.50982873
0.608853157
0.58728348
0.606892277
0.643168552
0.691210105
0.661796909
0.696112305
0.739251659
0.784351893
0.800038931
0.825530367
0.898082917
0.933378752
0.907887316
0.902985116
0.96567199
1.009240287
1.07462337
1.194911087
1.210904512
1.257781793
1.290994193
1.310357881
1.302146697
1.27616504
1.212742837
1.177018059
1.179959379
1.145276318
1.082773277
0.966713708
0.877616235
0.845874494
0.769951682
0.670620868
0.616696676
0.633364153
0.58311661
0.504926531
0.364294688
0.337148759
0.274032943
0.126721853
0.126721853
0.126721853
0.083582499
0.045835564
0.045835564
0.045835564
0.091671127
0.091671127
0.045835564
0.045835564
0.07010145
0.080886289
0.164468788
0.21839298
0.183342255
0.183342255
0.137506691
0.137506691
0.137506691
0.134810482
0.175253626
0.161772578
0.191430884
0.062012822
0.062012822
0.062012822
0.029658306
0.07010145
0.07010145
0.07010145
0.07010145
0.07010145
0.07010145
0.07010145
0.07010145
0.113240805
0.137506691
0.107848385
0.175253626
0.283102011
0.326241365
0.326241365
0.409823864
0.180400935
0.233344688
0.264718764
0.288249321
0.377469348
0.498063452
0.540222366
0.547085445
0.575518201
0.573557322
0.609833597
0.648070751
0.673562188
0.664738229
0.619637995
0.635325033
0.632383714
0.652972951
0.751016937
0.779449693
0.818667288
0.864747962
0.881415439
0.95004623
0.978478986
1.129221615
1.198955401
1.251592766
1.289278424
1.273959051
1.369674493
1.407972925
1.444187922
1.466063987
1.453011881
1.479116093
1.422373135
1.455401703
1.371390262
1.276532705
1.151036403
1.15060746
1.035467053
1.014448874
0.763272436
0.784474448
0.645006877
0.587896255
0.51473093
0.371831819
0.342296068
0.287207603
0.253443705
0.22108919
0.097063547
0.062012822
0.026962096
0.026962096
0.07279766
0
0
0
0
0
0.062012822
0.078190079
0.078190079
0.037746935
0.094367337
0.094367337
0.094367337
0.094367337
0.094367337
0.088974918
0.080886289
0.080886289
0.126721853
0.126721853
0.126721853
0.045835564
0.045835564
0.045835564
0.045835564
0.129418062
0.129418062
0.207608142
0.207608142
0.258836125
0.258836125
0.258836125
0.258836125
0.285798221
0.285798221
0.285798221
0.29388685
0.388254187
0.185303135
0.239227327
0.305897238
0.318642956
0.370606269
0.418647823
0.450021898
0.542183246
0.556889844
0.578459521
0.609833597
0.670620868
0.662777349
0.65689471
0.675523068
0.743173418
0.775527934
0.790234532
0.853963123
0.887298079
0.914750395
0.917691714
0.94710491
0.907887316
0.983381185
1.061509987
1.119539772
1.156122434
1.262316327
1.236641058
1.35484534
1.395288484
1.414774726
1.426233617
1.421147586
1.355029172
1.298837712
1.313237923
1.205941035
1.105568504
1.066718574
1.057588228
1.037550488
0.988712327
0.915485725
0.809414387
0.682263592
0.587896255
0.58336172
0.515037317
0.445242254
0.353080907
0.361292091
0.320848946
0.248051286
0.188734674
0.14289911
0.183342255
0.097063547
0.056620402
0.091671127
0.091671127
0.091671127
0.091671127
0.134810482
0.159076368
0.159076368
0.196823303
0.196823303
0.196823303
0.234570238
0.196823303
0.231874028
0.253443705
0.156380159
0.242658867
0.277709592
0.256139915
0.301975479
0.261532334
0.22108919
0.172557416
0.124025643
0.231874028
0.312760317
0.312760317
0.3639883
0.401735235
0.455659428
0.417912493
0.407127654
0.393646606
0.531153297
0.455659428
0.412520074
0.477229105
0.237266448
0.29315152
0.312760317
0.374528029
0.462767617
0.501985211
0.546105005
0.551987645
0.600029198
0.631403274
0.690229666
0.673562188
0.699053624
0.706897143
0.764743095
0.786312772
0.750036497
0.777488814
0.790234532
0.774547494
0.753958257
0.698073185
0.712779783
0.688268786
0.669640428
0.675032848
0.711431678
0.780062468
0.862787082
0.896918645
0.959850629
0.921736029
0.958870189
1.029461859
0.983013521
0.91658872
0.87504258
0.890300676
0.865850957
0.875716633
0.80592157
0.75022033
0.69378376
0.589795857
0.542673466
0.505600583
0.470366026
0.420608702
0.431393541
0.44217838
0.275381047
0.281937739
0.242658867
0.242658867
0.161772578
0.161772578
0.07549387
0.040443144
0.040443144
0.040443144
0.040443144
0.040443144
0
0.040443144
0.040443144
0.035050725
0
0
0
0
0.037746935
0.043139354
0.132114272
0.175253626
0.175253626
0.183342255
0.134810482
0.191430884
0.156380159
0.301975479
0.239962657
0.121329433
0.094367337
0.094367337
0.191430884
0.382861768
0.342418623
0.253443705
0.310064108
0.299279269
0.393646606
0.396342816
0.396342816
0.479925314
0.576988861
0.412520074
0.193146654
0.223540289
0.238246887
0.283347121
0.283347121
0.370606269
0.404921665
0.413745623
0.401980345
0.411784744
0.43727618
0.412765184
0.413745623
0.401980345
0.422569582
0.452963218
0.472572015
0.451982778
0.44119794
0.444139259
0.43629574
0.472572015
0.472572015
0.519633129
0.559831163
0.594820611
0.670620868
0.724177396
0.784351893
0.819709005
0.854698453
0.903414059
0.95151689
1.004950862
1.045148897
1.060529547
1.065493024
1.009362842
1.009240287
0.974495949
0.982400746
0.877616235
0.800038931
0.823569487
0.847100044
0.870630601
0.808005004
0.716946652
0.686307906
0.577846746
0.50958362
0.408414482
0.277709592
0.223785399
0.150987739
0.110544595
0.056620402
0.056620402
0.032354516
0.032354516
0
0.053924193
0.088974918
0.088974918
0.088974918
0.172557416
0.115937014
0.115937014
0.07279766
0.07279766
0.07279766
0.169861207
0.272317173
0.296583059
0.296583059
0.328937575
0.339722414
0.382861768
0.285798221
0.14559532
0.223785399
0.223785399
0.250747496
0.334329994
0.318152737
0.393646606
0.417912493
0.488013943
0.444874589
0.458355637
0.36938072
0.390950397
0.44217838
0.355899671
0.347811042
0.563507813
0.281386242
0.353938792
0.382371548
0.408843424
0.443158819
0.477474215
0.461787177
0.475513335
0.532378847
0.562772483
0.592185679
0.600029198
0.595126999
0.634344593
0.695131865
0.701994944
0.710818903
0.710818903
0.723564621
0.716701542
0.718662422
0.720623301
0.678464387
0.651992511
0.65983603
0.728160433
0.767684415
0.810333549
0.886072529
0.881476717
0.841217405
0.801938533
0.833864106
0.834905823
0.831658116
0.80739223
0.73434946
0.760576226
0.726138276
0.69525442
0.635325033
0.622824425
0.554193634
0.486849671
0.36840028
0.328753743
0.256139915
0.262880439
0.208343472
0.170841647
0.175008516
0.179175386
0.134810482
0.051227983
0.113240805
0.113240805
0.062012822
0.062012822
0.062012822
0.124025643
0.124025643
0.124025643
0.062012822
0.097063547
0.137506691
0.156380159
0.102455966
0.188734674
0.188734674
0.188734674
0.250747496
0.250747496
0.29119064
0.29119064
0.245355076
0.245355076
0.275013382
0.256139915
0.175253626
0.248051286
0.137506691
0.183342255
0.239962657
0.169861207
0.099759756
0.134810482
0.180646045
0.180646045
0.242658867
0.242658867
0.242658867
0.253443705
0.253443705
0.210304351
0.150987739
0.320848946
0.167655217
0.167655217
0.247070846
0.343153953
0.454924098
0.488259053
0.558850724
0.682386147
0.701014504
0.739251659
0.787293212
0.763762656
0.752977817
0.793175852
0.839256525
0.87651324
0.902985116
0.95200711
1.002989983
1.02652054
1.014755261
0.989263825
1.010833502
0.975537667
1.029461859
1.087552921
1.151526622
1.232964409
1.253737478
1.291974633
1.291484413
1.298041105
1.354477675
1.383339373
1.378130786
1.374883079
1.329721568
1.300798592
1.257414128
1.168255378
1.152997282
1.126341573
0.956296534
0.941528659
0.941957601
0.811681654
0.738148664
0.609404654
0.507377631
0.462277397
0.401490125
0.313556925
0.320848946
0.283102011
0.177949836
0.14289911
0.14289911
0.088974918
0.102455966
0.102455966
0.102455966
0.067405241
0.021569677
0.083582499
0.040443144
0.040443144
0.040443144
0.080886289
0.080886289
0.080886289
0.080886289
0.062012822
0.062012822
0.099759756
0.062012822
0.062012822
0.062012822
0.021569677
0
0
0.097063547
0.097063547
0
0.045835564
0.045835564
0.091671127
0.091671127
0.191430884
0.210304351
0.210304351
0.202215722
0.248051286
0.229177819
0.234570238
0.234570238
0.431393541
0.175498736
0.238246887
0.251973046
0.340212633
0.370606269
0.43727618
0.406882544
0.472572015
0.529437528
0.51473093
0.603950957
0.615716236
0.653953391
0.669640428
0.702975384
0.7304277
0.763762656
0.779449693
0.771606174
0.797097611
0.869650161
0.911809075
1.028481419
0.985342065
1.003970423
1.066718574
1.193440427
1.276042485
1.31256387
1.348595035
1.450560782
1.469985746
1.455953201
1.435425241
1.460977955
1.383155541
1.267953857
1.201283946
1.13424637
1.103668901
1.082405612
0.978724096
0.872959146
0.804267078
0.761066446
0.782207181
0.693906315
0.568777677
0.526986428
0.540161089
0.517304584
0.487462446
0.420608702
0.36668451
0.310064108
0.280405802
0.161772578
0.124025643
0.102455966
0.064709031
0.110544595
0.037746935
0.037746935
0.037746935
0.037746935
0.037746935
0.083582499
0.083582499
0.083582499
0.083582499
0.083582499
0.14829153
0.110544595
0.177949836
0.210304351
0.097063547
0.097063547
0.156380159
0.156380159
0.199519513
0.248051286
0.277709592
0.361292091
0.320848946
0.299279269
0.299279269
0.202215722
0.140202901
0.078190079
0.078190079
0.078190079
0.107848385
0.107848385
0.210304351
0.301975479
0.275013382
0.14412466
0.191185774
0.198048853
0.227462049
0.317662517
0.391195507
0.380410668
0.407862984
0.452963218
0.455904538
0.444139259
0.459826297
0.472572015
0.555909404
0.58630304
0.718662422
0.795136731
0.777488814
0.800038931
0.761801776
0.80199981
0.836315206
0.880435
0.935339632
1.02161834
1.089636356
1.20777936
1.237621498
1.31501497
1.340874072
1.337319977
1.398107249
1.432422644
1.502830482
1.53267262
1.520478399
1.528750861
1.510490168
1.415510056
1.232841854
1.119662327
1.023211555
1.02504988
0.943673371
0.933133642
0.888768738
0.884846979
0.822098828
0.651992511
0.487401168
0.321706831
0.329366517
0.226481609
0.196823303
0.140202901
0.140202901
0.07549387
0.07549387
0.099759756
0.099759756
0.051227983
0.051227983
0.051227983
0.051227983
0
0
0
0
0.026962096
0.14829153
0.07010145
0.07010145
0.115937014
0.115937014
0.115937014
0.115937014
0.045835564
0
0
0
0.040443144
0.07279766
0.129418062
0.129418062
0.07279766
0.07279766
0.07279766
0.07279766
0.086278708
0.086278708
0.134810482
0.134810482
0.086278708
0.086278708
0.078190079
0.167164997
0.137261581
0.196087973
0.246090406
0.288249321
0.360801871
0.450021898
0.529437528
0.560811603
0.567674682
0.681405707
0.724545061
0.821608608
0.80690201
0.818667288
0.851021804
0.887298079
0.942202711
0.974557227
0.964752828
0.975537667
1.01965746
1.034364058
1.029461859
1.082405612
1.114760127
1.144847376
1.221015298
1.235292953
1.361585864
1.398781301
1.519314127
1.500992157
1.517720912
1.590150907
1.653756944
1.677655165
1.619686658
1.498050838
1.478013098
1.4417981
1.380459331
1.33260161
1.191724657
1.177447001
1.175792509
1.092822785
1.057159285
1.006115135
0.933868972
0.793911181
0.671723863
0.516446699
0.461051847
0.420608702
0.420608702
0.339722414
0.29388685
0.088974918
0.088974918
0.153683949
0.153683949
0.064709031
0
0.183342255
0.167164997
0.167164997
0.051227983
0.118633224
0.118633224
0.118633224
0.186038465
0.167164997
0.118633224
0.164468788
0.272317173
0.213000561
0.199519513
0.14289911
0.186038465
0.186038465
0.199519513
0.258836125
0.175253626
0.226481609
0.328937575
0.328937575
0.415216283
0.461051847
0.461051847
0.51227983
0.463748057
0.50958362
0.555419184
0.428697331
0.412520074
0.409823864
0.14902686
0.188244454
0.255894805
0.272562283
0.272562283
0.272562283
0.36472363
0.383351988
0.427471782
0.410804304
0.4402175
0.460806737
0.458845857
0.4402175
0.44119794
0.570616002
0.544144126
0.616696676
0.596107438
0.597087878
0.683366587
0.699053624
0.752977817
0.777488814
0.823569487
0.901085514
0.946369581
1.066473464
1.068679454
1.156857764
1.265870422
1.293812958
1.24564885
1.162740403
1.241114315
1.287194989
1.197607296
1.135533197
1.123216421
1.13596214
1.113779688
1.093987058
1.029216749
0.877187293
0.864747962
0.63710208
0.544879455
0.559218389
0.477964435
0.489913546
0.275381047
0.218699368
0.223785399
0.175253626
0.175253626
0.115937014
0.056620402
0.056620402
0.056620402
0.056620402
0.056620402
0
0
0
0
0
0
0
0
0.032354516
0.032354516
0.032354516
0.140202901
0.140202901
0.229177819
0.229177819
0.126721853
0.126721853
0.350507252
0.417912493
0.417912493
0.461051847
0.496102572
0.385557977
0.29388685
0.358595881
0.358595881
0.382861768
0.490710153
0.531153297
0.531153297
0.533849507
0.482621524
0.415216283
0.50958362
0.633609263
0.230403369
0.307858118
0.307858118
0.308838558
0.422569582
0.408843424
0.384332427
0.4402175
0.456884978
0.501004771
0.567674682
0.559831163
0.559831163
0.573557322
0.557870284
0.562772483
0.545124565
0.545124565
0.598068318
0.643168552
0.617677116
0.571596442
0.568655122
0.568655122
0.618657555
0.656281935
0.661796909
0.667128051
0.811313989
0.82228266
0.843913615
0.909051588
0.864747962
0.975844054
1.014877816
1.055566071
1.041472247
1.096438157
0.941222271
0.972596347
0.976518106
0.855372506
0.745869628
0.662716072
0.681650817
0.607627607
0.624049975
0.485133901
0.340702853
0.371831819
0.324280486
0.33200145
0.296583059
0.296583059
0.22108919
0.22108919
0.22108919
0.159076368
0.159076368
0.159076368
0.097063547
0.097063547
0.097063547
0.097063547
0.097063547
0.097063547
0.097063547
0.14559532
0.14559532
0.14559532
0.088974918
0.099759756
0.051227983
0.048531773
0.088974918
0.088974918
0.14829153
0.14829153
0.14829153
0.124025643
0.124025643
0.124025643
0.124025643
0.14289911
0.199519513
0.250747496
0.380165558
0.339722414
0.331633785
0.390950397
0.342418623
0.393646606
0.283102011
0.347811042
0.385557977
0.277709592
0.100985306
0.176479176
0.205892372
0.305897238
0.323545156
0.286288441
0.319623396
0.341193073
0.399039025
0.531398407
0.531398407
0.551987645
0.575518201
0.572576882
0.600029198
0.639246793
0.597087878
0.613755356
0.651992511
0.689249226
0.73336902
0.80592157
0.822589047
0.810823769
0.774547494
0.794830344
0.798568271
0.814990639
0.852982683
0.895631818
0.896489702
0.870998266
0.894161158
0.877800067
0.874674915
0.878535397
0.811559099
0.726812328
0.751874822
0.738945271
0.696112305
0.65517894
0.608362937
0.636979525
0.518407579
0.41944443
0.398181141
0.289168483
0.188734674
0.193453041
0.198171408
0.115937014
0.118633224
0.118633224
0.083582499
0.083582499
0.083582499
0.037746935
0.037746935
0.07549387
0.037746935
0.037746935
0.088974918
0.088974918
0.088974918
0.088974918
0.088974918
0.088974918
0.129418062
0.132114272
0.132114272
0.091671127
0.129418062
0.129418062
0.129418062
0.129418062
0.134810482
0.080886289
0.080886289
0.043139354
0.043139354
0.043139354
0.043139354
0.043139354
0.153683949
0.153683949
0.150987739
0.14829153
0.14829153
0.14829153
0.223785399
0.202215722
0.234570238
0.167164997
0.175253626
0.310064108
0.160792138
0.190205334
0.201970612
0.287268881
0.357860551
0.36570407
0.397078146
0.392175946
0.627481514
0.65885559
0.65885559
0.669640428
0.662777349
0.681405707
0.691210105
0.692190545
0.653953391
0.645129432
0.65983603
0.676503507
0.645129432
0.65983603
0.696112305
0.684347026
0.836315206
0.896918645
1.009240287
1.065309192
1.142212444
1.214764994
1.283395784
1.355825779
1.392714829
1.36802
1.374944357
1.320284834
1.199323066
1.15330367
1.13424637
1.061877652
0.911809075
0.845261719
0.76878741
0.699176179
0.650766961
0.537342324
0.500637107
0.466015324
0.357860551
0.303997636
0.223907954
0.18444525
0.134810482
0.094367337
0.048531773
0
0
0
0
0
0
0
0
0
0
0
0.037746935
0.037746935
0.037746935
0.037746935
0.037746935
0.064709031
0.026962096
0.026962096
0.026962096
0.064709031
0.064709031
0.026962096
0
0
0
0.024265887
0.024265887
0.024265887
0.024265887
0.118633224
0.118633224
0.118633224
0.137506691
0.307367898
0.253443705
0.253443705
0.277709592
0.353203462
0.552722974
0.612039586
0.245109967
0.262757884
0.297073279
0.297073279
0.381391108
0.396097706
0.546105005
0.568655122
0.845139164
0.80101937
0.824549927
0.795136731
0.880435
0.847100044
0.873571921
0.853963123
0.900043797
0.861806642
0.904945996
0.862787082
0.828471687
0.811804209
0.919652594
1.008872622
1.007892182
1.070885443
1.179101494
1.212007507
1.324819369
1.35116869
1.476174773
1.530589186
1.544192789
1.591682845
1.591621567
1.591621567
1.504730084
1.487388554
1.38977351
1.33162117
1.296141503
1.128363731
1.106303834
1.014448874
0.873571921
0.857026998
0.773076834
0.716946652
0.615226016
0.592921009
0.496715347
0.376795296
0.326241365
0.288494431
0.175253626
0.086278708
0.086278708
0.051227983
0
0.037746935
0.037746935
0.037746935
0.037746935
0.037746935
0.037746935
0.110544595
0.110544595
0.059316612
0.059316612
0.037746935
0.037746935
0.037746935
0
0
0
0.043139354
0.043139354
0.043139354
0
0.088974918
0.07549387
0.07549387
0.043139354
0.043139354
0.043139354
0.043139354
0.094367337
0.188734674
0.277709592
0.226481609
0.248051286
0.161772578
0.110544595
0.159076368
0.159076368
0.256139915
0.133339822
0.14706598
0.162753018
0.162753018
0.224520729
0.202951052
0.270601403
0.4353153
0.406882544
0.528457088
0.556889844
0.523554888
0.572576882
0.558850724
0.558850724
0.526496208
0.556889844
0.556889844
0.636305473
0.620618435
0.662777349
0.671601308
0.696112305
0.691210105
0.774547494
0.789621757
0.84379106
0.91046097
0.995146464
1.025601377
1.128363731
1.095090053
1.148585303
1.230145644
1.229961812
1.181307483
1.127260736
1.041349693
0.904455776
0.883315042
0.833373886
0.849306034
0.722951846
0.645558374
0.604441177
0.550945927
0.530908187
0.377591903
0.352958352
0.319071899
0.290822975
0.252953485
0.153683949
0.045835564
0.045835564
0.045835564
0
0.040443144
0.07549387
0.07549387
0.067405241
0.067405241
0.067405241
0.088974918
0.053924193
0.053924193
0.053924193
0.053924193
0.053924193
0.097063547
0.099759756
0.099759756
0.018873467
0.018873467
0.018873467
0.018873467
0.018873467
0.062012822
0.091671127
0.091671127
0.043139354
0.043139354
0.043139354
0.043139354
0
0
0
0
0
0
0
0
0
0
0
0.026962096
0.038237155
0.061767712
0.079415629
0.137261581
0.137261581
0.14804642
0.208833691
0.196087973
0.261777444
0.318642956
0.318642956
0.357860551
0.421589142
0.500024332
0.529437528
0.568655122
0.5853226
0.574537761
0.651992511
0.642188112
0.710818903
0.710818903
0.720623301
0.72846682
0.712779783
0.789621757
1.117333782
1.257414128
1.109122598
1.262377605
1.302269252
1.444616865
1.507426294
1.694322643
1.725451609
1.687582119
1.6797386
1.739729264
1.739055212
1.683047585
1.596156102
1.553016748
1.356315999
1.26323549
1.299327932
1.335420375
1.273713941
1.178182331
1.088288251
1.032587011
1.05777206
0.827368692
0.754938697
0.65517894
0.579685071
0.374773139
0.326241365
0.288494431
0.237266448
0.22108919
0.097063547
0.097063547
0.097063547
0.140202901
0.140202901
0.175253626
0.080886289
0.080886289
0.045835564
0
0
0
0
0
0
0.118633224
0.048531773
0.048531773
0.048531773
0.045835564
0.102455966
0.199519513
0.150987739
0.150987739
0.102455966
0.102455966
0.102455966
0.167164997
0.110544595
0.199519513
0.199519513
0.199519513
0.199519513
0.299279269
0.234570238
0.296583059
0.142163781
0.21863809
0.242168647
0.279425362
0.300995039
0.336290874
0.280405802
0.339232194
0.324525596
0.478454655
0.456884978
0.527476648
0.563752923
0.616696676
0.641207672
0.766703975
0.87455236
0.852982683
0.852982683
0.867689281
0.867689281
0.901024237
0.883376319
0.95200711
0.94808535
1.052134531
1.085346931
1.232964409
1.270895176
1.387199855
1.419554371
1.633474094
1.68243481
1.75253626
1.722265179
1.70247255
1.614539349
1.549585208
1.483528072
1.477890543
1.296141503
1.261826107
1.227143047
1.18602585
1.140496674
1.120029992
1.054830741
0.76952274
0.683856806
0.527599203
0.378327233
0.313556925
0.269620963
0.223785399
0.223785399
0.140202901
0.080886289
0.080886289
0.080886289
0.043139354
0.043139354
0.105152176
0.105152176
0.062012822
0.062012822
0.126721853
0.126721853
0.062012822
0.118633224
0.118633224
0.118633224
0.056620402
0.113240805
0.113240805
0.21839298
0.229177819
0.229177819
0.269620963
0.156380159
0.196823303
0.156380159
0.261532334
0.091671127
0.21839298
0.21839298
0.253443705
0.253443705
0.177949836
0.177949836
0.177949836
0.14559532
0.296583059
0.296583059
0.250747496
0.312760317
0.3639883
0.132359382
0.200009733
0.200009733
0.203931492
0.203931492
0.22059897
0.22059897
0.240207767
0.240207767
0.251973046
0.232364248
0.232364248
0.214716331
0.246090406
0.246090406
0.273542723
0.29217108
0.279425362
0.256875245
0.274523162
0.253933925
0.253933925
0.253933925
0.235305568
0.233344688
0.223969232
0.237143893
0.275932545
0.29045531
0.304978076
0.297931164
0.286104608
0.298543939
0.340090079
0.281999016
0.261409779
0.271091623
0.280773467
0.262880439
0.233651076
0.198048853
0.319500841
0.329182685
0.338864529
0.348546372
0.358228216
0.332981889
0.341744571
0.350507252
0.359269933
0.337148759
0.366255567
0.533849507
0.3639883
0.3639883
0.3639883
0.312760317
0.312760317
0.253443705
0.161772578
0.078190079
0.037746935
0.037746935
0.037746935
0.037746935
0
0
0
0.035050725
0.234570238
0.234570238
0.164468788
0.164468788
0.164468788
0.164468788
0.129418062
0.167164997
0.167164997
0.167164997
0.167164997
0.167164997
0.242658867
0.242658867
0.43948217
0.36938072
0.245355076
0.431393541
0.372076929
0.372076929
0.372076929
0.36668451
0.36668451
0.461051847
0.474532895
0.412520074
0.544634346
0.198048853
0.198048853
0.402960785
0.403941225
0.403941225
0.556889844
0.541202806
0.541202806
0.528457088
0.562772483
0.566694243
0.545124565
0.545124565
0.697092745
0.679444827
0.65983603
0.738271219
0.727486381
0.747095178
0.777488814
0.739251659
0.720623301
0.766703975
0.709838463
0.73140814
0.816706408
0.83937908
0.865054349
0.80150959
0.78882515
0.856046558
0.875226413
0.825040147
0.80273514
0.791827747
0.767684415
0.766949085
0.820995833
0.773934719
0.733246465
0.631403274
0.592492066
0.458355637
0.471836685
0.405902105
0.333288277
0.342296068
0.279609194
0.159321478
0.163304515
0.118388114
0.121206878
0.032354516
0.032354516
0.032354516
0.032354516
0.032354516
0.080886289
0.048531773
0.045835564
0.091671127
0.045835564
0.097063547
0.097063547
0.097063547
0.097063547
0.097063547
0.134810482
0.083582499
0.132114272
0.132114272
0.132114272
0.094367337
0.048531773
0.080886289
0.080886289
0.080886289
0.080886289
0.080886289
0
0.048531773
0.048531773
0.088974918
0.088974918
0.088974918
0.118633224
0.118633224
0.118633224
0.07010145
0.07010145
0.029658306
0.029658306
0.164468788
0.164468788
0.164468788
0.164468788
0.059806832
0.07451343
0.092161347
0.105887506
0.167655217
0.198048853
0.250012166
0.284327561
0.302955919
0.322564716
0.328447355
0.36276275
0.457865417
0.649051191
0.649051191
0.621598875
0.634344593
0.634344593
0.634344593
0.593166119
0.613755356
0.594146559
0.632383714
0.752977817
0.757880016
0.828165299
0.876880905
0.925596511
0.975537667
0.997291176
1.106794054
1.143009051
1.09417089
1.181123651
1.199690731
1.191234437
1.211333454
1.158634811
1.137923019
1.141660946
1.121623207
0.972657624
0.962546838
0.935094522
0.758860456
0.686981959
0.658978145
0.595065721
0.563752923
0.577846746
0.530172858
0.49273231
0.393646606
0.312760317
0.134810482
0.134810482
0.035050725
0.035050725
0.07549387
0.035050725
0.035050725
0.035050725
0.07010145
0.035050725
0
0
0
0
0.064709031
0.064709031
0.064709031
0.064709031
0.064709031
0.064709031
0
0
0
0
0
0.056620402
0.169861207
0.169861207
0.169861207
0.169861207
0.169861207
0.169861207
0.234570238
0.234570238
0.264228544
0.301975479
0.261532334
0.261532334
0.175253626
0.175253626
0.175253626
0.175253626
0.063728591
0.063728591
0.082356949
0.058826392
0.224520729
0.197068413
0.259816564
0.279425362
0.322564716
0.354919231
0.354919231
0.421589142
0.421589142
0.421589142
0.434334861
0.434334861
0.487278613
0.838276085
0.880435
0.850041364
0.850041364
0.850041364
0.855924003
0.825530367
0.850041364
1.195891526
1.325799809
1.359870094
1.395901259
1.443820257
1.503136869
1.571461272
1.583900603
1.617725779
1.612333359
1.68096415
1.710622456
1.666870327
1.689420444
1.641256335
1.590273462
1.540883804
1.297979827
1.110960923
1.09417089
0.829819792
0.710206128
0.650031631
0.58581282
0.545185843
0.558483059
0.463748057
0.474532895
0.301975479
0.301975479
0.301975479
0.129418062
0.129418062
0.188734674
0.059316612
0.102455966
0.150987739
0.150987739
0.150987739
0.107848385
0.107848385
0.059316612
0.059316612
0.059316612
0.051227983
0
0
0
0.107848385
0.14559532
0.14559532
0.14559532
0.183342255
0.275013382
0.231874028
0.194127093
0.156380159
0.177949836
0.177949836
0.21839298
0.21839298
0.299279269
0.269620963
0.196823303
0.304671688
0.36668451
0.444874589
0.504191201
0.444874589
0.612039586
0.66057136
0.240207767
0.240207767
0.240207767
0.349036592
0.36668451
0.355899671
0.376488909
0.396097706
0.394136826
0.661796909
0.661796909
0.65885559
0.65885559
0.641207672
0.619637995
0.746114738
0.768664855
0.7304277
0.751997377
0.742192978
0.73238858
0.908867756
0.851021804
0.907887316
0.895141598
0.951087947
0.991592369
1.312134928
1.402029008
1.472130459
1.520662232
1.557367449
1.625079078
1.668279709
1.618706219
1.576731137
1.453256991
1.473172176
1.404480108
1.360115204
1.268689186
1.170829032
1.2063087
0.995146464
0.836070096
0.682447424
0.665963779
0.578336966
0.500024332
0.51252494
0.411784744
0.358350771
0.36668451
0.250747496
0.250747496
0.156380159
0.051227983
0.051227983
0
0
0.040443144
0.040443144
0.040443144
0.029658306
0.029658306
0.029658306
0.029658306
0
0
0
0
0
0
0
0
0
0.043139354
0
0.051227983
0.088974918
0.088974918
0.191430884
0.110544595
0.110544595
0.110544595
0.051227983
0.051227983
0.153683949
0.153683949
0.153683949
0.245355076
0.245355076
0.245355076
0.191430884
0.140202901
0.183342255
0.123535423
0.159811698
0.14412466
0.215696771
0.215696771
0.322564716
0.322564716
0.424530462
0.403941225
0.51375049
0.51375049
0.529437528
0.530417967
0.609833597
0.607872717
0.680425267
0.676503507
0.780430133
0.780430133
0.840236965
0.80199981
0.815725968
0.797097611
0.863767522
0.868669721
0.962546838
1.004828308
1.174750792
1.451051001
1.523603552
1.584023158
1.592602007
1.632432377
1.640704838
1.554977627
1.558531722
1.478993538
1.46428694
1.439408278
1.401906453
1.368694053
1.411465742
1.333398218
1.083079664
0.977253436
0.909174143
0.856904443
0.719336474
0.681405707
0.653218061
0.635692698
0.590224799
0.504191201
0.339722414
0.280405802
0.223785399
0.223785399
0.113240805
0.113240805
0.051227983
0.051227983
0.051227983
0.091671127
0.091671127
0.14829153
0.14829153
0.086278708
0.129418062
0.194127093
0.14829153
0.064709031
0.064709031
0.064709031
0.064709031
0.161772578
0.161772578
0.132114272
0.132114272
0.253443705
0.204911932
0.237266448
0.256139915
0.256139915
0.409823864
0.334329994
0.372076929
0.29388685
0.36938072
0.396342816
0.396342816
0.215696771
0.304671688
0.304671688
0.396342816
0.458355637
0.550026765
0.248051286
0.278444922
0.274523162
0.304916798
0.370606269
0.387273747
0.351977912
0.383351988
0.383351988
0.489239493
0.5853226
0.5853226
0.527476648
0.515711369
0.534339727
0.594146559
0.635325033
0.620618435
0.661796909
0.699053624
0.736310339
0.736310339
0.749056058
0.816706408
0.840236965
0.932337035
0.969532472
1.047845107
1.102994849
1.173586519
1.253737478
1.333275663
1.422128025
1.410914244
1.443452592
1.403009448
1.266238087
1.311460876
1.216970983
1.097970095
0.937300512
0.956480367
0.887543189
0.862174307
0.842688065
0.866096067
0.791705192
0.542489633
0.497573232
0.464789774
0.36545896
0.305652128
0.226481609
0.180646045
0.094367337
0.094367337
0.094367337
0.094367337
0.059316612
0.059316612
0.059316612
0.059316612
0.059316612
0.113240805
0.159076368
0.099759756
0.177949836
0.177949836
0.177949836
0.258836125
0.283102011
0.237266448
0.183342255
0.105152176
0.156380159
0.283102011
0.288494431
0.396342816
0.382861768
0.3639883
0.361292091
0.399039025
0.307367898
0.256139915
0.21839298
0.175253626
0.242658867
0.299279269
0.234570238
0.339722414
0.275013382
0.43948217
0.43948217
0.374773139
0.231874028
0.129418062
0.166674777
0.313740757
0.385312867
0.426491342
0.418647823
0.443158819
0.456884978
0.405902105
0.389234627
0.408843424
0.408843424
0.466689376
0.456884978
0.447080579
0.423550022
0.423550022
0.408843424
0.424530462
0.467669816
0.421589142
0.465708936
0.486298174
0.536300607
0.573557322
0.599048758
0.65836537
0.712534673
0.733491575
0.751262047
0.78882515
0.927496113
0.992205144
1.055933736
1.086143539
1.0563014
1.105200839
0.94882068
0.982707133
0.944898921
0.976395551
0.972596347
0.96861331
0.954213099
0.93294981
0.866953951
0.804879852
0.773076834
0.793420961
0.688759006
0.663267569
0.617677116
0.632383714
0.612039586
0.558115394
0.434089751
0.318152737
0.248051286
0.037746935
0.037746935
0.037746935
0.037746935
0
0
0
0.053924193
0
0.056620402
0.056620402
0.056620402
0.056620402
0.113240805
0.056620402
0.056620402
0.056620402
0.094367337
0.129418062
0.129418062
0.129418062
0.210304351
0.107848385
0.161772578
0.250747496
0.355899671
0.417912493
0.461051847
0.461051847
0.541938136
0.647090312
0.595862329
0.749546277
0.763027326
0.563507813
0.461051847
0.482621524
0.482621524
0.58238128
0.253933925
0.29609284
0.283347121
0.341193073
0.391195507
0.400019465
0.427471782
0.428452221
0.484337294
0.519633129
0.556889844
0.557870284
0.598068318
0.644148992
0.641207672
0.613755356
0.621598875
0.651012071
0.686307906
0.670620868
0.708858023
0.706897143
0.709838463
0.740232099
0.758860456
0.806289235
0.814010199
0.859232987
0.939996721
0.986996557
1.033996394
1.02603032
0.867689281
0.834905823
0.76952274
0.797465276
0.780675243
0.808556502
0.726138276
0.676258398
0.535320167
0.552048922
0.568777677
0.585506432
0.555909404
0.462522507
0.475023115
0.442117102
0.397078146
0.288923373
0.185303135
0.089587693
0.045835564
0.045835564
0.045835564
0.045835564
0.045835564
0.045835564
0.045835564
0.080886289
0.080886289
0.080886289
0.080886289
0.080886289
0.035050725
0.035050725
0.035050725
0.035050725
0.035050725
0.088974918
0.088974918
0.088974918
0.053924193
0.053924193
0.053924193
0.053924193
0.053924193
0.134810482
0.175253626
0.385557977
0.277709592
0.299279269
0.239962657
0.29388685
0.250747496
0.250747496
0.250747496
0.428697331
0.382861768
0.342418623
0.288494431
0.288494431
0.320848946
0.266924754
0.469140476
0.301975479
0.14314422
0.187264014
0.173537856
0.211775011
0.299034159
0.299034159
0.488259053
0.447080579
0.504926531
0.504926531
0.596107438
0.65689471
0.608853157
0.624540195
0.65885559
0.683366587
0.683366587
0.73336902
0.73336902
0.73336902
0.751997377
0.723564621
0.722584181
0.72944726
0.744153858
0.791705192
1.079831957
1.097908817
1.137310244
1.290687806
1.326535138
1.361463309
1.491249036
1.530405353
1.494435466
1.427826832
1.480709307
1.414529616
1.42837833
1.401906453
1.194175757
1.073765486
1.070885443
0.988712327
0.816216188
0.793543516
0.677606502
0.580726788
0.595617219
0.572821992
0.329427795
0.205524707
0.210304351
0.169861207
0.169861207
0.099759756
0.062012822
0.062012822
0
0.032354516
0
0
0
0
0
0
0
0
0
0
0
0
0.102455966
0.102455966
0.056620402
0.056620402
0.056620402
0.094367337
0.088974918
0.088974918
0.056620402
0.097063547
0.097063547
0.097063547
0.097063547
0.097063547
0.153683949
0.097063547
0.234570238
0.234570238
0.234570238
0.285798221
0.188734674
0.105152176
0.105152176
0.105152176
0.054904632
0.054904632
0.1451051
0.1451051
0.198048853
0.241188207
0.241188207
0.261777444
0.278444922
0.537281047
0.537281047
0.530417967
0.536300607
0.536300607
0.611794476
0.644148992
0.747095178
0.747095178
0.726505941
0.744153858
0.722584181
0.770625735
0.821608608
0.787293212
0.764743095
0.822956712
1.149320633
1.193379149
1.253737478
1.303556079
1.377763121
1.388241573
1.428010665
1.510490168
1.513554043
1.446026247
1.367468503
1.384319813
1.319917169
1.265135092
1.160840801
1.106120001
1.02504988
0.965120493
0.913279735
0.832087059
0.747462843
0.664370564
0.539241926
0.386906082
0.355164341
0.252953485
0.258836125
0.132114272
0.132114272
0.132114272
0.132114272
0.132114272
0.196823303
0.059316612
0.059316612
0.059316612
0.059316612
0.059316612
0.059316612
0.107848385
0.107848385
0.059316612
0.099759756
0.091671127
0.091671127
0.207608142
0.207608142
0.105152176
0.169861207
0.169861207
0.105152176
0.105152176
0.105152176
0.040443144
0.040443144
0.040443144
0.040443144
0.040443144
0.040443144
0.040443144
0
0.086278708
0.086278708
0.14829153
0.14829153
0.14829153
0.431393541
0.474532895
0.576988861
0.630913054
0.285308001
0.36472363
0.406882544
0.413745623
0.525515768
0.612774916
0.700034064
0.669640428
0.686307906
0.779449693
0.800038931
0.854943563
0.914750395
0.955928869
0.940241831
0.966713708
1.005931302
0.980439866
0.968674588
1.001029103
1.012794381
1.0206379
1.072601213
1.084366492
1.09809265
1.191724657
1.346756711
1.458833243
1.639785676
1.721774959
1.802416138
1.77159356
1.832442109
1.847516372
1.849722362
1.864612792
1.871904814
1.757499737
1.724348614
1.597565484
1.53340795
1.340690239
1.235476786
1.140986894
1.012549271
0.979459426
0.852247353
0.678709497
0.539241926
0.552722974
0.33200145
0.292477468
0.164468788
0.110544595
0.110544595
0.110544595
0.040443144
0.121329433
0.035050725
0.035050725
0.07279766
0.07279766
0.037746935
0.037746935
0
0.078190079
0.078190079
0.183342255
0.183342255
0.194127093
0.234570238
0.156380159
0.115937014
0.115937014
0.115937014
0.183342255
0.115937014
0.150987739
0.140202901
0.180646045
0.180646045
0.277709592
0.202215722
0.285798221
0.285798221
0.226481609
0.280405802
0.256139915
0.261532334
0.331633785
0.299279269
0.334329994
0.3639883
0.320848946
0.320848946
0.388254187
0.204911932
0.256875245
0.316682077
0.349036592
0.394136826
0.456884978
0.541202806
0.646109872
0.73336902
0.796117171
0.840236965
0.885337199
0.899063357
0.87847412
0.882395879
0.931417873
0.956909309
1.005931302
0.998087783
1.011813942
1.030442299
1.09711221
1.180449598
1.148095083
1.128486286
1.255269416
1.331314783
1.378498451
1.503749644
1.6059605
1.772757832
1.764546649
1.816264851
1.876623181
1.765281978
1.73225341
1.75523247
1.704188319
1.582797608
1.553874632
1.382420211
1.344734554
1.225059612
1.179591714
1.09858287
0.961321289
0.796362281
0.731285585
0.669150208
0.570309615
0.54818844
0.461113124
0.415216283
0.3639883
0.266924754
0.213000561
0.213000561
0.213000561
0.110544595
0.110544595
0.110544595
0.059316612
0.059316612
0
0
0
0
0.051227983
0
0
0.048531773
0.032354516
0
0.045835564
0.045835564
0.045835564
0
0.067405241
0.118633224
0.245355076
0.342418623
0.523064668
0.51227983
0.547330555
0.539241926
0.539241926
0.477229105
0.310064108
0.374773139
0.458355637
0.29388685
0.361292091
0.401735235
0.347811042
0.393646606
0.428697331
0.158831258
0.269620963
0.398058586
0.488259053
0.564733363
0.609833597
0.628461954
0.66081647
0.682386147
0.635325033
0.702975384
0.701014504
0.695131865
0.695131865
0.701014504
0.701014504
0.681405707
0.684347026
0.735329899
0.683366587
0.700034064
0.693170985
0.744153858
0.783371453
0.786312772
0.886501471
0.938648617
0.987302945
1.077258303
1.105384671
1.230819697
1.224753225
1.213294334
1.207166585
1.223588953
1.177998499
1.118681887
1.000477606
0.976150441
0.862419417
0.862787082
0.798752103
0.687533456
0.656281935
0.597823208
0.523738721
0.463380392
0.475574612
0.404431445
0.241188207
0.159566588
0.137016471
0.140202901
0.140202901
0.180646045
0.124025643
0.124025643
0.124025643
0.124025643
0.124025643
0.124025643
0.056620402
0.056620402
0.056620402
0.013481048
0.07279766
0
0.045835564
0.045835564
0.153683949
0.105152176
0.134810482
0.134810482
0.134810482
0.140202901
0.094367337
0.040443144
0.040443144
0.105152176
0.105152176
0
0.035050725
0.083582499
0.099759756
0.229177819
0.099759756
0.150987739
0.150987739
0.210304351
0.253443705
0.242658867
0.301975479
0.215696771
0.194127093
0.347811042
0.374773139
0.169616097
0.192166214
0.171576977
0.21765765
0.21765765
0.273542723
0.312760317
0.309818998
0.309818998
0.388254187
0.397078146
0.416686943
0.405902105
0.405902105
0.379430228
0.392175946
0.376488909
0.43825662
0.449041459
0.449041459
0.449041459
0.468650256
0.51375049
0.533359287
0.533359287
0.586486872
0.644148992
0.761434111
0.80641179
0.846732379
0.812907204
0.821669885
0.857394663
0.830310011
0.818912398
0.794156291
0.789254092
0.847651542
0.91732405
0.887114246
0.915730835
0.903904279
0.885459754
0.834293048
0.699298734
0.562282263
0.577479081
0.444506924
0.328447355
0.253750093
0.259939119
0.266128146
0.272317173
0.150987739
0.150987739
0.045835564
0.045835564
0.045835564
0.045835564
0
0
0
0.045835564
0
0
0.043139354
0.043139354
0.14829153
0.191430884
0.234570238
0.283102011
0.299279269
0.256139915
0.250747496
0.250747496
0.14559532
0.199519513
0.29388685
0.29388685
0.29388685
0.337026204
0.361292091
0.253443705
0.253443705
0.253443705
0.245355076
0.245355076
0.288494431
0.339722414
0.288494431
0.296583059
0.180646045
0.239962657
0.280405802
0.318152737
0.167164997
0.092161347
0.191185774
0.272562283
0.315701637
0.336290874
0.350997472
0.469630696
0.484337294
0.51080917
0.535320167
0.557870284
0.570616002
0.629442394
0.645129432
0.651012071
0.651992511
0.648070751
0.653953391
0.643168552
0.663757789
0.696112305
0.640227232
0.694151425
0.720623301
0.680425267
0.722951846
0.758860456
0.80101937
0.773321944
0.718049647
0.787293212
0.80616668
0.80150959
0.770564457
0.753590592
0.746176015
0.670865978
0.668169769
0.630545389
0.579378683
0.547085445
0.513627935
0.412520074
0.379614061
0.348546372
0.358228216
0.309696443
0.227033106
0.232854468
0.155767384
0.118388114
0.031619186
0.032354516
0.032354516
0.032354516
0.032354516
0
0
0.043139354
0.043139354
0.043139354
0.043139354
0.043139354
0.043139354
0.043139354
0.043139354
0.043139354
0.091671127
0.140202901
0.140202901
0.140202901
0.140202901
0.22108919
0.22108919
0.22108919
0.132114272
0.183342255
0.183342255
0.229177819
0.186038465
0.097063547
0.097063547
0.115937014
0.175253626
0.175253626
0.110544595
0.110544595
0.110544595
0.110544595
0.169861207
0.164468788
0.215696771
0.277709592
0.342418623
0.444874589
0.428697331
0.199029293
0.207853252
0.238246887
0.303936358
0.36570407
0.398058586
0.4353153
0.501004771
0.551007205
0.567674682
0.616696676
0.65689471
0.606892277
0.639246793
0.639246793
0.669640428
0.651992511
0.671601308
0.624540195
0.607872717
0.589244359
0.551007205
0.573557322
0.681405707
0.700034064
0.786496605
0.848203039
0.876697073
0.904455776
0.890484508
0.932888532
0.894957765
0.888278519
0.76903252
0.799793821
0.830555121
0.80126448
0.829881069
0.823569487
0.719949249
0.58826392
0.574292651
0.535442722
0.41821888
0.348546372
0.358228216
0.332981889
0.265270261
0.213245671
0.218576813
0.190450444
0.144921268
0.14829153
0.080886289
0.134810482
0.175253626
0.115937014
0.053924193
0.053924193
0.105152176
0.053924193
0.053924193
0.053924193
0.059316612
0.059316612
0.059316612
0.059316612
0
0
0.053924193
0.053924193
0
0.037746935
0.037746935
0.088974918
0.088974918
0.037746935
0.037746935
0.037746935
0.037746935
0.026962096
0.026962096
0.026962096
0.078190079
0.132114272
0.132114272
0.132114272
0.132114272
0.105152176
0.105152176
0.105152176
0.105152176
0.105152176
0.051227983
0.051227983
0.404431445
0.162753018
0.173537856
0.194127093
0.232364248
0.269620963
0.332369115
0.375508469
0.447080579
0.520613569
0.634344593
0.694151425
0.717681982
0.725525501
0.782391013
0.834354326
0.852002243
0.922593914
0.900043797
0.942202711
0.942202711
0.955928869
0.975537667
1.002009543
1.116721007
1.162801681
1.236518503
1.31697585
1.390141175
1.420412256
1.508161624
1.60694094
1.651796064
1.695670748
1.636109026
1.548604768
1.570113168
1.420657366
1.29546745
1.262929102
1.15305856
0.935339632
0.861438977
0.750036497
0.692742043
0.712534673
0.698318294
0.631035609
0.607014832
0.517182029
0.437153625
0.229055264
0.152826064
0.107848385
0.107848385
0.107848385
0.107848385
0.107848385
0.059316612
0.059316612
0
0
0
0
0
0
0
0.035050725
0.062012822
0.097063547
0.097063547
0.097063547
0.097063547
0.097063547
0.159076368
0.097063547
0.097063547
0.097063547
0.062012822
0.105152176
0.164468788
0.121329433
0.121329433
0.121329433
0.107848385
0.107848385
0.107848385
0.107848385
0.048531773
0.169861207
0.169861207
0.169861207
0.169861207
0.169861207
0.169861207
0.223785399
0.312760317
0.14412466
0.182361815
0.236286008
0.316682077
0.36472363
0.4402175
0.481395974
0.515711369
0.488259053
0.518652689
0.463748057
0.444139259
0.486298174
0.501985211
0.528457088
0.571596442
0.58238128
0.615716236
0.65493383
0.674542628
0.814745529
0.891219838
0.985342065
0.970635467
1.01965746
1.091719791
1.233148241
1.280699575
1.306436121
1.371757927
1.410117637
1.458710688
1.489778376
1.57176766
1.527892976
1.475807108
1.417225826
1.362995246
1.35484534
1.278432308
1.080444732
1.027255869
1.018799576
1.029461859
0.869159941
0.893303273
0.763762656
0.635692698
0.600519418
0.346708048
0.301117594
0.276667875
0.283102011
0.283102011
0.239962657
0.237266448
0.186038465
0.07279766
0.167164997
0.091671127
0.091671127
0.091671127
0.091671127
0.091671127
0.091671127
0.091671127
0.091671127
0.091671127
0.056620402
0.056620402
0.056620402
0.056620402
0.056620402
0.056620402
0.121329433
0.150987739
0.121329433
0.121329433
0.121329433
0.121329433
0.121329433
0.121329433
0.064709031
0.172557416
0.172557416
0.172557416
0.102455966
0.102455966
0.037746935
0.086278708
0.086278708
0.124025643
0.086278708
0.124025643
0.194127093
0.3639883
0.14804642
0.229422929
0.300995039
0.390215067
0.462767617
0.463748057
0.43629574
0.492180813
0.685327466
0.645129432
0.663757789
0.702975384
0.762782216
0.772586614
0.792195412
0.839256525
0.838276085
0.894161158
0.903965556
0.895141598
0.910828635
0.958870189
1.09515133
1.143192884
1.200058396
1.287562654
1.371022597
1.444861975
1.17285119
1.216051821
1.237560221
1.24025643
1.232412911
1.233209519
1.266605752
1.219360806
1.122113426
1.000477606
0.909970751
0.940303109
0.970635467
0.879638392
0.906294101
0.93294981
0.915485725
0.847957929
0.812662094
0.826878472
0.7304277
0.452227888
0.36545896
0.229239096
0.234570238
0.064709031
0.064709031
0.064709031
0.037746935
0.037746935
0.078190079
0.048531773
0.048531773
0.048531773
0.097063547
0.215696771
0.215696771
0.261532334
0.213000561
0.180646045
0.180646045
0.180646045
0.134810482
0.169861207
0.245355076
0.269620963
0.202215722
0.164468788
0.164468788
0.164468788
0.132114272
0.067405241
0.256139915
0.256139915
0.202215722
0.269620963
0.310064108
0.310064108
0.345114833
0.36668451
0.334329994
0.269620963
0.231874028
0.223785399
0.264228544
0.312760317
0.347811042
0.533849507
0.21961853
0.200009733
0.300995039
0.314721197
0.298053719
0.298053719
0.298053719
0.268640523
0.469630696
0.486298174
0.470611136
0.497083012
0.523554888
0.541202806
0.571596442
0.590224799
0.58630304
0.591205239
0.597087878
0.620618435
0.636305473
0.633364153
0.633364153
0.682386147
0.682386147
0.735452454
0.776508374
0.787048102
0.780675243
0.819709005
0.833128776
0.856904443
0.945634251
0.93294981
0.946369581
0.982768411
0.94710491
0.899185912
0.924677349
0.871917428
0.813765089
0.788641317
0.777121149
0.761372833
0.630913054
0.596291271
0.58679326
0.602235188
0.544144126
0.522574449
0.465831491
0.426859007
0.388254187
0.342418623
0.264228544
0.215696771
0.167164997
0.132114272
0.172557416
0.129418062
0.129418062
0.088974918
0.153683949
0.153683949
0.14559532
0.121329433
0.121329433
0.088974918
0.088974918
0.088974918
0.150987739
0.21839298
0.296583059
0.350507252
0.288494431
0.339722414
0.280405802
0.283102011
0.213000561
0.213000561
0.304671688
0.213000561
0.164468788
0.242658867
0.202215722
0.334329994
0.304671688
0.307367898
0.304671688
0.374773139
0.374773139
0.474532895
0.541938136
0.525760878
0.558115394
0.773812164
0.315701637
0.328447355
0.357860551
0.36472363
0.36570407
0.36766495
0.383351988
0.377469348
0.375508469
0.404921665
0.397078146
0.400019465
0.404921665
0.404921665
0.403941225
0.429432661
0.432373981
0.432373981
0.394136826
0.405902105
0.402960785
0.422569582
0.413745623
0.479435094
0.528457088
0.609404654
0.651869956
0.649663966
0.712044453
0.741212539
0.752242487
0.758247681
0.701504724
0.730734088
0.724912726
0.708122693
0.73434946
0.680609099
0.687533456
0.725648056
0.721603741
0.762353273
0.785454888
0.737780999
0.778714363
0.698318294
0.635692698
0.633302876
0.485317734
0.439666002
0.427226672
0.34517611
0.353203462
0.280405802
0.280405802
0.213000561
0.213000561
0.169861207
0.169861207
0.169861207
0.169861207
0.213000561
0.229177819
0.186038465
0.153683949
0.091671127
0.091671127
0.045835564
0
0.062012822
0.048531773
0.094367337
0.094367337
0.048531773
0.083582499
0
0.132114272
0.242658867
0.280405802
0.134810482
0.177949836
0.134810482
0.134810482
0.134810482
0.118633224
0.156380159
0.248051286
0.194127093
0.283102011
0.277709592
0.307367898
0.404431445
0.380165558
0.380165558
0.380165558
0.380165558
0.180400935
0.190205334
0.238246887
0.21863809
0.270601403
0.300014599
0.316682077
0.316682077
0.341193073
0.350997472
0.350997472
0.371586709
0.379430228
0.379430228
0.394136826
0.44217838
0.472572015
0.455904538
0.461787177
0.43727618
0.472572015
0.521594009
0.551987645
0.597087878
0.597087878
0.645864762
0.692680765
0.771912562
0.816216188
0.832577279
0.872223816
0.893548383
0.932398312
0.939077559
0.928844218
0.896734812
0.869895271
0.870753156
0.80150959
0.797832941
0.703955824
0.667311884
0.518775244
0.534033339
0.5139956
0.428513499
0.395852596
0.360863148
0.296583059
0.251237716
0.205892372
0.210794571
0.215696771
0.115937014
0.115937014
0.07549387
0.07549387
0.07549387
0.129418062
0.102455966
0.053924193
0.115937014
0.115937014
0.115937014
0.115937014
0.175253626
0.113240805
0.107848385
0.107848385
0.107848385
0.169861207
0.159076368
0.159076368
0.115937014
0.115937014
0.102455966
0.062012822
0.062012822
0.105152176
0.156380159
0.213000561
0.161772578
0.161772578
0.196823303
0.140202901
0.140202901
0.253443705
0.347811042
0.285798221
0.353203462
0.428697331
0.431393541
0.506887411
0.377469348
0.43948217
0.506887411
0.200009733
0.22157941
0.273542723
0.299034159
0.288249321
0.287268881
0.330408235
0.350997472
0.428452221
0.475513335
0.499043892
0.565713803
0.554928964
0.603950957
0.637285913
0.561792043
0.539241926
0.551007205
0.629442394
0.646109872
0.682386147
0.716701542
0.758860456
0.782391013
0.781410573
0.829207017
0.939751611
0.991960034
1.044168457
1.079648125
1.105445949
1.076768083
1.09417089
1.055504793
1.06267426
0.982768411
0.986567615
0.91340229
0.867689281
0.786435327
0.811804209
0.778530531
0.695867195
0.716333877
0.595617219
0.557747729
0.516936919
0.513811767
0.279425362
0.23867583
0.208466027
0.160730861
0.164468788
0.164468788
0.118633224
0.118633224
0.118633224
0.051227983
0.051227983
0
0
0
0.105152176
0.105152176
0.153683949
0.102455966
0.102455966
0.102455966
0.048531773
0
0
0
0
0
0
0
0
0
0
0.094367337
0.094367337
0.124025643
0.199519513
0.199519513
0.199519513
0.256139915
0.315456527
0.207608142
0.105152176
0.043139354
0.088974918
0.134810482
0.153683949
0.107848385
0.14829153
0.288494431
0.117652784
0.157850818
0.180400935
0.22157941
0.284327561
0.371586709
0.393156386
0.486298174
0.526496208
0.524535328
0.58434216
0.569635562
0.590224799
0.569635562
0.564733363
0.556889844
0.565713803
0.608853157
0.637285913
0.626501074
0.671601308
0.738271219
0.855924003
0.868669721
0.927496113
0.98546462
1.100788859
1.166600885
1.246384179
1.284253669
1.27665526
1.26421593
1.292709963
1.299082822
1.234741456
1.17138053
1.144418433
1.123093866
1.125054746
1.07707447
1.062796815
0.982768411
0.87504258
0.780675243
0.690474776
0.578153133
0.593778894
0.5281507
0.325996255
0.286410996
0.198171408
0.179175386
0.183342255
0.132114272
0.132114272
0.132114272
0.067405241
0.067405241
0.067405241
0.067405241
0.110544595
0.043139354
0.132114272
0.140202901
0.140202901
0.140202901
0.261532334
0.107848385
0.107848385
0.107848385
0.172557416
0.107848385
0.056620402
0.056620402
0.056620402
0
0
0
0
0
0.029658306
0.07549387
0.07549387
0.07549387
0.14559532
0.07549387
0.07549387
0.045835564
0.040443144
0.088974918
0.088974918
0.156380159
0.156380159
0.156380159
0.345114833
0.463748057
0.195107533
0.189224894
0.223540289
0.273542723
0.273542723
0.297073279
0.370606269
0.420608702
0.493161253
0.475513335
0.501985211
0.501985211
0.458845857
0.478454655
0.521594009
0.541202806
0.554928964
0.539241926
0.58728348
0.677483947
0.717681982
0.751997377
0.87749368
0.891219838
0.891219838
0.974005729
0.975047447
1.029216749
1.058875055
1.111818808
1.17015498
1.181062373
1.154467942
1.129037783
1.107284273
1.116782285
1.051766866
0.989815322
0.867689281
0.811130157
0.694151425
0.643045997
0.539609591
0.555480462
0.489729713
0.457987972
0.291068085
0.267660083
0.193636874
0.092957955
0.048899438
0.050063711
0.051227983
0.051227983
0.051227983
0
0
0.07549387
0.102455966
0.102455966
0.153683949
0.153683949
0.169861207
0.169861207
0.118633224
0.091671127
0.091671127
0.07549387
0.07549387
0
0
0
0.043139354
0.043139354
0.091671127
0.099759756
0.099759756
0.099759756
0.188734674
0.14289911
0.14559532
0.14829153
0.14829153
0.14829153
0.088974918
0.088974918
0.088974918
0.043139354
0.043139354
0.043139354
0.328937575
0.283102011
0.180646045
0.14289911
0.248051286
0.401735235
0.14608554
0.184322695
0.230403369
0.287268881
0.356880111
0.400019465
0.479435094
0.462767617
0.563752923
0.622579315
0.683366587
0.703955824
0.793175852
0.835334766
0.835334766
0.923574354
0.909848196
0.871611041
0.872591481
0.929456993
0.915730835
0.923574354
0.95102667
0.998087783
1.061816375
1.109428986
1.1349817
1.174750792
1.121378097
1.201896721
1.249693164
1.306497399
1.336829757
1.329721568
1.31280898
1.292158466
1.261090777
1.211946229
1.220647633
1.191050605
1.100053529
0.996923511
0.956296534
0.864319019
0.842688065
0.584954935
0.482008749
0.432557813
0.416686943
0.283898619
0.290822975
0.297747332
0.159076368
0.159076368
0.083582499
0.083582499
0.083582499
0.083582499
0
0
0
0
0.040443144
0.094367337
0.035050725
0.07279766
0.037746935
0.091671127
0.043139354
0.097063547
0.07549387
0.07549387
0.129418062
0.164468788
0.237266448
0.22108919
0.231874028
0.14829153
0.126721853
0.07549387
0.07549387
0.215696771
0.215696771
0.172557416
0.172557416
0.118633224
0.159076368
0.196823303
0.264228544
0.304671688
0.215696771
0.266924754
0.36668451
0.409823864
0.461051847
0.390950397
0.193146654
0.21961853
0.277464482
0.325506036
0.381391108
0.449041459
0.459826297
0.521594009
0.533359287
0.515711369
0.540222366
0.541202806
0.550026765
0.580420401
0.595126999
0.615716236
0.649051191
0.65983603
0.65787515
0.631403274
0.58336172
0.573557322
0.58140084
0.561792043
0.559831163
0.619821828
0.668414879
0.705549039
0.720623301
0.779817358
0.845261719
0.872407648
0.975047447
0.998823113
1.024437105
1.04067564
1.09294534
1.083998827
1.029461859
0.925106291
0.929456993
0.851328191
0.743786193
0.701320892
0.652972951
0.489729713
0.456394758
0.470794968
0.399529245
0.303997636
0.311412212
0.318826789
0.326241365
0.285798221
0.140202901
0.140202901
0.07279766
0
0
0
0.080886289
0.032354516
0.032354516
0.059316612
0.059316612
0.059316612
0.059316612
0.032354516
0.083582499
0.083582499
0.196823303
0.199519513
0.248051286
0.428697331
0.382861768
0.380165558
0.423304912
0.3639883
0.331633785
0.388254187
0.36668451
0.277709592
0.229177819
0.29388685
0.250747496
0.207608142
0.159076368
0.234570238
0.334329994
0.353203462
0.434089751
0.550026765
0.558115394
0.595862329
0.533849507
0.647090312
0.267660083
0.319623396
0.36276275
0.355899671
0.418647823
0.443158819
0.44119794
0.411784744
0.389234627
0.416686943
0.431393541
0.399039025
0.388254187
0.405902105
0.431393541
0.451982778
0.465708936
0.465708936
0.465708936
0.484337294
0.461787177
0.461787177
0.461787177
0.469630696
0.457865417
0.497940897
0.563630368
0.594943166
0.648315861
0.702607719
0.750894382
0.742744476
0.758860456
0.790479642
0.775895599
0.805737737
0.837295645
0.785454888
0.748198173
0.600274308
0.592185679
0.523738721
0.487523723
0.473981398
0.416932053
0.428513499
0.353938792
0.32979546
0.272072063
0.236163453
0.159566588
0.044793846
0.045835564
0.045835564
0.035050725
0.035050725
0.035050725
0.035050725
0.035050725
0
0
0
0
0.043139354
0.078190079
0.124025643
0.124025643
0.124025643
0.161772578
0.177949836
0.132114272
0.172557416
0.113240805
0.180646045
0.180646045
0.229177819
0.296583059
0.210304351
0.22108919
0.261532334
0.261532334
0.14559532
0.132114272
0.167164997
0.21839298
0.245355076
0.277709592
0.361292091
0.361292091
0.463748057
0.558115394
0.630913054
0.466444266
0.434089751
0.450267008
0.43948217
0.207853252
0.215696771
0.213735891
0.271581843
0.343153953
0.333349554
0.319623396
0.311779877
0.36570407
0.418647823
0.529437528
0.545124565
0.609833597
0.647090312
0.682386147
0.718662422
0.741212539
0.80592157
0.80592157
0.794156291
0.80396069
0.838276085
0.902004677
0.894161158
0.906906876
0.926086731
1.026888204
1.022231115
0.796607391
0.765662258
0.802122365
0.810394827
0.767684415
0.776692206
0.787048102
0.766029923
0.794401401
0.757022131
0.764743095
0.727547658
0.698073185
0.630913054
0.650031631
0.64126895
0.597823208
0.587222202
0.502965651
0.415829058
0.306387458
0.258774847
0.177582171
0.142286336
0.051227983
0.051227983
0.051227983
0.051227983
0
0
0.029658306
0.029658306
0.029658306
0.029658306
0.029658306
0.029658306
0.029658306
0
0
0.07549387
0.07549387
0.07549387
0
0.032354516
0.032354516
0.032354516
0.080886289
0.080886289
0.115937014
0.137506691
0.056620402
0.056620402
0.056620402
0.083582499
0.086278708
0.086278708
0.14559532
0.14559532
0.14559532
0.107848385
0.191430884
0.242658867
0.342418623
0.426001122
0.374773139
0.417912493
0.482621524
0.431393541
0.175498736
0.189224894
0.21961853
0.197068413
0.240207767
0.264718764
0.29315152
0.304916798
0.307858118
0.29119064
0.301975479
0.310799438
0.323545156
0.335310434
0.355899671
0.359821431
0.339232194
0.370606269
0.370606269
0.391195507
0.375508469
0.399039025
0.395117266
0.454924098
0.456884978
0.504191201
0.522819559
0.55186509
0.609098267
0.625398079
0.679444827
0.675094125
0.638266353
0.65566916
0.723319511
0.675032848
0.700034064
0.682386147
0.602970518
0.596475103
0.51178961
0.465096161
0.479189984
0.471836685
0.432373981
0.358228216
0.309696443
0.179236663
0.14951708
0.153255007
0.061767712
0.028984254
0.029658306
0.029658306
0.029658306
0.029658306
0
0
0.051227983
0.051227983
0.051227983
0.051227983
0.051227983
0.051227983
0.051227983
0
0.062012822
0
0
0
0
0
0
0.040443144
0.088974918
0.040443144
0.080886289
0.083582499
0.083582499
0.083582499
0.083582499
0.083582499
0.159076368
0.159076368
0.231874028
0.304671688
0.237266448
0.237266448
0.186038465
0.186038465
0.167164997
0.129418062
0.129418062
0.099759756
0.045835564
0.21839298
0.114711464
0.129418062
0.162753018
0.164713898
0.236286008
0.278444922
0.403941225
0.499043892
0.558850724
0.558850724
0.545124565
0.603950957
0.603950957
0.594146559
0.590224799
0.611794476
0.616696676
0.619637995
0.624540195
0.671601308
0.686307906
0.651012071
0.718662422
0.705916703
0.741212539
0.831290451
0.882395879
0.906968153
0.974312117
1.068066679
1.164762561
1.178243609
1.200058396
1.145889093
1.164640006
1.154835607
1.108387268
1.009362842
0.972473792
0.957399529
0.866708841
0.719887972
0.695867195
0.613387691
0.597823208
0.603093073
0.521594009
0.49469319
0.387273747
0.396955591
0.277954702
0.213429503
0.159076368
0.099759756
0.099759756
0.07549387
0
0.032354516
0.051227983
0.051227983
0.051227983
0.051227983
0.080886289
0.080886289
0.080886289
0.051227983
0.051227983
0.051227983
0.043139354
0.043139354
0.043139354
0.043139354
0.043139354
0.043139354
0.121329433
0.099759756
0.099759756
0.099759756
0.099759756
0.107848385
0.107848385
0.107848385
0.107848385
0.080886289
0.024265887
0.083582499
0.083582499
0.083582499
0.118633224
0.118633224
0.118633224
0.156380159
0.261532334
0.078190079
0.353203462
0.482621524
0.200990173
0.233344688
0.268640523
0.311779877
0.344134393
0.384332427
0.492180813
0.459826297
0.452963218
0.446100139
0.485317734
0.521594009
0.531398407
0.538261486
0.551007205
0.577479081
0.626501074
0.693170985
0.710818903
0.726505941
0.73140814
0.769645295
0.824549927
0.871611041
0.933378752
0.962546838
1.053360081
1.072294826
1.152016842
1.203183548
1.224079173
1.2585784
1.266238087
1.289891199
1.241114315
1.174689514
1.177018059
1.181736426
1.13056972
1.086572481
1.007892182
0.992879197
0.860458537
0.78710938
0.767684415
0.748198173
0.738148664
0.697828075
0.644639212
0.620557158
0.609956152
0.524351496
0.396342816
0.312760317
0.207608142
0.207608142
0.045835564
0.07279766
0.07279766
0.026962096
0.026962096
0.026962096
0
0
0
0
0
0
0
0
0
0
0.048531773
0.048531773
0.048531773
0.048531773
0.048531773
0.048531773
0
0
0
0
0.045835564
0.045835564
0.086278708
0.137506691
0.137506691
0.086278708
0.086278708
0.086278708
0.115937014
0.156380159
0.213000561
0.156380159
0.177949836
0.215696771
0.111770145
0.111770145
0.200009733
0.240207767
0.300995039
0.354919231
0.381391108
0.374528029
0.431393541
0.421589142
0.492180813
0.462767617
0.472572015
0.44119794
0.472572015
0.521594009
0.593166119
0.613755356
0.644148992
0.632383714
0.685327466
0.771606174
0.786312772
0.824549927
0.898082917
1.014632706
1.089758911
1.139822622
1.057649505
1.110531981
1.183636028
1.183881138
1.157409262
1.205634648
1.253860033
1.254105143
1.247364619
1.178182331
1.027623534
0.963098336
0.888278519
0.742131701
0.650031631
0.596229993
0.575763311
0.47612611
0.458723302
0.427778169
0.262267664
0.165816892
0.141551006
0.100127421
0.102455966
0.102455966
0.062012822
0.062012822
0.062012822
0.062012822
0.110544595
0.132114272
0.083582499
0.083582499
0.099759756
0.153683949
0.194127093
0.194127093
0.226481609
0.175253626
0.175253626
0.14289911
0.097063547
0.126721853
0.126721853
0.172557416
0.22108919
0.231874028
0.266924754
0.29388685
0.199519513
0.199519513
0.199519513
0.175253626
0.107848385
0.188734674
0.188734674
0.226481609
0.231874028
0.242658867
0.29119064
0.29119064
0.177949836
0.177949836
0.213000561
0.320848946
0.358595881
0.266924754
0.162753018
0.163733458
0.198048853
0.200009733
0.248051286
0.299034159
0.393156386
0.408843424
0.484337294
0.522574449
0.538261486
0.538261486
0.537281047
0.522574449
0.562772483
0.542183246
0.506887411
0.570616002
0.570616002
0.580420401
0.580420401
0.58434216
0.781410573
0.795136731
0.80690201
0.936503904
1.024682215
1.055995013
1.114024798
1.223772785
1.24025643
1.223343843
1.269179406
1.265380202
1.221995738
1.144908653
1.146134203
1.13375615
1.062551705
1.101769299
1.056914175
0.998945668
0.977130881
0.930805098
0.930927653
0.845690662
0.726505941
0.65959092
0.605421617
0.585383877
0.522451894
0.503272039
0.401735235
0.307367898
0.307367898
0.137506691
0.105152176
0.105152176
0.105152176
0.086278708
0.086278708
0.113240805
0.086278708
0.048531773
0.067405241
0.067405241
0.067405241
0.137506691
0.126721853
0.229177819
0.229177819
0.339722414
0.377469348
0.407127654
0.377469348
0.347811042
0.517672249
0.5877737
0.466444266
0.482621524
0.355899671
0.450267008
0.393646606
0.264228544
0.307367898
0.355899671
0.498798782
0.738761439
0.757634906
0.849306034
0.725280391
0.614735796
0.614735796
0.601254748
0.547330555
0.628216844
0.29609284
0.325506036
0.309818998
0.309818998
0.301975479
0.301975479
0.301975479
0.309818998
0.328447355
0.314721197
0.297073279
0.350017032
0.346095273
0.360801871
0.456884978
0.469630696
0.501004771
0.493161253
0.470611136
0.497083012
0.464728496
0.477474215
0.486298174
0.475513335
0.43629574
0.513566657
0.500759662
0.565836358
0.579685071
0.627971734
0.636305473
0.649725244
0.695622085
0.706223091
0.734472015
0.721358631
0.724054841
0.725035281
0.656281935
0.657262375
0.631403274
0.622824425
0.54794333
0.56405931
0.580175291
0.60536034
0.575150536
0.537709989
0.470611136
0.401980345
0.337148759
0.34517611
0.237266448
0.237266448
0.237266448
0.237266448
0.196823303
0.231874028
0.231874028
0.210304351
0.210304351
0.207608142
0.207608142
0.164468788
0.140202901
0.086278708
0.086278708
0.086278708
0.086278708
0.086278708
0.086278708
0.14559532
0.14559532
0.245355076
0.188734674
0.272317173
0.239962657
0.372076929
0.377469348
0.275013382
0.248051286
0.248051286
0.285798221
0.250747496
0.301975479
0.372076929
0.458355637
0.452963218
0.498798782
0.498798782
0.417912493
0.36668451
0.288494431
0.29119064
0.315456527
0.353203462
0.169616097
0.192166214
0.254914365
0.29119064
0.288249321
0.262757884
0.288249321
0.251973046
0.266679644
0.266679644
0.283347121
0.305897238
0.298053719
0.370606269
0.422569582
0.453943658
0.491200373
0.50884829
0.558850724
0.529437528
0.571596442
0.633364153
0.648070751
0.624540195
0.633364153
0.687533456
0.680547822
0.718356034
1.061326155
1.06291937
1.056914175
1.068311789
1.108877488
1.122910034
1.107284273
1.105200839
1.09637688
0.993369417
1.027623534
1.008688789
0.931417873
0.875594078
0.881292884
0.667005496
0.65517894
0.521471454
0.458723302
0.391930836
0.401980345
0.412029854
0.388621852
0.358350771
0.36668451
0.339722414
0.296583059
0.196823303
0.105152176
0.051227983
0.051227983
0.051227983
0.051227983
0
0.018873467
0.018873467
0.018873467
0.018873467
0.018873467
0.018873467
0.018873467
0
0
0.043139354
0
0
0
0
0
0.059316612
0.107848385
0.107848385
0.107848385
0.14559532
0.14559532
0.097063547
0.097063547
0.097063547
0.097063547
0.037746935
0.07549387
0.07549387
0.07549387
0.180646045
0.207608142
0.207608142
0.229177819
0.420608702
0.162753018
0.176479176
0.176479176
0.228442489
0.29413196
0.380410668
0.433354421
0.528457088
0.530417967
0.576498641
0.590224799
0.590224799
0.600029198
0.633364153
0.664738229
0.72846682
0.708858023
0.696112305
0.716701542
0.718662422
0.751016937
0.798078051
0.799058491
0.834354326
0.832393446
0.906294101
0.913279735
0.947717685
1.033138509
1.102811017
1.120275102
1.195156196
1.16623322
1.15354878
1.104097844
1.034057671
1.019167241
0.982707133
0.974312117
0.85672061
0.809843329
0.734043072
0.62294698
0.64126895
0.65959092
0.618963943
0.58213617
0.516201589
0.394627046
0.376856573
0.226481609
0.1475562
0.113240805
0.067405241
0.021569677
0.021569677
0.021569677
0
0
0
0
0.048531773
0.048531773
0.088974918
0.150987739
0.150987739
0.150987739
0.191430884
0.14289911
0.102455966
0.102455966
0.102455966
0.102455966
0.102455966
0.140202901
0.140202901
0.140202901
0.140202901
0.137506691
0.035050725
0.035050725
0.035050725
0.083582499
0.083582499
0.048531773
0.035050725
0.107848385
0.150987739
0.07010145
0.07010145
0.140202901
0.253443705
0.264228544
0.304671688
0.374773139
0.304671688
0.110789705
0.139222461
0.172557416
0.252953485
0.298053719
0.355899671
0.378449788
0.449041459
0.479435094
0.479435094
0.51080917
0.534339727
0.610814036
0.65983603
0.638266353
0.661796909
0.681405707
0.676503507
0.708858023
0.701994944
0.784351893
0.872591481
0.922593914
1.012794381
1.036324938
1.101095247
1.107406828
1.11420863
1.150791293
1.196749411
1.168806875
1.233209519
1.230942252
1.259252453
1.285724329
1.285540497
1.23878577
1.210169182
1.05703673
1.092271288
0.992205144
0.916037222
0.847957929
0.737780999
0.688268786
0.707387363
0.726505941
0.58311661
0.43629574
0.374344196
0.350017032
0.324096653
0.256139915
0.213000561
0.150987739
0.150987739
0.040443144
0
0.102455966
0.102455966
0.056620402
0.056620402
0
0
0.067405241
0.102455966
0.102455966
0.102455966
0.035050725
0.07549387
0.105152176
0.113240805
0.078190079
0
0
0
0
0
0
0.07549387
0.037746935
0.091671127
0.177949836
0.177949836
0.121329433
0.121329433
0.121329433
0.121329433
0.172557416
0.188734674
0.137506691
0.137506691
0.213000561
0.326241365
0.304671688
0.347811042
0.156870379
0.195107533
0.232364248
0.244129527
0.268640523
0.320603836
0.320603836
0.427471782
0.525515768
0.625520634
0.624540195
0.690229666
0.715721102
0.702975384
0.714740662
0.72846682
0.832393446
0.819647728
0.858865323
0.919652594
0.973576787
1.008872622
1.050051096
1.050051096
1.054953296
1.174015462
1.168071545
1.222485958
1.228000932
1.268811741
1.358889654
1.417838601
1.46183584
1.530405353
1.527892976
1.421208863
1.451541221
1.416306664
1.349330365
1.320223557
1.227510712
1.225427277
1.122971311
1.008014737
0.893425828
0.718723699
0.603093073
0.587896255
0.495122132
0.507500186
0.40406378
0.413684346
0.239962657
0.161772578
0.161772578
0.161772578
0.102455966
0.07279766
0.032354516
0.032354516
0.032354516
0.078190079
0.078190079
0.078190079
0.032354516
0.07549387
0.032354516
0.059316612
0.026962096
0.051227983
0.051227983
0.051227983
0.051227983
0.051227983
0.051227983
0.051227983
0.051227983
0.051227983
0.102455966
0.153683949
0.102455966
0.102455966
0.102455966
0.102455966
0.167164997
0.207608142
0.140202901
0.140202901
0.140202901
0.196823303
0.169861207
0.250747496
0.21839298
0.183342255
0.223785399
0.43948217
0.223540289
0.223540289
0.223540289
0.242168647
0.338251754
0.360801871
0.360801871
0.383351988
0.374528029
0.426491342
0.445119699
0.469630696
0.486298174
0.51375049
0.555909404
0.58826392
0.58826392
0.607872717
0.597087878
0.609833597
0.684347026
0.727486381
0.754938697
0.843178285
0.822589047
0.884418037
0.997107344
1.0396952
1.058875055
1.087369089
1.083876272
1.113412023
1.127996066
1.174995902
1.105691059
1.019167241
1.014019931
0.884969534
0.829084462
0.792134134
0.754938697
0.746176015
0.614613241
0.632690101
0.472081795
0.358228216
0.325996255
0.334575104
0.242658867
0.248725339
0.25479181
0.208159639
0.213000561
0.150987739
0.121329433
0.150987739
0.086278708
0.037746935
0.07279766
0.035050725
0.067405241
0.118633224
0.118633224
0.156380159
0.126721853
0.137506691
0.094367337
0.094367337
0.094367337
0.094367337
0.094367337
0.094367337
0.094367337
0.043139354
0.043139354
0.102455966
0.194127093
0.175253626
0.229177819
0.229177819
0.248051286
0.215696771
0.304671688
0.175253626
0.229177819
0.14559532
0.186038465
0.22108919
0.318152737
0.301975479
0.22108919
0.272317173
0.269620963
0.269620963
0.269620963
0.301975479
0.109809265
0.14706598
0.196087973
0.226481609
0.212755451
0.251973046
0.345114833
0.359821431
0.465708936
0.478454655
0.505906971
0.468650256
0.530417967
0.594146559
0.558850724
0.604931397
0.608853157
0.612774916
0.65689471
0.637285913
0.636305473
0.622579315
0.653953391
0.681405707
0.670620868
0.70940952
0.761066446
0.826633362
0.823569487
0.858313825
0.885704864
0.951333057
1.013284601
1.035589608
1.005318527
1.002622318
1.039756478
0.943612093
0.898940802
0.904210666
0.933378752
0.889749178
0.806289235
0.735636287
0.719152642
0.673378355
0.58679326
0.559218389
0.551497425
0.401980345
0.270233738
0.152826064
0.121329433
0.121329433
0.086278708
0.037746935
0
0
0
0
0
0.037746935
0.037746935
0
0
0
0.040443144
0.083582499
0.129418062
0.086278708
0.040443144
0.040443144
0.107848385
0.137506691
0.137506691
0.183342255
0.183342255
0.234570238
0.374773139
0.417912493
0.550026765
0.51497604
0.471836685
0.226481609
0.277709592
0.239962657
0.269620963
0.296583059
0.239962657
0.326241365
0.43948217
0.455659428
0.463748057
0.541938136
0.552722974
0.639001683
0.232364248
0.246090406
0.21961853
0.235305568
0.235305568
0.268640523
0.270601403
0.309818998
0.340212633
0.408843424
0.402960785
0.44119794
0.471591576
0.453943658
0.467669816
0.491200373
0.522574449
0.522574449
0.547085445
0.547085445
0.526496208
0.552968084
0.540222366
0.563752923
0.533359287
0.590653742
0.701504724
0.723013124
0.783126343
0.801693423
0.8398693
0.907642206
0.911809075
0.94980112
0.873081701
0.817319183
0.811559099
0.767684415
0.794156291
0.748443283
0.772586614
0.796729946
0.820873278
0.80641179
0.745624518
0.73459457
0.640349787
0.511421945
0.426491342
0.394443214
0.303691248
0.208159639
0.213000561
0.213000561
0.099759756
0.099759756
0.099759756
0.053924193
0.029658306
0.029658306
0.029658306
0
0
0
0
0
0.045835564
0.045835564
0
0.045835564
0.045835564
0.137506691
0.196823303
0.250747496
0.307367898
0.269620963
0.280405802
0.334329994
0.253443705
0.239962657
0.234570238
0.223785399
0.264228544
0.385557977
0.420608702
0.334329994
0.334329994
0.463748057
0.479925314
0.579685071
0.550026765
0.555419184
0.644394102
0.461051847
0.372076929
0.353203462
0.134320262
0.150987739
0.163733458
0.237266448
0.299034159
0.336290874
0.349036592
0.411784744
0.466689376
0.515711369
0.548065885
0.521594009
0.546105005
0.590224799
0.607872717
0.599048758
0.560811603
0.551007205
0.537281047
0.552968084
0.546105005
0.546105005
0.556889844
0.553948524
0.504926531
0.519816961
0.581278286
0.60658589
0.756164247
0.784964668
0.789989422
0.825898032
0.904455776
0.871672318
0.925657788
0.913279735
0.859600652
0.817441738
0.821731163
0.676258398
0.641207672
0.639001683
0.627113849
0.574782871
0.553703414
0.496531515
0.4377664
0.351303859
0.404431445
0.334146162
0.342296068
0.350445975
0.296583059
0.223785399
0.186038465
0.150987739
0.091671127
0.048531773
0.113240805
0.080886289
0.080886289
0.080886289
0.080886289
0.080886289
0.107848385
0.107848385
0.064709031
0.102455966
0.124025643
0.086278708
0.053924193
0.053924193
0.099759756
0.099759756
0.099759756
0.078190079
0.099759756
0.099759756
0.099759756
0.153683949
0.121329433
0.121329433
0.210304351
0.161772578
0.107848385
0.132114272
0.199519513
0.167164997
0.207608142
0.237266448
0.239962657
0.372076929
0.355899671
0.320848946
0.407127654
0.528457088
0.212755451
0.223540289
0.249031726
0.241188207
0.254914365
0.29413196
0.339232194
0.400019465
0.434334861
0.445119699
0.452963218
0.493161253
0.496102572
0.529437528
0.574537761
0.574537761
0.558850724
0.558850724
0.577479081
0.595126999
0.629442394
0.651992511
0.689249226
0.746114738
0.754938697
0.816706408
0.892322833
0.941896324
1.008627512
1.025601377
1.017819136
1.064083642
1.032403179
1.027929922
1.069047119
1.057220563
1.005441082
0.970267802
0.968797142
0.927005893
0.856904443
0.788641317
0.710451238
0.66057136
0.619883105
0.571351332
0.468037481
0.408659592
0.419138043
0.324096653
0.262512774
0.23450896
0.194127093
0.14559532
0.107848385
0.07549387
0.032354516
0.032354516
0.032354516
0.032354516
0
0
0
0.067405241
0.067405241
0.067405241
0.067405241
0.024265887
0.024265887
0.024265887
0.024265887
0
0.086278708
0.040443144
0.080886289
0.040443144
0.040443144
0
0
0
0
0
0
0.029658306
0.029658306
0.078190079
0.078190079
0.118633224
0.118633224
0.078190079
0.132114272
0.102455966
0.053924193
0.118633224
0.086278708
0.086278708
0.031374076
0.049021993
0.202951052
0.198048853
0.287268881
0.329427795
0.287268881
0.36668451
0.4353153
0.448061019
0.489239493
0.496102572
0.460806737
0.50982873
0.565713803
0.601009638
0.671601308
0.673562188
0.683366587
0.690229666
0.714740662
0.765723535
0.797097611
0.852002243
0.854943563
0.929211883
1.003725313
1.051337924
1.16672344
1.163291901
1.186332238
1.24025643
1.229471592
1.274571826
1.285724329
1.219360806
1.201038836
1.151526622
1.05703673
0.947901518
0.913769955
0.849306034
0.850041364
0.802122365
0.65517894
0.673378355
0.558850724
0.520981234
0.490219933
0.381881328
0.241923537
0.194984978
0.121329433
0
0
0
0
0
0.067405241
0.067405241
0.067405241
0.067405241
0.067405241
0.067405241
0.110544595
0.110544595
0.110544595
0.110544595
0.14829153
0.080886289
0.126721853
0.129418062
0.088974918
0.088974918
0.088974918
0.043139354
0
0
0
0
0
0.026962096
0.026962096
0.026962096
0.026962096
0.026962096
0.026962096
0.026962096
0.102455966
0.126721853
0.159076368
0.132114272
0.107848385
0.099759756
0.091671127
0.169861207
0.07549387
0.087259148
0.14314422
0.156870379
0.213735891
0.242168647
0.2902102
0.310799438
0.345114833
0.433354421
0.394136826
0.369625829
0.405902105
0.424530462
0.398058586
0.428452221
0.420608702
0.484337294
0.501985211
0.533359287
0.543163686
0.574537761
0.616696676
0.673562188
0.701014504
0.714618107
0.783126343
0.86039726
0.865238182
0.927802501
0.971983572
1.018983408
1.019167241
0.981971803
1.002132098
0.999313333
1.008872622
0.996923511
1.023946885
0.978295154
0.839256525
0.790663474
0.668782544
0.651992511
0.566939352
0.582687668
0.55186509
0.547269278
0.561301823
0.444690757
0.344869723
0.263493214
0.115937014
0.115937014
0.078190079
0.037746935
0.037746935
0.037746935
0.099759756
0.062012822
0.062012822
0.040443144
0.062012822
0
0
0
0
0.037746935
0
0.059316612
0
0
0
0
0.045835564
0.115937014
0.115937014
0.107848385
0.07279766
0.110544595
0.124025643
0.124025643
0.124025643
0.124025643
0.124025643
0.124025643
0.124025643
0.137506691
0.137506691
0.086278708
0.150987739
0.150987739
0.113240805
0.113240805
0.164468788
0.248051286
0.099024426
0.162753018
0.250992606
0.282366681
0.327466915
0.338251754
0.374528029
0.413745623
0.428452221
0.443158819
0.432373981
0.474532895
0.455904538
0.493161253
0.522574449
0.51375049
0.521594009
0.549046325
0.589244359
0.651992511
0.701014504
0.714740662
0.751016937
0.828471687
0.821608608
0.886501471
0.956296534
0.9849744
1.270895176
1.330579453
1.393940379
1.427704277
1.445658582
1.489043046
1.467350814
1.474152616
1.46355161
1.393205049
1.338300417
1.278432308
1.235354231
1.049499599
0.979214316
0.85574017
0.847100044
0.802612585
0.759105566
0.71455683
0.58336172
0.472326905
0.411784744
0.363620635
0.280405802
0.223785399
0.223785399
0.137506691
0.132114272
0.051227983
0
0
0
0
0.040443144
0.040443144
0.040443144
0.07010145
0.07010145
0.107848385
0.07010145
0.07010145
0.105152176
0.113240805
0.169861207
0.150987739
0.191430884
0.150987739
0.150987739
0.150987739
0.226481609
0.226481609
0.283102011
0.315456527
0.320848946
0.334329994
0.29119064
0.337026204
0.337026204
0.239962657
0.239962657
0.239962657
0.126721853
0.099759756
0.099759756
0.199519513
0.307367898
0.288494431
0.153929059
0.153929059
0.179420495
0.249031726
0.302955919
0.273542723
0.300995039
0.321584276
0.335310434
0.400019465
0.424530462
0.421589142
0.465708936
0.548065885
0.58728348
0.601009638
0.619637995
0.605911837
0.614735796
0.614735796
0.623559755
0.665718669
0.682386147
0.702975384
0.72944726
0.739619324
0.821731163
0.899982519
0.94980112
0.988283385
1.017819136
1.064083642
1.089758911
0.963588556
0.933623862
0.951333057
0.986567615
1.011139889
1.051521756
1.033383619
1.000048663
1.031300184
1.029216749
1.091658513
1.067699014
0.850225196
0.777733924
0.652421453
0.453453438
0.424591739
0.36545896
0.30828706
0.223785399
0.186038465
0.137506691
0.137506691
0.107848385
0.080886289
0.037746935
0.037746935
0.07279766
0.07279766
0.07279766
0.161772578
0.161772578
0.126721853
0.132114272
0.126721853
0.191430884
0.161772578
0.188734674
0.188734674
0.237266448
0.261532334
0.388254187
0.415216283
0.353203462
0.256139915
0.256139915
0.180646045
0.180646045
0.180646045
0.229177819
0.223785399
0.159076368
0.161772578
0.161772578
0.177949836
0.337026204
0.288494431
0.304671688
0.296583059
0.382861768
0.469140476
0.474532895
0.380165558
0.236286008
0.250012166
0.264718764
0.173537856
0.200990173
0.265699204
0.318642956
0.330408235
0.358840991
0.345114833
0.400019465
0.342173513
0.36864539
0.385312867
0.395117266
0.415706503
0.444139259
0.444139259
0.498063452
0.499043892
0.535320167
0.536300607
0.552968084
0.543163686
0.558850724
0.606279502
0.683856806
0.740477209
0.810088439
0.814561696
0.873571921
0.82448865
0.858865323
0.81958645
0.791827747
0.736249062
0.852982683
0.825040147
0.731285585
0.752793985
0.743418528
0.632567546
0.626378519
0.616574121
0.563752923
0.555235352
0.507009966
0.445303532
0.380165558
0.315456527
0.283102011
0.22108919
0.183342255
0.094367337
0.056620402
0.056620402
0.056620402
0
0
0.062012822
0.091671127
0.040443144
0.040443144
0.040443144
0
0
0
0.078190079
0.040443144
0.067405241
0.110544595
0.083582499
0.159076368
0.194127093
0.194127093
0.167164997
0.167164997
0.196823303
0.318152737
0.250747496
0.277709592
0.315456527
0.277709592
0.299279269
0.253443705
0.21839298
0.261532334
0.280405802
0.399039025
0.523064668
0.469140476
0.428697331
0.190205334
0.204911932
0.253933925
0.311779877
0.344134393
0.397078146
0.44119794
0.434334861
0.4402175
0.421589142
0.488259053
0.516691809
0.545124565
0.553948524
0.593166119
0.58238128
0.563752923
0.599048758
0.607872717
0.623559755
0.611794476
0.620618435
0.629442394
0.629442394
0.641207672
0.694825477
0.735697564
0.759105566
0.638511463
0.670437036
0.678096722
0.621537598
0.667679549
0.571412609
0.576743751
0.598926203
0.578214411
0.568655122
0.568042347
0.486298174
0.433354421
0.408475759
0.36668451
0.325996255
0.297808609
0.306081071
0.291068085
0.181626485
0.151968179
0.067834183
0.069488675
0.03688905
0
0
0
0
0
0
0.035050725
0.035050725
0.035050725
0.035050725
0.035050725
0.035050725
0.126721853
0.080886289
0.035050725
0.035050725
0.067405241
0.113240805
0.113240805
0.080886289
0.080886289
0.080886289
0.124025643
0.080886289
0.080886289
0.115937014
0.07010145
0.07010145
0.07279766
0.07279766
0.07279766
0.118633224
0.118633224
0.118633224
0.118633224
0.183342255
0.183342255
0.183342255
0.229177819
0.285798221
0.202215722
0.215696771
0.159076368
0.188734674
0.068630791
0.068630791
0.068630791
0.068630791
0.090200468
0.090200468
0.122554983
0.130398502
0.108828825
0.108828825
0.108828825
0.089220028
0.089220028
0.089220028
0.100985306
0.100985306
0.100985306
0.089220028
0.125496303
0.125496303
0.125496303
0.140202901
0.142163781
0.134320262
0.122554983
0.121880931
0.164346233
0.19909057
0.234080018
0.248357674
0.215696771
0.279057697
0.29119064
0.349281702
0.36325297
0.393769161
0.468405146
0.430045436
0.47612611
0.495796185
0.474532895
0.489362048
0.433354421
0.446100139
0.419138043
0.371831819
0.344624613
0.327405638
0.254914365
0.261287224
0.267660083
0.23450896
0.129418062
0.083582499
0.083582499
0.083582499
0.083582499
0
0
0
0
0
0
0
0
0
0
0
0
0
0
0
0
0
0
0
0.266924754
0.304671688
0.304671688
0.245355076
0.207608142
0.153683949
0.110544595
0.110544595
0.14289911
0.188734674
0.188734674
0.223785399
0.204911932
0.250747496
0.202215722
0.237266448
0.326241365
0.296583059
0.326241365
0.345114833
0.131378942
0.14804642
0.175498736
0.244129527
0.297073279
0.279425362
0.348056152
0.473552455
0.523554888
0.545124565
0.548065885
0.568655122
0.596107438
0.622579315
0.672581748
0.73434946
0.748075618
0.800038931
0.778469254
0.887298079
0.919652594
0.973576787
0.981420306
1.012794381
1.028481419
1.094844943
1.228736262
1.344734554
1.417961156
1.513308933
1.519314127
1.554548685
1.517720912
1.42470168
1.433893304
1.363301633
1.321142719
1.24393308
1.237192556
1.246139069
1.119662327
1.083876272
0.972964012
0.862174307
0.723564621
0.689249226
0.62172143
0.563998033
0.384822647
0.298972882
0.275381047
0.205524707
0.078190079
0.040443144
0
0
0
0
0
0.032354516
0.07010145
0.037746935
0.037746935
0.037746935
0.037746935
0.037746935
0.037746935
0.037746935
0
0.045835564
0.045835564
0.080886289
0.137506691
0.07010145
0.07010145
0.07010145
0.07010145
0.07010145
0.07010145
0.105152176
0.07010145
0.102455966
0.064709031
0.132114272
0.07549387
0
0
0
0
0
0.067405241
0.067405241
0.067405241
0.134810482
0.159076368
0.215696771
0.14706598
0.127457183
0.141183341
0.232364248
0.270601403
0.300995039
0.309818998
0.355899671
0.414726063
0.453943658
0.443158819
0.431393541
0.488259053
0.488259053
0.495122132
0.500024332
0.519633129
0.498063452
0.519633129
0.51178961
0.573557322
0.626501074
0.612774916
0.713760222
0.786312772
0.842749342
0.965120493
0.983810128
1.033138509
1.064206197
1.06095849
1.124687081
1.141232004
1.210230459
1.186945013
1.211088344
1.137555354
1.149749575
1.088288251
1.092271288
1.047109777
0.924125851
0.8042058
0.684163194
0.577969301
0.510135118
0.470366026
0.482744079
0.377469348
0.386906082
0.362885305
0.2951124
0.301975479
0.167164997
0.129418062
0.053924193
0.083582499
0.083582499
0.118633224
0.118633224
0.102455966
0.102455966
0.102455966
0.029658306
0.048531773
0
0
0
0
0
0
0.048531773
0
0
0
0
0.040443144
0.137506691
0.134810482
0.134810482
0.121329433
0.07549387
0.07549387
0.110544595
0.110544595
0.110544595
0.110544595
0.110544595
0.115937014
0.21839298
0.169861207
0.213000561
0.213000561
0.248051286
0.277709592
0.242658867
0.07647431
0.188244454
0.22059897
0.298053719
0.300014599
0.311779877
0.399039025
0.410804304
0.4402175
0.50884829
0.477474215
0.491200373
0.521594009
0.545124565
0.58140084
0.624540195
0.639246793
0.708858023
0.72944726
0.713760222
0.813765089
0.809843329
0.871611041
0.913769955
0.932398312
1.057343118
1.133878705
1.18406497
1.143437994
1.200609893
1.155325827
1.207840637
1.208882355
1.211762397
1.190131442
1.159799084
1.178733829
1.144418433
1.049683431
0.972596347
0.935339632
0.820995833
0.762537106
0.754938697
0.750036497
0.641636615
0.561179268
0.415829058
0.330898455
0.301485259
0.267660083
0.274032943
0.191430884
0.14289911
0.07549387
0.07549387
0.124025643
0.099759756
0.099759756
0.099759756
0.099759756
0.048531773
0.083582499
0.083582499
0.083582499
0.083582499
0.083582499
0.083582499
0.035050725
0.080886289
0.080886289
0.113240805
0.113240805
0.113240805
0.113240805
0.078190079
0.045835564
0.045835564
0.024265887
0.086278708
0.129418062
0.129418062
0.129418062
0.115937014
0.164468788
0.223785399
0.164468788
0.199519513
0.250747496
0.207608142
0.283102011
0.283102011
0.22108919
0.315456527
0.320848946
0.320848946
0.116672344
0.185303135
0.225501169
0.21961853
0.261777444
0.353938792
0.400999905
0.4402175
0.424530462
0.446100139
0.50884829
0.478454655
0.533359287
0.598068318
0.592185679
0.65493383
0.677483947
0.696112305
0.713760222
0.719642862
0.695131865
0.710818903
0.696112305
0.736310339
0.752977817
0.817748126
0.865850957
0.943060596
0.993920914
1.035895996
1.137800464
1.134552757
1.180939818
1.254656641
1.207656805
1.204470375
1.199323066
1.156857764
1.137923019
1.134062537
1.143192884
1.126341573
1.047967662
0.962975781
0.908867756
0.809414387
0.740477209
0.650031631
0.590715019
0.422079362
0.344869723
0.276667875
0.229177819
0.14559532
0.14559532
0.121329433
0.121329433
0.067405241
0.032354516
0.032354516
0
0
0.035050725
0.129418062
0.175253626
0.175253626
0.175253626
0.204911932
0.288494431
0.304671688
0.277709592
0.315456527
0.256139915
0.337026204
0.347811042
0.21839298
0.304671688
0.304671688
0.431393541
0.407127654
0.328937575
0.239962657
0.280405802
0.315456527
0.345114833
0.342418623
0.331633785
0.372076929
0.401735235
0.428697331
0.393646606
0.328937575
0.372076929
0.452963218
0.598558538
0.717191762
0.273542723
0.273542723
0.272562283
0.29413196
0.304916798
0.286288441
0.300995039
0.317662517
0.318642956
0.314721197
0.321584276
0.333349554
0.357860551
0.375508469
0.390215067
0.411784744
0.400019465
0.414726063
0.413745623
0.397078146
0.409823864
0.426491342
0.43923706
0.477474215
0.492180813
0.56356909
0.658487925
0.667128051
0.736555449
0.752793985
0.808862889
0.758247681
0.769155075
0.810394827
0.84281062
0.898389305
0.904210666
0.868976109
0.898940802
0.928905495
0.903965556
0.804818575
0.76878741
0.735636287
0.630913054
0.589489469
0.526251098
0.408659592
0.419138043
0.341683293
0.321706831
0.216064435
0.186038465
0.14559532
0.107848385
0.107848385
0.018873467
0.018873467
0.018873467
0.064709031
0.064709031
0.064709031
0.045835564
0.07279766
0.07279766
0.07279766
0.07279766
0.045835564
0.088974918
0.032354516
0.078190079
0.045835564
0.07279766
0.110544595
0.14289911
0.177949836
0.177949836
0.231874028
0.358595881
0.401735235
0.455659428
0.337026204
0.423304912
0.461051847
0.36938072
0.385557977
0.350507252
0.399039025
0.312760317
0.277709592
0.277709592
0.374773139
0.315456527
0.350507252
0.501494991
0.555419184
0.21765765
0.252953485
0.277464482
0.2902102
0.286288441
0.334329994
0.393156386
0.357860551
0.371586709
0.402960785
0.468650256
0.499043892
0.548065885
0.569635562
0.553948524
0.605911837
0.638266353
0.668659989
0.65983603
0.682386147
0.669640428
0.723564621
0.769645295
0.72846682
0.723564621
0.754203367
0.779817358
0.819647728
0.776998594
0.800406596
0.779204583
0.820260503
0.788273652
0.735329899
0.712167008
0.701504724
0.621108655
0.589979689
0.580910621
0.575579479
0.449041459
0.438808118
0.306264903
0.27237845
0.251482826
0.188183177
0.162998128
0.152948619
0.156870379
0.115569349
0.118388114
0.121206878
0.124025643
0.083582499
0.083582499
0.048531773
0.067405241
0.067405241
0.067405241
0.102455966
0.102455966
0.078190079
0.086278708
0.086278708
0.115937014
0.115937014
0.115937014
0.115937014
0.086278708
0.14289911
0.091671127
0.14829153
0.091671127
0.091671127
0.132114272
0.191430884
0.191430884
0.191430884
0.134810482
0.134810482
0.140202901
0.140202901
0.213000561
0.213000561
0.229177819
0.156380159
0.210304351
0.210304351
0.310064108
0.156380159
0.186038465
0.186038465
0.223785399
0.223785399
0.345114833
0.396342816
0.154909499
0.158831258
0.201970612
0.2902102
0.313740757
0.355899671
0.418647823
0.476493775
0.573557322
0.598068318
0.625520634
0.678464387
0.684347026
0.72846682
0.737290779
0.757880016
0.780430133
0.8755328
0.912789515
0.930437433
0.957889749
0.979459426
1.036324938
1.084366492
1.156919042
1.267770024
1.31256387
1.361034366
1.414284506
1.425804675
1.53683949
1.526361039
1.539780809
1.542660851
1.57250299
1.505587969
1.453256991
1.439408278
1.450438227
1.445597305
1.492229476
1.304291409
1.116721007
1.050908981
1.039021148
0.977192159
0.917446605
0.743234696
0.683856806
0.527599203
0.337148759
0.297747332
0.304671688
0.256139915
0.213000561
0.097063547
0.097063547
0.048531773
0.048531773
0.048531773
0.048531773
0
0.07279766
0.07549387
0.07549387
0.032354516
0.032354516
0.026962096
0.026962096
0.07279766
0.07279766
0.045835564
0.045835564
0.045835564
0.045835564
0
0
0
0
0.053924193
0.088974918
0.088974918
0.088974918
0.134810482
0.088974918
0.088974918
0.088974918
0.129418062
0.129418062
0.22108919
0.180646045
0.234570238
0.237266448
0.172557416
0.191430884
0.137506691
0.063728591
0.079415629
0.117652784
0.177459616
0.230403369
0.211775011
0.226481609
0.285308001
0.356880111
0.43727618
0.522574449
0.572576882
0.607872717
0.608853157
0.604931397
0.735329899
0.761801776
0.813765089
0.813765089
0.865728402
0.87945456
0.904945996
0.897102477
0.976518106
0.994166024
1.0563014
1.121745762
1.16892943
1.246384179
1.330579453
1.375066912
1.416429219
1.367713613
1.397126809
1.373351142
1.374883079
1.209617684
1.117762725
1.051521756
0.987793165
0.860826202
0.820995833
0.714618107
0.671294921
0.588999249
0.505600583
0.463380392
0.29633795
0.203441272
0.208527304
0.213613336
0.126476743
0.091671127
0.091671127
0.051227983
0.051227983
0.051227983
0
0
0
0
0.040443144
0.094367337
0.094367337
0.140202901
0.053924193
0
0
0
0.067405241
0.059316612
0.059316612
0.091671127
0.091671127
0.091671127
0.091671127
0.091671127
0.091671127
0.091671127
0.14559532
0.14559532
0.14559532
0.14559532
0.14559532
0.229177819
0.177949836
0.086278708
0.086278708
0.094367337
0.094367337
0.094367337
0
0.067405241
0.067405241
0.169861207
0.229177819
0.083337389
0.096083107
0.125496303
0.191185774
0.274523162
0.301975479
0.327466915
0.349036592
0.397078146
0.405902105
0.415706503
0.4353153
0.481395974
0.499043892
0.543163686
0.576498641
0.671601308
0.741212539
0.771606174
0.736310339
0.736310339
0.771606174
0.837295645
0.882395879
0.897102477
0.978172599
1.06218404
1.064144919
1.100543749
1.172299692
1.20655381
1.237437666
1.235354231
1.274571826
1.325554699
1.340138742
1.334868877
1.256372411
1.20410271
1.164456173
1.160840801
1.142518831
1.147972528
1.09809265
1.061081045
0.981726693
0.901146792
0.683489142
0.612774916
0.407005099
0.290822975
0.297747332
0.223785399
0.159076368
0.078190079
0.078190079
0.078190079
0
0
0.045835564
0.091671127
0.091671127
0.091671127
0.091671127
0.091671127
0.091671127
0.091671127
0.091671127
0.045835564
0
0
0
0
0.078190079
0.078190079
0.078190079
0.137506691
0.137506691
0.078190079
0.078190079
0.115937014
0.115937014
0.161772578
0.118633224
0.118633224
0.191430884
0.223785399
0.175253626
0.175253626
0.14289911
0.14289911
0.223785399
0.288494431
0.239962657
0.299279269
0.471836685
0.200990173
0.250012166
0.252953485
0.254914365
0.229422929
0.321584276
0.339232194
0.432373981
0.467669816
0.532378847
0.528457088
0.519633129
0.567674682
0.552968084
0.564733363
0.634344593
0.693170985
0.693170985
0.795136731
0.795136731
0.831413006
0.853963123
0.850041364
0.850041364
0.928476553
0.990673207
1.045639117
1.12934417
1.041717357
1.068066679
1.140496674
1.152874727
1.1706452
1.202570773
1.250673604
1.184616468
1.228491152
1.272365836
1.286827324
1.265135092
1.200058396
1.174873347
1.13547192
1.074500815
1.074316983
1.065615579
0.982645856
0.838827583
0.818667288
0.806473067
0.517304584
0.434763803
0.404431445
0.280405802
0.280405802
0.207608142
0.150987739
0.124025643
0.124025643
0.080886289
0.080886289
0.080886289
0.037746935
0.037746935
0
0.083582499
0.083582499
0.083582499
0.083582499
0.07279766
0.07279766
0.07279766
0.088974918
0.045835564
0.045835564
0.045835564
0.045835564
0.150987739
0.105152176
0.053924193
0.14289911
0.086278708
0.137506691
0.191430884
0.137506691
0.177949836
0.126721853
0.172557416
0.086278708
0.177949836
0.137506691
0.213000561
0.167164997
0.22108919
0.223785399
0.310064108
0.167655217
0.205892372
0.227462049
0.259816564
0.29119064
0.36374319
0.433354421
0.43727618
0.392175946
0.401980345
0.449041459
0.517672249
0.548065885
0.550026765
0.534339727
0.534339727
0.554928964
0.552968084
0.576498641
0.628461954
0.65591427
0.694151425
0.752977817
0.767684415
0.813765089
0.907335818
0.960708514
1.055995013
1.090739351
1.101524189
1.199813286
1.254350253
1.289768644
1.259252453
1.2825379
1.326902803
1.297121943
1.267034694
1.180204489
1.147359753
1.09809265
1.037366656
0.966713708
0.718478589
0.721358631
0.696051027
0.638021243
0.654811275
0.595617219
0.449715511
0.355164341
0.310921993
0.277709592
0.202215722
0.14289911
0.080886289
0.080886289
0.080886289
0.056620402
0.056620402
0.056620402
0.056620402
0.059316612
0
0.043139354
0.091671127
0.091671127
0.137506691
0.156380159
0.094367337
0.14289911
0.094367337
0.161772578
0.159076368
0.196823303
0.191430884
0.277709592
0.353203462
0.374773139
0.350507252
0.444874589
0.496102572
0.496102572
0.617432006
0.547330555
0.550026765
0.488013943
0.525760878
0.601254748
0.552722974
0.652482731
0.765723535
0.787293212
0.825040147
0.746850068
0.671356198
0.260797004
0.284327561
0.342173513
0.413745623
0.447080579
0.457865417
0.426491342
0.501985211
0.550026765
0.531398407
0.51277005
0.536300607
0.530417967
0.58238128
0.589244359
0.662777349
0.664738229
0.682386147
0.664738229
0.677483947
0.717681982
0.736310339
0.795136731
0.838276085
0.827491247
0.835457321
0.863644967
0.932582145
0.984116515
1.032035514
1.105445949
1.155693492
1.223588953
1.234741456
1.214029664
1.216051821
1.189028447
1.199506898
1.211456009
1.13596214
1.198097516
1.112186473
1.079219182
1.0015806
1.005931302
0.847957929
0.814990639
0.805370072
0.742683198
0.53011158
0.342296068
0.350445975
0.288494431
0.204911932
0.164468788
0.137506691
0.097063547
0.062012822
0.062012822
0.032354516
0.032354516
0.053924193
0.053924193
0.053924193
0.053924193
0.053924193
0.053924193
0.032354516
0.032354516
0.032354516
0.088974918
0.115937014
0.107848385
0.107848385
0.067405241
0.067405241
0.067405241
0.121329433
0.175253626
0.094367337
0.180646045
0.21839298
0.288494431
0.288494431
0.450267008
0.450267008
0.450267008
0.396342816
0.377469348
0.326241365
0.326241365
0.169861207
0.21839298
0.415216283
0.525760878
0.498798782
0.207853252
0.192166214
0.184322695
0.194127093
0.253933925
0.260797004
0.263738324
0.29413196
0.329427795
0.336290874
0.348056152
0.354919231
0.373547589
0.526496208
0.542183246
0.571596442
0.639246793
0.690229666
0.725525501
0.769645295
0.779449693
0.779449693
0.818667288
0.817686848
0.80298025
0.846916212
0.897837807
0.966346043
0.844403835
0.904639609
0.945021476
0.93442047
0.94857557
0.911502688
0.825285257
0.742867031
0.691455215
0.588202642
0.558850724
0.577479081
0.596107438
0.614735796
0.545859895
0.450389563
0.427962001
0.351426414
0.360924426
0.303507416
0.279425362
0.251237716
0.175008516
0.179175386
0.183342255
0.183342255
0.137506691
0.088974918
0.088974918
0.048531773
0.048531773
0
0
0
0.137506691
0.086278708
0.14289911
0.086278708
0.086278708
0
0
0.035050725
0.035050725
0.035050725
0.088974918
0.088974918
0.180646045
0.118633224
0.083582499
0.083582499
0.124025643
0.223785399
0.099759756
0.137506691
0.137506691
0.137506691
0.137506691
0.180646045
0.177949836
0.177949836
0.183342255
0.213000561
0.169861207
0.269620963
0.269620963
0.315456527
0.350507252
0.426001122
0.195107533
0.199029293
0.213735891
0.213735891
0.278444922
0.349036592
0.406882544
0.452963218
0.503946091
0.541202806
0.566694243
0.544144126
0.571596442
0.608853157
0.621598875
0.626501074
0.650031631
0.707877583
0.789254092
0.815725968
0.862787082
0.917691714
0.944163591
0.901024237
0.965733268
1.026091597
1.048948101
1.117701447
1.185106688
1.225059612
1.260478003
1.257169018
1.223588953
1.231677581
1.252266819
1.214397329
1.178733829
1.195952804
1.16917454
1.13596214
1.039266258
0.926148008
0.872959146
0.87504258
0.672826858
0.632567546
0.514608375
0.43972728
0.426491342
0.246212961
0.180155825
0.139651403
0.14289911
0.094367337
0.094367337
0.094367337
0.094367337
0.094367337
0.094367337
0.132114272
0.037746935
0.037746935
0
0
0.037746935
0.037746935
0.037746935
0.037746935
0
0
0
0.043139354
0.043139354
0.043139354
0.043139354
0.080886289
0.067405241
0.024265887
0.056620402
0.024265887
0.024265887
0.056620402
0.056620402
0.094367337
0.094367337
0.094367337
0.094367337
0.175253626
0.191430884
0.231874028
0.328937575
0.361292091
0.299279269
0.350507252
0.310064108
0.355899671
0.139222461
0.207853252
0.272562283
0.277464482
0.29315152
0.299034159
0.381391108
0.446100139
0.563752923
0.548065885
0.604931397
0.632383714
0.645129432
0.612774916
0.664738229
0.680425267
0.719642862
0.80101937
0.830432566
0.886317639
0.904945996
0.896122037
0.931417873
0.981420306
1.054953296
1.175057179
1.238663216
1.322613379
1.426540005
1.486285559
1.526054651
1.546092391
1.569194005
1.564107973
1.553384412
1.450989724
1.509877393
1.499827885
1.454114876
1.299327932
1.300063262
1.211272177
1.0563014
0.982278191
0.970635467
0.997597564
0.8755328
0.74801434
0.647090312
0.595433386
0.488994383
0.355715839
0.086278708
0.086278708
0.086278708
0.086278708
0.037746935
0.037746935
0
0
0.045835564
0.094367337
0.094367337
0.094367337
0
0
0
0.024265887
0.024265887
0.056620402
0.056620402
0.056620402
0
0.062012822
0.062012822
0.062012822
0.062012822
0.062012822
0.062012822
0.121329433
0.029658306
0.029658306
0.029658306
0.029658306
0.07549387
0.045835564
0.14829153
0.234570238
0.234570238
0.129418062
0.129418062
0.234570238
0.312760317
0.337026204
0.474532895
0.401735235
0.237266448
0.240207767
0.269620963
0.274523162
0.324525596
0.373547589
0.430413101
0.538261486
0.58434216
0.612774916
0.595126999
0.592185679
0.566694243
0.644148992
0.671601308
0.684347026
0.792195412
0.792195412
0.824549927
0.882395879
0.960831069
0.942202711
1.032403179
1.01965746
1.039266258
1.089636356
1.187925452
1.324941924
1.428991104
1.448967567
1.509877393
1.516495362
1.586841923
1.629981277
1.636231581
1.649528797
1.573360875
1.46428694
1.358521989
1.246139069
1.184371358
1.126341573
0.941712491
0.819280063
0.776508374
0.770870845
0.647335421
0.542489633
0.394627046
0.364294688
0.265086429
0.226604164
0.191430884
0.191430884
0.156380159
0.210304351
0.14829153
0.102455966
0.053924193
0.053924193
0.105152176
0.105152176
0.078190079
0.118633224
0.118633224
0.118633224
0.094367337
0.094367337
0.094367337
0.094367337
0.094367337
0.14559532
0.14559532
0.186038465
0.105152176
0.105152176
0.051227983
0.088974918
0.14829153
0.204911932
0.242658867
0.159076368
0.159076368
0.129418062
0.156380159
0.229177819
0.229177819
0.264228544
0.264228544
0.342418623
0.342418623
0.342418623
0.310064108
0.310064108
0.339722414
0.237266448
0.096083107
0.14412466
0.185303135
0.22255985
0.21863809
0.250992606
0.349036592
0.387273747
0.370606269
0.43629574
0.4402175
0.460806737
0.482376414
0.530417967
0.535320167
0.539241926
0.571596442
0.625520634
0.673562188
0.695131865
0.711799343
0.756899576
0.775527934
0.775527934
0.773567054
0.835457321
0.949678565
1.033873839
0.973086567
1.071927161
1.077135748
1.076768083
1.010343282
0.93294981
0.920878144
0.900043797
0.797832941
0.80322536
0.830922786
0.769338907
0.678464387
0.620802268
0.604196067
0.568348735
0.533849507
0.516936919
0.493651473
0.353693682
0.296583059
0.231138698
0.164713898
0.139651403
0.126721853
0.126721853
0.169861207
0.169861207
0.140202901
0.140202901
0.202215722
0.164468788
0.140202901
0.186038465
0.105152176
0.062012822
0
0.062012822
0.126721853
0.153683949
0.153683949
0.175253626
0.202215722
0.196823303
0.213000561
0.164468788
0.229177819
0.213000561
0.266924754
0.229177819
0.183342255
0.280405802
0.188734674
0.126721853
0.126721853
0.126721853
0.180646045
0.134810482
0.134810482
0.134810482
0.102455966
0.14289911
0.180646045
0.180646045
0.14289911
0.36668451
0.318152737
0.229177819
0.081376509
0.134320262
0.205892372
0.205892372
0.228442489
0.258836125
0.317662517
0.352958352
0.387273747
0.411784744
0.405902105
0.401980345
0.395117266
0.425510902
0.463748057
0.463748057
0.485317734
0.544144126
0.572576882
0.593166119
0.616696676
0.633364153
0.597087878
0.633364153
0.65689471
0.69795063
0.827246137
0.856904443
0.943673371
0.967694148
1.038040708
1.033077231
1.051521756
0.986567615
1.024437105
0.982768411
0.960831069
0.909848196
0.852982683
0.852921406
0.778469254
0.746176015
0.747953063
0.66057136
0.602235188
0.439849835
0.426123677
0.437337458
0.411784744
0.381881328
0.350017032
0.358350771
0.172557416
0.080886289
0.080886289
0.059316612
0.059316612
0.059316612
0.059316612
0.059316612
0.059316612
0.059316612
0.059316612
0.059316612
0.134810482
0.134810482
0.14559532
0.110544595
0.153683949
0.210304351
0.250747496
0.239962657
0.261532334
0.345114833
0.318152737
0.310064108
0.310064108
0.231874028
0.299279269
0.191430884
0.22108919
0.245355076
0.234570238
0.180646045
0.256139915
0.323545156
0.266924754
0.266924754
0.304671688
0.345114833
0.283102011
0.253443705
0.334329994
0.248051286
0.266924754
0.310064108
0.135300702
0.119613664
0.184322695
0.211775011
0.223540289
0.232364248
0.262757884
0.239227327
0.240207767
0.278444922
0.320603836
0.320603836
0.299034159
0.282366681
0.282366681
0.361782311
0.400019465
0.416686943
0.448061019
0.432373981
0.428452221
0.428452221
0.407862984
0.4402175
0.453943658
0.504191201
0.54818844
0.563507813
0.637285913
0.660142417
0.713147447
0.735697564
0.754448477
0.733797962
0.763149881
0.7709934
0.775527934
0.719704139
0.744521523
0.735146067
0.72944726
0.685511299
0.541693026
0.525454491
0.476493775
0.453453438
0.426123677
0.437337458
0.414235843
0.424591739
0.375753579
0.252953485
0.223785399
0.118633224
0.118633224
0.037746935
0.037746935
0.037746935
0
0
0
0
0
0
0
0
0
0
0.032354516
0.113240805
0.080886289
0.080886289
0.159076368
0.159076368
0.159076368
0.159076368
0.199519513
0.29388685
0.253443705
0.213000561
0.213000561
0.223785399
0.272317173
0.272317173
0.272317173
0.223785399
0.223785399
0.250747496
0.393646606
0.434089751
0.3639883
0.3639883
0.22108919
0.256139915
0.390950397
0.390950397
0.157850818
0.168635657
0.167655217
0.131378942
0.196087973
0.181381375
0.181381375
0.200990173
0.267660083
0.267660083
0.257855685
0.283347121
0.325506036
0.359821431
0.376488909
0.356880111
0.350017032
0.413745623
0.400999905
0.44217838
0.453943658
0.443158819
0.418647823
0.44217838
0.454924098
0.515650092
0.54818844
0.592614621
0.933868972
0.993430694
1.040736918
1.04435229
1.030932519
0.939077559
0.928844218
0.939751611
0.974557227
0.947166188
0.871365931
0.900411462
0.856904443
0.80077426
0.660448805
0.609098267
0.566939352
0.444384369
0.412152409
0.391930836
0.401980345
0.321584276
0.198171408
0.179175386
0.140202901
0.140202901
0.140202901
0.083582499
0.032354516
0.032354516
0
0
0
0
0.037746935
0.037746935
0.037746935
0
0
0
0
0
0
0
0.037746935
0.067405241
0.037746935
0.037746935
0.037746935
0.037746935
0.037746935
0
0
0
0
0
0
0
0
0
0.07549387
0.080886289
0.083582499
0.037746935
0.086278708
0.086278708
0.121329433
0.239962657
0.131378942
0.131378942
0.131378942
0.151968179
0.181381375
0.201970612
0.284327561
0.374528029
0.419628263
0.404921665
0.415706503
0.481395974
0.492180813
0.532378847
0.556889844
0.58728348
0.591205239
0.73238858
0.73434946
0.742192978
0.766703975
0.704936264
0.759840896
0.775527934
0.796117171
0.838582473
0.958502524
1.043188017
1.041717357
1.122113426
1.13375615
1.141599669
1.200058396
1.22095402
1.171012865
1.166417053
1.16672344
1.165743
1.147114643
1.141660946
1.035344498
1.067699014
0.952129665
0.977988766
0.979459426
0.979459426
0.861561532
0.843607227
0.767194195
0.510012563
0.445242254
0.350445975
0.307367898
0.256139915
0.199519513
0.118633224
0.118633224
0.102455966
0.105152176
0.105152176
0.043139354
0.021569677
0.053924193
0.150987739
0.172557416
0.186038465
0.132114272
0.132114272
0.132114272
0.121329433
0.175253626
0.118633224
0.156380159
0.118633224
0.161772578
0.161772578
0.188734674
0.188734674
0.167164997
0.124025643
0.124025643
0.177949836
0.177949836
0.177949836
0.177949836
0.14559532
0.277709592
0.310064108
0.234570238
0.188734674
0.229177819
0.226481609
0.177949836
0.118633224
0.118633224
0.167164997
0.091180908
0.131378942
0.186283575
0.253933925
0.268640523
0.345114833
0.36570407
0.455904538
0.491200373
0.515711369
0.465708936
0.499043892
0.496102572
0.549046325
0.630422834
0.692190545
0.799058491
0.783371453
0.825530367
0.850041364
0.864747962
0.883376319
0.901024237
0.921613474
0.887298079
0.954213099
1.065493024
1.13400126
1.192459987
1.252082986
1.317098405
1.357235162
1.38536153
1.374147749
1.304842906
1.267341082
1.285111554
1.220831465
1.17285119
1.143560549
1.064757694
0.901882122
0.822956712
0.795688229
0.785332333
0.723258234
0.591450349
0.607014832
0.58826392
0.427104117
0.342296068
0.350445975
0.283102011
0.283102011
0.226481609
0.129418062
0.026962096
0.026962096
0.026962096
0
0.059316612
0.059316612
0
0.045835564
0.037746935
0.040443144
0.040443144
0.040443144
0.094367337
0.094367337
0.126721853
0.086278708
0.086278708
0.086278708
0.086278708
0.086278708
0.086278708
0.086278708
0.086278708
0.086278708
0.107848385
0.07549387
0
0
0.021569677
0.07549387
0.07549387
0.115937014
0.153683949
0.153683949
0.153683949
0.14559532
0.180646045
0.159076368
0.159076368
0.202215722
0.118633224
0.139222461
0.186283575
0.225501169
0.233344688
0.265699204
0.282366681
0.349036592
0.386293307
0.450021898
0.463748057
0.458845857
0.527476648
0.521594009
0.528457088
0.559831163
0.647090312
0.66081647
0.721603741
0.768664855
0.775527934
0.80298025
0.773567054
0.813765089
0.864747962
0.91046097
0.978356431
1.052502196
1.185106688
1.172299692
1.193072762
1.2585784
1.236824891
1.24393308
1.2395211
1.174689514
1.218196533
1.147972528
1.062551705
0.936503904
0.707877583
0.681466984
0.612529806
0.589795857
0.522819559
0.439849835
0.384209872
0.365642793
0.375018249
0.324096653
0.290822975
0.297747332
0.231874028
0.196823303
0.196823303
0.156380159
0.080886289
0.040443144
0.040443144
0.080886289
0.040443144
0.088974918
0
0
0
0.021569677
0.021569677
0.021569677
0.126721853
0.126721853
0.105152176
0.14289911
0.14559532
0.180646045
0.180646045
0.180646045
0.239962657
0.285798221
0.245355076
0.194127093
0.194127093
0.175253626
0.175253626
0.175253626
0.223785399
0.334329994
0.169861207
0.172557416
0.156380159
0.22108919
0.288494431
0.377469348
0.50958362
0.469140476
0.614735796
0.458355637
0.166674777
0.209814131
0.265699204
0.318642956
0.345114833
0.319623396
0.337271314
0.354919231
0.422569582
0.444139259
0.470611136
0.468650256
0.444139259
0.463748057
0.502965651
0.522574449
0.561792043
0.578459521
0.626501074
0.675523068
0.670620868
0.670620868
0.713760222
0.778469254
0.796117171
0.889626623
0.929824658
0.966346043
1.323593819
1.328005798
1.325187034
1.400926013
1.447129242
1.482915297
1.489655821
1.546950276
1.491003926
1.522929499
1.466983149
1.371512817
1.290258863
1.273959051
1.27714548
1.278248475
1.219912303
1.222057015
0.922103694
0.712167008
0.595617219
0.540161089
0.380900888
0.363620635
0.234570238
0.234570238
0.121329433
0.043139354
0
0
0
0
0.032354516
0.032354516
0.032354516
0.032354516
0.032354516
0.032354516
0.032354516
0.113240805
0.032354516
0.186038465
0.199519513
0.196823303
0.196823303
0.110544595
0.110544595
0.110544595
0.110544595
0.121329433
0.121329433
0.153683949
0.153683949
0.14559532
0.07549387
0.07549387
0.113240805
0.113240805
0.14289911
0.113240805
0.107848385
0.094367337
0.062012822
0.107848385
0.140202901
0.132114272
0.194127093
0.14829153
0.109809265
0.109809265
0.1500073
0.252953485
0.305897238
0.275503602
0.263738324
0.262757884
0.29413196
0.339232194
0.355899671
0.382371548
0.387273747
0.400019465
0.405902105
0.44119794
0.443158819
0.44217838
0.476493775
0.465708936
0.507867851
0.498063452
0.51375049
0.528457088
0.492180813
0.522942113
0.558115394
0.58679326
0.615226016
0.652421453
0.65517894
0.687778566
0.675032848
0.724606338
0.716946652
0.638634018
0.595372109
0.646845202
0.614000466
0.634467148
0.605911837
0.560137551
0.468772811
0.527599203
0.542673466
0.455720705
0.468037481
0.434947636
0.36276275
0.371831819
0.275381047
0.213429503
0.21839298
0.21839298
0.21839298
0.172557416
0.172557416
0.172557416
0.134810482
0.180646045
0.14559532
0.07549387
0.07549387
0.045835564
0.045835564
0.045835564
0.045835564
0.088974918
0.088974918
0.121329433
0.121329433
0.310064108
0.310064108
0.204911932
0.239962657
0.277709592
0.239962657
0.285798221
0.207608142
0.175253626
0.175253626
0.140202901
0.140202901
0.140202901
0.140202901
0.172557416
0.121329433
0.07549387
0.07549387
0.121329433
0.121329433
0.088974918
0.169861207
0.288494431
0.320848946
0.399039025
0.129418062
0.115691904
0.1500073
0.1500073
0.181381375
0.199029293
0.22255985
0.252953485
0.239227327
0.239227327
0.263738324
0.277464482
0.277464482
0.283347121
0.279425362
0.279425362
0.29315152
0.327466915
0.334329994
0.334329994
0.350997472
0.321584276
0.351977912
0.351977912
0.375508469
0.398977748
0.440094945
0.500637107
0.526986428
0.47612611
0.479925314
0.501740101
0.497083012
0.517794804
0.538506596
0.519510574
0.464973606
0.426491342
0.44119794
0.427410504
0.44119794
0.329611627
0.339599859
0.319562119
0.266924754
0.27433933
0.235183013
0.152948619
0.156870379
0.115569349
0.118388114
0.121206878
0.091671127
0.045835564
0.045835564
0.045835564
0
0
0
0
0
0
0
0
0
0
0.051227983
0.094367337
0.078190079
0.078190079
0.078190079
0.124025643
0.172557416
0.213000561
0.248051286
0.204911932
0.204911932
0.288494431
0.266924754
0.272317173
0.272317173
0.226481609
0.188734674
0.188734674
0.229177819
0.229177819
0.177949836
0.132114272
0.083582499
0.083582499
0.164468788
0.14559532
0.167164997
0.132114272
0.113240805
0.204911932
0.090200468
0.158831258
0.162753018
0.196087973
0.187264014
0.258836125
0.288249321
0.298053719
0.301975479
0.350017032
0.372567149
0.400019465
0.385312867
0.398058586
0.4402175
0.496102572
0.454924098
0.471591576
0.516691809
0.494141692
0.559831163
0.601990078
0.622579315
0.617677116
0.595126999
0.648989914
0.712534673
0.7113704
0.58703837
0.626684907
0.656527045
0.692006713
0.722093961
0.723074401
0.788641317
0.784229338
0.73434946
0.737474612
0.698563404
0.721848851
0.745134298
0.69157777
0.610446372
0.478270822
0.465463826
0.437582568
0.393524051
0.325015816
0.262267664
0.125618858
0.100372531
0.102762353
0.105152176
0.105152176
0.105152176
0.062012822
0.091671127
0.091671127
0.091671127
0.091671127
0.091671127
0.091671127
0.029658306
0.029658306
0.091671127
0.113240805
0.083582499
0.083582499
0.021569677
0.064709031
0.088974918
0.021569677
0.021569677
0.150987739
0.159076368
0.137506691
0.07549387
0.07549387
0.064709031
0.159076368
0.137506691
0.14559532
0.14559532
0.191430884
0.140202901
0.140202901
0.094367337
0.175253626
0.175253626
0.153683949
0.196823303
0.188734674
0.275013382
0.323545156
0.29119064
0.256139915
0.093141787
0.111770145
0.135300702
0.107848385
0.173537856
0.204911932
0.213735891
0.226481609
0.250012166
0.262757884
0.303936358
0.317662517
0.371586709
0.463748057
0.50982873
0.51473093
0.546105005
0.541202806
0.571596442
0.601990078
0.635325033
0.651012071
0.674542628
0.669640428
0.687288346
0.747953063
0.791950302
0.818483456
0.844403835
0.87504258
0.91266696
0.878045177
0.898573137
0.885459754
0.87945456
0.891771336
0.902494897
0.780123746
0.737168224
0.727547658
0.700034064
0.669334041
0.668782544
0.654137223
0.547085445
0.530540522
0.465708936
0.442117102
0.379920448
0.276361487
0.25479181
0.260858282
0.167164997
0.140202901
0.140202901
0.094367337
0.032354516
0.062012822
0.029658306
0.029658306
0.029658306
0
0
0
0
0
0
0.035050725
0.035050725
0
0.048531773
0.048531773
0.088974918
0.115937014
0.088974918
0.099759756
0.183342255
0.183342255
0.180646045
0.132114272
0.132114272
0.169861207
0.164468788
0.164468788
0.164468788
0.207608142
0.207608142
0.269620963
0.231874028
0.183342255
0.21839298
0.258836125
0.229177819
0.283102011
0.269620963
0.269620963
0.116672344
0.164713898
0.164713898
0.160792138
0.205892372
0.269620963
0.300014599
0.321584276
0.389234627
0.401980345
0.398058586
0.391195507
0.352958352
0.384332427
0.394136826
0.495122132
0.545124565
0.567674682
0.626501074
0.646109872
0.66081647
0.677483947
0.688268786
0.775527934
0.80788245
0.841707625
0.967326483
0.994288579
1.040491808
1.055198406
1.105445949
1.120458934
1.145643983
1.13056972
1.124809636
1.118436777
1.125544966
1.037795598
1.009240287
0.934604302
0.880435
0.849306034
0.783371453
0.707755028
0.7279766
0.671111088
0.658978145
0.571167499
0.470611136
0.404492722
0.373179924
0.329366517
0.272317173
0.164468788
0.134810482
0.094367337
0
0
0
0
0
0
0
0
0.018873467
0.099759756
0.099759756
0.048531773
0.048531773
0.083582499
0.083582499
0.118633224
0.153683949
0.153683949
0.118633224
0.126721853
0.126721853
0.110544595
0
0
0
0
0
0
0
0
0
0
0.045835564
0
0
0
0
0.048531773
0.132114272
0.299279269
0.108828825
0.109809265
0.174518296
0.174518296
0.193146654
0.207853252
0.245109967
0.264718764
0.313740757
0.36472363
0.432373981
0.430413101
0.479435094
0.479435094
0.476493775
0.484337294
0.540222366
0.596107438
0.648070751
0.663757789
0.705916703
0.743173418
0.80101937
0.80690201
0.87749368
1.004215533
1.007034297
1.068802009
1.142212444
1.185167965
1.257781793
1.292403576
1.283886004
1.251592766
1.31599541
1.249141667
1.207901915
1.124870914
0.974312117
0.91560828
0.80199981
0.796729946
0.747953063
0.733491575
0.619883105
0.591756737
0.607750162
0.489913546
0.460806737
0.44217838
0.357737996
0.252953485
0.132114272
0.080886289
0.080886289
0.080886289
0.080886289
0.045835564
0.137506691
0.186038465
0.186038465
0.186038465
0.213000561
0.102455966
0.102455966
0.102455966
0.102455966
0.102455966
0.056620402
0.056620402
0.056620402
0.056620402
0.056620402
0.056620402
0.056620402
0.056620402
0.056620402
0.056620402
0
0
0.043139354
0.078190079
0.204911932
0.231874028
0.167164997
0.14829153
0.14829153
0.121329433
0.121329433
0.07279766
0.115937014
0.121329433
0.169861207
0.169861207
0.310064108
0.272317173
0.139222461
0.180400935
0.226481609
0.239227327
0.199029293
0.21667721
0.299034159
0.301975479
0.356880111
0.408843424
0.459826297
0.488259053
0.503946091
0.560811603
0.558850724
0.58826392
0.628461954
0.678464387
0.719642862
0.752977817
0.847100044
0.958870189
0.976518106
0.961811508
0.996126904
1.085469486
1.177998499
1.241114315
0.73410435
0.777243704
0.73336902
0.766703975
0.761801776
0.807330952
0.83962419
0.871917428
0.851021804
0.828104022
0.856659333
0.792134134
0.800038931
0.790663474
0.752119932
0.654137223
0.633119043
0.625765744
0.58679326
0.537709989
0.507377631
0.520062071
0.499289002
0.434763803
0.444874589
0.353203462
0.334329994
0.22108919
0.14289911
0.115937014
0.175253626
0.097063547
0.059316612
0.059316612
0.037746935
0.07549387
0.037746935
0.037746935
0.099759756
0.078190079
0.105152176
0.177949836
0.177949836
0.118633224
0.07549387
0.035050725
0.035050725
0.035050725
0.215696771
0.215696771
0.105152176
0.180646045
0.231874028
0.194127093
0.256139915
0.256139915
0.21839298
0.180646045
0.258836125
0.204911932
0.204911932
0.204911932
0.199519513
0.188734674
0.14829153
0.150987739
0.186038465
0.14829153
0.066669911
0.080396069
0.105887506
0.123535423
0.127457183
0.171576977
0.209814131
0.273542723
0.299034159
0.342173513
0.36472363
0.36472363
0.36864539
0.36374319
0.382371548
0.409823864
0.423550022
0.4353153
0.466689376
0.507867851
0.551007205
0.527476648
0.544144126
0.544144126
0.571596442
0.63857274
0.716946652
0.77074829
0.789254092
0.80298025
0.804818575
0.811804209
0.888278519
0.972780179
0.95274244
0.961260011
0.971125687
0.929395715
0.961443843
0.91560828
0.837295645
0.784597003
0.785454888
0.789254092
0.780920353
0.75046544
0.654321056
0.642862165
0.590715019
0.552722974
0.452963218
0.463748057
0.428697331
0.353203462
0.226481609
0.226481609
0.159076368
0.159076368
0.159076368
0.067405241
0.032354516
0
0
0.078190079
0.037746935
0.037746935
0.126721853
0.07010145
0.129418062
0.164468788
0.164468788
0.191430884
0.062012822
0
0
0.094367337
0.175253626
0.299279269
0.253443705
0.234570238
0.188734674
0.213000561
0.253443705
0.283102011
0.22108919
0.22108919
0.22108919
0.21839298
0.22108919
0.22108919
0.280405802
0.423304912
0.331633785
0.328937575
0.455659428
0.536545717
0.209814131
0.280405802
0.300014599
0.300014599
0.342173513
0.385312867
0.409823864
0.412765184
0.428452221
0.4402175
0.463748057
0.4353153
0.44217838
0.445119699
0.448061019
0.432373981
0.446100139
0.4353153
0.484337294
0.468650256
0.493161253
0.51178961
0.482376414
0.478454655
0.517672249
0.558360504
0.607750162
0.677606502
0.73165325
0.766949085
0.856046558
0.889320236
0.930927653
0.913034625
0.967081373
0.974495949
0.94710491
1.005808747
1.02210856
1.056178845
1.062796815
1.063654699
1.006298967
1.005870025
0.975047447
0.859294265
0.882518434
0.69304843
0.664248009
0.645680929
0.558483059
0.571780274
0.541938136
0.43678596
0.407127654
0.339722414
0.261532334
0.21839298
0.167164997
0.099759756
0.045835564
0.045835564
0.045835564
0.045835564
0.045835564
0
0.035050725
0.024265887
0
0.051227983
0
0
0.032354516
0.099759756
0.107848385
0.202215722
0.196823303
0.14559532
0.334329994
0.431393541
0.393646606
0.350507252
0.350507252
0.401735235
0.407127654
0.506887411
0.450267008
0.477229105
0.350507252
0.461051847
0.385557977
0.431393541
0.353203462
0.229177819
0.361292091
0.361292091
0.14608554
0.207853252
0.269620963
0.250012166
0.230403369
0.284327561
0.312760317
0.319623396
0.316682077
0.354919231
0.403941225
0.403941225
0.4402175
0.479435094
0.481395974
0.505906971
0.548065885
0.569635562
0.572576882
0.599048758
0.58434216
0.58336172
0.634344593
0.592185679
0.644148992
0.659407087
0.69378376
0.719520307
0.73165325
0.768235912
0.80077426
0.800529151
0.779449693
0.75218121
0.744031303
0.73459457
0.739496769
0.67350091
0.643413662
0.664860784
0.603950957
0.533849507
0.516691809
0.439666002
0.452227888
0.423978965
0.400509685
0.379981726
0.29413196
0.27384911
0.187876789
0.176540453
0.105152176
0.056620402
0.056620402
0.056620402
0.056620402
0.056620402
0.094367337
0.094367337
0.094367337
0.056620402
0.032354516
0
0
0
0
0
0.040443144
0
0
0
0
0
0.045835564
0.045835564
0
0
0
0.07279766
0.07279766
0.018873467
0.059316612
0.113240805
0.113240805
0.167164997
0.207608142
0.234570238
0.194127093
0.194127093
0.167164997
0.110544595
0.169861207
0.296583059
0.355899671
0.43948217
0.195107533
0.258836125
0.274523162
0.286288441
0.336290874
0.384332427
0.396097706
0.400999905
0.422569582
0.405902105
0.412765184
0.463748057
0.463748057
0.448061019
0.494141692
0.494141692
0.458845857
0.453943658
0.518652689
0.568655122
0.563752923
0.598068318
0.598068318
0.632383714
0.622579315
0.700034064
0.707019698
0.69157777
0.784351893
0.823569487
0.862787082
0.865360737
0.87945456
0.782819955
0.775895599
0.805737737
0.835579876
0.833435164
0.814377864
0.80543135
0.811804209
0.796729946
0.795872061
0.791398804
0.752242487
0.773138112
0.596107438
0.49469319
0.335800654
0.321584276
0.154419279
0.11066715
0.091671127
0.091671127
0.037746935
0.037746935
0.037746935
0.037746935
0.037746935
0
0
0
0
0
0
0
0
0
0
0.035050725
0.035050725
0
0
0
0
0
0
0
0
0
0.059316612
0.129418062
0.129418062
0.07010145
0.07010145
0.102455966
0.102455966
0.102455966
0.102455966
0.183342255
0.183342255
0.229177819
0.237266448
0.194127093
0.159076368
0.253443705
0.092161347
0.108828825
0.184322695
0.200009733
0.271581843
0.318642956
0.358840991
0.421589142
0.420608702
0.460806737
0.445119699
0.412765184
0.429432661
0.446100139
0.448061019
0.472572015
0.50884829
0.518652689
0.515711369
0.518652689
0.58238128
0.627481514
0.602970518
0.620618435
0.612774916
0.65836537
0.690474776
0.73116303
0.790479642
0.817135351
0.845261719
0.883682707
0.905926436
0.894651378
0.930437433
0.966223488
0.95396799
0.865422014
0.869527606
0.851021804
0.845139164
0.871549763
0.76878741
0.791398804
0.637531023
0.56454953
0.579807626
0.501862656
0.443649039
0.334146162
0.301117594
0.25822335
0.21839298
0.132114272
0.078190079
0.078190079
0.032354516
0.07549387
0.07549387
0.07549387
0.07549387
0.113240805
0.113240805
0.032354516
0.032354516
0.032354516
0.032354516
0.032354516
0.032354516
0.107848385
0.107848385
0.107848385
0.056620402
0.099759756
0.067405241
0.067405241
0.118633224
0.118633224
0.118633224
0.118633224
0.118633224
0.153683949
0.253443705
0.253443705
0.191430884
0.226481609
0.21839298
0.234570238
0.210304351
0.150987739
0.169861207
0.169861207
0.134810482
0.210304351
0.277709592
0.304671688
0.097063547
0.109809265
0.120594104
0.120594104
0.150987739
0.173537856
0.21765765
0.232364248
0.29119064
0.307858118
0.325506036
0.319623396
0.319623396
0.353938792
0.357860551
0.355899671
0.374528029
0.391195507
0.403941225
0.491200373
0.478454655
0.527476648
0.546105005
0.559831163
0.599048758
0.663573957
0.713637667
0.80101937
0.80518624
0.824856315
0.827736357
0.882273324
0.8779839
0.914566562
0.900166352
0.871917428
0.863032192
0.80322536
0.830922786
0.837724588
0.80788245
0.756286802
0.543776461
0.559769886
0.502965651
0.482927911
0.44242349
0.454066213
0.414235843
0.356757556
0.311412212
0.292477468
0.299279269
0.121329433
0.064709031
0.064709031
0.064709031
0.037746935
0.037746935
0
0
0
0
0
0
0.037746935
0.118633224
0.086278708
0.121329433
0.121329433
0.083582499
0.088974918
0.088974918
0.088974918
0
0
0.035050725
0.013481048
0.067405241
0.097063547
0.097063547
0.097063547
0.097063547
0.097063547
0.121329433
0.067405241
0.037746935
0.037746935
0.078190079
0.129418062
0.129418062
0.150987739
0.320848946
0.256139915
0.256139915
0.256139915
0.093141787
0.093141787
0.093141787
0.093141787
0.093141787
0.085298268
0.085298268
0.085298268
0.085298268
0.085298268
0.085298268
0.085298268
0.080396069
0.080396069
0.080396069
0.080396069
0.080396069
0.243149087
0.254914365
0.283347121
0.283347121
0.230403369
0.214716331
0.206872812
0.580420401
0.652115066
0.702607719
0.728834485
1.060100605
1.095090053
1.079831957
1.157102874
1.150055963
1.093803225
1.115250347
1.101891854
1.09637688
1.096438157
0.998210338
0.889013848
0.851021804
0.679444827
0.606279502
0.56405931
0.491935703
0.437582568
0.342296068
0.315456527
0.21814787
0.183403532
0.14927197
0.152826064
0.113240805
0.113240805
0.029658306
0
0.029658306
0.029658306
0.051227983
0.051227983
0.07549387
0.07549387
0
0.040443144
0.040443144
0.118633224
0.159076368
0.080886289
0.078190079
0.078190079
0.078190079
0.121329433
0.037746935
0.037746935
0.037746935
0.07279766
0.037746935
0.037746935
0.037746935
0.067405241
0.067405241
0.118633224
0.14559532
0.115937014
0.150987739
0.183342255
0.150987739
0.14829153
0.188734674
0.177949836
0.118633224
0.118633224
0.118633224
0.105152176
0.223785399
0.29388685
0.14314422
0.188244454
0.165694337
0.189224894
0.21765765
0.306877678
0.339232194
0.358840991
0.43629574
0.455904538
0.535320167
0.601009638
0.557870284
0.573557322
0.631403274
0.678464387
0.649051191
0.709838463
0.727486381
0.767684415
0.717681982
0.754938697
0.743173418
0.760821336
0.757880016
0.805247517
0.864747962
0.849918809
0.957154419
0.950965392
0.996249459
1.011936497
1.036815158
1.037121546
1.051521756
1.010894779
1.048335327
1.057343118
1.005563637
0.917507882
0.937300512
0.940303109
0.927128448
0.819280063
0.690474776
0.569084065
0.451737668
0.341744571
0.284327561
0.251237716
0.2213343
0.139651403
0.115937014
0.115937014
0.029658306
0.029658306
0
0
0.040443144
0.040443144
0.040443144
0
0
0.032354516
0.091671127
0.091671127
0.126721853
0.064709031
0.032354516
0.14559532
0.156380159
0.204911932
0.256139915
0.299279269
0.248051286
0.242658867
0.280405802
0.223785399
0.248051286
0.172557416
0.213000561
0.3639883
0.269620963
0.258836125
0.261532334
0.207608142
0.248051286
0.266924754
0.248051286
0.253443705
0.137506691
0.156380159
0.156380159
0.107848385
0.283102011
0.326241365
0.14608554
0.166674777
0.22059897
0.232364248
0.232364248
0.2902102
0.325506036
0.353938792
0.400019465
0.419628263
0.43629574
0.455904538
0.455904538
0.528457088
0.529437528
0.572576882
0.592185679
0.575518201
0.589244359
0.5853226
0.571596442
0.517672249
0.537281047
0.565713803
0.593166119
0.628155567
0.69598975
0.790540919
0.872591481
0.941957601
0.984116515
1.018983408
1.054463076
1.02333411
1.057894615
1.075419978
0.967694148
1.002254653
0.915485725
0.854821008
0.782391013
0.760331116
0.783371453
0.527599203
0.485317734
0.439849835
0.414480953
0.336964926
0.254914365
0.20350255
0.164713898
0.134381539
0.137506691
0.137506691
0.107848385
0.080886289
0.080886289
0.035050725
0.035050725
0.035050725
0.035050725
0.086278708
0.086278708
0.086278708
0.051227983
0
0
0
0
0
0.053924193
0.037746935
0.037746935
0.07279766
0.07279766
0.164468788
0.153683949
0.153683949
0.121329433
0.226481609
0.299279269
0.355899671
0.312760317
0.323545156
0.409823864
0.44217838
0.488013943
0.455659428
0.461051847
0.420608702
0.280405802
0.315456527
0.256139915
0.326241365
0.326241365
0.272317173
0.099024426
0.124515863
0.139222461
0.192166214
0.192166214
0.250012166
0.259816564
0.301975479
0.341193073
0.356880111
0.340212633
0.430413101
0.414726063
0.483356854
0.487278613
0.544144126
0.525515768
0.558850724
0.613755356
0.609833597
0.65493383
0.653953391
0.685327466
0.694151425
0.664738229
0.716701542
0.711431678
0.734655847
0.750036497
0.765662258
0.752242487
0.76952274
0.80298025
0.839501635
0.855556338
0.888462351
0.871611041
0.801448313
0.781288018
0.727547658
0.672581748
0.663267569
0.62294698
0.523309778
0.491935703
0.505600583
0.47269457
0.485133901
0.397078146
0.407005099
0.321706831
0.231874028
0.159076368
0.159076368
0.091671127
0.091671127
0.134810482
0.134810482
0.134810482
0.083582499
0.040443144
0
0.026962096
0.126721853
0.099759756
0.045835564
0.045835564
0.045835564
0.161772578
0.188734674
0.126721853
0.126721853
0.126721853
0.126721853
0.080886289
0.040443144
0.040443144
0.094367337
0.053924193
0.053924193
0.053924193
0.053924193
0.053924193
0.086278708
0.062012822
0.029658306
0.051227983
0.051227983
0.137506691
0.188734674
0.264228544
0.213000561
0.275013382
0.223785399
0.169861207
0.231874028
0.134320262
0.184322695
0.234325128
0.235305568
0.263738324
0.320603836
0.36766495
0.405902105
0.408843424
0.464728496
0.489239493
0.534339727
0.521594009
0.571596442
0.652972951
0.676503507
0.701014504
0.701014504
0.739251659
0.736310339
0.782391013
0.772586614
0.766703975
0.814745529
0.831413006
0.915669557
0.978356431
0.995452851
1.011078612
1.047477442
1.077135748
1.109183876
1.123584086
1.138229407
1.159860361
1.144908653
1.159860361
1.151526622
1.165497891
1.13596214
1.090249131
1.025233712
0.98546462
0.868608444
0.893425828
0.80714712
0.733491575
0.695438252
0.475513335
0.263799601
0.244497192
0.160730861
0.164468788
0.164468788
0.121329433
0.040443144
0
0
0
0.037746935
0.037746935
0.037746935
0.037746935
0
0
0
0
0
0
0
0
0
0
0
0
0
0
0
0
0.026962096
0
0
0.029658306
0.029658306
0.059316612
0.088974918
0.107848385
0.078190079
0.161772578
0.156380159
0.188734674
0.223785399
0.275013382
0.310064108
0.377469348
0.380165558
0.163733458
0.193146654
0.206872812
0.206872812
0.22059897
0.248051286
0.275503602
0.356880111
0.381391108
0.417667383
0.43825662
0.479435094
0.493161253
0.536300607
0.602970518
0.672581748
0.682386147
0.710818903
0.717681982
0.764743095
0.768664855
0.778469254
0.783371453
0.796117171
0.866708841
0.941712491
0.937545622
1.030381022
1.110348148
1.084795434
1.105445949
1.171196697
1.228000932
1.279167637
1.287317544
1.336829757
1.331437338
1.211946229
1.211456009
1.054279243
0.964752828
0.914015065
0.835457321
0.72920215
0.666208889
0.618963943
0.565836358
0.454066213
0.431393541
0.361782311
0.32685414
0.205524707
0.169861207
0.040443144
0.040443144
0
0
0
0
0
0
0
0.035050725
0.043139354
0.043139354
0.043139354
0.043139354
0.043139354
0.043139354
0.064709031
0.14559532
0.14559532
0.14559532
0.14559532
0.191430884
0.191430884
0.099759756
0.124025643
0.064709031
0.115937014
0.115937014
0.159076368
0.043139354
0.043139354
0.14289911
0.056620402
0.129418062
0.129418062
0.129418062
0.164468788
0.140202901
0.177949836
0.22108919
0.264228544
0.283102011
0.253443705
0.126476743
0.21863809
0.266679644
0.286288441
0.337271314
0.351977912
0.36374319
0.43629574
0.543163686
0.567674682
0.605911837
0.592185679
0.638266353
0.651012071
0.683366587
0.799058491
0.784351893
0.80101937
0.796117171
0.825530367
0.871611041
0.886317639
0.886317639
0.902004677
0.921613474
1.04484251
1.129466725
1.174750792
1.31256387
1.303556079
1.27935147
1.322000604
1.270650066
1.236273393
1.13277571
1.148217638
1.144418433
0.996923511
0.933868972
0.845322997
0.817686848
0.774486217
0.672949413
0.692742043
0.639737013
0.501066049
0.405166775
0.30828706
0.264718764
0.183403532
0.156992934
0.160730861
0.099759756
0.099759756
0.099759756
0.099759756
0.056620402
0.07010145
0.045835564
0.045835564
0.045835564
0.045835564
0.045835564
0.045835564
0.080886289
0.080886289
0.129418062
0.169861207
0.113240805
0.113240805
0.159076368
0.159076368
0.140202901
0.140202901
0.113240805
0.113240805
0.088974918
0.107848385
0.126721853
0.110544595
0.067405241
0.107848385
0.088974918
0.088974918
0.040443144
0.080886289
0.164468788
0.202215722
0.231874028
0.275013382
0.234570238
0.234570238
0.361292091
0.396342816
0.353203462
0.393646606
0.166674777
0.197068413
0.210794571
0.241188207
0.307858118
0.387273747
0.443158819
0.501985211
0.481395974
0.550026765
0.556889844
0.564733363
0.603950957
0.637285913
0.676503507
0.726505941
0.721603741
0.721603741
0.751997377
0.788273652
0.792195412
0.80396069
0.852982683
0.870630601
0.870630601
0.954213099
1.004828308
1.01990257
1.02210856
1.098950535
1.158022037
1.127505846
1.176527839
1.193379149
1.151894287
1.164762561
1.16843921
1.192398709
1.110348148
0.963098336
0.937300512
0.792685632
0.775037714
0.750649272
0.683856806
0.609894874
0.58679326
0.449286569
0.36521385
0.223601567
0.229055264
0.176540453
0.156380159
0.105152176
0.080886289
0.045835564
0
0
0.024265887
0.040443144
0.040443144
0.048531773
0
0.196823303
0.204911932
0.210304351
0.14559532
0.167164997
0.121329433
0.161772578
0.196823303
0.153683949
0.132114272
0.07010145
0.051227983
0.051227983
0.102455966
0.051227983
0.056620402
0.118633224
0.07279766
0.045835564
0.091671127
0.137506691
0.129418062
0.21839298
0.124025643
0.156380159
0.231874028
0.234570238
0.153683949
0.153683949
0.153683949
0.107848385
0.14289911
0.239962657
0.087259148
0.087259148
0.122554983
0.171576977
0.233344688
0.309818998
0.29609284
0.29413196
0.316682077
0.321584276
0.333349554
0.402960785
0.44217838
0.480415534
0.515711369
0.554928964
0.540222366
0.612774916
0.643168552
0.631403274
0.673562188
0.717681982
0.712779783
0.715721102
0.752977817
0.835457321
0.896734812
0.925596511
0.975537667
0.974128284
0.928844218
1.011936497
1.085346931
1.090739351
1.148707858
1.090310408
1.056914175
0.993369417
0.847467709
0.794033736
0.758860456
0.748198173
0.641697892
0.473981398
0.425756012
0.399039025
0.377224238
0.348914037
0.318642956
0.283898619
0.14412466
0.094857557
0.097063547
0.097063547
0.080886289
0.080886289
0.080886289
0.051227983
0.051227983
0.091671127
0.091671127
0.091671127
0.091671127
0.091671127
0.091671127
0.035050725
0.067405241
0.032354516
0.032354516
0.064709031
0.067405241
0.107848385
0.07279766
0.07279766
0.07279766
0.07279766
0.124025643
0.083582499
0.272317173
0.283102011
0.3639883
0.310064108
0.283102011
0.315456527
0.299279269
0.196823303
0.153683949
0.183342255
0.275013382
0.242658867
0.401735235
0.409823864
0.428697331
0.498798782
0.51497604
0.568900232
0.242168647
0.239227327
0.256875245
0.265699204
0.252953485
0.301975479
0.310799438
0.29217108
0.305897238
0.315701637
0.322564716
0.320603836
0.320603836
0.313740757
0.326486475
0.327466915
0.376488909
0.357860551
0.387273747
0.360801871
0.375508469
0.393156386
0.43825662
0.384332427
0.407862984
0.436479573
0.467669816
0.518101192
0.530663077
0.530172858
0.555419184
0.593349951
0.648560971
0.674052408
0.629319839
0.544327958
0.516446699
0.534891224
0.553335749
0.448306129
0.478454655
0.479251262
0.475023115
0.435376578
0.416932053
0.38770269
0.36791006
0.341744571
0.350507252
0.329121408
0.252218156
0.160730861
0.164468788
0.164468788
0.124025643
0.080886289
0.080886289
0.113240805
0.126721853
0.078190079
0.064709031
0.094367337
0.064709031
0.102455966
0.064709031
0.064709031
0.018873467
0.018873467
0.035050725
0
0
0
0
0
0.037746935
0.037746935
0.037746935
0.037746935
0.099759756
0.037746935
0.037746935
0.037746935
0.14559532
0.14559532
0.229177819
0.199519513
0.199519513
0.207608142
0.153683949
0.186038465
0.229177819
0.285798221
0.407127654
0.471836685
0.479925314
0.541938136
0.249031726
0.310799438
0.336290874
0.384332427
0.455904538
0.412765184
0.428452221
0.43727618
0.459826297
0.458845857
0.539241926
0.559831163
0.618657555
0.651012071
0.65689471
0.695131865
0.712779783
0.73238858
0.779449693
0.827491247
0.780430133
0.80101937
0.814745529
0.814745529
0.80199981
0.827123582
0.866953951
0.858068715
0.752487597
0.791398804
0.791337527
0.790663474
0.717681982
0.727670213
0.736065229
0.613816634
0.636550583
0.652176343
0.612162141
0.60217391
0.554928964
0.572270494
0.585445155
0.585506432
0.566939352
0.535075057
0.423795132
0.411049414
0.350507252
0.359269933
0.339722414
0.287207603
0.14289911
0.14289911
0.037746935
0.037746935
0.037746935
0
0.043139354
0.043139354
0.043139354
0.078190079
0.078190079
0.078190079
0.067405241
0.067405241
0.035050725
0.035050725
0.035050725
0.035050725
0.035050725
0.035050725
0.035050725
0.035050725
0.035050725
0.035050725
0.035050725
0.035050725
0.086278708
0.105152176
0.105152176
0.115937014
0.115937014
0.164468788
0.199519513
0.256139915
0.29119064
0.269620963
0.310064108
0.320848946
0.463748057
0.415216283
0.452963218
0.474532895
0.547330555
0.628216844
0.240207767
0.259816564
0.270601403
0.323545156
0.272562283
0.359821431
0.391195507
0.43629574
0.496102572
0.501985211
0.589244359
0.598068318
0.645129432
0.58630304
0.661796909
0.651992511
0.58434216
0.576498641
0.577479081
0.612774916
0.613755356
0.682386147
0.647090312
0.649051191
0.666699109
0.730243868
0.763272436
0.828961907
0.826020587
0.844158725
0.866831396
0.883682707
0.933868972
0.952864995
0.943183151
0.934788135
0.929947213
0.900962959
0.797832941
0.790234532
0.776508374
0.738087387
0.604196067
0.568348735
0.483111744
0.46025524
0.365581515
0.248541506
0.279425362
0.20350255
0.146698315
0.100127421
0.07279766
0.07279766
0.07279766
0.07279766
0.124025643
0.137506691
0.110544595
0.110544595
0.110544595
0.088974918
0.059316612
0.086278708
0.059316612
0.097063547
0.097063547
0.137506691
0.137506691
0.124025643
0.124025643
0.078190079
0.078190079
0.078190079
0.037746935
0.037746935
0.078190079
0.118633224
0.118633224
0.14829153
0.107848385
0.029658306
0.07549387
0.088974918
0.078190079
0.121329433
0.231874028
0.231874028
0.231874028
0.331633785
0.283102011
0.242658867
0.253443705
0.264228544
0.396342816
0.377469348
0.154909499
0.175498736
0.208833691
0.242168647
0.304916798
0.379430228
0.421589142
0.469630696
0.503946091
0.601009638
0.608853157
0.621598875
0.608853157
0.622579315
0.618657555
0.604931397
0.686307906
0.753958257
0.777488814
0.784351893
0.814745529
0.776508374
0.80690201
0.829452127
0.854943563
0.926086731
0.972841457
1.038530928
0.995146464
1.050051096
1.067699014
1.065493024
1.047109777
1.050908981
0.965488158
0.956296534
0.923084134
0.881415439
0.821731163
0.797832941
0.809843329
0.770441902
0.69378376
0.707755028
0.633119043
0.56454953
0.500637107
0.485133901
0.333349554
0.193453041
0.097798877
0.0737781
0.07549387
0.080886289
0.080886289
0.080886289
0.080886289
0.043139354
0.043139354
0.043139354
0.043139354
0.059316612
0.105152176
0.105152176
0.132114272
0.132114272
0.07549387
0.07549387
0.07549387
0.07549387
0.099759756
0.099759756
0.07549387
0.07549387
0.07549387
0.113240805
0.07549387
0.07549387
0.040443144
0.118633224
0.105152176
0.105152176
0.14559532
0.091671127
0.140202901
0.140202901
0.164468788
0.22108919
0.188734674
0.202215722
0.153683949
0.283102011
0.372076929
0.420608702
0.490710153
0.444874589
0.14902686
0.190205334
0.236286008
0.286288441
0.323545156
0.378449788
0.357860551
0.383351988
0.409823864
0.425510902
0.393156386
0.397078146
0.380410668
0.414726063
0.427471782
0.466689376
0.496102572
0.549046325
0.549046325
0.592185679
0.631403274
0.616696676
0.632383714
0.679444827
0.675523068
0.711492955
0.80298025
0.869711439
0.915485725
0.96640732
1.015122926
1.078177465
1.130937385
1.110654536
1.108877488
1.083692439
1.103239959
1.036018551
1.003725313
0.80543135
0.751016937
0.67742267
0.656281935
0.654137223
0.558115394
0.510135118
0.451737668
0.403879947
0.375018249
0.336658539
0.187876789
0.168635657
0.172557416
0.14289911
0.099759756
0.035050725
0.035050725
0.032354516
0.078190079
0.078190079
0.078190079
0.078190079
0.045835564
0
0.043139354
0.080886289
0.140202901
0.134810482
0.078190079
0.043139354
0.043139354
0.043139354
0.043139354
0.086278708
0.043139354
0.043139354
0
0
0
0
0.040443144
0.088974918
0.118633224
0.156380159
0.156380159
0.107848385
0.110544595
0.134810482
0.161772578
0.161772578
0.124025643
0.172557416
0.137506691
0.191430884
0.202215722
0.307367898
0.131378942
0.14902686
0.200990173
0.233344688
0.245109967
0.283347121
0.321584276
0.343153953
0.392175946
0.427471782
0.444139259
0.474532895
0.482376414
0.522574449
0.540222366
0.551987645
0.577479081
0.607872717
0.615716236
0.664738229
0.651992511
0.682386147
0.719642862
0.757880016
0.750036497
0.872959146
0.946369581
1.028052477
1.111573698
1.16843921
1.183636028
1.206431255
1.223588953
1.216358209
1.20925002
1.176344007
1.125544966
1.128425008
1.082773277
1.080873675
1.003970423
0.962546838
0.900043797
0.870753156
0.758860456
0.686981959
0.647335421
0.633302876
0.536790827
0.361782311
0.319133176
0.300382264
0.258836125
0.258836125
0.188734674
0.113240805
0.07549387
0.045835564
0.045835564
0.045835564
0.045835564
0.094367337
0.083582499
0.121329433
0.086278708
0.086278708
0.14289911
0.083582499
0.083582499
0.035050725
0.045835564
0
0
0
0
0.035050725
0.026962096
0.026962096
0.040443144
0.040443144
0.053924193
0.094367337
0.080886289
0.080886289
0.14829153
0.180646045
0.14829153
0.172557416
0.14829153
0.14829153
0.199519513
0.172557416
0.083582499
0.14289911
0.14289911
0.280405802
0.111770145
0.138242021
0.150987739
0.195107533
0.278444922
0.313740757
0.335310434
0.345114833
0.371586709
0.377469348
0.430413101
0.484337294
0.500024332
0.542183246
0.546105005
0.58238128
0.578459521
0.569635562
0.620618435
0.629442394
0.66081647
0.690229666
0.7304277
0.736310339
0.748075618
0.832332169
0.91438273
0.988467217
0.997597564
1.010159449
1.033996394
1.109183876
1.154467942
1.14742103
1.174199294
1.176344007
1.199323066
1.169297095
1.185719463
1.113166913
1.056914175
1.031300184
0.941712491
0.890055566
0.741212539
0.680180157
0.658978145
0.559218389
0.411784744
0.321584276
0.252218156
0.18444525
0.083582499
0.083582499
0.083582499
0.035050725
0
0
0.099759756
0.099759756
0.040443144
0.040443144
0.040443144
0.040443144
0.134810482
0.134810482
0.094367337
0.094367337
0.045835564
0.07549387
0.091671127
0.045835564
0.124025643
0.186038465
0.22108919
0.337026204
0.277709592
0.188734674
0.188734674
0.159076368
0.237266448
0.126721853
0.118633224
0.080886289
0.264228544
0.296583059
0.361292091
0.231874028
0.169861207
0.156380159
0.040443144
0.078190079
0.083582499
0.105152176
0.140202901
0.223785399
0.100985306
0.112750585
0.156870379
0.188244454
0.212755451
0.29119064
0.276484042
0.278444922
0.28922976
0.298053719
0.306877678
0.315701637
0.343153953
0.343153953
0.325506036
0.332369115
0.332369115
0.348056152
0.317662517
0.372567149
0.379430228
0.379430228
0.378449788
0.450021898
0.536300607
0.575027981
0.639737013
0.712534673
0.80641179
0.920081537
1.015122926
1.059855495
1.105936169
1.145889093
1.180572153
1.196197914
1.218196533
1.215500324
1.224324282
1.217645036
1.256923908
1.160718246
1.089636356
1.008014737
1.003725313
0.970390357
0.929089328
0.779082028
0.691210105
0.615532403
0.478699765
0.360985703
0.326241365
0.304671688
0.304671688
0.256139915
0.186038465
0.186038465
0.159076368
0.105152176
0.07279766
0.07279766
0.080886289
0.080886289
0.110544595
0.067405241
0.067405241
0.067405241
0.026962096
0.048531773
0.080886289
0.080886289
0.080886289
0.080886289
0.080886289
0.080886289
0.080886289
0.188734674
0.196823303
0.213000561
0.301975479
0.345114833
0.374773139
0.388254187
0.355899671
0.396342816
0.536545717
0.563507813
0.525760878
0.434089751
0.355899671
0.299279269
0.358595881
0.374773139
0.385557977
0.345114833
0.150987739
0.164713898
0.206872812
0.242168647
0.307858118
0.324525596
0.332369115
0.347075713
0.402960785
0.459826297
0.490219933
0.495122132
0.534339727
0.544144126
0.560811603
0.544144126
0.563752923
0.601009638
0.650031631
0.716701542
0.688268786
0.751997377
0.740232099
0.759840896
0.755919137
0.781288018
0.782023348
0.813826366
0.87871923
0.882763544
0.924799904
0.944286146
0.897102477
0.906906876
0.885827419
0.906661766
0.861316422
0.872530203
0.77025807
0.699053624
0.672581748
0.645068154
0.608362937
0.493283808
0.430167991
0.371831819
0.321339166
0.301117594
0.22305007
0.178378778
0.064341366
0.031619186
0.032354516
0.032354516
0
0
0
0
0
0.021569677
0
0
0.045835564
0.110544595
0
0
0.040443144
0
0
0
0
0
0
0.07549387
0.091671127
0.091671127
0.124025643
0.175253626
0.204911932
0.172557416
0.21839298
0.14829153
0.204911932
0.14829153
0.134810482
0.064709031
0.097063547
0.064709031
0.064709031
0.102455966
0.14829153
0.180646045
0.14289911
0.132114272
0.22108919
0.239962657
0.06961123
0.097063547
0.128437622
0.159811698
0.249031726
0.29315152
0.372567149
0.353938792
0.411784744
0.415706503
0.456884978
0.426491342
0.451982778
0.506887411
0.534339727
0.524535328
0.532378847
0.578459521
0.625520634
0.648070751
0.688268786
0.672581748
0.694151425
0.745134298
0.776508374
0.866708841
0.946369581
1.014081209
1.067453904
1.061632542
1.109490263
1.086633759
1.101524189
1.106058724
1.139148569
1.070456501
1.074071873
1.002254653
0.932030648
0.860519815
0.823569487
0.695622085
0.662532239
0.531888627
0.518407579
0.501066049
0.421466587
0.358473326
0.313740757
0.216064435
0.128682732
0.115937014
0.07279766
0.07279766
0.07279766
0.037746935
0.037746935
0.064709031
0.064709031
0.064709031
0.026962096
0.026962096
0
0.045835564
0
0
0
0
0
0.032354516
0.032354516
0.032354516
0.086278708
0
0
0
0
0
0.029658306
0.059316612
0
0.048531773
0.07279766
0.048531773
0.07549387
0.097063547
0.121329433
0.150987739
0.129418062
0.223785399
0.172557416
0.299279269
0.215696771
0.234570238
0.234570238
0.275013382
0.153929059
0.168635657
0.198048853
0.244129527
0.255894805
0.340212633
0.376488909
0.472572015
0.551987645
0.597087878
0.607872717
0.626501074
0.622579315
0.65983603
0.673562188
0.664738229
0.720623301
0.748075618
0.748075618
0.784351893
0.786312772
0.788273652
0.831413006
0.852982683
0.865728402
0.917752992
1.016961251
1.01990257
1.058875055
1.044903787
1.031300184
1.078177465
1.076522973
1.099930974
0.983013521
0.933133642
0.967694148
0.922287526
0.80518624
0.752242487
0.607872717
0.572270494
0.531275852
0.458968412
0.445609919
0.378633621
0.356267336
0.334575104
0.250012166
0.188428287
0.156992934
0.160730861
0.126721853
0.110544595
0.083582499
0.078190079
0.078190079
0.078190079
0.078190079
0.078190079
0.078190079
0.037746935
0.064709031
0.064709031
0.088974918
0.064709031
0.037746935
0.07279766
0.07279766
0.07279766
0.07279766
0.064709031
0.064709031
0.064709031
0.105152176
0.105152176
0.064709031
0.064709031
0.064709031
0.035050725
0
0.045835564
0.107848385
0.14559532
0.107848385
0.137506691
0.137506691
0.169861207
0.234570238
0.234570238
0.234570238
0.242658867
0.161772578
0.161772578
0.132114272
0.113240805
0.045100234
0.113731024
0.174518296
0.234325128
0.259816564
0.300014599
0.29609284
0.302955919
0.317662517
0.382371548
0.369625829
0.379430228
0.380410668
0.418647823
0.469630696
0.494141692
0.530417967
0.521594009
0.533359287
0.560811603
0.645129432
0.700034064
0.760821336
0.800038931
0.847100044
0.921919861
1.000416328
1.087430366
1.067453904
1.1491368
1.2038576
1.230390754
1.198587736
1.22708177
1.218809308
1.201161391
1.149565743
1.158634811
1.126893071
0.982094358
0.880435
0.796729946
0.718784977
0.639124238
0.577969301
0.46025524
0.428452221
0.356083504
0.397078146
0.407005099
0.257365465
0.173905521
0.177949836
0.14289911
0.105152176
0
0
0.040443144
0.083582499
0.083582499
0.083582499
0.083582499
0.110544595
0.110544595
0.110544595
0.110544595
0.110544595
0.083582499
0.043139354
0.078190079
0.102455966
0.102455966
0.059316612
0.091671127
0.091671127
0.091671127
0.14289911
0.14289911
0.177949836
0.177949836
0.177949836
0.153683949
0.067405241
0.083582499
0.064709031
0.124025643
0.097063547
0.14829153
0.191430884
0.199519513
0.183342255
0.237266448
0.231874028
0.231874028
0.256139915
0.285798221
0.115691904
0.126476743
0.136281141
0.141183341
0.175498736
0.193146654
0.233344688
0.245109967
0.262757884
0.269620963
0.298053719
0.313740757
0.315701637
0.397078146
0.419628263
0.431393541
0.4402175
0.482376414
0.563752923
0.591205239
0.597087878
0.677483947
0.677483947
0.726505941
0.813765089
0.924003296
0.956296534
1.038530928
0.762291996
0.842871897
0.846609824
0.868179501
0.885337199
0.848693259
0.834844546
0.818973675
0.818422178
0.819218785
0.768419745
0.767439305
0.649051191
0.590469909
0.581278286
0.506152081
0.520613569
0.496531515
0.407495319
0.353693682
0.318642956
0.283898619
0.252218156
0.160730861
0.164468788
0.164468788
0.056620402
0.056620402
0.026962096
0.026962096
0.026962096
0.026962096
0
0
0
0
0
0
0
0
0.037746935
0.091671127
0.037746935
0.037746935
0.037746935
0.064709031
0.056620402
0.056620402
0.037746935
0.037746935
0.056620402
0.056620402
0.083582499
0.045835564
0.07010145
0.110544595
0.14559532
0.204911932
0.239962657
0.275013382
0.320848946
0.275013382
0.239962657
0.239962657
0.194127093
0.245355076
0.245355076
0.207608142
0.064709031
0.07647431
0.100004866
0.111770145
0.111770145
0.169616097
0.202951052
0.226481609
0.258836125
0.287268881
0.284327561
0.301975479
0.29413196
0.29413196
0.317662517
0.36472363
0.378449788
0.44217838
0.451002338
0.460806737
0.524535328
0.533359287
0.521594009
0.521594009
0.500024332
0.518775244
0.58679326
0.605421617
0.726751051
0.743786193
0.779204583
0.82448865
0.798568271
0.85941682
0.898573137
0.933133642
0.945389141
0.93294981
0.941222271
0.904210666
0.813765089
0.752242487
0.808372669
0.765662258
0.769890405
0.775405379
0.682263592
0.623743587
0.549046325
0.474839283
0.486420728
0.434763803
0.339722414
0.164468788
0.132114272
0.132114272
0.132114272
0.132114272
0.132114272
0.132114272
0.094367337
0.094367337
0.14289911
0.14289911
0.094367337
0.137506691
0.051227983
0
0.035050725
0.035050725
0.067405241
0.105152176
0.150987739
0.110544595
0.167164997
0.204911932
0.177949836
0.229177819
0.191430884
0.204911932
0.266924754
0.253443705
0.22108919
0.153683949
0.080886289
0.223785399
0.177949836
0.099759756
0.07279766
0.191430884
0.186038465
0.153683949
0.175253626
0.301975479
0.272317173
0.250747496
0.091180908
0.091180908
0.132359382
0.163733458
0.1451051
0.130398502
0.125496303
0.118633224
0.100004866
0.130398502
0.189224894
0.212755451
0.212755451
0.197068413
0.232364248
0.271581843
0.260797004
0.286288441
0.358840991
0.434334861
0.50982873
0.50884829
0.544144126
0.568655122
0.553948524
0.604196067
0.637531023
0.654321056
0.699788954
0.712902338
0.73336902
0.759657064
0.792685632
0.775160269
0.790234532
0.820628168
0.778959473
0.755245084
0.750036497
0.683856806
0.666699109
0.65517894
0.656281935
0.675584345
0.694886755
0.571351332
0.55186509
0.442117102
0.28922976
0.18591591
0.190450444
0.194984978
0.150987739
0.134810482
0.102455966
0.102455966
0.067405241
0.029658306
0.029658306
0
0
0
0.040443144
0.040443144
0.040443144
0.086278708
0.045835564
0.083582499
0.045835564
0.045835564
0.107848385
0.140202901
0.086278708
0.134810482
0.134810482
0.115937014
0.115937014
0.115937014
0.094367337
0.167164997
0.099759756
0.059316612
0.059316612
0.14559532
0.083582499
0.132114272
0.21839298
0.167164997
0.215696771
0.215696771
0.215696771
0.277709592
0.277709592
0.215696771
0.22108919
0.223785399
0.127457183
0.121574543
0.118633224
0.14314422
0.159811698
0.213735891
0.259816564
0.233344688
0.233344688
0.259816564
0.309818998
0.313740757
0.324525596
0.415706503
0.43923706
0.448061019
0.481395974
0.542183246
0.613755356
0.625520634
0.65787515
0.697092745
0.740232099
0.766703975
0.790234532
0.850041364
0.809598219
0.839440358
0.846854934
0.86088748
0.866831396
0.880863942
0.919162374
0.891587503
0.903352781
0.875226413
0.785822553
0.767684415
0.755551472
0.613571524
0.525515768
0.471162633
0.485440289
0.383903485
0.335310434
0.292477468
0.272439728
0.207914529
0.159321478
0.163304515
0.14412466
0.068508236
0.026962096
0.026962096
0
0
0
0
0
0
0
0
0
0
0.032354516
0.032354516
0.064709031
0.064709031
0.064709031
0.064709031
0.091671127
0.032354516
0.102455966
0.102455966
0.102455966
0.102455966
0.102455966
0.07010145
0.07010145
0.07010145
0.07010145
0.040443144
0.040443144
0.040443144
0.040443144
0.113240805
0.083582499
0.080886289
0.126721853
0.132114272
0.040443144
0.07279766
0.07279766
0.118633224
0.175253626
0.261532334
0.118633224
0.126476743
0.200009733
0.228442489
0.28922976
0.337271314
0.358840991
0.371586709
0.426491342
0.454924098
0.463748057
0.480415534
0.488259053
0.534339727
0.555909404
0.618657555
0.640227232
0.636305473
0.66081647
0.674542628
0.757880016
0.746114738
0.791214972
0.798078051
0.797097611
0.847957929
0.951884555
1.086266094
1.101769299
1.1349817
1.174199294
1.168377933
1.202999715
1.20410271
1.13277571
1.144908653
1.139271124
1.108877488
0.979827091
0.951700722
0.903965556
0.845261719
0.827123582
0.78710938
0.705916703
0.587222202
0.426123677
0.344134393
0.286778661
0.143205498
0.146698315
0.150191132
0.153683949
0.110544595
0.110544595
0.110544595
0.040443144
0.040443144
0.088974918
0.078190079
0.078190079
0.107848385
0.078190079
0.113240805
0.113240805
0.113240805
0.124025643
0.202215722
0.150987739
0.107848385
0.107848385
0.07279766
0.07279766
0.07279766
0.045835564
0.045835564
0.021569677
0.067405241
0.067405241
0.067405241
0.105152176
0.105152176
0.105152176
0.067405241
0.045835564
0.094367337
0.045835564
0
0.043139354
0.078190079
0.186038465
0.121329433
0.167164997
0.250747496
0.256139915
0.296583059
0.118633224
0.114711464
0.169616097
0.197068413
0.249031726
0.320603836
0.337271314
0.359821431
0.407862984
0.423550022
0.467669816
0.526496208
0.541202806
0.523554888
0.535320167
0.567674682
0.619637995
0.591205239
0.636305473
0.639246793
0.699053624
0.760821336
0.760821336
0.751997377
0.759840896
0.81983156
0.889013848
0.938403507
1.007401962
1.048764269
1.06095849
1.052808583
1.09858287
1.121378097
1.0993182
1.116782285
1.044903787
1.052011976
0.941222271
0.871917428
0.794156291
0.818973675
0.754203367
0.707755028
0.644148992
0.596291271
0.507622741
0.492303368
0.477964435
0.409517477
0.370606269
0.266128146
0.272317173
0.231874028
0.175253626
0.110544595
0.080886289
0.016177258
0.016177258
0.016177258
0.016177258
0.056620402
0.086278708
0.172557416
0.172557416
0.113240805
0.113240805
0.113240805
0.07279766
0.07279766
0.124025643
0.156380159
0.156380159
0.124025643
0.107848385
0.091671127
0.056620402
0.056620402
0.099759756
0.164468788
0.204911932
0.14829153
0.231874028
0.186038465
0.121329433
0.083582499
0.118633224
0.204911932
0.167164997
0.167164997
0.239962657
0.272317173
0.404431445
0.496102572
0.455659428
0.399039025
0.199029293
0.215696771
0.226481609
0.303936358
0.300014599
0.381391108
0.396097706
0.377469348
0.395117266
0.468650256
0.490219933
0.451002338
0.490219933
0.51277005
0.522574449
0.567674682
0.640227232
0.672581748
0.688268786
0.698073185
0.743173418
0.768664855
0.782391013
0.812784649
0.831413006
0.903168949
0.981665416
1.033873839
1.073581653
1.091229571
1.158022037
1.127505846
1.132408045
1.13056972
1.073826763
0.981113918
0.929947213
0.915179337
0.84011441
0.832025781
0.694151425
0.653156783
0.647948196
0.626255964
0.480905754
0.389969957
0.298053719
0.270049906
0.276974262
0.173354024
0.133830042
0.137016471
0.102455966
0.07279766
0.07279766
0.07279766
0.035050725
0.035050725
0.035050725
0.035050725
0.035050725
0.094367337
0.07549387
0.088974918
0.053924193
0.037746935
0.037746935
0.067405241
0.105152176
0.105152176
0.156380159
0.153683949
0.107848385
0.14829153
0.14829153
0.14829153
0.285798221
0.204911932
0.105152176
0.105152176
0.067405241
0.091671127
0.14829153
0.118633224
0.118633224
0.159076368
0.210304351
0.264228544
0.272317173
0.29119064
0.132114272
0.167164997
0.245355076
0.14829153
0.188734674
0.188734674
0.109809265
0.128437622
0.136281141
0.124515863
0.179420495
0.179420495
0.191185774
0.233344688
0.211775011
0.256875245
0.303936358
0.303936358
0.314721197
0.299034159
0.280405802
0.274523162
0.29315152
0.308838558
0.331388675
0.400019465
0.4402175
0.428452221
0.50884829
0.537281047
0.567674682
0.605237785
0.679444827
0.692742043
1.196136636
1.227633267
1.252389374
1.330456898
1.404480108
1.435425241
1.359012209
1.330211788
1.216480764
1.163965953
1.143437994
1.088472084
1.09809265
0.946369581
0.975047447
0.757083409
0.699298734
0.625765744
0.565836358
0.501862656
0.36276275
0.20350255
0.203318717
0.208159639
0.213000561
0.121329433
0.121329433
0.134810482
0.134810482
0.140202901
0.110544595
0.080886289
0.040443144
0.035050725
0.035050725
0.118633224
0.134810482
0.053924193
0.053924193
0.153683949
0.118633224
0.159076368
0.118633224
0.118633224
0.14559532
0.118633224
0.153683949
0.118633224
0.161772578
0.167164997
0.186038465
0.186038465
0.186038465
0.169861207
0.204911932
0.150987739
0.188734674
0.213000561
0.186038465
0.21839298
0.213000561
0.210304351
0.180646045
0.156380159
0.304671688
0.231874028
0.258836125
0.361292091
0.167655217
0.184322695
0.211775011
0.282366681
0.325506036
0.36570407
0.381391108
0.428452221
0.414726063
0.403941225
0.453943658
0.503946091
0.51473093
0.502965651
0.522574449
0.519633129
0.522574449
0.522574449
0.537281047
0.559831163
0.601990078
0.619637995
0.620618435
0.641207672
0.631403274
0.668782544
0.737903554
0.761434111
0.774547494
0.781104186
0.843913615
0.830126179
0.817686848
0.862480695
0.877861345
0.845445552
0.856169113
0.897408865
0.836437761
0.885214644
0.825530367
0.818973675
0.76462054
0.727057438
0.690474776
0.662042019
0.533236732
0.489913546
0.465708936
0.321584276
0.316559522
0.205524707
0.175253626
0.150987739
0.150987739
0.078190079
0.013481048
0.056620402
0.056620402
0.056620402
0.086278708
0.086278708
0.029658306
0.029658306
0
0.043139354
0
0.086278708
0.07010145
0.07010145
0.07010145
0.102455966
0.226481609
0.177949836
0.132114272
0.167164997
0.175253626
0.099759756
0.194127093
0.299279269
0.355899671
0.299279269
0.248051286
0.29119064
0.266924754
0.388254187
0.388254187
0.382861768
0.393646606
0.44217838
0.5877737
0.536545717
0.496102572
0.415216283
0.3639883
0.337026204
0.133339822
0.162753018
0.14902686
0.152948619
0.167655217
0.200009733
0.21961853
0.237266448
0.224520729
0.224520729
0.271581843
0.326486475
0.314721197
0.326486475
0.336290874
0.333349554
0.344134393
0.393156386
0.409823864
0.419628263
0.444139259
0.444139259
0.461787177
0.461787177
0.505906971
0.590653742
0.612162141
0.706713311
0.747585398
0.805553905
0.796729946
0.811804209
0.863277302
0.913034625
0.922471359
0.838827583
0.787538322
0.785454888
0.792317967
0.80543135
0.831413006
0.804818575
0.791705192
0.731346862
0.664002899
0.589489469
0.556522179
0.468405146
0.416686943
0.331633785
0.21618699
0.189715114
0
0
0
0
0
0
0
0
0
0
0
0
0.083582499
0.037746935
0.037746935
0.037746935
0.037746935
0.037746935
0.07010145
0.07010145
0.097063547
0.180646045
0.180646045
0.207608142
0.169861207
0.229177819
0.29388685
0.256139915
0.237266448
0.237266448
0.140202901
0.118633224
0
0
0.045835564
0.078190079
0.045835564
0.14829153
0.14829153
0.14829153
0.140202901
0.180646045
0.115937014
0.159076368
0.07157211
0.099024426
0.112750585
0.104907066
0.138242021
0.130398502
0.165694337
0.198048853
0.204911932
0.204911932
0.180400935
0.193146654
0.261777444
0.297073279
0.323545156
0.359821431
0.369625829
0.369625829
0.380410668
0.407862984
0.4353153
0.449041459
0.479435094
0.543163686
0.58630304
0.661490522
0.69378376
0.752119932
0.840727185
0.804267078
0.819647728
0.906232824
0.904455776
0.906906876
0.881047774
0.83717309
0.868179501
0.872530203
0.838276085
0.740844874
0.764743095
0.665289727
0.566694243
0.506152081
0.494141692
0.383168155
0.36325297
0.279609194
0.240207767
0.246212961
0.146698315
0.150191132
0.153683949
0.07010145
0
0
0
0
0
0.043139354
0.043139354
0.043139354
0
0
0
0.040443144
0.040443144
0.053924193
0
0
0
0.045835564
0.045835564
0.099759756
0.053924193
0.021569677
0.064709031
0.043139354
0.043139354
0
0
0
0
0
0
0.029658306
0.07010145
0.080886289
0.167164997
0.242658867
0.242658867
0.299279269
0.248051286
0.172557416
0.177949836
0.239962657
0.124515863
0.125496303
0.151968179
0.245109967
0.245109967
0.300995039
0.356880111
0.471591576
0.51277005
0.566694243
0.58630304
0.541202806
0.552968084
0.572576882
0.527476648
0.599048758
0.589244359
0.604931397
0.610814036
0.65787515
0.65591427
0.759840896
0.784351893
0.813765089
0.789254092
0.870875711
0.991592369
1.033873839
1.028236309
1.079648125
1.13105994
1.11200264
1.117701447
1.089207413
1.06267426
1.093619393
1.074071873
1.002254653
0.926515673
0.934604302
0.884356759
0.911992908
0.835457321
0.830003624
0.756654467
0.657507485
0.607750162
0.518591412
0.465708936
0.407005099
0.370606269
0.18444525
0.14829153
0.07549387
0.029658306
0
0
0
0.029658306
0.029658306
0.07010145
0.07010145
0.132114272
0.237266448
0.202215722
0.242658867
0.202215722
0.161772578
0.161772578
0.124025643
0.167164997
0.126721853
0.126721853
0.126721853
0.126721853
0.059316612
0.059316612
0.107848385
0.029658306
0.029658306
0.029658306
0.029658306
0.029658306
0
0
0.107848385
0.14559532
0.353203462
0.29119064
0.277709592
0.283102011
0.29388685
0.355899671
0.285798221
0.126721853
0.126721853
0.046080674
0.080396069
0.094122227
0.153929059
0.189224894
0.247070846
0.282366681
0.328447355
0.347075713
0.374528029
0.444139259
0.487278613
0.524535328
0.576498641
0.620618435
0.663757789
0.685327466
0.715721102
0.743173418
0.743173418
0.775527934
0.80690201
0.790234532
0.839256525
0.817686848
0.801080648
0.861438977
0.897653975
0.944898921
0.953539047
0.980072201
0.979520704
0.944163591
0.952864995
0.95274244
0.98938638
1.02603032
0.954274377
0.924677349
0.879515837
0.872591481
0.825040147
0.675032848
0.611242979
0.588999249
0.53280779
0.461051847
0.47318479
0.470611136
0.324096653
0.33200145
0.339906246
0.275013382
0.164468788
0.102455966
0.062012822
0.062012822
0.024265887
0.024265887
0.064709031
0.040443144
0.040443144
0.040443144
0.113240805
0.113240805
0.150987739
0.083582499
0.083582499
0.083582499
0.043139354
0.043139354
0.043139354
0.043139354
0.043139354
0.07279766
0.105152176
0.029658306
0.064709031
0.064709031
0.064709031
0.035050725
0.035050725
0.035050725
0.067405241
0.067405241
0.080886289
0.113240805
0.113240805
0.080886289
0.159076368
0.234570238
0.261532334
0.334329994
0.431393541
0.552722974
0.455659428
0.21667721
0.266679644
0.311779877
0.36766495
0.400019465
0.44217838
0.420608702
0.451002338
0.553948524
0.569635562
0.563752923
0.551007205
0.549046325
0.601990078
0.58434216
0.653953391
0.653953391
0.672581748
0.724545061
0.672581748
0.756899576
0.774547494
0.790234532
0.769645295
0.741212539
0.830248734
0.862541972
0.911625243
0.990244265
1.020454068
1.056914175
1.068311789
1.113289468
1.122910034
1.053114971
1.022476225
1.008872622
0.916956385
0.832761111
0.818728566
0.766703975
0.725954443
0.750036497
0.772096394
0.679444827
0.578153133
0.493651473
0.413439236
0.343153953
0.223601567
0.164713898
0.168635657
0.099759756
0.099759756
0.07549387
0.07549387
0
0
0
0.083582499
0.107848385
0
0
0
0.056620402
0.008088629
0
0
0
0
0
0
0
0
0.037746935
0.037746935
0.037746935
0.07279766
0.037746935
0.062012822
0.062012822
0.062012822
0.062012822
0.037746935
0.037746935
0.07010145
0.107848385
0.188734674
0.150987739
0.202215722
0.256139915
0.223785399
0.280405802
0.310064108
0.350507252
0.304671688
0.229422929
0.300014599
0.36570407
0.402960785
0.408843424
0.448061019
0.476493775
0.521594009
0.531398407
0.556889844
0.566694243
0.617677116
0.644148992
0.651992511
0.661796909
0.664738229
0.663757789
0.699053624
0.712779783
0.80298025
0.826510807
0.862787082
0.888278519
0.902004677
0.890239398
0.926086731
1.027991199
1.13400126
1.149565743
1.213478166
1.264522317
1.312134928
1.373596252
1.33431738
1.359012209
1.303739912
1.276532705
1.29546745
1.268444076
1.268934296
1.123584086
1.039388813
1.000048663
0.941528659
0.889013848
0.836621593
0.777733924
0.733675407
0.654443611
0.607995272
0.563630368
0.534891224
0.485317734
0.202215722
0.161772578
0.129418062
0.037746935
0
0
0
0
0
0.043139354
0.043139354
0.043139354
0.043139354
0.043139354
0.043139354
0.043139354
0.043139354
0.043139354
0.043139354
0.07279766
0.043139354
0.043139354
0.043139354
0.078190079
0.043139354
0
0
0.059316612
0.078190079
0.078190079
0.078190079
0.078190079
0.118633224
0.164468788
0.124025643
0.124025643
0.169861207
0.21839298
0.258836125
0.342418623
0.342418623
0.390950397
0.434089751
0.097063547
0.131378942
0.156870379
0.239227327
0.284327561
0.328447355
0.370606269
0.374528029
0.401980345
0.408843424
0.377469348
0.416686943
0.43629574
0.447080579
0.472572015
0.487278613
0.499043892
0.549046325
0.543163686
0.562772483
0.566694243
0.601990078
0.621598875
0.619637995
0.749056058
0.789621757
0.883498874
0.93491069
0.977988766
1.068066679
1.046129337
1.09368067
1.085346931
1.02333411
1.09294534
1.110164316
1.130692275
1.155080717
1.117701447
1.067576459
1.002009543
0.976701939
0.943795926
0.814990639
0.688268786
0.557747729
0.535565277
0.511421945
0.419138043
0.381881328
0.280528357
0.218699368
0.164468788
0.129418062
0.129418062
0.129418062
0.129418062
0.129418062
0.14559532
0.14559532
0.14559532
0.086278708
0.086278708
0.086278708
0.086278708
0
0
0
0.045835564
0.037746935
0
0.029658306
0.045835564
0
0.024265887
0.043139354
0.132114272
0.078190079
0.22108919
0.264228544
0.215696771
0.215696771
0.258836125
0.215696771
0.223785399
0.105152176
0.191430884
0.22108919
0.256139915
0.169861207
0.169861207
0.161772578
0.231874028
0.199519513
0.248051286
0.207608142
0.07549387
0.125496303
0.136281141
0.1500073
0.161772578
0.187264014
0.21961853
0.205892372
0.21961853
0.21961853
0.208833691
0.22059897
0.241188207
0.322564716
0.350997472
0.36766495
0.385312867
0.397078146
0.420608702
0.445119699
0.466689376
0.479435094
0.568655122
0.543163686
0.58238128
0.602112633
0.6209861
0.675277958
0.701014504
0.716762819
0.796729946
0.818851121
0.886807859
0.896183315
0.932030648
0.84379106
0.854453343
0.865422014
0.795994616
0.757941294
0.760821336
0.780552688
0.722951846
0.628400677
0.58679326
0.56454953
0.479680204
0.492303368
0.504926531
0.419566985
0.429800326
0.321461721
0.280405802
0.258836125
0.258836125
0.175253626
0.088974918
0.088974918
0.088974918
0.088974918
0.045835564
0
0
0
0
0
0
0.040443144
0.078190079
0.078190079
0.099759756
0.037746935
0.083582499
0.083582499
0.124025643
0.078190079
0.21839298
0.288494431
0.312760317
0.361292091
0.3639883
0.21839298
0.105152176
0.226481609
0.334329994
0.239962657
0.231874028
0.164468788
0.258836125
0.258836125
0.285798221
0.372076929
0.358595881
0.358595881
0.337026204
0.463748057
0.240207767
0.212755451
0.223540289
0.246090406
0.258836125
0.259816564
0.310799438
0.266679644
0.265699204
0.271581843
0.273542723
0.285308001
0.348056152
0.355899671
0.415706503
0.426491342
0.474532895
0.543163686
0.593166119
0.650031631
0.638266353
0.680425267
0.685327466
0.673562188
0.651992511
0.690658608
0.745624518
0.774241107
0.767194195
0.784964668
0.781900793
0.838582473
0.87504258
0.886991691
0.853963123
0.815664691
0.780675243
0.787231935
0.737168224
0.738945271
0.73336902
0.7138215
0.670865978
0.630545389
0.588999249
0.501066049
0.488994383
0.38476137
0.29168086
0.198477795
0.131256387
0.089587693
0.091671127
0.048531773
0.048531773
0.048531773
0.048531773
0.048531773
0.048531773
0
0
0
0
0
0
0
0.037746935
0.080886289
0.037746935
0.07549387
0.07549387
0.07549387
0.110544595
0.245355076
0.245355076
0.256139915
0.347811042
0.382861768
0.301975479
0.264228544
0.248051286
0.250747496
0.167164997
0.097063547
0.172557416
0.199519513
0.199519513
0.188734674
0.237266448
0.237266448
0.385557977
0.444874589
0.447570799
0.328937575
0.434089751
0.479925314
0.232364248
0.230403369
0.244129527
0.244129527
0.277464482
0.307858118
0.309818998
0.36276275
0.434334861
0.448061019
0.445119699
0.429432661
0.446100139
0.446100139
0.456884978
0.504926531
0.522574449
0.591205239
0.58140084
0.578459521
0.554928964
0.530417967
0.548065885
0.539241926
0.552968084
0.607321219
0.646354982
0.63685697
0.610323817
0.602235188
0.637653578
0.598987481
0.604441177
0.611242979
0.563998033
0.572454327
0.567919792
0.561546933
0.51105428
0.467302151
0.456884978
0.457007533
0.370851379
0.323851543
0.271336733
0.228993986
0.235183013
0.19835524
0.203441272
0.208527304
0.213613336
0.173905521
0.086278708
0.086278708
0.040443144
0.040443144
0
0
0.035050725
0.035050725
0.035050725
0.035050725
0.035050725
0.078190079
0.035050725
0.035050725
0.056620402
0.091671127
0.056620402
0.056620402
0.086278708
0.035050725
0.035050725
0.035050725
0.035050725
0.091671127
0.132114272
0.132114272
0.097063547
0.097063547
0.056620402
0
0
0
0.040443144
0.040443144
0.064709031
0.083582499
0.083582499
0.132114272
0.153683949
0.105152176
0.150987739
0.150987739
0.223785399
0.272317173
0.094122227
0.089220028
0.183342255
0.223540289
0.21667721
0.21863809
0.234325128
0.311779877
0.326486475
0.386293307
0.383351988
0.36766495
0.410804304
0.453943658
0.452963218
0.457865417
0.490219933
0.529437528
0.589244359
0.593166119
0.651012071
0.710818903
0.757880016
0.753958257
0.80690201
0.896918645
0.970635467
1.007095575
1.050296206
1.066779852
1.065002804
1.06267426
1.104465509
1.127505846
1.105691059
1.050602594
1.116966117
1.156857764
1.080934952
1.020086403
0.929456993
0.83717309
0.714618107
0.576927584
0.538261486
0.528273255
0.505294196
0.375202081
0.274523162
0.243700584
0.249644501
0.200254843
0.204911932
0.169861207
0.126721853
0.026962096
0
0
0
0
0
0.067405241
0.067405241
0.067405241
0.067405241
0.067405241
0.067405241
0.067405241
0
0.056620402
0.056620402
0.056620402
0.056620402
0.056620402
0.161772578
0.110544595
0.137506691
0.177949836
0.121329433
0.094367337
0.137506691
0.137506691
0.099759756
0.186038465
0.194127093
0.169861207
0.115937014
0.115937014
0.113240805
0.107848385
0.107848385
0.167164997
0.215696771
0.258836125
0.223785399
0.299279269
0.14608554
0.164713898
0.139222461
0.200990173
0.238246887
0.273542723
0.369625829
0.353938792
0.397078146
0.418647823
0.449041459
0.460806737
0.475513335
0.483356854
0.472572015
0.541202806
0.578459521
0.615716236
0.632383714
0.706897143
0.759840896
0.832393446
0.860826202
0.883376319
0.931417873
1.028175032
1.133878705
1.242278588
1.299082822
1.357602827
1.441124048
1.420657366
1.408892087
1.418573931
1.319181839
1.312012373
1.341731956
1.366549341
1.310725546
1.255637081
1.088288251
1.031300184
0.956296534
0.862174307
0.847100044
0.80714712
0.577479081
0.630913054
0.50982873
0.331633785
0.29339663
0.205524707
0.14289911
0.14289911
0.191430884
0
0
0
0
0
0.043139354
0.088974918
0.088974918
0.137506691
0.137506691
0.137506691
0.137506691
0.199519513
0.110544595
0.062012822
0.062012822
0.105152176
0.137506691
0.07549387
0.07549387
0.07549387
0.080886289
0.150987739
0.150987739
0.172557416
0.172557416
0.275013382
0.275013382
0.237266448
0.237266448
0.320848946
0.323545156
0.258836125
0.275013382
0.180646045
0.180646045
0.242658867
0.213000561
0.245355076
0.310064108
0.345114833
0.161772578
0.206872812
0.264718764
0.282366681
0.306877678
0.315701637
0.342173513
0.36374319
0.403941225
0.459826297
0.459826297
0.490219933
0.51473093
0.544144126
0.593166119
0.58238128
0.565713803
0.624540195
0.666699109
0.651992511
0.641207672
0.675523068
0.769645295
0.842197845
0.885337199
0.918794709
0.993798359
1.057159285
1.182655588
1.244362022
1.252389374
1.310725546
1.351536355
1.39099906
1.346266491
1.328557296
1.297121943
1.318569065
1.228000932
1.272733501
1.249080389
1.124319416
1.06046827
1.016593586
0.939751611
0.798078051
0.677606502
0.621353765
0.504926531
0.517549694
0.414358398
0.476922717
0.272317173
0.283102011
0.21839298
0.129418062
0.129418062
0.091671127
0.134810482
0.078190079
0.107848385
0.07279766
0.053924193
0.188734674
0.107848385
0.053924193
0.053924193
0.053924193
0.053924193
0.053924193
0.097063547
0.097063547
0.097063547
0.194127093
0.194127093
0.237266448
0.229177819
0.186038465
0.229177819
0.239962657
0.153683949
0.159076368
0.229177819
0.188734674
0.29119064
0.253443705
0.245355076
0.253443705
0.296583059
0.423304912
0.404431445
0.277709592
0.334329994
0.315456527
0.315456527
0.353203462
0.120594104
0.161772578
0.186283575
0.248051286
0.282366681
0.327466915
0.345114833
0.388254187
0.426491342
0.400019465
0.400019465
0.382371548
0.384332427
0.43825662
0.43825662
0.50884829
0.528457088
0.531398407
0.564733363
0.58728348
0.548065885
0.568655122
0.557870284
0.557870284
0.590224799
0.67399113
0.726873606
0.844097447
0.865238182
0.890484508
0.977375991
0.987976997
1.010343282
1.034057671
1.013284601
0.997658841
1.008872622
1.016471031
1.112186473
1.09417089
0.960831069
0.879638392
0.864625407
0.87504258
0.847100044
0.75046544
0.675277958
0.607014832
0.556399624
0.570309615
0.386048197
0.324096653
0.331633785
0.301975479
0.301975479
0.14289911
0.032354516
0.07279766
0.040443144
0.029658306
0.029658306
0.029658306
0.029658306
0.029658306
0.059316612
0.086278708
0.150987739
0.094367337
0.129418062
0.035050725
0.045835564
0.078190079
0.110544595
0.183342255
0.097063547
0.097063547
0.097063547
0.064709031
0.140202901
0.048531773
0.132114272
0.083582499
0.053924193
0.091671127
0.175253626
0.258836125
0.248051286
0.248051286
0.175253626
0.159076368
0.175253626
0.277709592
0.280405802
0.210304351
0.253443705
0.253443705
0.160792138
0.168635657
0.182361815
0.206872812
0.225501169
0.209814131
0.231383808
0.194127093
0.187264014
0.200009733
0.194127093
0.21667721
0.257855685
0.279425362
0.269620963
0.282366681
0.29119064
0.322564716
0.351977912
0.411784744
0.428452221
0.43825662
0.475513335
0.479435094
0.550026765
0.620863545
0.643045997
0.704384766
0.697337855
0.756654467
0.792685632
0.792072857
0.814745529
0.87626813
0.834844546
0.833864106
0.864747962
0.845874494
0.845629384
0.799732543
0.682386147
0.580359123
0.51252494
0.463257837
0.410314084
0.421711697
0.321339166
0.32979546
0.306387458
0.278873864
0.180155825
0.142286336
0.124025643
0.124025643
0.124025643
0.124025643
0.124025643
0.124025643
0.080886289
0.080886289
0.040443144
0.040443144
0.086278708
0.045835564
0.045835564
0.045835564
0.045835564
0.045835564
0.094367337
0.097063547
0.097063547
0.086278708
0.086278708
0.150987739
0.175253626
0.223785399
0.210304351
0.177949836
0.180646045
0.361292091
0.328937575
0.412520074
0.339722414
0.29119064
0.328937575
0.393646606
0.469140476
0.469140476
0.36668451
0.277709592
0.385557977
0.396342816
0.296583059
0.250747496
0.288494431
0.21839298
0.06961123
0.083337389
0.07059167
0.102946186
0.130398502
0.130398502
0.154909499
0.174518296
0.197068413
0.185303135
0.22059897
0.253933925
0.283347121
0.36472363
0.356880111
0.386293307
0.399039025
0.432373981
0.490219933
0.533359287
0.639246793
0.687288346
0.706897143
0.741212539
0.776508374
0.778162866
0.823937152
0.84060463
0.80763734
0.824856315
0.862787082
0.866770119
0.88092522
0.873204256
0.908132426
0.741212539
0.614245576
0.636182918
0.625030415
0.645864762
0.666699109
0.548004608
0.516691809
0.482560247
0.496347682
0.355960949
0.321339166
0.289168483
0.259816564
0.16832927
0.172434861
0.089587693
0.091671127
0.040443144
0.040443144
0
0
0
0.037746935
0.037746935
0.088974918
0.118633224
0.088974918
0.088974918
0.088974918
0.134810482
0.134810482
0.134810482
0.110544595
0.110544595
0.110544595
0.110544595
0.110544595
0.110544595
0.083582499
0.083582499
0.132114272
0.045835564
0
0
0
0
0
0.091671127
0.091671127
0.140202901
0.094367337
0.094367337
0.094367337
0.094367337
0.094367337
0.035050725
0.086278708
0.086278708
0.121329433
0.086278708
0.107848385
0.139222461
0.210794571
0.264718764
0.277464482
0.284327561
0.273542723
0.262757884
0.313740757
0.320603836
0.340212633
0.386293307
0.381391108
0.396097706
0.412765184
0.467669816
0.501004771
0.545124565
0.58238128
0.624540195
0.670620868
0.665718669
0.720623301
0.744153858
0.766703975
0.794830344
0.845997049
0.922103694
0.938771172
1.002438485
1.036692603
1.006298967
1.035344498
1.078483852
1.05948783
1.090310408
1.09294534
1.103546347
1.082773277
1.097970095
0.896122037
0.734043072
0.708367803
0.630545389
0.58679326
0.501066049
0.332981889
0.313066705
0.281876461
0.236163453
0.241923537
0.131746607
0.086278708
0.048531773
0.021569677
0
0
0
0
0
0
0
0.045835564
0.045835564
0.167164997
0.086278708
0.086278708
0.086278708
0.086278708
0.086278708
0.045835564
0.045835564
0.140202901
0.140202901
0.177949836
0.186038465
0.177949836
0.177949836
0.177949836
0.223785399
0.169861207
0.242658867
0.310064108
0.29388685
0.253443705
0.29119064
0.239962657
0.183342255
0.126721853
0.126721853
0.088974918
0.126721853
0.172557416
0.102455966
0.150987739
0.186038465
0.051963313
0.096083107
0.122554983
0.178440056
0.276484042
0.28922976
0.361782311
0.423550022
0.43727618
0.451982778
0.447080579
0.482376414
0.504926531
0.532378847
0.549046325
0.592185679
0.634344593
0.701994944
0.716701542
0.753958257
0.80396069
0.799058491
0.792195412
0.848080484
0.884356759
0.960463404
1.010343282
1.045516562
1.079709402
1.123400254
1.158022037
1.158512256
1.164762561
1.162740403
1.134368925
1.110164316
1.003725313
0.980930086
0.981665416
0.978295154
0.992205144
0.907948593
0.720868411
0.690597331
0.615471126
0.587222202
0.500637107
0.470794968
0.411784744
0.422079362
0.362885305
0.371525432
0.285798221
0.140202901
0.097063547
0.097063547
0.083582499
0.083582499
0.091671127
0.080886289
0.080886289
0.080886289
0.040443144
0.040443144
0.040443144
0.059316612
0.107848385
0.067405241
0.067405241
0.078190079
0.078190079
0.078190079
0.07279766
0.07279766
0.102455966
0.099759756
0
0
0
0
0.064709031
0.026962096
0.07279766
0.078190079
0.113240805
0.07279766
0.091671127
0.194127093
0.167164997
0.167164997
0.210304351
0.347811042
0.328937575
0.477229105
0.434089751
0.51227983
0.21667721
0.21667721
0.245109967
0.282366681
0.318642956
0.313740757
0.369625829
0.390215067
0.360801871
0.407862984
0.447080579
0.465708936
0.558850724
0.592185679
0.621598875
0.596107438
0.627481514
0.651992511
0.687288346
0.677483947
0.690229666
0.73336902
0.796117171
0.860826202
0.904945996
0.961505121
1.039021148
1.072294826
1.178978939
1.194175757
1.174199294
1.157102874
1.204470375
1.228613707
1.258639678
1.247487174
1.214764994
1.130202055
1.088288251
1.046680834
0.956909309
0.855372506
0.785454888
0.808556502
0.796362281
0.727792768
0.619392885
0.540099811
0.414235843
0.364294688
0.270233738
0.247683621
0.140202901
0.121329433
0.080886289
0.040443144
0.040443144
0.051227983
0.051227983
0.051227983
0.078190079
0.051227983
0
0.029658306
0.07010145
0.029658306
0.029658306
0
0
0
0
0
0
0.026962096
0
0
0.091671127
0.048531773
0.048531773
0.048531773
0.048531773
0.048531773
0.105152176
0.105152176
0.097063547
0.326241365
0.280405802
0.250747496
0.242658867
0.22108919
0.353203462
0.283102011
0.269620963
0.334329994
0.334329994
0.301975479
0.141183341
0.170596537
0.248051286
0.267660083
0.312760317
0.410804304
0.408843424
0.433354421
0.479435094
0.490219933
0.472572015
0.475513335
0.490219933
0.501985211
0.541202806
0.552968084
0.574537761
0.571596442
0.619637995
0.629442394
0.664738229
0.697092745
0.721603741
0.704936264
0.73238858
0.854208233
0.980562421
1.082773277
1.114024798
1.097663707
1.205205705
1.176834226
1.061816375
1.06316448
1.105691059
1.108509823
1.089513801
1.108877488
1.128731396
1.082773277
0.941222271
0.841217405
0.835457321
0.860029595
0.683856806
0.646171149
0.563507813
0.358473326
0.262267664
0.193453041
0.169861207
0.1475562
0.150987739
0.126721853
0.045835564
0.045835564
0.045835564
0.045835564
0
0
0
0.099759756
0.07010145
0.086278708
0.07279766
0.035050725
0.035050725
0
0.097063547
0.053924193
0.035050725
0.026962096
0
0
0.037746935
0.037746935
0.067405241
0.067405241
0.067405241
0.124025643
0.124025643
0.124025643
0.250747496
0.245355076
0.337026204
0.269620963
0.231874028
0.258836125
0.420608702
0.409823864
0.434089751
0.318152737
0.299279269
0.283102011
0.355899671
0.318152737
0.116672344
0.119613664
0.14314422
0.190205334
0.21667721
0.263738324
0.28922976
0.315701637
0.305897238
0.308838558
0.316682077
0.334329994
0.335310434
0.36374319
0.373547589
0.444139259
0.453943658
0.483356854
0.517672249
0.527476648
0.601009638
0.650031631
0.628461954
0.652972951
0.652972951
0.661490522
0.671723863
0.717191762
0.80518624
0.881476717
0.911318855
0.959789351
0.969164807
1.008014737
1.057894615
1.019167241
1.038040708
1.034241503
1.042330132
1.054279243
1.088288251
0.992879197
0.887543189
0.9136474
0.87577791
0.877432402
0.845261719
0.719336474
0.622579315
0.542673466
0.530172858
0.463748057
0.390950397
0.275013382
0.21839298
0.113240805
0.113240805
0.078190079
0.078190079
0.035050725
0.040443144
0
0
0
0
0
0
0
0
0.045835564
0.094367337
0.086278708
0.107848385
0.078190079
0.078190079
0.059316612
0.059316612
0.07279766
0.113240805
0.113240805
0.194127093
0.296583059
0.315456527
0.342418623
0.288494431
0.331633785
0.415216283
0.36668451
0.339722414
0.283102011
0.172557416
0.164468788
0.180646045
0.253443705
0.167164997
0.191430884
0.085298268
0.085298268
0.137261581
0.14804642
0.207853252
0.207853252
0.192166214
0.182361815
0.192166214
0.21863809
0.231383808
0.248051286
0.250012166
0.250012166
0.212755451
0.257855685
0.305897238
0.332369115
0.36766495
0.432373981
0.451982778
0.463748057
0.451002338
0.452963218
0.443158819
0.505232918
0.554806409
0.556522179
0.58703837
0.631832216
0.599906643
0.639859567
0.648560971
0.765968645
0.863522412
0.865299459
0.840727185
0.840543353
0.799671266
0.860519815
0.796117171
0.770441902
0.704200934
0.667005496
0.633119043
0.582687668
0.509951285
0.523371056
0.377469348
0.30902239
0.257365465
0.197619911
0.14289911
0.14289911
0.14289911
0.083582499
0.083582499
0.083582499
0
0
0
0
0
0
0.035050725
0.094367337
0.14289911
0.107848385
0.07010145
0.124025643
0.048531773
0.088974918
0.088974918
0.169861207
0.194127093
0.153683949
0.153683949
0.202215722
0.202215722
0.261532334
0.199519513
0.288494431
0.223785399
0.223785399
0.250747496
0.29388685
0.239962657
0.266924754
0.382861768
0.36938072
0.3639883
0.339722414
0.337026204
0.301975479
0.301975479
0.258836125
0.112750585
0.132359382
0.135300702
0.117652784
0.140202901
0.186283575
0.209814131
0.209814131
0.209814131
0.209814131
0.258836125
0.270601403
0.311779877
0.311779877
0.326486475
0.352958352
0.393156386
0.433354421
0.458845857
0.50884829
0.564733363
0.576498641
0.58630304
0.618657555
0.5853226
0.635447588
0.687165791
0.740477209
0.867689281
0.911073745
0.954458209
0.997842674
0.980930086
0.960524681
1.014877816
1.029094194
1.029461859
0.957828471
0.891587503
0.794033736
0.698073185
0.687533456
0.54794333
0.529743915
0.465463826
0.46025524
0.428452221
0.43972728
0.335800654
0.233651076
0.239349882
0.18444525
0.153683949
0.134810482
0.037746935
0.037746935
0
0
0
0.029658306
0.137506691
0.126721853
0.126721853
0.099759756
0.14289911
0.150987739
0.132114272
0.051227983
0.051227983
0.062012822
0.062012822
0.105152176
0.067405241
0.094367337
0.043139354
0
0
0
0.086278708
0.14829153
0.045835564
0.045835564
0.134810482
0.161772578
0.110544595
0.110544595
0.210304351
0.256139915
0.250747496
0.237266448
0.301975479
0.256139915
0.256139915
0.334329994
0.315456527
0.301975479
0.113731024
0.125496303
0.150987739
0.178440056
0.259816564
0.288249321
0.29413196
0.319623396
0.331388675
0.356880111
0.356880111
0.392175946
0.378449788
0.407862984
0.423550022
0.4402175
0.488259053
0.51473093
0.547085445
0.536300607
0.600029198
0.638266353
0.704936264
0.761801776
0.80494113
0.850041364
0.866953951
0.941896324
0.990244265
0.996004349
1.052869861
1.102136964
1.089758911
1.116782285
1.073826763
0.994349856
1.002009543
1.002254653
0.94857557
0.980194756
0.847100044
0.798752103
0.725035281
0.694886755
0.542673466
0.494264247
0.507622741
0.520981234
0.455904538
0.286410996
0.239349882
0.2213343
0.121329433
0.032354516
0.032354516
0.032354516
0.032354516
0.032354516
0.032354516
0
0
0
0
0.045835564
0.045835564
0.115937014
0.107848385
0
0.097063547
0
0
0
0.032354516
0.032354516
0.032354516
0.032354516
0.032354516
0.029658306
0.029658306
0.029658306
0.132114272
0.132114272
0.132114272
0.172557416
0.172557416
0.186038465
0.301975479
0.299279269
0.301975479
0.245355076
0.237266448
0.153683949
0.07279766
0.156380159
0.196823303
0.196823303
0.07157211
0.121574543
0.197068413
0.240207767
0.283347121
0.336290874
0.36766495
0.382371548
0.379430228
0.403941225
0.411784744
0.408843424
0.451002338
0.472572015
0.481395974
0.498063452
0.527476648
0.548065885
0.5853226
0.630422834
0.671601308
0.759840896
0.795136731
0.786312772
0.795136731
0.890668341
0.935339632
0.971003132
1.028236309
1.065493024
1.116230787
1.120458934
1.16917454
1.196443024
1.153487502
1.106855331
1.128976506
1.101769299
1.033138509
1.02578521
0.998087783
0.905926436
0.904210666
0.892200278
0.855924003
0.748198173
0.658978145
0.626133409
0.598068318
0.454740265
0.344869723
0.173905521
0.137506691
0.137506691
0.137506691
0.14559532
0.099759756
0.07279766
0.110544595
0.037746935
0.037746935
0
0
0.053924193
0.129418062
0.080886289
0.048531773
0.048531773
0.048531773
0.048531773
0.048531773
0.048531773
0.048531773
0.083582499
0.115937014
0.113240805
0.113240805
0.126721853
0.14289911
0.186038465
0.121329433
0.121329433
0.161772578
0.126721853
0.21839298
0.175253626
0.210304351
0.153683949
0.105152176
0.105152176
0.094367337
0.094367337
0.156380159
0.253443705
0.280405802
0.194127093
0.125496303
0.113731024
0.163733458
0.21863809
0.276484042
0.276484042
0.29217108
0.319623396
0.316682077
0.29119064
0.300014599
0.394136826
0.434334861
0.431393541
0.485317734
0.494141692
0.517672249
0.593166119
0.593166119
0.630422834
0.648070751
0.65591427
0.706897143
0.715721102
0.743173418
0.789621757
0.881292884
0.95004623
1.02333411
1.059058888
1.122971311
1.114821405
1.110348148
1.197974961
1.236334671
1.237560221
1.233638461
1.213723276
1.163659566
1.15305856
1.068679454
0.990857039
0.987548055
0.924370961
0.95078156
0.850225196
0.717191762
0.590286077
0.563752923
0.47735166
0.416932053
0.337271314
0.280405802
0.250747496
0.199519513
0.14559532
0.118633224
0.156380159
0.159076368
0.159076368
0.121329433
0.078190079
0.083582499
0.078190079
0.078190079
0.078190079
0.078190079
0.078190079
0.118633224
0.118633224
0.118633224
0.134810482
0.07549387
0.035050725
0.086278708
0.051227983
0.051227983
0.051227983
0.051227983
0.062012822
0.099759756
0.140202901
0.140202901
0.177949836
0.140202901
0.226481609
0.266924754
0.388254187
0.326241365
0.266924754
0.266924754
0.258836125
0.258836125
0.275013382
0.256139915
0.323545156
0.117652784
0.131378942
0.1451051
0.21765765
0.244129527
0.257855685
0.2902102
0.327466915
0.36374319
0.391195507
0.448061019
0.468650256
0.487278613
0.554928964
0.577479081
0.560811603
0.560811603
0.578459521
0.611794476
0.634344593
0.687288346
0.72846682
0.776508374
0.839256525
0.849060924
0.888584906
0.938648617
1.030381022
1.073581653
1.106671499
1.162066351
1.196565579
1.228000932
1.30061476
1.333520773
1.308703388
1.326290029
1.357664104
1.35116869
1.310725546
1.194175757
1.191050605
1.13547192
1.061632542
0.939751611
0.863828799
0.814990639
0.704997541
0.637285913
0.424591739
0.434947636
0.30828706
0.310064108
0.285798221
0.153683949
0.110544595
0.164468788
0.164468788
0.210304351
0.210304351
0.210304351
0.175253626
0.137506691
0.137506691
0.137506691
0.137506691
0.137506691
0.137506691
0.14289911
0.118633224
0.099759756
0.099759756
0.102455966
0.080886289
0.080886289
0.032354516
0.051227983
0.107848385
0.051227983
0.097063547
0.14829153
0.183342255
0.248051286
0.248051286
0.250747496
0.250747496
0.29388685
0.377469348
0.458355637
0.401735235
0.401735235
0.355899671
0.213000561
0.256139915
0.347811042
0.328937575
0.138242021
0.173537856
0.209814131
0.200009733
0.240207767
0.261777444
0.336290874
0.370606269
0.370606269
0.379430228
0.36472363
0.350017032
0.353938792
0.370606269
0.370606269
0.415706503
0.445119699
0.491200373
0.522574449
0.533359287
0.557870284
0.570616002
0.612774916
0.604931397
0.641207672
0.719826694
0.801877255
0.877861345
0.946124471
0.956112702
0.967939258
0.985158233
1.075052313
1.092271288
1.12958928
1.105200839
1.044903787
1.020025125
0.968797142
0.928905495
0.894161158
0.83717309
0.825040147
0.814990639
0.809598219
0.70965463
0.607750162
0.537709989
0.487768833
0.429616494
0.40406378
0.318826789
0.245355076
0.199519513
0.204911932
0.159076368
0.086278708
0.045835564
0.045835564
0.018873467
0.018873467
0.018873467
0.040443144
0.040443144
0.088974918
0.018873467
0.059316612
0.186038465
0.14289911
0.059316612
0.083582499
0.080886289
0.043139354
0.043139354
0.099759756
0.194127093
0.280405802
0.401735235
0.385557977
0.307367898
0.159076368
0.199519513
0.204911932
0.124025643
0.124025643
0.129418062
0.129418062
0.175253626
0.175253626
0.14289911
0.256139915
0.299279269
0.320848946
0.407127654
0.552722974
0.547330555
0.248051286
0.279425362
0.320603836
0.36570407
0.371586709
0.424530462
0.357860551
0.388254187
0.407862984
0.398058586
0.448061019
0.459826297
0.413745623
0.44217838
0.425510902
0.459826297
0.480415534
0.464728496
0.493161253
0.517672249
0.575518201
0.553948524
0.523554888
0.545124565
0.520613569
0.582320003
0.616574121
0.768419745
0.772096394
0.80298025
0.772464059
0.782207181
0.836805426
0.897715252
0.845997049
0.818973675
0.796117171
0.719704139
0.711431678
0.697154022
0.625520634
0.614735796
0.633364153
0.591940569
0.65738493
0.603093073
0.542550911
0.532930345
0.519633129
0.504987808
0.388621852
0.318826789
0.288494431
0.14559532
0.14559532
0.07279766
0.029658306
0.029658306
0.029658306
0.029658306
0
0
0
0
0
0
0.043139354
0.043139354
0.07279766
0.07279766
0.124025643
0.080886289
0.113240805
0.156380159
0.159076368
0.167164997
0.204911932
0.167164997
0.164468788
0.204911932
0.183342255
0.062012822
0.14289911
0.172557416
0.172557416
0.256139915
0.256139915
0.226481609
0.520368459
0.496102572
0.490710153
0.525760878
0.466444266
0.44217838
0.463748057
0.423304912
0.168635657
0.22059897
0.284327561
0.28922976
0.300995039
0.360801871
0.378449788
0.36864539
0.354919231
0.375508469
0.36668451
0.374528029
0.393156386
0.463748057
0.51473093
0.557870284
0.602970518
0.667679549
0.689249226
0.650031631
0.691210105
0.709838463
0.685327466
0.73140814
0.748075618
0.785454888
0.854821008
0.892996885
0.758615346
0.779817358
0.799426156
0.817441738
0.860335982
0.87626813
0.890607063
0.868608444
0.833864106
0.67350091
0.69672508
0.719949249
0.633364153
0.653156783
0.645864762
0.64126895
0.555909404
0.571351332
0.55186509
0.506642301
0.480415534
0.366807065
0.311412212
0.318826789
0.269620963
0.269620963
0.191430884
0.07279766
0.043139354
0.043139354
0.043139354
0.043139354
0.07549387
0.067405241
0.102455966
0.032354516
0.032354516
0.121329433
0.088974918
0.088974918
0.088974918
0.124025643
0.088974918
0.088974918
0.088974918
0.088974918
0.105152176
0
0
0
0.037746935
0
0
0
0.032354516
0.088974918
0.088974918
0.056620402
0.14289911
0.14289911
0.137506691
0.137506691
0.132114272
0.248051286
0.269620963
0.382861768
0.412520074
0.43948217
0.192166214
0.201970612
0.250992606
0.306877678
0.36864539
0.390215067
0.492180813
0.51277005
0.527476648
0.498063452
0.523554888
0.557870284
0.58826392
0.58434216
0.651012071
0.627481514
0.669640428
0.600029198
0.537281047
0.577479081
0.635325033
0.685327466
0.775527934
0.794156291
0.792195412
0.933378752
0.961811508
0.98963149
0.986567615
0.988283385
0.984116515
1.041533525
1.061816375
1.089207413
1.137555354
1.166417053
1.173586519
1.149749575
1.158144592
1.158757366
0.974557227
0.952436052
0.937545622
0.877187293
0.776508374
0.725525501
0.633364153
0.650031631
0.571106222
0.417054608
0.244497192
0.115937014
0.118633224
0.118633224
0.091671127
0.099759756
0.07549387
0.129418062
0.167164997
0.22108919
0.172557416
0.172557416
0.118633224
0.161772578
0.258836125
0.288494431
0.256139915
0.167164997
0.102455966
0.121329433
0.150987739
0.172557416
0.14559532
0.129418062
0.129418062
0.129418062
0.129418062
0.153683949
0.199519513
0.14829153
0.14829153
0.159076368
0.213000561
0.175253626
0.22108919
0.14829153
0.21839298
0.204911932
0.110544595
0.164468788
0.226481609
0.361292091
0.374773139
0.320848946
0.390950397
0.434089751
0.177459616
0.175498736
0.21667721
0.235305568
0.235305568
0.374528029
0.423550022
0.473552455
0.488259053
0.51178961
0.577479081
0.573557322
0.567674682
0.556889844
0.573557322
0.598068318
0.602970518
0.608853157
0.626501074
0.610814036
0.606892277
0.646109872
0.716701542
0.779449693
0.832393446
0.890668341
0.946369581
0.953539047
1.051521756
1.033322341
0.997597564
1.047171054
1.038285818
1.081547727
1.032403179
1.015858256
1.053482636
1.025356267
0.87871923
0.908009871
0.884356759
0.825040147
0.787538322
0.714189165
0.692680765
0.69378376
0.593778894
0.485133901
0.379920448
0.30902239
0.236776228
0.137016471
0.064709031
0.064709031
0
0
0
0
0
0
0
0
0
0
0
0
0
0
0.037746935
0
0
0
0
0
0.037746935
0.037746935
0.086278708
0.086278708
0.051227983
0.051227983
0.051227983
0.051227983
0.051227983
0.051227983
0.051227983
0.051227983
0.051227983
0.051227983
0.051227983
0.099759756
0.199519513
0.102455966
0.134810482
0.134810482
0.256139915
0.226481609
0.120594104
0.176479176
0.225501169
0.29315152
0.319623396
0.382371548
0.426491342
0.480415534
0.485317734
0.636305473
0.685327466
0.688268786
0.72944726
0.740232099
0.762782216
0.794156291
0.830432566
0.830432566
0.813765089
0.864747962
0.866708841
0.858865323
0.80494113
0.758860456
0.798078051
0.864625407
0.935339632
1.07928046
1.121378097
1.12983439
1.175547399
1.220525078
1.266238087
1.309806383
1.408401867
1.336829757
1.340016187
1.339893632
1.38609686
1.367713613
1.296141503
1.288114151
1.202141831
1.102382074
0.871365931
0.818483456
0.791705192
0.700217897
0.607872717
0.54769822
0.507009966
0.33200145
0.283102011
0.199519513
0.110544595
0.110544595
0.110544595
0.113240805
0.078190079
0.078190079
0.078190079
0.156380159
0.156380159
0.156380159
0.156380159
0.156380159
0.115937014
0.156380159
0.156380159
0.191430884
0.156380159
0.167164997
0.210304351
0.202215722
0.242658867
0.194127093
0.194127093
0.115937014
0.040443144
0.107848385
0.150987739
0.180646045
0.07010145
0.07010145
0.07010145
0.102455966
0.064709031
0.083582499
0.083582499
0.080886289
0.113240805
0.186038465
0.21839298
0.250747496
0.337026204
0.412520074
0.168635657
0.196087973
0.204911932
0.207853252
0.238246887
0.242168647
0.256875245
0.312760317
0.331388675
0.358840991
0.387273747
0.430413101
0.450021898
0.461787177
0.501004771
0.549046325
0.568655122
0.579439961
0.617677116
0.615716236
0.634344593
0.683366587
0.703955824
0.751997377
0.762782216
0.803164083
0.852615018
0.964017498
1.302759472
1.348595035
1.384503646
1.427704277
1.445658582
1.406318433
1.470537244
1.33186628
1.322858489
1.299021545
1.165497891
1.018186801
0.996126904
0.887727021
0.87920945
0.720623301
0.540467476
0.453453438
0.400509685
0.38476137
0.330898455
0.339170916
0.257365465
0.189715114
0.14559532
0.083582499
0.045835564
0.035050725
0.035050725
0.035050725
0.035050725
0.099759756
0.099759756
0.115937014
0.07010145
0.105152176
0
0.035050725
0
0
0
0
0.018873467
0.018873467
0.018873467
0.078190079
0.202215722
0.199519513
0.140202901
0.153683949
0.153683949
0.153683949
0.153683949
0.191430884
0.207608142
0.186038465
0.172557416
0.186038465
0.186038465
0.169861207
0.153683949
0.213000561
0.159076368
0.207608142
0.239962657
0.175253626
0.29388685
0.355899671
0.227462049
0.233344688
0.274523162
0.285308001
0.334329994
0.408843424
0.400019465
0.400019465
0.452963218
0.4353153
0.434334861
0.443158819
0.472572015
0.527476648
0.524535328
0.521594009
0.563752923
0.573557322
0.564733363
0.534339727
0.558850724
0.611794476
0.645129432
0.653953391
0.667679549
0.731285585
0.775405379
0.818483456
0.865238182
0.93294981
0.959850629
1.009117732
1.02504988
1.044781232
1.041962467
1.027439702
1.005441082
1.005808747
0.974312117
0.991592369
0.858865323
0.829084462
0.779204583
0.690597331
0.721358631
0.711921898
0.66130669
0.49469319
0.443649039
0.454740265
0.442668599
0.260858282
0.234570238
0.199519513
0.199519513
0.113240805
0.080886289
0.080886289
0.080886289
0.043139354
0
0
0
0
0
0
0
0.026962096
0.102455966
0.102455966
0.059316612
0.026962096
0.056620402
0.097063547
0.097063547
0.204911932
0.059316612
0.088974918
0.137506691
0.129418062
0.088974918
0.088974918
0.132114272
0.132114272
0.153683949
0.22108919
0.29388685
0.342418623
0.342418623
0.275013382
0.115937014
0.124025643
0.183342255
0.183342255
0.277709592
0.339722414
0.124515863
0.124515863
0.120594104
0.120594104
0.151968179
0.226481609
0.237266448
0.252953485
0.280405802
0.315701637
0.29119064
0.300995039
0.311779877
0.326486475
0.334329994
0.361782311
0.332369115
0.332369115
0.342173513
0.382371548
0.395117266
0.396097706
0.414726063
0.426491342
0.484337294
0.514608375
0.593411229
0.598435983
0.632383714
0.621537598
0.65787515
0.652544008
0.673562188
0.707755028
0.763149881
0.76437543
0.827001027
0.801448313
0.670988533
0.586977092
0.605911837
0.624846582
0.58752859
0.572638159
0.498553672
0.512402385
0.500637107
0.468405146
0.453453438
0.464789774
0.47612611
0.434763803
0.404431445
0.3639883
0.3639883
0.3639883
0.264228544
0.183342255
0.107848385
0.153683949
0.107848385
0.107848385
0.107848385
0.062012822
0.032354516
0.032354516
0.118633224
0.161772578
0.037746935
0.067405241
0.067405241
0.067405241
0.067405241
0.037746935
0.078190079
0.078190079
0.086278708
0.086278708
0.086278708
0.121329433
0.159076368
0.258836125
0.334329994
0.328937575
0.304671688
0.248051286
0.21839298
0.385557977
0.261532334
0.280405802
0.239962657
0.280405802
0.326241365
0.374773139
0.326241365
0.355899671
0.182361815
0.181381375
0.243149087
0.283347121
0.286288441
0.286288441
0.311779877
0.36864539
0.349036592
0.373547589
0.391195507
0.408843424
0.468650256
0.470611136
0.515711369
0.624540195
0.618657555
0.648070751
0.653953391
0.65689471
0.722584181
0.72846682
0.72846682
0.713760222
0.697092745
0.752119932
0.739006549
0.738148664
0.903230226
0.93294981
0.91266696
0.975292557
0.972106127
0.991163427
0.992572809
0.992695364
0.902494897
0.908071148
0.865850957
0.748443283
0.735329899
0.667311884
0.664615674
0.534033339
0.502965651
0.448918904
0.423795132
0.277219372
0.254914365
0.261287224
0.267660083
0.218699368
0.188734674
0.164468788
0.164468788
0.164468788
0.129418062
0.175253626
0.215696771
0.215696771
0.194127093
0.088974918
0.040443144
0.040443144
0.040443144
0.040443144
0.040443144
0.040443144
0.040443144
0.083582499
0.140202901
0.140202901
0.083582499
0.083582499
0.083582499
0.083582499
0.083582499
0.040443144
0.040443144
0.088974918
0.086278708
0.045835564
0
0
0
0.035050725
0.080886289
0.07010145
0.045835564
0.045835564
0.086278708
0.175253626
0.21839298
0.175253626
0.280405802
0.261532334
0.125496303
0.142163781
0.201970612
0.204911932
0.244129527
0.301975479
0.313740757
0.323545156
0.380410668
0.380410668
0.4353153
0.51178961
0.483356854
0.467669816
0.502965651
0.564733363
0.572576882
0.643168552
0.73140814
0.775527934
0.832393446
0.842197845
0.927496113
0.928476553
1.007892182
1.112554138
1.192337432
1.234128681
1.251286379
1.25980395
1.31844651
1.378375896
1.420657366
1.435425241
1.328741128
1.240869205
1.206186145
1.181736426
1.091964901
1.115066515
1.09417089
1.051521756
0.925045013
0.917936824
0.853718013
0.754999974
0.663635234
0.599845365
0.598068318
0.504987808
0.416932053
0.245048689
0.213000561
0.213000561
0.177949836
0.067405241
0.043139354
0.043139354
0.043139354
0.078190079
0.078190079
0.078190079
0.029658306
0.121329433
0.029658306
0.029658306
0.029658306
0.067405241
0.029658306
0
0
0.035050725
0.035050725
0.035050725
0.035050725
0.035050725
0.035050725
0.078190079
0.086278708
0.086278708
0.124025643
0.124025643
0.086278708
0.035050725
0
0.062012822
0.051227983
0.051227983
0.094367337
0.094367337
0.150987739
0.191430884
0.258836125
0.415216283
0.372076929
0.388254187
0.14706598
0.230403369
0.312760317
0.400999905
0.419628263
0.44119794
0.379430228
0.36570407
0.36570407
0.382371548
0.43629574
0.460806737
0.443158819
0.475513335
0.526496208
0.568655122
0.638266353
0.639246793
0.65787515
0.676503507
0.788273652
0.790234532
0.817686848
0.841217405
0.906906876
0.977130881
1.077625968
1.163108068
1.16794899
1.186454793
1.228123487
1.283947282
1.322123159
1.285295387
1.290503973
1.257414128
1.262806547
1.240378985
1.226162607
1.267034694
1.280454465
1.219360806
1.137555354
0.975844054
0.818422178
0.725525501
0.619392885
0.559218389
0.495122132
0.409517477
0.33200145
0.23450896
0.207608142
0.207608142
0.167164997
0.115937014
0.107848385
0.067405241
0.067405241
0.067405241
0.113240805
0.14289911
0.045835564
0
0.029658306
0.029658306
0.029658306
0.029658306
0.029658306
0
0.07010145
0
0.051227983
0.051227983
0
0.043139354
0.053924193
0.053924193
0
0
0
0
0.043139354
0.043139354
0.043139354
0.083582499
0.126721853
0.126721853
0.083582499
0.215696771
0.14829153
0.245355076
0.191430884
0.226481609
0.250747496
0.207608142
0.136281141
0.135300702
0.176479176
0.282366681
0.304916798
0.340212633
0.321584276
0.36766495
0.381391108
0.416686943
0.474532895
0.534339727
0.593166119
0.639246793
0.684347026
0.714740662
0.725525501
0.725525501
0.738271219
0.737290779
0.691210105
0.778469254
0.845139164
0.87945456
0.936320072
1.055259683
1.157041597
1.159615251
1.204715485
1.264951259
1.329231348
1.298041105
1.270650066
1.230145644
1.188538227
1.144908653
1.079219182
0.964936661
0.943060596
0.974495949
1.005931302
1.002989983
0.941712491
0.95225222
0.776508374
0.714189165
0.668292324
0.633302876
0.58826392
0.429616494
0.393769161
0.324096653
0.331633785
0.264228544
0.167164997
0.167164997
0.167164997
0.164468788
0.129418062
0.129418062
0.167164997
0.107848385
0.032354516
0.032354516
0.032354516
0.032354516
0.07279766
0.07279766
0.07279766
0.056620402
0.056620402
0.056620402
0.097063547
0.032354516
0.032354516
0.032354516
0.043139354
0.094367337
0.094367337
0.094367337
0.094367337
0.091671127
0.094367337
0.078190079
0.043139354
0.129418062
0.102455966
0.102455966
0.102455966
0.245355076
0.245355076
0.172557416
0.172557416
0.256139915
0.374773139
0.310064108
0.131378942
0.190205334
0.272562283
0.285308001
0.346095273
0.416686943
0.486298174
0.515711369
0.524535328
0.575518201
0.620618435
0.642188112
0.643168552
0.672581748
0.726505941
0.726505941
0.713760222
0.726505941
0.752977817
0.837295645
0.885337199
0.885337199
0.958870189
0.994166024
1.052011976
1.102136964
1.170277535
1.262071217
1.294180623
1.322858489
1.292832518
1.307906781
1.339771077
1.236273393
1.221995738
1.174689514
1.158144592
1.076890638
1.020270235
1.031484016
0.900043797
0.820995833
0.845874494
0.742070424
0.705916703
0.696051027
0.561179268
0.525760878
0.379920448
0.231138698
0.118388114
0.065873303
0.040443144
0.040443144
0.040443144
0.040443144
0.040443144
0
0
0
0
0
0.037746935
0
0.040443144
0.040443144
0
0
0.024265887
0
0
0.080886289
0
0.043139354
0
0.045835564
0.07279766
0.102455966
0.180646045
0.237266448
0.159076368
0.172557416
0.207608142
0.180646045
0.180646045
0.231874028
0.239962657
0.215696771
0.164468788
0.161772578
0.161772578
0.196823303
0.226481609
0.280405802
0.299279269
0.36938072
0.160792138
0.164713898
0.191185774
0.209814131
0.230403369
0.254914365
0.278444922
0.345114833
0.346095273
0.2902102
0.298053719
0.29413196
0.313740757
0.305897238
0.316682077
0.325506036
0.339232194
0.374528029
0.385312867
0.443158819
0.448061019
0.463748057
0.468650256
0.475513335
0.524535328
0.557318786
0.632016049
0.681099319
0.735329899
0.791398804
0.827736357
0.883682707
0.945634251
0.880863942
0.935217077
0.857026998
0.818422178
0.847651542
0.898940802
0.826326974
0.790234532
0.703710714
0.672949413
0.60266413
0.573557322
0.589489469
0.544879455
0.509032123
0.433844641
0.444690757
0.386048197
0.260858282
0.172557416
0.105152176
0.088974918
0.088974918
0.110544595
0.07279766
0.021569677
0.021569677
0.021569677
0.067405241
0.021569677
0.045835564
0.080886289
0.080886289
0.080886289
0.035050725
0
0
0.032354516
0.032354516
0.118633224
0.086278708
0.115937014
0.115937014
0.161772578
0.118633224
0.161772578
0.161772578
0.161772578
0.186038465
0.14289911
0.107848385
0.062012822
0.032354516
0.064709031
0.105152176
0.105152176
0.107848385
0.067405241
0.29119064
0.29119064
0.242658867
0.288494431
0.361292091
0.121574543
0.169616097
0.186283575
0.22255985
0.252953485
0.230403369
0.275503602
0.29609284
0.29609284
0.298053719
0.312760317
0.312760317
0.346095273
0.370606269
0.349036592
0.349036592
0.361782311
0.349036592
0.36864539
0.411784744
0.423550022
0.406882544
0.454924098
0.428452221
0.43923706
0.490648875
0.519510574
0.541386638
0.540467476
0.51473093
0.510931725
0.49469319
0.51326027
0.534646114
0.530540522
0.50958362
0.535320167
0.549107602
0.494509357
0.478699765
0.421589142
0.434763803
0.450021898
0.388192909
0.399284135
0.410375361
0.330653345
0.260490617
0.267169863
0.236163453
0.200745063
0.176540453
0.180646045
0.14829153
0.048531773
0.048531773
0
0
0
0
0
0
0
0
0
0
0
0.045835564
0.045835564
0.045835564
0.045835564
0.105152176
0.059316612
0.059316612
0.059316612
0.107848385
0.048531773
0.086278708
0.080886289
0.175253626
0.080886289
0.113240805
0.153683949
0.188734674
0.229177819
0.226481609
0.226481609
0.269620963
0.269620963
0.328937575
0.328937575
0.328937575
0.377469348
0.337026204
0.269620963
0.393646606
0.14706598
0.14902686
0.163733458
0.14608554
0.169616097
0.183342255
0.197068413
0.21667721
0.242168647
0.242168647
0.245109967
0.272562283
0.270601403
0.270601403
0.310799438
0.318642956
0.350017032
0.388254187
0.450021898
0.467669816
0.504926531
0.520613569
0.519633129
0.578459521
0.600029198
0.641697892
0.640840007
0.670620868
0.743908748
0.778530531
0.792685632
0.816032356
0.794156291
0.778224144
0.759963451
0.714740662
0.710328683
0.662838627
0.665473559
0.586977092
0.572576882
0.560137551
0.504191201
0.467547261
0.43678596
0.448918904
0.204911932
0.210304351
0.134810482
0.110544595
0.113240805
0.084317828
0.035050725
0.035050725
0.035050725
0.035050725
0.035050725
0
0
0
0
0.037746935
0
0.035050725
0.078190079
0
0
0.048531773
0.048531773
0.048531773
0.048531773
0.048531773
0.048531773
0.110544595
0.110544595
0.110544595
0.153683949
0.199519513
0.199519513
0.288494431
0.091671127
0.091671127
0.091671127
0.07549387
0.07549387
0.07549387
0.161772578
0.161772578
0.159076368
0.191430884
0.245355076
0.153683949
0.126721853
0.245355076
0.412520074
0.36938072
0.132359382
0.165694337
0.194127093
0.210794571
0.263738324
0.378449788
0.380410668
0.457865417
0.471591576
0.495122132
0.51473093
0.563752923
0.589244359
0.559831163
0.58826392
0.590224799
0.597087878
0.551987645
0.541202806
0.615716236
0.673562188
0.677483947
0.693170985
0.720623301
0.771606174
0.85941682
0.884601869
0.952374775
0.987793165
0.938097119
0.962546838
0.97106441
1.001519323
0.992695364
1.006911742
0.987731887
0.911073745
0.879638392
0.814377864
0.780736521
0.737290779
0.651134626
0.643781327
0.568348735
0.58458727
0.571351332
0.58679326
0.499472834
0.348056152
0.319071899
0.218760645
0.223969232
0.188734674
0.121329433
0.121329433
0.086278708
0.043139354
0.043139354
0.043139354
0
0
0
0.043139354
0
0.029658306
0.029658306
0.029658306
0.029658306
0.045835564
0.045835564
0.037746935
0.059316612
0.164468788
0.115937014
0.088974918
0.22108919
0.213000561
0.161772578
0.215696771
0.121329433
0.045835564
0.083582499
0.045835564
0.126721853
0.137506691
0.194127093
0.194127093
0.099759756
0.156380159
0.14829153
0.14829153
0.21839298
0.296583059
0.36938072
0.304671688
0.417912493
0.14706598
0.184322695
0.461787177
0.433354421
0.471591576
0.531398407
0.595126999
0.604931397
0.623559755
0.614735796
0.627481514
0.662777349
0.677483947
0.681405707
0.679444827
0.677483947
0.723564621
0.722584181
0.760821336
0.791214972
0.775527934
0.737290779
0.765723535
0.799058491
0.835334766
0.931295318
0.929824658
0.979153039
1.053972856
1.110531981
1.147237198
1.18529052
1.179469159
1.266912139
1.249080389
1.194543422
1.139271124
1.06267426
0.972473792
0.96689754
0.923574354
0.926148008
0.877126015
0.849306034
0.785332333
0.730060035
0.575150536
0.537709989
0.426491342
0.354245179
0.236776228
0.242413757
0.207608142
0.164468788
0.132114272
0.132114272
0.064709031
0
0.021569677
0.021569677
0.021569677
0.07279766
0.07279766
0.07279766
0.099759756
0.078190079
0.078190079
0.078190079
0.118633224
0.078190079
0.169861207
0.037746935
0.037746935
0.078190079
0.07549387
0.126721853
0.037746935
0.037746935
0.037746935
0.037746935
0.083582499
0.080886289
0.121329433
0.121329433
0.150987739
0.080886289
0.080886289
0.113240805
0.156380159
0.14559532
0.196823303
0.164468788
0.183342255
0.229177819
0.248051286
0.36938072
0.182361815
0.249031726
0.315701637
0.317662517
0.314721197
0.336290874
0.337271314
0.36276275
0.392175946
0.407862984
0.375508469
0.399039025
0.415706503
0.406882544
0.465708936
0.433354421
0.500024332
0.516691809
0.522574449
0.501985211
0.538261486
0.58434216
0.636305473
0.649051191
0.665718669
0.688575173
0.750036497
0.818483456
0.848080484
0.845445552
0.865483292
0.894957765
0.864747962
0.879332005
0.850776694
0.775956876
0.754938697
0.753468037
0.65812026
0.659161977
0.645129432
0.61878011
0.543776461
0.531888627
0.522819559
0.446651636
0.4377664
0.449286569
0.460806737
0.424591739
0.303691248
0.263493214
0.194127093
0.194127093
0.137506691
0.088974918
0.053924193
0
0
0
0.110544595
0.110544595
0.053924193
0.134810482
0.188734674
0.086278708
0.032354516
0.032354516
0.032354516
0.032354516
0.032354516
0.032354516
0.032354516
0.032354516
0.032354516
0.07279766
0.07279766
0
0
0.037746935
0.037746935
0.037746935
0.032354516
0.064709031
0.032354516
0.078190079
0.032354516
0.078190079
0.210304351
0.210304351
0.301975479
0.382861768
0.250747496
0.36938072
0.36938072
0.253443705
0.130398502
0.1500073
0.215696771
0.257855685
0.277464482
0.341193073
0.400999905
0.461787177
0.549046325
0.592185679
0.618657555
0.636305473
0.694151425
0.744153858
0.704936264
0.716701542
0.741212539
0.738271219
0.790234532
0.852002243
0.905926436
0.924554794
0.979459426
1.027500979
1.006911742
1.043800792
1.105200839
1.207350417
0.740232099
0.814561696
0.816951518
0.799119768
0.745624518
0.747585398
0.777488814
0.774302384
0.80298025
0.749913942
0.744521523
0.71235084
0.703955824
0.606647167
0.58336172
0.572638159
0.626501074
0.60536034
0.626378519
0.568777677
0.460806737
0.371831819
0.262512774
0.268763078
0.134810482
0.088974918
0.051227983
0.051227983
0.051227983
0.051227983
0
0.051227983
0.051227983
0.051227983
0.051227983
0.051227983
0.051227983
0.083582499
0.083582499
0.126721853
0.126721853
0.239962657
0.239962657
0.175253626
0.21839298
0.14289911
0.091671127
0.137506691
0.043139354
0.043139354
0.07279766
0.07279766
0.018873467
0.07549387
0.204911932
0.113240805
0.043139354
0.14829153
0.137506691
0.188734674
0.191430884
0.194127093
0.226481609
0.328937575
0.345114833
0.339722414
0.471836685
0.447570799
0.192166214
0.22255985
0.22157941
0.240207767
0.255894805
0.318642956
0.353938792
0.36766495
0.380410668
0.425510902
0.403941225
0.396097706
0.383351988
0.384332427
0.380410668
0.395117266
0.405902105
0.444139259
0.445119699
0.485317734
0.478454655
0.480415534
0.493161253
0.477474215
0.477474215
0.531275852
0.570248337
0.587957532
0.616451566
0.651134626
0.647090312
0.723013124
0.701504724
0.706223091
0.734472015
0.737903554
0.725770611
0.650399296
0.615838791
0.548985047
0.537281047
0.420608702
0.343766728
0.319562119
0.255894805
0.190450444
0.195597753
0.200745063
0.164223678
0.16832927
0.172434861
0.139651403
0.14289911
0.091671127
0.091671127
0.048531773
0.048531773
0.048531773
0.048531773
0.048531773
0.078190079
0.078190079
0.029658306
0.126721853
0.126721853
0.126721853
0.186038465
0.156380159
0.156380159
0.188734674
0.21839298
0.156380159
0.156380159
0.156380159
0.156380159
0.234570238
0.377469348
0.377469348
0.350507252
0.337026204
0.29388685
0.226481609
0.169861207
0.261532334
0.14829153
0.14829153
0.153683949
0.339722414
0.334329994
0.350507252
0.417912493
0.417912493
0.337026204
0.337026204
0.372076929
0.412520074
0.162753018
0.210794571
0.212755451
0.229422929
0.248051286
0.234325128
0.215696771
0.250992606
0.277464482
0.273542723
0.273542723
0.260797004
0.265699204
0.275503602
0.275503602
0.300995039
0.315701637
0.315701637
0.326486475
0.329427795
0.313740757
0.356880111
0.377469348
0.422569582
0.417667383
0.443771594
0.470978801
0.49714429
0.551497425
0.593227396
0.62147632
0.665228449
0.751507157
0.736861837
0.76633631
0.76437543
0.736065229
0.73214347
0.720623301
0.72944726
0.680425267
0.683489142
0.641697892
0.579072296
0.489729713
0.380900888
0.288739541
0.29633795
0.183832475
0.188428287
0.193024099
0.144921268
0.14829153
0.107848385
0.107848385
0.032354516
0.032354516
0
0
0
0.043139354
0.043139354
0.043139354
0.043139354
0.043139354
0.043139354
0.043139354
0.043139354
0.043139354
0.043139354
0.099759756
0.175253626
0.22108919
0.22108919
0.29119064
0.264228544
0.264228544
0.22108919
0.186038465
0.22108919
0.22108919
0.266924754
0.312760317
0.258836125
0.258836125
0.299279269
0.404431445
0.3639883
0.455659428
0.409823864
0.331633785
0.377469348
0.428697331
0.474532895
0.396342816
0.350507252
0.127457183
0.14314422
0.178440056
0.213735891
0.267660083
0.325506036
0.358840991
0.370606269
0.416686943
0.431393541
0.415706503
0.451982778
0.455904538
0.455904538
0.464728496
0.481395974
0.460806737
0.480415534
0.497083012
0.528457088
0.495122132
0.466689376
0.466689376
0.485317734
0.485317734
0.536484439
0.58458727
0.632199881
0.718172202
0.732204747
0.698318294
0.701872389
0.73238858
0.723074401
0.731285585
0.663451402
0.66057136
0.662838627
0.591940569
0.499595389
0.458845857
0.359943986
0.29584773
0.263799601
0.264718764
0.181381375
0.167655217
0.140999508
0.098043987
0.100495086
0.102946186
0.105397286
0.064709031
0.064709031
0.064709031
0.026962096
0.026962096
0.026962096
0
0.048531773
0.048531773
0.048531773
0.048531773
0.048531773
0
0
0
0.051227983
0.051227983
0
0
0.024265887
0.024265887
0.024265887
0.024265887
0.059316612
0.102455966
0.153683949
0.153683949
0.153683949
0.153683949
0.129418062
0.129418062
0.140202901
0.175253626
0.097063547
0.129418062
0.045835564
0.134810482
0.094367337
0.094367337
0.094367337
0.137506691
0.14559532
0.169861207
0.226481609
0.100004866
0.107848385
0.129418062
0.200009733
0.210794571
0.272562283
0.325506036
0.402960785
0.43727618
0.446100139
0.472572015
0.481395974
0.469630696
0.469630696
0.469630696
0.521594009
0.497083012
0.543163686
0.578459521
0.616696676
0.649051191
0.651992511
0.737290779
0.743173418
0.763762656
0.853166516
0.930927653
0.9849744
0.963282168
0.998578003
1.059610385
1.055627348
1.000048663
1.009546674
1.01965746
1.034057671
1.044903787
1.025356267
0.996372014
0.87381703
0.868669721
0.818973675
0.76878741
0.692742043
0.637531023
0.566816797
0.435437855
0.365642793
0.328447355
0.336658539
0.29339663
0.229239096
0.183342255
0.183342255
0.14289911
0.14289911
0.099759756
0.164468788
0.164468788
0.102455966
0.102455966
0
0
0.035050725
0
0
0
0
0
0
0
0
0
0
0
0
0
0
0
0.086278708
0.204911932
0.204911932
0.204911932
0.159076368
0.115937014
0.180646045
0.180646045
0.153683949
0.269620963
0.269620963
0.269620963
0.229177819
0.22108919
0.186038465
0.196823303
0.256139915
0.125496303
0.120594104
0.179420495
0.280405802
0.311779877
0.323545156
0.36864539
0.350017032
0.375508469
0.386293307
0.392175946
0.391195507
0.346095273
0.374528029
0.372567149
0.390215067
0.430413101
0.467669816
0.494141692
0.527476648
0.541202806
0.615716236
0.594146559
0.629442394
0.626501074
0.725035281
0.769890405
0.755612749
0.761066446
0.864747962
0.907274541
0.948514293
0.989754045
1.030993796
1.02284389
1.04067564
0.962546838
0.877861345
0.884234204
0.894712655
0.923574354
0.857394663
0.745869628
0.742070424
0.714740662
0.67791289
0.589121804
0.43972728
0.350507252
0.216064435
0.156992934
0.108032218
0.067405241
0.067405241
0.067405241
0.067405241
0.035050725
0.07549387
0.07549387
0.088974918
0.048531773
0.113240805
0.091671127
0.048531773
0.048531773
0.048531773
0.094367337
0.048531773
0.040443144
0.040443144
0.040443144
0.040443144
0.07279766
0.07279766
0.107848385
0.032354516
0
0
0
0.056620402
0.048531773
0.091671127
0.091671127
0.091671127
0.091671127
0.024265887
0.024265887
0.024265887
0.067405241
0.067405241
0.067405241
0.024265887
0.064709031
0.099759756
0.102455966
0.067405241
0.024510997
0.07549387
0.210794571
0.22157941
0.250992606
0.251973046
0.241188207
0.21863809
0.28922976
0.309818998
0.331388675
0.341193073
0.36570407
0.36668451
0.404921665
0.434334861
0.466689376
0.502965651
0.519633129
0.505906971
0.556889844
0.576498641
0.631403274
0.646109872
0.677483947
0.744827911
0.832761111
0.887175524
0.920387924
0.948391738
1.009730507
1.021802173
0.986812725
0.934481747
0.930437433
0.938097119
0.890484508
0.852982683
0.762904771
0.700953227
0.647090312
0.667311884
0.558360504
0.463257837
0.450021898
0.439849835
0.451737668
0.492303368
0.404431445
0.346708048
0.355164341
0.223969232
0.194127093
0.14829153
0.175253626
0.124025643
0.132114272
0.040443144
0.124025643
0.064709031
0.064709031
0.064709031
0.064709031
0.064709031
0.024265887
0.024265887
0.024265887
0.024265887
0.024265887
0.07549387
0.07549387
0.07549387
0.051227983
0.094367337
0
0
0.056620402
0.026962096
0
0.067405241
0.153683949
0.124025643
0.124025643
0.124025643
0.110544595
0.110544595
0.14829153
0.086278708
0.132114272
0.086278708
0.056620402
0.102455966
0.102455966
0.113240805
0.067405241
0.094367337
0.056865512
0.034315395
0.079415629
0.157850818
0.200990173
0.209814131
0.214716331
0.151968179
0.223540289
0.258836125
0.307858118
0.311779877
0.317662517
0.337271314
0.337271314
0.343153953
0.43727618
0.522574449
0.515711369
0.529437528
0.615716236
0.58434216
0.577479081
0.592185679
0.603950957
0.669824261
0.718049647
0.693906315
0.80763734
0.828716797
0.891097283
0.838582473
0.816216188
0.811926764
0.795014176
0.787538322
0.710328683
0.666392721
0.628707064
0.55088465
0.568655122
0.586425595
0.604196067
0.531888627
0.421344032
0.36276275
0.339967524
0.267660083
0.274523162
0.206014927
0.14927197
0.131746607
0
0
0
0
0
0
0
0.035050725
0.083582499
0.083582499
0.083582499
0.035050725
0.078190079
0.043139354
0
0
0
0
0
0
0
0.045835564
0
0
0
0
0
0
0.153683949
0.102455966
0.102455966
0.161772578
0.097063547
0.110544595
0.097063547
0.097063547
0.132114272
0.099759756
0.129418062
0.180646045
0.22108919
0.229177819
0.177949836
0.207608142
0.091180908
0.091180908
0.116672344
0.116672344
0.160792138
0.14412466
0.167655217
0.226481609
0.274523162
0.310799438
0.344134393
0.372567149
0.401980345
0.417667383
0.443158819
0.446100139
0.446100139
0.447080579
0.449041459
0.483356854
0.505906971
0.501985211
0.556889844
0.556889844
0.542183246
0.562527373
0.570248337
0.594943166
0.699788954
0.716762819
0.717191762
0.728650653
0.742683198
0.810394827
0.818912398
0.825591645
0.777243704
0.781900793
0.76658142
0.706652033
0.637285913
0.558115394
0.54794333
0.540467476
0.527231538
0.514669652
0.528579643
0.41821888
0.370116049
0.30902239
0.275381047
0.176540453
0.180646045
0.14829153
0.064709031
0.064709031
0.064709031
0.064709031
0.064709031
0.029658306
0.029658306
0.07010145
0.07010145
0.07010145
0.07010145
0.040443144
0.040443144
0.040443144
0
0
0.062012822
0.062012822
0.062012822
0.14559532
0.14559532
0.248051286
0.231874028
0.161772578
0.196823303
0.196823303
0.242658867
0.307367898
0.215696771
0.175253626
0.191430884
0.164468788
0.272317173
0.213000561
0.213000561
0.194127093
0.177949836
0.215696771
0.296583059
0.396342816
0.331633785
0.409823864
0.14902686
0.14902686
0.117652784
0.176479176
0.166674777
0.171576977
0.209814131
0.189224894
0.182361815
0.182361815
0.165694337
0.178440056
0.193146654
0.21961853
0.237266448
0.288249321
0.265699204
0.29315152
0.278444922
0.288249321
0.299034159
0.311779877
0.338251754
0.369625829
0.386293307
0.435437855
0.444506924
0.469201753
0.477964435
0.501862656
0.566204023
0.591940569
0.567674682
0.580604233
0.603828402
0.524474051
0.495857462
0.470917523
0.47612611
0.459703742
0.452963218
0.467118319
0.460439072
0.43752129
0.425756012
0.408108094
0.419138043
0.387151192
0.397078146
0.339170916
0.288249321
0.231874028
0.137506691
0.137506691
0.094367337
0.094367337
0.051227983
0.051227983
0.051227983
0.051227983
0.051227983
0
0
0
0
0
0
0
0.051227983
0
0.045835564
0.045835564
0.045835564
0
0.029658306
0.094367337
0.14289911
0.183342255
0.22108919
0.183342255
0.134810482
0.169861207
0.204911932
0.285798221
0.239962657
0.234570238
0.234570238
0.272317173
0.288494431
0.283102011
0.283102011
0.285798221
0.250747496
0.150987739
0.113240805
0.113240805
0.041178474
0.07353299
0.087259148
0.117652784
0.118633224
0.100004866
0.118633224
0.142163781
0.160792138
0.176479176
0.202951052
0.208833691
0.208833691
0.212755451
0.194127093
0.169616097
0.189224894
0.164713898
0.187264014
0.235305568
0.271581843
0.264718764
0.279425362
0.29315152
0.351977912
0.380226836
0.408108094
0.409823864
0.65689471
0.667863381
0.73067281
0.703281771
0.704446044
0.684775969
0.667556994
0.666760386
0.65885559
0.579317406
0.558850724
0.552784252
0.570616002
0.554071079
0.456272203
0.396771758
0.311044547
0.319684674
0.300382264
0.270049906
0.247561066
0.208527304
0.213613336
0.18444525
0.064709031
0.105152176
0.105152176
0.105152176
0.105152176
0.07279766
0.07279766
0.107848385
0.105152176
0.161772578
0.161772578
0.088974918
0.132114272
0.099759756
0.132114272
0.167164997
0.188734674
0.188734674
0.21839298
0.140202901
0.140202901
0.140202901
0.086278708
0.086278708
0.107848385
0.086278708
0.086278708
0.086278708
0.186038465
0.223785399
0.180646045
0.14289911
0.086278708
0.086278708
0.140202901
0.180646045
0.180646045
0.140202901
0.183342255
0.22108919
0.258836125
0.245355076
0.207608142
0.202215722
0.092161347
0.105887506
0.14804642
0.167655217
0.167655217
0.169616097
0.178440056
0.183342255
0.204911932
0.238246887
0.22255985
0.247070846
0.249031726
0.311779877
0.297073279
0.320603836
0.348056152
0.369625829
0.350997472
0.370606269
0.36864539
0.386293307
0.369625829
0.388254187
0.392175946
0.425020682
0.450021898
0.483173021
0.50860318
0.513444102
0.544634346
0.545430953
0.557380064
0.580604233
0.603828402
0.595617219
0.547330555
0.566878075
0.586425595
0.605973115
0.625520634
0.578336966
0.502107766
0.4568237
0.379430228
0.358228216
0.286410996
0.224643284
0.198539073
0.20350255
0.208466027
0.108032218
0.080886289
0.080886289
0.080886289
0.080886289
0.080886289
0.080886289
0.129418062
0.188734674
0.156380159
0.097063547
0.097063547
0.048531773
0.035050725
0.035050725
0
0
0
0
0
0
0
0
0
0
0.053924193
0.091671127
0.037746935
0.086278708
0
0.051227983
0
0
0.021569677
0.129418062
0.129418062
0.118633224
0.194127093
0.064709031
0.064709031
0.14289911
0.180646045
0.14559532
0.14559532
0.175253626
0.094122227
0.113731024
0.117652784
0.125496303
0.156870379
0.176479176
0.232364248
0.246090406
0.241188207
0.239227327
0.267660083
0.265699204
0.234325128
0.281386242
0.309818998
0.300995039
0.301975479
0.319623396
0.335310434
0.36570407
0.402960785
0.402960785
0.402960785
0.432373981
0.448061019
0.51252494
0.570248337
0.635692698
0.696112305
0.732204747
0.794033736
0.851266914
0.817686848
0.851757134
0.831658116
0.827246137
0.830432566
0.890300676
0.891587503
0.813029759
0.743173418
0.687533456
0.608362937
0.534033339
0.454433878
0.408108094
0.419138043
0.391930836
0.323545156
0.246212961
0.172434861
0.105397286
0.07010145
0.037746935
0.037746935
0
0
0.043139354
0
0
0
0
0
0
0.037746935
0.07279766
0.035050725
0.094367337
0.059316612
0.059316612
0.097063547
0.097063547
0.097063547
0.067405241
0.067405241
0.067405241
0.067405241
0.121329433
0.121329433
0.140202901
0.105152176
0.105152176
0.159076368
0.159076368
0.180646045
0.156380159
0.156380159
0.180646045
0.180646045
0.156380159
0.159076368
0.159076368
0.105152176
0.307367898
0.248051286
0.264228544
0.140202901
0.174518296
0.227462049
0.253933925
0.298053719
0.325506036
0.310799438
0.325506036
0.282366681
0.300014599
0.265699204
0.265699204
0.2902102
0.283347121
0.2902102
0.2902102
0.386293307
0.415706503
0.463748057
0.457865417
0.51277005
0.550026765
0.573557322
0.614735796
0.625520634
0.684408304
0.751139492
0.787048102
0.775773044
0.814561696
0.87626813
0.9160985
0.955928869
0.917630437
0.903352781
0.913279735
0.923084134
0.900962959
0.856659333
0.854821008
0.788273652
0.812907204
0.735452454
0.682018482
0.633119043
0.464789774
0.449409124
0.413439236
0.377469348
0.359269933
0.265086429
0.202889775
0.175253626
0.051227983
0
0
0
0
0
0.115937014
0.115937014
0.164468788
0.164468788
0.164468788
0.164468788
0.113240805
0.064709031
0.064709031
0.091671127
0.115937014
0.115937014
0.064709031
0.064709031
0
0.051227983
0.051227983
0.115937014
0.115937014
0.115937014
0.115937014
0.115937014
0.186038465
0.14559532
0.186038465
0.167164997
0.204911932
0.202215722
0.266924754
0.161772578
0.213000561
0.215696771
0.14829153
0.14829153
0.150987739
0.258836125
0.301975479
0.171576977
0.22059897
0.234325128
0.28922976
0.321584276
0.358840991
0.36668451
0.350017032
0.417667383
0.460806737
0.498063452
0.463748057
0.446100139
0.51277005
0.501985211
0.518652689
0.458845857
0.51277005
0.549046325
0.577479081
0.592185679
0.578459521
0.606892277
0.626501074
0.631403274
0.643781327
0.681650817
0.699727677
0.865238182
0.849306034
0.856046558
0.858313825
0.870630601
0.87626813
0.855556338
0.888462351
0.87847412
0.785454888
0.733491575
0.721848851
0.719642862
0.673378355
0.645864762
0.606953555
0.456639868
0.430780766
0.372567149
0.281999016
0.250012166
0.213552058
0.159566588
0.089587693
0.091671127
0.091671127
0.091671127
0.091671127
0.045835564
0.091671127
0.091671127
0.045835564
0.045835564
0.045835564
0.045835564
0.045835564
0.045835564
0.102455966
0.102455966
0
0
0
0
0.045835564
0.053924193
0.053924193
0.053924193
0.091671127
0.132114272
0.091671127
0.14289911
0.091671127
0.161772578
0.126721853
0.159076368
0.264228544
0.229177819
0.229177819
0.229177819
0.191430884
0.231874028
0.22108919
0.183342255
0.14289911
0.113240805
0.14289911
0.14289911
0.248051286
0.1451051
0.128437622
0.1451051
0.142163781
0.166674777
0.262757884
0.278444922
0.321584276
0.316682077
0.332369115
0.332369115
0.348056152
0.390215067
0.391195507
0.468650256
0.464728496
0.490219933
0.475513335
0.526496208
0.548065885
0.552968084
0.565713803
0.613755356
0.613755356
0.636305473
0.655240218
0.69378376
0.727670213
0.769645295
0.791398804
0.833128776
0.887910854
0.902985116
0.877800067
0.885827419
0.936442627
0.902494897
0.934726857
0.898940802
0.854821008
0.862787082
0.85941682
0.831290451
0.667005496
0.588999249
0.54867866
0.458723302
0.437337458
0.370116049
0.190940664
0.195597753
0.200254843
0.124025643
0.124025643
0.124025643
0.088974918
0.088974918
0.088974918
0.056620402
0.026962096
0.062012822
0.026962096
0
0
0
0
0.043139354
0.043139354
0.043139354
0.132114272
0.083582499
0.083582499
0.118633224
0.078190079
0.078190079
0.121329433
0.121329433
0.121329433
0.164468788
0.275013382
0.14829153
0.07010145
0.07010145
0.196823303
0.102455966
0.153683949
0.140202901
0.140202901
0.21839298
0.320848946
0.277709592
0.223785399
0.277709592
0.277709592
0.253443705
0.320848946
0.119613664
0.134320262
0.134320262
0.189224894
0.197068413
0.22059897
0.269620963
0.271581843
0.312760317
0.326486475
0.343153953
0.358840991
0.36374319
0.418647823
0.43629574
0.421589142
0.43629574
0.427471782
0.452963218
0.480415534
0.471591576
0.459826297
0.491200373
0.469630696
0.44119794
0.484398571
0.512892605
0.530908187
0.571106222
0.627971734
0.65787515
0.663819067
0.680915487
0.709286965
0.716946652
0.683305309
0.664002899
0.639737013
0.661796909
0.628768342
0.619637995
0.616757953
0.625030415
0.58336172
0.5139956
0.405840827
0.360924426
0.210304351
0.186283575
0.190940664
0.195597753
0.163365793
0.167164997
0.215696771
0.215696771
0.215696771
0.215696771
0.215696771
0.175253626
0.175253626
0.175253626
0.175253626
0.175253626
0.175253626
0.199519513
0.199519513
0.07279766
0.07279766
0.132114272
0.132114272
0.159076368
0.186038465
0.159076368
0.159076368
0.080886289
0.080886289
0.048531773
0.134810482
0.083582499
0.14289911
0.14289911
0.266924754
0.226481609
0.275013382
0.256139915
0.213000561
0.242658867
0.288494431
0.334329994
0.323545156
0.277709592
0.318152737
0.237266448
0.283102011
0.409823864
0.361292091
0.118633224
0.115691904
0.115691904
0.180400935
0.194127093
0.22059897
0.243149087
0.243149087
0.271581843
0.306877678
0.319623396
0.319623396
0.350997472
0.344134393
0.378449788
0.431393541
0.485317734
0.488259053
0.520613569
0.556889844
0.570616002
0.601009638
0.618657555
0.651012071
0.651012071
0.664615674
0.697092745
0.723013124
0.431393541
0.487707556
0.533849507
0.528518365
0.551497425
0.523922553
0.544879455
0.521165066
0.50958362
0.527783035
0.51473093
0.478699765
0.449041459
0.430719489
0.443771594
0.4568237
0.397078146
0.355960949
0.325996255
0.334575104
0.343153953
0.311534767
0.29339663
0.27139801
0.277709592
0.277709592
0.164468788
0.099759756
0.099759756
0.07279766
0.035050725
0
0
0
0
0
0.043139354
0
0.045835564
0
0
0
0
0
0.048531773
0
0.102455966
0.045835564
0.045835564
0.097063547
0.172557416
0.129418062
0.129418062
0.129418062
0.167164997
0.156380159
0.118633224
0.159076368
0.159076368
0.086278708
0.086278708
0.067405241
0.067405241
0.067405241
0.137506691
0.137506691
0.137506691
0.156380159
0.098043987
0.110789705
0.1451051
0.14804642
0.223540289
0.22157941
0.248051286
0.240207767
0.280405802
0.29217108
0.320603836
0.320603836
0.340212633
0.361782311
0.36374319
0.36374319
0.375508469
0.375508469
0.393156386
0.383351988
0.428452221
0.458845857
0.444139259
0.457865417
0.477474215
0.497940897
0.519510574
0.548372273
0.58703837
0.609956152
0.653830836
0.613081304
0.639737013
0.666392721
0.699421289
0.65517894
0.617677116
0.60241902
0.54598245
0.564181865
0.564733363
0.564181865
0.47710655
0.491139095
0.416932053
0.401306293
0.412152409
0.422998525
0.311289657
0.241188207
0.162140243
0.166000725
0.099759756
0.105152176
0.105152176
0.105152176
0.105152176
0.105152176
0.045835564
0.045835564
0.045835564
0.045835564
0.045835564
0
0
0
0
0
0
0
0
0
0
0.056620402
0.056620402
0.113240805
0.024265887
0.024265887
0
0
0.037746935
0.037746935
0.094367337
0.037746935
0.037746935
0.037746935
0.078190079
0.078190079
0.083582499
0.083582499
0.124025643
0.115937014
0.124025643
0.172557416
0.253443705
0.434089751
0.157850818
0.192166214
0.233344688
0.261777444
0.275503602
0.305897238
0.382371548
0.400019465
0.399039025
0.404921665
0.390215067
0.416686943
0.378449788
0.391195507
0.410804304
0.416686943
0.50982873
0.501004771
0.535320167
0.537281047
0.549046325
0.560811603
0.560811603
0.597087878
0.633364153
0.647948196
0.678341832
0.787048102
0.829697237
0.84158507
0.916711275
0.909051588
0.922103694
0.945205308
0.983013521
0.911625243
0.921368364
0.954274377
0.864012632
0.782636123
0.639246793
0.653156783
0.485440289
0.394627046
0.405902105
0.360495483
0.291068085
0.298727772
0.264718764
0.271336733
0.138977351
0.142286336
0.102455966
0.078190079
0.040443144
0.040443144
0.040443144
0
0
0
0.062012822
0.062012822
0.062012822
0.062012822
0.062012822
0.062012822
0.062012822
0
0
0
0
0
0
0
0
0
0
0
0.037746935
0.037746935
0.037746935
0.037746935
0.037746935
0
0.053924193
0.053924193
0.105152176
0.167164997
0.167164997
0.167164997
0.210304351
0.234570238
0.140202901
0.269620963
0.353203462
0.388254187
0.209814131
0.259816564
0.313740757
0.301975479
0.354919231
0.317662517
0.303936358
0.318642956
0.327466915
0.330408235
0.330408235
0.330408235
0.351977912
0.346095273
0.376488909
0.389234627
0.420608702
0.455904538
0.44119794
0.445119699
0.454924098
0.500024332
0.601009638
0.601009638
0.58434216
0.612529806
0.668414879
0.690413498
0.709593353
0.724483783
0.771115955
0.841401237
0.783861673
0.779756081
0.763149881
0.7709934
0.763517546
0.730366423
0.713270002
0.714250442
0.707877583
0.695622085
0.687533456
0.707755028
0.615471126
0.596291271
0.519265464
0.36325297
0.242658867
0.211039681
0.175008516
0.179175386
0.134810482
0.045835564
0.045835564
0.045835564
0.045835564
0
0
0
0
0
0
0
0
0
0
0
0
0
0
0
0
0
0.026962096
0.026962096
0.080886289
0.080886289
0.080886289
0.080886289
0.080886289
0.080886289
0.032354516
0.032354516
0.056620402
0.056620402
0.059316612
0.059316612
0.059316612
0.059316612
0.035050725
0.035050725
0.035050725
0.121329433
0.275013382
0.323545156
0.142163781
0.208833691
0.256875245
0.323545156
0.36374319
0.400019465
0.409823864
0.449041459
0.466689376
0.490219933
0.490219933
0.501004771
0.525515768
0.525515768
0.525515768
0.566694243
0.58826392
0.615716236
0.635325033
0.576498641
0.601009638
0.625520634
0.637285913
0.653953391
0.701014504
0.775037714
0.812907204
0.821976273
0.852982683
0.881476717
0.889749178
0.872407648
0.863277302
0.87626813
0.91291207
0.921552196
0.926515673
0.940057999
0.882395879
0.854821008
0.723564621
0.671356198
0.539609591
0.598374706
0.573557322
0.555480462
0.484337294
0.344134393
0.352958352
0.361782311
0.295970285
0.25822335
0.223785399
0.223785399
0.115937014
0.115937014
0.048531773
0.048531773
0.048531773
0.048531773
0.102455966
0.016177258
0.016177258
0.016177258
0.016177258
0.016177258
0.016177258
0.016177258
0.043139354
0
0.029658306
0
0.026962096
0.056620402
0.053924193
0.053924193
0.080886289
0.188734674
0.080886289
0.080886289
0.121329433
0.026962096
0.026962096
0.040443144
0
0.102455966
0.102455966
0.051227983
0.14829153
0.110544595
0.177949836
0.261532334
0.450267008
0.428697331
0.482621524
0.560811603
0.234325128
0.267660083
0.36668451
0.425510902
0.448061019
0.501985211
0.470611136
0.489239493
0.520613569
0.506887411
0.494141692
0.482376414
0.51473093
0.564733363
0.623559755
0.623559755
0.712779783
0.688268786
0.705916703
0.719642862
0.765723535
0.798078051
0.788273652
0.759840896
0.725525501
0.722951846
0.784229338
0.824304817
0.867689281
0.902065954
0.938280952
0.948514293
1.02652054
0.975844054
0.995759239
1.037366656
1.068924564
1.02357922
0.933868972
0.964997938
0.911809075
0.853350348
0.83962419
0.712044453
0.679444827
0.698318294
0.617064341
0.552048922
0.480415534
0.364294688
0.32685414
0.247683621
0.204911932
0.204911932
0.156380159
0.115937014
0.07010145
0.07010145
0.07010145
0
0
0
0
0
0.045835564
0.045835564
0.129418062
0.064709031
0.048531773
0.029658306
0.029658306
0.07279766
0.107848385
0.064709031
0.105152176
0.07279766
0.118633224
0.21839298
0.355899671
0.272317173
0.272317173
0.347811042
0.272317173
0.283102011
0.382861768
0.355899671
0.261532334
0.223785399
0.186038465
0.124025643
0.261532334
0.204911932
0.202215722
0.312760317
0.479925314
0.560811603
0.204911932
0.252953485
0.258836125
0.251973046
0.2902102
0.302955919
0.321584276
0.310799438
0.340212633
0.340212633
0.329427795
0.312760317
0.300014599
0.330408235
0.384332427
0.44217838
0.486298174
0.493161253
0.465708936
0.481395974
0.462767617
0.494141692
0.525515768
0.523554888
0.537281047
0.570861112
0.651869956
0.736984392
0.824795037
0.84158507
0.868179501
0.866770119
0.929456993
0.883927817
0.896979922
0.85868149
0.845874494
0.817441738
0.845629384
0.756041692
0.747095178
0.681466984
0.702117499
0.654137223
0.641943002
0.632567546
0.554193634
0.489913546
0.502475431
0.47735166
0.411784744
0.310921993
0.318152737
0.272317173
0.223785399
0.156380159
0.156380159
0.07549387
0.07549387
0.037746935
0.037746935
0.07549387
0.037746935
0.037746935
0.083582499
0.124025643
0.161772578
0.161772578
0.199519513
0.199519513
0.199519513
0.199519513
0.196823303
0.14289911
0.14289911
0.156380159
0.156380159
0.115937014
0.177949836
0.110544595
0.07010145
0.14289911
0.14289911
0.223785399
0.269620963
0.269620963
0.312760317
0.275013382
0.237266448
0.3639883
0.285798221
0.374773139
0.283102011
0.326241365
0.380165558
0.380165558
0.138242021
0.204911932
0.247070846
0.282366681
0.287268881
0.303936358
0.342173513
0.352958352
0.356880111
0.334329994
0.346095273
0.385312867
0.376488909
0.479435094
0.525515768
0.58728348
0.599048758
0.613755356
0.640227232
0.629442394
0.645129432
0.703955824
0.73238858
0.715721102
0.714740662
0.754203367
0.796362281
0.867382894
0.724299951
0.696173582
0.643045997
0.706100536
0.698563404
0.707755028
0.707387363
0.73459457
0.688023676
0.664615674
0.650766961
0.588876694
0.527476648
0.543960293
0.541693026
0.478270822
0.465463826
0.437582568
0.419138043
0.339354749
0.279425362
0.190940664
0.14927197
0.152826064
0.156380159
0.083582499
0.045835564
0.045835564
0.045835564
0.045835564
0
0
0
0.043139354
0.043139354
0.043139354
0.043139354
0.043139354
0.043139354
0.043139354
0.043139354
0.043139354
0.043139354
0.043139354
0
0.045835564
0.045835564
0.045835564
0.083582499
0.083582499
0.132114272
0.161772578
0.161772578
0.196823303
0.196823303
0.186038465
0.199519513
0.210304351
0.210304351
0.210304351
0.175253626
0.156380159
0.196823303
0.29388685
0.29388685
0.277709592
0.350507252
0.466444266
0.169616097
0.228442489
0.241188207
0.335310434
0.332369115
0.345114833
0.351977912
0.36276275
0.355899671
0.399039025
0.399039025
0.397078146
0.378449788
0.443158819
0.445119699
0.476493775
0.474532895
0.505906971
0.498063452
0.558850724
0.58826392
0.617677116
0.624540195
0.639246793
0.639246793
0.667740826
0.73018259
0.771912562
0.817441738
0.819709005
0.816951518
0.786435327
0.842688065
0.897715252
0.890607063
0.842136567
0.847590264
0.707264808
0.62319209
0.643965159
0.633364153
0.636979525
0.554193634
0.491139095
0.476493775
0.38770269
0.332981889
0.310676883
0.279425362
0.233651076
0.239349882
0.129111675
0.097063547
0.115937014
0.045835564
0.045835564
0.045835564
0.045835564
0
0.037746935
0.078190079
0.078190079
0.040443144
0.088974918
0.088974918
0.088974918
0
0.048531773
0.102455966
0.053924193
0.053924193
0.053924193
0.053924193
0.080886289
0.080886289
0.080886289
0.137506691
0.110544595
0.026962096
0.026962096
0.097063547
0.026962096
0.059316612
0.059316612
0.088974918
0.159076368
0.164468788
0.126721853
0.167164997
0.199519513
0.204911932
0.078190079
0.048531773
0.229177819
0.280405802
0.36938072
0.117652784
0.151968179
0.180400935
0.245109967
0.2951124
0.408843424
0.394136826
0.472572015
0.552968084
0.450021898
0.444139259
0.463748057
0.479435094
0.419628263
0.450021898
0.44119794
0.461787177
0.479435094
0.539241926
0.601009638
0.618657555
0.633364153
0.634344593
0.607872717
0.65885559
0.785454888
0.828349132
0.870875711
0.916711275
0.918794709
0.98816083
0.997842674
0.995636684
1.026397985
0.98619995
0.938097119
0.964262608
0.977375991
0.937545622
0.904210666
0.80396069
0.738087387
0.677116282
0.60266413
0.619883105
0.521471454
0.430780766
0.372812259
0.352958352
0.27384911
0.280528357
0.250318553
0.183342255
0.183342255
0.183342255
0.091671127
0.048531773
0.048531773
0
0.032354516
0.032354516
0.032354516
0.032354516
0.032354516
0
0
0
0
0
0
0
0
0
0.080886289
0.048531773
0.110544595
0.140202901
0.110544595
0.167164997
0.204911932
0.299279269
0.261532334
0.326241365
0.253443705
0.253443705
0.275013382
0.296583059
0.461051847
0.541938136
0.552722974
0.560811603
0.606647167
0.566204023
0.614735796
0.628216844
0.628216844
0.246090406
0.315701637
0.392175946
0.444139259
0.477474215
0.557870284
0.595126999
0.608853157
0.591205239
0.606892277
0.623559755
0.629442394
0.672581748
0.671601308
0.667679549
0.65885559
0.66081647
0.65787515
0.65885559
0.652972951
0.632383714
0.613755356
0.670620868
0.690229666
0.73336902
0.795872061
0.815113194
0.861561532
0.905681326
0.999864831
1.004338088
1.049989819
0.975047447
1.043249295
1.075419978
1.052257086
1.050051096
1.068005401
1.073581653
1.052379641
0.95298755
0.810885047
0.8042058
0.757083409
0.745624518
0.75046544
0.649663966
0.633302876
0.544144126
0.525086826
0.460684182
0.376795296
0.361292091
0.310064108
0.275013382
0.275013382
0.275013382
0.167164997
0.167164997
0.126721853
0.167164997
0.126721853
0.094367337
0.094367337
0.045835564
0.045835564
0.121329433
0.121329433
0.121329433
0.121329433
0.083582499
0.083582499
0.037746935
0.207608142
0.161772578
0.161772578
0.169861207
0.169861207
0.164468788
0.164468788
0.159076368
0.159076368
0.126721853
0.126721853
0.231874028
0.169861207
0.140202901
0.140202901
0.080886289
0.080886289
0.080886289
0.035050725
0.035050725
0.035050725
0.035050725
0.035050725
0.012745718
0
0
0
0
0
0
0
0
0
0
0
0.303936358
0.634344593
0.616696676
0.621598875
0.604931397
0.614735796
0.637285913
0.647090312
0.647090312
0.696112305
0.749056058
0.672581748
0.720623301
0.783371453
0.790847307
0.870875711
1.202264385
1.244362022
1.303617357
1.309316163
1.328005798
1.352700627
1.363791853
1.355029172
1.427520445
1.332785443
1.228000932
1.016287198
0.868669721
0.75022033
0.739619324
0.718478589
0.619883105
0.580420401
0.463380392
0.444506924
0.424040242
0.336658539
0.308838558
0.139651403
0.07549387
0.07549387
0
0
0
0
0
0
0.048531773
0
0
0
0
0
0
0.091671127
0.078190079
0.048531773
0.048531773
0.048531773
0.048531773
0.048531773
0
0.064709031
0
0
0.037746935
0.064709031
0.067405241
0.207608142
0.261532334
0.261532334
0.242658867
0.242658867
0.256139915
0.264228544
0.420608702
0.342418623
0.382861768
0.347811042
0.388254187
0.36668451
0.399039025
0.525760878
0.230403369
0.256875245
0.262757884
0.308838558
0.358840991
0.399039025
0.432373981
0.448061019
0.446100139
0.459826297
0.526496208
0.594146559
0.619637995
0.66081647
0.671601308
0.676503507
0.758860456
0.80494113
0.80592157
0.783371453
0.791214972
0.778469254
0.781410573
0.783371453
0.812784649
0.874000863
0.895631818
0.960524681
0.995146464
1.039756478
0.967939258
0.931601705
0.989754045
1.053972856
1.018064246
1.002622318
1.002009543
0.868976109
0.80150959
0.816828963
0.790234532
0.725954443
0.727118716
0.74850456
0.600029198
0.566816797
0.47735166
0.461235679
0.404431445
0.32660903
0.329427795
0.260858282
0.180646045
0.180646045
0.150987739
0.124025643
0.124025643
0.169861207
0.169861207
0.121329433
0.121329433
0.121329433
0.210304351
0.226481609
0.223785399
0.223785399
0.186038465
0.250747496
0.318152737
0.285798221
0.285798221
0.234570238
0.312760317
0.361292091
0.361292091
0.455659428
0.544634346
0.630913054
0.609343377
0.668659989
0.620128215
0.555419184
0.58507749
0.523064668
0.431393541
0.51497604
0.555419184
0.614735796
0.579685071
0.555419184
0.482621524
0.474532895
0.463748057
0.380165558
0.447570799
0.331633785
0.123535423
0.135300702
0.135300702
0.120594104
0.152948619
0.172557416
0.172557416
0.172557416
0.172557416
0.240207767
0.255894805
0.241188207
0.242168647
0.258836125
0.250992606
0.304916798
0.321584276
0.36668451
0.404921665
0.433354421
0.468650256
0.480415534
0.487278613
0.493161253
0.519633129
0.596904046
0.666208889
0.705549039
0.751262047
0.842871897
0.858742768
0.885092089
0.95004623
0.942141434
0.959115299
0.974495949
0.998578003
0.98448418
1.020270235
1.054279243
0.962791948
0.802796418
0.772954279
0.606953555
0.624295085
0.641636615
0.58213617
0.597455543
0.531888627
0.517549694
0.532746512
0.500637107
0.3639883
0.3639883
0.256139915
0.21839298
0.21839298
0.169861207
0.129418062
0.078190079
0.115937014
0.115937014
0.14829153
0.110544595
0.062012822
0.062012822
0.099759756
0.099759756
0.067405241
0.110544595
0.194127093
0.266924754
0.266924754
0.226481609
0.226481609
0.315456527
0.277709592
0.277709592
0.277709592
0.237266448
0.285798221
0.256139915
0.29119064
0.315456527
0.248051286
0.307367898
0.307367898
0.21839298
0.140202901
0.177949836
0.186038465
0.22108919
0.226481609
0.215696771
0.250747496
0.231874028
0.14412466
0.1500073
0.175498736
0.201970612
0.21961853
0.245109967
0.267660083
0.248051286
0.267660083
0.264718764
0.350997472
0.372567149
0.407862984
0.405902105
0.423550022
0.463748057
0.58238128
0.629442394
0.679444827
0.755919137
0.796117171
0.850041364
0.865728402
0.835334766
0.791214972
0.848999646
0.885704864
0.93491069
0.914260175
0.900779127
0.869527606
0.869588884
0.914750395
0.909970751
0.946369581
0.928170166
0.917936824
0.888523628
0.889749178
0.862419417
0.768664855
0.689555613
0.633364153
0.591940569
0.542673466
0.516936919
0.384209872
0.394320659
0.355409451
0.278873864
0.208466027
0.181810318
0.186038465
0.129418062
0.129418062
0.094367337
0.040443144
0
0
0
0
0
0
0
0.099759756
0.062012822
0.062012822
0.083582499
0.083582499
0.083582499
0.083582499
0.083582499
0.062012822
0.062012822
0.107848385
0.107848385
0.153683949
0.186038465
0.091671127
0.091671127
0.091671127
0.091671127
0.091671127
0.045835564
0.080886289
0.167164997
0.124025643
0.126721853
0.132114272
0.132114272
0.191430884
0.140202901
0.229177819
0.301975479
0.331633785
0.342418623
0.156870379
0.227462049
0.242168647
0.315701637
0.413745623
0.461787177
0.515711369
0.598068318
0.612774916
0.651012071
0.613755356
0.685327466
0.700034064
0.701014504
0.749056058
0.721603741
0.677483947
0.722584181
0.738271219
0.751997377
0.723564621
0.768664855
0.800038931
0.80592157
0.833373886
0.85941682
0.925412678
0.968674588
0.941222271
0.975415112
1.040736918
1.058446113
1.104465509
1.124441971
1.097724985
1.100237362
1.142702664
1.059120165
0.965120493
0.978295154
0.964752828
0.994901354
0.854208233
0.76780697
0.668414879
0.643903882
0.502965651
0.446896746
0.392175946
0.314047145
0.151845624
0.155460996
0.118633224
0.118633224
0.032354516
0
0
0.051227983
0.086278708
0.086278708
0.086278708
0.086278708
0.086278708
0.086278708
0.086278708
0.086278708
0.134810482
0.175253626
0.126721853
0.126721853
0.07549387
0.07549387
0.07549387
0.07549387
0.07549387
0.040443144
0.040443144
0.040443144
0.040443144
0.064709031
0.064709031
0.064709031
0.064709031
0.064709031
0.14289911
0.164468788
0.107848385
0.067405241
0.067405241
0.067405241
0.067405241
0.053924193
0.186038465
0.153683949
0.207608142
0.283102011
0.114711464
0.185303135
0.307858118
0.314721197
0.384332427
0.448061019
0.478454655
0.570616002
0.569635562
0.623559755
0.623559755
0.670620868
0.680425267
0.635325033
0.667679549
0.650031631
0.674542628
0.703955824
0.751016937
0.774547494
0.790234532
0.80494113
0.810823769
0.824549927
0.862787082
0.915669557
1.040124143
1.130508443
1.16794899
1.223772785
1.252389374
1.298041105
1.347124376
1.366488063
1.323961484
1.35337468
1.379478891
1.265257647
1.308887221
1.240440263
1.145153763
1.057588228
1.064635139
1.027317147
0.882395879
0.736861837
0.717191762
0.657201098
0.634834813
0.479864037
0.411784744
0.339906246
0.301975479
0.264228544
0.180646045
0.140202901
0.094367337
0.094367337
0.053924193
0
0.053924193
0.053924193
0.110544595
0.186038465
0.132114272
0.07549387
0.137506691
0.188734674
0.256139915
0.186038465
0.186038465
0.186038465
0.132114272
0.132114272
0.094367337
0.035050725
0.035050725
0
0.018873467
0.018873467
0.018873467
0.056620402
0.018873467
0.053924193
0.129418062
0.129418062
0.194127093
0.140202901
0.194127093
0.175253626
0.288494431
0.172557416
0.22108919
0.288494431
0.194127093
0.199519513
0.109809265
0.140202901
0.185303135
0.236286008
0.268640523
0.281386242
0.310799438
0.350997472
0.379430228
0.406882544
0.372567149
0.417667383
0.415706503
0.429432661
0.476493775
0.496102572
0.607872717
0.633364153
0.629442394
0.601009638
0.618657555
0.685327466
0.748075618
0.80298025
0.814745529
0.865667124
0.967326483
1.02455966
1.074807203
1.095090053
1.147237198
1.150055963
1.177998499
1.086143539
1.086572481
1.100237362
1.015735701
0.97204485
0.957767194
0.961198734
0.898082917
0.772464059
0.745869628
0.692742043
0.672826858
0.628033012
0.607750162
0.511421945
0.384822647
0.329121408
0.298543939
0.150191132
0.051227983
0.051227983
0.051227983
0.051227983
0.051227983
0
0.040443144
0
0
0
0
0
0
0.037746935
0.037746935
0.037746935
0.035050725
0.035050725
0.035050725
0.035050725
0.035050725
0.035050725
0.035050725
0.035050725
0.035050725
0
0
0
0
0.051227983
0.051227983
0.107848385
0.107848385
0.14829153
0.188734674
0.253443705
0.29119064
0.134810482
0.250747496
0.250747496
0.226481609
0.296583059
0.382861768
0.355899671
0.129418062
0.169616097
0.187264014
0.209814131
0.252953485
0.337271314
0.36864539
0.380410668
0.409823864
0.44119794
0.467669816
0.445119699
0.446100139
0.475513335
0.501985211
0.578459521
0.593166119
0.599048758
0.603950957
0.666699109
0.712779783
0.746114738
0.826510807
0.80592157
0.899063357
0.976089164
1.051154091
1.139822622
1.492719696
1.558347889
1.647384085
1.637702241
1.60890182
1.613129967
1.656943373
1.677655165
1.657433593
1.649099854
1.483528072
1.40760526
1.337319977
1.304291409
1.239643655
1.132408045
1.027991199
0.757267241
0.710206128
0.657201098
0.556399624
0.497450677
0.388621852
0.192350046
0.196823303
0.196823303
0.156380159
0.196823303
0.14829153
0.14829153
0.048531773
0.048531773
0.048531773
0.086278708
0.037746935
0.083582499
0.137506691
0.167164997
0.167164997
0.137506691
0.137506691
0.083582499
0.083582499
0.07549387
0.07549387
0.07549387
0.164468788
0.14829153
0.107848385
0.062012822
0.062012822
0.177949836
0.353203462
0.36938072
0.261532334
0.326241365
0.299279269
0.277709592
0.275013382
0.342418623
0.342418623
0.288494431
0.318152737
0.382861768
0.226481609
0.323545156
0.412520074
0.382861768
0.151968179
0.151968179
0.178440056
0.254914365
0.375508469
0.387273747
0.389234627
0.405902105
0.451982778
0.453943658
0.499043892
0.525515768
0.574537761
0.58238128
0.598068318
0.618657555
0.644148992
0.618657555
0.66081647
0.697092745
0.716701542
0.703955824
0.703955824
0.748075618
0.750036497
0.835457321
0.844894054
0.894161158
0.903230226
0.899492299
0.926148008
0.942876764
0.929456993
0.980439866
0.998945668
1.005931302
1.036324938
1.04312674
0.981665416
0.934604302
0.886317639
0.776508374
0.747953063
0.814990639
0.796362281
0.650705684
0.635692698
0.587896255
0.539241926
0.474839283
0.409211089
0.33200145
0.307367898
0.280405802
0.280405802
0.239962657
0.215696771
0.177949836
0.177949836
0.121329433
0.121329433
0.094367337
0.094367337
0.14289911
0.102455966
0.159076368
0.14289911
0.14289911
0.094367337
0
0
0.035050725
0.07549387
0.242658867
0.202215722
0.229177819
0.288494431
0.320848946
0.320848946
0.347811042
0.498798782
0.44217838
0.372076929
0.361292091
0.345114833
0.285798221
0.242658867
0.239962657
0.266924754
0.296583059
0.242658867
0.226481609
0.248051286
0.229177819
0.215696771
0.169861207
0.084317828
0.108828825
0.158831258
0.186283575
0.183342255
0.213735891
0.246090406
0.252953485
0.281386242
0.288249321
0.302955919
0.311779877
0.347075713
0.356880111
0.359821431
0.36472363
0.391195507
0.451002338
0.495122132
0.495122132
0.549046325
0.58434216
0.591205239
0.633364153
0.65689471
0.70940952
0.806289235
0.874368528
1.006176412
1.053911578
1.118926997
1.169787315
1.195646416
1.210230459
1.167826435
1.191234437
1.207901915
1.235047844
1.158144592
1.126464128
1.127505846
1.085898429
1.02504988
0.791398804
0.697092745
0.671111088
0.605421617
0.621353765
0.546595225
0.51252494
0.488994383
0.471652853
0.264228544
0.213000561
0.156380159
0.132114272
0.113240805
0.113240805
0.126721853
0.045835564
0
0
0
0.043139354
0.043139354
0.043139354
0.043139354
0.086278708
0.161772578
0.21839298
0.231874028
0.188734674
0.124025643
0.161772578
0.161772578
0.113240805
0.113240805
0.113240805
0.115937014
0.229177819
0.350507252
0.328937575
0.328937575
0.415216283
0.531153297
0.334329994
0.353203462
0.277709592
0.320848946
0.288494431
0.455659428
0.29119064
0.331633785
0.266924754
0.331633785
0.372076929
0.14314422
0.154909499
0.212755451
0.234325128
0.266679644
0.308838558
0.327466915
0.356880111
0.384332427
0.410804304
0.530417967
0.536300607
0.504926531
0.599048758
0.681405707
0.694151425
0.736310339
0.720623301
0.707877583
0.745134298
0.681405707
0.711799343
0.756899576
0.752977817
0.793175852
0.826081865
0.893425828
0.922103694
1.001274213
1.002438485
1.027255869
1.055627348
1.050051096
1.04018542
1.0563014
1.067147516
1.106671499
1.053789023
1.020270235
1.031484016
0.902004677
0.833128776
0.825040147
0.724912726
0.745624518
0.707387363
0.628707064
0.492303368
0.306387458
0.314047145
0.187876789
0.144921268
0.14829153
0.118633224
0.088974918
0.053924193
0
0
0.040443144
0.040443144
0.110544595
0.110544595
0.07010145
0.126721853
0.126721853
0.126721853
0.126721853
0.161772578
0.215696771
0.161772578
0.056620402
0.056620402
0.088974918
0.134810482
0.134810482
0.078190079
0.078190079
0.078190079
0.078190079
0.105152176
0.105152176
0.105152176
0.105152176
0.105152176
0.105152176
0.129418062
0.083582499
0.097063547
0.183342255
0.177949836
0.153683949
0.153683949
0.172557416
0.177949836
0.07549387
0.258836125
0.138242021
0.138242021
0.153929059
0.212755451
0.314721197
0.388254187
0.410804304
0.396097706
0.454924098
0.44217838
0.470611136
0.433354421
0.452963218
0.432373981
0.448061019
0.504926531
0.569635562
0.58630304
0.601009638
0.611794476
0.713760222
0.753958257
0.798078051
0.830432566
0.823569487
0.869833994
0.909970751
0.925596511
0.966958818
0.994717521
1.025907765
0.995023909
1.005931302
1.047845107
1.067453904
1.090310408
1.072356103
1.041349693
1.047845107
0.968797142
0.902004677
0.758308959
0.625030415
0.568348735
0.456639868
0.374099086
0.36325297
0.29633795
0.259816564
0.160792138
0.113240805
0.137016471
0.140202901
0.140202901
0.14289911
0.097063547
0.043139354
0
0
0
0
0
0
0
0
0
0
0
0
0
0
0.053924193
0
0
0
0
0.048531773
0.048531773
0.086278708
0.037746935
0.083582499
0.037746935
0.091671127
0.091671127
0.091671127
0.129418062
0.129418062
0.118633224
0.164468788
0.07549387
0.07549387
0.150987739
0.14829153
0.110544595
0.110544595
0.248051286
0.07451343
0.100985306
0.14706598
0.177459616
0.22255985
0.251973046
0.287268881
0.450021898
0.468650256
0.550026765
0.574537761
0.604931397
0.677483947
0.686307906
0.774547494
0.796117171
0.773567054
0.785332333
0.858865323
0.872591481
0.985342065
1.011813942
0.968674588
0.964752828
1.001029103
1.090678073
1.146011648
1.170093702
1.212068784
1.315137525
1.323838929
1.30085987
1.382420211
1.412446182
1.416367941
1.398045971
1.372615812
1.252818316
1.20410271
1.183452196
1.152997282
1.061632542
1.000048663
0.975844054
0.811804209
0.75046544
0.62172143
0.470794968
0.421589142
0.351732802
0.275381047
0.197619911
0.121329433
0.07279766
0.07279766
0.026962096
0.045835564
0.045835564
0.045835564
0
0.037746935
0.037746935
0.037746935
0.037746935
0.037746935
0.086278708
0.086278708
0.086278708
0.086278708
0.126721853
0.088974918
0.088974918
0.080886289
0.115937014
0.115937014
0.153683949
0.169861207
0.169861207
0.132114272
0.132114272
0.188734674
0.186038465
0.264228544
0.245355076
0.245355076
0.323545156
0.361292091
0.3639883
0.390950397
0.36668451
0.407127654
0.417912493
0.469140476
0.355899671
0.452963218
0.552722974
0.188244454
0.242168647
0.337271314
0.36766495
0.356880111
0.458845857
0.446100139
0.456884978
0.464728496
0.448061019
0.521594009
0.492180813
0.518652689
0.527476648
0.560811603
0.58140084
0.592185679
0.610814036
0.591205239
0.58140084
0.536300607
0.685327466
0.669640428
0.720623301
0.748075618
0.877126015
0.91217674
1.008259847
1.061326155
1.163291901
1.24564885
1.188109285
1.225059612
1.240869205
1.150301073
1.131672715
1.080934952
0.995146464
0.968797142
0.927005893
0.841217405
0.75022033
0.695867195
0.574782871
0.522819559
0.471591576
0.342296068
0.289168483
0.262267664
0.206014927
0.162140243
0.166000725
0.078190079
0.040443144
0.040443144
0.040443144
0
0
0.040443144
0.14559532
0.14559532
0.053924193
0.053924193
0.091671127
0.091671127
0.091671127
0.091671127
0.091671127
0.053924193
0.099759756
0.045835564
0.07549387
0.07549387
0.118633224
0.099759756
0.056620402
0.126721853
0.126721853
0.083582499
0.132114272
0.105152176
0.105152176
0.14559532
0.14559532
0.118633224
0.164468788
0.326241365
0.269620963
0.280405802
0.196823303
0.156380159
0.199519513
0.3639883
0.393646606
0.399039025
0.477229105
0.173537856
0.166674777
0.233344688
0.259816564
0.29315152
0.341193073
0.485317734
0.467669816
0.564733363
0.620618435
0.684347026
0.647090312
0.721603741
0.747095178
0.757880016
0.785332333
0.814745529
0.884356759
0.941222271
0.974557227
1.070640334
1.075542533
1.09319045
1.117701447
1.152997282
1.24172709
1.352271685
1.456504698
1.270895176
1.322858489
1.399332799
1.447435629
1.497131675
1.502830482
1.497621895
1.427826832
1.365752733
1.300798592
1.31624052
1.261335887
1.100053529
1.071743328
0.991714924
0.95225222
0.939751611
0.893303273
0.712534673
0.470794968
0.328447355
0.321584276
0.262512774
0.245048689
0.169861207
0.169861207
0.132114272
0.132114272
0.086278708
0.080886289
0.032354516
0.032354516
0.053924193
0
0.029658306
0.029658306
0.051227983
0.029658306
0.029658306
0.029658306
0.029658306
0.029658306
0.029658306
0.056620402
0.056620402
0.056620402
0.097063547
0.056620402
0.026962096
0.097063547
0.150987739
0.177949836
0.153683949
0.210304351
0.242658867
0.326241365
0.269620963
0.345114833
0.345114833
0.409823864
0.353203462
0.345114833
0.407127654
0.385557977
0.372076929
0.401735235
0.36668451
0.44217838
0.14608554
0.197068413
0.287268881
0.324525596
0.352958352
0.381391108
0.452963218
0.453943658
0.453943658
0.464728496
0.475513335
0.473552455
0.478454655
0.528457088
0.531398407
0.591205239
0.572576882
0.58630304
0.595126999
0.605911837
0.606892277
0.611794476
0.615716236
0.631403274
0.675523068
0.737535889
0.819525173
0.918610877
1.009853062
1.105384671
1.162066351
1.196565579
1.232412911
1.263848265
1.287317544
1.206124867
1.065493024
1.021802173
1.007401962
0.963098336
0.905926436
0.899859964
0.770870845
0.750649272
0.690474776
0.591756737
0.607750162
0.497083012
0.411784744
0.27384911
0.239349882
0.202889775
0.164468788
0.164468788
0.164468788
0.164468788
0.124025643
0.083582499
0.083582499
0.083582499
0.083582499
0.083582499
0.083582499
0.040443144
0.040443144
0.040443144
0
0
0
0
0
0.045835564
0.045835564
0.045835564
0.083582499
0.064709031
0.115937014
0.21839298
0.07279766
0.099759756
0.22108919
0.229177819
0.199519513
0.180646045
0.253443705
0.213000561
0.099759756
0.137506691
0.261532334
0.29388685
0.372076929
0.261532334
0.29119064
0.455659428
0.374773139
0.382861768
0.14706598
0.159811698
0.179420495
0.180400935
0.209814131
0.248051286
0.255894805
0.263738324
0.287268881
0.342173513
0.348056152
0.352958352
0.352958352
0.375508469
0.391195507
0.433354421
0.433354421
0.460806737
0.460806737
0.44119794
0.44119794
0.447080579
0.460806737
0.465708936
0.480415534
0.543776461
0.6209861
0.678770775
0.743908748
0.795259286
0.847957929
0.816032356
0.817686848
0.834905823
0.868302056
0.860335982
0.928231443
0.922287526
0.869527606
0.814929361
0.727486381
0.729998758
0.672949413
0.66057136
0.544879455
0.523738721
0.537893821
0.520981234
0.534339727
0.467302151
0.452963218
0.342541178
0.350507252
0.266924754
0.137506691
0.137506691
0.137506691
0.094367337
0.021569677
0.021569677
0.021569677
0.021569677
0.045835564
0.045835564
0.045835564
0.045835564
0.045835564
0.024265887
0.024265887
0.024265887
0.059316612
0.059316612
0.024265887
0.078190079
0.078190079
0.078190079
0.14829153
0.14829153
0.180646045
0.180646045
0.229177819
0.29119064
0.280405802
0.296583059
0.296583059
0.417912493
0.423304912
0.431393541
0.488013943
0.417912493
0.337026204
0.229177819
0.280405802
0.280405802
0.353203462
0.496102572
0.201970612
0.250992606
0.257855685
0.270601403
0.2902102
0.260797004
0.272562283
0.305897238
0.305897238
0.323545156
0.357860551
0.371586709
0.413745623
0.423550022
0.427471782
0.451982778
0.477474215
0.522574449
0.529437528
0.520613569
0.569635562
0.58630304
0.593166119
0.596107438
0.620618435
0.653156783
0.69157777
0.678770775
0.987793165
1.060345715
1.063654699
1.096499435
1.129466725
1.055504793
1.065860689
1.063838532
1.02603032
1.036018551
0.992695364
0.970696745
0.974557227
0.883682707
0.789621757
0.701320892
0.531643517
0.389969957
0.344624613
0.322625993
0.28922976
0.27384911
0.211039681
0.155460996
0.159076368
0.159076368
0.159076368
0.086278708
0
0.053924193
0.053924193
0
0
0
0.07010145
0.113240805
0.113240805
0.113240805
0.07549387
0.07549387
0.07549387
0.110544595
0.110544595
0.110544595
0.043139354
0.043139354
0
0
0.083582499
0.035050725
0.099759756
0.099759756
0.099759756
0.064709031
0.037746935
0.037746935
0.037746935
0.115937014
0.078190079
0.102455966
0.024265887
0.124025643
0.083582499
0.121329433
0.245355076
0.242658867
0.301975479
0.266924754
0.123535423
0.233344688
0.246090406
0.305897238
0.384332427
0.421589142
0.453943658
0.491200373
0.486298174
0.526496208
0.569635562
0.552968084
0.563752923
0.606892277
0.627481514
0.642188112
0.652972951
0.722584181
0.746114738
0.756899576
0.790234532
0.808862889
0.824549927
0.864747962
0.909848196
0.944837643
1.018064246
1.040859473
1.02333411
1.012733104
1.02455966
1.058446113
1.036815158
0.951333057
0.946369581
0.943060596
0.883621429
0.89385477
0.873204256
0.881415439
0.839256525
0.742131701
0.72920215
0.682018482
0.65517894
0.716456432
0.640349787
0.5496591
0.460806737
0.276361487
0.21618699
0.18444525
0.194127093
0.118633224
0.086278708
0.086278708
0.051227983
0.088974918
0.088974918
0.088974918
0.051227983
0
0
0
0.040443144
0
0
0
0.026962096
0.026962096
0.026962096
0.026962096
0.026962096
0.067405241
0.067405241
0.040443144
0
0
0.029658306
0.083582499
0.083582499
0.083582499
0.083582499
0.029658306
0.07279766
0.097063547
0.172557416
0.097063547
0.064709031
0.035050725
0.099759756
0.194127093
0.194127093
0.277709592
0.328937575
0.312760317
0.137261581
0.178440056
0.178440056
0.246090406
0.273542723
0.335310434
0.466689376
0.494141692
0.527476648
0.519633129
0.551987645
0.595126999
0.58140084
0.595126999
0.635325033
0.715721102
0.792195412
0.811804209
0.80298025
0.828471687
0.80101937
0.80101937
0.837295645
0.902004677
0.890239398
0.96983886
1.026888204
1.12934417
1.136084695
1.208330857
1.263174212
1.261397165
1.270650066
1.225549832
1.255453248
1.25906862
1.216480764
1.144418433
1.132408045
1.046680834
0.988283385
1.002989983
0.997965228
1.005870025
0.873571921
0.700585562
0.633364153
0.482744079
0.416686943
0.401980345
0.344869723
0.313556925
0.14559532
0.048531773
0.094367337
0.094367337
0.048531773
0.048531773
0.048531773
0.107848385
0.094367337
0.113240805
0.137506691
0.137506691
0.137506691
0.180646045
0.177949836
0.215696771
0.177949836
0.177949836
0.134810482
0.237266448
0.159076368
0.080886289
0.062012822
0.099759756
0.062012822
0.062012822
0.062012822
0.045835564
0.091671127
0.124025643
0.156380159
0.110544595
0.110544595
0.097063547
0.188734674
0.215696771
0.169861207
0.215696771
0.215696771
0.215696771
0.164468788
0.137506691
0.137506691
0.250747496
0.116672344
0.083337389
0.129418062
0.161772578
0.1451051
0.205892372
0.254914365
0.263738324
0.306877678
0.378449788
0.338251754
0.353938792
0.379430228
0.4402175
0.494141692
0.530417967
0.58434216
0.612774916
0.65885559
0.648070751
0.641207672
0.700034064
0.693170985
0.686307906
0.653953391
0.731285585
0.819525173
0.884846979
0.95225222
0.945818083
0.918059379
0.937239234
0.955928869
0.995759239
1.002132098
0.984422903
1.002009543
0.98448418
0.994533689
0.9327047
0.847100044
0.754264644
0.737535889
0.67987377
0.619883105
0.550945927
0.495980017
0.509032123
0.401980345
0.27384911
0.162140243
0.142286336
0.088974918
0.088974918
0.037746935
0.037746935
0.037746935
0.035050725
0.080886289
0.07549387
0.07549387
0.040443144
0.040443144
0.040443144
0.040443144
0.040443144
0
0.026962096
0.026962096
0.026962096
0.024265887
0.024265887
0.024265887
0.024265887
0.024265887
0
0
0
0.037746935
0.07549387
0.037746935
0.018873467
0.062012822
0
0
0.045835564
0.083582499
0.118633224
0.118633224
0.164468788
0.237266448
0.215696771
0.226481609
0.231874028
0.196823303
0.207608142
0.095102667
0.139222461
0.132359382
0.191185774
0.193146654
0.21765765
0.303936358
0.378449788
0.417667383
0.475513335
0.489239493
0.515711369
0.498063452
0.58140084
0.627481514
0.689249226
0.742192978
0.751997377
0.80101937
0.813765089
0.896122037
0.912789515
0.970635467
1.050051096
1.038285818
1.074010596
1.137187689
1.20851469
1.307661671
1.326718971
1.42494679
1.450254394
1.457423861
1.467595924
1.437079733
1.338484249
1.291974633
1.284805167
1.209617684
1.189151002
1.078483852
1.045455284
1.027133314
0.93294981
0.904455776
0.818483456
0.763762656
0.568777677
0.519633129
0.510012563
0.432373981
0.25822335
0.177949836
0.07549387
0.07549387
0.07549387
0.07549387
0.037746935
0.037746935
0.083582499
0.045835564
0
0.07549387
0.043139354
0.043139354
0.043139354
0.115937014
0.113240805
0.124025643
0.099759756
0.172557416
0.132114272
0.118633224
0.094367337
0.056620402
0.056620402
0.024265887
0.024265887
0.040443144
0
0.059316612
0.059316612
0.059316612
0.191430884
0.283102011
0.296583059
0.331633785
0.337026204
0.223785399
0.318152737
0.285798221
0.191430884
0.250747496
0.213000561
0.213000561
0.242658867
0.132359382
0.198048853
0.179420495
0.202951052
0.255894805
0.350017032
0.332369115
0.276484042
0.29315152
0.314721197
0.314721197
0.302955919
0.304916798
0.361782311
0.386293307
0.429432661
0.459826297
0.472572015
0.535320167
0.570616002
0.592185679
0.614735796
0.623559755
0.597087878
0.601990078
0.664615674
0.721358631
0.748627115
0.862787082
0.999864831
0.996249459
1.047171054
1.09711221
1.076951915
1.084979267
1.007585795
0.938526062
0.959605519
0.95225222
0.909909473
0.837295645
0.784597003
0.754203367
0.752793985
0.697092745
0.603093073
0.530908187
0.544879455
0.524535328
0.499963054
0.47612611
0.458478192
0.390950397
0.345114833
0.315456527
0.250747496
0.177949836
0.129418062
0.129418062
0.129418062
0.053924193
0.080886289
0.080886289
0.097063547
0.097063547
0.07549387
0
0
0
0.018873467
0.07549387
0.124025643
0.132114272
0.091671127
0.091671127
0.118633224
0.091671127
0.091671127
0.056620402
0.056620402
0.094367337
0.099759756
0.078190079
0.167164997
0.194127093
0.229177819
0.226481609
0.245355076
0.242658867
0.242658867
0.250747496
0.21839298
0.283102011
0.358595881
0.326241365
0.399039025
0.158831258
0.196087973
0.204911932
0.232364248
0.280405802
0.287268881
0.306877678
0.285308001
0.333349554
0.333349554
0.333349554
0.320603836
0.346095273
0.411784744
0.4353153
0.448061019
0.487278613
0.467669816
0.51178961
0.523554888
0.491200373
0.486298174
0.500024332
0.51473093
0.502965651
0.521900396
0.603338182
0.645006877
0.667924659
0.685878964
0.690229666
0.711738065
0.816216188
0.822650325
0.801387035
0.810701214
0.821853718
0.806779455
0.748198173
0.687656011
0.607872717
0.548004608
0.462522507
0.450389563
0.375018249
0.287942933
0.323667711
0.286778661
0.240207767
0.175866401
0.180155825
0.18444525
0.150987739
0.115937014
0.083582499
0.051227983
0.026962096
0
0
0
0
0
0.040443144
0.040443144
0.040443144
0.078190079
0.078190079
0.078190079
0.078190079
0.040443144
0.062012822
0.040443144
0.094367337
0.121329433
0.121329433
0.140202901
0.132114272
0.118633224
0.229177819
0.29119064
0.245355076
0.223785399
0.223785399
0.210304351
0.237266448
0.258836125
0.258836125
0.399039025
0.345114833
0.404431445
0.385557977
0.466444266
0.450267008
0.444874589
0.334329994
0.285798221
0.116672344
0.158831258
0.225501169
0.281386242
0.29315152
0.29119064
0.331388675
0.394136826
0.452963218
0.504926531
0.526496208
0.5853226
0.600029198
0.652972951
0.628461954
0.65787515
0.641207672
0.626501074
0.65787515
0.696112305
0.694151425
0.7304277
0.714740662
0.696112305
0.726505941
0.777121149
0.808495224
0.853411626
0.714495552
0.779817358
0.779204583
0.777979034
0.757389796
0.788947705
0.761556666
0.761066446
0.766949085
0.757022131
0.645251987
0.592675899
0.517672249
0.501494991
0.54794333
0.463257837
0.432373981
0.374099086
0.298053719
0.258100795
0.22305007
0.138180744
0.141551006
0.0737781
0.07549387
0.07549387
0.07549387
0.07549387
0.07549387
0
0
0
0
0
0
0
0
0
0
0
0
0
0.035050725
0.083582499
0.110544595
0.110544595
0.153683949
0.180646045
0.153683949
0.07279766
0.105152176
0.105152176
0.07279766
0.037746935
0.080886289
0.051227983
0.043139354
0.043139354
0.026962096
0.024265887
0.024265887
0.053924193
0.091671127
0.091671127
0.183342255
0.167164997
0.239962657
0.266924754
0.118633224
0.135300702
0.195107533
0.176479176
0.202951052
0.243149087
0.301975479
0.355899671
0.378449788
0.448061019
0.408843424
0.406882544
0.434334861
0.458845857
0.521594009
0.591205239
0.625520634
0.699053624
0.757880016
0.760821336
0.768664855
0.831413006
0.859845762
0.930437433
0.968674588
1.04067564
1.139393679
1.152629617
1.230452032
1.275245878
1.269914736
1.230390754
1.188293117
1.167336215
1.143928213
1.148217638
1.067208794
0.98448418
0.932030648
0.883315042
0.821608608
0.80077426
0.727118716
0.634834813
0.597823208
0.541876858
0.475023115
0.454066213
0.399529245
0.369319442
0.249644501
0.216064435
0.118633224
0.045835564
0.07549387
0.07549387
0.07549387
0.029658306
0.037746935
0.037746935
0.037746935
0.07010145
0.07549387
0
0
0
0
0
0.032354516
0.032354516
0.026962096
0.026962096
0.026962096
0
0
0
0
0.040443144
0.091671127
0.126721853
0.126721853
0.056620402
0.056620402
0.097063547
0.126721853
0.161772578
0.204911932
0.204911932
0.210304351
0.134810482
0.159076368
0.156380159
0.256139915
0.186038465
0.272317173
0.347811042
0.173537856
0.200990173
0.235305568
0.282366681
0.346095273
0.332369115
0.384332427
0.413745623
0.4353153
0.450021898
0.51473093
0.506887411
0.51375049
0.524535328
0.551007205
0.591205239
0.637285913
0.653953391
0.700034064
0.7304277
0.787293212
0.869650161
0.911809075
0.945144031
0.972596347
0.995881794
1.052257086
1.120029992
1.142212444
1.178733829
1.2038576
1.226162607
1.225059612
1.24393308
1.263419322
1.232596744
1.202754605
1.15330367
1.132408045
1.116966117
1.086327371
0.996923511
0.860458537
0.782819955
0.756654467
0.53280779
0.456394758
0.403879947
0.28922976
0.178378778
0.131256387
0.134381539
0
0
0.032354516
0.032354516
0
0
0.083582499
0.07279766
0.07279766
0.134810482
0.107848385
0.107848385
0.107848385
0.107848385
0.07549387
0.07549387
0.07549387
0.07549387
0.07549387
0.07549387
0.107848385
0.099759756
0.07279766
0.07279766
0.07279766
0.07279766
0.032354516
0.032354516
0.032354516
0.032354516
0.032354516
0.097063547
0.097063547
0.140202901
0.180646045
0.180646045
0.180646045
0.237266448
0.256139915
0.280405802
0.29119064
0.175253626
0.140202901
0.140202901
0.066669911
0.066669911
0.066669911
0.081376509
0.098043987
0.082356949
0.082356949
0.082356949
0.082356949
0.082356949
0.082356949
0.082356949
0.089220028
0.089220028
0.101965746
0.518652689
0.591205239
0.612774916
0.653953391
0.66081647
0.686307906
0.764743095
0.809843329
0.858865323
0.981420306
0.964630273
1.054463076
1.09907309
1.163046791
1.173586519
1.201161391
1.214887549
1.223588953
1.274571826
1.221995738
1.199506898
1.221628073
1.210169182
1.180204489
1.168255378
1.033383619
0.887727021
0.883376319
0.881476717
0.818422178
0.759534509
0.526251098
0.487523723
0.328447355
0.29143575
0.203318717
0.208159639
0.153683949
0.097063547
0.062012822
0.062012822
0.062012822
0.062012822
0.037746935
0.037746935
0.040443144
0.040443144
0.083582499
0.040443144
0.040443144
0.040443144
0.040443144
0.07279766
0.07279766
0.091671127
0.040443144
0.07279766
0.040443144
0.032354516
0.013481048
0
0
0.067405241
0.048531773
0.048531773
0.048531773
0
0
0.44217838
0.358595881
0.304671688
0.304671688
0.258836125
0.299279269
0.323545156
0.299279269
0.299279269
0.412520074
0.404431445
0.312760317
0.377469348
0.198048853
0.287268881
0.339232194
0.36570407
0.393156386
0.433354421
0.474532895
0.503946091
0.580420401
0.550026765
0.551007205
0.578459521
0.685327466
0.723564621
0.705916703
0.704936264
0.72846682
0.788273652
0.855924003
0.873571921
0.931417873
0.937300512
0.987302945
1.044168457
1.053972856
1.116721007
1.090861906
1.248099949
1.109122598
1.183881138
1.184984133
1.22757199
1.236824891
1.282231512
1.263419322
1.221015298
1.24050154
1.203060993
1.226162607
1.166355775
1.029461859
0.960524681
0.84379106
0.714189165
0.668414879
0.652972951
0.612407251
0.456456035
0.426491342
0.364294688
0.339722414
0.313556925
0.285798221
0.253443705
0.137506691
0.105152176
0.064709031
0
0.043139354
0.07010145
0.043139354
0
0
0.043139354
0.043139354
0.07549387
0.032354516
0
0
0
0
0
0
0
0
0
0
0.029658306
0.029658306
0.029658306
0.029658306
0.029658306
0.029658306
0.029658306
0.029658306
0
0.043139354
0.331633785
0.339722414
0.382861768
0.380165558
0.296583059
0.393646606
0.355899671
0.242658867
0.272317173
0.099024426
0.160792138
0.176479176
0.206872812
0.272562283
0.271581843
0.336290874
0.350017032
0.373547589
0.43825662
0.485317734
0.549046325
0.579439961
0.58140084
0.603950957
0.625520634
0.620618435
0.600029198
0.609833597
0.593166119
0.557870284
0.558850724
0.558850724
0.58630304
0.620618435
0.708367803
0.746727513
0.810333549
0.852982683
0.851879688
0.87896434
0.918917264
0.835334766
0.844097447
0.823692042
0.775956876
0.748075618
0.669946816
0.636060363
0.630667944
0.627481514
0.576314809
0.593778894
0.566204023
0.549291435
0.526005988
0.451737668
0.320236171
0.230403369
0.153255007
0.084930603
0.03688905
0
0
0
0
0
0.032354516
0
0
0
0.026962096
0
0
0.051227983
0.091671127
0.091671127
0.132114272
0.207608142
0.167164997
0.253443705
0.22108919
0.180646045
0.150987739
0.150987739
0.14289911
0.118633224
0.118633224
0.159076368
0.191430884
0.180646045
0.210304351
0.223785399
0.199519513
0.215696771
0.196823303
0.196823303
0.231874028
0.239962657
0.159076368
0.186038465
0.188734674
0.150987739
0.223785399
0.283102011
0.194127093
0.045100234
0.050982873
0.07157211
0.07157211
0.081376509
0.103926626
0.112750585
0.135300702
0.126476743
0.172557416
0.177459616
0.161772578
0.228442489
0.235305568
0.256875245
0.305897238
0.314721197
0.324525596
0.331388675
0.302955919
0.317662517
0.310799438
0.318642956
0.317662517
0.312760317
0.33126612
0.361782311
0.388866962
0.415461393
0.472265628
0.477229105
0.498921337
0.577969301
0.556093236
0.543286241
0.574108819
0.540467476
0.533114177
0.527599203
0.478699765
0.43727618
0.45902969
0.44168816
0.424653017
0.43678596
0.374099086
0.29339663
0.243761862
0.250012166
0.25626247
0.205892372
0.18444525
0.188734674
0.159076368
0.159076368
0.067405241
0.067405241
0.032354516
0
0
0
0
0
0
0.086278708
0.086278708
0.086278708
0.086278708
0.086278708
0.086278708
0.086278708
0.121329433
0.124025643
0.124025643
0.124025643
0.124025643
0.256139915
0.204911932
0.161772578
0.250747496
0.250747496
0.153683949
0.150987739
0.183342255
0.226481609
0.318152737
0.399039025
0.323545156
0.234570238
0.275013382
0.199519513
0.29388685
0.350507252
0.385557977
0.455659428
0.412520074
0.192166214
0.2951124
0.297073279
0.354919231
0.338251754
0.334329994
0.306877678
0.350017032
0.356880111
0.378449788
0.370606269
0.383351988
0.410804304
0.477474215
0.494141692
0.516691809
0.529437528
0.527476648
0.554928964
0.617677116
0.626501074
0.611794476
0.623559755
0.595126999
0.580420401
0.613571524
0.649663966
0.669456596
0.883621429
0.909786918
0.923451799
0.961198734
1.001519323
1.043249295
1.065860689
1.090310408
1.003725313
1.039572645
1.027623534
0.963098336
0.882395879
0.818973675
0.8042058
0.799977653
0.714740662
0.589489469
0.468037481
0.391930836
0.259816564
0.211039681
0.175008516
0.137016471
0.140202901
0.140202901
0.102455966
0.029658306
0.029658306
0
0
0.040443144
0.07549387
0.07549387
0.07549387
0.07549387
0.07549387
0.07549387
0.07549387
0.115937014
0.137506691
0.115937014
0.115937014
0.115937014
0.115937014
0.140202901
0.099759756
0.099759756
0.099759756
0.099759756
0.059316612
0.059316612
0.035050725
0.035050725
0.067405241
0.067405241
0.032354516
0.078190079
0.045835564
0.045835564
0.080886289
0.064709031
0.035050725
0.115937014
0.102455966
0.191430884
0.231874028
0.223785399
0.090200468
0.115691904
0.1451051
0.167655217
0.214716331
0.318642956
0.376488909
0.401980345
0.404921665
0.474532895
0.483356854
0.539241926
0.601009638
0.637285913
0.631403274
0.651012071
0.695131865
0.714740662
0.800038931
0.811804209
0.856904443
0.900043797
0.963772388
0.995146464
1.007892182
1.070885443
1.143805658
1.158450979
1.194911087
1.218625476
1.248345059
1.238847048
1.16917454
1.138229407
1.164640006
1.110164316
1.070640334
1.082221779
0.98718039
0.91560828
0.945144031
0.843239562
0.687533456
0.684163194
0.602235188
0.618963943
0.365581515
0.284388839
0.191185774
0.138180744
0.141551006
0.076413032
0.078190079
0.078190079
0.048531773
0.048531773
0
0
0
0
0
0
0.037746935
0
0
0.056620402
0.056620402
0.035050725
0
0
0
0
0.035050725
0.035050725
0.035050725
0.035050725
0.07010145
0.097063547
0.091671127
0.153683949
0.194127093
0.124025643
0.083582499
0.107848385
0.062012822
0.110544595
0.14559532
0.124025643
0.159076368
0.099759756
0.175253626
0.091671127
0.099759756
0.115937014
0.177949836
0.264228544
0.099024426
0.127457183
0.161772578
0.182361815
0.22059897
0.305897238
0.451982778
0.477474215
0.525515768
0.501985211
0.521594009
0.483356854
0.505906971
0.534339727
0.579439961
0.563752923
0.58728348
0.612774916
0.65885559
0.674542628
0.720623301
0.748075618
0.751016937
0.700034064
0.72944726
0.808372669
0.855924003
0.922103694
0.920387924
0.957399529
0.967939258
0.995023909
1.038285818
1.020270235
0.976640661
1.014203764
0.998578003
0.959605519
0.880557555
0.864319019
0.715721102
0.683489142
0.537526157
0.527599203
0.372812259
0.414909896
0.395852596
0.303507416
0.254914365
0.190940664
0.195597753
0.200254843
0.102455966
0.102455966
0.021569677
0.021569677
0.021569677
0
0
0
0.029658306
0.029658306
0.029658306
0.029658306
0.029658306
0.029658306
0.029658306
0
0
0
0
0
0
0
0
0
0
0.021569677
0.021569677
0.021569677
0
0
0.056620402
0.056620402
0.032354516
0.07279766
0.07279766
0.113240805
0.14829153
0.14829153
0.14829153
0.180646045
0.110544595
0.183342255
0.202215722
0.231874028
0.105887506
0.118633224
0.185303135
0.208833691
0.279425362
0.28922976
0.357860551
0.382371548
0.396097706
0.429432661
0.414726063
0.414726063
0.451002338
0.485317734
0.528457088
0.523554888
0.534339727
0.542183246
0.593166119
0.633364153
0.652972951
0.677483947
0.702975384
0.738271219
0.704936264
0.742744476
0.790847307
0.853411626
0.926515673
0.935523465
0.961198734
0.992205144
0.995636684
0.992695364
0.890607063
0.847100044
0.835579876
0.812110596
0.784964668
0.69525442
0.696112305
0.693599928
0.591695459
0.566204023
0.474287785
0.408108094
0.353938792
0.332185282
0.318642956
0.278873864
0.285675666
0.197619911
0.156380159
0.156380159
0.078190079
0.045835564
0.045835564
0
0.029658306
0.029658306
0.029658306
0.029658306
0.07010145
0.121329433
0.07010145
0.07010145
0.059316612
0.059316612
0.067405241
0.086278708
0.086278708
0.086278708
0.115937014
0.086278708
0.086278708
0.115937014
0.086278708
0.037746935
0.037746935
0.080886289
0.037746935
0.064709031
0.064709031
0.097063547
0.137506691
0.204911932
0.177949836
0.159076368
0.229177819
0.191430884
0.191430884
0.199519513
0.121329433
0.137506691
0.094367337
0.14559532
0.106867945
0.135300702
0.154909499
0.240207767
0.262757884
0.29315152
0.327466915
0.348056152
0.381391108
0.493161253
0.565713803
0.551007205
0.541202806
0.574537761
0.604931397
0.589244359
0.635325033
0.675523068
0.706897143
0.719642862
0.759840896
0.770625735
0.80494113
0.790234532
0.87847412
0.933378752
0.975047447
1.036202383
1.420412256
1.510735278
1.582675053
1.613742742
1.576547304
1.502830482
1.523113332
1.558531722
1.451541221
1.414529616
1.301533922
1.286030717
1.180449598
1.093987058
0.927128448
0.808556502
0.763272436
0.759534509
0.665963779
0.618963943
0.607872717
0.464789774
0.47612611
0.347811042
0.355899671
0.328937575
0.266924754
0.207608142
0.083582499
0.083582499
0.037746935
0.037746935
0.037746935
0.064709031
0.064709031
0.064709031
0.113240805
0.080886289
0.07549387
0.129418062
0.129418062
0.167164997
0.129418062
0.07549387
0.07549387
0.07549387
0.067405241
0.091671127
0.067405241
0.037746935
0.07549387
0.14559532
0.107848385
0.107848385
0.07010145
0.07010145
0.035050725
0.035050725
0.115937014
0.07549387
0.107848385
0.032354516
0.07549387
0.14559532
0.204911932
0.234570238
0.264228544
0.307367898
0.140202901
0.155889939
0.142163781
0.192166214
0.252953485
0.286288441
0.354919231
0.318642956
0.339232194
0.404921665
0.454924098
0.472572015
0.51178961
0.500024332
0.533359287
0.550026765
0.579439961
0.580420401
0.611794476
0.573557322
0.610814036
0.575518201
0.570616002
0.574537761
0.567674682
0.615654958
0.665105894
0.693906315
0.758615346
0.792685632
0.814255309
0.807576062
0.823569487
0.839501635
0.80616668
0.83717309
0.813274869
0.719704139
0.744521523
0.744644078
0.676503507
0.653156783
0.58336172
0.551191037
0.566939352
0.555480462
0.519265464
0.501862656
0.497573232
0.462277397
0.414358398
0.324096653
0.331633785
0.275013382
0.110544595
0.067405241
0.067405241
0.067405241
0.067405241
0.032354516
0
0
0.032354516
0
0
0
0.029658306
0.048531773
0.048531773
0.048531773
0.048531773
0.07549387
0.115937014
0.07010145
0.083582499
0.07010145
0.048531773
0.048531773
0.094367337
0.105152176
0.105152176
0.105152176
0.078190079
0.064709031
0.016177258
0.016177258
0.040443144
0.040443144
0.062012822
0.062012822
0.094367337
0.056620402
0.088974918
0.088974918
0.088974918
0.164468788
0.059806832
0.059806832
0.059806832
0.099024426
0.114711464
0.158831258
0.156870379
0.169616097
0.157850818
0.198048853
0.189224894
0.196087973
0.196087973
0.272562283
0.302955919
0.339232194
0.415706503
0.392175946
0.380410668
0.430413101
0.455904538
0.492180813
0.502965651
0.531398407
0.532378847
0.565652525
0.568042347
0.599600256
0.645864762
0.669150208
0.719887972
0.721603741
0.716211322
0.683244032
0.710573793
0.737903554
0.73263369
0.758799179
0.726138276
0.680057602
0.707877583
0.651134626
0.600029198
0.591940569
0.608853157
0.544144126
0.530908187
0.387151192
0.348056152
0.356757556
0.259939119
0.194984978
0.199519513
0.140202901
0.037746935
0
0
0
0
0
0
0
0
0.051227983
0
0
0.056620402
0.056620402
0.056620402
0.056620402
0.056620402
0.059316612
0.07010145
0.07010145
0.099759756
0.07010145
0.059316612
0.107848385
0.169861207
0.202215722
0.202215722
0.164468788
0.234570238
0.202215722
0.169861207
0.169861207
0.132114272
0.132114272
0.132114272
0.188734674
0.159076368
0.296583059
0.296583059
0.285798221
0.312760317
0.312760317
0.096083107
0.139222461
0.165694337
0.227462049
0.243149087
0.251973046
0.271581843
0.282366681
0.270601403
0.287268881
0.304916798
0.29217108
0.311779877
0.322564716
0.314721197
0.321584276
0.343153953
0.356880111
0.351977912
0.36570407
0.391195507
0.398058586
0.425510902
0.450021898
0.430413101
0.463564224
0.480905754
0.507622741
0.675277958
0.676871172
0.66057136
0.710328683
0.676503507
0.672520471
0.699421289
0.627052572
0.615961346
0.637959965
0.58826392
0.548985047
0.521594009
0.487339891
0.408353204
0.360311651
0.341928403
0.263002994
0.193269209
0.145779153
0.115201684
0.037685657
0.03860482
0.039523982
0
0
0.032354516
0.032354516
0.032354516
0
0.018873467
0
0
0
0
0
0
0
0
0
0
0
0
0
0
0
0
0
0
0.048531773
0.048531773
0.048531773
0.048531773
0.048531773
0.048531773
0.048531773
0.048531773
0.07279766
0.07279766
0.07279766
0.07279766
0.07279766
0.14289911
0.14289911
0.177949836
0.226481609
0.285798221
0.285798221
0.103926626
0.118633224
0.132359382
0.154909499
0.171576977
0.193146654
0.194127093
0.257855685
0.285308001
0.350997472
0.336290874
0.385312867
0.397078146
0.407862984
0.444139259
0.51277005
0.534339727
0.595126999
0.611794476
0.65689471
0.712779783
0.752977817
0.758860456
0.789254092
0.80396069
0.880251167
0.917691714
0.905803881
0.980439866
1.015306759
1.040736918
1.031667849
1.019167241
1.061632542
1.048335327
0.984422903
0.909357976
0.915179337
0.924677349
0.837724588
0.725525501
0.685511299
0.61878011
0.585506432
0.542673466
0.526005988
0.482008749
0.432557813
0.36521385
0.23867583
0.115814459
0.118571946
0.156380159
0.156380159
0.115937014
0.07549387
0.07549387
0.035050725
0.067405241
0.067405241
0.067405241
0.067405241
0.067405241
0.067405241
0.067405241
0.032354516
0.032354516
0.032354516
0.083582499
0.083582499
0.083582499
0.051227983
0.051227983
0.051227983
0.051227983
0.051227983
0.051227983
0.051227983
0.051227983
0.086278708
0.051227983
0.051227983
0.051227983
0
0.056620402
0.083582499
0.083582499
0.056620402
0.088974918
0.07279766
0.107848385
0.191430884
0.14829153
0.191430884
0.156380159
0.234570238
0.112750585
0.161772578
0.21863809
0.277464482
0.261777444
0.335310434
0.386293307
0.399039025
0.426491342
0.483356854
0.547085445
0.575518201
0.623559755
0.673562188
0.667679549
0.716701542
0.771606174
0.776508374
0.821608608
0.853963123
0.868669721
0.889258958
0.907887316
0.993185584
1.005931302
1.092761508
1.214397329
1.290013753
1.31256387
1.321571662
1.350801025
1.398107249
1.448599902
1.459936238
1.42592723
1.394736987
1.406931207
1.320346112
1.321755494
1.236641058
1.196136636
1.083876272
0.995881794
0.887910854
0.789744312
0.691516493
0.649663966
0.540099811
0.458355637
0.301485259
0.267660083
0.274032943
0.239962657
0.239962657
0.199519513
0.199519513
0.105152176
0.040443144
0
0
0.026962096
0.026962096
0.026962096
0.026962096
0.026962096
0.026962096
0.062012822
0.062012822
0
0
0
0
0.037746935
0
0.040443144
0.040443144
0.040443144
0.040443144
0.029658306
0.048531773
0.018873467
0
0.126721853
0.167164997
0.088974918
0.088974918
0.121329433
0.113240805
0.14289911
0.14289911
0.180646045
0.226481609
0.183342255
0.264228544
0.226481609
0.372076929
0.132359382
0.14706598
0.193146654
0.226481609
0.284327561
0.322564716
0.36276275
0.428452221
0.465708936
0.490219933
0.552968084
0.58238128
0.606892277
0.672581748
0.696112305
0.740232099
0.80199981
0.846119604
0.835334766
0.873571921
0.866708841
0.899063357
0.898082917
0.962791948
0.959850629
1.013590989
1.097479875
1.195707694
1.273346276
1.306129734
1.344060501
1.320591222
1.338300417
1.35116869
1.344673276
1.300430927
1.285111554
1.206615087
1.16917454
1.166355775
1.113779688
0.978724096
0.954213099
0.847161322
0.772096394
0.630300279
0.505294196
0.449286569
0.372567149
0.268824356
0.236776228
0.168635657
0.172557416
0.118633224
0.064709031
0.094367337
0.064709031
0
0.037746935
0.037746935
0.037746935
0.07279766
0.07279766
0.037746935
0.064709031
0.037746935
0.037746935
0.037746935
0.062012822
0.037746935
0.037746935
0.037746935
0.037746935
0.037746935
0.086278708
0.037746935
0.07279766
0.035050725
0.035050725
0.035050725
0.07549387
0.124025643
0.094367337
0.094367337
0.094367337
0.177949836
0.199519513
0.199519513
0.186038465
0.215696771
0.275013382
0.326241365
0.196823303
0.323545156
0.412520074
0.426001122
0.208833691
0.206872812
0.260797004
0.277464482
0.348056152
0.402960785
0.425510902
0.461787177
0.545124565
0.651012071
0.7304277
0.693170985
0.661796909
0.692190545
0.687288346
0.666699109
0.767684415
0.751016937
0.770625735
0.851021804
0.885337199
0.903965556
0.922593914
0.942202711
0.992205144
1.094844943
1.212191339
1.321449107
1.080934952
1.110531981
1.109490263
1.141599669
1.160350581
1.148952968
1.124809636
1.073765486
1.02603032
0.988038275
0.957767194
0.934604302
0.94906579
0.911992908
0.916711275
0.885766141
0.884601869
0.798078051
0.69157777
0.563998033
0.348056152
0.32660903
0.321706831
0.213429503
0.21839298
0.110544595
0.110544595
0.086278708
0.086278708
0.067405241
0.045835564
0.045835564
0.045835564
0.018873467
0
0
0.018873467
0
0.018873467
0.037746935
0.018873467
0.059316612
0.016177258
0.016177258
0.016177258
0.045835564
0.045835564
0.102455966
0.083582499
0.113240805
0.086278708
0.056620402
0.056620402
0.094367337
0.115937014
0.126721853
0.14829153
0.172557416
0.186038465
0.172557416
0.099759756
0.121329433
0.172557416
0.275013382
0.342418623
0.396342816
0.469140476
0.447570799
0.21667721
0.202951052
0.200990173
0.196087973
0.22255985
0.278444922
0.322564716
0.342173513
0.378449788
0.389234627
0.405902105
0.409823864
0.390215067
0.424530462
0.452963218
0.51375049
0.521594009
0.536300607
0.565713803
0.576498641
0.571596442
0.590224799
0.615716236
0.653953391
0.692190545
0.718784977
0.744521523
0.812662094
0.882395879
0.900779127
0.924799904
0.94710491
0.977988766
1.024866047
1.021250675
0.997658841
0.95053645
0.906294101
0.880557555
0.889013848
0.851021804
0.788641317
0.770870845
0.701320892
0.600029198
0.521471454
0.458723302
0.403879947
0.340702853
0.359269933
0.33200145
0.260858282
0.301975479
0.29119064
0.207608142
0.169861207
0.14829153
0.083582499
0.062012822
0.062012822
0.07279766
0.053924193
0.053924193
0.053924193
0.053924193
0.053924193
0.080886289
0.040443144
0.067405241
0.094367337
0.078190079
0.078190079
0.07279766
0.129418062
0.110544595
0.156380159
0.226481609
0.175253626
0.126721853
0.188734674
0.14559532
0.121329433
0.121329433
0.105152176
0.107848385
0.091671127
0.126721853
0.180646045
0.175253626
0.172557416
0.199519513
0.202215722
0.239962657
0.345114833
0.461051847
0.528457088
0.174518296
0.205892372
0.197068413
0.238246887
0.271581843
0.283347121
0.28922976
0.28922976
0.318642956
0.323545156
0.36374319
0.401980345
0.400999905
0.381391108
0.393156386
0.426491342
0.43923706
0.457865417
0.483356854
0.528457088
0.553948524
0.529437528
0.519633129
0.536300607
0.565713803
0.608362937
0.626501074
0.703220494
0.741457649
0.736065229
0.771115955
0.766703975
0.782391013
0.790479642
0.836437761
0.857026998
0.861316422
0.817441738
0.799671266
0.78833493
0.754938697
0.659223255
0.577111416
0.519020354
0.498553672
0.471591576
0.451737668
0.449286569
0.377469348
0.314047145
0.25479181
0.213429503
0.194127093
0.150987739
0.124025643
0.124025643
0.097063547
0.097063547
0.097063547
0.097063547
0.07279766
0.07279766
0.07279766
0.102455966
0.053924193
0.053924193
0.07549387
0.018873467
0.018873467
0.018873467
0.018873467
0.018873467
0.018873467
0.064709031
0.083582499
0.14829153
0.140202901
0.172557416
0.186038465
0.191430884
0.191430884
0.183342255
0.137506691
0.186038465
0.22108919
0.301975479
0.29388685
0.277709592
0.315456527
0.320848946
0.396342816
0.423304912
0.385557977
0.51227983
0.5877737
0.493406363
0.204911932
0.246090406
0.254914365
0.306877678
0.318642956
0.322564716
0.341193073
0.330408235
0.332369115
0.360801871
0.374528029
0.383351988
0.393156386
0.392175946
0.407862984
0.433354421
0.465708936
0.496102572
0.527476648
0.536300607
0.525515768
0.518652689
0.532378847
0.560811603
0.580420401
0.610446372
0.65517894
0.670620868
0.518407579
0.530172858
0.483969629
0.484827514
0.505906971
0.520858679
0.495489797
0.474839283
0.391195507
0.389173349
0.373179924
0.29633795
0.250992606
0.258836125
0.241678427
0.227339494
0.233834908
0.240330322
0.181626485
0.133830042
0.137261581
0.140693121
0.087504258
0.052698643
0.053924193
0.053924193
0
0
0
0
0
0
0
0
0
0
0
0
0
0
0
0
0
0
0
0
0
0.037746935
0
0
0
0
0
0.032354516
0.032354516
0.032354516
0.032354516
0.083582499
0.032354516
0.307367898
0.328937575
0.444874589
0.488013943
0.469140476
0.452963218
0.452963218
0.496102572
0.428697331
0.155889939
0.195107533
0.238246887
0.262757884
0.328447355
0.325506036
0.356880111
0.443158819
0.470611136
0.501985211
0.551007205
0.543163686
0.579439961
0.644148992
0.736310339
0.815725968
0.921613474
0.87847412
0.895141598
0.958870189
0.986322505
1.02161834
1.073581653
1.09613177
1.086327371
1.140680506
1.223221288
1.279535302
1.306436121
1.320284834
1.399332799
1.392469719
1.414774726
1.412446182
1.328741128
1.328557296
1.185596908
1.155080717
1.110348148
1.027684812
0.933378752
0.946369581
0.841707625
0.765662258
0.633119043
0.514669652
0.486665838
0.36325297
0.372567149
0.381881328
0.218760645
0.150191132
0.129418062
0.113240805
0.080886289
0.059316612
0.037746935
0.037746935
0.064709031
0.026962096
0.064709031
0.064709031
0.062012822
0.026962096
0.026962096
0.026962096
0.026962096
0.026962096
0.026962096
0.07010145
0.026962096
0.026962096
0.026962096
0.051227983
0.078190079
0.024265887
0.040443144
0
0.032354516
0
0
0
0.029658306
0.045835564
0.07549387
0.029658306
0.056620402
0.056620402
0.056620402
0.07010145
0.14829153
0.124025643
0.080886289
0.080886289
0.107848385
0.121329433
0.077454749
0.084317828
0.098043987
0.135300702
0.191185774
0.21765765
0.238246887
0.245109967
0.269620963
0.29119064
0.350017032
0.425510902
0.460806737
0.450021898
0.472572015
0.497083012
0.479435094
0.463748057
0.467669816
0.488259053
0.491200373
0.503946091
0.555909404
0.603950957
0.605911837
0.644823044
0.677238837
0.681099319
0.705916703
0.736065229
0.736065229
0.745563241
0.741212539
0.71235084
0.689862001
0.704813709
0.717191762
0.652176343
0.61951544
0.607872717
0.627481514
0.572270494
0.516691809
0.469691973
0.430167991
0.412642629
0.40283823
0.334575104
0.299034159
0.218576813
0.223907954
0.229239096
0.199519513
0.124025643
0.051227983
0.029658306
0.029658306
0
0
0
0
0.021569677
0.021569677
0.07549387
0.07549387
0.07549387
0.07549387
0.07549387
0.07549387
0.107848385
0.086278708
0.099759756
0.086278708
0.115937014
0.088974918
0.121329433
0.180646045
0.194127093
0.099759756
0.099759756
0.099759756
0.045835564
0.045835564
0.045835564
0.045835564
0.078190079
0.078190079
0.102455966
0.102455966
0.153683949
0.175253626
0.175253626
0.226481609
0.226481609
0.210304351
0.272317173
0.155889939
0.156870379
0.168635657
0.191185774
0.286288441
0.326486475
0.36668451
0.36668451
0.393156386
0.404921665
0.379430228
0.450021898
0.460806737
0.518652689
0.547085445
0.561792043
0.58140084
0.605911837
0.65689471
0.65591427
0.675523068
0.701014504
0.695131865
0.73238858
0.793175852
0.908377536
0.983871405
1.053666468
1.071130553
1.114392463
1.114882682
1.103546347
1.054463076
1.041717357
0.939996721
0.934788135
0.95225222
0.934726857
0.84011441
0.716150045
0.664738229
0.628890896
0.558360504
0.544756901
0.491935703
0.421711697
0.36325297
0.317846349
0.335800654
0.278873864
0.2213343
0.202889775
0.223785399
0.223785399
0.191430884
0.14829153
0.086278708
0.032354516
0.064709031
0.064709031
0.107848385
0.107848385
0.086278708
0.113240805
0.118633224
0.113240805
0.080886289
0.091671127
0.080886289
0.083582499
0.059316612
0.059316612
0.026962096
0.043139354
0.091671127
0.107848385
0.107848385
0.107848385
0.107848385
0.107848385
0.091671127
0.091671127
0.097063547
0.097063547
0.097063547
0.064709031
0.059316612
0.056620402
0.086278708
0.105152176
0.099759756
0.099759756
0.099759756
0.091671127
0.161772578
0.134810482
0.07059167
0.094122227
0.136281141
0.191185774
0.239227327
0.29609284
0.327466915
0.372567149
0.444139259
0.507867851
0.51375049
0.535320167
0.604931397
0.613755356
0.636305473
0.641207672
0.625520634
0.661796909
0.652972951
0.610814036
0.675523068
0.741212539
0.774547494
0.836315206
0.837295645
0.936503904
0.98718039
1.017574026
1.261090777
1.270098569
1.307661671
1.319181839
1.270650066
1.289891199
1.325554699
1.371574095
1.393205049
1.348778868
1.284988999
1.257536683
1.198097516
1.11420863
0.993798359
0.950107508
0.891219838
0.854759731
0.833618996
0.709777185
0.642188112
0.484888791
0.334575104
0.274032943
0.250747496
0.183342255
0.118633224
0.118633224
0.097063547
0.078190079
0.078190079
0.056620402
0.035050725
0.07549387
0.056620402
0.067405241
0.045835564
0.045835564
0.064709031
0.064709031
0.064709031
0.064709031
0.062012822
0.056620402
0.032354516
0.018873467
0.018873467
0
0.024265887
0.024265887
0.064709031
0
0.048531773
0.056620402
0.080886289
0.056620402
0.110544595
0.094367337
0.153683949
0.204911932
0.153683949
0.153683949
0.153683949
0.132114272
0.113240805
0.140202901
0.083582499
0.388254187
0.131378942
0.14902686
0.202951052
0.250992606
0.241188207
0.246090406
0.28922976
0.355899671
0.379430228
0.392175946
0.402960785
0.401980345
0.44119794
0.492180813
0.516691809
0.542183246
0.568655122
0.557870284
0.576498641
0.579439961
0.620618435
0.636305473
0.629442394
0.686307906
0.699053624
0.753161649
0.786435327
0.849918809
0.915485725
0.953539047
1.017819136
1.097908817
1.132408045
1.165804278
1.127996066
1.158144592
1.175302289
1.142641386
1.154467942
1.092271288
1.000048663
0.940303109
0.854208233
0.716333877
0.697092745
0.646171149
0.6566496
0.561608211
0.473062235
0.414542231
0.337148759
0.318826789
0.164468788
0.164468788
0.088974918
0.088974918
0.056620402
0.056620402
0.056620402
0.024265887
0.064709031
0.080886289
0.059316612
0.059316612
0.043139354
0
0.088974918
0.088974918
0.124025643
0.088974918
0.088974918
0.126721853
0.094367337
0.150987739
0.175253626
0.175253626
0.150987739
0.150987739
0.150987739
0.153683949
0.137506691
0.153683949
0.191430884
0.183342255
0.172557416
0.210304351
0.161772578
0.210304351
0.191430884
0.250747496
0.266924754
0.250747496
0.407127654
0.458355637
0.455659428
0.51497604
0.206872812
0.244129527
0.280405802
0.298053719
0.321584276
0.340212633
0.319623396
0.317662517
0.342173513
0.350997472
0.348056152
0.410804304
0.419628263
0.4353153
0.465708936
0.494141692
0.497083012
0.489239493
0.518652689
0.500024332
0.522574449
0.556889844
0.569635562
0.568655122
0.550026765
0.615654958
0.669517873
0.73116303
0.769645295
0.752793985
0.785945108
0.83717309
0.844158725
0.868608444
0.871488486
0.853718013
0.839011415
0.826326974
0.821731163
0.803531748
0.754938697
0.748198173
0.725035281
0.615532403
0.600029198
0.535075057
0.542550911
0.504252479
0.460806737
0.44217838
0.386048197
0.3688905
0.337026204
0.283102011
0.242658867
0.194127093
0.161772578
0.110544595
0.07010145
0.018873467
0.018873467
0.018873467
0.018873467
0
0
0
0.032354516
0
0.045835564
0.045835564
0.07279766
0.14289911
0.107848385
0.107848385
0.129418062
0.180646045
0.213000561
0.256139915
0.285798221
0.253443705
0.323545156
0.277709592
0.310064108
0.288494431
0.296583059
0.334329994
0.320848946
0.253443705
0.21839298
0.288494431
0.283102011
0.345114833
0.307367898
0.207608142
0.315456527
0.372076929
0.159811698
0.167655217
0.183342255
0.209814131
0.256875245
0.313740757
0.323545156
0.330408235
0.343153953
0.392175946
0.391195507
0.406882544
0.44119794
0.484337294
0.494141692
0.490219933
0.517672249
0.520613569
0.530417967
0.594146559
0.597087878
0.591205239
0.58728348
0.558850724
0.560811603
0.600029198
0.635325033
0.668292324
0.683856806
0.718049647
0.721236076
0.744153858
0.758860456
0.727670213
0.713760222
0.686614294
0.65713982
0.671723863
0.591940569
0.611671921
0.58238128
0.586425595
0.537526157
0.51473093
0.478699765
0.446651636
0.435437855
0.427778169
0.43874684
0.404492722
0.32685414
0.268763078
0.137506691
0.118633224
0.115937014
0.07010145
0.07010145
0.035050725
0.07549387
0.035050725
0.035050725
0.056620402
0.056620402
0.043139354
0.043139354
0.043139354
0.043139354
0.016177258
0.016177258
0.040443144
0.088974918
0.048531773
0.059316612
0.088974918
0.056620402
0.053924193
0.051227983
0.029658306
0.029658306
0.029658306
0.029658306
0.029658306
0.029658306
0.059316612
0.029658306
0
0.043139354
0.102455966
0.083582499
0.115937014
0.134810482
0.202215722
0.226481609
0.191430884
0.296583059
0.358595881
0.190205334
0.237266448
0.304916798
0.36374319
0.389234627
0.434334861
0.469630696
0.487278613
0.484337294
0.484337294
0.498063452
0.538261486
0.562772483
0.5853226
0.590224799
0.595126999
0.636305473
0.636305473
0.665718669
0.701994944
0.705916703
0.714740662
0.737290779
0.754938697
0.750036497
0.787538322
0.825040147
0.831290451
0.87504258
0.909786918
0.922103694
0.964017498
0.94857557
0.871672318
0.882640989
0.93147915
0.892200278
0.8423204
0.845629384
0.756041692
0.721603741
0.719887972
0.666699109
0.632690101
0.555909404
0.478393377
0.461051847
0.368032615
0.325996255
0.175866401
0.151845624
0.108032218
0.07010145
0.037746935
0.043139354
0.043139354
0.043139354
0.043139354
0.043139354
0.043139354
0.059316612
0.043139354
0.043139354
0.026962096
0.026962096
0.07010145
0.043139354
0.029658306
0
0.026962096
0.056620402
0.056620402
0.056620402
0.056620402
0.056620402
0.113240805
0.097063547
0.097063547
0.129418062
0.129418062
0.086278708
0.086278708
0.086278708
0.045835564
0.045835564
0.059316612
0.043139354
0.013481048
0.040443144
0.083582499
0.094367337
0.094367337
0.086278708
0.010784839
0.010784839
0.097063547
0.061767712
0.090200468
0.118633224
0.193146654
0.257855685
0.338251754
0.373547589
0.420608702
0.458845857
0.534339727
0.592185679
0.592185679
0.591205239
0.608853157
0.65493383
0.683366587
0.686307906
0.696112305
0.740232099
0.767684415
0.80494113
0.822589047
0.886317639
0.87847412
0.907887316
0.96983886
1.050051096
1.07462337
1.101769299
1.113105635
1.178243609
1.202203108
1.16917454
1.150484905
1.09294534
1.082037947
1.032893399
1.007585795
0.974312117
0.968797142
0.925535233
0.879638392
0.775037714
0.74850456
0.65517894
0.53280779
0.444752034
0.47318479
0.343153953
0.278873864
0.285675666
0.252953485
0.258836125
0.258836125
0.256139915
0.226481609
0.159076368
0.159076368
0.132114272
0.067405241
0.067405241
0.029658306
0.029658306
0.029658306
0
0.037746935
0
0.013481048
0
0.018873467
0.018873467
0.018873467
0.018873467
0
0
0
0
0
0.032354516
0.032354516
0.032354516
0.035050725
0.035050725
0.062012822
0.099759756
0.062012822
0.126721853
0.172557416
0.175253626
0.14829153
0.14829153
0.188734674
0.159076368
0.199519513
0.202215722
0.159076368
0.086278708
0.102946186
0.139222461
0.171576977
0.223540289
0.298053719
0.355899671
0.384332427
0.418647823
0.468650256
0.470611136
0.516691809
0.501985211
0.543163686
0.560811603
0.546105005
0.554928964
0.579439961
0.630422834
0.676503507
0.718662422
0.73238858
0.80494113
0.811804209
0.856904443
0.912544405
0.988283385
1.072294826
1.122603646
1.145276318
1.151281512
1.140190286
1.188293117
1.193379149
1.214029664
1.202815883
1.158144592
1.123093866
1.126893071
1.118865719
1.084366492
1.023211555
1.002132098
0.941528659
0.787538322
0.700585562
0.647335421
0.554438744
0.490219933
0.396955591
0.319133176
0.231874028
0.14289911
0.118633224
0.118633224
0.118633224
0.048531773
0.018873467
0.040443144
0.021569677
0.021569677
0.021569677
0.043139354
0.067405241
0.043139354
0.043139354
0.086278708
0.086278708
0.064709031
0.083582499
0.088974918
0.091671127
0.121329433
0.059316612
0.056620402
0.021569677
0.021569677
0.048531773
0.048531773
0.064709031
0.083582499
0.07010145
0.07010145
0.048531773
0.021569677
0.051227983
0.07549387
0.105152176
0.097063547
0.169861207
0.124025643
0.124025643
0.124025643
0.14289911
0.194127093
0.231874028
0.092161347
0.158831258
0.204911932
0.234325128
0.315701637
0.36668451
0.444139259
0.498063452
0.542183246
0.550026765
0.644148992
0.706897143
0.722584181
0.725525501
0.777488814
0.830432566
0.852002243
0.843178285
0.849060924
0.856904443
0.852982683
0.856904443
0.87945456
0.957889749
1.003970423
1.069843726
1.119539772
1.206186145
1.089513801
1.11567929
1.13105994
1.171196697
1.136820024
1.158144592
1.131182495
1.139945177
1.09809265
1.050234929
0.992695364
0.997291176
0.900043797
0.881660549
0.775037714
0.714189165
0.491935703
0.437582568
0.349281702
0.289168483
0.250012166
0.208527304
0.126109078
0.115937014
0.118633224
0.118633224
0.118633224
0.088974918
0.07010145
0.07010145
0.040443144
0.040443144
0.107848385
0.078190079
0.037746935
0.053924193
0.07010145
0.083582499
0.083582499
0.113240805
0.083582499
0.018873467
0.018873467
0.053924193
0.053924193
0.035050725
0.062012822
0.056620402
0.026962096
0.026962096
0.110544595
0.137506691
0.078190079
0.113240805
0.186038465
0.194127093
0.177949836
0.204911932
0.164468788
0.177949836
0.215696771
0.215696771
0.226481609
0.226481609
0.213000561
0.172557416
0.156380159
0.177949836
0.118633224
0.14314422
0.196087973
0.269620963
0.314721197
0.331388675
0.381391108
0.394136826
0.424530462
0.431393541
0.500024332
0.541202806
0.58140084
0.592185679
0.592185679
0.597087878
0.595126999
0.613755356
0.636305473
0.670620868
0.65983603
0.679444827
0.707877583
0.720623301
0.709838463
0.76878741
0.840482075
0.863890077
0.911809075
0.968980975
1.02186345
1.05703673
1.080934952
1.139761344
1.120029992
1.156490099
1.113534578
1.039572645
0.950413895
0.940303109
0.864747962
0.82301799
0.725035281
0.703465604
0.712534673
0.714189165
0.69157777
0.563998033
0.524535328
0.482376414
0.43752129
0.33200145
0.258836125
0.150987739
0.107848385
0.094367337
0
0.024265887
0
0.032354516
0.032354516
0.083582499
0.083582499
0.032354516
0.048531773
0.032354516
0.032354516
0.086278708
0.032354516
0.161772578
0.188734674
0.175253626
0.099759756
0.07010145
0.056620402
0.07279766
0.040443144
0.040443144
0.137506691
0.156380159
0.188734674
0.269620963
0.29388685
0.334329994
0.3639883
0.323545156
0.331633785
0.277709592
0.229177819
0.237266448
0.239962657
0.266924754
0.280405802
0.388254187
0.547330555
0.603950957
0.250012166
0.227462049
0.250012166
0.297073279
0.323545156
0.328447355
0.36276275
0.359821431
0.379430228
0.392175946
0.380410668
0.36570407
0.386293307
0.377469348
0.381391108
0.387273747
0.409823864
0.412765184
0.404921665
0.404921665
0.428452221
0.457865417
0.462767617
0.472572015
0.488259053
0.520858679
0.581278286
0.635692698
0.716946652
0.759228121
0.76437543
0.766703975
0.797097611
0.844097447
0.801387035
0.805737737
0.775527934
0.753468037
0.726138276
0.678158
0.674542628
0.624846582
0.643781327
0.598374706
0.575763311
0.49199698
0.484337294
0.466015324
0.409333644
0.364294688
0.321706831
0.202889775
0.169861207
0.153683949
0.07279766
0.048531773
0.032354516
0.013481048
0.013481048
0.013481048
0.013481048
0
0
0
0.035050725
0.045835564
0.045835564
0.07279766
0.097063547
0.045835564
0.045835564
0.048531773
0.083582499
0.062012822
0.062012822
0.029658306
0.053924193
0.097063547
0.110544595
0.088974918
0.105152176
0.140202901
0.107848385
0.188734674
0.110544595
0.150987739
0.159076368
0.172557416
0.172557416
0.239962657
0.22108919
0.237266448
0.22108919
0.261532334
0.326241365
0.401735235
0.152948619
0.210794571
0.250992606
0.303936358
0.332369115
0.328447355
0.338251754
0.412765184
0.424530462
0.43825662
0.451002338
0.51473093
0.542183246
0.544144126
0.555909404
0.609833597
0.647090312
0.642188112
0.693170985
0.723564621
0.718662422
0.782391013
0.80298025
0.815725968
0.808862889
0.872959146
0.923206689
0.977988766
0.65689471
0.671723863
0.656527045
0.666637831
0.683856806
0.669456596
0.69623486
0.660142417
0.639982122
0.64151406
0.625030415
0.588876694
0.58238128
0.527783035
0.493774027
0.422508305
0.388254187
0.399039025
0.312024987
0.258100795
0.232854468
0.198477795
0.092651567
0.039523982
0
0
0
0
0
0
0
0
0
0
0
0
0
0
0
0
0
0.010784839
0.021569677
0.010784839
0
0.026962096
0.026962096
0.059316612
0.07279766
0.07279766
0.094367337
0.094367337
0.086278708
0.097063547
0.086278708
0.086278708
0.086278708
0.086278708
0.059316612
0.024265887
0.024265887
0.051227983
0.051227983
0.107848385
0.097063547
0.169861207
0.202215722
0.156380159
0.103926626
0.200009733
0.237266448
0.227462049
0.264718764
0.300014599
0.351977912
0.379430228
0.396097706
0.443158819
0.471591576
0.497083012
0.530417967
0.576498641
0.565713803
0.538261486
0.561792043
0.568655122
0.625520634
0.642188112
0.65689471
0.65591427
0.736310339
0.73238858
0.761801776
0.845874494
0.889013848
0.902311064
0.94735002
0.970267802
0.970635467
0.978111321
0.963282168
0.971248242
0.960708514
0.949678565
0.957399529
0.961382566
0.886072529
0.847222599
0.749056058
0.673378355
0.575027981
0.512586217
0.458845857
0.41944443
0.353938792
0.341744571
0.306387458
0.29143575
0.231628918
0.189715114
0.137506691
0.080886289
0.051227983
0
0
0
0
0
0
0
0
0
0
0.032354516
0.032354516
0.032354516
0
0
0.026962096
0.026962096
0.026962096
0.026962096
0.026962096
0.026962096
0
0
0.018873467
0.018873467
0.018873467
0.018873467
0
0.040443144
0.035050725
0.048531773
0.129418062
0.124025643
0.124025643
0.132114272
0.159076368
0.188734674
0.215696771
0.191430884
0.237266448
0.280405802
0.100004866
0.162753018
0.202951052
0.256875245
0.279425362
0.320603836
0.399039025
0.399039025
0.44217838
0.503946091
0.501004771
0.545124565
0.555909404
0.572576882
0.577479081
0.589244359
0.601009638
0.664738229
0.703955824
0.749056058
0.781410573
0.783371453
0.843178285
0.882395879
0.893180718
0.968797142
0.999313333
1.078116187
1.094416
1.086082261
1.086572481
1.054217966
0.954458209
0.925290123
0.946369581
0.903352781
0.921368364
0.858313825
0.836437761
0.847222599
0.856904443
0.796729946
0.743786193
0.667005496
0.547085445
0.439849835
0.337638979
0.30828706
0.22305007
0.180891155
0.046325784
0.028984254
0
0.026962096
0.026962096
0.029658306
0.029658306
0.067405241
0.067405241
0.067405241
0.067405241
0.067405241
0.059316612
0.059316612
0.105152176
0.086278708
0.032354516
0.032354516
0.021569677
0.021569677
0.035050725
0.107848385
0.107848385
0.07010145
0.059316612
0.037746935
0.037746935
0.037746935
0.07549387
0.056620402
0.037746935
0.037746935
0.037746935
0.086278708
0.113240805
0.091671127
0.153683949
0.153683949
0.153683949
0.132114272
0.150987739
0.169861207
0.153683949
0.213000561
0.280405802
0.266924754
0.121574543
0.1451051
0.189224894
0.177459616
0.211775011
0.281386242
0.343153953
0.372567149
0.418647823
0.487278613
0.483356854
0.522574449
0.538261486
0.533359287
0.607872717
0.643168552
0.647090312
0.667679549
0.701014504
0.724545061
0.751997377
0.773567054
0.822589047
0.845139164
0.841217405
0.905252384
0.972841457
1.040859473
1.091964901
1.123400254
1.139148569
1.145827816
1.158879921
1.15354878
1.13277571
1.139945177
1.017451471
0.979153039
0.915485725
0.91560828
0.837295645
0.80077426
0.745869628
0.682018482
0.615471126
0.575885866
0.558850724
0.511421945
0.406882544
0.34419567
0.288249321
0.208159639
0.191430884
0.164468788
0.07549387
0.048531773
0.048531773
0.048531773
0.032354516
0.032354516
0.032354516
0
0
0
0.016177258
0.016177258
0.037746935
0.037746935
0.021569677
0.021569677
0.021569677
0.021569677
0.021569677
0.021569677
0.010784839
0.010784839
0
0.051227983
0.051227983
0.051227983
0.080886289
0.080886289
0.080886289
0.051227983
0.051227983
0.094367337
0.083582499
0.07279766
0.078190079
0.14829153
0.199519513
0.177949836
0.177949836
0.204911932
0.14559532
0.164468788
0.115691904
0.128437622
0.187264014
0.235305568
0.29217108
0.310799438
0.36472363
0.401980345
0.430413101
0.445119699
0.486298174
0.522574449
0.594146559
0.603950957
0.65591427
0.714740662
0.705916703
0.741212539
0.787293212
0.797097611
0.829452127
0.826510807
0.864747962
0.900043797
0.913769955
0.939629056
0.975047447
1.050173651
1.089513801
1.143989491
1.17285119
1.11764017
1.139761344
1.0968671
1.084979267
1.085346931
1.106671499
1.053789023
1.042330132
0.974495949
0.937300512
0.843239562
0.856291668
0.724912726
0.675032848
0.603093073
0.577479081
0.415829058
0.254914365
0.261287224
0.267660083
0.152826064
0.099759756
0.056620402
0.035050725
0.032354516
0.07010145
0.053924193
0.032354516
0.032354516
0
0
0
0
0.013481048
0.013481048
0
0.024265887
0.024265887
0.067405241
0.018873467
0.018873467
0.062012822
0.045835564
0.045835564
0.026962096
0.026962096
0.026962096
0.121329433
0.083582499
0.188734674
0.126721853
0.083582499
0.080886289
0.043139354
0.140202901
0.091671127
0.102455966
0.137506691
0.172557416
0.172557416
0.266924754
0.245355076
0.239962657
0.210304351
0.210304351
0.07647431
0.07549387
0.090200468
0.251973046
0.280405802
0.29315152
0.329427795
0.373547589
0.427471782
0.415706503
0.406882544
0.456884978
0.479435094
0.501985211
0.532378847
0.564733363
0.580420401
0.572576882
0.560811603
0.564733363
0.606892277
0.611794476
0.604931397
0.603950957
0.618657555
0.663573957
0.719152642
0.799855098
0.872591481
0.921368364
0.977375991
1.035895996
0.954458209
1.012610549
1.000538883
0.966223488
1.014019931
1.025356267
1.027623534
1.029584414
1.027500979
1.019167241
0.91462784
0.892200278
0.818422178
0.748198173
0.672949413
0.664370564
0.654443611
0.60045814
0.537893821
0.463748057
0.417912493
0.417912493
0.269620963
0.215696771
0.164468788
0.164468788
0.14559532
0.21839298
0.175253626
0.172557416
0.175253626
0.153683949
0.121329433
0.121329433
0.121329433
0.121329433
0.121329433
0.14559532
0.067405241
0.045835564
0.045835564
0.105152176
0.102455966
0.102455966
0.118633224
0.118633224
0.118633224
0.175253626
0.137506691
0.124025643
0.040443144
0.016177258
0.137506691
0.115937014
0.115937014
0.115937014
0.088974918
0.107848385
0.164468788
0.110544595
0.126721853
0.22108919
0.169861207
0.169861207
0.136281141
0.194127093
0.234325128
0.231383808
0.247070846
0.260797004
0.276484042
0.316682077
0.36570407
0.36766495
0.393156386
0.421589142
0.430413101
0.448061019
0.469630696
0.501985211
0.534339727
0.549046325
0.580420401
0.612774916
0.661796909
0.625520634
0.652972951
0.667679549
0.693170985
0.750036497
0.821731163
0.906968153
0.957154419
0.950965392
0.990857039
1.058446113
1.119172107
1.112186473
1.113657133
1.120091269
1.118681887
1.048457882
1.091964901
1.048580437
0.756899576
0.734043072
0.683366587
0.613387691
0.487523723
0.399039025
0.386538417
0.344134393
0.301485259
0.283898619
0.259939119
0.2213343
0.14829153
0.078190079
0.078190079
0.021569677
0.051227983
0.029658306
0.029658306
0.029658306
0.029658306
0.056620402
0.029658306
0.029658306
0.053924193
0.043139354
0.043139354
0.043139354
0.043139354
0.043139354
0.043139354
0.043139354
0.07010145
0.169861207
0.215696771
0.118633224
0.091671127
0.126721853
0.137506691
0.161772578
0.14289911
0.183342255
0.183342255
0.226481609
0.194127093
0.248051286
0.253443705
0.277709592
0.342418623
0.36938072
0.431393541
0.531153297
0.636305473
0.714495552
0.784597003
0.706406923
0.268640523
0.300014599
0.334329994
0.327466915
0.388254187
0.427471782
0.490219933
0.516691809
0.552968084
0.558850724
0.592185679
0.590224799
0.602970518
0.634344593
0.639246793
0.634344593
0.65591427
0.692190545
0.744153858
0.73238858
0.776508374
0.785332333
0.811804209
0.793175852
0.794156291
0.854208233
0.879086895
0.927925056
1.018431911
1.07707447
1.051521756
1.0753587
1.086817591
1.064696417
1.048335327
1.063838532
1.005441082
0.97204485
0.915485725
0.761740498
0.639246793
0.580359123
0.556277069
0.499717944
0.522819559
0.467057041
0.372567149
0.336964926
0.313740757
0.248725339
0.138977351
0.081682896
0.053924193
0.010784839
0
0
0.029658306
0.029658306
0.029658306
0.043139354
0.029658306
0.029658306
0.029658306
0.029658306
0.029658306
0.051227983
0.051227983
0.105152176
0.105152176
0.105152176
0.067405241
0.045835564
0.016177258
0.016177258
0.043139354
0.043139354
0.043139354
0.043139354
0.043139354
0.043139354
0.026962096
0.026962096
0.051227983
0.051227983
0.024265887
0.045835564
0.045835564
0.088974918
0.132114272
0.132114272
0.132114272
0.248051286
0.167164997
0.261532334
0.264228544
0.318152737
0.152948619
0.161772578
0.202951052
0.268640523
0.319623396
0.395117266
0.409823864
0.417667383
0.427471782
0.454924098
0.481395974
0.50982873
0.552968084
0.627481514
0.630422834
0.637285913
0.679444827
0.686307906
0.693170985
0.702975384
0.744153858
0.721603741
0.745134298
0.824549927
0.842197845
0.940670774
0.95078156
1.029216749
1.071130553
1.061632542
1.108142158
1.079586847
1.075052313
1.055504793
1.02284389
0.994349856
0.955683759
0.899185912
0.808862889
0.759840896
0.735329899
0.705732871
0.620863545
0.598374706
0.505171641
0.430780766
0.388866962
0.348914037
0.274523162
0.228626321
0.162140243
0.044793846
0.045835564
0.045835564
0.021569677
0.021569677
0
0.024265887
0.024265887
0.07549387
0.043139354
0.064709031
0.043139354
0.043139354
0.043139354
0.043139354
0.110544595
0.110544595
0.110544595
0.110544595
0.086278708
0.062012822
0.062012822
0.062012822
0.062012822
0.105152176
0.137506691
0.118633224
0.177949836
0.134810482
0.134810482
0.134810482
0.126721853
0.078190079
0.086278708
0.113240805
0.07279766
0.056620402
0.14289911
0.14829153
0.167164997
0.188734674
0.156380159
0.156380159
0.210304351
0.229177819
0.106867945
0.154909499
0.169616097
0.223540289
0.285308001
0.336290874
0.349036592
0.391195507
0.431393541
0.455904538
0.51277005
0.526496208
0.567674682
0.58140084
0.637285913
0.647090312
0.636305473
0.640227232
0.699053624
0.711799343
0.725525501
0.775527934
0.753958257
0.785332333
0.80788245
0.872959146
0.929824658
0.983810128
1.031912959
1.060345715
1.066350909
1.071130553
1.060345715
1.06316448
1.033996394
1.002622318
0.964262608
0.870753156
0.865850957
0.797832941
0.754938697
0.725954443
0.720868411
0.720623301
0.668414879
0.578153133
0.435437855
0.358473326
0.281876461
0.223601567
0.205892372
0.160730861
0.121329433
0.064709031
0.088974918
0.062012822
0.062012822
0.062012822
0.062012822
0.099759756
0.078190079
0.078190079
0.078190079
0.067405241
0.067405241
0.129418062
0.097063547
0.07010145
0.07010145
0.07010145
0.080886289
0.080886289
0.051227983
0.010784839
0.010784839
0.016177258
0
0.080886289
0.059316612
0.086278708
0.086278708
0.086278708
0.064709031
0.078190079
0.051227983
0.051227983
0.091671127
0.132114272
0.204911932
0.153683949
0.140202901
0.140202901
0.07279766
0.14559532
0.207608142
0.231874028
0.110789705
0.155889939
0.242168647
0.300995039
0.308838558
0.336290874
0.386293307
0.409823864
0.379430228
0.422569582
0.456884978
0.463748057
0.507867851
0.497083012
0.539241926
0.543163686
0.574537761
0.58434216
0.609833597
0.631403274
0.677483947
0.682386147
0.706897143
0.706897143
0.746114738
0.798997213
0.876880905
0.908132426
0.936320072
0.977988766
1.000293773
1.037305378
1.089758911
1.046313169
1.048335327
1.032403179
0.993430694
0.989815322
0.954090545
0.775037714
0.768664855
0.746176015
0.714618107
0.60266413
0.536055497
0.528273255
0.386538417
0.377591903
0.29413196
0.301485259
0.308838558
0.226604164
0.188734674
0.134810482
0.134810482
0.14829153
0.113240805
0.113240805
0.113240805
0.048531773
0.048531773
0.016177258
0.016177258
0.016177258
0.016177258
0.016177258
0
0
0
0
0
0.016177258
0
0
0
0.029658306
0.029658306
0.045835564
0.029658306
0.080886289
0.080886289
0.051227983
0.032354516
0.032354516
0.059316612
0.032354516
0.126721853
0.167164997
0.153683949
0.153683949
0.118633224
0.134810482
0.132114272
0.150987739
0.137506691
0.199519513
0.091180908
0.122554983
0.157850818
0.184322695
0.245109967
0.281386242
0.36668451
0.43629574
0.465708936
0.499043892
0.527476648
0.552968084
0.562772483
0.576498641
0.590224799
0.636305473
0.639246793
0.644148992
0.642188112
0.721603741
0.742192978
0.816706408
0.814745529
0.827491247
0.87945456
0.933378752
0.95078156
1.060652102
1.341977066
1.364036963
1.416858161
1.40515416
1.438305283
1.472191736
1.421147586
1.336829757
1.336584647
1.277696978
1.216970983
1.105568504
1.092210011
1.00501214
0.908377536
0.868608444
0.814010199
0.757267241
0.631035609
0.563998033
0.519633129
0.434641248
0.414358398
0.329366517
0.22108919
0.196823303
0.172557416
0.110544595
0.048531773
0.051227983
0
0.013481048
0.013481048
0.021569677
0.056620402
0.126721853
0.14829153
0.14829153
0.115937014
0.115937014
0.126721853
0.105152176
0.124025643
0.105152176
0.091671127
0.07279766
0.097063547
0.094367337
0.094367337
0.091671127
0.099759756
0.099759756
0.105152176
0.113240805
0.126721853
0.14289911
0.129418062
0.159076368
0.159076368
0.199519513
0.177949836
0.172557416
0.223785399
0.266924754
0.285798221
0.242658867
0.285798221
0.401735235
0.157850818
0.170596537
0.266679644
0.268640523
0.312760317
0.343153953
0.391195507
0.4353153
0.448061019
0.43825662
0.443158819
0.447080579
0.472572015
0.494141692
0.477474215
0.485317734
0.521594009
0.533359287
0.534339727
0.556889844
0.608853157
0.601990078
0.623559755
0.669640428
0.710818903
0.759411954
0.826143142
0.845261719
0.935094522
1.025601377
1.02455966
1.061264877
1.060345715
1.083079664
1.104097844
1.075419978
1.067208794
1.041349693
1.051521756
1.052379641
1.058875055
0.996923511
0.904210666
0.845016609
0.699298734
0.675645623
0.640349787
0.590286077
0.475513335
0.469814528
0.393769161
0.284572671
0.199519513
0.164468788
0.137506691
0.097063547
0.080886289
0.080886289
0.080886289
0.080886289
0.062012822
0.067405241
0.035050725
0.035050725
0.056620402
0.056620402
0.056620402
0.037746935
0.037746935
0.121329433
0.07549387
0.107848385
0.14829153
0.14559532
0.102455966
0.134810482
0.118633224
0.094367337
0.099759756
0.051227983
0.150987739
0.14559532
0.150987739
0.126721853
0.132114272
0.115937014
0.126721853
0.237266448
0.196823303
0.22108919
0.161772578
0.245355076
0.229177819
0.301975479
0.380165558
0.412520074
0.205892372
0.227462049
0.250992606
0.263738324
0.286288441
0.302955919
0.319623396
0.333349554
0.370606269
0.379430228
0.36668451
0.352958352
0.355899671
0.383351988
0.392175946
0.400019465
0.393156386
0.408843424
0.400999905
0.412765184
0.420608702
0.420608702
0.396097706
0.395117266
0.427471782
0.469814528
0.528334533
0.589121804
0.626255964
0.648560971
0.684837246
0.663819067
0.679444827
0.697031467
0.680302712
0.65517894
0.669150208
0.605973115
0.61951544
0.518591412
0.669150208
0.605973115
0.61951544
0.518591412
0.498063452
0.465096161
0.456272203
0.446100139
0.414726063
0.38770269
0.388866962
0.358473326
0.279425362
0.228626321
0.203318717
0.197619911
0.159076368
0.159076368
0.097063547
0.097063547
0.086278708
0.086278708
0.064709031
0.056620402
0.056620402
0.037746935
0.037746935
0.037746935
0.043139354
0.043139354
0.026962096
0.026962096
0.026962096
0.026962096
0.043139354
0.018873467
0.040443144
0.091671127
0.07279766
0.091671127
0.14289911
0.094367337
0.110544595
0.094367337
0.107848385
0.113240805
0.099759756
0.140202901
0.164468788
0.207608142
0.199519513
0.204911932
0.215696771
0.296583059
0.275013382
0.231874028
0.253443705
0.186038465
0.269620963
0.358595881
0.159811698
0.202951052
0.206872812
0.248051286
0.269620963
0.286288441
0.279425362
0.284327561
0.304916798
0.314721197
0.357860551
0.361782311
0.372567149
0.391195507
0.395117266
0.398058586
0.391195507
0.400999905
0.400999905
0.447080579
0.445119699
0.457865417
0.475513335
0.483356854
0.474532895
0.487523723
0.493038698
0.541386638
0.939996721
0.945818083
0.977375991
0.921736029
0.942692931
0.931417873
0.920878144
0.941406104
0.890484508
0.835212211
0.803347915
0.769338907
0.674542628
0.67742267
0.677116282
0.600519418
0.591205239
0.498798782
0.493651473
0.454066213
0.377469348
0.319071899
0.169861207
0.071143168
0.064709031
0.037746935
0.018873467
0.018873467
0.018873467
0.018873467
0
0
0
0.059316612
0.059316612
0.059316612
0.102455966
0.102455966
0.102455966
0.102455966
0.102455966
0.102455966
0.121329433
0.078190079
0.078190079
0.097063547
0.056620402
0.056620402
0.056620402
0.056620402
0.097063547
0.129418062
0.153683949
0.196823303
0.172557416
0.14829153
0.137506691
0.180646045
0.137506691
0.132114272
0.150987739
0.110544595
0.167164997
0.177949836
0.186038465
0.159076368
0.22108919
0.22108919
0.067650351
0.121574543
0.14804642
0.232364248
0.285308001
0.36766495
0.415706503
0.501985211
0.496102572
0.529437528
0.559831163
0.607872717
0.642188112
0.653953391
0.702975384
0.739251659
0.817686848
0.815725968
0.826510807
0.836315206
0.889258958
0.891219838
0.946124471
0.985342065
0.976518106
1.02504988
1.065493024
1.083937549
1.120152547
1.133694872
1.113534578
1.090861906
1.108877488
1.132101658
1.12958928
1.138290684
1.115250347
1.087552921
1.040491808
0.993491972
0.868669721
0.835150933
0.789621757
0.67987377
0.58238128
0.473858843
0.381881328
0.325015816
0.299034159
0.283898619
0.203318717
0.197619911
0.137506691
0.137506691
0.137506691
0.137506691
0.137506691
0.137506691
0.043139354
0
0
0
0.029658306
0.053924193
0.07279766
0.102455966
0.121329433
0.102455966
0.067405241
0.067405241
0.067405241
0.043139354
0.043139354
0.013481048
0.013481048
0.040443144
0.040443144
0.013481048
0.013481048
0.013481048
0
0.024265887
0.037746935
0.024265887
0.059316612
0.161772578
0.137506691
0.137506691
0.167164997
0.288494431
0.339722414
0.326241365
0.326241365
0.304671688
0.358595881
0.320848946
0.103926626
0.150987739
0.201970612
0.266679644
0.303936358
0.36472363
0.389234627
0.397078146
0.478454655
0.493161253
0.500024332
0.526496208
0.530417967
0.569635562
0.624540195
0.679444827
0.73140814
0.767684415
0.742192978
0.779449693
0.891219838
0.940241831
0.992205144
0.977498546
0.970635467
1.049009379
1.107406828
1.1491368
1.215745434
1.271385396
1.271262841
1.314953693
1.301533922
1.269976014
1.31280898
1.320284834
1.338300417
1.331008395
1.2776357
1.145460151
1.164762561
0.972657624
0.891710058
0.799977653
0.798568271
0.736861837
0.647335421
0.640472342
0.544144126
0.472326905
0.32685414
0.176540453
0.156380159
0.121329433
0.094367337
0.021569677
0.021569677
0.035050725
0.099759756
0.099759756
0.099759756
0.064709031
0.102455966
0.102455966
0.126721853
0.059316612
0.059316612
0.059316612
0.048531773
0.07549387
0.051227983
0.051227983
0.051227983
0.026962096
0.051227983
0.094367337
0.126721853
0.088974918
0.088974918
0.177949836
0.14829153
0.202215722
0.180646045
0.210304351
0.161772578
0.196823303
0.191430884
0.161772578
0.105152176
0.204911932
0.250747496
0.261532334
0.266924754
0.266924754
0.288494431
0.261532334
0.123535423
0.193146654
0.266679644
0.379430228
0.395117266
0.406882544
0.507867851
0.524535328
0.543163686
0.560811603
0.663757789
0.65787515
0.672581748
0.680425267
0.672581748
0.693170985
0.722584181
0.776508374
0.796117171
0.777488814
0.80494113
0.80788245
0.835334766
0.87749368
0.94906579
0.995881794
1.056669065
1.132836987
1.175302289
1.201896721
1.24295264
1.285356664
1.298592602
1.311338321
1.338300417
1.278922528
1.180449598
1.126647961
1.080934952
1.035283221
0.945144031
0.863461134
0.827123582
0.716333877
0.646354982
0.566816797
0.456394758
0.434947636
0.36766495
0.316559522
0.301117594
0.245048689
0.250747496
0.242658867
0.159076368
0.137506691
0.137506691
0.137506691
0.188734674
0.053924193
0.118633224
0.102455966
0.124025643
0.088974918
0.088974918
0.121329433
0.064709031
0.064709031
0.064709031
0.016177258
0.051227983
0.07549387
0.07549387
0.07549387
0.107848385
0.053924193
0.097063547
0.078190079
0.078190079
0.078190079
0.113240805
0.113240805
0.14289911
0.14289911
0.183342255
0.167164997
0.186038465
0.156380159
0.137506691
0.167164997
0.099759756
0.064709031
0.064709031
0.080886289
0.094367337
0.196823303
0.078435189
0.115691904
0.166674777
0.21765765
0.302955919
0.340212633
0.377469348
0.429432661
0.445119699
0.51178961
0.518652689
0.547085445
0.573557322
0.606892277
0.642188112
0.670620868
0.762782216
0.795136731
0.849060924
0.891219838
0.939261392
0.966713708
0.95396799
0.964752828
0.990244265
1.125054746
1.221015298
1.302820749
0.985342065
1.033322341
1.048825546
1.047171054
1.082405612
1.072356103
1.108877488
1.1134733
1.09294534
1.087552921
1.079096627
1.006789187
0.905926436
0.810885047
0.760453671
0.632690101
0.624295085
0.494264247
0.461051847
0.442117102
0.345605053
0.319071899
0.277954702
0.216064435
0.199519513
0.140202901
0.086278708
0.086278708
0.067405241
0.097063547
0.07010145
0.07010145
0.07010145
0.094367337
0.094367337
0.140202901
0.188734674
0.14289911
0.169861207
0.150987739
0.134810482
0.14829153
0.110544595
0.107848385
0.105152176
0.053924193
0.064709031
0.037746935
0.083582499
0.051227983
0.051227983
0.091671127
0.107848385
0.121329433
0.107848385
0.086278708
0.086278708
0.091671127
0.105152176
0.105152176
0.191430884
0.175253626
0.202215722
0.215696771
0.331633785
0.315456527
0.342418623
0.407127654
0.160792138
0.175498736
0.226481609
0.274523162
0.302955919
0.341193073
0.369625829
0.391195507
0.414726063
0.445119699
0.480415534
0.483356854
0.525515768
0.547085445
0.548065885
0.590224799
0.626501074
0.699053624
0.736310339
0.764743095
0.790234532
0.782391013
0.770625735
0.80199981
0.831413006
0.860458537
0.947472575
1.025723932
1.084611602
1.138842182
1.162066351
1.213478166
1.16623322
1.182655588
1.194911087
1.204470375
1.180449598
1.174628237
1.075419978
1.056178845
0.943183151
0.936258794
0.825040147
0.752793985
0.600029198
0.575885866
0.493651473
0.420608702
0.379920448
0.314047145
0.270233738
0.218699368
0.164468788
0.164468788
0.094367337
0.083582499
0.018873467
0.018873467
0.018873467
0.018873467
0.008088629
0.018873467
0.018873467
0.018873467
0.018873467
0.018873467
0.048531773
0.048531773
0.018873467
0.018873467
0.035050725
0.043139354
0.024265887
0.008088629
0.032354516
0.035050725
0.07010145
0.018873467
0.07010145
0.035050725
0.032354516
0.026962096
0.048531773
0.088974918
0.018873467
0.053924193
0.040443144
0.078190079
0.088974918
0.164468788
0.188734674
0.239962657
0.191430884
0.213000561
0.250747496
0.264228544
0.121574543
0.151968179
0.183342255
0.21863809
0.242168647
0.261777444
0.297073279
0.304916798
0.298053719
0.311779877
0.316682077
0.320603836
0.356880111
0.335310434
0.332369115
0.316682077
0.36276275
0.36570407
0.36570407
0.355899671
0.398058586
0.404921665
0.415706503
0.4402175
0.460806737
0.491690593
0.519510574
0.594943166
0.649541411
0.680731654
0.714495552
0.816032356
0.860335982
0.880863942
0.901759567
0.901698289
0.868179501
0.826326974
0.812539539
0.761740498
0.719642862
0.643045997
0.627113849
0.568348735
0.529437528
0.503333316
0.458723302
0.420608702
0.416686943
0.319071899
0.272807393
0.242413757
0.248051286
0.180646045
0.132114272
0.035050725
0.029658306
0.029658306
0.043139354
0.043139354
0.045835564
0.018873467
0
0
0
0.059316612
0.026962096
0.062012822
0.083582499
0.102455966
0.083582499
0.113240805
0.118633224
0.091671127
0.126721853
0.105152176
0.07549387
0.113240805
0.115937014
0.115937014
0.097063547
0.097063547
0.113240805
0.14559532
0.14289911
0.186038465
0.177949836
0.183342255
0.202215722
0.29119064
0.36938072
0.447570799
0.50958362
0.517672249
0.552722974
0.482621524
0.22157941
0.266679644
0.305897238
0.317662517
0.318642956
0.335310434
0.400999905
0.413745623
0.452963218
0.456884978
0.51375049
0.528457088
0.560811603
0.570616002
0.565713803
0.569635562
0.594146559
0.615716236
0.609833597
0.626501074
0.636305473
0.645129432
0.680425267
0.679444827
0.669640428
0.694825477
0.739006549
0.739312936
0.51473093
0.540467476
0.562159708
0.577846746
0.570616002
0.572944547
0.530540522
0.512892605
0.492425923
0.490465043
0.492671033
0.427410504
0.400019465
0.374099086
0.343766728
0.328140968
0.251482826
0.25846846
0.235183013
0.224643284
0.188734674
0.173354024
0.14927197
0.150191132
0.083582499
0.064709031
0.037746935
0.037746935
0.067405241
0.067405241
0.053924193
0.053924193
0.059316612
0.043139354
0.056620402
0.094367337
0.048531773
0.048531773
0.048531773
0.026962096
0.013481048
0.013481048
0.086278708
0.110544595
0.110544595
0.14289911
0.14289911
0.137506691
0.105152176
0.126721853
0.153683949
0.099759756
0.080886289
0.080886289
0.113240805
0.088974918
0.137506691
0.115937014
0.115937014
0.137506691
0.094367337
0.110544595
0.156380159
0.156380159
0.159076368
0.159076368
0.167164997
0.226481609
0.116672344
0.127457183
0.170596537
0.227462049
0.29413196
0.347075713
0.388254187
0.452963218
0.497083012
0.504926531
0.531398407
0.5853226
0.597087878
0.617677116
0.643168552
0.664738229
0.689249226
0.711799343
0.738271219
0.742192978
0.770625735
0.788273652
0.820628168
0.850041364
0.884356759
0.917752992
0.972841457
1.025723932
1.060100605
1.061632542
1.042085022
1.033077231
1.02652054
1.043249295
1.024437105
0.994349856
0.965978378
0.883192487
0.836437761
0.794033736
0.778469254
0.768419745
0.668782544
0.634834813
0.611059146
0.505600583
0.465708936
0.394320659
0.345605053
0.233651076
0.193024099
0.121206878
0.045835564
0.045835564
0.045835564
0.032354516
0.080886289
0.062012822
0.048531773
0.035050725
0
0
0
0.021569677
0.018873467
0.018873467
0.018873467
0.018873467
0.018873467
0.035050725
0.035050725
0.018873467
0.018873467
0
0
0
0
0.016177258
0.016177258
0.045835564
0.064709031
0.045835564
0.086278708
0.035050725
0.048531773
0.086278708
0.099759756
0.099759756
0.159076368
0.191430884
0.210304351
0.180646045
0.180646045
0.21839298
0.229177819
0.21839298
0.118633224
0.173537856
0.170596537
0.198048853
0.223540289
0.265699204
0.250992606
0.269620963
0.343153953
0.387273747
0.397078146
0.432373981
0.447080579
0.451002338
0.462767617
0.478454655
0.500024332
0.545124565
0.578459521
0.627481514
0.643168552
0.661796909
0.643168552
0.663757789
0.723564621
0.761495388
0.833864106
0.912789515
0.916711275
0.974128284
1.008382402
1.023211555
1.044168457
1.02333411
0.984606735
0.954642042
0.938526062
0.909848196
0.884234204
0.843423395
0.774547494
0.689555613
0.566694243
0.480415534
0.450021898
0.417177163
0.358595881
0.258100795
0.225501169
0.108032218
0.102946186
0.071143168
0.043139354
0.043139354
0.016177258
0
0
0.026962096
0.043139354
0.026962096
0.040443144
0.013481048
0.013481048
0
0.018873467
0.018873467
0.018873467
0
0.029658306
0
0
0
0
0
0.026962096
0.018873467
0.07010145
0.07010145
0.067405241
0.124025643
0.118633224
0.175253626
0.191430884
0.132114272
0.105152176
0.086278708
0.021569677
0.013481048
0.013481048
0.062012822
0.037746935
0.067405241
0.126721853
0.140202901
0.150987739
0.137506691
0.090200468
0.098043987
0.159811698
0.186283575
0.240207767
0.255894805
0.340212633
0.360801871
0.43727618
0.454924098
0.482376414
0.463748057
0.504926531
0.50884829
0.546105005
0.58140084
0.631403274
0.625520634
0.65493383
0.65885559
0.646109872
0.645129432
0.678464387
0.719642862
0.753958257
0.807330952
0.881292884
0.933746417
0.925290123
0.961260011
0.977375991
0.986567615
0.976518106
1.017206361
1.008504957
0.966223488
0.917936824
0.900962959
0.889749178
0.894712655
0.849060924
0.778530531
0.754203367
0.64126895
0.547085445
0.469324308
0.398181141
0.325015816
0.237756668
0.226113944
0.200745063
0.205524707
0.210304351
0.153683949
0.129418062
0.07279766
0.059316612
0.024265887
0.021569677
0.021569677
0
0.043139354
0.043139354
0.07549387
0.043139354
0.043139354
0.053924193
0.010784839
0.010784839
0.010784839
0.032354516
0.032354516
0.051227983
0.021569677
0.021569677
0.037746935
0.016177258
0.016177258
0.07279766
0.07279766
0.14289911
0.124025643
0.048531773
0.113240805
0.134810482
0.134810482
0.118633224
0.14829153
0.14559532
0.159076368
0.14559532
0.164468788
0.250747496
0.269620963
0.285798221
0.328937575
0.136281141
0.14608554
0.187264014
0.225501169
0.264718764
0.310799438
0.336290874
0.393156386
0.402960785
0.444139259
0.486298174
0.50982873
0.542183246
0.554928964
0.575518201
0.573557322
0.616696676
0.613755356
0.636305473
0.636305473
0.677483947
0.722584181
0.774547494
0.790234532
0.757880016
0.853166516
0.91658872
0.959360409
1.105445949
1.186454793
1.187680342
1.259987783
1.303004582
1.341977066
1.301656477
1.300430927
1.279964245
1.210169182
1.196749411
1.147359753
1.09613177
1.000967826
1.000048663
0.993001752
0.873571921
0.748198173
0.724177396
0.664370564
0.664248009
0.580359123
0.465831491
0.337271314
0.256139915
0.191430884
0.115937014
0.118633224
0.083582499
0.083582499
0.083582499
0.056620402
0.067405241
0.107848385
0.126721853
0.183342255
0.134810482
0.134810482
0.115937014
0.064709031
0.037746935
0.037746935
0.097063547
0.07549387
0.07549387
0.097063547
0.097063547
0.105152176
0.07549387
0.129418062
0.129418062
0.113240805
0.099759756
0.14289911
0.110544595
0.067405241
0.062012822
0.083582499
0.083582499
0.097063547
0.113240805
0.161772578
0.159076368
0.124025643
0.086278708
0.137506691
0.134810482
0.242658867
0.109809265
0.14902686
0.214716331
0.261777444
0.287268881
0.36276275
0.409823864
0.464728496
0.460806737
0.499043892
0.51277005
0.549046325
0.573557322
0.567674682
0.603950957
0.608853157
0.608853157
0.648070751
0.696112305
0.713760222
0.73434946
0.743173418
0.751016937
0.754938697
0.778469254
0.813581256
0.866953951
0.899982519
0.969409917
1.030748686
1.05826228
1.069721171
1.063287035
1.090739351
1.107284273
1.125054746
1.122113426
1.091107016
1.044168457
0.997291176
0.860826202
0.835150933
0.850041364
0.793543516
0.633119043
0.560014996
0.554193634
0.454066213
0.428942441
0.394443214
0.373179924
0.281937739
0.261532334
0.126721853
0.118633224
0.099759756
0.091671127
0.113240805
0.102455966
0.083582499
0.07010145
0.083582499
0.094367337
0.094367337
0.067405241
0.07549387
0.110544595
0.080886289
0.067405241
0.067405241
0.172557416
0.156380159
0.21839298
0.107848385
0.124025643
0.129418062
0.14289911
0.137506691
0.126721853
0.099759756
0.132114272
0.140202901
0.167164997
0.14289911
0.156380159
0.118633224
0.167164997
0.161772578
0.167164997
0.237266448
0.261532334
0.248051286
0.285798221
0.428697331
0.426001122
0.531153297
0.223540289
0.242168647
0.263738324
0.258836125
0.267660083
0.274523162
0.245109967
0.284327561
0.270601403
0.327466915
0.333349554
0.317662517
0.311779877
0.338251754
0.353938792
0.369625829
0.357860551
0.36766495
0.359821431
0.386293307
0.400019465
0.394136826
0.434334861
0.461787177
0.455904538
0.503149484
0.553703414
0.577479081
0.609098267
0.629258561
0.680792932
0.699053624
0.739741879
0.758308959
0.774302384
0.784229338
0.742928308
0.685940241
0.614000466
0.531888627
0.517672249
0.517672249
0.389602292
0.364601075
0.348546372
0.317417407
0.232854468
0.21986364
0.225501169
0.208527304
0.14412466
0.115937014
0.091671127
0.07549387
0.07549387
0.043139354
0.037746935
0.026962096
0
0
0
0
0.037746935
0.037746935
0.037746935
0.037746935
0.051227983
0.037746935
0.051227983
0.013481048
0.013481048
0.032354516
0.032354516
0.051227983
0.07010145
0.159076368
0.126721853
0.083582499
0.091671127
0.14559532
0.175253626
0.234570238
0.199519513
0.229177819
0.215696771
0.177949836
0.234570238
0.320848946
0.353203462
0.353203462
0.301975479
0.342418623
0.43678596
0.558115394
0.520368459
0.520368459
0.225501169
0.252953485
0.338251754
0.381391108
0.419628263
0.43727618
0.470611136
0.485317734
0.528457088
0.579439961
0.595126999
0.58728348
0.605911837
0.617677116
0.590224799
0.608853157
0.589244359
0.590224799
0.611794476
0.622579315
0.639246793
0.646109872
0.641207672
0.642188112
0.650031631
0.684408304
0.735697564
0.769584017
0.750036497
0.778530531
0.799426156
0.801938533
0.819157508
0.78588383
0.785454888
0.759411954
0.684592136
0.66106158
0.659958585
0.588876694
0.58630304
0.50958362
0.458355637
0.383903485
0.264718764
0.222192185
0.14902686
0.138609686
0.142163781
0.125618858
0.100372531
0.126476743
0.129418062
0.134810482
0.062012822
0.062012822
0.062012822
0.029658306
0.029658306
0.029658306
0.029658306
0.029658306
0.045835564
0.035050725
0.035050725
0.045835564
0.045835564
0.045835564
0.045835564
0.045835564
0.07279766
0.056620402
0.029658306
0.056620402
0.048531773
0.056620402
0.07279766
0.045835564
0.045835564
0.045835564
0.091671127
0.07279766
0.07279766
0.099759756
0.07549387
0.059316612
0.115937014
0.107848385
0.156380159
0.231874028
0.188734674
0.229177819
0.245355076
0.264228544
0.231874028
0.261532334
0.126476743
0.166674777
0.179420495
0.252953485
0.250012166
0.331388675
0.414726063
0.430413101
0.4402175
0.430413101
0.499043892
0.530417967
0.627481514
0.620618435
0.642188112
0.668659989
0.723564621
0.716701542
0.724545061
0.694151425
0.72944726
0.745134298
0.766703975
0.790234532
0.80494113
0.834415603
0.871365931
0.894161158
0.930192323
0.967694148
0.959850629
0.940057999
0.960340849
0.906906876
0.868302056
0.83717309
0.857884883
0.815664691
0.794156291
0.744644078
0.721603741
0.697644242
0.641697892
0.628400677
0.615471126
0.553213194
0.507622741
0.36325297
0.348056152
0.261287224
0.2213343
0.226604164
0.156380159
0.14559532
0.059316612
0.018873467
0.018873467
0
0
0
0
0.032354516
0.053924193
0.037746935
0.037746935
0.045835564
0.045835564
0.045835564
0.018873467
0.018873467
0.018873467
0.035050725
0.016177258
0
0.043139354
0.043139354
0.059316612
0.032354516
0.032354516
0.086278708
0.083582499
0.083582499
0.07279766
0.07279766
0.097063547
0.097063547
0.115937014
0.140202901
0.14829153
0.159076368
0.177949836
0.159076368
0.210304351
0.261532334
0.320848946
0.299279269
0.150987739
0.198048853
0.22059897
0.260797004
0.317662517
0.320603836
0.350997472
0.375508469
0.402960785
0.475513335
0.506887411
0.568655122
0.622579315
0.639246793
0.683366587
0.719642862
0.769645295
0.809843329
0.812784649
0.885337199
0.940241831
0.944163591
0.95298755
0.984361625
1.015735701
1.091719791
1.157041597
1.16892943
1.219422083
1.263664432
1.236212116
1.244484577
1.291239303
1.271507951
1.223588953
1.221015298
1.24393308
1.121316819
1.073581653
0.921307086
0.849060924
0.758308959
0.708367803
0.656281935
0.628707064
0.603093073
0.479680204
0.449286569
0.392175946
0.226113944
0.164713898
0.126476743
0.097063547
0.083582499
0.045835564
0.040443144
0.040443144
0.045835564
0.024265887
0.024265887
0.024265887
0.016177258
0.016177258
0.016177258
0.035050725
0.035050725
0.080886289
0.086278708
0.032354516
0.032354516
0.016177258
0.016177258
0.016177258
0.062012822
0.07549387
0.07549387
0.048531773
0.067405241
0.067405241
0.067405241
0.078190079
0.059316612
0.059316612
0.080886289
0.086278708
0.107848385
0.110544595
0.110544595
0.132114272
0.150987739
0.14559532
0.21839298
0.304671688
0.264228544
0.275013382
0.275013382
0.108828825
0.179420495
0.236286008
0.250992606
0.304916798
0.408843424
0.432373981
0.451982778
0.463748057
0.489239493
0.495122132
0.487278613
0.499043892
0.558850724
0.607872717
0.639246793
0.677483947
0.744153858
0.762782216
0.80788245
0.838276085
0.872591481
0.87651324
0.911809075
0.94808535
1.000048663
1.047845107
1.097908817
1.174076739
1.190315275
1.186332238
1.236028283
1.250060829
1.222485958
1.226775382
1.206124867
1.175302289
1.156857764
1.086449926
1.016287198
0.95102667
0.869527606
0.818789843
0.76780697
0.708122693
0.650705684
0.55186509
0.394320659
0.370116049
0.298972882
0.252218156
0.181810318
0.134810482
0.086278708
0.07010145
0.07010145
0.016177258
0.045835564
0.035050725
0.035050725
0.035050725
0.032354516
0.062012822
0.043139354
0.021569677
0.021569677
0.021569677
0
0
0
0
0
0
0.016177258
0.051227983
0.051227983
0.056620402
0.035050725
0.078190079
0.078190079
0.059316612
0.07549387
0.118633224
0.118633224
0.129418062
0.14289911
0.156380159
0.167164997
0.14289911
0.202215722
0.177949836
0.161772578
0.226481609
0.296583059
0.299279269
0.331633785
0.1451051
0.190205334
0.212755451
0.308838558
0.379430228
0.430413101
0.472572015
0.542183246
0.555909404
0.600029198
0.605911837
0.651012071
0.675523068
0.714740662
0.710818903
0.755919137
0.768664855
0.794156291
0.793175852
0.809843329
0.819647728
0.849060924
0.869650161
0.898082917
0.918672154
0.987548055
1.005931302
1.075787643
1.31746607
1.385913028
1.434383524
1.40515416
1.426540005
1.444616865
1.448232237
1.472498124
1.406931207
1.394982097
1.283150674
1.242339865
1.24123687
1.124319416
0.993798359
0.881476717
0.765478425
0.705120096
0.584464715
0.461235679
0.406882544
0.389418459
0.308838558
0.297747332
0.272317173
0.226481609
0.177949836
0.150987739
0.088974918
0.067405241
0.099759756
0.048531773
0.035050725
0.016177258
0.016177258
0.026962096
0
0
0
0
0
0
0.018873467
0.018873467
0.018873467
0.043139354
0.080886289
0.07010145
0.083582499
0.080886289
0.102455966
0.083582499
0.126721853
0.156380159
0.14829153
0.153683949
0.134810482
0.150987739
0.140202901
0.180646045
0.207608142
0.196823303
0.169861207
0.175253626
0.304671688
0.307367898
0.350507252
0.404431445
0.190205334
0.246090406
0.339232194
0.387273747
0.386293307
0.407862984
0.51473093
0.543163686
0.553948524
0.562772483
0.561792043
0.580420401
0.629442394
0.651012071
0.649051191
0.65689471
0.687288346
0.673562188
0.702975384
0.705916703
0.713760222
0.721603741
0.724545061
0.747095178
0.744153858
0.782329736
0.852615018
0.917446605
0.94857557
0.976701939
0.990857039
1.04435229
1.083876272
1.072356103
1.069047119
1.053911578
1.048335327
1.085775874
1.044168457
0.987793165
0.941222271
0.885704864
0.785454888
0.716333877
0.613265136
0.512402385
0.428452221
0.370422437
0.296583059
0.25626247
0.241923537
0.189715114
0.167164997
0.124025643
0.091671127
0.059316612
0.035050725
0.016177258
0.024265887
0.008088629
0.024265887
0
0.016177258
0.016177258
0.016177258
0.016177258
0.016177258
0.016177258
0.051227983
0.051227983
0.102455966
0.113240805
0.097063547
0.105152176
0.167164997
0.132114272
0.126721853
0.115937014
0.113240805
0.177949836
0.118633224
0.172557416
0.118633224
0.14829153
0.153683949
0.183342255
0.121329433
0.199519513
0.186038465
0.234570238
0.280405802
0.280405802
0.245355076
0.266924754
0.213000561
0.261532334
0.14314422
0.162753018
0.161772578
0.229422929
0.274523162
0.308838558
0.328447355
0.345114833
0.384332427
0.421589142
0.416686943
0.43825662
0.448061019
0.486298174
0.504926531
0.576498641
0.580420401
0.610814036
0.604931397
0.604931397
0.572576882
0.593166119
0.602970518
0.614735796
0.666699109
0.731285585
0.73238858
0.726505941
0.756164247
0.797832941
0.846609824
0.86113259
0.88092522
0.908438813
0.954335654
0.914934227
0.912789515
0.870753156
0.864012632
0.885214644
0.821608608
0.744153858
0.756286802
0.744215136
0.725770611
0.639369348
0.575150536
0.542489633
0.458355637
0.401980345
0.383474543
0.329366517
0.150987739
0.110544595
0.110544595
0.091671127
0.07549387
0.062012822
0.040443144
0.040443144
0.035050725
0
0
0
0.021569677
0.043139354
0.032354516
0.056620402
0.056620402
0.056620402
0.064709031
0.051227983
0.102455966
0.14559532
0.186038465
0.094367337
0.094367337
0.088974918
0.091671127
0.115937014
0.150987739
0.153683949
0.261532334
0.266924754
0.29119064
0.245355076
0.223785399
0.283102011
0.318152737
0.29119064
0.420608702
0.420608702
0.525760878
0.679444827
0.738761439
0.738761439
0.317662517
0.369625829
0.423550022
0.4353153
0.467669816
0.476493775
0.525515768
0.466689376
0.507867851
0.557870284
0.573557322
0.604931397
0.625520634
0.597087878
0.648070751
0.647090312
0.633364153
0.653953391
0.644148992
0.65689471
0.671601308
0.681405707
0.713760222
0.684347026
0.702975384
0.766703975
0.794156291
0.839440358
0.778224144
0.810701214
0.802122365
0.799119768
0.813274869
0.792011579
0.785454888
0.746176015
0.677729057
0.614858351
0.551497425
0.486298174
0.44119794
0.428697331
0.404186335
0.3688905
0.324280486
0.2902102
0.270111183
0.236592395
0.208343472
0.145717875
0.14412466
0.084317828
0.062012822
0.045835564
0.045835564
0.07279766
0.048531773
0.056620402
0.021569677
0.043139354
0.097063547
0.083582499
0.040443144
0.064709031
0.086278708
0.121329433
0.099759756
0.099759756
0.094367337
0.105152176
0.105152176
0.14829153
0.159076368
0.159076368
0.124025643
0.115937014
0.115937014
0.088974918
0.088974918
0.137506691
0.07279766
0.083582499
0.080886289
0.080886289
0.105152176
0.07279766
0.14829153
0.113240805
0.118633224
0.156380159
0.113240805
0.14829153
0.14829153
0.239962657
0.22108919
0.296583059
0.157850818
0.210794571
0.265699204
0.280405802
0.344134393
0.395117266
0.426491342
0.474532895
0.481395974
0.498063452
0.515711369
0.568655122
0.58238128
0.629442394
0.634344593
0.668659989
0.706897143
0.73238858
0.751997377
0.830432566
0.853963123
0.903965556
0.909848196
0.95102667
0.968674588
1.002132098
1.075419978
1.09907309
1.132408045
1.133694872
1.136452359
1.11764017
1.125054746
1.11371841
1.088165696
1.055566071
1.019167241
0.956051424
0.95225222
0.919407484
0.864747962
0.792685632
0.727118716
0.675584345
0.600029198
0.448918904
0.365581515
0.339354749
0.276974262
0.23867583
0.180155825
0.160730861
0.126721853
0.105152176
0.102455966
0.102455966
0.086278708
0.016177258
0.029658306
0.024265887
0.021569677
0.045835564
0.080886289
0.080886289
0.126721853
0.094367337
0.097063547
0.097063547
0.102455966
0.102455966
0.086278708
0.07010145
0.105152176
0.080886289
0.113240805
0.056620402
0.024265887
0.024265887
0.016177258
0.040443144
0.086278708
0.064709031
0.097063547
0.07279766
0.07279766
0.097063547
0.097063547
0.126721853
0.14559532
0.172557416
0.159076368
0.177949836
0.175253626
0.175253626
0.188734674
0.213000561
0.105887506
0.14804642
0.223540289
0.285308001
0.36276275
0.411784744
0.465708936
0.473552455
0.519633129
0.561792043
0.552968084
0.599048758
0.661796909
0.706897143
0.751016937
0.783371453
0.819647728
0.851021804
0.852982683
0.908867756
0.906906876
0.94808535
0.961811508
0.993185584
1.011813942
1.089636356
1.123951751
1.175915064
1.203489935
1.22634644
1.271262841
1.250122106
1.207411695
1.231677581
1.186945013
1.184616468
1.156428822
1.110654536
1.053360081
0.961198734
0.970635467
0.962546838
0.920878144
0.860029595
0.736800559
0.664309287
0.556522179
0.470794968
0.419138043
0.399467968
0.357737996
0.2213343
0.167164997
0.091671127
0.040443144
0.010784839
0.010784839
0.010784839
0.010784839
0.010784839
0.059316612
0.032354516
0.021569677
0.021569677
0.051227983
0.029658306
0.07010145
0.043139354
0.029658306
0.043139354
0.043139354
0.062012822
0.048531773
0.048531773
0.048531773
0.024265887
0.051227983
0.035050725
0.035050725
0.035050725
0.035050725
0.035050725
0.064709031
0.064709031
0.040443144
0.040443144
0.105152176
0.094367337
0.118633224
0.088974918
0.134810482
0.102455966
0.14559532
0.172557416
0.194127093
0.172557416
0.085298268
0.156870379
0.207853252
0.250012166
0.288249321
0.349036592
0.407862984
0.466689376
0.525515768
0.593166119
0.634344593
0.661796909
0.674542628
0.695131865
0.761801776
0.787293212
0.841217405
0.87945456
0.956909309
0.944163591
0.965733268
0.996126904
1.066718574
1.133388485
1.154958162
1.205266983
1.286091994
1.330763285
1.365262513
1.358889654
1.427643
1.438979336
1.454482541
1.443084928
1.414774726
1.424517848
1.381194661
1.370103435
1.299695597
1.213845831
1.147114643
1.091964901
1.052134531
1.018738298
0.979459426
0.829819792
0.686920681
0.595065721
0.519633129
0.427104117
0.360311651
0.276667875
0.191430884
0.14559532
0.097063547
0.097063547
0.102455966
0.083582499
0.102455966
0.102455966
0.083582499
0.059316612
0.080886289
0.107848385
0.140202901
0.137506691
0.156380159
0.172557416
0.159076368
0.159076368
0.14289911
0.129418062
0.094367337
0.094367337
0.064709031
0.083582499
0.086278708
0.035050725
0.043139354
0.048531773
0.048531773
0.048531773
0.107848385
0.126721853
0.102455966
0.080886289
0.118633224
0.118633224
0.134810482
0.153683949
0.126721853
0.129418062
0.164468788
0.105152176
0.113240805
0.14559532
0.082356949
0.110789705
0.150987739
0.189224894
0.263738324
0.29119064
0.334329994
0.389234627
0.451982778
0.487278613
0.522574449
0.596107438
0.628461954
0.642188112
0.668659989
0.693170985
0.726505941
0.767684415
0.817686848
0.857884883
0.880435
0.962791948
1.002989983
1.032403179
1.050051096
1.130263333
1.197852406
1.26323549
1.296631723
1.313850698
1.42494679
1.433341806
1.444187922
1.484447234
1.445045807
1.417899878
1.393205049
1.322123159
1.28131235
1.162556571
1.100053529
1.079831957
1.033383619
0.905068551
0.780920353
0.689249226
0.579807626
0.470794968
0.414235843
0.351732802
0.316559522
0.266128146
0.172557416
0.129418062
0.083582499
0.083582499
0.048531773
0.045835564
0.013481048
0.032354516
0.018873467
0.018873467
0.018873467
0.035050725
0.035050725
0.080886289
0.043139354
0.043139354
0.064709031
0.064709031
0.07279766
0.032354516
0.026962096
0.037746935
0.037746935
0.040443144
0.086278708
0.086278708
0.086278708
0.118633224
0.153683949
0.137506691
0.180646045
0.153683949
0.153683949
0.164468788
0.161772578
0.191430884
0.194127093
0.186038465
0.199519513
0.266924754
0.239962657
0.226481609
0.275013382
0.258836125
0.167655217
0.200990173
0.280405802
0.331388675
0.36374319
0.398058586
0.475513335
0.507867851
0.505906971
0.497083012
0.523554888
0.564733363
0.569635562
0.589244359
0.652972951
0.696112305
0.724545061
0.737290779
0.748075618
0.767684415
0.765723535
0.755919137
0.790234532
0.864747962
0.907887316
0.981297751
1.061081045
1.107222996
1.191234437
1.266238087
1.365630178
1.454482541
1.504484974
1.51508598
1.468944029
1.479116093
1.468698919
1.453624656
1.402641783
1.405705658
1.319672059
1.28204768
1.204225265
0.975844054
0.871365931
0.80714712
0.710206128
0.652421453
0.602970518
0.379368951
0.290822975
0.245048689
0.234570238
0.186038465
0.161772578
0.126721853
0.078190079
0.053924193
0.056620402
0.056620402
0.048531773
0.048531773
0.064709031
0.053924193
0.032354516
0.053924193
0.099759756
0.126721853
0.186038465
0.22108919
0.226481609
0.242658867
0.21839298
0.239962657
0.223785399
0.285798221
0.202215722
0.229177819
0.202215722
0.229177819
0.199519513
0.188734674
0.167164997
0.156380159
0.194127093
0.156380159
0.186038465
0.215696771
0.215696771
0.264228544
0.272317173
0.285798221
0.358595881
0.374773139
0.461051847
0.606647167
0.280405802
0.356880111
0.418647823
0.443158819
0.427471782
0.451982778
0.451002338
0.463748057
0.467669816
0.465708936
0.480415534
0.467669816
0.433354421
0.443158819
0.451982778
0.493161253
0.484337294
0.498063452
0.498063452
0.528457088
0.496102572
0.496102572
0.537281047
0.551007205
0.554928964
0.596904046
0.646354982
0.757941294
0.814990639
0.835150933
0.830432566
0.876635795
0.867689281
0.839501635
0.815725968
0.810701214
0.782391013
0.769461462
0.720623301
0.714250442
0.73140814
0.715843657
0.681283152
0.639124238
0.622089095
0.526005988
0.470366026
0.425388347
0.377469348
0.319071899
0.262512774
0.268763078
0.156380159
0.140202901
0.110544595
0.048531773
0.048531773
0.024265887
0.024265887
0.018873467
0
0.024265887
0.053924193
0.053924193
0.053924193
0.056620402
0.032354516
0.059316612
0.102455966
0.132114272
0.113240805
0.113240805
0.091671127
0.059316612
0.091671127
0.102455966
0.169861207
0.097063547
0.129418062
0.164468788
0.304671688
0.283102011
0.253443705
0.258836125
0.277709592
0.288494431
0.223785399
0.264228544
0.296583059
0.36938072
0.455659428
0.415216283
0.328937575
0.409823864
0.51497604
0.498798782
0.21961853
0.209814131
0.237266448
0.250012166
0.300995039
0.323545156
0.36668451
0.372567149
0.421589142
0.445119699
0.478454655
0.507867851
0.539241926
0.569635562
0.626501074
0.673562188
0.682386147
0.698073185
0.675523068
0.721603741
0.738271219
0.745134298
0.752977817
0.741212539
0.712779783
0.750036497
0.804083245
0.824304817
0.851757134
0.866034789
0.885704864
0.896367147
0.911809075
0.9160985
0.914505285
0.893425828
0.87847412
0.856536778
0.845629384
0.778836918
0.694151425
0.675400513
0.65836537
0.551191037
0.527231538
0.4353153
0.412152409
0.30828706
0.276974262
0.153255007
0.079783294
0.050063711
0.051227983
0.051227983
0.051227983
0.010784839
0
0
0
0
0.029658306
0.029658306
0.029658306
0.029658306
0.032354516
0.029658306
0.056620402
0.07279766
0.045835564
0.080886289
0.121329433
0.086278708
0.086278708
0.053924193
0.053924193
0.134810482
0.156380159
0.177949836
0.191430884
0.175253626
0.202215722
0.213000561
0.194127093
0.229177819
0.156380159
0.156380159
0.180646045
0.188734674
0.186038465
0.14829153
0.159076368
0.245355076
0.229177819
0.315456527
0.337026204
0.350507252
0.1500073
0.167655217
0.224520729
0.272562283
0.320603836
0.356880111
0.381391108
0.428452221
0.43629574
0.470611136
0.525515768
0.542183246
0.590224799
0.688268786
0.744153858
0.773567054
0.844158725
0.901024237
0.915730835
0.94808535
0.935339632
0.94808535
1.002989983
1.003970423
1.011813942
1.101095247
1.17138053
1.216664596
1.305210571
1.286827324
1.246996954
1.252940871
1.232412911
1.191847212
1.20606359
1.176344007
1.154713052
1.099992252
1.02578521
0.976395551
0.87847412
0.814929361
0.73336902
0.651992511
0.617677116
0.569084065
0.479680204
0.406269769
0.372567149
0.331633785
0.301117594
0.260858282
0.215696771
0.097063547
0.107848385
0.091671127
0.005392419
0
0
0
0.018873467
0.035050725
0.064709031
0.035050725
0.051227983
0.048531773
0.048531773
0.035050725
0.035050725
0.043139354
0.043139354
0.062012822
0.094367337
0.062012822
0.043139354
0.037746935
0.043139354
0.053924193
0.059316612
0.059316612
0.07010145
0.045835564
0.102455966
0.107848385
0.14829153
0.164468788
0.169861207
0.140202901
0.161772578
0.14289911
0.164468788
0.199519513
0.226481609
0.239962657
0.237266448
0.275013382
0.152948619
0.166674777
0.21961853
0.269620963
0.299034159
0.356880111
0.400019465
0.475513335
0.525515768
0.574537761
0.610814036
0.625520634
0.66081647
0.665718669
0.666699109
0.679444827
0.715721102
0.797097611
0.810823769
0.864747962
0.988283385
1.032403179
1.051031536
1.072601213
1.091229571
1.230268199
1.272856056
1.335420375
1.39222461
1.407789092
1.420902476
1.420657366
1.488307716
1.528873416
1.545418339
1.490697539
1.468698919
1.364772293
1.332785443
1.259436285
1.196136636
1.108142158
1.09588666
0.980133478
0.80298025
0.646171149
0.626378519
0.520981234
0.451002338
0.364294688
0.321706831
0.274032943
0.229177819
0.199519513
0.177949836
0.177949836
0.202215722
0.186038465
0.150987739
0.150987739
0.080886289
0.062012822
0.043139354
0.035050725
0.097063547
0.059316612
0.080886289
0.091671127
0.064709031
0.086278708
0.086278708
0.086278708
0.110544595
0.105152176
0.062012822
0.021569677
0.021569677
0.021569677
0.021569677
0.021569677
0.021569677
0.045835564
0.07010145
0.086278708
0.086278708
0.043139354
0.043139354
0.043139354
0.062012822
0.080886289
0.080886289
0.062012822
0.134810482
0.161772578
0.234570238
0.280405802
0.169616097
0.214716331
0.238246887
0.282366681
0.344134393
0.374528029
0.425510902
0.453943658
0.455904538
0.457865417
0.452963218
0.43923706
0.417667383
0.409823864
0.409823864
0.649051191
0.699053624
0.715721102
0.759840896
0.771606174
0.80199981
0.843178285
0.867689281
0.910828635
0.933378752
1.02088301
1.065493024
1.065309192
1.137310244
1.177447001
1.207901915
1.193746814
1.216235654
1.237805331
1.250673604
1.202815883
1.218196533
1.167520048
1.137923019
1.130263333
0.988283385
0.960524681
0.818789843
0.810701214
0.725770611
0.725525501
0.651992511
0.647641809
0.531888627
0.447203134
0.373179924
0.316191857
0.250747496
0.261532334
0.231874028
0.169861207
0.169861207
0.156380159
0.153683949
0.094367337
0.037746935
0.062012822
0.064709031
0.048531773
0.032354516
0.045835564
0.048531773
0.048531773
0.064709031
0.078190079
0.053924193
0.053924193
0.059316612
0.016177258
0.016177258
0.021569677
0.062012822
0.056620402
0.07010145
0.053924193
0.056620402
0.032354516
0.032354516
0.07010145
0.078190079
0.113240805
0.134810482
0.113240805
0.172557416
0.264228544
0.226481609
0.275013382
0.312760317
0.304671688
0.277709592
0.450267008
0.188244454
0.237266448
0.276484042
0.36276275
0.431393541
0.487278613
0.545124565
0.556889844
0.549046325
0.643168552
0.718662422
0.695131865
0.712779783
0.738271219
0.763762656
0.810823769
0.847100044
0.844158725
0.883376319
0.903965556
0.946124471
0.95200711
0.979459426
0.986322505
1.002989983
1.11567929
1.215500324
1.234128681
0.930192323
0.972841457
1.015122926
1.009117732
1.002989983
1.000355051
1.016471031
1.019167241
0.955683759
0.93294981
0.891587503
0.870017826
0.764743095
0.758308959
0.735452454
0.712044453
0.639737013
0.480660644
0.377224238
0.341744571
0.296583059
0.263799601
0.223907954
0.194984978
0.140202901
0.124025643
0.083582499
0.083582499
0.083582499
0.048531773
0.083582499
0.094367337
0.113240805
0.051227983
0.107848385
0.048531773
0.048531773
0.064709031
0.056620402
0.035050725
0.053924193
0.053924193
0.07279766
0.056620402
0.099759756
0.080886289
0.080886289
0.110544595
0.110544595
0.118633224
0.150987739
0.115937014
0.078190079
0.14559532
0.153683949
0.134810482
0.110544595
0.186038465
0.210304351
0.229177819
0.207608142
0.231874028
0.229177819
0.242658867
0.269620963
0.248051286
0.339722414
0.43948217
0.179420495
0.215696771
0.247070846
0.350017032
0.36570407
0.434334861
0.450021898
0.50884829
0.507867851
0.553948524
0.542183246
0.572576882
0.58630304
0.595126999
0.606892277
0.632383714
0.635325033
0.653953391
0.682386147
0.673562188
0.65885559
0.676503507
0.692190545
0.694151425
0.7304277
0.834415603
0.91217674
0.982645856
1.038040708
1.089942743
1.106794054
1.143009051
1.197117076
1.22708177
1.236334671
1.267341082
1.252511929
1.199506898
1.069905004
1.014387596
0.998087783
0.944347423
0.852124798
0.761372833
0.705916703
0.646171149
0.572821992
0.535320167
0.451002338
0.396955591
0.342296068
0.316191857
0.280405802
0.256139915
0.199519513
0.169861207
0.169861207
0.113240805
0.094367337
0.086278708
0.07549387
0.037746935
0.018873467
0.018873467
0
0
0.00269621
0.00269621
0.040443144
0.091671127
0.105152176
0.07279766
0.102455966
0.132114272
0.110544595
0.129418062
0.124025643
0.115937014
0.14559532
0.126721853
0.186038465
0.194127093
0.21839298
0.169861207
0.202215722
0.215696771
0.272317173
0.301975479
0.234570238
0.296583059
0.380165558
0.326241365
0.345114833
0.388254187
0.43678596
0.417912493
0.209814131
0.247070846
0.275503602
0.307858118
0.311779877
0.346095273
0.347075713
0.322564716
0.347075713
0.354919231
0.357860551
0.379430228
0.389234627
0.400999905
0.402960785
0.391195507
0.384332427
0.406882544
0.419628263
0.410804304
0.421589142
0.430413101
0.467669816
0.461787177
0.461787177
0.49689918
0.565836358
0.60658589
0.634834813
0.65885559
0.688881561
0.742744476
0.775037714
0.799671266
0.801387035
0.818973675
0.772096394
0.75169099
0.700401729
0.702852829
0.66081647
0.586425595
0.520858679
0.478270822
0.476493775
0.439849835
0.36791006
0.336964926
0.325996255
0.278873864
0.285675666
0.205524707
0.129418062
0.129418062
0.115937014
0.094367337
0.094367337
0.094367337
0.091671127
0.07279766
0.053924193
0.032354516
0.07010145
0.088974918
0.107848385
0.107848385
0.088974918
0.107848385
0.07010145
0.094367337
0.099759756
0.099759756
0.134810482
0.124025643
0.091671127
0.110544595
0.175253626
0.188734674
0.210304351
0.269620963
0.275013382
0.210304351
0.261532334
0.266924754
0.328937575
0.256139915
0.239962657
0.258836125
0.266924754
0.323545156
0.358595881
0.407127654
0.531153297
0.598558538
0.639001683
0.628216844
0.274523162
0.251973046
0.311779877
0.338251754
0.349036592
0.392175946
0.425510902
0.478454655
0.537281047
0.540222366
0.562772483
0.556889844
0.531398407
0.573557322
0.619637995
0.65591427
0.650031631
0.65787515
0.678464387
0.708858023
0.725525501
0.740232099
0.758860456
0.742192978
0.746114738
0.792746909
0.83717309
0.872039983
0.80641179
0.845445552
0.858742768
0.84281062
0.838276085
0.844097447
0.798200606
0.80077426
0.820137948
0.758799179
0.764743095
0.72944726
0.684347026
0.610691481
0.577111416
0.538322764
0.480905754
0.408108094
0.309696443
0.289168483
0.183832475
0.155767384
0.141551006
0.123841811
0.107848385
0.091671127
0.037746935
0.018873467
0.035050725
0.043139354
0.026962096
0.026962096
0
0.048531773
0.018873467
0.032354516
0.018873467
0.045835564
0.056620402
0.056620402
0.029658306
0.035050725
0.056620402
0.035050725
0.035050725
0.035050725
0.035050725
0.051227983
0.078190079
0.078190079
0.094367337
0.07549387
0.059316612
0.094367337
0.059316612
0.045835564
0.067405241
0.067405241
0.064709031
0.043139354
0.080886289
0.110544595
0.102455966
0.140202901
0.164468788
0.150987739
0.239962657
0.307367898
0.152948619
0.166674777
0.205892372
0.242168647
0.308838558
0.336290874
0.346095273
0.383351988
0.4402175
0.449041459
0.505906971
0.547085445
0.549046325
0.567674682
0.578459521
0.615716236
0.647090312
0.674542628
0.692190545
0.677483947
0.714740662
0.745134298
0.772586614
0.790234532
0.812784649
0.83962419
0.903352781
0.943060596
0.987793165
1.021740895
1.059610385
1.06267426
1.064757694
1.067760291
1.032403179
1.024130717
1.015735701
0.95249733
0.887910854
0.845322997
0.845139164
0.814929361
0.754203367
0.649847799
0.588999249
0.553213194
0.449409124
0.437337458
0.421589142
0.361782311
0.270233738
0.27139801
0.202215722
0.115937014
0.07549387
0.040443144
0.010784839
0.010784839
0.032354516
0.045835564
0.07279766
0.07279766
0.097063547
0.115937014
0.132114272
0.080886289
0.080886289
0.091671127
0.059316612
0.059316612
0.026962096
0.026962096
0.026962096
0.043139354
0.056620402
0.056620402
0.056620402
0.056620402
0.056620402
0.07279766
0.043139354
0.056620402
0.062012822
0.07279766
0.091671127
0.115937014
0.126721853
0.110544595
0.124025643
0.118633224
0.118633224
0.164468788
0.164468788
0.14829153
0.22108919
0.275013382
0.127457183
0.157850818
0.209814131
0.225501169
0.303936358
0.329427795
0.355899671
0.418647823
0.428452221
0.455904538
0.50884829
0.555909404
0.58336172
0.629442394
0.641207672
0.677483947
0.687288346
0.693170985
0.725525501
0.778469254
0.80592157
0.847100044
0.87749368
0.910828635
0.904945996
0.98963149
1.079831957
1.127015626
1.16672344
1.208330857
1.20925002
1.237437666
1.220647633
1.214826271
1.199690731
1.192888929
1.173586519
1.087552921
1.038653483
0.955499927
0.898082917
0.770441902
0.718784977
0.64126895
0.547085445
0.46025524
0.426123677
0.413439236
0.379920448
0.389418459
0.386048197
0.34517611
0.261532334
0.186038465
0.132114272
0.118633224
0.126721853
0.124025643
0.062012822
0.07549387
0.078190079
0.035050725
0.035050725
0.07010145
0.07010145
0.091671127
0.115937014
0.105152176
0.118633224
0.053924193
0.078190079
0.078190079
0.078190079
0.07279766
0.056620402
0.064709031
0.056620402
0.062012822
0.126721853
0.137506691
0.126721853
0.099759756
0.088974918
0.07279766
0.067405241
0.110544595
0.097063547
0.078190079
0.07010145
0.059316612
0.059316612
0.113240805
0.153683949
0.188734674
0.280405802
0.396342816
0.172557416
0.232364248
0.237266448
0.286288441
0.309818998
0.378449788
0.43923706
0.480415534
0.522574449
0.557870284
0.601990078
0.609833597
0.635325033
0.648070751
0.668659989
0.675523068
0.72944726
0.755919137
0.775527934
0.793175852
0.777488814
0.795136731
0.794156291
0.845139164
0.852982683
0.87920945
0.949678565
1.002438485
1.058875055
1.046190614
1.048825546
1.024620937
1.010343282
0.98350374
1.002132098
1.027439702
0.971125687
0.872530203
0.865850957
0.858620213
0.813765089
0.76437543
0.69795063
0.632690101
0.505171641
0.421711697
0.358595881
0.298727772
0.267169863
0.25626247
0.21618699
0.202889775
0.199519513
0.186038465
0.14289911
0.105152176
0.045835564
0.064709031
0.013481048
0.013481048
0.013481048
0.013481048
0.013481048
0.029658306
0
0.088974918
0.105152176
0.137506691
0.118633224
0.124025643
0.156380159
0.126721853
0.115937014
0.115937014
0.053924193
0.053924193
0.053924193
0.053924193
0.080886289
0.099759756
0.113240805
0.07549387
0.097063547
0.161772578
0.177949836
0.183342255
0.207608142
0.275013382
0.304671688
0.3639883
0.358595881
0.374773139
0.3639883
0.337026204
0.428697331
0.525760878
0.258836125
0.315701637
0.349036592
0.409823864
0.43727618
0.464728496
0.51473093
0.546105005
0.556889844
0.58826392
0.613755356
0.640227232
0.666699109
0.674542628
0.701994944
0.708858023
0.720623301
0.750036497
0.795136731
0.765723535
0.72846682
0.750036497
0.753958257
0.80101937
0.797097611
0.841707625
0.869159941
0.890668341
0.927741223
0.929089328
0.967939258
0.969655027
0.983871405
0.995759239
1.013284601
0.997658841
0.984851845
1.011139889
0.990857039
0.913708678
0.87847412
0.833128776
0.739619324
0.675584345
0.602235188
0.535075057
0.488994383
0.382371548
0.301485259
0.246212961
0.223907954
0.192350046
0.156380159
0.140202901
0.126721853
0.094367337
0.086278708
0.091671127
0.059316612
0.035050725
0.035050725
0.118633224
0.105152176
0.140202901
0.099759756
0.150987739
0.107848385
0.126721853
0.129418062
0.110544595
0.110544595
0.088974918
0.088974918
0.088974918
0.088974918
0.113240805
0.124025643
0.14289911
0.14559532
0.099759756
0.094367337
0.094367337
0.086278708
0.091671127
0.121329433
0.129418062
0.110544595
0.161772578
0.164468788
0.164468788
0.134810482
0.080886289
0.083582499
0.248051286
0.229177819
0.253443705
0.137261581
0.142163781
0.200990173
0.261777444
0.269620963
0.308838558
0.339232194
0.361782311
0.401980345
0.445119699
0.473552455
0.488259053
0.504926531
0.539241926
0.523554888
0.553948524
0.574537761
0.593166119
0.590224799
0.591205239
0.619637995
0.614735796
0.65983603
0.692190545
0.714740662
0.769829127
0.80077426
0.834783268
0.87871923
0.904639609
0.950413895
0.945695528
0.995636684
1.04018542
1.016471031
1.030748686
0.996862234
0.989815322
1.000048663
0.9327047
0.909848196
0.920081537
0.881292884
0.763517546
0.633119043
0.530540522
0.405166775
0.358473326
0.272072063
0.211039681
0.187876789
0.173905521
0.124025643
0.124025643
0.102455966
0.088974918
0.07010145
0.026962096
0.026962096
0.026962096
0.018873467
0.018873467
0.051227983
0.051227983
0.035050725
0.035050725
0.035050725
0.048531773
0.032354516
0.016177258
0.016177258
0.059316612
0.083582499
0.105152176
0.102455966
0.067405241
0.053924193
0.137506691
0.14559532
0.172557416
0.140202901
0.167164997
0.194127093
0.186038465
0.231874028
0.237266448
0.258836125
0.207608142
0.226481609
0.239962657
0.29119064
0.288494431
0.334329994
0.426001122
0.355899671
0.296583059
0.134320262
0.182361815
0.198048853
0.198048853
0.200990173
0.215696771
0.230403369
0.259816564
0.248051286
0.245109967
0.240207767
0.258836125
0.29315152
0.299034159
0.279425362
0.29217108
0.338251754
0.344134393
0.341193073
0.351977912
0.339232194
0.343153953
0.355899671
0.36668451
0.375508469
0.431270986
0.602235188
0.615900068
0.667924659
0.705181374
0.744153858
0.752610152
0.786802992
0.864012632
0.845997049
0.852063521
0.861316422
0.881415439
0.887910854
0.868118224
0.843178285
0.804818575
0.779204583
0.739925711
0.688268786
0.67791289
0.62172143
0.568777677
0.551497425
0.522574449
0.496715347
0.347811042
0.29119064
0.256139915
0.210304351
0.161772578
0.107848385
0.07010145
0.029658306
0.029658306
0.021569677
0.021569677
0.021569677
0
0.056620402
0.056620402
0.018873467
0.018873467
0.029658306
0.043139354
0.059316612
0.059316612
0.059316612
0.097063547
0.097063547
0.094367337
0.180646045
0.239962657
0.253443705
0.277709592
0.264228544
0.269620963
0.283102011
0.301975479
0.250747496
0.226481609
0.210304351
0.229177819
0.299279269
0.266924754
0.250747496
0.277709592
0.269620963
0.347811042
0.412520074
0.488013943
0.213735891
0.250992606
0.263738324
0.28922976
0.328447355
0.357860551
0.373547589
0.358840991
0.380410668
0.403941225
0.417667383
0.417667383
0.444139259
0.453943658
0.50884829
0.492180813
0.501985211
0.522574449
0.506887411
0.51277005
0.515711369
0.538261486
0.547085445
0.551007205
0.566694243
0.592737176
0.637531023
0.654321056
0.932643422
0.950965392
0.971983572
0.955561204
0.936810292
0.934481747
0.91291207
0.918243212
0.856169113
0.835212211
0.781288018
0.740844874
0.631403274
0.539915979
0.427104117
0.405350607
0.346340383
0.310615605
0.230525924
0.210304351
0.186283575
0.155767384
0.14412466
0.131746607
0.110544595
0.07010145
0.048531773
0.016177258
0.016177258
0.016177258
0.016177258
0.016177258
0.016177258
0
0.026962096
0.043139354
0.016177258
0.016177258
0.029658306
0
0
0
0
0.018873467
0
0
0.021569677
0.037746935
0.029658306
0.016177258
0.029658306
0.043139354
0.032354516
0.048531773
0.067405241
0.078190079
0.124025643
0.194127093
0.124025643
0.105152176
0.159076368
0.175253626
0.199519513
0.288494431
0.239962657
0.345114833
0.444874589
0.444874589
0.188244454
0.21765765
0.253933925
0.272562283
0.308838558
0.415706503
0.470611136
0.550026765
0.600029198
0.633364153
0.652972951
0.665718669
0.662777349
0.678464387
0.695131865
0.723564621
0.737290779
0.778469254
0.787293212
0.768664855
0.817686848
0.80788245
0.839256525
0.862787082
0.864747962
0.917752992
0.980562421
1.022231115
1.046619557
1.074500815
1.112186473
1.126096463
1.16623322
1.165804278
1.163046791
1.136636192
1.106671499
1.06267426
1.020270235
1.006789187
0.988283385
0.905926436
0.837540755
0.862174307
0.679444827
0.53280779
0.393524051
0.325015816
0.311289657
0.228626321
0.193024099
0.173905521
0.110544595
0.083582499
0.102455966
0.067405241
0.032354516
0.021569677
0.021569677
0.021569677
0.07549387
0.086278708
0.097063547
0.059316612
0.056620402
0.086278708
0.045835564
0.062012822
0.062012822
0.062012822
0.07279766
0.043139354
0.043139354
0.026962096
0.026962096
0.037746935
0.037746935
0.029658306
0.051227983
0.113240805
0.099759756
0.086278708
0.14289911
0.167164997
0.150987739
0.150987739
0.150987739
0.161772578
0.167164997
0.161772578
0.175253626
0.113240805
0.169861207
0.140202901
0.159076368
0.234570238
0.1451051
0.181381375
0.231383808
0.263738324
0.329427795
0.379430228
0.423550022
0.465708936
0.494141692
0.524535328
0.517672249
0.538261486
0.564733363
0.598068318
0.653953391
0.672581748
0.704936264
0.717681982
0.741212539
0.780430133
0.829452127
0.838276085
0.862787082
0.87945456
0.859845762
0.936503904
1.007034297
1.081609005
1.107897048
1.138842182
1.182287923
1.207840637
1.211823674
1.231677581
1.215622879
1.204470375
1.17015498
1.201283946
1.178366164
1.05997805
0.954948429
0.944347423
0.862541972
0.776385819
0.73238858
0.666576554
0.612407251
0.547269278
0.495122132
0.389418459
0.259939119
0.252953485
0.215696771
0.07010145
0.037746935
0.029658306
0.043139354
0.056620402
0.026962096
0.026962096
0.032354516
0.056620402
0.07549387
0.043139354
0.091671127
0.118633224
0.091671127
0.115937014
0.115937014
0.115937014
0.067405241
0.067405241
0.040443144
0.040443144
0.040443144
0.037746935
0.037746935
0.051227983
0.059316612
0.080886289
0.062012822
0.045835564
0.056620402
0.07279766
0.07549387
0.07549387
0.14289911
0.132114272
0.14559532
0.156380159
0.161772578
0.202215722
0.237266448
0.237266448
0.210304351
0.272317173
0.131378942
0.150987739
0.21961853
0.22157941
0.253933925
0.297073279
0.36570407
0.426491342
0.461787177
0.484337294
0.500024332
0.500024332
0.498063452
0.528457088
0.568655122
0.593166119
0.58826392
0.635325033
0.669640428
0.686307906
0.723564621
0.767684415
0.778469254
0.80788245
0.850041364
0.952129665
1.022476225
1.083937549
1.118926997
1.131121218
1.106794054
1.143009051
1.126525406
1.174995902
1.137555354
1.159799084
1.152997282
1.09466111
1.084611602
1.033383619
0.994166024
0.899859964
0.810456104
0.769951682
0.73018259
0.680180157
0.540222366
0.432557813
0.350507252
0.351732802
0.275381047
0.192350046
0.177949836
0.159076368
0.099759756
0.053924193
0.053924193
0.016177258
0.016177258
0.016177258
0.021569677
0.037746935
0.048531773
0.07279766
0.102455966
0.078190079
0.053924193
0.097063547
0.097063547
0.080886289
0.080886289
0.056620402
0.105152176
0.110544595
0.086278708
0.086278708
0.080886289
0.029658306
0.016177258
0.016177258
0.037746935
0.040443144
0.040443144
0.086278708
0.129418062
0.150987739
0.137506691
0.053924193
0.088974918
0.053924193
0.097063547
0.097063547
0.115937014
0.169861207
0.215696771
0.245355076
0.131378942
0.155889939
0.170596537
0.21765765
0.233344688
0.2902102
0.29609284
0.336290874
0.400999905
0.423550022
0.43727618
0.453943658
0.463748057
0.494141692
0.496102572
0.491200373
0.492180813
0.501985211
0.50982873
0.560811603
0.573557322
0.613755356
0.618657555
0.642188112
0.65885559
0.742744476
0.822834157
0.869711439
1.340751517
1.376905237
1.402029008
1.412201072
1.420657366
1.386403248
1.365385068
1.308703388
1.305700791
1.304352687
1.266605752
1.240440263
1.184371358
1.132408045
0.962546838
0.860029595
0.853718013
0.775405379
0.703220494
0.5496591
0.416686943
0.371831819
0.319133176
0.25822335
0.250747496
0.196823303
0.172557416
0.14289911
0.102455966
0.07279766
0.048531773
0.026962096
0.026962096
0.059316612
0.059316612
0.07549387
0.091671127
0.094367337
0.078190079
0.097063547
0.07549387
0.07549387
0.040443144
0.07010145
0.051227983
0.07549387
0.062012822
0.078190079
0.102455966
0.102455966
0.07279766
0.056620402
0.080886289
0.110544595
0.107848385
0.140202901
0.14829153
0.156380159
0.134810482
0.14289911
0.14289911
0.199519513
0.121329433
0.202215722
0.22108919
0.237266448
0.199519513
0.301975479
0.112750585
0.176479176
0.199029293
0.22255985
0.28922976
0.349036592
0.382371548
0.380410668
0.400999905
0.425510902
0.413745623
0.461787177
0.460806737
0.499043892
0.526496208
0.542183246
0.559831163
0.556889844
0.576498641
0.546105005
0.548065885
0.572576882
0.564733363
0.570616002
0.58630304
0.682324869
0.723564621
0.773076834
0.850531584
0.87504258
0.931540428
0.940057999
0.995636684
1.0064828
0.992572809
0.999313333
0.993430694
0.964936661
0.966958818
0.921307086
0.903965556
0.855372506
0.847957929
0.737780999
0.630913054
0.612162141
0.528579643
0.520981234
0.492671033
0.371831819
0.29339663
0.268763078
0.215696771
0.118633224
0.105152176
0.105152176
0.064709031
0.029658306
0.018873467
0.018873467
0.018873467
0.018873467
0.043139354
0.024265887
0.083582499
0.064709031
0.07010145
0.059316612
0.067405241
0.037746935
0.018873467
0.040443144
0.040443144
0.078190079
0.07549387
0.159076368
0.258836125
0.210304351
0.199519513
0.159076368
0.159076368
0.256139915
0.299279269
0.312760317
0.304671688
0.304671688
0.304671688
0.355899671
0.396342816
0.388254187
0.452963218
0.485317734
0.401735235
0.539241926
0.544634346
0.560811603
0.247070846
0.272562283
0.2902102
0.334329994
0.355899671
0.374528029
0.385312867
0.403941225
0.391195507
0.413745623
0.421589142
0.429432661
0.415706503
0.418647823
0.4402175
0.446100139
0.471591576
0.464728496
0.462767617
0.465708936
0.456884978
0.456884978
0.475513335
0.487278613
0.479435094
0.494815745
0.525025548
0.547208
0.567429572
0.607382497
0.610691481
0.684959801
0.704446044
0.684775969
0.697828075
0.719704139
0.703465604
0.685940241
0.636060363
0.638266353
0.594146559
0.554071079
0.520858679
0.465402549
0.456639868
0.426246232
0.358595881
0.298727772
0.240207767
0.218576813
0.159566588
0.063238371
0.040443144
0.040443144
0.040443144
0.040443144
0.040443144
0.040443144
0.040443144
0.040443144
0.040443144
0.021569677
0.021569677
0.037746935
0.016177258
0.016177258
0.016177258
0.016177258
0.016177258
0.016177258
0.037746935
0.078190079
0.086278708
0.083582499
0.067405241
0.086278708
0.056620402
0.113240805
0.129418062
0.153683949
0.137506691
0.113240805
0.180646045
0.150987739
0.132114272
0.210304351
0.256139915
0.245355076
0.258836125
0.194127093
0.242658867
0.320848946
0.374773139
0.347811042
0.444874589
0.423304912
0.183342255
0.22157941
0.22157941
0.257855685
0.324525596
0.322564716
0.335310434
0.352958352
0.354919231
0.373547589
0.375508469
0.377469348
0.391195507
0.400019465
0.421589142
0.4353153
0.447080579
0.463748057
0.495122132
0.51080917
0.516691809
0.551007205
0.567674682
0.552968084
0.592185679
0.651073348
0.69378376
0.721848851
0.666699109
0.653708281
0.690229666
0.701872389
0.663267569
0.631158164
0.579930181
0.574108819
0.559340944
0.557992839
0.54598245
0.55088465
0.521594009
0.463074004
0.400019465
0.353877514
0.328692465
0.247132124
0.211897566
0.184016307
0.178930276
0.140693121
0.128682732
0.086952761
0.059316612
0.059316612
0.051227983
0.051227983
0.051227983
0.018873467
0.018873467
0.026962096
0.040443144
0.040443144
0.040443144
0.040443144
0.029658306
0.056620402
0.056620402
0.07010145
0.07279766
0.07279766
0.083582499
0.083582499
0.064709031
0.045835564
0.067405241
0.045835564
0.045835564
0.024265887
0.045835564
0.045835564
0.048531773
0.035050725
0.032354516
0.053924193
0.078190079
0.115937014
0.137506691
0.156380159
0.137506691
0.14289911
0.210304351
0.29388685
0.29119064
0.296583059
0.328937575
0.334329994
0.122554983
0.1451051
0.169616097
0.231383808
0.283347121
0.36570407
0.391195507
0.444139259
0.473552455
0.496102572
0.527476648
0.551987645
0.544144126
0.566694243
0.557870284
0.580420401
0.592185679
0.640227232
0.653953391
0.693170985
0.712779783
0.755919137
0.782391013
0.789254092
0.817686848
0.836499038
0.908867756
0.927925056
0.954703319
0.972841457
0.980072201
0.979520704
1.010343282
1.003418925
0.976640661
0.944715088
0.921368364
0.934726857
0.919162374
0.816828963
0.792195412
0.742131701
0.672949413
0.645558374
0.571351332
0.496531515
0.421466587
0.322625993
0.235305568
0.193453041
0.175008516
0.160730861
0.121329433
0.088974918
0.045835564
0.016177258
0.016177258
0.016177258
0
0.005392419
0.026962096
0.026962096
0.026962096
0.029658306
0.043139354
0.010784839
0.010784839
0.010784839
0.043139354
0.07549387
0.043139354
0.043139354
0.043139354
0.040443144
0.040443144
0.088974918
0.056620402
0.024265887
0.07279766
0.115937014
0.056620402
0.067405241
0.056620402
0.088974918
0.078190079
0.088974918
0.086278708
0.094367337
0.064709031
0.110544595
0.134810482
0.091671127
0.137506691
0.129418062
0.202215722
0.237266448
0.133339822
0.154909499
0.195107533
0.285308001
0.346095273
0.400019465
0.426491342
0.495122132
0.516691809
0.51375049
0.547085445
0.58434216
0.617677116
0.65885559
0.66081647
0.680425267
0.7304277
0.739251659
0.80199981
0.842197845
0.839256525
0.856904443
0.902004677
0.944163591
0.957889749
1.00525725
1.079831957
1.15379389
1.208392135
1.218625476
1.259129898
1.292403576
1.300063262
1.288359261
1.255453248
1.216051821
1.192459987
1.105323394
1.079096627
1.016287198
0.925535233
0.847283877
0.785454888
0.78710938
0.721358631
0.671111088
0.631035609
0.499472834
0.426491342
0.30902239
0.270233738
0.218699368
0.169861207
0.091671127
0.091671127
0.080886289
0.032354516
0.032354516
0
0
0.00269621
0.00269621
0.00269621
0.043139354
0.016177258
0.00269621
0.00269621
0.026962096
0.016177258
0.016177258
0.062012822
0.024265887
0.013481048
0.094367337
0.115937014
0.137506691
0.118633224
0.118633224
0.091671127
0.107848385
0.118633224
0.110544595
0.14829153
0.067405241
0.045835564
0.059316612
0.059316612
0.118633224
0.129418062
0.137506691
0.137506691
0.172557416
0.310064108
0.385557977
0.380165558
0.469140476
0.210794571
0.250012166
0.298053719
0.350997472
0.36864539
0.420608702
0.471591576
0.525515768
0.563752923
0.591205239
0.603950957
0.638266353
0.684347026
0.706897143
0.709838463
0.704936264
0.726505941
0.794156291
0.824549927
0.863767522
0.912789515
0.920633034
0.891219838
0.925535233
0.946124471
0.996923511
1.055566071
1.110715813
1.210843234
1.272672223
1.27665526
1.322000604
1.322123159
1.263848265
1.290503973
1.232596744
1.178733829
1.128425008
1.084611602
0.993491972
0.886317639
0.816951518
0.718784977
0.703465604
0.646354982
0.614429408
0.47735166
0.449286569
0.375018249
0.316559522
0.193024099
0.137016471
0.064709031
0.045835564
0.045835564
0.026962096
0.018873467
0.013481048
0.013481048
0.013481048
0.013481048
0.037746935
0.062012822
0.024265887
0.051227983
0.067405241
0.040443144
0.040443144
0.040443144
0.040443144
0.024265887
0.024265887
0.021569677
0.021569677
0.021569677
0.043139354
0.021569677
0.032354516
0.032354516
0.059316612
0.059316612
0.040443144
0.064709031
0.086278708
0.099759756
0.107848385
0.088974918
0.110544595
0.110544595
0.110544595
0.134810482
0.199519513
0.207608142
0.188734674
0.213000561
0.307367898
0.125496303
0.165694337
0.198048853
0.249031726
0.310799438
0.330408235
0.324525596
0.345114833
0.381391108
0.445119699
0.51080917
0.569635562
0.589244359
0.615716236
0.643168552
0.709838463
0.717681982
0.745134298
0.775527934
0.830432566
0.857884883
0.881415439
0.901024237
0.958870189
0.993185584
1.09588666
1.179101494
1.257414128
0.756164247
0.791398804
0.827736357
0.82448865
0.869159941
0.886991691
0.87626813
0.898389305
0.883621429
0.895631818
0.841952735
0.83962419
0.837295645
0.762353273
0.720868411
0.699176179
0.648560971
0.625765744
0.563507813
0.523371056
0.492671033
0.409517477
0.401490125
0.366255567
0.258836125
0.258836125
0.215696771
0.175253626
0.091671127
0.07279766
0
0.024265887
0.029658306
0.029658306
0.016177258
0.016177258
0.016177258
0.016177258
0.016177258
0.051227983
0.086278708
0.067405241
0.067405241
0.059316612
0.043139354
0.029658306
0.024265887
0.040443144
0.086278708
0.113240805
0.137506691
0.124025643
0.07549387
0.169861207
0.186038465
0.188734674
0.256139915
0.256139915
0.285798221
0.345114833
0.350507252
0.3639883
0.382861768
0.428697331
0.409823864
0.404431445
0.474532895
0.520368459
0.203931492
0.255894805
0.271581843
0.319623396
0.360801871
0.387273747
0.386293307
0.415706503
0.450021898
0.470611136
0.470611136
0.454924098
0.426491342
0.445119699
0.445119699
0.454924098
0.488259053
0.50982873
0.545124565
0.551987645
0.562772483
0.557870284
0.563752923
0.552968084
0.551007205
0.598987481
0.656281935
0.69623486
0.754938697
0.778530531
0.818299623
0.827307414
0.832393446
0.871672318
0.857149553
0.866953951
0.809843329
0.80322536
0.76658142
0.680057602
0.678464387
0.639001683
0.62294698
0.617677116
0.542673466
0.480660644
0.365581515
0.351303859
0.316191857
0.303997636
0.272807393
0.23450896
0.213000561
0.169861207
0.097063547
0.07279766
0.045835564
0.048531773
0.048531773
0.045835564
0.018873467
0.018873467
0.080886289
0.080886289
0.080886289
0.113240805
0.121329433
0.083582499
0.097063547
0.097063547
0.107848385
0.121329433
0.121329433
0.161772578
0.150987739
0.156380159
0.167164997
0.177949836
0.169861207
0.204911932
0.180646045
0.129418062
0.134810482
0.137506691
0.124025643
0.129418062
0.210304351
0.215696771
0.175253626
0.231874028
0.275013382
0.315456527
0.320848946
0.326241365
0.361292091
0.488013943
0.223540289
0.251973046
0.283347121
0.333349554
0.350017032
0.356880111
0.382371548
0.427471782
0.430413101
0.431393541
0.4402175
0.466689376
0.452963218
0.448061019
0.452963218
0.464728496
0.480415534
0.50884829
0.529437528
0.543163686
0.540222366
0.538261486
0.497083012
0.497083012
0.496102572
0.541693026
0.576866306
0.610078707
0.650766961
0.678158
0.73336902
0.779388416
0.788273652
0.770564457
0.798200606
0.797465276
0.796117171
0.785454888
0.775773044
0.750342885
0.721603741
0.663267569
0.58336172
0.519020354
0.476493775
0.46025524
0.381881328
0.36325297
0.348056152
0.25626247
0.200745063
0.205524707
0.14289911
0.110544595
0.056620402
0.056620402
0.056620402
0.032354516
0.053924193
0.040443144
0.008088629
0.008088629
0
0
0
0.018873467
0.043139354
0.045835564
0.053924193
0.029658306
0.005392419
0
0.016177258
0.016177258
0.078190079
0.083582499
0.086278708
0.140202901
0.180646045
0.237266448
0.226481609
0.323545156
0.312760317
0.275013382
0.272317173
0.261532334
0.29119064
0.326241365
0.328937575
0.337026204
0.358595881
0.361292091
0.385557977
0.479925314
0.44217838
0.390950397
0.173537856
0.210794571
0.208833691
0.252953485
0.250992606
0.255894805
0.266679644
0.300014599
0.309818998
0.300014599
0.311779877
0.303936358
0.318642956
0.351977912
0.386293307
0.450021898
0.447080579
0.459826297
0.469630696
0.456884978
0.485317734
0.491200373
0.51277005
0.544144126
0.559831163
0.585445155
0.645251987
0.681099319
0.748810948
0.757941294
0.760331116
0.768113357
0.776508374
0.772096394
0.80298025
0.762720938
0.754938697
0.723258234
0.707755028
0.662961182
0.637285913
0.548004608
0.481273419
0.33028568
0.244864857
0.188183177
0.167655217
0.157728263
0.14461488
0.128131235
0.074635985
0.076413032
0.035050725
0.021569677
0.010784839
0.010784839
0.010784839
0
0
0.026962096
0.026962096
0.064709031
0.064709031
0.102455966
0.102455966
0.126721853
0.126721853
0.115937014
0.088974918
0.099759756
0.07279766
0.091671127
0.091671127
0.07279766
0.053924193
0.07279766
0.088974918
0.07010145
0.07010145
0.07279766
0.091671127
0.067405241
0.091671127
0.140202901
0.191430884
0.161772578
0.186038465
0.242658867
0.285798221
0.280405802
0.253443705
0.269620963
0.337026204
0.29388685
0.353203462
0.372076929
0.154909499
0.190205334
0.29217108
0.36472363
0.401980345
0.430413101
0.433354421
0.429432661
0.451002338
0.456884978
0.501985211
0.51375049
0.546105005
0.565713803
0.619637995
0.643168552
0.678464387
0.676503507
0.677483947
0.699053624
0.73238858
0.737290779
0.754938697
0.73140814
0.748075618
0.81983156
0.883498874
0.919775149
0.959605519
0.958686356
1.019167241
0.98938638
1.035344498
1.030993796
1.032403179
0.994349856
0.945389141
0.877861345
0.858497658
0.83962419
0.73140814
0.67742267
0.629197284
0.540467476
0.518407579
0.442117102
0.409823864
0.411049414
0.352958352
0.298972882
0.262512774
0.205524707
0.199519513
0.199519513
0.126721853
0.094367337
0.024265887
0.026962096
0.026962096
0.026962096
0.048531773
0.037746935
0.037746935
0.037746935
0.059316612
0.105152176
0.113240805
0.124025643
0.097063547
0.094367337
0.059316612
0.097063547
0.107848385
0.137506691
0.134810482
0.107848385
0.099759756
0.088974918
0.110544595
0.126721853
0.202215722
0.188734674
0.169861207
0.169861207
0.191430884
0.226481609
0.21839298
0.320848946
0.431393541
0.399039025
0.417912493
0.496102572
0.525760878
0.601254748
0.80616668
0.838521195
0.330408235
0.348056152
0.36472363
0.388254187
0.403941225
0.397078146
0.415706503
0.413745623
0.410804304
0.422569582
0.407862984
0.406882544
0.400999905
0.419628263
0.409823864
0.414726063
0.405902105
0.421589142
0.421589142
0.432373981
0.448061019
0.468650256
0.490219933
0.504926531
0.524535328
0.548985047
0.576866306
0.611242979
0.643413662
0.694886755
0.723932286
0.739925711
0.745624518
0.713882777
0.734472015
0.729631093
0.633119043
0.637959965
0.593778894
0.571780274
0.551007205
0.511605778
0.495857462
0.501862656
0.443403929
0.394504491
0.379552783
0.360863148
0.348056152
0.251237716
0.234202573
0.197619911
0.188734674
0.167164997
0.153683949
0.080886289
0.080886289
0.048531773
0.048531773
0.010784839
0.010784839
0.021569677
0.021569677
0.021569677
0.016177258
0.026962096
0.026962096
0.010784839
0.010784839
0.021569677
0.010784839
0.078190079
0.040443144
0
0.013481048
0.013481048
0.013481048
0.102455966
0.094367337
0.094367337
0.07010145
0.086278708
0.115937014
0.126721853
0.172557416
0.207608142
0.175253626
0.14559532
0.153683949
0.161772578
0.167164997
0.186038465
0.237266448
0.21839298
0.159076368
0.175253626
0.07451343
0.097063547
0.121574543
0.125496303
0.14608554
0.154909499
0.177459616
0.224520729
0.239227327
0.265699204
0.29217108
0.300995039
0.282366681
0.299034159
0.29315152
0.29315152
0.286288441
0.286288441
0.29609284
0.344134393
0.389234627
0.4353153
0.461787177
0.516691809
0.564733363
0.644823044
0.703710714
0.763762656
0.784351893
0.820995833
0.87626813
0.903414059
0.861806642
0.883927817
0.871488486
0.828900629
0.813274869
0.778346699
0.775773044
0.767439305
0.747095178
0.701688557
0.675032848
0.549046325
0.553703414
0.462522507
0.381881328
0.334575104
0.308838558
0.25626247
0.262512774
0.192350046
0.102455966
0.07010145
0.037746935
0.037746935
0.037746935
0.021569677
0.013481048
0.013481048
0.013481048
0.013481048
0
0.029658306
0.029658306
0.045835564
0.088974918
0.088974918
0.124025643
0.14559532
0.14559532
0.164468788
0.129418062
0.14559532
0.177949836
0.156380159
0.132114272
0.167164997
0.239962657
0.253443705
0.245355076
0.213000561
0.196823303
0.210304351
0.207608142
0.207608142
0.183342255
0.202215722
0.250747496
0.269620963
0.250747496
0.280405802
0.347811042
0.331633785
0.353203462
0.380165558
0.156870379
0.162753018
0.14902686
0.173537856
0.21863809
0.230403369
0.234325128
0.232364248
0.21863809
0.223540289
0.21765765
0.213735891
0.241188207
0.240207767
0.258836125
0.276484042
0.29609284
0.339232194
0.393156386
0.419628263
0.462767617
0.472572015
0.499043892
0.529437528
0.529437528
0.571902829
0.615471126
0.69157777
0.547820775
0.591940569
0.574292651
0.565162305
0.591205239
0.602051355
0.544879455
0.536055497
0.555909404
0.575763311
0.536790827
0.514792207
0.44119794
0.404431445
0.416686943
0.428942441
0.44119794
0.399039025
0.379552783
0.334575104
0.301485259
0.271336733
0.249644501
0.255588418
0.215696771
0.156380159
0.134810482
0.124025643
0.037746935
0.037746935
0.037746935
0.067405241
0.067405241
0.037746935
0.037746935
0.107848385
0.107848385
0.07010145
0.107848385
0.156380159
0.156380159
0.118633224
0.048531773
0.07279766
0.07279766
0.07279766
0.07279766
0.07279766
0.097063547
0.097063547
0.048531773
0.048531773
0.048531773
0.124025643
0.124025643
0.14559532
0.083582499
0.048531773
0.083582499
0.126721853
0.124025643
0.210304351
0.269620963
0.175253626
0.229177819
0.229177819
0.272317173
0.312760317
0.141183341
0.141183341
0.167655217
0.203931492
0.22157941
0.243149087
0.262757884
0.298053719
0.278444922
0.231383808
0.278444922
0.278444922
0.312760317
0.350997472
0.344134393
0.359821431
0.36864539
0.427471782
0.410804304
0.428452221
0.407862984
0.388254187
0.342173513
0.399039025
0.425510902
0.452105333
0.485317734
0.533236732
0.591940569
0.621537598
0.644394102
0.748382005
0.754448477
0.733797962
0.705794148
0.67668734
0.691455215
0.716150045
0.726138276
0.647764364
0.596107438
0.485317734
0.500024332
0.47612611
0.386048197
0.324219208
0.332981889
0.301117594
0.308838558
0.193453041
0.154419279
0.158095928
0.161772578
0.094367337
0.094367337
0.094367337
0.094367337
0.094367337
0.035050725
0.035050725
0
0.045835564
0.045835564
0.045835564
0.045835564
0.045835564
0.045835564
0.105152176
0.105152176
0.105152176
0.105152176
0.105152176
0.105152176
0.188734674
0.280405802
0.14289911
0.086278708
0.086278708
0.188734674
0.188734674
0.188734674
0.188734674
0.188734674
0.253443705
0.253443705
0.334329994
0.307367898
0.388254187
0.388254187
0.471836685
0.444874589
0.315456527
0.339722414
0.479925314
0.455659428
0.407127654
0.207853252
0.21961853
0.230403369
0.263738324
0.255894805
0.269620963
0.271581843
0.29217108
0.332369115
0.347075713
0.36472363
0.409823864
0.434334861
0.414726063
0.426491342
0.444139259
0.450021898
0.464728496
0.492180813
0.538261486
0.556889844
0.520613569
0.501985211
0.51375049
0.559831163
0.554193634
0.588999249
0.638021243
